t_s;ax;ay;az;irq_runs;uptime_us
-269.998062;1.7639999;0.147;0.098;1;1139089618
-269.986091;1.813;0.196;0.196;1;1139101589
-269.975801;1.7639999;0.098;0.244999984;1;1139111879
-269.962222;1.7639999;0.098;0.244999984;1;1139125458
-269.951956;1.7639999;0.147;0.196;1;1139135724
-269.940842;1.7639999;0.098;0.147;1;1139146838
-269.929870;1.813;0.147;0.196;1;1139157810
-269.916335;1.7639999;0.147;0.147;1;1139171345
-269.905391;1.7639999;0.147;0.196;1;1139182289
-269.891792;1.7639999;0.098;0.196;1;1139195888
-269.880362;1.813;0.147;0.196;1;1139207318
-269.868270;1.7639999;0.098;0.244999984;1;1139219410
-269.843629;1.7639999;0.098;0.147;1;1139244051
-269.831632;1.7639999;0.098;0.147;1;1139256048
-269.818677;1.7639999;0.147;0.196;1;1139269003
-269.798671;1.862;0.098;0.147;1;1139289009
-269.787159;1.7639999;0.147;0.196;1;1139300521
-269.774711;1.7639999;0.196;0.196;1;1139312969
-269.763220;1.7639999;0.147;0.196;1;1139324460
-269.750708;1.7639999;0.147;0.196;1;1139336972
-269.739203;1.7639999;0.098;0.196;1;1139348477
-269.715768;1.7639999;0.098;0.196;1;1139371912
-269.702076;1.813;0.098;0.196;1;1139385604
-269.679390;1.7639999;0.147;0.147;1;1139408290
-269.664133;1.7149999;0.147;0.147;1;1139423547
-269.653554;1.7149999;0.147;0.196;1;1139434126
-269.604307;1.813;0.098;0.196;1;1139483373
-269.579726;1.813;0.098;0.147;1;1139507954
-269.568662;1.7639999;0.147;0.196;1;1139519018
-269.553110;1.7639999;0.147;0.147;1;1139534570
-269.543001;1.7639999;0.147;0.147;1;1139544679
-269.531136;1.7639999;0.098;0.196;1;1139556544
-269.507158;1.7639999;0.147;0.147;1;1139580522
-269.481169;1.7639999;0.147;0.147;1;1139606511
-269.465421;1.813;0.098;0.196;1;1139622259
-269.452311;1.7639999;0.098;0.196;1;1139635369
-269.420610;1.7639999;0.147;0.147;1;1139667070
-269.401768;1.7639999;0.098;0.244999984;1;1139685912
-269.389639;1.7639999;0.147;0.147;1;1139698041
-269.376679;1.813;0.147;0.147;1;1139711001
-269.362258;1.7639999;0.147;0.147;1;1139725422
-269.348169;1.813;0.098;0.147;1;1139739511
-269.335997;1.7149999;0.147;0.196;1;1139751683
-269.323791;1.813;0.147;0.196;1;1139763889
-269.301798;1.813;0.098;0.196;1;1139785882
-269.290620;1.7639999;0.147;0.196;1;1139797060
-269.271793;1.7639999;0.147;0.147;1;1139815887
-269.256086;1.7639999;0.147;0.196;1;1139831594
-269.242960;1.7639999;0.147;0.147;1;1139844720
-269.220073;1.7639999;0.147;0.147;1;1139867607
-269.201206;1.7639999;0.098;0.196;1;1139886474
-269.185255;1.813;0.098;0.196;1;1139902425
-269.161714;1.7639999;0.147;0.147;1;1139925966
-269.113118;1.7639999;0.098;0.196;1;1139974562
-269.097886;1.7149999;0.147;0.147;1;1139989794
-269.084635;1.7149999;0.147;0.147;1;1140003045
-269.073706;1.813;0.147;0.147;1;1140013974
-269.057932;1.7639999;0.147;0.098;1;1140029748
-269.046577;1.7639999;0.098;0.196;1;1140041103
-269.035134;1.7639999;0.147;0.147;1;1140052546
-269.021638;1.7639999;0.147;0.147;1;1140066042
-269.005097;1.7639999;0.147;0.147;1;1140082583
-268.990697;1.7149999;0.147;0.196;1;1140096983
-268.978108;1.7639999;0.098;0.196;1;1140109572
-268.967145;1.813;0.147;0.147;1;1140120535
-268.952847;1.813;0.147;0.147;1;1140134833
-268.941869;1.813;0.147;0.147;1;1140145811
-268.930928;1.813;0.098;0.147;1;1140156752
-268.911844;1.7639999;0.098;0.196;1;1140175836
-268.900191;1.7639999;0.147;0.098;1;1140187489
-268.889462;1.813;0.147;0.147;1;1140198218
-268.877493;1.7149999;0.196;0.147;1;1140210187
-268.866640;1.7639999;0.098;0.147;1;1140221040
-268.852344;1.813;0.147;0.196;1;1140235336
-268.811490;1.7149999;0.147;0.196;1;1140276190
-268.798904;1.7639999;0.147;0.196;1;1140288776
-268.787458;1.7639999;0.147;0.244999984;1;1140300222
-268.775032;1.813;0.147;0.147;1;1140312648
-268.764695;1.7639999;0.098;0.147;1;1140322985
-268.750595;1.7639999;0.147;0.196;1;1140337085
-268.711619;1.813;0.098;0.147;1;1140376061
-268.645049;1.813;0.098;0.147;1;1140442631
-268.617327;1.813;0.098;0.147;1;1140470353
-268.592731;1.7639999;0.098;0.196;1;1140494949
-268.578162;1.813;0.098;0.147;1;1140509518
-268.567675;1.7149999;0.147;0.147;1;1140520005
-268.553099;1.7639999;0.098;0.196;1;1140534581
-268.512859;1.7639999;0.147;0.196;1;1140574821
-268.499793;1.813;0.147;0.196;1;1140587887
-268.487340;1.813;0.147;0.098;1;1140600340
-268.474901;1.7639999;0.098;0.196;1;1140612779
-268.458828;1.7149999;0.098;0.244999984;1;1140628852
-268.447771;1.7639999;0.098;0.147;1;1140639909
-268.432200;1.7639999;0.147;0.196;1;1140655480
-268.412898;1.7639999;0.147;0.196;1;1140674782
-268.379758;1.7639999;0.147;0.196;1;1140707922
-268.368828;1.7639999;0.147;0.147;1;1140718852
-268.355782;1.813;0.147;0.147;1;1140731898
-268.344837;1.7639999;0.147;0.196;1;1140742843
-268.333406;1.813;0.098;0.196;1;1140754274
-268.311312;1.7639999;0.196;0.196;1;1140776368
-268.291335;1.7639999;0.098;0.147;1;1140796345
-268.274905;1.7639999;0.098;0.147;1;1140812775
-268.248850;1.813;0.098;0.196;1;1140838830
-268.199655;1.7639999;0.196;0.196;1;1140888025
-268.173722;1.7639999;0.147;0.196;1;1140913958
-268.158184;1.813;0.098;0.196;1;1140929496
-268.147066;1.7149999;0.098;0.147;1;1140940614
-268.135218;1.7149999;0.147;0.147;1;1140952462
-268.108147;1.813;0.098;0.244999984;1;1140979533
-268.097107;1.813;0.098;0.244999984;1;1140990573
-268.084389;1.813;0.147;0.244999984;1;1141003291
-268.071870;1.7639999;0.098;0.196;1;1141015810
-268.045925;1.7639999;0.147;0.098;1;1141041755
-268.034882;1.7149999;0.098;0.147;1;1141052798
-268.012909;1.7639999;0.147;0.147;1;1141074771
-267.992822;1.7639999;0.098;0.147;1;1141094858
-267.981342;1.7639999;0.147;0.196;1;1141106338
-267.968463;1.7149999;0.147;0.244999984;1;1141119217
-267.955521;1.7149999;0.147;0.147;1;1141132159
-267.921779;1.7639999;0.098;0.196;1;1141165901
-267.902919;1.7639999;0.098;0.196;1;1141184761
-267.891864;1.7639999;0.147;0.147;1;1141195816
-267.880970;1.7639999;0.147;0.196;1;1141206710
-267.867262;1.7639999;0.098;0.196;1;1141220418
-267.856683;1.7639999;0.098;0.147;1;1141230997
-267.840943;1.7639999;0.147;0.147;1;1141246737
-267.826286;1.7639999;0.147;0.196;1;1141261394
-267.802911;1.813;0.147;0.196;1;1141284769
-267.760814;1.7639999;0.147;0.196;1;1141326866
-267.744505;1.7639999;0.147;0.147;1;1141343175
-267.714584;1.7149999;0.147;0.147;1;1141373096
-267.703748;1.7149999;0.147;0.147;1;1141383932
-267.685213;1.7639999;0.147;0.196;1;1141402467
-267.673251;1.7639999;0.147;0.196;1;1141414429
-267.661206;1.813;0.098;0.244999984;1;1141426474
-267.647998;1.7639999;0.147;0.196;1;1141439682
-267.634249;1.7149999;0.147;0.196;1;1141453431
-267.621798;1.7639999;0.147;0.196;1;1141465882
-267.610153;1.7639999;0.098;0.196;1;1141477527
-267.597391;1.7639999;0.147;0.147;1;1141490289
-267.584117;1.7149999;0.147;0.098;1;1141503563
-267.573585;1.813;0.098;0.147;1;1141514095
-267.550223;1.813;0.098;0.196;1;1141537457
-267.534960;1.7639999;0.098;0.196;1;1141552720
-267.511792;1.813;0.098;0.196;1;1141575888
-267.482099;1.7149999;0.147;0.147;1;1141605581
-267.471489;1.7639999;0.147;0.196;1;1141616191
-267.455299;1.7149999;0.147;0.147;1;1141632381
-267.428874;1.7639999;0.098;0.147;1;1141658806
-267.411647;1.7639999;0.098;0.147;1;1141676033
-267.392784;1.813;0.098;0.147;1;1141694896
-267.375231;1.7639999;0.147;0.196;1;1141712449
-267.362750;1.7639999;0.147;0.244999984;1;1141724930
-267.351000;1.7149999;0.196;0.196;1;1141736680
-267.339632;1.7639999;0.196;0.196;1;1141748048
-267.319925;1.7149999;0.196;0.147;1;1141767755
-267.279025;1.7149999;0.147;0.147;1;1141808655
-267.249723;1.7639999;0.147;0.196;1;1141837957
-267.236456;1.7639999;0.098;0.147;1;1141851224
-267.211675;1.813;0.147;0.196;1;1141876005
-267.199258;1.7639999;0.147;0.196;1;1141888422
-267.186023;1.7639999;0.147;0.196;1;1141901657
-267.174608;1.862;0.147;0.147;1;1141913072
-267.146961;1.813;0.098;0.196;1;1141940719
-267.134642;1.7639999;0.147;0.244999984;1;1141953038
-267.107352;1.7639999;0.098;0.098;1;1141980328
-267.096694;1.7639999;0.147;0.196;1;1141990986
-267.085165;1.813;0.098;0.196;1;1142002515
-267.074696;1.7639999;0.147;0.196;0;1142012984
-267.059453;1.7639999;0.098;0.147;2;1142028227
-267.048914;1.7639999;0.147;0.196;1;1142038766
-267.036122;1.7149999;0.147;0.147;1;1142051558
-267.005299;1.813;0.147;0.147;1;1142082381
-266.982393;1.7639999;0.147;0.196;1;1142105287
-266.971829;1.7639999;0.098;0.196;1;1142115851
-266.955633;1.7639999;0.098;0.147;1;1142132047
-266.943739;1.813;0.147;0.147;1;1142143941
-266.922871;1.7639999;0.098;0.196;1;1142164809
-266.911719;1.813;0.147;0.196;1;1142175961
-266.891810;1.7639999;0.147;0.196;1;1142195870
-266.879154;1.813;0.147;0.147;1;1142208526
-266.849730;1.862;0.147;0.244999984;1;1142237950
-266.832092;1.7639999;0.147;0.196;1;1142255588
-266.812682;1.7639999;0.147;0.147;1;1142274998
-266.801472;1.7149999;0.098;0.147;1;1142286208
-266.790714;1.7639999;0.147;0.196;1;1142296966
-266.775081;1.862;0.147;0.196;1;1142312599
-266.764813;1.813;0.147;0.196;1;1142322867
-266.751286;1.7639999;0.147;0.196;1;1142336394
-266.740955;1.666;0.196;0.196;1;1142346725
-266.729866;1.7639999;0.147;0.196;1;1142357814
-266.711784;1.7639999;0.147;0.196;1;1142375896
-266.691642;1.813;0.147;0.196;1;1142396038
-266.677110;1.7639999;0.147;0.147;1;1142410570
-266.666514;1.7149999;0.196;0.147;1;1142421166
-266.651584;1.813;0.098;0.147;1;1142436096
-266.639519;1.7639999;0.147;0.147;1;1142448161
-266.627254;1.813;0.147;0.098;1;1142460426
-266.611768;1.813;0.147;0.244999984;1;1142475912
-266.591602;1.7639999;0.147;0.147;1;1142496078
-266.578994;1.7639999;0.147;0.196;1;1142508686
-266.567502;1.7639999;0.098;0.147;1;1142520178
-266.552461;1.7149999;0.147;0.196;1;1142535219
-266.518444;1.7639999;0.196;0.147;1;1142569236
-266.496928;1.7639999;0.147;0.196;1;1142590752
-266.484834;1.813;0.098;0.147;1;1142602846
-266.470192;1.7639999;0.098;0.147;1;1142617488
-266.446269;1.813;0.147;0.147;1;1142641411
-266.435401;1.7639999;0.147;0.147;1;1142652279
-266.415959;1.7639999;0.098;0.147;1;1142671721
-266.401661;1.813;0.098;0.196;1;1142686019
-266.368096;1.7639999;0.147;0.147;1;1142719584
-266.354838;1.7639999;0.147;0.147;1;1142732842
-266.342025;1.7639999;0.147;0.244999984;1;1142745655
-266.321697;1.7639999;0.147;0.196;1;1142765983
-266.310528;1.7639999;0.098;0.196;1;1142777152
-266.294210;1.7149999;0.147;0.196;1;1142793470
-266.282083;1.7639999;0.098;0.147;1;1142805597
-266.269908;1.7639999;0.098;0.147;1;1142817772
-266.242840;1.813;0.098;0.196;1;1142844840
-266.221550;1.7639999;0.147;0.196;1;1142866130
-266.209276;1.813;0.098;0.147;1;1142878404
-266.198647;1.7639999;0.147;0.196;1;1142889033
-266.187472;1.7639999;0.098;0.196;1;1142900208
-266.176423;1.7149999;0.147;0.196;1;1142911257
-266.163133;1.7639999;0.098;0.196;1;1142924547
-266.151280;1.7149999;0.196;0.147;1;1142936400
-266.136637;1.7639999;0.098;0.147;1;1142951043
-266.112938;1.7149999;0.147;0.147;1;1142974742
-266.095993;1.7639999;0.098;0.147;1;1142991687
-266.083104;1.7639999;0.098;0.147;1;1143004576
-266.071736;1.7639999;0.147;0.147;1;1143015944
-266.048918;1.7639999;0.098;0.147;1;1143038762
-266.029984;1.7639999;0.147;0.196;1;1143057696
-266.011583;1.7639999;0.147;0.147;1;1143076097
-265.996644;1.7639999;0.098;0.196;1;1143091036
-265.985021;1.7639999;0.147;0.196;1;1143102659
-265.950699;1.7149999;0.147;0.196;1;1143136981
-265.930816;1.7639999;0.147;0.196;1;1143156864
-265.918933;1.813;0.098;0.147;1;1143168747
-265.901716;1.813;0.098;0.196;1;1143185964
-265.888374;1.7639999;0.147;0.147;1;1143199306
-265.870290;1.7639999;0.147;0.147;1;1143217390
-265.841666;1.7639999;0.098;0.196;1;1143246014
-265.830564;1.7639999;0.098;0.196;1;1143257116
-265.816410;1.7149999;0.147;0.196;1;1143271270
-265.804302;1.813;0.098;0.147;1;1143283378
-265.779963;1.7639999;0.147;0.196;1;1143307717
-265.768137;1.7149999;0.098;0.147;1;1143319543
-265.751889;1.7639999;0.147;0.147;1;1143335791
-265.720606;1.7639999;0.147;0.147;1;1143367074
-265.703693;1.7639999;0.147;0.147;1;1143383987
-265.689461;1.7149999;0.098;0.196;1;1143398219
-265.675987;1.7639999;0.098;0.196;1;1143411693
-265.664798;1.7639999;0.147;0.294;1;1143422882
-265.647431;1.7639999;0.098;0.147;1;1143440249
-265.636901;1.7639999;0.147;0.147;1;1143450779
-265.610015;1.7149999;0.098;0.147;1;1143477665
-265.598781;1.7639999;0.147;0.196;1;1143488899
-265.587675;1.813;0.098;0.147;1;1143500005
-265.576460;1.7639999;0.196;0.147;1;1143511220
-265.565559;1.7639999;0.147;0.196;1;1143522121
-265.553321;1.7639999;0.147;0.196;1;1143534359
-265.510911;1.7639999;0.147;0.196;1;1143576769
-265.443871;1.7639999;0.147;0.049;1;1143643809
-265.432606;1.7639999;0.147;0.147;1;1143655074
-265.409511;1.7639999;0.147;0.196;1;1143678169
-265.394929;1.7149999;0.147;0.147;1;1143692751
-265.381630;1.813;0.098;0.244999984;1;1143706050
-265.367976;1.7639999;0.098;0.196;1;1143719704
-265.356879;1.7639999;0.098;0.196;1;1143730801
-265.342952;1.813;0.147;0.196;1;1143744728
-265.321787;1.7639999;0.147;0.098;1;1143765893
-265.309940;1.813;0.098;0.147;1;1143777740
-265.288495;1.7639999;0.147;0.147;1;1143799185
-265.277155;1.7639999;0.098;0.196;1;1143810525
-265.249429;1.813;0.147;0.196;1;1143838251
-265.237120;1.7149999;0.147;0.196;1;1143850560
-265.221647;1.7639999;0.147;0.147;1;1143866033
-265.209664;1.7639999;0.147;0.147;1;1143878016
-265.195564;1.7149999;0.147;0.196;1;1143892116
-265.182977;1.7639999;0.098;0.244999984;1;1143904703
-265.171932;1.7639999;0.098;0.147;1;1143915748
-265.147943;1.7639999;0.147;0.196;1;1143939737
-265.130756;1.7639999;0.147;0.196;1;1143956924
-265.119714;1.813;0.147;0.196;1;1143967966
-265.108258;1.7639999;0.147;0.196;1;1143979422
-265.097398;1.813;0.196;0.196;1;1143990282
-265.083648;1.7639999;0.147;0.244999984;1;1144004032
-265.041809;1.7639999;0.147;0.147;1;1144045871
-265.002403;1.7639999;0.098;0.147;1;1144085277
-264.980626;1.7149999;0.147;0.196;1;1144107054
-264.969842;1.7639999;0.147;0.147;1;1144117838
-264.956443;1.7639999;0.147;0.147;1;1144131237
-264.945888;1.7639999;0.196;0.196;1;1144141792
-264.934677;1.7639999;0.147;0.196;1;1144153003
-264.924014;1.7639999;0.147;0.244999984;1;1144163666
-264.904803;1.7149999;0.147;0.196;1;1144182877
-264.882388;1.813;0.098;0.244999984;1;1144205292
-264.871872;1.813;0.147;0.196;1;1144215808
-264.860510;1.7149999;0.098;0.196;1;1144227170
-264.849902;1.7639999;0.147;0.147;1;1144237778
-264.836162;1.813;0.098;0.196;1;1144251518
-264.812700;1.7639999;0.147;0.147;1;1144274980
-264.792867;1.7639999;0.147;0.196;1;1144294813
-264.781271;1.7639999;0.147;0.147;1;1144306409
-264.769392;1.7639999;0.147;0.244999984;1;1144318288
-264.752903;1.7639999;0.147;0.196;1;1144334777
-264.732920;1.7639999;0.098;0.196;1;1144354760
-264.721457;1.813;0.049;0.147;1;1144366223
-264.702878;1.813;0.098;0.147;1;1144384802
-264.680827;1.813;0.098;0.147;1;1144406853
-264.667087;1.7639999;0.098;0.147;1;1144420593
-264.650355;1.7639999;0.098;0.196;1;1144437325
-264.639694;1.813;0.098;0.147;1;1144447986
-264.626117;1.7639999;0.147;0.147;1;1144461563
-264.594407;1.7639999;0.098;0.196;1;1144493273
-264.579568;1.7639999;0.098;0.147;1;1144508112
-264.551710;1.7639999;0.098;0.196;1;1144535970
-264.538515;1.813;0.147;0.147;1;1144549165
-264.527593;1.7149999;0.098;0.196;1;1144560087
-264.514962;1.813;0.098;0.196;1;1144572718
-264.492433;1.7639999;0.147;0.147;1;1144595247
-264.481348;1.7639999;0.098;0.244999984;1;1144606332
-264.470638;1.7639999;0.196;0.196;1;1144617042
-264.452389;1.7639999;0.098;0.196;1;1144635291
-264.432878;1.7149999;0.11363184;0.031611204;-0.23963332;1144654802
-264.412817;1.7639999;0.147;0.196;1;1144674863
-264.401535;1.813;0.147;0.147;1;1144686145
-264.382833;1.7639999;0.147;0.147;1;1144704847
-264.371638;1.7639999;0.098;0.147;1;1144716042
-264.343022;1.7639999;0.147;0.147;1;1144744658
-264.325203;1.7639999;0.147;0.196;1;1144762477
-264.313691;1.813;0.147;0.196;1;1144773989
-264.301528;1.7639999;0.147;0.147;1;1144786152
-264.288524;1.7149999;0.147;0.147;1;1144799156
-264.268158;1.7639999;0.098;0.147;1;1144819522
-264.255382;1.7639999;0.098;0.196;1;1144832298
-264.243609;1.7639999;0.147;0.147;1;1144844071
-264.231747;1.7639999;0.147;0.196;1;1144855933
-264.216720;1.7639999;0.098;0.147;1;1144870960
-264.173505;1.7639999;0.147;0.147;1;1144914175
-264.156022;1.7639999;0.147;0.244999984;1;1144931658
-264.134158;1.7639999;0.098;0.196;1;1144953522
-264.107072;1.813;0.147;0.147;1;1144980608
-264.088030;1.7639999;0.098;0.147;1;1144999650
-264.076855;1.813;0.098;0.196;1;1145010825
-264.063461;1.813;0.098;0.196;1;1145024219
-264.051071;1.7639999;0.147;0.147;1;1145036609
-264.035912;1.813;0.147;0.196;1;1145051768
-264.012842;1.7639999;0.196;0.196;1;1145074838
-263.992812;1.813;0.147;0.196;1;1145094868
-263.981878;1.7639999;0.147;0.196;1;1145105802
-263.962831;1.7639999;0.098;0.196;1;1145124849
-263.950318;1.7149999;0.147;0.147;1;1145137362
-263.920890;1.7639999;0.098;0.196;1;1145166790
-263.909809;1.7639999;0.098;0.196;1;1145177871
-263.898894;1.7639999;0.147;0.147;1;1145188786
-263.875938;1.7149999;0.147;0.196;1;1145211742
-263.858844;1.7639999;0.147;0.196;1;1145228836
-263.847721;1.813;0.147;0.196;1;1145239959
-263.836234;1.7639999;0.147;0.196;1;1145251446
-263.808928;1.7639999;0.147;0.196;1;1145278752
-263.797186;1.813;0.098;0.147;1;1145290494
-263.784545;1.813;0.147;0.147;1;1145303135
-263.773982;1.7149999;0.098;0.147;1;1145313698
-263.721948;1.7639999;0.147;0.196;1;1145365732
-263.702695;1.7639999;0.147;0.196;1;1145384985
-263.690762;1.7639999;0.098;0.196;1;1145396918
-263.678170;1.7639999;0.098;0.244999984;1;1145409510
-263.662050;1.813;0.098;0.147;1;1145425630
-263.651745;1.7639999;0.147;0.196;1;1145435935
-263.640736;1.7639999;0.196;0.147;1;1145446944
-263.618561;1.813;0.098;0.147;1;1145469119
-263.607408;1.813;0.147;0.196;1;1145480272
-263.595773;1.7639999;0.147;0.196;1;1145491907
-263.583021;1.813;0.098;0.147;1;1145504659
-263.561533;1.813;0.098;0.147;1;1145526147
-263.548553;1.7639999;0.147;0.196;1;1145539127
-263.534243;1.7639999;0.098;0.147;1;1145553437
-263.522474;1.813;0.147;0.196;1;1145565206
-263.504732;1.7639999;0.147;0.147;1;1145582948
-263.481577;1.7639999;0.098;0.147;1;1145606103
-263.469823;1.7149999;0.196;0.196;1;1145617857
-263.449039;1.813;0.147;0.196;1;1145638641
-263.436484;1.7639999;0.147;0.098;1;1145651196
-263.410050;1.7639999;0.147;0.196;1;1145677630
-263.398617;1.813;0.147;0.196;1;1145689063
-263.387547;1.813;0.196;0.147;1;1145700133
-263.375169;1.7639999;0.147;0.147;1;1145712511
-263.364292;1.7639999;0.147;0.196;1;1145723388
-263.351331;1.7639999;0.147;0.244999984;1;1145736349
-263.340228;1.7639999;0.196;0.196;1;1145747452
-263.328013;1.7149999;0.098;0.196;1;1145759667
-263.308060;1.813;0.098;0.196;1;1145779620
-263.266415;1.7639999;0.147;0.147;1;1145821265
-263.251994;1.7639999;0.147;0.147;1;1145835686
-263.228996;1.7639999;0.147;0.147;1;1145858684
-263.217478;1.7149999;0.098;0.147;1;1145870202
-263.206374;1.7639999;0.147;0.196;1;1145881306
-263.180737;1.7639999;0.147;0.244999984;1;1145906943
-263.167119;1.7639999;0.147;0.196;1;1145920561
-263.149292;1.7639999;0.147;0.196;1;1145938388
-263.138101;1.813;0.098;0.196;1;1145949579
-263.114854;1.813;0.196;0.196;1;1145972826
-263.103753;1.7149999;0.147;0.147;1;1145983927
-263.077270;1.7639999;0.098;0.196;1;1146010410
-263.066855;1.7639999;0.098;0.196;1;1146020825
-263.053363;1.813;0.147;0.244999984;1;1146034317
-263.042759;1.7639999;0.098;0.147;1;1146044921
-263.031241;1.7639999;0.098;0.196;1;1146056439
-263.007417;1.813;0.147;0.147;1;1146080263
-262.995664;1.7639999;0.196;0.196;1;1146092016
-262.983059;1.7149999;0.098;0.196;1;1146104621
-262.972432;1.7639999;0.147;0.147;1;1146115248
-262.955405;1.813;0.147;0.147;1;1146132275
-262.936673;1.813;0.098;0.196;1;1146151007
-262.924611;1.7639999;0.147;0.244999984;1;1146163069
-262.910286;1.7639999;0.098;0.196;1;1146177394
-262.891062;1.7639999;0.147;0.196;1;1146196618
-262.880549;1.7639999;0.098;0.147;1;1146207131
-262.868883;1.7149999;0.196;0.196;1;1146218797
-262.830552;1.813;0.098;0.147;1;1146257128
-262.812022;1.7639999;0.147;0.147;1;1146275658
-262.791149;1.7149999;0.147;0.147;1;1146296531
-262.780020;1.7639999;0.098;0.196;1;1146307660
-262.768165;1.7639999;0.147;0.147;1;1146319515
-262.752741;1.813;0.196;0.147;1;1146334939
-262.741013;1.7639999;0.098;0.196;1;1146346667
-262.729885;1.7149999;0.147;0.196;1;1146357795
-262.718721;1.7149999;0.147;0.147;1;1146368959
-262.706637;1.813;0.147;0.196;1;1146381043
-262.688579;1.7639999;0.147;0.196;1;1146399101
-262.677849;1.813;0.147;0.147;1;1146409831
-262.665018;1.7639999;0.147;0.147;1;1146422662
-262.640568;1.813;0.098;0.196;1;1146447112
-262.629748;1.7639999;0.196;0.196;1;1146457932
-262.616282;1.7149999;0.147;0.244999984;1;1146471398
-262.602826;1.7639999;0.147;0.147;1;1146484854
-262.578864;1.7639999;0.147;0.196;1;1146508816
-262.567736;1.7639999;0.147;0.196;1;1146519944
-262.556857;1.7639999;0.098;0.196;1;1146530823
-262.544986;1.813;0.147;0.196;1;1146542694
-262.530155;1.813;0.147;0.147;1;1146557525
-262.517963;1.7639999;0.147;0.196;1;1146569717
-262.501090;1.7149999;0.147;0.196;1;1146586590
-262.489480;1.7639999;0.098;0.196;1;1146598200
-262.477366;1.813;0.147;0.196;1;1146610314
-262.465828;1.7149999;0.147;0.196;1;1146621852
-262.448407;1.7149999;0.098;0.244999984;1;1146639273
-262.436283;1.7639999;0.147;0.196;1;1146651397
-262.401177;1.7639999;0.147;0.196;1;1146686503
-262.375389;1.813;0.098;0.147;1;1146712291
-262.347635;1.813;0.098;0.196;1;1146740045
-262.336856;1.813;0.147;0.098;1;1146750824
-262.312831;1.7639999;0.098;0.196;1;1146774849
-262.301821;1.7149999;0.147;0.244999984;1;1146785859
-262.289124;1.813;0.049;0.196;1;1146798556
-262.278584;1.862;0.147;0.147;1;1146809096
-262.267779;1.7639999;0.147;0.196;1;1146819901
-262.252370;1.813;0.098;0.147;1;1146835310
-262.232281;1.7149999;0.147;0.147;1;1146855399
-262.217392;1.7149999;0.147;0.147;1;1146870288
-262.204633;1.7639999;0.147;0.147;1;1146883047
-262.179155;1.7639999;0.147;0.196;1;1146908525
-262.168842;1.7639999;0.098;0.196;1;1146918838
-262.156062;1.7639999;0.196;0.147;1;1146931618
-262.144613;1.813;0.147;0.196;1;1146943067
-262.130926;1.7149999;0.147;0.244999984;1;1146956754
-262.119824;1.7149999;0.147;0.147;1;1146967856
-262.106935;1.7639999;0.147;0.244999984;1;1146980745
-262.080919;1.813;0.147;0.147;1;1147006761
-262.069622;1.7639999;0.147;0.147;1;1147018058
-262.047770;1.813;0.147;0.147;1;1147039910
-262.034874;1.7639999;0.147;0.196;1;1147052806
-262.011758;1.813;0.147;0.147;1;1147075922
-261.979859;1.7639999;0.147;0.147;1;1147107821
-261.960220;1.7149999;0.147;0.196;1;1147127460
-261.938903;1.7149999;0.147;0.196;1;1147148777
-261.911204;1.7639999;0.098;0.147;1;1147176476
-261.899845;1.813;0.147;0.196;1;1147187835
-261.885545;1.813;0.098;0.147;1;1147202135
-261.873322;1.7639999;0.098;0.098;1;1147214358
-261.856145;1.7639999;0.147;0.098;1;1147231535
-261.845846;1.7639999;0.098;0.196;1;1147241834
-261.834423;1.7639999;0.098;0.147;1;1147253257
-261.821929;1.7639999;0.147;0.196;1;1147265751
-261.802804;1.7639999;0.147;0.196;1;1147284876
-261.784274;1.7639999;0.147;0.196;1;1147303406
-261.772232;1.7639999;0.147;0.147;1;1147315448
-261.755889;1.7639999;0.098;0.147;1;1147331791
-261.732861;1.7149999;0.147;0.147;1;1147354819
-261.721428;1.7639999;0.147;0.147;1;1147366252
-261.710354;1.7639999;0.147;0.147;1;1147377326
-261.692761;1.7149999;0.147;0.147;1;1147394919
-261.679659;1.7639999;0.147;0.147;1;1147408021
-261.666959;1.7639999;0.147;0.196;1;1147420721
-261.653338;1.7639999;0.147;0.196;1;1147434342
-261.639357;1.7149999;0.147;0.244999984;1;1147448323
-261.622878;1.7149999;0.147;0.196;1;1147464802
-261.596548;1.7639999;0.147;0.147;1;1147491132
-261.585710;1.7639999;0.098;0.098;1;1147501970
-261.571299;1.7639999;0.147;0.147;1;1147516381
-261.534283;1.813;0.098;0.147;1;1147553397
-261.522053;1.7149999;0.147;0.147;1;1147565627
-261.510549;1.7639999;0.147;0.244999984;1;1147577131
-261.499626;1.7639999;0.147;0.147;1;1147588054
-261.487195;1.813;0.147;0.244999984;1;1147600485
-261.475712;1.813;0.098;0.196;1;1147611968
-261.463138;1.813;0.098;0.196;1;1147624542
-261.446370;1.7639999;0.147;0.147;1;1147641310
-261.435724;1.7149999;0.147;0.147;1;1147651956
-261.412917;1.813;0.098;0.147;1;1147674763
-261.401782;1.7639999;0.196;0.147;1;1147685898
-261.390791;1.7639999;0.098;0.147;1;1147696889
-261.379586;1.7639999;0.098;0.196;1;1147708094
-261.368937;1.7149999;0.196;0.196;1;1147718743
-261.352441;1.7639999;0.147;0.196;1;1147735239
-261.321971;1.7639999;0.098;0.196;1;1147765709
-261.310827;1.7639999;0.098;0.196;1;1147776853
-261.299218;1.813;0.147;0.147;1;1147788462
-261.288120;1.7639999;0.147;0.147;1;1147799560
-261.275713;1.813;0.098;0.098;1;1147811967
-261.247956;1.813;0.147;0.147;1;1147839724
-261.234428;1.7639999;0.196;0.196;1;1147853252
-261.221568;1.813;0.098;0.196;1;1147866112
-261.184879;1.7639999;0.147;0.244999984;1;1147902801
-261.172110;1.7639999;0.147;0.147;1;1147915570
-261.160893;1.7639999;0.147;0.196;1;1147926787
-261.144790;1.7639999;0.098;0.147;1;1147942890
-261.115019;1.7639999;0.147;0.196;1;1147972661
-261.098505;1.7639999;0.147;0.196;1;1147989175
-261.083694;1.7639999;0.147;0.147;1;1148003986
-261.072440;1.813;0.147;0.147;1;1148015240
-261.054744;1.813;0.147;0.196;1;1148032936
-261.041194;1.7639999;0.147;0.196;1;1148046486
-261.030547;1.813;0.147;0.196;1;1148057133
-261.011832;1.7149999;0.098;0.244999984;1;1148075848
-260.999019;1.7639999;0.147;0.147;1;1148088661
-260.984821;1.7639999;0.147;0.098;1;1148102859
-260.972035;1.7639999;0.147;0.196;1;1148115645
-260.957820;1.813;0.098;0.244999984;1;1148129860
-260.942850;1.7639999;0.098;0.147;1;1148144830
-260.931608;1.813;0.098;0.147;1;1148156072
-260.919260;1.813;0.147;0.147;1;1148168420
-260.905669;1.7149999;0.196;0.147;1;1148182011
-260.894725;1.7639999;0.147;0.147;1;1148192955
-260.883753;1.7639999;0.147;0.244999984;1;1148203927
-260.872753;1.7639999;0.196;0.196;1;1148214927
-260.861262;1.7639999;0.147;0.196;1;1148226418
-260.837012;1.7639999;0.098;0.294;1;1148250668
-260.812880;1.7639999;0.098;0.147;1;1148274800
-260.801108;1.7639999;0.098;0.196;1;1148286572
-260.790795;1.7639999;0.147;0.147;1;1148296885
-260.779974;1.813;0.098;0.098;1;1148307706
-260.768801;1.7639999;0.147;0.098;1;1148318879
-260.754115;1.7639999;0.147;0.196;1;1148333565
-260.712860;1.7639999;0.147;0.196;1;1148374820
-260.701228;1.7639999;0.147;0.244999984;1;1148386452
-260.668285;1.7639999;0.098;0.147;1;1148419395
-260.655685;1.7149999;0.147;0.196;1;1148431995
-260.638351;1.7639999;0.098;0.196;1;1148449329
-260.625109;1.7639999;0.147;0.147;1;1148462571
-260.613514;1.7149999;0.147;0.196;1;1148474166
-260.592852;1.813;0.147;0.196;1;1148494828
-260.581595;1.7639999;0.098;0.196;1;1148506085
-260.568031;1.813;0.147;0.196;1;1148519649
-260.554802;1.813;0.098;0.244999984;1;1148532878
-260.544001;1.813;0.098;0.196;1;1148543679
-260.525796;1.7639999;0.098;0.147;1;1148561884
-260.513547;1.7639999;0.147;0.196;1;1148574133
-260.481844;1.7639999;0.098;0.147;1;1148605836
-260.468040;1.7639999;0.098;0.196;1;1148619640
-260.448189;1.7639999;0.147;0.147;1;1148639491
-260.435516;1.7149999;0.147;0.196;1;1148652164
-260.423511;1.813;0.147;0.196;1;1148664169
-260.412122;1.7639999;0.098;0.196;1;1148675558
-260.401939;1.7639999;0.147;0.196;1;1148685741
-260.390409;1.7149999;0.147;0.196;1;1148697271
-260.378030;1.7149999;0.098;0.147;1;1148709650
-260.364492;1.813;0.147;0.147;1;1148723188
-260.352495;1.7639999;0.147;0.098;1;1148735185
-260.340830;1.7639999;0.098;0.147;1;1148746850
-260.329766;1.7639999;0.098;0.196;1;1148757914
-260.311678;1.7639999;0.098;0.147;1;1148776002
-260.299197;1.7639999;0.049;0.196;1;1148788483
-260.288116;1.7639999;0.147;0.196;1;1148799564
-260.277174;1.813;0.147;0.244999984;1;1148810506
-260.266239;1.7639999;0.147;0.147;1;1148821441
-260.222060;1.7639999;0.147;0.196;1;1148865620
-260.197906;1.813;0.098;0.196;1;1148889774
-260.184815;1.813;0.147;0.147;1;1148902865
-260.173181;1.813;0.196;0.196;1;1148914499
-260.162384;1.7639999;0.147;0.244999984;1;1148925296
-260.149830;1.7149999;0.147;0.196;1;1148937850
-260.136505;1.7639999;0.147;0.196;1;1148951175
-260.124065;1.7639999;0.147;0.196;1;1148963615
-260.112762;1.813;0.147;0.196;1;1148974918
-260.101730;1.813;0.147;0.147;1;1148985950
-260.076933;1.7639999;0.147;0.147;1;1149010747
-260.063438;1.7639999;0.098;0.196;1;1149024242
-260.052556;1.7639999;0.147;0.196;1;1149035124
-260.037533;1.7639999;0.147;0.196;1;1149050147
-260.023136;1.7639999;0.147;0.147;1;1149064544
-260.012240;1.7639999;0.147;0.196;1;1149075440
-259.996046;1.7639999;0.147;0.196;1;1149091634
-259.981580;1.813;0.147;0.147;1;1149106100
-259.962845;1.7149999;0.196;0.196;1;1149124835
-259.950796;1.7639999;0.147;0.196;1;1149136884
-259.931418;1.7639999;0.147;0.196;1;1149156262
-259.905636;1.813;0.049;0.196;1;1149182044
-259.893206;1.813;0.049;0.196;1;1149194474
-259.881192;1.813;0.098;0.196;1;1149206488
-259.867976;1.7639999;0.147;0.196;1;1149219704
-259.856777;1.7639999;0.098;0.147;1;1149230903
-259.820054;1.813;0.098;0.244999984;1;1149267626
-259.808645;1.7639999;0.147;0.196;1;1149279035
-259.778516;1.813;0.147;0.196;1;1149309164
-259.767875;1.813;0.098;0.196;1;1149319805
-259.744111;1.813;0.147;0.196;1;1149343569
-259.717775;1.7639999;0.098;0.244999984;1;1149369905
-259.704756;1.7639999;0.098;0.147;1;1149382924
-259.677695;1.7639999;0.098;0.196;1;1149409985
-259.666701;1.813;0.147;0.196;1;1149420979
-259.655470;1.7639999;0.147;0.196;1;1149432210
-259.644880;1.7639999;0.147;0.196;1;1149442800
-259.632613;1.7639999;0.098;0.147;1;1149455067
-259.611749;1.7149999;0.147;0.147;1;1149475931
-259.600576;1.7149999;0.147;0.196;1;1149487104
-259.579960;1.7639999;0.147;0.196;1;1149507720
-259.567484;1.7639999;0.147;0.196;1;1149520196
-259.549262;1.7639999;0.147;0.147;1;1149538418
-259.538881;1.7639999;0.147;0.196;1;1149548799
-259.526839;1.813;0.147;0.244999984;1;1149560841
-259.516047;1.813;0.098;0.147;1;1149571633
-259.504777;1.7639999;0.147;0.147;1;1149582903
-259.493942;1.813;0.147;0.147;1;1149593738
-259.481971;1.7639999;0.196;0.098;1;1149605709
-259.469867;1.7639999;0.098;0.147;1;1149617813
-259.455039;1.813;0.098;0.196;1;1149632641
-259.443834;1.7149999;0.147;0.196;1;1149643846
-259.427886;1.7639999;0.098;0.196;1;1149659794
-259.395077;1.7639999;0.098;0.147;1;1149692603
-259.380395;1.7639999;0.147;0.196;1;1149707285
-259.351730;1.7639999;0.147;0.196;1;1149735950
-259.340090;1.7149999;0.147;0.196;1;1149747590
-259.328781;1.7639999;0.147;0.196;1;1149758899
-259.315453;1.7149999;0.147;0.098;1;1149772227
-259.304702;1.813;0.098;0.196;1;1149782978
-259.281110;1.813;0.098;0.196;1;1149806570
-259.269999;1.7149999;0.147;0.244999984;1;1149817681
-259.242566;1.7639999;0.098;0.147;1;1149845114
-259.231786;1.7639999;0.147;0.196;1;1149855894
-259.219097;1.7639999;0.147;0.196;1;1149868583
-259.207085;1.7639999;0.098;0.196;1;1149880595
-259.180946;1.813;0.098;0.098;1;1149906734
-259.169562;1.7639999;0.147;0.098;1;1149918118
-259.142255;1.7639999;0.147;0.196;1;1149945425
-259.131149;1.7639999;0.098;0.147;1;1149956531
-259.119009;1.7639999;0.147;0.244999984;1;1149968671
-259.105668;1.7639999;0.098;0.196;1;1149982012
-259.094819;1.7639999;0.147;0.196;1;1149992861
-259.080146;1.7639999;0.147;0.196;1;1150007534
-259.069981;1.7639999;0.147;0.196;1;1150017699
-259.054971;1.813;0.098;0.147;1;1150032709
-259.043911;1.813;0.147;0.147;1;1150043769
-259.032918;1.7639999;0.098;0.147;1;1150054762
-258.981709;1.7149999;0.098;0.196;1;1150105971
-258.966209;1.813;0.049;0.147;1;1150121471
-258.953786;1.813;0.147;0.196;1;1150133894
-258.941496;1.7149999;0.147;0.147;1;1150146184
-258.930992;1.7639999;0.098;0.196;1;1150156688
-258.919662;1.7149999;0.147;0.147;1;1150168018
-258.907254;1.813;0.147;0.196;1;1150180426
-258.893796;1.7639999;0.098;0.196;1;1150193884
-258.880608;1.7639999;0.147;0.196;1;1150207072
-258.867650;1.7639999;0.147;0.196;1;1150220030
-258.850476;1.7149999;0.147;0.196;1;1150237204
-258.839702;1.7639999;0.147;0.147;1;1150247978
-258.817389;1.7639999;0.098;0.147;1;1150270291
-258.801614;1.813;0.098;0.098;1;1150286066
-258.778513;1.7639999;0.147;0.147;1;1150309167
-258.762886;1.7639999;0.098;0.196;1;1150324794
-258.750933;1.7639999;0.147;0.196;1;1150336747
-258.737213;1.7639999;0.098;0.196;1;1150350467
-258.718095;1.7639999;0.147;0.244999984;1;1150369585
-258.706604;1.7639999;0.147;0.147;1;1150381076
-258.691418;1.7639999;0.147;0.147;1;1150396262
-258.680672;1.7149999;0.147;0.098;1;1150407008
-258.669122;1.7639999;0.147;0.196;1;1150418558
-258.646428;1.7639999;0.196;0.147;1;1150441252
-258.635467;1.7639999;0.147;0.147;1;1150452213
-258.622365;1.7149999;0.147;0.244999984;1;1150465315
-258.612029;1.7639999;0.196;0.196;1;1150475651
-258.550673;1.7149999;0.098;0.147;1;1150537007
-258.538533;1.7639999;0.098;0.196;1;1150549147
-258.525633;1.813;0.147;0.196;1;1150562047
-258.509071;1.7639999;0.147;0.147;1;1150578609
-258.498370;1.7639999;0.098;0.196;1;1150589310
-258.486769;1.7639999;0.147;0.196;1;1150600911
-258.475893;1.7639999;0.098;0.196;1;1150611787
-258.464272;1.7639999;0.098;0.196;1;1150623408
-258.449613;1.813;0.098;0.196;1;1150638067
-258.434583;1.7639999;0.147;0.147;1;1150653097
-258.411828;1.7639999;0.147;0.196;1;1150675852
-258.400381;1.7639999;0.098;0.147;1;1150687299
-258.386576;1.813;0.147;0.147;1;1150701104
-258.375819;1.7639999;0.147;0.147;1;1150711861
-258.364037;1.7639999;0.196;0.147;1;1150723643
-258.352855;1.813;0.098;0.196;1;1150734825
-258.335920;1.7639999;0.147;0.098;1;1150751760
-258.322805;1.813;0.147;0.147;1;1150764875
-258.302842;1.7639999;0.196;0.147;1;1150784838
-258.289198;1.7639999;0.147;0.294;1;1150798482
-258.278958;1.7639999;0.049;0.196;1;1150808722
-258.265931;1.7639999;0.098;0.147;1;1150821749
-258.254773;1.813;0.098;0.147;1;1150832907
-258.241520;1.813;0.098;0.147;1;1150846160
-258.229858;1.7639999;0.196;0.196;1;1150857822
-258.218899;1.813;0.147;0.196;1;1150868781
-258.200160;1.7639999;0.147;0.196;1;1150887520
-258.188785;1.7639999;0.147;0.147;1;1150898895
-258.177467;1.7639999;0.098;0.196;1;1150910213
-258.139136;1.862;0.098;0.244999984;1;1150948544
-258.120498;1.7639999;0.196;0.147;1;1150967182
-258.109144;1.7639999;0.147;0.147;1;1150978536
-258.096833;1.813;0.147;0.147;1;1150990847
-258.085863;1.7639999;0.147;0.147;1;1151001817
-258.074234;1.7639999;0.147;0.147;1;1151013446
-258.063804;1.7639999;0.098;0.147;1;1151023876
-258.046803;1.7639999;0.098;0.147;1;1151040877
-258.025477;1.7639999;0.098;0.147;1;1151062203
-258.011273;1.7639999;0.147;0.147;1;1151076407
-257.997829;1.813;0.147;018;-0.24371218;1151089851
-257.986569;1.7639999;0.147;0.196;1;1151101111
-257.975850;1.7639999;0.098;0.147;1;1151111830
-257.964216;1.7149999;0.147;0.196;1;1151123464
-257.952260;1.7639999;0.147;0.196;1;1151135420
-257.941754;1.813;0.098;0.196;1;1151145926
-257.927122;1.7639999;0.147;0.147;1;1151160558
-257.909802;1.7639999;0.196;0.196;1;1151177878
-257.886065;1.813;0.147;0.147;1;1151201615
-257.873871;1.7149999;0.147;0.147;1;1151213809
-257.851788;1.813;0.147;0.196;1;1151235892
-257.820643;1.7639999;0.098;0.196;1;1151267037
-257.801724;1.7639999;0.098;0.147;1;1151285956
-257.789826;1.7149999;0.147;0.147;1;1151297854
-257.778583;1.7639999;0.147;0.196;1;1151309097
-257.761010;1.7639999;0.147;0.147;1;1151326670
-257.725479;1.813;0.147;0.196;1;1151362201
-257.713853;1.7149999;0.147;0.196;1;1151373827
-257.700969;1.813;0.147;0.147;1;1151386711
-257.689334;1.813;0.147;0.196;1;1151398346
-257.677491;1.813;0.098;0.196;1;1151410189
-257.664715;1.813;0.147;0.196;1;1151422965
-257.650744;1.7639999;0.098;0.147;1;1151436936
-257.639914;1.813;0.098;0.147;1;1151447766
-257.628760;1.7639999;0.098;0.244999984;1;1151458920
-257.612904;1.7149999;0.147;0.147;1;1151474776
-257.601627;1.7639999;0.147;0.147;1;1151486053
-257.577948;1.7639999;0.196;0.196;1;1151509732
-257.564032;1.813;0.098;0.147;1;1151523648
-257.537776;1.7639999;0.098;0.196;1;1151549904
-257.512486;1.7639999;0.196;0.196;1;1151575194
-257.489838;1.813;0.147;0.147;1;1151597842
-257.478279;1.7639999;0.098;0.196;1;1151609401
-257.467412;1.7639999;0.098;0.196;1;1151620268
-257.450771;1.7149999;0.196;0.196;1;1151636909
-257.433857;1.7639999;0.098;0.196;1;1151653823
-257.415255;1.7639999;0.098;0.098;1;1151672425
-257.402420;1.7639999;0.147;0.196;1;1151685260
-257.376707;1.7639999;0.098;0.244999984;1;1151710973
-257.361631;1.7149999;0.147;0.244999984;1;1151726049
-257.349254;1.7639999;0.147;0.244999984;1;1151738426
-257.336144;1.7149999;0.147;0.196;1;1151751536
-257.325973;1.7639999;;0.02;1;1151761707
-257.286650;1.7639999;0.147;0.196;1;1151801030
-257.272210;1.813;0.098;0.147;1;1151815470
-257.257558;1.813;0.098;0.147;1;1151830122
-257.246852;1.7639999;0.196;0.196;1;1151840828
-257.234407;1.813;0.147;0.147;1;1151853273
-257.222580;1.7149999;0.147;0.147;1;1151865100
-257.211700;1.813;0.147;0.147;1;1151875980
-257.191817;1.7639999;0.098;0.147;1;1151895863
-257.179968;1.7639999;0.147;0.196;1;1151907712
-257.164060;;840;377;4247;1151923620
-257.153603;1.7639999;0.098;0.147;1;1151934077
-257.138648;1.7639999;0.098;0.244999984;1;1151949032
-257.127354;1.7639999;0.049;0.196;1;1151960326
-257.115704;1.7639999;0.098;0.196;1;1151971976
-257.104882;1.7639999;0.147;0.196;1;1151982798
-257.080722;1.813;0.098;0.147;1;1152006958
-257.064345;1.7639999;0.147;0.196;1;1152023335
-257.052990;1.813;0.147;0.196;1;1152034690
-257.041753;1.7639999;0.098;0.196;1;1152045927
-257.030784;1.7639999;0.147;0.147;1;1152056896
-257.015876;1.7639999;0.147;0.147;1;1152071804
-257.003928;1.7639999;0.147;0.196;1;1152083752
-256.972836;1.7639999;0.147;0.147;1;1152114844
-256.957780;1.7639999;0.147;0.147;1;1152129900
-256.938232;1.7639999;0.098;0.147;1;1152149448
-256.913193;1.7639999;0.147;0.196;1;1152174487
-256.902917;1.813;0.147;0.196;1;1152184763
-256.887337;1.813;0.098;0.147;1;1152200343
-256.857407;1.7149999;0.147;0.147;1;1152230273
-256.834137;1.7639999;0.098;0.196;1;1152253543
-256.821674;1.813;0.098;0.196;1;1152266006
-256.801634;1.813;0.098;0.147;1;1152286046
-256.789406;1.7639999;0.098;0.196;1;1152298274
-256.775217;1.813;0.147;0.196;1;1152312463
-256.764912;1.813;0.147;0.147;1;1152322768
-256.747813;1.7639999;0.098;0.196;1;1152339867
-256.734078;1.7639999;0.147;0.196;1;1152353602
-256.710178;1.7639999;0.147;0.147;1;1152377502
-256.700019;1.7639999;0.196;0.196;1;1152387661
-256.682250;1.7639999;0.147;0.147;1;1152405430
-256.670059;1.7639999;0.098;0.147;1;1152417621
-256.658776;1.7639999;0.147;0.147;1;1152428904
-256.647412;1.7639999;0.147;0.196;1;1152440268
-256.635268;1.7639999;0.147;0.196;1;1152452412
-256.611762;1.813;0.098;0.196;1;1152475918
-256.578838;1.7639999;0.147;0.147;1;1152508842
-256.567397;1.7639999;0.147;0.147;1;1152520283
-256.551503;1.7639999;0.147;0.196;1;1152536177
-256.531753;1.7639999;0.147;0.147;1;1152555927
-256.519272;1.7639999;0.147;0.147;1;1152568408
-256.498642;1.7149999;0.147;0.196;1;1152589038
-256.472565;1.7639999;0.098;0.244999984;1;1152615115
-256.461792;1.7149999;0.147;0.147;1;1152625888
-256.448752;1.7639999;0.147;0.147;1;1152638928
-256.404623;1.7639999;0.098;0.147;1;1152683057
-256.381348;1.7639999;0.098;0.196;1;1152706332
-256.367752;1.813;0.098;0.147;1;1152719928
-256.344335;1.7639999;0.147;0.147;1;1152743345
-256.333508;1.7639999;0.147;0.147;1;1152754172
-256.322158;1.7639999;0.098;0.147;1;1152765522
-256.301827;1.7149999;0.196;0.196;1;1152785853
-256.287593;1.813;0.098;0.196;1;1152800087
-256.273699;1.7639999;0.147;0.244999984;1;1152813981
-256.262532;1.7149999;0.098;0.147;1;1152825148
-256.250611;1.7639999;0.098;0.147;1;1152837069
-256.239962;1.7639999;0.147;0.196;1;1152847718
-256.211315;1.7639999;0.098;0.196;1;1152876365
-256.200517;1.7639999;0.147;0.098;1;1152887163
-256.186924;1.7639999;0.147;0.147;1;1152900756
-256.173156;1.7639999;0.147;0.147;1;1152914524
-256.146719;1.7639999;0.098;0.196;1;1152940961
-256.134227;1.7149999;0.196;0.147;1;1152953453
-256.123744;1.813;0.098;0.147;1;1152963936
-256.106046;1.7639999;0.147;0.147;1;1152981634
-256.094857;1.7639999;0.098;0.147;1;1152992823
-256.079165;1.813;0.147;0.196;1;1153008515
-256.068495;1.7639999;0.147;0.147;1;1153019185
-256.054229;1.7639999;0.147;0.147;1;1153033451
-256.043931;1.7639999;0.147;0.147;1;1153043749
-256.032840;1.7639999;0.147;0.147;1;1153054840
-256.021186;1.7639999;0.147;0.147;1;1153066494
-255.989106;1.7149999;0.147;0.147;1;1153098574
-255.976249;1.813;0.098;0.147;1;1153111431
-255.960302;1.7639999;;0.02;1;1153127378
-255.949438;1.7639999;0.147;0.147;1;1153138242
-255.938567;1.7639999;0.147;0.147;1;1153149113
-255.913818;1.813;0.098;0.196;1;1153173862
-255.891724;1.7149999;0.147;0.147;1;1153195956
-255.878332;1.7149999;0.098;0.196;1;1153209348
-255.864838;1.7639999;0.098;0.147;1;1153222842
-255.850581;1.813;0.098;0.196;1;1153237099
-255.839660;1.7639999;0.098;0.196;1;1153248020
-255.825187;1.813;0.147;0.147;1;1153262493
-255.803180;1.813;0.098;0.196;1;1153284500
-255.777107;1.7639999;0.098;0.147;1;1153310573
-255.751918;1.813;0.098;0.196;1;1153335762
-255.738038;1.7639999;0.147;0.196;1;1153349642
-255.707128;1.7639999;0.098;0.147;1;1153380552
-255.681187;1.7639999;0.147;0.147;1;1153406493
-255.669127;1.7639999;0.196;0.147;1;1153418553
-255.658829;1.7639999;;0.02;1;1153428851
-255.647801;1.7639999;0.147;0.147;1;1153439879
-255.634560;1.7149999;0.147;0.244999984;1;1153453120
-255.621828;1.7639999;0.098;0.196;1;1153465852
-255.605765;1.813;0.147;0.196;1;1153481915
-255.578205;1.7639999;0.147;0.196;1;1153509475
-255.554608;1.7639999;0.147;0.098;1;1153533072
-255.534634;1.7639999;0.196;0.147;1;1153553046
-255.511749;1.7149999;0.147;0.147;1;1153575931
-255.491621;1.7639999;0.147;0.147;1;1153596059
-255.479227;1.813;0.147;0.147;1;1153608453
-255.468065;1.7149999;0.147;0.196;1;1153619615
-255.453170;1.7639999;0.098;0.196;1;1153634510
-255.442526;1.7639999;0.098;0.244999984;1;1153645154
-255.430204;1.7149999;0.147;0.147;1;1153657476
-255.411667;1.7639999;0.147;0.147;1;1153676013
-255.399812;1.813;0.147;0.147;1;1153687868
-255.381669;1.813;0.147;0.147;1;1153706011
-255.369712;1.813;0.147;0.147;1;1153717968
-255.356248;1.7639999;0.147;0.196;1;1153731432
-255.344549;1.813;0.147;0.147;1;1153743131
-255.333087;1.7639999;0.147;0.147;1;1153754593
-255.311534;1.7639999;0.196;0.147;1;1153776146
-255.299413;1.813;0.147;0.196;1;1153788267
-255.288250;1.813;0.147;0.196;1;1153799430
-255.277498;1.7639999;0.147;0.147;1;1153810182
-255.265183;1.7149999;0.098;0.147;1;1153822497
-255.251471;1.813;0.098;0.196;1;1153836209
-255.240838;1.7639999;0.196;0.196;1;1153846842
-255.229750;1.7639999;0.147;0.147;1;1153857930
-255.211815;1.7639999;0.147;0.147;1;1153875865
-255.200657;1.7639999;0.147;0.244999984;1;1153887023
-255.187266;1.7639999;0.098;0.196;1;1153900414
-255.176644;1.7639999;0.147;0.147;1;1153911036
-255.165179;1.7149999;0.147;0.147;1;1153922501
-255.106834;1.7639999;0.196;0.147;1;1153980846
-255.093962;1.7639999;0.147;0.147;1;1153993718
-255.081068;1.7639999;0.098;0.196;1;1154006612
-255.067834;1.7149999;0.147;0.196;1;1154019846
-255.051040;1.7639999;0.147;0.147;1;1154036640
-255.037888;1.7639999;0.147;0.196;1;1154049792
-255.021728;1.7639999;0.147;0.196;1;1154065952
-255.004936;1.813;0.098;0.147;1;1154082744
-254.981012;1.7149999;0.098;0.196;1;1154106668
-254.960414;1.7639999;0.147;0.147;1;1154127266
-254.947701;1.7639999;0.098;0.196;1;1154139979
-254.933711;1.7639999;0.147;0.196;1;1154153969
-254.911702;1.7639999;0.098;0.196;1;1154175978
-254.899215;1.7639999;0.147;0.196;1;1154188465
-254.879978;1.7149999;0.147;0.147;1;1154207702
-254.867239;1.813;0.196;0.098;1;1154220441
-254.854159;1.7149999;0.147;0.196;1;1154233521
-254.843972;1.7149999;0.147;0.196;0;1154243708
-254.826662;1.7639999;0.098;0.196;1;1154261018
-254.813518;1.813;0.147;0.196;1;1154274162
-254.800127;1.813;0.147;0.147;1;1154287553
-254.789838;1.7639999;0.147;0.196;1;1154297842
-254.778162;1.7639999;0.098;0.196;1;1154309518
-254.767887;1.7639999;0.196;0.147;1;1154319793
-254.752236;1.813;0.147;0.147;1;1154335444
-254.732882;1.7149999;0.147;0.098;1;1154354798
-254.697625;1.813;0.098;0.196;1;1154390055
-254.667550;1.7639999;0.098;0.196;1;1154420130
-254.649136;1.813;0.098;0.147;1;1154438544
-254.627496;1.813;0.098;0.147;1;1154460184
-254.612727;1.813;0.147;0.147;1;1154474953
-254.598091;1.7639999;0.147;0.244999984;1;1154489589
-254.575428;1.7639999;0.147;0.147;1;1154512252
-254.564900;1.7639999;0.147;0.147;1;1154522780
-254.551692;1.813;0.147;0.147;1;1154535988
-254.539732;1.7149999;0.147;0.147;1;1154547948
-254.522902;1.7639999;0.147;0.147;1;1154564778
-254.506097;1.7639999;0.098;0.147;1;1154581583
-254.495091;1.7639999;0.098;0.147;1;1154592589
-254.482345;1.7639999;0.098;0.147;1;1154605335
-254.471511;1.7639999;0.098;0.196;1;1154616169
-254.456581;1.813;0.147;0.147;1;1154631099
-254.432844;1.7639999;0.098;0.147;1;1154654836
-254.412842;1.7639999;0.196;0.196;1;1154674838
-254.401836;1.7639999;0.196;0.196;1;1154685844
-254.389145;1.7639999;0.147;0.196;1;1154698535
-254.374070;1.7639999;0.147;0.147;1;1154713610
-254.357421;1.813;0.098;0.147;1;1154730259
-254.346763;1.813;0.147;0.196;1;1154740917
-254.334645;1.7149999;0.147;0.244999984;1;1154753035
-254.312835;1.7149999;0.147;0.196;1;1154774845
-254.301639;1.7639999;0.147;0.147;1;1154786041
-254.290852;1.7639999;0.147;0.196;1;1154796828
-254.279304;1.7639999;0.098;0.147;1;1154808376
-254.268979;1.813;0.147;0.196;1;1154818701
-254.254294;1.813;0.147;0.196;1;1154833386
-254.243992;1.7639999;0.147;0.098;1;1154843688
-254.210093;1.7639999;0.098;0.196;1;1154877587
-254.198072;1.7639999;0.147;0.196;1;1154889608
-254.176791;1.7639999;0.098;0.098;1;1154910889
-254.163521;1.7639999;0.147;0.147;1;1154924159
-254.151241;1.7639999;0.147;0.147;1;1154936439
-254.138950;1.7639999;0.098;0.196;1;1154948730
-254.127463;1.813;0.196;0.196;1;1154960217
-254.113964;1.7639999;0.147;0.147;1;1154973716
-254.102748;1.7639999;0.147;0.196;1;1154984932
-254.081430;1.813;0.098;0.147;1;1155006250
-254.070129;1.7639999;0.147;0.147;1;1155017551
-254.047886;1.813;0.098;0.147;1;1155039794
-254.035554;1.7639999;0.196;0.147;1;1155052126
-254.011707;1.7639999;0.147;0.147;1;1155075973
-253.978559;1.7639999;0.098;0.147;1;1155109121
-253.952986;1.813;0.098;0.196;1;1155134694
-253.920524;1.7639999;0.196;0.147;1;1155167156
-253.909440;1.7639999;0.196;0.196;1;1155178240
-253.892160;1.7639999;0.147;0.147;1;1155195520
-253.879321;1.7639999;0.147;0.147;1;1155208359
-253.866208;1.7639999;0.147;0.147;1;1155221472
-253.852120;1.813;0.098;0.196;1;1155235560
-253.840877;1.813;0.098;0.196;1;1155246803
-253.829038;1.7639999;0.098;0.147;1;1155258642
-253.811688;1.813;0.098;0.147;1;1155275992
-253.792079;1.7149999;0.147;0.147;1;1155295601
-253.759453;1.7639999;0.147;0.147;1;1155328227
-253.719611;1.7639999;0.147;0.147;1;1155368069
-253.701756;1.813;0.098;0.196;1;1155385924
-253.690016;1.813;0.049;0.196;1;1155397664
-253.679687;1.7639999;0.098;0.147;1;1155407993
-253.667875;1.7639999;0.098;0.196;1;1155419805
-253.651731;1.7639999;0.147;0.196;1;1155435949
-253.635746;1.7639999;0.147;0.147;1;1155451934
-253.620598;1.7639999;0.147;0.196;1;1155467082
-253.609138;1.7639999;0.147;0.098;1;1155478542
-253.583449;1.7639999;0.147;0.196;1;1155504231
-253.571206;1.7149999;0.098;0.147;1;1155516474
-253.548262;1.813;0.147;0.147;1;1155539418
-253.511722;1.7639999;0.098;0.196;1;1155575958
-253.498396;1.7639999;0.147;0.244999984;1;1155589284
-253.485425;1.7639999;0.098;0.196;1;1155602255
-253.474257;1.813;0.147;0.196;1;1155613423
-253.463020;1.7149999;0.098;0.147;1;1155624660
-253.450296;1.7639999;0.196;0.147;1;1155637384
-253.437974;1.7639999;0.147;0.147;1;1155649706
-253.411376;1.7639999;0.147;0.196;1;1155676304
-253.399968;1.813;0.098;0.147;1;1155687712
-253.388141;1.7639999;0.147;0.098;1;1155699539
-253.371095;1.7639999;0.098;0.147;1;1155716585
-253.334709;1.7639999;0.098;0.196;1;1155752971
-253.322769;1.7639999;0.098;0.147;1;1155764911
-253.308432;1.7639999;0.098;0.147;1;1155779248
-253.289999;1.813;0.196;0.147;1;1155797681
-253.278400;1.7639999;0.196;0.147;1;1155809280
-253.258113;1.7639999;0.147;0.147;1;1155829567
-253.247738;1.7149999;0.098;0.196;1;1155839942
-253.227417;1.666;0.147;0.147;1;1155860263
-253.216335;1.7639999;0.098;0.196;1;1155871345
-253.171626;1.7639999;0.098;0.244999984;1;1155916054
-253.150990;1.7639999;0.147;0.147;1;1155936690
-253.134025;1.813;0.147;0.147;1;1155953655
-253.122430;1.7639999;0.147;0.196;1;1155965250
-253.101911;1.7149999;0.147;0.147;1;1155985769
-253.081645;1.7639999;0.147;0.196;1;1156006035
-253.070394;1.813;0.098;0.147;1;1156017286
-253.051646;1.7149999;0.098;0.196;1;1156036034
-253.039708;1.813;0.147;0.196;1;1156047972
-253.006612;1.7639999;0.147;0.147;1;1156081068
-252.982523;1.7639999;0.098;0.196;1;1156105157
-252.971100;1.7639999;0.147;0.147;1;1156116580
-252.948575;1.813;0.147;0.244999984;1;1156139105
-252.911526;1.7639999;0.147;0.147;1;1156176154
-252.852966;1.7639999;0.147;0.196;1;1156234714
-252.839725;1.7149999;0.098;0.147;1;1156247955
-252.828577;1.813;0.098;0.196;1;1156259103
-252.811166;1.813;0.098;0.147;1;1156276514
-252.799942;1.7639999;0.098;0.147;1;1156287738
-252.787157;1.7639999;0.098;0.196;1;1156300523
-252.770356;1.7639999;0.147;0.196;1;1156317324
-252.747372;1.7149999;0.147;0.196;1;1156340308
-252.736908;1.7639999;0.098;0.244999984;1;1156350772
-252.717823;1.7639999;0.147;0.147;1;1156369857
-252.700007;1.7639999;0.049;0.196;1;1156387673
-252.682129;1.7149999;0.147;0.196;1;1156405551
-252.671851;1.7639999;0.147;0.147;1;1156415829
-252.648369;1.7149999;0.098;0.147;1;1156439311
-252.633438;1.7639999;0.147;0.196;1;1156454242
-252.610897;1.7639999;0.098;0.147;1;1156476783
-252.591572;1.7639999;0.147;0.196;1;1156496108
-252.576920;1.7149999;0.098;0.196;1;1156510760
-252.565750;1.7639999;0.147;0.147;1;1156521930
-252.550932;1.7149999;0.147;0.196;1;1156536748
-252.539820;1.7149999;0.147;0.147;1;1156547860
-252.528679;1.813;0.147;0.196;1;1156559001
-252.514211;1.7639999;0.147;0.147;1;1156573469
-252.503482;1.7639999;0.147;0.196;1;1156584198
-252.479475;1.7639999;0.098;0.147;1;1156608205
-252.468066;1.7639999;0.147;0.196;1;1156619614
-252.454309;1.7639999;0.147;0.147;1;1156633371
-252.443676;1.813;0.147;0.196;1;1156644004
-252.427611;1.7639999;0.196;0.196;1;1156660069
-252.399724;1.7639999;0.147;0.196;1;1156687956
-252.379626;1.813;0.098;0.098;1;1156708054
-252.358306;1.7639999;0.147;0.147;1;1156729374
-252.347894;1.7639999;0.098;0.196;1;1156739786
-252.316932;1.813;0.098;0.196;1;1156770748
-252.302908;1.813;0.098;0.244999984;1;1156784772
-252.291002;1.7639999;0.147;0.147;1;1156796678
-252.277297;1.7639999;0.098;0.196;1;1156810383
-252.266370;1.7639999;0.098;0.196;1;1156821310
-252.250391;1.813;0.147;0.098;1;1156837289
-252.239271;1.7639999;0.147;0.196;1;1156848409
-252.221694;1.7639999;0.049;0.196;1;1156865986
-252.208481;1.7639999;0.147;0.196;1;1156879199
-252.197484;1.7639999;0.098;0.147;1;1156890196
-252.182678;1.813;0.098;0.244999984;1;1156905002
-252.159760;1.7639999;0.147;0.196;1;1156927920
-252.142585;1.7149999;0.147;0.147;1;1156945095
-252.117417;1.7149999;0.098;0.196;1;1156970263
-252.103573;1.7639999;0.147;0.147;1;1156984107
-252.080079;1.7149999;0.147;0.196;1;1157007601
-252.069749;1.7639999;0.147;0.244999984;1;1157017931
-252.054887;1.7639999;0.147;0.147;1;1157032793
-252.043842;1.7639999;0.147;0.244999984;1;1157043838
-252.031253;1.7639999;0.098;0.196;1;1157056427
-252.020964;1.7639999;0.147;0.196;1;1157066716
-252.009795;1.7639999;0.098;0.147;1;1157077885
-251.996907;1.7639999;0.147;0.196;1;1157090773
-251.953194;1.813;0.147;0.196;1;1157134486
-251.929704;1.813;0.147;0.196;1;1157157976
-251.918785;1.813;0.098;0.098;1;1157168895
-251.907243;1.7639999;0.098;0.244999984;1;1157180437
-251.891756;1.7639999;0.098;0.196;1;1157195924
-251.880010;1.7639999;0.098;0.147;1;1157207670
-251.858140;1.813;0.147;0.147;1;1157229540
-251.847808;1.7639999;0.147;0.147;1;1157239872
-251.827703;1.7639999;0.147;0.244999984;1;1157259977
-251.816107;1.813;0.098;0.196;1;1157271573
-251.804141;1.7149999;0.147;0.147;1;1157283539
-251.790075;1.7639999;0.147;0.196;1;1157297605
-251.778259;1.7639999;0.098;0.196;1;1157309421
-251.767614;1.7639999;0.098;0.147;1;1157320066
-251.752649;1.7639999;0.147;0.147;1;1157335031
-251.731578;1.813;0.098;0.147;1;1157356102
-251.717904;1.7639999;0.147;0.196;1;1157369776
-251.684423;1.813;0.098;0.147;1;1157403257
-251.671419;1.7639999;0.147;0.147;1;1157416261
-251.648171;1.7639999;0.147;0.196;1;1157439509
-251.637495;1.7639999;0.147;0.196;1;1157450185
-251.623060;1.7639999;0.147;0.147;1;1157464620
-251.611803;1.813;0.147;0.147;1;1157475877
-251.600982;1.7639999;0.196;0.196;1;1157486698
-251.581267;1.7639999;0.147;0.147;1;1157506413
-251.570457;1.7639999;0.196;0.147;1;1157517223
-251.546256;1.7639999;0.098;0.196;1;1157541424
-251.535613;1.7149999;0.147;0.196;1;1157552067
-251.522784;1.7149999;0.147;0.196;1;1157564896
-251.468475;1.7149999;0.147;0.147;1;1157619205
-251.456949;1.7639999;0.098;0.196;1;1157630731
-251.442481;1.7639999;0.147;0.147;1;1157645199
-251.422923;1.7639999;0.098;0.196;1;1157664757
-251.409830;1.813;0.098;0.147;1;1157677850
-251.392423;1.7639999;0.098;0.147;1;1157695257
-251.381860;1.7639999;0.147;0.196;1;1157705820
-251.370808;1.813;0.098;0.147;1;1157716872
-251.356573;1.7639999;0.147;0.196;1;1157731107
-251.338498;1.7639999;0.147;0.147;1;1157749182
-251.328016;1.7639999;0.196;0.147;1;1157759664
-251.307738;1.7639999;0.196;0.196;1;1157779942
-251.295986;1.7639999;0.147;0.196;1;1157791694
-251.282946;1.7639999;0.147;0.196;1;1157804734
-251.271035;1.7639999;0.147;0.147;1;1157816645
-251.255075;1.7639999;0.098;0.147;1;1157832605
-251.243863;1.7639999;0.098;0.147;1;1157843817
-251.232906;1.813;0.147;0.196;1;1157854774
-251.221835;1.7639999;0.147;0.147;1;1157865845
-251.202679;1.7639999;0.147;0.196;1;1157885001
-251.189879;1.7639999;0.147;0.147;1;1157897801
-251.178539;1.813;0.098;0.196;1;1157909141
-251.167105;1.7639999;0.147;0.196;1;1157920575
-251.152542;1.813;0.147;0.147;1;1157935138
-251.141869;1.7639999;0.147;0.196;1;1157945811
-251.130382;1.7639999;0.147;0.196;1;1157957298
-251.117994;1.7639999;0.147;0.196;1;1157969686
-251.101921;1.813;0.098;0.147;1;1157985759
-251.060560;1.7639999;0.049;0.244999984;1;1158027120
-251.046198;1.7639999;0.098;0.196;1;1158041482
-251.011384;1.7639999;0.098;0.196;1;1158076296
-250.991600;1.7639999;0.147;0.147;1;1158096080
-250.979378;1.813;0.098;0.098;1;1158108302
-250.959948;1.7639999;0.147;0.147;1;1158127732
-250.945613;1.7639999;0.147;0.196;1;1158142067
-250.930268;1.7149999;0.147;0.196;1;1158157412
-250.919737;1.7639999;0.098;0.196;1;1158167943
-250.897735;1.7639999;0.098;0.147;1;1158189945
-250.873408;1.7639999;0.147;0.196;1;1158214272
-250.862909;1.7639999;0.147;0.196;1;1158224771
-250.843292;1.7639999;0.196;0.147;1;1158244388
-250.833040;1.666;0.196;0.196;1;1158254640
-250.821468;1.7639999;0.147;0.196;1;1158266212
-250.800277;1.7639999;0.147;0.147;1;1158287403
-250.789121;1.7639999;0.196;0.147;1;1158298559
-250.771642;1.7639999;0.147;0.196;1;1158316038
-250.746546;1.813;0.098;0.244999984;1;1158341134
-250.734679;1.7149999;0.098;0.196;1;1158353001
-250.717239;1.7639999;0.098;0.196;1;1158370441
-250.705912;1.7639999;0.147;0.196;1;1158381768
-250.681714;1.7149999;0.147;0.098;1;1158405966
-250.668432;1.7639999;0.147;0.098;1;1158419248
-250.657841;1.7639999;0.147;0.147;1;1158429839
-250.641354;1.813;0.147;0.196;1;1158446326
-250.610221;1.813;0.098;0.147;1;1158477459
-250.598902;1.7149999;0.147;0.196;1;1158488778
-250.586816;1.7639999;0.098;0.196;1;1158500864
-250.572333;1.7639999;0.098;0.147;1;1158515347
-250.558252;1.7639999;0.098;0.196;1;1158529428
-250.546771;1.7639999;0.147;0.147;1;1158540909
-250.535358;1.7639999;0.147;0.196;1;1158552322
-250.507929;1.862;0.147;0.196;1;1158579751
-250.479722;1.7149999;0.098;0.196;1;1158607958
-250.468959;1.7639999;0.147;0.147;1;1158618721
-250.454345;1.7639999;0.147;0.147;1;1158633335
-250.440221;1.7639999;0.147;0.147;1;1158647459
-250.422848;1.7149999;0.147;0.196;1;1158664832
-250.410579;1.7639999;0.147;0.196;1;1158677101
-250.392268;1.7639999;0.098;0.244999984;1;1158695412
-250.381641;1.7639999;0.049;0.147;1;1158706039
-250.370705;1.7149999;0.147;0.098;1;1158716975
-250.354242;1.813;0.147;0.098;1;1158733438
-250.337174;1.813;0.098;0.147;1;1158750506
-250.326729;1.7639999;0.147;0.196;1;1158760951
-250.315433;1.813;0.196;0.196;1;1158772247
-250.300235;1.7149999;0.098;0.244999984;1;1158787445
-250.278383;1.813;0.098;0.196;1;1158809297
-250.264495;1.7639999;0.098;0.196;1;1158823185
-250.252942;1.7639999;0.098;0.196;1;1158834738
-250.241860;1.7639999;0.098;0.196;1;1158845820
-250.217625;1.813;0.098;0.196;1;1158870055
-250.203266;1.7639999;0.098;0.196;1;1158884414
-250.163253;1.7149999;0.147;0.147;1;1158924427
-250.151156;1.7639999;0.147;0.196;1;1158936524
-250.135646;1.7149999;0.147;0.196;1;1158952034
-250.111903;1.7149999;0.147;0.147;1;1158975777
-250.100871;1.7149999;0.147;0.196;1;1158986809
-250.078716;1.7639999;0.147;0.147;1;1159008964
-250.063782;1.813;0.098;0.147;1;1159023898
-250.052758;1.862;0.098;0.196;1;1159034922
-250.040231;1.7639999;0.147;0.098;1;1159047449
-250.029953;1.813;0.147;0.196;1;1159057727
-250.018952;1.7639999;0.147;0.244999984;1;1159068728
-250.006049;1.7149999;0.196;0.196;1;1159081631
-249.980823;1.7639999;0.147;0.196;1;1159106857
-249.969496;1.7639999;0.147;0.196;1;1159118184
-249.958169;1.7149999;0.196;0.196;1;1159129511
-249.944246;1.7639999;0.098;0.244999984;1;1159143434
-249.930336;1.7639999;0.049;0.196;1;1159157344
-249.919935;1.7639999;0.147;0.196;1;1159167745
-249.906128;1.7639999;0.098;0.147;1;1159181552
-249.886208;1.7639999;0.147;0.196;1;1159201472
-249.875059;1.7149999;0.098;0.147;1;1159212621
-249.863842;1.7149999;0.147;0.196;1;1159223838
-249.850162;1.7639999;0.196;0.196;1;1159237518
-249.839735;1.7639999;0.147;0.196;1;1159247945
-249.828563;1.7639999;0.147;0.098;1;1159259117
-249.815977;1.7149999;0.147;0.147;1;1159271703
-249.801984;1.7639999;0.196;0.244999984;1;1159285696
-249.767681;1.7639999;0.098;0.196;1;1159319999
-249.745854;1.7639999;0.196;0.147;1;1159341826
-249.727577;1.813;0.049;0.196;1;1159360103
-249.710458;1.7639999;0.147;0.196;1;1159377222
-249.696190;1.813;0.147;0.147;1;1159391490
-249.682993;1.7149999;0.196;0.244999984;1;1159404687
-249.671671;1.7639999;0.147;0.244999984;1;1159416009
-249.657002;1.7639999;0.147;0.147;1;1159430678
-249.645488;1.813;0.098;0.244999984;1;1159442192
-249.633831;1.813;0.098;0.147;1;1159453849
-249.611639;1.813;0.098;0.147;1;1159476041
-249.590801;1.813;0.098;0.147;1;1159496879
-249.576494;1.7639999;0.147;0.147;1;1159511186
-249.548651;1.7639999;0.147;0.147;1;1159539029
-249.512895;1.7639999;0.196;0.196;1;1159574785
-249.501217;1.7149999;0.147;0.244999984;1;1159586463
-249.490815;1.7639999;0.147;0.196;1;1159596865
-249.476790;1.813;0.098;0.196;1;1159610890
-249.465689;1.7639999;0.098;0.196;1;1159621991
-249.453333;1.7639999;0.098;0.196;1;1159634347
-249.442564;1.7149999;0.147;0.196;1;1159645116
-249.431689;1.813;0.098;0.196;1;1159655991
-249.412902;1.7639999;0.098;0.147;1;1159674778
-249.392810;1.813;0.098;0.147;1;1159694870
-249.378746;1.7639999;0.098;0.196;1;1159708934
-249.367793;1.7639999;0.147;0.196;1;1159719887
-249.351165;1.813;0.147;0.196;1;1159736515
-249.337956;1.7639999;0.147;0.244999984;1;1159749724
-249.306201;1.7149999;0.147;0.147;1;1159781479
-249.291257;1.7639999;0.147;0.196;1;1159796423
-249.280593;1.7639999;0.147;0.147;1;1159807087
-249.261917;1.813;0.098;0.147;1;1159825763
-249.250343;1.7149999;0.147;0.147;1;1159837337
-249.236350;1.7639999;0.147;0.147;1;1159851330
-249.220773;1.813;0.098;0.147;1;1159866907
-249.201140;1.7639999;0.196;0.196;1;1159886540
-249.179976;1.813;0.147;0.147;1;1159907704
-249.165780;1.813;0.147;0.147;1;1159921900
-249.148322;1.7639999;0.098;0.196;1;1159939358
-249.137926;1.7639999;0.147;0.147;1;1159949754
-249.124705;1.813;0.147;0.196;1;1159962975
-249.112420;1.7149999;0.147;0.147;1;1159975260
-249.101773;1.7639999;0.098;0.147;1;1159985907
-249.090857;1.7639999;0.147;0.147;1;1159996823
-249.077655;1.7639999;0.098;0.196;1;1160010025
-249.066726;1.7639999;0.147;0.196;1;1160020954
-249.051541;1.7639999;0.098;0.147;1;1160036139
-249.040941;1.813;0.147;0.196;1;1160046739
-249.029121;1.813;0.147;0.244999984;1;1160058559
-249.008356;1.7639999;0.147;0.196;1;1160079324
-248.981103;1.7639999;0.098;0.196;1;1160106577
-248.969831;1.7639999;0.147;0.147;1;1160117849
-248.955200;1.7639999;0.196;0.147;1;1160132480
-248.941114;1.7639999;0.147;0.196;1;1160146566
-248.930530;1.7639999;0.147;0.196;1;1160157150
-248.912921;1.7639999;0.196;0.196;1;1160174759
-248.870847;1.7639999;0.098;0.147;1;1160216833
-248.847218;1.7639999;0.098;0.147;1;1160240462
-248.834418;1.7639999;0.147;0.196;1;1160253262
-248.812447;1.7639999;0.147;0.147;1;1160275233
-248.792828;1.7149999;0.098;0.147;1;1160294852
-248.780960;1.813;0.098;0.196;1;1160306720
-248.769586;1.7149999;0.098;0.147;1;1160318094
-248.755718;1.7149999;0.147;0.196;1;1160331962
-248.744524;1.813;0.147;0.244999984;1;1160343156
-248.732294;1.7639999;0.098;0.196;1;1160355386
-248.721274;1.813;0.147;0.196;1;1160366406
-248.710879;1.813;0.196;0.196;1;1160376801
-248.698950;1.7639999;0.147;0.196;1;1160388730
-248.685138;1.7639999;0.147;0.147;1;1160402542
-248.674686;1.7639999;0.147;0.196;1;1160412994
-248.642872;1.7639999;0.098;0.147;1;1160444808
-248.631475;1.7639999;0.098;0.147;1;1160456205
-248.611313;1.862;0.147;0.147;1;1160476367
-248.592785;1.7149999;0.147;0.196;1;1160494895
-248.581267;1.7149999;0.147;0.196;1;1160506413
-248.570879;1.7639999;0.196;0.196;1;1160516801
-248.555510;1.7149999;0.147;0.196;1;1160532170
-248.520333;1.7639999;0.147;0.147;1;1160567347
-248.502901;1.813;0.098;0.147;1;1160584779
-248.489536;1.813;0.098;0.147;1;1160598144
-248.476620;1.813;0.147;0.147;1;1160611060
-248.465834;1.666;0.147;0.147;1;1160621846
-248.452893;1.7639999;0.147;0.196;1;1160634787
-248.432896;1.7639999;0.098;0.196;1;1160654784
-248.396784;1.7149999;0.147;0.147;1;1160690896
-248.382632;1.813;0.147;0.147;1;1160705048
-248.371163;1.7639999;0.147;0.147;1;1160716517
-248.356745;1.7639999;0.147;0.147;1;1160730935
-248.341212;1.7149999;0.196;0.196;1;1160746468
-248.330383;1.813;0.098;0.196;1;1160757297
-248.312881;1.7639999;0.098;0.196;1;1160774799
-248.292770;1.7639999;0.098;0.147;1;1160794910
-248.278059;1.813;0.147;0.196;1;1160809621
-248.266891;1.813;0.098;0.196;1;1160820789
-248.251536;1.813;0.098;0.196;1;1160836144
-248.232922;1.7639999;0.147;0.196;1;1160854758
-248.220953;1.7639999;0.147;0.196;1;1160866727
-248.202909;1.7639999;0.147;0.147;1;1160884771
-248.191898;1.7639999;0.098;0.196;1;1160895782
-248.179462;1.7639999;0.147;0.147;1;1160908218
-248.168869;1.7639999;0.147;0.147;1;1160918811
-248.157905;1.7639999;0.147;0.147;1;1160929775
-248.141797;1.7639999;0.147;0.147;1;1160945883
-248.130254;1.813;0.147;0.196;1;1160957426
-248.117321;1.7639999;0.098;0.196;1;1160970359
-248.106905;1.7639999;0.098;0.196;1;1160980775
-248.093567;1.7639999;0.147;0.147;1;1160994113
-248.080794;1.813;0.098;0.244999984;1;1161006886
-248.069223;1.813;0.147;0.147;1;1161018457
-248.044891;1.7149999;0.147;0.196;1;1161042789
-248.021833;1.7149999;0.196;0.196;1;1161065847
-248.001557;1.7149999;0.147;0.196;1;1161086123
-247.988628;1.7149999;0.147;0.147;1;1161099052
-247.945062;1.7639999;0.147;0.196;1;1161142618
-247.931199;1.813;0.147;0.147;1;1161156481
-247.919265;1.7639999;0.147;0.196;1;1161168415
-247.908348;1.7639999;0.098;0.196;1;1161179332
-247.897687;1.813;0.147;0.147;1;1161189993
-247.880947;1.7149999;0.147;0.147;1;1161206733
-247.869976;1.813;0.147;0.147;1;1161217704
-247.847882;1.7639999;0.147;0.196;1;1161239798
-247.834258;1.7639999;0.147;0.244999984;1;1161253422
-247.811559;1.7639999;0.147;0.147;1;1161276121
-247.791494;1.7149999;0.147;0.147;1;1161296186
-247.778511;1.813;0.098;0.147;1;1161309169
-247.765815;1.7639999;0.147;0.196;1;1161321865
-247.751672;1.7639999;0.147;0.196;1;1161336008
-247.738995;1.813;0.098;0.196;1;1161348685
-247.727723;1.7639999;0.147;0.196;1;1161359957
-247.711685;1.7639999;0.098;0.196;1;1161375995
-247.689803;1.813;0.049;0.196;1;1161397877
-247.678202;1.7639999;0.098;0.147;1;1161409478
-247.667792;1.7639999;0.098;0.147;1;1161419888
-247.652046;1.7639999;0.147;0.196;1;1161435634
-247.639114;1.813;0.049;0.147;1;1161448566
-247.628721;1.813;0.098;0.147;1;1161458959
-247.611330;1.7639999;0.147;0.147;1;1161476350
-247.591992;1.7149999;0.147;0.147;1;1161495688
-247.578776;1.7639999;0.147;0.196;1;1161508904
-247.567035;1.7149999;0.147;0.196;1;1161520645
-247.552259;1.7639999;0.098;0.196;1;1161535421
-247.538602;1.7639999;0.147;0.196;1;1161549078
-247.502961;1.7639999;0.098;0.098;1;1161584719
-247.477489;1.7639999;0.147;0.196;1;1161610191
-247.462577;1.7149999;0.098;0.196;1;1161625103
-247.451479;1.813;0.147;0.196;1;1161636201
-247.440786;1.7639999;0.147;0.147;1;1161646894
-247.428917;1.7639999;0.196;0.196;1;1161658763
-247.417815;1.7639999;0.147;0.196;1;1161669865
-247.401634;1.7639999;0.147;0.196;1;1161686046
-247.388329;1.7639999;0.196;0.196;1;1161699351
-247.374688;1.813;0.098;0.244999984;1;1161712992
-247.363853;1.862;0.147;0.196;1;1161723827
-247.349925;1.7639999;0.147;0.196;1;1161737755
-247.336545;1.7149999;0.147;0.147;1;1161751135
-247.323044;1.813;0.147;0.147;1;1161764636
-247.301864;1.813;0.147;0.196;1;1161785816
-247.290653;1.7639999;0.147;0.196;1;1161797027
-247.278190;1.7639999;0.147;0.196;1;1161809490
-247.263881;1.7149999;0.147;0.147;1;1161823799
-247.251876;1.7639999;0.147;0.098;1;1161835804
-247.240788;1.7639999;0.147;0.196;1;1161846892
-247.218297;1.7639999;0.098;0.147;1;1161869383
-247.207832;1.7639999;0.147;0.196;1;1161879848
-247.195582;1.813;0.147;0.196;1;1161892098
-247.181600;1.7149999;0.147;0.147;1;1161906080
-247.169099;1.7149999;0.147;0.147;1;1161918581
-247.157591;1.7639999;0.147;0.147;1;1161930089
-247.146602;1.7639999;0.147;0.147;1;1161941078
-247.130851;1.813;0.098;0.147;1;1161956829
-247.118019;1.7639999;0.098;0.196;1;1161969661
-247.080695;1.7639999;0.147;0.196;1;1162006985
-247.059692;1.7639999;0.147;0.147;1;1162027988
-247.046435;1.7639999;0.147;0.147;1;1162041245
-247.031514;1.813;0.098;0.196;1;1162056166
-247.011600;1.7639999;0.147;0.098;1;1162076080
-246.998330;1.7639999;0.147;0.244999984;1;1162089350
-246.987149;1.7639999;0.098;0.147;1;1162100531
-246.976478;1.7639999;0.098;0.196;1;1162111202
-246.965174;1.7639999;0.147;0.147;1;1162122506
-246.952957;1.666;0.196;0.196;1;1162134723
-246.940845;1.813;0.098;0.147;1;1162146835
-246.929312;1.7639999;0.147;0.196;1;1162158368
-246.918558;1.7149999;0.147;0.196;1;1162169122
-246.905631;1.7149999;0.147;0.147;1;1162182049
-246.886595;1.7639999;0.147;0.147;1;1162201085
-246.875804;1.813;0.098;0.147;1;1162211876
-246.864272;1.813;0.098;0.147;1;1162223408
-246.840633;1.7149999;0.147;0.147;1;1162247047
-246.822890;1.7639999;0.098;0.147;1;1162264790
-246.811938;1.7639999;0.098;0.147;1;1162275742
-246.800642;1.813;0.098;0.147;1;1162287038
-246.784720;1.7639999;0.147;0.196;1;1162302960
-246.773661;1.813;0.147;0.196;1;1162314019
-246.761957;1.7639999;0.147;0.147;1;1162325723
-246.750311;1.7149999;0.147;0.196;1;1162337369
-246.739246;1.7639999;0.147;0.196;1;1162348434
-246.722542;1.7639999;0.098;0.196;1;1162365138
-246.706711;1.813;0.098;0.196;1;1162380969
-246.692111;1.7639999;0.147;0.196;1;1162395569
-246.680710;1.813;0.098;0.196;1;1162406970
-246.666850;1.813;0.147;0.244999984;1;1162420830
-246.630044;1.7639999;0.098;0.196;1;1162457636
-246.616924;1.7639999;0.098;0.147;1;1162470756
-246.605132;1.813;0.098;0.196;1;1162482548
-246.586227;1.7639999;0.147;0.196;1;1162501453
-246.572794;1.7639999;0.147;0.196;1;1162514886
-246.561336;1.7149999;0.147;0.196;1;1162526344
-246.547464;1.7639999;0.098;0.147;1;1162540216
-246.536352;1.7639999;0.098;0.147;1;1162551328
-246.523884;1.813;0.098;0.196;1;1162563796
-246.509464;1.7639999;0.098;0.196;1;1162578216
-246.498486;1.7639999;0.147;0.196;1;1162589194
-246.485613;1.7639999;0.098;0.196;1;1162602067
-246.474620;1.7639999;0.147;0.147;1;1162613060
-246.451623;1.7639999;0.098;0.147;1;1162636057
-246.438576;1.7639999;0.147;0.098;1;1162649104
-246.417395;1.813;0.049;0.244999984;1;1162670285
-246.405577;1.7639999;0.098;0.196;1;1162682103
-246.381702;1.7639999;0.098;0.147;1;1162705978
-246.370033;1.7639999;0.147;0.196;1;1162717647
-246.343539;1.813;0.147;0.196;1;1162744141
-246.330887;1.7639999;0.147;0.196;1;1162756793
-246.319601;1.7149999;0.147;0.196;1;1162768079
-246.306173;1.813;0.098;0.147;1;1162781507
-246.281111;1.7639999;0.147;0.196;1;1162806569
-246.269358;1.7639999;0.098;0.147;1;1162818322
-246.241462;1.7639999;0.098;0.147;1;1162846218
-246.199850;1.7639999;0.147;0.147;1;1162887830
-246.183665;1.813;0.098;0.196;1;1162904015
-246.163231;1.7639999;0.147;0.147;1;1162924449
-246.150969;1.7639999;0.147;0.196;1;1162936711
-246.139276;1.7639999;0.098;0.196;1;1162948404
-246.111188;1.813;0.098;0.196;1;1162976492
-246.100853;1.7639999;0.196;0.147;1;1162986827
-246.076861;1.7639999;0.049;0.147;1;1163010819
-246.050025;1.7639999;0.147;0.147;1;1163037655
-246.038897;1.813;0.098;0.196;1;1163048783
-246.021749;1.7149999;0.147;0.196;1;1163065931
-246.010478;1.7639999;0.147;0.147;1;1163077202
-245.991793;1.813;0.147;0.196;1;1163095887
-245.979918;1.813;0.098;0.147;1;1163107762
-245.968476;1.7639999;0.147;0.196;1;1163119204
-245.941567;1.7639999;0.147;0.147;1;1163146113
-245.930492;1.7639999;0.147;0.147;1;1163157188
-245.918750;1.7639999;0.147;0.147;1;1163168930
-245.905758;1.7639999;0.147;0.196;1;1163181922
-245.877153;1.7149999;0.147;0.196;1;1163210527
-245.865196;1.813;0.098;0.147;1;1163222484
-245.851665;1.7639999;0.098;0.196;1;1163236015
-245.818158;1.7639999;0.098;0.147;1;1163269522
-245.807884;1.7639999;0.147;0.196;1;1163279796
-245.774620;1.7639999;0.147;0.147;1;1163313060
-245.739226;1.7639999;0.098;0.196;1;1163348454
-245.727841;1.813;0.098;0.147;1;1163359839
-245.711301;1.7639999;0.098;0.196;1;1163376379
-245.700054;1.7639999;0.147;0.196;1;1163387626
-245.688211;1.813;0.098;0.147;1;1163399469
-245.676968;1.7149999;0.147;0.147;0;1163410712
-245.652000;1.813;0.049;0.098;1;1163435680
-245.639312;1.7149999;0.147;0.196;1;1163448368
-245.628903;1.7639999;0.147;0.147;1;1163458777
-245.611807;1.813;0.098;0.196;1;1163475873
-245.600433;1.813;0.147;0.196;1;1163487247
-245.589477;1.7639999;0.098;0.147;1;1163498203
-245.576615;1.7149999;0.147;0.098;1;1163511065
-245.548417;1.7639999;0.147;0.147;1;1163539263
-245.532564;1.813;0.049;0.147;1;1163555116
-245.512897;1.7149999;0.196;0.196;1;1163574783
-245.501920;1.7639999;0.147;0.147;1;1163585760
-245.490868;1.7149999;0.098;0.244999984;1;1163596812
-245.479649;1.7639999;0.098;0.147;1;1163608031
-245.468994;1.7639999;0.147;0.147;1;1163618686
-245.453381;1.7639999;0.147;0.196;1;1163634299
-245.442022;1.813;0.147;0.147;1;1163645658
-245.428651;1.7639999;0.196;0.196;1;1163659029
-245.407979;1.7639999;0.098;0.196;1;1163679701
-245.381134;1.7639999;0.147;0.147;1;1163706546
-245.370183;1.813;0.147;0.196;1;1163717497
-245.355475;1.7639999;0.147;0.196;1;1163732205
-245.344955;1.813;0.147;0.196;1;1163742725
-245.296180;1.7149999;0.147;0.147;1;1163791500
-245.281895;1.7639999;0.098;0.147;1;1163805785
-245.270923;1.7149999;0.098;0.244999984;1;1163816757
-245.256153;1.7149999;0.147;0.196;1;1163831527
-245.241933;1.7639999;0.098;0.244999984;1;1163845747
-245.213514;1.7639999;0.147;0.147;1;1163874166
-245.198211;1.7639999;0.147;0.147;1;1163889469
-245.183054;1.7639999;0.147;0.147;1;1163904626
-245.171134;1.813;0.098;0.196;1;1163916546
-245.148174;1.7639999;0.098;0.196;1;1163939506
-245.134367;1.7639999;0.147;0.147;1;1163953313
-245.123506;1.7639999;0.098;0.196;1;1163964174
-245.109552;1.7639999;0.147;0.147;1;1163978128
-245.089085;1.813;0.098;0.147;1;1163998595
-245.075465;1.7149999;0.098;0.244999984;1;1164012215
-245.056397;1.813;0.098;0.196;1;1164031283
-245.034058;1.7639999;0.098;0.147;1;1164053622
-245.023817;1.7639999;0.147;0.147;1;1164063863
-245.002904;1.7639999;0.196;0.147;1;1164084776
-244.991851;1.813;0.147;0.196;1;1164095829
-244.979321;1.7639999;0.098;0.147;1;1164108359
-244.963316;1.7639999;0.147;0.147;1;1164124364
-244.941776;1.7639999;0.196;0.196;1;1164145904
-244.921180;1.7149999;0.098;0.147;1;1164166500
-244.901888;1.7639999;0.098;0.196;1;1164185792
-244.890701;1.7639999;0.147;0.196;1;1164196979
-244.858398;1.813;0.147;0.098;1;1164229282
-244.840766;1.7639999;0.147;0.147;1;1164246914
-244.827897;1.813;0.147;0.147;1;1164259783
-244.816656;1.7639999;0.147;0.196;1;1164271024
-244.801738;1.7639999;0.147;0.196;1;1164285942
-244.789570;1.7639999;0.098;0.244999984;1;1164298110
-244.777808;1.7639999;0.147;0.196;1;1164309872
-244.741343;1.7639999;0.098;0.196;1;1164346337
-244.730420;1.7639999;0.098;0.147;1;1164357260
-244.717453;1.7639999;0.147;0.147;1;1164370227
-244.701976;1.7639999;0.196;0.196;1;1164385704
-244.681208;1.7149999;0.098;0.147;1;1164406472
-244.668685;1.7639999;0.147;0.196;1;1164418995
-244.654718;1.813;0.098;0.196;1;1164432962
-244.639123;1.7639999;0.147;0.196;1;1164448557
-244.628598;1.7639999;0.147;0.244999984;1;1164459082
-244.592772;1.7639999;0.098;0.196;1;1164494908
-244.579721;1.7639999;0.147;0.196;1;1164507959
-244.568549;1.7639999;0.098;0.147;1;1164519131
-244.555335;1.7639999;0.147;0.196;1;1164532345
-244.541834;1.7639999;0.098;0.147;1;1164545846
-244.530759;1.7639999;0.147;0.147;1;1164556921
-244.519076;1.7639999;0.196;0.196;1;1164568604
-244.506130;1.7639999;0.147;0.147;1;1164581550
-244.495708;1.7639999;0.147;0.196;1;1164591972
-244.483031;1.813;0.098;0.196;1;1164604649
-244.469579;1.813;0.098;0.244999984;1;1164618101
-244.432620;1.7149999;0.196;0.196;1;1164655060
-244.417363;1.7149999;0.147;0.196;1;1164670317
-244.405539;1.7639999;0.147;0.196;1;1164682141
-244.381519;1.7639999;0.147;0.196;1;1164706161
-244.370507;1.7639999;0.147;0.196;1;1164717173
-244.356641;1.7149999;0.196;0.098;1;1164731039
-244.344376;1.813;0.147;0.196;1;1164743304
-244.321693;1.7639999;0.098;0.196;1;1164765987
-244.309203;1.813;0.098;0.196;1;1164778477
-244.291710;1.7639999;0.098;0.244999984;1;1164795970
-244.277996;1.7639999;0.098;0.244999984;1;1164809684
-244.259616;1.7639999;0.147;0.196;1;1164828064
-244.246245;1.7639999;0.098;0.147;1;1164841435
-244.225841;1.7639999;0.147;0.147;1;1164861839
-244.211617;1.7639999;0.147;0.098;1;1164876063
-244.199592;1.7639999;0.196;0.196;1;1164888088
-244.188497;1.813;0.147;0.196;1;1164899183
-244.176282;1.7639999;0.147;0.147;1;1164911398
-244.165391;1.7639999;0.147;0.196;1;1164922289
-244.149190;1.813;0.098;0.196;1;1164938490
-244.136164;1.7149999;0.147;0.196;1;1164951516
-244.107235;1.7149999;0.049;0.196;1;1164980445
-244.096261;1.813;0.147;0.196;1;1164991419
-244.084735;1.813;0.049;0.147;1;1165002945
-244.073099;1.813;0.098;0.147;1;1165014581
-244.061640;1.813;0.098;0.147;1;1165026040
-244.048519;1.7639999;0.147;0.147;1;1165039161
-244.034337;1.7149999;0.147;0.196;1;1165053343
-243.989791;1.7639999;0.098;0.196;1;1165097889
-243.974491;1.7639999;0.098;0.147;1;1165113189
-243.954776;1.7149999;0.098;0.196;1;1165132904
-243.942070;1.7639999;0.098;0.196;1;1165145610
-243.930520;1.7639999;0.098;0.196;1;1165157160
-243.911350;1.7639999;0.098;0.147;1;1165176330
-243.891575;1.813;0.196;0.196;1;1165196105
-243.879573;1.813;0.147;0.147;1;1165208107
-243.868589;1.7639999;0.196;0.147;1;1165219091
-243.856092;1.813;0.098;0.244999984;1;1165231588
-243.844534;1.7639999;0.147;0.196;1;1165243146
-243.832225;1.7639999;0.147;0.196;1;1165255455
-243.820942;1.7639999;0.147;0.196;1;1165266738
-243.801716;1.7639999;0.147;0.147;1;1165285964
-243.782570;1.813;0.098;0.147;1;1165305110
-243.770608;1.7639999;0.147;0.147;1;1165317072
-243.748549;1.7149999;0.147;0.196;1;1165339131
-243.734775;1.7149999;0.147;0.196;1;1165352905
-243.711773;1.7639999;0.098;0.196;1;1165375907
-243.678729;1.7639999;0.196;0.244999984;1;1165408951
-243.667793;1.813;0.098;0.147;1;1165419887
-243.652150;1.7639999;0.147;0.196;1;1165435530
-243.641536;1.7639999;0.147;0.098;1;1165446144
-243.629474;1.7639999;0.147;0.147;1;1165458206
-243.610289;1.7639999;0.147;0.098;1;1165477391
-243.578474;1.7149999;0.196;0.196;1;1165509206
-243.567421;1.7639999;0.147;0.147;1;1165520259
-243.553876;1.7639999;0.147;0.244999984;1;1165533804
-243.521036;1.7149999;0.147;0.196;1;1165566644
-243.506267;1.813;0.147;0.147;1;1165581413
-243.485878;1.7639999;0.147;0.098;1;1165601802
-243.474715;1.7149999;0.147;0.196;1;1165612965
-243.436801;1.7639999;0.147;0.147;1;1165650879
-243.423660;1.7639999;0.147;0.196;1;1165664020
-243.403956;1.7149999;0.196;0.196;1;1165683724
-243.391943;1.7639999;0.196;0.196;1;1165695737
-243.378169;1.7639999;0.196;0.196;1;1165709511
-243.367783;1.813;0.098;0.147;1;1165719897
-243.356775;1.813;0.147;0.147;1;1165730905
-243.345636;1.7639999;0.147;0.147;1;1165742044
-243.332836;1.7639999;0.147;0.147;1;1165754844
-243.310885;1.7639999;0.098;0.147;1;1165776795
-243.298944;1.7149999;0.147;0.147;1;1165788736
-243.285102;1.7639999;0.147;0.147;1;1165802578
-243.270112;1.813;0.098;0.196;1;1165817568
-243.257353;1.7639999;0.147;0.244999984;1;1165830327
-243.246528;1.7639999;0.196;0.244999984;1;1165841152
-243.233165;1.7639999;0.147;0.196;1;1165854515
-243.220773;1.7149999;0.147;0.196;1;1165866907
-243.208628;1.7149999;0.147;0.196;1;1165879052
-243.195766;1.7149999;0.196;0.196;1;1165891914
-243.182235;1.7639999;0.147;0.196;1;1165905445
-243.171346;1.7639999;0.147;0.196;1;1165916334
-243.146751;1.7149999;0.098;0.244999984;1;1165940929
-243.129912;1.7639999;0.098;0.196;1;1165957768
-243.118405;1.7149999;0.147;0.196;1;1165969275
-243.084187;1.7639999;0.147;0.196;1;1166003493
-243.067034;1.7639999;0.147;0.196;1;1166020646
-243.053524;1.7149999;0.147;0.196;1;1166034156
-243.042753;1.813;0.049;0.147;1;1166044927
-243.031775;1.7149999;0.147;0.196;1;1166055905
-243.017995;1.7639999;0.147;0.196;1;1166069685
-242.992876;1.7639999;0.147;0.147;1;1166094804
-242.981507;1.7149999;0.147;0.147;1;1166106173
-242.970724;1.7639999;0.147;0.294;1;1166116956
-242.948762;1.7639999;0.147;0.147;1;1166138918
-242.937785;1.813;0.098;0.196;1;1166149895
-242.912755;1.7639999;0.098;0.244999984;1;1166174925
-242.890290;1.7639999;0.098;0.196;1;1166197390
-242.878869;1.7639999;0.147;0.196;1;1166208811
-242.867630;1.7639999;0.147;0.196;1;1166220050
-242.855256;1.7149999;0.147;0.147;1;1166232424
-242.844495;1.862;0.098;0.196;1;1166243185
-242.832287;1.7639999;0.147;0.147;1;1166255393
-242.819814;1.7149999;0.147;0.098;1;1166267866
-242.801624;1.813;0.098;0.196;1;1166286056
-242.781859;1.7639999;0.098;0.244999984;1;1166305821
-242.768775;1.7639999;0.196;0.147;1;1166318905
-242.754166;1.7639999;0.147;0.147;1;1166333514
-242.731654;1.813;0.147;0.147;1;1166356026
-242.711605;1.7639999;0.147;0.196;1;1166376075
-242.699581;1.7639999;0.147;0.147;1;1166388099
-242.681656;1.7639999;0.098;0.196;1;1166406024
-242.667599;1.7639999;0.196;0.196;1;1166420081
-242.654157;1.7149999;0.147;0.147;1;1166433523
-242.620117;1.813;0.147;0.147;1;1166467563
-242.608165;1.7639999;0.147;0.147;1;1166479515
-242.586663;1.7639999;0.147;0.196;1;1166501017
-242.575278;1.813;0.147;0.196;1;1166512402
-242.556211;1.813;0.147;0.196;1;1166531469
-242.518685;1.7639999;0.098;0.147;1;1166568995
-242.495870;1.7639999;0.196;0.147;1;1166591810
-242.484282;1.813;0.098;0.196;1;1166603398
-242.468865;1.7639999;0.147;0.196;1;1166618815
-242.443436;1.7639999;0.147;0.147;1;1166644244
-242.421769;1.7639999;0.098;0.196;1;1166665911
-242.410768;1.7149999;0.098;0.196;1;1166676912
-242.399384;1.7639999;0.049;0.196;1;1166688296
-242.386949;1.7639999;0.098;0.147;1;1166700731
-242.375585;1.7639999;0.147;0.147;1;1166712095
-242.360866;1.7639999;0.147;0.147;1;1166726814
-242.349909;1.813;0.147;0.196;1;1166737771
-242.338290;1.7639999;0.147;0.147;1;1166749390
-242.321828;1.7639999;0.098;0.147;1;1166765852
-242.309800;1.7639999;0.147;0.196;1;1166777880
-242.291353;1.7639999;0.196;0.196;1;1166796327
-242.278358;1.7149999;0.147;0.244999984;1;1166809322
-242.257744;1.7639999;0.147;0.196;1;1166829936
-242.246395;1.7149999;0.147;0.196;1;1166841285
-242.227225;1.7639999;0.147;0.147;1;1166860455
-242.216766;1.813;0.147;0.147;1;1166870914
-242.180332;1.7639999;0.098;0.147;1;1166907348
-242.168659;1.7639999;0.147;0.196;1;1166919021
-242.153335;1.7639999;0.147;0.244999984;1;1166934345
-242.141384;1.7639999;0.196;0.196;1;1166946296
-242.129449;1.813;0.098;0.196;1;1166958231
-242.115891;1.7639999;0.147;0.147;1;1166971789
-242.099934;1.813;0.098;0.244999984;1;1166987746
-242.088682;1.7639999;0.147;0.147;1;1166998998
-242.077473;1.7149999;0.147;0.147;1;1167010207
-242.066081;1.813;0.098;0.147;1;1167021599
-242.051190;1.7639999;0.098;0.196;1;1167036490
-242.040140;1.7639999;0.098;0.244999984;1;1167047540
-242.029374;1.7639999;0.098;0.196;1;1167058306
-242.018237;1.813;0.098;0.196;1;1167069443
-242.001635;1.813;0.098;0.147;1;1167086045
-241.984055;1.7639999;0.098;0.147;1;1167103625
-241.972652;1.7639999;0.147;0.098;1;1167115028
-241.961241;1.813;0.147;0.196;1;1167126439
-241.950610;1.7639999;0.098;0.147;1;1167137070
-241.938751;1.813;0.147;0.196;1;1167148929
-241.919395;1.813;0.147;0.196;1;1167168285
-241.899655;1.7149999;0.147;0.147;1;1167188025
-241.883329;1.7639999;0.098;0.196;1;1167204351
-241.872279;1.7639999;0.196;0.244999984;1;1167215401
-241.848228;1.7639999;0.147;0.147;1;1167239452
-241.837171;1.7639999;0.098;0.244999984;1;1167250509
-241.820037;1.7639999;0.147;0.147;1;1167267643
-241.808659;1.813;0.147;0.196;1;1167279021
-241.791583;1.813;0.147;0.147;1;1167296097
-241.754807;1.7639999;0.147;0.244999984;1;1167332873
-241.741084;1.7639999;0.098;0.147;1;1167346596
-241.721202;1.813;0.147;0.196;1;1167366478
-241.701280;1.7639999;0.147;0.147;1;1167386400
-241.688795;1.813;0.147;0.244999984;1;1167398885
-241.677285;1.7149999;0.147;0.196;1;1167410395
-241.650476;1.7149999;0.147;0.147;1;1167437204
-241.639510;1.813;0.098;0.196;1;1167448170
-241.621750;1.7639999;0.147;0.147;1;1167465930
-241.610700;1.7639999;0.098;0.196;1;1167476980
-241.598308;1.813;0.147;0.196;1;1167489372
-241.586727;1.813;0.098;0.196;1;1167500953
-241.575302;1.813;0.098;0.147;1;1167512378
-241.562262;1.813;0.098;0.196;1;1167525418
-241.550871;1.7639999;0.098;0.244999984;1;1167536809
-241.538790;1.7639999;0.147;0.147;1;1167548890
-241.521782;1.7639999;0.098;0.196;1;1167565898
-241.510717;1.813;0.147;0.098;1;1167576963
-241.491314;1.7639999;0.147;0.196;1;1167596366
-241.478572;1.7639999;0.147;0.196;1;1167609108
-241.467721;1.7639999;0.147;0.196;1;1167619959
-241.441620;1.7149999;0.147;0.147;1;1167646060
-241.429028;1.7149999;0.098;0.147;1;1167658652
-241.411687;1.7639999;0.147;0.147;1;1167675993
-241.400633;1.813;0.098;0.196;1;1167687047
-241.389656;1.7149999;0.147;0.147;1;1167698024
-241.376536;1.7639999;0.098;0.196;1;1167711144
-241.363604;1.7639999;0.147;0.196;1;1167724076
-241.352439;1.7639999;0.147;0.196;1;1167735241
-241.337015;1.813;0.098;0.147;1;1167750665
-241.305675;1.7639999;0.147;0.196;1;1167782005
-241.289273;1.7639999;0.147;0.147;1;1167798407
-241.274767;1.7639999;0.147;0.196;1;1167812913
-241.244615;1.7639999;0.147;0.196;1;1167843065
-241.233522;1.7639999;0.098;0.196;1;1167854158
-241.214741;1.7639999;0.098;0.196;1;1167872939
-241.199142;1.7639999;0.147;0.147;1;1167888538
-241.188602;1.7639999;0.147;0.147;1;1167899078
-241.175560;1.813;0.098;0.196;1;1167912120
-241.159132;1.7639999;0.098;0.147;1;1167928548
-241.148321;1.7639999;0.196;0.147;1;1167939359
-241.137035;1.7639999;0.196;0.244999984;1;1167950645
-241.109168;1.813;0.098;0.196;1;1167978512
-241.091506;1.7639999;0.147;0.147;1;1167996174
-241.080046;1.7639999;0.098;0.147;1;1168007634
-241.068479;1.7639999;0.147;0.147;1;1168019201
-241.054956;1.7639999;0.196;0.147;1;1168032724
-241.037187;1.7639999;0.147;0.147;1;1168050493
-241.012891;1.7639999;0.147;0.098;1;1168074789
-240.998181;1.7639999;0.196;0.196;1;1168089499
-240.985767;1.7639999;0.098;0.196;1;1168101913
-240.974796;1.7639999;0.147;0.196;1;1168112884
-240.962539;1.7149999;0.196;0.196;1;1168125141
-240.951415;1.7639999;0.098;0.196;1;1168136265
-240.936804;1.7149999;0.147;0.147;1;1168150876
-240.905950;1.7639999;0.147;0.147;1;1168181730
-240.891129;1.7639999;0.147;0.147;1;1168196551
-240.854368;1.7149999;0.147;0.196;1;1168233312
-240.843286;1.7639999;0.147;0.196;1;1168244394
-240.826259;1.7639999;0.147;0.147;1;1168261421
-240.811231;1.7639999;0.147;0.196;1;1168276449
-240.798846;1.7639999;0.147;0.147;1;1168288834
-240.787017;1.7639999;0.147;0.196;1;1168300663
-240.775407;1.7639999;0.147;0.196;1;1168312273
-240.764849;1.7639999;0.147;0.196;1;1168322831
-240.750672;1.813;0.049;0.196;1;1168337008
-240.720544;1.813;0.147;0.147;1;1168367136
-240.700220;1.7149999;0.147;0.147;1;1168387460
-240.689076;1.7639999;0.098;0.196;1;1168398604
-240.678591;1.7639999;0.196;0.196;1;1168409089
-240.667179;1.7639999;0.147;0.196;1;1168420501
-240.655502;1.813;0.098;0.196;1;1168432178
-240.640612;1.7639999;0.147;0.196;1;1168447068
-240.629264;1.7639999;0.147;0.196;1;1168458416
-240.618812;1.7639999;0.147;0.196;1;1168468868
-240.603416;1.7639999;0.196;0.147;1;1168484264
-240.589510;1.7639999;0.147;0.147;1;1168498170
-240.578883;1.7639999;0.098;0.147;1;1168508797
-240.566292;1.813;0.147;0.147;1;1168521388
-240.548392;1.7149999;0.147;0.196;1;1168539288
-240.536466;1.7639999;0.147;0.196;1;1168551214
-240.514680;1.7639999;0.049;0.196;1;1168573000
-240.495725;1.7639999;0.098;0.196;1;1168591955
-240.473444;1.7639999;0.098;0.196;1;1168614236
-240.428585;1.813;0.098;0.098;1;1168659095
-240.406194;1.7149999;0.147;0.196;1;1168681486
-240.391892;1.813;0.147;0.196;1;1168695788
-240.380886;1.7639999;0.147;0.196;1;1168706794
-240.367879;1.813;0.098;0.196;1;1168719801
-240.356552;1.7639999;0.147;0.196;1;1168731128
-240.342752;1.7639999;0.098;0.196;1;1168744928
-240.329917;1.813;0.098;0.147;1;1168757763
-240.318739;1.813;0.098;0.147;1;1168768941
-240.303930;1.813;0.098;0.147;1;1168783750
-240.281877;1.7639999;0.098;0.196;1;1168805803
-240.270551;1.7149999;0.147;0.196;1;1168817129
-240.258626;1.7639999;0.147;0.196;1;1168829054
-240.241642;1.7149999;0.147;0.244999984;1;1168846038
-240.217713;1.7639999;0.098;0.196;1;1168869967
-240.205357;1.7639999;0.147;0.244999984;1;1168882323
-240.178068;1.7639999;0.147;0.196;1;1168909612
-240.166802;1.7639999;0.098;0.196;1;1168920878
-240.155939;1.7639999;0.098;0.147;1;1168931741
-240.139465;1.7639999;0.147;0.147;1;1168948215
-240.115899;1.7639999;0.098;0.196;1;1168971781
-240.085580;1.813;0.147;0.196;1;1169002100
-240.072446;1.7639999;0.196;0.196;1;1169015234
-240.035139;1.813;0.147;0.147;1;1169052541
-240.023070;1.7639999;0.098;0.196;1;1169064610
-240.005592;1.813;0.098;0.147;1;1169082088
-239.994740;1.813;0.098;0.196;1;1169092940
-239.982833;1.7639999;0.098;0.147;1;1169104847
-239.971659;1.7639999;0.098;0.196;1;1169116021
-239.948962;1.7639999;0.147;0.196;1;1169138718
-239.935961;1.7149999;0.147;0.196;1;1169151719
-239.908257;1.7639999;0.147;0.196;1;1169179423
-239.892011;1.7639999;0.147;0.147;1;1169195669
-239.879966;1.813;0.147;0.147;1;1169207714
-239.868736;1.7149999;0.098;0.196;1;1169218944
-239.857594;1.7639999;0.049;0.147;1;1169230086
-239.841905;1.7639999;0.098;0.147;1;1169245775
-239.822582;1.7639999;0.049;0.196;1;1169265098
-239.803949;1.7639999;0.098;0.244999984;1;1169283731
-239.790989;1.813;0.098;0.147;1;1169296691
-239.779896;1.7639999;0.196;0.196;1;1169307784
-239.768321;1.813;0.196;0.147;1;1169319359
-239.754638;1.7639999;0.147;0.147;1;1169333042
-239.742026;1.7149999;0.196;0.147;1;1169345654
-239.722853;1.813;0.098;0.147;1;1169364827
-239.710399;1.813;0.098;0.147;1;1169377281
-239.690854;1.7639999;0.147;0.147;1;1169396826
-239.679788;1.7639999;0.147;0.147;1;1169407892
-239.668203;1.7149999;0.098;0.196;1;1169419477
-239.656272;1.813;0.098;0.196;1;1169431408
-239.642529;1.7639999;0.147;0.196;1;1169445151
-239.601197;1.7639999;0.098;0.147;1;1169486483
-239.581392;1.7639999;0.147;0.098;1;1169506288
-239.569999;1.7639999;0.147;0.147;1;1169517681
-239.547928;1.813;0.147;0.196;1;1169539752
-239.536051;1.7639999;0.147;0.147;1;1169551629
-239.521834;1.7639999;0.098;0.196;1;1169565846
-239.508668;1.7639999;0.147;0.147;1;1169579012
-239.492854;1.7639999;0.098;0.147;1;1169594826
-239.478409;1.7639999;0.098;0.196;1;1169609271
-239.467351;1.7639999;0.098;0.196;1;1169620329
-239.454289;1.7639999;0.147;0.147;1;1169633391
-239.430389;1.7639999;0.196;0.147;1;1169657291
-239.404833;1.7639999;0.098;0.196;1;1169682847
-239.382835;1.7149999;0.147;0.196;1;1169704845
-239.368019;1.813;0.147;0.196;1;1169719661
-239.355867;1.7639999;0.147;0.244999984;1;1169731813
-239.332809;1.813;0.098;;0;1169754871
-239.321799;1.7639999;0.147;0.196;1;1169765881
-239.302891;1.7639999;0.196;0.147;1;1169784789
-239.291836;1.7639999;0.147;0.196;1;1169795844
-239.280842;1.7639999;0.098;0.196;1;1169806838
-239.266868;1.813;0.147;0.196;1;1169820812
-239.254850;1.7639999;0.196;0.147;1;1169832830
-239.240802;1.813;0.147;0.244999984;1;1169846878
-239.225346;1.7639999;0.147;0.147;1;1169862334
-239.211090;1.7639999;0.147;0.147;1;1169876590
-239.191247;1.7639999;0.098;0.196;1;1169896433
-239.180155;1.7639999;0.147;0.147;1;1169907525
-239.169429;1.813;0.098;0.147;1;1169918251
-239.124948;1.7639999;0.147;0.147;1;1169962732
-239.109576;1.7639999;0.196;0.196;1;1169978104
-239.090947;1.7639999;0.147;0.147;1;1169996733
-239.077844;1.7639999;0.098;0.196;1;1170009836
-239.064186;1.7639999;0.147;0.147;1;1170023494
-239.051665;1.7639999;0.147;0.196;1;1170036015
-239.028748;1.7639999;0.147;0.244999984;1;1170058932
-239.017314;1.7639999;0.098;0.196;1;1170070366
-239.003565;1.7639999;0.098;0.196;1;1170084115
-238.981653;1.7639999;0.147;0.147;1;1170106027
-238.969213;1.7639999;0.098;0.196;1;1170118467
-238.955728;1.7639999;0.098;0.147;1;1170131952
-238.940628;1.813;0.098;0.147;1;1170147052
-238.928545;1.7639999;0.147;0.147;1;1170159135
-238.916936;1.7149999;0.147;0.196;1;1170170744
-238.901821;1.7639999;0.147;0.147;1;1170185859
-238.890110;1.7149999;0.147;0.196;1;1170197570
-238.879356;1.813;0.147;0.196;1;1170208324
-238.866831;1.7639999;0.147;0.244999984;1;1170220849
-238.853290;1.7639999;0.098;0.196;1;1170234390
-238.840941;1.7149999;0.147;0.196;1;1170246739
-238.821776;1.813;0.147;0.196;1;1170265904
-238.808285;1.7639999;0.147;0.147;1;1170279395
-238.783887;1.7639999;0.147;0.147;1;1170303793
-238.765601;1.7639999;0.147;0.196;1;1170322079
-238.752683;1.7639999;0.147;0.196;1;1170334997
-238.740815;1.813;0.098;0.147;1;1170346865
-238.713232;1.7639999;0.098;0.196;1;1170374448
-238.702666;1.7149999;0.147;0.196;1;1170385014
-238.661834;1.7149999;0.196;0.196;1;1170425846
-238.650265;1.7639999;0.147;0.147;1;1170437415
-238.638984;1.7639999;0.147;0.196;1;1170448696
-238.626318;1.813;0.147;0.196;1;1170461362
-238.614515;1.813;0.147;0.147;1;1170473165
-238.603668;1.7639999;0.147;0.147;1;1170484012
-238.590450;1.7639999;0.147;0.196;1;1170497230
-238.579842;1.813;0.098;0.196;1;1170507838
-238.563051;1.7149999;0.098;0.196;1;1170524629
-238.540887;1.7639999;0.147;0.196;1;1170546793
-238.529947;1.7639999;0.147;0.196;1;1170557733
-238.514296;1.7639999;0.147;0.196;1;1170573384
-238.502393;1.7639999;0.098;0.244999984;1;1170585287
-238.489968;1.7639999;0.147;0.196;1;1170597712
-238.478828;1.7639999;0.147;0.147;1;1170608852
-238.462723;1.813;0.147;0.147;1;1170624957
-238.451862;1.7639999;0.147;0.196;1;1170635818
-238.440573;1.813;0.147;0.147;1;1170647107
-238.421148;1.7639999;0.147;0.196;1;1170666532
-238.402460;1.7639999;0.147;0.196;1;1170685220
-238.379920;1.7639999;0.098;0.196;1;1170707760
-238.364502;1.813;0.098;0.147;1;1170723178
-238.353118;1.7639999;0.147;0.147;1;1170734562
-238.340753;1.7149999;0.098;0.196;1;1170746927
-238.321152;1.7639999;0.098;0.196;1;1170766528
-238.302800;1.813;0.147;0.196;1;1170784880
-238.290065;1.7639999;0.098;0.196;1;1170797615
-238.278873;1.7639999;0.147;0.147;1;1170808807
-238.262768;1.7639999;0.147;0.244999984;1;1170824912
-238.223324;1.7639999;0.147;0.147;1;1170864356
-238.186638;1.7639999;0.098;0.196;1;1170901042
-238.175505;1.7639999;0.147;0.098;1;1170912175
-238.149714;1.7639999;0.147;0.147;1;1170937966
-238.134234;1.7639999;0.147;0.196;1;1170953446
-238.122192;1.7639999;0.147;0.196;1;1170965488
-238.109265;1.813;0.098;0.196;1;1170978415
-238.098724;1.7639999;0.098;0.196;1;1170988956
-238.085538;1.7639999;0.098;0.196;1;1171002142
-238.074287;1.7149999;0.196;0.196;1;1171013393
-238.049483;1.813;0.098;0.098;1;1171038197
-238.036524;1.7639999;0.098;0.147;1;1171051156
-238.007119;1.7639999;0.147;0.196;1;1171080561
-237.996580;1.813;0.098;0.244999984;1;1171091100
-237.981440;1.813;0.147;0.196;1;1171106240
-237.970861;1.813;0.147;0.196;1;1171116819
-237.953930;1.7639999;0.147;0.196;1;1171133750
-237.942911;1.7639999;0.147;0.196;1;1171144769
-237.930531;1.7639999;0.147;0.196;1;1171157149
-237.916414;1.7149999;0.196;0.196;1;1171171266
-237.905770;1.7639999;0.147;0.147;1;1171181910
-237.889175;1.7639999;0.098;0.196;1;1171198505
-237.875709;1.7639999;0.147;0.147;1;1171211971
-237.857527;1.7149999;0.196;0.196;1;1171230153
-237.823076;1.7639999;0.147;0.244999984;1;1171264604
-237.810309;1.862;0.147;0.147;1;1171277371
-237.790958;1.7149999;0.147;0.244999984;1;1171296722
-237.777863;1.7639999;0.098;0.147;1;1171309817
-237.764697;1.7639999;0.098;0.196;1;1171322983
-237.751325;1.813;0.098;0.147;1;1171336355
-237.738392;1.7639999;0.147;0.147;1;1171349288
-237.721805;1.7639999;0.147;0.147;1;1171365875
-237.710505;1.7149999;0.147;0.196;1;1171377175
-237.691753;1.813;0.147;0.196;1;1171395927
-237.677342;1.7149999;0.147;0.244999984;1;1171410338
-237.663668;1.7639999;0.196;0.196;1;1171424012
-237.652824;1.7639999;0.147;0.196;1;1171434856
-237.639520;1.7639999;0.147;0.147;1;1171448160
-237.622920;1.813;0.098;0.196;1;1171464760
-237.602297;1.7639999;0.098;0.147;1;1171485383
-237.577754;1.7639999;0.098;0.196;1;1171509926
-237.563019;1.7149999;0.147;0.147;1;1171524661
-237.551797;1.7639999;0.147;0.147;1;1171535883
-237.540175;1.7639999;0.196;0.244999984;1;1171547505
-237.521412;1.7149999;0.098;0.196;1;1171566268
-237.510661;1.7639999;0.147;0.244999984;1;1171577019
-237.499143;1.7639999;0.147;0.196;1;1171588537
-237.488497;1.7639999;0.098;0.196;1;1171599183
-237.473954;1.7639999;0.147;0.147;1;1171613726
-237.460061;1.813;0.098;0.147;1;1171627619
-237.449590;1.7639999;0.147;0.147;1;1171638090
-237.438716;1.7149999;0.098;0.147;1;1171648964
-237.427744;1.7639999;0.147;0.147;1;1171659936
-237.415385;1.7639999;0.098;0.196;1;1171672295
-237.346147;1.7639999;0.147;0.196;1;1171741533
-237.331910;1.813;0.098;0.196;1;1171755770
-237.320750;1.7639999;0.147;0.196;1;1171766930
-237.303471;1.7149999;0.147;0.147;1;1171784209
-237.281703;1.7639999;0.098;0.147;1;1171805977
-237.269435;1.7149999;0.147;0.196;1;1171818245
-237.257623;1.7639999;0.098;0.098;1;1171830057
-237.241186;1.813;0.147;0.147;1;1171846494
-237.216376;1.7639999;0.147;0.147;1;1171871304
-237.204745;1.7639999;0.147;0.196;1;1171882935
-237.191295;1.813;0.098;0.147;1;1171896385
-237.180628;1.813;0.147;0.196;1;1171907052
-237.165599;1.7639999;0.147;0.196;1;1171922081
-237.152219;1.7639999;0.147;0.196;1;1171935461
-237.134971;1.7149999;0.147;0.196;1;1171952709
-237.121974;1.7639999;0.098;0.196;1;1171965706
-237.110646;1.7639999;0.147;0.196;1;1171977034
-237.097618;1.7639999;0.147;0.147;1;1171990062
-237.075947;1.7639999;0.098;0.147;1;1172011733
-237.064867;1.7639999;0.098;0.196;1;1172022813
-237.052500;1.7639999;0.147;0.147;1;1172035180
-237.041870;1.7639999;0.098;0.244999984;1;1172045810
-237.028746;1.7639999;0.098;0.147;1;1172058934
-237.017938;1.813;0.147;0.196;1;1172069742
-237.005195;1.7639999;0.147;0.196;1;1172082485
-236.979653;1.813;0.147;0.196;1;1172108027
-236.968393;1.7149999;0.147;0.196;1;1172119287
-236.916183;1.7639999;0.147;0.147;1;1172171497
-236.901753;1.7639999;0.147;0.196;1;1172185927
-236.887844;1.7639999;0.147;0.147;1;1172199836
-236.876179;1.7149999;0.196;0.196;1;1172211501
-236.864311;1.7149999;0.147;0.147;1;1172223369
-236.850363;1.7639999;0.147;0.196;1;1172237317
-236.839787;1.7639999;0.147;0.147;1;1172247893
-236.821724;1.813;0.147;0.098;1;1172265956
-236.804769;1.7639999;0.098;0.098;1;1172282911
-236.790310;1.7639999;0.147;0.147;1;1172297370
-236.779708;1.7639999;0.098;0.196;1;1172307972
-236.767946;1.7639999;0.098;0.196;1;1172319734
-236.754618;1.7149999;0.098;0.196;1;1172333062
-236.743825;1.7639999;0.196;0.244999984;1;1172343855
-236.732957;1.7639999;0.147;0.147;1;1172354723
-236.720613;1.7639999;0.196;0.147;1;1172367067
-236.707280;1.813;0.098;0.196;1;1172380400
-236.691661;1.813;0.147;0.147;1;1172396019
-236.679928;1.7639999;0.147;0.196;1;1172407752
-236.664676;1.7639999;0.098;0.196;1;1172423004
-236.650656;1.7639999;0.147;0.147;1;1172437024
-236.611663;1.813;0.098;0.196;1;1172476017
-236.597595;1.7149999;0.147;0.196;1;1172490085
-236.586160;1.7639999;0.147;0.147;1;1172501520
-236.575272;1.7639999;0.196;0.196;1;1172512408
-236.564232;1.7639999;0.196;0.196;1;1172523448
-236.548879;1.7639999;0.147;0.147;1;1172538801
-236.531819;1.813;0.098;0.147;1;1172555861
-236.520326;1.7639999;0.098;0.147;1;1172567354
-236.493744;1.7639999;0.147;0.196;1;1172593936
-236.476507;1.7639999;0.147;0.196;1;1172611173
-236.450588;1.7639999;0.098;0.196;1;1172637092
-236.437223;1.7639999;0.098;0.196;1;1172650457
-236.411764;1.813;0.098;0.147;1;1172675916
-236.400902;1.813;0.147;0.196;1;1172686778
-236.384338;1.7639999;0.147;0.147;1;1172703342
-236.374015;1.7149999;0.147;0.196;1;1172713665
-236.348917;1.7639999;0.147;0.196;1;1172738763
-236.337888;1.7639999;0.098;0.196;1;1172749792
-236.319801;1.813;0.098;0.147;1;1172767879
-236.308781;1.7639999;0.098;0.196;1;1172778899
-236.291755;1.7639999;0.098;0.244999984;1;1172795925
-236.278693;1.813;0.098;0.147;1;1172808987
-236.267110;1.7639999;0.147;0.147;1;1172820570
-236.254882;1.813;0.147;0.196;1;1172832798
-236.211072;1.813;0.147;0.147;1;1172876608
-236.191999;1.813;0.049;0.196;1;1172895681
-236.179141;1.7639999;0.147;0.196;1;1172908539
-236.164866;1.813;0.098;0.147;1;1172922814
-236.143535;1.7639999;0.098;0.147;1;1172944145
-236.132564;1.7639999;0.147;0.196;1;1172955116
-236.113963;1.7639999;0.147;0.196;1;1172973717
-236.103006;1.813;0.196;0.196;1;1172984674
-236.060592;1.813;0.147;0.147;1;1173027088
-236.046984;1.7639999;0.147;0.147;1;1173040696
-236.030546;1.7639999;0.098;0.147;1;1173057134
-236.011697;1.7149999;0.147;0.196;1;1173075983
-236.000004;1.813;0.098;0.147;1;1173087676
-235.989383;1.7639999;0.098;0.147;1;1173098297
-235.978099;1.7639999;0.098;0.147;1;1173109581
-235.967384;1.7639999;0.098;0.147;1;1173120296
-235.951786;1.7639999;0.098;0.147;1;1173135894
-235.940786;1.813;0.147;0.196;1;1173146894
-235.929726;1.7639999;0.147;0.196;1;1173157954
-235.910261;1.7149999;0.147;0.196;1;1173177419
-235.899622;1.7639999;0.147;0.244999984;1;1173188058
-235.887839;1.813;0.098;0.147;1;1173199841
-235.876474;1.813;0.147;0.196;1;1173211206
-235.865372;1.7639999;0.147;0.147;1;1173222308
-235.851428;1.7639999;0.098;0.147;1;1173236252
-235.840878;1.7639999;0.098;0.147;1;1173246802
-235.829334;1.7639999;0.147;0.244999984;1;1173258346
-235.811272;1.7639999;0.147;0.147;1;1173276408
-235.799535;1.7639999;0.098;0.147;1;1173288145
-235.787489;1.7639999;0.098;0.147;1;1173300191
-235.776698;1.7639999;0.147;0.147;1;1173310982
-235.765184;1.7639999;0.147;0.196;1;1173322496
-235.751573;1.7639999;0.098;0.147;1;1173336107
-235.739755;1.7639999;0.147;0.196;1;1173347925
-235.728815;1.7149999;0.147;0.196;1;1173358865
-235.711812;1.7639999;0.098;0.147;1;1173375868
-235.700100;1.7639999;0.098;0.196;1;1173387580
-235.688832;1.813;0.098;0.196;1;1173398848
-235.675541;1.7639999;0.098;0.196;1;1173412139
-235.634645;1.7639999;0.147;0.147;1;1173453035
-235.619490;1.813;0.147;0.147;1;1173468190
-235.606793;1.7639999;0.196;0.196;1;1173480887
-235.591293;1.7149999;0.147;0.196;1;1173496387
-235.578860;1.7639999;0.098;0.196;1;1173508820
-235.567133;1.7639999;0.147;0.196;1;1173520547
-235.555295;1.7639999;0.147;0.196;1;1173532385
-235.536767;1.813;0.147;0.147;1;1173550913
-235.514287;1.7639999;0.147;0.196;1;1173573393
-235.502532;1.7639999;0.147;0.147;1;1173585148
-235.490556;1.7639999;0.098;0.147;1;1173597124
-235.479960;1.7639999;0.196;0.294;1;1173607720
-235.465563;1.7639999;0.147;0.147;1;1173622117
-235.454796;1.7639999;0.147;0.147;1;1173632884
-235.442229;1.7639999;0.147;0.147;1;1173645451
-235.431544;1.7639999;0.147;0.196;1;1173656136
-235.414091;1.813;0.098;0.244999984;1;1173673589
-235.401063;1.813;0.098;0.244999984;1;1173686617
-235.378075;1.7639999;0.098;0.196;1;1173709605
-235.363809;1.813;0.098;0.196;1;1173723871
-235.352716;1.7639999;0.147;0.147;1;1173734964
-235.341324;1.7149999;0.098;0.196;1;1173746356
-235.316153;1.7639999;0.098;0.196;1;1173771527
-235.292428;1.7639999;0.196;0.196;1;1173795252
-235.281608;1.7639999;0.098;0.196;1;1173806072
-235.270293;1.7639999;0.147;0.196;1;1173817387
-235.247966;1.7639999;0.098;0.196;1;1173839714
-235.231598;1.813;0.098;0.147;1;1173856082
-235.193169;1.7639999;0.098;0.147;1;1173894511
-235.167802;1.7639999;0.147;0.196;1;1173919878
-235.149934;1.813;0.098;0.196;1;1173937746
-235.138317;1.7639999;0.147;0.196;1;1173949363
-235.127527;1.7639999;0.147;0.196;1;1173960153
-235.116216;1.7639999;0.147;0.196;1;1173971464
-235.100559;1.7639999;0.098;0.147;1;1173987121
-235.089265;1.7149999;0.196;0.196;1;1173998415
-235.074549;1.862;0.098;0.147;1;1174013131
-235.061921;1.7639999;0.147;0.196;1;1174025759
-235.050581;1.813;0.147;0.196;1;1174037099
-235.035153;1.813;0.098;0.147;1;1174052527
-235.022606;1.813;0.147;0.147;1;1174065074
-235.009824;1.813;0.098;0.196;1;1174077856
-234.992730;1.7639999;0.098;0.244999984;1;1174094950
-234.976956;1.7639999;0.098;0.147;1;1174110724
-234.962910;1.813;0.098;0.196;1;1174124770
-234.951109;1.7639999;0.147;0.196;1;1174136571
-234.933680;1.7639999;0.098;0.147;1;1174154000
-234.912920;1.7639999;0.147;0.147;1;1174174760
-234.895395;1.7639999;0.147;0.147;1;1174192285
-234.882512;1.7149999;0.147;0.196;1;1174205168
-234.871694;1.7639999;0.098;0.196;1;1174215986
-234.842841;1.813;0.147;0.147;1;1174244839
-234.830333;1.813;0.098;0.196;1;1174257347
-234.810844;1.7639999;0.098;0.147;1;1174276836
-234.796966;1.7639999;0.147;0.244999984;1;1174290714
-234.783745;1.813;0.098;0.196;1;1174303935
-234.736149;1.7149999;0.147;0.147;1;1174351531
-234.724470;1.7639999;0.147;0.147;1;1174363210
-234.711214;1.7639999;0.098;0.196;1;1174376466
-234.697797;1.813;0.098;0.196;1;1174389883
-234.686836;1.7639999;0.098;0.196;1;1174400844
-234.675160;1.7639999;0.147;0.147;1;1174412520
-234.664866;1.862;0.098;0.196;1;1174422814
-234.650304;1.7639999;0.147;0.196;1;1174437376
-234.629874;1.7639999;0.049;0.147;1;1174457806
-234.618066;1.7639999;0.147;0.147;1;1174469614
-234.601832;1.7639999;0.098;0.196;1;1174485848
-234.590452;1.7639999;0.147;0.147;1;1174497228
-234.578227;1.7149999;0.098;0.196;1;1174509453
-234.566391;1.7639999;0.098;0.196;1;1174521289
-234.555262;1.7639999;0.147;0.147;1;1174532418
-234.541513;1.7639999;0.147;0.196;1;1174546167
-234.529832;1.7639999;0.098;0.196;1;1174557848
-234.511331;1.7149999;0.147;0.196;1;1174576349
-234.498961;1.7639999;0.147;0.196;1;1174588719
-234.487103;1.7639999;0.147;0.196;1;1174600577
-234.475415;1.7639999;0.147;0.244999984;1;1174612265
-234.441574;1.7149999;0.147;0.147;1;1174646106
-234.430284;1.7639999;0.098;0.196;1;1174657396
-234.419662;1.7639999;0.147;0.147;1;1174668018
-234.402195;1.813;0.098;0.098;1;1174685485
-234.388835;1.813;0.098;0.196;1;1174698845
-234.371647;1.7639999;0.147;0.244999984;1;1174716033
-234.339365;1.813;0.196;0.147;1;1174748315
-234.321637;1.862;0.147;0.196;1;1174766043
-234.287347;1.7639999;0.147;0.147;1;1174800333
-234.269755;1.7149999;0.196;0.196;1;1174817925
-234.246029;1.7639999;0.196;0.147;1;1174841651
-234.234691;1.7639999;0.098;0.196;1;1174852989
-234.221546;1.813;0.147;0.196;1;1174866134
-234.204534;1.7639999;0.147;0.196;1;1174883146
-234.193744;1.813;0.147;0.196;1;1174893936
-234.182064;1.813;0.098;0.147;1;1174905616
-234.168364;1.813;0.098;0.147;1;1174919316
-234.153670;1.7149999;0.147;0.196;1;1174934010
-234.142810;1.813;0.098;0.147;1;1174944870
-234.130346;1.7639999;0.147;0.244999984;1;1174957334
-234.119980;1.7639999;0.098;0.196;1;1174967700
-234.098990;1.7639999;0.147;0.196;1;1174988690
-234.087857;1.7639999;0.147;0.196;1;1174999823
-234.076585;1.7639999;0.147;0.196;1;1175011095
-234.065846;1.7639999;0.147;0.147;1;1175021834
-234.050589;1.7639999;0.147;0.147;1;1175037091
-234.039988;1.7149999;0.147;0.196;1;1175047692
-234.028728;1.813;0.147;0.196;1;1175058952
-234.010834;1.813;0.147;0.147;1;1175076846
-233.998229;1.813;0.098;0.196;1;1175089451
-233.985294;1.7149999;0.147;0.147;1;1175102386
-233.974787;1.813;0.147;0.196;1;1175112893
-233.963184;1.813;0.147;0.196;1;1175124496
-233.949872;1.7639999;0.147;0.196;1;1175137808
-233.938984;1.7639999;0.098;0.196;1;1175148696
-233.927603;1.7639999;0.147;0.196;1;1175160077
-233.912021;1.7639999;0.147;0.196;1;1175175659
-233.860980;1.7639999;0.147;0.244999984;1;1175226700
-233.845995;1.7639999;0.098;0.196;1;1175241685
-233.831384;1.7639999;0.147;0.147;1;1175256296
-233.809868;1.813;0.098;0.147;1;1175277812
-233.798851;1.7639999;0.147;0.196;1;1175288829
-233.787562;1.7639999;0.147;0.196;1;1175300118
-233.776332;1.813;0.098;0.196;1;1175311348
-233.765778;1.813;0.098;0.196;1;1175321902
-233.749725;1.7149999;0.147;0.147;1;1175337955
-233.738359;1.813;0.147;0.147;1;1175349321
-233.720188;1.813;0.147;0.147;1;1175367492
-233.706898;1.7149999;0.147;0.147;1;1175380782
-233.681178;1.813;0.098;0.196;1;1175406502
-233.661699;1.7639999;0.147;0.196;1;1175425981
-233.646581;1.7639999;0.098;0.244999984;1;1175441099
-233.631767;1.7639999;0.098;0.147;1;1175455913
-233.614096;1.7149999;0.147;0.244999984;1;1175473584
-233.600404;1.7639999;0.147;0.147;1;1175487276
-233.577980;1.813;0.147;0.147;1;1175509700
-233.566864;1.7639999;0.147;0.147;1;1175520816
-233.550216;1.7639999;0.147;0.147;1;1175537464
-233.540027;1.7639999;0.147;0.196;1;1175547653
-233.528845;1.7639999;0.196;0.098;1;1175558835
-233.517818;1.7149999;0.147;0.196;1;1175569862
-233.501656;1.813;0.098;0.147;1;1175586024
-233.487768;1.813;0.147;0.196;1;1175599912
-233.455109;1.7639999;0.098;0.147;1;1175632571
-233.433278;1.813;0.147;0.147;1;1175654402
-233.414425;1.7639999;0.147;0.196;1;1175673255
-233.402061;1.813;0.147;0.196;1;1175685619
-233.379652;1.7639999;0.098;0.147;1;1175708028
-233.367020;1.7639999;0.098;0.098;1;1175720660
-233.341706;1.7639999;0.147;0.147;1;1175745974
-233.329557;1.7639999;0.147;0.196;1;1175758123
-233.318630;1.7639999;0.147;0.196;1;1175769050
-233.307804;1.7639999;0.098;0.196;1;1175779876
-233.296071;1.7639999;0.098;0.196;1;1175791609
-233.285884;1.7639999;0.098;0.147;1;1175801796
-233.274078;1.813;0.147;0.147;1;1175813602
-233.263722;1.7639999;0.147;0.147;1;1175823958
-233.248919;1.7639999;0.147;0.147;1;1175838761
-233.231349;1.813;0.098;0.196;1;1175856331
-233.218099;1.7639999;0.147;0.147;1;1175869581
-233.189259;1.7149999;0.196;0.147;1;1175898421
-233.178703;1.813;0.147;0.196;1;1175908977
-233.160934;1.7639999;0.147;0.147;1;1175926746
-233.145912;1.7149999;0.147;0.147;1;1175941768
-233.133290;1.7639999;0.147;0.196;1;1175954390
-233.118893;1.7639999;0.098;0.196;1;1175968787
-233.107830;1.7639999;0.147;0.196;1;1175979850
-233.096790;1.7149999;0.196;0.147;1;1175990890
-233.085726;1.7639999;0.147;0.147;1;1176001954
-233.074127;1.813;0.098;0.196;1;1176013553
-233.062885;1.813;0.098;0.147;1;1176024795
-233.017961;1.813;0.147;0.147;1;1176069719
-233.003140;1.7149999;0.147;0.196;1;1176084540
-232.988375;1.7639999;0.098;0.147;1;1176099305
-232.977594;1.7639999;0.098;0.196;1;1176110086
-232.966199;1.7639999;0.098;0.147;1;1176121481
-232.953510;1.7639999;0.098;0.147;1;1176134170
-232.941018;1.813;0.147;0.196;1;1176146662
-232.930680;1.7639999;0.147;0.147;1;1176157000
-232.918635;1.7639999;0.196;0.244999984;1;1176169045
-232.903205;1.7639999;0.147;0.196;1;1176184475
-232.879536;1.7639999;0.147;0.147;1;1176208144
-232.867175;1.7639999;0.147;0.196;1;1176220505
-232.856584;1.7639999;0.147;0.196;0;1176231096
-232.841843;1.7639999;0.147;0.147;2;1176245837
-232.825350;1.7149999;0.196;0.147;1;1176262330
-232.812677;1.7639999;0.098;0.147;1;1176275003
-232.798703;1.813;0.098;0.196;1;1176288977
-232.787505;1.813;0.147;0.147;1;1176300175
-232.776383;1.7639999;0.147;0.196;1;1176311297
-232.749477;1.7639999;0.098;0.147;1;1176338203
-232.738653;1.7149999;0.098;0.196;1;1176349027
-232.715618;1.7149999;0.147;0.147;1;1176372062
-232.701374;1.7639999;0.147;0.147;1;1176386306
-232.688104;1.813;0.147;0.147;1;1176399576
-232.671349;1.7639999;0.147;0.147;1;1176416331
-232.641589;1.7639999;0.147;0.147;1;1176446091
-232.627575;1.7639999;0.147;0.196;1;1176460105
-232.584017;1.7639999;0.147;0.196;1;1176503663
-232.568435;1.813;0.196;0.196;1;1176519245
-232.544862;1.7639999;0.147;0.147;1;1176542818
-232.531366;1.7639999;0.147;0.147;1;1176556314
-232.511782;1.7149999;0.147;0.196;1;1176575898
-232.499401;1.7149999;0.147;0.147;1;1176588279
-232.476903;1.7639999;0.147;0.147;1;1176610777
-232.465462;1.7639999;0.098;0.147;1;1176622218
-232.450837;1.813;0.147;0.196;1;1176636843
-232.432906;1.7149999;0.098;0.196;1;1176654774
-232.411585;1.7639999;0.147;0.147;1;1176676095
-232.400520;1.813;0.147;0.147;1;1176687160
-232.388390;1.7639999;0.147;0.196;1;1176699290
-232.377597;1.7639999;0.098;0.147;1;1176710083
-232.363825;1.813;0.098;0.196;1;1176723855
-232.348959;1.7639999;0.147;0.147;1;1176738721
-232.337990;1.7639999;0.147;0.244999984;1;1176749690
-232.326669;1.7149999;0.147;0.196;1;1176761011
-232.315705;1.7149999;0.147;0.196;1;1176771975
-232.302766;1.7149999;0.147;0.196;1;1176784914
-232.277913;1.7639999;0.147;0.147;1;1176809767
-232.265091;1.7639999;0.147;0.196;1;1176822589
-232.250832;1.7639999;0.098;0.147;1;1176836848
-232.236737;1.7639999;0.147;0.244999984;1;1176850943
-232.214902;1.7639999;0.147;0.196;1;1176872778
-232.202539;1.7149999;0.147;0.147;1;1176885141
-232.180056;1.7639999;0.147;0.147;1;1176907624
-232.143973;1.7149999;0.147;0.196;1;1176943707
-232.122008;1.7149999;0.196;0.196;1;1176965672
-232.103554;1.7639999;0.147;0.196;1;1176984126
-232.078878;1.7639999;0.098;0.147;1;1177008802
-232.067572;1.7639999;0.098;0.147;1;1177020108
-232.037827;1.7639999;0.196;0.196;1;1177049853
-232.025340;1.7639999;0.098;0.196;1;1177062340
-232.006398;1.7149999;0.196;0.147;1;1177081282
-231.995758;1.7639999;0.147;0.196;1;1177091922
-231.983732;1.7639999;0.098;0.196;1;1177103948
-231.972869;1.7639999;0.147;0.147;1;1177114811
-231.956640;1.7639999;0.147;0.196;1;1177131040
-231.942650;1.813;0.147;0.196;1;1177145030
-231.930318;1.7639999;0.196;0.196;1;1177157362
-231.912873;1.7639999;0.098;0.244999984;1;1177174807
-231.901687;1.813;0.098;0.196;1;1177185993
-231.889854;1.7639999;0.147;0.196;1;1177197826
-231.878794;1.7639999;0.147;0.196;1;1177208886
-231.867640;1.7639999;0.147;0.196;1;1177220040
-231.852181;1.7639999;0.147;0.147;1;1177235499
-231.841472;1.7149999;0.098;0.196;1;1177246208
-231.810720;1.7639999;0.147;0.098;1;1177276960
-231.778861;1.7639999;0.098;0.147;1;1177308819
-231.767884;1.7639999;0.147;0.147;1;1177319796
-231.754364;1.813;0.098;0.196;1;1177333316
-231.732897;1.7639999;0.098;0.147;1;1177354783
-231.687094;1.7149999;0.147;0.196;1;1177400586
-231.672930;1.7149999;0.147;0.196;1;1177414750
-231.660703;1.813;0.147;0.196;1;1177426977
-231.633329;1.7639999;0.147;0.196;1;1177454351
-231.622946;1.7639999;0.098;0.196;1;1177464734
-231.610545;1.813;0.147;0.098;1;1177477135
-231.597697;1.7639999;0.196;0.196;1;1177489983
-231.579068;1.7639999;0.049;0.196;1;1177508612
-231.567886;1.813;0.098;0.196;1;1177519794
-231.556629;1.813;0.147;0.196;1;1177531051
-231.545643;1.813;0.098;0.147;1;1177542037
-231.531312;1.7149999;0.147;0.196;1;1177556368
-231.509605;1.813;0.098;0.147;1;1177578075
-231.476119;1.7639999;0.098;0.147;1;1177611561
-231.457021;1.7639999;0.098;0.196;1;1177630659
-231.445835;1.7639999;0.196;0.196;1;1177641845
-231.411634;1.813;0.147;0.147;1;1177676046
-231.400029;1.7639999;0.098;0.196;1;1177687651
-231.388635;1.7149999;0.147;0.147;1;1177699045
-231.374549;1.7639999;0.147;0.196;1;1177713131
-231.359453;1.7639999;0.147;0.244999984;1;1177728227
-231.346926;1.7149999;0.147;0.196;1;1177740754
-231.333451;1.813;0.147;0.147;1;1177754229
-231.312921;1.7639999;0.147;0.147;1;1177774759
-231.292812;1.7639999;0.147;0.147;1;1177794868
-231.256594;1.813;0.098;0.147;1;1177831086
-231.237366;1.7149999;0.147;0.147;1;1177850314
-231.226659;1.7639999;0.147;0.147;1;1177861021
-231.212287;1.7639999;0.147;0.196;1;1177875393
-231.201615;1.7639999;0.098;0.196;1;1177886065
-231.190833;1.7639999;0.147;0.147;1;1177896847
-231.179451;1.813;0.098;0.098;1;1177908229
-231.167050;1.7639999;0.147;0.196;1;1177920630
-231.154895;1.862;0.098;0.147;1;1177932785
-231.134924;1.7149999;0.147;0.196;1;1177952756
-231.113595;1.7639999;0.147;0.196;1;1177974085
-231.100716;1.7639999;0.147;0.196;1;1177986964
-231.078712;1.7639999;0.147;0.196;1;1178008968
-231.063662;1.7639999;0.196;0.147;1;1178024018
-231.049987;1.7149999;0.098;0.196;1;1178037693
-231.037548;1.7639999;0.147;0.147;1;1178050132
-231.022881;1.7639999;0.098;0.196;1;1178064799
-231.011313;1.7639999;0.098;0.196;1;1178076367
-230.999810;1.7639999;0.147;0.196;1;1178087870
-230.987713;1.7639999;0.147;0.147;1;1178099967
-230.976666;1.7639999;0.196;0.196;1;1178111014
-230.962668;1.7149999;0.147;0.196;1;1178125012
-230.951867;1.7639999;0.147;0.147;1;1178135813
-230.940830;1.7639999;0.098;0.147;1;1178146850
-230.929884;1.7639999;0.147;0.147;1;1178157796
-230.918904;1.7639999;0.147;0.196;1;1178168776
-230.892845;1.7149999;0.147;0.147;1;1178194835
-230.880355;1.7639999;0.098;0.244999984;1;1178207325
-230.861349;1.813;0.147;0.147;1;1178226331
-230.825928;1.7639999;0.147;0.147;1;1178261752
-230.809981;1.813;0.147;0.196;1;1178277699
-230.792636;1.7639999;0.098;0.147;1;1178295044
-230.779771;1.7639999;0.147;0.196;1;1178307909
-230.768782;1.7639999;0.147;0.244999984;1;1178318898
-230.755326;1.7639999;0.098;0.196;1;1178332354
-230.744290;1.7639999;0.147;0.196;1;1178343390
-230.731488;1.813;0.098;0.196;1;1178356192
-230.711834;1.813;0.147;0.196;1;1178375846
-230.697206;1.7149999;0.196;0.147;1;1178390474
-230.679775;1.7639999;0.098;0.196;1;1178407905
-230.648636;1.813;0.147;0.196;1;1178439044
-230.620608;1.7149999;0.098;0.147;1;1178467072
-230.586648;1.7149999;0.147;0.244999984;1;1178501032
-230.572790;1.7639999;0.147;0.196;1;1178514890
-230.544088;1.7639999;0.147;0.196;1;1178543592
-230.532785;1.813;0.098;0.196;1;1178554895
-230.513947;1.7639999;0.147;0.147;1;1178573733
-230.500800;1.7149999;0.147;0.147;1;1178586880
-230.484881;1.813;0.098;0.244999984;1;1178602799
-230.473907;1.7639999;0.098;0.196;1;1178613773
-230.461440;1.813;0.098;0.196;1;1178626240
-230.450960;1.7149999;0.098;0.098;1;1178636720
-230.433150;1.7639999;0.098;0.196;1;1178654530
-230.421132;1.813;0.147;0.147;1;1178666548
-230.403175;1.813;0.196;0.147;1;1178684505
-230.379786;1.7639999;0.147;0.147;1;1178707894
-230.366160;1.7149999;0.147;0.196;1;1178721520
-230.326253;1.7149999;0.098;0.196;1;1178761427
-230.312100;1.813;0.147;0.244999984;1;1178775580
-230.284733;1.7149999;0.147;0.244999984;1;1178802947
-230.271323;1.7149999;0.196;0.147;1;1178816357
-230.255738;1.813;0.147;0.147;1;1178831942
-230.244976;1.7639999;0.147;0.147;1;1178842704
-230.232951;1.7639999;0.147;0.196;1;1178854729
-230.220978;1.813;0.147;0.147;1;1178866702
-230.209711;1.7639999;0.147;0.147;1;1178877969
-230.197294;1.7639999;0.147;0.147;1;1178890386
-230.186329;1.7639999;0.147;0.196;1;1178901351
-230.173773;1.7639999;0.147;0.244999984;1;1178913907
-230.157101;1.7149999;0.196;0.098;1;1178930579
-230.144198;1.7639999;0.147;0.196;1;1178943482
-230.133707;1.7149999;0.098;0.196;1;1178953973
-230.116265;1.7639999;0.098;0.196;1;1178971415
-230.105031;1.813;0.147;0.196;1;1178982649
-230.083022;1.813;0.098;0.196;1;1179004658
-230.064733;1.7639999;0.147;0.196;1;1179022947
-230.052918;1.7149999;0.147;0.147;1;1179034762
-230.040470;1.813;0.147;0.196;1;1179047210
-230.022904;1.7639999;0.147;0.196;1;1179064776
-230.010722;1.7639999;0.098;0.196;1;1179076958
-229.999436;1.7639999;0.098;0.147;1;1179088244
-229.977924;1.7639999;0.147;0.196;1;1179109756
-229.963344;1.7149999;0.147;0.196;1;1179124336
-229.952845;1.7639999;0.098;0.196;1;1179134835
-229.941562;1.7149999;0.098;0.147;1;1179146118
-229.922892;1.813;0.147;0.147;1;1179164788
-229.875484;1.813;0.147;0.147;1;1179212196
-229.856692;1.7149999;0.098;0.147;1;1179230988
-229.843438;1.7639999;0.147;0.196;1;1179244242
-229.821004;1.7639999;0.147;0.196;1;1179266676
-229.809822;1.7149999;0.147;0.196;1;1179277858
-229.797493;1.7149999;0.147;0.147;1;1179290187
-229.786320;1.7639999;0.098;0.098;1;1179301360
-229.775181;1.7639999;0.098;0.196;1;1179312499
-229.747732;1.7149999;0.196;0.196;1;1179339948
-229.736960;1.7639999;0.147;0.196;1;1179350720
-229.711599;1.813;0.098;0.147;1;1179376081
-229.700801;1.862;0.098;0.196;1;1179386879
-229.688271;1.813;0.196;0.147;1;1179399409
-229.677699;1.7639999;0.147;0.196;1;1179409981
-229.664981;1.7639999;0.098;0.196;1;1179422699
-229.650427;1.813;0.098;0.196;1;1179437253
-229.638155;1.7639999;0.098;0.196;1;1179449525
-229.621778;1.7639999;0.098;0.098;1;1179465902
-229.608505;1.7149999;0.147;0.196;1;1179479175
-229.591635;1.813;0.147;0.196;1;1179496045
-229.579678;1.7639999;0.196;0.196;1;1179508002
-229.567972;1.7639999;0.147;0.147;1;1179519708
-229.556338;1.7639999;0.147;0.147;1;1179531342
-229.545628;1.7639999;0.147;0.147;1;1179542052
-229.532608;1.7639999;0.147;0.147;1;1179555072
-229.509853;1.813;0.098;0.147;1;1179577827
-229.473229;1.7639999;0.147;0.196;1;1179614451
-229.459310;1.7639999;0.147;0.196;1;1179628370
-229.446499;1.813;0.098;0.147;1;1179641181
-229.431738;1.7639999;0.147;0.196;1;1179655942
-229.401557;1.7149999;0.147;0.147;1;1179686123
-229.380250;1.813;0.147;0.147;1;1179707430
-229.367899;1.7149999;0.196;0.196;1;1179719781
-229.356068;1.7639999;0.147;0.244999984;1;1179731612
-229.340004;1.7639999;0.098;0.147;1;1179747676
-229.320175;1.7149999;0.147;0.147;1;1179767505
-229.308703;1.7639999;0.098;0.147;1;1179778977
-229.294434;1.7639999;0.098;0.147;1;1179793246
-229.281184;1.7639999;0.147;0.147;1;1179806496
-229.270727;1.7149999;0.098;0.147;1;1179816953
-229.257179;1.7639999;0.147;0.196;1;1179830501
-229.241639;1.7639999;0.147;0.098;1;1179846041
-229.228952;1.7149999;0.098;0.196;1;1179858728
-229.217093;1.7639999;0.098;0.196;1;1179870587
-229.205616;1.7639999;0.147;0.196;1;1179882064
-229.191697;1.7639999;0.196;0.147;1;1179895983
-229.179553;1.7639999;0.147;0.196;1;1179908127
-229.168111;1.7639999;0.098;0.196;1;1179919569
-229.154432;1.7639999;0.147;0.147;1;1179933248
-229.141092;1.7639999;0.147;0.196;1;1179946588
-229.129580;1.7639999;0.147;0.196;1;1179958100
-229.110742;1.7639999;0.098;0.196;1;1179976938
-229.100003;1.813;0.147;0.147;1;1179987677
-229.089783;1.7149999;0.147;0.196;1;1179997897
-229.078964;1.7639999;0.098;0.147;1;1180008716
-229.048854;1.7149999;0.147;0.147;1;1180038826
-229.031126;1.862;0.147;0.098;1;1180056554
-229.017397;1.7639999;0.147;0.244999984;1;1180070283
-229.005389;1.813;0.147;0.196;1;1180082291
-228.994654;1.7639999;0.147;0.244999984;1;1180093026
-228.982359;1.7639999;0.098;0.147;1;1180105321
-228.971669;1.7639999;0.098;0.196;1;1180116011
-228.949569;1.813;0.147;0.196;1;1180138111
-228.938989;1.7639999;0.098;0.196;1;1180148691
-228.927574;1.7639999;0.147;0.147;1;1180160106
-228.911763;1.7639999;0.098;0.147;1;1180175917
-228.899106;1.813;0.196;0.196;1;1180188574
-228.886865;1.813;0.147;0.196;1;1180200815
-228.875386;1.813;0.098;0.147;1;1180212294
-228.860697;1.7639999;0.098;0.196;1;1180226983
-228.850020;1.7639999;0.147;0.196;1;1180237660
-228.838940;1.7639999;0.098;0.147;1;1180248740
-228.828003;1.7639999;0.098;0.147;1;1180259677
-228.815113;1.7639999;0.098;0.147;1;1180272567
-228.800175;1.813;0.098;0.244999984;1;1180287505
-228.786941;1.7639999;0.147;0.196;1;1180300739
-228.772936;1.7639999;0.098;0.196;1;1180314744
-228.761927;1.813;0.147;0.196;1;1180325753
-228.745575;1.7149999;0.147;0.147;1;1180342105
-228.734834;1.7639999;0.196;0.196;1;1180352846
-228.722671;1.7149999;0.098;0.196;1;1180365009
-228.707137;1.7639999;0.147;0.196;1;1180380543
-228.681263;1.7639999;0.147;0.147;1;1180406417
-228.668902;1.7639999;0.098;0.147;1;1180418778
-228.628007;1.7149999;0.147;0.196;1;1180459673
-228.614214;1.7639999;0.098;0.196;1;1180473466
-228.595917;1.7639999;0.147;0.196;1;1180491763
-228.581972;1.7149999;0.196;0.098;1;1180505708
-228.565425;1.7639999;0.147;0.196;1;1180522255
-228.553972;1.7639999;0.147;0.147;1;1180533708
-228.540182;1.813;0.098;0.196;1;1180547498
-228.522916;1.7639999;0.147;0.147;1;1180564764
-228.508891;1.7639999;0.098;0.196;1;1180578789
-228.497653;1.7639999;0.147;0.196;1;1180590027
-228.486912;1.7639999;0.098;0.196;1;1180600768
-228.475854;1.7639999;0.098;0.196;1;1180611826
-228.461330;1.7639999;0.098;0.196;1;1180626350
-228.450622;1.7639999;0.147;0.147;1;1180637058
-228.432551;1.7639999;0.098;0.147;1;1180655129
-228.410217;1.7639999;0.147;0.147;1;1180677463
-228.397307;1.7639999;0.147;0.147;1;1180690373
-228.384307;1.7639999;0.147;0.196;1;1180703373
-228.373744;1.813;0.098;0.244999984;1;1180713936
-228.341422;1.7639999;0.098;0.244999984;1;1180746258
-228.329858;1.7639999;0.049;0.196;1;1180757822
-228.311698;1.7639999;0.147;0.244999984;1;1180775982
-228.300188;1.7639999;0.098;0.196;1;1180787492
-228.288366;1.7639999;0.098;0.147;1;1180799314
-228.274690;1.7639999;0.098;0.196;1;1180812990
-228.256692;1.7639999;0.147;0.196;1;1180830988
-228.240619;1.7639999;0.147;0.196;1;1180847061
-228.212877;1.7639999;0.147;0.196;1;1180874803
-228.201763;1.7639999;0.098;0.196;1;1180885917
-228.142951;1.7639999;0.147;0.147;1;1180944729
-228.131120;1.7639999;0.147;0.196;1;1180956560
-228.111899;1.7639999;0.098;0.196;1;1180975781
-228.097699;1.7639999;0.098;0.147;1;1180989981
-228.086696;1.7639999;0.147;0.147;1;1181000984
-228.075688;1.7639999;0.147;0.196;1;1181011992
-228.064861;1.7639999;0.147;0.147;1;1181022819
-228.051245;1.7639999;0.147;0.147;1;1181036435
-228.039249;1.7639999;0.147;0.196;1;1181048431
-228.027309;1.7149999;0.147;0.147;1;1181060371
-228.016834;1.7639999;0.196;0.196;1;1181070846
-228.005832;1.7639999;0.098;0.196;1;1181081848
-227.994835;1.813;0.098;0.196;1;1181092845
-227.978994;1.7639999;0.147;0.196;1;1181108686
-227.967778;1.7639999;0.147;0.196;1;1181119902
-227.944077;1.7639999;0.147;0.147;1;1181143603
-227.930446;1.7639999;0.147;0.196;1;1181157234
-227.911684;1.7639999;0.147;0.196;1;1181175996
-227.900592;1.7639999;0.147;0.147;1;1181187088
-227.885788;1.7639999;0.147;0.147;1;1181201892
-227.873847;1.813;0.147;0.147;1;1181213833
-227.862336;1.7639999;0.147;0.147;1;1181225344
-227.850377;1.7639999;0.147;0.196;1;1181237303
-227.839449;1.7639999;0.098;0.196;1;1181248231
-227.811405;1.7149999;0.147;0.196;1;1181276275
-227.800436;1.7639999;0.098;0.147;1;1181287244
-227.787109;1.7639999;0.098;0.196;1;1181300571
-227.774919;1.7639999;0.147;0.196;1;1181312761
-227.763764;1.7639999;0.098;0.196;1;1181323916
-227.711148;1.7639999;0.098;0.196;1;1181376532
-227.697718;1.7639999;0.147;0.196;1;1181389962
-227.686089;1.7639999;0.196;0.147;1;1181401591
-227.672352;1.7639999;0.147;0.244999984;1;1181415328
-227.652296;1.7639999;0.147;0.244999984;1;1181435384
-227.641982;1.7639999;0.147;0.147;1;1181445698
-227.614598;1.7639999;0.147;0.147;1;1181473082
-227.591414;1.813;0.098;0.147;1;1181496266
-227.578748;1.813;0.147;0.196;1;1181508932
-227.567905;1.813;0.098;0.196;1;1181519775
-227.553870;1.7639999;0.147;0.196;1;1181533810
-227.535978;1.862;0.147;0.196;1;1181551702
-227.513458;1.7639999;0.147;0.244999984;1;1181574222
-227.500903;1.813;0.098;0.147;1;1181586777
-227.489839;1.7639999;0.147;0.196;1;1181597841
-227.478917;1.7639999;0.147;0.147;1;1181608763
-227.467542;1.862;0.098;0.147;1;1181620138
-227.450102;1.7639999;0.147;0.196;1;1181637578
-227.438125;1.7639999;0.147;0.196;1;1181649555
-227.422874;1.813;0.098;0.196;1;1181664806
-227.411829;1.7639999;0.147;0.196;1;1181675851
-227.397096;1.813;0.147;0.147;1;1181690584
-227.383227;1.813;0.098;0.147;1;1181704453
-227.370668;1.7639999;0.098;0.196;1;1181717012
-227.347934;1.7149999;0.196;0.196;1;1181739746
-227.331831;1.7639999;0.147;0.147;1;1181755849
-227.313371;1.7639999;0.147;0.147;1;1181774309
-227.302847;1.7639999;0.147;0.196;1;1181784833
-227.273410;1.7639999;0.098;0.147;1;1181814270
-227.246540;1.7639999;0.098;0.147;1;1181841140
-227.235517;1.813;0.098;0.196;1;1181852163
-227.221387;1.813;0.147;0.147;1;1181866293
-227.209844;1.7149999;0.098;0.196;1;1181877836
-227.188349;1.7639999;0.147;0.196;1;1181899331
-227.177040;1.7639999;0.147;0.196;1;1181910640
-227.164998;1.7639999;0.147;0.147;1;1181922682
-227.147640;1.7639999;0.147;0.147;1;1181940040
-227.126256;1.7149999;0.147;0.147;1;1181961424
-227.110274;1.7639999;0.147;0.147;1;1181977406
-227.080899;1.7639999;0.147;0.147;1;1182006781
-227.066511;1.7639999;0.147;0.147;1;1182021169
-227.053682;1.7639999;0.147;0.147;1;1182033998
-227.041561;1.7639999;0.147;0.147;1;1182046119
-227.030442;1.813;0.147;0.147;1;1182057238
-227.019997;1.7149999;0.196;0.196;1;1182067683
-226.994374;1.7639999;0.098;0.196;1;1182093306
-226.983918;1.7639999;0.147;0.196;1;1182103762
-226.971507;1.7639999;0.147;0.147;1;1182116173
-226.948591;1.7149999;0.147;0.196;1;1182139089
-226.937763;1.813;0.098;0.196;1;1182149917
-226.911770;1.7639999;0.147;0.196;1;1182175910
-226.899950;1.7639999;0.147;0.196;1;1182187730
-226.865893;1.7639999;0.098;0.196;1;1182221787
-226.845254;1.7639999;0.098;0.196;1;1182242426
-226.830681;1.813;0.098;0.147;1;1182256999
-226.811567;1.7639999;0.098;0.196;1;1182276113
-226.800783;1.7149999;0.098;0.147;1;1182286897
-226.781671;1.7639999;0.098;0.196;1;1182306009
-226.769353;1.813;0.147;0.196;1;1182318327
-226.751165;1.7149999;0.147;0.196;1;1182336515
-226.737601;1.813;0.147;0.147;1;1182350079
-226.722822;1.813;0.147;0.196;1;1182364858
-226.710278;1.813;0.098;0.147;1;1182377402
-226.692955;1.7639999;0.049;0.196;1;1182394725
-226.671655;1.7149999;0.147;0.147;1;1182416025
-226.648036;1.7639999;0.147;0.196;1;1182439644
-226.635727;1.7639999;0.147;0.196;1;1182451953
-226.611756;1.7639999;0.147;0.196;1;1182475924
-226.599613;1.7149999;0.196;0.147;1;1182488067
-226.587421;1.7639999;0.098;0.098;1;1182500259
-226.576382;1.7149999;0.147;0.147;1;1182511298
-226.565743;1.7149999;0.196;0.147;1;1182521937
-226.551224;1.7639999;0.147;0.098;1;1182536456
-226.541015;1.7639999;0.147;0.196;1;1182546665
-226.527923;1.7149999;0.098;0.147;1;1182559757
-226.511704;1.7639999;0.098;0.196;1;1182575976
-226.500618;1.7639999;0.098;0.196;1;1182587062
-226.480916;1.7149999;0.147;0.244999984;1;1182606764
-226.467907;1.7149999;0.147;0.196;1;1182619773
-226.436457;1.7639999;0.147;0.147;1;1182651223
-226.423089;1.7149999;0.196;0.196;1;1182664591
-226.388194;1.7639999;0.098;0.147;1;1182699486
-226.375947;1.7149999;0.098;0.147;1;1182711733
-226.364094;1.7639999;0.098;0.196;1;1182723586
-226.349439;1.7639999;0.147;0.147;1;1182738241
-226.338699;1.7639999;0.098;0.196;1;1182748981
-226.306763;1.7639999;0.147;0.147;1;1182780917
-226.280333;1.813;0.098;0.147;1;1182807347
-226.269236;1.813;0.098;0.098;1;1182818444
-226.247932;1.7639999;0.147;0.147;1;1182839748
-226.211013;1.7639999;0.147;0.147;1;1182876667
-226.178548;1.813;0.098;0.196;1;1182909132
-226.167922;1.7639999;0.196;0.244999984;1;1182919758
-226.145867;1.813;0.098;0.196;1;1182941813
-226.131789;1.7639999;0.147;0.244999984;1;1182955891
-226.119958;1.7639999;0.147;0.244999984;1;1182967722
-226.100176;1.813;0.147;0.147;1;1182987504
-226.087727;1.7639999;0.098;0.147;1;1182999953
-226.076703;1.813;0.098;0.196;1;1183010977
-226.061186;1.7639999;0.098;0.147;1;1183026494
-226.039595;1.7149999;0.196;0.196;1;1183048085
-226.028897;1.7639999;0.098;0.196;1;1183058783
-226.017184;1.7149999;0.147;0.196;1;1183070496
-226.005373;1.7639999;0.147;0.196;1;1183082307
-225.969338;1.7149999;0.147;0.147;1;1183118342
-225.940718;1.7149999;0.147;0.147;1;1183146962
-225.928090;1.7639999;0.098;0.147;1;1183159590
-225.917300;1.813;0.098;0.147;1;1183170380
-225.892860;1.7639999;0.147;0.196;1;1183194820
-225.881146;1.7639999;0.098;0.196;1;1183206534
-225.869742;1.7149999;0.147;0.196;1;1183217938
-225.854502;1.7149999;0.098;0.196;1;1183233178
-225.836027;1.7639999;0.098;0.147;1;1183251653
-225.812408;1.7639999;0.147;0.196;1;1183275272
-225.792873;1.7639999;0.098;0.098;1;1183294807
-225.779360;1.7639999;0.147;0.147;1;1183308320
-225.768807;1.7639999;0.147;0.147;1;1183318873
-225.745579;1.813;0.147;0.196;1;1183342101
-225.734612;1.862;0.147;0.147;1;1183353068
-225.720050;1.813;0.147;0.147;1;1183367630
-225.709011;1.7149999;0.098;0.196;1;1183378669
-225.691717;1.7639999;0.098;0.196;1;1183395963
-225.677936;1.813;0.147;0.196;1;1183409744
-225.656638;1.7639999;0.147;0.147;1;1183431042
-225.645912;1.7639999;0.098;0.196;1;1183441768
-225.633479;1.7639999;0.147;0.147;1;1183454201
-225.610252;1.7639999;0.098;0.196;1;1183477428
-225.599263;1.7639999;0.098;0.147;1;1183488417
-225.588439;1.813;0.196;0.196;1;1183499241
-225.574190;1.813;0.147;0.147;1;1183513490
-225.561404;1.7639999;0.147;0.147;1;1183526276
-225.543429;1.7639999;0.147;0.196;1;1183544251
-225.509538;1.7639999;0.098;0.147;1;1183578142
-225.497305;1.813;0.098;0.244999984;1;1183590375
-225.479205;1.7639999;0.098;0.196;1;1183608475
-225.465085;1.7639999;0.147;0.196;1;1183622595
-225.442654;1.7639999;0.196;0.196;1;1183645026
-225.421127;1.7149999;0.196;0.147;1;1183666553
-225.410598;1.7639999;0.244999984;0.196;1;1183677082
-225.390118;1.7639999;0.147;0.147;1;1183697562
-225.378936;1.813;0.147;0.147;1;1183708744
-225.367065;1.7149999;0.147;0.196;1;1183720615
-225.354632;1.7639999;0.147;0.098;1;1183733048
-225.343962;1.7149999;0.098;0.196;1;1183743718
-225.331341;1.7639999;0.147;0.147;1;1183756339
-225.320023;1.7639999;0.196;0.147;1;1183767657
-225.302813;1.813;0.098;0.196;1;1183784867
-225.279644;1.7639999;0.147;0.147;1;1183808036
-225.265034;1.813;0.147;0.196;1;1183822646
-225.250413;1.7639999;0.147;0.196;1;1183837267
-225.240046;1.813;0.196;0.196;1;1183847634
-225.228344;1.7149999;0.147;0.244999984;1;1183859336
-225.215461;1.7639999;0.098;0.244999984;1;1183872219
-225.202770;1.7639999;0.147;0.196;1;1183884910
-225.181670;1.7639999;0.147;0.196;1;1183906010
-225.167543;1.7639999;0.098;0.147;1;1183920137
-225.154371;1.813;0.147;0.196;1;1183933309
-225.143622;1.813;0.147;0.196;1;1183944058
-225.129919;1.7149999;0.147;0.147;1;1183957761
-225.118738;1.813;0.098;0.147;1;1183968942
-225.105009;1.7639999;0.147;0.196;1;1183982671
-225.056117;1.7149999;0.147;0.147;1;1184031563
-225.036707;1.7639999;0.098;0.196;1;1184050973
-225.013331;1.7149999;0.147;0.147;1;1184074349
-224.999158;1.7149999;0.098;0.147;1;1184088522
-224.987446;1.7639999;0.098;0.147;1;1184100234
-224.976835;1.7639999;0.147;0.147;1;1184110845
-224.953038;1.7149999;0.147;0.147;1;1184134642
-224.937377;1.813;0.098;0.147;1;1184150303
-224.916528;1.7639999;0.147;0.147;1;1184171152
-224.903786;1.7639999;0.147;0.196;1;1184183894
-224.884584;1.813;0.147;0.196;1;1184203096
-224.873962;1.7639999;0.147;0.147;1;1184213718
-224.860793;1.7149999;0.147;0.147;1;1184226887
-224.841152;1.7639999;0.147;0.147;1;1184246528
-224.828700;1.7639999;0.147;0.147;1;1184258980
-224.812887;1.813;0.098;0.147;1;1184274793
-224.801728;1.813;0.098;0.147;1;1184285952
-224.781125;1.7639999;0.098;0.244999984;1;1184306555
-224.766851;1.7639999;0.147;0.196;1;1184320829
-224.752685;1.7639999;0.147;0.147;1;1184334995
-224.741362;1.7639999;0.147;0.147;1;1184346318
-224.728091;1.813;0.147;0.196;1;1184359589
-224.712896;1.7639999;0.147;0.196;1;1184374784
-224.701701;1.7149999;0.147;0.098;1;1184385979
-224.690723;1.7149999;0.147;0.147;1;1184396957
-224.677818;1.7639999;0.147;0.147;1;1184409862
-224.627435;1.7149999;0.147;0.196;1;1184460245
-224.607211;1.7639999;0.098;0.196;1;1184480469
-224.593590;1.7149999;0.147;0.147;1;1184494090
-224.572438;1.7639999;0.147;0.147;1;1184515242
-224.561695;1.7639999;0.098;0.147;1;1184525985
-224.550671;1.7639999;0.147;0.147;1;1184537009
-224.539767;1.7639999;0.147;0.196;1;1184547913
-224.527836;1.7149999;0.147;0.196;1;1184559844
-224.514407;1.7639999;0.098;0.147;1;1184573273
-224.503756;1.813;0.147;0.196;1;1184583924
-224.478788;1.7639999;0.098;0.196;1;1184608892
-224.467789;1.7639999;0.098;0.196;1;1184619891
-224.456785;1.813;0.098;0.196;1;1184630895
-224.443715;1.7639999;0.098;0.196;1;1184643965
-224.422919;1.813;0.049;0.196;1;1184664761
-224.402872;1.813;0.098;0.196;1;1184684808
-224.384363;1.7639999;0.147;0.147;1;1184703317
-224.373826;1.7149999;0.196;0.196;1;1184713854
-224.362856;1.7639999;0.196;0.147;1;1184724824
-224.351675;1.7149999;0.147;0.196;1;1184736005
-224.340739;1.7639999;0.098;0.196;1;1184746941
-224.322916;1.813;0.098;0.196;1;1184764764
-224.302846;1.813;0.098;0.196;1;1184784834
-224.287112;1.7639999;0.098;0.196;1;1184800568
-224.276673;1.7639999;0.098;0.196;1;1184811007
-224.262140;1.7639999;0.147;0.147;1;1184825540
-224.251744;1.7639999;0.147;0.244999984;1;1184835936
-224.240056;1.813;0.147;0.196;1;1184847624
-224.222916;1.7149999;0.196;0.196;1;1184864764
-224.202824;1.7639999;0.098;0.196;1;1184884856
-224.150556;1.7639999;0.196;0.244999984;1;1184937124
-224.137702;1.7639999;0.098;0.196;1;1184949978
-224.115760;1.7639999;0.098;0.147;1;1184971920
-224.104855;1.7639999;0.098;0.196;1;1184982825
-224.079525;1.813;0.147;0.098;1;1185008155
-224.067101;1.7639999;0.196;0.147;1;1185020579
-224.049403;1.7639999;0.098;0.196;1;1185038277
-224.038915;1.7639999;0.147;0.196;1;1185048765
-224.020439;1.813;0.147;0.244999984;1;1185067241
-224.001056;1.7639999;0.147;0.196;1;1185086624
-223.988599;1.7639999;0.098;0.196;1;1185099081
-223.977176;1.7639999;0.196;0.196;1;1185110504
-223.962931;1.7639999;0.098;0.196;1;1185124749
-223.950926;1.7639999;0.147;0.147;1;1185136754
-223.939588;1.7639999;0.147;0.098;1;1185148092
-223.921841;1.813;0.098;0.196;1;1185165839
-223.909562;1.7149999;0.147;0.147;1;1185178118
-223.897065;1.7639999;0.147;0.196;1;1185190615
-223.884895;1.7639999;0.147;0.244999984;1;1185202785
-223.873717;1.7639999;0.147;0.147;1;1185213963
-223.860303;1.7639999;;0.021;1;1185227377
-223.849493;1.7639999;0.196;0.196;1;1185238187
-223.837973;1.7639999;0.098;0.196;1;1185249707
-223.821785;1.7639999;0.147;0.147;1;1185265895
-223.801613;1.813;0.098;0.147;1;1185286067
-223.787882;1.7639999;0.098;0.147;1;1185299798
-223.776764;1.7149999;0.147;0.147;1;1185310916
-223.719796;1.7149999;0.196;0.196;1;1185367884
-223.708096;1.7639999;0.098;0.147;1;1185379584
-223.690711;1.7639999;0.147;0.147;1;1185396969
-223.678443;1.7639999;0.147;0.147;1;1185409237
-223.663883;1.7639999;0.147;0.147;1;1185423797
-223.651911;1.7639999;0.098;0.098;1;1185435769
-223.617963;1.7639999;0.147;0.147;1;1185469717
-223.585706;1.7639999;0.147;0.244999984;1;1185501974
-223.574399;1.7639999;0.098;0.147;1;1185513281
-223.563763;1.813;0.147;0.147;1;1185523917
-223.546023;1.7639999;0.147;0.147;1;1185541657
-223.533184;1.813;0.147;0.147;1;1185554496
-223.519920;1.7639999;0.196;0.147;1;1185567760
-223.502850;1.7639999;0.098;0.147;1;1185584830
-223.490193;1.7149999;0.147;0.196;1;1185597487
-223.479899;1.7149999;0.147;0.147;1;1185607781
-223.467551;1.7639999;0.098;0.196;1;1185620129
-223.456741;1.7639999;0.147;0.196;1;1185630939
-223.443736;1.7639999;0.147;0.196;1;1185643944
-223.422923;1.7149999;0.196;0.147;1;1185664757
-223.409028;1.7639999;0.098;0.196;1;1185678652
-223.392826;1.7639999;0.147;0.196;1;1185694854
-223.380439;1.813;0.147;0.147;1;1185707241
-223.369694;1.813;0.147;0.244999984;1;1185717986
-223.357689;1.813;0.098;0.147;1;1185729991
-223.342864;1.7639999;0.098;0.098;1;1185744816
-223.330645;1.7639999;0.098;0.147;1;1185757035
-223.318329;1.7639999;0.098;0.147;1;1185769351
-223.270284;1.7149999;0.147;0.196;1;1185817396
-223.259459;;512;294;4252;1185828221
-223.248731;1.7639999;0.147;0.196;1;1185838949
-223.231647;1.7639999;0.098;0.196;1;1185856033
-223.202871;1.7639999;0.098;0.147;1;1185884809
-223.178876;1.813;0.147;0.196;1;1185908804
-223.167264;1.7639999;0.147;0.147;1;1185920416
-223.154903;1.7639999;0.147;0.196;1;1185932777
-223.143107;1.7639999;0.147;0.196;1;1185944573
-223.131651;1.7639999;0.098;0.147;1;1185956029
-223.120178;1.7149999;0.147;0.196;1;1185967502
-223.107417;1.7149999;0.098;0.196;1;1185980263
-223.096321;1.666;0.147;0.244999984;1;1185991359
-223.083039;1.7639999;0.196;0.196;1;1186004641
-223.070151;1.813;0.098;0.196;1;1186017529
-223.051708;1.813;0.098;0.196;1;1186035972
-223.040415;1.813;0.147;0.147;1;1186047265
-223.029761;1.813;0.147;0.147;1;1186057919
-223.010167;1.7639999;0.098;0.196;1;1186077513
-222.991166;1.813;0.098;0.196;1;1186096514
-222.979478;1.7639999;0.098;0.196;1;1186108202
-222.967787;1.813;0.098;0.196;1;1186119893
-222.949647;1.7639999;0.098;0.196;1;1186138033
-222.938674;1.7639999;0.147;0.196;1;1186149006
-222.927778;1.7639999;0.147;0.196;1;1186159902
-222.911851;1.7639999;0.147;0.196;1;1186175829
-222.900665;1.7149999;0.147;0.196;1;1186187015
-222.888739;1.7639999;0.147;0.196;1;1186198941
-222.877536;1.7639999;0.196;0.147;1;1186210144
-222.844371;1.7149999;0.147;0.244999984;1;1186243309
-222.812262;1.7639999;0.147;0.196;1;1186275418
-222.800905;1.7639999;0.147;0.196;1;1186286775
-222.776649;1.7149999;0.196;0.244999984;1;1186311031
-222.750169;1.813;0.098;0.147;1;1186337511
-222.718553;1.7639999;0.098;0.147;1;1186369127
-222.706879;1.7639999;0.147;0.147;1;1186380801
-222.687701;1.813;0.098;0.196;1;1186399979
-222.675645;1.7639999;0.147;0.196;1;1186412035
-222.664408;1.7639999;0.098;0.196;1;1186423272
-222.650680;1.7639999;0.147;0.196;1;1186437000
-222.618601;1.813;0.196;0.098;1;1186469079
-222.601727;1.7639999;0.147;0.147;1;1186485953
-222.588609;1.7639999;0.098;0.196;1;1186499071
-222.577018;1.7639999;0.147;0.147;1;1186510662
-222.564476;1.7639999;0.098;0.147;1;1186523204
-222.546714;1.7639999;0.098;0.147;1;1186540966
-222.535946;1.7149999;0.147;0.196;1;1186551734
-222.515946;1.7149999;0.147;0.196;1;1186571734
-222.493419;1.7639999;0.147;0.196;1;1186594261
-222.480893;1.7639999;0.098;0.244999984;1;1186606787
-222.469126;1.7639999;0.147;0.147;1;1186618554
-222.453223;1.813;0.196;0.147;1;1186634457
-222.439184;1.7639999;0.098;0.196;1;1186648496
-222.389130;1.7149999;0.147;0.147;1;1186698550
-222.377786;1.813;0.098;0.147;1;1186709894
-222.366124;1.7639999;0.098;0.196;1;1186721556
-222.354972;1.813;0.147;0.294;1;1186732708
-222.341339;1.7639999;0.147;0.196;1;1186746341
-222.327833;1.7639999;0.098;0.147;1;1186759847
-222.316827;1.7639999;0.147;0.147;1;1186770853
-222.305877;1.813;0.147;0.098;1;1186781803
-222.292053;1.813;0.147;0.147;1;1186795627
-222.281133;1.7639999;0.147;0.196;1;1186806547
-222.268980;1.7639999;0.147;0.098;1;1186818700
-222.243592;1.813;0.147;0.196;1;1186844088
-222.221160;1.813;0.147;0.244999984;1;1186866520
-222.210376;1.7639999;0.196;0.147;1;1186877304
-222.197031;1.7639999;0.147;0.244999984;1;1186890649
-222.184227;1.813;0.098;0.147;1;1186903453
-222.173751;1.7639999;0.147;0.147;1;1186913929
-222.160934;1.813;0.098;0.147;1;1186926746
-222.149276;1.7149999;0.147;0.147;1;1186938404
-222.138005;1.7639999;0.147;0.196;1;1186949675
-222.126790;1.7639999;0.098;0.147;1;1186960890
-222.109368;1.7639999;0.196;0.196;1;1186978312
-222.098526;1.7639999;0.147;0.196;1;1186989154
-222.086722;1.666;0.147;0.196;1;1187000958
-222.075371;1.7639999;0.147;0.196;1;1187012309
-222.060352;1.813;0.147;0.196;1;1187027328
-222.049342;1.7149999;0.196;0.196;1;1187038338
-222.035311;1.813;0.098;0.147;1;1187052369
-222.016410;1.813;0.098;0.147;1;1187071270
-221.967523;1.7639999;0.098;0.196;1;1187120157
-221.954069;1.7149999;0.098;0.196;1;1187133611
-221.940139;1.7639999;0.147;0.244999984;1;1187147541
-221.929166;1.7639999;0.147;0.147;1;1187158514
-221.917391;1.7639999;0.147;0.147;1;1187170289
-221.900637;1.813;0.147;0.196;1;1187187043
-221.889536;1.7639999;0.147;0.244999984;1;1187198144
-221.871549;1.862;0.147;0.147;1;1187216131
-221.847557;1.7639999;0.147;0.196;1;1187240123
-221.836609;1.7149999;0.196;0.147;1;1187251071
-221.821386;1.7639999;0.147;0.196;1;1187266294
-221.810408;1.7639999;0.147;0.196;1;1187277272
-221.799048;1.7639999;0.147;0.196;1;1187288632
-221.787927;1.7639999;0.098;0.196;1;1187299753
-221.776465;1.813;0.147;0.196;1;1187311215
-221.763304;1.7639999;0.147;0.196;1;1187324376
-221.750596;1.7639999;0.147;0.147;1;1187337084
-221.738499;1.7639999;0.147;0.147;1;1187349181
-221.727895;1.813;0.147;0.196;1;1187359785
-221.716727;1.813;0.098;0.098;1;1187370953
-221.705855;1.7639999;0.147;0.098;1;1187381825
-221.693283;1.7639999;0.147;0.147;1;1187394397
-221.682097;1.7639999;0.147;0.196;1;1187405583
-221.669990;1.7149999;0.147;0.196;1;1187417690
-221.656580;1.7149999;0.147;0.147;1;1187431100
-221.640375;1.7149999;0.147;0.244999984;1;1187447305
-221.621428;1.7639999;0.098;0.244999984;1;1187466252
-221.609430;1.813;0.147;0.196;1;1187478250
-221.597462;1.7639999;0.147;0.196;1;1187490218
-221.586306;1.7149999;0.147;0.196;1;1187501374
-221.552813;1.813;0.098;0.147;1;1187534867
-221.533779;1.7639999;0.098;0.196;1;1187553901
-221.516874;1.7149999;0.147;0.147;1;1187570806
-221.505297;1.7149999;0.196;0.196;1;1187582383
-221.478100;1.7639999;0.147;0.147;1;1187609580
-221.466932;1.7639999;0.147;0.196;1;1187620748
-221.440771;1.813;0.147;0.196;1;1187646909
-221.429467;1.7639999;0.147;0.196;1;1187658213
-221.411566;1.813;0.098;0.196;1;1187676114
-221.399137;1.7639999;0.196;0.196;1;1187688543
-221.381711;1.7639999;0.147;0.196;1;1187705969
-221.369557;1.7639999;0.147;0.147;1;1187718123
-221.357176;1.7639999;0.098;0.147;1;1187730504
-221.341278;1.7639999;0.098;0.147;1;1187746402
-221.319878;1.7149999;0.147;0.196;1;1187767802
-221.306813;1.7639999;0.098;0.196;1;1187780867
-221.291836;1.7639999;0.147;0.196;1;1187795844
-221.280801;1.7639999;0.147;0.196;1;1187806879
-221.265089;1.7639999;0.098;0.196;1;1187822591
-221.253611;1.7149999;0.147;0.244999984;1;1187834069
-221.239259;1.813;0.098;0.244999984;1;1187848421
-221.222486;1.7639999;0.147;0.244999984;1;1187865194
-221.211554;1.7149999;0.098;0.147;1;1187876126
-221.200102;1.7639999;0.147;0.147;1;1187887578
-221.178828;1.813;0.098;0.196;1;1187908852
-221.163446;1.7639999;0.098;0.147;1;1187924234
-221.152701;1.813;0.147;0.147;1;1187934979
-221.116194;1.7639999;0.147;0.196;1;1187971486
-221.080368;1.7639999;0.098;0.147;1;1188007312
-221.069771;1.7639999;0.098;0.196;1;1188017909
-221.053958;1.7639999;0.147;0.196;1;1188033722
-221.042808;1.7639999;0.147;0.196;1;1188044872
-221.029135;1.813;0.147;0.147;1;1188058545
-221.000635;1.7639999;0.147;0.147;1;1188087045
-220.989675;1.7149999;0.196;0.244999984;1;1188098005
-220.977465;1.813;0.098;0.196;1;1188110215
-220.966972;1.862;0.098;0.244999984;1;1188120708
-220.952921;1.7639999;0.098;0.244999984;1;1188134759
-220.918496;1.7639999;0.147;0.147;1;1188169184
-220.906611;1.7639999;0.147;0.196;1;1188181069
-220.880446;1.7149999;0.098;0.196;1;1188207234
-220.870001;1.7639999;0.147;0.196;1;1188217679
-220.853790;1.7149999;0.196;0.196;1;1188233890
-220.821766;1.813;0.098;0.147;1;1188265914
-220.802899;1.7149999;0.098;0.196;1;1188284781
-220.788027;1.7639999;0.098;0.196;1;1188299653
-220.773654;1.7149999;0.147;0.147;1;1188314026
-220.762966;1.813;0.147;0.196;1;1188324714
-220.746285;1.7149999;0.147;0.147;1;1188341395
-220.735226;1.862;0.098;0.196;1;1188352454
-220.702915;1.7149999;0.098;0.196;1;1188384765
-220.658614;1.813;0.147;0.196;1;1188429066
-220.640213;1.813;0.098;0.196;1;1188447467
-220.623086;1.7639999;0.147;0.196;1;1188464594
-220.607830;1.7639999;0.098;0.196;1;1188479850
-220.582740;1.7149999;0.147;0.196;1;1188504940
-220.571642;1.7149999;0.196;0.196;1;1188516038
-220.552673;1.7149999;0.196;0.244999984;1;1188535007
-220.541488;1.7639999;0.196;0.147;1;1188546192
-220.524215;1.7639999;0.147;0.147;1;1188563465
-220.506540;1.813;0.098;0.196;1;1188581140
-220.495679;1.7639999;0.098;0.147;1;1188592001
-220.483633;1.813;0.098;0.147;1;1188604047
-220.472955;1.7639999;0.098;0.196;1;1188614725
-220.461189;1.7149999;0.147;0.196;1;1188626491
-220.450445;1.813;0.147;0.196;1;1188637235
-220.434982;1.813;0.147;0.147;1;1188652698
-220.423146;1.813;0.098;0.196;1;1188664534
-220.403450;1.7639999;0.147;0.196;1;1188684230
-220.382361;1.7639999;0.098;0.196;1;1188705319
-220.370961;1.813;0.098;0.147;1;1188716719
-220.348886;1.7639999;0.098;0.196;1;1188738794
-220.338031;1.7639999;0.147;0.147;1;1188749649
-220.326033;1.7639999;0.098;0.196;1;1188761647
-220.302898;1.7639999;0.147;0.196;1;1188784782
-220.279714;1.813;0.098;0.147;1;1188807966
-220.265832;1.7639999;0.098;0.147;1;1188821848
-220.230919;1.813;0.098;0.147;1;1188856761
-220.217324;1.7639999;0.098;0.196;1;1188870356
-220.202783;1.7639999;0.098;0.147;1;1188884897
-220.180216;1.7639999;0.147;0.196;1;1188907464
-220.169830;1.7149999;0.098;0.196;1;1188917850
-220.153539;1.7149999;0.147;0.147;1;1188934141
-220.141328;1.7639999;0.147;0.196;1;1188946352
-220.129466;1.7149999;0.098;0.196;1;1188958214
-220.116140;1.813;0.147;0.196;1;1188971540
-220.100851;1.7639999;0.147;0.196;1;1188986829
-220.078149;1.7639999;0.098;0.244999984;1;1189009531
-220.067275;1.7639999;0.147;0.196;1;1189020405
-220.050938;1.813;0.098;0.196;1;1189036742
-220.039470;1.7639999;0.196;0.196;1;1189048210
-220.023578;1.813;0.147;0.244999984;1;1189064102
-220.012631;1.813;0.098;0.196;1;1189075049
-220.001135;1.813;0.098;0.196;1;1189086545
-219.990137;1.813;0.098;0.196;1;1189097543
-219.978238;1.7639999;0.147;0.196;1;1189109442
-219.967411;1.813;0.147;0.147;1;1189120269
-219.952356;1.7639999;0.147;0.196;1;1189135324
-219.933061;1.7639999;0.147;0.196;1;1189154619
-219.922384;1.813;0.098;0.147;1;1189165296
-219.909934;1.813;0.147;0.147;1;1189177746
-219.891023;1.7639999;0.147;0.196;1;1189196657
-219.878415;1.813;0.098;0.196;1;1189209265
-219.866847;1.813;0.098;0.196;1;1189220833
-219.851766;1.7639999;0.098;0.244999984;1;1189235914
-219.815598;1.813;0.098;0.196;1;1189272082
-219.776553;1.7639999;0.147;0.147;1;1189311127
-219.750538;1.7639999;0.147;0.196;1;1189337142
-219.739740;1.7639999;0.147;0.147;1;1189347940
-219.728617;1.7639999;0.098;0.147;1;1189359063
-219.716717;1.7639999;0.147;0.196;1;1189370963
-219.702361;1.7639999;0.147;0.147;1;1189385319
-219.677926;1.7639999;0.147;0.147;1;1189409754
-219.666361;1.7639999;0.147;0.098;1;1189421319
-219.649712;1.7639999;0.147;0.196;1;1189437968
-219.638349;1.7639999;0.147;0.147;1;1189449331
-219.605224;1.7639999;0.098;0.147;1;1189482456
-219.580742;1.7639999;0.098;0.147;1;1189506938
-219.569824;1.7639999;0.147;0.196;1;1189517856
-219.557126;1.7639999;0.098;0.147;1;1189530554
-219.540459;1.7639999;0.098;0.147;1;1189547221
-219.527830;1.7639999;0.147;0.147;1;1189559850
-219.516029;1.7639999;0.147;0.147;1;1189571651
-219.502918;1.813;0.147;0.147;1;1189584762
-219.478377;1.813;0.098;0.196;1;1189609303
-219.467910;1.813;0.147;0.147;1;1189619770
-219.456768;1.7639999;0.147;0.147;1;1189630912
-219.441484;1.813;0.147;0.147;1;1189646196
-219.429599;1.7639999;0.147;0.196;1;1189658081
-219.410314;1.7639999;0.147;0.147;1;1189677366
-219.376836;1.813;0.098;0.147;1;1189710844
-219.359684;1.7639999;0.098;0.147;1;1189727996
-219.348120;1.7639999;0.098;0.147;1;1189739560
-219.336519;1.7639999;0.098;0.147;1;1189751161
-219.312900;1.7639999;0.098;0.196;1;1189774780
-219.291565;1.7639999;0.098;0.147;1;1189796115
-219.276480;1.7639999;0.147;0.147;1;1189811200
-219.263097;1.7639999;0.147;0.196;1;1189824583
-219.251889;1.7149999;0.147;0.196;1;1189835791
-219.235300;1.7149999;0.147;0.147;1;1189852380
-219.221761;1.7639999;0.196;0.196;1;1189865919
-219.204822;1.7639999;0.098;0.196;1;1189882858
-219.178158;1.7639999;0.147;0.196;1;1189909522
-219.164530;1.813;0.147;0.147;1;1189923150
-219.150302;1.7639999;0.147;0.196;1;1189937378
-219.138781;1.7639999;0.098;0.147;1;1189948899
-219.127889;1.7639999;0.147;0.147;1;1189959791
-219.116834;1.7639999;0.147;0.098;1;1189970846
-219.102582;1.7639999;0.147;0.196;1;1189985098
-219.078442;1.7639999;0.098;0.196;1;1190009238
-219.065718;1.7639999;0.098;0.147;1;1190021962
-219.049846;1.813;0.098;0.147;1;1190037834
-219.038853;1.813;0.147;0.196;1;1190048827
-219.012118;1.7149999;0.147;0.196;1;1190075562
-218.998892;1.7639999;0.098;0.196;1;1190088788
-218.982400;1.813;0.147;0.244999984;1;1190105280
-218.931637;1.7639999;0.147;0.147;1;1190156043
-218.911565;1.7149999;0.098;0.196;1;1190176115
-218.883241;1.7149999;0.098;0.147;1;1190204439
-218.872624;1.7639999;0.147;0.147;1;1190215056
-218.850774;1.7149999;0.098;0.196;1;1190236906
-218.834470;1.813;0.098;0.196;1;1190253210
-218.819098;1.813;0.098;0.196;1;1190268582
-218.808198;1.666;0.196;0.196;1;1190279482
-218.791745;1.7639999;0.098;0.147;1;1190295935
-218.777751;1.813;0.098;0.196;1;1190309929
-218.763650;1.7639999;0.098;0.147;1;1190324030
-218.752960;1.7149999;0.196;0.147;1;1190334720
-218.709041;1.7149999;0.098;0.147;1;1190378639
-218.697360;1.7639999;0.098;0.196;1;1190390320
-218.686727;1.7639999;0.147;0.147;1;1190400953
-218.674129;1.7639999;0.147;0.196;1;1190413551
-218.663574;1.7639999;0.147;0.196;1;1190424106
-218.648110;1.7639999;0.098;0.147;1;1190439570
-218.611608;1.7639999;0.098;0.147;1;1190476072
-218.598246;1.813;0.147;0.147;1;1190489434
-218.581756;1.7639999;0.147;0.147;1;1190505924
-218.568637;1.7639999;0.147;0.147;1;1190519043
-218.557252;1.813;0.098;0.196;1;1190530428
-218.545550;1.7639999;0.147;0.196;1;1190542130
-218.534524;1.7639999;0.147;0.147;1;1190553156
-218.523835;1.813;0.147;0.196;1;1190563845
-218.464846;1.7149999;0.147;0.147;1;1190622834
-218.446207;1.7149999;0.147;0.147;1;1190641473
-218.424891;1.7639999;0.098;0.147;1;1190662789
-218.413766;1.7639999;0.196;0.196;1;1190673914
-218.395892;1.7639999;0.098;0.196;1;1190691788
-218.382690;1.7639999;0.147;0.147;1;1190704990
-218.369679;1.7639999;0.147;0.147;1;1190718001
-218.343778;1.7639999;0.147;0.196;1;1190743902
-218.321155;1.7149999;0.196;0.147;1;1190766525
-218.309949;1.7149999;0.098;0.147;1;1190777731
-218.296831;1.7639999;0.196;0.147;1;1190790849
-218.282505;1.7639999;0.098;0.147;1;1190805175
-218.265336;1.7639999;0.098;0.147;1;1190822344
-218.254316;1.7639999;0.098;0.147;1;1190833364
-218.242346;1.813;0.098;0.196;1;1190845334
-218.230132;1.7639999;0.147;0.147;1;1190857548
-218.219316;1.7639999;0.147;0.196;1;1190868364
-218.202512;1.7149999;0.147;0.147;1;1190885168
-218.191532;1.813;0.147;0.244999984;1;1190896148
-218.177512;1.7149999;0.147;0.196;1;1190910168
-218.160725;1.813;0.098;0.147;1;1190926955
-218.149644;1.7639999;0.147;0.196;1;1190938036
-218.120943;1.7149999;0.196;0.196;1;1190966737
-218.107072;1.7639999;0.196;0.147;1;1190980608
-218.095592;1.813;0.098;0.196;1;1190992088
-218.080829;1.7639999;0.098;0.147;1;1191006851
-218.069888;1.813;0.098;0.147;1;1191017792
-218.031676;1.7639999;0.147;0.196;1;1191056004
-218.013220;1.7639999;0.147;0.244999984;1;1191074460
-218.001844;1.7149999;0.147;0.196;1;1191085836
-217.990427;1.813;0.147;0.147;1;1191097253
-217.978802;1.7639999;0.147;0.147;1;1191108878
-217.950843;1.7639999;0.147;0.244999984;1;1191136837
-217.911644;1.7639999;0.147;0.196;1;1191176036
-217.899438;1.7639999;0.147;0.244999984;1;1191188242
-217.888154;1.7639999;0.147;0.196;1;1191199526
-217.875921;1.813;0.147;0.196;1;1191211759
-217.864199;1.7639999;0.147;0.196;1;1191223481
-217.851062;1.7639999;0.147;0.147;1;1191236618
-217.831722;1.7639999;0.147;0.196;1;1191255958
-217.819509;1.813;0.098;0.196;1;1191268171
-217.801108;1.7639999;0.098;0.147;1;1191286572
-217.786105;1.813;0.098;0.147;1;1191301575
-217.771946;1.7639999;0.196;0.196;1;1191315734
-217.760894;1.7149999;0.147;0.147;1;1191326786
-217.745244;1.7639999;0.098;0.147;1;1191342436
-217.733154;1.7149999;0.147;0.098;1;1191354526
-217.721072;1.7639999;0.098;0.196;1;1191366608
-217.702907;1.7639999;0.098;0.147;1;1191384773
-217.679819;1.7639999;0.147;0.196;1;1191407861
-217.661902;1.7639999;0.147;0.196;1;1191425778
-217.650570;1.7639999;0.196;0.147;1;1191437110
-217.639950;1.813;0.098;0.244999984;1;1191447730
-217.622932;1.7639999;0.147;0.196;1;1191464748
-217.585275;1.7639999;0.147;0.196;1;1191502405
-217.566204;1.7639999;0.147;0.147;1;1191521476
-217.545610;1.862;0.049;0.147;1;1191542070
-217.535015;1.7149999;0.147;0.147;1;1191552665
-217.510005;1.7639999;0.147;0.147;1;1191577675
-217.496265;1.7639999;0.147;0.147;1;1191591415
-217.470736;1.7639999;0.098;0.147;1;1191616944
-217.436536;1.7639999;0.098;0.196;1;1191651144
-217.422896;1.7639999;0.147;0.147;1;1191664784
-217.410032;1.7639999;0.098;0.196;1;1191677648
-217.398629;1.7149999;0.147;0.147;1;1191689051
-217.384191;1.7639999;0.147;0.196;1;1191703489
-217.373759;1.7639999;0.196;0.147;1;1191713921
-217.361573;1.7639999;0.147;0.147;1;1191726107
-217.349294;1.7639999;0.098;0.196;1;1191738386
-217.338666;1.7149999;0.196;0.244999984;1;1191749014
-217.321810;1.813;0.147;0.098;1;1191765870
-217.309805;1.7639999;0.098;0.196;1;1191777875
-217.290218;1.7149999;0.147;0.147;1;1191797462
-217.278720;1.7639999;0.098;0.196;1;1191808960
-217.266638;1.813;0.147;0.244999984;1;1191821042
-217.248468;1.7639999;0.196;0.196;1;1191839212
-217.234119;1.7639999;0.147;0.244999984;1;1191853561
-217.212920;1.7639999;0.147;0.147;1;1191874760
-217.201013;1.813;0.147;0.147;1;1191886667
-217.189881;1.7639999;0.098;0.147;1;1191897799
-217.177042;1.813;0.098;0.098;1;1191910638
-217.166794;1.813;0.098;0.244999984;1;1191920886
-217.128692;1.7639999;0.098;0.147;1;1191958988
-217.112502;1.7639999;0.147;0.196;1;1191975178
-217.101845;1.7639999;0.098;0.196;1;1191985835
-217.088820;1.813;0.147;0.147;1;1191998860
-217.077122;1.7639999;0.147;0.098;1;1192010558
-217.064397;1.7639999;0.147;0.147;1;1192023283
-217.052601;1.813;0.147;0.196;1;1192035079
-217.040350;1.7639999;0.098;0.147;1;1192047330
-217.029798;1.7639999;0.147;0.196;1;1192057882
-217.007893;1.7639999;0.147;0.147;1;1192079787
-216.984649;1.7639999;0.098;0.147;1;1192103031
-216.973706;1.7639999;0.098;0.196;1;1192113974
-216.941569;1.7149999;0.147;0.147;1;1192146111
-216.929410;1.813;0.196;0.147;1;1192158270
-216.919041;1.7149999;0.147;0.196;1;1192168639
-216.904005;1.813;0.147;0.147;1;1192183675
-216.885239;1.7639999;0.098;0.196;1;1192202441
-216.874709;1.862;0.147;0.196;1;1192212971
-216.863707;1.7639999;0.098;0.196;1;1192223973
-216.841324;1.7639999;0.147;0.196;1;1192246356
-216.829263;1.7639999;0.147;0.196;1;1192258417
-216.813566;1.7639999;0.098;0.147;1;1192274114
-216.801834;1.7639999;0.147;0.196;1;1192285846
-216.789283;1.813;0.147;0.196;1;1192298397
-216.778032;1.813;0.147;0.196;1;1192309648
-216.765864;1.7149999;0.196;0.196;1;1192321816
-216.753258;1.813;0.098;0.196;1;1192334422
-216.742040;1.7639999;0.147;0.196;1;1192345640
-216.678668;1.7639999;0.147;0.147;1;1192409012
-216.661911;1.813;0.098;0.147;1;1192425769
-216.642831;1.7639999;0.098;0.196;1;1192444849
-216.631720;1.7639999;0.147;0.196;1;1192455960
-216.612916;1.813;0.098;0.147;1;1192474764
-216.600404;1.7639999;0.147;0.196;1;1192487276
-216.589722;1.7639999;0.098;0.196;1;1192497958
-216.575016;1.7639999;0.147;0.147;1;1192512664
-216.556465;1.813;0.098;0.147;1;1192531215
-216.545752;1.7639999;0.147;0.147;1;1192541928
-216.534227;1.7639999;0.147;0.196;1;1192553453
-216.512913;1.813;0.147;0.196;1;1192574767
-216.501214;1.7149999;0.098;0.147;1;1192586466
-216.477405;1.813;0.098;0.147;1;1192610275
-216.466830;1.813;0.098;0.196;1;1192620850
-216.453860;1.7639999;0.147;0.147;1;1192633820
-216.412315;1.7639999;0.098;0.196;1;1192675365
-216.400992;1.7639999;0.147;0.147;1;1192686688
-216.389564;1.813;0.098;0.196;1;1192698116
-216.376613;1.7639999;0.147;0.196;1;1192711067
-216.365649;1.7639999;0.147;0.196;1;1192722031
-216.349623;1.7639999;0.147;0.196;1;1192738057
-216.320687;1.7149999;0.196;0.196;1;1192766993
-216.287715;1.813;0.147;0.196;1;1192799965
-216.272830;1.7149999;0.147;0.147;1;1192814850
-216.237643;1.7639999;0.098;0.098;1;1192850037
-216.211212;1.7639999;0.098;0.196;1;1192876468
-216.196670;1.7149999;0.147;0.244999984;1;1192891010
-216.180971;1.813;0.147;0.196;1;1192906709
-216.169409;1.7149999;0.147;0.196;1;1192918271
-216.152867;1.7639999;0.196;0.147;1;1192934813
-216.141804;1.7639999;0.147;0.147;1;1192945876
-216.129334;1.7149999;0.147;0.196;1;1192958346
-216.118889;1.813;0.196;0.147;1;1192968791
-216.106636;1.813;0.147;0.147;1;1192981044
-216.095704;1.7149999;0.098;0.244999984;1;1192991976
-216.069869;1.7639999;0.196;0.196;1;1193017811
-216.055288;1.7639999;0.147;0.196;1;1193032392
-216.042023;1.7639999;0.147;0.196;1;1193045657
-216.021751;1.7639999;0.147;0.147;1;1193065929
-216.005211;1.7639999;0.147;0.147;1;1193082469
-215.991963;1.7639999;0.147;0.147;1;1193095717
-215.980819;1.7639999;0.098;0.196;1;1193106861
-215.966707;1.7639999;0.098;0.196;1;1193120973
-215.953202;1.7639999;0.147;0.147;1;1193134478
-215.941703;1.7149999;0.196;0.196;1;1193145977
-215.921746;1.7639999;0.147;0.196;1;1193165934
-215.910035;1.7149999;0.147;0.147;1;1193177645
-215.895318;1.7639999;0.147;0.196;1;1193192362
-215.880903;1.7639999;0.147;0.147;1;1193206777
-215.869627;1.7149999;0.147;0.147;1;1193218053
-215.828958;1.7639999;0.147;0.196;1;1193258722
-215.815063;1.813;0.098;0.196;1;1193272617
-215.784427;1.7639999;0.098;0.196;1;1193303253
-215.771817;1.813;0.147;0.196;1;1193315863
-215.760878;1.7639999;0.147;0.196;1;1193326802
-215.744938;1.813;0.098;0.196;1;1193342742
-215.722909;1.7639999;0.147;0.196;1;1193364771
-215.710935;1.7639999;0.147;0.147;1;1193376745
-215.692854;1.813;0.147;0.196;1;1193394826
-215.679592;1.7639999;0.196;0.196;1;1193408088
-215.668822;1.7639999;0.098;0.147;1;1193418858
-215.657673;1.7639999;0.147;0.147;1;1193430007
-215.643818;1.7639999;0.098;0.147;1;1193443862
-215.632014;1.7639999;0.147;0.244999984;1;1193455666
-215.611809;1.7639999;0.098;0.196;1;1193475871
-215.600796;1.7639999;0.147;0.147;1;1193486884
-215.589611;1.7639999;0.147;0.147;1;1193498069
-215.576913;1.7639999;0.147;0.196;1;1193510767
-215.563553;1.813;0.147;0.147;1;1193524127
-215.547672;1.7639999;0.098;0.196;1;1193540008
-215.529770;1.7639999;0.196;0.147;1;1193557910
-215.512922;1.7639999;0.147;0.196;1;1193574758
-215.500916;1.7149999;0.098;0.244999984;1;1193586764
-215.489034;1.813;0.147;0.196;1;1193598646
-215.478460;1.7639999;0.147;0.196;1;1193609220
-215.467967;1.7639999;0.147;0.147;1;1193619713
-215.453672;1.7639999;0.098;0.147;1;1193634008
-215.442860;1.7639999;0.147;0.147;1;1193644820
-215.429958;1.7639999;0.098;0.196;1;1193657722
-215.412914;1.7639999;0.147;0.147;1;1193674766
-215.376441;1.7639999;0.098;0.196;1;1193711239
-215.348671;1.7639999;0.098;0.196;1;1193739009
-215.337844;1.7639999;0.147;0.244999984;1;1193749836
-215.326278;1.7639999;0.098;0.196;1;1193761402
-215.316038;1.7639999;0.098;0.196;1;1193771642
-215.301040;1.7639999;0.147;0.244999984;1;1193786640
-215.277965;1.7639999;0.098;0.147;1;1193809715
-215.265986;1.7149999;0.147;0.147;1;1193821694
-215.253449;1.7639999;0.147;0.147;1;1193834231
-215.241071;1.813;0.098;0.147;1;1193846609
-215.230251;1.7149999;0.147;0.196;1;1193857429
-215.217073;1.7639999;0.098;0.196;1;1193870607
-215.201275;1.7639999;0.147;0.147;1;1193886405
-215.178171;1.7639999;0.098;0.196;1;1193909509
-215.167239;1.7639999;0.147;0.196;1;1193920441
-215.155005;1.813;0.147;0.244999984;1;1193932675
-215.143724;1.7149999;0.147;0.147;1;1193943956
-215.128741;1.813;0.098;0.147;1;1193958939
-215.117096;1.813;0.147;0.147;1;1193970584
-215.104185;1.7639999;0.147;0.098;1;1193983495
-215.086424;1.813;0.147;0.196;1;1194001256
-215.075944;1.813;0.147;0.196;1;1194011736
-215.063644;1.7149999;0.196;0.147;1;1194024036
-215.052487;1.7639999;0.098;0.196;1;1194035193
-215.041227;1.7639999;0.147;0.244999984;1;1194046453
-215.030744;1.7639999;0.147;0.244999984;1;1194056936
-215.015585;1.7149999;0.147;0.147;1;1194072095
-214.960492;1.7639999;0.098;0.147;1;1194127188
-214.944403;1.813;0.196;0.147;1;1194143277
-214.930119;1.813;0.147;0.196;1;1194157561
-214.919855;1.7149999;0.196;0.196;1;1194167825
-214.908923;1.7639999;0.147;0.244999984;1;1194178757
-214.897213;1.7149999;0.147;0.196;1;1194190467
-214.884799;1.813;0.098;0.196;1;1194202881
-214.873092;1.7639999;0.147;0.147;1;1194214588
-214.860751;1.813;0.147;0.196;1;1194226929
-214.849053;1.7639999;0.098;0.147;1;1194238627
-214.837664;1.813;0.147;0.196;1;1194250016
-214.812043;1.7639999;0.196;0.196;1;1194275637
-214.790723;1.7639999;0.147;0.147;1;1194296957
-214.779616;1.813;0.196;0.147;1;1194308064
-214.768338;1.813;0.147;0.147;1;1194319342
-214.757181;1.813;0.098;0.196;1;1194330499
-214.745936;1.813;0.147;0.196;1;1194341744
-214.731807;1.7639999;0.098;0.196;1;1194355873
-214.719902;1.7639999;0.098;0.147;1;1194367778
-214.707331;1.7149999;0.098;0.196;1;1194380349
-214.696196;1.813;0.098;0.098;1;1194391484
-214.685287;1.7639999;0.147;0.147;1;1194402393
-214.674161;1.7639999;0.098;0.196;1;1194413519
-214.660946;1.7639999;0.147;0.196;1;1194426734
-214.648966;1.813;0.147;0.147;1;1194438714
-214.631568;1.7639999;0.147;0.196;1;1194456112
-214.610047;1.7639999;0.196;0.147;1;1194477633
-214.591602;1.813;0.147;0.147;1;1194496078
-214.579501;1.7149999;0.196;0.244999984;1;1194508179
-214.568053;1.7149999;0.147;0.147;1;1194519627
-214.531219;1.7639999;0.147;0.196;1;1194556461
-214.517283;1.7639999;0.098;0.196;1;1194570397
-214.503441;1.7149999;0.098;0.196;1;1194584239
-214.479569;1.813;0.098;0.147;2;1194608111
-214.468895;1.7639999;0.147;0.196;1;1194618785
-214.454782;1.7639999;0.147;0.147;1;1194632898
-214.443179;1.7639999;0.098;0.196;1;1194644501
-214.430432;1.7639999;0.147;0.196;1;1194657248
-214.419152;1.7639999;0.147;0.196;1;1194668528
-214.399451;1.7149999;0.098;0.098;1;1194688229
-214.381622;1.7639999;0.098;0.147;1;1194706058
-214.369232;1.813;0.147;0.196;1;1194718448
-214.357142;1.862;0.098;0.147;1;1194730538
-214.341092;1.7639999;0.147;0.196;1;1194746588
-214.320498;1.7639999;0.098;0.147;1;1194767182
-214.309431;1.7639999;0.147;0.196;1;1194778249
-214.289775;1.813;0.098;0.196;1;1194797905
-214.278099;1.7639999;0.147;0.196;1;1194809581
-214.267727;1.813;0.098;0.196;1;1194819953
-214.254421;1.813;0.098;0.244999984;1;1194833259
-214.239753;1.813;0.098;0.147;1;1194847927
-214.228790;1.7639999;0.147;0.147;1;1194858890
-214.214027;1.7639999;0.147;0.196;1;1194873653
-214.200847;1.7639999;0.147;0.196;1;1194886833
-214.187298;1.7149999;0.147;0.196;1;1194900382
-214.176619;1.7149999;0.147;0.147;1;1194911061
-214.164478;1.7639999;0.147;0.244999984;1;1194923202
-214.147470;1.7639999;0.147;0.147;1;1194940210
-214.134544;1.7149999;0.147;0.147;1;1194953136
-214.123771;1.7149999;0.196;0.196;1;1194963909
-214.085143;1.813;0.098;0.196;1;1195002537
-214.072017;1.7639999;0.147;0.196;1;1195015663
-214.047853;1.7149999;0.098;0.147;1;1195039827
-214.027500;1.7639999;0.098;0.196;1;1195060180
-214.016886;1.7639999;0.098;0.196;1;1195070794
-213.983700;1.7639999;0.098;0.196;1;1195103980
-213.970612;1.7639999;0.098;0.147;1;1195117068
-213.942900;1.7639999;0.147;0.147;1;1195144780
-213.931452;1.7149999;0.196;0.196;1;1195156228
-213.919624;1.7639999;0.147;0.196;1;1195168056
-213.908794;1.7639999;0.147;0.147;1;1195178886
-213.882831;1.7639999;0.098;0.147;1;1195204849
-213.867370;1.7639999;0.147;0.196;1;1195220310
-213.854578;1.7639999;0.098;0.196;1;1195233102
-213.832803;1.7639999;0.147;0.196;1;1195254877
-213.821913;1.7639999;0.147;0.147;1;1195265767
-213.802319;1.7639999;0.147;0.196;1;1195285361
-213.772841;1.7639999;0.147;0.147;1;1195314839
-213.756368;1.7639999;0.147;0.147;1;1195331312
-213.744311;1.7639999;0.147;0.098;1;1195343369
-213.733728;1.813;0.098;0.147;1;1195353952
-213.714544;1.813;0.147;0.147;1;1195373136
-213.692847;1.7639999;0.147;0.244999984;1;1195394833
-213.681458;1.7639999;0.147;0.196;1;1195406222
-213.670441;1.7639999;0.147;0.147;1;1195417239
-213.625013;1.7639999;0.098;0.147;1;1195462667
-213.613017;1.7639999;0.147;0.196;1;1195474663
-213.598684;1.7639999;0.147;0.196;1;1195488996
-213.587094;1.7149999;0.147;0.147;1;1195500586
-213.575586;1.7639999;0.147;0.196;1;1195512094
-213.549716;1.7639999;0.098;0.196;1;1195537964
-213.534115;1.7639999;0.098;0.196;1;1195553565
-213.521997;1.7639999;0.098;0.244999984;1;1195565683
-213.505911;1.7639999;0.147;0.244999984;1;1195581769
-213.494803;1.7639999;0.147;0.147;1;1195592877
-213.482924;1.7639999;0.196;0.098;1;1195604756
-213.471985;1.7639999;0.196;0.147;1;1195615695
-213.459747;1.7639999;0.147;0.147;1;1195627933
-213.448955;1.813;0.147;0.147;1;1195638725
-213.434631;1.813;0.147;0.147;1;1195653049
-213.418490;1.7639999;0.098;0.147;1;1195669190
-213.402744;1.7639999;0.098;0.196;1;1195684936
-213.381625;1.7639999;0.098;0.196;1;1195706055
-213.370046;1.7639999;0.098;0.147;1;1195717634
-213.346269;1.7639999;0.147;0.196;1;1195741411
-213.335106;1.7639999;0.098;0.196;1;1195752574
-213.311545;1.813;0.147;0.196;1;1195776135
-213.299251;1.7639999;0.147;0.147;1;1195788429
-213.288452;1.813;0.098;0.147;1;1195799228
-213.275892;1.7639999;0.147;0.147;1;1195811788
-213.250901;1.7149999;0.098;0.147;1;1195836779
-213.235658;1.7149999;0.147;0.196;1;1195852022
-213.204398;1.7639999;0.147;0.147;1;1195883282
-213.172041;1.813;0.098;0.244999984;1;1195915639
-213.157467;1.7639999;0.147;0.147;1;1195930213
-213.143189;1.7639999;0.098;0.098;1;1195944491
-213.132933;1.7149999;0.147;0.147;1;1195954747
-213.112875;1.7639999;0.098;0.147;1;1195974805
-213.101793;1.7639999;0.098;0.196;1;1195985887
-213.090824;1.813;0.098;0.147;1;1195996856
-213.078068;1.7639999;0.098;0.196;1;1196009612
-213.043427;1.7639999;0.147;0.196;1;1196044253
-213.031217;1.7639999;0.147;0.196;1;1196056463
-213.012502;1.7149999;0.098;0.196;1;1196075178
-213.001439;1.7149999;0.098;0.147;1;1196086241
-212.976756;1.7639999;0.098;0.098;1;1196110924
-212.965589;1.862;0.147;0.147;1;1196122091
-212.950823;1.7639999;0.147;0.098;1;1196136857
-212.935812;1.7639999;0.147;0.196;1;1196151868
-212.911376;1.813;0.147;0.147;1;1196176304
-212.900247;1.7639999;0.098;0.147;1;1196187433
-212.888064;1.813;0.196;0.196;1;1196199616
-212.875713;1.7639999;0.098;0.098;1;1196211967
-212.864183;1.813;0.147;0.147;1;1196223497
-212.849741;1.7639999;0.147;0.147;1;1196237939
-212.811639;1.7639999;0.147;0.196;1;1196276041
-212.791542;1.7149999;0.147;0.196;1;1196296138
-212.779780;1.813;0.147;0.196;1;1196307900
-212.766480;1.7149999;0.147;0.196;1;1196321200
-212.725058;1.7639999;0.147;0.244999984;1;1196362622
-212.710515;1.7639999;0.098;0.147;1;1196377165
-212.699409;1.7639999;0.098;0.196;1;1196388271
-212.683494;1.7639999;0.147;0.196;1;1196404186
-212.671404;1.7639999;0.147;0.147;1;1196416276
-212.656022;1.7639999;0.147;0.147;1;1196431658
-212.644737;1.7639999;0.147;0.196;1;1196442943
-212.631734;1.813;0.147;0.147;1;1196455946
-212.610776;1.7639999;0.147;0.196;1;1196476904
-212.599476;1.7639999;0.147;0.196;1;1196488204
-212.588495;1.7639999;0.147;0.196;1;1196499185
-212.576317;1.7639999;0.147;0.147;1;1196511363
-212.565651;1.7639999;0.147;0.196;1;1196522029
-212.549280;1.7639999;0.147;0.196;1;1196538400
-212.531290;1.7639999;0.147;0.147;1;1196556390
-212.520440;1.7639999;0.049;0.147;1;1196567240
-212.509843;1.7149999;0.147;0.196;1;1196577837
-212.497992;1.7639999;0.196;0.196;1;1196589688
-212.485898;1.7639999;0.098;0.147;1;1196601782
-212.473824;1.7639999;0.196;0.196;1;1196613856
-212.456664;1.7639999;0.147;0.196;1;1196631016
-212.444190;1.7639999;0.196;0.196;1;1196643490
-212.433414;1.7639999;0.098;0.196;1;1196654266
-212.418556;1.7149999;0.147;0.147;1;1196669124
-212.401597;1.7639999;0.147;0.196;1;1196686083
-212.383972;1.7639999;0.098;0.147;1;1196703708
-212.372664;1.7149999;0.147;0.196;1;1196715016
-212.360590;1.7639999;0.098;0.196;1;1196727090
-212.348214;1.7639999;0.147;0.098;1;1196739466
-212.334786;1.7639999;0.098;0.147;1;1196752894
-212.312906;1.7639999;0.098;0.196;1;1196774774
-212.279456;1.7639999;0.147;0.196;1;1196808224
-212.266637;1.7149999;0.147;0.196;1;1196821043
-212.246076;1.7639999;0.147;0.196;1;1196841604
-212.234816;1.7639999;0.098;0.147;1;1196852864
-212.196368;1.7639999;0.147;0.196;1;1196891312
-212.185068;1.7639999;0.147;0.147;1;1196902612
-212.172598;1.7639999;0.147;0.196;1;1196915082
-212.161632;1.813;0.098;0.147;1;1196926048
-212.144929;1.7639999;0.098;0.196;1;1196942751
-212.133475;1.7149999;0.244999984;0.196;1;1196954205
-212.118933;1.7639999;0.147;0.196;1;1196968747
-212.107751;1.7639999;0.147;0.147;1;1196979929
-212.096625;1.7149999;0.147;0.098;1;1196991055
-212.073663;1.7639999;0.196;0.196;1;1197014017
-212.062315;1.7639999;0.098;0.147;1;1197025365
-212.050327;1.7639999;0.098;0.147;1;1197037353
-212.039968;1.813;0.147;0.147;1;1197047712
-212.028326;1.7149999;0.098;0.196;1;1197059354
-212.011078;1.813;0.147;0.147;1;1197076602
-211.998731;1.813;0.098;0.196;1;1197088949
-211.977346;1.7149999;0.147;0.196;1;1197110334
-211.964361;1.7149999;0.147;0.196;1;1197123319
-211.952760;1.7639999;0.147;0.147;1;1197134920
-211.940785;1.7639999;0.098;0.196;1;1197146895
-211.929771;1.813;0.098;0.147;1;1197157909
-211.918264;1.813;0.147;0.147;1;1197169416
-211.877302;1.813;0.098;0.196;1;1197210378
-211.850648;1.7639999;0.147;0.147;1;1197237032
-211.835646;1.7149999;0.147;0.147;1;1197252034
-211.813593;1.7639999;0.098;0.196;1;1197274087
-211.799822;1.7639999;0.147;0.196;1;1197287858
-211.786394;1.7639999;0.147;0.196;1;1197301286
-211.775720;1.7639999;0.147;0.196;1;1197311960
-211.761672;1.7639999;0.147;0.196;1;1197326008
-211.747791;1.7639999;0.147;0.196;1;1197339889
-211.736898;1.7639999;0.098;0.147;1;1197350782
-211.719840;1.7639999;0.147;0.196;1;1197367840
-211.708798;1.7639999;0.098;0.244999984;1;1197378882
-211.697862;1.7639999;0.147;0.196;1;1197389818
-211.685219;1.7149999;0.147;0.196;1;1197402461
-211.674590;1.7149999;0.098;0.147;1;1197413090
-211.661461;1.813;0.147;0.147;1;1197426219
-211.648908;1.7639999;0.147;0.147;1;1197438772
-211.637949;1.7639999;0.147;0.098;1;1197449731
-211.610447;1.7639999;0.147;0.147;1;1197477233
-211.591694;1.7639999;0.098;0.147;1;1197495986
-211.578925;1.7639999;0.147;0.196;1;1197508755
-211.567279;1.813;0.147;0.244999984;1;1197520401
-211.554159;1.7639999;0.098;0.147;1;1197533521
-211.535429;1.7639999;0.098;0.196;1;1197552251
-211.512897;1.813;0.147;0.196;1;1197574783
-211.501472;1.813;0.147;0.196;1;1197586208
-211.489949;1.7639999;0.147;0.098;1;1197597731
-211.453640;1.7149999;0.098;0.147;1;1197634040
-211.439585;1.7639999;0.147;0.147;1;1197648095
-211.428733;1.7639999;0.196;0.147;1;1197658947
-211.417352;1.813;0.098;0.196;1;1197670328
-211.400083;1.7639999;0.098;0.147;1;1197687597
-211.385823;1.7639999;0.147;0.147;1;1197701857
-211.369758;1.813;0.147;0.196;1;1197717922
-211.345115;1.813;0.098;0.196;1;1197742565
-211.331638;1.7149999;0.147;0.147;1;1197756042
-211.314428;1.7149999;0.147;0.196;1;1197773252
-211.302903;1.813;0.098;0.147;1;1197784777
-211.288100;1.7639999;0.147;0.196;1;1197799580
-211.271680;1.7639999;0.147;0.196;1;1197816000
-211.258326;1.813;0.098;0.196;1;1197829354
-211.246479;1.7639999;0.147;0.196;1;1197841201
-211.231858;1.7639999;0.147;0.196;1;1197855822
-211.215997;1.7149999;0.147;0.196;1;1197871683
-211.203620;1.7639999;0.147;0.196;1;1197884060
-211.184146;1.7149999;0.147;0.196;1;1197903534
-211.173669;1.7639999;0.147;0.196;1;1197914011
-211.159611;1.7639999;0.098;0.147;1;1197928069
-211.148454;1.7639999;0.098;0.147;1;1197939226
-211.134806;1.7639999;0.147;0.147;1;1197952874
-211.123749;1.7639999;0.098;0.244999984;1;1197963931
-211.112078;1.813;0.147;0.196;1;1197975602
-211.101791;1.7639999;0.147;0.196;1;1197985889
-211.089238;1.7639999;0.147;0.147;1;1197998442
-211.078849;1.7639999;0.147;0.196;1;1198008831
-211.050129;1.7639999;0.196;0.196;1;1198037551
-211.017319;1.7149999;0.147;0.196;1;1198070361
-211.002893;1.7639999;0.147;0.147;1;1198084787
-210.989054;1.7639999;0.098;0.147;1;1198098626
-210.969760;1.813;0.147;0.147;1;1198117920
-210.953638;1.7639999;0.196;0.196;1;1198134042
-210.942376;1.813;0.098;0.196;1;1198145304
-210.931268;1.7639999;0.098;0.196;1;1198156412
-210.920632;1.813;0.147;0.196;1;1198167048
-210.906475;1.7639999;0.147;0.196;1;1198181205
-210.895838;1.7639999;0.147;0.196;1;1198191842
-210.883916;1.7639999;0.098;0.147;1;1198203764
-210.872647;1.7639999;0.147;0.147;1;1198215033
-210.860732;1.7639999;0.098;0.196;1;1198226948
-210.849803;1.7639999;0.147;0.196;1;1198237877
-210.838987;1.7639999;0.147;0.196;1;1198248693
-210.814230;1.7149999;0.147;0.196;1;1198273450
-210.803952;1.7149999;0.147;0.196;1;1198283728
-210.779930;1.7639999;0.147;0.147;1;1198307750
-210.762846;1.7639999;0.196;0.196;1;1198324834
-210.751771;1.7639999;0.098;0.196;1;1198335909
-210.740409;1.7639999;0.147;0.147;1;1198347271
-210.722928;1.7639999;0.098;0.147;1;1198364752
-210.711570;1.7639999;0.147;0.147;1;1198376110
-210.700829;1.666;0.147;0.196;1;1198386851
-210.678835;1.7149999;0.147;0.147;1;1198408845
-210.649782;1.7639999;0.147;0.196;1;1198437898
-210.617379;1.7639999;0.147;0.147;1;1198470301
-210.602008;1.7639999;0.098;0.244999984;1;1198485672
-210.590439;1.7639999;0.098;0.196;1;1198497241
-210.575739;1.813;0.098;0.147;1;1198511941
-210.548327;1.7639999;0.098;0.196;1;1198539353
-210.537848;1.7639999;0.098;0.196;1;1198549832
-210.526810;1.7639999;0.147;0.196;1;1198560870
-210.511711;1.7639999;0.147;0.196;1;1198575969
-210.500571;1.7639999;0.147;0.196;1;1198587109
-210.489507;1.7639999;0.098;0.196;1;1198598173
-210.477160;1.813;0.098;0.196;1;1198610520
-210.466579;1.7639999;0.147;0.244999984;1;1198621101
-210.454447;1.813;0.147;0.196;1;1198633233
-210.443244;1.7639999;0.098;0.147;1;1198644436
-210.430059;1.813;0.147;0.147;1;1198657621
-210.411738;1.7639999;0.147;0.147;1;1198675942
-210.391562;1.813;0.098;0.196;1;1198696118
-210.379105;1.7149999;0.147;0.196;1;1198708575
-210.368025;1.7639999;0.147;0.147;1;1198719655
-210.351181;1.813;0.098;0.196;1;1198736499
-210.340264;1.7639999;0.147;0.147;1;1198747416
-210.328489;1.7639999;0.147;0.196;1;1198759191
-210.310303;1.7639999;0.098;0.147;1;1198777377
-210.299490;1.7639999;0.098;0.098;1;1198788190
-210.285639;1.7639999;0.098;0.147;1;1198802041
-210.274595;1.7639999;0.147;0.147;1;1198813085
-210.263895;1.7149999;0.147;0.196;1;1198823785
-210.249971;1.7149999;0.147;0.196;1;1198837709
-210.211574;1.7639999;0.098;0.196;1;1198876106
-210.199603;1.7149999;0.147;0.147;1;1198888077
-210.156777;1.7149999;0.147;0.147;1;1198930903
-210.133494;1.7639999;0.147;0.196;1;1198954186
-210.119813;1.7149999;0.098;0.147;1;1198967867
-210.108715;1.7639999;0.147;0.147;1;1198978965
-210.097493;1.7639999;0.147;0.147;1;1198990187
-210.086829;1.7149999;0.147;0.196;1;1199000851
-210.072991;1.7639999;0.147;0.147;1;1199014689
-210.061596;1.7149999;0.147;0.147;1;1199026084
-210.047683;1.7639999;0.098;0.147;1;1199039997
-210.033100;1.7639999;0.147;0.196;1;1199054580
-210.005697;1.813;0.098;0.196;1;1199081983
-209.981652;1.7639999;0.147;0.147;1;1199106028
-209.967544;1.7639999;0.147;0.147;1;1199120136
-209.949008;1.7639999;0.098;0.196;1;1199138672
-209.915510;1.7639999;0.147;0.196;1;1199172170
-209.904889;1.7639999;0.098;0.244999984;1;1199182791
-209.893777;1.813;0.147;0.147;1;1199193903
-209.881733;1.7639999;0.147;0.244999984;1;1199205947
-209.870916;1.7639999;0.147;0.196;1;1199216764
-209.856140;1.7639999;0.147;0.147;1;1199231540
-209.845710;1.7639999;0.147;0.147;1;1199241970
-209.831789;1.7639999;0.098;0.147;1;1199255891
-209.818698;1.7639999;0.098;0.147;1;1199268982
-209.804820;1.7639999;0.147;0.147;1;1199282860
-209.768859;1.7149999;0.098;0.244999984;1;1199318821
-209.749950;1.7639999;0.147;0.196;1;1199337730
-209.719239;1.7639999;0.098;0.147;1;1199368441
-209.705745;1.7639999;0.147;0.196;1;1199381935
-209.694841;1.7639999;0.098;0.147;1;1199392839
-209.681644;1.7639999;0.147;0.196;1;1199406036
-209.670981;1.7639999;0.147;0.147;1;1199416699
-209.655658;1.7639999;0.147;0.098;1;1199432022
-209.644725;1.7639999;0.147;0.196;1;1199442955
-209.630144;1.813;0.098;0.147;1;1199457536
-209.617655;1.813;0.147;0.196;1;1199470025
-209.603314;1.7639999;0.147;0.196;1;1199484366
-209.580711;1.7639999;0.147;0.196;1;1199506969
-209.569825;1.7639999;0.049;0.196;1;1199517855
-209.542291;1.7639999;0.147;0.196;1;1199545389
-209.531143;1.813;0.196;0.196;1;1199556537
-209.512084;1.7639999;0.147;0.196;1;1199575596
-209.501419;1.813;0.147;0.244999984;1;1199586261
-209.489205;1.813;0.147;0.196;1;1199598475
-209.476461;1.7639999;0.098;0.196;1;1199611219
-209.465698;1.7149999;0.147;0.196;1;1199621982
-209.421921;1.813;0.098;0.147;1;1199665759
-209.406285;1.7149999;0.147;0.196;1;1199681395
-209.394281;1.7149999;0.098;0.147;1;1199693399
-209.381553;1.7639999;0.098;0.147;1;1199706127
-209.370182;1.7149999;0.147;0.196;1;1199717498
-209.331002;1.7639999;0.098;0.196;1;1199756678
-209.314714;1.666;0.147;0.196;1;1199772966
-209.302199;1.7639999;0.196;0.196;1;1199785481
-209.283049;1.7639999;0.098;0.196;1;1199804631
-209.271923;1.7639999;0.147;0.147;1;1199815757
-209.259414;1.7639999;0.147;0.147;1;1199828266
-209.248234;1.7639999;0.147;0.196;1;1199839446
-209.237807;1.7639999;0.147;0.196;1;1199849873
-209.223685;1.813;0.147;0.147;1;1199863995
-209.211448;1.7639999;0.098;0.147;1;1199876232
-209.200958;1.7639999;0.147;0.147;1;1199886722
-209.185093;1.7149999;0.147;0.196;1;1199902587
-209.172665;1.7149999;0.147;0.196;1;1199915015
-209.161341;1.7149999;0.147;0.196;1;1199926339
-209.145235;1.7639999;0.147;0.147;1;1199942445
-209.134698;1.7639999;0.147;0.196;1;1199952982
-209.109366;1.813;0.098;0.098;1;1199978314
-209.083847;1.813;0.147;0.147;1;1200003833
-209.070714;1.7639999;0.147;0.147;1;1200016966
-209.059867;1.813;0.147;0.147;1;1200027813
-209.044171;1.7639999;0.147;0.098;1;1200043509
-209.033793;1.7639999;0.098;0.196;1;1200053887
-209.022432;1.813;0.049;0.147;1;1200065248
-209.009751;1.7149999;0.147;0.196;1;1200077929
-208.998951;1.7639999;0.147;0.196;1;1200088729
-208.986797;1.7149999;0.196;0.196;1;1200100883
-208.972761;1.7149999;0.147;0.244999984;1;1200114919
-208.961556;1.813;0.147;0.147;1;1200126124
-208.925227;1.7639999;0.098;0.147;1;1200162453
-208.908671;1.7149999;0.147;0.147;1;1200179009
-208.877182;1.7149999;0.147;0.244999984;1;1200210498
-208.866835;1.7149999;0.147;0.196;1;1200220845
-208.854733;1.7149999;0.098;0.196;1;1200232947
-208.841942;1.7149999;0.098;0.196;1;1200245738
-208.830260;1.7639999;0.147;0.196;1;1200257420
-208.811639;1.813;0.098;0.196;1;1200276041
-208.799579;1.7149999;0.098;0.196;1;1200288101
-208.787755;1.7639999;0.147;0.147;1;1200299925
-208.772231;1.7639999;0.098;0.196;1;1200315449
-208.755987;1.7639999;0.147;0.147;1;1200331693
-208.744768;1.813;0.098;0.196;1;1200342912
-208.732471;1.7639999;0.098;0.098;1;1200355209
-208.712895;1.7639999;0.147;0.196;1;1200374785
-208.700706;1.7639999;0.147;0.244999984;1;1200386974
-208.682846;1.7639999;0.147;0.196;1;1200404834
-208.668121;1.7639999;0.147;0.196;1;1200419559
-208.651470;1.7639999;0.098;0.196;1;1200436210
-208.632820;1.7639999;;0.023453474;-0.24677134;1200454860
-208.621719;1.666;0.147;0.196;1;1200465961
-208.602922;1.813;0.098;0.147;1;1200484758
-208.579904;1.813;0.098;0.147;1;1200507776
-208.565503;1.7639999;0.098;0.196;1;1200522177
-208.554346;1.813;0.098;0.196;1;1200533334
-208.541252;1.7639999;0.098;0.147;1;1200546428
-208.530582;1.7639999;0.196;0.147;1;1200557098
-208.513566;1.7639999;0.098;0.196;1;1200574114
-208.491266;1.7149999;0.098;0.196;1;1200596414
-208.455720;1.7639999;0.098;0.147;1;1200631960
-208.435968;1.7639999;0.147;0.196;1;1200651712
-208.415819;1.7149999;0.147;0.147;1;1200671861
-208.404589;1.813;0.147;0.196;1;1200683091
-208.386189;1.7639999;0.098;0.196;1;1200701491
-208.375877;1.7639999;0.147;0.196;1;1200711803
-208.363262;1.7639999;0.147;0.147;1;1200724418
-208.351855;1.7639999;0.147;0.147;1;1200735825
-208.338311;1.813;0.098;0.147;1;1200749369
-208.327574;1.7149999;0.196;0.196;1;1200760106
-208.313478;1.7639999;0.147;0.196;1;1200774202
-208.288768;1.7639999;0.147;0.196;1;1200798912
-208.276382;1.7639999;0.098;0.196;1;1200811298
-208.262876;1.7639999;0.147;0.196;1;1200824804
-208.251811;1.7149999;0.147;0.196;1;1200835869
-208.229187;1.813;0.147;0.196;1;1200858493
-208.218754;1.813;0.147;0.147;1;1200868926
-208.184953;1.7639999;0.098;0.196;1;1200902727
-208.171126;1.7149999;0.098;0.147;1;1200916554
-208.160724;1.7639999;0.098;0.147;1;1200926956
-208.147734;1.7639999;0.098;0.196;1;1200939946
-208.136974;1.813;0.098;0.196;1;1200950706
-208.122411;1.7639999;0.147;0.147;1;1200965269
-208.111867;1.7639999;0.147;0.147;1;1200975813
-208.099458;1.7639999;0.098;0.196;1;1200988222
-208.076711;1.7639999;0.098;0.147;1;1201010969
-208.064791;1.7639999;0.098;0.196;1;1201022889
-208.046851;1.813;0.098;0.196;1;1201040829
-208.012173;1.7639999;0.098;0.196;1;1201075507
-208.000422;1.7639999;0.147;0.147;1;1201087258
-207.983596;1.7149999;0.147;0.196;1;1201104084
-207.972264;1.7639999;0.147;0.147;1;1201115416
-207.954602;1.7149999;0.147;0.196;1;1201133078
-207.936409;1.7639999;0.147;0.196;1;1201151271
-207.914749;1.813;0.098;0.147;1;1201172931
-207.902563;1.7149999;0.147;0.196;1;1201185117
-207.883454;1.7639999;0.147;0.196;1;1201204226
-207.872719;1.7639999;0.098;0.147;1;1201214961
-207.855284;1.7639999;0.098;0.147;1;1201232396
-207.843939;1.7639999;0.147;0.196;1;1201243741
-207.828873;1.7149999;0.147;0.098;1;1201258807
-207.811701;1.7149999;0.147;0.244999984;1;1201275979
-207.796654;1.7149999;0.147;0.244999984;1;1201291026
-207.783654;1.7639999;0.147;0.147;1;1201304026
-207.772717;1.7639999;0.147;0.196;1;1201314963
-207.761189;1.813;0.098;0.244999984;1;1201326491
-207.749837;1.813;0.147;0.147;1;1201337843
-207.734366;1.7639999;0.098;0.147;1;1201353314
-207.711667;1.7639999;0.147;0.196;1;1201376013
-207.699596;1.7639999;0.147;0.147;1;1201388084
-207.686892;1.7639999;0.147;0.147;1;1201400788
-207.674597;1.7639999;0.098;0.196;1;1201413083
-207.663139;1.7639999;0.098;0.196;1;1201424541
-207.650456;1.7639999;0.147;0.147;1;1201437224
-207.639518;1.7149999;0.098;0.196;1;1201448162
-207.604756;1.7639999;0.147;0.196;1;1201482924
-207.588877;1.813;0.147;0.147;1;1201498803
-207.577806;1.7639999;0.196;0.196;1;1201509874
-207.566545;1.7149999;0.098;0.196;1;1201521135
-207.543452;1.813;0.147;0.147;1;1201544228
-207.532783;1.813;0.098;0.196;1;1201554897
-207.521777;1.7639999;0.147;0.196;1;1201565903
-207.501259;1.813;0.098;0.098;1;1201586421
-207.477806;1.813;0.098;0.196;1;1201609874
-207.464595;1.813;0.049;0.196;1;1201623085
-207.446139;1.7639999;0.147;0.147;1;1201641541
-207.433095;1.7639999;0.147;0.147;1;1201654585
-207.414742;1.7639999;0.098;0.147;1;1201672938
-207.392851;1.7639999;0.147;0.147;1;1201694829
-207.379827;1.813;0.147;0.147;1;1201707853
-207.368787;1.813;0.147;0.244999984;1;1201718893
-207.357827;1.7639999;0.147;0.196;1;1201729853
-207.346702;1.7639999;0.147;0.147;1;1201740978
-207.330746;1.813;0.098;0.147;1;1201756934
-207.316519;1.7639999;0.147;0.147;1;1201771161
-207.292808;1.813;0.098;0.147;1;1201794872
-207.280093;1.813;0.147;0.147;1;1201807587
-207.268089;1.7639999;0.147;0.147;1;1201819591
-207.245945;1.7639999;0.147;0.196;1;1201841735
-207.231994;1.7149999;0.147;0.196;1;1201855686
-207.212905;1.7639999;0.098;0.196;1;1201874775
-207.201836;1.813;0.098;0.147;1;1201885844
-207.190313;1.7639999;0.098;0.196;1;1201897367
-207.143623;1.7639999;0.147;0.196;1;1201944057
-207.127407;1.7639999;0.147;0.196;1;1201960273
-207.116543;1.7639999;0.147;0.147;1;1201971137
-207.102744;1.7639999;0.147;0.147;1;1201984936
-207.079790;1.7149999;0.147;0.196;1;1202007890
-207.068363;1.862;0.147;0.196;1;1202019317
-207.056364;1.813;0.098;0.196;1;1202031316
-207.046037;1.7639999;0.098;0.147;1;1202041643
-207.017895;1.7639999;0.098;0.098;1;1202069785
-207.000529;1.813;0.098;0.147;1;1202087151
-206.984046;1.813;0.098;0.147;1;1202103634
-206.972798;1.7639999;0.147;0.147;1;1202114882
-206.960670;1.7639999;0.147;0.244999984;1;1202127010
-206.948220;1.813;0.147;0.147;1;1202139460
-206.937841;1.7639999;0.098;0.196;1;1202149839
-206.926933;1.7639999;0.147;0.147;1;1202160747
-206.915758;1.7639999;0.147;0.196;1;1202171922
-206.891693;1.813;0.098;0.147;1;1202195987
-206.879934;1.7639999;0.147;0.196;1;1202207746
-206.867713;1.813;0.098;0.196;1;1202219967
-206.836360;1.813;0.147;0.196;1;1202251320
-206.823694;1.813;0.147;0.147;1;1202263986
-206.812829;1.7639999;0.098;0.196;1;1202274851
-206.801569;1.813;0.098;0.147;1;1202286111
-206.789151;1.7639999;0.147;0.244999984;1;1202298529
-206.777878;1.7639999;0.147;0.196;1;1202309802
-206.762466;1.7639999;0.147;0.196;1;1202325214
-206.710141;1.813;0.098;0.196;1;1202377539
-206.699433;1.813;0.147;0.196;1;1202388247
-206.688606;1.7639999;0.098;0.147;1;1202399074
-206.677303;1.7639999;0.147;0.147;1;1202410377
-206.666727;1.7639999;0.098;0.147;1;1202420953
-206.653688;1.813;0.147;0.196;1;1202433992
-206.643023;1.7639999;0.147;0.244999984;1;1202444657
-206.631873;1.7639999;0.098;0.196;1;1202455807
-206.617153;1.7639999;0.147;0.196;1;1202470527
-206.601952;1.7149999;0.098;0.196;1;1202485728
-206.589252;1.7639999;0.098;0.196;1;1202498428
-206.577707;1.813;0.098;0.147;1;1202509973
-206.566638;1.7149999;0.147;0.098;1;1202521042
-206.551826;1.7639999;0.098;0.098;1;1202535854
-206.532903;1.7639999;0.098;0.244999984;1;1202554777
-206.500131;1.813;0.147;0.244999984;1;1202587549
-206.488687;1.7639999;0.147;0.196;1;1202598993
-206.475762;1.7639999;0.147;0.196;1;1202611918
-206.464842;1.7639999;0.147;0.147;1;1202622838
-206.450750;1.7639999;0.098;0.147;1;1202636930
-206.434577;1.7639999;0.196;0.147;1;1202653103
-206.412887;1.7639999;0.147;0.196;1;1202674793
-206.398988;1.7639999;0.098;0.147;1;1202688692
-206.382846;1.7639999;0.098;0.147;1;1202704834
-206.371695;1.813;0.098;0.196;1;1202715985
-206.359335;1.7639999;0.147;0.147;1;1202728345
-206.348499;1.7639999;0.147;0.244999984;1;1202739181
-206.333149;1.7149999;0.196;0.196;1;1202754531
-206.322930;1.7639999;0.147;0.196;1;1202764750
-206.284959;1.7149999;0.196;0.147;1;1202802721
-206.268928;1.813;0.147;0.196;1;1202818752
-206.257796;1.7639999;0.196;0.196;1;1202829884
-206.243702;1.7639999;0.098;0.196;1;1202843978
-206.232657;1.7639999;0.098;0.147;1;1202855023
-206.220305;1.7639999;0.147;0.147;1;1202867375
-206.202919;1.7149999;0.147;0.196;1;1202884761
-206.191574;1.7639999;0.098;0.196;1;1202896106
-206.179361;1.7149999;0.147;0.147;1;1202908319
-206.168042;1.7149999;0.147;0.196;1;1202919638
-206.156779;1.7639999;0.147;0.098;1;1202930901
-206.140617;1.813;0.147;0.147;1;1202947063
-206.129607;1.813;0.147;0.147;1;1202958073
-206.117506;1.7639999;0.147;0.244999984;1;1202970174
-206.106726;1.7639999;0.147;0.147;1;1202980954
-206.095514;1.7149999;0.147;0.196;1;1202992166
-206.083020;1.7639999;0.147;0.147;1;1203004660
-206.070095;1.813;0.147;0.196;1;1203017585
-206.046182;1.7149999;0.147;0.244999984;1;1203041498
-206.031809;1.7639999;0.098;0.196;1;1203055871
-206.019995;1.7639999;0.147;0.196;1;1203067685
-205.984331;1.7639999;0.147;0.196;1;1203103349
-205.969892;1.7639999;0.196;0.098;1;1203117788
-205.943225;1.813;0.147;0.196;1;1203144455
-205.932877;1.7639999;0.147;0.147;1;1203154803
-205.920986;1.7639999;0.147;0.196;1;1203166694
-205.902914;1.7639999;0.196;0.147;1;1203184766
-205.868902;1.7639999;0.147;0.196;1;1203218778
-205.846502;1.813;0.098;0.196;1;1203241178
-205.824197;1.7639999;0.147;0.147;1;1203263483
-205.813539;1.7639999;0.196;0.147;1;1203274141
-205.785704;1.7639999;0.098;0.196;1;1203301976
-205.774786;1.7639999;0.147;0.196;1;1203312894
-205.761974;1.7639999;0.098;0.147;1;1203325706
-205.749115;1.7149999;0.098;0.196;1;1203338565
-205.738942;1.7149999;0.098;0.147;1;1203348738
-205.713114;1.813;0.147;0.147;1;1203374566
-205.692806;1.7639999;0.147;0.196;1;1203394874
-205.679812;1.7639999;0.147;0.196;1;1203407868
-205.662859;1.7149999;0.147;0.196;1;1203424821
-205.647818;1.813;0.147;0.147;1;1203439862
-205.612886;1.813;0.098;0.196;1;1203474794
-205.601681;1.7149999;0.098;0.147;1;1203485999
-205.582833;1.7639999;0.098;0.147;1;1203504847
-205.571099;1.7639999;0.098;0.147;1;1203516581
-205.545282;1.7639999;0.098;0.147;1;1203542398
-205.522480;1.7639999;0.147;0.196;1;1203565200
-205.511520;1.7639999;0.147;0.196;1;1203576160
-205.492866;1.7149999;0.147;0.147;1;1203594814
-205.479683;1.7639999;0.147;0.196;1;1203607997
-205.468719;1.7639999;0.147;0.147;1;1203618961
-205.457804;1.813;0.147;0.196;1;1203629876
-205.413595;1.7639999;0.147;0.196;1;1203674085
-205.397094;1.7639999;0.098;0.147;1;1203690586
-205.382987;1.7639999;0.098;0.196;1;1203704693
-205.371747;1.7149999;0.147;0.098;1;1203715933
-205.354943;1.7149999;0.147;0.147;1;1203732737
-205.343583;1.7639999;0.147;0.147;1;1203744097
-205.312534;1.7639999;0.196;0.196;1;1203775146
-205.289687;1.7639999;0.196;0.196;1;1203797993
-205.277290;1.7639999;0.147;0.147;1;1203810390
-205.266520;1.813;0.147;0.147;1;1203821160
-205.254374;1.7639999;0.147;0.196;1;1203833306
-205.243721;1.7639999;0.098;0.196;1;1203843959
-205.231217;1.7149999;0.147;0.147;1;1203856463
-205.219832;1.7639999;0.147;0.196;1;1203867848
-205.200617;1.7149999;0.147;0.196;1;1203887063
-205.186060;1.7639999;0.098;0.244999984;1;1203901620
-205.172900;1.7639999;0.098;0.196;1;1203914780
-205.155703;1.7639999;0.147;0.196;1;1203931977
-205.144697;1.813;0.147;0.147;1;1203942983
-205.131507;1.7639999;0.098;0.196;1;1203956173
-205.105410;1.7639999;0.049;0.244999984;1;1203982270
-205.094554;1.7639999;0.147;0.196;1;1203993126
-205.079577;1.7639999;0.098;0.196;1;1204008103
-205.068990;1.7639999;0.147;0.147;1;1204018690
-205.052459;1.7639999;0.147;0.147;1;1204035221
-205.021859;1.7149999;0.147;0.244999984;1;1204065821
-205.010588;1.7639999;0.098;0.196;1;1204077092
-204.992803;1.7639999;0.147;0.196;1;1204094877
-204.952165;1.7639999;0.098;0.196;1;1204135515
-204.935876;1.813;0.098;0.196;1;1204151804
-204.924613;1.7149999;0.147;0.196;1;1204163067
-204.912198;1.7639999;0.147;0.196;1;1204175482
-204.899418;1.7149999;0.196;0.196;1;1204188262
-204.885740;1.7639999;0.098;0.147;1;1204201940
-204.872871;1.7639999;0.147;0.147;1;1204214809
-204.861176;1.813;0.147;0.196;1;1204226504
-204.845373;1.7639999;0.098;0.147;1;1204242307
-204.834967;1.7639999;0.147;0.147;1;1204252713
-204.815898;1.813;0.049;0.196;1;1204271782
-204.802873;1.7639999;0.147;0.147;1;1204284807
-204.789429;1.7639999;0.098;0.196;1;1204298251
-204.778873;1.813;0.147;0.147;1;1204308807
-204.764520;1.7639999;0.147;0.147;1;1204323160
-204.752696;1.7639999;0.098;0.196;1;1204334984
-204.741801;1.7149999;0.098;0.147;1;1204345879
-204.730651;1.813;0.147;0.147;1;1204357029
-204.719907;1.7639999;0.147;0.196;1;1204367773
-204.701161;1.7149999;0.147;0.147;1;1204386519
-204.690708;1.813;0.098;0.147;1;1204396972
-204.679644;1.7639999;0.147;0.196;1;1204408036
-204.664777;1.7639999;0.098;0.196;1;1204422903
-204.652305;1.7639999;0.147;0.196;1;1204435375
-204.641596;1.7149999;0.147;0.147;1;1204446084
-204.630088;1.813;0.098;0.196;1;1204457592
-204.613366;1.813;0.098;0.147;1;1204474314
-204.591725;1.7639999;0.098;0.147;1;1204495955
-204.578366;1.7639999;0.147;0.147;1;1204509314
-204.566640;1.813;0.147;0.196;1;1204521040
-204.513000;1.813;0.147;0.147;1;1204574680
-204.501760;1.7639999;0.147;0.147;1;1204585920
-204.483598;1.7639999;0.196;0.244999984;1;1204604082
-204.471683;1.7639999;0.098;0.196;1;1204615997
-204.448465;1.7639999;0.196;0.098;1;1204639215
-204.433918;1.813;0.147;0.098;1;1204653762
-204.422886;1.813;0.098;0.196;1;1204664794
-204.410267;1.813;0.049;0.196;1;1204677413
-204.398300;1.7639999;0.098;0.147;1;1204689380
-204.382669;1.7639999;0.147;0.147;1;1204705011
-204.369077;1.813;0.147;0.196;1;1204718603
-204.343475;1.7639999;0.147;0.196;1;1204744205
-204.331527;1.7639999;0.147;0.244999984;1;1204756153
-204.311805;1.7639999;0.098;0.147;1;1204775875
-204.298934;1.7639999;0.098;0.196;1;1204788746
-204.286215;1.813;0.098;0.049;1;1204801465
-204.275324;1.7639999;0.147;0.196;1;1204812356
-204.264498;1.7639999;0.147;0.196;1;1204823182
-204.250090;1.7639999;0.147;0.196;1;1204837590
-204.239813;1.7149999;0.147;0.147;1;1204847867
-204.228545;1.7149999;0.147;0.147;1;1204859135
-204.211800;1.813;0.147;0.196;1;1204875880
-204.200039;1.7639999;0.098;0.244999984;1;1204887641
-204.187434;1.7639999;0.147;0.196;1;1204900246
-204.176550;1.813;0.147;0.196;1;1204911130
-204.164270;1.813;0.098;0.147;1;1204923410
-204.149843;1.813;0.147;0.196;1;1204937837
-204.137673;1.813;0.147;0.147;1;1204950007
-204.126515;1.7639999;0.196;0.147;1;1204961165
-204.115236;1.7639999;0.098;0.147;1;1204972444
-204.077849;1.7639999;0.196;0.196;1;1205009831
-204.063826;1.7639999;0.147;0.196;1;1205023854
-204.047523;1.7639999;0.147;0.196;1;1205040157
-204.036795;1.7149999;0.147;0.147;1;1205050885
-204.023277;1.7149999;0.147;0.147;1;1205064403
-204.005501;1.7639999;0.098;0.147;1;1205082179
-203.994820;1.7639999;0.147;0.098;1;1205092860
-203.979672;1.7639999;0.147;0.196;1;1205108008
-203.968884;1.7639999;0.196;0.147;1;1205118796
-203.954061;1.7639999;0.147;0.196;1;1205133619
-203.939518;1.7639999;0.147;0.147;1;1205148162
-203.919811;1.813;0.098;0.196;1;1205167869
-203.908729;1.7149999;0.196;0.147;1;1205178951
-203.897672;1.813;0.098;0.196;1;1205190008
-203.886724;1.7639999;0.147;0.196;1;1205200956
-203.875774;1.7149999;0.147;0.147;1;1205211906
-203.863129;1.7149999;0.098;0.147;1;1205224551
-203.849413;1.7639999;0.098;0.147;1;1205238267
-203.838814;1.7639999;0.098;0.147;1;1205248866
-203.826373;1.7639999;0.098;0.196;1;1205261307
-203.815537;1.813;0.098;0.147;1;1205272143
-203.788002;1.7639999;0.147;0.244999984;1;1205299678
-203.774244;1.7149999;0.049;0.147;1;1205313436
-203.761911;1.7639999;0.147;0.244999984;1;1205325769
-203.749785;1.7639999;0.147;0.196;1;1205337895
-203.718564;1.7639999;0.147;0.196;1;1205369116
-203.701321;1.7639999;0.098;0.147;1;1205386359
-203.666848;1.813;0.147;0.196;1;1205420832
-203.645931;1.7639999;0.098;0.196;1;1205441749
-203.618163;1.7639999;0.196;0.196;1;1205469517
-203.601498;1.7639999;0.147;0.147;1;1205486182
-203.588018;1.7639999;0.196;0.147;1;1205499662
-203.574695;1.813;0.098;0.196;1;1205512985
-203.563804;1.813;0.147;0.196;1;1205523876
-203.547705;1.7149999;0.098;0.147;1;1205539975
-203.536238;1.813;0.098;0.147;1;1205551442
-203.518092;1.813;0.147;0.147;1;1205569588
-203.503368;1.813;0.147;0.147;1;1205584312
-203.480919;1.7639999;0.098;0.196;1;1205606761
-203.469340;1.813;0.098;0.196;1;1205618340
-203.447584;1.813;0.098;0.147;1;1205640096
-203.436782;1.813;0.098;0.147;1;1205650898
-203.411812;1.7639999;0.147;0.196;1;1205675868
-203.400473;1.813;0.147;0.244999984;1;1205687207
-203.380040;1.7639999;0.147;0.147;1;1205707640
-203.369102;1.7149999;0.196;0.196;1;1205718578
-203.351637;1.7639999;0.098;0.196;1;1205736043
-203.338464;1.7639999;0.147;0.196;1;1205749216
-203.315037;1.7639999;0.098;0.147;1;1205772643
-203.284830;1.813;0.147;0.147;1;1205802850
-203.271535;1.7639999;0.098;0.196;1;1205816145
-203.260900;1.7639999;0.147;0.147;1;1205826780
-203.223268;1.813;0.098;0.147;1;1205864412
-203.209844;1.7639999;0.147;0.196;1;1205877836
-203.183425;1.813;0.098;0.147;1;1205904255
-203.172270;1.7149999;0.147;0.147;1;1205915410
-203.148734;1.7639999;0.147;0.147;1;1205938946
-203.132019;1.7639999;0.098;0.196;1;1205955661
-203.120822;1.7639999;0.196;0.147;1;1205966858
-203.106854;1.7639999;0.147;0.196;1;1205980826
-203.095235;1.7639999;0.147;0.147;1;1205992445
-203.082571;1.7639999;0.196;0.147;1;1206005109
-203.071835;1.7639999;0.098;0.147;1;1206015845
-203.047939;1.7639999;0.196;0.147;1;1206039741
-203.037014;1.813;0.147;0.196;1;1206050666
-203.012700;1.7639999;0.147;0.147;1;1206074980
-203.001525;1.813;0.147;0.196;1;1206086155
-202.986597;1.7639999;0.147;0.147;1;1206101083
-202.975591;1.7149999;0.147;0.196;1;1206112089
-202.945601;1.7639999;0.147;0.098;1;1206142079
-202.932960;1.813;0.098;0.098;1;1206154720
-202.910920;1.7639999;0.098;0.196;1;1206176760
-202.889994;1.7639999;0.098;0.196;1;1206197686
-202.878015;1.813;0.098;0.196;1;1206209665
-202.867211;1.7639999;0.147;0.196;1;1206220469
-202.855195;1.7639999;0.147;0.196;1;1206232485
-202.840144;1.7639999;0.147;0.147;1;1206247536
-202.784551;1.7639999;0.098;0.147;1;1206303129
-202.770824;1.7639999;0.147;0.196;1;1206316856
-202.747809;1.7639999;0.147;0.147;1;1206339871
-202.735181;1.7639999;0.098;0.196;1;1206352499
-202.712749;1.7149999;0.098;0.147;1;1206374931
-202.699954;1.7639999;0.098;0.147;1;1206387726
-202.686928;1.813;0.147;0.147;1;1206400752
-202.674225;1.813;0.098;0.244999984;1;1206413455
-202.645933;1.7639999;0.098;0.196;1;1206441747
-202.616855;1.813;0.098;0.147;1;1206470825
-202.602813;1.7639999;0.196;0.196;1;1206484867
-202.590023;1.7639999;0.098;0.196;1;1206497657
-202.578049;1.7639999;0.196;0.196;1;1206509631
-202.566788;1.7149999;0.147;0.147;1;1206520892
-202.550954;1.7639999;0.147;0.147;1;1206536726
-202.539905;1.7639999;0.098;0.147;1;1206547775
-202.528700;1.813;0.098;0.196;1;1206558980
-202.510126;1.7149999;0.098;0.147;1;1206577554
-202.499663;1.7639999;0.098;0.147;1;1206588017
-202.486044;1.7639999;0.098;0.147;1;1206601636
-202.474852;1.813;0.147;0.147;1;1206612828
-202.463519;1.813;0.098;0.196;1;1206624161
-202.448860;1.7639999;0.147;0.196;1;1206638820
-202.412244;1.7149999;0.196;0.147;1;1206675436
-202.361532;1.7639999;0.098;0.147;1;1206726148
-202.340390;1.7639999;0.098;0.147;1;1206747290
-202.321168;1.7639999;0.147;0.196;1;1206766512
-202.309198;1.7639999;0.147;0.196;1;1206778482
-202.290673;1.7639999;0.147;0.147;1;1206797007
-202.279166;1.7639999;0.098;0.147;1;1206808514
-202.268226;1.7639999;0.147;0.196;1;1206819454
-202.245060;1.7149999;0.196;0.196;1;1206842620
-202.230037;1.813;0.098;0.196;1;1206857643
-202.214062;1.7639999;0.098;0.196;1;1206873618
-202.200180;1.813;0.098;0.196;1;1206887500
-202.189612;1.813;0.147;0.147;1;1206898068
-202.178144;1.7639999;0.147;0.147;1;1206909536
-202.167314;1.7639999;0.196;0.147;1;1206920366
-202.154524;1.7639999;0.147;0.147;1;1206933156
-202.141290;1.7639999;0.147;0.196;1;1206946390
-202.128709;1.7149999;0.147;0.196;1;1206958971
-202.117486;1.7639999;0.147;0.196;1;1206970194
-202.104779;1.7639999;0.147;0.196;1;1206982901
-202.086598;1.7639999;0.147;0.147;1;1207001082
-202.075819;1.7639999;0.147;0.147;1;1207011861
-202.064649;1.7149999;0.147;0.147;1;1207023031
-202.053591;1.7149999;0.147;0.147;1;1207034089
-202.035776;1.7639999;0.147;0.196;1;1207051904
-202.022247;1.813;0.098;0.147;1;1207065433
-202.004891;1.7639999;0.147;0.147;1;1207082789
-201.980308;1.813;0.147;0.196;1;1207107372
-201.962461;1.813;0.098;0.196;1;1207125219
-201.951779;1.7639999;0.098;0.196;1;1207135901
-201.911335;1.7639999;0.147;0.196;1;1207176345
-201.878162;1.7639999;0.147;0.147;1;1207209518
-201.867850;1.813;0.147;0.196;1;1207219830
-201.844782;1.7639999;0.098;0.196;1;1207242898
-201.831946;1.813;0.098;0.196;1;1207255734
-201.820649;1.813;0.098;0.196;1;1207267031
-201.788168;1.7639999;0.098;0.196;1;1207299512
-201.776982;1.7639999;0.098;0.196;1;1207310698
-201.764891;1.813;0.147;0.196;1;1207322789
-201.742478;1.7149999;0.147;0.147;1;1207345202
-201.729041;1.813;0.098;0.196;1;1207358639
-201.712674;1.7639999;0.147;0.147;1;1207375006
-201.700967;1.7639999;0.098;0.147;1;1207386713
-201.685196;1.7639999;0.147;0.147;1;1207402484
-201.672268;1.7149999;0.147;0.196;1;1207415412
-201.661323;1.7639999;0.147;0.196;1;1207426357
-201.645376;1.813;0.098;0.244999984;1;1207442304
-201.624810;1.7149999;0.147;0.147;1;1207462870
-201.611901;1.7639999;0.147;0.196;1;1207475779
-201.591719;1.7639999;0.098;0.147;1;1207495961
-201.576439;1.7639999;0.147;0.196;1;1207511241
-201.562880;1.7639999;0.147;0.244999984;1;1207524800
-201.551864;1.7639999;0.147;0.147;1;1207535816
-201.539627;1.7639999;0.098;0.196;1;1207548053
-201.527779;1.813;0.098;0.196;1;1207559901
-201.490796;1.7639999;0.147;0.196;1;1207596884
-201.472475;1.7639999;0.147;0.196;1;1207615205
-201.461583;1.7639999;0.147;0.244999984;1;1207626097
-201.450936;1.813;0.147;0.196;1;1207636744
-201.439796;1.813;0.098;0.196;1;1207647884
-201.428155;1.7149999;0.098;0.196;1;1207659525
-201.416522;1.7639999;0.098;0.196;1;1207671158
-201.391653;1.7149999;0.147;0.196;1;1207696027
-201.380398;1.813;0.098;0.147;1;1207707282
-201.351306;1.813;0.147;0.196;1;1207736374
-201.339338;1.7639999;0.147;0.196;1;1207748342
-201.327440;1.7639999;0.147;0.196;1;1207760240
-201.311350;1.813;0.098;0.196;1;1207776330
-201.300021;1.7639999;0.098;0.196;1;1207787659
-201.288144;1.7149999;0.147;0.098;1;1207799536
-201.276725;1.7639999;0.147;0.147;1;1207810955
-201.263464;1.7149999;0.147;0.147;1;1207824216
-201.248193;1.7639999;0.147;0.196;1;1207839487
-201.237763;1.7149999;0.147;0.196;1;1207849917
-201.201839;1.813;0.147;0.196;1;1207885841
-201.189570;1.7639999;0.147;0.196;1;1207898110
-201.178759;1.7639999;0.098;0.147;1;1207908921
-201.162853;1.7639999;0.147;0.196;1;1207924827
-201.148454;1.813;0.147;0.147;1;1207939226
-201.137110;1.7639999;0.147;0.147;1;1207950570
-201.113681;1.7639999;0.147;0.147;1;1207973999
-201.101513;1.7149999;0.098;0.147;1;1207986167
-201.056138;1.7149999;0.147;0.196;1;1208031542
-201.036082;1.813;0.098;0.147;1;1208051598
-201.022264;1.7639999;0.147;0.196;1;1208065416
-201.010576;1.813;0.196;0.196;1;1208077104
-200.999241;1.7149999;0.147;0.244999984;1;1208088439
-200.986493;1.7639999;0.147;0.196;1;1208101187
-200.974784;1.7149999;0.098;0.147;1;1208112896
-200.963332;1.813;0.098;0.196;1;1208124348
-200.950367;1.7639999;0.147;0.196;1;1208137313
-200.939302;1.7639999;0.147;0.196;1;1208148378
-200.928913;1.813;0.147;0.196;1;1208158767
-200.917148;1.813;0.098;0.196;1;1208170532
-200.906904;1.7149999;0.147;0.147;1;1208180776
-200.893321;1.7639999;0.098;0.147;1;1208194359
-200.879380;1.813;0.098;0.196;1;1208208300
-200.868617;1.813;0.098;0.196;1;1208219063
-200.845204;1.7639999;0.147;0.196;1;1208242476
-200.830035;1.7149999;0.147;0.196;1;1208257645
-200.811740;1.7639999;0.098;0.196;1;1208275940
-200.800589;1.7639999;0.147;0.196;1;1208287091
-200.788181;1.7149999;0.147;0.196;1;1208299499
-200.775700;1.813;0.196;0.147;1;1208311980
-200.748437;1.7149999;0.098;0.196;1;1208339243
-200.719076;1.7639999;0.098;0.196;1;1208368604
-200.696465;1.7639999;0.098;0.147;1;1208391215
-200.672199;1.7639999;0.147;0.147;1;1208415481
-200.637333;1.7639999;0.147;0.196;1;1208450347
-200.617521;1.7149999;0.098;0.196;1;1208470159
-200.603507;1.7639999;0.098;0.147;1;1208484173
-200.592861;1.7639999;0.098;0.196;1;1208494819
-200.580128;1.7639999;0.196;0.147;1;1208507552
-200.569774;1.7639999;0.147;0.196;1;1208517906
-200.550148;1.7149999;0.098;0.196;1;1208537532
-200.532861;1.666;0.244999984;0.196;1;1208554819
-200.521139;1.7639999;0.147;0.196;1;1208566541
-200.510894;1.7639999;0.098;0.147;1;1208576786
-200.499720;1.7149999;0.098;0.147;1;1208587960
-200.488149;1.813;0.098;0.147;1;1208599531
-200.477300;1.813;0.147;0.147;1;1208610380
-200.465515;1.7639999;0.147;0.196;1;1208622165
-200.450527;1.7639999;0.147;0.147;1;1208637153
-200.418405;1.7639999;0.098;0.196;1;1208669275
-200.405882;1.7639999;0.147;0.147;1;1208681798
-200.394756;1.813;0.147;0.196;1;1208692924
-200.381241;1.7639999;0.098;0.147;1;1208706439
-200.369861;1.7639999;0.147;0.196;1;1208717819
-200.352127;1.7639999;0.147;0.196;1;1208735553
-200.339005;1.7639999;0.147;0.147;1;1208748675
-200.327949;1.7149999;0.147;0.196;1;1208759731
-200.316697;1.7149999;0.147;0.196;1;1208770983
-200.302598;1.813;0.098;0.196;1;1208785082
-200.282854;1.7639999;0.147;0.147;1;1208804826
-200.270038;1.7639999;0.196;0.147;1;1208817642
-200.247683;1.7639999;0.147;0.147;1;1208839997
-200.236215;1.7639999;0.098;0.196;1;1208851465
-200.204573;1.7639999;0.147;0.196;1;1208883107
-200.191813;1.7639999;0.147;0.147;1;1208895867
-200.176305;1.7639999;0.196;0.196;1;1208911375
-200.163694;1.7639999;0.147;0.147;1;1208923986
-200.152161;1.7639999;0.098;0.196;1;1208935519
-200.133984;1.7639999;0.098;0.196;1;1208953696
-200.122838;1.7639999;0.147;0.196;1;1208964842
-200.110134;1.813;0.147;0.196;1;1208977546
-200.099961;1.7639999;0.196;0.196;1;1208987719
-200.084625;1.7149999;0.147;0.244999984;1;1209003055
-200.073664;1.7639999;0.196;0.147;1;1209014016
-200.048181;1.7639999;0.147;0.147;1;1209039499
-200.037731;1.813;0.147;0.147;1;1209049949
-200.012338;1.7639999;0.147;0.147;1;1209075342
-199.991763;1.813;0.098;0.196;1;1209095917
-199.977596;1.7639999;0.098;0.147;1;1209110084
-199.966178;1.7639999;0.098;0.196;1;1209121502
-199.951909;1.7639999;0.147;0.196;1;1209135771
-199.911607;1.7639999;0.098;0.196;1;1209176073
-199.893575;1.7149999;0.147;0.196;1;1209194105
-199.879264;1.7639999;0.098;0.147;1;1209208416
-199.865531;1.7639999;0.147;0.147;1;1209222149
-199.840773;1.7639999;0.098;0.196;1;1209246907
-199.829440;1.813;0.147;0.147;1;1209258240
-199.809419;1.813;0.098;0.196;1;1209278261
-199.783500;1.7639999;0.196;0.147;1;1209304180
-199.745671;1.7149999;0.147;0.147;1;1209342009
-199.730175;1.7639999;0.147;0.147;1;1209357505
-199.686710;1.7639999;0.098;0.196;1;1209400970
-199.669586;1.813;0.098;0.196;1;1209418094
-199.653596;1.7149999;0.147;0.196;1;1209434084
-199.642984;1.7639999;0.147;0.147;1;1209444696
-199.630815;1.813;0.098;0.147;1;1209456865
-199.611710;1.7639999;0.098;0.196;1;1209475970
-199.579426;1.7639999;0.147;0.196;1;1209508254
-199.568498;1.7639999;0.147;0.147;1;1209519182
-199.551437;1.7639999;0.147;0.196;1;1209536243
-199.520194;1.813;0.098;0.196;1;1209567486
-199.509138;1.813;0.098;0.196;1;1209578542
-199.497877;1.7149999;0.147;0.196;1;1209589803
-199.485191;1.7149999;0.196;0.147;1;1209602489
-199.474432;1.7639999;0.098;0.147;1;1209613248
-199.461024;1.7639999;0.147;0.196;1;1209626656
-199.447250;1.7149999;0.147;0.196;1;1209640430
-199.433401;1.7639999;0.147;0.196;1;1209654279
-199.405721;1.7639999;0.196;0.196;1;1209681959
-199.393556;1.7149999;0.196;0.196;1;1209694124
-199.381137;1.7639999;0.147;0.196;1;1209706543
-199.368463;1.7639999;0.098;0.244999984;1;1209719217
-199.349194;1.7639999;0.147;0.147;1;1209738486
-199.321891;1.7639999;0.098;0.147;1;1209765789
-199.308543;1.813;0.098;0.147;1;1209779137
-199.294567;1.7149999;0.098;0.098;1;1209793113
-199.279738;1.813;0.098;0.196;1;1209807942
-199.266817;1.813;0.147;0.147;1;1209820863
-199.253114;1.7149999;0.147;0.147;1;1209834566
-199.236365;1.7639999;0.196;0.196;1;1209851315
-199.223370;1.7149999;0.147;0.196;1;1209864310
-199.211722;1.813;0.098;0.196;1;1209875958
-199.192175;1.813;0.098;0.147;1;1209895505
-199.181824;1.7639999;0.098;0.196;1;1209905856
-199.170303;1.7149999;0.147;0.147;1;1209917377
-199.158435;1.7639999;0.098;0.098;1;1209929245
-199.145357;1.7639999;0.098;0.196;1;1209942323
-199.130858;1.7149999;0.098;0.196;1;1209956822
-199.119907;1.7149999;0.147;0.196;1;1209967773
-199.107323;1.813;0.098;0.196;1;1209980357
-199.096807;1.813;0.147;0.147;1;1209990873
-199.084833;1.7639999;0.098;0.196;1;1210002847
-199.073528;1.813;0.147;0.196;1;1210014152
-199.057719;1.7639999;0.196;0.196;1;1210029961
-199.043214;1.7639999;0.147;0.098;1;1210044466
-199.030686;1.7639999;0.098;0.147;1;1210056994
-199.015084;1.7149999;0.098;0.147;1;1210072596
-198.992845;1.7639999;0.098;0.196;1;1210094835
-198.981136;1.7639999;0.098;0.098;1;1210106544
-198.970904;1.7639999;0.147;0.147;1;1210116776
-198.957028;1.7639999;0.098;0.196;1;1210130652
-198.943624;1.7639999;0.147;0.147;1;1210144056
-198.931641;1.813;0.098;0.244999984;1;1210156039
-198.919842;1.7149999;0.147;0.196;1;1210167838
-198.880369;1.813;0.147;0.196;1;1210207311
-198.861662;1.7639999;0.147;0.196;1;1210226018
-198.850745;1.7639999;0.147;0.147;1;1210236935
-198.838429;1.7149999;0.147;0.147;1;1210249251
-198.827993;1.7149999;0.147;0.196;1;1210259687
-198.816790;1.813;0.147;0.196;1;1210270890
-198.800047;1.7639999;0.147;0.147;1;1210287633
-198.788762;1.7639999;0.147;0.196;1;1210298918
-198.771669;1.7639999;0.098;0.244999984;1;1210316011
-198.747983;1.7639999;0.098;0.147;1;1210339697
-198.735888;1.7149999;0.147;0.244999984;1;1210351792
-198.716584;1.7639999;0.147;0.147;1;1210371096
-198.705757;1.7149999;0.147;0.147;1;1210381923
-198.679069;1.7639999;0.196;0.196;1;1210408611
-198.666868;1.7639999;0.147;0.196;1;1210420812
-198.651243;1.7639999;0.098;0.196;1;1210436437
-198.620301;1.7639999;0.098;0.196;1;1210467379
-198.600127;1.813;0.098;0.244999984;1;1210487553
-198.587539;1.813;0.147;0.098;1;1210500141
-198.574390;1.7639999;0.147;0.147;1;1210513290
-198.563793;1.7639999;0.196;0.147;1;1210523887
-198.546045;1.7639999;0.098;0.147;1;1210541635
-198.534927;1.7639999;0.098;0.098;1;1210552753
-198.515872;1.7639999;0.147;0.147;1;1210571808
-198.503270;1.7149999;0.098;0.196;1;1210584410
-198.490189;1.7639999;0.147;0.196;1;1210597491
-198.478916;1.7149999;0.147;0.147;1;1210608764
-198.466394;1.7149999;0.098;0.196;1;1210621286
-198.420927;1.7149999;0.098;0.147;1;1210666753
-198.405219;1.813;0.098;0.147;1;1210682461
-198.394123;1.7639999;0.147;0.196;1;1210693557
-198.381220;1.7639999;0.098;0.147;1;1210706460
-198.370151;1.7639999;0.098;0.147;1;1210717529
-198.347854;1.813;0.147;0.147;1;1210739826
-198.333333;1.7639999;0.147;0.196;1;1210754347
-198.317897;1.7639999;0.098;0.196;1;1210769783
-198.306543;1.7639999;0.098;0.244999984;1;1210781137
-198.295539;1.7149999;0.147;0.196;1;1210792141
-198.281299;1.7639999;0.098;0.196;1;1210806381
-198.270720;1.813;0.147;0.244999984;1;1210816960
-198.257673;1.7639999;0.147;0.196;1;1210830007
-198.246788;1.7639999;0.098;0.196;1;1210840892
-198.235939;1.7639999;0.196;0.098;1;1210851741
-198.210262;1.7149999;0.196;0.147;1;1210877418
-198.191651;1.7639999;0.147;0.196;1;1210896029
-198.180040;1.7639999;0.147;0.196;1;1210907640
-198.168578;1.7639999;0.147;0.196;1;1210919102
-198.154497;1.7149999;0.147;0.147;1;1210933183
-198.141694;1.7639999;0.147;0.147;1;1210945986
-198.130234;1.7639999;0.147;0.244999984;1;1210957446
-198.114529;1.7639999;0.098;0.196;1;1210973151
-198.101238;1.7639999;0.098;0.196;1;1210986442
-198.078807;1.813;0.098;0.098;1;1211008873
-198.066385;1.813;0.147;0.196;1;1211021295
-198.055820;1.7149999;0.147;0.147;1;1211031860
-198.020463;1.813;0.147;0.147;1;1211067217
-198.009481;1.7639999;0.098;0.196;1;1211078199
-197.990771;1.813;0.098;0.196;1;1211096909
-197.976613;1.813;0.098;0.147;1;1211111067
-197.965865;1.813;0.049;0.244999984;1;1211121815
-197.953159;1.813;0.147;0.196;1;1211134521
-197.942803;1.7639999;0.098;0.147;1;1211144877
-197.931678;1.7639999;0.147;0.147;1;1211156002
-197.912919;1.7639999;0.098;0.196;1;1211174761
-197.901240;1.7639999;0.147;0.147;1;1211186440
-197.871784;1.7149999;0.147;0.098;1;1211215896
-197.842858;1.7149999;0.147;0.196;1;1211244822
-197.831713;1.7639999;0.147;0.147;1;1211255967
-197.811163;1.7639999;0.147;0.147;1;1211276517
-197.800629;1.7639999;0.098;0.196;1;1211287051
-197.789772;1.7639999;0.098;0.196;1;1211297908
-197.776607;1.7639999;0.147;0.196;1;1211311073
-197.765846;1.7639999;0.196;0.196;1;1211321834
-197.749661;1.7639999;0.147;0.147;1;1211338019
-197.732923;1.7639999;0.147;0.196;1;1211354757
-197.699666;1.7639999;0.147;0.196;1;1211388014
-197.677880;1.7639999;0.196;0.098;1;1211409800
-197.666691;1.7639999;0.147;0.147;1;1211420989
-197.616384;1.7639999;0.147;0.147;1;1211471296
-197.603317;1.813;0.098;0.098;1;1211484363
-197.590925;1.7149999;0.098;0.196;1;1211496755
-197.579139;1.7639999;0.147;0.196;1;1211508541
-197.567970;1.7149999;0.098;0.196;1;1211519710
-197.552576;1.7639999;0.147;0.196;1;1211535104
-197.531672;1.7639999;0.147;0.147;1;1211556008
-197.520534;1.813;0.098;0.196;1;1211567146
-197.506784;1.7639999;0.147;0.244999984;1;1211580896
-197.479675;1.7639999;0.147;0.196;1;1211608005
-197.468485;1.7639999;0.196;0.196;1;1211619195
-197.454453;1.7149999;0.147;0.244999984;1;1211633227
-197.431529;1.7639999;0.098;0.147;1;1211656151
-197.420619;1.813;0.098;0.147;1;1211667061
-197.401463;1.7639999;0.147;0.196;1;1211686217
-197.387822;1.7639999;0.147;0.196;1;1211699858
-197.372653;1.7639999;0.147;0.196;1;1211715027
-197.361827;1.7639999;0.147;0.147;1;1211725853
-197.345276;1.7639999;0.147;0.147;1;1211742404
-197.322890;1.813;0.147;0.147;1;1211764790
-197.311768;1.7149999;0.147;0.244999984;1;1211775912
-197.293912;1.7149999;0.147;0.147;1;1211793768
-197.277141;1.813;0.098;0.147;1;1211810539
-197.264776;1.7639999;0.147;0.147;1;1211822904
-197.230277;1.7639999;0.196;0.147;1;1211857403
-197.212841;1.7149999;0.147;0.196;1;1211874839
-197.201883;1.7639999;0.147;0.244999984;1;1211885797
-197.161936;1.7639999;0.196;0.196;1;1211925744
-197.140410;1.813;0.098;0.147;1;1211947270
-197.115817;1.7149999;0.098;0.147;1;1211971863
-197.102648;1.7639999;0.147;0.196;1;1211985032
-197.080278;1.7149999;0.196;0.196;1;1212007402
-197.069941;1.7639999;0.196;0.147;1;1212017739
-197.058053;1.7639999;0.147;0.098;1;1212029627
-197.045164;1.7639999;0.147;0.196;1;1212042516
-197.031923;1.7149999;0.147;0.196;1;1212055757
-197.012890;1.813;0.147;0.147;1;1212074790
-197.001469;1.7639999;0.098;0.196;1;1212086211
-196.977660;1.7639999;0.147;0.196;1;1212110020
-196.967008;1.7639999;0.147;0.147;1;1212120672
-196.955799;1.7639999;0.147;0.196;1;1212131881
-196.942993;1.7149999;0.147;0.147;1;1212144687
-196.931487;1.7639999;0.098;0.196;1;1212156193
-196.902827;1.7639999;0.147;0.147;1;1212184853
-196.889756;1.813;0.098;0.147;1;1212197924
-196.878712;1.813;0.147;0.147;1;1212208968
-196.862739;1.7639999;0.098;0.147;1;1212224941
-196.850012;1.7639999;0.147;0.147;1;1212237668
-196.835835;1.7639999;0.147;0.244999984;1;1212251845
-196.822507;1.7639999;0.147;0.147;1;1212265173
-196.811776;1.7639999;0.147;0.196;1;1212275904
-196.797585;1.813;0.098;0.147;1;1212290095
-196.785758;1.7639999;0.147;0.147;1;1212301922
-196.774357;1.813;0.147;0.147;1;1212313323
-196.728317;1.813;0.098;0.196;1;1212359363
-196.717345;1.813;0.147;0.196;1;1212370335
-196.700554;1.813;0.098;0.147;1;1212387126
-196.681276;1.7639999;0.098;0.196;1;1212406404
-196.669593;1.7149999;0.147;0.196;1;1212418087
-196.651717;1.7639999;0.147;0.147;1;1212435963
-196.637445;1.7639999;0.147;0.196;1;1212450235
-196.621349;1.813;0.098;0.147;1;1212466331
-196.606380;1.7639999;0.196;0.196;1;1212481300
-196.582128;1.7639999;0.147;0.147;1;1212505552
-196.570009;1.7639999;0.147;0.196;1;1212517671
-196.546508;1.7639999;0.147;0.147;1;1212541172
-196.531721;1.7639999;0.098;0.147;1;1212555959
-196.520677;1.7639999;0.147;0.147;1;1212567003
-196.501482;1.7639999;0.147;0.196;1;1212586198
-196.488781;1.7639999;0.147;0.196;1;1212598899
-196.471718;1.7639999;0.098;0.244999984;1;1212615962
-196.460714;1.7639999;0.098;0.196;1;1212626966
-196.441097;1.7639999;0.147;0.147;1;1212646583
-196.429938;1.7149999;0.196;0.147;1;1212657742
-196.411371;1.7149999;0.098;0.147;1;1212676309
-196.397911;1.7639999;0.147;0.196;1;1212689769
-196.384528;1.7639999;0.147;0.147;1;1212703152
-196.373658;1.7639999;0.196;0.196;1;1212714022
-196.342904;1.7639999;0.098;0.196;1;1212744776
-196.331258;1.7639999;0.147;0.244999984;1;1212756422
-196.312901;1.813;0.098;0.196;1;1212774779
-196.299594;1.7639999;0.147;0.147;1;1212788086
-196.268920;1.7639999;0.147;0.147;1;1212818760
-196.246251;1.7149999;0.147;0.196;1;1212841429
-196.232877;1.813;0.147;0.147;1;1212854803
-196.211748;1.813;0.147;0.196;1;1212875932
-196.189989;1.7639999;0.098;0.196;1;1212897691
-196.178105;1.7639999;0.098;0.196;1;1212909575
-196.165790;1.7639999;0.098;0.196;1;1212921890
-196.149863;1.7639999;0.147;0.147;1;1212937817
-196.138879;1.813;0.147;0.196;1;1212948801
-196.126674;1.7639999;0.147;0.196;1;1212961006
-196.115857;1.7639999;0.147;0.147;1;1212971823
-196.100134;1.7149999;0.098;0.147;1;1212987546
-196.088302;1.7639999;0.098;0.147;1;1212999378
-196.076962;1.813;0.098;0.147;1;1213010718
-196.064928;1.7639999;0.098;0.147;1;1213022752
-196.050535;1.7639999;0.098;0.244999984;1;1213037145
-196.039804;1.7639999;0.098;0.147;1;1213047876
-196.028872;1.862;0.098;0.147;1;1213058808
-196.013533;1.813;0.098;0.196;1;1213074147
-196.000524;1.813;0.049;0.147;1;1213087156
-195.987983;1.7149999;0.147;0.147;1;1213099697
-195.976575;1.7639999;0.147;0.147;1;1213111105
-195.964658;1.813;0.196;0.147;1;1213123022
-195.948630;1.7639999;0.147;0.147;1;1213139050
-195.937820;1.7639999;0.147;0.196;1;1213149860
-195.926737;1.7639999;0.098;0.244999984;1;1213160943
-195.914919;1.7639999;0.098;0.196;1;1213172761
-195.902005;1.7639999;0.098;0.244999984;1;1213185675
-195.877889;1.813;0.098;0.147;1;1213209791
-195.844102;1.7639999;0.098;0.147;1;1213243578
-195.827319;1.7639999;0.147;0.147;1;1213260361
-195.805880;1.7639999;0.147;0.196;1;1213281800
-195.794713;1.7639999;0.147;0.098;1;1213292967
-195.779499;1.7639999;0.147;0.196;1;1213308181
-195.768728;1.7639999;0.196;0.196;1;1213318952
-195.754640;1.813;0.098;0.196;1;1213333040
-195.743722;1.813;0.147;0.147;1;1213343958
-195.730536;1.7639999;0.147;0.244999984;1;1213357144
-195.719703;1.813;0.098;0.147;1;1213367977
-195.707918;1.7639999;0.147;0.147;1;1213379762
-195.695837;1.813;0.098;0.098;1;1213391843
-195.679845;1.813;0.098;0.147;1;1213407835
-195.661674;1.813;0.147;0.196;1;1213426006
-195.647513;1.813;0.098;0.196;1;1213440167
-195.626338;1.7639999;0.147;0.196;1;1213461342
-195.612708;1.813;0.147;0.196;1;1213474972
-195.601823;1.7639999;0.147;0.196;1;1213485857
-195.590647;1.7149999;0.196;0.196;1;1213497033
-195.576511;1.7639999;0.098;0.147;1;1213511169
-195.565878;1.813;0.098;0.196;1;1213521802
-195.548884;1.7639999;0.098;0.147;1;1213538796
-195.518110;1.813;0.098;0.294;1;1213569570
-195.507011;1.813;0.147;0.147;1;1213580669
-195.496792;1.7639999;0.147;0.147;1;1213590888
-195.474134;1.7639999;0.098;0.147;1;1213613546
-195.462788;1.7639999;0.147;0.147;1;1213624892
-195.449897;1.7639999;0.147;0.147;1;1213637783
-195.431831;1.7149999;0.147;0.147;1;1213655849
-195.396824;1.813;0.147;0.147;1;1213690856
-195.379519;1.7149999;0.147;0.147;1;1213708161
-195.368059;1.7149999;0.147;0.196;1;1213719621
-195.341008;1.813;0.098;0.196;1;1213746672
-195.329210;1.7149999;0.147;0.196;1;1213758470
-195.310143;1.7149999;0.196;0.196;1;1213777537
-195.291159;1.7639999;0.147;0.147;1;1213796521
-195.278077;1.7639999;0.098;0.147;1;1213809603
-195.267484;1.813;0.147;0.196;1;1213820196
-195.253263;1.813;0.098;0.147;1;1213834417
-195.242784;1.813;0.147;0.147;1;1213844896
-195.230282;1.7639999;0.098;0.196;1;1213857398
-195.211846;1.7149999;0.147;0.147;1;1213875834
-195.200556;1.7639999;0.098;0.147;1;1213887124
-195.188868;1.7149999;0.098;0.196;1;1213898812
-195.176588;1.7149999;0.147;0.196;1;1213911092
-195.165479;1.7639999;0.147;0.196;1;1213922201
-195.148807;1.7149999;0.147;0.196;1;1213938873
-195.137162;1.813;0.147;0.196;1;1213950518
-195.126155;1.813;0.147;0.098;1;1213961525
-195.115305;1.813;0.147;0.147;1;1213972375
-195.099113;1.7639999;0.098;0.196;1;1213988567
-195.075290;1.7639999;0.098;0.098;1;1214012390
-195.062038;1.7639999;0.098;0.196;1;1214025642
-195.049427;1.7639999;0.147;0.196;1;1214038253
-195.033574;1.7639999;0.147;0.244999984;1;1214054106
-195.022762;1.7149999;0.147;0.196;1;1214064918
-195.003258;1.7639999;0.147;0.196;1;1214084422
-194.992865;1.813;0.196;0.196;1;1214094815
-194.958112;1.7149999;0.147;0.147;1;1214129568
-194.946562;1.7639999;0.147;0.147;1;1214141118
-194.929822;1.7639999;0.098;0.147;1;1214157858
-194.911131;1.7639999;0.098;0.147;1;1214176549
-194.899308;1.813;0.147;0.147;1;1214188372
-194.881720;1.862;0.098;0.196;1;1214205960
-194.868245;1.7639999;0.196;0.147;1;1214219435
-194.843387;1.666;0.147;0.147;1;1214244293
-194.828427;1.7149999;0.147;0.196;1;1214259253
-194.817481;1.813;0.147;0.196;1;1214270199
-194.801741;1.7639999;0.147;0.147;1;1214285939
-194.790376;1.813;0.098;0.147;1;1214297304
-194.779042;1.813;0.098;0.147;1;1214308638
-194.767206;1.862;0.147;0.147;1;1214320474
-194.755115;1.7149999;0.147;0.196;1;1214332565
-194.739989;1.813;0.147;0.196;1;1214347691
-194.721680;1.7149999;0.147;0.196;1;1214366000
-194.710676;1.813;0.147;0.196;1;1214377004
-194.691332;1.7149999;0.196;0.244999984;1;1214396348
-194.678939;1.7639999;0.098;0.244999984;1;1214408741
-194.666227;1.666;0.147;0.196;1;1214421453
-194.654218;1.813;0.147;0.147;1;1214433462
-194.636226;1.7639999;0.147;0.147;1;1214451454
-194.625813;1.7639999;0.098;0.147;1;1214461867
-194.613401;1.7639999;0.098;0.147;1;1214474279
-194.591292;1.813;0.098;0.196;1;1214496388
-194.580260;1.7639999;0.098;0.196;1;1214507420
-194.568447;1.7149999;0.098;0.196;1;1214519233
-194.556949;1.7639999;0.098;0.147;1;1214530731
-194.545642;1.7149999;0.147;0.147;1;1214542038
-194.507010;1.7639999;0.098;0.196;1;1214580670
-194.479698;1.7639999;0.098;0.098;1;1214607982
-194.468118;1.7639999;0.098;0.196;1;1214619562
-194.456739;1.813;0.049;0.196;1;1214630941
-194.439392;1.7639999;0.147;0.147;1;1214648288
-194.427602;1.7639999;0.196;0.196;1;1214660078
-194.416527;1.813;0.147;0.196;1;1214671153
-194.401351;1.7639999;0.147;0.147;1;1214686329
-194.388379;1.813;0.147;0.244999984;1;1214699301
-194.377799;1.813;0.098;0.196;1;1214709881
-194.366310;1.813;0.098;0.196;1;1214721370
-194.341643;1.7639999;0.147;0.196;1;1214746037
-194.312981;1.7639999;0.147;0.098;1;1214774699
-194.291127;1.813;0.098;0.098;1;1214796553
-194.279540;1.813;0.147;0.147;1;1214808140
-194.267590;1.7639999;0.098;0.147;1;1214820090
-194.256669;1.7639999;0.196;0.147;1;1214831011
-194.243155;1.7639999;0.196;0.196;1;1214844525
-194.230171;1.7149999;0.196;0.196;1;1214857509
-194.211593;1.7639999;0.147;0.196;1;1214876087
-194.200393;1.7639999;0.147;0.147;1;1214887287
-194.187204;1.7639999;0.098;0.147;1;1214900476
-194.174482;1.7639999;0.147;0.196;1;1214913198
-194.163595;1.7639999;0.147;0.244999984;1;1214924085
-194.149918;1.7149999;0.196;0.196;1;1214937762
-194.138220;1.7149999;0.098;0.147;1;1214949460
-194.126253;1.7639999;0.147;0.196;1;1214961427
-194.115322;1.813;0.147;0.147;1;1214972358
-194.103921;1.7639999;0.147;0.196;1;1214983759
-194.092192;1.7639999;0.147;0.196;1;1214995488
-194.051863;1.7639999;0.147;0.196;1;1215035817
-194.032688;1.7639999;0.147;0.196;1;1215054992
-194.018247;1.7639999;0.098;0.196;1;1215069433
-194.006251;1.7639999;0.147;0.196;1;1215081429
-193.991182;1.7639999;0.147;0.147;1;1215096498
-193.976929;1.813;0.196;0.196;1;1215110751
-193.956180;1.7149999;0.147;0.147;1;1215131500
-193.945145;1.7639999;0.147;0.196;1;1215142535
-193.932406;1.813;0.147;0.196;1;1215155274
-193.921788;1.7639999;0.147;0.147;1;1215165892
-193.907242;1.7639999;0.147;0.196;1;1215180438
-193.896808;1.7639999;0.098;0.244999984;1;1215190872
-193.881864;1.813;0.098;0.196;1;1215205816
-193.867784;1.7639999;0.098;0.147;1;1215219896
-193.856772;1.7639999;0.098;0.244999984;1;1215230908
-193.845715;1.7639999;0.147;0.147;1;1215241965
-193.831600;1.7639999;0.098;0.244999984;1;1215256080
-193.820673;1.813;0.147;0.147;1;1215267007
-193.807477;1.813;0.147;0.244999984;1;1215280203
-193.791705;1.813;0.098;0.147;1;1215295975
-193.778130;1.7639999;0.147;0.147;1;1215309550
-193.767134;1.7639999;0.098;0.196;1;1215320546
-193.756085;1.7639999;0.147;0.196;1;1215331595
-193.745112;1.7639999;0.147;0.196;1;1215342568
-193.732210;1.7639999;0.147;0.196;1;1215355470
-193.711667;1.813;0.098;0.196;1;1215376013
-193.698794;1.7639999;0.147;0.098;1;1215388886
-193.680283;1.7639999;0.098;0.196;1;1215407397
-193.643620;1.7639999;0.147;0.196;1;1215444060
-193.603641;1.7639999;0.098;0.147;1;1215484039
-193.579898;1.7149999;0.098;0.196;1;1215507782
-193.568598;1.7639999;0.147;0.196;1;1215519082
-193.550022;1.7639999;0.098;0.147;1;1215537658
-193.532886;1.813;0.098;0.147;1;1215554794
-193.502926;1.813;0.098;0.196;1;1215584754
-193.487311;1.813;0.147;0.147;1;1215600369
-193.474620;1.7639999;0.147;0.196;1;1215613060
-193.462617;1.813;0.147;0.196;1;1215625063
-193.451277;1.7639999;0.147;0.196;1;1215636403
-193.431161;1.7639999;0.098;0.147;1;1215656519
-193.420183;1.813;0.147;0.196;1;1215667497
-193.402927;1.7149999;0.147;0.196;1;1215684753
-193.391681;1.7639999;0.196;0.147;1;1215695999
-193.380885;1.813;0.098;0.244999984;1;1215706795
-193.367766;1.7639999;0.098;0.147;1;1215719914
-193.356673;1.7149999;0.098;0.147;1;1215731007
-193.343148;1.7639999;0.098;0.147;1;1215744532
-193.330672;1.813;0.098;0.196;1;1215757008
-193.318079;1.7639999;0.147;0.147;1;1215769601
-193.302910;1.7639999;0.098;0.196;1;1215784770
-193.291535;1.7639999;0.098;0.147;1;1215796145
-193.279675;1.7639999;0.147;0.196;1;1215808005
-193.267952;1.7149999;0.147;0.147;1;1215819728
-193.256935;1.7639999;0.147;0.147;1;1215830745
-193.242163;1.7639999;0.098;0.147;1;1215845517
-193.211986;1.7639999;0.147;0.147;1;1215875694
-193.193736;1.7639999;0.147;0.196;1;1215893944
-193.180993;1.7639999;0.147;0.098;1;1215906687
-193.167874;1.7149999;0.147;0.196;1;1215919806
-193.155234;1.7149999;0.196;0.196;1;1215932446
-193.141317;1.7149999;0.147;0.244999984;1;1215946363
-193.130764;1.7639999;0.147;0.196;1;1215956916
-193.117813;1.7639999;0.147;0.196;1;1215969867
-193.101671;1.7639999;0.147;0.196;1;1215986009
-193.086997;1.7639999;0.147;0.196;1;1216000683
-193.072794;1.7639999;0.098;0.196;1;1216014886
-193.061836;1.7149999;0.098;0.147;1;1216025844
-193.049734;1.7639999;0.147;0.147;1;1216037946
-193.038140;1.7149999;0.098;0.147;1;1216049540
-193.011730;1.813;0.147;0.196;1;1216075950
-192.998938;1.7639999;0.098;0.244999984;1;1216088742
-192.986335;1.7639999;0.098;0.196;1;1216101345
-192.973765;1.7639999;0.147;0.196;1;1216113915
-192.962639;1.7639999;0.196;0.147;1;1216125041
-192.948787;1.7639999;0.147;0.147;1;1216138893
-192.920158;1.7639999;0.098;0.244999984;1;1216167522
-192.901833;1.7639999;0.147;0.196;1;1216185847
-192.889956;1.813;0.098;0.147;1;1216197724
-192.877763;1.813;0.147;0.147;1;1216209917
-192.841599;1.7639999;0.147;0.196;1;1216246081
-192.829549;1.7149999;0.147;0.196;1;1216258131
-192.818301;1.813;0.098;0.147;1;1216269379
-192.807454;1.7639999;0.098;0.147;1;1216280226
-192.791704;1.7639999;0.098;0.147;1;1216295976
-192.754112;1.7639999;0.098;0.147;1;1216333568
-192.734934;1.7639999;0.147;0.147;1;1216352746
-192.711139;1.7639999;0.098;0.196;1;1216376541
-192.692863;1.7639999;0.147;0.196;1;1216394817
-192.679164;1.7639999;0.147;0.098;1;1216408516
-192.668766;1.7639999;0.098;0.147;1;1216418914
-192.644880;1.813;0.098;0.098;1;1216442800
-192.632330;1.7639999;0.147;0.196;1;1216455350
-192.620716;1.7149999;0.147;0.196;1;1216466964
-192.603389;1.813;0.098;0.196;1;1216484291
-192.582844;1.7639999;0.147;0.147;1;1216504836
-192.570597;1.813;0.098;0.196;1;1216517083
-192.541308;1.7639999;0.147;0.244999984;1;1216546372
-192.528816;1.7639999;0.147;0.244999984;1;1216558864
-192.512876;1.7149999;0.147;0.196;1;1216574804
-192.500365;1.7149999;0.147;0.098;1;1216587315
-192.488805;1.813;0.147;0.147;1;1216598875
-192.475641;1.7639999;0.098;0.147;1;1216612039
-192.462754;1.7639999;0.147;0.196;1;1216624926
-192.450771;1.7639999;0.147;0.147;1;1216636909
-192.439752;1.813;0.098;0.147;1;1216647928
-192.428611;1.7639999;0.196;0.147;1;1216659069
-192.401785;1.7639999;0.196;0.147;1;1216685895
-192.379396;1.813;0.147;0.147;1;1216708284
-192.368884;1.7639999;0.147;0.196;1;1216718796
-192.306491;1.7639999;0.098;0.147;1;1216781189
-192.281821;1.7639999;0.098;0.147;1;1216805859
-192.265988;1.7149999;0.147;0.196;1;1216821692
-192.242721;1.7639999;0.147;0.244999984;1;1216844959
-192.231711;1.813;0.098;0.244999984;1;1216855969
-192.205742;1.7149999;0.196;0.196;1;1216881938
-192.180957;1.7639999;0.098;0.196;1;1216906723
-192.169750;1.7639999;0.147;0.244999984;1;1216917930
-192.153417;1.7639999;0.147;0.098;1;1216934263
-192.142815;1.813;0.147;0.147;1;1216944865
-192.131522;1.7639999;0.147;0.196;1;1216956158
-192.120997;1.7149999;0.147;0.147;1;1216966683
-192.108791;1.7639999;0.147;0.147;1;1216978889
-192.096590;1.7639999;0.147;0.244999984;1;1216991090
-192.081354;1.7639999;0.098;0.196;1;1217006326
-192.069015;1.7639999;0.098;0.147;1;1217018665
-192.045772;1.7639999;0.147;0.196;1;1217041908
-192.031415;1.7639999;0.098;0.147;1;1217056265
-192.011836;1.7639999;0.147;0.196;1;1217075844
-192.000089;1.813;0.147;0.147;1;1217087591
-191.987382;1.7639999;0.147;0.196;1;1217100298
-191.976643;1.7639999;0.147;0.196;1;1217111037
-191.965336;1.7639999;0.147;0.098;1;1217122344
-191.950207;1.7639999;0.098;0.147;1;1217137473
-191.884326;1.7639999;0.147;0.196;1;1217203354
-191.868925;1.7639999;0.147;0.196;1;1217218755
-191.852722;1.7639999;0.098;0.196;1;1217234958
-191.812329;1.7149999;0.147;0.147;1;1217275351
-191.782935;1.7639999;0.147;0.196;1;1217304745
-191.770467;1.7149999;0.147;0.196;1;1217317213
-191.741150;1.7639999;0.147;0.147;1;1217346530
-191.730578;1.7639999;0.147;0.147;1;1217357102
-191.710090;1.7149999;0.147;0.147;1;1217377590
-191.698729;1.813;0.098;0.147;1;1217388951
-191.687740;1.7639999;0.098;0.147;1;1217399940
-191.675348;1.813;0.098;0.147;1;1217412332
-191.664639;1.813;0.098;0.196;1;1217423041
-191.649828;1.7639999;0.098;0.196;1;1217437852
-191.638743;1.7639999;0.147;0.147;1;1217448937
-191.627188;1.7639999;0.098;0.196;1;1217460492
-191.611663;1.7639999;0.147;0.098;1;1217476017
-191.599717;1.813;0.147;0.098;1;1217487963
-191.587028;1.7639999;0.147;0.147;1;1217500652
-191.574808;1.7639999;0.147;0.147;1;1217512872
-191.563063;1.7149999;0.147;0.196;1;1217524617
-191.549657;1.7639999;0.147;0.147;1;1217538023
-191.519329;1.7149999;0.147;0.147;1;1217568351
-191.500541;1.7149999;0.147;0.147;1;1217587139
-191.488706;1.7149999;0.147;0.196;1;1217598974
-191.477119;1.7639999;0.196;0.147;1;1217610561
-191.434385;1.7639999;0.147;0.244999984;1;1217653295
-191.420658;1.813;0.098;0.244999984;1;1217667022
-191.402807;1.7639999;0.147;0.147;1;1217684873
-191.389730;1.813;0.147;0.147;1;1217697950
-191.378438;1.813;0.147;0.147;1;1217709242
-191.365490;1.7639999;0.147;0.147;1;1217722190
-191.354394;1.7639999;0.147;0.147;1;1217733286
-191.342350;1.7639999;0.098;0.196;1;1217745330
-191.331742;1.7639999;0.098;0.196;1;1217755938
-191.318593;1.7639999;0.147;0.244999984;1;1217769087
-191.302521;1.7639999;0.098;0.196;1;1217785159
-191.291698;1.7639999;0.147;0.196;1;1217795982
-191.280818;1.7639999;0.147;0.196;1;1217806862
-191.269047;1.7149999;0.147;0.196;1;1217818633
-191.243202;1.7639999;0.147;0.196;1;1217844478
-191.232040;1.7639999;0.196;0.196;1;1217855640
-191.219610;1.7639999;0.147;0.196;1;1217868070
-191.208731;1.7639999;0.098;0.196;1;1217878949
-191.197805;1.7639999;0.147;0.196;1;1217889875
-191.186577;1.7149999;0.196;0.196;1;1217901103
-191.174965;1.7639999;0.196;0.196;1;1217912715
-191.163674;1.7639999;0.098;0.196;1;1217924006
-191.150433;1.7639999;0.098;0.196;1;1217937247
-191.139872;1.7639999;0.147;0.196;1;1217947808
-191.112563;1.7639999;0.147;0.196;1;1217975117
-191.099666;1.7639999;0.147;0.196;1;1217988014
-191.088911;1.7639999;0.147;0.196;1;1217998769
-191.047296;1.7149999;0.196;0.196;1;1218040384
-191.031584;1.7639999;0.098;0.147;1;1218056096
-191.020648;1.813;0.196;0.196;1;1218067032
-191.008124;1.7639999;0.147;0.147;1;1218079556
-190.996061;1.7639999;0.147;0.196;1;1218091619
-190.979306;1.7149999;0.196;0.147;1;1218108374
-190.968818;1.7639999;0.147;0.147;1;1218118862
-190.957743;1.7639999;0.098;0.196;1;1218129937
-190.941280;1.7639999;0.147;0.196;1;1218146400
-190.930689;1.7639999;0.147;0.147;1;1218156991
-190.918622;1.7639999;0.147;0.147;1;1218169058
-190.907744;1.813;0.098;0.196;1;1218179936
-190.896360;1.813;0.098;0.098;1;1218191320
-190.880549;1.813;0.098;0.244999984;1;1218207131
-190.869655;1.7639999;0.098;0.196;1;1218218025
-190.857945;1.7149999;0.098;0.244999984;1;1218229735
-190.841672;1.7639999;0.098;0.244999984;1;1218246008
-190.829775;1.7149999;0.147;0.196;1;1218257905
-190.817776;1.7639999;0.147;0.196;1;1218269904
-190.801362;1.7639999;0.098;0.196;1;1218286318
-190.779201;1.7639999;0.098;0.147;1;1218308479
-190.768128;1.813;0.098;0.196;1;1218319552
-190.754977;1.7639999;0.147;0.196;1;1218332703
-190.740890;1.7639999;0.049;0.147;1;1218346790
-190.729670;1.813;0.098;0.147;1;1218358010
-190.718021;1.7639999;0.147;0.196;1;1218369659
-190.706805;1.7639999;0.147;0.244999984;1;1218380875
-190.691724;1.7639999;0.098;0.147;1;1218395956
-190.678288;1.7639999;0.098;0.196;1;1218409392
-190.667075;1.7639999;0.098;0.196;1;1218420605
-190.656198;1.7639999;0.098;0.098;1;1218431482
-190.641680;1.7639999;0.098;0.147;1;1218446000
-190.596961;1.813;0.147;0.147;1;1218490719
-190.581380;1.7639999;0.147;0.147;1;1218506300
-190.567470;1.813;0.147;0.147;1;1218520210
-190.556586;1.7639999;0.147;0.196;1;1218531094
-190.545754;1.7639999;0.147;0.147;1;1218541926
-190.531148;1.813;0.098;0.196;1;1218556532
-190.520636;1.7639999;0.147;0.196;1;1218567044
-190.504975;1.7149999;0.098;0.098;1;1218582705
-190.492727;1.7639999;;0.02;1;1218594953
-190.475688;1.813;0.147;0.147;1;1218611992
-190.464912;1.7639999;0.147;0.196;1;1218622768
-190.451853;1.7639999;0.147;0.196;1;1218635827
-190.440892;1.7149999;0.196;0.147;1;1218646788
-190.425741;1.7639999;0.098;0.196;1;1218661939
-190.405936;1.813;0.147;0.147;1;1218681744
-190.381075;1.813;0.098;0.147;1;1218706605
-190.368819;1.7639999;0.147;0.196;1;1218718861
-190.357757;1.7639999;0.098;0.147;1;1218729923
-190.340282;1.7639999;0.147;0.147;1;1218747398
-190.328120;1.7149999;0.196;0.147;1;1218759560
-190.312816;1.7639999;0.098;0.196;1;1218774864
-190.282684;1.7639999;0.147;0.147;1;1218804996
-190.269785;1.7639999;0.147;0.196;1;1218817895
-190.243596;1.813;0.147;0.196;1;1218844084
-190.221092;1.7639999;0.098;0.147;1;1218866588
-190.210876;1.7639999;0.147;0.196;1;1218876804
-190.192874;1.813;0.098;0.196;1;1218894806
-190.156273;1.813;0.098;0.196;1;1218931407
-190.139959;1.7149999;0.196;0.147;1;1218947721
-190.128338;1.7639999;0.147;0.147;1;1218959342
-190.116816;1.7639999;0.147;0.196;1;1218970864
-190.105673;1.7639999;0.098;0.147;1;1218982007
-190.081907;1.7639999;0.049;0.196;1;1219005773
-190.069782;1.7639999;0.147;0.196;1;1219017898
-190.039868;1.813;0.098;0.147;1;1219047812
-190.027715;1.7639999;0.147;0.196;1;1219059965
-190.012189;1.7639999;0.147;0.196;1;1219075491
-189.996920;;92;124;4255;1219090760
-189.985722;1.7639999;0.147;0.196;1;1219101958
-189.971056;1.7639999;0.147;0.196;1;1219116624
-189.952858;1.7639999;0.147;0.196;1;1219134822
-189.939484;1.7149999;0.147;0.098;1;1219148196
-189.922513;1.7639999;0.098;0.196;1;1219165167
-189.911876;1.7149999;0.098;0.196;1;1219175804
-189.899488;1.813;0.098;0.196;1;1219188192
-189.887335;1.7639999;0.147;0.147;1;1219200345
-189.876889;1.813;0.098;0.196;1;1219210791
-189.861264;1.7639999;0.196;0.147;1;1219226416
-189.850891;1.813;0.147;0.196;1;1219236789
-189.838171;1.7149999;0.196;0.196;1;1219249509
-189.827028;1.7639999;0.147;0.196;1;1219260652
-189.815958;1.862;0.098;0.147;1;1219271722
-189.802666;1.7639999;0.147;0.196;1;1219285014
-189.778283;1.813;0.147;0.147;1;1219309397
-189.766184;1.7639999;0.098;0.196;1;1219321496
-189.730882;1.7149999;0.098;0.147;1;1219356798
-189.711773;1.7639999;0.098;0.147;1;1219375907
-189.698043;1.7639999;0.098;0.147;1;1219389637
-189.686361;1.7639999;0.147;0.196;1;1219401319
-189.675489;1.813;0.098;0.196;1;1219412191
-189.663537;1.7639999;0.147;0.147;1;1219424143
-189.647123;1.7639999;0.196;0.147;1;1219440557
-189.635792;1.7149999;0.147;0.196;1;1219451888
-189.617251;1.7149999;0.147;0.196;1;1219470429
-189.601676;1.7639999;0.147;0.196;1;1219486004
-189.581648;1.7149999;0.147;0.147;1;1219506032
-189.570141;1.813;0.098;0.196;1;1219517539
-189.551694;1.7639999;0.147;0.244999984;1;1219535986
-189.537726;1.7639999;0.147;0.147;1;1219549954
-189.521734;1.813;0.147;0.196;1;1219565946
-189.503376;1.7639999;0.098;0.147;1;1219584304
-189.489073;1.7639999;0.098;0.196;1;1219598607
-189.477766;1.813;0.098;0.196;1;1219609914
-189.465801;1.7639999;0.147;0.196;1;1219621879
-189.454284;1.7639999;0.147;0.196;1;1219633396
-189.440359;1.7639999;0.098;0.244999984;1;1219647321
-189.421333;1.7639999;0.147;0.196;1;1219666347
-189.410578;1.7639999;0.147;0.147;1;1219677102
-189.397296;1.7639999;0.147;0.147;1;1219690384
-189.385317;1.7149999;0.196;0.098;1;1219702363
-189.374903;1.7639999;0.196;0.147;1;1219712777
-189.360249;1.7639999;0.098;0.147;1;1219727431
-189.349628;1.7639999;0.147;0.147;1;1219738052
-189.337364;1.7639999;0.147;0.147;1;1219750316
-189.320531;1.813;0.147;0.196;1;1219767149
-189.287311;1.7639999;0.098;0.196;1;1219800369
-189.270635;1.813;0.098;0.244999984;1;1219817045
-189.257780;1.7149999;0.147;0.196;1;1219829900
-189.245467;1.7639999;0.196;0.196;1;1219842213
-189.229233;1.7639999;0.196;0.147;1;1219858447
-189.211608;1.7639999;0.098;0.196;1;1219876072
-189.200479;1.813;0.098;0.147;1;1219887201
-189.181615;1.862;0.098;0.147;1;1219906065
-189.167893;1.813;0.147;0.196;1;1219919787
-189.153553;1.7639999;0.147;0.196;1;1219934127
-189.141309;1.7639999;0.098;0.244999984;1;1219946371
-189.128736;1.7639999;0.147;0.196;1;1219958944
-189.117220;1.813;0.049;0.147;1;1219970460
-189.104527;1.7639999;0.098;0.196;1;1219983153
-189.093816;1.7639999;0.098;0.147;1;1219993864
-189.080117;1.7639999;0.147;0.147;1;1220007563
-189.067713;1.813;0.098;0.147;1;1220019967
-189.053753;1.813;0.098;0.147;1;1220033927
-189.009736;1.7639999;0.147;0.196;1;1220077944
-188.998491;1.7639999;0.147;0.147;1;1220089189
-188.987513;1.813;0.098;0.196;1;1220100167
-188.975869;1.7639999;0.147;0.196;1;1220111811
-188.964311;1.813;0.098;0.196;1;1220123369
-188.949638;1.813;0.147;0.147;1;1220138042
-188.931772;1.7639999;0.147;0.147;1;1220155908
-188.911692;1.7149999;0.098;0.147;1;1220175988
-188.900101;1.7639999;0.098;0.147;1;1220187579
-188.889780;1.7639999;0.147;0.147;1;1220197900
-188.878246;1.7639999;0.147;0.147;1;1220209434
-188.844249;1.7639999;0.196;0.196;1;1220243431
-188.828135;1.7639999;0.196;0.196;1;1220259545
-188.813996;1.813;0.098;0.147;1;1220273684
-188.801397;1.7639999;0.147;0.147;1;1220286283
-188.788112;1.7639999;0.147;0.196;1;1220299568
-188.776742;1.7149999;0.196;0.196;1;1220310938
-188.762998;1.7639999;0.098;0.098;1;1220324682
-188.750272;1.7639999;0.098;0.196;1;1220337408
-188.738898;1.7639999;0.098;0.147;1;1220348782
-188.727600;1.813;0.098;0.196;1;1220360080
-188.716803;1.7639999;0.147;0.196;1;1220370877
-188.701797;1.7639999;0.147;0.196;1;1220385883
-188.677656;1.7639999;0.098;0.147;1;1220410024
-188.663822;1.7149999;0.147;0.147;1;1220423858
-188.650626;1.813;0.147;0.196;1;1220437054
-188.638790;1.813;0.098;0.196;1;1220448890
-188.627735;1.7639999;0.098;0.098;1;1220459945
-188.615240;1.7639999;0.098;0.098;1;1220472440
-188.601415;1.7639999;0.147;0.147;1;1220486265
-188.577011;1.7149999;0.147;0.196;1;1220510669
-188.563682;1.7639999;0.196;0.196;1;1220523998
-188.549762;1.7149999;0.147;0.147;1;1220537918
-188.533816;1.7639999;0.147;0.196;1;1220553864
-188.512874;1.7149999;0.196;0.244999984;1;1220574806
-188.501717;1.813;0.147;0.244999984;1;1220585963
-188.479057;1.7639999;0.147;0.147;1;1220608623
-188.467689;1.7639999;0.098;0.147;1;1220619991
-188.425448;1.813;0.147;0.147;1;1220662232
-188.385738;1.7149999;0.147;0.196;1;1220701942
-188.374528;1.7639999;0.196;0.196;1;1220713152
-188.363855;1.7149999;0.196;0.244999984;1;1220723825
-188.351596;1.813;0.098;0.196;1;1220736084
-188.340808;1.813;0.098;0.196;1;1220746872
-188.316220;1.7639999;0.147;0.196;1;1220771460
-188.298502;1.7149999;0.147;0.147;1;1220789178
-188.273405;1.7639999;0.147;0.147;1;1220814275
-188.262617;1.7639999;0.196;0.147;1;1220825063
-188.249538;1.813;0.098;0.196;1;1220838142
-188.238606;1.7639999;0.147;0.244999984;1;1220849074
-188.227453;1.7149999;0.196;0.196;1;1220860227
-188.213520;1.813;0.147;0.147;1;1220874160
-188.201403;1.7639999;0.196;0.196;1;1220886277
-188.178456;1.7639999;0.147;0.244999984;1;1220909224
-188.167673;1.813;0.147;0.196;1;1220920007
-188.153853;1.7639999;0.098;0.147;1;1220933827
-188.142666;1.7639999;0.147;0.196;1;1220945014
-188.128259;1.7639999;0.196;0.147;1;1220959421
-188.117808;1.7639999;0.098;0.196;1;1220969872
-188.103753;1.7639999;0.147;0.196;1;1220983927
-188.092159;1.7639999;0.098;0.244999984;1;1220995521
-188.078066;1.7149999;0.147;0.196;1;1221009614
-188.039701;1.813;0.147;0.196;1;1221047979
-188.008899;1.7149999;0.147;0.147;1;1221078781
-187.997699;1.813;0.098;0.147;1;1221089981
-187.986322;1.813;0.196;0.147;1;1221101358
-187.975745;1.813;0.196;0.196;1;1221111935
-187.949005;1.7639999;0.147;0.147;1;1221138675
-187.937206;1.813;0.147;0.244999984;1;1221150474
-187.919522;1.813;0.098;0.196;1;1221168158
-187.907464;1.7639999;0.147;0.147;1;1221180216
-187.894701;1.7639999;0.196;0.244999984;1;1221192979
-187.883979;1.7639999;0.147;0.196;1;1221203701
-187.871676;1.7639999;0.098;0.196;1;1221216004
-187.860646;1.7639999;0.147;0.147;1;1221227034
-187.849195;1.813;0.196;0.196;1;1221238485
-187.833513;1.7639999;0.098;0.147;1;1221254167
-187.802456;1.7639999;0.098;0.196;1;1221285224
-187.783601;1.7639999;0.098;0.196;1;1221304079
-187.771883;1.7639999;0.147;0.147;1;1221315797
-187.760638;1.7639999;0.147;0.147;1;1221327042
-187.749919;1.7639999;0.147;0.196;1;1221337761
-187.732834;1.7639999;0.147;0.196;1;1221354846
-187.710777;1.7149999;0.147;0.147;1;1221376903
-187.698070;1.7639999;0.147;0.098;1;1221389610
-187.670775;1.7639999;0.147;0.147;1;1221416905
-187.657035;1.7639999;0.098;0.196;1;1221430645
-187.621016;1.7149999;0.098;0.147;1;1221466664
-187.602781;1.813;0.098;0.147;1;1221484899
-187.586804;1.7149999;0.147;0.244999984;1;1221500876
-187.575618;1.7639999;0.147;0.147;1;1221512062
-187.560710;1.7639999;0.098;0.196;1;1221526970
-187.543548;1.7639999;0.147;0.147;1;1221544132
-187.522502;1.7149999;0.147;0.196;1;1221565178
-187.511632;1.7639999;0.147;0.147;1;1221576048
-187.497810;1.813;0.098;0.196;1;1221589870
-187.485873;1.7639999;0.147;0.196;1;1221601807
-187.474868;1.813;0.147;0.196;1;1221612812
-187.448818;1.813;0.098;0.196;1;1221638862
-187.437462;1.7639999;0.147;0.196;1;1221650218
-187.411207;1.7149999;0.147;0.196;1;1221676473
-187.390149;1.813;0.147;0.196;1;1221697531
-187.375865;1.7639999;0.147;0.196;1;1221711815
-187.361630;1.7639999;0.098;0.196;1;1221726050
-187.350864;1.813;0.098;0.147;1;1221736816
-187.333560;1.813;0.098;0.196;1;1221754120
-187.311540;1.7639999;0.098;0.147;1;1221776140
-187.299424;1.813;0.098;0.147;1;1221788256
-187.288875;1.813;0.196;0.196;1;1221798805
-187.272853;1.813;0.098;0.196;1;1221814827
-187.247624;1.7639999;0.147;0.196;1;1221840056
-187.231227;1.813;0.049;0.147;1;1221856453
-187.211747;1.7639999;0.098;0.147;1;1221875933
-187.199969;1.7639999;0.147;0.147;1;1221887711
-187.147634;1.7149999;0.147;0.196;1;1221940046
-187.124954;1.7639999;0.196;0.147;1;1221962726
-187.110373;1.7149999;0.147;0.196;1;1221977307
-187.098118;1.7639999;0.147;0.196;1;1221989562
-187.086187;1.7639999;0.147;0.098;1;1222001493
-187.073859;1.7639999;0.098;0.098;1;1222013821
-187.059860;1.7639999;0.098;0.147;1;1222027820
-187.039985;1.7639999;0.098;0.147;1;1222047695
-187.026749;1.813;0.147;0.196;1;1222060931
-187.013342;1.813;0.147;0.244999984;1;1222074338
-186.999968;1.7639999;0.098;0.147;1;1222087712
-186.977681;1.7639999;0.098;0.196;1;1222109999
-186.966346;1.7639999;0.196;0.196;1;1222121334
-186.954259;1.813;0.098;0.098;1;1222133421
-186.918834;1.7149999;0.196;0.147;1;1222168846
-186.884963;1.7639999;0.147;0.147;1;1222202717
-186.870419;1.7639999;0.098;0.196;1;1222217261
-186.842614;1.813;0.147;0.244999984;1;1222245066
-186.829440;1.7639999;0.098;0.147;1;1222258240
-186.816841;1.7639999;0.098;0.147;1;1222270839
-186.802898;1.7639999;0.098;0.147;1;1222284782
-186.778767;1.7639999;0.147;0.147;1;1222308913
-186.767496;1.7639999;0.147;0.147;1;1222320184
-186.756713;1.7149999;0.147;0.147;1;1222330967
-186.742527;1.7639999;0.196;0.147;1;1222345153
-186.722896;1.7639999;0.147;0.196;1;1222364784
-186.684420;1.7639999;0.049;0.196;1;1222403260
-186.671501;1.7639999;0.147;0.147;1;1222416179
-186.660137;1.813;0.098;0.147;1;1222427543
-186.649231;1.7149999;0.147;0.098;1;1222438449
-186.638725;1.7639999;0.098;0.147;1;1222448955
-186.627471;1.813;0.147;0.147;1;1222460209
-186.610566;1.813;0.098;0.196;1;1222477114
-186.599574;1.7639999;0.098;0.244999984;1;1222488106
-186.587085;1.7639999;0.098;0.196;1;1222500595
-186.575079;1.7639999;0.098;0.196;1;1222512601
-186.564615;1.813;0.098;0.196;1;1222523065
-186.551114;1.7639999;0.147;0.196;1;1222536566
-186.540881;1.813;0.098;0.196;1;1222546799
-186.528631;1.7639999;0.098;0.196;1;1222559049
-186.511311;1.7149999;0.147;0.196;1;1222576369
-186.500395;1.7639999;0.098;0.147;1;1222587285
-186.487375;1.813;0.147;0.196;1;1222600305
-186.473748;1.813;0.147;0.147;1;1222613932
-186.447920;1.7639999;0.147;0.196;1;1222639760
-186.429810;1.813;0.098;0.196;1;1222657870
-186.411128;1.813;0.098;0.196;1;1222676552
-186.400047;1.7149999;0.147;0.196;1;1222687633
-186.386651;1.813;0.196;0.196;1;1222701029
-186.373502;1.7149999;0.147;0.196;1;1222714178
-186.355173;1.7639999;0.196;0.147;1;1222732507
-186.344764;1.813;0.147;0.196;1;1222742916
-186.329424;1.813;0.049;0.196;1;1222758256
-186.318421;1.7639999;0.147;0.147;1;1222769259
-186.302746;1.7639999;0.147;0.196;1;1222784934
-186.268964;1.7639999;0.147;0.147;1;1222818716
-186.241346;1.813;0.147;0.147;1;1222846334
-186.229066;1.7639999;0.098;0.196;1;1222858614
-186.212498;1.7639999;0.098;0.244999984;1;1222875182
-186.201615;1.7639999;0.098;0.196;1;1222886065
-186.177404;1.7639999;0.147;0.196;1;1222910276
-186.164057;1.7149999;0.147;0.196;1;1222923623
-186.150240;1.7639999;0.098;0.196;1;1222937440
-186.139754;1.7639999;0.147;0.196;1;1222947926
-186.128220;1.7639999;0.147;0.196;1;1222959460
-186.117791;1.7639999;0.147;0.196;1;1222969889
-186.103437;1.7639999;0.098;0.147;1;1222984243
-186.081450;1.7639999;0.147;0.244999984;1;1223006230
-186.070670;1.813;0.147;0.196;1;1223017010
-186.058873;1.7639999;0.098;0.196;1;1223028807
-186.047696;1.7639999;0.147;0.147;1;1223039984
-186.031923;1.813;0.147;0.196;1;1223055757
-186.020512;1.7639999;0.098;0.147;1;1223067168
-186.008509;1.7639999;0.147;0.196;1;1223079171
-185.991733;1.7639999;0.098;0.196;1;1223095947
-185.978180;1.7639999;0.196;0.196;1;1223109500
-185.961259;1.7639999;0.196;0.147;1;1223126421
-185.946307;1.7639999;0.147;0.196;1;1223141373
-185.933708;1.813;0.147;0.196;1;1223153972
-185.883921;1.7639999;0.098;0.196;1;1223203759
-185.850598;1.813;0.098;0.147;1;1223237082
-185.834086;1.7149999;0.147;0.196;1;1223253594
-185.810747;1.7639999;0.196;0.147;1;1223276933
-185.799631;1.7639999;0.147;0.196;1;1223288049
-185.787857;1.7639999;0.196;0.147;1;1223299823
-185.770335;1.7639999;0.147;0.196;1;1223317345
-185.755708;1.813;0.147;0.147;1;1223331972
-185.717755;1.7639999;0.147;0.147;1;1223369925
-185.706711;1.7149999;0.147;0.098;1;1223380969
-185.693870;1.7149999;0.147;0.147;1;1223393810
-185.678623;1.813;0.147;0.147;1;1223409057
-185.666185;1.7639999;0.098;0.196;1;1223421495
-185.651478;1.7639999;0.147;0.098;1;1223436202
-185.640713;1.7639999;0.098;0.147;1;1223446967
-185.627254;1.7639999;0.147;0.147;1;1223460426
-185.615603;1.813;0.147;0.147;1;1223472077
-185.597610;1.7639999;0.098;0.147;1;1223490070
-185.582002;1.7639999;0.098;0.196;1;1223505678
-185.568266;1.7639999;0.147;0.147;1;1223519414
-185.545497;1.7639999;0.196;0.196;1;1223542183
-185.531847;1.7149999;0.147;0.196;1;1223555833
-185.517013;1.813;0.147;0.196;1;1223570667
-185.503245;1.7639999;0.147;0.196;1;1223584435
-185.492768;1.813;0.098;0.244999984;1;1223594912
-185.479305;1.7639999;0.147;0.196;1;1223608375
-185.468633;1.7639999;0.147;0.196;1;1223619047
-185.453969;1.7149999;0.147;0.147;1;1223633711
-185.422279;1.7639999;0.147;0.147;1;1223665401
-185.402090;1.7639999;0.098;0.147;1;1223685590
-185.387141;1.7639999;0.147;0.147;1;1223700539
-185.374788;1.7149999;0.147;0.196;1;1223712892
-185.360086;1.7639999;0.098;0.196;1;1223727594
-185.348948;1.7639999;0.147;0.147;1;1223738732
-185.337008;1.813;0.147;0.147;1;1223750672
-185.321825;1.7639999;0.098;0.196;1;1223765855
-185.309137;1.7639999;0.147;0.147;1;1223778543
-185.296920;1.7639999;0.098;0.244999984;1;1223790760
-185.284968;1.7639999;0.147;0.196;1;1223802712
-185.273599;1.7639999;0.147;0.147;1;1223814081
-185.259489;1.7639999;0.147;0.196;1;1223828191
-185.248822;1.7639999;0.147;0.147;1;1223838858
-185.237903;1.7639999;0.098;0.147;1;1223849777
-185.220324;1.7639999;0.098;0.147;1;1223867356
-185.208809;1.7639999;0.147;0.098;1;1223878871
-185.197496;1.7639999;0.147;0.147;1;1223890184
-185.186178;1.7639999;0.147;0.196;1;1223901502
-185.175179;1.7639999;0.147;0.244999984;1;1223912501
-185.149350;1.7639999;0.147;0.147;1;1223938330
-185.137529;1.813;0.147;0.147;1;1223950151
-185.126718;1.7639999;0.098;0.147;1;1223960962
-185.114168;1.7639999;0.196;0.244999984;1;1223973512
-185.101422;1.7639999;0.147;0.147;1;1223986258
-185.088955;1.7639999;0.098;0.196;1;1223998725
-185.077264;1.7639999;0.147;0.196;1;1224010416
-185.065276;1.7639999;0.147;0.147;1;1224022404
-185.053755;1.7639999;0.098;0.196;1;1224033925
-185.039530;1.7639999;0.147;0.196;1;1224048150
-184.980764;1.7149999;0.147;0.147;1;1224106916
-184.960198;1.7639999;0.147;0.196;1;1224127482
-184.949582;1.7639999;0.098;0.147;1;1224138098
-184.937251;1.813;0.147;0.147;1;1224150429
-184.920448;1.813;0.147;0.196;1;1224167232
-184.908578;1.7639999;0.098;0.196;1;1224179102
-184.896382;1.813;0.147;0.196;1;1224191298
-184.883819;1.7639999;0.147;0.147;1;1224203861
-184.865348;1.813;0.147;0.196;1;1224222332
-184.843249;1.7639999;0.147;0.147;1;1224244431
-184.833013;1.813;0.098;0.196;1;1224254667
-184.821114;1.7639999;0.196;0.196;1;1224266566
-184.810837;1.7149999;0.196;0.147;1;1224276843
-184.783756;1.813;0.147;0.147;1;1224303924
-184.739158;1.7639999;0.147;0.147;1;1224348522
-184.722895;1.7639999;0.098;0.196;1;1224364785
-184.710076;1.7639999;0.147;0.196;1;1224377604
-184.698524;1.7639999;0.098;0.147;1;1224389156
-184.674804;1.7639999;0.098;0.147;1;1224412876
-184.661255;1.7149999;0.098;0.196;1;1224426425
-184.622783;1.813;0.098;0.196;1;1224464897
-184.609953;1.7639999;0.147;0.196;1;1224477727
-184.596724;1.7639999;0.098;0.147;1;1224490956
-184.563680;1.7639999;0.147;0.147;1;1224524000
-184.547735;1.813;0.147;0.196;1;1224539945
-184.522717;1.7149999;0.147;0.147;1;1224564963
-184.508425;1.862;0.147;0.147;1;1224579255
-184.495032;1.7149999;0.147;0.147;1;1224592648
-184.480020;1.7639999;0.147;0.196;1;1224607660
-184.468748;1.813;0.196;0.147;1;1224618932
-184.455920;1.7639999;0.196;0.147;1;1224631760
-184.442940;1.7639999;0.147;0.147;1;1224644740
-184.412869;1.7149999;0.147;0.196;1;1224674811
-184.401017;1.7639999;0.147;0.196;1;1224686663
-184.362840;1.7639999;0.147;0.147;1;1224724840
-184.345029;1.7639999;0.098;0.147;1;1224742651
-184.331756;1.813;0.147;0.147;1;1224755924
-184.312853;1.7149999;0.147;0.196;1;1224774827
-184.301729;1.7639999;0.098;0.196;1;1224785951
-184.290219;1.7639999;0.147;0.147;1;1224797461
-184.278696;1.7639999;0.196;0.196;1;1224808984
-184.267885;1.7639999;0.098;0.147;1;1224819795
-184.254641;1.813;0.098;0.147;1;1224833039
-184.243267;1.813;0.147;0.196;1;1224844413
-184.229433;1.7149999;0.147;0.196;1;1224858247
-184.211685;1.813;0.147;0.147;1;1224875995
-184.199979;1.813;0.147;0.244999984;1;1224887701
-184.179443;1.7639999;0.196;0.196;1;1224908237
-184.167885;1.7639999;0.049;0.196;1;1224919795
-184.156787;1.813;0.098;0.196;1;1224930893
-184.087601;1.813;0.098;0.147;1;1225000079
-184.076621;1.7639999;0.147;0.147;1;1225011059
-184.065351;1.7149999;0.147;0.196;1;1225022329
-184.054011;1.7639999;0.098;0.147;1;1225033669
-184.040244;1.7639999;0.147;0.147;1;1225047436
-184.029858;1.7639999;0.098;0.196;1;1225057822
-184.018900;1.813;0.098;0.196;1;1225068780
-184.006306;1.7639999;0.098;0.196;1;1225081374
-183.989677;1.7639999;0.147;0.147;1;1225098003
-183.978052;1.7639999;0.098;0.147;1;1225109628
-183.965113;1.7639999;0.147;0.196;1;1225122567
-183.953182;1.7639999;0.098;0.196;1;1225134498
-183.938609;1.7639999;0.196;0.147;1;1225149071
-183.927235;1.7149999;0.147;0.196;1;1225160445
-183.908978;1.7639999;0.098;0.196;1;1225178702
-183.894688;1.7639999;0.147;0.196;1;1225192992
-183.883204;1.7149999;0.196;0.147;1;1225204476
-183.872240;1.7639999;0.147;0.147;1;1225215440
-183.861068;1.7639999;0.147;0.147;1;1225226612
-183.846020;1.7639999;0.098;0.196;1;1225241660
-183.814984;1.7149999;0.147;0.196;1;1225272696
-183.791199;1.813;0.147;0.196;1;1225296481
-183.777915;1.7639999;0.147;0.147;1;1225309765
-183.765481;1.7639999;0.147;0.196;1;1225322199
-183.750784;1.7639999;0.196;0.147;1;1225336896
-183.732878;1.7639999;0.147;0.196;1;1225354802
-183.677298;1.7639999;0.098;0.147;1;1225410382
-183.662843;1.7639999;0.098;0.196;1;1225424837
-183.646921;1.7639999;0.147;0.147;1;1225440759
-183.634580;1.7639999;0.147;0.196;1;1225453100
-183.622034;1.7639999;0.196;0.196;1;1225465646
-183.604043;1.7149999;0.147;0.196;1;1225483637
-183.580703;1.7639999;0.098;0.196;1;1225506977
-183.569910;1.7149999;0.196;0.196;1;1225517770
-183.554296;1.7639999;0.147;0.196;1;1225533384
-183.543861;1.7639999;0.098;0.147;1;1225543819
-183.529247;1.7149999;0.147;0.147;1;1225558433
-183.513649;1.813;0.147;0.196;1;1225574031
-183.500798;1.7639999;0.147;0.196;1;1225586882
-183.476941;1.7639999;0.147;0.196;1;1225610739
-183.465602;1.7149999;0.147;0.196;1;1225622078
-183.449517;1.813;0.049;0.098;1;1225638163
-183.431109;1.7639999;0.196;0.147;1;1225656571
-183.420339;1.7149999;0.098;0.147;1;1225667341
-183.409091;1.7639999;0.147;0.147;1;1225678589
-183.397866;1.7639999;0.147;0.147;1;1225689814
-183.386157;1.7149999;0.147;0.147;1;1225701523
-183.374349;1.7639999;0.147;0.196;1;1225713331
-183.363617;1.7149999;0.098;0.196;1;1225724063
-183.345633;1.7639999;0.098;0.196;1;1225742047
-183.329305;1.813;0.098;0.196;1;1225758375
-183.318398;1.7639999;0.147;0.196;1;1225769282
-183.302928;1.7639999;0.147;0.147;1;1225784752
-183.277984;1.7639999;0.098;0.196;1;1225809696
-183.232388;1.7639999;0.196;0.147;1;1225855292
-183.216517;1.7639999;0.098;0.196;1;1225871163
-183.203507;1.7639999;0.098;0.147;1;1225884173
-183.192813;1.813;0.098;0.147;1;1225894867
-183.180950;1.7639999;0.098;0.147;1;1225906730
-183.169924;1.7639999;0.196;0.147;1;1225917756
-183.154083;1.7149999;0.147;0.147;1;1225933597
-183.142891;1.7639999;0.147;0.147;1;1225944789
-183.129301;1.7639999;0.147;0.147;1;1225958379
-183.115553;1.7639999;0.098;0.196;1;1225972127
-183.098250;1.7639999;0.147;0.196;1;1225989430
-183.075200;1.7639999;0.098;0.196;1;1226012480
-183.064950;1.7639999;0.147;0.196;1;1226022730
-183.050078;1.7639999;0.147;0.147;1;1226037602
-183.034424;1.7639999;0.098;0.196;1;1226053256
-183.012829;1.7639999;0.098;0.147;1;1226074851
-182.999534;1.862;0.147;0.147;1;1226088146
-182.987407;1.813;0.098;0.147;1;1226100273
-182.976203;1.7639999;0.098;0.196;1;1226111477
-182.965683;1.7639999;0.098;0.196;1;1226121997
-182.951523;1.7639999;0.147;0.196;1;1226136157
-182.932918;1.7639999;0.147;0.147;1;1226154762
-182.921128;1.7639999;0.147;0.147;1;1226166552
-182.887454;1.813;0.147;0.196;1;1226200226
-182.876113;1.813;0.147;0.196;1;1226211567
-182.864088;1.7639999;0.098;0.244999984;1;1226223592
-182.851051;1.7639999;0.098;0.196;1;1226236629
-182.804080;1.7639999;0.147;0.147;1;1226283600
-182.792414;1.7149999;0.147;0.147;1;1226295266
-182.777398;1.7149999;0.098;0.147;1;1226310282
-182.761636;1.7149999;0.147;0.147;1;1226326044
-182.743572;1.7639999;0.147;0.196;1;1226344108
-182.728924;1.7149999;0.196;0.244999984;1;1226358756
-182.712851;1.813;0.147;0.196;1;1226374829
-182.699717;1.7639999;0.098;0.244999984;1;1226387963
-182.682846;1.7639999;0.147;0.196;1;1226404834
-182.671742;1.7639999;0.196;0.147;1;1226415938
-182.660825;1.7639999;0.147;0.147;1;1226426855
-182.646941;1.7149999;0.147;0.147;1;1226440739
-182.632532;1.7149999;0.147;0.196;1;1226455148
-182.609411;1.813;0.147;0.196;1;1226478269
-182.596081;1.7639999;0.196;0.098;1;1226491599
-182.582333;1.7639999;0.147;0.196;1;1226505347
-182.571181;1.813;0.147;0.147;1;1226516499
-182.548738;1.7639999;0.147;0.147;1;1226538942
-182.532503;1.813;0.098;0.196;1;1226555177
-182.511663;1.813;0.098;0.147;1;1226576017
-182.499405;1.7639999;0.147;0.147;1;1226588275
-182.477150;1.7639999;0.147;0.244999984;1;1226610530
-182.465676;1.7639999;0.098;0.147;1;1226622004
-182.450821;1.813;0.147;0.196;1;1226636859
-182.439994;1.813;0.098;0.196;1;1226647686
-182.429599;1.7639999;0.098;0.196;1;1226658081
-182.410149;1.7639999;0.098;0.196;1;1226677531
-182.375624;1.7639999;0.196;0.147;1;1226712056
-182.354665;1.813;0.098;0.147;1;1226733015
-182.330706;1.813;0.098;0.196;1;1226756974
-182.311022;1.7639999;0.098;0.196;1;1226776658
-182.299766;1.7639999;0.147;0.244999984;1;1226787914
-182.277288;1.7639999;0.147;0.196;1;1226810392
-182.265086;1.813;0.098;0.098;1;1226822594
-182.246808;1.7639999;0.098;0.196;1;1226840872
-182.220294;1.7639999;0.147;0.196;1;1226867386
-182.207907;1.7639999;0.147;0.147;1;1226879773
-182.191684;1.7639999;0.098;0.196;1;1226895996
-182.178850;1.7639999;0.147;0.147;1;1226908830
-182.167194;1.813;0.147;0.196;1;1226920486
-182.152912;1.7639999;0.147;0.196;1;1226934768
-182.136031;1.7639999;0.098;0.196;1;1226951649
-182.111632;1.7149999;0.098;0.196;1;1226976048
-182.100731;1.7639999;0.147;0.147;1;1226986949
-182.077750;1.7149999;0.147;0.147;1;1227009930
-182.060239;1.7639999;0.147;0.147;1;1227027441
-182.049946;1.813;0.147;0.147;1;1227037734
-182.038652;1.813;0.098;0.147;1;1227049028
-182.028044;1.7639999;0.098;0.147;1;1227059636
-182.011701;1.7639999;0.098;0.196;1;1227075979
-181.998215;1.7149999;0.098;0.196;1;1227089465
-181.985258;1.7639999;0.098;0.196;1;1227102422
-181.961646;1.7639999;0.098;0.196;1;1227126034
-181.946038;1.7149999;0.147;0.196;1;1227141642
-181.913860;1.7149999;0.196;0.147;1;1227173820
-181.900542;1.7639999;0.098;0.147;1;1227187138
-181.876340;1.7149999;0.196;0.196;1;1227211340
-181.864337;1.7639999;0.147;0.196;1;1227223343
-181.853339;1.7639999;0.098;0.147;1;1227234341
-181.835557;1.7639999;0.147;0.147;1;1227252123
-181.822769;1.7639999;0.147;0.196;1;1227264911
-181.801626;1.7149999;0.147;0.147;1;1227286054
-181.789030;1.7149999;0.196;0.196;1;1227298650
-181.775900;1.7149999;0.147;0.196;1;1227311780
-181.764779;1.7639999;0.147;0.196;1;1227322901
-181.752576;1.813;0.147;0.147;1;1227335104
-181.737176;1.813;0.147;0.147;1;1227350504
-181.726651;1.7639999;0.147;0.147;1;1227361029
-181.715623;1.7639999;0.147;0.147;1;1227372057
-181.704557;1.7639999;0.098;0.147;1;1227383123
-181.692518;1.7639999;0.147;0.196;1;1227395162
-181.681068;1.7149999;0.196;0.196;1;1227406612
-181.668519;1.7639999;0.098;0.196;1;1227419161
-181.645757;1.813;0.147;0.196;1;1227441923
-181.633183;1.7639999;0.147;0.196;1;1227454497
-181.617844;1.7149999;0.147;0.147;1;1227469836
-181.601748;1.7639999;0.147;0.098;1;1227485932
-181.588952;1.7149999;0.147;0.196;1;1227498728
-181.577030;1.7149999;0.196;0.196;1;1227510650
-181.564244;1.7149999;0.147;0.147;1;1227523436
-181.553790;1.813;0.098;0.196;1;1227533890
-181.540600;1.813;0.098;0.147;1;1227547080
-181.484942;1.813;0.098;0.147;1;1227602738
-181.471840;1.7639999;0.147;0.147;1;1227615840
-181.458025;1.7639999;;0.022;0;1227629655
-181.446818;1.7149999;0.147;0.147;1;1227640862
-181.435164;1.7639999;0.147;0.147;1;1227652516
-181.411389;1.7639999;0.147;0.147;1;1227676291
-181.398027;1.813;0.098;0.196;1;1227689653
-181.386914;1.7149999;0.196;0.147;1;1227700766
-181.374252;1.7149999;0.098;0.196;1;1227713428
-181.362126;1.7639999;0.098;0.196;1;1227725554
-181.348252;1.813;0.098;0.196;1;1227739428
-181.331736;1.813;0.098;0.147;1;1227755944
-181.311668;1.7149999;0.147;0.196;1;1227776012
-181.298239;1.7639999;0.147;0.196;1;1227789441
-181.287372;1.7639999;0.147;0.196;1;1227800308
-181.275327;1.813;0.147;0.196;1;1227812353
-181.264771;1.7639999;0.147;0.147;1;1227822909
-181.249059;1.7639999;0.147;0.147;1;1227838621
-181.237866;1.7639999;0.147;0.147;1;1227849814
-181.226967;1.7149999;0.098;0.196;1;1227860713
-181.211422;1.7639999;0.147;0.196;1;1227876258
-181.199904;1.7639999;0.147;0.196;1;1227887776
-181.185320;1.7639999;0.147;0.147;1;1227902360
-181.174260;1.7639999;0.147;0.196;1;1227913420
-181.163571;1.7149999;0.147;0.196;1;1227924109
-181.147414;1.813;0.147;0.244999984;1;1227940266
-181.136163;1.7149999;0.196;0.147;1;1227951517
-181.124123;1.666;0.147;0.147;1;1227963557
-181.113464;1.813;0.147;0.147;1;1227974216
-181.078577;1.7639999;0.147;0.244999984;1;1228009103
-181.057916;1.7639999;0.147;0.196;1;1228029764
-181.046850;1.7639999;0.147;0.147;1;1228040830
-181.035868;1.7639999;0.098;0.244999984;1;1228051812
-181.009084;1.813;0.147;0.147;1;1228078596
-180.996212;1.7639999;0.147;0.147;1;1228091468
-180.985211;1.7639999;0.147;0.147;1;1228102469
-180.961673;1.813;0.147;0.196;1;1228126007
-180.942689;1.7639999;0.147;0.147;1;1228144991
-180.917856;1.7639999;0.098;0.147;1;1228169824
-180.901019;1.813;0.098;0.196;1;1228186661
-180.885327;1.7639999;0.147;0.147;1;1228202353
-180.872229;1.813;0.098;0.098;1;1228215451
-180.861635;1.813;0.098;0.196;1;1228226045
-180.843644;1.813;0.147;0.196;1;1228244036
-180.832750;1.813;0.098;0.147;1;1228254930
-180.814353;1.7639999;0.147;0.196;1;1228273327
-180.792871;1.7639999;0.147;0.196;1;1228294809
-180.778374;1.7149999;0.147;0.147;1;1228309306
-180.766270;1.7639999;0.098;0.147;1;1228321410
-180.749830;1.813;0.147;0.196;1;1228337850
-180.731589;1.7149999;0.147;0.147;1;1228356091
-180.712858;1.7639999;0.147;0.147;1;1228374822
-180.701251;1.7149999;0.147;0.244999984;1;1228386429
-180.677238;1.7639999;0.098;0.196;1;1228410442
-180.666215;1.7639999;0.147;0.196;1;1228421465
-180.650912;1.813;0.098;0.147;1;1228436768
-180.639723;1.7639999;0.098;0.147;1;1228447957
-180.585626;1.813;0.098;0.196;1;1228502054
-180.573240;1.813;0.098;0.196;1;1228514440
-180.562630;1.7639999;0.098;0.196;1;1228525050
-180.547390;1.7149999;0.147;0.196;1;1228540290
-180.536741;1.7149999;0.147;0.147;1;1228550939
-180.525932;1.7639999;0.147;0.147;1;1228561748
-180.513627;1.7639999;0.147;0.196;1;1228574053
-180.500676;1.813;0.147;0.147;1;1228587004
-180.489144;1.7639999;0.147;0.244999984;1;1228598536
-180.477317;1.7639999;0.147;0.147;1;1228610363
-180.466735;1.7639999;0.098;0.196;1;1228620945
-180.453430;1.7639999;0.098;0.147;1;1228634250
-180.430824;1.813;0.098;0.244999984;1;1228656856
-180.419082;1.7639999;0.147;0.196;1;1228668598
-180.406827;1.813;0.098;0.244999984;1;1228680853
-180.380787;1.813;0.098;0.196;1;1228706893
-180.369745;1.813;0.098;0.196;1;1228717935
-180.352822;1.7149999;0.098;0.147;1;1228734858
-180.338340;1.813;0.098;0.196;1;1228749340
-180.327707;1.7639999;0.098;0.196;1;1228759973
-180.302514;1.7639999;0.147;0.147;1;1228785166
-180.287779;1.7639999;0.098;0.196;1;1228799901
-180.276445;1.7639999;0.147;0.147;1;1228811235
-180.264185;1.7149999;0.147;0.196;1;1228823495
-180.240839;1.7639999;0.098;0.147;1;1228846841
-180.229130;1.7639999;0.147;0.196;1;1228858550
-180.217545;1.813;0.098;0.147;1;1228870135
-180.206172;1.7639999;0.098;0.147;1;1228881508
-180.190799;1.813;0.147;0.147;1;1228896881
-180.161053;1.7639999;0.098;0.147;1;1228926627
-180.143011;1.7639999;0.098;0.196;1;1228944669
-180.117259;1.813;0.196;0.196;1;1228970421
-180.101842;1.7639999;0.098;0.196;1;1228985838
-180.078097;1.7149999;0.147;0.147;1;1229009583
-180.067886;1.7149999;0.147;0.244999984;1;1229019794
-180.049439;1.7639999;0.049;0.147;1;1229038241
-180.037855;1.7639999;0.147;0.196;1;1229049825
-180.026416;1.7639999;0.098;0.196;1;1229061264
-180.015729;1.7639999;0.098;0.098;1;1229071951
-180.004648;1.7639999;0.098;0.147;1;1229083032
-179.993412;1.7639999;0.098;0.147;1;1229094268
-179.979434;1.813;0.147;0.196;1;1229108246
-179.968372;1.7639999;0.196;0.196;1;1229119308
-179.952398;1.7149999;0.147;0.196;1;1229135282
-179.933386;1.7639999;0.147;0.196;1;1229154294
-179.911025;1.7639999;0.147;0.147;1;1229176655
-179.896692;1.7149999;0.147;0.098;1;1229190988
-179.885832;1.813;0.147;0.196;1;1229201848
-179.874554;1.7639999;0.147;0.196;1;1229213126
-179.863507;1.813;0.147;0.147;1;1229224173
-179.846761;1.7149999;0.098;0.147;1;1229240919
-179.831716;1.813;0.147;0.196;1;1229255964
-179.811620;1.813;0.098;0.196;1;1229276060
-179.798277;1.813;0.147;0.196;1;1229289403
-179.787450;1.813;0.098;0.196;1;1229300230
-179.775801;1.7639999;0.098;0.196;1;1229311879
-179.764655;1.813;0.098;0.147;1;1229323025
-179.719509;1.7639999;0.098;0.147;1;1229368171
-179.705207;1.7639999;0.147;0.244999984;1;1229382473
-179.693957;1.7149999;0.196;0.147;1;1229393723
-179.679670;1.7639999;0.147;0.147;1;1229408010
-179.668099;1.813;0.098;0.147;1;1229419581
-179.655512;1.813;0.147;0.196;1;1229432168
-179.644867;1.813;0.098;0.147;1;1229442813
-179.620302;1.7149999;0.147;0.196;1;1229467378
-179.609975;1.813;0.147;0.196;1;1229477705
-179.595257;1.7639999;0.147;0.196;1;1229492423
-179.584918;1.7149999;0.098;0.196;1;1229502762
-179.573427;1.813;0.098;0.196;1;1229514253
-179.561673;1.813;0.098;0.147;1;1229526007
-179.548741;1.7639999;0.147;0.147;1;1229538939
-179.531719;1.7639999;0.147;0.196;1;1229555961
-179.511637;1.813;0.147;0.196;1;1229576043
-179.496509;1.7639999;0.098;0.196;1;1229591171
-179.485190;1.7639999;0.147;0.244999984;1;1229602490
-179.474375;1.7639999;0.098;0.196;1;1229613305
-179.463475;1.7639999;0.147;0.147;1;1229624205
-179.447598;1.7639999;0.147;0.196;1;1229640082
-179.431701;1.813;0.098;0.196;1;1229655979
-179.420494;1.7639999;0.147;0.196;1;1229667186
-179.401819;1.813;0.098;0.147;1;1229685861
-179.385299;1.7639999;0.098;0.196;1;1229702381
-179.372283;1.813;0.098;0.147;1;1229715397
-179.361737;1.7639999;0.196;0.196;1;1229725943
-179.326872;1.7149999;0.147;0.147;1;1229760808
-179.313763;1.7149999;0.098;0.098;1;1229773917
-179.295348;1.813;0.098;0.147;1;1229792332
-179.281228;1.813;0.098;0.196;1;1229806452
-179.270797;1.813;0.098;0.196;1;1229816883
-179.254725;1.7639999;0.147;0.147;1;1229832955
-179.242925;1.7639999;0.098;0.196;1;1229844755
-179.228932;1.7639999;0.098;0.196;1;1229858748
-179.212435;1.7149999;0.196;0.196;1;1229875245
-179.201477;1.7639999;0.147;0.147;1;1229886203
-179.190817;1.813;0.098;0.098;1;1229896863
-179.175349;1.7639999;0.147;0.147;1;1229912331
-179.164380;1.7639999;0.098;0.196;1;1229923300
-179.149770;1.813;0.147;0.196;1;1229937910
-179.138918;1.7639999;0.098;0.196;1;1229948762
-179.116917;1.813;0.098;0.196;1;1229970763
-179.100510;1.7639999;0.098;0.196;1;1229987170
-179.089891;1.813;0.098;0.147;1;1229997789
-179.075330;1.7639999;0.098;0.147;1;1230012350
-179.064774;1.7639999;0.147;0.244999984;1;1230022906
-179.048998;1.7639999;0.147;0.244999984;1;1230038682
-179.032912;1.7639999;0.147;0.147;1;1230054768
-179.019745;1.7639999;0.147;0.147;1;1230067935
-179.003916;1.7639999;0.098;0.196;1;1230083764
-178.992702;1.7639999;;0.022;1;1230094978
-178.977547;1.7639999;0.098;0.196;1;1230110133
-178.966656;1.7639999;0.098;0.196;1;1230121024
-178.952058;1.813;0.098;0.147;1;1230135622
-178.941801;1.7639999;0.147;0.147;1;1230145879
-178.910142;1.813;0.098;0.196;1;1230177538
-178.898596;1.813;0.147;0.244999984;1;1230189084
-178.884706;1.7639999;0.147;0.196;1;1230202974
-178.870851;1.7639999;0.196;0.196;1;1230216829
-178.859128;1.666;0.147;0.147;1;1230228552
-178.848861;1.813;0.147;0.196;1;1230238819
-178.837728;1.7639999;0.147;0.147;1;1230249952
-178.826880;1.7149999;0.147;0.196;1;1230260800
-178.814258;1.862;0.098;0.196;1;1230273422
-178.792286;1.7639999;0.147;0.147;1;1230295394
-178.778354;1.7149999;0.147;0.147;1;1230309326
-178.766696;1.813;0.098;0.147;1;1230320984
-178.755184;1.7639999;0.098;0.196;1;1230332496
-178.743565;1.7639999;0.147;0.196;1;1230344115
-178.729615;1.813;0.147;0.098;1;1230358065
-178.713790;1.813;0.147;0.147;1;1230373890
-178.702614;1.7639999;0.098;0.196;1;1230385066
-178.677781;1.7639999;0.098;0.147;1;1230409899
-178.665631;1.7639999;0.098;0.147;1;1230422049
-178.653024;1.7639999;0.147;0.147;1;1230434656
-178.631699;1.7639999;0.147;0.196;1;1230455981
-178.620784;1.7639999;0.147;0.147;1;1230466896
-178.586526;1.813;0.147;0.196;1;1230501154
-178.573666;1.7639999;0.147;0.196;1;1230514014
-178.558968;1.7639999;0.147;0.196;1;1230528712
-178.533556;1.7639999;0.147;0.147;1;1230554124
-178.522848;1.7639999;0.098;0.147;1;1230564832
-178.504329;1.7639999;0.147;0.244999984;1;1230583351
-178.450490;1.7639999;0.147;0.196;1;1230637190
-178.435380;1.7639999;0.147;0.196;1;1230652300
-178.386616;1.7149999;0.147;0.196;1;1230701064
-178.375323;1.7639999;0.196;0.147;1;1230712357
-178.364517;1.7639999;0.147;0.196;1;1230723163
-178.353545;1.813;0.147;0.147;1;1230734135
-178.338228;1.7639999;0.147;0.147;1;1230749452
-178.327581;1.813;0.098;0.147;1;1230760099
-178.316734;1.813;0.147;0.147;1;1230770946
-178.301816;1.813;0.098;0.196;1;1230785864
-178.287871;1.813;0.147;0.196;1;1230799809
-178.276351;1.7639999;0.147;0.196;1;1230811329
-178.265477;1.813;0.147;0.196;1;1230822203
-178.254411;1.7639999;0.098;0.196;1;1230833269
-178.231681;1.813;0.147;0.196;1;1230855999
-178.217546;1.7639999;0.147;0.196;1;1230870134
-178.205736;1.7149999;0.147;0.196;1;1230881944
-178.180787;1.7639999;0.098;0.196;1;1230906893
-178.167971;1.7639999;0.147;0.196;1;1230919709
-178.155387;1.7639999;0.147;0.196;1;1230932293
-178.144688;1.7639999;0.147;0.244999984;1;1230942992
-178.133685;1.7639999;0.098;0.147;1;1230953995
-178.118736;1.7149999;0.147;0.196;1;1230968944
-178.103087;1.7639999;0.098;0.147;1;1230984593
-178.079745;1.7639999;0.049;0.147;1;1231007935
-178.068938;1.7639999;0.098;0.147;1;1231018742
-178.015002;1.862;0.098;0.147;1;1231072678
-178.002397;1.813;0.049;0.196;1;1231085283
-177.985200;1.7639999;0.098;0.147;1;1231102480
-177.974855;1.7149999;0.098;0.196;1;1231112825
-177.961702;1.813;0.147;0.196;1;1231125978
-177.950595;1.7639999;0.098;0.147;1;1231137085
-177.939306;1.7639999;0.147;0.196;1;1231148374
-177.929009;1.813;0.147;0.147;1;1231158671
-177.909506;1.7639999;0.196;0.147;1;1231178174
-177.879392;1.7639999;0.098;0.196;1;1231208288
-177.868048;1.7639999;0.196;0.147;1;1231219632
-177.855014;1.7639999;0.147;0.147;1;1231232666
-177.843300;1.7149999;0.147;0.098;1;1231244380
-177.830609;1.7639999;0.147;0.147;1;1231257071
-177.812898;1.7639999;0.098;0.196;1;1231274782
-177.796794;1.7639999;0.147;0.196;1;1231290886
-177.785775;1.813;0.196;0.147;1;1231301905
-177.774678;1.7639999;0.147;0.244999984;1;1231313002
-177.763522;1.7639999;0.098;0.196;1;1231324158
-177.747631;1.813;0.098;0.147;1;1231340049
-177.730085;1.7639999;0.098;0.147;1;1231357595
-177.714481;1.7639999;0.098;0.147;1;1231373199
-177.694072;1.7149999;0.196;0.147;1;1231393608
-177.681502;1.7639999;0.098;0.196;1;1231406178
-177.670494;1.7639999;0.098;0.147;1;1231417186
-177.659615;1.7639999;0.098;0.196;1;1231428065
-177.646681;1.7639999;0.147;0.196;1;1231440999
-177.622333;1.813;0.098;0.147;1;1231465347
-177.610031;1.7639999;0.147;0.244999984;1;1231477649
-177.569911;1.7639999;0.147;0.196;1;1231517769
-177.552033;1.7639999;0.147;0.147;1;1231535647
-177.540034;1.7639999;0.098;0.098;1;1231547646
-177.528891;1.7639999;0.196;0.147;1;1231558789
-177.513568;1.7639999;0.147;0.147;1;1231574112
-177.492248;1.813;0.098;0.196;1;1231595432
-177.480294;1.7639999;0.098;0.196;1;1231607386
-177.469364;1.7639999;0.098;0.147;1;1231618316
-177.455051;1.7639999;0.098;0.196;1;1231632629
-177.443942;1.813;0.098;0.196;1;1231643738
-177.429856;1.7639999;0.049;0.147;1;1231657824
-177.413151;1.7639999;0.147;0.196;1;1231674529
-177.402812;1.813;0.098;0.147;1;1231684868
-177.381571;1.7149999;0.147;0.196;1;1231706109
-177.360816;1.7639999;0.147;0.244999984;1;1231726864
-177.342756;1.813;0.098;0.196;1;1231744924
-177.315027;1.7639999;0.147;0.196;1;1231772653
-177.300496;1.7639999;0.147;0.196;1;1231787184
-177.289023;1.7149999;0.147;0.196;1;1231798657
-177.277286;1.813;0.147;0.147;1;1231810394
-177.266759;1.813;0.098;0.196;1;1231820921
-177.254168;1.7639999;0.147;0.196;1;1231833512
-177.241591;1.813;0.147;0.196;1;1231846089
-177.228834;1.7639999;0.147;0.147;1;1231858846
-177.215103;1.7639999;0.098;0.147;1;1231872577
-177.204462;1.7639999;0.098;0.147;1;1231883218
-177.181710;1.7149999;0.147;0.196;1;1231905970
-177.170643;1.7639999;0.098;0.147;1;1231917037
-177.129291;1.7639999;0.147;0.244999984;1;1231958389
-177.107873;1.7639999;0.147;0.196;1;1231979807
-177.089310;1.7639999;0.147;0.147;1;1231998370
-177.078179;1.7639999;0.147;0.147;1;1232009501
-177.066878;1.7149999;0.147;0.196;1;1232020802
-177.054555;1.7639999;0.147;0.147;1;1232033125
-177.042136;1.7639999;0.098;0.196;1;1232045544
-177.021294;1.813;0.147;0.244999984;1;1232066386
-177.005820;1.7639999;0.098;0.147;1;1232081860
-176.981734;1.7639999;0.147;0.196;1;1232105946
-176.962815;1.7639999;0.147;0.196;1;1232124865
-176.936888;1.7149999;0.147;0.147;1;1232150792
-176.921166;1.7639999;0.147;0.147;1;1232166514
-176.908273;1.7149999;0.098;0.196;1;1232179407
-176.897902;1.7639999;0.147;0.196;1;1232189778
-176.886379;1.813;0.098;0.147;1;1232201301
-176.875919;1.813;0.098;0.244999984;1;1232211761
-176.848729;1.7639999;0.098;0.147;1;1232238951
-176.838003;1.7639999;0.147;0.098;1;1232249677
-176.826714;1.7639999;0.098;0.196;1;1232260966
-176.815649;1.813;0.049;0.147;1;1232272031
-176.801672;1.813;0.147;0.196;1;1232286008
-176.788321;1.7149999;0.147;0.196;1;1232299359
-176.777254;1.7639999;0.196;0.196;1;1232310426
-176.765912;1.7149999;0.196;0.196;1;1232321768
-176.741018;1.7639999;0.147;0.147;1;1232346662
-176.724977;1.813;0.14;0.147;1;1232362703
-176.682813;1.7149999;0.147;0.196;1;1232404867
-176.667907;1.7639999;0.147;0.196;1;1232419773
-176.651334;1.7639999;0.098;0.196;1;1232436346
-176.618387;1.813;0.147;0.196;1;1232469293
-176.593230;1.7149999;0.147;0.147;1;1232494450
-176.582859;1.7639999;0.098;0.244999984;1;1232504821
-176.551725;1.7639999;0.147;0.196;1;1232535955
-176.532420;1.7639999;0.098;0.147;1;1232555260
-176.520443;1.7639999;0.098;0.196;1;1232567237
-176.509380;1.7639999;0.098;0.196;1;1232578300
-176.498717;1.7639999;0.098;0.196;1;1232588963
-176.485361;1.7149999;0.196;0.196;1;1232602319
-176.474676;1.7639999;0.147;0.147;1;1232613004
-176.457446;1.7639999;0.196;0.196;1;1232630234
-176.442440;1.813;0.147;0.196;1;1232645240
-176.430585;1.7639999;0.196;0.196;1;1232657095
-176.419994;1.813;0.147;0.244999984;1;1232667686
-176.407366;1.7639999;0.147;0.196;1;1232680314
-176.391195;1.813;0.147;0.196;1;1232696485
-176.377718;1.7639999;0.098;0.196;1;1232709962
-176.363565;1.7639999;0.098;0.147;1;1232724115
-176.345665;1.7639999;0.098;0.147;1;1232742015
-176.329306;1.7149999;0.196;0.147;1;1232758374
-176.319026;1.7149999;0.098;0.147;1;1232768654
-176.302906;1.7639999;0.098;0.196;1;1232784774
-176.278990;1.7639999;0.147;0.147;1;1232808690
-176.268031;1.7639999;0.147;0.196;1;1232819649
-176.250289;1.7639999;0.147;0.147;1;1232837391
-176.214714;1.7149999;0.147;0.196;1;1232872966
-176.203102;1.7639999;0.098;0.196;1;1232884578
-176.177865;1.7639999;0.147;0.147;1;1232909815
-176.165540;1.7149999;0.196;0.196;1;1232922140
-176.146914;1.7639999;0.147;0.196;1;1232940766
-176.135530;1.7639999;0.147;0.196;1;1232952150
-176.111653;1.7639999;0.147;0.196;1;1232976027
-176.098009;1.7639999;0.098;0.147;1;1232989671
-176.086156;1.7639999;0.098;0.147;1;1233001524
-176.075236;1.7639999;0.098;0.196;1;1233012444
-176.064083;1.7149999;0.147;0.196;1;1233023597
-176.046607;1.7149999;0.147;0.147;1;1233041073
-176.033549;1.813;0.098;0.196;1;1233054131
-176.022755;1.7639999;0.147;0.196;1;1233064925
-176.010557;1.7149999;0.147;0.147;1;1233077123
-175.999498;1.7639999;0.147;0.196;1;1233088182
-175.981571;1.7639999;0.147;0.147;1;1233106109
-175.970815;1.7639999;0.196;0.147;1;1233116865
-175.957662;1.7639999;0.147;0.147;1;1233130018
-175.946781;1.813;0.147;0.147;1;1233140899
-175.933227;1.7639999;0.098;0.196;1;1233154453
-175.907509;1.7639999;0.147;0.196;1;1233180171
-175.896625;1.813;0.098;0.196;1;1233191055
-175.885352;1.7639999;0.147;0.196;1;1233202328
-175.861104;1.7639999;0.147;0.147;1;1233226576
-175.844933;1.7639999;0.147;0.147;1;1233242747
-175.819290;1.7149999;0.147;0.196;1;1233268390
-175.786732;1.7639999;0.098;0.147;1;1233300948
-175.773384;1.7639999;0.098;0.147;1;1233314296
-175.761993;1.7639999;0.147;0.196;1;1233325687
-175.746910;1.7149999;0.147;0.147;1;1233340770
-175.735751;1.7639999;0.098;0.196;1;1233351929
-175.701813;1.7639999;0.147;0.098;1;1233385867
-175.676730;1.7639999;0.147;0.147;1;1233410950
-175.663860;1.7639999;0.147;0.147;1;1233423820
-175.652796;1.7149999;0.147;0.244999984;1;1233434884
-175.639594;1.7639999;0.147;0.147;1;1233448086
-175.628778;1.813;0.098;0.147;1;1233458902
-175.615847;1.813;0.098;0.147;1;1233471833
-175.603955;1.7639999;0.147;0.098;1;1233483725
-175.579717;1.7639999;0.098;0.196;1;1233507963
-175.566194;1.7149999;0.147;0.244999984;1;1233521486
-175.554336;1.7639999;0.147;0.196;1;1233533344
-175.543620;1.813;0.147;0.196;1;1233544060
-175.519965;1.813;0.098;0.147;1;1233567715
-175.507791;1.7639999;0.098;0.147;1;1233579889
-175.494791;1.7639999;0.147;0.147;1;1233592889
-175.483110;1.7639999;0.147;0.196;1;1233604570
-175.472657;1.7639999;0.147;0.244999984;1;1233615023
-175.457014;1.7639999;0.147;0.196;1;1233630666
-175.446055;1.7149999;0.147;0.196;1;1233641625
-175.435788;1.7639999;0.147;0.196;1;1233651892
-175.413128;1.813;0.098;0.147;1;1233674552
-175.402899;1.7639999;0.098;0.244999984;1;1233684781
-175.365239;1.7639999;0.098;0.196;1;1233722441
-175.342875;1.813;0.147;0.196;1;1233744805
-175.312464;1.7149999;0.147;0.196;1;1233775216
-175.291585;1.7639999;0.147;0.147;1;1233796095
-175.277786;1.7639999;0.098;0.196;1;1233809894
-175.266757;1.7639999;0.098;0.147;1;1233820923
-175.250936;1.7639999;0.098;0.196;1;1233836744
-175.231083;1.7639999;0.098;0.196;1;1233856597
-175.212898;1.7639999;0.098;0.196;1;1233874782
-175.199553;1.813;0.147;0.196;1;1233888127
-175.188869;1.7639999;0.098;0.196;1;1233898811
-175.175662;1.7639999;0.147;0.196;1;1233912018
-175.164797;1.7639999;0.098;0.147;1;1233922883
-175.153158;1.813;0.147;0.147;1;1233934522
-175.142039;1.813;0.147;0.147;1;1233945641
-175.115749;1.813;0.147;0.196;1;1233971931
-175.104855;1.813;0.147;0.147;1;1233982825
-175.093905;1.7149999;;0.021;0;1233993775
-175.082311;1.862;0.098;0.196;1;1234005369
-175.071523;1.7639999;0.147;0.196;1;1234016157
-175.046323;1.7639999;0.147;0.147;1;1234041357
-175.034141;1.7149999;0.147;0.147;1;1234053539
-175.023258;1.813;0.147;0.147;1;1234064422
-175.011849;1.7639999;0.147;0.147;1;1234075831
-175.000724;1.7639999;0.147;0.098;1;1234086956
-174.964565;1.7639999;0.147;0.147;1;1234123115
-174.947004;1.7639999;0.147;0.244999984;1;1234140676
-174.935625;1.813;0.196;0.196;1;1234152055
-174.911373;1.7639999;0.098;0.147;1;1234176307
-174.897936;1.813;0.098;0.196;1;1234189744
-174.885321;1.7639999;0.147;0.244999984;1;1234202359
-174.873073;1.7639999;0.147;0.147;1;1234214607
-174.861731;1.7149999;0.147;0.147;1;1234225949
-174.846401;1.7639999;0.196;0.196;1;1234241279
-174.835783;1.813;0.098;0.147;1;1234251897
-174.813805;1.7639999;0.196;0.196;1;1234273875
-174.791677;1.7639999;0.147;0.196;1;1234296003
-174.777004;1.7639999;0.147;0.244999984;1;1234310676
-174.765609;1.7639999;0.147;0.147;1;1234322071
-174.753494;1.813;0.147;0.196;1;1234334186
-174.742921;1.7639999;0.196;0.196;1;1234344759
-174.727451;1.7149999;0.147;0.244999984;1;1234360229
-174.711745;1.7639999;0.098;0.196;1;1234375935
-174.699261;1.7639999;0.147;0.196;1;1234388419
-174.687715;1.7639999;0.098;0.196;1;1234399965
-174.669225;1.7639999;0.147;0.244999984;1;1234418455
-174.645577;1.813;0.147;0.147;1;1234442103
-174.632497;1.7639999;0.098;0.147;1;1234455183
-174.621599;1.7639999;0.147;0.196;1;1234466081
-174.599217;1.7639999;0.098;0.196;1;1234488463
-174.581554;1.813;0.098;0.147;1;1234506126
-174.566850;1.7639999;0.147;0.196;1;1234520830
-174.554491;1.813;0.147;0.098;1;1234533189
-174.522024;1.813;0.098;0.196;1;1234565656
-174.503646;1.7639999;0.147;0.196;1;1234584034
-174.475963;1.7639999;0.098;0.147;1;1234611717
-174.462973;1.7639999;0.098;0.147;1;1234624707
-174.451632;1.862;0.098;0.147;1;1234636048
-174.440795;1.7639999;0.147;0.196;1;1234646885
-174.429931;1.7639999;0.147;0.147;1;1234657749
-174.415164;1.813;0.147;0.196;1;1234672516
-174.403448;1.7639999;0.147;0.147;1;1234684232
-174.389968;1.7639999;0.147;0.147;1;1234697712
-174.378608;1.7639999;0.147;0.196;1;1234709072
-174.367334;1.7149999;0.196;0.147;1;1234720346
-174.355753;1.7639999;0.098;0.147;1;1234731927
-174.340063;1.813;0.147;0.196;1;1234747617
-174.329959;1.7639999;0.098;0.196;1;1234757721
-174.312576;1.813;0.147;0.196;1;1234775104
-174.292242;1.7639999;0.147;0.196;1;1234795438
-174.278426;1.7639999;0.147;0.147;1;1234809254
-174.267215;1.7639999;0.098;0.196;1;1234820465
-174.244119;1.7149999;0.098;0.196;1;1234843561
-174.231372;1.7149999;0.098;0.196;1;1234856308
-174.212929;1.7639999;0.147;0.196;1;1234874751
-174.200018;1.7149999;0.147;0.147;1;1234887662
-174.188818;1.7639999;0.147;0.196;1;1234898862
-174.176727;1.7639999;0.147;0.196;1;1234910953
-174.165932;1.7639999;0.147;0.196;1;1234921748
-174.149635;1.7639999;0.098;0.244999984;1;1234938045
-174.138889;1.7639999;0.147;0.196;1;1234948791
-174.127765;1.7639999;0.147;0.244999984;1;1234959915
-174.091309;1.813;0.098;0.196;1;1234996371
-174.073245;1.7639999;0.147;0.244999984;1;1235014435
-174.057236;1.813;0.098;0.196;1;1235030444
-174.046843;1.7639999;0.147;0.196;0;1235040837
-174.035143;1.7639999;0.147;0.196;2;1235052537
-174.012564;1.7639999;0.196;0.147;1;1235075116
-174.001404;1.7149999;0.147;0.244999984;1;1235086276
-173.975671;1.7639999;0.147;0.147;1;1235112009
-173.948957;1.7639999;0.098;0.147;1;1235138723
-173.936709;1.7639999;0.147;0.196;1;1235150971
-173.921756;1.7639999;0.147;0.196;1;1235165924
-173.907872;1.7639999;0.147;0.098;1;1235179808
-173.896345;1.7639999;0.098;0.147;1;1235191335
-173.884152;1.813;0.147;0.196;1;1235203528
-173.872957;1.813;0.147;0.196;1;1235214723
-173.858887;1.7639999;0.147;0.196;1;1235228793
-173.847742;1.7639999;0.147;0.196;1;1235239938
-173.836718;1.7639999;0.098;0.244999984;1;1235250962
-173.821855;1.813;0.098;0.147;1;1235265825
-173.808305;1.7639999;0.147;0.196;1;1235279375
-173.790249;1.813;0.098;0.196;1;1235297431
-173.777640;1.813;0.098;0.147;1;1235310040
-173.766049;1.7639999;0.147;0.196;1;1235321631
-173.751386;1.813;0.098;0.147;1;1235336294
-173.733519;1.813;0.147;0.147;1;1235354161
-173.712890;1.7639999;0.098;0.147;1;1235374790
-173.698650;1.7639999;0.098;0.147;1;1235389030
-173.687691;1.7639999;0.147;0.196;1;1235399989
-173.646715;1.813;0.147;0.196;1;1235440965
-173.624523;1.7639999;0.147;0.196;1;1235463157
-173.610657;1.7149999;0.147;0.196;1;1235477023
-173.592422;1.7639999;0.098;0.196;1;1235495258
-173.580315;1.7639999;0.098;0.196;1;1235507365
-173.569821;1.7639999;0.196;0.147;1;1235517859
-173.542943;1.813;0.147;0.147;1;1235544737
-173.527987;1.7149999;0.147;0.244999984;1;1235559693
-173.512880;1.7639999;0.098;0.196;1;1235574800
-173.498384;1.7149999;0.147;0.147;1;1235589296
-173.487986;1.7639999;0.098;0.147;1;1235599694
-173.476639;1.7639999;0.098;0.196;1;1235611041
-173.465944;1.7639999;0.147;0.244999984;1;1235621736
-173.452674;1.7639999;0.196;0.196;1;1235635006
-173.436793;1.7149999;0.147;0.196;1;1235650887
-173.412860;1.7639999;0.147;0.147;1;1235674820
-173.399449;1.813;0.147;0.147;1;1235688231
-173.389038;1.7639999;0.098;0.196;1;1235698642
-173.377672;1.7149999;0.147;0.147;1;1235710008
-173.366836;1.813;0.098;0.147;1;1235720844
-173.332196;1.7639999;0.147;0.196;1;1235755484
-173.321864;1.7639999;0.098;0.196;1;1235765816
-173.309664;1.862;0.098;0.147;1;1235778016
-173.296893;1.7639999;0.098;0.147;1;1235790787
-173.285729;1.7639999;0.147;0.196;1;1235801951
-173.274875;1.7639999;0.147;0.196;1;1235812805
-173.263926;1.7149999;0.147;0.147;1;1235823754
-173.248349;1.7149999;0.147;0.196;1;1235839331
-173.231765;1.7149999;0.147;0.147;1;1235855915
-173.198200;1.7639999;0.098;0.098;1;1235889480
-173.180811;1.7639999;0.098;0.196;1;1235906869
-173.161073;1.813;0.098;0.147;1;1235926607
-173.150681;1.7639999;0.147;0.147;1;1235936999
-173.137763;1.7639999;0.147;0.147;1;1235949917
-173.126656;1.7639999;0.196;0.098;1;1235961024
-173.113853;1.7639999;0.098;0.244999984;1;1235973827
-173.102786;1.813;0.147;0.196;1;1235984894
-173.090304;1.7639999;0.098;0.196;1;1235997376
-173.078122;1.7639999;0.147;0.196;1;1236009558
-173.066409;1.7639999;0.147;0.196;1;1236021271
-173.043699;1.7149999;0.147;0.147;1;1236043981
-173.032955;1.7639999;0.147;0.196;1;1236054725
-173.021964;1.7149999;0.147;0.196;1;1236065716
-173.001805;1.7639999;0.147;0.244999984;1;1236085875
-172.986536;1.7639999;0.147;0.196;1;1236101144
-172.975706;1.7149999;0.147;0.196;1;1236111974
-172.963246;1.7639999;0.098;0.147;1;1236124434
-172.952450;1.813;0.098;0.196;1;1236135230
-172.938223;1.7639999;0.147;0.196;1;1236149457
-172.927773;1.7639999;0.098;0.147;1;1236159907
-172.911735;1.7149999;0.147;0.147;1;1236175945
-172.887939;1.813;0.147;0.147;1;1236199741
-172.874681;1.7149999;0.147;0.196;1;1236212999
-172.860245;1.7639999;0.098;0.196;1;1236227435
-172.840996;1.7639999;0.098;0.196;1;1236246684
-172.827193;1.7639999;0.147;0.147;1;1236260487
-172.809756;1.7639999;0.098;0.196;1;1236277924
-172.798015;1.7149999;0.147;0.196;1;1236289665
-172.757701;1.7639999;0.147;0.147;1;1236329979
-172.740418;1.7639999;0.147;0.147;1;1236347262
-172.711658;1.7639999;0.196;0.196;1;1236376022
-172.697642;1.7639999;0.098;0.147;1;1236390038
-172.685208;1.7639999;0.098;0.147;1;1236402472
-172.674543;1.7639999;0.147;0.147;1;1236413137
-172.663647;1.7639999;0.147;0.196;1;1236424033
-172.648636;1.7149999;0.147;0.147;1;1236439044
-172.635520;1.813;0.098;0.196;1;1236452160
-172.623883;1.7639999;0.147;0.196;1;1236463797
-172.611911;1.7149999;0.147;0.196;1;1236475769
-172.599639;1.7639999;0.147;0.196;1;1236488041
-172.588228;1.7639999;0.147;0.196;1;1236499452
-172.575311;1.7639999;0.147;0.196;1;1236512369
-172.564279;1.7149999;0.147;0.196;1;1236523401
-172.551979;1.7639999;0.196;0.196;1;1236535701
-172.530124;1.7639999;0.196;0.196;1;1236557556
-172.517626;1.7639999;0.098;0.147;1;1236570054
-172.506929;1.7639999;0.147;0.196;1;1236580751
-172.495203;1.813;0.147;0.196;1;1236592477
-172.483640;1.7639999;0.098;0.147;1;1236604040
-172.471559;1.7639999;0.098;0.196;1;1236616121
-172.460674;1.813;0.098;0.196;1;1236627006
-172.448057;1.7639999;0.098;0.244999984;1;1236639623
-172.418316;1.7149999;0.147;0.196;1;1236669364
-172.399177;1.7639999;0.147;0.196;1;1236688503
-172.373948;1.7639999;0.147;0.196;1;1236713732
-172.362548;1.813;0.098;0.196;1;1236725132
-172.323448;1.7639999;0.098;0.098;1;1236764232
-172.309977;1.813;0.098;0.196;1;1236777703
-172.295228;1.813;0.147;0.196;1;1236792452
-172.284331;1.813;0.147;0.196;1;1236803349
-172.273469;1.813;0.147;0.147;1;1236814211
-172.261621;1.7149999;0.098;0.196;1;1236826059
-172.247372;1.7639999;0.147;0.196;1;1236840308
-172.231772;1.7639999;0.147;0.147;1;1236855908
-172.220454;1.7639999;0.147;0.147;1;1236867226
-172.206522;1.7639999;0.147;0.196;1;1236881158
-172.195053;1.7639999;0.147;0.147;1;1236892627
-172.183180;1.7639999;0.147;0.147;1;1236904500
-172.172810;1.7639999;0.098;0.196;1;1236914870
-172.161434;1.813;0.098;0.244999984;1;1236926246
-172.146861;1.7639999;0.147;0.244999984;1;1236940819
-172.135509;1.7639999;0.196;0.147;1;1236952171
-172.123131;1.7639999;0.098;0.147;1;1236964549
-172.111151;1.7639999;0.147;0.196;1;1236976529
-172.096540;1.7639999;0.098;0.196;1;1236991140
-172.084173;1.7639999;0.147;0.196;1;1237003507
-172.072846;1.7639999;0.147;0.196;1;1237014834
-172.061362;1.7149999;0.147;0.196;1;1237026318
-172.047280;1.7639999;0.098;0.147;1;1237040400
-172.031372;1.7639999;0.147;0.147;1;1237056308
-172.020441;1.7639999;0.098;0.196;1;1237067239
-172.008644;1.7639999;0.147;0.196;1;1237079036
-171.995101;1.7639999;0.147;0.244999984;1;1237092579
-171.981135;1.7639999;0.098;0.196;1;1237106545
-171.970815;1.7639999;0.147;0.147;1;1237116865
-171.957857;1.7639999;0.147;0.196;1;1237129823
-171.918468;1.7639999;0.098;0.196;1;1237169212
-171.906068;1.813;0.098;0.196;1;1237181612
-171.892697;1.7639999;0.196;0.147;1;1237194983
-171.878211;1.7639999;0.147;0.196;1;1237209469
-171.867833;1.813;0.147;0.147;1;1237219847
-171.852655;1.7639999;0.147;0.196;1;1237235025
-171.833338;1.7639999;0.147;0.196;1;1237254342
-171.809674;1.7639999;0.098;0.147;1;1237278006
-171.796323;1.7639999;0.147;0.196;1;1237291357
-171.779745;1.7639999;0.098;0.196;1;1237307935
-171.768436;1.7639999;0.098;0.196;1;1237319244
-171.755162;1.7639999;0.098;0.147;1;1237332518
-171.744496;1.7639999;0.147;0.244999984;1;1237343184
-171.733435;1.7639999;0.147;0.147;1;1237354245
-171.711854;1.813;0.098;0.147;1;1237375826
-171.695995;1.7639999;0.147;0.147;1;1237391685
-171.682655;1.813;0.196;0.196;1;1237405025
-171.672015;1.7149999;0.147;0.196;1;1237415665
-171.644568;1.666;0.147;0.147;1;1237443112
-171.629829;1.7639999;0.098;0.147;1;1237457851
-171.592817;1.813;0.098;0.147;1;1237494863
-171.577793;1.7149999;0.147;0.196;1;1237509887
-171.566991;1.7149999;0.147;0.147;1;1237520689
-171.544908;1.7639999;0.196;0.196;1;1237542772
-171.506190;1.7639999;0.098;0.196;1;1237581490
-171.492360;1.7639999;0.098;0.196;1;1237595320
-171.473880;1.7639999;0.098;0.147;1;1237613800
-171.460423;1.7639999;0.147;0.196;1;1237627257
-171.449852;1.813;0.147;0.196;1;1237637828
-171.412874;1.7639999;0.147;0.244999984;1;1237674806
-171.401504;1.813;0.196;0.196;1;1237686176
-171.376078;1.7639999;0.147;0.147;1;1237711602
-171.364674;1.7639999;0.098;0.147;1;1237723006
-171.349803;1.7639999;0.098;0.147;1;1237737877
-171.338625;1.7149999;0.147;0.147;1;1237749055
-171.327704;1.7639999;0.098;0.196;1;1237759976
-171.316984;1.7639999;0.098;0.147;1;1237770696
-171.305718;1.7639999;0.147;0.147;1;1237781962
-171.295013;1.7639999;0.098;0.147;1;1237792667
-171.281540;1.813;0.049;0.196;1;1237806140
-171.269849;1.7149999;0.098;0.196;1;1237817831
-171.240578;1.813;0.098;0.244999984;1;1237847102
-171.229282;1.7639999;0.147;0.196;1;1237858398
-171.214136;1.813;0.147;0.196;1;1237873544
-171.203954;1.7149999;0.147;0.196;1;1237883726
-171.181655;1.813;0.098;0.196;1;1237906025
-171.168967;1.7639999;0.147;0.147;1;1237918713
-171.152851;1.813;0.098;0.244999984;1;1237934829
-171.141021;1.7639999;0.147;0.196;1;1237946659
-171.128330;1.813;0.049;0.196;1;1237959350
-171.117417;1.7639999;0.098;0.147;1;1237970263
-171.083238;1.7639999;0.147;0.196;1;1238004442
-171.059718;1.7639999;0.098;0.244999984;1;1238027962
-171.047953;1.813;0.147;0.244999984;1;1238039727
-171.036812;1.813;0.147;0.196;1;1238050868
-171.025934;1.7639999;0.147;0.244999984;1;1238061746
-171.013583;1.7149999;0.147;0.244999984;1;1238074097
-170.991229;1.7639999;0.098;0.147;1;1238096451
-170.979547;1.7639999;0.098;0.196;1;1238108133
-170.968273;1.7149999;0.147;0.147;1;1238119407
-170.957189;1.7639999;0.147;0.244999984;1;1238130491
-170.945377;1.813;0.098;0.147;1;1238142303
-170.934700;1.813;0.098;0.196;1;1238152980
-170.917129;1.813;0.196;0.196;1;1238170551
-170.905653;1.7639999;0.196;0.244999984;1;1238182027
-170.894012;1.813;0.098;0.147;1;1238193668
-170.883314;1.813;0.147;0.196;1;1238204366
-170.872198;1.813;0.147;0.196;1;1238215482
-170.858836;1.813;0.098;0.147;1;1238228844
-170.846181;1.7639999;0.147;0.147;1;1238241499
-170.835544;1.7639999;0.098;0.196;1;1238252136
-170.821782;1.7639999;0.147;0.147;1;1238265898
-170.807292;1.7639999;0.049;0.196;1;1238280388
-170.791496;1.7149999;0.147;0.196;1;1238296184
-170.777572;1.7639999;0.147;0.147;1;1238310108
-170.761612;1.7639999;0.147;0.196;1;1238326068
-170.744068;1.7639999;0.147;0.196;1;1238343612
-170.714113;1.7639999;0.098;0.196;1;1238373567
-170.703112;1.7639999;0.098;0.196;1;1238384568
-170.691196;1.7149999;0.147;0.244999984;1;1238396484
-170.680947;1.7639999;0.147;0.098;1;1238406733
-170.667300;1.813;0.147;0.147;1;1238420380
-170.655680;1.7639999;0.147;0.147;1;1238432000
-170.606461;1.7639999;0.147;0.196;1;1238481219
-170.581762;1.813;0.098;0.147;1;1238505918
-170.570606;1.7639999;0.147;0.196;1;1238517074
-170.547871;1.7639999;0.147;0.147;1;1238539809
-170.530954;1.813;0.147;0.147;1;1238556726
-170.518863;1.813;0.147;0.196;1;1238568817
-170.499468;1.7149999;0.147;0.196;1;1238588212
-170.477487;1.7639999;0.147;0.196;1;1238610193
-170.462671;1.7639999;0.098;0.196;1;1238625009
-170.451730;1.7639999;0.147;0.098;1;1238635950
-170.440597;1.813;0.147;0.147;1;1238647083
-170.429189;1.7149999;0.147;0.196;1;1238658491
-170.413485;1.7639999;0.147;0.196;1;1238674195
-170.392846;1.7639999;0.147;0.147;1;1238694834
-170.378632;1.7639999;0.098;0.147;1;1238709048
-170.367717;1.7639999;0.147;0.196;1;1238719963
-170.355443;1.813;0.098;0.196;1;1238732237
-170.344914;1.7639999;0.098;0.196;1;1238742766
-170.330817;1.7639999;0.098;0.196;1;1238756863
-170.316110;1.7639999;0.147;0.196;1;1238771570
-170.304871;1.7639999;0.147;0.244999984;1;1238782809
-170.293836;1.7639999;0.098;0.147;1;1238793844
-170.277221;1.7639999;0.098;0.147;1;1238810459
-170.266873;1.7149999;0.147;0.196;1;1238820807
-170.255224;1.862;0.147;0.196;1;1238832456
-170.232881;1.813;0.098;0.098;1;1238854799
-170.221874;1.7639999;0.098;0.196;1;1238865806
-170.206155;1.7639999;0.098;0.147;1;1238881525
-170.195273;1.7639999;0.098;0.147;1;1238892407
-170.158002;1.7639999;0.098;0.196;1;1238929678
-170.137011;1.813;0.147;0.147;1;1238950669
-170.123866;1.7639999;0.;196;1;1238963814
-170.109949;1.813;0.098;0.147;1;1238977731
-170.098302;1.7639999;0.196;0.196;1;1238989378
-170.087653;1.7639999;0.196;0.147;1;1239000027
-170.075562;1.7639999;0.147;0.147;1;1239012118
-170.064638;1.813;0.147;0.196;1;1239023042
-170.049645;1.813;0.098;0.147;1;1239038035
-170.037853;1.7639999;0.098;0.196;1;1239049827
-170.026431;1.7639999;0.147;0.196;1;1239061249
-170.010116;1.7639999;0.147;0.196;1;1239077564
-169.998736;1.813;0.147;0.196;1;1239088944
-169.987415;1.7639999;0.147;0.147;1;1239100265
-169.976173;1.7639999;0.196;0.196;1;1239111507
-169.965160;1.813;0.147;0.147;1;1239122520
-169.952422;1.7639999;0.147;0.196;1;1239135258
-169.928417;1.7639999;0.147;0.147;1;1239159263
-169.911555;1.7639999;0.147;0.196;1;1239176125
-169.896587;1.7639999;0.098;0.244999984;1;1239191093
-169.881678;1.7149999;0.147;0.196;1;1239206002
-169.868551;1.813;0.098;0.147;1;1239219129
-169.853387;1.7149999;0.098;0.244999984;1;1239234293
-169.842237;1.7149999;0.147;0.196;1;1239245443
-169.830285;1.7639999;0.098;0.098;1;1239257395
-169.819115;1.7149999;0.196;0.098;1;1239268565
-169.755225;1.7639999;0.147;0.196;1;1239332455
-169.743062;1.7639999;0.147;0.196;1;1239344618
-169.715912;1.7639999;0.098;0.196;1;1239371768
-169.704870;1.7639999;0.098;0.147;1;1239382810
-169.693889;1.7639999;0.098;0.147;1;1239393791
-169.680553;1.7149999;0.147;0.147;1;1239407127
-169.669720;1.7149999;0.147;0.147;1;1239417960
-169.647595;1.7639999;0.098;0.147;1;1239440085
-169.636925;1.813;0.098;0.196;1;1239450755
-169.607385;1.7639999;0.196;0.147;1;1239480295
-169.596912;1.813;0.147;0.147;1;1239490768
-169.581217;1.7639999;0.098;0.147;1;1239506463
-169.565896;1.7639999;0.098;0.244999984;1;1239521784
-169.553779;1.7149999;0.147;0.196;1;1239533901
-169.542062;1.813;0.098;0.196;1;1239545618
-169.522925;1.7639999;0.098;0.196;1;1239564755
-169.506390;1.7639999;0.147;0.147;1;1239581290
-169.495818;1.813;0.098;0.098;1;1239591862
-169.484016;1.7639999;0.147;0.196;1;1239603664
-169.470882;1.7639999;0.147;0.196;1;1239616798
-169.447915;1.813;0.147;0.196;1;1239639765
-169.435266;1.7639999;0.147;0.147;1;1239652414
-169.420992;1.7639999;0.147;0.196;1;1239666688
-169.408637;1.813;0.098;0.147;1;1239679043
-169.374440;1.7639999;0.098;0.098;1;1239713240
-169.361495;1.7639999;0.147;0.196;1;1239726185
-169.346505;1.7639999;0.147;0.196;1;1239741175
-169.334096;1.7639999;0.147;0.147;1;1239753584
-169.323004;1.7639999;0.196;0.147;1;1239764676
-169.311426;1.7639999;0.147;0.196;1;1239776254
-169.299442;1.7639999;0.147;0.147;1;1239788238
-169.288796;1.7639999;0.147;0.147;1;1239798884
-169.276735;1.7639999;0.147;0.196;1;1239810945
-169.264878;1.7639999;0.147;0.196;1;1239822802
-169.254026;1.813;0.147;0.147;1;1239833654
-169.240586;1.7639999;0.098;0.196;1;1239847094
-169.229666;1.7639999;0.098;0.196;1;1239858014
-169.211702;1.813;0.049;0.147;1;1239875978
-169.196536;1.7639999;0.147;0.196;1;1239891144
-169.184319;1.813;0.147;0.147;1;1239903361
-169.173614;1.7639999;0.147;0.147;1;1239914066
-169.162055;1.7639999;0.196;0.196;1;1239925625
-169.149291;1.813;0.098;0.244999984;1;1239938389
-169.138167;1.7149999;0.147;0.196;1;1239949513
-169.126158;1.7639999;0.147;0.196;1;1239961522
-169.114977;1.813;0.098;0.196;1;1239972703
-169.101612;1.7639999;0.147;0.196;1;1239986068
-169.078043;1.7639999;0.098;0.147;1;1240009637
-169.066687;1.813;0.098;0.147;1;1240020993
-169.054025;1.7149999;0.098;0.196;1;1240033655
-169.042775;1.813;0.147;0.147;1;1240044905
-169.029321;1.7639999;0.147;0.147;1;1240058359
-169.018057;1.7639999;0.098;0.196;1;1240069623
-169.005492;1.7639999;0.147;0.196;1;1240082188
-168.970794;1.7639999;0.147;0.244999984;1;1240116886
-168.954300;1.813;0.098;0.244999984;1;1240133380
-168.939798;1.7639999;0.147;0.147;1;1240147882
-168.928153;1.7639999;0.147;0.244999984;1;1240159527
-168.907265;1.7639999;0.098;0.196;1;1240180415
-168.896649;1.7639999;0.098;0.147;1;1240191031
-168.881057;1.7639999;0.098;0.196;1;1240206623
-168.869243;1.7639999;0.098;0.196;1;1240218437
-168.820122;1.7639999;0.147;0.147;1;1240267558
-168.802910;1.7639999;0.147;0.196;1;1240284770
-168.788170;1.813;0.147;0.147;1;1240299510
-168.778014;1.7639999;0.147;0.196;1;1240309666
-168.762262;1.7149999;0.147;0.147;1;1240325418
-168.733406;1.7639999;0.147;0.196;1;1240354274
-168.712888;1.7149999;0.147;0.196;1;1240374792
-168.700533;1.7639999;0.147;0.147;1;1240387147
-168.688294;1.7639999;0.147;0.147;1;1240399386
-168.675406;1.7639999;0.147;0.147;1;1240412274
-168.662694;1.7639999;0.147;0.147;1;1240424986
-168.648100;1.7639999;0.147;0.147;1;1240439580
-168.632895;1.7639999;0.098;0.098;1;1240454785
-168.612841;1.813;0.098;0.147;1;1240474839
-168.601026;1.7639999;0.147;0.196;1;1240486654
-168.582866;1.813;0.098;0.196;1;1240504814
-168.565773;1.7639999;0.147;0.147;1;1240521907
-168.554720;1.7639999;0.147;0.147;1;1240532960
-168.541099;1.7639999;0.098;0.147;1;1240546581
-168.487756;1.813;0.147;0.196;1;1240599924
-168.473429;1.7639999;0.098;0.244999984;1;1240614251
-168.460310;1.7149999;0.147;0.147;1;1240627370
-168.444748;1.7639999;0.147;0.147;1;1240642932
-168.431694;1.7149999;0.098;0.147;1;1240655986
-168.419087;1.7639999;0.147;0.196;1;1240668593
-168.402063;1.7149999;0.147;0.196;1;1240685617
-168.391224;1.7149999;0.147;0.196;1;1240696456
-168.380478;1.7639999;0.196;0.196;1;1240707202
-168.369760;1.813;0.147;0.147;1;1240717920
-168.344787;1.862;0.147;0.196;1;1240742893
-168.332805;1.813;0.196;0.147;1;1240754875
-168.319639;1.7149999;0.147;0.147;1;1240768041
-168.302030;1.7639999;0.098;0.147;1;1240785650
-168.289158;1.7639999;0.098;0.147;1;1240798522
-168.276385;1.813;0.147;0.196;1;1240811295
-168.265887;1.7149999;0.147;0.147;1;1240821793
-168.249902;1.7149999;0.147;0.196;1;1240837778
-168.238897;1.7639999;0.147;0.244999984;1;1240848783
-168.227354;1.7639999;0.147;0.244999984;1;1240860326
-168.212908;1.7149999;0.147;0.196;1;1240874772
-168.200454;1.7639999;0.147;0.196;1;1240887226
-168.182863;1.813;0.098;0.147;1;1240904817
-168.171482;1.7639999;0.147;0.147;1;1240916198
-168.160516;1.7639999;0.098;0.196;1;1240927164
-168.147185;1.7149999;0.196;0.244999984;1;1240940495
-168.135597;1.813;0.098;0.196;1;1240952083
-168.113453;1.7639999;0.147;0.196;1;1240974227
-168.099328;1.7149999;0.147;0.196;1;1240988352
-168.061983;1.7639999;0.098;0.147;1;1241025697
-168.038976;1.813;0.098;0.196;1;1241048704
-168.001208;1.7639999;0.147;0.147;1;1241086472
-167.988254;1.7639999;0.147;0.147;1;1241099426
-167.976224;1.7639999;0.098;0.196;1;1241111456
-167.965767;1.7639999;0.196;0.196;1;1241121913
-167.954349;1.813;0.147;0.147;1;1241133331
-167.941527;1.7149999;0.147;0.098;1;1241146153
-167.930921;1.7639999;0.147;0.147;1;1241156759
-167.919749;1.7639999;0.098;0.196;1;1241167931
-167.901801;1.7149999;0.147;0.147;1;1241185879
-167.887282;1.7639999;0.147;0.147;1;1241200398
-167.871679;1.7639999;0.098;0.147;1;1241216001
-167.858997;1.7639999;0.147;0.196;1;1241228683
-167.841664;1.7639999;0.098;0.147;1;1241246016
-167.827011;1.813;0.147;0.196;1;1241260669
-167.811724;1.7149999;0.147;0.196;1;1241275956
-167.799251;1.7639999;0.147;0.147;1;1241288429
-167.787388;1.813;0.147;0.147;1;1241300292
-167.775885;1.7639999;0.147;0.147;1;1241311795
-167.762987;1.7639999;0.147;0.147;1;1241324693
-167.747088;1.813;0.147;0.147;1;1241340592
-167.730253;1.7639999;0.147;0.147;1;1241357427
-167.718959;1.813;0.147;0.244999984;1;1241368721
-167.687137;1.7639999;0.147;0.147;1;1241400543
-167.676213;1.7639999;0.147;0.098;1;1241411467
-167.663596;1.7639999;0.098;0.196;1;1241424084
-167.652794;1.813;0.147;0.244999984;1;1241434886
-167.639571;1.7639999;0.196;0.147;1;1241448109
-167.626968;1.7639999;0.147;0.147;1;1241460712
-167.592969;1.7639999;0.147;0.244999984;1;1241494711
-167.581725;1.7639999;0.147;0.244999984;1;1241505955
-167.510517;1.813;0.098;0.196;1;1241577163
-167.498246;1.7639999;0.098;0.196;1;1241589434
-167.487399;1.7639999;0.098;0.196;1;1241600281
-167.474767;1.7149999;0.196;0.196;1;1241612913
-167.463506;1.813;0.147;0.147;1;1241624174
-167.447977;1.7639999;0.098;0.147;1;1241639703
-167.431297;1.813;0.098;0.196;1;1241656383
-167.419767;1.7149999;0.147;0.196;1;1241667913
-167.406271;1.7149999;0.147;0.196;1;1241681409
-167.395126;1.7639999;0.147;0.147;1;1241692554
-167.384256;1.7149999;0.147;0.147;1;1241703424
-167.372660;1.7639999;0.098;0.244999984;1;1241715020
-167.361837;1.7639999;0.098;0.196;1;1241725843
-167.347149;1.7639999;0.098;0.196;1;1241740531
-167.331343;1.7639999;0.147;0.196;1;1241756337
-167.308929;1.7149999;0.147;0.147;1;1241778751
-167.296007;1.7639999;0.196;0.196;1;1241791673
-167.284129;1.7639999;0.147;0.147;1;1241803551
-167.273194;1.813;0.147;0.196;1;1241814486
-167.261565;1.7639999;0.147;0.147;1;1241826115
-167.247137;1.7149999;0.147;0.196;1;1241840543
-167.231356;1.7149999;0.147;0.196;1;1241856324
-167.211200;1.7639999;0.098;0.196;1;1241876480
-167.173279;1.813;0.098;0.196;1;1241914401
-167.153903;1.7639999;0.098;0.147;1;1241933777
-167.135083;1.813;0.098;0.147;1;1241952597
-167.112836;1.7639999;0.147;0.147;1;1241974844
-167.100729;1.813;0.147;0.196;1;1241986951
-167.077888;1.813;0.098;0.147;1;1242009792
-167.058252;1.7149999;0.147;0.196;1;1242029428
-167.047723;1.813;0.098;0.196;1;1242039957
-167.036597;1.7639999;0.147;0.244999984;1;1242051083
-167.025845;1.7149999;0.147;0.196;1;1242061835
-167.014901;1.7639999;0.098;0.147;1;1242072779
-167.002927;1.813;0.098;0.244999984;1;1242084753
-166.988671;1.7639999;0.098;0.196;1;1242099009
-166.977100;1.7639999;0.147;0.147;1;1242110580
-166.965088;1.7639999;0.147;0.196;1;1242122592
-166.954596;1.7149999;0.196;0.196;1;1242133084
-166.943753;1.7639999;0.147;0.244999984;1;1242143927
-166.921187;1.813;0.147;0.196;1;1242166493
-166.907917;1.7149999;0.098;0.196;1;1242179763
-166.896509;1.7639999;0.098;0.196;1;1242191171
-166.886006;1.7639999;0.147;0.196;1;1242201674
-166.874644;1.7149999;0.147;0.147;1;1242213036
-166.861007;1.7639999;0.098;0.147;1;1242226673
-166.849698;1.7639999;0.147;0.244999984;1;1242237982
-166.838380;1.7639999;0.147;0.196;1;1242249300
-166.821440;1.7639999;0.147;0.196;1;1242266240
-166.807724;1.813;0.147;0.147;1;1242279956
-166.778466;1.7639999;0.147;0.147;1;1242309214
-166.748862;1.7639999;0.147;0.196;1;1242338818
-166.731247;1.7639999;0.196;0.147;1;1242356433
-166.706474;1.813;0.098;0.196;1;1242381206
-166.689546;1.7639999;0.147;0.098;1;1242398134
-166.675063;1.7639999;0.147;0.147;1;1242412617
-166.651436;1.7149999;0.196;0.196;1;1242436244
-166.631793;1.7639999;0.098;0.196;1;1242455887
-166.619231;1.813;0.098;0.147;1;1242468449
-166.603538;1.7639999;0.098;0.147;1;1242484142
-166.580059;1.7149999;0.196;0.196;1;1242507621
-166.569912;1.7639999;0.147;0.196;1;1242517768
-166.550685;1.813;0.147;0.147;1;1242536995
-166.539824;1.7639999;0.147;0.196;1;1242547856
-166.524431;1.7639999;0.147;0.147;1;1242563249
-166.513357;1.7639999;0.147;0.098;1;1242574323
-166.502829;1.7639999;0.147;0.196;1;1242584851
-166.476978;1.7149999;0.147;0.244999984;1;1242610702
-166.465352;1.813;0.098;0.196;1;1242622328
-166.453285;1.813;0.147;0.196;1;1242634395
-166.431110;1.7639999;0.098;0.147;1;1242656570
-166.420179;1.813;0.098;0.196;1;1242667501
-166.386660;1.7639999;0.147;0.147;1;1242701020
-166.375492;1.7639999;0.098;0.196;1;1242712188
-166.364190;1.7639999;0.098;0.147;1;1242723490
-166.353586;1.7639999;0.147;0.147;1;1242734094
-166.342550;1.7639999;0.098;0.196;1;1242745130
-166.321850;1.7639999;0.147;0.196;1;1242765830
-166.274828;1.7149999;0.147;0.147;1;1242812852
-166.251999;1.7639999;0.147;0.147;1;1242835681
-166.215675;1.7149999;0.098;0.147;1;1242872005
-166.201041;1.7639999;0.147;0.147;1;1242886639
-166.189480;1.666;0.196;0.196;1;1242898200
-166.174088;1.7639999;0.098;0.147;1;1242913592
-166.163739;1.7639999;0.098;0.196;1;1242923941
-166.145174;1.7639999;0.147;0.196;1;1242942506
-166.134155;1.7149999;0.147;0.147;1;1242953525
-166.121579;1.7639999;0.098;0.147;1;1242966101
-166.103436;1.813;0.098;0.147;1;1242984244
-166.092969;1.7149999;0.049;0.196;1;1242994711
-166.080961;1.7639999;0.098;0.196;1;1243006719
-166.069646;1.7149999;0.147;0.147;1;1243018034
-166.058576;1.7149999;0.147;0.147;1;1243029104
-166.046467;1.7639999;0.147;0.147;1;1243041213
-166.031483;1.7639999;0.098;0.147;1;1243056197
-166.017364;1.7149999;0.196;0.196;1;1243070316
-166.006695;1.7639999;0.147;0.244999984;1;1243080985
-165.995555;1.7639999;0.147;0.147;1;1243092125
-165.979858;1.7639999;0.098;0.147;1;1243107822
-165.967657;1.813;0.147;0.196;1;1243120023
-165.956038;1.813;0.098;0.196;1;1243131642
-165.940039;1.7639999;0.098;0.196;1;1243147641
-165.927625;1.813;0.098;0.147;1;1243160055
-165.911317;1.813;0.098;0.147;1;1243176363
-165.899159;1.813;0.098;0.196;1;1243188521
-165.888024;1.7639999;0.098;0.196;1;1243199656
-165.876451;1.7639999;0.147;0.147;1;1243211229
-165.834589;1.813;0.098;0.196;1;1243253091
-165.821896;1.7639999;0.147;0.196;1;1243265784
-165.792697;1.7639999;0.147;0.147;1;1243294983
-165.781315;1.7149999;0.098;0.147;1;1243306365
-165.768800;1.813;0.098;0.147;1;1243318880
-165.757680;1.7149999;0.147;0.147;1;1243330000
-165.744500;1.813;0.147;0.147;1;1243343180
-165.733638;1.7639999;0.196;0.196;1;1243354042
-165.720213;1.813;0.098;0.147;1;1243367467
-165.709894;1.7639999;0.147;0.196;1;1243377786
-165.694915;1.813;0.196;0.147;1;1243392765
-165.683837;1.813;0.147;0.147;1;1243403843
-165.672476;1.7639999;0.244999984;0.196;1;1243415204
-165.660487;1.7639999;0.147;0.147;1;1243427193
-165.647973;1.7149999;0.147;0.196;1;1243439707
-165.635225;1.813;0.098;0.147;1;1243452455
-165.600907;1.7639999;0.098;0.147;1;1243486773
-165.588446;1.7639999;0.098;0.244999984;1;1243499234
-165.571121;1.7149999;0.147;0.147;1;1243516559
-165.553589;1.7639999;0.147;0.196;1;1243534091
-165.538900;1.7639999;0.196;0.196;1;1243548780
-165.527988;1.813;0.147;0.196;1;1243559692
-165.511289;1.7639999;0.098;0.196;1;1243576391
-165.498972;1.7149999;0.098;0.147;1;1243588708
-165.480460;1.7149999;0.098;0.147;1;1243607220
-165.467939;1.7639999;0.147;0.147;1;1243619741
-165.441769;1.7149999;0.147;0.147;1;1243645911
-165.427349;1.813;0.147;0.196;1;1243660331
-165.415136;1.7149999;0.098;0.244999984;1;1243672544
-165.383313;1.813;0.147;0.196;1;1243704367
-165.370999;1.7639999;0.147;0.196;1;1243716681
-165.347274;1.813;0.147;0.147;1;1243740406
-165.336736;1.813;0.098;0.196;1;1243750944
-165.319543;1.7639999;0.147;0.147;1;1243768137
-165.302265;1.7639999;0.147;0.147;1;1243785415
-165.281852;1.7149999;0.147;0.196;1;1243805828
-165.270617;1.7639999;0.098;0.196;1;1243817063
-165.257143;1.7639999;0.147;0.147;1;1243830537
-165.220476;1.7639999;0.147;0.196;1;1243867204
-165.208148;1.7639999;0.147;0.196;1;1243879532
-165.197328;1.813;0.147;0.196;1;1243890352
-165.186560;1.7639999;0.147;0.147;1;1243901120
-165.174948;1.7639999;0.098;0.147;1;1243912732
-165.162119;1.7639999;0.098;0.147;1;1243925561
-165.149284;1.7639999;0.098;0.147;1;1243938396
-165.138198;1.7639999;0.147;0.147;1;1243949482
-165.126406;1.7149999;0.098;0.147;1;1243961274
-165.113255;1.7639999;0.098;0.196;1;1243974425
-165.100261;1.7639999;0.098;0.147;1;1243987419
-165.078475;1.7639999;0.147;0.147;1;1244009205
-165.066936;1.7149999;0.147;0.147;1;1244020744
-165.051934;1.7639999;0.147;0.147;1;1244035746
-165.040836;1.7639999;0.147;0.147;1;1244046844
-165.028427;1.7639999;0.098;0.196;1;1244059253
-164.993143;1.7639999;0.098;0.196;1;1244094537
-164.971607;1.7639999;0.147;0.147;1;1244116073
-164.957118;1.813;0.098;0.147;1;1244130562
-164.946462;1.7639999;0.147;0.196;1;1244141218
-164.933348;1.7149999;0.147;0.147;1;1244154332
-164.922670;1.7639999;0.098;0.147;1;1244165010
-164.907600;1.7639999;0.147;0.147;1;1244180080
-164.896695;1.7639999;0.147;0.196;1;1244190985
-164.883632;1.813;0.147;0.196;1;1244204048
-164.872586;1.7639999;0.147;0.196;1;1244215094
-164.858401;1.7149999;;0.021;0;1244229279
-164.847734;1.7639999;0.147;0.196;1;1244239946
-164.836002;1.7639999;0.098;0.196;1;1244251678
-164.822954;1.7639999;0.147;0.147;1;1244264726
-164.812024;1.7149999;0.147;0.147;1;1244275656
-164.789961;1.813;0.098;0.244999984;1;1244297719
-164.775411;1.7639999;0.147;0.147;1;1244312269
-164.764043;1.7149999;0.147;0.147;1;1244323637
-164.752641;1.813;0.098;0.147;1;1244335039
-164.741741;1.7639999;0.098;0.196;1;1244345939
-164.727666;1.813;0.196;0.196;1;1244360014
-164.716712;1.7639999;0.147;0.244999984;1;1244370968
-164.705307;1.7639999;0.196;0.196;1;1244382373
-164.693346;1.813;0.147;0.147;1;1244394334
-164.679141;1.7639999;0.098;0.196;1;1244408539
-164.666711;1.813;0.098;0.196;1;1244420969
-164.654810;1.813;0.098;0.196;1;1244432870
-164.618143;1.7149999;0.196;0.147;1;1244469537
-164.597285;1.813;0.098;0.244999984;1;1244490395
-164.586487;1.813;0.147;0.196;1;1244501193
-164.546188;1.7149999;0.098;0.147;1;1244541492
-164.524182;1.7639999;0.098;0.147;1;1244563498
-164.499602;1.7639999;0.098;0.147;1;1244588078
-164.488898;1.7149999;0.147;0.196;1;1244598782
-164.475603;1.7639999;0.098;0.147;1;1244612077
-164.464856;1.813;0.147;0.196;1;1244622824
-164.449608;1.7639999;0.098;0.196;1;1244638072
-164.438798;1.7639999;0.098;0.196;1;1244648882
-164.424940;1.7639999;0.147;0.147;1;1244662740
-164.413661;1.7639999;0.098;0.196;1;1244674019
-164.401112;1.7639999;0.098;0.196;1;1244686568
-164.389351;1.7149999;0.196;0.147;1;1244698329
-164.377338;1.7639999;0.147;0.196;1;1244710342
-164.366836;1.813;0.196;0.196;1;1244720844
-164.352214;1.7639999;0.147;0.147;1;1244735466
-164.333659;1.813;0.098;0.196;1;1244754021
-164.322942;1.7639999;0.147;0.147;1;1244764738
-164.306738;1.7149999;0.098;0.147;1;1244780942
-164.295973;1.813;0.147;0.196;1;1244791707
-164.282893;1.813;0.098;0.196;1;1244804787
-164.271377;1.7639999;0.147;0.147;1;1244816303
-164.248973;1.7639999;0.098;0.196;1;1244838707
-164.231931;1.7639999;0.147;0.196;1;1244855749
-164.220273;1.7639999;0.147;0.196;1;1244867407
-164.208424;1.7639999;0.098;0.147;1;1244879256
-164.192488;1.7639999;0.098;0.147;1;1244895192
-164.180138;1.7639999;0.098;0.147;1;1244907542
-164.169793;1.7639999;0.147;0.147;1;1244917887
-164.158637;1.7639999;0.098;0.196;1;1244929043
-164.126105;1.7639999;0.147;0.147;1;1244961575
-164.104240;1.7639999;0.147;0.147;1;1244983440
-164.089420;1.813;0.147;0.196;1;1244998260
-164.078918;1.7639999;0.196;0.147;1;1245008762
-164.066691;1.7639999;0.147;0.147;1;1245020989
-164.055113;1.7149999;0.147;0.147;1;1245032567
-164.040182;1.7639999;0.147;0.147;1;1245047498
-164.027685;1.813;0.098;0.147;1;1245059995
-164.016694;1.7639999;0.098;0.147;1;1245070986
-164.003606;1.7639999;0.147;0.244999984;1;1245084074
-163.978724;1.7149999;0.147;0.196;1;1245108956
-163.965929;1.7639999;0.196;0.196;1;1245121751
-163.954666;1.813;0.196;0.196;1;1245133014
-163.943813;1.813;0.196;0.196;1;1245143867
-163.928249;1.7149999;0.147;0.147;1;1245159431
-163.917768;1.7639999;0.147;0.196;1;1245169912
-163.906573;1.7639999;0.196;0.147;1;1245181107
-163.894010;1.813;0.147;0.196;1;1245193670
-163.871730;1.7149999;0.098;0.196;1;1245215950
-163.846457;1.7639999;0.196;0.196;1;1245241223
-163.835427;1.7639999;0.147;0.147;1;1245252253
-163.812242;1.813;0.147;0.147;1;1245275438
-163.790084;1.7149999;0.196;0.147;1;1245297596
-163.778406;1.7639999;0.098;0.196;1;1245309274
-163.761712;1.7639999;0.147;0.196;1;1245325968
-163.746457;1.813;0.147;0.147;1;1245341223
-163.718993;1.7639999;0.147;0.196;1;1245368687
-163.699931;1.7639999;0.147;0.196;1;1245387749
-163.662713;1.7639999;0.147;0.196;1;1245424967
-163.637471;1.7639999;0.147;0.196;1;1245450209
-163.626650;1.7639999;0.098;0.196;1;1245461030
-163.610018;1.813;0.098;0.196;1;1245477662
-163.589184;1.7639999;0.098;0.147;1;1245498496
-163.577199;1.7639999;0.147;0.147;1;1245510481
-163.566172;1.7639999;0.098;0.147;1;1245521508
-163.548265;1.7639999;0.196;0.196;1;1245539415
-163.536169;1.7149999;0.098;0.244999984;1;1245551511
-163.519796;1.7639999;0.098;0.196;1;1245567884
-163.502882;1.813;0.098;0.147;1;1245584798
-163.489620;1.7639999;0.147;0.098;1;1245598060
-163.477524;1.813;0.147;0.196;1;1245610156
-163.466211;1.813;0.147;0.196;1;1245621469
-163.452954;1.813;0.098;0.196;1;1245634726
-163.437824;1.7149999;0.147;0.196;1;1245649856
-163.426628;1.813;0.098;0.196;1;1245661052
-163.414715;1.7639999;0.147;0.196;1;1245672965
-163.391644;1.7639999;0.098;0.196;1;1245696036
-163.376944;1.7639999;0.147;0.244999984;1;1245710736
-163.364983;1.813;0.147;0.196;1;1245722697
-163.351997;1.7639999;0.098;0.147;1;1245735683
-163.334051;1.7639999;0.147;0.147;1;1245753629
-163.304498;1.7639999;0.098;0.196;1;1245783182
-163.293912;1.7149999;0.147;0.196;1;1245793768
-163.281764;1.813;0.098;0.147;1;1245805916
-163.269061;1.7639999;0.098;0.147;1;1245818619
-163.218467;1.7639999;0.147;0.196;1;1245869213
-163.199072;1.7149999;0.147;0.196;1;1245888608
-163.187510;1.7149999;0.098;0.147;1;1245900170
-163.176622;1.813;0.147;0.196;1;1245911058
-163.165832;1.813;0.196;0.147;1;1245921848
-163.151574;1.7639999;0.147;0.147;1;1245936106
-163.139508;1.813;0.147;0.196;1;1245948172
-163.126764;1.813;0.098;0.147;1;1245960916
-163.115202;1.7149999;0.196;0.147;1;1245972478
-163.101683;1.7639999;0.147;0.196;1;1245985997
-163.079325;1.7639999;0.098;0.147;1;1246008355
-163.067165;1.7149999;0.147;0.147;1;1246020515
-163.054301;1.7639999;0.147;0.196;1;1246033379
-163.043155;1.862;0.098;0.147;1;1246044525
-163.029541;1.813;0.098;0.147;1;1246058139
-163.018851;1.813;0.147;0.196;1;1246068829
-163.006337;1.7639999;0.147;0.147;1;1246081343
-162.991255;1.813;0.196;0.196;1;1246096425
-162.976436;1.7639999;0.098;0.196;1;1246111244
-162.965204;1.7639999;0.098;0.098;1;1246122476
-162.954097;1.813;0.098;0.098;1;1246133583
-162.943066;1.813;0.098;0.196;1;1246144614
-162.930166;1.7639999;0.098;0.147;1;1246157514
-162.918905;1.7149999;0.147;0.147;1;1246168775
-162.903789;1.7149999;0.147;0.196;1;1246183891
-162.881700;1.7639999;0.147;0.147;1;1246205980
-162.869993;1.7639999;0.147;0.147;1;1246217687
-162.853381;1.7639999;0.098;0.147;1;1246234299
-162.820570;1.7149999;0.147;0.147;1;1246267110
-162.805843;1.7639999;0.098;0.196;1;1246281837
-162.794580;1.7639999;0.196;0.147;1;1246293100
-162.779289;1.7639999;0.147;0.098;1;1246308391
-162.768573;1.813;0.147;0.196;1;1246319107
-162.753589;1.7639999;0.049;0.147;1;1246334091
-162.740091;1.7639999;0.098;0.147;1;1246347589
-162.729626;1.813;0.098;0.196;1;1246358054
-162.712792;1.7639999;0.147;0.196;1;1246374888
-162.689453;1.7639999;0.098;0.196;1;1246398227
-162.675907;1.7639999;0.147;0.147;1;1246411773
-162.663050;1.7639999;0.147;0.147;1;1246424630
-162.650279;1.7639999;0.098;0.147;1;1246437401
-162.611626;1.7639999;0.098;0.196;1;1246476054
-162.599627;1.7639999;0.098;0.196;1;1246488053
-162.580179;1.7639999;0.098;0.196;1;1246507501
-162.567686;1.7639999;0.098;0.244999984;1;1246519994
-162.556442;1.813;0.098;0.196;1;1246531238
-162.538813;1.7639999;0.098;0.147;1;1246548867
-162.521736;1.7149999;0.147;0.196;1;1246565944
-162.504334;1.7639999;0.147;0.147;1;1246583346
-162.476219;1.7639999;0.098;0.196;1;1246611461
-162.465850;1.7639999;0.147;0.196;1;1246621830
-162.439012;1.7639999;0.147;0.196;1;1246648668
-162.421317;1.813;0.098;0.196;1;1246666363
-162.408176;1.7639999;0.147;0.196;1;1246679504
-162.391292;1.7639999;0.098;0.196;1;1246696388
-162.345212;1.7639999;0.147;0.147;1;1246742468
-162.331731;1.7639999;0.147;0.098;1;1246755949
-162.307827;1.862;0.098;0.196;1;1246779853
-162.281379;1.813;0.147;0.244999984;1;1246806301
-162.265195;1.862;0.098;0.147;1;1246822485
-162.252237;1.813;0.147;0.147;1;1246835443
-162.218509;1.7639999;0.098;0.147;1;1246869171
-162.201815;1.7639999;0.147;0.147;1;1246885865
-162.171015;1.7639999;0.147;0.147;1;1246916665
-162.151678;1.7149999;0.147;0.147;1;1246936002
-162.138870;1.813;0.098;0.147;1;1246948810
-162.110215;1.7639999;0.147;0.196;1;1246977465
-162.092867;1.813;0.098;0.196;1;1246994813
-162.078435;1.813;0.049;0.196;1;1247009245
-162.067893;1.7639999;0.098;0.147;0;1247019787
-162.055588;1.7639999;0.098;0.196;2;1247032092
-162.044930;1.7639999;0.147;0.196;1;1247042750
-162.032176;1.7149999;0.147;0.196;1;1247055504
-162.021478;1.7639999;0.098;0.147;1;1247066202
-162.008613;1.7149999;0.147;0.147;1;1247079067
-161.997224;1.7639999;0.147;0.196;1;1247090456
-161.983986;1.7639999;0.147;0.147;1;1247103694
-161.960069;1.7639999;0.147;0.196;1;1247127611
-161.945360;1.7639999;0.098;0.244999984;1;1247142320
-161.929695;1.7639999;0.098;0.196;1;1247157985
-161.916548;1.7639999;0.147;0.244999984;1;1247171132
-161.901257;1.813;0.098;0.147;1;1247186423
-161.862107;1.7639999;0.098;0.196;1;1247225573
-161.845625;1.813;0.147;0.147;1;1247242055
-161.833593;1.7639999;0.147;0.147;1;1247254087
-161.811148;1.7639999;0.147;0.196;1;1247276532
-161.799141;1.7639999;0.098;0.147;1;1247288539
-161.785666;1.7639999;0.196;0.196;1;1247302014
-161.774325;1.813;0.098;0.147;1;1247313355
-161.763255;1.7639999;0.098;0.196;1;1247324425
-161.747266;1.7639999;0.098;0.196;1;1247340414
-161.737005;1.813;0.147;0.147;1;1247350675
-161.711673;1.7149999;0.147;0.196;1;1247376007
-161.697848;1.7639999;0.147;0.147;1;1247389832
-161.685192;1.7149999;0.196;0.196;1;1247402488
-161.672745;1.7639999;0.147;0.196;1;1247414935
-161.661460;1.7149999;0.147;0.147;1;1247426220
-161.645719;1.7149999;0.147;0.147;1;1247441961
-161.632200;1.813;0.098;0.196;1;1247455480
-161.597650;1.7149999;0.098;0.196;1;1247490030
-161.586030;1.7639999;0.147;0.196;1;1247501650
-161.571989;1.813;0.049;0.147;1;1247515691
-161.560626;1.7639999;0.147;0.196;1;1247527054
-161.548490;1.7149999;0.147;0.147;1;1247539190
-161.537081;1.7639999;0.098;0.147;1;1247550599
-161.511821;1.7639999;0.147;0.147;1;1247575859
-161.495872;1.7639999;0.147;0.147;1;1247591808
-161.483863;1.813;0.098;0.196;1;1247603817
-161.472288;1.7149999;0.147;0.147;1;1247615392
-161.460622;1.7639999;0.196;0.196;1;1247627058
-161.424779;1.7149999;0.098;0.147;1;1247662901
-161.410066;1.7149999;0.147;0.196;1;1247677614
-161.398459;1.7639999;0.098;0.196;1;1247689221
-161.386063;1.7639999;0.147;0.147;1;1247701617
-161.375099;1.7639999;0.147;0.147;1;1247712581
-161.350021;1.7639999;0.147;0.196;1;1247737659
-161.338803;1.7149999;0.147;0.244999984;1;1247748877
-161.327645;1.7149999;0.147;0.196;1;1247760035
-161.310021;1.7639999;0.098;0.147;1;1247777659
-161.290091;1.666;0.147;0.147;1;1247797589
-161.276205;1.7639999;0.098;0.098;1;1247811475
-161.264825;1.7639999;0.098;0.147;1;1247822855
-161.252239;1.7149999;0.147;0.196;1;1247835441
-161.231764;1.7639999;0.196;0.196;1;1247855916
-161.211173;1.813;0.098;0.147;1;1247876507
-161.197498;1.7149999;0.147;0.196;1;1247890182
-161.186653;1.7149999;0.196;0.196;1;1247901027
-161.171932;1.813;0.098;0.196;1;1247915748
-161.153726;1.813;0.098;0.196;1;1247933954
-161.142925;1.813;0.098;0.196;1;1247944755
-161.130860;1.813;0.147;0.196;1;1247956820
-161.120043;1.813;0.147;0.196;1;1247967637
-161.107766;1.7639999;0.098;0.196;1;1247979914
-161.096956;1.7639999;0.147;0.196;1;1247990724
-161.082089;1.7639999;0.147;0.196;1;1248005591
-161.069733;1.7639999;0.147;0.196;1;1248017947
-161.054606;1.7639999;0.147;0.147;1;1248033074
-161.044025;1.7149999;0.196;0.147;1;1248043655
-161.022893;1.813;0.098;0.147;1;1248064787
-160.987428;1.7639999;0.147;0.244999984;1;1248100252
-160.962548;1.7149999;0.147;0.098;1;1248125132
-160.948480;1.813;0.147;0.196;1;1248139200
-160.934487;1.7639999;0.098;0.147;1;1248153193
-160.923798;1.813;0.147;0.196;1;1248163882
-160.888915;1.7639999;0.147;0.196;1;1248198765
-160.877280;1.813;0.147;0.196;1;1248210400
-160.866263;1.813;0.098;0.244999984;1;1248221417
-160.844053;1.7639999;0.147;0.147;1;1248243627
-160.822853;1.813;0.147;0.196;1;1248264827
-160.807593;1.813;0.098;0.147;1;1248280087
-160.792483;1.7639999;0.147;0.147;1;1248295197
-160.777719;1.7639999;0.147;0.147;1;1248309961
-160.766768;1.7639999;0.147;0.196;1;1248320912
-160.751987;1.813;0.147;0.196;1;1248335693
-160.730404;1.7639999;0.098;0.147;1;1248357276
-160.712897;1.7639999;0.147;0.147;1;1248374783
-160.698043;1.7639999;0.147;0.147;1;1248389637
-160.674550;1.7149999;0.098;0.196;1;1248413130
-160.663964;1.813;0.147;0.147;1;1248423716
-160.647133;1.7639999;0.098;0.196;1;1248440547
-160.632894;1.7639999;0.147;0.196;1;1248454786
-160.610924;1.7639999;0.147;0.244999984;1;1248476756
-160.597266;1.7639999;0.147;0.196;1;1248490414
-160.586032;1.7149999;0.147;0.147;1;1248501648
-160.540435;1.7639999;0.098;0.147;1;1248547245
-160.523210;1.7639999;0.098;0.147;1;1248564470
-160.485689;1.7639999;0.147;0.147;1;1248601991
-160.474639;1.813;0.098;0.147;1;1248613041
-160.462410;1.813;0.147;0.196;1;1248625270
-160.449730;1.7639999;0.147;0.196;1;1248637950
-160.417609;1.7639999;0.147;0.147;1;1248670071
-160.397517;1.7639999;0.147;0.147;1;1248690163
-160.385499;1.7639999;0.147;0.196;1;1248702181
-160.374632;1.7639999;0.098;0.147;1;1248713048
-160.363936;1.813;0.147;0.196;1;1248723744
-160.350265;1.813;0.098;0.196;1;1248737415
-160.339404;1.7639999;0.147;0.196;1;1248748276
-160.320781;1.813;0.098;0.147;1;1248766899
-160.307146;1.7639999;0.098;0.196;1;1248780534
-160.295797;1.7149999;0.147;0.147;1;1248791883
-160.284727;1.7149999;0.147;0.147;1;1248802953
-160.273952;1.7639999;0.098;0.196;1;1248813728
-160.262766;1.7639999;0.147;0.196;1;1248824914
-160.247984;1.7639999;0.147;0.196;1;1248839696
-160.231799;1.7639999;0.147;0.196;1;1248855881
-160.210178;1.7639999;0.098;0.244999984;1;1248877502
-160.196630;1.813;0.147;0.196;1;1248891050
-160.184102;1.7639999;0.147;0.196;1;1248903578
-160.173247;1.7639999;0.196;0.196;1;1248914433
-160.162548;1.7149999;0.147;0.147;1;1248925132
-160.146951;1.7639999;0.098;0.098;1;1248940729
-160.135196;1.7639999;0.098;0.196;1;1248952484
-160.077528;1.7639999;0.147;0.196;1;1249010152
-160.066598;1.7639999;0.147;0.196;1;1249021082
-160.050187;1.7639999;0.147;0.196;1;1249037493
-160.039889;1.7639999;0.147;0.147;1;1249047791
-160.028667;1.7639999;0.098;0.147;1;1249059013
-160.000844;1.7639999;0.147;0.196;1;1249086836
-159.987542;1.7639999;0.098;0.147;1;1249100138
-159.976625;1.813;0.098;0.196;1;1249111055
-159.965897;1.7639999;0.147;0.196;1;1249121783
-159.949779;1.7639999;0.098;0.147;1;1249137901
-159.938826;1.7639999;0.147;0.196;1;1249148854
-159.921871;1.7149999;0.147;0.196;1;1249165809
-159.901261;1.7639999;0.147;0.147;1;1249186419
-159.884720;1.7149999;0.147;0.196;1;1249202960
-159.871070;1.7639999;0.196;0.196;1;1249216610
-159.860785;1.7639999;0.147;0.196;1;1249226895
-159.848689;1.7639999;0.147;0.196;1;1249238991
-159.832916;1.813;0.147;0.147;1;1249254764
-159.819301;1.7639999;0.098;0.196;1;1249268379
-159.802905;1.7639999;0.098;0.196;1;1249284775
-159.779125;1.7639999;0.098;0.196;1;1249308555
-159.767642;1.813;0.098;0.196;1;1249320038
-159.755693;1.813;0.098;0.147;1;1249331987
-159.744896;1.7639999;0.098;0.147;1;1249342784
-159.732936;1.7149999;0.147;0.196;1;1249354744
-159.708805;1.7639999;0.147;0.196;1;1249378875
-159.677863;1.813;0.098;0.147;1;1249409817
-159.657157;1.813;0.098;0.147;1;1249430523
-159.645559;1.7639999;0.098;0.196;1;1249442121
-159.622895;1.7639999;0.098;0.196;1;1249464785
-159.611950;1.813;0.098;0.196;1;1249475730
-159.582213;1.7639999;0.147;0.196;1;1249505467
-159.571438;1.7639999;0.196;0.147;1;1249516242
-159.548736;1.7639999;0.147;0.196;1;1249538944
-159.530916;1.7149999;0.147;0.147;1;1249556764
-159.511262;1.7149999;0.147;0.196;1;1249576418
-159.499187;1.666;0.196;0.244999984;1;1249588493
-159.485143;1.813;0.098;0.147;1;1249602537
-159.472882;1.813;0.147;0.196;1;1249614798
-159.461723;1.7639999;0.147;0.147;1;1249625957
-159.444954;1.666;0.147;0.196;1;1249642726
-159.429725;1.7639999;0.147;0.196;1;1249657955
-159.411726;1.7149999;0.147;0.147;1;1249675954
-159.399381;1.7639999;0.147;0.196;1;1249688299
-159.387033;1.813;0.147;0.244999984;1;1249700647
-159.375096;1.7149999;0.147;0.196;1;1249712584
-159.362182;1.7639999;0.147;0.147;1;1249725498
-159.347775;1.7639999;0.196;0.196;1;1249739905
-159.336704;1.7639999;0.147;0.196;1;1249750976
-159.303864;1.7149999;0.147;0.147;1;1249783816
-159.278006;1.7149999;0.147;0.147;1;1249809674
-159.267016;1.7639999;0.147;0.147;1;1249820664
-159.251154;1.7149999;0.147;0.147;1;1249836526
-159.211052;1.7639999;0.098;0.196;1;1249876628
-159.199455;1.7639999;0.147;0.196;1;1249888225
-159.188734;1.7639999;0.147;0.196;1;1249898946
-159.177896;1.7639999;0.147;0.196;1;1249909784
-159.166505;1.7639999;0.098;0.196;1;1249921175
-159.140514;1.7149999;0.147;0.244999984;1;1249947166
-159.129974;1.7639999;0.098;0.196;1;1249957706
-159.116648;1.7639999;0.147;0.147;1;1249971032
-159.105718;1.7639999;0.147;0.196;1;1249981962
-159.094895;1.7639999;0.098;0.244999984;1;1249992785
-159.083602;1.7149999;0.196;0.196;1;1250004078
-159.072733;1.7639999;0.147;0.196;1;1250014947
-159.047594;1.7639999;0.147;0.147;1;1250040086
-159.036840;1.7639999;0.098;0.196;1;1250050840
-159.013278;1.7639999;0.147;0.196;1;1250074402
-159.002994;1.813;0.147;0.196;1;1250084686
-158.977932;1.7149999;0.147;0.147;1;1250109748
-158.966802;1.7639999;0.147;0.196;1;1250120878
-158.952589;1.813;0.098;0.147;1;1250135091
-158.911611;1.7639999;0.098;0.244999984;1;1250176069
-158.898963;1.813;0.098;0.147;1;1250188717
-158.887563;1.813;0.147;0.147;1;1250200117
-158.874441;1.7639999;0.147;0.196;1;1250213239
-158.863123;1.7639999;0.147;0.147;1;1250224557
-158.820587;1.7639999;0.098;0.196;1;1250267093
-158.805712;1.7149999;0.098;0.196;1;1250281968
-158.793996;1.7149999;0.196;0.147;1;1250293684
-158.781222;1.7639999;0.147;0.196;1;1250306458
-158.764087;1.7639999;0.147;0.147;1;1250323593
-158.751015;1.7639999;0.098;0.147;1;1250336665
-158.732043;1.7639999;0.147;0.098;1;1250355637
-158.720337;1.7149999;0.147;0.147;1;1250367343
-158.704928;1.7149999;0.147;0.147;1;1250382752
-158.693960;1.7639999;0.098;0.147;1;1250393720
-158.679219;1.7639999;0.147;0.196;1;1250408461
-158.668728;1.813;0.147;0.196;1;1250418952
-158.654744;1.7639999;0.098;0.147;1;1250432936
-158.643774;1.7149999;0.147;0.196;1;1250443906
-158.631772;1.7149999;0.196;0.196;1;1250455908
-158.619522;1.7639999;0.147;0.244999984;1;1250468158
-158.608004;1.7639999;0.147;0.196;1;1250479676
-158.589917;1.7149999;0.098;0.196;1;1250497763
-158.577781;1.7639999;0.098;0.147;1;1250509899
-158.566832;1.7639999;0.147;0.147;1;1250520848
-158.552559;1.813;0.098;0.147;1;1250535121
-158.533562;1.7639999;0.098;0.196;1;1250554118
-158.522160;1.7639999;0.147;0.147;1;1250565520
-158.511471;1.813;0.098;0.147;1;1250576209
-158.491685;1.813;0.147;0.147;1;1250595995
-158.469868;1.7639999;0.147;0.098;1;1250617812
-158.447572;1.7639999;0.196;0.196;1;1250640108
-158.408822;1.7639999;0.147;0.244999984;1;1250678858
-158.394490;1.7639999;0.147;0.196;1;1250693190
-158.377071;1.7639999;0.147;0.196;1;1250710609
-158.365529;1.7639999;0.098;0.147;1;1250722151
-158.353360;1.7639999;0.098;0.147;1;1250734320
-158.342468;1.666;0.147;0.147;1;1250745212
-158.328982;1.7639999;0.196;0.196;1;1250758698
-158.317957;1.813;0.098;0.147;1;1250769723
-158.298985;1.7639999;0.196;0.147;1;1250788695
-158.286788;1.7149999;0.196;0.196;1;1250800892
-158.274484;1.7639999;0.147;0.196;1;1250813196
-158.263721;1.813;0.196;0.147;1;1250823959
-158.250061;1.7149999;0.147;0.196;1;1250837619
-158.231247;1.7639999;0.098;0.147;1;1250856433
-158.220476;1.7639999;0.147;0.196;1;1250867204
-158.209597;1.7639999;0.147;0.147;1;1250878083
-158.196996;1.7639999;0.147;0.147;1;1250890684
-158.185611;1.7639999;0.098;0.147;1;1250902069
-158.173233;1.813;0.147;0.196;1;1250914447
-158.161094;1.7639999;0.147;0.196;1;1250926586
-158.144214;1.813;0.098;0.196;1;1250943466
-158.131042;1.813;0.147;0.147;1;1250956638
-158.102236;1.7639999;0.098;0.196;1;1250985444
-158.078451;1.813;0.098;0.196;1;1251009229
-158.066202;1.7639999;0.098;0.147;1;1251021478
-158.051809;1.7639999;0.147;0.196;1;1251035871
-158.040289;1.7639999;0.098;0.147;1;1251047391
-158.029485;1.7639999;0.098;0.147;1;1251058195
-157.983232;1.7149999;0.147;0.196;1;1251104448
-157.969671;1.7639999;0.147;0.147;1;1251118009
-157.957924;1.7639999;0.147;0.196;1;1251129756
-157.946097;1.813;0.098;0.147;1;1251141583
-157.934917;1.7639999;0.147;0.196;1;1251152763
-157.920308;1.7639999;0.147;0.196;1;1251167372
-157.901772;1.7639999;0.098;0.147;1;1251185908
-157.888644;1.7149999;0.147;0.147;1;1251199036
-157.877362;1.7639999;0.147;0.147;1;1251210318
-157.865020;1.7149999;0.098;0.098;1;1251222660
-157.853658;1.813;0.098;0.147;1;1251234022
-157.842665;1.813;0.147;0.147;1;1251245015
-157.830687;1.7639999;0.147;0.147;1;1251256993
-157.811516;1.7639999;0.098;0.196;1;1251276164
-157.799391;1.7639999;0.196;0.147;1;1251288289
-157.788018;1.7149999;0.147;0.196;1;1251299662
-157.772911;1.7149999;0.098;0.147;1;1251314769
-157.751665;1.7639999;0.098;0.244999984;1;1251336015
-157.736572;1.7639999;0.098;0.196;1;1251351108
-157.714524;1.7639999;0.147;0.196;1;1251373156
-157.703535;1.7639999;0.147;0.147;1;1251384145
-157.687715;1.7639999;0.147;0.147;1;1251399965
-157.675483;1.7639999;0.098;0.147;1;1251412197
-157.664532;1.7639999;0.147;0.147;1;1251423148
-157.653696;1.7639999;0.147;0.244999984;1;1251433984
-157.636200;1.7639999;0.147;0.098;1;1251451480
-157.625924;1.7639999;0.098;0.147;1;1251461756
-157.614985;1.813;0.147;0.147;1;1251472695
-157.601813;1.7149999;0.147;0.196;1;1251485867
-157.588144;1.7639999;0.196;0.147;1;1251499536
-157.543984;1.7639999;0.098;0.196;1;1251543696
-157.530203;1.813;0.098;0.196;1;1251557477
-157.518048;1.7639999;0.098;0.196;1;1251569632
-157.505515;1.7149999;0.098;0.147;1;1251582165
-157.494936;1.7639999;0.098;0.196;1;1251592744
-157.480904;1.7149999;0.147;0.196;1;1251606776
-157.468880;1.7639999;0.147;0.147;1;1251618800
-157.454012;1.7639999;0.147;0.196;1;1251633668
-157.434822;1.813;0.147;0.147;1;1251652858
-157.422598;1.7639999;0.147;0.196;1;1251665082
-157.400364;1.7149999;0.147;0.196;1;1251687316
-157.389221;1.813;0.147;0.147;1;1251698459
-157.378001;1.7639999;0.098;0.196;1;1251709679
-157.366811;1.813;0.098;0.147;1;1251720869
-157.352729;1.7639999;0.098;0.147;1;1251734951
-157.341900;1.813;0.147;0.196;1;1251745780
-157.315127;1.7639999;0.196;0.147;1;1251772553
-157.304579;1.7639999;0.147;0.196;1;1251783101
-157.288276;1.7149999;0.147;0.147;1;1251799404
-157.277266;1.7639999;0.147;0.196;1;1251810414
-157.265557;1.7639999;0.147;0.196;1;1251822123
-157.253011;1.7149999;0.147;0.196;1;1251834669
-157.239295;1.7149999;0.147;0.244999984;1;1251848385
-157.221772;1.7639999;0.098;0.147;1;1251865908
-157.207001;1.7639999;0.147;0.196;1;1251880679
-157.195654;1.7639999;0.147;0.196;1;1251892026
-157.183754;1.7639999;0.147;0.147;1;1251903926
-157.172163;1.7149999;0.147;0.147;1;1251915517
-157.157344;1.7639999;0.147;0.147;1;1251930336
-157.112995;1.7149999;0.147;0.147;1;1251974685
-157.077152;1.7639999;0.098;0.147;1;1252010528
-157.065735;1.7639999;0.147;0.147;1;1252021945
-157.048586;1.7639999;0.098;0.196;1;1252039094
-157.037903;1.7639999;0.098;0.147;1;1252049777
-157.026405;1.7639999;0.147;0.147;1;1252061275
-157.001147;1.7639999;0.098;0.196;1;1252086533
-156.987691;1.7639999;0.147;0.196;1;1252099989
-156.976690;1.7639999;0.147;0.147;1;1252110990
-156.964550;1.7639999;0.147;0.147;1;1252123130
-156.950078;1.7639999;0.147;0.196;1;1252137602
-156.938892;1.7639999;0.147;0.098;1;1252148788
-156.927882;1.7639999;0.098;0.098;1;1252159798
-156.916994;1.7149999;0.196;0.147;1;1252170686
-156.884348;1.7639999;0.147;0.196;1;1252203332
-156.871188;1.7639999;0.147;0.147;1;1252216492
-156.861020;1.7639999;0.147;0.147;1;1252226660
-156.849379;1.7639999;0.147;0.196;1;1252238301
-156.838524;1.7639999;0.147;0.196;1;1252249156
-156.825879;1.7149999;0.147;0.147;1;1252261801
-156.802908;1.7149999;0.147;0.098;1;1252284772
-156.789210;1.7639999;0.147;0.196;1;1252298470
-156.778463;1.7149999;0.147;0.244999984;1;1252309217
-156.765892;1.7639999;0.098;0.147;1;1252321788
-156.754742;1.7639999;0.147;0.196;1;1252332938
-156.741894;1.7639999;0.147;0.147;1;1252345786
-156.722309;1.7639999;0.147;0.196;1;1252365371
-156.711043;1.7639999;0.147;0.196;1;1252376637
-156.666648;1.7149999;0.147;0.147;1;1252421032
-156.650630;1.7639999;0.098;0.147;1;1252437050
-156.631510;1.7639999;0.147;0.196;1;1252456170
-156.612895;1.813;0.147;0.098;1;1252474785
-156.600159;1.813;0.098;0.147;1;1252487521
-156.589906;1.7639999;0.147;0.147;1;1252497774
-156.576634;1.7639999;0.147;0.147;1;1252511046
-156.565932;1.7639999;0.098;0.196;1;1252521748
-156.549035;1.7639999;0.147;0.147;1;1252538645
-156.533420;1.7149999;0.147;0.196;1;1252554260
-156.512925;1.7639999;0.147;0.147;1;1252574755
-156.500757;1.813;0.147;0.147;1;1252586923
-156.489858;1.7639999;0.098;0.244999984;1;1252597822
-156.476906;1.7639999;0.098;0.147;1;1252610774
-156.464389;1.7639999;0.147;0.147;1;1252623291
-156.447983;1.7639999;0.098;0.196;1;1252639697
-156.436779;1.7149999;0.147;0.196;1;1252650901
-156.425966;1.7639999;0.098;0.147;1;1252661714
-156.412574;1.7639999;0.147;0.196;1;1252675106
-156.399647;1.7639999;0.147;0.196;1;1252688033
-156.375321;1.7639999;0.147;0.147;1;1252712359
-156.364752;1.813;0.098;0.147;1;1252722928
-156.341074;1.7149999;0.098;0.196;1;1252746606
-156.329103;1.813;0.098;0.196;1;1252758577
-156.311671;1.666;0.147;0.196;1;1252776009
-156.299271;1.7639999;0.147;0.196;1;1252788409
-156.287665;1.7639999;0.147;0.196;1;1252800015
-156.249970;1.7639999;0.147;0.147;1;1252837710
-156.229004;1.7639999;0.098;0.147;1;1252858676
-156.217415;1.7639999;0.098;0.147;1;1252870265
-156.201039;1.7149999;0.147;0.196;1;1252886641
-156.187278;1.7639999;0.147;0.147;1;1252900402
-156.174615;1.7639999;0.147;0.196;1;1252913065
-156.162557;1.7639999;0.147;0.147;1;1252925123
-156.151608;1.7639999;0.098;0.196;1;1252936072
-156.137530;1.7639999;0.147;0.147;1;1252950150
-156.126132;1.813;0.147;0.147;1;1252961548
-156.115091;1.7639999;0.147;0.196;1;1252972589
-156.102712;1.7639999;0.098;0.196;1;1252984968
-156.088445;1.813;0.098;0.196;1;1252999235
-156.076435;1.7639999;0.147;0.196;1;1253011245
-156.063831;1.7639999;0.147;0.147;1;1253023849
-156.051355;1.7639999;0.196;0.147;1;1253036325
-156.039481;1.813;0.098;0.147;1;1253048199
-156.014683;1.7639999;0.098;0.244999984;1;1253072997
-155.991719;1.7639999;0.147;0.098;1;1253095961
-155.977935;1.7639999;0.098;0.196;1;1253109745
-155.966003;1.7639999;0.196;0.244999984;1;1253121677
-155.952843;1.813;0.098;0.196;1;1253134837
-155.929790;1.7639999;0.147;0.196;1;1253157890
-155.918783;1.7149999;0.196;0.196;1;1253168897
-155.898825;1.7639999;0.098;0.147;1;1253188855
-155.881614;1.7639999;0.098;0.196;1;1253206066
-155.868982;1.7639999;0.147;0.196;1;1253218698
-155.853869;1.7639999;0.098;0.196;1;1253233811
-155.842961;1.7149999;0.196;0.147;1;1253244719
-155.809283;1.7639999;0.098;0.196;1;1253278397
-155.796138;1.7639999;0.098;0.196;1;1253291542
-155.778878;1.7639999;0.196;0.196;1;1253308802
-155.767820;1.7149999;0.147;0.196;1;1253319860
-155.753890;1.813;0.098;0.147;1;1253333790
-155.732903;1.7639999;0.147;0.147;1;1253354777
-155.712890;1.7639999;0.098;0.196;1;1253374790
-155.684685;1.7639999;0.098;0.196;1;1253402995
-155.673596;1.813;0.098;0.196;1;1253414084
-155.662904;1.7639999;0.098;0.147;1;1253424776
-155.648229;1.813;0.147;0.196;1;1253439451
-155.637978;1.7639999;0.147;0.147;1;1253449702
-155.626854;1.7639999;0.049;0.147;1;1253460826
-155.611321;1.7639999;0.147;0.196;1;1253476359
-155.598971;1.813;0.098;0.147;1;1253488709
-155.585368;1.7639999;0.196;0.196;1;1253502312
-155.573170;1.7149999;0.147;0.147;1;1253514510
-155.562494;1.7639999;0.196;0.147;1;1253525186
-155.546314;1.7639999;0.147;0.196;1;1253541366
-155.535738;1.7639999;0.098;0.196;1;1253551942
-155.512833;1.7639999;0.196;0.147;1;1253574847
-155.491618;1.7639999;0.098;0.147;1;1253596062
-155.476716;1.7149999;0.098;0.244999984;1;1253610964
-155.462020;1.7639999;0.147;0.147;1;1253625660
-155.444532;1.7639999;0.098;0.147;1;1253643148
-155.418193;1.7639999;0.147;0.147;1;1253669487
-155.407246;1.7639999;0.147;0.196;1;1253680434
-155.391569;1.7639999;0.147;0.196;1;1253696111
-155.379907;1.7639999;0.147;0.196;1;1253707773
-155.338859;1.7639999;0.098;0.196;1;1253748821
-155.327546;1.7149999;0.147;0.196;1;1253760134
-155.313625;1.7639999;0.098;0.196;1;1253774055
-155.301527;1.813;0.098;0.147;1;1253786153
-155.285962;1.7639999;0.147;0.147;1;1253801718
-155.273707;1.813;0.147;0.196;1;1253813973
-155.262519;1.7639999;0.147;0.196;1;1253825161
-155.251677;1.813;0.147;0.196;1;1253836003
-155.239084;1.7149999;0.147;0.244999984;1;1253848596
-155.227764;1.7639999;0.147;0.147;1;1253859916
-155.216586;1.7639999;0.098;0.147;1;1253871094
-155.204551;1.7639999;0.098;0.147;1;1253883129
-155.192776;1.7639999;0.147;0.147;1;1253894904
-155.180093;1.813;0.147;0.294;1;1253907587
-155.168652;1.7639999;0.147;0.147;1;1253919028
-155.156287;1.7149999;0.098;0.147;1;1253931393
-155.145507;1.813;0.098;0.147;1;1253942173
-155.133974;1.813;0.147;0.147;1;1253953706
-155.122770;1.7639999;0.147;0.098;1;1253964910
-155.111807;1.813;0.098;0.147;1;1253975873
-155.097014;1.7639999;0.098;0.147;1;1253990666
-155.084072;1.813;0.098;0.196;1;1254003608
-155.070343;1.7149999;0.147;0.147;1;1254017337
-155.051484;1.7149999;0.147;0.147;1;1254036196
-155.041012;1.7639999;0.196;0.147;1;1254046668
-155.029473;1.7639999;0.098;0.196;1;1254058207
-155.018621;1.7639999;0.098;0.196;1;1254069059
-155.000438;1.7639999;0.147;0.196;1;1254087242
-154.989721;1.7639999;0.147;0.196;1;1254097959
-154.977042;1.7149999;0.147;0.196;1;1254110638
-154.919763;1.813;0.098;0.196;1;1254167917
-154.887764;1.7639999;0.147;0.196;1;1254199916
-154.876601;1.813;0.098;0.147;1;1254211079
-154.861316;1.7639999;0.098;0.147;1;1254226364
-154.844149;1.7639999;0.147;0.147;1;1254243531
-154.833735;1.666;0.196;0.147;1;1254253945
-154.814163;1.7149999;0.147;0.196;1;1254273517
-154.799864;1.7639999;0.147;0.196;1;1254287816
-154.777191;1.813;0.196;0.196;1;1254310489
-154.761002;1.7639999;0.098;0.196;1;1254326678
-154.737851;1.7639999;0.147;0.147;1;1254349829
-154.722914;1.7639999;0.147;0.196;1;1254364766
-154.708582;1.813;0.098;0.147;1;1254379098
-154.697846;1.7639999;0.098;0.196;1;1254389834
-154.686267;1.813;0.147;0.196;1;1254401413
-154.676011;1.813;0.147;0.196;1;1254411669
-154.664201;1.7639999;0.147;0.196;1;1254423479
-154.652911;1.813;0.147;0.196;1;1254434769
-154.640116;1.7639999;0.147;0.196;1;1254447564
-154.619857;1.7639999;0.147;0.147;1;1254467823
-154.607697;1.7639999;0.098;0.147;1;1254479983
-154.595311;1.7639999;0.147;0.196;1;1254492369
-154.582771;1.7149999;0.196;0.196;1;1254504909
-154.569716;1.7149999;0.147;0.147;1;1254517964
-154.558500;1.813;0.147;0.147;1;1254529180
-154.536808;1.7639999;0.147;0.147;1;1254550872
-154.512912;1.813;0.147;0.147;1;1254574768
-154.473505;1.7639999;0.098;0.147;1;1254614175
-154.447793;1.7639999;0.147;0.244999984;1;1254639887
-154.421804;1.7639999;0.147;0.147;1;1254665876
-154.410545;1.7639999;0.147;0.147;1;1254677135
-154.399101;1.7639999;0.098;0.196;1;1254688579
-154.387852;1.813;0.147;0.196;1;1254699828
-154.376665;1.7639999;0.098;0.147;1;1254711015
-154.365634;1.7639999;0.147;0.147;1;1254722046
-154.350766;1.7149999;0.147;0.147;1;1254736914
-154.339935;1.666;0.196;0.147;1;1254747745
-154.327952;1.7149999;0.098;0.196;1;1254759728
-154.309470;1.813;0.147;0.147;1;1254778210
-154.296303;1.7639999;0.098;0.147;1;1254791377
-154.283901;1.7639999;0.098;0.196;1;1254803779
-154.271879;1.7639999;0.147;0.196;1;1254815801
-154.260383;1.7639999;0.147;0.196;1;1254827297
-154.247977;1.7639999;0.147;0.196;1;1254839703
-154.231735;1.813;0.098;0.147;1;1254855945
-154.219640;1.7639999;0.147;0.147;1;1254868040
-154.203841;1.813;0.147;0.196;1;1254883839
-154.192806;1.7639999;0.098;0.147;1;1254894874
-154.180073;1.7639999;0.196;0.196;1;1254907607
-154.166943;1.7639999;0.098;0.147;1;1254920737
-154.154290;1.813;0.098;0.196;1;1254933390
-154.142551;1.813;0.098;0.244999984;1;1254945129
-154.129646;1.7639999;0.147;0.147;1;1254958034
-154.118741;1.7639999;0.098;0.147;1;1254968939
-154.080529;1.7149999;0.098;0.196;1;1255007151
-154.064221;1.7639999;0.147;0.196;1;1255023459
-154.050257;1.7639999;0.098;0.147;1;1255037423
-154.039928;1.7149999;0.147;0.196;1;1255047752
-154.001284;1.7639999;0.098;0.244999984;1;1255086396
-153.979036;1.7639999;0.098;0.196;1;1255108644
-153.962349;1.7639999;0.098;0.196;1;1255125331
-153.940075;1.7639999;0.098;0.196;1;1255147605
-153.929025;1.7639999;0.098;0.147;1;1255158655
-153.912783;1.813;0.098;0.196;1;1255174897
-153.901764;1.7149999;0.147;0.196;1;1255185916
-153.889626;1.7149999;0.147;0.147;1;1255198054
-153.878890;1.7149999;0.147;0.196;1;1255208790
-153.845787;1.7639999;0.098;0.196;1;1255241893
-153.834970;1.7149999;0.098;0.244999984;1;1255252710
-153.812906;1.7639999;0.098;0.196;1;1255274774
-153.798668;1.7639999;0.147;0.147;1;1255289012
-153.786754;1.7639999;0.147;0.196;1;1255300926
-153.775770;1.813;0.147;0.196;1;1255311910
-153.764853;1.7639999;0.098;0.147;1;1255322827
-153.753236;1.7149999;0.196;0.196;1;1255334444
-153.742480;1.7149999;0.196;0.196;1;1255345200
-153.725829;1.7639999;0.147;0.196;1;1255361851
-153.704467;1.7639999;0.147;0.196;1;1255383213
-153.682039;1.7639999;0.147;0.196;1;1255405641
-153.670774;1.813;0.147;0.244999984;1;1255416906
-153.618056;1.813;0.147;0.098;1;1255469624
-153.593784;1.813;0.098;0.147;1;1255493896
-153.582444;1.7149999;0.147;0.196;1;1255505236
-153.568906;1.813;0.098;0.196;1;1255518774
-153.553133;1.7149999;0.147;0.147;1;1255534547
-153.542731;1.813;0.098;0.196;1;1255544949
-153.527455;1.7639999;0.098;0.196;1;1255560225
-153.516582;1.7639999;0.098;0.147;1;1255571098
-153.499284;1.7639999;0.098;0.147;1;1255588396
-153.488032;1.7639999;0.147;0.196;1;1255599648
-153.474526;1.7639999;0.098;0.196;1;1255613154
-153.463296;1.7639999;0.098;0.147;1;1255624384
-153.444638;1.7149999;0.147;0.196;1;1255643042
-153.432154;1.7639999;0.147;0.147;1;1255655526
-153.420552;1.7639999;0.098;0.196;1;1255667128
-153.409879;1.7639999;0.098;0.196;1;1255677801
-153.392850;1.7639999;0.196;0.196;1;1255694830
-153.378529;1.813;0.098;0.244999984;1;1255709151
-153.367913;1.813;0.098;0.196;1;1255719767
-153.355283;1.7639999;0.147;0.147;1;1255732397
-153.341276;1.7639999;0.147;0.147;1;1255746404
-153.330741;1.7149999;0.147;0.196;1;1255756939
-153.307683;1.7639999;0.147;0.196;1;1255779997
-153.295154;1.813;0.098;0.147;1;1255792526
-153.282419;1.813;0.147;0.196;1;1255805261
-153.268375;1.7639999;0.147;0.147;1;1255819305
-153.257107;1.813;0.098;0.147;1;1255830573
-153.246969;1.813;0.147;0.098;1;1255840711
-153.198474;1.7639999;0.147;0.147;1;1255889206
-153.176262;1.7639999;0.098;0.196;1;1255911418
-153.164870;1.7639999;0.147;0.196;1;1255922810
-153.148939;1.7639999;0.098;0.147;1;1255938741
-153.137894;1.7149999;0.147;0.196;1;1255949786
-153.113714;1.7639999;0.196;0.147;1;1255973966
-153.099637;1.813;0.098;0.147;1;1255988043
-153.087030;1.7149999;0.147;0.147;1;1256000650
-153.072261;1.813;0.098;0.196;1;1256015419
-153.061902;1.813;0.196;0.196;1;1256025778
-153.047530;1.7639999;0.098;0.147;1;1256040150
-153.036956;1.7639999;0.098;0.147;1;1256050724
-153.025218;1.7149999;0.196;0.147;1;1256062462
-153.014786;1.7639999;0.098;0.196;1;1256072894
-153.002953;1.7639999;0.147;0.147;1;1256084727
-152.974937;1.813;0.147;0.196;1;1256112743
-152.961502;1.7639999;0.147;0.196;1;1256126178
-152.950756;1.813;0.098;0.147;1;1256136924
-152.911608;1.813;0.049;0.244999984;1;1256176072
-152.899326;1.7149999;0.098;0.147;1;1256188354
-152.886484;1.7149999;0.147;0.244999984;1;1256201196
-152.872829;1.666;0.098;0.196;1;1256214851
-152.851697;1.7639999;0.147;0.196;1;1256235983
-152.837416;1.7149999;0.147;0.147;1;1256250264
-152.812786;1.7639999;0.196;0.196;1;1256274894
-152.801710;1.813;0.098;0.147;1;1256285970
-152.787880;1.7639999;0.098;0.147;1;1256299800
-152.746634;1.7639999;0.147;0.147;1;1256341046
-152.732703;1.7639999;0.098;0.196;1;1256354977
-152.720129;1.7639999;0.098;0.196;1;1256367551
-152.703809;1.7639999;0.147;0.196;1;1256383871
-152.690251;1.813;0.098;0.196;1;1256397429
-152.679117;1.7639999;0.098;0.147;1;1256408563
-152.667840;1.7639999;0.098;0.196;1;1256419840
-152.648380;1.7639999;0.147;0.147;1;1256439300
-152.637385;1.7149999;0.147;0.147;1;1256450295
-152.610117;1.7639999;0.098;0.196;1;1256477563
-152.598004;1.7149999;0.196;0.147;1;1256489676
-152.586670;1.7149999;0.147;0.196;1;1256501010
-152.575670;1.813;0.049;0.147;1;1256512010
-152.564834;1.7639999;0.098;0.196;1;1256522846
-152.545027;1.666;0.147;0.147;1;1256542653
-152.532776;1.7639999;0.196;0.196;1;1256554904
-152.517887;1.7639999;0.098;0.147;1;1256569793
-152.502472;1.666;0.147;0.196;1;1256585208
-152.479413;1.7639999;0.147;0.196;1;1256608267
-152.468791;1.813;0.098;0.196;1;1256618889
-152.455896;1.813;0.098;0.147;1;1256631784
-152.428449;1.7639999;0.147;0.196;1;1256659231
-152.416428;1.7639999;0.147;0.196;1;1256671252
-152.405597;1.862;0.098;0.147;1;1256682083
-152.394727;1.7639999;0.098;0.196;1;1256692953
-152.371802;1.7639999;0.098;0.196;1;1256715878
-152.319516;1.7149999;0.147;0.147;1;1256768164
-152.303025;1.7639999;0.098;0.196;1;1256784655
-152.280151;1.7639999;0.147;0.196;1;1256807529
-152.268900;1.7639999;0.196;0.244999984;1;1256818780
-152.250595;1.813;0.098;0.147;1;1256837085
-152.239966;1.7639999;0.098;0.196;1;1256847714
-152.221557;1.7639999;0.098;0.147;1;1256866123
-152.203670;1.7639999;0.147;0.147;1;1256884010
-152.183295;1.7639999;0.098;0.147;1;1256904385
-152.171701;1.7639999;0.147;0.196;1;1256915979
-152.160970;1.7639999;0.147;0.196;1;1256926710
-152.145698;1.7639999;0.147;0.196;1;1256941982
-152.135005;1.813;0.147;0.147;1;1256952675
-152.122385;1.7639999;0.147;0.147;1;1256965295
-152.102966;1.7639999;0.147;0.196;1;1256984714
-152.080126;1.813;0.098;0.244999984;1;1257007554
-152.068946;1.7639999;0.147;0.147;1;1257018734
-152.054162;1.813;0.098;0.147;1;1257033518
-152.043821;1.7639999;0.147;0.147;1;1257043859
-152.032134;1.813;0.147;0.196;1;1257055546
-152.021930;1.7639999;0.098;0.147;1;1257065750
-152.007612;1.7639999;0.098;0.196;1;1257080068
-151.996756;1.813;0.098;0.196;1;1257090924
-151.981664;1.813;0.147;0.196;1;1257106016
-151.969908;1.813;0.147;0.196;1;1257117772
-151.936773;1.7639999;0.098;0.196;1;1257150907
-151.910517;1.7639999;0.147;0.196;1;1257177163
-151.899396;1.813;0.147;0.196;1;1257188284
-151.886026;1.7639999;0.098;0.147;1;1257201654
-151.874521;1.7639999;0.147;0.196;1;1257213159
-151.863966;1.7639999;0.098;0.196;1;1257223714
-151.852948;1.7149999;0.196;0.147;1;1257234732
-151.838009;1.813;0.196;0.196;1;1257249671
-151.823126;1.7149999;0.147;0.147;1;1257264554
-151.812718;1.813;0.098;0.196;1;1257274962
-151.800981;1.813;0.098;0.147;1;1257286699
-151.788202;1.7639999;0.098;0.147;1;1257299478
-151.777057;1.813;0.098;0.244999984;1;1257310623
-151.764840;1.7639999;0.147;0.147;1;1257322840
-151.752786;1.7639999;0.147;0.196;1;1257334894
-151.739990;1.7149999;0.196;0.196;1;1257347690
-151.712965;1.7149999;0.196;0.196;1;1257374715
-151.687863;1.813;0.147;0.147;1;1257399817
-151.676274;1.813;0.147;0.147;1;1257411406
-151.665474;1.7639999;0.147;0.196;1;1257422206
-151.652469;1.7639999;0.147;0.147;1;1257435211
-151.611561;1.813;0.147;0.196;1;1257476119
-151.599489;1.813;0.147;0.147;1;1257488191
-151.587023;1.813;0.098;0.196;1;1257500657
-151.574992;1.813;0.147;0.244999984;1;1257512688
-151.562618;1.7639999;0.147;0.196;1;1257525062
-151.546985;1.813;0.098;0.147;1;1257540695
-151.530271;1.7149999;0.147;0.147;1;1257557409
-151.496019;1.813;0.147;0.196;1;1257591661
-151.477478;1.7639999;0.098;0.147;1;1257610202
-151.466447;1.7639999;0.098;0.196;1;1257621233
-151.455019;1.7639999;0.098;0.196;1;1257632661
-151.443876;1.7149999;0.098;0.196;1;1257643804
-151.429442;1.7639999;0.147;0.196;1;1257658238
-151.419003;1.7639999;0.147;0.196;1;1257668677
-151.405109;1.7639999;0.147;0.196;1;1257682571
-151.394689;1.7639999;0.147;0.147;1;1257692991
-151.379610;1.7639999;0.098;0.196;1;1257708070
-151.368034;1.7639999;0.147;0.196;1;1257719646
-151.353706;1.813;0.147;0.147;1;1257733974
-151.333282;1.7639999;0.098;0.147;1;1257754398
-151.321107;1.813;0.098;0.196;1;1257766573
-151.302175;1.7639999;0.098;0.244999984;1;1257785505
-151.290928;1.7639999;0.147;0.196;1;1257796752
-151.276568;1.7639999;0.147;0.147;1;1257811112
-151.265835;1.7639999;0.098;0.147;1;1257821845
-151.248474;1.813;0.098;0.196;1;1257839206
-151.231914;1.7149999;0.196;0.147;1;1257855766
-151.219218;1.7639999;0.147;0.147;1;1257868462
-151.202916;1.7639999;0.147;0.196;1;1257884764
-151.180169;1.7639999;0.147;0.196;1;1257907511
-151.164057;1.7639999;0.147;0.196;1;1257923623
-151.151148;1.7639999;0.196;0.098;1;1257936532
-151.140679;1.7149999;0.147;0.147;1;1257947001
-151.126988;1.7639999;0.098;0.244999984;1;1257960692
-151.115999;1.7639999;0.147;0.147;1;1257971681
-151.077857;1.7639999;0.147;0.196;1;1258009823
-151.065020;1.7639999;0.147;0.244999984;1;1258022660
-151.042344;1.7639999;0.147;0.147;1;1258045336
-151.030226;1.7639999;0.147;0.196;1;1258057454
-151.016436;1.813;0.147;0.196;1;1258071244
-151.002903;1.7149999;0.147;0.196;1;1258084777
-150.982846;1.813;0.098;0.196;1;1258104834
-150.970862;1.7639999;0.147;0.196;1;1258116818
-150.958047;1.7639999;0.147;0.147;1;1258129633
-150.945794;1.813;0.098;0.196;1;1258141886
-150.922900;1.7639999;0.147;0.147;1;1258164780
-150.907332;1.7149999;0.147;0.196;1;1258180348
-150.896230;1.813;0.147;0.196;1;1258191450
-150.885783;1.813;0.147;0.196;1;1258201897
-150.874357;1.7639999;0.098;0.196;1;1258213323
-150.858601;1.7639999;0.147;0.147;1;1258229079
-150.847680;1.813;0.147;0.196;1;1258240000
-150.835584;1.813;0.098;0.244999984;1;1258252096
-150.811850;1.7639999;0.147;0.147;1;1258275830
-150.791133;1.7149999;0.147;0.196;1;1258296547
-150.777174;1.7639999;0.098;0.196;1;1258310506
-150.766064;1.7149999;0.196;0.244999984;1;1258321616
-150.752715;1.7149999;0.196;0.147;1;1258334965
-150.741186;1.7149999;0.147;0.147;1;1258346494
-150.728985;1.7149999;0.147;0.196;1;1258358695
-150.711794;1.7639999;0.098;0.147;1;1258375886
-150.699355;1.813;0.098;0.147;1;1258388325
-150.687343;1.7639999;0.147;0.147;1;1258400337
-150.676096;1.7639999;0.147;0.294;1;1258411584
-150.665159;1.7149999;0.147;0.147;1;1258422521
-150.619663;1.7639999;0.098;0.147;1;1258468017
-150.605533;1.7639999;0.098;0.196;1;1258482147
-150.582362;1.7639999;0.147;0.196;1;1258505318
-150.570634;1.7149999;0.147;0.147;1;1258517046
-150.553703;1.7639999;0.147;0.147;1;1258533977
-150.541781;1.7639999;0.196;0.196;1;1258545899
-150.530912;1.813;0.147;0.147;1;1258556768
-150.512450;1.813;0.147;0.196;1;1258575230
-150.499477;1.813;0.147;0.244999984;1;1258588203
-150.476721;1.7639999;0.098;0.196;1;1258610959
-150.461059;1.7639999;0.098;0.249;1;1258626621
-150.448773;1.7639999;0.098;0.147;1;1258638907
-150.437618;1.7639999;0.147;0.196;1;1258650062
-150.421160;1.813;0.098;0.147;1;1258666520
-150.406697;1.7639999;0.098;0.196;1;1258680983
-150.395727;1.7639999;0.147;0.196;1;1258691953
-150.384645;1.7639999;0.196;0.196;1;1258703035
-150.373687;1.813;0.098;0.147;1;1258713993
-150.346694;1.7639999;0.147;0.196;1;1258740986
-150.335779;1.7639999;0.098;0.147;1;1258751901
-150.318684;1.7149999;0.147;0.147;1;1258768996
-150.305895;1.7639999;0.147;0.196;1;1258781785
-150.282518;1.7639999;0.098;0.147;1;1258805162
-150.261670;1.813;0.098;0.147;1;1258826010
-150.246477;1.7639999;0.098;0.196;1;1258841203
-150.210639;1.813;0.147;0.147;1;1258877041
-150.173879;1.813;0.147;0.147;1;1258913801
-150.162051;1.7149999;0.098;0.196;1;1258925629
-150.130936;1.813;0.098;0.196;1;1258956744
-150.117299;1.7149999;0.098;0.196;1;1258970381
-150.106880;1.7639999;0.098;0.196;1;1258980800
-150.093161;1.7639999;0.147;0.244999984;1;1258994519
-150.081803;1.813;0.098;0.196;1;1259005877
-150.066909;1.7639999;0.147;0.196;1;1259020771
-150.053797;1.7149999;0.147;0.196;1;1259033883
-150.042856;1.813;0.147;0.196;1;1259044824
-150.031531;1.862;0.098;0.147;1;1259056149
-149.987012;1.7149999;0.147;0.196;1;1259100668
-149.971739;1.813;0.098;0.196;1;1259115941
-149.954781;1.7639999;0.147;0.196;1;1259132899
-149.941717;1.813;0.098;0.196;1;1259145963
-149.922919;1.813;0.196;0.147;1;1259164761
-149.910358;1.7639999;0.196;0.147;1;1259177322
-149.899975;1.7639999;0.147;0.196;1;1259187705
-149.884936;1.7639999;0.196;0.196;1;1259202744
-149.873781;1.7639999;0.147;0.147;1;1259213899
-149.862726;1.7639999;0.196;0.147;1;1259224954
-149.851888;1.813;0.098;0.147;1;1259235792
-149.839664;1.7639999;0.147;0.147;1;1259248016
-149.821669;1.7149999;0.147;0.196;1;1259266011
-149.808562;1.7639999;0.147;0.196;1;1259279118
-149.796989;1.7639999;0.147;0.147;1;1259290691
-149.752174;1.7639999;0.098;0.196;1;1259335506
-149.734070;1.7639999;0.147;0.196;1;1259353610
-149.709465;1.813;0.147;0.196;1;1259378215
-149.698145;1.7149999;0.147;0.196;1;1259389535
-149.680714;1.7639999;0.098;0.147;1;1259406966
-149.667867;1.813;0.147;0.196;1;1259419813
-149.656286;1.813;0.098;0.147;1;1259431394
-149.643359;1.7639999;0.098;0.147;1;1259444321
-149.628632;1.7639999;0.098;0.147;1;1259459048
-149.617192;1.813;0.147;0.244999984;1;1259470488
-149.606877;1.7639999;0.147;0.196;1;1259480803
-149.595933;1.7149999;0.147;0.147;1;1259491747
-149.579236;1.7149999;0.147;0.098;1;1259508444
-149.568921;1.7639999;0.147;0.196;1;1259518759
-149.545566;1.7639999;0.147;0.147;1;1259542114
-149.530960;1.7639999;0.147;0.196;1;1259556720
-149.512905;1.7639999;0.098;0.147;1;1259574775
-149.500898;1.7639999;0.098;0.147;1;1259586782
-149.489990;1.7639999;0.147;0.147;1;1259597690
-149.477225;1.7639999;0.147;0.196;1;1259610455
-149.465518;1.7149999;0.147;0.147;1;1259622162
-149.451461;1.7639999;0.098;0.196;1;1259636219
-149.432869;1.7639999;0.147;0.244999984;1;1259654811
-149.403125;1.7639999;0.098;0.147;1;1259684555
-149.392914;1.7639999;0.098;0.196;0;1259694766
-149.380519;1.7639999;0.147;0.098;2;1259707161
-149.369692;1.813;0.098;0.196;1;1259717988
-149.355133;1.7639999;0.098;0.196;1;1259732547
-149.309187;1.7639999;0.147;0.147;1;1259778493
-149.297645;1.813;0.098;0.196;1;1259790035
-149.283847;1.7639999;0.098;0.196;1;1259803833
-149.272946;1.7639999;0.147;0.196;1;1259814734
-149.255806;1.813;0.098;0.244999984;1;1259831874
-149.243428;1.813;0.098;0.147;1;1259844252
-149.232953;1.7149999;0.147;0.147;1;1259854727
-149.207443;1.7639999;0.098;0.147;1;1259880237
-149.195049;1.7639999;0.098;0.196;1;1259892631
-149.183602;1.7639999;0.098;0.196;1;1259904078
-149.172890;1.7639999;0.196;0.147;1;1259914790
-149.159179;1.7639999;0.098;0.196;1;1259928501
-149.148899;1.7639999;0.098;0.196;1;1259938781
-149.134845;1.7149999;0.147;0.196;1;1259952835
-149.108399;1.7639999;0.098;0.196;1;1259979281
-149.097312;1.7639999;0.147;0.196;1;1259990368
-149.084965;1.7639999;0.196;0.196;1;1260002715
-149.073788;1.7639999;0.098;0.147;1;1260013892
-149.060204;1.7149999;0.147;0.147;1;1260027476
-149.049745;1.7639999;0.098;0.196;1;1260037935
-149.037389;1.7639999;0.147;0.147;1;1260050291
-149.021849;1.7149999;0.147;0.147;1;1260065831
-149.009023;1.7639999;0.147;0.196;1;1260078657
-148.996780;1.862;0.147;0.244999984;1;1260090900
-148.984334;1.813;0.147;0.196;1;1260103346
-148.968418;1.7639999;0.147;0.147;1;1260119262
-148.954348;1.7639999;0.147;0.196;1;1260133332
-148.916889;1.813;0.098;0.147;1;1260170791
-148.878507;1.7639999;0.147;0.196;1;1260209173
-148.865301;1.7639999;0.147;0.147;1;1260222379
-148.846703;1.7639999;0.147;0.196;1;1260240977
-148.832116;1.7639999;0.098;0.147;1;1260255564
-148.810586;1.813;0.147;0.147;1;1260277094
-148.799532;1.7639999;0.098;0.196;1;1260288148
-148.776849;1.7639999;0.147;0.147;1;1260310831
-148.760163;1.7639999;0.147;0.196;1;1260327517
-148.749950;1.7639999;0.098;0.196;1;1260337730
-148.732184;1.7639999;0.147;0.147;1;1260355496
-148.721833;1.7639999;0.098;0.196;1;1260365847
-148.710719;1.7639999;0.147;0.196;1;1260376961
-148.680830;1.813;0.098;0.196;1;1260406850
-148.667894;1.7639999;0.098;0.196;1;1260419786
-148.655197;1.7639999;0.098;0.147;1;1260432483
-148.643700;1.813;0.147;0.147;1;1260443980
-148.630970;1.7149999;0.147;0.147;1;1260456710
-148.619750;1.7639999;0.147;0.196;1;1260467930
-148.607662;1.7639999;0.147;0.196;1;1260480018
-148.596929;1.813;0.147;0.147;1;1260490751
-148.582951;1.813;0.098;0.196;1;1260504729
-148.571736;1.7639999;0.196;0.244999984;1;1260515944
-148.558757;1.7639999;0.147;0.147;1;1260528923
-148.542897;1.813;0.147;0.196;1;1260544783
-148.530255;1.7639999;0.147;0.196;1;1260557425
-148.509530;1.7639999;0.098;0.196;1;1260578150
-148.497205;1.7149999;0.098;0.196;1;1260590475
-148.483894;1.7639999;0.147;0.196;1;1260603786
-148.448108;1.7639999;0.147;0.147;1;1260639572
-148.430122;1.813;0.147;0.098;1;1260657558
-148.410612;1.7639999;0.196;0.196;1;1260677068
-148.390371;1.7639999;0.147;0.147;1;1260697309
-148.378413;1.7149999;0.147;0.147;1;1260709267
-148.366534;1.7639999;0.196;0.244999984;1;1260721146
-148.354289;1.7639999;0.147;0.196;1;1260733391
-148.311602;1.7639999;0.147;0.196;1;1260776078
-148.299298;1.7639999;0.098;0.147;1;1260788382
-148.287948;1.7639999;0.196;0.196;1;1260799732
-148.276199;1.7639999;0.147;0.244999984;1;1260811481
-148.264988;1.7639999;0.147;0.147;1;1260822692
-148.250872;1.7149999;0.098;0.147;1;1260836808
-148.231336;1.813;0.147;0.147;1;1260856344
-148.220510;1.7639999;0.147;0.147;1;1260867170
-148.185516;1.7639999;0.098;0.196;1;1260902164
-148.172531;1.7639999;0.147;0.196;1;1260915149
-148.161581;1.7149999;0.147;0.196;1;1260926099
-148.146420;1.7639999;0.098;0.147;1;1260941260
-148.135839;1.7639999;0.147;0.147;1;1260951841
-148.121784;1.813;0.049;0.147;1;1260965896
-148.110869;1.7639999;0.098;0.196;1;1260976811
-148.061970;1.7149999;0.098;0.196;1;1261025710
-148.045506;1.7639999;0.147;0.244999984;1;1261042174
-148.033658;1.7639999;0.147;0.147;1;1261054022
-148.021250;1.7639999;0.147;0.196;1;1261066430
-148.002916;1.7639999;0.147;0.147;1;1261084764
-147.980405;1.7639999;0.147;0.196;1;1261107275
-147.969382;1.7639999;0.147;0.147;1;1261118298
-147.958891;1.7639999;0.147;0.196;1;1261128789
-147.945784;1.7639999;0.147;0.196;1;1261141896
-147.933579;1.7639999;0.147;0.196;1;1261154101
-147.902933;1.7639999;0.147;0.196;1;1261184747
-147.880749;1.7639999;0.147;0.244999984;1;1261206931
-147.868508;1.7639999;0.098;0.196;1;1261219172
-147.853586;1.7149999;0.147;0.147;1;1261234094
-147.842864;1.7149999;0.147;0.196;1;1261244816
-147.829363;1.7149999;0.147;0.147;1;1261258317
-147.815972;1.7639999;0.098;0.098;1;1261271708
-147.796491;1.7639999;0.147;0.147;1;1261291189
-147.769717;1.7639999;0.098;0.196;1;1261317963
-147.747651;1.813;0.147;0.244999984;1;1261340029
-147.722885;1.7639999;0.147;0.196;1;1261364795
-147.707542;1.7149999;0.098;0.147;1;1261380138
-147.692874;1.7639999;0.147;0.196;1;1261394806
-147.680279;1.7149999;0.147;0.147;1;1261407401
-147.648624;1.813;0.098;0.147;1;1261439056
-147.632231;1.7639999;0.196;0.196;1;1261455449
-147.613072;1.7149999;0.147;0.196;1;1261474608
-147.598715;1.7639999;0.147;0.196;1;1261488965
-147.585492;1.7639999;0.098;0.196;1;1261502188
-147.574647;1.7639999;0.098;0.196;1;1261513033
-147.562515;1.7149999;0.147;0.196;1;1261525165
-147.551814;1.7639999;0.098;0.196;1;1261535866
-147.538708;1.7639999;0.098;0.196;1;1261548972
-147.527844;1.813;0.098;0.147;1;1261559836
-147.516606;1.7149999;0.147;0.098;1;1261571074
-147.505049;1.813;0.098;0.196;1;1261582631
-147.489760;1.7149999;0.147;0.147;1;1261597920
-147.477261;1.7639999;0.147;0.196;1;1261610419
-147.465990;1.7639999;0.196;0.244999984;1;1261621690
-147.454633;1.7639999;0.147;0.147;1;1261633047
-147.431649;1.813;0.098;0.147;1;1261656031
-147.417409;1.7639999;0.098;0.196;1;1261670271
-147.380911;1.862;0.147;0.196;1;1261706769
-147.366667;1.7639999;0.147;0.147;1;1261721013
-147.355703;1.7639999;0.147;0.196;1;1261731977
-147.344523;1.7149999;0.098;0.147;1;1261743157
-147.321841;1.7149999;0.147;0.196;1;1261765839
-147.307631;1.7149999;0.196;0.196;1;1261780049
-147.276002;1.813;0.098;0.196;1;1261811678
-147.265645;1.813;0.098;0.196;1;1261822035
-147.253384;1.7639999;0.098;0.147;1;1261834296
-147.241805;1.813;0.098;0.196;1;1261845875
-147.227929;1.7639999;0.098;0.147;1;1261859751
-147.177965;1.813;0.147;0.196;1;1261909715
-147.160958;1.7149999;0.147;0.196;1;1261926722
-147.144081;1.7149999;0.147;0.244999984;1;1261943599
-147.132507;1.7639999;0.147;0.196;1;1261955173
-147.121526;1.7639999;0.147;0.147;1;1261966154
-147.110688;1.7639999;0.196;0.147;1;1261976992
-147.098393;1.7639999;0.147;0.196;1;1261989287
-147.087695;1.7639999;0.147;0.196;1;1261999985
-147.073950;1.813;0.147;0.147;1;1262013730
-147.061356;1.7639999;0.147;0.147;1;1262026324
-147.047836;1.7639999;0.147;0.196;1;1262039844
-147.036742;1.7639999;0.098;0.147;1;1262050938
-147.025798;1.7639999;0.098;0.147;1;1262061882
-147.001612;1.813;0.147;0.147;1;1262086068
-146.988655;1.7149999;0.098;0.196;1;1262099025
-146.976660;1.7639999;0.098;0.147;1;1262111020
-146.963025;1.7639999;0.098;0.196;1;1262124655
-146.943331;1.7639999;0.147;0.196;1;1262144349
-146.929460;1.7149999;0.147;0.147;1;1262158220
-146.918070;1.7639999;0.098;0.147;1;1262169610
-146.901087;1.7149999;0.147;0.196;1;1262186593
-146.875754;1.813;0.147;0.196;1;1262211926
-146.864516;1.7639999;0.147;0.147;1;1262223164
-146.842818;1.813;0.147;0.147;1;1262244862
-146.829531;1.813;0.147;0.196;1;1262258149
-146.818937;1.813;0.098;0.196;1;1262268743
-146.807726;1.813;0.098;0.244999984;1;1262279954
-146.794112;1.7639999;0.147;0.098;1;1262293568
-146.783117;1.7639999;0.098;0.147;1;1262304563
-146.750158;1.7639999;0.147;0.196;1;1262337522
-146.732575;1.7639999;0.147;0.196;1;1262355105
-146.707687;1.7639999;0.147;0.147;1;1262379993
-146.696030;1.813;0.147;0.098;1;1262391650
-146.679967;1.7639999;0.098;0.196;1;1262407713
-146.668113;1.7639999;0.147;0.147;1;1262419567
-146.643786;1.813;0.147;0.147;1;1262443894
-146.632416;1.7639999;0.147;0.147;1;1262455264
-146.620117;1.7149999;0.098;0.196;1;1262467563
-146.608658;1.7639999;0.147;0.196;1;1262479022
-146.597503;1.7639999;0.098;0.196;1;1262490177
-146.583937;1.813;0.098;0.147;1;1262503743
-146.561607;1.813;0.098;0.196;1;1262526073
-146.544807;1.7639999;0.098;0.196;1;1262542873
-146.530054;1.7639999;0.098;0.147;1;1262557626
-146.501175;1.7639999;0.147;0.147;1;1262586505
-146.477637;1.813;0.147;0.147;1;1262610043
-146.466734;1.7639999;0.147;0.196;1;1262620946
-146.440703;1.7639999;0.098;0.147;1;1262646977
-146.410051;1.7639999;0.147;0.196;1;1262677629
-146.399827;1.7639999;0.147;0.244999984;1;1262687853
-146.382882;1.7639999;0.098;0.196;1;1262704798
-146.369715;1.7639999;0.098;0.244999984;1;1262717965
-146.347234;1.7639999;0.147;0.147;1;1262740446
-146.335360;1.7639999;0.098;0.147;1;1262752320
-146.284501;1.813;0.098;0.147;1;1262803179
-146.270479;1.7639999;0.147;0.196;1;1262817201
-146.245850;1.7639999;0.196;0.244999984;1;1262841830
-146.227967;1.7639999;0.147;0.244999984;1;1262859713
-146.216933;1.7639999;0.147;0.196;1;1262870747
-146.201768;1.7639999;0.147;0.196;1;1262885912
-146.185606;1.7639999;0.098;0.147;1;1262902074
-146.173032;1.7639999;0.147;0.147;1;1262914648
-146.161070;1.7639999;0.147;0.244999984;1;1262926610
-146.149784;1.7639999;0.147;0.147;1;1262937896
-146.137769;1.7639999;0.147;0.147;1;1262949911
-146.114810;1.7639999;0.098;0.147;1;1262972870
-146.103649;1.813;0.147;0.196;1;1262984031
-146.088347;1.7149999;0.147;0.196;1;1262999333
-146.077495;1.7639999;0.098;0.196;1;1263010185
-146.065387;1.7639999;0.147;0.147;1;1263022293
-146.054630;1.7639999;0.196;0.147;1;1263033050
-146.042013;1.7149999;0.147;0.098;1;1263045667
-146.028965;1.7149999;0.147;0.147;1;1263058715
-146.014833;1.7639999;0.098;0.147;1;1263072847
-146.001117;1.7639999;0.098;0.196;1;1263086563
-145.988841;1.813;0.098;0.196;1;1263098839
-145.975207;1.7639999;0.098;0.196;1;1263112473
-145.965001;1.7639999;0.147;0.147;1;1263122679
-145.947996;1.7149999;0.098;0.147;1;1263139684
-145.935097;1.7639999;0.147;0.147;1;1263152583
-145.916092;1.7639999;0.147;0.196;1;1263171588
-145.878937;1.813;0.147;0.196;1;1263208743
-145.867576;1.7639999;0.147;0.196;1;1263220104
-145.833451;1.7639999;0.147;0.147;1;1263254229
-145.819609;1.7639999;0.098;0.147;1;1263268071
-145.803278;1.813;0.098;0.147;1;1263284402
-145.781392;1.7639999;0.098;0.196;1;1263306288
-145.769799;1.7149999;0.196;0.196;1;1263317881
-145.758225;1.813;0.147;0.244999984;1;1263329455
-145.747752;1.7639999;0.098;0.196;1;1263339928
-145.732333;1.7639999;0.098;0.196;1;1263355347
-145.718344;1.7639999;0.098;0.196;1;1263369336
-145.705924;1.7639999;0.098;0.244999984;1;1263381756
-145.694196;1.7639999;0.147;0.196;1;1263393484
-145.682115;1.7639999;0.147;0.147;1;1263405565
-145.671134;1.7639999;0.098;0.196;1;1263416546
-145.655181;1.7639999;0.147;0.196;1;1263432499
-145.641270;1.7639999;0.147;0.196;1;1263446410
-145.629123;1.813;0.147;0.196;1;1263458557
-145.618531;1.7639999;0.147;0.147;1;1263469149
-145.597623;1.7639999;0.147;0.147;1;1263490057
-145.585935;1.7639999;0.196;0.147;1;1263501745
-145.573140;1.7639999;0.147;0.147;1;1263514540
-145.562719;1.813;0.147;0.147;1;1263524961
-145.546256;1.7149999;0.147;0.147;1;1263541424
-145.533908;1.7639999;0.147;0.147;1;1263553772
-145.511705;1.813;0.098;0.147;1;1263575975
-145.499762;1.7639999;0.147;0.147;1;1263587918
-145.459540;1.7639999;0.147;0.196;1;1263628140
-145.442884;1.862;0.147;0.147;1;1263644796
-145.427812;1.7639999;0.147;0.196;1;1263659868
-145.416234;1.7149999;0.147;0.196;1;1263671446
-145.400579;1.7149999;0.147;0.196;1;1263687101
-145.381652;1.813;0.098;0.196;1;1263706028
-145.365586;1.813;0.147;0.098;1;1263722094
-145.346968;1.7639999;0.147;0.196;1;1263740712
-145.333546;1.7639999;0.147;0.147;1;1263754134
-145.310136;1.7149999;0.098;0.196;1;1263777544
-145.297975;1.7639999;0.098;0.196;1;1263789705
-145.274866;1.7639999;0.147;0.196;1;1263812814
-145.263763;1.7639999;0.147;0.196;1;1263823917
-145.246354;1.7149999;0.147;0.147;1;1263841326
-145.235918;1.7639999;0.147;0.196;1;1263851762
-145.224810;1.7639999;;0.021;1;1263862870
-145.210089;1.7149999;0.147;0.147;1;1263877591
-145.197526;1.7639999;0.147;0.147;1;1263890154
-145.186392;1.7149999;0.098;0.147;1;1263901288
-145.175180;1.7149999;0.147;0.147;1;1263912500
-145.164010;1.7639999;0.098;0.196;1;1263923670
-145.148364;1.7639999;0.147;0.196;1;1263939316
-145.131146;1.7149999;0.196;0.147;1;1263956534
-145.120663;1.7639999;0.147;0.196;1;1263967017
-145.108024;1.813;0.098;0.196;1;1263979656
-145.097327;1.7639999;0.147;0.147;1;1263990353
-145.085308;1.813;0.147;0.196;1;1264002372
-145.073200;1.7639999;0.147;0.196;1;1264014480
-145.007744;1.7639999;0.147;0.196;1;1264079936
-144.996704;1.7639999;0.147;0.196;1;1264090976
-144.985087;1.7149999;0.147;0.196;1;1264102593
-144.973841;1.7639999;0.147;0.147;1;1264113839
-144.954962;1.7639999;0.147;0.196;1;1264132718
-144.936736;1.7639999;0.147;0.147;1;1264150944
-144.921154;1.7639999;0.098;0.196;1;1264166526
-144.909430;1.7639999;0.098;0.147;1;1264178250
-144.892852;1.7639999;0.147;0.196;1;1264194828
-144.879737;1.813;0.147;0.147;1;1264207943
-144.862867;1.813;0.147;0.196;1;1264224813
-144.847179;1.7639999;0.098;0.147;1;1264240501
-144.833660;1.7639999;0.147;0.147;1;1264254020
-144.809835;1.813;0.098;0.196;1;1264277845
-144.796200;1.7639999;0.147;0.196;1;1264291480
-144.785198;1.7639999;0.098;0.196;1;1264302482
-144.772917;1.813;0.147;0.147;1;1264314763
-144.747015;1.813;0.147;0.196;1;1264340665
-144.733263;1.7149999;0.147;0.196;1;1264354417
-144.721710;1.813;0.147;0.147;1;1264365970
-144.707882;1.7639999;0.098;0.098;1;1264379798
-144.695726;1.813;0.147;0.147;1;1264391954
-144.681215;1.7639999;0.147;0.196;1;1264406465
-144.670256;1.813;0.098;0.196;1;1264417424
-144.657427;1.813;0.098;0.147;1;1264430253
-144.640964;1.7639999;0.098;0.196;1;1264446716
-144.627060;1.7639999;0.147;0.147;1;1264460620
-144.615934;1.7149999;0.147;0.147;1;1264471746
-144.572773;1.7149999;0.147;0.196;1;1264514907
-144.557209;1.7639999;0.098;0.196;1;1264530471
-144.543449;1.7639999;0.098;0.147;1;1264544231
-144.527271;1.7149999;0.147;0.196;1;1264560409
-144.511384;1.7639999;0.147;0.098;1;1264576296
-144.498904;1.7149999;0.147;0.147;1;1264588776
-144.487457;1.7639999;0.147;0.147;1;1264600223
-144.476896;1.7149999;0.147;0.147;1;1264610784
-144.463506;1.7639999;0.147;0.196;1;1264624174
-144.446729;1.7639999;0.147;0.147;1;1264640951
-144.431721;1.7639999;0.147;0.196;1;1264655959
-144.411608;1.7639999;0.147;0.147;1;1264676072
-144.399180;1.813;0.147;0.196;1;1264688500
-144.376473;1.7639999;0.098;0.147;1;1264711207
-144.358234;1.7639999;0.147;0.147;1;1264729446
-144.346106;1.7639999;0.147;0.147;1;1264741574
-144.333634;1.7639999;0.098;0.147;1;1264754046
-144.321695;1.813;0.098;0.196;1;1264765985
-144.310757;1.813;0.147;0.196;1;1264776923
-144.298770;1.7639999;0.098;0.196;1;1264788910
-144.287481;1.7639999;0.098;0.196;1;1264800199
-144.276092;1.7639999;0.147;0.147;1;1264811588
-144.264445;1.7639999;0.147;0.196;1;1264823235
-144.248841;1.7639999;0.147;0.147;1;1264838839
-144.232921;1.7639999;0.098;0.147;1;1264854759
-144.200307;1.7639999;0.098;0.196;1;1264887373
-144.187710;1.7639999;0.098;0.196;1;1264899970
-144.175671;1.813;0.147;0.244999984;1;1264912009
-144.162152;1.862;0.098;0.196;1;1264925528
-144.125865;1.813;0.098;0.147;1;1264961815
-144.114428;1.7639999;0.147;0.196;1;1264973252
-144.087983;1.7639999;0.098;0.147;1;1264999697
-144.076173;1.813;0.098;0.147;1;1265011507
-144.059324;1.7639999;0.147;0.196;1;1265028356
-144.048304;1.7639999;0.098;0.196;1;1265039376
-144.037064;1.7639999;0.147;0.147;1;1265050616
-144.026042;1.7639999;0.147;0.147;1;1265061638
-144.014990;1.7639999;0.098;0.196;1;1265072690
-143.991758;1.7639999;0.098;0.196;1;1265095922
-143.977399;1.7639999;0.147;0.196;1;1265110281
-143.965689;1.7149999;0.147;0.196;1;1265121991
-143.949825;1.7639999;0.147;0.196;1;1265137855
-143.911661;1.7639999;0.147;0.196;1;1265176019
-143.898670;1.7149999;0.196;0.196;1;1265189010
-143.887287;1.7639999;0.147;0.098;1;1265200393
-143.874906;1.7639999;0.147;0.196;1;1265212774
-143.863194;1.813;0.147;0.196;1;1265224486
-143.847876;1.7639999;0.147;0.147;1;1265239804
-143.819061;1.7639999;0.196;0.196;1;1265268619
-143.802354;1.7639999;0.098;0.098;1;1265285326
-143.782873;1.7639999;0.147;0.147;1;1265304807
-143.768979;1.7149999;0.147;0.147;1;1265318701
-143.753454;1.7639999;0.147;0.147;1;1265334226
-143.741337;1.7639999;0.147;0.196;1;1265346343
-143.708476;1.7639999;0.147;0.196;1;1265379204
-143.694324;1.813;0.147;0.196;1;1265393356
-143.676508;1.7639999;0.147;0.147;1;1265411172
-143.665584;1.7639999;0.147;0.244999984;1;1265422096
-143.652470;1.7639999;0.147;0.147;1;1265435210
-143.638415;1.7639999;0.196;0.196;1;1265449265
-143.627926;1.7149999;0.147;0.147;1;1265459754
-143.613797;1.7639999;0.147;0.147;1;1265473883
-143.602723;1.7149999;0.147;0.196;1;1265484957
-143.589365;1.7639999;0.147;0.196;1;1265498315
-143.577767;1.813;0.098;0.147;1;1265509913
-143.566541;1.7639999;0.147;0.196;1;1265521139
-143.554733;1.813;0.147;0.196;1;1265532947
-143.541307;1.7149999;0.147;0.147;1;1265546373
-143.530869;1.7639999;0.147;0.196;1;1265556811
-143.517516;1.7639999;0.147;0.196;1;1265570164
-143.501790;1.7639999;0.147;0.196;1;1265585890
-143.486800;1.7639999;0.147;0.196;1;1265600880
-143.474802;1.7639999;0.098;0.196;1;1265612878
-143.462424;1.813;0.147;0.196;1;1265625256
-143.451650;1.7639999;0.147;0.196;1;1265636030
-143.437664;1.7639999;0.147;0.147;1;1265650016
-143.426579;1.7639999;0.147;0.196;1;1265661101
-143.410527;1.7639999;0.098;0.244999984;1;1265677153
-143.391320;1.7149999;0.147;0.196;1;1265696360
-143.375183;1.7639999;0.147;0.147;1;1265712497
-143.358990;1.813;0.196;0.147;1;1265728690
-143.342560;1.7639999;0.147;0.196;1;1265745120
-143.311701;1.7639999;0.147;0.147;1;1265775979
-143.299684;1.7639999;0.098;0.196;1;1265787996
-143.281705;1.7149999;0.147;0.147;1;1265805975
-143.243113;1.7639999;0.098;0.147;1;1265844567
-143.215934;1.7639999;0.147;0.196;1;1265871746
-143.192864;1.7639999;0.098;0.147;1;1265894816
-143.181169;1.7639999;0.147;0.098;1;1265906511
-143.169384;1.7639999;0.196;0.147;1;1265918296
-143.158361;1.813;0.147;0.147;1;1265929319
-143.147788;1.7639999;0.098;0.196;1;1265939892
-143.130868;1.7639999;0.098;0.147;1;1265956812
-143.119473;1.7639999;0.147;0.196;1;1265968207
-143.105825;1.7639999;0.098;0.147;1;1265981855
-143.094684;1.7639999;0.098;0.196;1;1265992996
-143.082385;1.7639999;0.147;0.196;1;1266005295
-143.071831;1.7639999;0.147;0.244999984;1;1266015849
-143.039858;1.7149999;0.098;0.196;1;1266047822
-143.021939;1.7149999;0.147;0.196;1;1266065741
-143.010160;1.813;0.098;0.147;1;1266077520
-142.991052;1.813;0.098;0.147;1;1266096628
-142.977620;1.7149999;0.196;0.196;1;1266110060
-142.966817;1.7639999;0.098;0.147;1;1266120863
-142.953551;1.7639999;0.147;0.244999984;1;1266134129
-142.941219;1.7639999;0.147;0.196;1;1266146461
-142.930370;1.7639999;0.147;0.196;1;1266157310
-142.912332;1.7639999;0.147;0.147;1;1266175348
-142.899048;1.7149999;0.147;0.196;1;1266188632
-142.887674;1.7639999;0.147;0.196;1;1266200006
-142.876229;1.7149999;0.147;0.196;1;1266211451
-142.865344;1.7639999;0.098;0.196;1;1266222336
-142.829766;1.7639999;0.098;0.196;1;1266257914
-142.809706;1.813;0.147;0.147;1;1266277974
-142.798397;1.862;0.098;0.147;1;1266289283
-142.787368;1.7639999;0.196;0.196;1;1266300312
-142.776644;1.7639999;0.147;0.147;1;1266311036
-142.761474;1.7639999;0.098;0.196;1;1266326206
-142.750835;1.7639999;0.098;0.147;1;1266336845
-142.739576;1.7149999;0.147;0.196;1;1266348104
-142.722883;1.813;0.147;0.196;1;1266364797
-142.708898;1.7639999;0.147;0.244999984;1;1266378782
-142.696137;1.7639999;0.147;0.147;1;1266391543
-142.684864;1.7639999;0.196;0.196;1;1266402816
-142.673883;1.7639999;0.147;0.147;1;1266413797
-142.659012;1.813;0.147;0.147;1;1266428668
-142.647678;1.7149999;0.147;0.196;1;1266440002
-142.622801;1.7639999;0.098;0.196;1;1266464879
-142.610266;1.7639999;0.147;0.196;1;1266477414
-142.596738;1.7639999;0.147;0.147;1;1266490942
-142.580410;1.7639999;0.147;0.196;1;1266507270
-142.569846;1.7639999;0.147;0.147;1;1266517834
-142.555831;1.7149999;0.147;0.196;1;1266531849
-142.531943;1.7149999;0.147;0.196;1;1266555737
-142.499829;1.7639999;0.098;0.147;1;1266587851
-142.475135;1.7149999;0.147;0.196;1;1266612545
-142.463953;1.813;0.098;0.147;1;1266623727
-142.448215;1.813;0.098;0.098;1;1266639465
-142.437236;1.813;0.098;0.196;1;1266650444
-142.421836;1.7639999;0.098;0.147;1;1266665844
-142.352178;1.7639999;0.098;0.147;1;1266735502
-142.328613;1.7639999;0.147;0.196;1;1266759067
-142.306648;1.7639999;0.147;0.147;1;1266781032
-142.291501;1.7639999;0.098;0.147;1;1266796179
-142.275252;1.7639999;0.098;0.196;1;1266812428
-142.263291;1.7639999;0.147;0.196;1;1266824389
-142.246328;1.7149999;0.147;0.147;1;1266841352
-142.221556;1.813;0.098;0.196;1;1266866124
-142.207672;1.7639999;0.098;0.196;1;1266880008
-142.191303;1.7149999;0.098;0.147;1;1266896377
-142.174794;1.7639999;0.098;0.196;1;1266912886
-142.160755;1.7639999;0.147;0.196;1;1266926925
-142.149993;1.7149999;0.196;0.147;1;1266937687
-142.137840;1.7149999;0.098;0.196;1;1266949840
-142.126825;1.7639999;0.098;0.196;1;1266960855
-142.110811;1.7639999;0.098;0.147;1;1266976869
-142.100021;1.813;0.098;0.196;1;1266987659
-142.087159;1.7639999;0.147;0.147;1;1267000521
-142.074675;1.7639999;0.147;0.147;1;1267013005
-142.048977;1.813;0.098;0.147;1;1267038703
-142.036488;1.813;0.098;0.196;1;1267051192
-142.025255;1.7149999;0.147;0.196;1;1267062425
-142.012121;1.7639999;0.098;0.147;1;1267075559
-141.991333;1.7639999;0.098;0.196;1;1267096347
-141.977941;1.7639999;0.147;0.196;1;1267109739
-141.963983;1.7639999;0.098;0.196;1;1267123697
-141.952360;1.7149999;0.147;0.196;1;1267135320
-141.939715;1.7639999;0.147;0.196;1;1267147965
-141.927611;1.7639999;0.147;0.147;1;1267160069
-141.916709;1.7639999;0.196;0.196;1;1267170971
-141.879798;1.7149999;0.098;0.196;1;1267207882
-141.861787;1.813;0.098;0.147;1;1267225893
-141.850813;1.7639999;0.196;0.147;1;1267236867
-141.836839;1.7639999;0.098;0.147;1;1267250841
-141.812891;1.7639999;0.147;0.196;1;1267274789
-141.799061;1.7639999;0.147;0.147;1;1267288619
-141.787251;1.7149999;0.098;0.196;1;1267300429
-141.776811;1.7639999;0.098;0.147;1;1267310869
-141.764673;1.7149999;0.147;0.147;1;1267323007
-141.749964;1.7149999;0.147;0.147;1;1267337716
-141.732875;1.813;0.098;0.196;1;1267354805
-141.709235;1.7639999;0.098;0.147;1;1267378445
-141.696989;1.7149999;0.147;0.147;1;1267390691
-141.685202;1.7149999;0.147;0.196;1;1267402478
-141.674551;1.7639999;0.147;0.147;1;1267413129
-141.662506;1.7639999;0.147;0.147;1;1267425174
-141.646854;1.7149999;0.098;0.147;1;1267440826
-141.621823;1.7149999;0.098;0.196;1;1267465857
-141.606966;1.7639999;0.098;0.196;1;1267480714
-141.590116;1.7149999;0.147;0.147;1;1267497564
-141.576967;1.813;0.098;0.098;1;1267510713
-141.565547;1.813;0.098;0.147;1;1267522133
-141.552541;1.7639999;0.098;0.147;1;1267535139
-141.541842;1.7639999;0.147;0.147;1;1267545838
-141.529371;1.7149999;0.147;0.196;1;1267558309
-141.511765;1.813;0.098;0.196;1;1267575915
-141.497038;1.7639999;0.147;0.147;1;1267590642
-141.485434;1.7639999;0.147;0.244999984;1;1267602246
-141.437727;1.813;0.098;0.147;1;1267649953
-141.411918;1.7149999;0.147;0.147;1;1267675762
-141.398422;1.813;0.147;0.147;1;1267689258
-141.387557;1.7639999;0.147;0.196;1;1267700123
-141.375891;1.862;0.098;0.196;1;1267711789
-141.364942;1.862;0.098;0.147;1;1267722738
-141.350623;1.813;0.147;0.196;1;1267737057
-141.339996;1.7639999;0.098;0.147;1;1267747684
-141.320040;1.7639999;0.098;0.147;1;1267767640
-141.302902;1.7149999;0.147;0.147;1;1267784778
-141.288335;1.7639999;0.196;0.196;1;1267799345
-141.277694;1.813;0.147;0.196;1;1267809986
-141.266776;1.7639999;0.147;0.196;1;1267820904
-141.255908;1.7149999;0.147;0.196;1;1267831772
-141.244834;1.7639999;0.098;0.147;1;1267842846
-141.232210;1.7639999;0.147;0.196;1;1267855470
-141.221842;1.7639999;0.196;0.147;1;1267865838
-141.187391;1.7639999;0.147;0.147;1;1267900289
-141.176360;1.7639999;0.196;0.196;1;1267911320
-141.165656;1.7639999;0.147;0.196;1;1267922024
-141.153274;1.7639999;0.147;0.147;1;1267934406
-141.142302;1.813;0.098;0.147;1;1267945378
-141.131581;1.7639999;0.098;0.196;1;1267956099
-141.120383;1.7639999;0.147;0.196;1;1267967297
-141.109665;1.813;0.098;0.196;1;1267978015
-141.096726;1.7149999;0.196;0.147;1;1267990954
-141.084124;1.7639999;0.098;0.196;1;1268003556
-141.045646;1.7149999;0.098;0.147;1;1268042034
-141.032789;1.7639999;0.147;0.147;1;1268054891
-141.009671;1.7639999;0.098;0.147;1;1268078009
-140.995935;1.7639999;0.098;0.147;1;1268091745
-140.984496;1.813;0.098;0.196;1;1268103184
-140.970178;1.813;0.098;0.196;1;1268117502
-140.952365;1.7149999;0.147;0.147;1;1268135315
-140.941860;1.813;0.147;0.147;1;1268145820
-140.915079;1.7639999;0.196;0.196;1;1268172601
-140.897102;1.7639999;0.147;0.147;1;1268190578
-140.886661;1.7639999;0.147;0.196;1;1268201019
-140.871735;1.813;0.147;0.196;1;1268215945
-140.860531;1.7149999;0.196;0.147;1;1268227149
-140.847644;1.813;0.098;0.147;1;1268240036
-140.833605;1.813;0.147;0.147;1;1268254075
-140.811979;1.7639999;0.147;0.196;1;1268275701
-140.799212;1.7149999;0.098;0.196;1;1268288468
-140.788115;1.7639999;0.147;0.147;1;1268299565
-140.775873;1.7639999;0.147;0.147;1;1268311807
-140.764003;1.7639999;0.147;0.244999984;1;1268323677
-140.748245;1.813;0.098;0.196;1;1268339435
-140.731714;1.813;0.147;0.196;1;1268355966
-140.719103;1.813;0.098;0.147;1;1268368577
-140.708274;1.7639999;0.147;0.196;1;1268379406
-140.697122;1.7149999;0.196;0.196;1;1268390558
-140.686064;1.813;0.147;0.147;1;1268401616
-140.675333;1.7149999;0.098;0.196;1;1268412347
-140.664215;1.7639999;0.147;0.147;1;1268423465
-140.648224;1.7639999;0.147;0.196;1;1268439456
-140.631794;1.7639999;0.098;0.147;1;1268455886
-140.595873;1.7639999;0.098;0.196;1;1268491807
-140.579675;1.813;0.147;0.147;1;1268508005
-140.549620;1.813;0.049;0.147;1;1268538060
-140.536388;1.813;0.098;0.147;1;1268551292
-140.520182;1.813;0.098;0.196;1;1268567498
-140.508654;1.7639999;0.147;0.196;1;1268579026
-140.494048;1.813;0.098;0.147;1;1268593632
-140.482735;1.7639999;0.098;0.244999984;1;1268604945
-140.471786;1.7639999;0.147;0.196;1;1268615894
-140.453609;1.7639999;0.147;0.196;1;1268634071
-140.441277;1.7639999;0.147;0.147;1;1268646403
-140.430653;1.7639999;0.147;0.196;1;1268657027
-140.408875;1.7639999;0.196;0.147;1;1268678805
-140.391607;1.7639999;0.098;0.147;1;1268696073
-140.377675;1.7639999;0.147;0.147;1;1268710005
-140.351729;1.7639999;0.147;0.147;1;1268735951
-140.335101;1.7639999;0.147;0.196;1;1268752579
-140.318384;1.7149999;0.147;0.196;1;1268769296
-140.305416;1.7639999;0.147;0.196;1;1268782264
-140.293609;1.7639999;0.098;0.196;1;1268794071
-140.281197;1.7639999;0.098;0.196;1;1268806483
-140.263480;1.7149999;0.147;0.196;1;1268824200
-140.242823;1.7639999;0.098;0.147;1;1268844857
-140.214149;1.7639999;0.147;0.147;1;1268873531
-140.191244;1.7639999;0.147;0.196;1;1268896436
-140.177899;1.813;0.098;0.196;1;1268909781
-140.162821;1.7639999;0.098;0.196;1;1268924859
-140.148773;1.813;0.098;0.196;1;1268938907
-140.132810;1.7639999;0.147;0.196;1;1268954870
-140.078620;1.7639999;0.147;0.196;1;1269009060
-140.067137;1.7639999;0.098;0.098;1;1269020543
-140.051043;1.7149999;0.147;0.196;1;1269036637
-140.039717;1.7639999;0.098;0.196;1;1269047963
-140.027980;1.7639999;0.147;0.196;1;1269059700
-140.011723;1.7639999;0.147;0.147;1;1269075957
-139.998185;1.813;0.049;0.196;1;1269089495
-139.986961;1.7639999;0.098;0.147;1;1269100719
-139.974060;1.7639999;0.147;0.147;1;1269113620
-139.962695;1.7639999;0.147;0.147;1;1269124985
-139.950566;1.7639999;0.147;0.196;1;1269137114
-139.939563;1.7149999;0.147;0.196;1;1269148117
-139.927600;1.7639999;0.147;0.147;1;1269160080
-139.912445;1.7149999;0.098;0.147;1;1269175235
-139.901575;1.7639999;0.098;0.147;1;1269186105
-139.877117;1.7639999;0.196;0.196;1;1269210563
-139.866026;1.7639999;0.147;0.196;1;1269221654
-139.852496;1.7639999;0.098;0.196;1;1269235184
-139.817913;1.813;0.147;0.196;1;1269269767
-139.781776;1.7149999;0.147;0.196;1;1269305904
-139.766629;1.7149999;0.098;0.196;1;1269321051
-139.755875;1.813;0.098;0.196;1;1269331805
-139.744661;1.7639999;0.098;0.196;1;1269343019
-139.722894;1.7639999;0.147;0.147;1;1269364786
-139.711648;1.7639999;0.196;0.196;1;1269376032
-139.664501;1.813;0.098;0.147;1;1269423179
-139.648661;1.813;0.098;0.147;1;1269439019
-139.611703;1.7149999;0.147;0.196;1;1269475977
-139.596586;1.7639999;0.098;0.244999984;1;1269491094
-139.571677;1.813;0.147;0.196;1;1269516003
-139.545247;1.7639999;0.147;0.147;1;1269542433
-139.534024;1.7639999;0.098;0.196;1;1269553656
-139.511649;1.7149999;0.098;0.147;1;1269576031
-139.500727;1.862;0.147;0.098;1;1269586953
-139.487184;1.7639999;0.147;0.196;1;1269600496
-139.476056;1.7639999;0.147;0.196;1;1269611624
-139.464396;1.7149999;0.098;0.196;1;1269623284
-139.453871;1.7639999;0.147;0.196;1;1269633809
-139.434317;1.813;0.098;0.196;1;1269653363
-139.419083;1.7639999;0.147;0.244999984;1;1269668597
-139.401617;1.7639999;0.147;0.196;1;1269686063
-139.387740;1.7639999;0.147;0.196;1;1269699940
-139.376645;1.813;0.098;0.147;1;1269711035
-139.364773;1.813;0.098;0.196;1;1269722907
-139.353894;1.813;0.098;0.147;1;1269733786
-139.340763;1.7639999;0.147;0.196;1;1269746917
-139.326998;1.813;0.098;0.147;1;1269760682
-139.314936;1.7639999;0.147;0.098;1;1269772744
-139.298668;1.813;0.098;0.147;1;1269789012
-139.287479;1.7149999;0.147;0.196;1;1269800201
-139.242715;1.7639999;0.147;0.147;1;1269844965
-138.180176;1.7639999;0.098;0.196;1;1270907504
-138.166793;1.7639999;0.147;0.147;1;1270920887
-138.154336;1.813;0.098;0.196;1;1270933344
-138.141943;1.813;0.147;0.244999984;1;1270945737
-138.128658;1.7639999;0.098;0.147;1;1270959022
-138.117592;1.7149999;0.147;0.196;1;1270970088
-138.102759;1.7639999;0.098;0.244999984;1;1270984921
-138.079475;1.7639999;0.147;0.196;1;1271008205
-138.068287;1.7639999;0.147;0.147;1;1271019393
-138.050906;1.7639999;0.098;0.244999984;1;1271036774
-138.039867;1.813;0.147;0.147;1;1271047813
-138.027521;1.7639999;0.098;0.196;1;1271060159
-138.011224;1.7639999;0.147;0.147;1;1271076456
-137.998811;1.7639999;0.147;0.147;1;1271088869
-137.987819;1.7639999;0.098;0.196;1;1271099861
-137.974642;1.7639999;0.196;0.244999984;1;1271113038
-137.963469;1.7149999;0.147;0.196;1;1271124211
-137.923956;1.7639999;0.098;0.196;1;1271163724
-137.905835;1.7639999;0.147;0.147;1;1271181845
-137.894553;1.7639999;0.147;0.196;1;1271193127
-137.882439;1.7149999;0.147;0.244999984;1;1271205241
-137.871208;1.813;0.147;0.196;1;1271216472
-137.858206;1.7639999;0.147;0.147;1;1271229474
-137.847517;1.7639999;0.098;0.147;1;1271240163
-137.835398;1.7639999;0.147;0.147;1;1271252282
-137.810588;1.813;0.098;0.147;1;1271277092
-137.794455;1.7149999;0.147;0.196;1;1271293225
-137.781674;1.7149999;0.098;0.196;1;1271306006
-137.770780;1.7639999;0.147;0.147;1;1271316900
-137.747773;1.813;0.098;0.147;1;1271339907
-137.731410;1.7639999;0.147;0.147;1;1271356270
-137.711681;1.7639999;0.147;0.147;1;1271375999
-137.697221;1.7639999;0.147;0.196;1;1271390459
-137.686634;1.813;0.098;0.147;1;1271401046
-137.673139;1.7639999;0.098;0.147;1;1271414541
-137.662364;1.7639999;0.147;0.147;1;1271425316
-137.647330;1.7639999;0.147;0.196;1;1271440350
-137.636912;1.7639999;0.147;0.196;1;1271450768
-137.626053;1.813;0.147;0.147;1;1271461627
-137.601858;1.7639999;0.147;0.147;1;1271485822
-137.587582;1.813;0.147;0.196;1;1271500098
-137.572905;1.813;0.147;0.147;1;1271514775
-137.560244;1.7639999;0.098;0.147;1;1271527436
-137.548983;1.7639999;0.147;0.147;1;1271538697
-137.537100;1.7639999;0.098;0.196;1;1271550580
-137.523920;1.7639999;0.098;0.147;1;1271563760
-137.507247;1.7639999;0.147;0.147;1;1271580433
-137.476357;1.7639999;0.147;0.196;1;1271611323
-137.432054;1.7639999;0.147;0.244999984;1;1271655626
-137.418959;1.7639999;0.147;0.196;1;1271668721
-137.405184;1.813;0.147;0.196;1;1271682496
-137.394921;1.7639999;0.147;0.196;1;1271692759
-137.383739;1.7639999;0.098;0.196;1;1271703941
-137.371934;1.7639999;0.147;0.147;1;1271715746
-137.360775;1.813;0.147;0.196;1;1271726905
-137.347844;1.813;0.098;0.147;1;1271739836
-137.334836;1.7639999;0.147;0.196;1;1271752844
-137.323305;1.7639999;0.147;0.196;1;1271764375
-137.302890;1.7149999;0.098;0.244999984;1;1271784790
-137.285643;1.7639999;0.098;0.196;1;1271802037
-137.273947;1.7639999;0.147;0.196;1;1271813733
-137.260106;1.7639999;0.147;0.196;1;1271827574
-137.239592;1.7639999;0.098;0.147;1;1271848088
-137.221748;1.666;0.098;0.147;1;1271865932
-137.208512;1.813;0.098;0.196;1;1271879168
-137.191278;1.813;0.098;0.147;1;1271896402
-137.177710;1.7149999;0.147;0.147;1;1271909970
-137.165972;1.7639999;0.147;0.147;1;1271921708
-137.149978;1.7639999;0.147;0.196;1;1271937702
-137.132538;1.7639999;0.098;0.196;1;1271955142
-137.121763;1.7639999;0.147;0.147;1;1271965917
-137.108945;1.813;0.147;0.196;1;1271978735
-137.097714;1.813;0.147;0.196;1;1271989966
-137.063775;1.7149999;0.147;0.147;1;1272023905
-137.045403;1.7639999;0.147;0.196;1;1272042277
-137.032506;1.7149999;0.147;0.196;1;1272055174
-137.021616;1.7639999;0.147;0.196;1;1272066064
-137.010907;1.7639999;0.098;0.196;1;1272076773
-136.999100;1.7149999;0.196;0.147;1;1272088580
-136.988775;1.7639999;0.147;0.147;1;1272098905
-136.976149;1.7639999;0.147;0.147;1;1272111531
-136.965935;1.813;0.147;0.147;1;1272121745
-136.954522;1.813;0.098;0.196;1;1272133158
-136.942623;1.7639999;0.147;0.147;1;1272145057
-136.927971;1.7149999;0.147;0.147;1;1272159709
-136.914773;1.7639999;0.147;0.196;1;1272172907
-136.900436;1.7639999;0.196;0.196;1;1272187244
-136.881086;1.813;0.147;0.196;1;1272206594
-136.870420;1.813;0.147;0.147;1;1272217260
-136.846754;1.7639999;0.098;0.196;1;1272240926
-136.835745;1.7149999;0.147;0.196;1;1272251935
-136.786662;1.7639999;0.098;0.196;1;1272301018
-136.775724;1.813;0.098;0.196;1;1272311956
-136.764760;1.7639999;0.147;0.196;1;1272322920
-136.753884;1.813;0.147;0.147;1;1272333796
-136.742957;1.7639999;0.147;0.147;1;1272344723
-136.721160;1.813;0.098;0.196;1;1272366520
-136.708812;1.7639999;0.098;0.196;1;1272378868
-136.689518;1.7639999;0.098;0.147;1;1272398162
-136.674788;1.7639999;0.147;0.147;1;1272412892
-136.661034;1.7639999;0.147;0.147;1;1272426646
-136.650021;1.7639999;0.147;0.196;1;1272437659
-136.606890;1.7639999;0.147;0.196;1;1272480790
-136.595566;1.7639999;0.147;0.196;1;1272492114
-136.579118;1.7639999;0.147;0.147;1;1272508562
-136.568368;1.7639999;0.098;0.147;1;1272519312
-136.543716;1.7639999;0.098;0.196;1;1272543964
-136.532836;1.7639999;0.098;0.196;1;1272554844
-136.509055;1.7639999;0.098;0.147;1;1272578625
-136.491084;1.7639999;0.147;0.196;1;1272596596
-136.475913;1.7149999;0.147;0.196;1;1272611767
-136.464766;1.7149999;0.147;0.147;1;1272622914
-136.452715;1.7639999;0.098;0.098;1;1272634965
-136.441516;1.7639999;0.196;0.196;1;1272646164
-136.426722;1.813;0.098;0.196;1;1272660958
-136.411350;1.7639999;0.196;0.147;1;1272676330
-136.396148;1.7639999;0.098;0.196;1;1272691532
-136.381252;1.7149999;0.147;0.196;1;1272706428
-136.368619;1.7639999;0.098;0.147;1;1272719061
-136.351484;1.813;0.098;0.196;1;1272736196
-136.330934;1.7149999;0.196;0.196;1;1272756746
-136.319823;1.813;0.147;0.147;1;1272767857
-136.280683;1.7149999;0.147;0.147;1;1272806997
-136.265311;1.7639999;0.147;0.196;1;1272822369
-136.252791;1.7639999;0.098;0.098;1;1272834889
-136.239297;1.813;0.098;0.196;1;1272848383
-136.221867;1.7639999;0.098;0.196;1;1272865813
-136.209176;1.7639999;0.098;0.196;1;1272878504
-136.198476;1.7639999;0.098;0.147;1;1272889204
-136.176647;1.813;0.098;0.147;1;1272911033
-136.117406;1.7639999;0.098;0.196;1;1272970274
-136.100216;1.7639999;0.147;0.147;1;1272987464
-136.089058;1.813;0.147;0.196;1;1272998622
-136.070974;1.7639999;0.147;0.196;1;1273016706
-136.058857;1.7639999;0.147;0.147;1;1273028823
-136.045903;1.7149999;0.098;0.244999984;1;1273041777
-136.029191;1.7149999;0.147;0.196;1;1273058489
-136.011647;1.813;0.098;0.147;1;1273076033
-135.998286;1.7639999;0.098;0.196;1;1273089394
-135.981706;1.7639999;0.098;0.196;1;1273105974
-135.968880;1.7639999;0.098;0.196;1;1273118800
-135.950729;1.7639999;0.098;0.147;1;1273136951
-135.932893;1.7639999;0.098;0.147;1;1273154787
-135.918717;1.813;0.098;0.147;1;1273168963
-135.902517;1.7639999;0.147;0.196;1;1273185163
-135.880983;1.813;0.098;0.196;1;1273206697
-135.868534;1.7639999;0.147;0.196;1;1273219146
-135.857509;1.862;0.098;0.196;1;1273230171
-135.846621;1.7639999;0.147;0.244999984;1;1273241059
-135.831754;1.7639999;0.147;0.147;1;1273255926
-135.819937;1.7639999;0.147;0.196;1;1273267743
-135.803228;1.813;0.098;0.147;1;1273284452
-135.792791;1.813;0.147;0.147;1;1273294889
-135.779872;1.813;0.098;0.147;1;1273307808
-135.767063;1.7639999;0.147;0.196;1;1273320617
-135.749028;1.7639999;0.147;0.196;1;1273338652
-135.732907;1.7639999;0.098;0.147;1;1273354773
-135.719747;1.7639999;0.147;0.196;1;1273367933
-135.700757;1.7639999;0.098;0.147;1;1273386923
-135.666653;1.7639999;0.147;0.147;1;1273421027
-135.651477;1.7149999;0.196;0.147;1;1273436203
-135.640168;1.7639999;0.196;0.147;1;1273447512
-135.622857;1.7639999;0.147;0.147;1;1273464823
-135.610134;1.7639999;0.147;0.147;1;1273477546
-135.598094;1.7639999;0.147;0.196;1;1273489586
-135.582604;1.7639999;0.147;0.196;1;1273505076
-135.563071;1.7639999;0.147;0.196;1;1273524609
-135.551587;1.7149999;0.196;0.196;1;1273536093
-135.540944;1.7149999;0.147;0.196;1;1273546736
-135.529465;1.7639999;0.147;0.147;1;1273558215
-135.512553;1.7639999;0.098;0.147;1;1273575127
-135.498964;1.7149999;0.196;0.196;1;1273588716
-135.476087;1.813;0.147;0.147;1;1273611593
-135.465913;1.7639999;0.049;0.147;1;1273621767
-135.440043;1.813;0.098;0.147;1;1273647637
-135.429834;1.7639999;0.098;0.196;1;1273657846
-135.415324;1.7149999;0.147;0.196;1;1273672356
-135.389853;1.7639999;0.196;0.147;1;1273697827
-135.374208;1.7639999;0.147;0.147;1;1273713472
-135.363763;1.7149999;0.147;0.147;1;1273723917
-135.352653;1.7639999;0.098;0.196;1;1273735027
-135.336788;1.813;0.098;0.147;1;1273750892
-135.314863;1.813;0.098;0.196;1;1273772817
-135.300215;1.7639999;0.147;0.196;1;1273787465
-135.263693;1.813;0.098;0.196;1;1273823987
-135.237403;1.7639999;0.147;0.196;1;1273850277
-135.223288;1.7639999;0.147;0.196;1;1273864392
-135.185915;1.7639999;0.147;0.196;1;1273901765
-135.172850;1.813;0.147;0.147;1;1273914830
-135.161520;1.7639999;0.147;0.196;1;1273926160
-135.150185;1.7639999;0.147;0.196;1;1273937495
-135.137374;1.7639999;0.098;0.196;1;1273950306
-135.126384;1.7639999;0.098;0.196;1;1273961296
-135.114011;1.813;0.098;0.147;1;1273973669
-135.103647;1.7639999;0.147;0.244999984;1;1273984033
-135.092187;1.7149999;0.147;0.196;1;1273995493
-135.079827;1.7639999;0.147;0.196;1;1274007853
-135.066556;1.813;0.098;0.196;1;1274021124
-135.052230;1.7149999;0.147;0.196;1;1274035450
-135.041999;1.7639999;0.098;0.196;1;1274045681
-135.012239;1.7639999;0.147;0.196;1;1274075441
-135.000231;1.7639999;0.196;0.147;1;1274087449
-134.988834;1.813;0.098;0.147;1;1274098846
-134.975467;1.7639999;0.147;0.147;1;1274112213
-134.964782;1.7639999;0.196;0.196;1;1274122898
-134.947622;1.7639999;0.147;0.196;1;1274140058
-134.936764;1.7639999;0.147;0.196;1;1274150916
-134.902921;1.7639999;0.147;0.147;1;1274184759
-134.880738;1.813;0.147;0.196;1;1274206942
-134.867791;1.7639999;0.098;0.147;1;1274219889
-134.819173;1.7639999;0.147;0.244999984;1;1274268507
-134.801300;1.7639999;0.147;0.147;1;1274286380
-134.789660;1.7639999;0.098;0.196;1;1274298020
-134.774749;1.813;0.098;0.147;1;1274312931
-134.763243;1.813;0.147;0.244999984;1;1274324437
-134.748570;1.7149999;0.147;0.196;1;1274339110
-134.732912;1.7639999;0.196;0.196;1;1274354768
-134.721828;1.7639999;0.098;0.196;1;1274365852
-134.706939;1.813;0.049;0.147;1;1274380741
-134.695765;1.813;0.147;0.196;1;1274391915
-134.684549;1.7639999;0.147;0.196;1;1274403131
-134.671863;1.7639999;0.147;0.196;1;1274415817
-134.655178;1.7639999;0.147;0.196;1;1274432502
-134.644725;1.7639999;0.196;0.244999984;1;1274442955
-134.629840;1.813;0.098;0.196;1;1274457840
-134.617059;1.7639999;0.098;0.196;1;1274470621
-134.597917;1.7639999;0.098;0.244999984;1;1274489763
-134.586469;1.7639999;0.196;0.147;1;1274501211
-134.572833;1.7639999;0.098;0.147;1;1274514847
-134.561921;1.813;0.147;0.196;1;1274525759
-134.547953;1.7639999;0.147;0.196;1;1274539727
-134.530064;1.7149999;0.147;0.147;1;1274557616
-134.511267;1.813;0.196;0.196;1;1274576413
-134.499364;1.7639999;0.147;0.196;1;1274588316
-134.487596;1.7149999;0.098;0.196;1;1274600084
-134.474520;1.7639999;0.147;0.196;1;1274613160
-134.463690;1.862;0.098;0.147;1;1274623990
-134.446855;1.813;0.098;0.147;1;1274640825
-134.431762;1.813;0.098;0.196;1;1274655918
-134.419270;1.7149999;0.147;0.147;1;1274668410
-134.380948;1.7149999;0.147;0.196;1;1274706732
-134.367990;1.7639999;0.147;0.147;1;1274719690
-134.349473;1.7639999;0.147;0.196;1;1274738207
-134.329745;1.7639999;0.147;0.196;1;1274757935
-134.318944;1.7149999;0.147;0.196;1;1274768736
-134.287317;1.7639999;0.147;0.147;1;1274800363
-134.276183;1.7639999;0.147;0.196;1;1274811497
-134.264535;1.7639999;0.098;0.196;1;1274823145
-134.253713;1.7149999;0.147;0.147;1;1274833967
-134.236792;1.7639999;0.098;0.147;1;1274850888
-134.217848;1.7639999;0.098;0.196;1;1274869832
-134.203473;1.7149999;0.147;0.147;1;1274884207
-134.191036;1.813;0.147;0.147;1;1274896644
-134.178943;1.7639999;0.147;0.196;1;1274908737
-134.166954;1.7639999;0.147;0.147;1;1274920726
-134.153650;1.7639999;0.098;0.196;1;1274934030
-134.141006;1.7639999;0.147;0.196;1;1274946674
-134.129468;1.813;0.147;0.196;1;1274958212
-134.118845;1.7639999;0.147;0.196;1;1274968835
-134.107737;1.7639999;0.147;0.196;1;1274979943
-134.094632;1.7639999;0.098;0.196;1;1274993048
-134.083000;1.7639999;0.098;0.196;1;1275004680
-134.071603;1.813;0.147;0.196;1;1275016077
-134.060662;1.7149999;0.049;0.196;1;1275027018
-134.045425;1.813;0.098;0.147;1;1275042255
-134.031720;1.7149999;0.147;0.196;1;1275055960
-134.011622;1.7639999;0.147;0.147;1;1275076058
-133.997276;1.813;0.147;0.147;1;1275090404
-133.986306;1.7639999;0.098;0.196;1;1275101374
-133.947346;1.7149999;0.098;0.196;1;1275140334
-133.934434;1.813;0.147;0.147;1;1275153246
-133.921427;1.7639999;0.147;0.147;1;1275166253
-133.907410;1.813;0.147;0.147;1;1275180270
-133.891303;1.7149999;0.147;0.196;1;1275196377
-133.875153;1.7639999;0.147;0.147;1;1275212527
-133.864267;1.7639999;0.098;0.196;1;1275223413
-133.852276;1.813;0.147;0.196;1;1275235404
-133.833118;1.813;0.147;0.147;1;1275254562
-133.810329;1.813;0.147;0.244999984;1;1275277351
-133.799855;1.862;0.098;0.147;1;1275287825
-133.785902;1.7639999;0.098;0.147;1;1275301778
-133.774886;1.7639999;0.098;0.147;1;1275312794
-133.761657;1.7639999;0.147;0.196;1;1275326023
-133.738020;1.7639999;0.098;0.196;1;1275349660
-133.726605;1.7639999;0.098;0.196;1;1275361075
-133.715959;1.7639999;0.196;0.196;1;1275371721
-133.703882;1.7639999;0.098;0.147;1;1275383798
-133.679805;1.7149999;0.147;0.196;1;1275407875
-133.667727;1.813;0.098;0.147;1;1275419953
-133.642970;1.7149999;0.147;0.196;1;1275444710
-133.622923;1.813;0.098;0.196;1;1275464757
-133.610037;1.813;0.098;0.244999984;1;1275477643
-133.590412;1.813;0.098;0.196;1;1275497268
-133.579740;1.813;0.147;0.196;1;1275507940
-133.563900;1.813;0.098;0.147;1;1275523780
-133.549760;1.813;0.049;0.196;1;1275537920
-133.516375;1.7639999;0.147;0.147;1;1275571305
-133.505526;1.7149999;0.196;0.147;1;1275582154
-133.486784;1.7639999;0.098;0.196;1;1275600896
-133.475670;1.813;0.098;0.196;1;1275612010
-133.464769;1.813;0.098;0.196;1;1275622911
-133.441763;1.7149999;0.098;0.147;1;1275645917
-133.430948;1.7149999;0.196;0.098;1;1275656732
-133.408657;1.7149999;0.098;0.147;1;1275679023
-133.397494;1.7149999;0.147;0.147;1;1275690186
-133.385009;1.7149999;0.147;0.147;1;1275702671
-133.371904;1.813;0.147;0.196;1;1275715776
-133.357307;1.813;0.098;0.147;1;1275730373
-133.337704;1.7149999;0.147;0.147;1;1275749976
-133.326667;1.7639999;0.147;0.196;1;1275761013
-133.311795;1.7639999;0.147;0.147;1;1275775885
-133.293935;1.813;0.098;0.244999984;1;1275793745
-133.278729;1.7639999;0.098;0.196;1;1275808951
-133.267078;1.7639999;0.098;0.147;1;1275820602
-133.250813;1.7639999;0.147;0.147;1;1275836867
-133.236967;1.7639999;0.147;0.196;1;1275850713
-133.199975;1.7149999;0.147;0.147;1;1275887705
-133.183374;1.7639999;0.098;0.244999984;1;1275904306
-133.159120;1.813;0.196;0.196;1;1275928560
-133.148105;1.813;0.196;0.147;1;1275939575
-133.127591;1.813;0.147;0.196;1;1275960089
-133.116273;1.7639999;0.098;0.244999984;1;1275971407
-133.080398;1.813;0.098;0.244999984;1;1276007282
-133.066262;1.7639999;0.098;0.147;1;1276021418
-133.051679;1.7639999;0.098;0.244999984;1;1276036001
-133.018739;1.813;0.098;0.147;1;1276068941
-133.001147;1.7639999;0.098;0.196;1;1276086533
-132.979108;1.7639999;0.147;0.196;1;1276108572
-132.966441;1.7639999;0.098;0.147;1;1276121239
-132.950966;1.7639999;0.147;0.196;1;1276136714
-132.932890;1.7639999;0.147;0.196;1;1276154790
-132.912823;1.7149999;0.147;0.147;1;1276174857
-132.899975;1.7639999;0.147;0.196;1;1276187705
-132.888858;1.813;0.098;0.147;1;1276198822
-132.877162;1.813;0.098;0.147;1;1276210518
-132.866592;1.7639999;0.098;0.196;1;1276221088
-132.849461;1.7639999;0.147;0.147;1;1276238219
-132.832898;1.7639999;0.098;0.196;1;1276254782
-132.821427;1.7149999;0.147;0.196;1;1276266253
-132.809634;1.7639999;0.147;0.196;1;1276278046
-132.797180;1.813;0.098;0.196;1;1276290500
-132.773372;1.7149999;0.147;0.196;1;1276314308
-132.762607;1.7639999;0.147;0.196;1;1276325073
-132.745994;1.7639999;0.147;0.147;1;1276341686
-132.733286;1.813;0.147;0.147;1;1276354394
-132.711663;1.7639999;0.098;0.147;1;1276376017
-132.698916;1.7149999;0.147;0.147;1;1276388764
-132.681664;1.7639999;0.147;0.196;1;1276406016
-132.669948;1.7639999;0.147;0.147;1;1276417732
-132.618639;1.7639999;0.147;0.196;1;1276469041
-132.600154;1.7149999;0.098;0.147;1;1276487526
-132.581070;1.7639999;0.147;0.147;1;1276506610
-132.567831;1.7639999;0.147;0.147;1;1276519849
-132.550016;1.813;0.147;0.196;1;1276537664
-132.530066;1.7639999;0.098;0.147;1;1276557614
-132.519017;1.7639999;0.147;0.196;1;1276568663
-132.488630;1.7149999;0.147;0.244999984;1;1276599050
-132.471737;1.7639999;0.147;0.244999984;1;1276615943
-132.453140;1.7639999;0.098;0.196;1;1276634540
-132.415973;1.7639999;0.147;0.196;1;1276671707
-132.400092;1.813;0.098;0.244999984;1;1276687588
-132.381277;1.7639999;0.196;0.147;1;1276706403
-132.370202;1.813;0.098;0.147;1;1276717478
-132.349459;1.813;0.098;0.196;1;1276738221
-132.333671;1.7639999;0.098;0.196;1;1276754009
-132.320293;1.7639999;0.147;0.196;1;1276767387
-132.301618;1.7639999;0.147;0.196;1;1276786062
-132.286927;1.813;0.098;0.196;1;1276800753
-132.271352;1.7639999;0.098;0.147;1;1276816328
-132.247599;1.7149999;0.196;0.147;1;1276840081
-132.233054;1.7639999;0.196;0.147;1;1276854626
-132.211436;1.7639999;0.098;0.147;1;1276876244
-132.197522;1.813;0.147;0.196;1;1276890158
-132.184685;1.813;0.098;0.147;1;1276902995
-132.171952;1.813;0.098;0.147;1;1276915728
-132.153629;1.7639999;0.147;0.196;1;1276934051
-132.118726;1.7639999;0.098;0.196;1;1276968954
-132.101673;1.7149999;0.098;0.147;1;1276986007
-132.090659;1.813;0.098;0.147;1;1276997021
-132.077352;1.7639999;0.147;0.147;1;1277010328
-132.066522;1.7639999;0.147;0.147;1;1277021158
-132.051680;1.813;0.098;0.196;1;1277036000
-132.032845;1.7639999;0.147;0.196;1;1277054835
-132.020212;1.7639999;0.098;0.196;1;1277067468
-131.991391;1.7639999;0.098;0.147;1;1277096289
-131.979626;1.7149999;0.098;0.244999984;1;1277108054
-131.966186;1.7149999;0.147;0.196;1;1277121494
-131.955751;1.7639999;0.098;0.196;1;1277131929
-131.943836;1.813;0.147;0.147;1;1277143844
-131.932416;1.7639999;0.098;0.196;1;1277155264
-131.921927;1.7639999;0.147;0.196;1;1277165753
-131.910700;1.7639999;0.147;0.147;1;1277176980
-131.896131;1.7639999;0.147;0.196;1;1277191549
-131.885516;1.7149999;0.196;0.244999984;1;1277202164
-131.873394;1.7639999;0.147;0.147;1;1277214286
-131.862526;1.7149999;0.147;0.196;1;1277225154
-131.847902;1.7639999;0.098;0.147;1;1277239778
-131.836879;1.7639999;0.098;0.244999984;1;1277250801
-131.801705;1.7639999;0.098;0.147;1;1277285975
-131.784955;1.7639999;0.098;0.147;1;1277302725
-131.771244;1.813;0.147;0.196;1;1277316436
-131.760529;1.7149999;0.147;0.147;1;1277327151
-131.740794;1.7149999;0.147;0.244999984;1;1277346886
-131.730034;1.7639999;0.147;0.196;1;1277357646
-131.708031;1.7149999;0.098;0.196;1;1277379649
-131.639289;1.7639999;0.147;0.147;1;1277448391
-131.626330;1.813;0.098;0.196;1;1277461350
-131.587232;1.7639999;0.098;0.147;1;1277500448
-131.570188;1.7639999;0.049;0.196;1;1277517492
-131.554522;1.7639999;0.147;0.147;1;1277533158
-131.539927;1.7639999;0.098;0.196;1;1277547753
-131.528773;1.813;0.147;0.196;1;1277558907
-131.510650;1.7639999;0.147;0.147;1;1277577030
-131.492461;1.7639999;0.147;0.147;1;1277595219
-131.479073;1.7639999;0.098;0.147;1;1277608607
-131.467913;1.7639999;0.098;0.196;1;1277619767
-131.454451;1.7639999;0.098;0.244999984;1;1277633229
-131.441235;1.7639999;0.147;0.147;1;1277646445
-131.426489;1.7639999;0.098;0.196;1;1277661191
-131.402905;1.7149999;0.147;0.196;1;1277684775
-131.380754;1.7639999;0.147;0.147;1;1277706926
-131.368389;1.7639999;0.147;0.196;1;1277719291
-131.352944;1.813;0.098;0.147;1;1277734736
-131.339006;1.7639999;0.147;0.196;1;1277748674
-131.326036;1.813;0.098;0.147;1;1277761644
-131.311729;1.7149999;0.147;0.147;1;1277775951
-131.298987;1.7149999;0.147;0.196;1;1277788693
-131.275259;1.7639999;0.196;0.196;1;1277812421
-131.264830;1.7149999;0.147;0.147;1;1277822850
-131.253422;1.7149999;0.147;0.196;1;1277834258
-131.240005;1.7639999;0.147;0.196;1;1277847675
-131.225472;1.813;0.098;0.196;1;1277862208
-131.174167;1.813;0.147;0.196;1;1277913513
-131.163483;1.7639999;0.098;0.196;1;1277924197
-131.147896;1.813;0.098;0.196;1;1277939784
-131.118002;1.7639999;0.098;0.196;1;1277969678
-131.105725;1.7639999;0.147;0.196;1;1277981955
-131.094929;1.813;0.098;0.196;1;1277992751
-131.078752;1.7639999;0.147;0.196;1;1278008928
-131.067974;1.7639999;0.147;0.147;1;1278019706
-131.056025;1.7149999;0.147;0.196;1;1278031655
-131.044784;1.813;0.098;0.098;1;1278042896
-131.033866;1.7639999;0.098;0.196;1;1278053814
-131.021578;1.7639999;0.147;0.196;1;1278066102
-131.008290;1.7639999;0.098;0.196;1;1278079390
-130.990995;1.7639999;0.147;0.196;1;1278096685
-130.975061;1.813;0.147;0.196;1;1278112619
-130.964799;1.7149999;0.098;0.196;1;1278122881
-130.953777;1.7639999;0.098;0.196;1;1278133903
-130.942533;1.7639999;0.147;0.196;1;1278145147
-130.930430;1.7639999;0.098;0.196;1;1278157250
-130.909889;1.7149999;0.147;0.196;1;1278177791
-130.882955;1.813;0.098;0.196;1;1278204725
-130.869491;1.7639999;0.147;0.196;1;1278218189
-130.858834;1.813;0.196;0.098;1;1278228846
-130.845918;1.666;0.098;0.196;1;1278241762
-130.835025;1.7149999;0.147;0.147;1;1278252655
-130.771135;1.7639999;0.147;0.196;1;1278316545
-130.743092;1.7639999;0.147;0.196;1;1278344588
-130.731958;1.7639999;0.147;0.196;1;1278355722
-130.711592;1.7149999;0.147;0.244999984;1;1278376088
-130.700810;1.7639999;0.147;0.147;1;1278386870
-130.687769;1.7639999;0.147;0.147;1;1278399911
-130.676684;1.7639999;0.147;0.147;1;1278410996
-130.665821;1.813;0.098;0.147;1;1278421859
-130.648552;1.7149999;0.147;0.147;1;1278439128
-130.637737;1.7639999;0.147;0.147;1;1278449943
-130.612847;1.813;0.147;0.196;1;1278474833
-130.601336;1.7639999;0.147;0.147;1;1278486344
-130.577755;1.7639999;0.098;0.244999984;1;1278509925
-130.566158;1.813;0.098;0.196;1;1278521522
-130.551033;1.7639999;0.147;0.147;1;1278536647
-130.539840;1.7639999;0.147;0.196;1;1278547840
-130.522855;1.7639999;0.098;0.244999984;1;1278564825
-130.509111;1.7639999;0.098;0.196;1;1278578569
-130.498493;1.813;0.147;0.147;1;1278589187
-130.481456;1.7639999;0.098;0.196;1;1278606224
-130.470926;1.7639999;0.098;0.196;1;1278616754
-130.446929;1.7639999;0.098;0.147;1;1278640751
-130.431252;1.7639999;0.147;0.147;1;1278656428
-130.417751;1.7639999;0.098;0.196;1;1278669929
-130.399802;1.7639999;0.098;0.196;1;1278687878
-130.387977;1.7639999;0.098;0.147;1;1278699703
-130.376272;1.7639999;0.098;0.147;1;1278711408
-130.365670;1.813;0.147;0.196;1;1278722010
-130.316359;1.813;0.098;0.147;1;1278771321
-130.304168;1.7639999;0.147;0.196;1;1278783512
-130.292161;1.813;0.147;0.244999984;1;1278795519
-130.278078;1.7149999;0.147;0.147;1;1278809602
-130.265830;1.7639999;0.147;0.147;1;1278821850
-130.251534;1.862;0.049;0.196;1;1278836146
-130.229131;1.7639999;0.147;0.147;1;1278858549
-130.206382;1.7639999;0.147;0.147;1;1278881298
-130.179189;1.7639999;0.147;0.147;1;1278908491
-130.167288;1.7639999;0.147;0.147;1;1278920392
-130.149667;1.813;0.098;0.196;1;1278938013
-130.138908;1.7639999;0.147;0.196;1;1278948772
-130.114858;1.813;0.147;0.196;1;1278972822
-130.099466;1.7639999;0.098;0.147;1;1278988214
-130.088689;1.7639999;0.196;0.147;1;1278998991
-130.076432;1.7149999;0.196;0.196;1;1279011248
-130.065756;1.7639999;0.147;0.147;1;1279021924
-130.050018;1.7639999;0.147;0.196;1;1279037662
-130.038830;1.7639999;0.098;0.098;1;1279048850
-130.017055;1.7639999;0.147;0.196;1;1279070625
-130.003412;1.7149999;0.196;0.147;1;1279084268
-129.986453;1.813;0.147;0.244999984;1;1279101227
-129.975236;1.813;0.098;0.294;1;1279112444
-129.964005;1.813;0.098;0.147;1;1279123675
-129.953220;1.813;0.098;0.147;1;1279134460
-129.942603;1.7639999;0.147;0.147;1;1279145077
-129.908682;1.813;0.147;0.147;1;1279178998
-129.894054;1.862;0.098;0.196;1;1279193626
-129.876384;1.813;0.098;0.196;1;1279211296
-129.864573;1.7639999;0.147;0.196;1;1279223107
-129.851314;1.7639999;0.147;0.147;1;1279236366
-129.831716;1.7639999;0.098;0.196;1;1279255964
-129.820713;1.7639999;0.147;0.196;1;1279266967
-129.800071;1.7639999;0.147;0.147;12460;1279287609
-129.786851;1.7149999;0.196;0.196;1;1279300829
-129.775740;1.7639999;0.147;0.196;1;1279311940
-129.760606;1.813;0.147;0.196;1;1279327074
-129.738602;1.7639999;0.098;0.244999984;1;1279349078
-129.721121;1.7639999;0.147;0.147;1;1279366559
-129.709368;1.7639999;0.098;0.196;1;1279378312
-129.697035;1.7639999;0.147;0.196;1;1279390645
-129.686019;1.7639999;0.147;0.098;1;1279401661
-129.674530;1.7149999;0.147;0.196;1;1279413150
-129.655680;1.7639999;0.147;0.196;1;1279432000
-129.640231;1.7639999;0.196;0.147;1;1279447449
-129.626269;1.813;0.098;0.196;1;1279461411
-129.615188;1.7639999;0.147;0.196;1;1279472492
-129.604629;1.813;0.147;0.196;1;1279483051
-129.579949;1.7639999;0.147;0.147;1;1279507731
-129.565673;1.813;0.147;0.196;1;1279522007
-129.553692;1.813;0.147;0.147;1;1279533988
-129.532888;1.813;0.098;0.147;1;1279554792
-129.512811;1.813;0.098;0.244999984;1;1279574869
-129.499899;1.7639999;0.147;0.147;1;1279587781
-129.488725;1.7639999;0.098;0.147;1;1279598955
-129.454081;1.7639999;0.147;0.147;1;1279633599
-129.435801;1.7149999;0.147;0.196;1;1279651879
-129.423651;1.813;0.098;0.196;1;1279664029
-129.410512;1.7639999;0.147;0.196;1;1279677168
-129.392835;1.813;0.098;0.196;1;1279694845
-129.375931;1.7639999;0.147;0.147;1;1279711749
-129.364939;1.813;0.147;0.196;1;1279722741
-129.352957;1.7639999;0.098;0.196;1;1279734723
-129.332895;1.7149999;0.147;0.147;1;1279754785
-129.320043;1.7639999;0.147;0.196;1;1279767637
-129.303541;1.813;0.098;0.147;1;1279784139
-129.279211;1.813;0.147;0.147;1;1279808469
-129.266073;1.7639999;0.196;0.196;1;1279821607
-129.254403;1.7639999;0.147;0.196;1;1279833277
-129.241222;1.813;0.098;0.196;1;1279846458
-129.228753;1.7639999;0.098;0.147;1;1279858927
-129.212910;1.7639999;0.098;0.147;1;1279874770
-129.197977;1.7149999;0.196;0.196;1;1279889703
-129.182288;1.7639999;0.147;0.147;1;1279905392
-129.171007;1.7639999;0.098;0.196;1;1279916673
-129.145548;1.813;0.147;0.147;1;1279942132
-129.131452;1.7639999;0.196;0.147;1;1279956228
-129.107084;1.813;0.147;0.196;1;1279980596
-129.096643;1.7639999;0.196;0.196;1;1279991037
-129.085817;1.7639999;0.098;0.147;1;1280001863
-129.074757;1.7639999;0.147;0.196;1;1280012923
-129.060010;1.7149999;0.098;0.147;1;1280027670
-129.048841;1.813;0.147;0.196;1;1280038839
-129.009703;1.813;0.098;0.147;1;1280077977
-128.998562;1.813;0.147;0.244999984;1;1280089118
-128.984631;1.813;0.147;0.196;1;1280103049
-128.973538;1.7639999;0.098;0.196;1;1280114142
-128.962493;1.7639999;0.147;0.196;1;1280125187
-128.951438;1.7639999;0.147;0.147;1;1280136242
-128.937307;1.7639999;0.147;0.196;1;1280150373
-128.921785;1.7149999;0.196;0.147;1;1280165895
-128.908344;1.7639999;0.098;0.147;1;1280179336
-128.897214;1.7149999;0.147;0.147;1;1280190466
-128.885108;1.813;0.147;0.196;1;1280202572
-128.874636;1.7639999;0.147;0.196;1;1280213044
-128.862283;1.7639999;0.049;0.196;1;1280225397
-128.851263;1.7639999;0.147;0.196;1;1280236417
-128.810863;1.813;0.147;0.147;1;1280276817
-128.794469;1.7639999;0.147;0.196;1;1280293211
-128.781043;1.7639999;0.098;0.147;1;1280306637
-128.769879;1.7149999;0.147;0.196;1;1280317801
-128.744253;1.7639999;0.196;0.147;1;1280343427
-128.711606;1.7639999;0.196;0.196;1;1280376074
-128.698795;1.813;0.147;0.147;1;1280388885
-128.686734;1.7639999;0.098;0.147;1;1280400946
-128.675302;1.7639999;0.147;0.196;1;1280412378
-128.664190;1.7639999;0.147;0.147;1;1280423490
-128.650149;1.7639999;0.147;0.196;1;1280437531
-128.611570;1.7639999;0.147;0.244999984;1;1280476110
-128.573744;1.7639999;0.098;0.147;1;1280513936
-128.562863;1.7639999;0.147;0.196;1;1280524817
-128.549892;1.7639999;0.098;0.147;1;1280537788
-128.532915;1.7639999;0.098;0.196;1;1280554765
-128.520885;1.7639999;0.196;0.196;1;1280566795
-128.509720;1.7149999;0.147;0.147;1;1280577960
-128.498582;1.7639999;0.147;0.147;1;1280589098
-128.487798;1.7639999;0.098;0.196;1;1280599882
-128.474503;1.7639999;0.147;0.147;1;1280613177
-128.463875;1.7639999;0.147;0.244999984;1;1280623805
-128.449257;1.7639999;0.098;0.196;1;1280638423
-128.432923;1.813;0.147;0.196;1;1280654757
-128.421650;1.7639999;0.147;0.147;1;1280666030
-128.409558;1.7639999;0.147;0.244999984;1;1280678122
-128.398807;1.7149999;0.147;0.147;1;1280688873
-128.374809;1.7639999;0.098;0.147;1;1280712871
-128.363678;1.7639999;0.147;0.147;1;1280724002
-128.349252;1.7639999;0.147;0.147;1;1280738428
-128.338564;1.813;0.147;0.196;1;1280749116
-128.326126;1.7149999;0.196;0.196;1;1280761554
-128.312501;1.7639999;0.098;0.196;1;1280775179
-128.300117;1.7639999;0.147;0.147;1;1280787563
-128.275096;1.7639999;0.098;0.147;1;1280812584
-128.263790;1.813;0.098;0.147;1;1280823890
-128.252656;1.7639999;0.147;0.147;1;1280835024
-128.232930;1.813;0.196;0.196;1;1280854750
-128.212855;1.7639999;0.147;0.196;1;1280874825
-128.168986;1.7149999;0.098;0.196;1;1280918694
-128.142703;1.7639999;0.098;0.196;1;1280944977
-128.129295;1.7639999;0.098;0.196;1;1280958385
-128.118704;1.813;0.098;0.244999984;1;1280968976
-128.103566;1.7149999;0.147;0.147;1;1280984114
-128.091981;1.7639999;;0.021;1;1280995699
-128.080766;1.7639999;0.147;0.147;1;1281006914
-128.069930;1.813;0.147;0.196;1;1281017750
-128.058679;1.813;0.098;0.196;1;1281029001
-128.046562;1.7639999;0.147;0.147;1;1281041118
-128.031903;1.7639999;0.147;0.196;1;1281055777
-128.020890;1.7639999;0.196;0.147;1;1281066790
-128.009291;1.7149999;0.147;0.196;1;1281078389
-127.998709;1.7639999;0.147;0.147;1;1281088971
-127.985243;1.7639999;0.098;0.196;1;1281102437
-127.974751;1.7639999;0.196;0.196;1;1281112929
-127.961553;1.7639999;0.147;0.098;1;1281126127
-127.950954;1.7149999;0.147;0.196;1;1281136726
-127.939451;1.813;0.196;0.196;1;1281148229
-127.922880;1.813;0.098;0.147;1;1281164800
-127.909884;1.7639999;0.147;0.147;1;1281177796
-127.895336;1.7639999;0.147;0.196;1;1281192344
-127.883817;1.813;0.098;0.196;1;1281203863
-127.871975;1.7639999;0.147;0.196;1;1281215705
-127.859143;1.7639999;0.147;0.196;1;1281228537
-127.848751;1.7639999;0.147;0.196;1;1281238929
-127.836021;1.7639999;0.098;0.147;1;1281251659
-127.811771;1.7639999;0.147;0.147;1;1281275909
-127.800572;1.7639999;0.147;0.147;1;1281287108
-127.757836;1.813;0.098;0.196;1;1281329844
-127.735906;1.7639999;0.098;0.098;1;1281351774
-127.712781;1.7639999;0.147;0.244999984;1;1281374899
-127.701059;1.7639999;0.049;0.196;1;1281386621
-127.689856;1.7639999;0.147;0.147;1;1281397824
-127.677981;1.7639999;0.147;0.196;1;1281409699
-127.666553;1.7639999;0.147;0.147;1;1281421127
-127.652746;1.7149999;0.147;0.196;1;1281434934
-127.622329;1.813;0.098;0.147;1;1281465351
-127.609797;1.7639999;0.147;0.196;1;1281477883
-127.597902;1.813;0.147;0.196;1;1281489778
-127.582520;1.7639999;0.147;0.196;1;1281505160
-127.571975;1.7149999;0.147;0.196;1;1281515705
-127.559431;1.7639999;0.147;0.196;1;1281528249
-127.535910;1.7639999;0.098;0.196;1;1281551770
-127.509620;1.813;0.098;0.196;1;1281578060
-127.496680;1.7639999;0.147;0.244999984;1;1281591000
-127.485834;1.7639999;0.147;0.244999984;1;1281601846
-127.474686;1.7149999;0.147;0.147;1;1281612994
-127.460972;1.7639999;0.098;0.147;1;1281626708
-127.449841;1.7639999;0.147;0.196;1;1281637839
-127.438879;1.7639999;0.196;0.196;1;1281648801
-127.407629;1.7639999;0.196;0.196;1;1281680051
-127.394900;1.813;0.098;0.244999984;1;1281692780
-127.382712;1.7149999;0.147;0.147;1;1281704968
-127.371759;1.7639999;0.147;0.196;1;1281715921
-127.359439;1.7149999;0.098;0.147;1;1281728241
-127.342858;1.7639999;0.147;0.147;1;1281744822
-127.304078;1.813;0.098;0.196;1;1281783602
-127.289610;1.813;0.098;0.147;1;1281798070
-127.278827;1.7639999;0.196;0.196;1;1281808853
-127.261877;1.7639999;0.098;0.147;1;1281825803
-127.250832;1.7639999;0.098;0.196;1;1281836848
-127.239836;1.7639999;0.147;0.147;1;1281847844
-127.222909;1.7639999;0.147;0.196;1;1281864771
-127.208949;1.813;0.147;0.196;1;1281878731
-127.188901;1.7639999;0.147;0.147;1;1281898779
-127.177410;1.7149999;0.196;0.196;1;1281910270
-127.166698;1.7149999;0.147;0.147;1;1281920982
-127.148428;1.7639999;0.098;0.147;1;1281939252
-127.132327;1.813;0.098;0.196;1;1281955353
-127.121779;1.7639999;0.147;0.196;1;1281965901
-127.110544;1.813;0.147;0.196;1;1281977136
-127.099669;1.7639999;0.147;0.196;1;1281988011
-127.079713;1.813;0.098;0.196;1;1282007967
-127.068604;1.7639999;0.098;0.147;1;1282019076
-127.055552;1.7149999;0.147;0.147;1;1282032128
-127.044681;1.7149999;0.196;0.196;1;1282042999
-127.029418;1.7639999;0.196;0.196;1;1282058262
-127.012910;1.7639999;0.147;0.244999984;1;1282074770
-126.999703;1.813;0.098;0.196;1;1282087977
-126.988602;1.7639999;0.147;0.147;1;1282099078
-126.975983;1.7639999;0.098;0.196;1;1282111697
-126.964888;1.813;0.098;0.244999984;1;1282122792
-126.949998;1.7149999;0.098;0.196;1;1282137682
-126.938891;1.666;0.098;0.147;1;1282148789
-126.924782;1.7149999;0.147;0.196;1;1282162898
-126.909821;1.7639999;0.147;0.147;1;1282177859
-126.876115;1.813;0.147;0.196;1;1282211565
-126.864073;1.7639999;0.098;0.244999984;1;1282223607
-126.846921;1.7149999;0.098;0.196;1;1282240759
-126.822847;1.7639999;0.147;0.147;1;1282264833
-126.811864;1.7639999;0.098;0.147;1;1282275816
-126.786198;1.7149999;0.147;0.196;1;1282301482
-126.774548;1.7149999;0.147;0.196;1;1282313132
-126.762042;1.7639999;0.147;0.196;1;1282325638
-126.746057;1.7149999;0.147;0.196;1;1282341623
-126.731396;1.7639999;0.147;0.147;1;1282356284
-126.711623;1.7639999;0.147;0.244999984;1;1282376057
-126.698643;1.7639999;0.098;0.196;1;1282389037
-126.674518;1.7639999;0.147;0.147;1;1282413162
-126.661568;1.813;0.098;0.244999984;1;1282426112
-126.645243;1.7639999;0.147;0.196;1;1282442437
-126.632755;1.7639999;0.098;0.196;1;1282454925
-126.586550;1.7639999;0.147;0.147;1;1282501130
-126.575165;1.7639999;0.098;0.196;1;1282512515
-126.562029;1.7639999;0.196;0.196;1;1282525651
-126.546846;1.7639999;0.147;0.196;1;1282540834
-126.533200;1.7639999;0.147;0.147;1;1282554480
-126.510126;1.7639999;0.098;0.196;1;1282577554
-126.498010;1.7149999;0.196;0.196;1;1282589670
-126.486365;1.7639999;0.147;0.196;1;1282601315
-126.474918;1.7639999;0.098;0.196;1;1282612762
-126.418060;1.813;0.098;0.098;1;1282669620
-126.399519;1.813;0.098;0.196;1;1282688161
-126.388248;1.7639999;0.147;0.196;1;1282699432
-126.376198;1.7149999;0.147;0.147;1;1282711482
-126.365472;1.7639999;0.147;0.147;1;1282722208
-126.353915;1.7639999;0.147;0.196;1;1282733765
-126.318644;1.7639999;0.147;0.147;1;1282769036
-126.302096;1.7639999;0.098;0.147;1;1282785584
-126.278259;1.813;0.147;0.244999984;1;1282809421
-126.267848;1.7639999;0.147;0.196;1;1282819832
-126.244360;1.7149999;0.147;0.147;1;1282843320
-126.231357;1.813;0.098;0.196;1;1282856323
-126.218013;1.7639999;0.147;0.196;1;1282869667
-126.205286;1.813;0.098;0.147;1;1282882394
-126.194087;1.7149999;0.147;0.196;1;1282893593
-126.177915;1.813;0.147;0.147;1;1282909765
-126.166755;1.7639999;0.196;0.147;1;1282920925
-126.149841;1.7639999;0.147;0.147;1;1282937839
-126.131271;1.7639999;0.147;0.196;1;1282956409
-126.119784;1.813;0.147;0.196;1;1282967896
-126.101135;1.7639999;0.098;0.196;1;1282986545
-126.078807;1.7639999;0.147;0.244999984;1;1283008873
-126.067951;1.813;0.147;0.147;1;1283019729
-126.049943;1.7639999;0.147;0.196;1;1283037737
-126.023291;1.7639999;0.147;0.196;1;1283064389
-126.002039;1.7639999;0.098;0.098;1;1283085641
-125.988851;1.7639999;0.147;0.147;1;1283098829
-125.977575;1.7149999;0.147;0.147;1;1283110105
-125.962808;1.7639999;0.147;0.196;1;1283124872
-125.951587;1.7149999;0.196;0.147;1;1283136093
-125.937560;1.813;0.147;0.147;1;1283150120
-125.926899;1.7149999;0.098;0.147;1;1283160781
-125.910067;1.7149999;0.147;0.147;1;1283177613
-125.898429;1.7639999;0.196;0.196;1;1283189251
-125.876624;1.7639999;0.098;0.196;1;1283211056
-125.862090;1.7149999;0.196;0.147;1;1283225590
-125.842852;1.7149999;0.147;0.196;1;1283244828
-125.828476;1.7639999;0.147;0.196;1;1283259204
-125.812499;1.813;0.098;0.244999984;1;1283275181
-125.796724;1.862;0.098;0.147;1;1283290956
-125.785873;1.813;0.098;0.196;1;1283301807
-125.774752;1.813;0.147;0.196;1;1283312928
-125.763918;1.7639999;0.147;0.196;1;1283323762
-125.749968;1.7639999;0.147;0.196;1;1283337712
-125.738364;1.7639999;0.098;0.196;1;1283349316
-125.726773;1.7639999;0.098;0.196;1;1283360907
-125.715735;1.7149999;0.147;0.196;1;1283371945
-125.704535;1.7639999;0.098;0.147;1;1283383145
-125.677439;1.7639999;0.098;0.147;1;1283410241
-125.666711;1.7639999;0.147;0.196;1;1283420969
-125.654294;1.7149999;0.196;0.147;1;1283433386
-125.642290;1.7639999;0.196;0.196;1;1283445390
-125.628997;1.7639999;0.147;0.147;1;1283458683
-125.610302;1.7639999;0.147;0.147;1;1283477378
-125.566739;1.7639999;0.196;0.196;1;1283520941
-125.547491;1.666;0.147;0.147;1;1283540189
-125.536172;1.7639999;0.098;0.196;1;1283551508
-125.511193;1.7639999;0.098;0.196;1;1283576487
-125.499330;1.7639999;0.147;0.147;1;1283588350
-125.486982;1.7639999;0.147;0.196;1;1283600698
-125.475735;1.7639999;0.147;0.196;1;1283611945
-125.463710;1.7639999;0.147;0.196;1;1283623970
-125.448326;1.7639999;0.098;0.196;1;1283639354
-125.437459;1.7639999;0.147;0.196;1;1283650221
-125.424576;1.7639999;0.147;0.196;1;1283663104
-125.401605;1.7639999;0.147;0.147;1;1283686075
-125.388440;1.7639999;0.147;0.196;1;1283699240
-125.371789;1.7149999;0.098;0.196;1;1283715891
-125.356080;1.7639999;0.147;0.147;1;1283731600
-125.345760;1.7639999;0.147;0.196;1;1283741920
-125.334671;1.813;0.147;0.196;1;1283753009
-125.308959;1.813;0.098;0.244999984;1;1283778721
-125.291709;1.813;0.147;0.147;1;1283795971
-125.278152;1.7639999;0.098;0.196;1;1283809528
-125.267198;1.813;0.098;0.147;1;1283820482
-125.252113;1.7149999;0.147;0.147;1;1283835567
-125.239400;1.7639999;0.147;0.147;1;1283848280
-125.228887;1.7639999;0.098;0.147;1;1283858793
-125.212743;1.813;0.098;0.196;1;1283874937
-125.192862;1.7639999;0.147;0.147;1;1283894818
-125.178140;1.7639999;0.147;0.147;1;1283909540
-125.167693;1.7639999;0.147;0.196;1;1283919987
-125.155216;1.7639999;0.147;0.147;1;1283932464
-125.107714;1.7639999;0.147;0.196;1;1283979966
-125.087115;1.7149999;0.147;0.196;1;1284000565
-125.075477;1.7639999;0.147;0.244999984;1;1284012203
-125.062408;1.7639999;0.147;0.196;1;1284025272
-125.049737;1.7149999;0.147;0.147;1;1284037943
-125.038350;1.7639999;0.147;0.196;1;1284049330
-125.027709;1.7639999;0.098;0.196;1;1284059971
-125.011849;1.7149999;0.098;0.196;1;1284075831
-124.999559;1.7639999;0.196;0.147;1;1284088121
-124.986616;1.7639999;0.098;0.196;1;1284101064
-124.975183;1.7639999;0.098;0.196;1;1284112497
-124.952836;1.7149999;0.147;0.244999984;1;1284134844
-124.934966;1.7639999;0.098;0.196;1;1284152714
-124.910261;1.7639999;0.147;0.147;1;1284177419
-124.899537;1.7639999;0.147;0.196;1;1284188143
-124.882599;1.7639999;0.147;0.196;1;1284205081
-124.871599;1.813;0.098;0.147;1;1284216081
-124.841174;1.7639999;0.098;0.196;1;1284246506
-124.827619;1.7639999;0.147;0.196;1;1284260061
-124.816565;1.7149999;0.147;0.196;1;1284271115
-124.792767;1.7639999;0.147;0.196;1;1284294913
-124.778435;1.7639999;0.147;0.196;1;1284309245
-124.767934;1.7149999;0.147;0.196;1;1284319746
-124.713495;1.7639999;0.098;0.147;1;1284374185
-124.697914;1.813;0.147;0.147;1;1284389766
-124.679979;1.7639999;0.196;0.196;1;1284407701
-124.668761;1.7639999;0.147;0.196;1;1284418919
-124.654957;1.813;0.196;0.147;1;1284432723
-124.643996;1.7149999;0.196;0.147;1;1284443684
-124.630115;1.7639999;0.098;0.196;1;1284457565
-124.618954;1.813;0.098;0.147;1;1284468726
-124.601393;1.813;0.147;0.196;1;1284486287
-124.576515;1.813;0.098;0.196;1;1284511165
-124.565673;1.7149999;0.196;0.147;1;1284522007
-124.553795;1.7639999;0.098;0.196;1;1284533885
-124.542726;1.862;0.147;0.147;1;1284544954
-124.527683;1.7639999;0.098;0.147;1;1284559997
-124.511455;1.7639999;0.147;0.147;1;1284576225
-124.499119;1.7149999;0.098;0.196;1;1284588561
-124.488106;1.7639999;0.147;0.196;1;1284599574
-124.476413;1.7149999;0.147;0.196;1;1284611267
-124.464775;1.7639999;0.147;0.196;1;1284622905
-124.451050;1.7639999;0.196;0.147;1;1284636630
-124.431744;1.7639999;0.147;0.049;1;1284655936
-124.420349;1.7639999;0.147;0.147;1;1284667331
-124.409955;1.7639999;0.098;0.147;1;1284677725
-124.396614;1.813;0.147;0.147;1;1284691066
-124.385299;1.7639999;0.147;0.196;1;1284702381
-124.373295;1.7639999;0.098;0.196;1;1284714385
-124.362095;1.813;0.147;0.196;1;1284725585
-124.347438;1.7639999;0.147;0.147;1;1284740242
-124.313761;1.7639999;0.098;0.147;1;1284773919
-124.300297;1.7639999;0.098;0.196;1;1284787383
-124.286402;1.7639999;0.196;0.147;1;1284801278
-124.273761;1.7639999;0.147;0.147;1;1284813919
-124.260517;1.7639999;0.098;0.196;1;1284827163
-124.249235;1.813;0.147;0.196;1;1284838445
-124.211610;1.7639999;0.147;0.196;1;1284876070
-124.197634;1.813;0.098;0.147;1;1284890046
-124.185055;1.7639999;0.147;0.244999984;1;1284902625
-124.172042;1.7639999;0.147;0.196;1;1284915638
-124.153836;1.813;0.098;0.196;1;1284933844
-124.137636;1.7639999;0.196;0.196;1;1284950044
-124.126097;1.7639999;0.147;0.196;1;1284961583
-124.100300;1.813;0.098;0.098;1;1284987380
-124.088035;1.7639999;0.098;0.244999984;1;1284999645
-124.074662;1.7639999;0.098;0.147;1;1285013018
-124.063786;1.7149999;0.147;0.147;1;1285023894
-124.046830;1.813;0.147;0.147;1;1285040850
-124.022904;1.7639999;0.147;0.196;1;1285064776
-124.010124;1.7149999;0.147;0.147;1;1285077556
-123.998436;1.813;0.147;0.196;1;1285089244
-123.985412;1.7149999;0.147;0.196;1;1285102268
-123.973216;1.7149999;0.147;0.196;1;1285114464
-123.946135;1.7149999;0.147;0.147;1;1285141545
-123.935521;1.7639999;0.098;0.147;1;1285152159
-123.911821;1.7149999;0.098;0.147;1;1285175859
-123.898140;1.7639999;0.147;0.196;1;1285189540
-123.842729;1.7639999;0.147;0.147;1;1285244951
-123.827531;1.7639999;0.147;0.196;1;1285260149
-123.814659;1.7639999;0.196;0.147;1;1285273021
-123.792776;1.7639999;0.147;0.196;1;1285294904
-123.779464;1.7149999;0.147;0.147;1;1285308216
-123.768241;1.7639999;0.098;0.196;1;1285319439
-123.744096;1.7639999;0.147;0.196;1;1285343584
-123.730586;1.813;0.147;0.196;1;1285357094
-123.712503;1.813;0.147;0.147;1;1285375177
-123.701080;1.7639999;0.147;0.147;1;1285386600
-123.677482;1.813;0.098;0.196;1;1285410198
-123.666819;1.813;0.147;0.098;1;1285420861
-123.652933;1.7149999;0.098;0.196;1;1285434747
-123.641868;1.7639999;0.098;0.196;1;1285445812
-123.630681;1.7149999;0.147;0.196;1;1285456999
-123.612898;1.7149999;0.147;0.098;1;1285474782
-123.599145;1.813;0.147;0.196;1;1285488535
-123.587257;1.7639999;0.147;0.147;1;1285500423
-123.576288;1.7639999;0.147;0.147;1;1285511392
-123.565723;1.7639999;0.098;0.196;1;1285521957
-123.549922;1.7639999;0.147;0.196;1;1285537758
-123.530892;1.7639999;0.147;0.196;1;1285556788
-123.512848;1.813;0.147;0.147;1;1285574832
-123.498109;1.7639999;0.098;0.196;1;1285589571
-123.475497;1.813;0.098;0.196;1;1285612183
-123.464329;1.813;0.098;0.244999984;1;1285623351
-123.449901;1.7639999;0.147;0.147;1;1285637779
-123.437422;1.813;0.098;0.196;1;1285650258
-123.397020;1.7639999;0.098;0.147;1;1285690660
-123.382749;1.813;0.098;0.147;1;1285704931
-123.368923;1.7639999;0.098;0.147;1;1285718757
-123.341199;1.813;0.147;0.196;1;1285746481
-123.328166;1.813;0.196;0.196;1;1285759514
-123.315019;1.7639999;0.098;0.147;1;1285772661
-123.304006;1.7639999;0.098;0.098;1;1285783674
-123.281014;1.7639999;0.147;0.244999984;1;1285806666
-123.269105;1.7639999;0.147;0.196;1;1285818575
-123.253344;1.7149999;0.147;0.196;1;1285834336
-123.219935;1.7639999;0.098;0.147;1;1285867745
-123.202870;1.7639999;0.147;0.244999984;1;1285884810
-123.187143;1.813;0.098;0.196;1;1285900537
-123.176840;1.7149999;0.196;0.196;1;1285910840
-123.165713;1.7639999;0.196;0.147;1;1285921967
-123.143617;1.7639999;0.147;0.244999984;1;1285944063
-123.131887;1.813;0.147;0.196;1;1285955793
-123.118668;1.7639999;0.147;0.196;1;1285969012
-123.103715;1.7639999;0.098;0.196;1;1285983965
-123.092420;1.7149999;0.098;0.196;1;1285995260
-123.080426;1.7639999;0.098;0.147;1;1286007254
-123.067337;1.7639999;0.147;0.196;1;1286020343
-123.054317;1.813;0.147;0.147;1;1286033363
-123.032917;1.7639999;0.147;0.196;1;1286054763
-123.021650;1.7639999;0.147;0.147;1;1286066030
-122.965176;1.7639999;0.147;0.147;1;1286122504
-122.943964;1.7149999;0.098;0.147;1;1286143716
-122.929454;1.7639999;0.147;0.196;1;1286158226
-122.912876;1.7639999;0.098;0.196;1;1286174804
-122.900405;1.7149999;0.147;0.196;1;1286187275
-122.876765;1.7639999;0.098;0.196;1;1286210915
-122.865931;1.813;0.147;0.196;1;1286221749
-122.849798;1.7639999;0.147;0.196;1;1286237882
-122.832876;1.7639999;0.147;0.147;1;1286254804
-122.821337;1.7639999;0.196;0.196;1;1286266343
-122.810586;1.862;0.147;0.147;1;1286277094
-122.798798;1.7639999;0.147;0.196;1;1286288882
-122.785038;1.813;0.049;0.147;1;1286302642
-122.773848;1.813;0.098;0.196;1;1286313832
-122.762883;1.813;0.147;0.244999984;1;1286324797
-122.745839;1.7149999;0.098;0.244999984;1;1286341841
-122.732586;1.7639999;0.147;0.196;1;1286355094
-122.722033;1.7639999;0.098;0.196;1;1286365647
-122.693568;1.7639999;0.147;0.196;1;1286394112
-122.682754;1.7639999;0.147;0.147;1;1286404926
-122.671074;1.813;0.147;0.196;1;1286416606
-122.660747;1.813;0.147;0.196;1;1286426933
-122.643587;1.7639999;0.098;0.196;1;1286444093
-122.628390;1.7639999;0.147;0.196;1;1286459290
-122.617935;1.7639999;0.098;0.196;1;1286469745
-122.592876;1.7639999;0.147;0.196;1;1286494804
-122.577713;1.7639999;0.147;0.147;1;1286509967
-122.566789;1.7639999;0.098;0.147;1;1286520891
-122.555503;1.7149999;0.147;0.147;1;1286532177
-122.532929;1.813;0.049;0.147;1;1286554751
-122.489625;1.7639999;0.147;0.147;1;1286598055
-122.465560;1.7639999;0.196;0.196;1;1286622120
-122.450378;1.7639999;0.147;0.196;1;1286637302
-122.439190;1.7639999;0.098;0.147;1;1286648490
-122.428839;1.7639999;0.147;0.147;1;1286658841
-122.417809;1.813;0.147;0.196;1;1286669871
-122.402290;1.7639999;0.098;0.196;1;1286685390
-122.377422;1.7639999;0.147;0.147;1;1286710258
-122.366931;1.7639999;0.147;0.147;1;1286720749
-122.351669;1.7149999;0.196;0.196;1;1286736011
-122.332879;1.813;0.147;0.196;1;1286754801
-122.321202;1.7639999;0.147;0.196;1;1286766478
-122.302481;1.813;0.147;0.244999984;1;1286785199
-122.287989;1.7639999;0.147;0.244999984;1;1286799691
-122.276447;1.7639999;0.147;0.147;1;1286811233
-122.265627;1.7639999;0.098;0.196;1;1286822053
-122.243777;1.7639999;0.147;0.196;1;1286843903
-122.231753;1.7639999;0.147;0.196;1;1286855927
-122.219776;1.7639999;0.147;0.147;1;1286867904
-122.206571;1.7639999;0.147;0.196;1;1286881109
-122.195541;1.813;0.098;0.147;1;1286892139
-122.184381;1.7639999;0.147;0.196;1;1286903299
-122.172465;1.813;0.098;0.196;1;1286915215
-122.161248;1.7639999;0.098;0.244999984;1;1286926432
-122.146394;1.7639999;0.147;0.196;1;1286941286
-122.135718;1.813;0.098;0.196;1;1286951962
-122.092695;1.7149999;0.147;0.196;1;1286994985
-122.072415;1.813;0.147;0.147;1;1287015265
-122.055866;1.7639999;0.098;0.196;1;1287031814
-122.040212;1.7639999;0.098;0.196;1;1287047468
-122.029276;1.7639999;0.098;0.196;1;1287058404
-122.014045;1.813;0.196;0.196;1;1287073635
-122.003272;1.7149999;0.147;0.196;1;1287084408
-121.992052;1.7639999;0.098;0.196;1;1287095628
-121.976707;1.7149999;0.196;0.196;1;1287110973
-121.963802;1.7149999;0.098;0.196;1;1287123878
-121.949354;1.7149999;0.196;0.196;1;1287138326
-121.931721;1.7639999;0.196;0.196;1;1287155959
-121.920779;1.7639999;0.147;0.196;1;1287166901
-121.901740;1.813;0.147;0.196;1;1287185940
-121.887240;1.7639999;0.098;0.196;1;1287200440
-121.876068;1.7639999;0.147;0.196;1;1287211612
-121.862233;1.7639999;0.098;0.147;1;1287225447
-121.834553;1.813;0.098;0.196;1;1287253127
-121.812879;1.7639999;0.196;0.196;1;1287274801
-121.799996;1.7639999;0.098;0.147;1;1287287684
-121.787510;1.7639999;0.098;0.147;1;1287300170
-121.776387;1.7639999;0.147;0.147;1;1287311293
-121.765745;1.7639999;0.147;0.196;1;1287321935
-121.750774;1.7149999;0.098;0.196;1;1287336906
-121.732925;1.7149999;0.147;0.196;1;1287354755
-121.721797;1.7149999;0.147;0.147;1;1287365883
-121.704486;1.7149999;0.147;0.196;1;1287383194
-121.689371;1.7639999;0.147;0.294;1;1287398309
-121.678946;1.7639999;0.147;0.196;1;1287408734
-121.667538;1.813;0.147;0.196;1;1287420142
-121.626763;1.813;0.147;0.196;1;1287460917
-121.613876;1.7639999;0.147;0.244999984;1;1287473804
-121.602780;1.7639999;0.098;0.244999984;1;1287484900
-121.586166;1.7149999;0.147;0.196;1;1287501514
-121.575653;1.7149999;0.098;0.147;1;1287512027
-121.562486;1.813;0.147;0.196;1;1287525194
-121.546934;1.813;0.147;0.147;1;1287540746
-121.534270;1.7639999;0.098;0.244999984;1;1287553410
-121.520874;1.7639999;0.147;0.196;1;1287566806
-121.507647;1.7639999;0.098;0.147;1;1287580033
-121.496226;1.7639999;0.147;0.147;1;1287591454
-121.485796;1.7149999;0.196;0.147;1;1287601884
-121.474453;1.666;0.147;0.196;1;1287613227
-121.463815;1.813;0.147;0.196;1;1287623865
-121.444850;1.7639999;0.098;0.196;1;1287642830
-121.433009;1.7639999;0.098;0.147;1;1287654671
-121.421495;1.813;0.098;0.196;1;1287666185
-121.405178;1.7639999;0.098;0.147;1;1287682502
-121.394799;1.813;0.147;0.196;1;1287692881
-121.382329;1.7639999;0.147;0.196;1;1287705351
-121.371620;1.7639999;0.147;0.196;1;1287716060
-121.360259;1.7149999;0.147;0.196;1;1287727421
-121.347562;1.813;0.098;0.244999984;1;1287740118
-121.331654;1.7639999;0.147;0.147;1;1287756026
-121.306217;1.813;0.098;0.147;1;1287781463
-121.295662;1.7639999;0.147;0.147;1;1287792018
-121.281409;1.813;0.147;0.196;1;1287806271
-121.271007;1.813;0.147;0.196;1;1287816673
-121.258632;1.7639999;;0.021;0;1287829048
-121.228380;1.7639999;0.147;0.196;1;1287859300
-121.207021;1.7639999;0.147;0.196;1;1287880659
-121.193626;1.7639999;0.147;0.147;1;1287894054
-121.177683;1.7639999;0.147;0.196;1;1287909997
-121.166728;1.813;0.098;0.196;1;1287920952
-121.142765;1.7639999;0.098;0.196;1;1287944915
-121.126360;1.7149999;0.098;0.147;1;1287961320
-121.115405;1.813;0.147;0.098;1;1287972275
-121.101031;1.7639999;0.098;0.196;1;1287986649
-121.075702;1.7639999;0.147;0.196;1;1288011978
-121.064171;1.7639999;0.147;0.147;1;1288023509
-121.052270;1.813;0.147;0.244999984;1;1288035410
-121.041530;1.7639999;0.196;0.147;1;1288046150
-121.027991;1.813;0.147;0.196;1;1288059689
-121.014403;1.813;0.098;0.147;1;1288073277
-120.990016;1.7639999;0.147;0.196;1;1288097664
-120.976769;1.813;0.147;0.147;1;1288110911
-120.964534;1.813;0.196;0.196;1;1288123146
-120.948645;1.7639999;0.196;0.147;1;1288139035
-120.931695;1.7639999;0.147;0.098;1;1288155985
-120.920683;1.7639999;0.098;0.147;1;1288166997
-120.908993;1.813;0.098;0.196;1;1288178687
-120.898367;1.7639999;0.147;0.196;1;1288189313
-120.886188;1.7149999;0.147;0.147;1;1288201492
-120.874155;1.7639999;0.147;0.196;1;1288213525
-120.863677;1.7639999;0.147;0.147;1;1288224003
-120.847181;1.7639999;0.147;0.196;1;1288240499
-120.836780;1.813;0.098;0.196;1;1288250900
-120.825497;1.7149999;0.098;0.196;1;1288262183
-120.788208;1.7639999;0.098;0.196;1;1288299472
-120.775824;1.813;0.098;0.244999984;1;1288311856
-120.760826;1.7639999;0.147;0.196;1;1288326854
-120.749988;1.7639999;0.098;0.196;1;1288337692
-120.734763;1.7639999;0.147;0.196;1;1288352917
-120.716957;1.813;0.147;0.147;1;1288370723
-120.702880;1.7639999;0.196;0.196;1;1288384800
-120.679885;1.7639999;0.147;0.147;1;1288407795
-120.667704;1.7639999;0.098;0.147;1;1288419976
-120.643915;1.7639999;0.147;0.147;1;1288443765
-120.632997;1.7639999;0.098;0.196;1;1288454683
-120.610890;1.7639999;0.098;0.196;1;1288476790
-120.599182;1.7639999;0.147;0.244999984;1;1288488498
-120.587872;1.7639999;0.098;0.196;1;1288499808
-120.574572;1.7639999;0.147;0.196;1;1288513108
-120.563688;1.7149999;0.147;0.147;1;1288523992
-120.548516;1.7639999;0.098;0.196;1;1288539164
-120.532917;1.7149999;0.147;0.196;1;1288554763
-120.521798;1.7639999;0.098;0.196;1;1288565882
-120.508688;1.7639999;0.147;0.196;1;1288578992
-120.496744;1.7149999;0.147;0.147;1;1288590936
-120.485815;1.7639999;0.098;0.244999984;1;1288601865
-120.474307;1.7639999;0.098;0.196;1;1288613373
-120.462808;1.813;0.147;0.196;1;1288624872
-120.447905;1.813;0.098;0.196;1;1288639775
-120.437030;1.7639999;0.098;0.244999984;1;1288650650
-120.401703;1.813;0.098;0.244999984;1;1288685977
-120.362641;1.813;0.147;0.147;1;1288725039
-120.345506;1.7639999;0.098;0.196;1;1288742174
-120.326475;1.7639999;0.147;0.196;1;1288761205
-120.314394;1.7639999;0.147;0.147;1;1288773286
-120.292829;1.7149999;0.147;0.244999984;1;1288794851
-120.279160;1.7639999;0.147;0.196;1;1288808520
-120.267907;1.7639999;0.098;0.196;1;1288819773
-120.250354;1.7149999;0.147;0.147;1;1288837326
-120.230889;1.813;0.098;0.196;1;1288856791
-120.217783;1.7639999;0.147;0.147;1;1288869897
-120.200418;1.7639999;0.098;0.098;1;1288887262
-120.177257;1.7639999;0.049;0.196;1;1288910423
-120.166862;1.7639999;0.196;0.147;1;1288920818
-120.149772;1.7639999;0.098;0.244999984;1;1288937908
-120.138718;1.813;0.147;0.147;1;1288948962
-120.127118;1.7639999;0.147;0.147;1;1288960562
-120.110894;1.813;0.147;0.147;1;1288976786
-120.096816;1.7639999;0.147;0.196;1;1288990864
-120.073870;1.813;0.147;0.196;1;1289013810
-120.045522;1.7639999;0.147;0.147;1;1289042158
-120.032630;1.7639999;0.098;0.196;1;1289055050
-120.021867;1.7639999;0.147;0.196;1;1289065813
-119.993597;1.7639999;0.147;0.196;1;1289094083
-119.954447;1.7639999;0.147;0.147;1;1289133233
-119.935456;1.813;0.049;0.196;1;1289152224
-119.912665;1.7639999;0.147;0.147;1;1289175015
-119.896192;1.7639999;0.098;0.147;1;1289191488
-119.873626;1.7639999;0.147;0.196;1;1289214054
-119.861858;1.813;0.147;0.147;1;1289225822
-119.847986;1.7639999;0.147;0.147;1;1289239694
-119.835609;1.7639999;0.147;0.244999984;1;1289252071
-119.801322;1.7639999;0.147;0.147;1;1289286358
-119.785928;1.7639999;0.147;0.196;1;1289301752
-119.772565;1.7639999;0.147;0.147;1;1289315115
-119.761805;1.7639999;0.147;0.147;1;1289325875
-119.750030;1.813;0.147;0.147;1;1289337650
-119.739779;1.7639999;0.147;0.196;1;1289347901
-119.728032;1.813;0.098;0.196;1;1289359648
-119.716063;1.7149999;0.147;0.196;1;1289371617
-119.694546;1.813;0.147;0.196;1;1289393134
-119.683798;1.7639999;0.147;0.196;1;1289403882
-119.670085;1.7639999;0.147;0.196;1;1289417595
-119.646179;1.7639999;0.098;0.147;1;1289441501
-119.634824;1.813;0.147;0.098;1;1289452856
-119.589088;1.666;0.147;0.098;1;1289498592
-119.578746;1.7639999;0.098;0.196;1;1289508934
-119.565770;1.7639999;0.098;0.196;1;1289521910
-119.542873;1.7639999;0.098;0.147;1;1289544807
-119.526774;1.7639999;0.147;0.147;1;1289560906
-119.485834;1.7149999;0.147;0.196;1;1289601846
-119.472301;1.7639999;0.196;0.147;1;1289615379
-119.446682;1.7639999;0.098;0.196;1;1289640998
-119.435746;1.7639999;0.098;0.196;1;1289651934
-119.409763;1.862;0.098;0.196;1;1289677917
-119.396376;1.7639999;0.147;0.196;1;1289691304
-119.385006;1.813;0.147;0.196;1;1289702674
-119.373056;1.813;0.147;0.196;1;1289714624
-119.362167;1.7639999;0.098;0.147;1;1289725513
-119.346140;1.7639999;0.147;0.196;1;1289741540
-119.331661;1.7639999;0.147;0.196;1;1289756019
-119.320468;1.813;0.147;0.196;1;1289767212
-119.308262;1.813;0.147;0.196;1;1289779418
-119.297514;1.813;0.147;0.196;1;1289790166
-119.286130;1.813;0.098;0.147;1;1289801550
-119.273789;1.7639999;0.147;0.147;1;1289813891
-119.262079;1.813;0.147;0.147;1;1289825601
-119.247685;1.7149999;0.147;0.196;1;1289839995
-119.236204;1.7639999;0.147;0.196;1;1289851476
-119.184657;1.7149999;0.098;0.196;1;1289903023
-119.169958;1.7149999;0.147;0.196;1;1289917722
-119.141709;1.7149999;0.147;0.196;1;1289945971
-119.130811;1.813;0.147;0.244999984;1;1289956869
-119.117055;1.813;0.098;0.196;1;1289970625
-119.105549;1.7149999;0.098;0.147;1;1289982131
-119.094252;1.813;0.147;0.196;1;1289993428
-119.054464;1.813;0.098;0.147;1;1290033216
-119.037277;1.7639999;0.147;0.196;1;1290050403
-119.014778;1.813;0.098;0.147;1;1290072902
-119.001988;1.7639999;0.147;0.147;1;1290085692
-118.990583;1.7639999;0.147;0.147;1;1290097097
-118.977256;1.813;0.147;0.098;1;1290110424
-118.966694;1.862;0.098;0.196;1;1290120986
-118.951230;1.7639999;0.098;0.196;1;1290136450
-118.938162;1.7639999;0.147;0.196;1;1290149518
-118.927745;1.813;0.147;0.244999984;1;1290159935
-118.911815;1.7149999;0.147;0.147;1;1290175865
-118.898108;1.7149999;0.098;0.244999984;1;1290189572
-118.886510;1.7639999;0.196;0.196;1;1290201170
-118.873156;1.813;0.098;0.196;1;1290214524
-118.860257;1.7639999;0.196;0.196;1;1290227423
-118.849178;1.813;0.147;0.147;1;1290238502
-118.832808;1.862;0.098;0.147;1;1290254872
-118.811630;1.862;0.098;0.196;1;1290276050
-118.799076;1.813;0.147;0.196;1;1290288604
-118.781720;1.7639999;0.098;0.196;1;1290305960
-118.770047;1.7639999;0.147;0.196;1;1290317633
-118.753602;1.7149999;0.196;0.147;1;1290334078
-118.741963;1.7639999;0.147;0.244999984;1;1290345717
-118.730072;1.813;0.098;0.147;1;1290357608
-118.701476;1.813;0.098;0.147;1;1290386204
-118.677447;1.7639999;0.098;0.196;1;1290410233
-118.666930;1.7639999;0.098;0.196;1;1290420750
-118.633168;1.813;0.196;0.196;1;1290454512
-118.610147;1.7639999;0.098;0.244999984;1;1290477533
-118.598482;1.7149999;0.098;0.147;1;1290489198
-118.576801;1.7639999;0.147;0.147;1;1290510879
-118.563549;1.7639999;0.147;0.147;1;1290524131
-118.551130;1.7639999;0.147;0.147;1;1290536550
-118.539134;1.7639999;0.147;0.098;1;1290548546
-118.529043;1.7149999;0.196;0.147;1;1290558637
-118.507683;1.813;0.147;0.244999984;1;1290579997
-118.496010;1.7639999;0.147;0.196;1;1290591670
-118.483045;1.7639999;0.147;0.196;1;1290604635
-118.464305;1.7639999;0.147;0.196;1;1290623375
-118.453509;1.7639999;0.098;0.147;1;1290634171
-118.433016;1.7639999;0.098;0.147;1;1290654664
-118.419360;1.7639999;0.147;0.147;1;1290668320
-118.400434;1.7639999;0.098;0.196;1;1290687246
-118.388761;1.7639999;0.147;0.147;1;1290698919
-118.375498;1.7149999;0.147;0.147;1;1290712182
-118.364902;1.7149999;0.147;0.196;1;1290722778
-118.338213;1.7639999;0.098;0.244999984;1;1290749467
-118.327851;1.813;0.098;0.196;1;1290759829
-118.285360;1.813;0.098;0.147;1;1290802320
-118.272576;1.7639999;0.147;0.098;1;1290815104
-118.261345;1.7149999;0.098;0.196;1;1290826335
-118.250788;1.7639999;0.196;0.196;1;1290836892
-118.239952;1.7639999;0.098;0.147;1;1290847728
-118.213883;1.813;0.098;0.196;1;1290873797
-118.192956;1.7639999;0.147;0.196;1;1290894724
-118.127425;1.7639999;0.147;0.147;1;1290960255
-118.114748;1.7639999;0.098;0.147;1;1290972932
-118.099664;1.813;0.049;0.196;1;1290988016
-118.087603;1.7639999;0.098;0.196;1;1291000077
-118.076809;1.7639999;0.147;0.196;1;1291010871
-118.065344;1.7639999;0.147;0.196;1;1291022336
-118.041772;1.7639999;0.147;0.147;1;1291045908
-118.029502;1.813;0.147;0.147;1;1291058178
-118.018308;1.7639999;0.147;0.196;1;1291069372
-118.001771;1.7149999;0.147;0.196;1;1291085909
-117.987625;1.7639999;0.147;0.196;1;1291100055
-117.975079;1.7639999;0.098;0.147;1;1291112601
-117.963516;1.7639999;0.098;0.196;1;1291124164
-117.952549;1.7639999;0.098;0.196;1;1291135131
-117.939735;1.7639999;0.098;0.147;1;1291147945
-117.919631;1.7149999;0.147;0.196;1;1291168049
-117.908331;1.7639999;0.147;0.147;1;1291179349
-117.897330;1.7639999;0.147;0.147;1;1291190350
-117.885026;1.666;0.196;0.147;1;1291202654
-117.874493;1.7639999;0.147;0.196;1;1291213187
-117.858616;1.7639999;0.147;0.244999984;1;1291229064
-117.841590;1.7639999;0.098;0.147;1;1291246090
-117.829502;1.7149999;0.147;0.196;1;1291258178
-117.817686;1.7149999;0.196;0.196;1;1291269994
-117.805336;1.7639999;0.098;0.147;1;1291282344
-117.776631;1.813;0.147;0.147;1;1291311049
-117.765811;1.7639999;0.098;0.196;1;1291321869
-117.729745;1.7149999;0.147;0.196;1;1291357935
-117.713844;1.7639999;0.147;0.196;1;1291373836
-117.701087;1.7639999;0.147;0.196;1;1291386593
-117.678325;1.7149999;0.147;0.196;1;1291409355
-117.667764;1.7639999;0.098;0.196;1;1291419916
-117.649847;1.7149999;0.147;0.147;1;1291437833
-117.638903;1.7639999;0.147;0.196;1;1291448777
-117.627787;1.813;0.196;0.147;1;1291459893
-117.585325;1.7639999;0.147;0.196;1;1291502355
-117.574614;1.7639999;0.147;0.196;1;1291513066
-117.563885;1.7639999;0.147;0.244999984;1;1291523795
-117.552893;1.7639999;0.147;0.244999984;1;1291534787
-117.539969;1.7639999;0.147;0.147;1;1291547711
-117.528918;1.7639999;0.098;0.147;1;1291558762
-117.510724;1.7149999;0.196;0.196;1;1291576956
-117.496096;1.7149999;0.147;0.147;1;1291591584
-117.481587;1.7639999;0.098;0.196;1;1291606093
-117.462719;1.7639999;0.098;0.147;1;1291624961
-117.451646;1.7639999;0.196;0.147;1;1291636034
-117.428889;1.7639999;0.147;0.147;1;1291658791
-117.411702;1.7639999;0.147;0.147;1;1291675978
-117.399147;1.813;0.147;0.147;1;1291688533
-117.387953;1.813;0.098;0.147;1;1291699727
-117.374031;1.813;0.098;0.244999984;1;1291713649
-117.362422;1.7639999;0.098;0.196;1;1291725258
-117.346128;1.813;0.147;0.196;1;1291741552
-117.331742;1.7639999;0.098;0.196;1;1291755938
-117.311104;1.813;0.147;0.147;1;1291776576
-117.274392;1.7639999;0.098;0.147;1;1291813288
-117.253739;1.7639999;0.147;0.244999984;1;1291833941
-117.240762;1.7149999;0.147;0.196;1;1291846918
-117.221629;1.7639999;0.098;0.147;1;1291866051
-117.202854;1.813;0.147;0.147;1;1291884826
-117.190158;1.7639999;0.098;0.147;1;1291897522
-117.179969;1.7149999;0.098;0.196;1;1291907711
-117.164840;1.7639999;0.147;0.196;1;1291922840
-117.151837;1.7149999;0.147;0.244999984;1;1291935843
-117.140627;1.7639999;0.147;0.196;1;1291947053
-117.129804;1.7149999;0.147;0.196;1;1291957876
-117.117974;1.7639999;0.098;0.147;1;1291969706
-117.106065;1.7149999;0.147;0.196;1;1291981615
-117.080043;1.813;0.098;0.244999984;1;1292007637
-117.067149;1.7639999;0.147;0.147;1;1292020531
-117.054352;1.7639999;0.147;0.147;1;1292033328
-117.042595;1.7639999;0.098;0.244999984;1;1292045085
-117.031982;1.7639999;0.098;0.196;1;1292055698
-117.019576;1.813;0.147;0.147;1;1292068104
-117.002886;1.7639999;0.147;0.196;1;1292084794
-116.977548;1.7639999;0.147;0.147;1;1292110132
-116.966045;1.7639999;0.098;0.147;1;1292121635
-116.952831;1.813;0.098;0.147;1;1292134849
-116.939768;1.7639999;0.098;0.244999984;1;1292147912
-116.928921;1.7639999;0.098;0.196;1;1292158759
-116.909644;1.7639999;0.196;0.196;1;1292178036
-116.896128;1.7639999;0.196;0.196;1;1292191552
-116.882959;1.7639999;0.147;0.147;1;1292204721
-116.849699;1.813;0.098;0.098;1;1292237981
-116.834719;1.7639999;0.196;0.196;1;1292252961
-116.822256;1.813;0.147;0.196;1;1292265424
-116.801670;1.7639999;0.147;0.196;1;1292286010
-116.787387;1.7639999;0.098;0.196;1;1292300293
-116.775585;1.813;0.196;0.147;1;1292312095
-116.763345;1.813;0.147;0.196;1;1292324335
-116.752614;1.7639999;0.147;0.196;1;1292335066
-116.737808;1.7639999;0.098;0.147;1;1292349872
-116.714854;1.7639999;0.098;0.147;1;1292372826
-116.691738;1.7639999;0.098;0.147;1;1292395942
-116.676541;1.7639999;0.098;0.196;1;1292411139
-116.665383;1.813;0.147;0.196;1;1292422297
-116.653037;1.7639999;0.098;0.196;1;1292434643
-116.618065;1.7639999;0.147;0.196;1;1292469615
-116.598696;1.7639999;0.147;0.147;1;1292488984
-116.585069;1.813;0.147;0.147;1;1292502611
-116.572745;1.7639999;0.147;0.147;1;1292514935
-116.561533;1.7639999;0.098;0.147;1;1292526147
-116.549169;1.7149999;0.147;0.196;1;1292538511
-116.537935;1.7639999;0.098;0.147;1;1292549745
-116.523447;1.7639999;0.098;0.147;1;1292564233
-116.501541;1.7639999;0.147;0.196;1;1292586139
-116.477418;1.7639999;0.098;0.196;1;1292610262
-116.464611;1.7149999;0.147;0.147;1;1292623069
-116.453826;1.7639999;0.098;0.196;1;1292633854
-116.442784;1.7639999;0.098;0.196;1;1292644896
-116.431764;1.7639999;0.147;0.147;1;1292655916
-116.387224;1.7639999;0.147;0.147;1;1292700456
-116.371359;1.7639999;0.147;0.244999984;1;1292716321
-116.359594;1.7149999;0.196;0.196;1;1292728086
-116.347795;1.7639999;0.098;0.147;1;1292739885
-116.331749;1.813;0.098;0.147;1;1292755931
-116.320608;1.862;0.098;0.244999984;1;1292767072
-116.300791;1.7149999;0.098;0.147;1;1292786889
-116.285797;1.7639999;0.147;0.147;1;1292801883
-116.272295;1.7639999;0.147;0.147;1;1292815385
-116.261640;1.7639999;0.147;0.147;1;1292826040
-116.249207;1.7149999;0.147;0.196;1;1292838473
-116.238765;1.7639999;0.098;0.196;1;1292848915
-116.213485;1.7149999;0.098;0.196;1;1292874195
-116.198163;1.7149999;0.098;0.244999984;1;1292889517
-116.185713;1.7639999;0.147;0.147;1;1292901967
-116.174476;1.7639999;0.147;0.147;1;1292913204
-116.147000;1.7639999;0.147;0.147;1;1292940680
-116.135980;1.7639999;0.147;0.196;1;1292951700
-116.108081;1.7639999;0.147;0.196;1;1292979599
-116.092544;1.813;0.098;0.196;1;1292995136
-116.076238;1.7639999;0.147;0.147;1;1293011442
-116.065730;1.7639999;0.147;0.196;1;1293021950
-116.053932;1.7639999;0.098;0.196;1;1293033748
-116.042959;1.7639999;0.098;0.147;1;1293044721
-116.030774;1.813;0.098;0.196;1;1293056906
-116.019996;1.813;0.098;0.098;1;1293067684
-116.008474;1.7639999;0.098;0.147;1;1293079206
-115.994315;1.7639999;0.147;0.147;1;1293093365
-115.982924;1.7639999;0.147;0.196;1;1293104756
-115.920295;1.813;0.147;0.147;1;1293167385
-115.908880;1.7639999;0.098;0.098;1;1293178800
-115.894239;1.7639999;0.098;0.147;1;1293193441
-115.876648;1.813;0.098;0.196;1;1293211032
-115.865242;1.7639999;0.196;0.147;1;1293222438
-115.852674;1.7639999;0.147;0.244999984;1;1293235006
-115.838591;1.7149999;0.147;0.147;1;1293249089
-115.821085;1.7639999;0.147;0.147;1;1293266595
-115.810471;1.7639999;0.147;0.147;1;1293277209
-115.798939;1.813;0.147;0.196;1;1293288741
-115.785433;1.813;0.147;0.196;1;1293302247
-115.762830;1.7149999;0.147;0.196;1;1293324850
-115.748040;1.7149999;0.196;0.196;1;1293339640
-115.732826;1.7639999;0.147;0.196;1;1293354854
-115.721863;1.7639999;0.147;0.196;1;1293365817
-115.710968;1.813;0.098;0.244999984;1;1293376712
-115.699807;1.7639999;0.147;0.147;1;1293387873
-115.688693;1.7639999;0.147;0.196;1;1293398987
-115.675948;1.7639999;0.147;0.196;1;1293411732
-115.664807;1.813;0.147;0.196;1;1293422873
-115.649819;1.7639999;0.098;0.147;1;1293437861
-115.638706;1.7639999;0.147;0.196;1;1293448974
-115.627267;1.7639999;0.196;0.196;1;1293460413
-115.612494;1.7639999;0.147;0.147;1;1293475186
-115.601066;1.7639999;0.147;0.196;1;1293486614
-115.589504;1.7639999;0.098;0.196;1;1293498176
-115.578070;1.7639999;0.098;0.196;1;1293509610
-115.540860;1.7639999;0.098;0.196;1;1293546820
-115.521972;1.813;0.147;0.147;1;1293565708
-115.498959;1.813;0.098;0.196;1;1293588721
-115.487659;1.7639999;0.147;0.196;1;1293600021
-115.475689;1.7639999;0.098;0.196;1;1293611991
-115.464208;1.7639999;0.147;0.147;1;1293623472
-115.450171;1.7639999;0.147;0.196;1;1293637509
-115.437467;1.7639999;0.147;0.196;1;1293650213
-115.426194;1.7639999;0.147;0.244999984;1;1293661486
-115.405310;1.7639999;0.098;0.147;1;1293682370
-115.394552;1.813;0.147;0.196;1;1293693128
-115.372900;1.7639999;0.147;0.196;1;1293714780
-115.361794;1.7639999;0.147;0.147;1;1293725886
-115.348296;1.7639999;0.098;0.147;1;1293739384
-115.337806;1.7149999;0.147;0.196;1;1293749874
-115.303887;1.813;0.147;0.196;1;1293783793
-115.292475;1.7639999;0.147;0.196;1;1293795205
-115.281750;1.7639999;0.147;0.147;1;1293805930
-115.270816;1.7639999;0.098;0.196;1;1293816864
-115.259700;1.7639999;0.147;0.147;1;1293827980
-115.246085;1.7639999;0.147;0.244999984;1;1293841595
-115.228966;1.7639999;0.098;0.196;1;1293858714
-115.209761;1.7639999;0.098;0.196;1;1293877919
-115.198063;1.7639999;0.147;0.196;1;1293889617
-115.187315;1.7639999;0.098;0.147;1;1293900365
-115.174915;1.7639999;0.196;0.196;1;1293912765
-115.151670;1.7639999;0.098;0.147;1;1293936010
-115.136619;1.7639999;0.147;0.147;1;1293951061
-115.111709;1.7149999;0.147;0.147;1;1293975971
-115.069799;1.7639999;0.147;0.196;1;1294017881
-115.048997;1.813;0.147;0.196;1;1294038683
-115.030748;1.7639999;0.098;0.244999984;1;1294056932
-115.011623;1.7639999;0.147;0.196;1;1294076057
-114.994937;1.813;0.098;0.196;1;1294092743
-114.980829;1.7639999;0.098;0.196;1;1294106851
-114.969407;1.813;0.098;0.244999984;1;1294118273
-114.956587;1.7639999;0.147;0.147;1;1294131093
-114.945675;1.7639999;0.098;0.147;1;1294142005
-114.930758;1.813;0.098;0.196;1;1294156922
-114.912074;1.7639999;0.098;0.147;1;1294175606
-114.898072;1.7639999;0.147;0.147;1;1294189608
-114.886554;1.7639999;0.196;0.196;1;1294201126
-114.875348;1.7639999;0.098;0.147;1;1294212332
-114.864597;1.7149999;0.098;0.196;1;1294223083
-114.853070;1.813;0.098;0.147;1;1294234610
-114.831691;1.7639999;0.147;0.244999984;1;1294255989
-114.813403;1.7639999;0.098;0.098;1;1294274277
-114.798613;1.813;0.147;0.196;1;1294289067
-114.776535;1.7639999;0.098;0.196;1;1294311145
-114.765643;1.7639999;0.147;0.244999984;1;1294322037
-114.743620;1.7639999;0.098;0.244999984;1;1294344060
-114.730049;1.7639999;0.147;0.196;1;1294357631
-114.715317;1.813;0.147;0.147;1;1294372363
-114.704771;1.7639999;0.098;0.244999984;1;1294382909
-114.692016;1.813;0.147;0.196;1;1294395664
-114.678806;1.7149999;0.147;0.147;1;1294408874
-114.666233;1.813;0.147;0.196;1;1294421447
-114.629162;1.813;0.147;0.196;1;1294458518
-114.618075;1.7639999;0.147;0.196;1;1294469605
-114.583380;1.7639999;0.147;0.196;1;1294504300
-114.569163;1.813;0.147;0.196;1;1294518517
-114.542488;1.813;0.147;0.196;1;1294545192
-114.521698;1.7149999;0.098;0.147;1;1294565982
-114.509655;1.7149999;0.147;0.147;1;1294578025
-114.491778;1.813;0.147;0.196;1;1294595902
-114.477220;1.7149999;0.196;0.196;1;1294610460
-114.461563;1.7639999;0.147;0.196;1;1294626117
-114.445201;1.7639999;0.147;0.244999984;1;1294642479
-114.431389;1.7639999;0.147;0.147;1;1294656291
-114.419838;1.7639999;0.147;0.147;1;1294667842
-114.403992;1.7639999;0.098;0.196;1;1294683688
-114.392788;1.813;0.147;0.147;1;1294694892
-114.367808;1.7149999;0.098;0.196;1;1294719872
-114.354669;1.7639999;0.098;0.196;1;1294733011
-114.339612;1.813;0.098;0.196;1;1294748068
-114.321183;1.7639999;0.098;0.196;1;1294766497
-114.309900;1.813;0.147;0.196;1;1294777780
-114.292855;1.7639999;0.098;0.244999984;1;1294794825
-114.280405;1.813;0.098;0.196;1;1294807275
-114.262858;1.7639999;0.147;0.196;1;1294824822
-114.245567;1.7639999;0.098;0.147;1;1294842113
-114.229828;1.7639999;0.098;0.147;1;1294857852
-114.211412;1.7639999;0.147;0.147;1;1294876268
-114.199651;1.7639999;0.147;0.147;1;1294888029
-114.188799;1.7639999;0.098;0.196;1;1294898881
-114.177803;1.7639999;0.147;0.196;1;1294909877
-114.166822;1.7639999;0.098;0.196;1;1294920858
-114.128373;1.7149999;0.147;0.147;1;1294959307
-114.116338;1.7639999;0.147;0.196;1;1294971342
-114.098793;1.7639999;0.098;0.147;1;1294988887
-114.086671;1.7639999;0.147;0.147;1;1295001009
-114.074880;1.7149999;0.147;0.196;1;1295012800
-114.059224;1.7149999;0.098;0.147;1;1295028456
-114.045135;1.7639999;0.147;0.196;1;1295042545
-114.031324;1.7639999;0.147;0.147;1;1295056356
-114.017904;1.7639999;0.147;0.147;1;1295069776
-114.002334;1.7639999;0.147;0.196;1;1295085346
-113.981608;1.7639999;0.049;0.244999984;1;1295106072
-113.970260;1.813;0.147;0.147;1;1295117420
-113.959725;1.813;0.147;0.147;1;1295127955
-113.947266;1.7149999;0.147;0.196;1;1295140414
-113.936613;1.7639999;0.098;0.196;1;1295151067
-113.911757;1.7639999;0.098;0.147;1;1295175923
-113.897482;1.862;0.098;0.196;1;1295190198
-113.881707;1.7149999;0.147;0.196;1;1295205973
-113.870287;1.7639999;0.147;0.147;1;1295217393
-113.851734;1.7639999;0.098;0.196;1;1295235946
-113.834688;1.7639999;0.196;0.196;1;1295252992
-113.809244;1.7639999;0.098;0.196;1;1295278436
-113.797971;1.7149999;0.147;0.147;1;1295289709
-113.780802;1.813;0.147;0.147;1;1295306878
-113.769749;1.7639999;0.098;0.147;1;1295317931
-113.754184;1.813;0.147;0.147;1;1295333496
-113.743747;1.7149999;0.147;0.147;1;1295343933
-113.729281;1.813;0.098;0.147;1;1295358399
-113.710367;1.813;0.147;0.244999984;1;1295377313
-113.663284;1.7639999;0.147;0.196;1;1295424396
-113.633443;1.7149999;0.098;0.147;1;1295454237
-113.620821;1.7639999;0.147;0.196;1;1295466859
-113.608814;1.7639999;0.098;0.196;1;1295478866
-113.592244;1.7639999;0.147;0.147;1;1295495436
-113.579398;1.7639999;0.147;0.196;1;1295508282
-113.568583;1.862;0.147;0.147;1;1295519097
-113.549139;1.7639999;0.098;0.147;1;1295538541
-113.535369;1.7149999;0.147;0.196;1;1295552311
-113.485888;1.7639999;0.098;0.196;1;1295601792
-113.459284;1.7149999;0.147;0.147;1;1295628396
-113.442850;1.7639999;0.147;0.196;1;1295644830
-113.430887;1.813;0.147;0.196;1;1295656793
-113.417457;1.7149999;0.098;0.147;1;1295670223
-113.391991;1.7639999;0.196;0.147;1;1295695689
-113.376097;1.7149999;0.147;0.147;1;1295711583
-113.365928;1.7639999;0.147;0.244999984;1;1295721752
-113.336926;1.7149999;0.147;0.147;1;1295750754
-113.312797;1.813;0.098;0.196;1;1295774883
-113.301121;1.7149999;0.147;0.147;1;1295786559
-113.276708;1.813;0.147;0.294;1;1295810972
-113.265875;1.7639999;0.098;0.196;1;1295821805
-113.241779;1.7149999;0.147;0.147;1;1295845901
-113.203158;1.7639999;0.098;0.196;1;1295884522
-113.185900;1.7639999;0.196;0.196;1;1295901780
-113.171706;1.813;0.098;0.196;1;1295915974
-113.160313;1.7639999;0.196;0.196;1;1295927367
-113.146935;1.7149999;0.147;0.196;1;1295940745
-113.135933;1.7639999;0.147;0.147;1;1295951747
-113.112592;1.7639999;0.147;0.196;1;1295975088
-113.101627;1.7639999;0.147;0.147;1;1295986053
-113.076680;1.813;0.147;0.196;1;1296011000
-113.064697;1.813;0.098;0.244999984;1;1296022983
-113.045963;1.7149999;0.098;0.196;1;1296041717
-113.032857;1.7149999;0.196;0.196;1;1296054823
-113.010642;1.7639999;0.147;0.147;1;1296077038
-112.999754;1.7149999;0.147;0.196;1;1296087926
-112.985532;1.7639999;0.147;0.196;1;1296102148
-112.974829;1.7639999;0.049;0.196;1;1296112851
-112.959257;1.813;0.147;0.196;1;1296128423
-112.948830;1.7639999;0.147;0.196;1;1296138850
-112.932306;1.7149999;0.147;0.196;1;1296155374
-112.918414;1.862;0.147;0.196;1;1296169266
-112.901623;1.813;0.147;0.196;1;1296186057
-112.879285;1.813;0.098;0.196;1;1296208395
-112.866438;1.7639999;0.147;0.196;1;1296221242
-112.853754;1.813;0.147;0.147;1;1296233926
-112.841178;1.7639999;0.098;0.196;1;1296246502
-112.788393;1.7149999;0.196;0.147;1;1296299287
-112.777497;1.813;0.098;0.196;1;1296310183
-112.763387;1.7639999;0.098;0.147;1;1296324293
-112.737254;1.7149999;0.147;0.196;1;1296350426
-112.726725;1.7639999;0.098;0.147;1;1296360955
-112.715741;1.7639999;0.147;0.196;1;1296371939
-112.704269;1.7639999;0.147;0.196;1;1296383411
-112.678374;1.7149999;0.147;0.147;1;1296409306
-112.666917;1.7639999;0.147;0.147;1;1296420763
-112.653502;1.813;0.098;0.147;1;1296434178
-112.640337;1.7639999;0.147;0.196;1;1296447343
-112.628450;1.7639999;0.147;0.196;1;1296459230
-112.610744;1.7149999;0.147;0.244999984;1;1296476936
-112.597600;1.7639999;0.147;0.196;1;1296490080
-112.586447;1.7639999;0.147;0.147;1;1296501233
-112.575814;1.7639999;0.147;0.196;1;1296511866
-112.563569;1.813;0.147;0.147;1;1296524111
-112.550707;1.7639999;0.196;0.147;1;1296536973
-112.539115;1.813;0.098;0.196;1;1296548565
-112.521401;1.7639999;0.147;0.196;1;1296566279
-112.509536;1.7149999;0.147;0.147;1;1296578144
-112.490893;1.7639999;0.049;0.147;1;1296596787
-112.477805;1.7639999;0.098;0.196;1;1296609875
-112.466499;1.813;0.147;0.244999984;1;1296621181
-112.452602;1.7639999;0.147;0.196;1;1296635078
-112.434243;1.7639999;0.098;0.147;1;1296653437
-112.412891;1.7639999;0.098;0.196;1;1296674789
-112.401092;1.7639999;0.196;0.196;1;1296686588
-112.382876;1.813;0.098;0.196;1;1296704804
-112.369775;1.7149999;0.147;0.147;1;1296717905
-112.336223;1.7639999;0.147;0.244999984;1;1296751457
-112.322158;1.7639999;0.147;0.196;1;1296765522
-112.298128;1.7639999;0.147;0.244999984;1;1296789552
-112.286913;1.7639999;0.147;0.244999984;1;1296800767
-112.273754;1.7639999;0.147;0.196;1;1296813926
-112.262822;1.7639999;0.147;0.147;1;1296824858
-112.247547;1.7639999;0.147;0.196;1;1296840133
-112.230049;1.813;0.098;0.196;1;1296857631
-112.217828;1.7639999;0.147;0.244999984;1;1296869852
-112.184003;1.7639999;0.147;0.196;1;1296903677
-112.171905;1.7149999;0.098;0.196;1;1296915775
-112.160340;1.7149999;0.147;0.196;1;1296927340
-112.142548;1.7639999;0.147;0.147;1;1296945132
-112.131823;1.7639999;0.147;0.147;1;1296955857
-112.115768;1.7639999;0.098;0.147;1;1296971912
-112.104774;1.7639999;0.147;0.147;1;1296982906
-112.091797;1.7639999;0.147;0.147;1;1296995883
-112.078931;1.7639999;0.147;0.196;1;1297008749
-112.067861;1.813;0.147;0.147;1;1297019819
-112.052614;1.7639999;0.147;0.196;1;1297035066
-112.039470;1.813;0.098;0.147;1;1297048210
-112.028762;1.7639999;0.196;0.196;1;1297058918
-112.014118;1.7639999;0.147;0.196;1;1297073562
-112.000885;1.7639999;0.147;0.244999984;1;1297086795
-111.977406;1.7639999;0.196;0.196;1;1297110274
-111.966992;1.7639999;0.147;0.196;1;1297120688
-111.926013;1.7639999;0.098;0.147;1;1297161667
-111.907540;1.7639999;0.098;0.147;1;1297180140
-111.881784;1.7639999;0.196;0.196;1;1297205896
-111.869866;1.813;0.049;0.147;1;1297217814
-111.858774;1.7639999;;0.021;1;1297228906
-111.841914;1.7639999;0.098;0.196;1;1297245766
-111.829577;1.7149999;0.098;0.147;1;1297258103
-111.811074;1.7149999;0.098;0.147;1;1297276606
-111.791051;1.7639999;0.098;0.098;1;1297296629
-111.777137;1.813;0.098;0.147;1;1297310543
-111.764359;1.7149999;0.098;0.196;1;1297323321
-111.752614;1.7149999;0.147;0.196;1;1297335066
-111.731234;1.7149999;0.147;0.147;1;1297356446
-111.711644;1.813;0.147;0.147;1;1297376036
-111.694683;1.813;0.098;0.196;1;1297392997
-111.682209;1.7639999;0.098;0.196;1;1297405471
-111.669989;1.7639999;0.147;0.196;1;1297417691
-111.658888;1.813;0.098;0.196;1;1297428792
-111.647181;1.7639999;0.147;0.147;1;1297440499
-111.631759;1.7639999;0.147;0.196;1;1297455921
-111.611563;1.813;0.147;0.196;1;1297476117
-111.597896;1.7639999;0.098;0.244999984;1;1297489784
-111.586652;1.813;0.098;0.294;1;1297501028
-111.574057;1.7639999;0.098;0.147;1;1297513623
-111.548488;1.7639999;0.147;0.196;1;1297539192
-111.529536;1.7639999;0.147;0.147;1;1297558144
-111.511524;1.7639999;0.147;0.098;1;1297576156
-111.496985;1.7639999;0.196;0.098;1;1297590695
-111.449971;1.7639999;0.147;0.244999984;1;1297637709
-111.423444;1.7149999;0.098;0.196;1;1297664236
-111.410937;1.813;0.147;0.196;1;1297676743
-111.397573;1.7639999;0.098;0.244999984;1;1297690107
-111.379219;1.7639999;0.098;0.196;1;1297708461
-111.368329;1.813;0.098;0.147;1;1297719351
-111.355817;1.7639999;0.147;0.196;1;1297731863
-111.344758;1.7149999;0.147;0.147;1;1297742922
-111.333743;1.7639999;0.147;0.147;1;1297753937
-111.322739;1.7639999;0.098;0.196;1;1297764941
-111.309926;1.7639999;0.147;0.196;1;1297777754
-111.291301;1.7639999;0.098;0.196;1;1297796379
-111.273126;1.7639999;0.098;0.147;1;1297814554
-111.260755;1.7149999;0.147;0.196;1;1297826925
-111.249609;1.7639999;0.098;0.196;1;1297838071
-111.232807;1.7639999;0.147;0.196;1;1297854873
-111.211245;1.813;0.098;0.147;1;1297876435
-111.197385;1.7639999;0.098;0.196;1;1297890295
-111.186679;1.7639999;0.098;0.147;1;1297901001
-111.170716;1.7149999;0.098;0.196;1;1297916964
-111.150741;1.7639999;0.147;0.196;1;1297936939
-111.139786;1.7639999;0.147;0.196;1;1297947894
-111.127581;1.813;0.098;0.147;1;1297960099
-111.116943;1.7639999;0.147;0.196;1;1297970737
-111.102878;1.7639999;0.098;0.147;1;1297984802
-111.079289;1.813;0.147;0.196;1;1298008391
-111.067424;1.7149999;0.098;0.147;1;1298020256
-111.020938;1.813;0.147;0.196;1;1298066742
-111.009196;1.813;0.098;0.196;1;1298078484
-110.996857;1.7639999;0.098;0.196;1;1298090823
-110.985582;1.7639999;0.147;0.196;1;1298102098
-110.971995;1.7639999;0.098;0.196;1;1298115685
-110.951654;1.7639999;0.147;0.196;1;1298136026
-110.940909;1.7639999;0.147;0.196;1;1298146771
-110.928108;1.7639999;0.098;0.196;1;1298159572
-110.912900;1.7639999;0.147;0.196;1;1298174780
-110.896679;1.7639999;0.098;0.147;1;1298191001
-110.878070;1.7639999;0.147;0.244999984;1;1298209610
-110.864623;1.7639999;0.147;0.196;1;1298223057
-110.848801;1.7639999;0.098;0.196;1;1298238879
-110.832849;1.7639999;0.147;0.196;1;1298254831
-110.821022;1.7639999;0.147;0.244999984;1;1298266658
-110.802906;1.7149999;0.098;0.196;1;1298284774
-110.789618;1.7639999;0.098;0.244999984;1;1298298062
-110.778742;1.813;0.098;0.147;1;1298308938
-110.764758;1.7639999;0.098;0.196;1;1298322922
-110.751245;1.7149999;0.098;0.196;1;1298336435
-110.739811;1.7639999;0.147;0.196;1;1298347869
-110.719083;1.7639999;0.147;0.196;1;1298368597
-110.708779;1.7639999;0.098;0.147;1;1298378901
-110.696548;1.7149999;0.098;0.196;1;1298391132
-110.685406;1.7639999;0.098;0.196;1;1298402274
-110.674457;1.7639999;0.147;0.196;1;1298413223
-110.642300;1.7639999;0.098;0.196;1;1298445380
-110.621138;1.7639999;0.147;0.196;1;1298466542
-110.608053;1.7639999;0.147;0.147;1;1298479627
-110.576088;1.7149999;0.147;0.147;1;1298511592
-110.553011;1.7149999;0.196;0.147;1;1298534669
-110.537418;1.7639999;0.049;0.196;1;1298550262
-110.512355;1.7149999;0.147;0.196;1;1298575325
-110.498268;1.7639999;0.098;0.147;1;1298589412
-110.487923;1.813;0.147;0.196;1;1298599757
-110.475345;1.813;0.147;0.196;1;1298612335
-110.464755;1.813;0.147;0.147;1;1298622925
-110.449432;1.7639999;0.147;0.196;1;1298638248
-110.438902;1.7639999;0.098;0.147;1;1298648778
-110.424159;1.7639999;0.196;0.196;1;1298663521
-110.400128;1.7639999;0.147;0.196;1;1298687552
-110.385917;1.7639999;0.147;0.196;1;1298701763
-110.372585;1.7149999;0.147;0.196;1;1298715095
-110.362032;1.813;0.147;0.147;1;1298725648
-110.334438;1.7639999;0.098;0.196;1;1298753242
-110.310140;1.813;0.098;0.147;1;1298777540
-110.299490;1.813;0.098;0.147;1;1298788190
-110.279209;1.7639999;0.147;0.147;1;1298808471
-110.268829;1.7639999;0.147;0.196;1;1298818851
-110.244656;1.7639999;0.147;0.244999984;1;1298843024
-110.233281;1.7639999;0.147;0.244999984;1;1298854399
-110.219677;1.7639999;0.147;0.196;1;1298868003
-110.207506;1.7639999;0.147;0.244999984;1;1298880174
-110.195679;1.7639999;0.098;0.244999984;1;1298892001
-110.184316;1.7639999;0.147;0.147;1;1298903364
-110.172490;1.666;0.147;0.196;1;1298915190
-110.145715;1.813;0.147;0.147;1;1298941965
-110.086059;1.7149999;0.147;0.244999984;1;1299001621
-110.073820;1.7149999;0.147;0.196;1;1299013860
-110.047862;1.7639999;0.147;0.147;1;1299039818
-110.036075;1.7639999;0.147;0.147;1;1299051605
-110.021678;1.7639999;0.196;0.196;1;1299066002
-110.003459;1.813;0.098;0.244999984;1;1299084221
-109.978003;1.7639999;0.147;0.196;1;1299109677
-109.964099;1.7149999;0.147;0.196;1;1299123581
-109.940412;1.813;0.147;0.147;1;1299147268
-109.921734;1.7639999;0.098;0.196;1;1299165946
-109.908868;1.7639999;0.196;0.244999984;1;1299178812
-109.896123;1.7639999;0.196;0.147;1;1299191557
-109.885136;1.7639999;0.196;0.196;1;1299202544
-109.874702;1.7639999;0.147;0.196;1;1299212978
-109.841662;1.7639999;0.098;0.196;1;1299246018
-109.829056;1.7149999;0.196;0.147;1;1299258624
-109.816604;1.813;0.147;0.196;1;1299271076
-109.805664;1.813;0.147;0.196;1;1299282016
-109.793798;1.813;0.098;0.196;1;1299293882
-109.780308;1.7639999;0.098;0.196;1;1299307372
-109.767258;1.7639999;0.147;0.196;1;1299320422
-109.755130;1.7149999;0.147;0.196;1;1299332550
-109.743223;1.813;0.098;0.196;1;1299344457
-109.730426;1.7639999;0.147;0.098;1;1299357254
-109.719704;1.7639999;0.147;0.196;1;1299367976
-109.707227;1.7639999;0.098;0.196;1;1299380453
-109.693853;1.7639999;0.147;0.147;1;1299393827
-109.641448;1.7639999;0.196;0.196;1;1299446232
-109.626805;1.7639999;0.098;0.196;1;1299460875
-109.615699;1.7639999;0.196;0.196;1;1299471981
-109.604596;1.7639999;0.147;0.147;1;1299483084
-109.576788;1.7639999;0.147;0.244999984;1;1299510892
-109.564339;1.7149999;0.147;0.244999984;1;1299523341
-109.552185;1.7639999;0.147;0.147;1;1299535495
-109.518239;1.7149999;0.196;0.098;1;1299569441
-109.498644;1.7639999;0.196;0.196;1;1299589036
-109.487712;1.813;0.098;0.147;1;1299599968
-109.475235;1.813;0.098;0.147;1;1299612445
-109.464002;1.7639999;0.147;0.244999984;1;1299623678
-109.449233;1.813;0.147;0.147;1;1299638447
-109.438046;1.813;0.098;0.196;1;1299649634
-109.385240;1.813;0.098;0.147;1;1299702440
-109.372842;1.7149999;0.147;0.147;1;1299714838
-109.361820;1.7639999;0.147;0.196;1;1299725860
-109.349570;1.7639999;0.147;0.196;1;1299738110
-109.332921;1.813;0.098;0.196;1;1299754759
-109.319693;1.7639999;0.098;0.196;1;1299767987
-109.303368;1.7639999;0.196;0.196;1;1299784312
-109.278910;1.7639999;0.098;0.196;1;1299808770
-109.266112;1.7639999;0.147;0.196;1;1299821568
-109.255511;1.813;0.098;0.147;1;1299832169
-109.244596;1.7149999;0.147;0.196;1;1299843084
-109.230140;1.813;0.147;0.147;1;1299857540
-109.193573;1.7639999;0.147;0.147;1;1299894107
-109.173867;1.813;0.098;0.147;1;1299913813
-109.158870;1.7639999;0.098;0.196;1;1299928810
-109.148016;1.7639999;0.147;0.147;1;1299939664
-109.135305;1.7639999;0.098;0.244999984;1;1299952375
-109.124567;1.813;0.147;0.196;1;1299963113
-109.109143;1.7639999;0.147;0.147;1;1299978537
-109.098657;1.7639999;0.147;0.147;1;1299989023
-109.083914;1.7639999;0.098;0.196;1;1300003766
-109.071947;1.7639999;0.196;0.196;1;1300015733
-109.059480;1.7639999;0.147;0.147;1;1300028200
-109.048020;1.7639999;0.147;0.147;1;1300039660
-109.036615;1.7639999;0.147;0.196;1;1300051065
-109.025946;1.7639999;0.196;0.196;1;1300061734
-109.010828;1.813;0.098;0.196;1;1300076852
-108.998954;1.7149999;0.147;0.147;1;1300088726
-108.983847;1.7149999;0.098;0.147;1;1300103833
-108.962972;1.7639999;0.147;0.147;1;1300124708
-108.951538;1.7149999;0.196;0.147;1;1300136142
-108.929245;1.813;0.147;0.147;1;1300158435
-108.911728;1.813;0.147;0.147;1;1300175952
-108.898891;1.7149999;0.147;0.244999984;1;1300188789
-108.886194;1.7639999;0.147;0.196;1;1300201486
-108.875055;1.813;0.147;0.244999984;1;1300212625
-108.862606;1.813;0.147;0.196;1;1300225074
-108.846756;1.7639999;0.098;0.196;1;1300240924
-108.835608;1.7639999;0.098;0.147;1;1300252072
-108.811638;1.7639999;0.098;0.196;1;1300276042
-108.775098;1.7639999;0.147;0.147;1;1300312582
-108.754115;1.7639999;0.147;0.147;1;1300333565
-108.743030;1.7149999;0.196;0.196;1;1300344650
-108.730257;1.7149999;0.098;0.196;1;1300357423
-108.719808;1.7639999;0.098;0.244999984;1;1300367872
-108.703807;1.7149999;0.147;0.244999984;1;1300383873
-108.692770;1.813;0.098;0.196;1;1300394910
-108.680565;1.666;0.147;0.196;1;1300407115
-108.669594;1.7639999;0.098;0.196;1;1300418086
-108.655859;1.7639999;0.147;0.147;1;1300431821
-108.644626;1.813;0.147;0.098;1;1300443054
-108.632611;1.7639999;0.098;0.147;1;1300455069
-108.612681;1.7149999;0.147;0.147;1;1300474999
-108.600216;1.813;0.098;0.196;1;1300487464
-108.589663;1.7639999;0.147;0.244999984;1;1300498017
-108.577472;1.813;0.147;0.196;1;1300510208
-108.566415;1.7639999;0.196;0.244999984;1;1300521265
-108.550815;1.7639999;0.147;0.196;1;1300536865
-108.533070;1.7639999;0.098;0.196;1;1300554610
-108.509242;1.813;0.147;0.196;1;1300578438
-108.498696;1.813;0.098;0.147;1;1300588984
-108.487951;1.7149999;0.147;0.147;1;1300599729
-108.476780;1.7639999;0.147;0.147;1;1300610900
-108.448739;1.813;0.147;0.147;1;1300638941
-108.437631;1.7639999;0.147;0.147;1;1300650049
-108.425967;1.7149999;0.147;0.196;1;1300661713
-108.409893;1.813;0.147;0.196;1;1300677787
-108.390698;1.7639999;0.147;0.196;1;1300696982
-108.378959;1.7639999;0.147;0.147;1;1300708721
-108.341008;1.7639999;0.147;0.147;1;1300746672
-108.321264;1.7149999;0.147;0.196;1;1300766416
-108.306553;1.7639999;0.147;0.196;1;1300781127
-108.295441;1.7639999;0.147;0.196;1;1300792239
-108.281251;1.7639999;0.147;0.196;1;1300806429
-108.270723;1.7639999;0.196;0.147;1;1300816957
-108.245527;1.7639999;0.098;0.147;1;1300842153
-108.221620;1.7639999;0.098;0.196;1;1300866060
-108.207801;1.813;0.147;0.196;1;1300879879
-108.191790;1.813;0.098;0.147;1;1300895890
-108.177758;1.813;0.098;0.098;1;1300909922
-108.165067;1.7639999;0.098;0.098;1;1300922613
-108.152204;1.7639999;0.147;0.196;1;1300935476
-108.141449;1.813;0.098;0.196;1;1300946231
-108.129092;1.7639999;0.147;0.244999984;1;1300958588
-108.115458;1.7639999;0.098;0.196;1;1300972222
-108.098086;1.7639999;0.147;0.147;1;1300989594
-108.075550;1.7639999;0.098;0.147;1;1301012130
-108.064337;1.7639999;0.147;0.196;1;1301023343
-108.051333;1.7149999;0.147;0.196;1;1301036347
-108.034481;1.7639999;0.147;0.196;1;1301053199
-108.008616;1.7639999;0.147;0.147;1;1301079064
-107.994918;1.813;0.147;0.147;1;1301092762
-107.981336;1.7639999;0.098;0.196;1;1301106344
-107.970725;1.7639999;0.147;0.196;1;1301116955
-107.958893;1.7639999;0.098;0.244999984;1;1301128787
-107.947780;1.813;0.147;0.196;1;1301139900
-107.907884;1.7639999;0.196;0.196;1;1301179796
-107.896224;1.7639999;0.098;0.196;1;1301191456
-107.884129;1.813;0.098;0.196;1;1301203551
-107.873485;1.813;0.147;0.196;1;1301214195
-107.860215;1.813;0.098;0.147;1;1301227465
-107.849655;1.7639999;0.098;0.147;1;1301238025
-107.837821;1.7639999;0.147;0.196;1;1301249859
-107.826229;1.7639999;0.147;0.196;1;1301261451
-107.815230;1.7639999;0.147;0.147;1;1301272450
-107.791704;1.7639999;0.147;0.196;1;1301295976
-107.775189;1.7639999;0.147;0.196;1;1301312491
-107.760828;1.7639999;0.098;0.147;1;1301326852
-107.749604;1.7639999;0.196;0.098;1;1301338076
-107.729872;1.7639999;0.147;0.147;1;1301357808
-107.718007;1.862;0.098;0.147;1;1301369673
-107.702167;1.7639999;0.098;0.147;1;1301385513
-107.681564;1.7639999;0.098;0.147;1;1301406116
-107.666135;1.7639999;0.098;0.196;1;1301421545
-107.654445;1.7149999;0.147;0.196;1;1301433235
-107.643559;1.7639999;0.098;0.294;1;1301444121
-107.629266;1.7149999;0.147;0.196;1;1301458414
-107.611599;1.813;0.147;0.196;1;1301476081
-107.598732;1.7639999;0.147;0.147;1;1301488948
-107.574803;1.813;0.147;0.147;1;1301512877
-107.563936;1.7149999;0.147;0.196;1;1301523744
-107.548942;1.7639999;0.098;0.196;1;1301538738
-107.526126;1.7639999;0.098;0.196;1;1301561554
-107.511243;1.7639999;0.098;0.196;1;1301576437
-107.498730;1.7149999;0.147;0.196;1;1301588950
-107.442297;1.7149999;0.147;0.147;1;1301645383
-107.424487;1.7639999;0.098;0.147;1;1301663193
-107.393649;1.7639999;0.147;0.196;1;1301694031
-107.382709;1.7639999;0.147;0.147;1;1301704971
-107.370865;1.813;0.098;0.147;1;1301716815
-107.359950;1.7639999;0.098;0.196;1;1301727730
-107.333981;1.7639999;0.147;0.147;1;1301753699
-107.297863;1.7639999;0.147;0.147;1;1301789817
-107.286677;1.813;0.098;0.147;1;1301801003
-107.271900;1.7639999;0.098;0.147;1;1301815780
-107.260889;1.7639999;0.147;0.147;1;1301826791
-107.249381;1.7639999;0.098;0.196;1;1301838299
-107.235634;1.7639999;0.147;0.147;1;1301852046
-107.221494;1.7149999;0.147;0.147;1;1301866186
-107.199621;1.7149999;0.147;0.098;1;1301888059
-107.181510;1.7639999;0.147;0.147;1;1301906170
-107.167194;1.7149999;0.098;0.196;1;1301920486
-107.153783;1.7149999;0.147;0.196;1;1301933897
-107.139881;1.7149999;0.147;0.244999984;1;1301947799
-107.128691;1.7639999;0.147;0.196;1;1301958989
-107.111929;1.7639999;0.196;0.147;1;1301975751
-107.091488;1.7639999;0.147;0.196;1;1301996192
-107.077373;1.7639999;0.098;0.196;1;1302010307
-107.066002;1.7639999;0.098;0.196;1;1302021678
-107.053950;1.7639999;0.147;0.196;1;1302033730
-107.038671;1.813;0.098;0.196;1;1302049009
-107.024637;1.7639999;0.098;0.196;1;1302063043
-107.010437;1.7639999;0.098;0.147;1;1302077243
-106.991486;1.7639999;0.098;0.147;1;1302096194
-106.949973;1.7639999;0.147;0.196;1;1302137707
-106.931249;1.7639999;0.098;0.196;1;1302156431
-106.904569;1.7639999;0.147;0.147;1;1302183111
-106.887193;1.7639999;0.147;0.196;1;1302200487
-106.876221;1.7639999;0.147;0.196;1;1302211459
-106.865398;1.7639999;0.147;0.196;1;1302222282
-106.854613;1.7639999;0.147;0.147;1;1302233067
-106.843613;1.7149999;0.147;0.244999984;1;1302244067
-106.821681;1.813;0.147;0.147;1;1302265999
-106.808298;1.7639999;0.098;0.147;1;1302279382
-106.795658;1.813;0.098;0.147;1;1302292022
-106.782754;1.7149999;0.147;0.196;1;1302304926
-106.764684;1.7639999;0.147;0.196;1;1302322996
-106.753762;1.7639999;0.098;0.244999984;1;1302333918
-106.742782;1.7149999;0.147;0.098;1;1302344898
-106.731582;1.7149999;0.147;0.147;1;1302356098
-106.713301;1.7639999;0.147;0.196;1;1302374379
-106.690929;1.7639999;0.147;0.147;1;1302396751
-106.677794;1.7639999;0.147;0.196;1;1302409886
-106.651349;1.7639999;0.098;0.147;1;1302436331
-106.638447;1.813;0.098;0.147;1;1302449233
-106.621916;1.7639999;0.049;0.196;1;1302465764
-106.610855;1.813;0.098;0.147;1;1302476825
-106.592484;1.7639999;0.147;0.147;1;1302495196
-106.577552;1.7149999;0.196;0.147;1;1302510128
-106.566698;1.862;0.147;0.147;1;1302520982
-106.542690;1.813;0.049;0.147;1;1302544990
-106.505533;1.813;0.098;0.147;1;1302582147
-106.477248;1.7639999;0.147;0.147;1;1302610432
-106.461152;1.7639999;0.147;0.147;1;1302626528
-106.448663;1.7639999;0.098;0.196;1;1302639017
-106.437687;1.7639999;0.147;0.244999984;1;1302649993
-106.422883;1.7149999;0.147;0.147;1;1302664797
-106.409554;1.7639999;0.147;0.147;1;1302678126
-106.392268;1.7149999;0.147;0.196;1;1302695412
-106.379083;1.7639999;0.147;0.147;1;1302708597
-106.367618;1.7639999;0.098;0.244999984;1;1302720062
-106.355806;1.7639999;0.098;0.196;1;1302731874
-106.344947;1.7639999;0.098;0.196;1;1302742733
-106.331625;1.813;0.147;0.147;1;1302756055
-106.320704;1.7639999;0.098;0.196;1;1302766976
-106.301751;1.7639999;0.098;0.147;1;1302785929
-106.289038;1.7639999;0.049;0.147;1;1302798642
-106.275657;1.7149999;0.098;0.196;1;1302812023
-106.264687;1.7639999;0.147;0.196;1;1302822993
-106.250542;1.7639999;0.098;0.196;1;1302837138
-106.239781;1.7639999;0.147;0.244999984;1;1302847899
-106.227005;1.7149999;0.147;0.147;1;1302860675
-106.202841;1.7639999;0.147;0.147;1;1302884839
-106.177489;1.7149999;0.147;0.147;1;1302910191
-106.160774;1.813;0.147;0.147;1;1302926906
-106.143686;1.7149999;0.147;0.196;1;1302943994
-106.132978;1.813;0.147;0.196;1;1302954702
-106.121631;1.813;0.098;0.098;1;1302966049
-106.110694;1.7149999;0.147;0.196;1;1302976986
-106.082475;1.7639999;0.098;0.196;1;1303005205
-106.047130;1.7639999;0.098;0.196;1;1303040550
-106.033601;1.7639999;0.147;0.196;1;1303054079
-106.019723;1.7639999;0.098;0.147;1;1303067957
-106.001644;1.7149999;0.147;0.196;1;1303086036
-105.986800;1.813;0.098;0.147;1;1303100880
-105.974605;1.813;0.147;0.196;1;1303113075
-105.962991;1.813;0.098;0.196;1;1303124689
-105.948150;1.7639999;0.098;0.196;1;1303139530
-105.937116;1.7639999;0.098;0.196;1;1303150564
-105.924201;1.813;0.147;0.196;1;1303163479
-105.913991;1.7639999;0.196;0.244999984;1;1303173689
-105.901166;1.7639999;0.147;0.196;1;1303186514
-105.878659;1.7639999;0.098;0.196;1;1303209021
-105.867585;1.7149999;0.098;0.147;1;1303220095
-105.852504;1.7639999;0.147;0.147;1;1303235176
-105.841123;1.813;0.147;0.147;1;1303246557
-105.829681;1.7639999;0.147;0.196;1;1303257999
-105.800522;1.7149999;0.147;0.196;1;1303287158
-105.789293;1.7639999;0.147;0.196;1;1303298387
-105.776829;1.7149999;0.098;0.147;1;1303310851
-105.765934;1.7149999;0.098;0.244999984;1;1303321746
-105.754704;1.813;0.147;0.196;1;1303332976
-105.741356;1.7639999;0.147;0.196;1;1303346324
-105.726197;1.7639999;0.147;0.147;1;1303361483
-105.712919;1.813;0.098;0.196;1;1303374761
-105.699447;1.7639999;0.147;0.147;1;1303388233
-105.688784;1.7639999;0.147;0.196;1;1303398896
-105.674515;1.7639999;0.196;0.098;1;1303413165
-105.661591;1.813;0.147;0.147;1;1303426089
-105.614058;1.7639999;0.098;0.196;1;1303473622
-105.600746;1.7639999;0.098;0.196;1;1303486934
-105.588038;1.7639999;0.147;0.244999984;1;1303499642
-105.576835;1.7639999;0.147;0.196;1;1303510845
-105.563721;1.813;0.098;0.196;1;1303523959
-105.549008;1.7639999;0.147;0.147;1;1303538672
-105.537761;1.813;0.098;0.098;1;1303549919
-105.526825;1.7639999;0.147;0.147;1;1303560855
-105.514634;1.862;0.147;0.196;1;1303573046
-105.501123;1.813;0.147;0.147;1;1303586557
-105.477979;1.7149999;0.098;0.196;1;1303609701
-105.465864;1.7149999;0.147;0.196;1;1303621816
-105.453723;1.7149999;0.098;0.196;1;1303633957
-105.430172;1.7639999;0.098;0.147;1;1303657508
-105.411251;1.7639999;0.098;0.147;1;1303676429
-105.398521;1.7639999;0.098;0.196;1;1303689159
-105.387491;1.7149999;0.196;0.147;1;1303700189
-105.376009;1.7149999;0.196;0.098;1;1303711671
-105.364252;1.7639999;0.098;0.147;1;1303723428
-105.347069;1.7639999;0.147;0.196;1;1303740611
-105.331751;1.7639999;0.196;0.196;1;1303755929
-105.320465;1.813;0.147;0.147;1;1303767215
-105.308188;1.7149999;0.147;0.196;1;1303779492
-105.293798;1.7639999;0.147;0.147;1;1303793882
-105.269331;1.7149999;0.098;0.244999984;1;1303818349
-105.239049;1.7639999;0.098;0.147;1;1303848631
-105.221639;1.7639999;0.098;0.147;1;1303866041
-105.185427;1.7149999;0.098;0.196;1;1303902253
-105.163598;1.7639999;0.147;0.196;1;1303924082
-105.148969;1.7149999;0.098;0.196;1;1303938711
-105.137659;1.7639999;0.147;0.196;1;1303950021
-105.125868;1.813;0.098;0.196;1;1303961812
-105.112984;1.813;0.147;0.147;1;1303974696
-105.099715;1.7639999;0.147;0.196;1;1303987965
-105.073399;1.7639999;0.147;0.147;1;1304014281
-105.048897;1.7639999;0.147;0.196;1;1304038783
-105.033493;1.7639999;0.147;0.196;1;1304054187
-105.020910;1.7639999;0.147;0.196;1;1304066770
-105.009375;1.7639999;0.147;0.196;1;1304078305
-104.998663;1.7639999;0.098;0.147;1;1304089017
-104.983438;1.7639999;0.147;0.147;1;1304104242
-104.967889;1.7149999;0.147;0.147;1;1304119791
-104.953237;1.7639999;0.098;0.147;1;1304134443
-104.932892;1.7149999;0.147;0.147;1;1304154788
-104.912828;1.7639999;0.196;0.196;1;1304174852
-104.899809;1.7639999;0.147;0.196;1;1304187871
-104.888618;1.7639999;0.098;0.196;1;1304199062
-104.877693;1.7639999;0.098;0.244999984;1;1304209987
-104.864117;1.7149999;0.147;0.244999984;1;1304223563
-104.849724;1.7639999;0.147;0.196;1;1304237956
-104.838755;1.7639999;0.147;0.147;1;1304248925
-104.827422;1.7639999;0.147;0.147;1;1304260258
-104.812903;1.7149999;0.147;0.147;1;1304274777
-104.799247;1.7639999;0.098;0.098;1;1304288433
-104.788805;1.7639999;0.147;0.147;1;1304298875
-104.755807;1.813;0.098;0.147;1;1304331873
-104.741342;1.7639999;0.147;0.147;1;1304346338
-104.728984;1.7639999;0.098;0.244999984;1;1304358696
-104.715469;1.7639999;0.147;0.196;1;1304372211
-104.704956;1.7639999;0.147;0.196;1;1304382724
-104.687012;1.7639999;0.098;0.196;1;1304400668
-104.664892;1.7639999;0.098;0.196;1;1304422788
-104.650993;1.7639999;0.147;0.147;1;1304436687
-104.639769;1.7639999;0.147;0.147;1;1304447911
-104.619109;1.7639999;0.196;0.147;1;1304468571
-104.602257;1.7639999;0.147;0.196;1;1304485423
-104.577952;1.813;0.098;0.196;1;1304509728
-104.566720;1.7639999;0.098;0.196;1;1304520960
-104.555758;1.7639999;0.;84;1;1304531922
-104.539837;1.7639999;0.098;0.196;1;1304547843
-104.522908;1.7149999;0.147;0.147;1;1304564772
-104.510887;1.7639999;0.196;0.196;1;1304576793
-104.491768;1.7149999;0.098;0.147;1;1304595912
-104.477234;1.7639999;0.098;0.196;1;1304610446
-104.465527;1.7639999;0.098;0.196;1;1304622153
-104.454345;1.7639999;0.147;0.244999984;1;1304633335
-104.419219;1.7639999;0.147;0.147;1;1304668461
-104.384862;1.7149999;0.147;0.196;1;1304702818
-104.371098;1.7149999;0.049;0.147;1;1304716582
-104.324690;1.7639999;0.147;0.147;1;1304762990
-104.307717;1.7639999;0.049;0.147;1;1304779963
-104.296422;1.7149999;0.147;0.196;1;1304791258
-104.274779;1.7639999;0.196;0.196;1;1304812901
-104.259825;1.862;0.147;0.196;1;1304827855
-104.248639;1.7149999;0.147;0.196;1;1304839041
-104.236457;1.7639999;0.147;0.196;1;1304851223
-104.225742;1.7149999;0.147;0.244999984;1;1304861938
-104.214738;1.7639999;0.147;0.196;1;1304872942
-104.203770;1.813;0.147;0.196;1;1304883910
-104.178741;1.7149999;0.147;0.147;1;1304908939
-104.165962;1.7639999;0.147;0.196;1;1304921718
-104.154827;1.7639999;0.147;0.196;1;1304932853
-104.142237;1.813;0.098;0.196;1;1304945443
-104.131637;1.7149999;0.196;0.196;1;1304956043
-104.118781;1.7639999;0.098;0.196;1;1304968899
-104.105783;1.813;0.147;0.196;1;1304981897
-104.093180;1.813;0.147;0.196;1;1304994500
-104.082255;1.7149999;0.098;0.147;1;1305005425
-104.070136;1.7639999;0.147;0.147;1;1305017544
-104.059148;1.7639999;0.098;0.196;1;1305028532
-104.048191;1.813;0.147;0.147;1;1305039489
-104.037763;1.813;0.098;0.147;1;1305049917
-104.001634;1.7639999;0.098;0.196;1;1305086046
-103.984033;1.7149999;0.147;0.147;1;1305103647
-103.962738;1.813;0.098;0.147;1;1305124942
-103.934883;1.7149999;0.098;0.196;1;1305152797
-103.887718;1.7639999;0.147;0.196;1;1305199962
-103.873797;1.7639999;0.098;0.196;1;1305213883
-103.844831;1.7639999;0.098;0.147;1;1305242849
-103.822899;1.7639999;0.147;0.196;1;1305264781
-103.809460;1.7639999;0.147;0.244999984;1;1305278220
-103.792815;1.7639999;0.147;0.244999984;1;1305294865
-103.779003;1.7639999;0.098;0.244999984;1;1305308677
-103.767869;1.7639999;0.147;0.196;1;1305319811
-103.755503;1.7639999;0.098;0.196;1;1305332177
-103.730118;1.7639999;0.098;0.147;1;1305357562
-103.711248;1.7639999;0.147;0.098;1;1305376432
-103.697774;1.813;0.147;0.147;1;1305389906
-103.686727;1.7639999;0.147;0.147;1;1305400953
-103.674229;1.7639999;0.098;0.196;1;1305413451
-103.663454;1.7149999;0.147;0.196;1;1305424226
-103.648509;1.7149999;0.147;0.244999984;1;1305439171
-103.631691;1.7639999;0.098;0.196;1;1305455989
-103.620414;1.7639999;0.147;0.244999984;1;1305467266
-103.601711;1.7639999;0.147;0.196;1;1305485969
-103.587155;1.7149999;0.147;0.147;1;1305500525
-103.574177;1.7639999;0.147;0.196;1;1305513503
-103.546955;1.7149999;0.147;0.147;1;1305540725
-103.534134;1.7149999;0.147;0.147;1;1305553546
-103.515178;1.7639999;0.147;0.196;1;1305572502
-103.499914;1.813;0.147;0.196;1;1305587766
-103.476504;1.7149999;0.196;0.196;1;1305611176
-103.461411;1.7639999;0.147;0.244999984;1;1305626269
-103.419021;1.7639999;0.098;0.147;1;1305668659
-103.385774;1.7639999;0.098;0.196;1;1305701906
-103.365646;1.7639999;0.147;0.147;1;1305722034
-103.354283;1.813;0.147;0.147;1;1305733397
-103.316760;1.7639999;0.147;0.244999984;1;1305770920
-103.301569;1.813;0.147;0.196;1;1305786111
-103.277485;1.7149999;0.196;0.196;1;1305810195
-103.266455;1.813;0.147;0.196;1;1305821225
-103.248509;1.7149999;0.147;0.196;1;1305839171
-103.229905;1.7639999;0.147;0.147;1;1305857775
-103.218970;1.7149999;0.098;0.196;1;1305868710
-103.183903;1.7639999;0.196;0.196;1;1305903777
-103.171771;1.7639999;0.196;0.244999984;1;1305915909
-103.160954;1.7149999;0.196;0.196;1;1305926726
-103.142268;1.7639999;0.147;0.244999984;1;1305945412
-103.131730;1.7639999;0.098;0.196;1;1305955950
-103.119243;1.7639999;0.147;0.147;1;1305968437
-103.108980;1.7639999;0.147;0.147;1;1305978700
-103.096487;1.7639999;0.147;0.147;1;1305991193
-103.074965;1.7639999;0.147;0.147;1;1306012715
-103.063574;1.813;0.098;0.147;1;1306024106
-103.049498;1.7639999;0.098;0.196;1;1306038182
-103.038880;1.862;0.098;0.196;1;1306048800
-103.027870;1.7639999;0.147;0.196;1;1306059810
-102.992319;1.813;0.147;0.196;1;1306095361
-102.975678;1.7639999;0.147;0.098;1;1306112002
-102.961916;1.7639999;0.098;0.147;1;1306125764
-102.946344;1.7149999;0.147;0.147;1;1306141336
-102.935901;1.7149999;0.147;0.196;1;1306151779
-102.910841;1.7149999;0.147;0.147;1;1306176839
-102.899961;1.7639999;0.147;0.196;1;1306187719
-102.883043;1.7639999;0.147;0.196;1;1306204637
-102.871703;1.7639999;0.196;0.196;1;1306215977
-102.847818;1.813;0.147;0.196;1;1306239862
-102.830539;1.7149999;0.147;0.147;1;1306257141
-102.812873;1.813;0.049;0.147;1;1306274807
-102.800721;1.7149999;0.098;0.196;1;1306286959
-102.788095;1.813;0.098;0.147;1;1306299585
-102.777636;1.7639999;0.147;0.196;1;1306310044
-102.766521;1.7639999;0.098;0.147;1;1306321159
-102.744024;1.7639999;0.147;0.147;1;1306343656
-102.728894;1.813;0.147;0.196;1;1306358786
-102.699739;1.813;0.098;0.196;1;1306387941
-102.688198;1.7639999;0.147;0.196;1;1306399482
-102.677342;1.7639999;0.147;0.147;1;1306410338
-102.666237;1.7149999;0.196;0.147;1;1306421443
-102.654638;1.813;0.098;0.147;1;1306433042
-102.643870;1.7639999;0.147;0.147;1;1306443810
-102.596183;1.7149999;0.098;0.196;1;1306491497
-102.574706;1.7639999;0.147;0.196;1;1306512974
-102.560035;1.7639999;0.147;0.196;1;1306527645
-102.548819;1.7639999;0.147;0.196;1;1306538861
-102.536261;1.7639999;0.098;0.147;1;1306551419
-102.510313;1.7639999;0.098;0.196;1;1306577367
-102.492493;1.7149999;0.098;0.147;1;1306595187
-102.478523;1.7639999;0.147;0.147;1;1306609157
-102.467819;1.813;0.147;0.147;1;1306619861
-102.445155;1.7639999;0.147;0.196;1;1306642525
-102.431471;1.7149999;0.147;0.196;1;1306656209
-102.414096;1.7149999;0.147;0.244999984;1;1306673584
-102.400057;1.7149999;0.147;0.196;1;1306687623
-102.388837;1.7639999;0.147;0.147;1;1306698843
-102.375621;1.7639999;0.147;0.196;1;1306712059
-102.364683;1.7639999;0.147;0.196;1;1306722997
-102.350031;1.7639999;0.098;0.147;1;1306737649
-102.331746;1.813;0.098;0.196;1;1306755934
-102.314369;1.813;0.098;0.147;1;1306773311
-102.298884;1.7639999;0.147;0.147;1;1306788796
-102.281669;1.7639999;0.147;0.196;1;1306806011
-102.268212;1.7639999;0.098;0.147;1;1306819468
-102.251976;1.7639999;0.098;0.244999984;1;1306835704
-102.232914;1.7639999;0.098;0.196;1;1306854766
-102.221316;1.813;0.147;0.196;1;1306866364
-102.209165;1.7639999;0.098;0.147;1;1306878515
-102.197033;1.7639999;0.147;0.147;1;1306890647
-102.150500;1.7149999;0.098;0.244999984;1;1306937180
-102.134896;1.7639999;0.147;0.244999984;1;1306952784
-102.109243;1.813;0.147;0.244999984;1;1306978437
-102.098116;1.7639999;0.147;0.196;1;1306989564
-102.086983;1.7639999;0.147;0.196;1;1307000697
-102.074692;1.7639999;0.098;0.196;1;1307012988
-102.063750;1.813;0.147;0.147;1;1307023930
-102.051184;1.7639999;0.147;0.147;1;1307036496
-102.038288;1.813;0.147;0.098;1;1307049392
-102.027981;1.7639999;0.098;0.147;1;1307059699
-102.016611;1.7639999;0.196;0.147;1;1307071069
-102.005139;1.7639999;0.147;0.196;1;1307082541
-101.993289;1.7639999;0.147;0.147;1;1307094391
-101.981709;1.7639999;0.098;0.196;1;1307105971
-101.968586;1.7639999;0.098;0.196;1;1307119094
-101.951818;1.7639999;0.147;0.196;1;1307135862
-101.940892;1.7639999;0.098;0.244999984;1;1307146788
-101.919257;1.7639999;0.147;0.147;1;1307168423
-101.901606;1.7639999;0.147;0.098;1;1307186074
-101.888829;1.813;0.147;0.196;1;1307198851
-101.871369;1.7639999;0.147;0.196;1;1307216311
-101.846514;1.7149999;0.196;0.147;1;1307241166
-101.831394;1.7639999;0.098;0.196;1;1307256286
-101.820901;1.7639999;0.147;0.196;1;1307266779
-101.800422;1.7639999;0.147;0.196;1;1307287258
-101.787672;1.813;0.098;0.196;1;1307300008
-101.776337;1.813;0.147;0.196;1;1307311343
-101.765343;1.7149999;0.147;0.147;1;1307322337
-101.719652;1.7639999;0.147;0.196;1;1307368028
-101.699581;1.7639999;0.147;0.196;1;1307388099
-101.688669;1.7639999;0.147;0.196;1;1307399011
-101.677554;1.7639999;0.098;0.196;1;1307410126
-101.666928;1.7639999;0.147;0.147;1;1307420752
-101.649372;1.7639999;0.098;0.244999984;1;1307438308
-101.632914;1.7639999;0.147;0.196;1;1307454766
-101.621071;1.7639999;0.098;0.196;1;1307466609
-101.602850;1.7639999;0.147;0.147;1;1307484830
-101.589282;1.7639999;0.098;0.147;1;1307498398
-101.577252;1.7639999;0.098;0.196;1;1307510428
-101.565344;1.813;0.196;0.147;1;1307522336
-101.543546;1.7639999;0.147;0.196;1;1307544134
-101.525220;1.7639999;0.147;0.147;1;1307562460
-101.512349;1.7639999;0.196;0.147;1;1307575331
-101.483897;1.7639999;0.147;0.196;1;1307603783
-101.472324;1.7639999;0.098;0.147;1;1307615356
-101.454824;1.813;0.147;0.147;1;1307632856
-101.434766;1.7639999;0.098;0.147;1;1307652914
-101.412871;1.813;0.098;0.147;1;1307674809
-101.399307;1.7639999;0.196;0.196;1;1307688373
-101.388590;1.813;0.147;0.196;1;1307699090
-101.377726;1.7639999;0.147;0.196;1;1307709954
-101.366851;1.7639999;0.098;0.147;1;1307720829
-101.352614;1.7639999;0.098;0.196;1;1307735066
-101.341698;1.7149999;0.147;0.196;1;1307745982
-101.326726;1.7639999;0.098;0.196;1;1307760954
-101.313466;1.7639999;0.147;0.196;1;1307774214
-101.263725;1.7639999;0.098;0.147;1;1307823955
-101.247119;1.813;0.147;0.196;1;1307840561
-101.217671;1.7639999;0.196;0.196;1;1307870009
-101.193378;1.7149999;0.147;0.196;1;1307894302
-101.181968;1.7149999;0.147;0.196;1;1307905712
-101.168819;1.7639999;0.147;0.147;1;1307918861
-101.155410;1.7639999;0.098;0.196;1;1307932270
-101.141771;1.7639999;0.147;0.147;1;1307945909
-101.130995;1.7639999;0.098;0.196;1;1307956685
-101.116899;1.7639999;0.147;0.147;1;1307970781
-101.105791;1.7149999;0.098;0.196;1;1307981889
-101.094146;1.7639999;0.147;0.196;1;1307993534
-101.083463;1.7149999;0.196;0.147;1;1308004217
-101.072819;1.7639999;0.147;0.196;1;1308014861
-101.060844;1.7639999;0.098;0.244999984;1;1308026836
-101.047715;1.7149999;0.147;0.196;1;1308039965
-101.035089;1.7639999;0.147;0.196;1;1308052591
-100.983381;1.7639999;0.147;0.147;1;1308104299
-100.972046;1.7149999;0.196;0.196;1;1308115634
-100.955101;1.7149999;0.147;0.098;1;1308132579
-100.941232;1.813;0.147;0.196;1;1308146448
-100.930424;1.7639999;0.147;0.196;1;1308157256
-100.917915;1.7639999;0.196;0.196;1;1308169765
-100.901773;1.7639999;0.196;0.196;1;1308185907
-100.889200;1.7149999;0.147;0.196;1;1308198480
-100.877398;1.7639999;0.147;0.147;1;1308210282
-100.865357;1.7639999;0.098;0.196;1;1308222323
-100.821661;1.7639999;0.147;0.147;1;1308266019
-100.807680;1.7149999;0.147;0.147;1;1308280000
-100.795551;1.813;0.147;0.147;1;1308292129
-100.783163;1.813;0.196;0.147;1;1308304517
-100.772668;1.813;0.147;0.196;1;1308315012
-100.756507;1.7149999;0.147;0.196;1;1308331173
-100.744100;1.7149999;0.147;0.196;1;1308343580
-100.731939;1.7639999;0.147;0.196;1;1308355741
-100.711772;1.7149999;0.098;0.147;1;1308375908
-100.698856;1.813;0.147;0.147;1;1308388824
-100.674905;1.7639999;0.147;0.147;1;1308412775
-100.663406;1.813;0.098;0.147;1;1308424274
-100.646856;1.813;0.098;0.196;1;1308440824
-100.627609;1.7639999;0.098;0.196;1;1308460071
-100.602873;1.7639999;0.098;0.196;1;1308484807
-100.578506;1.7639999;0.147;0.196;1;1308509174
-100.565460;1.7639999;0.196;0.244999984;1;1308522220
-100.554744;1.7639999;0.147;0.196;1;1308532936
-100.538472;1.813;0.147;0.147;1;1308549208
-100.527881;1.7639999;0.147;0.147;1;1308559799
-100.516792;1.7639999;0.147;0.196;1;1308570888
-100.492852;1.7639999;0.147;0.147;1;1308594828
-100.479270;1.7639999;0.196;0.196;1;1308608410
-100.468776;1.7639999;0.147;0.196;1;1308618904
-100.445760;1.666;0.196;0.196;1;1308641920
-100.432215;1.7639999;0.098;0.196;1;1308655465
-100.412907;1.813;0.098;0.196;1;1308674773
-100.400313;1.7639999;0.098;0.196;1;1308687367
-100.364034;1.7639999;0.196;0.196;1;1308723646
-100.318159;1.7639999;0.147;0.147;1;1308769521
-100.302832;1.7639999;0.147;0.244999984;1;1308784848
-100.289722;1.813;0.098;0.196;1;1308797958
-100.272851;1.7639999;0.098;0.147;1;1308814829
-100.246411;1.7639999;0.098;0.147;1;1308841269
-100.234090;1.7639999;0.147;0.196;1;1308853590
-100.215729;1.7639999;0.147;0.147;1;1308871951
-100.203687;1.7149999;0.098;0.147;1;1308883993
-100.191946;1.7639999;0.196;0.147;1;1308895734
-100.180963;1.7639999;0.196;0.147;1;1308906717
-100.169684;1.7639999;0.147;0.196;1;1308917996
-100.141392;1.7639999;0.147;0.196;1;1308946288
-100.130761;1.7149999;0.147;0.196;1;1308956919
-100.118318;1.7639999;0.098;0.196;1;1308969362
-100.107979;1.7639999;0.098;0.196;1;1308979701
-100.096766;1.813;0.098;0.147;1;1308990914
-100.073187;1.7639999;0.098;0.196;1;1309014493
-100.062731;1.7639999;0.147;0.196;1;1309024949
-100.049838;1.7149999;0.098;0.196;1;1309037842
-100.037883;1.7639999;0.147;0.244999984;1;1309049797
-100.026036;1.7639999;0.098;0.244999984;1;1309061644
-100.013390;1.7639999;0.147;0.196;1;1309074290
-100.000352;1.7639999;0.098;0.147;1;1309087328
-99.972466;1.7639999;0.098;0.196;1;1309115214
-99.954361;1.7639999;0.147;0.147;1;1309133319
-99.933937;1.7639999;0.098;0.147;1;1309153743
-99.922117;1.813;0.147;0.147;1;1309165563
-99.910884;1.813;0.049;0.244999984;1;1309176796
-99.897489;1.813;0.147;0.244999984;1;1309190191
-99.883748;1.7639999;0.098;0.196;1;1309203932
-99.865379;1.7639999;0.098;0.196;1;1309222301
-99.854824;1.7639999;0.098;0.244999984;1;1309232856
-99.830901;1.7639999;0.147;0.196;1;1309256779
-99.802671;1.7149999;0.147;0.147;1;1309285009
-99.782834;1.7639999;0.098;0.147;1;1309304846
-99.768633;1.7639999;0.147;0.196;1;1309319047
-99.757353;1.7639999;0.098;0.196;1;1309330327
-99.743975;1.7149999;0.098;0.196;1;1309343705
-99.722904;1.7639999;0.147;0.196;1;1309364776
-99.708117;1.7149999;0.196;0.196;1;1309379563
-99.685681;1.7639999;0.196;0.196;1;1309401999
-99.674686;1.7149999;0.244999984;0.196;1;1309412994
-99.629946;1.7149999;0.147;0.147;1;1309457734
-99.612909;1.7639999;0.147;0.196;1;1309474771
-99.598209;1.7639999;0.147;0.196;1;1309489471
-99.587979;1.7149999;0.147;0.196;1;1309499701
-99.576860;1.7639999;0.147;0.196;1;1309510820
-99.565891;1.7639999;0.098;0.196;1;1309521789
-99.550538;1.7639999;0.147;0.147;1;1309537142
-99.530195;1.7639999;0.147;0.147;1;1309557485
-99.511641;1.7639999;0.098;0.147;1;1309576039
-99.473983;1.813;0.098;0.147;1;1309613697
-99.453753;1.813;0.147;0.196;1;1309633927
-99.442831;1.862;0.049;0.147;1;1309644849
-99.413509;1.7639999;0.147;0.244999984;1;1309674171
-99.402415;1.7149999;0.147;0.244999984;1;1309685265
-99.379826;1.813;0.147;0.196;1;1309707854
-99.361228;1.7149999;0.147;0.196;1;1309726452
-99.350908;1.7639999;0.098;0.196;1;1309736772
-99.339492;1.813;0.098;0.147;1;1309748188
-99.321781;1.813;0.147;0.147;1;1309765899
-99.309852;1.7639999;0.147;0.196;1;1309777828
-99.298003;1.7639999;0.147;0.196;1;1309789677
-99.284685;1.7639999;0.147;0.196;1;1309802995
-99.264939;1.7639999;0.147;0.244999984;1;1309822741
-99.252459;1.7149999;0.098;0.196;1;1309835221
-99.241803;1.7639999;0.098;0.244999984;1;1309845877
-99.230050;1.7639999;0.098;0.196;1;1309857630
-99.212716;1.813;0.098;0.147;1;1309874964
-99.192275;1.7639999;0.147;0.098;1;1309895405
-99.179000;1.7639999;0.196;0.196;1;1309908680
-99.166010;1.7149999;0.147;0.196;1;1309921670
-99.149047;1.7639999;0.147;0.147;1;1309938633
-99.137648;1.7639999;0.147;0.147;1;1309950032
-99.126904;1.7639999;0.147;0.196;1;1309960776
-99.115783;1.7639999;0.196;0.196;1;1309971897
-99.101834;1.7639999;0.147;0.196;1;1309985846
-99.076895;1.7149999;0.147;0.196;1;1310010785
-99.064849;1.7639999;0.147;0.147;1;1310022831
-99.021430;1.7639999;0.147;0.147;1;1310066250
-99.007159;1.7639999;0.196;0.147;1;1310080521
-98.995504;1.813;0.147;0.244999984;1;1310092176
-98.984080;1.7149999;0.147;0.196;1;1310103600
-98.972806;1.7639999;0.098;0.244999984;1;1310114874
-98.954567;1.813;0.147;0.244999984;1;1310133113
-98.935463;1.813;0.098;0.196;1;1310152217
-98.912693;1.813;0.147;0.098;1;1310174987
-98.901681;1.7639999;0.196;0.098;1;1310185999
-98.889807;1.7149999;0.098;0.196;1;1310197873
-98.878825;1.7149999;0.098;0.196;1;1310208855
-98.862767;1.7639999;0.147;0.147;1;1310224913
-98.851621;1.7639999;0.098;0.196;1;1310236059
-98.839631;1.7639999;0.147;0.196;1;1310248049
-98.822926;1.7639999;0.147;0.196;1;1310264754
-98.808728;1.7639999;0.147;0.196;1;1310278952
-98.797318;1.7639999;0.098;0.196;1;1310290362
-98.786473;1.7149999;0.147;0.196;1;1310301207
-98.775965;1.7639999;0.147;0.196;1;1310311715
-98.762715;1.7639999;0.147;0.196;1;1310324965
-98.750834;1.813;0.098;0.147;1;1310336846
-98.739979;1.7149999;0.147;0.244999984;1;1310347701
-98.722926;1.813;0.098;0.098;1;1310364754
-98.709919;1.7639999;0.147;0.196;1;1310377761
-98.692288;1.7639999;0.147;0.196;1;1310395392
-98.678852;1.862;0.098;0.244999984;1;1310408828
-98.667852;1.7639999;0.196;0.147;1;1310419828
-98.651141;1.7639999;0.147;0.196;1;1310436539
-98.632873;1.7639999;0.147;0.196;1;1310454807
-98.621448;1.7639999;0.147;0.147;1;1310466232
-98.581119;1.813;0.147;0.147;1;1310506561
-98.564540;1.7639999;0.147;0.098;1;1310523140
-98.550571;1.7149999;0.147;0.196;1;1310537109
-98.539200;1.7639999;0.147;0.196;1;1310548480
-98.514549;1.7639999;0.147;0.196;1;1310573131
-98.499740;1.7639999;0.147;0.147;1;1310587940
-98.476983;1.862;0.098;0.196;1;1310610697
-98.462027;1.813;0.147;0.196;1;1310625653
-98.437249;1.813;0.147;0.147;1;1310650431
-98.426642;1.7639999;0.196;0.196;1;1310661038
-98.412441;1.7639999;0.098;0.147;1;1310675239
-98.392454;1.7639999;0.098;0.147;1;1310695226
-98.381028;1.7639999;0.147;0.244999984;1;1310706652
-98.369897;1.7149999;0.147;0.244999984;1;1310717783
-98.332899;1.7639999;0.147;0.196;1;1310754781
-98.321849;1.7639999;0.147;0.147;1;1310765831
-98.289104;1.7639999;0.147;0.147;1;1310798576
-98.278709;1.7639999;0.147;0.147;1;1310808971
-98.267715;1.7149999;0.147;0.147;1;1310819965
-98.244822;1.7639999;0.098;0.147;1;1310842858
-98.222916;1.7639999;0.147;0.196;1;1310864764
-98.207847;1.813;0.147;0.147;1;1310879833
-98.194850;1.813;0.098;0.196;1;1310892830
-98.180791;1.7639999;0.196;0.196;1;1310906889
-98.163806;1.813;0.147;0.147;1;1310923874
-98.152849;1.7639999;0.147;0.147;1;1310934831
-98.139768;1.7639999;0.147;0.147;1;1310947912
-98.083721;1.7639999;0.147;0.147;1;1311003959
-98.068435;1.7639999;0.196;0.196;1;1311019245
-98.054305;1.7639999;0.147;0.196;1;1311033375
-98.041217;1.7149999;0.147;0.196;1;1311046463
-98.022897;1.7639999;0.196;0.147;1;1311064783
-98.010106;1.7639999;0.147;0.196;1;1311077574
-97.992844;1.7639999;0.098;0.147;1;1311094836
-97.977865;1.813;0.098;0.098;1;1311109815
-97.966945;1.7149999;0.147;0.196;1;1311120735
-97.954914;1.813;0.147;0.196;1;1311132766
-97.938658;1.7639999;0.147;0.196;1;1311149022
-97.927929;1.7639999;0.147;0.196;1;1311159751
-97.911789;1.7149999;0.147;0.196;1;1311175891
-97.899084;1.7639999;0.147;0.147;1;1311188596
-97.888662;1.7639999;0.098;0.196;1;1311199018
-97.873858;1.7639999;0.147;0.244999984;1;1311213822
-97.847940;1.7639999;0.147;0.147;1;1311239740
-97.833921;1.7639999;0.196;0.147;1;1311253759
-97.820271;1.7149999;0.098;0.147;1;1311267409
-97.801543;1.7149999;0.147;0.147;1;1311286137
-97.784065;1.7639999;0.147;0.196;1;1311303615
-97.772061;1.7639999;0.147;0.196;1;1311315619
-97.760385;1.7639999;0.147;0.196;1;1311327295
-97.749276;1.7639999;0.196;0.196;1;1311338404
-97.734605;1.7639999;0.147;0.147;1;1311353075
-97.673212;1.7639999;0.098;0.196;1;1311414468
-97.659079;1.813;0.147;0.098;1;1311428601
-97.647830;1.813;0.147;0.196;1;1311439850
-97.635784;1.7639999;0.147;0.196;1;1311451896
-97.611695;1.7149999;0.196;0.244999984;1;1311475985
-97.600142;1.7639999;0.147;0.196;1;1311487538
-97.577195;1.813;0.147;0.196;1;1311510485
-97.562968;1.7639999;0.147;0.244999984;1;1311524712
-97.548972;1.813;0.147;0.147;1;1311538708
-97.511700;1.7639999;0.147;0.147;1;1311575980
-97.499163;1.7149999;0.098;0.147;1;1311588517
-97.487269;1.7149999;0.147;0.196;1;1311600411
-97.475052;1.7639999;0.147;0.196;1;1311612628
-97.447096;1.813;0.147;0.196;1;1311640584
-97.436641;1.7639999;0.147;0.196;1;1311651039
-97.421754;1.7639999;0.098;0.196;1;1311665926
-97.398850;1.813;0.049;0.147;1;1311688830
-97.381519;1.7639999;0.147;0.147;1;1311706161
-97.368331;1.813;0.049;0.098;1;1311719349
-97.344380;1.813;0.098;0.147;1;1311743300
-97.331226;1.7639999;0.147;0.196;1;1311756454
-97.309936;1.7639999;0.147;0.196;1;1311777744
-97.298193;1.813;0.098;0.196;1;1311789487
-97.274568;1.7149999;0.147;0.244999984;1;1311813112
-97.238441;1.7149999;0.196;0.196;1;1311849239
-97.219682;1.7639999;0.098;0.196;1;1311867998
-97.204917;1.7639999;0.147;0.147;1;1311882763
-97.192686;1.813;0.098;0.147;1;1311894994
-97.179679;1.7639999;0.147;0.196;1;1311908001
-97.168591;1.7149999;0.098;0.196;1;1311919089
-97.144836;1.813;0.098;0.196;1;1311942844
-97.128785;1.7149999;0.147;0.196;1;1311958895
-97.117544;1.7149999;0.147;0.147;1;1311970136
-97.105480;1.7149999;0.147;0.196;1;1311982200
-97.092717;1.7639999;0.147;0.196;1;1311994963
-97.079011;1.813;0.147;0.196;1;1312008669
-97.068599;1.7639999;0.147;0.147;1;1312019081
-97.055489;1.7639999;0.147;0.196;1;1312032191
-97.031765;1.7639999;0.147;0.147;1;1312055915
-97.017508;1.7639999;0.147;0.196;1;1312070172
-97.001809;1.7639999;0.098;0.244999984;1;1312085871
-96.976712;1.7149999;0.147;0.196;1;1312110968
-96.965619;1.7639999;0.147;0.147;1;1312122061
-96.951768;1.7639999;0.147;0.196;1;1312135912
-96.931830;1.7639999;0.147;0.147;1;1312155850
-96.913847;1.7639999;0.098;0.147;1;1312173833
-96.894474;1.7639999;0.147;0.196;1;1312193206
-96.883993;1.7639999;0.147;0.196;1;1312203687
-96.872053;1.7639999;0.147;0.147;1;1312215627
-96.860919;1.7149999;0.147;0.196;1;1312226761
-96.849898;1.7639999;0.147;0.196;1;1312237782
-96.836484;1.7639999;0.098;0.196;1;1312251196
-96.801365;1.7639999;0.147;0.196;1;1312286315
-96.773955;1.813;0.098;0.147;1;1312313725
-96.762438;1.7639999;0.147;0.147;1;1312325242
-96.747662;1.7149999;0.147;0.196;1;1312340018
-96.736970;1.7639999;0.098;0.147;1;1312350710
-96.724857;1.813;0.147;0.147;1;1312362823
-96.711385;1.7639999;0.147;0.147;1;1312376295
-96.698138;1.7639999;0.147;0.196;1;1312389542
-96.686751;1.7149999;0.147;0.147;1;1312400929
-96.675411;1.813;0.098;0.196;1;1312412269
-96.664391;1.7639999;0.196;0.147;1;1312423289
-96.649418;1.813;0.098;0.196;1;1312438262
-96.636625;1.813;0.147;0.098;1;1312451055
-96.625609;1.7639999;0.147;0.147;1;1312462071
-96.604673;1.813;0.098;0.196;1;1312483007
-96.578830;1.7639999;0.098;0.147;1;1312508850
-96.567918;1.813;0.147;0.147;1;1312519762
-96.551763;1.7149999;0.147;0.196;1;1312535917
-96.532879;1.7639999;0.147;0.196;1;1312554801
-96.512767;1.7639999;0.147;0.196;1;1312574913
-96.500314;1.813;0.098;0.196;1;1312587366
-96.476673;1.7639999;0.147;0.147;1;1312611007
-96.465672;1.7639999;0.147;0.196;1;1312622008
-96.450972;1.7639999;0.147;0.244999984;1;1312636708
-96.432899;1.862;0.098;0.098;1;1312654781
-96.420560;1.7639999;0.049;0.244999984;1;1312667120
-96.408898;1.7639999;0.147;0.196;1;1312678782
-96.376834;1.7639999;0.147;0.196;1;1312710846
-96.358450;1.813;0.147;0.147;1;1312729230
-96.342663;1.7639999;0.098;0.147;1;1312745017
-96.328079;1.7639999;0.147;0.196;1;1312759601
-96.312487;1.813;0.098;0.147;1;1312775193
-96.300348;1.813;0.147;0.196;1;1312787332
-96.276867;1.7149999;0.147;0.196;1;1312810813
-96.263134;1.7639999;0.147;0.196;1;1312824546
-96.247666;1.7149999;0.147;0.147;1;1312840014
-96.236843;1.7639999;0.147;0.196;1;1312850837
-96.225695;1.813;0.147;0.196;1;1312861985
-96.212613;1.7149999;0.196;0.147;1;1312875067
-96.200440;1.7639999;0.147;0.196;1;1312887240
-96.177763;1.813;0.098;0.244999984;1;1312909917
-96.159390;1.7639999;0.098;0.196;1;1312928290
-96.146290;1.813;0.098;0.147;1;1312941390
-96.133971;1.7639999;0.098;0.196;1;1312953709
-96.111548;1.7639999;0.147;0.147;1;1312976132
-96.097573;1.7149999;0.196;0.147;1;1312990107
-96.086717;1.7639999;0.147;0.147;1;1313000963
-96.075511;1.7639999;0.147;0.147;1;1313012169
-96.064255;1.813;0.098;0.147;1;1313023425
-96.046136;1.7149999;0.147;0.196;1;1313041544
-96.032749;1.7639999;0.147;0.196;1;1313054931
-96.014285;1.7149999;0.196;0.244999984;1;1313073395
-95.999167;1.666;0.147;0.196;1;1313088513
-95.977253;1.813;0.147;0.196;1;1313110427
-95.939544;1.7639999;0.147;0.196;1;1313148136
-95.923240;1.7639999;0.098;0.147;1;1313164440
-95.899732;1.7639999;0.147;0.196;1;1313187948
-95.888703;1.7149999;0.147;0.147;1;1313198977
-95.848677;1.7639999;0.147;0.196;1;1313239003
-95.837994;1.813;0.098;0.196;1;1313249686
-95.825003;1.813;0.147;0.196;1;1313262677
-95.798412;1.7149999;0.098;0.147;1;1313289268
-95.787779;1.7639999;0.147;0.098;1;1313299901
-95.776012;1.7639999;0.147;0.196;1;1313311668
-95.764772;1.813;0.147;0.196;1;1313322908
-95.742754;1.7639999;0.147;0.196;1;1313344926
-95.730137;1.813;0.147;0.196;1;1313357543
-95.711696;1.7639999;0.098;0.147;1;1313375984
-95.698244;1.7149999;0.098;0.196;1;1313389436
-95.687420;1.7639999;0.098;0.196;1;1313400260
-95.675955;1.7639999;0.098;0.196;1;1313411725
-95.663268;1.7639999;0.147;0.196;1;1313424412
-95.648313;1.813;0.147;0.147;1;1313439367
-95.635784;1.7639999;0.147;0.147;1;1313451896
-95.622339;1.813;0.147;0.196;1;1313465341
-95.583868;1.813;0.147;0.196;1;1313503812
-95.571852;1.7639999;0.147;0.196;1;1313515828
-95.560945;1.862;0.098;0.196;1;1313526735
-95.525854;1.7639999;0.147;0.244999984;1;1313561826
-95.510966;1.7639999;0.098;0.196;1;1313576714
-95.498260;1.7639999;0.147;0.147;1;1313589420
-95.487989;1.7149999;0.147;0.147;1;1313599691
-95.476415;1.7639999;0.147;0.196;1;1313611265
-95.463747;1.7639999;0.098;0.196;1;1313623933
-95.449664;1.7639999;0.098;0.147;1;1313638016
-95.431814;1.813;0.147;0.147;1;1313655866
-95.420666;1.7639999;0.147;0.196;1;1313667014
-95.396245;1.7639999;0.147;0.196;1;1313691435
-95.385109;1.7149999;0.098;0.196;1;1313702571
-95.374232;1.7639999;0.147;0.196;1;1313713448
-95.360469;1.7639999;0.147;0.196;1;1313727211
-95.341634;1.813;0.098;0.147;1;1313746046
-95.330062;1.813;0.098;0.147;1;1313757618
-95.311801;1.7639999;0.098;0.196;1;1313775879
-95.296349;1.7149999;0.147;0.147;1;1313791331
-95.273528;1.813;0.147;0.196;1;1313814152
-95.244625;1.7639999;0.147;0.147;1;1313843055
-95.233047;1.813;0.098;0.196;1;1313854633
-95.212932;1.7639999;0.098;0.196;1;1313874748
-95.199629;1.7639999;0.098;0.147;1;1313888051
-95.188658;1.7639999;0.147;0.294;1;1313899022
-95.176879;1.7639999;0.196;0.196;1;1313910801
-95.165869;1.7639999;0.098;0.196;1;1313921811
-95.150716;1.7639999;0.147;0.196;1;1313936964
-95.139843;1.7639999;0.147;0.098;1;1313947837
-95.128804;1.813;0.147;0.196;1;1313958876
-95.117971;1.7639999;0.147;0.147;1;1313969709
-95.078642;1.813;0.098;0.147;1;1314009038
-95.065563;1.7639999;0.147;0.098;1;1314022117
-95.047033;1.7639999;0.098;0.147;1;1314040647
-95.035804;1.7639999;0.147;0.147;1;1314051876
-95.012941;1.7149999;0.098;0.196;1;1314074739
-95.000143;1.813;0.098;0.196;1;1314087537
-94.977678;1.7639999;0.147;0.196;1;1314110002
-94.965276;1.7639999;0.098;0.196;1;1314122404
-94.933234;1.7639999;0.147;0.196;1;1314154446
-94.922430;1.813;0.098;0.244999984;1;1314165250
-94.909439;1.7639999;0.098;0.147;1;1314178241
-94.897679;1.7639999;0.098;0.147;1;1314190001
-94.886360;1.7639999;0.147;0.244999984;1;1314201320
-94.874089;1.7639999;0.147;0.196;1;1314213591
-94.848273;1.813;0.098;0.196;1;1314239407
-94.834822;1.813;0.098;0.147;1;1314252858
-94.809937;1.7639999;0.098;0.147;1;1314277743
-94.798261;1.7149999;0.147;0.196;1;1314289419
-94.775786;1.7639999;0.147;0.147;1;1314311894
-94.762342;1.7639999;0.147;0.244999984;1;1314325338
-94.747223;1.7149999;0.098;0.147;1;1314340457
-94.734802;1.7639999;0.098;0.196;1;1314352878
-94.711222;1.7639999;0.098;0.147;1;1314376458
-94.699282;1.7639999;0.098;0.147;1;1314388398
-94.688432;1.7149999;0.098;0.196;1;1314399248
-94.657581;1.7639999;0.098;0.147;1;1314430099
-94.632808;1.7639999;0.147;0.196;1;1314454872
-94.621577;1.7639999;0.147;0.196;1;1314466103
-94.609095;1.7639999;0.098;0.196;1;1314478585
-94.591715;1.813;0.098;0.196;1;1314495965
-94.578264;1.7639999;0.147;0.196;1;1314509416
-94.567152;1.862;0.098;0.196;1;1314520528
-94.553644;1.813;0.147;0.196;1;1314534036
-94.534778;1.7639999;0.147;0.147;1;1314552902
-94.504995;1.7639999;0.147;0.147;1;1314582685
-94.493969;1.7149999;0.147;0.147;1;1314593711
-94.481849;1.813;0.147;0.196;1;1314605831
-94.469119;1.813;0.098;0.147;1;1314618561
-94.456095;1.7639999;0.147;0.147;1;1314631585
-94.441340;1.7149999;0.196;0.196;1;1314646340
-94.428358;1.7149999;0.098;0.196;1;1314659322
-94.412853;1.7149999;0.147;0.147;1;1314674827
-94.401273;1.813;0.098;0.196;1;1314686407
-94.377760;1.7639999;0.147;0.147;1;1314709920
-94.366804;1.7639999;0.098;0.196;1;1314720876
-94.352514;1.813;0.147;0.147;1;1314735166
-94.340893;1.7639999;0.098;0.147;1;1314746787
-94.329870;1.7639999;0.147;0.147;1;1314757810
-94.318942;1.813;0.147;0.196;1;1314768738
-94.301500;1.7639999;0.147;0.196;1;1314786180
-94.281746;1.813;0.147;0.196;1;1314805934
-94.269413;1.813;0.147;0.147;1;1314818267
-94.245062;1.7639999;0.147;0.098;1;1314842618
-94.233039;1.7639999;0.147;0.196;1;1314854641
-94.190941;1.7639999;0.098;0.196;1;1314896739
-94.179573;1.7639999;0.147;0.196;1;1314908107
-94.168100;1.7639999;0.098;0.147;1;1314919580
-94.140035;1.7639999;0.147;0.147;1;1314947645
-94.115535;1.7639999;0.147;0.196;1;1314972145
-94.104856;1.7639999;0.098;0.196;1;1314982824
-94.093449;1.7639999;0.147;0.196;1;1314994231
-94.081739;1.7639999;0.098;0.196;1;1315005941
-94.068938;1.7639999;0.147;0.196;1;1315018742
-94.044921;1.7639999;0.098;0.196;1;1315042759
-94.033436;1.7639999;0.098;0.196;1;1315054244
-94.021437;1.7149999;0.147;0.147;1;1315066243
-94.001041;1.813;0.098;0.147;1;1315086639
-93.978155;1.7149999;0.147;0.196;1;1315109525
-93.965292;1.7639999;0.147;0.196;1;1315122388
-93.954738;1.7639999;0.147;0.196;1;1315132942
-93.942853;1.7149999;0.098;0.196;1;1315144827
-93.931195;1.813;0.098;0.196;1;1315156485
-93.918875;1.7149999;0.098;0.196;1;1315168805
-93.906756;1.862;0.147;0.196;1;1315180924
-93.895378;1.7639999;0.196;0.147;1;1315192302
-93.884766;1.7639999;0.147;0.196;1;1315202914
-93.871533;1.7639999;0.098;0.147;1;1315216147
-93.860254;1.7149999;0.098;0.147;1;1315227426
-93.848498;1.7639999;0.147;0.196;1;1315239182
-93.837620;1.7639999;0.196;0.147;1;1315250060
-93.789478;1.813;0.098;0.147;1;1315298202
-93.773408;1.7639999;0.147;0.147;1;1315314272
-93.745789;1.7639999;0.098;0.196;1;1315341891
-93.728944;1.666;0.147;0.196;1;1315358736
-93.712894;1.7639999;0.147;0.196;1;1315374786
-93.701321;1.7639999;0.147;0.196;1;1315386359
-93.675519;1.7639999;0.147;0.147;1;1315412161
-93.664693;1.7149999;0.098;0.147;1;1315422987
-93.647835;1.7639999;0.147;0.196;1;1315439845
-93.632501;1.7639999;0.196;0.196;1;1315455179
-93.620646;1.7639999;0.147;0.244999984;1;1315467034
-93.609795;1.7639999;0.147;0.196;1;1315477885
-93.597307;1.7639999;0.098;0.147;1;1315490373
-93.572568;1.7639999;0.196;0.147;1;1315515112
-93.546595;1.7639999;0.098;0.147;1;1315541085
-93.531317;1.7639999;0.098;0.196;1;1315556363
-93.511576;1.7639999;0.147;0.147;1;1315576104
-93.498958;1.813;0.196;0.196;1;1315588722
-93.484778;1.813;0.147;0.147;1;1315602902
-93.469642;1.7639999;0.147;0.147;1;1315618038
-93.451445;1.813;0.098;0.147;1;1315636235
-93.438742;1.7639999;0.098;0.196;1;1315648938
-93.417441;1.7639999;0.098;0.244999984;1;1315670239
-93.401714;1.7149999;0.196;0.196;1;1315685966
-93.387445;1.7639999;0.098;0.147;1;1315700235
-93.356099;1.813;0.098;0.196;1;1315731581
-93.339073;1.7639999;0.147;0.147;1;1315748607
-93.325823;1.7149999;0.147;0.196;1;1315761857
-93.311740;1.7639999;0.147;0.244999984;1;1315775940
-93.298975;1.813;0.147;0.196;1;1315788705
-93.275007;1.7639999;0.098;0.196;1;1315812673
-93.263453;1.7639999;0.098;0.244999984;1;1315824227
-93.246642;1.7149999;0.196;0.196;1;1315841038
-93.235764;1.7639999;0.147;0.196;1;1315851916
-93.224531;1.7639999;0.098;0.147;1;1315863149
-93.213777;1.7149999;0.196;0.147;1;1315873903
-93.200342;1.7639999;0.196;0.147;1;1315887338
-93.175796;1.813;0.147;0.147;1;1315911884
-93.164487;1.7639999;0.147;0.147;1;1315923193
-93.152785;1.813;0.196;0.147;1;1315934895
-93.140101;1.7149999;0.196;0.147;1;1315947579
-93.128097;1.813;0.147;0.147;1;1315959583
-93.117832;1.7639999;0.147;0.196;1;1315969848
-93.104888;1.7149999;0.196;0.196;1;1315982792
-93.093702;1.7149999;0.147;0.196;1;1315993978
-93.077319;1.7639999;0.147;0.196;1;1316010361
-93.066614;1.813;0.098;0.147;1;1316021066
-93.054130;1.7639999;0.147;0.196;1;1316033550
-93.041433;1.7639999;0.098;0.244999984;1;1316046247
-93.028831;1.7639999;0.147;0.244999984;1;1316058849
-93.011768;1.7639999;0.147;0.196;1;1316075912
-92.997625;1.7639999;0.147;0.196;1;1316090055
-92.986171;1.7639999;0.147;0.196;1;1316101509
-92.948306;1.813;0.147;0.147;1;1316139374
-92.932641;1.7639999;0.098;0.147;1;1316155039
-92.908378;1.7149999;0.147;0.196;1;1316179302
-92.895377;1.7639999;0.196;0.147;1;1316192303
-92.880515;1.7149999;0.147;0.098;1;1316207165
-92.868056;1.7639999;0.098;0.147;1;1316219624
-92.845709;1.7639999;0.147;0.147;1;1316241971
-92.832554;1.7639999;0.147;0.196;1;1316255126
-92.809173;1.7149999;0.147;0.147;1;1316278507
-92.798618;1.7639999;0.147;0.244999984;1;1316289062
-92.785633;1.7639999;0.147;0.244999984;1;1316302047
-92.774737;1.7639999;0.147;0.196;1;1316312943
-92.761990;1.7149999;0.147;0.244999984;1;1316325690
-92.750983;1.7639999;0.147;0.147;1;1316336697
-92.739061;1.7149999;0.147;0.147;1;1316348619
-92.728617;1.813;0.098;0.098;1;1316359063
-92.717434;1.813;0.147;0.196;1;1316370246
-92.706745;1.813;0.098;0.147;1;1316380935
-92.688944;1.7639999;0.098;0.147;1;1316398736
-92.676954;1.7149999;0.147;0.196;1;1316410726
-92.665778;1.7639999;0.147;0.196;1;1316421902
-92.640479;1.7639999;0.147;0.147;1;1316447201
-92.628702;1.813;0.147;0.196;1;1316458978
-92.617756;1.7149999;0.147;0.244999984;1;1316469924
-92.587066;1.813;0.147;0.147;1;1316500614
-92.576442;1.7639999;0.147;0.147;1;1316511238
-92.565678;1.7639999;0.147;0.147;1;1316522002
-92.536426;1.813;0.147;0.196;1;1316551254
-92.518120;1.7639999;0.147;0.196;1;1316569560
-92.503486;1.7639999;0.098;0.196;1;1316584194
-92.492315;1.813;0.098;0.244999984;1;1316595365
-92.479990;1.7639999;0.098;0.196;1;1316607690
-92.467918;1.7639999;0.147;0.196;1;1316619762
-92.443881;1.7639999;0.147;0.196;1;1316643799
-92.429726;1.813;0.098;0.196;1;1316657954
-92.417315;1.7639999;0.147;0.196;1;1316670365
-92.405355;1.7639999;0.147;0.147;1;1316682325
-92.394184;1.7639999;0.147;0.196;1;1316693496
-92.381799;1.7639999;0.147;0.196;1;1316705881
-92.370170;1.7639999;0.147;0.098;1;1316717510
-92.347272;1.7149999;0.196;0.147;1;1316740408
-92.336697;1.813;0.098;0.147;1;1316750983
-92.321826;1.7149999;0.196;0.244999984;1;1316765854
-92.307584;1.7149999;0.147;0.147;1;1316780096
-92.294887;1.7639999;0.147;0.196;1;1316792793
-92.281237;1.813;0.147;0.196;1;1316806443
-92.263464;1.813;0.098;0.147;1;1316824216
-92.234012;1.813;0.147;0.196;1;1316853668
-92.210238;1.813;0.147;0.147;1;1316877442
-92.199634;1.7639999;0.147;0.196;1;1316888046
-92.183176;1.7639999;0.098;0.147;1;1316904504
-92.172865;1.7639999;0.147;0.196;1;1316914815
-92.129333;1.7639999;0.147;0.147;1;1316958347
-92.113073;1.7639999;0.147;0.196;1;1316974607
-92.099539;1.7149999;0.147;0.244999984;1;1316988141
-92.076330;1.7149999;0.196;0.147;1;1317011350
-92.065601;1.7639999;0.098;0.147;1;1317022079
-92.050775;1.7639999;0.147;0.196;1;1317036905
-92.039736;1.7639999;0.147;0.196;1;1317047944
-92.028938;1.7639999;0.147;0.196;1;1317058742
-92.012922;1.7639999;0.098;0.147;1;1317074758
-91.997366;1.7639999;0.098;0.196;1;1317090314
-91.986995;1.813;0.098;0.147;1;1317100685
-91.975492;1.7149999;0.098;0.196;1;1317112188
-91.964865;1.7639999;0.098;0.147;1;1317122815
-91.949810;1.7149999;0.147;0.196;1;1317137870
-91.938313;1.7639999;0.098;0.147;1;1317149367
-91.926977;1.7149999;0.147;0.196;1;1317160703
-91.911847;1.7639999;0.147;0.196;1;1317175833
-91.891104;1.7639999;0.147;0.196;1;1317196576
-91.879714;1.813;0.147;0.244999984;1;1317207966
-91.868490;1.7639999;0.098;0.147;1;1317219190
-91.843475;1.7639999;0.147;0.244999984;1;1317244205
-91.830052;1.7639999;0.147;0.147;1;1317257628
-91.810337;1.7639999;0.147;0.147;1;1317277343
-91.795957;1.7639999;0.098;0.196;1;1317291723
-91.781809;1.7149999;0.098;0.196;1;1317305871
-91.769196;1.7639999;0.098;0.196;1;1317318484
-91.745011;1.7149999;0.147;0.147;1;1317342669
-91.731356;1.7639999;0.147;0.147;1;1317356324
-91.704366;1.7149999;;0.019;0;1317383314
-91.682561;1.813;0.147;0.147;1;1317405119
-91.663164;1.7639999;0.049;0.196;1;1317424516
-91.640210;1.7639999;0.098;0.196;1;1317447470
-91.622395;1.7639999;0.098;0.196;1;1317465285
-91.609810;1.7639999;0.098;0.147;1;1317477870
-91.598751;1.7149999;0.147;0.196;1;1317488929
-91.561553;1.7639999;0.098;0.147;1;1317526127
-91.549313;1.813;0.147;0.196;1;1317538367
-91.532841;1.7639999;0.098;0.196;1;1317554839
-91.521767;1.7639999;0.147;0.196;1;1317565913
-91.487464;1.7639999;0.147;0.147;1;1317600216
-91.475791;1.7149999;0.147;0.147;1;1317611889
-91.464916;1.7149999;0.147;0.196;1;1317622764
-91.440401;1.7639999;0.147;0.147;1;1317647279
-91.421725;1.813;0.147;0.196;1;1317665955
-91.409183;1.7639999;0.147;0.244999984;1;1317678497
-91.398480;1.7149999;0.147;0.147;1;1317689200
-91.386093;1.7149999;0.147;0.147;1;1317701587
-91.374399;1.813;0.098;0.196;1;1317713281
-91.360544;1.7639999;0.147;0.147;1;1317727136
-91.348096;1.7149999;0.196;0.147;1;1317739584
-91.337587;1.7639999;0.147;0.196;1;1317750093
-91.321768;1.7639999;0.098;0.196;1;1317765912
-91.308354;1.813;0.147;0.196;1;1317779326
-91.272859;1.7149999;0.147;0.147;1;1317814821
-91.251177;1.7149999;0.196;0.147;1;1317836503
-91.236574;1.7149999;0.196;0.147;1;1317851106
-91.221242;1.7639999;0.147;0.196;1;1317866438
-91.209362;1.7639999;0.098;0.244999984;1;1317878318
-91.197854;1.813;0.147;0.147;1;1317889826
-91.184172;1.7639999;0.147;0.147;1;1317903508
-91.173207;1.7639999;0.098;0.147;1;1317914473
-91.148824;1.7639999;0.147;0.244999984;1;1317938856
-91.136194;1.7639999;0.147;0.147;1;1317951486
-91.125028;1.666;0.147;0.196;1;1317962652
-91.111766;1.7639999;0.147;0.147;1;1317975914
-91.099963;1.7639999;0.098;0.147;1;1317987717
-91.086550;1.7639999;0.147;0.147;1;1318001130
-91.075587;1.7639999;0.147;0.147;1;1318012093
-91.062769;1.7149999;0.098;0.196;1;1318024911
-91.034534;1.813;0.196;0.196;1;1318053146
-91.004531;1.7639999;0.147;0.196;1;1318083149
-90.993767;1.813;0.147;0.244999984;1;1318093913
-90.981451;1.7149999;0.147;0.147;1;1318106229
-90.971001;1.7149999;0.147;0.147;0;1318116679
-90.948780;1.7149999;0.147;0.098;1;1318138900
-90.930831;1.7639999;0.147;0.147;1;1318156849
-90.913325;1.7639999;0.098;0.196;1;1318174355
-90.900945;1.7639999;0.147;0.196;1;1318186735
-90.885611;1.7639999;0.098;0.196;1;1318202069
-90.874265;1.813;0.147;0.196;1;1318213415
-90.843600;1.7639999;0.147;0.147;1;1318244080
-90.824924;1.7639999;0.147;0.196;1;1318262756
-90.807247;1.7639999;0.147;0.196;1;1318280433
-90.796683;1.7639999;0.098;0.244999984;1;1318290997
-90.782680;1.7639999;0.147;0.196;1;1318305000
-90.771866;1.7639999;0.147;0.147;1;1318315814
-90.758706;1.813;0.147;0.196;1;1318328974
-90.747850;1.813;0.098;0.147;1;1318339830
-90.730926;1.813;0.098;0.196;1;1318356754
-90.718371;1.7149999;0.098;0.196;1;1318369309
-90.707718;1.813;0.098;0.147;1;1318379962
-90.696114;1.813;0.147;0.098;1;1318391566
-90.681431;1.7639999;0.196;0.196;1;1318406249
-90.670730;1.7639999;0.147;0.147;1;1318416950
-90.642929;1.7639999;0.098;0.147;1;1318444751
-90.629866;1.862;0.147;0.147;1;1318457814
-90.616732;1.7639999;0.147;0.147;1;1318470948
-90.602474;1.7149999;0.196;0.244999984;1;1318485206
-90.591890;1.7149999;0.147;0.147;1;1318495790
-90.578434;1.813;0.098;0.196;1;1318509246
-90.567893;1.7639999;0.147;0.196;1;1318519787
-90.532922;1.7149999;0.147;0.098;1;1318554758
-90.500217;1.7639999;0.147;0.147;1;1318587463
-90.476563;1.813;0.098;0.147;1;1318611117
-90.465620;1.813;0.147;0.147;1;1318622060
-90.450976;1.7149999;0.147;0.196;1;1318636704
-90.432910;1.813;0.196;0.147;1;1318654770
-90.398672;1.7639999;0.098;0.196;1;1318689008
-90.383351;1.7639999;0.098;0.147;1;1318704329
-90.372646;1.7639999;0.147;0.147;1;1318715034
-90.361783;1.813;0.098;0.196;1;1318725897
-90.350739;1.7639999;0.147;0.147;1;1318736941
-90.334130;1.7639999;0.098;0.196;1;1318753550
-90.311533;1.7639999;0.147;0.196;1;1318776147
-90.291630;1.813;0.098;0.196;1;1318796050
-90.275643;1.7639999;0.098;0.196;1;1318812037
-90.261090;1.7149999;0.147;0.196;1;1318826590
-90.240911;1.813;0.147;0.196;1;1318846769
-90.229151;1.7639999;0.147;0.196;1;1318858529
-90.209979;1.7639999;0.098;0.196;1;1318877701
-90.197575;1.7639999;0.147;0.147;1;1318890105
-90.184493;1.7639999;0.049;0.244999984;1;1318903187
-90.172168;1.813;0.147;0.147;1;1318915512
-90.161137;1.7639999;0.147;0.147;1;1318926543
-90.147720;1.7639999;0.196;0.147;1;1318939960
-90.136873;1.7149999;0.147;0.196;1;1318950807
-90.113328;1.7639999;0.147;0.147;1;1318974352
-90.097827;1.7639999;0.147;0.196;1;1318989853
-90.086745;1.7639999;0.098;0.147;1;1319000935
-90.072115;1.7149999;0.098;0.147;1;1319015565
-90.047064;1.7639999;0.147;0.196;1;1319040616
-90.031392;1.7639999;0.147;0.196;1;1319056288
-90.020666;1.7639999;0.147;0.147;1;1319067014
-90.008734;1.7639999;0.098;0.196;1;1319078946
-89.996824;1.813;0.098;0.147;1;1319090856
-89.958210;1.813;0.098;0.147;1;1319129470
-89.938394;1.7639999;0.147;0.196;1;1319149286
-89.913961;1.7639999;0.147;0.196;1;1319173719
-89.900764;1.7639999;0.098;0.147;1;1319186916
-89.884996;1.7639999;0.098;0.147;1;1319202684
-89.873707;1.7639999;0.147;0.147;1;1319213973
-89.862775;1.7149999;0.;0.026512622;-0.24065304;1319224905
-89.845665;1.7639999;0.147;0.147;1;1319242015
-89.833868;1.7639999;0.147;0.244999984;1;1319253812
-89.810767;1.813;0.147;0.147;1;1319276913
-89.797186;1.7639999;0.098;0.147;1;1319290494
-89.781384;1.813;0.147;0.147;1;1319306296
-89.770569;1.7149999;0.196;0.244999984;1;1319317111
-89.746397;1.7639999;0.147;0.196;1;1319341283
-89.727232;1.7639999;0.098;0.147;1;1319360448
-89.714156;1.7639999;0.147;0.196;1;1319373524
-89.700575;1.7639999;0.196;0.196;1;1319387105
-89.677495;1.813;0.098;0.147;1;1319410185
-89.666581;1.7639999;0.147;0.147;1;1319421099
-89.640853;1.813;0.147;0.147;1;1319446827
-89.628451;1.7639999;0.147;0.196;1;1319459229
-89.618006;1.7639999;0.147;0.147;1;1319469674
-89.601519;1.7639999;0.147;0.196;1;1319486161
-89.584638;1.7639999;0.147;0.147;1;1319503042
-89.573375;1.7639999;0.147;0.244999984;1;1319514305
-89.534252;1.7639999;0.098;0.098;1;1319553428
-89.518306;1.7639999;0.098;0.196;1;1319569374
-89.503076;1.7639999;0.196;0.196;1;1319584604
-89.491958;1.813;0.196;0.244999984;1;1319595722
-89.479006;1.813;0.098;0.147;1;1319608674
-89.468844;1.7639999;0.147;0.098;1;1319618836
-89.453417;1.7639999;0.098;0.196;1;1319634263
-89.442617;1.7639999;0.147;0.196;1;1319645063
-89.431701;1.7639999;0.147;0.196;1;1319655979
-89.418756;1.813;0.098;0.147;1;1319668924
-89.402781;1.7639999;0.098;0.098;1;1319684899
-89.383952;1.7149999;0.147;0.147;1;1319703728
-89.372853;1.813;0.147;0.196;1;1319714827
-89.359080;1.813;0.098;0.196;1;1319728600
-89.342830;1.7149999;0.147;0.244999984;1;1319744850
-89.331107;1.7639999;0.147;0.196;1;1319756573
-89.308496;1.813;0.098;0.244999984;1;1319779184
-89.296141;1.7639999;0.098;0.147;1;1319791539
-89.284727;1.7639999;0.196;0.196;1;1319802953
-89.273861;1.7639999;0.147;0.196;1;1319813819
-89.262799;1.7639999;0.52464;0.025492906;-0.242692468;1319824881
-89.247048;1.7639999;0.098;0.196;1;1319840632
-89.233813;1.7639999;0.147;0.196;1;1319853867
-89.219509;1.7639999;0.147;0.196;1;1319868171
-89.198259;1.7639999;0.147;0.196;1;1319889421
-89.182802;1.813;0.147;0.196;1;1319904878
-89.171796;1.7639999;0.147;0.244999984;1;1319915884
-89.160811;1.813;0.147;0.196;1;1319926869
-89.122935;1.7639999;0.098;0.147;1;1319964745
-89.103840;1.7149999;0.147;0.147;1;1319983840
-89.079473;1.813;0.098;0.196;1;1320008207
-89.068535;1.7639999;0.196;0.147;1;1320019145
-89.052215;1.7149999;0.196;0.147;1;1320035465
-89.041921;1.7639999;0.098;0.147;1;1320045759
-89.027977;1.7149999;0.098;0.196;1;1320059703
-89.016886;1.7639999;0.098;0.244999984;1;1320070794
-89.003547;1.7639999;0.098;0.196;1;1320084133
-88.977895;1.7639999;0.147;0.147;1;1320109785
-88.965462;1.813;0.147;0.196;1;1320122218
-88.950707;1.813;0.098;0.244999984;1;1320136973
-88.932873;1.7639999;0.098;0.196;1;1320154807
-88.921726;1.7149999;0.147;0.147;1;1320165954
-88.902461;1.7639999;0.147;0.196;1;1320185219
-88.875952;1.813;0.147;0.196;1;1320211728
-88.859936;1.7639999;0.147;0.147;1;1320227744
-88.842769;1.7639999;0.147;0.196;1;1320244911
-88.830509;1.813;0.098;0.147;1;1320257171
-88.812909;1.7149999;0.147;0.244999984;1;1320274771
-88.801348;1.813;0.098;0.196;1;1320286332
-88.776796;1.7639999;0.147;0.147;1;1320310884
-88.765840;1.7639999;0.147;0.147;1;1320321840
-88.750029;1.813;0.147;0.196;1;1320337651
-88.731619;1.813;0.196;0.196;1;1320356061
-88.720726;1.813;0.098;0.196;1;1320366954
-88.709588;1.7639999;0.098;0.196;1;1320378092
-88.670991;1.7639999;0.098;0.147;1;1320416689
-88.657004;1.7149999;0.098;0.147;1;1320430676
-88.645984;1.7149999;0.196;0.196;1;1320441696
-88.631845;1.7639999;0.098;0.196;1;1320455835
-88.617899;1.7639999;0.147;0.147;1;1320469781
-88.606169;1.7639999;0.147;0.196;1;1320481511
-88.591798;1.7639999;0.098;0.147;1;1320495882
-88.579351;1.7639999;0.196;0.196;1;1320508329
-88.567278;1.813;0.098;0.196;1;1320520402
-88.553743;1.813;0.098;0.147;1;1320533937
-88.534290;1.7639999;0.098;0.196;1;1320553390
-88.522333;1.7639999;0.147;0.196;1;1320565347
-88.508906;1.666;0.147;0.196;1;1320578774
-88.490269;1.862;0.049;0.196;1;1320597411
-88.478208;1.813;0.147;0.196;1;1320609472
-88.466627;1.7639999;0.098;0.196;1;1320621053
-88.454421;1.7149999;0.196;0.196;1;1320633259
-88.441164;1.7639999;0.147;0.147;1;1320646516
-88.429863;1.813;0.098;0.196;1;1320657817
-88.419008;1.7639999;0.147;0.147;1;1320668672
-88.402016;1.813;0.098;0.196;1;1320685664
-88.381018;1.7639999;0.098;0.147;1;1320706662
-88.364827;1.7639999;0.147;0.147;1;1320722853
-88.350780;1.7149999;0.196;0.244999984;1;1320736900
-88.337719;1.7639999;0.147;0.196;1;1320749961
-88.326963;1.813;0.098;0.196;1;1320760717
-88.311236;1.813;0.147;0.147;1;1320776444
-88.299754;1.7639999;0.098;0.196;1;1320787926
-88.275980;1.813;0.147;0.196;1;1320811700
-88.264444;1.7639999;0.147;0.196;1;1320823236
-88.221909;1.7639999;0.147;0.147;1;1320865771
-88.203033;1.7639999;0.196;0.244999984;1;1320884647
-88.179026;1.813;0.147;0.147;1;1320908654
-88.168731;1.813;0.098;0.196;1;1320918949
-88.153596;1.7639999;0.147;0.147;1;1320934084
-88.142721;1.813;0.098;0.147;1;1320944959
-88.130982;1.7639999;0.098;0.196;1;1320956698
-88.119392;1.7639999;0.147;0.196;1;1320968288
-88.106561;1.7149999;0.098;0.244999984;1;1320981119
-88.095479;1.7639999;0.147;0.196;1;1320992201
-88.081208;1.7639999;0.147;0.196;1;1321006472
-88.070478;1.666;0.147;0.147;1;1321017202
-88.054257;1.7639999;0.098;0.196;1;1321033423
-88.043766;1.813;0.147;0.196;1;1321043914
-88.030957;1.7639999;0.147;0.147;1;1321056723
-88.019693;1.7149999;0.147;0.196;1;1321067987
-88.008710;1.7149999;0.147;0.196;1;1321078970
-87.996305;1.7639999;0.147;0.147;1;1321091375
-87.984059;1.7639999;0.147;0.244999984;1;1321103621
-87.965380;1.7639999;0.098;0.147;1;1321122300
-87.942051;1.7639999;0.147;0.244999984;1;1321145629
-87.930859;1.7639999;0.147;0.147;1;1321156821
-87.917345;1.7639999;0.147;0.196;1;1321170335
-87.901148;1.7639999;0.098;0.147;1;1321186532
-87.871509;1.7639999;0.147;0.147;1;1321216171
-87.858474;1.7639999;0.147;0.147;1;1321229206
-87.847293;1.7639999;0.098;0.244999984;1;1321240387
-87.812490;1.7639999;0.147;0.196;1;1321275190
-87.790795;1.813;0.098;0.244999984;1;1321296885
-87.777032;1.813;0.147;0.196;1;1321310648
-87.765684;1.813;0.098;0.196;1;1321321996
-87.751586;1.7639999;0.147;0.147;1;1321336094
-87.734288;1.7639999;0.147;0.196;1;1321353392
-87.712907;1.813;0.147;0.147;1;1321374773
-87.698582;1.7149999;0.147;0.147;1;1321389098
-87.687979;1.813;0.147;0.244999984;1;1321399701
-87.675577;1.813;0.098;0.196;1;1321412103
-87.664927;1.813;0.147;0.244999984;1;1321422753
-87.650447;1.7639999;0.147;0.147;1;1321437233
-87.639883;1.813;0.098;0.147;1;1321447797
-87.628080;1.7639999;0.098;0.147;1;1321459600
-87.602851;1.7149999;0.147;0.147;1;1321484829
-87.589024;1.7639999;0.098;0.147;1;1321498656
-87.576437;1.7149999;0.147;0.196;1;1321511243
-87.565301;1.813;0.098;0.147;1;1321522379
-87.553226;1.7639999;0.147;0.196;1;1321534454
-87.539266;1.7639999;0.147;0.196;1;1321548414
-87.522223;1.7639999;0.147;0.196;1;1321565457
-87.511447;1.7639999;0.147;0.196;1;1321576233
-87.492867;1.7639999;0.147;0.196;1;1321594813
-87.478985;1.7639999;0.147;0.196;1;1321608695
-87.467921;1.813;0.098;0.196;1;1321619759
-87.444657;1.813;0.147;0.147;1;1321643023
-87.433528;1.7639999;0.147;0.196;1;1321654152
-87.421708;1.7639999;0.098;0.147;1;1321665972
-87.409349;1.7149999;0.196;0.147;1;1321678331
-87.397311;1.7639999;0.098;0.196;1;1321690369
-87.360738;1.813;0.098;0.147;1;1321726942
-87.344686;1.7639999;0.098;0.196;1;1321742994
-87.333494;1.7149999;0.147;0.196;1;1321754186
-87.311601;1.7639999;0.147;0.196;1;1321776079
-87.300276;1.862;0.098;0.147;1;1321787404
-87.287872;1.7639999;0.098;0.196;1;1321799808
-87.247695;1.7149999;0.147;0.147;1;1321839985
-87.212871;1.7639999;0.147;0.196;1;1321874809
-87.194072;1.7639999;0.147;0.196;1;1321893608
-87.183963;1.7639999;0.098;0.147;1;1321903717
-87.170438;1.7639999;0.098;0.196;1;1321917242
-87.145941;1.7639999;0.147;0.196;1;1321941739
-87.134899;1.7639999;0.147;0.196;1;1321952781
-87.112690;1.7639999;0.147;0.147;1;1321974990
-87.101352;1.7639999;0.147;0.147;1;1321986328
-87.077973;1.7149999;0.147;0.147;1;1322009707
-87.066537;1.813;0.147;0.196;1;1322021143
-87.054348;1.813;0.147;0.244999984;1;1322033332
-87.043463;1.7639999;0.147;0.147;1;1322044217
-87.028213;1.7639999;0.147;0.196;1;1322059467
-87.017931;1.7639999;0.196;0.196;1;1322069749
-87.006664;1.7639999;0.147;0.196;1;1322081016
-86.951010;1.7639999;0.147;0.196;1;1322136670
-86.931545;1.7639999;0.098;0.147;1;1322156135
-86.919717;1.7149999;0.147;0.147;1;1322167963
-86.906898;1.7639999;0.147;0.196;1;1322180782
-86.895452;1.7149999;0.147;0.049;1;1322192228
-86.883039;1.813;0.098;0.196;1;1322204641
-86.868085;1.7639999;0.098;0.196;1;1322219595
-86.855202;1.813;0.147;0.196;1;1322232478
-86.844885;1.7639999;0.147;0.147;1;1322242795
-86.831037;1.7639999;0.147;0.147;1;1322256643
-86.809332;1.7639999;0.098;0.147;1;1322278348
-86.796202;1.7639999;0.098;0.147;1;1322291478
-86.785546;1.7639999;0.147;0.196;1;1322302134
-86.774243;1.813;0.098;0.196;1;1322313437
-86.763685;1.7149999;0.196;0.196;1;1322323995
-86.749220;1.7639999;0.147;0.196;1;1322338460
-86.738787;1.7639999;0.147;0.147;1;1322348893
-86.727554;1.7639999;0.147;0.196;1;1322360126
-86.711354;1.7639999;0.147;0.147;1;1322376326
-86.697527;1.7639999;0.098;0.196;1;1322390153
-86.685741;1.7639999;0.147;0.196;1;1322401939
-86.672299;1.7639999;0.147;0.147;1;1322415381
-86.646425;1.7639999;0.147;0.244999984;1;1322441255
-86.632995;1.7149999;0.147;0.147;1;1322454685
-86.611708;1.7639999;0.147;0.196;1;1322475972
-86.597699;1.7149999;0.147;0.147;1;1322489981
-86.586248;1.7639999;0.147;0.196;1;1322501432
-86.575748;1.7639999;0.049;0.196;1;1322511932
-86.564306;1.813;0.147;0.196;1;1322523374
-86.524855;1.7149999;0.147;0.196;1;1322562825
-86.510675;1.7639999;0.147;0.196;1;1322577005
-86.498596;1.7639999;0.147;0.196;1;1322589084
-86.484736;1.7639999;0.147;0.196;1;1322602944
-86.473624;1.7639999;0.196;0.196;1;1322614056
-86.448779;1.7639999;0.098;0.196;1;1322638901
-86.437803;1.7639999;0.098;0.196;1;1322649877
-86.426996;1.813;0.147;0.196;1;1322660684
-86.409746;1.7639999;0.147;0.098;1;1322677934
-86.398472;1.862;0.196;0.147;1;1322689208
-86.385685;1.7639999;0.147;0.196;1;1322701995
-86.374859;1.7639999;0.098;0.147;1;1322712821
-86.361773;1.7639999;0.147;0.196;1;1322725907
-86.345023;1.7639999;0.147;0.244999984;1;1322742657
-86.322878;1.7639999;0.098;0.147;1;1322764802
-86.308164;1.7639999;0.098;0.196;1;1322779516
-86.297623;1.7639999;0.098;0.244999984;1;1322790057
-86.283939;1.813;0.098;0.244999984;1;1322803741
-86.267340;1.7639999;0.147;0.196;1;1322820340
-86.244210;1.7639999;0.147;0.196;1;1322843470
-86.222921;1.7639999;0.098;0.147;1;1322864759
-86.211781;1.813;0.098;0.196;1;1322875899
-86.191058;1.813;0.147;0.147;1;1322896622
-86.177000;1.7639999;0.098;0.147;1;1322910680
-86.165785;1.7639999;0.147;0.147;1;1322921895
-86.152048;1.7639999;0.147;0.244999984;1;1322935632
-86.134464;1.7639999;0.147;0.147;1;1322953216
-86.090474;1.813;0.147;0.244999984;1;1322997206
-86.077419;1.7149999;0.147;0.244999984;1;1323010261
-86.043371;1.7149999;0.098;0.196;1;1323044309
-86.030418;1.7639999;0.147;0.147;1;1323057262
-86.011811;1.7639999;0.147;0.196;1;1323075869
-85.998160;1.7639999;0.147;0.244999984;1;1323089520
-85.981734;1.7639999;0.098;0.147;1;1323105946
-85.966407;1.7639999;0.147;0.147;1;1323121273
-85.951248;1.7639999;0.147;0.147;1;1323136432
-85.940843;1.7639999;0.098;0.196;1;1323146837
-85.925962;1.7639999;0.098;0.196;1;1323161718
-85.911698;1.813;0.098;0.147;1;1323175982
-85.898445;1.7639999;0.147;0.147;1;1323189235
-85.887751;1.7639999;0.098;0.147;1;1323199929
-85.873882;1.813;0.147;0.196;1;1323213798
-85.854267;1.7639999;0.147;0.196;1;1323233413
-85.843828;1.7639999;0.147;0.196;1;1323243852
-85.829352;1.7639999;0.098;0.147;1;1323258328
-85.816258;1.7149999;0.147;0.147;1;1323271422
-85.799615;1.7639999;0.098;0.196;1;1323288065
-85.777782;1.813;0.147;0.196;1;1323309898
-85.762871;1.7149999;0.196;0.147;1;1323324809
-85.748715;1.7639999;0.196;0.147;1;1323338965
-85.731729;1.7639999;0.147;0.196;1;1323355951
-85.711682;1.7639999;0.147;0.196;1;1323375998
-85.698689;1.7149999;0.098;0.196;1;1323388991
-85.687720;1.813;0.147;0.196;1;1323399960
-85.676130;1.7639999;0.098;0.244999984;1;1323411550
-85.635172;1.7639999;0.098;0.147;1;1323452508
-85.620444;1.7149999;0.147;0.147;1;1323467236
-85.601094;1.813;0.098;0.196;1;1323486586
-85.586940;1.7639999;0.147;0.196;1;1323500740
-85.573841;1.813;0.147;0.147;1;1323513839
-85.555494;1.7639999;0.147;0.196;1;1323532186
-85.539167;1.7639999;0.098;0.147;1;1323548513
-85.528874;1.7639999;0.196;0.196;1;1323558806
-85.514393;1.7639999;0.147;0.196;1;1323573287
-85.491082;1.7639999;0.147;0.147;1;1323596598
-85.478476;1.7639999;0.098;0.147;1;1323609204
-85.467877;1.7639999;0.098;0.196;1;1323619803
-85.453174;1.7639999;0.098;0.147;1;1323634506
-85.432913;1.7639999;0.147;0.147;1;1323654767
-85.420303;1.7149999;0.147;0.196;1;1323667377
-85.372737;1.7149999;0.147;0.147;1;1323714943
-85.361735;1.813;0.098;0.196;1;1323725945
-85.344472;1.7639999;0.147;0.147;1;1323743208
-85.333528;1.7639999;0.147;0.196;1;1323754152
-85.320356;1.813;0.147;0.196;1;1323767324
-85.304578;1.7639999;0.147;0.147;1;1323783102
-85.292271;1.813;0.098;0.244999984;1;1323795409
-85.281622;1.813;0.098;0.147;1;1323806058
-85.268887;1.813;0.098;0.196;1;1323818793
-85.242579;1.7639999;0.098;0.196;1;1323845101
-85.222953;1.813;0.098;0.244999984;1;1323864727
-85.173022;1.7639999;0.147;0.196;1;1323914658
-85.156040;1.7639999;0.098;0.147;1;1323931640
-85.142374;1.7639999;0.147;0.196;1;1323945306
-85.131697;1.7639999;0.147;0.147;1;1323955983
-85.112958;1.7639999;0.098;0.147;1;1323974722
-85.101847;1.7639999;0.098;0.196;1;1323985833
-85.089595;1.7639999;0.098;0.196;1;1323998085
-85.078637;1.7639999;0.098;0.196;1;1324009043
-85.062556;1.813;0.098;0.147;1;1324025124
-85.050988;1.813;0.098;0.147;1;1324036692
-85.031573;1.7639999;0.098;0.147;1;1324056107
-85.013997;1.813;0.098;0.196;1;1324073683
-84.994511;1.7639999;0.098;0.147;1;1324093169
-84.979905;1.7149999;0.196;0.147;1;1324107775
-84.968666;1.7639999;0.147;0.147;1;1324119014
-84.956194;1.7639999;0.147;0.147;1;1324131486
-84.941261;1.813;0.098;0.196;1;1324146419
-84.929229;1.7639999;0.147;0.196;1;1324158451
-84.918721;1.7639999;0.147;0.196;1;1324168959
-84.896043;1.813;0.147;0.147;1;1324191637
-84.881873;1.7639999;0.098;0.147;1;1324205807
-84.862839;1.7639999;0.147;0.196;1;1324224841
-84.842607;1.7639999;0.098;0.196;1;1324245073
-84.830542;1.813;0.098;0.196;1;1324257138
-84.815938;1.7639999;0.147;0.196;1;1324271742
-84.803033;1.7639999;0.147;0.244999984;1;1324284647
-84.759399;1.7639999;0.147;0.147;1;1324328281
-84.738285;1.7639999;0.098;0.147;1;1324349395
-84.724373;1.813;0.147;0.196;1;1324363307
-84.711120;1.7639999;0.196;0.196;1;1324376560
-84.699877;1.813;0.147;0.147;1;1324387803
-84.675691;1.7639999;0.147;0.196;1;1324411989
-84.661526;1.7639999;0.147;0.244999984;1;1324426154
-84.641112;1.7639999;0.098;0.244999984;1;1324446568
-84.582589;1.7639999;0.098;0.196;1;1324505091
-84.569544;1.813;0.098;0.147;1;1324518136
-84.534973;1.7639999;0.147;0.147;1;1324552707
-84.505749;1.813;0.147;0.196;1;1324581931
-84.494046;1.7639999;0.147;0.196;1;1324593634
-84.480381;1.813;0.098;0.196;1;1324607299
-84.469203;1.7149999;0.147;0.147;1;1324618477
-84.457501;1.7149999;;0.019;0;1324630179
-84.445590;1.7639999;0.147;0.196;1;1324642090
-84.431604;1.813;0.098;0.196;1;1324656076
-84.400590;1.7639999;0.147;0.196;1;1324687090
-84.378168;1.813;0.098;0.147;1;1324709512
-84.367074;1.7639999;0.147;0.147;1;1324720606
-84.353442;1.7149999;0.147;0.147;1;1324734238
-84.342068;1.7639999;0.098;0.244999984;1;1324745612
-84.329300;1.813;0.098;0.147;1;1324758380
-84.288096;1.813;0.098;0.147;1;1324799584
-84.273154;1.7639999;0.098;0.147;1;1324814526
-84.248616;1.7639999;0.147;0.244999984;1;1324839064
-84.230868;1.7639999;0.147;0.147;1;1324856812
-84.211705;1.7149999;0.147;0.196;1;1324875975
-84.198965;1.7639999;0.098;0.147;1;1324888715
-84.186105;1.7639999;0.147;0.147;1;1324901575
-84.174314;1.7639999;0.098;0.196;1;1324913366
-84.163312;1.7639999;0.147;0.196;1;1324924368
-84.148644;1.7639999;0.147;0.196;1;1324939036
-84.137982;1.7639999;0.147;0.147;1;1324949698
-84.108011;1.7639999;0.098;0.147;1;1324979669
-84.095624;1.7639999;0.098;0.147;1;1324992056
-84.081102;1.813;0.147;0.196;1;1325006578
-84.070671;1.862;0.147;0.147;1;1325017009
-84.048033;1.7639999;0.147;0.147;1;1325039647
-84.030684;1.7149999;0.147;0.147;1;1325056996
-84.016113;1.813;0.098;0.147;1;1325071567
-84.004522;1.7639999;0.147;0.244999984;1;1325083158
-83.979865;1.813;0.098;0.196;1;1325107815
-83.968873;1.7639999;0.147;0.244999984;1;1325118807
-83.932916;1.7639999;0.098;0.196;1;1325154764
-83.921033;1.7149999;0.196;0.196;1;1325166647
-83.902878;1.7639999;0.098;0.244999984;1;1325184802
-83.888501;1.7149999;0.196;0.147;1;1325199179
-83.854529;1.7149999;0.147;0.196;1;1325233151
-83.834151;1.813;0.147;0.147;1;1325253529
-83.801042;1.7149999;0.147;0.196;1;1325286638
-83.789230;1.7639999;0.098;0.244999984;1;1325298450
-83.777051;1.7639999;0.098;0.196;1;1325310629
-83.765431;1.7639999;0.098;0.196;1;1325322249
-83.738792;1.7639999;0.098;0.196;1;1325348888
-83.722904;1.7639999;0.147;0.147;1;1325364776
-83.709762;1.7639999;0.098;0.196;1;1325377918
-83.698365;1.813;0.147;0.196;1;1325389315
-83.675783;1.7639999;0.147;0.147;1;1325411897
-83.664669;1.7149999;0.147;0.196;1;1325423011
-83.650650;1.7149999;0.147;0.244999984;1;1325437030
-83.639658;1.7639999;0.196;0.196;1;1325448022
-83.621108;1.7639999;0.147;0.147;1;1325466572
-83.607884;1.7639999;0.098;0.147;1;1325479796
-83.591663;1.7639999;0.098;0.147;1;1325496017
-83.578525;1.813;0.196;0.196;1;1325509155
-83.567425;1.7639999;0.098;0.196;1;1325520255
-83.552515;1.813;0.147;0.196;1;1325535165
-83.533480;1.7639999;0.098;0.196;1;1325554200
-83.515462;1.7639999;0.147;0.147;1;1325572218
-83.504771;1.7639999;0.147;0.147;1;1325582909
-83.493727;1.7639999;0.147;0.147;1;1325593953
-83.479389;1.813;0.049;0.147;1;1325608291
-83.468544;1.7639999;0.147;0.147;1;1325619136
-83.455271;1.813;0.098;0.196;1;1325632409
-83.405109;1.7639999;0.147;0.196;1;1325682571
-83.379295;1.7639999;0.147;0.147;1;1325708385
-83.363070;1.813;0.098;0.196;1;1325724610
-83.352730;1.7149999;0.147;0.196;1;1325734950
-83.340210;1.7639999;0.098;0.196;1;1325747470
-83.321670;1.7639999;0.147;0.147;1;1325766010
-83.309066;1.7639999;0.147;0.196;1;1325778614
-83.297685;1.813;0.098;0.244999984;1;1325789995
-83.286044;1.813;0.098;0.196;1;1325801636
-83.275370;1.7639999;0.147;0.244999984;1;1325812310
-83.260590;1.7639999;0.147;0.147;1;1325827090
-83.248055;1.7639999;0.098;0.196;1;1325839625
-83.236968;1.7639999;0.147;0.196;1;1325850712
-83.225378;1.7639999;0.147;0.147;1;1325862302
-83.213020;1.813;0.147;0.147;1;1325874660
-83.202859;1.7639999;0.098;0.196;1;1325884821
-83.171699;1.7639999;0.147;0.147;1;1325915981
-83.156115;1.7639999;0.147;0.147;1;1325931565
-83.138006;1.7639999;0.098;0.147;1;1325949674
-83.126832;1.7149999;0.147;0.147;1;1325960848
-83.112802;1.7639999;0.147;0.147;1;1325974878
-83.101691;1.7639999;0.196;0.147;1;1325985989
-83.089972;1.7639999;0.147;0.196;1;1325997708
-83.078724;1.7639999;0.098;0.244999984;1;1326008956
-83.063725;1.7149999;0.098;0.147;1;1326023955
-83.052107;1.7639999;0.147;0.196;1;1326035573
-83.039242;1.7639999;0.098;0.196;1;1326048438
-83.024751;1.813;0.098;0.196;1;1326062929
-82.988327;1.7149999;0.147;0.196;1;1326099353
-82.962397;1.813;0.147;0.244999984;1;1326125283
-82.947069;1.813;0.098;0.196;1;1326140611
-82.917270;1.7639999;0.147;0.147;1;1326170410
-82.900223;1.813;0.098;0.147;1;1326187457
-82.889469;1.813;0.147;0.196;1;1326198211
-82.877090;1.7149999;0.196;0.196;1;1326210590
-82.864253;1.7149999;0.147;0.147;1;1326223427
-82.841615;1.7149999;0.147;0.196;1;1326246065
-82.822169;1.7149999;0.147;0.147;1;1326265511
-82.808234;1.7639999;0.098;0.147;1;1326279446
-82.796528;1.7639999;0.147;0.244999984;1;1326291152
-82.783785;1.7639999;0.147;0.196;1;1326303895
-82.771731;1.7149999;0.098;0.196;1;1326315949
-82.758181;1.7639999;0.098;0.196;1;1326329499
-82.747132;1.7639999;0.098;0.147;1;1326340548
-82.735532;1.813;0.147;0.147;1;1326352148
-82.708309;1.7639999;0.147;0.147;1;1326379371
-82.697679;1.7639999;0.098;0.098;1;1326390001
-82.686041;1.7639999;0.098;0.147;1;1326401639
-82.674534;1.7639999;0.098;0.147;1;1326413146
-82.643131;1.7639999;0.147;0.196;1;1326444549
-82.632640;1.7639999;0.147;0.196;1;1326455040
-82.606723;1.7639999;0.098;0.147;1;1326480957
-82.569093;1.7149999;0.147;0.147;1;1326518587
-82.556119;1.7639999;0.147;0.147;1;1326531561
-82.542973;1.7639999;0.147;0.147;1;1326544707
-82.531013;1.7639999;0.098;0.147;1;1326556667
-82.519961;1.7639999;0.147;0.147;1;1326567719
-82.508387;1.7639999;0.147;0.147;1;1326579293
-82.497840;1.7639999;0.147;0.147;1;1326589840
-82.483749;1.7639999;0.098;0.196;1;1326603931
-82.472668;1.7639999;0.147;0.147;1;1326615012
-82.460284;1.813;0.147;0.196;1;1326627396
-82.428665;1.666;0.147;0.244999984;1;1326659015
-82.417959;1.7639999;0.098;0.196;1;1326669721
-82.393848;1.7149999;0.147;0.196;1;1326693832
-82.382916;1.7639999;0.098;0.196;1;1326704764
-82.367888;1.7639999;0.098;0.196;1;1326719792
-82.345789;1.7639999;0.147;0.196;1;1326741891
-82.334822;1.813;0.098;0.196;1;1326752858
-82.322737;1.7639999;0.098;0.147;1;1326764943
-82.302844;1.7149999;0.147;0.196;1;1326784836
-82.286704;1.7639999;0.098;0.147;1;1326800976
-82.273738;1.7639999;0.098;0.147;1;1326813942
-82.262852;1.7639999;0.147;0.147;1;1326824828
-82.251293;1.813;0.098;0.196;1;1326836387
-82.239058;1.7639999;0.147;0.147;1;1326848622
-82.226892;1.7639999;0.147;0.244999984;1;1326860788
-82.202807;1.7639999;0.098;0.196;1;1326884873
-82.180915;1.813;0.147;0.196;1;1326906765
-82.167012;1.7639999;0.147;0.147;1;1326920668
-82.134025;1.7149999;0.147;0.196;1;1326953655
-82.121401;1.813;0.147;0.147;1;1326966279
-82.103857;1.7639999;0.098;0.147;1;1326983823
-82.093024;1.7639999;0.147;0.147;1;1326994656
-82.079462;1.813;0.147;0.147;1;1327008218
-82.068412;1.7639999;0.196;0.196;1;1327019268
-82.054792;1.7149999;0.147;0.196;1;1327032888
-82.042232;1.7639999;0.098;0.196;1;1327045448
-82.028902;1.7149999;0.147;0.196;1;1327058778
-82.010871;1.7639999;0.147;0.147;1;1327076809
-81.998652;1.813;0.147;0.196;1;1327089028
-81.974973;1.7639999;0.147;0.196;1;1327112707
-81.947630;1.7639999;0.147;0.147;1;1327140050
-81.929855;1.7639999;0.098;0.147;1;1327157825
-81.918776;1.7639999;0.147;0.196;1;1327168904
-81.905994;1.813;0.147;0.244999984;1;1327181686
-81.894419;1.7639999;0.147;0.196;1;1327193261
-81.883654;1.7639999;0.147;0.196;1;1327204026
-81.871503;1.7639999;0.098;0.147;1;1327216177
-81.860557;1.813;0.147;0.244999984;1;1327227123
-81.849013;1.7639999;0.147;0.196;1;1327238667
-81.831788;1.7639999;0.147;0.196;1;1327255892
-81.816646;1.7639999;0.098;0.196;1;1327271034
-81.800100;1.7149999;0.147;0.147;1;1327287580
-81.776921;1.7639999;0.196;0.244999984;1;1327310759
-81.765751;1.7639999;0.098;0.147;1;1327321929
-81.751379;1.7639999;0.098;0.147;1;1327336301
-81.722700;1.7639999;0.098;0.196;1;1327364980
-81.706574;1.7639999;0.098;0.196;1;1327381106
-81.695062;1.813;0.049;0.196;1;1327392618
-81.682266;1.7639999;0.147;0.147;1;1327405414
-81.665034;1.7639999;0.147;0.147;1;1327422646
-81.653812;1.7639999;0.098;0.196;1;1327433868
-81.641178;1.7639999;0.098;0.147;1;1327446502
-81.630936;1.7149999;0.147;0.196;1;1327456744
-81.612845;1.7639999;0.098;0.147;1;1327474835
-81.583093;1.7639999;0.098;0.147;1;1327504587
-81.567700;1.666;0.147;0.196;1;1327519980
-81.545582;1.813;0.147;0.196;1;1327542098
-81.531644;1.813;0.098;0.147;1;1327556036
-81.520873;1.7639999;0.147;0.196;1;1327566807
-81.502431;1.7149999;0.196;0.196;1;1327585249
-81.487625;1.7639999;0.147;0.196;1;1327600055
-81.476858;1.7639999;0.147;0.244999984;1;1327610822
-81.463504;1.813;0.098;0.147;1;1327624176
-81.445033;1.7639999;0.196;0.147;1;1327642647
-81.422866;1.7639999;0.098;0.147;1;1327664814
-81.411426;1.7639999;0.098;0.196;1;1327676254
-81.399754;1.813;0.147;0.147;1;1327687926
-81.388164;1.7149999;0.147;0.147;1;1327699516
-81.376696;1.7639999;0.147;0.147;1;1327710984
-81.365863;1.7639999;0.147;0.147;1;1327721817
-81.354740;1.813;0.098;0.196;1;1327732940
-81.338881;1.7639999;0.098;0.147;1;1327748799
-81.326606;1.7149999;0.147;0.196;1;1327761074
-81.311652;1.7639999;0.098;0.147;1;1327776028
-81.268031;1.7149999;0.196;0.196;1;1327819649
-81.250837;1.7639999;0.196;0.147;1;1327836843
-81.238650;1.813;0.147;0.098;1;1327849030
-81.220968;1.7149999;0.147;0.196;1;1327866712
-81.209944;1.7639999;0.147;0.196;1;1327877736
-81.198224;1.7149999;0.147;0.147;1;1327889456
-81.185395;1.7149999;0.147;0.147;1;1327902285
-81.174628;1.813;0.098;0.196;1;1327913052
-81.147542;1.7639999;0.147;0.196;1;1327940138
-81.136251;1.7639999;0.147;0.196;1;1327951429
-81.125244;1.7639999;0.147;0.196;1;1327962436
-81.113334;1.7639999;0.098;0.147;1;1327974346
-81.091714;1.7639999;0.147;0.196;1;1327995966
-81.075629;1.7639999;0.098;0.196;1;1328012051
-81.062307;1.7639999;0.147;0.196;1;1328025373
-81.050210;1.813;0.147;0.196;1;1328037470
-81.038651;1.7639999;0.098;0.196;1;1328049029
-81.021658;1.7149999;0.098;0.147;1;1328066022
-81.009986;1.813;0.098;0.147;1;1328077694
-80.991740;1.7639999;0.147;0.196;1;1328095940
-80.977998;1.7639999;0.147;0.196;1;1328109682
-80.966690;1.7639999;0.098;0.196;1;1328120990
-80.952517;1.7149999;0.147;0.147;1;1328135163
-80.936487;1.7639999;0.147;0.147;1;1328151193
-80.893158;1.7639999;0.098;0.147;1;1328194522
-80.878770;1.7639999;0.147;0.196;1;1328208910
-80.867472;1.7149999;0.147;0.196;1;1328220208
-80.849131;1.7149999;0.098;0.196;1;1328238549
-80.836180;1.7639999;0.098;0.196;1;1328251500
-80.825158;1.7639999;0.196;0.196;1;1328262522
-80.812838;1.7639999;0.098;0.244999984;1;1328274842
-80.800157;1.7149999;0.147;0.196;1;1328287523
-80.777159;1.7149999;0.147;0.196;1;1328310521
-80.766693;1.813;0.147;0.147;1;1328320987
-80.753758;1.813;0.147;0.196;1;1328333922
-80.729732;1.7149999;0.147;0.196;1;1328357948
-80.717067;1.7149999;0.147;0.196;1;1328370613
-80.705908;1.7639999;0.147;0.196;1;1328381772
-80.693270;1.7639999;0.098;0.196;1;1328394410
-80.682692;1.7149999;0.147;0.147;1;1328404988
-80.671452;1.7639999;0.147;0.196;1;1328416228
-80.660674;1.7639999;0.098;0.196;1;1328427006
-80.649319;1.7149999;0.147;0.244999984;1;1328438361
-80.638844;1.7149999;0.196;0.196;1;1328448836
-80.625585;1.7639999;0.147;0.147;1;1328462095
-80.601221;1.7639999;0.147;0.196;1;1328486459
-80.575924;1.7639999;0.147;0.147;1;1328511756
-80.564433;1.7149999;0.147;0.196;1;1328523247
-80.541529;1.813;0.147;0.196;1;1328546151
-80.529047;1.7639999;0.098;0.196;1;1328558633
-80.517610;1.7639999;0.147;0.147;1;1328570070
-80.506867;1.862;0.147;0.147;1;1328580813
-80.495621;1.7639999;0.098;0.196;1;1328592059
-80.448775;1.7639999;0.098;0.147;1;1328638905
-80.430059;1.7639999;0.098;0.147;1;1328657621
-80.417996;1.7149999;0.147;0.147;1;1328669684
-80.406894;1.7639999;0.147;0.147;1;1328680786
-80.395732;1.7639999;0.147;0.196;1;1328691948
-80.382687;1.7639999;0.147;0.147;1;1328704993
-80.371849;1.7639999;0.196;0.147;1;1328715831
-80.359871;1.813;0.147;0.196;1;1328727809
-80.348642;1.813;0.098;0.196;1;1328739038
-80.338022;1.7639999;0.147;0.196;1;1328749658
-80.326689;1.7639999;0.147;0.147;1;1328760991
-80.313224;1.813;0.098;0.196;1;1328774456
-80.291671;1.813;0.147;0.244999984;1;1328796009
-80.278257;1.7639999;0.147;0.147;1;1328809423
-80.267626;1.7149999;0.196;0.196;1;1328820054
-80.243753;1.7149999;0.147;0.147;1;1328843927
-80.229858;1.7639999;0.147;0.196;1;1328857822
-80.209891;1.7639999;0.147;0.196;1;1328877789
-80.197834;1.7639999;0.147;0.196;1;1328889846
-80.185796;1.7149999;0.147;0.196;1;1328901884
-80.174165;1.7639999;0.147;0.147;1;1328913515
-80.148063;1.7639999;0.098;0.147;1;1328939617
-80.137461;1.7639999;0.196;0.147;1;1328950219
-80.125458;1.7639999;0.098;0.196;1;1328962222
-80.113289;1.7639999;0.098;0.196;1;1328974391
-80.095183;1.7639999;0.147;0.196;1;1328992497
-80.081592;1.7639999;0.147;0.196;1;1329006088
-80.069998;1.813;0.196;0.196;1;1329017682
-80.025145;1.7149999;0.147;0.196;1;1329062535
-80.012617;1.7639999;0.147;0.196;1;1329075063
-79.998602;1.7639999;0.147;0.147;1;1329089078
-79.983295;1.7639999;0.147;0.196;1;1329104385
-79.972773;1.813;0.098;0.196;1;1329114907
-79.958427;1.7639999;0.147;0.147;1;1329129253
-79.947796;1.813;0.147;0.147;1;1329139884
-79.934815;1.813;0.147;0.244999984;1;1329152865
-79.911514;1.7639999;0.098;0.147;1;1329176166
-79.898658;1.813;0.147;0.196;1;1329189022
-79.880086;1.7639999;0.098;0.196;1;1329207594
-79.868794;1.813;0.147;0.244999984;1;1329218886
-79.855501;1.813;0.098;0.196;1;1329232179
-79.842932;1.7639999;0.147;0.147;1;1329244748
-79.829962;1.7639999;0.098;0.147;1;1329257718
-79.798085;1.666;0.147;0.147;1;1329289595
-79.774899;1.813;0.098;0.147;1;1329312781
-79.761990;1.7639999;0.147;0.196;1;1329325690
-79.750816;1.813;0.147;0.147;1;1329336864
-79.728526;1.7149999;0.147;0.147;1;1329359154
-79.715405;1.7639999;0.147;0.196;1;1329372275
-79.700322;1.7639999;0.147;0.196;1;1329387358
-79.675076;1.813;0.147;0.147;1;1329412604
-79.664774;1.7639999;0.098;0.196;1;1329422906
-79.649856;1.7639999;0.147;0.196;1;1329437824
-79.631741;1.7149999;0.098;0.196;1;1329455939
-79.611696;1.813;0.098;0.147;1;1329475984
-79.574903;1.813;0.098;0.147;1;1329512777
-79.555792;1.7149999;0.098;0.147;1;1329531888
-79.529174;1.7639999;0.147;0.147;1;1329558506
-79.515970;1.813;0.098;0.196;1;1329571710
-79.500155;1.7639999;0.098;0.196;1;1329587525
-79.477432;1.813;0.098;0.196;1;1329610248
-79.464501;1.7639999;0.147;0.147;1;1329623179
-79.446586;1.813;0.049;0.147;1;1329641094
-79.429739;1.7639999;0.147;0.147;1;1329657941
-79.412905;1.7639999;0.098;0.196;1;1329674775
-79.399617;1.813;0.147;0.147;1;1329688063
-79.377101;1.7149999;0.147;0.147;1;1329710579
-79.365946;1.7639999;0.147;0.147;1;1329721734
-79.350023;1.7639999;0.098;0.196;1;1329737657
-79.338745;1.7639999;0.147;0.147;1;1329748935
-79.327431;1.7639999;0.098;0.196;1;1329760249
-79.302864;1.813;0.098;0.196;1;1329784816
-79.289517;1.7639999;0.196;0.196;1;1329798163
-79.278654;1.813;0.098;0.147;1;1329809026
-79.267130;1.7639999;0.147;0.147;1;1329820550
-79.240974;1.7639999;0.098;0.147;1;1329846706
-79.228613;1.7149999;0.147;0.147;1;1329859067
-79.217803;1.813;0.098;0.196;1;1329869877
-79.202869;1.7639999;0.147;0.196;1;1329884811
-79.190158;1.7149999;;0.018;1;1329897522
-79.179885;1.7149999;0.196;0.196;1;1329907795
-79.168315;1.813;0.147;0.147;1;1329919365
-79.117335;1.7639999;0.098;0.196;1;1329970345
-79.102381;1.7149999;0.147;0.147;1;1329985299
-79.089914;1.7639999;0.147;0.196;1;1329997766
-79.078095;1.813;0.147;0.147;1;1330009585
-79.066957;1.7639999;0.147;0.147;1;1330020723
-79.049767;1.813;0.147;0.196;1;1330037913
-79.031624;1.813;0.098;0.147;1;1330056056
-79.018844;1.7639999;0.147;0.147;1;1330068836
-78.983644;1.7149999;0.147;0.196;1;1330104036
-78.968885;1.7639999;0.147;0.147;1;1330118795
-78.957900;1.7639999;0.147;0.196;1;1330129780
-78.942728;1.7639999;0.147;0.147;1;1330144952
-78.922878;1.7639999;0.098;0.244999984;1;1330164802
-78.910413;1.7639999;0.098;0.147;1;1330177267
-78.891244;1.7639999;0.098;0.147;1;1330196436
-78.879073;1.7639999;0.098;0.147;1;1330208607
-78.862755;1.7639999;0.147;0.147;1;1330224925
-78.848389;1.7639999;0.147;0.147;1;1330239291
-78.832903;1.7639999;0.147;0.147;1;1330254777
-78.812859;1.813;0.098;0.196;1;1330274821
-78.795975;1.7149999;0.147;0.196;1;1330291705
-78.784637;1.7639999;0.196;0.147;1;1330303043
-78.773241;1.7639999;0.147;0.196;1;1330314439
-78.762808;1.7639999;0.196;0.196;1;1330324872
-78.751270;1.7639999;0.147;0.244999984;1;1330336410
-78.740802;1.7639999;0.098;0.196;1;1330346878
-78.727863;1.7149999;0.196;0.196;1;1330359817
-78.716706;1.7639999;0.147;0.196;1;1330370974
-78.681027;1.7639999;0.147;0.147;1;1330406653
-78.653181;1.7639999;0.147;0.196;1;1330434499
-78.638029;1.7639999;0.147;0.196;1;1330449651
-78.622912;1.7639999;0.147;0.196;1;1330464768
-78.608179;1.7149999;0.147;0.147;1;1330479501
-78.597639;1.7149999;0.147;0.147;1;1330490041
-78.585027;1.7639999;0.147;0.196;1;1330502653
-78.565979;1.7639999;0.147;0.196;1;1330521701
-78.554738;1.7639999;0.147;0.147;1;1330532942
-78.543805;1.7639999;0.147;0.196;1;1330543875
-78.532908;1.7639999;0.098;0.196;1;1330554772
-78.477966;1.7149999;0.147;0.147;1;1330609714
-78.466770;1.7149999;0.147;0.147;1;1330620910
-78.441754;1.7149999;0.147;0.147;1;1330645926
-78.426868;1.7639999;0.098;0.196;1;1330660812
-78.401729;1.7639999;0.196;0.196;1;1330685951
-78.375252;1.7639999;0.098;0.147;1;1330712428
-78.362578;1.7639999;0.147;0.196;1;1330725102
-78.334906;1.813;0.098;0.147;1;1330752774
-78.311714;1.7149999;0.147;0.196;1;1330775966
-78.300728;1.7639999;0.147;0.147;1;1330786952
-78.283303;1.7149999;0.147;0.147;1;1330804377
-78.271996;1.7639999;0.147;0.147;1;1330815684
-78.233982;1.7639999;0.098;0.196;1;1330853698
-78.218061;1.7639999;0.147;0.147;1;1330869619
-78.203663;1.7639999;0.098;0.196;1;1330884017
-78.192333;1.7639999;0.147;0.196;1;1330895347
-78.180977;1.7639999;0.098;0.147;1;1330906703
-78.169606;1.7639999;0.098;0.196;1;1330918074
-78.152258;1.813;0.147;0.147;1;1330935422
-78.141882;1.7639999;0.196;0.244999984;1;1330945798
-78.130800;1.813;0.098;0.147;1;1330956880
-78.117473;1.7639999;0.098;0.244999984;1;1330970207
-78.100772;1.7639999;0.098;0.196;1;1330986908
-78.077949;1.7639999;0.147;0.196;1;1331009731
-78.066768;1.7149999;0.196;0.196;1;1331020912
-78.051090;1.7639999;0.098;0.147;1;1331036590
-78.039849;1.813;0.147;0.147;1;1331047831
-78.028911;1.7639999;0.098;0.196;1;1331058769
-78.010545;1.7639999;0.098;0.147;1;1331077135
-77.999863;1.7149999;0.098;0.196;1;1331087817
-77.976947;1.7639999;0.147;0.147;1;1331110733
-77.965788;1.7149999;0.147;0.147;1;1331121892
-77.950685;1.7639999;0.098;0.196;1;1331136995
-77.932885;1.7639999;0.147;0.244999984;1;1331154795
-77.920910;1.813;0.147;0.147;1;1331166770
-77.908442;1.7639999;0.147;0.196;1;1331179238
-77.897760;1.7639999;0.147;0.196;1;1331189920
-77.886639;1.7639999;0.147;0.147;1;1331201041
-77.873363;1.813;0.098;0.196;1;1331214317
-77.836964;1.813;0.098;0.147;1;1331250716
-77.812685;1.7639999;0.147;0.147;1;1331274995
-77.795218;1.813;0.147;0.147;1;1331292462
-77.780920;1.7639999;0.147;0.244999984;1;1331306760
-77.770029;1.7639999;0.147;0.147;1;1331317651
-77.754673;1.7639999;0.098;0.244999984;1;1331333007
-77.732776;1.7639999;0.098;0.196;1;1331354904
-77.712423;1.7639999;0.147;0.196;1;1331375257
-77.699337;1.813;0.147;0.147;1;1331388343
-77.688907;1.813;0.147;0.147;1;1331398773
-77.677439;1.7639999;0.147;0.196;1;1331410241
-77.666759;1.7639999;0.147;0.147;1;1331420921
-77.649707;1.7639999;0.196;0.196;1;1331437973
-77.635395;1.813;0.098;0.196;1;1331452285
-77.602873;1.7149999;0.098;0.244999984;1;1331484807
-77.586665;1.7639999;0.098;0.098;1;1331501015
-77.573830;1.7639999;0.147;0.147;1;1331513850
-77.562731;1.813;0.147;0.196;1;1331524949
-77.538454;1.7639999;0.147;0.196;1;1331549226
-77.510618;1.7639999;0.147;0.196;1;1331577062
-77.491129;1.7149999;0.196;0.147;1;1331596551
-77.477120;1.7149999;0.098;0.196;1;1331610560
-77.452804;1.7639999;0.098;0.244999984;1;1331634876
-77.441760;1.7149999;0.147;0.196;1;1331645920
-77.428947;1.7639999;0.098;0.196;1;1331658733
-77.416746;1.7639999;0.147;0.196;1;1331670934
-77.405733;1.7639999;0.147;0.147;1;1331681947
-77.371157;1.7639999;0.098;0.196;1;1331716523
-77.352278;1.7639999;0.147;0.147;1;1331735402
-77.314465;1.7639999;0.098;0.196;1;1331773215
-77.298953;1.813;0.098;0.196;1;1331788727
-77.274265;1.7149999;0.147;0.196;1;1331813415
-77.245994;1.813;0.098;0.196;1;1331841686
-77.231440;1.7149999;0.098;0.147;1;1331856240
-77.219653;1.7639999;0.147;0.196;1;1331868027
-77.204750;1.7149999;0.098;0.244999984;1;1331882930
-77.193998;1.7639999;0.147;0.196;1;1331893682
-77.180611;1.7639999;0.098;0.196;1;1331907069
-77.169773;1.813;0.147;0.196;1;1331917907
-77.152107;1.7639999;0.147;0.147;1;1331935573
-77.140221;1.7639999;0.147;0.196;1;1331947459
-77.128339;1.7639999;0.147;0.196;1;1331959341
-77.115951;1.7639999;0.147;0.147;1;1331971729
-77.101082;1.7149999;0.147;0.147;1;1331986598
-77.077239;1.7639999;0.098;0.196;1;1332010441
-77.066115;1.7639999;0.147;0.147;1;1332021565
-77.049519;1.7639999;0.147;0.147;1;1332038161
-77.038311;1.7639999;0.098;0.147;1;1332049369
-77.027682;1.7639999;0.098;0.098;1;1332059998
-77.015525;1.7149999;0.147;0.098;1;1332072155
-77.004526;1.7639999;0.098;0.147;1;1332083154
-76.993158;1.7639999;0.147;0.147;1;1332094522
-76.978595;1.7639999;0.098;0.147;1;1332109085
-76.966869;1.7639999;0.098;0.196;1;1332120811
-76.930413;1.813;0.098;0.147;1;1332157267
-76.911741;1.7639999;0.147;0.147;1;1332175939
-76.899763;1.813;0.098;0.147;1;1332187917
-76.886941;1.7639999;0.147;0.147;1;1332200739
-76.875544;1.7639999;0.098;0.147;1;1332212136
-76.861122;1.7639999;0.098;0.196;1;1332226558
-76.850890;1.7639999;0.147;0.147;1;1332236790
-76.838669;1.7149999;0.147;0.196;1;1332249011
-76.823770;1.7149999;0.098;0.196;1;1332263910
-76.810216;1.813;0.098;0.196;1;1332277464
-76.777659;1.813;0.098;0.147;1;1332310021
-76.766193;1.813;0.098;0.196;1;1332321487
-76.752946;1.813;0.098;0.147;1;1332334734
-76.729802;1.7639999;0.098;0.147;1;1332357878
-76.718265;1.7639999;0.098;0.244999984;1;1332369415
-76.683270;1.7639999;0.147;0.196;1;1332404410
-76.670442;1.7639999;0.147;0.196;1;1332417238
-76.659882;1.7639999;0.098;0.196;1;1332427798
-76.647585;1.7639999;0.147;0.244999984;1;1332440095
-76.630699;1.7639999;0.147;0.147;1;1332456981
-76.607301;1.7639999;0.147;0.147;1;1332480379
-76.580013;1.7149999;0.147;0.196;1;1332507667
-76.568401;1.7639999;0.147;0.147;1;1332519279
-76.520916;1.7149999;0.196;0.244999984;1;1332566764
-76.509591;1.7639999;0.098;0.196;1;1332578089
-76.496005;1.7639999;0.147;0.196;1;1332591675
-76.483660;1.813;0.098;0.147;1;1332604020
-76.471385;1.7639999;0.196;0.147;1;1332616295
-76.460162;1.7639999;0.098;0.196;1;1332627518
-76.446757;1.7639999;0.147;0.196;1;1332640923
-76.430197;1.7639999;0.147;0.147;1;1332657483
-76.419321;1.7639999;0.147;0.147;1;1332668359
-76.407855;1.7639999;0.147;0.196;1;1332679825
-76.394274;1.813;0.147;0.196;1;1332693406
-76.380160;1.7639999;0.098;0.098;1;1332707520
-76.367384;1.7639999;0.147;0.147;1;1332720296
-76.351913;1.7639999;0.147;0.196;1;1332735767
-76.340810;1.813;0.147;0.244999984;1;1332746870
-76.327180;1.813;0.098;0.196;1;1332760500
-76.309434;1.7639999;0.098;0.147;1;1332778246
-76.298327;1.7639999;0.147;0.147;1;1332789353
-76.275105;1.7639999;0.147;0.244999984;1;1332812575
-76.263554;1.7639999;0.147;0.147;1;1332824126
-76.249108;1.7639999;0.098;0.196;1;1332838572
-76.237349;1.7639999;0.098;0.196;1;1332850331
-76.226775;1.7639999;0.147;0.196;1;1332860905
-76.211855;1.813;0.098;0.196;1;1332875825
-76.198597;1.813;0.147;0.147;1;1332889083
-76.186120;1.7639999;0.098;0.196;1;1332901560
-76.172306;1.813;0.147;0.196;1;1332915374
-76.154016;1.7639999;0.147;0.147;1;1332933664
-76.142230;1.7639999;0.147;0.244999984;1;1332945450
-76.111911;1.7639999;0.098;0.196;1;1332975769
-76.074005;1.7639999;0.147;0.244999984;1;1333013675
-76.060146;1.813;0.098;0.196;1;1333027534
-76.049885;1.7149999;0.147;0.196;1;1333037795
-76.038834;1.7149999;0.196;0.244999984;1;1333048846
-76.027656;1.7639999;0.098;0.147;1;1333060024
-76.016790;1.7639999;0.098;0.147;1;1333070890
-76.003923;1.813;0.098;0.147;1;1333083757
-75.992380;1.7639999;0.196;0.196;1;1333095300
-75.980955;1.813;0.147;0.147;1;1333106725
-75.967546;1.7149999;0.098;0.196;1;1333120134
-75.941669;1.7149999;0.098;0.147;1;1333146011
-75.922302;1.7149999;0.098;0.147;1;1333165378
-75.911658;1.7149999;0.098;0.147;1;1333176022
-75.900936;1.7639999;0.147;0.196;1;1333186744
-75.876934;1.813;0.098;0.244999984;1;1333210746
-75.861117;1.7639999;0.147;0.196;1;1333226563
-75.842222;1.813;0.098;0.196;1;1333245458
-75.829666;1.7639999;0.147;0.196;1;1333258014
-75.818310;1.7149999;0.147;0.147;1;1333269370
-75.792805;1.7639999;0.147;0.244999984;1;1333294875
-75.773437;1.7639999;0.147;0.196;1;1333314243
-75.760659;1.7639999;0.147;0.196;1;1333327021
-75.743906;1.7639999;0.147;0.147;1;1333343774
-75.730254;1.7639999;0.196;0.147;1;1333357426
-75.719050;1.7639999;0.147;0.196;1;1333368630
-75.691180;1.7639999;0.098;0.147;1;1333396500
-75.680331;1.813;0.147;0.196;1;1333407349
-75.648272;1.7639999;0.098;0.147;1;1333439408
-75.633998;1.7639999;0.196;0.147;1;1333453682
-75.608859;1.813;0.147;0.196;1;1333478821
-75.596227;1.7149999;0.147;0.147;1;1333491453
-75.584291;1.7639999;0.147;0.196;1;1333503389
-75.572502;1.7639999;0.147;0.147;1;1333515178
-75.535484;1.7639999;0.098;0.147;1;1333552196
-75.524819;1.813;0.098;0.147;1;1333562861
-75.513116;1.7149999;0.147;0.196;1;1333574564
-75.501691;1.7639999;0.147;0.147;1;1333585989
-75.487707;1.813;0.147;0.147;1;1333599973
-75.475574;1.7639999;0.147;0.196;1;1333612106
-75.462123;1.7149999;0.147;0.294;1;1333625557
-75.449106;1.7639999;0.147;0.196;1;1333638574
-75.437709;1.813;0.098;0.196;1;1333649971
-75.410669;1.7639999;0.147;0.196;1;1333677011
-75.391702;1.7639999;0.147;0.147;1;1333695978
-75.378881;1.7639999;0.147;0.196;1;1333708799
-75.367587;1.7149999;0.147;0.147;1;1333720093
-75.354361;1.7639999;0.147;0.147;1;1333733319
-75.343946;1.7149999;0.098;0.147;1;1333743734
-75.327200;1.7149999;0.147;0.147;1;1333760480
-75.311560;1.813;0.147;0.147;1;1333776120
-75.299177;1.7639999;0.147;0.196;1;1333788503
-75.275141;1.7639999;0.147;0.196;1;1333812539
-75.264512;1.7149999;0.147;0.147;1;1333823168
-75.249103;1.7639999;0.147;0.196;1;1333838577
-75.231768;1.7639999;0.147;0.098;1;1333855912
-75.186023;1.7639999;0.147;0.098;1;1333901657
-75.170249;1.7639999;0.147;0.244999984;1;1333917431
-75.152307;1.7149999;0.147;0.147;1;1333935373
-75.141862;1.7639999;0.147;0.196;1;1333945818
-75.130675;1.813;0.098;0.147;1;1333957005
-75.119986;1.7639999;0.147;0.196;1;1333967694
-75.108790;1.7149999;0.147;0.196;1;1333978890
-75.096084;1.7639999;0.147;0.196;1;1333991596
-75.079074;1.7639999;0.098;0.196;1;1334008606
-75.067858;1.813;0.147;0.196;1;1334019822
-75.055415;1.813;0.147;0.147;1;1334032265
-75.032912;1.7639999;0.098;0.196;1;1334054768
-75.020174;1.7639999;0.147;0.196;1;1334067506
-74.998705;1.7639999;0.147;0.196;1;1334088975
-74.987767;1.7639999;0.098;0.196;1;1334099913
-74.973047;1.7639999;0.147;0.196;1;1334114633
-74.961690;1.7639999;0.098;0.147;1;1334125990
-74.949059;1.7639999;0.147;0.196;1;1334138621
-74.932910;1.7639999;0.196;0.244999984;1;1334154770
-74.912472;1.7149999;0.147;0.147;1;1334175208
-74.901338;1.7639999;0.196;0.147;1;1334186342
-74.877196;1.7639999;0.196;0.196;1;1334210484
-74.866841;1.7639999;0.147;0.196;1;1334220839
-74.849125;1.7639999;0.098;0.196;1;1334238555
-74.834256;1.7639999;0.098;0.147;1;1334253424
-74.812832;1.7639999;0.098;0.147;1;1334274848
-74.800586;1.7639999;0.196;0.196;1;1334287094
-74.788021;1.7639999;0.196;0.196;1;1334299659
-74.743691;1.7639999;0.098;0.196;1;1334343989
-74.730022;1.7639999;0.147;0.196;1;1334357658
-74.712742;1.7639999;0.098;0.147;1;1334374938
-74.699399;1.7639999;0.147;0.196;1;1334388281
-74.688861;1.7149999;0.147;0.196;1;1334398819
-74.675796;1.813;0.147;0.196;1;1334411884
-74.664819;1.7639999;0.147;0.147;1;1334422861
-74.650990;1.7639999;0.147;0.147;1;1334436690
-74.638302;1.7149999;0.098;0.147;1;1334449378
-74.627759;1.813;0.098;0.196;1;1334459921
-74.612895;1.7639999;0.147;0.147;1;1334474785
-74.600458;1.7639999;0.098;0.196;1;1334487222
-74.580597;1.7149999;0.147;0.196;1;1334507083
-74.555291;1.7639999;0.147;0.196;1;1334532389
-74.541542;1.7149999;0.147;0.196;1;1334546138
-74.522825;1.7639999;0.147;0.147;1;1334564855
-74.511882;1.7639999;0.098;0.147;1;1334575798
-74.492843;1.7149999;0.147;0.196;1;1334594837
-74.479865;1.7639999;0.147;0.147;1;1334607815
-74.468226;1.7639999;0.098;0.196;1;1334619454
-74.456047;1.7639999;0.147;0.147;1;1334631633
-74.432888;1.813;0.098;0.147;1;1334654792
-74.421846;1.7639999;0.098;0.147;1;1334665834
-74.402871;1.7639999;0.147;0.196;1;1334684809
-74.371647;1.7639999;0.147;0.196;1;1334716033
-74.341692;1.7639999;0.147;0.244999984;1;1334745988
-74.327978;1.813;0.147;0.196;1;1334759702
-74.288072;1.7149999;0.098;0.147;1;1334799608
-74.273823;1.7639999;0.147;0.196;1;1334813857
-74.246580;1.7149999;0.147;0.244999984;1;1334841100
-74.231319;1.7639999;0.147;0.196;1;1334856361
-74.211628;1.7639999;0.147;0.147;1;1334876052
-74.198781;1.813;0.098;0.147;1;1334888899
-74.185494;1.7639999;0.147;0.196;1;1334902186
-74.172930;1.7639999;0.147;0.147;1;1334914750
-74.155139;1.7149999;0.196;0.147;1;1334932541
-74.144677;1.7639999;0.147;0.244999984;1;1334943003
-74.132476;1.7149999;0.147;0.196;1;1334955204
-74.121889;1.7639999;0.196;0.196;1;1334965791
-74.110638;1.813;0.098;0.196;1;1334977042
-74.099897;1.7639999;0.147;0.147;1;1334987783
-74.081117;1.7639999;0.147;0.196;1;1335006563
-74.070721;1.7639999;0.098;0.196;1;1335016959
-74.059945;1.7639999;0.098;0.147;1;1335027735
-74.048804;1.7639999;0.147;0.147;1;1335038876
-74.037191;1.813;0.196;0.196;1;1335050489
-74.026287;1.7639999;0.147;0.147;1;1335061393
-74.012952;1.7149999;0.098;0.147;1;1335074728
-73.991613;1.813;0.147;0.147;1;1335096067
-73.975325;1.813;0.147;0.147;1;1335112355
-73.962161;1.7639999;0.098;0.147;1;1335125519
-73.951906;1.7639999;0.147;0.196;1;1335135774
-73.929820;1.7639999;0.147;0.196;1;1335157860
-73.911105;1.7639999;0.147;0.244999984;1;1335176575
-73.898106;1.813;0.147;0.147;1;1335189574
-73.881719;1.7639999;0.147;0.244999984;1;1335205961
-73.830901;1.7639999;0.147;0.147;1;1335256779
-73.812688;1.813;0.098;0.196;1;1335274992
-73.782383;1.7639999;0.147;0.244999984;1;1335305297
-73.771220;1.7639999;0.147;0.196;1;1335316460
-73.745314;1.862;0.098;0.147;1;1335342366
-73.730361;1.7639999;0.147;0.244999984;1;1335357319
-73.701846;1.813;0.098;0.196;1;1335385834
-73.678195;1.813;0.196;0.196;1;1335409485
-73.665551;1.7639999;0.098;0.147;1;1335422129
-73.641803;1.813;0.098;0.147;1;1335445877
-73.628032;1.813;0.098;0.147;1;1335459648
-73.616401;1.7149999;0.147;0.147;1;1335471279
-73.605723;1.7639999;0.147;0.196;1;1335481957
-73.594027;1.7639999;0.147;0.147;1;1335493653
-73.578944;1.7639999;0.098;0.196;1;1335508736
-73.565358;1.813;0.098;0.196;1;1335522322
-73.542339;1.7639999;0.147;0.147;1;1335545341
-73.530633;1.7149999;0.196;0.147;1;1335557047
-73.518782;1.7639999;0.147;0.147;1;1335568898
-73.502100;1.813;0.098;0.196;1;1335585580
-73.477885;1.7639999;0.147;0.196;1;1335609795
-73.464601;1.7639999;0.098;0.147;1;1335623079
-73.446853;1.7639999;0.147;0.196;1;1335640827
-73.433629;1.7639999;0.147;0.196;1;1335654051
-73.417108;1.7639999;0.147;0.244999984;1;1335670572
-73.375740;1.7639999;0.147;0.196;1;1335711940
-73.362359;1.7639999;0.098;0.244999984;1;1335725321
-73.348547;1.813;0.098;0.147;1;1335739133
-73.336615;1.813;0.098;0.147;1;1335751065
-73.314792;1.7639999;0.147;0.196;1;1335772888
-73.294352;1.7639999;0.147;0.196;1;1335793328
-73.283628;1.7639999;0.098;0.147;1;1335804052
-73.271701;1.7639999;0.147;0.244999984;1;1335815979
-73.258041;1.7639999;0.147;0.147;1;1335829639
-73.246919;1.7639999;0.147;0.196;1;1335840761
-73.235866;1.813;0.147;0.147;1;1335851814
-73.224806;1.7639999;0.098;0.244999984;1;1335862874
-73.213406;1.7639999;0.196;0.147;1;1335874274
-73.199138;1.813;0.098;0.196;1;1335888542
-73.188480;1.7639999;0.147;0.147;1;1335899200
-73.177036;1.7149999;0.147;0.244999984;1;1335910644
-73.165673;1.813;0.147;0.196;1;1335922007
-73.148166;1.7639999;0.147;0.196;1;1335939514
-73.137101;1.7639999;0.147;0.196;1;1335950579
-73.125282;1.7639999;0.147;0.098;1;1335962398
-73.113013;1.7639999;0.147;0.147;1;1335974667
-73.095754;1.7639999;0.196;0.147;1;1335991926
-73.083579;1.7639999;0.098;0.196;1;1336004101
-73.072843;1.7639999;0.147;0.147;1;1336014837
-73.060633;1.7639999;0.098;0.147;1;1336027047
-73.049034;1.813;0.098;0.147;1;1336038646
-73.033262;1.7639999;0.147;0.196;1;1336054418
-73.022180;1.862;0.098;0.244999984;1;1336065500
-73.002914;1.7149999;0.147;0.147;1;1336084766
-72.991289;1.7639999;0.147;0.196;1;1336096391
-72.957344;1.7639999;0.147;0.196;1;1336130336
-72.944814;1.7149999;0.196;0.147;1;1336142866
-72.931119;1.7149999;0.147;0.147;1;1336156561
-72.911206;1.7639999;0.098;0.147;1;1336176474
-72.898802;1.7639999;0.098;0.147;1;1336188878
-72.886362;1.813;0.098;0.147;1;1336201318
-72.875636;1.813;0.098;0.147;1;1336212044
-72.864830;1.7639999;0.098;0.196;1;1336222850
-72.849802;1.7639999;0.147;0.147;1;1336237878
-72.838026;1.7639999;0.147;0.196;1;1336249654
-72.826046;1.7639999;0.147;0.147;1;1336261634
-72.777710;1.7639999;0.147;0.196;1;1336309970
-72.766744;1.7639999;0.147;0.196;1;1336320936
-72.742853;1.7149999;0.147;0.147;1;1336344827
-72.722153;1.7639999;0.098;0.196;1;1336365527
-72.702681;1.813;0.098;0.196;1;1336384999
-72.691817;1.7639999;0.147;0.147;1;1336395863
-72.678669;1.7639999;0.147;0.196;1;1336409011
-72.667350;1.7639999;0.147;0.147;1;1336420330
-72.653554;1.813;0.147;0.147;1;1336434126
-72.632892;1.7639999;0.147;0.098;1;1336454788
-72.620573;1.7639999;0.098;0.196;1;1336467107
-72.602842;1.813;0.147;0.098;1;1336484838
-72.586651;1.7149999;0.147;0.196;1;1336501029
-72.575053;1.7639999;0.098;0.147;1;1336512627
-72.563841;1.7149999;0.147;0.196;1;1336523839
-72.540811;1.7639999;0.147;0.147;1;1336546869
-72.493668;1.7149999;0.147;0.147;1;1336594012
-72.472148;1.7639999;0.098;0.147;1;1336615532
-72.446623;1.7639999;0.147;0.147;1;1336641057
-72.435763;1.7639999;0.098;0.196;1;1336651917
-72.410614;1.7639999;0.147;0.147;1;1336677066
-72.396642;1.813;0.098;0.196;1;1336691038
-72.384942;1.7639999;0.098;0.196;1;1336702738
-72.371355;1.7639999;0.147;0.196;1;1336716325
-72.359648;1.7149999;0.147;0.147;1;1336728032
-72.341518;1.813;0.147;0.196;1;1336746162
-72.327047;1.813;0.098;0.196;1;1336760633
-72.311296;1.7639999;0.196;0.196;1;1336776384
-72.299112;1.7639999;0.147;0.196;1;1336788568
-72.274659;1.7149999;0.147;0.147;1;1336813021
-72.263575;1.7639999;0.147;0.147;1;1336824105
-72.248836;1.7639999;0.147;0.098;1;1336838844
-72.231725;1.7639999;0.098;0.196;1;1336855955
-72.210538;1.7149999;0.147;0.196;1;1336877142
-72.199163;1.7639999;0.098;0.147;1;1336888517
-72.187083;1.813;0.098;0.196;1;1336900597
-72.174543;1.7149999;0.147;0.196;1;1336913137
-72.163658;1.813;0.098;0.147;1;1336924022
-72.149259;1.7639999;0.196;0.196;1;1336938421
-72.138216;1.813;0.098;0.147;1;1336949464
-72.126346;1.813;0.098;0.147;1;1336961334
-72.115687;1.7639999;0.098;0.147;1;1336971993
-72.075289;1.7149999;0.196;0.147;1;1337012391
-72.057343;1.7149999;0.147;0.244999984;1;1337030337
-72.046872;1.7149999;0.147;0.196;1;1337040808
-72.022930;1.7639999;0.147;0.147;1;1337064750
-72.009528;1.7149999;0.147;0.196;1;1337078152
-71.991348;1.7639999;0.147;0.196;1;1337096332
-71.976328;1.7149999;0.147;0.244999984;1;1337111352
-71.964353;1.7639999;0.147;0.147;1;1337123327
-71.946213;1.7149999;0.147;0.196;1;1337141467
-71.933929;1.7639999;0.147;0.244999984;1;1337153751
-71.909584;1.7149999;0.098;0.196;1;1337178096
-71.895907;1.7639999;0.098;0.196;1;1337191773
-71.882543;1.7639999;0.098;0.147;1;1337205137
-71.871789;1.7639999;0.147;0.147;1;1337215891
-71.843005;1.7149999;0.147;0.196;1;1337244675
-71.812779;1.7639999;0.147;0.196;1;1337274901
-71.792790;1.7639999;0.147;0.147;1;1337294890
-71.778790;1.813;0.049;0.196;1;1337308890
-71.767922;1.813;0.098;0.196;1;1337319758
-71.751240;1.7149999;0.098;0.147;1;1337336440
-71.732883;1.7639999;0.098;0.196;1;1337354797
-71.717846;1.7639999;0.098;0.196;1;1337369834
-71.700505;1.7639999;0.098;0.147;1;1337387175
-71.687670;1.7639999;0.147;0.147;1;1337400010
-71.676579;1.7639999;0.147;0.244999984;1;1337411101
-71.665882;1.666;0.098;0.147;1;1337421798
-71.650636;1.7639999;0.196;0.147;1;1337437044
-71.632894;1.813;0.098;0.196;1;1337454786
-71.602705;1.7639999;0.196;0.147;1;1337484975
-71.587885;1.7639999;0.098;0.196;1;1337499795
-71.576692;1.7639999;0.244999984;0.244999984;1;1337510988
-71.547841;1.7639999;0.147;0.196;1;1337539839
-71.536687;1.7149999;0.147;0.244999984;1;1337550993
-71.521116;1.7639999;0.196;0.098;1;1337566564
-71.510387;1.813;0.147;0.147;1;1337577293
-71.498870;1.7639999;0.098;0.196;1;1337588810
-71.486130;1.813;0.147;0.244999984;1;1337601550
-71.475913;1.7149999;0.147;0.196;1;1337611767
-71.460655;1.7149999;0.147;0.196;1;1337627025
-71.439547;1.7639999;0.098;0.244999984;1;1337648133
-71.412296;1.7639999;0.098;0.147;1;1337675384
-71.391534;1.7639999;0.147;0.147;1;1337696146
-71.378264;1.7639999;0.147;0.196;1;1337709416
-71.367328;1.7639999;0.147;0.196;1;1337720352
-71.341645;1.7639999;0.098;0.196;1;1337746035
-71.310799;1.7149999;0.196;0.147;1;1337776881
-71.299685;1.7639999;0.098;0.196;1;1337787995
-71.283462;1.7639999;0.098;0.196;1;1337804218
-71.272744;1.7639999;0.098;0.147;1;1337814936
-71.259704;1.7639999;0.147;0.244999984;1;1337827976
-71.247270;1.813;0.098;0.196;1;1337840410
-71.229607;1.7639999;0.098;0.196;1;1337858073
-71.218882;1.7639999;0.196;0.196;1;1337868798
-71.207605;1.813;0.098;0.196;1;1337880075
-71.188557;1.7639999;0.147;0.196;1;1337899123
-71.177392;1.7639999;0.098;0.147;1;1337910288
-71.147532;1.7639999;0.098;0.147;1;1337940148
-71.127023;1.7639999;0.098;0.147;1;1337960657
-71.113482;1.7639999;0.098;0.147;1;1337974198
-71.097883;1.7639999;0.098;0.196;1;1337989797
-71.086375;1.7639999;0.147;0.147;1;1338001305
-71.073401;1.7639999;0.147;0.244999984;1;1338014279
-71.062744;1.7639999;0.147;0.147;1;1338024936
-71.048663;1.7639999;0.196;0.147;1;1338039017
-71.031733;1.7639999;0.147;0.196;1;1338055947
-71.019805;1.7149999;0.196;0.098;1;1338067875
-70.982854;1.7639999;0.147;0.147;1;1338104826
-70.970645;1.7639999;0.098;0.147;1;1338117035
-70.945011;1.813;0.147;0.196;1;1338142669
-70.932883;1.7639999;0.147;0.147;1;1338154797
-70.919670;1.813;0.147;0.196;1;1338168010
-70.908290;1.7639999;0.147;0.196;1;1338179390
-70.897739;1.7639999;0.098;0.196;1;1338189941
-70.886833;1.7149999;0.147;0.196;1;1338200847
-70.875418;1.7639999;0.196;0.147;1;1338212262
-70.864764;1.7639999;0.147;0.196;1;1338222916
-70.849738;1.7149999;0.098;0.196;1;1338237942
-70.831000;1.7639999;0.147;0.147;1;1338256680
-70.817569;1.7639999;0.196;0.196;1;1338270111
-70.792833;1.7639999;0.147;0.196;1;1338294847
-70.779330;1.7639999;0.147;0.196;1;1338308350
-70.768862;1.813;0.147;0.147;1;1338318818
-70.755998;1.813;0.098;0.147;1;1338331682
-70.741775;1.7149999;0.147;0.147;1;1338345905
-70.728126;1.813;0.147;0.147;1;1338359554
-70.685335;1.813;0.147;0.196;1;1338402345
-70.670952;1.813;0.098;0.196;1;1338416728
-70.653666;1.7639999;0.147;0.196;1;1338434014
-70.638743;1.7639999;0.098;0.147;1;1338448937
-70.627413;1.7639999;0.147;0.196;1;1338460267
-70.616635;1.7639999;0.196;0.196;1;1338471045
-70.602610;1.7639999;0.196;0.147;1;1338485070
-70.582827;1.813;0.147;0.196;1;1338504853
-70.568106;1.7639999;0.196;0.147;1;1338519574
-70.542745;1.7639999;0.098;0.196;1;1338544935
-70.530031;1.7149999;0.098;0.147;1;1338557649
-70.518517;1.7639999;0.147;0.196;1;1338569163
-70.507913;1.7149999;0.147;0.196;1;1338579767
-70.496824;1.7639999;0.147;0.147;1;1338590856
-70.481901;1.813;0.147;0.196;1;1338605779
-70.470813;1.813;0.196;0.147;1;1338616867
-70.454463;1.7639999;0.098;0.244999984;1;1338633217
-70.443954;1.7149999;0.196;0.147;1;1338643726
-70.431567;1.7639999;0.147;0.196;1;1338656113
-70.420873;1.7639999;0.147;0.196;1;1338666807
-70.408748;1.813;0.098;0.244999984;1;1338678932
-70.391620;1.7639999;0.147;0.147;1;1338696060
-70.378373;1.7639999;0.147;0.196;1;1338709307
-70.367754;1.7639999;0.147;0.147;1;1338719926
-70.353059;1.7149999;0.098;0.196;1;1338734621
-70.342621;1.7639999;0.098;0.196;1;1338745059
-70.328719;1.7639999;0.098;0.196;1;1338758961
-70.317992;1.7639999;0.147;0.098;1;1338769688
-70.306769;1.7639999;0.098;0.196;1;1338780911
-70.295561;1.7639999;0.147;0.196;1;1338792119
-70.281093;1.7149999;0.147;0.147;1;1338806587
-70.235152;1.666;0.147;0.147;1;1338852528
-70.220921;1.7639999;0.147;0.147;1;1338866759
-70.199159;1.7639999;0.147;0.147;1;1338888521
-70.175779;1.813;0.147;0.244999984;1;1338911901
-70.164347;1.813;0.147;0.244999984;1;1338923333
-70.149495;1.7639999;0.147;0.196;1;1338938185
-70.138156;1.7149999;0.147;0.196;1;1338949524
-70.104930;1.813;0.147;0.196;1;1338982750
-70.093889;1.7149999;0.098;0.147;1;1338993791
-70.081731;1.7639999;0.147;0.147;1;1339005949
-70.070702;1.7149999;0.147;0.196;1;1339016978
-70.055360;1.813;0.098;0.196;1;1339032320
-70.034269;1.7149999;0.147;0.196;1;1339053411
-70.009925;1.7149999;0.196;0.147;1;1339077755
-69.997505;1.813;0.098;0.147;1;1339090175
-69.986981;1.7639999;0.196;0.196;1;1339100699
-69.973897;1.7149999;0.147;0.147;1;1339113783
-69.962612;1.7639999;;0.026512622;-0.242692468;1339125068
-69.948423;1.7639999;0.098;0.196;1;1339139257
-69.937936;1.813;0.098;0.147;1;1339149744
-69.924911;1.813;0.098;0.147;1;1339162769
-69.908461;1.7639999;0.098;0.147;1;1339179219
-69.897550;1.7639999;0.098;0.147;1;1339190130
-69.886004;1.7639999;0.147;0.147;1;1339201676
-69.843275;1.7639999;0.098;0.196;1;1339244405
-69.826947;1.7639999;0.147;0.196;1;1339260733
-69.812968;1.7639999;0.147;0.196;1;1339274712
-69.801717;1.7639999;0.098;0.196;1;1339285963
-69.789942;1.813;0.098;0.147;1;1339297738
-69.777834;1.7639999;0.147;0.196;1;1339309846
-69.761056;1.7639999;0.147;0.147;1;1339326624
-69.729514;1.7149999;0.147;0.147;1;1339358166
-69.717200;1.7149999;0.147;0.147;1;1339370480
-69.701795;1.7639999;0.098;0.196;1;1339385885
-69.679170;1.7639999;0.147;0.147;1;1339408510
-69.668607;1.813;0.098;0.196;1;1339419073
-69.642411;1.7639999;0.147;0.098;1;1339445269
-69.631542;1.813;0.049;0.196;1;1339456138
-69.619333;1.813;0.147;0.196;1;1339468347
-69.607218;1.813;0.147;0.196;1;1339480462
-69.582865;1.7639999;0.147;0.147;1;1339504815
-69.571620;1.7639999;0.147;0.147;1;1339516060
-69.560764;1.7639999;0.196;0.196;1;1339526916
-69.548321;1.7149999;0.196;0.147;1;1339539359
-69.538004;1.7639999;0.147;0.147;1;1339549676
-69.526136;1.813;0.147;0.098;1;1339561544
-69.515772;1.813;0.147;0.147;1;1339571908
-69.500356;1.7149999;0.196;0.147;1;1339587324
-69.488007;1.7639999;0.147;0.196;1;1339599673
-69.474916;1.7639999;0.196;0.147;1;1339612764
-69.430068;1.813;0.147;0.196;1;1339657612
-69.409740;1.7639999;0.147;0.196;1;1339677940
-69.398597;1.7639999;0.147;0.244999984;1;1339689083
-69.386481;1.7149999;0.147;0.147;1;1339701199
-69.375831;1.7149999;0.147;0.147;1;1339711849
-69.359737;1.7149999;0.196;0.196;1;1339727943
-69.349004;1.7149999;0.147;0.147;1;1339738676
-69.337653;1.813;0.098;0.196;1;1339750027
-69.326530;1.813;0.098;0.147;1;1339761150
-69.310968;1.7639999;0.147;0.147;1;1339776712
-69.287156;1.7639999;0.098;0.196;1;1339800524
-69.275825;1.7639999;0.147;0.196;1;1339811855
-69.262746;1.7639999;0.147;0.196;1;1339824934
-69.251559;1.7639999;0.147;0.147;1;1339836121
-69.237046;1.7639999;0.098;0.244999984;1;1339850634
-69.221627;1.7149999;0.098;0.196;1;1339866053
-69.209569;1.7639999;0.147;0.147;1;1339878111
-69.191792;1.7149999;0.147;0.244999984;1;1339895888
-69.174487;1.7639999;0.098;0.196;1;1339913193
-69.149132;1.7639999;0.147;0.147;1;1339938548
-69.138547;1.7639999;0.098;0.147;1;1339949133
-69.125510;1.7639999;0.147;0.196;1;1339962170
-69.113593;1.7639999;0.147;0.147;1;1339974087
-69.099907;1.7639999;0.147;0.196;1;1339987773
-69.074844;1.7149999;0.098;0.196;1;1340012836
-69.047375;1.7639999;0.098;0.196;1;1340040305
-69.035869;1.7639999;0.147;0.147;1;1340051811
-69.012924;1.666;0.147;0.196;1;1340074756
-69.000658;1.7639999;0.098;0.244999984;1;1340087022
-68.963344;1.7639999;0.147;0.147;1;1340124336
-68.943154;1.7639999;0.098;0.147;1;1340144526
-68.929213;1.7149999;0.147;0.147;1;1340158467
-68.918940;1.813;0.147;0.196;1;1340168740
-68.901801;1.7639999;0.147;0.196;1;1340185879
-68.876482;1.7639999;0.147;0.196;1;1340211198
-68.865971;1.813;0.098;0.196;1;1340221709
-68.852747;1.7639999;0.147;0.196;1;1340234933
-68.841524;1.7639999;0.147;0.147;1;1340246156
-68.829533;1.7639999;0.196;0.147;1;1340258147
-68.811748;1.7639999;0.147;0.196;1;1340275932
-68.799507;1.7639999;0.147;0.147;1;1340288173
-68.773538;1.7639999;0.098;0.196;1;1340314142
-68.746258;1.813;0.147;0.147;1;1340341422
-68.733076;1.7639999;0.147;0.196;1;1340354604
-68.721832;1.7149999;0.147;0.147;1;1340365848
-68.688583;1.813;0.098;0.196;1;1340399097
-68.677853;1.7639999;0.147;0.147;1;1340409827
-68.665198;1.7639999;0.098;0.147;1;1340422482
-68.654894;1.813;0.098;0.196;1;1340432786
-68.640434;1.7639999;0.147;0.196;1;1340447246
-68.627628;1.7639999;0.098;0.196;1;1340460052
-68.612913;1.666;0.196;0.196;1;1340474767
-68.598145;1.7639999;0.147;0.196;1;1340489535
-68.582820;1.7639999;0.147;0.196;1;1340504860
-68.569741;1.7639999;0.098;0.196;1;1340517939
-68.546312;1.7639999;0.098;0.147;1;1340541368
-68.514377;1.7639999;0.196;0.196;1;1340573303
-68.498143;1.7149999;0.147;0.196;1;1340589537
-68.486076;1.7149999;0.147;0.196;1;1340601604
-68.474215;1.7639999;0.098;0.196;1;1340613465
-68.446040;1.7639999;0.147;0.196;1;1340641640
-68.414914;1.7639999;0.147;0.244999984;1;1340672766
-68.403364;1.7639999;0.147;0.196;1;1340684316
-68.383431;1.7639999;0.098;0.147;1;1340704249
-68.372756;1.7639999;0.147;0.147;1;1340714924
-68.359131;1.7639999;0.147;0.147;1;1340728549
-68.346409;1.7639999;0.098;0.147;1;1340741271
-68.330194;1.813;0.147;0.196;1;1340757486
-68.309365;1.7639999;0.147;0.147;1;1340778315
-68.297243;1.813;0.147;0.147;1;1340790437
-68.282698;1.813;0.098;0.147;1;1340804982
-68.271012;1.813;0.196;0.196;1;1340816668
-68.239434;1.7639999;0.147;0.196;1;1340848246
-68.228126;1.7149999;0.147;0.196;1;1340859554
-68.211789;1.7639999;0.147;0.147;1;1340875891
-68.195818;1.813;0.098;0.147;1;1340891862
-68.182261;1.7639999;0.147;0.196;1;1340905419
-68.171250;1.7639999;0.147;0.147;1;1340916430
-68.146571;1.7639999;0.098;0.147;1;1340941109
-68.132372;1.7639999;0.098;0.196;1;1340955308
-68.121188;1.7639999;0.147;0.196;1;1340966492
-68.108361;1.7639999;0.147;0.196;1;1340979319
-68.096763;1.813;0.098;0.147;1;1340990917
-68.049222;1.7639999;0.147;0.196;1;1341038458
-68.038363;1.7639999;0.098;0.196;1;1341049317
-68.010315;1.862;0.147;0.147;1;1341077365
-67.997984;1.7639999;0.147;0.196;1;1341089696
-67.986473;1.7149999;0.147;0.196;1;1341101207
-67.975145;1.7639999;0.147;0.196;1;1341112535
-67.964666;1.7149999;0.098;0.098;1;1341123014
-67.947183;1.7639999;0.098;0.147;1;1341140497
-67.937033;1.7639999;0.098;0.147;1;1341150647
-67.925789;1.7639999;0.098;0.196;1;1341161891
-67.915000;1.7639999;0.147;0.147;1;1341172680
-67.903815;1.813;0.098;0.244999984;1;1341183865
-67.889864;1.7639999;0.147;0.196;1;1341197816
-67.878217;1.813;0.098;0.196;1;1341209463
-67.867294;1.7149999;0.196;0.147;1;1341220386
-67.852607;1.7639999;0.147;0.196;1;1341235073
-67.839758;1.7149999;0.147;0.196;1;1341247922
-67.821720;1.7639999;0.147;0.196;1;1341265960
-67.809328;1.7639999;0.147;0.147;1;1341278352
-67.795750;1.813;0.098;0.147;1;1341291930
-67.783097;1.7639999;0.098;0.196;1;1341304583
-67.771384;1.7639999;0.098;0.196;1;1341316296
-67.755747;1.7639999;0.147;0.196;1;1341331933
-67.729256;1.7639999;0.147;0.147;1;1341358424
-67.711553;1.813;0.098;0.147;1;1341376127
-67.697012;1.7149999;0.147;0.196;1;1341390668
-67.680004;1.7639999;0.147;0.196;1;1341407676
-67.644461;1.7639999;0.098;0.196;1;1341443219
-67.628181;1.7639999;0.098;0.147;1;1341459499
-67.610939;1.7639999;0.147;0.147;1;1341476741
-67.597505;1.7639999;0.147;0.196;1;1341490175
-67.586562;1.813;0.098;0.196;1;1341501118
-67.571174;1.7639999;0.196;0.196;1;1341516506
-67.541649;1.7639999;0.196;0.147;1;1341546031
-67.528551;1.7639999;0.147;0.196;1;1341559129
-67.514974;1.7149999;0.147;0.196;1;1341572706
-67.478558;1.7639999;0.147;0.147;1;1341609122
-67.467376;1.7639999;0.098;0.196;1;1341620304
-67.442820;1.7639999;0.147;0.196;1;1341644860
-67.429855;1.7639999;0.147;0.147;1;1341657825
-67.411809;1.813;0.098;0.147;1;1341675871
-67.398084;1.813;0.147;0.196;1;1341689596
-67.381668;1.7149999;0.147;0.098;1;1341706012
-67.367817;1.7639999;0.098;0.147;1;1341719863
-67.351397;1.7639999;0.147;0.147;1;1341736283
-67.332895;1.7149999;0.196;0.196;1;1341754785
-67.319898;1.7639999;0.147;0.147;1;1341767782
-67.302838;1.7639999;0.147;0.196;1;1341784842
-67.278907;1.7639999;0.147;0.196;1;1341808773
-67.266908;1.7149999;0.147;0.196;1;1341820772
-67.242779;1.813;0.147;0.196;1;1341844901
-67.231493;1.7639999;0.098;0.196;1;1341856187
-67.220172;1.7639999;0.147;0.196;1;1341867508
-67.208589;1.7639999;0.098;0.147;1;1341879091
-67.182271;1.7639999;0.098;0.196;1;1341905409
-67.166119;1.862;0.147;0.196;1;1341921561
-67.152214;1.7639999;0.147;0.147;1;1341935466
-67.141556;1.7639999;0.147;0.147;1;1341946124
-67.130147;1.813;0.098;0.196;1;1341957533
-67.118132;1.7639999;0.098;0.196;1;1341969548
-67.103166;1.7639999;0.147;0.147;1;1341984514
-67.092663;1.813;0.147;0.147;1;1341995017
-67.079406;1.7149999;0.147;0.196;1;1342008274
-67.068887;1.7149999;0.147;0.196;1;1342018793
-67.051741;1.7639999;0.147;0.196;1;1342035939
-67.040793;1.813;0.098;0.147;1;1342046887
-67.027601;1.7149999;0.098;0.147;1;1342060079
-67.016264;1.7639999;0.147;0.196;1;1342071416
-67.002385;1.7639999;0.147;0.196;1;1342085295
-66.991642;1.7639999;0.147;0.196;1;1342096038
-66.978163;1.7639999;0.147;0.147;1;1342109517
-66.967643;1.7639999;0.147;0.147;1;1342120037
-66.951935;1.813;0.147;0.147;1;1342135745
-66.932892;1.7149999;0.147;0.196;1;1342154788
-66.912815;1.7639999;0.147;0.147;1;1342174865
-66.899684;1.7639999;0.147;0.147;1;1342187996
-66.877392;1.7639999;0.147;0.244999984;1;1342210288
-66.866290;1.7639999;0.147;0.196;1;1342221390
-66.851474;1.813;0.147;0.196;1;1342236206
-66.832893;1.7149999;0.147;0.196;1;1342254787
-66.812781;1.7639999;0.098;0.196;1;1342274899
-66.799509;1.7639999;0.098;0.196;1;1342288171
-66.756219;1.7639999;0.098;0.196;1;1342331461
-66.733509;1.7639999;0.147;0.147;1;1342354171
-66.720165;1.7639999;0.147;0.098;1;1342367515
-66.702454;1.813;0.147;0.196;1;1342385226
-66.675898;1.7639999;0.147;0.147;1;1342411782
-66.662699;1.813;0.098;0.196;1;1342424981
-66.642839;1.7639999;0.147;0.196;1;1342444841
-66.629396;1.7639999;0.147;0.244999984;1;1342458284
-66.612879;1.7149999;0.147;0.196;1;1342474801
-66.598232;1.7639999;0.098;0.147;1;1342489448
-66.587517;1.7639999;0.147;0.196;1;1342500163
-66.576132;1.7639999;0.147;0.147;1;1342511548
-66.564678;1.7149999;0.147;0.147;1;1342523002
-66.549966;1.7149999;0.196;0.147;1;1342537714
-66.532928;1.7639999;0.147;0.147;1;1342554752
-66.521018;1.7639999;0.147;0.147;1;1342566662
-66.502844;1.7149999;0.098;0.147;1;1342584836
-66.488090;1.813;0.147;0.244999984;1;1342599590
-66.475940;1.813;0.196;0.196;1;1342611740
-66.464884;1.813;0.147;0.196;1;1342622796
-66.440310;1.7149999;0.196;0.244999984;1;1342647370
-66.421722;1.7149999;0.147;0.147;1;1342665958
-66.408364;1.813;0.098;0.196;1;1342679316
-66.397497;1.7639999;0.147;0.147;1;1342690183
-66.385092;1.7639999;0.098;0.244999984;1;1342702588
-66.373243;1.7149999;0.147;0.196;1;1342714437
-66.346756;1.813;0.147;0.196;1;1342740924
-66.321678;1.813;0.098;0.147;1;1342766002
-66.283355;1.7639999;0.147;0.147;1;1342804325
-66.264613;1.7149999;0.147;0.196;1;1342823067
-66.243640;1.813;0.147;0.196;1;1342844040
-66.226752;1.813;0.098;0.196;1;1342860928
-66.215209;1.813;0.098;0.196;1;1342872471
-66.184174;1.7639999;0.147;0.196;1;1342903506
-66.162251;1.7639999;0.147;0.147;1;1342925429
-66.147017;1.7149999;0.196;0.196;1;1342940663
-66.135471;1.7639999;0.098;0.147;1;1342952209
-66.100580;1.7149999;0.147;0.147;1;1342987100
-66.077910;1.813;0.098;0.196;1;1343009770
-66.066379;1.7639999;0.147;0.147;1;1343021301
-66.053643;1.7149999;0.147;0.147;1;1343034037
-66.042782;1.7639999;0.098;0.196;1;1343044898
-66.030253;1.7639999;0.098;0.196;1;1343057427
-66.012916;1.7639999;0.098;0.196;1;1343074764
-65.998354;1.7639999;0.147;0.196;1;1343089326
-65.972941;1.7149999;0.196;0.244999984;1;1343114739
-65.946316;1.7149999;0.098;0.196;1;1343141364
-65.930928;1.7639999;0.098;0.147;1;1343156752
-65.912861;1.7149999;0.098;0.196;1;1343174819
-65.900347;1.7639999;0.098;0.147;1;1343187333
-65.886562;1.7639999;0.098;0.196;1;1343201118
-65.875654;1.7149999;0.196;0.196;1;1343212026
-65.864770;1.813;0.147;0.196;1;1343222910
-65.830241;1.7149999;0.147;0.196;1;1343257439
-65.798242;1.7639999;0.196;0.196;1;1343289438
-65.787768;1.7149999;0.196;0.196;1;1343299912
-65.776216;1.7149999;0.147;0.147;1;1343311464
-65.764771;1.813;0.098;0.147;1;1343322909
-65.749561;1.7149999;0.147;0.244999984;1;1343338119
-65.716617;1.7639999;0.098;0.196;1;1343371063
-65.703144;1.7149999;0.196;0.147;1;1343384536
-65.676636;1.7149999;0.196;0.147;1;1343411044
-65.663638;1.7149999;0.147;0.196;1;1343424042
-65.650236;1.7639999;0.098;0.147;1;1343437444
-65.637855;1.7639999;0.147;0.196;1;1343449825
-65.613343;1.813;0.147;0.147;1;1343474337
-65.591735;1.7639999;0.147;0.196;1;1343495945
-65.579193;1.813;0.098;0.196;1;1343508487
-65.568134;1.813;0.098;0.196;1;1343519546
-65.544791;1.7639999;0.098;0.196;1;1343542889
-65.532059;1.7639999;0.098;0.147;1;1343555621
-65.521631;1.7149999;0.098;0.196;1;1343566049
-65.507838;1.7639999;0.196;0.244999984;1;1343579842
-65.496236;1.813;0.147;0.196;1;1343591444
-65.485533;1.7639999;0.147;0.147;1;1343602147
-65.474355;1.7149999;0.147;0.196;1;1343613325
-65.462782;1.7639999;0.147;0.196;1;1343624898
-65.451420;1.7639999;0.147;0.196;1;1343636260
-65.438407;1.813;0.147;0.196;1;1343649273
-65.421777;1.7639999;0.098;0.147;1;1343665903
-65.372012;1.7149999;0.147;0.147;1;1343715668
-65.332778;1.813;0.098;0.196;1;1343754902
-65.312767;1.7639999;0.147;0.147;1;1343774913
-65.299152;1.666;0.147;0.147;1;1343788528
-65.287867;1.7639999;0.147;0.196;1;1343799813
-65.276469;1.7639999;0.147;0.196;1;1343811211
-65.265820;1.7639999;0.147;0.196;1;1343821860
-65.250482;1.7639999;0.196;0.196;1;1343837198
-65.239951;1.7639999;0.147;0.147;1;1343847729
-65.225649;1.7639999;0.098;0.147;1;1343862031
-65.212347;1.7149999;0.196;0.196;1;1343875333
-65.197937;1.813;0.147;0.196;1;1343889743
-65.185605;1.813;0.147;0.147;1;1343902075
-65.174415;1.7149999;0.147;0.147;1;1343913265
-65.163611;1.813;0.147;0.196;1;1343924069
-65.148962;1.7639999;0.147;0.196;1;1343938718
-65.137516;1.7639999;0.098;0.196;1;1343950164
-65.126035;1.7639999;0.147;0.098;1;1343961645
-65.113528;1.813;0.098;0.196;1;1343974152
-65.099415;1.7149999;0.147;0.147;1;1343988265
-65.088586;1.7639999;0.147;0.196;1;1343999094
-65.076219;1.813;0.098;0.196;1;1344011461
-65.065019;1.7639999;0.098;0.196;1;1344022661
-65.049460;1.7639999;0.147;0.196;1;1344038220
-65.038817;1.7149999;0.147;0.196;1;1344048863
-65.027048;1.7639999;0.196;0.196;1;1344060632
-65.014434;1.7639999;0.147;0.196;1;1344073246
-65.002763;1.7639999;0.147;0.196;1;1344084917
-64.947322;1.7639999;0.147;0.147;1;1344140358
-64.929812;1.813;0.098;0.196;1;1344157868
-64.909854;1.7639999;0.147;0.196;1;1344177826
-64.898896;1.813;0.147;0.147;1;1344188784
-64.875220;1.7639999;0.098;0.196;1;1344212460
-64.841580;1.7149999;0.098;0.196;1;1344246100
-64.827203;1.7639999;0.147;0.196;1;1344260477
-64.811740;1.813;0.098;0.196;1;1344275940
-64.797360;1.7639999;0.147;0.196;1;1344290320
-64.785469;1.7149999;0.147;0.196;1;1344302211
-64.774326;1.7639999;0.147;0.196;1;1344313354
-64.763344;1.666;0.147;0.147;1;1344324336
-64.749205;1.7639999;0.098;0.196;1;1344338475
-64.731762;1.7639999;0.098;0.196;1;1344355918
-64.720447;1.813;0.098;0.147;1;1344367233
-64.699496;1.7639999;0.098;0.147;1;1344388184
-64.686604;1.7639999;0.098;0.196;1;1344401076
-64.672051;1.7639999;0.098;0.147;1;1344415629
-64.654419;1.7639999;0.098;0.196;1;1344433261
-64.639687;1.7639999;0.147;0.196;1;1344447993
-64.622380;1.862;0.098;0.147;1;1344465300
-64.609554;1.7639999;0.147;0.196;1;1344478126
-64.597710;1.7639999;0.196;0.147;1;1344489970
-64.585737;1.7149999;0.147;0.196;1;1344501943
-64.574947;1.813;0.098;0.196;1;1344512733
-64.560258;1.813;0.147;0.196;1;1344527422
-64.544397;1.7639999;0.098;0.196;1;1344543283
-64.533027;1.7149999;0.196;0.147;1;1344554653
-64.500140;1.7639999;0.147;0.147;1;1344587540
-64.480783;1.7639999;0.147;0.196;1;1344606897
-64.469457;1.7149999;0.196;0.196;1;1344618223
-64.446648;1.813;0.196;0.196;1;1344641032
-64.432079;1.813;0.147;0.147;1;1344655601
-64.420965;1.7639999;0.147;0.196;1;1344666715
-64.409823;1.7149999;0.098;0.196;1;1344677857
-64.398654;1.7149999;0.196;0.196;1;1344689026
-64.382487;1.7639999;0.098;0.196;1;1344705193
-64.371664;1.7149999;0.196;0.147;1;1344716016
-64.358391;1.7149999;0.196;0.147;1;1344729289
-64.347874;1.813;0.196;0.196;1;1344739806
-64.336882;1.7639999;0.098;0.147;1;1344750798
-64.312224;1.7639999;0.147;0.147;1;1344775456
-64.299157;1.813;0.147;0.147;1;1344788523
-64.276929;1.813;0.147;0.147;1;1344810751
-64.265836;1.7639999;0.147;0.244999984;1;1344821844
-64.254575;1.7639999;0.196;0.147;1;1344833105
-64.244048;1.7639999;0.196;0.196;1;1344843632
-64.230439;1.7639999;0.147;0.196;1;1344857241
-64.218996;1.7639999;0.098;0.147;1;1344868684
-64.199785;1.813;0.147;0.147;1;1344887895
-64.188028;1.7149999;0.147;0.196;1;1344899652
-64.174382;1.813;0.147;0.196;1;1344913298
-64.148950;1.7639999;0.147;0.196;1;1344938730
-64.137924;1.7639999;0.147;0.147;1;1344949756
-64.126134;1.7639999;0.098;0.196;1;1344961546
-64.112825;1.7639999;0.098;0.196;1;1344974855
-64.077610;1.7639999;0.147;0.196;1;1345010070
-64.065990;1.7639999;0.098;0.196;1;1345021690
-64.050461;1.7639999;0.147;0.244999984;1;1345037219
-64.032606;1.7639999;0.147;0.147;1;1345055074
-64.021283;1.813;0.098;0.196;1;1345066397
-63.997445;1.7639999;0.147;0.147;1;1345090235
-63.986614;1.7149999;0.147;0.196;1;1345101066
-63.973716;1.7639999;0.147;0.244999984;1;1345113964
-63.962355;1.7639999;0.147;0.196;1;1345125325
-63.949056;1.7149999;0.147;0.196;1;1345138624
-63.911567;1.7639999;0.147;0.147;1;1345176113
-63.897940;1.7639999;0.098;0.147;1;1345189740
-63.874588;1.7639999;0.098;0.147;1;1345213092
-63.863483;1.813;0.147;0.196;1;1345224197
-63.849621;1.7639999;0.098;0.147;1;1345238059
-63.839029;1.7639999;0.098;0.244999984;1;1345248651
-63.809774;1.7639999;0.147;0.196;1;1345277906
-63.797804;1.7149999;0.147;0.196;1;1345289876
-63.786376;1.7149999;0.196;0.196;1;1345301304
-63.775817;1.7639999;0.147;0.196;1;1345311863
-63.764389;1.7639999;0.196;0.147;1;1345323291
-63.749105;1.813;0.098;0.196;1;1345338575
-63.736752;1.7639999;0.147;0.196;1;1345350928
-63.687033;1.7149999;0.147;0.196;1;1345400647
-63.673023;1.7149999;0.147;0.196;1;1345414657
-63.651715;1.7639999;0.147;0.196;1;1345435965
-63.640737;1.813;0.147;0.147;1;1345446943
-63.610057;1.7639999;0.098;0.196;1;1345477623
-63.599182;1.7639999;0.147;0.147;1;1345488498
-63.575858;1.862;0.098;0.196;1;1345511822
-63.564877;1.813;0.098;0.147;1;1345522803
-63.551038;1.7639999;0.098;0.196;1;1345536642
-63.534338;1.7639999;0.147;0.147;1;1345553342
-63.512573;1.862;0.098;0.147;1;1345575107
-63.492815;1.813;0.147;0.147;1;1345594865
-63.480184;1.7639999;0.147;0.244999984;1;1345607496
-63.467594;1.7639999;0.098;0.147;1;1345620086
-63.442695;1.7639999;0.196;0.196;1;1345644985
-63.428904;1.7639999;0.098;0.196;1;1345658776
-63.415095;1.7149999;0.147;0.196;1;1345672585
-63.402089;1.7149999;0.196;0.147;1;1345685591
-63.390974;1.7639999;0.147;0.147;1;1345696706
-63.379881;1.7639999;0.147;0.196;1;1345707799
-63.368206;1.7639999;0.147;0.196;1;1345719474
-63.345697;1.7639999;0.098;0.196;1;1345741983
-63.331956;1.7639999;0.147;0.147;1;1345755724
-63.312921;1.813;0.147;0.147;1;1345774759
-63.278188;1.7639999;0.098;0.147;1;1345809492
-63.260274;1.7639999;0.147;0.196;1;1345827406
-63.246872;1.7639999;0.098;0.196;1;1345840808
-63.234311;1.813;0.147;0.147;1;1345853369
-63.210967;1.7639999;0.098;0.196;1;1345876713
-63.199648;1.813;0.147;0.196;1;1345888032
-63.188532;1.813;0.098;0.147;1;1345899148
-63.177744;1.7639999;0.098;0.196;1;1345909936
-63.165713;1.7639999;0.098;0.147;1;1345921967
-63.154109;1.7639999;0.098;0.098;1;1345933571
-63.138051;1.7639999;0.098;0.147;1;1345949629
-63.126713;1.7639999;0.147;0.147;1;1345960967
-63.114458;1.7149999;0.147;0.196;1;1345973222
-63.103158;1.7149999;0.098;0.196;1;1345984522
-63.089358;1.7149999;0.147;0.196;1;1345998322
-63.078991;1.7639999;0.098;0.147;1;1346008689
-63.065903;1.7639999;0.147;0.244999984;1;1346021777
-63.054539;1.7639999;0.147;0.196;1;1346033141
-63.042739;1.7639999;0.147;0.196;1;1346044941
-63.031599;1.862;0.147;0.147;1;1346056081
-62.986869;1.7639999;0.098;0.147;1;1346100811
-62.975203;1.7639999;0.098;0.196;1;1346112477
-62.963403;1.7639999;0.196;0.147;1;1346124277
-62.949385;1.7639999;0.147;0.196;1;1346138295
-62.936318;1.7149999;0.098;0.196;1;1346151362
-62.920178;1.813;0.098;0.147;1;1346167502
-62.909298;1.813;0.147;0.196;1;1346178382
-62.898033;1.7639999;0.196;0.147;1;1346189647
-62.861177;1.7149999;0.147;0.147;1;1346226503
-62.846612;1.813;0.147;0.196;1;1346241068
-62.832443;1.7639999;0.147;0.147;1;1346255237
-62.820451;1.813;0.147;0.147;1;1346267229
-62.801711;1.7639999;0.147;0.196;1;1346285969
-62.787761;1.7149999;0.147;0.147;1;1346299919
-62.776906;1.7639999;0.098;0.147;1;1346310774
-62.764685;1.7639999;0.147;0.147;1;1346322995
-62.753696;1.7639999;0.098;0.147;1;1346333984
-62.741206;1.7639999;0.147;0.147;1;1346346474
-62.729799;1.813;0.147;0.196;1;1346357881
-62.718706;1.7149999;0.147;0.147;1;1346368974
-62.700920;1.7639999;0.098;0.147;1;1346386760
-62.686930;1.7639999;0.098;0.196;1;1346400750
-62.672635;1.7639999;0.147;0.196;1;1346415045
-62.653846;1.813;0.098;0.147;1;1346433834
-62.627346;1.7149999;0.196;0.147;1;1346460334
-62.616498;1.813;0.147;0.196;1;1346471182
-62.601442;1.7639999;0.147;0.196;1;1346486238
-62.581317;1.7639999;0.147;0.147;1;1346506363
-62.569283;1.7639999;0.147;0.196;1;1346518397
-62.544760;1.7639999;0.147;0.196;1;1346542920
-62.533480;1.7639999;0.098;0.147;1;1346554200
-62.521104;1.7639999;0.098;0.147;1;1346566576
-62.501629;1.813;0.098;0.196;1;1346586051
-62.487222;1.7639999;0.147;0.147;1;1346600458
-62.471710;1.7639999;0.147;0.196;1;1346615970
-62.457150;1.7639999;0.147;0.147;1;1346630530
-62.441766;1.7639999;0.147;0.147;1;1346645914
-62.428420;1.7639999;0.098;0.196;1;1346659260
-62.415433;1.7149999;0.098;0.147;1;1346672247
-62.381666;1.813;0.098;0.196;1;1346706014
-62.364399;1.813;0.147;0.196;1;1346723281
-62.350537;1.7639999;0.147;0.196;1;1346737143
-62.339422;1.7149999;0.147;0.147;1;1346748258
-62.320465;1.7639999;0.098;0.196;1;1346767215
-62.306176;1.813;0.049;0.196;1;1346781504
-62.294506;1.813;0.098;0.196;1;1346793174
-62.283407;1.813;0.147;0.147;1;1346804273
-62.272163;1.7639999;0.147;0.196;1;1346815517
-62.256153;1.7639999;0.098;0.196;1;1346831527
-62.231609;1.7639999;0.098;0.196;1;1346856071
-62.211536;1.813;0.147;0.196;1;1346876144
-62.197074;1.7639999;0.098;0.196;1;1346890606
-62.185900;1.7149999;0.147;0.196;1;1346901780
-62.173859;1.7639999;0.147;0.147;1;1346913821
-62.147228;1.7639999;0.147;0.098;1;1346940452
-62.136574;1.7639999;0.098;0.098;1;1346951106
-62.125561;1.7639999;0.147;0.196;1;1346962119
-62.113734;1.7639999;0.098;0.147;1;1346973946
-62.097933;1.7639999;0.098;0.147;1;1346989747
-62.073496;1.813;0.098;0.147;1;1347014184
-62.060188;1.7639999;0.147;0.147;1;1347027492
-62.048127;1.7639999;0.147;0.147;1;1347039553
-62.032968;1.7639999;0.098;0.196;1;1347054712
-62.021774;1.813;0.098;0.147;1;1347065906
-61.998634;1.7639999;0.147;0.196;1;1347089046
-61.987200;1.7639999;0.147;0.196;1;1347100480
-61.969679;1.813;0.147;0.196;1;1347118001
-61.937270;1.7639999;0.147;0.147;1;1347150410
-61.923358;1.7149999;0.196;0.147;1;1347164322
-61.912734;1.7639999;0.098;0.244999984;1;1347174946
-61.899095;1.813;0.098;0.147;1;1347188585
-61.887944;1.7149999;0.147;0.244999984;1;1347199736
-61.874707;1.7149999;0.147;0.196;1;1347212973
-61.863418;1.813;0.147;0.196;1;1347224262
-61.849235;1.7149999;0.147;0.147;1;1347238445
-61.837893;1.7639999;0.098;0.196;1;1347249787
-61.826567;1.7639999;0.098;0.196;1;1347261113
-61.786084;1.7639999;0.147;0.244999984;1;1347301596
-61.772143;1.7639999;0.098;0.147;1;1347315537
-61.760153;1.813;0.147;0.196;1;1347327527
-61.748629;1.7149999;0.196;0.196;1;1347339051
-61.731149;1.813;0.147;0.147;1;1347356531
-61.719670;1.7639999;0.147;0.147;1;1347368010
-61.686483;1.7639999;0.098;0.196;1;1347401197
-61.674367;1.7639999;0.147;0.147;1;1347413313
-61.663590;1.813;0.147;0.196;1;1347424090
-61.650513;1.7639999;0.147;0.147;1;1347437167
-61.638711;1.7639999;0.098;0.196;1;1347448969
-61.626242;1.7149999;0.098;0.098;1;1347461438
-61.614158;1.813;0.147;0.147;1;1347473522
-61.591343;1.7639999;0.147;0.147;1;1347496337
-61.575699;1.7639999;0.147;0.196;1;1347511981
-61.561194;1.7149999;0.147;0.196;1;1347526486
-61.550838;1.813;0.147;0.196;1;1347536842
-61.529763;1.7639999;0.147;0.196;1;1347557917
-61.511667;1.7639999;0.147;0.098;1;1347576013
-61.471711;1.7149999;0.147;0.147;1;1347615969
-61.440851;1.7149999;0.147;0.147;1;1347646829
-61.429812;1.7639999;0.196;0.244999984;1;1347657868
-61.407460;1.7639999;0.098;0.196;1;1347680220
-61.396428;1.7639999;0.098;0.196;1;1347691252
-61.379771;1.7639999;0.147;0.196;1;1347707909
-61.365351;1.7639999;0.147;0.147;1;1347722329
-61.354457;1.7639999;0.147;0.147;1;1347733223
-61.342641;1.7639999;0.098;0.147;1;1347745039
-61.329305;1.7639999;0.098;0.196;1;1347758375
-61.310405;1.7149999;0.147;0.147;1;1347777275
-61.294933;1.7639999;0.147;0.196;1;1347792747
-61.273524;1.813;0.098;0.196;1;1347814156
-61.262414;1.7639999;0.098;0.196;1;1347825266
-61.234096;1.7639999;0.098;0.244999984;1;1347853584
-61.212916;1.7149999;0.147;0.147;1;1347874764
-61.198727;1.7149999;0.196;0.147;1;1347888953
-61.175633;1.813;0.147;0.147;1;1347912047
-61.164869;1.813;0.098;0.244999984;1;1347922811
-61.149539;1.7149999;0.098;0.196;1;1347938141
-61.138853;1.813;0.098;0.196;1;1347948827
-61.126205;1.813;0.147;0.196;1;1347961475
-61.115219;1.7639999;0.196;0.196;1;1347972461
-61.104054;1.7639999;0.196;0.196;1;1347983626
-61.091375;1.666;0.196;0.196;1;1347996305
-61.035572;1.7639999;0.147;0.196;1;1348052108
-61.023552;1.7639999;0.147;0.147;1;1348064128
-61.008432;1.7639999;0.147;0.147;1;1348079248
-60.997876;1.813;0.147;0.147;1;1348089804
-60.982901;1.7149999;0.147;0.196;1;1348104779
-60.964178;1.813;0.098;0.147;1;1348123502
-60.952727;1.7149999;0.147;0.196;1;1348134953
-60.934112;1.7149999;0.147;0.147;1;1348153568
-60.904423;1.7639999;0.147;0.147;1;1348183257
-60.893927;1.813;0.098;0.196;1;1348193753
-60.881113;1.813;0.147;0.147;1;1348206567
-60.871000;1.7639999;0.147;0.196;1;1348216680
-60.857618;1.813;0.147;0.196;1;1348230062
-60.846457;1.7639999;0.147;0.196;1;1348241223
-60.832858;1.7149999;0.147;0.098;1;1348254822
-60.820900;1.7149999;0.098;0.098;1;1348266780
-60.789888;1.7639999;0.147;0.147;1;1348297792
-60.777849;1.7639999;0.147;0.147;1;1348309831
-60.766879;1.813;0.196;0.196;1;1348320801
-60.742841;1.7149999;0.196;0.196;1;1348344839
-60.729998;1.7639999;0.098;0.196;1;1348357682
-60.712917;1.813;0.098;0.147;1;1348374763
-60.698770;1.7149999;0.098;0.147;1;1348388910
-60.686072;1.813;0.098;0.196;1;1348401608
-60.671061;1.7639999;0.196;0.147;1;1348416619
-60.652947;1.7639999;0.147;0.147;1;1348434733
-60.639997;1.7639999;0.098;0.147;1;1348447683
-60.617449;1.813;0.147;0.147;1;1348470231
-60.606709;1.7149999;0.147;0.196;1;1348480971
-60.564391;1.7639999;0.098;0.196;1;1348523289
-60.543910;1.7639999;0.147;0.196;1;1348543770
-60.532687;1.7149999;0.098;0.147;1;1348554993
-60.514056;1.813;0.098;0.147;1;1348573624
-60.503984;1.813;0.098;0.196;1;1348583696
-60.479724;1.813;0.098;0.147;1;1348607956
-60.463064;1.7639999;0.147;0.196;1;1348624616
-60.451760;1.7149999;0.196;0.196;1;1348635920
-60.439538;1.7639999;0.098;0.147;1;1348648142
-60.425347;1.7639999;0.147;0.147;1;1348662333
-60.410536;1.7639999;0.098;0.147;1;1348677144
-60.399894;1.813;0.147;0.196;1;1348687786
-60.388380;1.7639999;0.098;0.196;1;1348699300
-60.377578;1.813;0.098;0.244999984;1;1348710102
-60.366148;1.7639999;0.147;0.147;1;1348721532
-60.352242;1.7639999;0.147;0.196;1;1348735438
-60.341394;1.7639999;0.147;0.147;1;1348746286
-60.322912;1.7149999;0.147;0.147;1;1348764768
-60.309636;1.813;0.147;0.196;1;1348778044
-60.297857;1.7639999;0.098;0.244999984;1;1348789823
-60.275559;1.862;0.098;0.196;1;1348812121
-60.261905;1.813;0.147;0.147;1;1348825775
-60.250040;1.7639999;0.098;0.196;1;1348837640
-60.232838;1.7639999;0.147;0.147;1;1348854842
-60.218803;1.7639999;0.098;0.147;1;1348868877
-60.202831;1.7639999;0.147;0.196;1;1348884849
-60.177285;1.7639999;0.147;0.196;1;1348910395
-60.165968;1.813;0.147;0.147;1;1348921712
-60.136969;1.7149999;0.147;0.196;1;1348950711
-60.121970;1.813;0.147;0.196;1;1348965710
-60.102992;1.7639999;0.098;0.196;1;1348984688
-60.091777;1.7639999;0.098;0.196;1;1348995903
-60.078943;1.7639999;0.147;0.147;1;1349008737
-60.067942;1.7639999;0.098;0.196;1;1349019738
-60.049341;1.7639999;0.147;0.196;1;1349038339
-60.038802;1.7149999;0.098;0.196;1;1349048878
-60.014580;1.7149999;0.147;0.147;1;1349073100
-60.003710;1.813;0.098;0.196;1;1349083970
-59.988212;1.7149999;0.147;0.147;1;1349099468
-59.977903;1.7639999;0.196;0.147;1;1349109777
-59.966566;1.7639999;0.147;0.147;1;1349121114
-59.944538;1.7149999;0.147;0.147;1;1349143142
-59.931334;1.7639999;0.098;0.147;1;1349156346
-59.920373;1.7639999;0.147;0.147;1;1349167307
-59.909235;1.7149999;0.098;0.147;1;1349178445
-59.897946;1.666;0.147;0.196;1;1349189734
-59.885193;1.7639999;0.147;0.196;1;1349202487
-59.874931;1.7639999;0.147;0.196;1;1349212749
-59.863749;1.7639999;0.147;0.196;1;1349223931
-59.847883;1.7639999;0.147;0.147;1;1349239797
-59.835744;1.7149999;0.147;0.196;1;1349251936
-59.804747;1.7639999;0.147;0.196;1;1349282933
-59.793544;1.813;0.098;0.196;1;1349294136
-59.780720;1.7639999;0.147;0.147;1;1349306960
-59.769725;1.7639999;0.098;0.196;1;1349317955
-59.729908;1.7639999;0.147;0.147;1;1349357772
-59.714215;1.7639999;0.147;0.196;1;1349373465
-59.700804;1.7639999;0.098;0.147;1;1349386876
-59.677093;1.7639999;0.098;0.244999984;1;1349410587
-59.663986;1.7639999;0.147;0.147;1;1349423694
-59.635285;1.7149999;0.147;0.196;1;1349452395
-59.620388;1.7149999;0.147;0.196;1;1349467292
-59.601299;1.7639999;0.147;0.196;1;1349486381
-59.577445;1.7149999;0.196;0.147;1;1349510235
-59.566439;1.7639999;0.147;0.196;1;1349521241
-59.542810;1.813;0.147;0.196;1;1349544870
-59.529987;1.7639999;0.147;0.196;1;1349557693
-59.512911;1.7639999;0.147;0.196;1;1349574769
-59.499252;1.7639999;0.098;0.196;1;1349588428
-59.488841;1.7639999;0.098;0.244999984;1;1349598839
-59.475420;1.7639999;0.147;0.147;1;1349612260
-59.451760;1.7639999;0.147;0.147;1;1349635920
-59.430008;1.7639999;0.147;0.196;1;1349657672
-59.408429;1.7149999;0.147;0.147;1;1349679251
-59.394369;1.7149999;0.196;0.147;1;1349693311
-59.381482;1.7639999;0.098;0.196;1;1349706198
-59.370803;1.7639999;0.098;0.196;1;1349716877
-59.352977;1.813;0.049;0.196;1;1349734703
-59.342374;1.7639999;0.147;0.147;1;1349745306
-59.304960;1.7639999;0.147;0.196;1;1349782720
-59.277442;1.7149999;0.196;0.147;1;1349810238
-59.266162;1.7639999;0.098;0.196;1;1349821518
-59.241066;1.7149999;0.147;0.196;1;1349846614
-59.228047;1.7639999;0.196;0.244999984;1;1349859633
-59.211777;1.7639999;0.147;0.147;1;1349875903
-59.198250;1.7639999;0.098;0.196;1;1349889430
-59.187061;1.7639999;0.147;0.196;1;1349900619
-59.175517;1.7639999;0.196;0.196;1;1349912163
-59.164648;1.7639999;0.147;0.147;1;1349923032
-59.149950;1.7149999;0.147;0.147;1;1349937730
-59.138320;1.7639999;0.147;0.196;1;1349949360
-59.126562;1.7639999;0.098;0.196;1;1349961118
-59.114388;1.7639999;0.147;0.196;1;1349973292
-59.100852;1.7639999;0.147;0.196;1;1349986828
-59.086760;1.7639999;0.098;0.147;1;1350000920
-59.074404;1.7639999;0.196;0.196;1;1350013276
-59.063631;1.7149999;0.147;0.196;1;1350024049
-59.048280;1.666;0.147;0.196;1;1350039400
-59.031709;1.7639999;0.098;0.196;1;1350055971
-59.013132;1.666;0.147;0.147;1;1350074548
-58.999950;1.7639999;0.147;0.196;1;1350087730
-58.986748;1.7149999;0.147;0.196;1;1350100932
-58.975564;1.813;0.196;0.147;1;1350112116
-58.965012;1.813;0.147;0.147;1;1350122668
-58.952653;1.7639999;0.196;0.196;1;1350135027
-58.941284;1.7639999;0.098;0.147;1;1350146396
-58.929722;1.813;0.147;0.196;1;1350157958
-58.877378;1.7639999;0.147;0.196;1;1350210302
-58.861621;1.813;0.098;0.196;1;1350226059
-58.847320;1.7149999;0.098;0.196;1;1350240360
-58.834384;1.7639999;0.147;0.196;1;1350253296
-58.816373;1.7149999;0.098;0.147;1;1350271307
-58.801004;1.7639999;0.147;0.196;1;1350286676
-58.777029;1.813;0.098;0.196;1;1350310651
-58.765456;1.813;0.147;0.147;1;1350322224
-58.748878;1.813;0.147;0.196;1;1350338802
-58.731220;1.7639999;0.147;0.244999984;1;1350356460
-58.720021;1.7639999;0.147;0.196;1;1350367659
-58.707189;1.7149999;0.098;0.244999984;1;1350380491
-58.696151;1.7639999;0.147;0.244999984;1;1350391529
-58.671719;1.7149999;0.147;0.147;1;1350415961
-58.654834;1.7639999;0.147;0.196;1;1350432846
-58.628873;1.813;0.098;0.244999984;1;1350458807
-58.615958;1.813;0.147;0.196;1;1350471722
-58.600095;1.7639999;0.147;0.147;1;1350487585
-58.577546;1.7149999;0.147;0.147;1;1350510134
-58.566155;1.7639999;0.147;0.244999984;1;1350521525
-58.549198;1.7149999;0.147;0.196;1;1350538482
-58.532180;1.7149999;0.098;0.147;1;1350555500
-58.512908;1.7639999;0.147;0.098;1;1350574772
-58.498958;1.7639999;0.147;0.196;1;1350588722
-58.486246;1.7639999;0.147;0.196;1;1350601434
-58.475607;1.7639999;0.098;0.196;1;1350612073
-58.464856;1.7639999;0.098;0.196;1;1350622824
-58.449932;1.7149999;0.147;0.196;1;1350637748
-58.416852;1.7149999;0.147;0.147;1;1350670828
-58.403274;1.7639999;0.147;0.196;1;1350684406
-58.375460;1.7149999;0.147;0.196;1;1350712220
-58.360161;1.7639999;0.147;0.147;1;1350727519
-58.348584;1.7639999;0.147;0.147;1;1350739096
-58.310005;1.7149999;0.196;0.196;1;1350777675
-58.298068;1.813;0.098;0.244999984;1;1350789612
-58.276723;1.7639999;0.147;0.147;1;1350810957
-58.262530;1.7149999;0.147;0.147;1;1350825150
-58.251968;1.7149999;0.098;0.196;1;1350835712
-58.239209;1.7639999;0.147;0.147;1;1350848471
-58.227234;1.7149999;0.196;0.196;1;1350860446
-58.211423;1.7639999;0.147;0.098;1;1350876257
-58.192483;1.7639999;0.098;0.147;1;1350895197
-58.180775;1.7149999;0.147;0.147;1;1350906905
-58.169910;1.7639999;0.147;0.196;1;1350917770
-58.144703;1.813;0.098;0.147;1;1350942977
-58.129209;1.7149999;0.147;0.147;1;1350958471
-58.106574;1.813;0.098;0.196;1;1350981106
-58.095970;1.813;0.147;0.098;1;1350991710
-58.081509;1.7639999;0.098;0.147;1;1351006171
-58.070861;1.7149999;0.098;0.147;1;1351016819
-58.057916;1.7639999;0.098;0.147;1;1351029764
-58.047007;1.813;0.098;0.196;1;1351040673
-58.014284;1.7639999;0.147;0.147;1;1351073396
-57.999671;1.7639999;0.147;0.244999984;1;1351088009
-57.975595;1.7639999;0.147;0.147;1;1351112085
-57.964680;1.813;0.147;0.196;1;1351123000
-57.950789;1.7639999;0.098;0.196;1;1351136891
-57.938614;1.813;0.098;0.147;1;1351149066
-57.926438;1.813;0.147;0.196;1;1351161242
-57.915816;1.813;0.098;0.196;1;1351171864
-57.888824;1.813;0.147;0.147;1;1351198856
-57.877178;1.7639999;0.098;0.147;1;1351210502
-57.863955;1.813;0.098;0.147;1;1351223725
-57.851108;1.7639999;0.147;0.196;1;1351236572
-57.832392;1.7639999;0.196;0.147;1;1351255288
-57.820520;1.7639999;0.147;0.196;1;1351267160
-57.801634;1.7639999;0.147;0.147;1;1351286046
-57.775738;1.7639999;0.147;0.196;1;1351311942
-57.763469;1.7639999;0.098;0.196;1;1351324211
-57.752736;1.7639999;0.147;0.196;1;1351334944
-57.739912;1.7639999;0.098;0.196;1;1351347768
-57.726639;1.813;0.098;0.196;1;1351361041
-57.714975;1.7639999;0.147;0.147;1;1351372705
-57.701359;1.7149999;0.196;0.196;1;1351386321
-57.677184;1.7149999;0.147;0.196;1;1351410496
-57.666512;1.813;0.147;0.196;1;1351421168
-57.639224;1.7639999;0.147;0.147;1;1351448456
-57.621255;1.7639999;0.147;0.147;1;1351466425
-57.602240;1.813;0.049;0.196;1;1351485440
-57.564525;1.813;0.147;0.196;1;1351523155
-57.547862;1.7639999;0.147;0.098;1;1351539818
-57.533144;1.7149999;0.147;0.147;1;1351554536
-57.519918;1.7639999;0.098;0.196;1;1351567762
-57.503947;1.7639999;0.147;0.196;1;1351583733
-57.492899;1.813;0.147;0.196;1;1351594781
-57.464096;1.813;0.147;0.196;1;1351623584
-57.453637;1.813;0.147;0.196;1;1351634043
-57.441187;1.7149999;0.147;0.244999984;1;1351646493
-57.420078;1.7639999;0.147;0.196;1;1351667602
-57.407702;1.7639999;0.098;0.196;1;1351679978
-57.396351;1.813;0.098;0.196;1;1351691329
-57.385543;1.7639999;0.098;0.147;1;1351702137
-57.349525;1.813;0.147;0.147;1;1351738155
-57.331157;1.7639999;0.147;0.147;1;1351756523
-57.310013;1.7639999;0.147;0.244999984;1;1351777667
-57.295999;1.7639999;0.098;0.244999984;1;1351791681
-57.281530;1.7639999;0.196;0.147;1;1351806150
-57.270967;1.7639999;0.098;0.147;1;1351816713
-57.242120;1.7149999;0.147;0.147;1;1351845560
-57.231030;1.7149999;0.147;0.147;1;1351856650
-57.212905;1.7639999;0.098;0.196;1;1351874775
-57.200403;1.7639999;0.147;0.196;1;1351887277
-57.175856;1.813;0.147;0.196;1;1351911824
-57.164732;1.813;0.147;0.196;1;1351922948
-57.127038;1.813;0.147;0.196;1;1351960642
-57.113843;1.7639999;0.147;0.147;1;1351973837
-57.097726;1.7639999;0.147;0.196;1;1351989954
-57.075666;1.813;0.098;0.147;1;1352012014
-57.063066;1.7639999;0.196;0.196;1;1352024614
-57.047651;1.813;0.098;0.196;1;1352040029
-57.036489;1.7639999;0.147;0.244999984;1;1352051191
-57.025114;1.7639999;0.147;0.196;1;1352062566
-57.001644;1.7639999;0.196;0.196;1;1352086036
-56.986237;1.813;0.147;0.196;1;1352101443
-56.975720;1.7149999;0.196;0.147;1;1352111960
-56.963506;1.7149999;0.147;0.147;1;1352124174
-56.946709;1.7639999;0.147;0.196;1;1352140971
-56.929959;1.813;0.098;0.147;1;1352157721
-56.909493;1.7639999;0.147;0.196;1;1352178187
-56.891718;1.7639999;0.098;0.147;1;1352195962
-56.876315;1.7639999;0.147;0.196;1;1352211365
-56.864445;1.7149999;0.147;0.196;1;1352223235
-56.852235;1.813;0.147;0.196;1;1352235445
-56.829361;1.7639999;0.147;0.196;1;1352258319
-56.811468;1.7639999;0.098;0.098;1;1352276212
-56.798072;1.7639999;0.147;0.147;1;1352289608
-56.787193;1.7639999;0.098;0.196;1;1352300487
-56.773015;1.7639999;0.098;0.196;1;1352314665
-56.744878;1.7639999;0.147;0.147;1;1352342802
-56.728879;1.7149999;0.147;0.196;1;1352358801
-56.717427;1.7149999;0.147;0.196;1;1352370253
-56.699783;1.7639999;0.147;0.244999984;1;1352387897
-56.665211;1.7639999;0.098;0.147;1;1352422469
-56.640635;1.7639999;0.147;0.196;1;1352447045
-56.611148;1.7149999;0.147;0.196;1;1352476532
-56.579207;1.813;0.098;0.147;1;1352508473
-56.568638;1.7639999;0.147;0.196;1;1352519042
-56.544818;1.813;0.147;0.196;1;1352542862
-56.532070;1.7639999;0.098;0.196;1;1352555610
-56.511219;1.7149999;0.147;0.196;1;1352576461
-56.499454;1.7639999;0.098;0.147;1;1352588226
-56.486794;1.7639999;0.147;0.196;1;1352600886
-56.475707;1.813;0.098;0.196;1;1352611973
-56.464677;1.7639999;0.098;0.196;1;1352623003
-56.447503;1.7639999;0.147;0.147;1;1352640177
-56.436761;1.7639999;0.196;0.196;1;1352650919
-56.425674;1.7639999;0.147;0.196;1;1352662006
-56.411849;1.7639999;0.147;0.196;1;1352675831
-56.399307;1.7639999;0.147;0.196;1;1352688373
-56.375391;1.7149999;0.147;0.244999984;1;1352712289
-56.364211;1.7149999;0.196;0.196;1;1352723469
-56.350069;1.7639999;0.147;0.147;1;1352737611
-56.338549;1.813;0.098;0.196;1;1352749131
-56.326811;1.7639999;0.147;0.196;1;1352760869
-56.315815;1.7639999;0.098;0.196;1;1352771865
-56.300342;1.813;0.098;0.196;1;1352787338
-56.279609;1.813;0.147;0.196;1;1352808071
-56.267634;1.813;0.147;0.196;1;1352820046
-56.253675;1.7639999;0.147;0.244999984;1;1352834005
-56.221964;1.7639999;0.098;0.098;1;1352865716
-56.206793;1.7149999;0.147;0.196;1;1352880887
-56.195043;1.813;0.147;0.147;1;1352892637
-56.182567;1.813;0.147;0.147;1;1352905113
-56.165502;1.7639999;0.098;0.098;1;1352922178
-56.142068;1.813;0.147;0.196;1;1352945612
-56.131936;1.7639999;0.147;0.147;1;1352955744
-56.119738;1.813;0.147;0.196;1;1352967942
-56.108763;1.7639999;0.147;0.244999984;1;1352978917
-56.079535;1.813;0.147;0.244999984;1;1353008145
-56.068556;1.813;0.147;0.196;1;1353019124
-56.043427;1.813;0.098;0.196;1;1353044253
-56.032811;1.7639999;0.147;0.196;1;1353054869
-56.021765;1.7149999;0.098;0.196;1;1353065915
-56.009157;1.7639999;0.196;0.147;1;1353078523
-55.996526;1.7639999;0.147;0.147;1;1353091154
-55.985100;1.7639999;0.147;0.147;1;1353102580
-55.972403;1.7639999;0.147;0.147;1;1353115277
-55.961766;1.7639999;0.196;0.147;1;1353125914
-55.948898;1.813;0.147;0.147;1;1353138782
-55.937735;1.7639999;0.147;0.196;1;1353149945
-55.921716;1.813;0.196;0.196;1;1353165964
-55.900020;1.7639999;0.147;0.147;1;1353187660
-55.876788;1.7639999;0.147;0.196;1;1353210892
-55.865930;1.813;0.147;0.196;1;1353221750
-55.828493;1.7639999;0.098;0.147;1;1353259187
-55.816538;1.7639999;0.147;0.196;1;1353271142
-55.792558;1.813;0.147;0.196;1;1353295122
-55.775834;1.7639999;0.098;0.196;1;1353311846
-55.764699;1.7639999;0.196;0.147;1;1353322981
-55.752557;1.813;0.147;0.196;1;1353335123
-55.731330;1.7149999;0.147;0.147;1;1353356350
-55.711016;1.7639999;0.098;0.196;1;1353376664
-55.698519;1.813;0.147;0.147;1;1353389161
-55.686339;1.7639999;0.147;0.147;1;1353401341
-55.673716;1.813;0.147;0.147;1;1353413964
-55.661755;1.813;0.147;0.196;1;1353425925
-55.645391;1.7639999;0.147;0.147;1;1353442289
-55.624114;1.7639999;0.147;0.196;1;1353463566
-55.602812;1.813;0.147;0.147;1;1353484868
-55.582672;1.7149999;0.098;0.196;1;1353505008
-55.570010;1.7639999;0.147;0.196;1;1353517670
-55.558873;1.7639999;0.098;0.196;1;1353528807
-55.547368;1.813;0.098;0.147;1;1353540312
-55.536727;1.7639999;0.147;0.147;1;1353550953
-55.501639;1.7149999;0.147;0.196;1;1353586041
-55.486231;1.813;0.098;0.196;1;1353601449
-55.472213;1.813;0.147;0.244999984;1;1353615467
-55.454319;1.7149999;0.098;0.147;1;1353633361
-55.441136;1.7639999;0.147;0.147;1;1353646544
-55.422914;1.7639999;0.147;0.147;1;1353664766
-55.410777;1.813;0.147;0.196;1;1353676903
-55.392390;1.7639999;0.196;0.147;1;1353695290
-55.378474;1.7149999;0.147;0.147;1;1353709206
-55.342854;1.7149999;0.196;0.196;1;1353744826
-55.327383;1.813;0.098;0.147;1;1353760297
-55.306312;1.813;0.147;0.147;1;1353781368
-55.295116;1.7639999;0.147;0.147;1;1353792564
-55.284698;1.7639999;0.098;0.244999984;1;1353802982
-55.271969;1.7639999;0.098;0.196;1;1353815711
-55.258482;1.7639999;0.147;0.196;1;1353829198
-55.247807;1.813;0.098;0.147;1;1353839873
-55.231829;1.7639999;0.098;0.098;1;1353855851
-55.220611;1.813;0.098;0.196;1;1353867069
-55.186535;1.7639999;0.147;0.147;1;1353901145
-55.175129;1.813;0.098;0.147;1;1353912551
-55.162741;1.7639999;0.147;0.147;1;1353924939
-55.144346;1.7639999;0.147;0.196;1;1353943334
-55.133760;1.813;0.147;0.196;1;1353953920
-55.120014;1.813;0.147;0.196;1;1353967666
-55.109855;1.813;0.098;0.147;1;1353977825
-55.097980;1.7639999;0.147;0.147;1;1353989700
-55.074754;1.7149999;0.098;0.196;1;1354012926
-55.061504;1.7639999;0.147;0.147;1;1354026176
-55.049148;1.7149999;0.147;0.147;1;1354038532
-55.031157;1.7639999;0.196;0.196;1;1354056523
-55.010101;1.7639999;0.196;0.196;1;1354077579
-54.997309;1.7639999;0.147;0.196;1;1354090371
-54.985777;1.7639999;0.098;0.147;1;1354101903
-54.974392;1.7639999;0.098;0.147;1;1354113288
-54.917827;1.813;0.098;0.196;1;1354169853
-54.893062;1.7639999;0.147;0.147;1;1354194618
-54.881416;1.7639999;0.196;0.147;1;1354206264
-54.867307;1.7639999;0.147;0.196;1;1354220373
-54.842381;1.7149999;0.196;0.196;1;1354245299
-54.820895;1.7639999;0.098;0.196;1;1354266785
-54.807649;1.7639999;0.098;0.196;1;1354280031
-54.796184;1.813;0.098;0.147;1;1354291496
-54.773618;1.7639999;0.147;0.196;1;1354314062
-54.760319;1.7639999;0.147;0.244999984;1;1354327361
-54.722819;1.7639999;0.147;0.244999984;1;1354364861
-54.708782;1.7149999;0.147;0.196;1;1354378898
-54.696518;1.7639999;0.147;0.147;1;1354391162
-54.674119;1.7639999;0.147;0.196;1;1354413561
-54.660480;1.7639999;0.147;0.244999984;1;1354427200
-54.649847;1.7639999;0.196;0.196;1;1354437833
-54.636693;1.7639999;0.098;0.147;1;1354450987
-54.621802;1.7149999;0.147;0.098;1;1354465878
-54.605572;1.7639999;0.147;0.147;1;1354482108
-54.591312;1.7639999;0.147;0.196;1;1354496368
-54.577667;1.7639999;0.098;0.196;1;1354510013
-54.563284;1.813;0.147;0.147;1;1354524396
-54.552124;1.666;0.196;0.196;1;1354535556
-54.539905;1.7639999;0.147;0.196;1;1354547775
-54.521806;1.7639999;0.098;0.147;1;1354565874
-54.475403;1.813;0.098;0.147;1;1354612277
-54.456110;1.7149999;0.147;0.147;1;1354631570
-54.441119;1.7639999;0.098;0.098;1;1354646561
-54.426348;1.813;0.098;0.147;1;1354661332
-54.411656;1.813;0.147;0.196;1;1354676024
-54.395168;1.7639999;0.147;0.098;1;1354692512
-54.381869;1.7639999;0.147;0.196;1;1354705811
-54.370402;1.7639999;0.196;0.196;1;1354717278
-54.354761;1.7639999;0.098;0.196;1;1354732919
-54.339939;1.7639999;0.098;0.147;1;1354747741
-54.327392;1.813;0.098;0.196;1;1354760288
-54.315901;1.813;0.098;0.147;1;1354771779
-54.301691;1.7639999;0.147;0.147;1;1354785989
-54.278776;1.7639999;0.196;0.147;1;1354808904
-54.267665;1.813;0.098;0.244999984;1;1354820015
-54.250915;1.7639999;0.147;0.147;1;1354836765
-54.238465;1.7639999;0.147;0.147;1;1354849215
-54.227761;1.7639999;0.147;0.196;1;1354859919
-54.202885;1.7149999;0.147;0.196;1;1354884795
-54.187077;1.7639999;0.098;0.196;1;1354900603
-54.175755;1.813;0.098;0.147;1;1354911925
-54.164265;1.7639999;0.147;0.147;1;1354923415
-54.153654;1.7639999;0.098;0.196;1;1354934026
-54.139636;1.7639999;0.098;0.196;1;1354948044
-54.128648;1.7639999;0.098;0.147;1;1354959032
-54.115441;1.7639999;0.196;0.196;1;1354972239
-54.104936;1.813;0.147;0.196;1;1354982744
-54.093544;1.7639999;0.098;0.244999984;1;1354994136
-54.081722;1.813;0.196;0.196;1;1355005958
-54.048269;1.7149999;0.196;0.098;1;1355039411
-54.027968;1.7639999;0.147;0.196;1;1355059712
-54.016560;1.813;0.147;0.147;1;1355071120
-54.005608;1.7639999;0.098;0.147;1;1355082072
-53.994806;1.7639999;0.098;0.196;1;1355092874
-53.977163;1.7639999;0.098;0.196;1;1355110517
-53.966954;1.7639999;0.147;0.196;1;1355120726
-53.955526;1.813;0.098;;1;1355132154
-53.944382;1.7639999;0.098;0.196;1;1355143298
-53.929722;1.813;0.147;0.196;1;1355157958
-53.900063;1.7639999;0.098;0.196;1;1355187617
-53.888111;1.7639999;0.098;0.196;1;1355199569
-53.875512;1.7639999;0.196;0.196;1;1355212168
-53.864750;1.7149999;0.147;0.196;1;1355222930
-53.851589;1.7639999;0.147;0.196;1;1355236091
-53.840955;1.7639999;0.098;0.196;1;1355246725
-53.826615;1.7639999;0.049;0.098;1;1355261065
-53.811241;1.7639999;0.098;0.196;1;1355276439
-53.797866;1.813;0.147;0.196;1;1355289814
-53.785737;1.7639999;0.147;0.196;1;1355301943
-53.773359;1.7639999;0.147;0.147;1;1355314321
-53.762965;1.7639999;0.098;0.196;1;1355324715
-53.750782;1.7639999;0.147;0.196;1;1355336898
-53.729866;1.7639999;0.147;0.147;1;1355357814
-53.718813;1.7639999;0.098;0.147;1;1355368867
-53.702742;1.813;0.147;0.196;1;1355384938
-53.678066;1.7639999;0.147;0.244999984;1;1355409614
-53.666918;1.7639999;0.098;0.196;1;1355420762
-53.651265;1.7639999;0.098;0.196;1;1355436415
-53.640682;1.813;0.196;0.147;1;1355446998
-53.600379;1.7639999;0.098;0.196;1;1355487301
-53.585224;1.813;0.147;0.147;1;1355502456
-53.566675;1.7639999;0.147;0.147;1;1355521005
-53.549653;1.813;0.147;0.196;1;1355538027
-53.531621;1.7639999;0.147;0.196;1;1355556059
-53.520628;1.7639999;0.147;0.196;1;1355567052
-53.500892;1.7639999;0.098;0.196;1;1355586788
-53.485266;1.813;0.147;0.196;1;1355602414
-53.474722;1.7639999;0.147;0.196;1;1355612958
-53.461621;1.813;0.147;0.196;1;1355626059
-53.443297;1.813;0.098;0.196;1;1355644383
-53.432938;1.7639999;0.147;0.196;1;1355654742
-53.408511;1.813;0.098;0.147;1;1355679169
-53.397788;1.7639999;0.147;0.196;1;1355689892
-53.378918;1.7639999;0.098;0.196;1;1355708762
-53.367684;1.7639999;0.147;0.196;1;1355719996
-53.353512;1.7639999;0.098;0.196;1;1355734168
-53.332899;1.7639999;0.147;0.147;1;1355754781
-53.312827;1.813;0.098;0.147;1;1355774853
-53.298793;1.7639999;0.147;0.196;1;1355788887
-53.262575;1.7639999;0.147;0.147;1;1355825105
-53.249365;1.813;0.147;0.147;1;1355838315
-53.238053;1.7639999;0.147;0.147;1;1355849627
-53.212886;1.7639999;0.147;0.196;1;1355874794
-53.199779;1.7639999;0.147;0.147;1;1355887901
-53.167066;1.7639999;0.147;0.147;1;1355920614
-53.145545;1.7639999;0.196;0.147;1;1355942135
-53.134653;1.7149999;0.196;0.147;1;1355953027
-53.109927;1.7639999;0.147;0.147;1;1355977753
-53.096662;1.7639999;0.098;0.196;1;1355991018
-53.080864;1.7149999;0.147;0.147;1;1356006816
-53.068104;1.7639999;0.147;0.196;1;1356019576
-53.045960;1.7639999;0.147;0.196;1;1356041720
-53.029432;1.7639999;0.147;0.196;1;1356058248
-53.012908;1.7639999;0.098;0.244999984;1;1356074772
-52.999989;1.7639999;0.098;0.147;1;1356087691
-52.988925;1.813;0.098;0.196;1;1356098755
-52.977365;1.7639999;0.098;0.147;1;1356110315
-52.966725;1.7639999;0.098;0.196;1;1356120955
-52.952653;1.7639999;0.147;0.147;1;1356135027
-52.941630;1.813;0.098;0.244999984;1;1356146050
-52.929260;1.813;0.147;0.147;1;1356158420
-52.913334;1.7639999;0.147;0.147;1;1356174346
-52.899265;1.7639999;0.147;0.147;1;1356188415
-52.877497;1.7639999;0.098;0.196;1;1356210183
-52.866751;1.7149999;0.147;0.244999984;1;1356220929
-52.844760;1.7639999;0.098;0.147;1;1356242920
-52.828617;1.7639999;0.098;0.196;1;1356259063
-52.814883;1.7639999;0.147;0.196;1;1356272797
-52.803547;1.7639999;0.147;0.196;1;1356284133
-52.792886;1.7639999;0.098;0.147;1;1356294794
-52.779638;1.7639999;0.147;0.196;1;1356308042
-52.742745;1.7149999;0.147;0.196;1;1356344935
-52.719204;1.7639999;0.147;0.196;1;1356368476
-52.703577;1.813;0.147;0.147;1;1356384103
-52.692705;1.813;0.049;0.196;1;1356394975
-52.678954;1.7639999;0.147;0.196;1;1356408726
-52.667813;1.7639999;0.098;0.196;1;1356419867
-52.653533;1.7639999;0.098;0.147;1;1356434147
-52.631315;1.7639999;0.147;0.196;1;1356456365
-52.620559;1.7639999;0.147;0.196;1;1356467121
-52.606674;1.813;0.147;0.147;1;1356481006
-52.594875;1.813;0.147;0.196;1;1356492805
-52.580822;1.7639999;0.147;0.196;1;1356506858
-52.564942;1.7639999;0.147;0.196;1;1356522738
-52.548010;1.7639999;0.098;0.196;1;1356539670
-52.532504;1.7639999;0.098;0.147;1;1356555176
-52.487920;1.7639999;0.147;0.196;1;1356599760
-52.476933;1.7639999;0.098;0.147;1;1356610747
-52.463668;1.7639999;0.147;0.196;1;1356624012
-52.441649;1.813;0.098;0.196;1;1356646031
-52.427891;1.7639999;0.098;0.196;1;1356659789
-52.416619;1.7639999;0.098;0.196;1;1356671061
-52.391657;1.7149999;0.147;0.147;1;1356696023
-52.377736;1.7639999;0.147;0.147;1;1356709944
-52.364792;1.7639999;0.098;0.147;1;1356722888
-52.350881;1.7639999;0.098;0.147;1;1356736799
-52.332440;1.813;0.098;0.196;1;1356755240
-52.319975;1.7639999;0.147;0.196;1;1356767705
-52.307347;1.7639999;0.196;0.147;1;1356780333
-52.277625;1.7639999;0.098;0.196;1;1356810055
-52.263090;1.7639999;0.147;0.196;1;1356824590
-52.233086;1.7639999;0.147;0.196;1;1356854594
-52.220145;1.7639999;0.147;0.196;1;1356867535
-52.199344;1.7639999;0.196;0.196;1;1356888336
-52.188776;1.7639999;0.147;0.147;1;1356898904
-52.177153;1.7149999;0.147;0.244999984;1;1356910527
-52.165930;1.7639999;0.098;0.196;1;1356921750
-52.142849;1.813;0.098;0.147;1;1356944831
-52.128759;1.7639999;0.098;0.147;1;1356958921
-52.116022;1.7639999;0.196;0.196;1;1356971658
-52.102974;1.7639999;0.147;0.147;1;1356984706
-52.091275;1.7639999;0.098;0.147;1;1356996405
-52.078409;1.7639999;0.147;0.098;1;1357009271
-52.065437;1.7639999;0.147;0.147;1;1357022243
-52.053053;1.813;0.147;0.147;1;1357034627
-52.042859;1.7149999;0.196;0.196;1;1357044821
-52.031813;1.7639999;0.147;0.098;1;1357055867
-52.010152;1.7149999;0.147;0.244999984;1;1357077528
-51.995540;1.7639999;0.147;0.147;1;1357092140
-51.983130;1.7149999;0.147;0.196;1;1357104550
-51.972899;1.7639999;0.147;0.147;1;1357114781
-51.961400;1.813;0.147;0.147;1;1357126280
-51.946873;1.813;0.098;0.196;1;1357140807
-51.931324;1.7639999;0.147;0.196;1;1357156356
-51.911668;1.7639999;0.098;0.147;1;1357176012
-51.897098;1.7639999;0.196;0.147;1;1357190582
-51.886120;1.7639999;0.098;0.196;1;1357201560
-51.874898;1.7639999;0.147;0.147;1;1357212782
-51.829694;1.7639999;0.147;0.196;1;1357257986
-51.816886;1.7149999;0.147;0.147;1;1357270794
-51.801639;1.813;0.098;0.147;1;1357286041
-51.778569;1.7639999;0.147;0.196;1;1357309111
-51.766646;1.813;0.147;0.147;1;1357321034
-51.749039;1.813;0.098;0.196;1;1357338641
-51.732886;1.7639999;0.147;0.147;1;1357354794
-51.720938;1.7639999;0.098;0.147;1;1357366742
-51.702852;1.813;0.147;0.196;1;1357384828
-51.688475;1.7639999;0.147;0.147;1;1357399205
-51.672812;1.7639999;0.049;0.147;1;1357414868
-51.629258;1.7639999;0.147;0.196;1;1357458422
-51.618658;1.7639999;0.147;0.147;1;1357469022
-51.607134;1.813;0.147;0.147;1;1357480546
-51.596922;1.813;0.147;0.147;1;1357490758
-51.578029;1.7639999;0.196;0.196;1;1357509651
-51.561834;1.7639999;0.196;0.196;1;1357525846
-51.547428;1.7639999;0.098;0.196;1;1357540252
-51.533909;1.7639999;0.098;0.196;1;1357553771
-51.511809;1.7639999;0.147;0.147;1;1357575871
-51.498708;1.7639999;0.147;0.147;1;1357588972
-51.487779;1.813;0.147;0.147;1;1357599901
-51.473063;1.862;0.098;0.196;1;1357614617
-51.450784;1.813;0.147;0.098;1;1357636896
-51.438336;1.813;0.098;0.147;1;1357649344
-51.427661;1.7639999;0.098;0.244999984;1;1357660019
-51.374477;1.7639999;0.147;0.147;1;1357713203
-51.361991;1.7639999;0.147;0.147;1;1357725689
-51.344868;1.813;0.147;0.147;1;1357742812
-51.331357;1.7639999;0.147;0.196;1;1357756323
-51.321036;1.7639999;0.196;0.196;1;1357766644
-51.308396;1.7639999;0.244999984;0.244999984;1;1357779284
-51.297791;1.7639999;0.147;0.196;1;1357789889
-51.281704;1.7639999;0.147;0.196;1;1357805976
-51.270350;1.813;0.196;0.147;1;1357817330
-51.240437;1.7639999;0.098;0.196;1;1357847243
-51.215415;1.7639999;0.098;0.196;1;1357872265
-51.199777;1.7639999;0.147;0.196;1;1357887903
-51.177802;1.7639999;0.098;0.196;1;1357909878
-51.165569;1.813;0.098;0.196;1;1357922111
-51.149802;1.7149999;0.147;0.196;1;1357937878
-51.138723;1.813;0.147;0.147;1;1357948957
-51.125329;1.7149999;0.098;0.196;1;1357962351
-51.114658;1.7639999;0.196;0.196;1;1357973022
-51.100489;1.7149999;0.196;0.196;1;1357987191
-51.077883;1.7639999;0.098;0.147;1;1358009797
-51.065185;1.7149999;0.196;0.147;1;1358022495
-51.051756;1.7639999;0.147;0.147;1;1358035924
-51.040745;1.862;0.098;0.196;1;1358046935
-51.028603;1.7639999;0.098;0.147;1;1358059077
-50.983170;1.7639999;0.196;0.147;1;1358104510
-50.968527;1.7639999;0.147;0.098;1;1358119153
-50.941813;1.7639999;0.196;0.244999984;1;1358145867
-50.929158;1.813;0.147;0.147;1;1358158522
-50.916806;1.7639999;0.098;0.196;1;1358170874
-50.901729;1.7639999;0.147;0.196;1;1358185951
-50.887473;1.813;0.098;0.147;1;1358200207
-50.875711;1.7639999;0.098;0.196;1;1358211969
-50.863610;1.7639999;0.098;0.147;1;1358224070
-50.852593;1.7639999;0.147;0.196;1;1358235087
-50.839262;1.813;0.098;0.147;1;1358248418
-50.827563;1.7639999;0.147;0.147;1;1358260117
-50.810692;1.7149999;0.147;0.196;1;1358276988
-50.791325;1.7149999;0.147;0.196;1;1358296355
-50.776247;1.7639999;0.147;0.196;1;1358311433
-50.765351;1.7639999;0.147;0.196;1;1358322329
-50.751488;1.7639999;0.098;0.147;1;1358336192
-50.729784;1.7639999;0.147;0.196;1;1358357896
-50.711699;1.7639999;0.098;0.147;1;1358375981
-50.698658;1.7639999;0.098;0.147;1;1358389022
-50.687328;1.7639999;0.098;0.196;1;1358400352
-50.675341;1.7639999;0.147;0.147;1;1358412339
-50.664075;1.7639999;0.147;0.196;1;1358423605
-50.650118;1.7639999;0.098;0.196;1;1358437562
-50.636397;1.7639999;0.147;0.196;1;1358451283
-50.625607;1.813;0.098;0.147;1;1358462073
-50.601687;1.7639999;0.196;0.147;1;1358485993
-50.587925;1.813;0.147;0.196;1;1358499755
-50.569823;1.7639999;0.147;0.147;1;1358517857
-50.525327;1.813;0.098;0.196;1;1358562353
-50.505554;1.813;0.098;0.147;1;1358582126
-50.494122;1.7639999;0.147;0.147;1;1358593558
-50.482244;1.813;0.098;0.196;1;1358605436
-50.471725;1.7149999;0.147;0.196;1;1358615955
-50.455420;1.7639999;0.147;0.147;1;1358632260
-50.444166;1.7639999;0.147;0.196;1;1358643514
-50.433798;1.7639999;0.147;0.147;1;1358653882
-50.411854;1.7149999;0.147;0.147;1;1358675826
-50.398732;1.7639999;0.098;0.147;1;1358688948
-50.374109;1.7639999;0.196;0.196;1;1358713571
-50.362582;1.813;0.147;0.196;1;1358725098
-50.351867;1.7639999;0.196;0.196;1;1358735813
-50.340692;1.7639999;0.147;0.196;1;1358746988
-50.328506;1.7639999;0.196;0.244999984;1;1358759174
-50.311417;1.7639999;0.147;0.244999984;1;1358776263
-50.295558;1.813;0.098;0.196;1;1358792122
-50.284458;1.7639999;0.147;0.147;1;1358803222
-50.271644;1.7639999;0.098;0.147;1;1358816036
-50.252612;1.7639999;0.098;0.196;1;1358835068
-50.241941;1.813;0.098;0.196;1;1358845739
-50.229782;1.813;0.147;0.196;1;1358857898
-50.212928;1.7639999;0.098;0.196;1;1358874752
-50.199705;1.813;0.147;0.147;1;1358887975
-50.188940;1.7639999;0.098;0.196;1;1358898740
-50.177720;1.862;0.098;0.196;1;1358909960
-50.166824;1.7639999;0.147;0.196;1;1358920856
-50.148121;1.7149999;0.147;0.196;1;1358939559
-50.136886;1.813;0.147;0.147;1;1358950794
-50.105180;1.7639999;0.098;0.147;1;1358982500
-50.093182;1.7639999;0.098;0.098;1;1358994498
-50.076472;1.7639999;0.147;0.196;1;1359011208
-50.065681;1.813;0.147;0.147;1;1359021999
-50.047538;1.813;0.147;0.196;1;1359040142
-50.036873;1.813;0.098;0.196;1;1359050807
-50.024644;1.7639999;0.098;0.196;1;1359063036
-50.009149;1.813;0.098;0.196;1;1359078531
-49.997364;1.7639999;0.098;0.196;1;1359090316
-49.973614;1.7639999;0.098;0.147;1;1359114066
-49.962720;1.7149999;0.196;0.196;1;1359124960
-49.946235;1.7149999;0.147;0.147;1;1359141445
-49.935900;1.7639999;0.098;0.147;1;1359151780
-49.924596;1.813;0.147;0.147;1;1359163084
-49.885918;1.7639999;0.196;0.196;1;1359201762
-49.874317;1.7639999;0.098;0.147;1;1359213363
-49.862237;1.7639999;0.147;0.196;1;1359225443
-49.850298;1.7149999;0.147;0.147;1;1359237382
-49.838144;1.813;0.098;0.147;1;1359249536
-49.825512;1.7639999;0.196;0.196;1;1359262168
-49.814659;1.813;0.098;0.147;1;1359273021
-49.791799;1.7639999;0.147;0.147;1;1359295881
-49.774942;1.813;0.147;0.147;1;1359312738
-49.760993;1.7639999;0.147;0.147;1;1359326687
-49.747297;1.7639999;0.147;0.147;1;1359340383
-49.736910;1.7639999;0.098;0.196;1;1359350770
-49.721640;1.813;0.049;0.147;1;1359366040
-49.708692;1.813;0.147;0.147;1;1359378988
-49.691715;1.7639999;0.147;0.147;1;1359395965
-49.676803;1.7639999;0.049;0.147;1;1359410877
-49.641231;1.813;0.098;0.196;1;1359446449
-49.623007;1.7639999;0.147;0.147;1;1359464673
-49.598206;1.7639999;0.147;0.196;1;1359489474
-49.587715;1.7639999;0.196;0.244999984;1;1359499965
-49.574100;1.7149999;0.147;0.196;1;1359513580
-49.562769;1.813;0.098;0.196;1;1359524911
-49.544122;1.7639999;0.147;0.196;1;1359543558
-49.529705;1.7149999;0.147;0.196;1;1359557975
-49.498856;1.7639999;0.147;0.196;1;1359588824
-49.476105;1.7639999;0.098;0.147;1;1359611575
-49.464726;1.7639999;0.147;0.244999984;1;1359622954
-49.451470;1.7639999;0.098;0.196;1;1359636210
-49.432364;1.7639999;0.147;0.147;1;1359655316
-49.410706;1.7149999;0.147;0.244999984;1;1359676974
-49.396762;1.813;0.147;0.196;1;1359690918
-49.385921;1.7639999;0.147;0.196;1;1359701759
-49.374269;1.7639999;0.147;0.147;1;1359713411
-49.363118;1.7639999;0.147;0.147;1;1359724562
-49.350032;1.7639999;0.147;0.147;1;1359737648
-49.332912;1.7639999;0.147;0.196;1;1359754768
-49.319860;1.7639999;0.147;0.196;1;1359767820
-49.300809;1.7639999;0.147;0.196;1;1359786871
-49.278135;1.7149999;0.147;0.196;1;1359809545
-49.267666;1.7639999;0.098;0.196;1;1359820014
-49.252176;1.7639999;0.147;0.196;1;1359835504
-49.238296;1.7639999;0.147;0.196;1;1359849384
-49.206706;1.7639999;0.147;0.147;1;1359880974
-49.195630;1.813;0.147;0.196;1;1359892050
-49.178423;1.7639999;0.147;0.196;1;1359909257
-49.156625;1.813;0.098;0.196;1;1359931055
-49.143233;1.7639999;0.147;0.147;1;1359944447
-49.129548;1.7639999;0.147;0.196;1;1359958132
-49.103147;1.7639999;0.098;0.196;1;1359984533
-49.080210;1.813;0.098;0.196;1;1360007470
-49.069959;1.813;0.098;0.196;0;1360017721
-49.046754;1.7639999;0.147;0.147;1;1360040926
-49.031860;1.7639999;0.098;0.147;1;1360055820
-49.020725;1.7149999;0.147;0.196;1;1360066955
-49.008657;1.7639999;0.196;0.196;1;1360079023
-48.994823;1.813;0.098;0.196;1;1360092857
-48.979611;1.7639999;0.098;0.147;1;1360108069
-48.968864;1.7149999;0.147;0.147;1;1360118816
-48.942537;1.7149999;0.098;0.147;1;1360145143
-48.929618;1.813;0.147;0.196;1;1360158062
-48.912916;1.7639999;0.147;0.244999984;1;1360174764
-48.896653;1.813;0.098;0.147;1;1360191027
-48.874352;1.7639999;0.147;0.098;1;1360213328
-48.863854;1.7149999;0.147;0.147;1;1360223826
-48.850129;1.813;0.147;0.196;1;1360237551
-48.821425;1.7639999;0.147;0.196;1;1360266255
-48.806449;1.813;0.147;0.196;1;1360281231
-48.794248;1.7639999;0.147;0.196;1;1360293432
-48.777086;1.7639999;0.098;0.147;1;1360310594
-48.760939;1.813;0.147;0.196;1;1360326741
-48.748841;1.7639999;0.147;0.196;1;1360338839
-48.735980;1.7639999;0.147;0.196;1;1360351700
-48.721647;1.7639999;0.147;0.147;1;1360366033
-48.706805;1.7639999;0.147;0.196;1;1360380875
-48.695505;1.7639999;0.147;0.147;1;1360392175
-48.684446;1.7639999;0.098;0.147;1;1360403234
-48.672831;1.7149999;0.098;0.147;1;1360414849
-48.645985;1.7639999;0.147;0.147;1;1360441695
-48.634683;1.7639999;0.098;0.244999984;1;1360452997
-48.611775;1.7149999;0.098;0.244999984;1;1360475905
-48.596617;1.7639999;0.098;0.196;1;1360491063
-48.585213;1.7639999;0.147;0.147;1;1360502467
-48.573214;1.7639999;0.098;0.147;1;1360514466
-48.561946;1.7639999;0.147;0.147;1;1360525734
-48.547007;1.7639999;0.147;0.196;1;1360540673
-48.534596;1.7639999;0.147;0.196;1;1360553084
-48.501735;1.7639999;0.147;0.244999984;1;1360585945
-48.487920;1.813;0.098;0.147;1;1360599760
-48.471982;1.862;0.098;0.196;1;1360615698
-48.460758;1.7639999;0.098;0.147;1;1360626922
-48.449895;1.7149999;0.196;0.196;1;1360637785
-48.436480;1.7639999;0.196;0.147;1;1360651200
-48.424315;1.7639999;0.098;0.147;1;1360663365
-48.402475;1.7639999;0.196;0.147;1;1360685205
-48.370040;1.7639999;0.098;0.196;1;1360717640
-48.355198;1.7639999;0.147;0.196;1;1360732482
-48.344607;1.7639999;0.196;0.147;1;1360743073
-48.331736;1.813;0.098;0.147;1;1360755944
-48.319052;1.7639999;0.147;0.147;1;1360768628
-48.286922;1.7639999;0.147;0.244999984;1;1360800758
-48.274804;1.7639999;0.147;0.196;1;1360812876
-48.262325;1.7639999;0.147;0.196;1;1360825355
-48.250049;1.7639999;0.196;0.196;1;1360837631
-48.231582;1.7639999;0.147;0.196;1;1360856098
-48.220760;1.7639999;0.098;0.196;1;1360866920
-48.201674;1.7149999;0.147;0.147;1;1360886006
-48.186683;1.813;0.147;0.147;1;1360900997
-48.174575;1.7639999;0.098;0.196;1;1360913105
-48.161371;1.7639999;0.196;0.196;1;1360926309
-48.150435;1.7639999;0.147;0.147;1;1360937245
-48.137607;1.813;0.147;0.147;1;1360950073
-48.126442;1.7639999;0.147;0.147;1;1360961238
-48.113881;1.7639999;0.098;0.196;1;1360973799
-48.091648;1.813;0.098;0.147;1;1360996032
-48.078862;1.813;0.147;0.196;1;1361008818
-48.062686;1.7639999;0.196;0.147;1;1361024994
-48.048070;1.7639999;0.196;0.147;1;1361039610
-48.035539;1.7639999;0.147;0.196;1;1361052141
-48.009845;1.813;0.098;0.196;1;1361077835
-47.998396;1.813;0.147;0.196;1;1361089284
-47.984932;1.813;0.098;0.147;1;1361102748
-47.973305;1.7639999;0.147;0.147;1;1361114375
-47.961528;1.7639999;0.147;0.196;1;1361126152
-47.920447;1.7639999;0.098;0.147;1;1361167233
-47.908617;1.7639999;0.147;0.147;1;1361179063
-47.896971;1.7639999;0.098;0.196;1;1361190709
-47.885983;1.813;0.098;0.147;1;1361201697
-47.872829;1.7639999;0.147;0.196;1;1361214851
-47.861931;1.7639999;0.147;0.196;1;1361225749
-47.848098;1.7639999;0.098;0.196;1;1361239582
-47.822913;1.7639999;0.147;0.196;1;1361264767
-47.804233;1.813;0.098;0.196;1;1361283447
-47.780936;1.7639999;0.147;0.196;1;1361306744
-47.768040;1.7639999;0.098;0.147;1;1361319640
-47.741904;1.7639999;0.098;0.196;1;1361345776
-47.730947;1.7149999;0.196;0.196;1;1361356733
-47.709683;1.813;0.098;0.147;1;1361377997
-47.697712;1.7149999;0.098;0.196;1;1361389968
-47.685755;1.813;0.098;0.147;1;1361401925
-47.673387;1.7639999;0.098;0.196;1;1361414293
-47.659123;1.7639999;0.098;0.147;1;1361428557
-47.608465;1.813;0.147;0.196;1;1361479215
-47.596599;1.813;0.147;0.147;1;1361491081
-47.574959;1.7639999;0.196;0.147;1;1361512721
-47.548874;1.7149999;0.147;0.196;1;1361538806
-47.528582;1.813;0.098;0.196;1;1361559098
-47.484812;1.7639999;0.098;0.147;1;1361602868
-47.471463;1.813;0.147;0.147;1;1361616217
-47.458123;1.813;0.147;0.196;1;1361629557
-47.442994;1.7639999;0.196;0.147;1;1361644686
-47.431754;1.813;0.147;0.196;1;1361655926
-47.412904;1.7639999;0.098;0.196;1;1361674776
-47.401643;1.7639999;0.098;0.098;1;1361686037
-47.390696;1.7639999;0.147;0.147;1;1361696984
-47.375553;1.813;0.098;0.196;1;1361712127
-47.364334;1.813;0.147;0.147;1;1361723346
-47.353679;1.7639999;0.147;0.196;1;1361734001
-47.340918;1.7639999;0.098;0.147;1;1361746762
-47.327344;1.7639999;0.147;0.147;1;1361760336
-47.314960;1.7639999;0.147;0.196;1;1361772720
-47.302291;1.7149999;0.196;0.196;1;1361785389
-47.281699;1.7149999;0.147;0.196;1;1361805981
-47.267803;1.7639999;0.147;0.147;1;1361819877
-47.249521;1.7639999;0.147;0.196;1;1361838159
-47.238710;1.7639999;0.147;0.196;1;1361848970
-47.212903;1.7639999;0.147;0.196;1;1361874777
-47.194867;1.7149999;0.147;0.147;1;1361892813
-47.183790;1.7639999;0.098;0.147;1;1361903890
-47.172729;1.7639999;0.147;0.196;1;1361914951
-47.161311;1.813;0.098;0.196;1;1361926369
-47.147618;1.813;0.147;0.147;1;1361940062
-47.085218;1.7639999;0.098;0.147;1;1362002462
-47.072255;1.7639999;0.098;0.147;1;1362015425
-47.052320;1.862;0.098;0.147;1;1362035360
-47.011714;1.813;0.098;0.147;1;1362075966
-46.998159;1.7639999;0.147;0.196;1;1362089521
-46.986559;1.7639999;0.147;0.196;1;1362101121
-46.974622;1.7639999;0.196;0.196;1;1362113058
-46.963159;1.813;0.147;0.196;1;1362124521
-46.942705;1.7639999;0.147;0.244999984;1;1362144975
-46.919197;1.7639999;0.098;0.147;1;1362168483
-46.907877;1.813;0.098;0.196;1;1362179803
-46.893658;1.813;0.098;0.147;1;1362194022
-46.882899;1.7639999;0.098;0.147;1;1362204781
-46.870799;1.813;0.098;0.147;1;1362216881
-46.859031;1.7149999;0.196;0.244999984;1;1362228649
-46.844922;1.813;0.098;0.196;1;1362242758
-46.833747;1.7149999;0.147;0.244999984;1;1362253933
-46.810084;1.813;0.147;0.196;1;1362277596
-46.797333;1.7639999;0.147;0.147;1;1362290347
-46.774929;1.7639999;0.196;0.196;1;1362312751
-46.763753;1.7639999;0.147;0.147;1;1362323927
-46.749768;1.7639999;0.098;0.147;1;1362337912
-46.735484;1.7639999;0.147;0.196;1;1362352196
-46.712563;1.7149999;0.098;0.196;1;1362375117
-46.674654;1.7639999;0.098;0.196;1;1362413026
-46.663410;1.813;0.049;0.196;1;1362424270
-46.651780;1.7149999;0.098;0.147;1;1362435900
-46.638333;1.7639999;0.098;0.147;1;1362449347
-46.626645;1.813;0.196;0.196;1;1362461035
-46.615476;1.813;0.147;0.147;1;1362472204
-46.590995;1.813;0.147;0.196;1;1362496685
-46.574802;1.813;0.147;0.196;1;1362512878
-46.562983;1.7149999;0.147;0.147;1;1362524697
-46.551588;1.813;0.098;0.196;1;1362536092
-46.538634;1.813;0.098;0.244999984;1;1362549046
-46.517830;1.7149999;0.196;0.244999984;1;1362569850
-46.498323;1.7149999;0.147;0.244999984;1;1362589357
-46.486506;1.813;0.098;0.196;1;1362601174
-46.474728;1.7639999;0.098;0.147;1;1362612952
-46.462594;1.7149999;0.147;0.147;1;1362625086
-46.448925;1.7639999;0.098;0.147;1;1362638755
-46.430642;1.813;0.147;0.196;1;1362657038
-46.417723;1.7639999;0.098;0.147;1;1362669957
-46.401922;1.813;0.098;0.244999984;1;1362685758
-46.378295;1.7639999;0.098;0.196;1;1362709385
-46.367915;1.7639999;0.098;0.196;1;1362719765
-46.355601;1.7639999;0.147;0.196;1;1362732079
-46.344966;1.7639999;0.147;0.147;1;1362742714
-46.330784;1.7639999;0.098;0.147;1;1362756896
-46.313902;1.7639999;0.147;0.196;1;1362773778
-46.302549;1.7149999;0.147;0.147;1;1362785131
-46.291896;1.813;0.098;0.196;1;1362795784
-46.277018;1.7639999;0.098;0.196;1;1362810662
-46.264633;1.7639999;0.147;0.147;1;1362823047
-46.230048;1.7149999;0.147;0.098;1;1362857632
-46.209806;1.7639999;0.147;0.196;1;1362877874
-46.196061;1.7639999;0.098;0.196;1;1362891619
-46.173240;1.813;0.147;0.196;1;1362914440
-46.161559;1.7149999;0.147;0.196;1;1362926121
-46.150542;1.7639999;0.147;0.147;1;1362937138
-46.134956;1.7639999;0.147;0.147;1;1362952724
-46.123358;1.7639999;0.098;0.147;1;1362964322
-46.112230;1.813;0.098;0.196;1;1362975450
-46.101794;1.7639999;0.147;0.196;1;1362985886
-46.084622;1.7639999;0.098;0.196;1;1363003058
-46.072530;1.7639999;0.196;0.196;1;1363015150
-46.061157;1.7639999;0.147;0.196;1;1363026523
-46.050845;1.7149999;0.147;0.147;1;1363036835
-46.036595;1.7639999;0.098;0.196;1;1363051085
-46.023792;1.813;0.147;0.196;1;1363063888
-46.012130;1.7639999;0.147;0.196;1;1363075550
-46.001150;1.7639999;0.098;0.196;1;1363086530
-45.984894;1.7639999;0.098;0.196;1;1363102786
-45.973822;1.7639999;0.147;0.147;1;1363113858
-45.961408;1.7149999;0.098;0.196;1;1363126272
-45.942643;1.7149999;0.098;0.147;1;1363145037
-45.931880;1.7639999;0.147;0.196;1;1363155800
-45.919244;1.7639999;0.147;0.147;1;1363168436
-45.906360;1.7639999;0.147;0.196;1;1363181320
-45.879885;1.813;0.147;0.196;1;1363207795
-45.867408;1.7639999;0.147;0.147;1;1363220272
-45.842850;1.7639999;0.147;0.196;1;1363244830
-45.805420;1.7639999;0.098;0.147;1;1363282260
-45.779983;1.7149999;0.196;0.147;1;1363307697
-45.751279;1.7149999;0.147;0.196;1;1363336401
-45.740329;1.862;0.147;0.196;1;1363347351
-45.729689;1.7149999;0.147;0.196;1;1363357991
-45.704178;1.7639999;0.098;0.147;1;1363383502
-45.693386;1.813;0.049;0.147;1;1363394294
-45.681010;1.813;0.147;0.196;1;1363406670
-45.670856;1.7149999;0.147;0.196;1;1363416824
-45.645747;1.813;0.196;0.196;1;1363441933
-45.629961;1.7149999;0.098;0.244999984;1;1363457719
-45.612374;1.7639999;0.147;0.196;1;1363475306
-45.601396;1.813;0.098;0.196;1;1363486284
-45.575319;1.7639999;0.147;0.196;1;1363512361
-45.545875;1.7149999;0.098;0.244999984;1;1363541805
-45.532833;1.7639999;0.098;0.147;1;1363554847
-45.506156;1.7639999;0.098;0.196;1;1363581524
-45.495078;1.813;0.098;0.147;1;1363592602
-45.483986;1.7639999;0.147;0.147;1;1363603694
-45.472845;1.7639999;0.147;0.147;1;1363614835
-45.460858;1.7639999;0.147;0.147;1;1363626822
-45.444875;1.7639999;0.147;0.147;1;1363642805
-45.431607;1.7639999;0.147;0.196;1;1363656073
-45.421031;1.7149999;0.098;0.147;1;1363666649
-45.404429;1.7639999;0.098;0.196;1;1363683251
-45.374437;1.7639999;0.147;0.244999984;1;1363713243
-45.350000;1.7639999;0.147;0.147;1;1363737680
-45.328184;1.7149999;0.196;0.196;1;1363759496
-45.306827;1.7639999;0.147;0.147;1;1363780853
-45.292837;1.7639999;0.147;0.196;1;1363794843
-45.279156;1.7639999;0.098;0.196;1;1363808524
-45.268764;1.7149999;0.147;0.196;1;1363818916
-45.253774;1.7149999;0.098;0.147;1;1363833906
-45.242156;1.7639999;0.147;0.196;1;1363845524
-45.229996;1.7639999;0.098;0.196;1;1363857684
-45.212909;1.7639999;0.147;0.147;1;1363874771
-45.199628;1.7639999;0.098;0.147;1;1363888052
-45.188426;1.7639999;0.147;0.147;1;1363899254
-45.176293;1.7639999;0.147;0.147;1;1363911387
-45.164235;1.813;0.147;0.196;1;1363923445
-45.148364;1.7639999;0.147;0.196;1;1363939316
-45.137958;1.813;0.147;0.196;1;1363949722
-45.124726;1.7639999;0.147;0.196;1;1363962954
-45.113873;1.7639999;0.147;0.244999984;1;1363973807
-45.099612;1.7639999;0.147;0.196;1;1363988068
-45.077427;1.813;0.098;0.147;1;1364010253
-45.066912;1.7639999;0.147;0.196;1;1364020768
-45.041891;1.7639999;0.196;0.147;1;1364045789
-45.028818;1.7149999;0.147;0.147;1;1364058862
-45.011787;1.7149999;0.147;0.196;1;1364075893
-45.000398;1.7149999;0.098;0.147;1;1364087282
-44.974930;1.7639999;0.147;0.196;1;1364112750
-44.944513;1.7639999;0.147;0.244999984;1;1364143167
-44.929431;1.813;0.147;0.196;1;1364158249
-44.911289;1.7149999;0.196;0.147;1;1364176391
-44.891486;1.7639999;0.147;0.147;1;1364196194
-44.864941;1.7149999;0.098;0.147;1;1364222739
-44.849477;1.7639999;0.098;0.098;1;1364238203
-44.837937;1.7639999;0.147;0.196;1;1364249743
-44.801634;1.7639999;0.098;0.147;1;1364286046
-44.776252;1.7639999;0.147;0.147;1;1364311428
-44.765498;1.7639999;0.147;0.147;1;1364322182
-44.749021;1.7639999;0.098;0.196;1;1364338659
-44.734079;1.7639999;0.147;0.196;1;1364353601
-44.701728;1.813;0.147;0.147;1;1364385952
-44.671771;1.7639999;0.098;0.147;1;1364415909
-44.660180;1.7639999;0.098;0.147;1;1364427500
-44.645859;1.7639999;0.196;0.147;1;1364441821
-44.618407;1.7639999;0.147;0.196;1;1364469273
-44.606275;1.7149999;0.098;0.196;1;1364481405
-44.594706;1.7639999;0.147;0.147;1;1364492974
-44.583139;1.7149999;0.196;0.147;1;1364504541
-44.572600;1.7639999;0.196;0.147;1;1364515080
-44.555409;1.7639999;0.098;0.147;1;1364532271
-44.541672;1.7639999;0.098;0.147;1;1364546008
-44.521662;1.7639999;0.098;0.196;1;1364566018
-44.481770;1.7639999;0.098;0.147;1;1364605910
-44.467479;1.7639999;0.147;0.147;1;1364620201
-44.452102;1.7639999;0.147;0.147;1;1364635578
-44.429024;1.7639999;0.098;0.196;1;1364658656
-44.410094;1.813;0.098;0.147;1;1364677586
-44.396255;1.813;0.147;0.147;1;1364691425
-44.385141;1.7639999;0.098;0.196;1;1364702539
-44.370722;1.7639999;0.147;0.147;1;1364716958
-44.358737;1.7149999;0.098;0.196;1;1364728943
-44.347051;1.7639999;0.147;0.196;1;1364740629
-44.334874;1.7639999;0.147;0.196;1;1364752806
-44.311613;1.813;0.147;0.147;1;1364776067
-44.297964;1.7639999;0.147;0.196;1;1364789716
-44.285368;1.7639999;0.147;0.196;1;1364802312
-44.272572;1.813;0.196;0.147;1;1364815108
-44.261399;1.7639999;0.098;0.147;1;1364826281
-44.246399;1.7639999;0.147;0.147;1;1364841281
-44.220635;1.7639999;0.196;0.147;1;1364867045
-44.207260;1.7639999;0.147;0.196;1;1364880420
-44.196384;1.7639999;0.196;0.196;1;1364891296
-44.184813;1.7639999;0.098;0.196;1;1364902867
-44.173824;1.7639999;0.147;0.147;1;1364913856
-44.162938;1.7639999;0.098;0.147;1;1364924742
-44.151434;1.813;0.098;0.244999984;1;1364936246
-44.136018;1.7639999;0.147;0.196;1;1364951662
-44.124795;1.7639999;0.147;0.147;1;1364962885
-44.112883;1.7639999;0.147;0.244999984;1;1364974797
-44.100285;1.7639999;0.098;0.147;1;1364987395
-44.083016;1.7639999;0.147;0.196;1;1365004664
-44.040888;1.7639999;0.147;0.098;1;1365046792
-44.029548;1.813;0.098;0.196;1;1365058132
-44.016840;1.7149999;0.098;0.244999984;1;1365070840
-44.000708;1.7639999;0.147;0.147;1;1365086972
-43.986486;1.813;0.147;0.196;1;1365101194
-43.973365;1.7639999;0.147;0.196;1;1365114315
-43.941629;1.7639999;0.098;0.147;1;1365146051
-43.930148;1.813;0.147;0.098;1;1365157532
-43.911834;1.7639999;0.147;0.196;1;1365175846
-43.875664;1.7639999;0.098;0.147;1;1365212016
-43.864414;1.7639999;0.147;0.147;1;1365223266
-43.851937;1.813;0.098;0.196;1;1365235743
-43.831740;1.862;0.098;0.196;1;1365255940
-43.820503;1.813;0.147;0.196;1;1365267177
-43.801659;1.7639999;0.147;0.196;1;1365286021
-43.790537;1.7639999;0.098;0.196;1;1365297143
-43.779014;1.7149999;0.147;0.147;1;1365308666
-43.764202;1.7149999;0.098;0.147;1;1365323478
-43.749631;1.7639999;0.098;0.147;1;1365338049
-43.731683;1.7639999;0.147;0.196;1;1365355997
-43.720681;1.7639999;0.147;0.196;1;1365366999
-43.701773;1.7149999;0.196;0.196;1;1365385907
-43.676776;1.813;0.098;0.244999984;1;1365410904
-43.663420;1.7639999;0.098;0.147;1;1365424260
-43.649563;1.813;0.147;0.196;1;1365438117
-43.632910;1.7149999;0.147;0.244999984;1;1365454770
-43.621591;1.7639999;0.098;0.196;1;1365466089
-43.609567;1.813;0.147;0.147;1;1365478113
-43.571380;1.7639999;0.147;0.196;1;1365516300
-43.551704;1.7639999;0.098;0.196;1;1365535976
-43.538809;1.7639999;0.147;0.196;1;1365548871
-43.526745;1.7639999;0.147;0.196;1;1365560935
-43.511785;1.7149999;0.147;0.147;1;1365575895
-43.500395;1.7639999;0.147;0.196;1;1365587285
-43.487538;1.7639999;0.098;0.196;1;1365600142
-43.472390;1.7639999;0.196;0.196;1;1365615290
-43.456004;1.7639999;0.147;0.196;1;1365631676
-43.444802;1.7639999;0.147;0.196;1;1365642878
-43.433747;1.7639999;0.098;0.147;1;1365653933
-43.412916;1.7639999;0.147;0.196;1;1365674764
-43.401747;1.7639999;0.098;0.196;1;1365685933
-43.390709;1.7149999;0.147;0.244999984;1;1365696971
-43.374826;1.7639999;0.098;0.147;1;1365712854
-43.363967;1.7639999;0.147;0.147;1;1365723713
-43.350355;1.7149999;0.196;0.196;1;1365737325
-43.337720;1.7639999;0.147;0.196;1;1365749960
-43.326602;1.7639999;0.147;0.147;1;1365761078
-43.311085;1.7149999;0.147;0.147;1;1365776595
-43.291662;1.7639999;0.147;0.098;1;1365796018
-43.276007;1.7149999;0.147;0.098;1;1365811673
-43.264188;1.7639999;0.196;0.196;1;1365823492
-43.250788;1.813;0.147;0.147;1;1365836892
-43.238384;1.813;0.098;0.147;1;1365849296
-43.227834;1.7639999;0.098;0.196;1;1365859846
-43.212403;1.7149999;0.196;0.196;1;1365875277
-43.201835;1.813;0.147;0.147;1;1365885845
-43.188037;1.813;0.098;0.147;1;1365899643
-43.177856;1.7149999;0.147;0.196;1;1365909824
-43.165642;1.7639999;0.147;0.147;1;1365922038
-43.116617;1.7639999;0.147;0.196;1;1365971063
-43.100691;1.813;0.098;0.147;1;1365986989
-43.078392;1.7639999;0.147;0.196;1;1366009288
-43.067548;1.7639999;0.147;0.147;1;1366020132
-43.050593;1.666;0.196;0.196;1;1366037087
-43.039929;1.813;0.147;0.147;1;1366047751
-43.014897;1.7639999;0.147;0.147;1;1366072783
-42.997542;1.7639999;0.098;0.196;1;1366090138
-42.975509;1.7149999;0.196;0.147;1;1366112171
-42.963489;1.7639999;0.147;0.147;1;1366124191
-42.948717;1.7639999;0.098;0.196;1;1366138963
-42.931846;1.7149999;0.147;0.196;1;1366155834
-42.918727;1.7149999;0.196;0.196;1;1366168953
-42.897546;1.7639999;0.098;0.147;1;1366190134
-42.886920;1.666;0.147;0.196;1;1366200760
-42.873976;1.7639999;0.196;0.196;1;1366213704
-42.862735;1.7149999;0.147;0.196;1;1366224945
-42.849301;1.7639999;0.147;0.196;1;1366238379
-42.838464;1.7149999;0.098;0.147;1;1366249216
-42.818395;1.7149999;0.147;0.147;1;1366269285
-42.807055;1.7149999;0.147;0.196;1;1366280625
-42.787510;1.7149999;0.196;0.196;1;1366300170
-42.776203;1.7639999;0.147;0.147;1;1366311477
-42.740361;1.7149999;0.147;0.196;1;1366347319
-42.712662;1.7639999;0.049;0.196;1;1366375018
-42.698810;1.7639999;0.098;0.196;1;1366388870
-42.687969;1.7639999;0.147;0.147;1;1366399711
-42.673457;1.813;0.147;0.196;1;1366414223
-42.662663;1.7639999;0.098;0.147;1;1366425017
-42.649572;1.7639999;0.098;0.147;1;1366438108
-42.632923;1.7149999;0.147;0.147;1;1366454757
-42.621816;1.7149999;0.147;0.147;1;1366465864
-42.588511;1.813;0.147;0.196;1;1366499169
-42.577332;1.813;0.147;0.196;1;1366510348
-42.566245;1.7639999;0.147;0.244999984;1;1366521435
-42.554409;1.7639999;0.098;0.196;1;1366533271
-42.543874;1.813;0.098;0.147;1;1366543806
-42.522918;1.7639999;0.147;0.196;1;1366564762
-42.509500;1.7639999;0.098;0.196;1;1366578180
-42.498703;1.7639999;0.147;0.244999984;1;1366588977
-42.485562;1.813;0.147;0.147;1;1366602118
-42.474900;1.7639999;0.196;0.196;1;1366612780
-42.442912;1.7149999;0.098;0.196;1;1366644768
-42.408348;1.7149999;0.196;0.196;1;1366679332
-42.397747;1.7639999;0.147;0.196;1;1366689933
-42.382012;1.7639999;0.098;0.196;1;1366705668
-42.370833;1.7639999;0.147;0.147;1;1366716847
-42.335836;1.7639999;0.098;0.147;1;1366751844
-42.279253;1.7149999;0.147;0.196;1;1366808427
-42.266004;1.813;0.098;0.147;1;1366821676
-42.254735;1.7639999;0.098;0.147;1;1366832945
-42.243003;1.7639999;0.147;0.196;1;1366844677
-42.229703;1.7639999;0.147;0.147;1;1366857977
-42.218649;1.7149999;0.147;0.147;1;1366869031
-42.202865;1.7639999;0.147;0.196;1;1366884815
-42.179342;1.7639999;0.147;0.147;1;1366908338
-42.168604;1.862;0.147;0.196;1;1366919076
-42.143625;1.7639999;0.147;0.147;1;1366944055
-42.132951;1.7639999;0.098;0.196;1;1366954729
-42.121948;1.7639999;;0.02;0;1366965732
-42.110706;1.7639999;0.147;0.147;1;1366976974
-42.097794;1.7149999;0.147;0.147;1;1366989886
-42.086648;1.7639999;0.147;0.147;1;1367001032
-42.070219;1.7639999;0.147;0.147;1;1367017461
-42.052243;1.813;0.098;0.196;1;1367035437
-42.041841;1.7149999;0.098;0.196;0;1367045839
-42.002874;1.813;0.098;0.196;1;1367084806
-41.991747;1.7639999;0.147;0.147;1;1367095933
-41.977975;1.7149999;0.098;0.244999984;1;1367109705
-41.965528;1.813;0.098;0.147;1;1367122152
-41.942808;1.7639999;0.098;0.147;1;1367144872
-41.922856;1.7639999;0.147;0.196;1;1367164824
-41.908170;1.7639999;0.098;0.196;1;1367179510
-41.897988;1.7149999;0.147;0.196;1;1367189692
-41.848498;1.7149999;0.098;0.196;1;1367239182
-41.835769;1.813;0.147;0.196;1;1367251911
-41.824191;1.7639999;0.098;0.147;1;1367263489
-41.813880;1.7639999;0.147;0.147;1;1367273800
-41.800546;1.7639999;0.196;0.196;1;1367287134
-41.784821;1.7639999;0.098;0.244999984;1;1367302859
-41.773636;1.7639999;0.147;0.196;1;1367314044
-41.762487;1.7639999;0.196;0.196;1;1367325193
-41.749342;1.7639999;0.196;0.147;1;1367338338
-41.735709;1.7639999;0.098;0.147;1;1367351971
-41.724843;1.7149999;0.147;0.196;1;1367362837
-41.712644;1.7639999;0.147;0.147;1;1367375036
-41.701251;1.7639999;0.147;0.147;1;1367386429
-41.687335;1.7639999;0.098;0.147;1;1367400345
-41.676019;1.813;0.098;0.147;1;1367411661
-41.662553;1.813;0.098;0.098;1;1367425127
-41.651697;1.7639999;0.147;0.147;1;1367435983
-41.636450;1.7639999;0.098;0.196;1;1367451230
-41.621819;1.7639999;0.098;0.147;1;1367465861
-41.601572;1.7639999;0.147;0.196;1;1367486108
-41.576317;1.7639999;0.098;0.147;1;1367511363
-41.563489;1.666;0.147;0.196;1;1367524191
-41.540032;1.7639999;0.147;0.196;1;1367547648
-41.512560;1.7639999;0.147;0.147;1;1367575120
-41.501130;1.7639999;0.098;0.098;1;1367586550
-41.489462;1.7639999;0.196;0.196;1;1367598218
-41.475687;1.813;0.147;0.196;1;1367611993
-41.462043;1.7639999;0.098;0.147;1;1367625637
-41.447093;1.7639999;0.098;0.147;1;1367640587
-41.406129;1.7639999;0.147;0.196;1;1367681551
-41.386665;1.813;0.098;0.196;1;1367701015
-41.372324;1.7149999;0.098;0.147;1;1367715356
-41.361216;1.813;0.098;0.147;1;1367726464
-41.347253;1.7639999;0.196;0.147;1;1367740427
-41.336840;1.7639999;0.147;0.098;1;1367750840
-41.324886;1.7149999;0.196;0.196;1;1367762794
-41.312930;1.813;0.196;0.196;1;1367774750
-41.300611;1.7639999;0.098;0.147;1;1367787069
-41.282129;1.7149999;0.098;0.196;1;1367805551
-41.271931;1.813;0.098;0.196;1;1367815749
-41.258329;1.7149999;0.098;0.147;1;1367829351
-41.247983;1.7639999;0.147;0.147;1;1367839697
-41.236462;1.7639999;0.147;0.244999984;1;1367851218
-41.224066;1.7639999;0.147;0.196;1;1367863614
-41.207715;1.813;0.098;0.147;1;1367879965
-41.194732;1.7639999;0.147;0.147;1;1367892948
-41.181877;1.7639999;0.098;0.147;1;1367905803
-41.170787;1.7639999;0.147;0.147;1;1367916893
-41.144585;1.7639999;0.147;0.147;1;1367943095
-41.131735;1.7639999;0.098;0.196;1;1367955945
-41.120383;1.813;0.098;0.196;1;1367967297
-41.106327;1.7639999;0.147;0.147;1;1367981353
-41.095563;1.7639999;0.196;0.244999984;1;1367992117
-41.082528;1.7639999;0.147;0.196;1;1368005152
-41.071439;1.7639999;0.147;0.196;1;1368016241
-41.055615;1.813;0.098;0.196;1;1368032065
-41.044889;1.7639999;0.147;0.147;1;1368042791
-41.009508;1.813;0.098;0.196;1;1368078172
-40.994374;1.7639999;0.147;0.147;1;1368093306
-40.982258;1.7149999;0.147;0.147;1;1368105422
-40.971034;1.7639999;0.098;0.196;1;1368116646
-40.959583;1.7639999;0.147;0.196;1;1368128097
-40.947289;1.7149999;0.147;0.244999984;1;1368140391
-40.937049;1.7639999;0.098;0.147;1;1368150631
-40.910200;1.7639999;0.147;0.196;1;1368177480
-40.896951;1.7639999;0.098;0.147;1;1368190729
-40.883678;1.7149999;0.147;0.147;1;1368204002
-40.872459;1.813;0.147;0.147;1;1368215221
-40.861324;1.813;0.098;0.196;1;1368226356
-40.846807;1.7639999;0.098;0.196;1;1368240873
-40.831405;1.7639999;0.098;0.147;1;1368256275
-40.820600;1.813;0.098;0.147;1;1368267080
-40.805364;1.7149999;0.147;0.244999984;1;1368282316
-40.792739;1.7639999;0.147;0.196;1;1368294941
-40.751944;1.7639999;0.049;0.196;1;1368335736
-40.739444;1.7639999;0.147;0.196;1;1368348236
-40.728840;1.7639999;0.147;0.147;1;1368358840
-40.717441;1.7639999;0.147;0.196;1;1368370239
-40.692873;1.7149999;0.147;0.196;1;1368394807
-40.676434;1.7149999;0.098;0.147;1;1368411246
-40.665036;1.7639999;0.147;0.196;1;1368422644
-40.653249;1.813;0.147;0.147;1;1368434431
-40.632901;1.7639999;0.147;0.147;1;1368454779
-40.576340;1.7639999;0.098;0.147;1;1368511340
-40.563093;1.813;0.147;0.196;1;1368524587
-40.545084;1.7639999;0.098;0.147;1;1368542596
-40.534315;1.7639999;0.098;0.147;1;1368553365
-40.512355;1.813;0.098;0.147;1;1368575325
-40.497131;1.7149999;0.098;0.196;1;1368590549
-40.486849;1.813;0.147;0.196;1;1368600831
-40.474011;1.813;0.147;0.196;1;1368613669
-40.445632;1.7639999;0.098;0.196;1;1368642048
-40.431286;1.7639999;0.196;0.196;1;1368656394
-40.420353;1.7149999;0.147;0.147;1;1368667327
-40.400035;1.7639999;0.147;0.147;1;1368687645
-40.386461;1.7639999;0.147;0.196;1;1368701219
-40.374509;1.813;0.147;0.147;1;1368713171
-40.361396;1.813;0.098;0.196;1;1368726284
-40.341435;1.7639999;0.196;0.196;1;1368746245
-40.321675;1.813;0.098;0.147;1;1368766005
-40.308518;1.7639999;0.147;0.196;1;1368779162
-40.296864;1.7639999;0.098;0.196;1;1368790816
-40.284501;1.7639999;0.147;0.196;1;1368803179
-40.273626;1.7639999;0.147;0.147;1;1368814054
-40.260475;1.813;0.098;0.196;1;1368827205
-40.248609;1.7639999;0.098;0.196;1;1368839071
-40.235495;1.7639999;0.098;0.147;1;1368852185
-40.217688;1.813;0.147;0.147;1;1368869992
-40.204889;1.813;0.098;0.196;1;1368882791
-40.193170;1.7639999;0.147;0.196;1;1368894510
-40.181098;1.813;0.098;0.196;1;1368906582
-40.170116;1.7149999;0.196;0.244999984;1;1368917564
-40.129072;1.7639999;0.098;0.196;1;1368958608
-40.114494;1.7639999;0.196;0.196;1;1368973186
-40.103082;1.7149999;0.196;0.196;1;1368984598
-40.091439;1.7639999;0.147;0.196;1;1368996241
-40.080455;1.813;0.147;0.196;1;1369007225
-40.066412;1.7639999;0.147;0.196;1;1369021268
-40.051923;1.813;0.147;0.196;1;1369035757
-40.040810;1.7639999;0.098;0.244999984;1;1369046870
-40.029293;1.7639999;0.098;0.147;1;1369058387
-40.018784;1.7149999;0.147;0.196;0;1369068896
-40.003145;1.7639999;0.147;0.196;2;1369084535
-39.992847;1.7149999;0.098;0.147;1;1369094833
-39.980525;1.7639999;0.098;0.147;1;1369107155
-39.968993;1.7639999;0.147;0.147;1;1369118687
-39.952052;1.7639999;0.098;0.244999984;1;1369135628
-39.932539;1.813;0.147;0.196;1;1369155141
-39.920826;1.813;0.147;0.196;1;1369166854
-39.903713;1.7639999;0.196;0.244999984;1;1369183967
-39.882831;1.7639999;0.098;0.196;1;1369204849
-39.871841;1.7639999;0.098;0.196;1;1369215839
-39.852875;1.7149999;0.147;0.147;1;1369234805
-39.841482;1.7639999;0.098;0.147;1;1369246198
-39.822141;1.7149999;0.196;0.196;1;1369265539
-39.809633;1.7639999;0.147;0.244999984;1;1369278047
-39.790817;1.813;0.098;0.147;1;1369296863
-39.772839;1.7639999;0.147;0.147;1;1369314841
-39.744564;1.813;0.147;0.147;1;1369343116
-39.733473;1.7639999;0.147;0.196;1;1369354207
-39.683038;1.7149999;0.147;0.147;1;1369404642
-39.668829;1.7639999;0.147;0.196;1;1369418851
-39.657618;1.7639999;0.147;0.196;1;1369430062
-39.644933;1.7639999;0.147;0.196;1;1369442747
-39.633443;1.7639999;0.098;0.196;1;1369454237
-39.620003;1.813;0.098;0.147;1;1369467677
-39.602851;1.7639999;0.147;0.196;1;1369484829
-39.577800;1.7149999;0.098;0.147;1;1369509880
-39.564662;1.7639999;0.147;0.196;1;1369523018
-39.552258;1.7639999;0.147;0.196;1;1369535422
-39.532827;1.813;0.147;0.196;1;1369554853
-39.521696;1.7639999;0.147;0.147;1;1369565984
-39.502876;1.7639999;0.098;0.196;1;1369584804
-39.480344;1.7149999;0.147;0.244999984;1;1369607336
-39.466845;1.7149999;0.098;0.244999984;1;1369620835
-39.453100;1.813;0.098;0.196;1;1369634580
-39.438684;1.7639999;0.147;0.147;1;1369648996
-39.427904;1.7639999;0.147;0.244999984;1;1369659776
-39.416100;1.7639999;0.147;0.147;1;1369671580
-39.392789;1.7149999;0.147;0.196;1;1369694891
-39.379509;1.7639999;0.098;0.147;1;1369708171
-39.368778;1.7639999;0.147;0.196;1;1369718902
-39.333123;1.813;0.098;0.196;1;1369754557
-39.310042;1.7639999;0.147;0.196;1;1369777638
-39.298193;1.7149999;0.147;0.196;1;1369789487
-39.287725;1.7639999;0.098;0.244999984;1;1369799955
-39.274593;1.7639999;0.196;0.147;1;1369813087
-39.240216;1.7639999;0.098;0.196;1;1369847464
-39.212630;1.813;0.147;0.147;1;1369875050
-39.201048;1.7639999;0.098;0.244999984;1;1369886632
-39.184352;1.813;0.147;0.147;1;1369903328
-39.173291;1.7149999;0.147;0.147;1;1369914389
-39.159417;1.7639999;0.147;0.147;1;1369928263
-39.148822;1.813;0.147;0.196;1;1369938858
-39.137365;1.7639999;0.147;0.196;1;1369950315
-39.126787;1.7639999;0.098;0.147;1;1369960893
-39.112868;1.7149999;0.196;0.147;1;1369974812
-39.101415;1.7639999;0.147;0.196;1;1369986265
-39.075370;1.7639999;0.147;0.196;1;1370012310
-39.062787;1.7639999;0.147;0.147;1;1370024893
-39.037629;1.7149999;0.147;0.147;1;1370050051
-39.026410;1.7639999;0.098;0.147;1;1370061270
-39.014476;1.7149999;0.196;0.147;1;1370073204
-39.003061;1.7149999;0.147;0.147;1;1370084619
-38.991244;1.7149999;0.196;0.147;1;1370096436
-38.980564;1.7639999;0.147;0.147;1;1370107116
-38.967169;1.7639999;0.147;0.196;1;1370120511
-38.952045;1.7639999;0.147;0.147;1;1370135635
-38.941916;1.7639999;0.098;0.147;1;1370145764
-38.929918;1.7639999;0.098;0.196;1;1370157762
-38.907330;1.7639999;0.147;0.147;1;1370180350
-38.896298;1.7149999;0.196;0.196;1;1370191382
-38.880959;1.7639999;0.098;0.147;1;1370206721
-38.868015;1.813;0.098;0.196;1;1370219665
-38.823295;1.7639999;0.147;0.196;1;1370264385
-38.811440;1.7149999;0.147;0.147;1;1370276240
-38.796761;1.813;0.147;0.147;1;1370290919
-38.774354;1.7639999;0.147;0.196;1;1370313326
-38.762843;1.7639999;0.147;0.098;1;1370324837
-38.749288;1.7639999;0.147;0.147;1;1370338392
-38.725878;1.7639999;0.147;0.147;1;1370361802
-38.713150;1.7639999;0.147;0.196;1;1370374530
-38.691471;1.7639999;0.147;0.147;1;1370396209
-38.680554;1.7639999;0.098;0.147;1;1370407126
-38.661702;1.7639999;0.147;0.196;1;1370425978
-38.648815;1.7639999;0.098;0.244999984;1;1370438865
-38.630489;1.7149999;0.196;0.196;1;1370457191
-38.611736;1.7639999;0.098;0.098;1;1370475944
-38.596928;1.813;0.098;0.196;1;1370490752
-38.572860;1.7639999;0.147;0.196;1;1370514820
-38.561453;1.7639999;0.098;0.196;1;1370526227
-38.546881;1.813;0.098;0.244999984;1;1370540799
-38.521731;1.813;0.147;0.147;1;1370565949
-38.509872;1.7639999;0.147;0.196;1;1370577808
-38.482042;1.7149999;0.147;0.196;1;1370605638
-38.469597;1.7639999;0.147;0.196;1;1370618083
-38.457953;1.7639999;0.147;0.196;1;1370629727
-38.438745;1.7639999;0.098;0.147;1;1370648935
-38.399037;1.7149999;0.098;0.196;1;1370688643
-38.382541;1.7639999;0.196;0.147;1;1370705139
-38.368341;1.7639999;0.147;0.196;1;1370719339
-38.357742;1.813;0.098;0.196;1;1370729938
-38.339502;1.7639999;0.147;0.147;1;1370748178
-38.328321;1.7149999;0.147;0.098;1;1370759359
-38.292852;1.7639999;0.147;0.147;1;1370794828
-38.279099;1.7639999;0.147;0.147;1;1370808581
-38.261928;1.813;0.098;0.098;1;1370825752
-38.248839;1.813;0.098;0.196;1;1370838841
-38.228721;1.813;0.098;0.147;1;1370858959
-38.199407;1.7639999;0.098;0.196;1;1370888273
-38.182863;1.7639999;0.098;0.196;1;1370904817
-38.169568;1.813;0.147;0.196;1;1370918112
-38.152132;1.813;0.098;0.147;1;1370935548
-38.140144;1.813;0.147;0.147;1;1370947536
-38.128576;1.7639999;0.147;0.196;1;1370959104
-38.117728;1.813;0.147;0.147;1;1370969952
-38.106589;1.7639999;0.098;0.147;1;1370981091
-38.094421;1.7639999;0.147;0.147;1;1370993259
-38.078124;1.7639999;0.147;0.147;1;1371009556
-38.067787;1.7149999;0.147;0.196;1;1371019893
-38.045812;1.7639999;0.147;0.196;1;1371041868
-38.034683;1.7639999;0.098;0.147;1;1371052997
-38.012931;1.7639999;0.196;0.196;1;1371074749
-37.999187;1.7149999;0.244999984;0.147;1;1371088493
-37.987838;1.7639999;0.098;0.196;1;1371099842
-37.973659;1.7639999;0.098;0.244999984;1;1371114021
-37.940568;1.813;0.098;0.196;1;1371147112
-37.925549;1.7639999;0.147;0.196;1;1371162131
-37.911273;1.813;0.098;0.147;1;1371176407
-37.894295;1.7639999;0.147;0.147;1;1371193385
-37.883788;1.7639999;0.098;0.196;1;1371203892
-37.869964;1.7639999;0.098;0.196;1;1371217716
-37.852081;1.813;0.147;0.147;1;1371235599
-37.840664;1.7639999;0.147;0.147;1;1371247016
-37.829383;1.7639999;0.147;0.147;1;1371258297
-37.817944;1.7639999;0.147;0.147;1;1371269736
-37.798874;1.7639999;0.098;0.196;1;1371288806
-37.787694;1.7639999;0.147;0.244999984;1;1371299986
-37.772600;1.7149999;0.147;0.196;1;1371315080
-37.761933;1.7149999;0.147;0.196;1;1371325747
-37.748964;1.7149999;0.147;0.196;1;1371338716
-37.737863;1.7639999;0.147;0.147;1;1371349817
-37.726707;1.813;0.098;0.147;1;1371360973
-37.688184;1.7639999;0.098;0.196;1;1371399496
-37.677749;1.813;0.098;0.147;1;1371409931
-37.666211;1.7149999;0.098;0.147;1;1371421469
-37.644499;1.7149999;0.098;0.196;1;1371443181
-37.622880;1.7639999;0.098;0.196;1;1371464800
-37.611871;1.7639999;0.098;0.244999984;1;1371475809
-37.592876;1.7639999;0.147;0.196;1;1371494804
-37.580651;1.7639999;0.147;0.196;1;1371507029
-37.569642;1.7639999;0.147;0.196;1;1371518038
-37.555278;1.7639999;;0.022;1;1371532402
-37.544132;1.813;0.196;0.147;1;1371543548
-37.533596;1.813;0.098;0.147;1;1371554084
-37.507391;1.813;0.147;0.147;1;1371580289
-37.492581;1.7149999;0.147;0.196;1;1371595099
-37.475782;1.7639999;0.098;0.196;1;1371611898
-37.464799;1.813;0.098;0.196;1;1371622881
-37.450845;1.7639999;0.098;0.196;1;1371636835
-37.438384;1.7639999;0.147;0.196;1;1371649296
-37.427609;1.7639999;0.147;0.196;1;1371660071
-37.416700;1.7639999;0.147;0.196;1;1371670980
-37.398781;1.7639999;0.147;0.196;1;1371688899
-37.386935;1.7639999;0.196;0.196;1;1371700745
-37.373885;1.813;0.098;0.098;1;1371713795
-37.361281;1.7149999;0.147;0.196;1;1371726399
-37.347558;1.7639999;0.147;0.196;1;1371740122
-37.336835;1.7639999;0.098;0.196;1;1371750845
-37.311299;1.7639999;0.147;0.147;1;1371776381
-37.295230;1.7639999;0.147;0.147;1;1371792450
-37.271619;1.7639999;0.098;0.196;1;1371816061
-37.238681;1.7639999;0.147;0.147;1;1371848999
-37.219435;1.7639999;0.147;0.196;1;1371868245
-37.207889;1.7639999;0.147;0.196;1;1371879791
-37.195197;1.7639999;0.147;0.244999984;1;1371892483
-37.183638;1.7149999;0.098;0.196;1;1371904042
-37.171775;1.813;0.098;0.147;1;1371915905
-37.152461;1.813;0.098;0.196;1;1371935219
-37.140132;1.7639999;0.147;0.147;1;1371947548
-37.129048;1.7639999;0.147;0.196;1;1371958632
-37.114021;1.813;0.147;0.196;1;1371973659
-37.102782;1.7639999;0.147;0.147;1;1371984898
-37.064584;1.7149999;0.147;0.147;1;1372023096
-37.042767;1.813;0.147;0.147;1;1372044913
-37.029527;1.813;0.196;0.147;1;1372058153
-37.018620;1.7639999;0.098;0.196;1;1372069060
-37.002831;1.813;0.098;0.147;1;1372084849
-36.991169;1.813;0.147;0.196;1;1372096511
-36.979637;1.7639999;0.147;0.244999984;1;1372108043
-36.968762;1.7639999;0.147;0.196;1;1372118918
-36.954674;1.7149999;0.147;0.196;1;1372133006
-36.931241;1.7639999;0.147;0.196;1;1372156439
-36.907695;1.7639999;0.147;0.196;1;1372179985
-36.894979;1.7639999;0.098;0.244999984;1;1372192701
-36.883943;1.7639999;0.147;0.244999984;1;1372203737
-36.872991;1.7639999;0.098;0.196;1;1372214689
-36.861849;1.813;0.147;0.147;1;1372225831
-36.847860;1.7639999;0.147;0.147;1;1372239820
-36.831674;1.7639999;0.098;0.196;1;1372256006
-36.820729;1.7149999;0.147;0.147;1;1372266951
-36.801764;1.7639999;0.147;0.196;1;1372285916
-36.787664;1.7149999;0.098;0.196;1;1372300016
-36.774528;1.7639999;0.147;0.147;1;1372313152
-36.762983;1.813;0.098;0.147;1;1372324697
-36.750364;1.813;0.098;0.196;1;1372337316
-36.739137;1.813;0.098;0.196;1;1372348543
-36.727842;1.7149999;0.147;0.147;1;1372359838
-36.711679;1.7639999;0.098;0.147;1;1372376001
-36.696248;1.7639999;0.098;0.196;1;1372391432
-36.647377;1.7639999;0.196;0.244999984;1;1372440303
-36.633594;1.7639999;0.098;0.196;1;1372454086
-36.620752;1.813;0.098;0.196;1;1372466928
-36.606822;1.7639999;0.147;0.196;1;1372480858
-36.595100;1.7149999;0.196;0.196;1;1372492580
-36.581633;1.7149999;0.196;0.196;1;1372506047
-36.562426;1.7639999;0.147;0.196;1;1372525254
-36.551982;1.7639999;0.196;0.147;0;1372535698
-36.532421;1.813;0.098;0.147;2;1372555259
-36.519695;1.7639999;0.147;0.196;1;1372567985
-36.505517;1.7639999;0.147;0.147;1;1372582163
-36.494728;1.7639999;0.147;0.147;1;1372592952
-36.481804;1.813;0.147;0.147;1;1372605876
-36.470725;1.7639999;0.147;0.196;1;1372616955
-36.445922;1.7639999;0.196;0.196;1;1372641758
-36.427670;1.7639999;0.147;0.196;1;1372660010
-36.410143;1.7639999;0.098;0.196;1;1372677537
-36.394985;1.7639999;0.098;0.244999984;1;1372692695
-36.382755;1.7639999;0.098;0.147;1;1372704925
-36.371335;1.7639999;0.098;0.098;1;1372716345
-36.360723;1.7149999;0.147;0.147;1;1372726957
-36.347362;1.813;0.098;0.196;1;1372740318
-36.331729;1.7639999;0.147;0.147;1;1372755951
-36.311649;1.7639999;0.147;0.147;1;1372776031
-36.295740;1.7149999;0.196;0.196;1;1372791940
-36.284570;1.7639999;0.147;0.196;1;1372803110
-36.271580;1.7639999;0.147;0.196;1;1372816100
-36.242666;1.7639999;0.147;0.196;1;1372845014
-36.229718;1.813;0.147;0.147;1;1372857962
-36.208423;1.813;0.098;0.196;1;1372879257
-36.196999;1.7639999;0.147;0.196;1;1372890681
-36.179959;1.7639999;0.147;0.196;1;1372907721
-36.166470;1.7639999;0.147;0.147;1;1372921210
-36.151598;1.7639999;0.147;0.244999984;1;1372936082
-36.140765;1.7639999;0.147;0.147;1;1372946915
-36.126831;1.7639999;0.147;0.147;1;1372960849
-36.114912;1.813;0.098;0.147;1;1372972768
-36.103875;1.7149999;0.147;0.196;1;1372983805
-36.092971;1.7149999;0.098;0.147;1;1372994709
-36.081617;1.813;0.147;0.196;1;1373006063
-36.068986;1.7639999;0.147;0.196;1;1373018694
-36.040723;1.7639999;0.147;0.147;1;1373046957
-36.022507;1.7149999;0.098;0.196;1;1373065173
-36.010058;1.7639999;0.147;0.147;1;1373077622
-35.998182;1.7639999;0.147;0.196;1;1373089498
-35.975840;1.7639999;0.147;0.244999984;1;1373111840
-35.955759;1.7639999;0.098;0.196;1;1373131921
-35.942502;1.7639999;0.196;0.196;1;1373145178
-35.929381;1.813;0.098;0.098;1;1373158299
-35.916884;1.7639999;0.098;0.147;1;1373170796
-35.892804;1.7149999;0.147;0.196;1;1373194876
-35.879419;1.813;0.147;0.196;1;1373208261
-35.868184;1.813;0.147;0.196;1;1373219496
-35.854598;1.7639999;0.147;0.196;1;1373233082
-35.832534;1.813;0.147;0.196;1;1373255146
-35.812813;1.813;0.098;0.196;1;1373274867
-35.767185;1.7639999;0.098;0.196;1;1373320495
-35.749986;1.7639999;0.147;0.244999984;1;1373337694
-35.738902;1.7639999;0.147;0.147;1;1373348778
-35.722905;1.7149999;0.147;0.147;1;1373364775
-35.711220;1.7639999;0.196;0.196;1;1373376460
-35.697134;1.7639999;0.147;0.196;1;1373390546
-35.686701;1.862;0.098;0.147;1;1373400979
-35.675679;1.7639999;0.098;0.196;1;1373412001
-35.664082;1.7149999;0.244999984;0.196;1;1373423598
-35.642860;1.7639999;0.147;0.147;1;1373444820
-35.625899;1.813;0.098;0.196;1;1373461781
-35.611713;1.7639999;0.098;0.147;1;1373475967
-35.599046;1.813;0.098;0.147;1;1373488634
-35.575159;1.813;0.098;0.196;1;1373512521
-35.564625;1.7639999;0.147;0.196;1;1373523055
-35.551844;1.7639999;0.147;0.196;1;1373535836
-35.518896;1.7639999;0.147;0.147;1;1373568784
-35.499888;1.7639999;0.147;0.196;1;1373587792
-35.488213;1.7639999;0.147;0.147;1;1373599467
-35.476603;1.7639999;0.098;0.196;1;1373611077
-35.465497;1.7149999;0.196;0.147;1;1373622183
-35.453144;1.7639999;0.147;0.147;1;1373634536
-35.413175;1.7639999;0.147;0.147;1;1373674505
-35.401436;1.813;0.147;0.196;1;1373686244
-35.378310;1.813;0.098;0.196;1;1373709370
-35.365595;1.7639999;0.147;0.196;1;1373722085
-35.353016;1.7149999;0.147;0.196;1;1373734664
-35.320973;1.7149999;0.147;0.196;1;1373766707
-35.307100;1.813;0.098;0.147;1;1373780580
-35.292559;1.7149999;0.098;0.147;1;1373795121
-35.279031;1.813;0.098;0.196;1;1373808649
-35.267770;1.7639999;0.098;0.147;1;1373819910
-35.248323;1.7639999;0.147;0.196;1;1373839357
-35.237459;1.7639999;0.196;0.244999984;1;1373850221
-35.217586;1.813;0.098;0.244999984;1;1373870094
-35.185447;1.7639999;0.147;0.196;1;1373902233
-35.174047;1.7639999;0.147;0.147;1;1373913633
-35.162288;1.7149999;0.147;0.244999984;1;1373925392
-35.151151;1.813;0.196;0.294;1;1373936529
-35.133171;1.7149999;0.098;0.147;1;1373954509
-35.120916;1.7639999;0.147;0.147;1;1373966764
-35.109918;1.7149999;0.147;0.147;1;1373977762
-35.072852;1.7639999;0.098;0.196;1;1374014828
-35.059724;1.7639999;0.147;0.147;1;1374027956
-35.042909;1.7639999;0.147;0.147;1;1374044771
-35.028523;1.7639999;0.147;0.147;1;1374059157
-35.017957;1.7639999;0.147;0.147;1;1374069723
-35.007022;1.7639999;0.098;0.196;1;1374080658
-34.989663;1.7149999;0.098;0.196;1;1374098017
-34.972804;1.7639999;0.098;0.196;1;1374114876
-34.958849;1.7639999;0.147;0.196;1;1374128831
-34.931065;1.7639999;0.147;0.147;1;1374156615
-34.907475;1.7639999;0.147;0.196;1;1374180205
-34.894209;1.7639999;0.147;0.244999984;1;1374193471
-34.856078;1.7639999;0.147;0.196;1;1374231602
-34.844647;1.7149999;0.147;0.147;1;1374243033
-34.833377;1.813;0.098;0.147;1;1374254303
-34.820150;1.813;0.147;0.196;1;1374267530
-34.805727;1.7639999;0.147;0.244999984;1;1374281953
-34.792249;1.7149999;0.147;0.147;1;1374295431
-34.777390;1.7639999;0.147;0.147;1;1374310290
-34.766120;1.7639999;0.147;0.196;1;1374321560
-34.754603;1.7639999;0.147;0.196;1;1374333077
-34.731737;1.813;0.098;0.147;1;1374355943
-34.710039;1.813;0.098;0.147;1;1374377641
-34.697322;1.7639999;0.147;0.196;1;1374390358
-34.684992;1.7149999;0.098;0.196;1;1374402688
-34.672634;1.7639999;0.098;0.147;1;1374415046
-34.661692;1.813;0.147;0.147;1;1374425988
-34.644417;1.7639999;0.147;0.147;1;1374443263
-34.631988;1.7149999;0.147;0.196;1;1374455692
-34.602619;1.7149999;0.196;0.196;1;1374485061
-34.576980;1.7639999;0.098;0.196;1;1374510700
-34.565927;1.7149999;0.147;0.196;1;1374521753
-34.548270;1.7639999;0.147;0.147;1;1374539410
-34.532824;1.7639999;0.147;0.147;1;1374554856
-34.521573;1.7639999;0.147;0.196;1;1374566107
-34.508272;1.813;0.098;0.244999984;1;1374579408
-34.497164;1.7149999;0.147;0.196;1;1374590516
-34.486919;1.7149999;0.147;0.196;0;1374600761
-34.475228;1.7639999;0.098;0.196;1;1374612452
-34.464965;1.813;0.098;0.147;1;1374622715
-34.427801;1.7149999;0.147;0.196;1;1374659879
-34.389996;1.7639999;0.147;0.147;1;1374697684
-34.375470;1.813;0.147;0.098;1;1374712210
-34.364876;1.7639999;0.147;0.098;1;1374722804
-34.349877;1.7639999;0.147;0.147;1;1374737803
-34.332926;1.7639999;0.147;0.196;1;1374754754
-34.321907;1.813;0.196;0.196;1;1374765773
-34.310343;1.7639999;0.147;0.147;1;1374777337
-34.297144;1.813;0.098;0.196;1;1374790536
-34.286919;1.813;0.147;0.147;1;1374800761
-34.274535;1.7639999;0.098;0.196;1;1374813145
-34.263824;1.7639999;0.098;0.147;1;1374823856
-34.247535;1.7639999;0.147;0.147;1;1374840145
-34.231407;1.7149999;0.147;0.098;1;1374856273
-34.215065;1.7639999;0.147;0.196;1;1374872615
-34.198710;1.7639999;0.196;0.196;1;1374888970
-34.187175;1.7149999;0.147;0.196;1;1374900505
-34.173999;1.813;0.147;0.244999984;1;1374913681
-34.162776;1.7639999;0.147;0.196;1;1374924904
-34.146623;1.7639999;0.098;0.196;1;1374941057
-34.135671;1.7639999;0.098;0.147;1;1374952009
-34.124423;1.7639999;0.147;0.196;1;1374963257
-34.112104;1.7639999;0.147;0.196;1;1374975576
-34.097204;1.7639999;0.147;0.147;1;1374990476
-34.085975;1.7149999;0.147;0.147;1;1375001705
-34.072172;1.7639999;0.098;0.147;1;1375015508
-34.061247;1.7639999;0.147;0.147;1;1375026433
-34.021414;1.7639999;0.098;0.244999984;1;1375066266
-34.006362;1.7639999;0.147;0.196;1;1375081318
-33.994310;1.813;0.098;0.147;1;1375093370
-33.982991;1.7639999;0.098;0.244999984;1;1375104689
-33.970051;1.862;0.147;0.196;1;1375117629
-33.955650;1.813;0.147;0.147;1;1375132030
-33.944746;1.7639999;0.147;0.196;1;1375142934
-33.932731;1.813;0.147;0.196;1;1375154949
-33.921037;1.813;0.147;0.196;1;1375166643
-33.907043;1.7639999;0.147;0.196;1;1375180637
-33.895335;1.7639999;0.196;0.147;1;1375192345
-33.883982;1.7149999;0.147;0.147;1;1375203698
-33.872442;1.7149999;0.147;0.244999984;1;1375215238
-33.861399;1.7639999;0.196;0.196;1;1375226281
-33.850660;1.813;0.098;0.196;1;1375237020
-33.836635;1.7639999;0.147;0.196;1;1375251045
-33.821400;1.7639999;0.147;0.147;1;1375266280
-33.809268;1.813;0.049;0.196;1;1375278412
-33.796462;1.7639999;0.147;0.147;1;1375291218
-33.785468;1.7639999;0.098;0.196;1;1375302212
-33.773004;1.7149999;0.098;0.196;1;1375314676
-33.758686;1.813;0.147;0.147;1;1375328994
-33.741383;1.7639999;0.147;0.196;1;1375346297
-33.730576;1.7639999;0.147;0.196;1;1375357104
-33.716747;1.7639999;0.147;0.196;1;1375370933
-33.705891;1.7639999;0.147;0.196;1;1375381789
-33.689078;1.7639999;0.098;0.196;1;1375398602
-33.677817;1.813;0.098;0.244999984;1;1375409863
-33.666771;1.7639999;0.098;0.196;1;1375420909
-33.644843;1.813;0.147;0.147;1;1375442837
-33.601689;1.7639999;0.147;0.147;1;1375485991
-33.579289;1.7149999;0.147;0.196;1;1375508391
-33.530568;1.7639999;0.147;0.196;1;1375557112
-33.517526;1.7639999;0.147;0.098;1;1375570154
-33.492811;1.7639999;0.147;0.196;1;1375594869
-33.479317;1.7639999;0.196;0.196;1;1375608363
-33.466019;1.7149999;0.147;0.147;1;1375621661
-33.452877;1.7639999;0.098;0.196;1;1375634803
-33.432895;1.7639999;0.098;0.196;1;1375654785
-33.410864;1.7639999;0.098;0.196;1;1375676816
-33.397907;1.7639999;0.147;0.147;1;1375689773
-33.383088;1.7639999;0.196;0.196;1;1375704592
-33.369714;1.813;0.098;0.196;1;1375717966
-33.351666;1.7149999;0.147;0.196;1;1375736014
-33.332917;1.7149999;0.196;0.196;1;1375754763
-33.321462;1.7639999;0.147;0.196;1;1375766218
-33.302485;1.7639999;0.147;0.147;1;1375785195
-33.279851;1.7639999;0.098;0.196;1;1375807829
-33.265563;1.7639999;0.147;0.196;1;1375822117
-33.254656;1.7639999;0.147;0.147;1;1375833024
-33.243790;1.813;0.147;0.196;1;1375843890
-33.232209;1.7639999;0.147;0.147;1;1375855471
-33.209242;1.7149999;0.147;0.196;1;1375878438
-33.197089;1.7639999;0.196;0.147;1;1375890591
-33.186188;1.7149999;0.147;0.196;1;1375901492
-33.174995;1.7639999;0.147;0.147;1;1375912685
-33.129996;1.813;0.098;0.196;1;1375957684
-33.111259;1.7639999;0.147;0.147;1;1375976421
-33.096400;1.7639999;0.147;0.147;1;1375991280
-33.085306;1.7639999;0.147;0.147;1;1376002374
-33.073018;1.7149999;0.196;0.196;1;1376014662
-33.061398;1.7639999;0.147;0.196;1;1376026282
-33.047816;1.7149999;0.147;0.244999984;1;1376039864
-33.032353;1.7639999;0.147;0.147;1;1376055327
-33.020072;1.7639999;0.098;0.196;1;1376067608
-33.009320;1.813;0.147;0.147;1;1376078360
-32.997030;1.7149999;0.147;0.147;1;1376090650
-32.985526;1.7639999;0.098;0.196;1;1376102154
-32.973073;1.7639999;0.098;0.147;1;1376114607
-32.962182;1.7639999;0.098;0.196;1;1376125498
-32.948018;1.7639999;0.147;0.147;1;1376139662
-32.935948;1.813;0.147;0.196;1;1376151732
-32.919228;1.7639999;0.196;0.196;1;1376168452
-32.900755;1.813;0.147;0.147;1;1376186925
-32.876039;1.813;0.098;0.196;1;1376211641
-32.864768;1.813;0.147;0.147;1;1376222912
-32.853642;1.7639999;0.147;0.196;1;1376234038
-32.837294;1.7639999;0.098;0.147;1;1376250386
-32.819665;1.7639999;0.098;0.147;1;1376268015
-32.808896;1.7639999;0.147;0.196;1;1376278784
-32.797090;1.7639999;0.147;0.196;1;1376290590
-32.774432;1.7639999;0.196;0.196;1;1376313248
-32.762795;1.813;0.147;0.147;1;1376324885
-32.747111;1.7639999;0.098;0.196;1;1376340569
-32.735673;1.7639999;0.098;0.147;1;1376352007
-32.701948;1.7639999;0.098;0.196;1;1376385732
-32.681518;1.7149999;0.147;0.147;1;1376406162
-32.670730;1.7639999;0.098;0.147;1;1376416950
-32.646796;1.813;0.147;0.196;1;1376440884
-32.631278;1.7639999;0.098;0.196;1;1376456402
-32.620758;1.7639999;0.147;0.196;1;1376466922
-32.602134;1.7639999;0.147;0.196;1;1376485546
-32.576828;1.7639999;0.098;0.147;1;1376510852
-32.565710;1.7639999;0.147;0.196;1;1376521970
-32.550262;1.813;0.147;0.147;1;1376537418
-32.530631;1.7149999;0.098;0.196;1;1376557049
-32.500029;1.7149999;0.147;0.196;1;1376587651
-32.475061;1.7639999;0.147;0.196;1;1376612619
-32.463973;1.7639999;0.098;0.196;1;1376623707
-32.450201;1.7639999;0.147;0.196;1;1376637479
-32.432914;1.7639999;0.147;0.196;1;1376654766
-32.421871;1.7149999;0.147;0.196;1;1376665809
-32.402859;1.7639999;0.147;0.147;1;1376684821
-32.387185;1.7639999;0.098;0.196;1;1376700495
-32.373860;1.7639999;0.147;0.196;1;1376713820
-32.357031;1.7639999;0.098;0.196;1;1376730649
-32.345105;1.7639999;0.098;0.196;1;1376742575
-32.334934;1.7639999;0.098;0.147;1;1376752746
-32.323936;1.7639999;0.196;0.196;1;1376763744
-32.312644;1.813;0.098;0.196;1;1376775036
-32.301418;1.7639999;0.147;0.196;1;1376786262
-32.285816;1.7639999;0.098;0.147;1;1376801864
-32.241707;1.7639999;0.147;0.196;1;1376845973
-32.198589;1.7639999;0.147;0.196;1;1376889091
-32.173656;1.7639999;0.098;0.196;1;1376914024
-32.160066;1.7639999;0.098;0.147;1;1376927614
-32.141979;1.7639999;0.196;0.147;1;1376945701
-32.130789;1.7149999;0.147;0.196;1;1376956891
-32.116569;1.7639999;0.147;0.196;1;1376971111
-32.105734;1.7639999;0.147;0.196;1;1376981946
-32.091681;1.7639999;0.196;0.196;1;1376995999
-32.066132;1.7639999;0.147;0.196;1;1377021548
-32.051339;1.666;0.098;0.196;1;1377036341
-32.037201;1.813;0.098;0.196;1;1377050479
-32.026654;1.862;0.098;0.244999984;1;1377061026
-32.011753;1.813;0.147;0.196;1;1377075927
-31.991247;1.7639999;0.147;0.196;1;1377096433
-31.977888;1.7639999;0.147;0.147;1;1377109792
-31.965861;1.7639999;0.098;0.147;1;1377121819
-31.953939;1.813;0.147;0.147;1;1377133741
-31.919360;1.7639999;0.147;0.147;1;1377168320
-31.899753;1.7639999;0.147;0.196;1;1377187927
-31.887956;1.666;0.196;0.196;1;1377199724
-31.874196;1.813;0.147;0.196;1;1377213484
-31.863888;1.813;0.147;0.196;1;1377223792
-31.849523;1.7149999;0.147;0.196;1;1377238157
-31.830014;1.813;0.147;0.147;1;1377257666
-31.783205;1.7639999;0.147;0.147;1;1377304475
-31.769103;1.7639999;0.098;0.196;1;1377318577
-31.758274;1.7639999;0.147;0.147;1;1377329406
-31.742428;1.7639999;0.098;0.196;1;1377345252
-31.731834;1.813;0.098;0.147;1;1377355846
-31.702863;1.7639999;0.147;0.147;1;1377384817
-31.683614;1.7639999;0.098;0.147;1;1377404066
-31.670419;1.7149999;0.147;0.196;1;1377417261
-31.659665;1.813;0.098;0.147;1;1377428015
-31.640329;1.7639999;0.147;0.147;1;1377447351
-31.622247;1.7639999;0.147;0.147;1;1377465433
-31.610297;1.7639999;0.098;0.196;1;1377477383
-31.599438;1.7639999;0.098;0.196;1;1377488242
-31.582270;1.7639999;0.098;0.196;1;1377505410
-31.571862;1.7149999;0.147;0.196;1;1377515818
-31.555570;1.7639999;0.098;0.196;1;1377532110
-31.532933;1.7639999;0.147;0.196;1;1377554747
-31.518910;1.813;0.098;0.147;1;1377568770
-31.500261;1.7639999;0.098;0.147;1;1377587419
-31.473601;1.7639999;0.147;0.147;1;1377614079
-31.462624;1.7639999;0.147;0.244999984;1;1377625056
-31.450071;1.7639999;0.147;0.196;1;1377637609
-31.438382;1.7639999;0.098;0.196;1;1377649298
-31.426192;1.7639999;0.147;0.196;1;1377661488
-31.402253;1.7149999;0.196;0.244999984;1;1377685427
-31.377717;1.813;0.147;0.098;1;1377709963
-31.323215;1.7639999;0.196;0.147;1;1377764465
-31.310286;1.7639999;0.098;0.196;1;1377777394
-31.298240;1.7639999;0.147;0.196;1;1377789440
-31.286548;1.813;0.098;0.196;1;1377801132
-31.273471;1.813;0.147;0.244999984;1;1377814209
-31.256777;1.7639999;0.098;0.244999984;1;1377830903
-31.245767;1.7639999;0.147;0.196;1;1377841913
-31.233481;1.813;0.147;0.196;1;1377854199
-31.212924;1.7149999;0.147;0.147;1;1377874756
-31.201487;1.813;0.049;0.196;1;1377886193
-31.190949;1.7149999;0.196;0.147;1;1377896731
-31.177799;1.7149999;0.147;0.147;1;1377909881
-31.166276;1.813;0.098;0.147;1;1377921404
-31.150313;1.7639999;0.147;0.196;1;1377937367
-31.134450;1.7639999;0.147;0.196;1;1377953230
-31.111124;1.7639999;0.098;0.244999984;1;1377976556
-31.099747;1.7639999;0.147;0.196;1;1377987933
-31.086432;1.7639999;0.098;0.196;1;1378001248
-31.075738;1.813;0.147;0.147;1;1378011942
-31.059888;1.7639999;0.098;0.147;1;1378027792
-31.048781;1.7639999;0.098;0.147;1;1378038899
-31.034913;1.7639999;0.098;0.196;1;1378052767
-31.010069;1.813;0.098;0.196;1;1378077611
-30.999800;1.7639999;0.147;0.147;1;1378087880
-30.985846;1.7149999;0.098;0.196;1;1378101834
-30.974712;1.7639999;0.147;0.244999984;1;1378112968
-30.913757;1.7639999;0.098;0.196;1;1378173923
-30.900610;1.7639999;0.098;0.147;1;1378187070
-30.887196;1.813;0.147;0.196;1;1378200484
-30.876699;1.813;0.098;0.196;1;1378210981
-30.861882;1.7149999;0.147;0.244999984;1;1378225798
-30.848673;1.7639999;0.098;0.196;1;1378239007
-30.837482;1.7639999;0.147;0.244999984;1;1378250198
-30.826824;1.7639999;0.147;0.196;1;1378260856
-30.809864;1.7639999;0.147;0.196;1;1378277816
-30.798054;1.7639999;0.147;0.147;1;1378289626
-30.776988;1.7639999;0.147;0.147;1;1378310692
-30.764581;1.7639999;0.147;0.147;1;1378323099
-30.747280;1.7149999;0.147;0.147;1;1378340400
-30.731364;1.813;0.147;0.147;1;1378356316
-30.711613;1.7149999;0.147;0.196;1;1378376067
-30.698231;1.7639999;0.098;0.244999984;1;1378389449
-30.686509;1.7639999;0.147;0.244999984;1;1378401171
-30.673773;1.7149999;0.098;0.196;1;1378413907
-30.660639;1.7639999;0.098;0.196;1;1378427041
-30.647019;1.7639999;0.147;0.196;1;1378440661
-30.621782;1.7149999;0.196;0.196;1;1378465898
-30.608882;1.7639999;0.147;0.147;1;1378478798
-30.596603;1.7639999;0.147;0.147;1;1378491077
-30.584736;1.7639999;0.147;0.196;1;1378502944
-30.573675;1.7639999;0.147;0.196;1;1378514005
-30.562024;1.7639999;0.098;0.196;1;1378525656
-30.548949;1.7639999;0.147;0.147;1;1378538731
-30.536226;1.7639999;0.098;0.196;1;1378551454
-30.521840;1.7639999;0.147;0.196;1;1378565840
-30.508834;1.813;0.196;0.147;1;1378578846
-30.491585;1.7639999;0.147;0.147;1;1378596095
-30.479013;1.7639999;0.196;0.147;1;1378608667
-30.439549;1.7639999;0.098;0.196;1;1378648131
-30.417685;1.7149999;0.147;0.244999984;1;1378669995
-30.404310;1.7639999;0.098;0.196;1;1378683370
-30.393164;1.7639999;0.147;0.196;1;1378694516
-30.379235;1.7639999;0.147;0.196;1;1378708445
-30.363830;1.813;0.147;0.147;1;1378723850
-30.349128;1.7149999;0.147;0.098;1;1378738552
-30.331321;1.7639999;0.196;0.147;1;1378756359
-30.317910;1.862;0.098;0.147;1;1378769770
-30.300677;1.7639999;0.147;0.147;1;1378787003
-30.277056;1.7639999;0.147;0.147;1;1378810624
-30.265835;1.7639999;0.147;0.147;1;1378821845
-30.250124;1.7639999;0.098;0.244999984;1;1378837556
-30.232917;1.7149999;0.147;0.196;1;1378854763
-30.217659;1.7149999;0.098;0.196;1;1378870021
-30.201584;1.813;0.147;0.196;1;1378886096
-30.175928;1.7639999;0.098;0.147;1;1378911752
-30.164353;1.7639999;0.098;0.147;1;1378923327
-30.149591;1.7639999;0.147;0.196;1;1378938089
-30.111736;1.7639999;0.147;0.244999984;1;1378975944
-30.098039;1.7639999;0.098;0.244999984;1;1378989641
-30.086695;1.7639999;0.098;0.196;1;1379000985
-30.074619;1.7639999;0.098;0.147;1;1379013061
-30.062004;1.7639999;0.147;0.196;1;1379025676
-30.018438;1.7639999;0.147;0.147;1;1379069242
-30.007624;1.813;0.098;0.147;1;1379080056
-29.993886;1.7639999;0.196;0.196;1;1379093794
-29.982841;1.813;0.147;0.147;1;1379104839
-29.970209;1.813;0.147;0.196;1;1379117471
-29.959042;1.7639999;0.098;0.196;1;1379128638
-29.946752;1.7639999;0.098;0.196;1;1379140928
-29.931841;1.7639999;0.147;0.196;1;1379155839
-29.911579;1.813;0.098;0.196;1;1379176101
-29.896343;1.7639999;0.049;0.196;1;1379191337
-29.884852;1.7639999;0.098;0.147;1;1379202828
-29.872130;1.813;0.147;0.196;1;1379215550
-29.860430;1.7639999;0.196;0.244999984;1;1379227250
-29.847619;1.7639999;0.098;0.147;1;1379240061
-29.836925;1.7639999;0.147;0.196;1;1379250755
-29.820943;1.813;0.098;0.244999984;1;1379266737
-29.801249;1.7639999;0.147;0.196;1;1379286431
-29.785334;1.7149999;0.147;0.244999984;1;1379302346
-29.774149;1.7639999;0.098;0.196;1;1379313531
-29.763149;1.7639999;0.147;0.196;1;1379324531
-29.752521;1.813;0.098;0.196;1;1379335159
-29.731657;1.7639999;0.147;0.147;1;1379356023
-29.719456;1.7639999;0.147;0.196;1;1379368224
-29.708662;1.813;0.147;0.196;1;1379379018
-29.694277;1.7639999;0.147;0.196;1;1379393403
-29.683565;1.7639999;0.147;0.196;1;1379404115
-29.672564;1.7639999;0.147;0.147;1;1379415116
-29.661668;1.813;0.147;0.196;1;1379426012
-29.647953;1.7639999;0.098;0.196;1;1379439727
-29.636588;1.7639999;0.098;0.196;1;1379451092
-29.625263;1.7639999;0.098;0.147;1;1379462417
-29.579020;1.7639999;0.147;0.244999984;1;1379508660
-29.556731;1.7639999;0.098;0.147;1;1379530949
-29.538166;1.813;0.098;0.196;1;1379549514
-29.521243;1.7639999;0.147;0.196;1;1379566437
-29.509655;1.7639999;0.147;0.196;1;1379578025
-29.497776;1.7149999;0.196;0.196;1;1379589904
-29.484798;1.813;0.147;0.196;1;1379602882
-29.473226;1.7639999;0.147;0.147;1;1379614454
-29.460651;1.7639999;0.147;0.147;1;1379627029
-29.449934;1.813;0.098;0.196;1;1379637746
-29.436559;1.7639999;0.147;0.196;1;1379651121
-29.425322;1.7639999;0.098;0.147;1;1379662358
-29.414675;1.813;0.147;0.147;1;1379673005
-29.392839;1.7639999;0.098;0.196;1;1379694841
-29.381357;1.7639999;0.147;0.196;1;1379706323
-29.370335;1.7639999;0.147;0.147;1;1379717345
-29.349246;1.7149999;0.147;0.196;1;1379738434
-29.337798;1.7639999;0.098;0.196;1;1379749882
-29.325127;1.7639999;0.098;0.196;1;1379762553
-29.314443;1.7149999;0.147;0.196;1;1379773237
-29.301666;1.813;0.147;0.196;1;1379786014
-29.286191;1.7639999;0.196;0.147;1;1379801489
-29.275477;1.7639999;0.098;0.147;1;1379812203
-29.263391;1.813;0.098;0.147;1;1379824289
-29.241632;1.7639999;0.098;0.147;1;1379846048
-29.224645;1.7639999;0.147;0.147;1;1379863035
-29.201238;1.7639999;0.147;0.196;1;1379886442
-29.187170;1.7639999;0.147;0.196;1;1379900510
-29.175832;1.7639999;0.098;0.147;1;1379911848
-29.164077;1.813;0.147;0.196;1;1379923603
-29.153725;1.7639999;0.147;0.147;1;1379933955
-29.111965;1.7149999;0.147;0.196;1;1379975715
-29.098054;1.813;0.098;0.147;1;1379989626
-29.081915;1.7639999;0.147;0.196;1;1380005765
-29.067162;1.7639999;0.147;0.147;1;1380020518
-29.044205;1.7639999;0.147;0.147;1;1380043475
-29.020102;1.7639999;0.147;0.196;1;1380067578
-29.007885;1.813;0.147;0.147;1;1380079795
-28.996566;1.7639999;0.147;0.196;1;1380091114
-28.983257;1.7639999;0.147;0.196;1;1380104423
-28.972499;1.7639999;0.098;0.147;1;1380115181
-28.939527;1.7149999;0.147;0.147;1;1380148153
-28.926394;1.7639999;0.098;0.147;1;1380161286
-28.911363;1.813;0.098;0.147;1;1380176317
-28.894534;1.7639999;0.147;0.196;1;1380193146
-28.881425;1.813;0.098;0.244999984;1;1380206255
-28.870538;1.7639999;0.147;0.196;1;1380217142
-28.857500;1.666;0.147;0.147;1;1380230180
-28.841944;1.7639999;0.147;0.196;1;1380245736
-28.827812;1.813;0.098;0.196;1;1380259868
-28.816513;1.7639999;0.098;0.147;1;1380271167
-28.804050;1.813;0.049;0.196;1;1380283630
-28.792065;1.813;0.098;0.196;1;1380295615
-28.776935;1.7639999;0.147;0.147;1;1380310745
-28.765840;1.7639999;0.147;0.147;1;1380321840
-28.740468;1.7639999;0.147;0.196;1;1380347212
-28.726027;1.7149999;0.147;0.196;1;1380361653
-28.711364;1.7639999;0.098;0.147;1;1380376316
-28.697114;1.7639999;0.147;0.196;1;1380390566
-28.652961;1.7639999;0.098;0.147;1;1380434719
-28.641127;1.7639999;0.098;0.196;1;1380446553
-28.618627;1.7639999;0.098;0.196;1;1380469053
-28.605602;1.7149999;0.098;0.196;1;1380482078
-28.586696;1.7149999;0.147;0.196;1;1380500984
-28.574833;1.7639999;0.147;0.196;1;1380512847
-28.561594;1.813;0.147;0.196;1;1380526086
-28.537412;1.7639999;0.147;0.196;1;1380550268
-28.521805;1.7149999;0.098;0.196;1;1380565875
-28.509588;1.7639999;0.098;0.147;1;1380578092
-28.496843;1.7639999;0.098;0.196;1;1380590837
-28.484776;1.7149999;0.196;0.147;1;1380602904
-28.473590;1.813;0.098;0.147;1;1380614090
-28.460212;1.7639999;0.147;0.196;1;1380627468
-28.442831;1.7639999;0.098;0.147;1;1380644849
-28.431753;1.7639999;0.147;0.098;1;1380655927
-28.411920;1.7149999;0.147;0.196;1;1380675760
-28.400913;1.813;0.098;0.147;1;1380686767
-28.387595;1.813;0.147;0.196;1;1380700085
-28.376338;1.7149999;0.147;0.147;1;1380711342
-28.363487;1.7639999;0.098;0.147;1;1380724193
-28.346771;1.7149999;0.147;0.196;1;1380740909
-28.335632;1.7639999;0.098;0.196;1;1380752048
-28.324619;1.7639999;0.098;0.147;1;1380763061
-28.308818;1.7149999;0.147;0.196;1;1380778862
-28.297905;1.7639999;0.098;0.196;1;1380789775
-28.275740;1.813;0.147;0.244999984;1;1380811940
-28.264671;1.7639999;0.196;0.147;1;1380823009
-28.233248;1.7639999;0.147;0.147;1;1380854432
-28.216459;1.7639999;0.147;0.147;1;1380871221
-28.204045;1.7639999;0.147;0.147;1;1380883635
-28.190631;1.813;0.147;0.196;1;1380897049
-28.179873;1.813;0.147;0.196;1;1380907807
-28.168925;1.7639999;0.098;0.196;1;1380918755
-28.157740;1.813;0.098;0.196;1;1380929940
-28.146609;1.7639999;0.098;0.147;1;1380941071
-28.135684;1.7639999;0.196;0.244999984;1;1380951996
-28.121306;1.813;0.147;0.196;1;1380966374
-28.108208;1.7639999;0.147;0.196;1;1380979472
-28.097764;1.7639999;0.098;0.196;1;1380989916
-28.071513;1.7149999;0.147;0.147;1;1381016167
-28.060452;1.7639999;0.147;0.196;1;1381027228
-28.049013;1.7639999;0.098;0.147;1;1381038667
-28.031169;1.813;0.098;0.147;1;1381056511
-28.018633;1.7639999;0.147;0.196;1;1381069047
-28.002838;1.7639999;0.098;0.147;1;1381084842
-27.991856;1.813;0.147;0.147;1;1381095824
-27.980739;1.7639999;0.196;0.147;1;1381106941
-27.969878;1.7639999;0.147;0.196;1;1381117802
-27.957664;1.7639999;0.147;0.147;1;1381130016
-27.946903;1.7639999;0.147;0.147;1;1381140777
-27.935921;1.7639999;0.147;0.147;1;1381151759
-27.924954;1.813;0.098;0.196;1;1381162726
-27.913612;1.7639999;0.147;0.196;1;1381174068
-27.898313;1.7639999;0.147;0.147;1;1381189367
-27.887447;1.7639999;0.098;0.147;1;1381200233
-27.843482;1.813;0.147;0.196;1;1381244198
-27.832042;1.7639999;0.098;0.196;1;1381255638
-27.814528;1.7639999;0.098;0.196;1;1381273152
-27.802948;1.7149999;0.196;0.196;1;1381284732
-27.791923;1.7639999;0.196;0.196;1;1381295757
-27.776152;1.7149999;0.147;0.147;1;1381311528
-27.765016;1.813;0.098;0.147;1;1381322664
-27.752496;1.813;0.147;0.196;1;1381335184
-27.741155;1.813;0.098;0.147;1;1381346525
-27.728522;1.7639999;0.147;0.147;1;1381359158
-27.711755;1.7639999;0.147;0.196;1;1381375925
-27.693493;1.7639999;0.098;0.196;1;1381394187
-27.680245;1.813;0.098;0.196;1;1381407435
-27.669805;1.7639999;0.147;0.244999984;1;1381417875
-27.652338;1.7639999;0.147;0.196;1;1381435342
-27.641933;1.7639999;0.098;0.196;1;1381445747
-27.630177;1.7639999;0.098;0.196;1;1381457503
-27.612894;1.813;0.147;0.098;1;1381474786
-27.596036;1.7639999;0.098;0.244999984;1;1381491644
-27.584169;1.7639999;0.147;0.147;1;1381503511
-27.573251;1.813;0.147;0.196;1;1381514429
-27.562662;1.813;0.147;0.147;1;1381525018
-27.548626;1.7639999;0.147;0.147;1;1381539054
-27.531194;1.7639999;0.147;0.147;1;1381556486
-27.519676;1.7639999;0.147;0.147;1;1381568004
-27.500072;1.7639999;0.098;0.244999984;1;1381587608
-27.483094;1.7639999;0.147;0.196;1;1381604586
-27.469574;1.7639999;0.147;0.244999984;1;1381618106
-27.458885;1.7639999;0.196;0.196;1;1381628795
-27.439208;1.7639999;0.196;0.196;1;1381648472
-27.386555;1.7639999;0.147;0.196;1;1381701125
-27.372734;1.7639999;0.098;0.196;1;1381714946
-27.354328;1.7639999;0.147;0.196;1;1381733352
-27.343907;1.7639999;0.196;0.196;1;1381743773
-27.331608;1.7149999;0.098;0.147;1;1381756072
-27.312305;1.7639999;0.098;0.196;1;1381775375
-27.301931;1.7639999;0.147;0.147;1;1381785749
-27.277314;1.7149999;0.196;0.147;1;1381810366
-27.265126;1.813;0.147;0.147;1;1381822554
-27.240912;1.813;0.147;0.196;1;1381846768
-27.228534;1.813;0.196;0.196;1;1381859146
-27.216502;1.7639999;0.147;0.147;1;1381871178
-27.201642;1.7149999;0.147;0.147;1;1381886038
-27.174382;1.7639999;0.098;0.147;1;1381913298
-27.155144;1.7149999;0.098;0.147;1;1381932536
-27.144176;1.7639999;0.147;0.196;1;1381943504
-27.133270;1.813;0.098;0.147;1;1381954410
-27.106448;1.7639999;0.147;0.196;1;1381981232
-27.095770;1.7639999;0.147;0.147;1;1381991910
-27.084325;1.813;0.147;0.196;1;1382003355
-27.072201;1.7149999;0.196;0.196;1;1382015479
-27.041821;1.7149999;0.147;0.196;1;1382045859
-27.026446;1.7639999;0.098;0.196;1;1382061234
-27.015940;1.813;0.098;0.147;0;1382071740
-27.003565;1.813;0.147;0.147;2;1382084115
-26.970066;1.7639999;0.098;0.147;1;1382117614
-26.942236;1.7639999;0.147;0.147;1;1382145444
-26.918288;1.7639999;0.147;0.147;1;1382169392
-26.902815;1.7149999;0.196;0.244999984;1;1382184865
-26.889812;1.7149999;0.147;0.244999984;1;1382197868
-26.878934;1.7149999;0.147;0.196;1;1382208746
-26.867073;1.7149999;0.147;0.147;1;1382220607
-26.842166;1.813;0.098;0.147;1;1382245514
-26.822920;1.813;0.147;0.147;1;1382264760
-26.802778;1.7639999;0.098;0.196;1;1382284902
-26.778844;1.7639999;0.098;0.244999984;1;1382308836
-26.766939;1.7639999;0.147;0.196;1;1382320741
-26.753834;1.7149999;0.196;0.196;1;1382333846
-26.741227;1.7639999;0.147;0.147;1;1382346453
-26.730126;1.7639999;0.147;0.196;1;1382357554
-26.719552;1.7639999;0.147;0.147;1;1382368128
-26.708973;1.7639999;0.098;0.147;1;1382378707
-26.679933;1.7639999;0.196;0.196;1;1382407747
-26.667218;1.7639999;0.098;0.196;1;1382420462
-26.640867;1.813;0.098;0.196;1;1382446813
-26.627894;1.7149999;0.147;0.196;1;1382459786
-26.616967;1.7639999;0.196;0.196;1;1382470713
-26.602863;1.7639999;0.098;0.196;1;1382484817
-26.578365;1.7639999;0.147;0.244999984;1;1382509315
-26.565778;1.7149999;0.147;0.147;1;1382521902
-26.517771;1.7639999;0.098;0.196;1;1382569909
-26.505917;1.7639999;0.098;0.147;1;1382581763
-26.479752;1.7639999;0.196;0.196;1;1382607928
-26.468443;1.7639999;0.147;0.244999984;1;1382619237
-26.457667;1.7149999;0.147;0.244999984;1;1382630013
-26.443265;1.7639999;0.147;0.196;1;1382644415
-26.430607;1.7639999;0.147;0.196;1;1382657073
-26.411648;1.7639999;0.098;0.147;1;1382676032
-26.397810;1.7639999;0.147;0.147;1;1382689870
-26.381621;1.813;0.147;0.196;1;1382706059
-26.369519;1.7639999;0.098;0.147;1;1382718161
-26.352878;1.7639999;0.147;0.196;1;1382734802
-26.337026;1.7639999;0.098;0.196;1;1382750654
-26.325711;1.7639999;0.098;0.244999984;1;1382761969
-26.287196;1.7149999;0.098;0.196;1;1382800484
-26.276740;1.7639999;0.098;0.196;1;1382810940
-26.263603;1.7639999;0.147;0.196;1;1382824077
-26.252713;1.7639999;0.098;0.147;1;1382834967
-26.241548;1.7639999;0.098;0.196;1;1382846132
-26.230927;1.7639999;0.147;0.196;1;1382856753
-26.219196;1.7639999;0.147;0.147;1;1382868484
-26.201763;1.7639999;0.098;0.098;1;1382885917
-26.186040;1.813;0.147;0.147;1;1382901640
-26.175330;1.813;0.147;0.196;1;1382912350
-26.163509;1.813;0.147;0.196;1;1382924171
-26.152213;1.7639999;0.147;0.147;1;1382935467
-26.137407;1.7639999;0.098;0.196;1;1382950273
-26.126184;1.813;0.098;0.196;1;1382961496
-26.082549;1.7639999;0.098;0.147;1;1383005131
-26.069337;1.7639999;0.098;0.196;1;1383018343
-26.058552;1.7639999;0.147;0.196;1;1383029128
-26.045101;1.7149999;0.098;0.147;1;1383042579
-26.025412;1.7639999;0.147;0.147;1;1383062268
-26.011007;1.7639999;0.147;0.244999984;1;1383076673
-25.992433;1.813;0.147;0.147;1;1383095247
-25.981854;1.7639999;0.147;0.147;1;1383105826
-25.970163;1.813;0.147;0.147;1;1383117517
-25.959295;1.813;0.098;0.196;1;1383128385
-25.948043;1.7639999;0.196;0.196;1;1383139637
-25.936767;1.7639999;0.147;0.147;1;1383150913
-25.924490;1.7639999;0.098;0.196;1;1383163190
-25.910088;1.7639999;0.098;0.196;1;1383177592
-25.896457;1.7639999;0.147;0.196;1;1383191223
-25.885728;1.813;0.147;0.147;1;1383201952
-25.872529;1.7639999;0.147;0.196;1;1383215151
-25.860780;1.813;0.147;0.147;1;1383226900
-25.848451;1.7639999;0.147;0.147;1;1383239229
-25.832926;1.7639999;0.196;0.196;1;1383254754
-25.819460;1.7639999;0.147;0.196;1;1383268220
-25.801331;1.7149999;0.098;0.147;1;1383286349
-25.790976;1.7639999;0.147;0.147;1;1383296704
-25.775265;1.7149999;0.147;0.147;1;1383312415
-25.764964;1.813;0.147;0.147;1;1383322716
-25.751688;1.7639999;0.098;0.147;1;1383335992
-25.740797;1.7149999;0.147;0.196;1;1383346883
-25.706714;1.7639999;0.098;0.147;1;1383380966
-25.675076;1.7639999;0.147;0.196;1;1383412604
-25.657868;1.7149999;0.196;0.196;1;1383429812
-25.646848;1.7639999;0.147;0.196;1;1383440832
-25.622854;1.7639999;0.098;0.147;1;1383464826
-25.611325;1.7639999;0.098;0.196;1;1383476355
-25.600781;1.7639999;0.098;0.196;1;1383486899
-25.583780;1.7149999;0.196;0.196;1;1383503900
-25.572756;1.813;0.147;0.147;1;1383514924
-25.559471;1.7149999;0.196;0.196;1;1383528209
-25.527977;1.7639999;0.147;0.147;1;1383559703
-25.515204;1.7639999;0.147;0.196;1;1383572476
-25.504727;1.7639999;0.147;0.196;1;1383582953
-25.493816;1.813;0.147;0.147;1;1383593864
-25.478126;1.7639999;0.098;0.196;1;1383609554
-25.466928;1.7639999;0.147;0.147;1;1383620752
-25.442201;1.7639999;0.147;0.196;1;1383645479
-25.428546;1.7639999;0.147;0.147;1;1383659134
-25.410241;1.7639999;0.147;0.196;1;1383677439
-25.396812;1.7149999;0.147;0.196;1;1383690868
-25.384298;1.7639999;0.147;0.147;1;1383703382
-25.371602;1.7639999;0.147;0.147;1;1383716078
-25.359158;1.7639999;0.147;0.147;1;1383728522
-25.347851;1.7639999;0.147;0.196;1;1383739829
-25.335480;1.7639999;0.098;0.196;1;1383752200
-25.324660;1.7639999;0.147;0.196;1;1383763020
-25.301276;1.7639999;0.196;0.147;1;1383786404
-25.288121;1.813;0.196;0.244999984;1;1383799559
-25.250191;1.7639999;0.147;0.196;1;1383837489
-25.232920;1.813;0.098;0.147;1;1383854760
-25.218437;1.7639999;0.147;0.196;1;1383869243
-25.207882;1.813;0.147;0.196;1;1383879798
-25.191817;1.7149999;0.147;0.147;1;1383895863
-25.178888;1.7639999;0.147;0.196;1;1383908792
-25.165947;1.7149999;0.147;0.147;1;1383921733
-25.143190;1.813;0.098;0.147;1;1383944490
-25.132617;1.7639999;0.147;0.147;1;1383955063
-25.121081;1.7639999;0.098;0.244999984;1;1383966599
-25.109743;1.666;0.147;0.196;1;1383977937
-25.096312;1.7639999;0.098;0.196;1;1383991368
-25.073292;1.7639999;0.147;0.196;1;1384014388
-25.062576;1.7149999;0.147;0.196;1;1384025104
-25.047054;1.7639999;0.147;0.147;1;1384040626
-25.030183;1.7639999;0.147;0.196;1;1384057497
-25.011643;1.7639999;0.147;0.196;1;1384076037
-24.997376;1.7639999;0.147;0.196;1;1384090304
-24.984537;1.7149999;0.196;0.196;1;1384103143
-24.970473;1.7639999;0.147;0.196;1;1384117207
-24.957944;1.7639999;0.098;0.196;1;1384129736
-24.945646;1.7639999;0.098;0.147;1;1384142034
-24.921767;1.7639999;0.098;0.147;1;1384165913
-24.906127;1.813;0.098;0.147;1;1384181553
-24.895272;1.7639999;0.147;0.196;1;1384192408
-24.882765;1.813;0.147;0.147;1;1384204915
-24.863171;1.666;0.196;0.196;1;1384224509
-24.852246;1.862;0.147;0.196;1;1384235434
-24.817899;1.7149999;0.147;0.147;1;1384269781
-24.806117;1.7639999;0.147;0.196;1;1384281563
-24.785350;1.813;0.098;0.196;1;1384302330
-24.774784;1.7639999;0.098;0.196;1;1384312896
-24.758908;1.7639999;0.098;0.147;1;1384328772
-24.747531;1.813;0.147;0.147;1;1384340149
-24.736267;1.7149999;0.196;0.196;1;1384351413
-24.725125;1.7639999;0.196;0.147;1;1384362555
-24.710521;1.7639999;0.147;0.147;1;1384377159
-24.697754;1.7639999;0.147;0.196;1;1384389926
-24.686156;1.7149999;0.147;0.196;1;1384401524
-24.674167;1.7639999;0.098;0.147;1;1384413513
-24.663158;1.7149999;0.098;0.196;1;1384424522
-24.649021;1.7639999;0.147;0.196;1;1384438659
-24.631546;1.7149999;0.147;0.196;1;1384456134
-24.611229;1.7639999;0.098;0.196;1;1384476451
-24.595711;1.7639999;0.098;0.196;1;1384491969
-24.584458;1.813;0.147;0.196;1;1384503222
-24.571869;1.7639999;0.098;0.147;1;1384515811
-24.559437;1.7639999;0.196;0.147;1;1384528243
-24.546889;1.7639999;0.196;0.244999984;1;1384540791
-24.531733;1.7639999;0.098;0.196;1;1384555947
-24.511302;1.7149999;0.196;0.196;1;1384576378
-24.498970;1.7639999;0.147;0.196;1;1384588710
-24.487060;1.7149999;0.147;0.147;1;1384600620
-24.476025;1.7639999;0.098;0.196;1;1384611655
-24.464294;1.7149999;0.147;0.196;1;1384623386
-24.447165;1.7639999;0.098;0.147;1;1384640515
-24.431608;1.7639999;0.098;0.098;1;1384656072
-24.411667;1.7639999;0.147;0.196;1;1384676013
-24.398632;1.7639999;0.098;0.196;1;1384689048
-24.356781;1.7639999;0.147;0.147;1;1384730899
-24.340434;1.7639999;0.098;0.196;1;1384747246
-24.313954;1.7639999;0.098;0.196;1;1384773726
-24.299800;1.7639999;0.098;0.098;1;1384787880
-24.287344;1.7149999;0.147;0.196;1;1384800336
-24.274751;1.7639999;0.147;0.147;1;1384812929
-24.259074;1.7639999;0.098;0.147;1;1384828606
-24.247866;1.7639999;0.147;0.196;1;1384839814
-24.231719;1.7639999;0.196;0.196;1;1384855961
-24.210935;1.7639999;0.098;0.147;1;1384876745
-24.194291;1.7149999;0.147;0.196;1;1384893389
-24.183531;1.7639999;0.147;0.098;1;1384904149
-24.171910;1.7639999;0.098;0.147;1;1384915770
-24.159022;1.7639999;0.098;0.147;1;1384928658
-24.145662;1.7639999;0.147;0.147;1;1384942018
-24.134215;1.7639999;0.147;0.098;1;1384953465
-24.112699;1.813;0.098;0.147;1;1384974981
-24.100974;1.7149999;0.147;0.147;1;1384986706
-24.075186;1.7639999;0.147;0.147;1;1385012494
-24.064669;1.7149999;0.147;0.196;1;1385023011
-24.051876;1.7639999;0.147;0.196;1;1385035804
-24.014153;1.7639999;0.147;0.147;1;1385073527
-23.995760;1.7639999;0.147;0.147;1;1385091920
-23.951883;1.813;0.098;0.196;1;1385135797
-23.936208;1.7639999;0.098;0.196;1;1385151472
-23.901622;1.7639999;0.147;0.196;1;1385186058
-23.887088;1.7639999;0.147;0.196;1;1385200592
-23.872174;1.7639999;0.098;0.244999984;1;1385215506
-23.861895;1.813;0.098;0.196;1;1385225785
-23.850360;1.7149999;0.147;0.147;1;1385237320
-23.830103;1.7639999;0.147;0.147;1;1385257577
-23.815181;1.7639999;0.196;0.147;1;1385272499
-23.801177;1.7639999;0.147;0.147;1;1385286503
-23.776448;1.7149999;0.147;0.244999984;1;1385311232
-23.764192;1.7149999;0.147;0.196;1;1385323488
-23.741642;1.7639999;0.147;0.196;1;1385346038
-23.727701;1.7149999;0.098;0.196;1;1385359979
-23.716197;1.813;0.147;0.196;1;1385371483
-23.705015;1.813;0.147;0.196;1;1385382665
-23.693745;1.7149999;0.147;0.147;1;1385393935
-23.682110;1.7149999;0.147;0.196;1;1385405570
-23.671231;1.7639999;0.147;0.147;1;1385416449
-23.641856;1.7639999;0.147;0.147;1;1385445824
-23.621622;1.7149999;0.147;0.196;1;1385466058
-23.606970;1.7149999;0.147;0.147;1;1385480710
-23.594658;1.7149999;0.147;0.196;1;1385493022
-23.583516;1.813;0.147;0.196;1;1385504164
-23.572803;1.7639999;0.098;0.196;1;1385514877
-23.538115;1.7639999;0.098;0.147;1;1385549565
-23.510369;1.813;0.147;0.196;1;1385577311
-23.496229;1.7639999;0.098;0.147;1;1385591451
-23.484977;1.7149999;0.196;0.147;1;1385602703
-23.472197;1.7149999;0.098;0.196;1;1385615483
-23.461135;1.7639999;0.098;0.196;1;1385626545
-23.447852;1.7639999;0.196;0.196;1;1385639828
-23.431761;1.7639999;0.098;0.196;1;1385655919
-23.411741;1.813;0.098;0.098;1;1385675939
-23.397769;1.7639999;0.098;0.147;1;1385689911
-23.385951;1.7639999;0.147;0.147;1;1385701729
-23.374168;1.7639999;0.098;0.147;1;1385713512
-23.363000;1.7639999;0.098;0.196;1;1385724680
-23.346104;1.7639999;0.147;0.196;1;1385741576
-23.321818;1.7639999;0.147;0.098;1;1385765862
-23.306544;1.7639999;0.147;0.147;1;1385781136
-23.295097;1.7639999;0.098;0.147;1;1385792583
-23.283752;1.7639999;0.098;0.244999984;1;1385803928
-23.271510;1.7639999;0.147;0.196;1;1385816170
-23.240412;1.7149999;0.147;0.147;1;1385847268
-23.226990;1.7639999;0.147;0.196;1;1385860690
-23.211839;1.7639999;0.147;0.196;1;1385875841
-23.195918;1.7639999;0.147;0.196;1;1385891762
-23.179383;1.7149999;0.147;0.147;1;1385908297
-23.168736;1.7639999;0.147;0.196;1;1385918944
-23.144822;1.813;0.098;0.196;1;1385942858
-23.127878;1.813;0.147;0.147;1;1385959802
-23.079439;1.813;0.098;0.098;1;1386008241
-23.064510;1.7639999;0.147;0.147;1;1386023170
-23.053789;1.813;0.147;0.196;1;1386033891
-23.039990;1.813;0.098;0.196;1;1386047690
-23.020286;1.7639999;0.098;0.196;1;1386067394
-23.006765;1.7639999;0.147;0.196;1;1386080915
-22.994393;1.813;0.147;0.147;1;1386093287
-22.980216;1.7149999;0.147;0.147;1;1386107464
-22.952031;1.7639999;0.147;0.196;1;1386135649
-22.929276;1.7639999;0.147;0.244999984;1;1386158404
-22.918956;1.813;0.098;0.196;1;1386168724
-22.899240;1.7639999;0.147;0.147;1;1386188440
-22.873841;1.7639999;0.196;0.196;1;1386213839
-22.860724;1.813;0.147;0.196;1;1386226956
-22.848597;1.7149999;0.098;0.147;1;1386239083
-22.830106;1.7639999;0.147;0.196;1;1386257574
-22.819162;1.7149999;0.098;0.147;1;1386268518
-22.801725;1.7639999;0.147;0.196;1;1386285955
-22.771958;1.7639999;0.147;0.196;1;1386315722
-22.760384;1.7639999;0.098;0.196;1;1386327296
-22.749654;1.7639999;0.098;0.196;1;1386338026
-22.734419;1.7639999;0.098;0.196;1;1386353261
-22.703210;1.7639999;0.147;0.244999984;1;1386384470
-22.692573;1.7639999;0.147;0.147;1;1386395107
-22.680740;1.7639999;0.147;0.196;1;1386406940
-22.637706;1.7639999;0.147;0.196;1;1386449974
-22.612488;1.7639999;0.147;0.147;1;1386475192
-22.599945;1.813;0.098;0.147;1;1386487735
-22.575892;1.7639999;0.098;0.244999984;1;1386511788
-22.564958;1.7639999;0.147;0.196;1;1386522722
-22.551431;1.813;0.147;0.196;1;1386536249
-22.517067;1.813;0.244999984;0.147;1;1386570613
-22.505300;1.7639999;0.098;0.147;1;1386582380
-22.491742;1.7149999;0.147;0.147;1;1386595938
-22.478248;1.7639999;0.098;0.147;1;1386609432
-22.467215;1.7639999;0.098;0.147;1;1386620465
-22.449516;1.7639999;0.147;0.147;1;1386638164
-22.437717;1.7639999;0.147;0.196;1;1386649963
-22.411772;1.813;0.147;0.196;1;1386675908
-22.396684;1.7639999;0.098;0.147;1;1386690996
-22.385542;1.7639999;0.098;0.196;1;1386702138
-22.373303;1.7639999;0.147;0.196;1;1386714377
-22.362500;1.7149999;0.147;0.196;1;1386725180
-22.348883;1.7639999;0.147;0.196;1;1386738797
-22.331779;1.813;0.147;0.244999984;1;1386755901
-22.320506;1.7639999;0.098;0.147;1;1386767174
-22.309097;1.7639999;0.098;0.196;1;1386778583
-22.296934;1.813;0.098;0.196;1;1386790746
-22.285083;1.7639999;0.147;0.196;1;1386802597
-22.272049;1.7639999;0.098;0.196;1;1386815631
-22.252499;1.7639999;0.147;0.147;1;1386835181
-22.239209;1.7639999;0.098;0.147;1;1386848471
-22.202515;1.7639999;0.098;0.147;1;1386885165
-22.191744;1.7149999;0.147;0.196;1;1386895936
-22.176637;1.7149999;0.147;0.244999984;1;1386911043
-22.164420;1.7149999;0.147;0.147;1;1386923260
-22.148565;1.7639999;0.098;0.147;1;1386939115
-22.137354;1.7639999;0.147;0.147;1;1386950326
-22.125446;1.7149999;0.098;0.147;1;1386962234
-22.114315;1.813;0.098;0.147;1;1386973365
-22.102876;1.7639999;0.147;0.196;1;1386984804
-22.076103;1.7639999;0.196;0.196;1;1387011577
-22.064031;1.813;0.147;0.196;1;1387023649
-22.053404;1.7149999;0.147;0.196;1;1387034276
-22.031161;1.7639999;0.098;0.196;1;1387056519
-22.020524;1.7639999;0.147;0.196;1;1387067156
-22.007451;1.7639999;0.147;0.147;1;1387080229
-21.994392;1.7149999;0.147;0.147;1;1387093288
-21.983743;1.7639999;0.147;0.196;1;1387103937
-21.972468;1.7639999;0.147;0.196;1;1387115212
-21.959369;1.7639999;0.098;0.098;1;1387128311
-21.945713;1.813;0.098;0.244999984;1;1387141967
-21.934608;1.7639999;0.147;0.196;1;1387153072
-21.911607;1.7149999;0.098;0.147;1;1387176073
-21.897591;1.7149999;0.147;0.147;1;1387190089
-21.885980;1.7639999;0.098;0.196;1;1387201700
-21.874312;1.7639999;0.098;0.244999984;1;1387213368
-21.862177;1.7149999;0.147;0.196;1;1387225503
-21.846802;1.7639999;0.147;0.147;1;1387240878
-21.830990;1.7149999;0.147;0.147;1;1387256690
-21.818955;1.7639999;0.147;0.147;1;1387268725
-21.777994;1.7639999;0.147;0.147;1;1387309686
-21.764156;1.7639999;0.098;0.147;1;1387323524
-21.744175;1.813;0.098;0.196;1;1387343505
-21.712579;1.813;0.147;0.196;1;1387375101
-21.698876;1.7639999;0.147;0.196;1;1387388804
-21.687309;1.7639999;0.147;0.196;1;1387400371
-21.675308;1.7639999;0.098;0.196;1;1387412372
-21.662393;1.7639999;0.098;0.244999984;1;1387425287
-21.649114;1.7149999;0.147;0.098;1;1387438566
-21.632928;1.7639999;0.098;0.196;1;1387454752
-21.620724;1.813;0.147;0.196;1;1387466956
-21.609779;1.862;0.098;0.147;1;1387477901
-21.596960;1.7639999;0.098;0.147;1;1387490720
-21.585789;1.7639999;0.147;0.196;1;1387501891
-21.574779;1.7639999;0.147;0.196;1;1387512901
-21.561740;1.813;0.147;0.244999984;1;1387525940
-21.546417;1.7639999;0.147;0.147;1;1387541263
-21.535730;1.7639999;0.147;0.147;1;1387551950
-21.524945;1.7149999;0.147;0.147;1;1387562735
-21.512016;1.813;0.147;0.147;1;1387575664
-21.498554;1.7639999;0.147;0.196;1;1387589126
-21.487941;1.813;0.147;0.196;1;1387599739
-21.476664;1.7639999;0.147;0.196;1;1387611016
-21.466023;1.7149999;0.098;0.196;1;1387621657
-21.447999;1.7149999;0.147;0.196;1;1387639681
-21.424000;1.7639999;0.147;0.147;1;1387663680
-21.412832;1.7149999;0.196;0.244999984;1;1387674848
-21.351318;1.7639999;0.147;0.196;1;1387736362
-21.327588;1.813;0.098;0.147;1;1387760092
-21.316098;1.7639999;0.098;0.244999984;1;1387771582
-21.298753;1.7149999;0.098;0.196;1;1387788927
-21.282832;1.7639999;0.098;0.196;1;1387804848
-21.271482;1.7639999;0.147;0.196;1;1387816198
-21.259114;1.7639999;0.098;0.244999984;1;1387828566
-21.244137;1.7639999;0.098;0.147;1;1387843543
-21.227214;1.7149999;0.098;0.147;1;1387860466
-21.214803;1.7639999;0.147;0.196;1;1387872877
-21.201292;1.813;0.098;0.147;1;1387886388
-21.178882;1.7639999;0.147;0.196;0;1387908798
-21.166676;1.813;0.098;0.196;1;1387921004
-21.141995;1.7639999;0.147;0.196;1;1387945685
-21.128218;1.7149999;0.147;0.196;1;1387959462
-21.115958;1.7149999;0.098;0.196;1;1387971722
-21.100214;1.7149999;0.147;0.196;1;1387987466
-21.077669;1.7639999;0.196;0.196;1;1388010011
-21.066770;1.813;0.196;0.147;1;1388020910
-21.042370;1.813;0.147;0.147;1;1388045310
-21.028854;1.813;0.147;0.147;1;1388058826
-21.011261;1.7639999;0.147;0.196;1;1388076419
-20.997368;1.7639999;0.098;0.196;1;1388090312
-20.986240;1.7149999;0.147;0.196;1;1388101440
-20.975828;1.7639999;0.147;0.147;1;1388111852
-20.964822;1.7149999;0.147;0.196;1;1388122858
-20.928164;1.7639999;0.147;0.147;1;1388159516
-20.916278;1.7639999;0.147;0.196;1;1388171402
-20.896675;1.7639999;0.147;0.147;1;1388191005
-20.884468;1.7639999;0.147;0.244999984;1;1388203212
-20.873053;1.7639999;0.147;0.196;1;1388214627
-20.860296;1.7639999;0.098;0.196;1;1388227384
-20.846831;1.7639999;0.147;0.196;1;1388240849
-20.832422;1.7639999;0.098;0.196;1;1388255258
-20.819687;1.813;0.147;0.196;1;1388267993
-20.802264;1.7639999;0.196;0.196;1;1388285416
-20.791982;1.813;0.098;0.196;1;1388295698
-20.780271;1.7149999;0.147;0.196;1;1388307409
-20.768672;1.813;0.196;0.147;1;1388319008
-20.744570;1.7639999;0.147;0.147;1;1388343110
-20.729394;1.7639999;0.147;0.147;1;1388358286
-20.709982;1.7639999;0.098;0.147;1;1388377698
-20.695332;1.813;0.098;0.147;1;1388392348
-20.684345;1.7639999;0.147;0.147;1;1388403335
-20.672353;1.813;0.098;0.244999984;1;1388415327
-20.660683;1.7149999;0.098;0.196;1;1388426997
-20.645157;1.813;0.147;0.196;1;1388442523
-20.633375;1.7149999;0.147;0.196;1;1388454305
-20.584512;1.7639999;0.147;0.196;1;1388503168
-20.549949;1.7639999;0.147;0.196;1;1388537731
-20.531151;1.813;0.147;0.196;1;1388556529
-20.515014;1.7639999;0.098;0.147;1;1388572666
-20.503775;1.7639999;0.147;0.147;1;1388583905
-20.464876;1.7639999;0.098;0.147;1;1388622804
-20.448742;1.7639999;0.147;0.196;1;1388638938
-20.430213;1.7639999;0.098;0.196;1;1388657467
-20.419770;1.7639999;0.147;0.196;0;1388667910
-20.407284;1.7639999;0.147;0.196;2;1388680396
-20.396780;1.7639999;0.147;0.147;1;1388690900
-20.384158;1.7639999;0.098;0.196;1;1388703522
-20.372945;1.7149999;0.098;0.147;1;1388714735
-20.354964;1.7639999;0.147;0.147;1;1388732716
-20.342495;1.7639999;0.147;0.147;1;1388745185
-20.322843;1.7639999;0.098;0.147;1;1388764837
-20.309535;1.7639999;0.147;0.196;1;1388778145
-20.298556;1.7149999;0.196;0.196;1;1388789124
-20.275899;1.7639999;0.147;0.147;1;1388811781
-20.247564;1.7639999;0.098;0.196;1;1388840116
-20.236579;1.7639999;0.098;0.147;1;1388851101
-20.212910;1.7149999;0.098;0.196;1;1388874770
-20.199288;1.7639999;0.147;0.196;1;1388888392
-20.175249;1.7149999;0.147;0.147;1;1388912431
-20.164862;1.813;0.098;0.196;1;1388922818
-20.147883;1.7639999;0.147;0.196;1;1388939797
-20.135463;1.7639999;0.098;0.196;1;1388952217
-20.112918;1.7639999;0.098;0.147;1;1388974762
-20.101908;1.813;0.147;0.147;1;1388985772
-20.075191;1.7149999;0.147;0.147;1;1389012489
-20.035691;1.813;0.098;0.147;1;1389051989
-20.016919;1.7149999;0.196;0.244999984;1;1389070761
-20.004685;1.7639999;0.147;0.196;1;1389082995
-19.993780;1.7639999;0.147;0.196;1;1389093900
-19.982286;1.7149999;0.147;0.196;1;1389105394
-19.971118;1.7149999;0.147;0.196;1;1389116562
-19.945916;1.813;0.147;0.147;1;1389141764
-19.934004;1.666;0.196;0.196;1;1389153676
-19.906579;1.7639999;0.147;0.147;1;1389181101
-19.895287;1.7639999;0.098;0.244999984;1;1389192393
-19.884455;1.813;0.147;0.196;1;1389203225
-19.873255;1.813;0.147;0.196;1;1389214425
-19.860822;1.666;0.147;0.196;1;1389226858
-19.849029;1.7639999;0.147;0.196;1;1389238651
-19.834805;1.7149999;0.098;0.196;1;1389252875
-19.809783;1.7639999;0.098;0.098;1;1389277897
-19.794040;1.7639999;0.098;0.147;1;1389293640
-19.781636;1.813;0.147;0.147;1;1389306044
-19.769590;1.813;0.147;0.098;1;1389318090
-19.752579;1.7149999;0.147;0.147;1;1389335101
-19.731121;1.7639999;0.147;0.147;1;1389356559
-19.712476;1.7149999;0.147;0.244999984;1;1389375204
-19.699251;1.7639999;0.098;0.196;1;1389388429
-19.657416;1.7639999;0.196;0.147;1;1389430264
-19.642848;1.7149999;0.196;0.147;1;1389444832
-19.630579;1.7149999;0.098;0.196;1;1389457101
-19.600941;1.7149999;0.147;0.098;1;1389486739
-19.585336;1.7639999;0.147;0.196;1;1389502344
-19.574600;1.7149999;0.098;0.196;1;1389513080
-19.562345;1.7149999;0.147;0.196;1;1389525335
-19.550590;1.7639999;0.196;0.196;1;1389537090
-19.537582;1.7639999;0.147;0.196;1;1389550098
-19.521746;1.813;0.147;0.147;1;1389565934
-19.507391;1.7639999;0.147;0.147;1;1389580289
-19.494453;1.813;0.098;0.147;1;1389593227
-19.480525;1.7149999;0.147;0.147;1;1389607155
-19.467043;1.7639999;0.147;0.147;1;1389620637
-19.454126;1.7639999;0.147;0.196;1;1389633554
-19.439776;1.7639999;0.147;0.196;1;1389647904
-19.428771;1.7639999;0.147;0.244999984;1;1389658909
-19.410250;1.813;0.147;0.147;1;1389677430
-19.399268;1.813;0.196;0.294;1;1389688412
-19.384249;1.7639999;0.098;0.244999984;1;1389703431
-19.373923;1.7639999;0.147;0.196;1;1389713757
-19.358747;1.7639999;0.147;0.098;1;1389728933
-19.342302;1.7639999;0.147;0.147;1;1389745378
-19.329448;1.813;0.098;0.196;1;1389758232
-19.317736;1.7149999;0.098;0.196;1;1389769944
-19.306899;1.813;0.098;0.147;1;1389780781
-19.292900;1.7639999;0.196;0.196;1;1389794780
-19.276885;1.7639999;0.147;0.196;1;1389810795
-19.265929;1.7639999;0.147;0.196;1;1389821751
-19.230516;1.7639999;0.098;0.147;1;1389857164
-19.212711;1.7639999;0.098;0.196;1;1389874969
-19.197601;1.7639999;0.147;0.147;1;1389890079
-19.184509;1.7639999;0.098;0.147;1;1389903171
-19.170792;1.7149999;0.147;0.196;1;1389916888
-19.156979;1.813;0.147;0.196;1;1389930701
-19.145858;1.7639999;0.196;0.147;1;1389941822
-19.134672;1.7639999;0.147;0.196;1;1389953008
-19.123924;1.7639999;0.147;0.196;1;1389963756
-19.112712;1.7639999;0.147;0.244999984;1;1389974968
-19.099846;1.7639999;0.147;0.147;1;1389987834
-19.082435;1.7639999;0.196;0.196;1;1390005245
-19.071851;1.7639999;0.147;0.196;1;1390015829
-19.058668;1.7149999;;0.022;1;1390029012
-19.047868;1.7639999;0.098;0.147;1;1390039812
-19.035780;1.7639999;0.147;0.196;1;1390051900
-19.011696;1.7639999;0.147;0.098;1;1390075984
-18.998121;1.7149999;0.098;0.147;1;1390089559
-18.987116;1.7149999;0.147;0.147;1;1390100564
-18.973552;1.7639999;0.147;0.147;1;1390114128
-18.962413;1.7639999;0.098;0.196;1;1390125267
-18.946605;1.7149999;0.147;0.147;1;1390141075
-18.931303;1.813;0.098;0.244999984;1;1390156377
-18.911592;1.7639999;0.147;0.147;1;1390176088
-18.897254;1.7639999;0.098;0.147;1;1390190426
-18.885519;1.7639999;0.147;0.098;1;1390202161
-18.874864;1.7639999;0.147;0.147;1;1390212816
-18.861849;1.7639999;0.147;0.147;1;1390225831
-18.846925;1.7639999;0.147;0.147;1;1390240755
-18.821706;1.7639999;0.098;0.196;1;1390265974
-18.781125;1.813;0.147;0.147;1;1390306555
-18.765348;1.7639999;0.147;0.147;1;1390322332
-18.742552;1.7639999;0.147;0.196;1;1390345128
-18.731910;1.813;0.098;0.196;1;1390355770
-18.709883;1.7639999;0.196;0.147;1;1390377797
-18.695130;1.7149999;0.147;0.196;1;1390392550
-18.684488;1.813;0.147;0.196;1;1390403192
-18.673032;1.7639999;0.147;0.196;1;1390414648
-18.657966;1.7639999;0.098;0.147;1;1390429714
-18.645593;1.813;0.098;0.196;1;1390442087
-18.631401;1.7149999;0.147;0.147;1;1390456279
-18.611274;1.813;0.147;0.147;1;1390476406
-18.596180;1.7149999;0.147;0.147;1;1390491500
-18.584950;1.7639999;0.147;0.147;1;1390502730
-18.573991;1.7639999;0.147;0.147;1;1390513689
-18.560583;1.7639999;0.147;0.147;1;1390527097
-18.546342;1.7639999;0.147;0.196;1;1390541338
-18.535912;1.7639999;0.147;0.147;1;1390551768
-18.524790;1.813;0.147;0.196;1;1390562890
-18.501752;1.813;0.147;0.196;1;1390585928
-18.475437;1.7639999;0.147;0.196;1;1390612243
-18.463529;1.7639999;0.147;0.196;1;1390624151
-18.449486;1.7149999;0.147;0.196;1;1390638194
-18.438936;1.7149999;0.147;0.147;1;1390648744
-18.426162;1.7639999;0.098;0.196;1;1390661518
-18.415530;1.813;0.098;0.147;1;1390672150
-18.403623;1.813;0.098;0.147;1;1390684057
-18.392909;1.7639999;0.147;0.147;1;1390694771
-18.346340;1.7149999;0.196;0.196;1;1390741340
-18.314448;1.7149999;0.147;0.244999984;1;1390773232
-18.303781;1.7639999;0.196;0.147;1;1390783899
-18.276012;1.862;0.098;0.196;1;1390811668
-18.263944;1.7639999;0.147;0.196;1;1390823736
-18.252483;1.7639999;0.147;0.244999984;1;1390835197
-18.232917;1.7639999;0.147;0.196;1;1390854763
-18.220640;1.7639999;0.147;0.244999984;1;1390867040
-18.200870;1.7639999;0.147;0.196;1;1390886810
-18.176645;1.7639999;0.147;0.196;1;1390911035
-18.165175;1.7639999;0.147;0.147;1;1390922505
-18.150412;1.813;0.098;0.196;1;1390937268
-18.139872;1.813;0.147;0.147;1;1390947808
-18.127368;1.813;0.147;0.147;1;1390960312
-18.115681;1.7639999;0.147;0.147;1;1390971999
-18.103656;1.7639999;0.147;0.196;1;1390984024
-18.092867;1.7639999;0.147;0.196;1;1390994813
-18.079396;1.7639999;0.098;0.196;1;1391008284
-18.068603;1.7639999;0.098;0.196;1;1391019077
-18.053779;1.813;0.098;0.147;1;1391033901
-18.032878;1.7639999;0.098;0.196;1;1391054802
-18.012848;1.813;0.098;0.196;1;1391074832
-17.997372;1.7639999;0.147;0.196;1;1391090308
-17.979696;1.813;0.147;0.196;1;1391107984
-17.966843;1.7149999;0.147;0.196;1;1391120837
-17.951881;1.813;0.049;0.147;1;1391135799
-17.938740;1.813;0.147;0.147;1;1391148940
-17.912631;1.7639999;0.147;0.196;1;1391175049
-17.877848;1.7639999;0.196;0.196;1;1391209832
-17.866885;1.7639999;0.098;0.196;1;1391220795
-17.853754;1.813;0.147;0.196;1;1391233926
-17.836785;1.7639999;0.098;0.196;1;1391250895
-17.812843;1.7639999;0.098;0.196;1;1391274837
-17.798982;1.7149999;0.147;0.196;1;1391288698
-17.787852;1.7639999;0.196;0.244999984;1;1391299828
-17.776325;1.813;0.147;0.244999984;1;1391311355
-17.765944;1.813;0.147;0.196;1;1391321736
-17.749962;1.7639999;0.147;0.147;1;1391337718
-17.732914;1.7149999;0.196;0.147;1;1391354766
-17.721667;1.7149999;0.147;0.196;1;1391366013
-17.685785;1.813;0.147;0.196;1;1391401895
-17.674225;1.7639999;0.147;0.147;1;1391413455
-17.663937;1.813;0.098;0.098;1;1391423743
-17.642936;1.7639999;0.147;0.147;1;1391444744
-17.608200;1.7639999;0.147;0.147;1;1391479480
-17.597736;1.7149999;0.196;0.196;1;1391489944
-17.575098;1.7639999;0.098;0.196;1;1391512582
-17.561902;1.813;0.147;0.196;1;1391525778
-17.542918;1.7639999;0.147;0.147;1;1391544762
-17.507660;1.7149999;0.196;0.196;1;1391580020
-17.496772;1.813;0.196;0.196;1;1391590908
-17.448826;1.7639999;0.147;0.196;1;1391638854
-17.420709;1.7149999;0.196;0.196;1;1391666971
-17.407172;1.7149999;0.147;0.147;1;1391680508
-17.395849;1.7639999;0.098;0.147;1;1391691831
-17.381509;1.813;0.147;0.147;1;1391706171
-17.370922;1.7639999;0.147;0.196;1;1391716758
-17.358491;1.7639999;0.147;0.196;1;1391729189
-17.342898;1.7639999;0.147;0.196;1;1391744782
-17.328720;1.7639999;0.098;0.196;1;1391758960
-17.312527;1.813;0.147;0.147;1;1391775153
-17.298941;1.7639999;0.196;0.196;1;1391788739
-17.284888;1.7639999;0.147;0.196;1;1391802792
-17.270509;1.7639999;0.196;0.196;1;1391817171
-17.259767;1.813;0.147;0.196;1;1391827913
-17.247168;1.7639999;0.196;0.196;1;1391840512
-17.235473;1.7639999;0.196;0.147;1;1391852207
-17.201282;1.7639999;0.147;0.196;1;1391886398
-17.186549;1.813;0.147;0.147;1;1391901131
-17.173356;1.7149999;0.098;0.147;1;1391914324
-17.159252;1.7639999;0.098;0.196;1;1391928428
-17.146640;1.7639999;0.147;0.147;1;1391941040
-17.133563;1.7149999;0.147;0.196;1;1391954117
-17.107148;1.7149999;0.147;0.147;1;1391980532
-17.096214;1.813;0.147;0.147;1;1391991466
-17.071798;1.7639999;0.147;0.196;1;1392015882
-17.031039;1.7639999;0.147;0.196;1;1392056641
-17.007461;1.813;0.147;0.244999984;1;1392080219
-16.996253;1.813;0.098;0.196;1;1392091427
-16.979887;1.7639999;0.147;0.147;1;1392107793
-16.968429;1.7639999;0.098;0.147;1;1392119251
-16.954516;1.7639999;0.147;0.147;1;1392133164
-16.931722;1.813;0.147;0.147;1;1392155958
-16.919274;1.7639999;0.147;0.196;1;1392168406
-16.902470;1.7639999;0.147;0.244999984;1;1392185210
-16.891362;1.7639999;0.098;0.196;1;1392196318
-16.880356;1.7639999;0.147;0.244999984;1;1392207324
-16.869967;1.813;0.147;0.196;1;1392217713
-16.850608;1.813;0.147;0.196;1;1392237072
-16.832915;1.813;0.147;0.196;1;1392254765
-16.802857;1.813;0.098;0.196;1;1392284823
-16.790504;1.7639999;0.147;0.196;1;1392297176
-16.777752;1.7639999;0.147;0.147;1;1392309928
-16.766831;1.813;0.098;0.196;1;1392320849
-16.751172;1.7639999;0.196;0.147;1;1392336508
-16.732916;1.7639999;0.147;0.196;1;1392354764
-16.721560;1.7639999;0.098;0.196;1;1392366120
-16.702882;1.7639999;0.098;0.196;1;1392384798
-16.678840;1.7639999;0.147;0.147;1;1392408840
-16.666439;1.813;0.098;0.196;1;1392421241
-16.644960;1.813;0.147;0.196;1;1392442720
-16.632987;1.7639999;0.147;0.196;1;1392454693
-16.597322;1.7639999;0.098;0.196;1;1392490358
-16.582225;1.813;0.147;0.196;1;1392505455
-16.570526;1.7639999;0.098;0.196;1;1392517154
-16.543182;1.813;0.147;0.196;1;1392544498
-16.532984;1.7149999;0.147;0.196;1;1392554696
-16.508428;1.7639999;0.147;0.196;1;1392579252
-16.496930;1.7639999;0.147;0.196;1;1392590750
-16.483253;1.7639999;0.147;0.147;1;1392604427
-16.472171;1.7639999;0.147;0.196;1;1392615509
-16.460478;1.7639999;0.147;0.196;1;1392627202
-16.439741;1.7639999;0.147;0.147;1;1392647939
-16.425267;1.7639999;0.098;0.244999984;1;1392662413
-16.413304;1.7639999;0.147;0.244999984;1;1392674376
-16.402083;1.7639999;0.147;0.098;1;1392685597
-16.390741;1.7639999;0.049;0.196;1;1392696939
-16.376392;1.7639999;0.098;0.196;1;1392711288
-16.365473;1.7639999;0.147;0.196;1;1392722207
-16.331758;1.7639999;0.196;0.147;1;1392755922
-16.319802;1.7639999;0.098;0.147;1;1392767878
-16.301936;1.7639999;0.147;0.196;1;1392785744
-16.290054;1.813;0.147;0.196;1;1392797626
-16.275508;1.7149999;0.196;0.196;1;1392812172
-16.263704;1.7639999;0.147;0.147;1;1392823976
-16.249378;1.7639999;0.147;0.147;1;1392838302
-16.231797;1.7639999;0.098;0.147;1;1392855883
-16.202037;1.7639999;0.049;0.147;1;1392885643
-16.148235;1.7639999;0.147;0.196;1;1392939445
-16.137784;1.813;0.147;0.244999984;1;1392949896
-16.124679;1.7639999;0.196;0.196;1;1392963001
-16.113800;1.7639999;0.196;0.196;1;1392973880
-16.098496;1.7639999;0.098;0.196;1;1392989184
-16.086781;1.7639999;0.147;0.147;1;1393000899
-16.075185;1.7639999;0.147;0.244999984;1;1393012495
-16.064710;1.7639999;0.196;0.196;1;1393022970
-16.050251;1.7149999;0.147;0.196;1;1393037429
-16.039741;1.813;0.147;0.196;1;1393047939
-16.028359;1.813;0.098;0.147;1;1393059321
-16.010823;1.7639999;0.098;0.244999984;1;1393076857
-15.998421;1.7639999;0.147;0.196;1;1393089259
-15.987183;1.7639999;0.147;0.244999984;1;1393100497
-15.976226;1.7639999;0.147;0.196;1;1393111454
-15.965930;1.7639999;0.147;0.196;1;1393121750
-15.948898;1.7639999;0.147;0.196;1;1393138782
-15.932837;1.7639999;0.147;0.147;1;1393154843
-15.920392;1.813;0.147;0.098;1;1393167288
-15.906704;1.7639999;0.098;0.196;1;1393180976
-15.895821;1.7639999;0.147;0.196;1;1393191859
-15.884471;1.813;0.098;0.147;1;1393203209
-15.873821;1.7149999;0.147;0.147;1;1393213859
-15.863013;1.7639999;0.049;0.098;1;1393224667
-15.846819;1.7639999;0.147;0.244999984;1;1393240861
-15.835534;1.7639999;0.147;0.147;1;1393252146
-15.825021;1.7639999;0.147;0.147;1;1393262659
-15.812005;1.7639999;0.098;0.098;1;1393275675
-15.795565;1.7149999;0.147;0.147;1;1393292115
-15.782833;1.813;0.147;0.147;1;1393304847
-15.771885;1.7639999;0.147;0.147;1;1393315795
-15.737739;1.813;0.147;0.196;1;1393349941
-15.696186;1.7639999;0.147;0.196;1;1393391494
-15.683813;1.7639999;0.098;0.244999984;1;1393403867
-15.670496;1.813;0.147;0.147;1;1393417184
-15.659365;1.813;0.196;0.196;1;1393428315
-15.647935;1.813;0.098;0.147;1;1393439745
-15.631761;1.7639999;0.098;0.098;1;1393455919
-15.620552;1.7639999;0.098;0.196;1;1393467128
-15.601775;1.813;0.098;0.196;1;1393485905
-15.576117;1.813;0.147;0.147;1;1393511563
-15.564965;1.7639999;0.196;0.196;1;1393522715
-15.551654;1.813;0.098;0.196;1;1393536026
-15.539816;1.7639999;0.098;0.196;1;1393547864
-15.528494;1.7639999;0.147;0.196;1;1393559186
-15.517013;1.7639999;0.147;0.244999984;1;1393570667
-15.505453;1.7149999;0.147;0.196;1;1393582227
-15.494814;1.7639999;0.147;0.196;1;1393592866
-15.453652;1.7149999;0.098;0.196;1;1393634028
-15.439916;1.7639999;0.147;0.147;1;1393647764
-15.410330;1.7639999;0.147;0.147;1;1393677350
-15.399535;1.7639999;0.098;0.147;1;1393688145
-15.376241;1.862;0.098;0.147;1;1393711439
-15.365665;1.7639999;0.147;0.196;1;1393722015
-15.348989;1.7639999;0.147;0.147;1;1393738691
-15.332886;1.7149999;0.147;0.147;1;1393754794
-15.297938;1.7639999;0.147;0.196;1;1393789742
-15.285555;1.813;0.098;0.196;1;1393802125
-15.273010;1.7639999;0.147;0.196;1;1393814670
-15.254194;1.813;0.147;0.196;1;1393833486
-15.243924;1.7639999;0.196;0.196;1;1393843756
-15.231623;1.7639999;0.098;0.147;1;1393856057
-15.218856;1.7639999;0.147;0.196;1;1393868824
-15.192781;1.7639999;0.147;0.147;1;1393894899
-15.178535;1.7639999;0.098;0.196;1;1393909145
-15.167760;1.7639999;0.147;0.147;1;1393919920
-15.152107;1.813;0.098;0.196;1;1393935573
-15.141972;1.813;0.147;0.147;1;1393945708
-15.128335;1.7149999;0.147;0.196;1;1393959345
-15.116941;1.7639999;0.098;0.147;1;1393970739
-15.105772;1.813;0.098;0.196;1;1393981908
-15.094683;1.7639999;0.098;0.196;1;1393992997
-15.083486;1.7639999;0.147;0.147;1;1394004194
-15.072161;1.7639999;0.147;0.147;1;1394015519
-15.044698;1.7639999;0.147;0.196;1;1394042982
-15.033834;1.7639999;0.147;0.147;1;1394053846
-15.010713;1.7149999;0.196;0.196;1;1394076967
-14.998912;1.813;0.147;0.147;1;1394088768
-14.985320;1.7639999;0.098;0.147;1;1394102360
-14.974265;1.862;0.147;0.147;1;1394113415
-14.963413;1.7149999;0.147;0.196;1;1394124267
-14.936623;1.813;0.098;0.147;1;1394151057
-14.921781;1.7639999;0.098;0.196;1;1394165899
-14.875033;1.7639999;0.147;0.196;1;1394212647
-14.861675;1.7639999;0.147;0.196;1;1394226005
-14.847351;1.7639999;0.098;0.196;1;1394240329
-14.836058;1.7639999;0.147;0.147;1;1394251622
-14.824072;1.7639999;0.098;0.147;1;1394263608
-14.812966;1.7639999;0.098;0.196;1;1394274714
-14.798762;1.7149999;0.098;0.196;1;1394288918
-14.787896;1.7639999;0.147;0.196;1;1394299784
-14.774362;1.7639999;0.098;0.196;1;1394313318
-14.763349;1.7149999;0.147;0.147;1;1394324331
-14.749042;1.813;0.098;0.196;1;1394338638
-14.738366;1.7149999;0.147;0.244999984;1;1394349314
-14.726803;1.7639999;0.098;0.244999984;1;1394360877
-14.711231;1.7639999;0.098;0.147;1;1394376449
-14.697634;1.7639999;0.196;0.147;1;1394390046
-14.675542;1.7639999;0.098;0.196;1;1394412138
-14.664790;1.7639999;0.147;0.196;1;1394422890
-14.649271;1.7639999;0.098;0.147;1;1394438409
-14.638568;1.813;0.147;0.147;1;1394449112
-14.611623;1.7639999;0.147;0.196;1;1394476057
-14.597758;1.7639999;0.147;0.196;1;1394489922
-14.575568;1.813;0.147;0.147;1;1394512112
-14.564495;1.7639999;0.147;0.196;1;1394523185
-14.552276;1.862;0.147;0.147;1;1394535404
-14.532531;1.7639999;0.147;0.147;1;1394555149
-14.520092;1.7639999;0.098;0.147;1;1394567588
-14.496676;1.862;0.098;0.147;1;1394591004
-14.485914;1.7639999;0.098;0.147;1;1394601766
-14.440807;1.7149999;0.147;0.196;1;1394646873
-14.426225;1.7639999;0.098;0.244999984;1;1394661455
-14.413326;1.7639999;0.147;0.147;1;1394674354
-14.400766;1.7639999;0.147;0.147;1;1394686914
-14.376005;1.7639999;0.147;0.147;1;1394711675
-14.363912;1.7639999;0.147;0.147;1;1394723768
-14.341564;1.7639999;0.147;0.196;1;1394746116
-14.327544;1.7639999;0.098;0.147;1;1394760136
-14.316649;1.7639999;0.098;0.196;1;1394771031
-14.291619;1.7149999;0.147;0.196;1;1394796061
-14.276221;1.7639999;0.147;0.196;1;1394811459
-14.262321;1.7639999;0.196;0.196;1;1394825359
-14.247568;1.7639999;0.147;0.196;1;1394840112
-14.231753;1.7639999;0.196;0.098;1;1394855927
-14.217564;1.7639999;0.147;0.147;1;1394870116
-14.199265;1.7639999;0.098;0.196;1;1394888415
-14.175701;1.7639999;0.098;0.196;1;1394911979
-14.164832;1.7639999;0.098;0.196;1;1394922848
-14.149073;1.7639999;0.098;0.196;1;1394938607
-14.136952;1.7639999;0.098;0.196;1;1394950728
-14.125101;1.7639999;0.098;0.147;1;1394962579
-14.113208;1.7639999;0.147;0.147;1;1394974472
-14.102885;1.7639999;0.147;0.196;1;1394984795
-14.092035;1.7639999;0.098;0.147;1;1394995645
-14.075924;1.7639999;0.147;0.147;1;1395011756
-14.064694;1.7639999;0.098;0.147;1;1395022986
-14.053920;1.7639999;0.147;0.196;1;1395033760
-14.042701;1.7639999;0.147;0.147;1;1395044979
-14.008380;1.7639999;0.098;0.147;1;1395079300
-13.976736;1.7639999;0.098;0.196;1;1395110944
-13.965996;1.813;0.049;0.196;1;1395121684
-13.951117;1.7639999;0.147;0.147;1;1395136563
-13.940727;1.7639999;0.147;0.196;1;1395146953
-13.929070;1.862;0.098;0.196;1;1395158610
-13.911763;1.813;0.147;0.147;1;1395175917
-13.894638;1.7639999;0.098;0.147;1;1395193042
-13.883179;1.813;0.147;0.244999984;1;1395204501
-13.871244;1.7149999;0.147;0.147;1;1395216436
-13.859697;1.7639999;0.147;0.196;1;1395227983
-13.847894;1.7639999;0.147;0.196;1;1395239786
-13.836763;1.813;0.098;0.196;1;1395250917
-13.811497;1.7639999;0.098;0.147;1;1395276183
-13.798292;1.7149999;0.147;0.196;1;1395289388
-13.784275;1.7639999;0.196;0.147;1;1395303405
-13.772757;1.7149999;0.196;0.244999984;1;1395314923
-13.761736;1.813;0.147;0.147;1;1395325944
-13.748079;1.7639999;0.147;0.196;1;1395339601
-13.737713;1.7639999;0.147;0.147;1;1395349967
-13.722027;1.7639999;0.196;0.196;1;1395365653
-13.700894;1.7639999;0.098;0.196;1;1395386786
-13.685124;1.813;0.147;0.147;1;1395402556
-13.674510;1.7639999;0.196;0.147;1;1395413170
-13.663111;1.7639999;0.098;0.196;1;1395424569
-13.651695;1.7639999;0.049;0.196;1;1395435985
-13.637446;1.813;0.098;0.196;1;1395450234
-13.626356;1.7149999;0.147;0.196;1;1395461324
-13.601217;1.7639999;0.098;0.196;1;1395486463
-13.543232;1.7639999;0.147;0.196;1;1395544448
-13.530933;1.813;0.098;0.196;1;1395556747
-13.501505;1.7639999;0.098;0.147;1;1395586175
-13.490837;1.813;0.049;0.147;1;1395596843
-13.477573;1.7639999;0.147;0.147;1;1395610107
-13.466945;1.7639999;0.147;0.147;1;1395620735
-13.450334;1.7639999;0.147;0.147;1;1395637346
-13.439812;1.7639999;0.196;0.196;1;1395647868
-13.428100;1.7639999;0.147;0.196;1;1395659580
-13.415308;1.7639999;0.196;0.196;1;1395672372
-13.404691;1.7639999;0.147;0.147;1;1395682989
-13.393890;1.7149999;0.147;0.196;1;1395693790
-13.377815;1.7639999;0.147;0.147;1;1395709865
-13.366877;1.7639999;0.147;0.196;1;1395720803
-13.330548;1.7639999;0.147;0.196;1;1395757132
-13.319854;1.813;0.147;0.196;1;1395767826
-13.302808;1.7639999;0.147;0.147;1;1395784872
-13.291652;1.7639999;0.098;0.196;1;1395796028
-13.280130;1.813;0.147;0.196;1;1395807550
-13.263139;1.7149999;0.098;0.196;1;1395824541
-13.249485;1.813;0.147;0.196;1;1395838195
-13.238728;1.7149999;0.147;0.196;1;1395848952
-13.226429;1.7149999;0.147;0.196;1;1395861251
-13.212892;1.813;0.098;0.196;1;1395874788
-13.198080;1.813;0.098;0.196;1;1395889600
-13.187666;1.7639999;0.147;0.196;1;1395900014
-13.157098;1.7639999;0.147;0.196;1;1395930582
-13.135374;1.813;0.147;0.098;1;1395952306
-13.107158;1.7639999;0.098;0.196;1;1395980522
-13.095980;1.7639999;0.147;0.244999984;1;1395991700
-13.082063;1.7639999;0.196;0.196;1;1396005617
-13.068657;1.7639999;0.147;0.196;1;1396019023
-13.057778;1.7639999;0.147;0.244999984;1;1396029902
-13.041479;1.7639999;0.098;0.196;1;1396046201
-13.028000;1.813;0.098;0.196;1;1396059680
-13.015672;1.813;0.147;0.196;1;1396072008
-13.002849;1.7639999;0.147;0.196;1;1396084831
-12.975979;1.7639999;0.147;0.147;1;1396111701
-12.964659;1.813;0.098;0.196;1;1396123021
-12.953908;1.7639999;0.147;0.196;1;1396133772
-12.940701;1.7149999;0.196;0.196;1;1396146979
-12.928463;1.7639999;0.196;0.147;1;1396159217
-12.914859;1.813;0.098;0.147;1;1396172821
-12.892833;1.7639999;0.147;0.196;1;1396194847
-12.880462;1.7149999;0.147;0.244999984;1;1396207218
-12.869856;1.7149999;0.147;0.196;1;1396217824
-12.857597;1.7639999;0.196;0.147;1;1396230083
-12.832902;1.813;0.098;0.147;1;1396254778
-12.821873;1.7149999;0.147;0.196;1;1396265807
-12.802828;1.7639999;0.147;0.196;1;1396284852
-12.778762;1.813;0.098;0.147;1;1396308918
-12.765059;1.813;0.147;0.196;1;1396322621
-12.742859;1.7149999;0.147;0.244999984;1;1396344821
-12.730446;1.7639999;0.147;0.244999984;1;1396357234
-12.700414;1.7639999;0.098;0.196;1;1396387266
-12.687053;1.7149999;0.196;0.147;1;1396400627
-12.675669;1.7639999;0.147;0.196;1;1396412011
-12.659497;1.813;0.098;0.196;1;1396428183
-12.648889;1.7639999;0.098;0.098;1;1396438791
-12.637935;1.7639999;0.147;0.196;1;1396449745
-12.621960;1.7149999;0.147;0.196;1;1396465720
-12.602840;1.7149999;0.147;0.196;1;1396484840
-12.585331;1.7639999;0.147;0.196;1;1396502349
-12.574699;1.7639999;0.098;0.196;1;1396512981
-12.563599;1.7639999;0.098;0.147;1;1396524081
-12.552801;1.7639999;0.147;0.244999984;1;1396534879
-12.541150;1.7639999;0.147;0.147;1;1396546530
-12.521817;1.7639999;0.147;0.147;1;1396565863
-12.501617;1.7639999;0.147;0.196;1;1396586063
-12.485489;1.7149999;0.147;0.196;1;1396602191
-12.474315;1.7639999;0.098;0.147;1;1396613365
-12.462962;1.7639999;0.147;0.147;1;1396624718
-12.451820;1.7639999;0.147;0.147;1;1396635860
-12.439789;1.7639999;0.147;0.196;1;1396647891
-12.420253;1.7639999;0.147;0.196;1;1396667427
-12.408119;1.813;0.147;0.244999984;1;1396679561
-12.397124;1.7149999;0.098;0.147;1;1396690556
-12.382633;1.7639999;0.147;0.244999984;1;1396705047
-12.371394;1.7639999;0.098;0.098;1;1396716286
-12.346077;1.813;0.098;0.196;1;1396741603
-12.330063;1.7639999;0.147;0.147;1;1396757617
-12.310096;1.7639999;0.147;0.196;1;1396777584
-12.295263;1.7639999;0.098;0.244999984;1;1396792417
-12.284186;1.813;0.147;0.244999984;1;1396803494
-12.246334;1.7639999;0.098;0.196;1;1396841346
-12.197471;1.813;0.098;0.147;1;1396890209
-12.185235;1.813;0.147;0.196;1;1396902445
-12.171460;1.7639999;0.147;0.147;1;1396916220
-12.159056;1.7639999;0.147;0.196;1;1396928624
-12.145645;1.813;0.098;0.196;1;1396942035
-12.134417;1.7639999;0.147;0.196;1;1396953263
-12.111710;1.7149999;0.147;0.196;1;1396975970
-12.097416;1.7639999;0.098;0.196;1;1396990264
-12.084420;1.813;0.098;0.196;1;1397003260
-12.073056;1.7639999;0.196;0.147;1;1397014624
-12.059074;1.813;0.147;0.147;1;1397028606
-12.044362;1.7149999;0.147;0.147;1;1397043318
-12.033971;1.862;0.147;0.196;1;1397053709
-12.023920;1.7639999;0.147;0.147;1;1397063760
-12.012860;1.813;0.196;0.147;1;1397074820
-12.001618;1.813;0.147;0.196;1;1397086062
-11.972856;1.7639999;0.098;0.196;1;1397114824
-11.958075;1.7149999;0.147;0.196;1;1397129605
-11.944639;1.7639999;0.147;0.196;1;1397143041
-11.929300;1.813;0.098;0.098;1;1397158380
-11.912897;1.7639999;0.098;0.147;1;1397174783
-11.901696;1.7639999;0.098;0.098;1;1397185984
-11.877083;1.813;0.147;0.196;1;1397210597
-11.865985;1.7639999;0.147;0.147;1;1397221695
-11.853384;1.7149999;0.147;0.244999984;1;1397234296
-11.815992;1.7149999;0.147;0.196;1;1397271688
-11.804084;1.7639999;0.147;0.196;1;1397283596
-11.788798;1.813;0.147;0.147;1;1397298882
-11.777707;1.813;0.147;0.147;1;1397309973
-11.763231;1.7639999;0.147;0.098;1;1397324449
-11.751871;1.7149999;0.098;0.196;1;1397335809
-11.738990;1.7639999;0.098;0.196;1;1397348690
-11.722908;1.7639999;0.147;0.147;1;1397364772
-11.707668;1.813;0.147;0.196;1;1397380012
-11.696781;1.813;0.147;0.196;1;1397390899
-11.684207;1.7639999;0.147;0.196;1;1397403473
-11.673726;1.7639999;0.147;0.244999984;1;1397413954
-11.657970;1.7639999;0.147;0.196;1;1397429710
-11.595903;1.813;0.098;0.196;1;1397491777
-11.583428;1.7149999;0.147;0.196;1;1397504252
-11.571145;1.813;0.147;0.147;1;1397516535
-11.560057;1.7639999;0.147;0.196;1;1397527623
-11.548153;1.7639999;0.147;0.147;1;1397539527
-11.531156;1.7149999;0.147;0.196;1;1397556524
-11.511643;1.7639999;0.098;0.244999984;1;1397576037
-11.494628;1.813;0.098;0.196;1;1397593052
-11.483342;1.7639999;0.098;0.147;1;1397604338
-11.471319;1.813;0.147;0.147;1;1397616361
-11.459735;1.7639999;0.098;0.147;1;1397627945
-11.447545;1.7639999;0.147;0.098;1;1397640135
-11.431814;1.7149999;0.147;0.147;1;1397655866
-11.411607;1.7639999;0.098;0.196;1;1397676073
-11.396843;1.7639999;0.147;0.244999984;1;1397690837
-11.363255;1.7639999;0.147;0.244999984;1;1397724425
-11.342810;1.7639999;0.147;0.147;1;1397744870
-11.313301;1.7639999;0.147;0.147;1;1397774379
-11.300251;1.7639999;0.147;0.147;1;1397787429
-11.276008;1.7639999;0.098;0.147;1;1397811672
-11.264959;1.7149999;0.196;0.196;1;1397822721
-11.238489;1.7639999;0.098;0.244999984;1;1397849191
-11.208071;1.862;0.098;0.196;1;1397879609
-11.197274;1.7639999;0.098;0.244999984;1;1397890406
-11.185346;1.7149999;0.147;0.196;1;1397902334
-11.173846;1.7639999;0.098;0.147;1;1397913834
-11.162241;1.7639999;0.147;0.147;1;1397925439
-11.151209;1.7639999;0.147;0.147;1;1397936471
-11.137352;1.813;0.098;0.196;1;1397950328
-11.126049;1.7639999;0.098;0.196;1;1397961631
-11.112779;1.7639999;0.098;0.196;1;1397974901
-11.101121;1.7639999;0.147;0.196;1;1397986559
-11.086033;1.7639999;0.147;0.196;1;1398001647
-11.073942;1.813;0.147;0.244999984;1;1398013738
-11.062145;1.813;0.098;0.196;1;1398025535
-11.050400;1.7639999;0.147;0.196;1;1398037280
-11.037779;1.7149999;0.196;0.196;1;1398049901
-11.026707;1.813;0.147;0.196;1;1398060973
-11.013716;1.7639999;0.196;0.196;1;1398073964
-11.000894;1.7639999;0.147;0.196;1;1398086786
-10.987580;1.7639999;0.098;0.196;1;1398100100
-10.949899;1.7639999;0.147;0.196;1;1398137781
-10.935117;1.7149999;0.147;0.147;1;1398152563
-10.923609;1.813;0.147;0.147;1;1398164071
-10.912773;1.7639999;0.098;0.147;1;1398174907
-10.901258;1.7149999;0.147;0.196;1;1398186422
-10.885670;1.7639999;0.196;0.147;1;1398202010
-10.874730;1.7639999;0.196;0.147;1;1398212950
-10.863527;1.813;0.098;0.196;1;1398224153
-10.839861;1.7639999;0.147;0.147;1;1398247819
-10.825740;1.7639999;0.147;0.147;1;1398261940
-10.809693;1.7639999;0.098;0.196;1;1398277987
-10.796273;1.7639999;0.147;0.196;1;1398291407
-10.785653;1.7149999;0.147;0.196;1;1398302027
-10.774011;1.7639999;0.147;0.196;1;1398313669
-10.762534;1.7639999;0.147;0.147;1;1398325146
-10.748329;1.813;0.147;0.196;1;1398339351
-10.729649;1.7639999;0.147;0.196;1;1398358031
-10.717188;1.813;0.147;0.147;1;1398370492
-10.693882;1.7149999;0.098;0.147;1;1398393798
-10.680798;1.7639999;0.147;0.147;1;1398406882
-10.668611;1.7639999;0.147;0.196;1;1398419069
-10.632807;1.7149999;0.147;0.147;1;1398454873
-10.602377;1.813;0.147;0.147;1;1398485303
-10.578576;1.7149999;0.196;0.147;1;1398509104
-10.566512;1.813;0.147;0.196;1;1398521168
-10.532819;1.7639999;0.147;0.244999984;1;1398554861
-10.520177;1.7639999;0.098;0.244999984;1;1398567503
-10.489585;1.7639999;0.098;0.244999984;1;1398598095
-10.475397;1.7639999;0.147;0.196;1;1398612283
-10.463617;1.7149999;0.147;0.147;1;1398624063
-10.446508;1.7639999;0.196;0.147;1;1398641172
-10.431733;1.7639999;0.098;0.098;1;1398655947
-10.419009;1.813;0.196;0.147;1;1398668671
-10.402364;1.7639999;0.098;0.196;1;1398685316
-10.388691;1.7149999;0.147;0.244999984;1;1398698989
-10.375918;1.813;0.098;0.196;1;1398711762
-10.364737;1.7149999;0.147;0.196;1;1398722943
-10.349757;1.7639999;0.147;0.196;1;1398737923
-10.332886;1.7639999;0.098;0.098;1;1398754794
-10.319907;1.7639999;0.147;0.196;1;1398767773
-10.304231;1.7639999;0.196;0.147;1;1398783449
-10.292510;1.7639999;0.098;0.196;1;1398795170
-10.281971;1.813;0.147;0.147;1;1398805709
-10.270780;1.7639999;0.147;0.147;1;1398816900
-10.259731;1.7639999;0.147;0.196;1;1398827949
-10.247803;1.862;0.098;0.147;1;1398839877
-10.236883;1.7639999;0.147;0.196;1;1398850797
-10.218543;1.7639999;0.098;0.196;1;1398869137
-10.200349;1.7639999;0.098;0.196;1;1398887331
-10.176172;1.7639999;0.098;0.196;1;1398911508
-10.165566;1.7639999;0.098;0.196;1;1398922114
-10.150069;1.7639999;0.147;0.196;1;1398937611
-10.138410;1.7639999;0.098;0.147;1;1398949270
-10.126279;1.813;0.147;0.196;1;1398961401
-10.114281;1.813;0.098;0.196;1;1398973399
-10.101791;1.813;0.147;0.147;1;1398985889
-10.067218;1.7639999;0.147;0.196;1;1399020462
-10.050180;1.7149999;0.098;0.147;1;1399037500
-10.037352;1.813;0.098;0.196;1;1399050328
-10.026587;1.7149999;0.147;0.147;1;1399061093
-10.010697;1.7639999;0.098;0.196;1;1399076983
-9.999036;1.7639999;0.147;0.196;1;1399088644
-9.985918;1.7639999;0.098;0.147;1;1399101762
-9.973704;1.7639999;0.196;0.196;1;1399113976
-9.961623;1.7639999;0.147;0.147;1;1399126057
-9.939755;1.7639999;0.147;0.147;1;1399147925
-9.926216;1.7639999;0.147;0.147;1;1399161464
-9.910937;1.7639999;0.196;0.147;1;1399176743
-9.895851;1.813;0.147;0.196;1;1399191829
-9.884557;1.813;0.147;0.147;1;1399203123
-9.873170;1.813;0.049;0.147;1;1399214510
-9.861561;1.7639999;0.098;0.196;1;1399226119
-9.846880;1.7639999;0.147;0.196;1;1399240800
-9.835097;1.813;0.147;0.147;1;1399252583
-9.823748;1.813;0.098;0.196;1;1399263932
-9.812802;1.7639999;0.098;0.196;1;1399274878
-9.801492;1.7639999;0.098;0.147;1;1399286188
-9.775280;1.7639999;0.147;0.196;1;1399312400
-9.764545;1.7639999;0.196;0.147;1;1399323135
-9.741840;1.7639999;0.147;0.196;1;1399345840
-9.710102;1.813;0.098;0.196;1;1399377578
-9.696676;1.7149999;0.147;0.147;1;1399391004
-9.685542;1.7639999;0.147;0.147;1;1399402138
-9.674076;1.813;0.147;0.147;1;1399413604
-9.663807;1.7639999;0.098;0.147;1;1399423873
-9.627878;1.813;0.147;0.196;1;1399459802
-9.611707;1.7639999;0.147;0.196;1;1399475973
-9.600298;1.7639999;0.147;0.196;1;1399487382
-9.576587;1.813;0.098;0.147;1;1399511093
-9.558735;1.7149999;0.147;0.147;1;1399528945
-9.548004;1.813;0.196;0.244999984;1;1399539676
-9.528141;1.7639999;0.098;0.147;1;1399559539
-9.517793;1.7639999;0.147;0.196;1;1399569887
-9.498051;1.7149999;0.147;0.196;1;1399589629
-9.473920;1.7639999;0.098;0.147;1;1399613760
-9.463006;1.7149999;0.196;0.196;1;1399624674
-9.446884;1.7149999;0.147;0.147;1;1399640796
-9.429329;1.813;0.098;0.196;1;1399658351
-9.418332;1.7149999;0.147;0.147;1;1399669348
-9.407697;1.7639999;0.147;0.147;1;1399679983
-9.396500;1.7639999;0.098;0.196;1;1399691180
-9.385532;1.813;0.098;0.196;1;1399702148
-9.374038;1.7639999;0.098;0.147;1;1399713642
-9.362559;1.813;0.098;0.196;1;1399725121
-9.346407;1.7149999;0.098;0.244999984;1;1399741273
-9.335806;1.813;0.147;0.196;1;1399751874
-9.310781;1.7149999;0.147;0.196;1;1399776899
-9.296006;1.7639999;0.098;0.147;1;1399791674
-9.284176;1.7149999;0.147;0.147;1;1399803504
-9.272940;1.7639999;0.147;0.147;1;1399814740
-9.260480;1.813;0.098;0.147;1;1399827200
-9.208378;1.813;0.147;0.147;1;1399879302
-9.186974;1.7639999;0.196;0.147;1;1399900706
-9.173773;1.862;0.098;0.098;1;1399913907
-9.161679;1.813;0.098;0.196;1;1399926001
-9.148600;1.7639999;0.147;0.196;1;1399939080
-9.137847;1.7639999;0.098;0.147;1;1399949833
-9.125164;1.7639999;0.196;0.196;1;1399962516
-9.098841;1.7149999;0.147;0.147;1;1399988839
-9.075183;1.813;0.098;0.196;1;1400012497
-9.064951;1.7639999;0.147;0.147;1;1400022729
-9.050401;1.7639999;0.147;0.196;1;1400037279
-9.039737;1.7639999;0.147;0.147;1;1400047943
-9.027784;1.813;0.098;0.147;1;1400059896
-9.016319;1.813;0.098;0.196;1;1400071361
-9.005506;1.7639999;0.147;0.147;1;1400082174
-8.994979;1.7639999;0.147;0.244999984;1;1400092701
-8.978698;1.813;0.147;0.196;1;1400108982
-8.967769;1.813;0.098;0.196;1;1400119911
-8.943592;1.7149999;0.196;0.196;1;1400144088
-8.929866;1.7149999;0.147;0.196;1;1400157814
-8.912909;1.813;0.147;0.147;1;1400174771
-8.899266;1.813;0.098;0.147;1;1400188414
-8.888990;1.7639999;0.098;0.147;1;1400198690
-8.875572;1.7639999;0.147;0.147;1;1400212108
-8.864955;1.813;0.098;0.147;1;1400222725
-8.828929;1.7639999;0.098;0.147;1;1400258751
-8.816396;1.7639999;0.098;0.196;1;1400271284
-8.805667;1.7639999;0.098;0.147;1;1400282013
-8.793833;1.7639999;0.147;0.196;1;1400293847
-8.779872;1.7639999;0.147;0.147;1;1400307808
-8.767789;1.7639999;0.147;0.196;1;1400319891
-8.752016;1.7149999;0.147;0.196;1;1400335664
-8.740764;1.7639999;0.147;0.147;1;1400346916
-8.727875;1.813;0.098;0.147;1;1400359805
-8.712851;1.7639999;0.098;0.196;1;1400374829
-8.697882;1.7639999;0.147;0.196;1;1400389798
-8.686884;1.7639999;0.098;0.196;1;1400400796
-8.673815;1.7149999;0.147;0.196;1;1400413865
-8.660522;1.7639999;0.147;0.196;1;1400427158
-8.648830;1.7639999;0.098;0.196;1;1400438850
-8.631516;1.7639999;0.147;0.147;1;1400456164
-8.612834;1.7639999;0.147;0.196;1;1400474846
-8.600417;1.813;0.098;0.147;1;1400487263
-8.575822;1.666;0.147;0.147;1;1400511858
-8.564179;1.7639999;0.098;0.196;1;1400523501
-8.549443;1.7149999;0.147;0.196;1;1400538237
-8.533101;1.7639999;0.098;0.147;1;1400554579
-8.511966;1.7149999;0.147;0.147;1;1400575714
-8.498182;1.7639999;0.098;0.147;1;1400589498
-8.486016;1.7639999;0.147;0.147;1;1400601664
-8.472065;1.7639999;0.147;0.147;1;1400615615
-8.454823;1.813;0.147;0.196;1;1400632857
-8.434024;1.813;0.147;0.196;1;1400653656
-8.399559;1.7639999;0.147;0.147;1;1400688121
-8.376570;1.813;0.147;0.196;1;1400711110
-8.350713;1.813;0.098;0.196;1;1400736967
-8.338734;1.7149999;0.098;0.196;1;1400748946
-8.323766;1.813;0.098;0.196;1;1400763914
-8.311451;1.813;0.098;0.196;1;1400776229
-8.300001;1.7639999;0.049;0.196;1;1400787679
-8.287000;1.7639999;0.147;0.196;1;1400800680
-8.273029;1.7149999;0.098;0.147;1;1400814651
-8.255299;1.7639999;0.147;0.147;1;1400832381
-8.242258;1.7639999;0.098;0.147;1;1400845422
-8.222879;1.7639999;0.098;0.196;1;1400864801
-8.209127;1.7639999;0.147;0.196;1;1400878553
-8.192797;1.7639999;0.147;0.147;1;1400894883
-8.175406;1.7639999;0.147;0.196;1;1400912274
-8.163299;1.7639999;0.147;0.244999984;1;1400924381
-8.147318;1.7639999;0.098;0.196;1;1400940362
-8.136254;1.813;0.147;0.147;1;1400951426
-8.112949;1.7639999;0.147;0.147;1;1400974731
-8.101712;1.7149999;0.196;0.244999984;1;1400985968
-8.090746;1.813;0.147;0.196;1;1400996934
-8.075811;1.7639999;0.098;0.147;1;1401011869
-8.063888;1.7639999;0.147;0.147;1;1401023792
-8.040887;1.7639999;0.147;0.147;1;1401046793
-8.028464;1.7639999;0.147;0.196;1;1401059216
-8.016026;1.813;0.098;0.147;1;1401071654
-7.999404;1.7639999;0.098;0.147;1;1401088276
-7.959347;1.813;0.147;0.147;1;1401128333
-7.940757;1.7639999;0.098;0.196;1;1401146923
-7.917805;1.7149999;0.098;0.147;1;1401169875
-7.901331;1.813;0.147;0.147;1;1401186349
-7.887606;1.7639999;0.147;0.147;1;1401200074
-7.871715;1.7639999;0.196;0.147;1;1401215965
-7.859323;1.813;0.098;0.196;1;1401228357
-7.842190;1.7639999;0.098;0.147;1;1401245490
-7.829836;1.7639999;0.049;0.196;1;1401257844
-7.809195;1.7639999;0.098;0.147;1;1401278485
-7.798062;1.7149999;0.147;0.147;1;1401289618
-7.783891;1.7639999;0.147;0.196;1;1401303789
-7.772913;1.7639999;0.098;0.147;1;1401314767
-7.757349;1.7639999;0.098;0.196;1;1401330331
-7.742589;1.7639999;0.098;0.147;1;1401345091
-7.728699;1.7149999;0.196;0.147;1;1401358981
-7.712083;1.7639999;0.147;0.147;1;1401375597
-7.692847;1.813;0.147;0.196;1;1401394833
-7.681153;1.813;0.147;0.147;1;1401406527
-7.670732;1.813;0.147;0.196;1;1401416948
-7.658102;1.7639999;0.147;0.196;1;1401429578
-7.619329;1.813;0.147;0.147;1;1401468351
-7.600831;1.7639999;0.196;0.196;1;1401486849
-7.578123;1.7639999;0.098;0.147;1;1401509557
-7.567062;1.813;0.147;0.244999984;1;1401520618
-7.550888;1.7639999;0.098;0.196;1;1401536792
-7.532870;1.7639999;0.098;0.196;1;1401554810
-7.521039;1.7639999;0.147;0.196;1;1401566641
-7.492601;1.7639999;0.147;0.147;1;1401595079
-7.476794;1.7639999;0.147;0.147;1;1401610886
-7.465603;1.7639999;0.147;0.147;1;1401622077
-7.450749;1.7639999;0.147;0.196;1;1401636931
-7.437470;1.7639999;0.098;0.147;1;1401650210
-7.426590;1.7639999;0.147;0.196;1;1401661090
-7.409387;1.7639999;0.147;0.244999984;1;1401678293
-7.398896;1.7639999;0.147;0.098;1;1401688784
-7.387585;1.7639999;0.147;0.147;1;1401700095
-7.376943;1.7639999;0.147;0.196;1;1401710737
-7.365194;1.813;0.098;0.244999984;1;1401722486
-7.340748;1.7639999;0.098;0.147;1;1401746932
-7.321630;1.7639999;0.147;0.147;1;1401766050
-7.307931;1.7639999;0.098;0.147;1;1401779749
-7.290646;1.813;0.098;0.147;1;1401797034
-7.279974;1.813;0.098;0.147;1;1401807706
-7.268087;1.7639999;0.147;0.196;1;1401819593
-7.251951;1.7639999;0.147;0.196;1;1401835729
-7.239078;1.813;0.147;0.196;1;1401848602
-7.227842;1.7639999;0.098;0.294;1;1401859838
-7.209615;1.7639999;0.147;0.196;1;1401878065
-7.198592;1.7639999;0.147;0.244999984;1;1401889088
-7.184789;1.7639999;0.196;0.147;1;1401902891
-7.172538;1.7639999;0.147;0.147;1;1401915142
-7.160182;1.7639999;0.147;0.196;1;1401927498
-7.149142;1.813;0.098;0.196;1;1401938538
-7.135924;1.7149999;0.147;0.196;1;1401951756
-7.123994;1.7639999;0.196;0.196;1;1401963686
-7.112307;1.7149999;0.147;0.244999984;1;1401975373
-7.098935;1.7639999;0.147;0.196;1;1401988745
-7.057206;1.813;0.147;0.196;1;1402030474
-7.041530;1.7639999;0.147;0.196;1;1402046150
-7.002802;1.7639999;0.147;0.196;1;1402084878
-6.973110;1.7639999;0.098;0.147;1;1402114570
-6.931762;1.7149999;0.098;0.098;1;1402155918
-6.920631;1.7639999;0.147;0.196;1;1402167049
-6.909833;1.7639999;0.049;0.147;1;1402177847
-6.891369;1.7639999;0.147;0.196;1;1402196311
-6.880037;1.813;0.196;0.147;1;1402207643
-6.866814;1.7639999;0.147;0.147;1;1402220866
-6.844287;1.7639999;0.098;0.244999984;1;1402243393
-6.821726;1.7639999;0.147;0.196;1;1402265954
-6.801458;1.7149999;0.147;0.244999984;1;1402286222
-6.786012;1.7639999;0.147;0.196;1;1402301668
-6.774541;1.7639999;0.147;0.147;1;1402313139
-6.763343;1.7639999;0.147;0.147;1;1402324337
-6.752551;1.7639999;0.147;0.098;1;1402335129
-6.741786;1.7639999;0.147;0.147;1;1402345894
-6.729912;1.7639999;0.147;0.147;1;1402357768
-6.711698;1.813;0.147;0.147;1;1402375982
-6.695791;1.7639999;0.098;0.196;1;1402391889
-6.652758;1.813;0.147;0.196;1;1402434922
-6.629354;1.7639999;0.147;0.196;1;1402458326
-6.581039;1.7639999;0.098;0.147;1;1402506641
-6.568600;1.813;0.098;0.147;1;1402519080
-6.542133;1.7639999;0.098;0.244999984;1;1402545547
-6.519854;1.7639999;0.098;0.244999984;1;1402567826
-6.507902;1.813;0.098;0.196;1;1402579778
-6.488638;1.7639999;0.098;0.147;1;1402599042
-6.476470;1.7639999;0.098;0.196;1;1402611210
-6.464204;1.7639999;0.098;0.147;1;1402623476
-6.451273;1.7639999;0.098;0.196;1;1402636407
-6.437059;1.7639999;0.098;0.196;1;1402650621
-6.420349;1.813;0.098;0.147;1;1402667331
-6.407734;1.7639999;0.147;0.147;1;1402679946
-6.396747;1.7639999;0.098;0.196;1;1402690933
-6.383921;1.813;0.098;0.147;1;1402703759
-6.372621;1.813;0.147;0.147;1;1402715059
-6.360271;1.7639999;0.147;0.196;1;1402727409
-6.349442;1.7639999;0.098;0.147;1;1402738238
-6.337098;1.813;0.098;0.196;1;1402750582
-6.321847;1.813;0.098;0.147;1;1402765833
-6.301589;1.7149999;0.147;0.196;1;1402786091
-6.285658;1.813;0.147;0.196;1;1402802022
-6.274607;1.7639999;0.196;0.147;1;1402813073
-6.263491;1.7149999;0.147;0.196;1;1402824189
-6.251196;1.7639999;0.196;0.196;1;1402836484
-6.237523;1.7639999;0.147;0.196;1;1402850157
-6.221771;1.7639999;0.098;0.196;1;1402865909
-6.201639;1.7639999;0.098;0.147;1;1402886041
-6.185220;1.7639999;0.098;0.196;1;1402902460
-6.172226;1.7639999;0.098;0.196;1;1402915454
-6.158908;1.7639999;0.098;0.196;1;1402928772
-6.112986;1.7639999;0.147;0.196;1;1402974694
-6.100244;1.813;0.098;0.244999984;1;1402987436
-6.080042;1.7149999;0.098;0.196;1;1403007638
-6.068550;1.7639999;0.196;0.147;1;1403019130
-6.044748;1.7639999;0.098;0.196;1;1403042932
-6.029949;1.813;0.098;0.196;1;1403057731
-6.007596;1.7639999;0.098;0.196;1;1403080084
-5.996897;1.7149999;0.098;0.196;1;1403090783
-5.985672;1.7639999;0.098;0.244999984;1;1403102008
-5.974661;1.7639999;0.147;0.244999984;1;1403113019
-5.932865;1.7639999;0.098;0.196;1;1403154815
-5.902836;1.813;0.098;0.196;1;1403184844
-5.891397;1.813;0.098;0.196;1;1403196283
-5.880758;1.7149999;0.147;0.196;1;1403206922
-5.869944;1.7639999;0.098;0.147;1;1403217736
-5.858780;1.7639999;0.147;0.147;1;1403228900
-5.847480;1.7149999;0.147;0.196;1;1403240200
-5.837041;1.7639999;0.147;0.147;1;1403250639
-5.822526;1.813;0.098;0.196;1;1403265154
-5.807836;1.813;0.147;0.147;1;1403279844
-5.794415;1.7149999;0.147;0.196;1;1403293265
-5.782959;1.7639999;0.098;0.196;1;1403304721
-5.771536;1.7639999;0.147;0.196;1;1403316144
-5.759465;1.7639999;0.147;0.196;1;1403328215
-5.747338;1.7639999;0.098;0.147;1;1403340342
-5.731731;1.7639999;0.147;0.147;1;1403355949
-5.711685;1.7639999;0.147;0.196;1;1403375995
-5.661567;1.813;0.098;0.196;1;1403426113
-5.644023;1.7149999;0.147;0.244999984;1;1403443657
-5.621047;1.7639999;0.147;0.196;1;1403466633
-5.606184;1.813;0.147;0.147;1;1403481496
-5.595381;1.7149999;0.147;0.196;1;1403492299
-5.581695;1.7639999;0.147;0.196;1;1403505985
-5.568000;1.813;0.098;0.147;1;1403519680
-5.557073;1.813;0.098;0.196;1;1403530607
-5.541915;1.7149999;0.098;0.147;1;1403545765
-5.522914;1.813;0.098;0.147;1;1403564766
-5.511839;1.7149999;0.196;0.196;1;1403575841
-5.498521;1.813;0.098;0.147;1;1403589159
-5.487366;1.7639999;0.147;0.147;1;1403600314
-5.476969;1.7639999;0.196;0.147;1;1403610711
-5.465408;1.7639999;0.147;0.147;1;1403622272
-5.453473;1.813;0.098;0.196;1;1403634207
-5.440128;1.7639999;0.098;0.147;1;1403647552
-5.422502;1.813;0.098;0.244999984;1;1403665178
-5.409916;1.7639999;0.147;0.147;1;1403677764
-5.396018;1.813;0.098;0.147;1;1403691662
-5.374908;1.7639999;0.098;0.196;1;1403712772
-5.359489;1.7639999;0.147;0.147;1;1403728191
-5.331695;1.7639999;0.147;0.147;1;1403755985
-5.311777;1.7639999;0.147;0.147;1;1403775903
-5.298112;1.7639999;0.147;0.147;1;1403789568
-5.285929;1.7639999;0.147;0.196;1;1403801751
-5.274528;1.7639999;0.147;0.196;1;1403813152
-5.263678;1.7149999;0.147;0.196;1;1403824002
-5.252389;1.813;0.147;0.196;1;1403835291
-5.226239;1.813;0.098;0.147;1;1403861441
-5.214812;1.7149999;0.147;0.147;1;1403872868
-5.191274;1.813;0.098;0.196;1;1403896406
-5.169394;1.7639999;0.147;0.196;1;1403918286
-5.148326;1.7149999;0.196;0.196;1;1403939354
-5.136174;1.7639999;0.098;0.196;1;1403951506
-5.125119;1.813;0.098;0.196;1;1403962561
-5.113385;1.7639999;0.147;0.196;1;1403974295
-5.102354;1.813;0.098;0.196;1;1403985326
-5.091343;1.813;0.049;0.147;1;1403996337
-5.076355;1.813;0.098;0.196;1;1404011325
-5.065663;1.7639999;0.098;0.147;1;1404022017
-5.053229;1.7639999;0.098;0.147;1;1404034451
-5.030260;1.7639999;0.098;0.147;1;1404057420
-5.019467;1.7639999;0.098;0.147;1;1404068213
-5.000816;1.7639999;0.147;0.147;1;1404086864
-4.977202;1.7639999;0.147;0.147;1;1404110478
-4.962149;1.7639999;0.098;0.147;1;1404125531
-4.941777;1.7639999;0.147;0.196;1;1404145903
-4.921198;1.7149999;0.098;0.147;1;1404166482
-4.904809;1.7639999;0.098;0.147;1;1404182871
-4.893002;1.7149999;0.147;0.196;1;1404194678
-4.881563;1.813;0.147;0.196;1;1404206117
-4.870843;1.7639999;0.147;0.196;1;1404216837
-4.852498;1.813;0.147;0.244999984;1;1404235182
-4.829314;1.7639999;0.098;0.147;1;1404258366
-4.811677;1.7639999;0.147;0.196;1;1404276003
-4.762753;1.7639999;0.147;0.098;1;1404324927
-4.741597;1.7639999;0.098;0.196;1;1404346083
-4.718596;1.813;0.147;0.098;1;1404369084
-4.706531;1.7639999;0.196;0.147;1;1404381149
-4.688231;1.7639999;0.147;0.098;1;1404399449
-4.676121;1.7639999;0.147;0.147;1;1404411559
-4.664352;1.813;0.147;0.196;1;1404423328
-4.653041;1.7639999;0.098;0.196;1;1404434639
-4.636730;1.7639999;0.147;0.196;1;1404450950
-4.619267;1.7639999;0.147;0.196;1;1404468413
-4.601554;1.7639999;0.147;0.196;1;1404486126
-4.585507;1.7639999;0.147;0.196;1;1404502173
-4.574723;1.7149999;0.147;0.098;1;1404512957
-4.563076;1.7639999;0.098;0.244999984;1;1404524604
-4.541638;1.7639999;0.147;0.147;1;1404546042
-4.527250;1.813;0.098;0.147;1;1404560430
-4.508139;1.7639999;0.098;0.196;1;1404579541
-4.495706;1.813;0.098;0.244999984;1;1404591974
-4.484108;1.7149999;0.147;0.147;1;1404603572
-4.473642;1.7639999;0.098;0.244999984;1;1404614038
-4.461129;1.7639999;0.098;0.147;1;1404626551
-4.441194;1.7149999;0.098;0.196;1;1404646486
-4.423605;1.7149999;.147;0.147;1;1404664075
-4.408924;1.7639999;0.147;0.147;1;1404678756
-4.396498;1.7639999;0.147;0.147;1;1404691182
-4.378913;1.7149999;0.147;0.147;1;1404708767
-4.367701;1.813;0.147;0.196;1;1404719979
-4.332907;1.7639999;0.098;0.196;1;1404754773
-4.319338;1.7639999;0.147;0.147;1;1404768342
-4.277702;1.7149999;0.098;0.196;1;1404809978
-4.266422;1.7639999;0.147;0.147;1;1404821258
-4.247400;1.813;0.098;0.147;1;1404840280
-4.236366;1.7149999;0.196;0.196;1;1404851314
-4.213744;1.7639999;0.244999984;0.147;1;1404873936
-4.200413;1.7639999;0.196;0.196;1;1404887267
-4.177738;1.7639999;0.147;0.196;1;1404909942
-4.166967;1.7149999;0.147;0.244999984;1;1404920713
-4.149134;1.7639999;0.098;0.196;1;1404938546
-4.135667;1.7149999;0.098;0.196;1;1404952013
-4.113106;1.7639999;0.147;0.196;1;1404974574
-4.101810;1.7639999;0.147;0.098;1;1404985870
-4.090718;1.813;0.147;0.147;1;1404996962
-4.078151;1.7639999;0.098;0.147;1;1405009529
-4.067870;1.7149999;0.098;0.196;1;1405019810
-4.044804;1.813;0.098;0.196;1;1405042876
-4.033793;1.7639999;0.147;0.196;1;1405053887
-4.003899;1.7639999;0.147;0.196;1;1405083781
-3.992915;1.7639999;0.147;0.196;1;1405094765
-3.977940;1.813;0.098;0.196;1;1405109740
-3.966824;1.7639999;0.098;0.196;1;1405120856
-3.941717;1.7639999;0.098;0.147;1;1405145963
-3.927424;1.7639999;0.098;0.147;1;1405160256
-3.915797;1.7639999;0.098;0.147;1;1405171883
-3.878508;1.7639999;0.196;0.196;1;1405209172
-3.865642;1.7639999;0.147;0.196;1;1405222038
-3.853963;1.7639999;0.147;0.147;1;1405233717
-3.842022;1.7639999;0.098;0.098;1;1405245658
-3.821649;1.7639999;0.098;0.147;1;1405266031
-3.810590;1.7639999;0.147;0.147;1;1405277090
-3.798016;1.7639999;0.147;0.196;1;1405289664
-3.784836;1.7639999;0.098;0.098;1;1405302844
-3.773513;1.7639999;0.147;0.147;1;1405314167
-3.760897;1.7639999;0.147;0.196;1;1405326783
-3.739786;1.7639999;0.147;0.196;1;1405347894
-3.721582;1.813;0.147;0.196;1;1405366098
-3.707872;1.7639999;0.147;0.196;1;1405379808
-3.695935;1.813;0.098;0.196;1;1405391745
-3.684532;1.7639999;0.147;0.196;1;1405403148
-3.672568;1.7639999;0.098;0.147;1;1405415112
-3.659977;1.7639999;0.147;0.098;1;1405427703
-3.641783;1.7149999;0.147;0.196;1;1405445897
-3.630310;1.7639999;0.098;0.196;1;1405457370
-3.611952;1.7639999;0.098;0.147;1;1405475728
-3.597750;1.7639999;0.147;0.196;1;1405489930
-3.578912;1.813;0.098;0.147;1;1405508768
-3.567302;1.7639999;0.244999984;0.196;1;1405520378
-3.542793;1.813;0.098;0.196;1;1405544887
-3.531853;1.7639999;0.098;0.196;1;1405555827
-3.513545;1.7639999;0.098;0.147;1;1405574135
-3.502245;1.7149999;0.147;0.196;1;1405585435
-3.491590;1.813;0.098;0.147;1;1405596090
-3.477088;1.7639999;0.147;0.147;1;1405610592
-3.466099;1.7639999;0.147;0.147;1;1405621581
-3.415660;1.7639999;0.098;0.147;1;1405672020
-3.403044;1.7639999;0.147;0.196;1;1405684636
-3.389967;1.7639999;0.098;0.196;1;1405697713
-3.376639;1.813;0.098;0.196;1;1405711041
-3.363955;1.7639999;0.098;0.196;1;1405723725
-3.349381;1.7149999;0.098;0.147;1;1405738299
-3.338953;1.7639999;0.147;0.147;1;1405748727
-3.322852;1.813;0.098;0.098;1;1405764828
-3.300786;1.7639999;0.098;0.196;1;1405786894
-3.277732;1.7149999;0.147;0.196;1;1405809948
-3.266577;1.813;0.147;0.196;1;1405821103
-3.250044;1.7639999;0.147;0.147;1;1405837636
-3.232499;1.7639999;0.098;0.244999984;1;1405855181
-3.210246;1.7639999;0.098;0.147;1;1405877434
-3.198216;1.813;0.098;0.147;1;1405889464
-3.175229;1.7639999;0.147;0.196;1;1405912451
-3.164621;1.7639999;0.147;0.147;1;1405923059
-3.143199;1.7149999;0.196;0.196;1;1405944481
-3.130501;1.7639999;0.098;0.196;1;1405957179
-3.119340;1.813;0.147;0.244999984;1;1405968340
-3.105505;1.7639999;0.147;0.244999984;1;1405982175
-3.095000;1.813;0.147;0.196;1;1405992680
-3.081211;1.7639999;0.098;0.196;1;1406006469
-3.070862;1.7149999;0.147;0.196;1;1406016818
-3.025723;1.7639999;0.147;0.147;1;1406061957
-3.011412;1.7639999;0.147;0.147;1;1406076268
-2.996944;1.7149999;0.147;0.196;1;1406090736
-2.983773;1.7639999;0.147;0.244999984;1;1406103907
-2.971783;1.7149999;0.147;0.196;1;1406115897
-2.945544;1.813;0.147;0.196;1;1406142136
-2.934914;1.813;0.147;0.196;1;1406152766
-2.856257;1.813;0.098;0.147;1;1406231423
-2.845186;1.7149999;0.098;0.244999984;1;1406242494
-2.809904;1.7149999;0.147;0.196;1;1406277776
-2.798811;1.7639999;0.098;0.196;1;1406288869
-2.776757;1.7639999;0.147;0.244999984;1;1406310923
-2.762965;1.7639999;0.098;0.147;1;1406324715
-2.738353;1.7639999;0.098;0.147;1;1406349327
-2.713334;1.813;0.147;0.098;1;1406374346
-2.701586;1.813;0.098;0.098;1;1406386094
-2.687775;1.7639999;0.098;0.196;1;1406399905
-2.676763;1.7639999;0.147;0.244999984;1;1406410917
-2.662194;1.7149999;0.098;0.196;1;1406425486
-2.650578;1.7639999;0.098;0.196;1;1406437102
-2.637913;1.7639999;0.147;0.147;1;1406449767
-2.597615;1.813;0.147;0.147;1;1406490065
-2.586571;1.813;0.098;0.098;1;1406501109
-2.571720;1.7639999;0.147;0.147;1;1406515960
-2.560199;1.7639999;0.196;0.196;1;1406527481
-2.544433;1.7639999;0.098;0.196;1;1406543247
-2.533863;1.813;0.098;0.196;1;1406553817
-2.511717;1.7639999;0.098;0.196;1;1406575963
-2.497263;1.7639999;0.147;0.196;1;1406590417
-2.474113;1.7639999;0.098;0.244999984;1;1406613567
-2.462537;1.7639999;0.147;0.147;1;1406625143
-2.448331;1.7639999;0.147;0.098;1;1406639349
-2.432169;1.7149999;0.147;0.196;1;1406655511
-2.421086;1.7639999;0.147;0.196;1;1406666594
-2.408807;1.7149999;0.098;0.147;1;1406678873
-2.397254;1.7639999;0.098;0.147;1;1406690426
-2.380051;1.7639999;0.147;0.244999984;1;1406707629
-2.368926;1.813;0.098;0.244999984;1;1406718754
-2.343742;1.7639999;0.098;0.196;1;1406743938
-2.332872;1.813;0.098;0.244999984;1;1406754808
-2.308528;1.7149999;0.147;0.244999984;1;1406779152
-2.291131;1.7639999;0.196;0.196;1;1406796549
-2.279447;1.7639999;0.147;0.196;1;1406808233
-2.268804;1.7639999;0.147;0.147;1;1406818876
-2.243721;1.7639999;0.098;0.147;1;1406843959
-2.231007;1.7639999;0.147;0.147;1;1406856673
-2.181103;1.7639999;0.098;0.147;1;1406906577
-2.169184;1.7639999;0.098;0.244999984;1;1406918496
-2.154617;1.813;0.049;0.147;1;1406933063
-2.138723;1.813;0.098;0.196;1;1406948957
-2.109738;1.7639999;0.098;0.147;1;1406977942
-2.098698;1.7639999;0.147;0.098;1;1406988982
-2.081366;1.813;0.098;0.244999984;1;1407006314
-2.070137;1.7639999;0.147;0.196;1;1407017543
-2.057755;1.813;0.098;0.147;1;1407029925
-2.046871;1.813;0.147;0.196;1;1407040809
-2.028144;1.7639999;0.098;0.196;1;1407059536
-2.015147;1.7639999;0.098;0.147;1;1407072533
-2.004485;1.7639999;0.147;0.147;1;1407083195
-1.993773;1.7639999;0.098;0.196;1;1407093907
-1.982346;1.813;0.147;0.196;1;1407105334
-1.971739;1.813;0.147;0.196;1;1407115941
-1.959230;1.7149999;0.196;0.147;1;1407128450
-1.941767;1.7639999;0.098;0.147;1;1407145913
-1.930016;1.7639999;0.147;0.196;1;1407157664
-1.909116;1.7639999;0.098;0.196;1;1407178564
-1.897912;1.813;0.147;0.196;1;1407189768
-1.877962;1.7149999;0.098;0.147;1;1407209718
-1.866883;1.7149999;0.196;0.196;1;1407220797
-1.850145;1.7639999;0.098;0.147;1;1407237535
-1.832927;1.7639999;0.147;0.147;1;1407254753
-1.808957;1.7639999;0.196;0.196;1;1407278723
-1.797199;1.7149999;0.196;0.196;1;1407290481
-1.786758;1.7149999;0.147;0.196;1;1407300922
-1.749163;1.666;0.147;0.147;1;1407338517
-1.734237;1.7639999;0.147;0.196;1;1407353443
-1.709644;1.7639999;0.147;0.147;1;1407378036
-1.698129;1.7639999;0.049;0.244999984;1;1407389551
-1.674612;1.7639999;0.098;0.196;1;1407413068
-1.661985;1.7639999;0.098;0.147;1;1407425695
-1.650775;1.7149999;0.147;0.147;1;1407436905
-1.637799;1.813;0.098;0.147;1;1407449881
-1.626831;1.7639999;0.196;0.147;1;1407460849
-1.613099;1.7639999;0.147;0.147;1;1407474581
-1.600648;1.813;0.098;0.196;1;1407487032
-1.576581;1.7639999;0.049;0.196;1;1407511099
-1.564064;1.7149999;0.098;0.244999984;1;1407523616
-1.545423;1.7639999;0.049;0.147;1;1407542257
-1.533974;1.7639999;0.098;0.147;1;1407553706
-1.509943;1.7639999;0.147;0.147;1;1407577737
-1.495234;1.7639999;0.147;0.196;1;1407592446
-1.483167;1.7639999;0.147;0.147;1;1407604513
-1.471066;1.7639999;0.098;0.147;1;1407616614
-1.459340;1.813;0.147;0.196;1;1407628340
-1.447712;1.7639999;0.147;0.244999984;1;1407639968
-1.436690;1.813;0.147;0.147;1;1407650990
-1.425722;1.813;0.147;0.147;1;1407661958
-1.414930;1.7639999;0.147;0.147;1;1407672750
-1.398199;1.813;0.098;0.147;1;1407689481
-1.386884;1.7639999;0.098;0.196;1;1407700796
-1.374681;1.7639999;0.147;0.196;1;1407712999
-1.363385;1.7149999;0.147;0.147;1;1407724295
-1.328270;1.7639999;0.147;0.147;1;1407759410
-1.316844;1.666;0.196;0.196;1;1407770836
-1.301894;1.7639999;0.196;0.147;1;1407785786
-1.276708;1.7639999;0.147;0.147;1;1407810972
-1.258950;1.7639999;0.098;0.196;1;1407828730
-1.244369;1.7639999;0.098;0.147;1;1407843311
-1.233915;1.7639999;0.147;0.147;1;1407853765
-1.220816;1.7639999;0.098;0.147;1;1407866864
-1.208474;1.813;0.098;0.147;1;1407879206
-1.197720;1.7149999;0.147;0.196;1;1407889960
-1.184852;1.7149999;0.147;0.147;1;1407902828
-1.173668;1.7639999;0.147;0.196;1;1407914012
-1.158961;1.813;0.147;0.196;1;1407928719
-1.147371;1.7639999;0.196;0.244999984;1;1407940309
-1.127890;1.813;0.147;0.196;1;1407959790
-1.115781;1.7639999;0.147;0.196;1;1407971899
-1.091181;1.7639999;0.147;0.147;1;1407996499
-1.075742;1.813;0.098;0.196;1;1408011938
-1.063932;1.813;0.098;0.196;1;1408023748
-1.052954;1.7149999;0.147;0.244999984;1;1408034726
-1.031807;1.7639999;0.147;0.147;1;1408055873
-1.020412;1.813;0.147;0.196;1;1408067268
-1.008014;1.7639999;0.147;0.196;1;1408079666
-0.995721;1.7639999;0.147;0.147;1;1408091959
-0.983647;1.7639999;0.147;0.147;1;1408104033
-0.971771;1.813;0.147;0.196;1;1408115909
-0.959251;1.7639999;0.098;0.196;1;1408128429
-0.946555;1.7149999;0.147;0.196;1;1408141125
-0.934309;1.7639999;0.098;0.147;1;1408153371
-0.893938;1.813;0.098;0.196;1;1408193742
-0.879909;1.813;0.147;0.098;1;1408207771
-0.861641;1.7149999;0.147;0.147;1;1408226039
-0.836678;1.7639999;0.147;0.196;1;1408251002
-0.825701;1.813;0.098;0.196;1;1408261979
-0.801002;1.7639999;0.098;0.244999984;1;1408286678
-0.777153;1.7639999;0.147;0.147;1;1408310527
-0.765336;1.7639999;0.147;0.098;1;1408322344
-0.753321;1.813;0.098;0.196;1;1408334359
-0.740282;1.7639999;0.147;0.196;1;1408347398
-0.726708;1.7639999;0.147;0.196;1;1408360972
-0.701582;1.7639999;0.147;0.196;1;1408386098
-0.690293;1.7639999;0.147;0.196;1;1408397387
-0.678720;1.7639999;0.147;0.196;1;1408408960
-0.666131;1.813;0.098;0.244999984;1;1408421549
-0.642432;1.813;0.147;0.196;1;1408445248
-0.631994;1.7149999;0.147;0.196;1;1408455686
-0.604954;1.7639999;0.098;0.147;1;1408482726
-0.592718;1.7639999;0.098;0.147;1;1408494962
-0.579154;1.7149999;0.196;0.147;1;1408508526
-0.568310;1.813;0.098;0.147;1;1408519370
-0.554613;1.7639999;0.098;0.147;1;1408533067
-0.543886;1.7149999;0.196;0.196;1;1408543794
-0.532263;1.7149999;0.196;0.147;1;1408555417
-0.519908;1.7639999;0.147;0.196;1;1408567772
-0.477061;1.7639999;0.147;0.147;1;1408610619
-0.461008;1.7639999;0.098;0.147;1;1408626672
-0.444650;1.813;0.147;0.196;1;1408643030
-0.432979;1.7149999;0.147;0.196;1;1408654701
-0.402267;1.7639999;0.147;0.196;1;1408685413
-0.389442;1.7639999;0.147;0.196;1;1408698238
-0.376331;1.7639999;0.147;0.098;1;1408711349
-0.365357;1.7639999;0.098;0.147;1;1408722323
-0.350501;1.7639999;0.098;0.147;1;1408737179
-0.332881;1.7639999;0.147;0.147;1;1408754799
-0.321330;1.7639999;0.147;0.147;1;1408766350
-0.302868;1.666;0.147;0.147;1;1408784812
-0.291384;1.7149999;0.147;0.196;1;1408796296
-0.279174;1.7149999;0.147;0.196;1;1408808506
-0.268230;1.7639999;0.147;0.196;1;1408819450
-0.256871;1.862;0.147;0.196;1;1408830809
-0.245373;1.7639999;0.147;0.147;1;1408842307
-0.231729;1.862;0.098;0.196;1;1408855951
-0.211704;1.7149999;0.098;0.196;1;1408875976
-0.196712;1.7639999;0.147;0.147;1;1408890968
-0.185480;1.7639999;0.098;0.147;1;1408902200
-0.173699;1.7639999;0.196;0.147;1;1408913981
-0.160699;1.813;0.147;0.196;1;1408926981
-0.143315;1.813;0.098;0.196;1;1408944365
-0.114732;1.7639999;0.098;0.196;1;1408972948
-0.098863;1.7149999;0.196;0.196;1;1408988817
-0.087299;1.7639999;0.147;0.196;1;1409000381
-0.073844;1.813;0.098;0.196;1;1409013836
-0.040368;1.7639999;0.147;0.098;1;1409047312
-0.019928;1.813;0.294;0.098;1;1409067752
0.003464;2.5479998;0.098;0.244999984;1;1409091144
0.026657;3.332;0.049;0.294;1;1409114337
0.037276;3.969;0.049;0.294;1;1409124956
0.051219;4.949;0.098;0.392;1;1409138899
0.068184;6.713;0.196;0.343;1;1409155864
0.081532;7.49699936;0.196;0.098;1;1409169212
0.100703;6.909;0.294;0.147;1;1409188383
0.125782;6.566;0.147;0.244999984;1;1409213462
0.137878;6.615;0.098;0.049;1;1409225558
0.150593;6.027;0.294;0.44099998;1;1409238273
0.167119;6.027;0.147;0.539;1;1409254799
0.179881;6.027;0.294;0.392;1;1409267561
0.211671;5.733;0.147;0.343;1;1409299351
0.228624;5.4389996;0.979999936;0.147;1;1409316304
0.251752;5.4389996;0.294;0.392;1;1409339432
0.266867;5.586;0.294;0.63699996;1;1409354547
0.279017;5.4389996;0.44099998;0.489999968;1;1409366697
0.299131;5.39;0.244999984;0.63699996;1;1409386811
0.322286;5.292;0.147;0.88199996;1;1409409966
0.333273;5.292;0.147;0.784;1;1409420953
0.348744;5.292;0.244999984;0.734999936;1;1409436424
0.359118;5.292;0.098;0.833;1;1409446798
0.380618;5.0959996;0.049;0.833;1;1409468298
0.391103;5.047;0.049;0.784;1;1409478783
0.419918;4.949;0.0;0.931;1;1409507598
0.430965;4.949;0.0;0.833;1;1409518645
0.442113;4.9;0.0;0.931;1;1409529793
0.460616;4.802;-0.049;0.931;1;1409548296
0.478448;4.704;0.0;1.078;1;1409566128
0.493178;4.6549996;-0.049;1.127;1;1409580858
0.510275;4.606;0.0;1.176;1;1409597955
0.521472;4.5569996;0.049;1.078;1;1409609152
0.534832;4.508;0.098;1.2739999;1;1409622512
0.560108;4.508;0.196;1.2739999;1;1409647788
0.579218;4.41;0.244999984;1.323;1;1409666898
0.600368;4.41;0.44099998;1.372;1;1409688048
0.614181;4.361;0.489999968;1.4699999;1;1409701861
0.625702;4.361;0.392;1.5189999;1;1409713382
0.636383;4.361;0.44099998;1.568;1;1409724063
0.658904;4.2139996;0.539;1.5189999;1;1409746584
0.670145;4.2139996;0.489999968;1.568;1;1409757825
0.688899;4.263;0.44099998;1.7639999;1;1409776579
0.704364;4.165;0.392;1.813;1;1409792044
0.715818;4.165;0.244999984;1.813;1;1409803498
0.728219;4.165;0.244999984;1.9599999;1;1409815899
0.747504;4.2139996;0.098;1.9599999;1;1409835184
0.767095;4.165;0.0;2.0579998;1;1409854775
0.787207;4.067;0.147;2.1069998;1;1409874887
0.800635;4.067;0.196;2.205;1;1409888315
0.822869;3.969;0.196;2.156;1;1409910549
0.834108;4.067;0.392;2.205;1;1409921788
0.851616;4.067;0.392;2.205;1;1409939296
0.862260;4.018;0.392;2.254;1;1409949940
0.881601;4.018;0.539;2.254;1;1409969281
0.892292;4.018;0.489999968;2.303;1;1409979972
0.903755;4.018;0.44099998;2.303;1;1409991435
0.920291;4.018;0.392;2.303;1;1410007971
0.931428;3.9199998;0.343;2.401;1;1410019108
0.943054;3.871;0.196;2.352;1;1410030734
0.954815;3.9199998;0.244999984;2.401;1;1410042495
0.965157;3.969;0.196;2.401;1;1410052837
0.988310;4.067;0.244999984;2.45;1;1410075990
0.999072;3.969;0.294;2.4989998;1;1410086752
1.014225;4.067;0.196;2.597;1;1410101905
1.025233;3.969;0.294;2.4989998;1;1410112913
1.037076;4.018;0.343;2.597;1;1410124756
1.057604;3.9199998;0.44099998;2.5479998;1;1410145284
1.068165;3.969;0.489999968;2.646;1;1410155845
1.080393;3.871;0.294;2.744;1;1410168073
1.091202;3.871;0.343;2.695;1;1410178882
1.102029;3.9199998;0.489999968;2.646;1;1410189709
1.116655;3.9199998;0.588;2.695;1;1410204335
1.129269;3.9199998;0.588;2.744;1;1410216949
1.140255;3.9199998;0.489999968;2.842;1;1410227935
1.151575;3.969;0.44099998;2.793;1;1410239255
1.162090;3.9199998;0.294;2.842;1;1410249770
1.175686;;54613;3042;4280;1410263366
1.185971;3.871;0.244999984;2.793;1;1410273651
1.218076;3.871;0.196;2.891;1;1410305756
1.231363;3.82199968;0.098;2.9399998;1;1410319043
1.258591;3.82199968;0.294;2.842;1;1410346271
1.271849;3.773;0.539;2.891;1;1410359529
1.289637;3.773;0.539;2.793;1;1410377317
1.302440;3.773;0.392;2.891;1;1410390120
1.313433;3.871;0.686;2.9889998;1;1410401113
1.327946;3.82199968;0.63699996;2.9399998;1;1410415626
1.347431;3.82199968;0.294;3.0379998;1;1410435111
1.367074;3.82199968;0.343;3.283;1;1410454754
1.388969;3.724;0.098;3.381;1;1410476649
1.401728;3.773;0.147;3.332;1;1410489408
1.412993;3.773;0.196;3.283;1;1410500673
1.426564;3.724;0.294;3.234;1;1410514244
1.437871;3.724;0.196;3.332;1;1410525551
1.452984;3.724;0.44099998;3.234;1;1410540664
1.468361;3.675;0.539;3.185;1;1410556041
1.480308;3.724;0.686;3.185;1;1410567988
1.500710;3.675;0.734999936;3.381;1;1410588390
1.524379;3.773;0.734999936;3.4299998;1;1410612059
1.550262;3.724;0.343;3.381;1;1410637942
1.564895;3.773;0.244999984;3.4299998;1;1410652575
1.591155;3.724;0.196;3.332;1;1410678835
1.603625;3.773;0.294;3.4299998;1;1410691305
1.614267;3.773;0.196;3.332;1;1410701947
1.626727;3.724;0.244999984;3.4299998;1;1410714407
1.637452;3.675;0.294;3.4299998;1;1410725132
1.651535;3.773;0.44099998;3.5279998;1;1410739215
1.662318;3.773;0.294;3.577;1;1410749998
1.673833;3.675;0.343;3.4299998;1;1410761513
1.690058;3.675;0.392;3.381;1;1410777738
1.704990;3.724;0.392;3.4299998;1;1410792670
1.717130;3.626;0.44099998;3.479;1;1410804810
1.728479;3.724;0.44099998;3.479;1;1410816159
1.740087;3.626;0.343;3.381;1;1410827767
1.752701;3.626;0.588;3.234;1;1410840381
1.763319;3.626;0.343;3.234;1;1410850999
1.774097;3.724;0.196;3.234;1;1410861777
1.785401;3.724;0.147;3.136;1;1410873081
1.801789;3.82199968;0.147;3.087;1;1410889469
1.812924;3.773;0.147;3.185;1;1410900604
1.824629;3.724;0.147;3.087;1;1410912309
1.835471;3.675;0.147;3.0379998;1;1410923151
1.847447;3.871;0.196;3.136;1;1410935127
1.860352;3.675;0.049;3.0379998;1;1410948032
1.873415;3.675;0.196;3.0379998;1;1410961095
1.888295;3.871;0.147;3.087;1;1410975975
1.899222;3.724;0.294;2.891;1;1410986902
1.925442;3.724;0.147;3.0379998;1;1411013122
1.936909;3.675;0.049;2.9399998;1;1411024589
1.948685;3.724;0.294;2.891;1;1411036365
1.970054;3.724;0.147;2.842;1;1411057734
1.981460;3.724;0.098;2.842;1;1411069140
1.997994;3.773;0.0;2.597;1;1411085674
2.008343;3.773;0.049;2.646;1;1411096023
2.021037;3.724;0.098;2.597;1;1411108717
2.032290;3.724;0.098;2.5479998;1;1411119970
2.062069;3.724;0.196;2.352;1;1411149749
2.075388;3.724;;2050;0;1411163068
2.095516;3.773;0.049;1.9599999;1;1411183196
2.106293;3.82199968;0.098;1.9599999;1;1411193973
2.129404;3.675;0.098;1.666;1;1411217084
2.140396;3.724;0.049;1.666;1;1411228076
2.153702;3.773;0.049;1.568;1;1411241382
2.164784;3.724;0.098;1.421;1;1411252464
2.179872;3.675;0.049;1.2739999;1;1411267552
2.193996;3.675;-0.049;1.225;1;1411281676
2.204851;3.724;0.0;1.127;1;1411292531
2.216525;3.724;0.0;1.078;1;1411304205
2.227894;3.675;0.0;0.931;1;1411315574
2.238419;3.675;0.0;0.833;1;1411326099
2.252768;3.773;-0.049;0.784;1;1411340448
2.268557;3.675;-0.147;0.63699996;1;1411356237
2.282105;3.626;-0.098;0.588;1;1411369785
2.299468;3.577;-0.196;0.588;1;1411387148
2.323442;3.5279998;-0.489999968;0.489999968;1;1411411122
2.334264;3.577;-0.392;0.539;1;1411421944
2.369971;3.724;-0.489999968;0.88199996;1;1411457651
2.390626;3.773;-0.294;1.127;1;1411478306
2.403215;3.626;-0.147;1.225;1;1411490895
2.414807;3.626;0.0;1.4699999;1;1411502487
2.426942;3.626;0.244999984;1.5189999;1;1411514622
2.439224;3.4299998;0.392;1.568;1;1411526904
2.452760;3.4299998;0.63699996;1.7149999;1;1411540440
2.468179;2.156;0.294;1.323;1;1411555859
2.479978;2.254;0.539;1.372;1;1411567658
2.492369;1.666;0.244999984;1.078;1;1411580049
2.506642;1.421;0.244999984;1.176;1;1411594322
2.517720;1.372;0.244999984;0.343;1;1411605400
2.529021;0.734999936;-0.147;1.0289999;1;1411616701
2.541239;0.44099998;-0.392;0.489999968;1;1411628919
2.553850;0.294;-0.63699996;0.294;1;1411641530
2.564493;0.147;-0.686;0.244999984;1;1411652173
2.576259;0.049;-0.734999936;0.343;1;1411663939
2.587185;0.049;-0.63699996;0.392;1;1411674865
2.604033;0.0;-0.686;0.539;1;1411691713
2.615813;-0.049;-0.489999968;0.734999936;1;1411703493
2.627388;-0.049;-0.392;0.931;1;1411715068
2.639508;-0.098;-0.196;1.176;1;1411727188
2.654389;-0.098;0.049;1.225;1;1411742069
2.668266;-0.196;0.343;1.323;1;1411755946
2.680277;-0.196;0.392;1.323;1;1411767957
2.697640;-0.049;0.539;1.078;1;1411785320
2.723324;-0.196;0.294;0.833;1;1411811004
2.734134;-0.098;0.244999984;0.784;1;1411821814
2.750449;-0.049;0.147;0.734999936;1;1411838129
2.761926;-0.098;0.098;0.63699996;1;1411849606
2.778900;-0.098;-0.244999984;0.489999968;1;1411866580
2.793695;-0.049;-0.343;0.44099998;1;1411881375
2.806189;-0.049;-0.294;0.392;1;1411893869
2.828247;-0.147;-0.392;0.392;1;1411915927
2.839807;-0.049;-0.343;0.343;1;1411927487
2.854054;-0.098;-0.244999984;0.539;1;1411941734
2.865864;0.0;-0.244999984;0.686;1;1411953544
2.899453;-0.049;0.0;1.127;1;1411987133
2.915236;-0.098;0.098;1.176;1;1412002916
2.926867;-0.049;0.147;1.127;1;1412014547
2.938222;-0.049;0.294;1.078;1;1412025902
2.958411;-0.049;0.244999984;0.931;1;1412046091
2.978392;-0.049;0.294;0.931;1;1412066072
2.989451;-0.049;0.196;0.734999936;1;1412077131
3.008400;0.0;-0.147;0.734999936;1;1412096080
3.025841;0.0;-0.098;0.734999936;1;1412113521
3.036702;0.0;-0.147;0.784;1;1412124382
3.048312;0.049;-0.098;0.63699996;1;1412135992
3.059290;0.0;-0.098;0.734999936;1;1412146970
3.072571;-0.049;-0.098;0.734999936;1;1412160251
3.088717;0.049;0.049;0.734999936;1;1412176397
3.099903;0.049;-0.049;0.734999936;1;1412187583
3.122713;0.0;0.098;0.833;1;1412210393
3.134661;0.049;0.098;0.88199996;1;1412222341
3.148138;0.0;0.147;0.784;1;1412235818
3.168412;0.098;0.147;0.686;1;1412256092
3.188427;0.049;0.049;0.686;1;1412276107
3.204009;0.049;0.0;0.588;1;1412291689
3.214795;0.098;-0.098;0.588;1;1412302475
3.225309;0.098;-0.147;0.489999968;1;1412312989
3.236845;0.049;-0.049;0.44099998;1;1412324525
3.252198;0.049;-0.147;0.588;1;1412339878
3.268371;0.098;-0.098;0.539;1;1412356051
3.280616;0.049;-0.049;0.686;1;1412368296
3.292441;0.049;-0.098;0.784;1;1412380121
3.305333;0.098;-0.098;0.734999936;1;1412393013
3.316213;0.049;0.0;0.734999936;1;1412403893
3.327476;0.049;0.0;0.784;1;1412415156
3.339560;0.049;0.049;0.833;1;1412427240
3.353653;0.049;0.0;0.931;1;1412441333
3.365699;0.049;0.147;0.784;1;1412453379
3.389148;0.049;0.294;0.784;1;1412476828
3.403511;0.049;0.244999984;0.784;1;1412491191
3.414597;0.098;0.196;0.734999936;1;1412502277
3.426372;0.098;0.147;0.63699996;1;1412514052
3.441624;0.098;0.098;0.588;1;1412529304
3.476633;0.098;-0.049;0.539;1;1412564313
3.488284;0.147;-0.049;0.588;1;1412575964
3.500806;0.147;-0.049;0.539;1;1412588486
3.524094;0.147;-0.098;0.489999968;1;1412611774
3.539263;0.098;-0.049;0.489999968;1;1412626943
3.554603;0.147;-0.049;0.489999968;1;1412642283
3.570758;0.147;0.0;0.588;1;1412658438
3.594283;0.196;-0.049;0.588;1;1412681963
3.607024;0.196;0.0;0.63699996;1;1412694704
3.619202;0.147;0.049;0.63699996;1;1412706882
3.631255;0.098;0.098;0.686;1;1412718935
3.642438;0.098;0.049;0.63699996;1;1412730118
3.653298;0.147;0.098;0.686;1;1412740978
3.668636;0.196;0.0;0.686;1;1412756316
3.681110;0.196;0.049;0.63699996;1;1412768790
3.699166;0.147;0.0;0.686;1;1412786846
3.718419;0.196;0.098;0.686;1;1412806099
3.729746;0.196;0.098;0.734999936;1;1412817426
3.740748;0.147;0.098;0.734999936;1;1412828428
3.756164;0.196;0.098;0.734999936;1;1412843844
3.768653;0.147;0.049;0.686;1;1412856333
3.788292;0.196;0.049;0.63699996;1;1412875972
3.802524;0.244999984;0.098;0.63699996;1;1412890204
3.813795;0.244999984;0.049;0.686;1;1412901475
3.825072;0.244999984;0.098;0.686;1;1412912752
3.848903;0.244999984;0.098;0.686;1;1412936583
3.867967;0.147;0.098;0.588;1;1412955647
3.880539;0.196;0.098;0.686;1;1412968219
3.892070;0.244999984;0.049;0.539;1;1412979750
3.915199;0.244999984;0.049;0.489999968;1;1413002879
3.926215;0.244999984;0.049;0.489999968;1;1413013895
3.941858;0.196;0.049;0.489999968;1;1413029538
3.959463;0.294;0.0;0.343;1;1413047143
3.970988;0.294;0.0;0.392;1;1413058668
3.983961;0.244999984;0.0;0.294;1;1413071641
3.997162;0.244999984;0.0;0.294;1;1413084842
4.021053;0.244999984;-0.049;0.294;1;1413108733
4.033442;0.294;-0.049;0.244999984;1;1413121122
4.057118;0.294;-0.049;0.294;1;1413144798
4.069842;0.294;-0.049;0.343;1;1413157522
4.083625;0.294;-0.049;0.294;1;1413171305
4.107144;0.294;-0.049;0.343;1;1413194824
4.121789;0.244999984;0.0;0.392;1;1413209469
4.132963;0.294;-0.098;0.392;1;1413220643
4.161290;0.294;0.0;0.539;1;1413248970
4.196367;0.244999984;0.049;0.588;1;1413284047
4.207173;0.294;0.098;0.63699996;1;1413294853
4.221843;0.244999984;0.098;0.588;1;1413309523
4.232897;0.294;0.049;0.539;1;1413320577
4.246523;0.294;0.049;0.588;1;1413334203
4.262294;0.244999984;0.049;0.539;1;1413349974
4.298467;0.294;0.0;0.539;1;1413386147
4.330235;0.294;0.0;0.44099998;1;1413417915
4.341410;0.343;0.0;0.489999968;1;1413429090
4.362301;0.343;0.0;0.392;1;1413449981
4.380275;0.294;0.049;0.343;1;1413467955
4.391153;0.294;0.049;0.343;1;1413478833
4.409231;0.343;0.0;0.343;1;1413496911
4.422739;0.343;0.049;0.343;1;1413510419
4.433947;0.343;0.0;0.44099998;1;1413521627
4.447425;0.392;-0.049;0.343;1;1413535105
4.458803;0.343;0.0;0.343;1;1413546483
4.473521;0.343;0.0;0.294;1;1413561201
4.486358;0.343;-0.098;0.294;1;1413574038
4.497309;0.392;0.0;0.343;1;1413584989
4.508095;0.343;0.0;0.294;1;1413595775
4.522781;0.392;-0.098;0.294;1;1413610461
4.533227;0.343;0.0;0.244999984;1;1413620907
4.557685;0.343;0.0;0.244999984;1;1413645365
4.568169;0.343;0.0;0.44099998;1;1413655849
4.593207;0.343;0.0;0.343;1;1413680887
4.619316;0.343;-0.049;0.392;1;1413706996
4.631986;0.343;-0.049;0.343;1;1413719666
4.642078;0.343;0.0;0.392;1;1413729758
4.657552;0.343;0.0;0.392;1;1413745232
4.670067;0.392;0.0;0.392;1;1413757747
4.682948;0.392;0.0;0.392;1;1413770628
4.693832;0.343;0.049;0.392;1;1413781512
4.718178;0.392;0.0;0.44099998;1;1413805858
4.731876;0.294;0.0;0.44099998;1;1413819556
4.747132;0.392;0.0;0.44099998;1;1413834812
4.767190;0.392;0.0;0.588;1;1413854870
4.792272;0.392;0.049;0.489999968;1;1413879952
4.803986;0.392;0.049;0.489999968;1;1413891666
4.815683;0.44099998;0.049;0.588;1;1413903363
4.828213;0.392;0.098;0.539;1;1413915893
4.839622;0.392;0.098;0.539;1;1413927302
4.852128;0.392;0.098;0.539;1;1413939808
4.862993;0.392;0.098;0.539;1;1413950673
4.874402;0.392;0.049;0.392;1;1413962082
4.885034;0.392;0.049;0.44099998;1;1413972714
4.900010;0.392;0.098;0.392;1;1413987690
4.925337;0.44099998;0.049;0.343;1;1414013017
4.936460;0.392;0.049;0.294;1;1414024140
4.949735;0.343;0.049;0.343;1;1414037415
4.960111;0.392;0.0;0.294;1;1414047791
4.986831;0.392;0.0;0.147;1;1414074511
5.002629;0.343;0.049;0.196;1;1414090309
5.013236;0.343;0.0;0.147;1;1414100916
5.026221;0.343;0.0;0.196;1;1414113901
5.037083;0.392;0.0;0.098;1;1414124763
5.050529;0.392;-0.098;0.147;1;1414138209
5.062090;0.343;-0.049;0.196;1;1414149770
5.097162;0.44099998;0.0;0.196;1;1414184842
5.122776;0.392;0.0;0.244999984;1;1414210456
5.133330;0.44099998;-0.098;0.343;0;1414221010
5.148555;0.392;-0.049;0.343;2;1414236235
5.168404;0.489999968;-0.049;0.343;1;1414256084
5.197142;0.44099998;0.0;0.343;1;1414284822
5.210314;0.44099998;0.049;0.44099998;1;1414297994
5.223231;0.44099998;0.049;0.539;1;1414310911
5.234078;0.392;0.098;0.489999968;1;1414321758
5.248804;0.44099998;0.0;0.489999968;1;1414336484
5.268406;0.44099998;0.049;0.539;1;1414356086
5.287574;0.392;0.049;0.489999968;1;1414375254
5.299845;0.392;0.098;0.588;1;1414387525
5.323727;0.343;0.098;0.63699996;1;1414411407
5.334158;0.392;0.049;0.539;1;1414421838
5.348021;0.392;0.049;0.539;1;1414435701
5.367079;0.44099998;0.049;0.588;1;1414454759
5.378716;0.392;0.098;0.588;1;1414466396
5.397118;0.44099998;0.098;0.489999968;1;1414484798
5.408320;0.44099998;0.098;0.489999968;1;1414496000
5.421378;0.44099998;0.147;0.489999968;1;1414509058
5.432073;0.392;0.098;0.44099998;1;1414519753
5.443486;0.343;0.098;0.489999968;1;1414531166
5.453981;0.343;0.098;0.489999968;1;1414541661
5.469929;0.392;0.147;0.489999968;1;1414557609
5.480080;0.44099998;0.147;0.489999968;1;1414567760
5.499155;0.392;0.098;0.392;1;1414586835
5.524436;0.44099998;0.049;0.392;1;1414612116
5.536661;0.44099998;0.049;0.392;1;1414624341
5.549014;0.392;0.049;0.294;1;1414636694
5.559111;0.44099998;0.0;0.343;1;1414646791
5.571582;0.44099998;0.049;0.294;1;1414659262
5.588792;0.44099998;0.049;0.244999984;1;1414676472
5.602684;0.392;0.049;0.294;1;1414690364
5.613294;0.489999968;0.0;0.244999984;1;1414700974
5.628299;0.44099998;0.0;0.196;1;1414715979
5.639972;0.489999968;0.0;0.196;1;1414727652
5.655345;0.44099998;0.0;0.196;1;1414743025
5.678203;0.44099998;0.0;0.196;1;1414765883
5.698936;0.44099998;0.0;0.147;1;1414786616
5.714345;0.44099998;0.0;0.147;1;1414802025
5.726598;0.539;-0.049;0.147;1;1414814278
5.737772;0.539;0.0;0.196;1;1414825452
5.758891;0.44099998;-0.049;0.196;1;1414846571
5.770143;0.489999968;0.0;0.244999984;1;1414857823
5.789803;0.489999968;0.0;0.294;1;1414877483
5.803107;0.44099998;-0.049;0.244999984;1;1414890787
5.818319;0.44099998;0.0;0.343;1;1414905999
5.832412;0.44099998;0.0;0.343;1;1414920092
5.850595;0.489999968;0.0;0.489999968;1;1414938275
5.861586;0.44099998;-0.049;0.44099998;1;1414949266
5.874031;0.489999968;0.049;0.44099998;1;1414961711
5.885026;0.44099998;0.049;0.489999968;1;1414972706
5.898664;0.44099998;0.049;0.44099998;1;1414986344
5.975340;0.44099998;0.098;0.539;1;1415063020
5.991612;0.489999968;0.196;0.539;1;1415079292
6.002337;0.44099998;0.244999984;0.539;1;1415090017
6.014995;0.392;0.244999984;0.489999968;1;1415102675
6.026327;0.44099998;0.147;0.489999968;1;1415114007
6.040336;0.44099998;0.147;0.44099998;1;1415128016
6.062850;0.44099998;0.098;0.44099998;1;1415150530
6.074218;0.44099998;0.147;0.44099998;1;1415161898
6.088086;0.44099998;0.098;0.392;1;1415175766
6.108561;0.489999968;0.098;0.44099998;1;1415196241
6.120676;0.44099998;0.098;0.343;1;1415208356
6.134739;0.489999968;0.0;0.343;1;1415222419
6.160153;0.44099998;0.049;0.294;1;1415247833
6.190247;0.489999968;0.049;0.147;1;1415277927
6.201111;0.489999968;-0.049;0.196;1;1415288791
6.213776;0.489999968;0.0;0.244999984;1;1415301456
6.224231;0.44099998;0.0;0.244999984;1;1415311911
6.236017;0.44099998;0.0;0.244999984;1;1415323697
6.247063;0.44099998;0.0;0.196;1;1415334743
6.258757;0.44099998;-0.049;0.147;1;1415346437
6.278301;0.489999968;0.0;0.244999984;1;1415365981
6.291200;0.489999968;-0.049;0.196;1;1415378880
6.312225;0.489999968;0.0;0.196;1;1415399905
6.329215;0.44099998;-0.049;0.196;1;1415416895
6.340948;0.489999968;0.0;0.244999984;1;1415428628
6.358215;0.489999968;0.0;0.294;1;1415445895
6.378425;0.392;0.0;0.196;1;1415466105
6.393792;0.44099998;0.0;0.294;1;1415481472
6.420110;0.44099998;0.0;0.294;1;1415507790
