t_s;dynamic_pressure;airspeed_cms;temperature;uptime_us
-269.983193;877;385;4246;1139104487
-269.960383;773;361;4239;1139127297
-269.939030;793;366;4243;1139148650
-269.917418;777;362;4241;1139170262
-269.870426;827;374;4244;1139217254
-269.845261;820;372;4244;1139242419
-269.823984;815;371;4245;1139263696
-269.796527;877;385;4243;1139291153
-269.772478;822;373;4243;1139315202
-269.749298;667;336;4246;1139338382
-269.703742;323;233;4243;1139383938
-269.669484;483;286;4243;1139418196
-269.609750;547;304;4246;1139477930
-269.584743;478;284;4244;1139502937
-269.557928;295;223;4245;1139529752
-269.534895;320;232;4245;1139552785
-269.498271;468;281;4242;1139589409
-269.475746;388;256;4242;1139611934
-269.453271;377;252;4245;1139634409
-269.425292;428;269;4243;1139662388
-269.397471;388;256;4241;1139690209
-269.373802;475;283;4241;1139713878
-269.350739;460;279;4243;1139736941
-269.327760;445;274;4242;1139759920
-269.297711;510;294;4244;1139789969
-269.267156;598;318;4243;1139820524
-269.245169;503;291;4243;1139842511
-269.215990;460;279;4245;1139871690
-269.188038;435;271;4242;1139899642
-269.157650;428;269;4244;1139930030
-269.105283;435;271;4242;1139982397
-269.081611;457;278;4242;1140006069
-269.055663;510;294;4245;1140032017
-269.033285;492;288;4245;1140054395
-269.007319;465;280;4245;1140080361
-268.982192;495;289;4245;1140105488
-268.936265;507;293;4245;1140151415
-268.903928;485;286;4243;1140183752
-268.880816;480;285;4243;1140206864
-268.855859;392;257;4247;1140231821
-268.826543;425;268;4242;1140261137
-268.803313;947;400;4242;1140284367
-268.778553;975;406;4248;1140309127
-268.756376;1055;422;4244;1140331304
-268.725689;1093;430;4246;1140361991
-268.697922;1307;470;4244;1140389758
-268.651748;1310;471;4243;1140435932
-268.614727;1228;456;4246;1140472953
-268.583090;1308;470;4242;1140504590
-268.525832;1427;491;4245;1140561848
-268.501328;1388;485;4244;1140586352
-268.479447;1393;485;4242;1140608233
-268.455446;1363;480;4244;1140632234
-268.430446;1325;473;4245;1140657234
-268.406955;1380;483;4245;1140680725
-268.383853;1405;487;4243;1140703827
-268.335902;1378;483;4243;1140751778
-268.283187;1590;519;4241;1140804493
-268.200996;1757;545;4244;1140886684
-268.177952;1505;505;4244;1140909728
-268.152286;1453;496;4239;1140935394
-268.131443;1315;472;4239;1140956237
-268.106309;1248;459;4243;1140981371
-268.083006;1227;456;4243;1141004674
-268.036985;1122;436;4241;1141050695
-268.007625;1160;443;4243;1141080055
-267.983448;1128;437;4243;1141104232
-267.957773;1113;434;4247;1141129907
-267.925499;1138;439;4245;1141162181
-267.897594;1158;443;4245;1141190086
-267.872709;967;404;4245;1141214971
-267.845366;940;399;4246;1141242314
-267.822336;1083;428;4246;1141265344
-267.795457;1173;445;4246;1141292223
-267.754718;1138;439;4241;1141332962
-267.715824;1658;530;4244;1141371856
-267.687470;1633;526;4243;1141400210
-267.664472;1602;521;4243;1141423208
-267.637557;1377;483;4241;1141450123
-267.616290;1487;502;4241;1141471390
-267.587561;1512;506;4244;1141500119
-267.565610;1458;497;4244;1141522070
-267.537865;1492;502;4244;1141549815
-267.507752;1420;490;4245;1141579928
-267.485525;1418;490;4245;1141602155
-267.457576;1623;524;4242;1141630104
-267.424777;1460;497;4246;1141662903
-267.366428;1557;513;4241;1141721252
-267.345425;1523;508;4241;1141742255
-267.315777;1490;502;4247;1141771903
-267.267058;1155;442;4240;1141820622
-267.242275;1128;437;4240;1141845405
-267.205453;1120;435;4248;1141882227
-267.182515;1097;431;4248;1141905165
-267.155526;908;392;4243;1141932154
-267.132718;790;365;4243;1141954962
-267.105888;543;303;4247;1141981792
-267.083804;590;316;4247;1142003876
-267.058027;660;334;4243;1142029653
-267.037178;747;355;4243;1142050502
-267.007953;747;355;4242;1142079727
-266.985016;710;346;4242;1142102664
-266.957161;748;356;4241;1142130519
-266.936578;748;356;4241;1142151102
-266.915592;863;382;4246;1142172088
-266.883930;642;329;4241;1142203750
-266.835718;710;346;4246;1142251962
-266.805611;850;379;4245;1142282069
-266.779910;993;410;4243;1142307770
-266.754320;910;392;4242;1142333360
-266.732318;858;381;4242;1142355362
-266.707013;868;383;4244;1142380667
-266.683652;822;373;4242;1142404028
-266.632465;1015;414;4243;1142455215
-266.607417;945;400;4243;1142480263
-266.583469;977;406;4245;1142504211
-266.556896;1025;416;4247;1142530784
-266.526997;1053;422;4243;1142560683
-266.471137;1135;438;4244;1142616543
-266.448472;1148;441;4243;1142639208
-266.419618;1150;441;4243;1142668062
-266.373195;1427;491;4247;1142714485
-266.345833;1307;470;4242;1142741847
-266.317198;1203;451;4242;1142770482
-266.286103;1457;496;4243;1142801577
-266.248024;1528;508;4242;1142839656
-266.216858;1502;504;4243;1142870822
-266.166841;1187;448;4245;1142920839
-266.144575;1127;437;4245;1142943105
-266.122092;1378;483;4245;1142965588
-266.096999;1298;469;4246;1142990681
-266.075961;1405;487;4245;1143011719
-266.054186;1468;498;4246;1143033494
-266.025393;1542;511;4245;1143062287
-265.998879;1558;513;4244;1143088801
-265.955205;1283;466;4242;1143132475
-265.925541;1297;468;4248;1143162139
-265.894254;1347;477;4244;1143193426
-265.866221;1352;478;4243;1143221459
-265.837575;1280;465;4245;1143250105
-265.807546;1247;459;4247;1143280134
-265.785279;1305;470;4247;1143302401
-265.757573;1320;472;4245;1143330107
-265.726073;1158;443;4244;1143361607
-265.697981;1213;453;4248;1143389699
-265.673408;1112;434;4248;1143414272
-265.646130;1072;426;4244;1143441550
-265.602229;1153;442;4244;1143485451
-265.581102;1028;417;4247;1143506578
-265.475668;1078;427;4243;1143612012
-265.446068;1027;417;4246;1143641612
-265.395958;812;370;4244;1143691722
-265.373870;758;358;4244;1143713810
-265.344576;740;354;4244;1143743104
-265.316627;708;346;4244;1143771053
-265.284699;852;380;4244;1143802981
-265.257375;610;321;4245;1143830305
-265.234189;648;331;4245;1143853491
-265.212444;430;269;4241;1143875236
-265.186772;555;306;4245;1143900908
-265.163411;623;324;4245;1143924269
-265.137518;703;345;4246;1143950162
-265.114120;727;351;4246;1143973560
-265.086969;843;377;4245;1144000711
-265.034763;767;360;4244;1144052917
-265.007673;802;368;4246;1144080007
-264.983625;843;377;4246;1144104055
-264.957553;810;370;4243;1144130127
-264.936307;763;359;4243;1144151373
-264.907132;810;370;4245;1144180548
-264.884166;887;387;4245;1144203514
-264.863080;1027;417;4244;1144224600
-264.837578;1108;433;4243;1144250102
-264.816252;1035;418;4243;1144271428
-264.787559;1102;432;4245;1144300121
-264.757240;1195;450;4247;1144330440
-264.726844;1283;466;4245;1144360836
-264.673550;1160;443;4241;1144414130
-264.647895;902;391;4245;1144439785
-264.602133;705;345;4242;1144485547
-264.577621;570;310;4242;1144510059
-264.556035;657;333;4246;1144531645
-264.534258;705;345;4245;1144553422
-264.512626;838;376;4244;1144575054
-264.483915;850;379;4245;1144603765
-264.455306;802;368;4242;1144632374
-264.425991;728;351;4246;1144661689
-264.403346;755;357;4246;1144684334
-264.376017;972;405;4247;1144711663
-264.347515;842;377;4245;1144740165
-264.317026;782;364;4244;1144770654
-264.296307;715;348;4244;1144791373
-264.265898;710;346;4242;1144821782
-264.244710;928;396;4242;1144842970
-264.218336;1045;420;4248;1144869344
-264.167738;942;399;4244;1144919942
-264.136679;877;385;4242;1144951001
-264.115022;812;370;4242;1144972658
-264.086287;965;404;4247;1145001393
-264.064613;960;403;4247;1145023067
-264.037411;1003;412;4248;1145050269
-264.007524;1038;419;4245;1145080156
-263.984947;1060;423;4245;1145102733
-263.956851;1023;416;4244;1145130829
-263.926179;1132;438;4244;1145161501
-263.905075;1205;451;4244;1145182605
-263.882183;1328;474;4243;1145205497
-263.856056;1317;472;4243;1145231624
-263.833779;1357;479;4243;1145253901
-263.807196;1540;510;4244;1145280484
-263.785704;1512;506;4244;1145301976
-263.744744;1438;493;4245;1145342936
-263.718159;1187;448;4247;1145369521
-263.695072;1053;422;4247;1145392608
-263.666250;1030;417;4246;1145421430
-263.645589;990;409;4246;1145442091
-263.614521;917;394;4248;1145473159
-263.586379;1005;412;4244;1145501301
-263.555793;1073;426;4246;1145531887
-263.531703;1095;430;4246;1145555977
-263.503407;1160;443;4245;1145584273
-263.477330;1213;453;4247;1145610350
-263.444919;1280;465;4246;1145642761
-263.422763;1262;462;4243;1145664917
-263.401505;1128;437;4245;1145686175
-263.378923;1147;440;4245;1145708757
-263.334812;818;372;4241;1145752868
-263.305986;1000;411;4243;1145781694
-263.257936;1228;456;4246;1145829744
-263.224345;977;406;4241;1145863335
-263.197564;967;404;4243;1145890116
-263.174792;778;363;4243;1145912888
-263.145325;892;388;4242;1145942355
-263.102322;1333;475;4242;1145985358
-263.078409;808;370;4245;1146009271
-263.054865;442;273;4242;1146032815
-263.033474;462;279;4243;1146054206
-263.011875;1168;444;4246;1146075805
-262.986008;1322;473;4246;1146101672
-262.959576;1253;460;4243;1146128104
-262.935077;953;401;4243;1146152603
-262.912386;1005;412;4245;1146175294
-262.885941;1033;418;4245;1146201739
-262.860699;1210;452;4247;1146226981
-262.815266;1170;445;4243;1146272414
-262.786362;1227;456;4241;1146301318
-262.733690;1292;467;4244;1146353990
-262.712365;1257;461;4247;1146375315
-262.685695;1343;477;4244;1146401985
-262.662635;1333;475;4244;1146425045
-262.641706;1148;441;4242;1146445974
-262.617315;1147;440;4245;1146470365
-262.595979;1213;453;4244;1146491701
-262.570331;1178;446;4245;1146517349
-262.546673;1152;441;4245;1146541007
-262.496844;1135;438;4247;1146590836
-262.472049;1198;450;4247;1146615631
-262.444625;1250;460;4240;1146643055
-262.399526;1337;476;4246;1146688154
-262.377832;1267;463;4246;1146709848
-262.351782;1305;470;4245;1146735898
-262.330322;1337;476;4245;1146757358
-262.306481;1350;478;4242;1146781199
-262.282598;1322;473;4245;1146805082
-262.256616;1317;472;4244;1146831064
-262.226584;1352;478;4245;1146861096
-262.203297;1290;467;4245;1146884383
-262.181351;1287;467;4248;1146906329
-262.134966;1150;441;4243;1146952714
-262.110456;1128;437;4245;1146977224
-262.084957;1120;435;4246;1147002723
-262.063495;1190;449;4246;1147024185
-262.038124;1167;444;4245;1147049556
-262.006411;1145;440;4245;1147081269
-261.967792;1367;481;4246;1147119888
-261.934884;1478;500;4242;1147152796
-261.907501;1377;483;4248;1147180179
-261.883101;1178;446;4248;1147204579
-261.857274;1158;443;4246;1147230406
-261.836404;955;402;4246;1147251276
-261.815180;1037;419;4245;1147272500
-261.787638;1133;438;4243;1147300042
-261.758360;1105;432;4247;1147329320
-261.703165;1443;494;4247;1147384515
-261.680787;1327;474;4244;1147406893
-261.632319;1498;503;4246;1147455361
-261.597678;1547;512;4244;1147490002
-261.573105;1610;522;4244;1147514575
-261.526838;1633;526;4244;1147560842
-261.503336;1582;517;4245;1147584344
-261.480655;1702;537;4245;1147607025
-261.455008;1727;541;4244;1147632672
-261.430967;1655;529;4244;1147656713
-261.405682;1577;516;4245;1147681998
-261.382798;1528;508;4242;1147704882
-261.355520;1495;503;4245;1147732160
-261.326490;1422;490;4244;1147761190
-261.304429;1438;493;4244;1147783251
-261.282177;1417;490;4246;1147805503
-261.231491;1395;486;4244;1147856189
-261.174760;1407;488;4244;1147912920
-261.147792;1323;473;4244;1147939888
-261.107116;1430;492;4245;1147980564
-261.082079;1437;493;4245;1148005601
-261.055688;1438;493;4243;1148031992
-261.034668;1373;482;4243;1148053012
-261.007043;1292;467;4243;1148080637
-260.983004;1318;472;4243;1148104676
-260.959240;1393;485;4243;1148128440
-260.934518;1430;492;4244;1148153162
-260.908366;1413;489;4245;1148179314
-260.886360;1427;491;4245;1148201320
-260.864130;1447;495;4245;1148223550
-260.838450;1468;498;4244;1148249230
-260.807546;1442;494;4247;1148280134
-260.783244;1513;506;4247;1148304436
-260.756828;1515;506;4245;1148330852
-260.727251;1473;499;4249;1148360429
-260.705643;1490;502;4249;1148382037
-260.635886;1595;519;4246;1148451794
-260.614607;1560;514;4246;1148473073
-260.585431;1552;512;4246;1148502249
-260.527211;1487;502;4242;1148560469
-260.475379;1513;506;4248;1148612301
-260.446468;1502;504;4247;1148641212
-260.403337;1505;505;4243;1148684343
-260.380752;1505;505;4243;1148706928
-260.356097;1482;501;4245;1148731583
-260.335443;1372;482;4246;1148752237
-260.304695;1380;483;4247;1148782985
-260.282086;1418;490;4247;1148805594
-260.225340;1368;481;4245;1148862340
-260.192710;1405;487;4244;1148894970
-260.170411;1443;494;4244;1148917269
-260.147216;1380;483;4248;1148940464
-260.125405;1340;476;4244;1148962275
-260.103711;1247;459;4245;1148983969
-260.082699;1285;466;4244;1149004981
-260.035201;1317;472;4248;1149052479
-260.014714;1347;477;4248;1149072966
-259.985057;1348;477;4243;1149102623
-259.955750;1313;471;4246;1149131930
-259.926145;1283;466;4243;1149161535
-259.896462;1245;459;4245;1149191218
-259.869486;1253;460;4243;1149218194
-259.823235;1188;448;4244;1149264445
-259.799193;1205;451;4247;1149288487
-259.774419;1228;456;4245;1149313261
-259.751269;1232;456;4243;1149336411
-259.702378;1203;451;4244;1149385302
-259.675162;1210;452;4245;1149412518
-259.651693;1187;448;4245;1149435987
-259.630180;1190;449;4243;1149457500
-259.603970;1187;448;4247;1149483710
-259.575291;1187;448;4246;1149512389
-259.544867;1230;456;4245;1149542813
-259.523682;1242;458;4245;1149563998
-259.500489;1240;458;4245;1149587191
-259.479071;1265;463;4247;1149608609
-259.429097;1275;464;4244;1149658583
-259.392697;1222;455;4248;1149694983
-259.364902;1195;450;4242;1149722778
-259.342202;1177;446;4242;1149745478
-259.318416;1177;446;4245;1149769264
-259.296046;1162;443;4247;1149791634
-259.274689;1150;441;4242;1149812991
-259.247343;1153;442;4246;1149840337
-259.197777;1173;445;4245;1149889903
-259.174673;1177;446;4245;1149913007
-259.145553;1145;440;4247;1149942127
-259.124289;1137;438;4247;1149963391
-259.100226;1158;443;4249;1149987454
-259.077488;1152;441;4248;1150010192
-259.052821;1103;432;4245;1150034859
-259.009585;1142;439;4244;1150078095
-258.985855;1155;442;4244;1150101825
-258.963318;1140;439;4247;1150124362
-258.942573;1087;429;4247;1150145107
-258.921545;1053;422;4243;1150166135
-258.896483;1067;425;4246;1150191197
-258.872182;1040;419;4244;1150215498
-258.844420;1050;421;4249;1150243260
-258.815169;1058;423;4246;1150272511
-258.793940;1055;422;4246;1150293740
-258.766540;1053;422;4245;1150321140
-258.741872;1053;422;4245;1150345808
-258.715054;1072;426;4249;1150372626
-258.689564;1078;427;4245;1150398116
-258.667673;1058;423;4245;1150420007
-258.645076;1052;422;4246;1150442604
-258.570346;990;409;4246;1150517334
-258.546267;987;409;4247;1150541413
-258.524275;995;410;4243;1150563405
-258.502658;1013;414;4243;1150585022
-258.481081;1007;413;4244;1150606599
-258.437184;983;408;4245;1150650496
-258.413624;942;399;4245;1150674056
-258.387678;943;399;4247;1150700002
-258.366153;930;397;4247;1150721527
-258.337457;945;400;4243;1150750223
-258.315949;920;394;4243;1150771731
-258.267597;893;389;4248;1150820083
-258.243440;882;386;4243;1150844240
-258.221889;885;387;4245;1150865791
-258.195178;887;387;4243;1150892502
-258.145934;882;386;4244;1150941746
-258.117002;883;386;4246;1150970678
-258.094539;897;389;4246;1150993141
-258.072800;942;399;4246;1151014880
-258.045273;972;405;4245;1151042407
-258.014127;973;406;4246;1151073553
-257.989140;993;410;4246;1151098540
-257.966437;990;409;4247;1151121243
-257.944654;988;409;4246;1151143026
-257.914551;997;411;4247;1151173129
-257.884332;1002;412;4250;1151203348
-257.852652;968;405;4247;1151235028
-257.825643;952;401;4247;1151262037
-257.767581;975;406;4246;1151320099
-257.722892;980;407;4243;1151364788
-257.698534;980;407;4243;1151389146
-257.676257;968;405;4247;1151411423
-257.654238;970;405;4241;1151433442
-257.633460;970;405;4248;1151454220
-257.607560;940;399;4246;1151480120
-257.584434;940;399;4246;1151503246
-257.561360;950;401;4247;1151526320
-257.536005;950;401;4248;1151551675
-257.513414;922;395;4248;1151574266
-257.484181;905;391;4241;1151603499
-257.431630;927;396;4248;1151656050
-257.405747;937;398;4247;1151681933
-257.380522;963;404;4247;1151707158
-257.355590;972;405;4250;1151732090
-257.333258;948;400;4247;1151754422
-257.284340;957;402;4245;1151803340
-257.258695;938;398;4245;1151828985
-257.236088;900;390;4245;1151851592
-257.215238;863;382;4249;1151872442
-257.187352;860;381;4248;1151900328
-257.136313;850;379;4247;1151951367
-257.113713;870;384;4249;1151973967
-257.065453;875;385;4247;1152022227
-257.044448;880;386;4247;1152043232
-257.016962;880;386;4244;1152070718
-256.996032;890;388;4244;1152091648
-256.966948;870;384;4245;1152120732
-256.936502;830;375;4246;1152151178
-256.911105;847;378;4246;1152176575
-256.886127;830;375;4246;1152201553
-256.845224;835;376;4245;1152242456
-256.824315;858;381;4245;1152263365
-256.796176;858;381;4244;1152291504
-256.771801;817;372;4244;1152315879
-256.746071;772;361;4244;1152341609
-256.703764;772;361;4247;1152383916
-256.675856;790;365;4243;1152411824
-256.649145;780;363;4247;1152438535
-256.627162;847;378;4247;1152460518
-256.606268;842;377;4244;1152481412
-256.583154;880;386;4247;1152504526
-256.557315;895;389;4247;1152530365
-256.525291;865;382;4244;1152562389
-256.495980;945;400;4248;1152591700
-256.471187;963;404;4248;1152616493
-256.449908;982;407;4249;1152637772
-256.397189;853;380;4247;1152690491
-256.371953;892;388;4247;1152715727
-256.347896;970;405;4245;1152739784
-256.296716;1123;436;4245;1152790964
-256.271820;1065;424;4245;1152815860
-256.249104;925;395;4244;1152838576
-256.227788;950;401;4244;1152859892
-256.205514;1028;417;4242;1152882166
-256.179895;992;410;4247;1152907785
-256.155660;1010;413;4247;1152932020
-256.132799;953;401;4245;1152954881
-256.104658;922;395;4242;1152983022
-256.080275;922;395;4242;1153007405
-256.056639;1005;412;4246;1153031041
-256.034911;1072;426;4245;1153052769
-255.992677;1093;430;4249;1153095003
-255.942499;1070;425;4243;1153145181
-255.916634;1120;435;4245;1153171046
-255.885534;1073;426;4248;1153202146
-255.862242;1072;426;4248;1153225438
-255.841616;1138;439;4249;1153246064
-255.806003;1078;427;4247;1153281677
-255.784151;1157;442;4247;1153303529
-255.736282;1047;421;4243;1153351398
-255.708133;1062;424;4247;1153379547
-255.685053;1032;418;4247;1153402627
-255.661816;1027;417;4248;1153425864
-255.637491;967;404;4250;1153450189
-255.607923;945;400;4249;1153479757
-255.565078;947;400;4244;1153522602
-255.537123;867;383;4245;1153550557
-255.507606;867;383;4247;1153580074
-255.485060;957;402;4247;1153602620
-255.436238;992;410;4249;1153651442
-255.407248;1032;418;4245;1153680432
-255.377467;993;410;4249;1153710213
-255.353707;878;385;4249;1153733973
-255.331128;917;394;4243;1153756552
-255.304561;857;381;4241;1153783119
-255.282122;947;400;4241;1153805558
-255.235540;967;404;4247;1153852140
-255.207675;768;360;4248;1153880005
-255.182238;697;343;4248;1153905442
-255.156397;640;329;4249;1153931283
-255.113957;655;333;4248;1153973723
-255.086254;633;327;4242;1154001426
-255.057553;553;306;4243;1154030127
-255.035004;455;277;4243;1154052676
-255.007321;470;282;4243;1154080359
-254.985646;500;291;4243;1154102034
-254.956249;702;344;4246;1154131431
-254.932375;750;356;4246;1154155305
-254.903685;545;303;4251;1154183995
-254.875837;447;275;4249;1154211843
-254.850241;550;305;4243;1154237439
-254.824128;638;328;4250;1154263552
-254.801218;660;334;4250;1154286462
-254.779766;708;346;4248;1154307914
-254.755498;767;360;4246;1154332182
-254.702767;605;320;4246;1154384913
-254.655398;637;328;4245;1154432282
-254.625541;673;337;4246;1154462139
-254.604255;620;324;4246;1154483425
-254.578940;567;310;4248;1154508740
-254.555174;557;307;4248;1154532506
-254.533201;492;288;4247;1154554479
-254.508794;540;302;4249;1154578886
-254.484517;472;282;4247;1154603163
-254.457664;528;299;4245;1154630016
-254.404044;430;269;4245;1154683636
-254.377062;358;246;4245;1154710618
-254.351343;377;252;4245;1154736337
-254.330045;417;265;4245;1154757635
-254.304958;427;269;4242;1154782722
-254.281401;497;290;4249;1154806279
-254.256002;513;294;4246;1154831678
-254.213219;512;294;4244;1154874461
-254.180996;493;289;4243;1154906684
-254.136983;500;291;4250;1154950697
-254.115015;523;297;4247;1154972665
-254.083055;478;284;4247;1155004625
-254.062482;437;272;4248;1155025198
-254.039412;363;248;4247;1155048268
-254.006801;388;256;4244;1155080879
-253.981944;395;258;4244;1155105736
-253.904046;635;328;4245;1155183634
-253.882755;637;328;4247;1155204925
-253.856731;555;306;4242;1155230949
-253.835069;528;299;4242;1155252611
-253.807133;448;275;4247;1155280547
-253.762653;428;269;4251;1155325027
-253.673135;333;237;4244;1155414545
-253.644168;343;241;4247;1155443512
-253.619287;318;232;4247;1155468393
-253.596687;285;219;4246;1155490993
-253.574870;275;215;4244;1155512810
-253.552066;273;215;4249;1155535614
-253.526966;282;218;4249;1155560714
-253.506177;285;219;4243;1155581503
-253.479962;265;211;4245;1155607718
-253.455757;243;202;4245;1155631923
-253.432572;195;181;4247;1155655108
-253.407101;227;196;4245;1155680579
-253.382847;310;229;4245;1155704833
-253.336337;182;175;4248;1155751343
-253.313955;297;224;4246;1155773725
-253.286082;382;254;4248;1155801598
-253.256261;353;244;4245;1155831419
-253.226128;300;225;4249;1155861552
-253.167024;435;271;4247;1155920656
-253.138117;482;285;4246;1155949563
-253.108160;578;312;4248;1155979520
-253.077415;660;334;4245;1156010265
-253.047038;710;346;4244;1156040642
-253.023087;685;340;4244;1156064593
-252.996957;615;322;4246;1156090723
-252.975011;647;331;4246;1156112669
-252.953445;665;335;4243;1156134235
-252.896338;607;320;4248;1156191342
-252.846439;495;289;4247;1156241241
-252.816691;445;274;4247;1156270989
-252.765939;363;248;4249;1156321741
-252.744058;357;245;4249;1156343622
-252.716125;357;245;4246;1156371555
-252.687126;295;223;4249;1156400554
-252.665026;295;223;4249;1156422654
-252.637266;382;254;4246;1156450414
-252.606791;373;251;4245;1156480889
-252.582335;345;241;4245;1156505345
-252.533781;313;230;4245;1156553899
-252.507068;303;226;4248;1156580612
-252.484176;307;228;4248;1156603504
-252.457341;337;238;4247;1156630339
-252.387401;293;222;4247;1156700279
-252.355940;278;217;4249;1156731740
-252.303973;292;222;4246;1156783707
-252.283087;285;219;4249;1156804593
-252.234387;267;212;4247;1156853293
-252.211376;233;198;4245;1156876304
-252.185341;215;190;4243;1156902339
-252.151259;223;194;4247;1156936421
-252.102176;298;224;4246;1156985504
-252.081049;270;213;4245;1157006631
-252.056811;225;195;4247;1157030869
-252.035584;250;205;4249;1157052096
-252.013563;273;215;4249;1157074117
-251.986905;255;207;4250;1157100775
-251.937007;293;222;4250;1157150673
-251.911590;272;214;4250;1157176090
-251.885507;255;207;4245;1157202173
-251.856034;238;200;4247;1157231646
-251.825862;210;188;4247;1157261818
-251.802002;158;163;4247;1157285678
-251.781641;217;191;4249;1157306039
-251.755636;225;195;4247;1157332044
-251.673620;118;141;4249;1157414060
-251.651560;132;149;4247;1157436120
-251.605123;170;169;4242;1157482557
-251.577256;93;125;4247;1157510424
-251.552031;95;126;4245;1157535649
-251.530612;102;131;4245;1157557068
-251.466790;222;193;4247;1157620890
-251.443576;215;190;4247;1157644104
-251.416075;177;173;4245;1157671605
-251.386044;97;128;4249;1157701636
-251.359871;88;122;4245;1157727809
-251.334102;70;108;4243;1157753578
-251.303940;88;122;4246;1157783740
-251.280090;152;160;4246;1157807590
-251.256067;192;180;4247;1157831613
-251.235686;200;184;4245;1157851994
-251.206104;215;190;4245;1157881576
-251.183793;202;185;4245;1157903887
-251.134918;210;188;4247;1157952762
-251.105528;215;190;4247;1157982152
-251.055365;190;179;4246;1158032315
-251.005442;217;191;4245;1158082238
-250.983679;265;211;4245;1158104001
-250.953991;305;227;4247;1158133689
-250.928486;253;207;4248;1158159194
-250.896015;278;217;4247;1158191665
-250.874515;292;222;4247;1158213165
-250.844387;297;224;4249;1158243293
-250.823088;280;217;4249;1158264592
-250.765368;273;215;4245;1158322312
-250.743594;260;209;4245;1158344086
-250.715453;260;209;4247;1158372227
-250.670023;280;217;4241;1158417657
-250.643179;305;227;4247;1158444501
-250.603271;298;224;4242;1158484409
-250.578723;375;252;4242;1158508957
-250.553718;445;274;4243;1158533962
-250.532020;365;248;4246;1158555660
-250.505381;342;240;4249;1158582299
-250.484195;287;220;4249;1158603485
-250.433612;182;175;4250;1158654068
-250.411566;223;194;4249;1158676114
-250.386298;237;200;4245;1158701382
-250.363285;265;211;4247;1158724395
-250.335332;353;244;4250;1158752348
-250.314113;338;239;4250;1158773567
-250.266698;320;232;4247;1158820982
-250.244123;322;233;4246;1158843557
-250.209120;305;227;4247;1158878560
-250.166762;338;239;4244;1158920918
-250.140488;242;202;4250;1158947192
-250.116054;172;170;4250;1158971626
-250.065445;162;165;4247;1159022235
-250.044186;195;181;4247;1159043494
-250.022462;273;215;4247;1159065218
-249.995292;260;209;4245;1159092388
-249.973786;242;202;4245;1159113894
-249.948651;230;197;4249;1159139029
-249.927008;215;190;4248;1159160672
-249.904318;218;192;4243;1159183362
-249.880123;277;216;4248;1159207557
-249.857019;292;222;4245;1159230661
-249.834798;327;235;4247;1159252882
-249.806844;412;264;4248;1159280836
-249.754655;585;314;4244;1159333025
-249.726077;548;304;4249;1159361603
-249.703513;532;300;4249;1159384167
-249.679380;617;323;4250;1159408300
-249.654727;570;310;4247;1159432953
-249.632010;512;294;4246;1159455670
-249.606912;318;232;4248;1159480768
-249.580171;197;182;4247;1159507509
-249.555994;80;116;4247;1159531686
-249.525569;-28;0;4247;1159562111
-249.504804;-5;0;4247;1159582876
-249.477961;23;62;4248;1159609719
-249.434330;-175;0;4248;1159653350
-249.407097;-145;0;4247;1159680583
-249.382839;-55;0;4247;1159704841
-249.355993;2;18;4245;1159731687
-249.332846;-118;0;4245;1159754834
-249.296506;-138;0;4246;1159791174
-249.266887;-108;0;4249;1159820793
-249.244885;-67;0;4249;1159842795
-249.218381;-95;0;4248;1159869299
-249.195053;-163;0;4248;1159892627
-249.169986;-207;0;4248;1159917694
-249.143613;-280;0;4245;1159944067
-249.121691;-255;0;4245;1159965989
-249.100372;-180;0;4249;1159987308
-249.078872;-108;0;4250;1160008808
-249.054750;-8;0;4250;1160032930
-249.032408;107;134;4245;1160055272
-249.003768;188;178;4248;1160083912
-248.982681;212;189;4248;1160104999
-248.956312;272;214;4245;1160131368
-248.934614;368;249;4245;1160153066
-248.907374;302;226;4249;1160180306
-248.856926;200;184;4247;1160230754
-248.832937;137;152;4247;1160254743
-248.807098;170;169;4248;1160280582
-248.783276;180;174;4248;1160304404
-248.756907;183;176;4245;1160330773
-248.735090;137;152;4245;1160352590
-248.713544;147;157;4246;1160374136
-248.686585;147;157;4249;1160401095
-248.664836;138;152;4249;1160422844
-248.635155;133;150;4249;1160452525
-248.606236;115;139;4246;1160481444
-248.583457;63;103;4246;1160504223
-248.556602;48;90;4249;1160531078
-248.524961;88;122;4249;1160562719
-248.471458;183;176;4248;1160616222
-248.449641;167;168;4253;1160638039
-248.403077;113;138;4250;1160684603
-248.375367;100;130;4246;1160712313
-248.352850;100;130;4246;1160734830
-248.331528;123;144;4242;1160756152
-248.306513;178;173;4248;1160781167
-248.281155;160;164;4249;1160806525
-248.256470;103;132;4250;1160831210
-248.197305;87;121;4248;1160890375
-248.172719;77;114;4248;1160914961
-248.143911;88;122;4246;1160943769
-248.121340;110;136;4246;1160966340
-248.095686;80;116;4251;1160991994
-248.073143;5;29;4251;1161014537
-248.049291;-42;0;4248;1161038389
-248.016412;-3;0;4248;1161071268
-247.991876;2;18;4248;1161095804
-247.937233;77;114;4247;1161150447
-247.913633;120;142;4247;1161174047
-247.887071;172;170;4247;1161200609
-247.863607;202;185;4247;1161224073
-247.836413;163;166;4243;1161251267
-247.806854;142;155;4249;1161280826
-247.783116;140;154;4249;1161304564
-247.733507;185;177;4250;1161354173
-247.707273;178;173;4250;1161380407
-247.683280;100;130;4250;1161404400
-247.634272;145;156;4250;1161453408
-247.607176;263;211;4248;1161480504
-247.583105;197;182;4248;1161504575
-247.531957;80;116;4248;1161555723
-247.495524;103;132;4246;1161592156
-247.466321;165;167;4252;1161621359
-247.445460;177;173;4252;1161642220
-247.423526;162;165;4248;1161664154
-247.396823;220;193;4248;1161690857
-247.373267;265;211;4248;1161714413
-247.351098;190;179;4250;1161736582
-247.324223;155;162;4247;1161763457
-247.296340;20;58;4249;1161791340
-247.267331;-20;0;4248;1161820349
-247.246220;8;36;4248;1161841460
-247.214131;57;98;4251;1161873549
-247.187464;70;108;4249;1161900216
-247.163712;18;55;4249;1161923968
-247.136261;63;103;4249;1161951419
-247.105527;117;140;4249;1161982153
-247.065206;145;156;4250;1162022474
-247.033985;165;167;4247;1162053695
-247.003947;207;187;4247;1162083733
-246.981039;283;219;4247;1162106641
-246.934642;413;264;4249;1162153038
-246.913293;418;266;4247;1162174387
-246.883332;477;284;4248;1162204348
-246.862535;452;276;4248;1162225145
-246.841755;523;297;4245;1162245925
-246.816348;588;315;4248;1162271332
-246.786516;430;269;4250;1162301164
-246.764893;400;260;4250;1162322787
-246.742666;330;236;4244;1162345014
-246.717154;248;205;4248;1162370526
-246.693266;100;130;4248;1162394414
-246.667897;103;132;4250;1162419783
-246.623471;327;235;4251;1162464209
-246.596647;467;281;4249;1162491033
-246.573807;568;310;4249;1162513873
-246.548444;653;332;4241;1162539236
-246.502579;640;329;4249;1162585101
-246.479634;730;351;4248;1162608046
-246.447178;692;342;4244;1162640502
-246.415638;705;345;4248;1162672042
-246.371697;712;347;4249;1162715983
-246.344560;667;336;4249;1162743120
-246.296986;540;302;4246;1162790694
-246.273824;507;293;4246;1162813856
-246.247605;562;308;4250;1162840075
-246.193689;585;314;4248;1162893991
-246.164399;590;316;4246;1162923281
-246.141774;578;312;4246;1162945906
-246.115238;607;320;4249;1162972442
-246.065255;712;347;4246;1163022425
-246.044219;713;347;4246;1163043461
-246.015392;680;339;4243;1163072288
-245.986849;630;326;4249;1163100831
-245.962544;655;333;4249;1163125136
-245.936568;632;327;4249;1163151112
-245.913403;630;326;4249;1163174277
-245.875016;680;339;4251;1163212664
-245.852689;660;334;4246;1163234991
-245.825421;647;331;4252;1163262259
-245.803061;627;325;4252;1163284619
-245.777312;555;306;4248;1163310368
-245.734375;530;299;4250;1163353305
-245.706541;493;289;4246;1163381139
-245.682389;403;261;4246;1163405291
-245.656495;325;234;4247;1163431185
-245.633588;303;226;4247;1163454092
-245.605104;263;211;4247;1163482576
-245.583125;233;198;4247;1163504555
-245.556232;143;155;4249;1163531448
-245.530342;205;186;4247;1163557338
-245.504580;310;229;4250;1163583100
-245.482915;332;237;4250;1163604765
-245.455279;363;248;4247;1163632401
-245.430410;415;265;4247;1163657270
-245.403264;423;267;4251;1163684416
-245.382380;420;266;4251;1163705300
-245.356520;370;250;4249;1163731160
-245.302144;262;210;4251;1163785536
-245.278540;250;205;4251;1163809140
-245.253704;222;193;4245;1163833976
-245.208480;455;277;4250;1163879200
-245.184014;525;298;4243;1163903666
-245.162814;550;305;4247;1163924866
-245.136551;498;290;4247;1163951129
-245.113061;455;277;4247;1163974619
-245.084962;467;281;4250;1164002718
-245.057463;538;301;4250;1164030217
-244.997059;452;276;4247;1164090621
-244.967574;430;269;4249;1164120106
-244.945370;405;262;4249;1164142310
-244.915944;265;211;4247;1164171736
-244.893955;205;186;4247;1164193725
-244.846693;217;191;4247;1164240987
-244.820449;115;139;4246;1164267231
-244.796163;85;120;4246;1164291517
-244.765084;125;145;4249;1164322596
-244.736506;188;178;4249;1164351174
-244.705949;272;214;4247;1164381731
-244.677000;272;214;4247;1164410680
-244.652789;235;199;4247;1164434891
-244.630692;180;174;4250;1164456988
-244.606251;165;167;4251;1164481429
-244.583709;148;158;4250;1164503971
-244.533460;103;132;4248;1164554220
-244.507142;37;79;4247;1164580538
-244.484802;-17;0;4247;1164602878
-244.435102;205;186;4248;1164652578
-244.411200;288;220;4248;1164676480
-244.365629;242;202;4246;1164722051
-244.343164;262;210;4251;1164744516
-244.315111;378;253;4249;1164772569
-244.282579;323;233;4247;1164805101
-244.254068;272;214;4245;1164833612
-244.224137;307;228;4246;1164863543
-244.203645;312;229;4246;1164884035
-244.181878;410;263;4252;1164905802
-244.132651;358;246;4250;1164955029
-244.103583;420;266;4248;1164984097
-244.081456;472;282;4248;1165006224
-244.035307;530;299;4245;1165052373
-243.982750;215;190;4247;1165104930
-243.952778;55;96;4249;1165134902
-243.931470;95;126;4249;1165156210
-243.906165;183;176;4251;1165181515
-243.883439;158;163;4247;1165204241
-243.835634;248;205;4247;1165252046
-243.814278;140;154;4249;1165273402
-243.785414;77;114;4249;1165302266
-243.763677;117;140;4249;1165324003
-243.741781;150;159;4252;1165345899
-243.706440;213;190;4249;1165381240
-243.682859;370;250;4249;1165404821
-243.633053;577;312;4251;1165454627
-243.605815;683;340;4249;1165481865
-243.582109;298;224;4249;1165505571
-243.557258;222;193;4249;1165530422
-243.513310;50;92;4245;1165574370
-243.482685;83;118;4251;1165604995
-243.435492;243;202;4249;1165652188
-243.407348;247;204;4249;1165680332
-243.384718;213;190;4249;1165702962
-243.361258;267;212;4247;1165726422
-243.336167;253;207;4249;1165751513
-243.306871;168;168;4247;1165780809
-243.278272;-17;0;4247;1165809408
-243.255204;38;80;4247;1165832476
-243.231904;-35;0;4247;1165855776
-243.210761;-92;0;4248;1165876919
-243.186223;-142;0;4249;1165901457
-243.162323;-182;0;4247;1165925357
-243.133213;2;18;4249;1165954467
-243.063087;-97;0;4252;1166024593
-243.041411;-262;0;4249;1166046269
-243.019122;-155;0;4245;1166068558
-242.985014;-10;0;4251;1166102666
-242.962420;-8;0;4251;1166125260
-242.941450;-3;0;4247;1166146230
-242.916220;10;41;4249;1166171460
-242.884465;75;112;4248;1166203215
-242.836482;115;139;4248;1166251198
-242.814858;78;114;4251;1166272822
-242.786379;12;45;4248;1166301301
-242.757159;-62;0;4248;1166330521
-242.702920;-77;0;4247;1166384760
-242.673906;-30;0;4246;1166413774
-242.628727;-20;0;4250;1166458953
-242.604915;-7;0;4250;1166482765
-242.582366;-27;0;4246;1166505314
-242.552154;-33;0;4249;1166535526
-242.494391;-17;0;4249;1166593289
-242.469909;-22;0;4247;1166617771
-242.445590;-40;0;4247;1166642090
-242.416746;8;36;4250;1166670934
-242.392744;45;87;4250;1166694936
-242.366012;-57;0;4249;1166721668
-242.344105;-147;0;4249;1166743575
-242.316265;-132;0;4246;1166771415
-242.284802;10;41;4251;1166802878
-242.254417;68;107;4250;1166833263
-242.225919;-67;0;4250;1166861761
-242.178371;93;125;4249;1166909309
-242.154694;52;93;4249;1166932986
-242.132867;-10;0;4249;1166954813
-242.104912;-60;0;4249;1166982768
-242.082691;45;87;4249;1167004989
-242.034097;13;46;4247;1167053583
-242.012963;-35;0;4247;1167074717
-241.986339;127;146;4249;1167101341
-241.965242;167;168;4249;1167122438
-241.944033;22;61;4250;1167143647
-241.915264;-10;0;4249;1167172416
-241.886186;170;169;4248;1167201494
-241.864763;270;213;4248;1167222917
-241.842880;270;213;4247;1167244800
-241.815823;215;190;4248;1167271857
-241.784933;45;87;4248;1167302747
-241.745247;-45;0;4252;1167342433
-241.715975;-237;0;4248;1167371705
-241.664792;-342;0;4251;1167422888
-241.643807;-220;0;4251;1167443873
-241.614917;-43;0;4248;1167472763
-241.592497;-97;0;4248;1167495183
-241.565589;242;202;4245;1167522091
-241.543004;227;196;4245;1167544676
-241.516563;-8;0;4249;1167571117
-241.486201;68;107;4247;1167601479
-241.462377;253;207;4247;1167625303
-241.435581;395;258;4253;1167652099
-241.406701;402;261;4253;1167680979
-241.383909;395;258;4253;1167703771
-241.335791;472;282;4249;1167751889
-241.269186;293;222;4251;1167818494
-241.245569;123;144;4251;1167842111
-241.216852;-20;0;4249;1167870828
-241.164333;-245;0;4247;1167923347
-241.142326;-303;0;4247;1167945354
-241.115491;-257;0;4247;1167972189
-241.085265;-40;0;4249;1168002415
-241.061460;163;166;4249;1168026220
-241.035295;455;277;4251;1168052385
-241.006501;607;320;4249;1168081179
-240.982390;338;239;4249;1168105290
-240.959680;217;191;4245;1168128000
-240.935083;290;221;4246;1168152597
-240.906938;33;74;4247;1168180742
-240.856300;-42;0;4249;1168231380
-240.827925;-122;0;4248;1168259755
-240.804717;-372;0;4248;1168282963
-240.781038;80;116;4249;1168306642
-240.755673;388;256;4247;1168332007
-240.726479;282;218;4251;1168361201
-240.695468;497;290;4249;1168392212
-240.672205;348;242;4249;1168415475
-240.645686;5;29;4248;1168441994
-240.623452;102;131;4248;1168464228
-240.595605;280;217;4248;1168492075
-240.572953;423;267;4248;1168514727
-240.543935;302;226;4250;1168543745
-240.471984;405;262;4248;1168615696
-240.417246;438;272;4246;1168670434
-240.394054;563;308;4246;1168693626
-240.369648;887;387;4251;1168718032
-240.346249;883;386;4249;1168741431
-240.296338;525;298;4249;1168791342
-240.273555;633;327;4249;1168814125
-240.244547;758;358;4251;1168843133
-240.222620;773;361;4251;1168865060
-240.194553;1002;412;4250;1168893127
-240.170976;988;409;4250;1168916704
-240.143523;910;392;4249;1168944157
-240.122597;628;326;4249;1168965083
-240.045414;400;260;4249;1169042266
-240.024464;462;279;4249;1169063216
-239.998631;532;300;4249;1169089049
-239.977357;768;360;4249;1169110323
-239.955320;685;340;4250;1169132360
-239.933695;643;330;4251;1169153985
-239.906529;648;331;4249;1169181151
-239.884671;637;328;4249;1169203009
-239.861153;650;331;4249;1169226527
-239.835039;663;335;4250;1169252641
-239.804987;495;289;4248;1169282693
-239.783511;455;277;4248;1169304169
-239.734015;635;328;4247;1169353665
-239.712003;645;330;4250;1169375677
-239.683568;673;337;4249;1169404112
-239.660793;548;304;4249;1169426887
-239.604847;625;325;4251;1169482833
-239.574606;662;334;4246;1169513074
-239.552256;670;336;4246;1169535424
-239.529848;690;341;4253;1169557832
-239.506902;658;333;4248;1169580778
-239.482948;578;312;4248;1169604732
-239.428682;213;190;4247;1169658998
-239.405845;57;98;4247;1169681835
-239.375874;232;198;4246;1169711806
-239.349527;370;250;4249;1169738153
-239.323418;442;273;4248;1169764262
-239.295899;553;306;4248;1169791781
-239.272020;648;331;4248;1169815660
-239.241831;635;328;4251;1169845849
-239.216090;673;337;4251;1169871590
-239.186068;678;338;4248;1169901612
-239.156801;610;321;4249;1169930879
-239.116022;612;322;4248;1169971658
-239.085701;598;318;4247;1170001979
-239.026953;642;329;4250;1170060727
-239.004504;662;334;4249;1170083176
-238.976173;637;328;4251;1170111507
-238.946722;657;333;4246;1170140958
-238.896192;603;319;4249;1170191488
-238.873152;607;320;4249;1170214528
-238.845909;613;322;4251;1170241771
-238.815904;595;317;4249;1170271776
-238.763761;525;298;4252;1170323919
-238.742005;555;306;4252;1170345675
-238.714286;532;300;4250;1170373394
-238.663721;562;308;4250;1170423959
-238.641160;520;296;4250;1170446520
-238.615558;553;306;4249;1170472122
-238.565868;592;316;4252;1170521812
-238.543023;515;295;4252;1170544657
-238.516507;578;312;4251;1170571173
-238.465522;565;309;4250;1170622158
-238.442708;538;301;4250;1170644972
-238.416033;552;305;4251;1170671647
-238.365575;617;323;4250;1170722105
-238.342647;587;315;4250;1170745033
-238.316048;565;309;4247;1170771632
-238.292702;612;322;4247;1170794978
-238.265491;658;333;4250;1170822189
-238.214240;707;346;4249;1170873440
-238.184288;685;340;4247;1170903392
-238.135162;702;344;4252;1170952518
-238.112302;697;343;4247;1170975378
-238.062903;645;330;4249;1171024777
-238.038752;635;328;4249;1171048928
-238.003961;643;330;4249;1171083719
-237.979124;625;325;4249;1171108556
-237.952209;560;308;4248;1171135471
-237.931590;502;291;4248;1171156090
-237.908774;400;260;4249;1171178906
-237.881059;452;276;4249;1171206621
-237.853961;598;318;4251;1171233719
-237.815771;403;261;4251;1171271909
-237.785169;278;217;4252;1171302511
-237.761645;552;305;4252;1171326035
-237.739460;692;342;4245;1171348220
-237.714853;763;359;4251;1171372827
-237.685974;705;345;4250;1171401706
-237.661096;547;304;4250;1171426584
-237.638198;443;274;4248;1171449482
-237.615429;305;227;4248;1171472251
-237.566384;275;215;4245;1171521296
-237.544171;347;242;4245;1171543509
-237.514906;518;296;4253;1171572774
-237.465526;593;317;4249;1171622154
-237.443867;527;298;4249;1171643813
-237.419419;508;293;4251;1171668261
-237.359890;510;294;4250;1171727790
-237.335519;557;307;4250;1171752161
-237.305652;462;279;4250;1171782028
-237.275908;500;291;4248;1171811772
-237.247731;577;312;4251;1171839949
-237.209614;545;303;4251;1171878066
-237.188028;502;291;4251;1171899652
-237.163103;488;287;4249;1171924577
-237.138142;442;273;4250;1171949538
-237.117752;435;271;4250;1171969928
-237.094691;433;270;4249;1171992989
-237.073057;410;263;4247;1172014623
-237.050157;357;245;4247;1172037523
-237.026785;290;221;4252;1172060895
-237.003186;307;228;4248;1172084494
-236.980590;332;237;4249;1172107090
-236.937798;387;256;4250;1172149882
-236.912925;393;258;4250;1172174755
-236.888790;388;256;4249;1172198890
-236.865974;392;257;4252;1172221706
-236.845657;447;275;4250;1172242023
-236.819567;343;241;4251;1172268113
-236.774691;135;151;4247;1172312989
-236.750840;137;152;4251;1172336840
-236.729628;202;185;4249;1172358052
-236.705633;212;189;4248;1172382047
-236.683701;232;198;4246;1172403979
-236.655469;182;175;4250;1172432211
-236.626152;150;159;4248;1172461528
-236.602391;130;148;4248;1172485289
-236.579941;122;143;4249;1172507739
-236.555583;172;170;4251;1172532097
-236.484975;392;257;4247;1172602705
-236.459234;445;274;4250;1172628446
-236.435172;490;288;4250;1172652508
-236.412714;487;287;4247;1172674966
-236.389927;488;287;4254;1172697753
-236.363345;400;260;4249;1172724335
-236.342622;365;248;4249;1172745058
-236.315355;385;255;4250;1172772325
-236.285857;327;235;4251;1172801823
-236.260910;365;248;4251;1172826770
-236.196012;398;259;4251;1172891668
-236.171528;427;269;4251;1172916152
-236.142275;467;281;4247;1172945405
-236.115065;482;285;4247;1172972615
-236.062451;707;346;4250;1173025229
-236.033194;637;328;4250;1173054486
-236.005863;650;331;4249;1173081817
-235.982400;617;323;4249;1173105280
-235.956363;610;321;4249;1173131317
-235.934679;658;333;4249;1173153001
-235.905453;688;341;4250;1173182227
-235.881983;710;346;4250;1173205697
-235.854661;717;348;4251;1173233019
-235.833104;627;325;4251;1173254576
-235.805881;577;312;4249;1173281799
-235.781466;550;305;4249;1173306214
-235.734287;737;353;4248;1173353393
-235.706121;767;360;4249;1173381559
-235.682752;757;358;4249;1173404928
-235.632729;585;314;4247;1173454951
-235.611495;582;314;4247;1173476185
-235.584097;587;315;4255;1173503583
-235.561549;602;319;4255;1173526131
-235.533882;563;308;4248;1173553798
-235.511788;560;308;4248;1173575892
-235.488794;532;300;4249;1173598886
-235.463854;505;292;4251;1173623826
-235.440513;535;301;4249;1173647167
-235.412346;567;310;4250;1173675334
-235.365310;505;292;4248;1173722370
-235.344468;527;298;4248;1173743212
-235.320270;668;336;4248;1173767410
-235.284178;562;308;4248;1173803502
-235.261560;475;283;4248;1173826120
-235.232916;478;284;4249;1173854764
-235.185606;397;259;4251;1173902074
-235.155521;283;219;4249;1173932159
-235.132386;230;197;4249;1173955294
-235.103993;242;202;4247;1173983687
-235.080388;240;201;4247;1174007292
-235.033511;268;213;4249;1174054169
-235.010822;233;198;4251;1174076858
-234.980562;273;215;4250;1174107118
-234.931915;195;181;4247;1174155765
-234.905027;240;201;4248;1174182653
-234.883606;262;210;4248;1174204074
-234.861602;228;196;4248;1174226078
-234.834952;217;191;4250;1174252728
-234.805561;255;207;4248;1174282119
-234.782092;232;198;4248;1174305588
-234.702246;382;254;4247;1174385434
-234.680928;340;240;4247;1174406752
-234.624169;407;262;4247;1174463511
-234.595772;447;275;4247;1174491908
-234.571296;368;249;4247;1174516384
-234.543789;338;239;4248;1174543891
-234.514099;373;251;4250;1174573581
-234.464972;262;210;4250;1174622708
-234.435519;197;182;4250;1174652161
-234.414145;202;185;4250;1174673535
-234.391826;332;237;4250;1174695854
-234.364507;353;244;4248;1174723173
-234.335247;290;221;4251;1174752433
-234.312351;313;230;4251;1174775329
-234.274984;255;207;4248;1174812696
-234.249596;247;204;4247;1174838084
-234.228531;190;179;4247;1174859149
-234.202239;233;198;4247;1174885441
-234.180283;227;196;4247;1174907397
-234.132451;143;155;4248;1174955229
-234.100279;247;204;4251;1174987401
-234.079585;215;190;4252;1175008095
-234.053739;212;189;4249;1175033941
-234.031681;177;173;4249;1175055999
-234.002521;212;189;4253;1175085159
-233.979930;232;198;4253;1175107750
-233.954531;260;209;4249;1175133149
-233.933223;282;218;4249;1175154457
-233.906336;307;228;4248;1175181344
-233.854293;412;264;4250;1175233387
-233.829634;433;270;4250;1175258046
-233.804184;497;290;4250;1175283496
-233.781566;467;281;4250;1175306114
-233.755072;448;275;4247;1175332608
-233.733061;427;269;4247;1175354619
-233.709730;365;248;4251;1175377950
-233.685001;298;224;4249;1175402679
-233.655765;320;232;4247;1175431915
-233.630433;332;237;4247;1175457247
-233.605192;362;247;4247;1175482488
-233.582874;367;249;4247;1175504806
-233.534181;367;249;4252;1175553499
-233.512494;367;249;4251;1175575186
-233.444917;380;253;4250;1175642763
-233.417594;482;285;4251;1175670086
-233.395053;457;278;4251;1175692627
-233.372680;393;258;4249;1175715000
-233.345099;320;232;4250;1175742581
-233.324044;293;222;4250;1175763636
-233.302252;535;301;4249;1175785428
-233.279822;493;289;4251;1175807858
-233.223581;372;251;4249;1175864099
-233.172006;460;279;4251;1175915674
-233.148212;438;272;4251;1175939468
-233.100882;370;250;4250;1175986798
-233.078929;387;256;4250;1176008751
-233.023587;500;291;4250;1176064093
-232.971227;543;303;4248;1176116453
-232.944914;557;307;4251;1176142766
-232.921857;475;283;4251;1176165823
-232.895600;460;279;4251;1176192080
-232.871491;555;306;4251;1176216189
-232.845408;570;310;4247;1176242272
-232.817218;667;336;4247;1176270462
-232.793743;708;346;4247;1176293937
-232.765072;643;330;4253;1176322608
-232.743931;447;275;4253;1176343749
-232.720328;272;214;4249;1176367352
-232.665826;375;252;4247;1176421854
-232.635628;223;194;4249;1176452052
-232.580787;363;248;4247;1176506893
-232.533657;317;231;4248;1176554023
-232.503601;270;213;4250;1176584079
-232.481783;298;224;4250;1176605897
-232.453916;168;168;4247;1176633764
-232.427078;1;163;4252;1176660602
-232.404361;128;147;4252;1176683319
-232.382390;130;148;4250;1176705290
-232.355125;267;212;4250;1176732555
-232.332482;187;178;4250;1176755198
-232.305573;120;142;4250;1176782107
-232.283878;128;147;4250;1176803802
-232.255333;222;193;4249;1176832347
-232.230056;335;238;4249;1176857624
-232.205332;347;242;4249;1176882348
-232.183948;367;249;4251;1176903732
-232.104537;487;287;4249;1176983143
-232.082650;433;270;4249;1177005030
-232.060370;510;294;4247;1177027310
-232.031998;563;308;4250;1177055682
-232.004192;470;282;4250;1177083488
-231.981292;532;300;4250;1177106388
-231.954881;438;272;4251;1177132799
-231.932084;557;307;4251;1177155596
-231.904615;480;285;4249;1177183065
-231.881851;473;283;4249;1177205829
-231.853185;528;299;4251;1177234495
-231.803778;520;296;4248;1177283902
-231.782212;525;298;4251;1177305468
-231.694348;615;322;4250;1177393332
-231.670192;643;330;4250;1177417488
-231.634704;673;337;4247;1177452976
-231.612186;688;341;4247;1177475494
-231.583385;643;330;4248;1177504295
-231.560706;612;322;4248;1177526974
-231.534641;653;332;4249;1177553039
-231.505284;548;304;4249;1177582396
-231.483854;500;291;4249;1177603826
-231.451930;467;281;4249;1177635750
-231.403978;455;277;4250;1177683702
-231.381145;548;304;4249;1177706535
-231.357102;470;282;4251;1177730578
-231.334560;345;241;4249;1177753120
-231.305263;378;253;4253;1177782417
-231.260897;442;273;4251;1177826783
-231.232126;482;285;4249;1177855554
-231.210514;568;310;4249;1177877166
-231.189065;648;331;4246;1177898615
-231.168112;647;331;4250;1177919568
-231.139050;627;325;4246;1177948630
-231.112156;472;282;4246;1177975524
-231.064751;360;247;4252;1178022929
-231.041828;353;244;4252;1178045852
-231.014093;287;220;4247;1178073587
-230.964719;463;280;4251;1178122961
-230.943197;412;264;4251;1178144483
-230.920974;345;241;4251;1178166706
-230.883660;535;301;4250;1178204020
-230.854769;738;353;4249;1178232911
-230.815101;833;375;4249;1178272579
-230.783292;908;392;4252;1178304388
-230.734297;973;406;4249;1178353383
-230.704985;997;411;4251;1178382695
-230.677977;982;407;4249;1178409703
-230.654501;935;398;4249;1178433179
-230.626659;870;384;4251;1178461021
-230.595268;783;364;4246;1178492412
-230.571055;688;341;4247;1178516625
-230.545161;748;356;4250;1178542519
-230.515346;842;377;4248;1178572334
-230.463705;708;346;4250;1178623975
-230.434162;792;366;4249;1178653518
-230.405321;745;355;4251;1178682359
-230.371053;760;358;4252;1178716627
-230.320407;715;348;4250;1178767273
-230.282541;713;347;4249;1178805139
-230.259946;713;347;4249;1178827734
-230.234581;792;366;4253;1178853099
-230.213545;625;325;4253;1178874135
-230.141149;732;352;4247;1178946531
-230.112832;797;367;4247;1178974848
-230.062097;687;341;42;1179025583
-230.041549;372;251;4250;1179046131
-230.014620;303;226;4248;1179073060
-229.965013;582;314;4252;1179122667
-229.943604;650;331;4252;1179144076
-229.861366;845;378;4253;1179226314
-229.840012;733;352;4249;1179247668
-229.814594;683;340;4248;1179273086
-229.764440;487;287;4252;1179323240
-229.742351;418;266;4252;1179345329
-229.714464;373;251;4251;1179373216
-229.670676;458;278;4250;1179417004
-229.644237;538;301;4249;1179443443
-229.615093;508;293;4248;1179472587
-229.585812;597;318;4249;1179501868
-229.562529;490;288;4249;1179525151
-229.536856;528;299;4252;1179550824
-229.483287;485;286;4250;1179604393
-229.460605;480;285;4250;1179627075
-229.434296;448;275;4251;1179653384
-229.405198;520;296;4255;1179682482
-229.373587;798;367;4249;1179714093
-229.344227;818;372;4249;1179743453
-229.315317;693;342;4253;1179772363
-229.284835;580;313;4248;1179802845
-229.260737;623;324;4248;1179826943
-229.231736;687;341;4247;1179855944
-229.208989;680;339;4247;1179878691
-229.183669;665;335;4253;1179904011
-229.137848;542;303;4249;1179949832
-229.108900;618;323;4248;1179978780
-229.086844;638;328;4248;1180000836
-229.040441;500;291;4253;1180047239
-229.018654;493;289;4252;1180069026
-228.997486;573;311;4249;1180090194
-228.975671;607;320;4248;1180112009
-228.932020;287;220;4251;1180155660
-228.909310;303;226;4249;1180178370
-228.887826;348;242;4250;1180199854
-228.863017;527;298;4249;1180224663
-228.842488;527;298;4247;1180245192
-228.818147;368;249;4251;1180269533
-228.770047;260;209;4255;1180317633
-228.743865;-33;0;4251;1180343815
-228.720300;-485;0;4251;1180367380
-228.670385;-542;0;4251;1180417295
-228.620038;-568;0;4250;1180467642
-228.590817;-505;0;4249;1180496863
-228.564103;-470;0;4249;1180523577
-228.541249;-515;0;4249;1180546431
-228.513124;-540;0;4250;1180574556
-228.464331;-337;0;4251;1180623349
-228.434707;-267;0;4251;1180652973
-228.403752;-222;0;4251;1180683928
-228.379194;-212;0;4251;1180708486
-228.357352;-188;0;4248;1180730328
-228.334330;-173;0;4251;1180753350
-228.305486;-175;0;4251;1180782194
-228.281830;-167;0;4251;1180805850
-228.252256;-198;0;4247;1180835424
-228.203838;87;121;4252;1180883842
-228.146171;120;142;4251;1180941509
-228.123573;140;154;4251;1180964107
-228.101244;142;155;4252;1180986436
-228.079220;140;154;4252;1181008460
-228.054438;178;173;4251;1181033242
-228.032655;195;181;4251;1181055025
-228.010745;175;172;4252;1181076935
-227.982511;187;178;4250;1181105169
-227.961493;188;178;4250;1181126187
-227.934913;222;193;4249;1181152767
-227.905553;215;190;4251;1181182127
-227.880192;240;201;4251;1181207488
-227.853517;273;215;4250;1181234163
-227.831166;288;220;4250;1181256514
-227.804348;300;225;4252;1181283332
-227.779677;288;220;4252;1181308003
-227.733061;292;222;4253;1181354619
-227.704251;292;222;4250;1181383429
-227.677857;288;220;4248;1181409823
-227.650336;338;239;4247;1181437344
-227.612919;402;261;4252;1181474761
-227.583020;403;261;4249;1181504660
-227.561432;388;256;4249;1181526248
-227.533822;363;248;4250;1181553858
-227.505599;330;236;4249;1181582081
-227.481858;330;236;4249;1181605822
-227.453690;340;240;4250;1181633990
-227.431520;395;258;4250;1181656160
-227.409458;433;270;4251;1181678222
-227.384304;405;262;4253;1181703376
-227.362472;518;296;4253;1181725208
-227.336087;628;326;4251;1181751593
-227.305686;728;351;4253;1181781994
-227.264639;952;401;4250;1181823041
-227.240717;985;408;4250;1181846963
-227.214332;865;382;4248;1181873348
-227.184230;892;388;4252;1181903450
-227.153973;608;321;4248;1181933707
-227.123259;805;369;4248;1181964421
-227.068660;977;406;4251;1182019020
-227.045475;1022;416;4251;1182042205
-226.992193;1055;422;4250;1182095487
-226.970114;1075;426;4250;1182117566
-226.949585;1008;413;4253;1182138095
-226.927257;1000;411;4249;1182160423
-226.903229;1082;428;4249;1182184451
-226.854867;1050;421;4251;1182232813
-226.828296;1070;425;4252;1182259384
-226.804349;1037;419;4252;1182283331
-226.774991;998;411;4250;1182312689
-226.745619;1118;435;4251;1182342061
-226.721085;1167;444;4251;1182366595
-226.665231;1043;420;4250;1182422449
-226.642488;1028;417;4250;1182445192
-226.605603;868;383;4252;1182482077
-226.582130;835;376;4252;1182505550
-226.555768;920;394;4246;1182531912
-226.532509;950;401;4246;1182555171
-226.505249;970;405;4249;1182582431
-226.475427;922;395;4251;1182612253
-226.434235;1053;422;4254;1182653445
-226.390747;1150;441;4247;1182696933
-226.368442;1163;443;4247;1182719238
-226.345742;1248;459;4250;1182741938
-226.302664;1288;467;4250;1182785016
-226.281495;1225;455;4251;1182806185
-226.259677;1298;469;4;1182828003
-226.232498;1245;459;4251;1182855182
-226.204254;1245;459;4250;1182883426
-226.183025;1195;450;4250;1182904655
-226.134028;1120;435;4251;1182953652
-226.111222;1107;433;4251;1182976458
-226.088799;1023;416;4250;1182998881
-226.062855;927;396;4251;1183024825
-226.041544;803;368;4251;1183046136
-226.018771;788;365;4254;1183068909
-225.971153;835;376;4249;1183116527
-225.942095;758;358;4249;1183145585
-225.921112;697;343;4249;1183166568
-225.883863;683;340;4252;1183203817
-225.832730;1008;413;4250;1183254950
-225.810102;687;341;4250;1183277578
-225.781612;553;306;4251;1183306068
-225.736663;555;306;4248;1183351017
-225.712725;625;325;4247;1183374955
-225.684369;750;356;4249;1183403311
-225.654372;733;352;4250;1183433308
-225.631155;742;354;4250;1183456525
-225.602981;682;339;4251;1183484699
-225.581770;713;347;4251;1183505910
-225.513134;633;327;4249;1183574546
-225.485124;697;343;4253;1183602556
-225.462605;712;347;4253;1183625075
-225.440786;615;322;4247;1183646894
-225.414585;625;325;4253;1183673095
-225.385238;778;363;4249;1183702442
-225.334488;700;344;4251;1183753192
-225.305779;743;354;4251;1183781901
-225.275451;798;367;4249;1183812229
-225.252897;678;338;4249;1183834783
-225.230393;703;345;4252;1183857287
-225.206002;622;324;4250;1183881678
-225.175785;412;264;4251;1183911895
-225.149246;475;283;4250;1183938434
-225.103907;153;161;4251;1183983773
-225.048686;133;150;4250;1184038994
-225.027348;-52;0;4250;1184060332
-225.002229;148;158;4249;1184085451
-224.981507;203;185;4248;1184106173
-224.945813;203;185;4249;1184141867
-224.914207;373;251;4252;1184173473
-224.885574;510;294;4252;1184202106
-224.862481;670;336;4252;1184225199
-224.835246;513;294;4249;1184252434
-224.805819;437;272;4249;1184281861
-224.775582;342;240;4251;1184312098
-224.750858;270;213;4251;1184336822
-224.724293;250;205;4253;1184363387
-224.703671;170;169;4253;1184384009
-224.679967;162;165;4249;1184407713
-224.655269;215;190;4249;1184432411
-224.615565;203;185;4248;1184472115
-224.591718;218;192;4248;1184495962
-224.564849;182;175;4250;1184522831
-224.542834;173;171;4250;1184544846
-224.515854;172;170;4253;1184571826
-224.470396;142;155;4252;1184617284
-224.445173;200;184;4249;1184642507
-224.415824;138;152;4247;1184671856
-224.388470;118;141;4249;1184699210
-224.365730;103;132;4249;1184721950
-224.343320;97;128;4254;1184744360
-224.315752;117;140;4252;1184771928
-224.264673;117;140;4254;1184823007
-224.242557;165;167;4254;1184845123
-224.215469;100;130;4252;1184872211
-224.166350;210;188;4251;1184921330
-224.142110;322;233;4251;1184945570
-224.120478;392;257;4248;1184967202
-224.071790;345;241;4248;1185015890
-224.044073;602;319;4254;1185043607
-224.015646;828;374;4251;1185072034
-223.965796;897;389;4247;1185121884
-223.944133;862;382;4247;1185143547
-223.915534;740;354;4250;1185172146
-223.889085;737;353;4250;1185198595
-223.865391;752;357;4250;1185222289
-223.843100;763;359;4249;1185244580
-223.815538;675;338;4249;1185272142
-223.715282;650;331;4250;1185372398
-223.688923;690;341;4251;1185398757
-223.664906;703;345;4251;1185422774
-223.631439;762;359;4249;1185456241
-223.602626;777;362;4251;1185485054
-223.581518;817;372;4251;1185506162
-223.534249;683;340;4250;1185553431
-223.512745;690;341;4254;1185574935
-223.491392;657;333;4250;1185596288
-223.469592;600;318;4248;1185618088
-223.444813;582;314;4252;1185642867
-223.415517;640;329;4249;1185672163
-223.383073;618;323;4247;1185704607
-223.361646;668;336;4247;1185726034
-223.333291;683;340;4253;1185754389
-223.279978;567;310;4251;1185807702
-223.230314;507;293;4252;1185857366
-223.200544;530;299;4252;1185887136
-223.176434;540;302;4252;1185911246
-223.151044;538;301;4250;1185936636
-223.129246;487;287;4250;1185958434
-223.105391;447;275;4252;1185982289
-223.081203;472;282;4256;1186006477
-223.054125;447;275;4251;1186033555
-223.033570;370;250;4251;1186054110
-223.005273;385;255;4253;1186082407
-222.983462;498;290;4253;1186104218
-222.956071;482;285;4251;1186131609
-222.933192;428;269;4251;1186154488
-222.905847;585;314;4250;1186181833
-222.882301;602;319;4250;1186205379
-222.833638;563;308;4248;1186254042
-222.805064;542;303;4248;1186282616
-222.783401;527;298;4248;1186304279
-222.753349;505;292;4251;1186334331
-222.723987;502;291;4251;1186363693
-222.701975;497;290;4251;1186385705
-222.679603;447;275;4252;1186408077
-222.655064;350;243;4251;1186432616
-222.595796;227;196;4247;1186491884
-222.571862;273;215;4247;1186515818
-222.543725;313;230;4253;1186543955
-222.514214;240;201;4248;1186573466
-222.485671;152;160;4252;1186602009
-222.455603;150;159;4253;1186632077
-222.432665;185;177;4253;1186655015
-222.392681;262;210;4251;1186694999
-222.368326;272;214;4251;1186719354
-222.342975;315;231;4251;1186744705
-222.320693;310;229;4251;1186766987
-222.295508;313;230;4248;1186792172
-222.273064;323;233;4248;1186814616
-222.245740;298;224;4253;1186841940
-222.214049;262;210;4250;1186873631
-222.164308;418;266;4250;1186923372
-222.141986;387;256;4250;1186945694
-222.113901;382;254;4251;1186973779
-222.063772;488;287;4254;1187023908
-222.037743;437;272;4252;1187049937
-222.012855;365;248;4252;1187074825
-221.974538;417;265;4250;1187113142
-221.943923;467;281;4248;1187143757
-221.895164;602;319;4250;1187192516
-221.865440;532;300;4252;1187222240
-221.842189;500;291;4252;1187245491
-221.814284;557;307;4250;1187273396
-221.793033;527;298;4250;1187294647
-221.767456;537;301;4250;1187320224
-221.744669;560;308;4250;1187343011
-221.721589;577;312;4250;1187366091
-221.698375;728;351;4252;1187389305
-221.674659;802;368;4251;1187413021
-221.645434;860;381;4248;1187442246
-221.615865;793;366;4247;1187471815
-221.544969;843;377;4253;1187542711
-221.521278;695;343;4253;1187566402
-221.471641;692;342;4253;1187616039
-221.445372;587;315;4253;1187642308
-221.401962;558;307;4251;1187685718
-221.374678;852;380;4251;1187713002
-221.345885;1083;428;4249;1187741795
-221.314591;962;403;4251;1187773089
-221.288360;982;407;4250;1187799320
-221.263319;918;394;4250;1187824361
-221.241972;772;361;4250;1187845708
-221.214015;743;354;4250;1187873665
-221.164970;922;395;4249;1187922710
-221.143196;865;382;4249;1187944484
-221.104131;750;356;4249;1187983549
-221.082244;688;341;4253;1188005436
-221.055042;628;326;4249;1188032638
-221.030981;698;343;4249;1188056699
-221.004410;635;328;4253;1188083270
-220.981771;657;333;4253;1188105909
-220.900773;700;344;4252;1188186907
-220.877451;647;331;4252;1188210229
-220.852004;590;316;4250;1188235676
-220.825106;722;349;4251;1188262574
-220.795399;703;345;4249;1188292281
-220.770317;695;343;4249;1188317363
-220.744559;722;349;4250;1188343121
-220.722208;763;359;4250;1188365472
-220.645781;570;310;4253;1188441899
-220.612180;453;277;4253;1188475500
-220.580871;472;282;4256;1188506809
-220.549032;568;310;4249;1188538648
-220.522732;615;322;4255;1188564948
-220.500833;662;334;4255;1188586847
-220.478834;705;345;4252;1188608846
-220.433272;692;342;4249;1188654408
-220.404489;698;343;4249;1188683191
-220.374240;707;346;4253;1188713440
-220.350589;677;338;4253;1188737091
-220.329344;670;336;4251;1188758336
-220.270872;732;352;4249;1188816808
-220.228025;790;365;4249;1188859655
-220.204158;812;370;4249;1188883522
-220.181905;880;386;4250;1188905775
-220.154651;893;389;4251;1188933029
-220.131567;870;384;4251;1188956113
-220.103616;860;381;4249;1188984064
-220.082292;802;368;4249;1189005388
-220.054923;808;370;4249;1189032757
-220.028634;877;385;4248;1189059046
-220.004865;910;392;4248;1189082815
-219.982484;835;376;4253;1189105196
-219.957180;807;369;4250;1189130500
-219.929283;992;410;4252;1189158397
-219.904761;1022;416;4252;1189182919
-219.882856;942;399;4250;1189204824
-219.856372;868;383;4251;1189231308
-219.805155;923;395;4251;1189282525
-219.782654;923;395;4251;1189305026
-219.754988;882;386;4247;1189332692
-219.731912;868;383;4247;1189355768
-219.705727;867;383;4251;1189381953
-219.683539;818;372;4251;1189404141
-219.652450;807;369;4252;1189435230
-219.629557;757;358;4252;1189458123
-219.603143;648;331;4252;1189484537
-219.581888;635;328;4252;1189505792
-219.559336;735;352;4251;1189528344
-219.531755;747;355;4251;1189555925
-219.505699;828;374;4251;1189581981
-219.483109;758;358;4251;1189604571
-219.461147;618;323;4249;1189626533
-219.433076;745;355;4249;1189654604
-219.405544;928;396;4251;1189682136
-219.365508;1065;424;4252;1189722172
-219.341866;1013;414;4252;1189745814
-219.315672;878;385;4254;1189772008
-219.283958;880;386;4254;1189803722
-219.260039;828;374;4248;1189827641
-219.233488;843;377;4249;1189854192
-219.206211;843;377;4252;1189881469
-219.180750;893;389;4253;1189906930
-219.153134;820;372;4250;1189934546
-219.131154;735;352;4250;1189956526
-219.104681;807;369;4252;1189982999
-219.081877;842;377;4252;1190005803
-219.050921;805;369;4249;1190036759
-219.001094;718;348;4249;1190086586
-218.979426;657;333;4249;1190108254
-218.919484;552;305;4253;1190168196
-218.881268;495;289;4254;1190206412
-218.833230;467;281;4250;1190254450
-218.811824;440;273;4250;1190275856
-218.784189;462;279;4249;1190303491
-218.702280;485;286;4254;1190385400
-218.680244;530;299;4255;1190407436
-218.654027;615;322;4250;1190433653
-218.626155;733;352;4250;1190461525
-218.601728;718;348;4250;1190485952
-218.572525;585;314;4251;1190515155
-218.549689;570;310;4251;1190537991
-218.528293;587;315;4249;1190559387
-218.493496;625;325;4251;1190594184
-218.452279;720;349;4253;1190635401
-218.422760;750;356;4249;1190664920
-218.371747;743;354;4248;1190715933
-218.344738;728;351;4248;1190742942
-218.315519;687;341;4251;1190772161
-218.263969;642;329;4248;1190823711
-218.243415;625;325;4248;1190844265
-218.222018;625;325;4253;1190865662
-218.195469;620;324;4251;1190892211
-218.165197;580;313;4249;1190922483
-218.135927;615;322;4252;1190951753
-218.111618;682;339;4252;1190976062
-218.084323;728;351;4252;1191003357
-218.037294;702;344;4251;1191050386
-218.010895;678;338;4251;1191076785
-217.988253;662;334;4251;1191099427
-217.962513;638;328;4250;1191125167
-217.905188;585;314;4251;1191182492
-217.882405;607;320;4250;1191205275
-217.853253;575;312;4254;1191234427
-217.825387;592;316;4250;1191262293
-217.795396;635;328;4251;1191292284
-217.769823;672;337;4251;1191317857
-217.743847;688;341;4252;1191343833
-217.665364;612;322;4250;1191422316
-217.643376;643;330;4250;1191444304
-217.615590;647;331;4255;1191472090
-217.574658;497;290;4248;1191513022
-217.543116;478;284;4252;1191544564
-217.521202;510;294;4251;1191566478
-217.499581;527;298;4252;1191588099
-217.464400;587;315;4249;1191623280
-217.434265;615;322;4249;1191653415
-217.413184;572;311;4249;1191674496
-217.385208;583;314;4250;1191702472
-217.363679;543;303;4250;1191724001
-217.340676;513;294;4250;1191747004
-217.313860;477;284;4249;1191773820
-217.283653;593;317;4249;1191804027
-217.231807;577;312;4249;1191855873
-217.205006;570;310;4245;1191882674
-217.181816;657;333;4245;1191905864
-217.152952;610;321;4252;1191934728
-217.109307;647;331;4251;1191978373
-217.086484;623;324;4251;1192001196
-217.062298;578;312;4250;1192025382
-217.041304;612;322;4251;1192046376
-217.012223;637;328;4249;1192075457
-216.988620;842;377;4249;1192099060
-216.963904;885;387;4251;1192123776
-216.933228;910;392;4249;1192154452
-216.909543;837;376;4249;1192178137
-216.883132;782;364;4252;1192204548
-216.861274;735;352;4252;1192226406
-216.839871;743;354;4253;1192247809
-216.814531;653;332;4251;1192273149
-216.769462;672;337;4250;1192318218
-216.745416;817;372;4251;1192342264
-216.664541;828;374;4251;1192423139
-216.635311;892;388;4250;1192452369
-216.605643;863;382;4251;1192482037
-216.579666;820;372;4249;1192508014
-216.553236;750;356;4250;1192534444
-216.531358;703;345;4250;1192556322
-216.504660;725;350;4249;1192583020
-216.482722;650;331;4249;1192604958
-216.426099;643;330;4253;1192661581
-216.404806;623;324;4248;1192682874
-216.381671;608;321;4254;1192706009
-216.353332;685;340;4254;1192734348
-216.325565;742;354;4253;1192762115
-216.294860;800;368;4251;1192792820
-216.268584;830;375;4250;1192819096
-216.231238;918;394;4251;1192856442
-216.203555;808;370;4253;1192884125
-216.178447;815;371;4253;1192909233
-216.151495;892;388;4250;1192936185
-216.130416;928;396;4250;1192957264
-216.108241;840;377;4251;1192979439
-216.071369;845;378;4253;1193016311
-216.045001;833;375;4251;1193042679
-216.015589;657;333;4253;1193072091
-215.992917;645;330;4253;1193094763
-215.968881;558;307;4255;1193118799
-215.945005;522;297;4250;1193142675
-215.915367;462;279;4252;1193172313
-215.884823;550;305;4249;1193202857
-215.862885;558;307;4249;1193224795
-215.822970;543;303;4250;1193264710
-215.769088;680;339;4254;1193318592
-215.743640;667;336;4249;1193344040
-215.712979;772;361;4250;1193374701
-215.685437;768;360;4251;1193402243
-215.660608;733;352;4251;1193427072
-215.633637;503;291;4254;1193454043
-215.604706;532;300;4251;1193482974
-215.581002;602;319;4251;1193506678
-215.554889;628;326;4252;1193532791
-215.503090;563;308;4251;1193584590
-215.480944;468;281;4253;1193606736
-215.455115;507;293;4251;1193632565
-215.433275;602;319;4251;1193654405
-215.381952;498;290;4253;1193705728
-215.349987;397;259;4253;1193737693
-215.327815;240;201;4248;1193759865
-215.302010;445;274;4256;1193785670
-215.281430;560;308;4256;1193806250
-215.233736;563;308;4251;1193853944
-215.203921;478;284;4253;1193883759
-215.182478;407;262;4253;1193905202
-215.160823;400;260;4251;1193926857
-215.132721;312;229;4250;1193954959
-215.107581;325;234;4256;1193980099
-215.083977;325;234;4256;1194003703
-215.061559;435;271;4255;1194026121
-215.039205;447;275;4251;1194048475
-215.014295;385;255;4251;1194073385
-214.961902;362;247;4252;1194125778
-214.932127;402;261;4252;1194155553
-214.911737;545;303;4252;1194175943
-214.888114;483;286;4252;1194199566
-214.864301;448;275;4251;1194223379
-214.841956;493;289;4255;1194245724
-214.815365;390;257;4252;1194272315
-214.785169;387;256;4249;1194302511
-214.762495;417;265;4249;1194325185
-214.736098;303;226;4252;1194351582
-214.712887;303;226;4252;1194374793
-214.664654;452;276;4251;1194423026
-214.643178;438;272;4251;1194444502
-214.612369;448;275;4249;1194475311
-214.584120;417;265;4254;1194503560
-214.561663;287;220;4254;1194526017
-214.524438;222;193;4251;1194563242
-214.501153;272;214;4251;1194586527
-214.477825;223;194;4250;1194609855
-214.453090;158;163;4251;1194634590
-214.431385;135;151;4248;1194656295
-214.401730;112;137;4253;1194685950
-214.374007;80;116;4253;1194713673
-214.345729;18;55;4251;1194741951
-214.314780;-20;0;4248;1194772900
-214.284917;13;46;4251;1194802763
-214.233784;77;114;4253;1194853896
-214.205376;42;84;4252;1194882304
-214.181372;62;102;4252;1194906308
-214.152993;37;79;4251;1194934687
-214.131113;2;18;4251;1194956567
-214.083691;-17;0;4254;1195003989
-214.028207;-127;0;4254;1195059473
-214.003540;-77;0;4254;1195084140
-213.980798;-62;0;4251;1195106882
-213.934371;-3;0;4250;1195153309
-213.910903;-75;0;4250;1195176777
-213.874148;5;29;4251;1195213532
-213.848850;7;34;4251;1195238830
-213.824374;52;93;4254;1195263306
-213.795589;130;148;4253;1195292091
-213.764976;185;177;4254;1195322704
-213.742950;177;173;4254;1195344730
-213.715563;150;159;4250;1195372117
-213.685252;138;152;4250;1195402428
-213.630849;293;222;4254;1195456831
-213.604188;397;259;4252;1195483492
-213.581523;382;254;4252;1195506157
-213.553196;373;251;4251;1195534484
-213.527935;367;249;4248;1195559745
-213.503737;305;227;4248;1195583943
-213.480494;205;186;4252;1195607186
-213.457753;218;192;4253;1195629927
-213.433432;217;191;4255;1195654248
-213.405479;165;167;4251;1195682201
-213.375431;157;163;4254;1195712249
-213.351350;200;184;4254;1195736330
-213.329894;260;209;4251;1195757786
-213.302637;220;193;4251;1195785043
-213.280947;232;198;4251;1195806733
-213.245464;243;202;4253;1195842216
-213.205429;90;123;4255;1195882251
-213.165234;93;125;4251;1195922446
-213.139495;112;137;4253;1195948185
-213.110739;228;196;4248;1195976941
-213.089066;255;207;4248;1195998614
-213.035436;168;168;4250;1196052244
-213.005330;157;163;4253;1196082350
-212.981596;63;103;4253;1196106084
-212.953115;-65;0;4251;1196134565
-212.929671;-153;0;4251;1196158009
-212.904853;-255;0;4253;1196182827
-212.881660;-260;0;4253;1196206020
-212.853178;-320;0;4254;1196234502
-212.827599;-238;0;4250;1196260081
-212.805338;-222;0;4250;1196282342
-212.784223;-260;0;4253;1196303457
-212.732510;-225;0;4251;1196355170
-212.707381;-203;0;4251;1196380299
-212.682146;-228;0;4251;1196405534
-212.661074;-202;0;4251;1196426606
-212.635109;-222;0;4253;1196452571
-212.605416;-252;0;4252;1196482264
-212.582495;-302;0;4252;1196505185
-212.553503;-267;0;4251;1196534177
-212.504814;-223;0;4252;1196582866
-212.478598;-230;0;4252;1196609082
-212.450814;-272;0;4249;1196636866
-212.428451;-285;0;4249;1196659229
-212.402721;-177;0;4254;1196684959
-212.379113;-183;0;4254;1196708567
-212.333443;-122;0;4249;1196754237
-212.282686;-103;0;4250;1196804994
-212.247537;-40;0;4253;1196840143
-212.226751;-63;0;4253;1196860929
-212.192400;-33;0;4254;1196895280
-212.169723;-58;0;4254;1196917957
-212.143143;-122;0;4255;1196944537
-212.120100;-113;0;4255;1196967580
-212.099650;-55;0;4253;1196988030
-212.075345;-33;0;4255;1197012335
-212.051385;-32;0;4254;1197036295
-212.029845;-73;0;4248;1197057835
-212.002722;-82;0;4253;1197084958
-211.969554;-117;0;4251;1197118126
-211.944538;-160;0;4251;1197143142
-211.922417;-167;0;4251;1197165263
-211.883234;-152;0;4251;1197204446
-211.858318;-188;0;4250;1197229362
-211.833900;-188;0;4253;1197253780
-211.811262;-180;0;4250;1197276418
-211.763411;-132;0;4253;1197324269
-211.742068;-223;0;4253;1197345612
-211.714948;-192;0;4252;1197372732
-211.690265;-73;0;4252;1197397415
-211.664859;-78;0;4252;1197422821
-211.642507;-80;0;4252;1197445173
-211.615166;-60;0;4252;1197472514
-211.585415;-67;0;4251;1197502265
-211.561843;-23;0;4251;1197525837
-211.534102;-33;0;4248;1197553578
-211.505426;-67;0;4250;1197582254
-211.481850;-48;0;4250;1197605830
-211.444805;23;62;4255;1197642875
-211.421927;32;73;4255;1197665753
-211.366849;-47;0;4251;1197720831
-211.343382;-40;0;4251;1197744298
-211.315452;5;29;4253;1197772228
-211.290047;-65;0;4255;1197797633
-211.262666;-62;0;4253;1197825014
-211.240218;-27;0;4253;1197847462
-211.214294;13;46;4250;1197873386
-211.185714;-48;0;4251;1197901966
-211.163564;-53;0;4251;1197924116
-211.135905;-78;0;4252;1197951775
-211.113754;-17;0;4252;1197973926
-211.091384;-8;0;4254;1197996296
-211.062668;-65;0;4251;1198025012
-211.018819;-65;0;4254;1198068861
-210.997411;-42;0;4254;1198090269
-210.968277;-37;0;4251;1198119403
-210.947627;-22;0;4251;1198140053
-210.926544;10;41;4248;1198161136
-210.902241;5;29;4249;1198185439
-210.879881;-40;0;4253;1198207799
-210.836554;-65;0;4253;1198251126
-210.815226;-52;0;4256;1198272454
-210.764502;-28;0;4252;1198323178
-210.743473;-48;0;4252;1198344207
-210.715674;-25;0;4254;1198372006
-210.640743;-27;0;4250;1198446937
-210.604507;-13;0;4253;1198483173
-210.578631;-17;0;4254;1198509049
-210.550145;-30;0;4250;1198537535
-210.529596;-17;0;4250;1198558084
-210.504184;-8;0;4250;1198583496
-210.481055;-10;0;4253;1198606625
-210.435007;23;62;4252;1198652673
-210.405260;-33;0;4252;1198682420
-210.382406;-25;0;4252;1198705274
-210.332706;-73;0;4254;1198754974
-210.305504;-132;0;4251;1198782176
-210.279653;-137;0;4253;1198808027
-210.253313;-142;0;4252;1198834367
-210.204688;-175;0;4254;1198882992
-210.145240;-163;0;4250;1198942440
-210.121688;-177;0;4250;1198965992
-210.099935;-188;0;4251;1198987745
-210.076508;-207;0;4251;1199011172
-210.053243;-200;0;4251;1199034437
-210.029047;-138;0;4256;1199058633
-210.004026;-155;0;4251;1199083654
-209.982712;-188;0;4253;1199104968
-209.951113;-202;0;4251;1199136567
-209.920031;-210;0;4251;1199167649
-209.899295;-217;0;4254;1199188385
-209.877092;-205;0;4250;1199210588
-209.854440;-163;0;4248;1199233240
-209.830102;-150;0;4249;1199257578
-209.805832;-167;0;4249;1199281848
-209.755333;-150;0;4253;1199332347
-209.725228;-130;0;4251;1199362452
-209.702790;-115;0;4251;1199384890
-209.679265;-148;0;4251;1199408415
-209.653957;-243;0;4251;1199433723
-209.631131;-188;0;4255;1199456549
-209.604394;-160;0;4253;1199483286
-209.582286;-173;0;4253;1199505394
-209.560211;-195;0;4256;1199527469
-209.532866;-193;0;4253;1199554814
-209.503481;-202;0;4251;1199584199
-209.481141;-158;0;4251;1199606539
-209.400619;-218;0;4252;1199687061
-209.378096;-215;0;4252;1199709584
-209.327232;-175;0;4250;1199760448
-209.304765;-160;0;4250;1199782915
-209.279582;-135;0;4253;1199808098
-209.257021;-118;0;4249;1199830659
-209.236503;-102;0;4253;1199851177
-209.213663;-112;0;4250;1199874017
-209.188780;-162;0;4250;1199898900
-209.167398;-158;0;4252;1199920282
-209.142352;-175;0;4251;1199945328
-209.119284;-183;0;4251;1199968396
-209.072959;-197;0;4252;1200014721
-209.045214;-162;0;4253;1200042466
-209.002225;-173;0;4253;1200085455
-208.975447;-118;0;4253;1200112233
-208.927582;-117;0;4255;1200160098
-208.900134;-98;0;4254;1200187546
-208.874085;-88;0;4253;1200213595
-208.850080;-103;0;4253;1200237600
-208.827998;-92;0;4253;1200259682
-208.803032;-50;0;4252;1200284648
-208.780291;-72;0;4250;1200307389
-208.754284;-142;0;4253;1200333396
-208.733503;-112;0;4253;1200354177
-208.705330;-72;0;4248;1200382350
-208.677541;-87;0;4256;1200410139
-208.652578;-142;0;4256;1200435102
-208.625054;-178;0;4252;1200462626
-208.569906;-202;0;4252;1200517774
-208.542957;-213;0;4250;1200544723
-208.515775;-263;0;4253;1200571905
-208.484587;-273;0;4253;1200603093
-208.442681;-192;0;4257;1200644999
-208.411371;-212;0;4253;1200676309
-208.382570;-297;0;4255;1200705110
-208.337058;-433;0;4253;1200750622
-208.314425;-400;0;4251;1200773255
-208.284643;-390;0;4253;1200803037
-208.259427;-482;0;4253;1200828253
-208.225106;-535;0;4250;1200862574
-208.172149;-417;0;4254;1200915531
-208.149435;-493;0;4255;1200938245
-208.126450;-503;0;4249;1200961230
-208.101195;-433;0;4253;1200986485
-208.080262;-368;0;4253;1201007418
-208.009004;-535;0;4250;1201078676
-207.982116;-683;0;4252;1201105564
-207.955654;-752;0;4251;1201132026
-207.930263;-653;0;4251;1201157417
-207.908001;-625;0;4254;1201179679
-207.879615;-637;0;4251;1201208065
-207.853601;-655;0;4253;1201234079
-207.829866;-502;0;4253;1201257814
-207.801683;-413;0;4257;1201285997
-207.779717;-367;0;4257;1201307963
-207.732685;-403;0;4251;1201354995
-207.704008;-425;0;4251;1201383672
-207.680760;-355;0;4251;1201406920
-207.653425;-265;0;4257;1201434255
-207.632616;-80;0;4257;1201455064
-207.585815;310;229;4255;1201501865
-207.564160;92;124;4255;1201523520
-207.541301;-265;0;4252;1201546379
-207.519834;-308;0;4250;1201567846
-207.494256;-253;0;4253;1201593424
-207.471691;-138;0;4253;1201615989
-207.444358;-153;0;4251;1201643322
-207.415806;-437;0;4253;1201671874
-207.384992;-492;0;4254;1201702688
-207.361718;-372;0;4254;1201725962
-207.334847;-240;0;4250;1201752833
-207.310445;-380;0;4250;1201777235
-207.283873;-587;0;4252;1201803807
-207.234704;-493;0;4251;1201852976
-207.205280;-403;0;4256;1201882400
-207.151238;-445;0;4252;1201936442
-207.123651;-385;0;4253;1201964029
-207.100228;-293;0;4253;1201987452
-207.078437;-118;0;4254;1202009243
-207.057359;-88;0;4254;1202030321
-207.029180;-82;0;4252;1202058500
-207.001467;-120;0;4250;1202086213
-206.980137;-2;0;4250;1202107543
-206.954036;-122;0;4251;1202133644
-206.933606;-413;0;4251;1202154074
-206.912699;-395;0;4253;1202174981
-206.884784;-178;0;4250;1202202896
-206.861881;-58;0;4250;1202225799
-206.831952;-183;0;4254;1202255728
-206.811029;-305;0;4254;1202276651
-206.763549;-45;0;4252;1202324131
-206.723396;188;178;4251;1202364284
-206.701786;225;195;4251;1202385894
-206.679508;263;211;4252;1202408172
-206.654717;328;235;4251;1202432963
-206.632969;288;220;4251;1202454711
-206.604863;205;186;4251;1202482817
-206.581627;225;195;4251;1202506053
-206.553555;68;107;4256;1202534125
-206.502365;38;80;4251;1202585315
-206.479023;8;36;4251;1202608657
-206.452584;-105;0;4251;1202635096
-206.428225;-75;0;4251;1202659455
-206.402800;-38;0;4250;1202684880
-206.375236;23;62;4251;1202712444
-206.351196;10;41;4251;1202736484
-206.326777;107;134;4253;1202760903
-206.293165;-70;0;4253;1202794515
-206.266992;-93;0;4251;1202820688
-206.242043;-75;0;4251;1202845637
-206.194732;-212;0;4253;1202892948
-206.170556;-12;0;4253;1202917124
-206.143351;-50;0;4253;1202944329
-206.121090;-222;0;4253;1202966590
-206.100485;-100;0;4251;1202987195
-206.074055;27;67;4254;1203013625
-206.051515;180;174;4254;1203036165
-206.026894;182;175;4253;1203060786
-205.970983;-110;0;4249;1203116697
-205.944930;-190;0;4252;1203142750
-205.923225;-218;0;4252;1203164455
-205.895467;-230;0;4251;1203192213
-205.845205;-260;0;4254;1203242475
-205.818944;-280;0;4252;1203268736
-205.782291;-70;0;4251;1203305389
-205.736541;-168;0;4253;1203351139
-205.714682;-280;0;4253;1203372998
-205.683657;-132;0;4255;1203404023
-205.654598;-257;0;4249;1203433082
-205.604405;-147;0;4253;1203483275
-205.575203;13;46;4252;1203512477
-205.550733;-102;0;4252;1203536947
-205.514353;-112;0;4252;1203573327
-205.484072;-120;0;4255;1203603608
-205.462618;-80;0;4255;1203625062
-205.404362;315;231;4253;1203683318
-205.379896;265;211;4253;1203707784
-205.353231;312;229;4250;1203734449
-205.313506;320;232;4255;1203774174
-205.284894;242;202;4252;1203802786
-205.235072;227;196;4254;1203852608
-205.205116;365;248;4253;1203882564
-205.179093;347;242;4254;1203908587
-205.151922;482;285;4251;1203935758
-205.129131;282;218;4251;1203958549
-205.104029;68;107;4254;1203983651
-205.080727;193;180;4256;1204006953
-205.053597;223;194;4249;1204034083
-205.003647;472;282;4248;1204084033
-204.956533;453;277;4253;1204131147
-204.929597;375;252;4252;1204158083
-204.908439;388;256;4252;1204179241
-204.883865;345;241;4255;1204203815
-204.862744;313;230;4253;1204224936
-204.839745;347;242;4251;1204247935
-204.812844;408;262;4252;1204274836
-204.790545;367;249;4252;1204297135
-204.765685;490;288;4254;1204321995
-204.744494;517;296;4255;1204343186
-204.695168;422;267;4252;1204392512
-204.670370;400;260;4252;1204417310
-204.643662;463;280;4255;1204444018
-204.615528;360;247;4253;1204472152
-204.585353;312;229;4251;1204502327
-204.560697;352;244;4251;1204526983
-204.510114;302;226;4252;1204577566
-204.481838;222;193;4250;1204605842
-204.434888;233;198;4250;1204652792
-204.411967;260;209;4250;1204675713
-204.385358;263;211;4253;1204702322
-204.362764;295;223;4253;1204724916
-204.334753;292;222;4251;1204752927
-204.305660;403;261;4253;1204782020
-204.281343;490;288;4253;1204806337
-204.253404;457;278;4251;1204834276
-204.232562;392;257;4251;1204855118
-204.205244;342;240;4249;1204882436
-204.181472;387;256;4249;1204906208
-204.153441;437;272;4255;1204934239
-204.132076;337;238;4255;1204955604
-204.083579;305;227;4253;1205004101
-204.055069;303;226;4254;1205032611
-204.031713;260;209;4254;1205055967
-204.004181;218;192;4254;1205083499
-203.980804;275;215;4254;1205106876
-203.955115;283;219;4253;1205132565
-203.923622;277;216;4253;1205164058
-203.901753;267;212;4250;1205185927
-203.878633;195;181;4251;1205209047
-203.853876;178;173;4255;1205233804
-203.831479;178;173;4254;1205256201
-203.778614;220;193;4252;1205309066
-203.753184;272;214;4251;1205334496
-203.723951;337;238;4253;1205363729
-203.694813;350;243;4251;1205392867
-203.643788;288;220;4251;1205443892
-203.614277;503;291;4253;1205473403
-203.570970;597;318;4254;1205516710
-203.545440;590;316;4253;1205542240
-203.516842;605;320;4252;1205570838
-203.471798;488;287;4253;1205615882
-203.449583;457;278;4253;1205638097
-203.428296;505;292;4254;1205659384
-203.404436;542;303;4251;1205683244
-203.375265;503;291;4251;1205712415
-203.345573;623;324;4252;1205742107
-203.322762;607;320;4252;1205764918
-203.272636;515;295;4255;1205815044
-203.226846;482;285;4252;1205860834
-203.204463;547;304;4252;1205883217
-203.182070;492;288;4252;1205905610
-203.133111;558;307;4254;1205954569
-203.108670;520;296;4254;1205979010
-203.084285;512;294;4251;1206003395
-203.061547;495;289;4255;1206026133
-203.039647;505;292;4253;1206048033
-203.014760;497;290;4254;1206072920
-202.991884;680;339;4252;1206095796
-202.964439;570;310;4254;1206123241
-202.937483;497;290;4252;1206150197
-202.915187;523;297;4252;1206172493
-202.883420;585;314;4255;1206204260
-202.861179;613;322;4253;1206226501
-202.834863;470;282;4255;1206252817
-202.771770;270;213;4251;1206315910
-202.749343;235;199;4255;1206338337
-202.727353;267;212;4253;1206360327
-202.705012;330;236;4250;1206382668
-202.681667;412;264;4257;1206406013
-202.652304;370;250;4255;1206435376
-202.601017;352;244;4252;1206486663
-202.579672;383;254;4253;1206508008
-202.552664;398;259;4251;1206535016
-202.530922;512;294;4251;1206556758
-202.503873;372;251;4252;1206583807
-202.480671;348;242;4252;1206607009
-202.455042;333;237;4255;1206632638
-202.425848;233;198;4253;1206661832
-202.367193;458;278;4255;1206720487
-202.338341;445;274;4253;1206749339
-202.314444;372;251;4253;1206773236
-202.285346;515;295;4255;1206802334
-202.262299;367;249;4255;1206825381
-202.234106;475;283;4253;1206853574
-202.204765;438;272;4252;1206882915
-202.181895;277;216;4252;1206905785
-202.160559;52;93;4254;1206927121
-202.133823;5;29;4252;1206953857
-202.108101;95;126;4253;1206979579
-202.083548;202;185;4253;1207004132
-202.061630;160;164;4253;1207026050
-202.033880;137;152;4251;1207053800
-202.005878;170;169;4253;1207081802
-201.982153;63;103;4253;1207105527
-201.954217;122;143;4251;1207133463
-201.905262;432;270;4254;1207182418
-201.882905;522;297;4254;1207204775
-201.859428;478;284;4251;1207228252
-201.834798;355;245;4253;1207252882
-201.790800;318;232;4253;1207296880
-201.768837;275;215;4253;1207318843
-201.740034;342;240;4252;1207347646
-201.714886;350;243;4251;1207372794
-201.691317;343;241;4251;1207396363
-201.669199;217;191;4252;1207418481
-201.643580;145;156;4253;1207444100
-201.614728;95;126;4253;1207472952
-201.585439;123;144;4254;1207502241
-201.561398;117;140;4254;1207526282
-201.540715;80;116;4253;1207546965
-201.513645;-45;0;4253;1207574035
-201.466813;-208;0;4255;1207620867
-201.445740;-260;0;4255;1207641940
-201.424015;-277;0;4255;1207663665
-201.390000;-130;0;4250;1207697680
-201.343992;-277;0;4252;1207743688
-201.322973;-332;0;4254;1207764707
-201.302323;-340;0;4254;1207785357
-201.280580;-335;0;4251;1207807100
-201.254614;-310;0;4255;1207833066
-201.230798;-292;0;4255;1207856882
-201.195271;-298;0;4253;1207892409
-201.172564;-265;0;4253;1207915116
-201.149538;-255;0;4254;1207938142
-201.105019;-353;0;4251;1207982661
-201.064533;-357;0;4253;1208023147
-201.033461;-328;0;4250;1208054219
-201.012751;-288;0;4250;1208074929
-200.970778;-285;0;4254;1208116902
-200.947862;-317;0;4252;1208139818
-200.926701;-360;0;4251;1208160979
-200.905539;-358;0;4252;1208182141
-200.883486;-293;0;4255;1208204194
-200.832947;-233;0;4253;1208254733
-200.804841;-265;0;4253;1208282839
-200.780275;-190;0;4253;1208307405
-200.753025;-167;0;4254;1208334655
-200.725634;-190;0;4251;1208362046
-200.670114;-120;0;4255;1208417566
-200.604795;-107;0;4254;1208482885
-200.582291;-60;0;4251;1208505389
-200.552660;73;111;4255;1208535020
-200.504614;62;102;4253;1208583066
-200.481904;-48;0;4251;1208605776
-200.425378;-25;0;4249;1208662302
-200.403410;-32;0;4249;1208684270
-200.379164;-102;0;4253;1208708516
-200.353331;-140;0;4253;1208734349
-200.330253;-70;0;4253;1208757427
-200.303643;-40;0;4255;1208784037
-200.275788;-38;0;4253;1208811892
-200.250658;-75;0;4253;1208837022
-200.207093;-173;0;4256;1208880587
-200.180911;-235;0;4255;1208906769
-200.158064;-247;0;4255;1208929616
-200.130506;-183;0;4255;1208957174
-200.108386;-108;0;4255;1208979294
-200.083170;-98;0;4254;1209004510
-200.039768;-72;0;4255;1209047912
-200.015577;-82;0;4256;1209072103
-199.985108;-160;0;4257;1209102572
-199.957064;-217;0;4250;1209130616
-199.925490;-198;0;4255;1209162190
-199.895746;-193;0;4251;1209191934
-199.871267;-208;0;4251;1209216413
-199.845232;-203;0;4250;1209242448
-199.785689;-225;0;4254;1209301991
-199.735186;-188;0;4253;1209352494
-199.705362;-135;0;4251;1209382318
-199.679251;-100;0;4253;1209408429
-199.654735;-67;0;4253;1209432945
-199.632367;-78;0;4255;1209455313
-199.605576;-123;0;4253;1209482104
-199.582273;-225;0;4253;1209505407
-199.504119;-267;0;4253;1209583561
-199.480485;-170;0;4255;1209607195
-199.453805;-135;0;4251;1209633875
-199.429396;-157;0;4251;1209658284
-199.404366;-320;0;4251;1209683314
-199.382718;-148;0;4253;1209704962
-199.313358;155;162;4254;1209774322
-199.283108;218;192;4253;1209804572
-199.234528;337;238;4253;1209853152
-199.213377;345;241;4253;1209874303
-199.185300;335;238;4251;1209902380
-199.160045;368;249;4253;1209927635
-199.133482;392;257;4253;1209954198
-199.111968;385;255;4253;1209975712
-199.090032;410;263;4251;1209997648
-199.064281;382;254;4254;1210023399
-199.040484;410;263;4254;1210047196
-199.016445;362;247;4255;1210071235
-198.985474;382;254;4248;1210102206
-198.962550;417;265;4248;1210125130
-198.934395;427;269;4252;1210153285
-198.890937;302;226;4256;1210196743
-198.865247;290;221;4254;1210222433
-198.842242;227;196;4254;1210245438
-198.818928;187;178;4253;1210268752
-198.793950;217;191;4252;1210293730
-198.765524;183;176;4250;1210322156
-198.743009;188;178;4250;1210344671
-198.714368;297;224;4252;1210373312
-198.677324;373;251;4251;1210410356
-198.654242;375;252;4251;1210433438
-198.624942;318;232;4252;1210462738
-198.595418;262;210;4253;1210492262
-198.570922;202;185;4253;1210516758
-198.543170;143;155;4254;1210544510
-198.514122;165;167;4254;1210573558
-198.491889;187;178;4254;1210595791
-198.468543;167;168;4251;1210619137
-198.428839;177;173;4252;1210658841
-198.403359;185;177;4256;1210684321
-198.382370;263;211;4256;1210705310
-198.360493;127;146;4252;1210727187
-198.334281;17;53;4255;1210753399
-198.310432;-23;0;4255;1210777248
-198.285079;55;96;4253;1210802601
-198.263556;47;89;4248;1210824124
-198.241405;87;121;4253;1210846275
-198.215327;140;154;4253;1210872353
-198.185228;155;162;4257;1210902452
-198.162665;125;145;4257;1210925015
-198.138880;112;137;4252;1210948800
-198.112732;35;77;4255;1210974948
-198.068153;137;152;4253;1211019527
-198.021674;105;133;4254;1211066006
-197.972743;127;146;4253;1211114937
-197.951331;178;173;4250;1211136349
-197.929859;162;165;4253;1211157821
-197.904517;173;171;4255;1211183163
-197.879113;223;194;4255;1211208567
-197.834437;158;163;4254;1211253243
-197.805022;118;141;4249;1211282658
-197.781703;72;110;4249;1211305977
-197.752868;215;190;4253;1211334812
-197.704937;253;207;4249;1211382743
-197.681169;250;205;4251;1211406511
-197.621254;297;224;4252;1211466426
-197.595781;300;225;4254;1211491899
-197.574623;315;231;4254;1211513057
-197.550014;233;198;4255;1211537666
-197.500149;57;98;4253;1211587531
-197.476615;118;141;4254;1211611065
-197.450415;140;154;4253;1211637265
-197.369607;118;141;4253;1211718073
-197.343537;123;144;4250;1211744143
-197.315324;158;163;4251;1211772356
-197.284944;102;131;4251;1211802736
-197.227450;217;191;4253;1211860230
-197.204872;262;210;4253;1211882808
-197.151188;620;324;4253;1211936492
-197.129126;728;351;4253;1211958554
-197.104858;632;327;4253;1211982822
-197.082459;578;312;4254;1212005221
-197.060635;725;350;4251;1212027045
-197.033015;645;330;4253;1212054665
-197.005721;480;285;4252;1212081959
-196.982654;457;278;4252;1212105026
-196.959432;702;344;4251;1212128248
-196.933045;788;365;4251;1212154635
-196.912014;668;336;4251;1212175666
-196.865117;655;333;4251;1212222563
-196.841804;617;323;4251;1212245876
-196.814855;937;398;4250;1212272825
-196.789239;935;398;4253;1212298441
-196.704932;867;383;4251;1212382748
-196.675521;793;366;4255;1212412159
-196.645186;752;357;4251;1212442494
-196.612208;910;392;4251;1212475472
-196.568509;827;374;4253;1212519171
-196.547578;715;348;4251;1212540102
-196.465648;508;293;4253;1212622032
-196.435269;458;278;4255;1212652411
-196.405621;513;294;4252;1212682059
-196.380918;470;282;4252;1212706762
-196.334722;427;269;4249;1212752958
-196.305770;280;217;4255;1212781910
-196.235378;247;204;4252;1212852302
-196.205350;112;137;4254;1212882330
-196.182022;175;172;4254;1212905658
-196.133201;383;254;4253;1212954479
-196.104059;422;267;4253;1212983621
-196.081675;370;250;4253;1213006005
-196.033252;425;268;4257;1213054428
-196.003429;428;269;4255;1213084251
-195.981060;467;281;4255;1213106620
-195.932386;490;288;4252;1213155294
-195.905210;560;308;4255;1213182470
-195.881678;490;288;4255;1213206002
-195.835333;340;240;4250;1213252347
-195.803391;282;218;4254;1213284289
-195.778212;265;211;4252;1213309468
-195.755672;287;220;4253;1213332008
-195.732128;282;218;4251;1213355552
-195.711628;443;274;4253;1213376052
-195.684723;618;323;4253;1213402957
-195.654179;728;351;4254;1213433501
-195.624077;780;363;4253;1213463603
-195.602935;737;353;4253;1213484745
-195.578586;858;381;4253;1213509094
-195.554608;823;373;4247;1213533072
-195.524732;800;368;4251;1213562948
-195.502229;870;384;4251;1213585451
-195.480196;937;398;4256;1213607484
-195.454591;952;401;4253;1213633089
-195.428165;912;393;4252;1213659515
-195.385601;1060;423;4257;1213702079
-195.361514;1165;444;4257;1213726166
-195.334600;1120;435;4249;1213753080
-195.305299;1110;433;4251;1213782381
-195.281169;1035;418;4251;1213806511
-195.256322;947;400;4253;1213831358
-195.233766;875;385;4252;1213853914
-195.204233;965;404;4254;1213883447
-195.180074;813;371;4254;1213907606
-195.151935;725;350;4254;1213935745
-195.129634;837;376;4254;1213958046
-195.103612;855;380;4255;1213984068
-195.079950;818;372;4255;1214007730
-195.032183;790;365;4255;1214055497
-195.004282;792;366;4251;1214083398
-194.961682;830;375;4257;1214125998
-194.935082;753;357;4254;1214152598
-194.905601;760;358;4253;1214182079
-194.878070;725;350;4254;1214209610
-194.844341;753;357;4251;1214243339
-194.795024;838;376;4251;1214292656
-194.772875;837;376;4251;1214314805
-194.742971;843;377;4251;1214344709
-194.717466;890;388;4252;1214370214
-194.684930;893;389;4251;1214402750
-194.660869;840;377;4251;1214426811
-194.631909;815;371;4252;1214455771
-194.610713;823;373;4252;1214476967
-194.583977;1020;415;4255;1214503703
-194.561755;998;411;4255;1214525925
-194.533684;967;404;4252;1214553996
-194.470845;863;382;4254;1214616835
-194.442879;858;381;4258;1214644801
-194.393052;985;408;4255;1214694628
-194.371650;1035;418;4255;1214716030
-194.334544;1043;420;4257;1214753136
-194.310963;1082;428;4257;1214776717
-194.283499;1055;422;4256;1214804181
-194.261253;1092;430;4256;1214826427
-194.234708;1043;420;4256;1214852972
-194.205400;958;402;4255;1214882280
-194.180108;1023;416;4255;1214907572
-194.152883;1153;442;4254;1214934797
-194.130663;1080;427;4254;1214957017
-194.107732;1102;432;4251;1214979948
-194.057009;1093;430;4254;1215030671
-194.030539;1073;426;4255;1215057141
-194.009429;1083;428;4255;1215078251
-193.983765;973;406;4254;1215103915
-193.954694;903;391;4255;1215132986
-193.931105;827;374;4255;1215156575
-193.908317;793;366;4252;1215179363
-193.884646;822;373;4255;1215203034
-193.860259;852;380;4256;1215227421
-193.833697;898;390;4257;1215253983
-193.812529;877;385;4257;1215275151
-193.784655;865;382;4253;1215303025
-193.761118;792;366;4253;1215326562
-193.735482;718;348;4255;1215352198
-193.703691;807;369;4254;1215383989
-193.675330;853;380;4255;1215412350
-193.635069;762;359;4254;1215452611
-193.604979;793;366;4254;1215482701
-193.581569;757;358;4254;1215506111
-193.551787;755;357;4253;1215535893
-193.471243;658;333;4254;1215616437
-193.449353;580;313;4256;1215638327
-193.424287;568;310;4249;1215663393
-193.395482;533;300;4251;1215692198
-193.371631;545;303;4251;1215716049
-193.344857;532;300;4253;1215742823
-193.294660;567;310;4251;1215793020
-193.270593;563;308;4251;1215817087
-193.244898;520;296;4252;1215842782
-193.199440;475;283;4251;1215888240
-193.173467;503;291;4249;1215914213
-193.144527;545;303;4255;1215943153
-193.095395;542;303;4252;1215992285
-193.070450;563;308;4252;1216017230
-193.047353;535;301;4254;1216040327
-193.004369;628;326;4250;1216083311
-192.980170;628;326;4255;1216107510
-192.954747;678;338;4253;1216132933
-192.924782;548;304;4253;1216162898
-192.894899;532;300;4253;1216192781
-192.862985;558;307;4254;1216224695
-192.835059;683;340;4252;1216252621
-192.812925;815;371;4252;1216274755
-192.731604;1062;424;4252;1216356076
-192.708327;1050;421;4252;1216379353
-192.681454;982;407;4252;1216406226
-192.658905;907;392;4252;1216428775
-192.634374;940;399;4255;1216453306
-192.605406;1050;421;4253;1216482274
-192.575085;1062;424;4254;1216512595
-192.545563;957;402;4252;1216542117
-192.522000;927;396;4252;1216565680
-192.501392;943;399;4254;1216586288
-192.479004;942;399;4249;1216608676
-192.452888;947;400;4254;1216634792
-192.430626;1075;426;4254;1216657054
-192.405214;990;409;4253;1216682466
-192.381914;925;395;4249;1216705766
-192.301461;1193;449;4252;1216786219
-192.279382;740;354;4252;1216808298
-192.237482;505;292;4249;1216850198
-192.202937;568;310;4252;1216884743
-192.178684;640;329;4252;1216908996
-192.151582;607;320;4255;1216936098
-192.129652;577;312;4255;1216958028
-192.106524;547;304;4250;1216981156
-192.082460;558;307;4255;1217005220
-192.034761;798;367;4257;1217052919
-192.005398;693;342;4254;1217082282
-191.981387;703;345;4254;1217106293
-191.953752;872;384;4253;1217133928
-191.924265;763;359;4249;1217163415
-191.880379;733;352;4252;1217207301
-191.855005;802;368;4252;1217232675
-191.823934;780;363;4252;1217263746
-191.783937;753;357;4253;1217303743
-191.761454;718;348;4253;1217326226
-191.734125;613;322;4254;1217353555
-191.704926;560;308;4252;1217382754
-191.681425;588;315;4252;1217406255
-191.652856;632;327;4251;1217434824
-191.629976;517;296;4251;1217457704
-191.603744;410;263;4251;1217483936
-191.579352;557;307;4251;1217508328
-191.552673;592;316;4253;1217535007
-191.441855;402;261;4253;1217645825
-191.418299;440;273;4255;1217669381
-191.367451;405;262;4251;1217720229
-191.344411;492;288;4251;1217743269
-191.322108;467;281;4255;1217765572
-191.295111;427;269;4255;1217792569
-191.271664;615;322;4255;1217816016
-191.244606;583;314;4254;1217843074
-191.201939;580;313;4252;1217885741
-191.178516;592;316;4250;1217909164
-191.152659;605;320;4256;1217935021
-191.127888;497;290;4256;1217959792
-191.102937;473;283;4253;1217984743
-191.081676;290;221;4256;1218006004
-191.034100;288;220;4252;1218053580
-191.011756;363;248;4252;1218075924
-190.985080;448;275;4257;1218102600
-190.962595;478;284;4257;1218125085
-190.934800;553;306;4253;1218152880
-190.913012;565;309;4253;1218174668
-190.885218;588;315;4250;1218202462
-190.863534;518;296;4250;1218224146
-190.834854;522;297;4249;1218252826
-190.804241;370;250;4253;1218283439
-190.783046;455;277;4253;1218304634
-190.761229;497;290;4255;1218326451
-190.734772;512;294;4255;1218352908
-190.712501;390;257;4255;1218375179
-190.684228;413;264;4255;1218403452
-190.661025;357;245;4255;1218426655
-190.572554;213;190;4252;1218515126
-190.549674;173;171;4252;1218538006
-190.500562;188;178;4253;1218587118
-190.473206;178;173;4253;1218614474
-190.449710;202;185;4253;1218637970
-190.424459;185;177;4254;1218663221
-190.394328;148;158;4253;1218693352
-190.371425;182;175;4253;1218716255
-190.343037;238;200;4250;1218744643
-190.321481;227;196;4250;1218766199
-190.271917;333;237;4253;1218815763
-190.244616;428;269;4253;1218843064
-190.214386;480;285;4253;1218873294
-190.184881;443;274;4253;1218902799
-190.144432;405;262;4251;1218943248
-190.119699;393;258;4251;1218967981
-190.071957;342;240;4255;1219015723
-190.044440;310;229;4252;1219043240
-190.020648;222;193;4252;1219067032
-189.972220;67;106;4255;1219115460
-189.943270;110;136;4250;1219144410
-189.913717;115;139;4251;1219173963
-189.892169;153;161;4251;1219195511
-189.864973;217;191;4251;1219222707
-189.843099;282;218;4251;1219244581
-189.771367;172;170;4254;1219316313
-189.723693;343;241;4255;1219363987
-189.701515;608;321;4255;1219386165
-189.680135;777;362;4255;1219407545
-189.652108;627;325;4249;1219435572
-189.630370;712;347;4249;1219457310
-189.604697;847;378;4254;1219482983
-189.577438;998;411;4255;1219510242
-189.544695;1020;415;4253;1219542985
-189.514536;492;288;4251;1219573144
-189.469218;757;358;4253;1219618462
-189.443395;695;343;4251;1219644285
-189.414775;622;324;4251;1219672905
-189.363950;647;331;4251;1219723730
-189.341938;715;348;4251;1219745742
-189.313915;795;367;4253;1219773765
-189.277281;618;323;4251;1219810399
-189.251980;682;339;4251;1219835700
-189.203762;750;356;4252;1219883918
-189.176025;845;378;4253;1219911655
-189.151814;852;380;4253;1219935866
-189.129702;828;374;4253;1219957978
-189.106120;823;373;4254;1219981560
-189.083539;743;354;4254;1220004141
-189.061345;797;367;4253;1220026335
-189.001950;843;377;4250;1220085730
-188.979677;795;367;4254;1220108003
-188.952781;1002;412;4255;1220134899
-188.904203;1135;438;4251;1220183477
-188.882089;1048;421;4253;1220205591
-188.836609;1108;433;4255;1220251071
-188.811223;808;370;4253;1220276457
-188.768168;1073;426;4251;1220319512
-188.743731;1150;441;4258;1220343949
-188.721912;1348;477;4254;1220365768
-188.693918;1238;458;4252;1220393762
-188.671345;1153;442;4252;1220416335
-188.646822;1027;417;4255;1220440858
-188.602421;1175;446;4251;1220485259
-188.578725;1082;428;4252;1220508955
-188.550853;1095;430;4254;1220536827
-188.527096;1288;467;4254;1220560584
-188.503365;1383;484;4253;1220584315
-188.481577;1258;461;4256;1220606103
-188.429265;1283;466;4252;1220658415
-188.393299;1388;485;4253;1220694381
-188.371209;1252;460;4253;1220716471
-188.349148;1242;458;4251;1220738532
-188.299550;1217;454;4253;1220788130
-188.274957;1173;445;4253;1220812723
-188.252570;1163;443;4257;1220835110
-188.230815;1138;439;4251;1220856865
-188.204208;1138;439;4250;1220883472
-188.182987;1087;429;4250;1220904693
-188.131728;1137;438;4256;1220955952
-188.106158;1210;452;4253;1220981522
-188.082976;1078;427;4253;1221004704
-188.043324;1070;425;4257;1221044356
-188.013968;1052;422;4249;1221073712
-187.963268;1035;418;4255;1221124412
-187.940979;920;394;4255;1221146701
-187.914581;802;368;4251;1221173099
-187.868794;732;352;4255;1221218886
-187.847447;705;345;4256;1221240233
-187.789505;923;395;4254;1221298175
-187.766766;978;407;4254;1221320914
-187.745554;1000;411;4250;1221342126
-187.702801;1032;418;4253;1221384879
-187.617912;752;357;4250;1221469768
-187.589852;715;348;4256;1221497828
-187.564273;720;349;4252;1221523407
-187.537994;703;345;4252;1221549686
-187.513688;603;319;4252;1221573992
-187.490200;618;323;4256;1221597480
-187.440778;695;343;4253;1221646902
-187.414207;635;328;4252;1221673473
-187.384073;543;303;4252;1221703607
-187.331930;607;320;4253;1221755750
-187.303804;660;334;4254;1221783876
-187.281738;577;312;4254;1221805942
-187.232184;557;307;4252;1221855496
-187.204126;625;325;4253;1221883554
-187.180026;655;333;4253;1221907654
-187.134145;677;338;4254;1221953535
-187.111400;718;348;4253;1221976280
-187.063650;773;361;4254;1222024030
-187.034077;765;360;4254;1222053603
-187.004520;757;358;4249;1222083160
-186.981526;768;360;4249;1222106154
-186.958476;767;360;4251;1222129204
-186.926059;740;354;4256;1222161621
-186.892956;732;352;4252;1222194724
-186.868117;703;345;4252;1222219563
-186.843677;720;349;4253;1222244003
-186.820606;725;350;4254;1222267074
-186.770130;717;348;4253;1222317550
-186.743960;700;344;4252;1222343720
-186.690978;683;340;4256;1222396702
-186.665972;662;334;4254;1222421708
-186.643144;632;327;4252;1222444536
-186.612688;693;342;4254;1222474992
-186.570518;718;348;4254;1222517162
-186.547001;672;337;4257;1222540679
-186.526316;627;325;4257;1222561364
-186.503685;648;331;4254;1222583995
-186.479018;645;330;4253;1222608662
-186.455332;692;342;4254;1222632348
-186.427713;708;346;4252;1222659967
-186.403423;795;367;4252;1222684257
-186.380355;880;386;4253;1222707325
-186.350693;878;385;4250;1222736987
-186.326576;877;385;4250;1222761104
-186.301013;968;405;4255;1222786667
-186.251151;907;392;4255;1222836529
-186.230350;908;392;4255;1222857330
-186.203660;915;393;4255;1222884020
-186.172681;940;399;4253;1222914999
-186.147972;880;386;4253;1222939708
-186.125811;888;387;4252;1222961869
-186.101612;883;386;4255;1222986068
-186.078940;835;376;4250;1223008740
-186.056893;823;373;4253;1223030787
-186.030686;797;367;4253;1223056994
-186.009462;695;343;4253;1223078218
-185.982296;702;344;4254;1223105384
-185.951149;668;336;4253;1223136531
-185.928208;648;331;4253;1223159472
-185.892924;578;312;4250;1223194756
-185.848267;573;311;4250;1223239413
-185.803819;548;304;4253;1223283861
-185.776219;538;301;4253;1223311461
-185.751719;542;303;4253;1223335961
-185.721360;500;291;4255;1223366320
-185.697998;468;281;4255;1223389682
-185.675232;480;285;4250;1223412448
-185.650147;492;288;4251;1223437533
-185.628238;612;322;4252;1223459442
-185.598925;573;311;4251;1223488755
-185.573527;533;300;4255;1223514153
-185.548970;558;307;4255;1223538710
-185.526557;578;312;4252;1223561123
-185.501879;538;301;4254;1223585801
-185.477243;578;312;4252;1223610437
-185.452494;575;312;4252;1223635186
-185.413328;548;304;4257;1223674352
-185.391446;558;307;4257;1223696234
-185.363905;568;310;4250;1223723775
-185.340781;565;309;4250;1223746899
-185.313660;550;305;4255;1223774020
-185.262794;540;302;4252;1223824886
-185.240915;510;294;4252;1223846765
-185.211498;470;282;4252;1223876182
-185.163486;415;265;4251;1223924194
-185.141535;432;270;4251;1223946145
-185.117701;410;263;4251;1223969979
-185.069896;343;241;4253;1224017784
-185.043028;382;254;4251;1224044652
-184.991667;375;252;4255;1224096013
-184.961179;350;243;4253;1224126501
-184.940554;337;238;4253;1224147126
-184.913008;320;232;4254;1224174672
-184.861637;365;248;4253;1224226043
-184.840435;392;257;4253;1224247245
-184.818588;432;270;4255;1224269092
-184.740624;503;291;4254;1224347056
-184.713594;528;299;4255;1224374086
-184.662716;507;293;4255;1224424964
-184.641461;492;288;4255;1224446219
-184.613353;460;279;4254;1224474327
-184.567735;403;261;4253;1224519945
-184.543042;395;258;4254;1224544638
-184.512430;360;247;4253;1224575250
-184.484284;377;252;4251;1224603396
-184.462889;440;273;4251;1224624791
-184.440019;442;273;4255;1224647661
-184.413928;418;266;4252;1224673752
-184.352827;392;257;4254;1224734853
-184.328283;422;267;4254;1224759397
-184.303367;423;267;4253;1224784313
-184.280352;458;278;4254;1224807328
-184.231210;338;239;4253;1224856470
-184.203265;305;227;4254;1224884415
-184.173894;343;241;4257;1224913786
-184.149541;360;247;4257;1224938139
-184.093931;357;245;4255;1224993749
-184.068471;363;248;4255;1225019209
-184.042048;317;231;4252;1225045632
-183.993827;378;253;4254;1225093853
-183.971028;375;252;4254;1225116652
-183.943179;422;267;4253;1225144501
-183.922066;388;256;4253;1225165614
-183.898737;367;249;4253;1225188943
-183.876518;318;232;4251;1225211162
-183.852260;285;219;4256;1225235420
-183.812770;255;207;4256;1225274910
-183.782930;142;155;4256;1225304750
-183.751943;82;117;4255;1225335737
-183.679251;-35;0;4254;1225408429
-183.648336;278;217;4255;1225439344
-183.627444;470;282;4255;1225460236
-183.599743;447;275;4255;1225487937
-183.577787;558;307;4255;1225509893
-183.552513;538;301;4253;1225535167
-183.527534;622;324;4253;1225560146
-183.504088;687;341;4255;1225583592
-183.481860;675;338;4252;1225605820
-183.453415;937;398;4253;1225634265
-183.403134;708;346;4253;1225684546
-183.380218;698;343;4257;1225707462
-183.349820;792;366;4253;1225737860
-183.326392;798;367;4253;1225761288
-183.300352;793;366;4252;1225787328
-183.279043;788;365;4252;1225808637
-183.224031;725;350;4254;1225863649
-183.201621;628;326;4254;1225886059
-183.178593;412;264;4255;1225909087
-183.152325;472;282;4253;1225935355
-183.130347;752;357;4253;1225957333
-183.099716;612;322;4254;1225987964
-183.077750;720;349;4254;1226009930
-183.054882;745;355;4253;1226032798
-183.028703;857;381;4255;1226058977
-183.001960;822;373;4256;1226085720
-182.979286;707;346;4256;1226108394
-182.956392;688;341;4251;1226131288
-182.928618;665;335;4255;1226159062
-182.870240;130;148;4256;1226217440
-182.848134;178;173;4253;1226239546
-182.808584;265;211;4254;1226279096
-182.778489;203;185;4253;1226309191
-182.749951;318;232;4256;1226337729
-182.701486;217;191;4254;1226386194
-182.674443;430;269;4255;1226413237
-182.650297;592;316;4255;1226437383
-182.602088;562;308;4250;1226485592
-182.578850;528;299;4254;1226508830
-182.530891;658;333;4253;1226556789
-182.502815;850;379;4252;1226584865
-182.480985;817;372;4252;1226606695
-182.432918;768;360;4253;1226654762
-182.403965;665;335;4252;1226683715
-182.363515;558;307;4255;1226724165
-182.328903;918;394;4254;1226758777
-182.303142;837;376;4252;1226784538
-182.281318;702;344;4252;1226806362
-182.252026;685;340;4251;1226835654
-182.213397;813;371;4253;1226874283
-182.183486;850;379;4253;1226904194
-182.160931;832;375;4253;1226926749
-182.134231;740;354;4255;1226953449
-182.112722;713;347;4255;1226974958
-182.062870;715;348;4253;1227024810
-182.040746;765;360;4253;1227046934
-182.013829;805;369;4255;1227073851
-181.952399;802;368;4254;1227135281
-181.904773;723;350;4249;1227182907
-181.872468;710;346;4253;1227215212
-181.843094;632;327;4250;1227244586
-181.820179;675;338;4250;1227267501
-181.792476;708;346;4255;1227295204
-181.769892;712;347;4255;1227317788
-181.743320;768;360;4257;1227344360
-181.721369;738;353;4257;1227366311
-181.696976;930;397;4253;1227390704
-181.672369;1018;415;4254;1227415311
-181.649208;987;409;4261;1227438472
-181.621562;895;389;4253;1227466118
-181.593183;840;377;4255;1227494497
-181.571152;868;383;4255;1227516528
-181.543450;753;357;4251;1227544230
-181.491980;818;372;4255;1227595700
-181.462155;780;363;4252;1227625525
-181.440896;742;354;4252;1227646784
-181.404028;782;364;4257;1227683652
-181.381460;717;348;4257;1227706220
-181.351784;680;339;4254;1227735896
-181.327042;607;320;4254;1227760638
-181.303451;523;297;4253;1227784229
-181.279260;502;291;4253;1227808420
-181.252614;453;277;4253;1227835066
-181.231375;517;296;4253;1227856305
-181.203251;502;291;4251;1227884429
-181.179354;517;296;4251;1227908326
-181.152063;608;321;4255;1227935617
-181.130162;820;372;4255;1227957518
-181.103235;748;356;4255;1227984445
-181.039280;583;314;4251;1228048400
-181.014165;575;312;4254;1228073515
-180.952475;580;313;4251;1228135205
-180.918839;795;367;4255;1228168841
-180.869407;852;380;4253;1228218273
-180.840162;917;394;4256;1228247518
-180.812284;1002;412;4256;1228275396
-180.783265;1102;432;4252;1228304415
-180.758478;1263;462;4252;1228329202
-180.729830;1115;434;4252;1228357850
-180.703237;945;400;4256;1228384443
-180.681735;1063;424;4256;1228405945
-180.653433;1098;431;4251;1228434247
-180.600744;883;386;4251;1228486936
-180.575876;747;355;4257;1228511804
-180.549255;708;346;4251;1228538425
-180.528015;738;353;4251;1228559665
-180.503531;717;348;4254;1228584149
-180.481641;823;373;4256;1228606039
-180.460109;623;324;4253;1228627571
-180.423483;858;381;4255;1228664197
-180.401426;963;404;4255;1228686254
-180.378046;932;397;4255;1228709634
-180.351044;890;388;4252;1228736636
-180.330747;882;386;4252;1228756933
-180.268133;998;411;4252;1228819547
-180.243607;1048;421;4251;1228844073
-180.220937;998;411;4253;1228866743
-180.153369;1028;417;4252;1228934311
-180.129761;998;411;4252;1228957919
-180.102794;820;372;4251;1228984886
-180.079134;737;353;4251;1229008546
-180.050405;630;326;4253;1229037275
-180.029712;582;314;4253;1229057968
-180.008692;578;312;4255;1229078988
-179.982928;702;344;4255;1229104752
-179.956931;970;405;4256;1229130749
-179.931695;1035;418;4256;1229155985
-179.903695;1065;424;4253;1229183985
-179.880232;1085;428;4253;1229207448
-179.852146;1087;429;4250;1229235534
-179.827630;1107;433;4250;1229260050
-179.803547;1088;429;4250;1229284133
-179.779803;1140;439;4253;1229307877
-179.731913;1287;467;4253;1229355767
-179.709424;1262;462;4253;1229378256
-179.680712;1190;449;4252;1229406968
-179.622105;1277;465;4258;1229465575
-179.596880;1182;447;4257;1229490800
-179.575091;1025;416;4257;1229512589
-179.551827;1077;427;4254;1229535853
-179.526406;1102;432;4254;1229561274
-179.501221;1148;441;4254;1229586459
-179.479124;1257;461;4256;1229608556
-179.451249;1163;443;4255;1229636431
-179.391764;1080;427;4255;1229695916
-179.368967;1050;421;4255;1229718713
-179.332189;923;395;4252;1229755491
-179.300489;763;359;4253;1229787191
-179.277621;763;359;4256;1229810059
-179.252542;870;384;4251;1229835138
-179.230020;925;395;4257;1229857660
-179.203057;987;409;4250;1229884623
-179.177271;975;406;4255;1229910409
-179.153103;933;397;4255;1229934577
-179.130359;870;384;4253;1229957321
-179.103360;775;362;4254;1229984320
-179.078248;773;361;4253;1230009432
-179.050497;810;370;4257;1230037183
-179.026903;942;399;4257;1230060777
-179.002157;953;401;4255;1230085523
-178.978711;905;391;4255;1230108969
-178.953112;902;391;4253;1230134568
-178.911655;915;393;4254;1230176025
-178.886915;925;395;4254;1230200765
-178.861689;967;404;4254;1230225991
-178.839658;937;398;4254;1230248022
-178.817686;880;386;4254;1230269994
-178.783792;778;363;4258;1230303888
-178.760382;890;388;4258;1230327298
-178.733158;788;365;4256;1230354522
-178.706298;808;370;4250;1230381382
-178.682910;807;369;4250;1230404770
-178.658605;865;382;4252;1230429075
-178.564160;1008;413;4256;1230523520
-178.531820;1037;419;4253;1230555860
-178.501787;1068;425;4254;1230585893
-178.448707;1042;420;4253;1230638973
-178.393802;1015;414;4256;1230693878
-178.368387;945;400;4252;1230719293
-178.343745;875;385;4252;1230743935
-178.322047;850;379;4254;1230765633
-178.293819;868;383;4253;1230793861
-178.270370;835;376;4253;1230817310
-178.248922;860;381;4251;1230838758
-178.220553;770;361;4253;1230867127
-178.197284;1115;434;4253;1230890396
-178.173005;1118;435;4253;1230914675
-178.149970;1020;415;4253;1230937710
-178.127087;1125;436;4249;1230960593
-178.101115;1222;455;4253;1230986565
-178.078349;1085;428;4253;1231009331
-178.006774;865;382;4255;1231080906
-177.980736;800;368;4252;1231106944
-177.936574;855;380;4252;1231151106
-177.905589;822;373;4255;1231182091
-177.880487;853;380;4255;1231207193
-177.859542;880;386;4254;1231228138
-177.832252;678;338;4253;1231255428
-177.802151;655;333;4254;1231285529
-177.779862;618;323;4254;1231307818
-177.753165;600;318;4252;1231334515
-177.723578;670;336;4255;1231364102
-177.690878;652;332;4251;1231396802
-177.668151;682;339;4251;1231419529
-177.645313;723;350;4255;1231442367
-177.611986;682;339;4256;1231475694
-177.560518;632;327;4254;1231527162
-177.537795;555;306;4254;1231549885
-177.512223;590;316;4257;1231575457
-177.482232;585;314;4254;1231605448
-177.433070;530;299;4253;1231654610
-177.409478;603;319;4253;1231678202
-177.378355;555;306;4256;1231709325
-177.351362;505;292;4255;1231736318
-177.304350;480;285;4256;1231783330
-177.282273;448;275;4250;1231805407
-177.260633;497;290;4253;1231827047
-177.232080;577;312;4253;1231855600
-177.209660;648;331;4253;1231878020
-177.177345;660;334;4253;1231910335
-177.122119;607;320;4255;1231965561
-177.092464;558;307;4253;1231995216
-177.070951;560;308;4253;1232016729
-177.048338;612;322;4250;1232039342
-177.013641;703;345;4255;1232074039
-176.990642;705;345;4255;1232097038
-176.961032;738;353;4253;1232126648
-176.940198;667;336;4253;1232147482
-176.912645;708;346;4255;1232175035
-176.841705;710;346;4251;1232245975
-176.820785;678;338;4254;1232266895
-176.771433;710;346;4255;1232316247
-176.733277;578;312;4253;1232354403
-176.679781;598;318;4255;1232407899
-176.658077;550;305;4255;1232429603
-176.591931;618;323;4252;1232495749
-176.533428;740;354;4254;1232554252
-176.511930;693;342;4254;1232575750
-176.489402;617;323;4255;1232598278
-176.431661;677;338;4252;1232656019
-176.409440;632;327;4252;1232678240
-176.382717;572;311;4251;1232704963
-176.350581;428;269;4251;1232737099
-176.326350;358;246;4251;1232761330
-176.301132;335;238;4253;1232786548
-176.280176;395;258;4254;1232807504
-176.252988;395;258;4254;1232834692
-176.209869;423;267;4257;1232877811
-176.181982;472;282;4253;1232905698
-176.152961;447;275;4255;1232934719
-176.129541;410;263;4255;1232958139
-176.102592;383;254;4253;1232985088
-176.079825;393;258;4253;1233007855
-176.048942;418;266;4255;1233038738
-176.027553;458;278;4255;1233060127
-176.006538;503;291;4254;1233081142
-175.979510;530;299;4253;1233108170
-175.956292;517;296;4253;1233131388
-175.934221;450;276;4253;1233153459
-175.910534;492;288;4256;1233177146
-175.850596;423;267;4256;1233237084
-175.817523;362;247;4255;1233270157
-175.779709;340;240;4250;1233307971
-175.750085;317;231;4255;1233337595
-175.670076;425;268;4255;1233417604
-175.642996;480;285;4253;1233444684
-175.621212;540;302;4253;1233466468
-175.598639;647;331;4259;1233489041
-175.570932;610;321;4254;1233516748
-175.549173;560;308;4254;1233538507
-175.513249;495;289;4255;1233574431
-175.489370;415;265;4255;1233598310
-175.461352;383;254;4257;1233626328
-175.440593;365;248;4257;1233647087
-175.417004;428;269;4255;1233670676
-175.350932;437;272;4259;1233736748
-175.311153;378;253;4255;1233776527
-175.281723;428;269;4255;1233805957
-175.259977;423;267;4255;1233827703
-175.232212;408;262;4255;1233855468
-175.203729;362;247;4253;1233883951
-175.179788;343;241;4253;1233907892
-175.155824;325;234;4255;1233931856
-175.130714;323;233;4255;1233956966
-175.106922;318;232;4255;1233980758
-175.085699;348;242;4252;1234001981
-175.062419;320;232;4252;1234025261
-175.040528;272;214;4251;1234047152
-175.015161;252;206;4255;1234072519
-174.952976;280;217;4255;1234134704
-174.929331;307;228;4255;1234158349
-174.901269;280;217;4255;1234186411
-174.877580;260;209;4255;1234210100
-174.850873;237;200;4255;1234236807
-174.829746;268;213;4255;1234257934
-174.808105;258;209;4255;1234279575
-174.780736;270;213;4256;1234306944
-174.730405;357;245;4253;1234357275
-174.702251;398;259;4249;1234385429
-174.672126;373;251;4256;1234415554
-174.650960;303;226;4256;1234436720
-174.627637;293;222;4255;1234460043
-174.597098;367;249;4256;1234490582
-174.571361;367;249;4252;1234516319
-174.526672;378;253;4251;1234561008
-174.501030;360;247;4254;1234586650
-174.479637;360;247;4254;1234608043
-174.432546;323;233;4252;1234655134
-174.411339;313;230;4254;1234676341
-174.387814;267;212;4255;1234699866
-174.365481;242;202;4253;1234722199
-174.341105;305;227;4254;1234746575
-174.313533;388;256;4254;1234774147
-174.283408;350;243;4257;1234804272
-174.232784;362;247;4254;1234854896
-174.203862;395;258;4257;1234883818
-174.180625;383;254;4257;1234907055
-174.152306;390;257;4253;1234935374
-174.130313;435;271;4253;1234957367
-174.081736;500;291;4256;1235005944
-174.053198;487;287;4252;1235034482
-174.032313;487;287;4252;1235055367
-174.010311;482;285;4251;1235077369
-173.987074;493;289;4254;1235100606
-173.939590;547;304;4252;1235148090
-173.910970;547;304;4251;1235176710
-173.887548;568;310;4251;1235200132
-173.861853;620;324;4253;1235225827
-173.840724;562;308;4253;1235246956
-173.812451;543;303;4252;1235275229
-173.780856;573;311;4256;1235306824
-173.731178;510;294;4256;1235356502
-173.702846;483;286;4250;1235384834
-173.680147;500;291;4250;1235407533
-173.632873;430;269;4251;1235454807
-173.608789;425;268;4251;1235478891
-173.582499;472;282;4255;1235505181
-173.530062;492;288;4252;1235557618
-173.501887;528;299;4252;1235585793
-173.479570;510;294;4252;1235608110
-173.432821;507;293;4255;1235654859
-173.403237;432;270;4252;1235684443
-173.380639;432;270;4252;1235707041
-173.301730;427;269;4253;1235785950
-173.278724;422;267;4255;1235808956
-173.251340;390;257;4255;1235836340
-173.178094;423;267;4254;1235909586
-173.155910;408;262;4254;1235931770
-173.134499;407;262;4257;1235953181
-173.111344;440;273;4257;1235976336
-173.088518;417;265;4254;1235999162
-173.067468;393;258;4253;1236020212
-173.046412;342;240;4252;1236041268
-172.969753;323;233;4253;1236117927
-172.942685;335;238;4255;1236144995
-172.921148;335;238;4255;1236166532
-172.888958;355;245;4255;1236198722
-172.863189;342;240;4255;1236224491
-172.833315;308;228;4254;1236254365
-172.803425;282;218;4255;1236284255
-172.751910;287;220;4253;1236335770
-172.702842;287;220;4256;1236384838
-172.679262;290;221;4256;1236408418
-172.653515;287;220;4255;1236434165
-172.629090;237;200;4255;1236458590
-172.603002;230;197;4254;1236484678
-172.581331;260;209;4254;1236506349
-172.556611;287;220;4256;1236531069
-172.522609;217;191;4252;1236565071
-172.501105;203;185;4252;1236586575
-172.477611;203;185;4254;1236610069
-172.452787;190;179;4255;1236634893
-172.426070;232;198;4257;1236661610
-172.397425;228;196;4255;1236690255
-172.374955;190;179;4255;1236712725
-172.326492;190;179;4256;1236761188
-172.299267;258;209;4251;1236788413
-172.277399;293;222;4251;1236810281
-172.250537;310;229;4253;1236837143
-172.225176;310;229;4254;1236862504
-172.201488;328;235;4254;1236886192
-172.177759;322;233;4258;1236909921
-172.150810;417;265;4259;1236936870
-172.128706;393;258;4259;1236958974
-172.099305;305;227;4254;1236988375
-172.077656;215;190;4254;1237010024
-172.051138;230;197;4255;1237036542
-172.002654;427;269;4257;1237085026
-171.979277;430;269;4253;1237108403
-171.927396;507;293;4257;1237160284
-171.903558;562;308;4257;1237184122
-171.879860;597;318;4254;1237207820
-171.853784;485;286;4257;1237233896
-171.828078;195;181;4257;1237259602
-171.805998;-2;0;4257;1237281682
-171.780688;30;71;4253;1237306992
-171.759024;30;71;4253;1237328656
-171.736790;97;128;4252;1237350890
-171.703292;340;240;4253;1237384388
-171.680149;365;248;4253;1237407531
-171.631371;365;248;4257;1237456309
-171.609415;405;262;4257;1237478265
-171.582075;523;297;4256;1237505605
-171.511750;635;328;4253;1237575930
-171.479414;615;322;4253;1237608266
-171.403283;328;235;4257;1237684397
-171.379880;207;187;4253;1237707800
-171.351508;228;196;4255;1237736172
-171.330750;297;224;4255;1237756930
-171.307771;425;268;4253;1237779909
-171.282617;435;271;4250;1237805063
-171.230892;435;271;4254;1237856788
-171.206641;467;281;4254;1237881039
-171.177514;427;269;4253;1237910166
-171.151100;410;263;4252;1237936580
-171.129381;395;258;4252;1237958299
-171.103681;415;265;4254;1237983999
-171.063281;465;280;4257;1238024399
-171.041251;507;293;4257;1238046429
-171.019962;478;284;4255;1238067718
-170.983234;482;285;4253;1238104446
-170.961225;475;283;4253;1238126455
-170.940074;478;284;4256;1238147606
-170.912877;512;294;4253;1238174803
-170.887325;525;298;4253;1238200355
-170.862225;500;291;4253;1238225455
-170.840300;468;281;4257;1238247380
-170.811239;440;273;4256;1238276441
-170.780345;332;237;4253;1238307335
-170.750998;373;251;4258;1238336682
-170.712315;355;245;4257;1238375365
-170.689265;432;270;4255;1238398415
-170.664877;485;286;4252;1238422803
-170.604628;387;256;4255;1238483052
-170.577373;243;202;4252;1238510307
-170.528518;145;156;4255;1238559162
-170.500582;235;199;4253;1238587098
-170.479571;270;213;4253;1238608109
-170.454461;237;200;4254;1238633219
-170.433564;293;222;4253;1238654116
-170.409929;400;260;4257;1238677751
-170.379750;543;303;4253;1238707930
-170.358068;577;312;4253;1238729612
-170.332870;507;293;4254;1238754810
-170.309492;450;276;4254;1238778188
-170.280858;493;289;4254;1238806822
-170.258703;513;294;4254;1238828977
-170.202068;635;328;4255;1238885612
-170.149460;612;322;4251;1238938220
-170.128002;622;324;4256;1238959678
-170.102483;670;336;4255;1238985197
-170.079334;502;291;4255;1239008346
-170.053482;448;275;4254;1239034198
-170.031996;508;293;4254;1239055684
-170.003266;553;306;4256;1239084414
-169.981074;577;312;4256;1239106606
-169.959072;497;290;4256;1239128608
-169.922940;270;213;4255;1239164740
-169.899096;175;172;4255;1239188584
-169.875805;237;200;4258;1239211875
-169.850335;355;245;4256;1239237345
-169.744601;538;301;4254;1239343079
-169.720341;530;299;4252;1239367339
-169.699459;490;288;4256;1239388221
-169.678109;475;283;4257;1239409571
-169.634719;457;278;4253;1239452961
-169.606037;400;260;4253;1239481643
-169.582196;297;224;4253;1239505484
-169.561563;177;173;4251;1239526117
-169.539766;205;186;4257;1239547914
-169.509508;117;140;4257;1239578172
-169.486160;100;130;4257;1239601520
-169.464815;73;111;4252;1239622865
-169.443544;142;155;4254;1239644136
-169.419304;217;191;4256;1239668376
-169.376961;232;198;4254;1239710719
-169.351236;290;221;4252;1239736444
-169.329898;372;251;4252;1239757782
-169.306726;430;269;4254;1239780954
-169.285049;362;247;4253;1239802631
-169.262987;200;184;4253;1239824693
-169.238410;182;175;4255;1239849270
-169.210489;250;205;4250;1239877191
-169.189446;257;208;4250;1239898234
-169.168468;282;218;4254;1239919212
-169.146290;288;220;4257;1239941390
-169.123611;330;236;4256;1239964069
-169.100134;423;267;4256;1239987546
-169.079054;432;270;4256;1240008626
-169.056994;427;269;4254;1240030686
-169.032382;300;225;4255;1240055298
-169.011356;173;171;4254;1240076324
-168.937727;643;330;4258;1240149953
-168.905940;537;301;4255;1240181740
-168.882102;523;297;4254;1240205578
-168.859712;482;285;4257;1240227968
-168.825859;368;249;4254;1240261821
-168.769784;382;254;4254;1240317896
-168.731659;482;285;4254;1240356021
-168.702602;462;279;4255;1240385078
-168.679795;493;289;4255;1240407885
-168.651523;518;296;4257;1240436157
-168.626520;535;301;4257;1240461160
-168.602734;538;301;4249;1240484946
-168.568739;625;325;4254;1240518941
-168.542178;603;319;4255;1240545502
-168.513172;573;311;4256;1240574508
-168.467717;593;317;4255;1240619963
-168.442149;592;316;4253;1240645531
-168.420156;605;320;4253;1240667524
-168.397873;582;314;4256;1240689807
-168.375564;608;321;4251;1240712116
-168.352066;617;323;4255;1240735614
-168.330464;542;303;4254;1240757216
-168.303090;552;305;4257;1240784590
-168.278673;575;312;4257;1240809007
-168.251107;543;303;4251;1240836573
-168.230025;523;297;4251;1240857655
-168.202131;460;279;4253;1240885549
-168.175016;375;252;4254;1240912664
-168.149458;327;235;4252;1240938222
-168.128096;285;219;4252;1240959584
-168.102243;260;209;4256;1240985437
-168.049981;433;270;4253;1241037699
-167.970497;445;274;4257;1241117183
-167.948936;450;276;4257;1241138744
-167.893305;413;264;4254;1241194375
-167.863211;510;294;4253;1241224469
-167.832650;540;302;4255;1241255030
-167.802456;580;313;4253;1241285224
-167.780922;610;321;4253;1241306758
-167.751142;615;322;4251;1241336538
-167.725346;503;291;4255;1241362334
-167.693217;483;286;4254;1241394463
-167.668685;447;275;4256;1241418995
-167.642455;438;272;4253;1241445225
-167.572353;713;347;4255;1241515327
-167.531170;662;334;4253;1241556510
-167.502929;665;335;4254;1241584751
-167.481083;657;333;4254;1241606597
-167.452786;697;343;4256;1241634894
-167.401292;535;301;4256;1241686388
-167.378280;617;323;4256;1241709400
-167.351139;492;288;4257;1241736541
-167.327604;485;286;4257;1241760076
-167.301652;532;300;4255;1241786028
-167.278227;558;307;4255;1241809453
-167.251079;567;310;4254;1241836601
-167.227144;520;296;4254;1241860536
-167.202219;477;284;4256;1241885461
-167.162620;557;307;4257;1241925060
-167.133744;547;304;4256;1241953936
-167.109522;492;288;4256;1241978158
-167.087261;512;294;4255;1242000419
-167.059372;527;298;4253;1242028308
-167.038541;575;312;4253;1242049139
-167.017761;567;310;4251;1242069919
-166.970773;615;322;4253;1242116907
-166.948663;638;328;4257;1242139017
-166.913216;540;302;4255;1242174464
-166.863560;492;288;4257;1242224120
-166.842243;503;291;4257;1242245437
-166.813220;520;296;4254;1242274460
-166.782127;520;296;4257;1242305553
-166.741723;540;302;4251;1242345957
-166.707735;570;310;4257;1242379945
-166.681595;598;318;4255;1242406085
-166.656918;540;302;4255;1242430762
-166.600563;508;293;4254;1242487117
-166.577209;508;293;4256;1242510471
-166.548885;568;310;4255;1242538795
-166.522606;560;308;4255;1242565074
-166.501465;492;288;4255;1242586215
-166.477941;455;277;4253;1242609739
-166.456390;428;269;4254;1242631290
-166.369750;368;249;4258;1242717930
-166.348100;388;256;4257;1242739580
-166.313430;408;262;4254;1242774250
-166.262998;493;289;4261;1242824682
-166.202009;460;279;4254;1242885671
-166.179490;473;283;4254;1242908190
-166.151449;473;283;4252;1242936231
-166.128226;470;282;4252;1242959454
-166.101754;498;290;4255;1242985926
-166.078485;490;288;4255;1243009195
-166.057159;462;279;4251;1243030521
-166.032532;463;280;4253;1243055148
-166.009461;458;278;4252;1243078219
-165.982113;457;278;4255;1243105567
-165.960499;402;261;4255;1243127181
-165.932101;408;262;4254;1243155579
-165.903029;410;263;4257;1243184651
-165.880720;398;259;4257;1243206960
-165.790663;420;266;4253;1243297017
-165.767444;393;258;4252;1243320236
-165.745525;372;251;4255;1243342155
-165.721907;352;244;4254;1243365773
-165.698973;388;256;4255;1243388707
-165.677122;385;255;4254;1243410558
-165.651009;355;245;4257;1243436671
-165.629503;358;246;4257;1243458177
-165.563218;315;231;4255;1243524462
-165.539927;328;235;4255;1243547753
-165.513478;270;213;4253;1243574202
-165.483605;230;197;4256;1243604075
-165.462219;248;205;4256;1243625461
-165.432707;230;197;4258;1243654973
-165.388312;310;229;4257;1243699368
-165.365494;302;226;4257;1243722186
-165.344465;267;212;4253;1243743215
-165.316348;280;217;4254;1243771332
-165.282626;232;198;4255;1243805054
-165.206773;253;207;4258;1243880907
-165.184123;227;196;4254;1243903557
-165.163173;203;185;4255;1243924507
-165.142522;200;184;4251;1243945158
-165.121557;187;178;4252;1243966123
-165.098211;197;182;4259;1243989469
-165.076064;197;182;4254;1244011616
-165.053027;163;166;4255;1244034653
-165.031754;148;158;4258;1244055926
-164.981043;288;220;4253;1244106637
-164.958281;328;235;4253;1244129399
-164.935540;308;228;4259;1244152140
-164.910520;275;215;4255;1244177160
-164.887248;268;213;4254;1244200432
-164.861896;302;226;4254;1244225784
-164.840763;275;215;4254;1244246917
-164.816087;260;209;4255;1244271593
-164.782589;320;232;4255;1244305091
-164.732553;318;232;4256;1244355127
-164.711172;348;242;4256;1244376508
-164.682662;402;261;4255;1244405018
-164.660998;412;264;4255;1244426682
-164.598260;413;264;4255;1244489420
-164.528902;340;240;4253;1244558778
-164.495856;295;223;4257;1244591824
-164.472329;275;215;4257;1244615351
-164.447128;267;212;4256;1244640552
-164.423093;262;210;4255;1244664587
-164.402174;292;222;4259;1244685506
-164.379381;315;231;4252;1244708299
-164.353885;315;231;4253;1244733795
-164.328466;322;233;4251;1244759214
-164.303759;307;228;4251;1244783921
-164.280056;308;228;4252;1244807624
-164.257018;330;236;4256;1244830662
-164.230609;328;235;4253;1244857071
-164.209463;328;235;4253;1244878217
-164.181853;333;237;4256;1244905827
-164.160062;332;237;4256;1244927618
-164.116044;313;230;4259;1244971636
-164.091664;312;229;4259;1244996016
-164.069232;343;241;4260;1245018448
-164.042872;372;251;4259;1245044808
-164.020702;352;244;4259;1245066978
-163.969849;308;228;4256;1245117831
-163.946520;317;231;4257;1245141160
-163.922384;348;242;4256;1245165296
-163.898370;360;247;4256;1245189310
-163.863280;327;235;4257;1245224400
-163.840908;308;228;4257;1245246772
-163.815825;258;209;4254;1245271855
-163.782663;237;200;4257;1245305017
-163.752015;255;207;4256;1245335665
-163.723952;295;223;4253;1245363728
-163.671483;312;229;4257;1245416197
-163.635778;288;220;4254;1245451902
-163.608880;287;220;4255;1245478800
-163.581403;272;214;4255;1245506277
-163.551239;258;209;4255;1245536441
-163.528387;262;210;;1245559293
-163.501254;265;211;4254;1245586426
-163.480281;282;218;4254;1245607399
-163.455984;267;212;4255;1245631696
-163.429955;277;216;4254;1245657725
-163.408885;302;226;4254;1245678795
-163.381801;312;229;4257;1245705879
-163.358918;400;260;4257;1245728762
-163.330455;385;255;4256;1245757225
-163.301143;352;244;4253;1245786537
-163.278846;378;253;4253;1245808834
-163.192829;432;270;4254;1245894851
-163.169609;428;269;4254;1245918071
-163.146025;430;269;4257;1245941655
-163.099849;455;277;4255;1245987831
-163.077343;422;267;4253;1246010337
-163.031635;430;269;4257;1246056045
-163.009540;432;270;4254;1246078140
-162.981547;447;275;4251;1246106133
-162.959366;465;280;4251;1246128314
-162.933302;475;283;4255;1246154378
-162.910720;520;296;4255;1246176960
-162.878018;530;299;4258;1246209662
-162.851359;522;297;4257;1246236321
-162.812732;523;297;4255;1246274948
-162.785957;520;296;4255;1246301723
-162.738066;478;284;4259;1246349614
-162.711483;455;277;4253;1246376197
-162.682220;498;290;4257;1246405460
-162.655258;522;297;4252;1246432422
-162.602502;545;303;4257;1246485178
-162.571120;548;304;4256;1246516560
-162.541087;557;307;4257;1246546593
-162.506892;575;312;4258;1246580788
-162.485548;567;310;4258;1246602132
-162.464416;573;311;4254;1246623264
-162.439991;573;311;4253;1246647689
-162.411036;550;305;4255;1246676644
-162.382623;515;295;4252;1246705057
-162.340801;525;298;4258;1246746879
-162.306458;573;311;4254;1246781222
-162.272482;543;303;4259;1246815198
-162.249347;515;295;4259;1246838333
-162.222052;490;288;4253;1246865628
-162.163540;507;293;4255;1246924140
-162.139926;502;291;4255;1246947754
-162.111434;505;292;4256;1246976246
-162.082011;493;289;4252;1247005669
-162.059715;487;287;4252;1247027965
-162.035815;510;294;4254;1247051865
-162.011819;518;296;4255;1247075861
-161.953469;522;297;4256;1247134211
-161.902214;633;327;4259;1247185466
-161.852358;570;310;4255;1247235322
-161.828007;580;313;4255;1247259673
-161.802810;653;332;4255;1247284870
-161.778584;677;338;4255;1247309096
-161.752077;615;322;4256;1247335603
-161.731375;647;331;4256;1247356305
-161.702740;693;342;4257;1247384940
-161.678702;708;346;4257;1247408978
-161.652289;710;346;4258;1247435391
-161.629342;723;350;4258;1247458338
-161.595920;748;356;4256;1247491760
-161.573098;765;360;4256;1247514582
-161.550025;767;360;4254;1247537655
-161.527166;733;352;4253;1247560514
-161.501390;733;352;4257;1247586290
-161.477934;737;353;4257;1247609746
-161.433917;710;346;4256;1247653763
-161.407248;700;344;4259;1247680432
-161.383516;658;333;4255;1247704164
-161.336842;620;324;4255;1247750838
-161.308727;597;318;4257;1247778953
-161.279204;612;322;4253;1247808476
-161.202606;640;329;4257;1247885074
-161.179698;627;325;4258;1247907982
-161.151353;642;329;4257;1247936327
-161.128470;650;331;4257;1247959210
-161.104469;620;324;4256;1247983211
-161.080662;640;329;4255;1248007018
-161.057180;640;329;4251;1248030500
-161.036156;610;321;4255;1248051524
-160.989129;637;328;4257;1248098551
-160.953836;647;331;4254;1248133844
-160.926374;638;328;4255;1248161306
-160.893310;595;317;4257;1248194370
-160.869740;577;312;4257;1248217940
-160.846102;663;335;4256;1248241578
-160.813363;648;331;4256;1248274317
-160.782344;610;321;4256;1248305336
-160.728686;632;327;4257;1248358994
-160.702212;630;326;4254;1248385468
-160.678915;627;325;4254;1248408765
-160.652409;598;318;4257;1248435271
-160.600617;613;322;4253;1248487063
-160.548796;613;322;4256;1248538884
-160.520663;602;319;4259;1248567017
-160.469462;567;310;4254;1248618218
-160.447294;580;313;4259;1248640386
-160.420568;573;311;4257;1248667112
-160.394522;512;294;4258;1248693158
-160.372412;482;285;4258;1248715268
-160.348397;493;289;4258;1248739283
-160.319562;473;283;4255;1248768118
-160.297386;428;269;4255;1248790294
-160.276514;412;264;4255;1248811166
-160.249597;395;258;4255;1248838083
-160.226663;360;247;4255;1248861017
-160.200924;375;252;4253;1248886756
-160.177656;353;244;4253;1248910024
-160.150038;375;252;4255;1248937642
-160.101264;385;255;4258;1248986416
-160.076022;425;268;4258;1249011658
-160.051288;382;254;4254;1249036392
-160.030555;415;265;4253;1249057125
-160.002540;405;262;4257;1249085140
-159.980407;430;269;4257;1249107273
-159.952628;370;250;4256;1249135052
-159.924543;322;233;4255;1249163137
-159.869217;348;242;4255;1249218463
-159.846697;432;270;4256;1249240983
-159.770595;420;266;4257;1249317085
-159.748810;367;249;4256;1249338870
-159.680233;370;250;4259;1249407447
-159.651406;383;254;4255;1249436274
-159.620218;413;264;4258;1249467462
-159.573584;365;248;4253;1249514096
-159.550429;347;242;4259;1249537251
-159.527890;360;247;4256;1249559790
-159.502627;382;254;4253;1249585053
-159.476815;430;269;4255;1249610865
-159.448994;475;283;4255;1249638686
-159.402741;440;273;4256;1249684939
-159.380916;490;288;4258;1249706764
-159.352676;513;294;4256;1249735004
-159.330678;588;315;4256;1249757002
-159.300134;547;304;4255;1249787546
-159.275369;502;291;4255;1249812311
-159.227771;345;241;4255;1249859909
-159.205463;322;233;4255;1249882217
-159.183365;302;226;4259;1249904315
-159.135913;358;246;4255;1249951767
-159.111977;408;262;4253;1249975703
-159.069973;400;260;4257;1250017707
-159.048547;387;256;4257;1250039133
-159.026438;418;266;4255;1250061242
-159.004560;430;269;4254;1250083120
-158.981509;405;262;4251;1250106171
-158.925529;370;250;4257;1250162151
-158.901854;362;247;4258;1250185826
-158.879908;373;251;4259;1250207772
-158.830432;378;253;4256;1250257248
-158.803895;370;250;4254;1250283785
-158.782291;368;249;4254;1250305389
-158.730233;275;215;4256;1250357447
-158.705996;185;177;4256;1250381684
-158.681479;165;167;4257;1250406201
-158.634680;185;177;4255;1250453000
-158.611371;183;176;4257;1250476309
-158.581682;248;205;4253;1250505998
-158.559996;225;195;4253;1250527684
-158.531078;182;175;4257;1250556602
-158.510189;147;157;4257;1250577491
-158.474771;65;104;4254;1250612909
-158.453460;-28;0;4254;1250634220
-158.407005;262;210;4256;1250680675
-158.380036;367;249;4258;1250707644
-158.332601;523;297;4258;1250755079
-158.303382;522;297;4257;1250784298
-158.280869;492;288;4257;1250806811
-158.200715;548;304;4260;1250886965
-158.178756;557;307;4260;1250908924
-158.150792;563;308;4257;1250936888
-158.128679;562;308;4257;1250959001
-158.100827;508;293;4257;1250986853
-158.079574;478;284;4257;1251008106
-158.031374;567;310;4254;1251056306
-157.990138;478;284;4258;1251097542
-157.966330;482;285;4258;1251121350
-157.944786;475;283;4255;1251142894
-157.921263;452;276;4257;1251166417
-157.892580;425;268;4256;1251195100
-157.870576;403;261;4256;1251217104
-157.848300;397;259;4258;1251239380
-157.802276;407;262;4257;1251285404
-157.777444;410;263;4255;1251310236
-157.743092;363;248;4258;1251344588
-157.719384;342;240;4258;1251368296
-157.668486;303;226;4259;1251419194
-157.639321;283;219;4257;1251448359
-157.617946;278;217;4257;1251469734
-157.549811;275;215;4255;1251537869
-157.527899;282;218;4255;1251559781
-157.506559;312;229;4259;1251581121
-157.481972;353;244;4258;1251605708
-157.459508;367;249;4256;1251628172
-157.432880;37.85;101707.67;4.024185;1251654800
-157.398155;423;267;4256;1251689525
-157.375529;462;279;4256;1251712151
-157.349902;502;291;4257;1251737778
-157.313813;518;296;4256;1251773867
-157.286945;510;294;4255;1251800735
-157.266612;532;300;4255;1251821068
-157.242258;542;303;4255;1251845422
-157.211916;643;330;4260;1251875764
-157.189420;628;326;4260;1251898260
-157.162310;650;331;4259;1251925370
-157.101842;693;342;4259;1251985838
-157.079681;662;334;4259;1252007999
-157.049759;583;314;4256;1252037921
-157.028369;542;303;4256;1252059311
-156.968596;612;322;4255;1252119084
-156.940844;585;314;4257;1252146836
-156.919039;573;311;4257;1252168641
-156.890324;617;323;4257;1252197356
-156.866430;623;324;4257;1252221250
-156.845769;625;325;4255;1252241911
-156.823566;585;314;4256;1252264114
-156.768014;687;341;4252;1252319666
-156.742948;683;340;4255;1252344732
-156.713511;670;336;4255;1252374169
-156.660068;643;330;4256;1252427612
-156.632860;642;329;4255;1252454820
-156.603595;657;333;4255;1252484085
-156.580684;658;333;4255;1252506996
-156.557307;695;343;4256;1252530373
-156.531674;698;343;4255;1252556006
-156.502803;688;341;4257;1252584877
-156.480889;690;341;4257;1252606791
-156.451251;725;350;4254;1252636429
-156.430134;745;355;4254;1252657546
-156.401747;742;354;4254;1252685933
-156.379201;723;350;4254;1252708479
-156.332402;678;338;4256;1252755278
-156.303490;647;331;4257;1252784190
-156.281517;635;328;4257;1252806163
-156.242768;642;329;4255;1252844912
-156.220537;653;332;4255;1252867143
-156.192001;757;358;4259;1252895679
-156.168597;788;365;4259;1252919083
-156.142192;818;372;4258;1252945488
-156.120128;803;368;4258;1252967552
-156.068002;737;353;4254;1253019678
-156.042799;758;358;4257;1253044881
-156.019291;753;357;4254;1253068389
-155.983404;768;360;4261;1253104276
-155.959942;733;352;4261;1253127738
-155.897096;733;352;4258;1253190584
-155.873634;735;352;4258;1253214046
-155.848987;720;349;4261;1253238693
-155.806370;718;348;4261;1253281310
-155.780146;732;352;4255;1253307534
-155.757112;785;364;4255;1253330568
-155.728392;812;370;4259;1253359288
-155.702497;882;386;4258;1253385183
-155.679199;925;395;4258;1253408481
-155.652570;917;394;4259;1253435110
-155.631196;923;395;4259;1253456484
-155.602441;912;393;4260;1253485239
-155.579758;865;382;4260;1253507922
-155.552771;850;379;4259;1253534909
-155.530882;790;365;4259;1253556798
-155.507274;730;351;4254;1253580406
-155.480322;697;343;4254;1253607358
-155.450093;675;338;4260;1253637587
-155.416444;688;341;4257;1253671236
-155.390241;668;336;4256;1253697439
-155.340627;553;306;4256;1253747053
-155.317456;583;314;4256;1253770224
-155.268169;568;310;4257;1253819511
-155.242704;552;305;4256;1253844976
-155.199515;532;300;4259;1253888165
-155.173401;543;303;4255;1253914279
-155.150826;605;320;4255;1253936854
-155.128077;633;327;4257;1253959603
-155.101093;630;326;4257;1253986587
-155.076799;602;319;4257;1254010881
-155.049650;585;314;4258;1254038030
-155.028095;538;301;4258;1254059585
-155.001523;543;303;4254;1254086157
-154.979233;565;309;4254;1254108447
-154.924877;587;315;4257;1254162803
-154.891097;633;327;4256;1254196583
-154.867297;633;327;4256;1254220383
-154.841193;595;317;4256;1254246487
-154.811931;650;331;4258;1254275749
-154.762576;718;348;4256;1254325104
-154.741289;705;345;4256;1254346391
-154.711888;655;333;4259;1254375792
-154.665172;760;358;4260;1254422508
-154.642993;750;356;4256;1254444687
-154.612831;690;341;4257;1254474849
-154.586811;678;338;4253;1254500869
-154.563054;690;341;4253;1254524626
-154.534130;660;334;4255;1254553550
-154.479016;558;307;4257;1254608664
-154.416128;492;288;4258;1254671552
-154.394072;495;289;4258;1254693608
-154.373431;505;292;4259;1254714249
-154.348931;503;291;4255;1254738749
-154.326232;528;299;4255;1254761448
-154.300160;522;297;4255;1254787520
-154.278534;538;301;4255;1254809146
-154.252248;567;310;4253;1254835432
-154.227761;567;310;4253;1254859919
-154.200442;528;299;4259;1254887238
-154.177193;445;274;4259;1254910487
-154.155350;408;262;4255;1254932330
-154.131343;425;268;4259;1254956337
-154.082528;473;283;4257;1255005152
-154.037516;553;306;4253;1255050164
-154.002661;552;305;4260;1255085019
-153.981476;542;303;4260;1255106204
-153.936597;637;328;4259;1255151083
-153.911122;605;320;4257;1255176558
-153.890752;683;340;4257;1255196928
-153.837296;573;311;4255;1255250384
-153.802933;595;317;4256;1255284747
-153.779544;637;328;4256;1255308136
-153.758069;618;323;4261;1255329611
-153.731019;567;310;4258;1255356661
-153.699885;565;309;4257;1255387795
-153.677817;573;311;4257;1255409863
-153.573021;465;280;4257;1255514659
-153.548848;438;272;4261;1255538832
-153.523127;393;258;4255;1255564553
-153.497577;395;258;4257;1255590103
-153.475567;395;258;4257;1255612113
-153.449770;398;259;4257;1255637910
-153.427265;395;258;4257;1255660415
-153.406430;382;254;4257;1255681250
-153.382413;388;256;4255;1255705267
-153.359999;357;245;4257;1255727681
-153.332358;328;235;4254;1255755322
-153.309257;302;226;4254;1255778423
-153.285055;297;224;4259;1255802625
-153.261522;285;219;4258;1255826158
-153.232253;300;225;4259;1255855427
-153.180821;278;217;4258;1255906859
-153.151172;353;244;4257;1255936508
-153.128978;395;258;4257;1255958702
-153.102675;360;247;4257;1255985005
-153.077964;383;254;4257;1256009716
-153.051866;417;265;4257;1256035814
-153.028247;430;269;4257;1256059433
-153.005851;425;268;4258;1256081829
-152.981115;423;267;4258;1256106565
-152.902668;415;265;4259;1256185012
-152.878336;360;247;4257;1256209344
-152.842982;298;224;4255;1256244698
-152.819763;312;229;4255;1256267917
-152.752315;310;229;4259;1256335365
-152.699596;258;209;4253;1256388084
-152.677140;260;209;4253;1256410540
-152.649485;250;205;4255;1256438195
-152.600578;252;206;4258;1256487102
-152.578566;263;211;4258;1256509114
-152.549006;265;211;4255;1256538674
-152.528476;285;219;4255;1256559204
-152.503495;297;224;4259;1256584185
-152.481620;315;231;4256;1256606060
-152.418663;275;215;4257;1256669017
-152.396384;263;211;4257;1256691296
-152.374559;285;219;4258;1256713121
-152.299428;275;215;4257;1256788252
-152.277307;267;212;4257;1256810373
-152.249286;270;213;4256;1256838394
-152.222671;278;217;4257;1256865009
-152.198947;248;205;4257;1256888733
-152.175114;220;193;4255;1256912566
-152.147489;233;198;4256;1256940191
-152.099141;225;195;4256;1256988539
-152.077203;243;202;4256;1257010477
-152.052408;250;205;4256;1257035272
-152.029858;207;187;4255;1257057822
-152.003534;167;168;4257;1257084146
-151.979268;170;169;4257;1257108412
-151.937853;193;180;4261;1257149827
-151.912818;207;187;4261;1257174862
-151.868605;222;193;4256;1257219075
-151.842754;192;180;4258;1257244926
-151.815954;202;185;4253;1257271726
-151.768188;255;207;4257;1257319492
-151.743120;287;220;4258;1257344560
-151.718981;287;220;4258;1257368699
-151.682443;178;173;4257;1257405237
-151.602931;157;163;4258;1257484749
-151.579012;210;188;4261;1257508668
-151.552506;252;206;4259;1257535174
-151.504114;170;169;4258;1257583566
-151.475489;205;186;4260;1257612191
-151.453006;220;193;4260;1257634674
-151.430460;220;193;4259;1257657220
-151.406086;222;193;4256;1257681594
-151.381742;235;199;4255;1257705938
-151.360316;233;198;4260;1257727364
-151.331517;222;193;4255;1257756163
-151.303201;217;191;4256;1257784479
-151.281215;225;195;4256;1257806465
-151.251252;253;207;4260;1257836428
-151.225903;278;217;4254;1257861777
-151.196593;305;227;4260;1257891087
-151.170918;295;223;4257;1257916762
-151.148160;302;226;4257;1257939520
-151.125049;280;217;4257;1257962631
-151.079948;262;210;4257;1258007732
-151.047466;247;204;4253;1258040214
-151.025487;237;200;4253;1258062193
-151.001625;265;211;4258;1258086055
-150.976297;252;206;4256;1258111383
-150.950291;228;196;4257;1258137389
-150.911512;275;215;4258;1258176168
-150.841234;238;200;4257;1258246446
-150.815815;247;204;4256;1258271865
-150.782794;267;212;4255;1258304886
-150.759692;273;215;4255;1258327988
-150.731773;255;207;4257;1258355907
-150.702116;243;202;4257;1258385564
-150.680520;258;209;4257;1258407160
-150.612253;245;203;4258;1258475427
-150.587511;285;219;4260;1258500169
-150.561316;302;226;4259;1258526364
-150.539237;295;223;4259;1258548443
-150.511178;323;233;4260;1258576502
-150.462168;293;222;4260;1258625512
-150.440869;267;212;4260;1258646811
-150.410212;278;217;4258;1258677468
-150.388201;248;205;4258;1258699479
-150.340339;310;229;4257;1258747341
-150.312067;317;231;4258;1258775613
-150.253093;302;226;4262;1258834587
-150.178895;245;203;4260;1258908785
-150.148141;272;214;4258;1258939539
-150.119252;278;217;4260;1258968428
-150.094901;248;205;4260;1258992779
-150.071578;245;203;4257;1259016102
-150.048710;223;194;4257;1259038970
-150.026319;183;176;4257;1259061361
-149.993054;142;155;4256;1259094626
-149.963288;132;149;4255;1259124392
-149.940049;105;133;4255;1259147631
-149.912443;80;116;4255;1259175237
-149.890695;72;110;4255;1259196985
-149.867211;72;110;4260;1259220469
-149.842448;83;118;4260;1259245232
-149.811678;50;92;4261;1259276002
-149.741930;83;118;4258;1259345750
-149.707511;95;126;4257;1259380169
-149.681813;112;137;4259;1259405867
-149.659276;103;132;4259;1259428404
-149.630729;128;147;4258;1259456951
-149.609597;142;155;4258;1259478083
-149.581949;93;125;4257;1259505731
-149.559717;68;107;4257;1259527963
-149.532392;75;112;4257;1259555288
-149.503210;97;128;4260;1259584470
-149.481055;127;146;4260;1259606625
-149.456673;127;146;4257;1259631007
-149.427486;140;154;4262;1259660194
-149.400783;145;156;4261;1259686897
-149.377661;140;154;4261;1259710019
-149.353309;172;170;4258;1259734371
-149.310488;190;179;4257;1259777192
-149.286707;177;173;4257;1259800973
-149.238126;165;167;4259;1259849554
-149.212530;170;169;4256;1259875150
-149.162574;117;140;4260;1259925106
-149.138493;92;124;4260;1259949187
-149.111352;65;104;4259;1259976328
-149.088649;68;107;4259;1259999031
-149.063686;82;117;4255;1260023994
-149.040314;103;132;4259;1260047366
-149.011843;147;157;4261;1260075837
-148.961620;180;174;4257;1260126060
-148.925141;243;202;4259;1260162539
-148.875947;245;203;4259;1260211733
-148.847967;238;200;4258;1260239713
-148.826610;297;224;4258;1260261070
-148.805535;342;240;4260;1260282145
-148.784055;388;256;4259;1260303625
-148.730431;422;267;4259;1260357249
-148.708845;448;275;4259;1260378835
-148.681876;430;269;4256;1260405804
-148.658788;412;264;4256;1260428892
-148.631983;412;264;4258;1260455697
-148.609496;407;262;4258;1260478184
-148.584024;345;241;4259;1260503656
-148.560420;313;230;4259;1260527260
-148.531276;328;235;4257;1260556404
-148.501865;370;250;4260;1260585815
-148.428000;362;247;4259;1260659680
-148.394777;335;238;4259;1260692903
-148.371931;348;242;4259;1260715749
-148.350498;368;249;4262;1260737182
-148.302222;410;263;4257;1260785458
-148.281069;403;261;4258;1260806611
-148.256149;375;252;4261;1260831531
-148.191254;350;243;4259;1260896426
-148.168480;373;251;4259;1260919200
-148.144150;335;238;4257;1260943530
-148.120525;335;238;4256;1260967155
-148.064087;287;220;4258;1261023593
-148.039693;303;226;4258;1261047987
-148.017421;302;226;4259;1261070259
-147.993040;307;228;4258;1261094640
-147.972344;295;223;4259;1261115336
-147.947755;280;217;4257;1261139925
-147.897398;282;218;4257;1261190282
-147.875214;297;224;4257;1261212466
-147.849890;298;224;4258;1261237790
-147.826441;298;224;4259;1261261239
-147.797517;305;227;4259;1261290163
-147.770769;280;217;4259;1261316911
-147.749617;268;213;4259;1261338063
-147.712731;328;235;4259;1261374949
-147.682730;293;222;4259;1261404950
-147.639387;223;194;4261;1261448293
-147.609552;235;199;4258;1261478128
-147.564722;232;198;4258;1261522958
-147.541118;240;201;4257;1261546562
-147.520118;255;207;4258;1261567562
-147.470669;230;197;4257;1261617011
-147.449155;262;210;4262;1261638525
-147.423412;327;235;4260;1261664268
-147.391458;303;226;4263;1261696222
-147.368237;302;226;4257;1261719443
-147.346211;305;227;4257;1261741469
-147.313073;318;232;4258;1261774607
-147.282939;312;229;4257;1261804741
-147.259514;357;245;4257;1261828166
-147.232355;330;236;4256;1261855325
-147.172053;338;239;4257;1261915627
-147.148455;332;237;4256;1261939225
-147.126073;332;237;4263;1261961607
-147.102873;342;240;4256;1261984807
-147.079235;323;233;4259;1262008445
-147.050941;290;221;4262;1262036739
-147.029107;302;226;4262;1262058573
-146.970768;293;222;4259;1262116912
-146.941599;287;220;4257;1262146081
-146.920711;298;224;4257;1262166969
-146.868204;325;234;4256;1262219476
-146.833088;327;235;4257;1262254592
-146.811567;303;226;4257;1262276113
-146.741998;308;228;4259;1262345682
-146.705994;293;222;4259;1262381686
-146.678693;293;222;4256;1262408987
-146.635408;330;236;4257;1262452272
-146.612079;325;234;4257;1262475601
-146.588717;347;242;4260;1262498963
-146.551935;362;247;4254;1262535745
-146.528230;340;240;4254;1262559450
-146.502819;318;232;4258;1262584861
-146.480154;320;232;4260;1262607526
-146.429407;317;231;4257;1262658273
-146.406006;348;242;4257;1262681674
-146.381133;345;241;4262;1262706547
-146.360188;355;245;4256;1262727492
-146.336997;383;254;4257;1262750683
-146.292447;327;235;4259;1262795233
-146.268033;325;234;4259;1262819647
-146.246912;365;248;4257;1262840768
-146.222694;360;247;4259;1262864986
-146.165145;343;241;4257;1262922535
-146.142369;343;241;4257;1262945311
-146.118781;338;239;4260;1262968899
-146.090568;318;232;4256;1262997112
-146.068961;315;231;4256;1263018719
-146.047552;353;244;4261;1263040128
-146.022243;350;243;4261;1263065437
-145.998248;337;238;4261;1263089432
-145.976382;318;232;4261;1263111298
-145.950950;287;220;4258;1263136730
-145.929044;270;213;4258;1263158636
-145.880780;325;234;4256;1263206900
-145.801562;310;229;4257;1263286118
-145.778920;305;227;4257;1263308760
-145.755348;282;218;4258;1263332332
-145.731067;248;205;4263;1263356613
-145.709102;203;185;4259;1263378578
-145.685959;193;180;4259;1263401721
-145.661755;202;185;4257;1263425925
-145.632754;255;207;4262;1263454926
-145.603020;302;226;4257;1263484660
-145.578409;297;224;4257;1263509271
-145.551385;310;229;4255;1263536295
-145.529362;298;224;4255;1263558318
-145.503245;268;213;4258;1263584435
-145.452843;282;218;4261;1263634837
-145.428955;310;229;4261;1263658725
-145.402743;288;220;4259;1263684937
-145.375745;275;215;4257;1263711935
-145.347973;243;202;4259;1263739707
-145.327631;227;196;4259;1263760049
-145.302253;245;203;4257;1263785427
-145.280051;275;215;4257;1263807629
-145.251020;272;214;4259;1263836660
-145.230674;292;222;4259;1263857006
-145.201447;280;217;4260;1263886233
-145.179581;292;222;4260;1263908099
-145.153666;317;231;4257;1263934014
-145.128792;295;223;4257;1263958888
-145.106195;265;211;4263;1263981485
-145.084054;273;215;4261;1264003626
-145.063068;290;221;4257;1264024612
-145.012803;278;217;4257;1264074877
-144.987153;293;222;4258;1264100527
-144.934952;308;228;4259;1264152728
-144.911553;275;215;4259;1264176127
-144.881733;207;187;4256;1264205947
-144.850709;223;194;4259;1264236971
-144.800630;248;205;4259;1264287050
-144.778720;275;215;4259;1264308960
-144.753343;290;221;4262;1264334337
-144.730331;280;217;4262;1264357349
-144.704845;257;208;4258;1264382835
-144.679882;188;178;4258;1264407798
-144.654816;218;192;4257;1264432864
-144.632262;222;193;4257;1264455418
-144.610132;187;178;4260;1264477548
-144.561142;190;179;4261;1264526538
-144.532690;192;180;4257;1264554990
-144.503132;195;181;4261;1264584548
-144.481118;170;169;4261;1264606562
-144.451459;158;163;4260;1264636221
-144.426804;172;170;4260;1264660876
-144.403115;165;167;4259;1264684565
-144.380593;182;175;4261;1264707087
-144.350814;167;168;4261;1264736866
-144.326729;175;172;4261;1264760951
-144.302596;172;170;4258;1264785084
-144.280487;152;160;4256;1264807193
-144.226944;158;163;4257;1264860736
-144.169208;160;164;4257;1264918472
-144.123279;165;167;4259;1264964401
-144.086520;173;171;4257;1265001160
-144.060308;173;171;4258;1265027372
-144.039333;160;164;4258;1265048347
-144.018627;150;159;4257;1265069053
-143.982932;163;166;4259;1265104748
-143.928854;142;155;4261;1265158826
-143.901882;135;151;4257;1265185798
-143.879923;152;160;4257;1265207757
-143.851292;175;172;4263;1265236388
-143.800205;125;145;4256;1265287475
-143.772755;175;172;4257;1265314925
-143.749039;207;187;4257;1265338641
-143.704852;193;180;4260;1265382828
-143.677926;188;178;4265;1265409754
-143.653599;183;176;4265;1265434081
-143.632712;185;177;4257;1265454968
-143.609478;195;181;4258;1265478202
-143.586346;197;182;4258;1265501334
-143.564656;210;188;4259;1265523024
-143.542317;195;181;4259;1265545363
-143.518559;187;178;4258;1265569121
-143.491748;197;182;4258;1265595932
-143.468782;212;189;4258;1265618898
-143.442212;223;194;4259;1265645468
-143.412680;207;187;4260;1265675000
-143.382322;188;178;4259;1265705358
-143.352658;177;173;4260;1265735022
-143.302514;183;176;4262;1265785166
-143.250259;190;179;4260;1265837421
-143.191047;150;159;4258;1265896633
-143.170462;150;159;4258;1265917218
-143.149222;152;160;4260;1265938458
-143.127447;157;163;4258;1265960233
-143.104466;147;157;4261;1265983214
-143.083375;158;163;4258;1266004305
-143.037406;155;162;4262;1266050274
-143.011821;147;157;4262;1266075859
-142.980714;168;168;4258;1266106966
-142.932002;162;165;4261;1266155678
-142.902770;158;163;4255;1266184910
-142.878530;192;180;4255;1266209150
-142.850839;215;190;4260;1266236841
-142.812537;210;188;4261;1266275143
-142.763193;158;163;4259;1266324487
-142.741219;140;154;4259;1266346461
-142.712216;152;160;4259;1266375464
-142.661835;148;158;4262;1266425845
-142.640519;167;168;4262;1266447161
-142.611884;217;191;4260;1266475796
-142.581540;272;214;4261;1266506140
-142.559609;282;218;4261;1266528071
-142.500850;312;229;4258;1266586830
-142.477471;295;223;4258;1266610209
-142.449974;293;222;4259;1266637706
-142.424060;288;220;4256;1266663620
-142.391362;302;226;4260;1266696318
-142.339458;283;219;4259;1266748222
-142.309362;275;215;4259;1266778318
-142.280529;253;207;4256;1266807151
-142.250936;250;205;4261;1266836744
-142.211232;247;204;4257;1266876448
-142.182162;238;200;4259;1266905518
-142.135401;230;197;4260;1266952279
-142.109345;228;196;4261;1266978335
-142.085357;232;198;4261;1267002323
-142.060519;233;198;4259;1267027161
-142.038507;245;203;4260;1267049173
-142.016707;252;206;4253;1267070973
-141.982403;247;204;4259;1267105277
-141.931742;185;177;4259;1267155938
-141.888512;168;168;4259;1267199168
-141.835474;190;179;4257;1267252206
-141.802734;202;185;4256;1267284946
-141.779706;200;184;4256;1267307974
-141.750880;192;180;4258;1267336800
-141.725684;178;173;4258;1267361996
-141.700610;170;169;4258;1267387070
-141.677971;167;168;4262;1267409709
-141.651314;162;165;4260;1267436366
-141.610823;167;168;4259;1267476857
-141.579205;168;168;4259;1267508475
-141.532203;158;163;4259;1267555477
-141.501169;165;167;4260;1267586511
-141.451621;123;144;4259;1267636059
-141.427119;153;161;4259;1267660561
-141.402053;148;158;4262;1267685627
-141.378455;165;167;4260;1267709225
-141.352112;163;166;4260;1267735568
-141.324576;160;164;4260;1267763104
-141.269523;162;165;4257;1267818157
-141.247846;167;168;4261;1267839834
-141.192852;177;173;4261;1267894828
-141.169965;187;178;4256;1267917715
-141.147309;193;180;4259;1267940371
-141.102379;200;184;4260;1267985301
-141.076722;213;190;4259;1268010958
-141.039753;193;180;4260;1268047927
-141.001479;203;185;4260;1268086201
-140.977137;202;185;4260;1268110543
-140.951036;182;175;4261;1268136644
-140.898112;185;177;4258;1268189568
-140.872805;200;184;4257;1268214875
-140.848682;223;194;4257;1268238998
-140.826599;237;200;4262;1268261081
-140.802593;245;203;4259;1268285087
-140.780963;233;198;4259;1268306717
-140.752820;203;185;4259;1268334860
-140.701531;175;172;4259;1268386149
-140.679567;178;173;4259;1268408113
-140.653098;187;178;4260;1268434582
-140.627254;178;173;4258;1268460426
-140.588254;190;179;4259;1268499426
-140.537352;192;180;4259;1268550328
-140.511926;197;182;4259;1268575754
-140.458820;198;183;4261;1268628860
-140.436218;202;185;4261;1268651462
-140.407161;190;179;4261;1268680519
-140.381873;182;175;4261;1268705807
-140.341019;177;173;4260;1268746661
-140.310914;175;172;4261;1268776766
-140.260523;178;173;4257;1268827157
-140.229980;153;161;4259;1268857700
-140.208031;165;167;4259;1268879649
-140.181871;173;171;4260;1268905809
-140.150293;187;178;4259;1268937387
-140.073237;182;175;4262;1269014443
-140.048445;180;174;4259;1269039235
-140.026648;187;178;4259;1269061032
-140.000413;182;175;4261;1269087267
-139.979512;185;177;4261;1269108168
-139.956561;205;186;4259;1269131119
-139.930968;200;184;4257;1269156712
-139.906271;203;185;4257;1269181409
-139.880957;203;185;4260;1269206723
-139.859295;195;181;4259;1269228385
-139.826551;192;180;4261;1269261129
-139.791724;190;179;4262;1269295956
-139.767691;185;177;4262;1269319989
-139.746606;172;170;4261;1269341074
-139.714600;152;160;4257;1269373080
-139.660572;110;136;4258;1269427108
-139.629509;98;128;4263;1269458171
-139.601999;103;132;4260;1269485681
-139.562719;147;157;4259;1269524961
-139.539680;160;164;4259;1269548000
-139.516686;175;172;4259;1269570994
-139.469568;192;180;4258;1269618112
-139.440023;190;179;4259;1269647657
-139.416477;187;178;4259;1269671203
-139.369838;143;155;4260;1269717842
-139.345888;133;150;4260;1269741792
-139.299665;125;145;4259;1269788015
-139.247084;158;163;4260;1269840596
-139.221946;163;166;4258;1269865734
-139.200497;160;164;4258;1269887183
-139.175469;160;164;4259;1269912211
-139.151454;160;164;4261;1269936226
-139.130461;158;163;4262;1269957219
-139.107506;143;155;4259;1269980174
-139.085737;135;151;4259;1270001943
-139.060865;142;155;4260;1270026815
-139.038340;135;151;4264;1270049340
-139.014116;115;139;4262;1270073564
-138.982551;125;145;4262;1270105129
-138.950986;133;150;4261;1270136694
-138.920642;128;147;4261;1270167038
-138.887298;117;140;4258;1270200382
-138.860345;108;135;4262;1270227335
-138.828327;97;128;4259;1270259353
-138.776392;92;124;4262;1270311288
-138.749506;113;138;4261;1270338174
-138.728813;132;149;4261;1270358867
-138.669548;117;140;4259;1270418132
-138.646961;107;134;4257;1270440719
-138.567698;93;125;4261;1270519982
-138.545353;70;108;4260;1270542327
-138.512694;47;89;4261;1270574986
-138.470272;115;139;4259;1270617408
-138.444443;125;145;4261;1270643237
-138.402744;122;143;4261;1270684936
-138.377051;123;144;4259;1270710629
-138.327055;95;126;4260;1270760625
-138.299695;95;126;4257;1270787985
-138.276480;90;123;4257;1270811200
-138.250995;105;133;4261;1270836685
-138.229842;107;134;4261;1270857838
-138.197957;103;132;4260;1270889723
-138.170862;90;123;4259;1270916818
-138.146510;83;118;4259;1270941170
-138.100812;72;110;4261;1270986868
-138.077014;52;93;4261;1271010666
-138.049469;48;90;4260;1271038211
-138.028500;62;102;4260;1271059180
-138.001677;67;106;4259;1271086003
-137.978235;72;110;4259;1271109445
-137.911509;100;130;4260;1271176171
-137.861042;80;116;4259;1271226638
-137.838670;82;117;4259;1271249010
-137.802686;78;114;4259;1271284994
-137.778637;63;103;4259;1271309043
-137.729654;58;99;4263;1271358026
-137.701594;53;94;4259;1271386086
-137.676659;53;94;4259;1271411021
-137.651395;62;102;4260;1271436285
-137.629981;67;106;4260;1271457699
-137.594975;60;100;4258;1271492705
-137.568076;53;94;4261;1271519604
-137.545763;45;87;4261;1271541917
-137.522552;48;90;4261;1271565128
-137.478898;68;107;4261;1271608782
-137.448780;65;104;4261;1271638900
-137.420387;75;112;4262;1271667293
-137.398093;77;114;4262;1271689587
-137.374081;60;100;4261;1271713599
-137.349755;63;103;4262;1271737925
-137.328025;62;102;4261;1271759655
-137.289751;57;98;4261;1271797929
-137.265767;67;106;4261;1271821913
-137.237382;70;108;4259;1271850298
-137.211889;62;102;4264;1271875791
-137.181298;55;96;4259;1271906382
-137.154325;62;102;4259;1271933355
-137.130312;77;114;4259;1271957368
-137.107133;67;106;4264;1271980547
-137.040015;82;117;4259;1272047665
-137.018482;87;121;4259;1272069198
-136.996862;87;121;4260;1272090818
-136.973842;73;111;4261;1272113838
-136.952219;78;114;4261;1272135461
-136.928912;80;116;4263;1272158768
-136.903339;82;117;4258;1272184341
-136.875364;73;111;4263;1272212316
-136.849660;72;110;4261;1272238020
-136.828519;72;110;4261;1272259161
-136.792405;67;106;4261;1272295275
-136.770382;62;102;4261;1272317298
-136.749161;65;104;4260;1272338519
-136.712631;60;100;4257;1272375049
-136.681607;48;90;4261;1272406073
-136.604881;40;82;4260;1272482799
-136.577749;40;82;4256;1272509931
-136.552865;37;79;4256;1272534815
-136.531506;35;77;4261;1272556174
-136.510020;37;79;4263;1272577660
-136.480762;37;79;4263;1272606918
-136.431472;40;82;4260;1272656208
-136.401738;42;84;4259;1272685942
-136.375330;38;80;4260;1272712350
-136.350250;32;73;4260;1272737430
-136.325943;33;74;4260;1272761737
-136.292682;37;79;4259;1272794998
-136.269003;27;67;4259;1272818677
-136.242536;17;53;4258;1272845144
-136.212692;22;61;4262;1272874988
-136.182417;17;53;4261;1272905263
-136.126556;7;34;4259;1272961124
-136.098755;0;0;4259;1272988925
-136.069049;-7;0;4259;1273018631
-136.046859;-7;0;4259;1273040821
-136.001093;-12;0;4259;1273086587
-135.976203;-5;0;4263;1273111477
-135.948255;-2;0;4257;1273139425
-135.923257;3;22;4257;1273164423
-135.895457;8;36;4258;1273192223
-135.871400;-10;0;4258;1273216280
-135.850291;-20;0;4257;1273237389
-135.826272;-22;0;4257;1273261408
-135.801035;-20;0;4261;1273286645
-135.778621;-17;0;4261;1273309059
-135.750600;-13;0;4260;1273337080
-135.726909;-13;0;4260;1273360771
-135.675001;-23;0;4259;1273412679
-135.649283;-28;0;4265;1273438397
-135.621409;-37;0;4263;1273466271
-135.600130;-32;0;4263;1273487550
-135.578616;-30;0;4258;1273509064
-135.533564;-27;0;4260;1273554116
-135.505346;-30;0;4261;1273582334
-135.484039;-35;0;4261;1273603641
-135.463075;-42;0;4258;1273624605
-135.438775;-40;0;4257;1273648905
-135.414047;-40;0;4260;1273673633
-135.381346;-40;0;4262;1273706334
-135.331395;-47;0;4261;1273756285
-135.304916;-53;0;4260;1273782764
-135.249360;-53;0;4259;1273838320
-135.192386;-55;0;4261;1273895294
-135.167923;-53;0;4261;1273919757
-135.141264;-50;0;4261;1273946416
-135.119651;-48;0;4261;1273968029
-135.097580;-52;0;4260;1273990100
-135.074387;-48;0;4260;1274013293
-135.050530;-58;0;4261;1274037150
-135.001894;-68;0;4261;1274085786
-134.978119;-77;0;4263;1274109561
-134.950620;-72;0;4261;1274137060
-134.929835;-67;0;4261;1274157845
-134.897154;-62;0;4261;1274190526
-134.873694;-58;0;4261;1274213986
-134.799608;-42;0;4261;1274288072
-134.775855;-42;0;4261;1274311825
-134.749707;-38;0;4260;1274337973
-134.726869;-38;0;4260;1274360811
-134.701012;-38;0;4257;1274386668
-134.678274;-30;0;4257;1274409406
-134.651522;-23;0;4260;1274436158
-134.627013;-20;0;4260;1274460667
-134.598889;-15;0;4263;1274488791
-134.573905;-15;0;4263;1274513775
-134.551101;-8;0;4263;1274536579
-134.502246;-2;0;4261;1274585434
-134.479491;3;22;4263;1274608189
-134.452405;7;34;4260;1274635275
-134.427794;-2;0;4260;1274659886
-134.377918;13;46;4259;1274709762
-134.350477;57;98;4261;1274737203
-134.291999;75;112;4257;1274795681
-134.269322;68;107;4257;1274818358
-134.246219;63;103;4261;1274841461
-134.218847;77;114;4261;1274868833
-134.195459;80;116;4261;1274892221
-134.171013;73;111;4259;1274916667
-134.145049;75;112;4262;1274942631
-134.101921;70;108;4259;1274985759
-134.076047;72;110;4257;1275011633
-134.048449;60;100;4262;1275039231
-134.026455;53;94;4262;1275061225
-134.000179;45;87;4262;1275087501
-133.956467;47;89;4263;1275131213
-133.932444;48;90;4263;1275155236
-133.910583;48;90;4259;1275177097
-133.878450;45;87;4263;1275209230
-133.855656;42;84;4263;1275232024
-133.828712;38;80;4262;1275258968
-133.807701;38;80;4262;1275279979
-133.783936;40;82;4260;1275303744
-133.760311;52;93;4259;1275327369
-133.739040;63;103;4259;1275348640
-133.718660;73;111;4261;1275369020
-133.669975;82;117;4261;1275417705
-133.648383;92;124;4260;1275439297
-133.615906;77;114;4263;1275471774
-133.587101;65;104;4263;1275500579
-133.562243;55;96;4263;1275525437
-133.518747;53;94;4262;1275568933
-133.491926;60;100;4264;1275595754
-133.468056;63;103;4264;1275619624
-133.444719;42;84;4261;1275642961
-133.412385;33;74;4259;1275675295
-133.360902;25;65;4259;1275726778
-133.330393;8;36;4264;1275757287
-133.300517;7;34;4259;1275787163
-133.275697;2;18;4259;1275811983
-133.248204;0;0;4260;1275839476
-133.225898;2;18;4260;1275861782
-133.190876;0;0;4261;1275896804
-133.157475;-10;0;4259;1275930205
-133.126415;-13;0;4260;1275961265
-133.081804;-13;0;4261;1276005876
-133.059503;-10;0;4261;1276028177
-132.999383;-5;0;4259;1276088297
-132.977203;-7;0;4259;1276110477
-132.952038;-2;0;4263;1276135642
-132.927270;5;29;4263;1276160410
-132.901567;3;22;4261;1276186113
-132.879848;8;36;4261;1276207832
-132.850662;2;18;4262;1276237018
-132.826614;-2;0;4262;1276261066
-132.800373;-3;0;4261;1276287307
-132.775840;-5;0;4261;1276311840
-132.752151;-7;0;4259;1276335529
-132.728493;-5;0;4261;1276359187
-132.702462;5;29;4265;1276385218
-132.676917;5;29;4262;1276410763
-132.598523;-15;0;4261;1276489157
-132.574980;-17;0;4261;1276512700
-132.548321;-3;0;4260;1276539359
-132.525119;5;29;4260;1276562561
-132.462232;13;46;4260;1276625448
-132.402362;5;29;4263;1276685318
-132.376500;13;46;4261;1276711180
-132.340877;27;67;4261;1276746803
-132.317758;22;61;4261;1276769922
-132.261466;15;50;4262;1276826214
-132.238011;15;50;4262;1276849669
-132.200655;12;45;4261;1276887025
-132.175604;23;62;4261;1276912076
-132.103044;18;55;4257;1276984636
-132.079099;15;50;4261;1277008581
-132.054018;17;53;4258;1277033662
-132.030272;20;58;4259;1277057408
-131.992466;22;61;4261;1277095214
-131.970768;17;53;4261;1277116912
-131.947556;13;46;4262;1277140124
-131.925326;12;45;4263;1277162354
-131.902082;15;50;4256;1277185598
-131.879499;17;53;4267;1277208181
-131.852286;20;58;4258;1277235394
-131.831144;17;53;4258;1277256536
-131.768370;3;22;4258;1277319310
-131.738943;12;45;4261;1277348737
-131.709029;17;53;4261;1277378651
-131.648297;23;62;4259;1277439383
-131.591677;17;53;4261;1277496003
-131.536948;12;45;4259;1277550732
-131.508906;15;50;4262;1277578774
-131.481851;13;46;4263;1277605829
-131.460483;13;46;4263;1277627197
-131.430302;13;46;4259;1277657378
-131.397566;18;55;4260;1277690114
-131.374615;20;58;4260;1277713065
-131.350193;18;55;4260;1277737487
-131.327093;20;58;4262;1277760587
-131.302741;22;61;4263;1277784939
-131.280384;23;62;4261;1277807296
-131.232007;17;53;4260;1277855673
-131.181146;15;50;4260;1277906534
-131.156127;18;55;4260;1277931553
-131.107268;35;77;4259;1277980412
-131.082883;25;65;4261;1278004797
-131.039088;15;50;4259;1278048592
-131.012167;8;36;4260;1278075513
-130.981897;18;55;4263;1278105783
-130.959449;20;58;4263;1278128231
-130.934097;5;29;4261;1278153583
-130.901316;-2;0;4259;1278186364
-130.874671;8;36;4263;1278213009
-130.848139;12;45;4263;1278239541
-130.767475;10;41;4261;1278320205
-130.741484;13;46;4264;1278346196
-130.712662;30;71;4258;1278375018
-130.670451;22;61;4262;1278417229
-130.644938;22;61;4262;1278442742
-130.609599;20;58;4263;1278478081
-130.567701;50;92;4261;1278519979
-130.544636;43;85;4262;1278543044
-130.519936;43;85;4263;1278567744
-130.499606;45;87;4260;1278588074
-130.476333;42;84;4262;1278611347
-130.452587;42;84;4262;1278635093
-130.429840;45;87;4262;1278657840
-130.402559;43;85;4259;1278685121
-130.378483;43;85;4259;1278709197
-130.305416;42;84;4261;1278782264
-130.281035;37;79;4261;1278806645
-130.227374;28;68;4263;1278860306
-130.200954;27;67;4263;1278886726
-130.176946;27;67;4263;1278910734
-130.148356;32;73;4262;1278939324
-130.100514;43;85;4261;1278987166
-130.078039;48;90;4261;1279009641
-130.051126;45;87;4261;1279036554
-130.018037;58;99;4261;1279069643
-129.990555;63;103;4260;1279097125
-129.968455;73;111;4260;1279119225
-129.947565;88;122;4260;1279140115
-129.900922;103;132;4266;1279186758
-129.871258;93;125;4264;1279216422
-129.848771;87;121;4264;1279238909
-129.767346;90;123;4259;1279320334
-129.736787;77;114;4259;1279350893
-129.712028;67;106;4259;1279375652
-129.664605;50;92;4259;1279423075
-129.638868;28;68;4260;1279448812
-129.616242;32;73;4260;1279471438
-129.569711;10;41;4259;1279517969
-129.547139;3;22;4263;1279540541
-129.525365;8;36;4262;1279562315
-129.501536;10;41;4260;1279586144
-129.479605;8;36;4261;1279608075
-129.438407;10;41;4263;1279649273
-129.411733;28;68;4261;1279675947
-129.379768;32;73;4263;1279707912
-129.356354;35;77;4263;1279731326
-129.325631;45;87;4263;1279762049
-129.300289;47;89;4261;1279787391
-129.277006;38;80;4261;1279810674
-129.255576;37;79;4265;1279832104
-129.230393;38;80;4259;1279857287
-129.205237;43;85;4260;1279882443
-129.180509;50;92;4261;1279907171
-129.132530;43;85;4260;1279955150
-129.108218;38;80;4263;1279979462
-129.087372;47;89;4264;1280000308
-129.061110;57;98;4261;1280026570
-129.012796;55;96;4260;1280074884
-128.987267;57;98;4262;1280100413
-128.966734;80;116;4262;1280120946
-128.940216;92;124;4265;1280147464
-128.910633;95;126;4259;1280177047
-128.888430;68;107;4259;1280199250
-128.866212;65;104;4263;1280221468
-128.831934;20;58;4257;1280255746
-128.801022;-30;0;4262;1280286658
-128.778106;-10;0;4262;1280309574
-128.754226;7;34;4263;1280333454
-128.728766;-28;0;4263;1280358914
-128.702097;-48;0;4263;1280385583
-128.680053;-37;0;4263;1280407627
-128.653540;-12;0;4261;1280434140
-128.601530;-68;0;4262;1280486150
-128.575097;-52;0;4262;1280512583
-128.551559;-75;0;4262;1280536121
-128.501694;-53;0;4261;1280585986
-128.477678;-72;0;4260;1280610002
-128.450759;-50;0;4262;1280636921
-128.426477;-53;0;4262;1280661203
-128.401749;-75;0;4261;1280685931
-128.376914;-30;0;4264;1280710766
-128.350790;-25;0;4260;1280736890
-128.329597;-37;0;4260;1280758083
-128.301818;-48;0;4259;1280785862
-128.277356;-17;0;4259;1280810324
-128.254782;-40;0;4261;1280832898
-128.171545;-43;0;4261;1280916135
-128.138200;-48;0;4262;1280949480
-128.116842;-52;0;4262;1280970838
-128.095551;-50;0;4262;1280992129
-128.074288;-45;0;4259;1281013392
-128.050742;-53;0;4259;1281036938
-128.027292;-60;0;4263;1281060388
-128.006580;-80;0;4263;1281081100
-127.983386;-85;0;4260;1281104294
-127.959816;-78;0;4261;1281127864
-127.937183;-57;0;4261;1281150497
-127.911585;-37;0;4263;1281176095
-127.886344;-13;0;4263;1281201336
-127.861580;-3;0;4260;1281226100
-127.839462;3;22;4261;1281248218
-127.812827;-10;0;4260;1281274853
-127.790579;3;22;4260;1281297101
-127.742243;-5;0;4261;1281345437
-127.705981;-8;0;4261;1281381699
-127.681841;3;22;4261;1281405839
-127.659805;-3;0;4263;1281427875
-127.608396;18;55;4261;1281479284
-127.583546;15;50;4263;1281504134
-127.561564;-18;0;4261;1281526116
-127.538414;-3;0;4259;1281549266
-127.512100;2;18;4263;1281575580
-127.488009;5;29;4263;1281599671
-127.462115;-3;0;4259;1281625565
-127.441359;-8;0;4259;1281646321
-127.411187;-18;0;4264;1281676493
-127.385109;-13;0;4259;1281702571
-127.361528;-23;0;4259;1281726152
-127.306462;-57;0;4262;1281781218
-127.282578;-52;0;4262;1281805102
-127.237511;-42;0;4264;1281850169
-127.210709;-37;0;4262;1281876971
-127.180455;-22;0;4260;1281907225
-127.151765;-20;0;4261;1281935915
-127.127960;-22;0;4261;1281959720
-127.104921;-18;0;4262;1281982759
-127.078005;-15;0;4265;1282009675
-127.056752;-13;0;4265;1282030928
-127.030455;-20;0;4262;1282057225
-127.000734;-25;0;4265;1282086946
-126.977094;-23;0;4265;1282110586
-126.951181;-25;0;4261;1282136499
-126.879013;-5;0;4259;1282208667
-126.848744;-2;0;4264;1282238936
-126.816107;0;0;4261;1282271573
-126.780672;18;55;4263;1282307008
-126.750193;12;45;4260;1282337487
-126.726466;25;65;4260;1282361214
-126.701926;57;98;4259;1282385754
-126.679431;60;100;4265;1282408249
-126.652176;55;96;4261;1282435504
-126.627833;48;90;4261;1282459847
-126.592878;70;108;4261;1282494802
-126.569606;80;116;4261;1282518074
-126.545554;73;111;4260;1282542126
-126.502573;70;108;4262;1282585107
-126.480092;60;100;4262;1282607588
-126.430483;65;104;4263;1282657197
-126.402255;75;112;4265;1282685425
-126.380916;88;122;4265;1282706764
-126.325835;65;104;4261;1282761845
-126.299808;67;106;4258;1282787872
-126.275782;95;126;4258;1282811898
-126.253331;130;148;4262;1282834349
-126.229390;133;150;4260;1282858290
-126.206261;133;150;4259;1282881419
-126.181198;167;168;4261;1282906482
-126.132329;88;122;4258;1282955351
-126.102947;75;112;4265;1282984733
-126.080609;92;124;4265;1283007071
-126.051082;145;156;4263;1283036598
-126.009400;150;159;4263;1283078280
-125.986011;142;155;4263;1283101669
-125.961435;143;155;4261;1283126245
-125.938667;122;143;4261;1283149013
-125.911116;102;131;4264;1283176564
-125.863193;68;107;4262;1283224487
-125.831127;60;100;4260;1283256553
-125.801923;67;106;4264;1283285757
-125.778625;67;106;4264;1283309055
-125.751612;77;114;4265;1283336068
-125.729492;82;117;4265;1283358188
-125.708699;88;122;4258;1283378981
-125.680883;100;130;4263;1283406797
-125.659172;90;123;4263;1283428508
-125.632314;87;121;4259;1283455366
-125.572981;72;110;4262;1283514699
-125.544918;90;123;4264;1283542762
-125.509477;107;134;4262;1283578203
-125.467667;120;142;4261;1283620013
-125.443040;127;146;4265;1283644640
-125.422115;137;152;4265;1283665565
-125.361054;117;140;4262;1283726626
-125.340450;110;136;4259;1283747230
-125.313344;90;123;4263;1283774336
-125.282423;62;102;4264;1283805257
-125.236971;47;89;4260;1283850709
-125.211104;42;84;4263;1283876576
-125.181380;35;77;4263;1283906300
-125.159158;60;100;4263;1283928522
-125.091371;77;114;4264;1283996309
-125.066901;80;116;4264;1284020779
-125.045226;72;110;4259;1284042454
-125.001771;70;108;4263;1284085909
-124.979013;80;116;4260;1284108667
-124.943229;88;122;4262;1284144451
-124.908554;85;120;4260;1284179126
-124.881224;85;120;4259;1284206456
-124.831255;82;117;4264;1284256425
-124.809570;80;116;4264;1284278110
-124.782480;82;117;4262;1284305200
-124.708523;118;141;4263;1284379157
-124.681135;102;131;4261;1284406545
-124.657588;73;111;4261;1284430092
-124.631775;60;100;4263;1284455905
-124.603491;77;114;4262;1284484189
-124.580021;78;114;4262;1284507659
-124.530750;40;82;4259;1284556930
-124.502439;25;65;4264;1284585241
-124.479253;50;92;4264;1284608427
-124.453444;67;106;4264;1284634236
-124.427593;65;104;4259;1284660087
-124.401849;78;114;4264;1284685831
-124.377347;52;93;4264;1284710333
-124.350686;27;67;4264;1284736994
-124.304447;58;99;4266;1284783233
-124.279622;67;106;4265;1284808058
-124.257447;68;107;4265;1284830233
-124.202304;95;126;4262;1284885376
-124.178661;82;117;4260;1284909019
-124.149281;78;114;4264;1284938399
-124.128345;87;121;4264;1284959335
-124.101821;103;132;4263;1284985859
-124.077826;82;117;4263;1285009854
-124.050353;55;96;4261;1285037327
-124.014039;60;100;4263;1285073641
-123.991704;82;117;4263;1285095976
-123.961314;42;84;4262;1285126366
-123.939852;13;46;4262;1285147828
-123.902870;30;71;4265;1285184810
-123.853606;108;135;4262;1285234074
-123.829587;75;112;4262;1285258093
-123.808076;72;110;4264;1285279604
-123.781796;88;122;4264;1285305884
-123.759581;95;126;4264;1285328099
-123.732183;92;124;4264;1285355497
-123.703086;85;120;4261;1285384594
-123.680641;110;136;4261;1285407039
-123.657866;110;136;4259;1285429814
-123.632434;105;133;4265;1285455246
-123.603444;97;128;4263;1285484236
-123.579512;67;106;4263;1285508168
-123.551404;40;82;4263;1285536276
-123.502135;13;46;4263;1285585545
-123.470329;37;79;4264;1285617351
-123.442529;27;67;4261;1285645151
-123.391463;22;61;4264;1285696217
-123.365793;13;46;4261;1285721887
-123.339991;78;114;4264;1285747689
-123.317840;45;87;4264;1285769840
-123.293687;47;89;4263;1285793993
-123.272706;80;116;4261;1285814974
-123.249988;58;99;4264;1285837692
-123.221644;47;89;4263;1285866036
-123.168789;18;55;4262;1285918891
-123.146477;5;29;4261;1285941203
-123.097690;-10;0;4261;1285989990
-123.076106;-43;0;4262;1286011574
-123.052399;-37;0;4262;1286035281
-123.026837;-13;0;4262;1286060843
-122.991009;-18;0;4261;1286096671
-122.951920;-43;0;4263;1286135760
-122.927572;-53;0;4262;1286160108
-122.902628;-62;0;4264;1286185052
-122.878929;-68;0;4264;1286208751
-122.850853;-30;0;4264;1286236827
-122.801020;-77;0;4263;1286286660
-122.779098;-83;0;4263;1286308582
-122.752544;-53;0;4265;1286335136
-122.729601;-22;0;4265;1286358079
-122.691875;-12;0;4266;1286395805
-122.668327;-67;0;4266;1286419353
-122.641131;-85;0;4263;1286446549
-122.580982;-97;0;4265;1286506698
-122.559109;-98;0;4265;1286528571
-122.462545;-127;0;4260;1286625135
-122.441791;-155;0;4263;1286645889
-122.420158;-162;0;4267;1286667522
-122.398951;-150;0;4264;1286688729
-122.375644;-147;0;4263;1286712036
-122.350304;-135;0;4260;1286737376
-122.270572;-137;0;4261;1286817108
-122.249604;-102;0;4266;1286838076
-122.201608;-105;0;4265;1286886072
-122.176745;-103;0;4262;1286910935
-122.150317;-102;0;4263;1286937363
-122.124430;-107;0;4264;1286963250
-122.082714;-87;0;4263;1287004966
-122.057012;-70;0;4264;1287030668
-122.030932;-7;0;4265;1287056748
-122.006909;17;53;4265;1287080771
-121.981921;15;50;4267;1287105759
-121.951762;5;29;4262;1287135918
-121.926269;12;45;4263;1287161411
-121.867879;18;55;4266;1287219801
-121.831801;42;84;4258;1287255879
-121.802173;73;111;4261;1287285507
-121.779349;63;103;4261;1287308331
-121.752252;52;93;4264;1287335428
-121.727625;68;107;4264;1287360055
-121.693588;52;93;4264;1287394092
-121.670185;20;58;4264;1287417495
-121.618981;63;103;4264;1287468699
-121.589387;90;123;4267;1287498293
-121.566576;70;108;4267;1287521104
-121.544113;50;92;4261;1287543567
-121.498407;15;50;4263;1287589273
-121.476977;35;77;4262;1287610703
-121.449638;120;142;4262;1287638042
-121.428708;115;139;4262;1287658972
-121.401297;55;96;4264;1287686383
-121.379479;33;74;4264;1287708201
-121.332715;-17;0;4260;1287754965
-121.308036;-7;0;4263;1287779644
-121.282461;20;58;4262;1287805219
-121.260340;30;71;4262;1287827340
-121.212222;103;132;4265;1287875458
-121.180480;135;151;4263;1287907200
-121.131269;187;178;4264;1287956411
-121.105600;170;169;4264;1287982080
-121.081184;125;145;4264;1288006496
-121.030841;172;170;4262;1288056839
-121.009272;183;176;4262;1288078408
-120.981503;188;178;4265;1288106177
-120.953471;213;190;4265;1288134209
-120.902591;327;235;4261;1288185089
-120.879523;335;238;4267;1288208157
-120.852002;327;235;4264;1288235678
-120.831118;317;231;4264;1288256562
-120.765837;302;226;4263;1288321843
-120.741806;298;224;4263;1288345874
-120.714852;275;215;4262;1288372828
-120.691883;268;213;4262;1288395797
-120.669834;262;210;4263;1288417846
-120.647220;250;205;4263;1288440460
-120.602193;188;178;4259;1288485487
-120.577152;173;171;4265;1288510528
-120.552703;177;173;4264;1288534977
-120.525731;165;167;4263;1288561949
-120.501237;155;162;4263;1288586443
-120.477812;143;155;4261;1288609868
-120.451343;133;150;4267;1288636337
-120.428643;135;151;4267;1288659037
-120.374762;135;151;4262;1288712918
-120.348026;113;138;4261;1288739654
-120.318903;132;149;4261;1288768777
-120.282141;147;157;4263;1288805539
-120.258368;143;155;4263;1288829312
-120.201510;162;165;4263;1288886170
-120.178871;200;184;4263;1288908809
-120.150894;178;173;4265;1288936786
-120.129531;153;161;4265;1288958149
-120.099568;125;145;4261;1288988112
-120.078687;92;124;4261;1289008993
-120.051629;75;112;4259;1289036051
-120.029752;58;99;4259;1289057928
-119.991839;8;36;4264;1289095841
-119.942560;-68;0;4264;1289145120
-119.900829;-38;0;4265;1289186851
-119.878046;-25;0;4265;1289209634
-119.850928;32;73;4262;1289236752
-119.826191;93;125;4262;1289261489
-119.769510;198;183;4262;1289318170
-119.747711;203;185;4263;1289339969
-119.725655;193;180;4260;1289362025
-119.671182;220;193;4264;1289416498
-119.650198;222;193;4264;1289437482
-119.626848;243;202;4263;1289460832
-119.570053;210;188;4261;1289517627
-119.532294;187;178;4266;1289555386
-119.440451;162;165;4263;1289647229
-119.401342;38;80;4261;1289686338
-119.377236;12;45;4266;1289710444
-119.349446;32;73;4261;1289738234
-119.302370;-20;0;4264;1289785310
-119.280314;-65;0;4261;1289807366
-119.250785;-20;0;4267;1289836895
-119.228939;23;62;4267;1289858741
-119.191906;-13;0;4261;1289895774
-119.167980;70;108;4261;1289919700
-119.142769;322;233;4264;1289944911
-119.119375;388;256;4261;1289968305
-119.098140;213;190;4265;1289989540
-119.046569;50;92;4268;1290041111
-118.999912;37;79;4259;1290087768
-118.978316;-17;0;4263;1290109364
-118.952254;43;85;4263;1290135426
-118.931678;78;114;4263;1290156002
-118.902533;75;112;4261;1290185147
-118.855328;85;120;4264;1290232352
-118.829767;112;137;4260;1290257913
-118.802760;95;126;4262;1290284920
-118.777064;150;159;4266;1290310616
-118.750534;150;159;4263;1290337146
-118.728339;112;137;4263;1290359341
-118.702472;173;171;4259;1290385208
-118.679057;180;174;4259;1290408623
-118.657152;138;152;4261;1290430528
-118.613125;32;73;4261;1290474555
-118.567779;-107;0;4265;1290519901
-118.541200;52;93;4265;1290546480
-118.510413;12;45;4265;1290577267
-118.489260;42;84;4265;1290598420
-118.461310;83;118;4262;1290626370
-118.431662;117;140;4261;1290656018
-118.401428;140;154;4267;1290686252
-118.376628;157;163;4267;1290711052
-118.330499;217;191;4266;1290757181
-118.292078;233;198;4264;1290795602
-118.267429;250;205;4264;1290820251
-118.245951;285;219;4263;1290841729
-118.212262;335;238;4267;1290875418
-118.135158;223;194;4261;1290952522
-118.110117;277;216;4261;1290977563
-118.067553;342;240;4267;1291020127
-118.044008;295;223;4264;1291043672
-117.968189;290;221;4267;1291119491
-117.942569;310;229;4264;1291145111
-117.912521;322;233;4260;1291175159
-117.889174;350;243;4260;1291198506
-117.832481;433;270;4265;1291255199
-117.809265;420;266;4265;1291278415
-117.780506;497;290;4262;1291307174
-117.708430;532;300;4264;1291379250
-117.665956;488;287;4262;1291421724
-117.645538;480;285;4263;1291442142
-117.589994;448;275;4266;1291497686
-117.567667;427;269;4266;1291520013
-117.543241;420;266;4263;1291544439
-117.513553;410;263;4264;1291574127
-117.489888;402;261;4264;1291597792
-117.460034;368;249;4262;1291627646
-117.427558;368;249;4264;1291660122
-117.402435;353;244;4265;1291685245
-117.377555;328;235;4265;1291710125
-117.349426;280;217;4264;1291738254
-117.326493;280;217;4264;1291761187
-117.279508;270;213;4265;1291808172
-117.250463;227;196;4261;1291837217
-117.222660;168;168;4264;1291865020
-117.199473;130;148;4264;1291888207
-117.178487;112;137;4264;1291909193
-117.153994;102;131;4266;1291933686
-117.132818;78;114;4263;1291954862
-117.111483;88;122;4262;1291976197
-117.064786;50;92;4262;1292022894
-117.043538;55;96;4265;1292044142
-117.021152;53;94;4263;1292066528
-116.968539;80;116;4259;1292119141
-116.941792;95;126;4262;1292145888
-116.913452;135;151;4263;1292174228
-116.846802;130;148;4261;1292240878
-116.769734;138;152;4263;1292317946
-116.742656;112;137;4264;1292345024
-116.683389;115;139;4262;1292404291
-116.659903;62;102;4262;1292427777
-116.626456;10;41;4262;1292461224
-116.597372;55;96;4264;1292490308
-116.575968;73;111;4264;1292511712
-116.552257;52;93;4263;1292535423
-116.529854;87;121;4263;1292557826
-116.471355;50;92;4264;1292616325
-116.448445;8;36;4268;1292639235
-116.426916;-32;0;4260;1292660764
-116.377668;-13;0;4262;1292710012
-116.351461;27;67;4266;1292736219
-116.326720;25;65;4266;1292760960
-116.267759;28;68;4263;1292819921
-116.246504;-85;0;4263;1292841176
-116.212206;-47;0;4262;1292875474
-116.162095;-50;0;4263;1292925585
-116.140696;-83;0;4263;1292946984
-116.114652;-50;0;4265;1292973028
-116.083186;-88;0;4263;1293004494
-116.059479;-102;0;4263;1293028201
-116.035743;-73;0;4263;1293051937
-116.012202;-73;0;4266;1293075478
-115.987695;-57;0;4266;1293099985
-115.943480;-37;0;4265;1293144200
-115.912947;38;80;4266;1293174733
-115.882362;37;79;4261;1293205318
-115.859616;55;96;4261;1293228064
-115.836742;65;104;4265;1293250938
-115.812482;62;102;4263;1293275198
-115.753521;-53;0;4263;1293334159
-115.727424;-27;0;4261;1293360256
-115.702495;-48;0;4261;1293385185
-115.680666;-68;0;4263;1293407014
-115.651378;-97;0;4262;1293436302
-115.630650;-110;0;4262;1293457030
-115.602776;-127;0;4262;1293484904
-115.581103;-137;0;4262;1293506577
-115.531022;-98;0;4259;1293556658
-115.500258;-43;0;4265;1293587422
-115.477797;-87;0;4265;1293609883
-115.451327;5;29;4265;1293636353
-115.429875;28;68;4265;1293657805
-115.398240;2;18;4263;1293689440
-115.375721;-47;0;4263;1293711959
-115.350088;45;87;4265;1293737592
-115.328790;33;74;4265;1293758890
-115.299761;12;45;4263;1293787919
-115.276433;-52;0;4263;1293811247
-115.250850;-33;0;4261;1293836830
-115.226113;-20;0;4261;1293861567
-115.202085;7;34;4263;1293885595
-115.178550;5;29;4265;1293909130
-115.143343;-127;0;4263;1293944337
-115.102027;-57;0;4261;1293985653
-115.059942;42;84;4265;1294027738
-115.031712;75;112;4261;1294055968
-115.002673;-60;0;4261;1294085007
-114.979061;-192;0;4261;1294108619
-114.957646;-290;0;4265;1294130034
-114.933044;-262;0;4262;1294154636
-114.901762;-213;0;4261;1294185918
-114.879799;-202;0;4261;1294207881
-114.801604;-408;0;4264;1294286076
-114.780753;-358;0;4264;1294306927
-114.732843;-215;0;4264;1294354837
-114.709026;-225;0;4264;1294378654
-114.681136;-242;0;4265;1294406544
-114.614907;-152;0;4263;1294472773
-114.588107;-170;0;4269;1294499573
-114.564629;-187;0;4269;1294523051
-114.540907;-147;0;4266;1294546773
-114.512483;-95;0;4261;1294575197
-114.482692;-83;0;4264;1294604988
-114.451710;-153;0;4263;1294635970
-114.426489;-143;0;4263;1294661191
-114.400973;-165;0;4266;1294686707
-114.366130;-145;0;4264;1294721550
-114.342325;-142;0;4264;1294745355
-114.313295;-122;0;4263;1294774385
-114.283250;-38;0;4267;1294804430
-114.253462;-18;0;4265;1294834218
-114.227654;-5;0;4265;1294860026
-114.203141;-42;0;4265;1294884539
-114.180300;-63;0;4264;1294907380
-114.131825;-117;0;4261;1294955855
-114.101468;-150;0;4262;1294986212
-114.079667;-98;0;4262;1295008013
-114.050835;-50;0;4262;1295036845
-114.026361;3;22;4262;1295061319
-114.001008;-28;0;4265;1295086672
-113.975453;-10;0;4263;1295112227
-113.952428;-8;0;4263;1295135252
-113.931091;-58;0;4265;1295156589
-113.901092;-55;0;4265;1295186588
-113.876294;-85;0;4265;1295211386
-113.842708;-150;0;4264;1295244972
-113.807092;-180;0;4260;1295280588
-113.781809;-170;0;4260;1295305871
-113.732201;-163;0;4264;1295355479
-113.703373;-123;0;4266;1295384307
-113.653292;-185;0;4263;1295434388
-113.625181;-153;0;4262;1295462499
-113.602490;-133;0;4262;1295485190
-113.580473;-92;0;4263;1295507207
-113.551099;-88;0;4266;1295536581
-113.527514;-113;0;4266;1295560166
-113.457057;-78;0;4267;1295630623
-113.432512;-98;0;4267;1295655168
-113.411120;-80;0;4264;1295676560
-113.383202;-77;0;4266;1295704478
-113.330025;-133;0;4263;1295757655
-113.302818;-145;0;4266;1295784862
-113.280995;-162;0;4266;1295806685
-113.232113;-97;0;4265;1295855567
-113.163495;-117;0;4265;1295924185
-113.140737;-122;0;4261;1295946943
-113.097390;-133;0;4265;1295990290
-113.073798;-85;0;4263;1296013882
-113.044471;-72;0;4264;1296043209
-113.002698;-57;0;4263;1296084982
-112.979829;-45;0;4263;1296107851
-112.953917;45;87;4263;1296133763
-112.930509;27;67;4263;1296157171
-112.902686;-73;0;4263;1296184994
-112.880853;-73;0;4263;1296206827
-112.836741;-115;0;4265;1296250939
-112.791762;-95;0;4261;1296295918
-112.767281;-112;0;4261;1296320399
-112.739631;-150;0;4265;1296348049
-112.718690;-40;0;4265;1296368990
-112.670700;-148;0;4263;1296416980
-112.642523;-102;0;4265;1296445157
-112.613732;-213;0;4265;1296473948
-112.591586;-252;0;4265;1296496094
-112.569795;-172;0;4265;1296517885
-112.542906;-153;0;4263;1296544774
-112.513566;-182;0;4263;1296574114
-112.482635;-190;0;4263;1296605045
-112.460071;-177;0;4263;1296627609
-112.431690;-163;0;4261;1296655990
-112.402789;-47;0;4261;1296684891
-112.376078;-120;0;4263;1296711602
-112.296588;3;22;4262;1296791092
-112.274855;25;65;4262;1296812825
-112.249329;-2;0;4264;1296838351
-112.223697;-37;0;4265;1296863983
-112.169526;-82;0;4263;1296918154
-112.141181;-103;0;4262;1296946499
-112.116879;-98;0;4262;1296970801
-112.095814;-210;0;4265;1296991866
-112.073487;-268;0;4264;1297014193
-112.048474;-263;0;4265;1297039206
-112.026952;-307;0;4267;1297060728
-112.001945;-365;0;4261;1297085735
-111.978484;-310;0;4262;1297109196
-111.915450;-252;0;4266;1297172230
-111.889017;-198;0;4265;1297198663
-111.866720;-92;0;4265;1297220960
-111.840572;-122;0;4265;1297247108
-111.813700;-117;0;4263;1297273980
-111.783289;-203;0;4261;1297304391
-111.726776;5;29;4263;1297360904
-111.698489;77;114;4263;1297389191
-111.674123;15;50;4263;1297413557
-111.651974;-68;0;4267;1297435706
-111.627357;-388;0;4264;1297460323
-111.603080;-528;0;4265;1297484600
-111.579338;-463;0;4261;1297508342
-111.502650;-500;0;4262;1297585030
-111.455562;-600;0;4267;1297632118
-111.421591;-793;0;4261;1297666089
-111.400376;-745;0;4261;1297687304
-111.376201;-598;0;4262;1297711479
-111.353782;-538;0;4267;1297733898
-111.332373;-515;0;4267;1297755307
-111.310901;-550;0;4264;1297776779
-111.277890;-592;0;4266;1297809790
-111.230671;-618;0;4265;1297857009
-111.201241;-577;0;4266;1297886439
-111.177608;-540;0;4266;1297910072
-111.149310;-492;0;4265;1297938370
-111.128759;-458;0;4265;1297958921
-111.106307;-400;0;4265;1297981373
-111.082780;-420;0;4265;1298004900
-111.025747;-517;0;4263;1298061933
-111.002572;-547;0;4263;1298085108
-110.980152;-573;0;4265;1298107528
-110.950279;-527;0;4265;1298137401
-110.929242;-455;0;4265;1298158438
-110.900854;-343;0;4265;1298186826
-110.872067;-478;0;4267;1298215613
-110.846627;-472;0;4267;1298241053
-110.822690;-510;0;4263;1298264990
-110.770629;-372;0;4264;1298317051
-110.742185;-232;0;4265;1298345495
-110.713318;-175;0;4264;1298374362
-110.667419;-273;0;4263;1298420261
-110.640986;-187;0;4263;1298446694
-110.613609;-160;0;4265;1298474071
-110.538896;-113;0;4262;1298548784
-110.503499;-72;0;4266;1298584181
-110.479449;-80;0;4266;1298608231
-110.452645;-148;0;4261;1298635035
-110.369186;-158;0;4265;1298718494
-110.331807;-322;0;4264;1298755873
-110.307785;-318;0;4264;1298779895
-110.277905;-275;0;4263;1298809775
-110.234289;-322;0;4263;1298853391
-110.210945;-465;0;4265;1298876735
-110.161868;-555;0;4264;1298925812
-110.139907;-488;0;4264;1298947773
-110.092872;-413;0;4261;1298994808
-110.063183;-405;0;4261;1299024497
-110.040616;-485;0;4261;1299047064
-110.012875;-560;0;4262;1299074805
-109.988424;-582;0;4262;1299099256
-109.965136;-422;0;4263;1299122544
-109.942068;-352;0;4266;1299145612
-109.912085;-255;0;4264;1299175595
-109.863262;-202;0;4267;1299224418
-109.833636;-225;0;4267;1299254044
-109.811285;-187;0;4267;1299276395
-109.783136;-175;0;4263;1299304544
-109.759999;-188;0;4263;1299327681
-109.733255;-133;0;4265;1299354425
-109.710413;-73;0;4265;1299377267
-109.653451;-130;0;4265;1299434229
-109.628143;-142;0;4262;1299459537
-109.607531;-55;0;4262;1299480149
-109.579920;-8;0;4267;1299507760
-109.557305;15;50;4267;1299530375
-109.525740;-7;0;4267;1299561940
-109.496897;-118;0;4265;1299590783
-109.473550;-175;0;4265;1299614130
-109.450221;-130;0;4267;1299637459
-109.429557;-135;0;4266;1299658123
-109.370576;-295;0;4265;1299717104
-109.347502;-338;0;4267;1299740178
-109.326273;-370;0;4265;1299761407
-109.269466;-288;0;4265;1299818214
-109.248496;-263;0;4261;1299839184
-109.225441;-217;0;4267;1299862239
-109.183376;-160;0;4265;1299904304
-109.160190;-140;0;4265;1299927490
-109.136934;-163;0;4265;1299950746
-109.113566;-258;0;4263;1299974114
-109.088559;-207;0;4266;1299999121
-109.062975;-137;0;4269;1300024705
-109.042124;-250;0;4269;1300045556
-109.013005;-405;0;4266;1300074675
-108.986607;-413;0;4263;1300101073
-108.959954;-370;0;4261;1300127726
-108.903232;-312;0;4266;1300184448
-108.879880;-358;0;4264;1300207800
-108.851604;-417;0;4267;1300236076
-108.830417;-408;0;4267;1300257263
-108.779924;-532;0;4263;1300307756
-108.748666;-568;0;4263;1300339014
-108.726336;-537;0;4263;1300361344
-108.701479;-455;0;4266;1300386201
-108.677820;-373;0;4263;1300409860
-108.651888;-327;0;4265;1300435792
-108.629630;-440;0;4265;1300458050
-108.603040;-480;0;4263;1300484640
-108.581506;-390;0;4263;1300506174
-108.559065;-300;0;4265;1300528615
-108.531705;-432;0;4267;1300555975
-108.507937;-335;0;4267;1300579743
-108.486119;-243;0;4266;1300601561
-108.460901;-415;0;4263;1300626779
-108.439665;-432;0;4268;1300648015
-108.412080;-447;0;4264;1300675600
-108.382989;-470;0;4265;1300704691
-108.310407;-428;0;4266;1300777273
-108.285198;-545;0;4259;1300802482
-108.263449;-438;0;4259;1300824231
-108.240209;-565;0;4268;1300847471
-108.210756;-470;0;4265;1300876924
-108.182215;-458;0;4264;1300905465
-108.132048;-318;0;4263;1300955632
-108.102925;-277;0;4264;1300984755
-108.080357;-258;0;4264;1301007323
-108.031598;-220;0;4264;1301056082
-108.006821;-178;0;4264;1301080859
-107.982462;-187;0;4267;1301105218
-107.961002;-187;0;4264;1301126678
-107.913166;-192;0;4267;1301174514
-107.889035;-195;0;4267;1301198645
-107.863687;-160;0;4261;1301223993
-107.841310;-180;0;4261;1301246370
-107.818643;-185;0;4264;1301269037
-107.781802;-362;0;4262;1301305878
-107.757302;-363;0;4262;1301330378
-107.727714;-438;0;4266;1301359966
-107.700791;-547;0;4265;1301386889
-107.669533;-543;0;4264;1301418147
-107.647186;-455;0;4261;1301440494
-107.623953;-427;0;4265;1301463727
-107.602715;-565;0;4262;1301484965
-107.580691;-530;0;4267;1301506989
-107.556404;-458;0;4266;1301531276
-107.524418;-392;0;4261;1301563262
-107.502787;-443;0;4264;1301584893
-107.480510;-408;0;4267;1301607170
-107.432731;-463;0;4263;1301654949
-107.390241;-427;0;4265;1301697439
-107.368560;-380;0;4265;1301719120
-107.332624;-385;0;4268;1301755056
-107.298826;-363;0;4262;1301788854
-107.275157;-405;0;4262;1301812523
-107.252300;-397;0;4263;1301835380
-107.228274;-385;0;4262;1301859406
-107.197393;-352;0;4265;1301890287
-107.172919;-350;0;4265;1301914761
-107.143344;-358;0;4264;1301944336
-107.115045;-357;0;4263;1301972635
-107.083482;-290;0;4262;1302004198
-107.059422;-285;0;4263;1302028258
-107.031996;-347;0;4264;1302055684
-107.007839;-243;0;4264;1302079841
-106.955324;-132;0;4265;1302132356
-106.924912;-218;0;4267;1302162768
-106.869844;-452;0;4263;1302217836
-106.848500;-492;0;4265;1302239180
-106.811528;-460;0;4265;1302276152
-106.789042;-412;0;4265;1302298638
-106.761255;-285;0;4262;1302326425
-106.739550;-198;0;4262;1302348130
-106.711568;-263;0;4266;1302376112
-106.682489;-143;0;4265;1302405191
-106.643654;-262;0;4263;1302444026
-106.613645;-277;0;4265;1302474035
-106.583631;-315;0;4266;1302504049
-106.530640;-323;0;4262;1302557040
-106.463608;-260;0;4265;1302624072
-106.440524;-292;0;4265;1302647156
-106.413268;-250;0;4266;1302674412
-106.383472;-220;0;4263;1302704208
-106.359435;-225;0;4263;1302728245
-106.333037;-272;0;4264;1302754643
-106.303875;-310;0;4266;1302783805
-106.279631;-268;0;4266;1302808049
-106.251624;-250;0;4269;1302836056
-106.228047;-192;0;4269;1302859633
-106.168186;-135;0;4267;1302919494
-106.140686;-120;0;4263;1302946994
-106.118859;-85;0;4263;1302968821
-106.045572;-75;0;4261;1303042108
-106.020842;-17;0;4265;1303066838
-105.969010;-150;0;4261;1303118670
-105.945935;-60;0;4267;1303141745
-105.922534;-2;0;4265;1303165146
-105.899417;22;61;4267;1303188263
-105.875636;-57;0;4268;1303212044
-105.850745;-78;0;4265;1303236935
-105.827771;-188;0;4263;1303259909
-105.802679;-192;0;4264;1303285001
-105.778621;-305;0;4267;1303309059
-105.756113;-402;0;4263;1303331567
-105.728068;-373;0;4263;1303359612
-105.701625;-212;0;4262;1303386055
-105.676284;-223;0;4267;1303411396
-105.631843;-238;0;4266;1303455837
-105.610133;-232;0;4266;1303477547
-105.589128;-443;0;4263;1303498552
-105.568072;-400;0;4263;1303519608
-105.546559;-338;0;4264;1303541121
-105.524624;-410;0;4261;1303563056
-105.502122;-515;0;4265;1303585558
-105.481350;-482;0;4267;1303606330
-105.402170;-587;0;4264;1303685510
-105.379842;-395;0;4263;1303707838
-105.351038;-183;0;4263;1303736642
-105.299686;-273;0;4267;1303787994
-105.267505;-238;0;4265;1303820175
-105.237785;-73;0;4265;1303849895
-105.173576;-162;0;4265;1303914104
-105.149938;-105;0;4265;1303937742
-105.129215;-110;0;4265;1303958465
-105.103202;-60;0;4263;1303984478
-105.081753;-135;0;4263;1304005927
-105.031763;-207;0;4265;1304055917
-105.010498;-237;0;4265;1304077182
-104.984879;-215;0;4267;1304102801
-104.956960;-212;0;4262;1304130720
-104.927625;-273;0;4265;1304160055
-104.903329;-365;0;4265;1304184351
-104.880693;-260;0;4265;1304206987
-104.851270;-258;0;4267;1304236410
-104.829930;-250;0;4267;1304257750
-104.803312;-230;0;4264;1304284368
-104.757814;-15;0;4265;1304329866
-104.732397;18;55;4266;1304355283
-104.707952;-167;0;4266;1304379728
-104.680899;-247;0;4265;1304406781
-104.653039;-310;0;4267;1304434641
-104.620148;-367;0;4265;1304467532
-104.569403;-522;0;4262;1304518277
-104.543209;-478;0;4266;1304544471
-104.513096;-502;0;4264;1304574584
-104.483924;-510;0;4266;1304603756
-104.459670;-537;0;4266;1304628010
-104.425748;-462;0;4266;1304661932
-104.392879;-338;0;4263;1304694801
-104.367594;-298;0;4263;1304720086
-104.327799;-300;0;4267;1304759881
-104.302875;-268;0;4267;1304784805
-104.281581;-337;0;4265;1304806099
-104.258173;-330;0;4261;1304829507
-104.237452;-287;0;4267;1304850228
-104.216349;-200;0;4263;1304871331
-104.170021;-25;0;4262;1304917659
-104.146720;168;168;4265;1304940960
-104.122735;-8;0;4264;1304964945
-104.097238;-242;0;4269;1304990442
-104.073629;-355;0;4269;1305014051
-104.051525;-265;0;4267;1305036155
-104.030557;-107;0;4262;1305057123
-103.993503;-350;0;4266;1305094177
-103.963813;-417;0;4266;1305123867
-103.932684;-373;0;4265;1305154996
-103.893345;-273;0;4266;1305194335
-103.839695;-298;0;4264;1305247985
-103.812902;-450;0;4266;1305274778
-103.783423;-353;0;4262;1305304257
-103.759859;-312;0;4262;1305327821
-103.731756;-243;0;4264;1305355924
-103.701726;-253;0;4266;1305385954
-103.679604;-290;0;4266;1305408076
-103.650891;-342;0;4265;1305436789
-103.563705;-255;0;4265;1305523975
-103.541134;-238;0;4265;1305546546
-103.511665;-328;0;4271;1305576015
-103.462958;-322;0;4267;1305624722
-103.425708;-247;0;4268;1305661972
-103.393506;-243;0;4266;1305694174
-103.303796;-180;0;4263;1305783884
-103.281867;-95;0;4265;1305805813
-103.252173;-222;0;4265;1305835507
-103.227729;-212;0;4265;1305859951
-103.169388;-282;0;4262;1305918292
-103.140342;-270;0;4266;1305947338
-103.117137;-313;0;4266;1305970543
-103.094660;-322;0;4271;1305993020
-103.073166;-313;0;4265;1306014514
-103.050498;-232;0;4262;1306037182
-103.029454;-147;0;4265;1306058226
-102.981572;-212;0;4265;1306106108
-102.953067;-228;0;4266;1306134613
-102.929974;-322;0;4266;1306157706
-102.908411;-412;0;4265;1306179269
-102.881593;-358;0;4265;1306206087
-102.833233;-432;0;4267;1306254447
-102.804306;-470;0;4263;1306283374
-102.780231;-440;0;4263;1306307449
-102.732988;-252;0;4265;1306354692
-102.704497;-298;0;4265;1306383183
-102.681811;-372;0;4265;1306405869
-102.659493;-243;0;4264;1306428187
-102.633820;-372;0;4263;1306453860
-102.584061;-278;0;4264;1306503619
-102.561341;-332;0;4264;1306526339
-102.538029;-397;0;4265;1306549651
-102.513755;-408;0;4269;1306573925
-102.484117;-512;0;4266;1306603563
-102.460267;-472;0;4266;1306627413
-102.432906;-407;0;4268;1306654774
-102.403612;-438;0;4267;1306684068
-102.380816;-453;0;4267;1306706864
-102.350989;-417;0;4265;1306736691
-102.326063;-427;0;4265;1306761617
-102.301931;-330;0;4267;1306785749
-102.275855;-352;0;4262;1306811825
-102.250039;-310;0;4264;1306837641
-102.226655;-298;0;4264;1306861025
-102.201962;-257;0;4264;1306885718
-102.141341;-218;0;4267;1306946339
-102.113684;-203;0;4263;1306973996
-102.091372;-218;0;4263;1306996308
-102.068672;-238;0;4267;1307019008
-102.041295;-223;0;4263;1307046385
-101.997783;-248;0;4269;1307089897
-101.975465;-233;0;4264;1307112215
-101.947222;-210;0;4267;1307140458
-101.917931;-205;0;4268;1307169749
-101.892159;-222;0;4265;1307195521
-101.863575;-262;0;4263;1307224105
-101.833935;-302;0;4266;1307253745
-101.804311;-288;0;4261;1307283369
-101.781821;-275;0;4261;1307305859
-101.702014;-305;0;4266;1307385666
-101.680525;-298;0;4266;1307407155
-101.654516;-270;0;4265;1307433164
-101.627551;-275;0;4263;1307460129
-101.570838;-288;0;4264;1307516842
-101.549205;-280;0;4265;1307538475
-101.521575;-242;0;4268;1307566105
-101.482525;-443;0;4264;1307605155
-101.457729;-387;0;4264;1307629951
-101.431462;-282;0;4267;1307656218
-101.401048;-257;0;4265;1307686632
-101.379866;-333;0;4265;1307707814
-101.327710;-307;0;4265;1307759970
-101.301312;-310;0;4267;1307786368
-101.253723;-373;0;4262;1307833957
-101.226088;-378;0;4263;1307861592
-101.191622;-527;0;4267;1307896058
-101.169797;-508;0;4267;1307917883
-101.144290;-442;0;4267;1307943390
-101.122260;-442;0;4267;1307965420
-101.100853;-377;0;4266;1307986827
-101.078057;-455;0;4268;1308009623
-101.051592;-407;0;4265;1308036088
-101.029710;-423;0;4265;1308057970
-100.969618;-365;0;4264;1308118062
-100.942252;-320;0;4261;1308145428
-100.919983;-415;0;4261;1308167697
-100.893451;-528;0;4267;1308194229
-100.870963;-407;0;4267;1308216717
-100.813494;-285;0;4263;1308274186
-100.763615;-207;0;4268;1308324065
-100.735341;-153;0;4266;1308352339
-100.704157;-160;0;4265;1308383523
-100.681856;-180;0;4265;1308405824
-100.652295;-323;0;4265;1308435385
-100.624413;-390;0;4263;1308463267
-100.594241;-310;0;4268;1308493439
-100.567891;-332;0;4265;1308519789
-100.540340;-340;0;4264;1308547340
-100.519798;-300;0;4264;1308567882
-100.484164;-342;0;4267;1308603516
-100.461006;-417;0;4267;1308626674
-100.434027;-353;0;4266;1308653653
-100.404244;-272;0;4266;1308683436
-100.354029;-240;0;4269;1308733651
-100.320194;-428;0;4267;1308767486
-100.292372;-390;0;4264;1308795308
-100.263657;-275;0;4265;1308824023
-100.239341;-240;0;4265;1308848339
-100.211749;-405;0;4264;1308875931
-100.187959;-383;0;4264;1308899721
-100.166910;-422;0;4265;1308920770
-100.139612;-267;0;4266;1308948068
-100.116479;-63;0;4266;1308971201
-100.095432;-70;0;4266;1308992248
-100.074243;-550;0;4262;1309013437
-100.050841;-482;0;4263;1309036839
-100.029623;-245;0;4267;1309058057
-100.003341;-250;0;4265;1309084339
-99.960878;-252;0;4266;1309126802
-99.928857;-412;0;4264;1309158823
-99.907558;-415;0;4267;1309180122
-99.861490;-428;0;4266;1309226190
-99.828325;-492;0;4267;1309259355
-99.803733;-500;0;4267;1309283947
-99.772426;-422;0;4267;1309315254
-99.745010;-378;0;4267;1309342670
-99.714199;-452;0;4269;1309373481
-99.687915;-488;0;4266;1309399765
-99.663406;-413;0;4266;1309424274
-99.634089;-310;0;4264;1309453591
-99.604311;-327;0;4264;1309483369
-99.580610;-333;0;4264;1309507070
-99.551540;-295;0;4267;1309536140
-99.481760;-208;0;4267;1309605920
-99.450802;-222;0;4263;1309636878
-99.411659;-273;0;4267;1309676021
-99.362279;-50;0;4265;1309725401
-99.341096;-127;0;4265;1309746584
-99.313162;-202;0;4265;1309774518
-99.261839;-218;0;4267;1309825841
-99.240267;-245;0;4267;1309847413
-99.213705;-253;0;4264;1309873975
-99.182363;-335;0;4269;1309905317
-99.153458;-233;0;4267;1309934222
-99.129418;-202;0;4267;1309958262
-99.102800;-287;0;4267;1309984880
-99.079103;-357;0;4267;1310008577
-99.027172;-375;0;4266;1310060508
-99.003080;-265;0;4266;1310084600
-98.981264;-130;0;4265;1310106416
-98.952729;-5;0;4265;1310134951
-98.930753;37;79;4265;1310156927
-98.907750;30;71;4267;1310179930
-98.885021;-87;0;4267;1310202659
-98.861043;20;58;4261;1310226637
-98.840698;57;98;4267;1310246982
-98.813646;20;58;4265;1310274034
-98.790557;7;34;4265;1310297123
-98.763779;118;141;4264;1310323901
-98.742001;88;122;4264;1310345679
-98.713904;258;209;4263;1310373776
-98.682127;418;266;4268;1310405553
-98.652707;115;139;4264;1310434973
-98.627601;12;45;4264;1310460079
-98.571317;-58;0;4266;1310516363
-98.547508;-63;0;4266;1310540172
-98.512819;-47;0;4266;1310574861
-98.463174;95;126;4266;1310624506
-98.441436;75;112;4266;1310646244
-98.415171;47;89;4265;1310672509
-98.383770;55;96;4266;1310703910
-98.360546;93;125;4266;1310727134
-98.294102;-128;0;4268;1310793578
-98.270826;8;36;4268;1310816854
-98.248389;118;141;4263;1310839291
-98.213310;123;144;4265;1310874370
-98.162104;100;130;4264;1310925576
-98.140894;115;139;4264;1310946786
-98.103816;48;90;4268;1310983864
-98.071852;15;50;4265;1311015828
-98.043316;-7;0;4267;1311044364
-98.014225;65;104;4266;1311073455
-97.984035;177;173;4266;1311103645
-97.961001;175;172;4266;1311126679
-97.931583;158;163;4267;1311156097
-97.903136;192;180;4263;1311184544
-97.879915;210;188;4263;1311207765
-97.853821;203;185;4264;1311233859
-97.830474;203;185;4264;1311257206
-97.802647;198;183;4265;1311285033
-97.779821;213;190;4265;1311307859
-97.732832;210;188;4268;1311354848
-97.686036;207;187;4265;1311401644
-97.662019;198;183;4265;1311425661
-97.639020;180;174;4266;1311448660
-97.609917;180;174;4269;1311477763
-97.587156;188;178;4269;1311500524
-97.563924;203;185;4265;1311523756
-97.532193;212;189;4267;1311555487
-97.510018;200;184;4269;1311577662
-97.468616;168;168;4265;1311619064
-97.444755;162;165;4267;1311642925
-97.420102;162;165;4267;1311667578
-97.395408;178;173;4266;1311692272
-97.371118;195;181;4267;1311716562
-97.348585;213;190;4267;1311739095
-97.325899;197;182;4262;1311761781
-97.303142;178;173;4265;1311784538
-97.281677;170;169;4269;1311806003
-97.206072;205;186;4265;1311881608
-97.183362;230;197;4266;1311904318
-97.161818;235;199;4265;1311925862
-97.132744;210;188;4265;1311954936
-97.110205;190;179;4265;1311977475
-97.083060;170;169;4266;1312004620
-97.061635;165;167;4266;1312026045
-97.002806;202;185;4262;1312084874
-96.978900;203;185;4263;1312108780
-96.956251;203;185;4267;1312131429
-96.921123;253;207;4269;1312166557
-96.891333;260;209;4264;1312196347
-96.869658;218;192;4264;1312218022
-96.848091;235;199;4264;1312239589
-96.802985;248;205;4264;1312284695
-96.778824;248;205;4264;1312308856
-96.753504;235;199;4267;1312334176
-96.731516;242;202;4264;1312356164
-96.703372;243;202;4264;1312384308
-96.680240;235;199;4264;1312407440
-96.629587;242;202;4265;1312458093
-96.600596;235;199;4265;1312487084
-96.577492;225;195;4265;1312510188
-96.552861;217;191;4266;1312534819
-96.502460;218;192;4264;1312585220
-96.479409;202;185;4265;1312608271
-96.452192;185;177;4269;1312635488
-96.427385;188;178;4269;1312660295
-96.401584;183;176;4264;1312686096
-96.363268;173;171;4267;1312724412
-96.332151;178;173;4266;1312755529
-96.304352;183;176;4265;1312783328
-96.281641;175;172;4265;1312806039
-96.254078;155;162;4261;1312833602
-96.231374;132;149;4261;1312856306
-96.203277;103;132;4268;1312884403
-96.181696;108;135;4268;1312905984
-96.150671;73;111;4267;1312937009
-96.128556;117;140;4267;1312959124
-96.103226;183;176;4264;1312984454
-96.080292;103;132;4267;1313007388
-96.050985;68;107;4267;1313036695
-96.030040;125;145;4267;1313057640
-96.002298;112;137;4267;1313085382
-95.981259;113;138;4267;1313106421
-95.933078;150;159;4264;1313154602
-95.901973;132;149;4267;1313185707
-95.878990;25;65;4267;1313208690
-95.850668;-35;0;4265;1313237012
-95.828436;-33;0;4265;1313259244
-95.800030;-50;0;4264;1313287650
-95.778163;-42;0;4264;1313309517
-95.733083;75;112;4268;1313354597
-95.702562;55;96;4266;1313385118
-95.680469;45;87;4266;1313407211
-95.652227;48;90;4269;1313435453
-95.630874;45;87;4269;1313456806
-95.569886;110;136;4262;1313517794
-95.524058;65;104;4263;1313563622
-95.500941;65;104;4268;1313586739
-95.478508;63;103;4265;1313609172
-95.450985;65;104;4265;1313636695
-95.427047;80;116;4265;1313660633
-95.392065;112;137;4267;1313695615
-95.363207;142;155;4268;1313724473
-95.333710;168;168;4266;1313753970
-95.302518;183;176;4267;1313785162
-95.280137;205;186;4264;1313807543
-95.250955;230;197;4267;1313836725
-95.229637;225;195;4267;1313858043
-95.201861;198;183;4266;1313885819
-95.180502;197;182;4266;1313907178
-95.151870;205;186;4261;1313935810
-95.130336;203;185;4261;1313957344
-95.079984;202;185;4267;1314007696
-95.050370;187;178;4267;1314037310
-95.029627;185;177;4267;1314058053
-95.003636;188;178;4266;1314084044
-94.981763;185;177;4266;1314105917
-94.902582;170;169;4267;1314185098
-94.879951;160;164;4265;1314207729
-94.851276;155;162;4266;1314236404
-94.829613;153;161;4266;1314258067
-94.802807;152;160;4268;1314284873
-94.780957;140;154;4268;1314306723
-94.752585;137;152;4268;1314335095
-94.729377;135;151;4268;1314358303
-94.703375;135;151;4267;1314384305
-94.682220;143;155;4267;1314405460
-94.636500;143;155;4262;1314451180
-94.610888;130;148;4269;1314476792
-94.582105;60;100;4264;1314505575
-94.556884;15;50;4264;1314530796
-94.530116;0;0;4265;1314557564
-94.501871;77;114;4266;1314585809
-94.479072;103;132;4266;1314608608
-94.431683;162;165;4269;1314655997
-94.403338;155;162;4265;1314684342
-94.381603;133;150;4265;1314706077
-94.353587;132;149;4265;1314734093
-94.331989;103;132;4265;1314755691
-94.303713;95;126;4263;1314783967
-94.277341;87;121;4269;1314810339
-94.241250;52;93;4267;1314846430
-94.188692;3;22;4265;1314898988
-94.165588;-38;0;4265;1314922092
-94.140953;-63;0;4267;1314946727
-94.118945;-83;0;4269;1314968735
-94.096923;-72;0;4266;1314990757
-94.072977;-85;0;4265;1315014703
-94.050877;-78;0;4265;1315036803
-93.993668;-83;0;4269;1315094012
-93.970985;-60;0;4269;1315116695
-93.946338;-62;0;4263;1315141342
-93.901770;-15;0;4268;1315185910
-93.878122;-43;0;4265;1315209558
-93.851849;-13;0;4263;1315235831
-93.829188;12;45;4263;1315258492
-93.780722;23;62;4262;1315306958
-93.749314;50;92;4266;1315338366
-93.725339;67;106;4263;1315362341
-93.703023;62;102;4266;1315384657
-93.677450;52;93;4264;1315410230
-93.651435;53;94;4268;1315436245
-93.626160;55;96;4267;1315461520
-93.601489;42;84;4267;1315486191
-93.578059;55;96;4265;1315509621
-93.551407;108;135;4267;1315536273
-93.527216;112;137;4267;1315560464
-93.503607;108;135;4263;1315584073
-93.476075;127;146;4265;1315611605
-93.449663;153;161;4265;1315638017
-93.418402;143;155;4265;1315669278
-93.392637;133;150;4267;1315695043
-93.351539;102;131;4267;1315736141
-93.329453;87;121;4267;1315758227
-93.303327;65;104;4264;1315784353
-93.280297;68;107;4264;1315807383
-93.251752;52;93;4265;1315835928
-93.229615;45;87;4265;1315858065
-93.203187;45;87;4264;1315884493
-93.179435;48;90;4264;1315908245
-93.131444;67;106;4269;1315956236
-93.107790;53;94;4267;1315979890
-93.080215;50;92;4265;1316007465
-93.059362;60;100;4265;1316028318
-93.032306;88;122;4266;1316055374
-93.003256;88;122;4265;1316084424
-92.953518;87;121;4265;1316134162
-92.929306;77;114;4265;1316158374
-92.900402;73;111;4265;1316187278
-92.877365;57;98;4265;1316210315
-92.854276;35;77;4263;1316233404
-92.831233;10;41;4267;1316256447
-92.810141;0;0;4270;1316277539
-92.787739;20;58;4267;1316299941
-92.765528;55;96;4267;1316322152
-92.742564;73;111;4265;1316345116
-92.692177;62;102;4267;1316395503
-92.671035;67;106;4267;1316416645
-92.643836;60;100;4264;1316443844
-92.570396;82;117;4263;1316517284
-92.531375;97;128;4269;1316556305
-92.507285;110;136;4264;1316580395
-92.483740;147;157;4265;1316603940
-92.459616;180;174;4266;1316628064
-92.433396;162;165;4265;1316654284
-92.411470;163;166;4265;1316676210
-92.385433;160;164;4263;1316702247
-92.363164;133;150;4263;1316724516
-92.341689;92;124;4266;1316745991
-92.311022;92;124;4269;1316776658
-92.261614;135;151;4267;1316826066
-92.232785;118;141;4267;1316854895
-92.207406;103;132;4267;1316880274
-92.181804;93;125;4263;1316905876
-92.155766;117;140;4267;1316931914
-92.118988;100;130;4265;1316968692
-92.095502;90;123;4265;1316992178
-92.073449;85;120;4269;1317014231
-92.048767;97;128;4263;1317038913
-92.027536;97;128;4267;1317060144
-92.003043;90;123;4265;1317084637
-91.979453;77;114;4264;1317108227
-91.930365;63;103;4265;1317157315
-91.899798;78;114;4265;1317187882
-91.876847;92;124;4265;1317210833
-91.853761;95;126;4267;1317233919
-91.831035;102;131;4269;1317256645
-91.803179;92;124;4265;1317284501
-91.778982;75;112;4265;1317308698
-91.732986;47;89;4269;1317354694
-91.690804;28;68;4263;1317396876
-91.660667;45;87;4269;1317427013
-91.637860;73;111;4269;1317449820
-91.613243;112;137;4265;1317474437
-91.554389;87;121;4264;1317533291
-91.527470;88;122;4268;1317560210
-91.492957;102;131;4265;1317594723
-91.469863;98;128;4265;1317617817
-91.444333;97;128;4269;1317643347
-91.413968;78;114;4263;1317673712
-91.363146;98;128;4263;1317724534
-91.342253;117;140;4263;1317745427
-91.314209;103;132;4264;1317773471
-91.240410;105;133;4263;1317847270
-91.213353;100;130;4263;1317874327
-91.190373;102;131;4263;1317897307
-91.163064;93;125;4265;1317924616
-91.140173;92;124;4265;1317947507
-91.113906;97;128;4269;1317973774
-91.068767;90;123;4267;1318018913
-91.032299;100;130;4265;1318055381
-91.002765;108;135;4265;1318084915
-90.979083;117;140;4265;1318108597
-90.901969;147;157;4267;1318185711
-90.878962;140;154;4267;1318208718
-90.833115;127;146;4265;1318254565
-90.805287;118;141;4269;1318282393
-90.781266;113;138;4269;1318306414
-90.759838;110;136;4268;1318327842
-90.733642;103;132;4266;1318354038
-90.709391;103;132;4266;1318378289
-90.682914;103;132;4264;1318404766
-90.661053;98;128;4264;1318426627
-90.633229;102;131;4267;1318454451
-90.603585;95;126;4265;1318484095
-90.579678;92;124;4265;1318508002
-90.502560;117;140;4263;1318585120
-90.478359;103;132;4268;1318609321
-90.405450;113;138;4267;1318682230
-90.378537;125;145;4266;1318709143
-90.332002;147;157;4265;1318755678
-90.309781;135;151;4265;1318777899
-90.278536;105;133;4267;1318809144
-90.232471;65;104;4264;1318855209
-90.204025;68;107;4266;1318883655
-90.178979;67;106;4266;1318908701
-90.151263;62;102;4267;1318936417
-90.129710;63;103;4267;1318957970
-90.100069;60;100;4264;1318987611
-90.077905;68;107;4264;1319009775
-90.053002;83;118;4265;1319034678
-90.027246;90;123;4265;1319060434
-90.002782;97;128;4265;1319084898
-89.950650;100;130;4264;1319137030
-89.929651;110;136;4264;1319158029
-89.903598;102;131;4267;1319184082
-89.878831;80;116;4267;1319208849
-89.851120;87;121;4264;1319236560
-89.829149;102;131;4264;1319258531
-89.808524;158;163;4264;1319279156
-89.782739;212;189;4263;1319304941
-89.759731;220;193;4263;1319327949
-89.731257;203;185;4266;1319356423
-89.703892;188;178;4268;1319383788
-89.681820;155;162;4268;1319405860
-89.660437;140;154;4269;1319427243
-89.633570;123;144;4266;1319454110
-89.612205;97;128;4266;1319475475
-89.586922;62;102;4267;1319500758
-89.563378;52;93;4267;1319524302
-89.519684;73;111;4265;1319567996
-89.497048;110;136;4265;1319590632
-89.475236;197;182;4266;1319612444
-89.449804;255;207;4267;1319637876
-89.427763;253;207;4267;1319659917
-89.400940;265;211;4263;1319686740
-89.378307;282;218;4263;1319709373
-89.353997;277;216;4265;1319733683
-89.332613;262;210;4265;1319755067
-89.302139;238;200;4269;1319785541
-89.277973;198;183;4269;1319809707
-89.250335;153;161;4272;1319837345
-89.228952;163;166;4272;1319858728
-89.199392;198;183;4267;1319888288
-89.175984;238;200;4267;1319911696
-89.125974;263;211;4265;1319961706
-89.098525;213;190;4267;1319989155
-89.076690;185;177;4267;1320010990
-89.050487;178;173;4265;1320037193
-89.025494;175;172;4265;1320062186
-89.001753;148;158;4266;1320085927
-88.978953;113;138;4265;1320108727
-88.927307;80;116;4267;1320160373
-88.894214;90;123;4263;1320193466
-88.864500;107;134;4268;1320223180
-88.834083;53;94;4265;1320253597
-88.804330;15;50;4266;1320283350
-88.778992;35;77;4266;1320308688
-88.751792;50;92;4268;1320335888
-88.726682;52;93;4265;1320360998
-88.682324;42;84;4264;1320405356
-88.659276;32;73;4264;1320428404
-88.632848;47;89;4265;1320454832
-88.609975;97;128;4265;1320477705
-88.583164;82;117;4267;1320504516
-88.561356;100;130;4267;1320526324
-88.532066;138;152;4268;1320555614
-88.509872;147;157;4268;1320577808
-88.482149;153;161;4265;1320605531
-88.458834;145;156;4265;1320628846
-88.433236;153;161;4266;1320654444
-88.404139;168;168;4269;1320683541
-88.376747;168;168;4265;1320710933
-88.352497;167;168;4265;1320735183
-88.331426;172;170;4264;1320756254
-88.304249;163;166;4266;1320783431
-88.281758;178;173;4266;1320805922
-88.227032;180;174;4267;1320860648
-88.199866;152;160;4267;1320887814
-88.176285;143;155;4267;1320911395
-88.151677;140;154;4264;1320936003
-88.129035;127;146;4263;1320958645
-88.107531;142;155;4265;1320980149
-88.082154;182;175;4267;1321005526
-88.056640;173;171;4263;1321031040
-88.033862;158;163;4263;1321053818
-88.012294;142;155;4263;1321075386
-87.962801;212;189;4265;1321124879
-87.938581;218;192;4265;1321149099
-87.916008;212;189;4267;1321171672
-87.892295;212;189;4266;1321195385
-87.861985;210;188;4268;1321225695
-87.818124;217;191;4268;1321269556
-87.783125;222;193;4264;1321304555
-87.758899;223;194;4264;1321328781
-87.732264;202;185;4267;1321355416
-87.704195;185;177;4267;1321383485
-87.680574;188;178;4267;1321407106
-87.651593;182;175;4267;1321436087
-87.629850;185;177;4267;1321457830
-87.593835;202;185;4266;1321493845
-87.568092;203;185;4267;1321519588
-87.543482;190;179;4267;1321544198
-87.513795;185;177;4267;1321573885
-87.483678;167;168;4268;1321604002
-87.435162;162;165;4265;1321652518
-87.412730;160;164;4266;1321674950
-87.369222;172;170;4269;1321718458
-87.341751;185;177;4265;1321745929
-87.310260;210;188;4266;1321777420
-87.288818;222;193;4264;1321798862
-87.209229;223;194;4270;1321878451
-87.166008;205;186;4266;1321921672
-87.142938;205;186;4268;1321944742
-87.099511;138;152;4270;1321988169
-87.076656;115;139;4268;1322011024
-87.055340;117;140;4262;1322032340
-87.031259;95;126;4265;1322056421
-87.010736;98;128;4269;1322076944
-86.957828;93;125;4266;1322129852
-86.929533;70;108;4267;1322158147
-86.907871;48;90;4267;1322179809
-86.884089;67;106;4267;1322203591
-86.858810;47;89;4263;1322228870
-86.831959;47;89;4263;1322255721
-86.803492;62;102;4265;1322284188
-86.780031;77;114;4265;1322307649
-86.731555;80;116;4270;1322356125
-86.704020;68;107;4269;1322383660
-86.678846;63;103;4267;1322408834
-86.630983;0;0;4268;1322456697
-86.603576;20;58;4266;1322484104
-86.580786;72;110;4266;1322506894
-86.529535;67;106;4266;1322558145
-86.507041;88;122;4266;1322580639
-86.482183;93;125;4266;1322605497
-86.436512;-15;0;4266;1322651168
-86.408465;-63;0;4265;1322679215
-86.386718;-8;0;4265;1322700962
-86.364446;78;114;4271;1322723234
-86.340942;48;90;4264;1322746738
-86.313662;8;36;4265;1322774018
-86.263475;75;112;4268;1322824205
-86.241756;93;125;4268;1322845924
-86.213751;138;152;4263;1322873929
-86.183889;125;145;4265;1322903791
-86.132734;75;112;4264;1322954946
-86.088679;57;98;4267;1322999001
-86.032366;42;84;4267;1323055314
-86.004141;55;96;4266;1323083539
-85.975990;82;117;4267;1323111690
-85.952279;122;143;4267;1323135401
-85.930372;128;147;4266;1323157308
-85.901864;125;145;4266;1323185816
-85.880403;153;161;4266;1323207277
-85.849975;132;149;4269;1323237705
-85.826924;120;142;4269;1323260756
-85.802326;128;147;4265;1323285354
-85.781205;142;155;4265;1323306475
-85.754203;147;157;4271;1323333477
-85.727586;133;150;4265;1323360094
-85.703947;122;143;4265;1323383733
-85.681525;115;139;4262;1323406155
-85.563188;102;131;4267;1323524492
-85.537331;100;130;4265;1323550349
-85.513050;102;131;4265;1323574630
-85.483943;95;126;4265;1323603737
-85.427571;102;131;4266;1323660109
-85.370342;75;112;4268;1323717338
-85.342681;82;117;4264;1323744999
-85.318382;78;114;4264;1323769298
-85.293327;75;112;4266;1323794353
-85.271362;68;107;4263;1323816318
-85.244067;65;104;4265;1323843613
-85.215011;67;106;4265;1323872669
-85.137648;88;122;4267;1323950032
-85.109350;83;118;4262;1323978330
-85.087279;82;117;4262;1324000401
-85.060785;73;111;4266;1324026895
-85.032655;78;114;4266;1324055025
-85.010091;73;111;4266;1324077589
-84.981014;68;107;4265;1324106666
-84.959791;58;99;4265;1324127889
-84.933104;67;106;4263;1324154576
-84.911219;72;110;4263;1324176461
-84.884077;55;96;4265;1324203603
-84.853781;47;89;4265;1324233899
-84.832186;58;99;4265;1324255494
-84.805148;67;106;4269;1324282532
-84.783223;65;104;4269;1324304457
-84.743448;53;94;4264;1324344232
-84.712396;70;108;4265;1324375284
-84.663238;72;110;4263;1324424442
-84.633970;48;90;4266;1324453710
-84.571310;48;90;4266;1324516370
-84.535931;57;98;4268;1324551749
-84.507874;77;114;4265;1324579806
-84.483799;65;104;4265;1324603881
-84.461407;47;89;4265;1324626273
-84.434843;33;74;4268;1324652837
-84.404434;42;84;4267;1324683246
-84.382376;35;77;4267;1324705304
-84.332603;18;55;4265;1324755077
-84.281402;48;90;4267;1324806278
-84.229578;45;87;4267;1324858102
-84.203067;57;98;4264;1324884613
-84.179168;45;87;4264;1324908512
-84.131049;53;94;4264;1324956631
-84.105751;58;99;4264;1324981929
-84.082219;62;102;4267;1325005461
-84.060718;57;98;4266;1325026962
-84.032148;50;92;4267;1325055532
-84.006134;52;93;4269;1325081546
-83.981906;60;100;4269;1325105774
-83.959489;60;100;4263;1325128191
-83.847344;62;102;4266;1325240336
-83.793554;63;103;4263;1325294126
-83.768339;77;114;4263;1325319341
-83.743697;80;116;4264;1325343983
-83.713374;65;104;4268;1325374306
-83.691644;60;100;4268;1325396036
-83.669469;60;100;4264;1325418211
-83.643400;50;92;4265;1325444280
-83.612746;33;74;4265;1325474934
-83.583640;23;62;4267;1325504040
-83.561113;32;73;4267;1325526567
-83.531715;50;92;4265;1325555965
-83.509255;55;96;4265;1325578425
-83.483228;53;94;4268;1325604452
-83.461719;45;87;4268;1325625961
-83.412726;57;98;4266;1325674954
-83.386716;67;106;4266;1325700964
-83.361350;75;112;4267;1325726330
-83.338874;68;107;4267;1325748806
-83.311919;65;104;4265;1325775761
-83.263507;52;93;4265;1325824173
-83.240502;53;94;4265;1325847178
-83.215841;52;93;4268;1325871839
-83.193998;50;92;4265;1325893682
-83.164359;52;93;4267;1325923321
-83.133564;50;92;4264;1325954116
-83.109951;47;89;4264;1325977729
-83.088547;45;87;4263;1325999133
-83.064818;42;84;4265;1326022862
-83.040730;40;82;4267;1326046950
-82.992611;43;85;4265;1326095069
-82.953432;52;93;4266;1326134248
-82.923853;55;96;4265;1326163827
-82.870736;47;89;4264;1326216944
-82.833708;42;84;4267;1326253972
-82.811304;43;85;4267;1326276376
-82.788125;35;77;4267;1326299555
-82.761722;47;89;4270;1326325958
-82.738348;48;90;4270;1326349332
-82.711655;43;85;4265;1326376025
-82.663670;25;65;4267;1326424010
-82.640304;25;65;4267;1326447376
-82.617976;32;73;4264;1326469704
-82.572145;63;103;4267;1326515535
-82.549823;80;116;4268;1326537857
-82.526945;108;135;4268;1326560735
-82.505826;112;137;4266;1326581854
-82.482012;102;131;4267;1326605668
-82.461337;100;130;4265;1326626343
-82.429677;98;128;4268;1326658003
-82.371765;92;124;4265;1326715915
-82.349488;83;118;4267;1326738192
-82.327983;80;116;4269;1326759697
-82.270935;82;117;4266;1326816745
-82.248993;80;116;4266;1326838687
-82.228454;85;120;4266;1326859226
-82.170546;95;126;4265;1326917134
-82.129155;90;123;4267;1326958525
-82.102022;82;117;4265;1326985658
-82.080570;80;116;4265;1327007110
-82.057577;78;114;4262;1327030103
-82.030541;75;112;4268;1327057139
-82.003104;73;111;4265;1327084576
-81.981491;73;111;4265;1327106189
-81.953206;72;110;4267;1327134474
-81.924081;70;108;4268;1327163599
-81.900475;68;107;4268;1327187205
-81.877690;67;106;4265;1327209990
-81.852900;65;104;4267;1327234780
-81.801069;58;99;4268;1327286611
-81.780413;58;99;4267;1327307267
-81.754324;57;98;4265;1327333356
-81.711119;53;94;4263;1327376561
-81.687110;52;93;4263;1327400570
-81.661553;57;98;4265;1327426127
-81.638855;57;98;4265;1327448825
-81.611038;57;98;4268;1327476642
-81.588317;60;100;4268;1327499363
-81.564145;67;106;4265;1327523535
-81.543293;70;108;4267;1327544387
-81.522265;75;112;4268;1327565415
-81.493699;72;110;4267;1327593981
-81.468525;65;104;4267;1327619155
-81.440843;73;111;4264;1327646837
-81.413599;75;112;4267;1327674081
-81.391837;85;120;4267;1327695843
-81.369282;88;122;4263;1327718398
-81.343663;83;118;4267;1327744017
-81.269558;75;112;4261;1327818122
-81.242653;65;104;4263;1327845027
-81.214186;62;102;4265;1327873494
-81.164044;63;103;4265;1327923636
-81.140955;75;112;4265;1327946725
-81.118494;85;120;4266;1327969186
-81.083298;83;118;4268;1328004382
-81.037308;75;112;4268;1328050372
-81.013643;82;117;4265;1328074037
-80.984094;115;139;4265;1328103586
-80.960782;133;150;4265;1328126898
-80.934746;140;154;4265;1328152934
-80.883238;183;176;4267;1328204442
-80.854082;150;159;4270;1328233598
-80.831168;130;148;4270;1328256512
-80.803577;120;142;4265;1328284103
-80.781547;182;175;4265;1328306133
-80.756729;185;177;4267;1328330951
-80.721947;203;185;4269;1328365733
-80.699573;180;174;4269;1328388107
-80.676895;172;170;4268;1328410785
-80.652752;178;173;4270;1328434928
-80.630771;170;169;4267;1328456909
-80.569953;172;170;4265;1328517727
-80.533739;155;162;4265;1328553941
-80.511717;147;157;4265;1328575963
-80.485049;125;145;4270;1328602631
-80.433054;93;125;4267;1328654626
-80.410294;78;114;4267;1328677386
-80.387436;90;123;4267;1328700244
-80.362135;92;124;4263;1328725545
-80.341688;97;128;4263;1328745992
-80.317758;105;133;4265;1328769922
-80.282153;115;139;4268;1328805527
-80.260334;113;138;4268;1328827346
-80.232613;100;130;4265;1328855067
-80.203026;93;125;4267;1328884654
-80.178173;88;122;4267;1328909507
-80.151868;72;110;4270;1328935812
-80.130651;67;106;4270;1328957029
-80.101992;67;106;4266;1328985688
-80.079532;75;112;4266;1329008148
-80.027347;83;118;4268;1329060333
-80.005507;87;121;4268;1329082173
-79.980221;85;120;4265;1329107459
-79.956019;92;124;4265;1329131661
-79.933060;92;124;4265;1329154620
-79.912587;83;118;4266;1329175093
-79.881176;77;114;4267;1329206504
-79.860336;73;111;4264;1329227344
-79.831548;60;100;4267;1329256132
-79.799694;47;89;4263;1329287986
-79.776948;47;89;4269;1329310732
-79.726390;50;92;4269;1329361290
-79.701289;50;92;4269;1329386391
-79.680178;47;89;4267;1329407502
-79.652233;45;87;4269;1329435447
-79.627184;47;89;4269;1329460496
-79.584001;45;87;4267;1329503679
-79.552745;43;85;4269;1329534935
-79.526969;40;82;4266;1329560711
-79.503832;42;84;4266;1329583848
-79.481719;47;89;4265;1329605961
-79.427571;53;94;4269;1329660109
-79.403667;47;89;4264;1329684013
-79.380604;45;87;4262;1329707076
-79.351576;47;89;4267;1329736104
-79.329478;43;85;4267;1329758202
-79.270105;50;92;4268;1329817575
-79.244629;55;96;4267;1329843051
-79.221922;73;111;4267;1329865758
-79.192243;92;124;4260;1329895437
-79.170038;92;124;4260;1329917642
-79.124890;62;102;4267;1329962790
-79.097093;47;89;4266;1329990587
-79.075347;43;85;4266;1330012333
-79.048570;48;90;4266;1330039110
-79.025050;42;84;4266;1330062630
-78.969945;33;74;4268;1330117735
-78.943865;35;77;4268;1330143815
-78.914405;33;74;4267;1330173275
-78.884031;23;62;4262;1330203649
-78.854372;13;46;4269;1330233308
-78.828576;12;45;4266;1330259104
-78.798927;12;45;4264;1330288753
-78.776274;12;45;4264;1330311406
-78.731281;10;41;4266;1330356399
-78.682780;7;34;4269;1330404900
-78.642752;13;46;4268;1330444928
-78.610808;22;61;4268;1330476872
-78.587175;28;68;4265;1330500505
-78.562491;38;80;4267;1330525189
-78.540965;48;90;4266;1330546715
-78.479349;48;90;4267;1330608331
-78.431441;52;93;4265;1330656239
-78.394257;40;82;4269;1330693423
-78.369798;27;67;4269;1330717882
-78.332779;32;73;4266;1330754901
-78.309390;42;84;4266;1330778290
-78.281622;37;79;4266;1330806058
-78.236512;18;55;4264;1330851168
-78.215205;17;53;4264;1330872475
-78.194430;22;61;4271;1330893250
-78.173254;33;74;4266;1330914426
-78.150523;37;79;4266;1330937157
-78.127999;33;74;4267;1330959681
-78.101876;32;73;4266;1330985804
-78.080478;17;53;4266;1331007202
-78.052182;15;50;4266;1331035498
-78.031601;23;62;4266;1331056079
-78.003347;30;71;4267;1331084333
-77.979988;40;82;4267;1331107692
-77.952183;43;85;4268;1331135497
-77.927613;43;85;4268;1331160067
-77.901990;47;89;4267;1331185690
-77.880242;58;99;4267;1331207438
-77.829529;38;80;4267;1331258151
-77.806080;25;65;4267;1331281600
-77.781891;30;71;4269;1331305789
-77.729478;62;102;4263;1331358202
-77.703502;67;106;4267;1331384178
-77.680393;55;96;4267;1331407287
-77.651293;40;82;4269;1331436387
-77.629360;40;82;4269;1331458320
-77.570051;33;74;4267;1331517629
-77.536242;27;67;4265;1331551438
-77.511655;27;67;4265;1331576025
-77.483208;23;62;4267;1331604472
-77.454859;32;73;4263;1331632821
-77.433532;45;87;4263;1331654148
-77.410784;43;85;4266;1331676896
-77.363163;37;79;4267;1331724517
-77.329241;33;74;4268;1331758439
-77.303680;45;87;4268;1331784000
-77.278856;48;90;4268;1331808824
-77.251248;47;89;4265;1331836432
-77.226621;45;87;4265;1331861059
-77.201597;38;80;4266;1331886083
-77.178235;38;80;4267;1331909445
-77.150214;42;84;4265;1331937466
-77.129391;43;85;4265;1331958289
-77.102413;43;85;4266;1331985267
-77.081131;45;87;4266;1332006549
-77.053430;43;85;4271;1332034250
-77.032472;35;77;4271;1332055208
-77.008527;37;79;4264;1332079153
-76.982439;38;80;4269;1332105241
-76.936277;32;73;4265;1332151403
-76.909109;28;68;4264;1332178571
-76.888050;30;71;4264;1332199630
-76.862117;28;68;4269;1332225563
-76.841552;20;58;4269;1332246128
-76.813663;15;50;4268;1332274017
-76.781855;12;45;4269;1332305825
-76.759693;13;46;4266;1332327987
-76.727555;30;71;4267;1332360125
-76.671529;20;58;4268;1332416151
-76.649124;18;55;4266;1332438556
-76.610241;12;45;4268;1332477439
-76.586411;12;45;4267;1332501269
-76.564445;17;53;4266;1332523235
-76.518791;13;46;4269;1332568889
-76.494507;5;29;4269;1332593173
-76.473755;-3;0;4267;1332613925
-76.450867;-8;0;4266;1332636813
-76.423163;-7;0;4266;1332664517
-76.401938;-3;0;4266;1332685742
-76.377443;2;18;4266;1332710237
-76.352849;5;29;4265;1332734831
-76.328847;10;41;4267;1332758833
-76.303160;13;46;4265;1332784520
-76.279630;10;41;4265;1332808050
-76.253424;3;22;4267;1332834256
-76.230228;3;22;4267;1332857452
-76.203033;2;18;4266;1332884647
-76.179058;7;34;4266;1332908622
-76.150966;13;46;4265;1332936714
-76.107495;12;45;4269;1332980185
-76.079235;3;22;4267;1333008445
-76.034461;-2;0;4271;1333053219
-76.012831;2;18;4266;1333074849
-75.989605;-5;0;4267;1333098075
-75.966197;-3;0;4268;1333121483
-75.942703;0;0;4267;1333144977
-75.914053;10;41;4267;1333173627
-75.892159;8;36;4267;1333195521
-75.863881;5;29;4267;1333223799
-75.833348;5;29;4266;1333254332
-75.811096;5;29;4266;1333276584
-75.778351;8;36;4264;1333309329
-75.733570;8;36;4267;1333354110
-75.710813;5;29;4267;1333376867
-75.682454;2;18;4267;1333405226
-75.639188;22;61;4267;1333448492
-75.612218;37;79;4267;1333475462
-75.561529;33;74;4268;1333526151
-75.531164;23;62;4271;1333556516
-75.510281;17;53;4271;1333577399
-75.486496;12;45;4271;1333601184
-75.463082;10;41;4267;1333624598
-75.440557;10;41;4269;1333647123
-75.413932;13;46;4266;1333673748
-75.384028;12;45;4270;1333703652
-75.361794;8;36;4270;1333725886
-75.329781;0;0;4263;1333757899
-75.302973;3;22;4266;1333784707
-75.280743;5;29;4266;1333806937
-75.196466;-3;0;4265;1333891214
-75.171645;-3;0;4265;1333916035
-75.145657;0;0;4265;1333942023
-75.102036;22;61;4269;1333985644
-75.075865;20;58;4269;1334011815
-75.053554;8;36;4269;1334034126
-74.995461;0;0;4271;1334092219
-74.971248;5;29;4271;1334116432
-74.950105;12;45;4267;1334137575
-74.926953;20;58;4269;1334160727
-74.903546;37;79;4267;1334184134
-74.881846;50;92;4266;1334205834
-74.854778;47;89;4265;1334232902
-74.830932;55;96;4265;1334256748
-74.803336;47;89;4269;1334284344
-74.755076;38;80;4264;1334332604
-74.731470;40;82;4264;1334356210
-74.701128;52;93;4267;1334386552
-74.677597;57;98;4267;1334410083
-74.652184;58;99;4266;1334435496
-74.630182;62;102;4266;1334457498
-74.603346;57;98;4269;1334484334
-74.543869;57;98;4268;1334543811
-74.514192;58;99;4268;1334573488
-74.484119;70;108;4268;1334603561
-74.460779;77;114;4268;1334626901
-74.361911;80;116;4268;1334725769
-74.330647;87;121;4268;1334757033
-74.282688;55;96;4269;1334804992
-74.257789;52;93;4269;1334829891
-74.232603;53;94;4267;1334855077
-74.203046;55;96;4269;1334884634
-74.179404;52;93;4269;1334908276
-74.150326;48;90;4267;1334937354
-74.129213;48;90;4267;1334958467
-74.107290;40;82;4266;1334980390
-74.077732;38;80;4267;1335009948
-74.035511;33;74;4266;1335052169
-74.011584;33;74;4267;1335076096
-73.980921;10;41;4267;1335106759
-73.958706;20;58;4267;1335128974
-73.927644;20;58;4267;1335160036
-73.903348;12;45;4267;1335184332
-73.877542;17;53;4269;1335210138
-73.823191;12;45;4267;1335264489
-73.783652;17;53;4268;1335304028
-73.761646;17;53;4268;1335326034
-73.731305;8;36;4267;1335356375
-73.702861;5;29;4268;1335384819
-73.680257;3;22;4268;1335407423
-73.658080;-3;0;4267;1335429600
-73.633384;-10;0;4270;1335454296
-73.610981;-25;0;4266;1335476699
-73.582443;-40;0;4263;1335505237
-73.533435;-43;0;4270;1335554245
-73.504677;-38;0;4268;1335583003
-73.482550;-40;0;4268;1335605130
-73.430782;-23;0;4268;1335656898
-73.377650;-18;0;4267;1335710030
-73.350060;-17;0;4270;1335737620
-73.327662;-20;0;4270;1335760018
-73.295361;-18;0;4264;1335792319
-73.273341;-18;0;4266;1335814339
-73.250884;-17;0;4266;1335836796
-73.228916;-13;0;4265;1335858764
-73.202080;-12;0;4266;1335885600
-73.181550;-10;0;4266;1335906130
-73.150509;-3;0;4267;1335937171
-73.129571;5;29;4267;1335958109
-73.100871;10;41;4269;1335986809
-73.079304;13;46;4269;1336008376
-73.031512;8;36;4265;1336056168
-73.001661;15;50;4267;1336086019
-72.958860;15;50;4265;1336128820
-72.932344;15;50;4267;1336155336
-72.904042;13;46;4266;1336183638
-72.879301;8;36;4266;1336208379
-72.851386;8;36;4269;1336236294
-72.830017;7;34;4269;1336257663
-72.769270;7;34;4268;1336318410
-72.734006;3;22;4269;1336353674
-72.704175;2;18;4268;1336383505
-72.682610;3;22;4268;1336405070
-72.656128;-2;0;4270;1336431552
-72.627707;-5;0;4267;1336459973
-72.569735;-10;0;4267;1336517945
-72.543621;-8;0;4266;1336544059
-72.483708;-13;0;4267;1336603972
-72.461350;-15;0;4267;1336626330
-72.440158;-18;0;4267;1336647522
-72.413726;-20;0;4267;1336673954
-72.363133;-20;0;4269;1336724547
-72.333924;-22;0;4268;1336753756
-72.303973;-22;0;4266;1336783707
-72.281088;-23;0;4266;1336806592
-72.253573;-23;0;4266;1336834107
-72.227665;-25;0;4269;1336860015
-72.203509;-27;0;4269;1336884171
-72.180776;-28;0;4265;1336906904
-72.153361;-32;0;4267;1336934319
-72.131814;-32;0;4267;1336955866
-72.080586;-23;0;4271;1337007094
-72.052563;-13;0;4266;1337035117
-72.013934;-12;0;4263;1337073746
-71.980688;-12;0;4265;1337106992
-71.949135;-8;0;4267;1337138545
-71.928380;-3;0;4265;1337159300
-71.902944;2;18;4265;1337184736
-71.879450;3;22;4265;1337208230
-71.852374;3;22;4268;1337235306
-71.813857;40;82;4270;1337273823
-71.781478;38;80;4268;1337306202
-71.727085;-20;0;4267;1337360595
-71.701573;-48;0;4268;1337386107
-71.680102;-73;0;4268;1337407578
-71.651846;-75;0;4267;1337435834
-71.626540;-63;0;4267;1337461140
-71.591308;-58;0;4269;1337496372
-71.562837;-48;0;4266;1337524843
-71.538710;-33;0;4266;1337548970
-71.512059;-13;0;4268;1337575621
-71.463324;-13;0;4264;1337624356
-71.432294;-27;0;4272;1337655386
-71.408786;-47;0;4272;1337678894
-71.381702;-43;0;4267;1337705978
-71.360013;-57;0;4267;1337727667
-71.330982;-67;0;4270;1337756698
-71.307141;-78;0;4270;1337780539
-71.282082;-75;0;4265;1337805598
-71.260876;-55;0;4269;1337826804
-71.232272;-45;0;4268;1337855408
-71.211522;-48;0;4268;1337876158
-71.182863;-38;0;4267;1337904817
-71.132864;-75;0;4270;1337954816
-71.103294;-60;0;4265;1337984386
-71.080441;-40;0;4265;1338007239
-71.051733;-37;0;4267;1338035947
-71.026488;-23;0;4267;1338061192
-70.991417;-53;0;4263;1338096263
-70.968210;-68;0;4263;1338119470
-70.946047;-65;0;4264;1338141633
-70.901176;-78;0;4266;1338186504
-70.878447;-70;0;4268;1338209233
-70.852534;-70;0;4269;1338235146
-70.823985;-58;0;4265;1338263695
-70.782870;-67;0;4263;1338304810
-70.759496;-70;0;4263;1338328184
-70.733197;-82;0;4265;1338354483
-70.676939;-115;0;4266;1338410741
-70.651029;-107;0;4267;1338436651
-70.630795;-92;0;4267;1338456885
-70.604095;-97;0;4270;1338483585
-70.573362;-95;0;4267;1338514318
-70.533687;-93;0;4268;1338553993
-70.511556;-25;0;4268;1338576124
-70.483374;10;41;4268;1338604306
-70.460098;8;36;4268;1338627582
-70.433198;38;80;4268;1338654482
-70.411575;73;111;4268;1338676105
-70.381748;72;110;4268;1338705932
-70.332851;42;84;4268;1338754829
-70.311013;23;62;4264;1338776667
-70.285613;23;62;4263;1338802067
-70.232024;47;89;4266;1338855656
-70.202380;47;89;4269;1338885300
-70.180864;67;106;4269;1338906816
-70.151799;60;100;4266;1338935881
-70.102007;-15;0;4269;1338985673
-70.079305;-42;0;4267;1339008375
-70.053653;-17;0;4267;1339034027
-70.026296;15;50;4269;1339061384
-70.001649;28;68;4269;1339086031
-69.977844;85;120;4268;1339109836
-69.950091;122;143;4267;1339137589
-69.929649;132;149;4267;1339158031
-69.903156;95;126;4266;1339184524
-69.879431;67;106;4266;1339208249
-69.832370;-3;0;4269;1339255310
-69.810420;-22;0;4269;1339277260
-69.762627;-27;0;4269;1339325053
-69.733189;-15;0;4267;1339354491
-69.703544;-23;0;4269;1339384136
-69.681679;-22;0;4269;1339406001
-69.633113;-45;0;4269;1339454567
-69.610361;-38;0;4268;1339477319
-69.576663;-35;0;4261;1339511017
-69.549923;-45;0;4270;1339537757
-69.528610;-63;0;4270;1339559070
-69.501337;-38;0;4269;1339586343
-69.477649;-23;0;4269;1339610031
-69.453646;-20;0;4268;1339634034
-69.412715;27;67;4266;1339674965
-69.363653;12;45;4271;1339724027
-69.341565;3;22;4271;1339746115
-69.313987;-27;0;4270;1339773693
-69.283268;-15;0;4267;1339804412
-69.260280;-7;0;4267;1339827400
-69.235590;10;41;4265;1339852090
-69.213262;10;41;4269;1339874418
-69.183960;-12;0;4270;1339903720
-69.147803;-30;0;4269;1339939877
-69.123512;-45;0;4269;1339964168
-69.100915;-33;0;4269;1339986765
-69.078918;-22;0;4266;1340008762
-69.052309;-23;0;4266;1340035371
-69.030334;-27;0;4266;1340057346
-69.002817;-40;0;4271;1340084863
-68.952473;-32;0;4269;1340135207
-68.930486;-27;0;4269;1340157194
-68.902868;-20;0;4266;1340184812
-68.880983;-18;0;4266;1340206697
-68.854627;-17;0;4268;1340233053
-68.833041;-5;0;4268;1340254639
-68.803683;-12;0;4266;1340283997
-68.780007;-8;0;4266;1340307673
-68.755801;23;62;4269;1340331879
-68.731667;38;80;4269;1340356013
-68.689674;65;104;4269;1340398006
-68.666672;78;114;4269;1340421008
-68.643721;75;112;4271;1340443959
-68.599241;77;114;4266;1340488439
-68.572182;88;122;4264;1340515498
-68.551441;77;114;4264;1340536239
-68.503846;93;125;4269;1340583834
-68.479590;92;124;4269;1340608090
-68.452022;87;121;4269;1340635658
-68.412615;107;134;4268;1340675065
-68.381563;115;139;4271;1340706117
-68.331513;98;128;4267;1340756167
-68.306669;92;124;4267;1340781011
-68.281497;100;130;4264;1340806183
-68.232827;98;128;4269;1340854853
-68.204025;98;128;4269;1340883655
-68.180057;125;145;4269;1340907623
-68.155228;170;169;4269;1340932452
-68.131081;188;178;4265;1340956599
-68.109330;193;180;4267;1340978350
-68.050421;153;161;4266;1341037259
-68.027919;127;146;4266;1341059761
-68.001381;113;138;4267;1341086299
-67.978056;117;140;4267;1341109624
-67.952289;128;147;4267;1341135391
-67.930603;138;152;4267;1341157077
-67.909734;132;149;4266;1341177946
-67.882041;125;145;4271;1341205639
-67.859410;142;155;4271;1341228270
-67.836866;157;163;4268;1341250814
-67.812791;135;151;4269;1341274889
-67.762793;87;121;4271;1341324887
-67.727934;72;110;4268;1341359746
-67.703257;62;102;4268;1341384423
-67.673609;35;77;4270;1341414071
-67.626403;25;65;4266;1341461277
-67.602021;32;73;4266;1341485659
-67.577031;50;92;4266;1341510649
-67.553461;63;103;4267;1341534219
-67.530738;57;98;4269;1341556942
-67.509343;68;107;4267;1341578337
-67.483075;72;110;4267;1341604605
-67.460569;67;106;4267;1341627111
-67.433266;105;133;4267;1341654414
-67.404042;122;143;4271;1341683638
-67.377435;115;139;4265;1341710245
-67.352566;108;135;4265;1341735114
-67.324571;95;126;4267;1341763109
-67.269336;83;118;4270;1341818344
-67.233385;58;99;4266;1341854295
-67.210234;45;87;4266;1341877446
-67.173179;28;68;4267;1341914501
-67.149729;33;74;4267;1341937951
-67.127809;35;77;4266;1341959871
-67.101764;40;82;4270;1341985916
-67.078027;60;100;4270;1342009653
-67.052865;72;110;4265;1342034815
-67.029369;70;108;4270;1342058311
-67.003477;68;107;4267;1342084203
-66.980454;63;103;4267;1342107226
-66.952986;58;99;4268;1342134694
-66.927152;48;90;4267;1342160528
-66.901316;53;94;4270;1342186364
-66.878927;57;98;4270;1342208753
-66.852557;53;94;4268;1342235123
-66.827330;45;87;4268;1342260350
-66.801928;43;85;4268;1342285752
-66.779986;48;90;4268;1342307694
-66.740704;52;93;4268;1342346976
-66.717427;52;93;4269;1342370253
-66.692881;75;112;4267;1342394799
-66.664588;93;125;4271;1342423092
-66.633767;80;116;4267;1342453913
-66.604027;85;120;4270;1342483653
-66.580056;110;136;4270;1342507624
-66.551509;147;157;4267;1342536171
-66.469108;132;149;4267;1342618572
-66.443183;135;151;4268;1342644497
-66.412151;157;163;4271;1342675529
-66.362617;140;154;4267;1342725063
-66.340876;130;148;4267;1342746804
-66.273008;123;144;4271;1342814672
-66.241765;112;137;4269;1342845915
-66.219070;103;132;4269;1342868610
-66.190831;97;128;4266;1342896849
-66.151327;120;142;4269;1342936353
-66.128354;135;151;4269;1342959326
-66.097204;148;158;4265;1342990476
-66.075073;150;159;4265;1343012607
-66.052323;143;155;4269;1343035357
-66.031286;172;170;4271;1343056394
-66.001661;175;172;4270;1343086019
-65.962321;165;167;4267;1343125359
-65.932871;173;171;4268;1343154809
-65.903994;185;177;4268;1343183686
-65.879773;198;183;4268;1343207907
-65.831794;212;189;4267;1343255886
-65.801529;167;168;4269;1343286151
-65.780227;157;163;4269;1343307453
-65.752644;183;176;4267;1343335036
-65.723583;188;178;4270;1343364097
-65.693110;198;183;4267;1343394570
-65.669779;200;184;4267;1343417901
-65.642440;215;190;4267;1343445240
-65.619782;205;186;4267;1343467898
-65.583744;218;192;4267;1343503936
-65.561369;203;185;4267;1343526311
-65.539993;175;172;4266;1343547687
-65.513800;225;195;4268;1343573880
-65.468000;235;199;4268;1343619680
-65.441610;240;201;4271;1343646070
-65.381148;220;193;4269;1343706532
-65.326946;332;237;4270;1343760734
-65.301470;340;240;4269;1343786210
-65.279687;317;231;4269;1343807993
-65.251525;285;219;4265;1343836155
-65.227342;295;223;4265;1343860338
-65.202081;263;211;4273;1343885599
-65.179254;330;236;4267;1343908426
-65.151251;362;247;4273;1343936429
-65.129756;408;262;4273;1343957924
-65.101617;422;267;4269;1343986063
-65.079533;423;267;4269;1344008147
-65.053913;417;265;4270;1344033767
-65.031915;412;264;4270;1344055765
-65.006032;407;262;4269;1344081648
-64.977055;382;254;4269;1344110625
-64.939515;382;254;4267;1344148165
-64.911150;400;260;4270;1344176530
-64.861492;382;254;4268;1344226188
-64.829587;355;245;4272;1344258093
-64.803011;348;242;4269;1344284669
-64.779526;398;259;4269;1344308154
-64.752300;380;253;4267;1344335380
-64.660639;218;192;4268;1344427041
-64.636753;213;190;4268;1344450927
-64.612865;218;192;4269;1344474815
-64.567260;233;198;4270;1344520420
-64.540725;245;203;4269;1344546955
-64.493661;300;225;4266;1344594019
-64.472128;297;224;4266;1344615552
-64.449696;307;228;4269;1344637984
-64.424748;288;220;4272;1344662932
-64.403502;288;220;4269;1344684178
-64.378277;232;198;4269;1344709403
-64.355899;242;202;4272;1344731781
-64.334562;232;198;4268;1344753118
-64.303540;180;174;4267;1344784140
-64.280164;175;172;4267;1344807516
-64.256601;163;166;4271;1344831079
-64.233290;137;152;4266;1344854390
-64.201917;138;152;4267;1344885763
-64.179067;177;173;4269;1344908613
-64.153529;212;189;4268;1344934151
-64.131445;262;210;4268;1344956235
-64.082263;280;217;4271;1345005417
-64.058641;272;214;4271;1345029039
-64.031255;283;219;4267;1345056425
-63.998934;318;232;4268;1345088746
-63.977185;342;240;4268;1345110495
-63.952647;340;240;4270;1345135033
-63.923470;348;242;4268;1345164210
-63.900818;345;241;4268;1345186862
-63.878987;350;243;4267;1345208693
-63.852984;338;239;4269;1345234696
-63.828418;335;238;4269;1345259262
-63.802820;310;229;4269;1345284860
-63.780489;303;226;4269;1345307191
-63.752102;308;228;4266;1345335578
-63.728641;323;233;4266;1345359039
-63.681359;298;224;4270;1345406321
-63.649729;293;222;4267;1345437951
-63.602710;288;220;4271;1345484970
-63.580800;288;220;4269;1345506880
-63.552811;298;224;4267;1345534869
-63.529733;310;229;4267;1345557947
-63.508014;323;233;4271;1345579666
-63.482284;328;235;4269;1345605396
-63.460419;370;250;4269;1345627261
-63.432350;393;258;4268;1345655330
-63.403132;373;251;4267;1345684548
-63.382043;365;248;4267;1345705637
-63.358371;375;252;4269;1345729309
-63.332955;347;242;4269;1345754725
-63.303466;372;251;4268;1345784214
-63.263645;387;256;4269;1345824035
-63.238214;412;264;4269;1345849466
-63.213674;443;274;4269;1345874006
-63.191231;432;270;4266;1345896449
-63.167925;438;272;4268;1345919755
-63.139106;405;262;4268;1345948574
-63.117852;403;261;4268;1345969828
-63.069574;408;262;4273;1346018106
-63.046473;402;261;4271;1346041207
-63.025347;355;245;4268;1346062333
-62.993547;373;251;4267;1346094133
-62.969169;390;257;4270;1346118511
-62.942479;422;267;4269;1346145201
-62.913338;422;267;4272;1346174342
-62.851135;420;266;4269;1346236545
-62.826593;427;269;4269;1346261087
-62.771540;475;283;4268;1346316140
-62.744396;435;271;4268;1346343284
-62.693807;423;267;4263;1346393873
-62.603617;443;274;4269;1346484063
-62.575371;448;275;4269;1346512309
-62.550755;445;274;4269;1346536925
-62.528204;440;273;4267;1346559476
-62.493637;467;281;4267;1346594043
-62.463553;448;275;4269;1346624127
-62.433732;428;269;4267;1346653948
-62.337518;378;253;4271;1346750162
-62.311025;380;253;4272;1346776655
-62.262682;382;254;4270;1346824998
-62.227819;387;256;4270;1346859861
-62.202195;403;261;4269;1346885485
-62.179898;425;268;4269;1346907782
-62.152216;408;262;4269;1346935464
-62.129916;403;261;4269;1346957764
-62.101582;390;257;4271;1346986098
-62.078457;383;254;4271;1347009223
-62.031644;410;263;4268;1347056036
-61.999740;390;257;4271;1347087940
-61.971915;385;255;4267;1347115765
-61.901889;348;242;4269;1347185791
-61.879922;360;247;4269;1347207758
-61.851996;408;262;4269;1347235684
-61.830761;435;271;4269;1347256919
-61.768669;393;258;4267;1347319011
-61.746810;393;258;4270;1347340870
-61.725068;383;254;4270;1347362612
-61.690478;412;264;4272;1347397202
-61.668250;395;258;4272;1347419430
-61.642522;470;282;4272;1347445158
-61.620406;497;290;4272;1347467274
-61.582089;497;290;4269;1347505591
-61.527988;478;284;4274;1347559692
-61.479955;418;266;4271;1347607725
-61.439390;342;240;4268;1347648290
-61.408413;438;272;4268;1347679267
-61.383656;438;272;4268;1347704024
-61.333066;432;270;4268;1347754614
-61.303649;520;296;4271;1347784031
-61.271901;483;286;4270;1347815779
-61.232684;525;298;4267;1347854996
-61.203263;528;299;4269;1347884417
-61.179369;512;294;4269;1347908311
-61.151066;462;279;4271;1347936614
-61.129650;453;277;4271;1347958030
-61.108145;475;283;4270;1347979535
-61.080710;465;280;4268;1348006970
-61.038782;452;276;4269;1348048898
-61.010969;425;268;4268;1348076711
-60.961274;460;279;4272;1348126406
-60.931583;518;296;4270;1348156097
-60.901923;445;274;4270;1348185757
-60.878376;407;262;4270;1348209304
-60.831515;353;244;4271;1348256165
-60.792624;267;212;4273;1348295056
-60.769770;212;189;4269;1348317910
-60.732712;237;200;4266;1348354968
-60.704107;263;211;4270;1348383573
-60.680831;302;226;4270;1348406849
-60.651652;328;235;4272;1348436028
-60.619922;327;235;4270;1348467758
-60.571377;372;251;4269;1348516303
-60.540227;387;256;4272;1348547453
-60.511680;390;257;4267;1348576000
-60.461249;440;273;4267;1348626431
-60.440608;430;269;4267;1348647072
-60.413280;435;271;4268;1348674400
-60.369074;440;273;4267;1348718606
-60.343523;417;265;4270;1348744157
-60.313855;405;262;4271;1348773825
-60.263317;402;261;4272;1348824363
-60.242261;397;259;4272;1348845419
-60.219801;397;259;4271;1348867879
-60.192681;375;252;4268;1348894999
-60.168575;362;247;4268;1348919105
-60.130150;335;238;4269;1348957530
-60.101406;352;244;4270;1348986274
-60.079998;352;244;4270;1349007682
-60.050483;317;231;4271;1349037197
-60.017183;350;243;4269;1349070497
-59.993432;348;242;4269;1349094248
-59.971369;287;220;4269;1349116311
-59.949561;278;217;4267;1349138119
-59.924909;342;240;4269;1349162771
-59.902370;327;235;4271;1349185310
-59.879036;395;258;4271;1349208644
-59.851103;410;263;4269;1349236577
-59.827080;367;249;4269;1349260600
-59.802145;333;237;4271;1349285535
-59.779367;293;222;4268;1349308313
-59.718253;243;202;4268;1349369427
-59.693154;243;202;4268;1349394526
-59.669772;233;198;4271;1349417908
-59.642993;243;202;4269;1349444687
-59.618134;243;202;4269;1349469546
-59.569873;220;193;4269;1349517807
-59.533668;285;219;4267;1349554012
-59.503707;247;204;4268;1349583973
-59.481133;143;155;4268;1349606547
-59.454886;102;131;4270;1349632794
-59.402297;312;229;4267;1349685383
-59.377909;288;220;4271;1349709771
-59.350847;270;213;4272;1349736833
-59.302441;170;169;4266;1349785239
-59.280805;207;187;4266;1349806875
-59.257866;287;220;4269;1349829814
-59.232751;325;234;4267;1349854929
-59.203771;318;232;4274;1349883909
-59.180748;345;241;4274;1349906932
-59.153528;312;229;4270;1349934152
-59.131313;340;240;4270;1349956367
-59.103091;290;221;4274;1349984589
-59.080724;273;215;4274;1350006956
-59.003431;170;169;4272;1350084249
-58.980357;200;184;4270;1350107323
-58.957504;262;210;4269;1350130176
-58.933012;280;217;4268;1350154668
-58.881052;297;224;4269;1350206628
-58.850266;312;229;4269;1350237414
-58.829393;332;237;4269;1350258287
-58.803810;278;217;4270;1350283870
-58.781910;283;219;4270;1350305770
-58.752776;250;205;4268;1350334904
-58.702223;212;189;4271;1350385457
-58.663597;255;207;4270;1350424083
-58.627560;252;206;4271;1350460120
-58.603695;297;224;4271;1350483985
-58.581823;357;245;4271;1350505857
-58.559796;322;233;4270;1350527884
-58.533211;288;220;4270;1350554469
-58.502129;337;238;4273;1350585551
-58.479024;307;228;4273;1350608656
-58.452875;245;203;4268;1350634805
-58.411274;268;213;4271;1350676406
-58.385032;303;226;4268;1350702648
-58.361267;398;259;4268;1350726413
-58.339898;483;286;4273;1350747782
-58.311614;417;265;4270;1350776066
-58.264179;412;264;4268;1350823501
-58.241305;373;251;4268;1350846375
-58.214123;378;253;4270;1350873557
-58.183414;418;266;4270;1350904266
-58.162043;447;275;4270;1350925637
-58.132828;408;262;4269;1350954852
-58.110011;372;251;4269;1350977669
-58.082546;397;259;4267;1351005134
-58.061001;433;270;4267;1351026679
-58.037848;487;287;4268;1351049832
-57.969427;220;193;4272;1351118253
-57.948378;203;185;4269;1351139302
-57.927399;173;171;4269;1351160281
-57.891037;142;155;4265;1351196643
-57.870231;213;190;4265;1351217449
-57.848663;233;198;4266;1351239017
-57.793775;245;203;4273;1351293905
-57.769823;177;173;4273;1351317857
-57.742787;158;163;4267;1351344893
-57.721219;257;208;4267;1351366461
-57.691995;262;210;4273;1351395685
-57.670983;215;190;4273;1351416697
-57.644384;287;220;4272;1351443296
-57.612877;97;128;4265;1351474803
-57.566668;12;45;4271;1351521012
-57.544655;-17;0;4273;1351543025
-57.522324;22;61;4272;1351565356
-57.499758;30;71;4270;1351587922
-57.462467;35;77;4271;1351625213
-57.439667;38;80;4271;1351648013
-57.412719;102;131;4271;1351674961
-57.360222;83;118;4270;1351727458
-57.332149;102;131;4273;1351755531
-57.303482;233;198;4272;1351784198
-57.277886;203;185;4269;1351809794
-57.251535;210;188;4273;1351836145
-57.229572;223;194;4273;1351858108
-57.202969;180;174;4267;1351884711
-57.179838;165;167;4267;1351907842
-57.129213;105;133;4267;1351958467
-57.102180;155;162;4270;1351985500
-57.080516;222;193;4270;1352007164
-57.051701;168;168;4264;1352035979
-57.030266;132;149;4264;1352057414
-56.969246;373;251;4267;1352118434
-56.941887;397;259;4271;1352145793
-56.911620;422;267;4273;1352176060
-56.881709;378;253;4271;1352205971
-56.826778;227;196;4269;1352260902
-56.802077;233;198;4269;1352285603
-56.779191;412;264;4273;1352308489
-56.751655;440;273;4270;1352336025
-56.726387;425;268;4270;1352361293
-56.698411;367;249;4269;1352389269
-56.650321;445;274;4272;1352437359
-56.626651;500;291;4272;1352461029
-56.598571;468;281;4266;1352489109
-56.576390;367;249;4266;1352511290
-56.529982;153;161;4269;1352557698
-56.502864;93;125;4270;1352584816
-56.480413;130;148;4270;1352607267
-56.452188;107;134;4270;1352635492
-56.430302;175;172;4270;1352657378
-56.402631;150;159;4270;1352685049
-56.380609;173;171;4270;1352707071
-56.353013;183;176;4272;1352734667
-56.331076;152;160;4272;1352756604
-56.302885;98;128;4267;1352784795
-56.273474;98;128;4267;1352814206
-56.251124;173;171;4267;1352836556
-56.205077;160;164;4271;1352882603
-56.183596;125;145;4269;1352904084
-56.136384;120;142;4272;1352951296
-56.112506;65;104;4273;1352975174
-56.087171;42;84;4268;1353000509
-56.066244;63;103;4272;1353021436
-56.045049;78;114;4271;1353042631
-56.024466;98;128;4270;1353063214
-56.000007;128;147;4272;1353087673
-55.978464;115;139;4269;1353109216
-55.952270;85;120;4267;1353135410
-55.931157;57;98;4267;1353156523
-55.901010;75;112;4271;1353186670
-55.879692;62;102;4271;1353207988
-55.811421;30;71;4271;1353276259
-55.778012;93;125;4269;1353309668
-55.754313;118;141;4269;1353333367
-55.727154;173;171;4268;1353360526
-55.702787;187;178;4268;1353384893
-55.680091;157;163;4273;1353407589
-55.651004;163;166;4269;1353436676
-55.621901;127;146;4268;1353465779
-55.591892;110;136;4269;1353495788
-55.567482;115;139;4269;1353520198
-55.545088;107;134;4270;1353542592
-55.520921;107;134;4271;1353566759
-55.439811;145;156;4269;1353647869
-55.412796;175;172;4269;1353674884
-55.382687;165;167;4268;1353704993
-55.332033;167;168;4273;1353755647
-55.300885;247;204;4272;1353786795
-55.277932;263;211;4270;1353809748
-55.252406;320;232;4273;1353835274
-55.227746;322;233;4273;1353859934
-55.169604;330;236;4273;1353918076
-55.140641;368;249;4274;1353947039
-55.117119;430;269;4274;1353970561
-55.095529;507;293;4272;1353992151
-55.072813;520;296;4271;1354014867
-55.050108;485;286;4270;1354037572
-55.026259;465;280;4271;1354061421
-55.002617;413;264;4271;1354085063
-54.979124;438;272;4272;1354108556
-54.926726;405;262;4269;1354160954
-54.891516;487;287;4268;1354196164
-54.870067;518;296;4268;1354217613
-54.843429;530;299;4268;1354244251
-54.812578;487;287;4268;1354275102
-54.762213;460;279;4270;1354325467
-54.739683;415;265;4270;1354347997
-54.712267;378;253;4270;1354375413
-54.661852;400;260;4268;1354425828
-54.639514;405;262;4268;1354448166
-54.610818;422;267;4271;1354476862
-54.564279;558;307;4271;1354523401
-54.542832;453;277;4273;1354544848
-54.513512;413;264;4266;1354574168
-54.432309;408;262;4268;1354655371
-54.403271;398;259;4269;1354684409
-54.378895;388;256;4269;1354708785
-54.352881;372;251;4274;1354734799
-54.331471;327;235;4274;1354756209
-54.302764;387;256;4270;1354784916
-54.281027;377;252;4270;1354806653
-54.252049;327;235;4271;1354835631
-54.231057;322;233;4271;1354856623
-54.168223;310;229;4269;1354919457
-54.141706;325;234;4270;1354945974
-54.118854;302;226;4270;1354968826
-54.096521;318;232;4271;1354991159
-54.074186;340;240;4270;1355013494
-54.032807;377;252;4270;1355054873
-54.008184;387;256;4270;1355079496
-53.980179;397;259;4272;1355107501
-53.957270;395;258;4272;1355130410
-53.930746;382;254;4269;1355156934
-53.902286;418;266;4270;1355185394
-53.879944;477;284;4270;1355207736
-53.855300;543;303;4273;1355232380
-53.832697;537;301;4270;1355254983
-53.803124;518;296;4269;1355284556
-53.779830;513;294;4269;1355307850
-53.701034;498;290;4272;1355386646
-53.679171;515;295;4272;1355408509
-53.652217;472;282;4275;1355435463
-53.606402;383;254;4275;1355481278
-53.577959;377;252;4273;1355509721
-53.550615;388;256;4268;1355537065
-53.526015;417;265;4268;1355561665
-53.469416;440;273;4271;1355618264
-53.441285;427;269;4268;1355646395
-53.407270;470;282;4271;1355680410
-53.380050;452;276;4273;1355707630
-53.326509;402;261;4268;1355761171
-53.300515;450;276;4270;1355787165
-53.264080;457;278;4269;1355823600
-53.243557;438;272;4269;1355844123
-53.209518;467;281;4273;1355878162
-53.188213;455;277;4273;1355899467
-53.152007;422;267;4274;1355935673
-53.126797;402;261;4274;1355960883
-53.105745;398;259;4271;1355981935
-53.079066;408;262;4271;1356008614
-53.030553;395;258;4273;1356057127
-53.002274;377;252;4270;1356085406
-52.980066;368;249;4270;1356107614
-52.931634;398;259;4270;1356156046
-52.902482;388;256;4270;1356185198
-52.880025;402;261;4270;1356207655
-52.829711;452;276;4270;1356257969
-52.806493;455;277;4270;1356281187
-52.780649;447;275;4274;1356307031
-52.708189;348;242;4272;1356379491
-52.682325;305;227;4273;1356405355
-52.660096;345;241;4273;1356427584
-52.627207;377;252;4272;1356460473
-52.601382;363;248;4273;1356486298
-52.577350;387;256;4273;1356510330
-52.550913;400;260;4272;1356536767
-52.526488;360;247;4272;1356561192
-52.491427;372;251;4272;1356596253
-52.467585;337;238;4272;1356620095
-52.432670;267;212;4269;1356655010
-52.411131;288;220;4269;1356676549
-52.381660;310;229;4270;1356706020
-52.330760;315;231;4272;1356756920
-52.308382;335;238;4272;1356779298
-52.269266;358;246;4273;1356818414
-52.230589;345;241;4271;1356857091
-52.202143;373;251;4269;1356885537
-52.179729;378;253;4269;1356907951
-52.130611;303;226;4275;1356957069
-52.104777;328;235;4271;1356982903
-52.080722;305;227;4271;1357006958
-52.037443;367;249;4271;1357050237
-52.000965;398;259;4275;1357086715
-51.977587;400;260;4275;1357110093
-51.951545;415;265;4266;1357136135
-51.927192;433;270;4266;1357160488
-51.902083;428;269;4272;1357185597
-51.879604;370;250;4275;1357208076
-51.824903;375;252;4270;1357262777
-51.798784;352;244;4268;1357288896
-51.776283;365;248;4268;1357311397
-51.751555;352;244;4271;1357336125
-51.723094;358;246;4272;1357364586
-51.662876;272;214;4272;1357424804
-51.632581;202;185;4275;1357455099
-51.610201;198;183;4275;1357477479
-51.581149;240;201;4271;1357506531
-51.551448;303;226;4272;1357536232
-51.527873;377;252;4272;1357559807
-51.501462;317;231;4270;1357586218
-51.479766;307;228;4270;1357607914
-51.455176;332;237;4269;1357632504
-51.431149;303;226;4273;1357656531
-51.380857;267;212;4272;1357706823
-51.349502;267;212;4271;1357738178
-51.328369;320;232;4271;1357759311
-51.306258;367;249;4272;1357781422
-51.280366;293;222;4271;1357807314
-51.230439;258;209;4270;1357857241
-51.201732;278;217;4273;1357885948
-51.179978;257;208;4273;1357907702
-51.152098;283;219;4273;1357935582
-51.126487;330;236;4271;1357961193
-51.101602;320;232;4271;1357986078
-51.080005;303;226;4275;1358007675
-51.054222;273;215;4275;1358033458
-51.030708;255;207;4275;1358056972
-50.989625;212;189;4269;1358098055
-50.965673;175;172;4269;1358122007
-50.940453;190;179;4266;1358147227
-50.919367;227;196;4274;1358168313
-50.890923;212;189;4273;1358196757
-50.866910;193;180;4273;1358220770
-50.842143;165;167;4269;1358245537
-50.812833;187;178;4271;1358274847
-50.781838;198;183;4272;1358305842
-50.727555;250;205;4271;1358360125
-50.702008;267;212;4273;1358385672
-50.681103;270;213;4273;1358406577
-50.655664;252;206;4277;1358432016
-50.631473;237;200;4277;1358456207
-50.561198;257;208;4273;1358526482
-50.510107;248;205;4275;1358577573
-50.460785;250;205;4273;1358626895
-50.438819;305;227;4273;1358648861
-50.404091;443;274;4271;1358683589
-50.381190;395;258;4271;1358706490
-50.331772;382;254;4273;1358755908
-50.301591;323;233;4266;1358786089
-50.276742;323;233;4266;1358810938
-50.249914;315;231;4270;1358837766
-50.227916;342;240;4270;1358859764
-50.201974;382;254;4273;1358885706
-50.181010;355;245;4273;1358906670
-50.152298;335;238;4273;1358935382
-50.107268;322;233;4273;1358980412
-50.077890;388;256;4273;1359009790
-50.048645;412;264;4267;1359039035
-50.026390;363;248;4267;1359061290
-49.999687;345;241;4276;1359087993
-49.976621;352;244;4276;1359111059
-49.949407;358;246;4274;1359138273
-49.927937;307;228;4274;1359159743
-49.866708;363;248;4274;1359220972
-49.840992;345;241;4275;1359246688
-49.780822;375;252;4269;1359306858
-49.735487;375;252;4272;1359352193
-49.711494;400;260;4272;1359376186
-49.679372;393;258;4272;1359408308
-49.631969;373;251;4272;1359455711
-49.596273;368;249;4271;1359491407
-49.572707;367;249;4271;1359514973
-49.545311;387;256;4271;1359542369
-49.473844;332;237;4273;1359613836
-49.449680;298;224;4270;1359638000
-49.426415;302;226;4272;1359661265
-49.401431;272;214;4270;1359686249
-49.376840;307;228;4271;1359710840
-49.351113;290;221;4271;1359736567
-49.326006;285;219;4271;1359761674
-49.295747;287;220;4275;1359791933
-49.273835;293;222;4275;1359813845
-49.249347;310;229;4273;1359838333
-49.208565;338;239;4271;1359879115
-49.179522;357;245;4273;1359908158
-49.146953;367;249;4272;1359940727
-49.099753;363;248;4274;1359987927
-49.077497;362;247;4276;1360010183
-49.054768;340;240;4275;1360032912
-49.030096;343;241;4272;1360057584
-49.009708;410;263;4272;1360077972
-48.981429;375;252;4273;1360106251
-48.958267;347;242;4273;1360129413
-48.930694;357;245;4275;1360156986
-48.898292;313;230;4273;1360189388
-48.876897;252;206;4273;1360210783
-48.851190;303;226;4271;1360236490
-48.811045;250;205;4269;1360276635
-48.784637;218;192;4271;1360303043
-48.738589;242;202;4274;1360349091
-48.711426;332;237;4269;1360376254
-48.661807;350;243;4272;1360425873
-48.640145;360;247;4272;1360447535
-48.604185;383;254;4276;1360483495
-48.580350;372;251;4276;1360507330
-48.549796;420;266;4272;1360537884
-48.528748;440;273;4272;1360558932
-48.469328;435;271;4273;1360618352
-48.447958;425;268;4273;1360639722
-48.427677;423;267;4273;1360660003
-48.373871;360;247;4273;1360713809
-48.348935;332;237;4273;1360738745
-48.326614;358;246;4271;1360761066
-48.271924;372;251;4270;1360815756
-48.248004;370;250;4272;1360839676
-48.226667;348;242;4271;1360861013
-48.168312;243;202;4272;1360919368
-48.140969;263;211;4273;1360946711
-48.119074;265;211;4273;1360968606
-48.084436;248;205;4268;1361003244
-48.036542;282;218;4269;1361051138
-48.012291;263;211;4270;1361075389
-47.965969;282;218;4271;1361121711
-47.924895;287;220;4272;1361162785
-47.899876;238;200;4272;1361187804
-47.876487;222;193;4274;1361211193
-47.849766;225;195;4272;1361237914
-47.810604;247;204;4272;1361277076
-47.786544;237;200;4273;1361301136
-47.764631;152;160;4274;1361323049
-47.740168;173;171;4268;1361347512
-47.710677;130;148;4272;1361377003
-47.661022;233;198;4271;1361426658
-47.639354;203;185;4271;1361448326
-47.611818;217;191;4273;1361475862
-47.532514;152;160;4269;1361555166
-47.480561;145;156;4273;1361607119
-47.434771;107;134;4275;1361652909
-47.407090;133;150;4274;1361680590
-47.379203;157;163;4269;1361708477
-47.357625;147;157;4269;1361730055
-47.331186;150;159;4269;1361756494
-47.309996;160;164;4269;1361777684
-47.278009;165;167;4275;1361809671
-47.251770;147;157;4271;1361835910
-47.227366;167;168;4271;1361860314
-47.200021;153;161;4275;1361887659
-47.178409;148;158;4275;1361909271
-47.151194;152;160;4271;1361936486
-47.092131;142;155;4272;1361995549
-47.061652;137;152;4272;1362026028
-47.001629;125;145;4272;1362086051
-46.979485;127;146;4272;1362108195
-46.949780;140;154;4271;1362137900
-46.917491;120;142;4273;1362170189
-46.894699;85;120;4271;1362192981
-46.872803;98;128;4273;1362214877
-46.849960;112;137;4272;1362237720
-46.828329;123;144;4271;1362259351
-46.801221;113;138;4270;1362286459
-46.780232;103;132;4270;1362307448
-46.729679;93;125;4272;1362358001
-46.701839;128;147;4271;1362385841
-46.659354;153;161;4271;1362428326
-46.634636;150;159;4271;1362453044
-46.613159;168;168;4274;1362474521
-46.578952;197;182;4273;1362508728
-46.529294;175;172;4271;1362558386
-46.500504;223;194;4271;1362587176
-46.478678;273;215;4271;1362609002
-46.451138;233;198;4271;1362636542
-46.426232;193;180;4271;1362661448
-46.399341;212;189;4271;1362688339
-46.375331;218;192;4271;1362712349
-46.353706;188;178;4275;1362733974
-46.329087;177;173;4271;1362758593
-46.308066;193;180;4273;1362779614
-46.280744;173;171;4270;1362806936
-46.236182;152;160;4273;1362851498
-46.204128;185;177;4277;1362883552
-46.183109;188;178;4270;1362904571
-46.162621;198;183;4274;1362925059
-46.137302;217;191;4274;1362950378
-46.116672;187;178;4274;1362971008
-46.089610;178;173;4275;1362998070
-46.066071;145;156;4275;1363021609
-46.039476;113;138;4270;1363048204
-46.017425;145;156;4270;1363070255
-45.988874;180;174;4272;1363098806
-45.965283;153;161;4272;1363122397
-45.938447;135;151;4270;1363149233
-45.916735;158;163;4270;1363170945
-45.869160;88;122;4270;1363218520
-45.808208;82;117;4274;1363279472
-45.784852;77;114;4274;1363302828
-45.736687;75;112;4277;1363350993
-45.702409;57;98;4272;1363385271
-45.679773;42;84;4272;1363407907
-45.631082;78;114;4272;1363456598
-45.608237;148;158;4273;1363479443
-45.560602;117;140;4270;1363527078
-45.538223;128;147;4270;1363549457
-45.500278;100;130;4271;1363587402
-45.478572;98;128;4271;1363609108
-45.448889;90;123;4270;1363638791
-45.426697;127;146;4270;1363660983
-45.400320;122;143;4271;1363687360
-45.331018;105;133;4270;1363756662
-45.309926;82;117;4270;1363777754
-45.280243;107;134;4272;1363807437
-45.255001;157;163;4272;1363832679
-45.231083;185;177;4271;1363856597
-45.200732;207;187;4273;1363886948
-45.178080;225;195;4273;1363909600
-45.150454;192;180;4275;1363937226
-45.128579;198;183;4275;1363959101
-45.101851;200;184;4270;1363985829
-45.079602;212;189;4270;1364008078
-45.029821;198;183;4273;1364057859
-45.006856;192;180;4273;1364080824
-44.979891;205;186;4271;1364107789
-44.938104;210;188;4272;1364149576
-44.909813;178;173;4273;1364177867
-44.883307;185;177;4272;1364204373
-44.856248;175;172;4273;1364231432
-44.830288;180;174;4273;1364257392
-44.797475;177;173;4270;1364290205
-44.772786;173;171;4270;1364314894
-44.747283;163;166;4276;1364340397
-44.697667;173;171;4273;1364390013
-44.667791;168;168;4275;1364419889
-44.641127;148;158;4272;1364446553
-44.611154;153;161;4270;1364476526
-44.588432;182;175;4270;1364499248
-44.561719;263;211;4275;1364525961
-44.535829;267;212;4271;1364551851
-44.484536;268;213;4274;1364603144
-44.427264;258;209;4271;1364660416
-44.400633;228;196;4275;1364687047
-44.374871;210;188;4273;1364712809
-44.350193;187;178;4273;1364737487
-44.329111;190;179;4277;1364758569
-44.301488;197;182;4273;1364786192
-44.277697;225;195;4273;1364809983
-44.250239;242;202;4272;1364837441
-44.211724;232;198;4273;1364875956
-44.167107;205;186;4273;1364920573
-44.139107;188;178;4271;1364948573
-44.117711;167;168;4271;1364969969
-44.089794;150;159;4271;1364997886
-44.038038;155;162;4272;1365049642
-44.014177;152;160;4272;1365073503
-43.936689;118;141;4275;1365150991
-43.907807;127;146;4274;1365179873
-43.880655;132;149;4275;1365207025
-43.858371;118;141;4275;1365229309
-43.827660;98;128;4277;1365260020
-43.797562;107;134;4271;1365290118
-43.773489;107;134;4271;1365314191
-43.748252;100;130;4270;1365339428
-43.725314;110;136;4273;1365362366
-43.697704;113;138;4275;1365389976
-43.673358;105;133;4275;1365414322
-43.650638;107;134;4273;1365437042
-43.626318;103;132;4273;1365461362
-43.599687;98;128;4275;1365487993
-43.549673;92;124;4272;1365538007
-43.527844;90;123;4272;1365559836
-43.506041;82;117;4276;1365581639
-43.483411;82;117;4274;1365604269
-43.457070;82;117;4274;1365630610
-43.436704;85;120;4274;1365650976
-43.407616;78;114;4271;1365680064
-43.379965;65;104;4272;1365707715
-43.356707;60;100;4272;1365730973
-43.335285;62;102;4275;1365752395
-43.309804;55;96;4273;1365777876
-43.278986;40;82;4272;1365808694
-43.234720;2;18;4275;1365852960
-43.209839;-8;0;4273;1365877841
-43.185070;-18;0;4273;1365902610
-43.143731;-2;0;4273;1365943949
-43.117894;32;73;4276;1365969786
-43.095273;53;94;4276;1365992407
-43.072498;62;102;4273;1366015182
-43.048579;52;93;4273;1366039101
-42.995849;47;89;4273;1366091831
-42.973557;67;106;4273;1366114123
-42.949658;73;111;4274;1366138022
-42.926244;67;106;4277;1366161436
-42.895861;13;46;4276;1366191819
-42.872140;0;0;4276;1366215540
-42.850361;37;79;4273;1366237319
-42.819312;52;93;4273;1366268368
-42.789838;52;93;4273;1366297842
-42.767911;37;79;4273;1366319769
-42.700302;37;79;4272;1366387378
-42.677743;32;73;4272;1366409937
-42.650625;38;80;4276;1366437055
-42.625739;52;93;4276;1366461941
-42.591288;27;67;4273;1366496392
-42.569016;22;61;4273;1366518664
-42.546928;23;62;4275;1366540752
-42.513734;15;50;4275;1366573946
-42.487276;30;71;4275;1366600404
-42.436433;27;67;4271;1366651247
-42.410067;23;62;4273;1366677613
-42.383784;28;68;4272;1366703896
-42.361055;37;79;4272;1366726625
-42.338674;23;62;4273;1366749006
-42.290033;12;45;4274;1366797647
-42.267687;13;46;4274;1366819993
-42.244982;10;41;4273;1366842698
-42.223118;5;29;4273;1366864562
-42.197690;-2;0;4276;1366889990
-42.171111;-5;0;4271;1366916569
-42.148275;-5;0;4271;1366939405
-42.126667;12;45;4274;1366961013
-42.101548;32;73;4274;1366986132
-42.077441;30;71;4274;1367010239
-42.049385;30;71;4270;1367038295
-41.995521;27;67;4273;1367092159
-41.970105;28;68;4275;1367117575
-41.937303;58;99;4275;1367150377
-41.910911;78;114;4272;1367176769
-41.837845;95;126;4272;1367249835
-41.816243;83;118;4272;1367271437
-41.788586;87;121;4274;1367299094
-41.767334;70;108;4274;1367320346
-41.740265;60;100;4275;1367347415
-41.689503;60;100;4274;1367398177
-41.667682;48;90;4274;1367419998
-41.640008;48;90;4277;1367447672
-41.615603;43;85;4277;1367472077
-41.569073;25;65;4274;1367518607
-41.529542;30;71;4272;1367558138
-41.507589;8;36;4272;1367580091
-41.479545;8;36;4273;1367608135
-41.450351;3;22;4273;1367637329
-41.397750;28;68;4274;1367689930
-41.375946;25;65;4274;1367711734
-41.350333;17;53;4275;1367737347
-41.328582;12;45;4275;1367759098
-41.305550;10;41;4275;1367782130
-41.276767;3;22;4272;1367810913
-41.255387;-3;0;4272;1367832293
-41.234747;-2;0;4273;1367852933
-41.208728;-2;0;4273;1367878952
-41.183557;3;22;4273;1367904123
-41.159068;3;22;4273;1367928612
-41.137569;12;45;4273;1367950111
-41.110553;12;45;4273;1367977127
-41.060819;2;18;4276;1368026861
-41.038771;-3;0;4276;1368048909
-40.999938;7;34;4277;1368087742
-40.973572;0;0;4271;1368114108
-40.949306;10;41;4271;1368138374
-40.927913;-2;0;4280;1368159767
-40.900862;15;50;4272;1368186818
-40.877276;15;50;4272;1368210404
-40.850576;-3;0;4271;1368237104
-40.826424;-7;0;4271;1368261256
-40.800182;-18;0;4275;1368287498
-40.737467;2;18;4272;1368350213
-40.716073;10;41;4273;1368371607
-40.681435;5;29;4273;1368406245
-40.657311;12;45;4273;1368430369
-40.627689;-7;0;4274;1368459991
-40.578187;-7;0;4275;1368509493
-40.548490;5;29;4276;1368539190
-40.526667;-2;0;4276;1368561013
-40.499806;-2;0;4276;1368587874
-40.477195;-3;0;4276;1368610485
-40.450500;5;29;4277;1368637180
-40.424916;10;41;4275;1368662764
-40.367515;-30;0;4277;1368720165
-40.337284;-53;0;4271;1368750396
-40.310703;-48;0;4277;1368776977
-40.266248;-48;0;4273;1368821432
-40.240115;-50;0;4275;1368847565
-40.211391;-50;0;4275;1368876289
-40.160584;-45;0;4274;1368927096
-40.120163;-8;0;4274;1368967517
-40.097018;-3;0;4274;1368990662
-40.074490;15;50;4278;1369013190
-40.049522;-10;0;4277;1369038158
-40.026749;-43;0;4277;1369060931
-40.001803;-38;0;4277;1369085877
-39.978557;-50;0;4275;1369109123
-39.956565;-32;0;4274;1369131115
-39.900275;-52;0;4275;1369187405
-39.876203;-58;0;4275;1369211477
-39.847657;-75;0;4279;1369240023
-39.815302;-72;0;4275;1369272378
-39.787627;-70;0;4275;1369300053
-39.738006;-68;0;4273;1369349674
-39.664600;-35;0;4274;1369423080
-39.642555;-38;0;4274;1369445125
-39.618480;-57;0;4274;1369469200
-39.592770;-93;0;4275;1369494910
-39.569392;-103;0;4275;1369518288
-39.546026;-98;0;4277;1369541654
-39.524703;-90;0;4277;1369562977
-39.496698;-62;0;4277;1369590982
-39.470320;-57;0;4273;1369617360
-39.441202;-55;0;4272;1369646478
-39.417758;-63;0;4272;1369669922
-39.383753;-52;0;4275;1369703927
-39.359772;-47;0;4275;1369727908
-39.327402;-30;0;4275;1369760278
-39.300494;-35;0;4274;1369787186
-39.276306;-32;0;4274;1369811374
-39.230357;-82;0;4277;1369857323
-39.206033;-87;0;4273;1369881647
-39.181697;-17;0;4277;1369905983
-39.135495;-93;0;4276;1369952185
-39.110704;-117;0;4273;1369976976
-39.086865;-122;0;4272;1370000815
-39.063820;-145;0;4276;1370023860
-39.039260;-137;0;4278;1370048420
-39.017955;-135;0;4276;1370069725
-38.996506;-85;0;4278;1370091174
-38.973510;-60;0;4275;1370114170
-38.949085;-60;0;4275;1370138595
-38.925771;-93;0;4274;1370161909
-38.904706;-10;0;4274;1370182974
-38.879213;-5;0;4274;1370208467
-38.824626;-18;0;4276;1370263054
-38.799383;-32;0;4274;1370288297
-38.776893;-20;0;4274;1370310787
-38.751439;-12;0;4275;1370336241
-38.720786;-2;0;4272;1370366894
-38.687266;-27;0;4270;1370400414
-38.656465;-35;0;4273;1370431215
-38.628401;-37;0;4272;1370459279
-38.600765;-58;0;4274;1370486915
-38.578534;5;29;4274;1370509146
-38.551379;8;36;4275;1370536301
-38.517264;47;89;4275;1370570416
-38.463885;87;121;4273;1370623795
-38.436381;62;102;4273;1370651299
-38.388157;30;71;4274;1370699523
-38.364332;45;87;4274;1370723348
-38.337736;73;111;4276;1370749944
-38.313480;87;121;4276;1370774200
-38.287592;58;99;4277;1370800088
-38.230118;23;62;4275;1370857562
-38.201502;37;79;4273;1370886178
-38.174309;50;92;4275;1370913371
-38.148933;53;94;4272;1370938747
-38.126742;57;98;4272;1370960938
-38.104634;53;94;4273;1370983046
-38.079135;48;90;4275;1371008545
-38.036602;28;68;4277;1371051078
-38.001192;5;29;4278;1371086488
-37.975552;2;18;4279;1371112128
-37.930670;-27;0;4273;1371157010
-37.898755;68;107;4270;1371188925
-37.876417;107;134;4274;1371211263
-37.849070;120;142;4278;1371238610
-37.826808;147;157;4278;1371260872
-37.797560;158;163;4271;1371290120
-37.773724;190;179;4271;1371313956
-37.750633;185;177;4276;1371337047
-37.729109;152;160;4272;1371358571
-37.669230;157;163;4274;1371418450
-37.647973;182;175;4278;1371439707
-37.616236;163;166;4275;1371471444
-37.587648;180;174;4273;1371500032
-37.559017;178;173;4275;1371528663
-37.536608;163;166;4275;1371551072
-37.498616;170;169;4275;1371589064
-37.470569;187;178;4277;1371617111
-37.443151;172;170;4273;1371644529
-37.395138;172;170;4271;1371692542
-37.371058;190;179;4271;1371716622
-37.348595;208;187;4273;1371739085
-37.298413;227;196;4274;1371789267
-37.267852;245;203;4272;1371819828
-37.239665;263;211;4271;1371848015
-37.210742;277;216;4273;1371876938
-37.137216;333;237;4275;1371950464
-37.112273;352;244;4275;1371975407
-37.067108;342;240;4275;1372020572
-37.037722;332;237;4276;1372049958
-37.016171;332;237;4276;1372071509
-36.995505;320;232;4272;1372092175
-36.974122;323;233;4273;1372113558
-36.951044;283;219;4272;1372136636
-36.899290;265;211;4277;1372188390
-36.876285;273;215;4277;1372211395
-36.851110;252;206;4275;1372236570
-36.825121;220;193;4274;1372262559
-36.770890;250;205;4273;1372316790
-36.748021;225;195;4276;1372339659
-36.726532;215;190;4271;1372361148
-36.701336;180;174;4277;1372386344
-36.640942;257;208;4272;1372446738
-36.610758;230;197;4275;1372476922
-36.586908;225;195;4275;1372500772
-36.557727;207;187;4277;1372529953
-36.529537;255;207;4276;1372558143
-36.508299;283;219;4276;1372579381
-36.484764;280;217;4273;1372602916
-36.459467;263;211;4273;1372628213
-36.429108;262;210;4277;1372658572
-36.399154;297;224;4278;1372688526
-36.377219;277;216;4278;1372710461
-36.350876;287;220;4277;1372736804
-36.326777;252;206;4277;1372760903
-36.301079;293;222;4280;1372786601
-36.276595;333;237;4280;1372811085
-36.237121;335;238;4274;1372850559
-36.205901;328;235;4277;1372881779
-36.178657;323;233;4273;1372909023
-36.153938;303;226;4273;1372933742
-36.130389;283;219;4277;1372957291
-36.108536;278;217;4277;1372979144
-36.086300;267;212;4273;1373001380
-36.058389;288;220;4275;1373029291
-36.035291;320;232;4275;1373052389
-36.011100;293;222;4275;1373076580
-35.957010;330;236;4273;1373130670
-35.931020;318;232;4273;1373156660
-35.909967;277;216;4273;1373177713
-35.880503;275;215;4275;1373207177
-35.855755;277;216;4275;1373231925
-35.827418;287;220;4276;1373260262
-35.769126;393;258;4278;1373318554
-35.741218;392;257;4277;1373346462
-35.714631;375;252;4274;1373373049
-35.667527;345;241;4275;1373420153
-35.629841;338;239;4277;1373457839
-35.604163;343;241;4275;1373483517
-35.580207;340;240;4275;1373507473
-35.525778;298;224;4275;1373561902
-35.497695;303;226;4276;1373589985
-35.474474;293;222;4276;1373613206
-35.451220;323;233;4272;1373636460
-35.419606;330;236;4275;1373668074
-35.394827;345;241;4275;1373692853
-35.369331;373;251;4279;1373718349
-35.325398;395;258;4274;1373762282
-35.299717;383;254;4275;1373787963
-35.276481;348;242;4275;1373811199
-35.247036;302;226;4277;1373840644
-35.218565;293;222;4274;1373869115
-35.166592;317;231;4275;1373921088
-35.140162;317;231;4273;1373947518
-35.117502;342;240;4273;1373970178
-35.086901;357;245;4280;1374000779
-35.063188;355;245;4280;1374024492
-35.034422;360;247;4275;1374053258
-35.009418;377;252;4275;1374078262
-34.978000;397;259;4278;1374109680
-34.956357;420;266;4280;1374131323
-34.929338;385;255;4277;1374158342
-34.908524;380;253;4277;1374179156
-34.860191;387;256;4275;1374227489
-34.837903;387;256;4275;1374249777
-34.810971;323;233;4275;1374276709
-34.780553;287;220;4276;1374307127
-34.758133;282;218;4276;1374329547
-34.701368;350;243;4274;1374386312
-34.677133;367;249;4274;1374410547
-34.650943;372;251;4275;1374436737
-34.627115;363;248;4275;1374460565
-34.599672;348;242;4280;1374488008
-34.578085;345;241;4280;1374509595
-34.549414;342;240;4272;1374538266
-34.524988;370;250;4272;1374562692
-34.499750;358;246;4273;1374587930
-34.477741;343;241;4275;1374609939
-34.453937;338;239;4274;1374633743
-34.412618;338;239;4275;1374675062
-34.378068;312;229;4272;1374709612
-34.351065;310;229;4272;1374736615
-34.326975;345;241;4272;1374760705
-34.299906;273;215;4273;1374787774
-34.276622;265;211;4273;1374811058
-34.250255;332;237;4271;1374837425
-34.226587;347;242;4271;1374861093
-34.200932;327;235;4274;1374886748
-34.177343;328;235;4274;1374910337
-34.150515;362;247;4276;1374937165
-34.128902;405;262;4276;1374958778
-34.100466;473;283;4275;1374987214
-34.076415;478;284;4275;1375011265
-34.049664;453;277;4275;1375038016
-34.000600;303;226;4276;1375087080
-33.979555;313;230;4276;1375108125
-33.933735;305;227;4276;1375153945
-33.907997;290;221;4277;1375179683
-33.887543;287;220;4277;1375200137
-33.865685;313;230;4275;1375221995
-33.839605;283;219;4277;1375248075
-33.813127;243;202;4277;1375274553
-33.766480;243;202;4276;1375321200
-33.739310;138;152;4277;1375348370
-33.714815;107;134;4277;1375372865
-33.686821;50;92;4281;1375400859
-33.664852;55;96;4281;1375422828
-33.643056;55;96;4276;1375444624
-33.587807;60;100;4277;1375499873
-33.531563;77;114;4276;1375556117
-33.510202;148;158;4276;1375577478
-33.481654;258;209;4276;1375606026
-33.427552;225;195;4278;1375660128
-33.400118;213;190;4279;1375687562
-33.376751;193;180;4279;1375710929
-33.349166;227;196;4275;1375738514
-33.325359;242;202;4275;1375762321
-33.293316;210;188;4279;1375794364
-33.268452;152;160;4275;1375819228
-33.247461;115;139;4275;1375840219
-33.201016;77;114;4275;1375886664
-33.179574;58;99;4279;1375908106
-33.121469;22;61;4276;1375966211
-33.097533;42;84;4276;1375990147
-33.076016;60;100;4278;1376011664
-33.051139;80;116;4278;1376036541
-33.027328;102;131;4277;1376060352
-33.000509;105;133;4275;1376087171
-32.978817;105;133;4275;1376108863
-32.951089;68;107;4274;1376136591
-32.870024;32;73;4276;1376217656
-32.848128;35;77;4278;1376239552
-32.823456;67;106;4275;1376264224
-32.801546;82;117;4276;1376286134
-32.779254;95;126;4273;1376308426
-32.749820;92;124;4275;1376337860
-32.708204;97;128;4277;1376379476
-32.677772;92;124;4273;1376409908
-32.629577;113;138;4273;1376458103
-32.600388;88;122;4278;1376487292
-32.578937;73;111;4278;1376508743
-32.551328;20;58;4279;1376536352
-32.501492;-13;0;4276;1376586188
-32.479147;-30;0;4277;1376608533
-32.451228;-35;0;4276;1376636452
-32.427155;-45;0;4276;1376660525
-32.361493;-20;0;4277;1376726187
-32.338619;-3;0;4277;1376749061
-32.317527;28;68;4277;1376770153
-32.230581;55;96;4276;1376857099
-32.196112;52;93;4275;1376891568
-32.168631;67;106;4277;1376919049
-32.140084;67;106;4274;1376947596
-32.117663;58;99;4274;1376970017
-32.092759;92;124;4279;1376994921
-32.068483;75;112;4277;1377019197
-32.038329;78;114;4276;1377049351
-32.012686;117;140;4279;1377074994
-31.981056;145;156;4276;1377106624
-31.958245;157;163;4275;1377129435
-31.924258;142;155;4277;1377163422
-31.896988;182;175;4271;1377190692
-31.875380;237;200;4271;1377212300
-31.850468;240;201;4275;1377237212
-31.803429;148;158;4274;1377284251
-31.780192;132;149;4274;1377307488
-31.759396;145;156;4276;1377328284
-31.736973;133;150;4278;1377350707
-31.716787;115;139;4278;1377370893
-31.686211;112;137;4275;1377401469
-31.664787;110;136;4275;1377422893
-31.637471;100;130;4277;1377450209
-31.611410;92;124;4275;1377476270
-31.585713;97;128;4277;1377501967
-31.560567;108;135;4277;1377527113
-31.527586;127;146;4274;1377560094
-31.498535;128;147;4276;1377589145
-31.474663;133;150;4276;1377613017
-31.451089;125;145;4278;1377636591
-31.427190;132;149;4279;1377660490
-31.305200;157;163;4279;1377782480
-31.282829;163;166;4275;1377804851
-31.255390;178;173;4276;1377832290
-31.234577;185;177;4276;1377853103
-31.207093;143;155;4276;1377880587
-31.180725;112;137;4277;1377906955
-31.156149;105;133;4277;1377931531
-31.131746;83;118;4275;1377955934
-31.108330;65;104;4275;1377979350
-31.084707;58;99;4275;1378002973
-31.057972;82;117;4279;1378029708
-31.037505;95;126;4279;1378050175
-31.011094;85;120;4277;1378076586
-30.988113;155;162;4277;1378099567
-30.916562;188;178;4277;1378171118
-30.888616;137;152;4277;1378199064
-30.862997;65;104;4278;1378224683
-30.839130;122;143;4278;1378248550
-30.812110;323;233;4277;1378275570
-30.781814;358;246;4273;1378305866
-30.751959;352;244;4281;1378335721
-30.726085;242;202;4280;1378361595
-30.701822;235;199;4280;1378385858
-30.680216;220;193;4275;1378407464
-30.651656;357;245;4276;1378436024
-30.612891;560;308;4274;1378474789
-30.567131;643;330;4274;1378520549
-30.541714;637;328;4277;1378545966
-30.512069;587;315;4275;1378575611
-30.484858;517;296;4275;1378602822
-30.407751;525;298;4277;1378679929
-30.381453;598;318;4279;1378706227
-30.351362;645;330;4277;1378736318
-30.327217;625;325;4277;1378760463
-30.301755;627;325;4277;1378785925
-30.278802;622;324;4277;1378808878
-30.251208;608;321;4276;1378836472
-30.226955;613;322;4276;1378860725
-30.199912;607;320;4274;1378887768
-30.174190;648;331;4277;1378913490
-30.150705;643;330;4277;1378936975
-30.122122;683;340;4274;1378965558
-30.099243;675;338;4274;1378988437
-30.076824;680;339;4277;1379010856
-30.020129;680;339;4281;1379067551
-29.996314;695;343;4281;1379091366
-29.974102;748;356;4277;1379113578
-29.951155;892;388;4280;1379136525
-29.927059;732;352;4275;1379160621
-29.901549;867;383;4277;1379186131
-29.878961;943;399;4275;1379208719
-29.851744;872;384;4275;1379235936
-29.768622;743;354;4276;1379319058
-29.747230;767;360;4277;1379340450
-29.725112;775;362;4274;1379362568
-29.700778;713;347;4278;1379386902
-29.676992;705;345;4279;1379410688
-29.650921;608;321;4274;1379436759
-29.629523;560;308;4274;1379458157
-29.568129;530;299;4278;1379519551
-29.539282;463;280;4275;1379548398
-29.512989;463;280;4276;1379574691
-29.467453;433;270;4277;1379620227
-29.441315;447;275;4276;1379646365
-29.419725;530;299;4276;1379667955
-29.387039;527;298;4274;1379700641
-29.333092;422;267;4273;1379754588
-29.312215;428;269;4280;1379775465
-29.267733;448;275;4279;1379819947
-29.230163;462;279;4276;1379857517
-29.169476;453;277;4276;1379918204
-29.115935;438;272;4277;1379971745
-29.089609;468;281;4276;1379998071
-29.064430;462;279;4276;1380023250
-29.042307;482;285;4275;1380045373
-29.011985;495;289;4277;1380075695
-28.959435;558;307;4276;1380128245
-28.930924;565;309;4279;1380156756
-28.901743;522;297;4280;1380185937
-28.877892;538;301;4280;1380209788
-28.831169;568;310;4277;1380256511
-28.810008;630;326;4274;1380277672
-28.779694;628;326;4276;1380307986
-28.730033;865;382;4274;1380357647
-28.699949;857;381;4274;1380387731
-28.648038;773;361;4277;1380439642
-28.616083;703;345;4277;1380471597
-28.590685;642;329;4277;1380496995
-28.567887;655;333;4277;1380519793
-28.541018;673;337;4277;1380546662
-28.512895;670;336;4278;1380574785
-28.490906;642;329;4278;1380596774
-28.468303;650;331;4279;1380619377
-28.440925;615;322;4277;1380646755
-28.410593;600;318;4279;1380677087
-28.388645;527;298;4279;1380699035
-28.366446;487;287;4277;1380721234
-28.339003;507;293;4276;1380748677
-28.311510;487;287;4278;1380776170
-28.267597;457;278;4276;1380820083
-28.221511;367;249;4278;1380866169
-28.194959;307;228;4280;1380892721
-28.171392;253;207;4280;1380916288
-28.150045;210;188;4275;1380937635
-28.128724;157;163;4277;1380958956
-28.105246;178;173;4281;1380982434
-28.069891;130;148;4280;1381017789
-28.046969;112;137;4280;1381040711
-27.997526;57;98;4279;1381090154
-27.974676;30;71;4279;1381113004
-27.951016;77;114;4277;1381136664
-27.929800;123;144;4276;1381157880
-27.900502;153;161;4277;1381187178
-27.850120;175;172;4278;1381237560
-27.828454;183;176;4278;1381259226
-27.805206;150;159;4280;1381282474
-27.779674;150;159;4279;1381308006
-27.755445;183;176;4279;1381332235
-27.731349;218;192;4275;1381356331
-27.699589;187;178;4278;1381388091
-27.676835;148;158;4278;1381410845
-27.650113;152;160;4279;1381437567
-27.628401;225;195;4279;1381459279
-27.599307;270;213;4279;1381488373
-27.575595;315;231;4279;1381512085
-27.550297;257;208;4277;1381537383
-27.525958;218;192;4277;1381561722
-27.492114;200;184;4277;1381595566
-27.467439;195;181;4277;1381620241
-27.437902;175;172;4277;1381649778
-27.390149;323;233;4278;1381697531
-27.358397;335;238;4277;1381729283
-27.336778;325;234;4275;1381750902
-27.309195;352;244;4277;1381778485
-27.263192;278;217;4278;1381824488
-27.239629;242;202;4277;1381848051
-27.218661;298;224;4278;1381869019
-27.162276;298;224;4278;1381925404
-27.138068;283;219;4278;1381949612
-27.111277;322;233;4278;1381976403
-27.089053;295;223;4278;1381998627
-27.061818;238;200;4278;1382025862
-27.038970;227;196;4278;1382048710
-27.017877;208;187;4279;1382069803
-26.991656;125;145;4277;1382096024
-26.951639;123;144;4276;1382136041
-26.919536;177;173;4278;1382168144
-26.892033;263;211;4278;1382195647
-26.869675;315;231;4278;1382218005
-26.847392;397;259;4278;1382240288
-26.817427;350;243;4276;1382270253
-26.769003;255;207;4277;1382318677
-26.745935;253;207;4279;1382341745
-26.669412;277;216;4279;1382418268
-26.641898;290;221;4278;1382445782
-26.569767;352;244;4279;1382517913
-26.519294;405;262;4278;1382568386
-26.496910;342;240;4278;1382590770
-26.473356;273;215;4277;1382614324
-26.448682;290;221;4276;1382638998
-26.427231;303;226;4278;1382660449
-26.400742;322;233;4279;1382686938
-26.374542;393;258;4274;1382713138
-26.349277;387;256;4274;1382738403
-26.328489;378;253;4277;1382759191
-26.290812;287;220;4279;1382796868
-26.267529;237;200;4279;1382820151
-26.243586;262;210;4278;1382844094
-26.169399;377;252;4277;1382918281
-26.141067;340;240;4277;1382946613
-26.074143;413;264;4279;1383013537
-26.050696;415;265;4280;1383036984
-26.018482;428;269;4278;1383069198
-25.967817;483;286;4280;1383119863
-25.946677;483;286;4282;1383141003
-25.925567;453;277;4275;1383162113
-25.900599;380;253;4278;1383187081
-25.876439;315;231;4276;1383211241
-25.850025;342;240;4275;1383237655
-25.826774;378;253;4275;1383260906
-25.799520;308;228;4279;1383288160
-25.773382;320;232;4277;1383314298
-25.749908;320;232;4277;1383337772
-25.701823;387;256;4281;1383385857
-25.677715;407;262;4281;1383409965
-25.652435;445;274;4281;1383435245
-25.620496;427;269;4278;1383467184
-25.599027;352;244;4275;1383488653
-25.576440;388;256;4280;1383511240
-25.529588;410;263;4280;1383558092
-25.508349;385;255;4278;1383579331
-25.480125;398;259;4273;1383607555
-25.431101;382;254;4276;1383656579
-25.401337;418;266;4280;1383686343
-25.378395;442;273;4280;1383709285
-25.350786;502;291;4280;1383736894
-25.329532;458;278;4280;1383758148
-25.241093;340;240;4278;1383846587
-25.215850;233;198;4278;1383871830
-25.190397;205;186;4279;1383897283
-25.169049;285;219;4279;1383918631
-25.146524;335;238;4277;1383941156
-25.125287;338;239;4276;1383962393
-25.101434;353;244;4279;1383986246
-25.076898;308;228;4277;1384010782
-25.051188;262;210;4277;1384036492
-25.000079;273;215;4277;1384087601
-24.977600;357;245;4275;1384110080
-24.951495;372;251;4278;1384136185
-24.910760;315;231;4277;1384176920
-24.888898;342;240;4277;1384198782
-24.860575;365;248;4277;1384227105
-24.815253;312;229;4279;1384272427
-24.786717;290;221;4278;1384300963
-24.760713;267;212;4278;1384326967
-24.737876;233;198;4278;1384349804
-24.712696;262;210;4278;1384374984
-24.691478;227;196;4278;1384396202
-24.670797;182;175;4276;1384416883
-24.646400;125;145;4281;1384441280
-24.625578;112;137;4278;1384462102
-24.598456;162;165;4277;1384489224
-24.576525;317;231;4277;1384511155
-24.549922;292;222;4278;1384537758
-24.526853;250;205;4278;1384560827
-24.502287;242;202;4278;1384585393
-24.480843;212;189;4276;1384606837
-24.451920;205;186;4280;1384635760
-24.426635;178;173;4280;1384661045
-24.402068;175;172;4282;1384685612
-24.350947;175;172;4280;1384736733
-24.300724;182;175;4273;1384786956
-24.279017;188;178;4279;1384808663
-24.251736;182;175;4279;1384835944
-24.226799;263;211;4279;1384860881
-24.200872;217;191;4277;1384886808
-24.177634;152;160;4277;1384910046
-24.150132;72;110;4281;1384937548
-24.127925;62;102;4281;1384959755
-24.105683;87;121;4277;1384981997
-24.080583;97;128;4277;1385007097
-24.057445;85;120;4277;1385030235
-23.996609;265;211;4278;1385091071
-23.947841;322;233;4279;1385139839
-23.893992;383;254;4282;1385193688
-23.869158;382;254;4282;1385218522
-23.847560;350;243;4281;1385240120
-23.820070;307;228;4277;1385267610
-23.768522;292;222;4279;1385319158
-23.732213;248;205;4277;1385355467
-23.708667;242;202;4277;1385379013
-23.660051;173;171;4278;1385427629
-23.636675;203;185;4278;1385451005
-23.609203;230;197;4279;1385478477
-23.587799;232;198;4279;1385499881
-23.564318;215;190;4281;1385523362
-23.530068;168;168;4282;1385557612
-23.500019;160;164;4277;1385587661
-23.478092;167;168;4277;1385609588
-23.451225;122;143;4279;1385636455
-23.426967;132;149;4279;1385660713
-23.401470;170;169;4279;1385686210
-23.379553;163;166;4279;1385708127
-23.351890;188;178;4279;1385735790
-23.311435;238;200;4278;1385776245
-23.261424;213;190;4276;1385826256
-23.231719;137;152;4275;1385855961
-23.206190;93;125;4277;1385881490
-23.180458;123;144;4277;1385907222
-23.130604;213;190;4278;1385957076
-23.090524;45;87;4278;1385997156
-23.066407;92;124;4278;1386021273
-23.040909;45;87;4280;1386046771
-23.011247;78;114;4281;1386076433
-22.927833;268;213;4279;1386159847
-22.897910;387;256;4282;1386189770
-22.872499;473;283;4282;1386215181
-22.850340;562;308;4280;1386237340
-22.825196;450;276;4279;1386262484
-22.797667;485;286;4275;1386290013
-22.769260;552;305;4279;1386318420
-22.747663;582;314;4279;1386340017
-22.725945;657;333;4279;1386361735
-22.697356;640;329;4279;1386390324
-22.640653;570;310;4278;1386447027
-22.619473;543;303;4278;1386468207
-22.597047;620;324;4277;1386490633
-22.573897;745;355;4279;1386513783
-22.549800;798;367;4278;1386537880
-22.520714;810;370;4279;1386566966
-22.496899;802;368;4279;1386590781
-22.472002;802;368;4275;1386615678
-22.447313;875;385;4279;1386640367
-22.400307;850;379;4281;1386687373
-22.377129;607;320;4281;1386710551
-22.351117;430;269;4281;1386736563
-22.324806;435;271;4280;1386762874
-22.300414;393;258;4280;1386787266
-22.277701;480;285;4277;1386809979
-22.250276;605;320;4278;1386837404
-22.206887;610;321;4281;1386880793
-22.177881;585;314;4278;1386909799
-22.149519;737;353;4279;1386938161
-22.128324;743;354;4279;1386959356
-22.107223;727;351;4281;1386980457
-22.080489;753;357;4279;1387007191
-22.057556;760;358;4279;1387030124
-22.001506;798;367;4280;1387086174
-21.978361;638;328;4280;1387109319
-21.950808;677;338;4281;1387136872
-21.929205;730;351;4281;1387158475
-21.903291;782;364;4277;1387184389
-21.879948;745;355;4277;1387207732
-21.851174;670;336;4275;1387236506
-21.827255;770;361;4275;1387260425
-21.776091;692;342;4279;1387311589
-21.746503;677;338;4280;1387341177
-21.720432;687;341;4278;1387367248
-21.697069;713;347;4278;1387390611
-21.676371;743;354;4277;1387411309
-21.650805;633;327;4277;1387436875
-21.625083;663;335;4280;1387462597
-21.598568;633;327;4277;1387489112
-21.577317;573;311;4277;1387510363
-21.551449;552;305;4279;1387536231
-21.527998;577;312;4279;1387559682
-21.501191;565;309;4278;1387586489
-21.479652;542;303;4278;1387608028
-21.451663;567;310;4281;1387636017
-21.418706;603;319;4278;1387668974
-21.360384;503;291;4278;1387727296
-21.326027;502;291;4278;1387761653
-21.299933;593;317;4278;1387787747
-21.274988;760;358;4278;1387812692
-21.247654;855;380;4280;1387840026
-21.218474;898;390;4279;1387869206
-21.193609;920;394;4279;1387894071
-21.171155;967;404;4279;1387916525
-21.149190;918;394;4281;1387938490
-21.125878;852;380;4279;1387961802
-21.101238;770;361;4278;1387986442
-21.079908;715;348;4279;1388007772
-21.057111;692;342;4277;1388030569
-21.030486;708;346;4283;1388057194
-20.999129;775;362;4281;1388088551
-20.977956;738;353;4281;1388109724
-20.899642;788;365;4277;1388188038
-20.877419;718;348;4277;1388210261
-20.850273;712;347;4279;1388237407
-20.825805;582;314;4279;1388261875
-20.798477;768;360;4278;1388289203
-20.776437;748;356;4278;1388311243
-20.754601;705;345;4280;1388333079
-20.730325;632;327;4280;1388357355
-20.700689;635;328;4281;1388386991
-20.678074;560;308;4281;1388409606
-20.650554;818;372;4278;1388437126
-20.628069;872;384;4278;1388459611
-20.591167;960;403;4281;1388496513
-20.557541;528;299;4279;1388530139
-20.528967;535;301;4280;1388558713
-20.507567;530;299;4280;1388580113
-20.458445;382;254;4282;1388629235
-20.431519;407;262;4279;1388656161
-20.408919;480;285;4279;1388678761
-20.356071;720;349;4281;1388731609
-20.335700;755;357;4281;1388751980
-20.311180;818;372;4277;1388776500
-20.238524;620;324;4281;1388849156
-20.201794;508;293;4277;1388885886
-20.177947;452;276;4277;1388909733
-20.150672;368;249;4278;1388937008
-20.127410;377;252;4278;1388960270
-20.105704;237;200;4279;1388981976
-20.079142;193;180;4277;1389008538
-20.007341;35;77;4279;1389080339
-19.986013;70;108;4281;1389101667
-19.959698;143;155;4279;1389127982
-19.937393;158;163;4279;1389150287
-19.910278;-40;0;4277;1389177402
-19.866720;23;62;4284;1389220960
-19.837937;60;100;4280;1389249743
-19.799830;75;112;4279;1389287850
-19.776313;185;177;4279;1389311367
-19.749655;370;250;4277;1389338025
-19.725183;312;229;4277;1389362497
-19.700441;285;219;4278;1389387239
-19.647693;245;203;4281;1389439987
-19.568117;113;138;4277;1389519563
-19.540799;-65;0;4279;1389546881
-19.510708;-113;0;4280;1389576972
-19.488315;-163;0;4280;1389599365
-19.465681;-242;0;4277;1389621999
-19.441215;-290;0;4280;1389646465
-19.412321;-233;0;4280;1389675359
-19.359873;-272;0;4283;1389727807
-19.330491;-315;0;4283;1389757189
-19.309553;-135;0;4283;1389778127
-19.280525;0;0;4281;1389807155
-19.234551;203;185;4277;1389853129
-19.200792;305;227;4281;1389886888
-19.176610;225;195;4281;1389911070
-19.150717;150;159;4282;1389936963
-19.128736;208;187;4282;1389958944
-19.106910;180;174;4279;1389980770
-19.079655;262;210;4280;1390008025
-19.033457;155;162;4282;1390054223
-19.001899;172;170;4281;1390085781
-18.980078;170;169;4278;1390107602
-18.950521;160;164;4282;1390137159
-18.925117;215;190;4282;1390162563
-18.901385;210;188;4280;1390186295
-18.879385;92;124;4283;1390208295
-18.851479;38;80;4282;1390236201
-18.817096;97;128;4278;1390270584
-18.773025;252;206;4281;1390314655
-18.748286;310;229;4281;1390339394
-18.726639;145;156;4283;1390361041
-18.701211;-45;0;4279;1390386469
-18.678426;-123;0;4279;1390409254
-18.650993;-105;0;4275;1390436687
-18.626842;-270;0;4275;1390460838
-18.601812;-457;0;4279;1390485868
-18.579075;-457;0;4282;1390508605
-18.550295;-395;0;4277;1390537385
-18.529679;-457;0;4277;1390558001
-18.498164;-378;0;4279;1390589516
-18.473417;-277;0;4278;1390614263
-18.450503;-220;0;4280;1390637177
-18.429255;-182;0;4281;1390658425
-18.405765;-187;0;4281;1390681915
-18.348594;-178;0;4281;1390739086
-18.299682;-275;0;4277;1390787998
-18.273984;-342;0;4281;1390813696
-18.253559;-340;0;4281;1390834121
-18.227215;-380;0;4277;1390860465
-18.196966;-428;0;4282;1390890714
-18.174266;-438;0;4282;1390913414
-18.149068;-353;0;4280;1390938612
-18.128417;-328;0;4280;1390959263
-18.105787;-362;0;4277;1390981893
-18.080517;-347;0;4281;1391007163
-18.027256;-328;0;4285;1391060424
-17.999890;-292;0;4281;1391087790
-17.971609;-237;0;4281;1391116071
-17.942145;-217;0;4280;1391145535
-17.901825;-178;0;4282;1391185855
-17.876285;-137;0;4280;1391211395
-17.854825;-135;0;4280;1391232855
-17.829282;-182;0;4281;1391258398
-17.800785;-145;0;4281;1391286895
-17.778538;-110;0;4281;1391309142
-17.750987;-97;0;4281;1391336693
-17.726077;-122;0;4281;1391361603
-17.690466;-150;0;4283;1391397214
-17.667519;-155;0;4283;1391420161
-17.637615;-127;0;4280;1391450065
-17.611552;-125;0;4278;1391476128
-17.565713;-145;0;4280;1391521967
-17.537526;-153;0;4282;1391550154
-17.511133;-122;0;4277;1391576547
-17.439949;-75;0;4281;1391647731
-17.410061;-88;0;4277;1391677619
-17.387109;-90;0;4277;1391700571
-17.359633;-97;0;4278;1391728047
-17.332743;-102;0;4277;1391754937
-17.302039;-68;0;4281;1391785641
-17.277664;-20;0;4281;1391810016
-17.249176;-32;0;4281;1391838504
-17.228641;-88;0;4281;1391859039
-17.194111;-100;0;4282;1391893569
-17.166740;-57;0;4279;1391920940
-17.144073;12;45;4279;1391943607
-17.098912;-120;0;4282;1391988768
-17.074615;-127;0;4279;1392013065
-17.028607;-110;0;4281;1392059073
-17.004960;-163;0;4282;1392082720
-16.978582;-218;0;4283;1392109098
-16.955511;-190;0;4283;1392132169
-16.925470;-252;0;4281;1392162210
-16.899328;-315;0;4281;1392188352
-16.876939;-278;0;4281;1392210741
-16.848380;-223;0;4283;1392239300
-16.826891;-193;0;4283;1392260789
-16.796851;-203;0;4281;1392290829
-16.774387;-210;0;4281;1392313293
-16.749413;-195;0;4283;1392338267
-16.725268;-195;0;4282;1392362412
-16.694280;-257;0;4280;1392393400
-16.670747;-272;0;4280;1392416933
-16.648248;-247;0;4281;1392439432
-16.627341;-215;0;4280;1392460339
-16.587924;-202;0;4282;1392499756
-16.536267;-407;0;4278;1392551413
-16.510154;-288;0;4282;1392577526
-16.464392;-417;0;4283;1392623288
-16.430182;-447;0;4279;1392657498
-16.408373;-363;0;4279;1392679307
-16.380727;-407;0;4281;1392706953
-16.358217;-413;0;4281;1392729463
-16.326271;-447;0;4281;1392761409
-16.299839;-490;0;4283;1392787841
-16.274111;-520;0;4281;1392813569
-16.250705;-590;0;4281;1392836975
-16.227014;-708;0;4279;1392860666
-16.199571;-560;0;4281;1392888109
-16.150048;-492;0;4283;1392937632
-16.127454;-485;0;4283;1392960226
-16.099548;-527;0;4278;1392988132
-16.077702;-470;0;4278;1393009978
-16.051363;-340;0;4280;1393036317
-16.030080;-190;0;4280;1393057600
-16.000712;-612;0;4285;1393086968
-15.978462;-632;0;4285;1393109218
-15.951386;-557;0;4282;1393136294
-15.926361;-453;0;4282;1393161319
-15.900272;-343;0;4281;1393187408
-15.878616;-248;0;4281;1393209064
-15.851451;-527;0;4280;1393236229
-15.828977;-527;0;4280;1393258703
-15.799683;-218;0;4279;1393287997
-15.777001;-17;0;4279;1393310679
-15.730509;-457;0;4281;1393357171
-15.671509;-388;0;4281;1393416171
-15.649495;-360;0;4284;1393438185
-15.625164;-117;0;4280;1393462516
-15.595884;-113;0;4279;1393491796
-15.570595;-192;0;4280;1393517085
-15.544995;-335;0;4281;1393542685
-15.499146;-275;0;4282;1393588534
-15.460325;-277;0;4281;1393627355
-15.437066;-275;0;4282;1393650614
-15.411358;-208;0;4285;1393676322
-15.377419;-132;0;4285;1393710261
-15.351083;-67;0;4280;1393736597
-15.325339;-260;0;4280;1393762341
-15.283170;-338;0;4279;1393804510
-15.255309;-325;0;4281;1393832371
-15.233243;-372;0;4281;1393854437
-15.212022;-383;0;4280;1393875658
-15.181038;-423;0;4283;1393906642
-15.130047;-193;0;4283;1393957633
-15.109146;-450;0;4283;1393978534
-15.087821;-480;0;4283;1393999859
-15.038981;-217;0;4281;1394048699
-15.014045;-167;0;4280;1394073635
-14.967784;-372;0;4282;1394119896
-14.940857;-335;0;4281;1394146823
-14.916369;-137;0;4281;1394171311
-14.879254;-88;0;4281;1394208426
-14.849537;-223;0;4281;1394238143
-14.825644;-358;0;4281;1394262036
-14.801057;-362;0;4279;1394286623
-14.779764;-267;0;4283;1394307916
-14.751232;-147;0;4278;1394336448
-14.730207;-212;0;4278;1394357473
-14.701191;-277;0;4280;1394386489
-14.679984;-280;0;4280;1394407696
-14.651905;-352;0;4280;1394435775
-14.627854;-410;0;4280;1394459826
-14.601344;-535;0;4281;1394486336
-14.579834;-558;0;4281;1394507846
-14.438402;-433;0;4278;1394649278
-14.415248;-568;0;4278;1394672432
-14.368655;-267;0;4282;1394719025
-14.332906;-465;0;4283;1394754774
-14.311062;-562;0;4283;1394776618
-14.281085;-495;0;4280;1394806595
-14.251706;-335;0;4281;1394835974
-14.226860;-302;0;4281;1394860820
-14.197557;-482;0;4284;1394890123
-14.174291;-417;0;4284;1394913389
-14.150102;-298;0;4278;1394937578
-14.127607;-402;0;4287;1394960073
-14.105389;-500;0;4282;1394982291
-14.080019;-278;0;4281;1395007661
-14.036673;-545;0;4284;1395051007
-13.998602;-577;0;4280;1395089078
-13.973009;-363;0;4281;1395114671
-13.949366;-208;0;4281;1395138314
-13.926910;-200;0;4282;1395160770
-13.900832;-153;0;4281;1395186848
-13.876997;-128;0;4281;1395210683
-13.851232;-180;0;4281;1395236448
-13.830062;-240;0;4281;1395257618
-13.801753;-203;0;4283;1395285927
-13.777586;-180;0;4283;1395310094
-13.751351;-270;0;4280;1395336329
-13.692239;-393;0;4281;1395395441
-13.668551;-343;0;4281;1395419129
-13.642328;-228;0;4281;1395445352
-13.621151;-240;0;4281;1395466529
-13.538838;92;124;4281;1395548842
-13.500014;-253;0;4281;1395587666
-13.478574;-375;0;4281;1395609106
-13.451389;-327;0;4279;1395636291
-13.430174;-350;0;4279;1395657506
-13.408151;-310;0;4283;1395679529
-13.380522;-275;0;4280;1395707158
-13.357492;-302;0;4280;1395730188
-13.324112;-143;0;4279;1395763568
-13.297277;-130;0;4279;1395790403
-13.274096;-203;0;4279;1395813584
-13.250641;-317;0;4276;1395837039
-13.229530;-317;0;4281;1395858150
-13.201460;-233;0;4282;1395886220
-13.178622;-50;0;4282;1395909058
-13.139125;-25;0;4279;1395948555
-13.109070;-10;0;4281;1395978610
-13.087094;-18;0;4281;1396000586
-13.065278;-27;0;4281;1396022402
-13.039706;-255;0;4280;1396047974
-13.017763;-357;0;4280;1396069917
-12.967648;-567;0;4283;1396120032
-12.942097;-515;0;4281;1396145583
-12.917357;-638;0;4281;1396170323
-12.885332;-478;0;4281;1396202348
-12.859299;-527;0;4279;1396228381
-12.827440;-375;0;4279;1396260240
-12.767520;-550;0;4279;1396320160
-12.732349;-428;0;4283;1396355331
-12.690895;-187;0;4283;1396396785
-12.664627;-22;0;4281;1396423053
-12.643489;78;114;4281;1396444191
-12.618737;118;141;4278;1396468943
-12.589886;97;128;4280;1396497794
-12.566918;-260;0;4280;1396520762
-12.543740;-237;0;4281;1396543940
-12.516797;240;201;4283;1396570883
-12.468454;-158;0;4279;1396619226
-12.443583;-173;0;4283;1396644097
-12.411594;88;122;4284;1396676086
-12.388269;225;195;4280;1396699411
-12.359384;348;242;4283;1396728296
-12.332601;98;128;4283;1396755079
-12.301942;-5;0;4281;1396785738
-12.279252;73;111;4281;1396808428
-12.231686;20;58;4284;1396855994
-12.196027;-160;0;4284;1396891653
-12.174453;-93;0;4284;1396913227
-12.150604;85;120;4283;1396937076
-12.127886;188;178;4282;1396959794
-12.101421;83;118;4283;1396986259
-12.078069;142;155;4283;1397009611
-12.050744;43;85;4278;1397036936
-12.029221;-153;0;4278;1397058459
-12.008153;-225;0;4284;1397079527
-11.980499;-263;0;4284;1397107181
-11.930367;-202;0;4283;1397157313
-11.904351;-353;0;4285;1397183329
-11.879896;-300;0;4285;1397207784
-11.819290;-477;0;4282;1397268390
-11.790134;-402;0;4282;1397297546
-11.764936;-247;0;4282;1397322744
-11.740662;-413;0;4281;1397347018
-11.711105;-263;0;4286;1397376575
-11.686392;-72;0;4286;1397401288
-11.659110;47;89;4281;1397428570
-11.636552;177;173;4281;1397451128
-11.596966;708;346;4282;1397490714
-11.575871;707;346;4282;1397511809
-11.550138;670;336;4286;1397537542
-11.526242;752;357;4286;1397561438
-11.501374;792;366;4281;1397586306
-11.476775;685;340;4280;1397610905
-11.450461;555;306;4283;1397637219
-11.426042;587;315;4283;1397661638
-11.400345;498;290;4281;1397687335
-11.355800;453;277;4282;1397731880
-11.330682;338;239;4282;1397756998
-11.307907;303;226;4283;1397779773
-11.274309;300;225;4280;1397813371
-11.236639;443;274;4282;1397851041
-11.211877;452;276;4282;1397875803
-11.166598;280;217;4283;1397921082
-11.141254;392;257;4283;1397946426
-11.119469;520;296;4283;1397968211
-11.090288;478;284;4282;1397997392
-11.067120;370;250;4282;1398020560
-11.040550;212;189;4280;1398047130
-11.017239;82;117;4280;1398070441
-10.990830;-108;0;4285;1398096850
-10.939900;-40;0;4278;1398147780
-10.917754;63;103;4278;1398169926
-10.868260;67;106;4281;1398219420
-10.831637;95;126;4284;1398256043
-10.801858;-112;0;4277;1398285822
-10.779863;-183;0;4277;1398307817
-10.751345;-168;0;4279;1398336335
-10.726096;-183;0;4279;1398361584
-10.671201;-80;0;4283;1398416479
-10.649867;100;130;4283;1398437813
-10.624535;122;143;4284;1398463145
-10.569308;33;74;4282;1398518372
-10.547969;-50;0;4283;1398539711
-10.524125;-88;0;4281;1398563555
-10.479748;-177;0;4281;1398607932
-10.450882;-212;0;4282;1398636798
-10.426907;-270;0;4282;1398660773
-10.399409;-110;0;4283;1398688271
-10.378031;-100;0;4283;1398709649
-10.350876;-290;0;4281;1398736804
-10.298302;-175;0;4285;1398789378
-10.276200;-228;0;4277;1398811480
-10.250708;-258;0;4279;1398836972
-10.199049;-147;0;4281;1398888631
-10.177145;-132;0;4281;1398910535
-10.152470;-58;0;4285;1398935210
-10.131106;3;22;4283;1398956574
-10.108277;123;144;4281;1398979403
-10.057842;20;58;4283;1399029838
-10.034565;13;46;4283;1399053115
-10.007376;118;141;4281;1399080304
-9.984559;173;171;4281;1399103121
-9.963639;185;177;4281;1399124041
-9.931126;35;77;4282;1399156554
-9.902180;-73;0;4281;1399185500
-9.878955;-2;0;4281;1399208725
-9.851054;197;182;4279;1399236626
-9.829806;353;244;4279;1399257874
-9.807970;87;121;4284;1399279710
-9.780906;392;257;4281;1399306774
-9.758151;870;384;4281;1399329529
-9.729904;675;338;4280;1399357776
-9.700986;580;313;4285;1399386694
-9.679095;667;336;4285;1399408585
-9.634596;798;367;4283;1399453084
-9.608497;772;361;4283;1399479183
-9.585366;960;403;4283;1399502314
-9.557325;768;360;4281;1399530355
-9.529170;383;254;4283;1399558510
-9.499025;183;176;4281;1399588655
-9.477347;67;106;4281;1399610333
-9.451660;92;124;4279;1399636020
-9.400442;452;276;4283;1399687238
-9.378394;408;262;4279;1399709286
-9.350023;388;256;4285;1399737657
-9.325195;412;264;4285;1399762485
-9.299153;-12;0;4282;1399788527
-9.277693;-35;0;4282;1399809987
-9.249423;357;245;4280;1399838257
-9.175628;762;359;4278;1399912052
-9.150389;825;373;4285;1399937291
-9.127369;853;380;4282;1399960311
-9.099902;880;386;4284;1399987778
-9.076858;753;357;4284;1400010822
-9.051428;557;307;4283;1400036252
-9.029468;218;192;4283;1400058212
-9.007637;133;150;4284;1400080043
-8.980602;30;71;4282;1400107078
-8.957947;-258;0;4282;1400129733
-8.931457;-363;0;4283;1400156223
-8.900872;-542;0;4284;1400186808
-8.877849;-737;0;4284;1400209831
-8.830833;-823;0;4283;1400256847
-8.809356;-750;0;4283;1400278324
-8.788417;-643;0;4283;1400299263
-8.765761;-537;0;4282;1400321919
-8.744678;-478;0;4283;1400343002
-8.698901;-332;0;4284;1400388779
-8.674930;-423;0;4285;1400412750
-8.650511;-350;0;4285;1400437169
-8.601466;-180;0;4283;1400486214
-8.578126;-127;0;4283;1400509554
-8.550539;-13;0;4282;1400537141
-8.525185;167;168;4282;1400562495
-8.500445;320;232;4285;1400587235
-8.478439;165;167;4286;1400609241
-8.451492;202;185;4282;1400636188
-8.426154;200;184;4279;1400661526
-8.382505;200;184;4283;1400705175
-8.356353;110;136;4282;1400731327
-8.335756;-32;0;4282;1400751924
-8.312517;45;87;4283;1400775163
-8.290661;103;132;4281;1400797019
-8.236212;132;149;4286;1400851468
-8.210227;197;182;4287;1400877453
-8.178669;757;358;4282;1400909011
-8.150213;768;360;4281;1400937467
-8.127614;602;319;4281;1400960066
-8.105683;857;381;4287;1400981997
-8.079282;1110;433;4283;1401008398
-8.031343;925;395;4283;1401056337
-8.001881;742;354;4278;1401085799
-7.948512;753;357;4280;1401139168
-7.915802;878;385;4279;1401171878
-7.866290;1008;413;4281;1401221390
-7.837575;618;323;4279;1401250105
-7.807509;562;308;4278;1401280171
-7.784905;595;317;4278;1401302775
-7.759038;580;313;4282;1401328642
-7.737045;545;303;4282;1401350635
-7.710333;475;283;4281;1401377347
-7.685125;488;287;4281;1401402555
-7.659275;630;326;4283;1401428405
-7.598639;805;369;4281;1401489041
-7.575684;622;324;4281;1401511996
-7.549522;568;310;4281;1401538158
-7.525121;760;358;4281;1401562559
-7.480405;547;304;4282;1401607275
-7.433463;360;247;4281;1401654217
-7.407581;718;348;4284;1401680099
-7.385745;813;371;4284;1401701935
-7.363338;917;394;4281;1401724342
-7.338430;1022;416;4283;1401749250
-7.313502;930;397;4283;1401774178
-7.288913;592;316;4284;1401798767
-7.266239;397;259;4284;1401821441
-7.241055;463;280;4281;1401846625
-7.211682;712;347;4281;1401875998
-7.188818;512;294;4281;1401898862
-7.165926;333;237;4281;1401921754
-7.140034;207;187;4285;1401947646
-7.117582;267;212;4285;1401970098
-7.067628;-57;0;4285;1402020052
-7.042929;-327;0;4285;1402044751
-7.019035;-403;0;4282;1402068645
-6.953497;-370;0;4282;1402134183
-6.925821;-462;0;4283;1402161859
-6.870407;-603;0;4282;1402217273
-6.847682;-628;0;4283;1402239998
-6.817576;-587;0;4282;1402270104
-6.790411;-568;0;4283;1402297269
-6.768184;-380;0;4283;1402319496
-6.746954;-485;0;4282;1402340726
-6.724226;-492;0;4281;1402363454
-6.700184;-433;0;4283;1402387496
-6.658677;-472;0;4283;1402429003
-6.627261;-363;0;4285;1402460419
-6.574200;-557;0;4280;1402513480
-6.547654;-580;0;4279;1402540026
-6.517575;-362;0;4285;1402570105
-6.490109;27;67;4282;1402597571
-6.468077;68;107;4282;1402619603
-6.441046;73;111;4284;1402646634
-6.410983;47;89;4281;1402676697
-6.389505;87;121;4281;1402698175
-6.366825;42;84;4289;1402720855
-6.340382;52;93;4283;1402747298
-6.316448;23;62;4283;1402771232
-6.268261;-177;0;4284;1402819419
-6.240900;-27;0;4283;1402846780
-6.216952;-77;0;4283;1402870728
-6.190369;-55;0;4283;1402897311
-6.163665;62;102;4283;1402924015
-6.108289;-220;0;4281;1402979391
-6.078175;-180;0;4285;1403009505
-6.030946;-242;0;4283;1403056734
-6.009647;-317;0;4283;1403078033
-5.987242;-293;0;4285;1403100438
-5.898700;-337;0;4289;1403188980
-5.875646;-267;0;4289;1403212034
-5.851045;-203;0;4281;1403236635
-5.825492;-217;0;4285;1403262188
-5.799994;-205;0;4285;1403287686
-5.777480;-172;0;4285;1403310200
-5.751063;-212;0;4285;1403336617
-5.727223;-208;0;4285;1403360457
-5.670052;-252;0;4280;1403417628
-5.640742;-228;0;4279;1403446938
-5.609807;-292;0;4280;1403477873
-5.563793;-345;0;4284;1403523887
-5.537853;-330;0;4285;1403549827
-5.514843;-352;0;4285;1403572837
-5.489943;-583;0;4283;1403597737
-5.467606;-828;0;4284;1403620074
-5.441167;-835;0;4281;1403646513
-5.410983;-610;0;4285;1403676697
-5.360497;-553;0;4283;1403727183
-5.336176;-615;0;4283;1403751504
-5.303918;-512;0;4285;1403783762
-5.279688;-468;0;4281;1403807992
-5.219554;-637;0;4282;1403868126
-5.180856;-570;0;4283;1403906824
-5.150757;-607;0;4283;1403936923
-5.128873;-577;0;4283;1403958807
-5.107418;-557;0;4281;1403980262
-5.081005;-527;0;4284;1404006675
-5.057862;-548;0;4284;1404029818
-4.967322;-563;0;4285;1404120358
-4.908782;-668;0;4286;1404178898
-4.827169;-673;0;4285;1404260511
-4.769744;-433;0;4284;1404317936
-4.739232;-323;0;4283;1404348448
-4.715811;-260;0;4283;1404371869
-4.686507;-310;0;4286;1404401173
-4.665331;-402;0;4286;1404422349
-4.642996;-662;0;4281;1404444684
-4.617180;-828;0;4284;1404470500
-4.567383;-823;0;4283;1404520297
-4.537447;-732;0;4284;1404550233
-4.509085;-480;0;4285;1404578595
-4.487929;-475;0;4285;1404599751
-4.465404;-767;0;4286;1404622276
-4.432452;-742;0;4283;1404655228
-4.407189;-837;0;4281;1404680491
-4.379950;-678;0;4283;1404707730
-4.357066;-868;0;4283;1404730614
-4.281786;-812;0;4282;1404805894
-4.249590;-782;0;4284;1404838090
-4.228643;-852;0;4283;1404859037
-4.201480;-848;0;4283;1404886200
-4.179984;-700;0;4283;1404907696
-4.151182;-550;0;4282;1404936498
-4.127959;-552;0;4282;1404959721
-4.105902;-285;0;4283;1404981778
-4.080244;-213;0;4286;1405007436
-4.057404;-500;0;4286;1405030276
-4.035847;-313;0;4286;1405051833
-4.005473;-108;0;4283;1405082207
-3.979580;-192;0;4283;1405108100
-3.957619;-247;0;4283;1405130061
-3.930232;-667;0;4283;1405157448
-3.861745;-465;0;4285;1405225935
-3.838989;-398;0;4283;1405248691
-3.815968;-392;0;4286;1405271712
-3.767223;-623;0;4281;1405320457
-3.737593;-892;0;4286;1405350087
-3.711274;-890;0;4282;1405376406
-3.666495;-737;0;4285;1405421185
-3.636601;-667;0;4283;1405451079
-3.607867;-637;0;4284;1405479813
-3.579904;-642;0;4285;1405507776
-3.535509;-875;0;4286;1405552171
-3.509576;-910;0;4284;1405578104
-3.480061;-517;0;4283;1405607619
-3.409700;-525;0;4285;1405677980
-3.365684;-778;0;4285;1405721996
-3.344405;-870;0;4282;1405743275
-3.319528;-827;0;4283;1405768152
-3.294211;-958;0;4281;1405793469
-3.272360;-1162;0;4281;1405815320
-3.246454;-685;0;4280;1405841226
-3.225625;-635;0;4280;1405862055
-3.200840;-482;0;4287;1405886840
-3.176709;-652;0;4285;1405910971
-3.146275;-462;0;4287;1405941405
-3.124441;-353;0;4287;1405963239
-3.102055;-513;0;4282;1405985625
-3.078918;-655;0;4282;1406008762
-3.019609;-838;0;4287;1406068071
-2.994349;-958;0;4283;1406093331
-2.973355;-942;0;4283;1406114325
-2.950151;-798;0;4283;1406137529
-2.928550;-633;0;4287;1406159130
-2.838383;-213;0;4285;1406249297
-2.811360;-157;0;4283;1406276320
-2.765291;228;196;4284;1406322389
-2.740635;-68;0;4281;1406347045
-2.718742;-863;0;4287;1406368938
-2.669191;-1382;0;4282;1406418489
-2.640729;-1382;0;4281;1406446951
-2.600560;-1503;0;4283;1406487120
-2.575100;-1145;0;4282;1406512580
-2.550781;-640;0;4282;1406536899
-2.529120;-418;0;4284;1406558560
-2.501272;143;155;4284;1406586408
-2.478899;347;242;4284;1406608781
-2.429272;387;256;4285;1406658408
-2.407045;440;273;4285;1406680635
-2.381154;220;193;4281;1406706526
-2.358444;5;29;4281;1406729236
-2.336166;80;116;4286;1406751514
-2.311811;348;242;4283;1406775869
-2.284246;348;242;4285;1406803434
-2.262790;155;162;4285;1406824890
-2.236588;82;117;4285;1406851092
-2.178022;262;210;4283;1406909658
-2.152603;513;294;4281;1406935077
-2.128165;423;267;4281;1406959515
-2.106224;472;282;4286;1406981456
-2.079133;393;258;4284;1407008547
-2.056432;425;268;4284;1407031248
-2.029313;448;275;4280;1407058367
-2.007945;430;269;4280;1407079735
-1.984881;343;241;4284;1407102799
-1.960960;183;176;4285;1407126720
-1.935278;-202;0;4283;1407152402
-1.906869;330;236;4286;1407180811
-1.876305;520;296;4283;1407211375
-1.851155;618;323;4283;1407236525
-1.825069;585;314;4283;1407262611
-1.799395;547;304;4283;1407288285
-1.753476;330;236;4285;1407334204
-1.728592;488;287;4284;1407359088
-1.707248;423;267;4285;1407380432
-1.684175;585;314;4282;1407403505
-1.662977;682;339;4285;1407424703
-1.640018;540;302;4285;1407447662
-1.617763;650;331;4285;1407469917
-1.569017;540;302;4282;1407518663
-1.541227;705;345;4283;1407546453
-1.501664;360;247;4284;1407586016
-1.477296;305;227;4284;1407610384
-1.450595;307;228;4287;1407637085
-1.429028;413;264;4287;1407658652
-1.401621;262;210;4281;1407686059
-1.379208;313;230;4281;1407708472
-1.332339;203;185;4284;1407755341
-1.309394;312;229;4284;1407778286
-1.285282;262;210;4285;1407802398
-1.236035;280;217;4281;1407851645
-1.211250;230;197;4284;1407876430
-1.188365;167;168;4281;1407899315
-1.163650;12;45;4283;1407924030
-1.134216;88;122;4285;1407953464
-1.112793;120;142;4285;1407974887
-1.079094;105;133;4283;1408008586
-1.056705;63;103;4283;1408030975
-1.000668;177;173;4283;1408087012
-0.975770;-165;0;4283;1408111910
-0.949383;-358;0;4283;1408138297
-0.898748;-168;0;4281;1408188932
-0.874103;-243;0;4281;1408213577
-0.838681;-190;0;4284;1408248999
-0.781671;-27;0;4281;1408306009
-0.759224;93;125;4283;1408328456
-0.736772;15;50;4285;1408350908
-0.702635;-33;0;4283;1408385045
-0.680470;-35;0;4283;1408407210
-0.658880;-10;0;4284;1408428800
-0.635261;-52;0;4280;1408452419
-0.614664;-142;0;4283;1408473016
-0.593815;-160;0;4284;1408493865
-0.571166;-122;0;4281;1408516514
-0.546796;37;79;4285;1408540884
-0.524172;128;147;4283;1408563508
-0.474110;122;143;4285;1408613570
-0.445841;187;178;4283;1408641839
-0.394242;172;170;4288;1408693438
-0.372271;67;106;4288;1408715409
-0.347995;85;120;4279;1408739685
-0.326935;88;122;4282;1408760745
-0.297761;-20;0;4285;1408789919
-0.272416;-57;0;4285;1408815264
-0.248343;-122;0;4285;1408839337
-0.226571;-182;0;4285;1408861109
-0.200161;-162;0;4282;1408887519
-0.178074;-162;0;4282;1408909606
-0.150192;-148;0;4280;1408937488
-0.097140;-145;0;4281;1408990540
-0.074909;-253;0;4281;1409012771
-0.030599;-65;0;4282;1409057081
0.002108;268;213;4285;1409089788
0.025071;680;339;4285;1409112751
0.050261;1365;480;4281;1409137941
0.072935;2867;697;4285;1409160615
0.101927;3577;778;4286;1409189607
0.124601;4458;869;4286;1409212281
0.149146;5280;945;4287;1409236826
0.172998;5798;991;4280;1409260678
0.219660;9027;1236;4284;1409307340
0.250600;11518;1397;4283;1409338280
0.273415;14518;1568;4283;1409361095
0.301418;16262;1660;4287;1409389098
0.324685;16592;1676;4287;1409412365
0.350594;17637;1728;4284;1409438274
0.382304;17500;1722;4283;1409469984
0.433527;19593;1822;4283;1409521207
0.462491;19387;1812;4285;1409550171
0.485258;20380;1858;4285;1409572938
0.511963;24792;2049;4280;1409599643
0.533820;28267;2188;4280;1409621500
0.559139;30237;2263;4284;1409646819
0.583967;32702;2354;4284;1409671647
0.610601;37718;2528;4282;1409698281
0.632512;41003;2636;4282;1409720192
0.666456;44728;2753;4279;1409754136
0.697613;47223;2829;4281;1409785293
0.722709;48040;2853;4284;1409810389
0.750177;48115;2855;4285;1409837857
0.773218;49873;2907;4285;1409860898
0.798993;52095;2971;4281;1409886673
0.820715;53175;3002;4281;1409908395
0.848880;54597;3041;4280;1409936560
0.877564;54458;3038;4279;1409965244
0.899245;54613;3042;4279;1409986925
0.924910;54613;3042;4280;1410012590
0.945557;54613;3042;4280;1410033237
0.966554;54613;3042;4279;1410054234
0.987183;54613;3042;4282;1410074863
1.034878;54613;3042;4281;1410122558
1.063653;54613;3042;4280;1410151333
1.085673;54613;3042;4280;1410173353
1.132708;54613;3042;4282;1410220388
1.153972;54613;3042;4281;1410241652
1.219679;54613;3042;4277;1410307359
1.243727;54613;3042;4277;1410331407
1.268993;54613;3042;4281;1410356673
1.298308;54613;3042;4279;1410385988
1.320117;54613;3042;4279;1410407797
1.349535;54613;3042;4279;1410437215
1.373003;54613;3042;4279;1410460683
1.399082;54613;3042;4281;1410486762
1.421429;54613;3042;4281;1410509109
1.451989;54613;3042;4279;1410539669
1.473124;54613;3042;4279;1410560804
1.503001;54613;3042;4275;1410590681
1.526996;54613;3042;4275;1410614676
1.559198;54613;3042;4272;1410646878
1.598897;54613;3042;4277;1410686577
1.620392;54613;3042;4277;1410708072
1.648729;54613;3042;4275;1410736409
1.670029;54613;3042;4275;1410757709
1.698325;54613;3042;4280;1410786005
1.722348;54613;3042;4280;1410810028
1.748940;54613;3042;4277;1410836620
1.770070;54613;3042;4277;1410857750
1.798673;54613;3042;4276;1410886353
1.819779;54613;3042;4276;1410907459
1.869457;54613;3042;4279;1410957137
1.893798;54613;3042;4279;1410981478
1.919656;54613;3042;4276;1411007336
1.975180;54613;3042;4275;1411062860
2.000514;54613;3042;4276;1411088194
2.023306;54613;3042;4276;1411110986
2.048448;54613;3042;4274;1411136128
2.069905;54613;3042;4275;1411157585
2.100967;54613;3042;4276;1411188647
2.124581;54613;3042;4276;1411212261
2.149413;54613;3042;4272;1411237093
2.175849;54613;3042;4275;1411263529
2.199337;54613;3042;4275;1411287017
2.223084;54613;3042;4277;1411310764
2.249909;54613;3042;4273;1411337589
2.274180;54613;3042;4273;1411361860
2.300712;54613;3042;4273;1411388392
2.322395;54613;3042;4273;1411410075
2.374036;54613;3042;4276;1411461716
2.399607;54613;3042;4274;1411487287
2.423327;54613;3042;4274;1411511007
2.449919;54613;3042;4277;1411537599
2.474121;54613;3042;4277;1411561801
2.502212;54613;3042;4275;1411589892
2.524164;54613;3042;4275;1411611844
2.549554;54613;3042;4273;1411637234
2.572787;54613;3042;4273;1411660467
2.600651;54613;3042;4273;1411688331
2.622669;54613;3042;4273;1411710349
2.649452;54613;3042;4271;1411737132
2.674068;54613;3042;4271;1411761748
2.700076;54613;3042;4271;1411787756
2.722214;54613;3042;4271;1411809894
2.749354;54613;3042;4272;1411837034
2.777411;54613;3042;4273;1411865091
2.800293;54613;3042;4273;1411887973
2.823672;54613;3042;4271;1411911352
2.850461;54613;3042;4273;1411938141
2.871565;54613;3042;4273;1411959245
2.932479;54613;3042;4268;1412020159
2.962154;54613;3042;4269;1412049834
2.985944;54613;3042;4269;1412073624
3.018105;54613;3042;4270;1412105785
3.069656;54613;3042;4271;1412157336
3.094069;54613;3042;4271;1412181749
3.119804;54613;3042;4273;1412207484
3.142382;54613;3042;4273;1412230062
3.172319;54613;3042;4270;1412259999
3.200341;54613;3042;4270;1412288021
3.221443;54613;3042;4270;1412309123
3.249195;54613;3042;4269;1412336875
3.274988;54613;3042;4273;1412362668
3.299925;54613;3042;4273;1412387605
3.322067;54613;3042;4269;1412409747
3.348974;54613;3042;4274;1412436654
3.370397;54613;3042;4274;1412458077
3.399208;54613;3042;4272;1412486888
3.421180;54613;3042;4272;1412508860
3.450184;54613;3042;4269;1412537864
3.483037;54613;3042;4268;1412570717
3.533109;54613;3042;4265;1412620789
3.556902;54613;3042;4268;1412644582
3.602885;54613;3042;4273;1412690565
3.626264;54613;3042;4268;1412713944
3.651069;54613;3042;4269;1412738749
3.673303;54613;3042;4267;1412760983
3.701288;54613;3042;4268;1412788968
3.724399;54613;3042;4268;1412812079
3.750192;54613;3042;4270;1412837872
3.773338;54613;3042;4270;1412861018
3.799754;54613;3042;4271;1412887434
3.820852;54613;3042;4271;1412908532
3.858049;54613;3042;4271;1412945729
3.882492;54613;3042;4271;1412970172
3.914207;54613;3042;4267;1413001887
3.937290;54613;3042;4268;1413024970
3.962732;54613;3042;4269;1413050412
3.986388;54070;3027;4269;1413074068
4.031292;53245;3004;4270;1413118972
4.062799;52850;2992;4268;1413150479
4.086358;53842;3020;4272;1413174038
4.118718;54213;3031;4274;1413206398
4.141628;53955;3024;4274;1413229308
4.168936;54565;3041;4269;1413256616
4.192159;54613;3042;4269;1413279839
4.220806;54572;3041;4270;1413308486
4.269829;54097;3028;4268;1413357509
4.302575;53357;3007;4269;1413390255
4.332423;53315;3006;4270;1413420103
4.363954;50785;2933;4271;1413451634
4.387164;49092;2884;4268;1413474844
4.418938;51882;2965;4267;1413506618
4.469293;45413;2774;4269;1413556973
4.491684;46590;2810;4269;1413579364
4.519291;44347;2741;4270;1413606971
4.541746;47373;2833;4270;1413629426
4.563003;48740;2874;4268;1413650683
4.586182;47932;2850;4271;1413673862
4.633622;47243;2829;4272;1413721302
4.659227;45463;2775;4269;1413746907
4.681514;47845;2847;4269;1413769194
4.728362;46847;2817;4269;1413816042
4.753803;46927;2820;4273;1413841483
4.775133;47005;2822;4270;1413862813
4.800387;45285;2770;4270;1413888067
4.823217;45955;2790;4269;1413910897
4.851001;45308;2771;4270;1413938681
4.872914;44153;2735;4270;1413960594
4.896141;43693;2721;4267;1413983821
4.928822;41900;2664;4265;1414016502
4.952692;40667;2625;4265;1414040372
5.001574;38833;2565;4267;1414089254
5.024522;37185;2510;4272;1414112202
5.049460;38357;2549;4269;1414137140
5.070803;38073;2540;4270;1414158483
5.101759;39042;2572;4271;1414189439
5.124164;38043;2539;4271;1414211844
5.149814;37652;2526;4270;1414237494
5.175641;38380;2550;4272;1414263321
5.202574;39897;2600;4271;1414290254
5.226060;40437;2617;4271;1414313740
5.250670;39985;2603;4271;1414338350
5.274919;39937;2601;4269;1414362599
5.298796;37272;2513;4269;1414386476
5.321613;39953;2602;4269;1414409293
5.346965;40310;2613;4269;1414434645
5.372071;39707;2594;4269;1414459751
5.402578;38888;2567;4268;1414490258
5.426869;38168;2543;4268;1414514549
5.450370;37473;2520;4269;1414538050
5.474464;37818;2531;4267;1414562144
5.503652;36548;2488;4264;1414591332
5.529004;34197;2407;4267;1414616684
5.551409;33587;2385;4267;1414639089
5.573973;33315;2376;4268;1414661653
5.599336;33415;2379;4269;1414687016
5.624824;32758;2356;4269;1414712504
5.649523;32295;2339;4269;1414737203
5.682390;30972;2291;4267;1414770070
5.732537;31988;2328;4271;1414820217
5.766126;31915;2325;4267;1414853806
5.798903;31760;2320;4266;1414886583
5.825967;31577;2313;4268;1414913647
5.852459;31007;2292;4266;1414940139
5.875465;32650;2352;4266;1414963145
5.896270;32305;2339;4267;1414983950
5.950976;34977;2434;4266;1415038656
5.989642;35053;2437;4268;1415077322
6.035207;34122;2404;4269;1415122887
6.061182;33285;2375;4266;1415148862
6.085782;32388;2342;4266;1415173462
6.113057;29577;2238;4268;1415200737
6.140744;28793;2209;4269;1415228424
6.162190;29477;2235;4269;1415249870
6.185623;29023;2217;4266;1415273303
6.233957;29322;2229;4264;1415321637
6.255698;29787;2246;4266;1415343378
6.282923;29927;2252;4266;1415370603
6.314015;29770;2246;4265;1415401695
6.335724;29115;2221;4265;1415423404
6.362960;30113;2259;4267;1415450640
6.385376;30212;2262;4267;1415473056
