t_s;altitude;temperature;pressure;elevation;uptime_us
-269.901105;-32.19875;37.79;101712.33;3.6384124;1139186575
-269.681008;-31.95566;37.79;101709.448;3.88150216;1139406672
-269.577196;-31.95566;37.79;101709.448;3.88150216;1139510484
-269.472983;-32.135334;37.79;101711.61;3.701828;1139614697
-269.367674;-32.135334;37.79;101711.61;3.701828;1139720006
-269.261638;-32.135334;37.79;101711.61;3.701828;1139826042
-269.123578;-32.13005;37.78;101711.512;3.70711132;1139964102
-269.019493;-32.135334;37.79;101711.61;3.701828;1140068187
-268.909702;-32.135334;37.79;101711.61;3.701828;1140177978
-268.808250;-32.077204;37.79;101710.89;3.7599564;1140279430
-268.706133;-32.077204;37.79;101710.89;3.7599564;1140381547
-268.590299;-32.071924;37.78;101710.8;3.7652396;1140497381
-268.489130;-32.077204;37.79;101710.89;3.7599564;1140598550
-268.385741;-31.775986;37.79;101707.28;4.0611764;1140701939
-268.279168;-31.469482;37.74;101703.57;4.3676796;1140808512
-268.175196;-32.077204;37.79;101710.89;3.7599564;1140912484
-268.073209;-32.204032;37.79;101712.42;3.6331292;1141014471
-267.972287;-32.204032;37.79;101712.42;3.6331292;1141115393
-267.869956;-32.034928;37.8;101710.35;3.80223468;1141217724
-267.751675;-32.02436;37.79;101710.26;3.81280132;1141336005
-267.649235;-32.087776;37.79;101710.98;3.74938584;1141438445
-267.547406;-32.02436;37.79;101710.26;3.81280132;1141540274
-267.322225;-32.09306;37.8;101711.07;3.7441024;1141765455
-267.206904;-32.145904;37.79;101711.7;3.6912574;1141880776
-267.100196;-32.214604;37.8;101712.516;3.6225586;1141987484
-266.998054;-32.204032;37.79;101712.42;3.6331292;1142089626
-266.888469;-32.32558;37.79;101713.86;3.51158136;1142199211
-266.785044;-32.32558;37.79;101713.86;3.51158136;1142302636
-266.680778;-32.31501;37.79;101713.768;3.522152;1142406902
-266.577191;-32.13005;37.78;101711.512;3.70711132;1142510489
-266.475530;-32.19875;37.79;101712.33;3.6384124;1142612150
-266.361235;-32.019072;37.79;101710.16;3.81808868;1142726445
-266.243844;-31.865824;37.77;101708.36;3.97133832;1142843836
-266.141039;-32.019072;37.79;101710.16;3.81808868;1142946641
-266.032216;-32.262164;37.79;101713.14;3.574997;1143055464
-265.923705;-32.145904;37.79;101711.7;3.6912574;1143163975
-265.818975;-32.204032;37.79;101712.42;3.6331292;1143268705
-265.717072;-32.39428;37.8;101714.67;3.44288268;1143370608
-265.611133;-32.330864;37.8;101713.95;3.506298;1143476547
-265.484899;-32.262164;37.79;101713.14;3.574997;1143602781
-265.280949;-32.262164;37.79;101713.14;3.574997;1143806731
-265.179189;-32.32558;37.79;101713.86;3.51158136;1143908491
-265.077004;-32.087776;37.79;101710.98;3.74938584;1144010676
-264.974383;-32.32558;37.79;101713.86;3.51158136;1144113297
-264.873206;-32.204032;37.79;101712.42;3.6331292;1144214474
-264.772228;-32.204032;37.79;101712.42;3.6331292;1144315452
-264.670176;-32.09306;37.8;101711.07;3.7441024;1144417504
-264.567879;-32.214604;37.8;101712.516;3.6225586;1144519801
-264.256858;-32.214604;37.8;101712.516;3.6225586;1144830822
-264.149691;-31.73371;37.76;101706.73;4.1034528;1144937989
-264.047219;-32.145904;37.79;101711.7;3.6912574;1145040461
-263.946294;-32.151188;37.8;101711.79;3.68597416;1145141386
-263.845053;-32.214604;37.8;101712.516;3.6225586;1145242627
-263.725017;-32.151188;37.8;101711.79;3.68597416;1145362663
-263.612938;-32.399564;37.8;101714.768;3.4375992;1145474742
-263.505926;-32.34143;37.8;101714.05;3.4957314;1145581754
-263.403316;-32.27273;37.8;101713.232;3.56443;1145684364
-263.269600;-32.27273;37.8;101713.232;3.56443;1145818080
-263.165366;-32.27273;37.8;101713.232;3.56443;1145922314
-263.063134;-32.262164;37.79;101713.14;3.574997;1146024546
-262.957888;-32.204032;37.79;101712.42;3.6331292;1146129792
-262.828523;-32.145904;37.79;101711.7;3.6912574;1146259157
-262.625189;-32.09306;37.8;101711.07;3.7441024;1146462491
-262.521551;-32.214604;37.8;101712.516;3.6225586;1146566129
-262.397582;-32.39428;37.8;101714.67;3.44288268;1146690098
-262.296170;-32.330864;37.8;101713.95;3.506298;1146791510
-262.194300;-32.330864;37.8;101713.95;3.506298;1146893380
-262.091444;-32.145904;37.79;101711.7;3.6912574;1146996236
-261.973920;-32.204032;37.79;101712.42;3.6331292;1147113760
-261.870370;-32.204032;37.79;101712.42;3.6331292;1147217310
-261.662557;-32.204032;37.79;101712.42;3.6331292;1147425123
-261.536131;-32.087776;37.79;101710.98;3.74938584;1147551549
-261.432497;-32.151188;37.8;101711.79;3.68597416;1147655183
-261.324533;-32.262164;37.79;101713.14;3.574997;1147763147
-261.222876;-32.151188;37.8;101711.79;3.68597416;1147864804
-261.104919;-32.214604;37.8;101712.516;3.6225586;1147982761
-261.002114;-32.214604;37.8;101712.516;3.6225586;1148085566
-260.900048;-32.214604;37.8;101712.516;3.6225586;1148187632
-260.796991;-32.09306;37.8;101711.07;3.7441024;1148290689
-260.673477;-32.151188;37.8;101711.79;3.68597416;1148414203
-260.572058;-32.219888;37.8;101712.61;3.6172752;1148515622
-260.469469;-32.27273;37.8;101713.232;3.56443;1148618211
-260.366881;-32.214604;37.8;101712.516;3.6225586;1148720799
-260.235586;-32.204032;37.79;101712.42;3.6331292;1148852094
-260.130493;-32.27273;37.8;101713.232;3.56443;1148957187
-260.026037;-32.151188;37.8;101711.79;3.68597416;1149061643
-259.920965;-32.151188;37.8;101711.79;3.68597416;1149166715
-259.813902;-32.145904;37.79;101711.7;3.6912574;1149273778
-259.711607;-32.27273;37.8;101713.232;3.56443;1149376073
-259.605449;-32.399564;37.8;101714.768;3.4375992;1149482231
-259.503066;-32.151188;37.8;101711.79;3.68597416;1149584614
-259.390201;-32.27802;37.8;101713.33;3.559143;1149697479
-259.286253;-32.27802;37.8;101713.33;3.559143;1149801427
-259.185020;-32.45769;37.8;101715.484;3.3794708;1149902660
-259.081986;-32.219888;37.8;101712.61;3.6172752;1150005694
-258.978599;-32.27802;37.8;101713.33;3.559143;1150109081
-258.874776;-32.399564;37.8;101714.768;3.4375992;1150212904
-258.767869;-32.27802;37.8;101713.33;3.559143;1150319811
-258.664483;-32.34143;37.8;101714.05;3.4957314;1150423197
-258.554608;-32.34143;37.8;101714.05;3.4957314;1150533072
-258.450924;-32.219888;37.8;101712.61;3.6172752;1150636756
-258.349180;-32.09306;37.8;101711.07;3.7441024;1150738500
-258.245368;-32.151188;37.8;101711.79;3.68597416;1150842312
-258.136785;-32.219888;37.8;101712.61;3.6172752;1150950895
-258.026819;-31.971514;37.8;101709.624;3.86564832;1151060861
-257.918102;-32.098344;37.8;101711.16;3.7388192;1151169578
-257.814958;-32.09306;37.8;101711.07;3.7441024;1151272722
-257.710719;-32.098344;37.8;101711.16;3.7388192;1151376961
-257.603995;-32.034928;37.8;101710.35;3.80223468;1151483685
-257.490992;-32.09306;37.8;101711.07;3.7441024;1151596688
-257.387829;-32.108912;37.81;101711.25;3.72824868;1151699851
-257.279194;-32.288584;37.81;101713.416;3.5485764;1151808486
-257.176580;-32.515824;37.8;101716.2;3.3213386;1151911100
-257.074922;-32.219888;37.8;101712.61;3.6172752;1152012758
-256.965331;-32.040216;37.8;101710.44;3.79694752;1152122349
-256.843413;-32.151188;37.8;101711.79;3.68597416;1152244267
-256.740398;-32.09306;37.8;101711.07;3.7441024;1152347282
-256.639057;-32.27802;37.8;101713.33;3.559143;1152448623
-256.526633;-32.16176;37.8;101711.88;3.6754036;1152561047
-256.395356;-31.913384;37.8;101708.91;3.92377868;1152692324
-256.293611;-32.040216;37.8;101710.44;3.79694752;1152794069
-256.192119;-32.219888;37.8;101712.61;3.6172752;1152895561
-256.089644;-32.09306;37.8;101711.07;3.7441024;1152998036
-255.984461;-32.219888;37.8;101712.61;3.6172752;1153103219
-255.882341;-32.214604;37.8;101712.516;3.6225586;1153205339
-255.778336;-32.098344;37.8;101711.16;3.7388192;1153309344
-255.675523;-32.040216;37.8;101710.44;3.79694752;1153412157
-255.559985;-32.098344;37.8;101711.16;3.7388192;1153527695
-255.455620;-32.098344;37.8;101711.16;3.7388192;1153632060
-255.350530;-31.918668;37.8;101709.0;3.9184932;1153737150
-255.248597;-32.045496;37.81;101710.53;3.7916642;1153839083
-255.120188;-32.16704;37.81;101711.98;3.67012032;1153967492
-255.018001;-32.040216;37.8;101710.44;3.79694752;1154069679
-254.909204;-31.982082;37.8;101709.72;3.8550796;1154178476
-254.807925;-32.16176;37.8;101711.88;3.6754036;1154279755
-254.704190;-32.16704;37.81;101711.98;3.67012032;1154383490
-254.601947;-31.971514;37.8;101709.624;3.86564832;1154485733
-254.498395;-31.982082;37.8;101709.72;3.8550796;1154589285
-254.396807;-32.098344;37.8;101711.16;3.7388192;1154690873
-254.295105;-32.040216;37.8;101710.44;3.79694752;1154792575
-254.182663;-32.16176;37.8;101711.88;3.6754036;1154905017
-254.078297;-32.219888;37.8;101712.61;3.6172752;1155009383
-253.975235;-32.098344;37.8;101711.16;3.7388192;1155112445
-253.874197;-32.16176;37.8;101711.88;3.6754036;1155213483
-253.756542;-32.09306;37.8;101711.07;3.7441024;1155331138
-253.649945;-32.09306;37.8;101711.07;3.7441024;1155437735
-253.546599;-31.982082;37.8;101709.72;3.8550796;1155541081
-253.443635;-31.918668;37.8;101709.0;3.9184932;1155644045
-253.330129;-31.982082;37.8;101709.72;3.8550796;1155757551
-253.221542;-32.16176;37.8;101711.88;3.6754036;1155866138
-253.119128;-32.16704;37.81;101711.98;3.67012032;1155968552
-253.010911;-31.982082;37.8;101709.72;3.8550796;1156076769
-252.908726;-31.929238;37.81;101709.09;3.9079246;1156178954
-252.807178;-31.987368;37.81;101709.81;3.8497944;1156280502
-252.697827;-31.982082;37.8;101709.72;3.8550796;1156389853
-252.589345;-31.860538;37.8;101708.28;3.9766236;1156498335
-252.376810;-32.045496;37.81;101710.53;3.7916642;1156710870
-252.273959;-31.982082;37.8;101709.72;3.8550796;1156813721
-252.162205;-32.040216;37.8;101710.44;3.79694752;1156925475
-252.058319;-31.982082;37.8;101709.72;3.8550796;1157029361
-251.935244;-31.918668;37.8;101709.0;3.9184932;1157152436
-251.824247;-32.098344;37.8;101711.16;3.7388192;1157263433
-251.722547;-32.040216;37.8;101710.44;3.79694752;1157365133
-251.620669;-32.219888;37.8;101712.61;3.6172752;1157467011
-251.519073;-32.288584;37.81;101713.416;3.5485764;1157568607
-251.411814;-31.004442;37.71;101697.97;4.83272;1157675866
-251.301272;-31.696718;37.77;101706.28;4.140444;1157786408
-251.199014;-32.09306;37.8;101711.07;3.7441024;1157888666
-251.068208;-31.770702;37.78;101707.19;4.0664596;1158019472
-250.957802;-31.913384;37.8;101708.91;3.92377868;1158129878
-250.856257;-30.993874;37.74;101697.8;4.8432884;1158231423
-250.754885;-31.855256;37.8;101708.19;3.981907;1158332795
-250.646403;-31.913384;37.8;101708.91;3.92377868;1158441277
-250.544878;-31.73371;37.8;101706.74;4.1034528;1158542802
-250.441478;-31.860538;37.8;101708.28;3.9766236;1158646202
-250.333237;-32.16704;37.81;101711.98;3.67012032;1158754443
-250.219445;-32.045496;37.81;101710.53;3.7916642;1158868235
-250.114359;-31.918668;37.8;101709.0;3.9184932;1158973321
-250.013187;-30.914604;37.73;101696.9;4.922558;1159074493
-249.911669;-31.215824;37.73;101700.5;4.621338;1159176011
-249.805133;-32.087776;37.79;101710.98;3.74938584;1159282547
-249.701173;-31.982082;37.8;101709.72;3.8550796;1159386507
-249.588742;-32.040216;37.8;101710.44;3.79694752;1159498938
-249.485355;-31.982082;37.8;101709.72;3.8550796;1159602325
-249.380050;-31.918668;37.8;101709.0;3.9184932;1159707630
-249.276470;-31.982082;37.8;101709.72;3.8550796;1159811210
-249.171400;-32.108912;37.81;101711.25;3.72824868;1159916280
-249.070049;-32.16704;37.81;101711.98;3.67012032;1160017631
-248.967099;-32.288584;37.81;101713.416;3.5485764;1160120581
-248.850747;-31.871108;37.81;101708.376;3.966055;1160236933
-248.747133;-32.098344;37.8;101711.16;3.7388192;1160340547
-248.637081;-32.108912;37.81;101711.25;3.72824868;1160450599
-248.526402;-31.918668;37.8;101709.0;3.9184932;1160561278
-248.400874;-32.219888;37.8;101712.61;3.6172752;1160686806
-248.290378;-32.040216;37.8;101710.44;3.79694752;1160797302
-248.187294;-32.040216;37.8;101710.44;3.79694752;1160900386
-248.086141;-32.045496;37.81;101710.53;3.7916642;1161001539
-247.956037;-31.982082;37.8;101709.72;3.8550796;1161131643
-247.748789;-32.098344;37.8;101711.16;3.7388192;1161338891
-247.646831;-32.040216;37.8;101710.44;3.79694752;1161440849
-247.540978;-31.79184;37.8;101707.47;4.0453224;1161546702
-247.438444;-31.913384;37.8;101708.91;3.92377868;1161649236
-247.334153;-31.73371;37.8;101706.74;4.1034528;1161753527
-247.222211;-31.982082;37.8;101709.72;3.8550796;1161865469
-247.120457;-32.040216;37.8;101710.44;3.79694752;1161967223
-247.009801;-30.423142;37.68;101690.94;5.4140204;1162077879
-246.908123;-30.639808;37.71;101693.552;5.1973532;1162179557
-246.805193;-32.034928;37.8;101710.35;3.80223468;1162282487
-246.702884;-31.982082;37.8;101709.72;3.8550796;1162384796
-246.593800;-32.040216;37.8;101710.44;3.79694752;1162493880
-246.180894;-31.860538;37.8;101708.28;3.9766236;1162906786
-246.078678;-31.929238;37.81;101709.09;3.9079246;1163009002
-245.976656;-32.040216;37.8;101710.44;3.79694752;1163111024
-245.871348;-32.045496;37.81;101710.53;3.7916642;1163216332
-245.746269;-31.987368;37.81;101709.81;3.8497944;1163341411
-245.644076;-31.987368;37.81;101709.81;3.8497944;1163443604
-245.539328;-31.918668;37.8;101709.0;3.9184932;1163548352
-245.436269;-32.108912;37.81;101711.25;3.72824868;1163651411
-245.199511;-32.108912;37.81;101711.25;3.72824868;1163888169
-245.090234;-32.108912;37.81;101711.25;3.72824868;1163997446
-244.987391;-32.114196;37.81;101711.34;3.7229652;1164100289
-244.885753;-32.16704;37.81;101711.98;3.67012032;1164201927
-244.784188;-32.045496;37.81;101710.53;3.7916642;1164303492
-244.674460;-31.379644;37.76;101702.5;4.4575176;1164413220
-244.573066;-31.860538;37.8;101708.28;3.9766236;1164514614
-244.470891;-31.860538;37.8;101708.28;3.9766236;1164616789
-244.368093;-31.997936;37.81;101709.91;3.8392258;1164719587
-244.260855;-32.108912;37.81;101711.25;3.72824868;1164826825
-244.154182;-31.918668;37.8;101709.0;3.9184932;1164933498
-243.945455;-32.045496;37.81;101710.53;3.7916642;1165142225
-243.842775;-31.987368;37.81;101709.81;3.8497944;1165244905
-243.739464;-31.929238;37.81;101709.09;3.9079246;1165348216
-243.638113;-31.987368;37.81;101709.81;3.8497944;1165449567
-243.514844;-31.807694;37.81;101707.65;4.0294684;1165572836
-243.405739;-31.997936;37.81;101709.91;3.8392258;1165681941
-243.304064;-31.807694;37.81;101707.65;4.0294684;1165783616
-243.200444;-31.997936;37.81;101709.91;3.8392258;1165887236
-243.081862;-32.05607;37.81;101710.624;3.7810936;1166005818
-242.979085;-31.997936;37.81;101709.91;3.8392258;1166108595
-242.876024;-32.045496;37.81;101710.53;3.7916642;1166211656
-242.773887;-31.997936;37.81;101709.91;3.8392258;1166313793
-242.670855;-31.934522;37.81;101709.19;3.90263936;1166416825
-242.568984;-31.997936;37.81;101709.91;3.8392258;1166518696
-242.465312;-31.649156;37.78;101705.75;4.1880056;1166622368
-242.362076;-32.114196;37.81;101711.34;3.7229652;1166725604
-242.252649;-31.876392;37.81;101708.47;3.9607696;1166835031
-242.145803;-32.05607;37.81;101710.624;3.7810936;1166941877
-242.044295;-32.177612;37.81;101712.07;3.6595496;1167043385
-241.941740;-32.05607;37.81;101710.624;3.7810936;1167145940
-241.840191;-31.871108;37.81;101708.376;3.966055;1167247489
-241.737528;-31.876392;37.81;101708.47;3.9607696;1167350152
-241.636337;-31.749564;37.81;101706.93;4.087599;1167451343
-241.535173;-31.807694;37.81;101707.65;4.0294684;1167552507
-241.432720;-31.881678;37.82;101708.552;3.9554844;1167654960
-241.307850;-31.823548;37.82;101707.84;4.0136148;1167779830
-241.202237;-31.945092;37.82;101709.27;3.8920708;1167885443
-241.094354;-32.00322;37.82;101710.0;3.8339424;1167993326
-240.864822;-32.00322;37.82;101710.0;3.8339424;1168222858
-240.762017;-31.823548;37.82;101707.84;4.0136148;1168325663
-240.660332;-31.765418;37.82;101707.11;4.071745;1168427348
-240.425924;-31.823548;37.82;101707.84;4.0136148;1168661756
-240.321945;-31.807694;37.81;101707.65;4.0294684;1168765735
-240.219970;-31.945092;37.82;101709.27;3.8920708;1168867710
-240.117662;-32.06135;37.82;101710.72;3.77581032;1168970018
-240.014410;-31.881678;37.82;101708.552;3.9554844;1169073270
-239.909588;-31.934522;37.81;101709.19;3.90263936;1169178092
-239.800647;-32.124768;37.82;101711.44;3.7123948;1169287033
-239.692135;-32.124768;37.82;101711.44;3.7123948;1169395545
-239.583174;-32.124768;37.82;101711.44;3.7123948;1169504506
-239.479799;-31.945092;37.82;101709.27;3.8920708;1169607881
-239.372685;-32.01379;37.82;101710.09;3.823372;1169714995
-239.269787;-31.945092;37.82;101709.27;3.8920708;1169817893
-239.166630;-31.945092;37.82;101709.27;3.8920708;1169921050
-238.958725;-32.00322;37.82;101710.0;3.8339424;1170128955
-238.857228;-32.13005;37.82;101711.53;3.70711132;1170230452
-238.754618;-32.071924;37.82;101710.81;3.7652396;1170333062
-238.651936;-32.06135;37.82;101710.72;3.77581032;1170435744
-238.549389;-32.00322;37.82;101710.0;3.8339424;1170538291
-238.447270;-32.06135;37.82;101710.72;3.77581032;1170640410
-238.344603;-31.945092;37.82;101709.27;3.8920708;1170743077
-238.211789;-31.945092;37.82;101709.27;3.8920708;1170875891
-238.107579;-31.749564;37.81;101706.93;4.087599;1170980101
-238.000863;-31.997936;37.81;101709.91;3.8392258;1171086817
-237.892202;-31.934522;37.81;101709.19;3.90263936;1171195478
-237.782596;-31.934522;37.81;101709.19;3.90263936;1171305084
-237.681163;-32.124768;37.82;101711.44;3.7123948;1171406517
-237.579090;-32.05607;37.81;101710.624;3.7810936;1171508590
-237.475187;-32.177612;37.81;101712.07;3.6595496;1171612493
-237.353284;-32.241028;37.82;101712.872;3.59613416;1171734396
-237.246034;-32.124768;37.82;101711.44;3.7123948;1171841646
-237.141440;-32.00322;37.82;101710.0;3.8339424;1171946240
-237.040009;-32.124768;37.82;101711.44;3.7123948;1172047671
-236.922960;-31.997936;37.81;101709.91;3.8392258;1172164720
-236.817426;-31.876392;37.81;101708.47;3.9607696;1172270254
-236.716242;-31.881678;37.82;101708.552;3.9554844;1172371438
-236.609605;-32.00322;37.82;101710.0;3.8339424;1172478075
-236.490916;-31.945092;37.82;101709.27;3.8920708;1172596764
-236.385663;-32.124768;37.82;101711.44;3.7123948;1172702017
-236.282709;-32.124768;37.82;101711.44;3.7123948;1172804971
-236.180401;-31.997936;37.81;101709.91;3.8392258;1172907279
-236.057430;-30.71379;37.72;101694.46;5.123371;1173030250
-235.953048;-31.987368;37.81;101709.81;3.8497944;1173134632
-235.848139;-31.997936;37.81;101709.91;3.8392258;1173239541
-235.746170;-31.876392;37.81;101708.47;3.9607696;1173341510
-235.629629;-31.945092;37.82;101709.27;3.8920708;1173458051
-235.527625;-32.05607;37.81;101710.624;3.7810936;1173560055
-235.424514;-31.876392;37.81;101708.47;3.9607696;1173663166
-235.321703;-31.934522;37.81;101709.19;3.90263936;1173765977
-235.194550;-31.934522;37.81;101709.19;3.90263936;1173893130
-234.982152;-31.997936;37.81;101709.91;3.8392258;1174105528
-234.877350;-31.934522;37.81;101709.19;3.90263936;1174210330
-234.744213;-32.05607;37.81;101710.624;3.7810936;1174343467
-234.631033;-32.124768;37.82;101711.44;3.7123948;1174456647
-234.319592;-32.114196;37.81;101711.34;3.7229652;1174768088
-234.218304;-32.05607;37.81;101710.624;3.7810936;1174869376
-234.115696;-32.124768;37.82;101711.44;3.7123948;1174971984
-234.008724;-32.00322;37.82;101710.0;3.8339424;1175078956
-233.866765;-31.934522;37.81;101709.19;3.90263936;1175220915
-233.763066;-31.929238;37.81;101709.09;3.9079246;1175324614
-233.652274;-31.997936;37.81;101709.91;3.8392258;1175435406
-233.547959;-31.934522;37.81;101709.19;3.90263936;1175539721
-233.438106;-31.876392;37.81;101708.47;3.9607696;1175649574
-233.336067;-31.934522;37.81;101709.19;3.90263936;1175751613
-233.224956;-31.945092;37.82;101709.27;3.8920708;1175862724
-233.122143;-31.881678;37.82;101708.552;3.9554844;1175965537
-233.010821;-31.934522;37.81;101709.19;3.90263936;1176076859
-232.907073;-31.881678;37.82;101708.552;3.9554844;1176180607
-232.803941;-31.818262;37.81;101707.74;4.0189;1176283739
-232.699644;-31.945092;37.82;101709.27;3.8920708;1176388036
-232.574744;-32.124768;37.82;101711.44;3.7123948;1176512936
-232.473139;-31.881678;37.82;101708.552;3.9554844;1176614541
-232.371248;-31.997936;37.81;101709.91;3.8392258;1176716432
-232.270375;-32.00322;37.82;101710.0;3.8339424;1176817305
-232.145285;-31.818262;37.81;101707.74;4.0189;1176942395
-232.039083;-31.881678;37.82;101708.552;3.9554844;1177048597
-231.935209;-31.818262;37.81;101707.74;4.0189;1177152471
-231.829575;-31.881678;37.82;101708.552;3.9554844;1177258105
-231.692198;-31.945092;37.82;101709.27;3.8920708;1177395482
-231.584766;-32.00322;37.82;101710.0;3.8339424;1177502914
-231.481554;-32.06135;37.82;101710.72;3.77581032;1177606126
-231.378306;-31.945092;37.82;101709.27;3.8920708;1177709374
-231.251156;-32.124768;37.82;101711.44;3.7123948;1177836524
-231.142212;-32.00322;37.82;101710.0;3.8339424;1177945468
-231.039490;-32.06135;37.82;101710.72;3.77581032;1178048190
-230.937959;-32.13005;37.82;101711.53;3.70711132;1178149721
-230.821020;-32.071924;37.82;101710.81;3.7652396;1178266660
-230.710165;-32.071924;37.82;101710.81;3.7652396;1178377515
-230.496841;-32.18818;37.82;101712.25;3.648983;1178590839
-230.382174;-32.00322;37.82;101710.0;3.8339424;1178705506
-230.278245;-32.071924;37.82;101710.81;3.7652396;1178809435
-230.176143;-32.00322;37.82;101710.0;3.8339424;1178911537
-230.074716;-32.124768;37.82;101711.44;3.7123948;1179012964
-229.972540;-32.13005;37.82;101711.53;3.70711132;1179115140
-229.859429;-32.13005;37.82;101711.53;3.70711132;1179228251
-229.755562;-32.13005;37.82;101711.53;3.70711132;1179332118
-229.652447;-32.071924;37.82;101710.81;3.7652396;1179435233
-229.550975;-30.697938;37.71;101694.27;5.139223;1179536705
-229.448931;-29.825988;37.65;101683.768;6.0111732;1179638749
-229.342466;-29.773142;37.65;101683.14;6.06402;1179745214
-229.234039;-31.522328;37.78;101704.22;4.3148348;1179853641
-229.131869;-32.071924;37.82;101710.81;3.7652396;1179955811
-229.027694;-32.071924;37.82;101710.81;3.7652396;1180059986
-228.822080;-32.01379;37.82;101710.09;3.823372;1180265600
-228.718607;-31.950376;37.82;101709.37;3.8867856;1180369073
-228.615924;-31.950376;37.82;101709.37;3.8867856;1180471756
-228.511487;-32.01379;37.82;101710.09;3.823372;1180576193
-228.401171;-31.765418;37.82;101707.11;4.071745;1180686509
-228.297960;-32.00322;37.82;101710.0;3.8339424;1180789720
-228.196150;-32.00322;37.82;101710.0;3.8339424;1180891530
-227.991710;-31.881678;37.82;101708.552;3.9554844;1181095970
-227.889955;-32.05607;37.81;101710.624;3.7810936;1181197725
-227.785329;-31.997936;37.81;101709.91;3.8392258;1181302351
-227.680590;-32.241028;37.82;101712.872;3.59613416;1181407090
-227.576596;-32.06135;37.82;101710.72;3.77581032;1181511084
-227.473540;-31.934522;37.81;101709.19;3.90263936;1181614140
-227.372123;-32.06135;37.82;101710.72;3.77581032;1181715557
-227.151891;-31.945092;37.82;101709.27;3.8920708;1181935789
-227.048959;-31.934522;37.81;101709.19;3.90263936;1182038721
-226.946221;-31.823548;37.82;101707.84;4.0136148;1182141459
-226.841249;-31.881678;37.82;101708.552;3.9554844;1182246431
-226.735184;-31.696718;37.81;101706.3;4.140444;1182352496
-226.632920;-31.823548;37.82;101707.84;4.0136148;1182454760
-226.529039;-32.00322;37.82;101710.0;3.8339424;1182558641
-226.424300;-31.881678;37.82;101708.552;3.9554844;1182663380
-226.321063;-31.823548;37.82;101707.84;4.0136148;1182766617
-226.212251;-31.945092;37.82;101709.27;3.8920708;1182875429
-226.109505;-31.765418;37.82;101707.11;4.071745;1182978175
-226.006630;-31.834116;37.82;101707.92;4.003046;1183081050
-225.890976;-31.823548;37.82;101707.84;4.0136148;1183196704
-225.783099;-31.881678;37.82;101708.552;3.9554844;1183304581
-225.680580;-31.765418;37.82;101707.11;4.071745;1183407100
-225.577295;-31.881678;37.82;101708.552;3.9554844;1183510385
-225.475321;-32.00322;37.82;101710.0;3.8339424;1183612359
-225.374232;-31.892246;37.82;101708.64;3.94491568;1183713448
-225.270583;-32.01379;37.82;101710.09;3.823372;1183817097
-225.165284;-32.071924;37.82;101710.81;3.7652396;1183922396
-225.042334;-31.464198;37.78;101703.49;4.372965;1184045346
-224.935363;-32.00322;37.82;101710.0;3.8339424;1184152317
-224.831121;-32.01379;37.82;101710.09;3.823372;1184256559
-224.725738;-32.071924;37.82;101710.81;3.7652396;1184361942
-224.609700;-31.945092;37.82;101709.27;3.8920708;1184477980
-224.506657;-32.071924;37.82;101710.81;3.7652396;1184581023
-224.397363;-32.18818;37.82;101712.25;3.648983;1184690317
-224.295892;-32.13005;37.82;101711.53;3.70711132;1184791788
-224.168032;-31.950376;37.82;101709.37;3.8867856;1184919648
-224.063483;-32.077204;37.83;101710.9;3.7599564;1185024197
-223.855178;-32.071924;37.82;101710.81;3.7652396;1185232502
-223.727736;-31.950376;37.82;101709.37;3.8867856;1185359944
-223.622196;-32.01379;37.82;101710.09;3.823372;1185465484
-223.517058;-31.892246;37.82;101708.64;3.94491568;1185570622
-223.411590;-32.01379;37.82;101710.09;3.823372;1185676090
-223.273819;-32.01379;37.82;101710.09;3.823372;1185813861
-223.170996;-31.950376;37.82;101709.37;3.8867856;1185916684
-223.067577;-32.01379;37.82;101710.09;3.823372;1186020103
-222.964664;-32.01379;37.82;101710.09;3.823372;1186123016
-222.835122;-31.612166;37.8;101705.304;4.2249968;1186252558
-222.725354;-31.379644;37.76;101702.5;4.4575176;1186362326
-222.621719;-32.13005;37.82;101711.53;3.70711132;1186465961
-222.512597;-32.06135;37.82;101710.72;3.77581032;1186575083
-222.394291;-32.251596;37.82;101712.97;3.58556736;1186693389
-222.289912;-32.071924;37.82;101710.81;3.7652396;1186797768
-222.085036;-31.950376;37.82;101709.37;3.8867856;1187002644
-221.969413;-31.892246;37.82;101708.64;3.94491568;1187118267
-221.861933;-31.945092;37.82;101709.27;3.8920708;1187225747
-221.760049;-31.823548;37.82;101707.84;4.0136148;1187327631
-221.657874;-31.892246;37.82;101708.64;3.94491568;1187429806
-221.541916;-31.950376;37.82;101709.37;3.8867856;1187545764
-221.438719;-31.892246;37.82;101708.64;3.94491568;1187648961
-221.337215;-31.950376;37.82;101709.37;3.8867856;1187750465
-221.234720;-31.834116;37.82;101707.92;4.003046;1187852960
-221.110222;-31.834116;37.82;101707.92;4.003046;1187977458
-221.002740;-32.01379;37.82;101710.09;3.823372;1188084940
-220.898399;-32.071924;37.82;101710.81;3.7652396;1188189281
-220.550431;-30.872328;37.74;101696.36;4.964834;1188537249
-220.448152;-31.823548;37.82;101707.84;4.0136148;1188639528
-220.346285;-31.950376;37.82;101709.37;3.8867856;1188741395
-220.224136;-31.960946;37.83;101709.46;3.876217;1188863544
-220.123146;-32.14062;37.83;101711.624;3.6965408;1188964534
-220.019413;-31.950376;37.82;101709.37;3.8867856;1189068267
-219.917329;-31.892246;37.82;101708.64;3.94491568;1189170351
-219.800983;-31.96623;37.83;101709.552;3.8709316;1189286697
-219.699164;-31.7812716;37.83;101707.3;4.055891;1189388516
-219.597704;-31.89753;37.83;101708.732;3.9396324;1189489976
-219.496290;-31.960946;37.83;101709.46;3.876217;1189591390
-219.373772;-32.019072;37.83;101710.19;3.81808868;1189713908
-219.272138;-31.960946;37.83;101709.46;3.876217;1189815542
-219.170219;-32.077204;37.83;101710.9;3.7599564;1189917461
-219.069169;-32.077204;37.83;101710.9;3.7599564;1190018511
-218.927135;-31.839402;37.83;101708.016;3.9977608;1190160545
-218.822217;-32.019072;37.83;101710.19;3.81808868;1190265463
-218.710888;-32.019072;37.83;101710.19;3.81808868;1190376792
-218.608792;-32.019072;37.83;101710.19;3.81808868;1190478888
-218.494897;-32.14062;37.83;101711.624;3.6965408;1190592783
-218.389217;-32.077204;37.83;101710.9;3.7599564;1190698463
-218.186178;-32.01379;37.82;101710.09;3.823372;1190901502
-218.082225;-31.881678;37.82;101708.552;3.9554844;1191005455
-217.981253;-32.019072;37.83;101710.19;3.81808868;1191106427
-217.879656;-31.839402;37.83;101708.016;3.9977608;1191208024
-217.777930;-32.077204;37.83;101710.9;3.7599564;1191309750
-217.674219;-32.077204;37.83;101710.9;3.7599564;1191413461
-217.568110;-32.077204;37.83;101710.9;3.7599564;1191519570
-217.461051;-32.14062;37.83;101711.624;3.6965408;1191626629
-217.358187;-32.077204;;0.02;1;1191729493
-217.252027;-32.077204;37.83;101710.9;3.7599564;1191835653
-217.122463;-32.077204;37.83;101710.9;3.7599564;1191965217
-217.013687;-31.960946;37.83;101709.46;3.876217;1192073993
-216.910960;-32.019072;37.83;101710.19;3.81808868;1192176720
-216.808627;-32.14062;37.83;101711.624;3.6965408;1192279053
-216.687101;-32.19875;37.83;101712.34;3.6384124;1192400579
-216.582307;-32.019072;37.83;101710.19;3.81808868;1192505373
-216.479966;-32.077204;37.83;101710.9;3.7599564;1192607714
-216.378087;-31.89753;37.83;101708.732;3.9396324;1192709593
-216.275956;-31.950376;37.82;101709.37;3.8867856;1192811724
-216.173700;-31.7812716;37.83;101707.3;4.055891;1192913980
-216.064929;-31.411352;37.78;101702.86;4.42581;1193022751
-215.962561;-31.643872;37.82;101705.67;4.1932908;1193125119
-215.859799;-31.7812716;37.83;101707.3;4.055891;1193227881
-215.757312;-31.839402;37.83;101708.016;3.9977608;1193330368
-215.653905;-32.019072;37.83;101710.19;3.81808868;1193433775
-215.548859;-31.89753;37.83;101708.732;3.9396324;1193538821
-215.445181;-31.770702;37.82;101707.2;4.0664596;1193642499
-215.343789;-31.839402;37.83;101708.016;3.9977608;1193743891
-215.242346;-31.770702;37.82;101707.2;4.0664596;1193845334
-215.134477;-31.834116;37.82;101707.92;4.003046;1193953203
-215.033258;-31.839402;37.83;101708.016;3.9977608;1194054422
-214.928191;-31.89753;37.83;101708.732;3.9396324;1194159489
-214.723307;-32.019072;37.83;101710.19;3.81808868;1194364373
-214.613702;-31.960946;37.83;101709.46;3.876217;1194473978
-214.511941;-31.892246;37.82;101708.64;3.94491568;1194575739
-214.403157;-31.839402;37.83;101708.016;3.9977608;1194684523
-214.292146;-31.960946;37.83;101709.46;3.876217;1194795534
-214.189747;-32.019072;37.83;101710.19;3.81808868;1194897933
-214.078022;-32.019072;37.83;101710.19;3.81808868;1195009658
-213.976130;-31.749564;37.81;101706.93;4.087599;1195111550
-213.868820;-31.960946;37.83;101709.46;3.876217;1195218860
-213.758467;-31.960946;37.83;101709.46;3.876217;1195329213
-213.623031;-31.839402;37.83;101708.016;3.9977608;1195464649
-213.520216;-31.96623;37.83;101709.552;3.8709316;1195567464
-213.415600;-31.786554;37.83;101707.39;4.0506076;1195672080
-213.307966;-31.9081;37.83;101708.83;3.929062;1195779714
-213.177428;-31.844684;37.83;101708.11;3.99247736;1195910252
-213.074712;-31.9081;37.83;101708.83;3.929062;1196012968
-212.971530;-31.9081;37.83;101708.83;3.929062;1196116150
-212.870193;-32.02436;37.83;101710.264;3.81280132;1196217487
-212.767725;-32.02436;37.83;101710.264;3.81280132;1196319955
-212.666210;-32.02436;37.83;101710.264;3.81280132;1196421470
-212.454261;-31.96623;37.83;101709.552;3.8709316;1196633419
-212.350349;-31.89753;37.83;101708.732;3.9396324;1196737331
-212.243544;-31.960946;37.83;101709.46;3.876217;1196844136
-212.139009;-31.770702;37.82;101707.2;4.0664596;1196948671
-212.036974;-31.960946;37.83;101709.46;3.876217;1197050706
-211.935189;-31.559318;37.8;101704.67;4.2778436;1197152491
-211.829898;-31.89753;37.83;101708.732;3.9396324;1197257782
-211.721000;-31.717856;37.83;101706.58;4.1193068;1197366680
-211.613526;-31.659726;37.83;101705.86;4.177437;1197474154
-211.503790;-31.7812716;37.83;101707.3;4.055891;1197583890
-211.397791;-31.7812716;37.83;101707.3;4.055891;1197689889
-211.187651;-31.9081;37.83;101708.83;3.929062;1197900029
-211.084910;-31.786554;37.83;101707.39;4.0506076;1198002770
-210.981441;-32.087776;37.83;101710.99;3.74938584;1198106239
-210.877414;-31.9081;37.83;101708.83;3.929062;1198210266
-210.772744;-31.960946;37.83;101709.46;3.876217;1198314936
-210.553377;-31.96623;37.83;101709.552;3.8709316;1198534303
-210.450348;-31.834116;37.82;101707.92;4.003046;1198637332
-210.347797;-31.89753;37.83;101708.732;3.9396324;1198739883
-210.246250;-31.96623;37.83;101709.552;3.8709316;1198841430
-210.135068;-31.7812716;37.83;101707.3;4.055891;1198952612
-210.030461;-31.839402;37.83;101708.016;3.9977608;1199057219
-209.921742;-31.89753;37.83;101708.732;3.9396324;1199165938
-209.820113;-31.770702;37.82;101707.2;4.0664596;1199267567
-209.716061;-31.7812716;37.83;101707.3;4.055891;1199371619
-209.614103;-31.9081;37.83;101708.83;3.929062;1199473577
-209.504858;-31.538182;37.83;101704.416;4.2989808;1199582822
-209.398101;-31.717856;37.83;101706.58;4.1193068;1199689579
-209.293544;-31.89753;37.83;101708.732;3.9396324;1199794136
-209.087036;-31.7812716;37.83;101707.3;4.055891;1200000644
-208.983495;-31.9081;37.83;101708.83;3.929062;1200104185
-208.879170;-31.839402;37.83;101708.016;3.9977608;1200208510
-208.774971;-31.844684;37.83;101708.11;3.99247736;1200312709
-208.671325;-31.839402;37.83;101708.016;3.9977608;1200416355
-208.566954;-31.839402;37.83;101708.016;3.9977608;1200520726
-208.445143;-31.844684;37.83;101708.11;3.99247736;1200642537
-208.340841;-31.844684;37.83;101708.11;3.99247736;1200746839
-208.227095;-31.839402;37.83;101708.016;3.9977608;1200860585
-208.123769;-31.89753;37.83;101708.732;3.9396324;1200963911
-208.006797;-31.7812716;37.83;101707.3;4.055891;1201080883
-207.904354;-31.717856;37.83;101706.58;4.1193068;1201183326
-207.800010;-31.654442;37.82;101705.768;4.18272;1201287670
-207.696177;-31.659726;37.83;101705.86;4.177437;1201391503
-207.590330;-31.717856;37.83;101706.58;4.1193068;1201497350
-207.487029;-31.844684;37.83;101708.11;3.99247736;1201600651
-207.381233;-31.844684;37.83;101708.11;3.99247736;1201706447
-207.275691;-31.844684;37.83;101708.11;3.99247736;1201811989
-207.138998;-31.728424;37.83;101706.67;4.108738;1201948682
-207.032408;-31.786554;37.83;101707.39;4.0506076;1202055272
-206.931020;-31.844684;37.83;101708.11;3.99247736;1202156660
-206.827836;-31.670296;37.83;101705.95;4.1668664;1202259844
-206.715726;-31.728424;37.83;101706.67;4.108738;1202371954
-206.611667;-31.844684;37.83;101708.11;3.99247736;1202476013
-206.507281;-31.728424;37.83;101706.67;4.108738;1202580399
-206.401216;-31.60688;37.83;101705.23;4.230282;1202686464
-206.289305;-31.797124;37.84;101707.484;4.040037;1202798375
-206.184570;-31.670296;37.83;101705.95;4.1668664;1202903110
-206.081258;-31.670296;37.83;101705.95;4.1668664;1203006422
-205.980223;-31.670296;37.83;101705.95;4.1668664;1203107457
-205.859044;-31.786554;37.83;101707.39;4.0506076;1203228636
-205.750977;-31.67558;37.84;101706.04;4.161583;1203336703
-205.644977;-31.73371;37.84;101706.76;4.1034528;1203442703
-205.541289;-31.67558;37.84;101706.04;4.161583;1203546391
-205.402262;-31.670296;37.83;101705.95;4.1668664;1203685418
-205.290892;-31.797124;37.84;101707.484;4.040037;1203796788
-205.187347;-31.971514;37.84;101709.64;3.86564832;1203900333
-205.085768;-31.9081;37.83;101708.83;3.929062;1204001912
-204.981859;-31.9081;37.83;101708.83;3.929062;1204105821
-204.756475;-31.797124;37.84;101707.484;4.040037;1204331205
-204.655040;-31.73371;37.84;101706.76;4.1034528;1204432640
-204.552577;-31.855256;37.84;101708.2;3.981907;1204535103
-204.451002;-31.786554;37.83;101707.39;4.0506076;1204636678
-204.244194;-31.844684;37.83;101708.11;3.99247736;1204843486
-204.142898;-31.797124;37.84;101707.484;4.040037;1204944782
-204.041101;-31.797124;37.84;101707.484;4.040037;1205046579
-203.937290;-31.844684;37.83;101708.11;3.99247736;1205150390
-203.836065;-31.971514;37.84;101709.64;3.86564832;1205251615
-203.725342;-31.591026;37.82;101705.05;4.2461356;1205362338
-203.615729;-31.844684;37.83;101708.11;3.99247736;1205471951
-203.514016;-31.844684;37.83;101708.11;3.99247736;1205573664
-203.409277;-32.219888;37.85;101712.624;3.6172752;1205678403
-203.302811;-31.913384;37.84;101708.92;3.92377868;1205784869
-203.200628;-31.855256;37.84;101708.2;3.981907;1205887052
-203.099140;-31.786554;37.83;101707.39;4.0506076;1205988540
-202.997048;-32.02436;37.83;101710.264;3.81280132;1206090632
-202.885260;-31.9081;37.83;101708.83;3.929062;1206202420
-202.780429;-32.02436;37.83;101710.264;3.81280132;1206307251
-202.678944;-32.02436;37.83;101710.264;3.81280132;1206408736
-202.575056;-31.96623;37.83;101709.552;3.8709316;1206512624
-202.471730;-32.087776;37.83;101710.99;3.74938584;1206615950
-202.351946;-32.019072;37.83;101710.19;3.81808868;1206735734
-202.248873;-31.844684;37.83;101708.11;3.99247736;1206838807
-202.145461;-31.96623;37.83;101709.552;3.8709316;1206942219
-202.043544;-31.839402;37.83;101708.016;3.9977608;1207044136
-201.914872;-32.204032;37.83;101712.44;3.6331292;1207172808
-201.792252;-32.02436;37.83;101710.264;3.81280132;1207295428
-201.688766;-31.56989;37.81;101704.768;4.267273;1207398914
-201.580250;-31.717856;37.83;101706.58;4.1193068;1207507430
-201.474207;-32.02436;37.83;101710.264;3.81280132;1207613473
-201.371680;-31.786554;37.83;101707.39;4.0506076;1207716000
-201.268339;-31.9081;37.83;101708.83;3.929062;1207819341
-201.164091;-31.96623;37.83;101709.552;3.8709316;1207923589
-201.042893;-31.786554;37.83;101707.39;4.0506076;1208044787
-200.941124;-31.844684;37.83;101708.11;3.99247736;1208146556
-200.834395;-32.02436;37.83;101710.264;3.81280132;1208253285
-200.727036;-32.02436;37.83;101710.264;3.81280132;1208360644
-200.619235;-31.960946;37.83;101709.46;3.876217;1208468445
-200.517302;-31.960946;37.83;101709.46;3.876217;1208570378
-200.416061;-31.89753;37.83;101708.732;3.9396324;1208671619
-200.313902;-31.89753;37.83;101708.732;3.9396324;1208773778
-200.197447;-32.019072;37.83;101710.19;3.81808868;1208890233
-200.094978;-32.019072;37.83;101710.19;3.81808868;1208992702
-199.981910;-32.019072;37.83;101710.19;3.81808868;1209105770
-199.876634;-32.077204;37.83;101710.9;3.7599564;1209211046
-199.774557;-32.02436;37.83;101710.264;3.81280132;1209313123
-199.667407;-32.01379;37.82;101710.09;3.823372;1209420273
-199.565175;-32.02436;37.83;101710.264;3.81280132;1209522505
-199.462419;-32.019072;37.83;101710.19;3.81808868;1209625261
-199.249652;-31.89753;37.83;101708.732;3.9396324;1209838028
-199.147224;-32.02436;37.83;101710.264;3.81280132;1209940456
-199.046284;-31.960946;37.83;101709.46;3.876217;1210041396
-198.944899;-31.7812716;37.83;101707.3;4.055891;1210142781
-198.840612;-31.89753;37.83;101708.732;3.9396324;1210247068
-198.739057;-31.89753;37.83;101708.732;3.9396324;1210348623
-198.522236;-31.96623;37.83;101709.552;3.8709316;1210565444
-198.415453;-31.9081;37.83;101708.83;3.929062;1210672227
-198.311834;-31.9081;37.83;101708.83;3.929062;1210775846
-198.207433;-31.971514;37.84;101709.64;3.86564832;1210880247
-198.103088;-31.971514;37.84;101709.64;3.86564832;1210984592
-197.997589;-31.9081;37.83;101708.83;3.929062;1211090091
-197.895433;-31.96623;37.83;101709.552;3.8709316;1211192247
-197.794042;-31.9081;37.83;101708.83;3.929062;1211293638
-197.588457;-31.157694;37.77;101699.8;4.679468;1211499223
-197.486690;-32.01379;37.82;101710.09;3.823372;1211600990
-197.384438;-32.087776;37.83;101710.99;3.74938584;1211703242
-197.280271;-32.034928;37.84;101710.36;3.80223468;1211807409
-197.147663;-31.96623;37.83;101709.552;3.8709316;1211940017
-197.046291;-31.9081;37.83;101708.83;3.929062;1212041389
-196.944843;-32.087776;37.83;101710.99;3.74938584;1212142837
-196.839432;-32.145904;37.83;101711.72;3.6912574;1212248248
-196.723905;-31.960946;37.83;101709.46;3.876217;1212363775
-196.610600;-31.96623;37.83;101709.552;3.8709316;1212477080
-196.502634;-31.844684;37.83;101708.11;3.99247736;1212585046
-196.401004;-31.786554;37.83;101707.39;4.0506076;1212686676
-196.273519;-31.844684;37.83;101708.11;3.99247736;1212814161
-196.170352;-32.02436;37.83;101710.264;3.81280132;1212917328
-196.069003;-31.844684;37.83;101708.11;3.99247736;1213018677
-195.966572;-31.971514;37.84;101709.64;3.86564832;1213121108
-195.841149;-31.728424;37.83;101706.67;4.108738;1213246531
-195.740077;-31.971514;37.84;101709.64;3.86564832;1213347603
-195.522242;-31.9081;37.83;101708.83;3.929062;1213565438
-195.400314;-31.654442;37.82;101705.768;4.18272;1213687366
-195.289444;-30.830052;37.75;101695.83;5.0071108;1213798236
-195.186606;-30.602816;37.72;101693.11;5.2343464;1213901074
-195.082493;-30.354442;37.72;101690.13;5.4827192;1214005187
-194.959549;-30.301598;37.72;101689.5;5.5355644;1214128131
-194.852139;-29.92111;37.71;101684.91;5.916052;1214235541
-194.744440;-30.100784;37.71;101687.06;5.7363776;1214343240
-194.641673;-31.469482;37.82;101703.59;4.3676796;1214446007
-194.535023;-30.51298;37.74;101692.04;5.3241824;1214552657
-194.432694;-30.090216;37.7;101686.97;5.7469464;1214654986
-194.226364;-31.654442;37.82;101705.768;4.18272;1214861316
-194.020949;-31.860538;37.85;101708.3;3.9766236;1215066731
-193.919134;-31.511758;37.81;101704.05;4.325403;1215168546
-193.817168;-31.971514;37.84;101709.64;3.86564832;1215270512
-193.705624;-31.923954;37.85;101709.016;3.913208;1215382056
-193.600017;-31.797124;37.84;101707.484;4.040037;1215487663
-193.490087;-32.103628;37.85;101711.17;3.73353568;1215597593
-193.386624;-31.982082;37.85;101709.736;3.8550796;1215701056
-193.284983;-31.982082;37.85;101709.736;3.8550796;1215802697
-193.182701;-31.971514;37.84;101709.64;3.86564832;1215904979
-193.081303;-31.855256;37.84;101708.2;3.981907;1216006377
-192.978047;-31.797124;37.84;101707.484;4.040037;1216109633
-192.874983;-31.982082;37.85;101709.736;3.8550796;1216212697
-192.748872;-32.040216;37.85;101710.45;3.79694752;1216338808
-192.646703;-31.913384;37.84;101708.92;3.92377868;1216440977
-192.538964;-31.971514;37.84;101709.64;3.86564832;1216548716
-192.437019;-31.96623;37.83;101709.552;3.8709316;1216650661
-192.312569;-31.913384;37.84;101708.92;3.92377868;1216775111
-192.198062;-31.971514;37.84;101709.64;3.86564832;1216889618
-191.875623;-31.797124;37.84;101707.484;4.040037;1217212057
-191.774106;-30.137776;37.69;101687.512;5.6993868;1217313574
-191.669560;-30.354442;37.72;101690.13;5.4827192;1217418120
-191.567266;-31.517044;37.81;101704.14;4.320118;1217520414
-191.435771;-31.591026;37.82;101705.05;4.2461356;1217651909
-191.334344;-31.982082;37.85;101709.736;3.8550796;1217753336
-191.233239;-31.855256;37.84;101708.2;3.981907;1217854441
-191.129394;-32.034928;37.84;101710.36;3.80223468;1217958286
-191.024568;-32.034928;37.84;101710.36;3.80223468;1218063112
-190.923244;-31.913384;37.84;101708.92;3.92377868;1218164436
-190.822186;-31.855256;37.84;101708.2;3.981907;1218265494
-190.590431;-31.971514;37.84;101709.64;3.86564832;1218497249
-190.485379;-30.766638;37.75;101695.11;5.070524;1218602301
-190.383864;-31.844684;37.83;101708.11;3.99247736;1218703816
-190.279863;-31.971514;37.84;101709.64;3.86564832;1218807817
-190.149898;-31.982082;37.85;101709.736;3.8550796;1218937782
-190.041165;-31.913384;37.84;101708.92;3.92377868;1219046515
-189.936637;-32.034928;37.84;101710.36;3.80223468;1219151043
-189.835094;-31.96623;37.83;101709.552;3.8709316;1219252586
-189.717688;-32.09306;37.84;101711.084;3.7441024;1219369992
-189.613610;-32.034928;37.84;101710.36;3.80223468;1219474070
-189.508235;-32.16176;37.85;101711.9;3.6754036;1219579445
-189.405655;-32.034928;37.84;101710.36;3.80223468;1219682025
-189.282199;-31.786554;37.83;101707.39;4.0506076;1219805481
-189.173807;-31.971514;37.84;101709.64;3.86564832;1219913873
-189.072036;-32.02436;37.83;101710.264;3.81280132;1220015644
-188.970152;-32.034928;37.84;101710.36;3.80223468;1220117528
-188.847589;-32.034928;37.84;101710.36;3.80223468;1220240091
-188.742056;-31.844684;37.83;101708.11;3.99247736;1220345624
-188.640138;-31.913384;37.84;101708.92;3.92377868;1220447542
-188.535206;-31.913384;37.84;101708.92;3.92377868;1220552474
-188.420314;-32.034928;37.84;101710.36;3.80223468;1220667366
-188.318258;-29.752004;37.68;101682.88;6.0851576;1220769422
-188.214648;-31.511758;37.81;101704.05;4.325403;1220873032
-188.108478;-31.670296;37.83;101705.95;4.1668664;1220979202
-188.004225;-31.855256;37.84;101708.2;3.981907;1221083455
-187.903140;-31.913384;37.84;101708.92;3.92377868;1221184540
-187.787889;-31.96623;37.83;101709.552;3.8709316;1221299791
-187.672184;-31.96623;37.83;101709.552;3.8709316;1221415496
-187.567705;-31.971514;37.84;101709.64;3.86564832;1221519975
-187.253466;-31.728424;37.83;101706.67;4.108738;1221834214
-187.130058;-31.728424;37.83;101706.67;4.108738;1221957622
-187.027982;-31.786554;37.83;101707.39;4.0506076;1222059698
-186.923166;-31.728424;37.83;101706.67;4.108738;1222164514
-186.818961;-31.786554;37.83;101707.39;4.0506076;1222268719
-186.688820;-32.02436;37.83;101710.264;3.81280132;1222398860
-186.584845;-31.844684;37.83;101708.11;3.99247736;1222502835
-186.480496;-31.913384;37.84;101708.92;3.92377868;1222607184
-186.377640;-31.855256;37.84;101708.2;3.981907;1222710040
-186.247220;-31.9081;37.83;101708.83;3.929062;1222840460
-186.144233;-31.765418;37.82;101707.11;4.071745;1222943447
-186.042954;-31.797124;37.84;101707.484;4.040037;1223044726
-185.941278;-31.855256;37.84;101708.2;3.981907;1223146402
-185.835701;-31.913384;37.84;101708.92;3.92377868;1223251979
-185.723626;-31.913384;37.84;101708.92;3.92377868;1223364054
-185.405862;-32.034928;37.84;101710.36;3.80223468;1223681818
-185.304232;-31.982082;37.85;101709.736;3.8550796;1223783448
-185.203329;-32.040216;37.85;101710.45;3.79694752;1223884351
-185.099636;-31.987368;37.85;101709.83;3.8497944;1223988044
-184.985412;-31.982082;37.85;101709.736;3.8550796;1224102268
-184.882072;-31.913384;37.84;101708.92;3.92377868;1224205608
-184.778220;-31.923954;37.85;101709.016;3.913208;1224309460
-184.676855;-31.971514;37.84;101709.64;3.86564832;1224410825
-184.556585;-31.802408;37.85;101707.58;4.034754;1224531095
-184.452243;-32.05078;37.85;101710.55;3.7863808;1224635437
-184.346552;-31.923954;37.85;101709.016;3.913208;1224741128
-184.245183;-31.982082;37.85;101709.736;3.8550796;1224842497
-183.992229;-31.855256;37.84;101708.2;3.981907;1225095451
-183.780389;-31.73371;37.84;101706.76;4.1034528;1225307291
-183.667739;-31.860538;37.85;101708.3;3.9766236;1225419941
-183.565539;-31.60688;37.83;101705.23;4.230282;1225522141
-183.462905;-31.728424;37.83;101706.67;4.108738;1225624775
-183.353969;-31.670296;37.83;101705.95;4.1668664;1225733711
-183.220212;-31.797124;37.84;101707.484;4.040037;1225867468
-183.119128;-31.728424;37.83;101706.67;4.108738;1225968552
-183.007910;-31.844684;37.83;101708.11;3.99247736;1226079770
-182.892047;-31.797124;37.84;101707.484;4.040037;1226195633
-182.782870;-32.034928;37.84;101710.36;3.80223468;1226304810
-182.676734;-31.913384;37.84;101708.92;3.92377868;1226410946
-182.573607;-31.971514;37.84;101709.64;3.86564832;1226514073
-182.471653;-31.9081;37.83;101708.83;3.929062;1226616027
-182.359377;-31.844684;37.83;101708.11;3.99247736;1226728303
-182.250285;-31.855256;37.84;101708.2;3.981907;1226837395
-182.148899;-31.797124;37.84;101707.484;4.040037;1226938781
-182.047131;-31.971514;37.84;101709.64;3.86564832;1227040549
-181.942499;-31.855256;37.84;101708.2;3.981907;1227145181
-181.833805;-30.97802;37.77;101697.64;4.8591424;1227253875
-181.731746;-31.659726;37.83;101705.86;4.177437;1227355934
-181.497301;-32.034928;37.84;101710.36;3.80223468;1227590379
-181.395135;-31.797124;37.84;101707.484;4.040037;1227692545
-181.293089;-31.855256;37.;-119;1;1227794591
-181.191317;-31.855256;37.84;101708.2;3.981907;1227896363
-181.068531;-31.913384;37.84;101708.92;3.92377868;1228019149
-180.950881;-31.971514;37.84;101709.64;3.86564832;1228136799
-180.841971;-31.797124;37.84;101707.484;4.040037;1228245709
-180.732792;-31.855256;37.84;101708.2;3.981907;1228354888
-180.496871;-31.913384;37.84;101708.92;3.92377868;1228590809
-180.395043;-31.923954;37.85;101709.016;3.913208;1228692637
-180.289277;-31.923954;37.85;101709.016;3.913208;1228798403
-180.165132;-31.855256;37.84;101708.2;3.981907;1228922548
-180.062854;-31.855256;37.84;101708.2;3.981907;1229024826
-179.958359;-31.802408;37.85;101707.58;4.034754;1229129321
-179.850125;-31.913384;37.84;101708.92;3.92377868;1229237555
-179.723655;-31.860538;37.85;101708.3;3.9766236;1229364025
-179.616031;-31.797124;37.84;101707.484;4.040037;1229471649
-179.509588;-31.855256;37.84;101708.2;3.981907;1229578092
-179.400138;-31.971514;37.84;101709.64;3.86564832;1229687542
-179.189036;-31.797124;37.84;101707.484;4.040037;1229898644
-179.086668;-31.797124;37.84;101707.484;4.040037;1230001012
-178.984745;-31.802408;37.85;101707.58;4.034754;1230102935
-178.880834;-31.797124;37.84;101707.484;4.040037;1230206846
-178.775449;-31.802408;37.85;101707.58;4.034754;1230312231
-178.673956;-31.923954;37.85;101709.016;3.913208;1230413724
-178.565663;-31.913384;37.84;101708.92;3.92377868;1230522017
-178.443800;-31.982082;37.85;101709.736;3.8550796;1230643880
-178.339471;-31.982082;37.85;101709.736;3.8550796;1230748209
-178.124213;-31.923954;37.85;101709.016;3.913208;1230963467
-178.021518;-31.67558;37.84;101706.04;4.161583;1231066162
-177.803468;-31.802408;37.85;101707.58;4.034754;1231284212
-177.692268;-31.802408;37.85;101707.58;4.034754;1231395412
-177.562021;-31.554036;37.84;101704.59;4.283127;1231525659
-177.348021;-31.617448;37.84;101705.32;4.219713;1231739659
-177.246238;-31.744278;37.85;101706.85;4.092884;1231841442
-177.115395;-31.67558;37.84;101706.04;4.161583;1231972285
-177.011225;-31.797124;37.84;101707.484;4.040037;1232076455
-176.909579;-31.923954;37.85;101709.016;3.913208;1232178101
-176.808093;-31.802408;37.85;101707.58;4.034754;1232279587
-176.676610;-31.802408;37.85;101707.58;4.034754;1232411070
-176.572936;-31.802408;37.85;101707.58;4.034754;1232514744
-176.469175;-31.987368;37.85;101709.83;3.8497944;1232618505
-176.368041;-31.860538;37.85;101708.3;3.9766236;1232719639
-176.265739;-31.860538;37.85;101708.3;3.9766236;1232821941
-176.162207;-31.744278;37.85;101706.85;4.092884;1232925473
-176.053271;-31.73371;37.84;101706.76;4.1034528;1233034409
-175.950030;-31.802408;37.85;101707.58;4.034754;1233137650
-175.842754;-31.802408;37.85;101707.58;4.034754;1233244926
-175.740996;-31.860538;37.85;101708.3;3.9766236;1233346684
-175.637807;-31.73371;37.84;101706.76;4.1034528;1233449873
-175.522282;-31.73371;37.84;101706.76;4.1034528;1233565398
-175.419950;-31.802408;37.85;101707.58;4.034754;1233667730
-175.308932;-31.30566;37.79;101701.61;4.531502;1233778748
-175.200891;-31.247532;37.79;101700.89;4.58963;1233886789
-175.099265;-31.252816;37.8;101700.984;4.584347;1233988415
-174.997449;-31.797124;37.84;101707.484;4.040037;1234090231
-174.895011;-31.744278;37.85;101706.85;4.092884;1234192669
-174.788960;-31.744278;37.85;101706.85;4.092884;1234298720
-174.685499;-31.332084;37.81;101701.88;4.5050776;1234402181
-174.579459;-31.73371;37.84;101706.76;4.1034528;1234508221
-174.477375;-31.680864;37.85;101706.132;4.1562976;1234610305
-174.375315;-31.749564;37.85;101706.948;4.087599;1234712365
-174.273823;-31.744278;37.85;101706.85;4.092884;1234813857
-174.171805;-31.860538;37.85;101708.3;3.9766236;1234915875
-174.067961;-31.802408;37.85;101707.58;4.034754;1235019719
-173.856083;-31.622734;37.85;101705.41;4.214428;1235231597
-173.752508;-31.802408;37.85;101707.58;4.034754;1235335172
-173.627525;-31.871108;37.85;101708.38;3.966055;1235460155
-173.410235;-31.744278;37.85;101706.85;4.092884;1235677445
-173.307943;-31.802408;37.85;101707.58;4.034754;1235779737
-173.186755;-31.802408;37.85;101707.58;4.034754;1235900925
-173.085215;-31.812976;37.85;101707.67;4.024185;1236002465
-172.983227;-31.744278;37.85;101706.85;4.092884;1236104453
-172.880022;-31.929238;37.85;101709.11;3.9079246;1236207658
-172.748355;-31.860538;37.85;101708.3;3.9766236;1236339325
-172.640015;-31.923954;37.85;101709.016;3.913208;1236447665
-172.527995;-31.860538;37.85;101708.3;3.9766236;1236559685
-172.421859;-31.860538;37.85;101708.3;3.9766236;1236665821
-172.315394;-31.812976;37.85;101707.67;4.024185;1236772286
-172.211634;-31.802408;37.85;101707.58;4.034754;1236876046
-172.103192;-31.691432;37.85;101706.22;4.145729;1236984488
-172.000387;-31.812976;37.85;101707.67;4.024185;1237087293
-171.896899;-31.680864;37.85;101706.132;4.1562976;1237190781
-171.793822;-31.54875;37.83;101704.51;4.288412;1237293858
-171.585983;-31.812976;37.85;101707.67;4.024185;1237501697
-171.475326;-31.744278;37.85;101706.85;4.092884;1237612354
-171.369422;-31.749564;37.85;101706.948;4.087599;1237718258
-171.266993;-31.691432;37.85;101706.22;4.145729;1237820687
-171.164672;-31.622734;37.85;101705.41;4.214428;1237923008
-171.054083;-31.622734;37.85;101705.41;4.214428;1238033597
-170.950693;-31.860538;37.85;101708.3;3.9766236;1238136987
-170.849235;-31.871108;37.85;101708.38;3.966055;1238238445
-170.741916;-31.860538;37.85;101708.3;3.9766236;1238345764
-170.599227;-31.744278;37.85;101706.85;4.092884;1238488453
-170.494757;-31.622734;37.85;101705.41;4.214428;1238592923
-170.383246;-31.744278;37.85;101706.85;4.092884;1238704434
-170.278730;-31.680864;37.85;101706.132;4.1562976;1238808950
-170.147644;-31.860538;37.85;101708.3;3.9766236;1238940036
-170.043536;-31.860538;37.85;101708.3;3.9766236;1239044144
-169.930746;-31.860538;37.85;101708.3;3.9766236;1239156934
-169.826942;-31.680864;37.85;101706.132;4.1562976;1239260738
-169.612678;-31.67558;37.84;101706.04;4.161583;1239475002
-169.507833;-31.797124;37.84;101707.484;4.040037;1239579847
-169.404878;-31.617448;37.84;101705.32;4.219713;1239682802
-169.303024;-31.855256;37.84;101708.2;3.981907;1239784656
-169.198907;-31.855256;37.84;101708.2;3.981907;1239888773
-169.096044;-31.971514;37.84;101709.64;3.86564832;1239991636
-168.972839;-31.728424;37.83;101706.67;4.108738;1240114841
-168.871090;-31.786554;37.83;101707.39;4.0506076;1240216590
-168.766029;-31.797124;37.84;101707.484;4.040037;1240321651
-168.664018;-31.855256;37.84;101708.2;3.981907;1240423662
-168.560087;-31.855256;37.84;101708.2;3.981907;1240527593
-168.450424;-31.913384;37.84;101708.92;3.92377868;1240637256
-168.349212;-31.855256;37.84;101708.2;3.981907;1240738468
-168.245759;-32.034928;37.84;101710.36;3.80223468;1240841921
-168.143779;-31.913384;37.84;101708.92;3.92377868;1240943901
-168.036098;-31.73371;37.84;101706.76;4.1034528;1241051582
-167.934283;-31.786554;37.83;101707.39;4.0506076;1241153397
-167.829539;-31.73371;37.84;101706.76;4.1034528;1241258141
-167.598805;-31.4;21;-105;1;1241488875
-167.495371;-30.983304;37.78;101697.73;4.853859;1241592309
-167.291065;-31.73371;37.84;101706.76;4.1034528;1241796615
-167.170869;-31.923954;37.85;101709.016;3.913208;1241916811
-166.960886;-31.860538;37.85;101708.3;3.9766236;1242126794
-166.739877;-31.744278;37.85;101706.85;4.092884;1242347803
-166.519278;-31.987368;37.85;101709.83;3.8497944;1242568402
-166.416477;-31.929238;37.85;101709.11;3.9079246;1242671203
-166.281046;-31.802408;37.85;101707.58;4.034754;1242806634
-166.175408;-31.749564;37.85;101706.948;4.087599;1242912272
-166.073003;-31.802408;37.85;101707.58;4.034754;1243014677
-165.971217;-31.860538;37.85;101708.3;3.9766236;1243116463
-165.842119;-31.802408;37.85;101707.58;4.034754;1243245561
-165.739043;-31.802408;37.85;101707.58;4.034754;1243348637
-165.637025;-31.987368;37.85;101709.83;3.8497944;1243450655
-165.531116;-31.860538;37.85;101708.3;3.9766236;1243556564
-165.424991;-31.797124;37.84;101707.484;4.040037;1243662689
-165.317721;-31.860538;37.85;101708.3;3.9766236;1243769959
-165.216201;-31.73371;37.84;101706.76;4.1034528;1243871479
-165.114516;-31.982082;37.85;101709.736;3.8550796;1243973164
-164.990525;-31.923954;37.85;101709.016;3.913208;1244097155
-164.779304;-31.73371;37.84;101706.76;4.1034528;1244308376
-164.676616;-31.73371;37.84;101706.76;4.1034528;1244411064
-164.548768;-31.67558;37.84;101706.04;4.161583;1244538912
-164.444362;-31.67558;37.84;101706.04;4.161583;1244643318
-164.340983;-31.913384;37.84;101708.92;3.92377868;1244746697
-164.233628;-31.728424;37.83;101706.67;4.108738;1244854052
-164.114150;-31.797124;37.84;101707.484;4.040037;1244973530
-164.012206;-31.786554;37.83;101707.39;4.0506076;1245075474
-163.910337;-31.670296;37.83;101705.95;4.1668664;1245177343
-163.809113;-31.73371;37.84;101706.76;4.1034528;1245278567
-163.701117;-31.60688;37.83;101705.23;4.230282;1245386563
-163.591734;-31.844684;37.83;101708.11;3.99247736;1245495946
-163.487479;-31.844684;37.83;101708.11;3.99247736;1245600201
-163.380103;-31.786554;37.83;101707.39;4.0506076;1245707577
-163.276548;-31.844684;37.83;101708.11;3.99247736;1245811132
-163.174057;-31.56989;37.81;101704.768;4.267273;1245913623
-163.071908;-31.7812716;37.83;101707.3;4.055891;1246015772
-162.970102;-31.717856;37.83;101706.58;4.1193068;1246117578
-162.867500;-31.844684;37.83;101708.11;3.99247736;1246220180
-162.762446;-31.9081;37.83;101708.83;3.929062;1246325234
-162.656853;-31.913384;37.84;101708.92;3.92377868;1246430827
-162.552678;-31.797124;37.84;101707.484;4.040037;1246535002
-162.451022;-31.786554;37.83;101707.39;4.0506076;1246636658
-162.336664;-31.67558;37.84;101706.04;4.161583;1246751016
-161.808728;-31.680864;37.85;101706.132;4.1562976;1247278952
-161.701093;-31.871108;37.85;101708.38;3.966055;1247386587
-161.389438;-31.923954;37.85;101709.016;3.913208;1247698242
-161.280708;-31.744278;37.85;101706.85;4.092884;1247806972
-161.177352;-31.923954;37.85;101709.016;3.913208;1247910328
-161.075205;-31.691432;37.85;101706.22;4.145729;1248012475
-160.960551;-31.812976;37.85;101707.67;4.024185;1248127129
-160.755959;-31.622734;37.85;101705.41;4.214428;1248331721
-160.649265;-31.812976;37.85;101707.67;4.024185;1248438415
-160.528293;-31.691432;37.8;02;4.145729;1248559387
-160.422560;-31.691432;37.85;101706.22;4.145729;1248665120
-160.315812;-31.749564;37.85;101706.948;4.087599;1248771868
-160.207979;-31.812976;37.85;101707.67;4.024185;1248879701
-159.993194;-31.812976;37.85;101707.67;4.024185;1249094486
-159.888509;-31.749564;37.85;101706.948;4.087599;1249199171
-159.782641;-31.812976;37.85;101707.67;4.024185;1249305039
-159.661218;-31.871108;37.85;101708.38;3.966055;1249426462
-159.450440;-31.812976;37.85;101707.67;4.024185;1249637240
-159.345996;-31.812976;37.85;101707.67;4.024185;1249741684
-159.219851;-31.50119;37.85;101703.97;4.335972;1249867829
-159.118024;-31.744278;37.85;101706.85;4.092884;1249969656
-159.016048;-31.812976;37.85;101707.67;4.024185;1250071632
-158.907687;-31.744278;37.85;101706.85;4.092884;1250179993
-158.799946;-31.744278;37.85;101706.85;4.092884;1250287734
-158.697692;-30.95688;37.8;101697.376;4.8802816;1250389988
-158.591082;-31.680864;37.85;101706.132;4.1562976;1250496598
-158.476329;-31.680864;37.85;101706.132;4.1562976;1250611351
-158.373538;-31.744278;37.85;101706.85;4.092884;1250714142
-158.271491;-31.812976;37.85;101707.67;4.024185;1250816189
-158.169616;-31.680864;37.85;101706.132;4.1562976;1250918064
-158.068103;-31.680864;37.85;101706.132;4.1562976;1251019577
-157.963809;-31.680864;37.85;101706.132;4.1562976;1251123871
-157.861629;-31.564604;37.85;101704.69;4.272558;1251226051
-157.749463;-31.812976;37.85;101707.67;4.024185;1251338217
-157.640657;-31.871108;37.85;101708.38;3.966055;1251447023
-157.535667;-31.62802;37.85;101705.5;4.2091428;1251552013
-157.311820;-31.691432;37.85;101706.22;4.145729;1251775860
-157.208152;-31.56989;37.85;101704.78;4.267273;1251879528
-156.989715;-31.564604;37.85;101704.69;4.272558;1252097965
-156.885732;-31.580458;37.86;101704.872;4.2567044;1252201948
-156.784091;-31.50119;37.85;101703.97;4.335972;1252303589
-156.656663;-31.44306;37.85;101703.25;4.394102;1252431017
-156.551979;-31.691432;37.85;101706.22;4.145729;1252535701
-156.443752;-31.564604;37.85;101704.69;4.272558;1252643928
-156.342296;-31.62802;37.85;101705.5;4.2091428;1252745384
-156.233975;-31.50119;37.85;101703.97;4.335972;1252853705
-156.131636;-31.50119;37.85;101703.97;4.335972;1252956044
-155.802766;-31.511758;37.85;101704.06;4.325403;1253284914
-155.593895;-31.62802;37.85;101705.5;4.2091428;1253493785
-155.486353;-31.749564;37.85;101706.948;4.087599;1253601327
-155.384426;-31.871108;37.85;101708.38;3.966055;1253703254
-155.280808;-31.691432;37.85;101706.22;4.145729;1253806872
-155.175392;-31.812976;37.85;101707.67;4.024185;1253912288
-155.072226;-31.997936;37.86;101709.92;3.8392258;1254015454
-154.940125;-31.691432;37.85;101706.22;4.145729;1254147555
-154.837107;-31.691432;37.85;101706.22;4.145729;1254250573
-154.733579;-31.56989;37.85;101704.78;4.267273;1254354101
-154.622254;-31.564604;37.85;101704.69;4.272558;1254465426
-154.510839;-31.691432;37.85;101706.22;4.145729;1254576841
-154.407923;-31.62802;37.85;101705.5;4.2091428;1254679757
-154.301739;-31.680864;37.85;101706.132;4.1562976;1254785941
-154.198198;-31.691432;37.85;101706.22;4.145729;1254889482
-154.075762;-31.62802;37.85;101705.5;4.2091428;1255011918
-153.974100;-31.749564;37.85;101706.948;4.087599;1255113580
-153.872199;-31.56989;37.85;101704.78;4.267273;1255215481
-153.771017;-31.62802;37.85;101705.5;4.2091428;1255316663
-153.640309;-31.680864;37.85;101706.132;4.1562976;1255447371
-153.532267;-31.680864;37.85;101706.132;4.1562976;1255555413
-153.429283;-31.812976;37.85;101707.67;4.024185;1255658397
-153.192814;-31.691432;37.85;101706.22;4.145729;1255894866
-153.091185;-31.62802;37.85;101705.5;4.2091428;1255996495
-152.884643;-31.812976;37.85;101707.67;4.024185;1256203037
-152.762659;-31.50119;37.85;101703.97;4.335972;1256325021
-152.661028;-31.680864;37.85;101706.132;4.1562976;1256426652
-152.551812;-31.696718;37.86;101706.31;4.140444;1256535868
-152.450343;-31.691432;37.85;101706.22;4.145729;1256637337
-152.320973;-31.691432;37.85;101706.22;4.145729;1256766707
-152.217518;-31.62802;37.85;101705.5;4.2091428;1256870162
-152.115669;-31.554036;37.84;101704.59;4.283127;1256972011
-152.014089;-31.622734;37.85;101705.41;4.214428;1257073591
-151.907868;-31.696718;37.86;101706.31;4.140444;1257179812
-151.806357;-31.696718;37.86;101706.31;4.140444;1257281323
-151.692164;-31.696718;37.86;101706.31;4.140444;1257395516
-151.591036;-31.749564;37.85;101706.948;4.087599;1257496644
-151.488783;-31.691432;37.85;101706.22;4.145729;1257598897
-151.383045;-31.818262;37.86;101707.75;4.0189;1257704635
-151.279588;-31.760132;37.86;101707.04;4.07703;1257808092
-151.177215;-31.56989;37.85;101704.78;4.267273;1257910465
-151.067896;-31.56989;37.85;101704.78;4.267273;1258019784
-150.965865;-31.56989;37.85;101704.78;4.267273;1258121815
-150.757300;-31.818262;37.86;101707.75;4.0189;1258330380
-150.516106;-31.696718;37.86;101706.31;4.140444;1258571574
-150.408503;-31.691432;37.85;101706.22;4.145729;1258679177
-150.307125;-31.749564;37.85;101706.948;4.087599;1258780555
-150.204794;-31.691432;37.85;101706.22;4.145729;1258882886
-150.103242;-31.680864;37.85;101706.132;4.1562976;1258984438
-149.991413;-31.511758;37.85;101704.06;4.325403;1259096267
-149.886658;-31.62802;37.85;101705.5;4.2091428;1259201022
-149.755907;-31.691432;37.85;101706.22;4.145729;1259331773
-149.650817;-31.749564;37.85;101706.948;4.087599;1259436863
-149.549136;-31.56989;37.85;101704.78;4.267273;1259538544
-149.447437;-31.511758;37.85;101704.06;4.325403;1259640243
-149.346195;-31.62802;37.85;101705.5;4.2091428;1259741485
-149.245018;-31.511758;37.85;101704.06;4.325403;1259842662
-149.143269;-31.760132;37.86;101707.04;4.07703;1259944411
-149.041718;-31.760132;37.86;101707.04;4.07703;1260045962
-148.926488;-31.696718;37.86;101706.31;4.140444;1260161192
-148.723328;-31.691432;37.85;101706.22;4.145729;1260364352
-148.622221;-31.62802;37.85;101705.5;4.2091428;1260465459
-148.511054;-31.56989;37.85;101704.78;4.267273;1260576626
-148.401005;-31.818262;37.86;101707.75;4.0189;1260686675
-148.295820;-31.818262;37.86;101707.75;4.0189;1260791860
-148.188061;-31.62802;37.85;101705.5;4.2091428;1260899619
-148.056716;-31.818262;37.86;101707.75;4.0189;1261030964
-147.951618;-31.511758;37.85;101704.06;4.325403;1261136062
-147.847426;-31.818262;37.86;101707.75;4.0189;1261240254
-147.744820;-31.818262;37.86;101707.75;4.0189;1261342860
-147.636292;-31.765418;37.86;101707.128;4.071745;1261451388
-147.533576;-31.760132;37.86;101707.04;4.07703;1261554104
-147.429621;-31.696718;37.86;101706.31;4.140444;1261658059
-147.319764;-31.638588;37.86;101705.59;4.198574;1261767916
-147.183384;-31.760132;37.86;101707.04;4.07703;1261904296
-147.080653;-31.765418;37.86;101707.128;4.071745;1262007027
-146.979026;-31.696718;37.86;101706.31;4.140444;1262108654
-146.877046;-31.638588;37.86;101705.59;4.198574;1262210634
-146.775012;-31.580458;37.86;101704.872;4.2567044;1262312668
-146.651462;-31.760132;37.86;101707.04;4.07703;1262436218
-146.545990;-31.760132;37.86;101707.04;4.07703;1262541690
-146.441944;-31.760132;37.86;101707.04;4.07703;1262645736
-146.339103;-31.580458;37.86;101704.872;4.2567044;1262748577
-146.230841;-31.696718;37.86;101706.31;4.140444;1262856839
-146.129279;-31.585742;37.86;101704.97;4.251419;1262958401
-146.026127;-31.527612;37.86;101704.24;4.3095492;1263061553
-145.917488;-31.696718;37.86;101706.31;4.140444;1263170192
-145.814911;-30.962166;37.8;101697.47;4.874996;1263272769
-145.711716;-31.400784;37.86;101702.71;4.4363784;1263375964
-145.601041;-31.585742;37.86;101704.97;4.251419;1263486639
-145.468512;-31.517044;37.86;101704.16;4.320118;1263619168
-145.362742;-31.458914;37.86;101703.43;4.378248;1263724938
-145.260571;-31.580458;37.86;101704.872;4.2567044;1263827109
-145.155857;-31.580458;37.86;101704.872;4.2567044;1263931823
-144.917243;-31.643872;37.86;101705.69;4.1932908;1264170437
-144.811012;-31.696718;37.86;101706.31;4.140444;1264276668
-144.706166;-31.638588;37.86;101705.59;4.198574;1264381514
-144.576682;-31.765418;37.86;101707.128;4.071745;1264510998
-144.473529;-31.638588;37.86;101705.59;4.198574;1264614151
-144.372104;-31.760132;37.86;101707.04;4.07703;1264715576
-144.270182;-31.696718;37.86;101706.31;4.140444;1264817498
-144.165880;-31.765418;37.86;101707.128;4.071745;1264921800
-144.057535;-31.638588;37.86;101705.59;4.198574;1265030145
-143.846132;-31.760132;37.86;101707.04;4.07703;1265241548
-143.744741;-31.295092;37.82;101701.44;4.5420704;1265342939
-143.643133;-31.638588;37.86;101705.59;4.198574;1265444547
-143.539136;-31.696718;37.86;101706.31;4.140444;1265548544
-143.435947;-31.760132;37.86;101707.04;4.07703;1265651733
-143.333285;-31.765418;37.86;101707.128;4.071745;1265754395
-143.229126;-31.638588;37.86;101705.59;4.198574;1265858554
-143.125624;-31.707286;37.86;101706.41;4.129875;1265962056
-143.018575;-31.580458;37.86;101704.872;4.2567044;1266069105
-142.910168;-31.638588;37.86;101705.59;4.198574;1266177512
-142.802792;-31.696718;37.86;101706.31;4.140444;1266284888
-142.700434;-31.580458;37.86;101704.872;4.2567044;1266387246
-142.597953;-31.638588;37.86;101705.59;4.198574;1266489727
-142.357383;-31.580458;37.86;101704.872;4.2567044;1266730297
-142.249208;-31.638588;37.86;101705.59;4.198574;1266838472
-142.148154;-31.638588;37.86;101705.59;4.198574;1266939526
-142.047253;-31.643872;37.86;101705.69;4.1932908;1267040427
-141.942450;-31.696718;37.86;101706.31;4.140444;1267145230
-141.838735;-31.696718;37.86;101706.31;4.140444;1267248945
-141.731328;-31.643872;37.86;101705.69;4.1932908;1267356352
-141.612199;-31.696718;37.86;101706.31;4.140444;1267475481
-141.502604;-31.696718;37.86;101706.31;4.140444;1267585076
-141.399733;-31.707286;37.86;101706.41;4.129875;1267687947
-141.184965;-31.765418;37.86;101707.128;4.071745;1267902715
-141.081779;-31.707286;37.86;101706.41;4.129875;1268005901
-140.978567;-31.765418;37.86;101707.128;4.071745;1268109113
-140.874273;-31.527612;37.86;101704.24;4.3095492;1268213407
-140.772124;-31.643872;37.86;101705.69;4.1932908;1268315556
-140.670218;-31.580458;37.86;101704.872;4.2567044;1268417462
-140.568988;-31.765418;37.86;101707.128;4.071745;1268518692
-140.342402;-31.643872;37.86;101705.69;4.1932908;1268745278
-140.232721;-31.707286;37.86;101706.41;4.129875;1268854959
-140.098594;-31.643872;37.86;101705.69;4.1932908;1268989086
-139.994721;-31.643872;37.86;101705.69;4.1932908;1269092959
-139.788595;-31.707286;37.86;101706.41;4.129875;1269299085
-139.659090;-31.030864;37.81;101698.28;4.8062972;1269428590
-139.451517;-31.823548;37.86;101707.84;4.0136148;1269636163
-139.348563;-31.643872;37.86;101705.69;4.1932908;1269739117
-139.230716;-31.765418;37.86;101707.128;4.071745;1269856964
-139.128335;-31.696718;37.86;101706.31;4.140444;1269959345
-138.918098;-31.707286;37.86;101706.41;4.129875;1270169582
-138.787221;-31.580458;37.86;101704.872;4.2567044;1270300459
-138.683303;-31.517044;37.86;101704.16;4.320118;1270404377
-138.582069;-31.707286;37.86;101706.41;4.129875;1270505611
-138.479590;-31.517044;37.86;101704.16;4.320118;1270608090
-138.374131;-31.585742;37.86;101704.97;4.251419;1270713549
-138.269851;-31.453628;37.85;101703.34;4.3835336;1270817829
-138.164500;-31.580458;37.86;101704.872;4.2567044;1270923180
-138.062361;-31.580458;37.86;101704.872;4.2567044;1271025319
-137.960178;-31.511758;37.85;101704.06;4.325403;1271127502
-137.856409;-31.580458;37.86;101704.872;4.2567044;1271231271
-137.753086;-31.511758;37.85;101704.06;4.325403;1271334594
-137.648477;-31.511758;37.85;101704.06;4.325403;1271439203
-137.547097;-31.511758;37.85;101704.06;4.325403;1271540583
-137.326414;-31.44306;37.85;101703.25;4.394102;1271761266
-137.219754;-31.517044;37.86;101704.16;4.320118;1271867926
-137.118066;-31.458914;37.86;101703.43;4.378248;1271969614
-137.015635;-31.517044;37.86;101704.16;4.320118;1272072045
-136.911934;-31.517044;37.86;101704.16;4.320118;1272175746
-136.690634;-31.638588;37.86;101705.59;4.198574;1272397046
-136.582729;-31.638588;37.86;101705.59;4.198574;1272504951
-136.479099;-31.517044;37.86;101704.16;4.320118;1272608581
-136.372756;-31.458914;37.86;101703.43;4.378248;1272714924
-136.270371;-31.638588;37.86;101705.59;4.198574;1272817309
-136.140448;-31.696718;37.86;101706.31;4.140444;1272947232
-136.032195;-31.638588;37.86;101705.59;4.198574;1273055485
-135.721519;-31.580458;37.86;101704.872;4.2567044;1273366161
-135.617477;-31.696718;37.86;101706.31;4.140444;1273470203
-135.508767;-31.638588;37.86;101705.59;4.198574;1273578913
-135.302663;-31.62802;37.85;101705.5;4.2091428;1273785017
-135.190694;-31.62802;37.85;101705.5;4.2091428;1273896986
-135.088854;-31.56989;37.85;101704.78;4.267273;1273998826
-134.986111;-31.56989;37.85;101704.78;4.267273;1274101569
-134.883960;-31.56989;37.85;101704.78;4.267273;1274203720
-134.778927;-31.56989;37.85;101704.78;4.267273;1274308753
-134.674618;-31.62802;37.85;101705.5;4.2091428;1274413062
-134.569960;-31.511758;37.85;101704.06;4.325403;1274517720
-134.468121;-31.638588;37.86;101705.59;4.198574;1274619559
-134.363446;-31.511758;37.85;101704.06;4.325403;1274724234
-134.261146;-31.453628;37.85;101703.34;4.3835336;1274826534
-134.051278;-31.62802;37.85;101705.5;4.2091428;1275036402
-133.939186;-31.696718;37.86;101706.31;4.140444;1275148494
-133.830190;-31.691432;37.85;101706.22;4.145729;1275257490
-133.729332;-31.691432;37.85;101706.22;4.145729;1275358348
-133.617798;-31.812976;37.85;101707.67;4.024185;1275469882
-133.510863;-31.691432;37.85;101706.22;4.145729;1275576817
-133.405649;-31.62802;37.85;101705.5;4.2091428;1275682031
-133.298904;-30.660946;37.76;101693.84;5.176216;1275788776
-133.185953;-30.708508;37.79;101694.4;5.1286544;1275901727
-133.073458;-30.544686;37.76;101692.41;5.2924768;1276014222
-132.969308;-31.300376;37.83;101701.53;4.536785;1276118372
-132.868307;-31.691432;37.85;101706.22;4.145729;1276219373
-132.766744;-31.691432;37.85;101706.22;4.145729;1276320936
-132.664032;-31.691432;37.85;101706.22;4.145729;1276423648
-132.561831;-31.638588;37.86;101705.59;4.198574;1276525849
-132.454257;-31.691432;37.85;101706.22;4.145729;1276633423
-132.339306;-31.56989;37.85;101704.78;4.267273;1276748374
-132.235572;-31.62802;37.85;101705.5;4.2091428;1276852108
-132.113413;-31.622734;37.85;101705.41;4.214428;1276974267
-131.998733;-31.744278;37.85;101706.85;4.092884;1277088947
-131.893942;-31.44306;37.85;101703.25;4.394102;1277193738
-131.788040;-31.564604;37.85;101704.69;4.272558;1277299640
-131.644800;-31.56989;37.85;101704.78;4.267273;1277442880
-131.543090;-31.680864;37.85;101706.132;4.1562976;1277544590
-131.439148;-31.622734;37.85;101705.41;4.214428;1277648532
-131.335271;-31.622734;37.85;101705.41;4.214428;1277752409
-131.229642;-31.680864;37.85;101706.132;4.1562976;1277858038
-131.022803;-31.860538;37.85;101708.3;3.9766236;1278064877
-130.912265;-31.812976;37.85;101707.67;4.024185;1278175415
-130.801003;-31.4800516;37.83;101703.69;4.357111;1278286677
-130.698887;-31.511758;37.85;101704.06;4.325403;1278388793
-130.596318;-31.680864;37.85;101706.132;4.1562976;1278491362
-130.390243;-31.797124;37.84;101707.484;4.040037;1278697437
-130.288844;-31.812976;37.85;101707.67;4.024185;1278798836
-130.085428;-31.749564;37.85;101706.948;4.087599;1279002252
-129.981433;-31.749564;37.85;101706.948;4.087599;1279106247
-129.872684;-31.62802;37.85;101705.5;4.2091428;1279214996
-129.768867;-31.511758;37.85;101704.06;4.325403;1279318813
-129.661351;-31.38493;37.85;101702.53;4.4522324;1279426329
-129.560002;-31.62802;37.85;101705.5;4.2091428;1279527678
-129.440551;-31.622734;37.85;101705.41;4.214428;1279647129
-129.225913;-31.691432;37.85;101706.22;4.145729;1279861767
-129.006157;-31.56989;37.85;101704.78;4.267273;1280081523
-128.904320;-31.749564;37.85;101706.948;4.087599;1280183360
-128.798400;-31.347938;37.82;101702.06;4.4892236;1280289280
-128.696005;-31.62802;37.85;101705.5;4.2091428;1280391675
-128.484979;-31.622734;37.85;101705.41;4.214428;1280602701
-128.382034;-31.622734;37.85;101705.41;4.214428;1280705646
-128.278801;-31.680864;37.85;101706.132;4.1562976;1280808879
-128.150905;-31.680864;37.85;101706.132;4.1562976;1280936775
-128.048419;-31.680864;37.85;101706.132;4.1562976;1281039261
-127.947080;-31.622734;37.85;101705.41;4.214428;1281140600
-127.845188;-31.62802;37.85;101705.5;4.2091428;1281242492
-127.733563;-31.622734;37.85;101705.41;4.214428;1281354117
-127.624942;-31.56989;37.85;101704.78;4.267273;1281462738
-127.522085;-31.691432;37.85;101706.22;4.145729;1281565595
-127.412560;-31.812976;37.85;101707.67;4.024185;1281675120
-127.299583;-31.691432;37.85;101706.22;4.145729;1281788097
-127.190123;-31.62802;37.85;101705.5;4.2091428;1281897557
-127.081826;-31.56989;37.85;101704.78;4.267273;1282005854
-126.979660;-31.691432;37.85;101706.22;4.145729;1282108020
-126.866846;-31.812976;37.85;101707.67;4.024185;1282220834
-126.764408;-31.347938;37.82;101702.06;4.4892236;1282323272
-126.662725;-31.622734;37.85;101705.41;4.214428;1282424955
-126.559112;-31.812976;37.85;101707.67;4.024185;1282528568
-126.428679;-31.876392;37.86;101708.48;3.9607696;1282659001
-126.321691;-31.62802;37.85;101705.5;4.2091428;1282765989
-126.219169;-31.760132;37.86;101707.04;4.07703;1282868511
-126.116969;-31.696718;37.86;101706.31;4.140444;1282970711
-126.003907;-31.760132;37.86;101707.04;4.07703;1283083773
-125.902095;-31.760132;37.86;101707.04;4.07703;1283185585
-125.798060;-31.760132;37.86;101707.04;4.07703;1283289620
-125.694247;-31.691432;37.85;101706.22;4.145729;1283393433
-125.561080;-31.511758;37.85;101704.06;4.325403;1283526600
-125.452954;-31.564604;37.85;101704.69;4.272558;1283634726
-125.350788;-31.62802;37.85;101705.5;4.2091428;1283736892
-125.249362;-31.62802;37.85;101705.5;4.2091428;1283838318
-125.114049;-31.517044;37.86;101704.16;4.320118;1283973631
-125.009639;-31.638588;37.86;101705.59;4.198574;1284078041
-124.904607;-31.749564;37.85;101706.948;4.087599;1284183073
-124.790419;-31.749564;37.85;101706.948;4.087599;1284297261
-124.687482;-31.210538;37.81;101700.44;4.626623;1284400198
-124.585606;-31.812976;37.85;101707.67;4.024185;1284502074
-124.484337;-31.691432;37.85;101706.22;4.145729;1284603343
-124.382873;-31.638588;37.86;101705.59;4.198574;1284704807
-124.277675;-31.818262;37.86;101707.75;4.0189;1284810005
-124.175330;-31.564604;37.85;101704.69;4.272558;1284912350
-124.072158;-31.62802;37.85;101705.5;4.2091428;1285015522
-123.962692;-31.62802;37.85;101705.5;4.2091428;1285124988
-123.844564;-31.511758;37.85;101704.06;4.325403;1285243116
-123.741838;-31.638588;37.86;101705.59;4.198574;1285345842
-123.639674;-31.453628;37.85;101703.34;4.3835336;1285448006
-123.532224;-31.580458;37.86;101704.872;4.2567044;1285555456
-123.296508;-31.638588;37.86;101705.59;4.198574;1285791172
-123.188498;-31.638588;37.86;101705.59;4.198574;1285899182
-123.087222;-31.458914;37.86;101703.43;4.378248;1286000458
-122.961067;-31.453628;37.85;101703.34;4.3835336;1286126613
-122.852759;-31.638588;37.86;101705.59;4.198574;1286234921
-122.747151;-31.453628;37.85;101703.34;4.3835336;1286340529
-122.639484;-31.62802;37.85;101705.5;4.2091428;1286448196
-122.498138;-31.453628;37.85;101703.34;4.3835336;1286589542
-122.394941;-31.30566;37.83;101701.624;4.531502;1286692739
-122.289339;-31.453628;37.85;101703.34;4.3835336;1286798341
-122.188268;-31.56989;37.85;101704.78;4.267273;1286899412
-122.075491;-31.56989;37.85;101704.78;4.267273;1287012189
-121.973434;-31.56989;37.85;101704.78;4.267273;1287114246
-121.869197;-31.62802;37.85;101705.5;4.2091428;1287218483
-121.767532;-31.638588;37.86;101705.59;4.198574;1287320148
-121.664923;-31.580458;37.86;101704.872;4.2567044;1287422757
-121.560396;-31.696718;37.86;101706.31;4.140444;1287527284
-121.452775;-31.638588;37.86;101705.59;4.198574;1287634905
-121.351204;-31.517044;37.86;101704.16;4.320118;1287736476
-121.249746;-31.517044;37.86;101704.16;4.320118;1287837934
-121.147436;-31.638588;37.86;101705.59;4.198574;1287940244
-121.046295;-31.580458;37.86;101704.872;4.2567044;1288041385
-120.944992;-31.517044;37.86;101704.16;4.320118;1288142688
-120.842764;-31.696718;37.86;101706.31;4.140444;1288244916
-120.738264;-31.517044;37.86;101704.16;4.320118;1288349416
-120.637169;-31.643872;37.86;101705.69;4.1932908;1288450511
-120.531151;-31.638588;37.86;101705.59;4.198574;1288556529
-120.430125;-31.580458;37.86;101704.872;4.2567044;1288657555
-120.320859;-31.580458;37.86;101704.872;4.2567044;1288766821
-120.219064;-31.030864;37.81;101698.28;4.8062972;1288868616
-120.114144;-31.511758;37.85;101704.06;4.325403;1288973536
-119.893501;-31.517044;37.86;101704.16;4.320118;1289194179
-119.686958;-31.517044;37.86;101704.16;4.320118;1289400722
-119.584674;-31.517044;37.86;101704.16;4.320118;1289503006
-119.481776;-31.517044;37.86;101704.16;4.320118;1289605904
-119.378721;-31.527612;37.86;101704.24;4.3095492;1289708959
-119.276682;-31.638588;37.86;101705.59;4.198574;1289810998
-119.175019;-31.527612;37.86;101704.24;4.3095492;1289912661
-119.044209;-31.585742;37.86;101704.97;4.251419;1290043471
-118.942088;-31.707286;37.86;101706.41;4.129875;1290145592
-118.840254;-31.643872;37.86;101705.69;4.1932908;1290247426
-118.739141;-31.643872;37.86;101705.69;4.1932908;1290348539
-118.615256;-31.643872;37.86;101705.69;4.1932908;1290472424
-118.505957;-31.696718;37.86;101706.31;4.140444;1290581723
-118.396619;-31.765418;37.86;101707.128;4.071745;1290691061
-118.286792;-31.527612;37.86;101704.24;4.3095492;1290800888
-118.129428;-31.527612;37.86;101704.24;4.3095492;1290958252
-118.026674;-31.458914;37.86;101703.43;4.378248;1291061006
-117.917498;-31.580458;37.86;101704.872;4.2567044;1291170182
-117.815251;-31.585742;37.86;101704.97;4.251419;1291272429
-117.710047;-31.532896;37.87;101704.332;4.304266;1291377633
-117.592763;-31.406066;37.86;101702.8;4.431095;1291494917
-117.486502;-31.643872;37.86;101705.69;4.1932908;1291601178
-117.384340;-31.585742;37.86;101704.97;4.251419;1291703340
-117.263091;-31.527612;37.86;101704.24;4.3095492;1291824589
-117.055766;-31.406066;37.86;101702.8;4.431095;1292031914
-116.954198;-31.464198;37.86;101703.52;4.372965;1292133482
-116.839405;-31.596312;37.87;101705.06;4.2408504;1292248275
-116.736068;-31.527612;37.86;101704.24;4.3095492;1292351612
-116.624444;-31.596312;37.87;101705.06;4.2408504;1292463236
-116.520531;-31.596312;37.87;101705.06;4.2408504;1292567149
-116.384887;-31.411352;37.87;101702.89;4.42581;1292702793
-116.282439;-31.532896;37.87;101704.332;4.304266;1292805241
-116.180645;-31.464198;37.86;101703.52;4.372965;1292907035
-116.072614;-31.527612;37.86;101704.24;4.3095492;1293015066
-115.950345;-31.474766;37.87;101703.61;4.3623964;1293137335
-115.849056;-31.052002;37.82;101698.552;4.78516;1293238624
-115.743915;-31.643872;37.86;101705.69;4.1932908;1293343765
-115.642259;-31.585742;37.86;101704.97;4.251419;1293445421
-115.525315;-31.406066;37.86;101702.8;4.431095;1293562365
-115.423267;-31.464198;37.86;101703.52;4.372965;1293664413
-115.322050;-31.406066;37.86;101702.8;4.431095;1293765630
-115.212242;-31.474766;37.87;101703.61;4.3623964;1293875438
-115.077484;-31.532896;37.87;101704.332;4.304266;1294010196
-114.975173;-31.474766;37.87;101703.61;4.3623964;1294112507
-114.872512;-31.411352;37.87;101702.89;4.42581;1294215168
-114.770991;-31.474766;37.87;101703.61;4.3623964;1294316689
-114.669106;-31.654442;37.87;101705.78;4.18272;1294418574
-114.566088;-31.532896;37.87;101704.332;4.304266;1294521592
-114.459430;-31.654442;37.87;101705.78;4.18272;1294628250
-114.357457;-31.659726;37.87;101705.87;4.177437;1294730223
-114.246977;-31.532896;37.87;101704.332;4.304266;1294840703
-114.123295;-31.72314;37.87;101706.59;4.1140212;1294964385
-114.021495;-31.712572;37.87;101706.5;4.12459;1295066185
-113.908158;-31.596312;37.87;101705.06;4.2408504;1295179522
-113.802654;-31.474766;37.87;101703.61;4.3623964;1295285026
-113.699283;-31.474766;37.87;101703.61;4.3623964;1295388397
-113.487972;-30.988588;37.82;101697.74;4.8485736;1295599708
-113.378147;-31.411352;37.87;101702.89;4.42581;1295709533
-113.274588;-31.4800516;37.87;101703.7;4.357111;1295813092
-113.168935;-31.4800516;37.87;101703.7;4.357111;1295918745
-113.067074;-31.659726;37.87;101705.87;4.177437;1296020606
-112.655102;-31.4800516;37.87;101703.7;4.357111;1296432578
-112.553287;-31.532896;37.87;101704.332;4.304266;1296534393
-112.450247;-31.543466;37.87;101704.43;4.2936956;1296637433
-112.222011;-31.4800516;37.87;101703.7;4.357111;1296865669
-112.118259;-31.4800516;37.87;101703.7;4.357111;1296969421
-112.016899;-31.411352;37.87;101702.89;4.42581;1297070781
-111.909863;-31.369076;37.88;101702.36;4.4680864;1297177817
-111.806481;-31.4800516;37.87;101703.7;4.357111;1297281199
-111.699911;-31.4800516;37.87;101703.7;4.357111;1297387769
-111.594926;-31.532896;37.87;101704.332;4.304266;1297492754
-111.493226;-31.4800516;37.87;101703.7;4.357111;1297594454
-111.384813;-30.85119;37.81;101696.12;4.9859716;1297702867
-111.276177;-29.567046;37.71;101680.67;6.270117;1297811503
-111.168903;-29.97924;37.75;101685.64;5.8579216;1297918777
-111.037189;-31.464198;37.86;101703.52;4.372965;1298050491
-110.934262;-31.543466;37.87;101704.43;4.2936956;1298153418
-110.829546;-31.4800516;37.87;101703.7;4.357111;1298258134
-110.720236;-31.72314;37.87;101706.59;4.1140212;1298367444
-110.611131;-31.7812716;37.87;101707.31;4.055891;1298476549
-110.500385;-31.7812716;37.87;101707.31;4.055891;1298587295
-110.282000;-31.601596;37.87;101705.16;4.235565;1298805680
-110.179974;-31.543466;37.87;101704.43;4.2936956;1298907706
-110.077909;-31.601596;37.87;101705.16;4.235565;1299009771
-109.975034;-31.601596;37.87;101705.16;4.235565;1299112646
-109.871783;-31.543466;37.87;101704.43;4.2936956;1299215897
-109.770354;-31.42192;37.87;101702.984;4.4152412;1299317326
-109.637880;-31.72314;37.87;101706.59;4.1140212;1299449800
-109.423393;-31.659726;37.87;101705.87;4.177437;1299664287
-109.321027;-31.4800516;37.87;101703.7;4.357111;1299766653
-109.195657;-31.543466;37.87;101704.43;4.2936956;1299892023
-109.094236;-31.54875;37.88;101704.52;4.288412;1299993444
-108.991500;-31.601596;37.87;101705.16;4.235565;1300096180
-108.889950;-31.400784;37.86;101702.71;4.4363784;1300197730
-108.772533;-31.42192;37.87;101702.984;4.4152412;1300315147
-108.671309;-31.543466;37.87;101704.43;4.2936956;1300416371
-108.570169;-31.54875;37.88;101704.52;4.288412;1300517511
-108.462365;-31.543466;37.87;101704.43;4.2936956;1300625315
-108.219429;-31.543466;37.87;101704.43;4.2936956;1300868251
-108.117358;-31.601596;37.87;101705.16;4.235565;1300970322
-108.015145;-31.42192;37.87;101702.984;4.4152412;1301072535
-107.903908;-31.300376;37.87;101701.55;4.536785;1301183772
-107.789540;-31.49062;37.88;101703.8;4.3465424;1301298140
-107.679390;-31.369076;37.88;101702.36;4.4680864;1301408290
-107.577662;-31.49062;37.88;101703.8;4.3465424;1301510018
-107.443645;-31.4800516;37.87;101703.7;4.357111;1301644035
-107.226037;-31.4800516;37.87;101703.7;4.357111;1301861643
-107.123630;-31.36379;37.87;101702.264;4.4733716;1301964050
-107.021858;-31.427206;37.88;101703.08;4.409956;1302065822
-106.905454;-31.36379;37.87;101702.264;4.4733716;1302182226
-106.804098;-31.42192;37.87;101702.984;4.4152412;1302283582
-106.692199;-31.369076;37.88;101702.36;4.4680864;1302395481
-106.581337;-31.369076;37.88;101702.36;4.4680864;1302506343
-106.479843;-31.559318;37.88;101704.61;4.2778436;1302607837
-106.374574;-31.495904;37.88;101703.89;4.341257;1302713106
-106.271376;-31.369076;37.88;101702.36;4.4680864;1302816304
-106.165096;-31.437774;37.88;101703.17;4.3993872;1302922584
-106.042607;-31.427206;37.88;101703.08;4.409956;1303045073
-105.941069;-31.437774;37.88;101703.17;4.3993872;1303146611
-105.838458;-31.437774;37.88;101703.17;4.3993872;1303249222
-105.731376;-31.559318;37.88;101704.61;4.2778436;1303356304
-105.621185;-31.437774;37.88;101703.17;4.3993872;1303466495
-105.519344;-31.49062;37.88;101703.8;4.3465424;1303568336
-105.409543;-31.60688;37.88;101705.232;4.230282;1303678137
-105.306049;-31.31623;37.88;101701.73;4.5209312;1303781631
-105.180359;-31.31623;37.88;101701.73;4.5209312;1303907321
-105.077400;-31.2581;37.88;101701.01;4.5790616;1304010280
-104.972066;-31.31623;37.88;101701.73;4.5209312;1304115614
-104.870021;-31.379644;37.88;101702.45;4.4575176;1304217659
-104.748724;-31.31623;37.88;101701.73;4.5209312;1304338956
-104.646385;-30.771922;37.83;101695.13;5.065241;1304441295
-104.541176;-31.2581;37.88;101701.01;4.5790616;1304546504
-104.427649;-31.437774;37.88;101703.17;4.3993872;1304660031
-104.311519;-31.564604;37.89;101704.7;4.272558;1304776161
-104.209423;-31.564604;37.89;101704.7;4.272558;1304878257
-104.107663;-31.506474;37.89;101703.984;4.3306884;1304980017
-103.990501;-31.68615;37.89;101706.15;4.1510124;1305097179
-103.882513;-31.559318;37.88;101704.61;4.2778436;1305205167
-103.780406;-31.564604;37.89;101704.7;4.272558;1305307274
-103.677849;-31.67558;37.88;101706.056;4.161583;1305409831
-103.575372;-31.68615;37.89;101706.15;4.1510124;1305512308
-103.473201;-31.506474;37.89;101703.984;4.3306884;1305614479
-103.253590;-31.263386;37.89;101701.09;4.5737764;1305834090
-103.144557;-31.44306;37.89;101703.268;4.394102;1305943123
-103.043228;-31.44306;37.89;101703.268;4.394102;1306044452
-102.942113;-31.622734;37.89;101705.42;4.214428;1306145567
-102.835226;-31.506474;37.89;101703.984;4.3306884;1306252454
-102.731012;-31.622734;37.89;101705.42;4.214428;1306356668
-102.592957;-31.379644;37.88;101702.45;4.4575176;1306494723
-102.481355;-31.379644;37.88;101702.45;4.4575176;1306606325
-102.378107;-31.495904;37.88;101703.89;4.341257;1306709573
-102.274183;-31.506474;37.89;101703.984;4.3306884;1306813497
-102.160440;-31.564604;37.89;101704.7;4.272558;1306927240
-101.955856;-31.44306;37.89;101703.268;4.394102;1307131824
-101.728498;-31.38493;37.89;101702.55;4.4522324;1307359182
-101.519099;-31.3902132;37.89;101702.63;4.446949;1307568581
-101.407969;-31.44306;37.89;101703.268;4.394102;1307679711
-101.302719;-31.44306;37.89;101703.268;4.394102;1307784961
-101.189297;-31.3268;37.89;101701.82;4.5103624;1307898383
-101.088213;-31.31623;37.88;101701.73;4.5209312;1307999467
-100.985796;-31.263386;37.89;101701.09;4.5737764;1308101884
-100.884139;-31.511758;37.89;101704.08;4.325403;1308203541
-100.780740;-31.3268;37.89;101701.82;4.5103624;1308306940
-100.678615;-31.3268;37.89;101701.82;4.5103624;1308409065
-100.575808;-31.453628;37.89;101703.35;4.3835336;1308511872
-100.473935;-31.332084;37.89;101701.912;4.5050776;1308613745
-100.352170;-31.147126;37.89;101699.66;4.690037;1308735510
-100.143855;-31.38493;37.89;101702.55;4.4522324;1308943825
-100.042009;-31.3268;37.89;101701.82;4.5103624;1309045671
-99.930404;-31.205256;37.89;101700.376;4.6319064;1309157276
-99.712599;-31.205256;37.89;101700.376;4.6319064;1309375081
-99.602693;-31.273954;37.89;101701.19;4.5632076;1309484987
-99.476941;-31.3902132;37.89;101702.63;4.446949;1309610739
-99.375196;-31.3268;37.89;101701.82;4.5103624;1309712484
-99.273756;-31.3902132;37.89;101702.63;4.446949;1309813924
-99.171938;-31.3268;37.89;101701.82;4.5103624;1309915742
-99.070146;-31.453628;37.89;101703.35;4.3835336;1310017534
-98.753903;-31.332084;37.89;101701.912;4.5050776;1310333777
-98.647782;-31.522328;37.9;101704.17;4.3148348;1310439898
-98.541263;-31.511758;37.89;101704.08;4.325403;1310546417
-98.439708;-31.3902132;37.89;101702.63;4.446949;1310647972
-98.325908;-31.522328;37.9;1017.17;4.3148348;1310761772
-98.210052;-31.511758;37.89;101704.08;4.325403;1310877628
-98.085798;-31.511758;37.89;101704.08;4.325403;1311001882
-97.980906;-31.310946;37.88;101701.64;4.5262164;1311106774
-97.877517;-31.44306;37.89;101703.268;4.394102;1311210163
-97.776193;-31.453628;37.89;101703.35;4.3835336;1311311487
-97.669139;-31.56989;37.89;101704.8;4.267273;1311418541
-97.566523;-31.511758;37.89;101704.08;4.325403;1311521157
-97.463808;-31.3902132;37.89;101702.63;4.446949;1311623872
-97.362146;-31.453628;37.89;101703.35;4.3835336;1311725534
-96.918038;-31.511758;37.89;101704.08;4.325403;1312169642
-96.694778;-31.511758;37.89;101704.08;4.325403;1312392902
-96.369083;-31.44306;37.89;101703.268;4.394102;1312718597
-96.267346;-31.511758;37.89;101704.08;4.325403;1312820334
-96.160950;-31.564604;37.89;101704.7;4.272558;1312926730
-95.931268;-31.511758;37.89;101704.08;4.325403;1313156412
-95.829825;-31.030864;37.85;101698.3;4.8062972;1313257855
-95.727512;-31.564604;37.89;101704.7;4.272558;1313360168
-95.515482;-31.506474;37.89;101703.984;4.3306884;1313572198
-95.402136;-31.506474;37.89;101703.984;4.3306884;1313685544
-95.297526;-31.453628;37.89;101703.35;4.3835336;1313790154
-95.194587;-31.622734;37.89;101705.42;4.214428;1313893093
-95.075941;-31.38493;37.89;101702.55;4.4522324;1314011739
-94.971670;-31.453628;37.89;101703.35;4.3835336;1314116010
-94.869870;-31.3268;37.89;101701.82;4.5103624;1314217810
-94.768108;-31.511758;37.89;101704.08;4.325403;1314319572
-94.645478;-31.56989;37.89;101704.8;4.267273;1314442202
-94.543527;-31.506474;37.89;101703.984;4.3306884;1314544153
-94.439609;-31.511758;37.89;101704.08;4.325403;1314648071
-94.338074;-31.44306;37.89;101703.268;4.394102;1314749606
-94.234789;-31.511758;37.89;101704.08;4.325403;1314852891
-94.132953;-31.453628;37.89;101703.35;4.3835336;1314954727
-94.027113;-31.453628;37.89;101703.35;4.3835336;1315060567
-93.787305;-31.506474;37.89;101703.984;4.3306884;1315300375
-93.685315;-31.3268;37.89;101701.82;4.5103624;1315402365
-93.583667;-31.44306;37.89;101703.268;4.394102;1315504013
-93.477456;-31.3268;37.89;101701.82;4.5103624;1315610224
-93.357428;-31.511758;37.89;101704.08;4.325403;1315730252
-93.250041;-31.453628;37.89;101703.35;4.3835336;1315837639
-93.147330;-31.453628;37.89;101703.35;4.3835336;1315940350
-93.046042;-31.400784;37.9;101702.72;4.4363784;1316041638
-92.938760;-31.453628;37.89;101703.35;4.3835336;1316148920
-92.837303;-31.453628;37.89;101703.35;4.3835336;1316250377
-92.736346;-31.3902132;37.89;101702.63;4.446949;1316351334
-92.635159;-31.3268;37.89;101701.82;4.5103624;1316452521
-92.423264;-31.580458;37.9;101704.89;4.2567044;1316664416
-92.319432;-31.633302;37.89;101705.512;4.2038592;1316768248
-92.218188;-31.38493;37.89;101702.55;4.4522324;1316869492
-92.114676;-31.511758;37.89;101704.08;4.325403;1316973004
-92.010748;-31.580458;37.9;101704.89;4.2567044;1317076932
-91.901243;-31.453628;37.89;101703.35;4.3835336;1317186437
-91.797205;-31.511758;37.89;101704.08;4.325403;1317290475
-91.683956;-31.56989;37.89;101704.8;4.267273;1317403724
-91.581988;-31.3902132;37.89;101702.63;4.446949;1317505692
-91.479919;-30.708508;37.83;101694.41;5.1286544;1317607761
-91.377973;-31.31623;37.88;101701.73;4.5209312;1317709707
-91.257652;-31.453628;37.89;101703.35;4.3835336;1317830028
-91.040802;-31.56989;37.89;101704.8;4.267273;1318046878
-90.932027;-31.506474;37.89;101703.984;4.3306884;1318155653
-90.822353;-31.453628;37.89;101703.35;4.3835336;1318265327
-90.719922;-31.56989;37.89;101704.8;4.267273;1318367758
-90.618129;-31.633302;37.89;101705.512;4.2038592;1318469551
-90.509482;-31.506474;37.89;101703.984;4.3306884;1318578198
-90.289021;-31.812976;37.89;101707.68;4.024185;1318798659
-90.186829;-31.691432;37.89;101706.232;4.145729;1318900851
-90.083859;-31.564604;37.89;101704.7;4.272558;1319003821
-89.952214;-31.511758;37.89;101704.08;4.325403;1319135466
-89.846842;-31.56989;37.89;101704.8;4.267273;1319240838
-89.744039;-31.511758;37.89;101704.08;4.325403;1319343641
-89.642017;-31.511758;37.89;101704.08;4.325403;1319445663
-89.527912;-31.453628;37.89;101703.35;4.3835336;1319559768
-89.425533;-31.511758;37.89;101704.08;4.325403;1319662147
-89.311526;-31.38493;37.89;101702.55;4.4522324;1319776154
-89.202319;-31.437774;37.88;101703.17;4.3993872;1319885361
-89.094474;-31.38493;37.89;101702.55;4.4522324;1319993206
-88.993256;-31.56989;37.89;101704.8;4.267273;1320094424
-88.676616;-31.3902132;37.89;101702.63;4.446949;1320411064
-88.574605;-31.3902132;37.89;101702.63;4.446949;1320513075
-88.473208;-31.511758;37.89;101704.08;4.325403;1320614472
-88.370142;-31.453628;37.89;101703.35;4.3835336;1320717538
-88.268332;-31.453628;37.89;101703.35;4.3835336;1320819348
-88.166501;-31.511758;37.89;101704.08;4.325403;1320921179
-88.065068;-31.453628;37.89;101703.35;4.3835336;1321022612
-87.959756;-31.3902132;37.89;101702.63;4.446949;1321127924
-87.854120;-31.332084;37.89;101701.912;4.5050776;1321233560
-87.749747;-31.453628;37.89;101703.35;4.3835336;1321337933
-87.646348;-31.458914;37.9;101703.448;4.378248;1321441332
-87.541858;-31.400784;37.9;101702.72;4.4363784;1321545822
-87.439372;-31.458914;37.9;101703.448;4.378248;1321648308
-87.337933;-31.332084;37.89;101701.912;4.5050776;1321749747
-87.229284;-30.91989;37.86;101696.94;4.9172724;1321858396
-87.126041;-31.56989;37.89;101704.8;4.267273;1321961639
-86.923096;-31.152408;37.89;101699.75;4.6847532;1322164584
-86.810555;-31.458914;37.9;101703.448;4.378248;1322277125
-86.701564;-31.400784;37.9;101702.72;4.4363784;1322386116
-86.598940;-31.332084;37.89;101701.912;4.5050776;1322488740
-86.495393;-31.511758;37.89;101704.08;4.325403;1322592287
-86.286563;-31.580458;37.9;101704.89;4.2567044;1322801117
-86.179962;-31.458914;37.9;101703.448;4.378248;1322907718
-86.073790;-31.453628;37.89;101703.35;4.3835336;1323013890
-85.971351;-31.522328;37.9;101704.17;4.3148348;1323116329
-85.867774;-31.453628;37.89;101703.35;4.3835336;1323219906
-85.764767;-31.3902132;37.89;101702.63;4.446949;1323322913
-85.530177;-31.332084;37.89;101701.912;4.5050776;1323557503
-85.424566;-31.337368;37.9;101702.0;4.499794;1323663114
-85.321669;-31.279238;37.9;101701.28;4.5579244;1323766011
-85.175429;-31.337368;37.9;101702.0;4.499794;1323912251
-85.072666;-31.332084;37.89;101701.912;4.5050776;1324015014
-84.971101;-31.279238;37.9;101701.28;4.5579244;1324116579
-84.860612;-31.221108;37.9;101700.56;4.6160544;1324227068
-84.741673;-31.221108;37.9;101700.56;4.6160544;1324346007
-84.632362;-31.337368;37.9;101702.0;4.499794;1324455318
-84.529637;-31.400784;37.9;101702.72;4.4363784;1324558043
-84.428131;-31.400784;37.9;101702.72;4.4363784;1324659549
-84.297614;-31.221108;37.9;101700.56;4.6160544;1324790066
-84.195203;-31.332084;37.89;101701.912;4.5050776;1324892477
-84.092364;-31.400784;37.9;101702.72;4.4363784;1324995316
-83.863310;-31.580458;37.9;101704.89;4.2567044;1325224370
-83.760361;-31.458914;37.9;101703.448;4.378248;1325327319
-83.659235;-31.332084;;0.022;0;1325428445
-83.556896;-31.458914;37.9;101703.448;4.378248;1325530784
-83.452922;-31.332084;37.89;101701.912;4.5050776;1325634758
-83.350595;-31.279238;37.9;101701.28;4.5579244;1325737085
-83.249221;-31.458914;37.9;101703.448;4.378248;1325838459
-83.148080;-31.522328;37.9;101704.17;4.3148348;1325939600
-83.046067;-31.511758;37.89;101704.08;4.325403;1326041613
-82.944069;-31.31623;37.88;101701.73;4.5209312;1326143611
-82.832060;-31.453628;37.89;101703.35;4.3835336;1326255620
-82.727740;-31.458914;37.9;101703.448;4.378248;1326359940
-82.626333;-31.527612;37.9;101704.264;4.3095492;1326461347
-82.524533;-31.347938;37.9;101702.09;4.4892236;1326563147
-82.320435;-31.279238;37.9;101701.28;4.5579244;1326767245
-82.117086;-31.400784;37.9;101702.72;4.4363784;1326970594
-82.008707;-31.400784;37.9;101702.72;4.4363784;1327078973
-81.907174;-31.289808;37.9;101701.376;4.5473536;1327180506
-81.803742;-31.16298;37.9;101699.84;4.674183;1327283938
-81.700843;-31.16298;37.9;101699.84;4.674183;1327386837
-81.488972;-31.221108;37.9;101700.56;4.6160544;1327598708
-81.386269;-31.221108;37.9;101700.56;4.6160544;1327701411
-81.265142;-31.221108;37.9;101700.56;4.6160544;1327822538
-80.845116;-31.062572;37.87;101698.66;4.7745896;1328242564
-80.730994;-31.332084;37.89;101701.912;4.5050776;1328356686
-80.628553;-31.279238;37.9;101701.28;4.5579244;1328459127
-80.526620;-31.337368;37.9;101702.0;4.499794;1328561060
-80.320009;-31.279238;37.9;101701.28;4.5579244;1328767671
-80.211032;-31.16298;37.9;101699.84;4.674183;1328876648
-80.103422;-31.337368;37.9;101702.0;4.499794;1328984258
-80.001017;-31.273954;37.89;101701.19;4.5632076;1329086663
-79.896965;-31.347938;37.9;101702.09;4.4892236;1329190715
-79.794334;-31.400784;37.9;101702.72;4.4363784;1329293346
-79.693199;-31.469482;37.9;101703.54;4.3676796;1329394481
-79.567614;-31.469482;37.9;101703.54;4.3676796;1329520066
-79.465797;-31.400784;37.9;101702.72;4.4363784;1329621883
-79.363273;-31.279238;37.9;101701.28;4.5579244;1329724407
-79.261666;-31.458914;37.9;101703.448;4.378248;1329826014
-79.160082;-31.458914;37.9;101703.448;4.378248;1329927598
-79.053107;-31.649156;37.9;101705.7;4.1880056;1330034573
-78.951301;-31.400784;37.9;101702.72;4.4363784;1330136379
-78.846144;-31.458914;37.9;101703.448;4.378248;1330241536
-78.745259;-31.347938;37.9;101702.09;4.4892236;1330342421
-78.639456;-30.73493;37.85;101694.69;5.102232;1330448224
-78.538252;-31.3902132;37.89;101702.63;4.446949;1330549428
-78.432927;-31.226392;37.9;101700.66;4.6107692;1330654753
-78.327933;-31.337368;37.9;101702.0;4.499794;1330759747
-78.220359;-31.406066;37.9;101702.81;4.431095;1330867321
-78.118853;-31.152408;37.89;101699.75;4.6847532;1330968827
-78.012206;-31.16298;37.9;101699.84;4.674183;1331075474
-77.909714;-31.289808;37.9;101701.376;4.5473536;1331177966
-77.807861;-31.221108;37.9;101700.56;4.6160544;1331279819
-77.701861;-31.347938;37.9;101702.09;4.4892236;1331385819
-77.480627;-31.406066;37.9;101702.81;4.431095;1331607053
-77.252712;-31.16298;37.9;101699.84;4.674183;1331834968
-77.144908;-31.337368;37.9;101702.0;4.499794;1331942772
-77.043267;-31.527612;37.9;101704.264;4.3095492;1332044413
-76.926879;-31.221108;37.9;101700.56;4.6160544;1332160801
-76.821681;-31.289808;37.9;101701.376;4.5473536;1332265999
-76.720066;-31.221108;37.9;101700.56;4.6160544;1332367614
-76.605872;-31.279238;37.9;101701.28;4.5579244;1332481808
-76.501115;-31.09428;37.89;101699.03;4.742882;1332586565
-76.398805;-31.279238;37.9;101701.28;4.5579244;1332688875
-76.296037;-31.221108;37.9;101700.56;4.6160544;1332791643
-76.194163;-31.221108;37.9;101700.56;4.6160544;1332893517
-76.084648;-31.099564;37.9;101699.128;4.7375984;1333003032
-75.983245;-31.221108;37.9;101700.56;4.6160544;1333104435
-75.882197;-31.289808;37.9;101701.376;4.5473536;1333205483
-75.774921;-31.337368;37.9;101702.0;4.499794;1333312759
-75.544755;-31.221108;37.9;101700.56;4.6160544;1333542925
-75.442678;-31.221108;37.9;101700.56;4.6160544;1333645002
-75.331071;-31.110132;37.9;101699.21;4.72703;1333756609
-75.191683;-31.221108;37.9;101700.56;4.6160544;1333895997
-75.084146;-31.16298;37.9;101699.84;4.674183;1334003534
-74.982246;-31.221108;37.9;101700.56;4.6160544;1334105434
-74.879017;-31.279238;37.9;101701.28;4.5579244;1334208663
-74.745826;-31.279238;37.9;101701.28;4.5579244;1334341854
-74.644115;-31.289808;37.9;101701.376;4.5473536;1334443565
-74.538155;-31.279238;37.9;101701.28;4.5579244;1334549525
-74.425707;-31.279238;37.9;101701.28;4.5579244;1334661973
-74.294789;-31.099564;37.9;101699.128;4.7375984;1334792891
-74.191926;-31.289808;37.9;101701.376;4.5473536;1334895754
-74.084063;-31.16298;37.9;101699.84;4.674183;1335003617
-73.979236;-31.289808;37.9;101701.376;4.5473536;1335108444
-73.874508;-31.353222;37.91;101702.19;4.48394;1335213172
-73.773116;-31.289808;37.9;101701.376;4.5473536;1335314564
-73.670962;-31.416638;37.91;101702.91;4.4205248;1335416718
-73.567857;-31.16298;37.9;101699.84;4.674183;1335519823
-73.465807;-31.406066;37.9;101702.81;4.431095;1335621873
-73.363999;-31.110132;37.9;101699.21;4.72703;1335723681
-73.261334;-31.226392;37.9;101700.66;4.6107692;1335826346
-73.151948;-31.168262;37.9;101699.94;4.6688996;1335935732
-73.050336;-31.168262;37.9;101699.94;4.6688996;1336037344
-72.947286;-31.046718;37.9;101698.49;4.7904432;1336140394
-72.845032;-31.168262;37.9;101699.94;4.6688996;1336242648
-72.727739;-31.347938;;0.021;0;1336359941
-72.623598;-31.099564;37.9;101699.128;4.7375984;1336464082
-72.484883;-31.226392;37.9;101700.66;4.6107692;1336602797
-72.381527;-31.16298;37.9;101699.84;4.674183;1336706153
-72.278335;-31.406066;37.9;101702.81;4.431095;1336809345
-72.176110;-31.289808;37.9;101701.376;4.5473536;1336911570
-72.068931;-31.406066;37.9;101702.81;4.431095;1337018749
-71.967275;-31.289808;37.9;101701.376;4.5473536;1337120405
-71.866116;-31.406066;37.9;101702.81;4.431095;1337221564
-71.553336;-31.099564;37.9;101699.128;4.7375984;1337534344
-71.442200;-31.469482;37.9;101703.54;4.3676796;1337645480
-71.332482;-31.289808;37.9;101701.376;4.5473536;1337755198
-71.226545;-31.16298;37.9;101699.84;4.674183;1337861135
-71.022260;-31.279238;37.9;101701.28;4.5579244;1338065420
-70.819104;-31.279238;37.9;101701.28;4.5579244;1338268576
-70.688205;-31.279238;37.9;101701.28;4.5579244;1338399475
-70.579491;-31.16298;37.9;101699.84;4.674183;1338508189
-70.476765;-31.16298;37.9;101699.84;4.674183;1338610915
-70.374958;-31.279238;37.9;101701.28;4.5579244;1338712722
-70.237319;-31.16298;37.9;101699.84;4.674183;1338850361
-70.135257;-30.824768;37.87;101695.78;5.012394;1338952423
-70.028591;-31.221108;37.9;101700.56;4.6160544;1339059089
-69.926096;-31.347938;37.9;101702.09;4.4892236;1339161584
-69.621211;-31.347938;37.9;101702.09;4.4892236;1339466469
-69.517573;-31.469482;37.9;101703.54;4.3676796;1339570107
-69.407479;-31.406066;37.9;101702.81;4.431095;1339680201
-69.292147;-31.406066;37.9;101702.81;4.431095;1339795533
-69.179158;-31.347938;37.9;101702.09;4.4892236;1339908522
-69.076186;-31.221108;37.9;101700.56;4.6160544;1340011494
-68.950641;-31.406066;37.9;101702.81;4.431095;1340137039
-68.849333;-31.289808;37.9;101701.376;4.5473536;1340238347
-68.748117;-31.221108;37.9;101700.56;4.6160544;1340339563
-68.646951;-31.406066;37.9;101702.81;4.431095;1340440729
-68.521990;-31.347938;37.9;101702.09;4.4892236;1340565690
-68.408723;-31.347938;37.9;101702.09;4.4892236;1340678957
-68.303854;-31.347938;37.9;101702.09;4.4892236;1340783826
-68.201159;-31.469482;37.9;101703.54;4.3676796;1340886521
-68.099108;-31.347938;37.9;101702.09;4.4892236;1340988572
-67.995132;-31.347938;37.9;101702.09;4.4892236;1341092548
-67.892791;-31.347938;37.9;101702.09;4.4892236;1341194889
-67.685122;-31.226392;37.9;101700.66;4.6107692;1341402558
-67.581128;-31.289808;37.9;101701.376;4.5473536;1341506552
-67.476317;-31.532896;37.91;101704.34;4.304266;1341611363
-67.373784;-31.416638;37.91;101702.91;4.4205248;1341713896
-67.271145;-31.353222;37.91;101702.19;4.48394;1341816535
-67.167518;-31.295092;37.91;101701.47;4.5420704;1341920162
-67.066025;-31.226392;37.9;101700.66;4.6107692;1342021655
-66.742863;-31.469482;37.9;101703.54;4.3676796;1342344817
-66.631687;-31.289808;37.9;101701.376;4.5473536;1342455993
-66.419579;-31.347938;37.9;101702.09;4.4892236;1342668101
-66.310019;-31.532896;37.91;101704.34;4.304266;1342777661
-66.187553;-31.474766;37.91;101703.63;4.3623964;1342900127
-66.084926;-31.226392;37.9;101700.66;4.6107692;1343002754
-65.963418;-31.347938;37.9;101702.09;4.4892236;1343124262
-65.838386;-31.099564;37.9;101699.128;4.7375984;1343249294
-65.627335;-31.226392;37.9;101700.66;4.6107692;1343460345
-65.525815;-31.347938;37.9;101702.09;4.4892236;1343561865
-65.391726;-31.347938;37.9;101702.09;4.4892236;1343695954
-65.289274;-31.353222;37.91;101702.19;4.48394;1343798406
-65.187901;-31.416638;37.91;101702.91;4.4205248;1343899779
-65.085301;-31.289808;37.9;101701.376;4.5473536;1344002379
-64.975450;-31.289808;37.9;101701.376;4.5473536;1344112230
-64.872785;-31.226392;37.9;101700.66;4.6107692;1344214895
-64.770613;-31.110132;37.9;101699.21;4.72703;1344317067
-64.657433;-31.289808;37.9;101701.376;4.5473536;1344430247
-64.554998;-31.236962;37.91;101700.75;4.6002008;1344532682
-64.452699;-31.353222;37.91;101702.19;4.48394;1344634981
-64.351255;-31.289808;37.9;101701.376;4.5473536;1344736425
-64.250298;-31.295092;37.91;101701.47;4.5420704;1344837382
-64.145401;-31.295092;37.91;101701.47;4.5420704;1344942279
-64.044232;-31.168262;37.9;101699.94;4.6688996;1345043448
-63.934089;-31.173548;37.91;101700.02;4.6636144;1345153591
-63.829760;-31.295092;37.91;101701.47;4.5420704;1345257920
-63.621202;-31.332084;37.89;101701.912;4.5050776;1345466478
-63.518894;-31.289808;37.9;101701.376;4.5473536;1345568786
-63.416320;-31.16298;37.9;101699.84;4.674183;1345671360
-63.308599;-31.289808;37.9;101701.376;4.5473536;1345779081
-63.206381;-31.347938;37.9;101702.09;4.4892236;1345881299
-63.105158;-31.289808;37.9;101701.376;4.5473536;1345982522
-62.991935;-31.295092;37.91;101701.47;4.5420704;1346095745
-62.888359;-31.236962;37.91;101700.75;4.6002008;1346199321
-62.784641;-31.295092;37.91;101701.47;4.5420704;1346303039
-62.683284;-31.353222;37.91;101702.19;4.48394;1346404396
-62.576767;-31.601596;37.91;101705.16;4.235565;1346510913
-62.470010;-31.543466;37.91;101704.44;4.2936956;1346617670
-62.254374;-31.295092;37.91;101701.47;4.5420704;1346833306
-62.149193;-31.416638;37.91;101702.91;4.4205248;1346938487
-62.046368;-31.295092;37.91;101701.47;4.5420704;1347041312
-61.722117;-31.242246;37.91;101700.84;4.5949152;1347365563
-61.618185;-31.236962;37.91;101700.75;4.6002008;1347469495
-61.509891;-31.184116;37.91;101700.12;4.6530456;1347577789
-61.403582;-31.099564;37.9;101699.128;4.7375984;1347684098
-61.298858;-31.30566;37.91;101701.56;4.531502;1347788822
-61.194705;-31.485336;37.91;101703.72;4.3518256;1347892975
-61.093119;-31.369076;37.92;101702.376;4.4680864;1347994561
-60.783713;-31.242246;37.91;101700.84;4.5949152;1348303967
-60.677614;-31.242246;37.91;101700.84;4.5949152;1348410066
-60.353626;-31.252816;37.92;101700.93;4.584347;1348734054
-60.252225;-31.189402;37.92;101700.2;4.6477604;1348835455
-60.134412;-31.369076;37.92;101702.376;4.4680864;1348953268
-60.020194;-31.310946;37.92;101701.66;4.5262164;1349067486
-59.918044;-31.242246;37.91;101700.84;4.5949152;1349169636
-59.710346;-31.369076;37.92;101702.376;4.4680864;1349377334
-59.602495;-31.131272;37.92;101699.484;4.7058908;1349485185
-59.500695;-31.369076;37.92;101702.376;4.4680864;1349586985
-59.398992;-31.242246;37.91;101700.84;4.5949152;1349688688
-59.295002;-31.189402;37.92;101700.2;4.6477604;1349792678
-59.193168;-31.189402;37.92;101700.2;4.6477604;1349894512
-58.870801;-31.252816;37.92;101700.93;4.584347;1350216879
-58.769136;-31.30566;37.91;101701.56;4.531502;1350318544
-58.659020;-31.310946;37.92;101701.66;4.5262164;1350428660
-58.555930;-31.310946;37.92;101701.66;4.5262164;1350531750
-58.451294;-31.242246;37.91;101700.84;4.5949152;1350636386
-58.350072;-31.310946;37.92;101701.66;4.5262164;1350737608
-58.247755;-31.252816;37.92;101700.93;4.584347;1350839925
-58.146119;-31.242246;37.91;101700.84;4.5949152;1350941561
-58.043946;-31.252816;37.92;101700.93;4.584347;1351043734
-57.941177;-31.310946;37.92;101701.66;4.5262164;1351146503
-57.830650;-31.310946;37.92;101701.66;4.5262164;1351257030
-57.728380;-31.252816;37.92;101700.93;4.584347;1351359300
-57.619503;-31.310946;37.92;101701.66;4.5262164;1351468177
-57.516937;-31.310946;37.92;101701.66;4.5262164;1351570743
-57.411086;-31.189402;37.92;101700.2;4.6477604;1351676594
-57.301821;-31.310946;37.92;101701.66;4.5262164;1351785859
-57.198145;-31.379644;37.92;101702.46;4.4575176;1351889535
-57.095311;-31.432492;37.92;101703.09;4.4046708;1351992369
-56.880057;-31.19997;37.92;101700.3;4.637192;1352207623
-56.776294;-31.31623;37.92;101701.74;4.5209312;1352311386
-56.648480;-31.379644;37.92;101702.46;4.4575176;1352439200
-56.547230;-31.136554;37.92;101699.58;4.7006072;1352540450
-56.443069;-31.31623;37.92;101701.74;4.5209312;1352644611
-56.341026;-31.379644;37.92;101702.46;4.4575176;1352746654
-56.219593;-31.437774;37.92;101703.19;4.3993872;1352868087
-56.116472;-31.559318;37.92;101704.624;4.2778436;1352971208
-56.011953;-31.495904;37.92;101703.91;4.341257;1353075727
-55.902421;-31.369076;37.92;101702.376;4.4680864;1353185259
-55.781345;-31.559318;37.92;101704.624;4.2778436;1353306335
-55.678379;-31.379644;37.92;101702.46;4.4575176;1353409301
-55.576504;-31.495904;37.92;101703.91;4.341257;1353511176
-55.473406;-31.432492;37.92;101703.09;4.4046708;1353614274
-55.372152;-31.437774;37.92;101703.19;4.3993872;1353715528
-55.269710;-30.972734;37.89;101697.59;4.8644276;1353817970
-55.166884;-31.369076;37.92;101702.376;4.4680864;1353920796
-55.064571;-31.432492;37.92;101703.09;4.4046708;1354023109
-54.822191;-31.448344;37.93;101703.28;4.3888188;1354265489
-54.719319;-31.379644;37.92;101702.46;4.4575176;1354368361
-54.612264;-31.437774;37.92;101703.19;4.3993872;1354475416
-54.509430;-31.379644;37.92;101702.46;4.4575176;1354578250
-54.400745;-31.506474;37.93;101704.0;4.3306884;1354686935
-54.297051;-31.448344;37.93;101703.28;4.3888188;1354790629
-54.188450;-31.506474;37.93;101704.0;4.3306884;1354899230
-54.087080;-31.437774;37.92;101703.19;4.3993872;1355000600
-53.978514;-31.38493;37.93;101702.552;4.4522324;1355109166
-53.876853;-31.38493;37.93;101702.552;4.4522324;1355210827
-53.774591;-31.38493;37.93;101702.552;4.4522324;1355313089
-53.672697;-31.575172;37.93;101704.81;4.2619896;1355414983
-53.564508;-31.38493;37.93;101702.552;4.4522324;1355523172
-53.462918;-31.38493;37.93;101702.552;4.4522324;1355624762
-53.251390;-31.31623;37.92;101701.74;4.5209312;1355836290
-53.142559;-31.495904;37.92;101703.91;4.341257;1355945121
-53.040961;-31.448344;37.93;101703.28;4.3888188;1356046719
-52.938796;-31.506474;37.93;101704.0;4.3306884;1356148884
-52.831074;-31.564604;37.93;101704.72;4.272558;1356256606
-52.716301;-31.448344;37.93;101703.28;4.3888188;1356371379
-52.615022;-31.448344;37.93;101703.28;4.3888188;1356472658
-52.502168;-31.495904;37.92;101703.91;4.341257;1356585512
-52.389517;-31.3268;37.93;101701.83;4.5103624;1356698163
-52.271367;-31.379644;37.92;101702.46;4.4575176;1356816313
-52.170035;-31.38493;37.93;101702.552;4.4522324;1356917645
-52.067832;-31.38493;37.93;101702.552;4.4522324;1357019848
-51.966181;-31.3268;37.93;101701.83;4.5103624;1357121499
-51.625322;-31.38493;37.93;101702.552;4.4522324;1357462358
-51.418237;-31.511758;37.93;101704.088;4.325403;1357669443
-51.317175;-31.453628;37.93;101703.36;4.3835336;1357770505
-51.211898;-31.448344;37.93;101703.28;4.3888188;1357875782
-51.110168;-31.453628;37.93;101703.36;4.3835336;1357977512
-50.991120;-31.3268;37.93;101701.83;4.5103624;1358096560
-50.885422;-31.395498;37.93;101702.65;4.4416636;1358202258
-50.779331;-31.332084;37.93;101701.92;4.5050776;1358308349
-50.677929;-31.205256;37.93;101700.39;4.6319064;1358409751
-50.570976;-31.26867;37.93;101701.11;4.568493;1358516704
-50.468812;-31.273954;37.93;101701.2;4.5632076;1358618868
-50.367214;-31.395498;37.93;101702.65;4.4416636;1358720466
-50.266011;-31.205256;37.93;101700.39;4.6319064;1358821669
-50.163582;-31.205256;37.93;101700.39;4.6319064;1358924098
-50.061454;-31.26867;37.93;101701.11;4.568493;1359026226
-49.852045;-31.3268;37.93;101701.83;4.5103624;1359235635
-49.750165;-31.3268;37.93;101701.83;4.5103624;1359337515
-49.525795;-31.205256;37.93;101700.39;4.6319064;1359561885
-49.321230;-31.152408;37.93;101699.768;4.6847532;1359766450
-49.201619;-31.215824;37.93;101700.488;4.621338;1359886061
-49.094934;-31.078426;37.92;101698.86;4.7587356;1359992746
-48.991878;-31.273954;37.93;101701.2;4.5632076;1360095802
-48.782747;-31.221108;37.94;101700.58;4.6160544;1360304933
-48.680699;-31.221108;37.94;101700.58;4.6160544;1360406981
-48.577464;-31.332084;37.93;101701.92;4.5050776;1360510216
-48.475935;-31.215824;37.93;101700.488;4.621338;1360611745
-48.362473;-31.221108;37.94;101700.58;4.6160544;1360725207
-48.259464;-31.332084;37.93;101701.92;4.5050776;1360828216
-48.050343;-31.273954;37.93;101701.2;4.5632076;1361037337
-47.808958;-31.26867;37.93;101701.11;4.568493;1361278722
-47.704994;-31.273954;37.93;101701.2;4.5632076;1361382686
-47.602387;-31.205256;37.93;101700.39;4.6319064;1361485293
-47.476690;-31.332084;37.93;101701.92;4.5050776;1361610990
-47.372201;-31.273954;37.93;101701.2;4.5632076;1361715479
-47.270219;-31.453628;37.93;101703.36;4.3835336;1361817461
-47.167000;-31.273954;37.93;101701.2;4.5632076;1361920680
-47.055414;-30.893466;37.92;101696.61;4.943695;1362032266
-46.946304;-30.972734;37.93;101697.6;4.8644276;1362141376
-46.841346;-31.221108;37.94;101700.58;4.6160544;1362246334
-46.737814;-31.273954;37.93;101701.2;4.5632076;1362349866
-46.632080;-31.221108;37.94;101700.58;4.6160544;1362455600
-46.522228;-31.215824;37.93;101700.488;4.621338;1362565452
-46.315021;-31.289808;37.94;101701.39;4.5473536;1362772659
-46.202134;-31.289808;37.94;101701.39;4.5473536;1362885546
-46.099008;-31.289808;37.94;101701.39;4.5473536;1362988672
-45.990243;-31.221108;37.94;101700.58;4.6160544;1363097437
-45.885738;-31.347938;37.94;101702.11;4.4892236;1363201942
-45.781948;-31.347938;37.94;101702.11;4.4892236;1363305732
-45.676783;-31.406066;37.94;101702.83;4.431095;1363410897
-45.572666;-31.406066;37.94;101702.83;4.431095;1363515014
-45.470114;-31.295092;37.95;101701.48;4.5420704;1363617566
-45.352614;-31.231678;37.94;101700.67;4.605484;1363735066
-45.249759;-31.110132;37.94;101699.23;4.72703;1363837921
-45.144238;-31.358508;37.95;101702.2;4.478655;1363943442
-45.043197;-31.168262;37.94;101699.944;4.6688996;1364044483
-44.934036;-31.231678;37.94;101700.67;4.605484;1364153644
-44.828622;-30.771922;37.92;101695.16;5.065241;1364259058
-44.615702;-31.231678;37.94;101700.67;4.605484;1364471978
-44.382773;-31.236962;37.95;101700.76;4.6002008;1364704907
-44.279658;-31.231678;37.94;101700.67;4.605484;1364808022
-44.178268;-31.289808;37.94;101701.39;4.5473536;1364909412
-44.077105;-31.099564;37.94;101699.13;4.7375984;1365010575
-43.974626;-31.178834;37.95;101700.03;4.658329;1365113054
-43.871934;-31.052002;37.94;101698.5;4.78516;1365215746
-43.767903;-31.115418;37.95;101699.31;4.7217444;1365319777
-43.665734;-31.115418;37.95;101699.31;4.7217444;1365421946
-43.555838;-31.115418;37.95;101699.31;4.7217444;1365531842
-43.449658;-31.236962;37.95;101700.76;4.6002008;1365638022
-43.347139;-31.236962;37.95;101700.76;4.6002008;1365740541
-43.245305;-31.115418;37.95;101699.31;4.7217444;1365842375
-43.124901;-31.358508;37.95;101702.2;4.478655;1365962779
-43.021304;-31.358508;37.95;101702.2;4.478655;1366066376
-42.919895;-31.416638;37.95;101702.92;4.4205248;1366167785
-42.812511;-31.358508;37.95;101702.2;4.478655;1366275169
-42.709637;-31.358508;37.95;101702.2;4.478655;1366378043
-42.495750;-31.231678;37.94;101700.67;4.605484;1366591930
-42.392337;-31.295092;37.95;101701.48;4.5420704;1366695343
-42.283097;-31.231678;37.94;101700.67;4.605484;1366804583
-42.181157;-31.347938;37.94;101702.11;4.4892236;1366906523
-42.074133;-31.236962;37.95;101700.76;4.6002008;1367013547
-41.968464;-31.358508;37.95;101702.2;4.478655;1367119216
-41.852893;-31.168262;37.94;101699.944;4.6688996;1367234787
-41.751219;-31.168262;37.94;101699.944;4.6688996;1367336461
-41.649432;-31.295092;37.95;101701.48;4.5420704;1367438248
-41.530892;-31.236962;37.95;101700.76;4.6002008;1367556788
-41.399389;-31.295092;37.95;101701.48;4.5420704;1367688291
-41.297674;-31.236962;37.95;101700.76;4.6002008;1367790006
-41.195986;-31.236962;37.95;101700.76;4.6002008;1367891694
-41.093204;-31.358508;37.95;101702.2;4.478655;1367994476
-40.886550;-31.178834;37.95;101700.03;4.658329;1368201130
-40.670071;-31.289808;37.94;101701.39;4.5473536;1368417609
-40.566847;-31.115418;37.95;101699.31;4.7217444;1368520833
-40.463914;-31.358508;37.95;101702.2;4.478655;1368623766
-40.359330;-31.178834;37.95;101700.03;4.658329;1368728350
-40.124868;-31.30566;37.95;101701.57;4.531502;1368962812
-39.812081;-31.242246;37.95;101700.84;4.5949152;1369275599
-39.680437;-31.36379;37.95;101702.3;4.4733716;1369407243
-39.579256;-31.242246;37.95;101700.84;4.5949152;1369508424
-39.477587;-31.30566;37.95;101701.57;4.531502;1369610093
-39.373979;-31.184116;37.95;101700.132;4.6530456;1369713701
-39.271320;-31.36379;37.95;101702.3;4.4733716;1369816360
-39.150149;-31.178834;37.95;101700.03;4.658329;1369937531
-39.048929;-30.935744;37.95;101697.16;4.9014188;1370038751
-38.946399;-31.242246;37.95;101700.84;4.5949152;1370141281
-38.821118;-30.999156;37.95;101697.868;4.838005;1370266562
-38.717161;-31.178834;37.95;101700.03;4.658329;1370370519
-38.609632;-30.988588;37.94;101697.78;4.8485736;1370478048
-38.507154;-31.178834;37.95;101700.03;4.658329;1370580526
-38.386030;-31.242246;37.95;101700.84;4.5949152;1370701650
-38.281592;-31.184116;37.95;101700.132;4.6530456;1370806088
-38.175891;-31.062572;37.95;101698.69;4.7745896;1370911789
-38.072524;-31.125986;37.95;101699.41;4.711176;1371015156
-37.945845;-31.062572;37.95;101698.69;4.7745896;1371141835
-37.844286;-31.184116;37.95;101700.132;4.6530456;1371243394
-37.741200;-31.184116;37.95;101700.132;4.6530456;1371346480
-37.639568;-31.189402;37.96;101700.22;4.6477604;1371448112
-37.538081;-31.242246;37.95;101700.84;4.5949152;1371549599
-37.435038;-31.184116;37.95;101700.132;4.6530456;1371652642
-37.330384;-31.184116;37.95;101700.132;4.6530456;1371757296
-37.221027;-31.485336;37.95;101703.736;4.3518256;1371866653
-37.116480;-31.36379;37.95;101702.3;4.4733716;1371971200
-37.013455;-31.36379;37.95;101702.3;4.4733716;1372074225
-36.908907;-31.30566;37.95;101701.57;4.531502;1372178773
-36.691996;-31.242246;;0.022;1;1372395684
-36.588407;-31.168262;37.94;101699.944;4.6688996;1372499273
-36.384667;-31.36379;37.95;101702.3;4.4733716;1372703013
-36.281293;-31.242246;37.95;101700.84;4.5949152;1372806387
-36.172687;-31.184116;37.95;101700.132;4.6530456;1372914993
-36.070915;-31.184116;37.95;101700.132;4.6530456;1373016765
-35.962239;-31.184116;37.95;101700.132;4.6530456;1373125441
-35.858502;-31.184116;37.95;101700.132;4.6530456;1373229178
-35.640506;-31.184116;37.95;101700.132;4.6530456;1373447174
-35.416161;-31.252816;37.96;101700.94;4.584347;1373671519
-35.311862;-31.3743632;37.96;101702.39;4.462801;1373775818
-35.202194;-31.310946;37.96;101701.668;4.5262164;1373885486
-34.979444;-31.242246;37.95;101700.84;4.5949152;1374108236
-34.853632;-31.3743632;37.96;101702.39;4.462801;1374234048
-34.751737;-31.252816;37.96;101700.94;4.584347;1374335943
-34.645577;-31.252816;37.96;101700.94;4.584347;1374442103
-34.544225;-31.131272;37.96;101699.5;4.7058908;1374543455
-34.421143;-31.252816;37.96;101700.94;4.584347;1374666537
-34.319764;-31.125986;37.95;101699.41;4.711176;1374767916
-34.212912;-31.2581;37.96;101701.03;4.5790616;1374874768
-34.109775;-31.321514;37.96;101701.76;4.515648;1374977905
-34.002362;-31.2581;37.96;101701.03;4.5790616;1375085318
-33.901345;-31.321514;37.96;101701.76;4.515648;1375186335
-33.799835;-31.19997;37.96;101700.31;4.637192;1375287845
-33.691410;-31.321514;37.96;101701.76;4.515648;1375396270
-33.581013;-31.310946;37.96;101701.668;4.5262164;1375506667
-33.476027;-31.19997;37.96;101700.31;4.637192;1375611653
-33.373958;-31.189402;37.96;101700.22;4.6477604;1375713722
-33.269887;-31.252816;37.96;101700.94;4.584347;1375817793
-33.138963;-31.189402;37.96;101700.22;4.6477604;1375948717
-33.033509;-31.19997;37.96;101700.31;4.637192;1376054171
-32.824760;-31.38493;37.97;101702.56;4.4522324;1376262920
-32.699014;-31.2581;37.96;101701.03;4.5790616;1376388666
-32.594924;-31.2581;37.96;101701.03;4.5790616;1376492756
-32.493061;-31.321514;37.96;101701.76;4.515648;1376594619
-32.255125;-31.19997;37.96;101700.31;4.637192;1376832555
-32.151898;-30.91989;37.94;101696.97;4.9172724;1376935782
-32.041061;-31.252816;37.96;101700.94;4.584347;1377046619
-31.927743;-31.19997;37.96;101700.31;4.637192;1377159937
-31.800380;-31.2581;37.96;101701.03;4.5790616;1377287300
-31.689117;-31.3268;37.97;101701.84;4.5103624;1377398563
-31.583578;-31.2581;37.96;101701.03;4.5790616;1377504102
-31.482238;-31.210538;37.97;101700.41;4.626623;1377605442
-31.380859;-31.26867;37.97;101701.128;4.568493;1377706821
-31.278184;-31.020296;37.96;101698.15;4.816866;1377809496
-31.174512;-31.19997;37.96;101700.31;4.637192;1377913168
-31.072490;-31.2581;37.96;101701.03;4.5790616;1378015190
-30.969537;-31.14184;37.96;101699.59;4.695322;1378118143
-30.865147;-31.3268;37.97;101701.84;4.5103624;1378222533
-30.762334;-31.321514;37.96;101701.76;4.515648;1378325346
-30.657712;-31.3268;37.97;101701.84;4.5103624;1378429968
-30.556004;-31.210538;37.97;101700.41;4.626623;1378531676
-30.324769;-31.210538;37.97;101700.41;4.626623;1378762911
-30.220598;-31.147126;37.97;101699.69;4.690037;1378867082
-30.116665;-31.131272;37.96;101699.5;4.7058908;1378971015
-30.014358;-31.19997;37.96;101700.31;4.637192;1379073322
-29.907241;-31.26867;37.97;101701.128;4.568493;1379180439
-29.696767;-31.26867;37.97;101701.128;4.568493;1379390913
-29.564750;-31.147126;37.97;101699.69;4.690037;1379522930
-29.462045;-31.147126;37.97;101699.69;4.690037;1379625635
-29.351978;-31.2581;37.96;101701.03;4.5790616;1379735702
-29.239482;-31.14184;37.96;101699.59;4.695322;1379848198
-29.109616;-31.02558;37.97;101698.24;4.8115824;1379978064
-29.006177;-31.147126;37.97;101699.69;4.690037;1380081503
-28.900077;-31.19997;37.96;101700.31;4.637192;1380187603
-28.798151;-31.147126;37.97;101699.69;4.690037;1380289529
-28.665751;-31.147126;37.97;101699.69;4.690037;1380421929
-28.562753;-31.3268;37.97;101701.84;4.5103624;1380524927
-28.458341;-31.273954;37.97;101701.22;4.5632076;1380629339
-28.352958;-31.0889952;37.97;101698.97;4.748167;1380734722
-28.230109;-31.215824;37.97;101700.5;4.621338;1380857571
-28.126676;-31.273954;37.97;101701.22;4.5632076;1380961004
-27.816082;-31.0889952;37.97;101698.97;4.748167;1381271598
-27.709617;-31.152408;37.97;101699.77;4.6847532;1381378063
-27.600761;-31.210538;37.97;101700.41;4.626623;1381486919
-27.488894;-31.215824;37.97;101700.5;4.621338;1381598786
-27.380864;-31.147126;37.97;101699.69;4.690037;1381706816
-27.279139;-31.273954;37.97;101701.22;4.5632076;1381808541
-27.176172;-31.3268;37.97;101701.84;4.5103624;1381911508
-27.075133;-31.210538;37.97;101700.41;4.626623;1382012547
-26.957695;-31.215824;37.97;101700.5;4.621338;1382129985
-26.755164;-31.210538;37.97;101700.41;4.626623;1382332516
-26.446376;-31.273954;37.97;101701.22;4.5632076;1382641304
-26.340159;-31.3268;37.97;101701.84;4.5103624;1382747521
-26.238291;-31.273954;37.97;101701.22;4.5632076;1382849389
-26.133845;-31.152408;37.97;101699.77;4.6847532;1382953835
-26.023776;-31.215824;37.97;101700.5;4.621338;1383063904
-25.817186;-31.0889952;37.97;101698.97;4.748167;1383270494
-25.695756;-30.96745;37.97;101697.512;4.869713;1383391924
-25.592153;-31.215824;37.97;101700.5;4.621338;1383495527
-25.490665;-31.273954;37.97;101701.22;4.5632076;1383597015
-25.285254;-30.972734;37.97;101697.61;4.8644276;1383802426
-25.182437;-31.104848;37.98;101699.14;4.732313;1383905243
-25.078922;-31.03615;37.97;101698.332;4.801012;1384008758
-24.974654;-31.273954;37.97;101701.22;4.5632076;1384113026
-24.873113;-31.400784;37.98;101702.75;4.4363784;1384214567
-24.768251;-31.104848;37.98;101699.14;4.732313;1384319429
-24.666817;-31.041434;37.98;101698.42;4.7957288;1384420863
-24.565028;-31.041434;37.98;101698.42;4.7957288;1384522652
-24.461997;-30.798344;37.97;101695.45;5.0388184;1384625683
-24.345091;-30.983304;37.98;101697.7;4.853859;1384742589
-24.243127;-30.925174;37.98;101696.984;4.9119872;1384844553
-24.141214;-31.041434;37.98;101698.42;4.7957288;1384946466
-24.030603;-30.925174;37.98;101696.984;4.9119872;1385057077
-23.929079;-30.174768;37.92;101687.95;5.6623936;1385158601
-23.821424;-30.914604;37.97;101696.89;4.922558;1385266256
-23.719331;-30.983304;37.98;101697.7;4.853859;1385368349
-23.616260;-30.872328;37.98;101696.35;4.964834;1385471420
-23.514642;-30.930458;37.98;101697.08;4.906704;1385573038
-23.407396;-30.993874;37.98;101697.8;4.8432884;1385680284
-23.301930;-31.110132;37.98;101699.232;4.72703;1385785750
-23.197218;-31.104848;37.98;101699.14;4.732313;1385890462
-23.084919;-30.872328;37.98;101696.35;4.964834;1386002761
-22.981430;-30.925174;37.98;101696.984;4.9119872;1386106250
-22.880050;-31.041434;37.98;101698.42;4.7957288;1386207630
-22.777754;-31.16298;37.98;101699.87;4.674183;1386309926
-22.644373;-31.16298;37.98;101699.87;4.674183;1386443307
-22.532205;-31.052002;37.9285629;0.021;0;1386555475
-22.431224;-31.041434;37.98;101698.42;4.7957288;1386656456
-22.326203;-30.925174;37.98;101696.984;4.9119872;1386761477
-22.199445;-31.041434;37.98;101698.42;4.7957288;1386888235
-22.098107;-30.983304;37.98;101697.7;4.853859;1386989573
-21.995566;-30.856474;37.97;101696.17;4.980688;1387092114
-21.893685;-31.041434;37.98;101698.42;4.7957288;1387193995
-21.768068;-30.798344;37.97;101695.45;5.0388184;1387319612
-21.664911;-30.703222;37.95;101694.36;5.1339396;1387422769
-21.563121;-30.914604;37.97;101696.89;4.922558;1387524559
-21.459420;-30.983304;37.98;101697.7;4.853859;1387628260
-21.353058;-30.925174;37.98;101696.984;4.9119872;1387734622
-21.245891;-31.041434;37.98;101698.42;4.7957288;1387841789
-21.143116;-31.16298;37.98;101699.87;4.674183;1387944564
-21.040286;-31.110132;37.98;101699.232;4.72703;1388047394
-20.922718;-30.993874;37.98;101697.8;4.8432884;1388164962
-20.820866;-30.930458;37.98;101697.08;4.906704;1388266814
-20.711076;-30.86176;37.98;101696.264;4.975403;1388376604
-20.469559;-30.983304;37.98;101697.7;4.853859;1388618121
-20.359754;-31.231678;;0.022;0;1388727926
-20.252779;-30.925174;37.98;101696.984;4.9119872;1388834901
-20.145684;-31.236962;37.99;101700.768;4.6002008;1388941996
-20.026716;-31.168262;37.98;101699.95;4.6688996;1389060964
-19.810963;-31.115418;37.99;101699.33;4.7217444;1389276717
-19.708102;-31.052002;37.98;101698.516;4.78516;1389379578
-19.495681;-30.930458;37.98;101697.08;4.906704;1389591999
-19.392122;-30.930458;37.98;101697.08;4.906704;1389695558
-19.287677;-30.993874;37.98;101697.8;4.8432884;1389800003
-19.186017;-31.168262;37.98;101699.95;4.6688996;1389901663
-19.077997;-31.168262;37.98;101699.95;4.6688996;1390009683
-18.974835;-31.168262;37.98;101699.95;4.6688996;1390112845
-18.872030;-31.178834;37.99;101700.05;4.658329;1390215650
-18.766659;-31.184116;37.99;101700.14;4.6530456;1390321021
-18.665275;-30.999156;37.99;101697.89;4.838005;1390422405
-18.563619;-31.067856;37.99;101698.696;4.769306;1390524061
-18.459650;-31.125986;37.99;101699.42;4.711176;1390628030
-18.331690;-31.057288;37.99;101698.61;4.779875;1390755990
-18.010682;-31.115418;37.99;101699.33;4.7217444;1391076998
-17.898596;-30.999156;37.99;101697.89;4.838005;1391189084
-17.794189;-31.115418;37.99;101699.33;4.7217444;1391293491
-17.687187;-31.115418;37.99;101699.33;4.7217444;1391400493
-17.584710;-31.125986;37.99;101699.42;4.711176;1391502970
-17.482774;-31.184116;37.99;101700.14;4.6530456;1391604906
-17.378300;-30.95688;37.96;101697.42;4.8802816;1391709380
-17.274679;-31.184116;37.99;101700.14;4.6530456;1391813001
-17.168233;-31.004442;37.99;101697.984;4.83272;1391919447
-17.067002;-31.131272;38.0;101699.512;4.7058908;1392020678
-16.964278;-31.131272;38.0;101699.512;4.7058908;1392123402
-16.760267;-31.1946836;38.0;101700.232;4.642477;1392327413
-16.659233;-31.3743632;38.0;101702.4;4.462801;1392428447
-16.552187;-31.432492;38.0;101703.11;4.4046708;1392535493
-16.440909;-31.252816;38.0;101700.95;4.584347;1392646771
-16.012210;-31.1946836;38.0;101700.232;4.642477;1393075470
-15.909643;-31.131272;38.0;101699.512;4.7058908;1393178037
-15.801104;-31.131272;38.0;101699.512;4.7058908;1393286576
-15.472155;-31.1946836;38.0;101700.232;4.642477;1393615525
-15.369885;-31.1946836;38.0;101700.232;4.642477;1393717795
-15.257296;-31.3743632;38.0;101702.4;4.462801;1393830384
-15.052146;-31.263386;38.0;101701.05;4.5737764;1394035534
-14.950170;-31.14184;38.0;101699.61;4.695322;1394137510
-14.845287;-31.19997;38.0;101700.33;4.637192;1394242393
-14.744211;-31.078426;38.0;101698.88;4.7587356;1394343469
-14.643239;-31.19997;38.0;101700.33;4.637192;1394444441
-14.534871;-31.19997;38.0;101700.33;4.637192;1394552809
-14.428507;-31.073142;38.0;101698.79;4.764021;1394659173
-14.324700;-31.19997;38.0;101700.33;4.637192;1394762980
-14.121063;-30.962166;38.0;101697.44;4.874996;1394966617
-14.003328;-31.14184;38.0;101699.61;4.695322;1395084352
-13.898739;-30.89875;38.0;101696.72;4.9384116;1395188941
-13.795442;-30.89875;38.0;101696.72;4.9384116;1395292238
-13.689131;-31.078426;38.0;101698.88;4.7587356;1395398549
-13.556986;-31.0889952;38.01;101698.98;4.748167;1395530694
-13.448557;-30.840622;38.0;101696.0;4.99654;1395639123
-13.347458;-31.030864;38.01;101698.25;4.8062972;1395740222
-13.244692;-30.946312;37.99;101697.26;4.89085;1395842988
-13.132888;-31.030864;38.01;101698.25;4.8062972;1395954792
-13.029193;-30.85119;38.01;101696.09;4.9859716;1396058487
-12.926203;-31.020296;38.0;101698.16;4.816866;1396161477
-12.824376;-30.962166;38.0;101697.44;4.874996;1396263304
-12.704503;-31.147126;38.01;101699.692;4.690037;1396383177
-12.599463;-31.0889952;38.01;101698.98;4.748167;1396488217
-12.497863;-30.96745;38.01;101697.53;4.869713;1396589817
-12.394710;-31.030864;38.01;101698.25;4.8062972;1396692970
-12.292224;-31.030864;38.01;101698.25;4.8062972;1396795456
-12.189107;-31.03615;38.01;101698.34;4.801012;1396898573
-12.086887;-31.157694;38.01;101699.78;4.679468;1397000793
-11.978807;-31.157694;38.01;101699.78;4.679468;1397108873
-11.874869;-31.030864;38.01;101698.25;4.8062972;1397212811
-11.772292;-30.914604;38.01;101696.91;4.922558;1397315388
-11.670383;-31.16298;38.02;101699.868;4.674183;1397417297
-11.567088;-31.03615;38.01;101698.34;4.801012;1397520592
-11.465045;-30.914604;38.01;101696.91;4.922558;1397622635
-11.351001;-31.03615;38.01;101698.34;4.801012;1397736679
-11.234620;-30.639808;37.99;101693.56;5.1973532;1397853060
-11.133091;-31.147126;38.01;101699.692;4.690037;1397954589
-11.031141;-31.273954;38.01;101701.232;4.5632076;1398056539
-10.928894;-31.284523;38.02;101701.32;4.552639;1398158786
-10.617438;-31.16298;38.02;101699.868;4.674183;1398470242
-10.494410;-31.046718;38.02;101698.44;4.7904432;1398593270
-10.055992;-30.97802;38.01;101697.624;4.8591424;1399031688
-9.942167;-31.16298;38.02;101699.868;4.674183;1399145513
-9.839084;-31.046718;38.02;101698.44;4.7904432;1399248596
-9.731265;-31.052002;38.02;101698.53;4.78516;1399356415
-9.420854;-31.104848;38.02;101699.16;4.732313;1399666826
-9.319234;-31.046718;38.02;101698.44;4.7904432;1399768446
-9.192361;-30.254036;37.97;101688.95;5.583126;1399895319
-8.887093;-30.983304;38.02;101697.72;4.853859;1400200587
-8.784170;-31.046718;38.02;101698.44;4.7904432;1400303510
-8.681280;-31.342654;38.02;101702.05;4.4945088;1400406400
-8.579519;-31.16298;38.02;101699.868;4.674183;1400508161
-8.476233;-31.16298;38.02;101699.868;4.674183;1400611447
-8.373798;-31.046718;38.02;101698.44;4.7904432;1400713882
-8.270297;-30.983304;38.02;101697.72;4.853859;1400817383
-8.169197;-31.16298;38.02;101699.868;4.674183;1400918483
-8.067143;-30.925174;38.02;101696.99;4.9119872;1401020537
-7.945259;-30.925174;38.02;101696.99;4.9119872;1401142421
-7.835906;-30.86176;38.02;101696.27;4.975403;1401251774
-7.734310;-30.983304;38.02;101697.72;4.853859;1401353370
-7.522885;-31.16298;38.02;101699.868;4.674183;1401564795
-7.420397;-31.110132;38.02;101699.25;4.72703;1401667283
-7.314854;-31.104848;38.02;101699.16;4.732313;1401772826
-7.206251;-31.289808;38.02;101701.41;4.5473536;1401881429
-7.105220;-31.231678;38.02;101700.69;4.605484;1401982460
-6.997639;-31.110132;38.02;101699.25;4.72703;1402090041
-6.889037;-31.03615;38.01;101698.34;4.801012;1402198643
-6.782356;-31.052002;38.02;101698.53;4.78516;1402305324
-6.564723;-30.930458;38.02;101697.084;4.906704;1402522957
-6.461428;-30.872328;38.02;101696.36;4.964834;1402626252
-6.357424;-30.872328;38.02;101696.36;4.964834;1402730256
-6.254338;-30.993874;38.02;101697.808;4.8432884;1402833342
-6.124770;-30.993874;38.02;101697.808;4.8432884;1402962910
-5.918002;-31.120702;38.03;101699.34;4.7164592;1403169678
-5.813540;-31.052002;38.02;101698.53;4.78516;1403274140
-5.709579;-31.168262;38.02;101699.97;4.6688996;1403378101
-5.604257;-31.104848;38.02;101699.16;4.732313;1403483423
-5.502494;-30.983304;38.02;101697.72;4.853859;1403585186
-5.400107;-31.16298;38.02;101699.868;4.674183;1403687573
-5.295968;-31.168262;38.02;101699.97;4.6688996;1403791712
-5.176601;-31.110132;38.02;101699.25;4.72703;1403911079
-5.073036;-31.178834;38.03;101700.06;4.658329;1404014644
-4.969127;-31.110132;38.02;101699.25;4.72703;1404118553
-4.746784;-30.930458;38.02;101697.084;4.906704;1404340896
-4.645089;-30.999156;38.03;101697.9;4.838005;1404442591
-4.535836;-30.999156;38.03;101697.9;4.838005;1404551844
-4.428205;-30.930458;38.02;101697.084;4.906704;1404659475
-4.323532;-30.993874;38.0242;2100;0;1404764148
-4.119133;-30.999156;38.03;101697.9;4.838005;1404968547
-3.806758;-30.888182;38.03;101696.55;4.9489804;1405280922
-3.705036;-31.057288;38.03;101698.624;4.779875;1405382644
-3.603109;-30.999156;38.03;101697.9;4.838005;1405484571
-3.499501;-30.999156;38.03;101697.9;4.838005;1405588179
-3.394814;-31.067856;38.03;101698.71;4.769306;1405692866
-3.291429;-31.067856;38.03;101698.71;4.769306;1405796251
-2.986095;-30.941026;38.03;101697.17;4.8961352;1406101585
-2.871141;-31.004442;38.03;101697.984;4.83272;1406216539
-2.766722;-31.189402;38.03;101700.16;4.6477604;1406320958
-2.663346;-31.067856;38.03;101698.71;4.769306;1406424334
-2.562111;-31.004442;38.03;101697.984;4.83272;1406525569
-2.352083;-30.830052;38.03;101695.83;5.0071108;1406735597
-2.247781;-30.946312;38.03;101697.268;4.89085;1406839899
-2.141402;-31.01501;38.04;101698.08;4.822151;1406946278
-2.040057;-30.893466;38.04;101696.64;4.943695;1407047623
-1.933623;-31.01501;38.04;101698.08;4.822151;1407154057
-1.829649;-31.004442;38.03;101697.984;4.83272;1407258031
-1.726514;-31.131272;38.04;101699.52;4.7058908;1407361166
-1.624646;-31.01501;38.04;101698.08;4.822151;1407463034
-1.511104;-31.073142;38.04;101698.8;4.764021;1407576576
-1.408849;-30.893466;38.04;101696.64;4.943695;1407678831
-1.305906;-31.067856;38.03;101698.71;4.769306;1407781774
-1.204157;-31.004442;38.03;101697.984;4.83272;1407883523
-1.088428;-31.073142;38.04;101698.8;4.764021;1407999252
-0.987194;-31.073142;38.04;101698.8;4.764021;1408100486
-0.884284;-30.95688;38.04;101697.36;4.8802816;1408203396
-0.783105;-30.692654;38.02;101694.2;5.1445084;1408304575
-0.682317;-31.073142;38.04;101698.8;4.764021;1408405363
-0.580482;-30.95688;38.04;101697.36;4.8802816;1408507198
-0.464845;-30.888182;38.03;101696.55;4.9489804;1408622835
-0.362591;-31.147126;38.05;101699.7;4.690037;1408725089
-0.258713;-30.893466;38.04;101696.64;4.943695;1408828967
-0.151564;-31.073142;38.04;101698.8;4.764021;1408936116
-0.028760;-31.073142;38.04;101698.8;4.764021;1409058920
0.074633;-30.835336;38.04;101695.912;5.0018252;1409162313
0.176110;-30.4865568;38.04;101691.69;5.350605;1409263790
0.277720;-29.33981;38.04;101677.89;6.4973524;1409365400
0.384276;-27.960542;38.04;101661.304;7.8766192;1409471956
0.488160;-26.454446;38.03;101643.19;9.382715;1409575840
0.597815;-23.648352;38.04;101609.38;12.18881;1409685495
0.701174;-19.68494;38.03;101561.7;16.152222;1409788854
0.804762;-17.164212;38.03;101531.33;18.67295;1409892442
0.906131;-13.50202;38.02;101487.25;22.335142;1409993811
1.114271;-8.439423;38.01;101426.42;27.39774;1410201951
1.225565;-5.305686;37.96;101388.76;30.531476;1410313245
1.330511;-3.376826;37.99;101365.59;32.460336;1410418191
1.432439;-0.7398367;37.99;101333.87;35.097324;1410520119
1.547807;1.3686979;37.99;101308.55;37.20586;1410635487
1.654209;2.3965426;37.98;101296.2;38.233704;1410741889
1.756681;4.0268252;37.98;101276.65;39.863988;1410844361
1.857835;4.8062964;37.98;101267.27;40.64346;1410945515
1.968911;6.5554816;37.97;101246.27;42.392644;1411056591
2.072087;7.517269;37.97;101234.74;43.35443;1411159767
2.177450;8.365439;37.97;101224.56;44.202604;1411265130
2.279546;10.468689;37.97;101199.33;46.30585;1411367226
2.389461;13.945922;37.97;101157.6;49.783084;1411477141
2.491169;13.824377;37.97;101159.05;49.661536;1411578849
2.598788;18.445714;37.98;101103.624;54.282876;1411686468
2.702340;23.920506;37.98;101038.02;59.757668;1411790020
2.804003;25.957698;37.98;101013.6;61.79486;1411891683
2.912143;29.981882;37.99;100965.39;65.819048;1411999823
3.021627;31.834116;38.0;100943.21;67.67128;1412109307
3.125520;34.656064;38.0;100909.416;70.493224;1412213200
3.228086;36.817444;38.01;100883.55;72.6546;1412315766
3.330176;39.10037;38.01;100856.24;74.93753;1412417856
3.431880;41.15606;38.01;100831.65;76.993224;1412519560
3.537375;43.76398;37.95;100800.44;79.60114;1412625055
3.640070;45.76947;37.98;100776.44;81.60663;1412727750
3.742549;47.06154;38.01;100761.0;82.8987;1412830229
3.859619;48.319264;38.01;100745.95;84.156424;1412947299
3.965250;49.518856;38.02;100731.624;85.35602;1413052930
4.066660;50.96682;38.02;100714.31;86.803984;1413154340
4.171381;52.655236;38.02;100694.13;88.4924;1413259061
4.379152;54.343648;38.02;100673.95;90.18081;1413466832
4.481278;55.37149;38.02;100661.692;91.20865;1413568958
4.584216;56.697916;38.02;100645.84;92.53508;1413671896
4.686992;57.41397;38.02;100637.268;93.25113;1413774672
4.791006;57.897508;38.02;100631.5;93.734664;1413878686
4.893589;58.25157;38.03;100627.268;94.08873;1413981269
4.997722;58.735108;38.03;100621.5;94.572264;1414085402
5.105892;59.46702;38.02;100612.768;95.304184;1414193572
5.208457;59.768236;38.02;100609.16;95.60539;1414296137
5.412334;59.707464;38.02;100609.88;95.544624;1414500014
5.616653;59.46702;38.02;100612.768;95.304184;1414704333
5.717991;59.40096;38.03;100613.56;95.23812;1414805671
5.824553;59.45909;38.03;100612.84;95.29625;1414912233
5.977468;58.69019;38.02;100622.05;94.52735;1415065148
6.079177;57.64913;38.03;100634.47;93.4863;1415166857
6.182989;57.350556;37.98;100638.05;93.18771;1415270669
6.285356;57.815592;37.91;100632.47;93.652752;1415373036
6.388927;56.248724;37.99;100651.19;92.08589;1415476607
