t_s;heading;roll;pitch;ax;ay;az;uptime_us
-269.967384;342.5;7575;-17282;0.96363184;0.039768936;-0.248810768;1139120296
-269.944519;342.5;7575;-17282;0.9605727;0.02447319;-0.24677134;1139143161
-269.899106;342.5;7575;-17288;0.961592464;0.01631546;-0.232495316;1139188574
-269.877072;342.5;7575;-17288;0.96363184;0.021414042;-0.2386136;1139210608
-269.850370;342.5;7575;-17288;0.9575136;0.021414042;-0.24983048;1139237310
-269.828228;342.5;7575;-17288;0.96261216;0.029571772;-0.24677134;1139259452
-269.799832;342.5;7575;-17288;0.961592464;0.031611204;-0.248810768;1139287848
-269.778158;342.5;7575;-17288;0.9605727;0.028552056;-0.2447319;1139309522
-269.755813;342.5;7575;-17288;0.96261216;0.020394326;-0.2314756;1139331867
-269.732122;342.5;7575;-17288;0.96261216;0.015295744;-0.22841644;1139355558
-269.706759;342.5;7575;-17288;0.9605727;0.021414042;-0.248810768;1139380921
-269.671428;342.5;7575;-17288;0.961592464;0.030591488;-0.24371218;1139416252
-269.612418;342.5;7575;-17282;0.9646516;0.03263092;-0.2386136;1139475262
-269.539104;342.5625;7575;-17282;0.96363184;0.026512622;-0.24167276;1139548576
-269.500233;342.5625;7575;-17282;0.961592464;0.029571772;-0.24677134;1139587447
-269.478270;342.5625;7575;-17282;0.9585333;0.046906948;-0.25492908;1139609410
-269.456821;342.5;7575;-17288;0.96363184;0.028552056;-0.242692468;1139630859
-269.427123;342.5;7575;-17294;0.96261216;0.013256311;-0.23453474;1139660557
-269.399433;342.5;7575;-17307;0.96363184;0.010197163;-0.2314756;1139688247
-269.377871;342.5;7575;-17307;0.96363184;0.021414042;-0.2447319;1139709809
-269.354577;342.5;7575;-17307;0.959553;0.031611204;-0.25390936;1139733103
-269.330305;342.5;7575;-17307;0.961592464;0.03569007;-0.247791052;1139757375
-269.299602;342.5;7581;-17307;0.96363184;0.025492906;-0.24167276;1139788078
-269.269568;342.5;7581;-17307;0.9605727;0.0193746092;-0.24167276;1139818112
-269.247639;342.5;7581;-17307;0.9656713;0.021414042;-0.2386136;1139840041
-269.217858;342.5;7581;-17307;0.961592464;0.026512622;-0.2447319;1139869822
-269.190027;342.5;7581;-17307;0.96363184;0.028552056;-0.24371218;1139897653
-269.159472;342.5;7581;-17307;0.96261216;0.034670352;-0.24575162;1139928208
-269.107622;342.5;7581;-17307;0.96261216;0.021414042;-0.23351502;1139980058
-269.085885;342.5;7581;-17307;0.96363184;0.0193746092;-0.2386136;1140001795
-269.060137;342.5;7575;-17307;0.961592464;0.017335176;-0.24677134;1140027543
-269.038190;342.5;7575;-17307;0.961592464;0.033650636;-0.248810768;1140049490
-269.010262;342.5;7575;-17307;0.9605727;0.036709784;-0.25390936;1140077418
-268.986492;342.5;7575;-17307;0.96261216;0.029571772;-0.24167276;1140101188
-268.960209;342.5;7581;;557;307;4243;1140127471
-268.939098;342.4375;7581;-17319;0.9646516;0.020394326;-0.2386136;1140148582
-268.907769;342.4375;7581;-17319;0.961592464;0.021414042;-0.248810768;1140179911
-268.885608;342.4375;7581;-17319;0.96363184;0.025492906;-0.25186992;1140202072
-268.806244;342.4375;7581;-17319;0.96363184;0.021414042;-0.226377008;1140281436
-268.784014;342.4375;7581;-17319;0.96363184;0.0193746092;-0.24065304;1140303666
-268.728403;342.4375;7575;-17319;0.961592464;0.02447319;-0.247791052;1140359277
-268.700217;342.4375;7575;-17319;0.96261216;0.023453474;-0.24167276;1140387463
-268.655985;342.4375;7581;-17319;0.9656713;0.034670352;-0.242692468;1140431695
-268.619363;342.4375;7581;-17319;0.96261216;0.02753234;-0.24677134;1140468317
-268.585006;342.4375;7581;-17319;0.96261216;0.018354892;-0.24065304;1140502674
-268.559831;342.4375;7581;;1367;481;4241;1140527849
-268.508114;342.375;7581;-17319;0.966691;0.03569007;-0.24677134;1140579566
-268.484365;342.375;7581;-17319;0.9605727;0.033650636;-0.2508502;1140603315
-268.460080;342.375;7581;-17332;0.9605727;0.023453474;-0.25390936;1140627600
-268.433930;342.375;7581;-17332;0.96363184;0.01631546;-0.23657418;1140653750
-268.409501;342.375;7581;-17332;0.961592464;0.025492906;-0.24167276;1140678179
-268.388169;342.375;7581;-17332;0.9646516;0.033650636;-0.242692468;1140699511
-268.364289;342.375;7581;-17332;0.9605727;0.031611204;-0.23963332;1140723391
-268.339658;342.375;7581;-17332;0.96363184;0.029571772;-0.24167276;1140748022
-268.309484;342.375;7581;-17332;0.9605727;0.0193746092;-0.2447319;1140778196
-268.287405;342.375;7581;-17332;0.961592464;0.0193746092;-0.24065304;1140800275
-268.264874;342.375;7581;-17332;0.961592464;0.02753234;-0.24575162;1140822806
-268.209203;342.375;7581;-17332;0.96261216;0.026512622;-0.23453474;1140878477
-268.185174;342.375;7581;-17332;0.959553;0.02753234;-0.248810768;1140902506
-268.159931;342.375;7581;-17338;0.96261216;0.026512622;-0.24983048;1140927749
-268.137486;342.375;7581;-17338;0.9605727;0.031611204;-0.24983048;1140950194
-268.111877;342.375;7581;-17338;0.959553;0.033650636;-0.24371218;1140975803
-268.064007;342.375;7581;-17332;0.9605727;0.02447319;-0.23963332;1141023673
-268.039528;342.3125;7581;-17338;0.9605727;0.028552056;-0.2508502;1141048152
-268.009472;342.3125;7581;-17338;0.96261216;0.025492906;-0.25492908;1141078208
-267.987083;342.3125;7581;-17338;0.961592464;0.028552056;-0.25492908;1141100597
-267.927412;342.3125;7581;-17332;0.96363184;0.034670352;-0.237593884;1141160268
-267.899508;342.375;7581;-17338;0.96363184;0.021414042;-0.23963332;1141188172
-267.877006;342.375;7581;-17338;0.961592464;0.018354892;-0.2447319;1141210674
-267.850141;342.375;7581;-17338;0.959553;0.017335176;-0.2508502;1141237539
-267.798995;342.375;7581;-17332;0.9656713;0.034670352;-0.23045588;1141288685
-267.757320;342.375;7581;-17338;0.96261216;0.025492906;-0.237593884;1141330360
-267.719723;342.375;7581;-17338;0.961592464;0.018354892;-0.24677134;1141367957
-267.690165;342.3125;7581;-17338;0.96363184;0.015295744;-0.24065304;1141397515
-267.667503;342.3125;7581;-17344;0.96363184;0.028552056;-0.23963332;1141420177
-267.640140;342.3125;7581;-17344;0.96261216;0.030591488;-0.23963332;1141447540
-267.618172;342.3125;7581;-17344;0.9585333;0.04588723;-0.25492908;1141469508
-267.590105;342.3125;7581;-17350;0.9605727;0.034670352;-0.24983048;1141497575
-267.568040;342.3125;7581;-17357;0.96261216;0.015295744;-0.25390936;1141519640
-267.539857;342.3125;7581;-17357;0.96261216;0.015295744;-0.2508502;1141547823
-267.509580;342.3125;7581;-17357;0.9646516;0.023453474;-0.23657418;1141578100
-267.488052;342.25;7581;-17357;0.96261216;0.033650636;-0.2386136;1141599628
-267.460549;342.3125;7581;-17357;0.96363184;0.02753234;-0.23453474;1141627131
-267.426669;342.25;7581;-17363;0.9585333;0.030591488;-0.25390936;1141661011
-267.369788;342.25;7581;-17369;0.959553;0.013256311;-0.248810768;1141717892
-267.348007;342.25;7587;-17369;0.96261216;0.02753234;-0.232495316;1141739673
-267.317621;342.25;7587;-17369;0.96363184;0.0377295;-0.23045588;1141770059
-267.269372;342.25;7587;-17369;0.9605727;0.026512622;-0.25390936;1141818308
-267.245335;342.25;7587;-17369;0.961592464;0.017335176;-0.24575162;1141842345
-267.209594;342.25;7587;-17369;0.96261216;0.02753234;-0.24167276;1141878086
-267.187257;342.25;7587;-17369;0.9656713;0.036709784;-0.232495316;1141900423
-267.137930;342.25;7581;-17369;0.9605727;0.023453474;-0.242692468;1141949750
-267.111060;342.25;7581;-17369;0.9605727;0.020394326;-0.25288964;1141976620
-267.062475;342.25;7581;-17369;0.96363184;0.031611204;-0.248810768;1142025205
-267.039640;342.25;7581;-17369;0.9646516;0.031611204;-0.23555446;1142048040
-267.009796;342.25;7581;-17369;0.961592464;0.02447319;-0.23351502;1142077884
-266.988016;342.25;7581;-17369;0.959553;0.02753234;-0.24677134;1142099664
-266.939128;342.25;7581;-17369;0.9605727;0.029571772;-0.25288964;1142148552
-266.918063;342.25;7581;-17369;0.961592464;0.028552056;-0.24677134;1142169617
-266.885870;342.25;7581;-17369;0.96363184;0.020394326;-0.23045588;1142201810
-266.837767;342.25;7581;-17369;0.96261216;0.033650636;-0.25390936;1142249913
-266.807846;342.25;7581;-17369;0.961592464;0.03263092;-0.25288964;1142279834
-266.783052;342.25;7581;-17369;0.96261216;0.02447319;-0.24371218;1142304628
-266.758820;342.25;7581;-17369;0.961592464;0.021414042;-0.23657418;1142328860
-266.736128;342.25;7581;-17369;0.96261216;0.023453474;-0.23963332;1142351552
-266.709102;342.25;7581;-17369;0.9605727;0.026512622;-0.24677134;1142378578
-266.685551;342.25;7581;-17369;0.961592464;0.03263092;-0.24677134;1142402129
-266.659990;342.25;7581;;1083;428;4243;1142427690
-266.636551;342.25;7581;-17369;0.95649384;0.025492906;-0.25186992;1142451129
-266.609618;342.25;7581;-17369;0.961592464;0.03263092;-0.2508502;1142478062
-266.586432;342.25;7581;-17369;0.9646516;0.025492906;-0.2386136;1142501248
-266.499912;342.25;7581;-17369;0.96261216;0.031611204;-0.25900792;1142587768
-266.477997;342.25;7587;-17369;0.961592464;0.03263092;-0.2508502;1142609683
-266.421633;342.25;7587;-17375;0.96363184;0.0193746092;-0.23453474;1142666047
-266.376616;342.3125;7587;-17369;0.96363184;0.025492906;-0.23963332;1142711064
-266.349440;342.3125;7587;-17369;0.9605727;0.02753234;-0.25186992;1142738240
-266.319425;342.3125;7587;-17369;0.9605727;0.020394326;-0.24371218;1142768255
-266.289760;342.25;7587;-17375;0.96261216;0.026512622;-0.24371218;1142797920
-266.249839;342.25;7587;-17375;0.96261216;0.025492906;-0.24167276;1142837841
-266.218778;342.25;7581;-17375;0.96363184;0.020394326;-0.2447319;1142868902
-266.196162;342.25;7581;-17375;0.9605727;0.022433758;-0.2579882;1142891518
-266.170248;342.25;7581;-17375;0.959553;0.029571772;-0.2579882;1142917432
-266.148395;342.25;7581;-17375;0.96261216;0.03569007;-0.25390936;1142939285
-266.100312;342.25;7581;-17375;0.961592464;0.029571772;-0.23351502;1142987368
-266.078896;342.25;7581;-17375;0.96261216;0.026512622;-0.24575162;1143008784
-266.027749;342.25;7581;-17375;0.959553;0.028552056;-0.26512624;1143059931
-266.001514;342.25;7587;-17375;0.961592464;0.03263092;-0.24575162;1143086166
-265.959218;342.25;7587;-17382;0.96261216;0.031611204;-0.23351502;1143128462
-265.928179;342.25;7587;-17382;0.96261216;0.014276028;-0.232495316;1143159501
-265.868421;342.25;7587;-17382;0.961592464;0.02753234;-0.25492908;1143219259
-265.839416;342.25;7587;-17382;0.96363184;0.029571772;-0.2386136;1143248264
-265.810303;342.25;7587;-17382;0.9646516;0.025492906;-0.23045588;1143277377
-265.729620;342.25;7587;-17382;0.9575136;0.023453474;-0.2569685;1143358060
-265.699912;342.25;7587;-17382;0.96363184;0.029571772;-0.247791052;1143387768
-265.677691;342.3125;7587;-17382;0.961592464;0.028552056;-0.23555446;1143409989
-265.650397;342.3125;7587;-17382;0.96363184;0.03569007;-0.23963332;1143437283
-265.628832;342.3125;7587;-17382;0.9585333;0.023453474;-0.24677134;1143458848
-265.607028;342.3125;7587;-17382;0.95649384;0.0193746092;-0.25492908;1143480652
-265.584483;342.3125;7587;-17382;0.9605727;0.01631546;-0.24983048;1143503197
-265.479845;342.3125;7587;-17388;0.9646516;0.026512622;-0.2386136;1143607835
-265.450023;342.3125;7587;-17388;0.9575136;0.023453474;-0.25186992;1143637657
-265.428196;342.3125;7587;-17382;0.9605727;0.023453474;-0.2569685;1143659484
-265.400307;342.3125;7587;-17382;0.96261216;0.026512622;-0.25186992;1143687373
-265.376989;342.3125;7587;-17382;0.9646516;0.028552056;-0.23657418;1143710691
-265.350201;342.3125;7587;-17382;0.96261216;0.0193746092;-0.23045588;1143737479
-265.319545;342.3125;7587;-17382;0.959553;0.023453474;-0.2447319;1143768135
-265.289682;342.3125;7587;-17382;0.961592464;0.022433758;-0.25186992;1143797998
-265.263306;342.3125;7587;-17382;0.9605727;0.034670352;-0.25390936;1143824374
-265.239479;342.3125;7587;-17382;0.961592464;0.02447319;-0.237593884;1143848201
-265.217980;342.3125;7587;-17382;0.9646516;0.034670352;-0.242692468;1143869700
-265.189996;342.375;7587;-17375;0.9656713;0.031611204;-0.24065304;1143897684
-265.168072;342.375;7587;-17375;0.961592464;0.015295744;-0.23555446;1143919608
-265.140040;342.375;7587;-17375;0.959553;0.018354892;-0.24677134;1143947640
-265.117069;342.375;7587;-17375;0.9656713;0.028552056;-0.24371218;1143970611
-265.089977;342.375;7587;-17375;0.96363184;0.039768936;-0.24371218;1143997703
-265.037356;342.375;7587;-17382;0.96363184;0.026512622;-0.23045588;1144050324
-265.010067;342.3125;7587;-17382;0.9646516;0.025492906;-0.24065304;1144077613
-264.986196;342.3125;7587;-17382;0.959553;0.014276028;-0.25288964;1144101484
-264.939195;342.3125;7587;-17382;0.96363184;0.0377295;-0.25186992;1144148485
-264.910553;342.3125;7587;-17382;0.959553;0.025492906;-0.24065304;1144177127
-264.888654;342.3125;7587;-17382;0.9605727;0.026512622;-0.23555446;1144199026
-264.866521;342.3125;7587;-17388;0.966691;0.020394326;-0.2386136;1144221159
-264.840096;342.3125;7587;-17388;0.959553;0.014276028;-0.248810768;1144247584
-264.818178;342.3125;7587;-17388;0.95649384;0.022433758;-0.25900792;1144269502
-264.789396;342.3125;7587;-17388;0.9585333;0.036709784;-0.2569685;1144298284
-264.760313;342.3125;7587;-1;0.9646516;0.03263092;-0.23555446;1144327367
-264.699838;342.375;7593;-17382;0.96261216;0.018354892;-0.23657418;1144387842
-264.677607;342.375;7593;-17382;0.9585333;0.010197163;-0.25390936;1144410073
-264.655162;342.375;7593;-17382;0.961592464;0.02753234;-0.25492908;1144432518
-264.589427;342.375;7593;-17382;0.96261216;0.0377295;-0.226377008;1144498253
-264.563359;342.375;7593;-17382;0.9646516;0.028552056;-0.232495316;1144524321
-264.539704;342.3125;7593;-17388;0.959553;0.014276028;-0.2508502;1144547976
-264.518222;342.3125;7587;-17388;0.9575136;0.01631546;-0.2569685;1144569458
-264.486919;342.3125;7587;-17394;0.96363184;0.02447319;-0.24167276;1144600761
-264.458683;342.25;7587;-17394;0.96363184;0.041808368;-0.237593884;1144628997
-264.406783;342.25;7587;-17400;0.9585333;0.025492906;-0.25288964;1144680897
-264.377829;342.25;7587;-17400;0.9575136;0.015295744;-0.25492908;1144709851
-264.350255;342.25;7587;-17400;0.9605727;0.013256311;-0.24983048;1144737425
-264.320074;342.3125;7587;-17400;0.96363184;0.034670352;-0.23453474;1144767606
-264.298238;342.25;7587;-17400;0.9656713;0.03263092;-0.2386136;1144789442
-264.269315;342.3125;7587;-17400;0.9605727;0.03263092;-0.247791052;1144818365
-264.247761;342.25;7587;-17407;0.9575136;0.015295744;-0.248810768;1144839919
-264.220204;342.25;7587;-17413;0.9646516;0.01631546;-0.2508502;1144867476
-264.169422;342.25;7593;-17413;0.96261216;0.030591488;-0.2447319;1144918258
-264.140010;342.25;7593;-17413;0.9585333;0.031611204;-0.23555446;1144947670
-264.118021;342.3125;7593;-17407;0.961592464;0.02447319;-0.237593884;1144969659
-264.089805;342.3125;7593;-17407;0.9575136;0.020394326;-0.242692468;1144997875
-264.067737;342.3125;7587;-17407;0.96261216;0.026512622;-0.2569685;1145019943
-264.039903;342.3125;7587;-17407;0.9605727;0.01631546;-0.25492908;1145047777
-264.009389;342.3125;7593;-17407;0.9656713;0.030591488;-0.23657418;1145078291
-263.987842;342.3125;7593;-17407;0.966691;0.036709784;-0.23453474;1145099838
-263.959012;342.3125;7593;-17407;0.961592464;0.029571772;-0.24575162;1145128668
-263.907522;342.3125;7587;-17407;0.9605727;0.02753234;-0.25594878;1145180158
-263.885181;342.3125;7587;-17407;0.961592464;0.021414042;-0.24983048;1145202499
-263.860098;342.3125;7593;-17407;0.96261216;0.022433758;-0.23963332;1145227582
-263.838063;342.3125;7593;-17407;0.96363184;0.026512622;-0.232495316;1145249617
-263.811246;342.3125;7593;-17407;0.961592464;0.030591488;-0.24167276;1145276434
-263.789227;342.3125;7593;-17407;0.96363184;0.034670352;-0.247791052;1145298453
-263.766893;342.3125;7593;-17407;0.9605727;0.02447319;-0.24983048;1145320787
-263.729735;342.3125;7593;-17407;0.959553;0.018354892;-0.247791052;1145357945
-263.699440;342.3125;7593;-17407;0.961592464;0.02447319;-0.23453474;1145388240
-263.671077;342.3125;7593;-17407;0.96363184;0.031611204;-0.23045588;1145416603
-263.648880;342.3125;7593;-17407;0.96261216;0.02447319;-0.2386136;1145438800
-263.616771;342.3125;7593;-17407;0.96261216;0.029571772;-0.2508502;1145470909
-263.590013;342.3125;7593;-17407;0.961592464;0.026512622;-0.24983048;1145497667
-263.559589;342.3125;7593;-17407;0.96363184;0.021414042;-0.24575162;1145528091
-263.536937;342.3125;7593;-17407;0.96363184;0.02753234;-0.24167276;1145550743
-263.510158;342.3125;7593;-17407;0.96363184;0.026512622;-0.24065304;1145577522
-263.479287;342.3125;7593;-17407;0.9646516;0.025492906;-0.242692468;1145608393
-263.450169;342.3125;7593;-17407;0.96261216;0.02753234;-0.24983048;1145637511
-263.407081;342.25;7593;-17407;0.9575136;0.033650636;-0.2569685;1145680599
-263.384184;342.25;7593;-17407;0.96261216;0.02753234;-0.23657418;1145703496
-263.359969;342.25;7593;;957;402;4240;1145727711
-263.337733;342.25;7593;-17407;0.96261216;0.018354892;-0.24371218;1145749947
-263.309183;342.3125;7593;-17407;0.961592464;0.0377295;-0.2447319;1145778497
-263.260005;342.25;7593;-17413;0.9605727;0.020394326;-0.24371218;1145827675
-263.226839;342.3125;7593;-17413;0.96363184;0.025492906;-0.24065304;1145860841
-263.200189;342.3125;7593;-17413;0.96261216;0.020394326;-0.2314756;1145887491
-263.177691;342.3125;7593;-17413;0.96363184;0.02753234;-0.24065304;1145909989
-263.150999;342.3125;7593;-17413;0.9585333;0.042828084;-0.24983048;1145936681
-263.128859;342.3125;7593;-17413;0.96261216;0.029571772;-0.24167276;1145958821
-263.106888;342.3125;7593;-17413;0.961592464;0.018354892;-0.24983048;1145980792
-263.085057;342.3125;7593;-17413;0.959553;0.01631546;-0.2447319;1146002623
-263.059844;342.3125;7593;-17413;0.96363184;0.02447319;-0.24167276;1146027836
-263.038190;342.3125;7593;-17413;0.9646516;0.021414042;-0.22433758;1146049490
-263.016449;342.3125;7593;-17413;0.96261216;0.023453474;-0.23045588;1146071231
-262.989962;342.25;7587;-17413;0.96363184;0.053025244;-0.25594878;1146097718
-262.967829;342.25;7587;-17419;0.96261216;0.02753234;-0.2569685;1146119851
-262.939825;342.3125;7587;-17425;0.9575136;0.013256311;-0.26716566;1146147855
-262.914684;342.3125;7587;-17432;0.96363184;0.010197163;-0.237593884;1146172996
-262.888839;342.3125;7593;-17432;0.9646516;0.021414042;-0.23351502;1146198841
-262.866345;342.25;7587;-17432;0.961592464;0.033650636;-0.2386136;1146221335
-262.819900;342.25;7587;-17425;0.9605727;0.03569007;-0.25594878;1146267780
-262.788519;342.3125;7587;-17425;0.96261216;0.015295744;-0.242692468;1146299161
-262.760314;342.3125;7587;;1228;456;4244;1146327366
-262.738599;342.25;7587;-17432;0.959553;0.01631546;-0.23555446;1146349081
-262.716245;342.25;7587;-17432;0.96261216;0.02447319;-0.2386136;1146371435
-262.689629;342.25;7587;-17432;0.966691;0.03569007;-0.24677134;1146398051
-262.667783;342.25;7587;-17432;0.959553;0.036709784;-0.24983048;1146419897
-262.645654;342.25;7587;-17432;0.961592464;0.02753234;-0.248810768;1146442026
-262.619932;342.25;7587;-17438;0.96363184;0.015295744;-0.24167276;1146467748
-262.598001;342.25;7587;-17438;0.96363184;0.017335176;-0.23555446;1146489679
-262.574047;342.25;7587;-17438;0.961592464;0.023453474;-0.23555446;1146513633
-262.549905;342.25;7587;-17438;0.96261216;0.029571772;-0.23657418;1146537775
-262.525728;342.25;7587;;1178;446;4249;1146561952
-262.498798;342.25;7587;-17432;0.96261216;0.031611204;-0.25288964;1146588882
-262.475597;342.25;7587;-17432;0.961592464;0.023453474;-0.242692468;1146612083
-262.449597;342.25;7587;-17438;0.96261216;0.0193746092;-0.23963332;1146638083
-262.409325;342.25;7587;-17438;0.9656713;0.026512622;-0.23963332;1146678355
-262.385903;342.25;7587;-17438;0.9585333;0.034670352;-0.25186992;1146701777
-262.338138;342.25;7581;-17438;0.961592464;0.0193746092;-0.25288964;1146749542
-262.309029;342.25;7581;-17444;0.961592464;0.018354892;-0.24677134;1146778651
-262.284520;342.25;7581;-17444;0.96261216;0.023453474;-0.23963332;1146803160
-262.206488;342.25;7581;-17444;0.961592464;0.031611204;-0.248810768;1146881192
-262.184935;342.25;7581;-17438;0.9605727;0.028552056;-0.25594878;1146902745
-262.137950;342.25;7581;-17438;0.959553;0.0193746092;-0.24575162;1146949730
-262.113613;342.25;7581;-17438;0.959553;0.0193746092;-0.242692468;1146974067
-262.088703;342.25;7587;-17438;0.9646516;0.030591488;-0.22331786;1146998977
-262.066117;342.25;7587;-17438;0.9605727;0.030591488;-0.2314756;1147021563
-262.040093;342.3125;7581;-17438;0.9646516;0.033650636;-0.242692468;1147047587
-262.008208;342.3125;7581;-17432;0.9605727;0.026512622;-0.2630868;1147079472
-261.969821;342.3125;7581;-17432;0.96261216;0.02447319;-0.26104736;1147117859
-261.936373;342.25;7581;-17432;0.96363184;0.0377295;-0.2253573;1147151307
-261.909329;342.3125;7581;-17432;0.9544544;0.028552056;-0.24065304;1147178351
-261.886748;342.3125;7581;-17438;0.9585333;0.021414042;-0.25390936;1147200932
-261.839241;342.3125;7581;-17438;0.9605727;0.01631546;-0.25186992;1147248439
-261.818057;342.25;7581;-17438;0.959553;0.01631546;-0.24575162;1147269623
-261.790191;342.25;7587;-17438;0.968730432;0.031611204;-0.23045588;1147297489
-261.728972;342.25;7581;;1302;469;4247;1147358708
-261.704936;342.25;7581;-17438;0.9605727;0.02447319;-0.2569685;1147382744
-261.683150;342.25;7581;-17438;0.959553;0.03263092;-0.26206708;1147404530
-261.659589;342.25;7581;;1292;467;4244;1147428091
-261.636364;342.25;7587;-17438;0.966691;0.02447319;-0.21821928;1147451316
-261.599946;342.25;7581;-17438;0.96363184;0.018354892;-0.22229814;1147487734
-261.577680;342.25;7581;-17444;0.961592464;0.020394326;-0.25492908;1147510000
-261.507696;342.25;7581;-17444;0.96363184;0.03569007;-0.242692468;1147579984
-261.484416;342.25;7581;-17450;0.9656713;0.031611204;-0.221278432;1147603264
-261.438114;342.1875;7581;-17457;0.959553;0.018354892;-0.25594878;1147649566
-261.409021;342.1875;7581;-17457;0.9544544;0.0193746092;-0.27124452;1147678659
-261.385765;342.1875;7581;-17457;0.9585333;0.036709784;-0.26818538;1147701915
-261.308010;342.1875;7587;-17463;0.9646516;0.01631546;-0.2314756;1147779670
-261.285172;342.1875;7581;-17463;0.96261216;0.009177446;-0.248810768;1147802508
-261.260150;342.1875;7581;;1477;500;4244;1147827530
-261.235561;342.1875;7581;-17457;0.9605727;0.029571772;-0.26104736;1147852119
-261.199869;342.1875;7587;-17457;0.96363184;0.036709784;-0.23351502;1147887811
-261.177267;342.1875;7587;-17457;0.9656713;0.03263092;-0.221278432;1147910413
-261.109672;342.1875;7581;-17457;0.95649384;0.020394326;-0.2579882;1147978008
-261.087762;342.1875;7581;-17457;0.9605727;0.028552056;-0.2569685;1147999918
-261.038267;342.1875;7587;-17457;0.961592464;0.034670352;-0.2386136;1148049413
-261.009471;342.1875;7587;-17457;0.96363184;0.025492906;-0.22433758;1148078209
-260.987722;342.1875;7581;-17463;0.961592464;0.020394326;-0.24065304;1148099958
-260.961796;342.1875;7581;-17463;0.9605727;0.015295744;-0.2447319;1148125884
-260.936448;342.1875;7581;-17463;0.9585333;0.025492906;-0.26716566;1148151232
-260.910296;342.1875;7575;-17463;0.95547416;0.031611204;-0.2753234;1148177384
-260.867114;342.1875;7581;-17463;0.9656713;0.031611204;-0.22331786;1148220566
-260.841025;342.1875;7581;-17463;0.9646516;0.020394326;-0.21821928;1148246655
-260.809403;342.1875;7581;-17469;0.9585333;0.013256311;-0.24983048;1148278277
-260.787424;342.1875;7575;-17469;0.959553;0.018354892;-0.2641065;1148300256
-260.760457;342.1875;7575;-17469;0.9575136;0.03263092;-0.26614594;1148327223
-260.708111;342.25;7581;-17463;0.96363184;0.026512622;-0.22025872;1148379569
-260.639858;342.1875;7581;-17463;0.9585333;0.022433758;-0.25288964;1148447822
-260.618126;342.1875;7575;-17463;0.959553;0.031611204;-0.26512624;1148469554
-260.587293;342.25;7575;-17457;0.96261216;0.041808368;-0.25288964;1148500387
-260.559988;342.25;7581;;1515;506;4244;1148527692
-260.499973;342.25;7581;-17463;0.961592464;0.014276028;-0.2386136;1148587707
-260.477905;342.25;7575;-17463;0.95649384;0.018354892;-0.26104736;1148609775
-260.449915;342.25;7575;-17463;0.96261216;0.029571772;-0.2630868;1148637765
-260.406194;342.25;7581;-17457;0.96363184;0.034670352;-0.2314756;1148681486
-260.385086;342.25;7581;-17463;0.9646516;0.026512622;-0.22841644;1148702594
-260.337946;342.25;7575;-17469;0.9605727;0.017335176;-0.25492908;1148749734
-260.307845;342.25;7575;-17469;0.959553;0.02447319;-0.2579882;1148779835
-260.285176;342.1875;7575;-17469;0.9605727;0.031611204;-0.247791052;1148802504
-260.231320;342.25;7575;-17463;0.966691;0.02447319;-0.23045588;1148856360
-260.199484;342.25;7575;-17463;0.959553;0.015295744;-0.24677134;1148888196
-260.177706;342.25;7575;-17463;0.959553;0.018354892;-0.25390936;1148909974
-260.156002;342.25;7575;-17463;0.9605727;0.02447319;-0.2569685;1148931678
-260.133033;342.25;7575;-17463;0.96363184;0.03263092;-0.248810768;1148954647
-260.109810;342.25;7575;-17457;0.96363184;0.04588723;-0.24167276;1148977870
-260.087589;342.25;7575;-17450;0.96363184;0.041808368;-0.23351502;1149000091
-260.065039;342.25;7575;-17457;0.96261216;0.022433758;-0.2386136;1149022641
-260.039888;342.25;7575;-17463;0.961592464;0.015295744;-0.248810768;1149047792
-260.018042;342.25;7575;-17463;0.961592464;0.00815773;-0.25186992;1149069638
-259.989828;342.25;7575;-17463;0.959553;0.020394326;-0.2508502;1149097852
-259.959776;342.25;7575;-17463;0.9646516;0.042828084;-0.24167276;1149127904
-259.929554;342.25;7575;-17463;0.96363184;0.031611204;-0.237593884;1149158126
-259.899229;342.25;7575;-17469;0.96261216;0.023453474;-0.24371218;1149188451
-259.872411;342.25;7575;-17475;0.9605727;0.00815773;-0.2508502;1149215269
-259.805711;342.25;7575;-17469;0.9656713;0.036709784;-0.24167276;1149281969
-259.780317;342.25;7575;-17469;0.96261216;0.0438478;-0.24167276;1149307363
-259.707414;342.3125;7575;-17463;0.95649384;0.01631546;-0.25492908;1149380266
-259.684016;342.25;7575;-17469;0.961592464;0.022433758;-0.24371218;1149403664
-259.635490;342.25;7575;-17463;0.96363184;0.04078865;-0.237593884;1149452190
-259.608576;342.25;7575;-17463;0.959553;0.03569007;-0.247791052;1149479104
-259.577703;342.25;7575;-17463;0.959553;0.023453474;-0.24983048;1149509977
-259.528562;342.25;7575;-17463;0.96363184;0.02447319;-0.23963332;1149559118
-259.506554;342.25;7575;-17463;0.96363184;0.031611204;-0.23963332;1149581126
-259.483728;342.25;7575;-17463;0.959553;0.036709784;-0.24677134;1149603952
-259.459843;342.25;7575;;1272;464;4245;1149627837
-259.437882;342.25;7575;-17469;0.959553;0.018354892;-0.247791052;1149649798
-259.396884;342.25;7575;-17469;0.96261216;0.018354892;-0.24371218;1149690796
-259.370103;342.25;7575;-17469;0.961592464;0.0193746092;-0.23963332;1149717577
-259.348061;342.25;7575;-17469;0.96363184;0.033650636;-0.242692468;1149739619
-259.322797;342.25;7575;-17469;0.9646516;0.033650636;-0.23963332;1149764883
-259.298352;342.25;7575;-17469;0.9605727;0.028552056;-0.2508502;1149789328
-259.277005;342.25;7575;-17469;0.959553;0.02447319;-0.248810768;1149810675
-259.228967;342.25;7575;-17469;0.96363184;0.025492906;-0.23657418;1149858713
-259.200418;342.25;7575;-17469;0.96363184;0.031611204;-0.23555446;1149887262
-259.177699;342.25;7575;-17469;0.96261216;0.034670352;-0.24983048;1149909981
-259.150212;342.25;7575;-17469;0.959553;0.030591488;-0.25900792;1149937468
-259.128624;342.25;7575;-17469;0.9585333;0.025492906;-0.25594878;1149959056
-259.106826;342.25;7575;-17469;0.961592464;0.02753234;-0.2447319;1149980854
-259.084503;342.25;7575;-17469;0.9605727;0.031611204;-0.23555446;1150003177
-259.060075;342.25;7575;-17469;0.96363184;0.02447319;-0.23453474;1150027605
-259.037378;342.25;7575;-17469;0.9646516;0.029571772;-0.242692468;1150050302
-259.000000;342.25;7575;-17469;0.9585333;0.028552056;-0.25288964;1150087680
-258.970082;342.25;7575;-17475;0.959553;0.020394326;-0.247791052;1150117598
-258.947548;342.25;7575;-17475;0.96261216;0.025492906;-0.24575162;1150140132
-258.900260;342.25;7575;-17475;0.96363184;0.025492906;-0.23351502;1150187420
-258.877741;342.25;7575;-17475;0.961592464;0.030591488;-0.24371218;1150209939
-258.851694;342.25;7575;-17475;0.961592464;0.028552056;-0.2447319;1150235986
-258.819848;342.25;7575;-17475;0.959553;0.0193746092;-0.247791052;1150267832
-258.797029;342.25;7575;-17475;0.9585333;0.023453474;-0.24167276;1150290651
-258.770289;342.25;7575;-17475;0.961592464;0.030591488;-0.23963332;1150317391
-258.748457;342.25;7575;-17475;0.96363184;0.026512622;-0.23453474;1150339223
-258.719875;342.25;7575;-17475;0.9585333;0.02753234;-0.23963332;1150367805
-258.697837;342.25;7575;-17475;0.96363184;0.02753234;-0.247791052;1150389843
-258.673610;342.25;7575;-17475;0.96261216;0.02753234;-0.25186992;1150414070
-258.604519;342.25;7575;-17475;0.96363184;0.025492906;-0.23351502;1150483161
-258.559330;342.25;7575;-17475;0.96261216;0.028552056;-0.247791052;1150528350
-258.536215;342.25;7575;-17475;0.961592464;0.026512622;-0.25288964;1150551465
-258.510328;342.25;7575;-17475;0.961592464;0.025492906;-0.24983048;1150577352
-258.489029;342.25;7575;-17475;0.961592464;0.028552056;-0.24371218;1150598651
-258.467122;342.25;7575;-17475;0.961592464;0.02753234;-0.237593884;1150620558
-258.440076;342.25;7575;-17475;0.96363184;0.023453474;-0.237593884;1150647604
-258.417919;342.25;7575;-17475;0.96261216;0.02447319;-0.23963332;1150669761
-258.390195;342.25;7575;-17475;0.96363184;0.022433758;-0.24575162;1150697485
-258.369179;342.25;7575;-17475;0.961592464;0.025492906;-0.25390936;1150718501
-258.340243;342.25;7575;-17475;0.961592464;0.026512622;-0.247791052;1150747437
-258.318897;342.25;7575;-17475;0.96363184;0.02753234;-0.24167276;1150768783
-258.293525;342.25;7575;;917;394;4248;1150794155
-258.270023;342.25;7575;-17475;0.961592464;0.025492906;-0.23555446;1150817657
-258.247299;342.25;7575;-17475;0.96261216;0.030591488;-0.24371218;1150840381
-258.197889;342.25;7575;-17475;0.9585333;0.028552056;-0.25186992;1150889791
-258.149023;342.25;7575;-17475;0.96261216;0.029571772;-0.237593884;1150938657
-258.122104;342.25;7575;-17475;0.961592464;0.029571772;-0.23555446;1150965576
-258.099669;342.25;7575;-17475;0.96363184;0.025492906;-0.242692468;1150988011
-258.077933;342.25;7575;-17475;0.961592464;0.026512622;-0.242692468;1151009747
-258.050569;342.25;7575;-17475;0.96261216;0.02753234;-0.25186992;1151037111
-258.020011;342.25;7575;-17475;0.961592464;0.025492906;-0.248810768;1151067669
-257.969920;342.25;7575;-17475;0.96363184;0.025492906;-0.24065304;1151117760
-257.948012;342.25;7575;-17475;0.961592464;0.020394326;-0.23963332;1151139668
-257.920494;342.25;7575;-17475;0.959553;0.025492906;-0.2447319;1151167186
-257.889787;342.25;7575;-17475;0.9605727;0.026512622;-0.25288964;1151197893
-257.857261;342.25;7575;-17475;0.96363184;0.031611204;-0.24677134;1151230419
-257.827947;342.25;7575;-17475;0.96261216;0.025492906;-0.237593884;1151259733
-257.798375;342.25;7575;-17475;0.96261216;0.020394326;-0.237593884;1151289305
-257.770670;342.25;7575;-17475;0.96261216;0.023453474;-0.242692468;1151317010
-257.727652;342.25;7575;-17475;0.961592464;0.031611204;-0.25288964;1151360028
-257.704620;342.25;7575;-17475;0.961592464;0.028552056;-0.24677134;1151383060
-257.682886;342.25;7575;-17475;0.961592464;0.03263092;-0.24065304;1151404794
-257.638080;342.25;7575;-17475;0.96261216;0.023453474;-0.237593884;1151449600
-257.609838;342.25;7575;-17475;0.961592464;0.023453474;-0.24065304;1151477842
-257.587814;342.25;7575;-17475;0.96261216;0.023453474;-0.24983048;1151499866
-257.565288;342.25;7575;-17475;0.961592464;0.03263092;-0.24983048;1151522392
-257.539515;342.25;7575;-17475;0.961592464;0.028552056;-0.24677134;1151548165
-257.517990;342.25;7575;-17475;0.96363184;0.02753234;-0.23963332;1151569690
-257.487636;342.25;7575;-17475;0.96261216;0.026512622;-0.23657418;1151600044
-257.460411;342.25;7575;;903;391;4248;1151627269
-257.434986;342.25;7575;-17475;0.959553;0.020394326;-0.24983048;1151652694
-257.410010;342.25;7575;-17475;0.96261216;0.022433758;-0.24983048;1151677670
-257.385177;342.25;7575;-17475;0.961592464;0.026512622;-0.24677134;1151702503
-257.359308;342.25;7575;-17475;0.96261216;0.03263092;-0.2447319;1151728372
-257.337284;342.25;7575;-17475;0.96261216;0.028552056;-0.24065304;1151750396
-257.289565;342.25;7575;-17475;0.961592464;0.023453474;-0.2447319;1151798115
-257.263796;342.25;7575;-17475;0.961592464;0.025492906;-0.24677134;1151823884
-257.239247;342.25;7575;-17475;0.961592464;0.030591488;-0.24167276;1151848433
-257.217784;342.25;7575;-17475;0.96363184;0.030591488;-0.24371218;1151869896
-257.189180;342.25;7575;-17475;0.9605727;0.029571772;-0.24167276;1151898500
-257.165235;342.25;7575;-17475;0.961592464;0.02753234;-0.24167276;1151922445
-257.139951;342.25;7575;-17475;0.961592464;0.021414042;-0.24167276;1151947729
-257.117886;342.25;7575;-17475;0.961592464;0.02447319;-0.24575162;1151969794
-257.095621;342.25;7575;-17475;0.961592464;0.02447319;-0.24575162;1151992059
-257.070002;342.25;7575;-17475;0.96363184;0.023453474;-0.23963332;1152017678
-257.047382;342.25;7575;-17475;0.96261216;0.029571772;-0.2447319;1152040298
-257.020440;342.25;7575;-17475;0.959553;0.026512622;-0.2447319;1152067240
-256.999150;342.25;7575;-17475;0.961592464;0.025492906;-0.24371218;1152088530
-256.969360;342.25;7575;-17475;0.9605727;0.0193746092;-0.24575162;1152118320
-256.940064;342.25;7575;-17475;0.959553;0.022433758;-0.24677134;1152147616
-256.915846;342.25;7575;-17475;0.961592464;0.026512622;-0.24065304;1152171834
-256.890051;342.25;7575;-17475;0.96261216;0.030591488;-0.24167276;1152197629
-256.849866;342.25;7575;-17475;0.96363184;0.030591488;-0.248810768;1152237814
-256.827691;342.25;7575;-17475;0.9605727;0.029571772;-0.247791052;1152259989
-256.799476;342.25;7575;-17475;0.9605727;0.02447319;-0.24677134;1152288204
-256.776487;342.25;7575;-17475;0.961592464;0.02447319;-0.242692468;1152311193
-256.750236;342.25;7575;-17475;0.9646516;0.028552056;-0.24065304;1152337444
-256.729017;342.25;7575;-17475;0.961592464;0.029571772;-0.2386136;1152358663
-256.706196;342.25;7575;-17475;0.96261216;0.029571772;-0.24167276;1152381484
-256.678199;342.25;7575;-17475;0.96261216;0.030591488;-0.242692468;1152409481
-256.654409;342.25;7575;-17475;0.9605727;0.028552056;-0.248810768;1152433271
-256.632298;342.25;7575;-17475;0.96261216;0.025492906;-0.24575162;1152455382
-256.609608;342.25;7575;-17475;0.96261216;0.020394326;-0.242692468;1152478072
-256.587785;342.25;7575;-17475;0.961592464;0.023453474;-0.23963332;1152499895
-256.560304;342.25;7575;-17475;0.96363184;0.028552056;-0.2386136;1152527376
-256.529664;342.25;7575;-17475;0.959553;0.02753234;-0.24677134;1152558016
-256.499849;342.25;7575;-17475;0.961592464;0.025492906;-0.248810768;1152587831
-256.477549;342.25;7575;-17475;0.961592464;0.020394326;-0.24065304;1152610131
-256.456216;342.25;7575;-17475;0.96261216;0.026512622;-0.24677134;1152631464
-256.399574;342.25;7575;-17475;0.961592464;0.02753234;-0.24065304;1152688106
-256.375007;342.25;7575;-17475;0.959553;0.025492906;-0.24371218;1152712673
-256.349989;342.25;7575;-17475;0.9605727;0.028552056;-0.248810768;1152737691
-256.327425;342.25;7575;;1382;483;4247;1152760255
-256.299241;342.25;7575;-17475;0.9605727;0.02753234;-0.24575162;1152788439
-256.277827;342.25;7575;-17475;0.961592464;0.021414042;-0.23555446;1152809853
-256.256157;342.25;7575;-17475;0.96261216;0.022433758;-0.23963332;1152831523
-256.231909;342.25;7575;-17475;0.96363184;0.023453474;-0.232495316;1152855771
-256.208394;342.25;7575;-17475;0.961592464;0.030591488;-0.24371218;1152879286
-256.183486;342.25;7575;-17475;0.961592464;0.030591488;-0.247791052;1152904194
-256.159841;342.25;7575;-1747;0.147;0.147;1;1152927839
-256.137841;342.25;7575;-17475;0.96261216;0.023453474;-0.24677134;1152949839
-256.110372;342.25;7575;-17475;0.9605727;0.02447319;-0.24371218;1152977308
-256.086522;342.25;7575;-17475;0.96261216;0.022433758;-0.2386136;1153001158
-256.060341;342.25;7575;-17475;0.96363184;0.02753234;-0.242692468;1153027339
-256.038961;342.25;7575;-17475;0.96261216;0.029571772;-0.24677134;1153048719
-255.997532;342.25;7575;-17475;0.961592464;0.02753234;-0.24983048;1153090148
-255.969764;342.25;7575;-17475;0.959553;0.023453474;-0.247791052;1153117916
-255.946922;342.25;7575;-17475;0.96363184;0.026512622;-0.237593884;1153140758
-255.919976;342.25;7575;-17475;0.96261216;0.022433758;-0.232495316;1153167704
-255.889378;342.25;7575;-17475;0.96363184;0.031611204;-0.24167276;1153198302
-255.867847;342.25;7575;-17475;0.961592464;0.03263092;-0.24983048;1153219833
-255.845775;342.25;7575;-17475;0.959553;0.03263092;-0.25390936;1153241905
-255.809273;342.25;7575;-17475;0.9605727;0.025492906;-0.2447319;1153278407
-255.739769;342.25;7581;-17475;0.96363184;0.022433758;-0.2386136;1153347911
-255.710278;342.25;7575;-17475;0.959553;0.025492906;-0.24983048;1153377402
-255.666090;342.25;7575;-17475;0.961592464;0.03263092;-0.2508502;1153421590
-255.639843;342.25;7581;-17475;0.96261216;0.026512622;-0.24065304;1153447837
-255.610152;342.25;7581;-17475;0.9646516;0.017335176;-0.22433758;1153477528
-255.569942;342.25;7575;-17475;0.961592464;0.022433758;-0.24167276;1153517738
-255.539974;342.25;7575;-17469;0.961592464;0.029571772;-0.25594878;1153547706
-255.509440;342.25;7575;-17469;0.96363184;0.036709784;-0.25288964;1153578240
-255.488155;342.25;7575;-17469;0.961592464;0.033650636;-0.237593884;1153599525
-255.460224;342.25;7575;;957;402;4249;1153627456
-255.439215;342.25;7575;-17469;0.96261216;0.020394326;-0.2314756;1153648465
-255.409511;342.25;7575;-17469;0.96363184;0.021414042;-0.248810768;1153678169
-255.383017;342.25;7575;-17475;0.959553;0.034670352;-0.25594878;1153704663
-255.359636;342.25;7575;-17475;0.9605727;0.03569007;-0.25186992;1153728044
-255.337150;342.25;7575;-17469;0.96363184;0.03263092;-0.24167276;1153750530
-255.307209;342.25;7575;-17475;0.9605727;0.02447319;-0.23453474;1153780471
-255.284997;342.25;7575;-17475;0.96261216;0.020394326;-0.2386136;1153802683
-255.259766;342.25;7575;;985;408;4247;1153827914
-255.237516;342.25;7575;-17475;0.959553;0.0193746092;-0.25288964;1153850164
-255.209478;342.25;7575;-17475;0.96261216;0.03569007;-0.24677134;1153878202
-255.184950;342.25;7575;-17475;0.9605727;0.034670352;-0.24167276;1153902730
-255.116170;342.25;7575;-17475;0.9605727;0.012236595;-0.24371218;1153971510
-255.089288;342.25;7575;-17469;0.961592464;0.022433758;-0.25288964;1153998392
-255.039067;342.25;7575;-17469;0.9646516;0.036709784;-0.23963332;1154048613
-255.009957;342.25;7575;-17469;0.96363184;0.029571772;-0.237593884;1154077723
-254.988008;342.25;7575;-17469;0.96261216;0.020394326;-0.2386136;1154099672
-254.958035;342.25;7575;-17469;0.9605727;0.023453474;-0.2508502;1154129645
-254.935309;342.25;7575;-17469;0.959553;0.025492906;-0.2508502;1154152371
-254.905481;342.25;7575;-17469;0.96261216;0.03263092;-0.2508502;1154182199
-254.877736;342.25;7575;-17469;0.96261216;0.0387492184;-0.24167276;1154209944
-254.855865;342.25;7575;-17469;0.9656713;0.030591488;-0.237593884;1154231815
-254.805877;342.25;7575;-17469;0.961592464;0.0193746092;-0.24371218;1154281803
-254.783911;342.25;7575;-17469;0.96261216;0.020394326;-0.25186992;1154303769
-254.707179;342.25;7575;-17469;0.96363184;0.031611204;-0.242692468;1154380501
-254.659794;342.25;7575;-17463;0.96261216;0.017335176;-0.23963332;1154427886
-254.629930;342.25;7575;-17463;0.961592464;0.017335176;-0.247791052;1154457750
-254.606879;342.3125;7575;-17457;0.9585333;0.021414042;-0.2508502;1154480801
-254.583124;342.3125;7575;-17457;0.961592464;0.030591488;-0.247791052;1154504556
-254.537405;342.3125;7575;-17450;0.96261216;0.0377295;-0.237593884;1154550275
-254.510714;342.3125;7575;-17450;0.9646516;0.029571772;-0.23555446;1154576966
-254.487120;342.3125;7575;-17450;0.961592464;0.013256311;-0.2447319;1154600560
-254.460048;342.3125;7575;-17450;0.959553;0.018354892;-0.24677134;1154627632
-254.408182;342.3125;7575;-17457;0.96261216;0.042828084;-0.242692468;1154679498
-254.384464;342.3125;7575;-17457;0.96261216;0.04078865;-0.24167276;1154703216
-254.359828;342.3125;7575;-17463;0.96261216;0.02753234;-0.24065304;1154727852
-254.336378;342.3125;7575;-17463;0.9605727;0.014276028;-0.24575162;1154751302
-254.309386;342.3125;7575;-17463;0.961592464;0.018354892;-0.248810768;1154778294
-254.285817;342.3125;7575;-17463;0.961592464;0.023453474;-0.24677134;1154801863
-254.260032;342.3125;7575;-17463;0.96261216;0.03263092;-0.24371218;1154827648
-254.219198;342.3125;7575;-17463;0.96261216;0.033650636;-0.2386136;1154868482
-254.189735;342.3125;7575;-17463;0.961592464;0.021414042;-0.24575162;1154897945
-254.167804;342.3125;7575;-17463;0.9605727;0.011216879;-0.24677134;1154919876
-254.143544;342.3125;7575;-17463;0.9605727;0.018354892;-0.247791052;1154944136
-254.119815;342.3125;7575;-17457;0.96261216;0.025492906;-0.24575162;1154967865
-254.089832;342.3125;7575;-17457;0.9605727;0.0377295;-0.2386136;1154997848
-254.067152;342.3125;7575;-17457;0.9605727;0.0377295;-0.24167276;1155020528
-254.042297;342.3125;7575;-17457;0.96363184;0.025492906;-0.24371218;1155045383
-254.009505;342.3125;7575;-17457;0.961592464;0.0193746092;-0.24575162;1155078175
-253.987759;342.3125;7575;-17457;0.961592464;0.022433758;-0.2447319;1155099921
-253.906615;342.3125;7575;-17457;0.9605727;0.0387492184;-0.24575162;1155181065
-253.885085;342.3125;7575;-17457;0.959553;0.028552056;-0.24983048;1155202595
-253.837593;342.3125;7575;-17463;0.96261216;0.015295744;-0.242692468;1155250087
-253.809392;342.3125;7575;-17463;0.9605727;0.020394326;-0.24065304;1155278288
-253.787623;342.3125;7575;-17463;0.959553;0.031611204;-0.23963332;1155300057
-253.698902;342.3125;7575;-17463;0.9605727;0.017335176;-0.247791052;1155388778
-253.676222;342.3125;7575;-17463;0.96261216;0.012236595;-0.24167276;1155411458
-253.648049;342.3125;7575;-17457;0.96261216;0.022433758;-0.237593884;1155439631
-253.623500;342.3125;7575;-17457;0.96363184;0.03569007;-0.24065304;1155464180
-253.599772;342.3125;7575;-17457;0.9605727;0.039768936;-0.2447319;1155487908
-253.577960;342.3125;7575;-17457;0.96363184;0.03569007;-0.24983048;1155509720
-253.556027;342.375;7575;-17457;0.961592464;0.026512622;-0.247791052;1155531653
-253.508044;342.375;7575;-17450;0.96363184;0.018354892;-0.23555446;1155579636
-253.483587;342.375;7575;-17450;0.96261216;0.023453474;-0.23351502;1155604093
-253.435544;342.375;7575;-17457;0.959553;0.0387492184;-0.2508502;1155652136
-253.409346;342.3125;7575;-17457;0.9605727;0.034670352;-0.248810768;1155678334
-253.385889;342.375;7575;-17463;0.96261216;0.025492906;-0.24167276;1155701791
-253.338796;342.3125;7575;-17469;0.96261216;0.009177446;-0.23351502;1155748884
-253.316679;342.3125;7575;-17463;0.959553;0.015295744;-0.24371218;1155771001
-253.288285;342.3125;7575;-17457;0.959553;0.04078865;-0.25390936;1155799395
-253.259270;342.3125;7575;-17457;0.961592464;0.0377295;-0.25492908;1155828410
-253.199885;342.375;7575;-17457;0.96363184;0.018354892;-0.23963332;1155887795
-253.168903;342.375;7581;-17457;0.96363184;0.01631546;-0.23351502;1155918777
-253.139954;342.375;7581;-17457;0.959553;0.026512622;-0.2447319;1155947726
-253.110076;342.375;7575;-17450;0.961592464;0.0377295;-0.25594878;1155977604
-253.079258;342.3125;7575;-17450;0.9605727;0.039768936;-0.2508502;1156008422
-253.049268;342.375;7581;-17450;0.96363184;0.031611204;-0.24371218;1156038412
-252.999621;342.375;7581;-17450;0.96363184;0.013256311;-0.23453474;1156088059
-252.977950;342.375;7581;-17450;0.9605727;0.020394326;-0.2386136;1156109730
-252.899816;342.375;7581;-17457;0.96363184;0.03569007;-0.24677134;1156187864
-252.849030;342.375;7581;-17463;0.961592464;0.015295744;-0.24065304;1156238650
-252.819882;342.375;7581;-17463;0.959553;0.015295744;-0.24371218;1156267798
-252.797323;342.375;7581;-17457;0.9605727;0.02753234;-0.248810768;1156290357
-252.771609;342.4375;7581;-17450;0.96261216;0.033650636;-0.248810768;1156316071
-252.749243;342.4375;7581;-17450;0.961592464;0.03569007;-0.24677134;1156338437
-252.719460;342.4375;7581;-17450;0.9605727;0.029571772;-0.24167276;1156368220
-252.689752;342.4375;7581;-17450;0.961592464;0.0193746092;-0.24167276;1156397928
-252.668075;342.4375;7581;-17450;0.961592464;0.017335176;-0.2386136;1156419605
-252.639854;342.4375;7581;-17444;0.959553;0.022433758;-0.24677134;1156447826
-252.608640;342.4375;7581;-17444;0.9605727;0.042828084;-0.24983048;1156479040
-252.585383;342.4375;7581;-17438;0.9605727;0.042828084;-0.24983048;1156502297
-252.559648;342.5;7581;;337;238;4242;1156528032
-252.537000;342.5;7581;-17444;0.96363184;0.022433758;-0.237593884;1156550680
-252.509609;342.5625;7581;-17444;0.96261216;0.014276028;-0.2386136;1156578071
-252.486058;342.5625;7581;-17444;0.96261216;0.020394326;-0.24065304;1156601622
-252.459882;342.5625;7581;-17444;0.96261216;0.028552056;-0.242692468;1156627798
-252.389464;342.5625;7581;-17444;0.961592464;0.029571772;-0.24065304;1156698216
-252.359473;342.5;7581;-17450;0.96261216;0.018354892;-0.2386136;1156728207
-252.307636;342.5625;7581;-17444;0.96363184;0.02447319;-0.24677134;1156780044
-252.286039;342.5625;7581;-17438;0.959553;0.03263092;-0.24983048;1156801641
-252.259697;342.5625;7581;;293;222;4247;1156827983
-252.237397;342.5625;7581;-17438;0.96363184;0.03263092;-0.242692468;1156850283
-252.213347;342.5625;7581;-17438;0.961592464;0.026512622;-0.23963332;1156874333
-252.187248;342.5625;7581;-17438;0.9605727;0.017335176;-0.24065304;1156900432
-252.153181;342.5625;7581;-17438;0.96261216;0.022433758;-0.24677134;1156934499
-252.109254;342.5625;7581;-17438;0.96261216;0.039768936;-0.24167276;1156978426
-252.039314;342.5;7581;-17450;0.96261216;0.021414042;-0.242692468;1157048366
-252.017783;342.5;7581;-17450;0.961592464;0.01631546;-0.2447319;1157069897
-251.989581;342.5;7581;-17450;0.9605727;0.021414042;-0.24371218;1157098099
-251.939033;342.5;7581;-17450;0.96363184;0.0377295;-0.24371218;1157148647
-251.916506;342.5;7581;-17450;0.96261216;0.033650636;-0.24065304;1157171174
-251.889148;342.5;7581;-17450;0.96261216;0.021414042;-0.24371218;1157198532
-251.859304;342.5;7581;-17450;0.961592464;0.013256311;-0.24167276;1157228376
-251.829461;342.5;7581;-17450;0.961592464;0.0193746092;-0.24371218;1157258219
-251.807438;342.5625;7581;-17444;0.96261216;0.031611204;-0.242692468;1157280242
-251.785586;342.5625;7581;-17444;0.96261216;0.0387492184;-0.242692468;1157302094
-251.759749;342.5625;7581;-17444;0.96363184;0.0387492184;-0.242692468;1157327931
-251.699521;342.5625;7581;-17438;0.96261216;0.01631546;-0.247791052;1157388159
-251.678208;342.5625;7581;-17438;0.961592464;0.0193746092;-0.2386136;1157409472
-251.655945;342.5625;7581;-17438;0.9646516;0.025492906;-0.24167276;1157431735
-251.607073;342.5625;7581;-17432;0.96261216;0.041808368;-0.24677134;1157480607
-251.579181;342.5625;7581;-17438;0.961592464;0.03263092;-0.24575162;1157508499
-251.556106;342.5625;7581;-17444;0.959553;0.015295744;-0.242692468;1157531574
-251.533121;342.5625;7581;-17444;0.96261216;0.013256311;-0.24167276;1157554559
-251.469658;342.5625;7581;-17444;0.96261216;0.03263092;-0.2386136;1157618022
-251.447603;342.5625;7581;-17444;0.96363184;0.04078865;-0.24677134;1157640077
-251.418968;342.5625;7581;-17444;0.9605727;0.028552056;-0.24983048;1157668712
-251.389116;342.5625;7581;-17450;0.96261216;0.021414042;-0.247791052;1157698564
-251.339694;342.5625;7581;-17450;0.961592464;0.01631546;-0.2386136;1157747986
-251.308914;342.625;7581;-17438;0.96363184;0.034670352;-0.248810768;1157778766
-251.287068;342.625;7581;-17432;0.96261216;0.041808368;-0.24677134;1157800612
-251.260359;342.625;7581;-17432;0.961592464;0.041808368;-0.248810768;1157827321
-251.238983;342.625;7581;-17432;0.961592464;0.030591488;-0.24677134;1157848697
-251.209643;342.625;7581;-17432;0.96363184;0.0193746092;-0.242692468;1157878037
-251.186814;342.625;7581;-17432;0.9605727;0.014276028;-0.237593884;1157900866
-251.159735;342.625;7581;;220;193;4247;1157927945
-251.137750;342.625;7581;-17432;0.96363184;0.036709784;-0.24677134;1157949930
-251.109822;342.625;7581;-17432;0.9605727;0.04078865;-0.2508502;1157977858
-251.057485;342.625;7581;-17438;0.96363184;0.022433758;-0.23963332;1158030195
-251.035627;342.625;7581;-17444;0.96363184;0.013256311;-0.23351502;1158052053
-251.008075;342.625;7581;-17444;0.96261216;0.018354892;-0.24065304;1158079605
-250.986129;342.625;7581;-17444;0.961592464;0.025492906;-0.24371218;1158101551
-250.955858;342.625;7581;-17438;0.96261216;0.042828084;-0.24983048;1158131822
-250.931959;342.625;7581;-17438;0.96261216;0.042828084;-0.247791052;1158155721
-250.899399;342.625;7581;-17444;0.959553;0.022433758;-0.24167276;1158188281
-250.877868;342.625;7581;-17444;0.961592464;0.009177446;-0.23351502;1158209812
-250.849824;342.625;7581;-17444;0.96261216;0.013256311;-0.2386136;1158237856
-250.828225;342.625;7581;-17438;0.961592464;0.02753234;-0.24575162;1158259455
-250.769260;342.625;7581;-17425;0.961592464;0.0438478;-0.247791052;1158318420
-250.747807;342.6875;7581;-17419;0.961592464;0.02447319;-0.237593884;1158339873
-250.719585;342.6875;7581;-17425;0.961592464;0.014276028;-0.23657418;1158368095
-250.697760;342.6875;7581;-17425;0.961592464;0.014276028;-0.24065304;1158389920
-250.675932;342.6875;7581;-17425;0.9605727;0.022433758;-0.24575162;1158411748
-250.649716;342.6875;7581;-17425;0.9605727;0.036709784;-0.24983048;1158437964
-250.606909;342.75;7581;-17413;0.96363184;0.0377295;-0.24371218;1158480771
-250.582640;342.75;7581;-17419;0.961592464;0.025492906;-0.237593884;1158505040
-250.559461;342.75;7581;-17425;0.96363184;0.01631546;-0.2386136;1158528219
-250.537056;342.75;7581;-17432;0.959553;0.011216879;-0.23963332;1158550624
-250.509690;342.75;7581;-17432;0.961592464;0.022433758;-0.2447319;1158577990
-250.487921;342.75;7581;-17425;0.96261216;0.03263092;-0.24575162;1158599759
-250.459804;342.75;7581;;172;170;4250;1158627876
-250.437308;342.75;7581;-17419;0.96261216;0.031611204;-0.2386136;1158650372
-250.416172;342.75;7581;-17419;0.96261216;0.025492906;-0.24065304;1158671508
-250.388763;342.75;7581;-17425;0.96261216;0.014276028;-0.24167276;1158698917
-250.366902;342.75;7581;-17425;0.96261216;0.015295744;-0.24575162;1158720778
-250.339512;342.75;7581;-17425;0.9605727;0.02447319;-0.24371218;1158748168
-250.318192;342.75;7581;-17413;0.961592464;0.0377295;-0.24167276;1158769488
-250.296139;342.75;7581;-17413;0.96261216;0.039768936;-0.24371218;1158791541
-250.269725;342.75;7581;-17407;0.96261216;0.0377295;-0.24167276;1158817955
-250.247931;342.75;7581;-17407;0.96363184;0.023453474;-0.24575162;1158839749
-250.210964;342.75;7581;-17413;0.9605727;0.015295744;-0.24677134;1158876716
-250.169323;342.75;7581;-17413;0.96261216;0.030591488;-0.2447319;1158918357
-250.142607;342.75;7581;-17413;0.96363184;0.0377295;-0.24371218;1158945073
-250.119107;342.75;7581;-17413;0.96261216;0.0387492184;-0.242692468;1158968573
-250.096101;342.8125;7581;-17413;0.96363184;0.023453474;-0.23963332;1158991579
-250.069571;342.8125;7581;-17419;0.9605727;0.017335176;-0.24065304;1159018109
-250.048026;342.8125;7581;-17419;0.961592464;0.011216879;-0.242692468;1159039654
-249.999629;342.8125;7581;-17419;0.961592464;0.033650636;-0.248810768;1159088051
-249.977560;342.8125;7581;-17413;0.96261216;0.0387492184;-0.2447319;1159110120
-249.955684;342.8125;7581;-17413;0.96261216;0.033650636;-0.237593884;1159131996
-249.931483;342.8125;7581;-17413;0.96363184;0.023453474;-0.23657418;1159156197
-249.908495;342.875;7581;-17413;0.96261216;0.0061182976;-0.2386136;1159179185
-249.882115;342.8125;7581;-17413;0.96261216;0.010197163;-0.23963332;1159205565
-249.859290;342.8125;7581;-17400;0.959553;0.02753234;-0.2508502;1159228390
-249.837752;342.8125;7581;-17394;0.961592464;0.041808368;-0.24983048;1159249928
-249.809869;342.8125;7581;-17394;0.9646516;0.04588723;-0.24167276;1159277811
-249.759758;342.875;7581;-17388;0.961592464;0.018354892;-0.23657418;1159327922
-249.706413;342.8125;7575;-17388;0.961592464;0.029571772;-0.25900792;1159381267
-249.684248;342.8125;7575;-17388;0.959553;0.041808368;-0.248810768;1159403432
-249.637619;342.8125;7575;-17388;0.96261216;0.033650636;-0.23351502;1159450061
-249.609192;342.8125;7575;-17400;0.9605727;0.017335176;-0.237593884;1159478488
-249.583776;342.8125;7575;-17394;0.9605727;0.00815773;-0.24371218;1159503904
-249.508020;342.875;7581;-17388;0.9656713;0.041808368;-0.232495316;1159579660
-249.482771;342.875;7581;-17388;0.96363184;0.0377295;-0.22841644;1159604909
-249.437891;342.9375;7581;-17394;0.9605727;0.012236595;-0.248810768;1159649789
-249.409282;342.9375;7581;-17394;0.959553;0.013256311;-0.2508502;1159678398
-249.387593;342.9375;7581;-17382;0.96261216;0.028552056;-0.242692468;1159700087
-249.335474;342.9375;7581;-17375;0.9646516;0.042828084;-0.22943616;1159752206
-249.299200;342.9375;7581;-17382;0.96363184;0.03263092;-0.24065304;1159788480
-249.269567;342.9375;7581;-17382;0.9605727;0.010197163;-0.25492908;1159818113
-249.247388;342.9375;7581;-17382;0.9605727;0.014276028;-0.25390936;1159840292
-249.222400;342.9375;7581;-17382;0.96363184;0.025492906;-0.23963332;1159865280
-249.197837;342.9375;7581;-17375;0.9646516;0.0387492184;-0.23045588;1159889843
-249.175396;342.9375;7581;-17375;0.96363184;0.041808368;-0.23045588;1159912284
-249.149577;342.9375;7581;-17382;0.9605727;0.033650636;-0.242692468;1159938103
-249.106028;342.9375;7581;-17382;0.9585333;0.013256311;-0.25900792;1159981652
-249.083632;342.9375;7581;-17382;0.9605727;0.013256311;-0.248810768;1160004048
-249.038138;342.9375;7581;-17375;0.9646516;0.034670352;-0.23045588;1160049542
-248.987685;342.9375;7581;-17375;0.961592464;0.03263092;-0.248810768;1160099995
-248.937113;342.9375;7581;-17375;0.959553;0.012236595;-0.247791052;1160150567
-248.909252;342.9375;7581;-17369;0.9646516;0.025492906;-0.2314756;1160178428
-248.859330;342.9375;7581;-17363;0.96363184;0.044867516;-0.23657418;1160228350
-248.836597;342.9375;7581;-17363;0.961592464;0.0387492184;-0.24677134;1160251083
-248.808899;343.0;7581;-17363;0.9605727;0.02447319;-0.25492908;1160278781
-248.786313;343.0;7581;-17363;0.959553;0.017335176;-0.24677134;1160301367
-248.738050;343.0;7581;-17363;0.961592464;0.025492906;-0.22433758;1160349630
-248.716019;343.0;7581;-17363;0.9646516;0.031611204;-0.237593884;1160371661
-248.689553;343.0;7581;-17363;0.96363184;0.036709784;-0.24167276;1160398127
-248.667798;343.0;7581;-17363;0.959553;0.031611204;-0.25390936;1160419882
-248.638858;343.0;7581;-17369;0.9605727;0.018354892;-0.2508502;1160448822
-248.608119;343.0;7581;-17369;0.96261216;0.01631546;-0.232495316;1160479561
-248.586545;343.0;7581;-17369;0.9646516;0.0193746092;-0.23045588;1160501135
-248.529153;343.0;7581;-17369;0.9605727;0.03569007;-0.24983048;1160558527
-248.499409;343.0;7581;-17369;0.961592464;0.031611204;-0.25390936;1160588271
-248.477934;343.0;7581;-17369;0.961592464;0.022433758;-0.24677134;1160609746
-248.456093;343.0;7581;-17369;0.96363184;0.0193746092;-0.2386136;1160631587
-248.407466;343.0;7581;-17369;0.961592464;0.030591488;-0.23963332;1160680214
-248.335958;343.0;7581;-17369;0.9605727;0.028552056;-0.248810768;1160751722
-248.309053;343.0;7581;-17369;0.96363184;0.025492906;-0.2386136;1160778627
-248.283145;343.0;7581;-17363;0.96363184;0.021414042;-0.23351502;1160804535
-248.258917;343.0;7581;-17363;0.96261216;0.022433758;-0.23555446;1160828763
-248.199164;343.0;7581;-17363;0.96261216;0.028552056;-0.25186992;1160888516
-248.176556;343.0;7581;-17363;0.96261216;0.029571772;-0.24575162;1160911124
-248.149899;343.0;7581;-17363;0.96363184;0.028552056;-0.24167276;1160937781
-248.099855;343.0;7581;-17363;0.96363184;0.0193746092;-0.23351502;1160987825
-248.077050;343.0;7581;-17363;0.96363184;0.02447319;-0.24371218;1161010630
-248.019076;343.0;7581;-17363;0.961592464;0.03263092;-0.24371218;1161068604
-247.996525;343.0;7581;-17363;0.96363184;0.031611204;-0.23963332;1161091155
-247.939324;343.0;7581;-17363;0.96363184;0.022433758;-0.23963332;1161148356
-247.915722;343.0;7581;-17363;0.96261216;0.02753234;-0.2447319;1161171958
-247.889481;343.0;7581;-17363;0.9585333;0.029571772;-0.247791052;1161198199
-247.866982;343.0;7581;-17363;0.96363184;0.03569007;-0.242692468;1161220698
-247.839402;343.0;7581;-17363;0.96261216;0.033650636;-0.24065304;1161248278
-247.809107;343.0;7581;-17363;0.96363184;0.023453474;-0.2386136;1161278573
-247.786178;343.0;7581;-17363;0.961592464;0.020394326;-0.24167276;1161301502
-247.759683;343.0;7581;;135;151;4250;1161327997
-247.736097;343.0;7581;-17363;0.96261216;0.028552056;-0.24575162;1161351583
-247.709109;343.0;7581;-17363;0.961592464;0.033650636;-0.2447319;1161378571
-247.686331;343.0;7581;-17363;0.961592464;0.031611204;-0.24167276;1161401349
-247.659743;343.0625;7581;;97;128;4250;1161427937
-247.636939;343.0625;7581;-17357;0.96261216;0.0193746092;-0.24371218;1161450741
-247.609095;343.125;7581;-17357;0.961592464;0.020394326;-0.247791052;1161478585
-247.585726;343.125;7581;-17357;0.961592464;0.02447319;-0.242692468;1161501954
-247.559759;343.125;7581;;107;134;4247;1161527921
-247.533989;343.125;7581;-17357;0.9646516;0.0387492184;-0.237593884;1161553691
-247.498138;343.125;7581;-17357;0.96261216;0.028552056;-0.24065304;1161589542
-247.469403;343.125;7581;-17357;0.961592464;0.021414042;-0.24371218;1161618277
-247.447543;343.125;7581;-17357;0.96261216;0.018354892;-0.24371218;1161640137
-247.425931;343.125;7581;-17357;0.961592464;0.026512622;-0.242692468;1161661749
-247.399222;343.125;7581;-17357;0.961592464;0.031611204;-0.24167276;1161688458
-247.377807;343.125;7581;-17357;0.96363184;0.034670352;-0.237593884;1161709873
-247.298326;343.0625;7581;-17363;0.961592464;0.015295744;-0.24575162;1161789354
-247.269818;343.0625;7581;-17363;0.961592464;0.013256311;-0.24065304;1161817862
-247.248139;343.125;7581;-17357;0.96261216;0.029571772;-0.24065304;1161839541
-247.216026;343.0625;7581;-17357;0.9605727;0.0377295;-0.24371218;1161871654
-247.189360;343.0625;7581;-17357;0.96363184;0.034670352;-0.24371218;1161898320
-247.166139;343.0625;7581;-17357;0.96363184;0.021414042;-0.24575162;1161921541
-247.139303;343.0625;7581;-17357;0.961592464;0.018354892;-0.247791052;1161948377
-247.109660;343.0625;7581;-17357;0.9605727;0.020394326;-0.2447319;1161978020
-247.069165;343.125;7581;-17344;0.9656713;0.036709784;-0.237593884;1162018515
-247.039292;343.125;7581;-17344;0.96363184;0.039768936;-0.242692468;1162048388
-247.007840;343.125;7581;-17344;0.96261216;0.02753234;-0.24983048;1162079840
-246.984537;343.125;7581;-17344;0.9605727;0.021414042;-0.24371218;1162103143
-246.959345;343.125;7581;;323;233;4251;1162128335
-246.937894;343.125;7581;-17344;0.96363184;0.02753234;-0.2386136;1162149786
-246.916104;343.125;7581;-17344;0.96261216;0.03263092;-0.237593884;1162171576
-246.889376;343.125;7581;-17344;0.96363184;0.033650636;-0.24167276;1162198304
-246.867548;343.125;7581;-17344;0.9605727;0.029571772;-0.248810768;1162220132
-246.845690;343.125;7587;-17350;0.961592464;0.025492906;-0.24983048;1162241990
-246.818979;343.125;7587;-17350;0.96261216;0.017335176;-0.24065304;1162268701
-246.789442;343.125;7587;-17350;0.961592464;0.013256311;-0.23657418;1162298238
-246.767137;343.125;7587;-17350;0.9646516;0.02447319;-0.2386136;1162320543
-246.745715;343.125;7587;-17350;0.9605727;0.03569007;-0.2447319;1162341965
-246.718986;343.125;7587;-17350;0.9605727;0.036709784;-0.25594878;1162368694
-246.696382;343.125;7587;-17350;0.9605727;0.03263092;-0.25390936;1162391298
-246.669837;343.125;7587;-17350;0.96363184;0.022433758;-0.24065304;1162417843
-246.626080;343.125;7587;-17350;0.959553;0.015295744;-0.22943616;1162461600
-246.599021;343.125;7587;-17350;0.96363184;0.03263092;-0.24575162;1162488659
-246.577053;343.125;7587;-17350;0.959553;0.033650636;-0.25186992;1162510627
-246.551602;343.125;7587;-17350;0.9605727;0.036709784;-0.25390936;1162536078
-246.528981;343.125;7587;-17344;0.9605727;0.022433758;-0.2447319;1162558699
-246.506573;343.125;7587;-17344;0.96363184;0.01631546;-0.23453474;1162581107
-246.482238;343.125;7587;-17344;0.96261216;0.020394326;-0.23351502;1162605442
-246.449015;343.125;7587;-17344;0.96363184;0.025492906;-0.237593884;1162638665
-246.419088;343.125;7587;-17344;0.96363184;0.034670352;-0.24575162;1162668592
-246.397215;343.125;7587;-17344;0.961592464;0.025492906;-0.24575162;1162690465
-246.375967;343.125;7587;-17344;0.961592464;0.020394326;-0.2508502;1162711713
-246.327564;343.125;7587;-17344;0.966691;0.0193746092;-0.23351502;1162760116
-246.299581;343.125;7587;-17344;0.96363184;0.026512622;-0.24065304;1162788099
-246.276879;343.125;7581;-17344;0.9605727;0.033650636;-0.24371218;1162810801
-246.196341;343.125;7587;-17344;0.96261216;0.0193746092;-0.23963332;1162891339
-246.169084;343.125;7587;-17344;0.96261216;0.020394326;-0.24167276;1162918596
-246.146580;343.125;7587;-17344;0.9646516;0.025492906;-0.237593884;1162941100
-246.097946;343.1875;7587;-17344;0.961592464;0.036709784;-0.2447319;1162989734
-246.069342;343.1875;7587;-17344;0.961592464;0.034670352;-0.24983048;1163018338
-246.047111;343.1875;7587;-17344;0.959553;0.022433758;-0.24371218;1163040569
-246.018947;343.1875;7587;-17344;0.96261216;0.013256311;-0.23555446;1163068733
-245.988723;343.125;7587;-17350;0.96261216;0.018354892;-0.232495316;1163098957
-245.965539;343.125;7587;-17350;0.9646516;0.028552056;-0.23657418;1163122141
-245.938780;343.125;7587;-17350;0.959553;0.03263092;-0.248810768;1163148900
-245.916241;343.125;7587;-17350;0.9605727;0.031611204;-0.2508502;1163171439
-245.879422;343.125;7587;-17350;0.961592464;0.023453474;-0.25492908;1163208258
-245.857001;343.125;7587;-17350;0.9585333;0.018354892;-0.23963332;1163230679
-245.827861;343.125;7587;-17350;0.96261216;0.022433758;-0.24065304;1163259819
-245.806016;343.125;7587;-17350;0.96363184;0.031611204;-0.24065304;1163281664
-245.779212;343.125;7587;-17350;0.961592464;0.03569007;-0.2508502;1163308468
-245.736551;343.125;7587;-17350;0.9605727;0.026512622;-0.24575162;1163351129
-245.708572;343.125;7587;-17350;0.9605727;0.020394326;-0.2447319;1163379108
-245.685814;343.125;7587;-17350;0.96261216;0.023453474;-0.23555446;1163401866
-245.636873;343.125;7587;-17350;0.959553;0.03263092;-0.2447319;1163450807
-245.608958;343.125;7587;-17350;0.96261216;0.031611204;-0.24167276;1163478722
-245.586526;343.1875;7587;-17344;0.96363184;0.02447319;-0.24167276;1163501154
-245.534658;343.1875;7587;-17344;0.96363184;0.020394326;-0.23555446;1163553022
-245.508889;343.1875;7587;-17344;0.96363184;0.023453474;-0.232495316;1163578791
-245.486249;343.1875;7587;-17344;0.96363184;0.02753234;-0.2386136;1163601431
-245.461029;343.1875;7587;-17344;0.9605727;0.028552056;-0.24167276;1163626651
-245.438661;343.1875;7587;-17344;0.96363184;0.030591488;-0.247791052;1163649019
-245.409108;343.1875;7587;-17344;0.9605727;0.02447319;-0.24677134;1163678572
-245.386682;343.1875;7587;-17344;0.96363184;0.020394326;-0.23453474;1163700998
-245.285462;343.1875;7587;-17344;0.9585333;0.031611204;-0.25900792;1163802218
-245.259585;343.1875;7587;-17344;0.9585333;0.02753234;-0.24677134;1163828095
-245.238227;343.1875;7587;-17344;0.96261216;0.023453474;-0.2386136;1163849453
-245.217108;343.1875;7587;-17344;0.96261216;0.02447319;-0.23555446;1163870572
-245.189394;343.1875;7587;-17344;0.96363184;0.025492906;-0.23657418;1163898286
-245.167234;343.1875;7587;-17344;0.961592464;0.028552056;-0.248810768;1163920446
-245.139391;343.1875;7587;-17344;0.961592464;0.03263092;-0.25390936;1163948289
-245.117349;343.1875;7587;-17344;0.96261216;0.033650636;-0.247791052;1163970331
-245.086843;343.1875;7587;-17344;0.959553;0.022433758;-0.237593884;1164000837
-245.059484;343.1875;7587;-17344;0.96261216;0.021414042;-0.2314756;1164028196
-244.998951;343.1875;7587;-17344;0.959553;0.030591488;-0.25288964;1164088729
-244.969488;343.1875;7587;-17344;0.961592464;0.03263092;-0.24677134;1164118192
-244.947904;343.1875;7587;-17344;0.9605727;0.026512622;-0.23963332;1164139776
-244.917816;343.1875;7587;-17344;0.961592464;0.01631546;-0.2314756;1164169864
-244.895950;343.1875;7587;-17344;0.9646516;0.017335176;-0.2314756;1164191730
-244.849076;343.1875;7581;-17344;0.9605727;0.026512622;-0.25390936;1164238604
-244.825197;343.1875;7581;-17344;0.961592464;0.03263092;-0.24983048;1164262483
-244.798822;343.1875;7581;-17344;0.96363184;0.034670352;-0.24371218;1164288858
-244.769657;343.1875;7581;-17344;0.96363184;0.02753234;-0.232495316;1164318023
-244.738562;343.1875;7581;-17344;0.9656713;0.02447319;-0.237593884;1164349118
-244.709548;343.1875;7581;-17344;0.961592464;0.020394326;-0.24575162;1164378132
-244.678808;343.1875;7581;-17344;0.96261216;0.02753234;-0.2508502;1164408872
-244.633281;343.1875;7581;-17344;0.96363184;0.0377295;-0.2386136;1164454399
-244.608835;343.25;7581;-17344;0.96363184;0.028552056;-0.237593884;1164478845
-244.586583;343.25;7587;-17344;0.9656713;0.015295744;-0.23657418;1164501097
-244.559367;343.25;7587;;105;133;4248;1164528313
-244.536076;343.25;7587;-17344;0.961592464;0.021414042;-0.24983048;1164551604
-244.509533;343.25;7587;-17344;0.9585333;0.030591488;-0.25492908;1164578147
-244.459439;343.25;7587;-17338;0.9646516;0.030591488;-0.232495316;1164628241
-244.425743;343.3125;7587;-17338;0.96363184;0.0193746092;-0.23045588;1164661937
-244.398907;343.3125;7587;-17338;0.961592464;0.017335176;-0.242692468;1164688773
-244.377068;343.25;7587;-17338;0.961592464;0.023453474;-0.25186992;1164710612
-244.349105;343.25;7581;-17332;0.96261216;0.0387492184;-0.25594878;1164738575
-244.318643;343.25;7581;-17332;0.96363184;0.0438478;-0.24167276;1164769037
-244.285518;343.25;7587;-17338;0.9646516;0.0193746092;-0.22841644;1164802162
-244.257719;343.25;7587;-17338;0.96261216;0.012236595;-0.242692468;1164829961
-244.228746;343.25;7581;-17338;0.961592464;0.014276028;-0.24983048;1164858934
-244.207090;343.25;7581;-17338;0.9605727;0.03569007;-0.25900792;1164880590
-244.184823;343.25;7581;-17338;0.96363184;0.042828084;-0.25288964;1164902857
-244.159161;343.25;7581;;448;275;4250;1164928519
-244.137435;343.25;7587;-17338;0.96363184;0.023453474;-0.23453474;1164950245
-244.109464;343.25;7587;-17344;0.96261216;0.012236595;-0.23453474;1164978216
-244.088212;343.25;7587;-17344;0.9605727;0.007138014;-0.24371218;1164999468
-244.067113;343.25;7587;-17344;0.959553;0.0193746092;-0.2569685;1165020567
-244.039047;343.25;7581;-17332;0.9605727;0.033650636;-0.25186992;1165048633
-243.986306;343.25;7587;-17332;0.96261216;0.031611204;-0.23453474;1165101374
-243.959253;343.3125;7587;-17338;0.96363184;0.021414042;-0.23351502;1165128427
-243.936953;343.3125;7587;-17338;0.961592464;0.007138014;-0.242692468;1165150727
-243.908737;343.3125;7587;-17332;0.9605727;0.017335176;-0.25288964;1165178943
-243.886411;343.3125;7587;-17325;0.961592464;0.03263092;-0.24983048;1165201269
-243.838575;343.3125;7587;-17325;0.96363184;0.04894638;-0.23453474;1165249105
-243.817225;343.3125;7587;-17332;0.96363184;0.033650636;-0.23657418;1165270455
-243.788923;343.3125;7587;-17338;0.961592464;0.013256311;-0.24371218;1165298757
-243.766769;343.3125;7587;-17338;0.961592464;0.0061182976;-0.25390936;1165320911
-243.744067;343.3125;7587;-17338;0.959553;0.01631546;-0.25390936;1165343613
-243.708667;343.3125;7587;-17332;0.96363184;0.0438478;-0.2386136;1165379013
-243.686865;343.3125;7587;-17332;0.9646516;0.047926664;-0.2253573;1165400815
-243.659640;343.3125;7587;;452;276;4251;1165428040
-243.636014;343.3125;7587;-17344;0.959553;0.011216879;-0.247791052;1165451666
-243.608030;343.3125;7587;-17344;0.9585333;0.009177446;-0.25594878;1165479650
-243.586128;343.3125;7587;-17344;0.959553;0.0193746092;-0.25390936;1165501552
-243.559238;343.3125;7587;-17338;0.96261216;0.033650636;-0.24167276;1165528442
-243.517664;343.3125;7587;-17338;0.9646516;0.042828084;-0.23351502;1165570016
-243.488573;343.3125;7587;-17344;0.959553;0.030591488;-0.24575162;1165599107
-243.466443;343.3125;7587;-17344;0.961592464;0.010197163;-0.2579882;1165621237
-243.439077;343.375;7587;-17344;0.9605727;0.011216879;-0.25186992;1165648603
-243.409232;343.375;7587;-17338;0.96261216;0.02447319;-0.23657418;1165678448
-243.387238;343.375;7587;-17338;0.966691;0.041808368;-0.23045588;1165700442
-243.365450;343.375;7587;-17338;0.96363184;0.042828084;-0.23045588;1165722230
-243.339140;343.375;7587;-17344;0.96261216;0.029571772;-0.24371218;1165748540
-243.308667;343.375;7587;-17344;0.9585333;0.017335176;-0.2579882;1165779013
-243.286798;343.375;7587;-17344;0.959553;0.0193746092;-0.2579882;1165800882
-243.264620;343.375;7593;-17344;0.96261216;0.020394326;-0.24371218;1165823060
-243.238894;343.375;7593;-17344;0.961592464;0.025492906;-0.23045588;1165848786
-243.216943;343.375;7593;-17344;0.9656713;0.03569007;-0.23045588;1165870737
-243.188907;343.375;7593;-17344;0.961592464;0.02753234;-0.237593884;1165898773
-243.166599;343.375;7593;-17344;0.959553;0.018354892;-0.25492908;1165921081
-243.139011;343.375;7593;-17344;0.9585333;0.018354892;-0.25492908;1165948669
-243.096268;343.375;7593;;35;77;4252;1165991412
-243.068682;343.3125;7593;-17344;0.96363184;0.03569007;-0.23045588;1166018998
-243.046945;343.3125;7593;-17344;0.961592464;0.031611204;-0.24371218;1166040735
-242.988416;343.375;7593;-17344;0.9605727;0.022433758;-0.25186992;1166099264
-242.966733;343.375;7593;-17344;0.96261216;0.029571772;-0.242692468;1166120947
-242.944766;343.375;7593;-17344;0.96261216;0.030591488;-0.23963332;1166142914
-242.888011;343.375;7593;-17344;0.96261216;0.030591488;-0.237593884;1166199669
-242.862075;343.375;7593;-17344;0.9605727;0.020394326;-0.24575162;1166225605
-242.838470;343.375;7593;-17344;0.9605727;0.0193746092;-0.24677134;1166249210
-242.816813;343.375;7593;-17344;0.961592464;0.023453474;-0.24575162;1166270867
-242.789097;343.375;7593;-17344;0.96363184;0.026512622;-0.24371218;1166298583
-242.705179;343.375;7593;-17344;0.96261216;0.018354892;-0.24167276;1166382501
-242.678539;343.375;7593;-17344;0.96261216;0.0193746092;-0.247791052;1166409141
-242.657197;343.375;7593;-17344;0.961592464;0.023453474;-0.24371218;1166430483
-242.617661;343.375;7593;-17338;0.96363184;0.03263092;-0.2386136;1166470019
-242.588207;343.375;7593;-17338;0.9605727;0.033650636;-0.237593884;1166499473
-242.559204;343.375;7593;-17338;0.961592464;0.030591488;-0.242692468;1166528476
-242.496675;343.375;7593;-17338;0.9605727;0.02447319;-0.2508502;1166591005
-242.473569;343.375;7593;-17338;0.96363184;0.029571772;-0.2447319;1166614111
-242.448931;343.375;7593;-17338;0.96261216;0.034670352;-0.242692468;1166638749
-242.418598;343.4375;7593;-17338;0.96363184;0.03569007;-0.24371218;1166669082
-242.395856;343.4375;7593;-17338;0.961592464;0.028552056;-0.24371218;1166691824
-242.368969;343.4375;7593;-17338;0.96261216;0.023453474;-0.24371218;1166718711
-242.346982;343.4375;7593;-17338;0.9605727;0.020394326;-0.24677134;1166740698
-242.318512;343.4375;7593;-17338;0.96261216;0.023453474;-0.23657418;1166769168
-242.288384;343.4375;7593;-17338;0.96261216;0.029571772;-0.23555446;1166799296
-242.258968;343.4375;7593;-17338;0.961592464;0.030591488;-0.24167276;1166828712
-242.184356;343.4375;7593;-17338;0.961592464;0.018354892;-0.23453474;1166903324
-242.158133;343.4375;7593;-17338;0.9646516;0.020394326;-0.2314756;1166929547
-242.135935;343.4375;7593;-17338;0.96261216;0.031611204;-0.24167276;1166951745
-242.108882;343.4375;7593;-17338;0.96261216;0.0387492184;-0.2508502;1166978798
-242.085331;343.4375;7593;-17338;0.961592464;0.031611204;-0.24677134;1167002349
-242.058932;343.4375;7593;;-25;0;4247;1167028748
-242.036734;343.4375;7593;-17338;0.96363184;0.020394326;-0.232495316;1167050946
-242.014983;343.4375;7593;-17338;0.96363184;0.023453474;-0.2314756;1167072697
-241.988867;343.4375;7593;-17338;0.96261216;0.026512622;-0.23453474;1167098813
-241.967178;343.4375;7593;-17344;0.9605727;0.033650636;-0.2579882;1167120502
-241.945908;343.4375;7593;-17344;0.959553;0.03569007;-0.25900792;1167141772
-241.917248;343.4375;7593;-17344;0.961592464;0.030591488;-0.248810768;1167170432
-241.888834;343.4375;7593;-17344;0.961592464;0.020394326;-0.24677134;1167198846
-241.867103;343.4375;7593;-17350;0.9646516;0.017335176;-0.22739672;1167220577
-241.844885;343.4375;7593;-17350;0.961592464;0.025492906;-0.23351502;1167242795
-241.817718;343.4375;7593;-17350;0.959553;0.023453474;-0.25492908;1167269962
-241.788321;343.4375;7593;-17350;0.959553;0.029571772;-0.25900792;1167299359
-241.747392;343.4375;7593;-17350;0.961592464;0.02447319;-0.24167276;1167340288
-241.718097;343.4375;7593;-17350;0.9656713;0.015295744;-0.22229814;1167369583
-241.695827;343.4375;7593;-17350;0.96261216;0.020394326;-0.23351502;1167391853
-241.668295;343.4375;7593;-17350;0.9605727;0.025492906;-0.237593884;1167419385
-241.647078;343.4375;7593;-17350;0.9585333;0.030591488;-0.26002764;1167440602
-241.618407;343.4375;7593;-17350;0.9585333;0.031611204;-0.26002764;1167469273
-241.596097;343.4375;7593;-17350;0.96363184;0.030591488;-0.2386136;1167491583
-241.568691;343.4375;7600;-17350;0.96363184;0.023453474;-0.22331786;1167518989
-241.547038;343.4375;7600;-17350;0.9646516;0.01631546;-0.22739672;1167540642
-241.518455;343.4375;7593;-17350;0.961592464;0.022433758;-0.2447319;1167569225
-241.488146;343.4375;7593;-17350;0.961592464;0.031611204;-0.26002764;1167599534
-241.465298;343.4375;7593;-17350;0.96363184;0.0377295;-0.24065304;1167622382
-241.438203;343.4375;7600;-17350;0.96363184;0.03263092;-0.23045588;1167649477
-241.408570;343.4375;7600;-17350;0.96363184;0.020394326;-0.23045588;1167679110
-241.386321;343.4375;7600;-17350;0.961592464;0.01631546;-0.24065304;1167701359
-241.364824;343.4375;7600;-17350;0.9605727;0.020394326;-0.25186992;1167722856
-241.338708;343.4375;7593;-17350;0.959553;0.025492906;-0.25390936;1167748972
-241.276163;343.4375;7593;-17350;0.9646516;0.031611204;-0.23045588;1167811517
-241.218747;343.4375;7593;-17350;0.96363184;0.022433758;-0.24575162;1167868933
-241.195613;343.4375;7593;-17350;0.959553;0.02753234;-0.25492908;1167892067
-241.168820;343.375;7593;-17350;0.959553;0.028552056;-0.2569685;1167918860
-241.145700;343.375;7593;-17350;0.96261216;0.028552056;-0.24167276;1167941980
-241.088184;343.4375;7600;-17350;0.9646516;0.020394326;-0.22433758;1167999496
-241.065507;343.4375;7593;-17350;0.96261216;0.026512622;-0.2508502;1168022173
-241.039431;343.5;7593;-17344;0.961592464;0.028552056;-0.2579882;1168048249
-241.008299;343.5;7593;-17344;0.9605727;0.023453474;-0.2579882;1168079381
-240.987046;343.5;7593;-17344;0.96261216;0.029571772;-0.23351502;1168100634
-240.964808;343.5;7600;-17344;0.968730432;0.028552056;-0.22331786;1168122872
-240.938540;343.5;7600;-17344;0.9646516;0.020394326;-0.22331786;1168149140
-240.908808;343.5;7600;-17344;0.96261216;0.022433758;-0.24167276;1168178872
-240.858489;343.5;7593;-17344;0.9605727;0.025492906;-0.25594878;1168229191
-240.807421;343.5;7593;-17344;0.96363184;0.025492906;-0.22841644;1168280259
-240.783638;343.5;7593;-17344;0.96363184;0.02753234;-0.2314756;1168304042
-240.758267;343.5;7593;-17344;0.961592464;0.0193746092;-0.237593884;1168329413
-240.697352;343.4375;7593;-17344;0.9575136;0.033650636;-0.26206708;1168390328
-240.675566;343.4375;7593;-17344;0.96363184;0.031611204;-0.23657418;1168412114
-240.648672;343.4375;7593;-17344;0.9656713;0.030591488;-0.21821928;1168439008
-240.626802;343.4375;7593;-17344;0.96261216;0.012236595;-0.219239;1168460878
-240.598611;343.4375;7587;-17344;0.95649384;0.028552056;-0.25492908;1168489069
-240.576339;343.4375;7587;-17344;0.9575136;0.0377295;-0.27328396;1168511341
-240.549574;343.4375;7587;-17344;0.9585333;0.041808368;-0.26512624;1168538106
-240.528167;343.4375;7593;-17344;0.96261216;0.026512622;-0.2253573;1168559513
-240.498787;343.4375;7593;-17350;0.9646516;0.009177446;-0.215160132;1168588893
-240.477046;343.5;7593;-17344;0.96363184;0.01631546;-0.23351502;1168610634
-240.418563;343.5;7593;-17350;0.9605727;0.031611204;-0.2569685;1168669117
-240.396781;343.5;7593;-17344;0.9656713;0.030591488;-0.22841644;1168690899
-240.372554;343.5;7593;-17344;0.96363184;0.028552056;-0.22229814;1168715126
-240.348346;343.5;7593;-17344;0.96363184;0.020394326;-0.219239;1168739334
-240.326104;343.4375;7593;;667;336;4246;1168761576
-240.298300;343.4375;7593;-17350;0.959553;0.017335176;-0.26206708;1168789380
-240.276408;343.5;7593;-17344;0.9605727;0.034670352;-0.25390936;1168811272
-240.248609;343.4375;7593;-17338;0.96363184;0.036709784;-0.24167276;1168839071
-240.198447;343.4375;7593;-17338;0.9646516;0.028552056;-0.2253573;1168889233
-240.175186;343.4375;7593;-17338;0.9605727;0.011216879;-0.24677134;1168912494
-240.148675;343.4375;7587;-17344;0.95649384;0.0193746092;-0.26104736;1168939005
-240.098727;343.4375;7587;-17338;0.96363184;0.033650636;-0.247791052;1168988953
-240.076903;343.4375;7587;-17325;0.96363184;0.049966096;-0.23351502;1169010777
-240.038029;343.5;7587;-17325;0.966691;0.041808368;-0.237593884;1169049651
-240.008566;343.5;7587;-17338;0.9575136;0.0;-0.25900792;1169079114
-239.986672;343.5;7587;-17344;0.95649384;-0.0010197163;-0.25390936;1169101008
-239.965040;343.5;7587;-17338;0.96363184;0.018354892;-0.24371218;1169122640
-239.938527;343.5;7587;-17325;0.9646516;0.0377295;-0.23453474;1169149153
-239.913473;343.5;7587;-17319;0.966691;0.04894638;-0.23555446;1169174207
-239.887837;343.5;7587;-17325;0.9656713;0.033650636;-0.242692468;1169199843
-239.865391;343.5;7587;-17332;0.9585333;0.012236595;-0.2569685;1169222289
-239.837996;343.5;7587;-17338;0.95547416;0.0030591488;-0.25594878;1169249684
-239.808514;343.5;7587;-17338;0.961592464;0.012236595;-0.23657418;1169279166
-239.786478;343.5;7593;-17325;0.96363184;0.03569007;-0.22739672;1169301202
-239.758767;343.5625;7593;;525;298;4247;1169328913
-239.736532;343.5625;7587;-17313;0.96261216;0.04588723;-0.247791052;1169351148
-239.714444;343.5625;7587;-17313;0.959553;0.031611204;-0.2630868;1169373236
-239.687611;343.5625;7587;-17319;0.95649384;0.0193746092;-0.2569685;1169400069
-239.665278;343.5;7587;-17325;0.961592464;0.009177446;-0.237593884;1169422402
-239.638231;343.5;7587;-17332;0.96261216;0.01631546;-0.226377008;1169449449
-239.588330;343.5;7587;-17319;0.9605727;0.053025244;-0.24983048;1169499350
-239.565024;343.5;7587;-17313;0.9605727;0.04588723;-0.2641065;1169522656
-239.538379;343.5;7581;-17319;0.9575136;0.026512622;-0.2641065;1169549301
-239.516113;343.5;7587;-17332;0.9605727;0.012236595;-0.242692468;1169571567
-239.488101;343.5;7587;-17344;0.961592464;0.0030591488;-0.232495316;1169599579
-239.464814;343.5;7587;-17344;0.96363184;0.018354892;-0.22331786;1169622866
-239.432100;343.5;7587;-17338;0.959553;0.046906948;-0.24983048;1169655580
-239.407677;343.5;7587;-17338;0.9605727;0.04078865;-0.26002764;1169680003
-239.378172;343.5;7587;-17344;0.959553;0.031611204;-0.25594878;1169709508
-239.357103;343.5625;7593;-17344;0.96261216;0.00815773;-0.24065304;1169730577
-239.326216;343.5625;7593;-17350;0.96363184;0.010197163;-0.22943616;1169761464
-239.298248;343.5625;7593;-17344;0.9646516;0.022433758;-0.22841644;1169789432
-239.275332;343.5625;7593;-17338;0.96363184;0.0377295;-0.2386136;1169812348
-239.248325;343.625;7593;-17338;0.9605727;0.0438478;-0.2579882;1169839355
-239.218633;343.625;7587;-17332;0.959553;0.029571772;-0.25492908;1169869047
-239.187921;343.625;7593;-17332;0.96261216;0.01631546;-0.23963332;1169899759
-239.158699;343.625;7593;-17332;0.96771068;0.01631546;-0.22433758;1169928981
-239.118232;343.5625;7587;-17325;0.96261216;0.034670352;-0.24065304;1169969448
-239.087733;343.625;7587;-17325;0.959553;0.04078865;-0.2569685;1169999947
-239.065881;343.625;7587;-17319;0.9585333;0.030591488;-0.25390936;1170021799
-239.008150;343.625;7587;-17325;0.96363184;0.017335176;-0.23555446;1170079530
-238.978066;343.625;7587;-17325;0.96363184;0.022433758;-0.23351502;1170109614
-238.948669;343.625;7581;-17325;0.9605727;0.034670352;-0.25390936;1170139011
-238.925568;343.625;7581;;672;337;4246;1170162112
-238.898076;343.625;7581;-17325;0.9605727;0.028552056;-0.25390936;1170189604
-238.875617;343.625;7581;-17319;0.961592464;0.0193746092;-0.23657418;1170212063
-238.848266;343.625;7581;-17325;0.96363184;0.013256311;-0.2314756;1170239414
-238.818177;343.625;7581;-17325;0.9646516;0.020394326;-0.23657418;1170269503
-238.768763;343.625;7581;-17313;0.959553;0.0377295;-0.2508502;1170318917
-238.746527;343.6875;7581;-17313;0.961592464;0.034670352;-0.23963332;1170341153
-238.718451;343.6875;7581;-17313;0.96363184;0.02447319;-0.23453474;1170369229
-238.643466;343.6875;7581;-17313;0.9605727;0.031611204;-0.25390936;1170444214
-238.618162;343.6875;7581;-17313;0.959553;0.033650636;-0.24983048;1170469518
-238.568560;343.6875;7581;-17307;0.9656713;0.030591488;-0.23657418;1170519120
-238.545631;343.6875;7581;-17313;0.9646516;0.020394326;-0.23045588;1170542049
-238.518380;343.6875;7581;-17313;0.9605727;0.0193746092;-0.24065304;1170569300
-238.468550;343.6875;7581;-17313;0.96363184;0.029571772;-0.25390936;1170619130
-238.445313;343.6875;7581;-17313;0.96261216;0.036709784;-0.2447319;1170642367
-238.417853;343.6875;7581;-17313;0.96363184;0.026512622;-0.23351502;1170669827
-238.395558;343.6875;7581;-17313;0.96363184;0.021414042;-0.232495316;1170692122
-238.368513;343.6875;7581;-17313;0.959553;0.012236595;-0.232495316;1170719167
-238.346592;343.6875;7581;-17307;0.9585333;0.018354892;-0.247791052;1170741088
-238.317822;343.75;7581;-17300;0.9575136;0.03569007;-0.25390936;1170769858
-238.295857;343.75;7581;-17300;0.96261216;0.041808368;-0.2447319;1170791823
-238.268423;343.75;7581;-17300;0.961592464;0.0377295;-0.23555446;1170819257
-238.217994;343.75;7581;-17300;0.96261216;0.018354892;-0.23453474;1170869686
-238.187425;343.75;7581;-17300;0.959553;0.021414042;-0.2508502;1170900255
-238.165212;343.75;7581;-17300;0.961592464;0.03263092;-0.25186992;1170922468
-238.138346;343.75;7581;-17300;0.96363184;0.03263092;-0.2386136;1170949334
-238.116325;343.75;7581;-17300;0.96363184;0.034670352;-0.23453474;1170971355
-238.094469;343.75;7581;-17300;0.96363184;0.028552056;-0.23555446;1170993211
-238.068254;343.75;7581;-17307;0.961592464;0.017335176;-0.23963332;1171019426
-238.047047;343.75;7581;-17307;0.959553;0.015295744;-0.25492908;1171040633
-238.008207;343.75;7581;-17307;0.9605727;0.02447319;-0.25186992;1171079473
-237.984847;343.75;7581;-17307;0.96261216;0.033650636;-0.23963332;1171102833
-237.937092;343.75;7581;-17307;0.9646516;0.02753234;-0.232495316;1171150588
-237.912801;343.75;7581;-17307;0.959553;0.0193746092;-0.24575162;1171174879
-237.885536;343.75;7581;-17300;0.9585333;0.011216879;-0.25288964;1171202144
-237.858627;343.75;7581;-17300;0.9605727;0.020394326;-0.2508502;1171229053
-237.817921;343.8125;7581;-17288;0.961592464;0.039768936;-0.24167276;1171269759
-237.787407;343.8125;7581;-17288;0.9656713;0.04078865;-0.23351502;1171300273
-237.765941;343.8125;7581;-17294;0.96261216;0.02447319;-0.23657418;1171321739
-237.743127;343.8125;7581;-17294;0.9605727;0.018354892;-0.24371218;1171344553
-237.718057;343.8125;7581;-17294;0.9605727;0.018354892;-0.248810768;1171369623
-237.687819;343.8125;7581;-17288;0.9605727;0.025492906;-0.24677134;1171399861
-237.665443;343.8125;7581;-17294;0.96363184;0.036709784;-0.23657418;1171422237
-237.643919;343.8125;7581;-17294;0.9656713;0.04078865;-0.23453474;1171443761
-237.618015;343.8125;7581;-17294;0.96363184;0.031611204;-0.23453474;1171469665
-237.568342;343.8125;7581;-17294;0.9605727;0.015295744;-0.25186992;1171519338
-237.546692;343.8125;7581;-17294;0.96261216;0.018354892;-0.24983048;1171540988
-237.517863;343.8125;7581;-17294;0.9605727;0.021414042;-0.24677134;1171569817
-237.468128;343.8125;7581;-17294;0.96261216;0.036709784;-0.2386136;1171619552
-237.445907;343.8125;7581;-17294;0.961592464;0.029571772;-0.247791052;1171641773
-237.422307;343.8125;7581;-17294;0.9605727;0.018354892;-0.247791052;1171665373
-237.362442;343.8125;7581;-17288;0.961592464;0.02753234;-0.23963332;1171725238
-237.337818;343.8125;7581;-17282;0.96363184;0.036709784;-0.24065304;1171749862
-237.308143;343.8125;7581;-17282;0.96261216;0.04078865;-0.23963332;1171779537
-237.277835;343.8125;7581;-17282;0.961592464;0.031611204;-0.24167276;1171809845
-237.251850;343.875;7581;-17288;0.96363184;0.020394326;-0.24575162;1171835830
-237.218080;343.875;7581;-17282;0.96261216;0.021414042;-0.24371218;1171869600
-237.170456;343.875;7581;-17282;0.9646516;0.036709784;-0.23453474;1171917224
-237.147665;343.875;7581;-17282;0.9646516;0.04078865;-0.24167276;1171940015
-237.104119;343.8125;7581;-17288;0.961592464;0.0193746092;-0.2508502;1171983561
-237.081986;343.8125;7581;-17288;0.961592464;0.015295744;-0.24677134;1172005694
-237.057894;343.8125;7581;-17288;0.9605727;0.015295744;-0.24167276;1172029786
-237.034808;343.8125;7581;-17282;0.961592464;0.029571772;-0.24065304;1172052872
-237.008347;343.8125;7581;-17282;0.959553;0.036709784;-0.24065304;1172079333
-236.987133;343.8125;7581;-17282;0.96261216;0.033650636;-0.24575162;1172100547
-236.964545;343.8125;7581;-17282;0.961592464;0.02753234;-0.24983048;1172123135
-236.927612;343.875;7581;-17282;0.9605727;0.018354892;-0.248810768;1172160068
-236.904938;343.875;7581;-17282;0.96363184;0.021414042;-0.24167276;1172182742
-236.883019;343.875;7581;-17282;0.96261216;0.02753234;-0.2386136;1172204661
-236.836888;343.875;7581;-17282;0.96261216;0.039768936;-0.24167276;1172250792
-236.808436;343.875;7581;-17282;0.9605727;0.031611204;-0.247791052;1172279244
-236.785369;343.875;7581;-17282;0.961592464;0.022433758;-0.248810768;1172302311
-236.760539;343.9375;7581;-17275;0.96261216;0.023453474;-0.24371218;1172327141
-236.737631;343.9375;7581;-17275;0.96363184;0.02447319;-0.2386136;1172350049
-236.713197;343.9375;7581;-17275;0.96261216;0.029571772;-0.2314756;1172374483
-236.687570;343.9375;7581;-17275;0.96363184;0.031611204;-0.23555446;1172400110
-236.658042;343.9375;7581;-17275;0.961592464;0.030591488;-0.24983048;1172429638
-236.604263;343.9375;7581;-17275;0.9646516;0.021414042;-0.23555446;1172483417
-236.582325;343.9375;7581;-17275;0.96261216;0.023453474;-0.23351502;1172505355
-236.558048;343.4375;7581;-17275;0.9605727;0.028552056;-0.23555446;1172529632
-236.487544;343.3125;7581;-17275;0.96261216;0.02753234;-0.24575162;1172600136
-236.465871;343.25;7581;-17275;0.96261216;0.023453474;-0.24167276;1172621809
-236.441541;343.25;7581;-17275;0.96261216;0.020394326;-0.237593884;1172646139
-236.392328;343.125;7581;-17275;0.96363184;0.030591488;-0.24575162;1172695352
-236.367992;343.125;7581;-17275;0.9605727;0.0387492184;-0.25186992;1172719688
-236.345916;343.125;7581;-17275;0.96261216;0.029571772;-0.24677134;1172741764
-236.317586;343.125;7581;-17275;0.96261216;0.025492906;-0.23657418;1172770094
-236.287741;343.125;7581;-17275;0.96363184;0.018354892;-0.23657418;1172799939
-236.263986;343.125;7581;-17275;0.9646516;0.023453474;-0.242692468;1172823694
-236.198262;343.0625;7581;-17275;0.961592464;0.0387492184;-0.248810768;1172889418
-236.175162;343.0625;7581;-17282;0.96261216;0.02447319;-0.23657418;1172912518
-236.144704;343.125;7581;-17288;0.96261216;0.01631546;-0.232495316;1172942976
-236.118251;343.125;7581;-17288;0.96363184;0.018354892;-0.237593884;1172969429
-236.068027;343.125;7581;-17288;0.96363184;0.03263092;-0.24575162;1173019653
-236.037975;343.125;7581;-17288;0.96363184;0.028552056;-0.237593884;1173049705
-236.007764;343.25;7581;-17288;0.96363184;0.023453474;-0.237593884;1173079916
-235.984844;343.25;7581;-17288;0.96363184;0.0193746092;-0.24167276;1173102836
-235.958295;343.25;7581;-17288;0.9585333;0.025492906;-0.24677134;1173129385
-235.937018;343.25;7581;-17288;0.9605727;0.031611204;-0.25390936;1173150662
-235.907728;343.125;7581;-17288;0.961592464;0.03569007;-0.247791052;1173179952
-235.885391;343.125;7581;-17288;0.961592464;0.030591488;-0.24065304;1173202289
-235.835992;343.125;7581;-17288;0.96261216;0.018354892;-0.23963332;1173251688
-235.807806;343.1875;7581;-17288;0.961592464;0.025492906;-0.24575162;1173279874
-235.784475;343.1875;7581;-17288;0.9605727;0.029571772;-0.25186992;1173303205
-235.758209;343.0;7581;;613;322;4248;1173329471
-235.736827;343.0;7581;-17288;0.9646516;0.028552056;-0.2386136;1173350853
-235.707953;343.0;7581;-17288;0.96363184;0.023453474;-0.23963332;1173379727
-235.685914;343.0;7581;-17288;0.961592464;0.0193746092;-0.23963332;1173401766
-235.637668;343.0;7581;-17288;0.96261216;0.026512622;-0.247791052;1173450012
-235.614623;342.875;7581;-17288;0.9605727;0.034670352;-0.248810768;1173473057
-235.587492;342.875;7581;-17288;0.96261216;0.03569007;-0.2447319;1173500188
-235.565261;342.875;7581;-17288;0.96261216;0.026512622;-0.23555446;1173522419
-235.537881;342.875;7581;-17288;0.96261216;0.017335176;-0.23453474;1173549799
-235.516083;342.875;7581;-17288;0.961592464;0.018354892;-0.24575162;1173571597
-235.492422;342.875;7581;-17288;0.961592464;0.018354892;-0.24575162;1173595258
-235.467992;342.8125;7581;-17288;0.9605727;0.029571772;-0.24575162;1173619688
-235.446146;342.8125;7581;-17288;0.96363184;0.04078865;-0.2447319;1173641534
-235.418189;343.0;7581;-17288;0.96261216;0.036709784;-0.237593884;1173669491
-235.395466;343.0;7581;-17288;0.959553;0.022433758;-0.24065304;1173692214
-235.368288;343.0625;7581;-17288;0.961592464;0.020394326;-0.24065304;1173719392
-235.347112;343.0625;7581;-17288;0.961592464;0.0193746092;-0.247791052;1173740568
-235.287605;343.0625;7581;-17288;0.96363184;0.04078865;-0.2447319;1173800075
-235.265995;343.0625;7581;-17288;0.96363184;0.036709784;-0.23963332;1173821685
-235.235895;343.0625;7581;-17288;0.961592464;0.023453474;-0.24065304;1173851785
-235.187689;343.0625;7581;-17288;0.959553;0.015295744;-0.248810768;1173899991
-235.157870;343.0625;7581;-17288;0.961592464;0.028552056;-0.24677134;1173929810
-235.135330;343.0625;7581;-17288;0.96261216;0.0377295;-0.24167276;1173952350
-235.108242;343.0625;7581;-17288;0.96261216;0.033650636;-0.2386136;1173979438
-235.086302;343.0625;7581;-17288;0.96363184;0.025492906;-0.237593884;1174001378
-235.064174;343.0625;7581;-17288;0.959553;0.021414042;-0.2447319;1174023506
-235.038001;343.0625;7581;-17282;0.961592464;0.0193746092;-0.2447319;1174049679
-235.014881;343.0625;7581;-17282;0.96363184;0.023453474;-0.247791052;1174072799
-234.987647;343.0625;7581;-17282;0.96363184;0.030591488;-0.23963332;1174100033
-234.965242;343.125;7581;-17282;0.9646516;0.0387492184;-0.24065304;1174122438
-234.937619;343.125;7581;-17282;0.961592464;0.030591488;-0.24065304;1174150061
-234.907667;343.125;7581;-17282;0.961592464;0.021414042;-0.23963332;1174180013
-234.886018;343.125;7581;-17282;0.961592464;0.017335176;-0.24371218;1174201662
-234.864043;343.125;7581;-17282;0.961592464;0.020394326;-0.24575162;1174223637
-234.837609;343.125;7581;-17282;0.96363184;0.033650636;-0.24575162;1174250071
-234.807478;343.25;7581;-17282;0.96261216;0.033650636;-0.24371218;1174280202
-234.785989;343.25;7581;-17282;0.9605727;0.031611204;-0.237593884;1174301691
-234.707115;343.25;7581;-17282;0.959553;0.025492906;-0.25186992;1174380565
-234.683499;343.25;7581;-17282;0.96261216;0.033650636;-0.24575162;1174404181
-234.657906;343.25;7581;;285;219;4248;1174429774
-234.626065;343.25;7587;-17282;0.96261216;0.02447319;-0.23555446;1174461615
-234.597750;343.25;7587;-17282;0.961592464;0.021414042;-0.24677134;1174489930
-234.574694;343.25;7587;-17282;0.95649384;0.023453474;-0.25492908;1174512986
-234.548077;343.25;7587;-17282;0.961592464;0.02447319;-0.25288964;1174539603
-234.518413;343.25;7587;-17282;0.96261216;0.03263092;-0.2386136;1174569267
-234.495970;343.25;7587;-17282;0.96363184;0.028552056;-0.22943616;1174591710
-234.468006;343.25;7587;-17282;0.9646516;0.02447319;-0.23045588;1174619674
-234.437436;343.25;7587;-17282;0.961592464;0.021414042;-0.24677134;1174650244
-234.416077;343.25;7587;-17282;0.961592464;0.02447319;-0.24575162;1174671603
-234.367713;343.25;7587;-17282;0.96363184;0.030591488;-0.23555446;1174719967
-234.337153;343.25;7587;-17282;0.96363184;0.029571772;-0.23657418;1174750527
-234.314844;343.25;7587;-17282;0.9605727;0.025492906;-0.24575162;1174772836
-234.278478;343.25;7587;-17282;0.961592464;0.022433758;-0.24983048;1174809202
-234.254426;343.25;7587;-17282;0.961592464;0.023453474;-0.247791052;1174833254
-234.232189;343.25;7587;-17282;0.961592464;0.028552056;-0.24167276;1174855491
-234.207923;343.25;7587;-17282;0.9605727;0.02753234;-0.2386136;1174879757
-234.185874;343.25;7587;-17282;0.96363184;0.031611204;-0.24167276;1174901806
-234.157962;343.25;7587;;222;193;4248;1174929718
-234.135845;343.25;7587;-17282;0.9605727;0.022433758;-0.248810768;1174951835
-234.107734;343.25;7587;-17282;0.961592464;0.023453474;-0.2508502;1174979946
-234.084983;343.25;7587;-17282;0.9605727;0.02447319;-0.24065304;1175002697
-234.036060;343.25;7587;-17282;0.9646516;0.034670352;-0.23963332;1175051620
-234.006809;343.25;7587;-17282;0.96261216;0.030591488;-0.2508502;1175080871
-233.982494;343.25;7587;-17282;0.959553;0.026512622;-0.2508502;1175105186
-233.935748;343.25;7587;-17282;0.96363184;0.021414042;-0.232495316;1175151932
-233.907692;343.25;7587;-17282;0.961592464;0.02753234;-0.232495316;1175179988
-233.856080;343.25;7587;-17282;0.961592464;0.03263092;-0.24983048;1175231600
-233.833174;343.25;7587;-17282;0.961592464;0.02753234;-0.24983048;1175254506
-233.807080;343.25;7587;-17282;0.9605727;0.017335176;-0.24371218;1175280600
-233.784225;343.25;7587;-17282;0.96363184;0.017335176;-0.2314756;1175303455
-233.757522;343.25;7587;-17282;0.96363184;0.017335176;-0.23351502;1175330158
-233.736011;343.25;7581;-17282;0.961592464;0.029571772;-0.24167276;1175351669
-233.711553;343.25;7581;-17282;0.9605727;0.036709784;-0.2508502;1175376127
-233.657633;343.25;7581;-17282;0.9605727;0.023453474;-0.24371218;1175430047
-233.634632;343.25;7581;-17282;0.96363184;0.014276028;-0.23351502;1175453048
-233.607690;343.25;7581;-17282;0.96261216;0.018354892;-0.2314756;1175479990
-233.585367;343.25;7581;-17282;0.961592464;0.028552056;-0.247791052;1175502313
-233.559381;343.25;7581;;275;215;4252;1175528299
-233.537145;343.25;7581;-17282;0.9605727;0.03569007;-0.25390936;1175550535
-233.515359;343.25;7581;-17282;0.961592464;0.030591488;-0.24065304;1175572321
-233.494128;343.25;7581;;410;263;4249;1175593552
-233.447589;343.25;7581;-17282;0.96261216;0.022433758;-0.242692468;1175640091
-233.422520;343.25;7581;-17282;0.961592464;0.026512622;-0.248810768;1175665160
-233.397588;343.25;7581;-17282;0.959553;0.033650636;-0.25390936;1175690092
-233.375785;343.25;7581;-17282;0.961592464;0.03263092;-0.24167276;1175711895
-233.347803;343.25;7587;-17282;0.961592464;0.02753234;-0.23657418;1175739877
-233.304225;343.25;7587;-17282;0.96261216;0.022433758;-0.242692468;1175783455
-233.282144;343.25;7581;-17282;0.959553;0.021414042;-0.2508502;1175805536
-233.257794;343.25;7581;;358;246;4249;1175829886
-233.227588;343.25;7587;-17282;0.9605727;0.028552056;-0.2447319;1175860092
-233.175370;343.25;7587;-17282;0.96261216;0.028552056;-0.23045588;1175912310
-233.151994;343.25;7587;-17282;0.96261216;0.021414042;-0.24371218;1175935686
-233.105377;343.25;7587;-17282;0.961592464;0.02447319;-0.2569685;1175982303
-233.082792;343.25;7587;-17282;0.96261216;0.02753234;-0.242692468;1176004888
-233.027719;343.25;7587;-17282;0.96363184;0.036709784;-0.22943616;1176059961
-232.997537;343.25;7587;-17282;0.961592464;0.026512622;-0.24065304;1176090143
-232.974597;343.25;7587;-17282;0.9605727;0.022433758;-0.25288964;1176113083
-232.947745;343.25;7587;-17282;0.9605727;0.020394326;-0.25492908;1176139935
-232.897632;343.25;7587;-17282;0.96363184;0.033650636;-0.237593884;1176190048
-232.874030;343.25;7587;-17282;0.96363184;0.034670352;-0.2314756;1176213650
-232.847947;343.25;7587;-17282;0.959553;0.029571772;-0.23963332;1176239733
-232.819821;343.25;7587;-17282;0.959553;0.021414042;-0.2508502;1176267859
-232.796919;343.25;7587;-17282;0.9585333;0.017335176;-0.25390936;1176290761
-232.768048;343.25;7587;-17282;0.96261216;0.02447319;-0.242692468;1176319632
-232.745875;343.25;7587;-17282;0.9646516;0.03569007;-0.23657418;1176341805
-232.697333;343.3125;7587;-17275;0.96261216;0.029571772;-0.24065304;1176390347
-232.667686;343.3125;7587;-17275;0.9605727;0.022433758;-0.24371218;1176419994
-232.637498;343.3125;7587;-17275;0.9605727;0.018354892;-0.2508502;1176450182
-232.587971;343.3125;7587;-17275;0.9605727;0.023453474;-0.24167276;1176499709
-232.563880;343.3125;7587;-17269;0.96363184;0.0387492184;-0.23351502;1176523800
-232.537713;343.3125;7587;-17269;0.96363184;0.033650636;-0.24065304;1176549967
-232.507252;343.3125;7587;-17269;0.961592464;0.017335176;-0.248810768;1176580428
-232.485625;343.3125;7587;-17269;0.959553;0.018354892;-0.247791052;1176602055
-232.407449;343.3125;7587;-17269;0.96363184;0.036709784;-0.23657418;1176680231
-232.385422;343.3125;7587;-17269;0.96363184;0.03263092;-0.24371218;1176702258
-232.357659;343.3125;7587;-17275;0.96261216;0.022433758;-0.248810768;1176730021
-232.335011;343.3125;7587;-17275;0.9575136;0.020394326;-0.247791052;1176752669
-232.308045;343.3125;7587;-17275;0.96363184;0.021414042;-0.24167276;1176779635
-232.285968;343.3125;7587;-17275;0.96363184;0.029571772;-0.237593884;1176801712
-232.257756;343.3125;7587;-17275;0.961592464;0.03263092;-0.24167276;1176829924
-232.234361;343.3125;7587;-17275;0.961592464;0.029571772;-0.2447319;1176853319
-232.207878;343.3125;7587;-17275;0.961592464;0.022433758;-0.248810768;1176879802
-232.185996;343.3125;7587;-17275;0.9605727;0.0193746092;-0.248810768;1176901684
-232.108036;343.3125;7587;-17275;0.96261216;0.031611204;-0.24167276;1176979644
-232.063702;343.3125;7587;-17269;0.9605727;0.02753234;-0.242692468;1177023978
-232.035511;343.3125;7587;-17269;0.959553;0.01631546;-0.24371218;1177052169
-232.007584;343.3125;7587;-17269;0.96363184;0.023453474;-0.242692468;1177080096
-231.985963;343.3125;7587;-17275;0.9646516;0.033650636;-0.24167276;1177101717
-231.937066;343.3125;7587;-17275;0.961592464;0.033650636;-0.24167276;1177150614
-231.907498;343.3125;7587;-17275;0.96261216;0.025492906;-0.24167276;1177180182
-231.885227;343.3125;7587;-17275;0.9605727;0.0193746092;-0.2447319;1177202453
-231.831895;343.3125;7587;-17275;0.961592464;0.030591488;-0.24167276;1177255785
-231.807432;343.3125;7587;-17275;0.96261216;0.028552056;-0.23963332;1177280248
-231.786034;343.3125;7587;-17275;0.96363184;0.033650636;-0.237593884;1177301646
-231.758462;343.3125;7587;;605;320;4247;1177329218
-231.697058;343.3125;7587;-17275;0.961592464;0.020394326;-0.247791052;1177390622
-231.674550;343.3125;7587;-17275;0.96261216;0.029571772;-0.24371218;1177413130
-231.636892;343.3125;7587;-17275;0.96261216;0.033650636;-0.24065304;1177450788
-231.614719;343.3125;7587;-17275;0.9646516;0.026512622;-0.24167276;1177472961
-231.587741;343.3125;7587;-17269;0.96261216;0.02447319;-0.24065304;1177499939
-231.565056;343.3125;7587;-17269;0.96261216;0.021414042;-0.24677134;1177522624
-231.537725;343.3125;7587;-17269;0.9605727;0.02447319;-0.24167276;1177549955
-231.507155;343.375;7587;-17269;0.96261216;0.033650636;-0.24065304;1177580525
-231.486143;343.375;7587;-17269;0.9646516;0.03263092;-0.237593884;1177601537
-231.458115;343.375;7587;-17269;0.96363184;0.029571772;-0.2386136;1177629565
-231.430966;343.375;7587;-17269;0.9605727;0.022433758;-0.242692468;1177656714
-231.407334;343.375;7587;-17269;0.96261216;0.021414042;-0.242692468;1177680346
-231.385307;343.375;7587;-17269;0.961592464;0.02753234;-0.24575162;1177702373
-231.361308;343.375;7587;-17269;0.961592464;0.026512622;-0.24677134;1177726372
-231.337430;343.3125;7587;-17269;0.9605727;0.028552056;-0.24065304;1177750250
-231.307511;343.3125;7587;-17269;0.9656713;0.028552056;-0.242692468;1177780169
-231.286062;343.3125;7587;-17269;0.959553;0.022433758;-0.2447319;1177801618
-231.245934;343.3125;7587;-17269;0.961592464;0.02447319;-0.247791052;1177841746
-231.221242;343.3125;7587;-17269;0.96261216;0.02753234;-0.24575162;1177866438
-231.197493;343.3125;7587;-17269;0.96363184;0.029571772;-0.24167276;1177890187
-231.175715;343.3125;7587;-17269;0.961592464;0.025492906;-0.2386136;1177911965
-231.148034;343.3125;7587;-17269;0.961592464;0.02447319;-0.24167276;1177939646
-231.117629;343.375;7587;-17269;0.96363184;0.029571772;-0.24575162;1177970051
-231.095635;343.375;7587;-17269;0.959553;0.022433758;-0.24983048;1177992045
-231.067830;343.375;7587;-17269;0.961592464;0.022433758;-0.23963332;1178019850
-231.045901;343.375;7587;-17269;0.96363184;0.026512622;-0.23453474;1178041779
-231.017384;343.375;7587;-17269;0.961592464;0.031611204;-0.237593884;1178070296
-230.994694;343.375;7587;-17269;0.96261216;0.028552056;-0.242692468;1178092986
-230.967713;343.375;7587;-17269;0.96261216;0.026512622;-0.24677134;1178119967
-230.946085;343.375;7587;-17269;0.9646516;0.020394326;-0.24065304;1178141595
-230.923920;343.375;7587;-17269;0.961592464;0.020394326;-0.24065304;1178163760
-230.887176;343.375;7587;-17269;0.961592464;0.031611204;-0.247791052;1178200504
-230.857175;343.375;7587;-17269;0.96363184;0.029571772;-0.24167276;1178230505
-230.817270;343.375;7587;-17269;0.961592464;0.028552056;-0.24371218;1178270410
-230.787052;343.375;7587;-17269;0.961592464;0.030591488;-0.247791052;1178300628
-230.764792;343.375;7587;-17269;0.9605727;0.023453474;-0.24677134;1178322888
-230.737541;343.375;7587;-17269;0.961592464;0.0193746092;-0.24167276;1178350139
-230.707253;343.375;7587;-17269;0.96261216;0.022433758;-0.2386136;1178380427
-230.680900;343.375;7587;-17269;0.96363184;0.031611204;-0.24371218;1178406780
-230.597163;343.375;7587;-17269;0.9605727;0.02447319;-0.24167276;1178490517
-230.575654;343.375;7587;-17269;0.96261216;0.020394326;-0.237593884;1178512026
-230.547755;343.375;7587;-17269;0.96261216;0.023453474;-0.242692468;1178539925
-230.517754;343.375;7587;-17269;0.96363184;0.0377295;-0.2447319;1178569926
-230.467627;343.375;7587;-17269;0.961592464;0.031611204;-0.24575162;1178620053
-230.437554;343.375;7587;-17269;0.9646516;0.012236595;-0.23657418;1178650126
-230.407598;343.375;7587;-17269;0.9605727;0.0193746092;-0.24677134;1178680082
-230.374529;343.375;7587;-17269;0.96363184;0.0377295;-0.248810768;1178713151
-230.322919;343.3125;7587;-17275;0.96363184;0.030591488;-0.2447319;1178764761
-230.286920;343.375;7587;-17282;0.96363184;0.018354892;-0.24167276;1178800760
-230.264477;343.375;7587;-17282;0.961592464;0.023453474;-0.247791052;1178823203
-230.238711;343.375;7587;-17275;0.9585333;0.02447319;-0.24065304;1178848969
-230.217065;343.375;7587;-17275;0.9605727;0.030591488;-0.247791052;1178870615
-230.194231;343.375;7587;-17275;0.96363184;0.030591488;-0.24167276;1178893449
-230.167552;343.375;7587;-17275;0.961592464;0.028552056;-0.24371218;1178920128
-230.145378;343.375;7587;-17275;0.961592464;0.023453474;-0.24167276;1178942302
-230.117511;343.375;7587;-17275;0.96261216;0.017335176;-0.2386136;1178970169
-230.095695;343.375;7587;-17275;0.9605727;0.015295744;-0.24065304;1178991985
-230.067649;343.375;7587;-17269;0.96261216;0.029571772;-0.2386136;1179020031
-230.046069;343.375;7587;-17263;0.961592464;0.04078865;-0.24677134;1179041611
-230.017295;343.375;7587;-17263;0.96363184;0.0387492184;-0.2447319;1179070385
-229.994719;343.375;7587;-17263;0.96261216;0.030591488;-0.24983048;1179092961
-229.967582;343.375;7587;-17263;0.96261216;0.021414042;-0.24065304;1179120098
-229.946086;343.375;7587;-17263;0.9605727;0.018354892;-0.24575162;1179141594
-229.867528;343.375;7587;-17263;0.961592464;0.0377295;-0.24167276;1179220152
-229.846042;343.375;7587;-17263;0.9605727;0.036709784;-0.24983048;1179241638
-229.817266;343.375;7587;-17269;0.961592464;0.033650636;-0.24575162;1179270414
-229.794034;343.375;7587;-17269;0.96363184;0.013256311;-0.23963332;1179293646
-229.767519;343.375;7587;-17269;0.961592464;0.018354892;-0.2447319;1179320161
-229.745252;343.375;7587;-17269;0.96261216;0.02447319;-0.23963332;1179342428
-229.696011;343.375;7587;-17269;0.961592464;0.03263092;-0.23963332;1179391669
-229.674051;343.375;7587;-17269;0.96363184;0.028552056;-0.24371218;1179413629
-229.647307;343.4375;7587;-17269;0.961592464;0.022433758;-0.24371218;1179440373
-229.617347;343.4375;7587;-17269;0.9605727;0.015295744;-0.242692468;1179470333
-229.587194;343.4375;7587;-17263;0.9656713;0.020394326;-0.23453474;1179500486
-229.565042;343.4375;7587;-17263;0.9605727;0.031611204;-0.2386136;1179522638
-229.540957;343.4375;7587;-17257;0.96261216;0.0377295;-0.24677134;1179546723
-229.488391;343.4375;7587;-17257;0.96261216;0.03263092;-0.24371218;1179599289
-229.437540;343.4375;7587;-17257;0.96363184;0.021414042;-0.242692468;1179650140
-229.407471;343.4375;7587;-17257;0.96261216;0.02447319;-0.24371218;1179680209
-229.377097;343.4375;7587;-17257;0.961592464;0.03263092;-0.25288964;1179710583
-229.349312;343.4375;7587;-17257;0.96363184;0.036709784;-0.24983048;1179738368
-229.317215;343.4375;7587;-17257;0.9605727;0.02753234;-0.242692468;1179770465
-229.287618;343.4375;7587;-17263;0.961592464;0.013256311;-0.24065304;1179800062
-229.266177;343.4375;7587;-17263;0.9646516;0.01631546;-0.24371218;1179821503
-229.237175;343.4375;7587;-17263;0.96363184;0.02447319;-0.24167276;1179850505
-229.214684;343.4375;7587;-17263;0.9605727;0.030591488;-0.24575162;1179872996
-229.187264;343.4375;7587;-17263;0.961592464;0.034670352;-0.24983048;1179900416
-229.165232;343.4375;7587;-17263;0.9585333;0.030591488;-0.24167276;1179922448
-229.143669;343.4375;7587;-17263;0.9646516;0.0193746092;-0.2386136;1179944011
-229.117290;343.4375;7587;-17263;0.96363184;0.018354892;-0.24167276;1179970390
-229.095672;343.4375;7587;-17263;0.96363184;0.023453474;-0.24065304;1179992008
-229.074174;343.4375;7587;-17257;0.961592464;0.029571772;-0.242692468;1180013506
-229.035273;343.4375;7587;-17257;0.96261216;0.0377295;-0.24371218;1180052407
-229.013646;343.4375;7587;-17257;0.96261216;0.041808368;-0.24575162;1180074034
-228.987427;343.4375;7587;-17257;0.96261216;0.029571772;-0.24065304;1180100253
-228.966157;343.4375;7587;-17257;0.96261216;0.020394326;-0.2386136;1180121523
-228.945092;343.4375;7587;-17257;0.96261216;0.022433758;-0.24371218;1180142588
-228.895239;343.4375;7587;-17257;0.96363184;0.03569007;-0.247791052;1180192441
-228.868077;343.4375;7587;-17257;0.96363184;0.0377295;-0.24167276;1180219603
-228.846178;343.4375;7587;-17263;0.9605727;0.023453474;-0.24167276;1180241502
-228.824818;343.4375;7587;-17263;0.96261216;0.020394326;-0.2447319;1180262862
-228.797185;343.4375;7587;-17263;0.9605727;0.014276028;-0.248810768;1180290495
-228.775257;343.4375;7587;-17263;0.9605727;0.0193746092;-0.248810768;1180312423
-228.747993;343.4375;7587;-17263;0.961592464;0.02753234;-0.24575162;1180339687
-228.724838;343.4375;7587;-17263;0.96261216;0.030591488;-0.23657418;1180362842
-228.698559;343.4375;7587;-17263;0.9646516;0.031611204;-0.23963332;1180389121
-228.674997;343.4375;7587;-17263;0.96363184;0.02447319;-0.2447319;1180412683
-228.623970;343.5;7587;-17257;0.9605727;0.022433758;-0.24371218;1180463710
-228.593494;343.5;7587;-17257;0.961592464;0.031611204;-0.23963332;1180494186
-228.567684;343.5;7587;-17250;0.96261216;0.036709784;-0.24167276;1180519996
-228.545639;343.5;7587;-17250;0.9646516;0.03569007;-0.24065304;1180542041
-228.517394;343.5;7587;-17250;0.96363184;0.030591488;-0.242692468;1180570286
-228.467726;343.5;7587;-17250;0.961592464;0.02447319;-0.237593884;1180619954
-228.437612;343.5;7587;-17250;0.96363184;0.028552056;-0.2386136;1180650068
-228.407214;343.5;7587;-17250;0.9656713;0.03569007;-0.23963332;1180680466
-228.385517;343.5;7587;-17250;0.961592464;0.029571772;-0.24167276;1180702163
-228.364122;343.5;7587;-17257;0.959553;0.02753234;-0.2447319;1180723558
-228.336997;343.5;7587;-17257;0.96363184;0.0193746092;-0.24167276;1180750683
-228.307331;343.5;7587;-17257;0.961592464;0.0193746092;-0.23963332;1180780349
-228.284821;343.5;7587;-17257;0.96261216;0.022433758;-0.2386136;1180802859
-228.257873;343.5;7587;-17263;0.9605727;0.026512622;-0.24371218;1180829807
-228.235693;343.4375;7587;-17263;0.96261216;0.028552056;-0.24677134;1180851987
-228.207571;343.4375;7587;-17263;0.96261216;0.026512622;-0.24371218;1180880109
-228.151918;343.4375;7587;-17263;0.96261216;0.022433758;-0.242692468;1180935762
-228.104463;343.4375;7587;-17257;0.96363184;0.026512622;-0.24167276;1180983217
-228.082362;343.4375;7587;-17257;0.96261216;0.031611204;-0.24371218;1181005318
-228.057628;343.4375;7587;-17257;0.9605727;0.036709784;-0.24371218;1181030052
-228.035900;343.4375;7587;-17257;0.961592464;0.0387492184;-0.25186992;1181051780
-228.014026;343.4375;7587;-17257;0.96261216;0.03569007;-0.24677134;1181073654
-227.987299;343.4375;7587;-17263;0.96261216;0.028552056;-0.242692468;1181100381
-227.964975;343.5;7587;-17263;0.96261216;0.025492906;-0.23555446;1181122705
-227.937541;343.5;7587;-17263;0.96261216;0.02447319;-0.23555446;1181150139
-227.907423;343.5;7587;-17263;0.96363184;0.025492906;-0.2447319;1181180257
-227.882167;343.5;7587;-17263;0.9605727;0.034670352;-0.24371218;1181205513
-227.857514;343.5;7587;-17263;0.961592464;0.03263092;-0.24575162;1181230166
-227.836051;343.5;7587;-17263;0.96261216;0.022433758;-0.2386136;1181251629
-227.807359;343.5;7587;-17263;0.961592464;0.018354892;-0.23351502;1181280321
-227.782023;343.5;7587;-17263;0.96363184;0.01631546;-0.23657418;1181305657
-227.736289;343.5;7587;-17263;0.961592464;0.02753234;-0.24677134;1181351391
-227.707048;343.4375;7587;-17257;0.961592464;0.030591488;-0.24677134;1181380632
-227.683505;343.4375;7587;-17257;0.96261216;0.031611204;-0.242692468;1181404175
-227.657702;343.4375;7587;-17257;0.96363184;0.02753234;-0.23963332;1181429978
-227.617856;343.4375;7587;-17257;0.961592464;0.02447319;-0.237593884;1181469824
-227.587182;343.4375;7587;-17257;0.9605727;0.02753234;-0.247791052;1181500498
-227.564481;343.4375;7587;-17257;0.96261216;0.036709784;-0.25186992;1181523199
-227.537721;343.4375;7587;-17257;0.9605727;0.0387492184;-0.24983048;1181549959
-227.507397;343.4375;7587;-17257;0.96363184;0.04078865;-0.24677134;1181580283
-227.484860;343.5;7587;-17263;0.96363184;0.025492906;-0.24167276;1181602820
-227.457725;343.5;7587;-17269;0.96261216;0.021414042;-0.237593884;1181629955
-227.435200;343.5;7587;-17269;0.961592464;0.020394326;-0.24167276;1181652480
-227.414225;343.5;7587;-17269;0.961592464;0.023453474;-0.24371218;1181673455
-227.387350;343.5;7587;-17269;0.9605727;0.029571772;-0.24677134;1181700330
-227.365463;343.5;7587;-17269;0.961592464;0.030591488;-0.24065304;1181722217
-227.339135;343.5;7587;-17269;0.96363184;0.028552056;-0.23963332;1181748545
-227.307488;343.5;7587;-17269;0.96363184;0.020394326;-0.23963332;1181780192
-227.266887;343.5;7587;-17269;0.96261216;0.01631546;-0.24065304;1181820793
-227.244147;343.5;7587;-17269;0.9605727;0.025492906;-0.24677134;1181843533
-227.217407;343.5;7587;-17269;0.96261216;0.026512622;-0.24065304;1181870273
-227.186414;343.5;7587;-17263;0.9646516;0.03569007;-0.23963332;1181901266
-227.157871;343.5;7587;-17263;0.961592464;0.034670352;-0.2386136;1181929809
-227.127557;343.5;7587;-17263;0.96261216;0.030591488;-0.24677134;1181960123
-227.098513;343.5;7587;-17263;0.961592464;0.018354892;-0.24677134;1181989167
-227.076706;343.5;7587;-17263;0.959553;0.02753234;-0.24371218;1182010974
-227.054944;343.5;7587;-17263;0.96261216;0.031611204;-0.24167276;1182032736
-227.033005;343.5;7587;-17263;0.96261216;0.0377295;-0.24167276;1182054675
-226.975470;343.4375;7587;-17269;0.96261216;0.025492906;-0.25186992;1182112210
-226.932015;343.4375;7587;-17275;0.961592464;0.01631546;-0.24167276;1182155665
-226.907448;343.4375;7587;-17275;0.96363184;0.0193746092;-0.23555446;1182180232
-226.857408;343.4375;7587;-17275;0.9605727;0.03569007;-0.248810768;1182230272
-226.835910;343.4375;7587;-17275;0.9585333;0.02753234;-0.2508502;1182251770
-226.807046;343.4375;7587;-17275;0.9605727;0.010197163;-0.24677134;1182280634
-226.777421;343.4375;7587;-17275;0.9605727;0.015295744;-0.23351502;1182310259
-226.747458;343.4375;7587;-17269;0.96363184;0.02753234;-0.23555446;1182340222
-226.723969;343.4375;7587;-17263;0.9646516;0.042828084;-0.248810768;1182363711
-226.697624;343.4375;7587;;1063;424;4251;1182390056
-226.667392;343.4375;7587;-17263;0.9605727;0.0193746092;-0.24983048;1182420288
-226.645107;343.4375;7587;-17263;0.961592464;0.025492906;-0.237593884;1182442573
-226.607485;343.4375;7587;-17263;0.96261216;0.02753234;-0.23555446;1182480195
-226.584057;343.4375;7587;-17263;0.9605727;0.036709784;-0.24677134;1182503623
-226.557706;343.4375;7587;-17263;0.959553;0.046906948;-0.2579882;1182529974
-226.535090;343.4375;7587;-17269;0.961592464;0.028552056;-0.25390936;1182552590
-226.507126;343.4375;7587;-17275;0.96261216;0.021414042;-0.24575162;1182580554
-226.477318;343.4375;7587;-17275;0.9646516;0.012236595;-0.22841644;1182610362
-226.437562;343.4375;7587;-17282;0.9646516;0.030591488;-0.23963332;1182650118
-226.416209;343.4375;7587;-17282;0.961592464;0.03569007;-0.247791052;1182671471
-226.382275;343.4375;7587;-17282;0.959553;0.025492906;-0.2641065;1182705405
-226.357250;343.375;7587;-17288;0.9605727;0.022433758;-0.25186992;1182730430
-226.335777;343.4375;7593;-17282;0.966691;0.017335176;-0.22739672;1182751903
-226.307974;343.375;7593;-17288;0.96261216;0.017335176;-0.22331786;1182779706
-226.286101;343.375;7593;-17288;0.961592464;0.02753234;-0.23657418;1182801579
-226.263882;343.375;7587;-17288;0.96363184;0.033650636;-0.25288964;1182823798
-226.237168;343.375;7587;-17288;0.95649384;0.0377295;-0.25900792;1182850512
-226.207285;343.4375;7587;-17282;0.9605727;0.034670352;-0.25288964;1182880395
-226.185531;343.4375;7587;-17282;0.961592464;0.023453474;-0.2314756;1182902149
-226.164031;343.4375;7587;-17282;0.9646516;0.020394326;-0.2314756;1182923649
-226.137659;343.4375;7593;-17282;0.96363184;0.022433758;-0.2314756;1182950021
-226.116095;343.4375;7587;-17282;0.96261216;0.034670352;-0.24167276;1182971585
-226.067727;343.4375;7587;-17275;0.96363184;0.034670352;-0.25492908;1183019953
-226.046022;343.4375;7587;-17275;0.96261216;0.030591488;-0.25288964;1183041658
-226.023840;343.4375;7587;-17275;0.96261216;0.021414042;-0.23657418;1183063840
-225.977057;343.4375;7587;-17282;0.961592464;0.020394326;-0.232495316;1183110623
-225.947415;343.4375;7587;-17282;0.9605727;0.022433758;-0.24167276;1183140265
-225.924033;343.4375;7587;-17282;0.9605727;0.02753234;-0.24371218;1183163647
-225.886126;343.4375;7587;-17282;0.9605727;0.036709784;-0.25390936;1183201554
-225.865204;343.4375;7587;-17282;0.961592464;0.031611204;-0.24575162;1183222476
-225.837293;343.4375;7587;-17282;0.96261216;0.018354892;-0.23657418;1183250387
-225.815242;343.4375;7587;-17282;0.96261216;0.01631546;-0.232495316;1183272438
-225.787269;343.4375;7587;-17282;0.961592464;0.023453474;-0.23657418;1183300411
-225.765388;343.4375;7587;-17282;0.9605727;0.03263092;-0.24677134;1183322292
-225.743691;343.4375;7587;-17282;0.96363184;0.03569007;-0.248810768;1183343989
-225.717448;343.4375;7587;-17282;0.96261216;0.0377295;-0.24983048;1183370232
-225.687354;343.4375;7587;-17275;0.96261216;0.0387492184;-0.247791052;1183400326
-225.657749;343.4375;7587;-17282;0.959553;0.02753234;-0.24167276;1183429931
-225.635879;343.4375;7587;-17282;0.96261216;0.01631546;-0.23555446;1183451801
-225.607273;343.4375;7587;-17288;0.9605727;0.017335176;-0.24065304;1183480407
-225.585117;343.4375;7587;-17288;0.9605727;0.036709784;-0.25186992;1183502563
-225.563806;343.4375;7587;-17288;0.961592464;0.0438478;-0.25288964;1183523874
-225.516494;343.375;7587;-17294;0.96363184;0.026512622;-0.23963332;1183571186
-225.490430;343.375;7587;-17300;0.96261216;0.013256311;-0.23963332;1183597250
-225.467374;343.375;7587;-17307;0.9585333;0.010197163;-0.24167276;1183620306
-225.446043;343.375;7587;-17300;0.95649384;0.023453474;-0.248810768;1183641637
-225.417199;343.375;7581;-17300;0.959553;0.034670352;-0.248810768;1183670481
-225.387145;343.375;7581;-17300;0.96363184;0.031611204;-0.24167276;1183700535
-225.363947;343.375;7581;-17300;0.96363184;0.023453474;-0.23453474;1183723733
-225.337636;343.375;7581;-17300;0.961592464;0.020394326;-0.2386136;1183750044
-225.307793;343.375;7581;-17300;0.961592464;0.021414042;-0.24575162;1183779887
-225.277268;343.375;7581;-17294;0.96363184;0.030591488;-0.24167276;1183810412
-225.255480;343.375;7581;-17294;0.961592464;0.0377295;-0.24983048;1183832200
-225.234089;343.375;7581;-17294;0.9605727;0.0387492184;-0.24677134;1183853591
-225.207941;343.375;7581;-17294;0.96363184;0.036709784;-0.2386136;1183879739
-225.177605;343.375;7581;-17294;0.9646516;0.023453474;-0.23657418;1183910075
-225.131887;343.375;7581;-17294;0.961592464;0.022433758;-0.24575162;1183955793
-225.107277;343.375;7581;-17294;0.9605727;0.02447319;-0.242692468;1183980403
-225.051904;343.375;7581;-17300;0.96363184;0.030591488;-0.2386136;1184035776
-225.030059;343.375;7581;-17300;0.961592464;0.02447319;-0.2386136;1184057621
-225.005626;343.375;7581;-17300;0.961592464;0.015295744;-0.24575162;1184082054
-224.983518;343.375;7581;-17300;0.959553;0.010197163;-0.247791052;1184104162
-224.947688;343.375;7581;-17300;0.961592464;0.028552056;-0.247791052;1184139992
-224.917678;343.375;7581;-17300;0.96261216;0.028552056;-0.23453474;1184170002
-224.887416;343.375;7581;-17300;0.961592464;0.026512622;-0.23657418;1184200264
-224.865589;343.375;7581;-17300;0.96363184;0.026512622;-0.25186992;1184222091
-224.837074;343.375;7581;-17300;0.9585333;0.029571772;-0.26104736;1184250606
-224.807681;343.375;7581;-17300;0.959553;0.02753234;-0.25288964;1184279999
-224.777485;343.375;7581;-17300;0.96363184;0.025492906;-0.2314756;1184310195
-224.731724;343.375;7581;-17300;0.96261216;0.03263092;-0.242692468;1184355956
-224.707527;343.375;7581;-17300;0.9605727;0.033650636;-0.25288964;1184380153
-224.685210;343.375;7581;-17300;0.959553;0.03263092;-0.2569685;1184402470
-224.657933;343.375;7581;-17300;0.96261216;0.03263092;-0.25288964;1184429747
-224.617675;343.375;7587;-17313;0.9605727;0.026512622;-0.23657418;1184470005
-224.595826;343.375;7587;-17313;0.96363184;0.015295744;-0.232495316;1184491854
-224.567447;343.375;7587;-17313;0.96261216;0.013256311;-0.2314756;1184520233
-224.545830;343.375;7587;-17313;0.96261216;0.02447319;-0.24983048;1184541850
-224.496558;343.375;7587;-17313;0.961592464;0.0377295;-0.24677134;1184591122
-224.473382;343.375;7587;-17319;0.96363184;0.025492906;-0.237593884;1184614298
-224.447603;343.375;7593;-17319;0.9605727;0.011216879;-0.22739672;1184640077
-224.417634;343.375;7587;-17319;0.96261216;0.00815773;-0.23351502;1184670046
-224.390443;343.375;7587;-17313;0.961592464;0.023453474;-0.2508502;1184697237
-224.368682;343.375;7587;-17307;0.9585333;0.036709784;-0.25390936;1184718998
-224.346954;343.375;7587;-17300;0.961592464;0.04588723;-0.24575162;1184740726
-224.317620;343.4375;7587;-17300;0.96363184;0.04078865;-0.23555446;1184770060
-224.267756;343.4375;7587;-17300;0.96363184;0.018354892;-0.23453474;1184819924
-224.245867;343.4375;7587;-17300;0.9585333;0.018354892;-0.25186992;1184841813
-224.217586;343.375;7587;-17300;0.959553;0.02753234;-0.25492908;1184870094
-224.173855;343.375;7587;-17300;0.966691;0.046906948;-0.237593884;1184913825
-224.147162;343.4375;7587;-17307;0.96363184;0.030591488;-0.22943616;1184940518
-224.098024;343.375;7587;-17319;0.96363184;0.0030591488;-0.24575162;1184989656
-224.075854;343.375;7587;-17319;0.9585333;0.023453474;-0.26002764;1185011826
-224.046801;343.375;7587;-17319;0.961592464;0.033650636;-0.242692468;1185040879
-224.017496;343.3125;7587;-17319;0.9646516;0.033650636;-0.22433758;1185070184
-223.969786;343.3125;7587;-17319;0.96363184;0.028552056;-0.24167276;1185117894
-223.947436;343.3125;7587;-17325;0.9605727;0.013256311;-0.2569685;1185140244
-223.917712;343.3125;7581;-17325;0.9605727;0.01631546;-0.26002764;1185169968
-223.892716;343.3125;7587;-17319;0.96363184;0.026512622;-0.23555446;1185194964
-223.867883;343.3125;7587;-17313;0.9656713;0.0377295;-0.2314756;1185219797
-223.845482;343.375;7587;-17307;0.96363184;0.041808368;-0.23453474;1185242198
-223.817761;343.375;7581;-17307;0.96261216;0.03569007;-0.24167276;1185269919
-223.773002;343.375;7581;-17313;0.95649384;0.014276028;-0.2569685;1185314678
-223.725618;343.375;7581;-17313;0.96363184;0.039768936;-0.22841644;1185362062
-223.703988;343.375;7581;-17313;0.96363184;0.041808368;-0.22739672;1185383692
-223.682102;343.375;7587;-17307;0.961592464;0.039768936;-0.23555446;1185405578
-223.657710;343.375;7587;-17313;0.959553;0.022433758;-0.248810768;1185429970
-223.576024;343.375;7587;-17325;0.9646516;0.030591488;-0.22433758;1185511656
-223.547861;343.375;7587;-17319;0.9646516;0.0377295;-0.22433758;1185539819
-223.523611;343.375;7587;-17319;0.9605727;0.031611204;-0.23657418;1185564069
-223.497764;343.375;7581;-17325;0.9605727;0.025492906;-0.26104736;1185589916
-223.472482;343.375;7581;-17325;0.9585333;0.015295744;-0.2579882;1185615198
-223.447696;343.375;7581;-17319;0.96363184;0.020394326;-0.2508502;1185639984
-223.417757;343.375;7581;-17319;0.966691;0.029571772;-0.2314756;1185669923
-223.387742;343.375;7581;-17313;0.966691;0.0387492184;-0.22739672;1185699938
-223.365947;343.375;7581;-17313;0.96363184;0.031611204;-0.25288964;1185721733
-223.337652;343.375;7581;-17313;0.9585333;0.023453474;-0.26002764;1185750028
-223.314866;343.375;7581;-17313;0.9585333;0.021414042;-0.25594878;1185772814
-223.267404;343.375;7581;-17319;0.9656713;0.031611204;-0.22943616;1185820276
-223.246007;343.375;7581;-17313;0.9646516;0.039768936;-0.22841644;1185841673
-223.208042;343.375;7581;-17313;0.961592464;0.029571772;-0.24677134;1185879638
-223.185161;343.375;7581;-17319;0.9605727;0.0193746092;-0.2569685;1185902519
-223.158220;343.375;7581;-17319;0.95649384;0.020394326;-0.25288964;1185929460
-223.137039;343.375;7581;-17319;0.9605727;0.026512622;-0.237593884;1185950641
-223.114541;343.375;7581;-17319;0.96363184;0.030591488;-0.2314756;1185973139
-223.087831;343.375;7581;-17319;0.96363184;0.028552056;-0.23045588;1185999849
-223.036104;343.375;7581;-17319;0.9585333;0.021414042;-0.25390936;1186051576
-223.007444;343.375;7581;-17325;0.959553;0.022433758;-0.25594878;1186080236
-222.985947;343.375;7581;-17325;0.96363184;0.029571772;-0.23657418;1186101733
-222.957994;343.375;7581;-17319;0.96363184;0.028552056;-0.23045588;1186129686
-222.935737;343.375;7581;-17319;0.961592464;0.033650636;-0.23657418;1186151943
-222.907704;343.375;7581;-17319;0.961592464;0.029571772;-0.24677134;1186179976
-222.885223;343.375;7581;-17325;0.9605727;0.02753234;-0.25186992;1186202457
-222.837420;343.375;7581;-17325;0.961592464;0.028552056;-0.248810768;1186250260
-222.807498;343.375;7581;-17319;0.96363184;0.029571772;-0.2314756;1186280182
-222.785834;343.375;7581;-17319;0.9646516;0.031611204;-0.23351502;1186301846
-222.757924;343.375;7581;-17319;0.96261216;0.029571772;-0.24167276;1186329756
-222.727642;343.375;7581;-17319;0.96261216;0.026512622;-0.24983048;1186360038
-222.704634;343.375;7581;-17319;0.9605727;0.026512622;-0.25390936;1186383046
-222.682561;343.375;7581;-17319;0.96261216;0.02753234;-0.24167276;1186405119
-222.657858;343.375;7581;-17319;0.96363184;0.022433758;-0.23555446;1186429822
-222.597730;343.375;7581;-17319;0.961592464;0.02447319;-0.24575162;1186489950
-222.574202;343.375;7581;-17319;0.9605727;0.028552056;-0.2569685;1186513478
-222.547847;343.375;7581;-17319;0.959553;0.028552056;-0.2579882;1186539833
-222.517687;343.375;7581;-17319;0.961592464;0.028552056;-0.24167276;1186569993
-222.487546;343.375;7581;-17319;0.9646516;0.025492906;-0.23045588;1186600134
-222.458045;343.375;7581;-17319;0.961592464;0.025492906;-0.2386136;1186629635
-222.435118;343.375;7581;-17319;0.959553;0.031611204;-0.25288964;1186652562
-222.374524;343.375;7581;-17319;0.96261216;0.02753234;-0.2386136;1186713156
-222.347911;343.375;7581;-17319;0.9646516;0.02753234;-0.23045588;1186739769
-222.324868;343.375;7581;-17319;0.96363184;0.02447319;-0.23453474;1186762812
-222.298151;343.375;7581;-17319;0.961592464;0.028552056;-0.247791052;1186789529
-222.275839;343.375;7581;-17319;0.959553;0.028552056;-0.25594878;1186811841
-222.217555;343.375;7581;-17319;0.96261216;0.023453474;-0.23453474;1186870125
-222.194089;343.375;7581;-17319;0.961592464;0.02447319;-0.23045588;1186893591
-222.167711;343.375;7581;-17319;0.9605727;0.026512622;-0.23555446;1186919969
-222.145838;343.375;7581;-17319;0.961592464;0.028552056;-0.25186992;1186941842
-222.118482;343.375;7581;-17319;0.9605727;0.025492906;-0.25186992;1186969198
-222.095554;343.375;7581;-17319;0.961592464;0.022433758;-0.24371218;1186992126
-222.068012;343.375;7581;-17319;0.96363184;0.023453474;-0.23453474;1187019668
-222.046082;343.375;7581;-17319;0.96363184;0.029571772;-0.23555446;1187041598
-222.018074;343.375;7581;-17319;0.96363184;0.028552056;-0.237593884;1187069606
-221.977090;343.375;7581;-17319;0.9605727;0.031611204;-0.25390936;1187110590
-221.947821;343.375;7581;-17319;0.9605727;0.025492906;-0.2508502;1187139859
-221.925908;343.375;7581;;543;303;4248;1187161772
-221.897487;343.375;7581;-17319;0.9656713;0.031611204;-0.2314756;1187190193
-221.867713;343.375;7581;-17319;0.96261216;0.030591488;-0.23555446;1187219967
-221.845041;343.375;7581;-17319;0.959553;0.029571772;-0.25186992;1187242639
-221.817723;343.375;7581;-17319;0.959553;0.030591488;-0.2508502;1187269957
-221.796017;343.375;7581;-17319;0.961592464;0.028552056;-0.24575162;1187291663
-221.770054;343.375;7581;-17319;0.961592464;0.025492906;-0.23453474;1187317626
-221.747301;343.375;7581;-17319;0.961592464;0.017335176;-0.226377008;1187340379
-221.701368;343.375;7581;-17319;0.961592464;0.033650636;-0.2508502;1187386312
-221.677645;343.375;7581;-17319;0.959553;0.0387492184;-0.26002764;1187410035
-221.648002;343.375;7581;-17319;0.9605727;0.02447319;-0.2508502;1187439678
-221.617658;343.375;7581;-17319;0.9646516;0.015295744;-0.23555446;1187470022
-221.594489;343.375;7581;-17319;0.96261216;0.022433758;-0.23045588;1187493191
-221.547468;343.375;7581;-17313;0.9605727;0.031611204;-0.24983048;1187540212
-221.525162;343.375;7581;-17313;0.959553;0.031611204;-0.26002764;1187562518
-221.498066;343.375;7581;-17313;0.9585333;0.031611204;-0.2569685;1187589614
-221.474571;343.375;7581;-17313;0.9605727;0.02447319;-0.242692468;1187613109
-221.447934;343.375;7581;-17313;0.96363184;0.02447319;-0.23453474;1187639746
-221.426188;343.375;7581;;595;317;4253;1187661492
-221.403884;343.375;7581;-17313;0.959553;0.025492906;-0.24677134;1187683796
-221.377659;343.375;7581;-17313;0.961592464;0.028552056;-0.25390936;1187710021
-221.347945;343.375;7581;-17313;0.961592464;0.036709784;-0.25900792;1187739735
-221.317341;343.375;7581;-17313;0.961592464;0.028552056;-0.248810768;1187770339
-221.267926;343.375;7581;-17313;0.96363184;0.020394326;-0.23045588;1187819754
-221.246055;343.375;7581;-17313;0.96363184;0.021414042;-0.23453474;1187841625
-221.217493;343.375;7581;-17313;0.961592464;0.02447319;-0.24167276;1187870187
-221.194955;343.375;7581;-17313;0.961592464;0.03569007;-0.25390936;1187892725
-221.168009;343.375;7581;-17313;0.9585333;0.0387492184;-0.25594878;1187919671
-221.146156;343.375;7581;-17313;0.961592464;0.026512622;-0.24371218;1187941524
-221.106311;343.375;7581;-17313;0.961592464;0.020394326;-0.23555446;1187981369
-221.084821;343.375;7581;-17313;0.96261216;0.020394326;-0.2386136;1188002859
-221.033269;343.375;7581;-17313;0.96261216;0.03569007;-0.24677134;1188054411
-221.007911;343.375;7581;-17313;0.96261216;0.036709784;-0.24065304;1188079769
-220.984803;343.375;7581;-17313;0.96363184;0.02753234;-0.24065304;1188102877
-220.957875;343.375;7581;;660;334;4249;1188129805
-220.904785;343.4375;7581;-17313;0.96261216;0.02447319;-0.24677134;1188182895
-220.882863;343.4375;7581;-17313;0.9605727;0.02753234;-0.247791052;1188204817
-220.857656;343.375;7581;-17313;0.96261216;0.033650636;-0.2447319;1188230024
-220.797255;343.375;7581;-17313;0.9605727;0.026512622;-0.24677134;1188290425
-220.774982;343.375;7581;-17313;0.961592464;0.023453474;-0.24167276;1188312698
-220.697328;343.375;7581;-17313;0.9605727;0.029571772;-0.24371218;1188390352
-220.647871;343.375;7581;-17313;0.9605727;0.026512622;-0.248810768;1188439809
-220.617550;343.375;7581;-17313;0.96261216;0.023453474;-0.2447319;1188470130
-220.584452;343.375;7581;-17313;0.961592464;0.02447319;-0.24167276;1188503228
-220.557718;343.375;7581;-17313;0.96261216;0.033650636;-0.2447319;1188529962
-220.535046;343.375;7581;-17313;0.96261216;0.031611204;-0.2447319;1188552634
-220.507826;343.375;7581;-17313;0.9605727;0.028552056;-0.242692468;1188579854
-220.464023;343.375;7581;-17313;0.96261216;0.029571772;-0.24371218;1188623657
-220.437705;343.375;7581;-17313;0.9605727;0.031611204;-0.248810768;1188649975
-220.408019;343.375;7581;-17313;0.961592464;0.03263092;-0.24983048;1188679661
-220.377501;343.375;7581;-17313;0.96261216;0.025492906;-0.24167276;1188710179
-220.333155;343.375;7581;-17313;0.9605727;0.025492906;-0.24167276;1188754525
-220.297775;343.375;7581;-17313;0.9605727;0.028552056;-0.24575162;1188789905
-220.275964;343.375;7581;-17313;0.961592464;0.030591488;-0.24983048;1188811716
-220.234722;343.375;7581;-17313;0.961592464;0.028552056;-0.24167276;1188852958
-220.207139;343.375;7581;-17313;0.9605727;0.022433758;-0.24065304;1188880541
-220.184970;343.375;7581;-17313;0.961592464;0.023453474;-0.237593884;1188902710
-220.135939;343.375;7581;-17313;0.96363184;0.031611204;-0.24983048;1188951741
-220.108088;343.375;7581;-17313;0.959553;0.028552056;-0.248810768;1188979592
-220.085354;343.375;7581;-17313;0.96363184;0.026512622;-0.242692468;1189002326
-220.031504;343.375;7581;-17313;0.96261216;0.02753234;-0.23555446;1189056176
-220.007763;343.375;7581;-17313;0.96363184;0.030591488;-0.2386136;1189079917
-219.986099;343.375;7581;-17313;0.9605727;0.029571772;-0.24677134;1189101581
-219.961212;343.375;7581;-17313;0.959553;0.030591488;-0.2508502;1189126468
-219.931178;343.375;7581;-17313;0.961592464;0.02447319;-0.2447319;1189156502
-219.907452;343.375;7581;-17313;0.961592464;0.02753234;-0.23963332;1189180228
-219.885835;343.375;7581;-17313;0.96363184;0.029571772;-0.237593884;1189201845
-219.859379;343.375;7581;-17313;0.96261216;0.031611204;-0.237593884;1189228301
-219.807677;343.375;7575;-17313;0.9605727;0.023453474;-0.25390936;1189280003
-219.734794;343.375;7581;-17313;0.96363184;0.025492906;-0.2386136;1189352886
-219.708090;343.375;7581;-17313;0.96261216;0.031611204;-0.2386136;1189379590
-219.658002;343.375;7581;-17313;0.9605727;0.02753234;-0.247791052;1189429678
-219.635896;343.375;7581;-17313;0.9605727;0.026512622;-0.248810768;1189451784
-219.607822;343.375;7581;-17313;0.96363184;0.030591488;-0.242692468;1189479858
-219.585723;343.375;7581;-17313;0.961592464;0.029571772;-0.237593884;1189501957
-219.564084;343.375;7581;-17313;0.96363184;0.030591488;-0.23657418;1189523596
-219.537148;343.375;7581;-17313;0.961592464;0.030591488;-0.237593884;1189550532
-219.508142;343.375;7581;-17313;0.96363184;0.031611204;-0.24983048;1189579538
-219.486126;343.375;7581;-17313;0.9605727;0.02753234;-0.25288964;1189601554
-219.463402;343.375;7581;-17313;0.9605727;0.02447319;-0.2447319;1189624278
-219.437417;343.375;7581;-17313;0.96261216;0.018354892;-0.23963332;1189650263
-219.407334;343.375;7581;-17313;0.96363184;0.030591488;-0.23045588;1189680346
-219.367580;343.375;7575;-17313;0.9605727;0.028552056;-0.2447319;1189720100
-219.344681;343.375;7575;-17313;0.959553;0.017335176;-0.2569685;1189742999
-219.318076;343.375;7575;-17313;0.9585333;0.015295744;-0.2508502;1189769604
-219.287266;343.375;7581;-17313;0.96363184;0.029571772;-0.24065304;1189800414
-219.264704;343.375;7581;-17313;0.9656713;0.03263092;-0.23351502;1189822976
-219.237634;343.375;7581;-17313;0.9605727;0.031611204;-0.23657418;1189850046
-219.208121;343.375;7581;-17313;0.959553;0.021414042;-0.247791052;1189879559
-219.157481;343.375;7581;-17313;0.961592464;0.025492906;-0.24983048;1189930199
-219.135411;343.375;7581;-17313;0.96363184;0.026512622;-0.237593884;1189952269
-219.109748;343.375;7581;-17313;0.96261216;0.033650636;-0.23555446;1189977932
-219.057785;343.375;7581;-17313;0.9585333;0.02753234;-0.24065304;1190029895
-219.036114;343.375;7581;-17313;0.9575136;0.02753234;-0.24983048;1190051566
-219.014849;343.375;7581;-17313;0.961592464;0.023453474;-0.24677134;1190072831
-218.987374;343.375;7581;-17313;0.96261216;0.025492906;-0.2447319;1190100306
-218.924942;343.375;7581;-17313;0.959553;0.03263092;-0.242692468;1190162738
-218.887114;343.375;7581;-17313;0.96261216;0.026512622;-0.24983048;1190200566
-218.864448;343.375;7581;-17313;0.9585333;0.020394326;-0.248810768;1190223232
-218.837835;343.375;7581;-17313;0.9605727;0.020394326;-0.24575162;1190249845
-218.814421;343.375;7581;-17313;0.96363184;0.029571772;-0.23963332;1190273259
-218.787386;343.375;7581;-17313;0.96363184;0.026512622;-0.23555446;1190300294
-218.764851;343.375;7581;-17313;0.96261216;0.028552056;-0.23963332;1190322829
-218.704282;343.375;7581;-17313;0.961592464;0.022433758;-0.24983048;1190383398
-218.682574;343.375;7581;-17313;0.96261216;0.02447319;-0.24167276;1190405106
-218.606181;343.375;7581;-17313;0.96363184;0.031611204;-0.248810768;1190481499
-218.577455;343.375;7581;-17313;0.96363184;0.03263092;-0.248810768;1190510225
-218.554278;343.375;7581;-17313;0.9605727;0.029571772;-0.247791052;1190533402
-218.531652;343.375;7581;-17313;0.96261216;0.026512622;-0.247791052;1190556028
-218.457306;343.375;7581;-17313;0.9605727;0.029571772;-0.24065304;1190630374
-218.427053;343.375;7581;-17313;0.959553;0.031611204;-0.248810768;1190660627
-218.397629;343.375;7581;-17313;0.9605727;0.023453474;-0.24983048;1190690051
-218.376160;343.375;7581;-17313;0.9605727;0.022433758;-0.24167276;1190711520
-218.317387;343.375;7581;-17313;0.961592464;0.029571772;-0.23963332;1190770293
-218.267678;343.375;7581;-17313;0.96261216;0.030591488;-0.248810768;1190820002
-218.245898;343.375;7581;-17313;0.9585333;0.023453474;-0.242692468;1190841782
-218.223902;343.375;7581;-17313;0.96363184;0.023453474;-0.24167276;1190863778
-218.197353;343.375;7581;-17313;0.9605727;0.023453474;-0.2386136;1190890327
-218.167865;343.375;7581;-17313;0.961592464;0.025492906;-0.232495316;1190919815
-218.137662;343.375;7581;-17313;0.961592464;0.03263092;-0.2447319;1190950018
-218.114833;343.375;7581;-17313;0.9575136;0.03569007;-0.2569685;1190972847
-218.087395;343.375;7581;-17313;0.9605727;0.03263092;-0.25390936;1191000285
-218.046499;343.375;7581;-17313;0.9605727;0.021414042;-0.2386136;1191041181
-218.016916;343.375;7581;-17313;0.96363184;0.025492906;-0.2386136;1191070764
-217.994694;343.375;7581;-17313;0.96261216;0.030591488;-0.24677134;1191092986
-217.967205;343.375;7581;-17313;0.959553;0.03263092;-0.24983048;1191120475
-217.930984;343.375;7581;-17313;0.9605727;0.029571772;-0.247791052;1191156696
-217.907154;343.375;7581;-17313;0.961592464;0.02447319;-0.2447319;1191180526
-217.884370;343.375;7581;-17313;0.961592464;0.021414042;-0.23657418;1191203310
-217.857668;343.375;7581;-17313;0.9646516;0.025492906;-0.2386136;1191230012
-217.797329;343.375;7581;-17313;0.961592464;0.02753234;-0.24983048;1191290351
-217.773891;343.375;7581;-17313;0.961592464;0.026512622;-0.24167276;1191313789
-217.747514;343.375;7581;-17313;0.9646516;0.026512622;-0.242692468;1191340166
-217.725732;343.375;7581;;652;332;4252;1191361948
-217.667824;343.375;7581;-17313;0.9605727;0.026512622;-0.247791052;1191419856
-217.645961;343.375;7581;-17313;0.9605727;0.031611204;-0.248810768;1191441719
-217.617410;343.375;7581;-17313;0.961592464;0.034670352;-0.24677134;1191470270
-217.577144;343.375;7581;-17313;0.96363184;0.026512622;-0.23555446;1191510536
-217.547636;343.375;7581;-17313;0.9605727;0.023453474;-0.2447319;1191540044
-217.504164;343.375;7581;-17313;0.9605727;0.031611204;-0.25288964;1191583516
-217.467406;343.375;7581;-17313;0.959553;0.03263092;-0.247791052;1191620274
-217.437688;343.375;7581;-17313;0.96363184;0.02753234;-0.24167276;1191649992
-217.416093;343.375;7581;-17313;0.96261216;0.021414042;-0.23351502;1191671587
-217.388169;343.375;7581;-17313;0.96261216;0.02753234;-0.237593884;1191699511
-217.366674;343.375;7581;-17313;0.9605727;0.031611204;-0.24677134;1191721006
-217.344932;343.375;7581;-17313;0.9605727;0.029571772;-0.25390936;1191742748
-217.317511;343.375;7581;-17313;0.961592464;0.02753234;-0.247791052;1191770169
-217.287064;343.375;7581;-17313;0.96261216;0.02447319;-0.24065304;1191800616
-217.259141;343.375;7581;;620;324;4249;1191828539
-217.235360;343.375;7581;-17313;0.96261216;0.028552056;-0.23963332;1191852320
-217.207491;343.375;7581;-17313;0.96261216;0.029571772;-0.2508502;1191880189
-217.184800;343.375;7581;-17313;0.9605727;0.028552056;-0.2447319;1191902880
-217.158115;343.375;7581;-17313;0.96363184;0.026512622;-0.2447319;1191929565
-217.117045;343.375;7581;-17313;0.96363184;0.029571772;-0.23555446;1191970635
-217.067885;343.375;7581;-17313;0.96363184;0.030591488;-0.2447319;1192019795
-217.045951;343.375;7581;-17313;0.961592464;0.023453474;-0.24983048;1192041729
-217.017131;343.375;7581;-17313;0.96261216;0.021414042;-0.24371218;1192070549
-216.967651;343.375;7581;-17313;0.96261216;0.031611204;-0.2386136;1192120029
-216.937266;343.375;7581;-17313;0.961592464;0.025492906;-0.2447319;1192150414
-216.916094;343.375;7581;-17313;0.961592464;0.021414042;-0.24677134;1192171586
-216.887569;343.375;7581;-17313;0.959553;0.023453474;-0.2508502;1192200111
-216.865446;343.375;7581;-17313;0.9605727;0.026512622;-0.24677134;1192222234
-216.844131;343.375;7581;-17313;0.96261216;0.028552056;-0.24677134;1192243549
-216.817549;343.375;7581;-17313;0.96363184;0.02753234;-0.237593884;1192270131
-216.795578;343.375;7581;-17313;0.96363184;0.029571772;-0.23453474;1192292102
-216.771946;343.375;7581;-17313;0.96363184;0.029571772;-0.23657418;1192315734
-216.747379;343.375;7581;-17313;0.961592464;0.023453474;-0.24167276;1192340301
-216.667343;343.375;7581;-17313;0.961592464;0.026512622;-0.2386136;1192420337
-216.637196;343.375;7581;-17313;0.96363184;0.025492906;-0.23351502;1192450484
-216.607455;343.375;7581;-17313;0.96261216;0.031611204;-0.24065304;1192480225
-216.584618;343.375;7575;-17313;0.96261216;0.033650636;-0.24983048;1192503062
-216.557863;343.375;7575;-17313;0.9605727;0.028552056;-0.25900792;1192529817
-216.535491;343.375;7575;-17313;0.961592464;0.020394326;-0.24167276;1192552189
-216.507392;343.375;7575;-17313;0.961592464;0.020394326;-0.237593884;1192580288
-216.485247;343.375;7575;-17313;0.96363184;0.025492906;-0.23453474;1192602433
-216.461951;343.375;7575;-17313;0.961592464;0.029571772;-0.24371218;1192625729
-216.407244;343.375;7575;-17313;0.961592464;0.02753234;-0.25390936;1192680436
-216.384611;343.375;7581;-17313;0.959553;0.022433758;-0.2447319;1192703069
-216.274012;343.375;7581;-17313;0.9605727;0.03263092;-0.24983048;1192813668
-216.233725;343.4375;7581;-17313;0.96261216;0.02447319;-0.242692468;1192853955
-216.206980;343.4375;7581;-17313;0.96363184;0.022433758;-0.23453474;1192880700
-216.182778;343.4375;7581;-17313;0.96363184;0.02447319;-0.22943616;1192904902
-216.157599;343.4375;7581;-17313;0.96363184;0.03263092;-0.24371218;1192930081
-216.136162;343.4375;7575;-17313;0.959553;0.034670352;-0.25288964;1192951518
-216.114715;343.4375;7575;-17313;0.959553;0.02447319;-0.25492908;1192972965
-216.077206;343.4375;7575;-17313;0.959553;0.022433758;-0.24983048;1193010474
-216.047602;343.4375;7581;-17313;0.961592464;0.02753234;-0.2386136;1193040078
-216.017448;343.4375;7581;-17313;0.96363184;0.029571772;-0.23657418;1193070232
-215.973135;343.4375;7581;-17313;0.959553;0.02447319;-0.25390936;1193114545
-215.947591;343.4375;7581;-17313;0.9605727;0.020394326;-0.25288964;1193140089
-215.917491;343.4375;7581;-17313;0.96363184;0.021414042;-0.24065304;1193170189
-215.887687;343.4375;7581;-17313;0.96363184;0.025492906;-0.23657418;1193199993
-215.865834;343.4375;7581;-17313;0.9605727;0.031611204;-0.2447319;1193221846
-215.825124;343.4375;7581;-17313;0.9605727;0.0193746092;-0.24371218;1193262556
-215.797475;343.4375;7581;-17307;0.96261216;0.020394326;-0.23963332;1193290205
-215.775116;343.4375;7581;-17307;0.961592464;0.030591488;-0.2386136;1193312564
-215.747696;343.4375;7581;-17307;0.9605727;0.033650636;-0.23963332;1193339984
-215.717178;343.4375;7581;-17307;0.96261216;0.026512622;-0.237593884;1193370502
-215.687340;343.4375;7581;-17313;0.961592464;0.022433758;-0.23657418;1193400340
-215.665440;343.4375;7581;-17313;0.9605727;0.02447319;-0.24575162;1193422240
-215.637449;343.4375;7581;-17313;0.961592464;0.025492906;-0.247791052;1193450231
-215.607148;343.375;7581;-17313;0.96261216;0.029571772;-0.247791052;1193480532
-215.583470;343.375;7581;-17313;0.9605727;0.0377295;-0.247791052;1193504210
-215.530912;343.375;7581;-17313;0.9605727;0.020394326;-0.24677134;1193556768
-215.507170;343.375;7581;-17313;0.96363184;0.018354892;-0.23657418;1193580510
-215.484001;343.375;7581;-17313;0.96261216;0.028552056;-0.24065304;1193603679
-215.435898;343.375;7581;-17313;0.961592464;0.030591488;-0.25492908;1193651782
-215.386203;343.375;7581;-17313;0.96363184;0.028552056;-0.248810768;1193701477
-215.335019;343.4375;7581;-17307;0.96363184;0.020394326;-0.22841644;1193752661
-215.307370;343.4375;7587;-17307;0.96261216;0.022433758;-0.2314756;1193780310
-215.285649;343.4375;7587;-17307;0.96261216;0.02447319;-0.24167276;1193802031
-215.261854;343.4375;7581;-17307;0.9585333;0.029571772;-0.25900792;1193825826
-215.237229;343.4375;7581;-17307;0.9605727;0.0387492184;-0.2579882;1193850451
-215.208087;343.4375;7581;-17307;0.96261216;0.033650636;-0.242692468;1193879593
-215.185968;343.4375;7581;-17313;0.96363184;0.021414042;-0.23045588;1193901712
-215.163764;343.4375;7581;-17319;0.966691;0.014276028;-0.22229814;1193923916
-215.137497;343.4375;7581;-17319;0.96363184;0.0193746092;-0.2386136;1193950183
-215.114636;343.375;7581;-17319;0.9585333;0.026512622;-0.26512624;1193973044
-215.087619;343.375;7581;-17319;0.95649384;0.031611204;-0.26002764;1194000061
-215.065941;343.375;7581;-17319;0.961592464;0.036709784;-0.24065304;1194021739
-215.043924;343.375;7581;-17319;0.96363184;0.029571772;-0.23555446;1194043756
-214.966845;343.375;7581;-17319;;0.02;1;1194120835
-214.937378;343.375;7581;-17319;0.9605727;0.028552056;-0.25390936;1194150302
-214.916005;343.375;7581;-17319;0.96363184;0.03569007;-0.23963332;1194171675
-214.891349;343.375;7587;-17319;0.96363184;0.031611204;-0.232495316;1194196331
-214.867481;343.4375;7587;-17313;0.96363184;0.023453474;-0.23045588;1194220199
-214.845551;343.4375;7587;-17313;0.961592464;0.018354892;-0.23963332;1194242129
-214.787033;343.5;7587;-17313;0.9605727;0.026512622;-0.25186992;1194300647
-214.764442;343.5;7587;-17313;0.9646516;0.036709784;-0.24167276;1194323238
-214.738079;343.5;7587;-17313;0.96363184;0.033650636;-0.22943616;1194349601
-214.715411;343.5;7587;-17313;0.961592464;0.0193746092;-0.23045588;1194372269
-214.693742;343.5;7587;-17313;0.96261216;0.021414042;-0.23963332;1194393938
-214.667652;343.5;7587;-17313;0.9585333;0.022433758;-0.247791052;1194420028
-214.645715;343.4375;7587;-17313;0.9605727;0.026512622;-0.25390936;1194441965
-214.616030;343.4375;7587;-17313;0.961592464;0.031611204;-0.237593884;1194471650
-214.586964;343.4375;7587;-17313;0.96363184;0.031611204;-0.23555446;1194500716
-214.564120;343.4375;7587;-17313;0.961592464;0.02447319;-0.23351502;1194523560
-214.526601;343.4375;7587;-17313;0.961592464;0.022433758;-0.25186992;1194561079
-214.504814;343.4375;7587;-17313;0.9605727;0.021414042;-0.25288964;1194582866
-214.482319;343.4375;7587;-17313;0.959553;0.028552056;-0.25186992;1194605361
-214.457563;343.4375;7587;-17313;0.9605727;0.029571772;-0.24371218;1194630117
-214.436072;343.4375;7587;-17313;0.96363184;0.031611204;-0.23351502;1194651608
-214.407051;343.4375;7587;-17313;0.96261216;0.026512622;-0.2447319;1194680629
-214.377322;343.4375;7587;-17313;0.9605727;0.022433758;-0.247791052;1194710358
-214.347810;343.4375;7587;-17313;0.961592464;0.026512622;-0.248810768;1194739870
-214.316726;343.4375;7587;-17313;0.961592464;0.025492906;-0.24065304;1194770954
-214.286905;343.4375;7587;-17313;0.96363184;0.029571772;-0.237593884;1194800775
-214.263876;343.5;7587;-17307;0.96261216;0.02753234;-0.23453474;1194823804
-214.237007;343.5;7587;-17307;0.961592464;0.026512622;-0.24167276;1194850673
-214.207636;343.5;7587;-17307;0.9605727;0.025492906;-0.25288964;1194880044
-214.184395;343.5;7587;-17307;0.96261216;0.02447319;-0.247791052;1194903285
-214.135726;343.5;7587;-17307;0.96363184;0.03263092;-0.22841644;1194951954
-214.087148;343.5;7587;-17313;0.96363184;0.02753234;-0.2447319;1195000532
-214.064842;343.5;7587;-17313;0.9605727;0.02753234;-0.2508502;1195022838
-214.007321;343.5;7587;-17313;0.9585333;0.021414042;-0.24371218;1195080359
-213.986000;343.5;7587;-17307;0.9656713;0.033650636;-0.226377008;1195101680
-213.963754;343.5;7587;-17307;0.96363184;0.03569007;-0.22841644;1195123926
-213.937287;343.5;7587;-17313;0.959553;0.028552056;-0.2447319;1195150393
-213.914998;343.5;7587;-17307;0.961592464;0.02447319;-0.25900792;1195172682
-213.877298;343.5;7587;-17307;0.959553;0.025492906;-0.25900792;1195210382
-213.855952;343.5;7587;-17307;0.96363184;0.0193746092;-0.23963332;1195231728
-213.797353;343.5;7593;-17307;0.9646516;0.03569007;-0.23045588;1195290327
-213.767411;343.5;7587;-17307;0.9605727;0.020394326;-0.23963332;1195320269
-213.746165;343.5;7587;-17307;0.9585333;0.025492906;-0.25288964;1195341515
-213.717445;343.5;7587;-17307;0.96261216;0.029571772;-0.248810768;1195370235
-213.687125;343.5;7593;-17307;0.96363184;0.026512622;-0.242692468;1195400555
-213.633456;343.5;7587;-17307;0.96363184;0.023453474;-0.23045588;1195454224
-213.607208;343.5;7587;-17307;0.961592464;0.02447319;-0.248810768;1195480472
-213.584503;343.5;7587;-17313;0.959553;0.031611204;-0.26002764;1195503177
-213.532198;343.5;7587;-17313;0.9605727;0.02753234;-0.23453474;1195555482
-213.507506;343.5;7587;-17313;0.966691;0.030591488;-0.22331786;1195580174
-213.485334;343.5;7587;-17313;0.961592464;0.026512622;-0.23045588;1195602346
-213.463874;343.5;7581;-17313;0.961592464;0.020394326;-0.25390936;1195623806
-213.437435;343.5;7581;-17313;0.9585333;0.021414042;-0.26104736;1195650245
-213.408029;343.5;7581;-17313;0.9585333;0.029571772;-0.2569685;1195679651
-213.377283;343.5;7587;-17313;0.9585333;0.02753234;-0.23555446;1195710397
-213.332728;343.5;7587;-17307;0.96261216;0.02447319;-0.22943616;1195754952
-213.305547;343.5625;7587;-17307;0.9585333;0.021414042;-0.24575162;1195782133
-213.283990;343.5625;7587;-17307;0.959553;0.022433758;-0.25594878;1195803690
-213.247337;343.5625;7587;-17300;0.9605727;0.026512622;-0.25288964;1195840343
-213.207603;343.5625;7587;-17300;0.9646516;0.031611204;-0.2314756;1195880077
-213.167316;343.5625;7587;-17300;0.9656713;0.026512622;-0.2253573;1195920364
-213.144613;343.5625;7587;-17300;0.959553;0.018354892;-0.248810768;1195943067
-213.095443;343.5625;7581;-17300;0.959553;0.031611204;-0.25288964;1195992237
-213.067396;343.5625;7587;-17300;0.96363184;0.031611204;-0.2386136;1196020284
-213.037263;343.5625;7587;-17300;0.9656713;0.0377295;-0.22229814;1196050417
-213.007259;343.5625;7581;-17307;0.961592464;0.020394326;-0.23555446;1196080421
-212.984016;343.5625;7581;-17307;0.959553;0.017335176;-0.2569685;1196103664
-212.957815;343.5625;7581;-17307;0.959553;0.029571772;-0.26512624;1196129865
-212.933417;343.5625;7581;-17307;0.961592464;0.036709784;-0.247791052;1196154263
-212.907412;343.5625;7581;-17307;0.9646516;0.031611204;-0.23555446;1196180268
-212.884635;343.5625;7581;-17307;0.966691;0.028552056;-0.22331786;1196203045
-212.807238;343.5625;7581;-17313;0.959553;0.018354892;-0.26104736;1196280442
-212.786192;343.5625;7581;-17313;0.96363184;0.03263092;-0.2447319;1196301488
-212.757526;343.5625;7581;-17313;0.9605727;0.033650636;-0.23351502;1196330154
-212.714754;343.625;7581;-17307;0.96363184;0.021414042;-0.23657418;1196372926
-212.687227;343.625;7581;-17307;0.9605727;0.013256311;-0.24371218;1196400453
-212.664059;343.625;7581;-17307;0.9605727;0.01631546;-0.25594878;1196423621
-212.637448;343.625;7581;-17307;0.961592464;0.023453474;-0.25186992;1196450232
-212.607287;343.625;7587;-17307;0.9656713;0.036709784;-0.23045588;1196480393
-212.585433;343.625;7587;-17307;0.9646516;0.036709784;-0.2253573;1196502247
-212.557594;343.625;7587;-17307;0.96363184;0.029571772;-0.23351502;1196530086
-212.506976;343.625;7581;-17307;0.959553;0.020394326;-0.25900792;1196580704
-212.483412;343.625;7581;-17313;0.96363184;0.026512622;-0.24575162;1196604268
-212.457770;343.625;7581;-17313;0.9646516;0.03569007;-0.23555446;1196629910
-212.436030;343.625;7581;-17313;0.96363184;0.0387492184;-0.23045588;1196651650
-212.413905;343.625;7581;-17313;0.96363184;0.030591488;-0.2314756;1196673775
-212.387460;343.625;7581;-17319;0.9646516;0.02447319;-0.23963332;1196700220
-212.363969;343.5625;7581;-17319;0.961592464;0.01631546;-0.25594878;1196723711
-212.337439;343.5625;7581;-17319;0.9575136;0.018354892;-0.25492908;1196750241
-212.287700;343.5625;7581;-17319;0.96261216;0.029571772;-0.23963332;1196799980
-212.257684;343.5625;7581;-17319;0.96261216;0.029571772;-0.232495316;1196829996
-212.236092;343.625;7581;-17319;0.96261216;0.02447319;-0.2447319;1196851588
-212.176032;343.625;7581;-17319;0.96363184;0.023453474;-0.23963332;1196911648
-212.147772;343.625;7581;-17319;0.9646516;0.029571772;-0.23453474;1196939908
-212.126185;343.625;7581;-17319;0.96363184;0.036709784;-0.2314756;1196961495
-212.104804;343.625;7581;-17319;0.96261216;0.036709784;-0.242692468;1196982876
-212.082316;343.625;7581;-17319;0.9605727;0.031611204;-0.248810768;1197005364
-212.057248;343.625;7581;-17319;0.959553;0.023453474;-0.2569685;1197030432
-212.034513;343.625;7581;-17319;0.9605727;0.022433758;-0.2447319;1197053167
-212.007282;343.625;7581;-17319;0.96363184;0.022433758;-0.2314756;1197080398
-211.974206;343.625;7581;-17319;0.96363184;0.034670352;-0.22841644;1197113474
-211.947573;343.625;7581;-17319;0.96261216;0.030591488;-0.24371218;1197140107
-211.886799;343.625;7581;-17319;0.961592464;0.020394326;-0.25390936;1197200881
-211.837471;343.625;7581;-17319;0.96363184;0.025492906;-0.22841644;1197250209
-211.815930;343.625;7581;-17319;0.96261216;0.03263092;-0.24167276;1197271750
-211.793841;343.625;7575;-13556004;-158;0;4251;1197293839
-211.767658;343.625;7575;-17319;0.9575136;0.029571772;-0.25390936;1197320022
-211.744938;343.625;7575;-17319;0.959553;0.023453474;-0.2569685;1197342742
-211.717229;343.625;7581;-17319;0.961592464;0.020394326;-0.237593884;1197370451
-211.667783;343.625;7581;-17319;0.96363184;0.025492906;-0.22433758;1197419897
-211.644849;343.625;7581;-17319;0.96261216;0.033650636;-0.2447319;1197442831
-211.587265;343.625;7575;-17319;0.9585333;0.034670352;-0.2579882;1197500415
-211.564812;343.625;7581;-17319;0.961592464;0.02447319;-0.23963332;1197522868
-211.537075;343.625;7581;-17319;0.96363184;0.02447319;-0.22739672;1197550605
-211.507256;343.625;7581;-17319;0.96363184;0.02753234;-0.23657418;1197580424
-211.484412;343.625;7581;-17319;0.961592464;0.028552056;-0.242692468;1197603268
-211.447123;343.625;7575;-17319;0.961592464;0.029571772;-0.25594878;1197640557
-211.424194;343.625;7575;-17319;0.9605727;0.026512622;-0.248810768;1197663486
-211.371498;343.625;7575;-17319;0.96363184;0.02447319;-0.22739672;1197716182
-211.347407;343.625;7575;-17319;0.96261216;0.02447319;-0.23555446;1197740273
-211.317734;343.625;7575;-17319;0.9605727;0.025492906;-0.24677134;1197769946
-211.267330;343.625;7575;-17319;0.9605727;0.029571772;-0.25186992;1197820350
-211.244450;343.625;7575;-17319;0.96261216;0.029571772;-0.237593884;1197843230
-211.217665;343.625;7575;-17319;0.9646516;0.028552056;-0.232495316;1197870015
-211.190022;343.625;7575;-17319;0.96363184;0.026512622;-0.23657418;1197897658
-211.167156;343.625;7575;-17319;0.961592464;0.026512622;-0.24575162;1197920524
-211.139492;343.625;7575;-17319;0.9605727;0.02753234;-0.25186992;1197948188
-211.117124;343.625;7575;-17319;0.959553;0.030591488;-0.247791052;1197970556
-211.094676;343.625;7575;-17319;0.96363184;0.031611204;-0.2386136;1197993004
-211.068052;343.625;7575;-17319;0.9605727;0.031611204;-0.23351502;1198019628
-211.046124;343.625;7575;-17319;0.96363184;0.021414042;-0.23555446;1198041556
-211.007340;343.625;7575;-17319;0.9605727;0.023453474;-0.24575162;1198080340
-210.984826;343.625;7575;-17319;0.961592464;0.025492906;-0.24575162;1198102854
-210.957725;343.625;7575;-17319;0.96261216;0.029571772;-0.2447319;1198129955
-210.936115;343.625;7575;-17319;0.961592464;0.029571772;-0.23963332;1198151565
-210.910229;343.625;7575;-17319;0.96363184;0.03263092;-0.23657418;1198177451
-210.887231;343.625;7575;-17319;0.96261216;0.026512622;-0.237593884;1198200449
-210.865774;343.625;7575;-17319;0.96363184;0.022433758;-0.24371218;1198221906
-210.843841;343.625;7575;-17319;0.9605727;0.025492906;-0.24575162;1198243839
-210.817776;343.625;7575;-17319;0.96261216;0.02447319;-0.247791052;1198269904
-210.795539;343.625;7575;-17319;0.96261216;0.031611204;-0.24371218;1198292141
-210.767631;343.625;7575;-17319;0.9605727;0.03263092;-0.237593884;1198320049
-210.745918;343.625;7575;-17319;0.96261216;0.028552056;-0.24167276;1198341762
-210.717400;343.625;7575;-17319;0.96261216;0.02753234;-0.24167276;1198370280
-210.695314;343.625;7575;-17319;0.961592464;0.023453474;-0.247791052;1198392366
-210.667950;343.625;7575;-17319;0.96363184;0.022433758;-0.2447319;1198419730
-210.645964;343.625;7575;-17319;0.961592464;0.030591488;-0.2447319;1198441716
-210.607426;343.625;7575;-17319;0.96363184;0.031611204;-0.2386136;1198480254
-210.585351;343.625;7575;-17319;0.96261216;0.030591488;-0.23963332;1198502329
-210.535350;343.625;7575;-17319;0.96261216;0.022433758;-0.2447319;1198552330
-210.507478;343.625;7575;-17319;0.959553;0.022433758;-0.24983048;1198580202
-210.486102;343.625;7575;-17319;0.96363184;0.02753234;-0.24167276;1198601578
-210.461746;343.625;7575;-17319;0.96363184;0.031611204;-0.2386136;1198625934
-210.437401;343.625;7575;-17319;0.961592464;0.031611204;-0.23555446;1198650279
-210.407523;343.625;7575;-17319;0.96363184;0.025492906;-0.24167276;1198680157
-210.385014;343.625;7575;-17319;0.96363184;0.021414042;-0.24677134;1198702666
-210.357870;343.625;7575;;-25;0;4254;1198729810
-210.335961;343.625;7575;-17319;0.96261216;0.026512622;-0.23963332;1198751719
-210.307291;343.625;7575;-17319;0.96261216;0.029571772;-0.2386136;1198780389
-210.282697;343.625;7575;-17319;0.96363184;0.031611204;-0.2386136;1198804983
-210.257713;343.625;7575;-17319;0.96363184;0.029571772;-0.242692468;1198829967
-210.207156;343.625;7575;-17319;0.9605727;0.026512622;-0.24575162;1198880524
-210.147454;343.625;7575;-17319;0.96363184;0.030591488;-0.23657418;1198940226
-210.125681;343.625;7575;-17319;0.96363184;0.028552056;-0.24167276;1198961999
-210.104006;343.625;7575;-17319;0.96261216;0.029571772;-0.2447319;1198983674
-210.080918;343.625;7575;-17319;0.9605727;0.028552056;-0.24677134;1199006762
-210.034292;343.625;7575;-17319;0.961592464;0.026512622;-0.23657418;1199053388
-210.007961;343.625;7575;-17319;0.96261216;0.026512622;-0.23351502;1199079719
-209.985687;343.625;7575;-17319;0.96363184;0.026512622;-0.2386136;1199101993
-209.957886;343.625;7575;-17319;0.961592464;0.028552056;-0.24371218;1199129794
-209.906180;343.625;7575;-17319;0.96363184;0.026512622;-0.242692468;1199181500
-209.884971;343.625;7575;-17319;0.96363184;0.025492906;-0.23657418;1199202709
-209.857951;343.625;7575;-17319;0.96363184;0.02753234;-0.237593884;1199229729
-209.833519;343.625;7575;-17319;0.9605727;0.026512622;-0.24065304;1199254161
-209.807744;343.625;7575;-17319;0.9605727;0.023453474;-0.24371218;1199279936
-209.757782;343.5625;7575;-17319;0.961592464;0.030591488;-0.242692468;1199329898
-209.707123;343.5625;7575;-17319;0.96261216;0.029571772;-0.23657418;1199380557
-209.684448;343.5625;7575;-17319;0.96261216;0.025492906;-0.2447319;1199403232
-209.658001;343.5625;7575;-17319;0.961592464;0.025492906;-0.247791052;1199429679
-209.633660;343.5625;7575;-17319;0.96261216;0.026512622;-0.248810768;1199454020
-209.607706;343.5625;7575;-17319;0.961592464;0.02753234;-0.24167276;1199479974
-209.586086;343.5625;7575;-17319;0.961592464;0.031611204;-0.23555446;1199501594
-209.563544;343.5625;7575;-17319;0.96363184;0.029571772;-0.2386136;1199524136
-209.537163;343.5625;7575;-17319;0.961592464;0.02753234;-0.2447319;1199550517
-209.507093;343.5625;7575;-17319;0.9605727;0.023453474;-0.2508502;1199580587
-209.485394;343.5625;7575;-17319;0.96363184;0.02447319;-0.24167276;1199602286
-209.463727;343.5625;7575;-17319;0.96363184;0.023453474;-0.2386136;1199623953
-209.404412;343.5625;7575;-17319;0.96363184;0.028552056;-0.24167276;1199683268
-209.382788;343.5625;7575;-17319;0.96261216;0.026512622;-0.248810768;1199704892
-209.357383;343.5625;7575;-17319;0.9575136;0.023453474;-0.2508502;1199730297
-209.318028;343.5625;7575;-17319;0.96363184;0.026512622;-0.23963332;1199769652
-209.287408;343.5625;7575;-17319;0.96363184;0.030591488;-0.23453474;1199800272
-209.265823;343.5625;7575;-17319;0.96363184;0.029571772;-0.23453474;1199821857
-209.244190;343.5625;7575;-17319;0.9605727;0.030591488;-0.242692468;1199843490
-209.217763;343.5625;7575;-17319;0.96261216;0.028552056;-0.2508502;1199869917
-209.173891;343.5625;7575;-17319;0.96261216;0.026512622;-0.237593884;1199913789
-209.147548;343.5625;7575;-17319;0.96363184;0.02447319;-0.23657418;1199940132
-209.097820;343.5625;7575;-17319;0.9605727;0.02753234;-0.24575162;1199989860
-209.075904;343.5625;7575;-17319;0.961592464;0.02753234;-0.24983048;1200011776
-209.047771;343.5625;7575;-17319;0.9585333;0.025492906;-0.25186992;1200039909
-209.026098;343.5625;7575;;-155;0;4253;1200061582
-209.004113;343.5625;7575;-17319;0.96363184;0.023453474;-0.23453474;1200083567
-208.977405;343.5625;7575;-17319;0.96363184;0.02447319;-0.23045588;1200110275
-208.905911;343.5625;7575;-17319;0.9605727;0.025492906;-0.25186992;1200181769
-208.882432;343.5625;7575;-17319;0.961592464;0.026512622;-0.24575162;1200205248
-208.857543;343.5625;7575;-17319;0.96363184;0.02753234;-0.2386136;1200230137
-208.834094;343.5625;7575;-17319;0.96363184;0.031611204;-0.23453474;1200253586
-208.807414;343.5625;7575;-17319;0.961592464;0.029571772;-0.23351502;1200280266
-208.784843;343.5625;7575;-17319;0.961592464;0.026512622;-0.24677134;1200302837
-208.757904;343.5625;7575;-17319;0.959553;0.029571772;-0.248810768;1200329776
-208.735987;343.5625;7575;-17319;0.961592464;0.031611204;-0.24371218;1200351693
-208.707202;343.5625;7575;-17319;0.96261216;0.031611204;-0.237593884;1200380478
-208.680468;343.5625;7575;-17319;0.96363184;0.029571772;-0.23657418;1200407212
-208.657419;343.5625;7575;-17319;0.96261216;0.026512622;-0.23453474;1200430261
-208.597461;343.5625;7575;-17319;0.961592464;0.02447319;-0.247791052;1200490219
-208.574412;343.5625;7575;-17319;0.96363184;0.02753234;-0.23963332;1200513268
-208.547793;343.5625;7575;-17319;0.96363184;0.026512622;-0.23657418;1200539887
-208.518152;343.5625;7575;-17319;0.96363184;0.029571772;-0.23555446;1200569528
-208.487207;343.5625;7575;-17319;0.9605727;0.020394326;-0.24575162;1200600473
-208.447215;343.5625;7575;-17319;0.9605727;0.021414042;-0.24983048;1200640465
-208.417288;343.625;7575;-17319;0.96261216;0.026512622;-0.237593884;1200670392
-208.387310;343.625;7575;-17319;0.96261216;0.031611204;-0.24167276;1200700370
-208.365505;343.625;7575;-17319;0.96261216;0.031611204;-0.24167276;1200722175
-208.344077;343.625;7575;-17319;0.961592464;0.029571772;-0.24371218;1200743603
-208.317453;343.625;7575;-17319;0.961592464;0.02447319;-0.247791052;1200770227
-208.286436;343.625;7575;-17319;0.96363184;0.02753234;-0.2447319;1200801244
-208.263988;343.625;7575;-17319;0.96363184;0.033650636;-0.2386136;1200823692
-208.230879;343.625;7575;-17319;0.96261216;0.034670352;-0.23555446;1200856801
-208.175251;343.5625;7575;-17319;0.96261216;0.025492906;-0.248810768;1200912429
-208.153872;343.5625;7575;-17319;0.9605727;0.021414042;-0.247791052;1200933808
-208.131980;343.5625;7575;-17319;0.96261216;0.026512622;-0.24371218;1200955700
-208.107241;343.5625;7575;-17319;0.961592464;0.025492906;-0.237593884;1200980439
-208.084923;343.5625;7575;-17319;0.96363184;0.028552056;-0.237593884;1201002757
-208.057773;343.5625;7575;;-417;0;4254;1201029907
-208.014410;343.5625;7575;-17319;0.96363184;0.020394326;-0.2447319;1201073270
-207.987277;343.5625;7575;-17319;0.961592464;0.020394326;-0.24371218;1201100403
-207.938098;343.5625;7575;-17319;0.96363184;0.02447319;-0.237593884;1201149582
-207.915940;343.5625;7575;-17319;0.9656713;0.029571772;-0.23657418;1201171740
-207.884441;343.5625;7575;-17319;0.96363184;0.029571772;-0.242692468;1201203239
-207.858243;343.5625;7575;-17319;0.9605727;0.029571772;-0.24575162;1201229437
-207.836826;343.5625;7575;-17319;0.9605727;0.028552056;-0.242692468;1201250854
-207.807398;343.5625;7575;-17319;0.96261216;0.029571772;-0.24065304;1201280282
-207.785465;343.5625;7575;-17319;0.9656713;0.031611204;-0.23657418;1201302215
-207.763622;343.5625;7575;-17319;0.9605727;0.030591488;-0.242692468;1201324058
-207.737514;343.5625;7575;-17319;0.96261216;0.031611204;-0.247791052;1201350166
-207.707381;343.5625;7575;-17325;0.96261216;0.02447319;-0.2386136;1201380299
-207.683322;343.5625;7575;-17325;0.96363184;0.025492906;-0.23555446;1201404358
-207.657459;343.5625;7575;-17325;0.96261216;0.02447319;-0.23657418;1201430221
-207.635916;343.5625;7575;-17325;0.96261216;0.023453474;-0.242692468;1201451764
-207.575135;343.5625;7575;-17325;0.96363184;0.02753234;-0.23963332;1201512545
-207.547417;343.5625;7575;-17325;0.9605727;0.03263092;-0.24575162;1201540263
-207.497003;343.5625;7575;-17325;0.96261216;0.018354892;-0.23351502;1201590677
-207.474544;343.5625;7575;-17325;0.96363184;0.017335176;-0.23453474;1201613136
-207.447410;343.5625;7575;-17319;0.9605727;0.02447319;-0.237593884;1201640270
-207.417710;343.5625;7575;-17319;0.9605727;0.036709784;-0.25186992;1201669970
-207.386831;343.5625;7575;-17313;0.959553;0.041808368;-0.26104736;1201700849
-207.363623;343.5625;7575;-17313;0.96363184;0.030591488;-0.23351502;1201724057
-207.337380;343.5625;7575;-17313;0.96261216;0.023453474;-0.22739672;1201750300
-207.314135;343.5625;7575;-17313;0.96261216;0.020394326;-0.2386136;1201773545
-207.286999;343.5625;7575;-17313;0.9605727;0.021414042;-0.25594878;1201800681
-207.261698;343.5625;7575;-17313;0.959553;0.0377295;-0.25288964;1201825982
-207.237276;343.5625;7581;-17307;0.961592464;0.0387492184;-0.24677134;1201850404
-207.207145;343.5625;7581;-17313;0.9656713;0.039768936;-0.23045588;1201880535
-207.184758;343.625;7581;-17319;0.9646516;0.0193746092;-0.23657418;1201902922
-207.136160;343.625;7581;-17319;0.96261216;0.011216879;-0.24167276;1201951520
-207.108427;343.625;7581;-17319;0.96261216;0.015295744;-0.2508502;1201979253
-207.085371;343.625;7587;-17319;0.96363184;0.031611204;-0.2253573;1202002309
-207.064156;343.625;7587;-17319;0.96363184;0.028552056;-0.22433758;1202023524
-207.037432;343.625;7581;-17319;0.96363184;0.029571772;-0.23657418;1202050248
-207.015982;343.625;7581;-17319;0.9646516;0.025492906;-0.242692468;1202071698
-206.987480;343.625;7581;-17319;0.961592464;0.011216879;-0.24677134;1202100200
-206.966088;343.625;7581;-17313;0.959553;0.020394326;-0.2447319;1202121592
-206.944021;343.5625;7581;-17307;0.96261216;0.030591488;-0.23555446;1202143659
-206.922013;343.5625;7581;-17300;0.96363184;0.03569007;-0.23045588;1202165667
-206.887200;343.5;7581;-17294;0.961592464;0.044867516;-0.23963332;1202200480
-206.864390;343.5;7575;-17294;0.959553;0.033650636;-0.26002764;1202223290
-206.837428;343.5;7575;-17294;0.959553;0.026512622;-0.2579882;1202250252
-206.815908;343.5;7575;-17294;0.96261216;0.029571772;-0.24983048;1202271772
-206.767511;343.5;7581;-17294;0.96363184;0.0377295;-0.221278432;1202320169
-206.725948;343.5625;7581;-17307;0.9585333;0.02753234;-0.25900792;1202361732
-206.704010;343.5625;7581;-17313;0.9575136;0.021414042;-0.26206708;1202383670
-206.681913;343.5625;7581;-17319;0.9605727;0.011216879;-0.25900792;1202405767
-206.636154;343.5;7587;-17325;0.96363184;0.028552056;-0.21821928;1202451526
-206.607266;343.5;7587;-17325;0.9656713;0.030591488;-0.22025872;1202480414
-206.584595;343.5;7587;-17325;0.96363184;0.02753234;-0.24167276;1202503085
-206.557519;343.5;7587;-17325;0.9605727;0.021414042;-0.25492908;1202530161
-206.505317;343.5;7587;-17325;0.961592464;0.014276028;-0.22841644;1202582363
-206.483527;343.5625;7587;-17319;0.9646516;0.028552056;-0.21719956;1202604153
-206.432266;343.625;7581;-17300;0.96261216;0.039768936;-0.248810768;1202655414
-206.407302;343.625;7581;-17294;0.9605727;0.033650636;-0.25594878;1202680378
-206.380364;343.625;7581;-17294;0.961592464;0.023453474;-0.25390936;1202707316
-206.356596;343.5625;7581;-17300;0.96261216;0.022433758;-0.23657418;1202731084
-206.330846;343.5625;7581;-17300;0.9656713;0.033650636;-0.2253573;1202756834
-206.296087;343.5;7581;-17294;0.961592464;0.04078865;-0.2508502;1202791593
-206.273858;343.5625;7581;-17294;0.9605727;0.046906948;-0.25594878;1202813822
-206.247572;343.5;7575;-17294;0.959553;0.033650636;-0.25390936;1202840108
-206.225855;343.5;7575;;-162;0;4250;1202861825
-206.197251;343.5;7581;-17319;0.96261216;0.018354892;-0.2447319;1202890429
-206.174928;343.5;7581;-17319;0.9646516;0.013256311;-0.2314756;1202912752
-206.147590;343.5;7581;-17319;0.96261216;0.020394326;-0.2386136;1202940090
-206.125517;343.5;7581;-17325;0.9605727;0.023453474;-0.24167276;1202962163
-206.103432;343.5;7581;-17325;0.961592464;0.02447319;-0.24677134;1202984248
-206.077109;343.5;7581;-17325;0.96363184;0.021414042;-0.2508502;1203010571
-206.054884;343.5;7581;-17325;0.961592464;0.015295744;-0.24065304;1203032796
-206.029498;343.5;7581;-17325;0.96363184;0.01631546;-0.232495316;1203058182
-205.997410;343.5;7581;-17313;0.961592464;0.020394326;-0.23657418;1203090270
-205.974473;343.5;7581;-17300;0.961592464;0.031611204;-0.24065304;1203113207
-205.946955;343.5625;7581;-17294;0.9585333;0.042828084;-0.24677134;1203140725
-205.897333;343.5625;7581;-17288;0.961592464;0.031611204;-0.2386136;1203190347
-205.856813;343.5625;7581;-17288;0.96261216;0.029571772;-0.24371218;1203230867
-205.825511;343.5625;7581;-17294;0.961592464;0.030591488;-0.24575162;1203262169
-205.787458;343.5;7581;-17294;0.96363184;0.0377295;-0.24065304;1203300222
-205.764302;343.5;7581;-17294;0.961592464;0.026512622;-0.24575162;1203323378
-205.742994;343.5;7581;-17300;0.9605727;0.02447319;-0.25186992;1203344686
-205.717494;343.5;7581;-17300;0.9575136;0.022433758;-0.24983048;1203370186
-205.687226;343.4375;7581;-17307;0.961592464;0.017335176;-0.23963332;1203400454
-205.657550;343.4375;7581;-17307;0.961592464;0.018354892;-0.24167276;1203430130
-205.632091;343.4375;7581;-17307;0.96363184;0.0193746092;-0.242692468;1203455589
-205.606881;343.4375;7581;-17313;0.96261216;0.015295744;-0.24371218;1203480799
-205.577009;343.4375;7581;-17307;0.96261216;0.02447319;-0.2447319;1203510671
-205.553362;343.4375;7581;-17300;0.961592464;0.023453474;-0.24065304;1203534318
-205.517398;343.5;7581;-17288;0.9585333;0.026512622;-0.24371218;1203570282
-205.487131;343.5;7581;-17275;0.96363184;0.030591488;-0.242692468;1203600549
-205.464969;343.5;7581;-17269;0.96261216;0.0377295;-0.24065304;1203622711
-205.406948;343.5;7581;-17269;0.9646516;0.033650636;-0.23963332;1203680732
-205.384515;343.5;7581;-17269;0.961592464;0.03569007;-0.2447319;1203703165
-205.357883;343.5;7581;-17269;0.961592464;0.029571772;-0.242692468;1203729797
-205.317257;343.5;7581;-17269;0.96261216;0.030591488;-0.24167276;1203770423
-205.286761;343.5;7581;-17269;0.9646516;0.028552056;-0.23453474;1203800919
-205.263768;343.5;7581;-17269;0.9646516;0.029571772;-0.23351502;1203823912
-205.237390;343.5;7581;-17269;0.96363184;0.021414042;-0.24065304;1203850290
-205.207410;343.5;7581;-17269;0.9585333;0.0193746092;-0.247791052;1203880270
-205.182760;343.5;7581;-17269;0.9605727;0.01631546;-0.24983048;1203904920
-205.157490;343.5;7581;-17269;0.9585333;0.022433758;-0.247791052;1203930190
-205.133947;343.5;7581;-17269;0.96261216;0.023453474;-0.232495316;1203953733
-205.107781;343.5;7581;-17269;0.961592464;0.023453474;-0.24371218;1203979899
-205.083847;343.5;7581;-17269;0.96261216;0.018354892;-0.24371218;1204003833
-205.006161;343.5625;7581;-17244;0.96363184;0.031611204;-0.24575162;1204081519
-204.983756;343.625;7581;-17238;0.96363184;0.0387492184;-0.237593884;1204103924
-204.945226;343.625;7581;-17238;0.96363184;0.03263092;-0.24065304;1204142454
-204.917433;343.625;7581;-17238;0.961592464;0.026512622;-0.24167276;1204170247
-204.895293;343.625;7581;-17238;0.9605727;0.031611204;-0.242692468;1204192387
-204.874144;343.625;7581;-17238;0.96261216;0.03263092;-0.2447319;1204213536
-204.847399;343.625;7581;-17238;0.961592464;0.031611204;-0.247791052;1204240281
-204.817671;343.625;7581;-17238;0.96363184;0.029571772;-0.23963332;1204270009
-204.795947;343.5625;7581;-17244;0.961592464;0.020394326;-0.237593884;1204291733
-204.768718;343.5625;7581;-17250;0.9605727;0.018354892;-0.237593884;1204318962
-204.747028;343.5625;7581;-17250;0.96363184;0.020394326;-0.24575162;1204340652
-204.725107;343.5625;7581;;468;281;4251;1204362573
-204.697105;343.5625;7581;-17250;0.96261216;0.023453474;-0.247791052;1204390575
-204.673058;343.5625;7581;-17250;0.961592464;0.021414042;-0.24167276;1204414622
-204.647495;343.5625;7581;-17244;0.96261216;0.020394326;-0.237593884;1204440185
-204.617432;343.625;7581;-17238;0.96363184;0.018354892;-0.232495316;1204470248
-204.587136;343.625;7581;-17225;0.959553;0.026512622;-0.2508502;1204500544
-204.564805;343.625;7581;-17219;0.96261216;0.029571772;-0.248810768;1204522875
-204.514762;343.6875;7581;-17200;0.96261216;0.0387492184;-0.23963332;1204572918
-204.487325;343.6875;7581;-17200;0.96363184;0.031611204;-0.23351502;1204600355
-204.464538;343.6875;7581;-17200;0.96261216;0.028552056;-0.23657418;1204623142
-204.438036;343.6875;7581;-17200;0.9605727;0.03263092;-0.25186992;1204649644
-204.415072;343.6875;7581;-17200;0.959553;0.034670352;-0.24983048;1204672608
-204.387761;343.6875;7581;-17200;0.96261216;0.034670352;-0.24983048;1204699919
-204.365740;343.6875;7581;-17207;0.96363184;0.034670352;-0.23657418;1204721940
-204.337537;343.6875;7581;-17213;0.9646516;0.02447319;-0.22841644;1204750143
-204.307571;343.625;7581;-17219;0.961592464;0.015295744;-0.23555446;1204780109
-204.283929;343.625;7581;-17219;0.9605727;0.0193746092;-0.24983048;1204803751
-204.235961;343.625;7581;-17219;0.961592464;0.023453474;-0.24575162;1204851719
-204.207497;343.625;7581;-17219;0.96363184;0.023453474;-0.23555446;1204880183
-204.184355;343.625;7581;-17219;0.96261216;0.020394326;-0.22943616;1204903325
-204.157855;343.625;7581;-17219;0.961592464;0.017335176;-0.23657418;1204929825
-204.135279;343.6875;7581;-17213;0.961592464;0.0193746092;-0.247791052;1204952401
-204.086729;343.6875;7581;-17188;0.9605727;0.029571772;-0.25186992;1205000951
-204.057369;343.6875;7581;-17182;0.96363184;0.0387492184;-0.24167276;1205030311
-204.034291;343.6875;7581;-17182;0.9646516;0.0377295;-0.232495316;1205053389
-204.007540;343.6875;7581;-17182;0.96363184;0.031611204;-0.2386136;1205080140
-203.985666;343.6875;7581;-17182;0.961592464;0.025492906;-0.24677134;1205102014
-203.904203;343.6875;7581;-17182;0.961592464;0.042828084;-0.24167276;1205183477
-203.882901;343.6875;7581;-17182;0.96261216;0.034670352;-0.23453474;1205204779
-203.834085;343.6875;7587;-17200;0.959553;0.012236595;-0.24167276;1205253595
-203.807803;343.6875;7587;;190;179;4255;1205279877
-203.781379;343.6875;7587;-17207;0.961592464;0.021414042;-0.24677134;1205306301
-203.757265;343.6875;7587;-17207;0.96363184;0.028552056;-0.242692468;1205330415
-203.727755;343.6875;7587;-17207;0.961592464;0.03263092;-0.237593884;1205359925
-203.697372;343.6875;7587;-17207;0.96261216;0.0193746092;-0.2386136;1205390308
-203.657434;343.6875;7587;-17207;0.96363184;0.011216879;-0.24167276;1205430246
-203.621818;343.6875;7581;-17194;0.9605727;0.02753234;-0.24575162;1205465862
-203.597255;343.6875;7581;-17175;0.96261216;0.0377295;-0.24677134;1205490425
-203.575988;343.6875;7581;-17169;0.96261216;0.042828084;-0.242692468;1205511692
-203.520071;343.6875;7581;-17175;0.9605727;0.02753234;-0.247791052;1205567609
-203.497297;343.6875;7581;-17175;0.961592464;0.026512622;-0.247791052;1205590383
-203.475970;343.6875;7581;-17175;0.961592464;0.029571772;-0.2508502;1205611710
-203.432185;343.6875;7581;-17175;0.96261216;0.0377295;-0.23963332;1205655495
-203.407120;343.6875;7581;-17175;0.96261216;0.03569007;-0.242692468;1205680560
-203.377153;343.6875;7581;-17188;0.961592464;0.02447319;-0.24371218;1205710527
-203.347453;343.6875;7581;-17194;0.959553;0.012236595;-0.2447319;1205740227
-203.297394;343.625;7587;-17200;0.9605727;0.020394326;-0.248810768;1205790286
-203.275704;343.625;7581;-17194;0.96261216;0.030591488;-0.23657418;1205811976
-203.248130;343.625;7581;-17194;0.961592464;0.029571772;-0.24167276;1205839550
-203.213644;343.625;7581;-17194;0.96261216;0.018354892;-0.24575162;1205874036
-203.187320;343.6875;7581;-17194;0.959553;0.0193746092;-0.24677134;1205900360
-203.165846;343.6875;7581;-17188;0.9605727;0.023453474;-0.24575162;1205921834
-203.137809;343.6875;7581;-17182;0.96363184;0.030591488;-0.23555446;1205949871
-203.114978;343.75;7581;-17169;0.9646516;0.0387492184;-0.23555446;1205972702
-203.087455;343.75;7581;-17163;0.96363184;0.036709784;-0.23555446;1206000225
-203.065940;343.75;7581;-17163;0.961592464;0.03263092;-0.248810768;1206021740
-203.043955;343.75;7581;-17163;0.9605727;0.028552056;-0.25288964;1206043725
-202.994514;343.6875;7581;-17163;0.959553;0.031611204;-0.24575162;1206093166
-202.967918;343.6875;7581;-17163;0.96363184;0.03263092;-0.23351502;1206119762
-202.940018;343.6875;7581;-17163;0.96363184;0.031611204;-0.23963332;1206147662
-202.917197;343.6875;7581;-17163;0.961592464;0.03263092;-0.2447319;1206170483
-202.887067;343.6875;7581;-17175;0.96261216;0.023453474;-0.2508502;1206200613
-202.864165;343.6875;7581;-17175;0.959553;0.01631546;-0.24677134;1206223515
-202.837189;343.6875;7581;-17175;0.96261216;0.017335176;-0.242692468;1206250491
-202.775342;343.6875;7581;-17175;0.96261216;0.02753234;-0.24167276;1206312338
-202.731781;343.6875;7581;-17175;0.9585333;0.02447319;-0.24983048;1206355899
-202.707496;343.6875;7581;-17169;0.96261216;0.020394326;-0.24371218;1206380184
-202.684314;343.6875;7581;-17163;0.96261216;0.02447319;-0.23555446;1206403366
-202.606273;343.75;7581;-17150;0.9605727;0.034670352;-0.248810768;1206481407
-202.585052;343.75;7581;-17150;0.96261216;0.031611204;-0.24677134;1206502628
-202.535954;343.75;7581;-17150;0.96261216;0.02447319;-0.23045588;1206551726
-202.507154;343.75;7581;-17150;0.96261216;0.023453474;-0.23453474;1206580526
-202.483748;343.75;7581;-17150;0.961592464;0.03263092;-0.24371218;1206603932
-202.387682;343.75;7581;-17157;0.96363184;0.01631546;-0.23657418;1206699998
-202.347421;343.75;7581;-17157;0.96363184;0.018354892;-0.24167276;1206740259
-202.317364;343.75;7581;-17150;0.961592464;0.020394326;-0.24983048;1206770316
-202.287150;343.75;7581;-17150;0.959553;0.030591488;-0.25390936;1206800530
-202.265201;343.75;7581;-17150;0.96261216;0.02753234;-0.23963332;1206822479
-202.237644;343.75;7581;-17150;0.961592464;0.025492906;-0.23963332;1206850036
-202.207788;343.75;7581;-17150;0.96363184;0.020394326;-0.2386136;1206879892
-202.185924;343.75;7581;-17138;0.9605727;0.029571772;-0.24983048;1206901756
-202.163912;343.75;7581;-17132;0.9605727;0.039768936;-0.25492908;1206923768
-202.137353;343.75;7581;-17132;0.959553;0.0377295;-0.25390936;1206950327
-202.114525;343.8125;7581;-17125;0.96261216;0.0387492184;-0.24065304;1206973155
-202.087731;343.8125;7587;-17125;0.9605727;0.033650636;-0.23453474;1206999949
-202.065987;343.8125;7587;-17125;0.96261216;0.026512622;-0.232495316;1207021693
-202.037625;343.8125;7587;-17125;0.9605727;0.023453474;-0.242692468;1207050055
-202.007836;343.8125;7587;-17125;0.961592464;0.026512622;-0.247791052;1207079844
-201.957543;343.8125;7587;-17125;0.96363184;0.031611204;-0.23963332;1207130137
-201.907447;343.8125;7587;-17125;0.96363184;0.020394326;-0.226377008;1207180233
-201.862851;343.8125;7587;-17138;0.961592464;0.017335176;-0.24677134;1207224829
-201.837485;343.75;7587;-17144;0.9585333;0.023453474;-0.2508502;1207250195
-201.797862;343.75;7581;-17138;0.961592464;0.033650636;-0.24167276;1207289818
-201.775074;343.75;7581;-17138;0.9646516;0.028552056;-0.232495316;1207312606
-201.743347;343.75;7581;-17144;0.96261216;0.020394326;-0.23657418;1207344333
-201.717853;343.75;7581;-17144;0.959553;0.017335176;-0.24575162;1207369827
-201.695915;343.6875;7581;-17144;0.959553;0.026512622;-0.2569685;1207391765
-201.673446;343.6875;7581;-17138;0.9605727;0.036709784;-0.24983048;1207414234
-201.647862;343.6875;7581;-17138;0.96261216;0.0387492184;-0.24575162;1207439818
-201.617499;343.75;7581;-17138;0.9656713;0.039768936;-0.23045588;1207470181
-201.587395;343.6875;7581;-17144;0.961592464;0.025492906;-0.237593884;1207500285
-201.565760;343.6875;7581;-17144;0.9605727;0.020394326;-0.25492908;1207521920
-201.543625;343.6875;7581;-17150;0.9585333;0.02447319;-0.2569685;1207544055
-201.517860;343.6875;7581;-17150;0.9605727;0.026512622;-0.24677134;1207569820
-201.480943;343.6875;7581;-17150;0.96363184;0.034670352;-0.232495316;1207606737
-201.457286;343.6875;7587;-17157;0.9656713;0.030591488;-0.22943616;1207630394
-201.435996;343.6875;7587;-17157;0.96363184;0.018354892;-0.23963332;1207651684
-201.413597;343.6875;7587;-17163;0.961592464;0.011216879;-0.24677134;1207674083
-201.387193;343.625;7581;-17175;0.96261216;0.012236595;-0.24983048;1207700487
-201.336065;343.625;7581;-17169;0.9646516;0.03263092;-0.2314756;1207751615
-201.307579;343.625;7581;-17169;0.96363184;0.033650636;-0.23351502;1207780101
-201.284304;343.625;7581;-17169;0.96363184;0.02753234;-0.2386136;1207803376
-201.235306;343.625;7581;-17175;0.959553;0.020394326;-0.25288964;1207852374
-201.197530;343.625;7581;-17169;0.96363184;0.030591488;-0.24575162;1207890150
-201.175330;343.625;7581;-17169;0.9646516;0.04078865;-0.23351502;1207912350
-201.154016;343.625;7581;-17169;0.9646516;0.0387492184;-0.23351502;1207933664
-201.131366;343.625;7581;-17169;0.96261216;0.03569007;-0.237593884;1207956314
-201.107414;343.625;7581;-17169;0.961592464;0.02447319;-0.24983048;1207980266
-201.085905;343.5625;7581;-17175;0.959553;0.017335176;-0.25390936;1208001775
-201.047551;343.5625;7581;-17182;0.96261216;0.02753234;-0.248810768;1208040129
-201.025794;343.5625;7581;-17182;0.96363184;0.033650636;-0.24065304;1208061886
-201.004101;343.5625;7581;-17182;0.9646516;0.036709784;-0.23657418;1208083579
-200.982089;343.5625;7581;-17182;0.961592464;0.03263092;-0.23657418;1208105591
-200.935959;343.5625;7581;-17188;0.959553;0.018354892;-0.2508502;1208151721
-200.913751;343.5625;7581;-17188;0.96261216;0.017335176;-0.24575162;1208173929
-200.887412;343.5625;7581;-17194;0.96261216;0.017335176;-0.24371218;1208200268
-200.865364;343.5625;7581;-17194;0.9656713;0.026512622;-0.2314756;1208222316
-200.837777;343.5625;7581;-17194;0.96363184;0.028552056;-0.23453474;1208249903
-200.807530;343.5625;7581;-17194;0.961592464;0.025492906;-0.24677134;1208280150
-200.785039;343.5625;7581;-17194;0.961592464;0.023453474;-0.24983048;1208302641
-200.757846;343.5625;7581;-17194;0.9605727;0.02447319;-0.248810768;1208329834
-200.697615;343.5625;7581;-17194;0.9656713;0.03263092;-0.23555446;1208390065
-200.675998;343.5625;7581;-17194;0.961592464;0.036709784;-0.2386136;1208411682
-200.632196;343.5625;7581;;-138;0;4254;1208455484
-200.607342;343.5625;7581;-17194;0.9605727;0.02753234;-0.24983048;1208480338
-200.585742;343.5625;7581;-17194;0.961592464;0.025492906;-0.24167276;1208501938
-200.557971;343.5625;7581;-17194;0.96363184;0.026512622;-0.23351502;1208529709
-200.530495;343.5625;7581;-17194;0.9656713;0.028552056;-0.23453474;1208557185
-200.507551;343.5625;7581;-17194;0.961592464;0.028552056;-0.2447319;1208580129
-200.485310;343.5625;7581;-17194;0.961592464;0.02753234;-0.25390936;1208602370
-200.458353;343.5625;7581;;-77;0;4251;1208629327
-200.429126;343.5625;7581;-17194;0.961592464;0.020394326;-0.24065304;1208658554
-200.407088;343.5625;7581;-17194;0.9605727;0.023453474;-0.232495316;1208680592
-200.383435;343.5625;7581;-17194;0.96363184;0.026512622;-0.23045588;1208704245
-200.334899;343.5625;7581;-17194;0.9605727;0.029571772;-0.24983048;1208752781
-200.307574;343.5625;7581;-17194;0.96261216;0.02753234;-0.24677134;1208780106
-200.277572;343.5625;7581;-17194;0.96363184;0.02753234;-0.24065304;1208810108
-200.253967;343.5625;7581;-17194;0.96261216;0.028552056;-0.23555446;1208833713
-200.231857;343.5625;7581;-17194;0.96261216;0.031611204;-0.23351502;1208855823
-200.186958;343.5625;7581;-17188;0.961592464;0.03263092;-0.24575162;1208900722
-200.165076;343.5625;7581;-17188;0.96261216;0.033650636;-0.24575162;1208922604
-200.137074;343.5625;7581;-17188;0.9646516;0.033650636;-0.24575162;1208950606
-200.115221;343.5625;7581;-17188;0.96363184;0.030591488;-0.23453474;1208972459
-200.087441;343.5625;7581;-17188;0.9646516;0.025492906;-0.23045588;1209000239
-200.065917;343.5625;7581;-17188;0.96363184;0.025492906;-0.24065304;1209021763
-200.044219;343.5625;7581;-17188;0.9605727;0.023453474;-0.24575162;1209043461
-200.018009;343.5625;7581;-17188;0.9605727;0.02753234;-0.2508502;1209069671
-199.987186;343.5625;7581;-17188;0.959553;0.02753234;-0.24983048;1209100494
-199.958979;343.5625;7581;-17188;0.96363184;0.026512622;-0.2386136;1209128701
-199.897776;343.5625;7581;-17188;0.96363184;0.021414042;-0.24065304;1209189904
-199.873860;343.5625;7581;-17188;0.961592464;0.026512622;-0.248810768;1209213820
-199.847770;343.5625;7581;-17188;0.9605727;0.026512622;-0.25492908;1209239910
-199.787639;343.5625;7581;-17188;0.96363184;0.02753234;-0.232495316;1209300041
-199.737296;343.5625;7581;-17188;0.96363184;0.026512622;-0.237593884;1209350384
-199.707031;343.5625;7581;-17188;0.9605727;0.029571772;-0.248810768;1209380649
-199.681967;343.5625;7581;-17188;0.961592464;0.034670352;-0.248810768;1209405713
-199.636023;343.5;7587;-17188;0.96363184;0.030591488;-0.23657418;1209451657
-199.607410;343.5;7587;-17194;0.9646516;0.028552056;-0.23657418;1209480270
-199.585233;343.5;7587;-17194;0.961592464;0.022433758;-0.242692468;1209502447
-199.557819;343.5;7587;;-340;0;4254;1209529861
-199.505999;343.5625;7587;-17194;0.966691;0.030591488;-0.23555446;1209581681
-199.482792;343.5625;7587;-17188;0.96363184;0.020394326;-0.23555446;1209604888
-199.457310;343.5625;7587;-17188;0.961592464;0.018354892;-0.2447319;1209630370
-199.434581;343.5625;7587;-17188;0.959553;0.017335176;-0.248810768;1209653099
-199.408059;343.5625;7587;-17188;0.961592464;0.025492906;-0.2447319;1209679621
-199.357957;343.5625;7587;-17188;0.96363184;0.03263092;-0.22229814;1209729723
-199.317097;343.5625;7587;-17188;0.96261216;0.020394326;-0.242692468;1209770583
-199.287370;343.5625;7587;-17188;0.961592464;0.026512622;-0.2579882;1209800310
-199.264497;343.5;7581;-17182;0.9605727;0.028552056;-0.247791052;1209823183
-199.238163;343.5;7581;-17182;0.961592464;0.02753234;-0.242692468;1209849517
-199.215264;343.5;7581;-17175;0.9656713;0.034670352;-0.23045588;1209872416
-199.187197;343.5;7581;-17182;0.96363184;0.033650636;-0.23555446;1209900483
-199.164350;343.5;7581;-17182;0.959553;0.029571772;-0.2579882;1209923330
-199.137624;343.5;7581;-17182;0.9575136;0.02753234;-0.2630868;1209950056
-199.115698;343.4375;7581;-17188;0.959553;0.02447319;-0.2508502;1209971982
-199.093517;343.4375;7575;-17188;0.961592464;0.028552056;-0.24575162;1209994163
-199.067776;343.4375;7581;-17188;0.961592464;0.029571772;-0.23657418;1210019904
-199.044370;343.4375;7581;-17188;0.96363184;0.03263092;-0.23351502;1210043310
-199.018313;343.4375;7581;-17188;0.96261216;0.031611204;-0.24575162;1210069367
-198.987320;343.4375;7581;-17200;0.959553;0.021414042;-0.2569685;1210100360
-198.965154;343.4375;7581;-17200;0.96363184;0.02447319;-0.247791052;1210122526
-198.937504;343.5;7581;-17200;0.961592464;0.018354892;-0.242692468;1210150176
-198.893729;343.4375;7581;-17200;0.96261216;0.02447319;-0.22841644;1210193951
-198.867741;343.4375;7587;-17200;0.9646516;0.02447319;-0.23555446;1210219939
-198.845566;343.4375;7581;-17207;0.961592464;0.033650636;-0.248810768;1210242114
-198.824056;343.4375;7581;-17207;0.96363184;0.02753234;-0.248810768;1210263624
-198.797212;343.4375;7581;-17207;0.96261216;0.02447319;-0.2447319;1210290468
-198.767467;343.4375;7581;-17207;0.96261216;0.023453474;-0.22739672;1210320213
-198.746039;343.4375;7587;-17213;0.96363184;0.026512622;-0.23045588;1210341641
-198.717804;343.4375;7581;-17207;0.96261216;0.031611204;-0.237593884;1210369876
-198.682068;343.4375;7581;-17200;0.961592464;0.03569007;-0.26104736;1210405612
-198.657581;343.375;7581;-17207;0.959553;0.033650636;-0.25492908;1210430099
-198.627140;343.375;7581;-17207;0.96261216;0.02447319;-0.23555446;1210460540
-198.597317;343.375;7581;-17207;0.96363184;0.018354892;-0.22841644;1210490363
-198.575681;343.375;7581;-17207;0.961592464;0.020394326;-0.242692468;1210511999
-198.547867;343.375;7581;-17213;0.959553;0.025492906;-0.2508502;1210539813
-198.517455;343.375;7575;-17213;0.9605727;0.03569007;-0.25900792;1210570225
-198.495731;343.375;7575;-17213;0.959553;0.031611204;-0.25288964;1210591949
-198.473049;343.375;7581;-17207;0.9605727;0.025492906;-0.23453474;1210614631
-198.407336;343.4375;7581;-17213;0.961592464;0.020394326;-0.24065304;1210680344
-198.364877;343.4375;7581;-17200;0.96261216;0.031611204;-0.25288964;1210722803
-198.337368;343.4375;7581;-17200;0.9605727;0.036709784;-0.24983048;1210750312
-198.314836;343.4375;7581;-17200;0.96363184;0.029571772;-0.2314756;1210772844
-198.287638;343.5;7587;-17194;0.96261216;0.02447319;-0.22739672;1210800042
-198.265960;343.4375;7587;-17200;0.96261216;0.018354892;-0.23555446;1210821720
-198.243966;343.4375;7587;-17200;0.961592464;0.023453474;-0.24371218;1210843714
-198.217786;343.4375;7587;-17200;0.96363184;0.029571772;-0.248810768;1210869894
-198.187217;343.4375;7581;-17194;0.961592464;0.039768936;-0.25492908;1210900463
-198.165210;343.4375;7581;-17194;0.961592464;0.04078865;-0.23963332;1210922470
-198.143892;343.4375;7581;-17200;0.96363184;0.03263092;-0.23453474;1210943788
-198.117448;343.375;7581;-17207;0.96363184;0.022433758;-0.23045588;1210970232
-198.096168;343.375;7587;-17213;0.96363184;0.015295744;-0.24065304;1210991512
-198.074678;343.375;7581;-17213;0.9605727;0.0193746092;-0.248810768;1211013002
-198.027103;343.375;7581;-17213;0.9575136;0.036709784;-0.2569685;1211060577
-198.003381;343.375;7581;-17213;0.96261216;0.036709784;-0.24575162;1211084299
-197.980782;343.375;7587;-17213;0.96363184;0.026512622;-0.22943616;1211106898
-197.935985;343.375;7587;-17213;0.96261216;0.011216879;-0.24167276;1211151695
-197.907423;343.375;7587;-17207;0.9605727;0.018354892;-0.25492908;1211180257
-197.885275;343.4375;7587;-17200;0.9605727;0.03263092;-0.24983048;1211202405
-197.863855;343.4375;7587;-17188;0.9646516;0.0387492184;-0.2447319;1211223825
-197.837101;343.4375;7587;-17188;0.96363184;0.04078865;-0.232495316;1211250579
-197.806892;343.4375;7587;-17188;0.96261216;0.025492906;-0.23657418;1211280788
-197.784754;343.4375;7587;-17188;0.9605727;0.020394326;-0.23963332;1211302926
-197.757630;343.5;7587;-17188;0.9575136;0.017335176;-0.247791052;1211330050
-197.730546;343.5;7587;-17188;0.96261216;0.02447319;-0.24371218;1211357134
-197.707384;343.5;7587;-17182;0.96363184;0.034670352;-0.24065304;1211380296
-197.684179;343.5;7587;-17182;0.96363184;0.04588723;-0.23453474;1211403501
-197.657602;343.5;7587;-17182;0.96261216;0.036709784;-0.24167276;1211430078
-197.607587;343.4375;7587;-17194;0.961592464;0.015295744;-0.2447319;1211480093
-197.583274;343.4375;7587;-17194;0.96261216;0.017335176;-0.242692468;1211504406
-197.557604;343.4375;7587;-17188;0.961592464;0.023453474;-0.237593884;1211530076
-197.504473;343.4375;7587;-17188;0.961592464;0.0377295;-0.247791052;1211583207
-197.483162;343.4375;7587;-17194;0.96363184;0.028552056;-0.24575162;1211604518
-197.457788;343.4375;7587;-17194;0.9605727;0.017335176;-0.2447319;1211629892
-197.428669;343.4375;7587;-17200;0.9585333;0.0061182976;-0.242692468;1211659011
-197.397414;343.375;7587;-17200;0.961592464;0.022433758;-0.24167276;1211690266
-197.373859;343.375;7587;-17194;0.961592464;0.042828084;-0.24065304;1211713821
-197.347720;343.375;7587;-17188;0.96363184;0.044867516;-0.247791052;1211739960
-197.317409;343.4375;7587;-17188;0.96261216;0.02753234;-0.24167276;1211770271
-197.287485;343.4375;7587;-17188;0.961592464;0.013256311;-0.24167276;1211800195
-197.266044;343.375;7587;-17194;0.961592464;0.01631546;-0.23657418;1211821636
-197.207366;343.4375;7587;-17182;0.961592464;0.046906948;-0.2447319;1211880314
-197.153725;343.4375;7587;-17188;0.961592464;0.025492906;-0.24065304;1211933955
-197.131890;343.4375;7587;-17194;0.96261216;0.014276028;-0.23963332;1211955790
-197.107430;343.375;7587;-17200;0.961592464;0.012236595;-0.237593884;1211980250
-197.085857;343.375;7587;-17200;0.961592464;0.028552056;-0.24677134;1212001823
-197.063927;343.3125;7587;-17207;0.96363184;0.0377295;-0.2447319;1212023753
-197.037385;343.3125;7587;-17207;0.961592464;0.03263092;-0.242692468;1212050295
-197.007551;343.3125;7587;-17207;0.9605727;0.029571772;-0.24677134;1212080129
-196.985216;343.3125;7581;-17207;0.961592464;0.022433758;-0.2447319;1212102464
-196.963650;343.3125;7581;-17213;0.961592464;0.013256311;-0.2386136;1212124030
-196.937339;343.3125;7587;-17213;0.96261216;0.017335176;-0.2386136;1212150341
-196.916151;343.3125;7587;-17219;0.96363184;0.029571772;-0.248810768;1212171529
-196.893901;343.3125;7581;-17219;0.9605727;0.0387492184;-0.24983048;1212193779
-196.867142;343.3125;7581;-17219;0.96261216;0.039768936;-0.24575162;1212220538
-196.843717;343.3125;7581;-17219;0.96363184;0.031611204;-0.24575162;1212243963
-196.817475;343.3125;7581;-17219;0.961592464;0.020394326;-0.2386136;1212270205
-196.791735;343.3125;7581;-17225;0.961592464;0.013256311;-0.242692468;1212295945
-196.732325;343.3125;7581;;855;380;4251;1212355355
-196.707054;343.25;7581;-17225;0.9575136;0.039768936;-0.2447319;1212380626
-196.677403;343.25;7581;-17225;0.96261216;0.02447319;-0.24167276;1212410277
-196.647098;343.25;7581;-17232;0.96261216;0.018354892;-0.24575162;1212440582
-196.617550;343.25;7581;-17238;0.96363184;0.013256311;-0.24371218;1212470130
-196.575001;343.25;7581;-17238;0.96363184;0.0387492184;-0.24065304;1212512679
-196.527389;343.25;7581;-17238;0.961592464;0.029571772;-0.24167276;1212560291
-196.497299;343.25;7581;-17238;0.961592464;0.020394326;-0.24677134;1212590381
-196.467618;343.1875;7581;-17244;0.961592464;0.011216879;-0.247791052;1212620062
-196.437141;343.1875;7581;-17244;0.96261216;0.026512622;-0.24983048;1212650539
-196.407468;343.1875;7581;-17238;0.9605727;0.03569007;-0.24167276;1212680212
-196.385663;343.1875;7581;-17238;0.9646516;0.034670352;-0.23351502;1212702017
-196.361789;343.1875;7581;-17238;0.9646516;0.031611204;-0.23555446;1212725891
-196.337164;343.25;7581;-17244;0.9605727;0.018354892;-0.2447319;1212750516
-196.307585;343.25;7581;-17244;0.9585333;0.018354892;-0.25186992;1212780095
-196.265090;343.25;7581;-17238;0.961592464;0.031611204;-0.242692468;1212822590
-196.237496;343.25;7581;-17238;0.96771068;0.03263092;-0.23657418;1212850184
-196.207193;343.25;7581;-17238;0.96363184;0.028552056;-0.24065304;1212880487
-196.185133;343.25;7581;-17238;0.961592464;0.020394326;-0.24065304;1212902547
-196.157936;343.25;7581;;308;228;4253;1212929744
-196.135732;343.3125;7581;-17238;0.96261216;0.022433758;-0.2508502;1212951948
-196.107952;343.25;7581;-17232;0.961592464;0.031611204;-0.24167276;1212979728
-196.084720;343.25;7581;-17232;0.96363184;0.031611204;-0.2314756;1213002960
-196.057865;343.25;7581;;357;245;4257;1213029815
-196.036165;343.25;7581;-17232;0.9646516;0.023453474;-0.242692468;1213051515
-196.007701;343.25;7581;-17232;0.9585333;0.015295744;-0.25288964;1213079979
-195.984050;343.25;7581;-17232;0.9605727;0.025492906;-0.24983048;1213103630
-195.957759;343.25;7581;;488;287;4252;1213129921
-195.934931;343.25;7581;-17225;0.961592464;0.03263092;-0.23453474;1213152749
-195.907667;343.25;7581;-17225;0.9646516;0.0377295;-0.237593884;1213180013
-195.884639;343.25;7581;-17225;0.96261216;0.02753234;-0.24167276;1213203041
-195.837282;343.1875;7581;-17232;0.959553;0.01631546;-0.25594878;1213250398
-195.807364;343.1875;7581;-17232;0.959553;0.029571772;-0.24983048;1213280316
-195.784404;343.1875;7581;-17232;0.96363184;0.033650636;-0.2386136;1213303276
-195.758746;343.1875;7581;-17232;0.96363184;0.036709784;-0.23453474;1213328934
-195.736670;343.1875;7581;-17232;0.96363184;0.02753234;-0.24167276;1213351010
-195.714611;343.1875;7581;-17232;0.961592464;0.017335176;-0.248810768;1213373069
-195.687707;343.1875;7581;-17238;0.96261216;0.015295744;-0.2508502;1213399973
-195.657471;343.1875;7581;-17238;0.959553;0.025492906;-0.247791052;1213430209
-195.627433;343.1875;7581;-17238;0.9646516;0.031611204;-0.23351502;1213460247
-195.605807;343.1875;7581;-17238;0.96363184;0.03263092;-0.2386136;1213481873
-195.583674;343.1875;7581;-17238;0.96261216;0.028552056;-0.23453474;1213504006
-195.557787;343.1875;7581;-17238;0.96261216;0.022433758;-0.24371218;1213529893
-195.505197;343.1875;7581;-17238;0.961592464;0.02753234;-0.23963332;1213582483
-195.483583;343.1875;7581;-17232;0.9646516;0.0377295;-0.23555446;1213604097
-195.429974;343.125;7581;-17238;0.96363184;0.03263092;-0.23657418;1213657706
-195.387587;343.125;7581;-17238;0.9585333;0.022433758;-0.2569685;1213700093
-195.364271;343.125;7575;-17244;0.9585333;0.020394326;-0.26002764;1213723409
-195.337263;343.125;7575;-17250;0.961592464;0.02447319;-0.25390936;1213750417
-195.307133;343.125;7575;-17250;0.96363184;0.03263092;-0.23657418;1213780547
-195.284307;343.125;7575;-17244;0.9646516;0.030591488;-0.22739672;1213803373
-195.258698;343.125;7575;-17250;0.959553;0.030591488;-0.24983048;1213828982
-195.236610;343.125;7575;-17250;0.959553;0.020394326;-0.2641065;1213851070
-195.207627;343.0625;7575;-17257;0.959553;0.014276028;-0.26104736;1213880053
-195.183338;343.0625;7575;-17263;0.961592464;0.025492906;-0.24167276;1213904342
-195.134420;343.0625;7581;-17257;0.9646516;0.030591488;-0.226377008;1213953260
-195.107793;343.0625;7581;-17257;0.9605727;0.030591488;-0.24371218;1213979887
-195.085461;343.125;7581;-17257;0.9585333;0.020394326;-0.25186992;1214002219
-195.063275;343.0625;7581;-17263;0.961592464;0.01631546;-0.25492908;1214024405
-195.037693;343.125;7581;-17263;0.959553;0.02447319;-0.25492908;1214049987
-195.007648;343.0625;7581;-17263;0.9656713;0.0377295;-0.2253573;1214080032
-194.964289;343.0625;7581;-17263;0.9605727;0.029571772;-0.2447319;1214123391
-194.937444;343.0625;7575;-17263;0.96261216;0.023453474;-0.24371218;1214150236
-194.907493;343.0625;7575;-17269;0.9585333;0.023453474;-0.26002764;1214180187
-194.879941;343.0;7575;-17269;0.961592464;0.028552056;-0.25288964;1214207739
-194.847508;343.0;7575;-17269;0.9656713;0.029571772;-0.22841644;1214240172
-194.825479;343.0;7575;;745;355;4251;1214262201
-194.797501;343.0;7575;-17269;0.96261216;0.029571772;-0.24065304;1214290179
-194.775778;343.0;7575;-17269;0.9575136;0.021414042;-0.25900792;1214311902
-194.747806;343.0;7575;-17275;0.9575136;0.0193746092;-0.27124452;1214339874
-194.719776;343.0;7575;-17275;0.9646516;0.023453474;-0.242692468;1214367904
-194.687202;343.0;7575;-17275;0.96363184;0.029571772;-0.22739672;1214400478
-194.664389;343.0;7575;-17275;0.96771068;0.028552056;-0.232495316;1214423291
-194.637311;343.0;7575;-17275;0.96261216;0.03263092;-0.2447319;1214450369
-194.616046;343.0;7575;-17275;0.9585333;0.0193746092;-0.2641065;1214471634
-194.587149;343.0;7575;-17282;0.959553;0.020394326;-0.2569685;1214500531
-194.564314;343.0;7575;-17282;0.96261216;0.02753234;-0.24167276;1214523366
-194.537714;343.0;7581;-17282;0.9646516;0.02753234;-0.22841644;1214549966
-194.474499;343.0;7575;-17282;0.9585333;0.023453474;-0.25288964;1214613181
-194.447919;342.9375;7575;-17282;0.9575136;0.022433758;-0.26206708;1214639761
-194.424690;342.9375;7575;;922;395;4258;1214662990
-194.397357;343.0;7575;-17282;0.961592464;0.0377295;-0.23351502;1214690323
-194.374959;343.0;7575;-17282;0.96771068;0.02753234;-0.2253573;1214712721
-194.337227;343.0;7575;-17282;0.96363184;0.029571772;-0.242692468;1214750453
-194.315984;342.9375;7575;-17282;0.96261216;0.012236595;-0.24677134;1214771696
-194.286935;342.9375;7575;-17288;0.9585333;0.021414042;-0.25288964;1214800745
-194.264217;342.9375;7575;-17288;0.9605727;0.033650636;-0.25594878;1214823463
-194.237410;342.9375;7575;-17282;0.96363184;0.025492906;-0.23555446;1214850270
-194.207306;342.9375;7575;-17282;0.961592464;0.025492906;-0.23657418;1214880374
-194.182547;342.9375;7575;-17288;0.966691;0.025492906;-0.242692468;1214905133
-194.135721;342.9375;7575;-17294;0.9575136;0.020394326;-0.247791052;1214951959
-194.113101;342.9375;7575;-17288;0.96261216;0.03569007;-0.25390936;1214974579
-194.066475;342.9375;7575;-17288;0.96261216;0.026512622;-0.237593884;1215021205
-194.036918;342.9375;7581;-17288;0.9656713;0.0193746092;-0.23963332;1215050762
-194.014826;342.9375;7581;-17294;0.961592464;0.022433758;-0.247791052;1215072854
-193.987216;342.9375;7575;-17288;0.961592464;0.023453474;-0.24677134;1215100464
-193.957101;342.9375;7575;-17282;0.96363184;0.03569007;-0.24677134;1215130579
-193.934678;342.9375;7575;-17282;0.9646516;0.0377295;-0.24167276;1215153002
-193.910839;342.9375;7575;-17282;0.96363184;0.028552056;-0.23555446;1215176841
-193.887036;342.9375;7575;-17282;0.959553;0.020394326;-0.23657418;1215200644
-193.863291;342.9375;7575;-17282;0.961592464;0.022433758;-0.24575162;1215224389
-193.837488;342.9375;7575;-17288;0.961592464;0.025492906;-0.247791052;1215250192
-193.815083;342.875;7575;-17288;0.96261216;0.02753234;-0.24575162;1215272597
-193.787159;342.9375;7575;-17288;0.9605727;0.0387492184;-0.24575162;1215300521
-193.764155;342.9375;7575;-17288;0.9585333;0.031611204;-0.24371218;1215323525
-193.737433;342.9375;7575;-17288;0.96363184;0.025492906;-0.24371218;1215350247
-193.707438;342.9375;7575;-17288;0.9585333;0.015295744;-0.2447319;1215380242
-193.677169;342.875;7575;-17288;0.96261216;0.023453474;-0.24677134;1215410511
-193.637232;342.875;7575;-17282;0.96363184;0.034670352;-0.24371218;1215450448
-193.607185;342.875;7575;-17282;0.96363184;0.03569007;-0.242692468;1215480495
-193.584494;342.9375;7575;-17282;0.96261216;0.020394326;-0.24167276;1215503186
-193.557577;342.9375;7575;-17282;0.961592464;0.015295744;-0.24371218;1215530103
-193.530551;342.9375;7575;-17282;0.96261216;0.02447319;-0.2447319;1215557129
-193.497433;342.9375;7575;;690;341;4254;1215590247
-193.475911;342.9375;7575;-17275;0.9605727;0.039768936;-0.242692468;1215611769
-193.453757;342.9375;7575;-17275;0.961592464;0.034670352;-0.2447319;1215633923
-193.397382;342.9375;7575;-17275;0.96261216;0.021414042;-0.24575162;1215690298
-193.374575;342.9375;7575;-17275;0.959553;0.017335176;-0.24167276;1215713105
-193.347426;342.9375;7575;-17282;0.9605727;0.02447319;-0.2447319;1215740254
-193.324255;342.9375;7575;;600;318;4253;1215763425
-193.297276;342.9375;7575;-17282;0.959553;0.03263092;-0.24371218;1215790404
-193.274549;342.9375;7575;-17282;0.9605727;0.030591488;-0.247791052;1215813131
-193.247494;342.9375;7575;-17282;0.96261216;0.022433758;-0.2447319;1215840186
-193.202179;342.9375;7575;-17282;0.9646516;0.0193746092;-0.242692468;1215885501
-193.177101;342.9375;7575;-17275;0.96261216;0.02753234;-0.24167276;1215910579
-193.147615;342.9375;7575;-17275;0.961592464;0.034670352;-0.24371218;1215940065
-193.125903;342.9375;7575;;537;301;4255;1215961777
-193.097316;342.9375;7575;-17275;0.96261216;0.028552056;-0.24371218;1215990364
-193.075225;342.9375;7575;-17275;0.961592464;0.015295744;-0.24167276;1216012455
-193.053839;342.9375;7575;-17275;0.96261216;0.025492906;-0.2447319;1216033841
-193.030601;342.9375;7575;-17269;0.9605727;0.031611204;-0.242692468;1216057079
-193.007290;342.9375;7575;-17269;0.96261216;0.034670352;-0.24575162;1216080390
-192.982806;342.9375;7575;-17269;0.961592464;0.034670352;-0.24167276;1216104874
-192.897254;342.9375;7575;-17269;0.9605727;0.020394326;-0.248810768;1216190426
-192.867967;342.9375;7575;-17269;0.959553;0.025492906;-0.24575162;1216219713
-192.836981;342.9375;7575;-17269;0.961592464;0.031611204;-0.24167276;1216250699
-192.814938;342.9375;7575;-17269;0.96261216;0.030591488;-0.2386136;1216272742
-192.737031;342.9375;7575;-17269;0.9605727;0.018354892;-0.2508502;1216350649
-192.714531;342.9375;7575;-17269;0.961592464;0.02447319;-0.242692468;1216373149
-192.687029;342.9375;7575;-17269;0.96261216;0.033650636;-0.24065304;1216400651
-192.661844;342.9375;7575;-17269;0.96261216;0.03263092;-0.24065304;1216425836
-192.636970;342.9375;7575;-17269;0.961592464;0.02447319;-0.2447319;1216450710
-192.607325;342.9375;7575;-17269;0.961592464;0.017335176;-0.24371218;1216480355
-192.576898;342.9375;7575;-17263;0.959553;0.026512622;-0.25390936;1216510782
-192.547583;342.9375;7575;-17257;0.961592464;0.031611204;-0.24575162;1216540097
-192.503866;342.9375;7575;-17257;0.96363184;0.0387492184;-0.2386136;1216583814
-192.481422;342.9375;7575;-17257;0.96363184;0.033650636;-0.24371218;1216606258
-192.433218;342.9375;7575;-17257;0.961592464;0.025492906;-0.25288964;1216654462
-192.407070;342.9375;7575;-17257;0.9605727;0.028552056;-0.25186992;1216680610
-192.384930;342.9375;7575;-17257;0.961592464;0.02753234;-0.23657418;1216702750
-192.361568;342.9375;7581;-17257;0.96363184;0.02753234;-0.23657418;1216726112
-192.316829;342.9375;7581;-17257;0.96261216;0.029571772;-0.24167276;1216770851
-192.269827;342.9375;7581;-17257;0.9575136;0.018354892;-0.25492908;1216817853
-192.247007;342.9375;7581;-17257;0.961592464;0.028552056;-0.248810768;1216840673
-192.207492;342.9375;7581;-17257;0.96261216;0.020394326;-0.232495316;1216880188
-192.157570;342.9375;7581;-17257;0.961592464;0.023453474;-0.24167276;1216930110
-192.135655;342.9375;7581;-17257;0.9605727;0.023453474;-0.2508502;1216952025
-192.112947;342.9375;7581;-17257;0.959553;0.023453474;-0.2508502;1216974733
-192.063472;342.9375;7581;-17250;0.96363184;0.0377295;-0.23963332;1217024208
-192.037287;342.9375;7581;-17250;0.96363184;0.031611204;-0.23351502;1217050393
-192.007187;342.9375;7581;-17250;0.96363184;0.03569007;-0.24167276;1217080493
-191.984008;342.9375;7581;-17250;0.9585333;0.031611204;-0.2508502;1217103672
-191.957219;342.9375;7581;-17250;0.96363184;0.026512622;-0.25186992;1217130461
-191.881970;342.9375;7581;-17250;0.96363184;0.030591488;-0.22841644;1217205710
-191.857095;342.9375;7581;-17250;0.96363184;0.026512622;-0.23963332;1217230585
-191.827196;342.9375;7581;-17250;0.9605727;0.023453474;-0.25594878;1217260484
-191.787187;342.9375;7581;-17250;0.959553;0.012236595;-0.247791052;1217300493
-191.765127;342.9375;7581;-17250;0.9605727;0.023453474;-0.2314756;1217322553
-191.736795;342.9375;7581;-17250;0.96261216;0.028552056;-0.232495316;1217350885
-191.706787;342.9375;7581;-17250;0.96363184;0.025492906;-0.24371218;1217380893
-191.683874;342.9375;7581;-17250;0.961592464;0.020394326;-0.2508502;1217403806
-191.635876;342.9375;7581;-17250;0.96363184;0.021414042;-0.2314756;1217451804
-191.607113;342.9375;7581;-17238;0.959553;0.029571772;-0.23657418;1217480567
-191.583999;342.9375;7581;-17232;0.96261216;0.041808368;-0.24677134;1217503681
-191.557176;342.9375;7581;-17232;0.96363184;0.0387492184;-0.24167276;1217530504
-191.496931;342.9375;7581;-17232;0.96363184;0.025492906;-0.247791052;1217590749
-191.446857;342.9375;7581;-17232;0.961592464;0.036709784;-0.2447319;1217640823
-191.397024;342.9375;7581;-17232;0.9646516;0.02753234;-0.23555446;1217690656
-191.370453;342.9375;7581;-17232;0.9605727;0.023453474;-0.25186992;1217717227
-191.346975;343.0;7581;-17232;0.959553;0.021414042;-0.25288964;1217740705
-191.296963;343.0;7587;-17232;0.96363184;0.017335176;-0.23453474;1217790717
-191.274284;343.0;7587;-17232;0.96363184;0.02447319;-0.23045588;1217813396
-191.247196;343.0;7587;-17232;0.961592464;0.029571772;-0.24575162;1217840484
-191.225678;343.0;7587;;550;305;4254;1217862002
-191.203798;343.0;7587;-17232;0.959553;0.022433758;-0.24983048;1217883882
-191.181061;343.0;7587;-17232;0.96363184;0.012236595;-0.23555446;1217906619
-191.156838;343.0;7587;-17232;0.96261216;0.01631546;-0.23351502;1217930842
-191.132958;343.0;7587;-17225;0.96261216;0.03263092;-0.24065304;1217954722
-191.106977;343.0;7581;-17219;0.961592464;0.036709784;-0.248810768;1217980703
-191.084660;343.0;7581;-17219;0.961592464;0.033650636;-0.24983048;1218003020
-191.036181;343.0;7581;-17219;0.96261216;0.028552056;-0.2386136;1218051499
-191.013892;343.0;7581;-17219;0.96261216;0.02753234;-0.24167276;1218073788
-190.987076;343.0;7581;-17219;0.96261216;0.026512622;-0.23963332;1218100604
-190.964571;343.0;7581;-17219;0.9605727;0.029571772;-0.24065304;1218123109
-190.936724;343.0;7581;-17219;0.96261216;0.03263092;-0.248810768;1218150956
-190.914935;343.0;7581;-17219;0.9605727;0.03263092;-0.2508502;1218172745
-190.887647;343.0;7581;-17219;0.959553;0.031611204;-0.247791052;1218200033
-190.865487;343.0;7581;-17219;0.96363184;0.017335176;-0.2386136;1218222193
-190.836745;343.0;7581;-17219;0.96261216;0.015295744;-0.23657418;1218250935
-190.807099;343.0;7581;-17219;0.9605727;0.0193746092;-0.23555446;1218280581
-190.785005;343.0;7581;-17219;0.9605727;0.028552056;-0.24677134;1218302675
-190.763190;343.0;7581;-17219;0.9585333;0.031611204;-0.2508502;1218324490
-190.736643;343.0;7581;-17219;0.96363184;0.031611204;-0.2447319;1218351037
-190.715101;343.0;7581;-17219;0.96363184;0.021414042;-0.23657418;1218372579
-190.686748;343.0;7581;-17219;0.96261216;0.020394326;-0.23657418;1218400932
-190.664081;343.0625;7581;-17213;0.96363184;0.023453474;-0.24065304;1218423599
-190.606294;343.0625;7581;-17194;0.96261216;0.03569007;-0.242692468;1218481386
-190.576667;343.0625;7581;-17194;0.96363184;0.036709784;-0.24065304;1218511013
-190.554483;343.0625;7581;-17194;0.96261216;0.030591488;-0.242692468;1218533197
-190.529334;343.0625;7581;-17194;0.961592464;0.026512622;-0.24065304;1218558346
-190.502517;343.0625;7581;-17194;0.96261216;0.029571772;-0.24575162;1218585163
-190.476861;343.0625;7581;-17194;0.9605727;0.031611204;-0.24677134;1218610819
-190.427423;343.0625;7581;-17194;0.96261216;0.029571772;-0.2386136;1218660257
-190.397067;343.0625;7581;-17194;0.96363184;0.02447319;-0.24065304;1218690613
-190.374479;343.0625;7581;-17194;0.9646516;0.015295744;-0.237593884;1218713201
-190.347154;343.0625;7581;-17194;0.9605727;0.0193746092;-0.247791052;1218740526
-190.324032;343.0625;7581;-17194;0.96261216;0.026512622;-0.24983048;1218763648
-190.275007;343.0625;7581;-17194;0.96363184;0.028552056;-0.24065304;1218812673
-190.247144;343.0625;7581;-17194;0.9646516;0.02447319;-0.23453474;1218840536
-190.216295;343.0625;7581;-17194;0.96261216;0.0193746092;-0.23963332;1218871385
-190.186682;343.125;7581;-17182;0.96261216;0.022433758;-0.24167276;1218900998
-190.146512;343.125;7581;-17175;0.9585333;0.034670352;-0.25186992;1218941168
-190.122940;343.125;7581;-17175;0.96261216;0.03569007;-0.24167276;1218964740
-190.096837;343.125;7581;-17175;0.96363184;0.03263092;-0.23963332;1218990843
-190.074958;343.125;7581;-17175;0.96363184;0.025492906;-0.232495316;1219012722
-190.046917;343.125;7581;-17175;0.9605727;0.020394326;-0.24575162;1219040763
-189.998723;343.125;7581;-17175;0.961592464;0.031611204;-0.2569685;1219088957
-189.974657;343.0625;7581;-17175;0.96363184;0.036709784;-0.2447319;1219113023
-189.946620;343.0625;7581;-17175;0.96261216;0.031611204;-0.24167276;1219141060
-189.916852;343.0625;7581;-17182;0.96261216;0.021414042;-0.22943616;1219170828
-189.895174;343.0625;7581;-17182;0.959553;0.0193746092;-0.247791052;1219192506
-189.868464;343.0625;7581;-17182;0.9575136;0.017335176;-0.25288964;1219219216
-189.846367;343.0625;7587;-17182;0.959553;0.02447319;-0.2508502;1219241313
-189.824625;343.0625;7587;;292;222;4253;1219263055
-189.796889;343.0625;7587;-17175;0.96261216;0.034670352;-0.237593884;1219290791
-189.774963;343.0625;7587;-17175;0.9646516;0.02753234;-0.23555446;1219312717
-189.726248;343.125;7587;-17175;0.9605727;0.0193746092;-0.24065304;1219361432
-189.703777;343.125;7587;-17169;0.961592464;0.017335176;-0.24065304;1219383903
-189.682143;343.125;7587;-17169;0.96261216;0.030591488;-0.24371218;1219405537
-189.656651;343.125;7587;-17163;0.96363184;0.0438478;-0.24983048;1219431029
-189.633245;343.125;7587;-17163;0.96363184;0.04588723;-0.24371218;1219454435
-189.606622;343.0625;7587;-17169;0.961592464;0.02753234;-0.23555446;1219481058
-189.579376;343.0625;7587;-17175;0.96363184;0.014276028;-0.23045588;1219508304
-189.546858;343.0;7587;-17188;0.959553;0.013256311;-0.24167276;1219540822
-189.516821;343.0;7581;-17182;0.9585333;0.0387492184;-0.2641065;1219570859
-189.494898;343.0;7581;;505;292;4251;1219592782
-189.472970;343.0;7581;-17182;0.96363184;0.041808368;-0.24371218;1219614710
-189.446900;343.0;7581;-17194;0.9656713;0.012236595;-0.22943616;1219640780
-189.416687;343.0;7581;-17194;0.961592464;0.0030591488;-0.232495316;1219670993
-189.393760;343.0;7581;-17200;0.9605727;0.014276028;-0.2508502;1219693920
-189.366943;342.9375;7575;-17200;0.9585333;0.026512622;-0.26206708;1219720737
-189.343874;343.0;7575;-17194;0.9605727;0.0377295;-0.2508502;1219743806
-189.316650;342.9375;7581;-17188;0.9646516;0.041808368;-0.242692468;1219771030
-189.279347;342.9375;7581;-17188;0.96363184;0.030591488;-0.23045588;1219808333
-189.255465;343.0;7581;-17194;0.96363184;0.011216879;-0.226377008;1219832215
-189.230567;342.9375;7581;-17200;0.959553;0.01631546;-0.2508502;1219857113
-189.206229;343.0;7581;-17194;0.9585333;0.025492906;-0.2579882;1219881451
-189.179439;343.0;7581;-17188;0.96261216;0.0387492184;-0.24677134;1219908241
-189.156414;343.0;7581;-17188;0.9656713;0.04894638;-0.24167276;1219931266
-189.134908;342.9375;7581;-17188;0.9656713;0.030591488;-0.219239;1219952772
-189.113164;342.9375;7587;-17200;0.96261216;0.018354892;-0.22331786;1219974516
-189.086549;342.9375;7581;-17207;0.96261216;0.014276028;-0.24371218;1220001131
-189.064319;342.9375;7581;-17213;0.9575136;0.017335176;-0.26002764;1220023361
-189.004436;342.875;7581;-17213;0.96363184;0.034670352;-0.2386136;1220083244
-188.983065;342.875;7581;-17213;0.9646516;0.029571772;-0.226377008;1220104615
-188.956771;342.875;7581;-17219;0.96771068;0.020394326;-0.23351502;1220130909
-188.929178;342.875;7581;-17225;0.9605727;0.0061182976;-0.2508502;1220158502
-188.906039;342.8125;7581;-17238;0.95649384;0.004078865;-0.25594878;1220181641
-188.884044;342.8125;7575;-17238;0.9575136;0.020394326;-0.2641065;1220203636
-188.838649;342.8125;7575;-17219;0.9646516;0.04078865;-0.23351502;1220249031
-188.815949;342.8125;7581;-17213;0.9656713;0.0377295;-0.22841644;1220271731
-188.793586;342.875;7581;;817;372;4253;1220294094
-188.771966;342.875;7581;-17213;0.9605727;0.018354892;-0.2447319;1220315714
-188.746373;342.875;7581;-17219;0.9585333;0.017335176;-0.26104736;1220341307
-188.696594;342.8125;7581;-17213;0.96363184;0.036709784;-0.23555446;1220391086
-188.674224;342.8125;7581;-17213;0.9656713;0.0438478;-0.21821928;1220413456
-188.652976;342.8125;7581;-17213;0.96363184;0.04078865;-0.22331786;1220434704
-188.630769;342.8125;7581;-17219;0.9575136;0.026512622;-0.24983048;1220456911
-188.604544;342.8125;7581;-17232;0.959553;0.012236595;-0.2692051;1220483136
-188.582748;342.8125;7581;-17232;0.961592464;0.012236595;-0.26512624;1220504932
-188.556482;342.75;7581;-17232;0.96261216;0.011216879;-0.2508502;1220531198
-188.531507;342.75;7581;-17238;0.96363184;0.02447319;-0.22943616;1220556173
-188.506330;342.75;7581;-17232;0.966691;0.033650636;-0.22025872;1220581350
-188.484551;342.75;7581;-17232;0.9646516;0.033650636;-0.23963332;1220603129
-188.456814;342.75;7581;-17238;0.95649384;0.020394326;-0.26206708;1220630866
-188.398943;342.75;7581;-17232;0.9585333;0.021414042;-0.24677134;1220688737
-188.376854;342.75;7581;-17225;0.96771068;0.023453474;-0.226377008;1220710826
-188.330213;342.75;7581;-17207;0.9646516;0.046906948;-0.24167276;1220757467
-188.303114;342.75;7581;-17207;0.95547416;0.02753234;-0.26716566;1220784566
-188.281054;342.75;7581;-17207;0.961592464;0.0193746092;-0.26104736;1220806626
-188.256359;342.75;7581;-17207;0.961592464;0.018354892;-0.25390936;1220831321
-188.234900;342.75;7581;-17207;0.96363184;0.03263092;-0.23351502;1220852780
-188.206669;342.75;7581;-17207;0.9656713;0.041808368;-0.22943616;1220881011
-188.136460;342.75;7581;-17219;0.961592464;0.017335176;-0.25492908;1220951220
-188.112723;342.6875;7581;-17225;0.95649384;0.021414042;-0.26104736;1220974957
-188.086352;342.6875;7581;-17232;0.9605727;0.014276028;-0.24677134;1221001328
-188.045748;342.6875;7581;-17232;0.96363184;0.030591488;-0.2314756;1221041932
-188.016191;342.6875;7581;-17232;0.961592464;0.034670352;-0.24167276;1221071489
-187.992521;342.6875;7581;;1065;424;4249;1221095159
-187.966713;342.6875;7581;-17238;0.959553;0.01631546;-0.26206708;1221120967
-187.944992;342.625;7581;-17244;0.9605727;0.018354892;-0.25186992;1221142688
-187.917331;342.625;7581;-17244;0.96363184;0.0193746092;-0.226377008;1221170349
-187.896023;342.6875;7581;-17232;0.96363184;0.031611204;-0.221278432;1221191657
-187.873982;342.6875;7581;-17225;0.96261216;0.033650636;-0.2314756;1221213698
-187.851929;342.6875;7581;-17225;0.96363184;0.02753234;-0.24065304;1221235751
-187.796225;342.6875;7581;-17219;0.959553;0.029571772;-0.2630868;1221291455
-187.774868;342.6875;7581;-17219;0.96363184;0.02753234;-0.23453474;1221312812
-187.729499;342.6875;7587;-17219;0.9646516;0.0377295;-0.226377008;1221358181
-187.706147;342.6875;7581;-17219;0.96363184;0.030591488;-0.2314756;1221381533
-187.624105;342.6875;7581;-17225;0.96363184;0.0193746092;-0.24065304;1221463575
-187.596187;342.6875;7587;-17225;0.96363184;0.023453474;-0.22739672;1221491493
-187.572783;342.6875;7587;-17225;0.9646516;0.029571772;-0.226377008;1221514897
-187.546535;342.6875;7587;-17225;0.961592464;0.021414042;-0.2386136;1221541145
-187.516286;342.6875;7581;-17232;0.959553;0.020394326;-0.26104736;1221571394
-187.493211;342.6875;7581;-17238;0.9575136;0.02447319;-0.26206708;1221594469
-187.467099;342.6875;7581;-17238;0.959553;0.017335176;-0.24371218;1221620581
-187.445008;342.625;7581;-17232;0.968730432;0.023453474;-0.21821928;1221642672
-187.385923;342.6875;7581;-17232;0.9605727;0.029571772;-0.2447319;1221701757
-187.363362;342.6875;7581;-17232;0.9605727;0.029571772;-0.2579882;1221724318
-187.336396;342.6875;7581;-17232;0.9585333;0.02753234;-0.26104736;1221751284
-187.306349;342.6875;7587;-17232;0.96261216;0.028552056;-0.2386136;1221781331
-187.285133;342.6875;7587;-17225;0.96363184;0.039768936;-0.22433758;1221802547
-187.263144;342.6875;7587;-17225;0.9656713;0.031611204;-0.22841644;1221824536
-187.235715;342.6875;7587;-17225;0.961592464;0.031611204;-0.248810768;1221851965
-187.206371;342.6875;7587;-17225;0.9575136;0.028552056;-0.2569685;1221881309
-187.184557;342.6875;7581;-17232;0.959553;0.02447319;-0.25492908;1221903123
-187.136391;342.6875;7587;-17232;0.96363184;0.022433758;-0.2314756;1221951289
-187.114795;342.6875;7587;-17232;0.9656713;0.02753234;-0.22943616;1221972885
-187.092930;342.6875;7587;;747;355;4253;1221994750
-187.066575;342.6875;7587;-17238;0.9575136;0.02447319;-0.2569685;1222021105
-187.035887;342.625;7581;-17244;0.9575136;0.020394326;-0.2569685;1222051793
-187.006488;342.625;7587;-17244;0.96363184;0.020394326;-0.2314756;1222081192
-186.984605;342.625;7587;-17244;0.96363184;0.028552056;-0.2314756;1222103075
-186.872903;342.625;7587;-17238;0.96261216;0.030591488;-0.24371218;1222214777
-186.846539;342.625;7587;-17238;0.96363184;0.02753234;-0.23555446;1222241141
-186.823385;342.625;7587;-17238;0.96363184;0.031611204;-0.2253573;1222264295
-186.796307;342.625;7587;-17238;0.96363184;0.034670352;-0.237593884;1222291373
-186.773224;342.625;7587;-17238;0.96261216;0.033650636;-0.24983048;1222314456
-186.746402;342.6875;7587;-17238;0.95649384;0.029571772;-0.2630868;1222341278
-186.695531;342.625;7587;-17238;0.96261216;0.022433758;-0.23453474;1222392149
-186.673701;342.625;7587;-17238;0.9646516;0.021414042;-0.23045588;1222413979
-186.652022;342.625;7587;-17238;0.96363184;0.02447319;-0.23657418;1222435658
-186.630147;342.625;7587;-17238;0.96363184;0.028552056;-0.24371218;1222457533
-186.606111;342.625;7587;-17244;0.961592464;0.02753234;-0.25186992;1222481569
-186.581013;342.625;7587;-17244;0.9575136;0.02447319;-0.25492908;1222506667
-186.556121;342.625;7587;-17244;0.961592464;0.021414042;-0.24575162;1222531559
-186.534224;342.625;7587;-17244;0.9605727;0.0193746092;-0.23351502;1222553456
-186.506279;342.625;7587;-17244;0.9656713;0.023453474;-0.23045588;1222581401
-186.483919;342.625;7587;-17238;0.96363184;0.02753234;-0.23963332;1222603761
-186.430903;342.625;7587;-17232;0.9605727;0.03569007;-0.25492908;1222656777
-186.405959;342.625;7587;-17225;0.96261216;0.03263092;-0.24677134;1222681721
-186.383243;342.625;7587;-17225;0.961592464;0.02753234;-0.23453474;1222704437
-186.356323;342.625;7587;-17232;0.961592464;0.025492906;-0.22739672;1222731357
-186.330586;342.625;7587;-17232;0.96261216;0.029571772;-0.237593884;1222757094
-186.306190;342.625;7587;-17232;0.9605727;0.030591488;-0.24575162;1222781490
-186.255882;342.625;7587;-17232;0.96363184;0.031611204;-0.25186992;1222831798
-186.233684;342.625;7587;-17232;0.9605727;0.023453474;-0.2447319;1222853996
-186.206273;342.625;7587;-17232;0.96363184;0.022433758;-0.23555446;1222881407
-186.174330;342.625;7587;-17232;0.96261216;0.017335176;-0.23657418;1222913350
-186.152180;342.625;7587;-17238;0.959553;0.025492906;-0.25288964;1222935500
-186.131068;342.625;7587;-17238;0.9605727;0.028552056;-0.25594878;1222956612
-186.105847;342.625;7587;-17238;0.9585333;0.02447319;-0.24983048;1222981833
-186.084180;342.625;7581;-17238;0.96261216;0.026512622;-0.2386136;1223003500
-186.062825;342.625;7587;-17238;0.9646516;0.02447319;-0.23045588;1223024855
-186.036126;342.625;7587;-17244;0.9646516;0.022433758;-0.23555446;1223051554
-186.013912;342.625;7587;-17244;0.96363184;0.023453474;-0.242692468;1223073768
-185.985987;342.625;7587;-17238;0.959553;0.029571772;-0.248810768;1223101693
-185.956223;342.625;7587;-17232;0.9605727;0.03263092;-0.24677134;1223131457
-185.934845;342.625;7587;-17232;0.9646516;0.03569007;-0.23555446;1223152835
-185.853444;342.625;7587;-17232;0.96261216;0.025492906;-0.2508502;1223234236
-185.830103;342.625;7587;-17232;0.9605727;0.02753234;-0.24983048;1223257577
-185.805831;342.625;7587;-17232;0.96261216;0.029571772;-0.24575162;1223281849
-185.783464;342.625;7587;-17232;0.961592464;0.033650636;-0.23963332;1223304216
-185.760046;342.625;7587;-17232;0.9646516;0.034670352;-0.23555446;1223327634
-185.726321;342.625;7587;-17232;0.96363184;0.023453474;-0.24065304;1223361359
-185.704362;342.625;7587;-17232;0.961592464;0.015295744;-0.248810768;1223383318
-185.679714;342.625;7587;-17232;0.959553;0.01631546;-0.248810768;1223407966
-185.655910;342.625;7587;-17232;0.961592464;0.02447319;-0.24677134;1223431770
-185.631813;342.625;7587;-17232;0.96261216;0.030591488;-0.237593884;1223455867
-185.602108;342.625;7587;-17232;0.96363184;0.028552056;-0.237593884;1223485572
-185.575900;342.625;7587;-17232;0.96363184;0.025492906;-0.24167276;1223511780
-185.550978;342.625;7587;-17232;0.9605727;0.0193746092;-0.2508502;1223536702
-185.529011;342.625;7587;-17232;0.9605727;0.020394326;-0.248810768;1223558669
-185.505939;342.625;7587;-17225;0.96261216;0.029571772;-0.247791052;1223581741
-185.483952;342.6875;7587;-17219;0.96363184;0.031611204;-0.24167276;1223603728
-185.460606;342.6875;7587;-17219;0.96261216;0.033650636;-0.23453474;1223627074
-185.415885;342.6875;7587;-17219;0.96363184;0.031611204;-0.2386136;1223671795
-185.366490;342.6875;7587;-17219;0.96261216;0.025492906;-0.247791052;1223721190
-185.344860;342.6875;7587;-17219;0.96261216;0.02753234;-0.242692468;1223742820
-185.316214;342.6875;7587;-17219;0.961592464;0.031611204;-0.2386136;1223771466
-185.266254;342.6875;7587;-17219;0.961592464;0.031611204;-0.24167276;1223821426
-185.245160;342.6875;7587;-17219;0.9605727;0.022433758;-0.24677134;1223842520
-185.215925;342.6875;7587;-17219;0.9605727;0.020394326;-0.247791052;1223871755
-185.193530;342.6875;7587;-17219;0.96261216;0.01631546;-0.24167276;1223894150
-185.166309;342.6875;7587;-17219;0.96261216;0.025492906;-0.237593884;1223921371
-185.144939;342.6875;7587;-17219;0.96261216;0.031611204;-0.2386136;1223942741
-185.122546;342.6875;7587;-17219;0.96261216;0.028552056;-0.24065304;1223965134
-185.095697;342.6875;7587;-17219;0.9605727;0.02447319;-0.25186992;1223991983
-185.073808;342.6875;7587;-17219;0.961592464;0.021414042;-0.242692468;1224013872
-185.046263;342.6875;7587;-17219;0.9605727;0.022433758;-0.248810768;1224041417
-184.966318;342.6875;7587;-17207;0.96261216;0.034670352;-0.24371218;1224121362
-184.945156;342.6875;7587;-17207;0.961592464;0.029571772;-0.247791052;1224142524
-184.916055;342.6875;7587;-17207;0.9605727;0.029571772;-0.247791052;1224171625
-184.893421;342.6875;7587;-17207;0.961592464;0.026512622;-0.24167276;1224194259
-184.866580;342.6875;7587;-17207;0.96261216;0.023453474;-0.23555446;1224221100
-184.844956;342.6875;7587;-17207;0.9605727;0.034670352;-0.2386136;1224242724
-184.822263;342.6875;7587;-17207;0.96261216;0.034670352;-0.24065304;1224265417
-184.796285;342.6875;7587;-17207;0.9605727;0.030591488;-0.25288964;1224291395
-184.766069;342.6875;7587;-17207;0.959553;0.021414042;-0.24575162;1224321611
-184.743941;342.6875;7587;-17207;0.96363184;0.015295744;-0.242692468;1224343739
-184.716174;342.6875;7587;-17207;0.96261216;0.022433758;-0.23963332;1224371506
-184.693907;342.6875;7587;-17207;0.96261216;0.029571772;-0.242692468;1224393773
-184.666023;342.6875;7587;-17207;0.961592464;0.030591488;-0.24677134;1224421657
-184.643961;342.6875;7587;-17207;0.9605727;0.02753234;-0.248810768;1224443719
-184.616033;342.6875;7587;-17207;0.9605727;0.020394326;-0.242692468;1224471647
-184.591944;342.6875;7587;-17207;0.9605727;0.020394326;-0.24371218;1224495736
-184.554574;342.6875;7587;-17200;0.96261216;0.028552056;-0.24371218;1224533106
-184.515961;342.75;7587;-17194;0.96261216;0.0387492184;-0.24371218;1224571719
-184.488841;342.75;7587;-17194;0.9605727;0.033650636;-0.247791052;1224598839
-184.465517;342.75;7587;-17194;0.961592464;0.03263092;-0.247791052;1224622163
-184.444182;342.75;7587;-17194;0.961592464;0.02753234;-0.2447319;1224643498
-184.394507;342.75;7587;-17194;0.9646516;0.028552056;-0.23963332;1224693173
-184.356060;342.75;7587;-17194;0.96261216;0.030591488;-0.24167276;1224731620
-184.333560;342.75;7587;-17194;0.9605727;0.03263092;-0.24575162;1224754120
-184.305969;342.75;7587;-17194;0.96363184;0.025492906;-0.24167276;1224781711
-184.283361;342.75;7587;-17194;0.961592464;0.0193746092;-0.2386136;1224804319
-184.235745;342.75;7587;-17194;0.96261216;0.018354892;-0.23963332;1224851935
-184.206011;342.75;7587;-17194;0.961592464;0.026512622;-0.242692468;1224881669
-184.175770;342.75;7587;-17194;0.9605727;0.031611204;-0.248810768;1224911910
-184.152191;342.75;7587;-17194;0.96363184;0.028552056;-0.24371218;1224935489
-184.095601;342.75;7587;-17188;0.96261216;0.015295744;-0.23453474;1224992079
-184.073085;342.75;7587;-17182;0.96363184;0.031611204;-0.24677134;1225014595
-184.046296;342.75;7587;-17175;0.959553;0.039768936;-0.25390936;1225041384
-184.025001;342.75;7587;;373;251;4252;1225062679
-183.996336;342.75;7587;-17175;0.96363184;0.030591488;-0.242692468;1225091344
-183.974063;342.75;7587;-17175;0.96363184;0.021414042;-0.2386136;1225113617
-183.945998;342.75;7587;-17175;0.96363184;0.023453474;-0.24065304;1225141682
-183.923933;342.75;7587;-17175;0.96363184;0.029571772;-0.2447319;1225163747
-183.900696;342.75;7587;-17175;0.961592464;0.03569007;-0.2508502;1225186984
-183.878999;342.75;7587;-17175;0.96261216;0.033650636;-0.248810768;1225208681
-183.855688;342.75;7587;-17175;0.96261216;0.031611204;-0.247791052;1225231992
-183.816183;342.75;7587;-17182;0.96261216;0.020394326;-0.23657418;1225271497
-183.785499;342.75;7587;-17182;0.96363184;0.01631546;-0.237593884;1225302181
-183.756168;342.75;7587;-17182;0.96363184;0.023453474;-0.24371218;1225331512
-183.729427;342.75;7587;-17182;0.9605727;0.030591488;-0.24983048;1225358253
-183.705942;342.75;7587;-17182;0.961592464;0.028552056;-0.24575162;1225381738
-183.655700;342.75;7587;-17182;0.9605727;0.02447319;-0.23963332;1225431980
-183.632139;342.75;7587;-17182;0.96363184;0.020394326;-0.23657418;1225455541
-183.605381;342.75;7587;-17175;0.961592464;0.020394326;-0.24677134;1225482299
-183.556140;342.75;7587;-17175;0.96363184;0.03569007;-0.247791052;1225531540
-183.530913;342.75;7587;-17175;0.96363184;0.0377295;-0.24167276;1225556767
-183.505994;342.75;7587;-17175;0.96261216;0.031611204;-0.23555446;1225581686
-183.483958;342.75;7587;-17175;0.961592464;0.020394326;-0.24065304;1225603722
-183.456003;342.75;7587;-17175;0.96261216;0.021414042;-0.24065304;1225631677
-183.428819;342.75;7587;-17175;0.96363184;0.02753234;-0.2447319;1225658861
-183.405565;342.75;7587;-17175;0.959553;0.031611204;-0.247791052;1225682115
-183.383265;342.75;7587;-17175;0.96261216;0.033650636;-0.24575162;1225704415
-183.356182;342.75;7587;-17175;0.96261216;0.02753234;-0.242692468;1225731498
-183.331699;342.75;7587;-17175;0.961592464;0.01631546;-0.237593884;1225755981
-183.305687;342.75;7587;-17175;0.96261216;0.012236595;-0.24065304;1225781993
-183.228917;342.75;7587;-17163;0.961592464;0.033650636;-0.24167276;1225858763
-183.205607;342.75;7587;-17163;0.961592464;0.030591488;-0.24065304;1225882073
-183.183810;342.75;7587;-17163;0.9646516;0.020394326;-0.237593884;1225903870
-183.156456;342.75;7587;-17163;0.9605727;0.02447319;-0.24065304;1225931224
-183.134636;342.75;7587;-17163;0.9605727;0.02753234;-0.247791052;1225953044
-183.106448;342.75;7587;-17163;0.9605727;0.030591488;-0.2447319;1225981232
-183.084518;342.75;7587;-17163;0.96261216;0.034670352;-0.248810768;1226003162
-183.060380;342.75;7587;-17163;0.96363184;0.034670352;-0.24371218;1226027300
-183.035653;342.75;7587;-17163;0.961592464;0.02753234;-0.237593884;1226052027
-183.005369;342.75;7587;-17163;0.96363184;0.029571772;-0.23963332;1226082311
-182.983658;342.75;7587;-17163;0.961592464;0.021414042;-0.237593884;1226104022
-182.930588;342.75;7587;-17163;0.961592464;0.026512622;-0.242692468;1226157092
-182.873622;342.75;7587;-17163;0.9605727;0.02447319;-0.24371218;1226214058
-182.852208;342.75;7587;-17163;0.961592464;0.020394326;-0.242692468;1226235472
-182.813185;342.75;7587;-17163;0.96261216;0.022433758;-0.2447319;1226274495
-182.785579;342.75;7587;-17163;0.9605727;0.023453474;-0.247791052;1226302101
-182.755878;342.75;7587;-17163;0.96261216;0.029571772;-0.24983048;1226331802
-182.730692;342.75;7587;-17163;0.961592464;0.02753234;-0.24167276;1226356988
-182.705578;342.75;7587;-17163;0.96363184;0.02753234;-0.237593884;1226382102
-182.679502;342.75;7587;-17163;0.9605727;0.02447319;-0.24167276;1226408178
-182.655684;342.75;7587;-17163;0.959553;0.029571772;-0.24983048;1226431996
-182.630224;342.75;7587;-17163;0.959553;0.031611204;-0.25186992;1226457456
-182.605572;342.75;7587;-17163;0.961592464;0.026512622;-0.24575162;1226482108
-182.583545;342.75;7587;-17163;0.9646516;0.02753234;-0.23045588;1226504135
-182.561585;342.75;7587;-17163;0.96363184;0.028552056;-0.22943616;1226526095
-182.535350;342.75;7587;-17163;0.96261216;0.03263092;-0.24167276;1226552330
-182.505572;342.75;7587;-17163;0.961592464;0.034670352;-0.25390936;1226582108
-182.484020;342.75;7587;-17163;0.9605727;0.026512622;-0.24983048;1226603660
-182.435507;342.75;7587;-17163;0.9646516;0.015295744;-0.226377008;1226652173
-182.405758;342.75;7587;-17163;0.96363184;0.022433758;-0.22433758;1226681922
-182.365709;342.75;7587;-17163;0.96261216;0.034670352;-0.2569685;1226721971
-182.334338;342.75;7587;-17163;0.961592464;0.017335176;-0.2447319;1226753342
-182.305785;342.75;7587;-17163;0.961592464;0.0193746092;-0.2386136;1226781895
-182.283303;342.75;7587;-17163;0.96363184;0.021414042;-0.23657418;1226804377
-182.256092;342.75;7587;-17157;0.96261216;0.025492906;-0.2386136;1226831588
-182.215706;342.75;7587;-17150;0.961592464;0.034670352;-0.248810768;1226871974
-182.185713;342.75;7587;-17150;0.959553;0.03263092;-0.248810768;1226901967
-182.163752;342.75;7587;-17150;0.96261216;0.026512622;-0.24677134;1226923928
-182.138804;342.75;7587;-17150;0.96261216;0.02447319;-0.23963332;1226948876
-182.115566;342.75;7587;-17150;0.961592464;0.023453474;-0.237593884;1226972114
-182.067237;342.75;7587;-17150;0.961592464;0.031611204;-0.24677134;1227020443
-182.044534;342.75;7587;-17150;0.9605727;0.028552056;-0.24677134;1227043146
-182.016101;342.75;7587;-17150;0.96261216;0.03569007;-0.248810768;1227071579
-181.955896;342.75;7593;-17150;0.96363184;0.023453474;-0.24167276;1227131784
-181.907815;342.75;7593;-17150;0.959553;0.028552056;-0.247791052;1227179865
-181.874062;342.75;7593;-17150;0.96261216;0.030591488;-0.24065304;1227213618
-181.845423;342.75;7593;-17150;0.96363184;0.025492906;-0.23963332;1227242257
-181.823875;342.75;7593;-17150;0.959553;0.021414042;-0.24065304;1227263805
-181.795728;342.75;7593;-17150;0.961592464;0.02447319;-0.247791052;1227291952
-181.772395;342.75;7593;-17150;0.9605727;0.022433758;-0.24167276;1227315285
-181.745883;342.75;7593;-17150;0.96261216;0.023453474;-0.24575162;1227341797
-181.723370;342.75;7593;-17150;0.96261216;0.029571772;-0.237593884;1227364310
-181.699482;342.75;7593;-17150;0.96363184;0.033650636;-0.24065304;1227388198
-181.675731;342.75;7593;-17150;0.9605727;0.029571772;-0.248810768;1227411949
-181.595914;342.75;7593;-17150;0.961592464;0.023453474;-0.248810768;1227491766
-181.573616;342.75;7593;-17150;0.96363184;0.028552056;-0.2447319;1227514064
-181.546318;342.75;7593;-17150;0.96363184;0.03263092;-0.24371218;1227541362
-181.494100;342.75;7593;-17150;0.9646516;0.025492906;-0.24371218;1227593580
-181.465675;342.75;7593;-17150;0.9605727;0.023453474;-0.2447319;1227622005
-181.443804;342.75;7593;-17150;0.9605727;0.02753234;-0.24677134;1227643876
-181.405869;342.75;7593;-17150;0.961592464;0.02753234;-0.24371218;1227681811
-181.383434;342.75;7593;-17150;0.9605727;0.022433758;-0.24167276;1227704246
-181.356033;342.75;7593;-17150;0.9605727;0.020394326;-0.2386136;1227731647
-181.329988;342.75;7593;-17150;0.96261216;0.02447319;-0.24167276;1227757692
-181.305654;342.75;7593;-17150;0.9605727;0.02753234;-0.23963332;1227782026
-181.283961;342.75;7593;-17150;0.959553;0.029571772;-0.242692468;1227803719
-181.256038;342.75;7593;-17150;0.96363184;0.03263092;-0.24167276;1227831642
-181.234198;342.75;7593;-17150;0.9605727;0.026512622;-0.23657418;1227853482
-181.205850;342.75;7593;-17150;0.96261216;0.026512622;-0.2386136;1227881830
-181.181933;342.75;7593;-17150;0.9585333;0.02753234;-0.24575162;1227905747
-181.155790;342.75;7593;-17150;0.961592464;0.028552056;-0.248810768;1227931890
-181.132788;342.75;7593;-17150;0.96261216;0.033650636;-0.24677134;1227954892
-181.105804;342.75;7593;-17150;0.961592464;0.033650636;-0.247791052;1227981876
-181.041242;342.75;7593;-17150;0.961592464;0.01631546;-0.2386136;1228046438
-180.955846;342.75;7593;-17150;0.9605727;0.036709784;-0.24371218;1228131834
-180.922017;342.75;7593;-17150;0.96363184;0.02447319;-0.24065304;1228165663
-180.895727;342.75;7593;-17150;0.96363184;0.017335176;-0.24167276;1228191953
-180.873917;342.75;7593;-17150;0.9605727;0.018354892;-0.24575162;1228213763
-180.846028;342.75;7593;-17150;0.96363184;0.028552056;-0.248810768;1228241652
-180.816091;342.75;7593;-17144;0.96363184;0.03263092;-0.24065304;1228271589
-180.785691;342.75;7593;-17144;0.96363184;0.0377295;-0.2447319;1228301989
-180.762837;342.75;7593;-17144;0.9585333;0.025492906;-0.25390936;1228324843
-180.735819;342.75;7593;-17144;0.961592464;0.015295744;-0.24677134;1228351861
-180.705838;342.75;7593;-17144;0.961592464;0.02447319;-0.24167276;1228381842
-180.684072;342.75;7593;-17144;0.96363184;0.03263092;-0.237593884;1228403608
-180.655980;342.75;7593;-17144;0.96261216;0.03569007;-0.23555446;1228431700
-180.604546;342.75;7593;-17144;0.96363184;0.02447319;-0.25492908;1228483134
-180.579966;342.75;7593;-17144;0.96261216;0.020394326;-0.24677134;1228507714
-180.555655;342.75;7593;-17144;0.96261216;0.01631546;-0.2386136;1228532025
-180.533757;342.75;7593;-17144;0.9656713;0.02753234;-0.2253573;1228553923
-180.505982;342.75;7593;-17144;0.9605727;0.033650636;-0.23555446;1228581698
-180.484100;342.75;7593;-17144;0.95547416;0.030591488;-0.25594878;1228603580
-180.425413;342.75;7593;-17144;0.961592464;0.015295744;-0.248810768;1228662267
-180.403927;342.75;7593;-17144;0.96261216;0.020394326;-0.23453474;1228683753
-180.382009;342.75;7593;-17144;0.96363184;0.02753234;-0.23555446;1228705671
-180.355958;342.75;7593;-17138;0.9605727;0.03263092;-0.2386136;1228731722
-180.333587;342.75;7593;-17138;0.9605727;0.034670352;-0.247791052;1228754093
-180.273093;342.75;7593;-17138;0.96261216;0.022433758;-0.23963332;1228814587
-180.246034;342.75;7593;-17138;0.96771068;0.023453474;-0.23657418;1228841646
-180.223475;342.75;7593;-17138;0.9646516;0.02447319;-0.242692468;1228864205
-180.195785;342.75;7593;;1023;416;4254;1228891895
-180.155471;342.75;7593;-17138;0.9605727;0.033650636;-0.2508502;1228932209
-180.133589;342.75;7593;-17138;0.96261216;0.029571772;-0.248810768;1228954091
-180.106002;342.75;7593;-17138;0.961592464;0.031611204;-0.2386136;1228981678
-180.083804;342.75;7593;-17138;0.9605727;0.020394326;-0.23453474;1229003876
-180.055960;342.75;7593;-17138;0.96363184;0.018354892;-0.23555446;1229031720
-180.033874;342.75;7593;-17138;0.9646516;0.02753234;-0.23963332;1229053806
-180.011976;342.75;7593;-17138;0.959553;0.026512622;-0.25390936;1229075704
-179.985717;342.75;7593;-17138;0.9605727;0.028552056;-0.25594878;1229101963
-179.963829;342.75;7593;-17138;0.9646516;0.033650636;-0.24065304;1229123851
-179.936321;342.75;7593;-17138;0.96261216;0.025492906;-0.23657418;1229151359
-179.905608;342.75;7593;-17138;0.961592464;0.020394326;-0.232495316;1229182072
-179.883085;342.75;7593;-17138;0.9605727;0.021414042;-0.2447319;1229204595
-179.856031;342.75;7593;-17138;0.959553;0.02753234;-0.248810768;1229231649
-179.829502;342.75;7593;-17138;0.9605727;0.029571772;-0.24575162;1229258178
-179.805385;342.75;7593;-17138;0.96261216;0.039768936;-0.247791052;1229282295
-179.783246;342.75;7593;-17138;0.9605727;0.02753234;-0.24371218;1229304434
-179.734981;342.75;7593;-17138;0.9605727;0.02447319;-0.2508502;1229352699
-179.712212;342.75;7593;-17138;0.961592464;0.02447319;-0.2447319;1229375468
-179.661993;342.75;7593;-17132;0.959553;0.031611204;-0.2447319;1229425687
-179.625504;342.75;7593;-17132;0.961592464;0.028552056;-0.242692468;1229462176
-179.603146;342.75;7593;-17132;0.961592464;0.026512622;-0.247791052;1229484534
-179.580726;342.75;7593;-17132;0.961592464;0.021414042;-0.24983048;1229506954
-179.555514;342.75;7593;-17132;0.959553;0.02447319;-0.2447319;1229532166
-179.529432;342.75;7593;-17132;0.96261216;0.023453474;-0.24167276;1229558248
-179.505381;342.75;7593;-17132;0.96363184;0.02753234;-0.23963332;1229582299
-179.482187;342.75;7593;-17132;0.96363184;0.028552056;-0.23351502;1229605493
-179.455963;342.75;7593;-17132;0.959553;0.023453474;-0.237593884;1229631717
-179.429926;342.75;7593;-17132;0.9605727;0.029571772;-0.247791052;1229657754
-179.395605;342.75;7593;-17132;0.959553;0.023453474;-0.25492908;1229692075
-179.373499;342.75;7593;-17132;0.961592464;0.031611204;-0.24371218;1229714181
-179.334753;342.75;7593;-17132;0.961592464;0.02753234;-0.23657418;1229752927
-179.305853;342.75;7593;-17132;0.96261216;0.03263092;-0.24065304;1229781827
-179.282457;342.75;7593;-17132;0.959553;0.030591488;-0.25390936;1229805223
-179.256012;342.75;7593;-17132;0.9605727;0.018354892;-0.24371218;1229831668
-179.231989;342.75;7593;-17132;0.961592464;0.020394326;-0.242692468;1229855691
-179.205668;342.75;7593;-17132;0.9605727;0.029571772;-0.24575162;1229882012
-179.181125;342.75;7593;-17132;0.96363184;0.03569007;-0.24065304;1229906555
-179.155682;342.75;7593;-17132;0.9605727;0.031611204;-0.24371218;1229931998
-179.133279;342.75;7593;-17132;0.9605727;0.021414042;-0.2447319;1229954401
-179.105911;342.75;7593;-17132;0.96363184;0.020394326;-0.23963332;1229981769
-179.082362;342.8125;7593;-17125;0.96363184;0.01631546;-0.242692468;1230005318
-179.055855;342.8125;7593;-17119;0.961592464;0.030591488;-0.248810768;1230031825
-179.030578;342.8125;7593;-17119;0.96261216;0.030591488;-0.2386136;1230057102
-179.005685;342.8125;7593;-17119;0.96261216;0.03263092;-0.23657418;1230081995
-178.981728;342.8125;7593;-17119;0.961592464;0.02753234;-0.24371218;1230105952
-178.955721;342.8125;7593;-17119;0.96261216;0.0193746092;-0.23963332;1230131959
-178.914273;342.8125;7593;-17119;0.96261216;0.026512622;-0.23963332;1230173407
-178.891597;342.8125;7593;-17119;0.96363184;0.029571772;-0.23963332;1230196083
-178.865488;342.8125;7593;-17119;0.96363184;0.034670352;-0.2447319;1230222192
-178.843980;342.8125;7593;-17119;0.96261216;0.02753234;-0.24371218;1230243700
-178.822095;342.75;7593;-17125;0.96261216;0.030591488;-0.2447319;1230265585
-178.785615;342.75;7593;-17125;0.9605727;0.022433758;-0.2508502;1230302065
-178.763402;342.75;7593;-17125;0.96363184;0.023453474;-0.2447319;1230324278
-178.735659;342.75;7593;-17125;0.96363184;0.028552056;-0.2386136;1230352021
-178.708889;342.75;7593;-17125;0.961592464;0.030591488;-0.242692468;1230378791
-178.662195;342.8125;7593;-17119;0.961592464;0.026512622;-0.24677134;1230425485
-178.629434;342.8125;7593;-17119;0.9605727;0.0193746092;-0.25390936;1230458246
-178.595721;342.8125;7593;;925;395;4257;1230491959
-178.568889;342.8125;7593;-17119;0.9646516;0.029571772;-0.23555446;1230518791
-178.535649;342.8125;7593;-17119;0.961592464;0.029571772;-0.242692468;1230552031
-178.506018;342.75;7593;-17119;0.96363184;0.029571772;-0.247791052;1230581662
-178.453151;342.8125;7593;-17119;0.96363184;0.022433758;-0.24677134;1230634529
-178.430750;342.8125;7593;-17119;0.961592464;0.02753234;-0.24065304;1230656930
-178.371819;342.8125;7593;-17113;0.9605727;0.036709784;-0.24677134;1230715861
-178.345682;342.8125;7593;-17113;0.9605727;0.03569007;-0.2508502;1230741998
-178.324056;342.8125;7593;-17113;0.961592464;0.021414042;-0.24167276;1230763624
-178.295710;342.8125;7593;-17113;0.96363184;0.017335176;-0.23963332;1230791970
-178.273429;342.8125;7593;-17113;0.9605727;0.022433758;-0.24167276;1230814251
-178.251873;342.8125;7593;-17113;0.9605727;0.02753234;-0.24575162;1230835807
-178.223096;342.8125;7593;-17113;0.96363184;0.03263092;-0.24371218;1230864584
-178.199276;342.8125;7593;-17113;0.96261216;0.036709784;-0.2386136;1230888404
-178.175538;342.8125;7593;-17113;0.96363184;0.034670352;-0.23555446;1230912142
-178.151915;342.8125;7593;-17113;0.959553;0.018354892;-0.248810768;1230935765
-178.129574;342.8125;7593;-17113;0.961592464;0.015295744;-0.24371218;1230958106
-178.105490;342.8125;7593;-17113;0.961592464;0.013256311;-0.24065304;1230982190
-178.082681;342.8125;7593;-17113;0.961592464;0.023453474;-0.24371218;1231004999
-178.036499;342.8125;7593;-17107;0.959553;0.031611204;-0.2447319;1231051181
-178.012563;342.8125;7593;-17100;0.96261216;0.033650636;-0.23963332;1231075117
-177.986520;342.8125;7593;-17100;0.959553;0.02753234;-0.248810768;1231101160
-177.964298;342.8125;7593;-17100;0.96261216;0.015295744;-0.2447319;1231123382
-177.942034;342.8125;7593;-17100;0.96363184;0.0193746092;-0.2386136;1231145646
-177.911613;342.8125;7593;-17094;0.96261216;0.02447319;-0.24371218;1231176067
-177.863064;342.8125;7593;-17088;0.961592464;0.039768936;-0.247791052;1231224616
-177.835965;342.8125;7593;-17088;0.96261216;0.03569007;-0.24677134;1231251715
-177.805801;342.8125;7593;-17094;0.961592464;0.018354892;-0.24371218;1231281879
-177.783489;342.8125;7593;-17094;0.961592464;0.015295744;-0.24065304;1231304191
-177.755791;342.8125;7593;-17094;0.961592464;0.021414042;-0.242692468;1231331889
-177.725491;342.8125;7593;-17094;0.96261216;0.028552056;-0.24167276;1231362189
-177.695835;342.8125;7593;-17094;0.961592464;0.03569007;-0.2447319;1231391845
-177.673714;342.8125;7593;-17094;0.9605727;0.026512622;-0.24575162;1231413966
-177.649529;342.8125;7593;-17094;0.96261216;0.020394326;-0.247791052;1231438151
-177.615451;342.8125;7593;-17094;0.96261216;0.017335176;-0.24065304;1231472229
-177.564770;342.8125;7593;-17082;0.96261216;0.033650636;-0.247791052;1231522910
-177.542895;342.8125;7593;-17075;0.961592464;0.0377295;-0.247791052;1231544785
-177.515395;342.8125;7593;-17075;0.96261216;0.03569007;-0.247791052;1231572285
-177.485376;342.8125;7593;-17075;0.961592464;0.022433758;-0.242692468;1231602304
-177.462978;342.8125;7593;-17075;0.961592464;0.017335176;-0.24167276;1231624702
-177.436008;342.8125;7593;-17075;0.96363184;0.021414042;-0.24167276;1231651672
-177.411331;342.875;7593;-17075;0.961592464;0.030591488;-0.24677134;1231676349
-177.379700;342.8125;7593;-17075;0.9646516;0.036709784;-0.24167276;1231707980
-177.354960;342.8125;7593;-17075;0.96363184;0.031611204;-0.24065304;1231732720
-177.332521;342.8125;7593;-17075;0.9605727;0.028552056;-0.24065304;1231755159
-177.306236;342.8125;7593;-17075;0.96363184;0.025492906;-0.24371218;1231781444
-177.284686;342.8125;7593;-17075;0.9605727;0.022433758;-0.2447319;1231802994
-177.263059;342.8125;7593;-17075;0.961592464;0.025492906;-0.242692468;1231824621
-177.235282;342.8125;7593;-17075;0.96261216;0.02753234;-0.24065304;1231852398
-177.212173;342.8125;7593;-17075;0.96261216;0.029571772;-0.24167276;1231875507
-177.179448;342.875;7593;-17075;0.96261216;0.023453474;-0.24371218;1231908232
-177.124792;342.875;7593;-17075;0.961592464;0.022433758;-0.242692468;1231962888
-177.095409;342.875;7593;-17075;0.9646516;0.030591488;-0.24677134;1231992271
-177.073984;342.875;7593;-17075;0.961592464;0.03263092;-0.24167276;1232013696
-177.050760;342.875;7593;-17075;0.96363184;0.029571772;-0.2386136;1232036920
-177.015532;342.875;7593;-17075;0.961592464;0.025492906;-0.2447319;1232072148
-176.994138;342.875;7593;;0.147;0.244999984;1;1232093542
-176.965773;342.875;7593;-17075;0.96261216;0.029571772;-0.247791052;1232121907
-176.942666;342.875;7593;-17075;0.959553;0.031611204;-0.247791052;1232145014
-176.915351;342.875;7593;-17075;0.961592464;0.031611204;-0.242692468;1232172329
-176.893650;342.875;7593;;673;337;4255;1232194030
-176.866415;342.875;7593;-17075;0.961592464;0.026512622;-0.242692468;1232221265
-176.844949;342.875;7593;-17075;0.96261216;0.022433758;-0.2447319;1232242731
-176.823176;342.875;7593;-17075;0.96363184;0.02447319;-0.24575162;1232264504
-176.773427;342.875;7593;-17075;0.96261216;0.029571772;-0.242692468;1232314253
-176.735218;342.875;7593;-17075;0.96261216;0.031611204;-0.24167276;1232352462
-176.684779;342.875;7593;-17075;0.96261216;0.023453474;-0.24371218;1232402901
-176.662208;342.875;7593;-17075;0.9605727;0.018354892;-0.242692468;1232425472
-176.565337;342.875;7593;-17075;0.96363184;0.03569007;-0.24167276;1232522343
-176.535983;342.875;7593;-17075;0.96261216;0.023453474;-0.2447319;1232551697
-176.513857;342.875;7593;-17075;0.96261216;0.018354892;-0.24065304;1232573823
-176.491840;342.875;7593;-17075;0.96261216;0.023453474;-0.2447319;1232595840
-176.465165;342.875;7593;-17075;0.96261216;0.02447319;-0.24065304;1232622515
-176.435400;342.875;7593;-17075;0.959553;0.033650636;-0.23963332;1232652280
-176.412480;342.875;7593;-17075;0.96363184;0.033650636;-0.24167276;1232675200
-176.385279;342.875;7593;-17075;0.9646516;0.02753234;-0.24167276;1232702401
-176.355675;342.875;7593;-17075;0.961592464;0.020394326;-0.24677134;1232732005
-176.330445;342.875;7593;-17075;0.96363184;0.018354892;-0.24167276;1232757235
-176.305301;342.875;7593;-17075;0.96261216;0.023453474;-0.237593884;1232782379
-176.284013;342.875;7593;-17069;0.961592464;0.036709784;-0.24065304;1232803667
-176.255505;342.875;7593;-17069;0.96363184;0.034670352;-0.23963332;1232832175
-176.212039;342.875;7593;-17069;0.9605727;0.021414042;-0.247791052;1232875641
-176.155608;342.875;7593;-17069;0.961592464;0.022433758;-0.2386136;1232932072
-176.132092;342.875;7593;-17069;0.96363184;0.033650636;-0.24065304;1232955588
-176.105447;342.875;7593;-17069;0.96363184;0.0377295;-0.24065304;1232982233
-176.083246;342.875;7593;-17069;0.961592464;0.030591488;-0.24371218;1233004434
-176.056957;342.875;7593;-17069;0.961592464;0.028552056;-0.247791052;1233030723
-176.034733;342.875;7593;-17069;0.9605727;0.020394326;-0.242692468;1233052947
-176.012375;342.875;7593;-17069;0.96261216;0.020394326;-0.24065304;1233075305
-175.985437;342.875;7593;-17069;0.96261216;0.028552056;-0.24065304;1233102243
-175.963153;342.875;7593;-17069;0.961592464;0.031611204;-0.2386136;1233124527
-175.937213;342.875;7593;-17069;0.961592464;0.033650636;-0.24371218;1233150467
-175.914957;342.875;7593;-17069;0.961592464;0.031611204;-0.25186992;1233172723
-175.892510;342.875;7593;;488;287;4253;1233195170
-175.855473;342.875;7593;-17069;0.96261216;0.017335176;-0.24167276;1233232207
-175.822110;342.875;7593;-17069;0.96261216;0.022433758;-0.2386136;1233265570
-175.782921;342.875;7593;-17069;0.9605727;0.033650636;-0.24677134;1233304759
-175.755320;342.875;7593;-17069;0.9605727;0.031611204;-0.247791052;1233332360
-175.731269;342.875;7593;-17069;0.96261216;0.023453474;-0.242692468;1233356411
-175.672632;342.8125;7593;-17075;0.96363184;0.020394326;-0.23045588;1233415048
-175.645567;342.8125;7593;-17075;0.96363184;0.033650636;-0.23963332;1233442113
-175.623571;342.8125;7593;-17069;0.96261216;0.044867516;-0.25390936;1233464109
-175.601467;342.8125;7587;-17069;0.9585333;0.0438478;-0.25390936;1233486213
-175.575215;342.8125;7587;-17082;0.96363184;0.029571772;-0.24575162;1233512465
-175.551717;342.8125;7593;-17088;0.9605727;0.010197163;-0.23657418;1233535963
-175.515488;342.75;7593;-17107;0.961592464;0.009177446;-0.23453474;1233572192
-175.492178;342.75;7593;-1717;96261216;0.031611204;-0.24677134;1233595502
-175.465605;342.75;7587;-17100;0.959553;0.04588723;-0.25186992;1233622075
-175.444136;342.6875;7587;-17100;0.96261216;0.044867516;-0.24983048;1233643544
-175.422416;342.6875;7587;-17100;0.96261216;0.030591488;-0.24167276;1233665264
-175.395834;342.6875;7587;-17113;0.9605727;0.01631546;-0.24065304;1233691846
-175.354916;342.625;7587;-17138;0.96261216;0.007138014;-0.23045588;1233732764
-175.315406;342.625;7587;-17138;0.961592464;0.0387492184;-0.25390936;1233772274
-175.285221;342.625;7587;-17132;0.96363184;0.04588723;-0.25186992;1233802459
-175.263405;342.625;7587;-17132;0.9656713;0.033650636;-0.24065304;1233824275
-175.235436;342.625;7587;-17138;0.9605727;0.015295744;-0.23453474;1233852244
-175.205584;342.5625;7587;-17144;0.96261216;0.009177446;-0.23555446;1233882096
-175.183386;342.5625;7587;-17150;0.961592464;0.020394326;-0.242692468;1233904294
-175.161354;342.5625;7587;-17150;0.961592464;0.034670352;-0.25288964;1233926326
-175.135409;342.5625;7587;-17144;0.961592464;0.042828084;-0.25186992;1233952271
-175.113470;342.5625;7587;-17144;0.9646516;0.042828084;-0.23963332;1233974210
-175.065459;342.5625;7587;-17163;0.96363184;0.018354892;-0.23555446;1234022221
-175.043845;342.5;7587;-17169;0.96363184;0.011216879;-0.23963332;1234043835
-175.018093;342.5;7587;-17175;0.959553;0.0193746092;-0.24677134;1234069587
-174.995063;342.5;7587;-17169;0.9605727;0.036709784;-0.2508502;1234092617
-174.955196;342.4375;7587;-17169;0.96261216;0.041808368;-0.24371218;1234132484
-174.932690;342.4375;7587;-17175;0.96363184;0.029571772;-0.23453474;1234154990
-174.905495;342.4375;7587;-17182;0.961592464;0.017335176;-0.23555446;1234182185
-174.882310;342.375;7587;-17194;0.961592464;0.010197163;-0.2447319;1234205370
-174.855590;342.375;7587;-17200;0.9585333;0.020394326;-0.247791052;1234232090
-174.833423;342.375;7581;-17194;0.96261216;0.0387492184;-0.248810768;1234254257
-174.811332;342.375;7581;-17194;0.96261216;0.041808368;-0.23963332;1234276348
-174.784863;342.375;7581;-17194;0.96363184;0.0377295;-0.23657418;1234302817
-174.762263;342.375;7581;-17194;0.96363184;0.026512622;-0.23555446;1234325417
-174.735484;342.3125;7581;-17200;0.961592464;0.017335176;-0.24371218;1234352196
-174.705548;342.3125;7581;-17207;0.959553;0.018354892;-0.25288964;1234382132
-174.682365;342.3125;7581;-17207;0.96261216;0.031611204;-0.242692468;1234405315
-174.661186;342.3125;7581;-17207;0.96261216;0.034670352;-0.2386136;1234426494
-174.635335;342.3125;7581;-17207;0.9646516;0.039768936;-0.23351502;1234452345
-174.602071;342.3125;7581;-17207;0.961592464;0.02753234;-0.24065304;1234485609
-174.575032;342.3125;7581;-17207;0.9605727;0.020394326;-0.247791052;1234512648
-174.551601;342.3125;7581;-17213;0.9605727;0.021414042;-0.25186992;1234536079
-174.514942;342.25;7581;-17213;0.961592464;0.028552056;-0.24065304;1234572738
-174.465661;342.25;7581;-17213;0.96363184;0.034670352;-0.23453474;1234622019
-174.444109;342.25;7581;-17213;0.9605727;0.02447319;-0.24371218;1234643571
-174.423003;342.25;7581;-17219;0.9585333;0.018354892;-0.24983048;1234664677
-174.395510;342.25;7581;-17219;0.9605727;0.018354892;-0.25186992;1234692170
-174.371053;342.25;7581;-17225;0.961592464;0.026512622;-0.24371218;1234716627
-174.315321;342.25;7581;-17225;0.9646516;0.034670352;-0.2386136;1234772359
-174.285263;342.25;7581;-17225;0.96261216;0.026512622;-0.24575162;1234802417
-174.262005;342.25;7581;-17225;0.961592464;0.0193746092;-0.24983048;1234825675
-174.235244;342.25;7581;-17232;0.9605727;0.021414042;-0.2508502;1234852436
-174.205611;342.25;7581;-17232;0.96261216;0.03263092;-0.24167276;1234882069
-174.183636;342.25;7581;-17232;0.96363184;0.03569007;-0.23351502;1234904044
-174.156600;342.25;7581;-17232;0.9656713;0.03263092;-0.237593884;1234931080
-174.133763;342.25;7581;-17232;0.961592464;0.026512622;-0.24371218;1234953917
-174.084761;342.1875;7581;-17238;0.961592464;0.02447319;-0.248810768;1235002919
-174.062769;342.1875;7581;-17238;0.96261216;0.03263092;-0.24167276;1235024911
-174.040942;342.1875;7581;-17238;0.96363184;0.029571772;-0.23657418;1235046738
-173.994139;342.1875;7581;-17238;0.961592464;0.029571772;-0.24167276;1235093541
-173.965935;342.1875;7575;-17238;0.959553;0.026512622;-0.25186992;1235121745
-173.944151;342.1875;7575;-17238;0.959553;0.022433758;-0.25390936;1235143529
-173.915440;342.1875;7575;-17238;0.96261216;0.025492906;-0.24371218;1235172240
-173.892985;342.1875;7575;-17238;0.96363184;0.026512622;-0.23657418;1235194695
-173.865472;342.1875;7575;-17238;0.96261216;0.031611204;-0.23657418;1235222208
-173.843621;342.1875;7575;-17238;0.96363184;0.031611204;-0.2447319;1235244059
-173.815441;342.1875;7575;-17238;0.961592464;0.02753234;-0.24677134;1235272239
-173.785078;342.1875;7575;-17238;0.961592464;0.022433758;-0.2508502;1235302602
-173.762203;342.1875;7581;-17238;0.96261216;0.023453474;-0.242692468;1235325477
-173.735152;342.1875;7581;-17238;0.96363184;0.029571772;-0.2386136;1235352528
-173.705441;342.1875;7581;-17238;0.9646516;0.030591488;-0.23657418;1235382239
-173.683189;342.1875;7581;-17238;0.961592464;0.031611204;-0.24575162;1235404491
-173.634949;342.25;7581;-17238;0.961592464;0.022433758;-0.2447319;1235452731
-173.612806;342.25;7581;-17238;0.961592464;0.022433758;-0.24167276;1235474874
-173.585213;342.25;7581;-17238;0.96363184;0.026512622;-0.23657418;1235502467
-173.562564;342.25;7581;-17238;0.96261216;0.031611204;-0.24065304;1235525116
-173.535466;342.25;7581;-17238;0.961592464;0.03263092;-0.24677134;1235552214
-173.505559;342.25;7581;-17238;0.959553;0.02753234;-0.247791052;1235582121
-173.483745;342.25;7581;-17238;0.96363184;0.020394326;-0.24167276;1235603935
-173.462117;342.25;7581;-17238;0.9605727;0.021414042;-0.23555446;1235625563
-173.437998;342.25;7581;-17238;0.96363184;0.023453474;-0.2386136;1235649682
-173.405151;342.25;7581;-17238;0.96363184;0.031611204;-0.2447319;1235682529
-173.383181;342.25;7581;-17238;0.9605727;0.034670352;-0.24575162;1235704499
-173.361896;342.25;7581;-17238;0.96261216;0.029571772;-0.2508502;1235725784
-173.328623;342.25;7581;-17238;0.961592464;0.0265;1;1235759057
-173.304881;342.25;7581;-17238;0.96261216;0.020394326;-0.24065304;1235782799
-173.282400;342.25;7581;-17238;0.96261216;0.022433758;-0.24167276;1235805280
-173.255622;342.25;7581;-17238;0.959553;0.02753234;-0.242692468;1235832058
-173.229462;342.25;7581;-17238;0.959553;0.033650636;-0.248810768;1235858218
-173.193555;342.25;7581;-17238;0.96261216;0.028552056;-0.24575162;1235894125
-173.165524;342.25;7581;-17238;0.96363184;0.028552056;-0.237593884;1235922156
-173.143955;342.25;7581;-17238;0.9605727;0.02447319;-0.24167276;1235943725
-173.122116;342.25;7581;-17238;0.961592464;0.02447319;-0.24065304;1235965564
-173.095366;342.25;7581;-17238;0.96363184;0.026512622;-0.24575162;1235992314
-173.073585;342.25;7581;-17238;0.96261216;0.03263092;-0.247791052;1236014095
-173.051899;342.25;7581;-17238;0.96261216;0.03263092;-0.24677134;1236035781
-173.029550;342.25;7581;-17238;0.96363184;0.030591488;-0.23657418;1236058130
-172.972236;342.25;7581;-17238;0.9605727;0.021414042;-0.2386136;1236115444
-172.945624;342.25;7581;-17238;0.9605727;0.02447319;-0.24575162;1236142056
-172.923449;342.25;7581;-17238;0.96363184;0.030591488;-0.24677134;1236164231
-172.892098;342.25;7581;-17238;0.96261216;0.031611204;-0.24677134;1236195582
-172.865625;342.25;7581;-17238;0.9646516;0.029571772;-0.24065304;1236222055
-172.835193;342.25;7581;-17238;0.9605727;0.02447319;-0.242692468;1236252487
-172.805328;342.25;7581;-17238;0.961592464;0.022433758;-0.24371218;1236282352
-172.754489;342.25;7581;-17238;0.96261216;0.030591488;-0.24575162;1236333191
-172.730420;342.25;7581;;298;224;4253;1236357260
-172.705335;342.25;7581;-17238;0.961592464;0.029571772;-0.2386136;1236382345
-172.681826;342.25;7581;-17238;0.96261216;0.023453474;-0.24065304;1236405854
-172.655500;342.25;7581;-17238;0.96261216;0.02447319;-0.24167276;1236432180
-172.632550;342.25;7581;-17238;0.96261216;0.02753234;-0.248810768;1236455130
-172.605583;342.25;7581;-17238;0.96261216;0.030591488;-0.24677134;1236482097
-172.583856;342.25;7581;-17238;0.96261216;0.031611204;-0.237593884;1236503824
-172.560016;342.25;7581;-17238;0.96363184;0.031611204;-0.237593884;1236527664
-172.524997;342.25;7581;-17238;0.96261216;0.02753234;-0.24065304;1236562683
-172.503045;342.25;7581;-17238;0.961592464;0.021414042;-0.2447319;1236584635
-172.480223;342.25;7581;-17238;0.96261216;0.023453474;-0.24371218;1236607457
-172.455231;342.25;7581;-17238;0.9605727;0.02753234;-0.2447319;1236632449
-172.402057;342.1875;7581;-17238;0.961592464;0.030591488;-0.24167276;1236685623
-172.380230;342.1875;7581;-17238;0.961592464;0.030591488;-0.24167276;1236707450
-172.334016;342.1875;7581;-17238;0.96261216;0.026512622;-0.247791052;1236753664
-172.304960;342.1875;7581;-17238;0.9605727;0.022433758;-0.24371218;1236782720
-172.282018;342.1875;7581;-17238;0.96363184;0.02753234;-0.237593884;1236805662
-172.255272;342.1875;7581;-17238;0.96261216;0.02753234;-0.23453474;1236832408
-172.229882;342.1875;7581;-17238;0.96363184;0.031611204;-0.24167276;1236857798
-172.203829;342.1875;7581;-17238;0.9585333;0.029571772;-0.2508502;1236883851
-172.180699;342.1875;7581;-17238;0.9605727;0.02753234;-0.25186992;1236906981
-172.155311;342.1875;7581;-17238;0.961592464;0.026512622;-0.24677134;1236932369
-172.132572;342.1875;7581;-17238;0.96363184;0.023453474;-0.23555446;1236955108
-172.105103;342.1875;7581;-17238;0.96363184;0.02447319;-0.23555446;1236982577
-172.081057;342.1875;7581;-17238;0.961592464;0.030591488;-0.24167276;1237006623
-172.055349;342.1875;7581;-17238;0.96261216;0.029571772;-0.24167276;1237032331
-172.029475;342.1875;7581;-17238;0.96363184;0.031611204;-0.247791052;1237058205
-172.005159;342.1875;7581;-17238;0.959553;0.026512622;-0.2447319;1237082521
-171.983606;342.1875;7581;-17238;0.961592464;0.023453474;-0.23453474;1237104074
-171.961909;342.1875;7581;-17238;0.96363184;0.02447319;-0.23453474;1237125771
-171.914978;342.1875;7581;-17238;0.9605727;0.026512622;-0.242692468;1237172702
-171.885306;342.1875;7581;-17238;0.961592464;0.030591488;-0.24983048;1237202374
-171.863535;342.1875;7581;-17238;0.9605727;0.02753234;-0.24677134;1237224145
-171.834591;342.1875;7581;-17238;0.961592464;0.030591488;-0.24065304;1237253089
-171.813001;342.1875;7581;-17238;0.96363184;0.028552056;-0.24167276;1237274679
-171.785296;342.1875;7581;-17238;0.96261216;0.023453474;-0.23963332;1237302384
-171.763610;342.1875;7581;-17238;0.9605727;0.021414042;-0.237593884;1237324070
-171.742009;342.1875;7581;-17238;0.961592464;0.0193746092;-0.24065304;1237345671
-171.705498;342.1875;7581;-17232;0.9585333;0.03569007;-0.25900792;1237382182
-171.683779;342.1875;7581;-17232;0.9605727;0.0377295;-0.2508502;1237403901
-171.661340;342.1875;7581;-17232;0.9646516;0.03263092;-0.24065304;1237426340
-171.634634;342.1875;7581;-17238;0.96261216;0.020394326;-0.23045588;1237453046
-171.611897;342.25;7581;-17238;0.96363184;0.011216879;-0.232495316;1237475783
-171.584007;342.25;7581;-17238;0.961592464;0.0193746092;-0.248810768;1237503673
-171.561938;342.25;7581;-17232;0.961592464;0.033650636;-0.2579882;1237525742
-171.514981;342.25;7581;-17225;0.96261216;0.04078865;-0.242692468;1237572699
-171.484960;342.25;7581;-17225;0.96363184;0.02447319;-0.226377008;1237602720
-171.462887;342.25;7581;-17225;0.96261216;0.011216879;-0.2314756;1237624793
-171.432042;342.25;7581;-17225;0.961592464;0.015295744;-0.24575162;1237655638
-171.405125;342.25;7581;-17219;0.9585333;0.02753234;-0.2569685;1237682555
-171.381805;342.25;7581;-17213;0.961592464;0.0438478;-0.24371218;1237705875
-171.355530;342.25;7587;-17213;0.96363184;0.044867516;-0.237593884;1237732150
-171.334116;342.25;7587;-17213;0.961592464;0.031611204;-0.2314756;1237753564
-171.312028;342.25;7587;-17219;0.96261216;0.020394326;-0.24065304;1237775652
-171.285177;342.25;7587;-17219;0.961592464;0.00815773;-0.247791052;1237802503
-171.262678;342.25;7587;-17219;0.9605727;0.014276028;-0.25492908;1237825002
-171.235051;342.3125;7587;-17213;0.959553;0.025492906;-0.2508502;1237852629
-171.211939;342.3125;7587;-17207;0.96363184;0.04588723;-0.23657418;1237875741
-171.179361;342.3125;7587;-17207;0.96261216;0.041808368;-0.23657418;1237908319
-171.155196;342.3125;7587;-17213;0.96261216;0.02753234;-0.2386136;1237932484
-171.133770;342.3125;7587;-17219;0.9605727;0.0061182976;-0.24677134;1237953910
-171.106816;342.3125;7587;-17219;0.9605727;0.009177446;-0.248810768;1237980864
-171.065538;342.3125;7587;-17213;0.96261216;0.0387492184;-0.23963332;1238022142
-171.044063;342.3125;7587;-17207;0.96363184;0.0438478;-0.23657418;1238043617
-171.021917;342.3125;7587;-17207;0.96363184;0.041808368;-0.23555446;1238065763
-170.985088;342.3125;7587;-17213;0.959553;0.0193746092;-0.24983048;1238102592
-170.963184;342.3125;7587;-17219;0.9605727;0.012236595;-0.24983048;1238124496
-170.942091;342.3125;7587;-17219;0.961592464;0.015295744;-0.24575162;1238145589
-170.914777;342.3125;7587;-17213;0.96261216;0.031611204;-0.23351502;1238172903
-170.889665;342.3125;7587;-17213;0.96363184;0.04078865;-0.23453474;1238198015
-170.865234;342.3125;7587;-17213;0.96261216;0.04078865;-0.24167276;1238222446
-170.843201;342.3125;7587;-17219;0.9585333;0.030591488;-0.25492908;1238244479
-170.815453;342.3125;7587;-17219;0.959553;0.023453474;-0.25390936;1238272227
-170.785149;342.3125;7587;-17219;0.96363184;0.012236595;-0.2386136;1238302531
-170.755283;342.3125;7587;-17219;0.961592464;0.021414042;-0.2314756;1238332397
-170.715843;342.3125;7587;-17219;0.961592464;0.0438478;-0.24371218;1238371837
-170.671192;342.3125;7587;-17219;0.959553;0.02753234;-0.25390936;1238416488
-170.645434;342.3125;7587;-17219;0.9605727;0.018354892;-0.24575162;1238442246
-170.586160;342.3125;7587;-17219;0.96261216;0.028552056;-0.237593884;1238501520
-170.562837;342.3125;7587;-17213;0.96261216;0.036709784;-0.24677134;1238524843
-170.534773;342.3125;7587;-17213;0.9605727;0.0387492184;-0.25492908;1238552907
-170.512521;342.3125;7587;-17219;0.959553;0.025492906;-0.24677134;1238575159
-170.465232;342.3125;7587;-17219;0.96261216;0.01631546;-0.2314756;1238622448
-170.442344;342.3125;7587;-17219;0.96261216;0.022433758;-0.23657418;1238645336
-170.415200;342.3125;7587;-17213;0.9605727;0.03263092;-0.24677134;1238672480
-170.384961;342.3125;7587;-17213;0.9605727;0.0438478;-0.25390936;1238702719
-170.362402;342.375;7593;-17207;0.96261216;0.033650636;-0.24371218;1238725278
-170.335317;342.375;7593;-17213;0.9605727;0.025492906;-0.23555446;1238752363
-170.312069;342.375;7593;-17213;0.961592464;0.013256311;-0.23351502;1238775611
-170.262980;342.375;7593;-17207;0.9605727;0.031611204;-0.24575162;1238824700
-170.230622;342.375;7593;-17207;0.961592464;0.041808368;-0.25492908;1238857058
-170.203917;342.375;7593;-17213;0.96261216;0.031611204;-0.2447319;1238883763
-170.154420;342.3125;7593;-17219;0.96363184;0.00815773;-0.22943616;1238933260
-170.132074;342.3125;7593;-17225;0.959553;0.022433758;-0.24575162;1238955606
-170.105055;342.3125;7593;-17219;0.961592464;0.033650636;-0.2508502;1238982625
-170.081829;342.3125;7593;-17219;0.96363184;0.0438478;-0.2508502;1239005851
-170.055447;342.3125;7587;-17213;0.96363184;0.034670352;-0.24983048;1239032233
-170.034086;342.3125;7587;-17219;0.961592464;0.010197163;-0.2314756;1239053594
-170.005167;342.3125;7587;-17225;0.961592464;0.010197163;-0.23453474;1239082513
-169.983631;342.3125;7587;-17232;0.9605727;0.022433758;-0.24983048;1239104049
-169.961437;342.3125;7587;-17225;0.9646516;0.03263092;-0.2508502;1239126243
-169.925831;342.3125;7587;-17219;0.9605727;0.04078865;-0.24983048;1239161849
-169.901084;342.3125;7593;-17225;0.96363184;0.031611204;-0.237593884;1239186596
-169.878285;342.3125;7593;-17232;0.96261216;0.01631546;-0.2314756;1239209395
-169.854662;342.3125;7593;-17238;0.961592464;0.009177446;-0.23045588;1239233018
-169.833066;342.3125;7593;-17244;0.9605727;0.014276028;-0.24575162;1239254614
-169.805233;342.3125;7593;-17244;0.9605727;0.025492906;-0.25186992;1239282447
-169.760360;342.3125;7593;-17232;0.96363184;0.047926664;-0.24167276;1239327320
-169.734740;342.3125;7593;-17232;0.96363184;0.03569007;-0.232495316;1239352940
-169.712987;342.3125;7593;-17244;0.9646516;0.009177446;-0.22943616;1239374693
-169.686026;342.3125;7593;-17244;0.959553;0.0030591488;-0.23963332;1239401654
-169.664194;342.3125;7593;-17244;0.959553;0.020394326;-0.25186992;1239423486
-169.643165;342.3125;7593;-17244;0.961592464;0.0377295;-0.25288964;1239444515
-169.593140;342.3125;7593;-17238;0.96363184;0.0438478;-0.23555446;1239494540
-169.567824;342.25;7593;-17244;0.961592464;0.025492906;-0.23555446;1239519856
-169.544737;342.25;7593;-17250;0.961592464;0.013256311;-0.23453474;1239542943
-169.515237;342.25;7593;-17257;0.959553;0.009177446;-0.24677134;1239572443
-169.472150;342.25;7587;-17250;0.96363184;0.0438478;-0.248810768;1239615530
-169.451003;342.25;7587;-17250;0.9646516;0.046906948;-0.2386136;1239636677
-169.424366;342.25;7593;-17250;0.9646516;0.031611204;-0.23351502;1239663314
-169.402356;342.3125;7593;-17257;0.96363184;0.020394326;-0.237593884;1239685324
-169.364827;342.3125;7593;-17263;0.9605727;0.009177446;-0.24677134;1239722853
-169.341415;342.25;7593;-17269;0.959553;0.023453474;-0.25390936;1239746265
-169.315353;342.25;7587;-17263;0.96363184;0.036709784;-0.2447319;1239772327
-169.293987;342.3125;7593;-17257;0.9656713;0.042828084;-0.23555446;1239793693
-169.272084;342.3125;7593;-17257;0.9656713;0.036709784;-0.22943616;1239815596
-169.245276;342.3125;7593;-17263;0.961592464;0.025492906;-0.2314756;1239842404
-169.201286;342.25;7593;-17275;0.9605727;0.015295744;-0.25186992;1239886394
-169.180097;342.25;7593;-17275;0.9605727;0.021414042;-0.2508502;1239907583
-169.154976;342.25;7593;-17269;0.96363184;0.036709784;-0.24575162;1239932704
-169.132288;342.25;7593;-17269;0.96363184;0.04588723;-0.23351502;1239955392
-169.106883;342.25;7593;-17263;0.96363184;0.03569007;-0.23453474;1239980797
-169.062539;342.25;7593;-17269;0.959553;0.011216879;-0.2508502;1240025141
-169.036450;342.25;7587;-17275;0.959553;0.013256311;-0.25594878;1240051230
-169.014581;342.25;7587;-17275;0.96261216;0.031611204;-0.24983048;1240073099
-168.941212;342.25;7593;-17269;0.96261216;0.02753234;-0.23963332;1240146468
-168.908967;342.25;7593;-17269;0.9605727;0.014276028;-0.24983048;1240178713
-168.884424;342.25;7593;-17269;0.959553;0.015295744;-0.25594878;1240203256
-168.862322;342.25;7593;-17269;0.9605727;0.022433758;-0.24575162;1240225358
-168.772846;342.25;7593;-17263;0.96261216;0.026512622;-0.242692468;1240314834
-168.735139;342.25;7593;-17269;0.959553;0.015295744;-0.25186992;1240352541
-168.705238;342.3125;7593;-17269;0.96261216;0.021414042;-0.242692468;1240382442
-168.682704;342.3125;7593;-17269;0.9646516;0.030591488;-0.22943616;1240404976
-168.655003;342.3125;7593;-17269;0.96363184;0.0377295;-0.2314756;1240432677
-168.629514;342.3125;7593;-17269;0.961592464;0.033650636;-0.242692468;1240458166
-168.605055;342.3125;7593;-17269;0.961592464;0.02753234;-0.248810768;1240482625
-168.573226;342.3125;7593;-17269;0.9605727;0.018354892;-0.248810768;1240514454
-168.545324;342.3125;7593;-17269;0.959553;0.020394326;-0.242692468;1240542356
-168.481474;342.3125;7593;-17269;0.96363184;0.034670352;-0.24371218;1240606206
-168.454663;342.3125;7593;-17269;0.96261216;0.033650636;-0.24983048;1240633017
-168.433087;342.3125;7593;-17269;0.959553;0.022433758;-0.25390936;1240654593
-168.405327;342.3125;7593;-17269;0.961592464;0.015295744;-0.248810768;1240682353
-168.383778;342.3125;7593;-17269;0.9646516;0.022433758;-0.23453474;1240703902
-168.361831;342.3125;7593;-17269;0.96363184;0.02447319;-0.23045588;1240725849
-168.335106;342.3125;7593;-17269;0.96363184;0.03263092;-0.23555446;1240752574
-168.305011;342.3125;7593;-17269;0.961592464;0.034670352;-0.24983048;1240782669
-168.281155;342.3125;7593;-17269;0.9605727;0.02753234;-0.25288964;1240806525
-168.255125;342.3125;7593;-17269;0.9605727;0.018354892;-0.247791052;1240832555
-168.232918;342.3125;7593;-17269;0.96363184;0.022433758;-0.23045588;1240854762
-168.205128;342.3125;7600;-17269;0.96363184;0.02447319;-0.22739672;1240882552
-168.179644;342.3125;7600;-17269;0.96363184;0.031611204;-0.23657418;1240908036
-168.154909;342.3125;7600;-17269;0.96261216;0.034670352;-0.24575162;1240932771
-168.132309;342.3125;7600;-17269;0.9605727;0.030591488;-0.25186992;1240955371
-168.105177;342.3125;7600;-17269;0.9605727;0.023453474;-0.24677134;1240982503
-168.054690;342.3125;7600;-17269;0.96363184;0.023453474;-0.232495316;1241032990
-168.032303;342.3125;7600;-17269;0.961592464;0.031611204;-0.2386136;1241055377
-167.972509;342.3125;7600;-17269;0.961592464;0.028552056;-0.24983048;1241115171
-167.950868;342.3125;7600;-17269;0.9605727;0.02447319;-0.24371218;1241136812
-167.928086;342.3125;7600;-17269;0.9605727;0.02753234;-0.23963332;1241159594
-167.865102;342.3125;7600;-17269;0.96261216;0.028552056;-0.24371218;1241222578
-167.834593;342.3125;7600;-17269;0.9605727;0.02447319;-0.248810768;1241253087
-167.805193;342.3125;7600;-17269;0.959553;0.02447319;-0.24575162;1241282487
-167.782843;342.3125;7600;-17269;0.96261216;0.02753234;-0.2386136;1241304837
-167.755185;342.3125;7600;-17269;0.96261216;0.02753234;-0.237593884;1241332495
-167.671382;342.3125;7600;-17269;0.961592464;0.021414042;-0.247791052;1241416298
-167.645252;342.3125;7600;-17269;0.961592464;0.023453474;-0.24677134;1241442428
-167.603145;342.3125;7600;-17269;0.9646516;0.026512622;-0.2386136;1241484535
-167.577738;342.3125;7600;-17269;0.96363184;0.033650636;-0.242692468;1241509942
-167.534978;342.3125;7600;-17269;0.96261216;0.025492906;-0.2447319;1241552702
-167.504936;342.3125;7600;-17269;0.9605727;0.0193746092;-0.2447319;1241582744
-167.483088;342.3125;7600;-17269;0.9605727;0.023453474;-0.24065304;1241604592
-167.455334;342.3125;7600;-17269;0.961592464;0.026512622;-0.2386136;1241632346
-167.429080;342.3125;7600;-17269;0.96261216;0.03263092;-0.242692468;1241658600
-167.404009;342.3125;7600;-17269;0.961592464;0.031611204;-0.24677134;1241683671
-167.381711;342.3125;7600;-17269;0.96363184;0.028552056;-0.24371218;1241705969
-167.355079;342.3125;7600;-17269;0.96261216;0.021414042;-0.24371218;1241732601
-167.329477;342.3125;7600;-17269;0.96261216;0.025492906;-0.2447319;1241758203
-167.304700;342.3125;7600;-17269;0.9605727;0.025492906;-0.2447319;1241782980
-167.281176;342.3125;7600;-17269;0.96261216;0.031611204;-0.24371218;1241806504
-167.255106;342.3125;7600;-17269;0.961592464;0.0387492184;-0.2447319;1241832574
-167.229471;342.3125;7600;-17269;0.96261216;0.031611204;-0.24575162;1241858209
-167.204690;342.3125;7600;-17269;0.96261216;0.022433758;-0.24065304;1241882990
-167.164783;342.3125;7600;-17269;0.96261216;0.018354892;-0.23963332;1241922897
-167.136888;342.3125;7600;-17263;0.9605727;0.0377295;-0.25288964;1241950792
-167.114634;342.3125;7600;-17263;0.961592464;0.0377295;-0.24983048;1241973046
-167.065527;342.3125;7600;-17263;0.96261216;0.020394326;-0.23963332;1242022153
-167.043787;342.3125;7600;-17263;0.96261216;0.01631546;-0.237593884;1242043893
-167.021945;342.3125;7600;-17263;0.96261216;0.020394326;-0.24371218;1242065735
-166.995163;342.3125;7600;-17263;0.9605727;0.025492906;-0.2508502;1242092517
-166.973071;342.3125;7600;-17263;0.959553;0.03263092;-0.24371218;1242114609
-166.951174;342.3125;7600;-17263;0.96363184;0.03263092;-0.242692468;1242136506
-166.915113;342.3125;7600;-17263;0.96261216;0.029571772;-0.237593884;1242172567
-166.892596;342.3125;7600;;477;284;4255;1242195084
-166.865446;342.3125;7600;-17263;0.9605727;0.020394326;-0.2447319;1242222234
-166.844175;342.3125;7600;-17263;0.96363184;0.028552056;-0.2447319;1242243505
-166.815099;342.3125;7600;-17263;0.961592464;0.031611204;-0.2447319;1242272581
-166.785479;342.3125;7600;-17263;0.961592464;0.033650636;-0.24167276;1242302201
-166.744294;342.3125;7600;-17263;0.96261216;0.026512622;-0.24167276;1242343386
-166.711649;342.3125;7600;-17263;0.96261216;0.020394326;-0.2447319;1242376031
-166.684526;342.3125;7600;-17263;0.961592464;0.022433758;-0.247791052;1242403154
-166.604659;342.3125;7600;-17263;0.9605727;0.031611204;-0.24167276;1242483021
-166.582360;342.3125;7600;-17263;0.961592464;0.021414042;-0.23657418;1242505320
-166.554772;342.3125;7600;-17263;0.961592464;0.01631546;-0.24065304;1242532908
-166.532456;342.3125;7600;-17263;0.961592464;0.018354892;-0.24167276;1242555224
-166.509264;342.3125;7593;-17257;0.9605727;0.029571772;-0.2447319;1242578416
-166.484488;342.25;7593;-17257;0.9605727;0.03569007;-0.247791052;1242603192
-166.462542;342.25;7593;-17257;0.96261216;0.034670352;-0.24677134;1242625138
-166.429175;342.25;7593;-17257;0.96261216;0.020394326;-0.2386136;1242658505
-166.372598;342.25;7593;-17257;0.959553;0.021414042;-0.24677134;1242715082
-166.351062;342.25;7593;-17257;0.96261216;0.031611204;-0.2508502;1242736618
-166.315305;342.25;7593;-17250;0.96261216;0.0387492184;-0.24575162;1242772375
-166.231772;342.25;7593;-17257;0.96363184;0.01631546;-0.242692468;1242855908
-166.205118;342.25;7593;-17257;0.96261216;0.0193746092;-0.24677134;1242882562
-166.182033;342.25;7593;-17257;0.96363184;0.031611204;-0.247791052;1242905647
-166.155148;342.25;7593;-17257;0.961592464;0.036709784;-0.24167276;1242932532
-166.131627;342.25;7593;-17257;0.96363184;0.030591488;-0.2386136;1242956053
-166.105254;342.25;7593;-17257;0.961592464;0.02447319;-0.24065304;1242982426
-166.083772;342.25;7593;-17257;0.9605727;0.013256311;-0.24065304;1243003908
-166.061777;342.25;7593;-17257;0.96261216;0.018354892;-0.24371218;1243025903
-166.035037;342.25;7593;-17257;0.96261216;0.02753234;-0.248810768;1243052643
-166.012017;342.25;7593;-17257;0.96261216;0.033650636;-0.242692468;1243075663
-165.985114;342.25;7593;-17257;0.9646516;0.033650636;-0.23657418;1243102566
-165.962900;342.25;7593;-17257;0.96261216;0.03263092;-0.237593884;1243124780
-165.934849;342.25;7593;-17257;0.96363184;0.020394326;-0.24371218;1243152831
-165.904925;342.25;7593;-17257;0.961592464;0.021414042;-0.247791052;1243182755
-165.883124;342.25;7593;-17257;0.9605727;0.026512622;-0.247791052;1243204556
-165.794874;342.25;7593;-17257;0.96261216;0.030591488;-0.24371218;1243292806
-165.772885;342.25;7593;-17257;0.961592464;0.020394326;-0.2447319;1243314795
-165.749547;342.25;7593;-17257;0.961592464;0.020394326;-0.248810768;1243338133
-165.727970;342.25;7593;-17257;0.96261216;0.023453474;-0.24575162;1243359710
-165.702071;342.25;7593;-17257;0.96363184;0.030591488;-0.24371218;1243385609
-165.680039;342.25;7593;-17257;0.961592464;0.033650636;-0.23963332;1243407641
-165.654917;342.25;7593;-17257;0.961592464;0.031611204;-0.24575162;1243432763
-165.631992;342.25;7593;-17257;0.96261216;0.022433758;-0.24371218;1243455688
-165.565095;342.25;7593;-17257;0.9605727;0.0193746092;-0.2447319;1243522585
-165.541888;342.25;7593;-17257;0.961592464;0.029571772;-0.24065304;1243545792
-165.485590;342.25;7593;-17257;0.96261216;0.030591488;-0.23963332;1243602090
-165.464137;342.25;7593;-17257;0.96261216;0.025492906;-0.2447319;1243623543
-165.435054;342.25;7593;-17257;0.961592464;0.021414042;-0.24677134;1243652626
-165.412470;342.25;7593;-17257;0.961592464;0.025492906;-0.242692468;1243675210
-165.377836;342.25;7593;-17257;0.96261216;0.030591488;-0.24065304;1243709844
-165.353695;342.25;7593;-17257;0.96363184;0.03263092;-0.242692468;1243733985
-165.332112;342.25;7593;-17257;0.96261216;0.029571772;-0.24065304;1243755568
-165.304994;342.25;7593;-17257;0.96261216;0.02753234;-0.2447319;1243782686
-165.278720;342.25;7593;-17257;0.961592464;0.022433758;-0.24371218;1243808960
-165.254132;342.25;7593;-17257;0.961592464;0.022433758;-0.24167276;1243833548
-165.224754;342.25;7593;-17257;0.96363184;0.028552056;-0.24167276;1243862926
-165.203188;342.25;7593;-17257;0.96363184;0.031611204;-0.2447319;1243884492
-165.180264;342.25;7593;-17257;0.9605727;0.03263092;-0.2447319;1243907416
-165.155032;342.25;7593;-17257;0.961592464;0.031611204;-0.23963332;1243932648
-165.132866;342.25;7593;-17257;0.9605727;0.023453474;-0.242692468;1243954814
-165.104978;342.25;7593;-17257;0.96261216;0.020394326;-0.242692468;1243982702
-165.082915;342.25;7593;-17257;0.96261216;0.022433758;-0.24167276;1244004765
-165.060622;342.25;7593;-17257;0.959553;0.030591488;-0.24065304;1244027058
-165.035089;342.25;7593;-17257;0.96261216;0.033650636;-0.24371218;1244052591
-164.984903;342.25;7593;-17257;0.96261216;0.02753234;-0.24065304;1244102777
-164.940018;342.25;7593;-17257;0.9605727;0.022433758;-0.24167276;1244147662
-164.914483;342.25;7593;-17257;0.96261216;0.028552056;-0.24371218;1244173197
-164.865356;342.25;7593;-17257;0.96261216;0.031611204;-0.24167276;1244222324
-164.844173;342.25;7593;-17257;0.961592464;0.029571772;-0.242692468;1244243507
-164.819205;342.25;7593;-17257;0.96261216;0.026512622;-0.24065304;1244268475
-164.784880;342.25;7593;-17257;0.9605727;0.023453474;-0.242692468;1244302800
-164.761448;342.25;7593;-17257;0.961592464;0.023453474;-0.23963332;1244326232
-164.735009;342.25;7593;-17257;0.959553;0.02753234;-0.242692468;1244352671
-164.713088;342.25;7593;-17257;0.9605727;0.030591488;-0.24371218;1244374592
-164.685645;342.25;7593;-17257;0.96261216;0.030591488;-0.24371218;1244402035
-164.663402;342.25;7593;-17257;0.96363184;0.026512622;-0.24677134;1244424278
-164.601488;342.25;7593;-17257;0.96363184;0.02447319;-0.24371218;1244486192
-164.579946;342.25;7593;-17257;0.9605727;0.029571772;-0.24065304;1244507734
-164.501841;342.25;7593;-17257;0.961592464;0.026512622;-0.24167276;1244585839
-164.479980;342.25;7593;-17257;0.96261216;0.023453474;-0.24065304;1244607700
-164.455104;342.25;7593;-17257;0.961592464;0.02447319;-0.23963332;1244632576
-164.432895;342.25;7593;-17257;0.96261216;0.028552056;-0.24371218;1244654785
-164.406726;342.25;7593;-17257;0.961592464;0.031611204;-0.24167276;1244680954
-164.384560;342.25;7593;-17257;0.96261216;0.03263092;-0.242692468;1244703120
-164.363111;342.25;7593;-17257;0.96261216;0.026512622;-0.24371218;1244724569
-164.334917;342.25;7593;-17257;0.96261216;0.025492906;-0.24371218;1244752763
-164.307935;342.25;7593;-17257;0.96261216;0.023453474;-0.242692468;1244779745
-164.284627;342.25;7593;-17257;0.959553;0.026512622;-0.24167276;1244803053
-164.236549;342.25;7593;-17257;0.961592464;0.03263092;-0.2447319;1244851131
-164.214657;342.25;7593;-17257;0.961592464;0.026512622;-0.24371218;1244873023
-164.185092;342.25;7593;-17257;0.96261216;0.02447319;-0.24167276;1244902588
-164.163892;342.25;7593;-17257;0.96261216;0.022433758;-0.24167276;1244923788
-164.120951;342.25;7593;-17257;0.96363184;0.025492906;-0.24371218;1244966729
-164.094730;342.25;7593;-17257;0.961592464;0.029571772;-0.24575162;1244992950
-164.072227;342.25;7593;-17257;0.96261216;0.029571772;-0.24371218;1245015453
-164.045337;342.25;7593;-17257;0.96363184;0.026512622;-0.24575162;1245042343
-163.995353;342.25;7593;-17257;0.961592464;0.021414042;-0.242692468;1245092327
-163.973182;342.25;7593;-17257;0.96261216;0.02753234;-0.242692468;1245114498
-163.950425;342.25;7593;-17257;0.961592464;0.031611204;-0.242692468;1245137255
-163.901548;342.25;7593;-17257;0.959553;0.029571772;-0.2447319;1245186132
-163.865150;342.25;7593;-17257;0.9605727;0.023453474;-0.242692468;1245222530
-163.843499;342.25;7593;-17257;0.961592464;0.021414042;-0.242692468;1245244181
-163.818302;342.25;7593;-17257;0.96261216;0.022433758;-0.24167276;1245269378
-163.784844;342.25;7593;-17257;0.96363184;0.028552056;-0.24065304;1245302836
-163.755418;342.25;7593;-17257;0.9605727;0.034670352;-0.24371218;1245332262
-163.674554;342.25;7593;-17257;0.96261216;0.020394326;-0.24167276;1245413126
-163.641699;342.25;7593;-17257;0.96363184;0.02753234;-0.24371218;1245445981
-163.614671;342.25;7593;-17257;0.961592464;0.034670352;-0.2447319;1245473009
-163.584796;342.25;7593;-17257;0.9605727;0.03569007;-0.2508502;1245502884
-163.555553;342.25;7593;-17257;0.9605727;0.028552056;-0.24575162;1245532127
-163.533201;342.25;7593;-17257;0.961592464;0.0193746092;-0.24167276;1245554479
-163.506548;342.25;7593;-17257;0.9605727;0.020394326;-0.237593884;1245581132
-163.484113;342.25;7593;-17257;0.96261216;0.02753234;-0.23963332;1245603567
-163.462453;342.25;7593;-17257;0.96261216;0.0377295;-0.2447319;1245625227
-163.434663;342.25;7593;-17257;0.961592464;0.034670352;-0.24575162;1245653017
-163.412230;342.25;7593;-17257;0.961592464;0.030591488;-0.2447319;1245675450
-163.384928;342.25;7593;-17257;0.961592464;0.021414042;-0.24167276;1245702752
-163.362040;342.25;7593;-17257;0.96363184;0.015295744;-0.237593884;1245725640
-163.335135;342.25;7593;-17257;0.96363184;0.021414042;-0.2386136;1245752545
-163.305604;342.25;7593;-17257;0.9605727;0.031611204;-0.24371218;1245782076
-163.284078;342.25;7593;-17257;0.96261216;0.036709784;-0.2447319;1245803602
-163.261405;342.25;7593;-17257;0.961592464;0.031611204;-0.24065304;1245826275
-163.205624;342.25;7593;-17257;0.96261216;0.017335176;-0.23963332;1245882056
-163.181675;342.25;7593;-17257;0.96261216;0.0193746092;-0.24167276;1245906005
-163.155490;342.25;7593;-17250;0.961592464;0.028552056;-0.2447319;1245932190
-163.133690;342.25;7593;-17250;0.9605727;0.0377295;-0.2447319;1245953990
-163.105298;342.25;7593;-17250;0.96261216;0.036709784;-0.247791052;1245982382
-163.084176;342.25;7593;-17250;0.961592464;0.02447319;-0.242692468;1246003504
-163.062129;342.25;7593;-17250;0.96261216;0.018354892;-0.24065304;1246025551
-163.035326;342.25;7593;-17250;0.96261216;0.01631546;-0.242692468;1246052354
-163.014128;342.25;7593;-17250;0.96261216;0.02753234;-0.24371218;1246073552
-162.985170;342.25;7593;-17250;0.9605727;0.03263092;-0.24677134;1246102510
-162.963324;342.25;7593;-17250;0.961592464;0.0377295;-0.24167276;1246124356
-162.936827;342.25;7593;-17250;0.96261216;0.031611204;-0.242692468;1246150853
-162.912997;342.25;7593;-17250;0.9605727;0.022433758;-0.24167276;1246174683
-162.879843;342.25;7593;-17250;0.959553;0.01631546;-0.24167276;1246207837
-162.855132;342.25;7593;-17250;0.96261216;0.021414042;-0.242692468;1246232548
-162.814895;342.25;7593;-17250;0.96261216;0.033650636;-0.24371218;1246272785
-162.788949;342.25;7593;-17250;0.9605727;0.036709784;-0.24167276;1246298731
-162.764884;342.25;7593;-17250;0.961592464;0.028552056;-0.24065304;1246322796
-162.743080;342.25;7593;-17257;0.96261216;0.018354892;-0.24371218;1246344600
-162.715540;342.25;7593;-17257;0.96363184;0.01631546;-0.24371218;1246372140
-162.684750;342.25;7593;-17257;0.96261216;0.02447319;-0.24371218;1246402930
-162.660750;342.25;7593;-17257;0.96261216;0.036709784;-0.24065304;1246426930
-162.630275;342.25;7593;-17257;0.961592464;0.0377295;-0.24371218;1246457405
-162.605379;342.25;7593;-17257;0.961592464;0.030591488;-0.24167276;1246482301
-162.575836;342.25;7593;-17257;0.961592464;0.020394326;-0.24371218;1246511844
-162.545611;342.25;7593;-17257;0.96261216;0.018354892;-0.24371218;1246542069
-162.515402;342.25;7593;-17257;0.96363184;0.029571772;-0.23963332;1246572278
-162.471958;342.25;7593;-17257;0.961592464;0.036709784;-0.2447319;1246615722
-162.445305;342.25;7593;-17257;0.9605727;0.030591488;-0.24983048;1246642375
-162.415427;342.25;7593;-17257;0.96261216;0.021414042;-0.24371218;1246672253
-162.385137;342.25;7593;-17257;0.961592464;0.018354892;-0.24371218;1246702543
-162.342985;342.25;7593;-17257;0.96261216;0.034670352;-0.24371218;1246744695
-162.311342;342.25;7593;-17257;0.96363184;0.03569007;-0.24371218;1246776338
-162.275358;342.25;7593;-17257;0.961592464;0.026512622;-0.2447319;1246812322
-162.253345;342.25;7593;-17257;0.9605727;0.018354892;-0.2447319;1246834335
-162.224931;342.25;7593;-17257;0.961592464;0.015295744;-0.24167276;1246862749
-162.165410;342.25;7593;-17250;0.96363184;0.03569007;-0.242692468;1246922270
-162.142442;342.25;7593;-17250;0.96261216;0.034670352;-0.2447319;1246945238
-162.115490;342.25;7593;-17250;0.96261216;0.028552056;-0.247791052;1246972190
-162.085270;342.25;7593;-17250;0.96363184;0.020394326;-0.24371218;1247002410
-162.062689;342.25;7593;-17250;0.96363184;0.017335176;-0.23657418;1247024991
-162.038956;342.25;7593;-17250;0.96363184;0.028552056;-0.237593884;1247048724
-162.013775;342.25;7593;-17250;0.96261216;0.03569007;-0.24065304;1247073905
-161.992210;342.25;7593;;533;300;4257;1247095470
-161.955299;342.25;7593;-17250;0.961592464;0.02753234;-0.2447319;1247132381
-161.930891;342.25;7593;-17250;0.96261216;0.0193746092;-0.242692468;1247156789
-161.905377;342.25;7593;-17250;0.96363184;0.0193746092;-0.23555446;1247182303
-161.854798;342.25;7593;-17250;0.96261216;0.029571772;-0.24065304;1247232882
-161.831197;342.25;7593;-17250;0.9605727;0.033650636;-0.24677134;1247256483
-161.804803;342.25;7593;-17250;0.9605727;0.029571772;-0.24575162;1247282877
-161.781622;342.25;7593;-17250;0.96363184;0.022433758;-0.24065304;1247306058
-161.755463;342.25;7593;-17250;0.96261216;0.0193746092;-0.2386136;1247332217
-161.733828;342.25;7593;-17250;0.961592464;0.022433758;-0.2386136;1247353852
-161.705318;342.25;7593;-17250;0.961592464;0.029571772;-0.24167276;1247382362
-161.681241;342.25;7593;-17250;0.96261216;0.036709784;-0.248810768;1247406439
-161.655210;342.25;7593;-17250;0.9605727;0.033650636;-0.24677134;1247432470
-161.633292;342.25;7593;-17250;0.959553;0.025492906;-0.24371218;1247454388
-161.599316;342.25;7593;-17250;0.96261216;0.020394326;-0.23963332;1247488364
-161.578050;342.25;7593;-17250;0.961592464;0.023453474;-0.23963332;1247509630
-161.553883;342.25;7593;-17250;0.96261216;0.033650636;-0.24575162;1247533797
-161.529117;342.25;7593;-17250;0.96363184;0.034670352;-0.248810768;1247558563
-161.503507;342.25;7593;-17250;0.961592464;0.031611204;-0.248810768;1247584173
-161.480471;342.25;7593;-17250;0.9605727;0.02447319;-0.24167276;1247607209
-161.455125;342.25;7593;-17250;0.9605727;0.02447319;-0.237593884;1247632555
-161.415133;342.25;7593;-17250;0.961592464;0.021414042;-0.2386136;1247672547
-161.392665;342.25;7593;-17250;0.961592464;0.028552056;-0.24371218;1247695015
-161.368149;342.25;7593;-17250;0.9605727;0.029571772;-0.24575162;1247719531
-161.345133;342.25;7593;-17250;0.9605727;0.030591488;-0.24983048;1247742547
-161.315572;342.25;7593;-17250;0.961592464;0.025492906;-0.2447319;1247772108
-161.284995;342.25;7593;-17250;0.961592464;0.022433758;-0.23963332;1247802685
-161.261938;342.25;7593;-17250;0.96261216;0.025492906;-0.23657418;1247825742
-161.229836;342.25;7593;-17250;0.96261216;0.029571772;-0.2447319;1247857844
-161.205089;342.25;7593;-17250;0.959553;0.029571772;-0.247791052;1247882591
-161.182135;342.25;7593;-17250;0.9605727;0.029571772;-0.24575162;1247905545
-161.155469;342.25;7593;-17250;0.961592464;0.028552056;-0.24167276;1247932211
-161.133662;342.25;7593;-17250;0.9646516;0.023453474;-0.24167276;1247954018
-161.110119;342.25;7593;-17250;0.96261216;0.026512622;-0.24065304;1247977561
-161.084911;342.25;7593;-17250;0.96261216;0.028552056;-0.24065304;1248002769
-161.063078;342.25;7593;-17250;0.961592464;0.026512622;-0.24677134;1248024602
-161.040285;342.25;7593;-17250;0.961592464;0.030591488;-0.24677134;1248047395
-160.994267;342.25;7593;-17250;0.96261216;0.029571772;-0.24677134;1248093413
-160.955218;342.25;7593;-17250;0.96261216;0.022433758;-0.237593884;1248132462
-160.929114;342.25;7593;-17250;0.96363184;0.022433758;-0.23963332;1248158566
-160.872250;342.25;7593;-17250;0.9605727;0.028552056;-0.24575162;1248215430
-160.848620;342.25;7593;-17250;0.96261216;0.029571772;-0.24575162;1248239060
-160.815270;342.25;7593;-17250;0.9605727;0.02447319;-0.237593884;1248272410
-160.785319;342.25;7593;-17250;0.96261216;0.020394326;-0.24167276;1248302361
-160.763399;342.25;7593;-17250;0.959553;0.025492906;-0.242692468;1248324281
-160.732082;342.25;7593;-17250;0.96261216;0.033650636;-0.24677134;1248355598
-160.705257;342.25;7593;-17250;0.96363184;0.03263092;-0.24371218;1248382423
-160.682471;342.25;7593;-17250;0.9605727;0.026512622;-0.24371218;1248405209
-160.656547;342.25;7593;-17250;0.9605727;0.023453474;-0.24065304;1248431133
-160.630957;342.25;7593;-17250;0.961592464;0.026512622;-0.24167276;1248456723
-160.605303;342.25;7593;-17250;0.961592464;0.030591488;-0.2447319;1248482377
-160.583451;342.25;7593;-17250;0.9605727;0.030591488;-0.24677134;1248504229
-160.534694;342.25;7593;-17250;0.961592464;0.028552056;-0.24167276;1248552986
-160.501972;342.25;7593;-17250;0.96261216;0.020394326;-0.2447319;1248585708
-160.479904;342.25;7593;-17250;0.9605727;0.022433758;-0.242692468;1248607776
-160.455157;342.25;7593;-17250;0.9605727;0.025492906;-0.24677134;1248632523
-160.400428;342.25;7593;-17250;0.961592464;0.028552056;-0.24065304;1248687252
-160.378742;342.25;7593;-17250;0.961592464;0.026512622;-0.24371218;1248708938
-160.354876;342.25;7593;-17250;0.961592464;0.025492906;-0.24167276;1248732804
-160.325612;342.25;7593;-17250;0.96363184;0.022433758;-0.24167276;1248762068
-160.303788;342.25;7593;-17250;0.961592464;0.026512622;-0.24371218;1248783892
-160.281426;342.25;7593;-17250;0.9605727;0.028552056;-0.24167276;1248806254
-160.255276;342.25;7593;-17250;0.96261216;0.031611204;-0.24371218;1248832404
-160.229578;342.25;7593;-17250;0.961592464;0.03263092;-0.242692468;1248858102
-160.204588;342.25;7593;-17250;0.96363184;0.030591488;-0.2447319;1248883092
-160.181142;342.25;7593;-17250;0.959553;0.02447319;-0.24167276;1248906538
-160.155169;342.25;7593;-17250;0.9605727;0.026512622;-0.242692468;1248932511
-160.104455;342.25;7593;-17250;0.96363184;0.029571772;-0.24167276;1248983225
-160.081698;342.25;7593;-17250;0.96363184;0.03263092;-0.2447319;1249005982
-160.055278;342.25;7593;-17250;0.961592464;0.029571772;-0.24167276;1249032402
-160.034111;342.25;7593;-17250;0.961592464;0.025492906;-0.24371218;1249053569
-160.005179;342.25;7593;-17250;0.961592464;0.023453474;-0.2447319;1249082501
-159.982926;342.25;7593;-17250;0.96363184;0.02447319;-0.24065304;1249104754
-159.955260;342.25;7593;-17250;0.961592464;0.025492906;-0.242692468;1249132420
-159.927631;342.25;7593;-17250;0.961592464;0.029571772;-0.24167276;1249160049
-159.872902;342.25;7593;-17250;0.961592464;0.02753234;-0.242692468;1249214778
-159.851022;342.25;7593;-17250;0.961592464;0.025492906;-0.2447319;1249236658
-159.825247;342.25;7593;;435;271;4255;1249262433
-159.795236;342.25;7593;-17250;0.96261216;0.026512622;-0.242692468;1249292444
-159.773448;342.25;7593;-17250;0.96261216;0.030591488;-0.24065304;1249314232
-159.751683;342.25;7593;-17250;0.9605727;0.028552056;-0.242692468;1249335997
-159.728378;342.25;7593;-17250;0.96261216;0.031611204;-0.242692468;1249359302
-159.704725;342.25;7593;-17250;0.96261216;0.028552056;-0.2447319;1249382955
-159.665052;342.25;7593;-17250;0.959553;0.025492906;-0.24167276;1249422628
-159.642658;342.25;7593;-17250;0.961592464;0.025492906;-0.24167276;1249445022
-159.614995;342.25;7593;-17250;0.96363184;0.02447319;-0.24371218;1249472685
-159.585109;342.25;7593;-17250;0.96363184;0.031611204;-0.24575162;1249502571
-159.562877;342.25;7593;-17250;0.96363184;0.030591488;-0.24371218;1249524803
-159.534811;342.25;7593;-17250;0.9605727;0.02447319;-0.2447319;1249552869
-159.505290;342.25;7593;-17250;0.9605727;0.022433758;-0.237593884;1249582390
-159.481342;342.25;7593;-17250;0.9646516;0.021414042;-0.2386136;1249606338
-159.455248;342.25;7593;-17250;0.9605727;0.023453474;-0.24065304;1249632432
-159.432075;342.25;7593;-17250;0.96261216;0.028552056;-0.247791052;1249655605
-159.405210;342.25;7593;-17250;0.961592464;0.029571772;-0.24677134;1249682470
-159.383530;342.25;7593;-17250;0.961592464;0.025492906;-0.242692468;1249704150
-159.355152;342.25;7593;-17250;0.96261216;0.022433758;-0.2386136;1249732528
-159.333728;342.25;7593;-17250;0.961592464;0.023453474;-0.237593884;1249753952
-159.302068;342.25;7593;-17250;0.961592464;0.029571772;-0.24677134;1249785612
-159.279696;342.25;7593;-17250;0.9605727;0.031611204;-0.24371218;1249807984
-159.255132;342.25;7593;-17250;0.961592464;0.030591488;-0.24983048;1249832548
-159.214693;342.25;7593;-17250;0.9605727;0.02753234;-0.23963332;1249872987
-159.193011;342.25;7593;-17250;0.9605727;0.029571772;-0.23963332;1249894669
-159.171125;342.25;7593;-17250;0.961592464;0.02753234;-0.23963332;1249916555
-159.145101;342.25;7593;-17250;0.9605727;0.02753234;-0.24575162;1249942579
-159.102035;342.25;7593;-17250;0.9646516;0.02753234;-0.24575162;1249985645
-159.079835;342.25;7593;-17250;0.96261216;0.030591488;-0.24167276;1250007845
-159.054836;342.25;7593;-17250;0.96261216;0.026512622;-0.24065304;1250032844
-159.032943;342.25;7593;-17250;0.96261216;0.022433758;-0.237593884;1250054737
-159.009361;342.25;7593;-17250;0.96363184;0.025492906;-0.24065304;1250078319
-158.904390;342.25;7593;-17250;0.961592464;0.025492906;-0.24167276;1250183290
-158.882930;342.25;7593;-17250;0.96363184;0.021414042;-0.23657418;1250204750
-158.855372;342.25;7593;-17250;0.96363184;0.02447319;-0.2386136;1250232308
-158.814940;342.25;7593;-17250;0.96261216;0.030591488;-0.2447319;1250272740
-158.765321;342.25;7593;-17250;0.961592464;0.03263092;-0.242692468;1250322359
-158.733265;342.25;7593;-17250;0.9646516;0.029571772;-0.2386136;1250354415
-158.711872;342.25;7593;-17250;0.9605727;0.022433758;-0.237593884;1250375808
-158.685086;342.25;7593;-17250;0.96261216;0.023453474;-0.24065304;1250402594
-158.663036;342.25;7593;-17250;0.961592464;0.028552056;-0.24167276;1250424644
-158.637569;342.25;7593;-17250;0.961592464;0.031611204;-0.248810768;1250450111
-158.614935;342.25;7593;-17250;0.961592464;0.031611204;-0.2447319;1250472745
-158.584935;342.25;7593;-17250;0.9605727;0.02753234;-0.24167276;1250502745
-158.563005;342.25;7593;-17250;0.961592464;0.021414042;-0.23555446;1250524675
-158.535193;342.25;7593;-17250;0.9605727;0.020394326;-0.23963332;1250552487
-158.514172;342.25;7593;-17250;0.961592464;0.025492906;-0.24575162;1250573508
-158.484953;342.25;7593;-17250;0.961592464;0.025492906;-0.24677134;1250602727
-158.462908;342.25;7593;-17250;0.961592464;0.030591488;-0.24371218;1250624772
-158.414395;342.25;7593;-17250;0.96261216;0.030591488;-0.242692468;1250673285
-158.384721;342.25;7593;-17250;0.961592464;0.023453474;-0.24167276;1250702959
-158.362566;342.25;7593;-17250;0.961592464;0.020394326;-0.24167276;1250725114
-158.335100;342.25;7593;-17250;0.96261216;0.021414042;-0.24677134;1250752580
-158.305247;342.25;7593;-17250;0.9605727;0.03263092;-0.248810768;1250782433
-158.283318;342.25;7593;-17250;0.9605727;0.0387492184;-0.24167276;1250804362
-158.257398;342.25;7593;;490;288;4256;1250830282
-158.229380;342.25;7593;-17250;0.96261216;0.023453474;-0.24065304;1250858300
-158.205004;342.25;7593;-17250;0.961592464;0.017335176;-0.242692468;1250882676
-158.182603;342.25;7593;-17250;0.9605727;0.021414042;-0.24371218;1250905077
-158.155247;342.25;7593;-17250;0.96261216;0.028552056;-0.24983048;1250932433
-158.133633;342.25;7593;-17250;0.9605727;0.034670352;-0.24371218;1250954047
-158.106464;342.25;7593;-17250;0.96261216;0.033650636;-0.237593884;1250981216
-158.084463;342.25;7593;-17250;0.96261216;0.025492906;-0.2386136;1251003217
-158.057565;342.25;7593;;530;299;4254;1251030115
-158.034684;342.25;7593;-17250;0.961592464;0.018354892;-0.24575162;1251052996
-157.972644;342.25;7593;-17250;0.961592464;0.031611204;-0.2386136;1251115036
-157.950191;342.25;7593;-17250;0.96261216;0.031611204;-0.23657418;1251137489
-157.927773;342.25;7593;-17250;0.961592464;0.030591488;-0.242692468;1251159907
-157.895203;342.25;7593;-17250;0.96261216;0.022433758;-0.247791052;1251192477
-157.873541;342.25;7593;-17250;0.961592464;0.02447319;-0.24677134;1251214139
-157.851269;342.25;7593;-17250;0.96261216;0.026512622;-0.247791052;1251236411
-157.828871;342.25;7593;-17250;0.96363184;0.028552056;-0.237593884;1251258809
-157.804815;342.25;7593;-17250;0.96261216;0.031611204;-0.237593884;1251282865
-157.780896;342.25;7593;-17250;0.961592464;0.030591488;-0.23657418;1251306784
-157.744958;342.25;7593;-17250;0.96261216;0.02753234;-0.247791052;1251342722
-157.695283;342.25;7593;;305;227;4259;1251392397
-157.672482;342.25;7593;-17250;0.961592464;0.022433758;-0.23555446;1251415198
-157.645706;342.25;7593;-17250;0.961592464;0.02447319;-0.2386136;1251441974
-157.595432;342.25;7593;-17250;0.961592464;0.03263092;-0.247791052;1251492248
-157.554605;342.25;7593;-17250;0.9605727;0.021414042;-0.24371218;1251533075
-157.532758;342.25;7593;-17250;0.9605727;0.01631546;-0.2386136;1251554922
-157.509445;342.25;7593;-17250;0.96261216;0.020394326;-0.2386136;1251578235
-157.462585;342.25;7593;-17244;0.96261216;0.03263092;-0.248810768;1251625095
-157.432927;342.25;7593;-17244;0.9605727;0.031611204;-0.2508502;1251654753
-157.401718;342.25;7593;-17244;0.961592464;0.02447319;-0.248810768;1251685962
-157.379882;342.25;7593;-17244;0.96261216;0.020394326;-0.23555446;1251707798
-157.355090;342.25;7593;-17244;0.96363184;0.0193746092;-0.23657418;1251732590
-157.316812;342.25;7593;-17238;0.96363184;0.03263092;-0.24167276;1251770868
-157.293649;342.25;7593;-17238;0.96261216;0.034670352;-0.24575162;1251794031
-157.271931;342.25;7593;-17238;0.961592464;0.031611204;-0.247791052;1251815749
-157.245159;342.25;7593;-17238;0.96261216;0.02753234;-0.24371218;1251842521
-157.215401;342.25;7593;-17238;0.9605727;0.0193746092;-0.2386136;1251872279
-157.192880;342.25;7593;-17238;0.959553;0.018354892;-0.2375;1251894800
-157.165366;342.25;7593;-17238;0.9605727;0.02447319;-0.24371218;1251922314
-157.105084;342.25;7593;-17238;0.961592464;0.031611204;-0.24575162;1251982596
-157.082402;342.25;7593;-17238;0.961592464;0.020394326;-0.23963332;1252005278
-157.055368;342.25;7593;-17238;0.96261216;0.01631546;-0.2386136;1252032312
-157.032922;342.25;7593;-17238;0.9605727;0.017335176;-0.24371218;1252054758
-156.973344;342.25;7593;-17232;0.96261216;0.03569007;-0.24167276;1252114336
-156.945083;342.25;7593;-17232;0.96261216;0.03569007;-0.2447319;1252142597
-156.895133;342.25;7593;-17232;0.9605727;0.0193746092;-0.24167276;1252192547
-156.873007;342.25;7593;-17232;0.96261216;0.020394326;-0.24677134;1252214673
-156.851096;342.25;7593;-17232;0.96261216;0.02753234;-0.242692468;1252236584
-156.828229;342.25;7593;-17232;0.96261216;0.03263092;-0.242692468;1252259451
-156.772788;342.25;7593;-17232;0.96261216;0.029571772;-0.2386136;1252314892
-156.745427;342.25;7593;-17232;0.961592464;0.020394326;-0.2447319;1252342253
-156.715332;342.25;7593;-17232;0.959553;0.018354892;-0.242692468;1252372348
-156.661669;342.25;7593;-17232;0.96261216;0.033650636;-0.2447319;1252426011
-156.635105;342.25;7593;-17232;0.961592464;0.031611204;-0.2447319;1252452575
-156.605415;342.25;7593;-17232;0.9605727;0.02447319;-0.24065304;1252482265
-156.583256;342.25;7593;-17232;0.96363184;0.018354892;-0.24167276;1252504424
-156.561595;342.25;7593;-17232;0.961592464;0.022433758;-0.247791052;1252526085
-156.535244;342.25;7593;-17232;0.96261216;0.023453474;-0.242692468;1252552436
-156.505395;342.25;7593;-17225;0.961592464;0.031611204;-0.2447319;1252582285
-156.483301;342.25;7593;-17225;0.96261216;0.033650636;-0.23963332;1252604379
-156.455461;342.25;7593;-17225;0.96261216;0.030591488;-0.23963332;1252632219
-156.433821;342.25;7593;-17225;0.96363184;0.02447319;-0.23963332;1252653859
-156.405454;342.25;7593;-17225;0.96261216;0.02447319;-0.242692468;1252682226
-156.384047;342.25;7593;-17225;0.96261216;0.030591488;-0.248810768;1252703633
-156.361439;342.25;7593;-17225;0.961592464;0.030591488;-0.24575162;1252726241
-156.335073;342.25;7593;-17225;0.96363184;0.033650636;-0.247791052;1252752607
-156.305319;342.25;7593;-17225;0.9605727;0.031611204;-0.2447319;1252782361
-156.283778;342.25;7593;-17225;0.959553;0.02753234;-0.2386136;1252803902
-156.244928;342.25;7593;-17225;0.96261216;0.020394326;-0.2447319;1252842752
-156.222739;342.25;7593;-17225;0.961592464;0.023453474;-0.2447319;1252864941
-156.195250;342.25;7593;-17225;0.96261216;0.025492906;-0.248810768;1252892430
-156.171630;342.25;7593;-17225;0.96261216;0.029571772;-0.2447319;1252916050
-156.145260;342.25;7593;-17225;0.961592464;0.030591488;-0.24677134;1252942420
-156.122705;342.25;7593;-17225;0.9605727;0.02447319;-0.24167276;1252964975
-156.095513;342.25;7593;-17225;0.9605727;0.023453474;-0.2447319;1252992167
-156.072589;342.25;7593;-17225;0.96363184;0.020394326;-0.24167276;1253015091
-156.045365;342.25;7593;-17225;0.961592464;0.022433758;-0.24371218;1253042315
-156.021907;342.25;7593;-17225;0.9605727;0.030591488;-0.24677134;1253065773
-155.985261;342.25;7593;-17225;0.961592464;0.028552056;-0.24065304;1253102419
-155.962540;342.25;7593;-17225;0.96261216;0.02447319;-0.23351502;1253125140
-155.930998;342.25;7593;-17225;0.96363184;0.026512622;-0.237593884;1253156682
-155.902087;342.25;7593;-17225;0.96261216;0.02753234;-0.24575162;1253185593
-155.878229;342.25;7593;-17225;0.9605727;0.033650636;-0.24983048;1253209451
-155.855113;342.25;7593;-17225;0.96261216;0.031611204;-0.248810768;1253232567
-155.811502;342.25;7593;-17225;0.96363184;0.026512622;-0.237593884;1253276178
-155.784929;342.25;7593;-17225;0.9605727;0.020394326;-0.23453474;1253302751
-155.763061;342.25;7593;-17225;0.9605727;0.025492906;-0.2386136;1253324619
-155.730283;342.25;7593;-17225;0.9585333;0.028552056;-0.25186992;1253357397
-155.705294;342.25;7593;-17225;0.96363184;0.026512622;-0.25288964;1253382386
-155.682236;342.25;7593;-17225;0.961592464;0.026512622;-0.24167276;1253405444
-155.655544;342.25;7593;-17225;0.96261216;0.026512622;-0.2447319;1253432136
-155.634107;342.25;7593;-17225;0.96261216;0.025492906;-0.23963332;1253453573
-155.605405;342.25;7593;-17225;0.96363184;0.02447319;-0.242692468;1253482275
-155.582348;342.25;7593;-17225;0.959553;0.02753234;-0.248810768;1253505332
-155.555363;342.25;7593;-17225;0.961592464;0.030591488;-0.247791052;1253532317
-155.533802;342.25;7593;-17225;0.96363184;0.02753234;-0.24371218;1253553878
-155.509882;342.25;7593;-17225;0.96261216;0.029571772;-0.242692468;1253577798
-155.482252;342.25;7593;-17225;0.9646516;0.030591488;-0.24065304;1253605428
-155.455237;342.25;7593;-17225;0.96261216;0.026512622;-0.24371218;1253632443
-155.421647;342.25;7593;-17225;0.96261216;0.02753234;-0.2447319;1253666033
-155.345074;342.25;7593;-17225;0.96261216;0.030591488;-0.23963332;1253742606
-155.322478;342.25;7593;-17225;0.96363184;0.025492906;-0.23657418;1253765202
-155.295174;342.25;7593;-17225;0.961592464;0.023453474;-0.242692468;1253792506
-155.271271;342.25;7593;-17225;0.961592464;0.025492906;-0.24167276;1253816409
-155.245242;342.25;7593;-17225;0.961592464;0.029571772;-0.24575162;1253842438
-155.224184;342.25;7593;;568;310;4254;1253863496
-155.202091;342.25;7593;-17225;0.96261216;0.029571772;-0.24371218;1253885589
-155.177684;342.25;7593;-17225;0.96261216;0.02753234;-0.23963332;1253909996
-155.154306;342.25;7593;-17225;0.96261216;0.023453474;-0.23963332;1253933374
-155.131572;342.25;7593;-17225;0.961592464;0.025492906;-0.24371218;1253956108
-155.105304;342.25;7593;-17225;0.961592464;0.028552056;-0.24677134;1253982376
-155.081600;342.25;7593;-17225;0.959553;0.030591488;-0.24575162;1254006080
-155.055399;342.25;7593;-17225;0.961592464;0.030591488;-0.242692468;1254032281
-155.033779;342.25;7593;-17225;0.961592464;0.028552056;-0.24065304;1254053901
-155.004933;342.25;7593;-17225;0.96363184;0.02753234;-0.23963332;1254082747
-154.982819;342.25;7593;-17225;0.9605727;0.02447319;-0.242692468;1254104861
-154.871246;342.25;7593;-17225;0.96261216;0.023453474;-0.2386136;1254216434
-154.845355;342.25;7593;-17225;0.96261216;0.023453474;-0.24167276;1254242325
-154.815363;342.25;7593;-17225;0.959553;0.029571772;-0.24167276;1254272317
-154.793988;342.25;7593;-17225;0.961592464;0.030591488;-0.2447319;1254293692
-154.765303;342.25;7593;-17225;0.961592464;0.028552056;-0.24677134;1254322377
-154.743741;342.25;7593;-17225;0.9605727;0.020394326;-0.23963332;1254343939
-154.715703;342.25;7593;-17225;0.961592464;0.021414042;-0.237593884;1254371977
-154.694026;342.25;7593;-17225;0.96261216;0.026512622;-0.24167276;1254393654
-154.671889;342.25;7593;-17225;0.96261216;0.03569007;-0.24575162;1254415791
-154.645359;342.25;7593;-17225;0.96261216;0.03569007;-0.248810768;1254442321
-154.615007;342.25;7593;-17225;0.959553;0.02447319;-0.24983048;1254472673
-154.570860;342.25;7593;-17225;0.9605727;0.022433758;-0.23963332;1254516820
-154.537958;342.25;7593;-17225;0.959553;0.028552056;-0.24371218;1254549722
-154.505002;342.25;7593;-17225;0.96261216;0.031611204;-0.24371218;1254582678
-154.465031;342.25;7593;-17225;0.959553;0.026512622;-0.24575162;1254622649
-154.402131;342.25;7593;-17225;0.961592464;0.02447319;-0.24167276;1254685549
-154.380147;342.25;7593;-17225;0.961592464;0.025492906;-0.24167276;1254707533
-154.355027;342.25;7593;-17225;0.961592464;0.026512622;-0.242692468;1254732653
-154.332947;342.25;7593;-17225;0.961592464;0.028552056;-0.24371218;1254754733
-154.304930;342.25;7593;-17225;0.959553;0.026512622;-0.2447319;1254782750
-154.281128;342.25;7593;-17225;0.9605727;0.025492906;-0.24371218;1254806552
-154.254845;342.25;7593;-17225;0.96363184;0.022433758;-0.237593884;1254832835
-154.229590;342.25;7593;-17225;0.96363184;0.023453474;-0.2386136;1254858090
-154.205028;342.25;7593;-17225;0.96261216;0.025492906;-0.242692468;1254882652
-154.182310;342.25;7593;-17225;0.959553;0.029571772;-0.242692468;1254905370
-154.160837;342.25;7593;-17225;0.96261216;0.030591488;-0.242692468;1254926843
-154.134731;342.25;7593;-17225;0.96261216;0.03263092;-0.2447319;1254952949
-154.113054;342.25;7593;-17225;0.961592464;0.026512622;-0.24167276;1254974626
-154.073722;342.25;7593;-17225;0.96363184;0.023453474;-0.24065304;1255013958
-154.051841;342.25;7593;-17225;0.961592464;0.023453474;-0.24065304;1255035839
-154.028308;342.25;7593;-17225;0.961592464;0.029571772;-0.24575162;1255059372
-153.965392;342.25;7593;-17225;0.96363184;0.029571772;-0.2386136;1255122288
-153.943957;342.25;7593;-17225;0.9605727;0.02447319;-0.24167276;1255143723
-153.915419;342.25;7593;-17225;0.959553;0.02447319;-0.24371218;1255172261
-153.894127;342.25;7593;-17225;0.961592464;0.02753234;-0.24677134;1255193553
-153.865445;342.25;7593;-17225;0.9605727;0.026512622;-0.247791052;1255222235
-153.842216;342.25;7593;-17225;0.961592464;0.023453474;-0.24167276;1255245464
-153.806290;342.25;7593;-17225;0.9646516;0.023453474;-0.237593884;1255281390
-153.783773;342.25;7593;-17225;0.961592464;0.028552056;-0.24065304;1255303907
-153.761465;342.25;7593;-17225;0.9605727;0.028552056;-0.24677134;1255326215
-153.735085;342.25;7593;-17225;0.959553;0.02753234;-0.24677134;1255352595
-153.705675;342.25;7593;-17225;0.96261216;0.023453474;-0.242692468;1255382005
-153.683743;342.25;7593;-17225;0.961592464;0.026512622;-0.237593884;1255403937
-153.579071;342.25;7593;-17225;0.961592464;0.029571772;-0.24575162;1255508609
-153.554899;342.25;7593;-17225;0.96363184;0.028552056;-0.24167276;1255532781
-153.502086;342.25;7593;-17225;0.96261216;0.02753234;-0.2447319;1255585594
-153.480865;342.25;7593;-17225;0.961592464;0.026512622;-0.24371218;1255606815
-153.455134;342.25;7593;-17225;0.961592464;0.02753234;-0.24677134;1255632546
-153.433988;342.25;7593;-17225;0.96261216;0.029571772;-0.24575162;1255653692
-153.412151;342.25;7593;-17225;0.961592464;0.02753234;-0.24575162;1255675529
-153.385053;342.25;7593;-17225;0.96261216;0.025492906;-0.24575162;1255702627
-153.362489;342.25;7593;-17225;0.96363184;0.022433758;-0.23963332;1255725191
-153.334985;342.25;7593;-17225;0.9605727;0.02447319;-0.23963332;1255752695
-153.313043;342.25;7593;-17225;0.9646516;0.028552056;-0.242692468;1255774637
-153.288577;342.25;7593;-17225;0.96363184;0.02753234;-0.242692468;1255799103
-153.264668;342.25;7593;-17225;0.96261216;0.02753234;-0.242692468;1255823012
-153.234778;342.25;7593;-17225;0.9605727;0.025492906;-0.24065304;1255852902
-153.183157;342.25;7593;-17225;0.961592464;0.02753234;-0.24167276;1255904523
-153.156265;342.25;7593;-17225;0.961592464;0.030591488;-0.24167276;1255931415
-153.133936;342.25;7593;-17225;0.9605727;0.026512622;-0.242692468;1255953744
-153.105340;342.25;7593;-17225;0.961592464;0.025492906;-0.2447319;1255982340
-153.081428;342.25;7593;-17225;0.96363184;0.02753234;-0.24167276;1256006252
-153.055194;342.25;7593;-17225;0.96363184;0.028552056;-0.24677134;1256032486
-153.034174;342.25;7593;-17225;0.96363184;0.02753234;-0.24167276;1256053506
-153.011875;342.25;7593;-17225;0.96261216;0.02753234;-0.24371218;1256075805
-152.984663;342.25;7593;-17225;0.96261216;0.025492906;-0.2447319;1256103017
-152.962775;342.25;7593;-17225;0.96363184;0.02447319;-0.242692468;1256124905
-152.932069;342.25;7593;-17225;0.96261216;0.02753234;-0.24575162;1256155611
-152.905196;342.25;7593;-17225;0.96261216;0.029571772;-0.24371218;1256182484
-152.881416;342.25;7593;-17225;0.96261216;0.028552056;-0.24371218;1256206264
-152.845207;342.25;7593;-17225;0.96363184;0.02447319;-0.24677134;1256242473
-152.821730;342.25;7593;-17225;0.961592464;0.025492906;-0.242692468;1256265950
-152.795226;342.25;7593;-17225;0.96261216;0.025492906;-0.242692468;1256292454
-152.754845;342.25;7593;-17225;0.96363184;0.02447319;-0.242692468;1256332835
-152.729687;342.25;7593;-17225;0.961592464;0.025492906;-0.242692468;1256357993
-152.704908;342.25;7593;-17225;0.96261216;0.02753234;-0.2447319;1256382772
-152.682052;342.25;7593;-17225;0.961592464;0.029571772;-0.24065304;1256405628
-152.655122;342.25;7593;-17225;0.96363184;0.030591488;-0.242692468;1256432558
-152.632868;342.25;7593;-17225;0.96363184;0.030591488;-0.2447319;1256454812
-152.604971;342.25;7593;-17225;0.96261216;0.028552056;-0.24167276;1256482709
-152.582826;342.25;7593;-17225;0.96261216;0.02753234;-0.24065304;1256504854
-152.555666;342.25;7593;-17225;0.961592464;0.026512622;-0.24371218;1256532014
-152.533991;342.25;7593;-17225;0.9605727;0.02753234;-0.24167276;1256553689
-152.505377;342.25;7593;-17225;0.96363184;0.030591488;-0.24575162;1256582303
-152.484002;342.25;7593;-17225;0.961592464;0.030591488;-0.24167276;1256603678
-152.461836;342.25;7593;-17225;0.96261216;0.02753234;-0.23963332;1256625844
-152.422807;342.25;7593;-17225;0.961592464;0.021414042;-0.24065304;1256664873
-152.400329;342.25;7593;-17225;0.96261216;0.022433758;-0.24167276;1256687351
-152.378391;342.25;7593;-17225;0.96261216;0.02447319;-0.24065304;1256709289
-152.333224;342.25;7593;-17225;0.96261216;0.030591488;-0.24677134;1256754456
-152.304601;342.25;7593;-17225;0.9605727;0.029571772;-0.248810768;1256783079
-152.282969;342.25;7593;-17225;0.961592464;0.023453474;-0.24065304;1256804711
-152.255289;342.25;7593;-17225;0.961592464;0.02447319;-0.2386136;1256832391
-152.233405;342.25;7593;-17225;0.961592464;0.02447319;-0.24065304;1256854275
-152.206004;342.25;7593;-17225;0.959553;0.029571772;-0.24371218;1256881676
-152.180052;342.25;7593;-17225;0.961592464;0.033650636;-0.24371218;1256907628
-152.154861;342.25;7593;-17225;0.961592464;0.03263092;-0.24677134;1256932819
-152.133109;342.25;7593;-17225;0.96261216;0.029571772;-0.24065304;1256954571
-152.104874;342.25;7593;-17225;0.961592464;0.025492906;-0.24167276;1256982806
-152.082514;342.25;7593;-17225;0.961592464;0.021414042;-0.24065304;1257005166
-152.057989;342.25;7593;-17225;0.961592464;0.02447319;-0.242692468;1257029691
-152.034425;342.25;7593;-17225;0.96261216;0.02753234;-0.24575162;1257053255
-152.011536;342.25;7593;-17225;0.96363184;0.031611204;-0.242692468;1257076144
-151.985032;342.25;7593;-17225;0.961592464;0.03263092;-0.24677134;1257102648
-151.943268;342.25;7593;-17225;0.96261216;0.022433758;-0.24065304;1257144412
-151.894544;342.25;7593;-17225;0.961592464;0.020394326;-0.24167276;1257193136
-151.872083;342.25;7593;-17225;0.96261216;0.029571772;-0.24065304;1257215597
-151.845267;342.25;7593;-17225;0.96261216;0.031611204;-0.24371218;1257242413
-151.818551;342.25;7593;-17225;0.96261216;0.030591488;-0.2447319;1257269129
-151.794778;342.25;7593;-17225;0.96363184;0.028552056;-0.2447319;1257292902
-151.770708;342.25;7593;-17225;0.96261216;0.026512622;-0.23963332;1257316972
-151.745027;342.25;7593;-17225;0.96363184;0.023453474;-0.24065304;1257342653
-151.684384;342.25;7593;-17225;0.961592464;0.029571772;-0.24371218;1257403296
-151.662059;342.25;7593;-17225;0.96261216;0.03263092;-0.24371218;1257425621
-151.604968;342.25;7593;-17225;0.961592464;0.023453474;-0.24065304;1257482712
-151.582031;342.25;7593;-17225;0.9605727;0.025492906;-0.242692468;1257505649
-151.555155;342.25;7593;-17225;0.96261216;0.025492906;-0.24065304;1257532525
-151.508358;342.25;7593;-17225;0.96261216;0.02753234;-0.242692468;1257579322
-151.483092;342.25;7593;-17225;0.9605727;0.026512622;-0.24371218;1257604588
-151.434635;342.25;7593;-17225;0.96363184;0.023453474;-0.24065304;1257653045
-151.413096;342.25;7593;-17225;0.96261216;0.026512622;-0.24167276;1257674584
-151.385473;342.25;7593;-17225;0.961592464;0.02753234;-0.24167276;1257702207
-151.363802;342.25;7593;-17225;0.959553;0.02753234;-0.24371218;1257723878
-151.335022;342.25;7593;-17225;0.96261216;0.029571772;-0.24575162;1257752658
-151.305095;342.25;7593;-17225;0.96363184;0.02753234;-0.24371218;1257782585
-151.283190;342.25;7593;-17225;0.96261216;0.026512622;-0.24371218;1257804490
-151.255274;342.25;7593;-17225;0.961592464;0.02753234;-0.24167276;1257832406
-151.228604;342.25;7593;-17225;0.9605727;0.029571772;-0.2447319;1257859076
-151.200074;342.25;7593;-17225;0.961592464;0.029571772;-0.24677134;1257887606
-151.174572;342.25;7593;-17225;0.96261216;0.030591488;-0.24677134;1257913108
-151.153017;342.25;7593;-17225;0.961592464;0.030591488;-0.24167276;1257934663
-151.129780;342.25;7593;-17225;0.96363184;0.02753234;-0.24371218;1257957900
-151.104822;342.25;7593;-17225;0.96261216;0.022433758;-0.24167276;1257982858
-151.054684;342.25;7593;-17225;0.96261216;0.026512622;-0.2447319;1258032996
-151.033026;342.25;7593;-17225;0.96261216;0.030591488;-0.2447319;1258054654
-151.004602;342.25;7593;-17225;0.961592464;0.03263092;-0.2447319;1258083078
-150.979495;342.25;7593;-17225;0.96261216;0.026512622;-0.24371218;1258108185
-150.954198;342.25;7593;-17225;0.96261216;0.023453474;-0.2447319;1258133482
-150.915912;342.25;7593;-17225;0.961592464;0.022433758;-0.24065304;1258171768
-150.892985;342.25;7593;-17225;0.96261216;0.028552056;-0.24575162;1258194695
-150.865182;342.25;7593;-17225;0.96363184;0.031611204;-0.242692468;1258222498
-150.843163;342.25;7593;-17225;0.96363184;0.030591488;-0.24371218;1258244517
-150.818254;342.25;7593;-17225;0.96363184;0.02753234;-0.24371218;1258269426
-150.784661;342.25;7593;-17225;0.96261216;0.025492906;-0.24065304;1258303019
-150.762095;342.25;7593;-17225;0.9605727;0.02447319;-0.242692468;1258325585
-150.734861;342.25;7593;-17225;0.96261216;0.026512622;-0.24371218;1258352819
-150.705131;342.25;7593;-17225;0.9605727;0.029571772;-0.24065304;1258382549
-150.683901;342.25;7593;-17225;0.96261216;0.033650636;-0.24371218;1258403779
-150.661847;342.25;7593;-17225;0.9605727;0.031611204;-0.24065304;1258425833
-150.614334;342.25;7593;-17225;0.9605727;0.020394326;-0.23963332;1258473346
-150.591075;342.25;7593;-17225;0.96261216;0.021414042;-0.242692468;1258496605
-150.564777;342.25;7593;-17225;0.9605727;0.023453474;-0.237593884;1258522903
-150.543019;342.25;7593;-17225;0.96363184;0.031611204;-0.242692468;1258544661
-150.514196;342.25;7593;-17225;0.961592464;0.030591488;-0.2447319;1258573484
-150.465161;342.25;7593;-17225;0.9605727;0.026512622;-0.24065304;1258622519
-150.443736;342.25;7593;-17225;0.959553;0.020394326;-0.24167276;1258643944
-150.413641;342.25;7593;-17225;0.9605727;0.025492906;-0.24167276;1258674039
-150.391402;342.25;7593;-17225;0.96261216;0.029571772;-0.24371218;1258696278
-150.365208;342.25;7593;-17225;0.96261216;0.031611204;-0.242692468;1258722472
-150.342924;342.25;7593;-17225;0.961592464;0.033650636;-0.2447319;1258744756
-150.314775;342.25;7593;-17225;0.9605727;0.025492906;-0.24065304;1258772905
-150.254989;342.25;7593;-17225;0.96363184;0.022433758;-0.242692468;1258832691
-150.184103;342.25;7593;-17225;0.96363184;0.03569007;-0.2447319;1258903577
-150.154645;342.25;7593;-17225;0.9646516;0.029571772;-0.24167276;1258933035
-150.123517;342.25;7593;-17225;0.96363184;0.02447319;-0.24167276;1258964163
-150.098898;342.25;7593;-17225;0.96363184;0.020394326;-0.24167276;1258988782
-150.074669;342.25;7593;-17225;0.961592464;0.022433758;-0.23963332;1259013011
-150.051431;342.25;7593;-17225;0.96261216;0.029571772;-0.24371218;1259036249
-150.028769;342.25;7593;-17225;0.96261216;0.034670352;-0.242692468;1259058911
-149.965129;342.25;7593;-17225;0.961592464;0.02447319;-0.24167276;1259122551
-149.944019;342.25;7593;-17225;0.96261216;0.018354892;-0.24575162;1259143661
-149.914999;342.25;7593;-17225;0.961592464;0.022433758;-0.2386136;1259172681
-149.871013;342.25;7593;-17225;0.9605727;0.031611204;-0.24575162;1259216667
-149.844903;342.25;7593;-17225;0.96261216;0.03263092;-0.24677134;1259242777
-149.814987;342.25;7593;-17225;0.9605727;0.030591488;-0.24167276;1259272693
-149.744199;342.25;7593;-17225;0.961592464;0.025492906;-0.24371218;1259343481
-149.711662;342.25;7593;-17225;0.96363184;0.03263092;-0.24371218;1259376018
-149.684844;342.25;7593;-17225;0.961592464;0.03263092;-0.2447319;1259402836
-149.662317;342.25;7593;-17225;0.96261216;0.031611204;-0.242692468;1259425363
-149.634854;342.25;7593;-17225;0.96261216;0.02447319;-0.2447319;1259452826
-149.612798;342.25;7593;-17225;0.959553;0.0193746092;-0.242692468;1259474882
-149.584940;342.25;7593;-17225;0.9605727;0.022433758;-0.24167276;1259502740
-149.562761;342.25;7593;-17225;0.961592464;0.02753234;-0.24167276;1259524919
-149.534931;342.25;7593;-17225;0.9605727;0.031611204;-0.24575162;1259552749
-149.505037;342.25;7593;-17225;0.961592464;0.031611204;-0.24371218;1259582643
-149.482958;342.25;7593;-17225;0.96261216;0.02447319;-0.24065304;1259604722
-149.459663;342.25;7593;-17225;0.96363184;0.021414042;-0.24065304;1259628017
-149.430462;342.25;7593;-17225;0.9646516;0.021414042;-0.24167276;1259657218
-149.404508;342.25;7593;-17225;0.96261216;0.02753234;-0.24167276;1259683172
-149.382779;342.25;7593;-17225;0.961592464;0.033650636;-0.2447319;1259704901
-149.313338;342.25;7593;-17225;0.9605727;0.025492906;-0.242692468;1259774342
-149.291690;342.25;7593;-17225;0.961592464;0.021414042;-0.24677134;1259795990
-149.265084;342.25;7593;-17225;0.96261216;0.020394326;-0.24065304;1259822596
-149.241232;342.25;7593;-17225;0.959553;0.025492906;-0.24167276;1259846448
-149.215045;342.25;7593;-17225;0.9646516;0.031611204;-0.242692468;1259872635
-149.191682;342.25;7593;-17186156683;163;166;4256;1259895998
-149.165104;342.25;7593;-17225;0.9605727;0.028552056;-0.242692468;1259922576
-149.141260;342.25;7593;-17225;0.96261216;0.02447319;-0.2447319;1259946420
-149.092494;342.25;7593;-17225;0.961592464;0.022433758;-0.24371218;1259995186
-149.066781;342.25;7593;-17225;0.96261216;0.025492906;-0.24065304;1260020899
-149.044521;342.25;7593;-17225;0.961592464;0.031611204;-0.24575162;1260043159
-149.015060;342.25;7593;-17225;0.961592464;0.03263092;-0.242692468;1260072620
-148.992939;342.25;7593;;175;172;4261;1260094741
-148.964713;342.25;7593;-17225;0.96261216;0.02447319;-0.24167276;1260122967
-148.884919;342.25;7593;-17225;0.96261216;0.029571772;-0.24167276;1260202761
-148.834603;342.25;7593;-17225;0.961592464;0.03263092;-0.242692468;1260253077
-148.812992;342.25;7593;-17225;0.961592464;0.021414042;-0.24065304;1260274688
-148.764725;342.25;7593;-17225;0.96363184;0.02447319;-0.24167276;1260322955
-148.734457;342.25;7593;-17225;0.96363184;0.03263092;-0.24575162;1260353223
-148.713024;342.25;7593;-17225;0.96363184;0.031611204;-0.24371218;1260374656
-148.684934;342.25;7593;-17232;0.96261216;0.026512622;-0.24167276;1260402746
-148.662100;342.25;7593;-17232;0.96363184;0.021414042;-0.2386136;1260425580
-148.634976;342.25;7593;-17232;0.961592464;0.0193746092;-0.23963332;1260452704
-148.613080;342.25;7593;-17232;0.9605727;0.02447319;-0.24167276;1260474600
-148.586585;342.25;7593;-17232;0.96363184;0.030591488;-0.2447319;1260501095
-148.563610;342.25;7593;-17232;0.961592464;0.031611204;-0.24575162;1260524070
-148.535041;342.25;7593;-17232;0.961592464;0.029571772;-0.2447319;1260552639
-148.504686;342.25;7593;-17232;0.96363184;0.023453474;-0.237593884;1260582994
-148.480925;342.25;7593;;363;248;4261;1260606755
-148.434670;342.25;7593;-17232;0.961592464;0.026512622;-0.247791052;1260653010
-148.404645;342.25;7593;-17232;0.96261216;0.031611204;-0.24677134;1260683035
-148.382567;342.25;7593;-17232;0.96363184;0.031611204;-0.24167276;1260705113
-148.361082;342.25;7593;-17232;0.96261216;0.028552056;-0.23963332;1260726598
-148.304686;342.25;7593;-17232;0.96363184;0.022433758;-0.24065304;1260782994
-148.283085;342.25;7593;-17232;0.961592464;0.02753234;-0.24575162;1260804595
-148.173646;342.25;7593;-17232;0.96261216;0.020394326;-0.23963332;1260914034
-148.148923;342.25;7593;-17232;0.96261216;0.022433758;-0.248810768;1260938757
-148.125099;342.25;7593;-17232;0.9605727;0.023453474;-0.2447319;1260962581
-148.101604;342.25;7593;-17232;0.961592464;0.028552056;-0.247791052;1260986076
-148.052917;342.25;7593;-17232;0.9605727;0.028552056;-0.24575162;1261034763
-148.030289;342.25;7593;-17232;0.96261216;0.026512622;-0.23963332;1261057391
-148.000271;342.25;7593;-17225;0.96261216;0.023453474;-0.24167276;1261087409
-147.978061;342.25;7593;-17225;0.959553;0.022433758;-0.242692468;1261109619
-147.954501;342.25;7593;-17225;0.961592464;0.028552056;-0.24677134;1261133179
-147.931630;342.25;7593;-17225;0.96261216;0.033650636;-0.242692468;1261156050
-147.901057;342.25;7593;-17225;0.96363184;0.033650636;-0.2447319;1261186623
-147.878685;342.25;7593;-17225;0.96363184;0.02753234;-0.23453474;1261208995
-147.854825;342.25;7593;-17225;0.961592464;0.026512622;-0.2386136;1261232855
-147.830915;342.25;7593;-17225;0.9585333;0.022433758;-0.242692468;1261256765
-147.799740;342.25;7593;-17225;0.96363184;0.026512622;-0.2447319;1261287940
-147.775047;342.25;7593;-17225;0.961592464;0.031611204;-0.2447319;1261312633
-147.752575;342.25;7593;-17225;0.96261216;0.033650636;-0.24371218;1261335105
-147.715655;342.25;7593;-17225;0.96363184;0.031611204;-0.23963332;1261372025
-147.686224;342.25;7593;-17225;0.959553;0.023453474;-0.242692468;1261401456
-147.644049;342.25;7593;-17225;0.961592464;0.023453474;-0.24677134;1261443631
-147.614904;342.25;7593;-17225;0.961592464;0.030591488;-0.2447319;1261472776
-147.592540;342.25;7593;;225;195;4258;1261495140
-147.568337;342.25;7593;-17232;0.96261216;0.03263092;-0.242692468;1261519343
-147.544839;342.25;7593;-17232;0.961592464;0.028552056;-0.2447319;1261542841
-147.522650;342.25;7593;-17232;0.961592464;0.0193746092;-0.242692468;1261565030
-147.495235;342.25;7593;-17232;0.961592464;0.020394326;-0.248810768;1261592445
-147.473675;342.25;7593;-17232;0.961592464;0.030591488;-0.24371218;1261614005
-147.451668;342.25;7593;-17232;0.9605727;0.033650636;-0.24371218;1261636012
-147.425705;342.25;7593;-17232;0.96363184;0.033650636;-0.24167276;1261661975
-147.373216;342.3125;7593;-17225;0.961592464;0.022433758;-0.24167276;1261714464
-147.349507;342.3125;7593;-17225;0.9585333;0.0193746092;-0.24575162;1261738173
-147.314901;342.3125;7593;-17225;0.96261216;0.02447319;-0.2386136;1261772779
-147.261920;342.3125;7593;-17225;0.9646516;0.033650636;-0.24167276;1261825760
-147.234921;342.3125;7593;-17225;0.96261216;0.031611204;-0.242692468;1261852759
-147.174317;342.3125;7593;-17225;0.96363184;0.020394326;-0.24371218;1261913363
-147.151292;342.3125;7593;-17225;0.96363184;0.026512622;-0.242692468;1261936388
-147.128630;342.3125;7593;-17225;0.961592464;0.028552056;-0.24167276;1261959050
-147.104835;342.3125;7593;-17225;0.96261216;0.034670352;-0.24065304;1261982845
-147.083157;342.3125;7593;-17225;0.96261216;0.031611204;-0.24371218;1262004523
-147.055060;342.3125;7593;-17225;0.959553;0.02447319;-0.248810768;1262032620
-147.033125;342.3125;7593;-17225;0.96261216;0.020394326;-0.24371218;1262054555
-146.972796;342.3125;7593;-17225;0.96363184;0.028552056;-0.24065304;1262114884
-146.945120;342.3125;7593;-17225;0.96261216;0.033650636;-0.24575162;1262142560
-146.894955;342.3125;7593;-17225;0.96363184;0.02753234;-0.247791052;1262192725
-146.871173;342.3125;7593;-17225;0.9605727;0.021414042;-0.24167276;1262216507
-146.836213;342.3125;7593;-17225;0.961592464;0.02447319;-0.23657418;1262251467
-146.814721;342.3125;7593;-17225;0.961592464;0.028552056;-0.2386136;1262272959
-146.791181;342.3125;7593;;302;226;4259;1262296499
-146.744664;342.3125;7593;-17225;0.9605727;0.026512622;-0.247791052;1262343016
-146.711619;342.3125;7593;-17225;0.96363184;0.020394326;-0.24065304;1262376061
-146.685027;342.3125;7593;-17225;0.96261216;0.021414042;-0.23963332;1262402653
-146.662902;342.3125;7593;-17225;0.96363184;0.02753234;-0.2386136;1262424778
-146.641020;342.3125;7593;-17225;0.961592464;0.029571772;-0.24371218;1262446660
-146.615064;342.3125;7593;-17225;0.9605727;0.030591488;-0.24677134;1262472616
-146.592937;342.3125;7593;-17225;0.961592464;0.030591488;-0.247791052;1262494743
-146.555171;342.3125;7593;-17225;0.96363184;0.02447319;-0.2447319;1262532509
-146.532535;342.3125;7593;-17225;0.96261216;0.02447319;-0.23963332;1262555145
-146.505266;342.3125;7593;-17225;0.96363184;0.025492906;-0.24065304;1262582414
-146.483722;342.3125;7593;-17225;0.961592464;0.028552056;-0.24167276;1262603958
-146.460623;342.3125;7593;-17225;0.961592464;0.030591488;-0.2447319;1262627057
-146.434859;342.3125;7593;-17225;0.961592464;0.031611204;-0.24983048;1262652821
-146.411373;342.3125;7593;-17225;0.96261216;0.028552056;-0.2447319;1262676307
-146.385209;342.3125;7593;-17225;0.961592464;0.02447319;-0.24065304;1262702471
-146.363725;342.3125;7593;-17225;0.96261216;0.022433758;-0.23351502;1262723955
-146.342037;342.3125;7593;-17225;0.96261216;0.02447319;-0.23963332;1262745643
-146.273513;342.3125;7593;-17225;0.96363184;0.029571772;-0.24371218;1262814167
-146.251504;342.3125;7593;-17225;0.96261216;0.026512622;-0.24575162;1262836176
-146.224604;342.3125;7593;-17225;0.96261216;0.023453474;-0.2386136;1262863076
-146.167728;342.3125;7593;-17225;0.96261216;0.023453474;-0.23963332;1262919952
-146.144861;342.3125;7593;-17225;0.9605727;0.026512622;-0.247791052;1262942819
-146.095135;342.3125;7593;-17225;0.96261216;0.031611204;-0.2447319;1262992545
-146.072961;342.3125;7593;-17225;0.961592464;0.025492906;-0.24065304;1263014719
-146.050045;342.3125;7593;-17225;0.96261216;0.023453474;-0.24065304;1263037635
-146.024151;342.3125;7593;-17225;0.96363184;0.02447319;-0.24167276;1263063529
-146.002326;342.3125;7593;-17225;0.961592464;0.026512622;-0.24575162;1263085354
-145.980414;342.3125;7593;-17225;0.9605727;0.029571772;-0.247791052;1263107266
-145.954992;342.3125;7593;-17225;0.961592464;0.029571772;-0.24371218;1263132688
-145.931620;342.3125;7593;-17225;0.96363184;0.028552056;-0.24167276;1263156060
-145.884470;342.3125;7593;-17225;0.96261216;0.026512622;-0.24167276;1263203210
-145.861013;342.3125;7593;-17225;0.961592464;0.02447319;-0.2447319;1263226667
-145.831058;342.3125;7593;-17225;0.9605727;0.025492906;-0.242692468;1263256622
-145.805126;342.3125;7593;-17225;0.96261216;0.026512622;-0.2447319;1263282554
-145.783201;342.3125;7593;-17225;0.96261216;0.029571772;-0.23963332;1263304479
-145.761820;342.3125;7593;-17225;0.96363184;0.028552056;-0.23963332;1263325860
-145.735113;342.3125;7593;-17225;0.9646516;0.02753234;-0.23963332;1263352567
-145.713705;342.3125;7593;-17225;0.961592464;0.023453474;-0.242692468;1263373975
-145.688558;342.3125;7593;-17225;0.96261216;0.021414042;-0.242692468;1263399122
-145.664856;342.3125;7593;-17225;0.96261216;0.026512622;-0.242692468;1263422824
-145.635061;342.3125;7593;-17225;0.96261216;0.030591488;-0.24575162;1263452619
-145.605361;342.3125;7593;-17225;0.96261216;0.030591488;-0.24065304;1263482319
-145.582947;342.3125;7593;-17225;0.9646516;0.02753234;-0.23963332;1263504733
-145.555300;342.3125;7593;-17225;0.959553;0.023453474;-0.24371218;1263532380
-145.532011;342.3125;7593;-17225;0.9605727;0.026512622;-0.24167276;1263555669
-145.505077;342.3125;7593;-17225;0.96363184;0.02753234;-0.242692468;1263582603
-145.454906;342.3125;7593;-17225;0.96261216;0.030591488;-0.24167276;1263632774
-145.432785;342.3125;7593;-17225;0.96261216;0.028552056;-0.24167276;1263654895
-145.405174;342.3125;7593;-17225;0.961592464;0.025492906;-0.2447319;1263682506
-145.379458;342.3125;7593;-17225;0.959553;0.023453474;-0.24167276;1263708222
-145.354941;342.3125;7593;-17225;0.9605727;0.025492906;-0.242692468;1263732739
-145.331300;342.3125;7593;-17225;0.9605727;0.02753234;-0.24167276;1263756380
-145.304685;342.3125;7593;-17225;0.96261216;0.02753234;-0.24065304;1263782995
-145.282465;342.3125;7593;-17225;0.961592464;0.02753234;-0.24167276;1263805215
-145.255171;342.3125;7593;-17225;0.96261216;0.026512622;-0.24065304;1263832509
-145.234048;342.3125;7593;-17225;0.961592464;0.02447319;-0.2447319;1263853632
-145.205135;342.3125;7593;-17225;0.9605727;0.02447319;-0.24371218;1263882545
-145.183847;342.3125;7593;-17225;0.96261216;0.025492906;-0.24065304;1263903833
-145.161033;342.3125;7593;-17225;0.96363184;0.02447319;-0.23963332;1263926647
-145.134960;342.3125;7593;-17225;0.96363184;0.028552056;-0.24065304;1263952720
-145.112973;342.3125;7593;-17225;0.96261216;0.02753234;-0.24167276;1263974707
-145.091019;342.3125;7593;-225;0.96363184;0.025492906;-0.24371218;1263996661
-145.065148;342.3125;7593;-17225;0.961592464;0.028552056;-0.242692468;1264022532
-145.014867;342.3125;7593;-17225;0.96363184;0.029571772;-0.24167276;1264072813
-144.965349;342.3125;7593;-17225;0.96261216;0.029571772;-0.24167276;1264122331
-144.938486;342.3125;7593;-17225;0.9605727;0.026512622;-0.24371218;1264149194
-144.914735;342.3125;7593;-17225;0.96261216;0.02753234;-0.2447319;1264172945
-144.885023;342.3125;7593;-17225;0.961592464;0.025492906;-0.24167276;1264202657
-144.855271;342.3125;7593;-17225;0.96363184;0.02753234;-0.23963332;1264232409
-144.829988;342.3125;7593;-17225;0.961592464;0.02753234;-0.24167276;1264257692
-144.804847;342.3125;7593;-17225;0.96261216;0.026512622;-0.24677134;1264282833
-144.782215;342.3125;7593;-17225;0.961592464;0.022433758;-0.24371218;1264305465
-144.734399;342.3125;7593;-17225;0.9646516;0.025492906;-0.23963332;1264353281
-144.711791;342.3125;7593;-17225;0.96363184;0.02753234;-0.2386136;1264375889
-144.685116;342.3125;7593;-17225;0.96363184;0.030591488;-0.242692468;1264402564
-144.663148;342.3125;7593;-17225;0.959553;0.031611204;-0.242692468;1264424532
-144.634996;342.3125;7593;-17225;0.9605727;0.028552056;-0.242692468;1264452684
-144.613157;342.3125;7593;-17225;0.9605727;0.02447319;-0.24065304;1264474523
-144.534895;342.3125;7593;-17225;0.961592464;0.028552056;-0.24371218;1264552785
-144.505044;342.3125;7593;-17225;0.961592464;0.031611204;-0.24371218;1264582636
-144.483100;342.3125;7593;-17225;0.96261216;0.025492906;-0.24167276;1264604580
-144.455961;342.3125;7593;-17225;0.961592464;0.025492906;-0.24371218;1264631719
-144.429833;342.3125;7593;-17225;0.96261216;0.022433758;-0.24167276;1264657847
-144.405103;342.3125;7593;-17225;0.96363184;0.025492906;-0.24065304;1264682577
-144.382985;342.3125;7593;-17225;0.96261216;0.028552056;-0.242692468;1264704695
-144.352856;342.3125;7593;-17225;0.96261216;0.030591488;-0.24371218;1264734824
-144.329273;342.3125;7593;-17225;0.96261216;0.028552056;-0.2447319;1264758407
-144.305123;342.3125;7593;-17225;0.961592464;0.02753234;-0.242692468;1264782557
-144.282924;342.3125;7593;-17225;0.961592464;0.023453474;-0.2386136;1264804756
-144.257850;342.3125;7593;;150;159;4259;1264829830
-144.230547;342.3125;7593;-17225;0.961592464;0.028552056;-0.24371218;1264857133
-144.172264;342.3125;7593;-17225;0.961592464;0.02753234;-0.2447319;1264915416
-144.127257;342.3125;7593;-17225;0.961592464;0.026512622;-0.24065304;1264960423
-144.065254;342.3125;7593;-17225;0.96363184;0.02753234;-0.242692468;1265022426
-144.044004;342.3125;7593;-17225;0.9646516;0.029571772;-0.2447319;1265043676
-144.021987;342.3125;7593;-17225;0.96363184;0.02753234;-0.242692468;1265065693
-143.984855;342.3125;7593;-17225;0.96363184;0.026512622;-0.242692468;1265102825
-143.962285;342.3125;7593;-17225;0.961592464;0.02447319;-0.24167276;1265125395
-143.932112;342.3125;7593;-17225;0.96261216;0.025492906;-0.24167276;1265155568
-143.905081;342.3125;7593;-17225;0.961592464;0.02753234;-0.24371218;1265182599
-143.882968;342.3125;7593;-17225;0.96261216;0.030591488;-0.24167276;1265204712
-143.855306;342.3125;7593;-17225;0.961592464;0.03263092;-0.242692468;1265232374
-143.804685;342.3125;7593;-17225;0.961592464;0.02447319;-0.24065304;1265282995
-143.779040;342.3125;7593;-17225;0.961592464;0.022433758;-0.23963332;1265308640
-143.754765;342.3125;7593;-17225;0.961592464;0.025492906;-0.24371218;1265332915
-143.732974;342.3125;7593;-17225;0.9605727;0.029571772;-0.24677134;1265354706
-143.684911;342.3125;7593;-17225;0.96363184;0.031611204;-0.242692468;1265402769
-143.662478;342.3125;7593;-17225;0.959553;0.029571772;-0.24167276;1265425202
-143.641188;342.3125;7593;-17225;0.96261216;0.026512622;-0.24167276;1265446492
-143.592992;342.3125;7593;-17225;0.96261216;0.02753234;-0.24371218;1265494688
-143.570880;342.3125;7593;-17225;0.9605727;0.028552056;-0.24677134;1265516800
-143.544944;342.3125;7593;-17225;0.961592464;0.031611204;-0.24575162;1265542736
-143.521208;342.3125;7593;-17225;0.961592464;0.031611204;-0.24065304;1265566472
-143.494949;342.3125;7593;-17225;0.9646516;0.028552056;-0.242692468;1265592731
-143.471790;342.3125;7593;-17225;0.96363184;0.025492906;-0.24167276;1265615890
-143.445101;342.3125;7593;-17225;0.96261216;0.022433758;-0.2447319;1265642579
-143.415099;342.3125;7593;-17225;0.9605727;0.025492906;-0.23963332;1265672581
-143.384866;342.3125;7593;-17225;0.96261216;0.029571772;-0.24167276;1265702814
-143.354657;342.3125;7593;-17225;0.96363184;0.031611204;-0.24167276;1265733023
-143.330055;342.3125;7593;-17225;0.96261216;0.026512622;-0.2386136;1265757625
-143.304839;342.3125;7593;-17225;0.96261216;0.02447319;-0.242692468;1265782841
-143.279417;342.3125;7593;-17225;0.961592464;0.021414042;-0.242692468;1265808263
-143.234427;342.3125;7593;-17225;0.96363184;0.028552056;-0.24065304;1265853253
-143.211963;342.3125;7593;-17225;0.96363184;0.028552056;-0.2447319;1265875717
-143.184123;342.3125;7593;-17225;0.96363184;0.033650636;-0.24167276;1265903557
-143.161935;342.3125;7593;-17225;0.96363184;0.031611204;-0.2447319;1265925745
-143.134948;342.3125;7593;-17225;0.96261216;0.026512622;-0.2447319;1265952732
-143.113041;342.3125;7593;-17225;0.96261216;0.022433758;-0.24167276;1265974639
-143.064879;342.3125;7593;-17225;0.961592464;0.026512622;-0.2386136;1266022801
-143.041619;342.3125;7593;-17225;0.961592464;0.031611204;-0.242692468;1266046061
-143.014633;342.3125;7593;-17225;0.96261216;0.030591488;-0.24371218;1266073047
-142.984530;342.3125;7593;-17225;0.96363184;0.02753234;-0.24371218;1266103150
-142.961131;342.3125;7593;-17225;0.96261216;0.025492906;-0.24371218;1266126549
-142.934528;342.3125;7593;-17225;0.96261216;0.023453474;-0.24065304;1266153152
-142.904666;342.3125;7593;-17225;0.96261216;0.025492906;-0.2447319;1266183014
-142.882204;342.3125;7593;-17225;0.96261216;0.028552056;-0.24167276;1266205476
-142.854945;342.3125;7593;-17225;0.96363184;0.031611204;-0.242692468;1266232735
-142.814692;342.3125;7593;-17225;0.96363184;0.02753234;-0.2447319;1266272988
-142.792643;342.3125;7593;;192;180;4261;1266295037
-142.766153;342.3125;7593;-17225;0.961592464;0.022433758;-0.23963332;1266321527
-142.743856;342.3125;7593;-17225;0.961592464;0.030591488;-0.242692468;1266343824
-142.714861;342.3125;7593;-17225;0.9605727;0.029571772;-0.24065304;1266372819
-142.691049;342.3125;7593;;163;166;4259;1266396631
-142.664779;342.3125;7593;-17225;0.96261216;0.028552056;-0.23963332;1266422901
-142.642945;342.3125;7593;-17225;0.9605727;0.021414042;-0.2386136;1266444735
-142.614637;342.3125;7593;-17225;0.961592464;0.02447319;-0.237593884;1266473043
-142.584720;342.3125;7593;-17225;0.96363184;0.029571772;-0.24167276;1266502960
-142.562570;342.3125;7593;-17225;0.961592464;0.03263092;-0.24677134;1266525110
-142.529544;342.3125;7593;-17225;0.961592464;0.028552056;-0.247791052;1266558136
-142.504427;342.3125;7593;-17225;0.9605727;0.025492906;-0.242692468;1266583253
-142.481205;342.3125;7593;-17225;0.96261216;0.022433758;-0.237593884;1266606475
-142.455047;342.3125;7593;-17225;0.961592464;0.023453474;-0.24167276;1266632633
-142.427003;342.3125;7593;-17225;0.961592464;0.029571772;-0.24167276;1266660677
-142.394826;342.3125;7593;-17225;0.9605727;0.031611204;-0.248810768;1266692854
-142.341460;342.3125;7593;-17225;0.96261216;0.020394326;-0.24167276;1266746220
-142.311724;342.3125;7593;-17225;0.96261216;0.023453474;-0.24065304;1266775956
-142.284345;342.3125;7593;-17225;0.96261216;0.02753234;-0.24167276;1266803335
-142.254964;342.3125;7593;-17225;0.96261216;0.03263092;-0.24677134;1266832716
-142.214980;342.3125;7593;-17225;0.96363184;0.031611204;-0.2447319;1266872700
-142.184635;342.3125;7593;-17225;0.96261216;0.02447319;-0.24167276;1266903045
-142.162620;342.3125;7593;-17225;0.96261216;0.020394326;-0.237593884;1266925060
-142.140678;342.3125;7593;-17225;0.96261216;0.023453474;-0.24167276;1266947002
-142.114774;342.3125;7593;-17225;0.961592464;0.026512622;-0.24065304;1266972906
-142.064849;342.3125;7593;-17225;0.96261216;0.031611204;-0.24371218;1267022831
-142.043224;342.3125;7593;-17225;0.961592464;0.026512622;-0.24167276;1267044456
-142.021969;342.3125;7593;-17225;0.9646516;0.025492906;-0.2447319;1267065711
-141.984616;342.3125;7593;-17225;0.9605727;0.020394326;-0.2386136;1267103064
-141.961384;342.3125;7593;-17225;0.9605727;0.022433758;-0.24167276;1267126296
-141.934539;342.3125;7593;-17225;0.96261216;0.029571772;-0.242692468;1267153141
-141.891471;342.3125;7593;-17225;0.961592464;0.031611204;-0.24575162;1267196209
-141.863939;342.3125;7593;-17225;0.96261216;0.026512622;-0.2447319;1267223741
-141.841172;342.3125;7593;-17225;0.96363184;0.025492906;-0.24167276;1267246508
-141.804653;342.3125;7593;-17225;0.961592464;0.025492906;-0.242692468;1267283027
-141.782641;342.3125;7593;-17225;0.9605727;0.029571772;-0.24575162;1267305039
-141.754717;342.3125;7593;-17225;0.9605727;0.031611204;-0.24575162;1267332963
-141.728198;342.3125;7593;-17225;0.961592464;0.030591488;-0.242692468;1267359482
-141.704372;342.3125;7593;-17225;0.96363184;0.02753234;-0.24065304;1267383308
-141.681887;342.3125;7593;-17225;0.961592464;0.02447319;-0.24167276;1267405793
-141.654827;342.3125;7593;-17225;0.9605727;0.025492906;-0.24167276;1267432853
-141.614896;342.3125;7593;-17225;0.96261216;0.028552056;-0.24167276;1267472784
-141.584354;342.3125;7593;-17225;0.96261216;0.030591488;-0.24167276;1267503326
-141.560560;342.3125;7593;-17225;0.96363184;0.02753234;-0.2386136;1267527120
-141.534543;342.3125;7593;-17225;0.96261216;0.026512622;-0.24065304;1267553137
-141.504863;342.3125;7593;-17225;0.959553;0.020394326;-0.24167276;1267582817
-141.454454;342.3125;7593;-17225;0.96261216;0.029571772;-0.24167276;1267633226
-141.430186;342.3125;7593;-17225;0.96363184;0.031611204;-0.24167276;1267657494
-141.404563;342.3125;7593;-17225;0.96363184;0.030591488;-0.24167276;1267683117
-141.381036;342.3125;7593;-17225;0.96363184;0.02753234;-0.24065304;1267706644
-141.354697;342.3125;7593;-17225;0.961592464;0.025492906;-0.242692468;1267732983
-141.328035;342.3125;7593;-17225;0.959553;0.021414042;-0.2447319;1267759645
-141.273165;342.3125;7593;-17225;0.959553;0.031611204;-0.24167276;1267814515
-141.252102;342.3125;7593;-17225;0.96261216;0.028552056;-0.242692468;1267835578
-141.228714;342.3125;7593;-17225;0.96363184;0.028552056;-0.24167276;1267858966
-141.172871;342.3125;7593;-17225;0.961592464;0.029571772;-0.24371218;1267914809
-141.150737;342.3125;7593;-17225;0.96261216;0.026512622;-0.24371218;1267936943
-141.128069;342.3125;7593;-17225;0.961592464;0.02753234;-0.2386136;1267959611
-141.104291;342.3125;7593;-17225;0.96261216;0.03263092;-0.242692468;1267983389
-141.079882;342.3125;7593;-17225;0.961592464;0.028552056;-0.24167276;1268007798
-141.041864;342.3125;7593;-17225;0.9605727;0.025492906;-0.2447319;1268045816
-141.004179;342.3125;7593;-17225;0.96261216;0.02447319;-0.24065304;1268083501
-140.981622;342.3125;7593;-17225;0.96261216;0.025492906;-0.24167276;1268106058
-140.954793;342.3125;7593;-17225;0.9605727;0.028552056;-0.2386136;1268132887
-140.929281;342.3125;7593;-17225;0.9646516;0.02753234;-0.2447319;1268158399
-140.900989;342.3125;7593;-17225;0.9605727;0.025492906;-0.24371218;1268186691
-140.877287;342.3125;7593;-17225;0.96261216;0.022433758;-0.24167276;1268210393
-140.854159;342.3125;7593;-17225;0.96261216;0.022433758;-0.2447319;1268233521
-140.830805;342.3125;7593;-17225;0.961592464;0.026512622;-0.24167276;1268256875
-140.804586;342.3125;7593;-17225;0.961592464;0.028552056;-0.24167276;1268283094
-140.782910;342.3125;7593;-17225;0.9605727;0.030591488;-0.24167276;1268304770
-140.754831;342.3125;7593;-17225;0.96261216;0.029571772;-0.24167276;1268332849
-140.704155;342.3125;7593;-17225;0.961592464;0.02447319;-0.242692468;1268383525
-140.681921;342.3125;7593;-17225;0.961592464;0.02753234;-0.24167276;1268405759
-140.655719;342.3125;7593;-17225;0.961592464;0.02753234;-0.242692468;1268431961
-140.629536;342.3125;7593;-17225;0.96261216;0.026512622;-0.242692468;1268458144
-140.590441;342.3125;7593;-17225;0.96261216;0.02753234;-0.24371218;1268497239
-140.564374;342.3125;7593;-17225;0.96261216;0.026512622;-0.24167276;1268523306
-140.541012;342.3125;7593;-17225;0.96261216;0.02447319;-0.242692468;1268546668
-140.514430;342.3125;7593;-17225;0.961592464;0.025492906;-0.2386136;1268573250
-140.490726;342.3125;7593;;207;187;4259;1268596954
-140.464535;342.3125;7593;-17225;0.961592464;0.028552056;-0.24065304;1268623145
-140.443145;342.3125;7593;-17225;0.961592464;0.028552056;-0.24167276;1268644535
-140.410579;342.3125;7593;-17225;0.961592464;0.028552056;-0.242692468;1268677101
-140.383860;342.3125;7593;-17225;0.96363184;0.025492906;-0.242692468;1268703820
-140.344678;342.3125;7593;-17225;0.96261216;0.02753234;-0.2447319;1268743002
-140.314285;342.3125;7593;-17225;0.961592464;0.028552056;-0.24167276;1268773395
-140.291183;342.3125;7593;;185;177;4261;1268796497
-140.264760;342.3125;7593;-17225;0.961592464;0.02753234;-0.242692468;1268822920
-140.234491;342.3125;7593;-17225;0.96261216;0.02447319;-0.24167276;1268853189
-140.210636;342.3125;7593;-17225;0.96363184;0.02447319;-0.24167276;1268877044
-140.183840;342.3125;7593;-17225;0.96363184;0.029571772;-0.242692468;1268903840
-140.154734;342.3125;7593;-17225;0.961592464;0.029571772;-0.2447319;1268932946
-140.103909;342.3125;7593;-17225;0.96363184;0.025492906;-0.24575162;1268983771
-140.081417;342.3125;7593;-17225;0.96261216;0.022433758;-0.24167276;1269006263
-140.055412;342.3125;7593;-17225;0.9605727;0.025492906;-0.24065304;1269032268
-140.031865;342.3125;7593;-17225;0.9605727;0.02753234;-0.24065304;1269055815
-140.004624;342.3125;7593;-17225;0.96261216;0.029571772;-0.242692468;1269083056
-139.983079;342.3125;7593;-17225;0.961592464;0.030591488;-0.242692468;1269104601
-139.934296;342.3125;7593;-17225;0.96261216;0.02753234;-0.24575162;1269153384
-139.910575;342.3125;7593;-17225;0.961592464;0.025492906;-0.24167276;1269177105
-139.884266;342.3125;7593;-17225;0.96363184;0.026512622;-0.242692468;1269203414
-139.862672;342.3125;7593;-17225;0.96363184;0.028552056;-0.24167276;1269225008
-139.773005;342.3125;7593;-17225;0.96261216;0.02447319;-0.24167276;1269314675
-139.750803;342.3125;7593;-17225;0.96261216;0.026512622;-0.24167276;1269336877
-139.718124;342.3125;7593;-17225;0.96363184;0.02447319;-0.24167276;1269369556
-139.662214;342.3125;7593;-17225;0.9605727;0.031611204;-0.24371218;1269425466
-139.631789;342.3125;7593;-17225;0.961592464;0.029571772;-0.2447319;1269455891
-139.604549;342.3125;7593;-17225;0.961592464;0.025492906;-0.24167276;1269483131
-139.564659;342.3125;7593;-17225;0.961592464;0.02447319;-0.2386136;1269523021
-139.542263;342.3125;7593;-17225;0.96261216;0.028552056;-0.242692468;1269545417
-139.494459;342.3125;7593;-17225;0.96363184;0.031611204;-0.24371218;1269593221
-139.472582;342.3125;7593;-17225;0.961592464;0.028552056;-0.24167276;1269615098
-139.444701;342.3125;7593;-17225;0.959553;0.025492906;-0.24167276;1269642979
-139.420755;342.3125;7593;-17225;0.96363184;0.02447319;-0.23657418;1269666925
-139.394229;342.3125;7593;-17225;0.961592464;0.025492906;-0.24167276;1269693451
-139.372918;342.3125;7593;-17225;0.961592464;0.028552056;-0.242692468;1269714762
-139.351105;342.3125;7593;-17225;0.96261216;0.030591488;-0.247791052;1269736575
-139.328169;342.3125;7593;-17225;0.96261216;0.029571772;-0.24167276;1269759511
-139.304374;342.3125;7593;-17225;0.96261216;0.028552056;-0.242692468;1269783306
-139.282631;342.3125;7593;-17225;0.961592464;0.026512622;-0.24167276;1269805049
-139.234419;342.3125;7593;-17225;0.96363184;0.025492906;-0.2447319;1269853261
-139.211519;342.3125;7593;-17225;0.96261216;0.02753234;-0.24371218;1269876161
-139.184494;342.3125;7593;-17225;0.96261216;0.029571772;-0.24167276;1269903186
-139.162524;342.3125;7593;-17225;0.961592464;0.028552056;-0.23963332;1269925156
-139.140966;342.3125;7593;-17225;0.96261216;0.025492906;-0.24065304;1269946714
-139.114284;342.3125;7593;-17225;0.96261216;0.023453474;-0.2386136;1269973396
-139.092569;342.3125;7593;-17225;0.96363184;0.025492906;-0.24167276;1269995111
-139.070755;342.3125;7593;-17225;0.96261216;0.026512622;-0.24167276;1270016925
-139.044515;342.3125;7593;-17225;0.96363184;0.030591488;-0.2447319;1270043165
-139.017275;342.3125;7593;-17225;0.96363184;0.029571772;-0.24065304;1270070405
-138.984477;342.3125;7593;-17225;0.96261216;0.029571772;-0.242692468;1270103203
-138.954484;342.3125;7593;-17225;0.96261216;0.02447319;-0.24167276;1270133196
-138.924079;342.3125;7593;-17225;0.959553;0.02753234;-0.24065304;1270163601
-138.890767;342.3125;7593;-17225;0.9605727;0.029571772;-0.24371218;1270196913
-138.864499;342.3125;7593;-17225;0.96363184;0.029571772;-0.24371218;1270223181
-138.831440;342.3125;7593;-17225;0.9605727;0.02753234;-0.24167276;1270256240
-138.778877;342.3125;7593;-17225;0.961592464;0.025492906;-0.24065304;1270308803
-138.753987;342.3125;7593;-17225;0.96261216;0.025492906;-0.24167276;1270333693
-138.731951;342.3125;7593;-17225;0.959553;0.02753234;-0.2447319;1270355729
-138.672576;342.3125;7593;-17225;0.96261216;0.025492906;-0.23963332;1270415104
-138.649498;342.3125;7593;-17225;0.96363184;0.02447319;-0.24371218;1270438182
-138.627926;342.3125;7593;-17225;0.961592464;0.023453474;-0.242692468;1270459754
-138.572335;342.3125;7593;-17225;0.96363184;0.029571772;-0.24167276;1270515345
-138.550537;342.3125;7593;-17225;0.96261216;0.026512622;-0.242692468;1270537143
-138.529251;342.3125;7593;-17225;0.961592464;0.02447319;-0.242692468;1270558429
-138.504363;342.3125;7593;-17225;0.961592464;0.028552056;-0.2386136;1270583317
-138.482986;342.3125;7593;-17225;0.96363184;0.02753234;-0.23963332;1270604694
-138.454601;342.3125;7593;-17225;0.96261216;0.026512622;-0.24167276;1270633079
-138.433087;342.3125;7593;-17225;0.96363184;0.026512622;-0.24065304;1270654593
-138.407231;342.3125;7593;-17225;0.961592464;0.030591488;-0.24167276;1270680449
-138.379832;342.3125;7593;-17225;0.9646516;0.029571772;-0.24167276;1270707848
-138.303860;342.3125;7593;-17225;0.96261216;0.02753234;-0.24167276;1270783820
-138.281739;342.3125;7593;-17225;0.96261216;0.028552056;-0.242692468;1270805941
-138.256774;342.3125;7593;-17225;0.96363184;0.02753234;-0.23963332;1270830906
-138.233662;342.3125;7593;-17225;0.961592464;0.030591488;-0.242692468;1270854018
-138.202113;342.3125;7593;-17225;0.9646516;0.028552056;-0.2447319;1270885567
-138.174564;342.3125;7593;-17225;0.96261216;0.026512622;-0.24065304;1270913116
-138.151502;342.3125;7593;-17225;0.961592464;0.025492906;-0.242692468;1270936178
-138.129863;342.3125;7593;-17225;0.961592464;0.025492906;-0.24167276;1270957817
-138.104509;342.3125;7593;-17225;0.961592464;0.02753234;-0.24167276;1270983171
-138.082966;342.3125;7593;-17225;0.961592464;0.029571772;-0.242692468;1271004714
-138.054601;342.3125;7593;-17225;0.96363184;0.02753234;-0.242692468;1271033079
-138.033165;342.3125;7593;-17225;0.959553;0.02753234;-0.24065304;1271054515
-138.004666;342.3125;7593;-17225;0.96261216;0.025492906;-0.24167276;1271083014
-137.982970;342.3125;7593;-17225;0.961592464;0.02753234;-0.242692468;1271104710
-137.954530;342.3125;7593;-17225;0.96261216;0.026512622;-0.2447319;1271133150
-137.913944;342.3125;7593;-17225;0.96261216;0.029571772;-0.24371218;1271173736
-137.890353;342.3125;7593;;80;116;4259;1271197327
-137.864430;342.3125;7593;-17225;0.961592464;0.026512622;-0.24167276;1271223250
-137.842936;342.3125;7593;-17225;0.96363184;0.026512622;-0.24167276;1271244744
-137.804580;342.3125;7593;-17225;0.9605727;0.026512622;-0.24167276;1271283100
-137.782933;342.3125;7593;-17225;0.96363184;0.028552056;-0.24167276;1271304747
-137.760509;342.3125;7593;-17225;0.96261216;0.028552056;-0.24167276;1271327171
-137.734388;342.3125;7593;-17225;0.96261216;0.028552056;-0.24371218;1271353292
-137.704599;342.3125;7593;-17225;0.96363184;0.026512622;-0.24167276;1271383081
-137.682920;342.3125;7593;-17225;0.96261216;0.025492906;-0.24167276;1271404760
-137.655746;342.3125;7593;-17225;0.96261216;0.02753234;-0.23963332;1271431934
-137.633684;342.3125;7593;-17225;0.961592464;0.02753234;-0.2447319;1271453996
-137.597185;342.3125;7593;-17225;0.96363184;0.029571772;-0.24575162;1271490495
-137.574167;342.3125;7593;-17225;0.96261216;0.026512622;-0.242692468;1271513513
-137.551805;342.3125;7593;-17225;0.96363184;0.02447319;-0.242692468;1271535875
-137.526545;342.3125;7593;-17225;0.9605727;0.02753234;-0.24167276;1271561135
-137.503915;342.3125;7593;-17225;0.96261216;0.02447319;-0.24371218;1271583765
-137.464459;342.3125;7593;-17225;0.96363184;0.025492906;-0.24065304;1271623221
-137.423995;342.3125;7593;-17225;0.961592464;0.029571772;-0.24167276;1271663685
-137.401140;342.3125;7593;-17225;0.961592464;0.02753234;-0.24371218;1271686540
-137.378302;342.3125;7593;-17225;0.96363184;0.026512622;-0.2386136;1271709378
-137.354430;342.3125;7593;-17225;0.9605727;0.026512622;-0.24167276;1271733250
-137.332519;342.3125;7593;-17225;0.961592464;0.025492906;-0.24167276;1271755161
-137.294125;342.3125;7593;-17225;0.961592464;0.02753234;-0.242692468;1271793555
-137.271381;342.3125;7593;-17225;0.96261216;0.02753234;-0.24167276;1271816299
-137.242051;342.3125;7593;-17225;0.96261216;0.026512622;-0.242692468;1271845629
-137.214420;342.3125;7593;-17225;0.96363184;0.026512622;-0.23963332;1271873260
-137.184458;342.3125;7593;-17225;0.96363184;0.02753234;-0.24167276;1271903222
-137.160535;342.3125;7593;-17225;0.96363184;0.026512622;-0.24371218;1271927145
-137.134369;342.3125;7593;-17225;0.9605727;0.026512622;-0.2447319;1271953311
-137.112798;342.3125;7593;-17225;0.96261216;0.029571772;-0.24167276;1271974882
-137.090572;342.3125;7593;;68;107;4258;1271997108
-137.054140;342.3125;7593;-17225;0.961592464;0.025492906;-0.24065304;1272033540
-137.029621;342.3125;7593;-17225;0.96261216;0.026512622;-0.24065304;1272058059
-137.004517;342.3125;7593;-17225;0.961592464;0.02753234;-0.24167276;1272083163
-136.983019;342.3125;7593;-17225;0.9605727;0.028552056;-0.242692468;1272104661
-136.960979;342.3125;7593;-17225;0.961592464;0.028552056;-0.24065304;1272126701
-136.934338;342.3125;7593;-17225;0.96261216;0.030591488;-0.2447319;1272153342
-136.906360;342.3125;7593;-17225;0.961592464;0.02753234;-0.24167276;1272181320
-136.878893;342.3125;7593;-17225;0.961592464;0.02753234;-0.23963332;1272208787
-136.831554;342.3125;7593;-17225;0.96261216;0.026512622;-0.24065304;1272256126
-136.772941;342.3125;7593;-17225;0.96363184;0.02753234;-0.24167276;1272314739
-136.751068;342.3125;7593;-17225;0.96363184;0.02447319;-0.24167276;1272336612
-136.714549;342.3125;7593;-17225;0.961592464;0.02447319;-0.24065304;1272373131
-136.684190;342.3125;7593;-17225;0.96363184;0.026512622;-0.242692468;1272403490
-136.662199;342.3125;7593;-17225;0.961592464;0.02753234;-0.242692468;1272425481
-136.611630;342.3125;7593;-17225;0.96363184;0.029571772;-0.24371218;1272476050
-136.585102;342.3125;7593;-17225;0.961592464;0.02753234;-0.24371218;1272502578
-136.562572;342.3125;7593;-17225;0.9585333;0.026512622;-0.242692468;1272525108
-136.540883;342.3125;7593;-17225;0.961592464;0.02753234;-0.24167276;1272546797
-136.514651;342.3125;7593;-17225;0.96261216;0.02753234;-0.24065304;1272573029
-136.484457;342.3125;7593;-17225;0.96261216;0.02753234;-0.24167276;1272603223
-136.461849;342.3125;7593;-17225;0.96363184;0.028552056;-0.242692468;1272625831
-136.434406;342.3125;7593;-17225;0.96261216;0.028552056;-0.24575162;1272653274
-136.404724;342.3125;7593;-17225;0.96261216;0.02753234;-0.24371218;1272682956
-136.379373;342.3125;7593;-17225;0.959553;0.026512622;-0.24167276;1272708307
-136.354454;342.3125;7593;-17225;0.961592464;0.026512622;-0.24065304;1272733226
-136.328609;342.3125;7593;-17225;0.96363184;0.026512622;-0.24167276;1272759071
-136.294534;342.3125;7593;-17225;0.96261216;0.02753234;-0.2447319;1272793146
-136.272925;342.3125;7593;-17225;0.96261216;0.025492906;-0.24371218;1272814755
-136.245159;342.3125;7593;-17225;0.961592464;0.028552056;-0.242692468;1272842521
-136.214640;342.3125;7593;-17225;0.961592464;0.026512622;-0.242692468;1272873040
-136.184450;342.3125;7593;-17225;0.96261216;0.02753234;-0.24167276;1272903230
-136.129644;342.3125;7593;-17225;0.96261216;0.02753234;-0.24167276;1272958036
-136.103913;342.3125;7593;-17225;0.9605727;0.02753234;-0.242692468;1272983767
-136.073917;342.3125;7593;-17225;0.96363184;0.028552056;-0.23963332;1273013763
-136.051292;342.3125;7593;-17225;0.96261216;0.02753234;-0.24371218;1273036388
-136.003652;342.3125;7593;-17225;0.961592464;0.026512622;-0.24167276;1273084028
-135.979401;342.3125;7593;-17225;0.96261216;0.02753234;-0.242692468;1273108279
-135.954529;342.3125;7593;-17225;0.96261216;0.028552056;-0.242692468;1273133151
-135.898450;342.3125;7593;-17225;0.96261216;0.02753234;-0.24167276;1273189230
-135.875076;342.3125;7593;-17225;0.961592464;0.029571772;-0.24167276;1273212604
-135.852830;342.3125;7593;-17225;0.96261216;0.02753234;-0.242692468;1273234850
-135.829517;342.3125;7593;-17225;0.96261216;0.029571772;-0.24065304;1273258163
-135.804447;342.3125;7593;-17225;0.96261216;0.02753234;-0.242692468;1273283233
-135.782665;342.3125;7593;-17225;0.961592464;0.028552056;-0.24065304;1273305015
-135.754726;342.3125;7593;-17225;0.961592464;0.028552056;-0.24065304;1273332954
-135.729492;342.3125;7593;-17225;0.96261216;0.025492906;-0.24065304;1273358188
-135.702112;342.3125;7593;-17225;0.96363184;0.028552056;-0.24167276;1273385568
-135.663741;342.3125;7593;-17225;0.959553;0.02753234;-0.24065304;1273423939
-135.641703;342.3125;7593;-17225;0.96261216;0.026512622;-0.242692468;1273445977
-135.614230;342.3125;7593;-17225;0.96261216;0.02753234;-0.24065304;1273473450
-135.592842;342.3125;7593;-17225;0.96363184;0.029571772;-0.242692468;1273494838
-135.564580;342.3125;7593;-17225;0.961592464;0.026512622;-0.24167276;1273523100
-135.543035;342.3125;7593;-17225;0.9646516;0.02753234;-0.242692468;1273544645
-135.514654;342.3125;7593;-17225;0.96363184;0.02753234;-0.24065304;1273573026
-135.471237;342.3125;7593;-17225;0.96261216;0.028552056;-0.24167276;1273616443
-135.444666;342.3125;7593;-17225;0.96261216;0.02753234;-0.242692468;1273643014
-135.420613;342.3125;7593;-17225;0.961592464;0.02753234;-0.242692468;1273667067
-135.383996;342.3125;7593;-17225;0.961592464;0.028552056;-0.242692468;1273703684
-135.360406;342.3125;7593;-17225;0.96363184;0.02753234;-0.24677134;1273727274
-135.333853;342.3125;7593;-17225;0.961592464;0.02753234;-0.242692468;1273753827
-135.307882;342.3125;7593;-17225;0.961592464;0.02753234;-0.24371218;1273779798
-135.254326;342.3125;7593;-17225;0.961592464;0.026512622;-0.23963332;1273833354
-135.229516;342.3125;7593;-17225;0.961592464;0.028552056;-0.24065304;1273858164
-135.194405;342.3125;7593;-17225;0.961592464;0.028552056;-0.242692468;1273893275
-135.170589;342.3125;7593;-17225;0.96363184;0.02753234;-0.24167276;1273917091
-135.144296;342.3125;7593;-17225;0.96363184;0.026512622;-0.24371218;1273943384
-135.122612;342.3125;7593;-17225;0.96363184;0.026512622;-0.23963332;1273965068
-135.101006;342.3125;7593;-17225;0.96261216;0.02753234;-0.24167276;1273986674
-135.077919;342.3125;7593;-17225;0.9605727;0.028552056;-0.2386136;1274009761
-135.054135;342.3125;7593;-17225;0.96261216;0.028552056;-0.24065304;1274033545
-135.030395;342.3125;7593;-17225;0.961592464;0.028552056;-0.24167276;1274057285
-135.004418;342.3125;7593;-17225;0.961592464;0.028552056;-0.24167276;1274083262
-134.981711;342.3125;7593;-17225;0.9605727;0.02753234;-0.24167276;1274105969
-134.954642;342.3125;7593;-17225;0.9646516;0.028552056;-0.24371218;1274133038
-134.932726;342.3125;7593;-17225;0.96261216;0.028552056;-0.242692468;1274154954
-134.900583;342.3125;7593;-17225;0.961592464;0.02753234;-0.24371218;1274187097
-134.877998;342.3125;7593;-17225;0.96261216;0.025492906;-0.242692468;1274209682
-134.804356;342.3125;7593;-17225;0.961592464;0.02753234;-0.2447319;1274283324
-134.781583;342.3125;7593;-17225;0.96363184;0.025492906;-0.24167276;1274306097
-134.754899;342.3125;7593;-17225;0.96363184;0.02753234;-0.242692468;1274332781
-134.730607;342.3125;7593;-17225;0.9605727;0.02753234;-0.242692468;1274357073
-134.704036;342.3125;7593;-17225;0.96363184;0.02753234;-0.2447319;1274383644
-134.681224;342.3125;7593;-17225;0.9646516;0.02753234;-0.24371218;1274406456
-134.656385;342.3125;7593;-17225;0.96261216;0.02753234;-0.24167276;1274431295
-134.630981;342.3125;7593;-17225;0.961592464;0.02753234;-0.23963332;1274456699
-134.602100;342.3125;7593;-17225;0.961592464;0.025492906;-0.24167276;1274485580
-134.579809;342.3125;7593;-17225;0.96261216;0.02753234;-0.24167276;1274507871
-134.554291;342.3125;7593;-17225;0.961592464;0.028552056;-0.24371218;1274533389
-134.504141;342.3125;7593;-17225;0.96261216;0.029571772;-0.24065304;1274583539
-134.481990;342.3125;7593;-17225;0.96261216;0.026512622;-0.237593884;1274605690
-134.454400;342.3125;7593;-17225;0.96261216;0.026512622;-0.242692468;1274633280
-134.429589;342.3125;7593;-17225;0.9605727;0.02447319;-0.24167276;1274658091
-134.383253;342.3125;7593;-17225;0.9646516;0.026512622;-0.24167276;1274704427
-134.357220;342.3125;7593;-17225;0.96261216;0.028552056;-0.237593884;1274730460
-134.271318;342.3125;7593;-17225;0.96261216;0.028552056;-0.242692468;1274816362
-134.248197;342.3125;7593;-17225;0.961592464;0.028552056;-0.2447319;1274839483
-134.222088;342.3125;7593;-17225;0.9605727;0.02753234;-0.242692468;1274865592
-134.197976;342.3125;7593;-17225;0.9605727;0.028552056;-0.2447319;1274889704
-134.174144;342.3125;7593;-17225;0.96261216;0.028552056;-0.242692468;1274913536
-134.149063;342.3125;7593;-17225;0.96363184;0.028552056;-0.242692468;1274938617
-134.103883;342.3125;7593;-17225;0.9605727;0.028552056;-0.24371218;1274983797
-134.080098;342.3125;7593;-17225;0.96363184;0.030591488;-0.24167276;1275007582
-134.054264;342.3125;7593;-17225;0.96261216;0.028552056;-0.24167276;1275033416
-134.029450;342.3125;7593;-17225;0.9605727;0.029571772;-0.24167276;1275058230
-134.004415;342.3125;7593;-17225;0.96261216;0.025492906;-0.24167276;1275083265
-133.982508;342.3125;7593;-17225;0.961592464;0.026512622;-0.24167276;1275105172
-133.943842;342.3125;7593;-17225;0.96261216;0.02753234;-0.23963332;1275143838
-133.914434;342.3125;7593;-17225;0.96363184;0.028552056;-0.24167276;1275173246
-133.884491;342.3125;7593;-17225;0.96261216;0.02753234;-0.23963332;1275203189
-133.862369;342.3125;7593;-17225;0.96261216;0.028552056;-0.24167276;1275225311
-133.834301;342.3125;7593;-17225;0.96261216;0.025492906;-0.24167276;1275253379
-133.813070;342.3125;7593;-17225;0.96261216;0.02753234;-0.24575162;1275274610
-133.790507;342.3125;7593;-17225;0.959553;0.028552056;-0.242692468;1275297173
-133.764517;342.3125;7593;-17225;0.96261216;0.029571772;-0.242692468;1275323163
-133.743113;342.3125;7593;-17225;0.96261216;0.028552056;-0.24065304;1275344567
-133.694436;342.3125;7593;-17225;0.961592464;0.026512622;-0.242692468;1275393244
-133.672335;342.3125;7593;-17225;0.96261216;0.02447319;-0.2447319;1275415345
-133.650855;342.3125;7593;-17225;0.96261216;0.026512622;-0.242692468;1275436825
-133.620645;342.3125;7593;-17225;0.96363184;0.028552056;-0.24371218;1275467035
-133.591619;342.3125;7593;-17225;0.9605727;0.02753234;-0.24167276;1275496061
-133.565799;342.3125;7593;-17225;0.961592464;0.028552056;-0.2386136;1275521881
-133.521746;342.3125;7593;-17225;0.96363184;0.029571772;-0.24167276;1275565934
-133.494296;342.3125;7593;-17225;0.96261216;0.02753234;-0.24371218;1275593384
-133.471833;342.3125;7593;-17225;0.961592464;0.02447319;-0.24371218;1275615847
-133.446735;342.3125;7593;-17225;0.96261216;0.02753234;-0.24167276;1275640945
-133.414279;342.3125;7593;-17225;0.96363184;0.02753234;-0.24065304;1275673401
-133.364597;342.3125;7593;-17225;0.961592464;0.025492906;-0.242692468;1275723083
-133.333902;342.3125;7593;-17225;0.96261216;0.02753234;-0.242692468;1275753778
-133.304740;342.3125;7593;-17225;0.9605727;0.026512622;-0.24065304;1275782940
-133.281779;342.3125;7593;-17225;0.96261216;0.026512622;-0.24167276;1275805901
-133.256759;342.3125;7593;-17225;0.96261216;0.02753234;-0.24167276;1275830921
-133.229037;342.3125;7593;-17225;0.961592464;0.02753234;-0.24167276;1275858643
-133.194378;342.3125;7593;-17225;0.96363184;0.02753234;-0.2447319;1275893302
-133.162027;342.3125;7593;-17225;0.96261216;0.02753234;-0.24167276;1275925653
-133.089754;342.3125;7593;-17225;0.96261216;0.029571772;-0.2386136;1275997926
-133.063233;342.3125;7593;-17225;0.96261216;0.028552056;-0.24167276;1276024447
-133.003713;342.3125;7593;-17225;0.961592464;0.026512622;-0.23963332;1276083967
-132.981929;342.3125;7593;-17225;0.96261216;0.029571772;-0.242692468;1276105751
-132.954637;342.3125;7593;-17225;0.96363184;0.02753234;-0.242692468;1276133043
-132.929110;342.3125;7593;-17225;0.96261216;0.02753234;-0.24167276;1276158570
-132.904172;342.3125;7593;-17225;0.9605727;0.026512622;-0.24371218;1276183508
-132.881892;342.3125;7593;-17225;0.961592464;0.026512622;-0.242692468;1276205788
-132.854705;342.3125;7593;-17225;0.961592464;0.026512622;-0.24167276;1276232975
-132.829133;342.3125;7593;-17225;0.96261216;0.02753234;-0.23963332;1276258547
-132.804392;342.3125;7593;-17225;0.96261216;0.026512622;-0.24167276;1276283288
-132.781928;342.3125;7593;-17225;0.961592464;0.026512622;-0.24167276;1276305752
-132.754689;342.3125;7593;-17225;0.9605727;0.02753234;-0.24167276;1276332991
-132.731088;342.3125;7593;-17225;0.96261216;0.029571772;-0.24167276;1276356592
-132.704399;342.3125;7593;-17225;0.961592464;0.02753234;-0.24065304;1276383281
-132.679363;342.3125;7593;-17225;0.96363184;0.026512622;-0.24065304;1276408317
-132.604156;342.3125;7593;-17225;0.96261216;0.02753234;-0.242692468;1276483524
-132.578477;342.3125;7593;-17225;0.961592464;0.02753234;-0.24371218;1276509203
-132.554186;342.3125;7593;-17225;0.96363184;0.02753234;-0.24167276;1276533494
-132.527800;342.3125;7593;-17225;0.96363184;0.028552056;-0.24065304;1276559880
-132.464631;342.3125;7593;-17225;0.96261216;0.026512622;-0.24167276;1276623049
-132.430090;342.3125;7593;-17225;0.961592464;0.028552056;-0.24371218;1276657590
-132.404338;342.3125;7593;-17225;0.9605727;0.026512622;-0.24167276;1276683342
-132.379025;342.3125;7593;-17225;0.961592464;0.026512622;-0.24065304;1276708655
-132.344364;342.3125;7593;-17225;0.961592464;0.026512622;-0.24371218;1276743316
-132.323133;342.3125;7593;-17225;0.96261216;0.026512622;-0.24167276;1276764547
-132.264719;342.3125;7593;-17225;0.96363184;0.029571772;-0.24167276;1276822961
-132.242512;342.3125;7593;-17225;0.96363184;0.029571772;-0.242692468;1276845168
-132.204733;342.3125;7593;-17225;0.9605727;0.028552056;-0.24065304;1276882947
-132.181644;342.3125;7593;-17225;0.96261216;0.02447319;-0.242692468;1276906036
-132.154756;342.3125;7593;-17225;0.959553;0.028552056;-0.24167276;1276932924
-132.111182;342.3125;7593;-17225;0.9605727;0.02753234;-0.24167276;1276976498
-132.084328;342.3125;7593;-17225;0.96363184;0.02753234;-0.242692468;1277003352
-132.062104;342.3125;7593;-17225;0.9605727;0.026512622;-0.23963332;1277025576
-132.033955;342.3125;7593;-17225;0.9646516;0.028552056;-0.24167276;1277053725
-131.994410;342.3125;7593;-17225;0.96363184;0.028552056;-0.242692468;1277093270
-131.973135;342.3125;7593;-17225;0.96363184;0.02753234;-0.24167276;1277114545
-131.951917;342.3125;7593;-17225;0.961592464;0.02753234;-0.242692468;1277135763
-131.929542;342.3125;7593;-17225;0.9605727;0.029571772;-0.24167276;1277158138
-131.904561;342.3125;7593;-17225;0.961592464;0.02753234;-0.24167276;1277183119
-131.882054;342.3125;7593;-17225;0.96261216;0.02753234;-0.23963332;1277205626
-131.854771;342.3125;7593;-17225;0.96363184;0.023453474;-0.24065304;1277232909
-131.833146;342.3125;7593;-17225;0.96261216;0.025492906;-0.242692468;1277254534
-131.772456;342.3125;7593;-17225;0.96363184;0.029571772;-0.24167276;1277315224
-131.741944;342.3125;7593;-17225;0.96363184;0.026512622;-0.24167276;1277345736
-131.710909;342.3125;7593;-17225;0.9605727;0.023453474;-0.24167276;1277376771
-131.630712;342.3125;7593;-17225;0.96363184;0.026512622;-0.242692468;1277456968
-131.564610;342.3125;7593;-17225;0.961592464;0.028552056;-0.23963332;1277523070
-131.541117;342.3125;7593;-17225;0.96261216;0.02753234;-0.242692468;1277546563
-131.512337;342.3125;7593;-17225;0.96261216;0.026512622;-0.24167276;1277575343
-131.484486;342.3125;7593;-17225;0.9646516;0.025492906;-0.242692468;1277603194
-131.462459;342.3125;7593;-17225;0.96363184;0.029571772;-0.24167276;1277625221
-131.434273;342.3125;7593;-17225;0.96363184;0.02753234;-0.23963332;1277653407
-131.400561;342.3125;7593;-17225;0.96261216;0.026512622;-0.24167276;1277687119
-131.378424;342.3125;7593;-17225;0.961592464;0.02753234;-0.24167276;1277709256
-131.354333;342.3125;7593;-17225;0.961592464;0.026512622;-0.24371218;1277733347
-131.329702;342.3125;7593;-17225;0.96261216;0.02753234;-0.24167276;1277757978
-131.304620;342.3125;7593;-17225;0.96261216;0.02753234;-0.242692468;1277783060
-131.282852;342.3125;7593;-17225;0.961592464;0.029571772;-0.24065304;1277804828
-131.260604;342.3125;7593;-17225;0.9605727;0.029571772;-0.24065304;1277827076
-131.234008;342.3125;7593;-17225;0.961592464;0.029571772;-0.242692468;1277853672
-131.134452;342.3125;7593;-17225;0.961592464;0.028552056;-0.24167276;1277953228
-131.111354;342.3125;7593;-17225;0.96261216;0.030591488;-0.242692468;1277976326
-131.086148;342.3125;7593;-17225;0.961592464;0.026512622;-0.242692468;1278001532
-131.063195;342.3125;7593;-17225;0.96261216;0.02753234;-0.24167276;1278024485
-131.042041;342.3125;7593;-17225;0.96363184;0.028552056;-0.24167276;1278045639
-131.014624;342.3125;7593;-17225;0.9605727;0.02753234;-0.23963332;1278073056
-130.984470;342.3125;7593;-17225;0.96261216;0.025492906;-0.24065304;1278103210
-130.962421;342.3125;7593;-17225;0.961592464;0.029571772;-0.24167276;1278125259
-130.936962;342.3125;7593;-17225;0.96261216;0.02753234;-0.24167276;1278150718
-130.904522;342.3125;7593;-17225;0.96261216;0.02753234;-0.242692468;1278183158
-130.878561;342.3125;7593;-17225;0.96363184;0.02753234;-0.24167276;1278209119
-130.854240;342.3125;7593;-17225;0.96261216;0.026512622;-0.24167276;1278233440
-130.833084;342.3125;7593;-17225;0.96363184;0.02753234;-0.242692468;1278254596
-130.774879;342.3125;7593;-17225;0.96363184;0.02753234;-0.24371218;1278312801
-130.729831;342.3125;7593;-17225;0.96363184;0.02753234;-0.24065304;1278357849
-130.704427;342.3125;7593;-17225;0.96363184;0.026512622;-0.24167276;1278383253
-130.682288;342.3125;7593;-17225;0.96261216;0.02753234;-0.24065304;1278405392
-130.654819;342.3125;7593;-17225;0.9605727;0.02753234;-0.242692468;1278432861
-130.632515;342.3125;7593;-17225;0.96363184;0.026512622;-0.24065304;1278455165
-130.604110;342.3125;7593;-17225;0.961592464;0.02753234;-0.24371218;1278483570
-130.580642;342.3125;7593;-17225;0.96261216;0.02753234;-0.242692468;1278507038
-130.554774;342.3125;7593;-17225;0.9646516;0.026512622;-0.2386136;1278532906
-130.533105;342.3125;7593;-17225;0.961592464;0.02753234;-0.24065304;1278554575
-130.510921;342.3125;7593;-17225;0.96363184;0.029571772;-0.24065304;1278576759
-130.484019;342.3125;7593;-17225;0.9605727;0.02753234;-0.24371218;1278603661
-130.462102;342.3125;7593;-17225;0.96363184;0.029571772;-0.24167276;1278625578
-130.434132;342.3125;7593;-17225;0.96363184;0.025492906;-0.242692468;1278653548
-130.404440;342.3125;7593;-17225;0.96261216;0.02447319;-0.24065304;1278683240
-130.382050;342.3125;7593;-17225;0.96261216;0.026512622;-0.23963332;1278705630
-130.310710;342.3125;7593;-17225;0.9605727;0.025492906;-0.24371218;1278776970
-130.284267;342.3125;7593;-17225;0.96363184;0.029571772;-0.242692468;1278803413
-130.262413;342.3125;7593;-17225;0.96261216;0.026512622;-0.24167276;1278825267
-130.230852;342.3125;7593;-17225;0.96261216;0.029571772;-0.242692468;1278856828
-130.203107;342.3125;7593;-17225;0.96363184;0.029571772;-0.24677134;1278884573
-130.180991;342.3125;7593;-17225;0.96261216;0.026512622;-0.24065304;1278906689
-130.154747;342.3125;7593;-17225;0.961592464;0.02753234;-0.242692468;1278932933
-130.130806;342.3125;7593;-17225;0.96363184;0.026512622;-0.242692468;1278956874
-130.104746;342.3125;7593;-17225;0.96261216;0.028552056;-0.24167276;1278982934
-130.081141;342.3125;7593;-17225;0.9646516;0.02753234;-0.24065304;1279006539
-130.057127;342.3125;7593;-17225;0.96261216;0.026512622;-0.242692468;1279030553
-130.022079;342.3125;7593;-17225;0.9646516;0.025492906;-0.24371218;1279065601
-129.994657;342.3125;7593;-17225;0.96261216;0.026512622;-0.24677134;1279093023
-129.972324;342.3125;7593;-17225;0.96363184;0.025492906;-0.242692468;1279115356
-129.950901;342.3125;7593;-17225;0.961592464;0.026512622;-0.23963332;1279136779
-129.904059;342.3125;7593;-17225;0.96261216;0.02753234;-0.24167276;1279183621
-129.877922;342.3125;7593;-17225;0.96261216;0.026512622;-0.24167276;1279209758
-129.854236;342.3125;7593;-17225;0.9605727;0.02753234;-0.24065304;1279233444
-129.828123;342.3125;7593;-17225;0.96261216;0.02753234;-0.242692468;1279259557
-129.772346;342.3125;7593;-17225;0.9605727;0.029571772;-0.24065304;1279315334
-129.741663;342.3125;7593;-17225;0.961592464;0.026512622;-0.24167276;1279346017
-129.714502;342.3125;7593;-17225;0.96261216;0.02447319;-0.24065304;1279373178
-129.667130;342.3125;7593;-17225;0.96261216;0.02447319;-0.24065304;1279420550
-129.644076;342.3125;7593;-17225;0.96363184;0.026512622;-0.242692468;1279443604
-129.621879;342.3125;7593;-17225;0.96261216;0.028552056;-0.24167276;1279465801
-129.594734;342.3125;7593;-17225;0.96261216;0.028552056;-0.2447319;1279492946
-129.572657;342.3125;7593;-17225;0.961592464;0.028552056;-0.242692468;1279515023
-129.550792;342.3125;7593;-17225;0.9605727;0.02753234;-0.2447319;1279536888
-129.527852;342.3125;7593;-17225;0.96363184;0.028552056;-0.24371218;1279559828
-129.504102;342.3125;7593;-17225;0.961592464;0.02753234;-0.24167276;1279583578
-129.481976;342.3125;7593;-17225;0.9646516;0.026512622;-0.24167276;1279605704
-129.443165;342.3125;7593;-17225;0.96261216;0.02753234;-0.24167276;1279644515
-129.414499;342.3125;7593;-17225;0.96261216;0.02753234;-0.23963332;1279673181
-129.384647;342.3125;7593;-17225;0.96363184;0.026512622;-0.24065304;1279703033
-129.362052;342.3125;7593;-17225;0.961592464;0.026512622;-0.24065304;1279725628
-129.304771;342.3125;7593;-17225;0.96363184;0.029571772;-0.24575162;1279782909
-129.282652;342.3125;7593;-17225;0.9605727;0.028552056;-0.24167276;1279805028
-129.260801;342.3125;7593;-17225;0.96261216;0.026512622;-0.24167276;1279826879
-129.234557;342.3125;7593;-17225;0.96261216;0.028552056;-0.24371218;1279853123
-129.210571;342.3125;7593;-17225;0.96261216;0.026512622;-0.24065304;1279877109
-129.184590;342.3125;7593;-17225;0.96363184;0.02753234;-0.24065304;1279903090
-129.162877;342.3125;7593;-17225;0.961592464;0.028552056;-0.24371218;1279924803
-129.135506;342.3125;7593;-17225;0.96261216;0.028552056;-0.242692468;1279952174
-129.114027;342.3125;7593;-17225;0.961592464;0.028552056;-0.242692468;1279973653
-129.064701;342.3125;7593;-17225;0.961592464;0.028552056;-0.242692468;1280022979
-129.015785;342.3125;7593;-17225;0.96261216;0.02753234;-0.24167276;1280071895
-128.993546;342.3125;7593;-17225;0.96261216;0.02753234;-0.242692468;1280094134
-128.970714;342.3125;7593;-17225;0.961592464;0.026512622;-0.24065304;1280116966
-128.944731;342.3125;7593;-17225;0.9605727;0.028552056;-0.242692468;1280142949
-128.914907;342.3125;7593;-17225;0.961592464;0.028552056;-0.24167276;1280172773
-128.869086;342.3125;7593;-17225;0.961592464;0.030591488;-0.23963332;1280218594
-128.833919;342.3125;7593;-17225;0.9605727;0.02753234;-0.242692468;1280253761
-128.804705;342.3125;7593;-17225;0.96363184;0.026512622;-0.24065304;1280282975
-128.782789;342.3125;7593;-17225;0.961592464;0.02753234;-0.24167276;1280304891
-128.732080;342.3125;7593;-17225;0.96363184;0.029571772;-0.24065304;1280355600
-128.704624;342.3125;7593;-17225;0.96261216;0.026512622;-0.2447319;1280383056
-128.682466;342.3125;7593;-17225;0.96261216;0.028552056;-0.23963332;1280405214
-128.658419;342.3125;7593;-17225;0.96363184;0.025492906;-0.24371218;1280429261
-128.604196;342.3125;7593;-17225;0.961592464;0.029571772;-0.242692468;1280483484
-128.578180;342.3125;7593;-17225;0.961592464;0.028552056;-0.24167276;1280509500
-128.554190;342.3125;7593;-17225;0.96363184;0.029571772;-0.24167276;1280533490
-128.504233;342.3125;7593;-17225;0.9646516;0.028552056;-0.24167276;1280583447
-128.480298;342.3125;7593;-17225;0.96261216;0.025492906;-0.24167276;1280607382
-128.454765;342.3125;7593;-17225;0.9605727;0.025492906;-0.24065304;1280632915
-128.429684;342.3125;7593;-17225;0.961592464;0.026512622;-0.24065304;1280657996
-128.404412;342.3125;7593;-17225;0.96363184;0.028552056;-0.24167276;1280683268
-128.380005;342.3125;7593;-17225;0.96363184;0.028552056;-0.24167276;1280707675
-128.354630;342.3125;7593;-17225;0.9646516;0.02753234;-0.242692468;1280733050
-128.333133;342.3125;7593;-17225;0.96261216;0.025492906;-0.24167276;1280754547
-128.304506;342.3125;7593;-17225;0.961592464;0.028552056;-0.24167276;1280783174
-128.282699;342.3125;7593;-17225;0.96261216;0.025492906;-0.24371218;1280804981
-128.230680;342.3125;7593;-17225;0.96261216;0.02753234;-0.24167276;1280857000
-128.204574;342.3125;7593;-17225;0.9605727;0.02753234;-0.24065304;1280883106
-128.153206;342.3125;7593;-17225;0.96261216;0.025492906;-0.242692468;1280934474
-128.130819;342.3125;7593;-17225;0.961592464;0.026512622;-0.24371218;1280956861
-128.104770;342.3125;7593;-17225;0.9605727;0.028552056;-0.24065304;1280982910
-128.083020;342.3125;7593;-17225;0.961592464;0.026512622;-0.24371218;1281004660
-128.060896;342.3125;7593;-17225;0.96363184;0.02753234;-0.24167276;1281026784
-128.034435;342.3125;7593;-17225;0.961592464;0.02753234;-0.24371218;1281053245
-128.012957;342.3125;7593;-17225;0.96261216;0.025492906;-0.242692468;1281074723
-127.988215;342.3125;7593;-17225;0.96261216;0.028552056;-0.24371218;1281099465
-127.964436;342.3125;7593;-17225;0.961592464;0.026512622;-0.24371218;1281123244
-127.942390;342.3125;7593;-17225;0.96261216;0.026512622;-0.23963332;1281145290
-127.914784;342.3125;7593;-17225;0.9605727;0.028552056;-0.24167276;1281172896
-127.864552;342.3125;7593;-17225;0.96261216;0.02447319;-0.2447319;1281223128
-127.842094;342.3125;7593;-17225;0.9605727;0.028552056;-0.24167276;1281245586
-127.815396;342.3125;7593;-17225;0.96261216;0.02753234;-0.24371218;1281272284
-127.794006;342.3125;7593;-17225;0.96363184;0.026512622;-0.24167276;1281293674
-127.744584;342.3125;7593;-17225;0.96363184;0.026512622;-0.2447319;1281343096
-127.710138;342.3125;7593;-17225;0.96261216;0.025492906;-0.24167276;1281377542
-127.684470;342.3125;7593;-17225;0.961592464;0.026512622;-0.24065304;1281403210
-127.662734;342.3125;7593;-17225;0.9605727;0.02753234;-0.24371218;1281424946
-127.634435;342.3125;7593;-17225;0.961592464;0.02753234;-0.242692468;1281453245
-127.612206;342.3125;7593;-17225;0.961592464;0.026512622;-0.24167276;1281475474
-127.587049;342.3125;7593;-17225;0.96261216;0.028552056;-0.242692468;1281500631
-127.564281;342.3125;7593;-17225;0.96261216;0.02753234;-0.24065304;1281523399
-127.542608;342.3125;7593;-17225;0.961592464;0.02753234;-0.24371218;1281545072
-127.514652;342.3125;7593;-17225;0.96261216;0.026512622;-0.242692468;1281573028
-127.464737;342.3125;7593;-17225;0.96261216;0.030591488;-0.242692468;1281622943
-127.443233;342.3125;7593;-17225;0.9605727;0.02447319;-0.24575162;1281644447
-127.415218;342.3125;7593;-17225;0.9646516;0.028552056;-0.24167276;1281672462
-127.389318;342.3125;7593;-17225;0.961592464;0.028552056;-0.242692468;1281698362
-127.364550;342.3125;7593;-17225;0.96261216;0.028552056;-0.24167276;1281723130
-127.314212;342.3125;7593;-17225;0.961592464;0.026512622;-0.24065304;1281773468
-127.291386;342.3125;7593;-17225;0.96261216;0.029571772;-0.242692468;1281796294
-127.264791;342.3125;7593;-17225;0.96363184;0.026512622;-0.24167276;1281822889
-127.242964;342.3125;7593;-17225;0.96261216;0.026512622;-0.2447319;1281844716
-127.214971;342.3125;7593;-17225;0.96261216;0.026512622;-0.242692468;1281872709
-127.184099;342.3125;7593;-17225;0.96261216;0.028552056;-0.24167276;1281903581
-127.134682;342.3125;7593;-17225;0.96261216;0.026512622;-0.24167276;1281952998
-127.112497;342.3125;7593;-17225;0.96261216;0.02753234;-0.24371218;1281975183
-127.084702;342.3125;7593;-17225;0.96261216;0.02753234;-0.24167276;1282002978
-127.062598;342.3125;7593;-17225;0.96363184;0.028552056;-0.24167276;1282025082
-127.034789;342.3125;7593;-17225;0.96261216;0.02753234;-0.24167276;1282052891
-127.005008;342.3125;7593;-17225;0.961592464;0.02753234;-0.24167276;1282082672
-126.982527;342.3125;7593;-17225;0.96261216;0.02753234;-0.23963332;1282105153
-126.955023;342.3125;7593;-17225;0.96363184;0.02753234;-0.2386136;1282132657
-126.904470;342.3125;7593;-17225;0.961592464;0.029571772;-0.23963332;1282183210
-126.855460;342.3125;7593;-17225;0.961592464;0.02753234;-0.24065304;1282232220
-126.819221;342.3125;7593;-17225;0.9605727;0.028552056;-0.24167276;1282268459
-126.783829;342.3125;7593;-17225;0.9605727;0.025492906;-0.2386136;1282303851
-126.754871;342.3125;7593;-17225;0.9605727;0.028552056;-0.24371218;1282332809
-126.729543;342.3125;7593;-17225;0.961592464;0.02753234;-0.24065304;1282358137
-126.704508;342.3125;7593;-17225;0.961592464;0.02753234;-0.24065304;1282383172
-126.682996;342.3125;7593;-17225;0.96261216;0.02753234;-0.23963332;1282404684
-126.654762;342.3125;7593;-17225;0.96261216;0.026512622;-0.23963332;1282432918
-126.630918;342.3125;7593;-17225;0.961592464;0.030591488;-0.24371218;1282456762
-126.572189;342.3125;7593;-17225;0.96363184;0.028552056;-0.23963332;1282515491
-126.550725;342.3125;7593;-17225;0.96261216;0.029571772;-0.24371218;1282536955
-126.529131;342.3125;7593;-17225;0.961592464;0.025492906;-0.24371218;1282558549
-126.504607;342.3125;7593;-17225;0.961592464;0.026512622;-0.242692468;1282583073
-126.482600;342.3125;7593;-17225;0.96363184;0.028552056;-0.24167276;1282605080
-126.432928;342.3125;7593;-17225;0.96261216;0.028552056;-0.24167276;1282654752
-126.405288;342.3125;7593;-17225;0.96261216;0.026512622;-0.2447319;1282682392
-126.383933;342.3125;7593;-17225;0.96363184;0.02753234;-0.24167276;1282703747
-126.304549;342.3125;7593;-17225;0.96363184;0.02447319;-0.24167276;1282783131
-126.261920;342.3125;7593;-17225;0.961592464;0.031611204;-0.24167276;1282825760
-126.234549;342.3125;7593;-17225;0.96363184;0.02753234;-0.242692468;1282853131
-126.211916;342.3125;7593;-17225;0.96261216;0.026512622;-0.24065304;1282875764
-126.184770;342.3125;7593;-17225;0.96261216;0.025492906;-0.23963332;1282902910
-126.161988;342.3125;7593;-17225;0.96363184;0.023453474;-0.24167276;1282925692
-126.134894;342.3125;7593;-17225;0.961592464;0.02447319;-0.24167276;1282952786
-126.105049;342.3125;7593;-17225;0.96363184;0.029571772;-0.242692468;1282982631
-126.082905;342.3125;7593;-17225;0.96363184;0.03263092;-0.24167276;1283004775
-126.054902;342.3125;7593;-17225;0.96261216;0.030591488;-0.242692468;1283032778
-126.014263;342.3125;7593;-17225;0.96261216;0.026512622;-0.2386136;1283073417
-125.991680;342.3125;7593;-17225;0.96261216;0.021414042;-0.2447319;1283096000
-125.965098;342.3125;7593;-17225;0.96363184;0.02447319;-0.24167276;1283122582
-125.943078;342.3125;7593;-17225;0.96363184;0.02753234;-0.24371218;1283144602
-125.914694;342.3125;7593;-17225;0.96261216;0.029571772;-0.24065304;1283172986
-125.892688;342.3125;7593;-17225;0.961592464;0.030591488;-0.24065304;1283194992
-125.866222;342.3125;7593;-17225;0.96261216;0.02753234;-0.242692468;1283221458
-125.834624;342.3125;7593;-17225;0.96261216;0.025492906;-0.24167276;1283253056
-125.804707;342.3125;7593;-17225;0.96261216;0.02447319;-0.24167276;1283282973
-125.782534;342.3125;7593;-17225;0.96261216;0.030591488;-0.24167276;1283305146
-125.734366;342.3125;7593;-17225;0.961592464;0.028552056;-0.2447319;1283353314
-125.712463;342.3125;7593;-17225;0.96261216;0.030591488;-0.24167276;1283375217
-125.662584;342.3125;7593;-17225;0.96261216;0.026512622;-0.24065304;1283425096
-125.634794;342.3125;7593;-17225;0.96363184;0.02753234;-0.24167276;1283452886
-125.604804;342.3125;7593;-17225;0.961592464;0.02753234;-0.242692468;1283482876
-125.554778;342.3125;7593;-17225;0.96261216;0.028552056;-0.24065304;1283532902
-125.533153;342.3125;7593;-17225;0.96261216;0.02753234;-0.24065304;1283554527
-125.504772;342.3125;7593;-17225;0.961592464;0.025492906;-0.24065304;1283582908
-125.482549;342.3125;7593;-17225;0.96261216;0.028552056;-0.242692468;1283605131
-125.454819;342.3125;7593;-17225;0.96261216;0.026512622;-0.2447319;1283632861
-125.433202;342.3125;7593;-17225;0.961592464;0.02753234;-0.24371218;1283654478
-125.365071;342.3125;7593;-17225;0.961592464;0.02447319;-0.23963332;1283722609
-125.342440;342.3125;7593;-17225;0.96261216;0.026512622;-0.242692468;1283745240
-125.284739;342.3125;7593;-17225;0.961592464;0.030591488;-0.242692468;1283802941
-125.263053;342.3125;7593;-17225;0.961592464;0.028552056;-0.23963332;1283824627
-125.241155;342.3125;7593;-17225;0.96363184;0.029571772;-0.242692468;1283846525
-125.215040;342.3125;7593;-17225;0.96261216;0.026512622;-0.23963332;1283872640
-125.184734;342.3125;7593;-17225;0.96363184;0.026512622;-0.24065304;1283902946
-125.162281;342.3125;7593;-17225;0.96363184;0.026512622;-0.24167276;1283925399
-125.072517;342.3125;7593;-17225;0.961592464;0.028552056;-0.24167276;1284015163
-125.050957;342.3125;7593;-17225;0.96261216;0.02753234;-0.24167276;1284036723
-125.029200;342.3125;7593;-17225;0.96363184;0.02753234;-0.242692468;1284058480
-125.004436;342.3125;7593;-17225;0.961592464;0.025492906;-0.24167276;1284083244
-124.981555;342.3125;7593;-17225;0.96363184;0.025492906;-0.23963332;1284106125
-124.945053;342.3125;7593;-17225;0.9605727;0.025492906;-0.24371218;1284142627
-124.912083;342.3125;7593;-17225;0.96261216;0.02753234;-0.242692468;1284175597
-124.884888;342.3125;7593;-17225;0.96261216;0.02753234;-0.2447319;1284202792
-124.863115;342.3125;7593;-17225;0.961592464;0.028552056;-0.24167276;1284224565
-124.834613;342.3125;7593;-17225;0.96261216;0.02753234;-0.242692468;1284253067
-124.812005;342.3125;7593;-17225;0.96261216;0.026512622;-0.2386136;1284275675
-124.784436;342.3125;7593;-17225;0.9646516;0.025492906;-0.24065304;1284303244
-124.762322;342.3125;7593;-17225;0.9605727;0.026512622;-0.24167276;1284325358
-124.710705;342.3125;7593;-17225;0.96363184;0.028552056;-0.242692468;1284376975
-124.683968;342.3125;7593;-17225;0.961592464;0.02753234;-0.24065304;1284403712
-124.661111;342.3125;7593;-17225;0.96261216;0.02753234;-0.24065304;1284426569
-124.634844;342.3125;7593;-17225;0.96261216;0.026512622;-0.23963332;1284452836
-124.605397;342.3125;7593;-17225;0.961592464;0.028552056;-0.24371218;1284482283
-124.583087;342.3125;7593;-17225;0.961592464;0.025492906;-0.2386136;1284504593
-124.534911;342.3125;7593;-17225;0.96261216;0.028552056;-0.24371218;1284552769
-124.504973;342.3125;7593;-17225;0.96363184;0.02753234;-0.24065304;1284582707
-124.482244;342.3125;7593;-17225;0.96261216;0.026512622;-0.2386136;1284605436
-124.429854;342.3125;7593;-17225;0.961592464;0.026512622;-0.2447319;1284657826
-124.404736;342.3125;7593;-17225;0.961592464;0.02753234;-0.2447319;1284682944
-124.380956;342.3125;7593;-17225;0.96261216;0.028552056;-0.24065304;1284706724
-124.355049;342.3125;7593;-17225;0.96261216;0.029571772;-0.23963332;1284732631
-124.307718;342.3125;7593;-17225;0.961592464;0.026512622;-0.24371218;1284779962
-124.283325;342.3125;7593;-17225;0.961592464;0.02447319;-0.23963332;1284804355
-124.261786;342.3125;7593;-17225;0.961592464;0.026512622;-0.242692468;1284825894
-124.232072;342.3125;7593;-17225;0.96363184;0.02753234;-0.242692468;1284855608
-124.204861;342.3125;7593;-17225;0.961592464;0.026512622;-0.24065304;1284882819
-124.181702;342.3125;7593;-17225;0.961592464;0.025492906;-0.24167276;1284905978
-124.155047;342.3125;7593;-17225;0.96363184;0.026512622;-0.24167276;1284932633
-124.131786;342.3125;7593;-17225;0.96363184;0.025492906;-0.24371218;1284955894
-124.104992;342.3125;7593;-17225;0.9605727;0.026512622;-0.2447319;1284982688
-124.080911;342.3125;7593;-17225;0.96261216;0.02753234;-0.242692468;1285006769
-124.055059;342.3125;7593;-17225;0.96363184;0.029571772;-0.242692468;1285032621
-124.015918;342.3125;7593;-17225;0.96261216;0.02753234;-0.237593884;1285071762
-123.994045;342.3125;7593;-17225;0.96261216;0.02753234;-0.24065304;1285093635
-123.965087;342.3125;7593;-17225;0.96363184;0.02447319;-0.242692468;1285122593
-123.942799;342.3125;7593;-17225;0.961592464;0.02447319;-0.23963332;1285144881
-123.905138;342.3125;7593;-17225;0.96261216;0.028552056;-0.242692468;1285182542
-123.861264;342.3125;7593;-17225;0.9605727;0.029571772;-0.24371218;1285226416
-123.834280;342.3125;7593;-17225;0.96261216;0.026512622;-0.2447319;1285253400
-123.811159;342.3125;7593;-17225;0.96363184;0.026512622;-0.24167276;1285276521
-123.784376;342.3125;7593;-17225;0.96363184;0.025492906;-0.237593884;1285303304
-123.761957;342.3125;7593;-17225;0.96261216;0.029571772;-0.24167276;1285325723
-123.734774;342.3125;7593;-17225;0.9605727;0.02753234;-0.24065304;1285352906
-123.704913;342.3125;7593;-17225;0.959553;0.026512622;-0.2447319;1285382767
-123.682964;342.3125;7593;-17225;0.959553;0.02447319;-0.24575162;1285404716
-123.659883;342.3125;7593;-17225;0.96261216;0.026512622;-0.24167276;1285427797
-123.634429;342.3125;7593;-17225;0.961592464;0.02753234;-0.24065304;1285453251
-123.605269;342.3125;7593;-17225;0.9646516;0.026512622;-0.242692468;1285482411
-123.582681;342.3125;7593;-17225;0.961592464;0.026512622;-0.24065304;1285504999
-123.555367;342.3125;7593;-17225;0.959553;0.02447319;-0.24371218;1285532313
-123.504104;342.3125;7593;-17225;0.96363184;0.025492906;-0.24371218;1285583576
-123.472170;342.3125;7593;-17225;0.96363184;0.026512622;-0.23963332;1285615510
-123.444876;342.3125;7593;-17225;0.96261216;0.02753234;-0.24167276;1285642804
-123.393669;342.3125;7593;-17225;0.961592464;0.02753234;-0.242692468;1285694011
-123.371025;342.3125;7593;-17225;0.96261216;0.029571772;-0.24167276;1285716655
-123.345157;342.3125;7593;-17225;0.96261216;0.028552056;-0.24167276;1285742523
-123.301700;342.3125;7593;-17225;0.96363184;0.026512622;-0.24167276;1285785980
-123.278930;342.3125;7593;-17225;0.96261216;0.026512622;-0.242692468;1285808750
-123.254698;342.3125;7593;-17225;0.96363184;0.026512622;-0.24371218;1285832982
-123.173403;342.3125;7593;-17225;0.96363184;0.029571772;-0.23963332;1285914277
-123.151676;342.3125;7593;-17225;0.96261216;0.025492906;-0.24167276;1285936004
-123.128490;342.3125;7593;-17225;0.961592464;0.028552056;-0.23963332;1285959190
-123.104866;342.3125;7593;-17225;0.96363184;0.025492906;-0.2447319;1285982814
-123.082892;342.3125;7593;-17225;0.96261216;0.02753234;-0.242692468;1286004788
-123.060197;342.3125;7593;-17225;0.96261216;0.02753234;-0.24167276;1286027483
-123.030531;342.3125;7593;-17225;0.96261216;0.026512622;-0.23963332;1286057149
-122.954663;342.3125;7593;-17225;0.961592464;0.026512622;-0.24167276;1286133017
-122.931594;342.3125;7593;-17225;0.96363184;0.026512622;-0.242692468;1286156086
-122.905120;342.3125;7593;-17225;0.96261216;0.029571772;-0.2386136;1286182560
-122.881450;342.3125;7593;-17225;0.961592464;0.026512622;-0.24065304;1286206230
-122.855235;342.3125;7593;-17225;0.96261216;0.026512622;-0.24065304;1286232445
-122.830437;342.3125;7593;-17225;0.96363184;0.026512622;-0.2386136;1286257243
-122.805235;342.3125;7593;-17225;0.96363184;0.025492906;-0.24371218;1286282445
-122.782554;342.3125;7593;-17225;0.961592464;0.030591488;-0.24677134;1286305126
-122.755474;342.3125;7593;-17225;0.959553;0.02753234;-0.23963332;1286332206
-122.733721;342.3125;7593;-17225;0.96261216;0.02753234;-0.24065304;1286353959
-122.673923;342.3125;7593;-17225;0.961592464;0.025492906;-0.24167276;1286413757
-122.645203;342.3125;7593;-17225;0.961592464;0.02753234;-0.2447319;1286442477
-122.623968;342.3125;7593;;-117;0;4263;1286463712
-122.585052;342.3125;7593;-17225;0.96363184;0.025492906;-0.23963332;1286502628
-122.562126;342.3125;7593;-17225;0.96261216;0.026512622;-0.237593884;1286525554
-122.529649;342.3125;7593;-17225;0.96261216;0.028552056;-0.24371218;1286558031
-122.484364;342.3125;7593;-17225;0.9605727;0.028552056;-0.242692468;1286603316
-122.454913;342.3125;7593;-17225;0.96363184;0.026512622;-0.23555446;1286632767
-122.432898;342.3125;7593;-17225;0.96261216;0.028552056;-0.24065304;1286654782
-122.405048;342.3125;7593;-17225;0.961592464;0.026512622;-0.23963332;1286682632
-122.382111;342.3125;7593;-17225;0.96363184;0.026512622;-0.24575162;1286705569
-122.355404;342.3125;7593;-17225;0.96261216;0.02447319;-0.24371218;1286732276
-122.328850;342.3125;7593;-17225;0.9605727;0.025492906;-0.24167276;1286758830
-122.273571;342.3125;7593;-17225;0.9646516;0.02753234;-0.24065304;1286814109
-122.251450;342.3125;7593;-17225;0.96261216;0.02753234;-0.24167276;1286836230
-122.228905;342.3125;7593;-17225;0.96261216;0.025492906;-0.242692468;1286858775
-122.204342;342.3125;7593;-17225;0.961592464;0.026512622;-0.24677134;1286883338
-122.181401;342.3125;7593;-17225;0.961592464;0.02753234;-0.242692468;1286906279
-122.155111;342.3125;7593;-17225;0.961592464;0.025492906;-0.242692468;1286932569
-122.127627;342.3125;7593;-17225;0.96261216;0.029571772;-0.2386136;1286960053
-122.084964;342.3125;7593;-17225;0.96261216;0.025492906;-0.24065304;1287002716
-122.034700;342.3125;7593;-17225;0.96363184;0.02753234;-0.248810768;1287052980
-122.009445;342.3125;7593;-17225;0.961592464;0.02753234;-0.247791052;1287078235
-121.985011;342.3125;7593;-17225;0.96363184;0.029571772;-0.242692468;1287102669
-121.956089;342.3125;7593;-17225;0.96363184;0.026512622;-0.2386136;1287131591
-121.929418;342.3125;7593;-17225;0.96261216;0.02447319;-0.23657418;1287158262
-121.895322;342.3125;7593;-17225;0.961592464;0.026512622;-0.242692468;1287192358
-121.872632;342.3125;7593;-17225;0.96261216;0.028552056;-0.242692468;1287215048
-121.835689;342.3125;7593;-17225;0.9646516;0.026512622;-0.24167276;1287251991
-121.804926;342.3125;7593;-17225;0.96261216;0.026512622;-0.23963332;1287282754
-121.782352;342.3125;7593;-17225;0.96363184;0.028552056;-0.24167276;1287305328
-121.755062;342.3125;7593;-17225;0.961592464;0.026512622;-0.242692468;1287332618
-121.729536;342.3125;7593;-17225;0.961592464;0.026512622;-0.24371218;1287358144
-121.695447;342.3125;7593;-17225;0.9605727;0.029571772;-0.24065304;1287392233
-121.673293;342.3125;7593;-17225;0.96363184;0.028552056;-0.2386136;1287414387
-121.623211;342.3125;7593;-17225;0.96261216;0.026512622;-0.2386136;1287464469
-121.595160;342.3125;7593;-17225;0.9605727;0.02447319;-0.247791052;1287492520
-121.572301;342.3125;7593;-17225;0.961592464;0.025492906;-0.24371218;1287515379
-121.548204;342.3125;7593;-17225;0.96363184;0.026512622;-0.247791052;1287539476
-121.503181;342.3125;7593;-17225;0.96261216;0.02753234;-0.24065304;1287584499
-121.481544;342.3125;7593;-17225;0.96261216;0.026512622;-0.237593884;1287606136
-121.455268;342.3125;7593;-17225;0.961592464;0.023453474;-0.24065304;1287632412
-121.434181;342.3125;7593;-17225;0.9605727;0.02447319;-0.24575162;1287653499
-121.408202;342.3125;7593;-17225;0.961592464;0.026512622;-0.24677134;1287679478
-121.384689;342.3125;7593;-17225;0.96261216;0.02753234;-0.24371218;1287702991
-121.363075;342.3125;7593;-17225;0.96363184;0.029571772;-0.23963332;1287724605
-121.335729;342.3125;7593;-17225;0.961592464;0.026512622;-0.237593884;1287751951
-121.311482;342.3125;7593;-17225;0.9605727;0.02447319;-0.24167276;1287776198
-121.285059;342.3125;7593;-17225;0.961592464;0.02447319;-0.24167276;1287802621
-121.262862;342.3125;7593;-17225;0.9605727;0.026512622;-0.24677134;1287824818
-121.214846;342.3125;7593;-17225;0.9605727;0.031611204;-0.242692468;1287872834
-121.184953;342.3125;7593;-17225;0.96363184;0.03263092;-0.237593884;1287902727
-121.162567;342.3125;7593;-17225;0.961592464;0.026512622;-0.242692468;1287925113
-121.135059;342.3125;7593;-17225;0.961592464;0.02447319;-0.24575162;1287952621
-121.108227;342.3125;7593;-17225;0.9605727;0.020394326;-0.24575162;1287979453
-121.084687;342.3125;7593;-17225;0.961592464;0.025492906;-0.2447319;1288002993
-121.060516;342.3125;7593;-17225;0.96363184;0.030591488;-0.24065304;1288027164
-121.035062;342.3125;7593;-17225;0.96261216;0.033650636;-0.2386136;1288052618
-121.011669;342.3125;7593;-17225;0.96261216;0.02753234;-0.23963332;1288076011
-120.983560;342.3125;7593;-17225;0.961592464;0.022433758;-0.24371218;1288104120
-120.955379;342.3125;7593;-17225;0.9605727;0.023453474;-0.248810768;1288132301
-120.928865;342.3125;7593;-17225;0.96363184;0.028552056;-0.242692468;1288158815
-120.905024;342.3125;7593;-17225;0.96363184;0.02753234;-0.24065304;1288182656
-120.882007;342.3125;7593;-17225;0.961592464;0.028552056;-0.23555446;1288205673
-120.855386;342.3125;7593;-17225;0.96363184;0.026512622;-0.24065304;1288232294
-120.833596;342.3125;7593;-17225;0.9605727;0.025492906;-0.2447319;1288254084
-120.769450;342.3125;7593;-17225;0.96261216;0.029571772;-0.2447319;1288318230
-120.745030;342.3125;7593;-17225;0.961592464;0.028552056;-0.24065304;1288342650
-120.718221;342.3125;7593;-17225;0.9646516;0.026512622;-0.23453474;1288369459
-120.695027;342.3125;7593;-17225;0.961592464;0.025492906;-0.24065304;1288392653
-120.672866;342.3125;7593;-17225;0.9605727;0.028552056;-0.247791052;1288414814
-120.649663;342.3125;7593;-17225;0.96261216;0.026512622;-0.25288964;1288438017
-120.604766;342.3125;7600;-17225;0.96363184;0.029571772;-0.237593884;1288482914
-120.580748;342.3125;7600;-17225;0.9646516;0.028552056;-0.232495316;1288506932
-120.555235;342.3125;7600;-17225;0.96363184;0.025492906;-0.23555446;1288532445
-120.504903;342.3125;7600;-17225;0.9605727;0.02753234;-0.248810768;1288582777
-120.482381;342.3125;7600;-17225;0.96261216;0.02753234;-0.24167276;1288605299
-120.455323;342.3125;7600;-17225;0.96261216;0.028552056;-0.23657418;1288632357
-120.434122;342.3125;7600;-17225;0.961592464;0.02753234;-0.232495316;1288653558
-120.377596;342.3125;7600;-17225;0.96261216;0.02753234;-0.24575162;1288710084
-120.350236;342.3125;7600;-17225;0.959553;0.025492906;-0.25186992;1288737444
-120.322762;342.3125;7600;-17225;0.961592464;0.028552056;-0.242692468;1288764918
-120.285350;342.3125;7600;-17225;0.9646516;0.030591488;-0.23657418;1288802330
-120.262085;342.3125;7600;-17225;0.96363184;0.028552056;-0.23555446;1288825595
-120.232067;342.3125;7600;-17225;0.96363184;0.026512622;-0.24575162;1288855613
-120.203497;342.3125;7600;-17225;0.96261216;0.023453474;-0.2508502;1288884183
-120.181939;342.3125;7600;-17225;0.961592464;0.029571772;-0.2447319;1288905741
-120.155350;342.3125;7600;-17225;0.959553;0.030591488;-0.24167276;1288932330
-120.134139;342.3125;7600;-17225;0.96261216;0.029571772;-0.2386136;1288953541
-120.104957;342.3125;7600;-17225;0.961592464;0.029571772;-0.23657418;1288982723
-120.082998;342.3125;7600;-17225;0.961592464;0.022433758;-0.242692468;1289004682
-120.033899;342.3125;7600;-17225;0.9605727;0.028552056;-0.24167276;1289053781
-119.995358;342.3125;7600;-17225;0.96363184;0.026512622;-0.23963332;1289092322
-119.944847;342.3125;7600;-17225;0.961592464;0.028552056;-0.24167276;1289142833
-119.905197;342.3125;7600;-17225;0.961592464;0.02447319;-0.2447319;1289182483
-119.882977;342.3125;7600;-17225;0.961592464;0.02753234;-0.2447319;1289204703
-119.855300;342.3125;7600;-17225;0.9605727;0.026512622;-0.24167276;1289232380
-119.832951;342.3125;7600;-17225;0.96363184;0.030591488;-0.23555446;1289254729
-119.795429;342.3125;7600;-17225;0.96363184;0.028552056;-0.2386136;1289292251
-119.773819;342.3125;7593;-17225;0.96363184;0.02447319;-0.24575162;1289313861
-119.751763;342.3125;7593;-17225;0.9605727;0.026512622;-0.24983048;1289335917
-119.729219;342.3125;7593;-17225;0.959553;0.02753234;-0.24371218;1289358461
-119.696227;342.3125;7593;-17225;0.961592464;0.02447319;-0.24167276;1289391453
-119.674752;342.3125;7593;-17225;0.96261216;0.026512622;-0.23555446;1289412928
-119.652696;342.3125;7593;-17225;0.96261216;0.029571772;-0.2447319;1289434984
-119.629375;342.3125;7593;-17225;0.96261216;0.02753234;-0.24677134;1289458305
-119.573215;342.3125;7593;-17225;0.961592464;0.026512622;-0.24575162;1289514465
-119.535260;342.3125;7593;-17225;0.96363184;0.02753234;-0.23453474;1289552420
-119.465275;342.3125;7593;-17225;0.9585333;0.02753234;-0.248810768;1289622405
-119.444189;342.3125;7593;-17225;0.961592464;0.029571772;-0.25288964;1289643491
-119.405244;342.3125;7600;-17225;0.961592464;0.029571772;-0.24167276;1289682436
-119.382496;342.3125;7600;-17225;0.9646516;0.02753234;-0.23045588;1289705184
-119.355375;342.3125;7600;-17225;0.96363184;0.02753234;-0.232495316;1289732305
-119.329814;342.3125;7600;-17225;0.96363184;0.025492906;-0.23963332;1289757866
-119.304910;342.3125;7600;-17225;0.961592464;0.026512622;-0.24575162;1289782770
-119.282775;342.3125;7600;-17225;0.961592464;0.030591488;-0.2508502;1289804905
-119.255346;342.3125;7600;-17225;0.9605727;0.031611204;-0.24371218;1289832334
-119.233698;342.3125;7600;-17225;0.9646516;0.028552056;-0.232495316;1289853982
-119.173090;342.3125;7600;-17225;0.961592464;0.022433758;-0.242692468;1289914590
-119.145410;342.3125;7600;-17225;0.961592464;0.02447319;-0.248810768;1289942270
-119.102121;342.3125;7600;-17225;0.96261216;0.029571772;-0.248810768;1289985559
-119.051319;342.3125;7600;-17225;0.96363184;0.028552056;-0.23555446;1290036361
-119.028757;342.3125;7600;-17225;0.961592464;0.025492906;-0.23453474;1290058923
-119.004991;342.3125;7600;-17225;0.96261216;0.022433758;-0.24167276;1290082689
-118.983018;342.3125;7600;-17225;0.959553;0.026512622;-0.25390936;1290104662
-118.960031;342.3125;7600;-17225;0.96261216;0.030591488;-0.25288964;1290127649
-118.934600;342.3125;7600;-17225;0.96261216;0.03263092;-0.24167276;1290153080
-118.905524;342.3125;7600;-17225;0.96363184;0.029571772;-0.232495316;1290182156
-118.883601;342.3125;7600;-17225;0.96261216;0.026512622;-0.232495316;1290204079
-118.861470;342.3125;7600;-17225;0.9605727;0.021414042;-0.24371218;1290226210
-118.835136;342.3125;7600;-17225;0.9605727;0.020394326;-0.25288964;1290252544
-118.805358;342.3125;7600;-17225;0.9605727;0.026512622;-0.25186992;1290282322
-118.779460;342.3125;7600;-17225;0.96363184;0.03263092;-0.23657418;1290308220
-118.754896;342.3125;7600;-17225;0.9656713;0.031611204;-0.23045588;1290332784
-118.733141;342.3125;7600;-17225;0.96261216;0.02753234;-0.23045588;1290354539
-118.705367;342.3125;7600;-17225;0.9605727;0.022433758;-0.24371218;1290382313
-118.683770;342.3125;7600;-17225;0.9605727;0.023453474;-0.2508502;1290403910
-118.661190;342.3125;7600;-17225;0.9585333;0.02447319;-0.247791052;1290426490
-118.617426;342.3125;7600;-17225;0.96363184;0.03263092;-0.23555446;1290470254
-118.594875;342.3125;7600;-17225;0.9646516;0.03263092;-0.23555446;1290492805
-118.572666;342.3125;7600;-17225;0.961592464;0.02447319;-0.23963332;1290515014
-118.545400;342.3125;7600;-17225;0.9605727;0.023453474;-0.24983048;1290542280
-118.515420;342.3125;7600;-17225;0.959553;0.023453474;-0.2508502;1290572260
-118.493043;342.3125;7600;-17225;0.9605727;0.028552056;-0.2447319;1290594637
-118.465467;342.3125;7600;-17225;0.96363184;0.03263092;-0.2386136;1290622213
-118.435188;342.3125;7600;-17225;0.9646516;0.03263092;-0.23453474;1290652492
-118.405339;342.3125;7600;-17219;0.9605727;0.026512622;-0.242692468;1290682341
-118.383543;342.3125;7600;-17219;0.9605727;0.01631546;-0.24677134;1290704137
-118.361583;342.3125;7600;-17219;0.959553;0.0193746092;-0.24677134;1290726097
-118.334705;342.3125;7600;-17219;0.9605727;0.02753234;-0.242692468;1290752975
-118.273932;342.3125;7600;-17219;0.961592464;0.031611204;-0.23963332;1290813748
-118.252082;342.3125;7600;-17219;0.961592464;0.02753234;-0.242692468;1290835598
-118.215583;342.3125;7600;-17219;0.96261216;0.023453474;-0.247791052;1290872097
-118.185265;342.3125;7600;-17219;0.96261216;0.022433758;-0.2447319;1290902415
-118.121824;342.3125;7600;-17219;0.96261216;0.031611204;-0.237593884;1290965856
-118.094944;342.3125;7600;-17219;0.96261216;0.026512622;-0.24371218;1290992736
-118.072975;342.3125;7600;-17219;0.96261216;0.022433758;-0.247791052;1291014705
-118.047475;342.3125;7600;-17219;0.96261216;0.022433758;-0.24677134;1291040205
-118.024107;342.3125;7600;;290;221;4265;1291063573
-117.995468;342.3125;7600;-17219;0.96363184;0.030591488;-0.237593884;1291092212
-117.971639;342.3125;7600;-17219;0.96363184;0.031611204;-0.23657418;1291116041
-117.945442;342.3125;7600;-17219;0.9605727;0.031611204;-0.2447319;1291142238
-117.914820;342.3125;7600;-17219;0.96261216;0.021414042;-0.24575162;1291172860
-117.865638;342.3125;7600;-17219;0.961592464;0.023453474;-0.24371218;1291222042
-117.835270;342.3125;7600;-17219;0.961592464;0.031611204;-0.237593884;1291252410
-117.812714;342.3125;7600;-17219;0.96363184;0.031611204;-0.24167276;1291274966
-117.785252;342.3125;7600;-17219;0.96261216;0.029571772;-0.24167276;1291302428
-117.762900;342.3125;7600;-17219;0.96363184;0.026512622;-0.247791052;1291324780
-117.724783;342.3125;7600;-17219;0.96261216;0.022433758;-0.2386136;1291362897
-117.702994;342.3125;7600;-17219;0.96363184;0.029571772;-0.24065304;1291384686
-117.680579;342.3125;7600;-17219;0.96261216;0.031611204;-0.23555446;1291407101
-117.655393;342.3125;7600;-17219;0.96261216;0.031611204;-0.23963332;1291432287
-117.633268;342.3125;7600;-17219;0.9605727;0.026512622;-0.248810768;1291454412
-117.595083;342.3125;7600;-17219;0.9605727;0.02447319;-0.247791052;1291492597
-117.572596;342.3125;7600;-17219;0.96261216;0.022433758;-0.242692468;1291515084
-117.546208;342.3125;7600;-17219;0.9605727;0.021414042;-0.24065304;1291541472
-117.515439;342.3125;7600;-17219;0.961592464;0.029571772;-0.23963332;1291572241
-117.492946;342.3125;7600;-17219;0.9605727;0.031611204;-0.24575162;1291594734
-117.465559;342.3125;7600;-17219;0.96261216;0.028552056;-0.24677134;1291622121
-117.432108;342.3125;7600;-17219;0.96363184;0.021414042;-0.24167276;1291655572
-117.405312;342.3125;7600;-17219;0.96261216;0.022433758;-0.24065304;1291682368
-117.382316;342.3125;7600;-17219;0.96261216;0.02753234;-0.24167276;1291705364
-117.355419;342.3125;7600;-17219;0.961592464;0.03263092;-0.242692468;1291732261
-117.329856;342.3125;7600;-17219;0.9605727;0.030591488;-0.24371218;1291757824
-117.305303;342.3125;7600;-17219;0.961592464;0.028552056;-0.24371218;1291782377
-117.265228;342.3125;7600;-17219;0.96363184;0.022433758;-0.242692468;1291822452
-117.242069;342.3125;7600;-17219;0.96261216;0.02447319;-0.237593884;1291845611
-117.215109;342.3125;7600;-17219;0.961592464;0.02753234;-0.237593884;1291872571
-117.192466;342.3125;7600;-17219;0.96363184;0.028552056;-0.24065304;1291895214
-117.168767;342.3125;7600;-17219;0.96261216;0.028552056;-0.242692468;1291918913
-117.144767;342.3125;7600;-17219;0.96363184;0.028552056;-0.24575162;1291942913
-117.123011;342.3125;7600;-17219;0.961592464;0.026512622;-0.24677134;1291964669
-117.072817;342.3125;7600;-17219;0.9646516;0.023453474;-0.2386136;1292014863
-117.047433;342.3125;7600;-17219;0.961592464;0.026512622;-0.242692468;1292040247
-116.973743;342.3125;7600;-17219;0.96261216;0.028552056;-0.24167276;1292113937
-116.945623;342.3125;7600;-17219;0.961592464;0.025492906;-0.24065304;1292142057
-116.915390;342.3125;7600;-17219;0.959553;0.026512622;-0.242692468;1292172290
-116.892652;342.3125;7600;-17219;0.9605727;0.029571772;-0.24065304;1292195028
-116.851566;342.3125;7600;-17219;0.96363184;0.026512622;-0.242692468;1292236114
-116.829629;342.3125;7600;-17219;0.9605727;0.02753234;-0.24167276;1292258051
-116.772268;342.3125;7600;-17219;0.96363184;0.02753234;-0.23963332;1292315412
-116.745533;342.3125;7600;-17219;0.9646516;0.026512622;-0.24167276;1292342147
-116.685238;342.3125;7600;-17219;0.9605727;0.025492906;-0.2447319;1292402442
-116.662485;342.3125;7600;-17219;0.961592464;0.023453474;-0.24167276;1292425195
-116.601663;342.3125;7600;-17219;0.961592464;0.030591488;-0.24371218;1292486017
-116.578969;342.3125;7600;-17219;0.9605727;0.030591488;-0.24371218;1292508711
-116.554976;342.3125;7600;-17219;0.96363184;0.029571772;-0.242692468;1292532704
-116.532080;342.3125;7600;-17219;0.961592464;0.02753234;-0.24371218;1292555600
-116.473684;342.3125;7600;-17219;0.96261216;0.02753234;-0.24167276;1292613996
-116.451340;342.3125;7600;-17219;0.9605727;0.026512622;-0.24371218;1292636340
-116.429370;342.3125;7600;-17219;0.961592464;0.031611204;-0.24371218;1292658310
-116.379792;342.3125;7600;-17219;0.961592464;0.023453474;-0.24167276;1292707888
-116.354665;342.3125;7600;-17219;0.96363184;0.025492906;-0.237593884;1292733015
-116.329363;342.3125;7600;-17219;0.96363184;0.025492906;-0.237593884;1292758317
-116.273506;342.3125;7600;-17219;0.9605727;0.030591488;-0.24677134;1292814174
-116.251606;342.3125;7600;-17219;0.9605727;0.029571772;-0.24677134;1292836074
-116.215670;342.3125;7600;-17219;0.96363184;0.026512622;-0.23963332;1292872010
-116.193048;342.3125;7600;-17219;0.961592464;0.02753234;-0.23657418;1292894632
-116.165694;342.3125;7600;-17219;0.961592464;0.025492906;-0.23963332;1292921986
-116.143096;342.3125;7600;-17219;0.96363184;0.02753234;-0.24575162;1292944584
-116.085187;342.3125;7600;-17219;0.961592464;0.029571772;-0.23963332;1293002493
-116.062440;342.3125;7600;-17219;0.96261216;0.02447319;-0.23657418;1293025240
-116.039211;342.3125;7600;-17219;0.96261216;0.025492906;-0.23963332;1293048469
-116.015092;342.3125;7600;-17219;0.96261216;0.025492906;-0.242692468;1293072588
-115.945052;342.3125;7600;-17219;0.961592464;0.030591488;-0.242692468;1293142628
-115.915089;342.3125;7600;-17219;0.9605727;0.026512622;-0.23657418;1293172591
-115.885183;342.3125;7600;-17219;0.96363184;0.025492906;-0.23963332;1293202497
-115.862653;342.3125;7600;-17219;0.961592464;0.026512622;-0.2447319;1293225027
-115.839852;342.3125;7600;-17219;0.96363184;0.025492906;-0.24677134;1293247828
-115.815076;342.3125;7600;-17219;0.96261216;0.026512622;-0.24677134;1293272604
-115.755336;342.3125;7600;-17219;0.961592464;0.02447319;-0.23351502;1293332344
-115.729321;342.3125;7600;-17219;0.96261216;0.025492906;-0.23963332;1293358359
-115.704986;342.3125;7600;-17219;0.961592464;0.025492906;-0.2447319;1293382694
-115.683074;342.3125;7600;-17219;0.961592464;0.026512622;-0.2447319;1293404606
-115.655353;342.3125;7600;-17219;0.96261216;0.025492906;-0.247791052;1293432327
-115.634182;342.3125;7600;-17219;0.96261216;0.029571772;-0.2386136;1293453498
-115.605356;342.3125;7600;-17219;0.9646516;0.030591488;-0.23555446;1293482324
-115.583568;342.3125;7600;-17219;0.961592464;0.025492906;-0.24065304;1293504112
-115.502580;342.3125;7600;-17219;0.96261216;0.025492906;-0.24371218;1293585100
-115.480373;342.3125;7600;-17219;0.96363184;0.028552056;-0.2386136;1293607307
-115.455208;342.3125;7600;-17219;0.96261216;0.028552056;-0.2386136;1293632472
-115.432743;342.3125;7600;-17219;0.961592464;0.02753234;-0.23963332;1293654937
-115.402942;342.3125;7600;-17219;0.9605727;0.025492906;-0.242692468;1293684738
-115.380498;342.3125;7600;-17219;0.961592464;0.02447319;-0.24677134;1293707182
-115.355212;342.3125;7600;-17219;0.96261216;0.02447319;-0.24371218;1293732468
-115.334152;342.3125;7600;-17219;0.9646516;0.02753234;-0.23963332;1293753528
-115.302114;342.3125;7600;-17219;0.96363184;0.028552056;-0.23963332;1293785566
-115.279398;342.3125;7600;-17219;0.96363184;0.02447319;-0.23963332;1293808282
-115.255117;342.3125;7600;-17219;0.9646516;0.02753234;-0.2447319;1293832563
-115.230052;342.3125;7600;-17219;0.96261216;0.02447319;-0.2447319;1293857628
-115.204698;342.3125;7600;-17219;0.961592464;0.02447319;-0.24065304;1293882982
-115.183159;342.3125;7600;-17219;0.9656713;0.029571772;-0.237593884;1293904521
-115.145286;342.3125;7600;-17219;0.961592464;0.028552056;-0.237593884;1293942394
-115.105376;342.3125;7600;-17219;0.96363184;0.02753234;-0.24371218;1293982304
-115.062251;342.3125;7600;-17219;0.959553;0.02447319;-0.2447319;1294025429
-115.035040;342.3125;7600;-17219;0.96261216;0.02447319;-0.24575162;1294052640
-115.005291;342.3125;7600;-17219;0.96363184;0.028552056;-0.23963332;1294082389
-114.983699;342.3125;7600;-17219;0.9646516;0.030591488;-0.242692468;1294103981
-114.961930;342.3125;7600;-17219;0.961592464;0.028552056;-0.24575162;1294125750
-114.935259;342.3125;7600;-17219;0.959553;0.02753234;-0.2447319;1294152421
-114.905321;342.3125;7600;-17219;0.96363184;0.026512622;-0.23657418;1294182359
-114.883261;342.3125;7600;-17219;0.961592464;0.02447319;-0.23657418;1294204419
-114.860507;342.3125;7600;-17219;0.96261216;0.02447319;-0.2386136;1294227173
-114.829337;342.3125;7600;-17219;0.96261216;0.029571772;-0.24371218;1294258343
-114.805222;342.3125;7600;-17219;0.96261216;0.031611204;-0.247791052;1294282458
-114.783711;342.3125;7600;-17219;0.96261216;0.02753234;-0.24167276;1294303969
-114.761844;342.3125;7600;-17219;0.96363184;0.023453474;-0.237593884;1294325836
-114.735206;342.3125;7600;-17219;0.96363184;0.021414042;-0.23657418;1294352474
-114.713163;342.3125;7600;-17219;0.9605727;0.02447319;-0.24167276;1294374517
-114.685047;342.3125;7600;-17219;0.961592464;0.029571772;-0.24677134;1294402633
-114.662793;342.3125;7600;-17219;0.9605727;0.03263092;-0.24677134;1294424887
-114.624831;342.3125;7600;-17219;0.96363184;0.030591488;-0.24065304;1294462849
-114.571423;342.3125;7600;-17219;0.96261216;0.021414042;-0.23657418;1294516257
-114.515155;342.3125;7600;-17219;0.9605727;0.031611204;-0.25288964;1294572525
-114.485189;342.3125;7600;-17219;0.96261216;0.033650636;-0.24575162;1294602491
-114.455089;342.3125;7600;-17219;0.96363184;0.02753234;-0.232495316;1294632591
-114.429511;342.3125;7600;-17219;0.961592464;0.02447319;-0.232495316;1294658169
-114.405121;342.3125;7600;-17225;0.96261216;0.023453474;-0.2386136;1294682559
-114.369450;342.3125;7600;-17225;0.959553;0.025492906;-0.25288964;1294718230
-114.344911;342.3125;7600;-17225;0.9605727;0.030591488;-0.24983048;1294742769
-114.315127;342.3125;7600;-17225;0.96261216;0.02753234;-0.23453474;1294772553
-114.285138;342.3125;7600;-17225;0.9646516;0.023453474;-0.2314756;1294802542
-114.255283;342.3125;7600;-17225;0.96261216;0.021414042;-0.2386136;1294832397
-114.231085;342.3125;7600;-17225;0.9605727;0.022433758;-0.25186992;1294856595
-114.205008;342.3125;7600;-17225;0.9605727;0.028552056;-0.25288964;1294882672
-114.182886;342.3125;7600;-17225;0.961592464;0.031611204;-0.24575162;1294904794
-114.105200;342.3125;7600;-17225;0.96261216;0.022433758;-0.23657418;1294982480
-114.082695;342.3125;7593;-17225;0.96261216;0.021414042;-0.248810768;1295004985
-114.055057;342.3125;7593;-17225;0.961592464;0.02753234;-0.25186992;1295032623
-114.029469;342.3125;7593;-17225;0.959553;0.031611204;-0.24575162;1295058211
-114.005233;342.3125;7593;-17225;0.96363184;0.031611204;-0.23963332;1295082447
-113.978641;342.3125;7593;-17225;0.96261216;0.028552056;-0.22943616;1295109039
-113.954937;342.3125;7593;-17225;0.96363184;0.023453474;-0.23045588;1295132743
-113.932999;342.3125;7593;-17225;0.96363184;0.018354892;-0.2447319;1295154681
-113.904004;342.3125;7593;-17225;0.9605727;0.023453474;-0.25288964;1295183676
-113.879479;342.3125;7593;-17225;0.96363184;0.028552056;-0.248810768;1295208201
-113.845505;342.3125;7593;-17225;0.961592464;0.036709784;-0.23963332;1295242175
-113.812118;342.3125;7593;-17225;0.96363184;0.02753234;-0.2314756;1295275562
-113.785366;342.3125;7593;-17225;0.96363184;0.022433758;-0.24167276;1295302314
-113.763180;342.3125;7593;-17225;0.96261216;0.017335176;-0.247791052;1295324500
-113.735397;342.3125;7593;-17225;0.9605727;0.025492906;-0.24983048;1295352283
-113.705210;342.3125;7593;-17225;0.96363184;0.031611204;-0.23963332;1295382470
-113.655149;342.3125;7593;-17225;0.96261216;0.031611204;-0.23657418;1295432531
-113.627450;342.3125;7593;-17225;0.96261216;0.020394326;-0.2447319;1295460230
-113.605018;342.3125;7593;-17225;0.959553;0.0193746092;-0.2508502;1295482662
-113.582936;342.3125;7593;-17225;0.9605727;0.023453474;-0.24575162;1295504744
-113.555241;342.3125;7593;-17225;0.96363184;0.025492906;-0.2386136;1295532439
-113.531866;342.3125;7593;-17225;0.96363184;0.03569007;-0.23045588;1295555814
-113.495444;342.3125;7593;-17225;0.96363184;0.030591488;-0.23657418;1295592236
-113.462011;342.3125;7593;-17225;0.959553;0.0193746092;-0.2508502;1295625669
-113.435091;342.3125;7593;-17225;0.96261216;0.017335176;-0.247791052;1295652589
-113.413020;342.3125;7593;-17225;0.96261216;0.026512622;-0.2386136;1295674660
-113.385114;342.3125;7593;-17225;0.961592464;0.030591488;-0.237593884;1295702566
-113.362464;342.3125;7593;-17225;0.96363184;0.034670352;-0.23657418;1295725216
-113.334632;342.3125;7593;-17225;0.96363184;0.026512622;-0.24575162;1295753048
-113.305446;342.3125;7593;-17225;0.96261216;0.020394326;-0.24677134;1295782234
-113.283976;342.3125;7593;-17225;0.96261216;0.02447319;-0.247791052;1295803704
-113.262080;342.3125;7593;-17225;0.96261216;0.025492906;-0.23963332;1295825600
-113.235205;342.3125;7593;-17225;0.96261216;0.026512622;-0.23963332;1295852475
-113.195200;342.3125;7593;-17225;0.96261216;0.033650636;-0.2386136;1295892480
-113.173339;342.3125;7593;-17225;0.961592464;0.026512622;-0.2447319;1295914341
-113.149853;342.3125;7593;-17225;0.961592464;0.022433758;-0.24983048;1295937827
-113.128012;342.3125;7593;-17225;0.959553;0.023453474;-0.24983048;1295959668
-113.105083;342.3125;7593;-17225;0.96363184;0.025492906;-0.23963332;1295982597
-113.083101;342.3125;7593;-17225;0.96363184;0.026512622;-0.2314756;1296004579
-113.055623;342.3125;7593;-17225;0.961592464;0.031611204;-0.23453474;1296032057
-113.034136;342.3125;7593;-17225;0.96261216;0.029571772;-0.2447319;1296053544
-113.013190;342.3125;7593;-17225;0.96261216;0.02447319;-0.24983048;1296074490
-112.991986;342.3125;7593;-17225;0.9605727;0.02447319;-0.24677134;1296095694
-112.965210;342.3125;7593;-17225;0.96261216;0.025492906;-0.24065304;1296122470
-112.944148;342.3125;7593;-17225;0.96261216;0.025492906;-0.23453474;1296143532
-112.920117;342.3125;7593;-17225;0.96261216;0.02753234;-0.23045588;1296167563
-112.895241;342.3125;7593;-17225;0.96261216;0.031611204;-0.242692468;1296192439
-112.873738;342.3125;7593;-17225;0.961592464;0.029571772;-0.2508502;1296213942
-112.845516;342.3125;7593;-17225;0.961592464;0.020394326;-0.24983048;1296242164
-112.772888;342.3125;7593;-17225;0.9605727;0.031611204;-0.2386136;1296314792
-112.745590;342.3125;7593;-17225;0.961592464;0.03569007;-0.247791052;1296342090
-112.674053;342.3125;7593;-17225;0.96261216;0.022433758;-0.2386136;1296413627
-112.645589;342.3125;7593;-17225;0.96363184;0.020394326;-0.237593884;1296442091
-112.615625;342.3125;7593;-17225;0.96363184;0.025492906;-0.24065304;1296472055
-112.572105;342.3125;7593;-17225;0.96261216;0.028552056;-0.24575162;1296515575
-112.545358;342.3125;7593;-17219;0.959553;0.020394326;-0.242692468;1296542322
-112.515444;342.3125;7593;-17219;0.961592464;0.020394326;-0.24167276;1296572236
-112.485015;342.3125;7593;-17219;0.96363184;0.02447319;-0.24065304;1296602665
-112.462684;342.3125;7593;-17219;0.9656713;0.02753234;-0.237593884;1296624996
-112.435349;342.3125;7593;-17219;0.9646516;0.028552056;-0.23453474;1296652331
-112.405445;342.3125;7593;-17219;0.961592464;0.029571772;-0.23657418;1296682235
-112.378892;342.3125;7593;-17219;0.96261216;0.02447319;-0.24677134;1296708788
-112.333977;342.3125;7593;-17219;0.96363184;0.031611204;-0.242692468;1296753703
-112.301829;342.3125;7593;-17225;0.96363184;0.028552056;-0.2386136;1296785851
-112.280113;342.3125;7593;-17225;0.96363184;0.030591488;-0.237593884;1296807567
-112.255403;342.3125;7593;-17225;0.959553;0.028552056;-0.24371218;1296832277
-112.227874;342.3125;7593;-17225;0.959553;0.026512622;-0.2508502;1296859806
-112.174024;342.3125;7593;-17225;0.959553;0.033650636;-0.2386136;1296913656
-112.145600;342.3125;7593;-17225;0.9605727;0.031611204;-0.24065304;1296942080
-112.101909;342.3125;7593;-17225;0.9585333;0.028552056;-0.24677134;1296985771
-112.080173;342.3125;7593;-17225;0.96261216;0.025492906;-0.24677134;1297007507
-112.055387;342.3125;7593;-17219;0.961592464;0.022433758;-0.24371218;1297032293
-112.034178;342.3125;7593;-17219;0.9646516;0.030591488;-0.23657418;1297053502
-112.005554;342.375;7593;-17219;0.96261216;0.030591488;-0.23351502;1297082126
-111.983688;342.375;7593;-17219;0.96261216;0.029571772;-0.2386136;1297103992
-111.961544;342.375;7593;-17219;0.961592464;0.030591488;-0.24167276;1297126136
-111.917932;342.375;7593;-17219;0.9605727;0.022433758;-0.242692468;1297169748
-111.872676;342.375;7593;-17219;0.9646516;0.028552056;-0.23351502;1297215004
-111.845597;342.375;7593;-17219;0.961592464;0.029571772;-0.23453474;1297242083
-111.815659;342.375;7593;-17219;0.96261216;0.031611204;-0.24167276;1297272021
-111.785208;342.375;7593;-17219;0.961592464;0.029571772;-0.24677134;1297302472
-111.759120;342.375;7593;;-142;0;4262;1297328560
-111.728971;342.375;7593;-17219;0.96261216;0.018354892;-0.23453474;1297358709
-111.702680;342.375;7593;-17219;0.96261216;0.023453474;-0.23351502;1297385000
-111.678903;342.375;7593;-17219;0.961592464;0.031611204;-0.2386136;1297408777
-111.654587;342.375;7593;-17219;0.961592464;0.031611204;-0.26002764;1297433093
-111.629502;342.375;7593;-17219;0.959553;0.029571772;-0.2569685;1297458178
-111.605412;342.375;7593;-17219;0.96363184;0.025492906;-0.24677134;1297482268
-111.583438;342.375;7593;-17219;0.96363184;0.020394326;-0.22739672;1297504242
-111.561885;342.375;7593;-17219;0.961592464;0.021414042;-0.22841644;1297525795
-111.531018;342.375;7593;-17219;0.9605727;0.026512622;-0.24677134;1297556662
-111.505520;342.375;7593;-17219;0.9605727;0.031611204;-0.2579882;1297582160
-111.482884;342.375;7593;-17219;0.959553;0.031611204;-0.25492908;1297604796
-111.445069;342.4375;7600;-17213;0.9646516;0.030591488;-0.23045588;1297642611
-111.415261;342.4375;7600;-17213;0.96363184;0.023453474;-0.2253573;1297672419
-111.387182;342.4375;7600;-17213;0.961592464;0.023453474;-0.23963332;1297700498
-111.364523;342.4375;7600;-17207;0.9605727;0.030591488;-0.24677134;1297723157
-111.342294;342.4375;7600;-17207;0.96363184;0.03263092;-0.248810768;1297745386
-111.315919;342.4375;7600;-17207;0.9646516;0.030591488;-0.2386136;1297771761
-111.285246;342.4375;7600;-17207;0.9646516;0.026512622;-0.232495316;1297802434
-111.264035;342.4375;7600;-17207;0.96363184;0.022433758;-0.23045588;1297823645
-111.235501;342.4375;7600;-17207;0.96261216;0.021414042;-0.23657418;1297852179
-111.205637;342.4375;7600;-17213;0.96261216;0.02447319;-0.247791052;1297882043
-111.182051;342.4375;7600;-17213;0.96363184;0.029571772;-0.248810768;1297905629
-111.155599;342.4375;7600;-17213;0.961592464;0.029571772;-0.23963332;1297932081
-111.134121;342.4375;7600;-17213;0.96261216;0.029571772;-0.23453474;1297953559
-111.109522;342.4375;7600;-17213;0.96261216;0.025492906;-0.2314756;1297978158
-111.027990;342.4375;7593;-17213;0.9605727;0.025492906;-0.2508502;1298059690
-111.004786;342.4375;7600;-17213;0.96261216;0.03263092;-0.23963332;1298082894
-110.982662;342.4375;7600;-17213;0.9646516;0.028552056;-0.2314756;1298105018
-110.955592;342.4375;7600;-17213;0.96261216;0.031611204;-0.23555446;1298132088
-110.932255;342.4375;7593;-17213;0.961592464;0.023453474;-0.24575162;1298155425
-110.905558;342.4375;7593;-17213;0.9646516;0.022433758;-0.2447319;1298182122
-110.875105;342.4375;7593;-17213;0.96261216;0.028552056;-0.247791052;1298212575
-110.850191;342.4375;7593;-17213;0.96261216;0.03263092;-0.24371218;1298237489
-110.825231;342.4375;7593;-17213;0.9646516;0.031611204;-0.232495316;1298262449
-110.773667;342.4375;7593;-17213;0.96363184;0.022433758;-0.23555446;1298314013
-110.745517;342.4375;7593;-17213;0.9605727;0.022433758;-0.2508502;1298342163
-110.715234;342.4375;7593;-17213;0.961592464;0.026512622;-0.24575162;1298372446
-110.693703;342.4375;7593;-17213;0.961592464;0.029571772;-0.242692468;1298393977
-110.670378;342.4375;7593;-17213;0.96261216;0.02753234;-0.22943616;1298417302
-110.645405;342.4375;7593;-17213;0.96363184;0.031611204;-0.23045588;1298442275
-110.615471;342.4375;7593;-17213;0.96363184;0.02447319;-0.237593884;1298472209
-110.542053;342.4375;7593;-17219;0.959553;0.028552056;-0.24677134;1298545627
-110.505395;342.4375;7593;-17219;0.96363184;0.036709784;-0.22841644;1298582285
-110.483135;342.4375;7593;-17219;0.96363184;0.025492906;-0.22943616;1298604545
-110.455821;342.4375;7587;-17219;0.96261216;0.022433758;-0.24065304;1298631859
-110.373726;342.4375;7593;-17219;0.9646516;0.033650636;-0.22943616;1298713954
-110.335621;342.4375;7593;-17219;0.9656713;0.033650636;-0.226377008;1298752059
-110.311770;342.4375;7593;-17219;0.96363184;0.02447319;-0.23657418;1298775910
-110.285420;342.5;7593;-17219;0.959553;0.0193746092;-0.25288964;1298802260
-110.263992;342.5;7593;-17219;0.961592464;0.023453474;-0.25288964;1298823688
-110.241685;342.5;7593;-17219;0.961592464;0.023453474;-0.24677134;1298845995
-110.215250;342.5;7593;-17219;0.96363184;0.030591488;-0.23555446;1298872430
-110.192682;342.5;7593;-17219;0.96363184;0.030591488;-0.22739672;1298894998
-110.165543;342.5;7593;-17219;0.96363184;0.023453474;-0.2314756;1298922137
-110.142876;342.5;7593;-17219;0.9605727;0.020394326;-0.247791052;1298944804
-110.095229;342.5;7593;-17219;0.96261216;0.026512622;-0.248810768;1298992451
-110.065936;342.5;7593;-17219;0.96261216;0.02753234;-0.24065304;1299021744
-110.043954;342.5;7593;-17219;0.96363184;0.029571772;-0.237593884;1299043726
-110.015510;342.5;7593;-17219;0.96363184;0.031611204;-0.23657418;1299072170
-109.970413;342.5;7593;-17219;0.96261216;0.025492906;-0.248810768;1299117267
-109.945470;342.5;7593;-17219;0.9605727;0.02753234;-0.242692468;1299142210
-109.915510;342.5;7593;-17219;0.96363184;0.02447319;-0.23963332;1299172170
-109.892619;342.5;7593;-17219;0.9646516;0.029571772;-0.23453474;1299195061
-109.865590;342.5;7593;-17219;0.96261216;0.03263092;-0.2386136;1299222090
-109.835496;342.5;7593;-17219;0.961592464;0.028552056;-0.24167276;1299252184
-109.813733;342.5;7593;-17219;0.96261216;0.02447319;-0.242692468;1299273947
-109.786090;342.5;7593;-17219;0.9605727;0.02447319;-0.247791052;1299301590
-109.763275;342.5;7593;-17219;0.961592464;0.026512622;-0.24167276;1299324405
-109.735655;342.5;7593;-17219;0.96261216;0.028552056;-0.2386136;1299352025
-109.712349;342.5;7593;-17219;0.961592464;0.030591488;-0.24065304;1299375331
-109.685583;342.5;7593;-17219;0.96261216;0.026512622;-0.24167276;1299402097
-109.634873;342.5;7593;-17219;0.961592464;0.026512622;-0.24167276;1299452807
-109.612516;342.5;7593;-17219;0.961592464;0.023453474;-0.24371218;1299475164
-109.560000;342.5;7593;-17219;0.961592464;0.029571772;-0.24065304;1299527680
-109.501461;342.5;7593;-17219;0.959553;0.028552056;-0.2508502;1299586219
-109.480134;342.5;7593;-17219;0.96363184;0.029571772;-0.24167276;1299607546
-109.455527;342.5;7593;-17219;0.961592464;0.02753234;-0.2386136;1299632153
-109.432420;342.5;7593;-17219;0.96261216;0.025492906;-0.2386136;1299655260
-109.374112;342.5;7593;-17219;0.961592464;0.029571772;-0.24371218;1299713568
-109.351813;342.5;7593;-17219;0.959553;0.03263092;-0.24983048;1299735867
-109.328690;342.5;7593;-17219;0.96363184;0.02447319;-0.242692468;1299758990
-109.295881;342.5;7593;-17219;0.9656713;0.0193746092;-0.2314756;1299791799
-109.274047;342.5;7593;-17219;0.96363184;0.020394326;-0.23555446;1299813633
-109.252172;342.5;7593;-17219;0.96261216;0.025492906;-0.242692468;1299835508
-109.227998;342.5;7593;-17219;0.9605727;0.028552056;-0.24677134;1299859682
-109.185432;342.5;7593;-17219;0.96261216;0.031611204;-0.24983048;1299902248
-109.163775;342.5;7593;-17219;0.96363184;0.023453474;-0.23351502;1299923905
-109.141842;342.5;7593;-17219;0.96363184;0.018354892;-0.23045588;1299945838
-109.115817;342.5;7593;-17219;0.9646516;0.020394326;-0.23351502;1299971863
-109.092152;342.5;7593;-17219;0.961592464;0.026512622;-0.24167276;1299995528
-109.065569;342.5;7593;-17219;0.961592464;0.030591488;-0.24983048;1300022111
-109.044007;342.5;7593;-17219;0.9605727;0.03263092;-0.25288964;1300043673
-109.015309;342.5;7593;-17219;0.96363184;0.031611204;-0.24167276;1300072371
-108.993794;342.5;7593;-17219;0.9646516;0.025492906;-0.23045588;1300093886
-108.963879;342.5;7593;-17219;0.961592464;0.023453474;-0.23045588;1300123801
-108.932031;342.5;7593;-17219;0.959553;0.028552056;-0.2508502;1300155649
-108.905092;342.5;7593;-17219;0.959553;0.033650636;-0.26002764;1300182588
-108.881903;342.5;7593;-17219;0.961592464;0.03263092;-0.242692468;1300205777
-108.855594;342.5;7593;-17213;0.96363184;0.028552056;-0.23351502;1300232086
-108.833324;342.5;7593;-17213;0.96363184;0.023453474;-0.221278432;1300254356
-108.784744;342.5;7593;-17213;0.959553;0.02447319;-0.24677134;1300302936
-108.755551;342.5;7593;-17213;0.9605727;0.025492906;-0.2579882;1300332129
-108.731377;342.5;7593;-17219;0.961592464;0.029571772;-0.24167276;1300356303
-108.705614;342.5;7593;-17213;0.96363184;0.029571772;-0.22739672;1300382066
-108.683874;342.5;7593;-17213;0.9646516;0.025492906;-0.221278432;1300403806
-108.659772;342.5;7600;-17219;0.96261216;0.023453474;-0.22739672;1300427908
-108.635369;342.5;7593;-17219;0.959553;0.023453474;-0.2508502;1300452311
-108.605613;342.5;7593;-17219;0.959553;0.02753234;-0.26104736;1300482067
-108.583930;342.5;7593;-17225;0.9605727;0.030591488;-0.24575162;1300503750
-108.561452;342.5;7593;-17225;0.9646516;0.03263092;-0.22739672;1300526228
-108.535662;342.5;7593;-17225;0.9646516;0.031611204;-0.22229814;1300552018
-108.513891;342.5;7593;-17225;0.96363184;0.028552056;-0.23453474;1300573789
-108.491462;342.5;7593;-17225;0.959553;0.020394326;-0.24983048;1300596218
-108.465753;342.4375;7593;-17225;0.959553;0.021414042;-0.25900792;1300621927
-108.443988;342.4375;7587;-17232;0.959553;0.030591488;-0.2569685;1300643692
-108.415622;342.4375;7587;-17238;0.9605727;0.033650636;-0.24065304;1300672058
-108.385520;342.4375;7593;-17232;0.96261216;0.030591488;-0.23045588;1300702160
-108.312723;342.375;7587;-17244;0.959553;0.0193746092;-0.2579882;1300774957
-108.288676;342.375;7587;-17244;0.961592464;0.02447319;-0.25186992;1300799004
-108.265398;342.375;7593;-17244;0.96363184;0.034670352;-0.23963332;1300822282
-108.243061;342.375;7593;-17244;0.9656713;0.034670352;-0.22433758;1300844619
-108.213766;342.4375;7593;-17244;0.96363184;0.022433758;-0.226377008;1300873914
-108.185538;342.375;7593;-17244;0.961592464;0.01631546;-0.242692468;1300902142
-108.161607;342.375;7593;-17250;0.959553;0.018354892;-0.25390936;1300926073
-108.135408;342.375;7593;-17250;0.961592464;0.025492906;-0.25390936;1300952272
-108.105883;342.375;7593;-17244;0.96363184;0.034670352;-0.232495316;1300981797
-108.083702;342.375;7593;-17244;0.96771068;0.0377295;-0.22433758;1301003978
-108.061422;342.375;7593;-17244;0.96363184;0.03263092;-0.22433758;1301026258
-108.035650;342.375;7593;-17244;0.96261216;0.023453474;-0.242692468;1301052030
-108.012517;342.375;7587;-17250;0.959553;0.020394326;-0.25900792;1301075163
-107.985524;342.375;7587;-17250;0.9575136;0.021414042;-0.25390936;1301102156
-107.964015;342.375;7587;-17250;0.96261216;0.029571772;-0.23657418;1301123665
-107.915679;342.375;7587;-17250;0.96363184;0.0387492184;-0.22943616;1301172001
-107.865666;342.375;7587;-17257;0.959553;0.0193746092;-0.24983048;1301222014
-107.844206;342.3125;7581;-17263;0.95649384;0.017335176;-0.25390936;1301243474
-107.822942;342.3125;7581;-17263;0.961592464;0.023453474;-0.247791052;1301264738
-107.785220;342.3125;7581;-17263;0.9646516;0.030591488;-0.23453474;1301302460
-107.761959;342.3125;7581;-17263;0.96363184;0.03263092;-0.22943616;1301325721
-107.732118;342.3125;7581;-17263;0.96261216;0.02753234;-0.242692468;1301355562
-107.705506;342.3125;7581;-17269;0.9585333;0.0193746092;-0.25594878;1301382174
-107.675504;342.3125;7581;-17269;0.959553;0.017335176;-0.25288964;1301412176
-107.651897;342.25;7581;-17269;0.96261216;0.023453474;-0.23657418;1301435783
-107.627422;342.3125;7581;-17269;0.9656713;0.028552056;-0.22841644;1301460258
-107.605269;342.3125;7581;-17269;0.9646516;0.03263092;-0.22841644;1301482411
-107.583639;342.3125;7581;-17263;0.96363184;0.031611204;-0.2447319;1301504041
-107.560010;342.3125;7581;-17263;0.961592464;0.026512622;-0.2508502;1301527670
-107.504837;342.3125;7587;-17269;0.961592464;0.021414042;-0.23453474;1301582843
-107.482925;342.3125;7587;-17269;0.96363184;0.025492906;-0.226377008;1301604755
-107.435003;342.3125;7587;-17269;0.96261216;0.031611204;-0.24167276;1301652677
-107.373275;342.3125;7587;-17269;0.96261216;0.021414042;-0.24065304;1301714405
-107.335731;342.3125;7587;-17269;0.96363184;0.022433758;-0.23453474;1301751949
-107.302021;342.25;7587;-17275;0.961592464;0.02753234;-0.24065304;1301785659
-107.278634;342.25;7587;-17275;0.96261216;0.031611204;-0.2447319;1301809046
-107.255242;342.25;7587;-17275;0.9605727;0.031611204;-0.247791052;1301832438
-107.232374;342.25;7587;-17275;0.961592464;0.02753234;-0.2447319;1301855306
-107.202016;342.25;7587;-17275;0.96261216;0.022433758;-0.24371218;1301885664
-107.175848;342.25;7587;-17275;0.96261216;0.021414042;-0.23657418;1301911832
-107.145830;342.25;7587;-17275;0.96363184;0.026512622;-0.23963332;1301941850
-107.119054;342.25;7587;-17275;0.96363184;0.031611204;-0.24167276;1301968626
-107.085430;342.25;7587;-17275;0.961592464;0.029571772;-0.247791052;1302002250
-107.062691;342.25;7587;-17275;0.9646516;0.025492906;-0.24167276;1302024989
-107.035228;342.3125;7587;-17275;0.96363184;0.020394326;-0.23453474;1302052452
-107.012157;342.3125;7587;-17269;0.961592464;0.02447319;-0.232495316;1302075523
-106.959031;342.3125;7587;-17269;0.96261216;0.028552056;-0.237593884;1302128649
-106.928547;342.25;7587;-17275;0.96363184;0.026512622;-0.23963332;1302159133
-106.873222;342.25;7587;-17275;0.9656713;0.023453474;-0.24065304;1302214458
-106.852160;342.25;7587;-17275;0.961592464;0.026512622;-0.24065304;1302235520
-106.815872;342.1875;7587;-17275;0.96261216;0.025492906;-0.24167276;1302271808
-106.792861;342.1875;7587;-17282;0.96261216;0.031611204;-0.242692468;1302294819
-106.765856;342.1875;7587;-17282;0.959553;0.02753234;-0.24575162;1302321824
-106.744010;342.1875;7587;-17282;0.96363184;0.025492906;-0.248810768;1302343670
-106.715677;342.1875;7587;-17282;0.959553;0.023453474;-0.248810768;1302372003
-106.685039;342.125;7587;-17282;0.961592464;0.022433758;-0.2447319;1302402641
-106.645488;342.125;7587;-17282;0.96363184;0.031611204;-0.23657418;1302442192
-106.615538;342.125;7587;-17282;0.9605727;0.029571772;-0.24575162;1302472142
-106.585476;342.125;7587;-17282;0.9605727;0.029571772;-0.2508502;1302502204
-106.563311;342.1875;7587;-17282;0.961592464;0.021414042;-0.24677134;1302524369
-106.535700;342.1875;7587;-17282;0.96363184;0.02447319;-0.23963332;1302551980
-106.465660;342.1875;7587;-17282;0.96363184;0.02753234;-0.2386136;1302622020
-106.444022;342.1875;7587;-17282;0.96363184;0.02447319;-0.2447319;1302643658
-106.415824;342.1875;7587;-17282;0.96363184;0.02447319;-0.24167276;1302671856
-106.385415;342.1875;7587;-17282;0.96261216;0.023453474;-0.23555446;1302702265
-106.362541;342.1875;7587;-17282;0.96261216;0.026512622;-0.232495316;1302725139
-106.335522;342.1875;7587;-17282;0.96363184;0.030591488;-0.23045588;1302752158
-106.305825;342.1875;7587;-17282;0.961592464;0.031611204;-0.242692468;1302781855
-106.282722;342.1875;7587;-17282;0.9585333;0.028552056;-0.25288964;1302804958
-106.255723;342.1875;7587;-17282;0.961592464;0.022433758;-0.24677134;1302831957
-106.234082;342.1875;7587;-17282;0.96261216;0.021414042;-0.232495316;1302853598
-106.172913;342.1875;7587;-17282;0.9605727;0.029571772;-0.242692468;1302914767
-106.052527;342.125;7581;-17288;0.96363184;0.028552056;-0.23555446;1303035153
-105.995701;342.125;7581;-17288;0.9605727;0.028552056;-0.248810768;1303091979
-105.972223;342.125;7581;-17288;0.96261216;0.033650636;-0.24983048;1303115457
-105.949310;342.125;7581;-17282;0.9605727;0.02753234;-0.242692468;1303138370
-105.902893;342.125;7587;-17288;0.96363184;0.02447319;-0.22943616;1303184787
-105.880965;342.125;7587;-17288;0.96363184;0.026512622;-0.2314756;1303206715
-105.855791;342.125;7587;-17288;0.9585333;0.028552056;-0.247791052;1303231889
-105.832377;342.125;7587;-17288;0.96363184;0.03263092;-0.25288964;1303255303
-105.805678;342.125;7587;-17282;0.9646516;0.034670352;-0.2447319;1303282002
-105.783409;342.125;7587;-17282;0.96363184;0.020394326;-0.2314756;1303304271
-105.762040;342.125;7587;-17288;0.9646516;0.021414042;-0.22739672;1303325640
-105.735564;342.125;7587;-17288;0.96363184;0.0193746092;-0.22739672;1303352116
-105.706162;342.0625;7581;-17288;0.961592464;0.02447319;-0.24575162;1303381518
-105.685074;342.0625;7581;-17294;0.959553;0.031611204;-0.25492908;1303402606
-105.662809;342.0625;7581;-17294;0.9585333;0.0377295;-0.26104736;1303424871
-105.603305;342.0625;7581;-17294;0.96363184;0.01631546;-0.22433758;1303484375
-105.581525;342.0625;7581;-17294;0.96363184;0.015295744;-0.22841644;1303506155
-105.555873;342.0625;7581;-17294;0.96261216;0.020394326;-0.23657418;1303531807
-105.533962;342.0;7575;-17294;0.959553;0.030591488;-0.2630868;1303553718
-105.506329;342.0;7575;-17288;0.95649384;0.0377295;-0.2641065;1303581351
-105.461732;342.0;7581;-17288;0.9656713;0.02753234;-0.23045588;1303625948
-105.404284;342.0;7581;-17288;0.961592464;0.018354892;-0.24677134;1303683396
-105.382173;342.0;7581;-17288;0.95649384;0.025492906;-0.2579882;1303705507
-105.356048;342.0;7581;-17288;0.9585333;0.031611204;-0.25900792;1303731632
-105.329503;342.0;7581;-17288;0.9646516;0.0377295;-0.242692468;1303758177
-105.304118;342.0625;7581;-17288;0.9646516;0.029571772;-0.22331786;1303783562
-105.272083;342.0625;7581;-17294;0.966691;0.01631546;-0.22331786;1303815597
-105.215772;342.0625;7581;-17288;0.9585333;0.01631546;-0.2569685;1303871908
-105.175581;342.0;7581;-17288;0.959553;0.04078865;-0.24575162;1303912099
-105.153540;342.0;7581;-17288;0.966691;0.034670352;-0.226377008;1303934140
-105.132081;342.0;7581;-17288;0.966691;0.028552056;-0.21719956;1303955599
-105.105762;342.0;7581;-17288;0.9646516;0.020394326;-0.22943616;1303981918
-105.084186;342.0;7575;-17288;0.959553;0.0193746092;-0.2579882;1304003494
-105.061978;342.0;7575;-17288;0.9575136;0.021414042;-0.25900792;1304025702
-105.035792;342.0;7575;-17288;0.9605727;0.033650636;-0.25492908;1304051888
-105.013428;342.0;7575;-17288;0.96363184;0.04078865;-0.23045588;1304074252
-104.987184;342.0;7575;-17288;0.966691;0.033650636;-0.219239;1304100496
-104.929417;342.0;7575;-17288;0.9544544;0.018354892;-0.26104736;1304158263
-104.905759;342.0;7575;-17294;0.9605727;0.018354892;-0.26104736;1304181921
-104.883155;341.9375;7575;-17294;0.96261216;0.03263092;-0.24575162;1304204525
-104.855929;341.9375;7575;-17294;0.96771068;0.033650636;-0.22331786;1304231751
-104.833796;341.9375;7575;-17294;0.9646516;0.031611204;-0.22331786;1304253884
-104.805981;341.9375;7575;-17294;0.961592464;0.02447319;-0.24167276;1304281699
-104.763218;341.9375;7575;-17300;0.959553;0.020394326;-0.25390936;1304324462
-104.735074;341.9375;7575;-17300;0.96261216;0.023453474;-0.247791052;1304352606
-104.710913;341.9375;7575;-17300;0.96771068;0.033650636;-0.226377008;1304376767
-104.683921;342.0;7575;-17294;0.96363184;0.034670352;-0.22433758;1304403759
-104.655320;342.0;7575;-17294;0.96261216;0.028552056;-0.23963332;1304432360
-104.622104;342.0;7575;-17294;0.9605727;0.021414042;-0.25594878;1304465576
-104.595568;342.0;7575;-17294;0.961592464;0.017335176;-0.25390936;1304492112
-104.572433;342.0;7575;-17294;0.96261216;0.029571772;-0.23351502;1304515247
-104.546193;341.9375;7575;-17300;0.966691;0.031611204;-0.2314756;1304541487
-104.516086;341.9375;7575;-17300;0.9656713;0.034670352;-0.232495316;1304571594
-104.485758;341.9375;7575;-17300;0.9605727;0.031611204;-0.25390936;1304601922
-104.462175;341.9375;7575;-17300;0.9585333;0.018354892;-0.2508502;1304625505
-104.374613;341.9375;7575;-17300;0.96261216;0.02753234;-0.2386136;1304713067
-104.353207;341.9375;7575;-17307;0.961592464;0.02753234;-0.24677134;1304734473
-104.315609;341.9375;7568;-17307;0.9605727;0.023453474;-0.25288964;1304772071
-104.293149;341.9375;7568;-17307;0.961592464;0.013256311;-0.2447319;1304794531
-104.266117;341.875;7575;-17307;0.96363184;0.020394326;-0.232495316;1304821563
-104.243998;341.875;7575;-17307;0.96363184;0.030591488;-0.22841644;1304843682
-104.222067;341.875;7575;-17307;0.96363184;0.031611204;-0.23351502;1304865613
-104.195932;341.875;7568;-17307;0.96261216;0.03263092;-0.247791052;1304891748
-104.174131;341.875;7568;-17307;0.961592464;0.028552056;-0.25288964;1304913549
-104.149820;341.875;7568;-17307;0.9605727;0.025492906;-0.25288964;1304937860
-104.101764;341.875;7575;-17307;0.9656713;0.031611204;-0.23045588;1304985916
-104.079313;341.875;7575;-17307;0.9646516;0.031611204;-0.22739672;1305008367
-104.055773;341.875;7575;-17307;0.96363184;0.025492906;-0.2314756;1305031907
-104.033877;341.875;7568;-17307;0.96261216;0.028552056;-0.242692468;1305053803
-103.996100;341.875;7568;-17307;0.959553;0.029571772;-0.26104736;1305091580
-103.975136;341.875;7568;-17307;0.959553;0.029571772;-0.25390936;1305112544
-103.936014;341.875;7568;-17307;0.96363184;0.031611204;-0.23045588;1305151666
-103.866052;341.875;7568;-17313;0.961592464;0.02447319;-0.2508502;1305221628
-103.842944;341.875;7568;-17319;0.9575136;0.02753234;-0.26614594;1305244736
-103.815651;341.875;7568;-17319;0.9585333;0.031611204;-0.2641065;1305272029
-103.785902;341.875;7575;-17313;0.96363184;0.033650636;-0.2314756;1305301778
-103.763974;341.875;7575;-17313;0.9656713;0.021414042;-0.21210098;1305323706
-103.706045;341.875;7568;-17313;0.9585333;0.021414042;-0.25390936;1305381635
-103.683373;341.875;7568;-17307;0.9585333;0.031611204;-0.26512624;1305404307
-103.656178;341.875;7568;-17307;0.9605727;0.0377295;-0.24983048;1305431502
-103.629896;341.875;7575;-17307;0.9646516;0.042828084;-0.22943616;1305457784
-103.596190;341.9375;7575;-17300;0.9656713;0.028552056;-0.215160132;1305491490
-103.566626;341.9375;7575;-17307;0.9585333;0.018354892;-0.242692468;1305521054
-103.545084;341.9375;7568;-17307;0.9575136;0.020394326;-0.2641065;1305542596
-103.516254;341.875;7568;-17300;0.959553;0.028552056;-0.26002764;1305571426
-103.493014;341.875;7575;-17307;0.96363184;0.0377295;-0.237593884;1305594666
-103.466022;341.875;7575;-17300;0.96771068;0.03569007;-0.21617985;1305621658
-103.366844;341.8125;7568;-17313;0.9575136;0.023453474;-0.2692051;1305720836
-103.305708;341.8125;7575;-17313;0.966691;0.034670352;-0.21719956;1305781972
-103.258945;341.8125;7575;-17313;0.9605727;0.01631546;-0.24575162;1305828735
-103.230981;341.8125;7568;-17319;0.9605727;0.01631546;-0.26716566;1305856699
-103.174971;341.8125;7575;-17300;0.9656713;0.04078865;-0.21719956;1305912709
-103.147092;341.8125;7575;-17300;0.966691;0.0387492184;-0.21414042;1305940588
-103.124947;341.8125;7575;-17300;0.96363184;0.028552056;-0.2386136;1305962733
-103.103121;341.875;7568;-17307;0.959553;0.021414042;-0.2569685;1305984559
-103.081744;341.875;7568;-17307;0.9585333;0.01631546;-0.2641065;1306005936
-103.056240;341.875;7568;-17307;0.9585333;0.020394326;-0.26002764;1306031440
-103.034413;341.875;7575;-17300;0.96363184;0.031611204;-0.23045588;1306053267
-102.985554;341.875;7575;-17300;0.96771068;0.033650636;-0.215160132;1306102126
-102.955694;341.875;7568;-17300;0.959553;0.023453474;-0.24575162;1306131986
-102.933458;341.8125;7568;-17307;0.9605727;0.017335176;-0.26614594;1306154222
-102.912011;341.8125;7568;-17307;0.9575136;0.018354892;-0.26002764;1306175669
-102.885973;341.8125;7575;-17307;0.96261216;0.021414042;-0.23963332;1306201707
-102.863483;341.8125;7575;-17307;0.966691;0.031611204;-0.21821928;1306224197
-102.837688;341.8125;7575;-17307;0.9646516;0.036709784;-0.221278432;1306249992
-102.806210;341.8125;7568;-17307;0.961592464;0.028552056;-0.24983048;1306281470
-102.783309;341.8125;7568;-17307;0.95649384;0.020394326;-0.26818538;1306304371
-102.761504;341.8125;7568;-17307;0.9605727;0.020394326;-0.26206708;1306326176
-102.735993;341.75;7568;-17307;0.96363184;0.026512622;-0.24065304;1306351687
-102.706335;341.75;7575;-17307;0.96363184;0.031611204;-0.22025872;1306381345
-102.684770;341.75;7575;-17307;0.96363184;0.031611204;-0.23045588;1306402910
-102.662860;341.75;7568;-17307;0.96261216;0.031611204;-0.24371218;1306424820
-102.635980;341.8125;7568;-17307;0.9585333;0.023453474;-0.26512624;1306451700
-102.585577;341.8125;7575;-17307;0.9656713;0.025492906;-0.23963332;1306502103
-102.563650;341.8125;7575;-17307;0.9656713;0.028552056;-0.21821928;1306524030
-102.542143;341.8125;7575;-17307;0.9656713;0.028552056;-0.219239;1306545537
-102.485952;341.8125;7575;-17307;0.95649384;0.021414042;-0.2641065;1306601728
-102.462722;341.8125;7575;-17307;0.9585333;0.0193746092;-0.2569685;1306624958
-102.436160;341.8125;7575;-17307;0.96261216;0.02447319;-0.2386136;1306651520
-102.406295;341.8125;7575;-17307;0.96771068;0.030591488;-0.21821928;1306681385
-102.383815;341.8125;7575;-17307;0.9646516;0.030591488;-0.232495316;1306703865
-102.356280;341.8125;7575;-17307;0.961592464;0.029571772;-0.2447319;1306731400
-102.329593;341.8125;7568;-17307;0.959553;0.022433758;-0.25900792;1306758087
-102.305609;341.8125;7568;-17307;0.96261216;0.021414042;-0.248810768;1306782071
-102.279425;341.75;7575;-17307;0.96261216;0.02447319;-0.23351502;1306808255
-102.255782;341.75;7575;-17307;0.9646516;0.030591488;-0.22433758;1306831898
-102.229181;341.75;7568;-17307;0.96363184;0.033650636;-0.23555446;1306858499
-102.205811;341.75;7568;-17307;0.959553;0.034670352;-0.248810768;1306881869
-102.143708;341.75;7568;-17307;0.96261216;0.020394326;-0.24677134;1306943972
-102.094727;341.75;7575;-17307;0.9656713;0.028552056;-0.22229814;1306992953
-102.072204;341.75;7575;-17307;0.96363184;0.029571772;-0.2386136;1307015476
-102.046135;341.75;7568;-17307;0.961592464;0.031611204;-0.247791052;1307041545
-102.023967;341.75;7568;;-215;0;4263;1307063713
-102.001715;341.75;7568;-17307;0.9605727;0.020394326;-0.248810768;1307085965
-101.979190;341.75;7575;-17307;0.96363184;0.021414042;-0.237593884;1307108490
-101.953771;341.75;7575;-17300;0.96771068;0.023453474;-0.22433758;1307133909
-101.922071;341.75;7575;-17300;0.96363184;0.030591488;-0.232495316;1307165609
-101.895884;341.75;7568;-17307;0.961592464;0.029571772;-0.2508502;1307191796
-101.865931;341.75;7568;-17307;0.9585333;0.028552056;-0.2569685;1307221749
-101.836573;341.75;7575;-17300;0.961592464;0.026512622;-0.24065304;1307251107
-101.806186;341.75;7575;-17300;0.96363184;0.023453474;-0.22739672;1307281494
-101.784316;341.75;7575;-17300;0.96363184;0.02753234;-0.23351502;1307303364
-101.705973;341.75;7575;-17300;0.9575136;0.028552056;-0.25492908;1307381707
-101.683479;341.75;7575;-17300;0.96261216;0.02753234;-0.237593884;1307404201
-101.658495;341.75;7575;-17300;0.9656713;0.025492906;-0.2253573;1307429185
-101.630564;341.75;7575;-17300;0.96363184;0.021414042;-0.23045588;1307457116
-101.574282;341.75;7568;-17307;0.959553;0.02447319;-0.2569685;1307513398
-101.551597;341.75;7568;-17307;0.959553;0.029571772;-0.25492908;1307536083
-101.523411;341.75;7568;-17307;0.96363184;0.029571772;-0.23657418;1307564269
-101.486649;341.75;7568;-17307;0.9646516;0.02753234;-0.22841644;1307601031
-101.465093;341.75;7568;-17307;0.96261216;0.020394326;-0.24167276;1307622587
-101.436013;341.75;7568;-17307;0.961592464;0.021414042;-0.25186992;1307651667
-101.404514;341.75;7568;-17307;0.959553;0.030591488;-0.25186992;1307683166
-101.382777;341.75;7568;-17300;0.9646516;0.03263092;-0.24167276;1307704903
-101.356094;341.75;7568;;-365;0;4266;1307731586
-101.329571;341.75;7568;-17300;0.9646516;0.026512622;-0.22739672;1307758109
-101.305019;341.8125;7568;-17300;0.959553;0.025492906;-0.24065304;1307782661
-101.255929;341.75;7568;-17300;0.9575136;0.02447319;-0.2579882;1307831751
-101.228291;341.75;7568;-17307;0.96363184;0.031611204;-0.24677134;1307859389
-101.174965;341.75;7568;-17307;0.96363184;0.025492906;-0.2253573;1307912715
-101.149246;341.75;7568;-17307;0.9605727;0.020394326;-0.23963332;1307938434
-101.125828;341.75;7568;-17307;0.959553;0.023453474;-0.26002764;1307961852
-101.103455;341.75;7568;-17307;0.961592464;0.025492906;-0.25390936;1307984225
-101.081494;341.75;7568;-17307;0.961592464;0.025492906;-0.242692468;1308006186
-101.055906;341.75;7568;-17307;0.96771068;0.028552056;-0.226377008;1308031774
-101.033241;341.75;7568;-17307;0.96363184;0.026512622;-0.2314756;1308054439
-100.974352;341.75;7562;-17307;0.9605727;0.023453474;-0.2569685;1308113328
-100.946173;341.75;7562;-17307;0.9605727;0.025492906;-0.247791052;1308141507
-100.923040;341.75;7562;-17307;0.96261216;0.033650636;-0.237593884;1308164640
-100.896041;341.75;7562;-17307;0.9656713;0.030591488;-0.23453474;1308191639
-100.873443;341.75;7562;-17307;0.96261216;0.028552056;-0.242692468;1308214237
-100.816020;341.75;7562;-17307;0.9605727;0.025492906;-0.24677134;1308271660
-100.792036;341.75;7562;;-230;0;4263;1308295644
-100.766055;341.75;7568;-17307;0.96363184;0.031611204;-0.23351502;1308321625
-100.737221;341.75;7568;-17307;0.966691;0.030591488;-0.2314756;1308350459
-100.706067;341.75;7568;-17307;0.961592464;0.022433758;-0.242692468;1308381613
-100.683767;341.75;7568;-17307;0.96261216;0.023453474;-0.2447319;1308403913
-100.628883;341.75;7568;-17307;0.9656713;0.028552056;-0.23657418;1308458797
-100.596083;341.75;7568;-17307;0.96363184;0.029571772;-0.22433758;1308491597
-100.570439;341.75;7568;-17307;0.96363184;0.01631546;-0.23657418;1308517241
-100.545977;341.75;7568;-17307;0.961592464;0.01631546;-0.24575162;1308541703
-100.485994;341.75;7568;-17307;0.96363184;0.033650636;-0.24167276;1308601686
-100.462914;341.75;7568;-17307;0.9656713;0.03569007;-0.226377008;1308624766
-100.435899;341.75;7568;-17307;0.9646516;0.031611204;-0.22943616;1308651781
-100.406061;341.75;7562;-17313;0.9605727;0.020394326;-0.24677134;1308681619
-100.355838;341.75;7562;-17307;0.961592464;0.02447319;-0.2508502;1308731842
-100.323346;341.75;7562;-17313;0.96261216;0.04078865;-0.242692468;1308764334
-100.295931;341.75;7562;-17313;0.96363184;0.0387492184;-0.2314756;1308791749
-100.266113;341.6875;7562;-17319;0.96363184;0.02447319;-0.23555446;1308821567
-100.243504;341.6875;7562;-17319;0.96363184;0.014276028;-0.24575162;1308844176
-100.216890;341.6875;7562;-17319;0.9585333;0.015295744;-0.25288964;1308870790
-100.194960;341.6875;7562;-17319;0.961592464;0.030591488;-0.248810768;1308892720
-100.172963;341.6875;7562;-17319;0.96363184;0.033650636;-0.23555446;1308914717
-100.146265;341.6875;7562;-17319;0.9656713;0.031611204;-0.22739672;1308941415
-100.124518;341.6875;7562;-17319;0.96363184;0.026512622;-0.22433758;1308963162
-100.103116;341.6875;7562;-17325;0.96363184;0.020394326;-0.24065304;1308984564
-100.081130;341.6875;7562;-17325;0.9585333;0.014276028;-0.26206708;1309006550
-100.055997;341.6875;7562;-17325;0.959553;0.020394326;-0.2692051;1309031683
-100.034123;341.6875;7562;-17325;0.9646516;0.02753234;-0.23555446;1309053557
-100.006317;341.6875;7562;-17325;0.96363184;0.031611204;-0.21719956;1309081363
-99.965603;341.6875;7562;-17325;0.9646516;0.026512622;-0.22739672;1309122077
-99.937598;341.6875;7562;-17325;0.9575136;0.02447319;-0.2641065;1309150082
-99.915587;341.6875;7556;-17332;0.9585333;0.022433758;-0.26614594;1309172093
-99.894049;341.6875;7562;-17332;0.96363184;0.029571772;-0.23963332;1309193631
-99.866679;341.625;7562;-17332;0.9656713;0.029571772;-0.22433758;1309221001
-99.832109;341.625;7562;-17332;0.96363184;0.02447319;-0.232495316;1309255571
-99.805986;341.625;7562;-17332;0.96261216;0.02447319;-0.24065304;1309281694
-99.775907;341.6875;7562;-17332;0.9585333;0.020394326;-0.26104736;1309311773
-99.747571;341.6875;7562;-17332;0.961592464;0.026512622;-0.24371218;1309340109
-99.716076;341.6875;7562;-17325;0.961592464;0.033650636;-0.23555446;1309371604
-99.690505;341.6875;7562;-17325;0.96363184;0.02447319;-0.23045588;1309397175
-99.665973;341.6875;7562;-17325;0.9646516;0.022433758;-0.232495316;1309421707
-99.635929;341.6875;7556;-17332;0.959553;0.022433758;-0.25288964;1309451751
-99.606107;341.6875;7556;-17325;0.9605727;0.025492906;-0.25186992;1309481573
-99.584120;341.625;7556;-17325;0.96363184;0.034670352;-0.23963332;1309503560
-99.485027;341.625;7556;-17332;0.9585333;0.023453474;-0.2579882;1309602653
-99.455954;341.625;7556;-17332;0.9585333;0.020394326;-0.2579882;1309631726
-99.416248;341.625;7556;-17332;0.9646516;0.04078865;-0.237593884;1309671432
-99.394737;341.625;7556;-17332;0.96363184;0.03263092;-0.22229814;1309692943
-99.369293;341.625;7556;-17332;0.9646516;0.020394326;-0.226377008;1309718387
-99.345799;341.625;7556;-17332;0.96261216;0.020394326;-0.242692468;1309741881
-99.316132;341.625;7556;-17332;0.9585333;0.022433758;-0.26512624;1309771548
-99.294672;341.625;7556;-17338;0.959553;0.028552056;-0.25900792;1309793008
-99.266290;341.5625;7556;-17338;0.96363184;0.030591488;-0.24167276;1309821390
-99.244902;341.5625;7556;-17338;0.968730432;0.031611204;-0.20802212;1309842778
-99.215998;341.625;7556;-17338;0.96363184;0.025492906;-0.226377008;1309871682
-99.185750;341.625;7556;-17338;0.95547416;0.023453474;-0.2641065;1309901930
-99.134133;341.625;7556;-17338;0.961592464;0.02753234;-0.23657418;1309953547
-99.106314;341.625;7556;-17332;0.968730432;0.031611204;-0.21821928;1309981366
-99.061783;341.625;7556;-17338;0.961592464;0.031611204;-0.24167276;1310025897
-99.014844;341.5625;7550;-17338;0.9585333;0.022433758;-0.2630868;1310072836
-98.966150;341.5;7556;-17344;0.96261216;0.031611204;-0.2314756;1310121530
-98.936861;341.5;7556;-17344;0.9646516;0.031611204;-0.2131207;1310150819
-98.914491;341.5;7550;-17344;0.959553;0.02753234;-0.24983048;1310173189
-98.866165;341.5;7550;-17344;0.9575136;0.020394326;-0.26716566;1310221515
-98.844868;341.5;7550;-17344;0.959553;0.028552056;-0.247791052;1310242812
-98.816114;341.5;7556;-17344;0.96261216;0.02753234;-0.23045588;1310271566
-98.793704;341.5;7556;-17344;0.96771068;0.03263092;-0.21821928;1310293976
-98.766270;341.5;7550;-17344;0.96363184;0.02753234;-0.23453474;1310321410
-98.744875;341.5;7550;-17344;0.9575136;0.020394326;-0.2641065;1310342805
-98.716049;341.5;7550;-17344;0.9585333;0.021414042;-0.26818538;1310371631
-98.685729;341.5;7550;-17344;0.961592464;0.020394326;-0.242692468;1310401951
-98.656817;341.5;7556;-17344;0.96771068;0.028552056;-0.21617985;1310430863
-98.629416;341.5;7556;-17344;0.966691;0.036709784;-0.22229814;1310458264
-98.575614;341.5;7550;-17344;0.9585333;0.023453474;-0.26104736;1310512066
-98.552396;341.5;7550;-17344;0.9585333;0.022433758;-0.25288964;1310535284
-98.516277;341.5;7550;-17344;0.96363184;0.025492906;-0.232495316;1310571403
-98.492480;341.5;7556;-17344;0.9646516;0.03263092;-0.21821928;1310595200
-98.466139;341.5;7556;-17344;0.96261216;0.03263092;-0.23453474;1310621541
-98.444935;341.5;7550;-17344;0.9605727;0.029571772;-0.25900792;1310642745
-98.417615;341.5;7550;-17344;0.9575136;0.025492906;-0.26104736;1310670065
-98.385613;341.5;7556;-17344;0.96261216;0.025492906;-0.24167276;1310702067
-98.363500;341.5;7556;-17344;0.96363184;0.022433758;-0.226377008;1310724180
-98.274091;341.5;7556;-17344;0.961592464;0.023453474;-0.25594878;1310813589
-98.216305;341.5;7556;-17344;0.96363184;0.023453474;-0.23351502;1310871375
-98.191924;341.5;7556;;108;135;4265;1310895756
-98.166141;341.5;7556;-17344;0.96363184;0.02753234;-0.23555446;1310921539
-98.143837;341.5;7556;-17344;0.959553;0.030591488;-0.25390936;1310943843
-98.075586;341.5;7556;-17344;0.96261216;0.025492906;-0.24065304;1311012094
-98.046161;341.5;7556;-17344;0.9656713;0.02447319;-0.22841644;1311041519
-98.016046;341.5;7562;-17344;0.96363184;0.028552056;-0.23351502;1311071634
-97.985883;341.5;7556;-17344;0.96363184;0.029571772;-0.2508502;1311101797
-97.963511;341.5;7556;-17344;0.9605727;0.028552056;-0.25288964;1311124169
-97.934945;341.5;7556;-17344;0.959553;0.025492906;-0.24371218;1311152735
-97.906094;341.5;7556;-17344;0.96363184;0.02753234;-0.2314756;1311181586
-97.884019;341.5;7556;-17344;0.96363184;0.02753234;-0.23045588;1311203661
-97.835650;341.5;7556;-17344;0.96363184;0.029571772;-0.25186992;1311252030
-97.813795;341.5;7556;-17344;0.961592464;0.026512622;-0.25288964;1311273885
-97.785883;341.5;7556;-17344;0.9585333;0.026512622;-0.24983048;1311301797
-97.763588;341.5;7556;-17344;0.96363184;0.023453474;-0.23045588;1311324092
-97.737281;341.5;7556;-17344;0.9656713;0.02447319;-0.22739672;1311350399
-97.715744;341.5;7562;-17344;0.9605727;0.025492906;-0.23657418;1311371936
-97.679863;341.5;7556;-17344;0.9585333;0.02753234;-0.2508502;1311407817
-97.655629;341.5;7556;-17344;0.959553;0.026512622;-0.25390936;1311432051
-97.632965;341.5;7556;-17344;0.961592464;0.02753234;-0.2447319;1311454715
-97.605578;341.5;7556;-17344;0.96363184;0.026512622;-0.2314756;1311482102
-97.583478;341.5;7562;-17344;0.96363184;0.02753234;-0.22841644;1311504202
-97.555825;341.5;7556;-17344;0.96363184;0.026512622;-0.237593884;1311531855
-97.504215;341.5;7556;-17344;0.9605727;0.028552056;-0.24983048;1311583465
-97.483037;341.5;7556;-17344;0.961592464;0.030591488;-0.24677134;1311604643
-97.433776;341.5;7562;-17344;0.96363184;0.025492906;-0.22841644;1311653904
-97.401870;341.5;7562;-17344;0.961592464;0.026512622;-0.24167276;1311685810
-97.375882;341.5;7556;-17344;0.96261216;0.026512622;-0.248810768;1311711798
-97.328926;341.5;7556;-17344;0.96261216;0.028552056;-0.2447319;1311758754
-97.305651;341.5;7556;-17344;0.96363184;0.029571772;-0.237593884;1311782029
-97.283620;341.5;7556;-17344;0.9646516;0.02447319;-0.2314756;1311804060
-97.212459;341.5;7556;-17344;0.961592464;0.02753234;-0.25390936;1311875221
-97.185913;341.5;7556;-17344;0.959553;0.030591488;-0.24983048;1311901767
-97.163835;341.5;7556;-17344;0.96363184;0.030591488;-0.23657418;1311923845
-97.136272;341.5;7556;-17344;0.96261216;0.030591488;-0.2314756;1311951408
-97.114563;341.5;7556;-17344;0.96261216;0.02447319;-0.2386136;1311973117
-97.086161;341.5;7556;-17344;0.9605727;0.026512622;-0.247791052;1312001519
-97.064651;341.5;7556;-17344;0.961592464;0.025492906;-0.24983048;1312023029
-97.005994;341.5;7556;-17344;0.96363184;0.03263092;-0.2386136;1312081686
-96.958591;341.5;7556;-17344;0.96261216;0.02753234;-0.2386136;1312129089
-96.925312;341.5;7556;-17344;0.961592464;0.023453474;-0.248810768;1312162368
-96.896235;341.5;7556;-17344;0.961592464;0.025492906;-0.248810768;1312191445
-96.874896;341.5;7556;-17344;0.96363184;0.030591488;-0.24167276;1312212784
-96.805634;341.5;7556;-17344;0.96363184;0.023453474;-0.23963332;1312282046
-96.782455;341.5;7556;-17344;0.961592464;0.02447319;-0.247791052;1312305225
-96.734031;341.5;7556;-17344;0.96261216;0.029571772;-0.24677134;1312353649
-96.706021;341.5;7556;-17344;0.96261216;0.031611204;-0.237593884;1312381659
-96.683287;341.5;7556;-17344;0.96261216;0.030591488;-0.23351502;1312404393
-96.656239;341.5;7556;;242;202;4265;1312431441
-96.633373;341.5;7556;-17344;0.9585333;0.026512622;-0.24575162;1312454307
-96.602500;341.5;7556;-17344;0.96261216;0.026512622;-0.248810768;1312485180
-96.581063;341.5;7556;-17344;0.961592464;0.028552056;-0.2447319;1312506617
-96.556129;341.5;7556;-17344;0.96261216;0.03263092;-0.2386136;1312531551
-96.528526;341.5;7556;-17344;0.961592464;0.031611204;-0.23555446;1312559154
-96.505030;341.5;7556;-17344;0.96363184;0.028552056;-0.242692468;1312582650
-96.481997;341.5;7556;-17344;0.96261216;0.025492906;-0.24371218;1312605683
-96.429205;341.5;7556;-17344;0.9605727;0.02753234;-0.2447319;1312658475
-96.405737;341.5;7556;-17344;0.9646516;0.029571772;-0.24065304;1312681943
-96.365437;341.5;7556;-17344;0.961592464;0.02753234;-0.23555446;1312722243
-96.335751;341.5;7556;-17344;0.96261216;0.025492906;-0.237593884;1312751929
-96.306186;341.5;7556;-17344;0.9605727;0.021414042;-0.2447319;1312781494
-96.284213;341.5;7556;-17344;0.961592464;0.02447319;-0.247791052;1312803467
-96.256164;341.5;7556;-17344;0.96363184;0.026512622;-0.242692468;1312831516
-96.233936;341.5;7556;-17344;0.96363184;0.031611204;-0.23555446;1312853744
-96.206137;341.5;7556;-17344;0.96363184;0.028552056;-0.23963332;1312881543
-96.184109;341.5;7556;-17344;0.96363184;0.025492906;-0.24371218;1312903571
-96.155479;341.5;7556;-17344;0.961592464;0.026512622;-0.248810768;1312932201
-96.131985;341.5;7556;-17344;0.9605727;0.028552056;-0.24575162;1312955695
-96.106099;341.5;7556;-17344;0.96363184;0.029571772;-0.24167276;1312981581
-96.083740;341.5;7556;-17344;0.9646516;0.033650636;-0.2386136;1313003940
-96.035106;341.5;7556;-17344;0.961592464;0.02447319;-0.2447319;1313052574
-96.006396;341.5;7556;-17344;0.959553;0.020394326;-0.24167276;1313081284
-95.984234;341.5;7556;-17344;0.9605727;0.020394326;-0.24371218;1313103446
-95.935339;341.5;7556;-17344;0.961592464;0.03263092;-0.24167276;1313152341
-95.906071;341.5;7556;-17344;0.961592464;0.036709784;-0.242692468;1313181609
-95.884140;341.5;7556;-17350;0.96363184;0.02753234;-0.2447319;1313203540
-95.855734;341.5;7556;-17350;0.961592464;0.020394326;-0.2447319;1313231946
-95.833640;341.5;7556;-17350;0.96261216;0.013256311;-0.23555446;1313254040
-95.806138;341.5;7556;-17350;0.96363184;0.020394326;-0.2386136;1313281542
-95.784389;341.5;7556;-17344;0.961592464;0.03263092;-0.23963332;1313303291
-95.762446;341.5;7556;-17344;0.9646516;0.041808368;-0.24575162;1313325234
-95.736017;341.5;7556;-17344;0.96261216;0.0387492184;-0.24371218;1313351663
-95.706129;341.5;7556;-17344;0.961592464;0.026512622;-0.247791052;1313381551
-95.683553;341.5;7556;-17344;0.96261216;0.014276028;-0.2386136;1313404127
-95.656173;341.5;7556;-17344;0.96363184;0.014276028;-0.23351502;1313431507
-95.633524;341.5;7556;-17338;0.96363184;0.028552056;-0.23657418;1313454156
-95.574095;341.5;7556;-17338;0.96261216;0.041808368;-0.24983048;1313513585
-95.531508;341.5;7556;-17344;0.96261216;0.020394326;-0.2386136;1313556172
-95.505580;341.5;7562;-17350;0.96261216;0.014276028;-0.2314756;1313582100
-95.483735;341.5;7562;-17350;0.9646516;0.017335176;-0.23555446;1313603945
-95.456264;341.5;7562;-17350;0.96363184;0.030591488;-0.24167276;1313631416
-95.429656;341.5;7556;-17350;0.9605727;0.042828084;-0.24983048;1313658024
-95.393941;341.5;7556;-17350;0.96261216;0.029571772;-0.24371218;1313693739
-95.366262;341.5;7562;-17357;0.961592464;0.021414042;-0.23657418;1313721418
-95.335955;341.5;7562;-17357;0.96363184;0.015295744;-0.22841644;1313751725
-95.306023;341.5;7562;-17357;0.96261216;0.022433758;-0.24065304;1313781657
-95.283638;341.5;7562;-17357;0.961592464;0.03569007;-0.25186992;1313804042
-95.235195;341.5;7562;-17357;0.96363184;0.031611204;-0.24065304;1313852485
-95.206107;341.5;7562;-17357;0.96363184;0.022433758;-0.23555446;1313881573
-95.183974;341.5;7562;-17357;0.96363184;0.020394326;-0.23657418;1313903706
-95.156180;341.5;7562;-17357;0.9605727;0.022433758;-0.24065304;1313931500
-95.135142;341.5;7562;-17357;0.961592464;0.031611204;-0.24983048;1313952538
-95.085620;341.5;7562;-17357;0.961592464;0.0387492184;-0.24371218;1314002060
-95.056126;341.5;7562;-17357;0.961592464;0.02753234;-0.237593884;1314031554
-95.032970;341.4375;7562;-17357;0.961592464;0.018354892;-0.23555446;1314054710
-95.006123;341.4375;7562;-17357;0.9585333;0.017335176;-0.2386136;1314081557
-94.984249;341.4375;7562;-17357;0.961592464;0.02753234;-0.24983048;1314103431
-94.962248;341.4375;7562;-17357;0.9585333;0.031611204;-0.248810768;1314125432
-94.931336;341.4375;7562;-17357;0.96363184;0.034670352;-0.242692468;1314156344
-94.905749;341.4375;7562;-17357;0.96363184;0.028552056;-0.237593884;1314181931
-94.883333;341.4375;7562;-17357;0.96261216;0.020394326;-0.23555446;1314204347
-94.833055;341.4375;7562;-17357;0.9605727;0.023453474;-0.247791052;1314254625
-94.805536;341.4375;7562;-17357;0.9605727;0.028552056;-0.2447319;1314282144
-94.783304;341.5;7562;-17357;0.96261216;0.036709784;-0.24167276;1314304376
-94.755998;341.5;7562;-17357;0.9646516;0.034670352;-0.23555446;1314331682
-94.731865;341.5;7562;-17357;0.96363184;0.026512622;-0.237593884;1314355815
-94.706025;341.5;7562;-17357;0.961592464;0.020394326;-0.23963332;1314381655
-94.684183;341.5;7562;-17357;0.961592464;0.022433758;-0.24677134;1314403497
-94.640500;341.5;7562;-17357;0.96363184;0.03569007;-0.24575162;1314447180
-94.615646;341.5;7562;-17357;0.96363184;0.036709784;-0.24167276;1314472034
-94.585815;341.5;7562;-17357;0.96363184;0.033650636;-0.2386136;1314501865
-94.535962;341.4375;7562;-17357;0.96363184;0.017335176;-0.242692468;1314551718
-94.506135;341.4375;7562;-17357;0.96363184;0.021414042;-0.24677134;1314581545
-94.460223;341.4375;7562;;138;152;4266;1314627457
-94.435243;341.4375;7562;-17357;0.96363184;0.031611204;-0.24167276;1314652437
-94.406046;341.4375;7562;-17357;0.96363184;0.023453474;-0.24167276;1314681634
-94.383960;341.4375;7562;-17357;0.9605727;0.018354892;-0.2447319;1314703720
-94.333990;341.4375;7562;-17357;0.96261216;0.028552056;-0.24065304;1314753690
-94.306020;341.4375;7562;-17357;0.96363184;0.036709784;-0.2386136;1314781660
-94.279537;341.4375;7562;-17357;0.9646516;0.036709784;-0.2386136;1314808143
-94.246232;341.4375;7562;-17357;0.96363184;0.02447319;-0.24065304;1314841448
-94.196830;341.4375;7562;-17357;0.959553;0.020394326;-0.2447319;1314890850
-94.173881;341.4375;7562;-17357;0.961592464;0.030591488;-0.242692468;1314913799
-94.146281;341.4375;7562;-17357;0.96261216;0.0377295;-0.242692468;1314941399
-94.100402;341.4375;7562;-17357;0.96363184;0.028552056;-0.2447319;1314987278
-94.075750;341.4375;7562;-17357;0.9605727;0.021414042;-0.2447319;1315011930
-94.030567;341.4375;7562;-17357;0.96363184;0.023453474;-0.242692468;1315057113
-93.995965;341.4375;7562;-17357;0.96363184;0.03263092;-0.23963332;1315091715
-93.973884;341.4375;7562;-17357;0.96261216;0.0387492184;-0.23963332;1315113796
-93.950044;341.4375;7562;-17357;0.96363184;0.03263092;-0.24575162;1315137636
-93.927192;341.4375;7562;;-23;0;4267;1315160488
-93.904313;341.4375;7562;-17357;0.959553;0.020394326;-0.24371218;1315183367
-93.881208;341.4375;7562;-17357;0.961592464;0.021414042;-0.24167276;1315206472
-93.855782;341.4375;7562;-17357;0.9656713;0.025492906;-0.23963332;1315231898
-93.832719;341.4375;7562;-17357;0.96363184;0.033650636;-0.237593884;1315254961
-93.782557;341.4375;7562;-17357;0.96261216;0.029571772;-0.24677134;1315305123
-93.755805;341.4375;7562;-17357;0.9605727;0.025492906;-0.2447319;1315331875
-93.730098;341.4375;7562;-17357;0.96363184;0.021414042;-0.24167276;1315357582
-93.705597;341.4375;7562;-17357;0.96363184;0.02447319;-0.23963332;1315382083
-93.681445;341.4375;7562;-17357;0.96261216;0.031611204;-0.2386136;1315406235
-93.629788;341.4375;7562;-17357;0.96363184;0.031611204;-0.2447319;1315457892
-93.605721;341.4375;7562;-17357;0.961592464;0.02753234;-0.24575162;1315481959
-93.581726;341.4375;7562;-17357;0.961592464;0.021414042;-0.242692468;1315505954
-93.529408;341.4375;7562;-17357;0.9605727;0.026512622;-0.237593884;1315558272
-93.505571;341.4375;7562;-17357;0.96363184;0.029571772;-0.2386136;1315582109
-93.481839;341.4375;7562;-17357;0.961592464;0.029571772;-0.2447319;1315605841
-93.455863;341.4375;7562;-17357;0.9575136;0.029571772;-0.24677134;1315631817
-93.422086;341.4375;7562;-17357;0.961592464;0.021414042;-0.242692468;1315665594
-93.395646;341.4375;7562;-17357;0.96363184;0.025492906;-0.24065304;1315692034
-93.353706;341.4375;7562;-17357;0.96261216;0.031611204;-0.24065304;1315733974
-93.331702;341.4375;7562;-17357;0.96261216;0.031611204;-0.24371218;1315755978
-93.305865;341.4375;7562;-17357;0.96261216;0.030591488;-0.24677134;1315781815
-93.283224;341.4375;7562;-17357;0.9605727;0.02447319;-0.24065304;1315804456
-93.233304;341.4375;7562;-17357;0.96261216;0.026512622;-0.2386136;1315854376
-93.206560;341.4375;7562;-17357;0.96363184;0.029571772;-0.242692468;1315881120
-93.162048;341.4375;7562;-17357;0.96261216;0.031611204;-0.242692468;1315925632
-93.135495;341.4375;7562;-17357;0.96261216;0.02753234;-0.24575162;1315952185
-93.114079;341.4375;7562;-17357;0.96363184;0.02447319;-0.24167276;1315973601
-93.085897;341.4375;7562;-17357;0.96261216;0.023453474;-0.24167276;1316001783
-93.063589;341.4375;7562;-17357;0.96261216;0.025492906;-0.24065304;1316024091
-93.035781;341.4375;7562;-17357;0.96261216;0.02753234;-0.24167276;1316051899
-93.006007;341.4375;7562;-17357;0.96363184;0.030591488;-0.2447319;1316081673
-92.983143;341.4375;7562;-17357;0.96261216;0.030591488;-0.24371218;1316104537
-92.943543;341.4375;7562;-17357;0.96261216;0.02447319;-0.24167276;1316144137
-92.911817;341.4375;7562;-17357;0.96261216;0.026512622;-0.24065304;1316175863
-92.885855;341.4375;7562;-17357;0.96363184;0.025492906;-0.24167276;1316201825
-92.863652;341.4375;7562;-17357;0.96363184;0.031611204;-0.242692468;1316224028
-92.841549;341.4375;7562;-17357;0.96261216;0.030591488;-0.24167276;1316246131
-92.815999;341.4375;7562;-17357;0.96261216;0.030591488;-0.242692468;1316271681
-92.769921;341.4375;7562;-17357;0.9605727;0.025492906;-0.24167276;1316317759
-92.745830;341.4375;7562;-17357;0.96363184;0.026512622;-0.24167276;1316341850
-92.723985;341.4375;7562;;62;102;4268;1316363695
-92.673535;341.4375;7562;-17357;0.96261216;0.030591488;-0.242692468;1316414145
-92.646140;341.4375;7562;-17357;0.96363184;0.029571772;-0.24167276;1316441540
-92.573496;341.4375;7562;-17357;0.96261216;0.022433758;-0.242692468;1316514184
-92.533700;341.4375;7562;-17357;0.96261216;0.02753234;-0.2386136;1316553980
-92.510322;341.4375;7562;-17357;0.96261216;0.029571772;-0.242692468;1316577358
-92.485780;341.4375;7562;-17357;0.96261216;0.029571772;-0.24167276;1316601900
-92.462545;341.4375;7562;-17357;0.96363184;0.025492906;-0.24167276;1316625135
-92.435938;341.4375;7562;-17357;0.96261216;0.022433758;-0.242692468;1316651742
-92.414054;341.4375;7562;-17357;0.96363184;0.02447319;-0.24065304;1316673626
-92.388450;341.4375;7562;-17357;0.961592464;0.029571772;-0.24371218;1316699230
-92.365630;341.4375;7562;-17357;0.96363184;0.029571772;-0.24167276;1316722050
-92.344049;341.4375;7562;-17357;0.9605727;0.029571772;-0.242692468;1316743631
-92.315795;341.4375;7562;-17357;0.96363184;0.02753234;-0.237593884;1316771885
-92.292385;341.4375;7562;;133;150;4269;1316795295
-92.266055;341.4375;7562;-17357;0.961592464;0.023453474;-0.242692468;1316821625
-92.236017;341.4375;7562;-17357;0.96261216;0.02447319;-0.24575162;1316851663
-92.212643;341.4375;7562;-17357;0.9605727;0.031611204;-0.2447319;1316875037
-92.185919;341.4375;7562;-17357;0.96261216;0.031611204;-0.24167276;1316901761
-92.163461;341.4375;7562;-17357;0.96261216;0.02753234;-0.24371218;1316924219
-92.123492;341.4375;7562;-17357;0.96363184;0.023453474;-0.24065304;1316964188
-92.101788;341.4375;7562;-17357;0.96363184;0.02447319;-0.24371218;1316985892
-92.079279;341.4375;7562;-17357;0.961592464;0.023453474;-0.24677134;1317008401
-92.033802;341.4375;7562;-17357;0.96363184;0.030591488;-0.24167276;1317053878
-92.005738;341.4375;7562;-17357;0.96363184;0.028552056;-0.24167276;1317081942
-91.983223;341.4375;7562;-17357;0.96261216;0.02753234;-0.24065304;1317104457
-91.957213;341.4375;7562;;65;104;4265;1317130467
-91.935249;341.4375;7562;-17357;0.96261216;0.02447319;-0.24167276;1317152431
-91.905988;341.4375;7562;-17357;0.9605727;0.028552056;-0.242692468;1317181692
-91.883902;341.4375;7562;-17357;0.961592464;0.030591488;-0.23963332;1317203778
-91.861776;341.4375;7562;-17357;0.961592464;0.031611204;-0.242692468;1317225904
-91.835848;341.4375;7562;-17357;0.96261216;0.030591488;-0.24167276;1317251832
-91.805887;341.4375;7562;-17357;0.961592464;0.026512622;-0.24167276;1317281793
-91.783618;341.4375;7562;-17357;0.96261216;0.02447319;-0.24167276;1317304062
-91.761346;341.4375;7562;-17357;0.9605727;0.026512622;-0.24167276;1317326334
-91.735810;341.4375;7562;-17357;0.96261216;0.026512622;-0.24167276;1317351870
-91.665941;341.4375;7562;-17357;0.9605727;0.028552056;-0.24167276;1317421739
-91.642533;341.4375;7562;-17357;0.96261216;0.02447319;-0.242692468;1317445147
-91.615934;341.4375;7562;-17357;0.961592464;0.025492906;-0.24167276;1317471746
-91.593635;341.4375;7562;-17357;0.961592464;0.026512622;-0.24065304;1317494045
-91.555776;341.4375;7562;-17357;0.9605727;0.02753234;-0.242692468;1317531904
-91.529372;341.4375;7562;-17357;0.9605727;0.028552056;-0.24065304;1317558308
-91.472413;341.4375;7562;-17357;0.959553;0.023453474;-0.24167276;1317615267
-91.446821;341.4375;7562;-17357;0.961592464;0.02753234;-0.242692468;1317640859
-91.415830;341.4375;7562;-17357;0.96363184;0.028552056;-0.24167276;1317671850
-91.393926;341.4375;7562;-17357;0.961592464;0.028552056;-0.242692468;1317693754
-91.366242;341.4375;7562;-17357;0.96261216;0.029571772;-0.24167276;1317721438
-91.344777;341.4375;7562;-17357;0.96261216;0.02753234;-0.24167276;1317742903
-91.315990;341.4375;7562;-17357;0.96363184;0.02753234;-0.2386136;1317771690
-91.265461;341.4375;7562;;107;134;4263;1317822219
-91.242699;341.4375;7562;-17357;0.96363184;0.02753234;-0.23963332;1317844981
-91.216009;341.4375;7562;-17357;0.9646516;0.029571772;-0.24167276;1317871671
-91.166114;341.4375;7562;-17357;0.96261216;0.026512622;-0.24167276;1317921566
-91.143140;341.4375;7562;-17357;0.96261216;0.02447319;-0.24167276;1317944540
-91.116321;341.4375;7562;-17357;0.961592464;0.02447319;-0.23963332;1317971359
-91.094943;341.4375;7562;-17357;0.961592464;0.026512622;-0.24065304;1317992737
-91.072224;341.4375;7562;-17357;0.961592464;0.02753234;-0.24167276;1318015456
-91.035732;341.4375;7562;-17357;0.9605727;0.02753234;-0.24167276;1318051948
-91.006218;341.4375;7562;-17357;0.961592464;0.029571772;-0.24065304;1318081462
-90.984458;341.4375;7562;-17357;0.961592464;0.028552056;-0.24065304;1318103222
-90.962457;341.4375;7562;-17357;0.96261216;0.029571772;-0.23963332;1318125223
-90.935561;341.4375;7562;-17357;0.961592464;0.02753234;-0.242692468;1318152119
-90.906174;341.4375;7562;-17357;0.961592464;0.030591488;-0.24167276;1318181506
-90.882036;341.4375;7562;-17357;0.9605727;0.029571772;-0.2447319;1318205644
-90.835775;341.4375;7562;-17357;0.96363184;0.026512622;-0.24167276;1318251905
-90.809341;341.4375;7562;-17357;0.961592464;0.02753234;-0.24065304;1318278339
-90.763663;341.4375;7562;-17357;0.9605727;0.02753234;-0.242692468;1318324017
-90.735540;341.4375;7562;-17357;0.96261216;0.029571772;-0.24167276;1318352140
-90.712068;341.4375;7562;-17357;0.961592464;0.030591488;-0.24167276;1318375612
-90.685933;341.4375;7562;-17357;0.961592464;0.025492906;-0.23963332;1318401747
-90.663461;341.4375;7562;-17357;0.961592464;0.02447319;-0.2386136;1318424219
-90.635834;341.4375;7562;-17357;0.959553;0.025492906;-0.242692468;1318451846
-90.606246;341.4375;7562;-17357;0.961592464;0.025492906;-0.23963332;1318481434
-90.562764;341.4375;7562;-17357;0.961592464;0.029571772;-0.23963332;1318524916
-90.529591;341.4375;7562;-17357;0.96363184;0.028552056;-0.24065304;1318558089
-90.504623;341.4375;7562;-17357;0.96261216;0.025492906;-0.24371218;1318583057
-90.481984;341.4375;7562;-17357;0.961592464;0.028552056;-0.24167276;1318605696
-90.456005;341.4375;7562;;113;138;4267;1318631675
-90.409933;341.4375;7562;-17357;0.96363184;0.030591488;-0.242692468;1318677747
-90.363157;341.4375;7562;-17357;0.961592464;0.029571772;-0.2447319;1318724523
-90.335990;341.4375;7562;-17357;0.961592464;0.028552056;-0.24167276;1318751690
-90.314198;341.4375;7562;-17357;0.96261216;0.025492906;-0.24167276;1318773482
-90.285482;341.4375;7562;-17357;0.9605727;0.028552056;-0.24371218;1318802198
-90.262255;341.4375;7562;-17357;0.961592464;0.028552056;-0.2447319;1318825425
-90.235712;341.4375;7562;-17357;0.9605727;0.031611204;-0.24167276;1318851968
-90.205890;341.4375;7562;-17357;0.96261216;0.02753234;-0.24167276;1318881790
-90.181410;341.4375;7562;-17357;0.96363184;0.02447319;-0.2386136;1318906270
-90.156045;341.4375;7562;-17357;0.96261216;0.02447319;-0.24065304;1318931635
-90.134013;341.4375;7562;-17357;0.961592464;0.026512622;-0.24371218;1318953667
-90.106273;341.4375;7562;-17357;0.96261216;0.02753234;-0.24167276;1318981407
-90.081885;341.4375;7562;-17357;0.96261216;0.029571772;-0.24167276;1319005795
-90.029523;341.4375;7562;-17357;0.96363184;0.02447319;-0.24065304;1319058157
-90.005711;341.4375;7562;-17357;0.96261216;0.030591488;-0.24065304;1319081969
-89.955362;341.4375;7562;-17357;0.96261216;0.031611204;-0.24575162;1319132318
-89.933577;341.4375;7562;-17357;0.96363184;0.029571772;-0.24065304;1319154103
-89.906456;341.4375;7562;-17357;0.96261216;0.029571772;-0.24167276;1319181224
-89.882395;341.4375;7562;-17357;0.96261216;0.02753234;-0.242692468;1319205285
-89.835076;341.4375;7562;-17357;0.961592464;0.025492906;-0.2447319;1319252604
-89.812946;341.4375;7562;-17357;0.96261216;0.02753234;-0.24371218;1319274734
-89.786052;341.4375;7562;-17357;0.96261216;0.02753234;-0.242692468;1319301628
-89.764085;341.4375;7562;-17357;0.96363184;0.029571772;-0.23657418;1319323595
-89.736072;341.4375;7562;-17357;0.96261216;0.02753234;-0.24167276;1319351608
-89.706339;341.4375;7562;-17357;0.9646516;0.02447319;-0.242692468;1319381341
-89.662398;341.4375;7562;-17357;0.96261216;0.026512622;-0.24371218;1319425282
-89.635587;341.4375;7562;-17357;0.96261216;0.026512622;-0.24167276;1319452093
-89.614148;341.4375;7562;-17357;0.96261216;0.028552056;-0.23963332;1319473532
-89.590286;341.4375;7562;-17357;0.96261216;0.02753234;-0.24167276;1319497394
-89.565895;341.4375;7562;-17357;0.961592464;0.026512622;-0.24065304;1319521785
-89.530508;341.4375;7562;-17357;0.96261216;0.028552056;-0.24167276;1319557172
-89.505923;341.4375;7562;-17357;0.96261216;0.028552056;-0.24371218;1319581757
-89.483920;341.4375;7562;-17357;0.96363184;0.030591488;-0.24167276;1319603760
-89.458416;341.4375;7562;-17357;0.961592464;0.028552056;-0.23963332;1319629264
-89.435651;341.4375;7562;-17357;0.96363184;0.02753234;-0.24065304;1319652029
-89.413928;341.4375;7562;-17357;0.961592464;0.023453474;-0.2447319;1319673752
-89.386148;341.4375;7562;-17357;0.9605727;0.025492906;-0.24371218;1319701532
-89.363874;341.4375;7562;-17357;0.96261216;0.028552056;-0.24575162;1319723806
-89.335968;341.4375;7562;-17357;0.96261216;0.029571772;-0.24371218;1319751712
-89.304501;341.4375;7562;-17357;0.96261216;0.029571772;-0.242692468;1319783179
-89.282300;341.4375;7562;-17357;0.96363184;0.026512622;-0.24167276;1319805380
-89.235091;341.4375;7562;-17357;0.961592464;0.02447319;-0.24371218;1319852589
-89.206228;341.4375;7562;-17357;0.96261216;0.02753234;-0.2447319;1319881452
-89.180397;341.4375;7562;-17357;0.96261216;0.028552056;-0.24167276;1319907283
-89.136427;341.4375;7562;-17357;0.96363184;0.03263092;-0.24371218;1319951253
-89.106072;341.4375;7562;-17357;0.961592464;0.022433758;-0.242692468;1319981608
-89.083617;341.4375;7562;-17357;0.96363184;0.020394326;-0.24065304;1320004063
-89.056390;341.4375;7562;-17357;0.96363184;0.02447319;-0.242692468;1320031290
-89.029667;341.4375;7562;-17357;0.9605727;0.030591488;-0.24371218;1320058013
-89.005912;341.4375;7562;-17357;0.961592464;0.031611204;-0.242692468;1320081768
-88.981975;341.4375;7562;-17357;0.96261216;0.029571772;-0.2386136;1320105705
-88.956149;341.4375;7562;;85;120;4267;1320131531
-88.929297;341.4375;7562;-17357;0.961592464;0.022433758;-0.242692468;1320158383
-88.896146;341.4375;7562;-17357;0.9646516;0.026512622;-0.242692468;1320191534
-88.866384;341.4375;7562;-17357;0.959553;0.02753234;-0.24167276;1320221296
-88.835983;341.4375;7562;-17357;0.96261216;0.03263092;-0.24065304;1320251697
-88.806140;341.4375;7562;-17357;0.96261216;0.029571772;-0.24167276;1320281540
-88.783623;341.4375;7562;-17357;0.9605727;0.0193746092;-0.242692468;1320304057
-88.757177;341.4375;7562;-17357;0.96261216;0.021414042;-0.24167276;1320330503
-88.729395;341.4375;7562;-17357;0.961592464;0.02447319;-0.24167276;1320358285
-88.685020;341.4375;7562;-17357;0.961592464;0.033650636;-0.24167276;1320402660
-88.662238;341.4375;7562;-17357;0.96261216;0.03263092;-0.24065304;1320425442
-88.636037;341.4375;7562;-17357;0.96363184;0.026512622;-0.242692468;1320451643
-88.612938;341.4375;7562;-17357;0.96261216;0.02447319;-0.23963332;1320474742
-88.585880;341.4375;7562;-17357;0.961592464;0.023453474;-0.242692468;1320501800
-88.563990;341.4375;7562;-17357;0.9605727;0.029571772;-0.242692468;1320523690
-88.535462;341.4375;7562;-17357;0.96363184;0.03263092;-0.24167276;1320552218
-88.513504;341.4375;7562;-17357;0.961592464;0.031611204;-0.24065304;1320574176
-88.485873;341.4375;7562;-17357;0.96363184;0.02753234;-0.23963332;1320601807
-88.463124;341.4375;7562;-17357;0.96363184;0.026512622;-0.24065304;1320624556
-88.435856;341.4375;7562;-17357;0.9605727;0.025492906;-0.24167276;1320651824
-88.406092;341.4375;7562;-17357;0.961592464;0.02753234;-0.24167276;1320681588
-88.378697;341.4375;7562;-17357;0.961592464;0.030591488;-0.24167276;1320708983
-88.355746;341.4375;7562;-17357;0.96363184;0.03263092;-0.24065304;1320731934
-88.333986;341.4375;7562;-17357;0.961592464;0.026512622;-0.23963332;1320753694
-88.306100;341.4375;7562;-17357;0.96363184;0.02447319;-0.24065304;1320781580
-88.283795;341.4375;7562;-17357;0.961592464;0.023453474;-0.24065304;1320803885
-88.234948;341.4375;7562;-17357;0.96261216;0.025492906;-0.24575162;1320852732
-88.207447;341.4375;7562;-17357;0.9646516;0.029571772;-0.2386136;1320880233
-88.184946;341.4375;7562;-17357;0.96261216;0.025492906;-0.24167276;1320902734
-88.162459;341.4375;7562;-17357;0.96363184;0.029571772;-0.24167276;1320925221
-88.136024;341.4375;7562;-17357;0.96261216;0.02447319;-0.24575162;1320951656
-88.113202;341.4375;7562;-17357;0.961592464;0.022433758;-0.247791052;1320974478
-88.086174;341.4375;7562;-17357;0.9605727;0.026512622;-0.24575162;1321001506
-88.036266;341.4375;7562;-17357;0.96261216;0.031611204;-0.24167276;1321051414
-88.015213;341.4375;7562;-17357;0.9605727;0.028552056;-0.242692468;1321072467
-87.993311;341.4375;7562;-17357;0.96363184;0.026512622;-0.24371218;1321094369
-87.966664;341.4375;7562;-17357;0.96363184;0.022433758;-0.24167276;1321121016
-87.944400;341.4375;7562;-17357;0.96261216;0.02447319;-0.242692468;1321143280
-87.920780;341.4375;7562;-17357;0.96261216;0.025492906;-0.2386136;1321166900
-87.895877;341.4375;7562;-17357;0.96261216;0.029571772;-0.23963332;1321191803
-87.866066;341.4375;7562;-17357;0.961592464;0.030591488;-0.24167276;1321221614
-87.823092;341.4375;7562;-17357;0.96261216;0.02447319;-0.24371218;1321264588
-87.785629;341.4375;7562;-17357;0.96363184;0.023453474;-0.24371218;1321302051
-87.762656;341.4375;7562;-17357;0.96261216;0.02753234;-0.23963332;1321325024
-87.736047;341.4375;7562;-17357;0.961592464;0.029571772;-0.24065304;1321351633
-87.706085;341.4375;7562;-17357;0.961592464;0.03263092;-0.24167276;1321381595
-87.682479;341.4375;7562;-17357;0.96261216;0.029571772;-0.24575162;1321405201
-87.656302;341.4375;7562;-17357;0.961592464;0.023453474;-0.24371218;1321431378
-87.635027;341.4375;7562;-17357;0.96363184;0.025492906;-0.242692468;1321452653
-87.596124;341.4375;7562;-17357;0.961592464;0.030591488;-0.23963332;1321491556
-87.572503;341.4375;7562;-17357;0.961592464;0.030591488;-0.24371218;1321515177
-87.546126;341.4375;7562;-17357;0.96261216;0.031611204;-0.24677134;1321541554
-87.516149;341.4375;7562;-17357;0.961592464;0.028552056;-0.24371218;1321571531
-87.485888;341.4375;7562;-17357;0.9605727;0.023453474;-0.2386136;1321601792
-87.464179;341.4375;7562;-17357;0.9605727;0.02447319;-0.2386136;1321623501
-87.442435;341.4375;7562;-17357;0.961592464;0.025492906;-0.24065304;1321645245
-87.416205;341.4375;7562;-17357;0.9605727;0.025492906;-0.24167276;1321671475
-87.394216;341.4375;7562;-17357;0.961592464;0.030591488;-0.24167276;1321693464
-87.352621;341.4375;7562;-17357;0.96261216;0.026512622;-0.242692468;1321735059
-87.330969;341.4375;7562;-17357;0.961592464;0.025492906;-0.24167276;1321756711
-87.305935;341.4375;7562;-17357;0.96261216;0.02447319;-0.2386136;1321781745
-87.282253;341.4375;7562;-17357;0.96363184;0.02753234;-0.24065304;1321805427
-87.255697;341.4375;7562;-17357;0.96261216;0.029571772;-0.23963332;1321831983
-87.225670;341.4375;7562;-17357;0.96261216;0.030591488;-0.242692468;1321862010
-87.196320;341.4375;7562;-17357;0.961592464;0.028552056;-0.24575162;1321891360
-87.175165;341.4375;7562;-17357;0.96261216;0.025492906;-0.24065304;1321912515
-87.152539;341.4375;7562;-17357;0.961592464;0.02447319;-0.24575162;1321935141
-87.130685;341.4375;7562;-17357;0.96261216;0.028552056;-0.24065304;1321956995
-87.106200;341.4375;7562;-17357;0.9605727;0.02753234;-0.24371218;1321981480
-87.062382;341.4375;7562;-17357;0.961592464;0.026512622;-0.2447319;1322025298
-87.036152;341.4375;7562;-17357;0.96261216;0.02753234;-0.24167276;1322051528
-87.014690;341.4375;7562;-17357;0.96261216;0.02753234;-0.24065304;1322072990
-86.962649;341.4375;7562;-17357;0.96261216;0.026512622;-0.242692468;1322125031
-86.935966;341.4375;7562;-17357;0.96363184;0.029571772;-0.2447319;1322151714
-86.914164;341.4375;7562;-17357;0.961592464;0.029571772;-0.242692468;1322173516
-86.865101;341.4375;7562;-17357;0.96261216;0.025492906;-0.23453474;1322222579
-86.836234;341.4375;7562;-17357;0.96261216;0.023453474;-0.242692468;1322251446
-86.806004;341.4375;7562;-17357;0.96261216;0.026512622;-0.24167276;1322281676
-86.782492;341.4375;7562;-17357;0.96261216;0.02753234;-0.24167276;1322305188
-86.756467;341.4375;7562;;68;107;4270;1322331213
-86.734914;341.4375;7562;-17357;0.96363184;0.02753234;-0.24167276;1322352766
-86.706226;341.4375;7562;-17357;0.96261216;0.02753234;-0.24167276;1322381454
-86.683773;341.4375;7562;-17357;0.96363184;0.02447319;-0.24167276;1322403907
-86.635871;341.4375;7562;-17357;0.96363184;0.02753234;-0.24575162;1322451809
-86.606144;341.4375;7562;-17357;0.96363184;0.028552056;-0.24167276;1322481536
-86.583908;341.4375;7562;-17357;0.96363184;0.030591488;-0.23963332;1322503772
-86.558361;341.4375;7562;-17357;0.96363184;0.028552056;-0.242692468;1322529319
-86.516241;341.4375;7562;-17357;0.96261216;0.026512622;-0.2447319;1322571439
-86.466162;341.4375;7562;-17357;0.96261216;0.025492906;-0.24167276;1322621518
-86.443926;341.4375;7562;-17357;0.96363184;0.025492906;-0.23963332;1322643754
-86.416316;341.4375;7562;-17357;0.96261216;0.026512622;-0.237593884;1322671364
-86.372524;341.4375;7562;-17357;0.961592464;0.025492906;-0.242692468;1322715156
-86.346343;341.4375;7562;-17357;0.96261216;0.025492906;-0.24677134;1322741337
-86.316219;341.4375;7562;-17357;0.9646516;0.026512622;-0.242692468;1322771461
-86.294061;341.4375;7562;-17357;0.96363184;0.026512622;-0.24065304;1322793619
-86.268603;341.4375;7562;-17357;0.96261216;0.02753234;-0.237593884;1322819077
-86.245923;341.4375;7562;-17357;0.96363184;0.02753234;-0.23963332;1322841757
-86.216263;341.4375;7556;-17357;0.96261216;0.028552056;-0.2447319;1322871417
-86.185793;341.4375;7556;-17357;0.96261216;0.029571772;-0.2447319;1322901887
-86.162970;341.4375;7556;-17357;0.96261216;0.030591488;-0.242692468;1322924710
-86.136318;341.4375;7556;-17357;0.96363184;0.028552056;-0.24065304;1322951362
-86.093946;341.4375;7556;-17357;0.96261216;0.029571772;-0.24167276;1322993734
-86.065944;341.4375;7556;-17357;0.959553;0.025492906;-0.24371218;1323021736
-86.036185;341.4375;7556;-17357;0.959553;0.02447319;-0.24677134;1323051495
-86.006075;341.4375;7556;-17357;0.961592464;0.02753234;-0.24575162;1323081605
-85.979455;341.4375;7556;-17357;0.961592464;0.028552056;-0.23963332;1323108225
-85.955880;341.4375;7556;-17357;0.961592464;0.02753234;-0.2386136;1323131800
-85.933281;341.4375;7556;-17357;0.96261216;0.029571772;-0.24167276;1323154399
-85.906223;341.4375;7556;-17357;0.9605727;0.025492906;-0.24167276;1323181457
-85.883908;341.4375;7556;-17357;0.9605727;0.02753234;-0.24167276;1323203772
-85.856011;341.4375;7556;-17357;0.96261216;0.02753234;-0.24371218;1323231669
-85.831009;341.4375;7556;-17357;0.96261216;0.028552056;-0.24167276;1323256671
-85.806151;341.4375;7556;-17357;0.96363184;0.028552056;-0.2386136;1323281529
-85.756307;341.4375;7556;-17357;0.96261216;0.025492906;-0.242692468;1323331373
-85.729406;341.4375;7556;-17357;0.96363184;0.02753234;-0.24167276;1323358274
-85.705919;341.4375;7556;-17357;0.96261216;0.028552056;-0.242692468;1323381761
-85.683944;341.4375;7556;-17357;0.9605727;0.029571772;-0.24167276;1323403736
-85.566497;341.4375;7556;-17357;0.961592464;0.025492906;-0.24371218;1323521183
-85.540324;341.4375;7556;-17357;0.96261216;0.029571772;-0.2447319;1323547356
-85.485774;341.4375;7556;-17357;0.9605727;0.028552056;-0.24167276;1323601906
-85.462606;341.4375;7556;-17357;0.9605727;0.025492906;-0.24371218;1323625074
-85.430964;341.4375;7556;-17357;0.96261216;0.026512622;-0.24371218;1323656716
-85.396749;341.4375;7556;-17357;0.96261216;0.026512622;-0.2447319;1323690931
-85.375058;341.4375;7556;-17357;0.961592464;0.031611204;-0.23963332;1323712622
-85.346823;341.4375;7556;-17357;0.96363184;0.031611204;-0.24167276;1323740857
-85.324058;341.4375;7556;-17357;0.961592464;0.030591488;-0.23963332;1323763622
-85.296450;341.4375;7556;-17357;0.9605727;0.026512622;-0.24167276;1323791230
-85.274828;341.4375;7556;-17357;0.961592464;0.023453474;-0.24167276;1323812852
-85.246608;341.4375;7556;-17357;0.96363184;0.02753234;-0.2447319;1323841072
-85.216313;341.4375;7556;-17357;0.961592464;0.029571772;-0.23963332;1323871367
-85.143805;341.4375;7556;-17357;0.96261216;0.025492906;-0.2447319;1323943875
-85.117050;341.4375;7556;-17357;0.96363184;0.02447319;-0.2447319;1323970630
-85.094667;341.4375;7556;-17357;0.96261216;0.025492906;-0.2447319;1323993013
-85.066272;341.4375;7556;-17357;0.96261216;0.02753234;-0.242692468;1324021408
-85.044175;341.4375;7556;-17357;0.9605727;0.028552056;-0.24167276;1324043505
-85.016325;341.4375;7556;-17357;0.96261216;0.030591488;-0.24167276;1324071355
-84.986104;341.4375;7556;-17357;0.9605727;0.026512622;-0.2447319;1324101576
-84.962904;341.4375;7556;-17357;0.9605727;0.02447319;-0.24371218;1324124776
-84.935809;341.4375;7556;-17357;0.96261216;0.026512622;-0.24371218;1324151871
-84.913745;341.4375;7556;-17357;0.96261216;0.029571772;-0.24065304;1324173935
-84.886050;341.4375;7556;-17357;0.961592464;0.030591488;-0.242692468;1324201630
-84.856062;341.4375;7556;-17357;0.96261216;0.028552056;-0.24065304;1324231618
-84.834209;341.4375;7556;-17357;0.96363184;0.025492906;-0.24167276;1324253471
-84.807635;341.4375;7556;-17357;0.96261216;0.025492906;-0.24371218;1324280045
-84.745783;341.4375;7556;-17357;0.96363184;0.030591488;-0.24167276;1324341897
-84.717047;341.4375;7556;-17357;0.9605727;0.029571772;-0.2386136;1324370633
-84.693626;341.4375;7556;-17357;0.96363184;0.028552056;-0.24065304;1324394054
-84.666831;341.4375;7556;-17357;0.961592464;0.02753234;-0.2386136;1324420849
-84.635860;341.4375;7556;-17357;0.96363184;0.026512622;-0.24371218;1324451820
-84.574959;341.4375;7556;-17357;0.96261216;0.029571772;-0.23963332;1324512721
-84.485832;341.4375;7556;-17357;0.961592464;0.025492906;-0.2447319;1324601848
-84.463913;341.4375;7556;-17357;0.961592464;0.025492906;-0.24167276;1324623767
-84.436799;341.4375;7556;-17357;0.96363184;0.02753234;-0.24167276;1324650881
-84.406426;341.4375;7556;-17357;0.96261216;0.028552056;-0.24167276;1324681254
-84.384795;341.4375;7556;-17357;0.9605727;0.028552056;-0.24371218;1324702885
-84.362715;341.4375;7556;-17357;0.961592464;0.025492906;-0.242692468;1324724965
-84.336074;341.4375;7556;-17357;0.96261216;0.025492906;-0.242692468;1324751606
-84.285312;341.4375;7556;-17357;0.96261216;0.02753234;-0.2386136;1324802368
-84.263767;341.4375;7556;-17357;0.96363184;0.028552056;-0.24167276;1324823913
-84.235946;341.4375;7556;-17357;0.96261216;0.029571772;-0.24371218;1324851734
-84.206095;341.4375;7556;-17357;0.96363184;0.028552056;-0.24065304;1324881585
-84.183145;341.4375;7556;-17357;0.96261216;0.026512622;-0.24167276;1324904535
-84.156300;341.4375;7556;;47;89;4272;1324931380
-84.134605;341.4375;7556;-17357;0.9646516;0.02753234;-0.2386136;1324953075
-84.109420;341.4375;7556;-17357;0.961592464;0.028552056;-0.24167276;1324978260
-84.085551;341.4375;7556;-17357;0.96363184;0.028552056;-0.24167276;1325002129
-84.064141;341.4375;7556;-17357;0.961592464;0.02753234;-0.242692468;1325023539
-84.035551;341.4375;7556;-17357;0.9605727;0.02753234;-0.24371218;1325052129
-84.008852;341.4375;7556;-17357;0.961592464;0.02753234;-0.242692468;1325078828
-83.984564;341.4375;7556;-17357;0.961592464;0.02753234;-0.24167276;1325103116
-83.962842;341.4375;7556;-17357;0.961592464;0.02753234;-0.23963332;1325124838
-83.896373;341.4375;7556;-17357;0.961592464;0.031611204;-0.247791052;1325191307
-83.850048;341.4375;7556;-17357;0.96363184;0.02753234;-0.24167276;1325237632
-83.796059;341.4375;7556;-17357;0.96261216;0.02447319;-0.2386136;1325291621
-83.771394;341.4375;7556;-17357;0.961592464;0.028552056;-0.24065304;1325316286
-83.746288;341.4375;7556;-17357;0.961592464;0.028552056;-0.24065304;1325341392
-83.716461;341.4375;7556;-17357;0.96363184;0.02753234;-0.242692468;1325371219
-83.694681;341.4375;7556;-17357;0.96261216;0.025492906;-0.23963332;1325392999
-83.672430;341.4375;7556;-17357;0.96261216;0.025492906;-0.24065304;1325415250
-83.646045;341.4375;7556;-17357;0.961592464;0.025492906;-0.23963332;1325441635
-83.616069;341.4375;7556;-17357;0.961592464;0.02753234;-0.24065304;1325471611
-83.586093;341.4375;7556;-17357;0.96261216;0.031611204;-0.242692468;1325501587
-83.563620;341.4375;7556;-17357;0.96363184;0.029571772;-0.242692468;1325524060
-83.536367;341.4375;7556;-17357;0.961592464;0.028552056;-0.24167276;1325551313
-83.512477;341.4375;7556;-17357;0.9605727;0.025492906;-0.24065304;1325575203
-83.486181;341.4375;7556;-17357;0.96261216;0.02753234;-0.24167276;1325601499
-83.464723;341.4375;7556;-17357;0.9605727;0.02753234;-0.242692468;1325622957
-83.415785;341.4375;7556;-17357;0.96363184;0.031611204;-0.24371218;1325671895
-83.366484;341.4375;7556;-17357;0.96363184;0.028552056;-0.24065304;1325721196
-83.344926;341.4375;7556;-17357;0.961592464;0.025492906;-0.24371218;1325742754
-83.316283;341.4375;7556;-17357;0.96261216;0.025492906;-0.24371218;1325771397
-83.294247;341.4375;7556;-17357;0.961592464;0.026512622;-0.242692468;1325793433
-83.268007;341.4375;7556;-17357;0.96363184;0.02753234;-0.24167276;1325819673
-83.243504;341.4375;7556;-17357;0.96363184;0.029571772;-0.24167276;1325844176
-83.219479;341.4375;7556;-17357;0.96261216;0.028552056;-0.23963332;1325868201
-83.196006;341.4375;7556;-17357;0.96261216;0.025492906;-0.24065304;1325891674
-83.166223;341.4375;7556;-17357;0.961592464;0.02447319;-0.24167276;1325921457
-83.139234;341.4375;7556;-17357;0.9605727;0.025492906;-0.242692468;1325948446
-83.116010;341.4375;7556;-17357;0.961592464;0.02753234;-0.24167276;1325971670
-83.093625;341.4375;7556;-17357;0.96261216;0.02753234;-0.24167276;1325994055
-83.067815;341.4375;7556;-17357;0.961592464;0.028552056;-0.24167276;1326019865
-83.044014;341.4375;7556;-17357;0.961592464;0.028552056;-0.24167276;1326043666
-82.995755;341.4375;7556;-17357;0.9605727;0.028552056;-0.242692468;1326091925
-82.956071;341.4375;7556;-17357;0.96261216;0.02753234;-0.242692468;1326131609
-82.925768;341.4375;7556;-17357;0.96363184;0.02753234;-0.24065304;1326161912
-82.873682;341.4375;7556;-17357;0.96363184;0.02753234;-0.24065304;1326213998
-82.836036;341.4375;7556;-17357;0.96261216;0.025492906;-0.24371218;1326251644
-82.814028;341.4375;7556;-17357;0.96261216;0.026512622;-0.24167276;1326273652
-82.790505;341.4375;7556;-17357;0.96363184;0.028552056;-0.24167276;1326297175
-82.765915;341.4375;7556;-17357;0.961592464;0.029571772;-0.24065304;1326321765
-82.743753;341.4375;7556;-17357;0.9605727;0.029571772;-0.23963332;1326343927
-82.716415;341.4375;7556;-17357;0.96261216;0.026512622;-0.24167276;1326371265
-82.694317;341.4375;7556;-17357;0.96363184;0.025492906;-0.24167276;1326393363
-82.666656;341.4375;7556;-17357;0.96261216;0.026512622;-0.242692468;1326421024
-82.644839;341.4375;7556;-17357;0.9605727;0.02753234;-0.23963332;1326442841
-82.596240;341.4375;7556;-17357;0.96261216;0.02753234;-0.242692468;1326491440
-82.562045;341.4375;7556;-17357;0.96261216;0.025492906;-0.2447319;1326525635
-82.535697;341.4375;7556;-17357;0.96261216;0.025492906;-0.24167276;1326551983
-82.514031;341.4375;7556;-17357;0.96261216;0.025492906;-0.242692468;1326573649
-82.486738;341.4375;7556;-17357;0.96363184;0.026512622;-0.242692468;1326600942
-82.464300;341.4375;7556;-17357;0.96261216;0.028552056;-0.24167276;1326623380
-82.431595;341.4375;7556;-17357;0.96363184;0.029571772;-0.24065304;1326656085
-82.399485;341.4375;7556;-17357;0.96261216;0.026512622;-0.24167276;1326688195
-82.376076;341.4375;7556;-17357;0.96261216;0.025492906;-0.24167276;1326711604
-82.332039;341.4375;7556;-17357;0.961592464;0.026512622;-0.2386136;1326755641
-82.274993;341.4375;7556;-17357;0.96363184;0.028552056;-0.24167276;1326812687
-82.231001;341.4375;7556;-17357;0.96261216;0.028552056;-0.242692468;1326856679
-82.196320;341.4375;7556;-17357;0.96363184;0.023453474;-0.24167276;1326891360
-82.173637;341.4375;7556;-17357;0.961592464;0.026512622;-0.23963332;1326914043
-82.131347;341.4375;7556;-17357;0.96261216;0.028552056;-0.24065304;1326956333
-82.106320;341.4375;7556;-17357;0.96363184;0.029571772;-0.242692468;1326981360
-82.064109;341.4375;7556;-17357;0.961592464;0.025492906;-0.24167276;1327023571
-82.036039;341.4375;7556;-17357;0.96261216;0.025492906;-0.24167276;1327051641
-82.005906;341.4375;7556;-17357;0.961592464;0.02753234;-0.24167276;1327081774
-81.983966;341.4375;7556;-17357;0.961592464;0.030591488;-0.24371218;1327103714
-81.925943;341.4375;7556;-17357;0.961592464;0.028552056;-0.24167276;1327161737
-81.902966;341.4375;7556;-17357;0.96261216;0.025492906;-0.2447319;1327184714
-81.880274;341.4375;7556;-17357;0.96261216;0.02447319;-0.24167276;1327207406
-81.855860;341.4375;7556;-17357;0.96261216;0.02447319;-0.24371218;1327231820
-81.829546;341.4375;7556;-17357;0.96363184;0.02753234;-0.2447319;1327258134
-81.806095;341.4375;7556;-17357;0.96363184;0.02753234;-0.24065304;1327281585
-81.758074;341.4375;7556;-17357;0.9605727;0.025492906;-0.24167276;1327329606
-81.715952;341.4375;7556;-17357;0.961592464;0.028552056;-0.23963332;1327371728
-81.692842;341.4375;7556;-17357;0.96261216;0.030591488;-0.242692468;1327394838
-81.666292;341.4375;7556;-17357;0.961592464;0.02753234;-0.24167276;1327421388
-81.645241;341.4375;7556;-17357;0.961592464;0.029571772;-0.242692468;1327442439
-81.596815;341.4375;7556;-17357;0.96261216;0.02447319;-0.2447319;1327490865
-81.574757;341.4375;7556;-17357;0.96261216;0.02447319;-0.242692468;1327512923
-81.550090;341.4375;7556;-17357;0.961592464;0.02753234;-0.24167276;1327537590
-81.526113;341.4375;7556;-17357;0.961592464;0.029571772;-0.24065304;1327561567
-81.496154;341.4375;7556;-17357;0.96363184;0.030591488;-0.242692468;1327591526
-81.473424;341.4375;7556;-17357;0.96363184;0.028552056;-0.23963332;1327614256
-81.446352;341.4375;7556;-17357;0.961592464;0.02753234;-0.242692468;1327641328
-81.416210;341.4375;7556;-17357;0.961592464;0.026512622;-0.24167276;1327671470
-81.394389;341.4375;7556;-17357;0.96363184;0.025492906;-0.24065304;1327693291
-81.372428;341.4375;7556;-17357;0.96261216;0.026512622;-0.24167276;1327715252
-81.346397;341.4375;7556;-17357;0.96261216;0.026512622;-0.242692468;1327741283
-81.275116;341.4375;7556;-17357;0.96261216;0.028552056;-0.24065304;1327812564
-81.245798;341.4375;7556;-17357;0.961592464;0.02753234;-0.24371218;1327841882
-81.216082;341.4375;7556;-17357;0.96363184;0.025492906;-0.24065304;1327871598
-81.193640;341.4375;7556;-17357;0.961592464;0.028552056;-0.2386136;1327894040
-81.166565;341.4375;7556;-17357;0.96261216;0.02753234;-0.24167276;1327921115
-81.144479;341.4375;7556;-17357;0.9605727;0.030591488;-0.242692468;1327943201
-81.122714;341.4375;7556;-17357;0.961592464;0.026512622;-0.24167276;1327964966
-81.086141;341.4375;7556;-17357;0.96363184;0.026512622;-0.24167276;1328001539
-81.064834;341.4375;7556;-17357;0.96363184;0.026512622;-0.242692468;1328022846
-81.043052;341.4375;7556;-17357;0.96363184;0.026512622;-0.2386136;1328044628
-81.016268;341.4375;7556;-17357;0.96261216;0.029571772;-0.24167276;1328071412
-80.986004;341.4375;7556;-17357;0.9605727;0.029571772;-0.242692468;1328101676
-80.963324;341.4375;7556;-17357;0.961592464;0.028552056;-0.2447319;1328124356
-80.938866;341.4375;7556;-17357;0.961592464;0.026512622;-0.24065304;1328148814
-80.885289;341.4375;7556;-17357;0.96261216;0.02753234;-0.24371218;1328202391
-80.856301;341.4375;7556;-17357;0.9605727;0.026512622;-0.24371218;1328231379
-80.833824;341.4375;7556;-17357;0.9605727;0.02753234;-0.242692468;1328253856
-80.806311;341.4375;7556;-17357;0.961592464;0.028552056;-0.24167276;1328281369
-80.785055;341.4375;7556;-17357;0.961592464;0.023453474;-0.24065304;1328302625
-80.762622;341.4375;7556;-17357;0.961592464;0.02753234;-0.24167276;1328325058
-80.726021;341.4375;7556;-17357;0.96363184;0.025492906;-0.24167276;1328361659
-80.703040;341.4375;7556;-17357;0.96363184;0.028552056;-0.2447319;1328384640
-80.679838;341.4375;7556;-17357;0.96261216;0.029571772;-0.24167276;1328407842
-80.633602;341.4375;7556;-17357;0.96363184;0.028552056;-0.24167276;1328454078
-80.596220;341.4375;7556;-17357;0.961592464;0.025492906;-0.24167276;1328491460
-80.573437;341.4375;7556;-17357;0.9656713;0.026512622;-0.24167276;1328514243
-80.536052;341.4375;7556;-17357;0.96261216;0.02753234;-0.24167276;1328551628
-80.514161;341.4375;7556;-17357;0.96261216;0.029571772;-0.24371218;1328573519
-80.435852;341.4375;7556;-17357;0.96261216;0.02753234;-0.23963332;1328651828
-80.414204;341.4375;7556;-17357;0.96261216;0.02753234;-0.24167276;1328673476
-80.391749;341.4375;7556;-17357;0.96363184;0.026512622;-0.2447319;1328695931
-80.366340;341.4375;7556;-17357;0.96363184;0.02753234;-0.24371218;1328721340
-80.345047;341.4375;7556;-17357;0.96261216;0.028552056;-0.24167276;1328742633
-80.322800;341.4375;7556;-17357;0.961592464;0.028552056;-0.242692468;1328764880
-80.286124;341.4375;7556;-17357;0.96261216;0.026512622;-0.24167276;1328801556
-80.263718;341.4375;7556;-17357;0.96261216;0.025492906;-0.24167276;1328823962
-80.236342;341.4375;7556;-17357;0.96363184;0.025492906;-0.242692468;1328851338
-80.205819;341.4375;7556;-17357;0.961592464;0.02753234;-0.242692468;1328881861
-80.183238;341.4375;7556;-17357;0.96261216;0.028552056;-0.24167276;1328904442
-80.134504;341.4375;7556;-17357;0.9605727;0.031611204;-0.24167276;1328953176
-80.106481;341.4375;7556;-17357;0.961592464;0.028552056;-0.24167276;1328981199
-80.084567;341.4375;7556;-17357;0.96363184;0.026512622;-0.24371218;1329003113
-80.063220;341.4375;7556;-17357;0.96363184;0.02753234;-0.23963332;1329024460
-80.016252;341.4375;7556;-17357;0.961592464;0.028552056;-0.242692468;1329071428
-79.986390;341.4375;7556;-17357;0.96363184;0.028552056;-0.24167276;1329101290
-79.963516;341.4375;7556;-17357;0.96261216;0.028552056;-0.24167276;1329124164
-79.937217;341.4375;7556;-17357;0.96261216;0.028552056;-0.242692468;1329150463
-79.915811;341.4375;7556;-17357;0.961592464;0.02753234;-0.24065304;1329171869
-79.886839;341.4375;7556;-17357;0.96261216;0.026512622;-0.24167276;1329200841
-79.863670;341.4375;7556;-17357;0.96261216;0.02753234;-0.24167276;1329224010
-79.836172;341.4375;7556;-17357;0.96261216;0.028552056;-0.2447319;1329251508
-79.806463;341.4375;7556;-17357;0.96261216;0.026512622;-0.242692468;1329281217
-79.784468;341.4375;7556;-17357;0.96261216;0.026512622;-0.24371218;1329303212
-79.763197;341.4375;7556;-17357;0.96261216;0.026512622;-0.24167276;1329324483
-79.730196;341.4375;7556;-17357;0.959553;0.026512622;-0.24167276;1329357484
-79.706013;341.4375;7556;-17357;0.961592464;0.026512622;-0.24065304;1329381667
-79.656640;341.4375;7556;-17357;0.961592464;0.029571772;-0.242692468;1329431040
-79.629421;341.4375;7556;-17357;0.96261216;0.026512622;-0.24167276;1329458259
-79.606186;341.4375;7556;-17357;0.961592464;0.02753234;-0.24065304;1329481494
-79.565466;341.4375;7556;-17357;0.961592464;0.028552056;-0.23963332;1329522214
-79.530435;341.4375;7556;-17357;0.96261216;0.029571772;-0.242692468;1329557245
-79.505843;341.4375;7556;-17357;0.961592464;0.026512622;-0.242692468;1329581837
-79.456452;341.4375;7556;;55;96;4269;1329631228
-79.430922;341.4375;7556;-17357;0.96261216;0.026512622;-0.242692468;1329656758
-79.406161;341.4375;7556;-17357;0.959553;0.026512622;-0.242692468;1329681519
-79.383649;341.4375;7556;-17357;0.961592464;0.02753234;-0.242692468;1329704031
-79.356292;341.4375;7556;-17357;0.96363184;0.028552056;-0.242692468;1329731388
-79.334126;341.4375;7556;-17357;0.961592464;0.02753234;-0.242692468;1329753554
-79.273200;341.4375;7556;-17357;0.961592464;0.026512622;-0.24065304;1329814480
-79.246541;341.4375;7556;-17357;0.96363184;0.030591488;-0.24167276;1329841139
-79.224455;341.4375;7556;-17357;0.96261216;0.026512622;-0.242692468;1329863225
-79.196474;341.4375;7556;-17357;0.9605727;0.02753234;-0.24167276;1329891206
-79.175217;341.4375;7556;-17357;0.961592464;0.029571772;-0.242692468;1329912463
-79.103876;341.4375;7556;-17357;0.961592464;0.026512622;-0.24167276;1329983804
-79.082138;341.4375;7556;-17357;0.961592464;0.02753234;-0.24167276;1330005542
-79.056433;341.4375;7556;-17357;0.96363184;0.029571772;-0.24167276;1330031247
-79.029436;341.4375;7556;-17357;0.96261216;0.02753234;-0.24371218;1330058244
-78.996534;341.4375;7556;-17357;0.96363184;0.028552056;-0.2447319;1330091146
-78.972991;341.4375;7556;-17357;0.96261216;0.02753234;-0.237593884;1330114689
-78.946373;341.4375;7556;-17357;0.9605727;0.026512622;-0.2447319;1330141307
-78.916305;341.4375;7556;-17357;0.96363184;0.026512622;-0.23963332;1330171375
-78.885949;341.4375;7556;-17357;0.961592464;0.030591488;-0.24167276;1330201731
-78.856296;341.4375;7556;-17357;0.9646516;0.029571772;-0.24065304;1330231384
-78.830524;341.4375;7556;-17357;0.961592464;0.025492906;-0.24065304;1330257156
-78.801965;341.4375;7556;-17357;0.96261216;0.025492906;-0.24167276;1330285715
-78.779120;341.4375;7556;-17357;0.96261216;0.025492906;-0.237593884;1330308560
-78.755752;341.4375;7556;;12;45;4268;1330331928
-78.733881;341.4375;7556;-17357;0.96261216;0.029571772;-0.242692468;1330353799
-78.706807;341.4375;7556;-17357;0.961592464;0.028552056;-0.242692468;1330380873
-78.646151;341.4375;7556;-17357;0.96261216;0.026512622;-0.242692468;1330441529
-78.616308;341.4375;7556;-17357;0.96261216;0.02753234;-0.2447319;1330471372
-78.594307;341.4375;7556;-17357;0.96363184;0.029571772;-0.24371218;1330493373
-78.567239;341.4375;7556;-17357;0.9605727;0.028552056;-0.24065304;1330520441
-78.545611;341.4375;7556;-17357;0.96363184;0.030591488;-0.242692468;1330542069
-78.506817;341.4375;7556;-17357;0.96261216;0.02753234;-0.242692468;1330580863
-78.484624;341.4375;7556;-17357;0.96261216;0.026512622;-0.24065304;1330603056
-78.463038;341.4375;7556;-17357;0.9605727;0.028552056;-0.23963332;1330624642
-78.435976;341.4375;7556;-17357;0.96261216;0.026512622;-0.242692468;1330651704
-78.396160;341.4375;7556;-17357;0.961592464;0.028552056;-0.24677134;1330691520
-78.372402;341.4375;7556;-17357;0.961592464;0.028552056;-0.24167276;1330715278
-78.336100;341.4375;7556;-17357;0.961592464;0.026512622;-0.24167276;1330751580
-78.314002;341.4375;7556;-17357;0.96261216;0.02753234;-0.24065304;1330773678
-78.286849;341.4375;7556;-17357;0.96363184;0.028552056;-0.2447319;1330800831
-78.263632;341.4375;7556;-17357;0.9605727;0.028552056;-0.242692468;1330824048
-78.205791;341.4375;7556;-17357;0.961592464;0.02753234;-0.23963332;1330881889
-78.183818;341.4375;7556;-17357;0.96261216;0.026512622;-0.24575162;1330903862
-78.156498;341.4375;7556;-17357;0.96261216;0.026512622;-0.242692468;1330931182
-78.134890;341.4375;7556;-17357;0.961592464;0.028552056;-0.24167276;1330952790
-78.106394;341.4375;7556;-17357;0.96261216;0.028552056;-0.23963332;1330981286
-78.084355;341.4375;7556;-17357;0.961592464;0.030591488;-0.24371218;1331003325
-78.056253;341.4375;7556;-17357;0.961592464;0.030591488;-0.24167276;1331031427
-78.034914;341.4375;7556;-17357;0.96261216;0.026512622;-0.23963332;1331052766
-78.005953;341.4375;7556;-17357;0.961592464;0.02753234;-0.24167276;1331081727
-77.983093;341.4375;7556;-17357;0.96363184;0.025492906;-0.24167276;1331104587
-77.956266;341.4375;7556;-17357;0.96261216;0.02753234;-0.24167276;1331131414
-77.929485;341.4375;7556;-17357;0.96261216;0.029571772;-0.24371218;1331158195
-77.905833;341.4375;7556;-17357;0.96261216;0.02753234;-0.24167276;1331181847
-77.883217;341.4375;7556;-17357;0.96363184;0.026512622;-0.24167276;1331204463
-77.841580;341.4375;7556;-17357;0.96363184;0.026512622;-0.242692468;1331246100
-77.786777;341.4375;7556;-17357;0.96261216;0.028552056;-0.24167276;1331300903
-77.765166;341.4375;7556;-17357;0.96261216;0.028552056;-0.24167276;1331322514
-77.735710;341.4375;7556;-17357;0.961592464;0.030591488;-0.242692468;1331351970
-77.706153;341.4375;7556;-17357;0.96363184;0.02753234;-0.24167276;1331381527
-77.683425;341.4375;7556;-17357;0.96261216;0.02447319;-0.23963332;1331404255
-77.632097;341.4375;7556;-17357;0.961592464;0.030591488;-0.24371218;1331455583
-77.596404;341.4375;7556;-17357;0.961592464;0.031611204;-0.242692468;1331491276
-77.575081;341.4375;7556;-17357;0.96261216;0.02753234;-0.24167276;1331512599
-77.539650;341.4375;7556;-17357;0.96261216;0.02447319;-0.24065304;1331548030
-77.515103;341.4375;7556;-17357;0.961592464;0.025492906;-0.24065304;1331572577
-77.485729;341.4375;7556;-17357;0.96363184;0.02753234;-0.24371218;1331601951
-77.435796;341.4375;7556;-17357;0.961592464;0.028552056;-0.24065304;1331651884
-77.413876;341.4375;7556;-17357;0.96261216;0.02753234;-0.242692468;1331673804
-77.365689;341.4375;7556;-17357;0.96261216;0.025492906;-0.24371218;1331721991
-77.331661;341.4375;7556;-17357;0.961592464;0.025492906;-0.24167276;1331756019
-77.306311;341.4375;7556;-17357;0.96261216;0.029571772;-0.24167276;1331781369
-77.283280;341.4375;7556;-17357;0.961592464;0.029571772;-0.24167276;1331804400
-77.255993;341.4375;7556;-17357;0.96261216;0.028552056;-0.24065304;1331831687
-77.229604;341.4375;7556;-17357;0.96261216;0.026512622;-0.24167276;1331858076
-77.205898;341.4375;7556;-17357;0.9605727;0.025492906;-0.24167276;1331881782
-77.183382;341.4375;7556;-17357;0.96363184;0.02753234;-0.242692468;1331904298
-77.135149;341.4375;7556;-17357;0.96261216;0.031611204;-0.24065304;1331952531
-77.106347;341.4375;7556;-17357;0.961592464;0.030591488;-0.242692468;1331981333
-77.056711;341.4375;7556;-17357;0.96363184;0.023453474;-0.24167276;1332030969
-77.034988;341.4375;7556;-17357;0.96261216;0.025492906;-0.24167276;1332052692
-77.012604;341.4375;7556;-17357;0.961592464;0.026512622;-0.24167276;1332075076
-76.986096;341.4375;7556;-17357;0.961592464;0.028552056;-0.23963332;1332101584
-76.963483;341.4375;7556;-17357;0.96261216;0.028552056;-0.242692468;1332124197
-76.915985;341.4375;7556;-17357;0.9605727;0.02753234;-0.24371218;1332171695
-76.894093;341.4375;7556;-17357;0.961592464;0.02447319;-0.2386136;1332193587
-76.866396;341.4375;7556;-17357;0.9605727;0.025492906;-0.23963332;1332221284
-76.844891;341.4375;7556;-17357;0.96363184;0.026512622;-0.24167276;1332242789
-76.816129;341.4375;7556;-17357;0.96363184;0.030591488;-0.24167276;1332271551
-76.762737;341.4375;7556;-17357;0.96261216;0.02753234;-0.242692468;1332324943
-76.730949;341.4375;7556;-17357;0.96261216;0.02447319;-0.242692468;1332356731
-76.696274;341.4375;7556;-17357;0.9646516;0.02447319;-0.24167276;1332391406
-76.674976;341.4375;7556;-17357;0.96261216;0.026512622;-0.24167276;1332412704
-76.653127;341.4375;7556;-17357;0.961592464;0.02753234;-0.242692468;1332434553
-76.596320;341.4375;7556;-17357;0.961592464;0.026512622;-0.24371218;1332491360
-76.573977;341.4375;7556;-17357;0.96261216;0.025492906;-0.24167276;1332513703
-76.530869;341.4375;7556;-17357;0.96261216;0.028552056;-0.24065304;1332556811
-76.505516;341.4375;7556;-17357;0.96363184;0.028552056;-0.242692468;1332582164
-76.480588;341.4375;7556;-17357;0.9605727;0.028552056;-0.242692468;1332607092
-76.455749;341.4375;7556;-17357;0.96261216;0.028552056;-0.24167276;1332631931
-76.405440;341.4375;7556;-17357;0.96363184;0.025492906;-0.24371218;1332682240
-76.383104;341.4375;7556;-17357;0.96261216;0.02753234;-0.24167276;1332704576
-76.356272;341.4375;7556;-17357;0.96261216;0.02753234;-0.23963332;1332731408
-76.335038;341.4375;7556;-17357;0.96261216;0.028552056;-0.242692468;1332752642
-76.305873;341.4375;7556;-17357;0.96261216;0.028552056;-0.23963332;1332781807
-76.282011;341.4375;7556;-17357;0.961592464;0.02753234;-0.24065304;1332805669
-76.256162;341.4375;7556;-17357;0.96363184;0.026512622;-0.242692468;1332831518
-76.234131;341.4375;7556;-17357;0.961592464;0.02753234;-0.2386136;1332853549
-76.206215;341.4375;7556;-17357;0.96261216;0.026512622;-0.24065304;1332881465
-76.183603;341.4375;7556;-17357;0.96363184;0.028552056;-0.23963332;1332904077
-76.134884;341.4375;7556;-17357;0.961592464;0.02753234;-0.242692468;1332952796
-76.066013;341.4375;7556;-17357;0.9605727;0.02753234;-0.24371218;1333021667
-76.043947;341.4375;7556;-17357;0.96363184;0.026512622;-0.24167276;1333043733
-76.020213;341.4375;7556;-17357;0.961592464;0.026512622;-0.24167276;1333067467
-75.996075;341.4375;7556;-17357;0.96363184;0.029571772;-0.2447319;1333091605
-75.972305;341.4375;7556;-17357;0.961592464;0.028552056;-0.242692468;1333115375
-75.946711;341.4375;7556;-17357;0.961592464;0.026512622;-0.24371218;1333140969
-75.916014;341.4375;7556;-17357;0.961592464;0.028552056;-0.242692468;1333171666
-75.894140;341.4375;7556;-17357;0.96261216;0.026512622;-0.23963332;1333193540
-75.865959;341.4375;7556;-17357;0.96363184;0.028552056;-0.24065304;1333221721
-75.835822;341.4375;7556;-17357;0.9646516;0.028552056;-0.24371218;1333251858
-75.813635;341.4375;7556;-17357;0.96261216;0.028552056;-0.24065304;1333274045
-75.785896;341.4375;7556;-17357;0.96363184;0.028552056;-0.24167276;1333301784
-75.763164;341.4375;7556;-17357;0.961592464;0.028552056;-0.24167276;1333324516
-75.735935;341.4375;7556;-17357;0.96261216;0.02753234;-0.2447319;1333351745
-75.712886;341.4375;7556;-17357;0.96363184;0.029571772;-0.237593884;1333374794
-75.685627;341.4375;7556;-17357;0.96363184;0.028552056;-0.242692468;1333402053
-75.642142;341.4375;7556;-17357;0.961592464;0.02753234;-0.24167276;1333445538
-75.616026;341.4375;7556;-17357;0.96261216;0.025492906;-0.242692468;1333471654
-75.593696;341.4375;7556;-17357;0.96261216;0.02447319;-0.242692468;1333493984
-75.566331;341.4375;7556;-17357;0.961592464;0.026512622;-0.24167276;1333521349
-75.536604;341.4375;7556;-17357;0.96261216;0.02753234;-0.242692468;1333551076
-75.514891;341.4375;7556;-17357;0.96261216;0.028552056;-0.24371218;1333572789
-75.491079;341.4375;7556;-17357;0.96261216;0.028552056;-0.24167276;1333596601
-75.466208;341.4375;7556;-17357;0.961592464;0.026512622;-0.24167276;1333621472
-75.445055;341.4375;7556;-17357;0.96363184;0.02753234;-0.24371218;1333642625
-75.416434;341.4375;7556;-17357;0.96261216;0.026512622;-0.242692468;1333671246
-75.385908;341.4375;7556;-17357;0.961592464;0.026512622;-0.24065304;1333701772
-75.363806;341.4375;7556;-17357;0.96363184;0.031611204;-0.24065304;1333723874
-75.336088;341.4375;7556;-17357;0.96261216;0.028552056;-0.23963332;1333751592
-75.306135;341.4375;7556;-17357;0.961592464;0.02753234;-0.242692468;1333781545
-75.284136;341.4375;7556;-17357;0.961592464;0.02753234;-0.24167276;1333803544
-75.256517;341.4375;7556;;2;18;4263;1333831163
-75.229922;341.4375;7556;-17357;0.9605727;0.028552056;-0.2386136;1333857758
-75.183840;341.4375;7556;-17357;0.96261216;0.028552056;-0.24371218;1333903840
-75.134245;341.4375;7556;-17357;0.96363184;0.028552056;-0.242692468;1333953435
-75.112670;341.4375;7556;-17357;0.961592464;0.026512622;-0.24167276;1333975010
-75.086049;341.4375;7556;-17357;0.961592464;0.025492906;-0.24167276;1334001631
-75.064068;341.4375;7556;-17357;0.96261216;0.028552056;-0.24065304;1334023612
-75.030584;341.4375;7556;-17357;0.961592464;0.02753234;-0.242692468;1334057096
-74.999976;341.4375;7556;-17357;0.96261216;0.025492906;-0.242692468;1334087704
-74.975879;341.4375;7556;-17357;0.96363184;0.02753234;-0.23963332;1334111801
-74.952707;341.4375;7556;-17357;0.96261216;0.029571772;-0.242692468;1334134973
-74.929519;341.4375;7556;-17357;0.96363184;0.025492906;-0.24167276;1334158161
-74.906043;341.4375;7556;-17357;0.96363184;0.025492906;-0.24167276;1334181637
-74.883875;341.4375;7556;-17357;0.96363184;0.028552056;-0.24065304;1334203805
-74.858507;341.4375;7556;-17357;0.961592464;0.02753234;-0.24065304;1334229173
-74.835584;341.4375;7556;-17357;0.9605727;0.029571772;-0.242692468;1334252096
-74.805991;341.4375;7556;-17357;0.96261216;0.028552056;-0.23963332;1334281689
-74.783417;341.4375;7556;-17357;0.961592464;0.026512622;-0.24167276;1334304263
-74.735173;341.4375;7556;-17357;0.961592464;0.028552056;-0.24167276;1334352507
-74.705928;341.4375;7556;-17357;0.961592464;0.029571772;-0.24065304;1334381752
-74.682911;341.4375;7556;-17357;0.96261216;0.02753234;-0.24065304;1334404769
-74.656105;341.4375;7556;-17357;0.9605727;0.02753234;-0.24371218;1334431575
-74.632717;341.4375;7556;-17357;0.961592464;0.02753234;-0.24167276;1334454963
-74.606061;341.4375;7556;-17357;0.96363184;0.026512622;-0.242692468;1334481619
-74.546151;341.4375;7556;-17357;0.96363184;0.029571772;-0.2447319;1334541529
-74.516097;341.4375;7556;-17357;0.96261216;0.031611204;-0.24167276;1334571583
-74.485982;341.4375;7556;-17357;0.96261216;0.029571772;-0.242692468;1334601698
-74.463421;341.4375;7556;-17357;0.96261216;0.026512622;-0.24167276;1334624259
-74.396276;341.4375;7556;-17357;0.96261216;0.02753234;-0.2447319;1334691404
-74.366051;341.4375;7556;-17357;0.96363184;0.029571772;-0.24065304;1334721629
-74.335878;341.4375;7556;-17357;0.96261216;0.02753234;-0.242692468;1334751802
-74.285381;341.4375;7556;-17357;0.96261216;0.026512622;-0.24167276;1334802299
-74.263627;341.4375;7556;-17357;0.96261216;0.026512622;-0.24065304;1334824053
-74.235717;341.4375;7556;-17357;0.961592464;0.026512622;-0.24167276;1334851963
-74.205917;341.4375;7556;-17357;0.9605727;0.028552056;-0.24167276;1334881763
-74.182452;341.4375;7556;-17357;0.9646516;0.030591488;-0.24065304;1334905228
-74.156268;341.4375;7556;-17357;0.96363184;0.02753234;-0.24065304;1334931412
-74.134327;341.4375;7556;-17357;0.961592464;0.025492906;-0.24167276;1334953353
-74.112924;341.4375;7556;-17357;0.96261216;0.026512622;-0.242692468;1334974756
-74.085881;341.4375;7556;-17357;0.96363184;0.026512622;-0.24371218;1335001799
-74.063296;341.4375;7556;-17357;0.961592464;0.029571772;-0.24065304;1335024384
-74.040332;341.4375;7556;-17357;0.96261216;0.02753234;-0.24371218;1335047348
-74.015707;341.4375;7556;-17357;0.96363184;0.026512622;-0.24371218;1335071973
-73.985871;341.4375;7556;-17357;0.961592464;0.028552056;-0.24167276;1335101809
-73.963337;341.4375;7556;-17357;0.9646516;0.025492906;-0.242692468;1335124343
-73.930949;341.4375;7556;-17357;0.96261216;0.025492906;-0.23963332;1335156731
-73.905913;341.4375;7556;-17357;0.96261216;0.02753234;-0.24065304;1335181767
-73.879393;341.4375;7556;-17357;0.96261216;0.028552056;-0.24065304;1335208287
-73.825633;341.4375;7556;-17357;0.96363184;0.026512622;-0.242692468;1335262047
-73.785856;341.4375;7556;-17357;0.96363184;0.026512622;-0.23963332;1335301824
-73.764042;341.4375;7556;-17357;0.9646516;0.026512622;-0.24167276;1335323638
-73.736131;341.4375;7556;-17357;0.961592464;0.02753234;-0.242692468;1335351549
-73.706782;341.4375;7556;-17357;0.961592464;0.030591488;-0.24167276;1335380898
-73.662155;341.4375;7556;-17357;0.961592464;0.02753234;-0.24371218;1335425525
-73.635886;341.4375;7556;-17357;0.961592464;0.028552056;-0.242692468;1335451794
-73.613496;341.4375;7556;-17357;0.961592464;0.02753234;-0.24167276;1335474184
-73.586065;341.4375;7556;-17357;0.96261216;0.02753234;-0.24167276;1335501615
-73.561757;341.4375;7556;-17357;0.96363184;0.02753234;-0.24167276;1335525923
-73.535936;341.4375;7556;-17357;0.96261216;0.029571772;-0.24371218;1335551744
-73.506558;341.4375;7556;-17357;0.961592464;0.02753234;-0.24371218;1335581122
-73.484943;341.4375;7556;-17357;0.96363184;0.026512622;-0.24167276;1335602737
-73.456181;341.4375;7556;;-30;0;4268;1335631499
-73.434850;341.4375;7556;-17357;0.9605727;0.025492906;-0.24371218;1335652830
-73.382390;341.4375;7556;-17357;0.96261216;0.02753234;-0.2447319;1335705290
-73.355484;341.4375;7556;-17357;0.96363184;0.02753234;-0.242692468;1335732196
-73.332100;341.4375;7556;-17357;0.961592464;0.026512622;-0.24065304;1335755580
-73.300710;341.4375;7556;-17357;0.9656713;0.02753234;-0.2447319;1335786970
-73.279130;341.4375;7556;-17357;0.96363184;0.02753234;-0.24065304;1335808550
-73.254999;341.4375;7556;-17357;0.96261216;0.028552056;-0.24371218;1335832681
-73.233144;341.4375;7556;-17357;0.96261216;0.030591488;-0.242692468;1335854536
-73.206283;341.4375;7556;-17357;0.961592464;0.02753234;-0.24065304;1335881397
-73.184576;341.4375;7556;-17357;0.96363184;0.029571772;-0.24371218;1335903104
-73.156353;341.4375;7556;-17357;0.96261216;0.02753234;-0.2386136;1335931327
-73.134527;341.4375;7556;-17357;0.96363184;0.026512622;-0.24065304;1335953153
-73.106197;341.4375;7556;-17357;0.9646516;0.029571772;-0.23963332;1335981483
-73.084861;341.4375;7556;-17357;0.96363184;0.028552056;-0.24167276;1336002819
-73.062885;341.4375;7556;-17357;0.96363184;0.028552056;-0.242692468;1336024795
-73.035995;341.4375;7556;-17357;0.961592464;0.02753234;-0.242692468;1336051685
-73.006294;341.4375;7556;-17357;0.96363184;0.028552056;-0.24371218;1336081386
-72.964123;341.4375;7556;-17357;0.9605727;0.026512622;-0.23963332;1336123557
-72.935555;341.4375;7556;-17357;0.9605727;0.029571772;-0.24371218;1336152125
-72.905894;341.4375;7556;-17357;0.96261216;0.029571772;-0.24371218;1336181786
-72.882392;341.4375;7556;-17357;0.96261216;0.02753234;-0.2447319;1336205288
-72.856021;341.4375;7556;-17357;0.9605727;0.026512622;-0.24167276;1336231659
-72.832568;341.4375;7556;-17357;0.96261216;0.026512622;-0.24167276;1336255112
-72.795790;341.4375;7556;-17357;0.96261216;0.02753234;-0.242692468;1336291890
-72.772229;341.4375;7556;-17357;0.961592464;0.02753234;-0.24167276;1336315451
-72.735888;341.4375;7556;-17357;0.961592464;0.028552056;-0.24065304;1336351792
-72.706213;341.4375;7556;-17357;0.96363184;0.028552056;-0.242692468;1336381467
-72.684496;341.4375;7556;-17357;0.96261216;0.02753234;-0.2386136;1336403184
-72.658647;341.4375;7556;-17357;0.96363184;0.02753234;-0.24167276;1336429033
-72.629531;341.4375;7556;-17357;0.96363184;0.02753234;-0.24371218;1336458149
-72.596139;341.4375;7556;-17357;0.96363184;0.028552056;-0.24371218;1336491541
-72.572670;341.4375;7556;-17357;0.96261216;0.02753234;-0.24167276;1336515010
-72.546128;341.4375;7556;-17357;0.96261216;0.030591488;-0.24167276;1336541552
-72.486856;341.4375;7556;-17357;0.9605727;0.026512622;-0.24167276;1336600824
-72.464734;341.4375;7556;-17357;0.9605727;0.029571772;-0.24371218;1336622946
-72.442669;341.4375;7556;-17357;0.96363184;0.02753234;-0.24065304;1336645011
-72.416201;341.4375;7556;-17357;0.9605727;0.026512622;-0.24167276;1336671479
-72.393374;341.4375;7556;-17357;0.96363184;0.028552056;-0.24167276;1336694306
-72.365894;341.4375;7556;-17357;0.961592464;0.02753234;-0.23963332;1336721786
-72.335825;341.4375;7556;-17357;0.96261216;0.025492906;-0.242692468;1336751855
-72.305909;341.4375;7556;-17357;0.961592464;0.026512622;-0.24575162;1336781771
-72.283552;341.4375;7556;-17357;0.961592464;0.028552056;-0.23963332;1336804128
-72.229478;341.4375;7556;-17357;0.96261216;0.02753234;-0.24371218;1336858202
-72.205505;341.4375;7556;-17357;0.961592464;0.028552056;-0.24371218;1336882175
-72.183194;341.4375;7556;-17357;0.96363184;0.026512622;-0.242692468;1336904486
-72.158636;341.4375;7556;-17357;0.96363184;0.028552056;-0.24167276;1336929044
-72.135323;341.4375;7556;-17357;0.961592464;0.026512622;-0.242692468;1336952357
-72.085608;341.4375;7556;-17357;0.961592464;0.02753234;-0.24065304;1337002072
-72.055011;341.4375;7556;-17357;0.96261216;0.028552056;-0.242692468;1337032669
-72.016229;341.4375;7556;-17357;0.961592464;0.029571772;-0.242692468;1337071451
-71.985799;341.4375;7556;-17357;0.96261216;0.026512622;-0.23963332;1337101881
-71.956253;341.4375;7556;-17357;0.96363184;0.026512622;-0.24065304;1337131427
-71.931264;341.4375;7556;-17357;0.96363184;0.028552056;-0.24065304;1337156416
-71.905736;341.4375;7556;-17357;0.96261216;0.028552056;-0.24065304;1337181944
-71.883663;341.4375;7556;-17357;0.96261216;0.025492906;-0.24167276;1337204017
-71.816150;341.4375;7556;-17357;0.96363184;0.028552056;-0.24167276;1337271530
-71.785617;341.4375;7556;-17357;0.961592464;0.028552056;-0.24167276;1337302063
-71.729452;341.4375;7556;-17357;0.96261216;0.02753234;-0.242692468;1337358228
-71.705791;341.4375;7556;-17357;0.961592464;0.026512622;-0.24167276;1337381889
-71.683065;341.4375;7556;-17357;0.9646516;0.028552056;-0.242692468;1337404615
-71.629168;341.4375;7556;-17357;0.96363184;0.029571772;-0.24065304;1337458512
-71.565869;341.4375;7556;-17357;0.96261216;0.026512622;-0.242692468;1337521811
-71.544148;341.4375;7556;-17357;0.961592464;0.02753234;-0.242692468;1337543532
-71.515799;341.4375;7556;-17357;0.96363184;0.02753234;-0.24065304;1337571881
-71.493113;341.4375;7556;-17357;0.96363184;0.026512622;-0.2386136;1337594567
-71.466305;341.4375;7556;-17357;0.96363184;0.026512622;-0.242692468;1337621375
-71.435571;341.4375;7556;-17357;0.96363184;0.026512622;-0.24167276;1337652109
-71.413418;341.4375;7556;-17357;0.96363184;0.026512622;-0.24065304;1337674262
-71.385591;341.4375;7556;-17357;0.96261216;0.026512622;-0.24167276;1337702089
-71.363489;341.4375;7556;-17357;0.96261216;0.02753234;-0.24065304;1337724191
-71.335899;341.4375;7556;-17357;0.959553;0.02753234;-0.24167276;1337751781
-71.313315;341.4375;7556;-17357;0.9646516;0.029571772;-0.2386136;1337774365
-71.286464;341.4375;7556;-17357;0.96261216;0.028552056;-0.24167276;1337801216
-71.264692;341.4375;7556;-17357;0.96363184;0.029571772;-0.23963332;1337822988
-71.235299;341.4375;7556;-17357;0.96261216;0.026512622;-0.24371218;1337852381
-71.214000;341.4375;7556;-17357;0.96261216;0.02753234;-0.24167276;1337873680
-71.185349;341.4375;7556;-17357;0.9605727;0.028552056;-0.24371218;1337902331
-71.135320;341.4375;7556;-17357;0.961592464;0.026512622;-0.24167276;1337952360
-71.106029;341.4375;7556;-17357;0.96363184;0.028552056;-0.24167276;1337981651
-71.082997;341.4375;7556;-17357;0.96261216;0.02753234;-0.24065304;1338004683
-71.056116;341.4375;7556;-17357;0.96261216;0.02753234;-0.24371218;1338031564
-71.029923;341.4375;7556;-17357;0.96363184;0.026512622;-0.24065304;1338057757
-70.973508;341.4375;7556;-17357;0.9605727;0.029571772;-0.2386136;1338114172
-70.948555;341.4375;7556;-17357;0.96363184;0.028552056;-0.24371218;1338139125
-70.903737;341.4375;7556;-17357;0.96261216;0.026512622;-0.24065304;1338183943
-70.881393;341.4375;7556;-17357;0.96261216;0.028552056;-0.24065304;1338206287
-70.785884;341.4375;7556;-17357;0.96261216;0.028552056;-0.24065304;1338301796
-70.763971;341.4375;7556;-17357;0.96261216;0.026512622;-0.24167276;1338323709
-70.735787;341.4375;7556;-17357;0.96261216;0.025492906;-0.24371218;1338351893
-70.681364;341.4375;7556;-17357;0.96363184;0.029571772;-0.24167276;1338406316
-70.655550;341.4375;7556;-17357;0.96261216;0.028552056;-0.23963332;1338432130
-70.633937;341.4375;7556;-17357;0.96261216;0.02753234;-0.2386136;1338453743
-70.606500;341.4375;7556;-17357;0.96363184;0.02753234;-0.2386136;1338481180
-70.575626;341.4375;7556;-17357;0.961592464;0.02447319;-0.23963332;1338512054
-70.535640;341.4375;7556;-17357;0.961592464;0.028552056;-0.242692468;1338552040
-70.514013;341.4375;7556;-17357;0.96363184;0.028552056;-0.23963332;1338573667
-70.486347;341.4375;7556;-17357;0.96363184;0.028552056;-0.24167276;1338601333
-70.463624;341.4375;7556;-17357;0.96363184;0.02753234;-0.24167276;1338624056
-70.437192;341.4375;7556;-17357;0.96261216;0.02753234;-0.242692468;1338650488
-70.414808;341.4375;7556;-17357;0.961592464;0.02447319;-0.24065304;1338672872
-70.385851;341.4375;7556;-17357;0.961592464;0.026512622;-0.24167276;1338701829
-70.362201;341.4375;7556;-17357;0.96261216;0.02753234;-0.24167276;1338725479
-70.335834;341.4375;7556;-17357;0.961592464;0.029571772;-0.24167276;1338751846
-70.313345;341.4375;7556;-17357;0.96363184;0.026512622;-0.24065304;1338774335
-70.288080;341.4375;7556;-17357;0.96363184;0.028552056;-0.242692468;1338799600
-70.233502;341.4375;7556;-17357;0.96363184;0.025492906;-0.23963332;1338854178
-70.206301;341.4375;7556;-17357;0.96363184;0.026512622;-0.24065304;1338881379
-70.183994;341.4375;7556;-17357;0.96261216;0.02753234;-0.24167276;1338903686
-70.156457;341.4375;7562;-357;0.96261216;0.02753234;-0.24065304;1338931223
-70.132111;341.4375;7562;-17357;0.96363184;0.028552056;-0.2386136;1338955569
-70.106049;341.4375;7562;-17357;0.96261216;0.026512622;-0.24167276;1338981631
-70.084002;341.4375;7562;-17357;0.96363184;0.02753234;-0.24167276;1339003678
-70.059144;341.4375;7562;-17357;0.9585333;0.025492906;-0.23963332;1339028536
-70.030911;341.4375;7562;-17357;0.96363184;0.026512622;-0.24065304;1339056769
-70.005825;341.4375;7562;-17357;0.9605727;0.029571772;-0.24065304;1339081855
-69.982519;341.4375;7562;-17357;0.961592464;0.02753234;-0.24065304;1339105161
-69.933918;341.4375;7562;-17357;0.96261216;0.026512622;-0.24167276;1339153762
-69.905469;341.4375;7562;-17357;0.96261216;0.02753234;-0.23963332;1339182211
-69.882826;341.4375;7562;-17357;0.96363184;0.028552056;-0.242692468;1339204854
-69.836278;341.4375;7562;-17357;0.961592464;0.02753234;-0.242692468;1339251402
-69.814203;341.4375;7562;-17357;0.961592464;0.025492906;-0.24167276;1339273477
-69.792767;341.4375;7562;-17357;0.961592464;0.028552056;-0.2447319;1339294913
-69.766098;341.4375;7562;-17357;0.96363184;0.02753234;-0.24167276;1339321582
-69.735569;341.4375;7562;-17357;0.96261216;0.02447319;-0.23963332;1339352111
-69.705614;341.4375;7562;-17357;0.961592464;0.02753234;-0.24065304;1339382066
-69.684062;341.4375;7562;-17357;0.961592464;0.028552056;-0.24167276;1339403618
-69.660138;341.4375;7562;-17357;0.96261216;0.026512622;-0.24575162;1339427542
-69.635510;341.4375;7562;-17357;0.96363184;0.02753234;-0.24371218;1339452170
-69.613240;341.4375;7562;-17357;0.96363184;0.026512622;-0.24065304;1339474440
-69.579479;341.4375;7562;-17357;0.961592464;0.026512622;-0.24371218;1339508201
-69.555571;341.4375;7562;-17357;0.96261216;0.028552056;-0.24167276;1339532109
-69.534178;341.4375;7562;-17357;0.96261216;0.028552056;-0.24167276;1339553502
-69.506076;341.4375;7562;-17357;0.961592464;0.029571772;-0.24065304;1339581604
-69.483816;341.4375;7562;-17357;0.96363184;0.028552056;-0.23963332;1339603864
-69.415410;341.4375;7562;-17357;0.96261216;0.028552056;-0.23963332;1339672270
-69.366077;341.4375;7562;-17357;0.9605727;0.028552056;-0.2447319;1339721603
-69.344013;341.4375;7562;-17357;0.961592464;0.028552056;-0.24167276;1339743667
-69.315898;341.4375;7562;-17357;0.9605727;0.02753234;-0.2447319;1339771782
-69.285125;341.4375;7562;-17357;0.96363184;0.02753234;-0.23963332;1339802555
-69.263981;341.4375;7562;-17357;0.96363184;0.025492906;-0.24167276;1339823699
-69.242134;341.4375;7562;-17357;0.9646516;0.026512622;-0.24167276;1339845546
-69.215760;341.4375;7562;-17357;0.96363184;0.028552056;-0.24167276;1339871920
-69.185779;341.4375;7562;-17357;0.9605727;0.02753234;-0.242692468;1339901901
-69.152054;341.4375;7562;-17357;0.961592464;0.02753234;-0.24065304;1339935626
-69.129596;341.4375;7562;-17357;0.961592464;0.026512622;-0.24167276;1339958084
-69.105712;341.4375;7562;-17357;0.96363184;0.02753234;-0.23963332;1339981968
-69.033489;341.4375;7562;-17357;0.96363184;0.028552056;-0.24065304;1340054191
-69.005564;341.4375;7562;-17357;0.96363184;0.028552056;-0.24065304;1340082116
-68.954985;341.4375;7562;-17357;0.96261216;0.026512622;-0.242692468;1340132695
-68.932742;341.4375;7562;-17357;0.961592464;0.02753234;-0.24167276;1340154938
-68.905444;341.4375;7562;-17357;0.96261216;0.026512622;-0.24167276;1340182236
-68.884059;341.4375;7562;-17357;0.96261216;0.028552056;-0.23963332;1340203621
-68.859302;341.4375;7562;-17357;0.961592464;0.029571772;-0.24065304;1340228378
-68.835427;341.4375;7562;-17357;0.961592464;0.029571772;-0.23963332;1340252253
-68.805996;341.4375;7562;-17357;0.96261216;0.023453474;-0.24167276;1340281684
-68.784063;341.4375;7562;-17357;0.9605727;0.02753234;-0.24167276;1340303617
-68.735681;341.4375;7562;-17357;0.96261216;0.028552056;-0.24371218;1340351999
-68.696162;341.4375;7562;-17357;0.96261216;0.030591488;-0.24371218;1340391518
-68.673785;341.4375;7562;-17357;0.96261216;0.025492906;-0.2386136;1340413895
-68.650315;341.4375;7562;-17357;0.96261216;0.025492906;-0.242692468;1340437365
-68.628981;341.4375;7562;-17357;0.961592464;0.025492906;-0.242692468;1340458699
-68.602080;341.4375;7562;-17357;0.96363184;0.02447319;-0.24371218;1340485600
-68.575766;341.4375;7562;-17357;0.96261216;0.02753234;-0.24167276;1340511914
-68.506663;341.4375;7562;-17357;0.96363184;0.02753234;-0.24065304;1340581017
-68.482818;341.4375;7562;-17357;0.96261216;0.026512622;-0.23963332;1340604862
-68.416062;341.4375;7562;-17357;0.96261216;0.028552056;-0.24371218;1340671618
-68.386404;341.4375;7562;-17357;0.96261216;0.02753234;-0.24167276;1340701276
-68.364574;341.4375;7562;-17357;0.96363184;0.025492906;-0.24167276;1340723106
-68.342952;341.4375;7562;-17357;0.961592464;0.02753234;-0.24065304;1340744728
-68.312109;341.4375;7562;-17357;0.9605727;0.02753234;-0.24065304;1340775571
-68.285701;341.4375;7562;-17357;0.961592464;0.02753234;-0.24371218;1340801979
-68.263835;341.4375;7562;-17357;0.96363184;0.02753234;-0.24065304;1340823845
-68.235510;341.4375;7562;-17357;0.96363184;0.028552056;-0.24167276;1340852170
-68.205884;341.4375;7562;-17357;0.96363184;0.02753234;-0.242692468;1340881796
-68.184019;341.4375;7562;-17357;0.96261216;0.02753234;-0.23963332;1340903661
-68.162170;341.4375;7562;-17357;0.961592464;0.025492906;-0.23963332;1340925510
-68.135842;341.4375;7562;-17357;0.961592464;0.026512622;-0.24065304;1340951838
-68.113751;341.4375;7562;-17357;0.96363184;0.02753234;-0.24371218;1340973929
-68.055136;341.4375;7562;-17357;0.96261216;0.028552056;-0.23963332;1341032544
-68.031704;341.4375;7562;-17357;0.96261216;0.02753234;-0.24167276;1341055976
-68.005526;341.4375;7562;-17357;0.961592464;0.02753234;-0.24065304;1341082154
-67.983423;341.4375;7562;-17357;0.9605727;0.025492906;-0.242692468;1341104257
-67.933767;341.4375;7562;-17357;0.96363184;0.02753234;-0.24065304;1341153913
-67.912206;341.4375;7562;-17357;0.96261216;0.029571772;-0.24065304;1341175474
-67.885443;341.4375;7562;-17357;0.961592464;0.02753234;-0.24167276;1341202237
-67.863461;341.4375;7562;-17357;0.9605727;0.028552056;-0.24371218;1341224219
-67.842047;341.4375;7562;-17357;0.96261216;0.02753234;-0.24167276;1341245633
-67.815880;341.4375;7562;-17357;0.9605727;0.029571772;-0.24167276;1341271800
-67.792927;341.4375;7562;-17357;0.961592464;0.029571772;-0.24167276;1341294753
-67.765886;341.4375;7562;-17357;0.96363184;0.026512622;-0.24065304;1341321794
-67.730910;341.4375;7562;-17357;0.96261216;0.02753234;-0.23963332;1341356770
-67.705792;341.4375;7562;-17357;0.96363184;0.029571772;-0.2447319;1341381888
-67.675635;341.4375;7562;-17357;0.96261216;0.028552056;-0.24167276;1341412045
-67.635609;341.4375;7562;-17357;0.96363184;0.028552056;-0.23963332;1341452071
-67.605645;341.4375;7562;-17357;0.96261216;0.02753234;-0.24167276;1341482035
-67.583662;341.4375;7562;-17357;0.96261216;0.02753234;-0.242692468;1341504018
-67.561002;341.4375;7562;-17357;0.9605727;0.029571772;-0.24167276;1341526678
-67.535453;341.4375;7562;-17357;0.961592464;0.026512622;-0.237593884;1341552227
-67.511833;341.4375;7562;-17357;0.961592464;0.026512622;-0.23963332;1341575847
-67.462967;341.4375;7562;-17357;0.96261216;0.02753234;-0.24065304;1341624713
-67.435884;341.4375;7562;-17357;0.96261216;0.028552056;-0.242692468;1341651796
-67.405960;341.4375;7562;-17357;0.961592464;0.028552056;-0.24167276;1341681720
-67.379353;341.4375;7562;-17357;0.96261216;0.028552056;-0.24065304;1341708327
-67.273557;341.4375;7562;-17357;0.96261216;0.02753234;-0.24167276;1341814123
-67.235740;341.4375;7562;-17357;0.96363184;0.02753234;-0.242692468;1341851940
-67.213217;341.4375;7562;-17357;0.961592464;0.028552056;-0.24167276;1341874463
-67.178231;341.4375;7562;-17357;0.9605727;0.02753234;-0.242692468;1341909449
-67.154896;341.4375;7562;-17357;0.96363184;0.02753234;-0.24575162;1341932784
-67.132937;341.4375;7562;-17357;0.96261216;0.028552056;-0.242692468;1341954743
-67.106035;341.4375;7562;-17357;0.9605727;0.02753234;-0.24371218;1341981645
-67.031179;341.4375;7562;-17357;0.9646516;0.02753234;-0.2386136;1342056501
-67.006084;341.4375;7562;-17357;0.961592464;0.02753234;-0.242692468;1342081596
-66.984177;341.4375;7562;-17357;0.959553;0.02753234;-0.23963332;1342103503
-66.956036;341.4375;7562;-17357;0.96363184;0.026512622;-0.24371218;1342131644
-66.929429;341.4375;7562;-17357;0.96261216;0.025492906;-0.24167276;1342158251
-66.905598;341.4375;7562;-17357;0.96363184;0.025492906;-0.2386136;1342182082
-66.882907;341.4375;7562;-17357;0.9605727;0.025492906;-0.24065304;1342204773
-66.855702;341.4375;7562;-17357;0.959553;0.026512622;-0.24065304;1342231978
-66.829515;341.4375;7562;-17357;0.96261216;0.02447319;-0.24371218;1342258165
-66.805489;341.4375;7562;-17357;0.9646516;0.026512622;-0.24167276;1342282191
-66.783350;341.4375;7562;-17357;0.961592464;0.028552056;-0.24167276;1342304330
-66.745355;341.4375;7562;-17357;0.9605727;0.02753234;-0.24065304;1342342325
-66.722922;341.4375;7562;-17357;0.96363184;0.026512622;-0.24167276;1342364758
-66.695585;341.4375;7562;-17357;0.959553;0.028552056;-0.2447319;1342392095
-66.667681;341.4375;7562;-17357;0.961592464;0.02753234;-0.242692468;1342419999
-66.635667;341.4375;7562;-17357;0.96261216;0.02753234;-0.242692468;1342452013
-66.605952;341.4375;7562;-17357;0.96363184;0.028552056;-0.24065304;1342481728
-66.582478;341.4375;7562;-17357;0.96261216;0.026512622;-0.24167276;1342505202
-66.555825;341.4375;7562;-17357;0.961592464;0.025492906;-0.24167276;1342531855
-66.529590;341.4375;7562;-17357;0.96261216;0.026512622;-0.242692468;1342558090
-66.496010;341.4375;7562;-17357;0.96261216;0.028552056;-0.24167276;1342591670
-66.473083;341.4375;7562;-17357;0.959553;0.028552056;-0.237593884;1342614597
-66.446096;341.4375;7562;-17357;0.96261216;0.028552056;-0.24065304;1342641584
-66.415605;341.4375;7562;-17357;0.96261216;0.02753234;-0.23963332;1342672075
-66.393622;341.4375;7562;-17357;0.9646516;0.02447319;-0.242692468;1342694058
-66.366067;341.4375;7562;-17357;0.96261216;0.02447319;-0.242692468;1342721613
-66.343842;341.4375;7562;-17357;0.96261216;0.02753234;-0.24167276;1342743838
-66.315834;341.4375;7562;-17357;0.9605727;0.02753234;-0.23963332;1342771846
-66.275223;341.4375;7562;-17357;0.9605727;0.030591488;-0.24167276;1342812457
-66.245787;341.4375;7562;-17357;0.961592464;0.026512622;-0.24371218;1342841893
-66.155932;341.4375;7562;-17357;0.96363184;0.02753234;-0.23963332;1342931748
-66.132626;341.4375;7562;-17357;0.96261216;0.029571772;-0.242692468;1342955054
-66.102006;341.4375;7562;-17357;0.9605727;0.030591488;-0.2447319;1342985674
-66.079881;341.4375;7562;-17357;0.961592464;0.028552056;-0.24371218;1343007799
-66.055510;341.4375;7562;-17357;0.961592464;0.02447319;-0.23963332;1343032170
-66.033277;341.4375;7562;-17357;0.96363184;0.026512622;-0.2447319;1343054403
-66.005810;341.4375;7562;-17357;0.96261216;0.026512622;-0.24065304;1343081870
-65.966081;341.4375;7562;-17357;0.96261216;0.030591488;-0.24575162;1343121599
-65.935240;341.4375;7562;-17357;0.9605727;0.026512622;-0.23963332;1343152440
-65.905870;341.4375;7562;-17357;0.9605727;0.025492906;-0.23963332;1343181810
-65.881820;341.4375;7562;-17357;0.96261216;0.02447319;-0.237593884;1343205860
-65.833928;341.4375;7562;-17357;0.961592464;0.029571772;-0.242692468;1343253752
-65.805580;341.4375;7562;-17357;0.961592464;0.028552056;-0.24677134;1343282100
-65.783753;341.4375;7562;-17357;0.961592464;0.029571772;-0.24575162;1343303927
-65.756022;341.4375;7562;-17357;0.9646516;0.02753234;-0.23963332;1343331658
-65.695905;341.4375;7562;-17357;0.961592464;0.025492906;-0.242692468;1343391775
-65.672878;341.4375;7562;-17357;0.961592464;0.030591488;-0.24371218;1343414802
-65.645585;341.4375;7562;-17357;0.96261216;0.029571772;-0.247791052;1343442095
-65.585631;341.4375;7562;-17357;0.96261216;0.025492906;-0.24167276;1343502049
-65.563744;341.4375;7562;-17357;0.9646516;0.02447319;-0.24167276;1343523936
-65.541895;341.4375;7562;-17357;0.96261216;0.02447319;-0.242692468;1343545785
-65.515712;341.4375;7562;-17357;0.96261216;0.02753234;-0.24167276;1343571968
-65.493803;341.4375;7562;-17357;0.96363184;0.030591488;-0.24167276;1343593877
-65.471293;341.4375;7562;-17357;0.961592464;0.029571772;-0.24167276;1343616387
-65.445765;341.4375;7562;-17357;0.961592464;0.02753234;-0.23963332;1343641915
-65.385043;341.4375;7562;-17357;0.9646516;0.026512622;-0.24065304;1343702637
-65.362063;341.4375;7562;-17357;0.96363184;0.028552056;-0.242692468;1343725617
-65.329242;341.4375;7562;-17357;0.961592464;0.030591488;-0.23963332;1343758438
-65.305644;341.4375;7562;-17357;0.96261216;0.030591488;-0.24167276;1343782036
-65.282707;341.4375;7562;-17357;0.961592464;0.028552056;-0.24167276;1343804973
-65.255908;341.4375;7562;-77;0.9605727;0.029571772;-0.2447319;1343831772
-65.230747;341.4375;7562;-17357;0.9605727;0.02447319;-0.24371218;1343856933
-65.205687;341.4375;7562;-17357;0.96261216;0.02447319;-0.242692468;1343881993
-65.182276;341.4375;7562;-17357;0.961592464;0.026512622;-0.23963332;1343905404
-65.155821;341.4375;7562;-17357;0.96363184;0.026512622;-0.2386136;1343931859
-65.133222;341.4375;7562;-17357;0.96261216;0.030591488;-0.24065304;1343954458
-65.105877;341.4375;7562;-17357;0.961592464;0.02753234;-0.24167276;1343981803
-65.082100;341.4375;7562;-17357;0.9605727;0.02753234;-0.24575162;1344005580
-65.055904;341.4375;7562;-17357;0.9605727;0.026512622;-0.24575162;1344031776
-65.033952;341.4375;7562;-17357;0.961592464;0.025492906;-0.237593884;1344053728
-65.008501;341.4375;7562;-17357;0.9646516;0.023453474;-0.23555446;1344079179
-64.978905;341.4375;7562;-17357;0.96261216;0.02753234;-0.237593884;1344108775
-64.941813;341.4375;7562;-17357;0.961592464;0.031611204;-0.24677134;1344145867
-64.915206;341.4375;7562;-17357;0.96261216;0.03263092;-0.24983048;1344172474
-64.893204;341.4375;7562;-17357;0.959553;0.029571772;-0.24167276;1344194476
-64.865780;341.4375;7562;-17357;0.96363184;0.021414042;-0.237593884;1344221900
-64.835566;341.4375;7562;-17357;0.961592464;0.021414042;-0.23555446;1344252114
-64.805667;341.4375;7562;-17357;0.96363184;0.028552056;-0.23963332;1344282013
-64.782158;341.4375;7562;-17357;0.961592464;0.031611204;-0.247791052;1344305522
-64.755739;341.4375;7562;-17357;0.96261216;0.03263092;-0.247791052;1344331941
-64.695416;341.4375;7562;-17357;0.96363184;0.02447319;-0.23657418;1344392264
-64.665813;341.4375;7562;-17357;0.96261216;0.023453474;-0.23963332;1344421867
-64.642088;341.4375;7562;-17357;0.96261216;0.026512622;-0.24677134;1344445592
-64.615359;341.4375;7562;-17357;0.96261216;0.02753234;-0.24677134;1344472321
-64.593808;341.4375;7562;-17357;0.9585333;0.03263092;-0.24575162;1344493872
-64.570398;341.4375;7562;-17357;0.96363184;0.030591488;-0.237593884;1344517282
-64.545647;341.4375;7562;-17357;0.96363184;0.026512622;-0.2386136;1344542033
-64.485016;341.4375;7562;-17357;0.961592464;0.023453474;-0.24677134;1344602664
-64.462036;341.4375;7562;-17357;0.961592464;0.03263092;-0.248810768;1344625644
-64.435559;341.4375;7562;-17357;0.96363184;0.03263092;-0.24575162;1344652121
-64.413984;341.4375;7562;-17357;0.96363184;0.028552056;-0.2386136;1344673696
-64.385732;341.4375;7562;-17357;0.96363184;0.02447319;-0.23453474;1344701948
-64.364121;341.4375;7562;-17357;0.961592464;0.021414042;-0.237593884;1344723559
-64.341837;341.4375;7562;-17357;0.96261216;0.02447319;-0.24575162;1344745843
-64.305594;341.4375;7562;-17357;0.961592464;0.031611204;-0.247791052;1344782086
-64.261927;341.4375;7562;-17357;0.961592464;0.030591488;-0.237593884;1344825753
-64.235628;341.4375;7562;-17357;0.96363184;0.02447319;-0.237593884;1344852052
-64.205668;341.4375;7562;-17357;0.961592464;0.025492906;-0.242692468;1344882012
-64.184105;341.4375;7562;-17357;0.961592464;0.02447319;-0.247791052;1344903575
-64.134519;341.4375;7562;-17357;0.96261216;0.030591488;-0.24371218;1344953161
-64.087611;341.4375;7562;-17357;0.9605727;0.02447319;-0.23657418;1345000069
-64.062444;341.4375;7562;-17357;0.96261216;0.023453474;-0.24167276;1345025236
-64.036182;341.4375;7562;-17357;0.9605727;0.026512622;-0.247791052;1345051498
-64.002027;341.4375;7562;-17357;0.9605727;0.03263092;-0.25186992;1345085653
-63.980156;341.4375;7562;-17357;0.96261216;0.031611204;-0.24167276;1345107524
-63.955541;341.4375;7562;-17357;0.96363184;0.029571772;-0.23453474;1345132139
-63.903324;341.4375;7562;-17357;0.959553;0.02447319;-0.248810768;1345184356
-63.881928;341.4375;7562;-17357;0.959553;0.028552056;-0.2508502;1345205752
-63.855620;341.4375;7562;-17357;0.96261216;0.03263092;-0.24983048;1345232060
-63.832398;341.4375;7562;-17357;0.9605727;0.031611204;-0.24575162;1345255282
-63.805528;341.4375;7562;-17357;0.9646516;0.031611204;-0.23657418;1345282152
-63.783039;341.4375;7562;-17357;0.961592464;0.02753234;-0.23657418;1345304641
-63.755883;341.4375;7562;-17357;0.96261216;0.020394326;-0.237593884;1345331797
-63.733869;341.4375;7562;-17357;0.9605727;0.025492906;-0.2508502;1345353811
-63.683556;341.4375;7562;-17357;0.96363184;0.031611204;-0.242692468;1345404124
-63.605218;341.4375;7562;-17357;0.96261216;0.022433758;-0.23963332;1345482462
-63.583339;341.4375;7562;-17357;0.9585333;0.021414042;-0.24677134;1345504341
-63.560413;341.4375;7562;-17357;0.96261216;0.026512622;-0.248810768;1345527267
-63.535465;341.4375;7562;-17357;0.96261216;0.030591488;-0.2447319;1345552215
-63.514218;341.4375;7562;-17357;0.96363184;0.030591488;-0.24065304;1345573462
-63.485507;341.4375;7562;-17357;0.96261216;0.031611204;-0.23453474;1345602173
-63.463043;341.4375;7562;-17357;0.96261216;0.025492906;-0.242692468;1345624637
-63.435515;341.4375;7562;-17357;0.959553;0.02447319;-0.24983048;1345652165
-63.405848;341.4375;7562;-17357;0.9605727;0.02447319;-0.24983048;1345681832
-63.361781;341.4375;7562;-17357;0.961592464;0.031611204;-0.24065304;1345725899
-63.335427;341.4375;7562;-17357;0.96363184;0.030591488;-0.2386136;1345752253
-63.305359;341.4375;7562;-17357;0.9605727;0.029571772;-0.2386136;1345782321
-63.265756;341.4375;7562;-17357;0.961592464;0.021414042;-0.24575162;1345821924
-63.241201;341.4375;7562;-17357;0.9605727;0.026512622;-0.24575162;1345846479
-63.193641;341.4375;7562;-17357;0.96363184;0.031611204;-0.2386136;1345894039
-63.171990;341.4375;7562;-17357;0.96261216;0.031611204;-0.24167276;1345915690
-63.145652;341.4375;7562;-17357;0.961592464;0.026512622;-0.24575162;1345942028
-63.095749;341.4375;7562;-17357;0.9605727;0.022433758;-0.24575162;1345991931
-63.073922;341.4375;7562;-17357;0.961592464;0.02447319;-0.23657418;1346013758
-63.049373;341.4375;7562;-17357;0.96261216;0.02753234;-0.2386136;1346038307
-63.028225;341.4375;7562;-17357;0.96261216;0.031611204;-0.2386136;1346059455
-62.972671;341.4375;7562;-17357;0.959553;0.026512622;-0.247791052;1346115009
-62.945468;341.4375;7562;-17357;0.96261216;0.02447319;-0.2447319;1346142212
-62.915640;341.4375;7562;-17357;0.96363184;0.026512622;-0.2386136;1346172040
-62.893901;341.4375;7562;-17357;0.961592464;0.029571772;-0.237593884;1346193779
-62.855142;341.4375;7562;-17357;0.961592464;0.031611204;-0.2447319;1346232538
-62.829154;341.4375;7562;-17357;0.959553;0.02753234;-0.24677134;1346258526
-62.773521;341.4375;7562;-17357;0.96261216;0.02447319;-0.23963332;1346314159
-62.746950;341.4375;7562;-17357;0.96363184;0.026512622;-0.24167276;1346340730
-62.695727;341.4375;7562;-17357;0.96363184;0.029571772;-0.247791052;1346391953
-62.665912;341.4375;7562;-17357;0.961592464;0.02447319;-0.242692468;1346421768
-62.632004;341.4375;7562;;438;272;4269;1346455676
-62.605593;341.4375;7562;-17357;0.959553;0.026512622;-0.24065304;1346482087
-62.579080;341.4375;7562;-17357;0.96261216;0.029571772;-0.2447319;1346508600
-62.553185;341.4375;7562;-17357;0.961592464;0.029571772;-0.24677134;1346534495
-62.531055;341.4375;7562;-17357;0.961592464;0.030591488;-0.24677134;1346556625
-62.495792;341.4375;7562;-17357;0.96261216;0.02447319;-0.2447319;1346591888
-62.465524;341.4375;7562;-17357;0.96261216;0.023453474;-0.237593884;1346622156
-62.435692;341.4375;7562;-17357;0.961592464;0.029571772;-0.24167276;1346651988
-62.412876;341.4375;7562;;397;259;4269;1346674804
-62.365665;341.4375;7562;-17357;0.9605727;0.029571772;-0.2447319;1346722015
-62.343554;341.4375;7562;-17357;0.96363184;0.02447319;-0.242692468;1346744126
-62.315649;341.4375;7562;-17357;0.96363184;0.022433758;-0.23963332;1346772031
-62.292689;341.4375;7562;-17357;0.961592464;0.023453474;-0.2386136;1346794991
-62.265772;341.4375;7562;-17357;0.961592464;0.031611204;-0.24065304;1346821908
-62.229741;341.4375;7562;-17357;0.961592464;0.030591488;-0.24677134;1346857939
-62.205447;341.4375;7562;-17357;0.961592464;0.023453474;-0.24575162;1346882233
-62.182944;341.4375;7562;-17357;0.96363184;0.023453474;-0.24065304;1346904736
-62.155736;341.4375;7562;-17357;0.9646516;0.02447319;-0.24167276;1346931944
-62.133637;341.4375;7562;-17357;0.96261216;0.025492906;-0.2386136;1346954043
-62.106526;341.4375;7562;-17357;0.96363184;0.02753234;-0.242692468;1346981154
-62.084202;341.4375;7562;-17357;0.961592464;0.030591488;-0.24677134;1347003478
-62.062062;341.4375;7562;-17357;0.96261216;0.02753234;-0.24677134;1347025618
-62.035646;341.4375;7562;-17357;0.9605727;0.026512622;-0.24371218;1347052034
-62.002048;341.4375;7562;-17357;0.96363184;0.025492906;-0.24167276;1347085632
-61.975407;341.4375;7562;-17357;0.96363184;0.026512622;-0.2447319;1347112273
-61.905524;341.4375;7562;-17357;0.96363184;0.028552056;-0.24371218;1347182156
-61.884049;341.4375;7562;-17357;0.961592464;0.023453474;-0.24065304;1347203631
-61.855991;341.4375;7562;-17357;0.96261216;0.025492906;-0.24167276;1347231689
-61.833920;341.4375;7562;-17357;0.961592464;0.02753234;-0.24065304;1347253760
-61.773304;341.4375;7562;-17357;0.96261216;0.030591488;-0.242692468;1347314376
-61.751831;341.4375;7562;-17357;0.961592464;0.028552056;-0.2447319;1347335849
-61.728302;341.4375;7562;-17357;0.9605727;0.02447319;-0.24575162;1347359378
-61.672394;341.4375;7562;-17357;0.961592464;0.030591488;-0.242692468;1347415286
-61.645512;341.4375;7562;-17357;0.961592464;0.029571772;-0.2447319;1347442168
-61.585602;341.4375;7562;-17357;0.96363184;0.026512622;-0.2447319;1347502078
-61.562435;341.4375;7562;-17357;0.96261216;0.02753234;-0.242692468;1347525245
-61.530921;341.4375;7562;-17357;0.961592464;0.028552056;-0.24167276;1347556759
-61.484202;341.4375;7562;-17357;0.96261216;0.026512622;-0.24167276;1347603478
-61.444998;341.4375;7562;-17357;0.96261216;0.02753234;-0.24677134;1347642682
-61.412056;341.4375;7562;-17357;0.961592464;0.028552056;-0.23657418;1347675624
-61.385700;341.4375;7562;-17357;0.96363184;0.02753234;-0.24065304;1347701980
-61.361925;341.4375;7562;-17357;0.9605727;0.029571772;-0.242692468;1347725755
-61.335639;341.4375;7562;-17357;0.96363184;0.026512622;-0.24167276;1347752041
-61.305608;341.4375;7562;-17357;0.96261216;0.026512622;-0.237593884;1347782072
-61.275234;341.4375;7562;-17357;0.96261216;0.026512622;-0.237593884;1347812446
-61.235816;341.4375;7562;-17357;0.961592464;0.03263092;-0.24371218;1347851864
-61.205829;341.4375;7562;-17357;0.961592464;0.025492906;-0.24065304;1347881851
-61.182491;341.4375;7562;-17357;0.96261216;0.023453474;-0.24065304;1347905189
-61.155668;341.4375;7562;-17357;0.96363184;0.028552056;-0.242692468;1347932012
-61.133973;341.4375;7562;-17357;0.9605727;0.030591488;-0.242692468;1347953707
-61.111802;341.4375;7562;-17357;0.96261216;0.031611204;-0.24575162;1347975878
-61.085305;341.4375;7562;-17357;0.96261216;0.031611204;-0.24677134;1348002375
-61.042766;341.4375;7562;-17357;0.961592464;0.023453474;-0.24065304;1348044914
-61.015672;341.4375;7562;-17357;0.961592464;0.025492906;-0.24167276;1348072008
-60.993717;341.4375;7562;-17357;0.96363184;0.02753234;-0.24167276;1348093963
-60.965910;341.4375;7562;-17357;0.961592464;0.028552056;-0.242692468;1348121770
-60.935771;341.4375;7562;-17357;0.96363184;0.030591488;-0.2447319;1348151909
-60.906081;341.4375;7562;-17357;0.961592464;0.030591488;-0.23963332;1348181599
-60.883476;341.4375;7562;-17357;0.96261216;0.02447319;-0.24167276;1348204204
-60.861476;341.4375;7562;-17357;0.96261216;0.023453474;-0.24065304;1348226204
-60.835200;341.4375;7562;-17357;0.961592464;0.022433758;-0.24065304;1348252480
-60.773996;341.4375;7562;-17357;0.961592464;0.03263092;-0.242692468;1348313684
-60.735764;341.4375;7562;-17357;0.9605727;0.02753234;-0.24065304;1348351916
-60.705922;341.4375;7562;-17357;0.9646516;0.020394326;-0.23657418;1348381758
-60.682797;341.4375;7562;-17357;0.9605727;0.022433758;-0.24167276;1348404883
-60.656034;341.4375;7562;-17357;0.9605727;0.028552056;-0.247791052;1348431646
-60.622002;341.4375;7562;-17357;0.961592464;0.034670352;-0.247791052;1348465678
-60.575724;341.4375;7562;-17357;0.961592464;0.03263092;-0.24677134;1348511956
-60.545546;341.4375;7562;-17357;0.961592464;0.020394326;-0.242692468;1348542134
-60.515800;341.4375;7562;-17357;0.96261216;0.026512622;-0.248810768;1348571880
-60.493105;341.4375;7562;-17357;0.961592464;0.030591488;-0.247791052;1348594575
-60.465964;341.4375;7562;-17357;0.96261216;0.031611204;-0.24065304;1348621716
-60.444102;341.5;7562;-17350;0.9646516;0.026512622;-0.23045588;1348643578
-60.415953;341.5;7562;-17350;0.96363184;0.022433758;-0.23657418;1348671727
-60.393553;341.5;7562;-17350;0.96261216;0.023453474;-0.242692468;1348694127
-60.372051;341.5;7562;-17350;0.9585333;0.02447319;-0.24575162;1348715629
-60.345461;341.5;7562;-17350;0.9605727;0.025492906;-0.24575162;1348742219
-60.315692;341.5;7562;-17350;0.96363184;0.03263092;-0.24065304;1348771988
-60.292554;341.5;7562;-17350;0.96363184;0.028552056;-0.23351502;1348795126
-60.265833;341.5;7562;-17350;0.96363184;0.025492906;-0.2386136;1348821847
-60.244214;341.5;7562;-17350;0.9605727;0.022433758;-0.24575162;1348843466
-60.221717;341.5;7562;-17350;0.961592464;0.022433758;-0.242692468;1348865963
-60.195240;341.5;7562;-17350;0.9605727;0.026512622;-0.248810768;1348892440
-60.172047;341.5;7562;-17350;0.96261216;0.031611204;-0.24167276;1348915633
-60.132292;341.5;7562;-17350;0.961592464;0.031611204;-0.23963332;1348955388
-60.105802;341.5;7562;-17350;0.96261216;0.02753234;-0.24575162;1348981878
-60.083068;341.5;7562;-17350;0.961592464;0.023453474;-0.24575162;1349004612
-60.055802;341.5;7562;-17350;0.961592464;0.023453474;-0.2447319;1349031878
-60.022070;341.5;7562;-17350;0.96261216;0.029571772;-0.24167276;1349065610
-59.995865;341.5;7562;-17350;0.9656713;0.030591488;-0.24065304;1349091815
-59.973718;341.5;7562;-17350;0.96261216;0.029571772;-0.23963332;1349113962
-59.951889;341.5;7562;-17350;0.96261216;0.026512622;-0.2447319;1349135791
-59.929088;341.5;7562;-17350;0.9605727;0.023453474;-0.24371218;1349158592
-59.905366;341.5;7562;-17350;0.9605727;0.022433758;-0.24167276;1349182314
-59.882715;341.5;7562;-17350;0.959553;0.02753234;-0.23963332;1349204965
-59.855884;341.5;7562;-17350;0.96363184;0.029571772;-0.23657418;1349231796
-59.833284;341.5;7562;-17350;0.961592464;0.030591488;-0.2386136;1349254396
-59.805925;341.5;7562;-17350;0.96363184;0.028552056;-0.242692468;1349281755
-59.783225;341.5;7562;-17350;0.961592464;0.026512622;-0.2447319;1349304455
-59.762104;341.5;7562;-17350;0.96261216;0.025492906;-0.24371218;1349325576
-59.721630;341.5;7562;-17350;0.961592464;0.026512622;-0.2386136;1349366050
-59.695237;341.5;7562;-17350;0.96363184;0.02753234;-0.24065304;1349392443
-59.672782;341.5;7562;-17350;0.96363184;0.030591488;-0.23963332;1349414898
-59.645868;341.5;7562;-17350;0.9605727;0.025492906;-0.2447319;1349441812
-59.623248;341.5;7562;-17350;0.96261216;0.02447319;-0.24371218;1349464432
-59.595390;341.5;7562;-17350;0.961592464;0.023453474;-0.24575162;1349492290
-59.572329;341.5;7562;-17350;0.96261216;0.02753234;-0.23963332;1349515351
-59.535535;341.5;7562;-17350;0.9605727;0.029571772;-0.24167276;1349552145
-59.505559;341.5;7562;-17350;0.9646516;0.028552056;-0.23453474;1349582121
-59.484210;341.5;7562;-17350;0.96363184;0.025492906;-0.2386136;1349603470
-59.427872;341.5;7562;-17350;0.96261216;0.026512622;-0.23963332;1349659808
-59.404998;341.5;7562;-17350;0.961592464;0.026512622;-0.2386136;1349682682
-59.382698;341.5;7562;-17350;0.96363184;0.029571772;-0.237593884;1349704982
-59.355970;341.5;7562;-17350;0.96363184;0.02753234;-0.242692468;1349731710
-59.330760;341.5;7562;-17350;0.96363184;0.025492906;-0.23963332;1349756920
-59.261962;341.5;7562;-17350;0.96363184;0.029571772;-0.24065304;1349825718
-59.235304;341.5;7562;-17350;0.9605727;0.033650636;-0.242692468;1349852376
-59.205651;341.5;7562;-17350;0.9585333;0.025492906;-0.242692468;1349882029
-59.183157;341.5;7562;-17350;0.9605727;0.026512622;-0.24575162;1349904523
-59.155509;341.5;7562;-17350;0.961592464;0.023453474;-0.24065304;1349932171
-59.133699;341.5;7562;-17350;0.96363184;0.026512622;-0.242692468;1349953981
-59.105831;341.5;7562;-17350;0.961592464;0.025492906;-0.24167276;1349981849
-59.083321;341.5;7562;-17350;0.96363184;0.031611204;-0.2447319;1350004359
-59.055937;341.5;7562;;232;198;4275;1350031743
-59.005397;341.5;7562;-17350;0.9605727;0.020394326;-0.24065304;1350082283
-58.983270;341.5;7562;-17350;0.959553;0.022433758;-0.24065304;1350104410
-58.961758;341.5;7562;-17350;0.9585333;0.022433758;-0.24371218;1350125922
-58.935434;341.5;7562;-17350;0.9605727;0.029571772;-0.24167276;1350152246
-58.855052;341.5;7562;-17350;0.9605727;0.017335176;-0.23453474;1350232628
-58.831916;341.5;7562;-17350;0.96261216;0.025492906;-0.242692468;1350255764
-58.805759;341.5;7562;-17350;0.9656713;0.025492906;-0.24575162;1350281921
-58.783858;341.5;7562;-17350;0.96363184;0.030591488;-0.2447319;1350303822
-58.704837;341.5;7562;-17350;0.961592464;0.023453474;-0.23963332;1350382843
-58.665781;341.5;7562;-17350;0.96363184;0.02447319;-0.24167276;1350421899
-58.631990;341.5;7562;-17350;0.96363184;0.029571772;-0.24575162;1350455690
-58.605705;341.5;7562;-17350;0.9605727;0.036709784;-0.2447319;1350481975
-58.561851;341.5;7562;-17350;0.961592464;0.025492906;-0.23963332;1350525829
-58.535515;341.5;7562;-17357;0.96261216;0.020394326;-0.24065304;1350552165
-58.505617;341.5;7562;-17357;0.9605727;0.020394326;-0.24371218;1350582063
-58.481615;341.5;7562;-17357;0.961592464;0.02447319;-0.2447319;1350606065
-58.455463;341.5;7562;-17357;0.9605727;0.030591488;-0.2447319;1350632217
-58.413521;341.5;7562;-17357;0.96363184;0.025492906;-0.2386136;1350674159
-58.365175;341.5;7562;-17357;0.96261216;0.018354892;-0.23963332;1350722505
-58.343145;341.5;7562;-17357;0.959553;0.020394326;-0.24167276;1350744535
-58.315767;341.5;7562;-17357;0.96363184;0.028552056;-0.2447319;1350771913
-58.293516;341.5;7562;-17357;0.961592464;0.036709784;-0.2447319;1350794164
-58.266741;341.5;7562;-17357;0.96363184;0.033650636;-0.242692468;1350820939
-58.243813;341.5;7562;-17357;0.96363184;0.028552056;-0.24371218;1350843867
-58.216767;341.5;7562;-17357;0.96363184;0.022433758;-0.23453474;1350870913
-58.185330;341.5;7562;-17357;0.961592464;0.023453474;-0.24065304;1350902350
-58.164044;341.5;7562;-17357;0.9605727;0.028552056;-0.247791052;1350923636
-58.135459;341.5;7562;-17357;0.9605727;0.033650636;-0.24575162;1350952221
-58.112525;341.5;7562;-17357;0.961592464;0.03569007;-0.2447319;1350975155
-58.085558;341.5;7562;-17357;0.96363184;0.031611204;-0.24065304;1351002122
-58.063995;341.5;7562;-17357;0.96363184;0.021414042;-0.23453474;1351023685
-58.041601;341.5;7562;-17357;0.9605727;0.018354892;-0.24065304;1351046079
-58.003444;341.5;7562;-17357;0.9605727;0.026512622;-0.2508502;1351084236
-57.981786;341.5;7562;-17357;0.96261216;0.03263092;-0.24983048;1351105894
-57.955823;341.5;7562;-17357;0.96261216;0.033650636;-0.24371218;1351131857
-57.933980;341.5;7562;-17357;0.9656713;0.02447319;-0.232495316;1351153700
-57.912006;341.5;7562;-17357;0.96363184;0.021414042;-0.23351502;1351175674
-57.884406;341.5;7562;-17357;0.96261216;0.0193746092;-0.24167276;1351203274
-57.795690;341.5;7562;-17350;0.961592464;0.04078865;-0.24983048;1351291990
-57.772960;341.5;7562;-17350;0.96261216;0.033650636;-0.2386136;1351314720
-57.745698;341.5;7562;-17350;0.96261216;0.026512622;-0.23555446;1351341982
-57.695642;341.5;7562;-17357;0.961592464;0.017335176;-0.2447319;1351392038
-57.673262;341.5;7562;-17350;0.959553;0.03569007;-0.2508502;1351414418
-57.646952;341.5;7562;-17350;0.96261216;0.044867516;-0.25186992;1351440728
-57.615397;341.5;7562;-17357;0.96363184;0.0387492184;-0.24065304;1351472283
-57.593909;341.5;7562;-17363;0.96363184;0.0193746092;-0.23453474;1351493771
-57.555100;341.4375;7562;-17375;0.96363184;0.00815773;-0.23453474;1351532580
-57.529342;341.4375;7562;-17375;0.9585333;0.01631546;-0.247791052;1351558338
-57.505211;341.4375;7562;-17369;0.961592464;0.031611204;-0.24677134;1351582469
-57.465788;341.4375;7562;-17369;0.9605727;0.042828084;-0.24371218;1351621892
-57.443572;341.4375;7562;-17369;0.96261216;0.028552056;-0.24065304;1351644108
-57.415411;341.4375;7562;-17375;0.96261216;0.01631546;-0.23657418;1351672269
-57.393099;341.4375;7562;-17382;0.96261216;0.007138014;-0.237593884;1351694581
-57.361686;341.4375;7562;-17375;0.9605727;0.026512622;-0.24371218;1351725994
-57.335436;341.5;7562;-17369;0.961592464;0.0377295;-0.2508502;1351752244
-57.305431;341.5;7562;-17369;0.96363184;0.047926664;-0.24167276;1351782249
-57.282717;341.5;7562;-17369;0.96261216;0.033650636;-0.23453474;1351804963
-57.233872;341.5;7562;-17375;0.96261216;0.010197163;-0.242692468;1351853808
-57.205569;341.5;7562;-17375;0.9605727;0.0193746092;-0.24371218;1351882111
-57.182435;341.5;7562;-17382;0.961592464;0.0387492184;-0.2447319;1351905245
-57.105350;341.4375;7562;-17388;0.96363184;0.022433758;-0.23555446;1351982330
-57.083058;341.4375;7562;-17388;0.961592464;0.010197163;-0.242692468;1352004622
-57.055705;341.4375;7562;-17388;0.961592464;0.017335176;-0.24575162;1352031975
-57.033530;341.4375;7562;-17388;0.961592464;0.033650636;-0.24575162;1352054150
-56.995526;341.4375;7562;-17388;0.961592464;0.0387492184;-0.23963332;1352092154
-56.972760;341.4375;7562;-17388;0.96363184;0.031611204;-0.2314756;1352114920
-56.944759;341.4375;7562;-17388;0.9585333;0.017335176;-0.24371218;1352142921
-56.915479;341.4375;7562;-17388;0.9605727;0.01631546;-0.24983048;1352172201
-56.885375;341.4375;7562;-17388;0.96261216;0.023453474;-0.25390936;1352202305
-56.862554;341.4375;7562;-17388;0.96363184;0.0377295;-0.23963332;1352225126
-56.830483;341.4375;7562;-17388;0.9646516;0.04078865;-0.23351502;1352257197
-56.805076;341.4375;7562;-17394;0.96261216;0.025492906;-0.2447319;1352282604
-56.782854;341.4375;7562;-17394;0.9605727;0.020394326;-0.248810768;1352304826
-56.730966;341.4375;7562;-17394;0.96261216;0.028552056;-0.24065304;1352356714
-56.705252;341.4375;7562;-17394;0.9646516;0.031611204;-0.23963332;1352382428
-56.655263;341.4375;7562;-17388;0.9646516;0.034670352;-0.23453474;1352432417
-56.630973;341.4375;7568;-17394;0.9605727;0.021414042;-0.24371218;1352456707
-56.605397;341.4375;7568;-17394;0.9605727;0.015295744;-0.248810768;1352482283
-56.561868;341.4375;7568;-17394;0.96363184;0.028552056;-0.23963332;1352525812
-56.535472;341.4375;7568;-17394;0.96363184;0.033650636;-0.23453474;1352552208
-56.505481;341.4375;7568;-17394;0.96363184;0.03263092;-0.23555446;1352582199
-56.483016;341.4375;7568;-17394;0.96363184;0.026512622;-0.242692468;1352604664
-56.455565;341.4375;7568;-17394;0.959553;0.021414042;-0.24677134;1352632115
-56.433845;341.4375;7568;-17394;0.961592464;0.023453474;-0.24677134;1352653835
-56.405609;341.4375;7568;-17394;0.9605727;0.02753234;-0.2447319;1352682071
-56.383042;341.4375;7568;-17394;0.96363184;0.031611204;-0.23351502;1352704638
-56.356748;341.4375;7568;-17394;0.9646516;0.031611204;-0.23045588;1352730932
-56.333969;341.4375;7568;-17394;0.961592464;0.028552056;-0.24065304;1352753711
-56.305232;341.4375;7568;-17394;0.9605727;0.028552056;-0.25288964;1352782448
-56.277643;341.4375;7568;-17394;0.959553;0.025492906;-0.24983048;1352810037
-56.254887;341.4375;7568;-17394;0.961592464;0.026512622;-0.24371218;1352832793
-56.214995;341.4375;7568;-17394;0.96363184;0.031611204;-0.23045588;1352872685
-56.192283;341.4375;7568;-17394;0.96261216;0.028552056;-0.2386136;1352895397
-56.166776;341.4375;7568;-17394;0.961592464;0.02753234;-0.24575162;1352920904
-56.144842;341.4375;7568;-17394;0.959553;0.02447319;-0.25390936;1352942838
-56.073963;341.4375;7568;-17394;0.96363184;0.02753234;-0.22943616;1353013717
-56.029954;341.4375;7568;-17394;0.96363184;0.030591488;-0.24065304;1353057726
-56.005009;341.4375;7568;-17394;0.961592464;0.029571772;-0.24983048;1353082671
-55.981475;341.4375;7568;-17394;0.959553;0.026512622;-0.25186992;1353106205
-55.934117;341.4375;7568;-17394;0.96363184;0.026512622;-0.232495316;1353153563
-55.905924;341.4375;7568;-17394;0.9646516;0.02753234;-0.22943616;1353181756
-55.861792;341.4375;7568;-17394;0.959553;0.029571772;-0.24677134;1353225888
-55.823365;341.4375;7568;-17394;0.9585333;0.026512622;-0.24983048;1353264315
-55.785094;341.4375;7568;-17394;0.96261216;0.028552056;-0.23657418;1353302586
-55.761857;341.4375;7568;-17394;0.96261216;0.02753234;-0.22841644;1353325823
-55.729418;341.4375;7568;-17394;0.96261216;0.02753234;-0.24065304;1353358262
-55.705086;341.4375;7568;-17394;0.961592464;0.025492906;-0.247791052;1353382594
-55.682463;341.4375;7568;-17394;0.9575136;0.02447319;-0.25186992;1353405217
-55.655467;341.4375;7568;-17394;0.961592464;0.02753234;-0.24983048;1353432213
-55.625306;341.4375;7568;-17394;0.96363184;0.025492906;-0.23351502;1353462374
-55.595248;341.4375;7568;-17394;0.9646516;0.026512622;-0.23351502;1353492432
-55.573424;341.4375;7568;-17394;0.96363184;0.025492906;-0.237593884;1353514256
-55.495321;341.4375;7568;-17394;0.961592464;0.026512622;-0.24575162;1353592359
-55.465414;341.4375;7568;-17394;0.96261216;0.031611204;-0.23045588;1353622266
-55.442884;341.4375;7568;-17394;0.96363184;0.026512622;-0.23453474;1353644796
-55.415376;341.4375;7568;-17394;0.96261216;0.028552056;-0.23657418;1353672304
-55.385188;341.4375;7568;-17394;0.961592464;0.028552056;-0.24983048;1353702492
-55.334734;341.4375;7568;-17394;0.96363184;0.031611204;-0.24065304;1353752946
-55.304303;341.4375;7568;-17394;0.96363184;0.02447319;-0.23453474;1353783377
-55.281116;341.4375;7568;-17394;0.96261216;0.022433758;-0.2386136;1353806564
-55.254867;341.4375;7568;-17394;0.9605727;0.0193746092;-0.24371218;1353832813
-55.229977;341.4375;7568;-17394;0.96261216;0.028552056;-0.25186992;1353857703
-55.172759;341.4375;7568;-17394;0.961592464;0.030591488;-0.23555446;1353914921
-55.145533;341.4375;7568;-17394;0.9646516;0.029571772;-0.23555446;1353942147
-55.102027;341.4375;7568;-17394;0.96261216;0.0193746092;-0.24575162;1353985653
-55.079433;341.4375;7568;-17394;0.9605727;0.020394326;-0.248810768;1354008247
-55.054608;341.4375;7568;-17394;0.96261216;0.030591488;-0.25186992;1354033072
-55.028837;341.4375;7568;-17394;0.96363184;0.036709784;-0.24677134;1354058843
-55.005157;341.4375;7568;-17394;0.96363184;0.0387492184;-0.23453474;1354082523
-54.982329;341.4375;7568;-17394;0.96363184;0.030591488;-0.232495316;1354105351
-54.928798;341.4375;7568;-17394;0.959553;0.017335176;-0.24983048;1354158882
-54.873061;341.4375;7568;-17394;0.96363184;0.0387492184;-0.23963332;1354214619
-54.845925;341.4375;7568;-17394;0.9646516;0.04078865;-0.23555446;1354241755
-54.815070;341.4375;7568;-17407;0.96261216;0.02753234;-0.23963332;1354272610
-54.765245;341.4375;7568;-17407;0.959553;0.015295744;-0.247791052;1354322435
-54.742233;341.4375;7568;-17407;0.96261216;0.02753234;-0.2447319;1354345447
-54.714966;341.4375;7568;-17407;0.96261216;0.03569007;-0.24065304;1354372714
-54.665368;341.4375;7568;-17407;0.96261216;0.03263092;-0.23453474;1354422312
-54.643349;341.4375;7568;-17413;0.961592464;0.018354892;-0.24371218;1354444331
-54.615284;341.4375;7568;-17413;0.96261216;0.01631546;-0.2508502;1354472396
-54.567982;341.4375;7568;-17407;0.9646516;0.030591488;-0.24065304;1354519698
-54.544775;341.4375;7568;-17400;0.9656713;0.041808368;-0.2386136;1354542905
-54.515316;341.4375;7568;-17400;0.96363184;0.04078865;-0.23453474;1354572364
-54.463970;341.4375;7568;;433;270;4272;1354623710
-54.434556;341.4375;7568;-17413;0.96363184;0.020394326;-0.2447319;1354653124
-54.405247;341.4375;7568;-17413;0.96363184;0.030591488;-0.23657418;1354682433
-54.383082;341.4375;7568;-17413;0.96363184;0.039768936;-0.2386136;1354704598
-54.358689;341.4375;7568;-17413;0.961592464;0.0387492184;-0.24065304;1354728991
-54.334606;341.4375;7568;-17413;0.961592464;0.028552056;-0.24575162;1354753074
-54.305356;341.4375;7568;-17419;0.96363184;0.015295744;-0.247791052;1354782324
-54.283446;341.4375;7568;-17419;0.96261216;0.018354892;-0.242692468;1354804234
-54.234369;341.4375;7568;-17419;0.9605727;0.03569007;-0.23555446;1354853311
-54.171265;341.4375;7568;-17419;0.9605727;0.021414042;-0.24983048;1354916415
-54.145297;341.4375;7568;-17419;0.961592464;0.01631546;-0.2508502;1354942383
-54.101432;341.4375;7568;-17419;0.96363184;0.026512622;-0.23351502;1354986248
-54.077234;341.4375;7568;-17419;0.96261216;0.034670352;-0.23657418;1355010446
-54.034817;341.4375;7568;-17419;0.96363184;0.036709784;-0.2447319;1355052863
-54.011188;341.4375;7568;-17419;0.9575136;0.028552056;-0.24983048;1355076492
-53.984930;341.4375;7568;-17419;0.959553;0.018354892;-0.24575162;1355102750
-53.961344;341.4375;7568;-17419;0.9605727;0.0193746092;-0.237593884;1355126336
-53.934945;341.4375;7568;-17419;0.9646516;0.021414042;-0.2314756;1355152735
-53.905033;341.4375;7568;-17419;0.96363184;0.0377295;-0.242692468;1355182647
-53.882484;341.4375;7568;-17419;0.959553;0.036709784;-0.247791052;1355205196
-53.834718;341.4375;7568;-17432;0.96261216;0.020394326;-0.24677134;1355252962
-53.805095;341.4375;7568;-17432;0.96363184;0.014276028;-0.237593884;1355282585
-53.782411;341.4375;7568;-17432;0.96261216;0.018354892;-0.23453474;1355305269
-53.760948;341.4375;7568;-17432;0.961592464;0.030591488;-0.24065304;1355326732
-53.731001;341.4375;7568;-17425;0.961592464;0.0377295;-0.248810768;1355356679
-53.705083;341.4375;7568;-17425;0.96261216;0.0377295;-0.25186992;1355382597
-53.682104;341.4375;7568;-17425;0.961592464;0.02447319;-0.2447319;1355405576
-53.655325;341.4375;7568;-17425;0.9605727;0.017335176;-0.23555446;1355432355
-53.610924;341.4375;7568;-17425;0.96261216;0.018354892;-0.23351502;1355476756
-53.582774;341.4375;7568;-17425;0.9605727;0.0387492184;-0.247791052;1355504906
-53.554758;341.4375;7568;-17425;0.961592464;0.039768936;-0.247791052;1355532922
-53.529333;341.4375;7568;-17432;0.961592464;0.031611204;-0.242692468;1355558347
-53.494945;341.4375;7568;-17432;;5;0;1355592735
-53.471784;341.4375;7568;-17432;0.961592464;0.018354892;-0.23555446;1355615896
-53.445130;341.4375;7568;-17432;0.961592464;0.022433758;-0.242692468;1355642550
-53.410198;341.4375;7568;-17432;0.961592464;0.0377295;-0.248810768;1355677482
-53.384739;341.4375;7568;-17432;0.96261216;0.0387492184;-0.24575162;1355702941
-53.361860;341.4375;7568;-17432;0.96363184;0.025492906;-0.23963332;1355725820
-53.330529;341.4375;7568;-17438;0.961592464;0.017335176;-0.23555446;1355757151
-53.304755;341.4375;7568;-17438;0.96261216;0.01631546;-0.237593884;1355782925
-53.281257;341.4375;7568;-17438;0.96261216;0.026512622;-0.24677134;1355806423
-53.254251;341.4375;7568;-17438;0.961592464;0.03569007;-0.24677134;1355833429
-53.232039;341.4375;7568;-17438;0.9605727;0.0377295;-0.24575162;1355855641
-53.204593;341.4375;7568;-17438;0.96261216;0.03263092;-0.24167276;1355883087
-53.154563;341.4375;7568;-17438;0.96363184;0.017335176;-0.23963332;1355933117
-53.132295;341.4375;7568;-17438;0.9605727;0.02447319;-0.2447319;1355955385
-53.111137;341.4375;7568;-17438;0.9605727;0.033650636;-0.2508502;1355976543
-53.084707;341.375;7568;-17438;0.96261216;0.039768936;-0.24575162;1356002973
-53.062371;341.375;7568;-17438;0.96261216;0.0377295;-0.24167276;1356025309
-53.034829;341.4375;7568;-17444;0.96261216;0.029571772;-0.24065304;1356052851
-53.004984;341.4375;7568;-17450;0.961592464;0.017335176;-0.237593884;1356082696
-52.982818;341.4375;7568;-17450;0.96363184;0.0193746092;-0.24167276;1356104862
-52.959880;341.4375;7568;-17450;0.961592464;0.02753234;-0.24575162;1356127800
-52.934245;341.4375;7568;-17450;0.96261216;0.034670352;-0.247791052;1356153435
-52.905056;341.4375;7568;-17450;0.9646516;0.036709784;-0.24371218;1356182624
-52.883042;341.375;7568;-17457;0.96261216;0.02753234;-0.2386136;1356204638
-52.860893;341.375;7568;-17463;0.96261216;0.0193746092;-0.2386136;1356226787
-52.834469;341.375;7568;-17463;0.96261216;0.01631546;-0.24167276;1356253211
-52.811517;341.375;7568;-17463;0.961592464;0.020394326;-0.24575162;1356276163
-52.784744;341.375;7568;-17463;0.96261216;0.02753234;-0.24167276;1356302936
-52.711029;341.375;7568;-17463;0.9605727;0.023453474;-0.24065304;1356376651
-52.684765;341.375;7568;-17457;0.96363184;0.021414042;-0.24167276;1356402915
-52.662528;341.375;7568;-17457;0.96363184;0.0193746092;-0.24575162;1356425152
-52.629070;341.375;7568;-17457;0.96363184;0.029571772;-0.24575162;1356458610
-52.604203;341.375;7568;-17457;0.961592464;0.033650636;-0.24167276;1356483477
-52.582002;341.375;7568;-17457;0.96363184;0.0387492184;-0.24167276;1356505678
-52.554870;341.375;7568;-17457;0.96363184;0.03263092;-0.24065304;1356532810
-52.529074;341.375;7568;-17463;0.961592464;0.022433758;-0.24371218;1356558606
-52.472658;341.375;7568;-17469;0.96261216;0.025492906;-0.23963332;1356615022
-52.434614;341.375;7568;-17469;0.961592464;0.033650636;-0.237593884;1356653066
-52.413008;341.375;7568;-17469;0.96363184;0.03263092;-0.23963332;1356674672
-52.384333;341.375;7568;-17469;0.96261216;0.025492906;-0.2386136;1356703347
-52.361442;341.375;7568;-17469;0.9605727;0.022433758;-0.2447319;1356726238
-52.334811;341.375;7568;-17469;0.961592464;0.018354892;-0.24371218;1356752869
-52.310256;341.375;7568;-17469;0.96261216;0.026512622;-0.2386136;1356777424
-52.273909;341.375;7568;-17469;0.96261216;0.028552056;-0.23453474;1356813771
-52.234521;341.375;7568;-17469;0.96363184;0.031611204;-0.24371218;1356853159
-52.204771;341.375;7568;-17469;0.961592464;0.030591488;-0.247791052;1356882909
-52.182731;341.375;7568;-17469;0.96363184;0.026512622;-0.24371218;1356904949
-52.160797;341.375;7568;-17469;0.96261216;0.026512622;-0.23963332;1356926883
-52.134550;341.375;7568;-17469;0.96261216;0.028552056;-0.23555446;1356953130
-52.111658;341.375;7568;-17469;0.9605727;0.030591488;-0.24167276;1356976022
-52.084573;341.375;7568;-17469;0.96363184;0.031611204;-0.242692468;1357003107
-52.062528;341.375;7568;-17469;0.959553;0.030591488;-0.247791052;1357025152
-52.040923;341.375;7568;-17469;0.961592464;0.028552056;-0.24575162;1357046757
-52.004757;341.375;7568;-17469;0.9646516;0.025492906;-0.24065304;1357082923
-51.981194;341.375;7568;-17469;0.96363184;0.023453474;-0.23351502;1357106486
-51.954520;341.375;7568;-17469;0.96363184;0.02447319;-0.2386136;1357133160
-51.929444;341.375;7568;-17469;0.9605727;0.028552056;-0.247791052;1357158236
-51.904576;341.375;7568;-17469;0.9605727;0.030591488;-0.2447319;1357183104
-51.881521;341.375;7568;-17469;0.96261216;0.02753234;-0.2447319;1357206159
-51.826977;341.375;7568;-17469;0.96363184;0.022433758;-0.23555446;1357260703
-51.803840;341.375;7568;-17469;0.961592464;0.025492906;-0.23657418;1357283840
-51.781848;341.375;7568;-17469;0.961592464;0.031611204;-0.2447319;1357305832
-51.754584;341.375;7568;-17469;0.96261216;0.030591488;-0.24983048;1357333096
-51.694805;341.375;7568;-17469;0.96363184;0.02753234;-0.2386136;1357392875
-51.664767;341.375;7568;-17469;0.96363184;0.022433758;-0.23555446;1357422913
-51.634486;341.375;7568;-17469;0.96363184;0.028552056;-0.242692468;1357453194
-51.612998;341.375;7568;-17469;0.9605727;0.03263092;-0.24575162;1357474682
-51.585088;341.375;7568;-17469;0.9605727;0.03263092;-0.248810768;1357502592
-51.554312;341.375;7568;-17469;0.961592464;0.029571772;-0.24065304;1357533368
-51.530510;341.375;7568;-17469;0.96363184;0.02447319;-0.23657418;1357557170
-51.504593;341.375;7568;-17469;0.96363184;0.023453474;-0.24065304;1357583087
-51.482865;341.375;7568;-17469;0.9605727;0.026512622;-0.247791052;1357604815
-51.434070;341.375;7568;-17469;0.96363184;0.031611204;-0.24371218;1357653610
-51.354513;341.375;7568;-17469;0.961592464;0.021414042;-0.24065304;1357733167
-51.332495;341.375;7568;-17469;0.9605727;0.023453474;-0.242692468;1357755185
-51.310737;341.375;7568;-17463;0.96261216;0.028552056;-0.24371218;1357776943
-51.284559;341.375;7568;-17463;0.96363184;0.03263092;-0.2447319;1357803121
-51.262048;341.375;7568;-17463;0.96363184;0.03263092;-0.24167276;1357825632
-51.234210;341.375;7568;-17463;0.96363184;0.031611204;-0.2386136;1357853470
-51.204375;341.375;7568;-17463;0.961592464;0.025492906;-0.23963332;1357883305
-51.181939;341.375;7568;-17463;0.961592464;0.02447319;-0.242692468;1357905741
-51.154479;341.375;7568;-17463;0.961592464;0.028552056;-0.24575162;1357933201
-51.131239;341.375;7568;-17463;0.961592464;0.03263092;-0.24575162;1357956441
-51.104350;341.375;7568;-17463;0.96261216;0.034670352;-0.242692468;1357983330
-51.082341;341.375;7568;-17463;0.96363184;0.02753234;-0.2386136;1358005339
-51.058904;341.375;7568;-17463;0.96261216;0.026512622;-0.24065304;1358028776
-51.034260;341.375;7568;-17463;0.9605727;0.020394326;-0.24371218;1358053420
-50.994087;341.375;7568;-17463;0.9605727;0.021414042;-0.24983048;1358093593
-50.970556;341.375;7568;-17463;0.9605727;0.031611204;-0.24167276;1358117124
-50.894547;341.375;7568;-17463;0.96363184;0.023453474;-0.23963332;1358193133
-50.872238;341.375;7568;-17463;0.9605727;0.017335176;-0.242692468;1358215442
-50.844663;341.375;7568;-17463;0.96261216;0.021414042;-0.24677134;1358243017
-50.814749;341.375;7568;-17463;0.959553;0.029571772;-0.2447319;1358272931
-50.784415;341.375;7568;-17463;0.96363184;0.039768936;-0.24065304;1358303265
-50.762841;341.375;7568;-17463;0.96261216;0.03263092;-0.24167276;1358324839
-50.732105;341.375;7568;-17469;0.959553;0.023453474;-0.242692468;1358355575
-50.704484;341.375;7568;-17469;0.9605727;0.020394326;-0.2447319;1358383196
-50.683026;341.375;7568;-17469;0.9646516;0.02447319;-0.2447319;1358404654
-50.657606;341.375;7568;-17469;0.96261216;0.029571772;-0.23963332;1358430074
-50.633411;341.375;7568;-17469;0.961592464;0.036709784;-0.23657418;1358454269
-50.594601;341.375;7568;-17469;0.9656713;0.033650636;-0.242692468;1358493079
-50.564352;341.375;7568;-17469;0.96261216;0.020394326;-0.24575162;1358523328
-50.514175;341.375;7568;-17469;0.961592464;0.0193746092;-0.24371218;1358573505
-50.490407;341.375;7568;;273;215;4275;1358597273
-50.464239;341.375;7568;-17469;0.96363184;0.036709784;-0.23963332;1358623441
-50.442315;341.375;7568;-17469;0.96261216;0.030591488;-0.242692468;1358645365
-50.407946;341.375;7568;-17469;0.9605727;0.0193746092;-0.24167276;1358679734
-50.383705;341.375;7568;-17469;0.96261216;0.01631546;-0.242692468;1358703975
-50.360013;341.375;7568;;388;256;4270;1358727667
-50.334098;341.375;7568;-17469;0.96363184;0.028552056;-0.24065304;1358753582
-50.304584;341.375;7568;-17469;0.96363184;0.036709784;-0.23963332;1358783096
-50.281444;341.375;7568;-17469;0.96261216;0.033650636;-0.242692468;1358806236
-50.254209;341.375;7568;-17469;0.961592464;0.02753234;-0.2447319;1358833471
-50.231474;341.375;7568;-17469;0.96363184;0.021414042;-0.24677134;1358856206
-50.204540;341.375;7568;-17469;0.961592464;0.022433758;-0.242692468;1358883140
-50.182992;341.375;7568;-17469;0.96363184;0.029571772;-0.24167276;1358904688
-50.154290;341.375;7568;-17469;0.96363184;0.033650636;-0.242692468;1358933390
-50.132250;341.375;7568;-17469;0.96363184;0.034670352;-0.242692468;1358955430
-50.084148;341.375;7568;-17475;0.961592464;0.021414042;-0.247791052;1359003532
-50.054433;341.375;7568;-17475;0.96363184;0.01631546;-0.24167276;1359033247
-50.032841;341.375;7568;-17475;0.96363184;0.025492906;-0.24167276;1359054839
-50.004214;341.375;7568;-17475;0.96261216;0.030591488;-0.24371218;1359083466
-49.982715;341.375;7568;-17475;0.961592464;0.031611204;-0.24167276;1359104965
-49.933462;341.375;7568;-17475;0.959553;0.022433758;-0.24371218;1359154218
-49.871826;341.375;7568;-17475;0.96261216;0.026512622;-0.23963332;1359215854
-49.844341;341.375;7568;-17475;0.96363184;0.026512622;-0.2386136;1359243339
-49.823021;341.375;7568;;345;241;4275;1359264659
-49.784303;341.375;7568;-17475;0.96363184;0.028552056;-0.24371218;1359303377
-49.762178;341.375;7568;-17475;0.96261216;0.026512622;-0.24065304;1359325502
-49.740943;341.375;7568;-17475;0.96261216;0.022433758;-0.24167276;1359346737
-49.714437;341.375;7568;-17475;0.9646516;0.025492906;-0.23657418;1359373243
-49.684253;341.375;7568;-17475;0.96261216;0.030591488;-0.23963332;1359403427
-49.634080;341.375;7568;-17475;0.959553;0.029571772;-0.2508502;1359453600
-49.600246;341.375;7568;-17475;0.961592464;0.022433758;-0.24167276;1359487434
-49.576931;341.375;7568;-17475;0.96261216;0.020394326;-0.24065304;1359510749
-49.553856;341.375;7568;-17475;0.96261216;0.025492906;-0.2386136;1359533824
-49.531569;341.375;7568;-17475;0.96261216;0.031611204;-0.242692468;1359556111
-49.502072;341.375;7568;-17475;0.961592464;0.031611204;-0.2508502;1359585608
-49.479802;341.375;7568;-17475;0.96363184;0.028552056;-0.242692468;1359607878
-49.453923;341.375;7568;-17475;0.961592464;0.023453474;-0.23963332;1359633757
-49.428988;341.375;7568;-17475;0.961592464;0.020394326;-0.2386136;1359658692
-49.403977;341.375;7568;-17475;0.96363184;0.025492906;-0.23963332;1359683703
-49.379353;341.375;7568;-17475;0.96261216;0.029571772;-0.24167276;1359708327
-49.354122;341.375;7568;-17475;0.96261216;0.036709784;-0.248810768;1359733558
-49.329496;341.375;7568;-17475;0.96363184;0.031611204;-0.24371218;1359758184
-49.302047;341.375;7568;-17475;0.96261216;0.026512622;-0.24065304;1359785633
-49.280004;341.375;7568;-17475;0.9646516;0.022433758;-0.237593884;1359807676
-49.254045;341.375;7568;-17475;0.9605727;0.0193746092;-0.23657418;1359833635
-49.212671;341.375;7568;-17475;0.96261216;0.03263092;-0.24167276;1359875009
-49.183966;341.375;7568;-17475;0.96363184;0.034670352;-0.2447319;1359903714
-49.153649;341.375;7568;-17475;0.9605727;0.026512622;-0.24167276;1359934031
-49.130908;341.375;7568;-17475;0.96363184;0.021414042;-0.23657418;1359956772
-49.104406;341.375;7568;-17475;0.96363184;0.018354892;-0.24065304;1359983274
-49.061100;341.375;7568;-17475;0.96261216;0.028552056;-0.24575162;1360026580
-49.034150;341.375;7568;-17475;0.96261216;0.033650636;-0.247791052;1360053530
-49.012210;341.375;7568;-17475;0.961592464;0.030591488;-0.24167276;1360075470
-48.962041;341.375;7568;-17475;0.96363184;0.021414042;-0.23555446;1360125639
-48.934120;341.375;7568;-17475;0.96363184;0.021414042;-0.23963332;1360153560
-48.904371;341.375;7568;-17475;0.961592464;0.028552056;-0.2447319;1360183309
-48.880588;341.375;7568;-17475;0.96261216;0.033650636;-0.248810768;1360207092
-48.854053;341.375;7568;-17475;0.9605727;0.0377295;-0.24677134;1360233627
-48.813959;341.375;7568;-17469;0.96363184;0.030591488;-0.23453474;1360273721
-48.790447;341.375;7568;-17469;0.961592464;0.017335176;-0.2314756;1360297233
-48.764352;341.375;7568;-17469;0.96363184;0.018354892;-0.23453474;1360323328
-48.742859;341.375;7568;-17469;0.961592464;0.026512622;-0.24677134;1360344821
-48.714188;341.375;7568;-17469;0.961592464;0.031611204;-0.24575162;1360373492
-48.664272;341.375;7568;-17469;0.96363184;0.034670352;-0.2386136;1360423408
-48.643067;341.375;7568;-17475;0.96363184;0.0193746092;-0.23351502;1360444613
-48.606092;341.375;7568;-17475;0.9605727;0.014276028;-0.237593884;1360481588
-48.582217;341.375;7568;-17469;0.9605727;0.025492906;-0.25186992;1360505463
-48.554839;341.375;7568;-17463;0.961592464;0.033650636;-0.25288964;1360532841
-48.532027;341.375;7568;-17463;0.961592464;0.041808368;-0.2447319;1360555653
-48.473648;341.375;7568;-17463;0.96261216;0.017335176;-0.23045588;1360614032
-48.452069;341.375;7568;-17463;0.959553;0.015295744;-0.2447319;1360635611
-48.430943;341.375;7568;-17463;0.9585333;0.026512622;-0.25390936;1360656737
-48.380531;341.4375;7568;-17457;0.9605727;0.0377295;-0.24983048;1360707149
-48.352842;341.4375;7568;-17457;0.96363184;0.033650636;-0.23453474;1360734838
-48.329978;341.375;7568;-17457;0.9605727;0.02753234;-0.232495316;1360757702
-48.300883;341.4375;7568;-17457;0.959553;0.014276028;-0.23963332;1360786797
-48.279043;341.4375;7568;-17457;0.9605727;0.020394326;-0.24575162;1360808637
-48.253643;341.4375;7568;-17457;0.9605727;0.026512622;-0.247791052;1360834037
-48.229340;341.4375;7568;-17457;0.96261216;0.036709784;-0.242692468;1360858340
-48.170987;341.4375;7568;-17457;0.961592464;0.0193746092;-0.23453474;1360916693
-48.143961;341.4375;7568;-17457;0.96261216;0.017335176;-0.2386136;1360943719
-48.121859;341.4375;7568;-17457;0.961592464;0.01631546;-0.24371218;1360965821
-48.088314;341.4375;7568;-17457;0.9605727;0.029571772;-0.24983048;1360999366
-48.063955;341.4375;7568;-17457;0.96261216;0.034670352;-0.24167276;1361023725
-48.040683;341.4375;7568;-17457;0.96363184;0.0377295;-0.23351502;1361046997
-48.014184;341.4375;7568;-17457;0.96261216;0.02753234;-0.23657418;1361073496
-47.993093;341.4375;7568;-17457;0.959553;0.018354892;-0.24575162;1361094587
-47.968463;341.4375;7568;-17457;0.96261216;0.020394326;-0.2508502;1361119217
-47.926951;341.4375;7568;-17450;0.96261216;0.034670352;-0.24575162;1361160729
-47.903481;341.4375;7568;-17450;0.96363184;0.0377295;-0.24065304;1361184199
-47.881248;341.4375;7568;-17450;0.96363184;0.03569007;-0.23351502;1361206432
-47.854123;341.4375;7568;-17450;0.961592464;0.023453474;-0.24065304;1361233557
-47.814268;341.4375;7568;-17450;0.961592464;0.018354892;-0.24677134;1361273412
-47.770905;341.4375;7568;-17450;0.961592464;0.031611204;-0.242692468;1361316775
-47.744176;341.4375;7568;-17450;0.96363184;0.036709784;-0.23657418;1361343504
-47.714099;341.4375;7568;-17450;0.961592464;0.028552056;-0.23657418;1361373581
-47.664151;341.4375;7568;-17450;0.9605727;0.013256311;-0.242692468;1361423529
-47.641839;341.4375;7568;-17450;0.9605727;0.020394326;-0.24677134;1361445841
-47.614255;341.4375;7568;-17444;0.96261216;0.026512622;-0.24065304;1361473425
-47.564038;341.4375;7568;-17438;0.961592464;0.03569007;-0.237593884;1361523642
-47.540438;341.4375;7568;-17438;0.9605727;0.0193746092;-0.24065304;1361547242
-47.512081;341.4375;7568;-17438;0.961592464;0.015295744;-0.24677134;1361575599
-47.463201;341.4375;7568;-17432;0.961592464;0.02753234;-0.242692468;1361624479
-47.440551;341.4375;7568;-17432;0.9656713;0.039768936;-0.24167276;1361647129
-47.410412;341.4375;7568;-17432;0.96363184;0.0377295;-0.2386136;1361677268
-47.383900;341.4375;7568;-17432;0.961592464;0.02753234;-0.242692468;1361703780
-47.361472;341.5;7568;-17432;0.959553;0.017335176;-0.2447319;1361726208
-47.333877;341.5;7568;-17432;0.961592464;0.017335176;-0.24371218;1361753803
-47.311941;341.5;7568;-17432;0.961592464;0.02753234;-0.242692468;1361775739
-47.279840;341.5;7568;-17432;0.9646516;0.03263092;-0.23963332;1361807840
-47.253838;341.5;7568;-17432;0.961592464;0.0377295;-0.23657418;1361833842
-47.229299;341.5;7568;-17432;0.96261216;0.025492906;-0.24167276;1361858381
-47.203598;341.5;7568;-17432;0.961592464;0.020394326;-0.24167276;1361884082
-47.180977;341.5;7568;-17432;0.9605727;0.017335176;-0.24167276;1361906703
-47.153967;341.5;7568;-17432;0.9605727;0.022433758;-0.242692468;1361933713
-47.063788;341.5;7568;-17425;0.96261216;0.026512622;-0.24167276;1362023892
-47.032071;341.5;7568;-17425;0.9605727;0.021414042;-0.24575162;1362055609
-47.004132;341.5;7568;-17425;0.96261216;0.020394326;-0.2447319;1362083548
-46.981854;341.5;7568;-17425;0.96363184;0.026512622;-0.24065304;1362105826
-46.954588;341.5;7568;-17425;0.96363184;0.033650636;-0.237593884;1362133092
-46.922083;341.5;7568;-17425;0.96363184;0.034670352;-0.242692468;1362165597
-46.900100;341.5;7568;-17425;0.961592464;0.026512622;-0.2508502;1362187580
-46.877999;341.5;7568;-17425;0.9605727;0.021414042;-0.247791052;1362209681
-46.853669;341.5;7568;-17425;0.961592464;0.018354892;-0.2447319;1362234011
-46.830778;341.5;7568;-17425;0.9646516;0.022433758;-0.24065304;1362256902
-46.803797;341.5;7568;-17425;0.961592464;0.03263092;-0.23453474;1362283883
-46.782121;341.5;7568;-17425;0.9656713;0.03569007;-0.24371218;1362305559
-46.758517;341.5;7568;;103;132;4272;1362329163
-46.732410;341.5;7568;-17425;0.961592464;0.022433758;-0.247791052;1362355270
-46.703727;341.5;7568;-17425;0.959553;0.017335176;-0.24371218;1362383953
-46.670697;341.5;7568;-17425;0.9646516;0.023453474;-0.23555446;1362416983
-46.643672;341.5;7568;-17425;0.9646516;0.030591488;-0.23657418;1362444008
-46.622027;341.5;7568;-17425;0.96363184;0.03263092;-0.242692468;1362465653
-46.583825;341.5;7568;-17425;0.959553;0.030591488;-0.248810768;1362503855
-46.533566;341.5;7568;-17425;0.961592464;0.023453474;-0.242692468;1362554114
-46.504279;341.5;7568;-17425;0.96261216;0.026512622;-0.23453474;1362583401
-46.482691;341.5;7568;-17425;0.96363184;0.028552056;-0.23963332;1362604989
-46.453774;341.5;7568;-17425;0.96363184;0.034670352;-0.24371218;1362633906
-46.428076;341.5;7568;-17425;0.961592464;0.031611204;-0.2508502;1362659604
-46.403559;341.5;7568;-17425;0.9605727;0.02753234;-0.24983048;1362684121
-46.381674;341.5;7568;-17425;0.96363184;0.02447319;-0.2386136;1362706006
-46.359797;341.5;7568;-17425;0.96261216;0.02447319;-0.237593884;1362727883
-46.333604;341.5;7568;-17425;0.96363184;0.026512622;-0.23555446;1362754076
-46.310686;341.5;7568;-17425;0.961592464;0.025492906;-0.24167276;1362776994
-46.283820;341.5;7568;-17425;0.961592464;0.028552056;-0.24677134;1362803860
-46.241679;341.5;7568;-17425;0.9605727;0.026512622;-0.24575162;1362846001
-46.213636;341.5;7568;-17425;0.961592464;0.02447319;-0.237593884;1362874044
-46.192001;341.5;7568;-17425;0.961592464;0.021414042;-0.23657418;1362895679
-46.169893;341.5;7568;-17425;0.961592464;0.026512622;-0.24065304;1362917787
-46.143696;341.5;7568;-17425;0.96363184;0.025492906;-0.24371218;1362943984
-46.120948;341.5;7568;-17425;0.959553;0.028552056;-0.24575162;1362966732
-46.093614;341.5;7568;-17425;0.961592464;0.026512622;-0.2447319;1362994066
-46.070036;341.5;7568;-17425;0.96261216;0.02753234;-0.23351502;1363017644
-46.043895;341.5;7568;-17425;0.961592464;0.028552056;-0.23555446;1363043785
-46.020390;341.5;7568;-17425;0.961592464;0.028552056;-0.23963332;1363067290
-45.994034;341.5;7568;-17425;0.96261216;0.02753234;-0.24575162;1363093646
-45.971393;341.5;7568;-17425;0.959553;0.028552056;-0.247791052;1363116287
-45.943778;341.5;7568;-17425;0.961592464;0.02753234;-0.2447319;1363143902
-45.920942;341.5;7568;-17425;0.96363184;0.028552056;-0.23963332;1363166738
-45.872012;341.5;7568;-17425;0.961592464;0.02447319;-0.242692468;1363215668
-45.813188;341.5;7568;-17425;0.96261216;0.02753234;-0.24677134;1363274492
-45.763915;341.5;7568;-17425;0.96261216;0.025492906;-0.23657418;1363323765
-45.742010;341.5;7568;-17425;0.96261216;0.02447319;-0.2386136;1363345670
-45.706563;341.5;7568;-17425;0.96363184;0.025492906;-0.24371218;1363381117
-45.683267;341.5;7568;-17425;0.96261216;0.02447319;-0.242692468;1363404413
-45.661966;341.5;7568;-17425;0.9605727;0.028552056;-0.24575162;1363425714
-45.639984;341.5;7568;-17425;0.96261216;0.026512622;-0.24371218;1363447696
-45.613487;341.5;7568;-17425;0.96363184;0.02753234;-0.23657418;1363474193
-45.591906;341.5;7568;-17425;0.96261216;0.029571772;-0.24065304;1363495774
-45.563737;341.5;7568;-17425;0.961592464;0.026512622;-0.23963332;1363523943
-45.541971;341.5;7568;-17425;0.96363184;0.02753234;-0.242692468;1363545709
-45.503272;341.5;7568;-17425;0.959553;0.030591488;-0.24371218;1363584408
-45.481598;341.5;7568;-17425;0.96261216;0.029571772;-0.242692468;1363606082
-45.453716;341.5;7568;-17425;0.96363184;0.02753234;-0.24065304;1363633964
-45.429365;341.5;7568;-17425;0.96363184;0.026512622;-0.2386136;1363658315
-45.402112;341.5;7568;-17425;0.96363184;0.02447319;-0.24167276;1363685568
-45.333335;341.5;7568;-17425;0.961592464;0.030591488;-0.24371218;1363754345
-45.312229;341.5;7568;-17425;0.96363184;0.025492906;-0.24167276;1363775451
-45.283775;341.5;7568;-17425;0.96261216;0.023453474;-0.242692468;1363803905
-45.260754;341.5;7568;-17425;0.9605727;0.023453474;-0.24167276;1363826926
-45.233561;341.5;7568;-17425;0.96363184;0.029571772;-0.24167276;1363854119
-45.203565;341.5;7568;-17425;0.961592464;0.026512622;-0.2447319;1363884115
-45.180453;341.5;7568;-17425;0.96261216;0.029571772;-0.24167276;1363907227
-45.153609;341.5;7568;-17425;0.96261216;0.026512622;-0.24167276;1363934071
-45.131635;341.5;7568;-17425;0.96261216;0.021414042;-0.23963332;1363956045
-45.105053;341.5;7568;-17425;0.961592464;0.022433758;-0.237593884;1363982627
-45.082591;341.5;7568;-17425;0.96363184;0.030591488;-0.24167276;1364005089
-45.060523;341.5;7568;-17425;0.961592464;0.03569007;-0.2447319;1364027157
-45.033491;341.5;7568;-17425;0.961592464;0.03569007;-0.2447319;1364054189
-45.009358;341.5;7568;-17425;0.9646516;0.028552056;-0.24167276;1364078322
-44.983367;341.5;7568;-17425;0.961592464;0.023453474;-0.237593884;1364104313
-44.940169;341.5;7568;-17425;0.96363184;0.02447319;-0.24167276;1364147511
-44.914869;341.5;7568;-17425;0.9605727;0.030591488;-0.24371218;1364172811
-44.886177;341.5;7568;-17425;0.961592464;0.03263092;-0.24371218;1364201503
-44.833284;341.5;7568;-17425;0.96363184;0.021414042;-0.23963332;1364254396
-44.799741;341.5;7568;-17425;0.9605727;0.021414042;-0.24167276;1364287939
-44.777455;341.5;7568;-17425;0.9605727;0.020394326;-0.242692468;1364310225
-44.750737;341.5;7568;-17425;0.961592464;0.030591488;-0.247791052;1364336943
-44.729080;341.5;7568;-17425;0.96261216;0.030591488;-0.2447319;1364358600
-44.699571;341.5;7568;-17425;0.96363184;0.029571772;-0.24371218;1364388109
-44.669936;341.5;7568;-17425;0.96363184;0.02447319;-0.2386136;1364417744
-44.643044;341.5;7568;-17425;0.961592464;0.020394326;-0.242692468;1364444636
-44.613050;341.5;7568;-17425;0.96261216;0.023453474;-0.24167276;1364474630
-44.563648;341.5;7568;-17425;0.961592464;0.03569007;-0.24167276;1364524032
-44.538428;341.5;7568;-17425;0.96363184;0.029571772;-0.23963332;1364549252
-44.462829;341.5;7568;-17425;0.96261216;0.025492906;-0.24575162;1364624851
-44.430740;341.5;7568;-17425;0.961592464;0.028552056;-0.24371218;1364656940
-44.403577;341.5;7568;-17425;0.96363184;0.031611204;-0.23963332;1364684103
-44.379219;341.5;7568;-17425;0.96261216;0.029571772;-0.24065304;1364708461
-44.353361;341.5;7568;-17425;0.9605727;0.025492906;-0.2386136;1364734319
-44.331621;341.5;7568;-17425;0.961592464;0.0193746092;-0.24167276;1364756059
-44.303469;341.5;7568;-17425;0.961592464;0.021414042;-0.24371218;1364784211
-44.281560;341.5;7568;-17425;0.96261216;0.026512622;-0.24575162;1364806120
-44.253403;341.5;7568;-17425;0.96363184;0.031611204;-0.237593884;1364834277
-44.213599;341.5;7568;-17425;0.96261216;0.029571772;-0.24065304;1364874081
-44.169522;341.5;7568;-17425;0.96363184;0.025492906;-0.2447319;1364918158
-44.143396;341.5;7568;-17425;0.961592464;0.025492906;-0.24983048;1364944284
-44.121069;341.5;7568;-17425;0.96363184;0.029571772;-0.24065304;1364966611
-44.093522;341.5;7568;-17425;0.9605727;0.034670352;-0.24065304;1364994158
-44.043131;341.5;7568;-17425;0.96261216;0.02753234;-0.2447319;1365044549
-44.020689;341.5;7568;-17425;0.96363184;0.023453474;-0.24167276;1365066991
-43.993128;341.5;7568;-17425;0.96363184;0.021414042;-0.242692468;1365094552
-43.963422;341.5;7568;-17425;0.961592464;0.028552056;-0.24167276;1365124258
-43.939348;341.5;7568;-17425;0.961592464;0.031611204;-0.23963332;1365148332
-43.909987;341.5;7568;-17425;0.96261216;0.030591488;-0.2386136;1365177693
-43.883168;341.5;7568;-17425;0.9605727;0.023453474;-0.24371218;1365204512
-43.861008;341.5;7568;-17425;0.961592464;0.0193746092;-0.24167276;1365226672
-43.829952;341.5;7568;-17425;0.96261216;0.021414042;-0.24065304;1365257728
-43.799792;341.5;7568;-17425;0.96261216;0.029571772;-0.24371218;1365287888
-43.776539;341.5;7568;-17425;0.961592464;0.031611204;-0.24167276;1365311141
-43.753226;341.5;7568;-17425;0.961592464;0.031611204;-0.24371218;1365334454
-43.728033;341.5;7568;-17425;0.96261216;0.02447319;-0.24167276;1365359647
-43.699531;341.5;7568;-17425;0.9605727;0.023453474;-0.242692468;1365388149
-43.677941;341.5;7568;-17425;0.96261216;0.023453474;-0.24065304;1365409739
-43.653234;341.5;7568;-17425;0.96363184;0.029571772;-0.24167276;1365434446
-43.629460;341.5;7568;-17425;0.96363184;0.03263092;-0.24065304;1365458220
-43.603436;341.5;7568;-17425;0.961592464;0.03569007;-0.24167276;1365484244
-43.562895;341.5;7568;-17425;0.96261216;0.02753234;-0.242692468;1365524785
-43.540926;341.5;7568;-17425;0.961592464;0.023453474;-0.23963332;1365546754
-43.513504;341.5;7568;-17425;0.96261216;0.025492906;-0.23963332;1365574176
-43.491502;341.5;7568;-17425;0.961592464;0.029571772;-0.23963332;1365596178
-43.463440;341.5;7568;-17425;0.9605727;0.030591488;-0.24167276;1365624240
-43.441859;341.5;7568;-17425;0.96261216;0.028552056;-0.24575162;1365645821
-43.410982;341.5;7568;-17425;0.961592464;0.022433758;-0.24371218;1365676698
-43.383493;341.5;7568;-17425;0.961592464;0.021414042;-0.242692468;1365704187
-43.361582;341.5;7568;-17425;0.961592464;0.022433758;-0.23657418;1365726098
-43.339843;341.5;7568;-17425;0.96261216;0.026512622;-0.24065304;1365747837
-43.313059;341.5;7568;-17425;0.96261216;0.02753234;-0.24065304;1365774621
-43.283388;341.5;7568;-17425;0.961592464;0.031611204;-0.24677134;1365804292
-43.261279;341.5;7568;-17425;0.9605727;0.028552056;-0.24371218;1365826401
-43.239593;341.5;7568;-17425;0.9605727;0.02447319;-0.2447319;1365848087
-43.213521;341.5;7568;-17425;0.96363184;0.02447319;-0.2386136;1365874159
-43.169764;341.5;7568;-17425;0.9605727;0.02753234;-0.24167276;1365917916
-43.127836;341.5;7568;-17425;0.9605727;0.03263092;-0.24677134;1365959844
-43.103194;341.5;7568;-17425;0.961592464;0.031611204;-0.242692468;1365984486
-43.081181;341.5;7568;-17425;0.96363184;0.029571772;-0.24167276;1366006499
-43.053554;341.5;7568;-17425;0.96363184;0.02447319;-0.2386136;1366034126
-43.030176;341.5;7568;-17425;0.961592464;0.025492906;-0.24167276;1366057504
-43.002057;341.5;7568;-17425;0.961592464;0.02753234;-0.24167276;1366085623
-42.979936;341.5;7568;-17425;0.96261216;0.029571772;-0.2447319;1366107744
-42.953448;341.5;7568;-17425;0.9646516;0.02753234;-0.242692468;1366134232
-42.929590;341.5;7568;-17425;0.961592464;0.026512622;-0.242692468;1366158090
-42.900850;341.5;7568;-17425;0.96261216;0.02447319;-0.2386136;1366186830
-42.878428;341.5;7568;-17425;0.96261216;0.022433758;-0.24065304;1366209252
-42.853320;341.5;7568;-17425;0.961592464;0.026512622;-0.24167276;1366234360
-42.820912;341.5;7568;-17425;0.961592464;0.030591488;-0.242692468;1366266768
-42.794541;341.5;7568;-17425;0.961592464;0.030591488;-0.2447319;1366293139
-42.772115;341.5;7568;-17425;0.9646516;0.028552056;-0.2386136;1366315565
-42.729991;341.5;7568;-17425;0.9605727;0.026512622;-0.24167276;1366357689
-42.703013;341.5;7568;-17425;0.96261216;0.026512622;-0.24065304;1366384667
-42.680243;341.5;7568;-17425;0.961592464;0.029571772;-0.24677134;1366407437
-42.653184;341.5;7568;-17425;0.961592464;0.031611204;-0.242692468;1366434496
-42.628400;341.5;7568;-17425;0.959553;0.03263092;-0.24065304;1366459280
-42.571590;341.5;7568;-17425;0.96363184;0.025492906;-0.242692468;1366516090
-42.549854;341.5;7568;-17425;0.96363184;0.02753234;-0.24371218;1366537826
-42.516206;341.5;7568;-17425;0.961592464;0.028552056;-0.24575162;1366571474
-42.489839;341.5;7568;-17425;0.961592464;0.029571772;-0.24167276;1366597841
-42.463034;341.5;7568;-17425;0.96261216;0.029571772;-0.24167276;1366624646
-42.439419;341.5;7568;-17425;0.9605727;0.02447319;-0.23963332;1366648261
-42.413556;341.5;7568;-17425;0.961592464;0.02447319;-0.23963332;1366674124
-42.386374;341.5;7568;-17425;0.961592464;0.022433758;-0.242692468;1366701306
-42.363110;341.5;7568;-17425;0.96261216;0.025492906;-0.24167276;1366724570
-42.340605;341.5;7568;-17425;0.961592464;0.029571772;-0.242692468;1366747075
-42.292468;341.5;7568;-17425;0.96261216;0.030591488;-0.24065304;1366795212
-42.270430;341.5;7568;-17425;0.96363184;0.025492906;-0.23963332;1366817250
-42.247437;341.5;7568;-17425;0.961592464;0.02447319;-0.24371218;1366840243
-42.225613;341.5;7568;-17425;0.961592464;0.026512622;-0.24167276;1366862067
-42.199510;341.5;7568;-17425;0.96261216;0.028552056;-0.24371218;1366888170
-42.176294;341.5;7568;-17425;0.96363184;0.03263092;-0.24167276;1366911386
-42.130528;341.5;7568;-17425;0.96261216;0.029571772;-0.2386136;1366957152
-42.104527;341.5;7568;-17425;0.96261216;0.02753234;-0.242692468;1366983153
-42.081005;341.5;7568;-17425;0.96261216;0.025492906;-0.242692468;1367006675
-42.053385;341.5;7568;-17425;0.961592464;0.026512622;-0.24167276;1367034295
-41.998025;341.5;7568;-17425;0.961592464;0.030591488;-0.24167276;1367089655
-41.972728;341.5;7568;-17425;0.9646516;0.026512622;-0.24167276;1367114952
-41.940363;341.5;7568;-17425;0.96261216;0.025492906;-0.24167276;1367147317
-41.913434;341.5;7568;-17425;0.96261216;0.022433758;-0.23963332;1367174246
-41.891478;341.5;7568;-17425;0.959553;0.025492906;-0.24167276;1367196202
-41.842890;341.5;7568;-17425;0.96261216;0.029571772;-0.24167276;1367244790
-41.820856;341.5;7568;-17425;0.96363184;0.026512622;-0.24167276;1367266824
-41.793266;341.5;7568;-17425;0.96261216;0.02753234;-0.24371218;1367294414
-41.771252;341.5;7568;-17425;0.959553;0.026512622;-0.242692468;1367316428
-41.743362;341.5;7568;-17425;0.96261216;0.026512622;-0.242692468;1367344318
-41.722033;341.5;7568;;57;98;4275;1367365647
-41.693535;341.5;7568;-17425;0.961592464;0.03263092;-0.242692468;1367394145
-41.671908;341.5;7568;-17425;0.961592464;0.029571772;-0.23963332;1367415772
-41.643458;341.5;7568;-17425;0.96363184;0.028552056;-0.24371218;1367444222
-41.619914;341.5;7568;-17425;0.9605727;0.02753234;-0.242692468;1367467766
-41.593414;341.5;7568;-17425;0.96363184;0.026512622;-0.24575162;1367494266
-41.572102;341.5;7568;-17425;0.96363184;0.02753234;-0.24065304;1367515578
-41.533141;341.5;7568;-17425;0.9646516;0.030591488;-0.23963332;1367554539
-41.510261;341.5;7568;-17425;0.961592464;0.029571772;-0.24167276;1367577419
-41.483161;341.5;7568;-17425;0.961592464;0.026512622;-0.24065304;1367604519
-41.453367;341.5;7568;-17425;0.96261216;0.026512622;-0.24167276;1367634313
-41.402506;341.5;7568;-17425;0.96363184;0.025492906;-0.24065304;1367685174
-41.380476;341.5;7568;-17425;0.96363184;0.028552056;-0.2386136;1367707204
-41.353375;341.5;7568;-17425;0.961592464;0.029571772;-0.24167276;1367734305
-41.332131;341.5;7568;-17425;0.96363184;0.02753234;-0.24065304;1367755549
-41.310554;341.5;7568;-17425;0.96261216;0.026512622;-0.24167276;1367777126
-41.283308;341.5;7568;-17425;0.96261216;0.02753234;-0.242692468;1367804372
-41.261577;341.5;7568;-17425;0.96261216;0.025492906;-0.24167276;1367826103
-41.239807;341.5;7568;-17425;0.9605727;0.026512622;-0.2447319;1367847873
-41.212107;341.5;7568;-17425;0.96261216;0.029571772;-0.2386136;1367875573
-41.163431;341.5;7568;-17425;0.96363184;0.031611204;-0.2447319;1367924249
-41.140627;341.5;7568;-17425;0.96261216;0.029571772;-0.242692468;1367947053
-41.113498;341.5;7568;-17425;0.961592464;0.025492906;-0.2447319;1367974182
-41.090559;341.5;7568;;17;53;4273;1367997121
-41.063509;341.5;7568;-17425;0.961592464;0.029571772;-0.237593884;1368024171
-41.042081;341.5;7568;-17425;0.96363184;0.029571772;-0.24167276;1368045599
-41.002383;341.5;7568;-17425;0.96363184;0.025492906;-0.2447319;1368085297
-40.978694;341.5;7568;-17425;0.96261216;0.02753234;-0.24167276;1368108986
-40.953322;341.5;7568;-17425;0.96363184;0.025492906;-0.242692468;1368134358
-40.931369;341.5;7568;-17425;0.96363184;0.02447319;-0.23963332;1368156311
-40.903426;341.5;7568;-17425;0.96261216;0.026512622;-0.24167276;1368184254
-40.880383;341.5;7568;-17425;0.961592464;0.030591488;-0.2447319;1368207297
-40.853460;341.5;7568;-17425;0.961592464;0.029571772;-0.24371218;1368234220
-40.828947;341.5;7568;-17425;0.9605727;0.028552056;-0.24167276;1368258733
-40.802914;341.5;7568;-17425;0.96261216;0.025492906;-0.24167276;1368284766
-40.763705;341.5;7568;-17425;0.9605727;6622;-0.24065304;1368323975
-40.741801;341.5;7568;-17425;0.96363184;0.028552056;-0.24065304;1368345879
-40.683344;341.5;7568;-17425;0.96363184;0.030591488;-0.2447319;1368404336
-40.659774;341.5;7568;-17425;0.96363184;0.02753234;-0.24065304;1368427906
-40.629520;341.5;7568;-17425;0.96363184;0.02447319;-0.24065304;1368458160
-40.553249;341.5;7568;-17425;0.9605727;0.02753234;-0.242692468;1368534431
-40.531895;341.5;7568;-17425;0.96261216;0.029571772;-0.24065304;1368555785
-40.503478;341.5;7568;-17425;0.96363184;0.026512622;-0.24167276;1368584202
-40.481912;341.5;7568;-17425;0.96261216;0.02753234;-0.23963332;1368605768
-40.452602;341.5;7568;-17425;0.961592464;0.026512622;-0.24371218;1368635078
-40.429029;341.5;7568;-17425;0.9605727;0.026512622;-0.24371218;1368658651
-40.370583;341.5;7568;-17425;0.961592464;0.028552056;-0.24167276;1368717097
-40.339527;341.5;7568;-17425;0.9646516;0.030591488;-0.24065304;1368748153
-40.313287;341.5;7568;-17425;0.96363184;0.02753234;-0.24371218;1368774393
-40.292102;341.5;7568;-17425;0.961592464;0.026512622;-0.24167276;1368795578
-40.269146;341.5;7568;-17425;0.96363184;0.029571772;-0.2447319;1368818534
-40.243234;341.5;7568;-17425;0.96363184;0.030591488;-0.242692468;1368844446
-40.213202;341.5;7568;-17425;0.96261216;0.028552056;-0.23963332;1368874478
-40.190630;341.5;7568;;-55;0;4275;1368897050
-40.163515;341.5;7568;-17425;0.96363184;0.028552056;-0.23963332;1368924165
-40.122316;341.5;7568;-17425;0.961592464;0.02753234;-0.24065304;1368965364
-40.100076;341.5;7568;-17425;0.96261216;0.026512622;-0.24371218;1368987604
-40.077026;341.5;7568;-17425;0.961592464;0.02753234;-0.24065304;1369010654
-40.053058;341.5;7568;-17425;0.96261216;0.028552056;-0.2447319;1369034622
-40.031053;341.5;7568;-17425;0.961592464;0.028552056;-0.24167276;1369056627
-40.005544;341.5;7568;-17425;0.96261216;0.02753234;-0.24065304;1369082136
-39.982751;341.5;7568;-17425;0.96261216;0.026512622;-0.24167276;1369104929
-39.960821;341.5;7568;-17425;0.96261216;0.02447319;-0.2447319;1369126859
-39.930296;341.5;7568;-17425;0.9605727;0.025492906;-0.242692468;1369157384
-39.904956;341.5;7568;-17425;0.96363184;0.02753234;-0.24065304;1369182724
-39.879321;341.5;7568;-17425;0.96363184;0.029571772;-0.24065304;1369208359
-39.849460;341.5;7568;-17425;0.96363184;0.028552056;-0.24065304;1369238220
-39.819902;341.5;7568;-17425;0.961592464;0.028552056;-0.23963332;1369267778
-39.792047;341.5;7568;-17425;0.96261216;0.02753234;-0.24167276;1369295633
-39.763467;341.5;7568;-17425;0.96261216;0.028552056;-0.24065304;1369324213
-39.740521;341.5;7568;-17425;0.9605727;0.028552056;-0.242692468;1369347159
-39.670659;341.5;7568;-17425;0.96261216;0.026512622;-0.24167276;1369417021
-39.647240;341.5;7568;-17425;0.96363184;0.02753234;-0.24371218;1369440440
-39.595378;341.5;7568;-17425;0.9605727;0.028552056;-0.24167276;1369492302
-39.572353;341.5;7568;-17425;0.96363184;0.026512622;-0.23963332;1369515327
-39.549814;341.5;7568;-17425;0.961592464;0.02753234;-0.24065304;1369537866
-39.527149;341.5;7568;-17425;0.96363184;0.026512622;-0.24167276;1369560531
-39.499462;341.5;7568;-17425;0.96363184;0.025492906;-0.242692468;1369588218
-39.472912;341.5;7568;-17425;0.961592464;0.028552056;-0.24371218;1369614768
-39.443773;341.5;7568;-17425;0.96261216;0.02753234;-0.24167276;1369643907
-39.419659;341.5;7568;-17425;0.96261216;0.029571772;-0.24065304;1369668021
-39.385612;341.5;7568;-17425;0.96363184;0.028552056;-0.24371218;1369702068
-39.362825;341.5;7568;-17425;0.96261216;0.02753234;-0.24167276;1369724855
-39.329855;341.5;7568;-17425;0.961592464;0.02753234;-0.24167276;1369757825
-39.303098;341.5;7568;-17425;0.96261216;0.026512622;-0.2447319;1369784582
-39.280814;341.5;7568;-17425;0.96261216;0.028552056;-0.24167276;1369806866
-39.233077;341.5;7568;-17425;0.96261216;0.028552056;-0.23963332;1369854603
-39.210330;341.5;7568;-17425;0.96261216;0.029571772;-0.24065304;1369877350
-39.185634;341.5;7568;-17425;0.961592464;0.029571772;-0.2386136;1369902046
-39.162855;341.5;7568;-17425;0.96363184;0.025492906;-0.24065304;1369924825
-39.140740;341.5;7568;-17425;0.96363184;0.02753234;-0.24065304;1369946940
-39.117127;341.5;7568;-17425;0.9605727;0.026512622;-0.24371218;1369970553
-39.093371;341.5;7568;-17425;0.96261216;0.028552056;-0.23963332;1369994309
-39.069771;341.5;7568;-17425;0.96363184;0.025492906;-0.24065304;1370017909
-39.043350;341.5;7568;-17425;0.96363184;0.025492906;-0.24167276;1370044330
-39.022150;341.5;7568;-17425;0.96363184;0.025492906;-0.24065304;1370065530
-39.000298;341.5;7568;-17425;0.9585333;0.025492906;-0.24371218;1370087382
-38.977606;341.5;7568;-17425;0.96261216;0.028552056;-0.24065304;1370110074
-38.953159;341.5;7568;-17425;0.9605727;0.02753234;-0.242692468;1370134521
-38.931707;341.5;7568;-17425;0.96261216;0.028552056;-0.24371218;1370155973
-38.909663;341.5;7568;-17425;0.96261216;0.026512622;-0.24167276;1370178017
-38.883348;341.5;7568;-17425;0.96261216;0.025492906;-0.24167276;1370204332
-38.827477;341.5;7568;-17425;0.96261216;0.028552056;-0.24371218;1370260203
-38.803034;341.5;7568;-17425;0.96261216;0.026512622;-0.24167276;1370284646
-38.781140;341.5;7568;-17425;0.9605727;0.028552056;-0.24167276;1370306540
-38.753353;341.5;7568;-17425;0.96363184;0.02753234;-0.23963332;1370334327
-38.723061;341.5;7568;-17425;0.96261216;0.026512622;-0.24167276;1370364619
-38.689568;341.5;7568;-17425;0.9605727;0.026512622;-0.24065304;1370398112
-38.659843;341.5;7568;-17425;0.96261216;0.026512622;-0.24371218;1370427837
-38.633277;341.5;7568;-17425;0.96261216;0.028552056;-0.24167276;1370454403
-38.603483;341.5;7568;-17425;0.961592464;0.026512622;-0.23963332;1370484197
-38.581508;341.5;7568;-17425;0.96363184;0.02447319;-0.24065304;1370506172
-38.553361;341.5;7568;-17425;0.96261216;0.025492906;-0.24167276;1370534319
-38.519577;341.5;7568;-17425;0.961592464;0.029571772;-0.24371218;1370568103
-38.493495;341.5;7568;-17425;0.961592464;0.031611204;-0.2447319;1370594185
-38.471859;341.5;7568;-17425;0.96363184;0.028552056;-0.24065304;1370615821
-38.443569;341.5;7568;-17425;0.96261216;0.026512622;-0.24167276;1370644111
-38.392949;341.5;7568;-17425;0.961592464;0.02753234;-0.24371218;1370694731
-38.370486;341.5;7568;-17425;0.961592464;0.030591488;-0.2447319;1370717194
-38.344251;341.5;7568;-17425;0.96363184;0.031611204;-0.24575162;1370743429
-38.290492;341.5;7568;-17425;0.96261216;0.028552056;-0.24167276;1370797188
-38.263855;341.5;7568;-17425;0.961592464;0.022433758;-0.23963332;1370823825
-38.232098;341.5;7568;-17425;0.96261216;0.025492906;-0.237593884;1370855582
-38.203457;341.5;7568;-17425;0.961592464;0.026512622;-0.24167276;1370884223
-38.179432;341.5;7568;-17425;0.96261216;0.028552056;-0.24065304;1370908248
-38.153473;341.5;7568;-17425;0.96261216;0.02753234;-0.242692468;1370934207
-38.132089;341.5;7568;-17425;0.961592464;0.02447319;-0.237593884;1370955591
-38.109893;341.5;7568;-17425;0.961592464;0.021414042;-0.2386136;1370977787
-38.083375;341.5;7568;-17425;0.96261216;0.023453474;-0.24371218;1371004305
-38.061753;341.5;7568;-17425;0.9605727;0.02447319;-0.24167276;1371025927
-38.039850;341.5;7568;-17425;0.96261216;0.028552056;-0.24065304;1371047830
-38.003507;341.5;7568;-17425;0.96261216;0.030591488;-0.24065304;1371084173
-37.981638;341.5;7568;-17425;0.961592464;0.029571772;-0.24167276;1371106042
-37.933417;341.5;7568;-17425;0.961592464;0.023453474;-0.2447319;1371154263
-37.903680;341.5;7568;-17425;0.961592464;0.02447319;-0.24167276;1371184000
-37.880849;341.5;7568;-17425;0.96261216;0.028552056;-0.24167276;1371206831
-37.853351;341.5;7568;-17425;0.961592464;0.031611204;-0.23963332;1371234329
-37.832064;341.5;7568;-17425;0.96261216;0.029571772;-0.24167276;1371255616
-37.800976;341.5;7568;-17425;0.961592464;0.02447319;-0.24575162;1371286704
-37.778989;341.5;7568;-17425;0.9605727;0.02447319;-0.24371218;1371308691
-37.753189;341.5;7568;-17425;0.961592464;0.023453474;-0.2447319;1371334491
-37.732079;341.5;7568;-17425;0.96363184;0.026512622;-0.24065304;1371355601
-37.672268;341.5;7568;-17419;0.96261216;0.030591488;-0.242692468;1371415412
-37.650973;341.5;7568;-17419;0.96363184;0.028552056;-0.24677134;1371436707
-37.619489;341.5625;7568;-17419;0.96261216;0.020394326;-0.23963332;1371468191
-37.589518;341.5625;7568;-17419;0.96363184;0.022433758;-0.24065304;1371498162
-37.563426;341.5625;7568;-17419;0.961592464;0.025492906;-0.23963332;1371524254
-37.541882;341.5625;7568;-17419;0.96363184;0.031611204;-0.242692468;1371545798
-37.502781;341.5625;7568;-17419;0.961592464;0.034670352;-0.242692468;1371584899
-37.477323;341.5625;7568;-17419;0.961592464;0.02447319;-0.24065304;1371610357
-37.453354;341.5625;7568;-17419;0.961592464;0.022433758;-0.237593884;1371634326
-37.431984;341.5625;7568;-17419;0.96363184;0.020394326;-0.23963332;1371655696
-37.402058;341.5625;7568;-17419;0.96363184;0.030591488;-0.24167276;1371685622
-37.380151;341.5625;7568;-17419;0.9605727;0.031611204;-0.24575162;1371707529
-37.353489;341.5625;7568;-17419;0.96261216;0.03569007;-0.24677134;1371734191
-37.328415;341.5625;7568;-17419;0.96261216;0.030591488;-0.242692468;1371759265
-37.302052;341.5625;7568;-17419;0.96261216;0.022433758;-0.24371218;1371785628
-37.269719;341.5625;7568;-17419;0.96261216;0.020394326;-0.24167276;1371817961
-37.243509;341.5625;7568;-17419;0.96261216;0.025492906;-0.24371218;1371844171
-37.213470;341.5625;7568;-17419;0.961592464;0.029571772;-0.24371218;1371874210
-37.191765;341.5625;7568;-17419;0.96261216;0.028552056;-0.24167276;1371895915
-37.163638;341.5625;7568;-17419;0.961592464;0.025492906;-0.24167276;1371924042
-37.141852;341.5625;7568;-17419;0.961592464;0.020394326;-0.23963332;1371945828
-37.120112;341.5625;7568;-17419;0.96261216;0.022433758;-0.242692468;1371967568
-37.093651;341.5625;7568;-17419;0.96363184;0.031611204;-0.247791052;1371994029
-37.053376;341.5625;7568;-17419;0.96363184;0.03263092;-0.24167276;1372034304
-37.031856;341.5625;7568;-17419;0.96363184;0.02753234;-0.23657418;1372055824
-37.005314;341.5625;7568;-17419;0.96261216;0.023453474;-0.23657418;1372082366
-36.982866;341.5625;7568;-17419;0.96261216;0.02447319;-0.2386136;1372104814
-36.927868;341.5625;7568;-17419;0.96363184;0.029571772;-0.24371218;1372159812
-36.902992;341.5625;7568;-17419;0.961592464;0.03263092;-0.2447319;1372184688
-36.880512;341.5625;7568;-17419;0.96261216;0.031611204;-0.24065304;1372207168
-36.853574;341.5625;7568;-17419;0.96363184;0.02753234;-0.2386136;1372234106
-36.829381;341.5625;7568;-17419;0.96261216;0.021414042;-0.24065304;1372258299
-36.777103;341.5625;7568;-17419;0.96261216;0.026512622;-0.24371218;1372310577
-36.753213;341.5625;7568;-17419;0.961592464;0.029571772;-0.2447319;1372334467
-36.731887;341.5625;7568;-17419;0.96363184;0.030591488;-0.24167276;1372355793
-36.703859;341.5625;7568;-17419;0.961592464;0.02753234;-0.2386136;1372383821
-36.643188;341.5625;7568;-17419;0.96363184;0.021414042;-0.242692468;1372444492
-36.613401;341.5625;7568;-17419;0.961592464;0.031611204;-0.24575162;1372474279
-36.591593;341.5625;7568;-17419;0.961592464;0.033650636;-0.24371218;1372496087
-36.563675;341.5625;7568;-17419;0.96363184;0.031611204;-0.237593884;1372524005
-36.533618;341.5625;7568;-17419;0.96363184;0.026512622;-0.23657418;1372554062
-36.511325;341.5625;7568;-17419;0.96363184;0.022433758;-0.24167276;1372576355
-36.463627;341.5625;7568;-17419;0.961592464;0.029571772;-0.24167276;1372624053
-36.433588;341.5625;7568;-17419;0.96363184;0.031611204;-0.24371218;1372654092
-36.403558;341.5625;7568;-17419;0.9646516;0.031611204;-0.2386136;1372684122
-36.379929;341.5625;7568;-17419;0.96363184;0.02447319;-0.237593884;1372707751
-36.353509;341.5625;7568;-17419;0.961592464;0.0193746092;-0.23963332;1372734171
-36.329424;341.5625;7568;-17419;0.959553;0.022433758;-0.242692468;1372758256
-36.303622;341.5625;7568;-17419;0.9605727;0.026512622;-0.242692468;1372784058
-36.279259;341.5625;7568;-17419;0.9605727;0.03263092;-0.242692468;1372808421
-36.239478;341.5625;7568;-17419;0.96261216;0.028552056;-0.2386136;1372848202
-36.209985;341.5625;7568;-17419;0.961592464;0.021414042;-0.2447319;1372877695
-36.182910;341.5625;7568;-17419;0.9605727;0.021414042;-0.242692468;1372904770
-36.161002;341.5625;7568;-17419;0.959553;0.02447319;-0.247791052;1372926678
-36.133500;341.5625;7568;-17419;0.961592464;0.030591488;-0.24575162;1372954180
-36.112191;341.5625;7568;-17419;0.96363184;0.033650636;-0.24371218;1372975489
-36.063616;341.5625;7568;-17419;0.96363184;0.026512622;-0.2386136;1373024064
-36.041981;341.5625;7568;-17419;0.96261216;0.022433758;-0.24575162;1373045699
-36.013584;341.5625;7568;-17419;0.961592464;0.02447319;-0.2447319;1373074096
-35.964171;341.5625;7568;-17419;0.96261216;0.033650636;-0.237593884;1373123509
-35.934266;341.5625;7568;-17419;0.961592464;0.029571772;-0.23555446;1373153414
-35.912922;341.5625;7568;-17419;0.9605727;0.026512622;-0.24371218;1373174758
-35.883316;341.5625;7568;-17419;0.96261216;0.022433758;-0.24371218;1373204364
-35.861806;341.5625;7568;-17419;0.96261216;0.021414042;-0.24371218;1373225874
-35.829242;341.5625;7568;-17419;0.961592464;0.02753234;-0.24065304;1373258438
-35.771991;341.5625;7568;-17419;0.96261216;0.026512622;-0.237593884;1373315689
-35.743316;341.5625;7568;-17419;0.96363184;0.023453474;-0.24575162;1373344364
-35.717252;341.5625;7568;-17419;0.961592464;0.02447319;-0.24575162;1373370428
-35.693038;341.5625;7568;-17419;0.9605727;0.02753234;-0.24167276;1373394642
-35.670103;341.5625;7568;-17419;0.96261216;0.028552056;-0.2386136;1373417577
-35.633542;341.5625;7568;-17419;0.96363184;0.030591488;-0.24065304;1373454138
-35.607220;341.5625;7568;-17419;0.96363184;0.030591488;-0.2447319;1373480460
-35.583127;341.5625;7568;-17419;0.9605727;0.02753234;-0.24677134;1373504553
-35.561264;341.5625;7568;-17419;0.959553;0.02447319;-0.24677134;1373526416
-35.503678;341.5625;7568;-17419;0.96261216;0.02753234;-0.2386136;1373584002
-35.482088;341.5625;7568;-17419;0.959553;0.030591488;-0.23555446;1373605592
-35.460152;341.5625;7568;-17419;0.9605727;0.029571772;-0.2447319;1373627528
-35.423233;341.5625;7568;-17419;0.961592464;0.02447319;-0.24167276;1373664447
-35.399072;341.5625;7568;-17419;0.961592464;0.025492906;-0.24677134;1373688608
-35.373687;341.5625;7568;-17419;0.96261216;0.023453474;-0.24065304;1373713993
-35.302898;341.5625;7568;-17419;0.96261216;0.02447319;-0.23963332;1373784782
-35.280314;341.5625;7568;-17419;0.96363184;0.025492906;-0.24371218;1373807366
-35.251439;341.5625;7568;-17419;0.9605727;0.026512622;-0.24575162;1373836241
-35.222081;341.5625;7568;-17419;0.9646516;0.029571772;-0.23963332;1373865599
-35.170688;341.5625;7568;-17419;0.96261216;0.026512622;-0.24065304;1373916992
-35.143727;341.5625;7568;-17419;0.961592464;0.029571772;-0.24575162;1373943953
-35.122233;341.5625;7568;-17419;0.96261216;0.033650636;-0.24575162;1373965447
-35.066406;341.5625;7568;-17419;0.96261216;0.029571772;-0.24065304;1374021274
-35.037653;341.5625;7568;-17419;0.96363184;0.02447319;-0.23657418;1374050027
-35.013496;341.5625;7568;-17419;0.96363184;0.02447319;-0.2386136;1374074184
-34.983601;341.5625;7568;-17419;0.96261216;0.028552056;-0.24575162;1374104079
-34.962022;341.5625;7568;-17419;0.96261216;0.030591488;-0.24983048;1374125658
-34.933382;341.5625;7568;-17419;0.96261216;0.029571772;-0.24677134;1374154298
-34.912254;341.5625;7568;-17419;0.96363184;0.021414042;-0.237593884;1374175426
-34.864886;341.5625;7568;-17419;0.96261216;0.022433758;-0.2386136;1374222794
-34.840895;341.5625;7568;-17419;0.961592464;0.028552056;-0.2447319;1374246785
-34.813578;341.5625;7568;-17419;0.961592464;0.031611204;-0.24677134;1374274102
-34.783580;341.5625;7568;-17419;0.961592464;0.028552056;-0.2447319;1374304100
-34.761554;341.5625;7568;-17419;0.9605727;0.025492906;-0.2386136;1374326126
-34.729486;341.5625;7568;-17419;0.96261216;0.023453474;-0.2386136;1374358194
-34.703375;341.5625;7568;-17419;0.9605727;0.02753234;-0.24371218;1374384305
-34.681611;341.5625;7568;-17419;0.9605727;0.030591488;-0.247791052;1374406069
-34.653565;341.5625;7568;-17419;0.96261216;0.031611204;-0.25186992;1374434115
-34.630124;341.5625;7568;-17419;0.96363184;0.030591488;-0.24065304;1374457556
-34.603790;341.5625;7568;-17419;0.96363184;0.02753234;-0.24065304;1374483890
-34.581857;341.5625;7568;-17419;0.96363184;0.02447319;-0.23453474;1374505823
-34.553794;341.5625;7568;-17419;0.96261216;0.025492906;-0.24065304;1374533886
-34.529387;341.5625;7568;-17419;0.9605727;0.029571772;-0.247791052;1374558293
-34.503508;341.5625;7568;-17419;0.961592464;0.030591488;-0.2447319;1374584172
-34.482026;341.5625;7568;-17419;0.96363184;0.030591488;-0.2447319;1374605654
-34.459918;341.5625;7568;-17419;0.961592464;0.02753234;-0.237593884;1374627762
-34.414137;341.5625;7568;-17419;0.961592464;0.0193746092;-0.23453474;1374673543
-34.380162;341.5625;7568;-17419;0.9605727;0.023453474;-0.24575162;1374707518
-34.353683;341.5625;7568;-17419;0.961592464;0.030591488;-0.24677134;1374733997
-34.329576;341.5625;7568;-17419;0.96261216;0.03263092;-0.242692468;1374758104
-34.303714;341.5625;7568;-17419;0.96363184;0.031611204;-0.23555446;1374783966
-34.280778;341.5625;7568;-17419;0.96261216;0.021414042;-0.2386136;1374806902
-34.253698;341.5625;7568;-17419;0.961592464;0.022433758;-0.242692468;1374833982
-34.229189;341.5625;7568;-17419;0.9605727;0.023453474;-0.24677134;1374858491
-34.203601;341.5625;7568;-17419;0.961592464;0.030591488;-0.247791052;1374884079
-34.180367;341.5625;7568;-17419;0.96363184;0.036709784;-0.24065304;1374907313
-34.153668;341.5625;7568;-17419;0.96363184;0.034670352;-0.23963332;1374934012
-34.131902;341.5625;7568;-17419;0.96261216;0.02753234;-0.237593884;1374955778
-34.103719;341.5625;7568;-17419;0.96261216;0.0193746092;-0.24167276;1374983961
-34.081664;341.5625;7568;-17419;0.96261216;0.021414042;-0.24371218;1375006016
-34.053954;341.5625;7568;-17419;0.9605727;0.026512622;-0.24983048;1375033726
-34.013531;341.5625;7568;-17419;0.96363184;0.03569007;-0.242692468;1375074149
-33.991053;341.5625;7568;-17419;0.96261216;0.028552056;-0.23555446;1375096627
-33.963740;341.5625;7568;-17419;0.96261216;0.025492906;-0.23351502;1375123940
-33.941838;341.5625;7568;-17419;0.9605727;0.01631546;-0.24167276;1375145842
-33.913875;341.5625;7568;-17419;0.9605727;0.020394326;-0.24677134;1375173805
-33.891955;341.5625;7568;-17419;0.961592464;0.029571772;-0.247791052;1375195725
-33.870096;341.5625;7568;-17419;0.9646516;0.033650636;-0.24065304;1375217584
-33.843746;341.5625;7568;-17419;0.96261216;0.03569007;-0.24167276;1375243934
-33.817317;341.5625;7568;-17419;0.961592464;0.02753234;-0.23657418;1375270363
-33.793173;341.5625;7568;-17419;0.9605727;0.021414042;-0.2447319;1375294507
-33.769945;341.5625;7568;-17419;0.961592464;0.021414042;-0.24575162;1375317735
-33.743492;341.5625;7568;-17419;0.9646516;0.025492906;-0.248810768;1375344188
-33.720828;341.5625;7568;-17413;0.96363184;0.034670352;-0.24167276;1375366852
-33.671582;341.5625;7568;-17413;0.9646516;0.031611204;-0.23555446;1375416098
-33.593609;341.5625;7568;-17413;0.959553;0.021414042;-0.24677134;1375494071
-33.563599;341.5625;7568;-17413;0.9646516;0.031611204;-0.24167276;1375524081
-33.533513;341.5625;7568;-17413;0.96363184;0.03569007;-0.23351502;1375554167
-33.512158;341.5625;7568;-17413;0.96363184;0.023453474;-0.23657418;1375575522
-33.460705;341.5625;7568;-17413;0.961592464;0.0193746092;-0.24677134;1375626975
-33.430576;341.5625;7568;-17413;0.961592464;0.026512622;-0.2447319;1375657104
-33.403817;341.5625;7568;-17413;0.9605727;0.029571772;-0.242692468;1375683863
-33.379892;341.5625;7568;-17413;0.96363184;0.033650636;-0.23555446;1375707788
-33.353506;341.5625;7568;-17413;0.96261216;0.030591488;-0.237593884;1375734174
-33.328104;341.5625;7568;-17413;0.9605727;0.023453474;-0.242692468;1375759576
-33.295218;341.5625;7568;-17413;0.9605727;0.021414042;-0.248810768;1375792462
-33.273328;341.5625;7568;-17413;0.961592464;0.026512622;-0.24677134;1375814352
-33.251611;341.5625;7568;-17413;0.96363184;0.034670352;-0.24065304;1375836069
-33.229927;341.5625;7568;-17413;0.96363184;0.036709784;-0.23657418;1375857753
-33.203560;341.5625;7568;-17413;0.96261216;0.03263092;-0.23657418;1375884120
-33.182004;341.5625;7568;-17413;0.96261216;0.025492906;-0.24167276;1375905676
-33.123553;341.5625;7568;-17413;0.96261216;0.021414042;-0.24575162;1375964127
-33.101737;341.5625;7568;-17413;0.96363184;0.02753234;-0.24065304;1375985943
-33.079997;341.5625;7568;-17413;0.96363184;0.031611204;-0.23045588;1376007683
-33.053662;341.5625;7568;-17413;0.961592464;0.030591488;-0.2386136;1376034018
-33.029326;341.5625;7568;-17413;0.9605727;0.025492906;-0.24167276;1376058354
-33.003711;341.5625;7568;-17413;0.9585333;0.0193746092;-0.247791052;1376083969
-32.981773;341.5625;7568;-17413;0.9605727;0.0193746092;-0.2447319;1376105907
-32.953771;341.5625;7568;-17413;0.96261216;0.023453474;-0.237593884;1376133909
-32.893943;341.5625;7568;-17413;0.961592464;0.034670352;-0.2386136;1376193737
-32.871971;341.5625;7568;-17413;0.96363184;0.02447319;-0.2447319;1376215709
-32.850112;341.5625;7568;-17413;0.959553;0.022433758;-0.248810768;1376237568
-32.827108;341.5625;7568;-17413;0.96261216;0.022433758;-0.248810768;1376260572
-32.803567;341.5625;7568;-17413;0.96261216;0.021414042;-0.2447319;1376284113
-32.781623;341.5625;7568;-17413;0.96363184;0.031611204;-0.2386136;1376306057
-32.754044;341.5625;7568;-17413;0.96363184;0.0377295;-0.2386136;1376333636
-32.732039;341.5625;7568;-17413;0.96261216;0.031611204;-0.242692468;1376355641
-32.683286;341.5625;7568;-17413;0.9605727;0.022433758;-0.24983048;1376404394
-32.660763;341.5625;7568;-17413;0.96261216;0.022433758;-0.24167276;1376426917
-32.634725;341.5625;7568;-17413;0.96261216;0.026512622;-0.23657418;1376452955
-32.603896;341.5625;7568;-17413;0.96363184;0.031611204;-0.23657418;1376483784
-32.581888;341.5625;7568;-17413;0.96363184;0.031611204;-0.23963332;1376505792
-32.553989;341.5625;7568;-17413;0.96261216;0.026512622;-0.24677134;1376533691
-32.527304;341.5625;7568;-17413;0.96261216;0.020394326;-0.24371218;1376560376
-32.503536;341.5625;7568;-17413;0.96261216;0.021414042;-0.242692468;1376584144
-32.482115;341.5625;7568;-17413;0.96363184;0.025492906;-0.23555446;1376605565
-32.453873;341.5625;7568;-17413;0.96363184;0.028552056;-0.23555446;1376633807
-32.429668;341.5625;7568;-17413;0.96261216;0.029571772;-0.24167276;1376658012
-32.363997;341.5625;7568;-17413;0.9605727;0.02447319;-0.248810768;1376723683
-32.342201;341.5625;7568;-17413;0.961592464;0.02753234;-0.23351502;1376745479
-32.320508;341.5625;7568;-17413;0.96261216;0.028552056;-0.23453474;1376767172
-32.293860;341.5625;7568;-17413;0.96363184;0.028552056;-0.237593884;1376793820
-32.233662;341.5625;7562;-17413;0.961592464;0.029571772;-0.24983048;1376854018
-32.200114;341.5625;7562;-17413;0.961592464;0.02447319;-0.24371218;1376887566
-32.170067;341.5625;7568;-17413;0.96261216;0.02447319;-0.23453474;1376917613
-32.143858;341.5625;7568;-17413;0.9646516;0.025492906;-0.23555446;1376943822
-32.121774;341.5625;7568;-17413;0.96261216;0.026512622;-0.24677134;1376965906
-32.096140;341.5625;7568;-17413;0.96261216;0.02753234;-0.2508502;1376991540
-32.073386;341.5625;7568;-17413;0.96261216;0.029571772;-0.247791052;1377014294
-32.044033;341.5625;7568;-17413;0.961592464;0.02753234;-0.24371218;1377043647
-32.015772;341.5625;7568;-17413;0.96261216;0.02753234;-0.23453474;1377071908
-31.983625;341.5625;7568;-17413;0.96261216;0.02447319;-0.23351502;1377104055
-31.962060;341.5625;7562;-17413;0.961592464;0.028552056;-0.248810768;1377125620
-31.900888;341.5625;7562;-17413;0.96261216;0.030591488;-0.24677134;1377186792
-31.878902;341.5625;7562;-17413;0.961592464;0.028552056;-0.237593884;1377208778
-31.853693;341.5625;7562;-17413;0.96261216;0.026512622;-0.23351502;1377233987
-31.827869;341.5625;7562;-17413;0.96261216;0.02753234;-0.237593884;1377259811
-31.770613;341.5625;7562;-17413;0.961592464;0.028552056;-0.247791052;1377317067
-31.744210;341.5625;7562;-17413;0.96261216;0.031611204;-0.24371218;1377343470
-31.693948;341.5625;7562;-17413;0.961592464;0.025492906;-0.23963332;1377393732
-31.671697;341.5625;7562;-17413;0.9605727;0.022433758;-0.2447319;1377415983
-31.642104;341.5625;7562;-17413;0.96261216;0.022433758;-0.24677134;1377445576
-31.614005;341.5625;7562;-17413;0.96261216;0.02753234;-0.24677134;1377473675
-31.587612;341.5625;7562;-17413;0.96363184;0.031611204;-0.2386136;1377500068
-31.563540;341.5625;7562;-17413;0.96363184;0.02753234;-0.23351502;1377524140
-31.530547;341.5625;7562;-17413;0.96363184;0.021414042;-0.23963332;1377557133
-31.502077;341.5625;7562;-17413;0.96261216;0.021414042;-0.24575162;1377585603
-31.479412;341.5625;7562;-17413;0.961592464;0.02753234;-0.24677134;1377608268
-31.453746;341.5625;7562;-17413;0.96363184;0.029571772;-0.24575162;1377633934
-31.429497;341.5625;7562;-17413;0.96363184;0.031611204;-0.237593884;1377658183
-31.363545;341.5625;7562;-17413;0.96261216;0.02447319;-0.24575162;1377724135
-31.313722;341.5625;7562;-17413;0.961592464;0.023453474;-0.247791052;1377773958
-31.291229;341.5625;7562;-17413;0.96363184;0.031611204;-0.24167276;1377796451
-31.263616;341.5625;7562;-17413;0.9646516;0.033650636;-0.23555446;1377824064
-31.242087;341.5625;7562;-17413;0.96261216;0.030591488;-0.2386136;1377845593
-31.210633;341.5625;7562;-17413;0.959553;0.02447319;-0.247791052;1377877047
-31.183685;341.5625;7562;-17413;0.96261216;0.02447319;-0.24983048;1377903995
-31.162049;341.5625;7562;-17413;0.96261216;0.023453474;-0.2508502;1377925631
-31.136255;341.5625;7562;-17413;0.96363184;0.02753234;-0.23963332;1377951425
-31.113496;341.5625;7562;-17413;0.96261216;0.029571772;-0.23453474;1377974184
-31.092015;341.5625;7562;-17413;0.96363184;0.028552056;-0.23453474;1377995665
-31.063875;341.5625;7562;-17413;0.96363184;0.031611204;-0.24371218;1378023805
-31.042001;341.5625;7562;-17413;0.959553;0.025492906;-0.24983048;1378045679
-31.013940;341.5625;7562;-17413;0.959553;0.02447319;-0.24677134;1378073740
-30.963912;341.5625;7562;-17413;0.96261216;0.02753234;-0.232495316;1378123768
-30.919781;341.5625;7562;-17413;0.959553;0.029571772;-0.24371218;1378167899
-30.870416;341.5625;7562;-17413;0.961592464;0.025492906;-0.24677134;1378217264
-30.843648;341.5625;7562;-17413;0.9605727;0.021414042;-0.24167276;1378244032
-30.814048;341.5625;7562;-17413;0.9656713;0.02447319;-0.22841644;1378273632
-30.783783;341.5625;7562;-17413;0.96261216;0.028552056;-0.23657418;1378303897
-30.753914;341.5625;7562;-17413;0.959553;0.031611204;-0.2579882;1378333766
-30.729204;341.5625;7562;-17413;0.959553;0.028552056;-0.25594878;1378358476
-30.703827;341.5625;7562;-17413;0.96363184;0.025492906;-0.2447319;1378383853
-30.682150;341.5625;7562;-17413;0.9656713;0.010197163;-0.22025872;1378405530
-30.653550;341.5625;7562;-17413;0.9656713;0.01631546;-0.22025872;1378434130
-30.614637;341.625;7556;-17413;0.959553;0.0438478;-0.26104736;1378473043
-30.592763;341.625;7556;-17413;0.959553;0.049966096;-0.2692051;1378494917
-30.570357;341.5625;7556;-17419;0.961592464;0.030591488;-0.25288964;1378517323
-30.543607;341.5625;7562;-17425;0.9646516;0.014276028;-0.23351502;1378544073
-30.514690;341.625;7562;-17432;0.9646516;0.0030591488;-0.2131207;1378572990
-30.487255;341.625;7556;-17425;0.961592464;0.02753234;-0.24167276;1378600425
-30.410742;341.625;7556;-17432;0.96363184;0.022433758;-0.232495316;1378676938
-30.383865;341.5625;7562;-17438;0.9656713;0.00815773;-0.21719956;1378703815
-30.353988;341.5625;7562;-17438;0.96363184;0.009177446;-0.2253573;1378733692
-30.329061;341.5625;7556;-17438;0.96363184;0.025492906;-0.25186992;1378758619
-30.303858;341.5625;7556;-17438;0.961592464;0.0387492184;-0.2692051;1378783822
-30.281824;341.5625;7556;-17438;0.959553;0.0387492184;-0.24677134;1378805856
-30.253868;341.5625;7556;-17438;0.96261216;0.030591488;-0.23045588;1378833812
-30.229560;341.5625;7556;-17444;0.9656713;0.017335176;-0.221278432;1378858120
-30.203898;341.5625;7556;-17444;0.9646516;0.011216879;-0.22331786;1378883782
-30.181927;341.5625;7556;-17438;0.959553;0.021414042;-0.25492908;1378905753
-30.153932;341.5625;7550;-17438;0.95649384;0.033650636;-0.26512624;1378933748
-30.123521;341.5625;7550;-17432;0.9605727;0.041808368;-0.25288964;1378964159
-30.101836;341.5625;7556;-17425;0.9656713;0.034670352;-0.2314756;1378985844
-30.079870;341.5625;7556;-17432;0.96771068;0.0193746092;-0.219239;1379007810
-30.022980;341.5625;7556;-17438;0.959553;0.025492906;-0.25900792;1379064700
-30.000610;341.5625;7556;-17438;0.959553;0.0377295;-0.26512624;1379087070
-29.978671;341.625;7550;-17432;0.96363184;0.04078865;-0.24983048;1379109009
-29.953739;341.625;7556;-17425;0.96261216;0.036709784;-0.232495316;1379133941
-29.929612;341.625;7556;-17432;0.9646516;0.025492906;-0.22433758;1379158068
-29.903486;341.625;7556;-17432;0.96363184;0.017335176;-0.22943616;1379184194
-29.881452;341.625;7556;-17432;0.9585333;0.011216879;-0.24575162;1379206228
-29.853928;341.625;7556;-17432;0.959553;0.026512622;-0.2579882;1379233752
-29.771644;341.625;7556;-17432;0.96363184;0.02447319;-0.226377008;1379316036
-29.750142;341.625;7556;-17432;0.9605727;0.011216879;-0.23657418;1379337538
-29.728248;341.625;7556;-17432;0.96261216;0.013256311;-0.24677134;1379359432
-29.703733;341.625;7556;-17432;0.9575136;0.021414042;-0.26104736;1379383947
-29.681012;341.625;7556;-17432;0.961592464;0.034670352;-0.24677134;1379406668
-29.653732;341.625;7556;-17425;0.961592464;0.0377295;-0.23963332;1379433948
-29.632235;341.625;7556;-17425;0.966691;0.03263092;-0.23045588;1379455445
-29.573181;341.625;7550;-17425;0.959553;0.023453474;-0.25288964;1379514499
-29.543909;341.625;7550;-17425;0.961592464;0.018354892;-0.25594878;1379543771
-29.515628;341.625;7550;-17425;0.961592464;0.034670352;-0.24575162;1379572052
-29.493067;341.625;7550;-17419;0.96363184;0.0438478;-0.23453474;1379594613
-29.469917;341.625;7556;-17419;0.9656713;0.0377295;-0.23351502;1379617763
-29.443860;341.625;7556;-17419;0.96363184;0.023453474;-0.23963332;1379643820
-29.422041;341.625;7556;-17425;0.9605727;0.011216879;-0.247791052;1379665639
-29.390477;341.625;7556;-17425;0.961592464;0.018354892;-0.24677134;1379697203
-29.363819;341.625;7556;-17425;0.961592464;0.028552056;-0.2447319;1379723861
-29.341442;341.625;7556;-17425;0.9646516;0.03569007;-0.23453474;1379746238
-29.293844;341.625;7556;-17419;0.96261216;0.028552056;-0.24167276;1379793836
-29.271669;341.625;7556;-17419;0.96261216;0.01631546;-0.2447319;1379816011
-29.233654;341.625;7556;-17419;0.961592464;0.020394326;-0.24677134;1379854026
-29.172494;341.6875;7556;-17413;0.96363184;0.0377295;-0.23657418;1379915186
-29.120394;341.6875;7556;-17413;0.9605727;0.023453474;-0.24677134;1379967286
-29.093411;341.6875;7556;-17413;0.96261216;0.021414042;-0.25390936;1379994269
-29.071782;341.6875;7556;-17413;0.96261216;0.02447319;-0.24167276;1380015898
-29.050086;341.625;7556;-17413;0.9646516;0.029571772;-0.2386136;1380037594
-29.013792;341.625;7556;-17413;0.9646516;0.034670352;-0.23657418;1380073888
-28.964064;341.625;7556;-17419;0.961592464;0.02447319;-0.24575162;1380123616
-28.933668;341.625;7556;-17419;0.961592464;0.014276028;-0.248810768;1380154012
-28.904405;341.625;7556;-17419;0.959553;0.023453474;-0.24167276;1380183275
-28.882531;341.625;7556;-17419;0.9646516;0.03263092;-0.23453474;1380205149
-28.860784;341.625;7556;-17419;0.9646516;0.0387492184;-0.23963332;1380226896
-28.833589;341.625;7556;-17419;0.9605727;0.03569007;-0.24575162;1380254091
-28.811996;341.625;7556;-17419;0.961592464;0.020394326;-0.248810768;1380275684
-28.783998;341.625;7556;-17419;0.9575136;0.01631546;-0.24575162;1380303682
-28.762063;341.625;7556;-17419;0.96363184;0.020394326;-0.23963332;1380325617
-28.733724;341.625;7556;-17419;0.9656713;0.03263092;-0.23453474;1380353956
-28.704141;341.625;7556;-17419;0.96261216;0.039768936;-0.2386136;1380383539
-28.650287;341.625;7556;-17419;0.959553;0.017335176;-0.25594878;1380437393
-28.620132;341.625;7556;-17419;0.9605727;0.018354892;-0.24371218;1380467548
-28.593977;341.625;7556;-17419;0.961592464;0.020394326;-0.2386136;1380493703
-28.571010;341.625;7556;-17419;0.96261216;0.03569007;-0.23963332;1380516670
-28.544059;341.625;7556;-17419;0.96363184;0.034670352;-0.23963332;1380543621
-28.515909;341.625;7556;-17419;0.9605727;0.028552056;-0.24677134;1380571771
-28.493365;341.625;7556;-17419;0.9605727;0.0193746092;-0.248810768;1380594315
-28.470796;341.625;7556;-17419;0.9605727;0.018354892;-0.2447319;1380616884
-28.444030;341.625;7556;-17419;0.96261216;0.020394326;-0.24065304;1380643650
-28.413656;341.625;7556;-17419;0.961592464;0.030591488;-0.2386136;1380674024
-28.391612;341.625;7556;-17419;0.96363184;0.031611204;-0.24065304;1380696068
-28.368843;341.625;7556;-17419;0.96363184;0.030591488;-0.242692468;1380718837
-28.340904;341.625;7556;-17419;0.959553;0.023453474;-0.24677134;1380746776
-28.314094;341.625;7556;-17419;0.961592464;0.023453474;-0.24167276;1380773586
-28.270125;341.625;7556;-17419;0.96363184;0.031611204;-0.23555446;1380817555
-28.223647;341.625;7556;-17425;0.961592464;0.033650636;-0.24065304;1380864033
-28.199963;341.625;7556;-17425;0.9605727;0.02753234;-0.24677134;1380887717
-28.177143;341.625;7556;-17425;0.96261216;0.026512622;-0.242692468;1380910537
-28.153466;341.625;7556;-17425;0.96261216;0.028552056;-0.2447319;1380934214
-28.131753;341.625;7556;-17425;0.96261216;0.023453474;-0.2386136;1380955927
-28.109374;341.625;7556;-17425;0.96363184;0.02447319;-0.23657418;1380978306
-28.073538;341.625;7556;-17425;0.96363184;0.025492906;-0.24167276;1381014142
-28.050730;341.625;7556;-17425;0.961592464;0.029571772;-0.24983048;1381036950
-28.027245;341.625;7556;-17425;0.9605727;0.026512622;-0.24983048;1381060435
-28.000475;341.625;7556;-17425;0.959553;0.02447319;-0.24575162;1381087205
-27.977913;341.625;7556;-17425;0.96261216;0.023453474;-0.24065304;1381109767
-27.953575;341.625;7556;-17425;0.96363184;0.023453474;-0.23453474;1381134105
-27.932076;341.625;7556;-17425;0.961592464;0.025492906;-0.24167276;1381155604
-27.904233;341.625;7556;-17425;0.961592464;0.029571772;-0.247791052;1381183447
-27.883191;341.625;7556;-17425;0.961592464;0.028552056;-0.247791052;1381204489
-27.837818;341.625;7556;-17425;0.96363184;0.026512622;-0.2386136;1381249862
-27.810598;341.625;7556;-17425;0.961592464;0.022433758;-0.23453474;1381277082
-27.783821;341.625;7556;-17425;0.96261216;0.02447319;-0.2386136;1381303859
-27.761717;341.625;7556;-17425;0.96261216;0.028552056;-0.24371218;1381325963
-27.733980;341.625;7556;-17425;0.9605727;0.03263092;-0.2508502;1381353700
-27.704014;341.625;7556;-17425;0.961592464;0.033650636;-0.248810768;1381383666
-27.681375;341.625;7556;-17425;0.96261216;0.026512622;-0.23963332;1381406305
-27.654201;341.625;7556;-17425;0.96363184;0.023453474;-0.23351502;1381433479
-27.633151;341.625;7556;-17425;0.96261216;0.023453474;-0.23453474;1381454529
-27.603973;341.625;7550;-17425;0.961592464;0.026512622;-0.242692468;1381483707
-27.581286;341.625;7550;-17425;0.9605727;0.031611204;-0.24983048;1381506394
-27.554106;341.625;7550;-17425;0.96261216;0.031611204;-0.248810768;1381533574
-27.528568;341.625;7550;-17425;0.96261216;0.026512622;-0.237593884;1381559112
-27.494099;341.625;7550;-17425;0.96363184;0.0193746092;-0.2314756;1381593581
-27.471307;341.625;7550;-17425;0.96261216;0.017335176;-0.23657418;1381616373
-27.442005;341.625;7550;-17425;0.96261216;0.02447319;-0.2447319;1381645675
-27.363895;341.625;7550;-17425;0.96261216;0.028552056;-0.23657418;1381723785
-27.341227;341.625;7550;-17425;0.9646516;0.023453474;-0.232495316;1381746453
-27.313801;341.625;7550;-17425;0.96261216;0.0193746092;-0.23555446;1381773879
-27.291831;341.625;7550;-17425;0.96261216;0.02447319;-0.24983048;1381795849
-27.269439;341.625;7550;-17425;0.96261216;0.03263092;-0.2508502;1381818241
-27.221530;341.625;7550;-17425;0.96363184;0.033650636;-0.23555446;1381866150
-27.194038;341.625;7550;-17425;0.96363184;0.028552056;-0.23453474;1381893642
-27.164253;341.625;7550;-17425;0.96261216;0.022433758;-0.232495316;1381923427
-27.141566;341.625;7550;-17425;0.961592464;0.020394326;-0.24575162;1381946114
-27.114193;341.625;7550;-17425;0.9605727;0.02447319;-0.24983048;1381973487
-27.092812;341.625;7550;-17425;0.96261216;0.030591488;-0.24167276;1381994868
-27.066935;341.625;7550;-17425;0.96363184;0.03263092;-0.2386136;1382020745
-27.043671;341.625;7550;-17425;0.96363184;0.030591488;-0.23555446;1382044009
-27.020825;341.625;7550;-17425;0.96363184;0.021414042;-0.2386136;1382066855
-26.994086;341.625;7550;-17425;0.9605727;0.0193746092;-0.24575162;1382093594
-26.953660;341.625;7550;-17425;0.959553;0.026512622;-0.24677134;1382134020
-26.921747;341.625;7550;-17425;0.96363184;0.03263092;-0.237593884;1382165933
-26.893980;341.625;7550;-17425;0.96363184;0.031611204;-0.237593884;1382193700
-26.872031;341.625;7550;-17425;0.9646516;0.026512622;-0.2386136;1382215649
-26.849996;341.625;7550;-17425;0.96261216;0.025492906;-0.24575162;1382237684
-26.820626;341.625;7550;-17425;0.961592464;0.023453474;-0.248810768;1382267054
-26.793915;341.625;7550;-17425;0.9605727;0.026512622;-0.247791052;1382293765
-26.771921;341.625;7550;-17425;0.96363184;0.029571772;-0.23657418;1382315759
-26.748387;341.625;7550;-17425;0.96363184;0.03263092;-0.23657418;1382339293
-26.725989;341.625;7550;-17425;0.96363184;0.029571772;-0.23657418;1382361691
-26.671814;341.625;7550;-17425;0.959553;0.025492906;-0.24983048;1382415866
-26.644446;341.625;7550;-17425;0.961592464;0.026512622;-0.2447319;1382443234
-26.622835;341.625;7550;;300;225;4278;1382464845
-26.594135;341.625;7550;-17425;0.9646516;0.028552056;-0.23555446;1382493545
-26.572746;341.625;7550;-17425;0.96363184;0.026512622;-0.2386136;1382514934
-26.523262;341.625;7550;-17425;0.959553;0.02447319;-0.25288964;1382564418
-26.500421;341.625;7550;-17425;0.96261216;0.026512622;-0.247791052;1382587259
-26.477224;341.625;7550;-17425;0.961592464;0.028552056;-0.23963332;1382610456
-26.453383;341.625;7550;-17425;0.9646516;0.026512622;-0.23453474;1382634297
-26.431711;341.625;7550;-17425;0.96363184;0.02753234;-0.23657418;1382655969
-26.403743;341.625;7550;-17425;0.961592464;0.026512622;-0.2447319;1382683937
-26.379439;341.625;7550;-17425;0.9605727;0.025492906;-0.24983048;1382708241
-26.354001;341.625;7550;-17425;0.9605727;0.02753234;-0.247791052;1382733679
-26.331807;341.625;7556;-17425;0.96261216;0.031611204;-0.23963332;1382755873
-26.271085;341.625;7556;-17425;0.9646516;0.028552056;-0.2386136;1382816595
-26.247356;341.625;7556;-17425;0.96261216;0.025492906;-0.248810768;1382840324
-26.225534;341.625;7556;-17425;0.9605727;0.02447319;-0.24677134;1382862146
-26.194699;341.625;7556;-17425;0.96261216;0.029571772;-0.24677134;1382892981
-26.172403;341.625;7556;-17425;0.961592464;0.029571772;-0.23453474;1382915277
-26.144204;341.625;7556;-17425;0.96363184;0.026512622;-0.23351502;1382943476
-26.103589;341.625;7556;-17425;0.96363184;0.021414042;-0.23351502;1382984091
-26.078757;341.625;7556;-17425;0.96261216;0.025492906;-0.2447319;1383008923
-26.053769;341.625;7556;-17425;0.96261216;0.026512622;-0.248810768;1383033911
-26.021003;341.625;7556;-17425;0.96363184;0.030591488;-0.23963332;1383066677
-25.994153;341.625;7556;-17425;0.9646516;0.02753234;-0.237593884;1383093527
-25.973095;341.625;7556;-17425;0.96261216;0.029571772;-0.23963332;1383114585
-25.951013;341.625;7556;-17425;0.959553;0.02753234;-0.24677134;1383136667
-25.929073;341.625;7556;-17425;0.959553;0.026512622;-0.247791052;1383158607
-25.903696;341.625;7556;-17425;0.959553;0.02447319;-0.24983048;1383183984
-25.879508;341.625;7556;-17425;0.96261216;0.02753234;-0.237593884;1383208172
-25.853914;341.625;7556;-17425;0.96261216;0.02753234;-0.237593884;1383233766
-25.830668;341.625;7556;-17425;0.96261216;0.033650636;-0.24167276;1383257012
-25.804108;341.625;7556;-17425;0.9605727;0.031611204;-0.2447319;1383283572
-25.779904;341.625;7556;-17425;0.9605727;0.022433758;-0.24677134;1383307776
-25.754088;341.625;7556;-17425;0.96363184;0.021414042;-0.24371218;1383333592
-25.727503;341.625;7556;-17425;0.96363184;0.023453474;-0.24065304;1383360177
-25.663792;341.625;7556;-17425;0.96363184;0.033650636;-0.24167276;1383423888
-25.642149;341.625;7556;-17425;0.9605727;0.02753234;-0.242692468;1383445531
-25.613817;341.625;7556;-17425;0.959553;0.02447319;-0.242692468;1383473863
-25.586752;341.625;7556;-17425;0.961592464;0.022433758;-0.24167276;1383500928
-25.563694;341.625;7556;-17425;0.96363184;0.02447319;-0.23657418;1383523986
-25.533923;341.625;7556;-17425;0.96363184;0.02753234;-0.23555446;1383553757
-25.511263;341.625;7556;-17425;0.961592464;0.029571772;-0.24167276;1383576417
-25.483846;341.625;7556;-17425;0.961592464;0.029571772;-0.24575162;1383603834
-25.461911;341.625;7556;-17425;0.9605727;0.026512622;-0.247791052;1383625769
-25.434112;341.625;7556;-17425;0.96261216;0.021414042;-0.2386136;1383653568
-25.404141;341.625;7556;-17425;0.96261216;0.026512622;-0.237593884;1383683539
-25.380979;341.625;7556;-17425;0.961592464;0.028552056;-0.23963332;1383706701
-25.353833;341.625;7556;-17425;0.961592464;0.03263092;-0.248810768;1383733847
-25.332087;341.625;7556;-17425;0.9585333;0.026512622;-0.24983048;1383755593
-25.243972;341.625;7556;-17425;0.96363184;0.025492906;-0.23351502;1383843708
-25.220615;341.625;7556;-17425;0.96261216;0.023453474;-0.237593884;1383867065
-25.194150;341.625;7556;-17425;0.959553;0.023453474;-0.2508502;1383893530
-25.172521;341.625;7556;-17425;0.959553;0.041808368;-0.25492908;1383915159
-25.150787;341.6875;7556;-17425;0.961592464;0.044867516;-0.25288964;1383936893
-25.128733;341.6875;7556;-17425;0.96261216;0.033650636;-0.2386136;1383958947
-25.104013;341.6875;7562;-17432;0.96363184;0.020394326;-0.23045588;1383983667
-25.081813;341.6875;7562;-17432;0.9646516;0.0050985812;-0.22331786;1384005867
-25.054134;341.6875;7562;-17438;0.96261216;0.01631546;-0.24065304;1384033546
-25.027421;341.6875;7562;-17432;0.959553;0.036709784;-0.25900792;1384060259
-25.001916;341.75;7562;-17425;0.96261216;0.05200553;-0.25594878;1384085764
-24.979947;341.75;7562;-17419;0.96363184;0.042828084;-0.24065304;1384107733
-24.953795;341.75;7562;-17425;0.96363184;0.02753234;-0.226377008;1384133885
-24.914165;341.75;7562;-17432;0.9585333;0.0020394326;-0.22841644;1384173515
-24.892727;341.75;7562;-17432;0.9585333;0.017335176;-0.25390936;1384194953
-24.864448;341.75;7562;-17425;0.961592464;0.04078865;-0.26002764;1384223232
-24.820627;341.75;7562;-17419;0.961592464;0.0387492184;-0.24065304;1384267053
-24.794011;341.75;7562;-17425;0.96261216;0.025492906;-0.22943616;1384293669
-24.771379;341.75;7562;-17432;0.961592464;0.010197163;-0.2314756;1384316301
-24.749829;341.75;7562;-17438;0.9605727;0.009177446;-0.24677134;1384337851
-24.727996;341.75;7562;-17432;0.9585333;0.021414042;-0.25390936;1384359684
-24.703453;341.75;7562;-17425;0.9575136;0.0377295;-0.25492908;1384384227
-24.682028;341.75;7562;-17419;0.96363184;0.047926664;-0.24167276;1384405652
-24.654151;341.8125;7568;-17419;0.96363184;0.042828084;-0.23045588;1384433529
-24.629316;341.8125;7568;-17419;0.96363184;0.017335176;-0.2314756;1384458364
-24.602063;341.8125;7568;-17425;0.961592464;0.012236595;-0.24575162;1384485617
-24.579920;341.875;7568;-17425;0.961592464;0.018354892;-0.25288964;1384507760
-24.553606;341.875;7568;-17425;0.9585333;0.030591488;-0.25390936;1384534074
-24.529452;341.875;7568;-17425;0.96363184;0.0377295;-0.23453474;1384558228
-24.504146;341.875;7568;-17419;0.9646516;0.03263092;-0.22739672;1384583534
-24.482818;341.875;7568;-17419;0.9646516;0.02447319;-0.22943616;1384604862
-24.453912;341.875;7568;-17419;0.961592464;0.020394326;-0.24167276;1384633768
-24.429309;341.875;7568;-17419;0.9605727;0.020394326;-0.248810768;1384658371
-24.404079;341.875;7568;-17419;0.961592464;0.025492906;-0.25390936;1384683601
-24.353156;341.875;7568;-17419;0.96363184;0.03263092;-0.23555446;1384734524
-24.330380;341.875;7568;-17419;0.96363184;0.026512622;-0.23555446;1384757300
-24.303929;341.875;7568;-17419;0.959553;0.022433758;-0.24983048;1384783751
-24.282016;341.875;7568;-17419;0.961592464;0.021414042;-0.25186992;1384805664
-24.253686;341.875;7568;-17419;0.9605727;0.02447319;-0.25594878;1384833994
-24.229470;341.875;7568;-17419;0.961592464;0.031611204;-0.24371218;1384858210
-24.203973;341.875;7568;-17413;0.961592464;0.03263092;-0.23963332;1384883707
-24.180559;341.875;7568;-17413;0.96363184;0.028552056;-0.23555446;1384907121
-24.153695;341.875;7568;-17413;0.9605727;0.025492906;-0.2447319;1384933985
-24.131299;341.875;7568;-17413;0.9605727;0.02753234;-0.25288964;1384956381
-24.109883;341.875;7568;-17413;0.9605727;0.028552056;-0.2508502;1384977797
-24.061747;341.9375;7575;-17407;0.96363184;0.026512622;-0.2314756;1385025933
-24.001012;342.0;7575;-17400;0.9585333;0.023453474;-0.24677134;1385086668
-23.949855;342.0;7575;-17400;0.961592464;0.030591488;-0.247791052;1385137825
-23.926725;342.0;7575;-17400;0.96363184;0.031611204;-0.2386136;1385160955
-23.896491;342.0;7575;-17400;0.96363184;0.025492906;-0.232495316;1385191189
-23.873534;342.0;7575;-17400;0.96363184;0.023453474;-0.23351502;1385214146
-23.852109;342.0;7575;-17400;0.9605727;0.021414042;-0.24677134;1385235571
-23.823776;342.0;7575;-17400;0.9605727;0.022433758;-0.25186992;1385263904
-23.794127;342.0;7575;-17400;0.96261216;0.034670352;-0.25288964;1385293553
-23.772469;342.0;7575;-17400;0.961592464;0.0387492184;-0.2447319;1385315211
-23.734421;342.0;7575;-17400;0.96363184;0.026512622;-0.23351502;1385353259
-23.712985;342.0;7575;-17400;0.961592464;0.0193746092;-0.23963332;1385374695
-23.689858;342.0;7575;;205;186;4277;1385397822
-23.663885;342.0;7575;-17400;0.9605727;0.026512622;-0.25390936;1385423795
-23.639590;342.0;7575;-17400;0.96261216;0.03263092;-0.2508502;1385448090
-23.613447;342.0;7575;-17400;0.96261216;0.0377295;-0.242692468;1385474233
-23.591264;342.0;7581;-17400;0.9646516;0.031611204;-0.232495316;1385496416
-23.567837;342.0;7581;-17400;0.961592464;0.023453474;-0.23045588;1385519843
-23.532990;342.0625;7581;-17407;0.96261216;0.017335176;-0.24167276;1385554690
-23.503721;342.0625;7581;-17407;0.9585333;0.02447319;-0.24983048;1385583959
-23.481143;342.0625;7581;-17407;0.961592464;0.034670352;-0.24371218;1385606537
-23.453715;342.0625;7581;-17407;0.96363184;0.036709784;-0.23657418;1385633965
-23.429547;342.0625;7581;-17400;0.9646516;0.034670352;-0.23045588;1385658133
-23.403473;342.0625;7581;-17407;0.96261216;0.023453474;-0.23657418;1385684207
-23.382003;342.0625;7581;-17407;0.9605727;0.017335176;-0.2447319;1385705677
-23.353869;342.0625;7581;-17407;0.9605727;0.018354892;-0.2508502;1385733811
-23.313490;342.0625;7581;-17407;0.961592464;0.03263092;-0.23963332;1385774190
-23.291188;342.0;7581;-174e6930;190;179;4278;1385796492
-23.263952;342.0;7581;-17413;0.9646516;0.036709784;-0.237593884;1385823728
-23.233682;342.0;7581;-17413;0.961592464;0.025492906;-0.248810768;1385853998
-23.208703;342.0;7581;-17413;0.959553;0.015295744;-0.25492908;1385878977
-23.183533;342.0;7581;-17413;0.96363184;0.018354892;-0.24983048;1385904147
-23.162082;342.0;7581;-17413;0.96261216;0.030591488;-0.237593884;1385925598
-23.133703;342.0;7581;-17413;0.961592464;0.03569007;-0.23351502;1385953977
-23.070744;342.0;7581;-17419;0.9605727;0.01631546;-0.24983048;1386016936
-23.044015;342.0;7581;-17425;0.9605727;0.013256311;-0.248810768;1386043665
-23.013916;342.0;7581;-17425;0.961592464;0.022433758;-0.2386136;1386073764
-22.991071;342.0;7581;-17425;0.96363184;0.041808368;-0.23351502;1386096609
-22.964031;342.0;7581;-17425;0.9646516;0.041808368;-0.23657418;1386123649
-22.930951;342.0625;7581;-17425;0.9605727;0.02753234;-0.24167276;1386156729
-22.900956;342.0625;7581;-17432;0.96261216;0.010197163;-0.247791052;1386186724
-22.877543;342.0625;7581;-17432;0.96363184;0.017335176;-0.237593884;1386210137
-22.853475;342.0625;7581;-17432;0.96261216;0.02447319;-0.23555446;1386234205
-22.827858;342.0625;7581;-17432;0.96261216;0.039768936;-0.24065304;1386259822
-22.799855;342.0625;7581;-17432;0.9646516;0.04078865;-0.24167276;1386287825
-22.773677;342.0;7581;-17432;0.96363184;0.031611204;-0.24371218;1386314003
-22.728402;342.0;7581;-17438;0.9605727;0.012236595;-0.2447319;1386359278
-22.699222;342.0;7581;-17438;0.96261216;0.028552056;-0.23963332;1386388458
-22.677343;342.0;7581;-17432;0.961592464;0.036709784;-0.24371218;1386410337
-22.631568;342.0625;7581;-17432;0.959553;0.036709784;-0.2447319;1386456112
-22.603272;342.0625;7581;-17444;0.961592464;0.020394326;-0.24983048;1386484408
-22.581366;342.0625;7581;-17444;0.9605727;0.011216879;-0.242692468;1386506314
-22.554448;342.0625;7581;-17444;0.961592464;0.017335176;-0.24167276;1386533232
-22.523526;342.0625;7581;-17444;0.9605727;0.030591488;-0.23963332;1386564154
-22.501879;342.0625;7581;-17444;0.96261216;0.041808368;-0.24167276;1386585801
-22.479417;342.0625;7581;-17444;0.96363184;0.036709784;-0.24371218;1386608263
-22.452044;342.0625;7581;-17450;0.961592464;0.025492906;-0.24575162;1386635636
-22.429156;342.0625;7581;-17450;0.961592464;0.021414042;-0.2447319;1386658524
-22.403964;342.0625;7581;-17450;0.961592464;0.017335176;-0.24167276;1386683716
-22.381722;342.0625;7581;-17450;0.96363184;0.028552056;-0.242692468;1386705958
-22.353757;342.0625;7581;-17450;0.96363184;0.029571772;-0.24167276;1386733923
-22.329166;342.0625;7581;-17450;0.96363184;0.03263092;-0.2386136;1386758514
-22.303623;342.0625;7581;-17450;0.96363184;0.034670352;-0.237593884;1386784057
-22.281726;342.0625;7581;-17450;0.961592464;0.02753234;-0.24167276;1386805954
-22.253819;342.0625;7581;-17450;0.9605727;0.020394326;-0.24167276;1386833861
-22.230725;342.0625;7581;-17450;0.959553;0.018354892;-0.2447319;1386856955
-22.183522;342.0625;7581;-17450;0.96261216;0.028552056;-0.24065304;1386904158
-22.153993;342.0625;7581;-17450;0.96363184;0.0387492184;-0.23963332;1386933687
-22.132149;342.0625;7581;-17450;0.961592464;0.0377295;-0.247791052;1386955531
-22.110193;342.0625;7581;-17457;0.96261216;0.026512622;-0.24983048;1386977487
-22.060132;342.0625;7581;-17463;0.961592464;0.01631546;-0.24065304;1387027548
-22.028729;342.0;7581;-17463;0.96363184;0.03263092;-0.24167276;1387058951
-22.003378;342.0;7581;-17463;0.9605727;0.039768936;-0.24167276;1387084302
-21.981362;342.0;7581;-17463;0.96261216;0.03569007;-0.24677134;1387106318
-21.953696;342.0;7581;-17463;0.961592464;0.030591488;-0.24677134;1387133984
-21.932181;342.0;7581;-17475;0.961592464;0.0193746092;-0.24575162;1387155499
-21.905842;342.0;7581;-17475;0.9605727;0.023453474;-0.24371218;1387181838
-21.882993;342.0;7581;-17469;0.9605727;0.025492906;-0.237593884;1387204687
-21.853780;342.0;7581;-17469;0.9646516;0.030591488;-0.237593884;1387233900
-21.829107;342.0;7581;-17469;0.9646516;0.031611204;-0.242692468;1387258573
-21.782217;342.0;7581;-17469;0.959553;0.023453474;-0.2508502;1387305463
-21.753324;342.0;7581;-17469;0.9605727;0.018354892;-0.242692468;1387334356
-21.701808;342.0;7581;-17469;0.96363184;0.030591488;-0.23351502;1387385872
-21.680108;342.0;7581;-17469;0.96363184;0.042828084;-0.2447319;1387407572
-21.653178;342.0;7581;-17469;0.9605727;0.03569007;-0.24983048;1387434502
-21.628097;342.0625;7581;-17469;0.959553;0.026512622;-0.247791052;1387459583
-21.603488;342.0625;7581;-17469;0.96261216;0.017335176;-0.24065304;1387484192
-21.580711;342.0625;7581;-17469;0.96363184;0.0193746092;-0.23351502;1387506969
-21.553538;342.0625;7581;-17469;0.961592464;0.029571772;-0.2386136;1387534142
-21.531243;342.0625;7581;-17469;0.961592464;0.0387492184;-0.242692468;1387556437
-21.503857;342.0625;7581;-17469;0.96261216;0.0387492184;-0.248810768;1387583823
-21.482068;342.0625;7581;-17469;0.9585333;0.02447319;-0.24983048;1387605612
-21.453653;342.0625;7581;-17475;0.96261216;0.020394326;-0.242692468;1387634027
-21.420597;342.0625;7587;-17469;0.96363184;0.0193746092;-0.23555446;1387667083
-21.303335;342.0625;7587;-17469;0.96261216;0.020394326;-0.24065304;1387784345
-21.278505;342.0625;7587;-17469;0.96261216;0.023453474;-0.23657418;1387809175
-21.253529;342.0625;7587;-17469;0.961592464;0.02753234;-0.237593884;1387834151
-21.223415;342.0625;7587;-17469;0.9605727;0.031611204;-0.2447319;1387864265
-21.197841;342.0625;7587;-17469;0.96261216;0.031611204;-0.24983048;1387889839
-21.173524;342.0625;7587;-17469;0.961592464;0.029571772;-0.24371218;1387914156
-21.151638;342.0625;7587;-17469;0.96363184;0.023453474;-0.2386136;1387936042
-21.129515;342.0625;7587;-17469;0.96261216;0.022433758;-0.23555446;1387958165
-21.103841;342.0625;7587;-17469;0.96261216;0.020394326;-0.23453474;1387983839
-21.081855;342.0625;7581;-17469;0.9605727;0.029571772;-0.2447319;1388005825
-21.059955;342.0625;7581;-17469;0.9605727;0.034670352;-0.25186992;1388027725
-21.033384;342.0625;7581;-17469;0.9605727;0.0377295;-0.25390936;1388054296
-21.003655;342.0625;7587;-17469;0.961592464;0.029571772;-0.2447319;1388084025
-20.981052;342.0625;7587;-17469;0.961592464;0.021414042;-0.23963332;1388106628
-20.903646;342.0625;7587;-17469;0.961592464;0.03569007;-0.2508502;1388184034
-20.880978;342.0625;7587;-17469;0.9605727;0.031611204;-0.247791052;1388206702
-20.853627;342.0625;7587;-17469;0.9646516;0.021414042;-0.24167276;1388234053
-20.830567;342.0625;7587;-17469;0.96261216;0.021414042;-0.23963332;1388257113
-20.803411;342.125;7587;-17469;0.96261216;0.02753234;-0.242692468;1388284269
-20.781933;342.125;7587;-17469;0.96363184;0.026512622;-0.2386136;1388305747
-20.733404;342.125;7587;-17469;0.961592464;0.026512622;-0.24065304;1388354276
-20.703535;342.125;7587;-17463;0.9646516;0.026512622;-0.237593884;1388384145
-20.681021;342.125;7587;-17463;0.9585333;0.021414042;-0.24167276;1388406659
-20.653615;342.125;7587;-17463;0.96363184;0.022433758;-0.237593884;1388434065
-20.630949;342.125;7587;-17469;0.96261216;0.031611204;-0.242692468;1388456731
-20.559812;342.125;7587;-17469;0.961592464;0.020394326;-0.24167276;1388527868
-20.532891;342.125;7587;-17469;0.961592464;0.022433758;-0.242692468;1388554789
-20.511025;342.125;7587;-17469;0.96363184;0.029571772;-0.24575162;1388576655
-20.460605;342.125;7587;-17469;0.961592464;0.031611204;-0.247791052;1388627075
-20.433803;342.125;7587;-17469;0.96363184;0.02753234;-0.24065304;1388653877
-20.411722;342.125;7587;-17469;0.959553;0.025492906;-0.2447319;1388675958
-20.390043;342.125;7587;;478;284;4279;1388697637
-20.363727;342.125;7587;-17469;0.961592464;0.0193746092;-0.24065304;1388723953
-20.339932;342.125;7587;-17469;0.96261216;0.031611204;-0.25288964;1388747748
-20.313547;342.125;7587;-17469;0.96363184;0.0377295;-0.2508502;1388774133
-20.291601;342.125;7587;-17463;0.9646516;0.025492906;-0.23351502;1388796079
-20.263770;342.125;7587;-17463;0.961592464;0.025492906;-0.23453474;1388823910
-20.241770;342.1875;7587;-17463;0.959553;0.01631546;-0.237593884;1388845910
-20.203664;342.1875;7587;-17463;0.96363184;0.02447319;-0.24575162;1388884016
-20.181918;342.1875;7587;-17463;0.961592464;0.031611204;-0.24167276;1388905762
-20.153789;342.1875;7587;-17463;0.96363184;0.030591488;-0.23963332;1388933891
-20.131621;342.1875;7587;-17457;0.96363184;0.029571772;-0.23657418;1388956059
-20.109962;342.1875;7587;-17457;0.96261216;0.012236595;-0.23657418;1388977718
-20.010764;342.1875;7587;-17450;0.96363184;0.036709784;-0.2386136;1389076916
-19.963507;342.1875;7587;-17450;0.96261216;0.022433758;-0.23555446;1389124173
-19.942095;342.1875;7587;-17450;0.9605727;0.022433758;-0.2447319;1389145585
-19.913833;342.1875;7587;-17450;0.959553;0.028552056;-0.25900792;1389173847
-19.869933;342.25;7593;-17438;0.961592464;0.030591488;-0.232495316;1389217747
-19.843634;342.3125;7593;-17438;0.96363184;0.02447319;-0.22841644;1389244046
-19.803671;342.3125;7593;-17432;0.9585333;0.02753234;-0.24371218;1389284009
-19.779880;342.375;7593;-17432;0.96261216;0.025492906;-0.25390936;1389307800
-19.753781;342.375;7593;-17432;0.96261216;0.026512622;-0.25186992;1389333899
-19.727846;342.375;7593;-17432;0.96363184;0.023453474;-0.23555446;1389359834
-19.703497;342.375;7593;-17432;0.9646516;0.02447319;-0.22433758;1389384183
-19.649792;342.375;7593;-17425;0.9605727;0.029571772;-0.248810768;1389437888
-19.627644;342.375;7593;-17425;0.96261216;0.025492906;-0.24983048;1389460036
-19.571164;342.375;7593;-17425;0.961592464;0.028552056;-0.23351502;1389516516
-19.543671;342.375;7593;-17425;0.966691;0.029571772;-0.23045588;1389544009
-19.513766;342.375;7593;-17425;0.9646516;0.02753234;-0.2314756;1389573914
-19.491357;342.375;7593;-17425;0.96261216;0.026512622;-0.25594878;1389596323
-19.469456;342.375;7593;-17425;0.9605727;0.026512622;-0.25594878;1389618224
-19.443729;342.375;7587;-17425;0.9605727;0.029571772;-0.2579882;1389643951
-19.414157;342.375;7593;-17419;0.96261216;0.03263092;-0.242692468;1389673523
-19.363920;342.4375;7593;-17419;0.96363184;0.030591488;-0.232495316;1389723760
-19.333655;342.4375;7593;-17425;0.9575136;0.022433758;-0.25186992;1389754025
-19.312028;342.5;7593;-17425;0.961592464;0.020394326;-0.25288964;1389775652
-19.283204;342.5;7593;-17425;0.96261216;0.0193746092;-0.24575162;1389804476
-19.238843;342.5;7600;-17425;0.966691;0.029571772;-0.226377008;1389848837
-19.203734;342.5;7600;-17419;0.96261216;0.023453474;-0.23555446;1389883946
-19.179344;342.5;7593;-17425;0.961592464;0.025492906;-0.248810768;1389908336
-19.153322;342.5;7593;-17425;0.961592464;0.02753234;-0.2447319;1389934358
-19.131242;342.5;7593;-17425;0.9605727;0.023453474;-0.248810768;1389956438
-19.109736;342.5;7593;-17425;0.96261216;0.022433758;-0.2386136;1389977944
-19.083610;342.5;7593;-17425;0.9656713;0.029571772;-0.23351502;1390004070
-19.060553;342.5;7593;-17425;0.9646516;0.030591488;-0.237593884;1390027127
-19.039199;342.5;7593;-17425;0.96261216;0.030591488;-0.24167276;1390048481
-19.003865;342.5;7593;-17419;0.961592464;0.031611204;-0.25390936;1390083815
-18.982040;342.5;7593;-17419;0.9605727;0.02753234;-0.25288964;1390105640
-18.953817;342.5;7593;-17419;0.961592464;0.023453474;-0.24167276;1390133863
-18.929106;342.5;7600;-17419;0.9646516;0.026512622;-0.23045588;1390158574
-18.903793;342.5;7600;-17419;0.96261216;0.029571772;-0.2386136;1390183887
-18.881712;342.5;7600;-17419;0.961592464;0.03263092;-0.25186992;1390205968
-18.853888;342.5;7600;-17419;0.96363184;0.031611204;-0.2508502;1390233792
-18.819867;342.5;7600;-17419;0.96261216;0.02447319;-0.24167276;1390267813
-18.775092;342.5;7600;-17419;0.96363184;0.023453474;-0.23045588;1390312588
-18.751461;342.5;7600;-17419;0.96363184;0.021414042;-0.23963332;1390336219
-18.729538;342.5625;7600;-17419;0.96261216;0.02447319;-0.242692468;1390358142
-18.703775;342.5625;7600;-17419;0.9605727;0.026512622;-0.248810768;1390383905
-18.681492;342.5625;7600;-17419;0.96261216;0.023453474;-0.24575162;1390406188
-18.653559;342.5625;7600;-17419;0.96363184;0.023453474;-0.2386136;1390434121
-18.629535;342.5625;7600;-17419;0.96363184;0.023453474;-0.2314756;1390458145
-18.603797;342.5625;7600;-17419;0.9605727;0.026512622;-0.237593884;1390483883
-18.581500;342.5625;7600;-17419;0.96261216;0.029571772;-0.24575162;1390506180
-18.553553;342.5625;7600;-17419;0.961592464;0.031611204;-0.25186992;1390534127
-18.532143;342.5625;7600;-17419;0.96363184;0.031611204;-0.248810768;1390555537
-18.499981;342.5625;7600;-17419;0.961592464;0.02753234;-0.23657418;1390587699
-18.477219;342.5625;7600;-17419;0.961592464;0.026512622;-0.23453474;1390610461
-18.453401;342.5625;7600;-17419;0.96363184;0.026512622;-0.237593884;1390634279
-18.432054;342.5625;7600;-17419;0.96261216;0.02753234;-0.24371218;1390655626
-18.410070;342.5625;7600;-17419;0.96363184;0.031611204;-0.248810768;1390677610
-18.334354;342.5;7600;-17419;0.96363184;0.029571772;-0.23657418;1390753326
-18.311421;342.5;7600;-17419;0.961592464;0.021414042;-0.237593884;1390776259
-18.261389;342.5;7600;-17419;0.9605727;0.026512622;-0.2447319;1390826291
-18.231012;342.5;7600;-17419;0.96363184;0.02753234;-0.242692468;1390856668
-18.202074;342.5;7600;-17419;0.96261216;0.028552056;-0.24065304;1390885606
-18.178937;342.5;7600;-17419;0.959553;0.02753234;-0.23657418;1390908743
-18.153604;342.5;7600;-17419;0.96261216;0.02447319;-0.23555446;1390934076
-18.131675;342.5;7600;-17419;0.9605727;0.023453474;-0.24167276;1390956005
-18.110093;342.5;7600;-17419;0.961592464;0.02753234;-0.247791052;1390977587
-18.029477;342.5;7600;-17419;0.96261216;0.029571772;-0.23555446;1391058203
-18.003475;342.5;7600;-17419;0.9646516;0.026512622;-0.23555446;1391084205
-17.974031;342.5;7600;-17419;0.96363184;0.02447319;-0.24371218;1391113649
-17.943974;342.5;7600;-17419;0.96261216;0.023453474;-0.2447319;1391143706
-17.904527;342.5;7600;-17419;0.96261216;0.030591488;-0.2447319;1391183153
-17.881689;342.5;7600;-17419;0.961592464;0.030591488;-0.237593884;1391205991
-17.833031;342.5;7600;-17419;0.961592464;0.021414042;-0.24575162;1391254649
-17.803617;342.5;7600;-17419;0.961592464;0.021414042;-0.242692468;1391284063
-17.781422;342.5;7600;-17419;0.9605727;0.025492906;-0.2447319;1391306258
-17.753927;342.5;7600;-17419;0.96261216;0.028552056;-0.24371218;1391333753
-17.729066;342.5;7600;-17419;0.961592464;0.031611204;-0.24065304;1391358614
-17.671748;342.5;7600;-17419;0.96261216;0.021414042;-0.24065304;1391415932
-17.640544;342.5;7600;-17419;0.96363184;0.021414042;-0.23963332;1391447136
-17.613981;342.5;7600;-17419;0.96261216;0.026512622;-0.237593884;1391473699
-17.592202;342.5;7600;-17419;0.9656713;0.033650636;-0.2386136;1391495478
-17.570770;342.5;7600;-17419;0.96261216;0.031611204;-0.23963332;1391516910
-17.540969;342.5;7600;-17419;0.961592464;0.030591488;-0.247791052;1391546711
-17.514054;342.5;7600;-17419;0.9605727;0.025492906;-0.2447319;1391573626
-17.443226;342.5;7600;-17419;0.96363184;0.02447319;-0.237593884;1391644454
-17.413132;342.5;7600;-17419;0.961592464;0.031611204;-0.24371218;1391674548
-17.390190;342.5;7600;-17419;0.961592464;0.028552056;-0.247791052;1391697490
-17.363638;342.5;7600;-17419;0.9605727;0.02447319;-0.24677134;1391724042
-17.335305;342.5;7600;-17419;0.96363184;0.023453474;-0.23963332;1391752375
-17.303964;342.5;7600;-17419;0.96363184;0.02447319;-0.23453474;1391783716
-17.280129;342.5;7600;-17419;0.96363184;0.02753234;-0.242692468;1391807551
-17.253873;342.5;7600;-17419;0.961592464;0.029571772;-0.25186992;1391833807
-17.232238;342.5;7600;-17419;0.961592464;0.02753234;-0.2508502;1391855442
-17.195922;342.5;7600;-17419;0.96261216;0.026512622;-0.2447319;1391891758
-17.171454;342.5;7600;-17419;0.96363184;0.026512622;-0.232495316;1391916226
-17.150025;342.5;7600;-17419;0.961592464;0.02447319;-0.23453474;1391937655
-17.128166;342.5;7600;-17419;0.96261216;0.028552056;-0.24371218;1391959514
-17.103506;342.5625;7600;-17419;0.961592464;0.03263092;-0.2508502;1391984174
-17.081681;342.5625;7600;-17419;0.961592464;0.03263092;-0.2508502;1392005999
-17.032744;342.5625;7600;-17419;0.9605727;0.022433758;-0.23453474;1392054936
-17.010749;342.5625;7600;-17419;0.96363184;0.02447319;-0.23045588;1392076931
-16.983878;342.5625;7600;-17419;0.961592464;0.022433758;-0.2386136;1392103802
-16.961496;342.5625;7600;-17419;0.961592464;0.028552056;-0.25186992;1392126184
-16.903650;342.5625;7600;-17419;0.96261216;0.031611204;-0.2447319;1392184030
-16.882057;342.5625;7600;-17419;0.96363184;0.020394326;-0.22841644;1392205623
-16.854091;342.5625;7600;-17419;0.96261216;0.0193746092;-0.23045588;1392233589
-16.829560;342.5625;7600;-17419;0.961592464;0.021414042;-0.242692468;1392258120
-16.800369;342.5625;7600;-17419;0.96261216;0.028552056;-0.25390936;1392287311
-16.779000;342.5625;7600;-17419;0.959553;0.033650636;-0.25390936;1392308680
-16.753546;342.5625;7600;-17419;0.961592464;0.03569007;-0.2447319;1392334134
-16.727872;342.5625;7600;-17419;0.9656713;0.02753234;-0.232495316;1392359808
-16.696156;342.5625;7600;-17419;0.961592464;0.022433758;-0.23555446;1392391524
-16.673246;342.5625;7600;-17419;0.9605727;0.021414042;-0.248810768;1392414434
-16.630170;342.5625;7600;-17419;0.9605727;0.031611204;-0.25186992;1392457510
-16.590501;342.5625;7600;-17419;0.96363184;0.034670352;-0.23555446;1392497179
-16.563631;342.5625;7600;-17419;0.9656713;0.029571772;-0.22841644;1392524049
-16.541257;342.5625;7600;-17419;0.96363184;0.02447319;-0.24167276;1392546423
-16.492047;342.5625;7600;;-302;0;4282;1392595633
-16.467783;342.5625;7600;-17419;0.9605727;0.02753234;-0.24167276;1392619897
-16.433643;342.5;7600;-17419;0.96363184;0.031611204;-0.23657418;1392654037
-16.410759;342.5;7600;-17419;0.96261216;0.028552056;-0.23657418;1392676921
-16.383630;342.5;7600;-17419;0.9646516;0.020394326;-0.2386136;1392704050
-16.362147;342.5;7600;-17419;0.96261216;0.018354892;-0.24575162;1392725533
-16.303713;342.5;7600;-17419;0.96261216;0.031611204;-0.24065304;1392783967
-16.279922;342.5;7600;-17419;0.96363184;0.030591488;-0.24065304;1392807758
-16.253805;342.5;7600;-17419;0.96363184;0.02753234;-0.23453474;1392833875
-16.229582;342.5;7600;-17419;0.96363184;0.025492906;-0.237593884;1392858098
-16.203728;342.5;7600;-17419;0.959553;0.021414042;-0.24983048;1392883952
-16.153220;342.5;7600;-17419;0.96363184;0.031611204;-0.24575162;1392934460
-16.130254;342.5;7600;-17419;0.96261216;0.030591488;-0.23045588;1392957426
-16.103826;342.5;7600;-17419;0.96363184;0.02753234;-0.23453474;1392983854
-16.080694;342.5;7600;-17419;0.9605727;0.022433758;-0.24065304;1393006986
-16.053923;342.5;7600;-17419;0.96261216;0.020394326;-0.24167276;1393033757
-16.031991;342.5;7600;-17419;0.961592464;0.023453474;-0.24065304;1393055689
-16.003596;342.5;7600;-17419;0.9646516;0.028552056;-0.24167276;1393084084
-15.981333;342.5;7600;-17419;0.9646516;0.03263092;-0.23555446;1393106347
-15.953968;342.5;7600;-17419;0.961592464;0.033650636;-0.24065304;1393133712
-15.928998;342.5;7600;-17419;0.961592464;0.021414042;-0.24065304;1393158682
-15.903323;342.5;7600;-17419;0.961592464;0.01631546;-0.24677134;1393184357
-15.881189;342.5;7600;-17419;0.9605727;0.01631546;-0.24167276;1393206491
-15.832222;342.5;7600;-17413;0.96363184;0.03569007;-0.24167276;1393255458
-15.804069;342.5;7600;-17413;0.961592464;0.036709784;-0.23963332;1393283611
-15.780014;342.5;7600;-17413;0.96261216;0.026512622;-0.2447319;1393307666
-15.732917;342.5;7600;-17413;0.961592464;0.01631546;-0.24983048;1393354763
-15.699524;342.5;7600;-17413;0.96363184;0.029571772;-0.24575162;1393388156
-15.677767;342.5625;7600;-17413;0.9656713;0.036709784;-0.2253573;1393409913
-15.653567;342.5625;7600;-17413;0.96261216;0.0377295;-0.23555446;1393434113
-15.629553;342.5;7600;-17413;0.9585333;0.026512622;-0.248810768;1393458127
-15.597793;342.5625;7600;-17413;0.961592464;0.014276028;-0.2508502;1393489887
-15.573134;342.5625;7600;-17413;0.9605727;0.0193746092;-0.23963332;1393514546
-15.547619;342.5625;7600;-17407;0.96363184;0.023453474;-0.237593884;1393540061
-15.523670;342.5625;7600;-17407;0.96261216;0.03569007;-0.2386136;1393564010
-15.502071;342.5625;7600;-17407;0.96261216;0.041808368;-0.24575162;1393585609
-15.441153;342.5625;7600;-17400;0.961592464;0.013256311;-0.24677134;1393646527
-15.379520;342.5625;7600;-17394;0.961592464;0.033650636;-0.23963332;1393708160
-15.353670;342.5625;7600;-17394;0.96363184;0.0387492184;-0.23963332;1393734010
-15.329470;342.5625;7600;-17394;0.961592464;0.033650636;-0.237593884;1393758210
-15.263676;342.5625;7600;-17394;0.9605727;0.01631546;-0.24371218;1393824004
-15.241931;342.5625;7600;-17394;0.961592464;0.021414042;-0.2447319;1393845749
-15.220059;342.625;7600;-17388;0.96363184;0.031611204;-0.23555446;1393867621
-15.184252;342.625;7600;-17388;0.9646516;0.03263092;-0.242692468;1393903428
-15.133654;342.625;7600;-17388;0.961592464;0.028552056;-0.23657418;1393954026
-15.112013;342.625;7600;-17394;0.959553;0.015295744;-0.2386136;1393975667
-15.063889;342.625;7600;-17394;0.9605727;0.013256311;-0.24983048;1394023791
-15.041863;342.625;7600;-17388;0.9605727;0.031611204;-0.2386136;1394045817
-14.993273;342.625;7600;-17382;0.96363184;0.0387492184;-0.232495316;1394094407
-14.970859;342.625;7600;-17382;0.9605727;0.023453474;-0.247791052;1394116821
-14.943806;342.625;7600;-17382;0.959553;0.013256311;-0.25390936;1394143874
-14.919924;342.625;7600;-17382;0.9605727;0.010197163;-0.24371218;1394167756
-14.881761;342.625;7600;-17369;0.9646516;0.033650636;-0.226377008;1394205919
-14.853376;342.6875;7600;-17369;0.96363184;0.039768936;-0.226377008;1394234304
-14.831140;342.6875;7600;-17369;0.961592464;0.034670352;-0.24167276;1394256540
-14.804155;342.6875;7593;-17369;0.9605727;0.026512622;-0.25390936;1394283525
-14.781817;342.6875;7593;-17369;0.961592464;0.021414042;-0.25492908;1394305863
-14.753824;342.6875;7593;-17369;0.9605727;0.022433758;-0.24575162;1394333856
-14.732135;342.6875;7593;-17369;0.9656713;0.03263092;-0.22433758;1394355545
-14.703799;342.6875;7593;-17369;0.966691;0.0377295;-0.22025872;1394383881
-14.681964;342.6875;7593;-17369;0.96363184;0.034670352;-0.247791052;1394405716
-14.653914;342.6875;7593;-17369;0.95649384;0.026512622;-0.25900792;1394433766
-14.630413;342.625;7593;-17375;0.9605727;0.015295744;-0.25186992;1394457267
-14.603915;342.625;7593;-17375;0.9605727;0.01631546;-0.24167276;1394483765
-14.582093;342.625;7593;-17375;0.9646516;0.02447319;-0.2253573;1394505587
-14.530260;342.625;7593;-17375;0.9605727;0.029571772;-0.24167276;1394557420
-14.497807;342.625;7587;-17375;0.9585333;0.022433758;-0.25390936;1394589873
-14.443270;342.625;7593;-17375;0.966691;0.014276028;-0.23453474;1394644410
-14.393657;342.6875;7587;-17369;0.96363184;0.036709784;-0.24167276;1394694023
-14.372173;342.6875;7587;-17369;0.961592464;0.0377295;-0.24575162;1394715507
-14.334770;342.6875;7587;-17369;0.9605727;0.031611204;-0.24677134;1394752910
-14.313018;342.6875;7587;-17369;0.96363184;0.020394326;-0.24065304;1394774662
-14.283698;342.6875;7587;-17363;0.96261216;0.020394326;-0.2386136;1394803982
-14.253697;342.6875;7587;-17363;0.9605727;0.025492906;-0.23657418;1394833983
-14.229487;342.6875;7587;-17363;0.9605727;0.031611204;-0.242692468;1394858193
-14.200911;342.6875;7587;-17363;0.96363184;0.034670352;-0.2447319;1394886769
-14.178631;342.6875;7587;-17363;0.961592464;0.028552056;-0.24065304;1394909049
-14.153732;342.6875;7587;-17363;0.9605727;0.021414042;-0.2447319;1394933948
-14.131954;342.6875;7587;-17363;0.9646516;0.017335176;-0.23351502;1394955726
-14.109864;342.6875;7587;-17369;0.96261216;0.017335176;-0.237593884;1394977816
-14.083543;342.6875;7587;-17369;0.96363184;0.022433758;-0.23963332;1395004137
-14.061229;342.6875;7587;-17369;0.96261216;0.026512622;-0.24167276;1395026451
-14.039849;342.6875;7587;-17369;0.96363184;0.028552056;-0.242692468;1395047831
-14.000671;342.6875;7587;-17369;0.96363184;0.028552056;-0.24065304;1395087009
-13.978185;342.6875;7587;-17369;0.96261216;0.0193746092;-0.237593884;1395109495
-13.953437;342.6875;7587;-17369;0.961592464;0.020394326;-0.24167276;1395134243
-13.931396;342.6875;7587;-17363;0.961592464;0.023453474;-0.2447319;1395156284
-13.903959;342.6875;7587;-17357;0.9605727;0.026512622;-0.24167276;1395183721
-13.880320;342.6875;7587;-17350;0.96261216;0.0387492184;-0.23963332;1395207360
-13.853653;342.6875;7587;-17350;0.9646516;0.0377295;-0.24167276;1395234027
-13.831948;342.6875;7587;-17350;0.96363184;0.028552056;-0.24065304;1395255732
-13.803782;342.6875;7587;-17350;0.961592464;0.022433758;-0.242692468;1395283898
-13.780616;342.6875;7587;-17350;0.96261216;0.020394326;-0.24167276;1395307064
-13.753754;342.6875;7587;-17350;0.961592464;0.02447319;-0.24167276;1395333926
-13.728855;342.6875;7587;-17350;0.9646516;0.03263092;-0.24065304;1395358825
-13.694072;342.6875;7587;-17350;0.96363184;0.0377295;-0.24065304;1395393608
-13.671538;342.6875;7587;-17357;0.96363184;0.025492906;-0.2386136;1395416142
-13.644806;342.625;7587;-17357;0.96261216;0.015295744;-0.23555446;1395442874
-13.593802;342.625;7587;-17357;0.959553;0.0193746092;-0.248810768;1395493878
-13.541089;342.625;7587;-17363;0.96363184;0.026512622;-0.23351502;1395546591
-13.503599;342.625;7587;-17363;0.9646516;0.020394326;-0.2314756;1395584081
-13.481546;342.625;7587;-17363;0.9605727;0.017335176;-0.248810768;1395606134
-13.453924;342.625;7587;-17363;0.9605727;0.022433758;-0.25594878;1395633756
-13.432094;342.625;7587;-17357;0.961592464;0.03263092;-0.24983048;1395655586
-13.410011;342.625;7587;-17357;0.9646516;0.036709784;-0.23657418;1395677669
-13.383485;342.625;7587;-17357;0.966691;0.03263092;-0.226377008;1395704195
-13.360095;342.625;7587;-17357;0.96363184;0.026512622;-0.232495316;1395727585
-13.300347;342.625;7587;-17357;0.9605727;0.026512622;-0.25186992;1395787333
-13.278313;342.625;7587;-17357;0.96363184;0.031611204;-0.25288964;1395809367
-13.253248;342.625;7587;-17357;0.96261216;0.039768936;-0.24575162;1395834432
-13.231992;342.625;7587;-17357;0.9656713;0.03263092;-0.226377008;1395855688
-13.204028;342.625;7587;-17363;0.9656713;0.020394326;-0.22025872;1395883652
-13.181743;342.625;7587;-17363;0.96261216;0.01631546;-0.23555446;1395905937
-13.141105;342.625;7587;-17363;0.959553;0.021414042;-0.25492908;1395946575
-13.091646;342.625;7587;-17363;0.9605727;0.028552056;-0.24575162;1395996034
-13.070012;342.625;7587;-17363;0.96363184;0.02753234;-0.23555446;1396017668
-13.043880;342.625;7587;-17363;0.961592464;0.015295744;-0.22025872;1396043800
-13.020329;342.625;7587;-17363;0.961592464;0.017335176;-0.22943616;1396067351
-12.993898;342.625;7587;-17363;0.96363184;0.021414042;-0.2386136;1396093782
-12.970585;342.625;7587;-17363;0.9585333;0.033650636;-0.26104736;1396117095
-12.943962;342.625;7587;-17363;0.9575136;0.033650636;-0.26716566;1396143718
-12.920860;342.625;7587;-17363;0.959553;0.033650636;-0.24575162;1396166820
-12.887128;342.625;7587;-17363;0.96771068;0.022433758;-0.2253573;1396200552
-12.863313;342.625;7587;-17363;0.96261216;0.020394326;-0.215160132;1396224367
-12.829683;342.6875;7587;-17363;0.961592464;0.026512622;-0.24575162;1396257997
-12.771788;342.625;7587;-17363;0.96261216;0.030591488;-0.25594878;1396315892
-12.734480;342.625;7587;-17363;0.9646516;0.02447319;-0.219239;1396353200
-12.671637;342.625;7581;-17369;0.961592464;0.020394326;-0.25288964;1396416043
-12.650118;342.5625;7581;-17369;0.959553;0.031611204;-0.26614594;1396437562
-12.623152;342.5625;7581;-17369;0.9585333;0.026512622;-0.25594878;1396464528
-12.593795;342.5625;7581;-17369;0.9646516;0.025492906;-0.2386136;1396493885
-12.571273;342.5625;7581;-17369;0.9646516;0.029571772;-0.232495316;1396516407
-12.549934;342.5;7581;-17369;0.96363184;0.026512622;-0.23555446;1396537746
-12.519975;342.5;7575;-17369;0.96363184;0.020394326;-0.24371218;1396567705
-12.471404;342.5;7575;-17369;0.9585333;0.030591488;-0.26512624;1396616276
-12.446468;342.5;7575;-17369;0.96363184;0.03263092;-0.247791052;1396641212
-12.413832;342.5;7581;-17369;0.9656713;0.030591488;-0.22025872;1396673848
-12.391577;342.5;7581;-17369;0.966691;0.029571772;-0.219239;1396696103
-12.363832;342.5625;7575;-17369;0.96363184;0.026512622;-0.24167276;1396723848
-12.334456;342.5625;7575;-17369;0.959553;0.02753234;-0.26818538;1396753224
-12.303799;342.5625;7575;-17369;0.959553;0.03263092;-0.25594878;1396783881
-12.281858;342.5625;7581;-17363;0.96363184;0.02447319;-0.2253573;1396805822
-12.233745;342.5625;7581;-17363;0.96363184;0.02753234;-0.2131207;1396853935
-12.201203;342.5625;7568;-17369;0.95547416;0.020394326;-0.2753234;1396886477
-12.178905;342.5625;7568;-17369;0.9575136;0.029571772;-0.2763431;1396908775
-12.153532;342.5;7575;-17369;0.959553;0.028552056;-0.25594878;1396934148
-12.131416;342.4375;7575;-17375;0.96363184;0.029571772;-0.21617985;1396956264
-12.104335;342.4375;7575;-17375;0.96771068;0.028552056;-0.2070024;1396983345
-12.081564;342.4375;7568;-17375;0.961592464;0.026512622;-0.24983048;1397006116
-12.053803;342.4375;7568;-17382;0.9544544;0.020394326;-0.26614594;1397033877
-12.032145;342.4375;7568;-17382;0.95547416;0.025492906;-0.27838254;1397055535
-12.010541;342.4375;7568;-17382;0.959553;0.029571772;-0.26206708;1397077139
-11.961775;342.4375;7575;-17375;0.9646516;0.036709784;-0.20904184;1397125905
-11.933543;342.5;7568;-17375;0.96975016;0.026512622;-0.21617985;1397154137
-11.907326;342.5;7568;-17369;0.9575136;0.017335176;-0.26512624;1397180354
-11.883199;342.5625;7568;-17369;0.9575136;0.021414042;-0.28348112;1397204481
-11.862079;342.5625;7568;-17369;0.9605727;0.031611204;-0.25594878;1397225601
-11.822803;342.5625;7575;-17363;0.96771068;0.03569007;-0.21719956;1397264877
-11.793631;342.5625;7581;-17363;0.966691;0.03263092;-0.20802212;1397294049
-11.769768;342.5625;7575;-17369;0.96363184;0.0193746092;-0.247791052;1397317912
-11.743681;342.5625;7575;-17369;0.9585333;0.013256311;-0.2641065;1397343999
-11.713789;342.5625;7575;-17369;0.959553;0.018354892;-0.25594878;1397373891
-11.663564;342.5625;7575;-17363;0.966691;0.03569007;-0.21414042;1397424116
-11.639451;342.5625;7575;-17363;0.9646516;0.02753234;-0.22433758;1397448229
-11.600464;342.625;7568;-17363;0.959553;0.01631546;-0.25594878;1397487216
-11.578805;342.625;7568;-17363;0.9585333;0.020394326;-0.26206708;1397508875
-11.553774;342.5625;7568;-17357;0.959553;0.025492906;-0.25390936;1397533906
-11.528869;342.5625;7568;-17350;0.966691;0.0387492184;-0.22841644;1397558811
-11.503235;342.5;7568;-17357;0.96363184;0.03569007;-0.22433758;1397584445
-11.479366;342.5;7562;-17357;0.959553;0.020394326;-0.24677134;1397608314
-11.453410;342.4375;7562;-17363;0.9605727;0.020394326;-0.25900792;1397634270
-11.429593;342.4375;7556;-17363;0.9575136;0.025492906;-0.2641065;1397658087
-11.403941;342.4375;7556;-17369;0.9605727;0.031611204;-0.25900792;1397683739
-11.358477;342.4375;7562;-17369;0.96363184;0.031611204;-0.22841644;1397729203
-11.333080;342.4375;7562;-17363;0.96261216;0.028552056;-0.2314756;1397754600
-11.310402;342.4375;7556;-17363;0.9585333;0.023453474;-0.25492908;1397777278
-11.278119;342.5;7556;-17363;0.9585333;0.021414042;-0.2641065;1397809561
-11.240775;342.4375;7562;-17363;0.96363184;0.022433758;-0.22433758;1397846905
-11.213943;342.4375;7562;-17363;0.9656713;0.026512622;-0.2253573;1397873737
-11.170045;342.5;7562;-17363;0.961592464;0.031611204;-0.25186992;1397917635
-11.143616;342.5;7562;-17363;0.959553;0.02447319;-0.25492908;1397944064
-11.121922;342.5;7562;-17363;0.96363184;0.010197163;-0.237593884;1397965758
-11.093819;342.5;7562;-17363;0.9646516;0.017335176;-0.23045588;1397993861
-11.071004;342.5;7562;-17357;0.9646516;0.036709784;-0.23351502;1398016676
-11.043905;342.5625;7562;-17350;0.96363184;0.039768936;-0.24371218;1398043775
-11.020834;342.5;7562;-17350;0.961592464;0.033650636;-0.2447319;1398066846
-10.993713;342.5;7562;-17350;0.9605727;0.031611204;-0.24983048;1398093967
-10.943753;342.5;7562;-17350;0.96261216;0.018354892;-0.23045588;1398143927
-10.920870;342.5;7556;-17350;0.96363184;0.033650636;-0.242692468;1398166810
-10.893767;342.5;7556;-17350;0.9605727;0.036709784;-0.24983048;1398193913
-10.871662;342.5;7556;-17357;0.96261216;0.039768936;-0.25492908;1398216018
-10.833547;342.4375;7556;-17357;0.9585333;0.028552056;-0.247791052;1398254133
-10.803795;342.4375;7556;-17363;0.96363184;0.013256311;-0.23351502;1398283885
-10.781828;342.4375;7556;-17363;0.96363184;0.013256311;-0.2253573;1398305852
-10.753902;342.4375;7556;-17363;0.96363184;0.02447319;-0.24167276;1398333778
-10.727832;342.4375;7556;-17369;0.959553;0.0377295;-0.2569685;1398359848
-10.695578;342.4375;7556;-17369;0.959553;0.033650636;-0.26206708;1398392102
-10.673198;342.4375;7556;-17369;0.96363184;0.021414042;-0.2314756;1398414482
-10.651897;342.4375;7562;-17369;0.9646516;0.012236595;-0.21617985;1398435783
-10.594133;342.5;7556;-17363;0.9605727;0.026512622;-0.25390936;1398493547
-10.572644;342.5;7556;-17357;0.959553;0.041808368;-0.26002764;1398515036
-10.550379;342.5;7556;-17357;0.96261216;0.04078865;-0.25492908;1398537301
-10.528694;342.5;7556;-17357;0.9646516;0.031611204;-0.22739672;1398558986
-10.483302;342.5;7556;-17357;0.9656713;0.0193746092;-0.22841644;1398604378
-10.453944;342.5;7556;-17357;0.9585333;0.0193746092;-0.24677134;1398633736
-10.429456;342.5;7556;-17357;0.959553;0.0377295;-0.26104736;1398658224
-10.403578;342.5;7556;-17357;0.961592464;0.03569007;-0.25288964;1398684102
-10.381413;342.4375;7556;-17357;0.9656713;0.031611204;-0.232495316;1398706267
-10.353767;342.4375;7556;-17357;0.96363184;0.026512622;-0.2253573;1398733913
-10.328019;342.4375;7556;-17363;0.96261216;0.017335176;-0.23045588;1398759661
-10.301870;342.4375;7556;-17363;0.961592464;0.01631546;-0.25186992;1398785810
-10.279618;342.4375;7556;-17363;0.9605727;0.028552056;-0.25594878;1398808062
-10.253634;342.4375;7556;-17363;0.96363184;0.0377295;-0.2508502;1398834046
-10.229784;342.4375;7556;;-170;0;4282;1398857896
-10.203470;342.4375;7556;-17363;0.9605727;0.028552056;-0.23555446;1398884210
-10.181989;342.5;7556;-17363;0.96363184;0.01631546;-0.232495316;1398905691
-10.133030;342.5;7550;-17357;0.959553;0.012236595;-0.24575162;1398954650
-10.110328;342.5;7550;-17350;0.9605727;0.029571772;-0.2508502;1398977352
-10.062678;342.5;7550;-17350;0.961592464;0.042828084;-0.24167276;1399025002
-10.040565;342.5;7550;-17350;0.9605727;0.026512622;-0.232495316;1399047115
-10.013623;342.5;7550;-17350;0.96363184;0.017335176;-0.23453474;1399074057
-9.969876;342.5;7550;-17350;0.9605727;0.018354892;-0.248810768;1399117804
-9.933434;342.5;7550;-17350;0.961592464;0.034670352;-0.24677134;1399154246
-9.904076;342.5;7550;-17350;0.9646516;0.0377295;-0.242692468;1399183604
-9.881319;342.5;7550;-17350;0.9646516;0.033650636;-0.23657418;1399206361
-9.853677;342.5;7550;-17357;0.96363184;0.015295744;-0.23045588;1399234003
-9.831964;342.5;7550;-17357;0.959553;0.00815773;-0.24167276;1399255716
-9.809922;342.5;7550;-17357;0.9605727;0.015295744;-0.24983048;1399277758
-9.760706;342.4375;7550;-17357;0.9646516;0.034670352;-0.237593884;1399326974
-9.733663;342.4375;7550;-17350;0.96363184;0.036709784;-0.237593884;1399354017
-9.703745;342.4375;7550;-17357;0.9605727;0.02447319;-0.24983048;1399383935
-9.681678;342.4375;7550;-17357;0.961592464;0.012236595;-0.247791052;1399406002
-9.640311;342.4375;7550;-17357;0.96363184;0.017335176;-0.24167276;1399447369
-9.613346;342.4375;7550;-17344;0.9585333;0.030591488;-0.24575162;1399474334
-9.562812;342.5;7550;-17338;0.96261216;0.033650636;-0.237593884;1399524868
-9.530972;342.5;7550;-17338;0.9605727;0.022433758;-0.24575162;1399556708
-9.502082;342.5;7550;-17338;0.9656713;0.02447319;-0.242692468;1399585598
-9.479730;342.5;7550;-17338;0.9605727;0.0193746092;-0.23963332;1399607950
-9.453676;342.5;7550;-17338;0.961592464;0.022433758;-0.24065304;1399634004
-9.403424;342.5;7550;-17338;0.96363184;0.033650636;-0.24575162;1399684256
-9.381212;342.5;7550;-17344;0.96261216;0.018354892;-0.2386136;1399706468
-9.353754;342.5;7550;-17338;0.96363184;0.01631546;-0.2314756;1399733926
-9.327065;342.5;7550;-17338;0.9605727;0.026512622;-0.24371218;1399760615
-9.301441;342.5;7550;-17338;0.959553;0.023453474;-0.2447319;1399786239
-9.280031;342.5;7550;-17338;0.96363184;0.033650636;-0.24371218;1399807649
-9.253163;342.5;7550;-17338;0.96261216;0.026512622;-0.24065304;1399834517
-9.178320;342.5;7543;-17338;0.961592464;0.026512622;-0.2447319;1399909360
-9.153310;342.5;7543;-17332;0.959553;0.02447319;-0.2508502;1399934370
-9.130358;342.5;7543;-17332;0.959553;0.028552056;-0.2447319;1399957322
-9.104060;342.4375;7543;-17332;0.96261216;0.03569007;-0.2447319;1399983620
-9.082015;342.4375;7543;-17332;0.9605727;0.028552056;-0.24167276;1400005665
-9.032028;342.4375;7543;-17332;0.961592464;0.026512622;-0.25492908;1400055652
-9.010126;342.4375;7543;-17332;0.9605727;0.02447319;-0.247791052;1400077554
-8.983155;342.4375;7543;-17332;0.961592464;0.026512622;-0.247791052;1400104525
-8.959969;342.4375;7543;-17332;0.96363184;0.029571772;-0.242692468;1400127711
-8.933409;342.4375;7543;-17332;0.961592464;0.028552056;-0.24677134;1400154271
-8.904004;342.4375;7543;-17332;0.961592464;0.02447319;-0.248810768;1400183676
-8.881329;342.5;7543;-17325;0.9605727;0.026512622;-0.24167276;1400206351
-8.859909;342.5;7543;-17325;0.9605727;0.023453474;-0.242692468;1400227771
-8.825678;342.5625;7550;-17325;0.96261216;0.020394326;-0.23963332;1400262002
-8.802613;342.5625;7550;-17319;0.9646516;0.023453474;-0.232495316;1400285067
-8.777993;342.5625;7550;-17319;0.96363184;0.02447319;-0.23351502;1400309687
-8.753343;342.625;7550;-17319;0.9605727;0.022433758;-0.24065304;1400334337
-8.729078;342.625;7550;-17319;0.96261216;0.023453474;-0.23963332;1400358602
-8.700824;342.625;7550;-17313;0.96261216;0.023453474;-0.23555446;1400386856
-8.678006;342.625;7543;-17307;0.96363184;0.025492906;-0.23453474;1400409674
-8.653404;342.5625;7543;-17307;0.96363184;0.029571772;-0.23657418;1400434276
-8.628152;342.5625;7543;-17307;0.96261216;0.026512622;-0.2386136;1400459528
-8.603452;342.5625;7543;-17307;0.961592464;0.026512622;-0.2447319;1400484228
-8.581944;342.5;7543;-17300;0.9605727;0.031611204;-0.242692468;1400505736
-8.553564;342.5;7537;-17300;0.96363184;0.034670352;-0.2447319;1400534116
-8.529697;342.4375;7537;-17307;0.96261216;0.033650636;-0.242692468;1400557983
-8.503564;342.4375;7537;-17307;0.9585333;0.031611204;-0.247791052;1400584116
-8.481450;342.4375;7537;-17307;0.961592464;0.028552056;-0.25186992;1400606230
-8.456271;342.4375;7537;-17307;0.9585333;0.028552056;-0.24575162;1400631409
-8.428903;342.4375;7537;-17307;0.961592464;0.02753234;-0.24371218;1400658777
-8.363766;342.5;7537;-17307;0.96363184;0.023453474;-0.24065304;1400723914
-8.341395;342.5;7537;-17300;0.9605727;0.023453474;-0.24371218;1400746285
-8.317235;342.5;7537;-17300;0.96261216;0.026512622;-0.24065304;1400770445
-8.293276;342.5;7537;-17300;0.961592464;0.020394326;-0.242692468;1400794404
-8.263725;342.5;7537;-17300;0.9605727;0.020394326;-0.23453474;1400823955
-8.239899;342.5;7537;-17300;0.96363184;0.02447319;-0.23555446;1400847781
-8.213579;342.5;7537;-17300;0.961592464;0.023453474;-0.23555446;1400874101
-8.182943;342.5;7537;-17300;0.96363184;0.034670352;-0.242692468;1400904737
-8.153486;342.5;7537;-17300;0.96363184;0.031611204;-0.23963332;1400934194
-8.131822;342.5;7537;-17300;0.9605727;0.021414042;-0.23555446;1400955858
-8.109929;342.4375;7537;-17307;0.96261216;0.020394326;-0.23453474;1400977751
-8.083499;342.4375;7537;-17300;0.96363184;0.033650636;-0.237593884;1401004181
-8.059204;342.375;7531;-17300;0.961592464;0.04894638;-0.25390936;1401028476
-8.033283;342.375;7531;-17307;0.9575136;0.042828084;-0.25492908;1401054397
-8.003814;342.375;7531;-17313;0.961592464;0.02753234;-0.2630868;1401083866
-7.953231;342.375;7531;-17325;0.961592464;0.015295744;-0.232495316;1401134449
-7.921780;342.375;7531;-17332;0.961592464;0.013256311;-0.23351502;1401165900
-7.893564;342.375;7531;-17332;0.959553;0.02447319;-0.247791052;1401194116
-7.869422;342.375;7531;-17332;0.959553;0.030591488;-0.26206708;1401218258
-7.843348;342.3125;7531;-17332;0.9585333;0.023453474;-0.25900792;1401244332
-7.812097;342.3125;7531;-17332;0.961592464;0.018354892;-0.22943616;1401275583
-7.763696;342.3125;7537;-17332;0.9656713;0.021414042;-0.23045588;1401323984
-7.739642;342.3125;7537;-17332;0.96261216;0.021414042;-0.242692468;1401348038
-7.688333;342.375;7537;-17325;0.9605727;0.033650636;-0.24677134;1401399347
-7.663228;342.375;7537;-17319;0.96261216;0.028552056;-0.2314756;1401424452
-7.602022;342.375;7537;-17319;0.96261216;0.033650636;-0.2508502;1401485658
-7.579888;342.375;7537;-17319;0.9605727;0.041808368;-0.25390936;1401507792
-7.553359;342.375;7537;-17325;0.9605727;0.030591488;-0.24983048;1401534321
-7.527745;342.375;7537;-17325;0.96363184;0.021414042;-0.2386136;1401559935
-7.484874;342.3125;7537;-17332;0.96261216;0.025492906;-0.24575162;1401602806
-7.462108;342.3125;7537;-17338;0.959553;0.020394326;-0.24167276;1401625572
-7.439178;342.3125;7537;-17338;0.9605727;0.017335176;-0.24167276;1401648502
-7.413521;342.3125;7537;-17344;0.961592464;0.025492906;-0.242692468;1401674159
-7.391391;342.3125;7537;-17344;0.96363184;0.014276028;-0.242692468;1401696289
-7.369912;342.25;7537;-17344;0.9605727;0.017335176;-0.25186992;1401717768
-7.343668;342.25;7537;-17344;0.9605727;0.023453474;-0.24167276;1401744012
-7.319363;342.25;7537;-17344;0.96261216;0.020394326;-0.24167276;1401768317
-7.293501;342.25;7537;-17344;0.96261216;0.018354892;-0.247791052;1401794179
-7.271455;342.3125;7537;-17338;0.9656713;0.031611204;-0.24065304;1401816225
-7.243543;342.3125;7537;-17338;0.9605727;0.025492906;-0.23657418;1401844137
-7.213575;342.3125;7537;-17338;0.9585333;0.02447319;-0.232495316;1401874105
-7.191646;342.375;7543;-17332;0.9585333;0.033650636;-0.24575162;1401896034
-7.169389;342.375;7543;-17332;0.9646516;0.036709784;-0.25186992;1401918291
-7.143486;342.375;7543;-17332;0.9575136;0.034670352;-0.25390936;1401944194
-7.073109;342.375;7543;-17325;0.9646516;0.026512622;-0.23045588;1402014571
-7.049989;342.375;7543;-17332;0.9605727;0.030591488;-0.25288964;1402037691
-6.963456;342.3125;7543;-17332;0.959553;0.023453474;-0.23555446;1402124224
-6.928098;342.3125;7543;-17338;0.96363184;0.021414042;-0.2386136;1402159582
-6.896633;342.3125;7543;;-585;0;4281;1402191047
-6.873253;342.3125;7537;-17338;0.959553;0.025492906;-0.25492908;1402214427
-6.819505;342.3125;7543;-17338;0.96261216;0.0193746092;-0.23045588;1402268175
-6.793445;342.3125;7543;-17344;0.9656713;0.020394326;-0.22331786;1402294235
-6.771151;342.3125;7543;-17338;0.9646516;0.02753234;-0.23963332;1402316529
-6.750155;342.3125;7537;-17338;0.959553;0.030591488;-0.2579882;1402337525
-6.728058;342.3125;7537;-17338;0.959553;0.03569007;-0.2579882;1402359622
-6.702102;342.3125;7537;-17332;0.96261216;0.036709784;-0.25288964;1402385578
-6.632107;342.3125;7543;-17332;0.96363184;0.02753234;-0.2386136;1402455573
-6.577098;342.3125;7537;-17332;0.96363184;0.029571772;-0.25186992;1402510582
-6.551757;342.3125;7537;-17332;0.959553;0.031611204;-0.242692468;1402535923
-6.520962;342.3125;7537;-17338;0.96261216;0.020394326;-0.2253573;1402566718
-6.493809;342.3125;7543;-17338;0.96261216;0.013256311;-0.2314756;1402593871
-6.471983;342.25;7537;-17344;0.9605727;0.020394326;-0.247791052;1402615697
-6.443549;342.25;7537;-17344;0.9605727;0.0193746092;-0.2579882;1402644131
-6.413620;342.25;7537;-17350;0.959553;0.022433758;-0.25900792;1402674060
-6.369426;342.25;7537;-17344;0.96363184;0.021414042;-0.23045588;1402718254
-6.343384;342.25;7543;-17350;0.961592464;0.020394326;-0.23453474;1402744296
-6.320122;342.25;7543;-17344;0.9585333;0.022433758;-0.248810768;1402767558
-6.293443;342.25;7543;-17338;0.961592464;0.021414042;-0.25390936;1402794237
-6.271275;342.3125;7537;-17338;0.96261216;0.030591488;-0.25186992;1402816405
-6.243392;342.3125;7543;-17332;0.96261216;0.034670352;-0.24167276;1402844288
-6.219493;342.3125;7543;-17325;0.9646516;0.03569007;-0.226377008;1402868187
-6.193416;342.3125;7543;-17325;0.96261216;0.03569007;-0.23963332;1402894264
-6.166376;342.3125;7543;-17325;0.961592464;0.025492906;-0.24575162;1402921304
-6.110418;342.3125;7543;-17325;0.959553;0.030591488;-0.25186992;1402977262
-6.083437;342.3125;7543;-17325;0.96261216;0.03263092;-0.24167276;1403004243
-6.059690;342.3125;7543;-17325;0.9656713;0.026512622;-0.23045588;1403027990
-6.033451;342.3125;7543;-17325;0.961592464;0.01631546;-0.23453474;1403054229
-6.012204;342.3125;7543;-17332;0.96261216;0.015295744;-0.24167276;1403075476
-5.990983;342.3125;7543;-17332;0.959553;0.020394326;-0.25594878;1403096697
-5.963927;342.3125;7543;-17332;0.9605727;0.026512622;-0.25390936;1403123753
-5.927844;342.3125;7543;-17332;0.96261216;0.025492906;-0.23963332;1403159836
-5.901015;342.3125;7543;-17332;0.96363184;0.025492906;-0.22943616;1403186665
-5.878766;342.3125;7543;-17332;0.96261216;0.015295744;-0.2314756;1403208914
-5.853488;342.3125;7543;-17332;0.96363184;0.01631546;-0.2386136;1403234192
-5.803299;342.375;7537;-17313;0.961592464;0.031611204;-0.2569685;1403284381
-5.780475;342.375;7543;-17307;0.96363184;0.034670352;-0.23351502;1403307205
-5.753626;342.375;7543;-17307;0.96363184;0.036709784;-0.232495316;1403334054
-5.729869;342.375;7543;-17307;0.961592464;0.030591488;-0.23045588;1403357811
-5.703169;342.375;7543;-17307;0.961592464;0.025492906;-0.23351502;1403384511
-5.653199;342.375;7543;-17307;0.9605727;0.031611204;-0.25288964;1403434481
-5.613694;342.375;7543;-17307;0.96363184;0.031611204;-0.23351502;1403473986
-5.591618;342.375;7543;;-345;0;4280;1403496062
-5.569299;342.375;7543;-17313;0.96261216;0.021414042;-0.23045588;1403518381
-5.543678;342.375;7543;-17313;0.961592464;0.01631546;-0.24677134;1403544002
-5.519697;342.375;7537;-17313;0.961592464;0.017335176;-0.24677134;1403567983
-5.493048;342.375;7537;-17313;0.961592464;0.0193746092;-0.24983048;1403594632
-5.470654;342.375;7537;-17313;0.961592464;0.028552056;-0.242692468;1403617026
-5.443631;342.375;7537;-17313;0.961592464;0.02753234;-0.2386136;1403644049
-5.413669;342.375;7537;-17313;0.9656713;0.025492906;-0.23555446;1403674011
-5.365264;342.375;7537;-17313;0.9605727;0.0193746092;-0.25492908;1403722416
-5.339865;342.375;7537;-17307;0.96261216;0.028552056;-0.25186992;1403747815
-5.305773;342.375;7537;-17300;0.96363184;0.0377295;-0.24167276;1403781907
-5.282766;342.4375;7543;-17294;0.9646516;0.039768936;-0.22331786;1403804914
-5.259184;342.4375;7543;-17294;0.96363184;0.034670352;-0.23045588;1403828496
-5.221963;342.5;7543;-17300;0.959553;0.022433758;-0.24983048;1403865717
-5.183203;342.5;7543;-17294;0.96261216;0.026512622;-0.248810768;1403904477
-5.153244;342.5;7543;-17300;0.96363184;0.034670352;-0.23453474;1403934436
-5.131829;342.5;7543;-17300;0.9656713;0.0377295;-0.23351502;1403955851
-5.109479;342.4375;7543;-17300;0.96363184;0.031611204;-0.2314756;1403978201
-5.083388;342.4375;7543;-17307;0.96363184;0.021414042;-0.23453474;1404004292
-5.060429;342.4375;7543;-17319;0.96261216;0.009177446;-0.24065304;1404027251
-5.027960;342.4375;7543;-17319;0.961592464;0.018354892;-0.24575162;1404059720
-4.971961;342.375;7543;-17325;0.96363184;0.031611204;-0.237593884;1404115719
-4.913478;342.375;7543;-17325;0.961592464;0.018354892;-0.23657418;1404174202
-4.890040;342.375;7543;;-610;0;4286;1404197640
-4.863668;342.375;7537;-17325;0.9605727;0.020394326;-0.25390936;1404224012
-4.830931;342.375;7537;-17319;0.96261216;0.0377295;-0.24065304;1404256749
-4.803874;342.375;7537;-17313;0.96363184;0.042828084;-0.24065304;1404283806
-4.753366;342.4375;7537;-17313;0.961592464;0.028552056;-0.24677134;1404334314
-4.721944;342.4375;7537;-17319;0.959553;0.026512622;-0.247791052;1404365736
-4.693403;342.5;7543;-17319;0.9646516;0.026512622;-0.24575162;1404394277
-4.671855;342.5;7543;-17313;0.96363184;0.030591488;-0.232495316;1404415825
-4.649695;342.4375;7543;-17319;0.966691;0.031611204;-0.22331786;1404437985
-4.620938;342.4375;7543;-17332;0.96363184;0.02447319;-0.23045588;1404466742
-4.593651;342.4375;7543;-17338;0.959553;0.018354892;-0.23657418;1404494029
-4.571347;342.4375;7543;-17344;0.9585333;0.01631546;-0.247791052;1404516333
-4.539680;342.4375;7543;-17344;0.9585333;0.017335176;-0.248810768;1404548000
-4.513586;342.375;7543;-17344;0.9605727;0.021414042;-0.2447319;1404574094
-4.491394;342.375;7543;-17344;0.96363184;0.020394326;-0.22943616;1404596286
-4.467353;342.375;7543;-17344;0.96261216;0.02447319;-0.23351502;1404620327
-4.434265;342.375;7537;-17344;0.96363184;0.021414042;-0.2386136;1404653415
-4.410817;342.375;7537;-17338;0.9575136;0.028552056;-0.2569685;1404676863
-4.383397;342.3125;7537;-17338;0.9605727;0.028552056;-0.248810768;1404704283
-4.361406;342.3125;7537;-17325;0.961592464;0.029571772;-0.2508502;1404726274
-4.329454;342.3125;7537;-17325;0.9585333;0.0377295;-0.24065304;1404758226
-4.284465;342.3125;7537;-17325;0.96363184;0.025492906;-0.23657418;1404803215
-4.253520;342.3125;7537;-17319;0.9575136;0.025492906;-0.25288964;1404834160
-4.231852;342.375;7537;-17319;0.959553;0.028552056;-0.25492908;1404855828
-4.203996;342.375;7537;-17319;0.96261216;0.03569007;-0.24575162;1404883684
-4.181970;342.375;7537;-17319;0.96363184;0.03569007;-0.23657418;1404905710
-4.153113;342.375;7537;-17332;0.96363184;0.022433758;-0.2253573;1404934567
-4.130493;342.375;7543;-17332;0.9646516;0.017335176;-0.23045588;1404957187
-4.108922;342.4375;7543;-17338;0.959553;0.009177446;-0.23657418;1404978758
-4.083225;342.4375;7543;-17332;0.9605727;0.023453474;-0.25390936;1405004455
-4.061348;342.4375;7543;-17332;0.96261216;0.017335176;-0.24677134;1405026332
-4.039514;342.4375;7543;-17332;0.96363184;0.023453474;-0.2253573;1405048166
-4.010141;342.4375;7543;-17332;0.9656713;0.02447319;-0.2253573;1405077539
-3.983591;342.4375;7543;-17332;0.9646516;0.021414042;-0.23453474;1405104089
-3.961889;342.4375;7537;-17338;0.96363184;0.011216879;-0.24065304;1405125791
-3.934369;342.375;7537;-17338;0.96261216;0.014276028;-0.24983048;1405153311
-3.912959;342.375;7537;-17338;0.96261216;0.013256311;-0.23963332;1405174721
-3.872710;342.375;7531;-17325;0.961592464;0.042828084;-0.2386136;1405214970
-3.850465;342.3125;7531;-17325;0.96261216;0.0377295;-0.232495316;1405237215
-3.819229;342.25;7531;-17325;0.96261216;0.020394326;-0.25492908;1405268451
-3.793295;342.25;7531;-17332;0.95547416;0.0193746092;-0.2630868;1405294385
-3.770144;342.25;7531;-17332;0.9605727;0.014276028;-0.26104736;1405317536
-3.740939;342.25;7531;-17332;0.95649384;0.02447319;-0.242692468;1405346741
-3.713796;342.3125;7531;-17325;0.961592464;0.041808368;-0.24167276;1405373884
-3.691879;342.3125;7531;-17319;0.96261216;0.02753234;-0.2304;1405395801
-3.669048;342.375;7531;-17325;0.9575136;0.021414042;-0.24371218;1405418632
-3.638414;342.4375;7531;-17319;0.9605727;0.015295744;-0.25492908;1405449266
-3.609716;342.4375;7537;-17319;0.9585333;0.011216879;-0.23657418;1405477964
-3.583551;342.4375;7537;-17319;0.961592464;0.014276028;-0.2386136;1405504129
-3.562161;342.375;7543;-17313;0.968730432;0.030591488;-0.20904184;1405525519
-3.539124;342.4375;7543;-17307;0.961592464;0.0438478;-0.21414042;1405548556
-3.511338;342.4375;7537;-17307;0.9513953;0.025492906;-0.2641065;1405576342
-3.483499;342.4375;7537;-17307;0.959553;0.017335176;-0.25186992;1405604181
-3.461948;342.4375;7537;-17307;0.966691;0.02447319;-0.25900792;1405625732
-3.423139;342.4375;7543;-17300;0.966691;0.015295744;-0.21210098;1405664541
-3.399663;342.4375;7543;-17294;0.9717896;0.0438478;-0.21414042;1405688017
-3.377840;342.4375;7537;-17300;0.96363184;0.04588723;-0.23045588;1405709840
-3.353424;342.4375;7531;-17300;0.959553;0.02447319;-0.25390936;1405734256
-3.332210;342.4375;7531;-17300;0.959553;0.022433758;-0.25900792;1405755470
-3.302106;342.375;7531;-17307;0.96261216;0.029571772;-0.248810768;1405785574
-3.279998;342.3125;7531;-17307;0.9646516;0.02447319;-0.23657418;1405807682
-3.253660;342.3125;7537;-17313;0.959553;0.023453474;-0.22841644;1405834020
-3.228949;342.3125;7531;-17313;0.96363184;0.036709784;-0.23555446;1405858731
-3.203371;342.3125;7531;-17319;0.96363184;0.022433758;-0.24575162;1405884309
-3.181959;342.3125;7531;-17325;0.9585333;0.0193746092;-0.27328396;1405905721
-3.153727;342.3125;7531;-17319;0.9575136;0.025492906;-0.26716566;1405933953
-3.131817;342.375;7537;-17319;0.9646516;0.022433758;-0.2253573;1405955863
-3.108310;342.375;7537;-17313;0.9656713;0.018354892;-0.226377008;1405979370
-3.083094;342.4375;7537;-17313;0.96261216;0.023453474;-0.22943616;1406004586
-3.057756;342.4375;7537;;-728;0;4281;1406029924
-3.022086;342.4375;7537;-17313;0.9585333;0.02447319;-0.2579882;1406065594
-2.999317;342.4375;7537;-17313;0.961592464;0.023453474;-0.247791052;1406088363
-2.976716;342.375;7537;-17313;0.966691;0.02753234;-0.23453474;1406110964
-2.952589;342.375;7543;-17313;0.9646516;0.02753234;-0.22229814;1406135091
-2.931057;342.375;7543;-17313;0.96771068;0.030591488;-0.21719956;1406156623
-2.863670;342.375;7543;-17313;0.9585333;0.03263092;-0.26206708;1406224010
-2.840882;342.4375;7543;-17313;0.9605727;0.029571772;-0.24677134;1406246798
-2.813797;342.4375;7543;-17313;0.9646516;0.02753234;-0.23453474;1406273883
-2.769468;342.375;7543;-17313;0.9656713;0.023453474;-0.2253573;1406318212
-2.743799;342.3125;7543;-17319;0.96363184;0.020394326;-0.247791052;1406343881
-2.721194;342.25;7537;-17325;0.95547416;0.030591488;-0.27328396;1406366486
-2.693703;342.25;7537;-17332;0.9585333;0.03263092;-0.2763431;1406393977
-2.672129;342.1875;7543;-17332;0.96363184;0.03263092;-0.232495316;1406415551
-2.643691;342.1875;7543;-17332;0.9656713;0.029571772;-0.22433758;1406443989
-2.603198;342.1875;7543;-17338;0.96363184;0.009177446;-0.23351502;1406484482
-2.578779;342.25;7543;-17338;0.95649384;0.020394326;-0.27430368;1406508901
-2.553333;342.3125;7543;-17325;0.9585333;0.030591488;-0.26716566;1406534347
-2.532048;342.375;7550;-17325;0.9656713;0.031611204;-0.23453474;1406555632
-2.504356;342.4375;7550;-17319;0.9646516;0.022433758;-0.21617985;1406583324
-2.482868;342.4375;7550;-17313;0.96363184;0.020394326;-0.22331786;1406604812
-2.458610;342.5;7550;;523;297;4285;1406629070
-2.433325;342.5;7550;-17313;0.959553;0.020394326;-0.25288964;1406654355
-2.409971;342.5;7550;-17307;0.9605727;0.033650636;-0.247791052;1406677709
-2.383550;342.5;7550;-17300;0.9605727;0.034670352;-0.24065304;1406704130
-2.361822;342.5;7550;-17300;0.9646516;0.0387492184;-0.22229814;1406725858
-2.339987;342.5;7556;-17300;0.96363184;0.031611204;-0.219239;1406747693
-2.313723;342.5;7556;-17300;0.96261216;0.015295744;-0.22433758;1406773957
-2.287554;342.4375;7556;-17307;0.9656713;0.021414042;-0.23351502;1406800126
-2.265118;342.4375;7550;-17307;0.9605727;0.0377295;-0.25390936;1406822562
-2.240279;342.375;7550;-17313;0.95649384;0.036709784;-0.26002764;1406847401
-2.182940;342.25;7550;-17319;0.9656713;0.022433758;-0.22331786;1406904740
-2.159979;342.25;7550;-17325;0.9605727;0.012236595;-0.23045588;1406927701
-2.132872;342.1875;7543;-17338;0.9605727;0.014276028;-0.24065304;1406954808
-2.110789;342.125;7543;-17338;0.959553;0.03263092;-0.25900792;1406976891
-2.083645;342.125;7537;-17338;0.9575136;0.029571772;-0.2641065;1407004035
-2.061885;342.0625;7537;-17344;0.961592464;0.025492906;-0.25900792;1407025795
-2.033567;342.0625;7537;-17338;0.959553;0.022433758;-0.247791052;1407054113
-2.010395;342.125;7543;-17338;0.96363184;0.01631546;-0.23045588;1407077285
-1.967012;342.1875;7543;-17338;0.96363184;0.020394326;-0.24167276;1407120668
-1.939490;342.1875;7543;-17338;0.9605727;0.033650636;-0.25288964;1407148190
-1.910349;342.1875;7543;-17332;0.961592464;0.033650636;-0.2447319;1407177331
-1.881000;342.25;7543;-17332;0.9656713;0.02447319;-0.23351502;1407206680
-1.853772;342.25;7550;-17325;0.9646516;0.025492906;-0.22331786;1407233908
-1.827741;342.25;7550;-17325;0.96363184;0.022433758;-0.23351502;1407259939
-1.803440;342.25;7550;-17332;0.959553;0.028552056;-0.24371218;1407284240
-1.781786;342.25;7550;-17332;0.959553;0.0377295;-0.2508502;1407305894
-1.742912;342.25;7550;-17332;0.966691;0.029571772;-0.2386136;1407344768
-1.713751;342.1875;7550;-17332;0.96261216;0.0193746092;-0.22739672;1407373929
-1.692082;342.125;7550;-17344;0.96363184;0.0050985812;-0.23045588;1407395598
-1.669998;342.125;7550;-17344;0.96363184;0.018354892;-0.24065304;1407417682
-1.643703;342.125;7543;-17344;0.96261216;0.03263092;-0.25390936;1407443977
-1.593769;342.0625;7543;-17344;0.96261216;0.04078865;-0.2447319;1407493911
-1.572025;342.0625;7543;-17344;0.9585333;0.02447319;-0.23657418;1407515655
-1.543057;342.0;7543;-17350;0.96261216;0.0050985812;-0.23351502;1407544623
-1.503605;342.0;7543;-17357;0.9575136;0.015295744;-0.26104736;1407584075
-1.480269;342.0;7543;-17350;0.96261216;0.0377295;-0.2447319;1407607411
-1.453577;342.0;7543;-17344;0.961592464;0.0387492184;-0.247791052;1407634103
-1.432032;342.0;7543;-17344;0.9605727;0.0387492184;-0.2447319;1407655648
-1.403568;342.0;7543;-17344;0.96363184;0.031611204;-0.24371218;1407684112
-1.381999;342.0;7543;-17350;0.9605727;0.010197163;-0.2447319;1407705681
-1.339012;342.0;7543;-17350;0.96363184;0.029571772;-0.24677134;1407748668
-1.313142;342.0625;7543;-17350;0.96363184;0.030591488;-0.23555446;1407774538
-1.289639;342.0625;7543;-.7149999;0.196;0.147;1;1407798041
-1.263341;342.0625;7543;-17344;0.96771068;0.031611204;-0.2386136;1407824339
-1.242053;342.0625;7543;-17350;0.9605727;0.010197163;-0.232495316;1407845627
-1.213785;342.0625;7550;-17357;0.9605727;0.014276028;-0.247791052;1407873895
-1.191521;342.0625;7550;-17357;0.96363184;0.023453474;-0.2314756;1407896159
-1.166525;342.0625;7550;-17350;0.9646516;0.031611204;-0.2314756;1407921155
-1.143178;342.0625;7550;-17350;0.96261216;0.030591488;-0.2447319;1407944502
-1.083291;342.0;7550;-17357;0.961592464;0.022433758;-0.24575162;1408004389
-1.060947;342.0;7550;-17357;0.959553;0.014276028;-0.24167276;1408026733
-1.029515;342.0;7550;-17350;0.96363184;0.031611204;-0.242692468;1408058165
-1.003501;342.0;7550;-17350;0.96261216;0.028552056;-0.247791052;1408084179
-0.980319;342.0;7550;-17350;0.961592464;0.034670352;-0.2508502;1408107361
-0.953488;342.0;7550;-17350;0.959553;0.03263092;-0.24983048;1408134192
-0.931465;342.0;7550;-17350;0.96363184;0.018354892;-0.23555446;1408156215
-0.889530;342.0;7550;-17350;0.96261216;0.021414042;-0.24371218;1408198150
-0.862949;342.0;7550;-17350;0.961592464;0.0387492184;-0.2569685;1408224731
-0.832299;342.0625;7550;-17344;0.96261216;0.031611204;-0.248810768;1408255381
-0.793681;342.0625;7550;-17344;0.9646516;0.030591488;-0.22943616;1408293999
-0.769879;342.0625;7550;-17344;0.9605727;0.017335176;-0.23351502;1408317801
-0.743646;342.0625;7550;-17344;0.961592464;0.01631546;-0.2508502;1408344034
-0.693476;342.0625;7550;-17344;0.96363184;0.02753234;-0.24167276;1408394204
-0.670624;342.0625;7550;-17344;0.9646516;0.028552056;-0.22433758;1408417056
-0.644711;342.125;7550;-17344;0.9656713;0.025492906;-0.226377008;1408442969
-0.600335;342.125;7550;-17344;0.959553;0.022433758;-0.247791052;1408487345
-0.576347;342.0625;7550;-17344;0.9605727;0.020394326;-0.2447319;1408511333
-0.552597;342.0625;7543;-17344;0.9646516;0.028552056;-0.24065304;1408535083
-0.529827;342.0;7543;-17344;0.96261216;0.025492906;-0.232495316;1408557853
-0.500461;342.0;7543;-17344;0.9605727;0.031611204;-0.247791052;1408587219
-0.452838;341.9375;7543;-17344;0.959553;0.028552056;-0.2508502;1408634842
-0.430646;341.9375;7543;-17344;0.96261216;0.02753234;-0.2447319;1408657034
-0.399898;341.9375;7543;-17344;0.96363184;0.029571772;-0.24167276;1408687782
-0.378156;341.9375;7543;-17344;0.96363184;0.031611204;-0.242692468;1408709524
-0.352974;342.0;7543;-17338;0.959553;0.025492906;-0.247791052;1408734706
-0.329462;342.0;7543;-17338;0.9605727;0.02753234;-0.25288964;1408758218
-0.300628;342.0;7543;-17338;0.96363184;0.026512622;-0.242692468;1408787052
-0.277308;342.0;7543;-17338;0.9167249;0.0387492184;-0.23351502;1408810372
-0.253249;342.0;7550;-17338;0.96771068;0.030591488;-0.2508502;1408834431
-0.229943;341.9375;7550;-17344;0.9656713;0.0030591488;-0.22331786;1408857737
-0.203680;341.9375;7550;-17344;0.97586848;0.020394326;-0.2253573;1408884000
-0.181698;341.875;7550;-17344;0.96771068;0.03263092;-0.24371218;1408905982
-0.100532;341.875;7550;-17338;0.9575136;0.04078865;-0.23351502;1408987148
-0.077884;341.875;7550;-17332;0.9717896;0.02447319;-0.2253573;1409009796
-0.032919;341.9375;7550;-17332;1.0554063;0.02753234;-0.26512624;1409054761
-0.001726;342.5625;7556;-17319;1.1614568;0.0020394326;-0.301836;1409085954
0.019921;342.625;7568;-17344;1.7049656;-0.08667588;-0.44969488;1409107601
0.046634;343.125;7568;-17325;2.576823;-0.06322241;-0.5832777;1409134314
0.070327;344.375;7562;-17263;4.030938;-0.14887858;-1.1023133;1409158007
0.099055;347.5;7537;-17157;4.030938;-0.10197163;-1.84976532;1409186735
0.121663;349.6875;7531;-17050;4.030938;-0.06322241;-1.624408;1409209343
0.146574;353.25;7556;-16957;4.030938;0.020394326;-1.73249784;1409234254
0.170469;355.9375;7575;-16838;4.030938;-0.058123828;-1.239975;1409258149
0.216953;3.5625;7575;-16719;4.030938;-0.01631546;-1.1634962;1409304633
0.246025;9.25;7593;-16650;3.5251592;0.32834864;-1.1451414;1409333705
0.269187;16.0;7643;-16669;4.030938;0.13358283;-1.0472486;1409356867
0.297906;24.8125;7700;-16757;4.030938;0.24677134;-1.0503078;1409385586
0.320017;31.625;7725;-16882;4.030938;0.10197163;-0.7647872;1409407697
0.346301;39.25;7743;-16950;4.030938;-0.011216879;-0.754590036;1409433981
0.378993;54.5;7743;-17019;4.030938;-0.21617985;-0.6454804;1409466673
0.406294;61.0625;7718;-16963;4.030938;-0.27226424;-0.59959316;1409493974
0.428666;68.25;7650;-16813;4.027879;-0.32834864;-0.5333116;1409516346
0.459021;71.625;7531;-16638;4.006465;-0.28756;-0.51087784;1409546701
0.482789;71.5625;7431;-16563;3.9921892;-0.354861236;-0.40482736;1409570469
0.528076;61.625;7075;-16725;3.9044936;-0.23555446;-0.12848425;1409615756
0.556039;53.9375;6906;-16963;3.8555472;-0.18966722;-0.12338567;1409643719
0.581456;40.125;6643;-17457;3.838212;0.04894638;-0.01631546;1409669136
0.630048;19.375;6268;17737;3.7607136;0.2314756;0.1193068;1409717728
0.663768;13.5625;6062;17518;3.654663;0.301836;0.18354892;1409751448
0.695340;14.1875;5856;17575;3.66588;0.23963332;0.3762753;1409783020
0.718322;20.9375;5662;17881;3.65772232;0.06016326;0.58123828;1409806002
0.746395;27.5625;5537;-17819;3.6454856;-0.080557584;0.6536381;1409834075
0.770622;35.0;5337;-17482;3.66791936;-0.18660808;0.6883085;1409858302
0.796374;36.1875;5193;-17413;3.62917032;-0.2641065;0.84330536;1409884054
0.818215;30.5;4943;-17594;3.61591384;-0.15805602;0.8473842;1409905895
0.846486;22.3125;4768;-17869;3.644466;-0.004078865;0.9146855;1409934166
0.889982;11.25;4337;17381;3.6169336;0.28654028;0.9289615;1409977662
0.916731;9.125;4106;17293;3.623052;0.2641065;1.0044205;1410004411
0.937893;8.75;3962;17387;3.5710464;0.108089916;1.0900767;1410025573
0.959935;8.5625;3818;17512;3.54555336;0.0438478;1.1777723;1410047615
0.982073;8.0625;3681;17606;3.62917032;-0.05200553;1.1889892;1410069753
1.006744;5.8125;3462;17556;3.6414068;-0.062202692;1.2155018;1410094424
1.028626;3.3125;3325;17375;3.7076884;-0.04894638;1.3133946;1410116306
1.060115;358.625;3118;16918;3.6842348;0.085656168;1.268527;1410147795
1.083242;355.5625;2993;16612;3.6250912;0.18966722;1.2736256;1410170922
1.106834;351.6875;2812;16237;3.6179532;0.18048978;1.4541154;1410194514
1.127980;349.375;2706;16025;3.623052;0.23963332;1.4061887;1410215660
1.149840;347.5625;2606;15900;3.64650532;0.3201909;1.4214845;1410237520
1.216716;344.625;2312;16000;3.6169336;-0.08259702;1.6111517;1410304396
1.238045;342.4375;2193;15887;3.59449968;-0.14581942;1.6570389;1410325725
1.266544;339.9375;2125;15643;3.6312096;-0.09279418;1.6356249;1410354224
1.296409;335.0;2068;15025;3.6057168;0.10299134;1.6264474;1410384089
1.318015;330.0625;2043;14387;3.6628208;0.40482736;1.6845713;1410405695
1.345553;327.3125;2037;14100;3.5741056;0.4711089;1.5601659;1410433233
1.370426;325.0625;1975;14056;3.6352884;0.15397716;1.9435792;1410458106
1.396629;323.25;1931;14156;3.6974912;-0.06526184;2.1342662;1410484309
1.418354;321.0;1931;14018;3.60061832;-0.21414042;2.1250888;1410506034
1.446589;192.5625;1968;13656;3.60163768;-0.13970113;2.1067338;1410534269
1.470524;182.6875;2106;12781;3.5710464;0.25492908;2.0802212;1410558204
1.499602;174.875;2293;11893;3.644466;0.39666964;2.0904184;1410587282
1.556854;170.1875;2506;11487;3.654663;0.26104736;2.2688688;1410644534
1.596623;169.25;2587;11506;3.640387;-0.12644482;2.2025872;1410684303
1.617979;166.9375;2725;11237;3.6383476;-0.105030776;2.1964688;1410705659
1.646252;164.625;2850;10912;3.6454856;-0.25492908;2.2658096;1410733932
1.668133;160.25;3093;10168;3.6760772;-0.0438478;2.1903506;1410755813
1.696476;157.5;3262;9675;3.6128548;0.09585333;2.2953812;1410784156
1.719178;154.1875;3493;9025;3.60775632;0.21617985;2.282125;1410806858
1.746468;152.9375;3625;8743;3.5812436;0.1815095;2.310677;1410834148
1.768088;151.6875;3787;8493;3.5812436;0.20904184;2.1230492;1410855768
1.796790;150.875;3918;8337;3.5608492;-0.021414042;2.124069;1410884470
1.817776;150.5625;4012;8225;3.59348;-0.25492908;1.92726368;1410905456
1.840578;149.8125;4131;7987;3.503745;-0.232495316;1.9384806;1410928258
1.867377;148.5625;4312;7562;3.5608492;-0.24371218;1.86404132;1410955057
1.890325;147.5625;4437;7256;3.496607;-0.1815095;1.8487456;1410978005
1.939358;145.5;4737;6443;3.479272;-0.12032652;1.90381032;1411027038
1.996781;144.6875;4987;5787;3.41197068;-0.21108126;1.6488812;1411084461
2.018694;144.0;5075;5481;3.4170692;-0.3324275;1.4255633;1411106374
2.067486;141.0;5312;4143;3.3752608;-0.036709784;1.1482005;1411155166
2.097887;139.625;5393;3406;3.2936836;-0.049966096;0.950375536;1411185567
2.121325;139.0625;5418;3031;3.295723;-0.18456864;0.801497;1411209005
2.146647;138.5;5425;2518;3.27023;-0.221278432;0.66893384;1411234327
2.173891;138.1875;5418;2193;3.1315486;-0.108089916;0.42930056;1411261571
2.197372;138.0;5375;1800;3.0856614;-0.237593884;0.33446692;1411285052
2.219780;137.8125;5343;1556;3.0469122;-0.34772324;0.1815095;1411307460
2.246550;137.5625;5312;1243;3.0377348;-0.32732892;0.0;1411334230
2.270305;136.4375;5268;468;2.9734926;-0.40584708;-0.23555446;1411357985
2.296392;135.0625;5237;-338;2.8796788;-0.4445963;-0.3885119;1411384072
2.340246;128.8125;4968;-3725;2.7613916;-0.842285632;-0.464990632;1411427926
2.372272;122.25;4500;-6607;2.8195154;-0.808635;-0.39361048;1411459952
2.397044;110.9375;3750;-9950;3.1029966;-0.8667588;-0.18660808;1411484724
2.419965;97.6875;3181;-12263;2.9367828;-0.5006807;0.11828709;1411507645
2.446482;337.5625;2712;-14494;3.0560896;-0.29061914;0.2569685;1411534162
2.470314;323.125;2362;-17238;2.871521;0.39157104;0.8647194;1411557994
2.496938;312.5;2350;16750;1.9150272;-0.061182976;0.98810504;1411584618
2.520187;306.375;2481;15656;0.46703004;0.02447319;0.5088384;1411607867
2.546627;197.5;2756;14143;0.36097956;-0.48130608;1.0992541;1411634307
2.570004;183.625;3050;12862;-0.44357656;-0.84840392;0.19272638;1411657684
2.597007;165.75;3756;10093;-0.6842296;-1.1441216;0.16825318;1411684687
2.619229;155.8125;4368;7562;-0.774984368;-1.0594852;0.486404668;1411706909
2.646567;146.9375;4950;4381;-0.730116836;-1.0554063;0.8412659;1411734247
2.670069;134.625;5250;-1400;-0.7341957;-0.17641092;0.929981264;1411757749
2.696445;126.9375;4937;-4869;-0.722978836;0.41808368;1.0248148;1411784125
2.718266;117.4375;4225;-8363;-0.7138014;0.387492184;0.9575136;1411805946
2.746433;112.0625;3775;-9869;-0.7290971;0.32223034;0.87491656;1411834113
2.797215;90.875;2750;-13300;-0.77396468;-0.64242124;0.57512;1411884895
2.819930;333.1875;2456;-14744;-0.8076153;-0.61692832;0.421142816;1411907610
2.846647;319.625;2168;-17400;-0.774984368;-0.70564368;0.445616;1411934327
2.868240;309.75;2162;16543;-0.7668266;-0.7036042;0.5404496;1411955920
2.929277;156.25;3300;9568;-0.6515987;-0.10707021;0.9075475;1412016957
2.960273;146.4375;4062;6175;-0.6087706;0.2314756;0.9534347;1412047953
2.983417;142.75;4418;4162;-0.65465784;0.13460254;0.8351476;1412071097
3.016223;139.0;4687;1362;-0.6322241;-0.13664198;0.7321563;1412103903
3.039022;135.375;4656;-1594;-0.664855;-0.54248908;0.6893282;1412126702
3.066680;132.1875;4443;-3819;-0.6281452;-0.419103384;0.73113656;1412154360
3.091113;125.9375;3843;-7182;-0.6597564;-0.3946302;0.6026523;1412178793
3.138979;106.9375;2581;-12357;-0.582258;-0.11522794;0.74235348;1412226659
3.170146;333.25;2043;-15057;-0.596534;0.050985812;0.6148889;1412257826
3.196570;325.9375;1850;-16594;-0.5710411;0.0;0.61081004;1412284250
3.218452;316.0625;1781;17262;-0.5720608;-0.387492184;0.5904157;1412306132
3.246179;309.0625;1862;15731;-0.5955143;-0.42318224;0.55574536;1412333859
3.271881;174.0;2218;13175;-0.6006129;-0.48742436;0.44765544;1412359561
3.296936;157.875;2825;10318;-0.57919884;-0.44051744;0.4823258;1412384616
3.319115;151.1875;3306;8250;-0.53535104;-0.35995984;0.6342635;1412406795
3.346451;146.125;3781;6037;-0.52311444;-0.29163884;0.6770916;1412434131
3.368017;140.25;4287;2512;-0.521075;-0.09483361;0.69340708;1412455697
3.396677;137.1875;4412;181;-0.4955821;0.08973503;0.69340708;1412484357
3.417996;133.625;4268;-2813;-0.50577924;0.12848425;0.6128495;1412505676
3.446787;130.9375;3906;-5144;-0.496601832;0.07851815;0.62406636;1412534467
3.481722;128.25;3437;-7125;-0.4772272;-0.13256312;0.60571148;1412569402
3.529506;120.875;2487;-10594;-0.51087784;-0.32834864;0.4639709;1412617186
3.576038;335.6875;1731;-13788;-0.486404668;-0.32121062;0.44051744;1412663718
3.600065;325.0625;1356;-16357;-0.47212864;-0.30897404;0.49150324;1412687745
3.622582;318.3125;1262;17862;-0.46091176;-0.21821928;0.506799;1412710262
3.647176;308.25;1368;15212;-0.453773736;-0.193746092;0.50373984;1412734856
3.670771;165.3125;1593;13500;-0.42828084;-0.10095191;0.5404496;1412758451
3.696706;156.625;1912;11843;-0.43643856;-0.15295744;0.5659425;1412784386
3.720596;149.1875;2493;9362;-0.39666964;-0.16417432;0.61794808;1412808276
3.747024;144.625;3100;6800;-0.39666964;-0.14174056;0.6526184;1412834704
3.770390;142.3125;3456;5037;-0.3946302;-0.09279418;0.61692832;1412858070
3.796652;140.4375;3725;3237;-0.409925936;-0.08463645;0.54860732;1412884332
3.817891;138.0;3925;481;-0.38137388;-0.13664198;0.58123828;1412905571
3.855631;135.875;3843;-2175;-0.363019;0.044867516;0.62508608;1412943311
3.877088;134.125;3556;-4469;-0.3885119;-0.02447319;0.56798196;1412964768
3.910104;132.375;3125;-6525;-0.38035416;-0.11522794;0.5088384;1412997784
3.932022;131.0;2800;-7800;-0.37933444;-0.14276028;0.4945624;1413019702
3.958245;128.4375;2287;-9669;-0.3762753;-0.13970113;0.4068668;1413045925
3.979750;126.1875;1937;-10919;-0.3946302;-0.2070024;0.3456838;1413067430
4.006743;122.9375;1606;-12219;-0.4140048;-0.20394326;0.26206708;1413094423
4.028326;332.0;1168;-14263;-0.408906216;-0.25594878;0.22229814;1413116006
4.059855;324.25;881;-16382;-0.40482736;-0.31815148;0.17335176;1413147535
4.082363;319.3125;793;-17838;-0.3895316;-0.33446692;0.20190382;1413170043
4.116810;311.875;850;15887;-0.37321616;-0.31611204;0.248810768;1413204490
4.138348;155.5625;1131;13537;-0.37219644;-0.30489516;0.29877686;1413226028
4.167087;148.125;1593;11125;-0.37423588;-0.34058524;0.30387544;1413254767
4.189851;145.375;1968;9475;-0.353841536;-0.1753912;0.46906948;1413277531
4.216743;143.3125;2350;7806;-0.32325006;-0.02753234;0.5220947;1413304423
4.237865;141.5;2843;5387;-0.3314078;-0.04078865;0.48742436;1413325545
4.267254;140.5;3181;3056;-0.32223034;-0.053025244;0.46091176;1413354934
4.300655;139.875;3318;793;-0.3507824;-0.172332052;0.40380764;1413388335
4.329125;139.4375;3262;-1450;-0.3252895;-0.1631546;0.399728768;1413416805
4.359381;139.0625;3012;-3650;-0.342624668;-0.182529216;0.343644384;1413447061
4.385217;138.875;2756;-5069;-0.34670352;-0.193746092;0.29673744;1413472897
4.416446;138.5;2281;-7100;-0.34772324;-0.14581942;0.2702248;1413504126
4.439397;138.0625;1756;-9044;-0.33752608;-0.20598268;0.26716566;1413527077
4.466800;137.75;1400;-10325;-0.34058524;-0.18354892;0.24983048;1413554480
4.489178;137.0625;906;-12238;-0.33446692;-0.2070024;0.25288964;1413576858
4.516256;136.3125;625;-13525;-0.3314078;-0.22025872;0.2630868;1413603936
4.537800;327.9375;300;-15500;-0.33650636;-0.25594878;0.2131207;1413625480
4.560545;324.1875;168;-16863;-0.3263092;-0.31203318;0.26716566;1413648225
4.606912;314.8125;218;15518;-0.3079543;-0.28959942;0.26716566;1413694592
4.629195;310.8125;393;14050;-0.3201909;-0.22433758;0.24371218;1413716875
4.655113;142.1875;637;12587;-0.30489516;-0.242692468;0.27226424;1413742793
4.679569;141.5625;1106;10400;-0.29673744;-0.17029262;0.2824614;1413767249
4.702897;141.375;1443;8962;-0.3008163;-0.17947006;0.30999374;1413790577
4.725340;141.3125;1781;7531;-0.2814417;-0.15499687;0.33038808;1413813020
4.750584;141.375;2225;5362;-0.26614594;-0.17947006;0.40584708;1413838264
4.772582;141.4375;2462;3881;-0.27940226;-0.12950396;0.41808368;1413860262
4.797919;141.6875;2681;1650;-0.26614594;-0.0876956;0.4333794;1413885599
4.820257;141.9375;2712;187;-0.26512624;-0.11114907;0.438478;1413907937
4.846743;142.25;2668;-1225;-0.2569685;-0.06016326;0.4323597;1413934423
4.867804;142.875;2450;-3207;-0.27328396;0.0;0.409925936;1413955484
4.889009;143.4375;2243;-4394;-0.27124452;-0.0010197163;0.365058432;1413976689
4.921876;144.4375;1868;-6019;-0.2814417;-0.06016326;0.33446692;1414009556
4.946959;145.6875;1443;-7513;-0.27328396;-0.06730127;0.2763431;1414034639
4.973704;146.75;1143;;38690;2560;4269;1414061384
4.999692;148.6875;693;-9925;-0.29571772;-0.15397716;0.16519404;1414087372
5.021579;150.4375;400;-10913;-0.30999374;-0.16417432;0.09789276;1414109259
5.047041;152.75;118;-11938;-0.31101346;-0.25900792;0.06832099;1414134721
5.068880;331.0;-257;-13594;-0.31815148;-0.26512624;0.0774984368;1414156560
5.099696;326.9375;-557;-15419;-0.29367828;-0.28654028;0.1254251;1414187376
5.121001;324.375;-688;-16732;-0.28450084;-0.3140726;0.15907574;1414208681
5.146872;321.875;-750;17875;-0.27736282;-0.3140726;0.1692729;1414234552
5.173013;318.0625;-682;15668;-0.2692051;-0.31815148;0.19272638;1414260693
5.200637;122.5625;-407;13368;-0.25594878;-0.242692468;0.26002764;1414288317
5.221858;127.625;-138;11831;-0.23555446;-0.16621375;0.31611204;1414309538
5.247095;132.25;337;9581;-0.23555446;-0.14276028;0.3314078;1414334775
5.271770;134.375;668;8137;-0.221278432;-0.116247656;0.3895316;1414359450
5.296812;136.125;987;6737;-0.22841644;-0.064242124;0.3956499;1414384492
5.318585;138.3125;1381;4706;-0.21210098;-0.069340708;0.431339968;1414406265
5.370340;141.75;1737;1500;-0.2070024;-0.018354892;0.4507146;1414458020
5.399550;143.6875;1750;-294;-0.21617985;0.00815773;0.43541884;1414487230
5.423788;145.0625;1681;-1413;-0.20802212;-0.01631546;0.44969488;1414511468
5.447452;147.1875;1487;-2982;-0.21210098;0.0438478;0.4078865;1414535132
5.472208;148.75;1306;-3944;-0.21617985;-0.03263092;0.397689336;1414559888
5.501720;151.1875;975;-5307;-0.22025872;-0.036709784;0.34058524;1414589400
5.526339;153.0;731;-6169;-0.22331786;-0.054044963;0.3252895;1414614019
5.569808;158.375;68;-8269;-0.22943616;-0.08973503;0.26512624;1414657488
5.596796;161.0625;-194;-9119;-0.24167276;-0.12644482;0.23351502;1414684476
5.620184;166.1875;-607;-10438;-0.24677134;-0.14174056;0.20190382;1414707864
5.647000;170.75;-869;-11363;-0.24371218;-0.13562226;0.177430632;1414734680
5.680433;185.0625;-1350;-13350;-0.25186992;-0.18558836;0.12338567;1414768113
5.706977;327.0625;-1544;-14419;-0.26002764;-0.150918;0.09585333;1414794657
5.729971;325.1875;-1763;-16119;-0.25900792;-0.2569685;0.07443929;1414817651
5.763606;323.5;-1863;-17969;-0.24371218;-0.221278432;0.096873048;1414851286
5.797001;321.9375;-1819;16093;-0.23963332;-0.2386136;0.12746454;1414884681
5.821065;320.4375;-1632;14081;-0.22433758;-0.26818538;0.17641092;1414908745
5.847100;104.0625;-1425;12706;-0.215160132;-0.26104736;0.23963332;1414934780
5.869056;116.5625;-1013;10587;-0.20190382;-0.232495316;0.29673744;1414956736
5.890935;122.1875;-700;9150;-0.19782496;-0.193746092;0.3130529;1414978615
5.987582;138.8125;500;2418;-0.171312332;0.030591488;0.4201231;1415075262
6.009518;141.25;568;1287;-0.17437148;0.16621375;0.38647246;1415097198
6.030990;143.4375;581;312;-0.16213488;0.193746092;0.3946302;1415118670
6.057012;145.4375;543;-469;-0.16723346;0.11522794;0.4333794;1415144692
6.081091;148.1875;431;-1394;-0.187627792;0.05710411;0.3569007;1415168771
6.110798;150.75;275;-2138;-0.20394326;0.069340708;0.27226424;1415198478
6.133562;152.4375;143;-2588;-0.1947658;0.010197163;0.23963332;1415221242
6.158376;155.0625;-57;-3294;-0.21108126;-0.12746454;0.23657418;1415246056
6.181021;157.0625;-225;-3838;-0.2314756;-0.13562226;0.19578552;1415268701
6.207218;159.3125;-400;-4463;-0.2131207;-0.15193772;0.182529216;1415294898
6.228872;163.125;-713;-5494;-0.22739672;-0.15499687;0.12338567;1415316552
6.251253;166.1875;-944;-6244;-0.24371218;-0.17845034;0.09483361;1415338933
6.280654;171.6875;-1332;-7494;-0.2386136;-0.221278432;0.11420822;1415368334
6.307919;179.0625;-1757;-8900;-0.2447319;-0.22331786;0.099932192;1415395599
6.332715;185.5625;-2050;-9932;-0.242692468;-0.22025872;0.10910964;1415420395
6.360426;199.1875;-2488;-11638;-0.248810768;-0.23351502;0.12950396;1415448106
6.382847;212.6875;-2757;-12894;-0.23555446;-0.23045588;0.12644482;1415470527
6.407345;325.5625;-3094;;31858;2323;4265;1415495025
