solid Mesh
  facet normal 0 0 1
    outer loop
      vertex -2.61743 14.2618 185
      vertex -2 14.3614 185
      vertex -4 16.0078 185
    endloop
  endfacet
  facet normal 0 0 1
    outer loop
      vertex -1.61238 18.4296 185
      vertex -2 14.3614 185
      vertex -0.806959 18.4824 185
    endloop
  endfacet
  facet normal 0 0 1
    outer loop
      vertex -2 14.3614 185
      vertex -2.60209e-15 18.5 185
      vertex -0.806959 18.4824 185
    endloop
  endfacet
  facet normal 0 0 1
    outer loop
      vertex -4 18.0624 185
      vertex -4 16.0078 185
      vertex -3.21249 18.2189 185
    endloop
  endfacet
  facet normal 0 0 1
    outer loop
      vertex -4 16.0078 185
      vertex -2 14.3614 185
      vertex -3.21249 18.2189 185
    endloop
  endfacet
  facet normal 0 0 1
    outer loop
      vertex -3.21249 18.2189 185
      vertex -2 14.3614 185
      vertex -2.41473 18.3417 185
    endloop
  endfacet
  facet normal 0 0 1
    outer loop
      vertex -2 14.3614 185
      vertex -1.61238 18.4296 185
      vertex -2.41473 18.3417 185
    endloop
  endfacet
  facet normal 0 0 1
    outer loop
      vertex -16.0078 4 185
      vertex -18.0624 4 185
      vertex -14.3614 2 185
    endloop
  endfacet
  facet normal 0 0 1
    outer loop
      vertex -18.0624 4 185
      vertex -18.2189 3.21249 185
      vertex -14.3614 2 185
    endloop
  endfacet
  facet normal 0 0 1
    outer loop
      vertex -14.3614 2 185
      vertex -18.2189 3.21249 185
      vertex -18.3417 2.41473 185
    endloop
  endfacet
  facet normal 0 0 1
    outer loop
      vertex -18.3417 2.41473 185
      vertex -18.4296 1.61238 185
      vertex -14.3614 2 185
    endloop
  endfacet
  facet normal 0 0 1
    outer loop
      vertex -18.4296 1.61238 185
      vertex -18.4824 0.806959 185
      vertex -14.3614 2 185
    endloop
  endfacet
  facet normal 0 0 1
    outer loop
      vertex -14.3614 2 185
      vertex -18.4824 0.806959 185
      vertex -18.5 -3.03577e-15 185
    endloop
  endfacet
  facet normal 0 0 1
    outer loop
      vertex -14.3614 2 185
      vertex -14.2618 2.61743 185
      vertex -16.0078 4 185
    endloop
  endfacet
  facet normal 0 0 1
    outer loop
      vertex -14.2618 2.61743 185
      vertex -14.1357 3.22999 185
      vertex -16.0078 4 185
    endloop
  endfacet
  facet normal 0 0 1
    outer loop
      vertex -16.0078 4 185
      vertex -14.1357 3.22999 185
      vertex -15.8199 4.68827 185
    endloop
  endfacet
  facet normal 0 0 1
    outer loop
      vertex -14.1357 3.22999 185
      vertex -13.9832 3.83654 185
      vertex -15.8199 4.68827 185
    endloop
  endfacet
  facet normal 0 0 1
    outer loop
      vertex -15.8199 4.68827 185
      vertex -13.9832 3.83654 185
      vertex -15.6025 5.36777 185
    endloop
  endfacet
  facet normal 0 0 1
    outer loop
      vertex -13.9832 3.83654 185
      vertex -13.8048 4.43595 185
      vertex -15.6025 5.36777 185
    endloop
  endfacet
  facet normal 0 0 1
    outer loop
      vertex -15.6025 5.36777 185
      vertex -13.8048 4.43595 185
      vertex -15.3558 6.03723 185
    endloop
  endfacet
  facet normal 0 0 1
    outer loop
      vertex -13.8048 4.43595 185
      vertex -13.6007 5.02711 185
      vertex -15.3558 6.03723 185
    endloop
  endfacet
  facet normal 0 0 1
    outer loop
      vertex -15.3558 6.03723 185
      vertex -13.6007 5.02711 185
      vertex -15.0805 6.69541 185
    endloop
  endfacet
  facet normal 0 0 1
    outer loop
      vertex -13.6007 5.02711 185
      vertex -13.3712 5.60892 185
      vertex -15.0805 6.69541 185
    endloop
  endfacet
  facet normal 0 0 1
    outer loop
      vertex -15.0805 6.69541 185
      vertex -13.3712 5.60892 185
      vertex -14.777 7.34107 185
    endloop
  endfacet
  facet normal 0 0 1
    outer loop
      vertex -13.3712 5.60892 185
      vertex -13.1169 6.18029 185
      vertex -14.777 7.34107 185
    endloop
  endfacet
  facet normal 0 0 1
    outer loop
      vertex -14.777 7.34107 185
      vertex -13.1169 6.18029 185
      vertex -14.4458 7.97301 185
    endloop
  endfacet
  facet normal 0 0 1
    outer loop
      vertex -13.1169 6.18029 185
      vertex -12.8382 6.74016 185
      vertex -14.4458 7.97301 185
    endloop
  endfacet
  facet normal 0 0 1
    outer loop
      vertex -14.4458 7.97301 185
      vertex -12.8382 6.74016 185
      vertex -14.0876 8.59003 185
    endloop
  endfacet
  facet normal 0 0 1
    outer loop
      vertex -12.8382 6.74016 185
      vertex -12.5356 7.2875 185
      vertex -14.0876 8.59003 185
    endloop
  endfacet
  facet normal 0 0 1
    outer loop
      vertex -14.0876 8.59003 185
      vertex -12.5356 7.2875 185
      vertex -13.7031 9.191 185
    endloop
  endfacet
  facet normal 0 0 1
    outer loop
      vertex -12.5356 7.2875 185
      vertex -12.2097 7.82128 185
      vertex -13.7031 9.191 185
    endloop
  endfacet
  facet normal 0 0 1
    outer loop
      vertex -13.7031 9.191 185
      vertex -12.2097 7.82128 185
      vertex -13.293 9.77479 185
    endloop
  endfacet
  facet normal 0 0 1
    outer loop
      vertex -12.2097 7.82128 185
      vertex -11.8611 8.34051 185
      vertex -13.293 9.77479 185
    endloop
  endfacet
  facet normal 0 0 1
    outer loop
      vertex -13.293 9.77479 185
      vertex -11.8611 8.34051 185
      vertex -12.858 10.3403 185
    endloop
  endfacet
  facet normal 0 0 1
    outer loop
      vertex -11.8611 8.34051 185
      vertex -11.4904 8.84422 185
      vertex -12.858 10.3403 185
    endloop
  endfacet
  facet normal 0 0 1
    outer loop
      vertex -12.858 10.3403 185
      vertex -11.4904 8.84422 185
      vertex -12.399 10.8865 185
    endloop
  endfacet
  facet normal 0 0 1
    outer loop
      vertex -11.4904 8.84422 185
      vertex -11.0984 9.33148 185
      vertex -12.399 10.8865 185
    endloop
  endfacet
  facet normal 0 0 1
    outer loop
      vertex -12.399 10.8865 185
      vertex -11.0984 9.33148 185
      vertex -11.9168 11.4123 185
    endloop
  endfacet
  facet normal 0 0 1
    outer loop
      vertex -11.0984 9.33148 185
      vertex -10.6856 9.80138 185
      vertex -11.9168 11.4123 185
    endloop
  endfacet
  facet normal 0 0 1
    outer loop
      vertex -11.9168 11.4123 185
      vertex -10.6856 9.80138 185
      vertex -11.4123 11.9168 185
    endloop
  endfacet
  facet normal 0 0 1
    outer loop
      vertex -10.6856 9.80138 185
      vertex -10.253 10.253 185
      vertex -11.4123 11.9168 185
    endloop
  endfacet
  facet normal 0 0 1
    outer loop
      vertex -10.253 10.253 185
      vertex -9.80138 10.6856 185
      vertex -11.4123 11.9168 185
    endloop
  endfacet
  facet normal 0 0 1
    outer loop
      vertex -11.4123 11.9168 185
      vertex -9.80138 10.6856 185
      vertex -10.8865 12.399 185
    endloop
  endfacet
  facet normal 0 0 1
    outer loop
      vertex -9.80138 10.6856 185
      vertex -9.33148 11.0984 185
      vertex -10.8865 12.399 185
    endloop
  endfacet
  facet normal 0 0 1
    outer loop
      vertex -10.8865 12.399 185
      vertex -9.33148 11.0984 185
      vertex -10.3403 12.858 185
    endloop
  endfacet
  facet normal 0 0 1
    outer loop
      vertex -9.33148 11.0984 185
      vertex -8.84422 11.4904 185
      vertex -10.3403 12.858 185
    endloop
  endfacet
  facet normal 0 0 1
    outer loop
      vertex -10.3403 12.858 185
      vertex -8.84422 11.4904 185
      vertex -9.77479 13.293 185
    endloop
  endfacet
  facet normal 0 0 1
    outer loop
      vertex -8.84422 11.4904 185
      vertex -8.34051 11.8611 185
      vertex -9.77479 13.293 185
    endloop
  endfacet
  facet normal 0 0 1
    outer loop
      vertex -9.77479 13.293 185
      vertex -8.34051 11.8611 185
      vertex -9.191 13.7031 185
    endloop
  endfacet
  facet normal 0 0 1
    outer loop
      vertex -8.34051 11.8611 185
      vertex -7.82128 12.2097 185
      vertex -9.191 13.7031 185
    endloop
  endfacet
  facet normal 0 0 1
    outer loop
      vertex -9.191 13.7031 185
      vertex -7.82128 12.2097 185
      vertex -8.59003 14.0876 185
    endloop
  endfacet
  facet normal 0 0 1
    outer loop
      vertex -7.82128 12.2097 185
      vertex -7.2875 12.5356 185
      vertex -8.59003 14.0876 185
    endloop
  endfacet
  facet normal 0 0 1
    outer loop
      vertex -8.59003 14.0876 185
      vertex -7.2875 12.5356 185
      vertex -7.97301 14.4458 185
    endloop
  endfacet
  facet normal 0 0 1
    outer loop
      vertex -7.2875 12.5356 185
      vertex -6.74016 12.8382 185
      vertex -7.97301 14.4458 185
    endloop
  endfacet
  facet normal 0 0 1
    outer loop
      vertex -7.97301 14.4458 185
      vertex -6.74016 12.8382 185
      vertex -7.34107 14.777 185
    endloop
  endfacet
  facet normal 0 0 1
    outer loop
      vertex -6.74016 12.8382 185
      vertex -6.18029 13.1169 185
      vertex -7.34107 14.777 185
    endloop
  endfacet
  facet normal 0 0 1
    outer loop
      vertex -7.34107 14.777 185
      vertex -6.18029 13.1169 185
      vertex -6.69541 15.0805 185
    endloop
  endfacet
  facet normal 0 0 1
    outer loop
      vertex -6.18029 13.1169 185
      vertex -5.60892 13.3712 185
      vertex -6.69541 15.0805 185
    endloop
  endfacet
  facet normal 0 0 1
    outer loop
      vertex -6.69541 15.0805 185
      vertex -5.60892 13.3712 185
      vertex -6.03723 15.3558 185
    endloop
  endfacet
  facet normal 0 0 1
    outer loop
      vertex -5.60892 13.3712 185
      vertex -5.02711 13.6007 185
      vertex -6.03723 15.3558 185
    endloop
  endfacet
  facet normal 0 0 1
    outer loop
      vertex -6.03723 15.3558 185
      vertex -5.02711 13.6007 185
      vertex -5.36777 15.6025 185
    endloop
  endfacet
  facet normal 0 0 1
    outer loop
      vertex -5.02711 13.6007 185
      vertex -4.43595 13.8048 185
      vertex -5.36777 15.6025 185
    endloop
  endfacet
  facet normal 0 0 1
    outer loop
      vertex -5.36777 15.6025 185
      vertex -4.43595 13.8048 185
      vertex -4.68827 15.8199 185
    endloop
  endfacet
  facet normal 0 0 1
    outer loop
      vertex -4.43595 13.8048 185
      vertex -3.83654 13.9832 185
      vertex -4.68827 15.8199 185
    endloop
  endfacet
  facet normal 0 0 1
    outer loop
      vertex -4.68827 15.8199 185
      vertex -3.83654 13.9832 185
      vertex -4 16.0078 185
    endloop
  endfacet
  facet normal 0 0 1
    outer loop
      vertex -3.83654 13.9832 185
      vertex -3.22999 14.1357 185
      vertex -4 16.0078 185
    endloop
  endfacet
  facet normal 0 0 1
    outer loop
      vertex -4 16.0078 185
      vertex -3.22999 14.1357 185
      vertex -2.61743 14.2618 185
    endloop
  endfacet
  facet normal 0 0 -1
    outer loop
      vertex -14.2618 2.61743 160
      vertex -14.3614 2 160
      vertex -16.0078 4 160
    endloop
  endfacet
  facet normal 0 0 -1
    outer loop
      vertex -4 16.0078 160
      vertex -4 18.0624 160
      vertex -2 14.3614 160
    endloop
  endfacet
  facet normal 0 0 -1
    outer loop
      vertex -4 18.0624 160
      vertex -3.21249 18.2189 160
      vertex -2 14.3614 160
    endloop
  endfacet
  facet normal 0 0 -1
    outer loop
      vertex -2 14.3614 160
      vertex -3.21249 18.2189 160
      vertex -2.41473 18.3417 160
    endloop
  endfacet
  facet normal 0 0 -1
    outer loop
      vertex -2.41473 18.3417 160
      vertex -1.61238 18.4296 160
      vertex -2 14.3614 160
    endloop
  endfacet
  facet normal 0 0 -1
    outer loop
      vertex -1.61238 18.4296 160
      vertex -0.806959 18.4824 160
      vertex -2 14.3614 160
    endloop
  endfacet
  facet normal 0 0 -1
    outer loop
      vertex -2 14.3614 160
      vertex -0.806959 18.4824 160
      vertex -4.33681e-15 18.5 160
    endloop
  endfacet
  facet normal 0 0 -1
    outer loop
      vertex -18.4296 1.61238 160
      vertex -14.3614 2 160
      vertex -18.4824 0.806959 160
    endloop
  endfacet
  facet normal 0 0 -1
    outer loop
      vertex -14.3614 2 160
      vertex -18.5 -3.46945e-15 160
      vertex -18.4824 0.806959 160
    endloop
  endfacet
  facet normal 0 0 -1
    outer loop
      vertex -18.0624 4 160
      vertex -16.0078 4 160
      vertex -18.2189 3.21249 160
    endloop
  endfacet
  facet normal 0 0 -1
    outer loop
      vertex -16.0078 4 160
      vertex -14.3614 2 160
      vertex -18.2189 3.21249 160
    endloop
  endfacet
  facet normal 0 0 -1
    outer loop
      vertex -18.2189 3.21249 160
      vertex -14.3614 2 160
      vertex -18.3417 2.41473 160
    endloop
  endfacet
  facet normal 0 0 -1
    outer loop
      vertex -14.3614 2 160
      vertex -18.4296 1.61238 160
      vertex -18.3417 2.41473 160
    endloop
  endfacet
  facet normal 0 0 -1
    outer loop
      vertex -11.4123 11.9168 160
      vertex -10.253 10.253 160
      vertex -11.9168 11.4123 160
    endloop
  endfacet
  facet normal 0 0 -1
    outer loop
      vertex -10.253 10.253 160
      vertex -10.6856 9.80138 160
      vertex -11.9168 11.4123 160
    endloop
  endfacet
  facet normal 0 0 -1
    outer loop
      vertex -11.9168 11.4123 160
      vertex -10.6856 9.80138 160
      vertex -12.399 10.8865 160
    endloop
  endfacet
  facet normal 0 0 -1
    outer loop
      vertex -10.6856 9.80138 160
      vertex -11.0984 9.33148 160
      vertex -12.399 10.8865 160
    endloop
  endfacet
  facet normal 0 0 -1
    outer loop
      vertex -12.399 10.8865 160
      vertex -11.0984 9.33148 160
      vertex -12.858 10.3403 160
    endloop
  endfacet
  facet normal 0 0 -1
    outer loop
      vertex -11.0984 9.33148 160
      vertex -11.4904 8.84422 160
      vertex -12.858 10.3403 160
    endloop
  endfacet
  facet normal 0 0 -1
    outer loop
      vertex -12.858 10.3403 160
      vertex -11.4904 8.84422 160
      vertex -13.293 9.77479 160
    endloop
  endfacet
  facet normal 0 0 -1
    outer loop
      vertex -11.4904 8.84422 160
      vertex -11.8611 8.34051 160
      vertex -13.293 9.77479 160
    endloop
  endfacet
  facet normal 0 0 -1
    outer loop
      vertex -13.293 9.77479 160
      vertex -11.8611 8.34051 160
      vertex -13.7031 9.191 160
    endloop
  endfacet
  facet normal 0 0 -1
    outer loop
      vertex -11.8611 8.34051 160
      vertex -12.2097 7.82128 160
      vertex -13.7031 9.191 160
    endloop
  endfacet
  facet normal 0 0 -1
    outer loop
      vertex -13.7031 9.191 160
      vertex -12.2097 7.82128 160
      vertex -14.0876 8.59003 160
    endloop
  endfacet
  facet normal 0 0 -1
    outer loop
      vertex -12.2097 7.82128 160
      vertex -12.5356 7.2875 160
      vertex -14.0876 8.59003 160
    endloop
  endfacet
  facet normal 0 0 -1
    outer loop
      vertex -14.0876 8.59003 160
      vertex -12.5356 7.2875 160
      vertex -14.4458 7.97301 160
    endloop
  endfacet
  facet normal 0 0 -1
    outer loop
      vertex -12.5356 7.2875 160
      vertex -12.8382 6.74016 160
      vertex -14.4458 7.97301 160
    endloop
  endfacet
  facet normal 0 0 -1
    outer loop
      vertex -14.4458 7.97301 160
      vertex -12.8382 6.74016 160
      vertex -14.777 7.34107 160
    endloop
  endfacet
  facet normal 0 0 -1
    outer loop
      vertex -12.8382 6.74016 160
      vertex -13.1169 6.18029 160
      vertex -14.777 7.34107 160
    endloop
  endfacet
  facet normal 0 0 -1
    outer loop
      vertex -14.777 7.34107 160
      vertex -13.1169 6.18029 160
      vertex -15.0805 6.69541 160
    endloop
  endfacet
  facet normal 0 0 -1
    outer loop
      vertex -13.1169 6.18029 160
      vertex -13.3712 5.60892 160
      vertex -15.0805 6.69541 160
    endloop
  endfacet
  facet normal 0 0 -1
    outer loop
      vertex -15.0805 6.69541 160
      vertex -13.3712 5.60892 160
      vertex -15.3558 6.03723 160
    endloop
  endfacet
  facet normal 0 0 -1
    outer loop
      vertex -13.3712 5.60892 160
      vertex -13.6007 5.02711 160
      vertex -15.3558 6.03723 160
    endloop
  endfacet
  facet normal 0 0 -1
    outer loop
      vertex -15.3558 6.03723 160
      vertex -13.6007 5.02711 160
      vertex -15.6025 5.36777 160
    endloop
  endfacet
  facet normal 0 0 -1
    outer loop
      vertex -13.6007 5.02711 160
      vertex -13.8048 4.43595 160
      vertex -15.6025 5.36777 160
    endloop
  endfacet
  facet normal 0 0 -1
    outer loop
      vertex -15.6025 5.36777 160
      vertex -13.8048 4.43595 160
      vertex -15.8199 4.68827 160
    endloop
  endfacet
  facet normal 0 0 -1
    outer loop
      vertex -13.8048 4.43595 160
      vertex -13.9832 3.83654 160
      vertex -15.8199 4.68827 160
    endloop
  endfacet
  facet normal 0 0 -1
    outer loop
      vertex -15.8199 4.68827 160
      vertex -13.9832 3.83654 160
      vertex -16.0078 4 160
    endloop
  endfacet
  facet normal 0 0 -1
    outer loop
      vertex -13.9832 3.83654 160
      vertex -14.1357 3.22999 160
      vertex -16.0078 4 160
    endloop
  endfacet
  facet normal 0 0 -1
    outer loop
      vertex -16.0078 4 160
      vertex -14.1357 3.22999 160
      vertex -14.2618 2.61743 160
    endloop
  endfacet
  facet normal 0 0 -1
    outer loop
      vertex -2 14.3614 160
      vertex -2.61743 14.2618 160
      vertex -4 16.0078 160
    endloop
  endfacet
  facet normal 0 0 -1
    outer loop
      vertex -2.61743 14.2618 160
      vertex -3.22999 14.1357 160
      vertex -4 16.0078 160
    endloop
  endfacet
  facet normal 0 0 -1
    outer loop
      vertex -4 16.0078 160
      vertex -3.22999 14.1357 160
      vertex -4.68827 15.8199 160
    endloop
  endfacet
  facet normal 0 0 -1
    outer loop
      vertex -3.22999 14.1357 160
      vertex -3.83654 13.9832 160
      vertex -4.68827 15.8199 160
    endloop
  endfacet
  facet normal 0 0 -1
    outer loop
      vertex -4.68827 15.8199 160
      vertex -3.83654 13.9832 160
      vertex -5.36777 15.6025 160
    endloop
  endfacet
  facet normal 0 0 -1
    outer loop
      vertex -3.83654 13.9832 160
      vertex -4.43595 13.8048 160
      vertex -5.36777 15.6025 160
    endloop
  endfacet
  facet normal 0 0 -1
    outer loop
      vertex -5.36777 15.6025 160
      vertex -4.43595 13.8048 160
      vertex -6.03723 15.3558 160
    endloop
  endfacet
  facet normal 0 0 -1
    outer loop
      vertex -4.43595 13.8048 160
      vertex -5.02711 13.6007 160
      vertex -6.03723 15.3558 160
    endloop
  endfacet
  facet normal 0 0 -1
    outer loop
      vertex -6.03723 15.3558 160
      vertex -5.02711 13.6007 160
      vertex -6.69541 15.0805 160
    endloop
  endfacet
  facet normal 0 0 -1
    outer loop
      vertex -5.02711 13.6007 160
      vertex -5.60892 13.3712 160
      vertex -6.69541 15.0805 160
    endloop
  endfacet
  facet normal 0 0 -1
    outer loop
      vertex -6.69541 15.0805 160
      vertex -5.60892 13.3712 160
      vertex -7.34107 14.777 160
    endloop
  endfacet
  facet normal 0 0 -1
    outer loop
      vertex -5.60892 13.3712 160
      vertex -6.18029 13.1169 160
      vertex -7.34107 14.777 160
    endloop
  endfacet
  facet normal 0 0 -1
    outer loop
      vertex -7.34107 14.777 160
      vertex -6.18029 13.1169 160
      vertex -7.97301 14.4458 160
    endloop
  endfacet
  facet normal 0 0 -1
    outer loop
      vertex -6.18029 13.1169 160
      vertex -6.74016 12.8382 160
      vertex -7.97301 14.4458 160
    endloop
  endfacet
  facet normal 0 0 -1
    outer loop
      vertex -7.97301 14.4458 160
      vertex -6.74016 12.8382 160
      vertex -8.59003 14.0876 160
    endloop
  endfacet
  facet normal 0 0 -1
    outer loop
      vertex -6.74016 12.8382 160
      vertex -7.2875 12.5356 160
      vertex -8.59003 14.0876 160
    endloop
  endfacet
  facet normal 0 0 -1
    outer loop
      vertex -8.59003 14.0876 160
      vertex -7.2875 12.5356 160
      vertex -9.191 13.7031 160
    endloop
  endfacet
  facet normal 0 0 -1
    outer loop
      vertex -7.2875 12.5356 160
      vertex -7.82128 12.2097 160
      vertex -9.191 13.7031 160
    endloop
  endfacet
  facet normal 0 0 -1
    outer loop
      vertex -9.191 13.7031 160
      vertex -7.82128 12.2097 160
      vertex -9.77479 13.293 160
    endloop
  endfacet
  facet normal 0 0 -1
    outer loop
      vertex -7.82128 12.2097 160
      vertex -8.34051 11.8611 160
      vertex -9.77479 13.293 160
    endloop
  endfacet
  facet normal 0 0 -1
    outer loop
      vertex -9.77479 13.293 160
      vertex -8.34051 11.8611 160
      vertex -10.3403 12.858 160
    endloop
  endfacet
  facet normal 0 0 -1
    outer loop
      vertex -8.34051 11.8611 160
      vertex -8.84422 11.4904 160
      vertex -10.3403 12.858 160
    endloop
  endfacet
  facet normal 0 0 -1
    outer loop
      vertex -10.3403 12.858 160
      vertex -8.84422 11.4904 160
      vertex -10.8865 12.399 160
    endloop
  endfacet
  facet normal 0 0 -1
    outer loop
      vertex -8.84422 11.4904 160
      vertex -9.33148 11.0984 160
      vertex -10.8865 12.399 160
    endloop
  endfacet
  facet normal 0 0 -1
    outer loop
      vertex -10.8865 12.399 160
      vertex -9.33148 11.0984 160
      vertex -11.4123 11.9168 160
    endloop
  endfacet
  facet normal 0 0 -1
    outer loop
      vertex -9.33148 11.0984 160
      vertex -9.80138 10.6856 160
      vertex -11.4123 11.9168 160
    endloop
  endfacet
  facet normal 0 0 -1
    outer loop
      vertex -11.4123 11.9168 160
      vertex -9.80138 10.6856 160
      vertex -10.253 10.253 160
    endloop
  endfacet
  facet normal -0.964703 0.263342 0
    outer loop
      vertex -16.0078 4 160
      vertex -16.0078 4 185
      vertex -15.8199 4.68827 185
    endloop
  endfacet
  facet normal -0.964703 0.263342 0
    outer loop
      vertex -16.0078 4 160
      vertex -15.8199 4.68827 185
      vertex -15.8199 4.68827 160
    endloop
  endfacet
  facet normal -0.952417 0.3048 0
    outer loop
      vertex -15.8199 4.68827 185
      vertex -15.6025 5.36777 185
      vertex -15.8199 4.68827 160
    endloop
  endfacet
  facet normal -0.952417 0.3048 0
    outer loop
      vertex -15.8199 4.68827 160
      vertex -15.6025 5.36777 185
      vertex -15.6025 5.36777 160
    endloop
  endfacet
  facet normal -0.93835 0.345688 0
    outer loop
      vertex -15.6025 5.36777 185
      vertex -15.3558 6.03723 185
      vertex -15.6025 5.36777 160
    endloop
  endfacet
  facet normal -0.93835 0.345688 0
    outer loop
      vertex -15.6025 5.36777 160
      vertex -15.3558 6.03723 185
      vertex -15.3558 6.03723 160
    endloop
  endfacet
  facet normal -0.922529 0.385928 0
    outer loop
      vertex -15.3558 6.03723 185
      vertex -15.0805 6.69541 185
      vertex -15.3558 6.03723 160
    endloop
  endfacet
  facet normal -0.922529 0.385928 0
    outer loop
      vertex -15.3558 6.03723 160
      vertex -15.0805 6.69541 185
      vertex -15.0805 6.69541 160
    endloop
  endfacet
  facet normal -0.904984 0.425447 0
    outer loop
      vertex -15.0805 6.69541 185
      vertex -14.777 7.34107 185
      vertex -15.0805 6.69541 160
    endloop
  endfacet
  facet normal -0.904984 0.425447 0
    outer loop
      vertex -15.0805 6.69541 160
      vertex -14.777 7.34107 185
      vertex -14.777 7.34107 160
    endloop
  endfacet
  facet normal -0.885745 0.464172 0
    outer loop
      vertex -14.777 7.34107 185
      vertex -14.4458 7.97301 185
      vertex -14.777 7.34107 160
    endloop
  endfacet
  facet normal -0.885745 0.464172 0
    outer loop
      vertex -14.777 7.34107 160
      vertex -14.4458 7.97301 185
      vertex -14.4458 7.97301 160
    endloop
  endfacet
  facet normal -0.864851 0.502028 0
    outer loop
      vertex -14.4458 7.97301 185
      vertex -14.0876 8.59003 185
      vertex -14.4458 7.97301 160
    endloop
  endfacet
  facet normal -0.864851 0.502028 0
    outer loop
      vertex -14.4458 7.97301 160
      vertex -14.0876 8.59003 185
      vertex -14.0876 8.59003 160
    endloop
  endfacet
  facet normal -0.842341 0.538946 0
    outer loop
      vertex -14.0876 8.59003 185
      vertex -13.7031 9.191 185
      vertex -14.0876 8.59003 160
    endloop
  endfacet
  facet normal -0.842341 0.538946 0
    outer loop
      vertex -14.0876 8.59003 160
      vertex -13.7031 9.191 185
      vertex -13.7031 9.191 160
    endloop
  endfacet
  facet normal -0.818255 0.574855 0
    outer loop
      vertex -13.7031 9.191 185
      vertex -13.293 9.77479 185
      vertex -13.7031 9.191 160
    endloop
  endfacet
  facet normal -0.818255 0.574855 0
    outer loop
      vertex -13.7031 9.191 160
      vertex -13.293 9.77479 185
      vertex -13.293 9.77479 160
    endloop
  endfacet
  facet normal -0.792641 0.609689 0
    outer loop
      vertex -13.293 9.77479 185
      vertex -12.858 10.3403 185
      vertex -13.293 9.77479 160
    endloop
  endfacet
  facet normal -0.792641 0.609689 0
    outer loop
      vertex -13.293 9.77479 160
      vertex -12.858 10.3403 185
      vertex -12.858 10.3403 160
    endloop
  endfacet
  facet normal -0.765541 0.643387 0
    outer loop
      vertex -12.858 10.3403 185
      vertex -12.399 10.8865 185
      vertex -12.858 10.3403 160
    endloop
  endfacet
  facet normal -0.765541 0.643387 0
    outer loop
      vertex -12.858 10.3403 160
      vertex -12.399 10.8865 185
      vertex -12.399 10.8865 160
    endloop
  endfacet
  facet normal -0.737014 0.675878 0
    outer loop
      vertex -12.399 10.8865 185
      vertex -11.9168 11.4123 185
      vertex -12.399 10.8865 160
    endloop
  endfacet
  facet normal -0.737014 0.675878 0
    outer loop
      vertex -12.399 10.8865 160
      vertex -11.9168 11.4123 185
      vertex -11.9168 11.4123 160
    endloop
  endfacet
  facet normal -0.707107 0.707107 0
    outer loop
      vertex -11.9168 11.4123 185
      vertex -11.4123 11.9168 185
      vertex -11.9168 11.4123 160
    endloop
  endfacet
  facet normal -0.707107 0.707107 0
    outer loop
      vertex -11.9168 11.4123 160
      vertex -11.4123 11.9168 185
      vertex -11.4123 11.9168 160
    endloop
  endfacet
  facet normal -0.675878 0.737014 0
    outer loop
      vertex -11.4123 11.9168 185
      vertex -10.8865 12.399 185
      vertex -11.4123 11.9168 160
    endloop
  endfacet
  facet normal -0.675878 0.737014 0
    outer loop
      vertex -11.4123 11.9168 160
      vertex -10.8865 12.399 185
      vertex -10.8865 12.399 160
    endloop
  endfacet
  facet normal -0.643387 0.765541 0
    outer loop
      vertex -10.8865 12.399 185
      vertex -10.3403 12.858 185
      vertex -10.8865 12.399 160
    endloop
  endfacet
  facet normal -0.643387 0.765541 0
    outer loop
      vertex -10.8865 12.399 160
      vertex -10.3403 12.858 185
      vertex -10.3403 12.858 160
    endloop
  endfacet
  facet normal -0.609689 0.792641 0
    outer loop
      vertex -10.3403 12.858 185
      vertex -9.77479 13.293 185
      vertex -10.3403 12.858 160
    endloop
  endfacet
  facet normal -0.609689 0.792641 0
    outer loop
      vertex -10.3403 12.858 160
      vertex -9.77479 13.293 185
      vertex -9.77479 13.293 160
    endloop
  endfacet
  facet normal -0.574855 0.818255 0
    outer loop
      vertex -9.77479 13.293 185
      vertex -9.191 13.7031 185
      vertex -9.77479 13.293 160
    endloop
  endfacet
  facet normal -0.574855 0.818255 0
    outer loop
      vertex -9.77479 13.293 160
      vertex -9.191 13.7031 185
      vertex -9.191 13.7031 160
    endloop
  endfacet
  facet normal -0.538946 0.842341 0
    outer loop
      vertex -9.191 13.7031 185
      vertex -8.59003 14.0876 185
      vertex -9.191 13.7031 160
    endloop
  endfacet
  facet normal -0.538946 0.842341 0
    outer loop
      vertex -9.191 13.7031 160
      vertex -8.59003 14.0876 185
      vertex -8.59003 14.0876 160
    endloop
  endfacet
  facet normal -0.502028 0.864851 0
    outer loop
      vertex -8.59003 14.0876 185
      vertex -7.97301 14.4458 185
      vertex -8.59003 14.0876 160
    endloop
  endfacet
  facet normal -0.502028 0.864851 0
    outer loop
      vertex -8.59003 14.0876 160
      vertex -7.97301 14.4458 185
      vertex -7.97301 14.4458 160
    endloop
  endfacet
  facet normal -0.464172 0.885745 0
    outer loop
      vertex -7.97301 14.4458 185
      vertex -7.34107 14.777 185
      vertex -7.97301 14.4458 160
    endloop
  endfacet
  facet normal -0.464172 0.885745 0
    outer loop
      vertex -7.97301 14.4458 160
      vertex -7.34107 14.777 185
      vertex -7.34107 14.777 160
    endloop
  endfacet
  facet normal -0.425447 0.904984 0
    outer loop
      vertex -7.34107 14.777 185
      vertex -6.69541 15.0805 185
      vertex -7.34107 14.777 160
    endloop
  endfacet
  facet normal -0.425447 0.904984 0
    outer loop
      vertex -7.34107 14.777 160
      vertex -6.69541 15.0805 185
      vertex -6.69541 15.0805 160
    endloop
  endfacet
  facet normal -0.385928 0.922529 0
    outer loop
      vertex -6.69541 15.0805 185
      vertex -6.03723 15.3558 185
      vertex -6.69541 15.0805 160
    endloop
  endfacet
  facet normal -0.385928 0.922529 0
    outer loop
      vertex -6.69541 15.0805 160
      vertex -6.03723 15.3558 185
      vertex -6.03723 15.3558 160
    endloop
  endfacet
  facet normal -0.345688 0.93835 0
    outer loop
      vertex -6.03723 15.3558 185
      vertex -5.36777 15.6025 185
      vertex -6.03723 15.3558 160
    endloop
  endfacet
  facet normal -0.345688 0.93835 0
    outer loop
      vertex -6.03723 15.3558 160
      vertex -5.36777 15.6025 185
      vertex -5.36777 15.6025 160
    endloop
  endfacet
  facet normal -0.3048 0.952417 0
    outer loop
      vertex -5.36777 15.6025 185
      vertex -4.68827 15.8199 185
      vertex -5.36777 15.6025 160
    endloop
  endfacet
  facet normal -0.3048 0.952417 0
    outer loop
      vertex -5.36777 15.6025 160
      vertex -4.68827 15.8199 185
      vertex -4.68827 15.8199 160
    endloop
  endfacet
  facet normal -0.263342 0.964703 0
    outer loop
      vertex -4.68827 15.8199 185
      vertex -4 16.0078 185
      vertex -4.68827 15.8199 160
    endloop
  endfacet
  facet normal -0.263342 0.964703 0
    outer loop
      vertex -4.68827 15.8199 160
      vertex -4 16.0078 185
      vertex -4 16.0078 160
    endloop
  endfacet
  facet normal -1 0 0
    outer loop
      vertex -4 18.0624 160
      vertex -4 16.0078 160
      vertex -4 18.0624 185
    endloop
  endfacet
  facet normal -1 0 0
    outer loop
      vertex -4 16.0078 160
      vertex -4 16.0078 185
      vertex -4 18.0624 185
    endloop
  endfacet
  facet normal 0.159259 -0.987237 0
    outer loop
      vertex -2 14.3614 160
      vertex -2 14.3614 185
      vertex -2.61743 14.2618 160
    endloop
  endfacet
  facet normal 0.159259 -0.987237 0
    outer loop
      vertex -2 14.3614 185
      vertex -2.61743 14.2618 185
      vertex -2.61743 14.2618 160
    endloop
  endfacet
  facet normal 0.201682 -0.979451 0
    outer loop
      vertex -2.61743 14.2618 160
      vertex -2.61743 14.2618 185
      vertex -3.22999 14.1357 160
    endloop
  endfacet
  facet normal 0.201682 -0.979451 0
    outer loop
      vertex -2.61743 14.2618 185
      vertex -3.22999 14.1357 185
      vertex -3.22999 14.1357 160
    endloop
  endfacet
  facet normal 0.24373 -0.969843 0
    outer loop
      vertex -3.22999 14.1357 160
      vertex -3.22999 14.1357 185
      vertex -3.83654 13.9832 160
    endloop
  endfacet
  facet normal 0.24373 -0.969843 0
    outer loop
      vertex -3.22999 14.1357 185
      vertex -3.83654 13.9832 185
      vertex -3.83654 13.9832 160
    endloop
  endfacet
  facet normal 0.285324 -0.958431 0
    outer loop
      vertex -3.83654 13.9832 160
      vertex -3.83654 13.9832 185
      vertex -4.43595 13.8048 160
    endloop
  endfacet
  facet normal 0.285324 -0.958431 0
    outer loop
      vertex -3.83654 13.9832 185
      vertex -4.43595 13.8048 185
      vertex -4.43595 13.8048 160
    endloop
  endfacet
  facet normal 0.326388 -0.945236 0
    outer loop
      vertex -4.43595 13.8048 160
      vertex -4.43595 13.8048 185
      vertex -5.02711 13.6007 160
    endloop
  endfacet
  facet normal 0.326388 -0.945236 0
    outer loop
      vertex -4.43595 13.8048 185
      vertex -5.02711 13.6007 185
      vertex -5.02711 13.6007 160
    endloop
  endfacet
  facet normal 0.366845 -0.930282 0
    outer loop
      vertex -5.02711 13.6007 160
      vertex -5.02711 13.6007 185
      vertex -5.60892 13.3712 160
    endloop
  endfacet
  facet normal 0.366845 -0.930282 0
    outer loop
      vertex -5.02711 13.6007 185
      vertex -5.60892 13.3712 185
      vertex -5.60892 13.3712 160
    endloop
  endfacet
  facet normal 0.406618 -0.913598 0
    outer loop
      vertex -5.60892 13.3712 160
      vertex -5.60892 13.3712 185
      vertex -6.18029 13.1169 160
    endloop
  endfacet
  facet normal 0.406618 -0.913598 0
    outer loop
      vertex -5.60892 13.3712 185
      vertex -6.18029 13.1169 185
      vertex -6.18029 13.1169 160
    endloop
  endfacet
  facet normal 0.445637 -0.895214 0
    outer loop
      vertex -6.18029 13.1169 160
      vertex -6.18029 13.1169 185
      vertex -6.74016 12.8382 160
    endloop
  endfacet
  facet normal 0.445637 -0.895214 0
    outer loop
      vertex -6.18029 13.1169 185
      vertex -6.74016 12.8382 185
      vertex -6.74016 12.8382 160
    endloop
  endfacet
  facet normal 0.483826 -0.875164 0
    outer loop
      vertex -6.74016 12.8382 160
      vertex -6.74016 12.8382 185
      vertex -7.2875 12.5356 160
    endloop
  endfacet
  facet normal 0.483826 -0.875164 0
    outer loop
      vertex -6.74016 12.8382 185
      vertex -7.2875 12.5356 185
      vertex -7.2875 12.5356 160
    endloop
  endfacet
  facet normal 0.521114 -0.853487 0
    outer loop
      vertex -7.2875 12.5356 160
      vertex -7.2875 12.5356 185
      vertex -7.82128 12.2097 160
    endloop
  endfacet
  facet normal 0.521114 -0.853487 0
    outer loop
      vertex -7.2875 12.5356 185
      vertex -7.82128 12.2097 185
      vertex -7.82128 12.2097 160
    endloop
  endfacet
  facet normal 0.557433 -0.830222 0
    outer loop
      vertex -7.82128 12.2097 160
      vertex -7.82128 12.2097 185
      vertex -8.34051 11.8611 160
    endloop
  endfacet
  facet normal 0.557433 -0.830222 0
    outer loop
      vertex -7.82128 12.2097 185
      vertex -8.34051 11.8611 185
      vertex -8.34051 11.8611 160
    endloop
  endfacet
  facet normal 0.592714 -0.805413 0
    outer loop
      vertex -8.34051 11.8611 160
      vertex -8.34051 11.8611 185
      vertex -8.84422 11.4904 160
    endloop
  endfacet
  facet normal 0.592714 -0.805413 0
    outer loop
      vertex -8.34051 11.8611 185
      vertex -8.84422 11.4904 185
      vertex -8.84422 11.4904 160
    endloop
  endfacet
  facet normal 0.626895 -0.779104 0
    outer loop
      vertex -8.84422 11.4904 160
      vertex -8.84422 11.4904 185
      vertex -9.33148 11.0984 160
    endloop
  endfacet
  facet normal 0.626895 -0.779104 0
    outer loop
      vertex -8.84422 11.4904 185
      vertex -9.33148 11.0984 185
      vertex -9.33148 11.0984 160
    endloop
  endfacet
  facet normal 0.659907 -0.751347 0
    outer loop
      vertex -9.33148 11.0984 160
      vertex -9.33148 11.0984 185
      vertex -9.80138 10.6856 160
    endloop
  endfacet
  facet normal 0.659907 -0.751347 0
    outer loop
      vertex -9.33148 11.0984 185
      vertex -9.80138 10.6856 185
      vertex -9.80138 10.6856 160
    endloop
  endfacet
  facet normal 0.691693 -0.722192 0
    outer loop
      vertex -9.80138 10.6856 160
      vertex -9.80138 10.6856 185
      vertex -10.253 10.253 160
    endloop
  endfacet
  facet normal 0.691693 -0.722192 0
    outer loop
      vertex -9.80138 10.6856 185
      vertex -10.253 10.253 185
      vertex -10.253 10.253 160
    endloop
  endfacet
  facet normal 0.722192 -0.691693 0
    outer loop
      vertex -10.253 10.253 160
      vertex -10.253 10.253 185
      vertex -10.6856 9.80138 160
    endloop
  endfacet
  facet normal 0.722192 -0.691693 0
    outer loop
      vertex -10.253 10.253 185
      vertex -10.6856 9.80138 185
      vertex -10.6856 9.80138 160
    endloop
  endfacet
  facet normal 0.751347 -0.659907 0
    outer loop
      vertex -10.6856 9.80138 160
      vertex -10.6856 9.80138 185
      vertex -11.0984 9.33148 160
    endloop
  endfacet
  facet normal 0.751347 -0.659907 0
    outer loop
      vertex -10.6856 9.80138 185
      vertex -11.0984 9.33148 185
      vertex -11.0984 9.33148 160
    endloop
  endfacet
  facet normal 0.779104 -0.626895 0
    outer loop
      vertex -11.0984 9.33148 160
      vertex -11.0984 9.33148 185
      vertex -11.4904 8.84422 160
    endloop
  endfacet
  facet normal 0.779104 -0.626895 0
    outer loop
      vertex -11.0984 9.33148 185
      vertex -11.4904 8.84422 185
      vertex -11.4904 8.84422 160
    endloop
  endfacet
  facet normal 0.805413 -0.592714 0
    outer loop
      vertex -11.4904 8.84422 160
      vertex -11.4904 8.84422 185
      vertex -11.8611 8.34051 160
    endloop
  endfacet
  facet normal 0.805413 -0.592714 0
    outer loop
      vertex -11.4904 8.84422 185
      vertex -11.8611 8.34051 185
      vertex -11.8611 8.34051 160
    endloop
  endfacet
  facet normal 0.830222 -0.557433 0
    outer loop
      vertex -11.8611 8.34051 160
      vertex -11.8611 8.34051 185
      vertex -12.2097 7.82128 160
    endloop
  endfacet
  facet normal 0.830222 -0.557433 0
    outer loop
      vertex -11.8611 8.34051 185
      vertex -12.2097 7.82128 185
      vertex -12.2097 7.82128 160
    endloop
  endfacet
  facet normal 0.853487 -0.521114 0
    outer loop
      vertex -12.2097 7.82128 160
      vertex -12.2097 7.82128 185
      vertex -12.5356 7.2875 160
    endloop
  endfacet
  facet normal 0.853487 -0.521114 0
    outer loop
      vertex -12.2097 7.82128 185
      vertex -12.5356 7.2875 185
      vertex -12.5356 7.2875 160
    endloop
  endfacet
  facet normal 0.875164 -0.483826 0
    outer loop
      vertex -12.5356 7.2875 160
      vertex -12.5356 7.2875 185
      vertex -12.8382 6.74016 160
    endloop
  endfacet
  facet normal 0.875164 -0.483826 0
    outer loop
      vertex -12.5356 7.2875 185
      vertex -12.8382 6.74016 185
      vertex -12.8382 6.74016 160
    endloop
  endfacet
  facet normal 0.895214 -0.445637 0
    outer loop
      vertex -12.8382 6.74016 160
      vertex -12.8382 6.74016 185
      vertex -13.1169 6.18029 160
    endloop
  endfacet
  facet normal 0.895214 -0.445637 0
    outer loop
      vertex -12.8382 6.74016 185
      vertex -13.1169 6.18029 185
      vertex -13.1169 6.18029 160
    endloop
  endfacet
  facet normal 0.913598 -0.406618 0
    outer loop
      vertex -13.1169 6.18029 160
      vertex -13.1169 6.18029 185
      vertex -13.3712 5.60892 160
    endloop
  endfacet
  facet normal 0.913598 -0.406618 0
    outer loop
      vertex -13.1169 6.18029 185
      vertex -13.3712 5.60892 185
      vertex -13.3712 5.60892 160
    endloop
  endfacet
  facet normal 0.930282 -0.366845 0
    outer loop
      vertex -13.3712 5.60892 160
      vertex -13.3712 5.60892 185
      vertex -13.6007 5.02711 160
    endloop
  endfacet
  facet normal 0.930282 -0.366845 0
    outer loop
      vertex -13.3712 5.60892 185
      vertex -13.6007 5.02711 185
      vertex -13.6007 5.02711 160
    endloop
  endfacet
  facet normal 0.945236 -0.326388 0
    outer loop
      vertex -13.6007 5.02711 160
      vertex -13.6007 5.02711 185
      vertex -13.8048 4.43595 160
    endloop
  endfacet
  facet normal 0.945236 -0.326388 0
    outer loop
      vertex -13.6007 5.02711 185
      vertex -13.8048 4.43595 185
      vertex -13.8048 4.43595 160
    endloop
  endfacet
  facet normal 0.958431 -0.285324 0
    outer loop
      vertex -13.8048 4.43595 160
      vertex -13.8048 4.43595 185
      vertex -13.9832 3.83654 160
    endloop
  endfacet
  facet normal 0.958431 -0.285324 0
    outer loop
      vertex -13.8048 4.43595 185
      vertex -13.9832 3.83654 185
      vertex -13.9832 3.83654 160
    endloop
  endfacet
  facet normal 0.969843 -0.24373 0
    outer loop
      vertex -13.9832 3.83654 160
      vertex -13.9832 3.83654 185
      vertex -14.1357 3.22999 160
    endloop
  endfacet
  facet normal 0.969843 -0.24373 0
    outer loop
      vertex -13.9832 3.83654 185
      vertex -14.1357 3.22999 185
      vertex -14.1357 3.22999 160
    endloop
  endfacet
  facet normal 0.979451 -0.201682 0
    outer loop
      vertex -14.1357 3.22999 160
      vertex -14.1357 3.22999 185
      vertex -14.2618 2.61743 160
    endloop
  endfacet
  facet normal 0.979451 -0.201682 0
    outer loop
      vertex -14.1357 3.22999 185
      vertex -14.2618 2.61743 185
      vertex -14.2618 2.61743 160
    endloop
  endfacet
  facet normal 0.987237 -0.159259 0
    outer loop
      vertex -14.2618 2.61743 160
      vertex -14.2618 2.61743 185
      vertex -14.3614 2 160
    endloop
  endfacet
  facet normal 0.987237 -0.159259 0
    outer loop
      vertex -14.2618 2.61743 185
      vertex -14.3614 2 185
      vertex -14.3614 2 160
    endloop
  endfacet
  facet normal 0 1 0
    outer loop
      vertex -16.0078 4 160
      vertex -18.0624 4 160
      vertex -16.0078 4 185
    endloop
  endfacet
  facet normal 0 1 0
    outer loop
      vertex -18.0624 4 160
      vertex -18.0624 4 185
      vertex -16.0078 4 185
    endloop
  endfacet
  facet normal 0.103693 0.994609 0
    outer loop
      vertex 24.9399 -6.49654 178
      vertex 24.9399 -6.49654 185
      vertex 25.155 -6.51897 185
    endloop
  endfacet
  facet normal 0.103693 0.994609 0
    outer loop
      vertex 24.9399 -6.49654 178
      vertex 25.155 -6.51897 185
      vertex 25.155 -6.51897 178
    endloop
  endfacet
  facet normal 0.146609 0.989194 0
    outer loop
      vertex 25.155 -6.51897 185
      vertex 25.3689 -6.55067 185
      vertex 25.155 -6.51897 178
    endloop
  endfacet
  facet normal 0.146609 0.989194 0
    outer loop
      vertex 25.155 -6.51897 178
      vertex 25.3689 -6.55067 185
      vertex 25.3689 -6.55067 178
    endloop
  endfacet
  facet normal 0.189249 0.981929 0
    outer loop
      vertex 25.3689 -6.55067 185
      vertex 25.5813 -6.5916 185
      vertex 25.3689 -6.55067 178
    endloop
  endfacet
  facet normal 0.189249 0.981929 0
    outer loop
      vertex 25.3689 -6.55067 178
      vertex 25.5813 -6.5916 185
      vertex 25.5813 -6.5916 178
    endloop
  endfacet
  facet normal 0.231533 0.972827 0
    outer loop
      vertex 25.5813 -6.5916 185
      vertex 25.7917 -6.64168 185
      vertex 25.5813 -6.5916 178
    endloop
  endfacet
  facet normal 0.231533 0.972827 0
    outer loop
      vertex 25.5813 -6.5916 178
      vertex 25.7917 -6.64168 185
      vertex 25.7917 -6.64168 178
    endloop
  endfacet
  facet normal 0.273387 0.961904 0
    outer loop
      vertex 25.7917 -6.64168 185
      vertex 25.9997 -6.7008 185
      vertex 25.7917 -6.64168 178
    endloop
  endfacet
  facet normal 0.273387 0.961904 0
    outer loop
      vertex 25.7917 -6.64168 178
      vertex 25.9997 -6.7008 185
      vertex 25.9997 -6.7008 178
    endloop
  endfacet
  facet normal 0.314726 0.949182 0
    outer loop
      vertex 25.9997 -6.7008 185
      vertex 26.205 -6.76887 185
      vertex 25.9997 -6.7008 178
    endloop
  endfacet
  facet normal 0.314726 0.949182 0
    outer loop
      vertex 25.9997 -6.7008 178
      vertex 26.205 -6.76887 185
      vertex 26.205 -6.76887 178
    endloop
  endfacet
  facet normal 0.35548 0.934684 0
    outer loop
      vertex 26.205 -6.76887 185
      vertex 26.4071 -6.84575 185
      vertex 26.205 -6.76887 178
    endloop
  endfacet
  facet normal 0.35548 0.934684 0
    outer loop
      vertex 26.205 -6.76887 178
      vertex 26.4071 -6.84575 185
      vertex 26.4071 -6.84575 178
    endloop
  endfacet
  facet normal 0.395566 0.918438 0
    outer loop
      vertex 26.4071 -6.84575 185
      vertex 26.6058 -6.9313 185
      vertex 26.4071 -6.84575 178
    endloop
  endfacet
  facet normal 0.395566 0.918438 0
    outer loop
      vertex 26.4071 -6.84575 178
      vertex 26.6058 -6.9313 185
      vertex 26.6058 -6.9313 178
    endloop
  endfacet
  facet normal 0.434914 0.900472 0
    outer loop
      vertex 26.6058 -6.9313 185
      vertex 26.8005 -7.02536 185
      vertex 26.6058 -6.9313 178
    endloop
  endfacet
  facet normal 0.434914 0.900472 0
    outer loop
      vertex 26.6058 -6.9313 178
      vertex 26.8005 -7.02536 185
      vertex 26.8005 -7.02536 178
    endloop
  endfacet
  facet normal 0.473448 0.880822 0
    outer loop
      vertex 26.8005 -7.02536 185
      vertex 26.991 -7.12775 185
      vertex 26.8005 -7.02536 178
    endloop
  endfacet
  facet normal 0.473448 0.880822 0
    outer loop
      vertex 26.8005 -7.02536 178
      vertex 26.991 -7.12775 185
      vertex 26.991 -7.12775 178
    endloop
  endfacet
  facet normal 0.511096 0.859523 0
    outer loop
      vertex 26.991 -7.12775 185
      vertex 27.1769 -7.23829 185
      vertex 26.991 -7.12775 178
    endloop
  endfacet
  facet normal 0.511096 0.859523 0
    outer loop
      vertex 26.991 -7.12775 178
      vertex 27.1769 -7.23829 185
      vertex 27.1769 -7.23829 178
    endloop
  endfacet
  facet normal 0.547786 0.836619 0
    outer loop
      vertex 27.1769 -7.23829 185
      vertex 27.3578 -7.35676 185
      vertex 27.1769 -7.23829 178
    endloop
  endfacet
  facet normal 0.547786 0.836619 0
    outer loop
      vertex 27.1769 -7.23829 178
      vertex 27.3578 -7.35676 185
      vertex 27.3578 -7.35676 178
    endloop
  endfacet
  facet normal 0.583451 0.812149 0
    outer loop
      vertex 27.3578 -7.35676 185
      vertex 27.5335 -7.48294 185
      vertex 27.3578 -7.35676 178
    endloop
  endfacet
  facet normal 0.583451 0.812149 0
    outer loop
      vertex 27.3578 -7.35676 178
      vertex 27.5335 -7.48294 185
      vertex 27.5335 -7.48294 178
    endloop
  endfacet
  facet normal 0.618031 0.786154 0
    outer loop
      vertex 27.5335 -7.48294 185
      vertex 27.7035 -7.61661 185
      vertex 27.5335 -7.48294 178
    endloop
  endfacet
  facet normal 0.618031 0.786154 0
    outer loop
      vertex 27.5335 -7.48294 178
      vertex 27.7035 -7.61661 185
      vertex 27.7035 -7.61661 178
    endloop
  endfacet
  facet normal 0.651447 0.758694 0
    outer loop
      vertex 27.7035 -7.61661 185
      vertex 27.8676 -7.7575 185
      vertex 27.7035 -7.61661 178
    endloop
  endfacet
  facet normal 0.651447 0.758694 0
    outer loop
      vertex 27.7035 -7.61661 178
      vertex 27.8676 -7.7575 185
      vertex 27.8676 -7.7575 178
    endloop
  endfacet
  facet normal 0.683645 0.729815 0
    outer loop
      vertex 27.8676 -7.7575 185
      vertex 28.0254 -7.90535 185
      vertex 27.8676 -7.7575 178
    endloop
  endfacet
  facet normal 0.683645 0.729815 0
    outer loop
      vertex 27.8676 -7.7575 178
      vertex 28.0254 -7.90535 185
      vertex 28.0254 -7.90535 178
    endloop
  endfacet
  facet normal 0.714566 0.699568 0
    outer loop
      vertex 28.0254 -7.90535 185
      vertex 28.1767 -8.05989 185
      vertex 28.0254 -7.90535 178
    endloop
  endfacet
  facet normal 0.714566 0.699568 0
    outer loop
      vertex 28.0254 -7.90535 178
      vertex 28.1767 -8.05989 185
      vertex 28.1767 -8.05989 178
    endloop
  endfacet
  facet normal 0.744151 0.668012 0
    outer loop
      vertex 28.1767 -8.05989 185
      vertex 28.3212 -8.22083 185
      vertex 28.1767 -8.05989 178
    endloop
  endfacet
  facet normal 0.744151 0.668012 0
    outer loop
      vertex 28.1767 -8.05989 178
      vertex 28.3212 -8.22083 185
      vertex 28.3212 -8.22083 178
    endloop
  endfacet
  facet normal 0.772341 0.635208 0
    outer loop
      vertex 28.3212 -8.22083 185
      vertex 28.4586 -8.38786 185
      vertex 28.3212 -8.22083 178
    endloop
  endfacet
  facet normal 0.772341 0.635208 0
    outer loop
      vertex 28.3212 -8.22083 178
      vertex 28.4586 -8.38786 185
      vertex 28.4586 -8.38786 178
    endloop
  endfacet
  facet normal 0.799092 0.601209 0
    outer loop
      vertex 28.4586 -8.38786 185
      vertex 28.5886 -8.56068 185
      vertex 28.4586 -8.38786 178
    endloop
  endfacet
  facet normal 0.799092 0.601209 0
    outer loop
      vertex 28.4586 -8.38786 178
      vertex 28.5886 -8.56068 185
      vertex 28.5886 -8.56068 178
    endloop
  endfacet
  facet normal 0.824338 0.566098 0
    outer loop
      vertex 28.5886 -8.56068 185
      vertex 28.711 -8.73897 185
      vertex 28.5886 -8.56068 178
    endloop
  endfacet
  facet normal 0.824338 0.566098 0
    outer loop
      vertex 28.5886 -8.56068 178
      vertex 28.711 -8.73897 185
      vertex 28.711 -8.73897 178
    endloop
  endfacet
  facet normal 0.848048 0.529919 0
    outer loop
      vertex 28.711 -8.73897 185
      vertex 28.8256 -8.92238 185
      vertex 28.711 -8.73897 178
    endloop
  endfacet
  facet normal 0.848048 0.529919 0
    outer loop
      vertex 28.711 -8.73897 178
      vertex 28.8256 -8.92238 185
      vertex 28.8256 -8.92238 178
    endloop
  endfacet
  facet normal 0.870172 0.492749 0
    outer loop
      vertex 28.8256 -8.92238 185
      vertex 28.9322 -9.11057 185
      vertex 28.8256 -8.92238 178
    endloop
  endfacet
  facet normal 0.870172 0.492749 0
    outer loop
      vertex 28.8256 -8.92238 178
      vertex 28.9322 -9.11057 185
      vertex 28.9322 -9.11057 178
    endloop
  endfacet
  facet normal 0.890668 0.454655 0
    outer loop
      vertex 28.9322 -9.11057 185
      vertex 29.0305 -9.3032 185
      vertex 28.9322 -9.11057 178
    endloop
  endfacet
  facet normal 0.890668 0.454655 0
    outer loop
      vertex 28.9322 -9.11057 178
      vertex 29.0305 -9.3032 185
      vertex 29.0305 -9.3032 178
    endloop
  endfacet
  facet normal 0.909494 0.415717 0
    outer loop
      vertex 29.0305 -9.3032 185
      vertex 29.1204 -9.49989 185
      vertex 29.0305 -9.3032 178
    endloop
  endfacet
  facet normal 0.909494 0.415717 0
    outer loop
      vertex 29.0305 -9.3032 178
      vertex 29.1204 -9.49989 185
      vertex 29.1204 -9.49989 178
    endloop
  endfacet
  facet normal 0.926621 0.375997 0
    outer loop
      vertex 29.1204 -9.49989 185
      vertex 29.2018 -9.7003 185
      vertex 29.1204 -9.49989 178
    endloop
  endfacet
  facet normal 0.926621 0.375997 0
    outer loop
      vertex 29.1204 -9.49989 178
      vertex 29.2018 -9.7003 185
      vertex 29.2018 -9.7003 178
    endloop
  endfacet
  facet normal 0.942015 0.335569 0
    outer loop
      vertex 29.2018 -9.7003 185
      vertex 29.2743 -9.90403 185
      vertex 29.2018 -9.7003 178
    endloop
  endfacet
  facet normal 0.942015 0.335569 0
    outer loop
      vertex 29.2018 -9.7003 178
      vertex 29.2743 -9.90403 185
      vertex 29.2743 -9.90403 178
    endloop
  endfacet
  facet normal 0.955645 0.294522 0
    outer loop
      vertex 29.2743 -9.90403 185
      vertex 29.338 -10.1107 185
      vertex 29.2743 -9.90403 178
    endloop
  endfacet
  facet normal 0.955645 0.294522 0
    outer loop
      vertex 29.2743 -9.90403 178
      vertex 29.338 -10.1107 185
      vertex 29.338 -10.1107 178
    endloop
  endfacet
  facet normal 0.967486 0.252924 0
    outer loop
      vertex 29.338 -10.1107 185
      vertex 29.3927 -10.3199 185
      vertex 29.338 -10.1107 178
    endloop
  endfacet
  facet normal 0.967486 0.252924 0
    outer loop
      vertex 29.338 -10.1107 178
      vertex 29.3927 -10.3199 185
      vertex 29.3927 -10.3199 178
    endloop
  endfacet
  facet normal 0.97752 0.210844 0
    outer loop
      vertex 29.3927 -10.3199 185
      vertex 29.4383 -10.5314 185
      vertex 29.3927 -10.3199 178
    endloop
  endfacet
  facet normal 0.97752 0.210844 0
    outer loop
      vertex 29.3927 -10.3199 178
      vertex 29.4383 -10.5314 185
      vertex 29.4383 -10.5314 178
    endloop
  endfacet
  facet normal 0.985722 0.168383 0
    outer loop
      vertex 29.4383 -10.5314 185
      vertex 29.4747 -10.7445 185
      vertex 29.4383 -10.5314 178
    endloop
  endfacet
  facet normal 0.985722 0.168383 0
    outer loop
      vertex 29.4383 -10.5314 178
      vertex 29.4747 -10.7445 185
      vertex 29.4747 -10.7445 178
    endloop
  endfacet
  facet normal 0.992082 0.125588 0
    outer loop
      vertex 29.4747 -10.7445 185
      vertex 29.5019 -10.9591 185
      vertex 29.4747 -10.7445 178
    endloop
  endfacet
  facet normal 0.992082 0.125588 0
    outer loop
      vertex 29.4747 -10.7445 178
      vertex 29.5019 -10.9591 185
      vertex 29.5019 -10.9591 178
    endloop
  endfacet
  facet normal 0.996585 0.0825768 0
    outer loop
      vertex 29.5019 -10.9591 185
      vertex 29.5198 -11.1746 185
      vertex 29.5019 -10.9591 178
    endloop
  endfacet
  facet normal 0.996585 0.0825768 0
    outer loop
      vertex 29.5019 -10.9591 178
      vertex 29.5198 -11.1746 185
      vertex 29.5198 -11.1746 178
    endloop
  endfacet
  facet normal 0.999223 0.0394022 0
    outer loop
      vertex 29.5198 -11.1746 185
      vertex 29.5283 -11.3907 185
      vertex 29.5198 -11.1746 178
    endloop
  endfacet
  facet normal 0.999223 0.0394022 0
    outer loop
      vertex 29.5198 -11.1746 178
      vertex 29.5283 -11.3907 185
      vertex 29.5283 -11.3907 178
    endloop
  endfacet
  facet normal 0.999993 -0.00384979 0
    outer loop
      vertex 29.5283 -11.3907 185
      vertex 29.5275 -11.607 185
      vertex 29.5283 -11.3907 178
    endloop
  endfacet
  facet normal 0.999993 -0.00384979 0
    outer loop
      vertex 29.5283 -11.3907 178
      vertex 29.5275 -11.607 185
      vertex 29.5275 -11.607 178
    endloop
  endfacet
  facet normal 0.99889 -0.0470933 0
    outer loop
      vertex 29.5275 -11.607 185
      vertex 29.5173 -11.823 185
      vertex 29.5275 -11.607 178
    endloop
  endfacet
  facet normal 0.99889 -0.0470933 0
    outer loop
      vertex 29.5275 -11.607 178
      vertex 29.5173 -11.823 185
      vertex 29.5173 -11.823 178
    endloop
  endfacet
  facet normal 0.995921 -0.0902333 0
    outer loop
      vertex 29.5173 -11.823 185
      vertex 29.4978 -12.0384 185
      vertex 29.5173 -11.823 178
    endloop
  endfacet
  facet normal 0.995921 -0.0902333 0
    outer loop
      vertex 29.5173 -11.823 178
      vertex 29.4978 -12.0384 185
      vertex 29.4978 -12.0384 178
    endloop
  endfacet
  facet normal 0.991086 -0.133227 0
    outer loop
      vertex 29.4978 -12.0384 185
      vertex 29.4689 -12.2528 185
      vertex 29.4978 -12.0384 178
    endloop
  endfacet
  facet normal 0.991086 -0.133227 0
    outer loop
      vertex 29.4978 -12.0384 178
      vertex 29.4689 -12.2528 185
      vertex 29.4689 -12.2528 178
    endloop
  endfacet
  facet normal 0.987973 -0.154627 0
    outer loop
      vertex 27.622 -24.0534 178
      vertex 29.4689 -12.2528 178
      vertex 27.622 -24.0534 185
    endloop
  endfacet
  facet normal 0.987973 -0.154627 0
    outer loop
      vertex 29.4689 -12.2528 178
      vertex 29.4689 -12.2528 185
      vertex 27.622 -24.0534 185
    endloop
  endfacet
  facet normal 0.884055 -0.467382 0
    outer loop
      vertex 27.622 -24.0534 178
      vertex 27.622 -24.0534 185
      vertex 27.4369 -24.4035 185
    endloop
  endfacet
  facet normal 0.884055 -0.467382 0
    outer loop
      vertex 27.622 -24.0534 178
      vertex 27.4369 -24.4035 185
      vertex 27.4369 -24.4035 178
    endloop
  endfacet
  facet normal 0.863645 -0.5041 0
    outer loop
      vertex 27.4369 -24.4035 185
      vertex 27.2373 -24.7456 185
      vertex 27.4369 -24.4035 178
    endloop
  endfacet
  facet normal 0.863645 -0.5041 0
    outer loop
      vertex 27.4369 -24.4035 178
      vertex 27.2373 -24.7456 185
      vertex 27.2373 -24.7456 178
    endloop
  endfacet
  facet normal 0.841715 -0.539923 0
    outer loop
      vertex 27.2373 -24.7456 185
      vertex 27.0234 -25.0789 185
      vertex 27.2373 -24.7456 178
    endloop
  endfacet
  facet normal 0.841715 -0.539923 0
    outer loop
      vertex 27.2373 -24.7456 178
      vertex 27.0234 -25.0789 185
      vertex 27.0234 -25.0789 178
    endloop
  endfacet
  facet normal 0.818291 -0.574804 0
    outer loop
      vertex 27.0234 -25.0789 185
      vertex 26.7958 -25.403 185
      vertex 27.0234 -25.0789 178
    endloop
  endfacet
  facet normal 0.818291 -0.574804 0
    outer loop
      vertex 27.0234 -25.0789 178
      vertex 26.7958 -25.403 185
      vertex 26.7958 -25.403 178
    endloop
  endfacet
  facet normal 0.793429 -0.608663 0
    outer loop
      vertex 26.7958 -25.403 185
      vertex 26.5547 -25.7173 185
      vertex 26.7958 -25.403 178
    endloop
  endfacet
  facet normal 0.793429 -0.608663 0
    outer loop
      vertex 26.7958 -25.403 178
      vertex 26.5547 -25.7173 185
      vertex 26.5547 -25.7173 178
    endloop
  endfacet
  facet normal 0.767166 -0.641448 0
    outer loop
      vertex 26.5547 -25.7173 185
      vertex 26.3007 -26.0211 185
      vertex 26.5547 -25.7173 178
    endloop
  endfacet
  facet normal 0.767166 -0.641448 0
    outer loop
      vertex 26.5547 -25.7173 178
      vertex 26.3007 -26.0211 185
      vertex 26.3007 -26.0211 178
    endloop
  endfacet
  facet normal 0.739548 -0.673103 0
    outer loop
      vertex 26.3007 -26.0211 185
      vertex 26.0341 -26.314 185
      vertex 26.3007 -26.0211 178
    endloop
  endfacet
  facet normal 0.739548 -0.673103 0
    outer loop
      vertex 26.3007 -26.0211 178
      vertex 26.0341 -26.314 185
      vertex 26.0341 -26.314 178
    endloop
  endfacet
  facet normal 0.710625 -0.703571 0
    outer loop
      vertex 26.0341 -26.314 185
      vertex 25.7555 -26.5954 185
      vertex 26.0341 -26.314 178
    endloop
  endfacet
  facet normal 0.710625 -0.703571 0
    outer loop
      vertex 26.0341 -26.314 178
      vertex 25.7555 -26.5954 185
      vertex 25.7555 -26.5954 178
    endloop
  endfacet
  facet normal 0.68045 -0.732795 0
    outer loop
      vertex 25.7555 -26.5954 185
      vertex 25.4652 -26.8649 185
      vertex 25.7555 -26.5954 178
    endloop
  endfacet
  facet normal 0.68045 -0.732795 0
    outer loop
      vertex 25.7555 -26.5954 178
      vertex 25.4652 -26.8649 185
      vertex 25.4652 -26.8649 178
    endloop
  endfacet
  facet normal 0.649072 -0.760727 0
    outer loop
      vertex 25.4652 -26.8649 185
      vertex 25.164 -27.122 185
      vertex 25.4652 -26.8649 178
    endloop
  endfacet
  facet normal 0.649072 -0.760727 0
    outer loop
      vertex 25.4652 -26.8649 178
      vertex 25.164 -27.122 185
      vertex 25.164 -27.122 178
    endloop
  endfacet
  facet normal 0.616551 -0.787315 0
    outer loop
      vertex 25.164 -27.122 185
      vertex 24.8521 -27.3662 185
      vertex 25.164 -27.122 178
    endloop
  endfacet
  facet normal 0.616551 -0.787315 0
    outer loop
      vertex 25.164 -27.122 178
      vertex 24.8521 -27.3662 185
      vertex 24.8521 -27.3662 178
    endloop
  endfacet
  facet normal 0.58294 -0.812515 0
    outer loop
      vertex 24.8521 -27.3662 185
      vertex 24.5303 -27.597 185
      vertex 24.8521 -27.3662 178
    endloop
  endfacet
  facet normal 0.58294 -0.812515 0
    outer loop
      vertex 24.8521 -27.3662 178
      vertex 24.5303 -27.597 185
      vertex 24.5303 -27.597 178
    endloop
  endfacet
  facet normal 0.548299 -0.836282 0
    outer loop
      vertex 24.5303 -27.597 185
      vertex 24.1991 -27.8142 185
      vertex 24.5303 -27.597 178
    endloop
  endfacet
  facet normal 0.548299 -0.836282 0
    outer loop
      vertex 24.5303 -27.597 178
      vertex 24.1991 -27.8142 185
      vertex 24.1991 -27.8142 178
    endloop
  endfacet
  facet normal 0.0735892 -0.997289 0
    outer loop
      vertex 12.3092 -28.9528 178
      vertex 12.3092 -28.9528 185
      vertex 12.0917 -28.9688 185
    endloop
  endfacet
  facet normal 0.0735892 -0.997289 0
    outer loop
      vertex 12.3092 -28.9528 178
      vertex 12.0917 -28.9688 185
      vertex 12.0917 -28.9688 178
    endloop
  endfacet
  facet normal 0.0300388 -0.999549 0
    outer loop
      vertex 12.0917 -28.9688 185
      vertex 11.8738 -28.9754 185
      vertex 12.0917 -28.9688 178
    endloop
  endfacet
  facet normal 0.0300388 -0.999549 0
    outer loop
      vertex 12.0917 -28.9688 178
      vertex 11.8738 -28.9754 185
      vertex 11.8738 -28.9754 178
    endloop
  endfacet
  facet normal -0.0135887 -0.999908 0
    outer loop
      vertex 11.8738 -28.9754 185
      vertex 11.6557 -28.9724 185
      vertex 11.8738 -28.9754 178
    endloop
  endfacet
  facet normal -0.0135887 -0.999908 0
    outer loop
      vertex 11.8738 -28.9754 178
      vertex 11.6557 -28.9724 185
      vertex 11.6557 -28.9724 178
    endloop
  endfacet
  facet normal -0.0571651 -0.998365 0
    outer loop
      vertex 11.6557 -28.9724 185
      vertex 11.438 -28.9599 185
      vertex 11.6557 -28.9724 178
    endloop
  endfacet
  facet normal -0.0571651 -0.998365 0
    outer loop
      vertex 11.6557 -28.9724 178
      vertex 11.438 -28.9599 185
      vertex 11.438 -28.9599 178
    endloop
  endfacet
  facet normal -0.100656 -0.994921 0
    outer loop
      vertex 11.438 -28.9599 185
      vertex 11.221 -28.938 185
      vertex 11.438 -28.9599 178
    endloop
  endfacet
  facet normal -0.100656 -0.994921 0
    outer loop
      vertex 11.438 -28.9599 178
      vertex 11.221 -28.938 185
      vertex 11.221 -28.938 178
    endloop
  endfacet
  facet normal -0.143933 -0.989587 0
    outer loop
      vertex 11.221 -28.938 185
      vertex 11.0052 -28.9066 185
      vertex 11.221 -28.938 178
    endloop
  endfacet
  facet normal -0.143933 -0.989587 0
    outer loop
      vertex 11.221 -28.938 178
      vertex 11.0052 -28.9066 185
      vertex 11.0052 -28.9066 178
    endloop
  endfacet
  facet normal -0.186963 -0.982367 0
    outer loop
      vertex 11.0052 -28.9066 185
      vertex 10.791 -28.8658 185
      vertex 11.0052 -28.9066 178
    endloop
  endfacet
  facet normal -0.186963 -0.982367 0
    outer loop
      vertex 11.0052 -28.9066 178
      vertex 10.791 -28.8658 185
      vertex 10.791 -28.8658 178
    endloop
  endfacet
  facet normal -0.229608 -0.973283 0
    outer loop
      vertex 10.791 -28.8658 185
      vertex 10.5787 -28.8157 185
      vertex 10.791 -28.8658 178
    endloop
  endfacet
  facet normal -0.229608 -0.973283 0
    outer loop
      vertex 10.791 -28.8658 178
      vertex 10.5787 -28.8157 185
      vertex 10.5787 -28.8157 178
    endloop
  endfacet
  facet normal -0.271842 -0.962342 0
    outer loop
      vertex 10.5787 -28.8157 185
      vertex 10.3688 -28.7565 185
      vertex 10.5787 -28.8157 178
    endloop
  endfacet
  facet normal -0.271842 -0.962342 0
    outer loop
      vertex 10.5787 -28.8157 178
      vertex 10.3688 -28.7565 185
      vertex 10.3688 -28.7565 178
    endloop
  endfacet
  facet normal -0.313541 -0.949575 0
    outer loop
      vertex 10.3688 -28.7565 185
      vertex 10.1617 -28.6881 185
      vertex 10.3688 -28.7565 178
    endloop
  endfacet
  facet normal -0.313541 -0.949575 0
    outer loop
      vertex 10.3688 -28.7565 178
      vertex 10.1617 -28.6881 185
      vertex 10.1617 -28.6881 178
    endloop
  endfacet
  facet normal -0.354649 -0.934999 0
    outer loop
      vertex 10.1617 -28.6881 185
      vertex 9.95784 -28.6107 185
      vertex 10.1617 -28.6881 178
    endloop
  endfacet
  facet normal -0.354649 -0.934999 0
    outer loop
      vertex 10.1617 -28.6881 178
      vertex 9.95784 -28.6107 185
      vertex 9.95784 -28.6107 178
    endloop
  endfacet
  facet normal -0.395089 -0.918643 0
    outer loop
      vertex 9.95784 -28.6107 185
      vertex 9.75749 -28.5246 185
      vertex 9.95784 -28.6107 178
    endloop
  endfacet
  facet normal -0.395089 -0.918643 0
    outer loop
      vertex 9.95784 -28.6107 178
      vertex 9.75749 -28.5246 185
      vertex 9.75749 -28.5246 178
    endloop
  endfacet
  facet normal -0.434766 -0.900544 0
    outer loop
      vertex 9.75749 -28.5246 185
      vertex 9.5611 -28.4298 185
      vertex 9.75749 -28.5246 178
    endloop
  endfacet
  facet normal -0.434766 -0.900544 0
    outer loop
      vertex 9.75749 -28.5246 178
      vertex 9.5611 -28.4298 185
      vertex 9.5611 -28.4298 178
    endloop
  endfacet
  facet normal -0.473624 -0.880727 0
    outer loop
      vertex 9.5611 -28.4298 185
      vertex 9.36903 -28.3265 185
      vertex 9.5611 -28.4298 178
    endloop
  endfacet
  facet normal -0.473624 -0.880727 0
    outer loop
      vertex 9.5611 -28.4298 178
      vertex 9.36903 -28.3265 185
      vertex 9.36903 -28.3265 178
    endloop
  endfacet
  facet normal -0.511581 -0.859235 0
    outer loop
      vertex 9.36903 -28.3265 185
      vertex 9.18165 -28.2149 185
      vertex 9.36903 -28.3265 178
    endloop
  endfacet
  facet normal -0.511581 -0.859235 0
    outer loop
      vertex 9.36903 -28.3265 178
      vertex 9.18165 -28.2149 185
      vertex 9.18165 -28.2149 178
    endloop
  endfacet
  facet normal -0.548561 -0.83611 0
    outer loop
      vertex 9.18165 -28.2149 185
      vertex 8.99931 -28.0953 185
      vertex 9.18165 -28.2149 178
    endloop
  endfacet
  facet normal -0.548561 -0.83611 0
    outer loop
      vertex 9.18165 -28.2149 178
      vertex 8.99931 -28.0953 185
      vertex 8.99931 -28.0953 178
    endloop
  endfacet
  facet normal -0.584498 -0.811395 0
    outer loop
      vertex 8.99931 -28.0953 185
      vertex 8.82236 -27.9678 185
      vertex 8.99931 -28.0953 178
    endloop
  endfacet
  facet normal -0.584498 -0.811395 0
    outer loop
      vertex 8.99931 -28.0953 178
      vertex 8.82236 -27.9678 185
      vertex 8.82236 -27.9678 178
    endloop
  endfacet
  facet normal -0.619325 -0.785135 0
    outer loop
      vertex 8.82236 -27.9678 185
      vertex 8.65113 -27.8327 185
      vertex 8.82236 -27.9678 178
    endloop
  endfacet
  facet normal -0.619325 -0.785135 0
    outer loop
      vertex 8.82236 -27.9678 178
      vertex 8.65113 -27.8327 185
      vertex 8.65113 -27.8327 178
    endloop
  endfacet
  facet normal -0.65297 -0.757384 0
    outer loop
      vertex 8.65113 -27.8327 185
      vertex 8.48596 -27.6903 185
      vertex 8.65113 -27.8327 178
    endloop
  endfacet
  facet normal -0.65297 -0.757384 0
    outer loop
      vertex 8.65113 -27.8327 178
      vertex 8.48596 -27.6903 185
      vertex 8.48596 -27.6903 178
    endloop
  endfacet
  facet normal -0.685375 -0.728191 0
    outer loop
      vertex 8.48596 -27.6903 185
      vertex 8.32715 -27.5409 185
      vertex 8.48596 -27.6903 178
    endloop
  endfacet
  facet normal -0.685375 -0.728191 0
    outer loop
      vertex 8.48596 -27.6903 178
      vertex 8.32715 -27.5409 185
      vertex 8.32715 -27.5409 178
    endloop
  endfacet
  facet normal -0.71648 -0.697608 0
    outer loop
      vertex 8.32715 -27.5409 185
      vertex 8.17502 -27.3846 185
      vertex 8.32715 -27.5409 178
    endloop
  endfacet
  facet normal -0.71648 -0.697608 0
    outer loop
      vertex 8.32715 -27.5409 178
      vertex 8.17502 -27.3846 185
      vertex 8.17502 -27.3846 178
    endloop
  endfacet
  facet normal -0.746218 -0.665702 0
    outer loop
      vertex 8.17502 -27.3846 185
      vertex 8.02984 -27.2219 185
      vertex 8.17502 -27.3846 178
    endloop
  endfacet
  facet normal -0.746218 -0.665702 0
    outer loop
      vertex 8.17502 -27.3846 178
      vertex 8.02984 -27.2219 185
      vertex 8.02984 -27.2219 178
    endloop
  endfacet
  facet normal -0.774535 -0.632531 0
    outer loop
      vertex 8.02984 -27.2219 185
      vertex 7.8919 -27.053 185
      vertex 8.02984 -27.2219 178
    endloop
  endfacet
  facet normal -0.774535 -0.632531 0
    outer loop
      vertex 8.02984 -27.2219 178
      vertex 7.8919 -27.053 185
      vertex 7.8919 -27.053 178
    endloop
  endfacet
  facet normal -0.801384 -0.598151 0
    outer loop
      vertex 7.8919 -27.053 185
      vertex 7.76145 -26.8782 185
      vertex 7.8919 -27.053 178
    endloop
  endfacet
  facet normal -0.801384 -0.598151 0
    outer loop
      vertex 7.8919 -27.053 178
      vertex 7.76145 -26.8782 185
      vertex 7.76145 -26.8782 178
    endloop
  endfacet
  facet normal -0.826702 -0.56264 0
    outer loop
      vertex 7.76145 -26.8782 185
      vertex 7.63875 -26.6979 185
      vertex 7.76145 -26.8782 178
    endloop
  endfacet
  facet normal -0.826702 -0.56264 0
    outer loop
      vertex 7.76145 -26.8782 178
      vertex 7.63875 -26.6979 185
      vertex 7.63875 -26.6979 178
    endloop
  endfacet
  facet normal -0.850449 -0.526058 0
    outer loop
      vertex 7.63875 -26.6979 185
      vertex 7.52402 -26.5124 185
      vertex 7.63875 -26.6979 178
    endloop
  endfacet
  facet normal -0.850449 -0.526058 0
    outer loop
      vertex 7.63875 -26.6979 178
      vertex 7.52402 -26.5124 185
      vertex 7.52402 -26.5124 178
    endloop
  endfacet
  facet normal -0.872582 -0.488468 0
    outer loop
      vertex 7.52402 -26.5124 185
      vertex 7.4175 -26.3221 185
      vertex 7.52402 -26.5124 178
    endloop
  endfacet
  facet normal -0.872582 -0.488468 0
    outer loop
      vertex 7.52402 -26.5124 178
      vertex 7.4175 -26.3221 185
      vertex 7.4175 -26.3221 178
    endloop
  endfacet
  facet normal -0.89305 -0.449957 0
    outer loop
      vertex 7.4175 -26.3221 185
      vertex 7.31937 -26.1274 185
      vertex 7.4175 -26.3221 178
    endloop
  endfacet
  facet normal -0.89305 -0.449957 0
    outer loop
      vertex 7.4175 -26.3221 178
      vertex 7.31937 -26.1274 185
      vertex 7.31937 -26.1274 178
    endloop
  endfacet
  facet normal -0.911822 -0.410586 0
    outer loop
      vertex 7.31937 -26.1274 185
      vertex 7.22983 -25.9285 185
      vertex 7.31937 -26.1274 178
    endloop
  endfacet
  facet normal -0.911822 -0.410586 0
    outer loop
      vertex 7.31937 -26.1274 178
      vertex 7.22983 -25.9285 185
      vertex 7.22983 -25.9285 178
    endloop
  endfacet
  facet normal -0.92886 -0.370432 0
    outer loop
      vertex 7.22983 -25.9285 185
      vertex 7.14904 -25.726 185
      vertex 7.22983 -25.9285 178
    endloop
  endfacet
  facet normal -0.92886 -0.370432 0
    outer loop
      vertex 7.22983 -25.9285 178
      vertex 7.14904 -25.726 185
      vertex 7.14904 -25.726 178
    endloop
  endfacet
  facet normal -0.944128 -0.32958 0
    outer loop
      vertex 7.14904 -25.726 185
      vertex 7.07717 -25.5201 185
      vertex 7.14904 -25.726 178
    endloop
  endfacet
  facet normal -0.944128 -0.32958 0
    outer loop
      vertex 7.14904 -25.726 178
      vertex 7.07717 -25.5201 185
      vertex 7.07717 -25.5201 178
    endloop
  endfacet
  facet normal -0.957602 -0.288093 0
    outer loop
      vertex 7.07717 -25.5201 185
      vertex 7.01434 -25.3112 185
      vertex 7.07717 -25.5201 178
    endloop
  endfacet
  facet normal -0.957602 -0.288093 0
    outer loop
      vertex 7.07717 -25.5201 178
      vertex 7.01434 -25.3112 185
      vertex 7.01434 -25.3112 178
    endloop
  endfacet
  facet normal -0.969254 -0.246063 0
    outer loop
      vertex 7.01434 -25.3112 185
      vertex 6.96068 -25.0999 185
      vertex 7.01434 -25.3112 178
    endloop
  endfacet
  facet normal -0.969254 -0.246063 0
    outer loop
      vertex 7.01434 -25.3112 178
      vertex 6.96068 -25.0999 185
      vertex 6.96068 -25.0999 178
    endloop
  endfacet
  facet normal -0.979062 -0.203563 0
    outer loop
      vertex 6.96068 -25.0999 185
      vertex 6.91628 -24.8863 185
      vertex 6.96068 -25.0999 178
    endloop
  endfacet
  facet normal -0.979062 -0.203563 0
    outer loop
      vertex 6.96068 -25.0999 178
      vertex 6.91628 -24.8863 185
      vertex 6.91628 -24.8863 178
    endloop
  endfacet
  facet normal 0.0821592 0.996619 0
    outer loop
      vertex 24.9399 -6.49654 178
      vertex 20.6049 -6.13917 178
      vertex 24.9399 -6.49654 185
    endloop
  endfacet
  facet normal 0.0821592 0.996619 0
    outer loop
      vertex 20.6049 -6.13917 178
      vertex 20.6049 -6.13917 185
      vertex 24.9399 -6.49654 185
    endloop
  endfacet
  facet normal 0 0 1
    outer loop
      vertex 26.2396 -21.7518 7
      vertex 26.2586 -21.9252 7
      vertex 29.6062 -22.3443 7
    endloop
  endfacet
  facet normal 0 0 1
    outer loop
      vertex 26.2396 -21.7518 7
      vertex 29.6062 -22.3443 7
      vertex 26.2131 -21.5793 7
    endloop
  endfacet
  facet normal 0 0 1
    outer loop
      vertex 26.2586 -21.9252 7
      vertex 26.2701 -22.0994 7
      vertex 29.6062 -22.3443 7
    endloop
  endfacet
  facet normal 0 0 1
    outer loop
      vertex 26.2701 -22.0994 7
      vertex 26.2739 -22.2739 7
      vertex 29.6062 -22.3443 7
    endloop
  endfacet
  facet normal 0 0 1
    outer loop
      vertex 29.6062 -22.3443 7
      vertex 26.2739 -22.2739 7
      vertex 29.5143 -22.7358 7
    endloop
  endfacet
  facet normal 0 0 1
    outer loop
      vertex 18.3687 -21.4081 7
      vertex 18.4102 -21.2386 7
      vertex 11.1318 -18.3938 7
    endloop
  endfacet
  facet normal 0 0 1
    outer loop
      vertex 19.4454 -19.4454 7
      vertex 19.5715 -19.3248 7
      vertex 15.2028 -15.2028 7
    endloop
  endfacet
  facet normal 0 0 1
    outer loop
      vertex 21.5793 -26.2131 7
      vertex 21.4081 -26.179 7
      vertex 22.3443 -29.6062 7
    endloop
  endfacet
  facet normal 0 0 1
    outer loop
      vertex 18.3687 -21.4081 7
      vertex 11.1318 -18.3938 7
      vertex 18.3346 -21.5793 7
    endloop
  endfacet
  facet normal 0 0 1
    outer loop
      vertex 15.2028 -15.2028 7
      vertex 19.5715 -19.3248 7
      vertex 15.8515 -14.5252 7
    endloop
  endfacet
  facet normal 0 0 1
    outer loop
      vertex 20.7431 -18.5783 7
      vertex 20.9058 -18.5151 7
      vertex 17.6118 -12.3319 7
    endloop
  endfacet
  facet normal 0 0 1
    outer loop
      vertex 18.3938 -11.1318 7
      vertex 24.845 -19.2097 7
      vertex 29.6062 -22.3443 7
    endloop
  endfacet
  facet normal 0 0 1
    outer loop
      vertex 24.845 -19.2097 7
      vertex 24.9762 -19.3248 7
      vertex 29.6062 -22.3443 7
    endloop
  endfacet
  facet normal 0 0 1
    outer loop
      vertex 26.2739 -22.2739 7
      vertex 26.2701 -22.4483 7
      vertex 29.5143 -22.7358 7
    endloop
  endfacet
  facet normal 0 0 1
    outer loop
      vertex 26.2701 -22.4483 7
      vertex 26.2586 -22.6225 7
      vertex 29.5143 -22.7358 7
    endloop
  endfacet
  facet normal 0 0 1
    outer loop
      vertex 29.5143 -22.7358 7
      vertex 26.2586 -22.6225 7
      vertex 29.4057 -23.1231 7
    endloop
  endfacet
  facet normal 0 0 1
    outer loop
      vertex 26.2586 -22.6225 7
      vertex 26.2396 -22.796 7
      vertex 29.4057 -23.1231 7
    endloop
  endfacet
  facet normal 0 0 1
    outer loop
      vertex 29.4057 -23.1231 7
      vertex 26.2396 -22.796 7
      vertex 29.2806 -23.5054 7
    endloop
  endfacet
  facet normal 0 0 1
    outer loop
      vertex 26.2396 -22.796 7
      vertex 26.2131 -22.9685 7
      vertex 29.2806 -23.5054 7
    endloop
  endfacet
  facet normal 0 0 1
    outer loop
      vertex 29.2806 -23.5054 7
      vertex 26.2131 -22.9685 7
      vertex 29.1394 -23.882 7
    endloop
  endfacet
  facet normal 0 0 1
    outer loop
      vertex 26.2131 -22.9685 7
      vertex 26.179 -23.1396 7
      vertex 29.1394 -23.882 7
    endloop
  endfacet
  facet normal 0 0 1
    outer loop
      vertex 29.1394 -23.882 7
      vertex 26.179 -23.1396 7
      vertex 28.9823 -24.2522 7
    endloop
  endfacet
  facet normal 0 0 1
    outer loop
      vertex 26.179 -23.1396 7
      vertex 26.1376 -23.3091 7
      vertex 28.9823 -24.2522 7
    endloop
  endfacet
  facet normal 0 0 1
    outer loop
      vertex 26.1376 -23.3091 7
      vertex 26.0887 -23.4767 7
      vertex 28.9823 -24.2522 7
    endloop
  endfacet
  facet normal 0 0 1
    outer loop
      vertex 28.9823 -24.2522 7
      vertex 26.0887 -23.4767 7
      vertex 28.8095 -24.6154 7
    endloop
  endfacet
  facet normal 0 0 1
    outer loop
      vertex 26.0887 -23.4767 7
      vertex 26.0326 -23.6419 7
      vertex 28.8095 -24.6154 7
    endloop
  endfacet
  facet normal 0 0 1
    outer loop
      vertex 28.8095 -24.6154 7
      vertex 26.0326 -23.6419 7
      vertex 28.6213 -24.971 7
    endloop
  endfacet
  facet normal 0 0 1
    outer loop
      vertex 26.0326 -23.6419 7
      vertex 25.9694 -23.8046 7
      vertex 28.6213 -24.971 7
    endloop
  endfacet
  facet normal 0 0 1
    outer loop
      vertex 28.6213 -24.971 7
      vertex 25.9694 -23.8046 7
      vertex 28.4182 -25.3181 7
    endloop
  endfacet
  facet normal 0 0 1
    outer loop
      vertex 21.4081 -26.179 7
      vertex 21.2386 -26.1376 7
      vertex 22.3443 -29.6062 7
    endloop
  endfacet
  facet normal 0 0 1
    outer loop
      vertex 21.2386 -26.1376 7
      vertex 21.071 -26.0887 7
      vertex 22.3443 -29.6062 7
    endloop
  endfacet
  facet normal 0 0 1
    outer loop
      vertex 22.3443 -29.6062 7
      vertex 21.071 -26.0887 7
      vertex 20.9058 -26.0326 7
    endloop
  endfacet
  facet normal 0 0 1
    outer loop
      vertex 18.4102 -21.2386 7
      vertex 18.459 -21.071 7
      vertex 11.1318 -18.3938 7
    endloop
  endfacet
  facet normal 0 0 1
    outer loop
      vertex 18.459 -21.071 7
      vertex 18.5151 -20.9058 7
      vertex 11.1318 -18.3938 7
    endloop
  endfacet
  facet normal 0 0 1
    outer loop
      vertex 11.1318 -18.3938 7
      vertex 18.5151 -20.9058 7
      vertex 11.5519 -18.1329 7
    endloop
  endfacet
  facet normal 0 0 1
    outer loop
      vertex 18.5151 -20.9058 7
      vertex 12.3319 -17.6118 7
      vertex 11.5519 -18.1329 7
    endloop
  endfacet
  facet normal 0 0 1
    outer loop
      vertex 14.5252 -15.8515 7
      vertex 13.8199 -16.47 7
      vertex 18.9973 -19.9796 7
    endloop
  endfacet
  facet normal 0 0 1
    outer loop
      vertex 24.9762 -19.3248 7
      vertex 25.1023 -19.4454 7
      vertex 29.6062 -22.3443 7
    endloop
  endfacet
  facet normal 0 0 1
    outer loop
      vertex 25.1023 -19.4454 7
      vertex 25.223 -19.5715 7
      vertex 29.6062 -22.3443 7
    endloop
  endfacet
  facet normal 0 0 1
    outer loop
      vertex 29.6062 -22.3443 7
      vertex 25.223 -19.5715 7
      vertex 25.338 -19.7027 7
    endloop
  endfacet
  facet normal 0 0 1
    outer loop
      vertex 27.1916 -26.9072 7
      vertex 25.1023 -25.1023 7
      vertex 26.9072 -27.1916 7
    endloop
  endfacet
  facet normal 0 0 1
    outer loop
      vertex 25.1023 -25.1023 7
      vertex 24.9762 -25.223 7
      vertex 26.9072 -27.1916 7
    endloop
  endfacet
  facet normal 0 0 1
    outer loop
      vertex 26.9072 -27.1916 7
      vertex 24.9762 -25.223 7
      vertex 26.6109 -27.4636 7
    endloop
  endfacet
  facet normal 0 0 1
    outer loop
      vertex 24.9762 -25.223 7
      vertex 24.845 -25.338 7
      vertex 26.6109 -27.4636 7
    endloop
  endfacet
  facet normal 0 0 1
    outer loop
      vertex 26.6109 -27.4636 7
      vertex 24.845 -25.338 7
      vertex 26.3033 -27.7227 7
    endloop
  endfacet
  facet normal 0 0 1
    outer loop
      vertex 24.2522 -28.9823 7
      vertex 23.3091 -26.1376 7
      vertex 23.882 -29.1394 7
    endloop
  endfacet
  facet normal 0 0 1
    outer loop
      vertex 23.3091 -26.1376 7
      vertex 23.1396 -26.179 7
      vertex 23.882 -29.1394 7
    endloop
  endfacet
  facet normal 0 0 1
    outer loop
      vertex 23.882 -29.1394 7
      vertex 23.1396 -26.179 7
      vertex 23.5054 -29.2806 7
    endloop
  endfacet
  facet normal 0 0 1
    outer loop
      vertex 23.1396 -26.179 7
      vertex 22.9685 -26.2131 7
      vertex 23.5054 -29.2806 7
    endloop
  endfacet
  facet normal 0 0 1
    outer loop
      vertex 23.5054 -29.2806 7
      vertex 22.9685 -26.2131 7
      vertex 23.1231 -29.4057 7
    endloop
  endfacet
  facet normal 0 0 1
    outer loop
      vertex 22.9685 -26.2131 7
      vertex 22.796 -26.2396 7
      vertex 23.1231 -29.4057 7
    endloop
  endfacet
  facet normal 0 0 1
    outer loop
      vertex 23.1231 -29.4057 7
      vertex 22.796 -26.2396 7
      vertex 22.7358 -29.5143 7
    endloop
  endfacet
  facet normal 0 0 1
    outer loop
      vertex 20.9058 -26.0326 7
      vertex 20.7431 -25.9694 7
      vertex 22.3443 -29.6062 7
    endloop
  endfacet
  facet normal 0 0 1
    outer loop
      vertex 20.7431 -25.9694 7
      vertex 20.5834 -25.8991 7
      vertex 22.3443 -29.6062 7
    endloop
  endfacet
  facet normal 0 0 1
    outer loop
      vertex 22.3443 -29.6062 7
      vertex 20.5834 -25.8991 7
      vertex 20.4269 -25.8219 7
    endloop
  endfacet
  facet normal 0 0 1
    outer loop
      vertex 20.4269 -25.8219 7
      vertex 20.2739 -25.738 7
      vertex 22.3443 -29.6062 7
    endloop
  endfacet
  facet normal 0 0 1
    outer loop
      vertex 20.2739 -25.738 7
      vertex 20.1247 -25.6474 7
      vertex 22.3443 -29.6062 7
    endloop
  endfacet
  facet normal 0 0 1
    outer loop
      vertex 22.3443 -29.6062 7
      vertex 20.1247 -25.6474 7
      vertex 19.9796 -25.5505 7
    endloop
  endfacet
  facet normal 0 0 1
    outer loop
      vertex 18.2891 -22.6225 7
      vertex 11.1318 -18.3938 7
      vertex 18.3081 -22.796 7
    endloop
  endfacet
  facet normal 0 0 1
    outer loop
      vertex 11.1318 -18.3938 7
      vertex 18.3346 -22.9685 7
      vertex 18.3081 -22.796 7
    endloop
  endfacet
  facet normal 0 0 1
    outer loop
      vertex 18.2891 -22.6225 7
      vertex 18.2777 -22.4483 7
      vertex 11.1318 -18.3938 7
    endloop
  endfacet
  facet normal 0 0 1
    outer loop
      vertex 18.2777 -22.4483 7
      vertex 18.2739 -22.2739 7
      vertex 11.1318 -18.3938 7
    endloop
  endfacet
  facet normal 0 0 1
    outer loop
      vertex 11.1318 -18.3938 7
      vertex 18.2739 -22.2739 7
      vertex 18.2777 -22.0994 7
    endloop
  endfacet
  facet normal 0 0 1
    outer loop
      vertex 18.5151 -20.9058 7
      vertex 18.5783 -20.7431 7
      vertex 12.3319 -17.6118 7
    endloop
  endfacet
  facet normal 0 0 1
    outer loop
      vertex 18.5783 -20.7431 7
      vertex 18.6486 -20.5834 7
      vertex 12.3319 -17.6118 7
    endloop
  endfacet
  facet normal 0 0 1
    outer loop
      vertex 12.3319 -17.6118 7
      vertex 18.6486 -20.5834 7
      vertex 13.0884 -17.0571 7
    endloop
  endfacet
  facet normal 0 0 1
    outer loop
      vertex 19.5715 -19.3248 7
      vertex 19.7027 -19.2097 7
      vertex 15.8515 -14.5252 7
    endloop
  endfacet
  facet normal 0 0 1
    outer loop
      vertex 19.7027 -19.2097 7
      vertex 19.8388 -19.1004 7
      vertex 15.8515 -14.5252 7
    endloop
  endfacet
  facet normal 0 0 1
    outer loop
      vertex 15.8515 -14.5252 7
      vertex 19.8388 -19.1004 7
      vertex 16.47 -13.8199 7
    endloop
  endfacet
  facet normal 0 0 1
    outer loop
      vertex 19.8388 -19.1004 7
      vertex 19.9796 -18.9973 7
      vertex 16.47 -13.8199 7
    endloop
  endfacet
  facet normal 0 0 1
    outer loop
      vertex 23.8046 -18.5783 7
      vertex 23.9643 -18.6486 7
      vertex 18.3938 -11.1318 7
    endloop
  endfacet
  facet normal 0 0 1
    outer loop
      vertex 25.338 -19.7027 7
      vertex 25.4473 -19.8388 7
      vertex 29.6062 -22.3443 7
    endloop
  endfacet
  facet normal 0 0 1
    outer loop
      vertex 25.4473 -19.8388 7
      vertex 25.5505 -19.9796 7
      vertex 29.6062 -22.3443 7
    endloop
  endfacet
  facet normal 0 0 1
    outer loop
      vertex 29.6062 -22.3443 7
      vertex 25.5505 -19.9796 7
      vertex 25.6474 -20.1247 7
    endloop
  endfacet
  facet normal 0 0 1
    outer loop
      vertex 26.0887 -21.071 7
      vertex 26.1376 -21.2386 7
      vertex 29.6062 -22.3443 7
    endloop
  endfacet
  facet normal 0 0 1
    outer loop
      vertex 26.1376 -21.2386 7
      vertex 26.179 -21.4081 7
      vertex 29.6062 -22.3443 7
    endloop
  endfacet
  facet normal 0 0 1
    outer loop
      vertex 29.6062 -22.3443 7
      vertex 26.179 -21.4081 7
      vertex 26.2131 -21.5793 7
    endloop
  endfacet
  facet normal 0 0 1
    outer loop
      vertex 25.9694 -23.8046 7
      vertex 25.8991 -23.9643 7
      vertex 28.4182 -25.3181 7
    endloop
  endfacet
  facet normal 0 0 1
    outer loop
      vertex 25.8991 -23.9643 7
      vertex 25.8219 -24.1209 7
      vertex 28.4182 -25.3181 7
    endloop
  endfacet
  facet normal 0 0 1
    outer loop
      vertex 28.4182 -25.3181 7
      vertex 25.8219 -24.1209 7
      vertex 28.2005 -25.6563 7
    endloop
  endfacet
  facet normal 0 0 1
    outer loop
      vertex 25.8219 -24.1209 7
      vertex 25.738 -24.2739 7
      vertex 28.2005 -25.6563 7
    endloop
  endfacet
  facet normal 0 0 1
    outer loop
      vertex 28.2005 -25.6563 7
      vertex 25.738 -24.2739 7
      vertex 27.9685 -25.9849 7
    endloop
  endfacet
  facet normal 0 0 1
    outer loop
      vertex 25.738 -24.2739 7
      vertex 25.6474 -24.4231 7
      vertex 27.9685 -25.9849 7
    endloop
  endfacet
  facet normal 0 0 1
    outer loop
      vertex 27.9685 -25.9849 7
      vertex 25.6474 -24.4231 7
      vertex 27.7227 -26.3033 7
    endloop
  endfacet
  facet normal 0 0 1
    outer loop
      vertex 22.796 -26.2396 7
      vertex 22.6225 -26.2586 7
      vertex 22.7358 -29.5143 7
    endloop
  endfacet
  facet normal 0 0 1
    outer loop
      vertex 22.6225 -26.2586 7
      vertex 22.4483 -26.2701 7
      vertex 22.7358 -29.5143 7
    endloop
  endfacet
  facet normal 0 0 1
    outer loop
      vertex 22.7358 -29.5143 7
      vertex 22.4483 -26.2701 7
      vertex 22.3443 -29.6062 7
    endloop
  endfacet
  facet normal 0 0 1
    outer loop
      vertex 22.4483 -26.2701 7
      vertex 22.2739 -26.2739 7
      vertex 22.3443 -29.6062 7
    endloop
  endfacet
  facet normal 0 0 1
    outer loop
      vertex 22.3443 -29.6062 7
      vertex 22.2739 -26.2739 7
      vertex 22.0994 -26.2701 7
    endloop
  endfacet
  facet normal 0 0 1
    outer loop
      vertex 22.0994 -26.2701 7
      vertex 21.9252 -26.2586 7
      vertex 22.3443 -29.6062 7
    endloop
  endfacet
  facet normal 0 0 1
    outer loop
      vertex 21.9252 -26.2586 7
      vertex 21.7518 -26.2396 7
      vertex 22.3443 -29.6062 7
    endloop
  endfacet
  facet normal 0 0 1
    outer loop
      vertex 22.3443 -29.6062 7
      vertex 21.7518 -26.2396 7
      vertex 21.5793 -26.2131 7
    endloop
  endfacet
  facet normal 0 0 1
    outer loop
      vertex 19.9796 -25.5505 7
      vertex 19.8388 -25.4473 7
      vertex 22.3443 -29.6062 7
    endloop
  endfacet
  facet normal 0 0 1
    outer loop
      vertex 19.8388 -25.4473 7
      vertex 19.7027 -25.338 7
      vertex 22.3443 -29.6062 7
    endloop
  endfacet
  facet normal 0 0 1
    outer loop
      vertex 22.3443 -29.6062 7
      vertex 19.7027 -25.338 7
      vertex 19.5715 -25.223 7
    endloop
  endfacet
  facet normal 0 0 1
    outer loop
      vertex 18.2777 -22.0994 7
      vertex 18.2891 -21.9252 7
      vertex 11.1318 -18.3938 7
    endloop
  endfacet
  facet normal 0 0 1
    outer loop
      vertex 18.2891 -21.9252 7
      vertex 18.3081 -21.7518 7
      vertex 11.1318 -18.3938 7
    endloop
  endfacet
  facet normal 0 0 1
    outer loop
      vertex 11.1318 -18.3938 7
      vertex 18.3081 -21.7518 7
      vertex 18.3346 -21.5793 7
    endloop
  endfacet
  facet normal 0 0 1
    outer loop
      vertex 18.6486 -20.5834 7
      vertex 18.7258 -20.4269 7
      vertex 13.0884 -17.0571 7
    endloop
  endfacet
  facet normal 0 0 1
    outer loop
      vertex 18.7258 -20.4269 7
      vertex 18.8098 -20.2739 7
      vertex 13.0884 -17.0571 7
    endloop
  endfacet
  facet normal 0 0 1
    outer loop
      vertex 13.0884 -17.0571 7
      vertex 18.8098 -20.2739 7
      vertex 13.8199 -16.47 7
    endloop
  endfacet
  facet normal 0 0 1
    outer loop
      vertex 18.8098 -20.2739 7
      vertex 18.9003 -20.1247 7
      vertex 13.8199 -16.47 7
    endloop
  endfacet
  facet normal 0 0 1
    outer loop
      vertex 13.8199 -16.47 7
      vertex 18.9003 -20.1247 7
      vertex 18.9973 -19.9796 7
    endloop
  endfacet
  facet normal 0 0 1
    outer loop
      vertex 18.9973 -19.9796 7
      vertex 19.1004 -19.8388 7
      vertex 14.5252 -15.8515 7
    endloop
  endfacet
  facet normal 0 0 1
    outer loop
      vertex 19.1004 -19.8388 7
      vertex 19.2097 -19.7027 7
      vertex 14.5252 -15.8515 7
    endloop
  endfacet
  facet normal 0 0 1
    outer loop
      vertex 14.5252 -15.8515 7
      vertex 19.2097 -19.7027 7
      vertex 15.2028 -15.2028 7
    endloop
  endfacet
  facet normal 0 0 1
    outer loop
      vertex 19.2097 -19.7027 7
      vertex 19.3248 -19.5715 7
      vertex 15.2028 -15.2028 7
    endloop
  endfacet
  facet normal 0 0 1
    outer loop
      vertex 15.2028 -15.2028 7
      vertex 19.3248 -19.5715 7
      vertex 19.4454 -19.4454 7
    endloop
  endfacet
  facet normal 0 0 1
    outer loop
      vertex 25.6474 -20.1247 7
      vertex 25.738 -20.2739 7
      vertex 29.6062 -22.3443 7
    endloop
  endfacet
  facet normal 0 0 1
    outer loop
      vertex 25.738 -20.2739 7
      vertex 25.8219 -20.4269 7
      vertex 29.6062 -22.3443 7
    endloop
  endfacet
  facet normal 0 0 1
    outer loop
      vertex 29.6062 -22.3443 7
      vertex 25.8219 -20.4269 7
      vertex 25.8991 -20.5834 7
    endloop
  endfacet
  facet normal 0 0 1
    outer loop
      vertex 25.6474 -24.4231 7
      vertex 25.5505 -24.5682 7
      vertex 27.7227 -26.3033 7
    endloop
  endfacet
  facet normal 0 0 1
    outer loop
      vertex 25.5505 -24.5682 7
      vertex 25.4473 -24.7089 7
      vertex 27.7227 -26.3033 7
    endloop
  endfacet
  facet normal 0 0 1
    outer loop
      vertex 27.7227 -26.3033 7
      vertex 25.4473 -24.7089 7
      vertex 27.4636 -26.6109 7
    endloop
  endfacet
  facet normal 0 0 1
    outer loop
      vertex 25.4473 -24.7089 7
      vertex 25.338 -24.845 7
      vertex 27.4636 -26.6109 7
    endloop
  endfacet
  facet normal 0 0 1
    outer loop
      vertex 27.4636 -26.6109 7
      vertex 25.338 -24.845 7
      vertex 27.1916 -26.9072 7
    endloop
  endfacet
  facet normal 0 0 1
    outer loop
      vertex 25.338 -24.845 7
      vertex 25.223 -24.9762 7
      vertex 27.1916 -26.9072 7
    endloop
  endfacet
  facet normal 0 0 1
    outer loop
      vertex 27.1916 -26.9072 7
      vertex 25.223 -24.9762 7
      vertex 25.1023 -25.1023 7
    endloop
  endfacet
  facet normal 0 0 1
    outer loop
      vertex 19.9796 -18.9973 7
      vertex 20.1247 -18.9003 7
      vertex 16.47 -13.8199 7
    endloop
  endfacet
  facet normal 0 0 1
    outer loop
      vertex 20.1247 -18.9003 7
      vertex 20.2739 -18.8098 7
      vertex 16.47 -13.8199 7
    endloop
  endfacet
  facet normal 0 0 1
    outer loop
      vertex 16.47 -13.8199 7
      vertex 20.2739 -18.8098 7
      vertex 17.0571 -13.0884 7
    endloop
  endfacet
  facet normal 0 0 1
    outer loop
      vertex 20.2739 -18.8098 7
      vertex 20.4269 -18.7258 7
      vertex 17.0571 -13.0884 7
    endloop
  endfacet
  facet normal 0 0 1
    outer loop
      vertex 17.0571 -13.0884 7
      vertex 20.4269 -18.7258 7
      vertex 17.6118 -12.3319 7
    endloop
  endfacet
  facet normal 0 0 1
    outer loop
      vertex 20.4269 -18.7258 7
      vertex 20.5834 -18.6486 7
      vertex 17.6118 -12.3319 7
    endloop
  endfacet
  facet normal 0 0 1
    outer loop
      vertex 17.6118 -12.3319 7
      vertex 20.5834 -18.6486 7
      vertex 20.7431 -18.5783 7
    endloop
  endfacet
  facet normal 0 0 1
    outer loop
      vertex 21.071 -18.459 7
      vertex 18.3938 -11.1318 7
      vertex 20.9058 -18.5151 7
    endloop
  endfacet
  facet normal 0 0 1
    outer loop
      vertex 18.3938 -11.1318 7
      vertex 18.1329 -11.5519 7
      vertex 20.9058 -18.5151 7
    endloop
  endfacet
  facet normal 0 0 1
    outer loop
      vertex 20.9058 -18.5151 7
      vertex 18.1329 -11.5519 7
      vertex 17.6118 -12.3319 7
    endloop
  endfacet
  facet normal 0 0 1
    outer loop
      vertex 18.3938 -11.1318 7
      vertex 23.1396 -18.3687 7
      vertex 23.3091 -18.4102 7
    endloop
  endfacet
  facet normal 0 0 1
    outer loop
      vertex 25.8991 -20.5834 7
      vertex 25.9694 -20.7431 7
      vertex 29.6062 -22.3443 7
    endloop
  endfacet
  facet normal 0 0 1
    outer loop
      vertex 25.9694 -20.7431 7
      vertex 26.0326 -20.9058 7
      vertex 29.6062 -22.3443 7
    endloop
  endfacet
  facet normal 0 0 1
    outer loop
      vertex 29.6062 -22.3443 7
      vertex 26.0326 -20.9058 7
      vertex 26.0887 -21.071 7
    endloop
  endfacet
  facet normal 0 0 1
    outer loop
      vertex 24.845 -25.338 7
      vertex 24.7089 -25.4473 7
      vertex 26.3033 -27.7227 7
    endloop
  endfacet
  facet normal 0 0 1
    outer loop
      vertex 24.7089 -25.4473 7
      vertex 24.5682 -25.5505 7
      vertex 26.3033 -27.7227 7
    endloop
  endfacet
  facet normal 0 0 1
    outer loop
      vertex 26.3033 -27.7227 7
      vertex 24.5682 -25.5505 7
      vertex 25.9849 -27.9685 7
    endloop
  endfacet
  facet normal 0 0 1
    outer loop
      vertex 24.5682 -25.5505 7
      vertex 24.4231 -25.6474 7
      vertex 25.9849 -27.9685 7
    endloop
  endfacet
  facet normal 0 0 1
    outer loop
      vertex 25.9849 -27.9685 7
      vertex 24.4231 -25.6474 7
      vertex 25.6563 -28.2005 7
    endloop
  endfacet
  facet normal 0 0 1
    outer loop
      vertex 24.4231 -25.6474 7
      vertex 24.2739 -25.738 7
      vertex 25.6563 -28.2005 7
    endloop
  endfacet
  facet normal 0 0 1
    outer loop
      vertex 25.6563 -28.2005 7
      vertex 24.2739 -25.738 7
      vertex 25.3181 -28.4182 7
    endloop
  endfacet
  facet normal 0 0 1
    outer loop
      vertex 24.2739 -25.738 7
      vertex 24.1209 -25.8219 7
      vertex 25.3181 -28.4182 7
    endloop
  endfacet
  facet normal 0 0 1
    outer loop
      vertex 24.1209 -25.8219 7
      vertex 23.9643 -25.8991 7
      vertex 25.3181 -28.4182 7
    endloop
  endfacet
  facet normal 0 0 1
    outer loop
      vertex 25.3181 -28.4182 7
      vertex 23.9643 -25.8991 7
      vertex 24.971 -28.6213 7
    endloop
  endfacet
  facet normal 0 0 1
    outer loop
      vertex 23.9643 -25.8991 7
      vertex 23.8046 -25.9694 7
      vertex 24.971 -28.6213 7
    endloop
  endfacet
  facet normal 0 0 1
    outer loop
      vertex 24.971 -28.6213 7
      vertex 23.8046 -25.9694 7
      vertex 24.6154 -28.8095 7
    endloop
  endfacet
  facet normal 0 0 1
    outer loop
      vertex 23.8046 -25.9694 7
      vertex 23.6419 -26.0326 7
      vertex 24.6154 -28.8095 7
    endloop
  endfacet
  facet normal 0 0 1
    outer loop
      vertex 24.6154 -28.8095 7
      vertex 23.6419 -26.0326 7
      vertex 24.2522 -28.9823 7
    endloop
  endfacet
  facet normal 0 0 1
    outer loop
      vertex 23.6419 -26.0326 7
      vertex 23.4767 -26.0887 7
      vertex 24.2522 -28.9823 7
    endloop
  endfacet
  facet normal 0 0 1
    outer loop
      vertex 24.2522 -28.9823 7
      vertex 23.4767 -26.0887 7
      vertex 23.3091 -26.1376 7
    endloop
  endfacet
  facet normal 0 0 1
    outer loop
      vertex 19.5715 -25.223 7
      vertex 19.4454 -25.1023 7
      vertex 22.3443 -29.6062 7
    endloop
  endfacet
  facet normal 0 0 1
    outer loop
      vertex 19.4454 -25.1023 7
      vertex 19.3248 -24.9762 7
      vertex 22.3443 -29.6062 7
    endloop
  endfacet
  facet normal 0 0 1
    outer loop
      vertex 22.3443 -29.6062 7
      vertex 19.3248 -24.9762 7
      vertex 11.1318 -18.3938 7
    endloop
  endfacet
  facet normal 0 0 1
    outer loop
      vertex 19.3248 -24.9762 7
      vertex 19.2097 -24.845 7
      vertex 11.1318 -18.3938 7
    endloop
  endfacet
  facet normal 0 0 1
    outer loop
      vertex 11.1318 -18.3938 7
      vertex 19.2097 -24.845 7
      vertex 19.1004 -24.7089 7
    endloop
  endfacet
  facet normal 0 0 1
    outer loop
      vertex 11.1318 -18.3938 7
      vertex 18.8098 -24.2739 7
      vertex 18.7258 -24.1209 7
    endloop
  endfacet
  facet normal 0 0 1
    outer loop
      vertex 11.1318 -18.3938 7
      vertex 18.5151 -23.6419 7
      vertex 18.459 -23.4767 7
    endloop
  endfacet
  facet normal 0 0 1
    outer loop
      vertex 21.071 -18.459 7
      vertex 21.2386 -18.4102 7
      vertex 18.3938 -11.1318 7
    endloop
  endfacet
  facet normal 0 0 1
    outer loop
      vertex 21.2386 -18.4102 7
      vertex 21.4081 -18.3687 7
      vertex 18.3938 -11.1318 7
    endloop
  endfacet
  facet normal 0 0 1
    outer loop
      vertex 18.3938 -11.1318 7
      vertex 21.4081 -18.3687 7
      vertex 21.5793 -18.3346 7
    endloop
  endfacet
  facet normal 0 0 1
    outer loop
      vertex 22.0994 -18.2777 7
      vertex 22.2739 -18.2739 7
      vertex 18.3938 -11.1318 7
    endloop
  endfacet
  facet normal 0 0 1
    outer loop
      vertex 22.2739 -18.2739 7
      vertex 22.4483 -18.2777 7
      vertex 18.3938 -11.1318 7
    endloop
  endfacet
  facet normal 0 0 1
    outer loop
      vertex 18.3938 -11.1318 7
      vertex 22.4483 -18.2777 7
      vertex 22.6225 -18.2891 7
    endloop
  endfacet
  facet normal 0 0 1
    outer loop
      vertex 22.6225 -18.2891 7
      vertex 22.796 -18.3081 7
      vertex 18.3938 -11.1318 7
    endloop
  endfacet
  facet normal 0 0 1
    outer loop
      vertex 22.796 -18.3081 7
      vertex 22.9685 -18.3346 7
      vertex 18.3938 -11.1318 7
    endloop
  endfacet
  facet normal 0 0 1
    outer loop
      vertex 18.3938 -11.1318 7
      vertex 22.9685 -18.3346 7
      vertex 23.1396 -18.3687 7
    endloop
  endfacet
  facet normal 0 0 1
    outer loop
      vertex 23.3091 -18.4102 7
      vertex 23.4767 -18.459 7
      vertex 18.3938 -11.1318 7
    endloop
  endfacet
  facet normal 0 0 1
    outer loop
      vertex 23.4767 -18.459 7
      vertex 23.6419 -18.5151 7
      vertex 18.3938 -11.1318 7
    endloop
  endfacet
  facet normal 0 0 1
    outer loop
      vertex 18.3938 -11.1318 7
      vertex 23.6419 -18.5151 7
      vertex 23.8046 -18.5783 7
    endloop
  endfacet
  facet normal 0 0 1
    outer loop
      vertex 23.9643 -18.6486 7
      vertex 24.1209 -18.7258 7
      vertex 18.3938 -11.1318 7
    endloop
  endfacet
  facet normal 0 0 1
    outer loop
      vertex 24.1209 -18.7258 7
      vertex 24.2739 -18.8098 7
      vertex 18.3938 -11.1318 7
    endloop
  endfacet
  facet normal 0 0 1
    outer loop
      vertex 18.3938 -11.1318 7
      vertex 24.2739 -18.8098 7
      vertex 24.4231 -18.9003 7
    endloop
  endfacet
  facet normal 0 0 1
    outer loop
      vertex 24.4231 -18.9003 7
      vertex 24.5682 -18.9973 7
      vertex 18.3938 -11.1318 7
    endloop
  endfacet
  facet normal 0 0 1
    outer loop
      vertex 24.5682 -18.9973 7
      vertex 24.7089 -19.1004 7
      vertex 18.3938 -11.1318 7
    endloop
  endfacet
  facet normal 0 0 1
    outer loop
      vertex 18.3938 -11.1318 7
      vertex 24.7089 -19.1004 7
      vertex 24.845 -19.2097 7
    endloop
  endfacet
  facet normal 0 0 1
    outer loop
      vertex 19.1004 -24.7089 7
      vertex 18.9973 -24.5682 7
      vertex 11.1318 -18.3938 7
    endloop
  endfacet
  facet normal 0 0 1
    outer loop
      vertex 18.9973 -24.5682 7
      vertex 18.9003 -24.4231 7
      vertex 11.1318 -18.3938 7
    endloop
  endfacet
  facet normal 0 0 1
    outer loop
      vertex 11.1318 -18.3938 7
      vertex 18.9003 -24.4231 7
      vertex 18.8098 -24.2739 7
    endloop
  endfacet
  facet normal 0 0 1
    outer loop
      vertex 18.7258 -24.1209 7
      vertex 18.6486 -23.9643 7
      vertex 11.1318 -18.3938 7
    endloop
  endfacet
  facet normal 0 0 1
    outer loop
      vertex 18.6486 -23.9643 7
      vertex 18.5783 -23.8046 7
      vertex 11.1318 -18.3938 7
    endloop
  endfacet
  facet normal 0 0 1
    outer loop
      vertex 11.1318 -18.3938 7
      vertex 18.5783 -23.8046 7
      vertex 18.5151 -23.6419 7
    endloop
  endfacet
  facet normal 0 0 1
    outer loop
      vertex 18.459 -23.4767 7
      vertex 18.4102 -23.3091 7
      vertex 11.1318 -18.3938 7
    endloop
  endfacet
  facet normal 0 0 1
    outer loop
      vertex 18.4102 -23.3091 7
      vertex 18.3687 -23.1396 7
      vertex 11.1318 -18.3938 7
    endloop
  endfacet
  facet normal 0 0 1
    outer loop
      vertex 11.1318 -18.3938 7
      vertex 18.3687 -23.1396 7
      vertex 18.3346 -22.9685 7
    endloop
  endfacet
  facet normal 0 0 1
    outer loop
      vertex 21.5793 -18.3346 7
      vertex 21.7518 -18.3081 7
      vertex 18.3938 -11.1318 7
    endloop
  endfacet
  facet normal 0 0 1
    outer loop
      vertex 21.7518 -18.3081 7
      vertex 21.9252 -18.2891 7
      vertex 18.3938 -11.1318 7
    endloop
  endfacet
  facet normal 0 0 1
    outer loop
      vertex 18.3938 -11.1318 7
      vertex 21.9252 -18.2891 7
      vertex 22.0994 -18.2777 7
    endloop
  endfacet
  facet normal 0.939693 -0.34202 0
    outer loop
      vertex 18.0312 -18.0312 178
      vertex 20.0833 -12.3931 178
      vertex 18.0312 -18.0312 185
    endloop
  endfacet
  facet normal 0.939693 -0.34202 0
    outer loop
      vertex 20.0833 -12.3931 178
      vertex 20.0833 -12.3931 185
      vertex 18.0312 -18.0312 185
    endloop
  endfacet
  facet normal -0.92388 0.382683 0
    outer loop
      vertex 6.67783 16.1217 30.1241
      vertex 7.44319 17.9695 30.1241
      vertex 6.67783 16.1217 1
    endloop
  endfacet
  facet normal -0.92388 0.382683 0
    outer loop
      vertex 7.44319 17.9695 30.1241
      vertex 7.44319 17.9695 1
      vertex 6.67783 16.1217 1
    endloop
  endfacet
  facet normal 0 0 -1
    outer loop
      vertex 8.98101 -17.2524 0
      vertex 9.725 -16.8442 0
      vertex 11.1318 -18.3938 0
    endloop
  endfacet
  facet normal 0 0 -1
    outer loop
      vertex 8.98101 -17.2524 0
      vertex 11.1318 -18.3938 0
      vertex 8.21992 -17.6277 0
    endloop
  endfacet
  facet normal 0 0 -1
    outer loop
      vertex 26.2701 -22.0994 0
      vertex 26.2586 -21.9252 0
      vertex 29.6062 -22.3443 0
    endloop
  endfacet
  facet normal 0 0 -1
    outer loop
      vertex 2.53873 -19.2836 0
      vertex 3.37746 -19.1545 0
      vertex 11.1318 -18.3938 0
    endloop
  endfacet
  facet normal 0 0 -1
    outer loop
      vertex 20.4269 -18.7258 0
      vertex 20.2739 -18.8098 0
      vertex 15.4307 -11.8404 0
    endloop
  endfacet
  facet normal 0 0 -1
    outer loop
      vertex 3.37746 -19.1545 0
      vertex 4.20975 -18.989 0
      vertex 11.1318 -18.3938 0
    endloop
  endfacet
  facet normal 0 0 -1
    outer loop
      vertex 4.20975 -18.989 0
      vertex 5.03403 -18.7873 0
      vertex 11.1318 -18.3938 0
    endloop
  endfacet
  facet normal 0 0 -1
    outer loop
      vertex 11.1318 -18.3938 0
      vertex 5.03403 -18.7873 0
      vertex 5.84873 -18.5498 0
    endloop
  endfacet
  facet normal 0 0 -1
    outer loop
      vertex 5.84873 -18.5498 0
      vertex 6.65229 -18.277 0
      vertex 11.1318 -18.3938 0
    endloop
  endfacet
  facet normal 0 0 -1
    outer loop
      vertex 6.65229 -18.277 0
      vertex 7.44319 -17.9695 0
      vertex 11.1318 -18.3938 0
    endloop
  endfacet
  facet normal 0 0 -1
    outer loop
      vertex 11.1318 -18.3938 0
      vertex 7.44319 -17.9695 0
      vertex 8.21992 -17.6277 0
    endloop
  endfacet
  facet normal 0 0 -1
    outer loop
      vertex 18.2891 -21.9252 0
      vertex 18.2777 -22.0994 0
      vertex 9.725 -16.8442 0
    endloop
  endfacet
  facet normal 0 0 -1
    outer loop
      vertex 18.2777 -22.0994 0
      vertex 18.2739 -22.2739 0
      vertex 9.725 -16.8442 0
    endloop
  endfacet
  facet normal 0 0 -1
    outer loop
      vertex 9.725 -16.8442 0
      vertex 18.2739 -22.2739 0
      vertex 11.1318 -18.3938 0
    endloop
  endfacet
  facet normal 0 0 -1
    outer loop
      vertex 18.2739 -22.2739 0
      vertex 18.2777 -22.4483 0
      vertex 11.1318 -18.3938 0
    endloop
  endfacet
  facet normal 0 0 -1
    outer loop
      vertex 11.1318 -18.3938 0
      vertex 18.2777 -22.4483 0
      vertex 18.2891 -22.6225 0
    endloop
  endfacet
  facet normal 0 0 -1
    outer loop
      vertex 20.1247 -25.6474 0
      vertex 20.2739 -25.738 0
      vertex 22.3443 -29.6062 0
    endloop
  endfacet
  facet normal 0 0 -1
    outer loop
      vertex 20.7431 -25.9694 0
      vertex 20.9058 -26.0326 0
      vertex 22.3443 -29.6062 0
    endloop
  endfacet
  facet normal 0 0 -1
    outer loop
      vertex 20.9058 -26.0326 0
      vertex 21.071 -26.0887 0
      vertex 22.3443 -29.6062 0
    endloop
  endfacet
  facet normal 0 0 -1
    outer loop
      vertex 22.3443 -29.6062 0
      vertex 21.071 -26.0887 0
      vertex 21.2386 -26.1376 0
    endloop
  endfacet
  facet normal 0 0 -1
    outer loop
      vertex 21.2386 -26.1376 0
      vertex 21.4081 -26.179 0
      vertex 22.3443 -29.6062 0
    endloop
  endfacet
  facet normal 0 0 -1
    outer loop
      vertex 21.4081 -26.179 0
      vertex 21.5793 -26.2131 0
      vertex 22.3443 -29.6062 0
    endloop
  endfacet
  facet normal 0 0 -1
    outer loop
      vertex 22.3443 -29.6062 0
      vertex 21.5793 -26.2131 0
      vertex 21.7518 -26.2396 0
    endloop
  endfacet
  facet normal 0 0 -1
    outer loop
      vertex 26.2586 -21.9252 0
      vertex 26.2396 -21.7518 0
      vertex 29.6062 -22.3443 0
    endloop
  endfacet
  facet normal 0 0 -1
    outer loop
      vertex 26.2396 -21.7518 0
      vertex 26.2131 -21.5793 0
      vertex 29.6062 -22.3443 0
    endloop
  endfacet
  facet normal 0 0 -1
    outer loop
      vertex 29.6062 -22.3443 0
      vertex 26.2131 -21.5793 0
      vertex 26.179 -21.4081 0
    endloop
  endfacet
  facet normal 0 0 -1
    outer loop
      vertex 18.5151 -20.9058 0
      vertex 18.459 -21.071 0
      vertex 9.725 -16.8442 0
    endloop
  endfacet
  facet normal 0 0 -1
    outer loop
      vertex 18.459 -21.071 0
      vertex 18.4102 -21.2386 0
      vertex 9.725 -16.8442 0
    endloop
  endfacet
  facet normal 0 0 -1
    outer loop
      vertex 9.725 -16.8442 0
      vertex 18.4102 -21.2386 0
      vertex 18.3687 -21.4081 0
    endloop
  endfacet
  facet normal 0 0 -1
    outer loop
      vertex 18.2891 -22.6225 0
      vertex 18.3081 -22.796 0
      vertex 11.1318 -18.3938 0
    endloop
  endfacet
  facet normal 0 0 -1
    outer loop
      vertex 18.3081 -22.796 0
      vertex 18.3346 -22.9685 0
      vertex 11.1318 -18.3938 0
    endloop
  endfacet
  facet normal 0 0 -1
    outer loop
      vertex 11.1318 -18.3938 0
      vertex 18.3346 -22.9685 0
      vertex 18.3687 -23.1396 0
    endloop
  endfacet
  facet normal 0 0 -1
    outer loop
      vertex 20.2739 -25.738 0
      vertex 20.4269 -25.8219 0
      vertex 22.3443 -29.6062 0
    endloop
  endfacet
  facet normal 0 0 -1
    outer loop
      vertex 20.4269 -25.8219 0
      vertex 20.5834 -25.8991 0
      vertex 22.3443 -29.6062 0
    endloop
  endfacet
  facet normal 0 0 -1
    outer loop
      vertex 22.3443 -29.6062 0
      vertex 20.5834 -25.8991 0
      vertex 20.7431 -25.9694 0
    endloop
  endfacet
  facet normal 0 0 -1
    outer loop
      vertex 25.8219 -20.4269 0
      vertex 25.738 -20.2739 0
      vertex 29.6062 -22.3443 0
    endloop
  endfacet
  facet normal 0 0 -1
    outer loop
      vertex 25.4473 -19.8388 0
      vertex 25.338 -19.7027 0
      vertex 29.6062 -22.3443 0
    endloop
  endfacet
  facet normal 0 0 -1
    outer loop
      vertex 25.338 -19.7027 0
      vertex 25.223 -19.5715 0
      vertex 29.6062 -22.3443 0
    endloop
  endfacet
  facet normal 0 0 -1
    outer loop
      vertex 24.845 -19.2097 0
      vertex 18.3938 -11.1318 0
      vertex 24.9762 -19.3248 0
    endloop
  endfacet
  facet normal 0 0 -1
    outer loop
      vertex 18.3938 -11.1318 0
      vertex 29.6062 -22.3443 0
      vertex 24.9762 -19.3248 0
    endloop
  endfacet
  facet normal 0 0 -1
    outer loop
      vertex 24.9762 -19.3248 0
      vertex 29.6062 -22.3443 0
      vertex 25.1023 -19.4454 0
    endloop
  endfacet
  facet normal 0 0 -1
    outer loop
      vertex 29.6062 -22.3443 0
      vertex 25.223 -19.5715 0
      vertex 25.1023 -19.4454 0
    endloop
  endfacet
  facet normal 0 0 -1
    outer loop
      vertex 20.2739 -18.8098 0
      vertex 20.1247 -18.9003 0
      vertex 15.4307 -11.8404 0
    endloop
  endfacet
  facet normal 0 0 -1
    outer loop
      vertex 20.1247 -18.9003 0
      vertex 19.9796 -18.9973 0
      vertex 15.4307 -11.8404 0
    endloop
  endfacet
  facet normal 0 0 -1
    outer loop
      vertex 15.4307 -11.8404 0
      vertex 19.9796 -18.9973 0
      vertex 14.8996 -12.5022 0
    endloop
  endfacet
  facet normal 0 0 -1
    outer loop
      vertex 19.9796 -18.9973 0
      vertex 19.8388 -19.1004 0
      vertex 14.8996 -12.5022 0
    endloop
  endfacet
  facet normal 0 0 -1
    outer loop
      vertex 14.8996 -12.5022 0
      vertex 19.8388 -19.1004 0
      vertex 14.34 -13.1402 0
    endloop
  endfacet
  facet normal 0 0 -1
    outer loop
      vertex 11.8404 -15.4307 0
      vertex 12.5022 -14.8996 0
      vertex 19.1004 -19.8388 0
    endloop
  endfacet
  facet normal 0 0 -1
    outer loop
      vertex 12.5022 -14.8996 0
      vertex 13.1402 -14.34 0
      vertex 19.1004 -19.8388 0
    endloop
  endfacet
  facet normal 0 0 -1
    outer loop
      vertex 19.1004 -19.8388 0
      vertex 13.1402 -14.34 0
      vertex 19.2097 -19.7027 0
    endloop
  endfacet
  facet normal 0 0 -1
    outer loop
      vertex 18.3687 -21.4081 0
      vertex 18.3346 -21.5793 0
      vertex 9.725 -16.8442 0
    endloop
  endfacet
  facet normal 0 0 -1
    outer loop
      vertex 18.3346 -21.5793 0
      vertex 18.3081 -21.7518 0
      vertex 9.725 -16.8442 0
    endloop
  endfacet
  facet normal 0 0 -1
    outer loop
      vertex 9.725 -16.8442 0
      vertex 18.3081 -21.7518 0
      vertex 18.2891 -21.9252 0
    endloop
  endfacet
  facet normal 0 0 -1
    outer loop
      vertex 18.5151 -23.6419 0
      vertex 18.5783 -23.8046 0
      vertex 11.1318 -18.3938 0
    endloop
  endfacet
  facet normal 0 0 -1
    outer loop
      vertex 19.7027 -25.338 0
      vertex 22.3443 -29.6062 0
      vertex 19.5715 -25.223 0
    endloop
  endfacet
  facet normal 0 0 -1
    outer loop
      vertex 22.3443 -29.6062 0
      vertex 19.4454 -25.1023 0
      vertex 19.5715 -25.223 0
    endloop
  endfacet
  facet normal 0 0 -1
    outer loop
      vertex 19.7027 -25.338 0
      vertex 19.8388 -25.4473 0
      vertex 22.3443 -29.6062 0
    endloop
  endfacet
  facet normal 0 0 -1
    outer loop
      vertex 19.8388 -25.4473 0
      vertex 19.9796 -25.5505 0
      vertex 22.3443 -29.6062 0
    endloop
  endfacet
  facet normal 0 0 -1
    outer loop
      vertex 22.3443 -29.6062 0
      vertex 19.9796 -25.5505 0
      vertex 20.1247 -25.6474 0
    endloop
  endfacet
  facet normal 0 0 -1
    outer loop
      vertex 26.3033 -27.7227 0
      vertex 24.7089 -25.4473 0
      vertex 26.6109 -27.4636 0
    endloop
  endfacet
  facet normal 0 0 -1
    outer loop
      vertex 24.7089 -25.4473 0
      vertex 24.845 -25.338 0
      vertex 26.6109 -27.4636 0
    endloop
  endfacet
  facet normal 0 0 -1
    outer loop
      vertex 26.6109 -27.4636 0
      vertex 24.845 -25.338 0
      vertex 26.9072 -27.1916 0
    endloop
  endfacet
  facet normal 0 0 -1
    outer loop
      vertex 24.845 -25.338 0
      vertex 24.9762 -25.223 0
      vertex 26.9072 -27.1916 0
    endloop
  endfacet
  facet normal 0 0 -1
    outer loop
      vertex 26.9072 -27.1916 0
      vertex 24.9762 -25.223 0
      vertex 27.1916 -26.9072 0
    endloop
  endfacet
  facet normal 0 0 -1
    outer loop
      vertex 28.4182 -25.3181 0
      vertex 25.8991 -23.9643 0
      vertex 28.6213 -24.971 0
    endloop
  endfacet
  facet normal 0 0 -1
    outer loop
      vertex 25.8991 -23.9643 0
      vertex 25.9694 -23.8046 0
      vertex 28.6213 -24.971 0
    endloop
  endfacet
  facet normal 0 0 -1
    outer loop
      vertex 28.6213 -24.971 0
      vertex 25.9694 -23.8046 0
      vertex 28.8095 -24.6154 0
    endloop
  endfacet
  facet normal 0 0 -1
    outer loop
      vertex 25.9694 -23.8046 0
      vertex 26.0326 -23.6419 0
      vertex 28.8095 -24.6154 0
    endloop
  endfacet
  facet normal 0 0 -1
    outer loop
      vertex 28.8095 -24.6154 0
      vertex 26.0326 -23.6419 0
      vertex 28.9823 -24.2522 0
    endloop
  endfacet
  facet normal 0 0 -1
    outer loop
      vertex 26.0326 -23.6419 0
      vertex 26.0887 -23.4767 0
      vertex 28.9823 -24.2522 0
    endloop
  endfacet
  facet normal 0 0 -1
    outer loop
      vertex 26.0887 -23.4767 0
      vertex 26.1376 -23.3091 0
      vertex 28.9823 -24.2522 0
    endloop
  endfacet
  facet normal 0 0 -1
    outer loop
      vertex 28.9823 -24.2522 0
      vertex 26.1376 -23.3091 0
      vertex 29.1394 -23.882 0
    endloop
  endfacet
  facet normal 0 0 -1
    outer loop
      vertex 26.1376 -23.3091 0
      vertex 26.179 -23.1396 0
      vertex 29.1394 -23.882 0
    endloop
  endfacet
  facet normal 0 0 -1
    outer loop
      vertex 29.1394 -23.882 0
      vertex 26.179 -23.1396 0
      vertex 29.2806 -23.5054 0
    endloop
  endfacet
  facet normal 0 0 -1
    outer loop
      vertex 26.179 -23.1396 0
      vertex 26.2131 -22.9685 0
      vertex 29.2806 -23.5054 0
    endloop
  endfacet
  facet normal 0 0 -1
    outer loop
      vertex 29.2806 -23.5054 0
      vertex 26.2131 -22.9685 0
      vertex 29.4057 -23.1231 0
    endloop
  endfacet
  facet normal 0 0 -1
    outer loop
      vertex 26.2131 -22.9685 0
      vertex 26.2396 -22.796 0
      vertex 29.4057 -23.1231 0
    endloop
  endfacet
  facet normal 0 0 -1
    outer loop
      vertex 29.4057 -23.1231 0
      vertex 26.2396 -22.796 0
      vertex 29.5143 -22.7358 0
    endloop
  endfacet
  facet normal 0 0 -1
    outer loop
      vertex 26.2396 -22.796 0
      vertex 26.2586 -22.6225 0
      vertex 29.5143 -22.7358 0
    endloop
  endfacet
  facet normal 0 0 -1
    outer loop
      vertex 26.2586 -22.6225 0
      vertex 26.2701 -22.4483 0
      vertex 29.5143 -22.7358 0
    endloop
  endfacet
  facet normal 0 0 -1
    outer loop
      vertex 29.5143 -22.7358 0
      vertex 26.2701 -22.4483 0
      vertex 29.6062 -22.3443 0
    endloop
  endfacet
  facet normal 0 0 -1
    outer loop
      vertex 26.2701 -22.4483 0
      vertex 26.2739 -22.2739 0
      vertex 29.6062 -22.3443 0
    endloop
  endfacet
  facet normal 0 0 -1
    outer loop
      vertex 29.6062 -22.3443 0
      vertex 26.2739 -22.2739 0
      vertex 26.2701 -22.0994 0
    endloop
  endfacet
  facet normal 0 0 -1
    outer loop
      vertex 26.179 -21.4081 0
      vertex 26.1376 -21.2386 0
      vertex 29.6062 -22.3443 0
    endloop
  endfacet
  facet normal 0 0 -1
    outer loop
      vertex 26.1376 -21.2386 0
      vertex 26.0887 -21.071 0
      vertex 29.6062 -22.3443 0
    endloop
  endfacet
  facet normal 0 0 -1
    outer loop
      vertex 29.6062 -22.3443 0
      vertex 26.0887 -21.071 0
      vertex 26.0326 -20.9058 0
    endloop
  endfacet
  facet normal 0 0 -1
    outer loop
      vertex 25.738 -20.2739 0
      vertex 25.6474 -20.1247 0
      vertex 29.6062 -22.3443 0
    endloop
  endfacet
  facet normal 0 0 -1
    outer loop
      vertex 25.6474 -20.1247 0
      vertex 25.5505 -19.9796 0
      vertex 29.6062 -22.3443 0
    endloop
  endfacet
  facet normal 0 0 -1
    outer loop
      vertex 29.6062 -22.3443 0
      vertex 25.5505 -19.9796 0
      vertex 25.4473 -19.8388 0
    endloop
  endfacet
  facet normal 0 0 -1
    outer loop
      vertex 11.1318 -18.3938 0
      vertex 19.1004 -24.7089 0
      vertex 19.2097 -24.845 0
    endloop
  endfacet
  facet normal 0 0 -1
    outer loop
      vertex 11.1318 -18.3938 0
      vertex 19.2097 -24.845 0
      vertex 22.3443 -29.6062 0
    endloop
  endfacet
  facet normal 0 0 -1
    outer loop
      vertex 19.2097 -24.845 0
      vertex 19.3248 -24.9762 0
      vertex 22.3443 -29.6062 0
    endloop
  endfacet
  facet normal 0 0 -1
    outer loop
      vertex 22.3443 -29.6062 0
      vertex 19.3248 -24.9762 0
      vertex 19.4454 -25.1023 0
    endloop
  endfacet
  facet normal 0 0 -1
    outer loop
      vertex 22.7358 -29.5143 0
      vertex 22.3443 -29.6062 0
      vertex 22.2739 -26.2739 0
    endloop
  endfacet
  facet normal 0 0 -1
    outer loop
      vertex 18.3938 -11.1318 0
      vertex 23.1396 -18.3687 0
      vertex 22.9685 -18.3346 0
    endloop
  endfacet
  facet normal 0 0 -1
    outer loop
      vertex 20.4269 -18.7258 0
      vertex 15.4307 -11.8404 0
      vertex 20.5834 -18.6486 0
    endloop
  endfacet
  facet normal 0 0 -1
    outer loop
      vertex 15.4307 -11.8404 0
      vertex 18.3938 -11.1318 0
      vertex 20.5834 -18.6486 0
    endloop
  endfacet
  facet normal 0 0 -1
    outer loop
      vertex 20.5834 -18.6486 0
      vertex 18.3938 -11.1318 0
      vertex 20.7431 -18.5783 0
    endloop
  endfacet
  facet normal 0 0 -1
    outer loop
      vertex 19.8388 -19.1004 0
      vertex 19.7027 -19.2097 0
      vertex 14.34 -13.1402 0
    endloop
  endfacet
  facet normal 0 0 -1
    outer loop
      vertex 19.7027 -19.2097 0
      vertex 19.5715 -19.3248 0
      vertex 14.34 -13.1402 0
    endloop
  endfacet
  facet normal 0 0 -1
    outer loop
      vertex 14.34 -13.1402 0
      vertex 19.5715 -19.3248 0
      vertex 13.7532 -13.7532 0
    endloop
  endfacet
  facet normal 0 0 -1
    outer loop
      vertex 19.5715 -19.3248 0
      vertex 19.4454 -19.4454 0
      vertex 13.7532 -13.7532 0
    endloop
  endfacet
  facet normal 0 0 -1
    outer loop
      vertex 13.7532 -13.7532 0
      vertex 19.4454 -19.4454 0
      vertex 13.1402 -14.34 0
    endloop
  endfacet
  facet normal 0 0 -1
    outer loop
      vertex 19.4454 -19.4454 0
      vertex 19.3248 -19.5715 0
      vertex 13.1402 -14.34 0
    endloop
  endfacet
  facet normal 0 0 -1
    outer loop
      vertex 13.1402 -14.34 0
      vertex 19.3248 -19.5715 0
      vertex 19.2097 -19.7027 0
    endloop
  endfacet
  facet normal 0 0 -1
    outer loop
      vertex 19.1004 -19.8388 0
      vertex 18.9973 -19.9796 0
      vertex 11.8404 -15.4307 0
    endloop
  endfacet
  facet normal 0 0 -1
    outer loop
      vertex 18.9973 -19.9796 0
      vertex 18.9003 -20.1247 0
      vertex 11.8404 -15.4307 0
    endloop
  endfacet
  facet normal 0 0 -1
    outer loop
      vertex 11.8404 -15.4307 0
      vertex 18.9003 -20.1247 0
      vertex 11.1561 -15.9325 0
    endloop
  endfacet
  facet normal 0 0 -1
    outer loop
      vertex 9.9276 -19.0707 0
      vertex 9.08629 -19.4856 0
      vertex 1.69518 -19.376 0
    endloop
  endfacet
  facet normal 0 0 -1
    outer loop
      vertex 9.08629 -19.4856 0
      vertex 8.22769 -19.8634 0
      vertex 1.69518 -19.376 0
    endloop
  endfacet
  facet normal 0 0 -1
    outer loop
      vertex 8.22769 -19.8634 0
      vertex 7.35343 -20.2034 0
      vertex 1.69518 -19.376 0
    endloop
  endfacet
  facet normal 0 0 -1
    outer loop
      vertex 1.69518 -19.376 0
      vertex 7.35343 -20.2034 0
      vertex 6.46517 -20.5049 0
    endloop
  endfacet
  facet normal 0 0 -1
    outer loop
      vertex 6.46517 -20.5049 0
      vertex 5.56461 -20.7674 0
      vertex 1.69518 -19.376 0
    endloop
  endfacet
  facet normal 0 0 -1
    outer loop
      vertex 5.56461 -20.7674 0
      vertex 4.65345 -20.9904 0
      vertex 1.69518 -19.376 0
    endloop
  endfacet
  facet normal 0 0 -1
    outer loop
      vertex 1.69518 -19.376 0
      vertex 4.65345 -20.9904 0
      vertex 3.73344 -21.1734 0
    endloop
  endfacet
  facet normal 0 0 -1
    outer loop
      vertex 21.7518 -26.2396 0
      vertex 21.9252 -26.2586 0
      vertex 22.3443 -29.6062 0
    endloop
  endfacet
  facet normal 0 0 -1
    outer loop
      vertex 21.9252 -26.2586 0
      vertex 22.0994 -26.2701 0
      vertex 22.3443 -29.6062 0
    endloop
  endfacet
  facet normal 0 0 -1
    outer loop
      vertex 22.3443 -29.6062 0
      vertex 22.0994 -26.2701 0
      vertex 22.2739 -26.2739 0
    endloop
  endfacet
  facet normal 0 0 -1
    outer loop
      vertex 22.2739 -26.2739 0
      vertex 22.4483 -26.2701 0
      vertex 22.7358 -29.5143 0
    endloop
  endfacet
  facet normal 0 0 -1
    outer loop
      vertex 22.4483 -26.2701 0
      vertex 22.6225 -26.2586 0
      vertex 22.7358 -29.5143 0
    endloop
  endfacet
  facet normal 0 0 -1
    outer loop
      vertex 22.7358 -29.5143 0
      vertex 22.6225 -26.2586 0
      vertex 23.1231 -29.4057 0
    endloop
  endfacet
  facet normal 0 0 -1
    outer loop
      vertex 22.6225 -26.2586 0
      vertex 22.796 -26.2396 0
      vertex 23.1231 -29.4057 0
    endloop
  endfacet
  facet normal 0 0 -1
    outer loop
      vertex 23.1231 -29.4057 0
      vertex 22.796 -26.2396 0
      vertex 23.5054 -29.2806 0
    endloop
  endfacet
  facet normal 0 0 -1
    outer loop
      vertex 22.796 -26.2396 0
      vertex 22.9685 -26.2131 0
      vertex 23.5054 -29.2806 0
    endloop
  endfacet
  facet normal 0 0 -1
    outer loop
      vertex 23.5054 -29.2806 0
      vertex 22.9685 -26.2131 0
      vertex 23.882 -29.1394 0
    endloop
  endfacet
  facet normal 0 0 -1
    outer loop
      vertex 22.9685 -26.2131 0
      vertex 23.1396 -26.179 0
      vertex 23.882 -29.1394 0
    endloop
  endfacet
  facet normal 0 0 -1
    outer loop
      vertex 23.882 -29.1394 0
      vertex 23.1396 -26.179 0
      vertex 24.2522 -28.9823 0
    endloop
  endfacet
  facet normal 0 0 -1
    outer loop
      vertex 26.0326 -20.9058 0
      vertex 25.9694 -20.7431 0
      vertex 29.6062 -22.3443 0
    endloop
  endfacet
  facet normal 0 0 -1
    outer loop
      vertex 25.9694 -20.7431 0
      vertex 25.8991 -20.5834 0
      vertex 29.6062 -22.3443 0
    endloop
  endfacet
  facet normal 0 0 -1
    outer loop
      vertex 29.6062 -22.3443 0
      vertex 25.8991 -20.5834 0
      vertex 25.8219 -20.4269 0
    endloop
  endfacet
  facet normal 0 0 -1
    outer loop
      vertex 23.6419 -18.5151 0
      vertex 18.3938 -11.1318 0
      vertex 23.8046 -18.5783 0
    endloop
  endfacet
  facet normal 0 0 -1
    outer loop
      vertex 18.3938 -11.1318 0
      vertex 23.9643 -18.6486 0
      vertex 23.8046 -18.5783 0
    endloop
  endfacet
  facet normal 0 0 -1
    outer loop
      vertex 21.4081 -18.3687 0
      vertex 21.2386 -18.4102 0
      vertex 18.3938 -11.1318 0
    endloop
  endfacet
  facet normal 0 0 -1
    outer loop
      vertex 18.9003 -20.1247 0
      vertex 18.8098 -20.2739 0
      vertex 11.1561 -15.9325 0
    endloop
  endfacet
  facet normal 0 0 -1
    outer loop
      vertex 18.8098 -20.2739 0
      vertex 18.7258 -20.4269 0
      vertex 11.1561 -15.9325 0
    endloop
  endfacet
  facet normal 0 0 -1
    outer loop
      vertex 11.1561 -15.9325 0
      vertex 18.7258 -20.4269 0
      vertex 10.4505 -16.404 0
    endloop
  endfacet
  facet normal 0 0 -1
    outer loop
      vertex 18.7258 -20.4269 0
      vertex 18.6486 -20.5834 0
      vertex 10.4505 -16.404 0
    endloop
  endfacet
  facet normal 0 0 -1
    outer loop
      vertex 10.4505 -16.404 0
      vertex 18.6486 -20.5834 0
      vertex 9.725 -16.8442 0
    endloop
  endfacet
  facet normal 0 0 -1
    outer loop
      vertex 18.6486 -20.5834 0
      vertex 18.5783 -20.7431 0
      vertex 9.725 -16.8442 0
    endloop
  endfacet
  facet normal 0 0 -1
    outer loop
      vertex 9.725 -16.8442 0
      vertex 18.5783 -20.7431 0
      vertex 18.5151 -20.9058 0
    endloop
  endfacet
  facet normal 0 0 -1
    outer loop
      vertex 2.53873 -19.2836 0
      vertex 11.1318 -18.3938 0
      vertex 1.69518 -19.376 0
    endloop
  endfacet
  facet normal 0 0 -1
    outer loop
      vertex 11.1318 -18.3938 0
      vertex 10.75 -18.6195 0
      vertex 1.69518 -19.376 0
    endloop
  endfacet
  facet normal 0 0 -1
    outer loop
      vertex 1.69518 -19.376 0
      vertex 10.75 -18.6195 0
      vertex 9.9276 -19.0707 0
    endloop
  endfacet
  facet normal 0 0 -1
    outer loop
      vertex 18.3687 -23.1396 0
      vertex 18.4102 -23.3091 0
      vertex 11.1318 -18.3938 0
    endloop
  endfacet
  facet normal 0 0 -1
    outer loop
      vertex 18.4102 -23.3091 0
      vertex 18.459 -23.4767 0
      vertex 11.1318 -18.3938 0
    endloop
  endfacet
  facet normal 0 0 -1
    outer loop
      vertex 11.1318 -18.3938 0
      vertex 18.459 -23.4767 0
      vertex 18.5151 -23.6419 0
    endloop
  endfacet
  facet normal 0 0 -1
    outer loop
      vertex 18.5783 -23.8046 0
      vertex 18.6486 -23.9643 0
      vertex 11.1318 -18.3938 0
    endloop
  endfacet
  facet normal 0 0 -1
    outer loop
      vertex 18.6486 -23.9643 0
      vertex 18.7258 -24.1209 0
      vertex 11.1318 -18.3938 0
    endloop
  endfacet
  facet normal 0 0 -1
    outer loop
      vertex 11.1318 -18.3938 0
      vertex 18.7258 -24.1209 0
      vertex 18.8098 -24.2739 0
    endloop
  endfacet
  facet normal 0 0 -1
    outer loop
      vertex 18.8098 -24.2739 0
      vertex 18.9003 -24.4231 0
      vertex 11.1318 -18.3938 0
    endloop
  endfacet
  facet normal 0 0 -1
    outer loop
      vertex 18.9003 -24.4231 0
      vertex 18.9973 -24.5682 0
      vertex 11.1318 -18.3938 0
    endloop
  endfacet
  facet normal 0 0 -1
    outer loop
      vertex 11.1318 -18.3938 0
      vertex 18.9973 -24.5682 0
      vertex 19.1004 -24.7089 0
    endloop
  endfacet
  facet normal 0 0 -1
    outer loop
      vertex 24.9762 -25.223 0
      vertex 25.1023 -25.1023 0
      vertex 27.1916 -26.9072 0
    endloop
  endfacet
  facet normal 0 0 -1
    outer loop
      vertex 25.1023 -25.1023 0
      vertex 25.223 -24.9762 0
      vertex 27.1916 -26.9072 0
    endloop
  endfacet
  facet normal 0 0 -1
    outer loop
      vertex 27.1916 -26.9072 0
      vertex 25.223 -24.9762 0
      vertex 27.4636 -26.6109 0
    endloop
  endfacet
  facet normal 0 0 -1
    outer loop
      vertex 25.223 -24.9762 0
      vertex 25.338 -24.845 0
      vertex 27.4636 -26.6109 0
    endloop
  endfacet
  facet normal 0 0 -1
    outer loop
      vertex 27.4636 -26.6109 0
      vertex 25.338 -24.845 0
      vertex 27.7227 -26.3033 0
    endloop
  endfacet
  facet normal 0 0 -1
    outer loop
      vertex 25.338 -24.845 0
      vertex 25.4473 -24.7089 0
      vertex 27.7227 -26.3033 0
    endloop
  endfacet
  facet normal 0 0 -1
    outer loop
      vertex 25.4473 -24.7089 0
      vertex 25.5505 -24.5682 0
      vertex 27.7227 -26.3033 0
    endloop
  endfacet
  facet normal 0 0 -1
    outer loop
      vertex 27.7227 -26.3033 0
      vertex 25.5505 -24.5682 0
      vertex 27.9685 -25.9849 0
    endloop
  endfacet
  facet normal 0 0 -1
    outer loop
      vertex 25.5505 -24.5682 0
      vertex 25.6474 -24.4231 0
      vertex 27.9685 -25.9849 0
    endloop
  endfacet
  facet normal 0 0 -1
    outer loop
      vertex 27.9685 -25.9849 0
      vertex 25.6474 -24.4231 0
      vertex 28.2005 -25.6563 0
    endloop
  endfacet
  facet normal 0 0 -1
    outer loop
      vertex 25.6474 -24.4231 0
      vertex 25.738 -24.2739 0
      vertex 28.2005 -25.6563 0
    endloop
  endfacet
  facet normal 0 0 -1
    outer loop
      vertex 28.2005 -25.6563 0
      vertex 25.738 -24.2739 0
      vertex 28.4182 -25.3181 0
    endloop
  endfacet
  facet normal 0 0 -1
    outer loop
      vertex 25.738 -24.2739 0
      vertex 25.8219 -24.1209 0
      vertex 28.4182 -25.3181 0
    endloop
  endfacet
  facet normal 0 0 -1
    outer loop
      vertex 28.4182 -25.3181 0
      vertex 25.8219 -24.1209 0
      vertex 25.8991 -23.9643 0
    endloop
  endfacet
  facet normal 0 0 -1
    outer loop
      vertex 24.845 -19.2097 0
      vertex 24.7089 -19.1004 0
      vertex 18.3938 -11.1318 0
    endloop
  endfacet
  facet normal 0 0 -1
    outer loop
      vertex 24.7089 -19.1004 0
      vertex 24.5682 -18.9973 0
      vertex 18.3938 -11.1318 0
    endloop
  endfacet
  facet normal 0 0 -1
    outer loop
      vertex 18.3938 -11.1318 0
      vertex 24.5682 -18.9973 0
      vertex 24.4231 -18.9003 0
    endloop
  endfacet
  facet normal 0 0 -1
    outer loop
      vertex 24.4231 -18.9003 0
      vertex 24.2739 -18.8098 0
      vertex 18.3938 -11.1318 0
    endloop
  endfacet
  facet normal 0 0 -1
    outer loop
      vertex 24.2739 -18.8098 0
      vertex 24.1209 -18.7258 0
      vertex 18.3938 -11.1318 0
    endloop
  endfacet
  facet normal 0 0 -1
    outer loop
      vertex 18.3938 -11.1318 0
      vertex 24.1209 -18.7258 0
      vertex 23.9643 -18.6486 0
    endloop
  endfacet
  facet normal 0 0 -1
    outer loop
      vertex 23.6419 -18.5151 0
      vertex 23.4767 -18.459 0
      vertex 18.3938 -11.1318 0
    endloop
  endfacet
  facet normal 0 0 -1
    outer loop
      vertex 23.4767 -18.459 0
      vertex 23.3091 -18.4102 0
      vertex 18.3938 -11.1318 0
    endloop
  endfacet
  facet normal 0 0 -1
    outer loop
      vertex 18.3938 -11.1318 0
      vertex 23.3091 -18.4102 0
      vertex 23.1396 -18.3687 0
    endloop
  endfacet
  facet normal 0 0 -1
    outer loop
      vertex 22.9685 -18.3346 0
      vertex 22.796 -18.3081 0
      vertex 18.3938 -11.1318 0
    endloop
  endfacet
  facet normal 0 0 -1
    outer loop
      vertex 22.796 -18.3081 0
      vertex 22.6225 -18.2891 0
      vertex 18.3938 -11.1318 0
    endloop
  endfacet
  facet normal 0 0 -1
    outer loop
      vertex 18.3938 -11.1318 0
      vertex 22.6225 -18.2891 0
      vertex 22.4483 -18.2777 0
    endloop
  endfacet
  facet normal 0 0 -1
    outer loop
      vertex 22.4483 -18.2777 0
      vertex 22.2739 -18.2739 0
      vertex 18.3938 -11.1318 0
    endloop
  endfacet
  facet normal 0 0 -1
    outer loop
      vertex 22.2739 -18.2739 0
      vertex 22.0994 -18.2777 0
      vertex 18.3938 -11.1318 0
    endloop
  endfacet
  facet normal 0 0 -1
    outer loop
      vertex 18.3938 -11.1318 0
      vertex 22.0994 -18.2777 0
      vertex 21.9252 -18.2891 0
    endloop
  endfacet
  facet normal 0 0 -1
    outer loop
      vertex 21.2386 -18.4102 0
      vertex 21.071 -18.459 0
      vertex 18.3938 -11.1318 0
    endloop
  endfacet
  facet normal 0 0 -1
    outer loop
      vertex 21.071 -18.459 0
      vertex 20.9058 -18.5151 0
      vertex 18.3938 -11.1318 0
    endloop
  endfacet
  facet normal 0 0 -1
    outer loop
      vertex 18.3938 -11.1318 0
      vertex 20.9058 -18.5151 0
      vertex 20.7431 -18.5783 0
    endloop
  endfacet
  facet normal 0 0 -1
    outer loop
      vertex 3.73344 -21.1734 0
      vertex 2.80631 -21.3161 0
      vertex 1.69518 -19.376 0
    endloop
  endfacet
  facet normal 0 0 -1
    outer loop
      vertex 2.80631 -21.3161 0
      vertex 1.87385 -21.4182 0
      vertex 1.69518 -19.376 0
    endloop
  endfacet
  facet normal 0 0 -1
    outer loop
      vertex 1.69518 -19.376 0
      vertex 1.87385 -21.4182 0
      vertex 0.848397 -19.4315 0
    endloop
  endfacet
  facet normal 0 0 -1
    outer loop
      vertex 1.87385 -21.4182 0
      vertex 0.937817 -21.4795 0
      vertex 0.848397 -19.4315 0
    endloop
  endfacet
  facet normal 0 0 -1
    outer loop
      vertex 0.848397 -19.4315 0
      vertex 0.937817 -21.4795 0
      vertex 3.13285e-14 -19.45 0
    endloop
  endfacet
  facet normal 0 0 -1
    outer loop
      vertex 0.937817 -21.4795 0
      vertex 3.94949e-15 -21.5 0
      vertex 3.13285e-14 -19.45 0
    endloop
  endfacet
  facet normal 0 0 -1
    outer loop
      vertex 3.13285e-14 -19.45 0
      vertex 3.94949e-15 -21.5 0
      vertex -0.848397 -19.4315 0
    endloop
  endfacet
  facet normal 0 0 -1
    outer loop
      vertex 3.94949e-15 -21.5 0
      vertex -0.937817 -21.4795 0
      vertex -0.848397 -19.4315 0
    endloop
  endfacet
  facet normal 0 0 -1
    outer loop
      vertex -0.848397 -19.4315 0
      vertex -0.937817 -21.4795 0
      vertex -1.69518 -19.376 0
    endloop
  endfacet
  facet normal 0 0 -1
    outer loop
      vertex -0.937817 -21.4795 0
      vertex -1.87385 -21.4182 0
      vertex -1.69518 -19.376 0
    endloop
  endfacet
  facet normal 0 0 -1
    outer loop
      vertex -1.69518 -19.376 0
      vertex -1.87385 -21.4182 0
      vertex -2.53873 -19.2836 0
    endloop
  endfacet
  facet normal 0 0 -1
    outer loop
      vertex -1.87385 -21.4182 0
      vertex -2.80631 -21.3161 0
      vertex -2.53873 -19.2836 0
    endloop
  endfacet
  facet normal 0 0 -1
    outer loop
      vertex -2.53873 -19.2836 0
      vertex -2.80631 -21.3161 0
      vertex -3.37746 -19.1545 0
    endloop
  endfacet
  facet normal 0 0 -1
    outer loop
      vertex -2.80631 -21.3161 0
      vertex -3.73344 -21.1734 0
      vertex -3.37746 -19.1545 0
    endloop
  endfacet
  facet normal 0 0 -1
    outer loop
      vertex -3.37746 -19.1545 0
      vertex -3.73344 -21.1734 0
      vertex -4.20975 -18.989 0
    endloop
  endfacet
  facet normal 0 0 -1
    outer loop
      vertex -3.73344 -21.1734 0
      vertex -4.65345 -20.9904 0
      vertex -4.20975 -18.989 0
    endloop
  endfacet
  facet normal 0 0 -1
    outer loop
      vertex -4.20975 -18.989 0
      vertex -4.65345 -20.9904 0
      vertex -5.03403 -18.7873 0
    endloop
  endfacet
  facet normal 0 0 -1
    outer loop
      vertex -4.65345 -20.9904 0
      vertex -5.56461 -20.7674 0
      vertex -5.03403 -18.7873 0
    endloop
  endfacet
  facet normal 0 0 -1
    outer loop
      vertex -5.03403 -18.7873 0
      vertex -5.56461 -20.7674 0
      vertex -5.84873 -18.5498 0
    endloop
  endfacet
  facet normal 0 0 -1
    outer loop
      vertex -5.56461 -20.7674 0
      vertex -6.46517 -20.5049 0
      vertex -5.84873 -18.5498 0
    endloop
  endfacet
  facet normal 0 0 -1
    outer loop
      vertex -5.84873 -18.5498 0
      vertex -6.46517 -20.5049 0
      vertex -6.65229 -18.277 0
    endloop
  endfacet
  facet normal 0 0 -1
    outer loop
      vertex -6.46517 -20.5049 0
      vertex -7.35343 -20.2034 0
      vertex -6.65229 -18.277 0
    endloop
  endfacet
  facet normal 0 0 -1
    outer loop
      vertex -6.65229 -18.277 0
      vertex -7.35343 -20.2034 0
      vertex -7.44319 -17.9695 0
    endloop
  endfacet
  facet normal 0 0 -1
    outer loop
      vertex -7.35343 -20.2034 0
      vertex -8.22769 -19.8634 0
      vertex -7.44319 -17.9695 0
    endloop
  endfacet
  facet normal 0 0 -1
    outer loop
      vertex -7.44319 -17.9695 0
      vertex -8.22769 -19.8634 0
      vertex -8.21992 -17.6277 0
    endloop
  endfacet
  facet normal 0 0 -1
    outer loop
      vertex -8.22769 -19.8634 0
      vertex -9.08629 -19.4856 0
      vertex -8.21992 -17.6277 0
    endloop
  endfacet
  facet normal 0 0 -1
    outer loop
      vertex -8.21992 -17.6277 0
      vertex -9.08629 -19.4856 0
      vertex -8.98101 -17.2524 0
    endloop
  endfacet
  facet normal 0 0 -1
    outer loop
      vertex -9.08629 -19.4856 0
      vertex -9.9276 -19.0707 0
      vertex -8.98101 -17.2524 0
    endloop
  endfacet
  facet normal 0 0 -1
    outer loop
      vertex -8.98101 -17.2524 0
      vertex -9.9276 -19.0707 0
      vertex -9.725 -16.8442 0
    endloop
  endfacet
  facet normal 0 0 -1
    outer loop
      vertex -9.9276 -19.0707 0
      vertex -10.75 -18.6195 0
      vertex -9.725 -16.8442 0
    endloop
  endfacet
  facet normal 0 0 -1
    outer loop
      vertex -9.725 -16.8442 0
      vertex -10.75 -18.6195 0
      vertex -10.4505 -16.404 0
    endloop
  endfacet
  facet normal 0 0 -1
    outer loop
      vertex -10.75 -18.6195 0
      vertex -11.5519 -18.1329 0
      vertex -10.4505 -16.404 0
    endloop
  endfacet
  facet normal 0 0 -1
    outer loop
      vertex -10.4505 -16.404 0
      vertex -11.5519 -18.1329 0
      vertex -11.1561 -15.9325 0
    endloop
  endfacet
  facet normal 0 0 -1
    outer loop
      vertex -11.5519 -18.1329 0
      vertex -12.3319 -17.6118 0
      vertex -11.1561 -15.9325 0
    endloop
  endfacet
  facet normal 0 0 -1
    outer loop
      vertex -11.1561 -15.9325 0
      vertex -12.3319 -17.6118 0
      vertex -11.8404 -15.4307 0
    endloop
  endfacet
  facet normal 0 0 -1
    outer loop
      vertex -12.3319 -17.6118 0
      vertex -13.0884 -17.0571 0
      vertex -11.8404 -15.4307 0
    endloop
  endfacet
  facet normal 0 0 -1
    outer loop
      vertex -11.8404 -15.4307 0
      vertex -13.0884 -17.0571 0
      vertex -12.5022 -14.8996 0
    endloop
  endfacet
  facet normal 0 0 -1
    outer loop
      vertex -13.0884 -17.0571 0
      vertex -13.8199 -16.47 0
      vertex -12.5022 -14.8996 0
    endloop
  endfacet
  facet normal 0 0 -1
    outer loop
      vertex -12.5022 -14.8996 0
      vertex -13.8199 -16.47 0
      vertex -13.1402 -14.34 0
    endloop
  endfacet
  facet normal 0 0 -1
    outer loop
      vertex -13.8199 -16.47 0
      vertex -14.5252 -15.8515 0
      vertex -13.1402 -14.34 0
    endloop
  endfacet
  facet normal 0 0 -1
    outer loop
      vertex -13.1402 -14.34 0
      vertex -14.5252 -15.8515 0
      vertex -13.7532 -13.7532 0
    endloop
  endfacet
  facet normal 0 0 -1
    outer loop
      vertex -14.5252 -15.8515 0
      vertex -15.2028 -15.2028 0
      vertex -13.7532 -13.7532 0
    endloop
  endfacet
  facet normal 0 0 -1
    outer loop
      vertex -13.7532 -13.7532 0
      vertex -15.2028 -15.2028 0
      vertex -14.34 -13.1402 0
    endloop
  endfacet
  facet normal 0 0 -1
    outer loop
      vertex -15.2028 -15.2028 0
      vertex -15.8515 -14.5252 0
      vertex -14.34 -13.1402 0
    endloop
  endfacet
  facet normal 0 0 -1
    outer loop
      vertex -14.34 -13.1402 0
      vertex -15.8515 -14.5252 0
      vertex -14.8996 -12.5022 0
    endloop
  endfacet
  facet normal 0 0 -1
    outer loop
      vertex -15.8515 -14.5252 0
      vertex -16.47 -13.8199 0
      vertex -14.8996 -12.5022 0
    endloop
  endfacet
  facet normal 0 0 -1
    outer loop
      vertex -14.8996 -12.5022 0
      vertex -16.47 -13.8199 0
      vertex -15.4307 -11.8404 0
    endloop
  endfacet
  facet normal 0 0 -1
    outer loop
      vertex -16.47 -13.8199 0
      vertex -17.0571 -13.0884 0
      vertex -15.4307 -11.8404 0
    endloop
  endfacet
  facet normal 0 0 -1
    outer loop
      vertex -15.4307 -11.8404 0
      vertex -17.0571 -13.0884 0
      vertex -15.9325 -11.1561 0
    endloop
  endfacet
  facet normal 0 0 -1
    outer loop
      vertex -17.0571 -13.0884 0
      vertex -17.6118 -12.3319 0
      vertex -15.9325 -11.1561 0
    endloop
  endfacet
  facet normal 0 0 -1
    outer loop
      vertex -15.9325 -11.1561 0
      vertex -17.6118 -12.3319 0
      vertex -16.404 -10.4505 0
    endloop
  endfacet
  facet normal 0 0 -1
    outer loop
      vertex -17.6118 -12.3319 0
      vertex -18.1329 -11.5519 0
      vertex -16.404 -10.4505 0
    endloop
  endfacet
  facet normal 0 0 -1
    outer loop
      vertex -16.404 -10.4505 0
      vertex -18.1329 -11.5519 0
      vertex -16.8442 -9.725 0
    endloop
  endfacet
  facet normal 0 0 -1
    outer loop
      vertex -18.1329 -11.5519 0
      vertex -18.6195 -10.75 0
      vertex -16.8442 -9.725 0
    endloop
  endfacet
  facet normal 0 0 -1
    outer loop
      vertex -16.8442 -9.725 0
      vertex -18.6195 -10.75 0
      vertex -17.2524 -8.98101 0
    endloop
  endfacet
  facet normal 0 0 -1
    outer loop
      vertex -18.6195 -10.75 0
      vertex -19.0707 -9.9276 0
      vertex -17.2524 -8.98101 0
    endloop
  endfacet
  facet normal 0 0 -1
    outer loop
      vertex -17.2524 -8.98101 0
      vertex -19.0707 -9.9276 0
      vertex -17.6277 -8.21992 0
    endloop
  endfacet
  facet normal 0 0 -1
    outer loop
      vertex -19.0707 -9.9276 0
      vertex -19.4856 -9.08629 0
      vertex -17.6277 -8.21992 0
    endloop
  endfacet
  facet normal 0 0 -1
    outer loop
      vertex -17.6277 -8.21992 0
      vertex -19.4856 -9.08629 0
      vertex -17.9695 -7.44319 0
    endloop
  endfacet
  facet normal 0 0 -1
    outer loop
      vertex -19.4856 -9.08629 0
      vertex -19.8634 -8.22769 0
      vertex -17.9695 -7.44319 0
    endloop
  endfacet
  facet normal 0 0 -1
    outer loop
      vertex -17.9695 -7.44319 0
      vertex -19.8634 -8.22769 0
      vertex -18.277 -6.65229 0
    endloop
  endfacet
  facet normal 0 0 -1
    outer loop
      vertex -19.8634 -8.22769 0
      vertex -20.2034 -7.35343 0
      vertex -18.277 -6.65229 0
    endloop
  endfacet
  facet normal 0 0 -1
    outer loop
      vertex -18.277 -6.65229 0
      vertex -20.2034 -7.35343 0
      vertex -18.5498 -5.84873 0
    endloop
  endfacet
  facet normal 0 0 -1
    outer loop
      vertex -20.2034 -7.35343 0
      vertex -20.5049 -6.46517 0
      vertex -18.5498 -5.84873 0
    endloop
  endfacet
  facet normal 0 0 -1
    outer loop
      vertex -18.5498 -5.84873 0
      vertex -20.5049 -6.46517 0
      vertex -18.7873 -5.03403 0
    endloop
  endfacet
  facet normal 0 0 -1
    outer loop
      vertex -20.5049 -6.46517 0
      vertex -20.7674 -5.56461 0
      vertex -18.7873 -5.03403 0
    endloop
  endfacet
  facet normal 0 0 -1
    outer loop
      vertex -18.7873 -5.03403 0
      vertex -20.7674 -5.56461 0
      vertex -18.989 -4.20975 0
    endloop
  endfacet
  facet normal 0 0 -1
    outer loop
      vertex -20.7674 -5.56461 0
      vertex -20.9904 -4.65345 0
      vertex -18.989 -4.20975 0
    endloop
  endfacet
  facet normal 0 0 -1
    outer loop
      vertex -18.989 -4.20975 0
      vertex -20.9904 -4.65345 0
      vertex -19.1545 -3.37746 0
    endloop
  endfacet
  facet normal 0 0 -1
    outer loop
      vertex -20.9904 -4.65345 0
      vertex -21.1734 -3.73344 0
      vertex -19.1545 -3.37746 0
    endloop
  endfacet
  facet normal 0 0 -1
    outer loop
      vertex -19.1545 -3.37746 0
      vertex -21.1734 -3.73344 0
      vertex -19.2836 -2.53873 0
    endloop
  endfacet
  facet normal 0 0 -1
    outer loop
      vertex -21.1734 -3.73344 0
      vertex -21.3161 -2.80631 0
      vertex -19.2836 -2.53873 0
    endloop
  endfacet
  facet normal 0 0 -1
    outer loop
      vertex -19.2836 -2.53873 0
      vertex -21.3161 -2.80631 0
      vertex -19.376 -1.69518 0
    endloop
  endfacet
  facet normal 0 0 -1
    outer loop
      vertex -21.3161 -2.80631 0
      vertex -21.4182 -1.87385 0
      vertex -19.376 -1.69518 0
    endloop
  endfacet
  facet normal 0 0 -1
    outer loop
      vertex -19.376 -1.69518 0
      vertex -21.4182 -1.87385 0
      vertex -19.4315 -0.848397 0
    endloop
  endfacet
  facet normal 0 0 -1
    outer loop
      vertex -21.4182 -1.87385 0
      vertex -21.4795 -0.937817 0
      vertex -19.4315 -0.848397 0
    endloop
  endfacet
  facet normal 0 0 -1
    outer loop
      vertex -19.4315 -0.848397 0
      vertex -21.4795 -0.937817 0
      vertex -19.45 -6.06492e-15 0
    endloop
  endfacet
  facet normal 0 0 -1
    outer loop
      vertex -21.4795 -0.937817 0
      vertex -21.5 1.3165e-15 0
      vertex -19.45 -6.06492e-15 0
    endloop
  endfacet
  facet normal 0 0 -1
    outer loop
      vertex -19.45 -6.06492e-15 0
      vertex -21.5 1.3165e-15 0
      vertex -19.4315 0.848397 0
    endloop
  endfacet
  facet normal 0 0 -1
    outer loop
      vertex -21.5 1.3165e-15 0
      vertex -21.4795 0.937817 0
      vertex -19.4315 0.848397 0
    endloop
  endfacet
  facet normal 0 0 -1
    outer loop
      vertex -19.4315 0.848397 0
      vertex -21.4795 0.937817 0
      vertex -19.376 1.69518 0
    endloop
  endfacet
  facet normal 0 0 -1
    outer loop
      vertex -21.4795 0.937817 0
      vertex -21.4182 1.87385 0
      vertex -19.376 1.69518 0
    endloop
  endfacet
  facet normal 0 0 -1
    outer loop
      vertex -19.376 1.69518 0
      vertex -21.4182 1.87385 0
      vertex -19.2836 2.53873 0
    endloop
  endfacet
  facet normal 0 0 -1
    outer loop
      vertex -21.4182 1.87385 0
      vertex -21.3161 2.80631 0
      vertex -19.2836 2.53873 0
    endloop
  endfacet
  facet normal 0 0 -1
    outer loop
      vertex -19.2836 2.53873 0
      vertex -21.3161 2.80631 0
      vertex -19.1545 3.37746 0
    endloop
  endfacet
  facet normal 0 0 -1
    outer loop
      vertex -21.3161 2.80631 0
      vertex -21.1734 3.73344 0
      vertex -19.1545 3.37746 0
    endloop
  endfacet
  facet normal 0 0 -1
    outer loop
      vertex -19.1545 3.37746 0
      vertex -21.1734 3.73344 0
      vertex -18.989 4.20975 0
    endloop
  endfacet
  facet normal 0 0 -1
    outer loop
      vertex -21.1734 3.73344 0
      vertex -20.9904 4.65345 0
      vertex -18.989 4.20975 0
    endloop
  endfacet
  facet normal 0 0 -1
    outer loop
      vertex -18.989 4.20975 0
      vertex -20.9904 4.65345 0
      vertex -18.7873 5.03403 0
    endloop
  endfacet
  facet normal 0 0 -1
    outer loop
      vertex -20.9904 4.65345 0
      vertex -20.7674 5.56461 0
      vertex -18.7873 5.03403 0
    endloop
  endfacet
  facet normal 0 0 -1
    outer loop
      vertex -18.7873 5.03403 0
      vertex -20.7674 5.56461 0
      vertex -18.5498 5.84873 0
    endloop
  endfacet
  facet normal 0 0 -1
    outer loop
      vertex -20.7674 5.56461 0
      vertex -20.5049 6.46517 0
      vertex -18.5498 5.84873 0
    endloop
  endfacet
  facet normal 0 0 -1
    outer loop
      vertex -18.5498 5.84873 0
      vertex -20.5049 6.46517 0
      vertex -18.277 6.65229 0
    endloop
  endfacet
  facet normal 0 0 -1
    outer loop
      vertex -20.5049 6.46517 0
      vertex -20.2034 7.35343 0
      vertex -18.277 6.65229 0
    endloop
  endfacet
  facet normal 0 0 -1
    outer loop
      vertex -18.277 6.65229 0
      vertex -20.2034 7.35343 0
      vertex -17.9695 7.44319 0
    endloop
  endfacet
  facet normal 0 0 -1
    outer loop
      vertex -20.2034 7.35343 0
      vertex -19.8634 8.22769 0
      vertex -17.9695 7.44319 0
    endloop
  endfacet
  facet normal 0 0 -1
    outer loop
      vertex -17.9695 7.44319 0
      vertex -19.8634 8.22769 0
      vertex -17.6277 8.21992 0
    endloop
  endfacet
  facet normal 0 0 -1
    outer loop
      vertex -19.8634 8.22769 0
      vertex -19.4856 9.08629 0
      vertex -17.6277 8.21992 0
    endloop
  endfacet
  facet normal 0 0 -1
    outer loop
      vertex -17.6277 8.21992 0
      vertex -19.4856 9.08629 0
      vertex -17.2524 8.98101 0
    endloop
  endfacet
  facet normal 0 0 -1
    outer loop
      vertex -19.4856 9.08629 0
      vertex -19.0707 9.9276 0
      vertex -17.2524 8.98101 0
    endloop
  endfacet
  facet normal 0 0 -1
    outer loop
      vertex -17.2524 8.98101 0
      vertex -19.0707 9.9276 0
      vertex -16.8442 9.725 0
    endloop
  endfacet
  facet normal 0 0 -1
    outer loop
      vertex -19.0707 9.9276 0
      vertex -18.6195 10.75 0
      vertex -16.8442 9.725 0
    endloop
  endfacet
  facet normal 0 0 -1
    outer loop
      vertex -16.8442 9.725 0
      vertex -18.6195 10.75 0
      vertex -16.404 10.4505 0
    endloop
  endfacet
  facet normal 0 0 -1
    outer loop
      vertex -18.6195 10.75 0
      vertex -18.1329 11.5519 0
      vertex -16.404 10.4505 0
    endloop
  endfacet
  facet normal 0 0 -1
    outer loop
      vertex -16.404 10.4505 0
      vertex -18.1329 11.5519 0
      vertex -15.9325 11.1561 0
    endloop
  endfacet
  facet normal 0 0 -1
    outer loop
      vertex -18.1329 11.5519 0
      vertex -17.6118 12.3319 0
      vertex -15.9325 11.1561 0
    endloop
  endfacet
  facet normal 0 0 -1
    outer loop
      vertex -15.9325 11.1561 0
      vertex -17.6118 12.3319 0
      vertex -15.4307 11.8404 0
    endloop
  endfacet
  facet normal 0 0 -1
    outer loop
      vertex -17.6118 12.3319 0
      vertex -17.0571 13.0884 0
      vertex -15.4307 11.8404 0
    endloop
  endfacet
  facet normal 0 0 -1
    outer loop
      vertex -15.4307 11.8404 0
      vertex -17.0571 13.0884 0
      vertex -14.8996 12.5022 0
    endloop
  endfacet
  facet normal 0 0 -1
    outer loop
      vertex -17.0571 13.0884 0
      vertex -16.47 13.8199 0
      vertex -14.8996 12.5022 0
    endloop
  endfacet
  facet normal 0 0 -1
    outer loop
      vertex -14.8996 12.5022 0
      vertex -16.47 13.8199 0
      vertex -14.34 13.1402 0
    endloop
  endfacet
  facet normal 0 0 -1
    outer loop
      vertex -16.47 13.8199 0
      vertex -15.8515 14.5252 0
      vertex -14.34 13.1402 0
    endloop
  endfacet
  facet normal 0 0 -1
    outer loop
      vertex -14.34 13.1402 0
      vertex -15.8515 14.5252 0
      vertex -13.7532 13.7532 0
    endloop
  endfacet
  facet normal 0 0 -1
    outer loop
      vertex -15.8515 14.5252 0
      vertex -15.2028 15.2028 0
      vertex -13.7532 13.7532 0
    endloop
  endfacet
  facet normal 0 0 -1
    outer loop
      vertex -13.7532 13.7532 0
      vertex -15.2028 15.2028 0
      vertex -13.1402 14.34 0
    endloop
  endfacet
  facet normal 0 0 -1
    outer loop
      vertex -15.2028 15.2028 0
      vertex -14.5252 15.8515 0
      vertex -13.1402 14.34 0
    endloop
  endfacet
  facet normal 0 0 -1
    outer loop
      vertex -13.1402 14.34 0
      vertex -14.5252 15.8515 0
      vertex -12.5022 14.8996 0
    endloop
  endfacet
  facet normal 0 0 -1
    outer loop
      vertex -14.5252 15.8515 0
      vertex -13.8199 16.47 0
      vertex -12.5022 14.8996 0
    endloop
  endfacet
  facet normal 0 0 -1
    outer loop
      vertex -12.5022 14.8996 0
      vertex -13.8199 16.47 0
      vertex -11.8404 15.4307 0
    endloop
  endfacet
  facet normal 0 0 -1
    outer loop
      vertex -13.8199 16.47 0
      vertex -13.0884 17.0571 0
      vertex -11.8404 15.4307 0
    endloop
  endfacet
  facet normal 0 0 -1
    outer loop
      vertex -11.8404 15.4307 0
      vertex -13.0884 17.0571 0
      vertex -11.1561 15.9325 0
    endloop
  endfacet
  facet normal 0 0 -1
    outer loop
      vertex -13.0884 17.0571 0
      vertex -12.3319 17.6118 0
      vertex -11.1561 15.9325 0
    endloop
  endfacet
  facet normal 0 0 -1
    outer loop
      vertex -11.1561 15.9325 0
      vertex -12.3319 17.6118 0
      vertex -10.4505 16.404 0
    endloop
  endfacet
  facet normal 0 0 -1
    outer loop
      vertex -12.3319 17.6118 0
      vertex -11.5519 18.1329 0
      vertex -10.4505 16.404 0
    endloop
  endfacet
  facet normal 0 0 -1
    outer loop
      vertex -10.4505 16.404 0
      vertex -11.5519 18.1329 0
      vertex -9.725 16.8442 0
    endloop
  endfacet
  facet normal 0 0 -1
    outer loop
      vertex -11.5519 18.1329 0
      vertex -10.75 18.6195 0
      vertex -9.725 16.8442 0
    endloop
  endfacet
  facet normal 0 0 -1
    outer loop
      vertex -9.725 16.8442 0
      vertex -10.75 18.6195 0
      vertex -8.98101 17.2524 0
    endloop
  endfacet
  facet normal 0 0 -1
    outer loop
      vertex -10.75 18.6195 0
      vertex -9.9276 19.0707 0
      vertex -8.98101 17.2524 0
    endloop
  endfacet
  facet normal 0 0 -1
    outer loop
      vertex -8.98101 17.2524 0
      vertex -9.9276 19.0707 0
      vertex -8.21992 17.6277 0
    endloop
  endfacet
  facet normal 0 0 -1
    outer loop
      vertex -9.9276 19.0707 0
      vertex -9.08629 19.4856 0
      vertex -8.21992 17.6277 0
    endloop
  endfacet
  facet normal 0 0 -1
    outer loop
      vertex -8.21992 17.6277 0
      vertex -9.08629 19.4856 0
      vertex -7.44319 17.9695 0
    endloop
  endfacet
  facet normal 0 0 -1
    outer loop
      vertex -9.08629 19.4856 0
      vertex -8.22769 19.8634 0
      vertex -7.44319 17.9695 0
    endloop
  endfacet
  facet normal 0 0 -1
    outer loop
      vertex -7.44319 17.9695 0
      vertex -8.22769 19.8634 0
      vertex -6.65229 18.277 0
    endloop
  endfacet
  facet normal 0 0 -1
    outer loop
      vertex -8.22769 19.8634 0
      vertex -7.35343 20.2034 0
      vertex -6.65229 18.277 0
    endloop
  endfacet
  facet normal 0 0 -1
    outer loop
      vertex -6.65229 18.277 0
      vertex -7.35343 20.2034 0
      vertex -5.84873 18.5498 0
    endloop
  endfacet
  facet normal 0 0 -1
    outer loop
      vertex -7.35343 20.2034 0
      vertex -6.46517 20.5049 0
      vertex -5.84873 18.5498 0
    endloop
  endfacet
  facet normal 0 0 -1
    outer loop
      vertex -5.84873 18.5498 0
      vertex -6.46517 20.5049 0
      vertex -5.03403 18.7873 0
    endloop
  endfacet
  facet normal 0 0 -1
    outer loop
      vertex -6.46517 20.5049 0
      vertex -5.56461 20.7674 0
      vertex -5.03403 18.7873 0
    endloop
  endfacet
  facet normal 0 0 -1
    outer loop
      vertex -5.03403 18.7873 0
      vertex -5.56461 20.7674 0
      vertex -4.20975 18.989 0
    endloop
  endfacet
  facet normal 0 0 -1
    outer loop
      vertex -5.56461 20.7674 0
      vertex -4.65345 20.9904 0
      vertex -4.20975 18.989 0
    endloop
  endfacet
  facet normal 0 0 -1
    outer loop
      vertex -4.20975 18.989 0
      vertex -4.65345 20.9904 0
      vertex -3.37746 19.1545 0
    endloop
  endfacet
  facet normal 0 0 -1
    outer loop
      vertex -4.65345 20.9904 0
      vertex -3.73344 21.1734 0
      vertex -3.37746 19.1545 0
    endloop
  endfacet
  facet normal 0 0 -1
    outer loop
      vertex -3.37746 19.1545 0
      vertex -3.73344 21.1734 0
      vertex -2.53873 19.2836 0
    endloop
  endfacet
  facet normal 0 0 -1
    outer loop
      vertex -3.73344 21.1734 0
      vertex -2.80631 21.3161 0
      vertex -2.53873 19.2836 0
    endloop
  endfacet
  facet normal 0 0 -1
    outer loop
      vertex -2.53873 19.2836 0
      vertex -2.80631 21.3161 0
      vertex -1.69518 19.376 0
    endloop
  endfacet
  facet normal 0 0 -1
    outer loop
      vertex -2.80631 21.3161 0
      vertex -1.87385 21.4182 0
      vertex -1.69518 19.376 0
    endloop
  endfacet
  facet normal 0 0 -1
    outer loop
      vertex -1.69518 19.376 0
      vertex -1.87385 21.4182 0
      vertex -0.848397 19.4315 0
    endloop
  endfacet
  facet normal 0 0 -1
    outer loop
      vertex -1.87385 21.4182 0
      vertex -0.937817 21.4795 0
      vertex -0.848397 19.4315 0
    endloop
  endfacet
  facet normal 0 0 -1
    outer loop
      vertex -0.848397 19.4315 0
      vertex -0.937817 21.4795 0
      vertex 2.65646e-14 19.45 0
    endloop
  endfacet
  facet normal 0 0 -1
    outer loop
      vertex -0.937817 21.4795 0
      vertex -1.3165e-15 21.5 0
      vertex 2.65646e-14 19.45 0
    endloop
  endfacet
  facet normal 0 0 -1
    outer loop
      vertex 2.65646e-14 19.45 0
      vertex -1.3165e-15 21.5 0
      vertex 0.848397 19.4315 0
    endloop
  endfacet
  facet normal 0 0 -1
    outer loop
      vertex -1.3165e-15 21.5 0
      vertex 0.937817 21.4795 0
      vertex 0.848397 19.4315 0
    endloop
  endfacet
  facet normal 0 0 -1
    outer loop
      vertex 0.848397 19.4315 0
      vertex 0.937817 21.4795 0
      vertex 1.69518 19.376 0
    endloop
  endfacet
  facet normal 0 0 -1
    outer loop
      vertex 0.937817 21.4795 0
      vertex 1.87385 21.4182 0
      vertex 1.69518 19.376 0
    endloop
  endfacet
  facet normal 0 0 -1
    outer loop
      vertex 1.69518 19.376 0
      vertex 1.87385 21.4182 0
      vertex 2.53873 19.2836 0
    endloop
  endfacet
  facet normal 0 0 -1
    outer loop
      vertex 1.87385 21.4182 0
      vertex 2.80631 21.3161 0
      vertex 2.53873 19.2836 0
    endloop
  endfacet
  facet normal 0 0 -1
    outer loop
      vertex 2.53873 19.2836 0
      vertex 2.80631 21.3161 0
      vertex 3.37746 19.1545 0
    endloop
  endfacet
  facet normal 0 0 -1
    outer loop
      vertex 2.80631 21.3161 0
      vertex 3.73344 21.1734 0
      vertex 3.37746 19.1545 0
    endloop
  endfacet
  facet normal 0 0 -1
    outer loop
      vertex 3.37746 19.1545 0
      vertex 3.73344 21.1734 0
      vertex 4.20975 18.989 0
    endloop
  endfacet
  facet normal 0 0 -1
    outer loop
      vertex 3.73344 21.1734 0
      vertex 4.65345 20.9904 0
      vertex 4.20975 18.989 0
    endloop
  endfacet
  facet normal 0 0 -1
    outer loop
      vertex 4.20975 18.989 0
      vertex 4.65345 20.9904 0
      vertex 5.03403 18.7873 0
    endloop
  endfacet
  facet normal 0 0 -1
    outer loop
      vertex 4.65345 20.9904 0
      vertex 5.56461 20.7674 0
      vertex 5.03403 18.7873 0
    endloop
  endfacet
  facet normal 0 0 -1
    outer loop
      vertex 5.03403 18.7873 0
      vertex 5.56461 20.7674 0
      vertex 5.84873 18.5498 0
    endloop
  endfacet
  facet normal 0 0 -1
    outer loop
      vertex 5.56461 20.7674 0
      vertex 6.46517 20.5049 0
      vertex 5.84873 18.5498 0
    endloop
  endfacet
  facet normal 0 0 -1
    outer loop
      vertex 5.84873 18.5498 0
      vertex 6.46517 20.5049 0
      vertex 6.65229 18.277 0
    endloop
  endfacet
  facet normal 0 0 -1
    outer loop
      vertex 6.46517 20.5049 0
      vertex 7.35343 20.2034 0
      vertex 6.65229 18.277 0
    endloop
  endfacet
  facet normal 0 0 -1
    outer loop
      vertex 6.65229 18.277 0
      vertex 7.35343 20.2034 0
      vertex 7.44319 17.9695 0
    endloop
  endfacet
  facet normal 0 0 -1
    outer loop
      vertex 7.35343 20.2034 0
      vertex 8.22769 19.8634 0
      vertex 7.44319 17.9695 0
    endloop
  endfacet
  facet normal 0 0 -1
    outer loop
      vertex 7.44319 17.9695 0
      vertex 8.22769 19.8634 0
      vertex 8.21992 17.6277 0
    endloop
  endfacet
  facet normal 0 0 -1
    outer loop
      vertex 8.22769 19.8634 0
      vertex 9.08629 19.4856 0
      vertex 8.21992 17.6277 0
    endloop
  endfacet
  facet normal 0 0 -1
    outer loop
      vertex 8.21992 17.6277 0
      vertex 9.08629 19.4856 0
      vertex 8.98101 17.2524 0
    endloop
  endfacet
  facet normal 0 0 -1
    outer loop
      vertex 9.08629 19.4856 0
      vertex 9.9276 19.0707 0
      vertex 8.98101 17.2524 0
    endloop
  endfacet
  facet normal 0 0 -1
    outer loop
      vertex 8.98101 17.2524 0
      vertex 9.9276 19.0707 0
      vertex 9.725 16.8442 0
    endloop
  endfacet
  facet normal 0 0 -1
    outer loop
      vertex 9.9276 19.0707 0
      vertex 10.75 18.6195 0
      vertex 9.725 16.8442 0
    endloop
  endfacet
  facet normal 0 0 -1
    outer loop
      vertex 9.725 16.8442 0
      vertex 10.75 18.6195 0
      vertex 10.4505 16.404 0
    endloop
  endfacet
  facet normal 0 0 -1
    outer loop
      vertex 10.75 18.6195 0
      vertex 11.5519 18.1329 0
      vertex 10.4505 16.404 0
    endloop
  endfacet
  facet normal 0 0 -1
    outer loop
      vertex 10.4505 16.404 0
      vertex 11.5519 18.1329 0
      vertex 11.1561 15.9325 0
    endloop
  endfacet
  facet normal 0 0 -1
    outer loop
      vertex 11.5519 18.1329 0
      vertex 12.3319 17.6118 0
      vertex 11.1561 15.9325 0
    endloop
  endfacet
  facet normal 0 0 -1
    outer loop
      vertex 11.1561 15.9325 0
      vertex 12.3319 17.6118 0
      vertex 11.8404 15.4307 0
    endloop
  endfacet
  facet normal 0 0 -1
    outer loop
      vertex 12.3319 17.6118 0
      vertex 13.0884 17.0571 0
      vertex 11.8404 15.4307 0
    endloop
  endfacet
  facet normal 0 0 -1
    outer loop
      vertex 11.8404 15.4307 0
      vertex 13.0884 17.0571 0
      vertex 12.5022 14.8996 0
    endloop
  endfacet
  facet normal 0 0 -1
    outer loop
      vertex 13.0884 17.0571 0
      vertex 13.8199 16.47 0
      vertex 12.5022 14.8996 0
    endloop
  endfacet
  facet normal 0 0 -1
    outer loop
      vertex 12.5022 14.8996 0
      vertex 13.8199 16.47 0
      vertex 13.1402 14.34 0
    endloop
  endfacet
  facet normal 0 0 -1
    outer loop
      vertex 13.8199 16.47 0
      vertex 14.5252 15.8515 0
      vertex 13.1402 14.34 0
    endloop
  endfacet
  facet normal 0 0 -1
    outer loop
      vertex 13.1402 14.34 0
      vertex 14.5252 15.8515 0
      vertex 13.7532 13.7532 0
    endloop
  endfacet
  facet normal 0 0 -1
    outer loop
      vertex 14.5252 15.8515 0
      vertex 15.2028 15.2028 0
      vertex 13.7532 13.7532 0
    endloop
  endfacet
  facet normal 0 0 -1
    outer loop
      vertex 13.7532 13.7532 0
      vertex 15.2028 15.2028 0
      vertex 14.34 13.1402 0
    endloop
  endfacet
  facet normal 0 0 -1
    outer loop
      vertex 15.2028 15.2028 0
      vertex 15.8515 14.5252 0
      vertex 14.34 13.1402 0
    endloop
  endfacet
  facet normal 0 0 -1
    outer loop
      vertex 14.34 13.1402 0
      vertex 15.8515 14.5252 0
      vertex 14.8996 12.5022 0
    endloop
  endfacet
  facet normal 0 0 -1
    outer loop
      vertex 15.8515 14.5252 0
      vertex 16.47 13.8199 0
      vertex 14.8996 12.5022 0
    endloop
  endfacet
  facet normal 0 0 -1
    outer loop
      vertex 14.8996 12.5022 0
      vertex 16.47 13.8199 0
      vertex 15.4307 11.8404 0
    endloop
  endfacet
  facet normal 0 0 -1
    outer loop
      vertex 16.47 13.8199 0
      vertex 17.0571 13.0884 0
      vertex 15.4307 11.8404 0
    endloop
  endfacet
  facet normal 0 0 -1
    outer loop
      vertex 15.4307 11.8404 0
      vertex 17.0571 13.0884 0
      vertex 15.9325 11.1561 0
    endloop
  endfacet
  facet normal 0 0 -1
    outer loop
      vertex 17.0571 13.0884 0
      vertex 17.6118 12.3319 0
      vertex 15.9325 11.1561 0
    endloop
  endfacet
  facet normal 0 0 -1
    outer loop
      vertex 15.9325 11.1561 0
      vertex 17.6118 12.3319 0
      vertex 16.404 10.4505 0
    endloop
  endfacet
  facet normal 0 0 -1
    outer loop
      vertex 17.6118 12.3319 0
      vertex 18.1329 11.5519 0
      vertex 16.404 10.4505 0
    endloop
  endfacet
  facet normal 0 0 -1
    outer loop
      vertex 16.404 10.4505 0
      vertex 18.1329 11.5519 0
      vertex 16.8442 9.725 0
    endloop
  endfacet
  facet normal 0 0 -1
    outer loop
      vertex 18.1329 11.5519 0
      vertex 18.6195 10.75 0
      vertex 16.8442 9.725 0
    endloop
  endfacet
  facet normal 0 0 -1
    outer loop
      vertex 16.8442 9.725 0
      vertex 18.6195 10.75 0
      vertex 17.2524 8.98101 0
    endloop
  endfacet
  facet normal 0 0 -1
    outer loop
      vertex 18.6195 10.75 0
      vertex 19.0707 9.9276 0
      vertex 17.2524 8.98101 0
    endloop
  endfacet
  facet normal 0 0 -1
    outer loop
      vertex 17.2524 8.98101 0
      vertex 19.0707 9.9276 0
      vertex 17.6277 8.21992 0
    endloop
  endfacet
  facet normal 0 0 -1
    outer loop
      vertex 19.0707 9.9276 0
      vertex 19.4856 9.08629 0
      vertex 17.6277 8.21992 0
    endloop
  endfacet
  facet normal 0 0 -1
    outer loop
      vertex 17.6277 8.21992 0
      vertex 19.4856 9.08629 0
      vertex 17.9695 7.44319 0
    endloop
  endfacet
  facet normal 0 0 -1
    outer loop
      vertex 19.4856 9.08629 0
      vertex 19.8634 8.22769 0
      vertex 17.9695 7.44319 0
    endloop
  endfacet
  facet normal 0 0 -1
    outer loop
      vertex 17.9695 7.44319 0
      vertex 19.8634 8.22769 0
      vertex 18.277 6.65229 0
    endloop
  endfacet
  facet normal 0 0 -1
    outer loop
      vertex 19.8634 8.22769 0
      vertex 20.2034 7.35343 0
      vertex 18.277 6.65229 0
    endloop
  endfacet
  facet normal 0 0 -1
    outer loop
      vertex 18.277 6.65229 0
      vertex 20.2034 7.35343 0
      vertex 18.5498 5.84873 0
    endloop
  endfacet
  facet normal 0 0 -1
    outer loop
      vertex 20.2034 7.35343 0
      vertex 20.5049 6.46517 0
      vertex 18.5498 5.84873 0
    endloop
  endfacet
  facet normal 0 0 -1
    outer loop
      vertex 18.5498 5.84873 0
      vertex 20.5049 6.46517 0
      vertex 18.7873 5.03403 0
    endloop
  endfacet
  facet normal 0 0 -1
    outer loop
      vertex 20.5049 6.46517 0
      vertex 20.7674 5.56461 0
      vertex 18.7873 5.03403 0
    endloop
  endfacet
  facet normal 0 0 -1
    outer loop
      vertex 18.7873 5.03403 0
      vertex 20.7674 5.56461 0
      vertex 18.989 4.20975 0
    endloop
  endfacet
  facet normal 0 0 -1
    outer loop
      vertex 20.7674 5.56461 0
      vertex 20.9904 4.65345 0
      vertex 18.989 4.20975 0
    endloop
  endfacet
  facet normal 0 0 -1
    outer loop
      vertex 18.989 4.20975 0
      vertex 20.9904 4.65345 0
      vertex 19.1545 3.37746 0
    endloop
  endfacet
  facet normal 0 0 -1
    outer loop
      vertex 20.9904 4.65345 0
      vertex 21.1734 3.73344 0
      vertex 19.1545 3.37746 0
    endloop
  endfacet
  facet normal 0 0 -1
    outer loop
      vertex 19.1545 3.37746 0
      vertex 21.1734 3.73344 0
      vertex 19.2836 2.53873 0
    endloop
  endfacet
  facet normal 0 0 -1
    outer loop
      vertex 21.1734 3.73344 0
      vertex 21.3161 2.80631 0
      vertex 19.2836 2.53873 0
    endloop
  endfacet
  facet normal 0 0 -1
    outer loop
      vertex 19.2836 2.53873 0
      vertex 21.3161 2.80631 0
      vertex 19.376 1.69518 0
    endloop
  endfacet
  facet normal 0 0 -1
    outer loop
      vertex 21.3161 2.80631 0
      vertex 21.4182 1.87385 0
      vertex 19.376 1.69518 0
    endloop
  endfacet
  facet normal 0 0 -1
    outer loop
      vertex 19.376 1.69518 0
      vertex 21.4182 1.87385 0
      vertex 19.4315 0.848397 0
    endloop
  endfacet
  facet normal 0 0 -1
    outer loop
      vertex 21.4182 1.87385 0
      vertex 21.4795 0.937817 0
      vertex 19.4315 0.848397 0
    endloop
  endfacet
  facet normal 0 0 -1
    outer loop
      vertex 19.4315 0.848397 0
      vertex 21.4795 0.937817 0
      vertex 19.45 1.0809e-15 0
    endloop
  endfacet
  facet normal 0 0 -1
    outer loop
      vertex 21.4795 0.937817 0
      vertex 21.5 3.94949e-15 0
      vertex 19.45 1.0809e-15 0
    endloop
  endfacet
  facet normal 0 0 -1
    outer loop
      vertex 19.45 1.0809e-15 0
      vertex 21.5 3.94949e-15 0
      vertex 19.4315 -0.848397 0
    endloop
  endfacet
  facet normal 0 0 -1
    outer loop
      vertex 21.5 3.94949e-15 0
      vertex 21.4795 -0.937817 0
      vertex 19.4315 -0.848397 0
    endloop
  endfacet
  facet normal 0 0 -1
    outer loop
      vertex 19.4315 -0.848397 0
      vertex 21.4795 -0.937817 0
      vertex 19.376 -1.69518 0
    endloop
  endfacet
  facet normal 0 0 -1
    outer loop
      vertex 21.4795 -0.937817 0
      vertex 21.4182 -1.87385 0
      vertex 19.376 -1.69518 0
    endloop
  endfacet
  facet normal 0 0 -1
    outer loop
      vertex 19.376 -1.69518 0
      vertex 21.4182 -1.87385 0
      vertex 19.2836 -2.53873 0
    endloop
  endfacet
  facet normal 0 0 -1
    outer loop
      vertex 21.4182 -1.87385 0
      vertex 21.3161 -2.80631 0
      vertex 19.2836 -2.53873 0
    endloop
  endfacet
  facet normal 0 0 -1
    outer loop
      vertex 19.2836 -2.53873 0
      vertex 21.3161 -2.80631 0
      vertex 19.1545 -3.37746 0
    endloop
  endfacet
  facet normal 0 0 -1
    outer loop
      vertex 21.3161 -2.80631 0
      vertex 21.1734 -3.73344 0
      vertex 19.1545 -3.37746 0
    endloop
  endfacet
  facet normal 0 0 -1
    outer loop
      vertex 19.1545 -3.37746 0
      vertex 21.1734 -3.73344 0
      vertex 18.989 -4.20975 0
    endloop
  endfacet
  facet normal 0 0 -1
    outer loop
      vertex 21.1734 -3.73344 0
      vertex 20.9904 -4.65345 0
      vertex 18.989 -4.20975 0
    endloop
  endfacet
  facet normal 0 0 -1
    outer loop
      vertex 18.989 -4.20975 0
      vertex 20.9904 -4.65345 0
      vertex 18.7873 -5.03403 0
    endloop
  endfacet
  facet normal 0 0 -1
    outer loop
      vertex 20.9904 -4.65345 0
      vertex 20.7674 -5.56461 0
      vertex 18.7873 -5.03403 0
    endloop
  endfacet
  facet normal 0 0 -1
    outer loop
      vertex 18.7873 -5.03403 0
      vertex 20.7674 -5.56461 0
      vertex 18.5498 -5.84873 0
    endloop
  endfacet
  facet normal 0 0 -1
    outer loop
      vertex 20.7674 -5.56461 0
      vertex 20.5049 -6.46517 0
      vertex 18.5498 -5.84873 0
    endloop
  endfacet
  facet normal 0 0 -1
    outer loop
      vertex 18.5498 -5.84873 0
      vertex 20.5049 -6.46517 0
      vertex 18.277 -6.65229 0
    endloop
  endfacet
  facet normal 0 0 -1
    outer loop
      vertex 20.5049 -6.46517 0
      vertex 20.2034 -7.35343 0
      vertex 18.277 -6.65229 0
    endloop
  endfacet
  facet normal 0 0 -1
    outer loop
      vertex 18.277 -6.65229 0
      vertex 20.2034 -7.35343 0
      vertex 17.9695 -7.44319 0
    endloop
  endfacet
  facet normal 0 0 -1
    outer loop
      vertex 20.2034 -7.35343 0
      vertex 19.8634 -8.22769 0
      vertex 17.9695 -7.44319 0
    endloop
  endfacet
  facet normal 0 0 -1
    outer loop
      vertex 17.9695 -7.44319 0
      vertex 19.8634 -8.22769 0
      vertex 17.6277 -8.21992 0
    endloop
  endfacet
  facet normal 0 0 -1
    outer loop
      vertex 19.8634 -8.22769 0
      vertex 19.4856 -9.08629 0
      vertex 17.6277 -8.21992 0
    endloop
  endfacet
  facet normal 0 0 -1
    outer loop
      vertex 17.6277 -8.21992 0
      vertex 19.4856 -9.08629 0
      vertex 17.2524 -8.98101 0
    endloop
  endfacet
  facet normal 0 0 -1
    outer loop
      vertex 19.4856 -9.08629 0
      vertex 19.0707 -9.9276 0
      vertex 17.2524 -8.98101 0
    endloop
  endfacet
  facet normal 0 0 -1
    outer loop
      vertex 17.2524 -8.98101 0
      vertex 19.0707 -9.9276 0
      vertex 16.8442 -9.725 0
    endloop
  endfacet
  facet normal 0 0 -1
    outer loop
      vertex 19.0707 -9.9276 0
      vertex 18.6195 -10.75 0
      vertex 16.8442 -9.725 0
    endloop
  endfacet
  facet normal 0 0 -1
    outer loop
      vertex 16.8442 -9.725 0
      vertex 18.6195 -10.75 0
      vertex 16.404 -10.4505 0
    endloop
  endfacet
  facet normal 0 0 -1
    outer loop
      vertex 18.6195 -10.75 0
      vertex 18.3938 -11.1318 0
      vertex 16.404 -10.4505 0
    endloop
  endfacet
  facet normal 0 0 -1
    outer loop
      vertex 16.404 -10.4505 0
      vertex 18.3938 -11.1318 0
      vertex 15.9325 -11.1561 0
    endloop
  endfacet
  facet normal 0 0 -1
    outer loop
      vertex 18.3938 -11.1318 0
      vertex 15.4307 -11.8404 0
      vertex 15.9325 -11.1561 0
    endloop
  endfacet
  facet normal 0 0 -1
    outer loop
      vertex 23.1396 -26.179 0
      vertex 23.3091 -26.1376 0
      vertex 24.2522 -28.9823 0
    endloop
  endfacet
  facet normal 0 0 -1
    outer loop
      vertex 23.3091 -26.1376 0
      vertex 23.4767 -26.0887 0
      vertex 24.2522 -28.9823 0
    endloop
  endfacet
  facet normal 0 0 -1
    outer loop
      vertex 24.2522 -28.9823 0
      vertex 23.4767 -26.0887 0
      vertex 24.6154 -28.8095 0
    endloop
  endfacet
  facet normal 0 0 -1
    outer loop
      vertex 23.4767 -26.0887 0
      vertex 23.6419 -26.0326 0
      vertex 24.6154 -28.8095 0
    endloop
  endfacet
  facet normal 0 0 -1
    outer loop
      vertex 24.6154 -28.8095 0
      vertex 23.6419 -26.0326 0
      vertex 24.971 -28.6213 0
    endloop
  endfacet
  facet normal 0 0 -1
    outer loop
      vertex 23.6419 -26.0326 0
      vertex 23.8046 -25.9694 0
      vertex 24.971 -28.6213 0
    endloop
  endfacet
  facet normal 0 0 -1
    outer loop
      vertex 24.971 -28.6213 0
      vertex 23.8046 -25.9694 0
      vertex 25.3181 -28.4182 0
    endloop
  endfacet
  facet normal 0 0 -1
    outer loop
      vertex 23.8046 -25.9694 0
      vertex 23.9643 -25.8991 0
      vertex 25.3181 -28.4182 0
    endloop
  endfacet
  facet normal 0 0 -1
    outer loop
      vertex 23.9643 -25.8991 0
      vertex 24.1209 -25.8219 0
      vertex 25.3181 -28.4182 0
    endloop
  endfacet
  facet normal 0 0 -1
    outer loop
      vertex 25.3181 -28.4182 0
      vertex 24.1209 -25.8219 0
      vertex 25.6563 -28.2005 0
    endloop
  endfacet
  facet normal 0 0 -1
    outer loop
      vertex 24.1209 -25.8219 0
      vertex 24.2739 -25.738 0
      vertex 25.6563 -28.2005 0
    endloop
  endfacet
  facet normal 0 0 -1
    outer loop
      vertex 25.6563 -28.2005 0
      vertex 24.2739 -25.738 0
      vertex 25.9849 -27.9685 0
    endloop
  endfacet
  facet normal 0 0 -1
    outer loop
      vertex 24.2739 -25.738 0
      vertex 24.4231 -25.6474 0
      vertex 25.9849 -27.9685 0
    endloop
  endfacet
  facet normal 0 0 -1
    outer loop
      vertex 25.9849 -27.9685 0
      vertex 24.4231 -25.6474 0
      vertex 26.3033 -27.7227 0
    endloop
  endfacet
  facet normal 0 0 -1
    outer loop
      vertex 24.4231 -25.6474 0
      vertex 24.5682 -25.5505 0
      vertex 26.3033 -27.7227 0
    endloop
  endfacet
  facet normal 0 0 -1
    outer loop
      vertex 26.3033 -27.7227 0
      vertex 24.5682 -25.5505 0
      vertex 24.7089 -25.4473 0
    endloop
  endfacet
  facet normal 0 0 -1
    outer loop
      vertex 21.9252 -18.2891 0
      vertex 21.7518 -18.3081 0
      vertex 18.3938 -11.1318 0
    endloop
  endfacet
  facet normal 0 0 -1
    outer loop
      vertex 21.7518 -18.3081 0
      vertex 21.5793 -18.3346 0
      vertex 18.3938 -11.1318 0
    endloop
  endfacet
  facet normal 0 0 -1
    outer loop
      vertex 18.3938 -11.1318 0
      vertex 21.5793 -18.3346 0
      vertex 21.4081 -18.3687 0
    endloop
  endfacet
  facet normal -0.0218145 -0.999762 -5.58812e-19
    outer loop
      vertex -4.33681e-15 18.5 160
      vertex -1.1328e-15 18.5 34.9241
      vertex 0.806959 18.4824 34.9241
    endloop
  endfacet
  facet normal 0.980808 -0.194978 -3.72154e-6
    outer loop
      vertex -18.0624 4 185
      vertex -18.0615 4.00413 210
      vertex -18.2189 3.21249 185
    endloop
  endfacet
  facet normal 0.980785 -0.195091 0
    outer loop
      vertex -18.0615 4.00413 210
      vertex -18.2189 3.21249 210
      vertex -18.2189 3.21249 185
    endloop
  endfacet
  facet normal 0.988362 -0.152122 0
    outer loop
      vertex -18.2189 3.21249 185
      vertex -18.2189 3.21249 210
      vertex -18.3417 2.41473 185
    endloop
  endfacet
  facet normal 0.988362 -0.152122 0
    outer loop
      vertex -18.2189 3.21249 210
      vertex -18.3417 2.41473 210
      vertex -18.3417 2.41473 185
    endloop
  endfacet
  facet normal 0.994056 -0.108867 0
    outer loop
      vertex -18.3417 2.41473 185
      vertex -18.3417 2.41473 210
      vertex -18.4296 1.61238 185
    endloop
  endfacet
  facet normal 0.994056 -0.108867 0
    outer loop
      vertex -18.3417 2.41473 210
      vertex -18.4296 1.61238 210
      vertex -18.4296 1.61238 185
    endloop
  endfacet
  facet normal 0.997859 -0.0654042 0
    outer loop
      vertex -18.4296 1.61238 185
      vertex -18.4296 1.61238 210
      vertex -18.4824 0.806959 185
    endloop
  endfacet
  facet normal 0.997859 -0.0654042 0
    outer loop
      vertex -18.4296 1.61238 210
      vertex -18.4824 0.806959 210
      vertex -18.4824 0.806959 185
    endloop
  endfacet
  facet normal 0.999762 -0.0218145 0
    outer loop
      vertex -18.4824 0.806959 185
      vertex -18.4824 0.806959 210
      vertex -18.5 -3.03577e-15 185
    endloop
  endfacet
  facet normal 0.999762 -0.0218145 -1.23922e-20
    outer loop
      vertex -18.5 -3.46945e-15 160
      vertex -18.5 -3.39839e-15 34.9241
      vertex -18.4824 0.806959 160
    endloop
  endfacet
  facet normal 0.999762 -0.0218145 0
    outer loop
      vertex -18.5 -3.39839e-15 34.9241
      vertex -18.4824 0.806959 34.9241
      vertex -18.4824 0.806959 160
    endloop
  endfacet
  facet normal 0.997859 -0.0654042 0
    outer loop
      vertex -18.4824 0.806959 160
      vertex -18.4824 0.806959 34.9241
      vertex -18.4296 1.61238 160
    endloop
  endfacet
  facet normal 0.997859 -0.0654042 0
    outer loop
      vertex -18.4824 0.806959 34.9241
      vertex -18.4296 1.61238 34.9241
      vertex -18.4296 1.61238 160
    endloop
  endfacet
  facet normal 0.994056 -0.108867 0
    outer loop
      vertex -18.4296 1.61238 160
      vertex -18.4296 1.61238 34.9241
      vertex -18.3417 2.41473 160
    endloop
  endfacet
  facet normal 0.994056 -0.108867 0
    outer loop
      vertex -18.4296 1.61238 34.9241
      vertex -18.3417 2.41473 34.9241
      vertex -18.3417 2.41473 160
    endloop
  endfacet
  facet normal 0.988362 -0.152122 0
    outer loop
      vertex -18.3417 2.41473 160
      vertex -18.3417 2.41473 34.9241
      vertex -18.2189 3.21249 160
    endloop
  endfacet
  facet normal 0.988362 -0.152122 0
    outer loop
      vertex -18.3417 2.41473 34.9241
      vertex -18.2189 3.21249 34.9241
      vertex -18.2189 3.21249 160
    endloop
  endfacet
  facet normal 0.980808 -0.194978 0
    outer loop
      vertex -18.2189 3.21249 160
      vertex -18.2189 3.21249 34.9241
      vertex -18.0624 4 160
    endloop
  endfacet
  facet normal 0.980785 -0.195091 7.39956e-7
    outer loop
      vertex -18.2189 3.21249 34.9241
      vertex -18.0615 4.00413 34.9241
      vertex -18.0624 4 160
    endloop
  endfacet
  facet normal 0.976285 -0.216488 0
    outer loop
      vertex -18.0624 4 185
      vertex -18.0624 4 160
      vertex -18.0615 4.00413 210
    endloop
  endfacet
  facet normal 0.976285 -0.216488 0
    outer loop
      vertex -18.0624 4 160
      vertex -18.0615 4.00413 34.9241
      vertex -18.0615 4.00413 210
    endloop
  endfacet
  facet normal 0.971342 -0.237686 0
    outer loop
      vertex -18.0615 4.00413 210
      vertex -18.0615 4.00413 34.9241
      vertex -17.8696 4.78815 210
    endloop
  endfacet
  facet normal 0.971342 -0.237686 0
    outer loop
      vertex -18.0615 4.00413 34.9241
      vertex -17.8696 4.78815 34.9241
      vertex -17.8696 4.78815 210
    endloop
  endfacet
  facet normal 0.96005 -0.279829 0
    outer loop
      vertex -17.8696 4.78815 210
      vertex -17.8696 4.78815 34.9241
      vertex -17.6438 5.56306 210
    endloop
  endfacet
  facet normal 0.96005 -0.279829 0
    outer loop
      vertex -17.8696 4.78815 34.9241
      vertex -17.6438 5.56306 34.9241
      vertex -17.6438 5.56306 210
    endloop
  endfacet
  facet normal 0.94693 -0.321439 0
    outer loop
      vertex -17.6438 5.56306 210
      vertex -17.6438 5.56306 34.9241
      vertex -17.3843 6.32737 210
    endloop
  endfacet
  facet normal 0.94693 -0.321439 0
    outer loop
      vertex -17.6438 5.56306 34.9241
      vertex -17.3843 6.32737 34.9241
      vertex -17.3843 6.32737 210
    endloop
  endfacet
  facet normal 0.932008 -0.362437 0
    outer loop
      vertex -17.3843 6.32737 210
      vertex -17.3843 6.32737 34.9241
      vertex -17.0918 7.07964 210
    endloop
  endfacet
  facet normal 0.932008 -0.362437 0
    outer loop
      vertex -17.3843 6.32737 34.9241
      vertex -17.0918 7.07964 34.9241
      vertex -17.0918 7.07964 210
    endloop
  endfacet
  facet normal 0.915311 -0.402748 0
    outer loop
      vertex -17.0918 7.07964 210
      vertex -17.0918 7.07964 34.9241
      vertex -16.7667 7.81844 210
    endloop
  endfacet
  facet normal 0.915311 -0.402748 0
    outer loop
      vertex -17.0918 7.07964 34.9241
      vertex -16.7667 7.81844 34.9241
      vertex -16.7667 7.81844 210
    endloop
  endfacet
  facet normal 0.896873 -0.442288 0
    outer loop
      vertex -16.7667 7.81844 210
      vertex -16.7667 7.81844 34.9241
      vertex -16.4097 8.54235 210
    endloop
  endfacet
  facet normal 0.896873 -0.442288 0
    outer loop
      vertex -16.7667 7.81844 34.9241
      vertex -16.4097 8.54235 34.9241
      vertex -16.4097 8.54235 210
    endloop
  endfacet
  facet normal 0.876726 -0.480989 0
    outer loop
      vertex -16.4097 8.54235 210
      vertex -16.4097 8.54235 34.9241
      vertex -16.0215 9.25 210
    endloop
  endfacet
  facet normal 0.876726 -0.480989 0
    outer loop
      vertex -16.4097 8.54235 34.9241
      vertex -16.0215 9.25 34.9241
      vertex -16.0215 9.25 210
    endloop
  endfacet
  facet normal 0.854912 -0.518773 0
    outer loop
      vertex -16.0215 9.25 210
      vertex -16.0215 9.25 34.9241
      vertex -15.6027 9.94004 210
    endloop
  endfacet
  facet normal 0.854912 -0.518773 0
    outer loop
      vertex -16.0215 9.25 34.9241
      vertex -15.6027 9.94004 34.9241
      vertex -15.6027 9.94004 210
    endloop
  endfacet
  facet normal 0.83147 -0.55557 0
    outer loop
      vertex -15.6027 9.94004 210
      vertex -15.6027 9.94004 34.9241
      vertex -15.1543 10.6112 210
    endloop
  endfacet
  facet normal 0.83147 -0.55557 0
    outer loop
      vertex -15.6027 9.94004 34.9241
      vertex -15.1543 10.6112 34.9241
      vertex -15.1543 10.6112 210
    endloop
  endfacet
  facet normal 0.806445 -0.59131 0
    outer loop
      vertex -15.1543 10.6112 210
      vertex -15.1543 10.6112 34.9241
      vertex -14.677 11.2621 210
    endloop
  endfacet
  facet normal 0.806445 -0.59131 0
    outer loop
      vertex -15.1543 10.6112 34.9241
      vertex -14.677 11.2621 34.9241
      vertex -14.677 11.2621 210
    endloop
  endfacet
  facet normal 0.779885 -0.625923 0
    outer loop
      vertex -14.677 11.2621 210
      vertex -14.677 11.2621 34.9241
      vertex -14.1718 11.8916 210
    endloop
  endfacet
  facet normal 0.779885 -0.625923 0
    outer loop
      vertex -14.677 11.2621 34.9241
      vertex -14.1718 11.8916 34.9241
      vertex -14.1718 11.8916 210
    endloop
  endfacet
  facet normal 0.75184 -0.659346 0
    outer loop
      vertex -14.1718 11.8916 210
      vertex -14.1718 11.8916 34.9241
      vertex -13.6396 12.4984 210
    endloop
  endfacet
  facet normal 0.75184 -0.659346 0
    outer loop
      vertex -14.1718 11.8916 34.9241
      vertex -13.6396 12.4984 34.9241
      vertex -13.6396 12.4984 210
    endloop
  endfacet
  facet normal 0.722364 -0.691513 0
    outer loop
      vertex -13.6396 12.4984 210
      vertex -13.6396 12.4984 34.9241
      vertex -13.0815 13.0815 210
    endloop
  endfacet
  facet normal 0.722364 -0.691513 0
    outer loop
      vertex -13.6396 12.4984 34.9241
      vertex -13.0815 13.0815 34.9241
      vertex -13.0815 13.0815 210
    endloop
  endfacet
  facet normal 0.691513 -0.722364 0
    outer loop
      vertex -13.0815 13.0815 210
      vertex -13.0815 13.0815 34.9241
      vertex -12.4984 13.6396 210
    endloop
  endfacet
  facet normal 0.691513 -0.722364 0
    outer loop
      vertex -13.0815 13.0815 34.9241
      vertex -12.4984 13.6396 34.9241
      vertex -12.4984 13.6396 210
    endloop
  endfacet
  facet normal 0.659346 -0.75184 0
    outer loop
      vertex -12.4984 13.6396 210
      vertex -12.4984 13.6396 34.9241
      vertex -11.8916 14.1718 210
    endloop
  endfacet
  facet normal 0.659346 -0.75184 0
    outer loop
      vertex -12.4984 13.6396 34.9241
      vertex -11.8916 14.1718 34.9241
      vertex -11.8916 14.1718 210
    endloop
  endfacet
  facet normal 0.625923 -0.779885 0
    outer loop
      vertex -11.8916 14.1718 210
      vertex -11.8916 14.1718 34.9241
      vertex -11.2621 14.677 210
    endloop
  endfacet
  facet normal 0.625923 -0.779885 0
    outer loop
      vertex -11.8916 14.1718 34.9241
      vertex -11.2621 14.677 34.9241
      vertex -11.2621 14.677 210
    endloop
  endfacet
  facet normal 0.59131 -0.806445 0
    outer loop
      vertex -11.2621 14.677 210
      vertex -11.2621 14.677 34.9241
      vertex -10.6112 15.1543 210
    endloop
  endfacet
  facet normal 0.59131 -0.806445 0
    outer loop
      vertex -11.2621 14.677 34.9241
      vertex -10.6112 15.1543 34.9241
      vertex -10.6112 15.1543 210
    endloop
  endfacet
  facet normal 0.55557 -0.83147 0
    outer loop
      vertex -10.6112 15.1543 210
      vertex -10.6112 15.1543 34.9241
      vertex -9.94004 15.6027 210
    endloop
  endfacet
  facet normal 0.55557 -0.83147 0
    outer loop
      vertex -10.6112 15.1543 34.9241
      vertex -9.94004 15.6027 34.9241
      vertex -9.94004 15.6027 210
    endloop
  endfacet
  facet normal 0.518773 -0.854912 0
    outer loop
      vertex -9.94004 15.6027 210
      vertex -9.94004 15.6027 34.9241
      vertex -9.25 16.0215 210
    endloop
  endfacet
  facet normal 0.518773 -0.854912 0
    outer loop
      vertex -9.94004 15.6027 34.9241
      vertex -9.25 16.0215 34.9241
      vertex -9.25 16.0215 210
    endloop
  endfacet
  facet normal 0.480989 -0.876726 0
    outer loop
      vertex -9.25 16.0215 210
      vertex -9.25 16.0215 34.9241
      vertex -8.54235 16.4097 210
    endloop
  endfacet
  facet normal 0.480989 -0.876726 0
    outer loop
      vertex -9.25 16.0215 34.9241
      vertex -8.54235 16.4097 34.9241
      vertex -8.54235 16.4097 210
    endloop
  endfacet
  facet normal 0.442288 -0.896873 0
    outer loop
      vertex -8.54235 16.4097 210
      vertex -8.54235 16.4097 34.9241
      vertex -7.81844 16.7667 210
    endloop
  endfacet
  facet normal 0.442288 -0.896873 0
    outer loop
      vertex -8.54235 16.4097 34.9241
      vertex -7.81844 16.7667 34.9241
      vertex -7.81844 16.7667 210
    endloop
  endfacet
  facet normal 0.402748 -0.915311 0
    outer loop
      vertex -7.81844 16.7667 210
      vertex -7.81844 16.7667 34.9241
      vertex -7.07964 17.0918 210
    endloop
  endfacet
  facet normal 0.402748 -0.915311 0
    outer loop
      vertex -7.81844 16.7667 34.9241
      vertex -7.07964 17.0918 34.9241
      vertex -7.07964 17.0918 210
    endloop
  endfacet
  facet normal 0.362437 -0.932008 0
    outer loop
      vertex -7.07964 17.0918 210
      vertex -7.07964 17.0918 34.9241
      vertex -6.32737 17.3843 210
    endloop
  endfacet
  facet normal 0.362437 -0.932008 0
    outer loop
      vertex -7.07964 17.0918 34.9241
      vertex -6.32737 17.3843 34.9241
      vertex -6.32737 17.3843 210
    endloop
  endfacet
  facet normal 0.321439 -0.94693 0
    outer loop
      vertex -6.32737 17.3843 210
      vertex -6.32737 17.3843 34.9241
      vertex -5.56306 17.6438 210
    endloop
  endfacet
  facet normal 0.321439 -0.94693 0
    outer loop
      vertex -6.32737 17.3843 34.9241
      vertex -5.56306 17.6438 34.9241
      vertex -5.56306 17.6438 210
    endloop
  endfacet
  facet normal 0.279829 -0.96005 0
    outer loop
      vertex -5.56306 17.6438 210
      vertex -5.56306 17.6438 34.9241
      vertex -4.78815 17.8696 210
    endloop
  endfacet
  facet normal 0.279829 -0.96005 0
    outer loop
      vertex -5.56306 17.6438 34.9241
      vertex -4.78815 17.8696 34.9241
      vertex -4.78815 17.8696 210
    endloop
  endfacet
  facet normal 0.237686 -0.971342 0
    outer loop
      vertex -4.78815 17.8696 210
      vertex -4.78815 17.8696 34.9241
      vertex -4.00413 18.0615 210
    endloop
  endfacet
  facet normal 0.237686 -0.971342 0
    outer loop
      vertex -4.78815 17.8696 34.9241
      vertex -4.00413 18.0615 34.9241
      vertex -4.00413 18.0615 210
    endloop
  endfacet
  facet normal 0.0218145 -0.999762 5.58812e-19
    outer loop
      vertex -1.1328e-15 18.5 34.9241
      vertex -4.33681e-15 18.5 160
      vertex -0.806959 18.4824 34.9241
    endloop
  endfacet
  facet normal 0.0218145 -0.999762 0
    outer loop
      vertex -4.33681e-15 18.5 160
      vertex -0.806959 18.4824 160
      vertex -0.806959 18.4824 34.9241
    endloop
  endfacet
  facet normal 0.0654042 -0.997859 0
    outer loop
      vertex -0.806959 18.4824 34.9241
      vertex -0.806959 18.4824 160
      vertex -1.61238 18.4296 34.9241
    endloop
  endfacet
  facet normal 0.0654042 -0.997859 0
    outer loop
      vertex -0.806959 18.4824 160
      vertex -1.61238 18.4296 160
      vertex -1.61238 18.4296 34.9241
    endloop
  endfacet
  facet normal 0.108867 -0.994056 0
    outer loop
      vertex -1.61238 18.4296 34.9241
      vertex -1.61238 18.4296 160
      vertex -2.41473 18.3417 34.9241
    endloop
  endfacet
  facet normal 0.108867 -0.994056 0
    outer loop
      vertex -1.61238 18.4296 160
      vertex -2.41473 18.3417 160
      vertex -2.41473 18.3417 34.9241
    endloop
  endfacet
  facet normal 0.152122 -0.988362 0
    outer loop
      vertex -2.41473 18.3417 34.9241
      vertex -2.41473 18.3417 160
      vertex -3.21249 18.2189 34.9241
    endloop
  endfacet
  facet normal 0.152122 -0.988362 0
    outer loop
      vertex -2.41473 18.3417 160
      vertex -3.21249 18.2189 160
      vertex -3.21249 18.2189 34.9241
    endloop
  endfacet
  facet normal 0.195091 -0.980785 0
    outer loop
      vertex -3.21249 18.2189 34.9241
      vertex -3.21249 18.2189 160
      vertex -4.00413 18.0615 34.9241
    endloop
  endfacet
  facet normal 0.194978 -0.980808 7.43856e-7
    outer loop
      vertex -3.21249 18.2189 160
      vertex -4 18.0624 160
      vertex -4.00413 18.0615 34.9241
    endloop
  endfacet
  facet normal 0.216488 -0.976285 0
    outer loop
      vertex -4.00413 18.0615 34.9241
      vertex -4 18.0624 160
      vertex -4.00413 18.0615 210
    endloop
  endfacet
  facet normal 0.216488 -0.976285 0
    outer loop
      vertex -4 18.0624 160
      vertex -4 18.0624 185
      vertex -4.00413 18.0615 210
    endloop
  endfacet
  facet normal 0.195091 -0.980785 -3.70203e-6
    outer loop
      vertex -4.00413 18.0615 210
      vertex -4 18.0624 185
      vertex -3.21249 18.2189 210
    endloop
  endfacet
  facet normal 0.194978 -0.980808 0
    outer loop
      vertex -4 18.0624 185
      vertex -3.21249 18.2189 185
      vertex -3.21249 18.2189 210
    endloop
  endfacet
  facet normal 0.152122 -0.988362 0
    outer loop
      vertex -3.21249 18.2189 210
      vertex -3.21249 18.2189 185
      vertex -2.41473 18.3417 210
    endloop
  endfacet
  facet normal 0.152122 -0.988362 0
    outer loop
      vertex -3.21249 18.2189 185
      vertex -2.41473 18.3417 185
      vertex -2.41473 18.3417 210
    endloop
  endfacet
  facet normal 0.108867 -0.994056 0
    outer loop
      vertex -2.41473 18.3417 210
      vertex -2.41473 18.3417 185
      vertex -1.61238 18.4296 210
    endloop
  endfacet
  facet normal 0.108867 -0.994056 0
    outer loop
      vertex -2.41473 18.3417 185
      vertex -1.61238 18.4296 185
      vertex -1.61238 18.4296 210
    endloop
  endfacet
  facet normal 0.0654042 -0.997859 0
    outer loop
      vertex -1.61238 18.4296 210
      vertex -1.61238 18.4296 185
      vertex -0.806959 18.4824 210
    endloop
  endfacet
  facet normal 0.0654042 -0.997859 0
    outer loop
      vertex -1.61238 18.4296 185
      vertex -0.806959 18.4824 185
      vertex -0.806959 18.4824 210
    endloop
  endfacet
  facet normal 0.0218145 -0.999762 0
    outer loop
      vertex -0.806959 18.4824 210
      vertex -0.806959 18.4824 185
      vertex -1.1328e-15 18.5 210
    endloop
  endfacet
  facet normal 0.0218145 -0.999762 -1.31176e-18
    outer loop
      vertex -0.806959 18.4824 185
      vertex -2.60209e-15 18.5 185
      vertex -1.1328e-15 18.5 210
    endloop
  endfacet
  facet normal -0.0218145 -0.999762 1.28207e-18
    outer loop
      vertex -1.1328e-15 18.5 210
      vertex -2.60209e-15 18.5 185
      vertex 0.806959 18.4824 210
    endloop
  endfacet
  facet normal -0.0218145 -0.999762 1.51368e-18
    outer loop
      vertex -2.60209e-15 18.5 185
      vertex -4.33681e-15 18.5 160
      vertex 0.806959 18.4824 210
    endloop
  endfacet
  facet normal -0.0218145 -0.999762 0
    outer loop
      vertex -4.33681e-15 18.5 160
      vertex 0.806959 18.4824 34.9241
      vertex 0.806959 18.4824 210
    endloop
  endfacet
  facet normal -0.0654042 -0.997859 0
    outer loop
      vertex 0.806959 18.4824 210
      vertex 0.806959 18.4824 34.9241
      vertex 1.61238 18.4296 210
    endloop
  endfacet
  facet normal -0.0654042 -0.997859 0
    outer loop
      vertex 0.806959 18.4824 34.9241
      vertex 1.61238 18.4296 34.9241
      vertex 1.61238 18.4296 210
    endloop
  endfacet
  facet normal -0.108867 -0.994056 0
    outer loop
      vertex 1.61238 18.4296 210
      vertex 1.61238 18.4296 34.9241
      vertex 2.41473 18.3417 210
    endloop
  endfacet
  facet normal -0.108867 -0.994056 0
    outer loop
      vertex 1.61238 18.4296 34.9241
      vertex 2.41473 18.3417 34.9241
      vertex 2.41473 18.3417 210
    endloop
  endfacet
  facet normal -0.152122 -0.988362 0
    outer loop
      vertex 2.41473 18.3417 210
      vertex 2.41473 18.3417 34.9241
      vertex 3.21249 18.2189 210
    endloop
  endfacet
  facet normal -0.152122 -0.988362 0
    outer loop
      vertex 2.41473 18.3417 34.9241
      vertex 3.21249 18.2189 34.9241
      vertex 3.21249 18.2189 210
    endloop
  endfacet
  facet normal -0.195091 -0.980785 0
    outer loop
      vertex 3.21249 18.2189 210
      vertex 3.21249 18.2189 34.9241
      vertex 4.00413 18.0615 210
    endloop
  endfacet
  facet normal -0.195091 -0.980785 0
    outer loop
      vertex 3.21249 18.2189 34.9241
      vertex 4.00413 18.0615 34.9241
      vertex 4.00413 18.0615 210
    endloop
  endfacet
  facet normal -0.237686 -0.971342 0
    outer loop
      vertex 4.00413 18.0615 210
      vertex 4.00413 18.0615 34.9241
      vertex 4.78815 17.8696 210
    endloop
  endfacet
  facet normal -0.237686 -0.971342 0
    outer loop
      vertex 4.00413 18.0615 34.9241
      vertex 4.78815 17.8696 34.9241
      vertex 4.78815 17.8696 210
    endloop
  endfacet
  facet normal -0.279829 -0.96005 0
    outer loop
      vertex 4.78815 17.8696 210
      vertex 4.78815 17.8696 34.9241
      vertex 5.56306 17.6438 210
    endloop
  endfacet
  facet normal -0.279829 -0.96005 0
    outer loop
      vertex 4.78815 17.8696 34.9241
      vertex 5.56306 17.6438 34.9241
      vertex 5.56306 17.6438 210
    endloop
  endfacet
  facet normal -0.321439 -0.94693 0
    outer loop
      vertex 5.56306 17.6438 210
      vertex 5.56306 17.6438 34.9241
      vertex 6.32737 17.3843 210
    endloop
  endfacet
  facet normal -0.321439 -0.94693 0
    outer loop
      vertex 5.56306 17.6438 34.9241
      vertex 6.32737 17.3843 34.9241
      vertex 6.32737 17.3843 210
    endloop
  endfacet
  facet normal -0.362437 -0.932008 0
    outer loop
      vertex 6.32737 17.3843 210
      vertex 6.32737 17.3843 34.9241
      vertex 7.07964 17.0918 210
    endloop
  endfacet
  facet normal -0.362437 -0.932008 0
    outer loop
      vertex 6.32737 17.3843 34.9241
      vertex 7.07964 17.0918 34.9241
      vertex 7.07964 17.0918 210
    endloop
  endfacet
  facet normal -0.402748 -0.915311 0
    outer loop
      vertex 7.07964 17.0918 210
      vertex 7.07964 17.0918 34.9241
      vertex 7.81844 16.7667 210
    endloop
  endfacet
  facet normal -0.402748 -0.915311 0
    outer loop
      vertex 7.07964 17.0918 34.9241
      vertex 7.81844 16.7667 34.9241
      vertex 7.81844 16.7667 210
    endloop
  endfacet
  facet normal -0.442288 -0.896873 0
    outer loop
      vertex 7.81844 16.7667 210
      vertex 7.81844 16.7667 34.9241
      vertex 8.54235 16.4097 210
    endloop
  endfacet
  facet normal -0.442288 -0.896873 0
    outer loop
      vertex 7.81844 16.7667 34.9241
      vertex 8.54235 16.4097 34.9241
      vertex 8.54235 16.4097 210
    endloop
  endfacet
  facet normal -0.480989 -0.876726 0
    outer loop
      vertex 8.54235 16.4097 210
      vertex 8.54235 16.4097 34.9241
      vertex 9.25 16.0215 210
    endloop
  endfacet
  facet normal -0.480989 -0.876726 0
    outer loop
      vertex 8.54235 16.4097 34.9241
      vertex 9.25 16.0215 34.9241
      vertex 9.25 16.0215 210
    endloop
  endfacet
  facet normal -0.518773 -0.854912 0
    outer loop
      vertex 9.25 16.0215 210
      vertex 9.25 16.0215 34.9241
      vertex 9.94004 15.6027 210
    endloop
  endfacet
  facet normal -0.518773 -0.854912 0
    outer loop
      vertex 9.25 16.0215 34.9241
      vertex 9.94004 15.6027 34.9241
      vertex 9.94004 15.6027 210
    endloop
  endfacet
  facet normal -0.55557 -0.83147 0
    outer loop
      vertex 9.94004 15.6027 210
      vertex 9.94004 15.6027 34.9241
      vertex 10.6112 15.1543 210
    endloop
  endfacet
  facet normal -0.55557 -0.83147 0
    outer loop
      vertex 9.94004 15.6027 34.9241
      vertex 10.6112 15.1543 34.9241
      vertex 10.6112 15.1543 210
    endloop
  endfacet
  facet normal -0.59131 -0.806445 0
    outer loop
      vertex 10.6112 15.1543 210
      vertex 10.6112 15.1543 34.9241
      vertex 11.2621 14.677 210
    endloop
  endfacet
  facet normal -0.59131 -0.806445 0
    outer loop
      vertex 10.6112 15.1543 34.9241
      vertex 11.2621 14.677 34.9241
      vertex 11.2621 14.677 210
    endloop
  endfacet
  facet normal -0.625923 -0.779885 0
    outer loop
      vertex 11.2621 14.677 210
      vertex 11.2621 14.677 34.9241
      vertex 11.8916 14.1718 210
    endloop
  endfacet
  facet normal -0.625923 -0.779885 0
    outer loop
      vertex 11.2621 14.677 34.9241
      vertex 11.8916 14.1718 34.9241
      vertex 11.8916 14.1718 210
    endloop
  endfacet
  facet normal -0.659346 -0.75184 0
    outer loop
      vertex 11.8916 14.1718 210
      vertex 11.8916 14.1718 34.9241
      vertex 12.4984 13.6396 210
    endloop
  endfacet
  facet normal -0.659346 -0.75184 0
    outer loop
      vertex 11.8916 14.1718 34.9241
      vertex 12.4984 13.6396 34.9241
      vertex 12.4984 13.6396 210
    endloop
  endfacet
  facet normal -0.691513 -0.722364 0
    outer loop
      vertex 12.4984 13.6396 210
      vertex 12.4984 13.6396 34.9241
      vertex 13.0815 13.0815 210
    endloop
  endfacet
  facet normal -0.691513 -0.722364 0
    outer loop
      vertex 12.4984 13.6396 34.9241
      vertex 13.0815 13.0815 34.9241
      vertex 13.0815 13.0815 210
    endloop
  endfacet
  facet normal -0.722364 -0.691513 0
    outer loop
      vertex 13.0815 13.0815 210
      vertex 13.0815 13.0815 34.9241
      vertex 13.6396 12.4984 210
    endloop
  endfacet
  facet normal -0.722364 -0.691513 0
    outer loop
      vertex 13.0815 13.0815 34.9241
      vertex 13.6396 12.4984 34.9241
      vertex 13.6396 12.4984 210
    endloop
  endfacet
  facet normal -0.75184 -0.659346 0
    outer loop
      vertex 13.6396 12.4984 210
      vertex 13.6396 12.4984 34.9241
      vertex 14.1718 11.8916 210
    endloop
  endfacet
  facet normal -0.75184 -0.659346 0
    outer loop
      vertex 13.6396 12.4984 34.9241
      vertex 14.1718 11.8916 34.9241
      vertex 14.1718 11.8916 210
    endloop
  endfacet
  facet normal -0.779885 -0.625923 0
    outer loop
      vertex 14.1718 11.8916 210
      vertex 14.1718 11.8916 34.9241
      vertex 14.677 11.2621 210
    endloop
  endfacet
  facet normal -0.779885 -0.625923 0
    outer loop
      vertex 14.1718 11.8916 34.9241
      vertex 14.677 11.2621 34.9241
      vertex 14.677 11.2621 210
    endloop
  endfacet
  facet normal -0.806445 -0.59131 0
    outer loop
      vertex 14.677 11.2621 210
      vertex 14.677 11.2621 34.9241
      vertex 15.1543 10.6112 210
    endloop
  endfacet
  facet normal -0.806445 -0.59131 0
    outer loop
      vertex 14.677 11.2621 34.9241
      vertex 15.1543 10.6112 34.9241
      vertex 15.1543 10.6112 210
    endloop
  endfacet
  facet normal -0.83147 -0.55557 0
    outer loop
      vertex 15.1543 10.6112 210
      vertex 15.1543 10.6112 34.9241
      vertex 15.6027 9.94004 210
    endloop
  endfacet
  facet normal -0.83147 -0.55557 0
    outer loop
      vertex 15.1543 10.6112 34.9241
      vertex 15.6027 9.94004 34.9241
      vertex 15.6027 9.94004 210
    endloop
  endfacet
  facet normal -0.854912 -0.518773 0
    outer loop
      vertex 15.6027 9.94004 210
      vertex 15.6027 9.94004 34.9241
      vertex 16.0215 9.25 210
    endloop
  endfacet
  facet normal -0.854912 -0.518773 0
    outer loop
      vertex 15.6027 9.94004 34.9241
      vertex 16.0215 9.25 34.9241
      vertex 16.0215 9.25 210
    endloop
  endfacet
  facet normal -0.876726 -0.480989 0
    outer loop
      vertex 16.0215 9.25 210
      vertex 16.0215 9.25 34.9241
      vertex 16.4097 8.54235 210
    endloop
  endfacet
  facet normal -0.876726 -0.480989 0
    outer loop
      vertex 16.0215 9.25 34.9241
      vertex 16.4097 8.54235 34.9241
      vertex 16.4097 8.54235 210
    endloop
  endfacet
  facet normal -0.896873 -0.442288 0
    outer loop
      vertex 16.4097 8.54235 210
      vertex 16.4097 8.54235 34.9241
      vertex 16.7667 7.81844 210
    endloop
  endfacet
  facet normal -0.896873 -0.442288 0
    outer loop
      vertex 16.4097 8.54235 34.9241
      vertex 16.7667 7.81844 34.9241
      vertex 16.7667 7.81844 210
    endloop
  endfacet
  facet normal -0.915311 -0.402748 0
    outer loop
      vertex 16.7667 7.81844 210
      vertex 16.7667 7.81844 34.9241
      vertex 17.0918 7.07964 210
    endloop
  endfacet
  facet normal -0.915311 -0.402748 0
    outer loop
      vertex 16.7667 7.81844 34.9241
      vertex 17.0918 7.07964 34.9241
      vertex 17.0918 7.07964 210
    endloop
  endfacet
  facet normal -0.932008 -0.362437 0
    outer loop
      vertex 17.0918 7.07964 210
      vertex 17.0918 7.07964 34.9241
      vertex 17.3843 6.32737 210
    endloop
  endfacet
  facet normal -0.932008 -0.362437 0
    outer loop
      vertex 17.0918 7.07964 34.9241
      vertex 17.3843 6.32737 34.9241
      vertex 17.3843 6.32737 210
    endloop
  endfacet
  facet normal -0.94693 -0.321439 0
    outer loop
      vertex 17.3843 6.32737 210
      vertex 17.3843 6.32737 34.9241
      vertex 17.6438 5.56306 210
    endloop
  endfacet
  facet normal -0.94693 -0.321439 0
    outer loop
      vertex 17.3843 6.32737 34.9241
      vertex 17.6438 5.56306 34.9241
      vertex 17.6438 5.56306 210
    endloop
  endfacet
  facet normal -0.96005 -0.279829 0
    outer loop
      vertex 17.6438 5.56306 210
      vertex 17.6438 5.56306 34.9241
      vertex 17.8696 4.78815 210
    endloop
  endfacet
  facet normal -0.96005 -0.279829 0
    outer loop
      vertex 17.6438 5.56306 34.9241
      vertex 17.8696 4.78815 34.9241
      vertex 17.8696 4.78815 210
    endloop
  endfacet
  facet normal -0.971342 -0.237686 0
    outer loop
      vertex 17.8696 4.78815 210
      vertex 17.8696 4.78815 34.9241
      vertex 18.0615 4.00413 210
    endloop
  endfacet
  facet normal -0.971342 -0.237686 0
    outer loop
      vertex 17.8696 4.78815 34.9241
      vertex 18.0615 4.00413 34.9241
      vertex 18.0615 4.00413 210
    endloop
  endfacet
  facet normal -0.980785 -0.195091 0
    outer loop
      vertex 18.0615 4.00413 210
      vertex 18.0615 4.00413 34.9241
      vertex 18.2189 3.21249 210
    endloop
  endfacet
  facet normal -0.980785 -0.195091 0
    outer loop
      vertex 18.0615 4.00413 34.9241
      vertex 18.2189 3.21249 34.9241
      vertex 18.2189 3.21249 210
    endloop
  endfacet
  facet normal -0.988362 -0.152122 0
    outer loop
      vertex 18.2189 3.21249 210
      vertex 18.2189 3.21249 34.9241
      vertex 18.3417 2.41473 210
    endloop
  endfacet
  facet normal -0.988362 -0.152122 0
    outer loop
      vertex 18.2189 3.21249 34.9241
      vertex 18.3417 2.41473 34.9241
      vertex 18.3417 2.41473 210
    endloop
  endfacet
  facet normal -0.994056 -0.108867 0
    outer loop
      vertex 18.3417 2.41473 210
      vertex 18.3417 2.41473 34.9241
      vertex 18.4296 1.61238 210
    endloop
  endfacet
  facet normal -0.994056 -0.108867 0
    outer loop
      vertex 18.3417 2.41473 34.9241
      vertex 18.4296 1.61238 34.9241
      vertex 18.4296 1.61238 210
    endloop
  endfacet
  facet normal -0.997859 -0.0654042 0
    outer loop
      vertex 18.4296 1.61238 210
      vertex 18.4296 1.61238 34.9241
      vertex 18.4824 0.806959 210
    endloop
  endfacet
  facet normal -0.997859 -0.0654042 0
    outer loop
      vertex 18.4296 1.61238 34.9241
      vertex 18.4824 0.806959 34.9241
      vertex 18.4824 0.806959 210
    endloop
  endfacet
  facet normal -0.999762 -0.0218145 0
    outer loop
      vertex 18.4824 0.806959 210
      vertex 18.4824 0.806959 34.9241
      vertex 18.5 3.39839e-15 210
    endloop
  endfacet
  facet normal -0.999762 -0.0218145 0
    outer loop
      vertex 18.4824 0.806959 34.9241
      vertex 18.5 3.39839e-15 34.9241
      vertex 18.5 3.39839e-15 210
    endloop
  endfacet
  facet normal -0.999762 0.0218145 0
    outer loop
      vertex 18.5 3.39839e-15 210
      vertex 18.5 3.39839e-15 34.9241
      vertex 18.4824 -0.806959 210
    endloop
  endfacet
  facet normal -0.999762 0.0218145 0
    outer loop
      vertex 18.5 3.39839e-15 34.9241
      vertex 18.4824 -0.806959 34.9241
      vertex 18.4824 -0.806959 210
    endloop
  endfacet
  facet normal -0.997859 0.0654042 0
    outer loop
      vertex 18.4824 -0.806959 210
      vertex 18.4824 -0.806959 34.9241
      vertex 18.4296 -1.61238 210
    endloop
  endfacet
  facet normal -0.997859 0.0654042 0
    outer loop
      vertex 18.4824 -0.806959 34.9241
      vertex 18.4296 -1.61238 34.9241
      vertex 18.4296 -1.61238 210
    endloop
  endfacet
  facet normal -0.994056 0.108867 0
    outer loop
      vertex 18.4296 -1.61238 210
      vertex 18.4296 -1.61238 34.9241
      vertex 18.3417 -2.41473 210
    endloop
  endfacet
  facet normal -0.994056 0.108867 0
    outer loop
      vertex 18.4296 -1.61238 34.9241
      vertex 18.3417 -2.41473 34.9241
      vertex 18.3417 -2.41473 210
    endloop
  endfacet
  facet normal -0.988362 0.152122 0
    outer loop
      vertex 18.3417 -2.41473 210
      vertex 18.3417 -2.41473 34.9241
      vertex 18.2189 -3.21249 210
    endloop
  endfacet
  facet normal -0.988362 0.152122 0
    outer loop
      vertex 18.3417 -2.41473 34.9241
      vertex 18.2189 -3.21249 34.9241
      vertex 18.2189 -3.21249 210
    endloop
  endfacet
  facet normal -0.980785 0.195091 0
    outer loop
      vertex 18.2189 -3.21249 210
      vertex 18.2189 -3.21249 34.9241
      vertex 18.0615 -4.00413 210
    endloop
  endfacet
  facet normal -0.980785 0.195091 0
    outer loop
      vertex 18.2189 -3.21249 34.9241
      vertex 18.0615 -4.00413 34.9241
      vertex 18.0615 -4.00413 210
    endloop
  endfacet
  facet normal -0.971342 0.237686 0
    outer loop
      vertex 18.0615 -4.00413 210
      vertex 18.0615 -4.00413 34.9241
      vertex 17.8696 -4.78815 210
    endloop
  endfacet
  facet normal -0.971342 0.237686 0
    outer loop
      vertex 18.0615 -4.00413 34.9241
      vertex 17.8696 -4.78815 34.9241
      vertex 17.8696 -4.78815 210
    endloop
  endfacet
  facet normal -0.96005 0.279829 0
    outer loop
      vertex 17.8696 -4.78815 210
      vertex 17.8696 -4.78815 34.9241
      vertex 17.6438 -5.56306 210
    endloop
  endfacet
  facet normal -0.96005 0.279829 0
    outer loop
      vertex 17.8696 -4.78815 34.9241
      vertex 17.6438 -5.56306 34.9241
      vertex 17.6438 -5.56306 210
    endloop
  endfacet
  facet normal -0.94693 0.321439 0
    outer loop
      vertex 17.6438 -5.56306 210
      vertex 17.6438 -5.56306 34.9241
      vertex 17.3843 -6.32737 210
    endloop
  endfacet
  facet normal -0.94693 0.321439 0
    outer loop
      vertex 17.6438 -5.56306 34.9241
      vertex 17.3843 -6.32737 34.9241
      vertex 17.3843 -6.32737 210
    endloop
  endfacet
  facet normal -0.932008 0.362437 0
    outer loop
      vertex 17.3843 -6.32737 210
      vertex 17.3843 -6.32737 34.9241
      vertex 17.0918 -7.07964 210
    endloop
  endfacet
  facet normal -0.932008 0.362437 0
    outer loop
      vertex 17.3843 -6.32737 34.9241
      vertex 17.0918 -7.07964 34.9241
      vertex 17.0918 -7.07964 210
    endloop
  endfacet
  facet normal -0.915311 0.402748 0
    outer loop
      vertex 17.0918 -7.07964 210
      vertex 17.0918 -7.07964 34.9241
      vertex 16.7667 -7.81844 210
    endloop
  endfacet
  facet normal -0.915311 0.402748 0
    outer loop
      vertex 17.0918 -7.07964 34.9241
      vertex 16.7667 -7.81844 34.9241
      vertex 16.7667 -7.81844 210
    endloop
  endfacet
  facet normal -0.896873 0.442288 0
    outer loop
      vertex 16.7667 -7.81844 210
      vertex 16.7667 -7.81844 34.9241
      vertex 16.4097 -8.54235 210
    endloop
  endfacet
  facet normal -0.896873 0.442288 0
    outer loop
      vertex 16.7667 -7.81844 34.9241
      vertex 16.4097 -8.54235 34.9241
      vertex 16.4097 -8.54235 210
    endloop
  endfacet
  facet normal -0.876726 0.480989 0
    outer loop
      vertex 16.4097 -8.54235 210
      vertex 16.4097 -8.54235 34.9241
      vertex 16.0215 -9.25 210
    endloop
  endfacet
  facet normal -0.876726 0.480989 0
    outer loop
      vertex 16.4097 -8.54235 34.9241
      vertex 16.0215 -9.25 34.9241
      vertex 16.0215 -9.25 210
    endloop
  endfacet
  facet normal -0.854912 0.518773 0
    outer loop
      vertex 16.0215 -9.25 210
      vertex 16.0215 -9.25 34.9241
      vertex 15.6027 -9.94004 210
    endloop
  endfacet
  facet normal -0.854912 0.518773 0
    outer loop
      vertex 16.0215 -9.25 34.9241
      vertex 15.6027 -9.94004 34.9241
      vertex 15.6027 -9.94004 210
    endloop
  endfacet
  facet normal -0.83147 0.55557 0
    outer loop
      vertex 15.6027 -9.94004 210
      vertex 15.6027 -9.94004 34.9241
      vertex 15.1543 -10.6112 210
    endloop
  endfacet
  facet normal -0.83147 0.55557 0
    outer loop
      vertex 15.6027 -9.94004 34.9241
      vertex 15.1543 -10.6112 34.9241
      vertex 15.1543 -10.6112 210
    endloop
  endfacet
  facet normal -0.806445 0.59131 0
    outer loop
      vertex 15.1543 -10.6112 210
      vertex 15.1543 -10.6112 34.9241
      vertex 14.677 -11.2621 210
    endloop
  endfacet
  facet normal -0.806445 0.59131 0
    outer loop
      vertex 15.1543 -10.6112 34.9241
      vertex 14.677 -11.2621 34.9241
      vertex 14.677 -11.2621 210
    endloop
  endfacet
  facet normal -0.779885 0.625923 0
    outer loop
      vertex 14.677 -11.2621 210
      vertex 14.677 -11.2621 34.9241
      vertex 14.1718 -11.8916 210
    endloop
  endfacet
  facet normal -0.779885 0.625923 0
    outer loop
      vertex 14.677 -11.2621 34.9241
      vertex 14.1718 -11.8916 34.9241
      vertex 14.1718 -11.8916 210
    endloop
  endfacet
  facet normal -0.75184 0.659346 0
    outer loop
      vertex 14.1718 -11.8916 210
      vertex 14.1718 -11.8916 34.9241
      vertex 13.6396 -12.4984 210
    endloop
  endfacet
  facet normal -0.75184 0.659346 0
    outer loop
      vertex 14.1718 -11.8916 34.9241
      vertex 13.6396 -12.4984 34.9241
      vertex 13.6396 -12.4984 210
    endloop
  endfacet
  facet normal -0.722364 0.691513 0
    outer loop
      vertex 13.6396 -12.4984 210
      vertex 13.6396 -12.4984 34.9241
      vertex 13.0815 -13.0815 210
    endloop
  endfacet
  facet normal -0.722364 0.691513 0
    outer loop
      vertex 13.6396 -12.4984 34.9241
      vertex 13.0815 -13.0815 34.9241
      vertex 13.0815 -13.0815 210
    endloop
  endfacet
  facet normal -0.691513 0.722364 0
    outer loop
      vertex 13.0815 -13.0815 210
      vertex 13.0815 -13.0815 34.9241
      vertex 12.4984 -13.6396 210
    endloop
  endfacet
  facet normal -0.691513 0.722364 0
    outer loop
      vertex 13.0815 -13.0815 34.9241
      vertex 12.4984 -13.6396 34.9241
      vertex 12.4984 -13.6396 210
    endloop
  endfacet
  facet normal -0.659346 0.75184 0
    outer loop
      vertex 12.4984 -13.6396 210
      vertex 12.4984 -13.6396 34.9241
      vertex 11.8916 -14.1718 210
    endloop
  endfacet
  facet normal -0.659346 0.75184 0
    outer loop
      vertex 12.4984 -13.6396 34.9241
      vertex 11.8916 -14.1718 34.9241
      vertex 11.8916 -14.1718 210
    endloop
  endfacet
  facet normal -0.625923 0.779885 0
    outer loop
      vertex 11.8916 -14.1718 210
      vertex 11.8916 -14.1718 34.9241
      vertex 11.2621 -14.677 210
    endloop
  endfacet
  facet normal -0.625923 0.779885 0
    outer loop
      vertex 11.8916 -14.1718 34.9241
      vertex 11.2621 -14.677 34.9241
      vertex 11.2621 -14.677 210
    endloop
  endfacet
  facet normal -0.59131 0.806445 0
    outer loop
      vertex 11.2621 -14.677 210
      vertex 11.2621 -14.677 34.9241
      vertex 10.6112 -15.1543 210
    endloop
  endfacet
  facet normal -0.59131 0.806445 0
    outer loop
      vertex 11.2621 -14.677 34.9241
      vertex 10.6112 -15.1543 34.9241
      vertex 10.6112 -15.1543 210
    endloop
  endfacet
  facet normal -0.55557 0.83147 0
    outer loop
      vertex 10.6112 -15.1543 210
      vertex 10.6112 -15.1543 34.9241
      vertex 9.94004 -15.6027 210
    endloop
  endfacet
  facet normal -0.55557 0.83147 0
    outer loop
      vertex 10.6112 -15.1543 34.9241
      vertex 9.94004 -15.6027 34.9241
      vertex 9.94004 -15.6027 210
    endloop
  endfacet
  facet normal -0.518773 0.854912 0
    outer loop
      vertex 9.94004 -15.6027 210
      vertex 9.94004 -15.6027 34.9241
      vertex 9.25 -16.0215 210
    endloop
  endfacet
  facet normal -0.518773 0.854912 0
    outer loop
      vertex 9.94004 -15.6027 34.9241
      vertex 9.25 -16.0215 34.9241
      vertex 9.25 -16.0215 210
    endloop
  endfacet
  facet normal -0.480989 0.876726 0
    outer loop
      vertex 9.25 -16.0215 210
      vertex 9.25 -16.0215 34.9241
      vertex 8.54235 -16.4097 210
    endloop
  endfacet
  facet normal -0.480989 0.876726 0
    outer loop
      vertex 9.25 -16.0215 34.9241
      vertex 8.54235 -16.4097 34.9241
      vertex 8.54235 -16.4097 210
    endloop
  endfacet
  facet normal -0.442288 0.896873 0
    outer loop
      vertex 8.54235 -16.4097 210
      vertex 8.54235 -16.4097 34.9241
      vertex 7.81844 -16.7667 210
    endloop
  endfacet
  facet normal -0.442288 0.896873 0
    outer loop
      vertex 8.54235 -16.4097 34.9241
      vertex 7.81844 -16.7667 34.9241
      vertex 7.81844 -16.7667 210
    endloop
  endfacet
  facet normal -0.402748 0.915311 0
    outer loop
      vertex 7.81844 -16.7667 210
      vertex 7.81844 -16.7667 34.9241
      vertex 7.07964 -17.0918 210
    endloop
  endfacet
  facet normal -0.402748 0.915311 0
    outer loop
      vertex 7.81844 -16.7667 34.9241
      vertex 7.07964 -17.0918 34.9241
      vertex 7.07964 -17.0918 210
    endloop
  endfacet
  facet normal -0.362437 0.932008 0
    outer loop
      vertex 7.07964 -17.0918 210
      vertex 7.07964 -17.0918 34.9241
      vertex 6.32737 -17.3843 210
    endloop
  endfacet
  facet normal -0.362437 0.932008 0
    outer loop
      vertex 7.07964 -17.0918 34.9241
      vertex 6.32737 -17.3843 34.9241
      vertex 6.32737 -17.3843 210
    endloop
  endfacet
  facet normal -0.321439 0.94693 0
    outer loop
      vertex 6.32737 -17.3843 210
      vertex 6.32737 -17.3843 34.9241
      vertex 5.56306 -17.6438 210
    endloop
  endfacet
  facet normal -0.321439 0.94693 0
    outer loop
      vertex 6.32737 -17.3843 34.9241
      vertex 5.56306 -17.6438 34.9241
      vertex 5.56306 -17.6438 210
    endloop
  endfacet
  facet normal -0.279829 0.96005 0
    outer loop
      vertex 5.56306 -17.6438 210
      vertex 5.56306 -17.6438 34.9241
      vertex 4.78815 -17.8696 210
    endloop
  endfacet
  facet normal -0.279829 0.96005 0
    outer loop
      vertex 5.56306 -17.6438 34.9241
      vertex 4.78815 -17.8696 34.9241
      vertex 4.78815 -17.8696 210
    endloop
  endfacet
  facet normal -0.237686 0.971342 0
    outer loop
      vertex 4.78815 -17.8696 210
      vertex 4.78815 -17.8696 34.9241
      vertex 4.00413 -18.0615 210
    endloop
  endfacet
  facet normal -0.237686 0.971342 0
    outer loop
      vertex 4.78815 -17.8696 34.9241
      vertex 4.00413 -18.0615 34.9241
      vertex 4.00413 -18.0615 210
    endloop
  endfacet
  facet normal -0.195091 0.980785 0
    outer loop
      vertex 4.00413 -18.0615 210
      vertex 4.00413 -18.0615 34.9241
      vertex 3.21249 -18.2189 210
    endloop
  endfacet
  facet normal -0.195091 0.980785 0
    outer loop
      vertex 4.00413 -18.0615 34.9241
      vertex 3.21249 -18.2189 34.9241
      vertex 3.21249 -18.2189 210
    endloop
  endfacet
  facet normal -0.152122 0.988362 0
    outer loop
      vertex 3.21249 -18.2189 210
      vertex 3.21249 -18.2189 34.9241
      vertex 2.41473 -18.3417 210
    endloop
  endfacet
  facet normal -0.152122 0.988362 0
    outer loop
      vertex 3.21249 -18.2189 34.9241
      vertex 2.41473 -18.3417 34.9241
      vertex 2.41473 -18.3417 210
    endloop
  endfacet
  facet normal -0.108867 0.994056 0
    outer loop
      vertex 2.41473 -18.3417 210
      vertex 2.41473 -18.3417 34.9241
      vertex 1.61238 -18.4296 210
    endloop
  endfacet
  facet normal -0.108867 0.994056 0
    outer loop
      vertex 2.41473 -18.3417 34.9241
      vertex 1.61238 -18.4296 34.9241
      vertex 1.61238 -18.4296 210
    endloop
  endfacet
  facet normal -0.0654042 0.997859 0
    outer loop
      vertex 1.61238 -18.4296 210
      vertex 1.61238 -18.4296 34.9241
      vertex 0.806959 -18.4824 210
    endloop
  endfacet
  facet normal -0.0654042 0.997859 0
    outer loop
      vertex 1.61238 -18.4296 34.9241
      vertex 0.806959 -18.4824 34.9241
      vertex 0.806959 -18.4824 210
    endloop
  endfacet
  facet normal -0.0218145 0.999762 0
    outer loop
      vertex 0.806959 -18.4824 210
      vertex 0.806959 -18.4824 34.9241
      vertex 3.39839e-15 -18.5 210
    endloop
  endfacet
  facet normal -0.0218145 0.999762 0
    outer loop
      vertex 0.806959 -18.4824 34.9241
      vertex 3.39839e-15 -18.5 34.9241
      vertex 3.39839e-15 -18.5 210
    endloop
  endfacet
  facet normal 0.0218145 0.999762 0
    outer loop
      vertex 3.39839e-15 -18.5 210
      vertex 3.39839e-15 -18.5 34.9241
      vertex -0.806959 -18.4824 210
    endloop
  endfacet
  facet normal 0.0218145 0.999762 0
    outer loop
      vertex 3.39839e-15 -18.5 34.9241
      vertex -0.806959 -18.4824 34.9241
      vertex -0.806959 -18.4824 210
    endloop
  endfacet
  facet normal 0.0654042 0.997859 0
    outer loop
      vertex -0.806959 -18.4824 210
      vertex -0.806959 -18.4824 34.9241
      vertex -1.61238 -18.4296 210
    endloop
  endfacet
  facet normal 0.0654042 0.997859 0
    outer loop
      vertex -0.806959 -18.4824 34.9241
      vertex -1.61238 -18.4296 34.9241
      vertex -1.61238 -18.4296 210
    endloop
  endfacet
  facet normal 0.108867 0.994056 0
    outer loop
      vertex -1.61238 -18.4296 210
      vertex -1.61238 -18.4296 34.9241
      vertex -2.41473 -18.3417 210
    endloop
  endfacet
  facet normal 0.108867 0.994056 0
    outer loop
      vertex -1.61238 -18.4296 34.9241
      vertex -2.41473 -18.3417 34.9241
      vertex -2.41473 -18.3417 210
    endloop
  endfacet
  facet normal 0.152122 0.988362 0
    outer loop
      vertex -2.41473 -18.3417 210
      vertex -2.41473 -18.3417 34.9241
      vertex -3.21249 -18.2189 210
    endloop
  endfacet
  facet normal 0.152122 0.988362 0
    outer loop
      vertex -2.41473 -18.3417 34.9241
      vertex -3.21249 -18.2189 34.9241
      vertex -3.21249 -18.2189 210
    endloop
  endfacet
  facet normal 0.195091 0.980785 0
    outer loop
      vertex -3.21249 -18.2189 210
      vertex -3.21249 -18.2189 34.9241
      vertex -4.00413 -18.0615 210
    endloop
  endfacet
  facet normal 0.195091 0.980785 0
    outer loop
      vertex -3.21249 -18.2189 34.9241
      vertex -4.00413 -18.0615 34.9241
      vertex -4.00413 -18.0615 210
    endloop
  endfacet
  facet normal 0.237686 0.971342 0
    outer loop
      vertex -4.00413 -18.0615 210
      vertex -4.00413 -18.0615 34.9241
      vertex -4.78815 -17.8696 210
    endloop
  endfacet
  facet normal 0.237686 0.971342 0
    outer loop
      vertex -4.00413 -18.0615 34.9241
      vertex -4.78815 -17.8696 34.9241
      vertex -4.78815 -17.8696 210
    endloop
  endfacet
  facet normal 0.279829 0.96005 0
    outer loop
      vertex -4.78815 -17.8696 210
      vertex -4.78815 -17.8696 34.9241
      vertex -5.56306 -17.6438 210
    endloop
  endfacet
  facet normal 0.279829 0.96005 0
    outer loop
      vertex -4.78815 -17.8696 34.9241
      vertex -5.56306 -17.6438 34.9241
      vertex -5.56306 -17.6438 210
    endloop
  endfacet
  facet normal 0.321439 0.94693 0
    outer loop
      vertex -5.56306 -17.6438 210
      vertex -5.56306 -17.6438 34.9241
      vertex -6.32737 -17.3843 210
    endloop
  endfacet
  facet normal 0.321439 0.94693 0
    outer loop
      vertex -5.56306 -17.6438 34.9241
      vertex -6.32737 -17.3843 34.9241
      vertex -6.32737 -17.3843 210
    endloop
  endfacet
  facet normal 0.362437 0.932008 0
    outer loop
      vertex -6.32737 -17.3843 210
      vertex -6.32737 -17.3843 34.9241
      vertex -7.07964 -17.0918 210
    endloop
  endfacet
  facet normal 0.362437 0.932008 0
    outer loop
      vertex -6.32737 -17.3843 34.9241
      vertex -7.07964 -17.0918 34.9241
      vertex -7.07964 -17.0918 210
    endloop
  endfacet
  facet normal 0.402748 0.915311 0
    outer loop
      vertex -7.07964 -17.0918 210
      vertex -7.07964 -17.0918 34.9241
      vertex -7.81844 -16.7667 210
    endloop
  endfacet
  facet normal 0.402748 0.915311 0
    outer loop
      vertex -7.07964 -17.0918 34.9241
      vertex -7.81844 -16.7667 34.9241
      vertex -7.81844 -16.7667 210
    endloop
  endfacet
  facet normal 0.442288 0.896873 0
    outer loop
      vertex -7.81844 -16.7667 210
      vertex -7.81844 -16.7667 34.9241
      vertex -8.54235 -16.4097 210
    endloop
  endfacet
  facet normal 0.442288 0.896873 0
    outer loop
      vertex -7.81844 -16.7667 34.9241
      vertex -8.54235 -16.4097 34.9241
      vertex -8.54235 -16.4097 210
    endloop
  endfacet
  facet normal 0.480989 0.876726 0
    outer loop
      vertex -8.54235 -16.4097 210
      vertex -8.54235 -16.4097 34.9241
      vertex -9.25 -16.0215 210
    endloop
  endfacet
  facet normal 0.480989 0.876726 0
    outer loop
      vertex -8.54235 -16.4097 34.9241
      vertex -9.25 -16.0215 34.9241
      vertex -9.25 -16.0215 210
    endloop
  endfacet
  facet normal 0.518773 0.854912 0
    outer loop
      vertex -9.25 -16.0215 210
      vertex -9.25 -16.0215 34.9241
      vertex -9.94004 -15.6027 210
    endloop
  endfacet
  facet normal 0.518773 0.854912 0
    outer loop
      vertex -9.25 -16.0215 34.9241
      vertex -9.94004 -15.6027 34.9241
      vertex -9.94004 -15.6027 210
    endloop
  endfacet
  facet normal 0.55557 0.83147 0
    outer loop
      vertex -9.94004 -15.6027 210
      vertex -9.94004 -15.6027 34.9241
      vertex -10.6112 -15.1543 210
    endloop
  endfacet
  facet normal 0.55557 0.83147 0
    outer loop
      vertex -9.94004 -15.6027 34.9241
      vertex -10.6112 -15.1543 34.9241
      vertex -10.6112 -15.1543 210
    endloop
  endfacet
  facet normal 0.59131 0.806445 0
    outer loop
      vertex -10.6112 -15.1543 210
      vertex -10.6112 -15.1543 34.9241
      vertex -11.2621 -14.677 210
    endloop
  endfacet
  facet normal 0.59131 0.806445 0
    outer loop
      vertex -10.6112 -15.1543 34.9241
      vertex -11.2621 -14.677 34.9241
      vertex -11.2621 -14.677 210
    endloop
  endfacet
  facet normal 0.625923 0.779885 0
    outer loop
      vertex -11.2621 -14.677 210
      vertex -11.2621 -14.677 34.9241
      vertex -11.8916 -14.1718 210
    endloop
  endfacet
  facet normal 0.625923 0.779885 0
    outer loop
      vertex -11.2621 -14.677 34.9241
      vertex -11.8916 -14.1718 34.9241
      vertex -11.8916 -14.1718 210
    endloop
  endfacet
  facet normal 0.659346 0.75184 0
    outer loop
      vertex -11.8916 -14.1718 210
      vertex -11.8916 -14.1718 34.9241
      vertex -12.4984 -13.6396 210
    endloop
  endfacet
  facet normal 0.659346 0.75184 0
    outer loop
      vertex -11.8916 -14.1718 34.9241
      vertex -12.4984 -13.6396 34.9241
      vertex -12.4984 -13.6396 210
    endloop
  endfacet
  facet normal 0.691513 0.722364 0
    outer loop
      vertex -12.4984 -13.6396 210
      vertex -12.4984 -13.6396 34.9241
      vertex -13.0815 -13.0815 210
    endloop
  endfacet
  facet normal 0.691513 0.722364 0
    outer loop
      vertex -12.4984 -13.6396 34.9241
      vertex -13.0815 -13.0815 34.9241
      vertex -13.0815 -13.0815 210
    endloop
  endfacet
  facet normal 0.722364 0.691513 0
    outer loop
      vertex -13.0815 -13.0815 210
      vertex -13.0815 -13.0815 34.9241
      vertex -13.6396 -12.4984 210
    endloop
  endfacet
  facet normal 0.722364 0.691513 0
    outer loop
      vertex -13.0815 -13.0815 34.9241
      vertex -13.6396 -12.4984 34.9241
      vertex -13.6396 -12.4984 210
    endloop
  endfacet
  facet normal 0.75184 0.659346 0
    outer loop
      vertex -13.6396 -12.4984 210
      vertex -13.6396 -12.4984 34.9241
      vertex -14.1718 -11.8916 210
    endloop
  endfacet
  facet normal 0.75184 0.659346 0
    outer loop
      vertex -13.6396 -12.4984 34.9241
      vertex -14.1718 -11.8916 34.9241
      vertex -14.1718 -11.8916 210
    endloop
  endfacet
  facet normal 0.779885 0.625923 0
    outer loop
      vertex -14.1718 -11.8916 210
      vertex -14.1718 -11.8916 34.9241
      vertex -14.677 -11.2621 210
    endloop
  endfacet
  facet normal 0.779885 0.625923 0
    outer loop
      vertex -14.1718 -11.8916 34.9241
      vertex -14.677 -11.2621 34.9241
      vertex -14.677 -11.2621 210
    endloop
  endfacet
  facet normal 0.806445 0.59131 0
    outer loop
      vertex -14.677 -11.2621 210
      vertex -14.677 -11.2621 34.9241
      vertex -15.1543 -10.6112 210
    endloop
  endfacet
  facet normal 0.806445 0.59131 0
    outer loop
      vertex -14.677 -11.2621 34.9241
      vertex -15.1543 -10.6112 34.9241
      vertex -15.1543 -10.6112 210
    endloop
  endfacet
  facet normal 0.83147 0.55557 0
    outer loop
      vertex -15.1543 -10.6112 210
      vertex -15.1543 -10.6112 34.9241
      vertex -15.6027 -9.94004 210
    endloop
  endfacet
  facet normal 0.83147 0.55557 0
    outer loop
      vertex -15.1543 -10.6112 34.9241
      vertex -15.6027 -9.94004 34.9241
      vertex -15.6027 -9.94004 210
    endloop
  endfacet
  facet normal 0.854912 0.518773 0
    outer loop
      vertex -15.6027 -9.94004 210
      vertex -15.6027 -9.94004 34.9241
      vertex -16.0215 -9.25 210
    endloop
  endfacet
  facet normal 0.854912 0.518773 0
    outer loop
      vertex -15.6027 -9.94004 34.9241
      vertex -16.0215 -9.25 34.9241
      vertex -16.0215 -9.25 210
    endloop
  endfacet
  facet normal 0.876726 0.480989 0
    outer loop
      vertex -16.0215 -9.25 210
      vertex -16.0215 -9.25 34.9241
      vertex -16.4097 -8.54235 210
    endloop
  endfacet
  facet normal 0.876726 0.480989 0
    outer loop
      vertex -16.0215 -9.25 34.9241
      vertex -16.4097 -8.54235 34.9241
      vertex -16.4097 -8.54235 210
    endloop
  endfacet
  facet normal 0.896873 0.442288 0
    outer loop
      vertex -16.4097 -8.54235 210
      vertex -16.4097 -8.54235 34.9241
      vertex -16.7667 -7.81844 210
    endloop
  endfacet
  facet normal 0.896873 0.442288 0
    outer loop
      vertex -16.4097 -8.54235 34.9241
      vertex -16.7667 -7.81844 34.9241
      vertex -16.7667 -7.81844 210
    endloop
  endfacet
  facet normal 0.915311 0.402748 0
    outer loop
      vertex -16.7667 -7.81844 210
      vertex -16.7667 -7.81844 34.9241
      vertex -17.0918 -7.07964 210
    endloop
  endfacet
  facet normal 0.915311 0.402748 0
    outer loop
      vertex -16.7667 -7.81844 34.9241
      vertex -17.0918 -7.07964 34.9241
      vertex -17.0918 -7.07964 210
    endloop
  endfacet
  facet normal 0.932008 0.362437 0
    outer loop
      vertex -17.0918 -7.07964 210
      vertex -17.0918 -7.07964 34.9241
      vertex -17.3843 -6.32737 210
    endloop
  endfacet
  facet normal 0.932008 0.362437 0
    outer loop
      vertex -17.0918 -7.07964 34.9241
      vertex -17.3843 -6.32737 34.9241
      vertex -17.3843 -6.32737 210
    endloop
  endfacet
  facet normal 0.94693 0.321439 0
    outer loop
      vertex -17.3843 -6.32737 210
      vertex -17.3843 -6.32737 34.9241
      vertex -17.6438 -5.56306 210
    endloop
  endfacet
  facet normal 0.94693 0.321439 0
    outer loop
      vertex -17.3843 -6.32737 34.9241
      vertex -17.6438 -5.56306 34.9241
      vertex -17.6438 -5.56306 210
    endloop
  endfacet
  facet normal 0.96005 0.279829 0
    outer loop
      vertex -17.6438 -5.56306 210
      vertex -17.6438 -5.56306 34.9241
      vertex -17.8696 -4.78815 210
    endloop
  endfacet
  facet normal 0.96005 0.279829 0
    outer loop
      vertex -17.6438 -5.56306 34.9241
      vertex -17.8696 -4.78815 34.9241
      vertex -17.8696 -4.78815 210
    endloop
  endfacet
  facet normal 0.971342 0.237686 0
    outer loop
      vertex -17.8696 -4.78815 210
      vertex -17.8696 -4.78815 34.9241
      vertex -18.0615 -4.00413 210
    endloop
  endfacet
  facet normal 0.971342 0.237686 0
    outer loop
      vertex -17.8696 -4.78815 34.9241
      vertex -18.0615 -4.00413 34.9241
      vertex -18.0615 -4.00413 210
    endloop
  endfacet
  facet normal 0.980785 0.195091 0
    outer loop
      vertex -18.0615 -4.00413 210
      vertex -18.0615 -4.00413 34.9241
      vertex -18.2189 -3.21249 210
    endloop
  endfacet
  facet normal 0.980785 0.195091 0
    outer loop
      vertex -18.0615 -4.00413 34.9241
      vertex -18.2189 -3.21249 34.9241
      vertex -18.2189 -3.21249 210
    endloop
  endfacet
  facet normal 0.988362 0.152122 0
    outer loop
      vertex -18.2189 -3.21249 210
      vertex -18.2189 -3.21249 34.9241
      vertex -18.3417 -2.41473 210
    endloop
  endfacet
  facet normal 0.988362 0.152122 0
    outer loop
      vertex -18.2189 -3.21249 34.9241
      vertex -18.3417 -2.41473 34.9241
      vertex -18.3417 -2.41473 210
    endloop
  endfacet
  facet normal 0.994056 0.108867 0
    outer loop
      vertex -18.3417 -2.41473 210
      vertex -18.3417 -2.41473 34.9241
      vertex -18.4296 -1.61238 210
    endloop
  endfacet
  facet normal 0.994056 0.108867 0
    outer loop
      vertex -18.3417 -2.41473 34.9241
      vertex -18.4296 -1.61238 34.9241
      vertex -18.4296 -1.61238 210
    endloop
  endfacet
  facet normal 0.997859 0.0654042 0
    outer loop
      vertex -18.4296 -1.61238 210
      vertex -18.4296 -1.61238 34.9241
      vertex -18.4824 -0.806959 210
    endloop
  endfacet
  facet normal 0.997859 0.0654042 0
    outer loop
      vertex -18.4296 -1.61238 34.9241
      vertex -18.4824 -0.806959 34.9241
      vertex -18.4824 -0.806959 210
    endloop
  endfacet
  facet normal 0.999762 -0.0218145 3.60735e-18
    outer loop
      vertex -18.4824 0.806959 210
      vertex -18.5 1.1328e-15 210
      vertex -18.5 -3.03577e-15 185
    endloop
  endfacet
  facet normal 0.999762 0.0218145 -3.63741e-18
    outer loop
      vertex -18.5 1.1328e-15 210
      vertex -18.4824 -0.806959 210
      vertex -18.5 -3.03577e-15 185
    endloop
  endfacet
  facet normal 0.999762 0.0218145 -3.78421e-19
    outer loop
      vertex -18.5 -3.03577e-15 185
      vertex -18.4824 -0.806959 210
      vertex -18.5 -3.46945e-15 160
    endloop
  endfacet
  facet normal 0.999762 0.0218145 0
    outer loop
      vertex -18.4824 -0.806959 210
      vertex -18.4824 -0.806959 34.9241
      vertex -18.5 -3.46945e-15 160
    endloop
  endfacet
  facet normal 0.999762 0.0218145 1.23922e-20
    outer loop
      vertex -18.5 -3.46945e-15 160
      vertex -18.4824 -0.806959 34.9241
      vertex -18.5 -3.39839e-15 34.9241
    endloop
  endfacet
  facet normal 0.92388 -0.382683 0
    outer loop
      vertex -6.67783 -16.1217 30.1241
      vertex -7.44319 -17.9695 30.1241
      vertex -6.67783 -16.1217 1
    endloop
  endfacet
  facet normal 0.92388 -0.382683 0
    outer loop
      vertex -7.44319 -17.9695 30.1241
      vertex -7.44319 -17.9695 1
      vertex -6.67783 -16.1217 1
    endloop
  endfacet
  facet normal 0 0 1
    outer loop
      vertex 1.61238 18.4296 210
      vertex 1.87385 21.4182 210
      vertex 0.806959 18.4824 210
    endloop
  endfacet
  facet normal 0 0 1
    outer loop
      vertex 1.87385 21.4182 210
      vertex 0.937817 21.4795 210
      vertex 0.806959 18.4824 210
    endloop
  endfacet
  facet normal 0 0 1
    outer loop
      vertex 0.806959 18.4824 210
      vertex 0.937817 21.4795 210
      vertex -1.1328e-15 18.5 210
    endloop
  endfacet
  facet normal 0 0 1
    outer loop
      vertex 0.937817 21.4795 210
      vertex -1.3165e-15 21.5 210
      vertex -1.1328e-15 18.5 210
    endloop
  endfacet
  facet normal 0 0 1
    outer loop
      vertex -1.1328e-15 18.5 210
      vertex -1.3165e-15 21.5 210
      vertex -0.806959 18.4824 210
    endloop
  endfacet
  facet normal 0 0 1
    outer loop
      vertex -1.3165e-15 21.5 210
      vertex -0.937817 21.4795 210
      vertex -0.806959 18.4824 210
    endloop
  endfacet
  facet normal 0 0 1
    outer loop
      vertex -0.806959 18.4824 210
      vertex -0.937817 21.4795 210
      vertex -1.61238 18.4296 210
    endloop
  endfacet
  facet normal 0 0 1
    outer loop
      vertex -0.937817 21.4795 210
      vertex -1.87385 21.4182 210
      vertex -1.61238 18.4296 210
    endloop
  endfacet
  facet normal 0 0 1
    outer loop
      vertex -1.61238 18.4296 210
      vertex -1.87385 21.4182 210
      vertex -2.41473 18.3417 210
    endloop
  endfacet
  facet normal 0 0 1
    outer loop
      vertex -1.87385 21.4182 210
      vertex -2.80631 21.3161 210
      vertex -2.41473 18.3417 210
    endloop
  endfacet
  facet normal 0 0 1
    outer loop
      vertex -2.41473 18.3417 210
      vertex -2.80631 21.3161 210
      vertex -3.21249 18.2189 210
    endloop
  endfacet
  facet normal 0 0 1
    outer loop
      vertex -2.80631 21.3161 210
      vertex -3.73344 21.1734 210
      vertex -3.21249 18.2189 210
    endloop
  endfacet
  facet normal 0 0 1
    outer loop
      vertex -3.21249 18.2189 210
      vertex -3.73344 21.1734 210
      vertex -4.00413 18.0615 210
    endloop
  endfacet
  facet normal 0 0 1
    outer loop
      vertex -3.73344 21.1734 210
      vertex -4.65345 20.9904 210
      vertex -4.00413 18.0615 210
    endloop
  endfacet
  facet normal 0 0 1
    outer loop
      vertex -4.00413 18.0615 210
      vertex -4.65345 20.9904 210
      vertex -4.78815 17.8696 210
    endloop
  endfacet
  facet normal 0 0 1
    outer loop
      vertex -4.65345 20.9904 210
      vertex -5.56461 20.7674 210
      vertex -4.78815 17.8696 210
    endloop
  endfacet
  facet normal 0 0 1
    outer loop
      vertex -4.78815 17.8696 210
      vertex -5.56461 20.7674 210
      vertex -5.56306 17.6438 210
    endloop
  endfacet
  facet normal 0 0 1
    outer loop
      vertex -5.56461 20.7674 210
      vertex -6.46517 20.5049 210
      vertex -5.56306 17.6438 210
    endloop
  endfacet
  facet normal 0 0 1
    outer loop
      vertex -5.56306 17.6438 210
      vertex -6.46517 20.5049 210
      vertex -6.32737 17.3843 210
    endloop
  endfacet
  facet normal 0 0 1
    outer loop
      vertex -6.46517 20.5049 210
      vertex -7.35343 20.2034 210
      vertex -6.32737 17.3843 210
    endloop
  endfacet
  facet normal 0 0 1
    outer loop
      vertex -6.32737 17.3843 210
      vertex -7.35343 20.2034 210
      vertex -7.07964 17.0918 210
    endloop
  endfacet
  facet normal 0 0 1
    outer loop
      vertex -7.35343 20.2034 210
      vertex -8.22769 19.8634 210
      vertex -7.07964 17.0918 210
    endloop
  endfacet
  facet normal 0 0 1
    outer loop
      vertex -7.07964 17.0918 210
      vertex -8.22769 19.8634 210
      vertex -7.81844 16.7667 210
    endloop
  endfacet
  facet normal 0 0 1
    outer loop
      vertex -8.22769 19.8634 210
      vertex -9.08629 19.4856 210
      vertex -7.81844 16.7667 210
    endloop
  endfacet
  facet normal 0 0 1
    outer loop
      vertex -7.81844 16.7667 210
      vertex -9.08629 19.4856 210
      vertex -8.54235 16.4097 210
    endloop
  endfacet
  facet normal 0 0 1
    outer loop
      vertex -9.08629 19.4856 210
      vertex -9.9276 19.0707 210
      vertex -8.54235 16.4097 210
    endloop
  endfacet
  facet normal 0 0 1
    outer loop
      vertex -8.54235 16.4097 210
      vertex -9.9276 19.0707 210
      vertex -9.25 16.0215 210
    endloop
  endfacet
  facet normal 0 0 1
    outer loop
      vertex -9.9276 19.0707 210
      vertex -10.75 18.6195 210
      vertex -9.25 16.0215 210
    endloop
  endfacet
  facet normal 0 0 1
    outer loop
      vertex -9.25 16.0215 210
      vertex -10.75 18.6195 210
      vertex -9.94004 15.6027 210
    endloop
  endfacet
  facet normal 0 0 1
    outer loop
      vertex -10.75 18.6195 210
      vertex -11.5519 18.1329 210
      vertex -9.94004 15.6027 210
    endloop
  endfacet
  facet normal 0 0 1
    outer loop
      vertex -9.94004 15.6027 210
      vertex -11.5519 18.1329 210
      vertex -10.6112 15.1543 210
    endloop
  endfacet
  facet normal 0 0 1
    outer loop
      vertex -11.5519 18.1329 210
      vertex -12.3319 17.6118 210
      vertex -10.6112 15.1543 210
    endloop
  endfacet
  facet normal 0 0 1
    outer loop
      vertex -10.6112 15.1543 210
      vertex -12.3319 17.6118 210
      vertex -11.2621 14.677 210
    endloop
  endfacet
  facet normal 0 0 1
    outer loop
      vertex -12.3319 17.6118 210
      vertex -13.0884 17.0571 210
      vertex -11.2621 14.677 210
    endloop
  endfacet
  facet normal 0 0 1
    outer loop
      vertex -11.2621 14.677 210
      vertex -13.0884 17.0571 210
      vertex -11.8916 14.1718 210
    endloop
  endfacet
  facet normal 0 0 1
    outer loop
      vertex -13.0884 17.0571 210
      vertex -13.8199 16.47 210
      vertex -11.8916 14.1718 210
    endloop
  endfacet
  facet normal 0 0 1
    outer loop
      vertex -11.8916 14.1718 210
      vertex -13.8199 16.47 210
      vertex -12.4984 13.6396 210
    endloop
  endfacet
  facet normal 0 0 1
    outer loop
      vertex -13.8199 16.47 210
      vertex -14.5252 15.8515 210
      vertex -12.4984 13.6396 210
    endloop
  endfacet
  facet normal 0 0 1
    outer loop
      vertex -12.4984 13.6396 210
      vertex -14.5252 15.8515 210
      vertex -13.0815 13.0815 210
    endloop
  endfacet
  facet normal 0 0 1
    outer loop
      vertex -14.5252 15.8515 210
      vertex -15.2028 15.2028 210
      vertex -13.0815 13.0815 210
    endloop
  endfacet
  facet normal 0 0 1
    outer loop
      vertex -13.0815 13.0815 210
      vertex -15.2028 15.2028 210
      vertex -13.6396 12.4984 210
    endloop
  endfacet
  facet normal 0 0 1
    outer loop
      vertex -15.2028 15.2028 210
      vertex -15.8515 14.5252 210
      vertex -13.6396 12.4984 210
    endloop
  endfacet
  facet normal 0 0 1
    outer loop
      vertex -13.6396 12.4984 210
      vertex -15.8515 14.5252 210
      vertex -14.1718 11.8916 210
    endloop
  endfacet
  facet normal 0 0 1
    outer loop
      vertex -15.8515 14.5252 210
      vertex -16.47 13.8199 210
      vertex -14.1718 11.8916 210
    endloop
  endfacet
  facet normal 0 0 1
    outer loop
      vertex -14.1718 11.8916 210
      vertex -16.47 13.8199 210
      vertex -14.677 11.2621 210
    endloop
  endfacet
  facet normal 0 0 1
    outer loop
      vertex -16.47 13.8199 210
      vertex -17.0571 13.0884 210
      vertex -14.677 11.2621 210
    endloop
  endfacet
  facet normal 0 0 1
    outer loop
      vertex -14.677 11.2621 210
      vertex -17.0571 13.0884 210
      vertex -15.1543 10.6112 210
    endloop
  endfacet
  facet normal 0 0 1
    outer loop
      vertex -17.0571 13.0884 210
      vertex -17.6118 12.3319 210
      vertex -15.1543 10.6112 210
    endloop
  endfacet
  facet normal 0 0 1
    outer loop
      vertex -15.1543 10.6112 210
      vertex -17.6118 12.3319 210
      vertex -15.6027 9.94004 210
    endloop
  endfacet
  facet normal 0 0 1
    outer loop
      vertex -17.6118 12.3319 210
      vertex -18.1329 11.5519 210
      vertex -15.6027 9.94004 210
    endloop
  endfacet
  facet normal 0 0 1
    outer loop
      vertex -15.6027 9.94004 210
      vertex -18.1329 11.5519 210
      vertex -16.0215 9.25 210
    endloop
  endfacet
  facet normal 0 0 1
    outer loop
      vertex -18.1329 11.5519 210
      vertex -18.6195 10.75 210
      vertex -16.0215 9.25 210
    endloop
  endfacet
  facet normal 0 0 1
    outer loop
      vertex -16.0215 9.25 210
      vertex -18.6195 10.75 210
      vertex -16.4097 8.54235 210
    endloop
  endfacet
  facet normal 0 0 1
    outer loop
      vertex -18.6195 10.75 210
      vertex -19.0707 9.9276 210
      vertex -16.4097 8.54235 210
    endloop
  endfacet
  facet normal 0 0 1
    outer loop
      vertex -16.4097 8.54235 210
      vertex -19.0707 9.9276 210
      vertex -16.7667 7.81844 210
    endloop
  endfacet
  facet normal 0 0 1
    outer loop
      vertex -19.0707 9.9276 210
      vertex -19.4856 9.08629 210
      vertex -16.7667 7.81844 210
    endloop
  endfacet
  facet normal 0 0 1
    outer loop
      vertex -16.7667 7.81844 210
      vertex -19.4856 9.08629 210
      vertex -17.0918 7.07964 210
    endloop
  endfacet
  facet normal 0 0 1
    outer loop
      vertex -19.4856 9.08629 210
      vertex -19.8634 8.22769 210
      vertex -17.0918 7.07964 210
    endloop
  endfacet
  facet normal 0 0 1
    outer loop
      vertex -17.0918 7.07964 210
      vertex -19.8634 8.22769 210
      vertex -17.3843 6.32737 210
    endloop
  endfacet
  facet normal 0 0 1
    outer loop
      vertex -19.8634 8.22769 210
      vertex -20.2034 7.35343 210
      vertex -17.3843 6.32737 210
    endloop
  endfacet
  facet normal 0 0 1
    outer loop
      vertex -17.3843 6.32737 210
      vertex -20.2034 7.35343 210
      vertex -17.6438 5.56306 210
    endloop
  endfacet
  facet normal 0 0 1
    outer loop
      vertex -20.2034 7.35343 210
      vertex -20.5049 6.46517 210
      vertex -17.6438 5.56306 210
    endloop
  endfacet
  facet normal 0 0 1
    outer loop
      vertex -17.6438 5.56306 210
      vertex -20.5049 6.46517 210
      vertex -17.8696 4.78815 210
    endloop
  endfacet
  facet normal 0 0 1
    outer loop
      vertex -20.5049 6.46517 210
      vertex -20.7674 5.56461 210
      vertex -17.8696 4.78815 210
    endloop
  endfacet
  facet normal 0 0 1
    outer loop
      vertex -17.8696 4.78815 210
      vertex -20.7674 5.56461 210
      vertex -18.0615 4.00413 210
    endloop
  endfacet
  facet normal 0 0 1
    outer loop
      vertex -20.7674 5.56461 210
      vertex -20.9904 4.65345 210
      vertex -18.0615 4.00413 210
    endloop
  endfacet
  facet normal 0 0 1
    outer loop
      vertex -18.0615 4.00413 210
      vertex -20.9904 4.65345 210
      vertex -18.2189 3.21249 210
    endloop
  endfacet
  facet normal 0 0 1
    outer loop
      vertex -20.9904 4.65345 210
      vertex -21.1734 3.73344 210
      vertex -18.2189 3.21249 210
    endloop
  endfacet
  facet normal 0 0 1
    outer loop
      vertex -18.2189 3.21249 210
      vertex -21.1734 3.73344 210
      vertex -18.3417 2.41473 210
    endloop
  endfacet
  facet normal 0 0 1
    outer loop
      vertex -21.1734 3.73344 210
      vertex -21.3161 2.80631 210
      vertex -18.3417 2.41473 210
    endloop
  endfacet
  facet normal 0 0 1
    outer loop
      vertex -18.3417 2.41473 210
      vertex -21.3161 2.80631 210
      vertex -18.4296 1.61238 210
    endloop
  endfacet
  facet normal 0 0 1
    outer loop
      vertex -21.3161 2.80631 210
      vertex -21.4182 1.87385 210
      vertex -18.4296 1.61238 210
    endloop
  endfacet
  facet normal 0 0 1
    outer loop
      vertex -18.4296 1.61238 210
      vertex -21.4182 1.87385 210
      vertex -18.4824 0.806959 210
    endloop
  endfacet
  facet normal 0 0 1
    outer loop
      vertex -21.4182 1.87385 210
      vertex -21.4795 0.937817 210
      vertex -18.4824 0.806959 210
    endloop
  endfacet
  facet normal 0 0 1
    outer loop
      vertex -18.4824 0.806959 210
      vertex -21.4795 0.937817 210
      vertex -18.5 1.1328e-15 210
    endloop
  endfacet
  facet normal 0 0 1
    outer loop
      vertex -21.4795 0.937817 210
      vertex -21.5 1.3165e-15 210
      vertex -18.5 1.1328e-15 210
    endloop
  endfacet
  facet normal 0 0 1
    outer loop
      vertex -18.5 1.1328e-15 210
      vertex -21.5 1.3165e-15 210
      vertex -18.4824 -0.806959 210
    endloop
  endfacet
  facet normal 0 0 1
    outer loop
      vertex -21.5 1.3165e-15 210
      vertex -21.4795 -0.937817 210
      vertex -18.4824 -0.806959 210
    endloop
  endfacet
  facet normal 0 0 1
    outer loop
      vertex -18.4824 -0.806959 210
      vertex -21.4795 -0.937817 210
      vertex -18.4296 -1.61238 210
    endloop
  endfacet
  facet normal 0 0 1
    outer loop
      vertex -21.4795 -0.937817 210
      vertex -21.4182 -1.87385 210
      vertex -18.4296 -1.61238 210
    endloop
  endfacet
  facet normal 0 0 1
    outer loop
      vertex -18.4296 -1.61238 210
      vertex -21.4182 -1.87385 210
      vertex -18.3417 -2.41473 210
    endloop
  endfacet
  facet normal 0 0 1
    outer loop
      vertex -21.4182 -1.87385 210
      vertex -21.3161 -2.80631 210
      vertex -18.3417 -2.41473 210
    endloop
  endfacet
  facet normal 0 0 1
    outer loop
      vertex -18.3417 -2.41473 210
      vertex -21.3161 -2.80631 210
      vertex -18.2189 -3.21249 210
    endloop
  endfacet
  facet normal 0 0 1
    outer loop
      vertex -21.3161 -2.80631 210
      vertex -21.1734 -3.73344 210
      vertex -18.2189 -3.21249 210
    endloop
  endfacet
  facet normal 0 0 1
    outer loop
      vertex -18.2189 -3.21249 210
      vertex -21.1734 -3.73344 210
      vertex -18.0615 -4.00413 210
    endloop
  endfacet
  facet normal 0 0 1
    outer loop
      vertex -21.1734 -3.73344 210
      vertex -20.9904 -4.65345 210
      vertex -18.0615 -4.00413 210
    endloop
  endfacet
  facet normal 0 0 1
    outer loop
      vertex -18.0615 -4.00413 210
      vertex -20.9904 -4.65345 210
      vertex -17.8696 -4.78815 210
    endloop
  endfacet
  facet normal 0 0 1
    outer loop
      vertex -20.9904 -4.65345 210
      vertex -20.7674 -5.56461 210
      vertex -17.8696 -4.78815 210
    endloop
  endfacet
  facet normal 0 0 1
    outer loop
      vertex -17.8696 -4.78815 210
      vertex -20.7674 -5.56461 210
      vertex -17.6438 -5.56306 210
    endloop
  endfacet
  facet normal 0 0 1
    outer loop
      vertex -20.7674 -5.56461 210
      vertex -20.5049 -6.46517 210
      vertex -17.6438 -5.56306 210
    endloop
  endfacet
  facet normal 0 0 1
    outer loop
      vertex -17.6438 -5.56306 210
      vertex -20.5049 -6.46517 210
      vertex -17.3843 -6.32737 210
    endloop
  endfacet
  facet normal 0 0 1
    outer loop
      vertex -20.5049 -6.46517 210
      vertex -20.2034 -7.35343 210
      vertex -17.3843 -6.32737 210
    endloop
  endfacet
  facet normal 0 0 1
    outer loop
      vertex -17.3843 -6.32737 210
      vertex -20.2034 -7.35343 210
      vertex -17.0918 -7.07964 210
    endloop
  endfacet
  facet normal 0 0 1
    outer loop
      vertex -20.2034 -7.35343 210
      vertex -19.8634 -8.22769 210
      vertex -17.0918 -7.07964 210
    endloop
  endfacet
  facet normal 0 0 1
    outer loop
      vertex -17.0918 -7.07964 210
      vertex -19.8634 -8.22769 210
      vertex -16.7667 -7.81844 210
    endloop
  endfacet
  facet normal 0 0 1
    outer loop
      vertex -19.8634 -8.22769 210
      vertex -19.4856 -9.08629 210
      vertex -16.7667 -7.81844 210
    endloop
  endfacet
  facet normal 0 0 1
    outer loop
      vertex -16.7667 -7.81844 210
      vertex -19.4856 -9.08629 210
      vertex -16.4097 -8.54235 210
    endloop
  endfacet
  facet normal 0 0 1
    outer loop
      vertex -19.4856 -9.08629 210
      vertex -19.0707 -9.9276 210
      vertex -16.4097 -8.54235 210
    endloop
  endfacet
  facet normal 0 0 1
    outer loop
      vertex -16.4097 -8.54235 210
      vertex -19.0707 -9.9276 210
      vertex -16.0215 -9.25 210
    endloop
  endfacet
  facet normal 0 0 1
    outer loop
      vertex -19.0707 -9.9276 210
      vertex -18.6195 -10.75 210
      vertex -16.0215 -9.25 210
    endloop
  endfacet
  facet normal 0 0 1
    outer loop
      vertex -16.0215 -9.25 210
      vertex -18.6195 -10.75 210
      vertex -15.6027 -9.94004 210
    endloop
  endfacet
  facet normal 0 0 1
    outer loop
      vertex -18.6195 -10.75 210
      vertex -18.1329 -11.5519 210
      vertex -15.6027 -9.94004 210
    endloop
  endfacet
  facet normal 0 0 1
    outer loop
      vertex -15.6027 -9.94004 210
      vertex -18.1329 -11.5519 210
      vertex -15.1543 -10.6112 210
    endloop
  endfacet
  facet normal 0 0 1
    outer loop
      vertex -18.1329 -11.5519 210
      vertex -17.6118 -12.3319 210
      vertex -15.1543 -10.6112 210
    endloop
  endfacet
  facet normal 0 0 1
    outer loop
      vertex -15.1543 -10.6112 210
      vertex -17.6118 -12.3319 210
      vertex -14.677 -11.2621 210
    endloop
  endfacet
  facet normal 0 0 1
    outer loop
      vertex -17.6118 -12.3319 210
      vertex -17.0571 -13.0884 210
      vertex -14.677 -11.2621 210
    endloop
  endfacet
  facet normal 0 0 1
    outer loop
      vertex -14.677 -11.2621 210
      vertex -17.0571 -13.0884 210
      vertex -14.1718 -11.8916 210
    endloop
  endfacet
  facet normal 0 0 1
    outer loop
      vertex -17.0571 -13.0884 210
      vertex -16.47 -13.8199 210
      vertex -14.1718 -11.8916 210
    endloop
  endfacet
  facet normal 0 0 1
    outer loop
      vertex -14.1718 -11.8916 210
      vertex -16.47 -13.8199 210
      vertex -13.6396 -12.4984 210
    endloop
  endfacet
  facet normal 0 0 1
    outer loop
      vertex -16.47 -13.8199 210
      vertex -15.8515 -14.5252 210
      vertex -13.6396 -12.4984 210
    endloop
  endfacet
  facet normal 0 0 1
    outer loop
      vertex -13.6396 -12.4984 210
      vertex -15.8515 -14.5252 210
      vertex -13.0815 -13.0815 210
    endloop
  endfacet
  facet normal 0 0 1
    outer loop
      vertex -15.8515 -14.5252 210
      vertex -15.2028 -15.2028 210
      vertex -13.0815 -13.0815 210
    endloop
  endfacet
  facet normal 0 0 1
    outer loop
      vertex -13.0815 -13.0815 210
      vertex -15.2028 -15.2028 210
      vertex -12.4984 -13.6396 210
    endloop
  endfacet
  facet normal 0 0 1
    outer loop
      vertex -15.2028 -15.2028 210
      vertex -14.5252 -15.8515 210
      vertex -12.4984 -13.6396 210
    endloop
  endfacet
  facet normal 0 0 1
    outer loop
      vertex -12.4984 -13.6396 210
      vertex -14.5252 -15.8515 210
      vertex -11.8916 -14.1718 210
    endloop
  endfacet
  facet normal 0 0 1
    outer loop
      vertex -14.5252 -15.8515 210
      vertex -13.8199 -16.47 210
      vertex -11.8916 -14.1718 210
    endloop
  endfacet
  facet normal 0 0 1
    outer loop
      vertex -11.8916 -14.1718 210
      vertex -13.8199 -16.47 210
      vertex -11.2621 -14.677 210
    endloop
  endfacet
  facet normal 0 0 1
    outer loop
      vertex -13.8199 -16.47 210
      vertex -13.0884 -17.0571 210
      vertex -11.2621 -14.677 210
    endloop
  endfacet
  facet normal 0 0 1
    outer loop
      vertex -11.2621 -14.677 210
      vertex -13.0884 -17.0571 210
      vertex -10.6112 -15.1543 210
    endloop
  endfacet
  facet normal 0 0 1
    outer loop
      vertex -13.0884 -17.0571 210
      vertex -12.3319 -17.6118 210
      vertex -10.6112 -15.1543 210
    endloop
  endfacet
  facet normal 0 0 1
    outer loop
      vertex -10.6112 -15.1543 210
      vertex -12.3319 -17.6118 210
      vertex -9.94004 -15.6027 210
    endloop
  endfacet
  facet normal 0 0 1
    outer loop
      vertex -12.3319 -17.6118 210
      vertex -11.5519 -18.1329 210
      vertex -9.94004 -15.6027 210
    endloop
  endfacet
  facet normal 0 0 1
    outer loop
      vertex -9.94004 -15.6027 210
      vertex -11.5519 -18.1329 210
      vertex -9.25 -16.0215 210
    endloop
  endfacet
  facet normal 0 0 1
    outer loop
      vertex -11.5519 -18.1329 210
      vertex -10.75 -18.6195 210
      vertex -9.25 -16.0215 210
    endloop
  endfacet
  facet normal 0 0 1
    outer loop
      vertex -9.25 -16.0215 210
      vertex -10.75 -18.6195 210
      vertex -8.54235 -16.4097 210
    endloop
  endfacet
  facet normal 0 0 1
    outer loop
      vertex -10.75 -18.6195 210
      vertex -9.9276 -19.0707 210
      vertex -8.54235 -16.4097 210
    endloop
  endfacet
  facet normal 0 0 1
    outer loop
      vertex -8.54235 -16.4097 210
      vertex -9.9276 -19.0707 210
      vertex -7.81844 -16.7667 210
    endloop
  endfacet
  facet normal 0 0 1
    outer loop
      vertex -9.9276 -19.0707 210
      vertex -9.08629 -19.4856 210
      vertex -7.81844 -16.7667 210
    endloop
  endfacet
  facet normal 0 0 1
    outer loop
      vertex -7.81844 -16.7667 210
      vertex -9.08629 -19.4856 210
      vertex -7.07964 -17.0918 210
    endloop
  endfacet
  facet normal 0 0 1
    outer loop
      vertex -9.08629 -19.4856 210
      vertex -8.22769 -19.8634 210
      vertex -7.07964 -17.0918 210
    endloop
  endfacet
  facet normal 0 0 1
    outer loop
      vertex -7.07964 -17.0918 210
      vertex -8.22769 -19.8634 210
      vertex -6.32737 -17.3843 210
    endloop
  endfacet
  facet normal 0 0 1
    outer loop
      vertex -8.22769 -19.8634 210
      vertex -7.35343 -20.2034 210
      vertex -6.32737 -17.3843 210
    endloop
  endfacet
  facet normal 0 0 1
    outer loop
      vertex -6.32737 -17.3843 210
      vertex -7.35343 -20.2034 210
      vertex -5.56306 -17.6438 210
    endloop
  endfacet
  facet normal 0 0 1
    outer loop
      vertex -7.35343 -20.2034 210
      vertex -6.46517 -20.5049 210
      vertex -5.56306 -17.6438 210
    endloop
  endfacet
  facet normal 0 0 1
    outer loop
      vertex -5.56306 -17.6438 210
      vertex -6.46517 -20.5049 210
      vertex -4.78815 -17.8696 210
    endloop
  endfacet
  facet normal 0 0 1
    outer loop
      vertex -6.46517 -20.5049 210
      vertex -5.56461 -20.7674 210
      vertex -4.78815 -17.8696 210
    endloop
  endfacet
  facet normal 0 0 1
    outer loop
      vertex -4.78815 -17.8696 210
      vertex -5.56461 -20.7674 210
      vertex -4.00413 -18.0615 210
    endloop
  endfacet
  facet normal 0 0 1
    outer loop
      vertex -5.56461 -20.7674 210
      vertex -4.65345 -20.9904 210
      vertex -4.00413 -18.0615 210
    endloop
  endfacet
  facet normal 0 0 1
    outer loop
      vertex -4.00413 -18.0615 210
      vertex -4.65345 -20.9904 210
      vertex -3.21249 -18.2189 210
    endloop
  endfacet
  facet normal 0 0 1
    outer loop
      vertex -4.65345 -20.9904 210
      vertex -3.73344 -21.1734 210
      vertex -3.21249 -18.2189 210
    endloop
  endfacet
  facet normal 0 0 1
    outer loop
      vertex -3.21249 -18.2189 210
      vertex -3.73344 -21.1734 210
      vertex -2.41473 -18.3417 210
    endloop
  endfacet
  facet normal 0 0 1
    outer loop
      vertex -3.73344 -21.1734 210
      vertex -2.80631 -21.3161 210
      vertex -2.41473 -18.3417 210
    endloop
  endfacet
  facet normal 0 0 1
    outer loop
      vertex -2.41473 -18.3417 210
      vertex -2.80631 -21.3161 210
      vertex -1.61238 -18.4296 210
    endloop
  endfacet
  facet normal 0 0 1
    outer loop
      vertex -2.80631 -21.3161 210
      vertex -1.87385 -21.4182 210
      vertex -1.61238 -18.4296 210
    endloop
  endfacet
  facet normal 0 0 1
    outer loop
      vertex -1.61238 -18.4296 210
      vertex -1.87385 -21.4182 210
      vertex -0.806959 -18.4824 210
    endloop
  endfacet
  facet normal 0 0 1
    outer loop
      vertex -1.87385 -21.4182 210
      vertex -0.937817 -21.4795 210
      vertex -0.806959 -18.4824 210
    endloop
  endfacet
  facet normal 0 0 1
    outer loop
      vertex -0.806959 -18.4824 210
      vertex -0.937817 -21.4795 210
      vertex 3.39839e-15 -18.5 210
    endloop
  endfacet
  facet normal 0 0 1
    outer loop
      vertex -0.937817 -21.4795 210
      vertex 3.94949e-15 -21.5 210
      vertex 3.39839e-15 -18.5 210
    endloop
  endfacet
  facet normal 0 0 1
    outer loop
      vertex 3.39839e-15 -18.5 210
      vertex 3.94949e-15 -21.5 210
      vertex 0.806959 -18.4824 210
    endloop
  endfacet
  facet normal 0 0 1
    outer loop
      vertex 3.94949e-15 -21.5 210
      vertex 0.937817 -21.4795 210
      vertex 0.806959 -18.4824 210
    endloop
  endfacet
  facet normal 0 0 1
    outer loop
      vertex 0.806959 -18.4824 210
      vertex 0.937817 -21.4795 210
      vertex 1.61238 -18.4296 210
    endloop
  endfacet
  facet normal 0 0 1
    outer loop
      vertex 0.937817 -21.4795 210
      vertex 1.87385 -21.4182 210
      vertex 1.61238 -18.4296 210
    endloop
  endfacet
  facet normal 0 0 1
    outer loop
      vertex 1.61238 -18.4296 210
      vertex 1.87385 -21.4182 210
      vertex 2.41473 -18.3417 210
    endloop
  endfacet
  facet normal 0 0 1
    outer loop
      vertex 1.87385 -21.4182 210
      vertex 2.80631 -21.3161 210
      vertex 2.41473 -18.3417 210
    endloop
  endfacet
  facet normal 0 0 1
    outer loop
      vertex 2.41473 -18.3417 210
      vertex 2.80631 -21.3161 210
      vertex 3.21249 -18.2189 210
    endloop
  endfacet
  facet normal 0 0 1
    outer loop
      vertex 2.80631 -21.3161 210
      vertex 3.73344 -21.1734 210
      vertex 3.21249 -18.2189 210
    endloop
  endfacet
  facet normal 0 0 1
    outer loop
      vertex 3.21249 -18.2189 210
      vertex 3.73344 -21.1734 210
      vertex 4.00413 -18.0615 210
    endloop
  endfacet
  facet normal 0 0 1
    outer loop
      vertex 3.73344 -21.1734 210
      vertex 4.65345 -20.9904 210
      vertex 4.00413 -18.0615 210
    endloop
  endfacet
  facet normal 0 0 1
    outer loop
      vertex 4.00413 -18.0615 210
      vertex 4.65345 -20.9904 210
      vertex 4.78815 -17.8696 210
    endloop
  endfacet
  facet normal 0 0 1
    outer loop
      vertex 4.65345 -20.9904 210
      vertex 5.56461 -20.7674 210
      vertex 4.78815 -17.8696 210
    endloop
  endfacet
  facet normal 0 0 1
    outer loop
      vertex 4.78815 -17.8696 210
      vertex 5.56461 -20.7674 210
      vertex 5.56306 -17.6438 210
    endloop
  endfacet
  facet normal 0 0 1
    outer loop
      vertex 5.56461 -20.7674 210
      vertex 6.46517 -20.5049 210
      vertex 5.56306 -17.6438 210
    endloop
  endfacet
  facet normal 0 0 1
    outer loop
      vertex 5.56306 -17.6438 210
      vertex 6.46517 -20.5049 210
      vertex 6.32737 -17.3843 210
    endloop
  endfacet
  facet normal 0 0 1
    outer loop
      vertex 6.46517 -20.5049 210
      vertex 7.35343 -20.2034 210
      vertex 6.32737 -17.3843 210
    endloop
  endfacet
  facet normal 0 0 1
    outer loop
      vertex 6.32737 -17.3843 210
      vertex 7.35343 -20.2034 210
      vertex 7.07964 -17.0918 210
    endloop
  endfacet
  facet normal 0 0 1
    outer loop
      vertex 7.35343 -20.2034 210
      vertex 8.22769 -19.8634 210
      vertex 7.07964 -17.0918 210
    endloop
  endfacet
  facet normal 0 0 1
    outer loop
      vertex 7.07964 -17.0918 210
      vertex 8.22769 -19.8634 210
      vertex 7.81844 -16.7667 210
    endloop
  endfacet
  facet normal 0 0 1
    outer loop
      vertex 8.22769 -19.8634 210
      vertex 9.08629 -19.4856 210
      vertex 7.81844 -16.7667 210
    endloop
  endfacet
  facet normal 0 0 1
    outer loop
      vertex 7.81844 -16.7667 210
      vertex 9.08629 -19.4856 210
      vertex 8.54235 -16.4097 210
    endloop
  endfacet
  facet normal 0 0 1
    outer loop
      vertex 9.08629 -19.4856 210
      vertex 9.9276 -19.0707 210
      vertex 8.54235 -16.4097 210
    endloop
  endfacet
  facet normal 0 0 1
    outer loop
      vertex 8.54235 -16.4097 210
      vertex 9.9276 -19.0707 210
      vertex 9.25 -16.0215 210
    endloop
  endfacet
  facet normal 0 0 1
    outer loop
      vertex 9.9276 -19.0707 210
      vertex 10.75 -18.6195 210
      vertex 9.25 -16.0215 210
    endloop
  endfacet
  facet normal 0 0 1
    outer loop
      vertex 9.25 -16.0215 210
      vertex 10.75 -18.6195 210
      vertex 9.94004 -15.6027 210
    endloop
  endfacet
  facet normal 0 0 1
    outer loop
      vertex 10.75 -18.6195 210
      vertex 11.5519 -18.1329 210
      vertex 9.94004 -15.6027 210
    endloop
  endfacet
  facet normal 0 0 1
    outer loop
      vertex 9.94004 -15.6027 210
      vertex 11.5519 -18.1329 210
      vertex 10.6112 -15.1543 210
    endloop
  endfacet
  facet normal 0 0 1
    outer loop
      vertex 11.5519 -18.1329 210
      vertex 12.3319 -17.6118 210
      vertex 10.6112 -15.1543 210
    endloop
  endfacet
  facet normal 0 0 1
    outer loop
      vertex 10.6112 -15.1543 210
      vertex 12.3319 -17.6118 210
      vertex 11.2621 -14.677 210
    endloop
  endfacet
  facet normal 0 0 1
    outer loop
      vertex 12.3319 -17.6118 210
      vertex 13.0884 -17.0571 210
      vertex 11.2621 -14.677 210
    endloop
  endfacet
  facet normal 0 0 1
    outer loop
      vertex 11.2621 -14.677 210
      vertex 13.0884 -17.0571 210
      vertex 11.8916 -14.1718 210
    endloop
  endfacet
  facet normal 0 0 1
    outer loop
      vertex 13.0884 -17.0571 210
      vertex 13.8199 -16.47 210
      vertex 11.8916 -14.1718 210
    endloop
  endfacet
  facet normal 0 0 1
    outer loop
      vertex 11.8916 -14.1718 210
      vertex 13.8199 -16.47 210
      vertex 12.4984 -13.6396 210
    endloop
  endfacet
  facet normal 0 0 1
    outer loop
      vertex 13.8199 -16.47 210
      vertex 14.5252 -15.8515 210
      vertex 12.4984 -13.6396 210
    endloop
  endfacet
  facet normal 0 0 1
    outer loop
      vertex 12.4984 -13.6396 210
      vertex 14.5252 -15.8515 210
      vertex 13.0815 -13.0815 210
    endloop
  endfacet
  facet normal 0 0 1
    outer loop
      vertex 14.5252 -15.8515 210
      vertex 15.2028 -15.2028 210
      vertex 13.0815 -13.0815 210
    endloop
  endfacet
  facet normal 0 0 1
    outer loop
      vertex 13.0815 -13.0815 210
      vertex 15.2028 -15.2028 210
      vertex 13.6396 -12.4984 210
    endloop
  endfacet
  facet normal 0 0 1
    outer loop
      vertex 15.2028 -15.2028 210
      vertex 15.8515 -14.5252 210
      vertex 13.6396 -12.4984 210
    endloop
  endfacet
  facet normal 0 0 1
    outer loop
      vertex 13.6396 -12.4984 210
      vertex 15.8515 -14.5252 210
      vertex 14.1718 -11.8916 210
    endloop
  endfacet
  facet normal 0 0 1
    outer loop
      vertex 15.8515 -14.5252 210
      vertex 16.47 -13.8199 210
      vertex 14.1718 -11.8916 210
    endloop
  endfacet
  facet normal 0 0 1
    outer loop
      vertex 14.1718 -11.8916 210
      vertex 16.47 -13.8199 210
      vertex 14.677 -11.2621 210
    endloop
  endfacet
  facet normal 0 0 1
    outer loop
      vertex 16.47 -13.8199 210
      vertex 17.0571 -13.0884 210
      vertex 14.677 -11.2621 210
    endloop
  endfacet
  facet normal 0 0 1
    outer loop
      vertex 14.677 -11.2621 210
      vertex 17.0571 -13.0884 210
      vertex 15.1543 -10.6112 210
    endloop
  endfacet
  facet normal 0 0 1
    outer loop
      vertex 17.0571 -13.0884 210
      vertex 17.6118 -12.3319 210
      vertex 15.1543 -10.6112 210
    endloop
  endfacet
  facet normal 0 0 1
    outer loop
      vertex 15.1543 -10.6112 210
      vertex 17.6118 -12.3319 210
      vertex 15.6027 -9.94004 210
    endloop
  endfacet
  facet normal 0 0 1
    outer loop
      vertex 17.6118 -12.3319 210
      vertex 18.1329 -11.5519 210
      vertex 15.6027 -9.94004 210
    endloop
  endfacet
  facet normal 0 0 1
    outer loop
      vertex 15.6027 -9.94004 210
      vertex 18.1329 -11.5519 210
      vertex 16.0215 -9.25 210
    endloop
  endfacet
  facet normal 0 0 1
    outer loop
      vertex 18.1329 -11.5519 210
      vertex 18.6195 -10.75 210
      vertex 16.0215 -9.25 210
    endloop
  endfacet
  facet normal 0 0 1
    outer loop
      vertex 16.0215 -9.25 210
      vertex 18.6195 -10.75 210
      vertex 16.4097 -8.54235 210
    endloop
  endfacet
  facet normal 0 0 1
    outer loop
      vertex 18.6195 -10.75 210
      vertex 19.0707 -9.9276 210
      vertex 16.4097 -8.54235 210
    endloop
  endfacet
  facet normal 0 0 1
    outer loop
      vertex 16.4097 -8.54235 210
      vertex 19.0707 -9.9276 210
      vertex 16.7667 -7.81844 210
    endloop
  endfacet
  facet normal 0 0 1
    outer loop
      vertex 19.0707 -9.9276 210
      vertex 19.4856 -9.08629 210
      vertex 16.7667 -7.81844 210
    endloop
  endfacet
  facet normal 0 0 1
    outer loop
      vertex 16.7667 -7.81844 210
      vertex 19.4856 -9.08629 210
      vertex 17.0918 -7.07964 210
    endloop
  endfacet
  facet normal 0 0 1
    outer loop
      vertex 19.4856 -9.08629 210
      vertex 19.8634 -8.22769 210
      vertex 17.0918 -7.07964 210
    endloop
  endfacet
  facet normal 0 0 1
    outer loop
      vertex 17.0918 -7.07964 210
      vertex 19.8634 -8.22769 210
      vertex 17.3843 -6.32737 210
    endloop
  endfacet
  facet normal 0 0 1
    outer loop
      vertex 19.8634 -8.22769 210
      vertex 20.2034 -7.35343 210
      vertex 17.3843 -6.32737 210
    endloop
  endfacet
  facet normal 0 0 1
    outer loop
      vertex 17.3843 -6.32737 210
      vertex 20.2034 -7.35343 210
      vertex 17.6438 -5.56306 210
    endloop
  endfacet
  facet normal 0 0 1
    outer loop
      vertex 20.2034 -7.35343 210
      vertex 20.5049 -6.46517 210
      vertex 17.6438 -5.56306 210
    endloop
  endfacet
  facet normal 0 0 1
    outer loop
      vertex 17.6438 -5.56306 210
      vertex 20.5049 -6.46517 210
      vertex 17.8696 -4.78815 210
    endloop
  endfacet
  facet normal 0 0 1
    outer loop
      vertex 20.5049 -6.46517 210
      vertex 20.7674 -5.56461 210
      vertex 17.8696 -4.78815 210
    endloop
  endfacet
  facet normal 0 0 1
    outer loop
      vertex 17.8696 -4.78815 210
      vertex 20.7674 -5.56461 210
      vertex 18.0615 -4.00413 210
    endloop
  endfacet
  facet normal 0 0 1
    outer loop
      vertex 20.7674 -5.56461 210
      vertex 20.9904 -4.65345 210
      vertex 18.0615 -4.00413 210
    endloop
  endfacet
  facet normal 0 0 1
    outer loop
      vertex 18.0615 -4.00413 210
      vertex 20.9904 -4.65345 210
      vertex 18.2189 -3.21249 210
    endloop
  endfacet
  facet normal 0 0 1
    outer loop
      vertex 20.9904 -4.65345 210
      vertex 21.1734 -3.73344 210
      vertex 18.2189 -3.21249 210
    endloop
  endfacet
  facet normal 0 0 1
    outer loop
      vertex 18.2189 -3.21249 210
      vertex 21.1734 -3.73344 210
      vertex 18.3417 -2.41473 210
    endloop
  endfacet
  facet normal 0 0 1
    outer loop
      vertex 21.1734 -3.73344 210
      vertex 21.3161 -2.80631 210
      vertex 18.3417 -2.41473 210
    endloop
  endfacet
  facet normal 0 0 1
    outer loop
      vertex 18.3417 -2.41473 210
      vertex 21.3161 -2.80631 210
      vertex 18.4296 -1.61238 210
    endloop
  endfacet
  facet normal 0 0 1
    outer loop
      vertex 21.3161 -2.80631 210
      vertex 21.4182 -1.87385 210
      vertex 18.4296 -1.61238 210
    endloop
  endfacet
  facet normal 0 0 1
    outer loop
      vertex 18.4296 -1.61238 210
      vertex 21.4182 -1.87385 210
      vertex 18.4824 -0.806959 210
    endloop
  endfacet
  facet normal 0 0 1
    outer loop
      vertex 21.4182 -1.87385 210
      vertex 21.4795 -0.937817 210
      vertex 18.4824 -0.806959 210
    endloop
  endfacet
  facet normal 0 0 1
    outer loop
      vertex 18.4824 -0.806959 210
      vertex 21.4795 -0.937817 210
      vertex 18.5 3.39839e-15 210
    endloop
  endfacet
  facet normal 0 0 1
    outer loop
      vertex 21.4795 -0.937817 210
      vertex 21.5 9.21547e-15 210
      vertex 18.5 3.39839e-15 210
    endloop
  endfacet
  facet normal 0 0 1
    outer loop
      vertex 18.5 3.39839e-15 210
      vertex 21.5 9.21547e-15 210
      vertex 18.4824 0.806959 210
    endloop
  endfacet
  facet normal 0 0 1
    outer loop
      vertex 21.5 9.21547e-15 210
      vertex 21.4795 0.937817 210
      vertex 18.4824 0.806959 210
    endloop
  endfacet
  facet normal 0 0 1
    outer loop
      vertex 18.4824 0.806959 210
      vertex 21.4795 0.937817 210
      vertex 18.4296 1.61238 210
    endloop
  endfacet
  facet normal 0 0 1
    outer loop
      vertex 21.4795 0.937817 210
      vertex 21.4182 1.87385 210
      vertex 18.4296 1.61238 210
    endloop
  endfacet
  facet normal 0 0 1
    outer loop
      vertex 18.4296 1.61238 210
      vertex 21.4182 1.87385 210
      vertex 18.3417 2.41473 210
    endloop
  endfacet
  facet normal 0 0 1
    outer loop
      vertex 21.4182 1.87385 210
      vertex 21.3161 2.80631 210
      vertex 18.3417 2.41473 210
    endloop
  endfacet
  facet normal 0 0 1
    outer loop
      vertex 18.3417 2.41473 210
      vertex 21.3161 2.80631 210
      vertex 18.2189 3.21249 210
    endloop
  endfacet
  facet normal 0 0 1
    outer loop
      vertex 21.3161 2.80631 210
      vertex 21.1734 3.73344 210
      vertex 18.2189 3.21249 210
    endloop
  endfacet
  facet normal 0 0 1
    outer loop
      vertex 18.2189 3.21249 210
      vertex 21.1734 3.73344 210
      vertex 18.0615 4.00413 210
    endloop
  endfacet
  facet normal 0 0 1
    outer loop
      vertex 21.1734 3.73344 210
      vertex 20.9904 4.65345 210
      vertex 18.0615 4.00413 210
    endloop
  endfacet
  facet normal 0 0 1
    outer loop
      vertex 18.0615 4.00413 210
      vertex 20.9904 4.65345 210
      vertex 17.8696 4.78815 210
    endloop
  endfacet
  facet normal 0 0 1
    outer loop
      vertex 20.9904 4.65345 210
      vertex 20.7674 5.56461 210
      vertex 17.8696 4.78815 210
    endloop
  endfacet
  facet normal 0 0 1
    outer loop
      vertex 17.8696 4.78815 210
      vertex 20.7674 5.56461 210
      vertex 17.6438 5.56306 210
    endloop
  endfacet
  facet normal 0 0 1
    outer loop
      vertex 20.7674 5.56461 210
      vertex 20.5049 6.46517 210
      vertex 17.6438 5.56306 210
    endloop
  endfacet
  facet normal 0 0 1
    outer loop
      vertex 17.6438 5.56306 210
      vertex 20.5049 6.46517 210
      vertex 17.3843 6.32737 210
    endloop
  endfacet
  facet normal 0 0 1
    outer loop
      vertex 20.5049 6.46517 210
      vertex 20.2034 7.35343 210
      vertex 17.3843 6.32737 210
    endloop
  endfacet
  facet normal 0 0 1
    outer loop
      vertex 17.3843 6.32737 210
      vertex 20.2034 7.35343 210
      vertex 17.0918 7.07964 210
    endloop
  endfacet
  facet normal 0 0 1
    outer loop
      vertex 20.2034 7.35343 210
      vertex 19.8634 8.22769 210
      vertex 17.0918 7.07964 210
    endloop
  endfacet
  facet normal 0 0 1
    outer loop
      vertex 17.0918 7.07964 210
      vertex 19.8634 8.22769 210
      vertex 16.7667 7.81844 210
    endloop
  endfacet
  facet normal 0 0 1
    outer loop
      vertex 19.8634 8.22769 210
      vertex 19.4856 9.08629 210
      vertex 16.7667 7.81844 210
    endloop
  endfacet
  facet normal 0 0 1
    outer loop
      vertex 16.7667 7.81844 210
      vertex 19.4856 9.08629 210
      vertex 16.4097 8.54235 210
    endloop
  endfacet
  facet normal 0 0 1
    outer loop
      vertex 19.4856 9.08629 210
      vertex 19.0707 9.9276 210
      vertex 16.4097 8.54235 210
    endloop
  endfacet
  facet normal 0 0 1
    outer loop
      vertex 16.4097 8.54235 210
      vertex 19.0707 9.9276 210
      vertex 16.0215 9.25 210
    endloop
  endfacet
  facet normal 0 0 1
    outer loop
      vertex 19.0707 9.9276 210
      vertex 18.6195 10.75 210
      vertex 16.0215 9.25 210
    endloop
  endfacet
  facet normal 0 0 1
    outer loop
      vertex 16.0215 9.25 210
      vertex 18.6195 10.75 210
      vertex 15.6027 9.94004 210
    endloop
  endfacet
  facet normal 0 0 1
    outer loop
      vertex 18.6195 10.75 210
      vertex 18.1329 11.5519 210
      vertex 15.6027 9.94004 210
    endloop
  endfacet
  facet normal 0 0 1
    outer loop
      vertex 15.6027 9.94004 210
      vertex 18.1329 11.5519 210
      vertex 15.1543 10.6112 210
    endloop
  endfacet
  facet normal 0 0 1
    outer loop
      vertex 18.1329 11.5519 210
      vertex 17.6118 12.3319 210
      vertex 15.1543 10.6112 210
    endloop
  endfacet
  facet normal 0 0 1
    outer loop
      vertex 15.1543 10.6112 210
      vertex 17.6118 12.3319 210
      vertex 14.677 11.2621 210
    endloop
  endfacet
  facet normal 0 0 1
    outer loop
      vertex 17.6118 12.3319 210
      vertex 17.0571 13.0884 210
      vertex 14.677 11.2621 210
    endloop
  endfacet
  facet normal 0 0 1
    outer loop
      vertex 14.677 11.2621 210
      vertex 17.0571 13.0884 210
      vertex 14.1718 11.8916 210
    endloop
  endfacet
  facet normal 0 0 1
    outer loop
      vertex 17.0571 13.0884 210
      vertex 16.47 13.8199 210
      vertex 14.1718 11.8916 210
    endloop
  endfacet
  facet normal 0 0 1
    outer loop
      vertex 14.1718 11.8916 210
      vertex 16.47 13.8199 210
      vertex 13.6396 12.4984 210
    endloop
  endfacet
  facet normal 0 0 1
    outer loop
      vertex 16.47 13.8199 210
      vertex 15.8515 14.5252 210
      vertex 13.6396 12.4984 210
    endloop
  endfacet
  facet normal 0 0 1
    outer loop
      vertex 13.6396 12.4984 210
      vertex 15.8515 14.5252 210
      vertex 13.0815 13.0815 210
    endloop
  endfacet
  facet normal 0 0 1
    outer loop
      vertex 15.8515 14.5252 210
      vertex 15.2028 15.2028 210
      vertex 13.0815 13.0815 210
    endloop
  endfacet
  facet normal 0 0 1
    outer loop
      vertex 13.0815 13.0815 210
      vertex 15.2028 15.2028 210
      vertex 12.4984 13.6396 210
    endloop
  endfacet
  facet normal 0 0 1
    outer loop
      vertex 15.2028 15.2028 210
      vertex 14.5252 15.8515 210
      vertex 12.4984 13.6396 210
    endloop
  endfacet
  facet normal 0 0 1
    outer loop
      vertex 12.4984 13.6396 210
      vertex 14.5252 15.8515 210
      vertex 11.8916 14.1718 210
    endloop
  endfacet
  facet normal 0 0 1
    outer loop
      vertex 14.5252 15.8515 210
      vertex 13.8199 16.47 210
      vertex 11.8916 14.1718 210
    endloop
  endfacet
  facet normal 0 0 1
    outer loop
      vertex 11.8916 14.1718 210
      vertex 13.8199 16.47 210
      vertex 11.2621 14.677 210
    endloop
  endfacet
  facet normal 0 0 1
    outer loop
      vertex 13.8199 16.47 210
      vertex 13.0884 17.0571 210
      vertex 11.2621 14.677 210
    endloop
  endfacet
  facet normal 0 0 1
    outer loop
      vertex 11.2621 14.677 210
      vertex 13.0884 17.0571 210
      vertex 10.6112 15.1543 210
    endloop
  endfacet
  facet normal 0 0 1
    outer loop
      vertex 13.0884 17.0571 210
      vertex 12.3319 17.6118 210
      vertex 10.6112 15.1543 210
    endloop
  endfacet
  facet normal 0 0 1
    outer loop
      vertex 10.6112 15.1543 210
      vertex 12.3319 17.6118 210
      vertex 9.94004 15.6027 210
    endloop
  endfacet
  facet normal 0 0 1
    outer loop
      vertex 12.3319 17.6118 210
      vertex 11.5519 18.1329 210
      vertex 9.94004 15.6027 210
    endloop
  endfacet
  facet normal 0 0 1
    outer loop
      vertex 9.94004 15.6027 210
      vertex 11.5519 18.1329 210
      vertex 9.25 16.0215 210
    endloop
  endfacet
  facet normal 0 0 1
    outer loop
      vertex 11.5519 18.1329 210
      vertex 10.75 18.6195 210
      vertex 9.25 16.0215 210
    endloop
  endfacet
  facet normal 0 0 1
    outer loop
      vertex 9.25 16.0215 210
      vertex 10.75 18.6195 210
      vertex 8.54235 16.4097 210
    endloop
  endfacet
  facet normal 0 0 1
    outer loop
      vertex 10.75 18.6195 210
      vertex 9.9276 19.0707 210
      vertex 8.54235 16.4097 210
    endloop
  endfacet
  facet normal 0 0 1
    outer loop
      vertex 8.54235 16.4097 210
      vertex 9.9276 19.0707 210
      vertex 7.81844 16.7667 210
    endloop
  endfacet
  facet normal 0 0 1
    outer loop
      vertex 9.9276 19.0707 210
      vertex 9.08629 19.4856 210
      vertex 7.81844 16.7667 210
    endloop
  endfacet
  facet normal 0 0 1
    outer loop
      vertex 7.81844 16.7667 210
      vertex 9.08629 19.4856 210
      vertex 7.07964 17.0918 210
    endloop
  endfacet
  facet normal 0 0 1
    outer loop
      vertex 9.08629 19.4856 210
      vertex 8.22769 19.8634 210
      vertex 7.07964 17.0918 210
    endloop
  endfacet
  facet normal 0 0 1
    outer loop
      vertex 7.07964 17.0918 210
      vertex 8.22769 19.8634 210
      vertex 6.32737 17.3843 210
    endloop
  endfacet
  facet normal 0 0 1
    outer loop
      vertex 8.22769 19.8634 210
      vertex 7.35343 20.2034 210
      vertex 6.32737 17.3843 210
    endloop
  endfacet
  facet normal 0 0 1
    outer loop
      vertex 6.32737 17.3843 210
      vertex 7.35343 20.2034 210
      vertex 5.56306 17.6438 210
    endloop
  endfacet
  facet normal 0 0 1
    outer loop
      vertex 7.35343 20.2034 210
      vertex 6.46517 20.5049 210
      vertex 5.56306 17.6438 210
    endloop
  endfacet
  facet normal 0 0 1
    outer loop
      vertex 5.56306 17.6438 210
      vertex 6.46517 20.5049 210
      vertex 4.78815 17.8696 210
    endloop
  endfacet
  facet normal 0 0 1
    outer loop
      vertex 6.46517 20.5049 210
      vertex 5.56461 20.7674 210
      vertex 4.78815 17.8696 210
    endloop
  endfacet
  facet normal 0 0 1
    outer loop
      vertex 4.78815 17.8696 210
      vertex 5.56461 20.7674 210
      vertex 4.00413 18.0615 210
    endloop
  endfacet
  facet normal 0 0 1
    outer loop
      vertex 5.56461 20.7674 210
      vertex 4.65345 20.9904 210
      vertex 4.00413 18.0615 210
    endloop
  endfacet
  facet normal 0 0 1
    outer loop
      vertex 4.00413 18.0615 210
      vertex 4.65345 20.9904 210
      vertex 3.21249 18.2189 210
    endloop
  endfacet
  facet normal 0 0 1
    outer loop
      vertex 4.65345 20.9904 210
      vertex 3.73344 21.1734 210
      vertex 3.21249 18.2189 210
    endloop
  endfacet
  facet normal 0 0 1
    outer loop
      vertex 3.21249 18.2189 210
      vertex 3.73344 21.1734 210
      vertex 2.41473 18.3417 210
    endloop
  endfacet
  facet normal 0 0 1
    outer loop
      vertex 3.73344 21.1734 210
      vertex 2.80631 21.3161 210
      vertex 2.41473 18.3417 210
    endloop
  endfacet
  facet normal 0 0 1
    outer loop
      vertex 2.41473 18.3417 210
      vertex 2.80631 21.3161 210
      vertex 1.61238 18.4296 210
    endloop
  endfacet
  facet normal 0 0 1
    outer loop
      vertex 2.80631 21.3161 210
      vertex 1.87385 21.4182 210
      vertex 1.61238 18.4296 210
    endloop
  endfacet
  facet normal 0 0 -1
    outer loop
      vertex 6.67783 16.1217 1
      vertex 7.44319 17.9695 1
      vertex 7.37469 15.8151 1
    endloop
  endfacet
  facet normal 0 0 -1
    outer loop
      vertex 7.44319 17.9695 1
      vertex 8.21992 17.6277 1
      vertex 7.37469 15.8151 1
    endloop
  endfacet
  facet normal 0 0 -1
    outer loop
      vertex 7.37469 15.8151 1
      vertex 8.21992 17.6277 1
      vertex 8.05751 15.4783 1
    endloop
  endfacet
  facet normal 0 0 -1
    outer loop
      vertex 8.21992 17.6277 1
      vertex 8.98101 17.2524 1
      vertex 8.05751 15.4783 1
    endloop
  endfacet
  facet normal 0 0 -1
    outer loop
      vertex 8.05751 15.4783 1
      vertex 8.98101 17.2524 1
      vertex 8.725 15.1121 1
    endloop
  endfacet
  facet normal 0 0 -1
    outer loop
      vertex 8.98101 17.2524 1
      vertex 9.725 16.8442 1
      vertex 8.725 15.1121 1
    endloop
  endfacet
  facet normal 0 0 -1
    outer loop
      vertex 8.725 15.1121 1
      vertex 9.725 16.8442 1
      vertex 9.37588 14.7172 1
    endloop
  endfacet
  facet normal 0 0 -1
    outer loop
      vertex 9.725 16.8442 1
      vertex 10.4505 16.404 1
      vertex 9.37588 14.7172 1
    endloop
  endfacet
  facet normal 0 0 -1
    outer loop
      vertex 9.37588 14.7172 1
      vertex 10.4505 16.404 1
      vertex 10.0089 14.2942 1
    endloop
  endfacet
  facet normal 0 0 -1
    outer loop
      vertex 10.4505 16.404 1
      vertex 11.1561 15.9325 1
      vertex 10.0089 14.2942 1
    endloop
  endfacet
  facet normal 0 0 -1
    outer loop
      vertex 10.0089 14.2942 1
      vertex 11.1561 15.9325 1
      vertex 10.6229 13.844 1
    endloop
  endfacet
  facet normal 0 0 -1
    outer loop
      vertex 11.1561 15.9325 1
      vertex 11.8404 15.4307 1
      vertex 10.6229 13.844 1
    endloop
  endfacet
  facet normal 0 0 -1
    outer loop
      vertex 10.6229 13.844 1
      vertex 11.8404 15.4307 1
      vertex 11.2166 13.3675 1
    endloop
  endfacet
  facet normal 0 0 -1
    outer loop
      vertex 11.8404 15.4307 1
      vertex 12.5022 14.8996 1
      vertex 11.2166 13.3675 1
    endloop
  endfacet
  facet normal 0 0 -1
    outer loop
      vertex 11.2166 13.3675 1
      vertex 12.5022 14.8996 1
      vertex 11.789 12.8655 1
    endloop
  endfacet
  facet normal 0 0 -1
    outer loop
      vertex 12.5022 14.8996 1
      vertex 13.1402 14.34 1
      vertex 11.789 12.8655 1
    endloop
  endfacet
  facet normal 0 0 -1
    outer loop
      vertex 11.789 12.8655 1
      vertex 13.1402 14.34 1
      vertex 12.339 12.339 1
    endloop
  endfacet
  facet normal 0 0 -1
    outer loop
      vertex 13.1402 14.34 1
      vertex 13.7532 13.7532 1
      vertex 12.339 12.339 1
    endloop
  endfacet
  facet normal 0 0 -1
    outer loop
      vertex 12.339 12.339 1
      vertex 13.7532 13.7532 1
      vertex 12.8655 11.789 1
    endloop
  endfacet
  facet normal 0 0 -1
    outer loop
      vertex 13.7532 13.7532 1
      vertex 14.34 13.1402 1
      vertex 12.8655 11.789 1
    endloop
  endfacet
  facet normal 0 0 -1
    outer loop
      vertex 12.8655 11.789 1
      vertex 14.34 13.1402 1
      vertex 13.3675 11.2166 1
    endloop
  endfacet
  facet normal 0 0 -1
    outer loop
      vertex 14.34 13.1402 1
      vertex 14.8996 12.5022 1
      vertex 13.3675 11.2166 1
    endloop
  endfacet
  facet normal 0 0 -1
    outer loop
      vertex 13.3675 11.2166 1
      vertex 14.8996 12.5022 1
      vertex 13.844 10.6229 1
    endloop
  endfacet
  facet normal 0 0 -1
    outer loop
      vertex 14.8996 12.5022 1
      vertex 15.4307 11.8404 1
      vertex 13.844 10.6229 1
    endloop
  endfacet
  facet normal 0 0 -1
    outer loop
      vertex 13.844 10.6229 1
      vertex 15.4307 11.8404 1
      vertex 14.2942 10.0089 1
    endloop
  endfacet
  facet normal 0 0 -1
    outer loop
      vertex 15.4307 11.8404 1
      vertex 15.9325 11.1561 1
      vertex 14.2942 10.0089 1
    endloop
  endfacet
  facet normal 0 0 -1
    outer loop
      vertex 14.2942 10.0089 1
      vertex 15.9325 11.1561 1
      vertex 14.7172 9.37588 1
    endloop
  endfacet
  facet normal 0 0 -1
    outer loop
      vertex 15.9325 11.1561 1
      vertex 16.404 10.4505 1
      vertex 14.7172 9.37588 1
    endloop
  endfacet
  facet normal 0 0 -1
    outer loop
      vertex 14.7172 9.37588 1
      vertex 16.404 10.4505 1
      vertex 15.1121 8.725 1
    endloop
  endfacet
  facet normal 0 0 -1
    outer loop
      vertex 16.404 10.4505 1
      vertex 16.8442 9.725 1
      vertex 15.1121 8.725 1
    endloop
  endfacet
  facet normal 0 0 -1
    outer loop
      vertex 15.1121 8.725 1
      vertex 16.8442 9.725 1
      vertex 15.4783 8.05751 1
    endloop
  endfacet
  facet normal 0 0 -1
    outer loop
      vertex 16.8442 9.725 1
      vertex 17.2524 8.98101 1
      vertex 15.4783 8.05751 1
    endloop
  endfacet
  facet normal 0 0 -1
    outer loop
      vertex 15.4783 8.05751 1
      vertex 17.2524 8.98101 1
      vertex 15.8151 7.37469 1
    endloop
  endfacet
  facet normal 0 0 -1
    outer loop
      vertex 17.2524 8.98101 1
      vertex 17.6277 8.21992 1
      vertex 15.8151 7.37469 1
    endloop
  endfacet
  facet normal 0 0 -1
    outer loop
      vertex 15.8151 7.37469 1
      vertex 17.6277 8.21992 1
      vertex 16.1217 6.67783 1
    endloop
  endfacet
  facet normal 0 0 -1
    outer loop
      vertex 17.6277 8.21992 1
      vertex 17.9695 7.44319 1
      vertex 16.1217 6.67783 1
    endloop
  endfacet
  facet normal 0 0 1
    outer loop
      vertex -6.925 -11.9945 34.9241
      vertex -9.25 -16.0215 34.9241
      vertex -6.39522 -12.2851 34.9241
    endloop
  endfacet
  facet normal 0 0 1
    outer loop
      vertex -9.25 -16.0215 34.9241
      vertex -8.54235 -16.4097 34.9241
      vertex -6.39522 -12.2851 34.9241
    endloop
  endfacet
  facet normal 0 0 1
    outer loop
      vertex -6.39522 -12.2851 34.9241
      vertex -8.54235 -16.4097 34.9241
      vertex -5.85326 -12.5524 34.9241
    endloop
  endfacet
  facet normal 0 0 1
    outer loop
      vertex -8.54235 -16.4097 34.9241
      vertex -7.81844 -16.7667 34.9241
      vertex -5.85326 -12.5524 34.9241
    endloop
  endfacet
  facet normal 0 0 1
    outer loop
      vertex -5.85326 -12.5524 34.9241
      vertex -7.81844 -16.7667 34.9241
      vertex -5.30017 -12.7957 34.9241
    endloop
  endfacet
  facet normal 0 0 1
    outer loop
      vertex -7.81844 -16.7667 34.9241
      vertex -7.07964 -17.0918 34.9241
      vertex -5.30017 -12.7957 34.9241
    endloop
  endfacet
  facet normal 0 0 1
    outer loop
      vertex -5.30017 -12.7957 34.9241
      vertex -7.07964 -17.0918 34.9241
      vertex -4.73698 -13.0147 34.9241
    endloop
  endfacet
  facet normal 0 0 1
    outer loop
      vertex -7.07964 -17.0918 34.9241
      vertex -6.32737 -17.3843 34.9241
      vertex -4.73698 -13.0147 34.9241
    endloop
  endfacet
  facet normal 0 0 1
    outer loop
      vertex -4.73698 -13.0147 34.9241
      vertex -6.32737 -17.3843 34.9241
      vertex -4.16478 -13.209 34.9241
    endloop
  endfacet
  facet normal 0 0 1
    outer loop
      vertex -6.32737 -17.3843 34.9241
      vertex -5.56306 -17.6438 34.9241
      vertex -4.16478 -13.209 34.9241
    endloop
  endfacet
  facet normal 0 0 1
    outer loop
      vertex -4.16478 -13.209 34.9241
      vertex -5.56306 -17.6438 34.9241
      vertex -3.58464 -13.3781 34.9241
    endloop
  endfacet
  facet normal 0 0 1
    outer loop
      vertex -5.56306 -17.6438 34.9241
      vertex -4.78815 -17.8696 34.9241
      vertex -3.58464 -13.3781 34.9241
    endloop
  endfacet
  facet normal 0 0 1
    outer loop
      vertex -3.58464 -13.3781 34.9241
      vertex -4.78815 -17.8696 34.9241
      vertex -2.99769 -13.5217 34.9241
    endloop
  endfacet
  facet normal 0 0 1
    outer loop
      vertex -4.78815 -17.8696 34.9241
      vertex -4.00413 -18.0615 34.9241
      vertex -2.99769 -13.5217 34.9241
    endloop
  endfacet
  facet normal 0 0 1
    outer loop
      vertex -2.99769 -13.5217 34.9241
      vertex -4.00413 -18.0615 34.9241
      vertex -2.40503 -13.6396 34.9241
    endloop
  endfacet
  facet normal 0 0 1
    outer loop
      vertex -4.00413 -18.0615 34.9241
      vertex -3.21249 -18.2189 34.9241
      vertex -2.40503 -13.6396 34.9241
    endloop
  endfacet
  facet normal 0 0 1
    outer loop
      vertex -2.40503 -13.6396 34.9241
      vertex -3.21249 -18.2189 34.9241
      vertex -1.80779 -13.7315 34.9241
    endloop
  endfacet
  facet normal 0 0 1
    outer loop
      vertex -3.21249 -18.2189 34.9241
      vertex -2.41473 -18.3417 34.9241
      vertex -1.80779 -13.7315 34.9241
    endloop
  endfacet
  facet normal 0 0 1
    outer loop
      vertex -1.80779 -13.7315 34.9241
      vertex -2.41473 -18.3417 34.9241
      vertex -1.20711 -13.7973 34.9241
    endloop
  endfacet
  facet normal 0 0 1
    outer loop
      vertex -2.41473 -18.3417 34.9241
      vertex -1.61238 -18.4296 34.9241
      vertex -1.20711 -13.7973 34.9241
    endloop
  endfacet
  facet normal 0 0 1
    outer loop
      vertex -1.20711 -13.7973 34.9241
      vertex -1.61238 -18.4296 34.9241
      vertex -0.604129 -13.8368 34.9241
    endloop
  endfacet
  facet normal 0 0 1
    outer loop
      vertex -1.61238 -18.4296 34.9241
      vertex -0.806959 -18.4824 34.9241
      vertex -0.604129 -13.8368 34.9241
    endloop
  endfacet
  facet normal 0 0 1
    outer loop
      vertex -0.604129 -13.8368 34.9241
      vertex -0.806959 -18.4824 34.9241
      vertex 2.5442e-15 -13.85 34.9241
    endloop
  endfacet
  facet normal 0 0 1
    outer loop
      vertex -0.806959 -18.4824 34.9241
      vertex 3.39839e-15 -18.5 34.9241
      vertex 2.5442e-15 -13.85 34.9241
    endloop
  endfacet
  facet normal 0 0 1
    outer loop
      vertex 2.5442e-15 -13.85 34.9241
      vertex 3.39839e-15 -18.5 34.9241
      vertex 0.604129 -13.8368 34.9241
    endloop
  endfacet
  facet normal 0 0 1
    outer loop
      vertex 3.39839e-15 -18.5 34.9241
      vertex 0.806959 -18.4824 34.9241
      vertex 0.604129 -13.8368 34.9241
    endloop
  endfacet
  facet normal 0 0 1
    outer loop
      vertex 0.604129 -13.8368 34.9241
      vertex 0.806959 -18.4824 34.9241
      vertex 1.20711 -13.7973 34.9241
    endloop
  endfacet
  facet normal 0 0 1
    outer loop
      vertex 0.806959 -18.4824 34.9241
      vertex 1.61238 -18.4296 34.9241
      vertex 1.20711 -13.7973 34.9241
    endloop
  endfacet
  facet normal 0 0 1
    outer loop
      vertex 1.20711 -13.7973 34.9241
      vertex 1.61238 -18.4296 34.9241
      vertex 1.80779 -13.7315 34.9241
    endloop
  endfacet
  facet normal 0 0 1
    outer loop
      vertex 1.61238 -18.4296 34.9241
      vertex 2.41473 -18.3417 34.9241
      vertex 1.80779 -13.7315 34.9241
    endloop
  endfacet
  facet normal 0 0 1
    outer loop
      vertex 1.80779 -13.7315 34.9241
      vertex 2.41473 -18.3417 34.9241
      vertex 2.40503 -13.6396 34.9241
    endloop
  endfacet
  facet normal 0 0 1
    outer loop
      vertex 2.41473 -18.3417 34.9241
      vertex 3.21249 -18.2189 34.9241
      vertex 2.40503 -13.6396 34.9241
    endloop
  endfacet
  facet normal 0 0 1
    outer loop
      vertex 2.40503 -13.6396 34.9241
      vertex 3.21249 -18.2189 34.9241
      vertex 2.99769 -13.5217 34.9241
    endloop
  endfacet
  facet normal 0 0 1
    outer loop
      vertex 3.21249 -18.2189 34.9241
      vertex 4.00413 -18.0615 34.9241
      vertex 2.99769 -13.5217 34.9241
    endloop
  endfacet
  facet normal 0 0 1
    outer loop
      vertex 2.99769 -13.5217 34.9241
      vertex 4.00413 -18.0615 34.9241
      vertex 3.58464 -13.3781 34.9241
    endloop
  endfacet
  facet normal 0 0 1
    outer loop
      vertex 4.00413 -18.0615 34.9241
      vertex 4.78815 -17.8696 34.9241
      vertex 3.58464 -13.3781 34.9241
    endloop
  endfacet
  facet normal 0 0 1
    outer loop
      vertex 3.58464 -13.3781 34.9241
      vertex 4.78815 -17.8696 34.9241
      vertex 4.16478 -13.209 34.9241
    endloop
  endfacet
  facet normal 0 0 1
    outer loop
      vertex 4.78815 -17.8696 34.9241
      vertex 5.56306 -17.6438 34.9241
      vertex 4.16478 -13.209 34.9241
    endloop
  endfacet
  facet normal 0 0 1
    outer loop
      vertex 4.16478 -13.209 34.9241
      vertex 5.56306 -17.6438 34.9241
      vertex 4.73698 -13.0147 34.9241
    endloop
  endfacet
  facet normal 0 0 1
    outer loop
      vertex 5.56306 -17.6438 34.9241
      vertex 6.32737 -17.3843 34.9241
      vertex 4.73698 -13.0147 34.9241
    endloop
  endfacet
  facet normal 0 0 1
    outer loop
      vertex 4.73698 -13.0147 34.9241
      vertex 6.32737 -17.3843 34.9241
      vertex 5.30017 -12.7957 34.9241
    endloop
  endfacet
  facet normal 0 0 1
    outer loop
      vertex 6.32737 -17.3843 34.9241
      vertex 7.07964 -17.0918 34.9241
      vertex 5.30017 -12.7957 34.9241
    endloop
  endfacet
  facet normal 0 0 1
    outer loop
      vertex 5.30017 -12.7957 34.9241
      vertex 7.07964 -17.0918 34.9241
      vertex 5.85326 -12.5524 34.9241
    endloop
  endfacet
  facet normal 0 0 1
    outer loop
      vertex 7.07964 -17.0918 34.9241
      vertex 7.81844 -16.7667 34.9241
      vertex 5.85326 -12.5524 34.9241
    endloop
  endfacet
  facet normal 0 0 1
    outer loop
      vertex 5.85326 -12.5524 34.9241
      vertex 7.81844 -16.7667 34.9241
      vertex 6.39522 -12.2851 34.9241
    endloop
  endfacet
  facet normal 0 0 1
    outer loop
      vertex 7.81844 -16.7667 34.9241
      vertex 8.54235 -16.4097 34.9241
      vertex 6.39522 -12.2851 34.9241
    endloop
  endfacet
  facet normal 0 0 1
    outer loop
      vertex 6.39522 -12.2851 34.9241
      vertex 8.54235 -16.4097 34.9241
      vertex 6.925 -11.9945 34.9241
    endloop
  endfacet
  facet normal 0 0 1
    outer loop
      vertex 8.54235 -16.4097 34.9241
      vertex 9.25 -16.0215 34.9241
      vertex 6.925 -11.9945 34.9241
    endloop
  endfacet
  facet normal 0 0 1
    outer loop
      vertex 6.925 -11.9945 34.9241
      vertex 9.25 -16.0215 34.9241
      vertex 7.4416 -11.681 34.9241
    endloop
  endfacet
  facet normal 0 0 1
    outer loop
      vertex 9.25 -16.0215 34.9241
      vertex 9.94004 -15.6027 34.9241
      vertex 7.4416 -11.681 34.9241
    endloop
  endfacet
  facet normal 0 0 1
    outer loop
      vertex 7.4416 -11.681 34.9241
      vertex 9.94004 -15.6027 34.9241
      vertex 7.94403 -11.3453 34.9241
    endloop
  endfacet
  facet normal 0 0 1
    outer loop
      vertex 9.94004 -15.6027 34.9241
      vertex 10.6112 -15.1543 34.9241
      vertex 7.94403 -11.3453 34.9241
    endloop
  endfacet
  facet normal 0 0 1
    outer loop
      vertex 7.94403 -11.3453 34.9241
      vertex 10.6112 -15.1543 34.9241
      vertex 8.43135 -10.9879 34.9241
    endloop
  endfacet
  facet normal 0 0 1
    outer loop
      vertex 10.6112 -15.1543 34.9241
      vertex 11.2621 -14.677 34.9241
      vertex 8.43135 -10.9879 34.9241
    endloop
  endfacet
  facet normal 0 0 1
    outer loop
      vertex 8.43135 -10.9879 34.9241
      vertex 11.2621 -14.677 34.9241
      vertex 8.90261 -10.6097 34.9241
    endloop
  endfacet
  facet normal 0 0 1
    outer loop
      vertex 11.2621 -14.677 34.9241
      vertex 11.8916 -14.1718 34.9241
      vertex 8.90261 -10.6097 34.9241
    endloop
  endfacet
  facet normal 0 0 1
    outer loop
      vertex 8.90261 -10.6097 34.9241
      vertex 11.8916 -14.1718 34.9241
      vertex 9.35692 -10.2113 34.9241
    endloop
  endfacet
  facet normal 0 0 1
    outer loop
      vertex 11.8916 -14.1718 34.9241
      vertex 12.4984 -13.6396 34.9241
      vertex 9.35692 -10.2113 34.9241
    endloop
  endfacet
  facet normal 0 0 1
    outer loop
      vertex 9.35692 -10.2113 34.9241
      vertex 12.4984 -13.6396 34.9241
      vertex 9.79343 -9.79343 34.9241
    endloop
  endfacet
  facet normal 0 0 1
    outer loop
      vertex 12.4984 -13.6396 34.9241
      vertex 13.0815 -13.0815 34.9241
      vertex 9.79343 -9.79343 34.9241
    endloop
  endfacet
  facet normal 0 0 1
    outer loop
      vertex 9.79343 -9.79343 34.9241
      vertex 13.0815 -13.0815 34.9241
      vertex 10.2113 -9.35692 34.9241
    endloop
  endfacet
  facet normal 0 0 1
    outer loop
      vertex 13.0815 -13.0815 34.9241
      vertex 13.6396 -12.4984 34.9241
      vertex 10.2113 -9.35692 34.9241
    endloop
  endfacet
  facet normal 0 0 1
    outer loop
      vertex 10.2113 -9.35692 34.9241
      vertex 13.6396 -12.4984 34.9241
      vertex 10.6097 -8.90261 34.9241
    endloop
  endfacet
  facet normal 0 0 1
    outer loop
      vertex 13.6396 -12.4984 34.9241
      vertex 14.1718 -11.8916 34.9241
      vertex 10.6097 -8.90261 34.9241
    endloop
  endfacet
  facet normal 0 0 1
    outer loop
      vertex 10.6097 -8.90261 34.9241
      vertex 14.1718 -11.8916 34.9241
      vertex 10.9879 -8.43135 34.9241
    endloop
  endfacet
  facet normal 0 0 1
    outer loop
      vertex 14.1718 -11.8916 34.9241
      vertex 14.677 -11.2621 34.9241
      vertex 10.9879 -8.43135 34.9241
    endloop
  endfacet
  facet normal 0 0 1
    outer loop
      vertex 10.9879 -8.43135 34.9241
      vertex 14.677 -11.2621 34.9241
      vertex 11.3453 -7.94403 34.9241
    endloop
  endfacet
  facet normal 0 0 1
    outer loop
      vertex 14.677 -11.2621 34.9241
      vertex 15.1543 -10.6112 34.9241
      vertex 11.3453 -7.94403 34.9241
    endloop
  endfacet
  facet normal 0 0 1
    outer loop
      vertex 11.3453 -7.94403 34.9241
      vertex 15.1543 -10.6112 34.9241
      vertex 11.681 -7.4416 34.9241
    endloop
  endfacet
  facet normal 0 0 1
    outer loop
      vertex 15.1543 -10.6112 34.9241
      vertex 15.6027 -9.94004 34.9241
      vertex 11.681 -7.4416 34.9241
    endloop
  endfacet
  facet normal 0 0 1
    outer loop
      vertex 11.681 -7.4416 34.9241
      vertex 15.6027 -9.94004 34.9241
      vertex 11.9945 -6.925 34.9241
    endloop
  endfacet
  facet normal 0 0 1
    outer loop
      vertex 15.6027 -9.94004 34.9241
      vertex 16.0215 -9.25 34.9241
      vertex 11.9945 -6.925 34.9241
    endloop
  endfacet
  facet normal 0 0 1
    outer loop
      vertex 11.9945 -6.925 34.9241
      vertex 16.0215 -9.25 34.9241
      vertex 12.2851 -6.39522 34.9241
    endloop
  endfacet
  facet normal 0 0 1
    outer loop
      vertex 16.0215 -9.25 34.9241
      vertex 16.4097 -8.54235 34.9241
      vertex 12.2851 -6.39522 34.9241
    endloop
  endfacet
  facet normal 0 0 1
    outer loop
      vertex 12.2851 -6.39522 34.9241
      vertex 16.4097 -8.54235 34.9241
      vertex 12.5524 -5.85326 34.9241
    endloop
  endfacet
  facet normal 0 0 1
    outer loop
      vertex 16.4097 -8.54235 34.9241
      vertex 16.7667 -7.81844 34.9241
      vertex 12.5524 -5.85326 34.9241
    endloop
  endfacet
  facet normal 0 0 1
    outer loop
      vertex 12.5524 -5.85326 34.9241
      vertex 16.7667 -7.81844 34.9241
      vertex 12.7957 -5.30017 34.9241
    endloop
  endfacet
  facet normal 0 0 1
    outer loop
      vertex 16.7667 -7.81844 34.9241
      vertex 17.0918 -7.07964 34.9241
      vertex 12.7957 -5.30017 34.9241
    endloop
  endfacet
  facet normal 0 0 1
    outer loop
      vertex 12.7957 -5.30017 34.9241
      vertex 17.0918 -7.07964 34.9241
      vertex 13.0147 -4.73698 34.9241
    endloop
  endfacet
  facet normal 0 0 1
    outer loop
      vertex 17.0918 -7.07964 34.9241
      vertex 17.3843 -6.32737 34.9241
      vertex 13.0147 -4.73698 34.9241
    endloop
  endfacet
  facet normal 0 0 1
    outer loop
      vertex 13.0147 -4.73698 34.9241
      vertex 17.3843 -6.32737 34.9241
      vertex 13.209 -4.16478 34.9241
    endloop
  endfacet
  facet normal 0 0 1
    outer loop
      vertex 17.3843 -6.32737 34.9241
      vertex 17.6438 -5.56306 34.9241
      vertex 13.209 -4.16478 34.9241
    endloop
  endfacet
  facet normal 0 0 1
    outer loop
      vertex 13.209 -4.16478 34.9241
      vertex 17.6438 -5.56306 34.9241
      vertex 13.3781 -3.58464 34.9241
    endloop
  endfacet
  facet normal 0 0 1
    outer loop
      vertex 17.6438 -5.56306 34.9241
      vertex 17.8696 -4.78815 34.9241
      vertex 13.3781 -3.58464 34.9241
    endloop
  endfacet
  facet normal 0 0 1
    outer loop
      vertex 13.3781 -3.58464 34.9241
      vertex 17.8696 -4.78815 34.9241
      vertex 13.5217 -2.99769 34.9241
    endloop
  endfacet
  facet normal 0 0 1
    outer loop
      vertex 17.8696 -4.78815 34.9241
      vertex 18.0615 -4.00413 34.9241
      vertex 13.5217 -2.99769 34.9241
    endloop
  endfacet
  facet normal 0 0 1
    outer loop
      vertex 13.5217 -2.99769 34.9241
      vertex 18.0615 -4.00413 34.9241
      vertex 13.6396 -2.40503 34.9241
    endloop
  endfacet
  facet normal 0 0 1
    outer loop
      vertex 18.0615 -4.00413 34.9241
      vertex 18.2189 -3.21249 34.9241
      vertex 13.6396 -2.40503 34.9241
    endloop
  endfacet
  facet normal 0 0 1
    outer loop
      vertex 13.6396 -2.40503 34.9241
      vertex 18.2189 -3.21249 34.9241
      vertex 13.7315 -1.80779 34.9241
    endloop
  endfacet
  facet normal 0 0 1
    outer loop
      vertex 18.2189 -3.21249 34.9241
      vertex 18.3417 -2.41473 34.9241
      vertex 13.7315 -1.80779 34.9241
    endloop
  endfacet
  facet normal 0 0 1
    outer loop
      vertex 13.7315 -1.80779 34.9241
      vertex 18.3417 -2.41473 34.9241
      vertex 13.7973 -1.20711 34.9241
    endloop
  endfacet
  facet normal 0 0 1
    outer loop
      vertex 18.3417 -2.41473 34.9241
      vertex 18.4296 -1.61238 34.9241
      vertex 13.7973 -1.20711 34.9241
    endloop
  endfacet
  facet normal 0 0 1
    outer loop
      vertex 13.7973 -1.20711 34.9241
      vertex 18.4296 -1.61238 34.9241
      vertex 13.8368 -0.604129 34.9241
    endloop
  endfacet
  facet normal 0 0 1
    outer loop
      vertex 18.4296 -1.61238 34.9241
      vertex 18.4824 -0.806959 34.9241
      vertex 13.8368 -0.604129 34.9241
    endloop
  endfacet
  facet normal 0 0 1
    outer loop
      vertex 13.8368 -0.604129 34.9241
      vertex 18.4824 -0.806959 34.9241
      vertex 13.85 2.59319e-15 34.9241
    endloop
  endfacet
  facet normal 0 0 1
    outer loop
      vertex 18.4824 -0.806959 34.9241
      vertex 18.5 3.39839e-15 34.9241
      vertex 13.85 2.59319e-15 34.9241
    endloop
  endfacet
  facet normal 0 0 1
    outer loop
      vertex 13.85 2.59319e-15 34.9241
      vertex 18.5 3.39839e-15 34.9241
      vertex 13.8368 0.604129 34.9241
    endloop
  endfacet
  facet normal 0 0 1
    outer loop
      vertex 18.5 3.39839e-15 34.9241
      vertex 18.4824 0.806959 34.9241
      vertex 13.8368 0.604129 34.9241
    endloop
  endfacet
  facet normal 0 0 1
    outer loop
      vertex 13.8368 0.604129 34.9241
      vertex 18.4824 0.806959 34.9241
      vertex 13.7973 1.20711 34.9241
    endloop
  endfacet
  facet normal 0 0 1
    outer loop
      vertex 18.4824 0.806959 34.9241
      vertex 18.4296 1.61238 34.9241
      vertex 13.7973 1.20711 34.9241
    endloop
  endfacet
  facet normal 0 0 1
    outer loop
      vertex 13.7973 1.20711 34.9241
      vertex 18.4296 1.61238 34.9241
      vertex 13.7315 1.80779 34.9241
    endloop
  endfacet
  facet normal 0 0 1
    outer loop
      vertex 18.4296 1.61238 34.9241
      vertex 18.3417 2.41473 34.9241
      vertex 13.7315 1.80779 34.9241
    endloop
  endfacet
  facet normal 0 0 1
    outer loop
      vertex 13.7315 1.80779 34.9241
      vertex 18.3417 2.41473 34.9241
      vertex 13.6396 2.40503 34.9241
    endloop
  endfacet
  facet normal 0 0 1
    outer loop
      vertex 18.3417 2.41473 34.9241
      vertex 18.2189 3.21249 34.9241
      vertex 13.6396 2.40503 34.9241
    endloop
  endfacet
  facet normal 0 0 1
    outer loop
      vertex 13.6396 2.40503 34.9241
      vertex 18.2189 3.21249 34.9241
      vertex 13.5217 2.99769 34.9241
    endloop
  endfacet
  facet normal 0 0 1
    outer loop
      vertex 18.2189 3.21249 34.9241
      vertex 18.0615 4.00413 34.9241
      vertex 13.5217 2.99769 34.9241
    endloop
  endfacet
  facet normal 0 0 1
    outer loop
      vertex 13.5217 2.99769 34.9241
      vertex 18.0615 4.00413 34.9241
      vertex 13.3781 3.58464 34.9241
    endloop
  endfacet
  facet normal 0 0 1
    outer loop
      vertex 18.0615 4.00413 34.9241
      vertex 17.8696 4.78815 34.9241
      vertex 13.3781 3.58464 34.9241
    endloop
  endfacet
  facet normal 0 0 1
    outer loop
      vertex 13.3781 3.58464 34.9241
      vertex 17.8696 4.78815 34.9241
      vertex 13.209 4.16478 34.9241
    endloop
  endfacet
  facet normal 0 0 1
    outer loop
      vertex 17.8696 4.78815 34.9241
      vertex 17.6438 5.56306 34.9241
      vertex 13.209 4.16478 34.9241
    endloop
  endfacet
  facet normal 0 0 1
    outer loop
      vertex 13.209 4.16478 34.9241
      vertex 17.6438 5.56306 34.9241
      vertex 13.0147 4.73698 34.9241
    endloop
  endfacet
  facet normal 0 0 1
    outer loop
      vertex 17.6438 5.56306 34.9241
      vertex 17.3843 6.32737 34.9241
      vertex 13.0147 4.73698 34.9241
    endloop
  endfacet
  facet normal 0 0 1
    outer loop
      vertex 13.0147 4.73698 34.9241
      vertex 17.3843 6.32737 34.9241
      vertex 12.7957 5.30017 34.9241
    endloop
  endfacet
  facet normal 0 0 1
    outer loop
      vertex 17.3843 6.32737 34.9241
      vertex 17.0918 7.07964 34.9241
      vertex 12.7957 5.30017 34.9241
    endloop
  endfacet
  facet normal 0 0 1
    outer loop
      vertex 12.7957 5.30017 34.9241
      vertex 17.0918 7.07964 34.9241
      vertex 12.5524 5.85326 34.9241
    endloop
  endfacet
  facet normal 0 0 1
    outer loop
      vertex 17.0918 7.07964 34.9241
      vertex 16.7667 7.81844 34.9241
      vertex 12.5524 5.85326 34.9241
    endloop
  endfacet
  facet normal 0 0 1
    outer loop
      vertex 12.5524 5.85326 34.9241
      vertex 16.7667 7.81844 34.9241
      vertex 12.2851 6.39522 34.9241
    endloop
  endfacet
  facet normal 0 0 1
    outer loop
      vertex 16.7667 7.81844 34.9241
      vertex 16.4097 8.54235 34.9241
      vertex 12.2851 6.39522 34.9241
    endloop
  endfacet
  facet normal 0 0 1
    outer loop
      vertex 12.2851 6.39522 34.9241
      vertex 16.4097 8.54235 34.9241
      vertex 11.9945 6.925 34.9241
    endloop
  endfacet
  facet normal 0 0 1
    outer loop
      vertex 16.4097 8.54235 34.9241
      vertex 16.0215 9.25 34.9241
      vertex 11.9945 6.925 34.9241
    endloop
  endfacet
  facet normal 0 0 1
    outer loop
      vertex 11.9945 6.925 34.9241
      vertex 16.0215 9.25 34.9241
      vertex 11.681 7.4416 34.9241
    endloop
  endfacet
  facet normal 0 0 1
    outer loop
      vertex 16.0215 9.25 34.9241
      vertex 15.6027 9.94004 34.9241
      vertex 11.681 7.4416 34.9241
    endloop
  endfacet
  facet normal 0 0 1
    outer loop
      vertex 11.681 7.4416 34.9241
      vertex 15.6027 9.94004 34.9241
      vertex 11.3453 7.94403 34.9241
    endloop
  endfacet
  facet normal 0 0 1
    outer loop
      vertex 15.6027 9.94004 34.9241
      vertex 15.1543 10.6112 34.9241
      vertex 11.3453 7.94403 34.9241
    endloop
  endfacet
  facet normal 0 0 1
    outer loop
      vertex 11.3453 7.94403 34.9241
      vertex 15.1543 10.6112 34.9241
      vertex 10.9879 8.43135 34.9241
    endloop
  endfacet
  facet normal 0 0 1
    outer loop
      vertex 15.1543 10.6112 34.9241
      vertex 14.677 11.2621 34.9241
      vertex 10.9879 8.43135 34.9241
    endloop
  endfacet
  facet normal 0 0 1
    outer loop
      vertex 10.9879 8.43135 34.9241
      vertex 14.677 11.2621 34.9241
      vertex 10.6097 8.90261 34.9241
    endloop
  endfacet
  facet normal 0 0 1
    outer loop
      vertex 14.677 11.2621 34.9241
      vertex 14.1718 11.8916 34.9241
      vertex 10.6097 8.90261 34.9241
    endloop
  endfacet
  facet normal 0 0 1
    outer loop
      vertex 10.6097 8.90261 34.9241
      vertex 14.1718 11.8916 34.9241
      vertex 10.2113 9.35692 34.9241
    endloop
  endfacet
  facet normal 0 0 1
    outer loop
      vertex 14.1718 11.8916 34.9241
      vertex 13.6396 12.4984 34.9241
      vertex 10.2113 9.35692 34.9241
    endloop
  endfacet
  facet normal 0 0 1
    outer loop
      vertex 10.2113 9.35692 34.9241
      vertex 13.6396 12.4984 34.9241
      vertex 9.79343 9.79343 34.9241
    endloop
  endfacet
  facet normal 0 0 1
    outer loop
      vertex 13.6396 12.4984 34.9241
      vertex 13.0815 13.0815 34.9241
      vertex 9.79343 9.79343 34.9241
    endloop
  endfacet
  facet normal 0 0 1
    outer loop
      vertex 9.79343 9.79343 34.9241
      vertex 13.0815 13.0815 34.9241
      vertex 9.35692 10.2113 34.9241
    endloop
  endfacet
  facet normal 0 0 1
    outer loop
      vertex 13.0815 13.0815 34.9241
      vertex 12.4984 13.6396 34.9241
      vertex 9.35692 10.2113 34.9241
    endloop
  endfacet
  facet normal 0 0 1
    outer loop
      vertex 9.35692 10.2113 34.9241
      vertex 12.4984 13.6396 34.9241
      vertex 8.90261 10.6097 34.9241
    endloop
  endfacet
  facet normal 0 0 1
    outer loop
      vertex 12.4984 13.6396 34.9241
      vertex 11.8916 14.1718 34.9241
      vertex 8.90261 10.6097 34.9241
    endloop
  endfacet
  facet normal 0 0 1
    outer loop
      vertex 8.90261 10.6097 34.9241
      vertex 11.8916 14.1718 34.9241
      vertex 8.43135 10.9879 34.9241
    endloop
  endfacet
  facet normal 0 0 1
    outer loop
      vertex 11.8916 14.1718 34.9241
      vertex 11.2621 14.677 34.9241
      vertex 8.43135 10.9879 34.9241
    endloop
  endfacet
  facet normal 0 0 1
    outer loop
      vertex 8.43135 10.9879 34.9241
      vertex 11.2621 14.677 34.9241
      vertex 7.94403 11.3453 34.9241
    endloop
  endfacet
  facet normal 0 0 1
    outer loop
      vertex 11.2621 14.677 34.9241
      vertex 10.6112 15.1543 34.9241
      vertex 7.94403 11.3453 34.9241
    endloop
  endfacet
  facet normal 0 0 1
    outer loop
      vertex 7.94403 11.3453 34.9241
      vertex 10.6112 15.1543 34.9241
      vertex 7.4416 11.681 34.9241
    endloop
  endfacet
  facet normal 0 0 1
    outer loop
      vertex 10.6112 15.1543 34.9241
      vertex 9.94004 15.6027 34.9241
      vertex 7.4416 11.681 34.9241
    endloop
  endfacet
  facet normal 0 0 1
    outer loop
      vertex 7.4416 11.681 34.9241
      vertex 9.94004 15.6027 34.9241
      vertex 6.925 11.9945 34.9241
    endloop
  endfacet
  facet normal 0 0 1
    outer loop
      vertex 9.94004 15.6027 34.9241
      vertex 9.25 16.0215 34.9241
      vertex 6.925 11.9945 34.9241
    endloop
  endfacet
  facet normal 0 0 1
    outer loop
      vertex 6.925 11.9945 34.9241
      vertex 9.25 16.0215 34.9241
      vertex 6.39522 12.2851 34.9241
    endloop
  endfacet
  facet normal 0 0 1
    outer loop
      vertex 9.25 16.0215 34.9241
      vertex 8.54235 16.4097 34.9241
      vertex 6.39522 12.2851 34.9241
    endloop
  endfacet
  facet normal 0 0 1
    outer loop
      vertex 6.39522 12.2851 34.9241
      vertex 8.54235 16.4097 34.9241
      vertex 5.85326 12.5524 34.9241
    endloop
  endfacet
  facet normal 0 0 1
    outer loop
      vertex 8.54235 16.4097 34.9241
      vertex 7.81844 16.7667 34.9241
      vertex 5.85326 12.5524 34.9241
    endloop
  endfacet
  facet normal 0 0 1
    outer loop
      vertex 5.85326 12.5524 34.9241
      vertex 7.81844 16.7667 34.9241
      vertex 5.30017 12.7957 34.9241
    endloop
  endfacet
  facet normal 0 0 1
    outer loop
      vertex 7.81844 16.7667 34.9241
      vertex 7.07964 17.0918 34.9241
      vertex 5.30017 12.7957 34.9241
    endloop
  endfacet
  facet normal 0 0 1
    outer loop
      vertex 5.30017 12.7957 34.9241
      vertex 7.07964 17.0918 34.9241
      vertex 4.73698 13.0147 34.9241
    endloop
  endfacet
  facet normal 0 0 1
    outer loop
      vertex 7.07964 17.0918 34.9241
      vertex 6.32737 17.3843 34.9241
      vertex 4.73698 13.0147 34.9241
    endloop
  endfacet
  facet normal 0 0 1
    outer loop
      vertex 4.73698 13.0147 34.9241
      vertex 6.32737 17.3843 34.9241
      vertex 4.16478 13.209 34.9241
    endloop
  endfacet
  facet normal 0 0 1
    outer loop
      vertex 6.32737 17.3843 34.9241
      vertex 5.56306 17.6438 34.9241
      vertex 4.16478 13.209 34.9241
    endloop
  endfacet
  facet normal 0 0 1
    outer loop
      vertex 4.16478 13.209 34.9241
      vertex 5.56306 17.6438 34.9241
      vertex 3.58464 13.3781 34.9241
    endloop
  endfacet
  facet normal 0 0 1
    outer loop
      vertex 5.56306 17.6438 34.9241
      vertex 4.78815 17.8696 34.9241
      vertex 3.58464 13.3781 34.9241
    endloop
  endfacet
  facet normal 0 0 1
    outer loop
      vertex 3.58464 13.3781 34.9241
      vertex 4.78815 17.8696 34.9241
      vertex 2.99769 13.5217 34.9241
    endloop
  endfacet
  facet normal 0 0 1
    outer loop
      vertex 4.78815 17.8696 34.9241
      vertex 4.00413 18.0615 34.9241
      vertex 2.99769 13.5217 34.9241
    endloop
  endfacet
  facet normal 0 0 1
    outer loop
      vertex 2.99769 13.5217 34.9241
      vertex 4.00413 18.0615 34.9241
      vertex 2.40503 13.6396 34.9241
    endloop
  endfacet
  facet normal 0 0 1
    outer loop
      vertex 4.00413 18.0615 34.9241
      vertex 3.21249 18.2189 34.9241
      vertex 2.40503 13.6396 34.9241
    endloop
  endfacet
  facet normal 0 0 1
    outer loop
      vertex 2.40503 13.6396 34.9241
      vertex 3.21249 18.2189 34.9241
      vertex 1.80779 13.7315 34.9241
    endloop
  endfacet
  facet normal 0 0 1
    outer loop
      vertex 3.21249 18.2189 34.9241
      vertex 2.41473 18.3417 34.9241
      vertex 1.80779 13.7315 34.9241
    endloop
  endfacet
  facet normal 0 0 1
    outer loop
      vertex 1.80779 13.7315 34.9241
      vertex 2.41473 18.3417 34.9241
      vertex 1.20711 13.7973 34.9241
    endloop
  endfacet
  facet normal 0 0 1
    outer loop
      vertex 2.41473 18.3417 34.9241
      vertex 1.61238 18.4296 34.9241
      vertex 1.20711 13.7973 34.9241
    endloop
  endfacet
  facet normal 0 0 1
    outer loop
      vertex 1.20711 13.7973 34.9241
      vertex 1.61238 18.4296 34.9241
      vertex 0.604129 13.8368 34.9241
    endloop
  endfacet
  facet normal 0 0 1
    outer loop
      vertex 1.61238 18.4296 34.9241
      vertex 0.806959 18.4824 34.9241
      vertex 0.604129 13.8368 34.9241
    endloop
  endfacet
  facet normal 0 0 1
    outer loop
      vertex 0.604129 13.8368 34.9241
      vertex 0.806959 18.4824 34.9241
      vertex -8.48068e-16 13.85 34.9241
    endloop
  endfacet
  facet normal 0 0 1
    outer loop
      vertex 0.806959 18.4824 34.9241
      vertex -1.1328e-15 18.5 34.9241
      vertex -8.48068e-16 13.85 34.9241
    endloop
  endfacet
  facet normal 0 0 1
    outer loop
      vertex -8.48068e-16 13.85 34.9241
      vertex -1.1328e-15 18.5 34.9241
      vertex -0.604129 13.8368 34.9241
    endloop
  endfacet
  facet normal 0 0 1
    outer loop
      vertex -1.1328e-15 18.5 34.9241
      vertex -0.806959 18.4824 34.9241
      vertex -0.604129 13.8368 34.9241
    endloop
  endfacet
  facet normal 0 0 1
    outer loop
      vertex -0.604129 13.8368 34.9241
      vertex -0.806959 18.4824 34.9241
      vertex -1.20711 13.7973 34.9241
    endloop
  endfacet
  facet normal 0 0 1
    outer loop
      vertex -0.806959 18.4824 34.9241
      vertex -1.61238 18.4296 34.9241
      vertex -1.20711 13.7973 34.9241
    endloop
  endfacet
  facet normal 0 0 1
    outer loop
      vertex -1.20711 13.7973 34.9241
      vertex -1.61238 18.4296 34.9241
      vertex -1.80779 13.7315 34.9241
    endloop
  endfacet
  facet normal 0 0 1
    outer loop
      vertex -1.61238 18.4296 34.9241
      vertex -2.41473 18.3417 34.9241
      vertex -1.80779 13.7315 34.9241
    endloop
  endfacet
  facet normal 0 0 1
    outer loop
      vertex -1.80779 13.7315 34.9241
      vertex -2.41473 18.3417 34.9241
      vertex -2.40503 13.6396 34.9241
    endloop
  endfacet
  facet normal 0 0 1
    outer loop
      vertex -2.41473 18.3417 34.9241
      vertex -3.21249 18.2189 34.9241
      vertex -2.40503 13.6396 34.9241
    endloop
  endfacet
  facet normal 0 0 1
    outer loop
      vertex -2.40503 13.6396 34.9241
      vertex -3.21249 18.2189 34.9241
      vertex -2.99769 13.5217 34.9241
    endloop
  endfacet
  facet normal 0 0 1
    outer loop
      vertex -3.21249 18.2189 34.9241
      vertex -4.00413 18.0615 34.9241
      vertex -2.99769 13.5217 34.9241
    endloop
  endfacet
  facet normal 0 0 1
    outer loop
      vertex -2.99769 13.5217 34.9241
      vertex -4.00413 18.0615 34.9241
      vertex -3.58464 13.3781 34.9241
    endloop
  endfacet
  facet normal 0 0 1
    outer loop
      vertex -4.00413 18.0615 34.9241
      vertex -4.78815 17.8696 34.9241
      vertex -3.58464 13.3781 34.9241
    endloop
  endfacet
  facet normal 0 0 1
    outer loop
      vertex -3.58464 13.3781 34.9241
      vertex -4.78815 17.8696 34.9241
      vertex -4.16478 13.209 34.9241
    endloop
  endfacet
  facet normal 0 0 1
    outer loop
      vertex -4.78815 17.8696 34.9241
      vertex -5.56306 17.6438 34.9241
      vertex -4.16478 13.209 34.9241
    endloop
  endfacet
  facet normal 0 0 1
    outer loop
      vertex -4.16478 13.209 34.9241
      vertex -5.56306 17.6438 34.9241
      vertex -4.73698 13.0147 34.9241
    endloop
  endfacet
  facet normal 0 0 1
    outer loop
      vertex -5.56306 17.6438 34.9241
      vertex -6.32737 17.3843 34.9241
      vertex -4.73698 13.0147 34.9241
    endloop
  endfacet
  facet normal 0 0 1
    outer loop
      vertex -4.73698 13.0147 34.9241
      vertex -6.32737 17.3843 34.9241
      vertex -5.30017 12.7957 34.9241
    endloop
  endfacet
  facet normal 0 0 1
    outer loop
      vertex -6.32737 17.3843 34.9241
      vertex -7.07964 17.0918 34.9241
      vertex -5.30017 12.7957 34.9241
    endloop
  endfacet
  facet normal 0 0 1
    outer loop
      vertex -5.30017 12.7957 34.9241
      vertex -7.07964 17.0918 34.9241
      vertex -5.85326 12.5524 34.9241
    endloop
  endfacet
  facet normal 0 0 1
    outer loop
      vertex -7.07964 17.0918 34.9241
      vertex -7.81844 16.7667 34.9241
      vertex -5.85326 12.5524 34.9241
    endloop
  endfacet
  facet normal 0 0 1
    outer loop
      vertex -5.85326 12.5524 34.9241
      vertex -7.81844 16.7667 34.9241
      vertex -6.39522 12.2851 34.9241
    endloop
  endfacet
  facet normal 0 0 1
    outer loop
      vertex -7.81844 16.7667 34.9241
      vertex -8.54235 16.4097 34.9241
      vertex -6.39522 12.2851 34.9241
    endloop
  endfacet
  facet normal 0 0 1
    outer loop
      vertex -6.39522 12.2851 34.9241
      vertex -8.54235 16.4097 34.9241
      vertex -6.925 11.9945 34.9241
    endloop
  endfacet
  facet normal 0 0 1
    outer loop
      vertex -8.54235 16.4097 34.9241
      vertex -9.25 16.0215 34.9241
      vertex -6.925 11.9945 34.9241
    endloop
  endfacet
  facet normal 0 0 1
    outer loop
      vertex -6.925 11.9945 34.9241
      vertex -9.25 16.0215 34.9241
      vertex -7.4416 11.681 34.9241
    endloop
  endfacet
  facet normal 0 0 1
    outer loop
      vertex -9.25 16.0215 34.9241
      vertex -9.94004 15.6027 34.9241
      vertex -7.4416 11.681 34.9241
    endloop
  endfacet
  facet normal 0 0 1
    outer loop
      vertex -7.4416 11.681 34.9241
      vertex -9.94004 15.6027 34.9241
      vertex -7.94403 11.3453 34.9241
    endloop
  endfacet
  facet normal 0 0 1
    outer loop
      vertex -9.94004 15.6027 34.9241
      vertex -10.6112 15.1543 34.9241
      vertex -7.94403 11.3453 34.9241
    endloop
  endfacet
  facet normal 0 0 1
    outer loop
      vertex -7.94403 11.3453 34.9241
      vertex -10.6112 15.1543 34.9241
      vertex -8.43135 10.9879 34.9241
    endloop
  endfacet
  facet normal 0 0 1
    outer loop
      vertex -10.6112 15.1543 34.9241
      vertex -11.2621 14.677 34.9241
      vertex -8.43135 10.9879 34.9241
    endloop
  endfacet
  facet normal 0 0 1
    outer loop
      vertex -8.43135 10.9879 34.9241
      vertex -11.2621 14.677 34.9241
      vertex -8.90261 10.6097 34.9241
    endloop
  endfacet
  facet normal 0 0 1
    outer loop
      vertex -11.2621 14.677 34.9241
      vertex -11.8916 14.1718 34.9241
      vertex -8.90261 10.6097 34.9241
    endloop
  endfacet
  facet normal 0 0 1
    outer loop
      vertex -8.90261 10.6097 34.9241
      vertex -11.8916 14.1718 34.9241
      vertex -9.35692 10.2113 34.9241
    endloop
  endfacet
  facet normal 0 0 1
    outer loop
      vertex -11.8916 14.1718 34.9241
      vertex -12.4984 13.6396 34.9241
      vertex -9.35692 10.2113 34.9241
    endloop
  endfacet
  facet normal 0 0 1
    outer loop
      vertex -9.35692 10.2113 34.9241
      vertex -12.4984 13.6396 34.9241
      vertex -9.79343 9.79343 34.9241
    endloop
  endfacet
  facet normal 0 0 1
    outer loop
      vertex -12.4984 13.6396 34.9241
      vertex -13.0815 13.0815 34.9241
      vertex -9.79343 9.79343 34.9241
    endloop
  endfacet
  facet normal 0 0 1
    outer loop
      vertex -9.79343 9.79343 34.9241
      vertex -13.0815 13.0815 34.9241
      vertex -10.2113 9.35692 34.9241
    endloop
  endfacet
  facet normal 0 0 1
    outer loop
      vertex -13.0815 13.0815 34.9241
      vertex -13.6396 12.4984 34.9241
      vertex -10.2113 9.35692 34.9241
    endloop
  endfacet
  facet normal 0 0 1
    outer loop
      vertex -10.2113 9.35692 34.9241
      vertex -13.6396 12.4984 34.9241
      vertex -10.6097 8.90261 34.9241
    endloop
  endfacet
  facet normal 0 0 1
    outer loop
      vertex -13.6396 12.4984 34.9241
      vertex -14.1718 11.8916 34.9241
      vertex -10.6097 8.90261 34.9241
    endloop
  endfacet
  facet normal 0 0 1
    outer loop
      vertex -10.6097 8.90261 34.9241
      vertex -14.1718 11.8916 34.9241
      vertex -10.9879 8.43135 34.9241
    endloop
  endfacet
  facet normal 0 0 1
    outer loop
      vertex -14.1718 11.8916 34.9241
      vertex -14.677 11.2621 34.9241
      vertex -10.9879 8.43135 34.9241
    endloop
  endfacet
  facet normal 0 0 1
    outer loop
      vertex -10.9879 8.43135 34.9241
      vertex -14.677 11.2621 34.9241
      vertex -11.3453 7.94403 34.9241
    endloop
  endfacet
  facet normal 0 0 1
    outer loop
      vertex -14.677 11.2621 34.9241
      vertex -15.1543 10.6112 34.9241
      vertex -11.3453 7.94403 34.9241
    endloop
  endfacet
  facet normal 0 0 1
    outer loop
      vertex -11.3453 7.94403 34.9241
      vertex -15.1543 10.6112 34.9241
      vertex -11.681 7.4416 34.9241
    endloop
  endfacet
  facet normal 0 0 1
    outer loop
      vertex -15.1543 10.6112 34.9241
      vertex -15.6027 9.94004 34.9241
      vertex -11.681 7.4416 34.9241
    endloop
  endfacet
  facet normal 0 0 1
    outer loop
      vertex -11.681 7.4416 34.9241
      vertex -15.6027 9.94004 34.9241
      vertex -11.9945 6.925 34.9241
    endloop
  endfacet
  facet normal 0 0 1
    outer loop
      vertex -15.6027 9.94004 34.9241
      vertex -16.0215 9.25 34.9241
      vertex -11.9945 6.925 34.9241
    endloop
  endfacet
  facet normal 0 0 1
    outer loop
      vertex -11.9945 6.925 34.9241
      vertex -16.0215 9.25 34.9241
      vertex -12.2851 6.39522 34.9241
    endloop
  endfacet
  facet normal 0 0 1
    outer loop
      vertex -16.0215 9.25 34.9241
      vertex -16.4097 8.54235 34.9241
      vertex -12.2851 6.39522 34.9241
    endloop
  endfacet
  facet normal 0 0 1
    outer loop
      vertex -12.2851 6.39522 34.9241
      vertex -16.4097 8.54235 34.9241
      vertex -12.5524 5.85326 34.9241
    endloop
  endfacet
  facet normal 0 0 1
    outer loop
      vertex -16.4097 8.54235 34.9241
      vertex -16.7667 7.81844 34.9241
      vertex -12.5524 5.85326 34.9241
    endloop
  endfacet
  facet normal 0 0 1
    outer loop
      vertex -12.5524 5.85326 34.9241
      vertex -16.7667 7.81844 34.9241
      vertex -12.7957 5.30017 34.9241
    endloop
  endfacet
  facet normal 0 0 1
    outer loop
      vertex -16.7667 7.81844 34.9241
      vertex -17.0918 7.07964 34.9241
      vertex -12.7957 5.30017 34.9241
    endloop
  endfacet
  facet normal 0 0 1
    outer loop
      vertex -12.7957 5.30017 34.9241
      vertex -17.0918 7.07964 34.9241
      vertex -13.0147 4.73698 34.9241
    endloop
  endfacet
  facet normal 0 0 1
    outer loop
      vertex -17.0918 7.07964 34.9241
      vertex -17.3843 6.32737 34.9241
      vertex -13.0147 4.73698 34.9241
    endloop
  endfacet
  facet normal 0 0 1
    outer loop
      vertex -13.0147 4.73698 34.9241
      vertex -17.3843 6.32737 34.9241
      vertex -13.209 4.16478 34.9241
    endloop
  endfacet
  facet normal 0 0 1
    outer loop
      vertex -17.3843 6.32737 34.9241
      vertex -17.6438 5.56306 34.9241
      vertex -13.209 4.16478 34.9241
    endloop
  endfacet
  facet normal 0 0 1
    outer loop
      vertex -13.209 4.16478 34.9241
      vertex -17.6438 5.56306 34.9241
      vertex -13.3781 3.58464 34.9241
    endloop
  endfacet
  facet normal 0 0 1
    outer loop
      vertex -17.6438 5.56306 34.9241
      vertex -17.8696 4.78815 34.9241
      vertex -13.3781 3.58464 34.9241
    endloop
  endfacet
  facet normal 0 0 1
    outer loop
      vertex -13.3781 3.58464 34.9241
      vertex -17.8696 4.78815 34.9241
      vertex -13.5217 2.99769 34.9241
    endloop
  endfacet
  facet normal 0 0 1
    outer loop
      vertex -17.8696 4.78815 34.9241
      vertex -18.0615 4.00413 34.9241
      vertex -13.5217 2.99769 34.9241
    endloop
  endfacet
  facet normal 0 0 1
    outer loop
      vertex -13.5217 2.99769 34.9241
      vertex -18.0615 4.00413 34.9241
      vertex -13.6396 2.40503 34.9241
    endloop
  endfacet
  facet normal 0 0 1
    outer loop
      vertex -18.0615 4.00413 34.9241
      vertex -18.2189 3.21249 34.9241
      vertex -13.6396 2.40503 34.9241
    endloop
  endfacet
  facet normal 0 0 1
    outer loop
      vertex -13.6396 2.40503 34.9241
      vertex -18.2189 3.21249 34.9241
      vertex -13.7315 1.80779 34.9241
    endloop
  endfacet
  facet normal 0 0 1
    outer loop
      vertex -18.2189 3.21249 34.9241
      vertex -18.3417 2.41473 34.9241
      vertex -13.7315 1.80779 34.9241
    endloop
  endfacet
  facet normal 0 0 1
    outer loop
      vertex -13.7315 1.80779 34.9241
      vertex -18.3417 2.41473 34.9241
      vertex -13.7973 1.20711 34.9241
    endloop
  endfacet
  facet normal 0 0 1
    outer loop
      vertex -18.3417 2.41473 34.9241
      vertex -18.4296 1.61238 34.9241
      vertex -13.7973 1.20711 34.9241
    endloop
  endfacet
  facet normal 0 0 1
    outer loop
      vertex -13.7973 1.20711 34.9241
      vertex -18.4296 1.61238 34.9241
      vertex -13.8368 0.604129 34.9241
    endloop
  endfacet
  facet normal 0 0 1
    outer loop
      vertex -18.4296 1.61238 34.9241
      vertex -18.4824 0.806959 34.9241
      vertex -13.8368 0.604129 34.9241
    endloop
  endfacet
  facet normal 0 0 1
    outer loop
      vertex -13.8368 0.604129 34.9241
      vertex -18.4824 0.806959 34.9241
      vertex -13.85 8.97054e-16 34.9241
    endloop
  endfacet
  facet normal 0 0 1
    outer loop
      vertex -18.4824 0.806959 34.9241
      vertex -18.5 -3.39839e-15 34.9241
      vertex -13.85 8.97054e-16 34.9241
    endloop
  endfacet
  facet normal 0 0 1
    outer loop
      vertex -13.85 8.97054e-16 34.9241
      vertex -18.5 -3.39839e-15 34.9241
      vertex -13.8368 -0.604129 34.9241
    endloop
  endfacet
  facet normal 0 0 1
    outer loop
      vertex -18.5 -3.39839e-15 34.9241
      vertex -18.4824 -0.806959 34.9241
      vertex -13.8368 -0.604129 34.9241
    endloop
  endfacet
  facet normal 0 0 1
    outer loop
      vertex -13.8368 -0.604129 34.9241
      vertex -18.4824 -0.806959 34.9241
      vertex -13.7973 -1.20711 34.9241
    endloop
  endfacet
  facet normal 0 0 1
    outer loop
      vertex -18.4824 -0.806959 34.9241
      vertex -18.4296 -1.61238 34.9241
      vertex -13.7973 -1.20711 34.9241
    endloop
  endfacet
  facet normal 0 0 1
    outer loop
      vertex -13.7973 -1.20711 34.9241
      vertex -18.4296 -1.61238 34.9241
      vertex -13.7315 -1.80779 34.9241
    endloop
  endfacet
  facet normal 0 0 1
    outer loop
      vertex -18.4296 -1.61238 34.9241
      vertex -18.3417 -2.41473 34.9241
      vertex -13.7315 -1.80779 34.9241
    endloop
  endfacet
  facet normal 0 0 1
    outer loop
      vertex -13.7315 -1.80779 34.9241
      vertex -18.3417 -2.41473 34.9241
      vertex -13.6396 -2.40503 34.9241
    endloop
  endfacet
  facet normal 0 0 1
    outer loop
      vertex -18.3417 -2.41473 34.9241
      vertex -18.2189 -3.21249 34.9241
      vertex -13.6396 -2.40503 34.9241
    endloop
  endfacet
  facet normal 0 0 1
    outer loop
      vertex -13.6396 -2.40503 34.9241
      vertex -18.2189 -3.21249 34.9241
      vertex -13.5217 -2.99769 34.9241
    endloop
  endfacet
  facet normal 0 0 1
    outer loop
      vertex -18.2189 -3.21249 34.9241
      vertex -18.0615 -4.00413 34.9241
      vertex -13.5217 -2.99769 34.9241
    endloop
  endfacet
  facet normal 0 0 1
    outer loop
      vertex -13.5217 -2.99769 34.9241
      vertex -18.0615 -4.00413 34.9241
      vertex -13.3781 -3.58464 34.9241
    endloop
  endfacet
  facet normal 0 0 1
    outer loop
      vertex -18.0615 -4.00413 34.9241
      vertex -17.8696 -4.78815 34.9241
      vertex -13.3781 -3.58464 34.9241
    endloop
  endfacet
  facet normal 0 0 1
    outer loop
      vertex -13.3781 -3.58464 34.9241
      vertex -17.8696 -4.78815 34.9241
      vertex -13.209 -4.16478 34.9241
    endloop
  endfacet
  facet normal 0 0 1
    outer loop
      vertex -17.8696 -4.78815 34.9241
      vertex -17.6438 -5.56306 34.9241
      vertex -13.209 -4.16478 34.9241
    endloop
  endfacet
  facet normal 0 0 1
    outer loop
      vertex -13.209 -4.16478 34.9241
      vertex -17.6438 -5.56306 34.9241
      vertex -13.0147 -4.73698 34.9241
    endloop
  endfacet
  facet normal 0 0 1
    outer loop
      vertex -17.6438 -5.56306 34.9241
      vertex -17.3843 -6.32737 34.9241
      vertex -13.0147 -4.73698 34.9241
    endloop
  endfacet
  facet normal 0 0 1
    outer loop
      vertex -13.0147 -4.73698 34.9241
      vertex -17.3843 -6.32737 34.9241
      vertex -12.7957 -5.30017 34.9241
    endloop
  endfacet
  facet normal 0 0 1
    outer loop
      vertex -17.3843 -6.32737 34.9241
      vertex -17.0918 -7.07964 34.9241
      vertex -12.7957 -5.30017 34.9241
    endloop
  endfacet
  facet normal 0 0 1
    outer loop
      vertex -12.7957 -5.30017 34.9241
      vertex -17.0918 -7.07964 34.9241
      vertex -12.5524 -5.85326 34.9241
    endloop
  endfacet
  facet normal 0 0 1
    outer loop
      vertex -17.0918 -7.07964 34.9241
      vertex -16.7667 -7.81844 34.9241
      vertex -12.5524 -5.85326 34.9241
    endloop
  endfacet
  facet normal 0 0 1
    outer loop
      vertex -12.5524 -5.85326 34.9241
      vertex -16.7667 -7.81844 34.9241
      vertex -12.2851 -6.39522 34.9241
    endloop
  endfacet
  facet normal 0 0 1
    outer loop
      vertex -16.7667 -7.81844 34.9241
      vertex -16.4097 -8.54235 34.9241
      vertex -12.2851 -6.39522 34.9241
    endloop
  endfacet
  facet normal 0 0 1
    outer loop
      vertex -12.2851 -6.39522 34.9241
      vertex -16.4097 -8.54235 34.9241
      vertex -11.9945 -6.925 34.9241
    endloop
  endfacet
  facet normal 0 0 1
    outer loop
      vertex -16.4097 -8.54235 34.9241
      vertex -16.0215 -9.25 34.9241
      vertex -11.9945 -6.925 34.9241
    endloop
  endfacet
  facet normal 0 0 1
    outer loop
      vertex -11.9945 -6.925 34.9241
      vertex -16.0215 -9.25 34.9241
      vertex -11.681 -7.4416 34.9241
    endloop
  endfacet
  facet normal 0 0 1
    outer loop
      vertex -16.0215 -9.25 34.9241
      vertex -15.6027 -9.94004 34.9241
      vertex -11.681 -7.4416 34.9241
    endloop
  endfacet
  facet normal 0 0 1
    outer loop
      vertex -11.681 -7.4416 34.9241
      vertex -15.6027 -9.94004 34.9241
      vertex -11.3453 -7.94403 34.9241
    endloop
  endfacet
  facet normal 0 0 1
    outer loop
      vertex -15.6027 -9.94004 34.9241
      vertex -15.1543 -10.6112 34.9241
      vertex -11.3453 -7.94403 34.9241
    endloop
  endfacet
  facet normal 0 0 1
    outer loop
      vertex -11.3453 -7.94403 34.9241
      vertex -15.1543 -10.6112 34.9241
      vertex -10.9879 -8.43135 34.9241
    endloop
  endfacet
  facet normal 0 0 1
    outer loop
      vertex -15.1543 -10.6112 34.9241
      vertex -14.677 -11.2621 34.9241
      vertex -10.9879 -8.43135 34.9241
    endloop
  endfacet
  facet normal 0 0 1
    outer loop
      vertex -10.9879 -8.43135 34.9241
      vertex -14.677 -11.2621 34.9241
      vertex -10.6097 -8.90261 34.9241
    endloop
  endfacet
  facet normal 0 0 1
    outer loop
      vertex -14.677 -11.2621 34.9241
      vertex -14.1718 -11.8916 34.9241
      vertex -10.6097 -8.90261 34.9241
    endloop
  endfacet
  facet normal 0 0 1
    outer loop
      vertex -10.6097 -8.90261 34.9241
      vertex -14.1718 -11.8916 34.9241
      vertex -10.2113 -9.35692 34.9241
    endloop
  endfacet
  facet normal 0 0 1
    outer loop
      vertex -14.1718 -11.8916 34.9241
      vertex -13.6396 -12.4984 34.9241
      vertex -10.2113 -9.35692 34.9241
    endloop
  endfacet
  facet normal 0 0 1
    outer loop
      vertex -10.2113 -9.35692 34.9241
      vertex -13.6396 -12.4984 34.9241
      vertex -9.79343 -9.79343 34.9241
    endloop
  endfacet
  facet normal 0 0 1
    outer loop
      vertex -13.6396 -12.4984 34.9241
      vertex -13.0815 -13.0815 34.9241
      vertex -9.79343 -9.79343 34.9241
    endloop
  endfacet
  facet normal 0 0 1
    outer loop
      vertex -9.79343 -9.79343 34.9241
      vertex -13.0815 -13.0815 34.9241
      vertex -9.35692 -10.2113 34.9241
    endloop
  endfacet
  facet normal 0 0 1
    outer loop
      vertex -13.0815 -13.0815 34.9241
      vertex -12.4984 -13.6396 34.9241
      vertex -9.35692 -10.2113 34.9241
    endloop
  endfacet
  facet normal 0 0 1
    outer loop
      vertex -9.35692 -10.2113 34.9241
      vertex -12.4984 -13.6396 34.9241
      vertex -8.90261 -10.6097 34.9241
    endloop
  endfacet
  facet normal 0 0 1
    outer loop
      vertex -12.4984 -13.6396 34.9241
      vertex -11.8916 -14.1718 34.9241
      vertex -8.90261 -10.6097 34.9241
    endloop
  endfacet
  facet normal 0 0 1
    outer loop
      vertex -8.90261 -10.6097 34.9241
      vertex -11.8916 -14.1718 34.9241
      vertex -8.43135 -10.9879 34.9241
    endloop
  endfacet
  facet normal 0 0 1
    outer loop
      vertex -11.8916 -14.1718 34.9241
      vertex -11.2621 -14.677 34.9241
      vertex -8.43135 -10.9879 34.9241
    endloop
  endfacet
  facet normal 0 0 1
    outer loop
      vertex -8.43135 -10.9879 34.9241
      vertex -11.2621 -14.677 34.9241
      vertex -7.94403 -11.3453 34.9241
    endloop
  endfacet
  facet normal 0 0 1
    outer loop
      vertex -11.2621 -14.677 34.9241
      vertex -10.6112 -15.1543 34.9241
      vertex -7.94403 -11.3453 34.9241
    endloop
  endfacet
  facet normal 0 0 1
    outer loop
      vertex -7.94403 -11.3453 34.9241
      vertex -10.6112 -15.1543 34.9241
      vertex -7.4416 -11.681 34.9241
    endloop
  endfacet
  facet normal 0 0 1
    outer loop
      vertex -10.6112 -15.1543 34.9241
      vertex -9.94004 -15.6027 34.9241
      vertex -7.4416 -11.681 34.9241
    endloop
  endfacet
  facet normal 0 0 1
    outer loop
      vertex -7.4416 -11.681 34.9241
      vertex -9.94004 -15.6027 34.9241
      vertex -6.925 -11.9945 34.9241
    endloop
  endfacet
  facet normal 0 0 1
    outer loop
      vertex -9.94004 -15.6027 34.9241
      vertex -9.25 -16.0215 34.9241
      vertex -6.925 -11.9945 34.9241
    endloop
  endfacet
  facet normal 0.962238 -0.272208 0
    outer loop
      vertex 20.6049 -6.13917 185
      vertex 20.6049 -6.13917 178
      vertex 20.7674 -5.56461 210
    endloop
  endfacet
  facet normal 0.956071 -0.293134 0.000521035
    outer loop
      vertex 20.6049 -6.13917 185
      vertex 20.7674 -5.56461 210
      vertex 20.5049 -6.46517 185
    endloop
  endfacet
  facet normal 0.96005 -0.27983 0
    outer loop
      vertex 20.7674 -5.56461 210
      vertex 20.5049 -6.46517 210
      vertex 20.5049 -6.46517 185
    endloop
  endfacet
  facet normal 0.94693 -0.32144 0
    outer loop
      vertex 20.5049 -6.46517 210
      vertex 20.2034 -7.35343 210
      vertex 20.5049 -6.46517 185
    endloop
  endfacet
  facet normal 0.94693 -0.32144 0
    outer loop
      vertex 20.5049 -6.46517 185
      vertex 20.2034 -7.35343 210
      vertex 20.2034 -7.35343 185
    endloop
  endfacet
  facet normal 0.932008 -0.362438 0
    outer loop
      vertex 20.2034 -7.35343 210
      vertex 19.8634 -8.22769 210
      vertex 20.2034 -7.35343 185
    endloop
  endfacet
  facet normal 0.932008 -0.362438 0
    outer loop
      vertex 20.2034 -7.35343 185
      vertex 19.8634 -8.22769 210
      vertex 19.8634 -8.22769 185
    endloop
  endfacet
  facet normal 0.915311 -0.402747 0
    outer loop
      vertex 19.8634 -8.22769 210
      vertex 19.4856 -9.08629 210
      vertex 19.8634 -8.22769 185
    endloop
  endfacet
  facet normal 0.915311 -0.402747 0
    outer loop
      vertex 19.8634 -8.22769 185
      vertex 19.4856 -9.08629 210
      vertex 19.4856 -9.08629 185
    endloop
  endfacet
  facet normal 0.896873 -0.442288 0
    outer loop
      vertex 19.4856 -9.08629 210
      vertex 19.0707 -9.9276 210
      vertex 19.4856 -9.08629 185
    endloop
  endfacet
  facet normal 0.896873 -0.442288 0
    outer loop
      vertex 19.4856 -9.08629 185
      vertex 19.0707 -9.9276 210
      vertex 19.0707 -9.9276 185
    endloop
  endfacet
  facet normal 0.876727 -0.480988 0
    outer loop
      vertex 19.0707 -9.9276 210
      vertex 18.6195 -10.75 210
      vertex 19.0707 -9.9276 185
    endloop
  endfacet
  facet normal 0.876727 -0.480988 0
    outer loop
      vertex 19.0707 -9.9276 185
      vertex 18.6195 -10.75 210
      vertex 18.6195 -10.75 185
    endloop
  endfacet
  facet normal 0.854911 -0.518774 0
    outer loop
      vertex 18.6195 -10.75 210
      vertex 18.1329 -11.5519 210
      vertex 18.6195 -10.75 185
    endloop
  endfacet
  facet normal 0.854911 -0.518774 0
    outer loop
      vertex 18.6195 -10.75 185
      vertex 18.1329 -11.5519 210
      vertex 18.1329 -11.5519 185
    endloop
  endfacet
  facet normal 0.831469 -0.555571 0
    outer loop
      vertex 18.1329 -11.5519 210
      vertex 17.6118 -12.3319 210
      vertex 18.1329 -11.5519 185
    endloop
  endfacet
  facet normal 0.831469 -0.555571 0
    outer loop
      vertex 18.1329 -11.5519 185
      vertex 17.6118 -12.3319 210
      vertex 17.6118 -12.3319 185
    endloop
  endfacet
  facet normal 0.806445 -0.591309 0
    outer loop
      vertex 17.6118 -12.3319 210
      vertex 17.0571 -13.0884 210
      vertex 17.6118 -12.3319 185
    endloop
  endfacet
  facet normal 0.806445 -0.591309 0
    outer loop
      vertex 17.6118 -12.3319 185
      vertex 17.0571 -13.0884 210
      vertex 17.0571 -13.0884 185
    endloop
  endfacet
  facet normal 0.779885 -0.625923 0
    outer loop
      vertex 17.0571 -13.0884 210
      vertex 16.47 -13.8199 210
      vertex 17.0571 -13.0884 185
    endloop
  endfacet
  facet normal 0.779885 -0.625923 0
    outer loop
      vertex 17.0571 -13.0884 185
      vertex 16.47 -13.8199 210
      vertex 16.47 -13.8199 185
    endloop
  endfacet
  facet normal 0.751839 -0.659346 0
    outer loop
      vertex 16.47 -13.8199 210
      vertex 15.8515 -14.5252 210
      vertex 16.47 -13.8199 185
    endloop
  endfacet
  facet normal 0.751839 -0.659346 0
    outer loop
      vertex 16.47 -13.8199 185
      vertex 15.8515 -14.5252 210
      vertex 15.8515 -14.5252 185
    endloop
  endfacet
  facet normal 0.722365 -0.691512 0
    outer loop
      vertex 15.8515 -14.5252 210
      vertex 15.2028 -15.2028 210
      vertex 15.8515 -14.5252 185
    endloop
  endfacet
  facet normal 0.722365 -0.691512 0
    outer loop
      vertex 15.8515 -14.5252 185
      vertex 15.2028 -15.2028 210
      vertex 15.2028 -15.2028 185
    endloop
  endfacet
  facet normal 0.691512 -0.722365 0
    outer loop
      vertex 15.2028 -15.2028 210
      vertex 14.5252 -15.8515 210
      vertex 15.2028 -15.2028 185
    endloop
  endfacet
  facet normal 0.691512 -0.722365 0
    outer loop
      vertex 15.2028 -15.2028 185
      vertex 14.5252 -15.8515 210
      vertex 14.5252 -15.8515 185
    endloop
  endfacet
  facet normal 0.659346 -0.751839 0
    outer loop
      vertex 14.5252 -15.8515 210
      vertex 13.8199 -16.47 210
      vertex 14.5252 -15.8515 185
    endloop
  endfacet
  facet normal 0.659346 -0.751839 0
    outer loop
      vertex 14.5252 -15.8515 185
      vertex 13.8199 -16.47 210
      vertex 13.8199 -16.47 185
    endloop
  endfacet
  facet normal 0.625923 -0.779885 0
    outer loop
      vertex 13.8199 -16.47 210
      vertex 13.0884 -17.0571 210
      vertex 13.8199 -16.47 185
    endloop
  endfacet
  facet normal 0.625923 -0.779885 0
    outer loop
      vertex 13.8199 -16.47 185
      vertex 13.0884 -17.0571 210
      vertex 13.0884 -17.0571 185
    endloop
  endfacet
  facet normal 0.591309 -0.806445 0
    outer loop
      vertex 13.0884 -17.0571 210
      vertex 12.3319 -17.6118 210
      vertex 13.0884 -17.0571 185
    endloop
  endfacet
  facet normal 0.591309 -0.806445 0
    outer loop
      vertex 13.0884 -17.0571 185
      vertex 12.3319 -17.6118 210
      vertex 12.3319 -17.6118 185
    endloop
  endfacet
  facet normal 0.555571 -0.831469 0
    outer loop
      vertex 12.3319 -17.6118 210
      vertex 11.5519 -18.1329 210
      vertex 12.3319 -17.6118 185
    endloop
  endfacet
  facet normal 0.555571 -0.831469 0
    outer loop
      vertex 12.3319 -17.6118 185
      vertex 11.5519 -18.1329 210
      vertex 11.5519 -18.1329 185
    endloop
  endfacet
  facet normal 0.518774 -0.854911 0
    outer loop
      vertex 11.5519 -18.1329 210
      vertex 10.75 -18.6195 210
      vertex 11.5519 -18.1329 185
    endloop
  endfacet
  facet normal 0.518774 -0.854911 0
    outer loop
      vertex 11.5519 -18.1329 185
      vertex 10.75 -18.6195 210
      vertex 10.75 -18.6195 185
    endloop
  endfacet
  facet normal 0.480988 -0.876727 0
    outer loop
      vertex 10.75 -18.6195 210
      vertex 9.9276 -19.0707 210
      vertex 10.75 -18.6195 185
    endloop
  endfacet
  facet normal 0.480988 -0.876727 0
    outer loop
      vertex 10.75 -18.6195 185
      vertex 9.9276 -19.0707 210
      vertex 9.9276 -19.0707 185
    endloop
  endfacet
  facet normal 0.442288 -0.896873 0
    outer loop
      vertex 9.9276 -19.0707 210
      vertex 9.08629 -19.4856 210
      vertex 9.9276 -19.0707 185
    endloop
  endfacet
  facet normal 0.442288 -0.896873 0
    outer loop
      vertex 9.9276 -19.0707 185
      vertex 9.08629 -19.4856 210
      vertex 9.08629 -19.4856 185
    endloop
  endfacet
  facet normal 0.402747 -0.915311 0
    outer loop
      vertex 9.08629 -19.4856 210
      vertex 8.22769 -19.8634 210
      vertex 9.08629 -19.4856 185
    endloop
  endfacet
  facet normal 0.402747 -0.915311 0
    outer loop
      vertex 9.08629 -19.4856 185
      vertex 8.22769 -19.8634 210
      vertex 8.22769 -19.8634 185
    endloop
  endfacet
  facet normal 0.362438 -0.932008 0
    outer loop
      vertex 8.22769 -19.8634 210
      vertex 7.35343 -20.2034 210
      vertex 8.22769 -19.8634 185
    endloop
  endfacet
  facet normal 0.362438 -0.932008 0
    outer loop
      vertex 8.22769 -19.8634 185
      vertex 7.35343 -20.2034 210
      vertex 7.35343 -20.2034 185
    endloop
  endfacet
  facet normal 0.32144 -0.94693 0
    outer loop
      vertex 7.35343 -20.2034 210
      vertex 6.46517 -20.5049 210
      vertex 7.35343 -20.2034 185
    endloop
  endfacet
  facet normal 0.32144 -0.94693 0
    outer loop
      vertex 7.35343 -20.2034 185
      vertex 6.46517 -20.5049 210
      vertex 6.46517 -20.5049 185
    endloop
  endfacet
  facet normal 0.292778 -0.95618 -7.1217e-5
    outer loop
      vertex 6.46517 -20.5049 178
      vertex 6.12393 -20.6094 178
      vertex 5.56461 -20.7674 0
    endloop
  endfacet
  facet normal 0.292778 -0.95618 0
    outer loop
      vertex 6.46517 -20.5049 185
      vertex 6.46517 -20.5049 210
      vertex 6.12393 -20.6094 185
    endloop
  endfacet
  facet normal 0.27983 -0.96005 0.000192918
    outer loop
      vertex 6.46517 -20.5049 210
      vertex 5.56461 -20.7674 210
      vertex 6.12393 -20.6094 185
    endloop
  endfacet
  facet normal 0.271853 -0.962339 0
    outer loop
      vertex 6.12393 -20.6094 185
      vertex 5.56461 -20.7674 210
      vertex 6.12393 -20.6094 178
    endloop
  endfacet
  facet normal 0.508908 -0.860821 0
    outer loop
      vertex 10.75 -18.6195 0
      vertex 11.1318 -18.3938 0
      vertex 11.1318 -18.3938 7
    endloop
  endfacet
  facet normal 0.27983 -0.96005 0
    outer loop
      vertex 5.56461 -20.7674 0
      vertex 6.46517 -20.5049 0
      vertex 6.46517 -20.5049 178
    endloop
  endfacet
  facet normal 0.32144 -0.94693 0
    outer loop
      vertex 6.46517 -20.5049 0
      vertex 7.35343 -20.2034 0
      vertex 6.46517 -20.5049 178
    endloop
  endfacet
  facet normal 0.32144 -0.94693 0
    outer loop
      vertex 6.46517 -20.5049 178
      vertex 7.35343 -20.2034 0
      vertex 7.35343 -20.2034 178
    endloop
  endfacet
  facet normal 0.362438 -0.932008 0
    outer loop
      vertex 7.35343 -20.2034 0
      vertex 8.22769 -19.8634 0
      vertex 7.35343 -20.2034 178
    endloop
  endfacet
  facet normal 0.362438 -0.932008 0
    outer loop
      vertex 7.35343 -20.2034 178
      vertex 8.22769 -19.8634 0
      vertex 8.22769 -19.8634 178
    endloop
  endfacet
  facet normal 0.402747 -0.915311 0
    outer loop
      vertex 8.22769 -19.8634 0
      vertex 9.08629 -19.4856 0
      vertex 8.22769 -19.8634 178
    endloop
  endfacet
  facet normal 0.402747 -0.915311 0
    outer loop
      vertex 8.22769 -19.8634 178
      vertex 9.08629 -19.4856 0
      vertex 9.08629 -19.4856 178
    endloop
  endfacet
  facet normal 0.442288 -0.896873 0
    outer loop
      vertex 9.08629 -19.4856 0
      vertex 9.9276 -19.0707 0
      vertex 9.08629 -19.4856 178
    endloop
  endfacet
  facet normal 0.442288 -0.896873 0
    outer loop
      vertex 9.08629 -19.4856 178
      vertex 9.9276 -19.0707 0
      vertex 9.9276 -19.0707 178
    endloop
  endfacet
  facet normal 0.480988 -0.876727 0
    outer loop
      vertex 9.9276 -19.0707 0
      vertex 10.75 -18.6195 0
      vertex 9.9276 -19.0707 178
    endloop
  endfacet
  facet normal 0.480988 -0.876727 0
    outer loop
      vertex 9.9276 -19.0707 178
      vertex 10.75 -18.6195 0
      vertex 10.75 -18.6195 178
    endloop
  endfacet
  facet normal 0.508908 -0.860821 0
    outer loop
      vertex 10.75 -18.6195 0
      vertex 11.1318 -18.3938 7
      vertex 10.75 -18.6195 178
    endloop
  endfacet
  facet normal 0.518774 -0.854911 2.98313e-5
    outer loop
      vertex 10.75 -18.6195 178
      vertex 11.1318 -18.3938 7
      vertex 11.5519 -18.1329 178
    endloop
  endfacet
  facet normal 0.831469 -0.555571 0
    outer loop
      vertex 18.1329 -11.5519 7
      vertex 17.6118 -12.3319 178
      vertex 17.6118 -12.3319 7
    endloop
  endfacet
  facet normal 0.806445 -0.591309 0
    outer loop
      vertex 17.6118 -12.3319 178
      vertex 17.0571 -13.0884 178
      vertex 17.6118 -12.3319 7
    endloop
  endfacet
  facet normal 0.806445 -0.591309 0
    outer loop
      vertex 17.6118 -12.3319 7
      vertex 17.0571 -13.0884 178
      vertex 17.0571 -13.0884 7
    endloop
  endfacet
  facet normal 0.779885 -0.625923 0
    outer loop
      vertex 17.0571 -13.0884 178
      vertex 16.47 -13.8199 178
      vertex 17.0571 -13.0884 7
    endloop
  endfacet
  facet normal 0.779885 -0.625923 0
    outer loop
      vertex 17.0571 -13.0884 7
      vertex 16.47 -13.8199 178
      vertex 16.47 -13.8199 7
    endloop
  endfacet
  facet normal 0.751839 -0.659346 0
    outer loop
      vertex 16.47 -13.8199 178
      vertex 15.8515 -14.5252 178
      vertex 16.47 -13.8199 7
    endloop
  endfacet
  facet normal 0.751839 -0.659346 0
    outer loop
      vertex 16.47 -13.8199 7
      vertex 15.8515 -14.5252 178
      vertex 15.8515 -14.5252 7
    endloop
  endfacet
  facet normal 0.722365 -0.691512 0
    outer loop
      vertex 15.8515 -14.5252 178
      vertex 15.2028 -15.2028 178
      vertex 15.8515 -14.5252 7
    endloop
  endfacet
  facet normal 0.722365 -0.691512 0
    outer loop
      vertex 15.8515 -14.5252 7
      vertex 15.2028 -15.2028 178
      vertex 15.2028 -15.2028 7
    endloop
  endfacet
  facet normal 0.691512 -0.722365 0
    outer loop
      vertex 15.2028 -15.2028 178
      vertex 14.5252 -15.8515 178
      vertex 15.2028 -15.2028 7
    endloop
  endfacet
  facet normal 0.691512 -0.722365 0
    outer loop
      vertex 15.2028 -15.2028 7
      vertex 14.5252 -15.8515 178
      vertex 14.5252 -15.8515 7
    endloop
  endfacet
  facet normal 0.659346 -0.751839 0
    outer loop
      vertex 14.5252 -15.8515 178
      vertex 13.8199 -16.47 178
      vertex 14.5252 -15.8515 7
    endloop
  endfacet
  facet normal 0.659346 -0.751839 0
    outer loop
      vertex 14.5252 -15.8515 7
      vertex 13.8199 -16.47 178
      vertex 13.8199 -16.47 7
    endloop
  endfacet
  facet normal 0.625923 -0.779885 0
    outer loop
      vertex 13.8199 -16.47 178
      vertex 13.0884 -17.0571 178
      vertex 13.8199 -16.47 7
    endloop
  endfacet
  facet normal 0.625923 -0.779885 0
    outer loop
      vertex 13.8199 -16.47 7
      vertex 13.0884 -17.0571 178
      vertex 13.0884 -17.0571 7
    endloop
  endfacet
  facet normal 0.591309 -0.806445 0
    outer loop
      vertex 13.0884 -17.0571 178
      vertex 12.3319 -17.6118 178
      vertex 13.0884 -17.0571 7
    endloop
  endfacet
  facet normal 0.591309 -0.806445 0
    outer loop
      vertex 13.0884 -17.0571 7
      vertex 12.3319 -17.6118 178
      vertex 12.3319 -17.6118 7
    endloop
  endfacet
  facet normal 0.555571 -0.831469 0
    outer loop
      vertex 12.3319 -17.6118 178
      vertex 11.5519 -18.1329 178
      vertex 12.3319 -17.6118 7
    endloop
  endfacet
  facet normal 0.555571 -0.831469 0
    outer loop
      vertex 12.3319 -17.6118 7
      vertex 11.5519 -18.1329 178
      vertex 11.5519 -18.1329 7
    endloop
  endfacet
  facet normal 0.527565 -0.849515 0
    outer loop
      vertex 11.5519 -18.1329 178
      vertex 11.1318 -18.3938 7
      vertex 11.5519 -18.1329 7
    endloop
  endfacet
  facet normal 0.849515 -0.527565 5.65846e-5
    outer loop
      vertex 18.3938 -11.1318 7
      vertex 18.6195 -10.75 178
      vertex 18.1329 -11.5519 7
    endloop
  endfacet
  facet normal 0.854911 -0.518774 0
    outer loop
      vertex 18.6195 -10.75 178
      vertex 18.1329 -11.5519 178
      vertex 18.1329 -11.5519 7
    endloop
  endfacet
  facet normal 0.831469 -0.555571 0
    outer loop
      vertex 18.1329 -11.5519 7
      vertex 18.1329 -11.5519 178
      vertex 17.6118 -12.3319 178
    endloop
  endfacet
  facet normal 0.94693 -0.32144 0
    outer loop
      vertex 20.5049 -6.46517 0
      vertex 20.2034 -7.35343 178
      vertex 20.2034 -7.35343 0
    endloop
  endfacet
  facet normal 0.932008 -0.362438 0
    outer loop
      vertex 20.2034 -7.35343 178
      vertex 19.8634 -8.22769 178
      vertex 20.2034 -7.35343 0
    endloop
  endfacet
  facet normal 0.932008 -0.362438 0
    outer loop
      vertex 20.2034 -7.35343 0
      vertex 19.8634 -8.22769 178
      vertex 19.8634 -8.22769 0
    endloop
  endfacet
  facet normal 0.915311 -0.402747 0
    outer loop
      vertex 19.8634 -8.22769 178
      vertex 19.4856 -9.08629 178
      vertex 19.8634 -8.22769 0
    endloop
  endfacet
  facet normal 0.915311 -0.402747 0
    outer loop
      vertex 19.8634 -8.22769 0
      vertex 19.4856 -9.08629 178
      vertex 19.4856 -9.08629 0
    endloop
  endfacet
  facet normal 0.896873 -0.442288 0
    outer loop
      vertex 19.4856 -9.08629 178
      vertex 19.0707 -9.9276 178
      vertex 19.4856 -9.08629 0
    endloop
  endfacet
  facet normal 0.896873 -0.442288 0
    outer loop
      vertex 19.4856 -9.08629 0
      vertex 19.0707 -9.9276 178
      vertex 19.0707 -9.9276 0
    endloop
  endfacet
  facet normal 0.876727 -0.480988 0
    outer loop
      vertex 19.0707 -9.9276 178
      vertex 18.6195 -10.75 178
      vertex 19.0707 -9.9276 0
    endloop
  endfacet
  facet normal 0.876727 -0.480988 0
    outer loop
      vertex 19.0707 -9.9276 0
      vertex 18.6195 -10.75 178
      vertex 18.6195 -10.75 0
    endloop
  endfacet
  facet normal 0.860821 -0.508908 0
    outer loop
      vertex 18.6195 -10.75 178
      vertex 18.3938 -11.1318 7
      vertex 18.6195 -10.75 0
    endloop
  endfacet
  facet normal 0.860821 -0.508908 0
    outer loop
      vertex 18.6195 -10.75 0
      vertex 18.3938 -11.1318 7
      vertex 18.3938 -11.1318 0
    endloop
  endfacet
  facet normal 0.271853 -0.962339 0
    outer loop
      vertex 6.12393 -20.6094 178
      vertex 5.56461 -20.7674 210
      vertex 5.56461 -20.7674 0
    endloop
  endfacet
  facet normal 0.237686 -0.971342 0
    outer loop
      vertex 5.56461 -20.7674 210
      vertex 4.65345 -20.9904 210
      vertex 5.56461 -20.7674 0
    endloop
  endfacet
  facet normal 0.237686 -0.971342 0
    outer loop
      vertex 5.56461 -20.7674 0
      vertex 4.65345 -20.9904 210
      vertex 4.65345 -20.9904 0
    endloop
  endfacet
  facet normal 0.195091 -0.980785 0
    outer loop
      vertex 4.65345 -20.9904 210
      vertex 3.73344 -21.1734 210
      vertex 4.65345 -20.9904 0
    endloop
  endfacet
  facet normal 0.195091 -0.980785 0
    outer loop
      vertex 4.65345 -20.9904 0
      vertex 3.73344 -21.1734 210
      vertex 3.73344 -21.1734 0
    endloop
  endfacet
  facet normal 0.152123 -0.988362 0
    outer loop
      vertex 3.73344 -21.1734 210
      vertex 2.80631 -21.3161 210
      vertex 3.73344 -21.1734 0
    endloop
  endfacet
  facet normal 0.152123 -0.988362 0
    outer loop
      vertex 3.73344 -21.1734 0
      vertex 2.80631 -21.3161 210
      vertex 2.80631 -21.3161 0
    endloop
  endfacet
  facet normal 0.108867 -0.994056 0
    outer loop
      vertex 2.80631 -21.3161 210
      vertex 1.87385 -21.4182 210
      vertex 2.80631 -21.3161 0
    endloop
  endfacet
  facet normal 0.108867 -0.994056 0
    outer loop
      vertex 2.80631 -21.3161 0
      vertex 1.87385 -21.4182 210
      vertex 1.87385 -21.4182 0
    endloop
  endfacet
  facet normal 0.0654023 -0.997859 0
    outer loop
      vertex 1.87385 -21.4182 210
      vertex 0.937817 -21.4795 210
      vertex 1.87385 -21.4182 0
    endloop
  endfacet
  facet normal 0.0654023 -0.997859 0
    outer loop
      vertex 1.87385 -21.4182 0
      vertex 0.937817 -21.4795 210
      vertex 0.937817 -21.4795 0
    endloop
  endfacet
  facet normal 0.0218166 -0.999762 0
    outer loop
      vertex 0.937817 -21.4795 210
      vertex 3.94949e-15 -21.5 210
      vertex 0.937817 -21.4795 0
    endloop
  endfacet
  facet normal 0.0218166 -0.999762 0
    outer loop
      vertex 0.937817 -21.4795 0
      vertex 3.94949e-15 -21.5 210
      vertex 3.94949e-15 -21.5 0
    endloop
  endfacet
  facet normal -0.0218166 -0.999762 0
    outer loop
      vertex 3.94949e-15 -21.5 210
      vertex -0.937817 -21.4795 210
      vertex 3.94949e-15 -21.5 0
    endloop
  endfacet
  facet normal -0.0218166 -0.999762 0
    outer loop
      vertex 3.94949e-15 -21.5 0
      vertex -0.937817 -21.4795 210
      vertex -0.937817 -21.4795 0
    endloop
  endfacet
  facet normal -0.0654023 -0.997859 0
    outer loop
      vertex -0.937817 -21.4795 210
      vertex -1.87385 -21.4182 210
      vertex -0.937817 -21.4795 0
    endloop
  endfacet
  facet normal -0.0654023 -0.997859 0
    outer loop
      vertex -0.937817 -21.4795 0
      vertex -1.87385 -21.4182 210
      vertex -1.87385 -21.4182 0
    endloop
  endfacet
  facet normal -0.108867 -0.994056 0
    outer loop
      vertex -1.87385 -21.4182 210
      vertex -2.80631 -21.3161 210
      vertex -1.87385 -21.4182 0
    endloop
  endfacet
  facet normal -0.108867 -0.994056 0
    outer loop
      vertex -1.87385 -21.4182 0
      vertex -2.80631 -21.3161 210
      vertex -2.80631 -21.3161 0
    endloop
  endfacet
  facet normal -0.152123 -0.988362 0
    outer loop
      vertex -2.80631 -21.3161 210
      vertex -3.73344 -21.1734 210
      vertex -2.80631 -21.3161 0
    endloop
  endfacet
  facet normal -0.152123 -0.988362 0
    outer loop
      vertex -2.80631 -21.3161 0
      vertex -3.73344 -21.1734 210
      vertex -3.73344 -21.1734 0
    endloop
  endfacet
  facet normal -0.195091 -0.980785 0
    outer loop
      vertex -3.73344 -21.1734 210
      vertex -4.65345 -20.9904 210
      vertex -3.73344 -21.1734 0
    endloop
  endfacet
  facet normal -0.195091 -0.980785 0
    outer loop
      vertex -3.73344 -21.1734 0
      vertex -4.65345 -20.9904 210
      vertex -4.65345 -20.9904 0
    endloop
  endfacet
  facet normal -0.237686 -0.971342 0
    outer loop
      vertex -4.65345 -20.9904 210
      vertex -5.56461 -20.7674 210
      vertex -4.65345 -20.9904 0
    endloop
  endfacet
  facet normal -0.237686 -0.971342 0
    outer loop
      vertex -4.65345 -20.9904 0
      vertex -5.56461 -20.7674 210
      vertex -5.56461 -20.7674 0
    endloop
  endfacet
  facet normal -0.27983 -0.96005 0
    outer loop
      vertex -5.56461 -20.7674 210
      vertex -6.46517 -20.5049 210
      vertex -5.56461 -20.7674 0
    endloop
  endfacet
  facet normal -0.27983 -0.96005 0
    outer loop
      vertex -5.56461 -20.7674 0
      vertex -6.46517 -20.5049 210
      vertex -6.46517 -20.5049 0
    endloop
  endfacet
  facet normal -0.32144 -0.94693 0
    outer loop
      vertex -6.46517 -20.5049 210
      vertex -7.35343 -20.2034 210
      vertex -6.46517 -20.5049 0
    endloop
  endfacet
  facet normal -0.32144 -0.94693 0
    outer loop
      vertex -6.46517 -20.5049 0
      vertex -7.35343 -20.2034 210
      vertex -7.35343 -20.2034 0
    endloop
  endfacet
  facet normal -0.362438 -0.932008 0
    outer loop
      vertex -7.35343 -20.2034 210
      vertex -8.22769 -19.8634 210
      vertex -7.35343 -20.2034 0
    endloop
  endfacet
  facet normal -0.362438 -0.932008 0
    outer loop
      vertex -7.35343 -20.2034 0
      vertex -8.22769 -19.8634 210
      vertex -8.22769 -19.8634 0
    endloop
  endfacet
  facet normal -0.402747 -0.915311 0
    outer loop
      vertex -8.22769 -19.8634 210
      vertex -9.08629 -19.4856 210
      vertex -8.22769 -19.8634 0
    endloop
  endfacet
  facet normal -0.402747 -0.915311 0
    outer loop
      vertex -8.22769 -19.8634 0
      vertex -9.08629 -19.4856 210
      vertex -9.08629 -19.4856 0
    endloop
  endfacet
  facet normal -0.442288 -0.896873 0
    outer loop
      vertex -9.08629 -19.4856 210
      vertex -9.9276 -19.0707 210
      vertex -9.08629 -19.4856 0
    endloop
  endfacet
  facet normal -0.442288 -0.896873 0
    outer loop
      vertex -9.08629 -19.4856 0
      vertex -9.9276 -19.0707 210
      vertex -9.9276 -19.0707 0
    endloop
  endfacet
  facet normal -0.480988 -0.876727 0
    outer loop
      vertex -9.9276 -19.0707 210
      vertex -10.75 -18.6195 210
      vertex -9.9276 -19.0707 0
    endloop
  endfacet
  facet normal -0.480988 -0.876727 0
    outer loop
      vertex -9.9276 -19.0707 0
      vertex -10.75 -18.6195 210
      vertex -10.75 -18.6195 0
    endloop
  endfacet
  facet normal -0.518774 -0.854911 0
    outer loop
      vertex -10.75 -18.6195 210
      vertex -11.5519 -18.1329 210
      vertex -10.75 -18.6195 0
    endloop
  endfacet
  facet normal -0.518774 -0.854911 0
    outer loop
      vertex -10.75 -18.6195 0
      vertex -11.5519 -18.1329 210
      vertex -11.5519 -18.1329 0
    endloop
  endfacet
  facet normal -0.555571 -0.831469 0
    outer loop
      vertex -11.5519 -18.1329 210
      vertex -12.3319 -17.6118 210
      vertex -11.5519 -18.1329 0
    endloop
  endfacet
  facet normal -0.555571 -0.831469 0
    outer loop
      vertex -11.5519 -18.1329 0
      vertex -12.3319 -17.6118 210
      vertex -12.3319 -17.6118 0
    endloop
  endfacet
  facet normal -0.591309 -0.806445 0
    outer loop
      vertex -12.3319 -17.6118 210
      vertex -13.0884 -17.0571 210
      vertex -12.3319 -17.6118 0
    endloop
  endfacet
  facet normal -0.591309 -0.806445 0
    outer loop
      vertex -12.3319 -17.6118 0
      vertex -13.0884 -17.0571 210
      vertex -13.0884 -17.0571 0
    endloop
  endfacet
  facet normal -0.625923 -0.779885 0
    outer loop
      vertex -13.0884 -17.0571 210
      vertex -13.8199 -16.47 210
      vertex -13.0884 -17.0571 0
    endloop
  endfacet
  facet normal -0.625923 -0.779885 0
    outer loop
      vertex -13.0884 -17.0571 0
      vertex -13.8199 -16.47 210
      vertex -13.8199 -16.47 0
    endloop
  endfacet
  facet normal -0.659346 -0.751839 0
    outer loop
      vertex -13.8199 -16.47 210
      vertex -14.5252 -15.8515 210
      vertex -13.8199 -16.47 0
    endloop
  endfacet
  facet normal -0.659346 -0.751839 0
    outer loop
      vertex -13.8199 -16.47 0
      vertex -14.5252 -15.8515 210
      vertex -14.5252 -15.8515 0
    endloop
  endfacet
  facet normal -0.691512 -0.722365 0
    outer loop
      vertex -14.5252 -15.8515 210
      vertex -15.2028 -15.2028 210
      vertex -14.5252 -15.8515 0
    endloop
  endfacet
  facet normal -0.691512 -0.722365 0
    outer loop
      vertex -14.5252 -15.8515 0
      vertex -15.2028 -15.2028 210
      vertex -15.2028 -15.2028 0
    endloop
  endfacet
  facet normal -0.722365 -0.691512 0
    outer loop
      vertex -15.2028 -15.2028 210
      vertex -15.8515 -14.5252 210
      vertex -15.2028 -15.2028 0
    endloop
  endfacet
  facet normal -0.722365 -0.691512 0
    outer loop
      vertex -15.2028 -15.2028 0
      vertex -15.8515 -14.5252 210
      vertex -15.8515 -14.5252 0
    endloop
  endfacet
  facet normal -0.751839 -0.659346 0
    outer loop
      vertex -15.8515 -14.5252 210
      vertex -16.47 -13.8199 210
      vertex -15.8515 -14.5252 0
    endloop
  endfacet
  facet normal -0.751839 -0.659346 0
    outer loop
      vertex -15.8515 -14.5252 0
      vertex -16.47 -13.8199 210
      vertex -16.47 -13.8199 0
    endloop
  endfacet
  facet normal -0.779885 -0.625923 0
    outer loop
      vertex -16.47 -13.8199 210
      vertex -17.0571 -13.0884 210
      vertex -16.47 -13.8199 0
    endloop
  endfacet
  facet normal -0.779885 -0.625923 0
    outer loop
      vertex -16.47 -13.8199 0
      vertex -17.0571 -13.0884 210
      vertex -17.0571 -13.0884 0
    endloop
  endfacet
  facet normal -0.806445 -0.591309 0
    outer loop
      vertex -17.0571 -13.0884 210
      vertex -17.6118 -12.3319 210
      vertex -17.0571 -13.0884 0
    endloop
  endfacet
  facet normal -0.806445 -0.591309 0
    outer loop
      vertex -17.0571 -13.0884 0
      vertex -17.6118 -12.3319 210
      vertex -17.6118 -12.3319 0
    endloop
  endfacet
  facet normal -0.831469 -0.555571 0
    outer loop
      vertex -17.6118 -12.3319 210
      vertex -18.1329 -11.5519 210
      vertex -17.6118 -12.3319 0
    endloop
  endfacet
  facet normal -0.831469 -0.555571 0
    outer loop
      vertex -17.6118 -12.3319 0
      vertex -18.1329 -11.5519 210
      vertex -18.1329 -11.5519 0
    endloop
  endfacet
  facet normal -0.854911 -0.518774 0
    outer loop
      vertex -18.1329 -11.5519 210
      vertex -18.6195 -10.75 210
      vertex -18.1329 -11.5519 0
    endloop
  endfacet
  facet normal -0.854911 -0.518774 0
    outer loop
      vertex -18.1329 -11.5519 0
      vertex -18.6195 -10.75 210
      vertex -18.6195 -10.75 0
    endloop
  endfacet
  facet normal -0.876727 -0.480988 0
    outer loop
      vertex -18.6195 -10.75 210
      vertex -19.0707 -9.9276 210
      vertex -18.6195 -10.75 0
    endloop
  endfacet
  facet normal -0.876727 -0.480988 0
    outer loop
      vertex -18.6195 -10.75 0
      vertex -19.0707 -9.9276 210
      vertex -19.0707 -9.9276 0
    endloop
  endfacet
  facet normal -0.896873 -0.442288 0
    outer loop
      vertex -19.0707 -9.9276 210
      vertex -19.4856 -9.08629 210
      vertex -19.0707 -9.9276 0
    endloop
  endfacet
  facet normal -0.896873 -0.442288 0
    outer loop
      vertex -19.0707 -9.9276 0
      vertex -19.4856 -9.08629 210
      vertex -19.4856 -9.08629 0
    endloop
  endfacet
  facet normal -0.915311 -0.402747 0
    outer loop
      vertex -19.4856 -9.08629 210
      vertex -19.8634 -8.22769 210
      vertex -19.4856 -9.08629 0
    endloop
  endfacet
  facet normal -0.915311 -0.402747 0
    outer loop
      vertex -19.4856 -9.08629 0
      vertex -19.8634 -8.22769 210
      vertex -19.8634 -8.22769 0
    endloop
  endfacet
  facet normal -0.932008 -0.362438 0
    outer loop
      vertex -19.8634 -8.22769 210
      vertex -20.2034 -7.35343 210
      vertex -19.8634 -8.22769 0
    endloop
  endfacet
  facet normal -0.932008 -0.362438 0
    outer loop
      vertex -19.8634 -8.22769 0
      vertex -20.2034 -7.35343 210
      vertex -20.2034 -7.35343 0
    endloop
  endfacet
  facet normal -0.94693 -0.32144 0
    outer loop
      vertex -20.2034 -7.35343 210
      vertex -20.5049 -6.46517 210
      vertex -20.2034 -7.35343 0
    endloop
  endfacet
  facet normal -0.94693 -0.32144 0
    outer loop
      vertex -20.2034 -7.35343 0
      vertex -20.5049 -6.46517 210
      vertex -20.5049 -6.46517 0
    endloop
  endfacet
  facet normal -0.96005 -0.27983 0
    outer loop
      vertex -20.5049 -6.46517 210
      vertex -20.7674 -5.56461 210
      vertex -20.5049 -6.46517 0
    endloop
  endfacet
  facet normal -0.96005 -0.27983 0
    outer loop
      vertex -20.5049 -6.46517 0
      vertex -20.7674 -5.56461 210
      vertex -20.7674 -5.56461 0
    endloop
  endfacet
  facet normal -0.971342 -0.237686 0
    outer loop
      vertex -20.7674 -5.56461 210
      vertex -20.9904 -4.65345 210
      vertex -20.7674 -5.56461 0
    endloop
  endfacet
  facet normal -0.971342 -0.237686 0
    outer loop
      vertex -20.7674 -5.56461 0
      vertex -20.9904 -4.65345 210
      vertex -20.9904 -4.65345 0
    endloop
  endfacet
  facet normal -0.980785 -0.195091 0
    outer loop
      vertex -20.9904 -4.65345 210
      vertex -21.1734 -3.73344 210
      vertex -20.9904 -4.65345 0
    endloop
  endfacet
  facet normal -0.980785 -0.195091 0
    outer loop
      vertex -20.9904 -4.65345 0
      vertex -21.1734 -3.73344 210
      vertex -21.1734 -3.73344 0
    endloop
  endfacet
  facet normal -0.988362 -0.152123 0
    outer loop
      vertex -21.1734 -3.73344 210
      vertex -21.3161 -2.80631 210
      vertex -21.1734 -3.73344 0
    endloop
  endfacet
  facet normal -0.988362 -0.152123 0
    outer loop
      vertex -21.1734 -3.73344 0
      vertex -21.3161 -2.80631 210
      vertex -21.3161 -2.80631 0
    endloop
  endfacet
  facet normal -0.994056 -0.108867 0
    outer loop
      vertex -21.3161 -2.80631 210
      vertex -21.4182 -1.87385 210
      vertex -21.3161 -2.80631 0
    endloop
  endfacet
  facet normal -0.994056 -0.108867 0
    outer loop
      vertex -21.3161 -2.80631 0
      vertex -21.4182 -1.87385 210
      vertex -21.4182 -1.87385 0
    endloop
  endfacet
  facet normal -0.997859 -0.0654023 0
    outer loop
      vertex -21.4182 -1.87385 210
      vertex -21.4795 -0.937817 210
      vertex -21.4182 -1.87385 0
    endloop
  endfacet
  facet normal -0.997859 -0.0654023 0
    outer loop
      vertex -21.4182 -1.87385 0
      vertex -21.4795 -0.937817 210
      vertex -21.4795 -0.937817 0
    endloop
  endfacet
  facet normal -0.999762 -0.0218166 0
    outer loop
      vertex -21.4795 -0.937817 210
      vertex -21.5 1.3165e-15 210
      vertex -21.4795 -0.937817 0
    endloop
  endfacet
  facet normal -0.999762 -0.0218166 0
    outer loop
      vertex -21.4795 -0.937817 0
      vertex -21.5 1.3165e-15 210
      vertex -21.5 1.3165e-15 0
    endloop
  endfacet
  facet normal -0.999762 0.0218166 0
    outer loop
      vertex -21.5 1.3165e-15 210
      vertex -21.4795 0.937817 210
      vertex -21.5 1.3165e-15 0
    endloop
  endfacet
  facet normal -0.999762 0.0218166 0
    outer loop
      vertex -21.5 1.3165e-15 0
      vertex -21.4795 0.937817 210
      vertex -21.4795 0.937817 0
    endloop
  endfacet
  facet normal -0.997859 0.0654023 0
    outer loop
      vertex -21.4795 0.937817 210
      vertex -21.4182 1.87385 210
      vertex -21.4795 0.937817 0
    endloop
  endfacet
  facet normal -0.997859 0.0654023 0
    outer loop
      vertex -21.4795 0.937817 0
      vertex -21.4182 1.87385 210
      vertex -21.4182 1.87385 0
    endloop
  endfacet
  facet normal -0.994056 0.108867 0
    outer loop
      vertex -21.4182 1.87385 210
      vertex -21.3161 2.80631 210
      vertex -21.4182 1.87385 0
    endloop
  endfacet
  facet normal -0.994056 0.108867 0
    outer loop
      vertex -21.4182 1.87385 0
      vertex -21.3161 2.80631 210
      vertex -21.3161 2.80631 0
    endloop
  endfacet
  facet normal -0.988362 0.152123 0
    outer loop
      vertex -21.3161 2.80631 210
      vertex -21.1734 3.73344 210
      vertex -21.3161 2.80631 0
    endloop
  endfacet
  facet normal -0.988362 0.152123 0
    outer loop
      vertex -21.3161 2.80631 0
      vertex -21.1734 3.73344 210
      vertex -21.1734 3.73344 0
    endloop
  endfacet
  facet normal -0.980785 0.195091 0
    outer loop
      vertex -21.1734 3.73344 210
      vertex -20.9904 4.65345 210
      vertex -21.1734 3.73344 0
    endloop
  endfacet
  facet normal -0.980785 0.195091 0
    outer loop
      vertex -21.1734 3.73344 0
      vertex -20.9904 4.65345 210
      vertex -20.9904 4.65345 0
    endloop
  endfacet
  facet normal -0.971342 0.237686 0
    outer loop
      vertex -20.9904 4.65345 210
      vertex -20.7674 5.56461 210
      vertex -20.9904 4.65345 0
    endloop
  endfacet
  facet normal -0.971342 0.237686 0
    outer loop
      vertex -20.9904 4.65345 0
      vertex -20.7674 5.56461 210
      vertex -20.7674 5.56461 0
    endloop
  endfacet
  facet normal -0.96005 0.27983 0
    outer loop
      vertex -20.7674 5.56461 210
      vertex -20.5049 6.46517 210
      vertex -20.7674 5.56461 0
    endloop
  endfacet
  facet normal -0.96005 0.27983 0
    outer loop
      vertex -20.7674 5.56461 0
      vertex -20.5049 6.46517 210
      vertex -20.5049 6.46517 0
    endloop
  endfacet
  facet normal -0.94693 0.32144 0
    outer loop
      vertex -20.5049 6.46517 210
      vertex -20.2034 7.35343 210
      vertex -20.5049 6.46517 0
    endloop
  endfacet
  facet normal -0.94693 0.32144 0
    outer loop
      vertex -20.5049 6.46517 0
      vertex -20.2034 7.35343 210
      vertex -20.2034 7.35343 0
    endloop
  endfacet
  facet normal -0.932008 0.362438 0
    outer loop
      vertex -20.2034 7.35343 210
      vertex -19.8634 8.22769 210
      vertex -20.2034 7.35343 0
    endloop
  endfacet
  facet normal -0.932008 0.362438 0
    outer loop
      vertex -20.2034 7.35343 0
      vertex -19.8634 8.22769 210
      vertex -19.8634 8.22769 0
    endloop
  endfacet
  facet normal -0.915311 0.402747 0
    outer loop
      vertex -19.8634 8.22769 210
      vertex -19.4856 9.08629 210
      vertex -19.8634 8.22769 0
    endloop
  endfacet
  facet normal -0.915311 0.402747 0
    outer loop
      vertex -19.8634 8.22769 0
      vertex -19.4856 9.08629 210
      vertex -19.4856 9.08629 0
    endloop
  endfacet
  facet normal -0.896873 0.442288 0
    outer loop
      vertex -19.4856 9.08629 210
      vertex -19.0707 9.9276 210
      vertex -19.4856 9.08629 0
    endloop
  endfacet
  facet normal -0.896873 0.442288 0
    outer loop
      vertex -19.4856 9.08629 0
      vertex -19.0707 9.9276 210
      vertex -19.0707 9.9276 0
    endloop
  endfacet
  facet normal -0.876727 0.480988 0
    outer loop
      vertex -19.0707 9.9276 210
      vertex -18.6195 10.75 210
      vertex -19.0707 9.9276 0
    endloop
  endfacet
  facet normal -0.876727 0.480988 0
    outer loop
      vertex -19.0707 9.9276 0
      vertex -18.6195 10.75 210
      vertex -18.6195 10.75 0
    endloop
  endfacet
  facet normal -0.854911 0.518774 0
    outer loop
      vertex -18.6195 10.75 210
      vertex -18.1329 11.5519 210
      vertex -18.6195 10.75 0
    endloop
  endfacet
  facet normal -0.854911 0.518774 0
    outer loop
      vertex -18.6195 10.75 0
      vertex -18.1329 11.5519 210
      vertex -18.1329 11.5519 0
    endloop
  endfacet
  facet normal -0.831469 0.555571 0
    outer loop
      vertex -18.1329 11.5519 210
      vertex -17.6118 12.3319 210
      vertex -18.1329 11.5519 0
    endloop
  endfacet
  facet normal -0.831469 0.555571 0
    outer loop
      vertex -18.1329 11.5519 0
      vertex -17.6118 12.3319 210
      vertex -17.6118 12.3319 0
    endloop
  endfacet
  facet normal -0.806445 0.591309 0
    outer loop
      vertex -17.6118 12.3319 210
      vertex -17.0571 13.0884 210
      vertex -17.6118 12.3319 0
    endloop
  endfacet
  facet normal -0.806445 0.591309 0
    outer loop
      vertex -17.6118 12.3319 0
      vertex -17.0571 13.0884 210
      vertex -17.0571 13.0884 0
    endloop
  endfacet
  facet normal -0.779885 0.625923 0
    outer loop
      vertex -17.0571 13.0884 210
      vertex -16.47 13.8199 210
      vertex -17.0571 13.0884 0
    endloop
  endfacet
  facet normal -0.779885 0.625923 0
    outer loop
      vertex -17.0571 13.0884 0
      vertex -16.47 13.8199 210
      vertex -16.47 13.8199 0
    endloop
  endfacet
  facet normal -0.751839 0.659346 0
    outer loop
      vertex -16.47 13.8199 210
      vertex -15.8515 14.5252 210
      vertex -16.47 13.8199 0
    endloop
  endfacet
  facet normal -0.751839 0.659346 0
    outer loop
      vertex -16.47 13.8199 0
      vertex -15.8515 14.5252 210
      vertex -15.8515 14.5252 0
    endloop
  endfacet
  facet normal -0.722365 0.691512 0
    outer loop
      vertex -15.8515 14.5252 210
      vertex -15.2028 15.2028 210
      vertex -15.8515 14.5252 0
    endloop
  endfacet
  facet normal -0.722365 0.691512 0
    outer loop
      vertex -15.8515 14.5252 0
      vertex -15.2028 15.2028 210
      vertex -15.2028 15.2028 0
    endloop
  endfacet
  facet normal -0.691512 0.722365 0
    outer loop
      vertex -15.2028 15.2028 210
      vertex -14.5252 15.8515 210
      vertex -15.2028 15.2028 0
    endloop
  endfacet
  facet normal -0.691512 0.722365 0
    outer loop
      vertex -15.2028 15.2028 0
      vertex -14.5252 15.8515 210
      vertex -14.5252 15.8515 0
    endloop
  endfacet
  facet normal -0.659346 0.751839 0
    outer loop
      vertex -14.5252 15.8515 210
      vertex -13.8199 16.47 210
      vertex -14.5252 15.8515 0
    endloop
  endfacet
  facet normal -0.659346 0.751839 0
    outer loop
      vertex -14.5252 15.8515 0
      vertex -13.8199 16.47 210
      vertex -13.8199 16.47 0
    endloop
  endfacet
  facet normal -0.625923 0.779885 0
    outer loop
      vertex -13.8199 16.47 210
      vertex -13.0884 17.0571 210
      vertex -13.8199 16.47 0
    endloop
  endfacet
  facet normal -0.625923 0.779885 0
    outer loop
      vertex -13.8199 16.47 0
      vertex -13.0884 17.0571 210
      vertex -13.0884 17.0571 0
    endloop
  endfacet
  facet normal -0.591309 0.806445 0
    outer loop
      vertex -13.0884 17.0571 210
      vertex -12.3319 17.6118 210
      vertex -13.0884 17.0571 0
    endloop
  endfacet
  facet normal -0.591309 0.806445 0
    outer loop
      vertex -13.0884 17.0571 0
      vertex -12.3319 17.6118 210
      vertex -12.3319 17.6118 0
    endloop
  endfacet
  facet normal -0.555571 0.831469 0
    outer loop
      vertex -12.3319 17.6118 210
      vertex -11.5519 18.1329 210
      vertex -12.3319 17.6118 0
    endloop
  endfacet
  facet normal -0.555571 0.831469 0
    outer loop
      vertex -12.3319 17.6118 0
      vertex -11.5519 18.1329 210
      vertex -11.5519 18.1329 0
    endloop
  endfacet
  facet normal -0.518774 0.854911 0
    outer loop
      vertex -11.5519 18.1329 210
      vertex -10.75 18.6195 210
      vertex -11.5519 18.1329 0
    endloop
  endfacet
  facet normal -0.518774 0.854911 0
    outer loop
      vertex -11.5519 18.1329 0
      vertex -10.75 18.6195 210
      vertex -10.75 18.6195 0
    endloop
  endfacet
  facet normal -0.480988 0.876727 0
    outer loop
      vertex -10.75 18.6195 210
      vertex -9.9276 19.0707 210
      vertex -10.75 18.6195 0
    endloop
  endfacet
  facet normal -0.480988 0.876727 0
    outer loop
      vertex -10.75 18.6195 0
      vertex -9.9276 19.0707 210
      vertex -9.9276 19.0707 0
    endloop
  endfacet
  facet normal -0.442288 0.896873 0
    outer loop
      vertex -9.9276 19.0707 210
      vertex -9.08629 19.4856 210
      vertex -9.9276 19.0707 0
    endloop
  endfacet
  facet normal -0.442288 0.896873 0
    outer loop
      vertex -9.9276 19.0707 0
      vertex -9.08629 19.4856 210
      vertex -9.08629 19.4856 0
    endloop
  endfacet
  facet normal -0.402747 0.915311 0
    outer loop
      vertex -9.08629 19.4856 210
      vertex -8.22769 19.8634 210
      vertex -9.08629 19.4856 0
    endloop
  endfacet
  facet normal -0.402747 0.915311 0
    outer loop
      vertex -9.08629 19.4856 0
      vertex -8.22769 19.8634 210
      vertex -8.22769 19.8634 0
    endloop
  endfacet
  facet normal -0.362438 0.932008 0
    outer loop
      vertex -8.22769 19.8634 210
      vertex -7.35343 20.2034 210
      vertex -8.22769 19.8634 0
    endloop
  endfacet
  facet normal -0.362438 0.932008 0
    outer loop
      vertex -8.22769 19.8634 0
      vertex -7.35343 20.2034 210
      vertex -7.35343 20.2034 0
    endloop
  endfacet
  facet normal -0.32144 0.94693 0
    outer loop
      vertex -7.35343 20.2034 210
      vertex -6.46517 20.5049 210
      vertex -7.35343 20.2034 0
    endloop
  endfacet
  facet normal -0.32144 0.94693 0
    outer loop
      vertex -7.35343 20.2034 0
      vertex -6.46517 20.5049 210
      vertex -6.46517 20.5049 0
    endloop
  endfacet
  facet normal -0.27983 0.96005 0
    outer loop
      vertex -6.46517 20.5049 210
      vertex -5.56461 20.7674 210
      vertex -6.46517 20.5049 0
    endloop
  endfacet
  facet normal -0.27983 0.96005 0
    outer loop
      vertex -6.46517 20.5049 0
      vertex -5.56461 20.7674 210
      vertex -5.56461 20.7674 0
    endloop
  endfacet
  facet normal -0.237686 0.971342 0
    outer loop
      vertex -5.56461 20.7674 210
      vertex -4.65345 20.9904 210
      vertex -5.56461 20.7674 0
    endloop
  endfacet
  facet normal -0.237686 0.971342 0
    outer loop
      vertex -5.56461 20.7674 0
      vertex -4.65345 20.9904 210
      vertex -4.65345 20.9904 0
    endloop
  endfacet
  facet normal -0.195091 0.980785 0
    outer loop
      vertex -4.65345 20.9904 210
      vertex -3.73344 21.1734 210
      vertex -4.65345 20.9904 0
    endloop
  endfacet
  facet normal -0.195091 0.980785 0
    outer loop
      vertex -4.65345 20.9904 0
      vertex -3.73344 21.1734 210
      vertex -3.73344 21.1734 0
    endloop
  endfacet
  facet normal -0.152123 0.988362 0
    outer loop
      vertex -3.73344 21.1734 210
      vertex -2.80631 21.3161 210
      vertex -3.73344 21.1734 0
    endloop
  endfacet
  facet normal -0.152123 0.988362 0
    outer loop
      vertex -3.73344 21.1734 0
      vertex -2.80631 21.3161 210
      vertex -2.80631 21.3161 0
    endloop
  endfacet
  facet normal -0.108867 0.994056 0
    outer loop
      vertex -2.80631 21.3161 210
      vertex -1.87385 21.4182 210
      vertex -2.80631 21.3161 0
    endloop
  endfacet
  facet normal -0.108867 0.994056 0
    outer loop
      vertex -2.80631 21.3161 0
      vertex -1.87385 21.4182 210
      vertex -1.87385 21.4182 0
    endloop
  endfacet
  facet normal -0.0654023 0.997859 0
    outer loop
      vertex -1.87385 21.4182 210
      vertex -0.937817 21.4795 210
      vertex -1.87385 21.4182 0
    endloop
  endfacet
  facet normal -0.0654023 0.997859 0
    outer loop
      vertex -1.87385 21.4182 0
      vertex -0.937817 21.4795 210
      vertex -0.937817 21.4795 0
    endloop
  endfacet
  facet normal -0.0218166 0.999762 0
    outer loop
      vertex -0.937817 21.4795 210
      vertex -1.3165e-15 21.5 210
      vertex -0.937817 21.4795 0
    endloop
  endfacet
  facet normal -0.0218166 0.999762 0
    outer loop
      vertex -0.937817 21.4795 0
      vertex -1.3165e-15 21.5 210
      vertex -1.3165e-15 21.5 0
    endloop
  endfacet
  facet normal 0.0218166 0.999762 0
    outer loop
      vertex -1.3165e-15 21.5 210
      vertex 0.937817 21.4795 210
      vertex -1.3165e-15 21.5 0
    endloop
  endfacet
  facet normal 0.0218166 0.999762 0
    outer loop
      vertex -1.3165e-15 21.5 0
      vertex 0.937817 21.4795 210
      vertex 0.937817 21.4795 0
    endloop
  endfacet
  facet normal 0.0654023 0.997859 0
    outer loop
      vertex 0.937817 21.4795 210
      vertex 1.87385 21.4182 210
      vertex 0.937817 21.4795 0
    endloop
  endfacet
  facet normal 0.0654023 0.997859 0
    outer loop
      vertex 0.937817 21.4795 0
      vertex 1.87385 21.4182 210
      vertex 1.87385 21.4182 0
    endloop
  endfacet
  facet normal 0.108867 0.994056 0
    outer loop
      vertex 1.87385 21.4182 210
      vertex 2.80631 21.3161 210
      vertex 1.87385 21.4182 0
    endloop
  endfacet
  facet normal 0.108867 0.994056 0
    outer loop
      vertex 1.87385 21.4182 0
      vertex 2.80631 21.3161 210
      vertex 2.80631 21.3161 0
    endloop
  endfacet
  facet normal 0.152123 0.988362 0
    outer loop
      vertex 2.80631 21.3161 210
      vertex 3.73344 21.1734 210
      vertex 2.80631 21.3161 0
    endloop
  endfacet
  facet normal 0.152123 0.988362 0
    outer loop
      vertex 2.80631 21.3161 0
      vertex 3.73344 21.1734 210
      vertex 3.73344 21.1734 0
    endloop
  endfacet
  facet normal 0.195091 0.980785 0
    outer loop
      vertex 3.73344 21.1734 210
      vertex 4.65345 20.9904 210
      vertex 3.73344 21.1734 0
    endloop
  endfacet
  facet normal 0.195091 0.980785 0
    outer loop
      vertex 3.73344 21.1734 0
      vertex 4.65345 20.9904 210
      vertex 4.65345 20.9904 0
    endloop
  endfacet
  facet normal 0.237686 0.971342 0
    outer loop
      vertex 4.65345 20.9904 210
      vertex 5.56461 20.7674 210
      vertex 4.65345 20.9904 0
    endloop
  endfacet
  facet normal 0.237686 0.971342 0
    outer loop
      vertex 4.65345 20.9904 0
      vertex 5.56461 20.7674 210
      vertex 5.56461 20.7674 0
    endloop
  endfacet
  facet normal 0.27983 0.96005 0
    outer loop
      vertex 5.56461 20.7674 210
      vertex 6.46517 20.5049 210
      vertex 5.56461 20.7674 0
    endloop
  endfacet
  facet normal 0.27983 0.96005 0
    outer loop
      vertex 5.56461 20.7674 0
      vertex 6.46517 20.5049 210
      vertex 6.46517 20.5049 0
    endloop
  endfacet
  facet normal 0.32144 0.94693 0
    outer loop
      vertex 6.46517 20.5049 210
      vertex 7.35343 20.2034 210
      vertex 6.46517 20.5049 0
    endloop
  endfacet
  facet normal 0.32144 0.94693 0
    outer loop
      vertex 6.46517 20.5049 0
      vertex 7.35343 20.2034 210
      vertex 7.35343 20.2034 0
    endloop
  endfacet
  facet normal 0.362438 0.932008 0
    outer loop
      vertex 7.35343 20.2034 210
      vertex 8.22769 19.8634 210
      vertex 7.35343 20.2034 0
    endloop
  endfacet
  facet normal 0.362438 0.932008 0
    outer loop
      vertex 7.35343 20.2034 0
      vertex 8.22769 19.8634 210
      vertex 8.22769 19.8634 0
    endloop
  endfacet
  facet normal 0.402747 0.915311 0
    outer loop
      vertex 8.22769 19.8634 210
      vertex 9.08629 19.4856 210
      vertex 8.22769 19.8634 0
    endloop
  endfacet
  facet normal 0.402747 0.915311 0
    outer loop
      vertex 8.22769 19.8634 0
      vertex 9.08629 19.4856 210
      vertex 9.08629 19.4856 0
    endloop
  endfacet
  facet normal 0.442288 0.896873 0
    outer loop
      vertex 9.08629 19.4856 210
      vertex 9.9276 19.0707 210
      vertex 9.08629 19.4856 0
    endloop
  endfacet
  facet normal 0.442288 0.896873 0
    outer loop
      vertex 9.08629 19.4856 0
      vertex 9.9276 19.0707 210
      vertex 9.9276 19.0707 0
    endloop
  endfacet
  facet normal 0.480988 0.876727 0
    outer loop
      vertex 9.9276 19.0707 210
      vertex 10.75 18.6195 210
      vertex 9.9276 19.0707 0
    endloop
  endfacet
  facet normal 0.480988 0.876727 0
    outer loop
      vertex 9.9276 19.0707 0
      vertex 10.75 18.6195 210
      vertex 10.75 18.6195 0
    endloop
  endfacet
  facet normal 0.518774 0.854911 0
    outer loop
      vertex 10.75 18.6195 210
      vertex 11.5519 18.1329 210
      vertex 10.75 18.6195 0
    endloop
  endfacet
  facet normal 0.518774 0.854911 0
    outer loop
      vertex 10.75 18.6195 0
      vertex 11.5519 18.1329 210
      vertex 11.5519 18.1329 0
    endloop
  endfacet
  facet normal 0.555571 0.831469 0
    outer loop
      vertex 11.5519 18.1329 210
      vertex 12.3319 17.6118 210
      vertex 11.5519 18.1329 0
    endloop
  endfacet
  facet normal 0.555571 0.831469 0
    outer loop
      vertex 11.5519 18.1329 0
      vertex 12.3319 17.6118 210
      vertex 12.3319 17.6118 0
    endloop
  endfacet
  facet normal 0.591309 0.806445 0
    outer loop
      vertex 12.3319 17.6118 210
      vertex 13.0884 17.0571 210
      vertex 12.3319 17.6118 0
    endloop
  endfacet
  facet normal 0.591309 0.806445 0
    outer loop
      vertex 12.3319 17.6118 0
      vertex 13.0884 17.0571 210
      vertex 13.0884 17.0571 0
    endloop
  endfacet
  facet normal 0.625923 0.779885 0
    outer loop
      vertex 13.0884 17.0571 210
      vertex 13.8199 16.47 210
      vertex 13.0884 17.0571 0
    endloop
  endfacet
  facet normal 0.625923 0.779885 0
    outer loop
      vertex 13.0884 17.0571 0
      vertex 13.8199 16.47 210
      vertex 13.8199 16.47 0
    endloop
  endfacet
  facet normal 0.659346 0.751839 0
    outer loop
      vertex 13.8199 16.47 210
      vertex 14.5252 15.8515 210
      vertex 13.8199 16.47 0
    endloop
  endfacet
  facet normal 0.659346 0.751839 0
    outer loop
      vertex 13.8199 16.47 0
      vertex 14.5252 15.8515 210
      vertex 14.5252 15.8515 0
    endloop
  endfacet
  facet normal 0.691512 0.722365 0
    outer loop
      vertex 14.5252 15.8515 210
      vertex 15.2028 15.2028 210
      vertex 14.5252 15.8515 0
    endloop
  endfacet
  facet normal 0.691512 0.722365 0
    outer loop
      vertex 14.5252 15.8515 0
      vertex 15.2028 15.2028 210
      vertex 15.2028 15.2028 0
    endloop
  endfacet
  facet normal 0.722365 0.691512 0
    outer loop
      vertex 15.2028 15.2028 210
      vertex 15.8515 14.5252 210
      vertex 15.2028 15.2028 0
    endloop
  endfacet
  facet normal 0.722365 0.691512 0
    outer loop
      vertex 15.2028 15.2028 0
      vertex 15.8515 14.5252 210
      vertex 15.8515 14.5252 0
    endloop
  endfacet
  facet normal 0.751839 0.659346 0
    outer loop
      vertex 15.8515 14.5252 210
      vertex 16.47 13.8199 210
      vertex 15.8515 14.5252 0
    endloop
  endfacet
  facet normal 0.751839 0.659346 0
    outer loop
      vertex 15.8515 14.5252 0
      vertex 16.47 13.8199 210
      vertex 16.47 13.8199 0
    endloop
  endfacet
  facet normal 0.779885 0.625923 0
    outer loop
      vertex 16.47 13.8199 210
      vertex 17.0571 13.0884 210
      vertex 16.47 13.8199 0
    endloop
  endfacet
  facet normal 0.779885 0.625923 0
    outer loop
      vertex 16.47 13.8199 0
      vertex 17.0571 13.0884 210
      vertex 17.0571 13.0884 0
    endloop
  endfacet
  facet normal 0.806445 0.591309 0
    outer loop
      vertex 17.0571 13.0884 210
      vertex 17.6118 12.3319 210
      vertex 17.0571 13.0884 0
    endloop
  endfacet
  facet normal 0.806445 0.591309 0
    outer loop
      vertex 17.0571 13.0884 0
      vertex 17.6118 12.3319 210
      vertex 17.6118 12.3319 0
    endloop
  endfacet
  facet normal 0.831469 0.555571 0
    outer loop
      vertex 17.6118 12.3319 210
      vertex 18.1329 11.5519 210
      vertex 17.6118 12.3319 0
    endloop
  endfacet
  facet normal 0.831469 0.555571 0
    outer loop
      vertex 17.6118 12.3319 0
      vertex 18.1329 11.5519 210
      vertex 18.1329 11.5519 0
    endloop
  endfacet
  facet normal 0.854911 0.518774 0
    outer loop
      vertex 18.1329 11.5519 210
      vertex 18.6195 10.75 210
      vertex 18.1329 11.5519 0
    endloop
  endfacet
  facet normal 0.854911 0.518774 0
    outer loop
      vertex 18.1329 11.5519 0
      vertex 18.6195 10.75 210
      vertex 18.6195 10.75 0
    endloop
  endfacet
  facet normal 0.876727 0.480988 0
    outer loop
      vertex 18.6195 10.75 210
      vertex 19.0707 9.9276 210
      vertex 18.6195 10.75 0
    endloop
  endfacet
  facet normal 0.876727 0.480988 0
    outer loop
      vertex 18.6195 10.75 0
      vertex 19.0707 9.9276 210
      vertex 19.0707 9.9276 0
    endloop
  endfacet
  facet normal 0.896873 0.442288 0
    outer loop
      vertex 19.0707 9.9276 210
      vertex 19.4856 9.08629 210
      vertex 19.0707 9.9276 0
    endloop
  endfacet
  facet normal 0.896873 0.442288 0
    outer loop
      vertex 19.0707 9.9276 0
      vertex 19.4856 9.08629 210
      vertex 19.4856 9.08629 0
    endloop
  endfacet
  facet normal 0.915311 0.402747 0
    outer loop
      vertex 19.4856 9.08629 210
      vertex 19.8634 8.22769 210
      vertex 19.4856 9.08629 0
    endloop
  endfacet
  facet normal 0.915311 0.402747 0
    outer loop
      vertex 19.4856 9.08629 0
      vertex 19.8634 8.22769 210
      vertex 19.8634 8.22769 0
    endloop
  endfacet
  facet normal 0.932008 0.362438 0
    outer loop
      vertex 19.8634 8.22769 210
      vertex 20.2034 7.35343 210
      vertex 19.8634 8.22769 0
    endloop
  endfacet
  facet normal 0.932008 0.362438 0
    outer loop
      vertex 19.8634 8.22769 0
      vertex 20.2034 7.35343 210
      vertex 20.2034 7.35343 0
    endloop
  endfacet
  facet normal 0.94693 0.32144 0
    outer loop
      vertex 20.2034 7.35343 210
      vertex 20.5049 6.46517 210
      vertex 20.2034 7.35343 0
    endloop
  endfacet
  facet normal 0.94693 0.32144 0
    outer loop
      vertex 20.2034 7.35343 0
      vertex 20.5049 6.46517 210
      vertex 20.5049 6.46517 0
    endloop
  endfacet
  facet normal 0.96005 0.27983 0
    outer loop
      vertex 20.5049 6.46517 210
      vertex 20.7674 5.56461 210
      vertex 20.5049 6.46517 0
    endloop
  endfacet
  facet normal 0.96005 0.27983 0
    outer loop
      vertex 20.5049 6.46517 0
      vertex 20.7674 5.56461 210
      vertex 20.7674 5.56461 0
    endloop
  endfacet
  facet normal 0.971342 0.237686 0
    outer loop
      vertex 20.7674 5.56461 210
      vertex 20.9904 4.65345 210
      vertex 20.7674 5.56461 0
    endloop
  endfacet
  facet normal 0.971342 0.237686 0
    outer loop
      vertex 20.7674 5.56461 0
      vertex 20.9904 4.65345 210
      vertex 20.9904 4.65345 0
    endloop
  endfacet
  facet normal 0.980785 0.195091 0
    outer loop
      vertex 20.9904 4.65345 210
      vertex 21.1734 3.73344 210
      vertex 20.9904 4.65345 0
    endloop
  endfacet
  facet normal 0.980785 0.195091 0
    outer loop
      vertex 20.9904 4.65345 0
      vertex 21.1734 3.73344 210
      vertex 21.1734 3.73344 0
    endloop
  endfacet
  facet normal 0.988362 0.152123 0
    outer loop
      vertex 21.1734 3.73344 210
      vertex 21.3161 2.80631 210
      vertex 21.1734 3.73344 0
    endloop
  endfacet
  facet normal 0.988362 0.152123 0
    outer loop
      vertex 21.1734 3.73344 0
      vertex 21.3161 2.80631 210
      vertex 21.3161 2.80631 0
    endloop
  endfacet
  facet normal 0.994056 0.108867 0
    outer loop
      vertex 21.3161 2.80631 210
      vertex 21.4182 1.87385 210
      vertex 21.3161 2.80631 0
    endloop
  endfacet
  facet normal 0.994056 0.108867 0
    outer loop
      vertex 21.3161 2.80631 0
      vertex 21.4182 1.87385 210
      vertex 21.4182 1.87385 0
    endloop
  endfacet
  facet normal 0.997859 0.0654023 0
    outer loop
      vertex 21.4182 1.87385 210
      vertex 21.4795 0.937817 210
      vertex 21.4182 1.87385 0
    endloop
  endfacet
  facet normal 0.997859 0.0654023 0
    outer loop
      vertex 21.4182 1.87385 0
      vertex 21.4795 0.937817 210
      vertex 21.4795 0.937817 0
    endloop
  endfacet
  facet normal 0.999762 0.0218166 0
    outer loop
      vertex 21.4795 0.937817 210
      vertex 21.5 9.21547e-15 210
      vertex 21.4795 0.937817 0
    endloop
  endfacet
  facet normal 0.999762 0.0218166 -5.54286e-19
    outer loop
      vertex 21.4795 0.937817 0
      vertex 21.5 9.21547e-15 210
      vertex 21.5 3.94949e-15 0
    endloop
  endfacet
  facet normal 0.999762 -0.0218166 5.47076e-19
    outer loop
      vertex 21.5 9.21547e-15 210
      vertex 21.4795 -0.937817 210
      vertex 21.5 3.94949e-15 0
    endloop
  endfacet
  facet normal 0.999762 -0.0218166 0
    outer loop
      vertex 21.5 3.94949e-15 0
      vertex 21.4795 -0.937817 210
      vertex 21.4795 -0.937817 0
    endloop
  endfacet
  facet normal 0.997859 -0.0654023 0
    outer loop
      vertex 21.4795 -0.937817 210
      vertex 21.4182 -1.87385 210
      vertex 21.4795 -0.937817 0
    endloop
  endfacet
  facet normal 0.997859 -0.0654023 0
    outer loop
      vertex 21.4795 -0.937817 0
      vertex 21.4182 -1.87385 210
      vertex 21.4182 -1.87385 0
    endloop
  endfacet
  facet normal 0.994056 -0.108867 0
    outer loop
      vertex 21.4182 -1.87385 210
      vertex 21.3161 -2.80631 210
      vertex 21.4182 -1.87385 0
    endloop
  endfacet
  facet normal 0.994056 -0.108867 0
    outer loop
      vertex 21.4182 -1.87385 0
      vertex 21.3161 -2.80631 210
      vertex 21.3161 -2.80631 0
    endloop
  endfacet
  facet normal 0.988362 -0.152123 0
    outer loop
      vertex 21.3161 -2.80631 210
      vertex 21.1734 -3.73344 210
      vertex 21.3161 -2.80631 0
    endloop
  endfacet
  facet normal 0.988362 -0.152123 0
    outer loop
      vertex 21.3161 -2.80631 0
      vertex 21.1734 -3.73344 210
      vertex 21.1734 -3.73344 0
    endloop
  endfacet
  facet normal 0.980785 -0.195091 0
    outer loop
      vertex 21.1734 -3.73344 210
      vertex 20.9904 -4.65345 210
      vertex 21.1734 -3.73344 0
    endloop
  endfacet
  facet normal 0.980785 -0.195091 0
    outer loop
      vertex 21.1734 -3.73344 0
      vertex 20.9904 -4.65345 210
      vertex 20.9904 -4.65345 0
    endloop
  endfacet
  facet normal 0.971342 -0.237686 0
    outer loop
      vertex 20.9904 -4.65345 210
      vertex 20.7674 -5.56461 210
      vertex 20.9904 -4.65345 0
    endloop
  endfacet
  facet normal 0.971342 -0.237686 0
    outer loop
      vertex 20.9904 -4.65345 0
      vertex 20.7674 -5.56461 210
      vertex 20.7674 -5.56461 0
    endloop
  endfacet
  facet normal 0.962238 -0.272208 0
    outer loop
      vertex 20.7674 -5.56461 210
      vertex 20.6049 -6.13917 178
      vertex 20.7674 -5.56461 0
    endloop
  endfacet
  facet normal 0.96005 -0.27983 -2.66009e-5
    outer loop
      vertex 20.7674 -5.56461 0
      vertex 20.6049 -6.13917 178
      vertex 20.5049 -6.46517 0
    endloop
  endfacet
  facet normal 0.956071 -0.293134 0
    outer loop
      vertex 20.6049 -6.13917 178
      vertex 20.5049 -6.46517 178
      vertex 20.5049 -6.46517 0
    endloop
  endfacet
  facet normal 0.94693 -0.32144 0
    outer loop
      vertex 20.5049 -6.46517 0
      vertex 20.5049 -6.46517 178
      vertex 20.2034 -7.35343 178
    endloop
  endfacet
  facet normal 0 0 -1
    outer loop
      vertex -6.67783 -16.1217 1
      vertex -7.44319 -17.9695 1
      vertex -7.37469 -15.8151 1
    endloop
  endfacet
  facet normal 0 0 -1
    outer loop
      vertex -7.44319 -17.9695 1
      vertex -8.21992 -17.6277 1
      vertex -7.37469 -15.8151 1
    endloop
  endfacet
  facet normal 0 0 -1
    outer loop
      vertex -7.37469 -15.8151 1
      vertex -8.21992 -17.6277 1
      vertex -8.05751 -15.4783 1
    endloop
  endfacet
  facet normal 0 0 -1
    outer loop
      vertex -8.21992 -17.6277 1
      vertex -8.98101 -17.2524 1
      vertex -8.05751 -15.4783 1
    endloop
  endfacet
  facet normal 0 0 -1
    outer loop
      vertex -8.05751 -15.4783 1
      vertex -8.98101 -17.2524 1
      vertex -8.725 -15.1121 1
    endloop
  endfacet
  facet normal 0 0 -1
    outer loop
      vertex -8.98101 -17.2524 1
      vertex -9.725 -16.8442 1
      vertex -8.725 -15.1121 1
    endloop
  endfacet
  facet normal 0 0 -1
    outer loop
      vertex -8.725 -15.1121 1
      vertex -9.725 -16.8442 1
      vertex -9.37588 -14.7172 1
    endloop
  endfacet
  facet normal 0 0 -1
    outer loop
      vertex -9.725 -16.8442 1
      vertex -10.4505 -16.404 1
      vertex -9.37588 -14.7172 1
    endloop
  endfacet
  facet normal 0 0 -1
    outer loop
      vertex -9.37588 -14.7172 1
      vertex -10.4505 -16.404 1
      vertex -10.0089 -14.2942 1
    endloop
  endfacet
  facet normal 0 0 -1
    outer loop
      vertex -10.4505 -16.404 1
      vertex -11.1561 -15.9325 1
      vertex -10.0089 -14.2942 1
    endloop
  endfacet
  facet normal 0 0 -1
    outer loop
      vertex -10.0089 -14.2942 1
      vertex -11.1561 -15.9325 1
      vertex -10.6229 -13.844 1
    endloop
  endfacet
  facet normal 0 0 -1
    outer loop
      vertex -11.1561 -15.9325 1
      vertex -11.8404 -15.4307 1
      vertex -10.6229 -13.844 1
    endloop
  endfacet
  facet normal 0 0 -1
    outer loop
      vertex -10.6229 -13.844 1
      vertex -11.8404 -15.4307 1
      vertex -11.2166 -13.3675 1
    endloop
  endfacet
  facet normal 0 0 -1
    outer loop
      vertex -11.8404 -15.4307 1
      vertex -12.5022 -14.8996 1
      vertex -11.2166 -13.3675 1
    endloop
  endfacet
  facet normal 0 0 -1
    outer loop
      vertex -11.2166 -13.3675 1
      vertex -12.5022 -14.8996 1
      vertex -11.789 -12.8655 1
    endloop
  endfacet
  facet normal 0 0 -1
    outer loop
      vertex -12.5022 -14.8996 1
      vertex -13.1402 -14.34 1
      vertex -11.789 -12.8655 1
    endloop
  endfacet
  facet normal 0 0 -1
    outer loop
      vertex -11.789 -12.8655 1
      vertex -13.1402 -14.34 1
      vertex -12.339 -12.339 1
    endloop
  endfacet
  facet normal 0 0 -1
    outer loop
      vertex -13.1402 -14.34 1
      vertex -13.7532 -13.7532 1
      vertex -12.339 -12.339 1
    endloop
  endfacet
  facet normal 0 0 -1
    outer loop
      vertex -12.339 -12.339 1
      vertex -13.7532 -13.7532 1
      vertex -12.8655 -11.789 1
    endloop
  endfacet
  facet normal 0 0 -1
    outer loop
      vertex -13.7532 -13.7532 1
      vertex -14.34 -13.1402 1
      vertex -12.8655 -11.789 1
    endloop
  endfacet
  facet normal 0 0 -1
    outer loop
      vertex -12.8655 -11.789 1
      vertex -14.34 -13.1402 1
      vertex -13.3675 -11.2166 1
    endloop
  endfacet
  facet normal 0 0 -1
    outer loop
      vertex -14.34 -13.1402 1
      vertex -14.8996 -12.5022 1
      vertex -13.3675 -11.2166 1
    endloop
  endfacet
  facet normal 0 0 -1
    outer loop
      vertex -13.3675 -11.2166 1
      vertex -14.8996 -12.5022 1
      vertex -13.844 -10.6229 1
    endloop
  endfacet
  facet normal 0 0 -1
    outer loop
      vertex -14.8996 -12.5022 1
      vertex -15.4307 -11.8404 1
      vertex -13.844 -10.6229 1
    endloop
  endfacet
  facet normal 0 0 -1
    outer loop
      vertex -13.844 -10.6229 1
      vertex -15.4307 -11.8404 1
      vertex -14.2942 -10.0089 1
    endloop
  endfacet
  facet normal 0 0 -1
    outer loop
      vertex -15.4307 -11.8404 1
      vertex -15.9325 -11.1561 1
      vertex -14.2942 -10.0089 1
    endloop
  endfacet
  facet normal 0 0 -1
    outer loop
      vertex -14.2942 -10.0089 1
      vertex -15.9325 -11.1561 1
      vertex -14.7172 -9.37588 1
    endloop
  endfacet
  facet normal 0 0 -1
    outer loop
      vertex -15.9325 -11.1561 1
      vertex -16.404 -10.4505 1
      vertex -14.7172 -9.37588 1
    endloop
  endfacet
  facet normal 0 0 -1
    outer loop
      vertex -14.7172 -9.37588 1
      vertex -16.404 -10.4505 1
      vertex -15.1121 -8.725 1
    endloop
  endfacet
  facet normal 0 0 -1
    outer loop
      vertex -16.404 -10.4505 1
      vertex -16.8442 -9.725 1
      vertex -15.1121 -8.725 1
    endloop
  endfacet
  facet normal 0 0 -1
    outer loop
      vertex -15.1121 -8.725 1
      vertex -16.8442 -9.725 1
      vertex -15.4783 -8.05751 1
    endloop
  endfacet
  facet normal 0 0 -1
    outer loop
      vertex -16.8442 -9.725 1
      vertex -17.2524 -8.98101 1
      vertex -15.4783 -8.05751 1
    endloop
  endfacet
  facet normal 0 0 -1
    outer loop
      vertex -15.4783 -8.05751 1
      vertex -17.2524 -8.98101 1
      vertex -15.8151 -7.37469 1
    endloop
  endfacet
  facet normal 0 0 -1
    outer loop
      vertex -17.2524 -8.98101 1
      vertex -17.6277 -8.21992 1
      vertex -15.8151 -7.37469 1
    endloop
  endfacet
  facet normal 0 0 -1
    outer loop
      vertex -15.8151 -7.37469 1
      vertex -17.6277 -8.21992 1
      vertex -16.1217 -6.67783 1
    endloop
  endfacet
  facet normal 0 0 -1
    outer loop
      vertex -17.6277 -8.21992 1
      vertex -17.9695 -7.44319 1
      vertex -16.1217 -6.67783 1
    endloop
  endfacet
  facet normal 0.0953228 -0.995446 0
    outer loop
      vertex 12.3092 -28.9528 178
      vertex 24.1991 -27.8142 178
      vertex 12.3092 -28.9528 185
    endloop
  endfacet
  facet normal 0.0953228 -0.995446 0
    outer loop
      vertex 24.1991 -27.8142 178
      vertex 24.1991 -27.8142 185
      vertex 12.3092 -28.9528 185
    endloop
  endfacet
  facet normal -0.510139 -0.860092 0
    outer loop
      vertex 9.07762 14.903 10.1241
      vertex 9.07762 14.903 30.1241
      vertex 8.725 15.1121 30.1241
    endloop
  endfacet
  facet normal -0.915312 -0.402747 0
    outer loop
      vertex 16.1217 6.67783 1
      vertex 16.1217 6.67783 10.1241
      vertex 15.8151 7.37469 1
    endloop
  endfacet
  facet normal -0.915312 -0.402747 0
    outer loop
      vertex 16.1217 6.67783 10.1241
      vertex 15.8151 7.37469 10.1241
      vertex 15.8151 7.37469 1
    endloop
  endfacet
  facet normal -0.896872 -0.44229 0
    outer loop
      vertex 15.8151 7.37469 1
      vertex 15.8151 7.37469 10.1241
      vertex 15.4783 8.05751 1
    endloop
  endfacet
  facet normal -0.896872 -0.44229 0
    outer loop
      vertex 15.8151 7.37469 10.1241
      vertex 15.4783 8.05751 10.1241
      vertex 15.4783 8.05751 1
    endloop
  endfacet
  facet normal -0.876726 -0.480989 0
    outer loop
      vertex 15.4783 8.05751 1
      vertex 15.4783 8.05751 10.1241
      vertex 15.1121 8.725 1
    endloop
  endfacet
  facet normal -0.876726 -0.480989 0
    outer loop
      vertex 15.4783 8.05751 10.1241
      vertex 15.1121 8.725 10.1241
      vertex 15.1121 8.725 1
    endloop
  endfacet
  facet normal -0.854912 -0.518773 0
    outer loop
      vertex 15.1121 8.725 1
      vertex 15.1121 8.725 10.1241
      vertex 14.7172 9.37588 1
    endloop
  endfacet
  facet normal -0.854912 -0.518773 0
    outer loop
      vertex 15.1121 8.725 10.1241
      vertex 14.7172 9.37588 10.1241
      vertex 14.7172 9.37588 1
    endloop
  endfacet
  facet normal -0.83147 -0.55557 0
    outer loop
      vertex 14.7172 9.37588 1
      vertex 14.7172 9.37588 10.1241
      vertex 14.2942 10.0089 1
    endloop
  endfacet
  facet normal -0.83147 -0.55557 0
    outer loop
      vertex 14.7172 9.37588 10.1241
      vertex 14.2942 10.0089 10.1241
      vertex 14.2942 10.0089 1
    endloop
  endfacet
  facet normal -0.806445 -0.59131 0
    outer loop
      vertex 14.2942 10.0089 1
      vertex 14.2942 10.0089 10.1241
      vertex 13.844 10.6229 1
    endloop
  endfacet
  facet normal -0.806445 -0.59131 0
    outer loop
      vertex 14.2942 10.0089 10.1241
      vertex 13.844 10.6229 10.1241
      vertex 13.844 10.6229 1
    endloop
  endfacet
  facet normal -0.779885 -0.625923 0
    outer loop
      vertex 13.844 10.6229 1
      vertex 13.844 10.6229 10.1241
      vertex 13.3675 11.2166 1
    endloop
  endfacet
  facet normal -0.779885 -0.625923 0
    outer loop
      vertex 13.844 10.6229 10.1241
      vertex 13.3675 11.2166 10.1241
      vertex 13.3675 11.2166 1
    endloop
  endfacet
  facet normal -0.751839 -0.659347 0
    outer loop
      vertex 13.3675 11.2166 1
      vertex 13.3675 11.2166 10.1241
      vertex 12.8655 11.789 1
    endloop
  endfacet
  facet normal -0.751839 -0.659347 0
    outer loop
      vertex 13.3675 11.2166 10.1241
      vertex 12.8655 11.789 10.1241
      vertex 12.8655 11.789 1
    endloop
  endfacet
  facet normal -0.722365 -0.691512 0
    outer loop
      vertex 12.8655 11.789 1
      vertex 12.8655 11.789 10.1241
      vertex 12.339 12.339 1
    endloop
  endfacet
  facet normal -0.722365 -0.691512 0
    outer loop
      vertex 12.8655 11.789 10.1241
      vertex 12.339 12.339 10.1241
      vertex 12.339 12.339 1
    endloop
  endfacet
  facet normal -0.691512 -0.722365 0
    outer loop
      vertex 12.339 12.339 1
      vertex 12.339 12.339 10.1241
      vertex 11.789 12.8655 1
    endloop
  endfacet
  facet normal -0.691512 -0.722365 0
    outer loop
      vertex 12.339 12.339 10.1241
      vertex 11.789 12.8655 10.1241
      vertex 11.789 12.8655 1
    endloop
  endfacet
  facet normal -0.659347 -0.751839 0
    outer loop
      vertex 11.789 12.8655 1
      vertex 11.789 12.8655 10.1241
      vertex 11.2166 13.3675 1
    endloop
  endfacet
  facet normal -0.659347 -0.751839 0
    outer loop
      vertex 11.789 12.8655 10.1241
      vertex 11.2166 13.3675 10.1241
      vertex 11.2166 13.3675 1
    endloop
  endfacet
  facet normal -0.625923 -0.779885 0
    outer loop
      vertex 11.2166 13.3675 1
      vertex 11.2166 13.3675 10.1241
      vertex 10.6229 13.844 1
    endloop
  endfacet
  facet normal -0.625923 -0.779885 0
    outer loop
      vertex 11.2166 13.3675 10.1241
      vertex 10.6229 13.844 10.1241
      vertex 10.6229 13.844 1
    endloop
  endfacet
  facet normal -0.59131 -0.806445 0
    outer loop
      vertex 10.6229 13.844 1
      vertex 10.6229 13.844 10.1241
      vertex 10.0089 14.2942 1
    endloop
  endfacet
  facet normal -0.59131 -0.806445 0
    outer loop
      vertex 10.6229 13.844 10.1241
      vertex 10.0089 14.2942 10.1241
      vertex 10.0089 14.2942 1
    endloop
  endfacet
  facet normal -0.55557 -0.83147 0
    outer loop
      vertex 10.0089 14.2942 1
      vertex 10.0089 14.2942 10.1241
      vertex 9.37588 14.7172 1
    endloop
  endfacet
  facet normal -0.55557 -0.83147 0
    outer loop
      vertex 10.0089 14.2942 10.1241
      vertex 9.37588 14.7172 10.1241
      vertex 9.37588 14.7172 1
    endloop
  endfacet
  facet normal -0.518773 -0.854912 0
    outer loop
      vertex 9.37588 14.7172 1
      vertex 9.37588 14.7172 10.1241
      vertex 8.725 15.1121 1
    endloop
  endfacet
  facet normal -0.402747 -0.915312 0
    outer loop
      vertex 6.67783 16.1217 30.1241
      vertex 6.67783 16.1217 1
      vertex 7.37469 15.8151 30.1241
    endloop
  endfacet
  facet normal -0.402747 -0.915312 0
    outer loop
      vertex 6.67783 16.1217 1
      vertex 7.37469 15.8151 1
      vertex 7.37469 15.8151 30.1241
    endloop
  endfacet
  facet normal -0.44229 -0.896872 0
    outer loop
      vertex 7.37469 15.8151 30.1241
      vertex 7.37469 15.8151 1
      vertex 8.05751 15.4783 30.1241
    endloop
  endfacet
  facet normal -0.44229 -0.896872 0
    outer loop
      vertex 7.37469 15.8151 1
      vertex 8.05751 15.4783 1
      vertex 8.05751 15.4783 30.1241
    endloop
  endfacet
  facet normal -0.480989 -0.876726 0
    outer loop
      vertex 8.05751 15.4783 30.1241
      vertex 8.05751 15.4783 1
      vertex 8.725 15.1121 30.1241
    endloop
  endfacet
  facet normal -0.480989 -0.876726 0
    outer loop
      vertex 8.05751 15.4783 1
      vertex 8.725 15.1121 1
      vertex 8.725 15.1121 30.1241
    endloop
  endfacet
  facet normal -0.510139 -0.860092 0
    outer loop
      vertex 8.725 15.1121 30.1241
      vertex 8.725 15.1121 1
      vertex 9.07762 14.903 10.1241
    endloop
  endfacet
  facet normal -0.52878 -0.848758 0.000980228
    outer loop
      vertex 8.725 15.1121 1
      vertex 9.37588 14.7172 10.1241
      vertex 9.07762 14.903 10.1241
    endloop
  endfacet
  facet normal -0.983268 -0.182163 0
    outer loop
      vertex 6.12393 -20.6094 178
      vertex 6.91628 -24.8863 178
      vertex 6.12393 -20.6094 185
    endloop
  endfacet
  facet normal -0.983268 -0.182163 0
    outer loop
      vertex 6.91628 -24.8863 178
      vertex 6.91628 -24.8863 185
      vertex 6.12393 -20.6094 185
    endloop
  endfacet
  facet normal 0.860092 -0.510139 0
    outer loop
      vertex -14.903 9.07762 10.1241
      vertex -14.903 9.07762 30.1241
      vertex -15.1121 8.725 30.1241
    endloop
  endfacet
  facet normal 0.402747 -0.915312 0
    outer loop
      vertex -6.67783 16.1217 1
      vertex -6.67783 16.1217 10.1241
      vertex -7.37469 15.8151 1
    endloop
  endfacet
  facet normal 0.402747 -0.915312 0
    outer loop
      vertex -6.67783 16.1217 10.1241
      vertex -7.37469 15.8151 10.1241
      vertex -7.37469 15.8151 1
    endloop
  endfacet
  facet normal 0.44229 -0.896872 0
    outer loop
      vertex -7.37469 15.8151 1
      vertex -7.37469 15.8151 10.1241
      vertex -8.05751 15.4783 1
    endloop
  endfacet
  facet normal 0.44229 -0.896872 0
    outer loop
      vertex -7.37469 15.8151 10.1241
      vertex -8.05751 15.4783 10.1241
      vertex -8.05751 15.4783 1
    endloop
  endfacet
  facet normal 0.480989 -0.876726 0
    outer loop
      vertex -8.05751 15.4783 1
      vertex -8.05751 15.4783 10.1241
      vertex -8.725 15.1121 1
    endloop
  endfacet
  facet normal 0.480989 -0.876726 0
    outer loop
      vertex -8.05751 15.4783 10.1241
      vertex -8.725 15.1121 10.1241
      vertex -8.725 15.1121 1
    endloop
  endfacet
  facet normal 0.518773 -0.854912 0
    outer loop
      vertex -8.725 15.1121 1
      vertex -8.725 15.1121 10.1241
      vertex -9.37588 14.7172 1
    endloop
  endfacet
  facet normal 0.518773 -0.854912 0
    outer loop
      vertex -8.725 15.1121 10.1241
      vertex -9.37588 14.7172 10.1241
      vertex -9.37588 14.7172 1
    endloop
  endfacet
  facet normal 0.55557 -0.83147 0
    outer loop
      vertex -9.37588 14.7172 1
      vertex -9.37588 14.7172 10.1241
      vertex -10.0089 14.2942 1
    endloop
  endfacet
  facet normal 0.55557 -0.83147 0
    outer loop
      vertex -9.37588 14.7172 10.1241
      vertex -10.0089 14.2942 10.1241
      vertex -10.0089 14.2942 1
    endloop
  endfacet
  facet normal 0.59131 -0.806445 0
    outer loop
      vertex -10.0089 14.2942 1
      vertex -10.0089 14.2942 10.1241
      vertex -10.6229 13.844 1
    endloop
  endfacet
  facet normal 0.59131 -0.806445 0
    outer loop
      vertex -10.0089 14.2942 10.1241
      vertex -10.6229 13.844 10.1241
      vertex -10.6229 13.844 1
    endloop
  endfacet
  facet normal 0.625923 -0.779885 0
    outer loop
      vertex -10.6229 13.844 1
      vertex -10.6229 13.844 10.1241
      vertex -11.2166 13.3675 1
    endloop
  endfacet
  facet normal 0.625923 -0.779885 0
    outer loop
      vertex -10.6229 13.844 10.1241
      vertex -11.2166 13.3675 10.1241
      vertex -11.2166 13.3675 1
    endloop
  endfacet
  facet normal 0.659347 -0.751839 0
    outer loop
      vertex -11.2166 13.3675 1
      vertex -11.2166 13.3675 10.1241
      vertex -11.789 12.8655 1
    endloop
  endfacet
  facet normal 0.659347 -0.751839 0
    outer loop
      vertex -11.2166 13.3675 10.1241
      vertex -11.789 12.8655 10.1241
      vertex -11.789 12.8655 1
    endloop
  endfacet
  facet normal 0.691512 -0.722365 0
    outer loop
      vertex -11.789 12.8655 1
      vertex -11.789 12.8655 10.1241
      vertex -12.339 12.339 1
    endloop
  endfacet
  facet normal 0.691512 -0.722365 0
    outer loop
      vertex -11.789 12.8655 10.1241
      vertex -12.339 12.339 10.1241
      vertex -12.339 12.339 1
    endloop
  endfacet
  facet normal 0.722365 -0.691512 0
    outer loop
      vertex -12.339 12.339 1
      vertex -12.339 12.339 10.1241
      vertex -12.8655 11.789 1
    endloop
  endfacet
  facet normal 0.722365 -0.691512 0
    outer loop
      vertex -12.339 12.339 10.1241
      vertex -12.8655 11.789 10.1241
      vertex -12.8655 11.789 1
    endloop
  endfacet
  facet normal 0.751839 -0.659347 0
    outer loop
      vertex -12.8655 11.789 1
      vertex -12.8655 11.789 10.1241
      vertex -13.3675 11.2166 1
    endloop
  endfacet
  facet normal 0.751839 -0.659347 0
    outer loop
      vertex -12.8655 11.789 10.1241
      vertex -13.3675 11.2166 10.1241
      vertex -13.3675 11.2166 1
    endloop
  endfacet
  facet normal 0.779885 -0.625923 0
    outer loop
      vertex -13.3675 11.2166 1
      vertex -13.3675 11.2166 10.1241
      vertex -13.844 10.6229 1
    endloop
  endfacet
  facet normal 0.779885 -0.625923 0
    outer loop
      vertex -13.3675 11.2166 10.1241
      vertex -13.844 10.6229 10.1241
      vertex -13.844 10.6229 1
    endloop
  endfacet
  facet normal 0.806445 -0.59131 0
    outer loop
      vertex -13.844 10.6229 1
      vertex -13.844 10.6229 10.1241
      vertex -14.2942 10.0089 1
    endloop
  endfacet
  facet normal 0.806445 -0.59131 0
    outer loop
      vertex -13.844 10.6229 10.1241
      vertex -14.2942 10.0089 10.1241
      vertex -14.2942 10.0089 1
    endloop
  endfacet
  facet normal 0.83147 -0.55557 0
    outer loop
      vertex -14.2942 10.0089 1
      vertex -14.2942 10.0089 10.1241
      vertex -14.7172 9.37588 1
    endloop
  endfacet
  facet normal 0.83147 -0.55557 0
    outer loop
      vertex -14.2942 10.0089 10.1241
      vertex -14.7172 9.37588 10.1241
      vertex -14.7172 9.37588 1
    endloop
  endfacet
  facet normal 0.854912 -0.518773 0
    outer loop
      vertex -14.7172 9.37588 1
      vertex -14.7172 9.37588 10.1241
      vertex -15.1121 8.725 1
    endloop
  endfacet
  facet normal 0.915312 -0.402747 0
    outer loop
      vertex -16.1217 6.67783 30.1241
      vertex -16.1217 6.67783 1
      vertex -15.8151 7.37469 30.1241
    endloop
  endfacet
  facet normal 0.915312 -0.402747 0
    outer loop
      vertex -16.1217 6.67783 1
      vertex -15.8151 7.37469 1
      vertex -15.8151 7.37469 30.1241
    endloop
  endfacet
  facet normal 0.896872 -0.44229 0
    outer loop
      vertex -15.8151 7.37469 30.1241
      vertex -15.8151 7.37469 1
      vertex -15.4783 8.05751 30.1241
    endloop
  endfacet
  facet normal 0.896872 -0.44229 0
    outer loop
      vertex -15.8151 7.37469 1
      vertex -15.4783 8.05751 1
      vertex -15.4783 8.05751 30.1241
    endloop
  endfacet
  facet normal 0.876726 -0.480989 0
    outer loop
      vertex -15.4783 8.05751 30.1241
      vertex -15.4783 8.05751 1
      vertex -15.1121 8.725 30.1241
    endloop
  endfacet
  facet normal 0.876726 -0.480989 0
    outer loop
      vertex -15.4783 8.05751 1
      vertex -15.1121 8.725 1
      vertex -15.1121 8.725 30.1241
    endloop
  endfacet
  facet normal 0.860092 -0.510139 0
    outer loop
      vertex -15.1121 8.725 30.1241
      vertex -15.1121 8.725 1
      vertex -14.903 9.07762 10.1241
    endloop
  endfacet
  facet normal 0.848758 -0.52878 0.000980228
    outer loop
      vertex -15.1121 8.725 1
      vertex -14.7172 9.37588 10.1241
      vertex -14.903 9.07762 10.1241
    endloop
  endfacet
  facet normal 0.34202 -0.939693 0
    outer loop
      vertex 12.3931 -20.0833 178
      vertex 18.0312 -18.0312 178
      vertex 12.3931 -20.0833 185
    endloop
  endfacet
  facet normal 0.34202 -0.939693 0
    outer loop
      vertex 18.0312 -18.0312 178
      vertex 18.0312 -18.0312 185
      vertex 12.3931 -20.0833 185
    endloop
  endfacet
  facet normal -0.92388 -0.382683 0
    outer loop
      vertex 7.44319 -17.9695 1
      vertex 7.44319 -17.9695 10.1241
      vertex 6.67783 -16.1217 1
    endloop
  endfacet
  facet normal -0.92388 -0.382683 0
    outer loop
      vertex 7.44319 -17.9695 10.1241
      vertex 6.67783 -16.1217 10.1241
      vertex 6.67783 -16.1217 1
    endloop
  endfacet
  facet normal 0 0 1
    outer loop
      vertex -16.1217 -6.67783 10.1241
      vertex -17.9695 -7.44319 10.1241
      vertex -15.8151 -7.37469 10.1241
    endloop
  endfacet
  facet normal 0 0 1
    outer loop
      vertex -17.9695 -7.44319 10.1241
      vertex -17.6277 -8.21992 10.1241
      vertex -15.8151 -7.37469 10.1241
    endloop
  endfacet
  facet normal 0 0 1
    outer loop
      vertex -15.8151 -7.37469 10.1241
      vertex -17.6277 -8.21992 10.1241
      vertex -15.4783 -8.05751 10.1241
    endloop
  endfacet
  facet normal 0 0 1
    outer loop
      vertex -17.6277 -8.21992 10.1241
      vertex -17.2524 -8.98101 10.1241
      vertex -15.4783 -8.05751 10.1241
    endloop
  endfacet
  facet normal 0 0 1
    outer loop
      vertex -15.4783 -8.05751 10.1241
      vertex -17.2524 -8.98101 10.1241
      vertex -15.1121 -8.725 10.1241
    endloop
  endfacet
  facet normal 0 0 1
    outer loop
      vertex -17.2524 -8.98101 10.1241
      vertex -16.8442 -9.725 10.1241
      vertex -15.1121 -8.725 10.1241
    endloop
  endfacet
  facet normal 0 0 1
    outer loop
      vertex -15.1121 -8.725 10.1241
      vertex -16.8442 -9.725 10.1241
      vertex -14.7172 -9.37588 10.1241
    endloop
  endfacet
  facet normal 0 0 1
    outer loop
      vertex -16.8442 -9.725 10.1241
      vertex -16.404 -10.4505 10.1241
      vertex -14.7172 -9.37588 10.1241
    endloop
  endfacet
  facet normal 0 0 1
    outer loop
      vertex -14.7172 -9.37588 10.1241
      vertex -16.404 -10.4505 10.1241
      vertex -14.2942 -10.0089 10.1241
    endloop
  endfacet
  facet normal 0 0 1
    outer loop
      vertex -16.404 -10.4505 10.1241
      vertex -15.9325 -11.1561 10.1241
      vertex -14.2942 -10.0089 10.1241
    endloop
  endfacet
  facet normal 0 0 1
    outer loop
      vertex -14.2942 -10.0089 10.1241
      vertex -15.9325 -11.1561 10.1241
      vertex -13.844 -10.6229 10.1241
    endloop
  endfacet
  facet normal 0 0 1
    outer loop
      vertex -15.9325 -11.1561 10.1241
      vertex -15.4307 -11.8404 10.1241
      vertex -13.844 -10.6229 10.1241
    endloop
  endfacet
  facet normal 0 0 1
    outer loop
      vertex -13.844 -10.6229 10.1241
      vertex -15.4307 -11.8404 10.1241
      vertex -13.3675 -11.2166 10.1241
    endloop
  endfacet
  facet normal 0 0 1
    outer loop
      vertex -15.4307 -11.8404 10.1241
      vertex -14.8996 -12.5022 10.1241
      vertex -13.3675 -11.2166 10.1241
    endloop
  endfacet
  facet normal 0 0 1
    outer loop
      vertex -13.3675 -11.2166 10.1241
      vertex -14.8996 -12.5022 10.1241
      vertex -12.8655 -11.789 10.1241
    endloop
  endfacet
  facet normal 0 0 1
    outer loop
      vertex -14.8996 -12.5022 10.1241
      vertex -14.34 -13.1402 10.1241
      vertex -12.8655 -11.789 10.1241
    endloop
  endfacet
  facet normal 0 0 1
    outer loop
      vertex -12.8655 -11.789 10.1241
      vertex -14.34 -13.1402 10.1241
      vertex -12.339 -12.339 10.1241
    endloop
  endfacet
  facet normal 0 0 1
    outer loop
      vertex -14.34 -13.1402 10.1241
      vertex -13.7532 -13.7532 10.1241
      vertex -12.339 -12.339 10.1241
    endloop
  endfacet
  facet normal 0 0 1
    outer loop
      vertex -12.339 -12.339 10.1241
      vertex -13.7532 -13.7532 10.1241
      vertex -11.789 -12.8655 10.1241
    endloop
  endfacet
  facet normal 0 0 1
    outer loop
      vertex -13.7532 -13.7532 10.1241
      vertex -13.1402 -14.34 10.1241
      vertex -11.789 -12.8655 10.1241
    endloop
  endfacet
  facet normal 0 0 1
    outer loop
      vertex -11.789 -12.8655 10.1241
      vertex -13.1402 -14.34 10.1241
      vertex -11.2166 -13.3675 10.1241
    endloop
  endfacet
  facet normal 0 0 1
    outer loop
      vertex -13.1402 -14.34 10.1241
      vertex -12.5022 -14.8996 10.1241
      vertex -11.2166 -13.3675 10.1241
    endloop
  endfacet
  facet normal 0 0 1
    outer loop
      vertex -11.2166 -13.3675 10.1241
      vertex -12.5022 -14.8996 10.1241
      vertex -10.6229 -13.844 10.1241
    endloop
  endfacet
  facet normal 0 0 1
    outer loop
      vertex -12.5022 -14.8996 10.1241
      vertex -11.8404 -15.4307 10.1241
      vertex -10.6229 -13.844 10.1241
    endloop
  endfacet
  facet normal 0 0 1
    outer loop
      vertex -10.6229 -13.844 10.1241
      vertex -11.8404 -15.4307 10.1241
      vertex -10.0089 -14.2942 10.1241
    endloop
  endfacet
  facet normal 0 0 1
    outer loop
      vertex -11.8404 -15.4307 10.1241
      vertex -11.1561 -15.9325 10.1241
      vertex -10.0089 -14.2942 10.1241
    endloop
  endfacet
  facet normal 0 0 1
    outer loop
      vertex -10.0089 -14.2942 10.1241
      vertex -11.1561 -15.9325 10.1241
      vertex -9.37588 -14.7172 10.1241
    endloop
  endfacet
  facet normal 0 0 1
    outer loop
      vertex -11.1561 -15.9325 10.1241
      vertex -10.4505 -16.404 10.1241
      vertex -9.37588 -14.7172 10.1241
    endloop
  endfacet
  facet normal 0 0 1
    outer loop
      vertex -9.37588 -14.7172 10.1241
      vertex -10.4505 -16.404 10.1241
      vertex -9.07762 -14.903 10.1241
    endloop
  endfacet
  facet normal 0 0 1
    outer loop
      vertex -10.4505 -16.404 10.1241
      vertex -10.118 -16.6111 10.1241
      vertex -9.07762 -14.903 10.1241
    endloop
  endfacet
  facet normal 0.999762 -0.0218146 1.54169e-17
    outer loop
      vertex -13.85 8.97054e-16 34.9241
      vertex -13.85 -2.49522e-15 30.1241
      vertex -13.8368 0.604129 34.9241
    endloop
  endfacet
  facet normal 0.999762 -0.0218146 0
    outer loop
      vertex -13.85 -2.49522e-15 30.1241
      vertex -13.8368 0.604129 30.1241
      vertex -13.8368 0.604129 34.9241
    endloop
  endfacet
  facet normal 0.997859 -0.0654036 0
    outer loop
      vertex -13.8368 0.604129 34.9241
      vertex -13.8368 0.604129 30.1241
      vertex -13.7973 1.20711 34.9241
    endloop
  endfacet
  facet normal 0.997859 -0.0654036 0
    outer loop
      vertex -13.8368 0.604129 30.1241
      vertex -13.7973 1.20711 30.1241
      vertex -13.7973 1.20711 34.9241
    endloop
  endfacet
  facet normal 0.994056 -0.108866 0
    outer loop
      vertex -13.7973 1.20711 34.9241
      vertex -13.7973 1.20711 30.1241
      vertex -13.7315 1.80779 34.9241
    endloop
  endfacet
  facet normal 0.994056 -0.108866 0
    outer loop
      vertex -13.7973 1.20711 30.1241
      vertex -13.7315 1.80779 30.1241
      vertex -13.7315 1.80779 34.9241
    endloop
  endfacet
  facet normal 0.988361 -0.152124 0
    outer loop
      vertex -13.7315 1.80779 34.9241
      vertex -13.7315 1.80779 30.1241
      vertex -13.6396 2.40503 34.9241
    endloop
  endfacet
  facet normal 0.988361 -0.152124 0
    outer loop
      vertex -13.7315 1.80779 30.1241
      vertex -13.6396 2.40503 30.1241
      vertex -13.6396 2.40503 34.9241
    endloop
  endfacet
  facet normal 0.980785 -0.19509 0
    outer loop
      vertex -13.6396 2.40503 34.9241
      vertex -13.6396 2.40503 30.1241
      vertex -13.5217 2.99769 34.9241
    endloop
  endfacet
  facet normal 0.980785 -0.19509 0
    outer loop
      vertex -13.6396 2.40503 30.1241
      vertex -13.5217 2.99769 30.1241
      vertex -13.5217 2.99769 34.9241
    endloop
  endfacet
  facet normal 0.971342 -0.237685 0
    outer loop
      vertex -13.5217 2.99769 34.9241
      vertex -13.5217 2.99769 30.1241
      vertex -13.3781 3.58464 34.9241
    endloop
  endfacet
  facet normal 0.971342 -0.237685 0
    outer loop
      vertex -13.5217 2.99769 30.1241
      vertex -13.3781 3.58464 30.1241
      vertex -13.3781 3.58464 34.9241
    endloop
  endfacet
  facet normal 0.96005 -0.279829 0
    outer loop
      vertex -13.3781 3.58464 34.9241
      vertex -13.3781 3.58464 30.1241
      vertex -13.209 4.16478 34.9241
    endloop
  endfacet
  facet normal 0.96005 -0.279829 0
    outer loop
      vertex -13.3781 3.58464 30.1241
      vertex -13.209 4.16478 30.1241
      vertex -13.209 4.16478 34.9241
    endloop
  endfacet
  facet normal 0.94693 -0.321439 0
    outer loop
      vertex -13.209 4.16478 34.9241
      vertex -13.209 4.16478 30.1241
      vertex -13.0147 4.73698 34.9241
    endloop
  endfacet
  facet normal 0.94693 -0.321439 0
    outer loop
      vertex -13.209 4.16478 30.1241
      vertex -13.0147 4.73698 30.1241
      vertex -13.0147 4.73698 34.9241
    endloop
  endfacet
  facet normal 0.932008 -0.362439 0
    outer loop
      vertex -13.0147 4.73698 34.9241
      vertex -13.0147 4.73698 30.1241
      vertex -12.7957 5.30017 34.9241
    endloop
  endfacet
  facet normal 0.932008 -0.362439 0
    outer loop
      vertex -13.0147 4.73698 30.1241
      vertex -12.7957 5.30017 30.1241
      vertex -12.7957 5.30017 34.9241
    endloop
  endfacet
  facet normal 0.915311 -0.402747 0
    outer loop
      vertex -12.7957 5.30017 34.9241
      vertex -12.7957 5.30017 30.1241
      vertex -12.5524 5.85326 34.9241
    endloop
  endfacet
  facet normal 0.915311 -0.402747 0
    outer loop
      vertex -12.7957 5.30017 30.1241
      vertex -12.5524 5.85326 30.1241
      vertex -12.5524 5.85326 34.9241
    endloop
  endfacet
  facet normal 0.896873 -0.442288 0
    outer loop
      vertex -12.5524 5.85326 34.9241
      vertex -12.5524 5.85326 30.1241
      vertex -12.2851 6.39522 34.9241
    endloop
  endfacet
  facet normal 0.896873 -0.442288 0
    outer loop
      vertex -12.5524 5.85326 30.1241
      vertex -12.2851 6.39522 30.1241
      vertex -12.2851 6.39522 34.9241
    endloop
  endfacet
  facet normal 0.876727 -0.480989 0
    outer loop
      vertex -12.2851 6.39522 34.9241
      vertex -12.2851 6.39522 30.1241
      vertex -11.9945 6.925 34.9241
    endloop
  endfacet
  facet normal 0.876727 -0.480989 0
    outer loop
      vertex -12.2851 6.39522 30.1241
      vertex -11.9945 6.925 30.1241
      vertex -11.9945 6.925 34.9241
    endloop
  endfacet
  facet normal 0.854912 -0.518773 0
    outer loop
      vertex -11.9945 6.925 34.9241
      vertex -11.9945 6.925 30.1241
      vertex -11.681 7.4416 34.9241
    endloop
  endfacet
  facet normal 0.854912 -0.518773 0
    outer loop
      vertex -11.9945 6.925 30.1241
      vertex -11.681 7.4416 30.1241
      vertex -11.681 7.4416 34.9241
    endloop
  endfacet
  facet normal 0.83147 -0.55557 0
    outer loop
      vertex -11.681 7.4416 34.9241
      vertex -11.681 7.4416 30.1241
      vertex -11.3453 7.94403 34.9241
    endloop
  endfacet
  facet normal 0.83147 -0.55557 0
    outer loop
      vertex -11.681 7.4416 30.1241
      vertex -11.3453 7.94403 30.1241
      vertex -11.3453 7.94403 34.9241
    endloop
  endfacet
  facet normal 0.806445 -0.591309 0
    outer loop
      vertex -11.3453 7.94403 34.9241
      vertex -11.3453 7.94403 30.1241
      vertex -10.9879 8.43135 34.9241
    endloop
  endfacet
  facet normal 0.806445 -0.591309 0
    outer loop
      vertex -11.3453 7.94403 30.1241
      vertex -10.9879 8.43135 30.1241
      vertex -10.9879 8.43135 34.9241
    endloop
  endfacet
  facet normal 0.779884 -0.625924 0
    outer loop
      vertex -10.9879 8.43135 34.9241
      vertex -10.9879 8.43135 30.1241
      vertex -10.6097 8.90261 34.9241
    endloop
  endfacet
  facet normal 0.779884 -0.625924 0
    outer loop
      vertex -10.9879 8.43135 30.1241
      vertex -10.6097 8.90261 30.1241
      vertex -10.6097 8.90261 34.9241
    endloop
  endfacet
  facet normal 0.75184 -0.659346 0
    outer loop
      vertex -10.6097 8.90261 34.9241
      vertex -10.6097 8.90261 30.1241
      vertex -10.2113 9.35692 34.9241
    endloop
  endfacet
  facet normal 0.75184 -0.659346 0
    outer loop
      vertex -10.6097 8.90261 30.1241
      vertex -10.2113 9.35692 30.1241
      vertex -10.2113 9.35692 34.9241
    endloop
  endfacet
  facet normal 0.722364 -0.691513 0
    outer loop
      vertex -10.2113 9.35692 34.9241
      vertex -10.2113 9.35692 30.1241
      vertex -9.79343 9.79343 34.9241
    endloop
  endfacet
  facet normal 0.722364 -0.691513 0
    outer loop
      vertex -10.2113 9.35692 30.1241
      vertex -9.79343 9.79343 30.1241
      vertex -9.79343 9.79343 34.9241
    endloop
  endfacet
  facet normal 0.691513 -0.722364 0
    outer loop
      vertex -9.79343 9.79343 34.9241
      vertex -9.79343 9.79343 30.1241
      vertex -9.35692 10.2113 34.9241
    endloop
  endfacet
  facet normal 0.691513 -0.722364 0
    outer loop
      vertex -9.79343 9.79343 30.1241
      vertex -9.35692 10.2113 30.1241
      vertex -9.35692 10.2113 34.9241
    endloop
  endfacet
  facet normal 0.659346 -0.75184 0
    outer loop
      vertex -9.35692 10.2113 34.9241
      vertex -9.35692 10.2113 30.1241
      vertex -8.90261 10.6097 34.9241
    endloop
  endfacet
  facet normal 0.659346 -0.75184 0
    outer loop
      vertex -9.35692 10.2113 30.1241
      vertex -8.90261 10.6097 30.1241
      vertex -8.90261 10.6097 34.9241
    endloop
  endfacet
  facet normal 0.625924 -0.779884 0
    outer loop
      vertex -8.90261 10.6097 34.9241
      vertex -8.90261 10.6097 30.1241
      vertex -8.43135 10.9879 34.9241
    endloop
  endfacet
  facet normal 0.625924 -0.779884 0
    outer loop
      vertex -8.90261 10.6097 30.1241
      vertex -8.43135 10.9879 30.1241
      vertex -8.43135 10.9879 34.9241
    endloop
  endfacet
  facet normal 0.591309 -0.806445 0
    outer loop
      vertex -8.43135 10.9879 34.9241
      vertex -8.43135 10.9879 30.1241
      vertex -7.94403 11.3453 34.9241
    endloop
  endfacet
  facet normal 0.591309 -0.806445 0
    outer loop
      vertex -8.43135 10.9879 30.1241
      vertex -7.94403 11.3453 30.1241
      vertex -7.94403 11.3453 34.9241
    endloop
  endfacet
  facet normal 0.55557 -0.83147 0
    outer loop
      vertex -7.94403 11.3453 34.9241
      vertex -7.94403 11.3453 30.1241
      vertex -7.4416 11.681 34.9241
    endloop
  endfacet
  facet normal 0.55557 -0.83147 0
    outer loop
      vertex -7.94403 11.3453 30.1241
      vertex -7.4416 11.681 30.1241
      vertex -7.4416 11.681 34.9241
    endloop
  endfacet
  facet normal 0.518773 -0.854912 0
    outer loop
      vertex -7.4416 11.681 34.9241
      vertex -7.4416 11.681 30.1241
      vertex -6.925 11.9945 34.9241
    endloop
  endfacet
  facet normal 0.518773 -0.854912 0
    outer loop
      vertex -7.4416 11.681 30.1241
      vertex -6.925 11.9945 30.1241
      vertex -6.925 11.9945 34.9241
    endloop
  endfacet
  facet normal 0.480989 -0.876727 0
    outer loop
      vertex -6.925 11.9945 34.9241
      vertex -6.925 11.9945 30.1241
      vertex -6.39522 12.2851 34.9241
    endloop
  endfacet
  facet normal 0.480989 -0.876727 0
    outer loop
      vertex -6.925 11.9945 30.1241
      vertex -6.39522 12.2851 30.1241
      vertex -6.39522 12.2851 34.9241
    endloop
  endfacet
  facet normal 0.442288 -0.896873 0
    outer loop
      vertex -6.39522 12.2851 34.9241
      vertex -6.39522 12.2851 30.1241
      vertex -5.85326 12.5524 34.9241
    endloop
  endfacet
  facet normal 0.442288 -0.896873 0
    outer loop
      vertex -6.39522 12.2851 30.1241
      vertex -5.85326 12.5524 30.1241
      vertex -5.85326 12.5524 34.9241
    endloop
  endfacet
  facet normal 0.402747 -0.915311 0
    outer loop
      vertex -5.85326 12.5524 34.9241
      vertex -5.85326 12.5524 30.1241
      vertex -5.30017 12.7957 34.9241
    endloop
  endfacet
  facet normal 0.402747 -0.915311 0
    outer loop
      vertex -5.85326 12.5524 30.1241
      vertex -5.30017 12.7957 30.1241
      vertex -5.30017 12.7957 34.9241
    endloop
  endfacet
  facet normal 0.362439 -0.932008 0
    outer loop
      vertex -5.30017 12.7957 34.9241
      vertex -5.30017 12.7957 30.1241
      vertex -4.73698 13.0147 34.9241
    endloop
  endfacet
  facet normal 0.362439 -0.932008 0
    outer loop
      vertex -5.30017 12.7957 30.1241
      vertex -4.73698 13.0147 30.1241
      vertex -4.73698 13.0147 34.9241
    endloop
  endfacet
  facet normal 0.321439 -0.94693 0
    outer loop
      vertex -4.73698 13.0147 34.9241
      vertex -4.73698 13.0147 30.1241
      vertex -4.16478 13.209 34.9241
    endloop
  endfacet
  facet normal 0.321439 -0.94693 0
    outer loop
      vertex -4.73698 13.0147 30.1241
      vertex -4.16478 13.209 30.1241
      vertex -4.16478 13.209 34.9241
    endloop
  endfacet
  facet normal 0.279829 -0.96005 0
    outer loop
      vertex -4.16478 13.209 34.9241
      vertex -4.16478 13.209 30.1241
      vertex -3.58464 13.3781 34.9241
    endloop
  endfacet
  facet normal 0.279829 -0.96005 0
    outer loop
      vertex -4.16478 13.209 30.1241
      vertex -3.58464 13.3781 30.1241
      vertex -3.58464 13.3781 34.9241
    endloop
  endfacet
  facet normal 0.237685 -0.971342 0
    outer loop
      vertex -3.58464 13.3781 34.9241
      vertex -3.58464 13.3781 30.1241
      vertex -2.99769 13.5217 34.9241
    endloop
  endfacet
  facet normal 0.237685 -0.971342 0
    outer loop
      vertex -3.58464 13.3781 30.1241
      vertex -2.99769 13.5217 30.1241
      vertex -2.99769 13.5217 34.9241
    endloop
  endfacet
  facet normal 0.19509 -0.980785 0
    outer loop
      vertex -2.99769 13.5217 34.9241
      vertex -2.99769 13.5217 30.1241
      vertex -2.40503 13.6396 34.9241
    endloop
  endfacet
  facet normal 0.19509 -0.980785 0
    outer loop
      vertex -2.99769 13.5217 30.1241
      vertex -2.40503 13.6396 30.1241
      vertex -2.40503 13.6396 34.9241
    endloop
  endfacet
  facet normal 0.152124 -0.988361 0
    outer loop
      vertex -2.40503 13.6396 34.9241
      vertex -2.40503 13.6396 30.1241
      vertex -1.80779 13.7315 34.9241
    endloop
  endfacet
  facet normal 0.152124 -0.988361 0
    outer loop
      vertex -2.40503 13.6396 30.1241
      vertex -1.80779 13.7315 30.1241
      vertex -1.80779 13.7315 34.9241
    endloop
  endfacet
  facet normal 0.108866 -0.994056 0
    outer loop
      vertex -1.80779 13.7315 34.9241
      vertex -1.80779 13.7315 30.1241
      vertex -1.20711 13.7973 34.9241
    endloop
  endfacet
  facet normal 0.108866 -0.994056 0
    outer loop
      vertex -1.80779 13.7315 30.1241
      vertex -1.20711 13.7973 30.1241
      vertex -1.20711 13.7973 34.9241
    endloop
  endfacet
  facet normal 0.0654036 -0.997859 0
    outer loop
      vertex -1.20711 13.7973 34.9241
      vertex -1.20711 13.7973 30.1241
      vertex -0.604129 13.8368 34.9241
    endloop
  endfacet
  facet normal 0.0654036 -0.997859 0
    outer loop
      vertex -1.20711 13.7973 30.1241
      vertex -0.604129 13.8368 30.1241
      vertex -0.604129 13.8368 34.9241
    endloop
  endfacet
  facet normal 0.0218146 -0.999762 0
    outer loop
      vertex -0.604129 13.8368 34.9241
      vertex -0.604129 13.8368 30.1241
      vertex -8.48068e-16 13.85 34.9241
    endloop
  endfacet
  facet normal 0.0218146 -0.999762 0
    outer loop
      vertex -0.604129 13.8368 30.1241
      vertex -8.48068e-16 13.85 30.1241
      vertex -8.48068e-16 13.85 34.9241
    endloop
  endfacet
  facet normal -0.0218146 -0.999762 0
    outer loop
      vertex -8.48068e-16 13.85 34.9241
      vertex -8.48068e-16 13.85 30.1241
      vertex 0.604129 13.8368 34.9241
    endloop
  endfacet
  facet normal -0.0218146 -0.999762 0
    outer loop
      vertex -8.48068e-16 13.85 30.1241
      vertex 0.604129 13.8368 30.1241
      vertex 0.604129 13.8368 34.9241
    endloop
  endfacet
  facet normal -0.0654036 -0.997859 0
    outer loop
      vertex 0.604129 13.8368 34.9241
      vertex 0.604129 13.8368 30.1241
      vertex 1.20711 13.7973 34.9241
    endloop
  endfacet
  facet normal -0.0654036 -0.997859 0
    outer loop
      vertex 0.604129 13.8368 30.1241
      vertex 1.20711 13.7973 30.1241
      vertex 1.20711 13.7973 34.9241
    endloop
  endfacet
  facet normal -0.108866 -0.994056 0
    outer loop
      vertex 1.20711 13.7973 34.9241
      vertex 1.20711 13.7973 30.1241
      vertex 1.80779 13.7315 34.9241
    endloop
  endfacet
  facet normal -0.108866 -0.994056 0
    outer loop
      vertex 1.20711 13.7973 30.1241
      vertex 1.80779 13.7315 30.1241
      vertex 1.80779 13.7315 34.9241
    endloop
  endfacet
  facet normal -0.152124 -0.988361 0
    outer loop
      vertex 1.80779 13.7315 34.9241
      vertex 1.80779 13.7315 30.1241
      vertex 2.40503 13.6396 34.9241
    endloop
  endfacet
  facet normal -0.152124 -0.988361 0
    outer loop
      vertex 1.80779 13.7315 30.1241
      vertex 2.40503 13.6396 30.1241
      vertex 2.40503 13.6396 34.9241
    endloop
  endfacet
  facet normal -0.19509 -0.980785 0
    outer loop
      vertex 2.40503 13.6396 34.9241
      vertex 2.40503 13.6396 30.1241
      vertex 2.99769 13.5217 34.9241
    endloop
  endfacet
  facet normal -0.19509 -0.980785 0
    outer loop
      vertex 2.40503 13.6396 30.1241
      vertex 2.99769 13.5217 30.1241
      vertex 2.99769 13.5217 34.9241
    endloop
  endfacet
  facet normal -0.237685 -0.971342 0
    outer loop
      vertex 2.99769 13.5217 34.9241
      vertex 2.99769 13.5217 30.1241
      vertex 3.58464 13.3781 34.9241
    endloop
  endfacet
  facet normal -0.237685 -0.971342 0
    outer loop
      vertex 2.99769 13.5217 30.1241
      vertex 3.58464 13.3781 30.1241
      vertex 3.58464 13.3781 34.9241
    endloop
  endfacet
  facet normal -0.279829 -0.96005 0
    outer loop
      vertex 3.58464 13.3781 34.9241
      vertex 3.58464 13.3781 30.1241
      vertex 4.16478 13.209 34.9241
    endloop
  endfacet
  facet normal -0.279829 -0.96005 0
    outer loop
      vertex 3.58464 13.3781 30.1241
      vertex 4.16478 13.209 30.1241
      vertex 4.16478 13.209 34.9241
    endloop
  endfacet
  facet normal -0.321439 -0.94693 0
    outer loop
      vertex 4.16478 13.209 34.9241
      vertex 4.16478 13.209 30.1241
      vertex 4.73698 13.0147 34.9241
    endloop
  endfacet
  facet normal -0.321439 -0.94693 0
    outer loop
      vertex 4.16478 13.209 30.1241
      vertex 4.73698 13.0147 30.1241
      vertex 4.73698 13.0147 34.9241
    endloop
  endfacet
  facet normal -0.362439 -0.932008 0
    outer loop
      vertex 4.73698 13.0147 34.9241
      vertex 4.73698 13.0147 30.1241
      vertex 5.30017 12.7957 34.9241
    endloop
  endfacet
  facet normal -0.362439 -0.932008 0
    outer loop
      vertex 4.73698 13.0147 30.1241
      vertex 5.30017 12.7957 30.1241
      vertex 5.30017 12.7957 34.9241
    endloop
  endfacet
  facet normal -0.402747 -0.915311 0
    outer loop
      vertex 5.30017 12.7957 34.9241
      vertex 5.30017 12.7957 30.1241
      vertex 5.85326 12.5524 34.9241
    endloop
  endfacet
  facet normal -0.402747 -0.915311 0
    outer loop
      vertex 5.30017 12.7957 30.1241
      vertex 5.85326 12.5524 30.1241
      vertex 5.85326 12.5524 34.9241
    endloop
  endfacet
  facet normal -0.442288 -0.896873 0
    outer loop
      vertex 5.85326 12.5524 34.9241
      vertex 5.85326 12.5524 30.1241
      vertex 6.39522 12.2851 34.9241
    endloop
  endfacet
  facet normal -0.442288 -0.896873 0
    outer loop
      vertex 5.85326 12.5524 30.1241
      vertex 6.39522 12.2851 30.1241
      vertex 6.39522 12.2851 34.9241
    endloop
  endfacet
  facet normal -0.480989 -0.876727 0
    outer loop
      vertex 6.39522 12.2851 34.9241
      vertex 6.39522 12.2851 30.1241
      vertex 6.925 11.9945 34.9241
    endloop
  endfacet
  facet normal -0.480989 -0.876727 0
    outer loop
      vertex 6.39522 12.2851 30.1241
      vertex 6.925 11.9945 30.1241
      vertex 6.925 11.9945 34.9241
    endloop
  endfacet
  facet normal -0.518773 -0.854912 0
    outer loop
      vertex 6.925 11.9945 34.9241
      vertex 6.925 11.9945 30.1241
      vertex 7.4416 11.681 34.9241
    endloop
  endfacet
  facet normal -0.518773 -0.854912 0
    outer loop
      vertex 6.925 11.9945 30.1241
      vertex 7.4416 11.681 30.1241
      vertex 7.4416 11.681 34.9241
    endloop
  endfacet
  facet normal -0.55557 -0.83147 0
    outer loop
      vertex 7.4416 11.681 34.9241
      vertex 7.4416 11.681 30.1241
      vertex 7.94403 11.3453 34.9241
    endloop
  endfacet
  facet normal -0.55557 -0.83147 0
    outer loop
      vertex 7.4416 11.681 30.1241
      vertex 7.94403 11.3453 30.1241
      vertex 7.94403 11.3453 34.9241
    endloop
  endfacet
  facet normal -0.591309 -0.806445 0
    outer loop
      vertex 7.94403 11.3453 34.9241
      vertex 7.94403 11.3453 30.1241
      vertex 8.43135 10.9879 34.9241
    endloop
  endfacet
  facet normal -0.591309 -0.806445 0
    outer loop
      vertex 7.94403 11.3453 30.1241
      vertex 8.43135 10.9879 30.1241
      vertex 8.43135 10.9879 34.9241
    endloop
  endfacet
  facet normal -0.625924 -0.779884 0
    outer loop
      vertex 8.43135 10.9879 34.9241
      vertex 8.43135 10.9879 30.1241
      vertex 8.90261 10.6097 34.9241
    endloop
  endfacet
  facet normal -0.625924 -0.779884 0
    outer loop
      vertex 8.43135 10.9879 30.1241
      vertex 8.90261 10.6097 30.1241
      vertex 8.90261 10.6097 34.9241
    endloop
  endfacet
  facet normal -0.659346 -0.75184 0
    outer loop
      vertex 8.90261 10.6097 34.9241
      vertex 8.90261 10.6097 30.1241
      vertex 9.35692 10.2113 34.9241
    endloop
  endfacet
  facet normal -0.659346 -0.75184 0
    outer loop
      vertex 8.90261 10.6097 30.1241
      vertex 9.35692 10.2113 30.1241
      vertex 9.35692 10.2113 34.9241
    endloop
  endfacet
  facet normal -0.691513 -0.722364 0
    outer loop
      vertex 9.35692 10.2113 34.9241
      vertex 9.35692 10.2113 30.1241
      vertex 9.79343 9.79343 34.9241
    endloop
  endfacet
  facet normal -0.691513 -0.722364 0
    outer loop
      vertex 9.35692 10.2113 30.1241
      vertex 9.79343 9.79343 30.1241
      vertex 9.79343 9.79343 34.9241
    endloop
  endfacet
  facet normal -0.722364 -0.691513 0
    outer loop
      vertex 9.79343 9.79343 34.9241
      vertex 9.79343 9.79343 30.1241
      vertex 10.2113 9.35692 34.9241
    endloop
  endfacet
  facet normal -0.722364 -0.691513 0
    outer loop
      vertex 9.79343 9.79343 30.1241
      vertex 10.2113 9.35692 30.1241
      vertex 10.2113 9.35692 34.9241
    endloop
  endfacet
  facet normal -0.75184 -0.659346 0
    outer loop
      vertex 10.2113 9.35692 34.9241
      vertex 10.2113 9.35692 30.1241
      vertex 10.6097 8.90261 34.9241
    endloop
  endfacet
  facet normal -0.75184 -0.659346 0
    outer loop
      vertex 10.2113 9.35692 30.1241
      vertex 10.6097 8.90261 30.1241
      vertex 10.6097 8.90261 34.9241
    endloop
  endfacet
  facet normal -0.779884 -0.625924 0
    outer loop
      vertex 10.6097 8.90261 34.9241
      vertex 10.6097 8.90261 30.1241
      vertex 10.9879 8.43135 34.9241
    endloop
  endfacet
  facet normal -0.779884 -0.625924 0
    outer loop
      vertex 10.6097 8.90261 30.1241
      vertex 10.9879 8.43135 30.1241
      vertex 10.9879 8.43135 34.9241
    endloop
  endfacet
  facet normal -0.806445 -0.591309 0
    outer loop
      vertex 10.9879 8.43135 34.9241
      vertex 10.9879 8.43135 30.1241
      vertex 11.3453 7.94403 34.9241
    endloop
  endfacet
  facet normal -0.806445 -0.591309 0
    outer loop
      vertex 10.9879 8.43135 30.1241
      vertex 11.3453 7.94403 30.1241
      vertex 11.3453 7.94403 34.9241
    endloop
  endfacet
  facet normal -0.83147 -0.55557 0
    outer loop
      vertex 11.3453 7.94403 34.9241
      vertex 11.3453 7.94403 30.1241
      vertex 11.681 7.4416 34.9241
    endloop
  endfacet
  facet normal -0.83147 -0.55557 0
    outer loop
      vertex 11.3453 7.94403 30.1241
      vertex 11.681 7.4416 30.1241
      vertex 11.681 7.4416 34.9241
    endloop
  endfacet
  facet normal -0.854912 -0.518773 0
    outer loop
      vertex 11.681 7.4416 34.9241
      vertex 11.681 7.4416 30.1241
      vertex 11.9945 6.925 34.9241
    endloop
  endfacet
  facet normal -0.854912 -0.518773 0
    outer loop
      vertex 11.681 7.4416 30.1241
      vertex 11.9945 6.925 30.1241
      vertex 11.9945 6.925 34.9241
    endloop
  endfacet
  facet normal -0.876727 -0.480989 0
    outer loop
      vertex 11.9945 6.925 34.9241
      vertex 11.9945 6.925 30.1241
      vertex 12.2851 6.39522 34.9241
    endloop
  endfacet
  facet normal -0.876727 -0.480989 0
    outer loop
      vertex 11.9945 6.925 30.1241
      vertex 12.2851 6.39522 30.1241
      vertex 12.2851 6.39522 34.9241
    endloop
  endfacet
  facet normal -0.896873 -0.442288 0
    outer loop
      vertex 12.2851 6.39522 34.9241
      vertex 12.2851 6.39522 30.1241
      vertex 12.5524 5.85326 34.9241
    endloop
  endfacet
  facet normal -0.896873 -0.442288 0
    outer loop
      vertex 12.2851 6.39522 30.1241
      vertex 12.5524 5.85326 30.1241
      vertex 12.5524 5.85326 34.9241
    endloop
  endfacet
  facet normal -0.915311 -0.402747 0
    outer loop
      vertex 12.5524 5.85326 34.9241
      vertex 12.5524 5.85326 30.1241
      vertex 12.7957 5.30017 34.9241
    endloop
  endfacet
  facet normal -0.915311 -0.402747 0
    outer loop
      vertex 12.5524 5.85326 30.1241
      vertex 12.7957 5.30017 30.1241
      vertex 12.7957 5.30017 34.9241
    endloop
  endfacet
  facet normal -0.932008 -0.362439 0
    outer loop
      vertex 12.7957 5.30017 34.9241
      vertex 12.7957 5.30017 30.1241
      vertex 13.0147 4.73698 34.9241
    endloop
  endfacet
  facet normal -0.932008 -0.362439 0
    outer loop
      vertex 12.7957 5.30017 30.1241
      vertex 13.0147 4.73698 30.1241
      vertex 13.0147 4.73698 34.9241
    endloop
  endfacet
  facet normal -0.94693 -0.321439 0
    outer loop
      vertex 13.0147 4.73698 34.9241
      vertex 13.0147 4.73698 30.1241
      vertex 13.209 4.16478 34.9241
    endloop
  endfacet
  facet normal -0.94693 -0.321439 0
    outer loop
      vertex 13.0147 4.73698 30.1241
      vertex 13.209 4.16478 30.1241
      vertex 13.209 4.16478 34.9241
    endloop
  endfacet
  facet normal -0.96005 -0.279829 0
    outer loop
      vertex 13.209 4.16478 34.9241
      vertex 13.209 4.16478 30.1241
      vertex 13.3781 3.58464 34.9241
    endloop
  endfacet
  facet normal -0.96005 -0.279829 0
    outer loop
      vertex 13.209 4.16478 30.1241
      vertex 13.3781 3.58464 30.1241
      vertex 13.3781 3.58464 34.9241
    endloop
  endfacet
  facet normal -0.971342 -0.237685 0
    outer loop
      vertex 13.3781 3.58464 34.9241
      vertex 13.3781 3.58464 30.1241
      vertex 13.5217 2.99769 34.9241
    endloop
  endfacet
  facet normal -0.971342 -0.237685 0
    outer loop
      vertex 13.3781 3.58464 30.1241
      vertex 13.5217 2.99769 30.1241
      vertex 13.5217 2.99769 34.9241
    endloop
  endfacet
  facet normal -0.980785 -0.19509 0
    outer loop
      vertex 13.5217 2.99769 34.9241
      vertex 13.5217 2.99769 30.1241
      vertex 13.6396 2.40503 34.9241
    endloop
  endfacet
  facet normal -0.980785 -0.19509 0
    outer loop
      vertex 13.5217 2.99769 30.1241
      vertex 13.6396 2.40503 30.1241
      vertex 13.6396 2.40503 34.9241
    endloop
  endfacet
  facet normal -0.988361 -0.152124 0
    outer loop
      vertex 13.6396 2.40503 34.9241
      vertex 13.6396 2.40503 30.1241
      vertex 13.7315 1.80779 34.9241
    endloop
  endfacet
  facet normal -0.988361 -0.152124 0
    outer loop
      vertex 13.6396 2.40503 30.1241
      vertex 13.7315 1.80779 30.1241
      vertex 13.7315 1.80779 34.9241
    endloop
  endfacet
  facet normal -0.994056 -0.108866 0
    outer loop
      vertex 13.7315 1.80779 34.9241
      vertex 13.7315 1.80779 30.1241
      vertex 13.7973 1.20711 34.9241
    endloop
  endfacet
  facet normal -0.994056 -0.108866 0
    outer loop
      vertex 13.7315 1.80779 30.1241
      vertex 13.7973 1.20711 30.1241
      vertex 13.7973 1.20711 34.9241
    endloop
  endfacet
  facet normal -0.997859 -0.0654036 0
    outer loop
      vertex 13.7973 1.20711 34.9241
      vertex 13.7973 1.20711 30.1241
      vertex 13.8368 0.604129 34.9241
    endloop
  endfacet
  facet normal -0.997859 -0.0654036 0
    outer loop
      vertex 13.7973 1.20711 30.1241
      vertex 13.8368 0.604129 30.1241
      vertex 13.8368 0.604129 34.9241
    endloop
  endfacet
  facet normal -0.999762 -0.0218146 0
    outer loop
      vertex 13.8368 0.604129 34.9241
      vertex 13.8368 0.604129 30.1241
      vertex 13.85 2.59319e-15 34.9241
    endloop
  endfacet
  facet normal -0.999762 -0.0218146 0
    outer loop
      vertex 13.8368 0.604129 30.1241
      vertex 13.85 2.59319e-15 30.1241
      vertex 13.85 2.59319e-15 34.9241
    endloop
  endfacet
  facet normal -0.999762 0.0218146 0
    outer loop
      vertex 13.85 2.59319e-15 34.9241
      vertex 13.85 2.59319e-15 30.1241
      vertex 13.8368 -0.604129 34.9241
    endloop
  endfacet
  facet normal -0.999762 0.0218146 0
    outer loop
      vertex 13.85 2.59319e-15 30.1241
      vertex 13.8368 -0.604129 30.1241
      vertex 13.8368 -0.604129 34.9241
    endloop
  endfacet
  facet normal -0.997859 0.0654036 0
    outer loop
      vertex 13.8368 -0.604129 34.9241
      vertex 13.8368 -0.604129 30.1241
      vertex 13.7973 -1.20711 34.9241
    endloop
  endfacet
  facet normal -0.997859 0.0654036 0
    outer loop
      vertex 13.8368 -0.604129 30.1241
      vertex 13.7973 -1.20711 30.1241
      vertex 13.7973 -1.20711 34.9241
    endloop
  endfacet
  facet normal -0.994056 0.108866 0
    outer loop
      vertex 13.7973 -1.20711 34.9241
      vertex 13.7973 -1.20711 30.1241
      vertex 13.7315 -1.80779 34.9241
    endloop
  endfacet
  facet normal -0.994056 0.108866 0
    outer loop
      vertex 13.7973 -1.20711 30.1241
      vertex 13.7315 -1.80779 30.1241
      vertex 13.7315 -1.80779 34.9241
    endloop
  endfacet
  facet normal -0.988361 0.152124 0
    outer loop
      vertex 13.7315 -1.80779 34.9241
      vertex 13.7315 -1.80779 30.1241
      vertex 13.6396 -2.40503 34.9241
    endloop
  endfacet
  facet normal -0.988361 0.152124 0
    outer loop
      vertex 13.7315 -1.80779 30.1241
      vertex 13.6396 -2.40503 30.1241
      vertex 13.6396 -2.40503 34.9241
    endloop
  endfacet
  facet normal -0.980785 0.19509 0
    outer loop
      vertex 13.6396 -2.40503 34.9241
      vertex 13.6396 -2.40503 30.1241
      vertex 13.5217 -2.99769 34.9241
    endloop
  endfacet
  facet normal -0.980785 0.19509 0
    outer loop
      vertex 13.6396 -2.40503 30.1241
      vertex 13.5217 -2.99769 30.1241
      vertex 13.5217 -2.99769 34.9241
    endloop
  endfacet
  facet normal -0.971342 0.237685 0
    outer loop
      vertex 13.5217 -2.99769 34.9241
      vertex 13.5217 -2.99769 30.1241
      vertex 13.3781 -3.58464 34.9241
    endloop
  endfacet
  facet normal -0.971342 0.237685 0
    outer loop
      vertex 13.5217 -2.99769 30.1241
      vertex 13.3781 -3.58464 30.1241
      vertex 13.3781 -3.58464 34.9241
    endloop
  endfacet
  facet normal -0.96005 0.279829 0
    outer loop
      vertex 13.3781 -3.58464 34.9241
      vertex 13.3781 -3.58464 30.1241
      vertex 13.209 -4.16478 34.9241
    endloop
  endfacet
  facet normal -0.96005 0.279829 0
    outer loop
      vertex 13.3781 -3.58464 30.1241
      vertex 13.209 -4.16478 30.1241
      vertex 13.209 -4.16478 34.9241
    endloop
  endfacet
  facet normal -0.94693 0.321439 0
    outer loop
      vertex 13.209 -4.16478 34.9241
      vertex 13.209 -4.16478 30.1241
      vertex 13.0147 -4.73698 34.9241
    endloop
  endfacet
  facet normal -0.94693 0.321439 0
    outer loop
      vertex 13.209 -4.16478 30.1241
      vertex 13.0147 -4.73698 30.1241
      vertex 13.0147 -4.73698 34.9241
    endloop
  endfacet
  facet normal -0.932008 0.362439 0
    outer loop
      vertex 13.0147 -4.73698 34.9241
      vertex 13.0147 -4.73698 30.1241
      vertex 12.7957 -5.30017 34.9241
    endloop
  endfacet
  facet normal -0.932008 0.362439 0
    outer loop
      vertex 13.0147 -4.73698 30.1241
      vertex 12.7957 -5.30017 30.1241
      vertex 12.7957 -5.30017 34.9241
    endloop
  endfacet
  facet normal -0.915311 0.402747 0
    outer loop
      vertex 12.7957 -5.30017 34.9241
      vertex 12.7957 -5.30017 30.1241
      vertex 12.5524 -5.85326 34.9241
    endloop
  endfacet
  facet normal -0.915311 0.402747 0
    outer loop
      vertex 12.7957 -5.30017 30.1241
      vertex 12.5524 -5.85326 30.1241
      vertex 12.5524 -5.85326 34.9241
    endloop
  endfacet
  facet normal -0.896873 0.442288 0
    outer loop
      vertex 12.5524 -5.85326 34.9241
      vertex 12.5524 -5.85326 30.1241
      vertex 12.2851 -6.39522 34.9241
    endloop
  endfacet
  facet normal -0.896873 0.442288 0
    outer loop
      vertex 12.5524 -5.85326 30.1241
      vertex 12.2851 -6.39522 30.1241
      vertex 12.2851 -6.39522 34.9241
    endloop
  endfacet
  facet normal -0.876727 0.480989 0
    outer loop
      vertex 12.2851 -6.39522 34.9241
      vertex 12.2851 -6.39522 30.1241
      vertex 11.9945 -6.925 34.9241
    endloop
  endfacet
  facet normal -0.876727 0.480989 0
    outer loop
      vertex 12.2851 -6.39522 30.1241
      vertex 11.9945 -6.925 30.1241
      vertex 11.9945 -6.925 34.9241
    endloop
  endfacet
  facet normal -0.854912 0.518773 0
    outer loop
      vertex 11.9945 -6.925 34.9241
      vertex 11.9945 -6.925 30.1241
      vertex 11.681 -7.4416 34.9241
    endloop
  endfacet
  facet normal -0.854912 0.518773 0
    outer loop
      vertex 11.9945 -6.925 30.1241
      vertex 11.681 -7.4416 30.1241
      vertex 11.681 -7.4416 34.9241
    endloop
  endfacet
  facet normal -0.83147 0.55557 0
    outer loop
      vertex 11.681 -7.4416 34.9241
      vertex 11.681 -7.4416 30.1241
      vertex 11.3453 -7.94403 34.9241
    endloop
  endfacet
  facet normal -0.83147 0.55557 0
    outer loop
      vertex 11.681 -7.4416 30.1241
      vertex 11.3453 -7.94403 30.1241
      vertex 11.3453 -7.94403 34.9241
    endloop
  endfacet
  facet normal -0.806445 0.591309 0
    outer loop
      vertex 11.3453 -7.94403 34.9241
      vertex 11.3453 -7.94403 30.1241
      vertex 10.9879 -8.43135 34.9241
    endloop
  endfacet
  facet normal -0.806445 0.591309 0
    outer loop
      vertex 11.3453 -7.94403 30.1241
      vertex 10.9879 -8.43135 30.1241
      vertex 10.9879 -8.43135 34.9241
    endloop
  endfacet
  facet normal -0.779884 0.625924 0
    outer loop
      vertex 10.9879 -8.43135 34.9241
      vertex 10.9879 -8.43135 30.1241
      vertex 10.6097 -8.90261 34.9241
    endloop
  endfacet
  facet normal -0.779884 0.625924 0
    outer loop
      vertex 10.9879 -8.43135 30.1241
      vertex 10.6097 -8.90261 30.1241
      vertex 10.6097 -8.90261 34.9241
    endloop
  endfacet
  facet normal -0.75184 0.659346 0
    outer loop
      vertex 10.6097 -8.90261 34.9241
      vertex 10.6097 -8.90261 30.1241
      vertex 10.2113 -9.35692 34.9241
    endloop
  endfacet
  facet normal -0.75184 0.659346 0
    outer loop
      vertex 10.6097 -8.90261 30.1241
      vertex 10.2113 -9.35692 30.1241
      vertex 10.2113 -9.35692 34.9241
    endloop
  endfacet
  facet normal -0.722364 0.691513 0
    outer loop
      vertex 10.2113 -9.35692 34.9241
      vertex 10.2113 -9.35692 30.1241
      vertex 9.79343 -9.79343 34.9241
    endloop
  endfacet
  facet normal -0.722364 0.691513 0
    outer loop
      vertex 10.2113 -9.35692 30.1241
      vertex 9.79343 -9.79343 30.1241
      vertex 9.79343 -9.79343 34.9241
    endloop
  endfacet
  facet normal -0.691513 0.722364 0
    outer loop
      vertex 9.79343 -9.79343 34.9241
      vertex 9.79343 -9.79343 30.1241
      vertex 9.35692 -10.2113 34.9241
    endloop
  endfacet
  facet normal -0.691513 0.722364 0
    outer loop
      vertex 9.79343 -9.79343 30.1241
      vertex 9.35692 -10.2113 30.1241
      vertex 9.35692 -10.2113 34.9241
    endloop
  endfacet
  facet normal -0.659346 0.75184 0
    outer loop
      vertex 9.35692 -10.2113 34.9241
      vertex 9.35692 -10.2113 30.1241
      vertex 8.90261 -10.6097 34.9241
    endloop
  endfacet
  facet normal -0.659346 0.75184 0
    outer loop
      vertex 9.35692 -10.2113 30.1241
      vertex 8.90261 -10.6097 30.1241
      vertex 8.90261 -10.6097 34.9241
    endloop
  endfacet
  facet normal -0.625924 0.779884 0
    outer loop
      vertex 8.90261 -10.6097 34.9241
      vertex 8.90261 -10.6097 30.1241
      vertex 8.43135 -10.9879 34.9241
    endloop
  endfacet
  facet normal -0.625924 0.779884 0
    outer loop
      vertex 8.90261 -10.6097 30.1241
      vertex 8.43135 -10.9879 30.1241
      vertex 8.43135 -10.9879 34.9241
    endloop
  endfacet
  facet normal -0.591309 0.806445 0
    outer loop
      vertex 8.43135 -10.9879 34.9241
      vertex 8.43135 -10.9879 30.1241
      vertex 7.94403 -11.3453 34.9241
    endloop
  endfacet
  facet normal -0.591309 0.806445 0
    outer loop
      vertex 8.43135 -10.9879 30.1241
      vertex 7.94403 -11.3453 30.1241
      vertex 7.94403 -11.3453 34.9241
    endloop
  endfacet
  facet normal -0.55557 0.83147 0
    outer loop
      vertex 7.94403 -11.3453 34.9241
      vertex 7.94403 -11.3453 30.1241
      vertex 7.4416 -11.681 34.9241
    endloop
  endfacet
  facet normal -0.55557 0.83147 0
    outer loop
      vertex 7.94403 -11.3453 30.1241
      vertex 7.4416 -11.681 30.1241
      vertex 7.4416 -11.681 34.9241
    endloop
  endfacet
  facet normal -0.518773 0.854912 0
    outer loop
      vertex 7.4416 -11.681 34.9241
      vertex 7.4416 -11.681 30.1241
      vertex 6.925 -11.9945 34.9241
    endloop
  endfacet
  facet normal -0.518773 0.854912 0
    outer loop
      vertex 7.4416 -11.681 30.1241
      vertex 6.925 -11.9945 30.1241
      vertex 6.925 -11.9945 34.9241
    endloop
  endfacet
  facet normal -0.480989 0.876727 0
    outer loop
      vertex 6.925 -11.9945 34.9241
      vertex 6.925 -11.9945 30.1241
      vertex 6.39522 -12.2851 34.9241
    endloop
  endfacet
  facet normal -0.480989 0.876727 0
    outer loop
      vertex 6.925 -11.9945 30.1241
      vertex 6.39522 -12.2851 30.1241
      vertex 6.39522 -12.2851 34.9241
    endloop
  endfacet
  facet normal -0.442288 0.896873 0
    outer loop
      vertex 6.39522 -12.2851 34.9241
      vertex 6.39522 -12.2851 30.1241
      vertex 5.85326 -12.5524 34.9241
    endloop
  endfacet
  facet normal -0.442288 0.896873 0
    outer loop
      vertex 6.39522 -12.2851 30.1241
      vertex 5.85326 -12.5524 30.1241
      vertex 5.85326 -12.5524 34.9241
    endloop
  endfacet
  facet normal -0.402747 0.915311 0
    outer loop
      vertex 5.85326 -12.5524 34.9241
      vertex 5.85326 -12.5524 30.1241
      vertex 5.30017 -12.7957 34.9241
    endloop
  endfacet
  facet normal -0.402747 0.915311 0
    outer loop
      vertex 5.85326 -12.5524 30.1241
      vertex 5.30017 -12.7957 30.1241
      vertex 5.30017 -12.7957 34.9241
    endloop
  endfacet
  facet normal -0.362439 0.932008 0
    outer loop
      vertex 5.30017 -12.7957 34.9241
      vertex 5.30017 -12.7957 30.1241
      vertex 4.73698 -13.0147 34.9241
    endloop
  endfacet
  facet normal -0.362439 0.932008 0
    outer loop
      vertex 5.30017 -12.7957 30.1241
      vertex 4.73698 -13.0147 30.1241
      vertex 4.73698 -13.0147 34.9241
    endloop
  endfacet
  facet normal -0.321439 0.94693 0
    outer loop
      vertex 4.73698 -13.0147 34.9241
      vertex 4.73698 -13.0147 30.1241
      vertex 4.16478 -13.209 34.9241
    endloop
  endfacet
  facet normal -0.321439 0.94693 0
    outer loop
      vertex 4.73698 -13.0147 30.1241
      vertex 4.16478 -13.209 30.1241
      vertex 4.16478 -13.209 34.9241
    endloop
  endfacet
  facet normal -0.279829 0.96005 0
    outer loop
      vertex 4.16478 -13.209 34.9241
      vertex 4.16478 -13.209 30.1241
      vertex 3.58464 -13.3781 34.9241
    endloop
  endfacet
  facet normal -0.279829 0.96005 0
    outer loop
      vertex 4.16478 -13.209 30.1241
      vertex 3.58464 -13.3781 30.1241
      vertex 3.58464 -13.3781 34.9241
    endloop
  endfacet
  facet normal -0.237685 0.971342 0
    outer loop
      vertex 3.58464 -13.3781 34.9241
      vertex 3.58464 -13.3781 30.1241
      vertex 2.99769 -13.5217 34.9241
    endloop
  endfacet
  facet normal -0.237685 0.971342 0
    outer loop
      vertex 3.58464 -13.3781 30.1241
      vertex 2.99769 -13.5217 30.1241
      vertex 2.99769 -13.5217 34.9241
    endloop
  endfacet
  facet normal -0.19509 0.980785 0
    outer loop
      vertex 2.99769 -13.5217 34.9241
      vertex 2.99769 -13.5217 30.1241
      vertex 2.40503 -13.6396 34.9241
    endloop
  endfacet
  facet normal -0.19509 0.980785 0
    outer loop
      vertex 2.99769 -13.5217 30.1241
      vertex 2.40503 -13.6396 30.1241
      vertex 2.40503 -13.6396 34.9241
    endloop
  endfacet
  facet normal -0.152124 0.988361 0
    outer loop
      vertex 2.40503 -13.6396 34.9241
      vertex 2.40503 -13.6396 30.1241
      vertex 1.80779 -13.7315 34.9241
    endloop
  endfacet
  facet normal -0.152124 0.988361 0
    outer loop
      vertex 2.40503 -13.6396 30.1241
      vertex 1.80779 -13.7315 30.1241
      vertex 1.80779 -13.7315 34.9241
    endloop
  endfacet
  facet normal -0.108866 0.994056 0
    outer loop
      vertex 1.80779 -13.7315 34.9241
      vertex 1.80779 -13.7315 30.1241
      vertex 1.20711 -13.7973 34.9241
    endloop
  endfacet
  facet normal -0.108866 0.994056 0
    outer loop
      vertex 1.80779 -13.7315 30.1241
      vertex 1.20711 -13.7973 30.1241
      vertex 1.20711 -13.7973 34.9241
    endloop
  endfacet
  facet normal -0.0654036 0.997859 0
    outer loop
      vertex 1.20711 -13.7973 34.9241
      vertex 1.20711 -13.7973 30.1241
      vertex 0.604129 -13.8368 34.9241
    endloop
  endfacet
  facet normal -0.0654036 0.997859 0
    outer loop
      vertex 1.20711 -13.7973 30.1241
      vertex 0.604129 -13.8368 30.1241
      vertex 0.604129 -13.8368 34.9241
    endloop
  endfacet
  facet normal -0.0218146 0.999762 0
    outer loop
      vertex 0.604129 -13.8368 34.9241
      vertex 0.604129 -13.8368 30.1241
      vertex 2.5442e-15 -13.85 34.9241
    endloop
  endfacet
  facet normal -0.0218146 0.999762 0
    outer loop
      vertex 0.604129 -13.8368 30.1241
      vertex 2.5442e-15 -13.85 30.1241
      vertex 2.5442e-15 -13.85 34.9241
    endloop
  endfacet
  facet normal 0.0218146 0.999762 0
    outer loop
      vertex 2.5442e-15 -13.85 34.9241
      vertex 2.5442e-15 -13.85 30.1241
      vertex -0.604129 -13.8368 34.9241
    endloop
  endfacet
  facet normal 0.0218146 0.999762 0
    outer loop
      vertex 2.5442e-15 -13.85 30.1241
      vertex -0.604129 -13.8368 30.1241
      vertex -0.604129 -13.8368 34.9241
    endloop
  endfacet
  facet normal 0.0654036 0.997859 0
    outer loop
      vertex -0.604129 -13.8368 34.9241
      vertex -0.604129 -13.8368 30.1241
      vertex -1.20711 -13.7973 34.9241
    endloop
  endfacet
  facet normal 0.0654036 0.997859 0
    outer loop
      vertex -0.604129 -13.8368 30.1241
      vertex -1.20711 -13.7973 30.1241
      vertex -1.20711 -13.7973 34.9241
    endloop
  endfacet
  facet normal 0.108866 0.994056 0
    outer loop
      vertex -1.20711 -13.7973 34.9241
      vertex -1.20711 -13.7973 30.1241
      vertex -1.80779 -13.7315 34.9241
    endloop
  endfacet
  facet normal 0.108866 0.994056 0
    outer loop
      vertex -1.20711 -13.7973 30.1241
      vertex -1.80779 -13.7315 30.1241
      vertex -1.80779 -13.7315 34.9241
    endloop
  endfacet
  facet normal 0.152124 0.988361 0
    outer loop
      vertex -1.80779 -13.7315 34.9241
      vertex -1.80779 -13.7315 30.1241
      vertex -2.40503 -13.6396 34.9241
    endloop
  endfacet
  facet normal 0.152124 0.988361 0
    outer loop
      vertex -1.80779 -13.7315 30.1241
      vertex -2.40503 -13.6396 30.1241
      vertex -2.40503 -13.6396 34.9241
    endloop
  endfacet
  facet normal 0.19509 0.980785 0
    outer loop
      vertex -2.40503 -13.6396 34.9241
      vertex -2.40503 -13.6396 30.1241
      vertex -2.99769 -13.5217 34.9241
    endloop
  endfacet
  facet normal 0.19509 0.980785 0
    outer loop
      vertex -2.40503 -13.6396 30.1241
      vertex -2.99769 -13.5217 30.1241
      vertex -2.99769 -13.5217 34.9241
    endloop
  endfacet
  facet normal 0.237685 0.971342 0
    outer loop
      vertex -2.99769 -13.5217 34.9241
      vertex -2.99769 -13.5217 30.1241
      vertex -3.58464 -13.3781 34.9241
    endloop
  endfacet
  facet normal 0.237685 0.971342 0
    outer loop
      vertex -2.99769 -13.5217 30.1241
      vertex -3.58464 -13.3781 30.1241
      vertex -3.58464 -13.3781 34.9241
    endloop
  endfacet
  facet normal 0.279829 0.96005 0
    outer loop
      vertex -3.58464 -13.3781 34.9241
      vertex -3.58464 -13.3781 30.1241
      vertex -4.16478 -13.209 34.9241
    endloop
  endfacet
  facet normal 0.279829 0.96005 0
    outer loop
      vertex -3.58464 -13.3781 30.1241
      vertex -4.16478 -13.209 30.1241
      vertex -4.16478 -13.209 34.9241
    endloop
  endfacet
  facet normal 0.321439 0.94693 0
    outer loop
      vertex -4.16478 -13.209 34.9241
      vertex -4.16478 -13.209 30.1241
      vertex -4.73698 -13.0147 34.9241
    endloop
  endfacet
  facet normal 0.321439 0.94693 0
    outer loop
      vertex -4.16478 -13.209 30.1241
      vertex -4.73698 -13.0147 30.1241
      vertex -4.73698 -13.0147 34.9241
    endloop
  endfacet
  facet normal 0.362439 0.932008 0
    outer loop
      vertex -4.73698 -13.0147 34.9241
      vertex -4.73698 -13.0147 30.1241
      vertex -5.30017 -12.7957 34.9241
    endloop
  endfacet
  facet normal 0.362439 0.932008 0
    outer loop
      vertex -4.73698 -13.0147 30.1241
      vertex -5.30017 -12.7957 30.1241
      vertex -5.30017 -12.7957 34.9241
    endloop
  endfacet
  facet normal 0.402747 0.915311 0
    outer loop
      vertex -5.30017 -12.7957 34.9241
      vertex -5.30017 -12.7957 30.1241
      vertex -5.85326 -12.5524 34.9241
    endloop
  endfacet
  facet normal 0.402747 0.915311 0
    outer loop
      vertex -5.30017 -12.7957 30.1241
      vertex -5.85326 -12.5524 30.1241
      vertex -5.85326 -12.5524 34.9241
    endloop
  endfacet
  facet normal 0.442288 0.896873 0
    outer loop
      vertex -5.85326 -12.5524 34.9241
      vertex -5.85326 -12.5524 30.1241
      vertex -6.39522 -12.2851 34.9241
    endloop
  endfacet
  facet normal 0.442288 0.896873 0
    outer loop
      vertex -5.85326 -12.5524 30.1241
      vertex -6.39522 -12.2851 30.1241
      vertex -6.39522 -12.2851 34.9241
    endloop
  endfacet
  facet normal 0.480989 0.876727 0
    outer loop
      vertex -6.39522 -12.2851 34.9241
      vertex -6.39522 -12.2851 30.1241
      vertex -6.925 -11.9945 34.9241
    endloop
  endfacet
  facet normal 0.480989 0.876727 0
    outer loop
      vertex -6.39522 -12.2851 30.1241
      vertex -6.925 -11.9945 30.1241
      vertex -6.925 -11.9945 34.9241
    endloop
  endfacet
  facet normal 0.518773 0.854912 0
    outer loop
      vertex -6.925 -11.9945 34.9241
      vertex -6.925 -11.9945 30.1241
      vertex -7.4416 -11.681 34.9241
    endloop
  endfacet
  facet normal 0.518773 0.854912 0
    outer loop
      vertex -6.925 -11.9945 30.1241
      vertex -7.4416 -11.681 30.1241
      vertex -7.4416 -11.681 34.9241
    endloop
  endfacet
  facet normal 0.55557 0.83147 0
    outer loop
      vertex -7.4416 -11.681 34.9241
      vertex -7.4416 -11.681 30.1241
      vertex -7.94403 -11.3453 34.9241
    endloop
  endfacet
  facet normal 0.55557 0.83147 0
    outer loop
      vertex -7.4416 -11.681 30.1241
      vertex -7.94403 -11.3453 30.1241
      vertex -7.94403 -11.3453 34.9241
    endloop
  endfacet
  facet normal 0.591309 0.806445 0
    outer loop
      vertex -7.94403 -11.3453 34.9241
      vertex -7.94403 -11.3453 30.1241
      vertex -8.43135 -10.9879 34.9241
    endloop
  endfacet
  facet normal 0.591309 0.806445 0
    outer loop
      vertex -7.94403 -11.3453 30.1241
      vertex -8.43135 -10.9879 30.1241
      vertex -8.43135 -10.9879 34.9241
    endloop
  endfacet
  facet normal 0.625924 0.779884 0
    outer loop
      vertex -8.43135 -10.9879 34.9241
      vertex -8.43135 -10.9879 30.1241
      vertex -8.90261 -10.6097 34.9241
    endloop
  endfacet
  facet normal 0.625924 0.779884 0
    outer loop
      vertex -8.43135 -10.9879 30.1241
      vertex -8.90261 -10.6097 30.1241
      vertex -8.90261 -10.6097 34.9241
    endloop
  endfacet
  facet normal 0.659346 0.75184 0
    outer loop
      vertex -8.90261 -10.6097 34.9241
      vertex -8.90261 -10.6097 30.1241
      vertex -9.35692 -10.2113 34.9241
    endloop
  endfacet
  facet normal 0.659346 0.75184 0
    outer loop
      vertex -8.90261 -10.6097 30.1241
      vertex -9.35692 -10.2113 30.1241
      vertex -9.35692 -10.2113 34.9241
    endloop
  endfacet
  facet normal 0.691513 0.722364 0
    outer loop
      vertex -9.35692 -10.2113 34.9241
      vertex -9.35692 -10.2113 30.1241
      vertex -9.79343 -9.79343 34.9241
    endloop
  endfacet
  facet normal 0.691513 0.722364 0
    outer loop
      vertex -9.35692 -10.2113 30.1241
      vertex -9.79343 -9.79343 30.1241
      vertex -9.79343 -9.79343 34.9241
    endloop
  endfacet
  facet normal 0.722364 0.691513 0
    outer loop
      vertex -9.79343 -9.79343 34.9241
      vertex -9.79343 -9.79343 30.1241
      vertex -10.2113 -9.35692 34.9241
    endloop
  endfacet
  facet normal 0.722364 0.691513 0
    outer loop
      vertex -9.79343 -9.79343 30.1241
      vertex -10.2113 -9.35692 30.1241
      vertex -10.2113 -9.35692 34.9241
    endloop
  endfacet
  facet normal 0.75184 0.659346 0
    outer loop
      vertex -10.2113 -9.35692 34.9241
      vertex -10.2113 -9.35692 30.1241
      vertex -10.6097 -8.90261 34.9241
    endloop
  endfacet
  facet normal 0.75184 0.659346 0
    outer loop
      vertex -10.2113 -9.35692 30.1241
      vertex -10.6097 -8.90261 30.1241
      vertex -10.6097 -8.90261 34.9241
    endloop
  endfacet
  facet normal 0.779884 0.625924 0
    outer loop
      vertex -10.6097 -8.90261 34.9241
      vertex -10.6097 -8.90261 30.1241
      vertex -10.9879 -8.43135 34.9241
    endloop
  endfacet
  facet normal 0.779884 0.625924 0
    outer loop
      vertex -10.6097 -8.90261 30.1241
      vertex -10.9879 -8.43135 30.1241
      vertex -10.9879 -8.43135 34.9241
    endloop
  endfacet
  facet normal 0.806445 0.591309 0
    outer loop
      vertex -10.9879 -8.43135 34.9241
      vertex -10.9879 -8.43135 30.1241
      vertex -11.3453 -7.94403 34.9241
    endloop
  endfacet
  facet normal 0.806445 0.591309 0
    outer loop
      vertex -10.9879 -8.43135 30.1241
      vertex -11.3453 -7.94403 30.1241
      vertex -11.3453 -7.94403 34.9241
    endloop
  endfacet
  facet normal 0.83147 0.55557 0
    outer loop
      vertex -11.3453 -7.94403 34.9241
      vertex -11.3453 -7.94403 30.1241
      vertex -11.681 -7.4416 34.9241
    endloop
  endfacet
  facet normal 0.83147 0.55557 0
    outer loop
      vertex -11.3453 -7.94403 30.1241
      vertex -11.681 -7.4416 30.1241
      vertex -11.681 -7.4416 34.9241
    endloop
  endfacet
  facet normal 0.854912 0.518773 0
    outer loop
      vertex -11.681 -7.4416 34.9241
      vertex -11.681 -7.4416 30.1241
      vertex -11.9945 -6.925 34.9241
    endloop
  endfacet
  facet normal 0.854912 0.518773 0
    outer loop
      vertex -11.681 -7.4416 30.1241
      vertex -11.9945 -6.925 30.1241
      vertex -11.9945 -6.925 34.9241
    endloop
  endfacet
  facet normal 0.876727 0.480989 0
    outer loop
      vertex -11.9945 -6.925 34.9241
      vertex -11.9945 -6.925 30.1241
      vertex -12.2851 -6.39522 34.9241
    endloop
  endfacet
  facet normal 0.876727 0.480989 0
    outer loop
      vertex -11.9945 -6.925 30.1241
      vertex -12.2851 -6.39522 30.1241
      vertex -12.2851 -6.39522 34.9241
    endloop
  endfacet
  facet normal 0.896873 0.442288 0
    outer loop
      vertex -12.2851 -6.39522 34.9241
      vertex -12.2851 -6.39522 30.1241
      vertex -12.5524 -5.85326 34.9241
    endloop
  endfacet
  facet normal 0.896873 0.442288 0
    outer loop
      vertex -12.2851 -6.39522 30.1241
      vertex -12.5524 -5.85326 30.1241
      vertex -12.5524 -5.85326 34.9241
    endloop
  endfacet
  facet normal 0.915311 0.402747 0
    outer loop
      vertex -12.5524 -5.85326 34.9241
      vertex -12.5524 -5.85326 30.1241
      vertex -12.7957 -5.30017 34.9241
    endloop
  endfacet
  facet normal 0.915311 0.402747 0
    outer loop
      vertex -12.5524 -5.85326 30.1241
      vertex -12.7957 -5.30017 30.1241
      vertex -12.7957 -5.30017 34.9241
    endloop
  endfacet
  facet normal 0.932008 0.362439 0
    outer loop
      vertex -12.7957 -5.30017 34.9241
      vertex -12.7957 -5.30017 30.1241
      vertex -13.0147 -4.73698 34.9241
    endloop
  endfacet
  facet normal 0.932008 0.362439 0
    outer loop
      vertex -12.7957 -5.30017 30.1241
      vertex -13.0147 -4.73698 30.1241
      vertex -13.0147 -4.73698 34.9241
    endloop
  endfacet
  facet normal 0.94693 0.321439 0
    outer loop
      vertex -13.0147 -4.73698 34.9241
      vertex -13.0147 -4.73698 30.1241
      vertex -13.209 -4.16478 34.9241
    endloop
  endfacet
  facet normal 0.94693 0.321439 0
    outer loop
      vertex -13.0147 -4.73698 30.1241
      vertex -13.209 -4.16478 30.1241
      vertex -13.209 -4.16478 34.9241
    endloop
  endfacet
  facet normal 0.96005 0.279829 0
    outer loop
      vertex -13.209 -4.16478 34.9241
      vertex -13.209 -4.16478 30.1241
      vertex -13.3781 -3.58464 34.9241
    endloop
  endfacet
  facet normal 0.96005 0.279829 0
    outer loop
      vertex -13.209 -4.16478 30.1241
      vertex -13.3781 -3.58464 30.1241
      vertex -13.3781 -3.58464 34.9241
    endloop
  endfacet
  facet normal 0.971342 0.237685 0
    outer loop
      vertex -13.3781 -3.58464 34.9241
      vertex -13.3781 -3.58464 30.1241
      vertex -13.5217 -2.99769 34.9241
    endloop
  endfacet
  facet normal 0.971342 0.237685 0
    outer loop
      vertex -13.3781 -3.58464 30.1241
      vertex -13.5217 -2.99769 30.1241
      vertex -13.5217 -2.99769 34.9241
    endloop
  endfacet
  facet normal 0.980785 0.19509 0
    outer loop
      vertex -13.5217 -2.99769 34.9241
      vertex -13.5217 -2.99769 30.1241
      vertex -13.6396 -2.40503 34.9241
    endloop
  endfacet
  facet normal 0.980785 0.19509 0
    outer loop
      vertex -13.5217 -2.99769 30.1241
      vertex -13.6396 -2.40503 30.1241
      vertex -13.6396 -2.40503 34.9241
    endloop
  endfacet
  facet normal 0.988361 0.152124 0
    outer loop
      vertex -13.6396 -2.40503 34.9241
      vertex -13.6396 -2.40503 30.1241
      vertex -13.7315 -1.80779 34.9241
    endloop
  endfacet
  facet normal 0.988361 0.152124 0
    outer loop
      vertex -13.6396 -2.40503 30.1241
      vertex -13.7315 -1.80779 30.1241
      vertex -13.7315 -1.80779 34.9241
    endloop
  endfacet
  facet normal 0.994056 0.108866 0
    outer loop
      vertex -13.7315 -1.80779 34.9241
      vertex -13.7315 -1.80779 30.1241
      vertex -13.7973 -1.20711 34.9241
    endloop
  endfacet
  facet normal 0.994056 0.108866 0
    outer loop
      vertex -13.7315 -1.80779 30.1241
      vertex -13.7973 -1.20711 30.1241
      vertex -13.7973 -1.20711 34.9241
    endloop
  endfacet
  facet normal 0.997859 0.0654036 0
    outer loop
      vertex -13.7973 -1.20711 34.9241
      vertex -13.7973 -1.20711 30.1241
      vertex -13.8368 -0.604129 34.9241
    endloop
  endfacet
  facet normal 0.997859 0.0654036 0
    outer loop
      vertex -13.7973 -1.20711 30.1241
      vertex -13.8368 -0.604129 30.1241
      vertex -13.8368 -0.604129 34.9241
    endloop
  endfacet
  facet normal 0.999762 0.0218146 0
    outer loop
      vertex -13.8368 -0.604129 34.9241
      vertex -13.8368 -0.604129 30.1241
      vertex -13.85 8.97054e-16 34.9241
    endloop
  endfacet
  facet normal 0.999762 0.0218146 -1.54e-17
    outer loop
      vertex -13.8368 -0.604129 30.1241
      vertex -13.85 -2.49522e-15 30.1241
      vertex -13.85 8.97054e-16 34.9241
    endloop
  endfacet
  facet normal 0 0 -1
    outer loop
      vertex 19.875 -25.4747 178
      vertex 20.0158 -25.5755 178
      vertex 12.3092 -28.9528 178
    endloop
  endfacet
  facet normal 0 0 -1
    outer loop
      vertex 27.6966 -13.7705 178
      vertex 27.723 -13.6038 178
      vertex 29.4689 -12.2528 178
    endloop
  endfacet
  facet normal 0 0 -1
    outer loop
      vertex 27.723 -13.6038 178
      vertex 27.7421 -13.4361 178
      vertex 29.4689 -12.2528 178
    endloop
  endfacet
  facet normal 0 0 -1
    outer loop
      vertex 27.7421 -13.4361 178
      vertex 27.7539 -13.2677 178
      vertex 29.4689 -12.2528 178
    endloop
  endfacet
  facet normal 0 0 -1
    outer loop
      vertex 27.7539 -13.2677 178
      vertex 27.7584 -13.099 178
      vertex 29.4689 -12.2528 178
    endloop
  endfacet
  facet normal 0 0 -1
    outer loop
      vertex 29.4689 -12.2528 178
      vertex 27.7584 -13.099 178
      vertex 27.7554 -12.9303 178
    endloop
  endfacet
  facet normal 0 0 -1
    outer loop
      vertex 26.0841 -23.4911 178
      vertex 26.1333 -23.3251 178
      vertex 27.622 -24.0534 178
    endloop
  endfacet
  facet normal 0 0 -1
    outer loop
      vertex 6.91628 -24.8863 178
      vertex 6.12393 -20.6094 178
      vertex 6.46517 -20.5049 178
    endloop
  endfacet
  facet normal 0 0 -1
    outer loop
      vertex 6.91628 -24.8863 178
      vertex 9.21491 -23.9997 178
      vertex 9.22321 -24.1659 178
    endloop
  endfacet
  facet normal 0 0 -1
    outer loop
      vertex 9.61327 -25.6029 178
      vertex 7.52402 -26.5124 178
      vertex 9.54279 -25.4521 178
    endloop
  endfacet
  facet normal 0 0 -1
    outer loop
      vertex 7.52402 -26.5124 178
      vertex 7.4175 -26.3221 178
      vertex 9.54279 -25.4521 178
    endloop
  endfacet
  facet normal 0 0 -1
    outer loop
      vertex 9.54279 -25.4521 178
      vertex 7.4175 -26.3221 178
      vertex 9.47886 -25.2984 178
    endloop
  endfacet
  facet normal 0 0 -1
    outer loop
      vertex 7.4175 -26.3221 178
      vertex 7.31937 -26.1274 178
      vertex 9.47886 -25.2984 178
    endloop
  endfacet
  facet normal 0 0 -1
    outer loop
      vertex 9.47886 -25.2984 178
      vertex 7.31937 -26.1274 178
      vertex 9.4216 -25.1421 178
    endloop
  endfacet
  facet normal 0 0 -1
    outer loop
      vertex 7.31937 -26.1274 178
      vertex 7.22983 -25.9285 178
      vertex 9.4216 -25.1421 178
    endloop
  endfacet
  facet normal 0 0 -1
    outer loop
      vertex 9.4216 -25.1421 178
      vertex 7.22983 -25.9285 178
      vertex 9.37112 -24.9835 178
    endloop
  endfacet
  facet normal 0 0 -1
    outer loop
      vertex 10.059 -26.304 178
      vertex 8.32715 -27.5409 178
      vertex 9.95795 -26.1717 178
    endloop
  endfacet
  facet normal 0 0 -1
    outer loop
      vertex 8.32715 -27.5409 178
      vertex 8.17502 -27.3846 178
      vertex 9.95795 -26.1717 178
    endloop
  endfacet
  facet normal 0 0 -1
    outer loop
      vertex 9.95795 -26.1717 178
      vertex 8.17502 -27.3846 178
      vertex 9.86268 -26.0352 178
    endloop
  endfacet
  facet normal 0 0 -1
    outer loop
      vertex 8.17502 -27.3846 178
      vertex 8.02984 -27.2219 178
      vertex 9.86268 -26.0352 178
    endloop
  endfacet
  facet normal 0 0 -1
    outer loop
      vertex 9.86268 -26.0352 178
      vertex 8.02984 -27.2219 178
      vertex 9.77336 -25.8947 178
    endloop
  endfacet
  facet normal 0 0 -1
    outer loop
      vertex 8.02984 -27.2219 178
      vertex 7.8919 -27.053 178
      vertex 9.77336 -25.8947 178
    endloop
  endfacet
  facet normal 0 0 -1
    outer loop
      vertex 9.77336 -25.8947 178
      vertex 7.8919 -27.053 178
      vertex 9.69018 -25.7506 178
    endloop
  endfacet
  facet normal 0 0 -1
    outer loop
      vertex 7.8919 -27.053 178
      vertex 7.76145 -26.8782 178
      vertex 9.69018 -25.7506 178
    endloop
  endfacet
  facet normal 0 0 -1
    outer loop
      vertex 9.69018 -25.7506 178
      vertex 7.76145 -26.8782 178
      vertex 9.61327 -25.6029 178
    endloop
  endfacet
  facet normal 0 0 -1
    outer loop
      vertex 7.76145 -26.8782 178
      vertex 7.63875 -26.6979 178
      vertex 9.61327 -25.6029 178
    endloop
  endfacet
  facet normal 0 0 -1
    outer loop
      vertex 9.61327 -25.6029 178
      vertex 7.63875 -26.6979 178
      vertex 7.52402 -26.5124 178
    endloop
  endfacet
  facet normal 0 0 -1
    outer loop
      vertex 10.7757 -26.9959 178
      vertex 9.5611 -28.4298 178
      vertex 10.6442 -26.8938 178
    endloop
  endfacet
  facet normal 0 0 -1
    outer loop
      vertex 9.5611 -28.4298 178
      vertex 9.36903 -28.3265 178
      vertex 10.6442 -26.8938 178
    endloop
  endfacet
  facet normal 0 0 -1
    outer loop
      vertex 10.6442 -26.8938 178
      vertex 9.36903 -28.3265 178
      vertex 10.5172 -26.7861 178
    endloop
  endfacet
  facet normal 0 0 -1
    outer loop
      vertex 9.36903 -28.3265 178
      vertex 9.18165 -28.2149 178
      vertex 10.5172 -26.7861 178
    endloop
  endfacet
  facet normal 0 0 -1
    outer loop
      vertex 10.5172 -26.7861 178
      vertex 9.18165 -28.2149 178
      vertex 10.395 -26.6731 178
    endloop
  endfacet
  facet normal 0 0 -1
    outer loop
      vertex 9.18165 -28.2149 178
      vertex 8.99931 -28.0953 178
      vertex 10.395 -26.6731 178
    endloop
  endfacet
  facet normal 0 0 -1
    outer loop
      vertex 10.395 -26.6731 178
      vertex 8.99931 -28.0953 178
      vertex 10.2777 -26.5549 178
    endloop
  endfacet
  facet normal 0 0 -1
    outer loop
      vertex 8.99931 -28.0953 178
      vertex 8.82236 -27.9678 178
      vertex 10.2777 -26.5549 178
    endloop
  endfacet
  facet normal 0 0 -1
    outer loop
      vertex 10.2777 -26.5549 178
      vertex 8.82236 -27.9678 178
      vertex 10.1657 -26.4318 178
    endloop
  endfacet
  facet normal 0 0 -1
    outer loop
      vertex 8.82236 -27.9678 178
      vertex 8.65113 -27.8327 178
      vertex 10.1657 -26.4318 178
    endloop
  endfacet
  facet normal 0 0 -1
    outer loop
      vertex 10.1657 -26.4318 178
      vertex 8.65113 -27.8327 178
      vertex 10.059 -26.304 178
    endloop
  endfacet
  facet normal 0 0 -1
    outer loop
      vertex 8.65113 -27.8327 178
      vertex 8.48596 -27.6903 178
      vertex 10.059 -26.304 178
    endloop
  endfacet
  facet normal 0 0 -1
    outer loop
      vertex 10.059 -26.304 178
      vertex 8.48596 -27.6903 178
      vertex 8.32715 -27.5409 178
    endloop
  endfacet
  facet normal 0 0 -1
    outer loop
      vertex 13.4407 -27.7417 178
      vertex 13.6061 -27.7227 178
      vertex 12.3092 -28.9528 178
    endloop
  endfacet
  facet normal 0 0 -1
    outer loop
      vertex 13.6061 -27.7227 178
      vertex 13.7705 -27.6966 178
      vertex 12.3092 -28.9528 178
    endloop
  endfacet
  facet normal 0 0 -1
    outer loop
      vertex 12.3092 -28.9528 178
      vertex 13.7705 -27.6966 178
      vertex 19.875 -25.4747 178
    endloop
  endfacet
  facet normal 0 0 -1
    outer loop
      vertex 22.4717 -26.269 178
      vertex 22.6444 -26.2567 178
      vertex 24.1991 -27.8142 178
    endloop
  endfacet
  facet normal 0 0 -1
    outer loop
      vertex 22.6444 -26.2567 178
      vertex 22.8164 -26.2369 178
      vertex 24.1991 -27.8142 178
    endloop
  endfacet
  facet normal 0 0 -1
    outer loop
      vertex 22.8164 -26.2369 178
      vertex 22.9874 -26.2097 178
      vertex 24.1991 -27.8142 178
    endloop
  endfacet
  facet normal 0 0 -1
    outer loop
      vertex 22.9874 -26.2097 178
      vertex 23.1571 -26.1751 178
      vertex 24.1991 -27.8142 178
    endloop
  endfacet
  facet normal 0 0 -1
    outer loop
      vertex 24.1991 -27.8142 178
      vertex 23.1571 -26.1751 178
      vertex 23.3251 -26.1333 178
    endloop
  endfacet
  facet normal 0 0 -1
    outer loop
      vertex 26.0447 -20.9395 178
      vertex 25.9835 -20.7775 178
      vertex 29.4689 -12.2528 178
    endloop
  endfacet
  facet normal 0 0 -1
    outer loop
      vertex 9.21491 -23.9997 178
      vertex 6.91628 -24.8863 178
      vertex 9.21377 -23.8332 178
    endloop
  endfacet
  facet normal 0 0 -1
    outer loop
      vertex 6.91628 -24.8863 178
      vertex 6.46517 -20.5049 178
      vertex 9.21377 -23.8332 178
    endloop
  endfacet
  facet normal 0 0 -1
    outer loop
      vertex 9.21377 -23.8332 178
      vertex 6.46517 -20.5049 178
      vertex 7.35343 -20.2034 178
    endloop
  endfacet
  facet normal 0 0 -1
    outer loop
      vertex 7.22983 -25.9285 178
      vertex 7.14904 -25.726 178
      vertex 9.37112 -24.9835 178
    endloop
  endfacet
  facet normal 0 0 -1
    outer loop
      vertex 7.14904 -25.726 178
      vertex 7.07717 -25.5201 178
      vertex 9.37112 -24.9835 178
    endloop
  endfacet
  facet normal 0 0 -1
    outer loop
      vertex 9.37112 -24.9835 178
      vertex 7.07717 -25.5201 178
      vertex 9.32751 -24.8228 178
    endloop
  endfacet
  facet normal 0 0 -1
    outer loop
      vertex 7.07717 -25.5201 178
      vertex 7.01434 -25.3112 178
      vertex 9.32751 -24.8228 178
    endloop
  endfacet
  facet normal 0 0 -1
    outer loop
      vertex 9.32751 -24.8228 178
      vertex 7.01434 -25.3112 178
      vertex 9.29085 -24.6604 178
    endloop
  endfacet
  facet normal 0 0 -1
    outer loop
      vertex 7.01434 -25.3112 178
      vertex 6.96068 -25.0999 178
      vertex 9.29085 -24.6604 178
    endloop
  endfacet
  facet normal 0 0 -1
    outer loop
      vertex 9.29085 -24.6604 178
      vertex 6.96068 -25.0999 178
      vertex 9.26122 -24.4966 178
    endloop
  endfacet
  facet normal 0 0 -1
    outer loop
      vertex 6.96068 -25.0999 178
      vertex 6.91628 -24.8863 178
      vertex 9.26122 -24.4966 178
    endloop
  endfacet
  facet normal 0 0 -1
    outer loop
      vertex 9.26122 -24.4966 178
      vertex 6.91628 -24.8863 178
      vertex 9.23865 -24.3317 178
    endloop
  endfacet
  facet normal 0 0 -1
    outer loop
      vertex 6.91628 -24.8863 178
      vertex 9.22321 -24.1659 178
      vertex 9.23865 -24.3317 178
    endloop
  endfacet
  facet normal 0 0 -1
    outer loop
      vertex 20.0158 -25.5755 178
      vertex 20.1608 -25.6702 178
      vertex 12.3092 -28.9528 178
    endloop
  endfacet
  facet normal 0 0 -1
    outer loop
      vertex 20.1608 -25.6702 178
      vertex 20.3097 -25.7584 178
      vertex 12.3092 -28.9528 178
    endloop
  endfacet
  facet normal 0 0 -1
    outer loop
      vertex 12.3092 -28.9528 178
      vertex 20.3097 -25.7584 178
      vertex 20.4624 -25.8402 178
    endloop
  endfacet
  facet normal 0 0 -1
    outer loop
      vertex 26.0341 -26.314 178
      vertex 25.7555 -26.5954 178
      vertex 24.8471 -25.3363 178
    endloop
  endfacet
  facet normal 0 0 -1
    outer loop
      vertex 27.622 -24.0534 178
      vertex 26.2711 -22.1255 178
      vertex 26.2609 -21.9527 178
    endloop
  endfacet
  facet normal 0 0 -1
    outer loop
      vertex 26.2182 -21.6091 178
      vertex 26.1858 -21.4391 178
      vertex 29.4689 -12.2528 178
    endloop
  endfacet
  facet normal 0 0 -1
    outer loop
      vertex 25.9835 -20.7775 178
      vertex 25.9152 -20.6184 178
      vertex 29.4689 -12.2528 178
    endloop
  endfacet
  facet normal 0 0 -1
    outer loop
      vertex 25.9152 -20.6184 178
      vertex 25.8402 -20.4624 178
      vertex 29.4689 -12.2528 178
    endloop
  endfacet
  facet normal 0 0 -1
    outer loop
      vertex 29.4689 -12.2528 178
      vertex 25.8402 -20.4624 178
      vertex 25.7584 -20.3097 178
    endloop
  endfacet
  facet normal 0 0 -1
    outer loop
      vertex 25.4747 -19.875 178
      vertex 27.6966 -13.7705 178
      vertex 25.5755 -20.0158 178
    endloop
  endfacet
  facet normal 0 0 -1
    outer loop
      vertex 27.6966 -13.7705 178
      vertex 29.4689 -12.2528 178
      vertex 25.5755 -20.0158 178
    endloop
  endfacet
  facet normal 0 0 -1
    outer loop
      vertex 25.5755 -20.0158 178
      vertex 29.4689 -12.2528 178
      vertex 25.6702 -20.1608 178
    endloop
  endfacet
  facet normal 0 0 -1
    outer loop
      vertex 29.4689 -12.2528 178
      vertex 25.7584 -20.3097 178
      vertex 25.6702 -20.1608 178
    endloop
  endfacet
  facet normal 0 0 -1
    outer loop
      vertex 12.4453 -27.7057 178
      vertex 12.3092 -28.9528 178
      vertex 12.2817 -27.6748 178
    endloop
  endfacet
  facet normal 0 0 -1
    outer loop
      vertex 12.3092 -28.9528 178
      vertex 12.0917 -28.9688 178
      vertex 12.2817 -27.6748 178
    endloop
  endfacet
  facet normal 0 0 -1
    outer loop
      vertex 12.2817 -27.6748 178
      vertex 12.0917 -28.9688 178
      vertex 12.1196 -27.6368 178
    endloop
  endfacet
  facet normal 0 0 -1
    outer loop
      vertex 12.4453 -27.7057 178
      vertex 12.61 -27.7295 178
      vertex 12.3092 -28.9528 178
    endloop
  endfacet
  facet normal 0 0 -1
    outer loop
      vertex 12.61 -27.7295 178
      vertex 12.7756 -27.7463 178
      vertex 12.3092 -28.9528 178
    endloop
  endfacet
  facet normal 0 0 -1
    outer loop
      vertex 12.3092 -28.9528 178
      vertex 12.7756 -27.7463 178
      vertex 12.9418 -27.7559 178
    endloop
  endfacet
  facet normal 0 0 -1
    outer loop
      vertex 12.9418 -27.7559 178
      vertex 13.1083 -27.7583 178
      vertex 12.3092 -28.9528 178
    endloop
  endfacet
  facet normal 0 0 -1
    outer loop
      vertex 13.1083 -27.7583 178
      vertex 13.2747 -27.7536 178
      vertex 12.3092 -28.9528 178
    endloop
  endfacet
  facet normal 0 0 -1
    outer loop
      vertex 12.3092 -28.9528 178
      vertex 13.2747 -27.7536 178
      vertex 13.4407 -27.7417 178
    endloop
  endfacet
  facet normal 0 0 -1
    outer loop
      vertex 21.2705 -26.146 178
      vertex 12.3092 -28.9528 178
      vertex 21.1039 -26.0989 178
    endloop
  endfacet
  facet normal 0 0 -1
    outer loop
      vertex 12.3092 -28.9528 178
      vertex 20.9395 -26.0447 178
      vertex 21.1039 -26.0989 178
    endloop
  endfacet
  facet normal 0 0 -1
    outer loop
      vertex 24.8471 -25.3363 178
      vertex 24.9772 -25.222 178
      vertex 26.0341 -26.314 178
    endloop
  endfacet
  facet normal 0 0 -1
    outer loop
      vertex 24.9772 -25.222 178
      vertex 25.1023 -25.1023 178
      vertex 26.0341 -26.314 178
    endloop
  endfacet
  facet normal 0 0 -1
    outer loop
      vertex 26.0341 -26.314 178
      vertex 25.1023 -25.1023 178
      vertex 26.3007 -26.0211 178
    endloop
  endfacet
  facet normal 0 0 -1
    outer loop
      vertex 25.1023 -25.1023 178
      vertex 25.222 -24.9772 178
      vertex 26.3007 -26.0211 178
    endloop
  endfacet
  facet normal 0 0 -1
    outer loop
      vertex 26.3007 -26.0211 178
      vertex 25.222 -24.9772 178
      vertex 26.5547 -25.7173 178
    endloop
  endfacet
  facet normal 0 0 -1
    outer loop
      vertex 27.622 -24.0534 178
      vertex 26.2369 -22.8164 178
      vertex 26.2567 -22.6444 178
    endloop
  endfacet
  facet normal 0 0 -1
    outer loop
      vertex 27.622 -24.0534 178
      vertex 26.2609 -21.9527 178
      vertex 29.4689 -12.2528 178
    endloop
  endfacet
  facet normal 0 0 -1
    outer loop
      vertex 26.2609 -21.9527 178
      vertex 26.2433 -21.7804 178
      vertex 29.4689 -12.2528 178
    endloop
  endfacet
  facet normal 0 0 -1
    outer loop
      vertex 29.4689 -12.2528 178
      vertex 26.2433 -21.7804 178
      vertex 26.2182 -21.6091 178
    endloop
  endfacet
  facet normal 0 0 -1
    outer loop
      vertex 26.1858 -21.4391 178
      vertex 26.146 -21.2705 178
      vertex 29.4689 -12.2528 178
    endloop
  endfacet
  facet normal 0 0 -1
    outer loop
      vertex 26.146 -21.2705 178
      vertex 26.0989 -21.1039 178
      vertex 29.4689 -12.2528 178
    endloop
  endfacet
  facet normal 0 0 -1
    outer loop
      vertex 29.4689 -12.2528 178
      vertex 26.0989 -21.1039 178
      vertex 26.0447 -20.9395 178
    endloop
  endfacet
  facet normal 0 0 -1
    outer loop
      vertex 27.2487 -11.1625 178
      vertex 29.338 -10.1107 178
      vertex 27.3292 -11.3108 178
    endloop
  endfacet
  facet normal 0 0 -1
    outer loop
      vertex 29.338 -10.1107 178
      vertex 29.3927 -10.3199 178
      vertex 27.3292 -11.3108 178
    endloop
  endfacet
  facet normal 0 0 -1
    outer loop
      vertex 27.3292 -11.3108 178
      vertex 29.3927 -10.3199 178
      vertex 27.4032 -11.4626 178
    endloop
  endfacet
  facet normal 0 0 -1
    outer loop
      vertex 29.3927 -10.3199 178
      vertex 29.4383 -10.5314 178
      vertex 27.4032 -11.4626 178
    endloop
  endfacet
  facet normal 0 0 -1
    outer loop
      vertex 27.4032 -11.4626 178
      vertex 29.4383 -10.5314 178
      vertex 27.4705 -11.6173 178
    endloop
  endfacet
  facet normal 0 0 -1
    outer loop
      vertex 29.4383 -10.5314 178
      vertex 29.4747 -10.7445 178
      vertex 27.4705 -11.6173 178
    endloop
  endfacet
  facet normal 0 0 -1
    outer loop
      vertex 27.4705 -11.6173 178
      vertex 29.4747 -10.7445 178
      vertex 27.531 -11.7749 178
    endloop
  endfacet
  facet normal 0 0 -1
    outer loop
      vertex 20.7311 -10.8488 178
      vertex 19.0707 -9.9276 178
      vertex 20.8315 -10.7132 178
    endloop
  endfacet
  facet normal 0 0 -1
    outer loop
      vertex 19.0707 -9.9276 178
      vertex 19.4856 -9.08629 178
      vertex 20.8315 -10.7132 178
    endloop
  endfacet
  facet normal 0 0 -1
    outer loop
      vertex 20.8315 -10.7132 178
      vertex 19.4856 -9.08629 178
      vertex 20.9377 -10.582 178
    endloop
  endfacet
  facet normal 0 0 -1
    outer loop
      vertex 19.4856 -9.08629 178
      vertex 21.0495 -10.4556 178
      vertex 20.9377 -10.582 178
    endloop
  endfacet
  facet normal 0 0 -1
    outer loop
      vertex 20.7311 -10.8488 178
      vertex 20.6367 -10.9888 178
      vertex 19.0707 -9.9276 178
    endloop
  endfacet
  facet normal 0 0 -1
    outer loop
      vertex 20.6367 -10.9888 178
      vertex 20.5485 -11.1327 178
      vertex 19.0707 -9.9276 178
    endloop
  endfacet
  facet normal 0 0 -1
    outer loop
      vertex 19.0707 -9.9276 178
      vertex 20.5485 -11.1327 178
      vertex 18.6195 -10.75 178
    endloop
  endfacet
  facet normal 0 0 -1
    outer loop
      vertex 20.5485 -11.1327 178
      vertex 20.4666 -11.2803 178
      vertex 18.6195 -10.75 178
    endloop
  endfacet
  facet normal 0 0 -1
    outer loop
      vertex 18.6195 -10.75 178
      vertex 20.4666 -11.2803 178
      vertex 20.3913 -11.4313 178
    endloop
  endfacet
  facet normal 0 0 -1
    outer loop
      vertex 20.2058 -11.9021 178
      vertex 18.1329 -11.5519 178
      vertex 20.2608 -11.7425 178
    endloop
  endfacet
  facet normal 0 0 -1
    outer loop
      vertex 18.1329 -11.5519 178
      vertex 18.6195 -10.75 178
      vertex 20.2608 -11.7425 178
    endloop
  endfacet
  facet normal 0 0 -1
    outer loop
      vertex 20.2608 -11.7425 178
      vertex 18.6195 -10.75 178
      vertex 20.3226 -11.5855 178
    endloop
  endfacet
  facet normal 0 0 -1
    outer loop
      vertex 18.6195 -10.75 178
      vertex 20.3913 -11.4313 178
      vertex 20.3226 -11.5855 178
    endloop
  endfacet
  facet normal 0 0 -1
    outer loop
      vertex 10.3571 -21.1439 178
      vertex 10.2415 -21.2637 178
      vertex 9.08629 -19.4856 178
    endloop
  endfacet
  facet normal 0 0 -1
    outer loop
      vertex 13.8199 -16.47 178
      vertex 14.5252 -15.8515 178
      vertex 18.0312 -18.0312 178
    endloop
  endfacet
  facet normal 0 0 -1
    outer loop
      vertex 14.5252 -15.8515 178
      vertex 15.2028 -15.2028 178
      vertex 18.0312 -18.0312 178
    endloop
  endfacet
  facet normal 0 0 -1
    outer loop
      vertex 18.0312 -18.0312 178
      vertex 15.2028 -15.2028 178
      vertex 15.8515 -14.5252 178
    endloop
  endfacet
  facet normal 0 0 -1
    outer loop
      vertex 20.4624 -25.8402 178
      vertex 20.6184 -25.9152 178
      vertex 12.3092 -28.9528 178
    endloop
  endfacet
  facet normal 0 0 -1
    outer loop
      vertex 20.6184 -25.9152 178
      vertex 20.7775 -25.9835 178
      vertex 12.3092 -28.9528 178
    endloop
  endfacet
  facet normal 0 0 -1
    outer loop
      vertex 12.3092 -28.9528 178
      vertex 20.7775 -25.9835 178
      vertex 20.9395 -26.0447 178
    endloop
  endfacet
  facet normal 0 0 -1
    outer loop
      vertex 26.1333 -23.3251 178
      vertex 26.1751 -23.1571 178
      vertex 27.622 -24.0534 178
    endloop
  endfacet
  facet normal 0 0 -1
    outer loop
      vertex 26.1751 -23.1571 178
      vertex 26.2097 -22.9874 178
      vertex 27.622 -24.0534 178
    endloop
  endfacet
  facet normal 0 0 -1
    outer loop
      vertex 27.622 -24.0534 178
      vertex 26.2097 -22.9874 178
      vertex 26.2369 -22.8164 178
    endloop
  endfacet
  facet normal 0 0 -1
    outer loop
      vertex 26.2567 -22.6444 178
      vertex 26.269 -22.4717 178
      vertex 27.622 -24.0534 178
    endloop
  endfacet
  facet normal 0 0 -1
    outer loop
      vertex 26.269 -22.4717 178
      vertex 26.2738 -22.2987 178
      vertex 27.622 -24.0534 178
    endloop
  endfacet
  facet normal 0 0 -1
    outer loop
      vertex 27.622 -24.0534 178
      vertex 26.2738 -22.2987 178
      vertex 26.2711 -22.1255 178
    endloop
  endfacet
  facet normal 0 0 -1
    outer loop
      vertex 27.7554 -12.9303 178
      vertex 27.7451 -12.7618 178
      vertex 29.4689 -12.2528 178
    endloop
  endfacet
  facet normal 0 0 -1
    outer loop
      vertex 27.7451 -12.7618 178
      vertex 27.7275 -12.5939 178
      vertex 29.4689 -12.2528 178
    endloop
  endfacet
  facet normal 0 0 -1
    outer loop
      vertex 29.4689 -12.2528 178
      vertex 27.7275 -12.5939 178
      vertex 29.4978 -12.0384 178
    endloop
  endfacet
  facet normal 0 0 -1
    outer loop
      vertex 27.7275 -12.5939 178
      vertex 27.7026 -12.427 178
      vertex 29.4978 -12.0384 178
    endloop
  endfacet
  facet normal 0 0 -1
    outer loop
      vertex 29.4978 -12.0384 178
      vertex 27.7026 -12.427 178
      vertex 29.5173 -11.823 178
    endloop
  endfacet
  facet normal 0 0 -1
    outer loop
      vertex 27.7026 -12.427 178
      vertex 27.6704 -12.2613 178
      vertex 29.5173 -11.823 178
    endloop
  endfacet
  facet normal 0 0 -1
    outer loop
      vertex 29.5173 -11.823 178
      vertex 27.6704 -12.2613 178
      vertex 29.5275 -11.607 178
    endloop
  endfacet
  facet normal 0 0 -1
    outer loop
      vertex 27.6704 -12.2613 178
      vertex 27.631 -12.0972 178
      vertex 29.5275 -11.607 178
    endloop
  endfacet
  facet normal 0 0 -1
    outer loop
      vertex 29.5275 -11.607 178
      vertex 27.631 -12.0972 178
      vertex 29.5283 -11.3907 178
    endloop
  endfacet
  facet normal 0 0 -1
    outer loop
      vertex 27.631 -12.0972 178
      vertex 27.5845 -11.935 178
      vertex 29.5283 -11.3907 178
    endloop
  endfacet
  facet normal 0 0 -1
    outer loop
      vertex 29.5283 -11.3907 178
      vertex 27.5845 -11.935 178
      vertex 29.5198 -11.1746 178
    endloop
  endfacet
  facet normal 0 0 -1
    outer loop
      vertex 27.5845 -11.935 178
      vertex 27.531 -11.7749 178
      vertex 29.5198 -11.1746 178
    endloop
  endfacet
  facet normal 0 0 -1
    outer loop
      vertex 29.5198 -11.1746 178
      vertex 27.531 -11.7749 178
      vertex 29.5019 -10.9591 178
    endloop
  endfacet
  facet normal 0 0 -1
    outer loop
      vertex 27.531 -11.7749 178
      vertex 29.4747 -10.7445 178
      vertex 29.5019 -10.9591 178
    endloop
  endfacet
  facet normal 0 0 -1
    outer loop
      vertex 26.8644 -10.6084 178
      vertex 28.9322 -9.11057 178
      vertex 26.9695 -10.7405 178
    endloop
  endfacet
  facet normal 0 0 -1
    outer loop
      vertex 28.9322 -9.11057 178
      vertex 29.0305 -9.3032 178
      vertex 26.9695 -10.7405 178
    endloop
  endfacet
  facet normal 0 0 -1
    outer loop
      vertex 26.9695 -10.7405 178
      vertex 29.0305 -9.3032 178
      vertex 27.0687 -10.8771 178
    endloop
  endfacet
  facet normal 0 0 -1
    outer loop
      vertex 29.0305 -9.3032 178
      vertex 29.1204 -9.49989 178
      vertex 27.0687 -10.8771 178
    endloop
  endfacet
  facet normal 0 0 -1
    outer loop
      vertex 27.0687 -10.8771 178
      vertex 29.1204 -9.49989 178
      vertex 27.1618 -11.0178 178
    endloop
  endfacet
  facet normal 0 0 -1
    outer loop
      vertex 29.1204 -9.49989 178
      vertex 29.2018 -9.7003 178
      vertex 27.1618 -11.0178 178
    endloop
  endfacet
  facet normal 0 0 -1
    outer loop
      vertex 27.1618 -11.0178 178
      vertex 29.2018 -9.7003 178
      vertex 27.2487 -11.1625 178
    endloop
  endfacet
  facet normal 0 0 -1
    outer loop
      vertex 29.2018 -9.7003 178
      vertex 29.2743 -9.90403 178
      vertex 27.2487 -11.1625 178
    endloop
  endfacet
  facet normal 0 0 -1
    outer loop
      vertex 27.2487 -11.1625 178
      vertex 29.2743 -9.90403 178
      vertex 29.338 -10.1107 178
    endloop
  endfacet
  facet normal 0 0 -1
    outer loop
      vertex 26.5161 -10.2414 178
      vertex 28.4586 -8.38786 178
      vertex 26.6375 -10.3586 178
    endloop
  endfacet
  facet normal 0 0 -1
    outer loop
      vertex 28.4586 -8.38786 178
      vertex 28.5886 -8.56068 178
      vertex 26.6375 -10.3586 178
    endloop
  endfacet
  facet normal 0 0 -1
    outer loop
      vertex 26.6375 -10.3586 178
      vertex 28.5886 -8.56068 178
      vertex 26.7537 -10.481 178
    endloop
  endfacet
  facet normal 0 0 -1
    outer loop
      vertex 28.5886 -8.56068 178
      vertex 28.711 -8.73897 178
      vertex 26.7537 -10.481 178
    endloop
  endfacet
  facet normal 0 0 -1
    outer loop
      vertex 26.7537 -10.481 178
      vertex 28.711 -8.73897 178
      vertex 26.8644 -10.6084 178
    endloop
  endfacet
  facet normal 0 0 -1
    outer loop
      vertex 28.711 -8.73897 178
      vertex 28.8256 -8.92238 178
      vertex 26.8644 -10.6084 178
    endloop
  endfacet
  facet normal 0 0 -1
    outer loop
      vertex 26.8644 -10.6084 178
      vertex 28.8256 -8.92238 178
      vertex 28.9322 -9.11057 178
    endloop
  endfacet
  facet normal 0 0 -1
    outer loop
      vertex 25.8391 -9.74028 178
      vertex 27.3578 -7.35676 178
      vertex 25.983 -9.82848 178
    endloop
  endfacet
  facet normal 0 0 -1
    outer loop
      vertex 27.3578 -7.35676 178
      vertex 27.5335 -7.48294 178
      vertex 25.983 -9.82848 178
    endloop
  endfacet
  facet normal 0 0 -1
    outer loop
      vertex 25.983 -9.82848 178
      vertex 27.5335 -7.48294 178
      vertex 26.1229 -9.92287 178
    endloop
  endfacet
  facet normal 0 0 -1
    outer loop
      vertex 24.412 -9.24873 178
      vertex 24.2443 -9.22961 178
      vertex 24.9399 -6.49654 178
    endloop
  endfacet
  facet normal 0 0 -1
    outer loop
      vertex 24.2443 -9.22961 178
      vertex 24.0759 -9.21782 178
      vertex 24.9399 -6.49654 178
    endloop
  endfacet
  facet normal 0 0 -1
    outer loop
      vertex 24.9399 -6.49654 178
      vertex 24.0759 -9.21782 178
      vertex 23.9072 -9.21339 178
    endloop
  endfacet
  facet normal 0 0 -1
    outer loop
      vertex 23.9072 -9.21339 178
      vertex 23.7385 -9.21632 178
      vertex 24.9399 -6.49654 178
    endloop
  endfacet
  facet normal 0 0 -1
    outer loop
      vertex 23.7385 -9.21632 178
      vertex 23.57 -9.22661 178
      vertex 24.9399 -6.49654 178
    endloop
  endfacet
  facet normal 0 0 -1
    outer loop
      vertex 24.9399 -6.49654 178
      vertex 23.57 -9.22661 178
      vertex 20.6049 -6.13917 178
    endloop
  endfacet
  facet normal 0 0 -1
    outer loop
      vertex 22.5831 -9.44079 178
      vertex 22.4255 -9.50126 178
      vertex 20.6049 -6.13917 178
    endloop
  endfacet
  facet normal 0 0 -1
    outer loop
      vertex 22.4255 -9.50126 178
      vertex 22.2707 -9.56854 178
      vertex 20.6049 -6.13917 178
    endloop
  endfacet
  facet normal 0 0 -1
    outer loop
      vertex 20.6049 -6.13917 178
      vertex 22.2707 -9.56854 178
      vertex 20.5049 -6.46517 178
    endloop
  endfacet
  facet normal 0 0 -1
    outer loop
      vertex 12.0917 -28.9688 178
      vertex 11.8738 -28.9754 178
      vertex 12.1196 -27.6368 178
    endloop
  endfacet
  facet normal 0 0 -1
    outer loop
      vertex 11.8738 -28.9754 178
      vertex 11.6557 -28.9724 178
      vertex 12.1196 -27.6368 178
    endloop
  endfacet
  facet normal 0 0 -1
    outer loop
      vertex 12.1196 -27.6368 178
      vertex 11.6557 -28.9724 178
      vertex 11.9593 -27.592 178
    endloop
  endfacet
  facet normal 0 0 -1
    outer loop
      vertex 11.6557 -28.9724 178
      vertex 11.438 -28.9599 178
      vertex 11.9593 -27.592 178
    endloop
  endfacet
  facet normal 0 0 -1
    outer loop
      vertex 11.9593 -27.592 178
      vertex 11.438 -28.9599 178
      vertex 11.8011 -27.5402 178
    endloop
  endfacet
  facet normal 0 0 -1
    outer loop
      vertex 11.438 -28.9599 178
      vertex 11.221 -28.938 178
      vertex 11.8011 -27.5402 178
    endloop
  endfacet
  facet normal 0 0 -1
    outer loop
      vertex 11.8011 -27.5402 178
      vertex 11.221 -28.938 178
      vertex 11.6452 -27.4818 178
    endloop
  endfacet
  facet normal 0 0 -1
    outer loop
      vertex 11.221 -28.938 178
      vertex 11.0052 -28.9066 178
      vertex 11.6452 -27.4818 178
    endloop
  endfacet
  facet normal 0 0 -1
    outer loop
      vertex 11.6452 -27.4818 178
      vertex 11.0052 -28.9066 178
      vertex 11.492 -27.4166 178
    endloop
  endfacet
  facet normal 0 0 -1
    outer loop
      vertex 11.0052 -28.9066 178
      vertex 10.791 -28.8658 178
      vertex 11.492 -27.4166 178
    endloop
  endfacet
  facet normal 0 0 -1
    outer loop
      vertex 11.492 -27.4166 178
      vertex 10.791 -28.8658 178
      vertex 11.3418 -27.345 178
    endloop
  endfacet
  facet normal 0 0 -1
    outer loop
      vertex 10.791 -28.8658 178
      vertex 10.5787 -28.8157 178
      vertex 11.3418 -27.345 178
    endloop
  endfacet
  facet normal 0 0 -1
    outer loop
      vertex 11.3418 -27.345 178
      vertex 10.5787 -28.8157 178
      vertex 11.1947 -27.2669 178
    endloop
  endfacet
  facet normal 0 0 -1
    outer loop
      vertex 10.5787 -28.8157 178
      vertex 10.3688 -28.7565 178
      vertex 11.1947 -27.2669 178
    endloop
  endfacet
  facet normal 0 0 -1
    outer loop
      vertex 11.1947 -27.2669 178
      vertex 10.3688 -28.7565 178
      vertex 11.0512 -27.1826 178
    endloop
  endfacet
  facet normal 0 0 -1
    outer loop
      vertex 10.3688 -28.7565 178
      vertex 10.1617 -28.6881 178
      vertex 11.0512 -27.1826 178
    endloop
  endfacet
  facet normal 0 0 -1
    outer loop
      vertex 11.0512 -27.1826 178
      vertex 10.1617 -28.6881 178
      vertex 10.9114 -27.0922 178
    endloop
  endfacet
  facet normal 0 0 -1
    outer loop
      vertex 10.1617 -28.6881 178
      vertex 9.95784 -28.6107 178
      vertex 10.9114 -27.0922 178
    endloop
  endfacet
  facet normal 0 0 -1
    outer loop
      vertex 10.9114 -27.0922 178
      vertex 9.95784 -28.6107 178
      vertex 10.7757 -26.9959 178
    endloop
  endfacet
  facet normal 0 0 -1
    outer loop
      vertex 9.95784 -28.6107 178
      vertex 9.75749 -28.5246 178
      vertex 10.7757 -26.9959 178
    endloop
  endfacet
  facet normal 0 0 -1
    outer loop
      vertex 10.7757 -26.9959 178
      vertex 9.75749 -28.5246 178
      vertex 9.5611 -28.4298 178
    endloop
  endfacet
  facet normal 0 0 -1
    outer loop
      vertex 21.2705 -26.146 178
      vertex 21.4391 -26.1858 178
      vertex 12.3092 -28.9528 178
    endloop
  endfacet
  facet normal 0 0 -1
    outer loop
      vertex 21.4391 -26.1858 178
      vertex 21.6091 -26.2182 178
      vertex 12.3092 -28.9528 178
    endloop
  endfacet
  facet normal 0 0 -1
    outer loop
      vertex 12.3092 -28.9528 178
      vertex 21.6091 -26.2182 178
      vertex 24.1991 -27.8142 178
    endloop
  endfacet
  facet normal 0 0 -1
    outer loop
      vertex 21.6091 -26.2182 178
      vertex 21.7804 -26.2433 178
      vertex 24.1991 -27.8142 178
    endloop
  endfacet
  facet normal 0 0 -1
    outer loop
      vertex 24.1991 -27.8142 178
      vertex 21.7804 -26.2433 178
      vertex 21.9527 -26.2609 178
    endloop
  endfacet
  facet normal 0 0 -1
    outer loop
      vertex 25.164 -27.122 178
      vertex 24.8521 -27.3662 178
      vertex 24.1294 -25.8174 178
    endloop
  endfacet
  facet normal 0 0 -1
    outer loop
      vertex 24.1294 -25.8174 178
      vertex 24.281 -25.7338 178
      vertex 25.164 -27.122 178
    endloop
  endfacet
  facet normal 0 0 -1
    outer loop
      vertex 24.281 -25.7338 178
      vertex 24.4289 -25.6437 178
      vertex 25.164 -27.122 178
    endloop
  endfacet
  facet normal 0 0 -1
    outer loop
      vertex 25.164 -27.122 178
      vertex 24.4289 -25.6437 178
      vertex 25.4652 -26.8649 178
    endloop
  endfacet
  facet normal 0 0 -1
    outer loop
      vertex 24.4289 -25.6437 178
      vertex 24.5727 -25.5473 178
      vertex 25.4652 -26.8649 178
    endloop
  endfacet
  facet normal 0 0 -1
    outer loop
      vertex 25.4652 -26.8649 178
      vertex 24.5727 -25.5473 178
      vertex 25.7555 -26.5954 178
    endloop
  endfacet
  facet normal 0 0 -1
    outer loop
      vertex 24.5727 -25.5473 178
      vertex 24.7122 -25.4448 178
      vertex 25.7555 -26.5954 178
    endloop
  endfacet
  facet normal 0 0 -1
    outer loop
      vertex 25.7555 -26.5954 178
      vertex 24.7122 -25.4448 178
      vertex 24.8471 -25.3363 178
    endloop
  endfacet
  facet normal 0 0 -1
    outer loop
      vertex 25.222 -24.9772 178
      vertex 25.3363 -24.8471 178
      vertex 26.5547 -25.7173 178
    endloop
  endfacet
  facet normal 0 0 -1
    outer loop
      vertex 25.3363 -24.8471 178
      vertex 25.4448 -24.7122 178
      vertex 26.5547 -25.7173 178
    endloop
  endfacet
  facet normal 0 0 -1
    outer loop
      vertex 26.5547 -25.7173 178
      vertex 25.4448 -24.7122 178
      vertex 26.7958 -25.403 178
    endloop
  endfacet
  facet normal 0 0 -1
    outer loop
      vertex 25.4448 -24.7122 178
      vertex 25.5473 -24.5727 178
      vertex 26.7958 -25.403 178
    endloop
  endfacet
  facet normal 0 0 -1
    outer loop
      vertex 26.7958 -25.403 178
      vertex 25.5473 -24.5727 178
      vertex 27.0234 -25.0789 178
    endloop
  endfacet
  facet normal 0 0 -1
    outer loop
      vertex 25.5473 -24.5727 178
      vertex 25.6437 -24.4289 178
      vertex 27.0234 -25.0789 178
    endloop
  endfacet
  facet normal 0 0 -1
    outer loop
      vertex 25.6437 -24.4289 178
      vertex 25.7338 -24.281 178
      vertex 27.0234 -25.0789 178
    endloop
  endfacet
  facet normal 0 0 -1
    outer loop
      vertex 27.0234 -25.0789 178
      vertex 25.7338 -24.281 178
      vertex 27.2373 -24.7456 178
    endloop
  endfacet
  facet normal 0 0 -1
    outer loop
      vertex 27.5335 -7.48294 178
      vertex 27.7035 -7.61661 178
      vertex 26.1229 -9.92287 178
    endloop
  endfacet
  facet normal 0 0 -1
    outer loop
      vertex 27.7035 -7.61661 178
      vertex 27.8676 -7.7575 178
      vertex 26.1229 -9.92287 178
    endloop
  endfacet
  facet normal 0 0 -1
    outer loop
      vertex 26.1229 -9.92287 178
      vertex 27.8676 -7.7575 178
      vertex 26.2586 -10.0233 178
    endloop
  endfacet
  facet normal 0 0 -1
    outer loop
      vertex 27.8676 -7.7575 178
      vertex 28.0254 -7.90535 178
      vertex 26.2586 -10.0233 178
    endloop
  endfacet
  facet normal 0 0 -1
    outer loop
      vertex 26.2586 -10.0233 178
      vertex 28.0254 -7.90535 178
      vertex 26.3897 -10.1295 178
    endloop
  endfacet
  facet normal 0 0 -1
    outer loop
      vertex 28.0254 -7.90535 178
      vertex 28.1767 -8.05989 178
      vertex 26.3897 -10.1295 178
    endloop
  endfacet
  facet normal 0 0 -1
    outer loop
      vertex 26.3897 -10.1295 178
      vertex 28.1767 -8.05989 178
      vertex 26.5161 -10.2414 178
    endloop
  endfacet
  facet normal 0 0 -1
    outer loop
      vertex 28.1767 -8.05989 178
      vertex 28.3212 -8.22083 178
      vertex 26.5161 -10.2414 178
    endloop
  endfacet
  facet normal 0 0 -1
    outer loop
      vertex 26.5161 -10.2414 178
      vertex 28.3212 -8.22083 178
      vertex 28.4586 -8.38786 178
    endloop
  endfacet
  facet normal 0 0 -1
    outer loop
      vertex 25.3863 -9.51445 178
      vertex 26.6058 -6.9313 178
      vertex 25.5404 -9.58311 178
    endloop
  endfacet
  facet normal 0 0 -1
    outer loop
      vertex 26.6058 -6.9313 178
      vertex 26.8005 -7.02536 178
      vertex 25.5404 -9.58311 178
    endloop
  endfacet
  facet normal 0 0 -1
    outer loop
      vertex 25.5404 -9.58311 178
      vertex 26.8005 -7.02536 178
      vertex 25.6915 -9.65844 178
    endloop
  endfacet
  facet normal 0 0 -1
    outer loop
      vertex 26.8005 -7.02536 178
      vertex 26.991 -7.12775 178
      vertex 25.6915 -9.65844 178
    endloop
  endfacet
  facet normal 0 0 -1
    outer loop
      vertex 25.6915 -9.65844 178
      vertex 26.991 -7.12775 178
      vertex 25.8391 -9.74028 178
    endloop
  endfacet
  facet normal 0 0 -1
    outer loop
      vertex 26.991 -7.12775 178
      vertex 27.1769 -7.23829 178
      vertex 25.8391 -9.74028 178
    endloop
  endfacet
  facet normal 0 0 -1
    outer loop
      vertex 25.8391 -9.74028 178
      vertex 27.1769 -7.23829 178
      vertex 27.3578 -7.35676 178
    endloop
  endfacet
  facet normal 0 0 -1
    outer loop
      vertex 22.2707 -9.56854 178
      vertex 22.119 -9.64252 178
      vertex 20.5049 -6.46517 178
    endloop
  endfacet
  facet normal 0 0 -1
    outer loop
      vertex 22.119 -9.64252 178
      vertex 21.9707 -9.72304 178
      vertex 20.5049 -6.46517 178
    endloop
  endfacet
  facet normal 0 0 -1
    outer loop
      vertex 20.5049 -6.46517 178
      vertex 21.9707 -9.72304 178
      vertex 20.2034 -7.35343 178
    endloop
  endfacet
  facet normal 0 0 -1
    outer loop
      vertex 10.3571 -21.1439 178
      vertex 9.08629 -19.4856 178
      vertex 10.4778 -21.0292 178
    endloop
  endfacet
  facet normal 0 0 -1
    outer loop
      vertex 12.2299 -20.1165 178
      vertex 11.5519 -18.1329 178
      vertex 12.3931 -20.0833 178
    endloop
  endfacet
  facet normal 0 0 -1
    outer loop
      vertex 11.5519 -18.1329 178
      vertex 12.3319 -17.6118 178
      vertex 12.3931 -20.0833 178
    endloop
  endfacet
  facet normal 0 0 -1
    outer loop
      vertex 12.3931 -20.0833 178
      vertex 12.3319 -17.6118 178
      vertex 18.0312 -18.0312 178
    endloop
  endfacet
  facet normal 0 0 -1
    outer loop
      vertex 12.3319 -17.6118 178
      vertex 13.0884 -17.0571 178
      vertex 18.0312 -18.0312 178
    endloop
  endfacet
  facet normal 0 0 -1
    outer loop
      vertex 18.0312 -18.0312 178
      vertex 13.0884 -17.0571 178
      vertex 13.8199 -16.47 178
    endloop
  endfacet
  facet normal 0 0 -1
    outer loop
      vertex 20.2058 -11.9021 178
      vertex 20.1579 -12.0639 178
      vertex 18.1329 -11.5519 178
    endloop
  endfacet
  facet normal 0 0 -1
    outer loop
      vertex 20.1579 -12.0639 178
      vertex 20.117 -12.2277 178
      vertex 18.1329 -11.5519 178
    endloop
  endfacet
  facet normal 0 0 -1
    outer loop
      vertex 18.1329 -11.5519 178
      vertex 20.117 -12.2277 178
      vertex 17.6118 -12.3319 178
    endloop
  endfacet
  facet normal 0 0 -1
    outer loop
      vertex 20.117 -12.2277 178
      vertex 20.0833 -12.3931 178
      vertex 17.6118 -12.3319 178
    endloop
  endfacet
  facet normal 0 0 -1
    outer loop
      vertex 17.6118 -12.3319 178
      vertex 20.0833 -12.3931 178
      vertex 17.0571 -13.0884 178
    endloop
  endfacet
  facet normal 0 0 -1
    outer loop
      vertex 20.0833 -12.3931 178
      vertex 18.0312 -18.0312 178
      vertex 17.0571 -13.0884 178
    endloop
  endfacet
  facet normal 0 0 -1
    outer loop
      vertex 17.0571 -13.0884 178
      vertex 18.0312 -18.0312 178
      vertex 16.47 -13.8199 178
    endloop
  endfacet
  facet normal 0 0 -1
    outer loop
      vertex 18.0312 -18.0312 178
      vertex 15.8515 -14.5252 178
      vertex 16.47 -13.8199 178
    endloop
  endfacet
  facet normal 0 0 -1
    outer loop
      vertex 21.9527 -26.2609 178
      vertex 22.1255 -26.2711 178
      vertex 24.1991 -27.8142 178
    endloop
  endfacet
  facet normal 0 0 -1
    outer loop
      vertex 22.1255 -26.2711 178
      vertex 22.2987 -26.2738 178
      vertex 24.1991 -27.8142 178
    endloop
  endfacet
  facet normal 0 0 -1
    outer loop
      vertex 24.1991 -27.8142 178
      vertex 22.2987 -26.2738 178
      vertex 22.4717 -26.269 178
    endloop
  endfacet
  facet normal 0 0 -1
    outer loop
      vertex 23.3251 -26.1333 178
      vertex 23.4911 -26.0841 178
      vertex 24.1991 -27.8142 178
    endloop
  endfacet
  facet normal 0 0 -1
    outer loop
      vertex 23.4911 -26.0841 178
      vertex 23.6549 -26.0279 178
      vertex 24.1991 -27.8142 178
    endloop
  endfacet
  facet normal 0 0 -1
    outer loop
      vertex 24.1991 -27.8142 178
      vertex 23.6549 -26.0279 178
      vertex 24.5303 -27.597 178
    endloop
  endfacet
  facet normal 0 0 -1
    outer loop
      vertex 23.6549 -26.0279 178
      vertex 23.816 -25.9646 178
      vertex 24.5303 -27.597 178
    endloop
  endfacet
  facet normal 0 0 -1
    outer loop
      vertex 24.5303 -27.597 178
      vertex 23.816 -25.9646 178
      vertex 24.8521 -27.3662 178
    endloop
  endfacet
  facet normal 0 0 -1
    outer loop
      vertex 23.816 -25.9646 178
      vertex 23.9743 -25.8944 178
      vertex 24.8521 -27.3662 178
    endloop
  endfacet
  facet normal 0 0 -1
    outer loop
      vertex 24.8521 -27.3662 178
      vertex 23.9743 -25.8944 178
      vertex 24.1294 -25.8174 178
    endloop
  endfacet
  facet normal 0 0 -1
    outer loop
      vertex 25.7338 -24.281 178
      vertex 25.8174 -24.1294 178
      vertex 27.2373 -24.7456 178
    endloop
  endfacet
  facet normal 0 0 -1
    outer loop
      vertex 25.8174 -24.1294 178
      vertex 25.8944 -23.9743 178
      vertex 27.2373 -24.7456 178
    endloop
  endfacet
  facet normal 0 0 -1
    outer loop
      vertex 27.2373 -24.7456 178
      vertex 25.8944 -23.9743 178
      vertex 27.4369 -24.4035 178
    endloop
  endfacet
  facet normal 0 0 -1
    outer loop
      vertex 25.8944 -23.9743 178
      vertex 25.9646 -23.816 178
      vertex 27.4369 -24.4035 178
    endloop
  endfacet
  facet normal 0 0 -1
    outer loop
      vertex 27.4369 -24.4035 178
      vertex 25.9646 -23.816 178
      vertex 27.622 -24.0534 178
    endloop
  endfacet
  facet normal 0 0 -1
    outer loop
      vertex 25.9646 -23.816 178
      vertex 26.0279 -23.6549 178
      vertex 27.622 -24.0534 178
    endloop
  endfacet
  facet normal 0 0 -1
    outer loop
      vertex 27.622 -24.0534 178
      vertex 26.0279 -23.6549 178
      vertex 26.0841 -23.4911 178
    endloop
  endfacet
  facet normal 0 0 -1
    outer loop
      vertex 24.9078 -9.34966 178
      vertex 25.7917 -6.64168 178
      vertex 25.0697 -9.39761 178
    endloop
  endfacet
  facet normal 0 0 -1
    outer loop
      vertex 25.7917 -6.64168 178
      vertex 25.9997 -6.7008 178
      vertex 25.0697 -9.39761 178
    endloop
  endfacet
  facet normal 0 0 -1
    outer loop
      vertex 25.0697 -9.39761 178
      vertex 25.9997 -6.7008 178
      vertex 25.2292 -9.45258 178
    endloop
  endfacet
  facet normal 0 0 -1
    outer loop
      vertex 25.9997 -6.7008 178
      vertex 26.205 -6.76887 178
      vertex 25.2292 -9.45258 178
    endloop
  endfacet
  facet normal 0 0 -1
    outer loop
      vertex 25.2292 -9.45258 178
      vertex 26.205 -6.76887 178
      vertex 25.3863 -9.51445 178
    endloop
  endfacet
  facet normal 0 0 -1
    outer loop
      vertex 26.205 -6.76887 178
      vertex 26.4071 -6.84575 178
      vertex 25.3863 -9.51445 178
    endloop
  endfacet
  facet normal 0 0 -1
    outer loop
      vertex 25.3863 -9.51445 178
      vertex 26.4071 -6.84575 178
      vertex 26.6058 -6.9313 178
    endloop
  endfacet
  facet normal 0 0 -1
    outer loop
      vertex 23.57 -9.22661 178
      vertex 23.4021 -9.24424 178
      vertex 20.6049 -6.13917 178
    endloop
  endfacet
  facet normal 0 0 -1
    outer loop
      vertex 23.4021 -9.24424 178
      vertex 23.2352 -9.26917 178
      vertex 20.6049 -6.13917 178
    endloop
  endfacet
  facet normal 0 0 -1
    outer loop
      vertex 20.6049 -6.13917 178
      vertex 23.2352 -9.26917 178
      vertex 23.0695 -9.30136 178
    endloop
  endfacet
  facet normal 0 0 -1
    outer loop
      vertex 8.22769 -19.8634 178
      vertex 9.4048 -22.6881 178
      vertex 7.35343 -20.2034 178
    endloop
  endfacet
  facet normal 0 0 -1
    outer loop
      vertex 9.4048 -22.6881 178
      vertex 9.35649 -22.8474 178
      vertex 7.35343 -20.2034 178
    endloop
  endfacet
  facet normal 0 0 -1
    outer loop
      vertex 9.35649 -22.8474 178
      vertex 9.31509 -23.0086 178
      vertex 7.35343 -20.2034 178
    endloop
  endfacet
  facet normal 0 0 -1
    outer loop
      vertex 9.31509 -23.0086 178
      vertex 9.28066 -23.1715 178
      vertex 7.35343 -20.2034 178
    endloop
  endfacet
  facet normal 0 0 -1
    outer loop
      vertex 7.35343 -20.2034 178
      vertex 9.28066 -23.1715 178
      vertex 9.25327 -23.3357 178
    endloop
  endfacet
  facet normal 0 0 -1
    outer loop
      vertex 9.59014 -22.2247 178
      vertex 9.52173 -22.3764 178
      vertex 8.22769 -19.8634 178
    endloop
  endfacet
  facet normal 0 0 -1
    outer loop
      vertex 9.52173 -22.3764 178
      vertex 9.45991 -22.531 178
      vertex 8.22769 -19.8634 178
    endloop
  endfacet
  facet normal 0 0 -1
    outer loop
      vertex 8.22769 -19.8634 178
      vertex 9.45991 -22.531 178
      vertex 9.4048 -22.6881 178
    endloop
  endfacet
  facet normal 0 0 -1
    outer loop
      vertex 11.0063 -20.6255 178
      vertex 10.8678 -20.7178 178
      vertex 9.9276 -19.0707 178
    endloop
  endfacet
  facet normal 0 0 -1
    outer loop
      vertex 10.8678 -20.7178 178
      vertex 10.7333 -20.816 178
      vertex 9.9276 -19.0707 178
    endloop
  endfacet
  facet normal 0 0 -1
    outer loop
      vertex 9.9276 -19.0707 178
      vertex 10.7333 -20.816 178
      vertex 9.08629 -19.4856 178
    endloop
  endfacet
  facet normal 0 0 -1
    outer loop
      vertex 10.7333 -20.816 178
      vertex 10.6033 -20.9198 178
      vertex 9.08629 -19.4856 178
    endloop
  endfacet
  facet normal 0 0 -1
    outer loop
      vertex 9.08629 -19.4856 178
      vertex 10.6033 -20.9198 178
      vertex 10.4778 -21.0292 178
    endloop
  endfacet
  facet normal 0 0 -1
    outer loop
      vertex 11.5962 -20.3182 178
      vertex 11.4439 -20.3854 178
      vertex 10.75 -18.6195 178
    endloop
  endfacet
  facet normal 0 0 -1
    outer loop
      vertex 11.4439 -20.3854 178
      vertex 11.2946 -20.4591 178
      vertex 10.75 -18.6195 178
    endloop
  endfacet
  facet normal 0 0 -1
    outer loop
      vertex 10.75 -18.6195 178
      vertex 11.2946 -20.4591 178
      vertex 9.9276 -19.0707 178
    endloop
  endfacet
  facet normal 0 0 -1
    outer loop
      vertex 11.2946 -20.4591 178
      vertex 11.1487 -20.5392 178
      vertex 9.9276 -19.0707 178
    endloop
  endfacet
  facet normal 0 0 -1
    outer loop
      vertex 9.9276 -19.0707 178
      vertex 11.1487 -20.5392 178
      vertex 11.0063 -20.6255 178
    endloop
  endfacet
  facet normal 0 0 -1
    outer loop
      vertex 12.2299 -20.1165 178
      vertex 12.0684 -20.1566 178
      vertex 11.5519 -18.1329 178
    endloop
  endfacet
  facet normal 0 0 -1
    outer loop
      vertex 12.0684 -20.1566 178
      vertex 11.9087 -20.2037 178
      vertex 11.5519 -18.1329 178
    endloop
  endfacet
  facet normal 0 0 -1
    outer loop
      vertex 11.5519 -18.1329 178
      vertex 11.9087 -20.2037 178
      vertex 10.75 -18.6195 178
    endloop
  endfacet
  facet normal 0 0 -1
    outer loop
      vertex 11.9087 -20.2037 178
      vertex 11.7512 -20.2576 178
      vertex 10.75 -18.6195 178
    endloop
  endfacet
  facet normal 0 0 -1
    outer loop
      vertex 10.75 -18.6195 178
      vertex 11.7512 -20.2576 178
      vertex 11.5962 -20.3182 178
    endloop
  endfacet
  facet normal 0 0 -1
    outer loop
      vertex 24.412 -9.24873 178
      vertex 24.9399 -6.49654 178
      vertex 24.5787 -9.27515 178
    endloop
  endfacet
  facet normal 0 0 -1
    outer loop
      vertex 24.9399 -6.49654 178
      vertex 25.155 -6.51897 178
      vertex 24.5787 -9.27515 178
    endloop
  endfacet
  facet normal 0 0 -1
    outer loop
      vertex 24.5787 -9.27515 178
      vertex 25.155 -6.51897 178
      vertex 24.7441 -9.30882 178
    endloop
  endfacet
  facet normal 0 0 -1
    outer loop
      vertex 25.155 -6.51897 178
      vertex 25.3689 -6.55067 178
      vertex 24.7441 -9.30882 178
    endloop
  endfacet
  facet normal 0 0 -1
    outer loop
      vertex 24.7441 -9.30882 178
      vertex 25.3689 -6.55067 178
      vertex 24.9078 -9.34966 178
    endloop
  endfacet
  facet normal 0 0 -1
    outer loop
      vertex 25.3689 -6.55067 178
      vertex 25.5813 -6.5916 178
      vertex 24.9078 -9.34966 178
    endloop
  endfacet
  facet normal 0 0 -1
    outer loop
      vertex 24.9078 -9.34966 178
      vertex 25.5813 -6.5916 178
      vertex 25.7917 -6.64168 178
    endloop
  endfacet
  facet normal 0 0 -1
    outer loop
      vertex 23.0695 -9.30136 178
      vertex 22.9054 -9.34074 178
      vertex 20.6049 -6.13917 178
    endloop
  endfacet
  facet normal 0 0 -1
    outer loop
      vertex 22.9054 -9.34074 178
      vertex 22.7432 -9.38725 178
      vertex 20.6049 -6.13917 178
    endloop
  endfacet
  facet normal 0 0 -1
    outer loop
      vertex 20.6049 -6.13917 178
      vertex 22.7432 -9.38725 178
      vertex 22.5831 -9.44079 178
    endloop
  endfacet
  facet normal 0 0 -1
    outer loop
      vertex 21.9707 -9.72304 178
      vertex 21.826 -9.80995 178
      vertex 20.2034 -7.35343 178
    endloop
  endfacet
  facet normal 0 0 -1
    outer loop
      vertex 21.826 -9.80995 178
      vertex 21.6853 -9.90309 178
      vertex 20.2034 -7.35343 178
    endloop
  endfacet
  facet normal 0 0 -1
    outer loop
      vertex 20.2034 -7.35343 178
      vertex 21.6853 -9.90309 178
      vertex 19.8634 -8.22769 178
    endloop
  endfacet
  facet normal 0 0 -1
    outer loop
      vertex 21.6853 -9.90309 178
      vertex 21.5487 -10.0023 178
      vertex 19.8634 -8.22769 178
    endloop
  endfacet
  facet normal 0 0 -1
    outer loop
      vertex 21.5487 -10.0023 178
      vertex 21.4166 -10.1073 178
      vertex 19.8634 -8.22769 178
    endloop
  endfacet
  facet normal 0 0 -1
    outer loop
      vertex 21.4166 -10.1073 178
      vertex 21.2892 -10.2181 178
      vertex 19.8634 -8.22769 178
    endloop
  endfacet
  facet normal 0 0 -1
    outer loop
      vertex 19.8634 -8.22769 178
      vertex 21.2892 -10.2181 178
      vertex 19.4856 -9.08629 178
    endloop
  endfacet
  facet normal 0 0 -1
    outer loop
      vertex 21.2892 -10.2181 178
      vertex 21.1668 -10.3342 178
      vertex 19.4856 -9.08629 178
    endloop
  endfacet
  facet normal 0 0 -1
    outer loop
      vertex 19.4856 -9.08629 178
      vertex 21.1668 -10.3342 178
      vertex 21.0495 -10.4556 178
    endloop
  endfacet
  facet normal 0 0 -1
    outer loop
      vertex 9.25327 -23.3357 178
      vertex 9.23297 -23.5009 178
      vertex 7.35343 -20.2034 178
    endloop
  endfacet
  facet normal 0 0 -1
    outer loop
      vertex 9.23297 -23.5009 178
      vertex 9.21979 -23.6669 178
      vertex 7.35343 -20.2034 178
    endloop
  endfacet
  facet normal 0 0 -1
    outer loop
      vertex 7.35343 -20.2034 178
      vertex 9.21979 -23.6669 178
      vertex 9.21377 -23.8332 178
    endloop
  endfacet
  facet normal 0 0 -1
    outer loop
      vertex 10.2415 -21.2637 178
      vertex 10.1311 -21.3883 178
      vertex 9.08629 -19.4856 178
    endloop
  endfacet
  facet normal 0 0 -1
    outer loop
      vertex 10.1311 -21.3883 178
      vertex 10.0262 -21.5176 178
      vertex 9.08629 -19.4856 178
    endloop
  endfacet
  facet normal 0 0 -1
    outer loop
      vertex 9.08629 -19.4856 178
      vertex 10.0262 -21.5176 178
      vertex 8.22769 -19.8634 178
    endloop
  endfacet
  facet normal 0 0 -1
    outer loop
      vertex 10.0262 -21.5176 178
      vertex 9.927 -21.6512 178
      vertex 8.22769 -19.8634 178
    endloop
  endfacet
  facet normal 0 0 -1
    outer loop
      vertex 8.22769 -19.8634 178
      vertex 9.927 -21.6512 178
      vertex 9.8336 -21.789 178
    endloop
  endfacet
  facet normal 0 0 -1
    outer loop
      vertex 9.8336 -21.789 178
      vertex 9.74622 -21.9307 178
      vertex 8.22769 -19.8634 178
    endloop
  endfacet
  facet normal 0 0 -1
    outer loop
      vertex 9.74622 -21.9307 178
      vertex 9.66502 -22.076 178
      vertex 8.22769 -19.8634 178
    endloop
  endfacet
  facet normal 0 0 -1
    outer loop
      vertex 8.22769 -19.8634 178
      vertex 9.66502 -22.076 178
      vertex 9.59014 -22.2247 178
    endloop
  endfacet
  facet normal 0 0 1
    outer loop
      vertex 6.67783 -16.1217 10.1241
      vertex 7.44319 -17.9695 10.1241
      vertex 7.37469 -15.8151 10.1241
    endloop
  endfacet
  facet normal 0 0 1
    outer loop
      vertex 7.44319 -17.9695 10.1241
      vertex 8.21992 -17.6277 10.1241
      vertex 7.37469 -15.8151 10.1241
    endloop
  endfacet
  facet normal 0 0 1
    outer loop
      vertex 7.37469 -15.8151 10.1241
      vertex 8.21992 -17.6277 10.1241
      vertex 8.05751 -15.4783 10.1241
    endloop
  endfacet
  facet normal 0 0 1
    outer loop
      vertex 8.21992 -17.6277 10.1241
      vertex 8.98101 -17.2524 10.1241
      vertex 8.05751 -15.4783 10.1241
    endloop
  endfacet
  facet normal 0 0 1
    outer loop
      vertex 8.05751 -15.4783 10.1241
      vertex 8.98101 -17.2524 10.1241
      vertex 8.725 -15.1121 10.1241
    endloop
  endfacet
  facet normal 0 0 1
    outer loop
      vertex 8.98101 -17.2524 10.1241
      vertex 9.725 -16.8442 10.1241
      vertex 8.725 -15.1121 10.1241
    endloop
  endfacet
  facet normal 0 0 1
    outer loop
      vertex 8.725 -15.1121 10.1241
      vertex 9.725 -16.8442 10.1241
      vertex 9.37588 -14.7172 10.1241
    endloop
  endfacet
  facet normal 0 0 1
    outer loop
      vertex 9.725 -16.8442 10.1241
      vertex 10.4505 -16.404 10.1241
      vertex 9.37588 -14.7172 10.1241
    endloop
  endfacet
  facet normal 0 0 1
    outer loop
      vertex 9.37588 -14.7172 10.1241
      vertex 10.4505 -16.404 10.1241
      vertex 10.0089 -14.2942 10.1241
    endloop
  endfacet
  facet normal 0 0 1
    outer loop
      vertex 10.4505 -16.404 10.1241
      vertex 11.1561 -15.9325 10.1241
      vertex 10.0089 -14.2942 10.1241
    endloop
  endfacet
  facet normal 0 0 1
    outer loop
      vertex 10.0089 -14.2942 10.1241
      vertex 11.1561 -15.9325 10.1241
      vertex 10.6229 -13.844 10.1241
    endloop
  endfacet
  facet normal 0 0 1
    outer loop
      vertex 11.1561 -15.9325 10.1241
      vertex 11.8404 -15.4307 10.1241
      vertex 10.6229 -13.844 10.1241
    endloop
  endfacet
  facet normal 0 0 1
    outer loop
      vertex 10.6229 -13.844 10.1241
      vertex 11.8404 -15.4307 10.1241
      vertex 11.2166 -13.3675 10.1241
    endloop
  endfacet
  facet normal 0 0 1
    outer loop
      vertex 11.8404 -15.4307 10.1241
      vertex 12.5022 -14.8996 10.1241
      vertex 11.2166 -13.3675 10.1241
    endloop
  endfacet
  facet normal 0 0 1
    outer loop
      vertex 11.2166 -13.3675 10.1241
      vertex 12.5022 -14.8996 10.1241
      vertex 11.789 -12.8655 10.1241
    endloop
  endfacet
  facet normal 0 0 1
    outer loop
      vertex 12.5022 -14.8996 10.1241
      vertex 13.1402 -14.34 10.1241
      vertex 11.789 -12.8655 10.1241
    endloop
  endfacet
  facet normal 0 0 1
    outer loop
      vertex 11.789 -12.8655 10.1241
      vertex 13.1402 -14.34 10.1241
      vertex 12.339 -12.339 10.1241
    endloop
  endfacet
  facet normal 0 0 1
    outer loop
      vertex 13.1402 -14.34 10.1241
      vertex 13.7532 -13.7532 10.1241
      vertex 12.339 -12.339 10.1241
    endloop
  endfacet
  facet normal 0 0 1
    outer loop
      vertex 12.339 -12.339 10.1241
      vertex 13.7532 -13.7532 10.1241
      vertex 12.8655 -11.789 10.1241
    endloop
  endfacet
  facet normal 0 0 1
    outer loop
      vertex 13.7532 -13.7532 10.1241
      vertex 14.34 -13.1402 10.1241
      vertex 12.8655 -11.789 10.1241
    endloop
  endfacet
  facet normal 0 0 1
    outer loop
      vertex 12.8655 -11.789 10.1241
      vertex 14.34 -13.1402 10.1241
      vertex 13.3675 -11.2166 10.1241
    endloop
  endfacet
  facet normal 0 0 1
    outer loop
      vertex 14.34 -13.1402 10.1241
      vertex 14.8996 -12.5022 10.1241
      vertex 13.3675 -11.2166 10.1241
    endloop
  endfacet
  facet normal 0 0 1
    outer loop
      vertex 13.3675 -11.2166 10.1241
      vertex 14.8996 -12.5022 10.1241
      vertex 13.844 -10.6229 10.1241
    endloop
  endfacet
  facet normal 0 0 1
    outer loop
      vertex 14.8996 -12.5022 10.1241
      vertex 15.4307 -11.8404 10.1241
      vertex 13.844 -10.6229 10.1241
    endloop
  endfacet
  facet normal 0 0 1
    outer loop
      vertex 13.844 -10.6229 10.1241
      vertex 15.4307 -11.8404 10.1241
      vertex 14.2942 -10.0089 10.1241
    endloop
  endfacet
  facet normal 0 0 1
    outer loop
      vertex 15.4307 -11.8404 10.1241
      vertex 15.9325 -11.1561 10.1241
      vertex 14.2942 -10.0089 10.1241
    endloop
  endfacet
  facet normal 0 0 1
    outer loop
      vertex 14.2942 -10.0089 10.1241
      vertex 15.9325 -11.1561 10.1241
      vertex 14.7172 -9.37588 10.1241
    endloop
  endfacet
  facet normal 0 0 1
    outer loop
      vertex 15.9325 -11.1561 10.1241
      vertex 16.404 -10.4505 10.1241
      vertex 14.7172 -9.37588 10.1241
    endloop
  endfacet
  facet normal 0 0 1
    outer loop
      vertex 14.7172 -9.37588 10.1241
      vertex 16.404 -10.4505 10.1241
      vertex 14.903 -9.07762 10.1241
    endloop
  endfacet
  facet normal 0 0 1
    outer loop
      vertex 16.404 -10.4505 10.1241
      vertex 16.6111 -10.118 10.1241
      vertex 14.903 -9.07762 10.1241
    endloop
  endfacet
  facet normal 0 0 1
    outer loop
      vertex 29.4689 -12.2528 185
      vertex 27.7584 -13.099 185
      vertex 27.7539 -13.2677 185
    endloop
  endfacet
  facet normal 0 0 1
    outer loop
      vertex 20.0158 -25.5755 185
      vertex 19.875 -25.4747 185
      vertex 13.7705 -27.6966 185
    endloop
  endfacet
  facet normal 0 0 1
    outer loop
      vertex 27.7539 -13.2677 185
      vertex 27.7421 -13.4361 185
      vertex 29.4689 -12.2528 185
    endloop
  endfacet
  facet normal 0 0 1
    outer loop
      vertex 27.7421 -13.4361 185
      vertex 27.723 -13.6038 185
      vertex 29.4689 -12.2528 185
    endloop
  endfacet
  facet normal 0 0 1
    outer loop
      vertex 29.4689 -12.2528 185
      vertex 27.723 -13.6038 185
      vertex 27.6966 -13.7705 185
    endloop
  endfacet
  facet normal 0 0 1
    outer loop
      vertex 25.7584 -20.3097 185
      vertex 25.8402 -20.4624 185
      vertex 29.4689 -12.2528 185
    endloop
  endfacet
  facet normal 0 0 1
    outer loop
      vertex 25.7584 -20.3097 185
      vertex 29.4689 -12.2528 185
      vertex 25.6702 -20.1608 185
    endloop
  endfacet
  facet normal 0 0 1
    outer loop
      vertex 27.622 -24.0534 185
      vertex 26.2711 -22.1255 185
      vertex 26.2738 -22.2987 185
    endloop
  endfacet
  facet normal 0 0 1
    outer loop
      vertex 23.1571 -26.1751 185
      vertex 24.1991 -27.8142 185
      vertex 23.3251 -26.1333 185
    endloop
  endfacet
  facet normal 0 0 1
    outer loop
      vertex 24.1991 -27.8142 185
      vertex 23.4911 -26.0841 185
      vertex 23.3251 -26.1333 185
    endloop
  endfacet
  facet normal 0 0 1
    outer loop
      vertex 23.1571 -26.1751 185
      vertex 22.9874 -26.2097 185
      vertex 24.1991 -27.8142 185
    endloop
  endfacet
  facet normal 0 0 1
    outer loop
      vertex 22.9874 -26.2097 185
      vertex 22.8164 -26.2369 185
      vertex 24.1991 -27.8142 185
    endloop
  endfacet
  facet normal 0 0 1
    outer loop
      vertex 24.1991 -27.8142 185
      vertex 22.8164 -26.2369 185
      vertex 22.6444 -26.2567 185
    endloop
  endfacet
  facet normal 0 0 1
    outer loop
      vertex 21.4391 -26.1858 185
      vertex 21.2705 -26.146 185
      vertex 12.3092 -28.9528 185
    endloop
  endfacet
  facet normal 0 0 1
    outer loop
      vertex 27.7275 -12.5939 185
      vertex 27.7451 -12.7618 185
      vertex 29.4689 -12.2528 185
    endloop
  endfacet
  facet normal 0 0 1
    outer loop
      vertex 27.7451 -12.7618 185
      vertex 27.7554 -12.9303 185
      vertex 29.4689 -12.2528 185
    endloop
  endfacet
  facet normal 0 0 1
    outer loop
      vertex 29.4689 -12.2528 185
      vertex 27.7554 -12.9303 185
      vertex 27.7584 -13.099 185
    endloop
  endfacet
  facet normal 0 0 1
    outer loop
      vertex 27.6966 -13.7705 185
      vertex 25.4747 -19.875 185
      vertex 29.4689 -12.2528 185
    endloop
  endfacet
  facet normal 0 0 1
    outer loop
      vertex 25.4747 -19.875 185
      vertex 25.5755 -20.0158 185
      vertex 29.4689 -12.2528 185
    endloop
  endfacet
  facet normal 0 0 1
    outer loop
      vertex 29.4689 -12.2528 185
      vertex 25.5755 -20.0158 185
      vertex 25.6702 -20.1608 185
    endloop
  endfacet
  facet normal 0 0 1
    outer loop
      vertex 25.8402 -20.4624 185
      vertex 25.9152 -20.6184 185
      vertex 29.4689 -12.2528 185
    endloop
  endfacet
  facet normal 0 0 1
    outer loop
      vertex 25.9152 -20.6184 185
      vertex 25.9835 -20.7775 185
      vertex 29.4689 -12.2528 185
    endloop
  endfacet
  facet normal 0 0 1
    outer loop
      vertex 29.4689 -12.2528 185
      vertex 25.9835 -20.7775 185
      vertex 26.0447 -20.9395 185
    endloop
  endfacet
  facet normal 0 0 1
    outer loop
      vertex 26.5547 -25.7173 185
      vertex 25.3363 -24.8471 185
      vertex 26.3007 -26.0211 185
    endloop
  endfacet
  facet normal 0 0 1
    outer loop
      vertex 25.3363 -24.8471 185
      vertex 25.222 -24.9772 185
      vertex 26.3007 -26.0211 185
    endloop
  endfacet
  facet normal 0 0 1
    outer loop
      vertex 26.3007 -26.0211 185
      vertex 25.222 -24.9772 185
      vertex 26.0341 -26.314 185
    endloop
  endfacet
  facet normal 0 0 1
    outer loop
      vertex 20.0158 -25.5755 185
      vertex 12.3092 -28.9528 185
      vertex 20.1608 -25.6702 185
    endloop
  endfacet
  facet normal 0 0 1
    outer loop
      vertex 12.3092 -28.9528 185
      vertex 20.3097 -25.7584 185
      vertex 20.1608 -25.6702 185
    endloop
  endfacet
  facet normal 0 0 1
    outer loop
      vertex 7.35343 -20.2034 185
      vertex 6.46517 -20.5049 185
      vertex 8.82236 -27.9678 185
    endloop
  endfacet
  facet normal 0 0 1
    outer loop
      vertex 24.0759 -9.21782 185
      vertex 24.9399 -6.49654 185
      vertex 23.9072 -9.21339 185
    endloop
  endfacet
  facet normal 0 0 1
    outer loop
      vertex 24.9399 -6.49654 185
      vertex 23.7385 -9.21632 185
      vertex 23.9072 -9.21339 185
    endloop
  endfacet
  facet normal 0 0 1
    outer loop
      vertex 27.3292 -11.3108 185
      vertex 29.338 -10.1107 185
      vertex 27.2487 -11.1625 185
    endloop
  endfacet
  facet normal 0 0 1
    outer loop
      vertex 29.338 -10.1107 185
      vertex 29.2743 -9.90403 185
      vertex 27.2487 -11.1625 185
    endloop
  endfacet
  facet normal 0 0 1
    outer loop
      vertex 27.2487 -11.1625 185
      vertex 29.2743 -9.90403 185
      vertex 27.1618 -11.0178 185
    endloop
  endfacet
  facet normal 0 0 1
    outer loop
      vertex 29.2743 -9.90403 185
      vertex 29.2018 -9.7003 185
      vertex 27.1618 -11.0178 185
    endloop
  endfacet
  facet normal 0 0 1
    outer loop
      vertex 27.1618 -11.0178 185
      vertex 29.2018 -9.7003 185
      vertex 27.0687 -10.8771 185
    endloop
  endfacet
  facet normal 0 0 1
    outer loop
      vertex 29.2018 -9.7003 185
      vertex 29.1204 -9.49989 185
      vertex 27.0687 -10.8771 185
    endloop
  endfacet
  facet normal 0 0 1
    outer loop
      vertex 27.0687 -10.8771 185
      vertex 29.1204 -9.49989 185
      vertex 26.9695 -10.7405 185
    endloop
  endfacet
  facet normal 0 0 1
    outer loop
      vertex 27.7275 -12.5939 185
      vertex 29.4689 -12.2528 185
      vertex 27.7026 -12.427 185
    endloop
  endfacet
  facet normal 0 0 1
    outer loop
      vertex 29.4689 -12.2528 185
      vertex 29.4978 -12.0384 185
      vertex 27.7026 -12.427 185
    endloop
  endfacet
  facet normal 0 0 1
    outer loop
      vertex 27.7026 -12.427 185
      vertex 29.4978 -12.0384 185
      vertex 27.6704 -12.2613 185
    endloop
  endfacet
  facet normal 0 0 1
    outer loop
      vertex 29.4978 -12.0384 185
      vertex 29.5173 -11.823 185
      vertex 27.6704 -12.2613 185
    endloop
  endfacet
  facet normal 0 0 1
    outer loop
      vertex 27.6704 -12.2613 185
      vertex 29.5173 -11.823 185
      vertex 27.631 -12.0972 185
    endloop
  endfacet
  facet normal 0 0 1
    outer loop
      vertex 29.5173 -11.823 185
      vertex 29.5275 -11.607 185
      vertex 27.631 -12.0972 185
    endloop
  endfacet
  facet normal 0 0 1
    outer loop
      vertex 27.631 -12.0972 185
      vertex 29.5275 -11.607 185
      vertex 27.5845 -11.935 185
    endloop
  endfacet
  facet normal 0 0 1
    outer loop
      vertex 26.0447 -20.9395 185
      vertex 26.0989 -21.1039 185
      vertex 29.4689 -12.2528 185
    endloop
  endfacet
  facet normal 0 0 1
    outer loop
      vertex 26.0989 -21.1039 185
      vertex 26.146 -21.2705 185
      vertex 29.4689 -12.2528 185
    endloop
  endfacet
  facet normal 0 0 1
    outer loop
      vertex 29.4689 -12.2528 185
      vertex 26.146 -21.2705 185
      vertex 26.1858 -21.4391 185
    endloop
  endfacet
  facet normal 0 0 1
    outer loop
      vertex 26.1858 -21.4391 185
      vertex 26.2182 -21.6091 185
      vertex 29.4689 -12.2528 185
    endloop
  endfacet
  facet normal 0 0 1
    outer loop
      vertex 26.2182 -21.6091 185
      vertex 26.2433 -21.7804 185
      vertex 29.4689 -12.2528 185
    endloop
  endfacet
  facet normal 0 0 1
    outer loop
      vertex 29.4689 -12.2528 185
      vertex 26.2433 -21.7804 185
      vertex 27.622 -24.0534 185
    endloop
  endfacet
  facet normal 0 0 1
    outer loop
      vertex 26.2433 -21.7804 185
      vertex 26.2609 -21.9527 185
      vertex 27.622 -24.0534 185
    endloop
  endfacet
  facet normal 0 0 1
    outer loop
      vertex 27.622 -24.0534 185
      vertex 26.2609 -21.9527 185
      vertex 26.2711 -22.1255 185
    endloop
  endfacet
  facet normal 0 0 1
    outer loop
      vertex 26.2738 -22.2987 185
      vertex 26.269 -22.4717 185
      vertex 27.622 -24.0534 185
    endloop
  endfacet
  facet normal 0 0 1
    outer loop
      vertex 26.269 -22.4717 185
      vertex 26.2567 -22.6444 185
      vertex 27.622 -24.0534 185
    endloop
  endfacet
  facet normal 0 0 1
    outer loop
      vertex 27.622 -24.0534 185
      vertex 26.2567 -22.6444 185
      vertex 26.2369 -22.8164 185
    endloop
  endfacet
  facet normal 0 0 1
    outer loop
      vertex 25.222 -24.9772 185
      vertex 25.1023 -25.1023 185
      vertex 26.0341 -26.314 185
    endloop
  endfacet
  facet normal 0 0 1
    outer loop
      vertex 25.1023 -25.1023 185
      vertex 24.9772 -25.222 185
      vertex 26.0341 -26.314 185
    endloop
  endfacet
  facet normal 0 0 1
    outer loop
      vertex 26.0341 -26.314 185
      vertex 24.9772 -25.222 185
      vertex 25.7555 -26.5954 185
    endloop
  endfacet
  facet normal 0 0 1
    outer loop
      vertex 21.2705 -26.146 185
      vertex 21.1039 -26.0989 185
      vertex 12.3092 -28.9528 185
    endloop
  endfacet
  facet normal 0 0 1
    outer loop
      vertex 21.1039 -26.0989 185
      vertex 20.9395 -26.0447 185
      vertex 12.3092 -28.9528 185
    endloop
  endfacet
  facet normal 0 0 1
    outer loop
      vertex 12.3092 -28.9528 185
      vertex 20.9395 -26.0447 185
      vertex 20.7775 -25.9835 185
    endloop
  endfacet
  facet normal 0 0 1
    outer loop
      vertex 16.47 -13.8199 185
      vertex 15.8515 -14.5252 185
      vertex 18.0312 -18.0312 185
    endloop
  endfacet
  facet normal 0 0 1
    outer loop
      vertex 15.8515 -14.5252 185
      vertex 15.2028 -15.2028 185
      vertex 18.0312 -18.0312 185
    endloop
  endfacet
  facet normal 0 0 1
    outer loop
      vertex 18.0312 -18.0312 185
      vertex 15.2028 -15.2028 185
      vertex 14.5252 -15.8515 185
    endloop
  endfacet
  facet normal 0 0 1
    outer loop
      vertex 9.21491 -23.9997 185
      vertex 9.08629 -19.4856 185
      vertex 8.22769 -19.8634 185
    endloop
  endfacet
  facet normal 0 0 1
    outer loop
      vertex 8.82236 -27.9678 185
      vertex 8.99931 -28.0953 185
      vertex 7.35343 -20.2034 185
    endloop
  endfacet
  facet normal 0 0 1
    outer loop
      vertex 8.99931 -28.0953 185
      vertex 9.18165 -28.2149 185
      vertex 7.35343 -20.2034 185
    endloop
  endfacet
  facet normal 0 0 1
    outer loop
      vertex 7.35343 -20.2034 185
      vertex 9.18165 -28.2149 185
      vertex 9.36903 -28.3265 185
    endloop
  endfacet
  facet normal 0 0 1
    outer loop
      vertex 20.117 -12.2277 185
      vertex 20.1579 -12.0639 185
      vertex 18.1329 -11.5519 185
    endloop
  endfacet
  facet normal 0 0 1
    outer loop
      vertex 20.1579 -12.0639 185
      vertex 20.2058 -11.9021 185
      vertex 18.1329 -11.5519 185
    endloop
  endfacet
  facet normal 0 0 1
    outer loop
      vertex 18.1329 -11.5519 185
      vertex 20.2058 -11.9021 185
      vertex 18.6195 -10.75 185
    endloop
  endfacet
  facet normal 0 0 1
    outer loop
      vertex 20.2058 -11.9021 185
      vertex 20.2608 -11.7425 185
      vertex 18.6195 -10.75 185
    endloop
  endfacet
  facet normal 0 0 1
    outer loop
      vertex 18.6195 -10.75 185
      vertex 20.2608 -11.7425 185
      vertex 20.3226 -11.5855 185
    endloop
  endfacet
  facet normal 0 0 1
    outer loop
      vertex 20.5485 -11.1327 185
      vertex 19.0707 -9.9276 185
      vertex 20.4666 -11.2803 185
    endloop
  endfacet
  facet normal 0 0 1
    outer loop
      vertex 19.0707 -9.9276 185
      vertex 18.6195 -10.75 185
      vertex 20.4666 -11.2803 185
    endloop
  endfacet
  facet normal 0 0 1
    outer loop
      vertex 20.4666 -11.2803 185
      vertex 18.6195 -10.75 185
      vertex 20.3913 -11.4313 185
    endloop
  endfacet
  facet normal 0 0 1
    outer loop
      vertex 18.6195 -10.75 185
      vertex 20.3226 -11.5855 185
      vertex 20.3913 -11.4313 185
    endloop
  endfacet
  facet normal 0 0 1
    outer loop
      vertex 20.5485 -11.1327 185
      vertex 20.6367 -10.9888 185
      vertex 19.0707 -9.9276 185
    endloop
  endfacet
  facet normal 0 0 1
    outer loop
      vertex 20.6367 -10.9888 185
      vertex 20.7311 -10.8488 185
      vertex 19.0707 -9.9276 185
    endloop
  endfacet
  facet normal 0 0 1
    outer loop
      vertex 19.0707 -9.9276 185
      vertex 20.7311 -10.8488 185
      vertex 19.4856 -9.08629 185
    endloop
  endfacet
  facet normal 0 0 1
    outer loop
      vertex 20.7311 -10.8488 185
      vertex 20.8315 -10.7132 185
      vertex 19.4856 -9.08629 185
    endloop
  endfacet
  facet normal 0 0 1
    outer loop
      vertex 19.4856 -9.08629 185
      vertex 20.8315 -10.7132 185
      vertex 20.9377 -10.582 185
    endloop
  endfacet
  facet normal 0 0 1
    outer loop
      vertex 20.6049 -6.13917 185
      vertex 23.2352 -9.26917 185
      vertex 23.4021 -9.24424 185
    endloop
  endfacet
  facet normal 0 0 1
    outer loop
      vertex 25.983 -9.82848 185
      vertex 27.3578 -7.35676 185
      vertex 25.8391 -9.74028 185
    endloop
  endfacet
  facet normal 0 0 1
    outer loop
      vertex 27.3578 -7.35676 185
      vertex 27.1769 -7.23829 185
      vertex 25.8391 -9.74028 185
    endloop
  endfacet
  facet normal 0 0 1
    outer loop
      vertex 25.8391 -9.74028 185
      vertex 27.1769 -7.23829 185
      vertex 25.6915 -9.65844 185
    endloop
  endfacet
  facet normal 0 0 1
    outer loop
      vertex 27.1769 -7.23829 185
      vertex 26.991 -7.12775 185
      vertex 25.6915 -9.65844 185
    endloop
  endfacet
  facet normal 0 0 1
    outer loop
      vertex 25.6915 -9.65844 185
      vertex 26.991 -7.12775 185
      vertex 25.5404 -9.58311 185
    endloop
  endfacet
  facet normal 0 0 1
    outer loop
      vertex 29.5275 -11.607 185
      vertex 29.5283 -11.3907 185
      vertex 27.5845 -11.935 185
    endloop
  endfacet
  facet normal 0 0 1
    outer loop
      vertex 29.5283 -11.3907 185
      vertex 29.5198 -11.1746 185
      vertex 27.5845 -11.935 185
    endloop
  endfacet
  facet normal 0 0 1
    outer loop
      vertex 27.5845 -11.935 185
      vertex 29.5198 -11.1746 185
      vertex 27.531 -11.7749 185
    endloop
  endfacet
  facet normal 0 0 1
    outer loop
      vertex 29.5198 -11.1746 185
      vertex 29.5019 -10.9591 185
      vertex 27.531 -11.7749 185
    endloop
  endfacet
  facet normal 0 0 1
    outer loop
      vertex 27.531 -11.7749 185
      vertex 29.5019 -10.9591 185
      vertex 27.4705 -11.6173 185
    endloop
  endfacet
  facet normal 0 0 1
    outer loop
      vertex 29.5019 -10.9591 185
      vertex 29.4747 -10.7445 185
      vertex 27.4705 -11.6173 185
    endloop
  endfacet
  facet normal 0 0 1
    outer loop
      vertex 27.4705 -11.6173 185
      vertex 29.4747 -10.7445 185
      vertex 27.4032 -11.4626 185
    endloop
  endfacet
  facet normal 0 0 1
    outer loop
      vertex 29.4747 -10.7445 185
      vertex 29.4383 -10.5314 185
      vertex 27.4032 -11.4626 185
    endloop
  endfacet
  facet normal 0 0 1
    outer loop
      vertex 27.4032 -11.4626 185
      vertex 29.4383 -10.5314 185
      vertex 27.3292 -11.3108 185
    endloop
  endfacet
  facet normal 0 0 1
    outer loop
      vertex 29.4383 -10.5314 185
      vertex 29.3927 -10.3199 185
      vertex 27.3292 -11.3108 185
    endloop
  endfacet
  facet normal 0 0 1
    outer loop
      vertex 27.3292 -11.3108 185
      vertex 29.3927 -10.3199 185
      vertex 29.338 -10.1107 185
    endloop
  endfacet
  facet normal 0 0 1
    outer loop
      vertex 24.8521 -27.3662 185
      vertex 25.164 -27.122 185
      vertex 24.281 -25.7338 185
    endloop
  endfacet
  facet normal 0 0 1
    outer loop
      vertex 20.7775 -25.9835 185
      vertex 20.6184 -25.9152 185
      vertex 12.3092 -28.9528 185
    endloop
  endfacet
  facet normal 0 0 1
    outer loop
      vertex 20.6184 -25.9152 185
      vertex 20.4624 -25.8402 185
      vertex 12.3092 -28.9528 185
    endloop
  endfacet
  facet normal 0 0 1
    outer loop
      vertex 12.3092 -28.9528 185
      vertex 20.4624 -25.8402 185
      vertex 20.3097 -25.7584 185
    endloop
  endfacet
  facet normal 0 0 1
    outer loop
      vertex 9.08629 -19.4856 185
      vertex 9.23297 -23.5009 185
      vertex 9.25327 -23.3357 185
    endloop
  endfacet
  facet normal 0 0 1
    outer loop
      vertex 9.36903 -28.3265 185
      vertex 9.5611 -28.4298 185
      vertex 7.35343 -20.2034 185
    endloop
  endfacet
  facet normal 0 0 1
    outer loop
      vertex 9.5611 -28.4298 185
      vertex 9.75749 -28.5246 185
      vertex 7.35343 -20.2034 185
    endloop
  endfacet
  facet normal 0 0 1
    outer loop
      vertex 7.35343 -20.2034 185
      vertex 9.75749 -28.5246 185
      vertex 9.95784 -28.6107 185
    endloop
  endfacet
  facet normal 0 0 1
    outer loop
      vertex 9.95784 -28.6107 185
      vertex 10.1617 -28.6881 185
      vertex 7.35343 -20.2034 185
    endloop
  endfacet
  facet normal 0 0 1
    outer loop
      vertex 10.1617 -28.6881 185
      vertex 10.3688 -28.7565 185
      vertex 7.35343 -20.2034 185
    endloop
  endfacet
  facet normal 0 0 1
    outer loop
      vertex 7.35343 -20.2034 185
      vertex 10.3688 -28.7565 185
      vertex 10.5787 -28.8157 185
    endloop
  endfacet
  facet normal 0 0 1
    outer loop
      vertex 8.02984 -27.2219 185
      vertex 8.17502 -27.3846 185
      vertex 6.91628 -24.8863 185
    endloop
  endfacet
  facet normal 0 0 1
    outer loop
      vertex 8.17502 -27.3846 185
      vertex 8.32715 -27.5409 185
      vertex 6.91628 -24.8863 185
    endloop
  endfacet
  facet normal 0 0 1
    outer loop
      vertex 6.91628 -24.8863 185
      vertex 8.32715 -27.5409 185
      vertex 8.48596 -27.6903 185
    endloop
  endfacet
  facet normal 0 0 1
    outer loop
      vertex 6.46517 -20.5049 185
      vertex 6.12393 -20.6094 185
      vertex 8.82236 -27.9678 185
    endloop
  endfacet
  facet normal 0 0 1
    outer loop
      vertex 6.12393 -20.6094 185
      vertex 6.91628 -24.8863 185
      vertex 8.82236 -27.9678 185
    endloop
  endfacet
  facet normal 0 0 1
    outer loop
      vertex 8.82236 -27.9678 185
      vertex 6.91628 -24.8863 185
      vertex 8.65113 -27.8327 185
    endloop
  endfacet
  facet normal 0 0 1
    outer loop
      vertex 6.91628 -24.8863 185
      vertex 8.48596 -27.6903 185
      vertex 8.65113 -27.8327 185
    endloop
  endfacet
  facet normal 0 0 1
    outer loop
      vertex 22.2707 -9.56854 185
      vertex 20.6049 -6.13917 185
      vertex 22.119 -9.64252 185
    endloop
  endfacet
  facet normal 0 0 1
    outer loop
      vertex 20.6049 -6.13917 185
      vertex 20.5049 -6.46517 185
      vertex 22.119 -9.64252 185
    endloop
  endfacet
  facet normal 0 0 1
    outer loop
      vertex 26.2586 -10.0233 185
      vertex 27.8676 -7.7575 185
      vertex 26.1229 -9.92287 185
    endloop
  endfacet
  facet normal 0 0 1
    outer loop
      vertex 27.8676 -7.7575 185
      vertex 27.7035 -7.61661 185
      vertex 26.1229 -9.92287 185
    endloop
  endfacet
  facet normal 0 0 1
    outer loop
      vertex 26.1229 -9.92287 185
      vertex 27.7035 -7.61661 185
      vertex 25.983 -9.82848 185
    endloop
  endfacet
  facet normal 0 0 1
    outer loop
      vertex 27.7035 -7.61661 185
      vertex 27.5335 -7.48294 185
      vertex 25.983 -9.82848 185
    endloop
  endfacet
  facet normal 0 0 1
    outer loop
      vertex 25.983 -9.82848 185
      vertex 27.5335 -7.48294 185
      vertex 27.3578 -7.35676 185
    endloop
  endfacet
  facet normal 0 0 1
    outer loop
      vertex 26.6375 -10.3586 185
      vertex 28.4586 -8.38786 185
      vertex 26.5161 -10.2414 185
    endloop
  endfacet
  facet normal 0 0 1
    outer loop
      vertex 28.4586 -8.38786 185
      vertex 28.3212 -8.22083 185
      vertex 26.5161 -10.2414 185
    endloop
  endfacet
  facet normal 0 0 1
    outer loop
      vertex 26.5161 -10.2414 185
      vertex 28.3212 -8.22083 185
      vertex 26.3897 -10.1295 185
    endloop
  endfacet
  facet normal 0 0 1
    outer loop
      vertex 28.3212 -8.22083 185
      vertex 28.1767 -8.05989 185
      vertex 26.3897 -10.1295 185
    endloop
  endfacet
  facet normal 0 0 1
    outer loop
      vertex 26.3897 -10.1295 185
      vertex 28.1767 -8.05989 185
      vertex 26.2586 -10.0233 185
    endloop
  endfacet
  facet normal 0 0 1
    outer loop
      vertex 28.1767 -8.05989 185
      vertex 28.0254 -7.90535 185
      vertex 26.2586 -10.0233 185
    endloop
  endfacet
  facet normal 0 0 1
    outer loop
      vertex 26.2586 -10.0233 185
      vertex 28.0254 -7.90535 185
      vertex 27.8676 -7.7575 185
    endloop
  endfacet
  facet normal 0 0 1
    outer loop
      vertex 29.1204 -9.49989 185
      vertex 29.0305 -9.3032 185
      vertex 26.9695 -10.7405 185
    endloop
  endfacet
  facet normal 0 0 1
    outer loop
      vertex 29.0305 -9.3032 185
      vertex 28.9322 -9.11057 185
      vertex 26.9695 -10.7405 185
    endloop
  endfacet
  facet normal 0 0 1
    outer loop
      vertex 26.9695 -10.7405 185
      vertex 28.9322 -9.11057 185
      vertex 26.8644 -10.6084 185
    endloop
  endfacet
  facet normal 0 0 1
    outer loop
      vertex 28.9322 -9.11057 185
      vertex 28.8256 -8.92238 185
      vertex 26.8644 -10.6084 185
    endloop
  endfacet
  facet normal 0 0 1
    outer loop
      vertex 26.8644 -10.6084 185
      vertex 28.8256 -8.92238 185
      vertex 26.7537 -10.481 185
    endloop
  endfacet
  facet normal 0 0 1
    outer loop
      vertex 28.8256 -8.92238 185
      vertex 28.711 -8.73897 185
      vertex 26.7537 -10.481 185
    endloop
  endfacet
  facet normal 0 0 1
    outer loop
      vertex 26.7537 -10.481 185
      vertex 28.711 -8.73897 185
      vertex 26.6375 -10.3586 185
    endloop
  endfacet
  facet normal 0 0 1
    outer loop
      vertex 28.711 -8.73897 185
      vertex 28.5886 -8.56068 185
      vertex 26.6375 -10.3586 185
    endloop
  endfacet
  facet normal 0 0 1
    outer loop
      vertex 26.6375 -10.3586 185
      vertex 28.5886 -8.56068 185
      vertex 28.4586 -8.38786 185
    endloop
  endfacet
  facet normal 0 0 1
    outer loop
      vertex 26.2369 -22.8164 185
      vertex 26.2097 -22.9874 185
      vertex 27.622 -24.0534 185
    endloop
  endfacet
  facet normal 0 0 1
    outer loop
      vertex 26.2097 -22.9874 185
      vertex 26.1751 -23.1571 185
      vertex 27.622 -24.0534 185
    endloop
  endfacet
  facet normal 0 0 1
    outer loop
      vertex 27.622 -24.0534 185
      vertex 26.1751 -23.1571 185
      vertex 26.1333 -23.3251 185
    endloop
  endfacet
  facet normal 0 0 1
    outer loop
      vertex 26.1333 -23.3251 185
      vertex 26.0841 -23.4911 185
      vertex 27.622 -24.0534 185
    endloop
  endfacet
  facet normal 0 0 1
    outer loop
      vertex 26.0841 -23.4911 185
      vertex 26.0279 -23.6549 185
      vertex 27.622 -24.0534 185
    endloop
  endfacet
  facet normal 0 0 1
    outer loop
      vertex 27.622 -24.0534 185
      vertex 26.0279 -23.6549 185
      vertex 27.4369 -24.4035 185
    endloop
  endfacet
  facet normal 0 0 1
    outer loop
      vertex 26.0279 -23.6549 185
      vertex 25.9646 -23.816 185
      vertex 27.4369 -24.4035 185
    endloop
  endfacet
  facet normal 0 0 1
    outer loop
      vertex 27.4369 -24.4035 185
      vertex 25.9646 -23.816 185
      vertex 27.2373 -24.7456 185
    endloop
  endfacet
  facet normal 0 0 1
    outer loop
      vertex 24.9772 -25.222 185
      vertex 24.8471 -25.3363 185
      vertex 25.7555 -26.5954 185
    endloop
  endfacet
  facet normal 0 0 1
    outer loop
      vertex 24.8471 -25.3363 185
      vertex 24.7122 -25.4448 185
      vertex 25.7555 -26.5954 185
    endloop
  endfacet
  facet normal 0 0 1
    outer loop
      vertex 25.7555 -26.5954 185
      vertex 24.7122 -25.4448 185
      vertex 25.4652 -26.8649 185
    endloop
  endfacet
  facet normal 0 0 1
    outer loop
      vertex 24.7122 -25.4448 185
      vertex 24.5727 -25.5473 185
      vertex 25.4652 -26.8649 185
    endloop
  endfacet
  facet normal 0 0 1
    outer loop
      vertex 25.4652 -26.8649 185
      vertex 24.5727 -25.5473 185
      vertex 25.164 -27.122 185
    endloop
  endfacet
  facet normal 0 0 1
    outer loop
      vertex 24.5727 -25.5473 185
      vertex 24.4289 -25.6437 185
      vertex 25.164 -27.122 185
    endloop
  endfacet
  facet normal 0 0 1
    outer loop
      vertex 25.164 -27.122 185
      vertex 24.4289 -25.6437 185
      vertex 24.281 -25.7338 185
    endloop
  endfacet
  facet normal 0 0 1
    outer loop
      vertex 22.6444 -26.2567 185
      vertex 22.4717 -26.269 185
      vertex 24.1991 -27.8142 185
    endloop
  endfacet
  facet normal 0 0 1
    outer loop
      vertex 22.4717 -26.269 185
      vertex 22.2987 -26.2738 185
      vertex 24.1991 -27.8142 185
    endloop
  endfacet
  facet normal 0 0 1
    outer loop
      vertex 24.1991 -27.8142 185
      vertex 22.2987 -26.2738 185
      vertex 22.1255 -26.2711 185
    endloop
  endfacet
  facet normal 0 0 1
    outer loop
      vertex 22.1255 -26.2711 185
      vertex 21.9527 -26.2609 185
      vertex 24.1991 -27.8142 185
    endloop
  endfacet
  facet normal 0 0 1
    outer loop
      vertex 21.9527 -26.2609 185
      vertex 21.7804 -26.2433 185
      vertex 24.1991 -27.8142 185
    endloop
  endfacet
  facet normal 0 0 1
    outer loop
      vertex 24.1991 -27.8142 185
      vertex 21.7804 -26.2433 185
      vertex 12.3092 -28.9528 185
    endloop
  endfacet
  facet normal 0 0 1
    outer loop
      vertex 21.7804 -26.2433 185
      vertex 21.6091 -26.2182 185
      vertex 12.3092 -28.9528 185
    endloop
  endfacet
  facet normal 0 0 1
    outer loop
      vertex 12.3092 -28.9528 185
      vertex 21.6091 -26.2182 185
      vertex 21.4391 -26.1858 185
    endloop
  endfacet
  facet normal 0 0 1
    outer loop
      vertex 20.117 -12.2277 185
      vertex 18.1329 -11.5519 185
      vertex 20.0833 -12.3931 185
    endloop
  endfacet
  facet normal 0 0 1
    outer loop
      vertex 18.1329 -11.5519 185
      vertex 17.6118 -12.3319 185
      vertex 20.0833 -12.3931 185
    endloop
  endfacet
  facet normal 0 0 1
    outer loop
      vertex 20.0833 -12.3931 185
      vertex 17.6118 -12.3319 185
      vertex 18.0312 -18.0312 185
    endloop
  endfacet
  facet normal 0 0 1
    outer loop
      vertex 17.6118 -12.3319 185
      vertex 17.0571 -13.0884 185
      vertex 18.0312 -18.0312 185
    endloop
  endfacet
  facet normal 0 0 1
    outer loop
      vertex 18.0312 -18.0312 185
      vertex 17.0571 -13.0884 185
      vertex 16.47 -13.8199 185
    endloop
  endfacet
  facet normal 0 0 1
    outer loop
      vertex 9.927 -21.6512 185
      vertex 10.0262 -21.5176 185
      vertex 12.3319 -17.6118 185
    endloop
  endfacet
  facet normal 0 0 1
    outer loop
      vertex 9.08629 -19.4856 185
      vertex 9.25327 -23.3357 185
      vertex 9.9276 -19.0707 185
    endloop
  endfacet
  facet normal 0 0 1
    outer loop
      vertex 9.25327 -23.3357 185
      vertex 9.28066 -23.1715 185
      vertex 9.9276 -19.0707 185
    endloop
  endfacet
  facet normal 0 0 1
    outer loop
      vertex 9.9276 -19.0707 185
      vertex 9.28066 -23.1715 185
      vertex 9.31509 -23.0086 185
    endloop
  endfacet
  facet normal 0 0 1
    outer loop
      vertex 9.21491 -23.9997 185
      vertex 9.21377 -23.8332 185
      vertex 9.08629 -19.4856 185
    endloop
  endfacet
  facet normal 0 0 1
    outer loop
      vertex 9.21377 -23.8332 185
      vertex 9.21979 -23.6669 185
      vertex 9.08629 -19.4856 185
    endloop
  endfacet
  facet normal 0 0 1
    outer loop
      vertex 9.08629 -19.4856 185
      vertex 9.21979 -23.6669 185
      vertex 9.23297 -23.5009 185
    endloop
  endfacet
  facet normal 0 0 1
    outer loop
      vertex 7.52402 -26.5124 185
      vertex 7.63875 -26.6979 185
      vertex 6.91628 -24.8863 185
    endloop
  endfacet
  facet normal 0 0 1
    outer loop
      vertex 20.9377 -10.582 185
      vertex 21.0495 -10.4556 185
      vertex 19.4856 -9.08629 185
    endloop
  endfacet
  facet normal 0 0 1
    outer loop
      vertex 21.0495 -10.4556 185
      vertex 21.1668 -10.3342 185
      vertex 19.4856 -9.08629 185
    endloop
  endfacet
  facet normal 0 0 1
    outer loop
      vertex 19.4856 -9.08629 185
      vertex 21.1668 -10.3342 185
      vertex 19.8634 -8.22769 185
    endloop
  endfacet
  facet normal 0 0 1
    outer loop
      vertex 21.1668 -10.3342 185
      vertex 21.2892 -10.2181 185
      vertex 19.8634 -8.22769 185
    endloop
  endfacet
  facet normal 0 0 1
    outer loop
      vertex 20.2034 -7.35343 185
      vertex 21.826 -9.80995 185
      vertex 20.5049 -6.46517 185
    endloop
  endfacet
  facet normal 0 0 1
    outer loop
      vertex 21.826 -9.80995 185
      vertex 21.9707 -9.72304 185
      vertex 20.5049 -6.46517 185
    endloop
  endfacet
  facet normal 0 0 1
    outer loop
      vertex 20.5049 -6.46517 185
      vertex 21.9707 -9.72304 185
      vertex 22.119 -9.64252 185
    endloop
  endfacet
  facet normal 0 0 1
    outer loop
      vertex 22.2707 -9.56854 185
      vertex 22.4255 -9.50126 185
      vertex 20.6049 -6.13917 185
    endloop
  endfacet
  facet normal 0 0 1
    outer loop
      vertex 22.4255 -9.50126 185
      vertex 22.5831 -9.44079 185
      vertex 20.6049 -6.13917 185
    endloop
  endfacet
  facet normal 0 0 1
    outer loop
      vertex 20.6049 -6.13917 185
      vertex 22.5831 -9.44079 185
      vertex 22.7432 -9.38725 185
    endloop
  endfacet
  facet normal 0 0 1
    outer loop
      vertex 20.6049 -6.13917 185
      vertex 23.4021 -9.24424 185
      vertex 24.9399 -6.49654 185
    endloop
  endfacet
  facet normal 0 0 1
    outer loop
      vertex 23.4021 -9.24424 185
      vertex 23.57 -9.22661 185
      vertex 24.9399 -6.49654 185
    endloop
  endfacet
  facet normal 0 0 1
    outer loop
      vertex 24.9399 -6.49654 185
      vertex 23.57 -9.22661 185
      vertex 23.7385 -9.21632 185
    endloop
  endfacet
  facet normal 0 0 1
    outer loop
      vertex 27.0234 -25.0789 185
      vertex 25.6437 -24.4289 185
      vertex 26.7958 -25.403 185
    endloop
  endfacet
  facet normal 0 0 1
    outer loop
      vertex 25.6437 -24.4289 185
      vertex 25.5473 -24.5727 185
      vertex 26.7958 -25.403 185
    endloop
  endfacet
  facet normal 0 0 1
    outer loop
      vertex 26.7958 -25.403 185
      vertex 25.5473 -24.5727 185
      vertex 26.5547 -25.7173 185
    endloop
  endfacet
  facet normal 0 0 1
    outer loop
      vertex 25.5473 -24.5727 185
      vertex 25.4448 -24.7122 185
      vertex 26.5547 -25.7173 185
    endloop
  endfacet
  facet normal 0 0 1
    outer loop
      vertex 26.5547 -25.7173 185
      vertex 25.4448 -24.7122 185
      vertex 25.3363 -24.8471 185
    endloop
  endfacet
  facet normal 0 0 1
    outer loop
      vertex 24.281 -25.7338 185
      vertex 24.1294 -25.8174 185
      vertex 24.8521 -27.3662 185
    endloop
  endfacet
  facet normal 0 0 1
    outer loop
      vertex 24.1294 -25.8174 185
      vertex 23.9743 -25.8944 185
      vertex 24.8521 -27.3662 185
    endloop
  endfacet
  facet normal 0 0 1
    outer loop
      vertex 24.8521 -27.3662 185
      vertex 23.9743 -25.8944 185
      vertex 24.5303 -27.597 185
    endloop
  endfacet
  facet normal 0 0 1
    outer loop
      vertex 23.9743 -25.8944 185
      vertex 23.816 -25.9646 185
      vertex 24.5303 -27.597 185
    endloop
  endfacet
  facet normal 0 0 1
    outer loop
      vertex 24.5303 -27.597 185
      vertex 23.816 -25.9646 185
      vertex 24.1991 -27.8142 185
    endloop
  endfacet
  facet normal 0 0 1
    outer loop
      vertex 23.816 -25.9646 185
      vertex 23.6549 -26.0279 185
      vertex 24.1991 -27.8142 185
    endloop
  endfacet
  facet normal 0 0 1
    outer loop
      vertex 24.1991 -27.8142 185
      vertex 23.6549 -26.0279 185
      vertex 23.4911 -26.0841 185
    endloop
  endfacet
  facet normal 0 0 1
    outer loop
      vertex 10.0262 -21.5176 185
      vertex 10.1311 -21.3883 185
      vertex 12.3319 -17.6118 185
    endloop
  endfacet
  facet normal 0 0 1
    outer loop
      vertex 10.1311 -21.3883 185
      vertex 10.2415 -21.2637 185
      vertex 12.3319 -17.6118 185
    endloop
  endfacet
  facet normal 0 0 1
    outer loop
      vertex 12.3319 -17.6118 185
      vertex 10.2415 -21.2637 185
      vertex 10.3571 -21.1439 185
    endloop
  endfacet
  facet normal 0 0 1
    outer loop
      vertex 9.31509 -23.0086 185
      vertex 9.35649 -22.8474 185
      vertex 9.9276 -19.0707 185
    endloop
  endfacet
  facet normal 0 0 1
    outer loop
      vertex 9.35649 -22.8474 185
      vertex 9.4048 -22.6881 185
      vertex 9.9276 -19.0707 185
    endloop
  endfacet
  facet normal 0 0 1
    outer loop
      vertex 9.9276 -19.0707 185
      vertex 9.4048 -22.6881 185
      vertex 9.45991 -22.531 185
    endloop
  endfacet
  facet normal 0 0 1
    outer loop
      vertex 11.5519 -18.1329 185
      vertex 10.75 -18.6195 185
      vertex 9.74622 -21.9307 185
    endloop
  endfacet
  facet normal 0 0 1
    outer loop
      vertex 10.75 -18.6195 185
      vertex 9.9276 -19.0707 185
      vertex 9.74622 -21.9307 185
    endloop
  endfacet
  facet normal 0 0 1
    outer loop
      vertex 9.74622 -21.9307 185
      vertex 9.9276 -19.0707 185
      vertex 9.66502 -22.076 185
    endloop
  endfacet
  facet normal 0 0 1
    outer loop
      vertex 9.26122 -24.4966 185
      vertex 9.23865 -24.3317 185
      vertex 8.22769 -19.8634 185
    endloop
  endfacet
  facet normal 0 0 1
    outer loop
      vertex 9.23865 -24.3317 185
      vertex 9.22321 -24.1659 185
      vertex 8.22769 -19.8634 185
    endloop
  endfacet
  facet normal 0 0 1
    outer loop
      vertex 8.22769 -19.8634 185
      vertex 9.22321 -24.1659 185
      vertex 9.21491 -23.9997 185
    endloop
  endfacet
  facet normal 0 0 1
    outer loop
      vertex 6.96068 -25.0999 185
      vertex 7.01434 -25.3112 185
      vertex 7.31937 -26.1274 185
    endloop
  endfacet
  facet normal 0 0 1
    outer loop
      vertex 7.01434 -25.3112 185
      vertex 7.07717 -25.5201 185
      vertex 7.31937 -26.1274 185
    endloop
  endfacet
  facet normal 0 0 1
    outer loop
      vertex 7.31937 -26.1274 185
      vertex 7.07717 -25.5201 185
      vertex 7.22983 -25.9285 185
    endloop
  endfacet
  facet normal 0 0 1
    outer loop
      vertex 7.07717 -25.5201 185
      vertex 7.14904 -25.726 185
      vertex 7.22983 -25.9285 185
    endloop
  endfacet
  facet normal 0 0 1
    outer loop
      vertex 7.63875 -26.6979 185
      vertex 7.76145 -26.8782 185
      vertex 6.91628 -24.8863 185
    endloop
  endfacet
  facet normal 0 0 1
    outer loop
      vertex 7.76145 -26.8782 185
      vertex 7.8919 -27.053 185
      vertex 6.91628 -24.8863 185
    endloop
  endfacet
  facet normal 0 0 1
    outer loop
      vertex 6.91628 -24.8863 185
      vertex 7.8919 -27.053 185
      vertex 8.02984 -27.2219 185
    endloop
  endfacet
  facet normal 0 0 1
    outer loop
      vertex 21.2892 -10.2181 185
      vertex 21.4166 -10.1073 185
      vertex 19.8634 -8.22769 185
    endloop
  endfacet
  facet normal 0 0 1
    outer loop
      vertex 21.4166 -10.1073 185
      vertex 21.5487 -10.0023 185
      vertex 19.8634 -8.22769 185
    endloop
  endfacet
  facet normal 0 0 1
    outer loop
      vertex 19.8634 -8.22769 185
      vertex 21.5487 -10.0023 185
      vertex 20.2034 -7.35343 185
    endloop
  endfacet
  facet normal 0 0 1
    outer loop
      vertex 21.5487 -10.0023 185
      vertex 21.6853 -9.90309 185
      vertex 20.2034 -7.35343 185
    endloop
  endfacet
  facet normal 0 0 1
    outer loop
      vertex 20.2034 -7.35343 185
      vertex 21.6853 -9.90309 185
      vertex 21.826 -9.80995 185
    endloop
  endfacet
  facet normal 0 0 1
    outer loop
      vertex 26.991 -7.12775 185
      vertex 26.8005 -7.02536 185
      vertex 25.5404 -9.58311 185
    endloop
  endfacet
  facet normal 0 0 1
    outer loop
      vertex 26.8005 -7.02536 185
      vertex 26.6058 -6.9313 185
      vertex 25.5404 -9.58311 185
    endloop
  endfacet
  facet normal 0 0 1
    outer loop
      vertex 25.5404 -9.58311 185
      vertex 26.6058 -6.9313 185
      vertex 25.3863 -9.51445 185
    endloop
  endfacet
  facet normal 0 0 1
    outer loop
      vertex 26.6058 -6.9313 185
      vertex 26.4071 -6.84575 185
      vertex 25.3863 -9.51445 185
    endloop
  endfacet
  facet normal 0 0 1
    outer loop
      vertex 25.3863 -9.51445 185
      vertex 26.4071 -6.84575 185
      vertex 25.2292 -9.45258 185
    endloop
  endfacet
  facet normal 0 0 1
    outer loop
      vertex 26.4071 -6.84575 185
      vertex 26.205 -6.76887 185
      vertex 25.2292 -9.45258 185
    endloop
  endfacet
  facet normal 0 0 1
    outer loop
      vertex 25.2292 -9.45258 185
      vertex 26.205 -6.76887 185
      vertex 25.0697 -9.39761 185
    endloop
  endfacet
  facet normal 0 0 1
    outer loop
      vertex 25.9646 -23.816 185
      vertex 25.8944 -23.9743 185
      vertex 27.2373 -24.7456 185
    endloop
  endfacet
  facet normal 0 0 1
    outer loop
      vertex 25.8944 -23.9743 185
      vertex 25.8174 -24.1294 185
      vertex 27.2373 -24.7456 185
    endloop
  endfacet
  facet normal 0 0 1
    outer loop
      vertex 27.2373 -24.7456 185
      vertex 25.8174 -24.1294 185
      vertex 27.0234 -25.0789 185
    endloop
  endfacet
  facet normal 0 0 1
    outer loop
      vertex 25.8174 -24.1294 185
      vertex 25.7338 -24.281 185
      vertex 27.0234 -25.0789 185
    endloop
  endfacet
  facet normal 0 0 1
    outer loop
      vertex 27.0234 -25.0789 185
      vertex 25.7338 -24.281 185
      vertex 25.6437 -24.4289 185
    endloop
  endfacet
  facet normal 0 0 1
    outer loop
      vertex 11.5519 -18.1329 185
      vertex 9.74622 -21.9307 185
      vertex 12.3319 -17.6118 185
    endloop
  endfacet
  facet normal 0 0 1
    outer loop
      vertex 9.74622 -21.9307 185
      vertex 9.8336 -21.789 185
      vertex 12.3319 -17.6118 185
    endloop
  endfacet
  facet normal 0 0 1
    outer loop
      vertex 12.3319 -17.6118 185
      vertex 9.8336 -21.789 185
      vertex 9.927 -21.6512 185
    endloop
  endfacet
  facet normal 0 0 1
    outer loop
      vertex 10.3571 -21.1439 185
      vertex 10.4778 -21.0292 185
      vertex 12.3319 -17.6118 185
    endloop
  endfacet
  facet normal 0 0 1
    outer loop
      vertex 10.4778 -21.0292 185
      vertex 10.6033 -20.9198 185
      vertex 12.3319 -17.6118 185
    endloop
  endfacet
  facet normal 0 0 1
    outer loop
      vertex 12.3319 -17.6118 185
      vertex 10.6033 -20.9198 185
      vertex 10.7333 -20.816 185
    endloop
  endfacet
  facet normal 0 0 1
    outer loop
      vertex 9.45991 -22.531 185
      vertex 9.52173 -22.3764 185
      vertex 9.9276 -19.0707 185
    endloop
  endfacet
  facet normal 0 0 1
    outer loop
      vertex 9.52173 -22.3764 185
      vertex 9.59014 -22.2247 185
      vertex 9.9276 -19.0707 185
    endloop
  endfacet
  facet normal 0 0 1
    outer loop
      vertex 9.9276 -19.0707 185
      vertex 9.59014 -22.2247 185
      vertex 9.66502 -22.076 185
    endloop
  endfacet
  facet normal 0 0 1
    outer loop
      vertex 9.69018 -25.7506 185
      vertex 9.61327 -25.6029 185
      vertex 10.5787 -28.8157 185
    endloop
  endfacet
  facet normal 0 0 1
    outer loop
      vertex 9.61327 -25.6029 185
      vertex 9.54279 -25.4521 185
      vertex 10.5787 -28.8157 185
    endloop
  endfacet
  facet normal 0 0 1
    outer loop
      vertex 9.26122 -24.4966 185
      vertex 8.22769 -19.8634 185
      vertex 9.29085 -24.6604 185
    endloop
  endfacet
  facet normal 0 0 1
    outer loop
      vertex 8.22769 -19.8634 185
      vertex 7.35343 -20.2034 185
      vertex 9.29085 -24.6604 185
    endloop
  endfacet
  facet normal 0 0 1
    outer loop
      vertex 9.29085 -24.6604 185
      vertex 7.35343 -20.2034 185
      vertex 9.32751 -24.8228 185
    endloop
  endfacet
  facet normal 0 0 1
    outer loop
      vertex 6.96068 -25.0999 185
      vertex 7.31937 -26.1274 185
      vertex 6.91628 -24.8863 185
    endloop
  endfacet
  facet normal 0 0 1
    outer loop
      vertex 7.31937 -26.1274 185
      vertex 7.4175 -26.3221 185
      vertex 6.91628 -24.8863 185
    endloop
  endfacet
  facet normal 0 0 1
    outer loop
      vertex 6.91628 -24.8863 185
      vertex 7.4175 -26.3221 185
      vertex 7.52402 -26.5124 185
    endloop
  endfacet
  facet normal 0 0 1
    outer loop
      vertex 22.7432 -9.38725 185
      vertex 22.9054 -9.34074 185
      vertex 20.6049 -6.13917 185
    endloop
  endfacet
  facet normal 0 0 1
    outer loop
      vertex 22.9054 -9.34074 185
      vertex 23.0695 -9.30136 185
      vertex 20.6049 -6.13917 185
    endloop
  endfacet
  facet normal 0 0 1
    outer loop
      vertex 20.6049 -6.13917 185
      vertex 23.0695 -9.30136 185
      vertex 23.2352 -9.26917 185
    endloop
  endfacet
  facet normal 0 0 1
    outer loop
      vertex 12.3319 -17.6118 185
      vertex 11.1487 -20.5392 185
      vertex 11.2946 -20.4591 185
    endloop
  endfacet
  facet normal 0 0 1
    outer loop
      vertex 13.4407 -27.7417 185
      vertex 13.2747 -27.7536 185
      vertex 12.3092 -28.9528 185
    endloop
  endfacet
  facet normal 0 0 1
    outer loop
      vertex 10.6442 -26.8938 185
      vertex 10.5172 -26.7861 185
      vertex 10.5787 -28.8157 185
    endloop
  endfacet
  facet normal 0 0 1
    outer loop
      vertex 10.5172 -26.7861 185
      vertex 10.395 -26.6731 185
      vertex 10.5787 -28.8157 185
    endloop
  endfacet
  facet normal 0 0 1
    outer loop
      vertex 10.5787 -28.8157 185
      vertex 10.395 -26.6731 185
      vertex 10.2777 -26.5549 185
    endloop
  endfacet
  facet normal 0 0 1
    outer loop
      vertex 10.2777 -26.5549 185
      vertex 10.1657 -26.4318 185
      vertex 10.5787 -28.8157 185
    endloop
  endfacet
  facet normal 0 0 1
    outer loop
      vertex 10.1657 -26.4318 185
      vertex 10.059 -26.304 185
      vertex 10.5787 -28.8157 185
    endloop
  endfacet
  facet normal 0 0 1
    outer loop
      vertex 10.5787 -28.8157 185
      vertex 10.059 -26.304 185
      vertex 9.95795 -26.1717 185
    endloop
  endfacet
  facet normal 0 0 1
    outer loop
      vertex 9.95795 -26.1717 185
      vertex 9.86268 -26.0352 185
      vertex 10.5787 -28.8157 185
    endloop
  endfacet
  facet normal 0 0 1
    outer loop
      vertex 9.86268 -26.0352 185
      vertex 9.77336 -25.8947 185
      vertex 10.5787 -28.8157 185
    endloop
  endfacet
  facet normal 0 0 1
    outer loop
      vertex 10.5787 -28.8157 185
      vertex 9.77336 -25.8947 185
      vertex 9.69018 -25.7506 185
    endloop
  endfacet
  facet normal 0 0 1
    outer loop
      vertex 24.0759 -9.21782 185
      vertex 24.2443 -9.22961 185
      vertex 24.9399 -6.49654 185
    endloop
  endfacet
  facet normal 0 0 1
    outer loop
      vertex 24.2443 -9.22961 185
      vertex 24.412 -9.24873 185
      vertex 24.9399 -6.49654 185
    endloop
  endfacet
  facet normal 0 0 1
    outer loop
      vertex 24.9399 -6.49654 185
      vertex 24.412 -9.24873 185
      vertex 25.155 -6.51897 185
    endloop
  endfacet
  facet normal 0 0 1
    outer loop
      vertex 24.412 -9.24873 185
      vertex 24.5787 -9.27515 185
      vertex 25.155 -6.51897 185
    endloop
  endfacet
  facet normal 0 0 1
    outer loop
      vertex 25.155 -6.51897 185
      vertex 24.5787 -9.27515 185
      vertex 25.3689 -6.55067 185
    endloop
  endfacet
  facet normal 0 0 1
    outer loop
      vertex 24.5787 -9.27515 185
      vertex 24.7441 -9.30882 185
      vertex 25.3689 -6.55067 185
    endloop
  endfacet
  facet normal 0 0 1
    outer loop
      vertex 25.3689 -6.55067 185
      vertex 24.7441 -9.30882 185
      vertex 25.5813 -6.5916 185
    endloop
  endfacet
  facet normal 0 0 1
    outer loop
      vertex 24.7441 -9.30882 185
      vertex 24.9078 -9.34966 185
      vertex 25.5813 -6.5916 185
    endloop
  endfacet
  facet normal 0 0 1
    outer loop
      vertex 25.5813 -6.5916 185
      vertex 24.9078 -9.34966 185
      vertex 25.7917 -6.64168 185
    endloop
  endfacet
  facet normal 0 0 1
    outer loop
      vertex 24.9078 -9.34966 185
      vertex 25.0697 -9.39761 185
      vertex 25.7917 -6.64168 185
    endloop
  endfacet
  facet normal 0 0 1
    outer loop
      vertex 25.7917 -6.64168 185
      vertex 25.0697 -9.39761 185
      vertex 25.9997 -6.7008 185
    endloop
  endfacet
  facet normal 0 0 1
    outer loop
      vertex 25.0697 -9.39761 185
      vertex 26.205 -6.76887 185
      vertex 25.9997 -6.7008 185
    endloop
  endfacet
  facet normal 0 0 1
    outer loop
      vertex 10.7333 -20.816 185
      vertex 10.8678 -20.7178 185
      vertex 12.3319 -17.6118 185
    endloop
  endfacet
  facet normal 0 0 1
    outer loop
      vertex 10.8678 -20.7178 185
      vertex 11.0063 -20.6255 185
      vertex 12.3319 -17.6118 185
    endloop
  endfacet
  facet normal 0 0 1
    outer loop
      vertex 12.3319 -17.6118 185
      vertex 11.0063 -20.6255 185
      vertex 11.1487 -20.5392 185
    endloop
  endfacet
  facet normal 0 0 1
    outer loop
      vertex 12.0684 -20.1566 185
      vertex 12.3319 -17.6118 185
      vertex 11.9087 -20.2037 185
    endloop
  endfacet
  facet normal 0 0 1
    outer loop
      vertex 12.3319 -17.6118 185
      vertex 11.7512 -20.2576 185
      vertex 11.9087 -20.2037 185
    endloop
  endfacet
  facet normal 0 0 1
    outer loop
      vertex 20.0158 -25.5755 185
      vertex 13.7705 -27.6966 185
      vertex 12.3092 -28.9528 185
    endloop
  endfacet
  facet normal 0 0 1
    outer loop
      vertex 13.7705 -27.6966 185
      vertex 13.6061 -27.7227 185
      vertex 12.3092 -28.9528 185
    endloop
  endfacet
  facet normal 0 0 1
    outer loop
      vertex 12.3092 -28.9528 185
      vertex 13.6061 -27.7227 185
      vertex 13.4407 -27.7417 185
    endloop
  endfacet
  facet normal 0 0 1
    outer loop
      vertex 11.3418 -27.345 185
      vertex 11.1947 -27.2669 185
      vertex 10.5787 -28.8157 185
    endloop
  endfacet
  facet normal 0 0 1
    outer loop
      vertex 11.1947 -27.2669 185
      vertex 11.0512 -27.1826 185
      vertex 10.5787 -28.8157 185
    endloop
  endfacet
  facet normal 0 0 1
    outer loop
      vertex 9.54279 -25.4521 185
      vertex 9.47886 -25.2984 185
      vertex 10.5787 -28.8157 185
    endloop
  endfacet
  facet normal 0 0 1
    outer loop
      vertex 9.47886 -25.2984 185
      vertex 9.4216 -25.1421 185
      vertex 10.5787 -28.8157 185
    endloop
  endfacet
  facet normal 0 0 1
    outer loop
      vertex 10.5787 -28.8157 185
      vertex 9.4216 -25.1421 185
      vertex 7.35343 -20.2034 185
    endloop
  endfacet
  facet normal 0 0 1
    outer loop
      vertex 9.4216 -25.1421 185
      vertex 9.37112 -24.9835 185
      vertex 7.35343 -20.2034 185
    endloop
  endfacet
  facet normal 0 0 1
    outer loop
      vertex 7.35343 -20.2034 185
      vertex 9.37112 -24.9835 185
      vertex 9.32751 -24.8228 185
    endloop
  endfacet
  facet normal 0 0 1
    outer loop
      vertex 11.2946 -20.4591 185
      vertex 11.4439 -20.3854 185
      vertex 12.3319 -17.6118 185
    endloop
  endfacet
  facet normal 0 0 1
    outer loop
      vertex 11.4439 -20.3854 185
      vertex 11.5962 -20.3182 185
      vertex 12.3319 -17.6118 185
    endloop
  endfacet
  facet normal 0 0 1
    outer loop
      vertex 12.3319 -17.6118 185
      vertex 11.5962 -20.3182 185
      vertex 11.7512 -20.2576 185
    endloop
  endfacet
  facet normal 0 0 1
    outer loop
      vertex 11.0512 -27.1826 185
      vertex 10.9114 -27.0922 185
      vertex 10.5787 -28.8157 185
    endloop
  endfacet
  facet normal 0 0 1
    outer loop
      vertex 10.9114 -27.0922 185
      vertex 10.7757 -26.9959 185
      vertex 10.5787 -28.8157 185
    endloop
  endfacet
  facet normal 0 0 1
    outer loop
      vertex 10.5787 -28.8157 185
      vertex 10.7757 -26.9959 185
      vertex 10.6442 -26.8938 185
    endloop
  endfacet
  facet normal 0 0 1
    outer loop
      vertex 14.5252 -15.8515 185
      vertex 13.8199 -16.47 185
      vertex 18.0312 -18.0312 185
    endloop
  endfacet
  facet normal 0 0 1
    outer loop
      vertex 13.8199 -16.47 185
      vertex 13.0884 -17.0571 185
      vertex 18.0312 -18.0312 185
    endloop
  endfacet
  facet normal 0 0 1
    outer loop
      vertex 18.0312 -18.0312 185
      vertex 13.0884 -17.0571 185
      vertex 12.3931 -20.0833 185
    endloop
  endfacet
  facet normal 0 0 1
    outer loop
      vertex 13.0884 -17.0571 185
      vertex 12.3319 -17.6118 185
      vertex 12.3931 -20.0833 185
    endloop
  endfacet
  facet normal 0 0 1
    outer loop
      vertex 12.3931 -20.0833 185
      vertex 12.3319 -17.6118 185
      vertex 12.2299 -20.1165 185
    endloop
  endfacet
  facet normal 0 0 1
    outer loop
      vertex 12.3319 -17.6118 185
      vertex 12.0684 -20.1566 185
      vertex 12.2299 -20.1165 185
    endloop
  endfacet
  facet normal 0 0 1
    outer loop
      vertex 13.2747 -27.7536 185
      vertex 13.1083 -27.7583 185
      vertex 12.3092 -28.9528 185
    endloop
  endfacet
  facet normal 0 0 1
    outer loop
      vertex 13.1083 -27.7583 185
      vertex 12.9418 -27.7559 185
      vertex 12.3092 -28.9528 185
    endloop
  endfacet
  facet normal 0 0 1
    outer loop
      vertex 12.3092 -28.9528 185
      vertex 12.9418 -27.7559 185
      vertex 12.7756 -27.7463 185
    endloop
  endfacet
  facet normal 0 0 1
    outer loop
      vertex 12.7756 -27.7463 185
      vertex 12.61 -27.7295 185
      vertex 12.3092 -28.9528 185
    endloop
  endfacet
  facet normal 0 0 1
    outer loop
      vertex 12.61 -27.7295 185
      vertex 12.4453 -27.7057 185
      vertex 12.3092 -28.9528 185
    endloop
  endfacet
  facet normal 0 0 1
    outer loop
      vertex 12.3092 -28.9528 185
      vertex 12.4453 -27.7057 185
      vertex 12.0917 -28.9688 185
    endloop
  endfacet
  facet normal 0 0 1
    outer loop
      vertex 12.4453 -27.7057 185
      vertex 12.2817 -27.6748 185
      vertex 12.0917 -28.9688 185
    endloop
  endfacet
  facet normal 0 0 1
    outer loop
      vertex 12.0917 -28.9688 185
      vertex 12.2817 -27.6748 185
      vertex 11.8738 -28.9754 185
    endloop
  endfacet
  facet normal 0 0 1
    outer loop
      vertex 12.2817 -27.6748 185
      vertex 12.1196 -27.6368 185
      vertex 11.8738 -28.9754 185
    endloop
  endfacet
  facet normal 0 0 1
    outer loop
      vertex 11.8738 -28.9754 185
      vertex 12.1196 -27.6368 185
      vertex 11.6557 -28.9724 185
    endloop
  endfacet
  facet normal 0 0 1
    outer loop
      vertex 12.1196 -27.6368 185
      vertex 11.9593 -27.592 185
      vertex 11.6557 -28.9724 185
    endloop
  endfacet
  facet normal 0 0 1
    outer loop
      vertex 11.3418 -27.345 185
      vertex 10.5787 -28.8157 185
      vertex 11.492 -27.4166 185
    endloop
  endfacet
  facet normal 0 0 1
    outer loop
      vertex 10.5787 -28.8157 185
      vertex 10.791 -28.8658 185
      vertex 11.492 -27.4166 185
    endloop
  endfacet
  facet normal 0 0 1
    outer loop
      vertex 11.492 -27.4166 185
      vertex 10.791 -28.8658 185
      vertex 11.6452 -27.4818 185
    endloop
  endfacet
  facet normal 0 0 1
    outer loop
      vertex 10.791 -28.8658 185
      vertex 11.0052 -28.9066 185
      vertex 11.6452 -27.4818 185
    endloop
  endfacet
  facet normal 0 0 1
    outer loop
      vertex 11.6452 -27.4818 185
      vertex 11.0052 -28.9066 185
      vertex 11.8011 -27.5402 185
    endloop
  endfacet
  facet normal 0 0 1
    outer loop
      vertex 11.0052 -28.9066 185
      vertex 11.221 -28.938 185
      vertex 11.8011 -27.5402 185
    endloop
  endfacet
  facet normal 0 0 1
    outer loop
      vertex 11.8011 -27.5402 185
      vertex 11.221 -28.938 185
      vertex 11.9593 -27.592 185
    endloop
  endfacet
  facet normal 0 0 1
    outer loop
      vertex 11.221 -28.938 185
      vertex 11.438 -28.9599 185
      vertex 11.9593 -27.592 185
    endloop
  endfacet
  facet normal 0 0 1
    outer loop
      vertex 11.9593 -27.592 185
      vertex 11.438 -28.9599 185
      vertex 11.6557 -28.9724 185
    endloop
  endfacet
  facet normal 0.382683 0.92388 0
    outer loop
      vertex 16.1217 -6.67783 30.1241
      vertex 17.9695 -7.44319 30.1241
      vertex 16.1217 -6.67783 1
    endloop
  endfacet
  facet normal 0.382683 0.92388 0
    outer loop
      vertex 17.9695 -7.44319 30.1241
      vertex 17.9695 -7.44319 1
      vertex 16.1217 -6.67783 1
    endloop
  endfacet
  facet normal -0.520208 -0.85404 0
    outer loop
      vertex 16.6111 -10.118 30.1241
      vertex 14.903 -9.07762 30.1241
      vertex 16.6111 -10.118 10.1241
    endloop
  endfacet
  facet normal -0.520208 -0.85404 0
    outer loop
      vertex 14.903 -9.07762 30.1241
      vertex 14.903 -9.07762 10.1241
      vertex 16.6111 -10.118 10.1241
    endloop
  endfacet
  facet normal -0.382683 -0.92388 0
    outer loop
      vertex -16.1217 6.67783 30.1241
      vertex -17.9695 7.44319 30.1241
      vertex -16.1217 6.67783 1
    endloop
  endfacet
  facet normal -0.382683 -0.92388 0
    outer loop
      vertex -17.9695 7.44319 30.1241
      vertex -17.9695 7.44319 1
      vertex -16.1217 6.67783 1
    endloop
  endfacet
  facet normal -0.939693 0.34202 0
    outer loop
      vertex 27.6966 -13.7705 178
      vertex 25.4747 -19.875 178
      vertex 27.6966 -13.7705 185
    endloop
  endfacet
  facet normal -0.939693 0.34202 0
    outer loop
      vertex 25.4747 -19.875 178
      vertex 25.4747 -19.875 185
      vertex 27.6966 -13.7705 185
    endloop
  endfacet
  facet normal -0.85404 0.520208 0
    outer loop
      vertex -9.07762 -14.903 10.1241
      vertex -10.118 -16.6111 10.1241
      vertex -9.07762 -14.903 30.1241
    endloop
  endfacet
  facet normal -0.85404 0.520208 0
    outer loop
      vertex -10.118 -16.6111 10.1241
      vertex -10.118 -16.6111 30.1241
      vertex -9.07762 -14.903 30.1241
    endloop
  endfacet
  facet normal -0.382683 0.92388 0
    outer loop
      vertex -17.9695 -7.44319 1
      vertex -17.9695 -7.44319 10.1241
      vertex -16.1217 -6.67783 1
    endloop
  endfacet
  facet normal -0.382683 0.92388 0
    outer loop
      vertex -17.9695 -7.44319 10.1241
      vertex -16.1217 -6.67783 10.1241
      vertex -16.1217 -6.67783 1
    endloop
  endfacet
  facet normal 0.362437 0.932008 0
    outer loop
      vertex -7.44319 -17.9695 1
      vertex -7.44319 -17.9695 30.1241
      vertex -6.65229 -18.277 30.1241
    endloop
  endfacet
  facet normal -0.932008 0.362437 0
    outer loop
      vertex 17.9695 -7.44319 1
      vertex 17.9695 -7.44319 30.1241
      vertex 18.277 -6.65229 30.1241
    endloop
  endfacet
  facet normal -0.362437 -0.932008 0
    outer loop
      vertex 7.44319 17.9695 1
      vertex 7.44319 17.9695 30.1241
      vertex 6.65229 18.277 30.1241
    endloop
  endfacet
  facet normal 0.932008 -0.362437 0
    outer loop
      vertex -17.9695 7.44319 1
      vertex -17.9695 7.44319 30.1241
      vertex -18.277 6.65229 30.1241
    endloop
  endfacet
  facet normal 0.362437 -0.932008 0
    outer loop
      vertex -6.65229 18.277 0
      vertex -7.44319 17.9695 10.1241
      vertex -7.44319 17.9695 1
    endloop
  endfacet
  facet normal 0.848759 -0.528781 0
    outer loop
      vertex -16.6111 10.118 30.1241
      vertex -16.6111 10.118 10.1241
      vertex -16.404 10.4505 30.1241
    endloop
  endfacet
  facet normal 0.848759 -0.528781 0
    outer loop
      vertex -16.6111 10.118 10.1241
      vertex -16.404 10.4505 10.1241
      vertex -16.404 10.4505 30.1241
    endloop
  endfacet
  facet normal 0.83147 -0.55557 0
    outer loop
      vertex -16.404 10.4505 30.1241
      vertex -16.404 10.4505 10.1241
      vertex -15.9325 11.1561 30.1241
    endloop
  endfacet
  facet normal 0.83147 -0.55557 0
    outer loop
      vertex -16.404 10.4505 10.1241
      vertex -15.9325 11.1561 10.1241
      vertex -15.9325 11.1561 30.1241
    endloop
  endfacet
  facet normal 0.806444 -0.59131 0
    outer loop
      vertex -15.9325 11.1561 30.1241
      vertex -15.9325 11.1561 10.1241
      vertex -15.4307 11.8404 30.1241
    endloop
  endfacet
  facet normal 0.806444 -0.59131 0
    outer loop
      vertex -15.9325 11.1561 10.1241
      vertex -15.4307 11.8404 10.1241
      vertex -15.4307 11.8404 30.1241
    endloop
  endfacet
  facet normal 0.779884 -0.625924 0
    outer loop
      vertex -15.4307 11.8404 30.1241
      vertex -15.4307 11.8404 10.1241
      vertex -14.8996 12.5022 30.1241
    endloop
  endfacet
  facet normal 0.779884 -0.625924 0
    outer loop
      vertex -15.4307 11.8404 10.1241
      vertex -14.8996 12.5022 10.1241
      vertex -14.8996 12.5022 30.1241
    endloop
  endfacet
  facet normal 0.75184 -0.659345 0
    outer loop
      vertex -14.8996 12.5022 30.1241
      vertex -14.8996 12.5022 10.1241
      vertex -14.34 13.1402 30.1241
    endloop
  endfacet
  facet normal 0.75184 -0.659345 0
    outer loop
      vertex -14.8996 12.5022 10.1241
      vertex -14.34 13.1402 10.1241
      vertex -14.34 13.1402 30.1241
    endloop
  endfacet
  facet normal 0.722364 -0.691513 0
    outer loop
      vertex -14.34 13.1402 30.1241
      vertex -14.34 13.1402 10.1241
      vertex -13.7532 13.7532 30.1241
    endloop
  endfacet
  facet normal 0.722364 -0.691513 0
    outer loop
      vertex -14.34 13.1402 10.1241
      vertex -13.7532 13.7532 10.1241
      vertex -13.7532 13.7532 30.1241
    endloop
  endfacet
  facet normal 0.691513 -0.722364 0
    outer loop
      vertex -13.7532 13.7532 30.1241
      vertex -13.7532 13.7532 10.1241
      vertex -13.1402 14.34 30.1241
    endloop
  endfacet
  facet normal 0.691513 -0.722364 0
    outer loop
      vertex -13.7532 13.7532 10.1241
      vertex -13.1402 14.34 10.1241
      vertex -13.1402 14.34 30.1241
    endloop
  endfacet
  facet normal 0.659345 -0.75184 0
    outer loop
      vertex -13.1402 14.34 30.1241
      vertex -13.1402 14.34 10.1241
      vertex -12.5022 14.8996 30.1241
    endloop
  endfacet
  facet normal 0.659345 -0.75184 0
    outer loop
      vertex -13.1402 14.34 10.1241
      vertex -12.5022 14.8996 10.1241
      vertex -12.5022 14.8996 30.1241
    endloop
  endfacet
  facet normal 0.625924 -0.779884 0
    outer loop
      vertex -12.5022 14.8996 30.1241
      vertex -12.5022 14.8996 10.1241
      vertex -11.8404 15.4307 30.1241
    endloop
  endfacet
  facet normal 0.625924 -0.779884 0
    outer loop
      vertex -12.5022 14.8996 10.1241
      vertex -11.8404 15.4307 10.1241
      vertex -11.8404 15.4307 30.1241
    endloop
  endfacet
  facet normal 0.59131 -0.806444 0
    outer loop
      vertex -11.8404 15.4307 30.1241
      vertex -11.8404 15.4307 10.1241
      vertex -11.1561 15.9325 30.1241
    endloop
  endfacet
  facet normal 0.59131 -0.806444 0
    outer loop
      vertex -11.8404 15.4307 10.1241
      vertex -11.1561 15.9325 10.1241
      vertex -11.1561 15.9325 30.1241
    endloop
  endfacet
  facet normal 0.55557 -0.83147 0
    outer loop
      vertex -11.1561 15.9325 30.1241
      vertex -11.1561 15.9325 10.1241
      vertex -10.4505 16.404 30.1241
    endloop
  endfacet
  facet normal 0.55557 -0.83147 0
    outer loop
      vertex -11.1561 15.9325 10.1241
      vertex -10.4505 16.404 10.1241
      vertex -10.4505 16.404 30.1241
    endloop
  endfacet
  facet normal 0.518773 -0.854912 0
    outer loop
      vertex -10.4505 16.404 30.1241
      vertex -10.4505 16.404 10.1241
      vertex -9.725 16.8442 30.1241
    endloop
  endfacet
  facet normal 0.518773 -0.854912 0
    outer loop
      vertex -10.4505 16.404 10.1241
      vertex -9.725 16.8442 10.1241
      vertex -9.725 16.8442 30.1241
    endloop
  endfacet
  facet normal 0.480989 -0.876726 0
    outer loop
      vertex -9.725 16.8442 30.1241
      vertex -9.725 16.8442 10.1241
      vertex -8.98101 17.2524 30.1241
    endloop
  endfacet
  facet normal 0.480989 -0.876726 0
    outer loop
      vertex -9.725 16.8442 10.1241
      vertex -8.98101 17.2524 10.1241
      vertex -8.98101 17.2524 30.1241
    endloop
  endfacet
  facet normal 0.442287 -0.896873 0
    outer loop
      vertex -8.98101 17.2524 30.1241
      vertex -8.98101 17.2524 10.1241
      vertex -8.21992 17.6277 30.1241
    endloop
  endfacet
  facet normal 0.442287 -0.896873 0
    outer loop
      vertex -8.98101 17.2524 10.1241
      vertex -8.21992 17.6277 10.1241
      vertex -8.21992 17.6277 30.1241
    endloop
  endfacet
  facet normal 0.402748 -0.915311 0
    outer loop
      vertex -8.21992 17.6277 30.1241
      vertex -8.21992 17.6277 10.1241
      vertex -7.44319 17.9695 30.1241
    endloop
  endfacet
  facet normal 0.402748 -0.915311 0
    outer loop
      vertex -8.21992 17.6277 10.1241
      vertex -7.44319 17.9695 10.1241
      vertex -7.44319 17.9695 30.1241
    endloop
  endfacet
  facet normal 0.362437 -0.932008 0
    outer loop
      vertex -7.44319 17.9695 30.1241
      vertex -7.44319 17.9695 10.1241
      vertex -6.65229 18.277 30.1241
    endloop
  endfacet
  facet normal 0.362437 -0.932008 0
    outer loop
      vertex -7.44319 17.9695 10.1241
      vertex -6.65229 18.277 0
      vertex -6.65229 18.277 30.1241
    endloop
  endfacet
  facet normal 0.321439 -0.94693 0
    outer loop
      vertex -6.65229 18.277 30.1241
      vertex -6.65229 18.277 0
      vertex -5.84873 18.5498 30.1241
    endloop
  endfacet
  facet normal 0.321439 -0.94693 0
    outer loop
      vertex -6.65229 18.277 0
      vertex -5.84873 18.5498 0
      vertex -5.84873 18.5498 30.1241
    endloop
  endfacet
  facet normal 0.27983 -0.96005 0
    outer loop
      vertex -5.84873 18.5498 30.1241
      vertex -5.84873 18.5498 0
      vertex -5.03403 18.7873 30.1241
    endloop
  endfacet
  facet normal 0.27983 -0.96005 0
    outer loop
      vertex -5.84873 18.5498 0
      vertex -5.03403 18.7873 0
      vertex -5.03403 18.7873 30.1241
    endloop
  endfacet
  facet normal 0.237686 -0.971342 0
    outer loop
      vertex -5.03403 18.7873 30.1241
      vertex -5.03403 18.7873 0
      vertex -4.20975 18.989 30.1241
    endloop
  endfacet
  facet normal 0.237686 -0.971342 0
    outer loop
      vertex -5.03403 18.7873 0
      vertex -4.20975 18.989 0
      vertex -4.20975 18.989 30.1241
    endloop
  endfacet
  facet normal 0.195091 -0.980785 0
    outer loop
      vertex -4.20975 18.989 30.1241
      vertex -4.20975 18.989 0
      vertex -3.37746 19.1545 30.1241
    endloop
  endfacet
  facet normal 0.195091 -0.980785 0
    outer loop
      vertex -4.20975 18.989 0
      vertex -3.37746 19.1545 0
      vertex -3.37746 19.1545 30.1241
    endloop
  endfacet
  facet normal 0.152122 -0.988362 0
    outer loop
      vertex -3.37746 19.1545 30.1241
      vertex -3.37746 19.1545 0
      vertex -2.53873 19.2836 30.1241
    endloop
  endfacet
  facet normal 0.152122 -0.988362 0
    outer loop
      vertex -3.37746 19.1545 0
      vertex -2.53873 19.2836 0
      vertex -2.53873 19.2836 30.1241
    endloop
  endfacet
  facet normal 0.108868 -0.994056 0
    outer loop
      vertex -2.53873 19.2836 30.1241
      vertex -2.53873 19.2836 0
      vertex -1.69518 19.376 30.1241
    endloop
  endfacet
  facet normal 0.108868 -0.994056 0
    outer loop
      vertex -2.53873 19.2836 0
      vertex -1.69518 19.376 0
      vertex -1.69518 19.376 30.1241
    endloop
  endfacet
  facet normal 0.0654034 -0.997859 0
    outer loop
      vertex -1.69518 19.376 30.1241
      vertex -1.69518 19.376 0
      vertex -0.848397 19.4315 30.1241
    endloop
  endfacet
  facet normal 0.0654034 -0.997859 0
    outer loop
      vertex -1.69518 19.376 0
      vertex -0.848397 19.4315 0
      vertex -0.848397 19.4315 30.1241
    endloop
  endfacet
  facet normal 0.0218136 -0.999762 0
    outer loop
      vertex -0.848397 19.4315 30.1241
      vertex -0.848397 19.4315 0
      vertex 2.65646e-14 19.45 30.1241
    endloop
  endfacet
  facet normal 0.0218136 -0.999762 0
    outer loop
      vertex -0.848397 19.4315 0
      vertex 2.65646e-14 19.45 0
      vertex 2.65646e-14 19.45 30.1241
    endloop
  endfacet
  facet normal -0.0218136 -0.999762 0
    outer loop
      vertex 2.65646e-14 19.45 30.1241
      vertex 2.65646e-14 19.45 0
      vertex 0.848397 19.4315 30.1241
    endloop
  endfacet
  facet normal -0.0218136 -0.999762 0
    outer loop
      vertex 2.65646e-14 19.45 0
      vertex 0.848397 19.4315 0
      vertex 0.848397 19.4315 30.1241
    endloop
  endfacet
  facet normal -0.0654034 -0.997859 0
    outer loop
      vertex 0.848397 19.4315 30.1241
      vertex 0.848397 19.4315 0
      vertex 1.69518 19.376 30.1241
    endloop
  endfacet
  facet normal -0.0654034 -0.997859 0
    outer loop
      vertex 0.848397 19.4315 0
      vertex 1.69518 19.376 0
      vertex 1.69518 19.376 30.1241
    endloop
  endfacet
  facet normal -0.108868 -0.994056 0
    outer loop
      vertex 1.69518 19.376 30.1241
      vertex 1.69518 19.376 0
      vertex 2.53873 19.2836 30.1241
    endloop
  endfacet
  facet normal -0.108868 -0.994056 0
    outer loop
      vertex 1.69518 19.376 0
      vertex 2.53873 19.2836 0
      vertex 2.53873 19.2836 30.1241
    endloop
  endfacet
  facet normal -0.152122 -0.988362 0
    outer loop
      vertex 2.53873 19.2836 30.1241
      vertex 2.53873 19.2836 0
      vertex 3.37746 19.1545 30.1241
    endloop
  endfacet
  facet normal -0.152122 -0.988362 0
    outer loop
      vertex 2.53873 19.2836 0
      vertex 3.37746 19.1545 0
      vertex 3.37746 19.1545 30.1241
    endloop
  endfacet
  facet normal -0.195091 -0.980785 0
    outer loop
      vertex 3.37746 19.1545 30.1241
      vertex 3.37746 19.1545 0
      vertex 4.20975 18.989 30.1241
    endloop
  endfacet
  facet normal -0.195091 -0.980785 0
    outer loop
      vertex 3.37746 19.1545 0
      vertex 4.20975 18.989 0
      vertex 4.20975 18.989 30.1241
    endloop
  endfacet
  facet normal -0.237686 -0.971342 0
    outer loop
      vertex 4.20975 18.989 30.1241
      vertex 4.20975 18.989 0
      vertex 5.03403 18.7873 30.1241
    endloop
  endfacet
  facet normal -0.237686 -0.971342 0
    outer loop
      vertex 4.20975 18.989 0
      vertex 5.03403 18.7873 0
      vertex 5.03403 18.7873 30.1241
    endloop
  endfacet
  facet normal -0.27983 -0.96005 0
    outer loop
      vertex 5.03403 18.7873 30.1241
      vertex 5.03403 18.7873 0
      vertex 5.84873 18.5498 30.1241
    endloop
  endfacet
  facet normal -0.27983 -0.96005 0
    outer loop
      vertex 5.03403 18.7873 0
      vertex 5.84873 18.5498 0
      vertex 5.84873 18.5498 30.1241
    endloop
  endfacet
  facet normal -0.321439 -0.94693 0
    outer loop
      vertex 5.84873 18.5498 30.1241
      vertex 5.84873 18.5498 0
      vertex 6.65229 18.277 30.1241
    endloop
  endfacet
  facet normal -0.321439 -0.94693 0
    outer loop
      vertex 5.84873 18.5498 0
      vertex 6.65229 18.277 0
      vertex 6.65229 18.277 30.1241
    endloop
  endfacet
  facet normal -0.362437 -0.932008 0
    outer loop
      vertex 6.65229 18.277 30.1241
      vertex 6.65229 18.277 0
      vertex 7.44319 17.9695 1
    endloop
  endfacet
  facet normal -0.362437 -0.932008 0
    outer loop
      vertex 6.65229 18.277 0
      vertex 7.44319 17.9695 0
      vertex 7.44319 17.9695 1
    endloop
  endfacet
  facet normal -0.402748 -0.915311 0
    outer loop
      vertex 7.44319 17.9695 1
      vertex 7.44319 17.9695 0
      vertex 8.21992 17.6277 1
    endloop
  endfacet
  facet normal -0.402748 -0.915311 0
    outer loop
      vertex 7.44319 17.9695 0
      vertex 8.21992 17.6277 0
      vertex 8.21992 17.6277 1
    endloop
  endfacet
  facet normal -0.442287 -0.896873 0
    outer loop
      vertex 8.21992 17.6277 1
      vertex 8.21992 17.6277 0
      vertex 8.98101 17.2524 1
    endloop
  endfacet
  facet normal -0.442287 -0.896873 0
    outer loop
      vertex 8.21992 17.6277 0
      vertex 8.98101 17.2524 0
      vertex 8.98101 17.2524 1
    endloop
  endfacet
  facet normal -0.480989 -0.876726 0
    outer loop
      vertex 8.98101 17.2524 1
      vertex 8.98101 17.2524 0
      vertex 9.725 16.8442 1
    endloop
  endfacet
  facet normal -0.480989 -0.876726 0
    outer loop
      vertex 8.98101 17.2524 0
      vertex 9.725 16.8442 0
      vertex 9.725 16.8442 1
    endloop
  endfacet
  facet normal -0.518773 -0.854912 0
    outer loop
      vertex 9.725 16.8442 1
      vertex 9.725 16.8442 0
      vertex 10.4505 16.404 1
    endloop
  endfacet
  facet normal -0.518773 -0.854912 0
    outer loop
      vertex 9.725 16.8442 0
      vertex 10.4505 16.404 0
      vertex 10.4505 16.404 1
    endloop
  endfacet
  facet normal -0.55557 -0.83147 0
    outer loop
      vertex 10.4505 16.404 1
      vertex 10.4505 16.404 0
      vertex 11.1561 15.9325 1
    endloop
  endfacet
  facet normal -0.55557 -0.83147 0
    outer loop
      vertex 10.4505 16.404 0
      vertex 11.1561 15.9325 0
      vertex 11.1561 15.9325 1
    endloop
  endfacet
  facet normal -0.59131 -0.806444 0
    outer loop
      vertex 11.1561 15.9325 1
      vertex 11.1561 15.9325 0
      vertex 11.8404 15.4307 1
    endloop
  endfacet
  facet normal -0.59131 -0.806444 0
    outer loop
      vertex 11.1561 15.9325 0
      vertex 11.8404 15.4307 0
      vertex 11.8404 15.4307 1
    endloop
  endfacet
  facet normal -0.625924 -0.779884 0
    outer loop
      vertex 11.8404 15.4307 1
      vertex 11.8404 15.4307 0
      vertex 12.5022 14.8996 1
    endloop
  endfacet
  facet normal -0.625924 -0.779884 0
    outer loop
      vertex 11.8404 15.4307 0
      vertex 12.5022 14.8996 0
      vertex 12.5022 14.8996 1
    endloop
  endfacet
  facet normal -0.659345 -0.75184 0
    outer loop
      vertex 12.5022 14.8996 1
      vertex 12.5022 14.8996 0
      vertex 13.1402 14.34 1
    endloop
  endfacet
  facet normal -0.659345 -0.75184 0
    outer loop
      vertex 12.5022 14.8996 0
      vertex 13.1402 14.34 0
      vertex 13.1402 14.34 1
    endloop
  endfacet
  facet normal -0.691513 -0.722364 0
    outer loop
      vertex 13.1402 14.34 1
      vertex 13.1402 14.34 0
      vertex 13.7532 13.7532 1
    endloop
  endfacet
  facet normal -0.691513 -0.722364 0
    outer loop
      vertex 13.1402 14.34 0
      vertex 13.7532 13.7532 0
      vertex 13.7532 13.7532 1
    endloop
  endfacet
  facet normal -0.722364 -0.691513 0
    outer loop
      vertex 13.7532 13.7532 1
      vertex 13.7532 13.7532 0
      vertex 14.34 13.1402 1
    endloop
  endfacet
  facet normal -0.722364 -0.691513 0
    outer loop
      vertex 13.7532 13.7532 0
      vertex 14.34 13.1402 0
      vertex 14.34 13.1402 1
    endloop
  endfacet
  facet normal -0.75184 -0.659345 0
    outer loop
      vertex 14.34 13.1402 1
      vertex 14.34 13.1402 0
      vertex 14.8996 12.5022 1
    endloop
  endfacet
  facet normal -0.75184 -0.659345 0
    outer loop
      vertex 14.34 13.1402 0
      vertex 14.8996 12.5022 0
      vertex 14.8996 12.5022 1
    endloop
  endfacet
  facet normal -0.779884 -0.625924 0
    outer loop
      vertex 14.8996 12.5022 1
      vertex 14.8996 12.5022 0
      vertex 15.4307 11.8404 1
    endloop
  endfacet
  facet normal -0.779884 -0.625924 0
    outer loop
      vertex 14.8996 12.5022 0
      vertex 15.4307 11.8404 0
      vertex 15.4307 11.8404 1
    endloop
  endfacet
  facet normal -0.806444 -0.59131 0
    outer loop
      vertex 15.4307 11.8404 1
      vertex 15.4307 11.8404 0
      vertex 15.9325 11.1561 1
    endloop
  endfacet
  facet normal -0.806444 -0.59131 0
    outer loop
      vertex 15.4307 11.8404 0
      vertex 15.9325 11.1561 0
      vertex 15.9325 11.1561 1
    endloop
  endfacet
  facet normal -0.83147 -0.55557 0
    outer loop
      vertex 15.9325 11.1561 1
      vertex 15.9325 11.1561 0
      vertex 16.404 10.4505 1
    endloop
  endfacet
  facet normal -0.83147 -0.55557 0
    outer loop
      vertex 15.9325 11.1561 0
      vertex 16.404 10.4505 0
      vertex 16.404 10.4505 1
    endloop
  endfacet
  facet normal -0.854912 -0.518773 0
    outer loop
      vertex 16.404 10.4505 1
      vertex 16.404 10.4505 0
      vertex 16.8442 9.725 1
    endloop
  endfacet
  facet normal -0.854912 -0.518773 0
    outer loop
      vertex 16.404 10.4505 0
      vertex 16.8442 9.725 0
      vertex 16.8442 9.725 1
    endloop
  endfacet
  facet normal -0.876726 -0.480989 0
    outer loop
      vertex 16.8442 9.725 1
      vertex 16.8442 9.725 0
      vertex 17.2524 8.98101 1
    endloop
  endfacet
  facet normal -0.876726 -0.480989 0
    outer loop
      vertex 16.8442 9.725 0
      vertex 17.2524 8.98101 0
      vertex 17.2524 8.98101 1
    endloop
  endfacet
  facet normal -0.896873 -0.442287 0
    outer loop
      vertex 17.2524 8.98101 1
      vertex 17.2524 8.98101 0
      vertex 17.6277 8.21992 1
    endloop
  endfacet
  facet normal -0.896873 -0.442287 0
    outer loop
      vertex 17.2524 8.98101 0
      vertex 17.6277 8.21992 0
      vertex 17.6277 8.21992 1
    endloop
  endfacet
  facet normal -0.915311 -0.402748 0
    outer loop
      vertex 17.6277 8.21992 1
      vertex 17.6277 8.21992 0
      vertex 17.9695 7.44319 1
    endloop
  endfacet
  facet normal -0.915311 -0.402748 0
    outer loop
      vertex 17.6277 8.21992 0
      vertex 17.9695 7.44319 0
      vertex 17.9695 7.44319 1
    endloop
  endfacet
  facet normal -0.932008 -0.362437 0
    outer loop
      vertex 17.9695 7.44319 0
      vertex 18.277 6.65229 0
      vertex 17.9695 7.44319 1
    endloop
  endfacet
  facet normal -0.932008 -0.362437 0
    outer loop
      vertex 17.9695 7.44319 1
      vertex 18.277 6.65229 0
      vertex 17.9695 7.44319 10.1241
    endloop
  endfacet
  facet normal -0.528781 -0.848759 0
    outer loop
      vertex 10.118 16.6111 30.1241
      vertex 10.118 16.6111 10.1241
      vertex 10.4505 16.404 30.1241
    endloop
  endfacet
  facet normal -0.528781 -0.848759 0
    outer loop
      vertex 10.118 16.6111 10.1241
      vertex 10.4505 16.404 10.1241
      vertex 10.4505 16.404 30.1241
    endloop
  endfacet
  facet normal -0.55557 -0.83147 0
    outer loop
      vertex 10.4505 16.404 30.1241
      vertex 10.4505 16.404 10.1241
      vertex 11.1561 15.9325 30.1241
    endloop
  endfacet
  facet normal -0.55557 -0.83147 0
    outer loop
      vertex 10.4505 16.404 10.1241
      vertex 11.1561 15.9325 10.1241
      vertex 11.1561 15.9325 30.1241
    endloop
  endfacet
  facet normal -0.59131 -0.806444 0
    outer loop
      vertex 11.1561 15.9325 30.1241
      vertex 11.1561 15.9325 10.1241
      vertex 11.8404 15.4307 30.1241
    endloop
  endfacet
  facet normal -0.59131 -0.806444 0
    outer loop
      vertex 11.1561 15.9325 10.1241
      vertex 11.8404 15.4307 10.1241
      vertex 11.8404 15.4307 30.1241
    endloop
  endfacet
  facet normal -0.625924 -0.779884 0
    outer loop
      vertex 11.8404 15.4307 30.1241
      vertex 11.8404 15.4307 10.1241
      vertex 12.5022 14.8996 30.1241
    endloop
  endfacet
  facet normal -0.625924 -0.779884 0
    outer loop
      vertex 11.8404 15.4307 10.1241
      vertex 12.5022 14.8996 10.1241
      vertex 12.5022 14.8996 30.1241
    endloop
  endfacet
  facet normal -0.659345 -0.75184 0
    outer loop
      vertex 12.5022 14.8996 30.1241
      vertex 12.5022 14.8996 10.1241
      vertex 13.1402 14.34 30.1241
    endloop
  endfacet
  facet normal -0.659345 -0.75184 0
    outer loop
      vertex 12.5022 14.8996 10.1241
      vertex 13.1402 14.34 10.1241
      vertex 13.1402 14.34 30.1241
    endloop
  endfacet
  facet normal -0.691513 -0.722364 0
    outer loop
      vertex 13.1402 14.34 30.1241
      vertex 13.1402 14.34 10.1241
      vertex 13.7532 13.7532 30.1241
    endloop
  endfacet
  facet normal -0.691513 -0.722364 0
    outer loop
      vertex 13.1402 14.34 10.1241
      vertex 13.7532 13.7532 10.1241
      vertex 13.7532 13.7532 30.1241
    endloop
  endfacet
  facet normal -0.722364 -0.691513 0
    outer loop
      vertex 13.7532 13.7532 30.1241
      vertex 13.7532 13.7532 10.1241
      vertex 14.34 13.1402 30.1241
    endloop
  endfacet
  facet normal -0.722364 -0.691513 0
    outer loop
      vertex 13.7532 13.7532 10.1241
      vertex 14.34 13.1402 10.1241
      vertex 14.34 13.1402 30.1241
    endloop
  endfacet
  facet normal -0.75184 -0.659345 0
    outer loop
      vertex 14.34 13.1402 30.1241
      vertex 14.34 13.1402 10.1241
      vertex 14.8996 12.5022 30.1241
    endloop
  endfacet
  facet normal -0.75184 -0.659345 0
    outer loop
      vertex 14.34 13.1402 10.1241
      vertex 14.8996 12.5022 10.1241
      vertex 14.8996 12.5022 30.1241
    endloop
  endfacet
  facet normal -0.779884 -0.625924 0
    outer loop
      vertex 14.8996 12.5022 30.1241
      vertex 14.8996 12.5022 10.1241
      vertex 15.4307 11.8404 30.1241
    endloop
  endfacet
  facet normal -0.779884 -0.625924 0
    outer loop
      vertex 14.8996 12.5022 10.1241
      vertex 15.4307 11.8404 10.1241
      vertex 15.4307 11.8404 30.1241
    endloop
  endfacet
  facet normal -0.806444 -0.59131 0
    outer loop
      vertex 15.4307 11.8404 30.1241
      vertex 15.4307 11.8404 10.1241
      vertex 15.9325 11.1561 30.1241
    endloop
  endfacet
  facet normal -0.806444 -0.59131 0
    outer loop
      vertex 15.4307 11.8404 10.1241
      vertex 15.9325 11.1561 10.1241
      vertex 15.9325 11.1561 30.1241
    endloop
  endfacet
  facet normal -0.83147 -0.55557 0
    outer loop
      vertex 15.9325 11.1561 30.1241
      vertex 15.9325 11.1561 10.1241
      vertex 16.404 10.4505 30.1241
    endloop
  endfacet
  facet normal -0.83147 -0.55557 0
    outer loop
      vertex 15.9325 11.1561 10.1241
      vertex 16.404 10.4505 10.1241
      vertex 16.404 10.4505 30.1241
    endloop
  endfacet
  facet normal -0.854912 -0.518773 0
    outer loop
      vertex 16.404 10.4505 30.1241
      vertex 16.404 10.4505 10.1241
      vertex 16.8442 9.725 30.1241
    endloop
  endfacet
  facet normal -0.854912 -0.518773 0
    outer loop
      vertex 16.404 10.4505 10.1241
      vertex 16.8442 9.725 10.1241
      vertex 16.8442 9.725 30.1241
    endloop
  endfacet
  facet normal -0.876726 -0.480989 0
    outer loop
      vertex 16.8442 9.725 30.1241
      vertex 16.8442 9.725 10.1241
      vertex 17.2524 8.98101 30.1241
    endloop
  endfacet
  facet normal -0.876726 -0.480989 0
    outer loop
      vertex 16.8442 9.725 10.1241
      vertex 17.2524 8.98101 10.1241
      vertex 17.2524 8.98101 30.1241
    endloop
  endfacet
  facet normal -0.896873 -0.442287 0
    outer loop
      vertex 17.2524 8.98101 30.1241
      vertex 17.2524 8.98101 10.1241
      vertex 17.6277 8.21992 30.1241
    endloop
  endfacet
  facet normal -0.896873 -0.442287 0
    outer loop
      vertex 17.2524 8.98101 10.1241
      vertex 17.6277 8.21992 10.1241
      vertex 17.6277 8.21992 30.1241
    endloop
  endfacet
  facet normal -0.915311 -0.402748 0
    outer loop
      vertex 17.6277 8.21992 30.1241
      vertex 17.6277 8.21992 10.1241
      vertex 17.9695 7.44319 30.1241
    endloop
  endfacet
  facet normal -0.915311 -0.402748 0
    outer loop
      vertex 17.6277 8.21992 10.1241
      vertex 17.9695 7.44319 10.1241
      vertex 17.9695 7.44319 30.1241
    endloop
  endfacet
  facet normal -0.932008 -0.362437 0
    outer loop
      vertex 17.9695 7.44319 30.1241
      vertex 17.9695 7.44319 10.1241
      vertex 18.277 6.65229 30.1241
    endloop
  endfacet
  facet normal -0.932008 -0.362437 0
    outer loop
      vertex 17.9695 7.44319 10.1241
      vertex 18.277 6.65229 0
      vertex 18.277 6.65229 30.1241
    endloop
  endfacet
  facet normal -0.94693 -0.321439 0
    outer loop
      vertex 18.277 6.65229 30.1241
      vertex 18.277 6.65229 0
      vertex 18.5498 5.84873 30.1241
    endloop
  endfacet
  facet normal -0.94693 -0.321439 0
    outer loop
      vertex 18.277 6.65229 0
      vertex 18.5498 5.84873 0
      vertex 18.5498 5.84873 30.1241
    endloop
  endfacet
  facet normal -0.96005 -0.27983 0
    outer loop
      vertex 18.5498 5.84873 30.1241
      vertex 18.5498 5.84873 0
      vertex 18.7873 5.03403 30.1241
    endloop
  endfacet
  facet normal -0.96005 -0.27983 0
    outer loop
      vertex 18.5498 5.84873 0
      vertex 18.7873 5.03403 0
      vertex 18.7873 5.03403 30.1241
    endloop
  endfacet
  facet normal -0.971342 -0.237686 0
    outer loop
      vertex 18.7873 5.03403 30.1241
      vertex 18.7873 5.03403 0
      vertex 18.989 4.20975 30.1241
    endloop
  endfacet
  facet normal -0.971342 -0.237686 0
    outer loop
      vertex 18.7873 5.03403 0
      vertex 18.989 4.20975 0
      vertex 18.989 4.20975 30.1241
    endloop
  endfacet
  facet normal -0.980785 -0.195091 0
    outer loop
      vertex 18.989 4.20975 30.1241
      vertex 18.989 4.20975 0
      vertex 19.1545 3.37746 30.1241
    endloop
  endfacet
  facet normal -0.980785 -0.195091 0
    outer loop
      vertex 18.989 4.20975 0
      vertex 19.1545 3.37746 0
      vertex 19.1545 3.37746 30.1241
    endloop
  endfacet
  facet normal -0.988362 -0.152122 0
    outer loop
      vertex 19.1545 3.37746 30.1241
      vertex 19.1545 3.37746 0
      vertex 19.2836 2.53873 30.1241
    endloop
  endfacet
  facet normal -0.988362 -0.152122 0
    outer loop
      vertex 19.1545 3.37746 0
      vertex 19.2836 2.53873 0
      vertex 19.2836 2.53873 30.1241
    endloop
  endfacet
  facet normal -0.994056 -0.108868 0
    outer loop
      vertex 19.2836 2.53873 30.1241
      vertex 19.2836 2.53873 0
      vertex 19.376 1.69518 30.1241
    endloop
  endfacet
  facet normal -0.994056 -0.108868 0
    outer loop
      vertex 19.2836 2.53873 0
      vertex 19.376 1.69518 0
      vertex 19.376 1.69518 30.1241
    endloop
  endfacet
  facet normal -0.997859 -0.0654034 0
    outer loop
      vertex 19.376 1.69518 30.1241
      vertex 19.376 1.69518 0
      vertex 19.4315 0.848397 30.1241
    endloop
  endfacet
  facet normal -0.997859 -0.0654034 0
    outer loop
      vertex 19.376 1.69518 0
      vertex 19.4315 0.848397 0
      vertex 19.4315 0.848397 30.1241
    endloop
  endfacet
  facet normal -0.999762 -0.0218136 0
    outer loop
      vertex 19.4315 0.848397 30.1241
      vertex 19.4315 0.848397 0
      vertex 19.45 1.0809e-15 30.1241
    endloop
  endfacet
  facet normal -0.999762 -0.0218136 0
    outer loop
      vertex 19.4315 0.848397 0
      vertex 19.45 1.0809e-15 0
      vertex 19.45 1.0809e-15 30.1241
    endloop
  endfacet
  facet normal -0.999762 0.0218136 0
    outer loop
      vertex 19.45 1.0809e-15 30.1241
      vertex 19.45 1.0809e-15 0
      vertex 19.4315 -0.848397 30.1241
    endloop
  endfacet
  facet normal -0.999762 0.0218136 0
    outer loop
      vertex 19.45 1.0809e-15 0
      vertex 19.4315 -0.848397 0
      vertex 19.4315 -0.848397 30.1241
    endloop
  endfacet
  facet normal -0.997859 0.0654034 0
    outer loop
      vertex 19.4315 -0.848397 30.1241
      vertex 19.4315 -0.848397 0
      vertex 19.376 -1.69518 30.1241
    endloop
  endfacet
  facet normal -0.997859 0.0654034 0
    outer loop
      vertex 19.4315 -0.848397 0
      vertex 19.376 -1.69518 0
      vertex 19.376 -1.69518 30.1241
    endloop
  endfacet
  facet normal -0.994056 0.108868 0
    outer loop
      vertex 19.376 -1.69518 30.1241
      vertex 19.376 -1.69518 0
      vertex 19.2836 -2.53873 30.1241
    endloop
  endfacet
  facet normal -0.994056 0.108868 0
    outer loop
      vertex 19.376 -1.69518 0
      vertex 19.2836 -2.53873 0
      vertex 19.2836 -2.53873 30.1241
    endloop
  endfacet
  facet normal -0.988362 0.152122 0
    outer loop
      vertex 19.2836 -2.53873 30.1241
      vertex 19.2836 -2.53873 0
      vertex 19.1545 -3.37746 30.1241
    endloop
  endfacet
  facet normal -0.988362 0.152122 0
    outer loop
      vertex 19.2836 -2.53873 0
      vertex 19.1545 -3.37746 0
      vertex 19.1545 -3.37746 30.1241
    endloop
  endfacet
  facet normal -0.980785 0.195091 0
    outer loop
      vertex 19.1545 -3.37746 30.1241
      vertex 19.1545 -3.37746 0
      vertex 18.989 -4.20975 30.1241
    endloop
  endfacet
  facet normal -0.980785 0.195091 0
    outer loop
      vertex 19.1545 -3.37746 0
      vertex 18.989 -4.20975 0
      vertex 18.989 -4.20975 30.1241
    endloop
  endfacet
  facet normal -0.971342 0.237686 0
    outer loop
      vertex 18.989 -4.20975 30.1241
      vertex 18.989 -4.20975 0
      vertex 18.7873 -5.03403 30.1241
    endloop
  endfacet
  facet normal -0.971342 0.237686 0
    outer loop
      vertex 18.989 -4.20975 0
      vertex 18.7873 -5.03403 0
      vertex 18.7873 -5.03403 30.1241
    endloop
  endfacet
  facet normal -0.96005 0.27983 0
    outer loop
      vertex 18.7873 -5.03403 30.1241
      vertex 18.7873 -5.03403 0
      vertex 18.5498 -5.84873 30.1241
    endloop
  endfacet
  facet normal -0.96005 0.27983 0
    outer loop
      vertex 18.7873 -5.03403 0
      vertex 18.5498 -5.84873 0
      vertex 18.5498 -5.84873 30.1241
    endloop
  endfacet
  facet normal -0.94693 0.321439 0
    outer loop
      vertex 18.5498 -5.84873 30.1241
      vertex 18.5498 -5.84873 0
      vertex 18.277 -6.65229 30.1241
    endloop
  endfacet
  facet normal -0.94693 0.321439 0
    outer loop
      vertex 18.5498 -5.84873 0
      vertex 18.277 -6.65229 0
      vertex 18.277 -6.65229 30.1241
    endloop
  endfacet
  facet normal -0.932008 0.362437 0
    outer loop
      vertex 18.277 -6.65229 30.1241
      vertex 18.277 -6.65229 0
      vertex 17.9695 -7.44319 1
    endloop
  endfacet
  facet normal -0.932008 0.362437 0
    outer loop
      vertex 18.277 -6.65229 0
      vertex 17.9695 -7.44319 0
      vertex 17.9695 -7.44319 1
    endloop
  endfacet
  facet normal -0.915311 0.402748 0
    outer loop
      vertex 17.9695 -7.44319 1
      vertex 17.9695 -7.44319 0
      vertex 17.6277 -8.21992 1
    endloop
  endfacet
  facet normal -0.915311 0.402748 0
    outer loop
      vertex 17.9695 -7.44319 0
      vertex 17.6277 -8.21992 0
      vertex 17.6277 -8.21992 1
    endloop
  endfacet
  facet normal -0.896873 0.442287 0
    outer loop
      vertex 17.6277 -8.21992 1
      vertex 17.6277 -8.21992 0
      vertex 17.2524 -8.98101 1
    endloop
  endfacet
  facet normal -0.896873 0.442287 0
    outer loop
      vertex 17.6277 -8.21992 0
      vertex 17.2524 -8.98101 0
      vertex 17.2524 -8.98101 1
    endloop
  endfacet
  facet normal -0.876726 0.480989 0
    outer loop
      vertex 17.2524 -8.98101 1
      vertex 17.2524 -8.98101 0
      vertex 16.8442 -9.725 1
    endloop
  endfacet
  facet normal -0.876726 0.480989 0
    outer loop
      vertex 17.2524 -8.98101 0
      vertex 16.8442 -9.725 0
      vertex 16.8442 -9.725 1
    endloop
  endfacet
  facet normal -0.854912 0.518773 0
    outer loop
      vertex 16.8442 -9.725 1
      vertex 16.8442 -9.725 0
      vertex 16.404 -10.4505 1
    endloop
  endfacet
  facet normal -0.854912 0.518773 0
    outer loop
      vertex 16.8442 -9.725 0
      vertex 16.404 -10.4505 0
      vertex 16.404 -10.4505 1
    endloop
  endfacet
  facet normal -0.83147 0.55557 0
    outer loop
      vertex 16.404 -10.4505 1
      vertex 16.404 -10.4505 0
      vertex 15.9325 -11.1561 1
    endloop
  endfacet
  facet normal -0.83147 0.55557 0
    outer loop
      vertex 16.404 -10.4505 0
      vertex 15.9325 -11.1561 0
      vertex 15.9325 -11.1561 1
    endloop
  endfacet
  facet normal -0.806444 0.59131 0
    outer loop
      vertex 15.9325 -11.1561 1
      vertex 15.9325 -11.1561 0
      vertex 15.4307 -11.8404 1
    endloop
  endfacet
  facet normal -0.806444 0.59131 0
    outer loop
      vertex 15.9325 -11.1561 0
      vertex 15.4307 -11.8404 0
      vertex 15.4307 -11.8404 1
    endloop
  endfacet
  facet normal -0.779884 0.625924 0
    outer loop
      vertex 15.4307 -11.8404 1
      vertex 15.4307 -11.8404 0
      vertex 14.8996 -12.5022 1
    endloop
  endfacet
  facet normal -0.779884 0.625924 0
    outer loop
      vertex 15.4307 -11.8404 0
      vertex 14.8996 -12.5022 0
      vertex 14.8996 -12.5022 1
    endloop
  endfacet
  facet normal -0.75184 0.659345 0
    outer loop
      vertex 14.8996 -12.5022 1
      vertex 14.8996 -12.5022 0
      vertex 14.34 -13.1402 1
    endloop
  endfacet
  facet normal -0.75184 0.659345 0
    outer loop
      vertex 14.8996 -12.5022 0
      vertex 14.34 -13.1402 0
      vertex 14.34 -13.1402 1
    endloop
  endfacet
  facet normal -0.722364 0.691513 0
    outer loop
      vertex 14.34 -13.1402 1
      vertex 14.34 -13.1402 0
      vertex 13.7532 -13.7532 1
    endloop
  endfacet
  facet normal -0.722364 0.691513 0
    outer loop
      vertex 14.34 -13.1402 0
      vertex 13.7532 -13.7532 0
      vertex 13.7532 -13.7532 1
    endloop
  endfacet
  facet normal -0.691513 0.722364 0
    outer loop
      vertex 13.7532 -13.7532 1
      vertex 13.7532 -13.7532 0
      vertex 13.1402 -14.34 1
    endloop
  endfacet
  facet normal -0.691513 0.722364 0
    outer loop
      vertex 13.7532 -13.7532 0
      vertex 13.1402 -14.34 0
      vertex 13.1402 -14.34 1
    endloop
  endfacet
  facet normal -0.659345 0.75184 0
    outer loop
      vertex 13.1402 -14.34 1
      vertex 13.1402 -14.34 0
      vertex 12.5022 -14.8996 1
    endloop
  endfacet
  facet normal -0.659345 0.75184 0
    outer loop
      vertex 13.1402 -14.34 0
      vertex 12.5022 -14.8996 0
      vertex 12.5022 -14.8996 1
    endloop
  endfacet
  facet normal -0.625924 0.779884 0
    outer loop
      vertex 12.5022 -14.8996 1
      vertex 12.5022 -14.8996 0
      vertex 11.8404 -15.4307 1
    endloop
  endfacet
  facet normal -0.625924 0.779884 0
    outer loop
      vertex 12.5022 -14.8996 0
      vertex 11.8404 -15.4307 0
      vertex 11.8404 -15.4307 1
    endloop
  endfacet
  facet normal -0.59131 0.806444 0
    outer loop
      vertex 11.8404 -15.4307 1
      vertex 11.8404 -15.4307 0
      vertex 11.1561 -15.9325 1
    endloop
  endfacet
  facet normal -0.59131 0.806444 0
    outer loop
      vertex 11.8404 -15.4307 0
      vertex 11.1561 -15.9325 0
      vertex 11.1561 -15.9325 1
    endloop
  endfacet
  facet normal -0.55557 0.83147 0
    outer loop
      vertex 11.1561 -15.9325 1
      vertex 11.1561 -15.9325 0
      vertex 10.4505 -16.404 1
    endloop
  endfacet
  facet normal -0.55557 0.83147 0
    outer loop
      vertex 11.1561 -15.9325 0
      vertex 10.4505 -16.404 0
      vertex 10.4505 -16.404 1
    endloop
  endfacet
  facet normal -0.518773 0.854912 0
    outer loop
      vertex 10.4505 -16.404 1
      vertex 10.4505 -16.404 0
      vertex 9.725 -16.8442 1
    endloop
  endfacet
  facet normal -0.518773 0.854912 0
    outer loop
      vertex 10.4505 -16.404 0
      vertex 9.725 -16.8442 0
      vertex 9.725 -16.8442 1
    endloop
  endfacet
  facet normal -0.480989 0.876726 0
    outer loop
      vertex 9.725 -16.8442 1
      vertex 9.725 -16.8442 0
      vertex 8.98101 -17.2524 1
    endloop
  endfacet
  facet normal -0.480989 0.876726 0
    outer loop
      vertex 9.725 -16.8442 0
      vertex 8.98101 -17.2524 0
      vertex 8.98101 -17.2524 1
    endloop
  endfacet
  facet normal -0.442287 0.896873 0
    outer loop
      vertex 8.98101 -17.2524 1
      vertex 8.98101 -17.2524 0
      vertex 8.21992 -17.6277 1
    endloop
  endfacet
  facet normal -0.442287 0.896873 0
    outer loop
      vertex 8.98101 -17.2524 0
      vertex 8.21992 -17.6277 0
      vertex 8.21992 -17.6277 1
    endloop
  endfacet
  facet normal -0.402748 0.915311 0
    outer loop
      vertex 8.21992 -17.6277 1
      vertex 8.21992 -17.6277 0
      vertex 7.44319 -17.9695 1
    endloop
  endfacet
  facet normal -0.402748 0.915311 0
    outer loop
      vertex 8.21992 -17.6277 0
      vertex 7.44319 -17.9695 0
      vertex 7.44319 -17.9695 1
    endloop
  endfacet
  facet normal -0.362437 0.932008 0
    outer loop
      vertex 7.44319 -17.9695 0
      vertex 6.65229 -18.277 0
      vertex 7.44319 -17.9695 1
    endloop
  endfacet
  facet normal -0.362437 0.932008 0
    outer loop
      vertex 7.44319 -17.9695 1
      vertex 6.65229 -18.277 0
      vertex 7.44319 -17.9695 10.1241
    endloop
  endfacet
  facet normal -0.848759 0.528781 0
    outer loop
      vertex 16.6111 -10.118 30.1241
      vertex 16.6111 -10.118 10.1241
      vertex 16.404 -10.4505 30.1241
    endloop
  endfacet
  facet normal -0.848759 0.528781 0
    outer loop
      vertex 16.6111 -10.118 10.1241
      vertex 16.404 -10.4505 10.1241
      vertex 16.404 -10.4505 30.1241
    endloop
  endfacet
  facet normal -0.83147 0.55557 0
    outer loop
      vertex 16.404 -10.4505 30.1241
      vertex 16.404 -10.4505 10.1241
      vertex 15.9325 -11.1561 30.1241
    endloop
  endfacet
  facet normal -0.83147 0.55557 0
    outer loop
      vertex 16.404 -10.4505 10.1241
      vertex 15.9325 -11.1561 10.1241
      vertex 15.9325 -11.1561 30.1241
    endloop
  endfacet
  facet normal -0.806444 0.59131 0
    outer loop
      vertex 15.9325 -11.1561 30.1241
      vertex 15.9325 -11.1561 10.1241
      vertex 15.4307 -11.8404 30.1241
    endloop
  endfacet
  facet normal -0.806444 0.59131 0
    outer loop
      vertex 15.9325 -11.1561 10.1241
      vertex 15.4307 -11.8404 10.1241
      vertex 15.4307 -11.8404 30.1241
    endloop
  endfacet
  facet normal -0.779884 0.625924 0
    outer loop
      vertex 15.4307 -11.8404 30.1241
      vertex 15.4307 -11.8404 10.1241
      vertex 14.8996 -12.5022 30.1241
    endloop
  endfacet
  facet normal -0.779884 0.625924 0
    outer loop
      vertex 15.4307 -11.8404 10.1241
      vertex 14.8996 -12.5022 10.1241
      vertex 14.8996 -12.5022 30.1241
    endloop
  endfacet
  facet normal -0.75184 0.659345 0
    outer loop
      vertex 14.8996 -12.5022 30.1241
      vertex 14.8996 -12.5022 10.1241
      vertex 14.34 -13.1402 30.1241
    endloop
  endfacet
  facet normal -0.75184 0.659345 0
    outer loop
      vertex 14.8996 -12.5022 10.1241
      vertex 14.34 -13.1402 10.1241
      vertex 14.34 -13.1402 30.1241
    endloop
  endfacet
  facet normal -0.722364 0.691513 0
    outer loop
      vertex 14.34 -13.1402 30.1241
      vertex 14.34 -13.1402 10.1241
      vertex 13.7532 -13.7532 30.1241
    endloop
  endfacet
  facet normal -0.722364 0.691513 0
    outer loop
      vertex 14.34 -13.1402 10.1241
      vertex 13.7532 -13.7532 10.1241
      vertex 13.7532 -13.7532 30.1241
    endloop
  endfacet
  facet normal -0.691513 0.722364 0
    outer loop
      vertex 13.7532 -13.7532 30.1241
      vertex 13.7532 -13.7532 10.1241
      vertex 13.1402 -14.34 30.1241
    endloop
  endfacet
  facet normal -0.691513 0.722364 0
    outer loop
      vertex 13.7532 -13.7532 10.1241
      vertex 13.1402 -14.34 10.1241
      vertex 13.1402 -14.34 30.1241
    endloop
  endfacet
  facet normal -0.659345 0.75184 0
    outer loop
      vertex 13.1402 -14.34 30.1241
      vertex 13.1402 -14.34 10.1241
      vertex 12.5022 -14.8996 30.1241
    endloop
  endfacet
  facet normal -0.659345 0.75184 0
    outer loop
      vertex 13.1402 -14.34 10.1241
      vertex 12.5022 -14.8996 10.1241
      vertex 12.5022 -14.8996 30.1241
    endloop
  endfacet
  facet normal -0.625924 0.779884 0
    outer loop
      vertex 12.5022 -14.8996 30.1241
      vertex 12.5022 -14.8996 10.1241
      vertex 11.8404 -15.4307 30.1241
    endloop
  endfacet
  facet normal -0.625924 0.779884 0
    outer loop
      vertex 12.5022 -14.8996 10.1241
      vertex 11.8404 -15.4307 10.1241
      vertex 11.8404 -15.4307 30.1241
    endloop
  endfacet
  facet normal -0.59131 0.806444 0
    outer loop
      vertex 11.8404 -15.4307 30.1241
      vertex 11.8404 -15.4307 10.1241
      vertex 11.1561 -15.9325 30.1241
    endloop
  endfacet
  facet normal -0.59131 0.806444 0
    outer loop
      vertex 11.8404 -15.4307 10.1241
      vertex 11.1561 -15.9325 10.1241
      vertex 11.1561 -15.9325 30.1241
    endloop
  endfacet
  facet normal -0.55557 0.83147 0
    outer loop
      vertex 11.1561 -15.9325 30.1241
      vertex 11.1561 -15.9325 10.1241
      vertex 10.4505 -16.404 30.1241
    endloop
  endfacet
  facet normal -0.55557 0.83147 0
    outer loop
      vertex 11.1561 -15.9325 10.1241
      vertex 10.4505 -16.404 10.1241
      vertex 10.4505 -16.404 30.1241
    endloop
  endfacet
  facet normal -0.518773 0.854912 0
    outer loop
      vertex 10.4505 -16.404 30.1241
      vertex 10.4505 -16.404 10.1241
      vertex 9.725 -16.8442 30.1241
    endloop
  endfacet
  facet normal -0.518773 0.854912 0
    outer loop
      vertex 10.4505 -16.404 10.1241
      vertex 9.725 -16.8442 10.1241
      vertex 9.725 -16.8442 30.1241
    endloop
  endfacet
  facet normal -0.480989 0.876726 0
    outer loop
      vertex 9.725 -16.8442 30.1241
      vertex 9.725 -16.8442 10.1241
      vertex 8.98101 -17.2524 30.1241
    endloop
  endfacet
  facet normal -0.480989 0.876726 0
    outer loop
      vertex 9.725 -16.8442 10.1241
      vertex 8.98101 -17.2524 10.1241
      vertex 8.98101 -17.2524 30.1241
    endloop
  endfacet
  facet normal -0.442287 0.896873 0
    outer loop
      vertex 8.98101 -17.2524 30.1241
      vertex 8.98101 -17.2524 10.1241
      vertex 8.21992 -17.6277 30.1241
    endloop
  endfacet
  facet normal -0.442287 0.896873 0
    outer loop
      vertex 8.98101 -17.2524 10.1241
      vertex 8.21992 -17.6277 10.1241
      vertex 8.21992 -17.6277 30.1241
    endloop
  endfacet
  facet normal -0.402748 0.915311 0
    outer loop
      vertex 8.21992 -17.6277 30.1241
      vertex 8.21992 -17.6277 10.1241
      vertex 7.44319 -17.9695 30.1241
    endloop
  endfacet
  facet normal -0.402748 0.915311 0
    outer loop
      vertex 8.21992 -17.6277 10.1241
      vertex 7.44319 -17.9695 10.1241
      vertex 7.44319 -17.9695 30.1241
    endloop
  endfacet
  facet normal -0.362437 0.932008 0
    outer loop
      vertex 7.44319 -17.9695 30.1241
      vertex 7.44319 -17.9695 10.1241
      vertex 6.65229 -18.277 30.1241
    endloop
  endfacet
  facet normal -0.362437 0.932008 0
    outer loop
      vertex 7.44319 -17.9695 10.1241
      vertex 6.65229 -18.277 0
      vertex 6.65229 -18.277 30.1241
    endloop
  endfacet
  facet normal -0.321439 0.94693 0
    outer loop
      vertex 6.65229 -18.277 30.1241
      vertex 6.65229 -18.277 0
      vertex 5.84873 -18.5498 30.1241
    endloop
  endfacet
  facet normal -0.321439 0.94693 0
    outer loop
      vertex 6.65229 -18.277 0
      vertex 5.84873 -18.5498 0
      vertex 5.84873 -18.5498 30.1241
    endloop
  endfacet
  facet normal -0.27983 0.96005 0
    outer loop
      vertex 5.84873 -18.5498 30.1241
      vertex 5.84873 -18.5498 0
      vertex 5.03403 -18.7873 30.1241
    endloop
  endfacet
  facet normal -0.27983 0.96005 0
    outer loop
      vertex 5.84873 -18.5498 0
      vertex 5.03403 -18.7873 0
      vertex 5.03403 -18.7873 30.1241
    endloop
  endfacet
  facet normal -0.237686 0.971342 0
    outer loop
      vertex 5.03403 -18.7873 30.1241
      vertex 5.03403 -18.7873 0
      vertex 4.20975 -18.989 30.1241
    endloop
  endfacet
  facet normal -0.237686 0.971342 0
    outer loop
      vertex 5.03403 -18.7873 0
      vertex 4.20975 -18.989 0
      vertex 4.20975 -18.989 30.1241
    endloop
  endfacet
  facet normal -0.195091 0.980785 0
    outer loop
      vertex 4.20975 -18.989 30.1241
      vertex 4.20975 -18.989 0
      vertex 3.37746 -19.1545 30.1241
    endloop
  endfacet
  facet normal -0.195091 0.980785 0
    outer loop
      vertex 4.20975 -18.989 0
      vertex 3.37746 -19.1545 0
      vertex 3.37746 -19.1545 30.1241
    endloop
  endfacet
  facet normal -0.152122 0.988362 0
    outer loop
      vertex 3.37746 -19.1545 30.1241
      vertex 3.37746 -19.1545 0
      vertex 2.53873 -19.2836 30.1241
    endloop
  endfacet
  facet normal -0.152122 0.988362 0
    outer loop
      vertex 3.37746 -19.1545 0
      vertex 2.53873 -19.2836 0
      vertex 2.53873 -19.2836 30.1241
    endloop
  endfacet
  facet normal -0.108868 0.994056 0
    outer loop
      vertex 2.53873 -19.2836 30.1241
      vertex 2.53873 -19.2836 0
      vertex 1.69518 -19.376 30.1241
    endloop
  endfacet
  facet normal -0.108868 0.994056 0
    outer loop
      vertex 2.53873 -19.2836 0
      vertex 1.69518 -19.376 0
      vertex 1.69518 -19.376 30.1241
    endloop
  endfacet
  facet normal -0.0654034 0.997859 0
    outer loop
      vertex 1.69518 -19.376 30.1241
      vertex 1.69518 -19.376 0
      vertex 0.848397 -19.4315 30.1241
    endloop
  endfacet
  facet normal -0.0654034 0.997859 0
    outer loop
      vertex 1.69518 -19.376 0
      vertex 0.848397 -19.4315 0
      vertex 0.848397 -19.4315 30.1241
    endloop
  endfacet
  facet normal -0.0218136 0.999762 0
    outer loop
      vertex 0.848397 -19.4315 30.1241
      vertex 0.848397 -19.4315 0
      vertex 3.13285e-14 -19.45 30.1241
    endloop
  endfacet
  facet normal -0.0218136 0.999762 0
    outer loop
      vertex 0.848397 -19.4315 0
      vertex 3.13285e-14 -19.45 0
      vertex 3.13285e-14 -19.45 30.1241
    endloop
  endfacet
  facet normal 0.0218136 0.999762 0
    outer loop
      vertex 3.13285e-14 -19.45 30.1241
      vertex 3.13285e-14 -19.45 0
      vertex -0.848397 -19.4315 30.1241
    endloop
  endfacet
  facet normal 0.0218136 0.999762 0
    outer loop
      vertex 3.13285e-14 -19.45 0
      vertex -0.848397 -19.4315 0
      vertex -0.848397 -19.4315 30.1241
    endloop
  endfacet
  facet normal 0.0654034 0.997859 0
    outer loop
      vertex -0.848397 -19.4315 30.1241
      vertex -0.848397 -19.4315 0
      vertex -1.69518 -19.376 30.1241
    endloop
  endfacet
  facet normal 0.0654034 0.997859 0
    outer loop
      vertex -0.848397 -19.4315 0
      vertex -1.69518 -19.376 0
      vertex -1.69518 -19.376 30.1241
    endloop
  endfacet
  facet normal 0.108868 0.994056 0
    outer loop
      vertex -1.69518 -19.376 30.1241
      vertex -1.69518 -19.376 0
      vertex -2.53873 -19.2836 30.1241
    endloop
  endfacet
  facet normal 0.108868 0.994056 0
    outer loop
      vertex -1.69518 -19.376 0
      vertex -2.53873 -19.2836 0
      vertex -2.53873 -19.2836 30.1241
    endloop
  endfacet
  facet normal 0.152122 0.988362 0
    outer loop
      vertex -2.53873 -19.2836 30.1241
      vertex -2.53873 -19.2836 0
      vertex -3.37746 -19.1545 30.1241
    endloop
  endfacet
  facet normal 0.152122 0.988362 0
    outer loop
      vertex -2.53873 -19.2836 0
      vertex -3.37746 -19.1545 0
      vertex -3.37746 -19.1545 30.1241
    endloop
  endfacet
  facet normal 0.195091 0.980785 0
    outer loop
      vertex -3.37746 -19.1545 30.1241
      vertex -3.37746 -19.1545 0
      vertex -4.20975 -18.989 30.1241
    endloop
  endfacet
  facet normal 0.195091 0.980785 0
    outer loop
      vertex -3.37746 -19.1545 0
      vertex -4.20975 -18.989 0
      vertex -4.20975 -18.989 30.1241
    endloop
  endfacet
  facet normal 0.237686 0.971342 0
    outer loop
      vertex -4.20975 -18.989 30.1241
      vertex -4.20975 -18.989 0
      vertex -5.03403 -18.7873 30.1241
    endloop
  endfacet
  facet normal 0.237686 0.971342 0
    outer loop
      vertex -4.20975 -18.989 0
      vertex -5.03403 -18.7873 0
      vertex -5.03403 -18.7873 30.1241
    endloop
  endfacet
  facet normal 0.27983 0.96005 0
    outer loop
      vertex -5.03403 -18.7873 30.1241
      vertex -5.03403 -18.7873 0
      vertex -5.84873 -18.5498 30.1241
    endloop
  endfacet
  facet normal 0.27983 0.96005 0
    outer loop
      vertex -5.03403 -18.7873 0
      vertex -5.84873 -18.5498 0
      vertex -5.84873 -18.5498 30.1241
    endloop
  endfacet
  facet normal 0.321439 0.94693 0
    outer loop
      vertex -5.84873 -18.5498 30.1241
      vertex -5.84873 -18.5498 0
      vertex -6.65229 -18.277 30.1241
    endloop
  endfacet
  facet normal 0.321439 0.94693 0
    outer loop
      vertex -5.84873 -18.5498 0
      vertex -6.65229 -18.277 0
      vertex -6.65229 -18.277 30.1241
    endloop
  endfacet
  facet normal 0.362437 0.932008 0
    outer loop
      vertex -6.65229 -18.277 30.1241
      vertex -6.65229 -18.277 0
      vertex -7.44319 -17.9695 1
    endloop
  endfacet
  facet normal 0.362437 0.932008 0
    outer loop
      vertex -6.65229 -18.277 0
      vertex -7.44319 -17.9695 0
      vertex -7.44319 -17.9695 1
    endloop
  endfacet
  facet normal 0.402748 0.915311 0
    outer loop
      vertex -7.44319 -17.9695 1
      vertex -7.44319 -17.9695 0
      vertex -8.21992 -17.6277 1
    endloop
  endfacet
  facet normal 0.402748 0.915311 0
    outer loop
      vertex -7.44319 -17.9695 0
      vertex -8.21992 -17.6277 0
      vertex -8.21992 -17.6277 1
    endloop
  endfacet
  facet normal 0.442287 0.896873 0
    outer loop
      vertex -8.21992 -17.6277 1
      vertex -8.21992 -17.6277 0
      vertex -8.98101 -17.2524 1
    endloop
  endfacet
  facet normal 0.442287 0.896873 0
    outer loop
      vertex -8.21992 -17.6277 0
      vertex -8.98101 -17.2524 0
      vertex -8.98101 -17.2524 1
    endloop
  endfacet
  facet normal 0.480989 0.876726 0
    outer loop
      vertex -8.98101 -17.2524 1
      vertex -8.98101 -17.2524 0
      vertex -9.725 -16.8442 1
    endloop
  endfacet
  facet normal 0.480989 0.876726 0
    outer loop
      vertex -8.98101 -17.2524 0
      vertex -9.725 -16.8442 0
      vertex -9.725 -16.8442 1
    endloop
  endfacet
  facet normal 0.518773 0.854912 0
    outer loop
      vertex -9.725 -16.8442 1
      vertex -9.725 -16.8442 0
      vertex -10.4505 -16.404 1
    endloop
  endfacet
  facet normal 0.518773 0.854912 0
    outer loop
      vertex -9.725 -16.8442 0
      vertex -10.4505 -16.404 0
      vertex -10.4505 -16.404 1
    endloop
  endfacet
  facet normal 0.55557 0.83147 0
    outer loop
      vertex -10.4505 -16.404 1
      vertex -10.4505 -16.404 0
      vertex -11.1561 -15.9325 1
    endloop
  endfacet
  facet normal 0.55557 0.83147 0
    outer loop
      vertex -10.4505 -16.404 0
      vertex -11.1561 -15.9325 0
      vertex -11.1561 -15.9325 1
    endloop
  endfacet
  facet normal 0.59131 0.806444 0
    outer loop
      vertex -11.1561 -15.9325 1
      vertex -11.1561 -15.9325 0
      vertex -11.8404 -15.4307 1
    endloop
  endfacet
  facet normal 0.59131 0.806444 0
    outer loop
      vertex -11.1561 -15.9325 0
      vertex -11.8404 -15.4307 0
      vertex -11.8404 -15.4307 1
    endloop
  endfacet
  facet normal 0.625924 0.779884 0
    outer loop
      vertex -11.8404 -15.4307 1
      vertex -11.8404 -15.4307 0
      vertex -12.5022 -14.8996 1
    endloop
  endfacet
  facet normal 0.625924 0.779884 0
    outer loop
      vertex -11.8404 -15.4307 0
      vertex -12.5022 -14.8996 0
      vertex -12.5022 -14.8996 1
    endloop
  endfacet
  facet normal 0.659345 0.75184 0
    outer loop
      vertex -12.5022 -14.8996 1
      vertex -12.5022 -14.8996 0
      vertex -13.1402 -14.34 1
    endloop
  endfacet
  facet normal 0.659345 0.75184 0
    outer loop
      vertex -12.5022 -14.8996 0
      vertex -13.1402 -14.34 0
      vertex -13.1402 -14.34 1
    endloop
  endfacet
  facet normal 0.691513 0.722364 0
    outer loop
      vertex -13.1402 -14.34 1
      vertex -13.1402 -14.34 0
      vertex -13.7532 -13.7532 1
    endloop
  endfacet
  facet normal 0.691513 0.722364 0
    outer loop
      vertex -13.1402 -14.34 0
      vertex -13.7532 -13.7532 0
      vertex -13.7532 -13.7532 1
    endloop
  endfacet
  facet normal 0.722364 0.691513 0
    outer loop
      vertex -13.7532 -13.7532 1
      vertex -13.7532 -13.7532 0
      vertex -14.34 -13.1402 1
    endloop
  endfacet
  facet normal 0.722364 0.691513 0
    outer loop
      vertex -13.7532 -13.7532 0
      vertex -14.34 -13.1402 0
      vertex -14.34 -13.1402 1
    endloop
  endfacet
  facet normal 0.75184 0.659345 0
    outer loop
      vertex -14.34 -13.1402 1
      vertex -14.34 -13.1402 0
      vertex -14.8996 -12.5022 1
    endloop
  endfacet
  facet normal 0.75184 0.659345 0
    outer loop
      vertex -14.34 -13.1402 0
      vertex -14.8996 -12.5022 0
      vertex -14.8996 -12.5022 1
    endloop
  endfacet
  facet normal 0.779884 0.625924 0
    outer loop
      vertex -14.8996 -12.5022 1
      vertex -14.8996 -12.5022 0
      vertex -15.4307 -11.8404 1
    endloop
  endfacet
  facet normal 0.779884 0.625924 0
    outer loop
      vertex -14.8996 -12.5022 0
      vertex -15.4307 -11.8404 0
      vertex -15.4307 -11.8404 1
    endloop
  endfacet
  facet normal 0.806444 0.59131 0
    outer loop
      vertex -15.4307 -11.8404 1
      vertex -15.4307 -11.8404 0
      vertex -15.9325 -11.1561 1
    endloop
  endfacet
  facet normal 0.806444 0.59131 0
    outer loop
      vertex -15.4307 -11.8404 0
      vertex -15.9325 -11.1561 0
      vertex -15.9325 -11.1561 1
    endloop
  endfacet
  facet normal 0.83147 0.55557 0
    outer loop
      vertex -15.9325 -11.1561 1
      vertex -15.9325 -11.1561 0
      vertex -16.404 -10.4505 1
    endloop
  endfacet
  facet normal 0.83147 0.55557 0
    outer loop
      vertex -15.9325 -11.1561 0
      vertex -16.404 -10.4505 0
      vertex -16.404 -10.4505 1
    endloop
  endfacet
  facet normal 0.854912 0.518773 0
    outer loop
      vertex -16.404 -10.4505 1
      vertex -16.404 -10.4505 0
      vertex -16.8442 -9.725 1
    endloop
  endfacet
  facet normal 0.854912 0.518773 0
    outer loop
      vertex -16.404 -10.4505 0
      vertex -16.8442 -9.725 0
      vertex -16.8442 -9.725 1
    endloop
  endfacet
  facet normal 0.876726 0.480989 0
    outer loop
      vertex -16.8442 -9.725 1
      vertex -16.8442 -9.725 0
      vertex -17.2524 -8.98101 1
    endloop
  endfacet
  facet normal 0.876726 0.480989 0
    outer loop
      vertex -16.8442 -9.725 0
      vertex -17.2524 -8.98101 0
      vertex -17.2524 -8.98101 1
    endloop
  endfacet
  facet normal 0.896873 0.442287 0
    outer loop
      vertex -17.2524 -8.98101 1
      vertex -17.2524 -8.98101 0
      vertex -17.6277 -8.21992 1
    endloop
  endfacet
  facet normal 0.896873 0.442287 0
    outer loop
      vertex -17.2524 -8.98101 0
      vertex -17.6277 -8.21992 0
      vertex -17.6277 -8.21992 1
    endloop
  endfacet
  facet normal 0.915311 0.402748 0
    outer loop
      vertex -17.6277 -8.21992 1
      vertex -17.6277 -8.21992 0
      vertex -17.9695 -7.44319 1
    endloop
  endfacet
  facet normal 0.915311 0.402748 0
    outer loop
      vertex -17.6277 -8.21992 0
      vertex -17.9695 -7.44319 0
      vertex -17.9695 -7.44319 1
    endloop
  endfacet
  facet normal 0.932008 0.362437 0
    outer loop
      vertex -17.9695 -7.44319 0
      vertex -18.277 -6.65229 0
      vertex -17.9695 -7.44319 1
    endloop
  endfacet
  facet normal 0.932008 0.362437 0
    outer loop
      vertex -17.9695 -7.44319 1
      vertex -18.277 -6.65229 0
      vertex -17.9695 -7.44319 10.1241
    endloop
  endfacet
  facet normal 0.528781 0.848759 0
    outer loop
      vertex -10.118 -16.6111 30.1241
      vertex -10.118 -16.6111 10.1241
      vertex -10.4505 -16.404 30.1241
    endloop
  endfacet
  facet normal 0.528781 0.848759 0
    outer loop
      vertex -10.118 -16.6111 10.1241
      vertex -10.4505 -16.404 10.1241
      vertex -10.4505 -16.404 30.1241
    endloop
  endfacet
  facet normal 0.55557 0.83147 0
    outer loop
      vertex -10.4505 -16.404 30.1241
      vertex -10.4505 -16.404 10.1241
      vertex -11.1561 -15.9325 30.1241
    endloop
  endfacet
  facet normal 0.55557 0.83147 0
    outer loop
      vertex -10.4505 -16.404 10.1241
      vertex -11.1561 -15.9325 10.1241
      vertex -11.1561 -15.9325 30.1241
    endloop
  endfacet
  facet normal 0.59131 0.806444 0
    outer loop
      vertex -11.1561 -15.9325 30.1241
      vertex -11.1561 -15.9325 10.1241
      vertex -11.8404 -15.4307 30.1241
    endloop
  endfacet
  facet normal 0.59131 0.806444 0
    outer loop
      vertex -11.1561 -15.9325 10.1241
      vertex -11.8404 -15.4307 10.1241
      vertex -11.8404 -15.4307 30.1241
    endloop
  endfacet
  facet normal 0.625924 0.779884 0
    outer loop
      vertex -11.8404 -15.4307 30.1241
      vertex -11.8404 -15.4307 10.1241
      vertex -12.5022 -14.8996 30.1241
    endloop
  endfacet
  facet normal 0.625924 0.779884 0
    outer loop
      vertex -11.8404 -15.4307 10.1241
      vertex -12.5022 -14.8996 10.1241
      vertex -12.5022 -14.8996 30.1241
    endloop
  endfacet
  facet normal 0.659345 0.75184 0
    outer loop
      vertex -12.5022 -14.8996 30.1241
      vertex -12.5022 -14.8996 10.1241
      vertex -13.1402 -14.34 30.1241
    endloop
  endfacet
  facet normal 0.659345 0.75184 0
    outer loop
      vertex -12.5022 -14.8996 10.1241
      vertex -13.1402 -14.34 10.1241
      vertex -13.1402 -14.34 30.1241
    endloop
  endfacet
  facet normal 0.691513 0.722364 0
    outer loop
      vertex -13.1402 -14.34 30.1241
      vertex -13.1402 -14.34 10.1241
      vertex -13.7532 -13.7532 30.1241
    endloop
  endfacet
  facet normal 0.691513 0.722364 0
    outer loop
      vertex -13.1402 -14.34 10.1241
      vertex -13.7532 -13.7532 10.1241
      vertex -13.7532 -13.7532 30.1241
    endloop
  endfacet
  facet normal 0.722364 0.691513 0
    outer loop
      vertex -13.7532 -13.7532 30.1241
      vertex -13.7532 -13.7532 10.1241
      vertex -14.34 -13.1402 30.1241
    endloop
  endfacet
  facet normal 0.722364 0.691513 0
    outer loop
      vertex -13.7532 -13.7532 10.1241
      vertex -14.34 -13.1402 10.1241
      vertex -14.34 -13.1402 30.1241
    endloop
  endfacet
  facet normal 0.75184 0.659345 0
    outer loop
      vertex -14.34 -13.1402 30.1241
      vertex -14.34 -13.1402 10.1241
      vertex -14.8996 -12.5022 30.1241
    endloop
  endfacet
  facet normal 0.75184 0.659345 0
    outer loop
      vertex -14.34 -13.1402 10.1241
      vertex -14.8996 -12.5022 10.1241
      vertex -14.8996 -12.5022 30.1241
    endloop
  endfacet
  facet normal 0.779884 0.625924 0
    outer loop
      vertex -14.8996 -12.5022 30.1241
      vertex -14.8996 -12.5022 10.1241
      vertex -15.4307 -11.8404 30.1241
    endloop
  endfacet
  facet normal 0.779884 0.625924 0
    outer loop
      vertex -14.8996 -12.5022 10.1241
      vertex -15.4307 -11.8404 10.1241
      vertex -15.4307 -11.8404 30.1241
    endloop
  endfacet
  facet normal 0.806444 0.59131 0
    outer loop
      vertex -15.4307 -11.8404 30.1241
      vertex -15.4307 -11.8404 10.1241
      vertex -15.9325 -11.1561 30.1241
    endloop
  endfacet
  facet normal 0.806444 0.59131 0
    outer loop
      vertex -15.4307 -11.8404 10.1241
      vertex -15.9325 -11.1561 10.1241
      vertex -15.9325 -11.1561 30.1241
    endloop
  endfacet
  facet normal 0.83147 0.55557 0
    outer loop
      vertex -15.9325 -11.1561 30.1241
      vertex -15.9325 -11.1561 10.1241
      vertex -16.404 -10.4505 30.1241
    endloop
  endfacet
  facet normal 0.83147 0.55557 0
    outer loop
      vertex -15.9325 -11.1561 10.1241
      vertex -16.404 -10.4505 10.1241
      vertex -16.404 -10.4505 30.1241
    endloop
  endfacet
  facet normal 0.854912 0.518773 0
    outer loop
      vertex -16.404 -10.4505 30.1241
      vertex -16.404 -10.4505 10.1241
      vertex -16.8442 -9.725 30.1241
    endloop
  endfacet
  facet normal 0.854912 0.518773 0
    outer loop
      vertex -16.404 -10.4505 10.1241
      vertex -16.8442 -9.725 10.1241
      vertex -16.8442 -9.725 30.1241
    endloop
  endfacet
  facet normal 0.876726 0.480989 0
    outer loop
      vertex -16.8442 -9.725 30.1241
      vertex -16.8442 -9.725 10.1241
      vertex -17.2524 -8.98101 30.1241
    endloop
  endfacet
  facet normal 0.876726 0.480989 0
    outer loop
      vertex -16.8442 -9.725 10.1241
      vertex -17.2524 -8.98101 10.1241
      vertex -17.2524 -8.98101 30.1241
    endloop
  endfacet
  facet normal 0.896873 0.442287 0
    outer loop
      vertex -17.2524 -8.98101 30.1241
      vertex -17.2524 -8.98101 10.1241
      vertex -17.6277 -8.21992 30.1241
    endloop
  endfacet
  facet normal 0.896873 0.442287 0
    outer loop
      vertex -17.2524 -8.98101 10.1241
      vertex -17.6277 -8.21992 10.1241
      vertex -17.6277 -8.21992 30.1241
    endloop
  endfacet
  facet normal 0.915311 0.402748 0
    outer loop
      vertex -17.6277 -8.21992 30.1241
      vertex -17.6277 -8.21992 10.1241
      vertex -17.9695 -7.44319 30.1241
    endloop
  endfacet
  facet normal 0.915311 0.402748 0
    outer loop
      vertex -17.6277 -8.21992 10.1241
      vertex -17.9695 -7.44319 10.1241
      vertex -17.9695 -7.44319 30.1241
    endloop
  endfacet
  facet normal 0.932008 0.362437 0
    outer loop
      vertex -17.9695 -7.44319 30.1241
      vertex -17.9695 -7.44319 10.1241
      vertex -18.277 -6.65229 30.1241
    endloop
  endfacet
  facet normal 0.932008 0.362437 0
    outer loop
      vertex -17.9695 -7.44319 10.1241
      vertex -18.277 -6.65229 0
      vertex -18.277 -6.65229 30.1241
    endloop
  endfacet
  facet normal 0.94693 0.321439 0
    outer loop
      vertex -18.277 -6.65229 30.1241
      vertex -18.277 -6.65229 0
      vertex -18.5498 -5.84873 30.1241
    endloop
  endfacet
  facet normal 0.94693 0.321439 0
    outer loop
      vertex -18.277 -6.65229 0
      vertex -18.5498 -5.84873 0
      vertex -18.5498 -5.84873 30.1241
    endloop
  endfacet
  facet normal 0.96005 0.27983 0
    outer loop
      vertex -18.5498 -5.84873 30.1241
      vertex -18.5498 -5.84873 0
      vertex -18.7873 -5.03403 30.1241
    endloop
  endfacet
  facet normal 0.96005 0.27983 0
    outer loop
      vertex -18.5498 -5.84873 0
      vertex -18.7873 -5.03403 0
      vertex -18.7873 -5.03403 30.1241
    endloop
  endfacet
  facet normal 0.971342 0.237686 0
    outer loop
      vertex -18.7873 -5.03403 30.1241
      vertex -18.7873 -5.03403 0
      vertex -18.989 -4.20975 30.1241
    endloop
  endfacet
  facet normal 0.971342 0.237686 0
    outer loop
      vertex -18.7873 -5.03403 0
      vertex -18.989 -4.20975 0
      vertex -18.989 -4.20975 30.1241
    endloop
  endfacet
  facet normal 0.980785 0.195091 0
    outer loop
      vertex -18.989 -4.20975 30.1241
      vertex -18.989 -4.20975 0
      vertex -19.1545 -3.37746 30.1241
    endloop
  endfacet
  facet normal 0.980785 0.195091 0
    outer loop
      vertex -18.989 -4.20975 0
      vertex -19.1545 -3.37746 0
      vertex -19.1545 -3.37746 30.1241
    endloop
  endfacet
  facet normal 0.988362 0.152122 0
    outer loop
      vertex -19.1545 -3.37746 30.1241
      vertex -19.1545 -3.37746 0
      vertex -19.2836 -2.53873 30.1241
    endloop
  endfacet
  facet normal 0.988362 0.152122 0
    outer loop
      vertex -19.1545 -3.37746 0
      vertex -19.2836 -2.53873 0
      vertex -19.2836 -2.53873 30.1241
    endloop
  endfacet
  facet normal 0.994056 0.108868 0
    outer loop
      vertex -19.2836 -2.53873 30.1241
      vertex -19.2836 -2.53873 0
      vertex -19.376 -1.69518 30.1241
    endloop
  endfacet
  facet normal 0.994056 0.108868 0
    outer loop
      vertex -19.2836 -2.53873 0
      vertex -19.376 -1.69518 0
      vertex -19.376 -1.69518 30.1241
    endloop
  endfacet
  facet normal 0.997859 0.0654034 0
    outer loop
      vertex -19.376 -1.69518 30.1241
      vertex -19.376 -1.69518 0
      vertex -19.4315 -0.848397 30.1241
    endloop
  endfacet
  facet normal 0.997859 0.0654034 0
    outer loop
      vertex -19.376 -1.69518 0
      vertex -19.4315 -0.848397 0
      vertex -19.4315 -0.848397 30.1241
    endloop
  endfacet
  facet normal 0.999762 0.0218136 0
    outer loop
      vertex -19.4315 -0.848397 30.1241
      vertex -19.4315 -0.848397 0
      vertex -19.45 -1.30104e-15 30.1241
    endloop
  endfacet
  facet normal 0.999762 0.0218136 -3.49468e-18
    outer loop
      vertex -19.4315 -0.848397 0
      vertex -19.45 -6.06492e-15 0
      vertex -19.45 -1.30104e-15 30.1241
    endloop
  endfacet
  facet normal 0.999762 -0.0218136 3.44963e-18
    outer loop
      vertex -19.45 -1.30104e-15 30.1241
      vertex -19.45 -6.06492e-15 0
      vertex -19.4315 0.848397 30.1241
    endloop
  endfacet
  facet normal 0.999762 -0.0218136 0
    outer loop
      vertex -19.45 -6.06492e-15 0
      vertex -19.4315 0.848397 0
      vertex -19.4315 0.848397 30.1241
    endloop
  endfacet
  facet normal 0.997859 -0.0654034 0
    outer loop
      vertex -19.4315 0.848397 30.1241
      vertex -19.4315 0.848397 0
      vertex -19.376 1.69518 30.1241
    endloop
  endfacet
  facet normal 0.997859 -0.0654034 0
    outer loop
      vertex -19.4315 0.848397 0
      vertex -19.376 1.69518 0
      vertex -19.376 1.69518 30.1241
    endloop
  endfacet
  facet normal 0.994056 -0.108868 0
    outer loop
      vertex -19.376 1.69518 30.1241
      vertex -19.376 1.69518 0
      vertex -19.2836 2.53873 30.1241
    endloop
  endfacet
  facet normal 0.994056 -0.108868 0
    outer loop
      vertex -19.376 1.69518 0
      vertex -19.2836 2.53873 0
      vertex -19.2836 2.53873 30.1241
    endloop
  endfacet
  facet normal 0.988362 -0.152122 0
    outer loop
      vertex -19.2836 2.53873 30.1241
      vertex -19.2836 2.53873 0
      vertex -19.1545 3.37746 30.1241
    endloop
  endfacet
  facet normal 0.988362 -0.152122 0
    outer loop
      vertex -19.2836 2.53873 0
      vertex -19.1545 3.37746 0
      vertex -19.1545 3.37746 30.1241
    endloop
  endfacet
  facet normal 0.980785 -0.195091 0
    outer loop
      vertex -19.1545 3.37746 30.1241
      vertex -19.1545 3.37746 0
      vertex -18.989 4.20975 30.1241
    endloop
  endfacet
  facet normal 0.980785 -0.195091 0
    outer loop
      vertex -19.1545 3.37746 0
      vertex -18.989 4.20975 0
      vertex -18.989 4.20975 30.1241
    endloop
  endfacet
  facet normal 0.971342 -0.237686 0
    outer loop
      vertex -18.989 4.20975 30.1241
      vertex -18.989 4.20975 0
      vertex -18.7873 5.03403 30.1241
    endloop
  endfacet
  facet normal 0.971342 -0.237686 0
    outer loop
      vertex -18.989 4.20975 0
      vertex -18.7873 5.03403 0
      vertex -18.7873 5.03403 30.1241
    endloop
  endfacet
  facet normal 0.96005 -0.27983 0
    outer loop
      vertex -18.7873 5.03403 30.1241
      vertex -18.7873 5.03403 0
      vertex -18.5498 5.84873 30.1241
    endloop
  endfacet
  facet normal 0.96005 -0.27983 0
    outer loop
      vertex -18.7873 5.03403 0
      vertex -18.5498 5.84873 0
      vertex -18.5498 5.84873 30.1241
    endloop
  endfacet
  facet normal 0.94693 -0.321439 0
    outer loop
      vertex -18.5498 5.84873 30.1241
      vertex -18.5498 5.84873 0
      vertex -18.277 6.65229 30.1241
    endloop
  endfacet
  facet normal 0.94693 -0.321439 0
    outer loop
      vertex -18.5498 5.84873 0
      vertex -18.277 6.65229 0
      vertex -18.277 6.65229 30.1241
    endloop
  endfacet
  facet normal 0.932008 -0.362437 0
    outer loop
      vertex -18.277 6.65229 30.1241
      vertex -18.277 6.65229 0
      vertex -17.9695 7.44319 1
    endloop
  endfacet
  facet normal 0.932008 -0.362437 0
    outer loop
      vertex -18.277 6.65229 0
      vertex -17.9695 7.44319 0
      vertex -17.9695 7.44319 1
    endloop
  endfacet
  facet normal 0.915311 -0.402748 0
    outer loop
      vertex -17.9695 7.44319 1
      vertex -17.9695 7.44319 0
      vertex -17.6277 8.21992 1
    endloop
  endfacet
  facet normal 0.915311 -0.402748 0
    outer loop
      vertex -17.9695 7.44319 0
      vertex -17.6277 8.21992 0
      vertex -17.6277 8.21992 1
    endloop
  endfacet
  facet normal 0.896873 -0.442287 0
    outer loop
      vertex -17.6277 8.21992 1
      vertex -17.6277 8.21992 0
      vertex -17.2524 8.98101 1
    endloop
  endfacet
  facet normal 0.896873 -0.442287 0
    outer loop
      vertex -17.6277 8.21992 0
      vertex -17.2524 8.98101 0
      vertex -17.2524 8.98101 1
    endloop
  endfacet
  facet normal 0.876726 -0.480989 0
    outer loop
      vertex -17.2524 8.98101 1
      vertex -17.2524 8.98101 0
      vertex -16.8442 9.725 1
    endloop
  endfacet
  facet normal 0.876726 -0.480989 0
    outer loop
      vertex -17.2524 8.98101 0
      vertex -16.8442 9.725 0
      vertex -16.8442 9.725 1
    endloop
  endfacet
  facet normal 0.854912 -0.518773 0
    outer loop
      vertex -16.8442 9.725 1
      vertex -16.8442 9.725 0
      vertex -16.404 10.4505 1
    endloop
  endfacet
  facet normal 0.854912 -0.518773 0
    outer loop
      vertex -16.8442 9.725 0
      vertex -16.404 10.4505 0
      vertex -16.404 10.4505 1
    endloop
  endfacet
  facet normal 0.83147 -0.55557 0
    outer loop
      vertex -16.404 10.4505 1
      vertex -16.404 10.4505 0
      vertex -15.9325 11.1561 1
    endloop
  endfacet
  facet normal 0.83147 -0.55557 0
    outer loop
      vertex -16.404 10.4505 0
      vertex -15.9325 11.1561 0
      vertex -15.9325 11.1561 1
    endloop
  endfacet
  facet normal 0.806444 -0.59131 0
    outer loop
      vertex -15.9325 11.1561 1
      vertex -15.9325 11.1561 0
      vertex -15.4307 11.8404 1
    endloop
  endfacet
  facet normal 0.806444 -0.59131 0
    outer loop
      vertex -15.9325 11.1561 0
      vertex -15.4307 11.8404 0
      vertex -15.4307 11.8404 1
    endloop
  endfacet
  facet normal 0.779884 -0.625924 0
    outer loop
      vertex -15.4307 11.8404 1
      vertex -15.4307 11.8404 0
      vertex -14.8996 12.5022 1
    endloop
  endfacet
  facet normal 0.779884 -0.625924 0
    outer loop
      vertex -15.4307 11.8404 0
      vertex -14.8996 12.5022 0
      vertex -14.8996 12.5022 1
    endloop
  endfacet
  facet normal 0.75184 -0.659345 0
    outer loop
      vertex -14.8996 12.5022 1
      vertex -14.8996 12.5022 0
      vertex -14.34 13.1402 1
    endloop
  endfacet
  facet normal 0.75184 -0.659345 0
    outer loop
      vertex -14.8996 12.5022 0
      vertex -14.34 13.1402 0
      vertex -14.34 13.1402 1
    endloop
  endfacet
  facet normal 0.722364 -0.691513 0
    outer loop
      vertex -14.34 13.1402 1
      vertex -14.34 13.1402 0
      vertex -13.7532 13.7532 1
    endloop
  endfacet
  facet normal 0.722364 -0.691513 0
    outer loop
      vertex -14.34 13.1402 0
      vertex -13.7532 13.7532 0
      vertex -13.7532 13.7532 1
    endloop
  endfacet
  facet normal 0.691513 -0.722364 0
    outer loop
      vertex -13.7532 13.7532 1
      vertex -13.7532 13.7532 0
      vertex -13.1402 14.34 1
    endloop
  endfacet
  facet normal 0.691513 -0.722364 0
    outer loop
      vertex -13.7532 13.7532 0
      vertex -13.1402 14.34 0
      vertex -13.1402 14.34 1
    endloop
  endfacet
  facet normal 0.659345 -0.75184 0
    outer loop
      vertex -13.1402 14.34 1
      vertex -13.1402 14.34 0
      vertex -12.5022 14.8996 1
    endloop
  endfacet
  facet normal 0.659345 -0.75184 0
    outer loop
      vertex -13.1402 14.34 0
      vertex -12.5022 14.8996 0
      vertex -12.5022 14.8996 1
    endloop
  endfacet
  facet normal 0.625924 -0.779884 0
    outer loop
      vertex -12.5022 14.8996 1
      vertex -12.5022 14.8996 0
      vertex -11.8404 15.4307 1
    endloop
  endfacet
  facet normal 0.625924 -0.779884 0
    outer loop
      vertex -12.5022 14.8996 0
      vertex -11.8404 15.4307 0
      vertex -11.8404 15.4307 1
    endloop
  endfacet
  facet normal 0.59131 -0.806444 0
    outer loop
      vertex -11.8404 15.4307 1
      vertex -11.8404 15.4307 0
      vertex -11.1561 15.9325 1
    endloop
  endfacet
  facet normal 0.59131 -0.806444 0
    outer loop
      vertex -11.8404 15.4307 0
      vertex -11.1561 15.9325 0
      vertex -11.1561 15.9325 1
    endloop
  endfacet
  facet normal 0.55557 -0.83147 0
    outer loop
      vertex -11.1561 15.9325 1
      vertex -11.1561 15.9325 0
      vertex -10.4505 16.404 1
    endloop
  endfacet
  facet normal 0.55557 -0.83147 0
    outer loop
      vertex -11.1561 15.9325 0
      vertex -10.4505 16.404 0
      vertex -10.4505 16.404 1
    endloop
  endfacet
  facet normal 0.518773 -0.854912 0
    outer loop
      vertex -10.4505 16.404 1
      vertex -10.4505 16.404 0
      vertex -9.725 16.8442 1
    endloop
  endfacet
  facet normal 0.518773 -0.854912 0
    outer loop
      vertex -10.4505 16.404 0
      vertex -9.725 16.8442 0
      vertex -9.725 16.8442 1
    endloop
  endfacet
  facet normal 0.480989 -0.876726 0
    outer loop
      vertex -9.725 16.8442 1
      vertex -9.725 16.8442 0
      vertex -8.98101 17.2524 1
    endloop
  endfacet
  facet normal 0.480989 -0.876726 0
    outer loop
      vertex -9.725 16.8442 0
      vertex -8.98101 17.2524 0
      vertex -8.98101 17.2524 1
    endloop
  endfacet
  facet normal 0.442287 -0.896873 0
    outer loop
      vertex -8.98101 17.2524 1
      vertex -8.98101 17.2524 0
      vertex -8.21992 17.6277 1
    endloop
  endfacet
  facet normal 0.442287 -0.896873 0
    outer loop
      vertex -8.98101 17.2524 0
      vertex -8.21992 17.6277 0
      vertex -8.21992 17.6277 1
    endloop
  endfacet
  facet normal 0.402748 -0.915311 0
    outer loop
      vertex -8.21992 17.6277 1
      vertex -8.21992 17.6277 0
      vertex -7.44319 17.9695 1
    endloop
  endfacet
  facet normal 0.402748 -0.915311 0
    outer loop
      vertex -8.21992 17.6277 0
      vertex -7.44319 17.9695 0
      vertex -7.44319 17.9695 1
    endloop
  endfacet
  facet normal 0.362437 -0.932008 0
    outer loop
      vertex -7.44319 17.9695 1
      vertex -7.44319 17.9695 0
      vertex -6.65229 18.277 0
    endloop
  endfacet
  facet normal -0.987674 0.156524 0
    outer loop
      vertex 27.6966 -13.7705 178
      vertex 27.6966 -13.7705 185
      vertex 27.723 -13.6038 178
    endloop
  endfacet
  facet normal -0.987674 0.156524 0
    outer loop
      vertex 27.6966 -13.7705 185
      vertex 27.723 -13.6038 185
      vertex 27.723 -13.6038 178
    endloop
  endfacet
  facet normal -0.993561 0.113296 0
    outer loop
      vertex 27.723 -13.6038 178
      vertex 27.723 -13.6038 185
      vertex 27.7421 -13.4361 178
    endloop
  endfacet
  facet normal -0.993561 0.113296 0
    outer loop
      vertex 27.723 -13.6038 185
      vertex 27.7421 -13.4361 185
      vertex 27.7421 -13.4361 178
    endloop
  endfacet
  facet normal -0.997558 0.069847 0
    outer loop
      vertex 27.7421 -13.4361 178
      vertex 27.7421 -13.4361 185
      vertex 27.7539 -13.2677 178
    endloop
  endfacet
  facet normal -0.997558 0.069847 0
    outer loop
      vertex 27.7421 -13.4361 185
      vertex 27.7539 -13.2677 185
      vertex 27.7539 -13.2677 178
    endloop
  endfacet
  facet normal -0.999655 0.0262766 0
    outer loop
      vertex 27.7539 -13.2677 178
      vertex 27.7539 -13.2677 185
      vertex 27.7584 -13.099 178
    endloop
  endfacet
  facet normal -0.999655 0.0262766 0
    outer loop
      vertex 27.7539 -13.2677 185
      vertex 27.7584 -13.099 185
      vertex 27.7584 -13.099 178
    endloop
  endfacet
  facet normal -0.999849 -0.0173597 0
    outer loop
      vertex 27.7584 -13.099 178
      vertex 27.7584 -13.099 185
      vertex 27.7554 -12.9303 178
    endloop
  endfacet
  facet normal -0.999849 -0.0173597 0
    outer loop
      vertex 27.7584 -13.099 185
      vertex 27.7554 -12.9303 185
      vertex 27.7554 -12.9303 178
    endloop
  endfacet
  facet normal -0.99814 -0.0609629 0
    outer loop
      vertex 27.7554 -12.9303 178
      vertex 27.7554 -12.9303 185
      vertex 27.7451 -12.7618 178
    endloop
  endfacet
  facet normal -0.99814 -0.0609629 0
    outer loop
      vertex 27.7554 -12.9303 185
      vertex 27.7451 -12.7618 185
      vertex 27.7451 -12.7618 178
    endloop
  endfacet
  facet normal -0.994532 -0.104434 0
    outer loop
      vertex 27.7451 -12.7618 178
      vertex 27.7451 -12.7618 185
      vertex 27.7275 -12.5939 178
    endloop
  endfacet
  facet normal -0.994532 -0.104434 0
    outer loop
      vertex 27.7451 -12.7618 185
      vertex 27.7275 -12.5939 185
      vertex 27.7275 -12.5939 178
    endloop
  endfacet
  facet normal -0.98903 -0.147718 0
    outer loop
      vertex 27.7275 -12.5939 178
      vertex 27.7275 -12.5939 185
      vertex 27.7026 -12.427 178
    endloop
  endfacet
  facet normal -0.98903 -0.147718 0
    outer loop
      vertex 27.7275 -12.5939 185
      vertex 27.7026 -12.427 185
      vertex 27.7026 -12.427 178
    endloop
  endfacet
  facet normal -0.981644 -0.190724 0
    outer loop
      vertex 27.7026 -12.427 178
      vertex 27.7026 -12.427 185
      vertex 27.6704 -12.2613 178
    endloop
  endfacet
  facet normal -0.981644 -0.190724 0
    outer loop
      vertex 27.7026 -12.427 185
      vertex 27.6704 -12.2613 185
      vertex 27.6704 -12.2613 178
    endloop
  endfacet
  facet normal -0.972394 -0.233347 0
    outer loop
      vertex 27.6704 -12.2613 178
      vertex 27.6704 -12.2613 185
      vertex 27.631 -12.0972 178
    endloop
  endfacet
  facet normal -0.972394 -0.233347 0
    outer loop
      vertex 27.6704 -12.2613 185
      vertex 27.631 -12.0972 185
      vertex 27.631 -12.0972 178
    endloop
  endfacet
  facet normal -0.961287 -0.275547 0
    outer loop
      vertex 27.631 -12.0972 178
      vertex 27.631 -12.0972 185
      vertex 27.5845 -11.935 178
    endloop
  endfacet
  facet normal -0.961287 -0.275547 0
    outer loop
      vertex 27.631 -12.0972 185
      vertex 27.5845 -11.935 185
      vertex 27.5845 -11.935 178
    endloop
  endfacet
  facet normal -0.948352 -0.317219 0
    outer loop
      vertex 27.5845 -11.935 178
      vertex 27.5845 -11.935 185
      vertex 27.531 -11.7749 178
    endloop
  endfacet
  facet normal -0.948352 -0.317219 0
    outer loop
      vertex 27.5845 -11.935 185
      vertex 27.531 -11.7749 185
      vertex 27.531 -11.7749 178
    endloop
  endfacet
  facet normal -0.933613 -0.358284 0
    outer loop
      vertex 27.531 -11.7749 178
      vertex 27.531 -11.7749 185
      vertex 27.4705 -11.6173 178
    endloop
  endfacet
  facet normal -0.933613 -0.358284 0
    outer loop
      vertex 27.531 -11.7749 185
      vertex 27.4705 -11.6173 185
      vertex 27.4705 -11.6173 178
    endloop
  endfacet
  facet normal -0.917097 -0.398664 0
    outer loop
      vertex 27.4705 -11.6173 178
      vertex 27.4705 -11.6173 185
      vertex 27.4032 -11.4626 178
    endloop
  endfacet
  facet normal -0.917097 -0.398664 0
    outer loop
      vertex 27.4705 -11.6173 185
      vertex 27.4032 -11.4626 185
      vertex 27.4032 -11.4626 178
    endloop
  endfacet
  facet normal -0.898836 -0.438285 0
    outer loop
      vertex 27.4032 -11.4626 178
      vertex 27.4032 -11.4626 185
      vertex 27.3292 -11.3108 178
    endloop
  endfacet
  facet normal -0.898836 -0.438285 0
    outer loop
      vertex 27.4032 -11.4626 185
      vertex 27.3292 -11.3108 185
      vertex 27.3292 -11.3108 178
    endloop
  endfacet
  facet normal -0.878861 -0.477077 0
    outer loop
      vertex 27.3292 -11.3108 178
      vertex 27.3292 -11.3108 185
      vertex 27.2487 -11.1625 178
    endloop
  endfacet
  facet normal -0.878861 -0.477077 0
    outer loop
      vertex 27.3292 -11.3108 185
      vertex 27.2487 -11.1625 185
      vertex 27.2487 -11.1625 178
    endloop
  endfacet
  facet normal -0.857214 -0.514961 0
    outer loop
      vertex 27.2487 -11.1625 178
      vertex 27.2487 -11.1625 185
      vertex 27.1618 -11.0178 178
    endloop
  endfacet
  facet normal -0.857214 -0.514961 0
    outer loop
      vertex 27.2487 -11.1625 185
      vertex 27.1618 -11.0178 185
      vertex 27.1618 -11.0178 178
    endloop
  endfacet
  facet normal -0.833939 -0.551857 0
    outer loop
      vertex 27.1618 -11.0178 178
      vertex 27.1618 -11.0178 185
      vertex 27.0687 -10.8771 178
    endloop
  endfacet
  facet normal -0.833939 -0.551857 0
    outer loop
      vertex 27.1618 -11.0178 185
      vertex 27.0687 -10.8771 185
      vertex 27.0687 -10.8771 178
    endloop
  endfacet
  facet normal -0.809071 -0.587711 0
    outer loop
      vertex 27.0687 -10.8771 178
      vertex 27.0687 -10.8771 185
      vertex 26.9695 -10.7405 178
    endloop
  endfacet
  facet normal -0.809071 -0.587711 0
    outer loop
      vertex 27.0687 -10.8771 185
      vertex 26.9695 -10.7405 185
      vertex 26.9695 -10.7405 178
    endloop
  endfacet
  facet normal -0.782665 -0.622444 0
    outer loop
      vertex 26.9695 -10.7405 178
      vertex 26.9695 -10.7405 185
      vertex 26.8644 -10.6084 178
    endloop
  endfacet
  facet normal -0.782665 -0.622444 0
    outer loop
      vertex 26.9695 -10.7405 185
      vertex 26.8644 -10.6084 185
      vertex 26.8644 -10.6084 178
    endloop
  endfacet
  facet normal -0.754769 -0.655991 0
    outer loop
      vertex 26.8644 -10.6084 178
      vertex 26.8644 -10.6084 185
      vertex 26.7537 -10.481 178
    endloop
  endfacet
  facet normal -0.754769 -0.655991 0
    outer loop
      vertex 26.8644 -10.6084 185
      vertex 26.7537 -10.481 185
      vertex 26.7537 -10.481 178
    endloop
  endfacet
  facet normal -0.725442 -0.688284 0
    outer loop
      vertex 26.7537 -10.481 178
      vertex 26.7537 -10.481 185
      vertex 26.6375 -10.3586 178
    endloop
  endfacet
  facet normal -0.725442 -0.688284 0
    outer loop
      vertex 26.7537 -10.481 185
      vertex 26.6375 -10.3586 185
      vertex 26.6375 -10.3586 178
    endloop
  endfacet
  facet normal -0.694725 -0.719275 0
    outer loop
      vertex 26.6375 -10.3586 178
      vertex 26.6375 -10.3586 185
      vertex 26.5161 -10.2414 178
    endloop
  endfacet
  facet normal -0.694725 -0.719275 0
    outer loop
      vertex 26.6375 -10.3586 185
      vertex 26.5161 -10.2414 185
      vertex 26.5161 -10.2414 178
    endloop
  endfacet
  facet normal -0.662685 -0.748898 0
    outer loop
      vertex 26.5161 -10.2414 178
      vertex 26.5161 -10.2414 185
      vertex 26.3897 -10.1295 178
    endloop
  endfacet
  facet normal -0.662685 -0.748898 0
    outer loop
      vertex 26.5161 -10.2414 185
      vertex 26.3897 -10.1295 185
      vertex 26.3897 -10.1295 178
    endloop
  endfacet
  facet normal -0.629395 -0.777086 0
    outer loop
      vertex 26.3897 -10.1295 178
      vertex 26.3897 -10.1295 185
      vertex 26.2586 -10.0233 178
    endloop
  endfacet
  facet normal -0.629395 -0.777086 0
    outer loop
      vertex 26.3897 -10.1295 185
      vertex 26.2586 -10.0233 185
      vertex 26.2586 -10.0233 178
    endloop
  endfacet
  facet normal -0.594897 -0.803802 0
    outer loop
      vertex 26.2586 -10.0233 178
      vertex 26.2586 -10.0233 185
      vertex 26.1229 -9.92287 178
    endloop
  endfacet
  facet normal -0.594897 -0.803802 0
    outer loop
      vertex 26.2586 -10.0233 185
      vertex 26.1229 -9.92287 185
      vertex 26.1229 -9.92287 178
    endloop
  endfacet
  facet normal -0.55927 -0.828986 0
    outer loop
      vertex 26.1229 -9.92287 178
      vertex 26.1229 -9.92287 185
      vertex 25.983 -9.82848 178
    endloop
  endfacet
  facet normal -0.55927 -0.828986 0
    outer loop
      vertex 26.1229 -9.92287 185
      vertex 25.983 -9.82848 185
      vertex 25.983 -9.82848 178
    endloop
  endfacet
  facet normal -0.522579 -0.852591 0
    outer loop
      vertex 25.983 -9.82848 178
      vertex 25.983 -9.82848 185
      vertex 25.8391 -9.74028 178
    endloop
  endfacet
  facet normal -0.522579 -0.852591 0
    outer loop
      vertex 25.983 -9.82848 185
      vertex 25.8391 -9.74028 185
      vertex 25.8391 -9.74028 178
    endloop
  endfacet
  facet normal -0.484887 -0.874577 0
    outer loop
      vertex 25.8391 -9.74028 178
      vertex 25.8391 -9.74028 185
      vertex 25.6915 -9.65844 178
    endloop
  endfacet
  facet normal -0.484887 -0.874577 0
    outer loop
      vertex 25.8391 -9.74028 185
      vertex 25.6915 -9.65844 185
      vertex 25.6915 -9.65844 178
    endloop
  endfacet
  facet normal -0.446282 -0.894892 0
    outer loop
      vertex 25.6915 -9.65844 178
      vertex 25.6915 -9.65844 185
      vertex 25.5404 -9.58311 178
    endloop
  endfacet
  facet normal -0.446282 -0.894892 0
    outer loop
      vertex 25.6915 -9.65844 185
      vertex 25.5404 -9.58311 185
      vertex 25.5404 -9.58311 178
    endloop
  endfacet
  facet normal -0.406821 -0.913508 0
    outer loop
      vertex 25.5404 -9.58311 178
      vertex 25.5404 -9.58311 185
      vertex 25.3863 -9.51445 178
    endloop
  endfacet
  facet normal -0.406821 -0.913508 0
    outer loop
      vertex 25.5404 -9.58311 185
      vertex 25.3863 -9.51445 185
      vertex 25.3863 -9.51445 178
    endloop
  endfacet
  facet normal -0.366586 -0.930384 0
    outer loop
      vertex 25.3863 -9.51445 178
      vertex 25.3863 -9.51445 185
      vertex 25.2292 -9.45258 178
    endloop
  endfacet
  facet normal -0.366586 -0.930384 0
    outer loop
      vertex 25.3863 -9.51445 185
      vertex 25.2292 -9.45258 185
      vertex 25.2292 -9.45258 178
    endloop
  endfacet
  facet normal -0.325656 -0.945488 0
    outer loop
      vertex 25.2292 -9.45258 178
      vertex 25.2292 -9.45258 185
      vertex 25.0697 -9.39761 178
    endloop
  endfacet
  facet normal -0.325656 -0.945488 0
    outer loop
      vertex 25.2292 -9.45258 185
      vertex 25.0697 -9.39761 185
      vertex 25.0697 -9.39761 178
    endloop
  endfacet
  facet normal -0.284107 -0.958792 0
    outer loop
      vertex 25.0697 -9.39761 178
      vertex 25.0697 -9.39761 185
      vertex 24.9078 -9.34966 178
    endloop
  endfacet
  facet normal -0.284107 -0.958792 0
    outer loop
      vertex 25.0697 -9.39761 185
      vertex 24.9078 -9.34966 185
      vertex 24.9078 -9.34966 178
    endloop
  endfacet
  facet normal -0.242008 -0.970274 0
    outer loop
      vertex 24.9078 -9.34966 178
      vertex 24.9078 -9.34966 185
      vertex 24.7441 -9.30882 178
    endloop
  endfacet
  facet normal -0.242008 -0.970274 0
    outer loop
      vertex 24.9078 -9.34966 185
      vertex 24.7441 -9.30882 185
      vertex 24.7441 -9.30882 178
    endloop
  endfacet
  facet normal -0.199459 -0.979906 0
    outer loop
      vertex 24.7441 -9.30882 178
      vertex 24.7441 -9.30882 185
      vertex 24.5787 -9.27515 178
    endloop
  endfacet
  facet normal -0.199459 -0.979906 0
    outer loop
      vertex 24.7441 -9.30882 185
      vertex 24.5787 -9.27515 185
      vertex 24.5787 -9.27515 178
    endloop
  endfacet
  facet normal -0.15653 -0.987673 0
    outer loop
      vertex 24.5787 -9.27515 178
      vertex 24.5787 -9.27515 185
      vertex 24.412 -9.24873 178
    endloop
  endfacet
  facet normal -0.15653 -0.987673 0
    outer loop
      vertex 24.5787 -9.27515 185
      vertex 24.412 -9.24873 185
      vertex 24.412 -9.24873 178
    endloop
  endfacet
  facet normal -0.11329 -0.993562 0
    outer loop
      vertex 24.412 -9.24873 178
      vertex 24.412 -9.24873 185
      vertex 24.2443 -9.22961 178
    endloop
  endfacet
  facet normal -0.11329 -0.993562 0
    outer loop
      vertex 24.412 -9.24873 185
      vertex 24.2443 -9.22961 185
      vertex 24.2443 -9.22961 178
    endloop
  endfacet
  facet normal -0.0698525 -0.997557 0
    outer loop
      vertex 24.2443 -9.22961 178
      vertex 24.2443 -9.22961 185
      vertex 24.0759 -9.21782 178
    endloop
  endfacet
  facet normal -0.0698525 -0.997557 0
    outer loop
      vertex 24.2443 -9.22961 185
      vertex 24.0759 -9.21782 185
      vertex 24.0759 -9.21782 178
    endloop
  endfacet
  facet normal -0.0262713 -0.999655 0
    outer loop
      vertex 24.0759 -9.21782 178
      vertex 24.0759 -9.21782 185
      vertex 23.9072 -9.21339 178
    endloop
  endfacet
  facet normal -0.0262713 -0.999655 0
    outer loop
      vertex 24.0759 -9.21782 185
      vertex 23.9072 -9.21339 185
      vertex 23.9072 -9.21339 178
    endloop
  endfacet
  facet normal 0.0173596 -0.999849 0
    outer loop
      vertex 23.9072 -9.21339 178
      vertex 23.9072 -9.21339 185
      vertex 23.7385 -9.21632 178
    endloop
  endfacet
  facet normal 0.0173596 -0.999849 0
    outer loop
      vertex 23.9072 -9.21339 185
      vertex 23.7385 -9.21632 185
      vertex 23.7385 -9.21632 178
    endloop
  endfacet
  facet normal 0.0609574 -0.99814 0
    outer loop
      vertex 23.7385 -9.21632 178
      vertex 23.7385 -9.21632 185
      vertex 23.57 -9.22661 178
    endloop
  endfacet
  facet normal 0.0609574 -0.99814 0
    outer loop
      vertex 23.7385 -9.21632 185
      vertex 23.57 -9.22661 185
      vertex 23.57 -9.22661 178
    endloop
  endfacet
  facet normal 0.104439 -0.994531 0
    outer loop
      vertex 23.57 -9.22661 178
      vertex 23.57 -9.22661 185
      vertex 23.4021 -9.24424 178
    endloop
  endfacet
  facet normal 0.104439 -0.994531 0
    outer loop
      vertex 23.57 -9.22661 185
      vertex 23.4021 -9.24424 185
      vertex 23.4021 -9.24424 178
    endloop
  endfacet
  facet normal 0.147718 -0.98903 0
    outer loop
      vertex 23.4021 -9.24424 178
      vertex 23.4021 -9.24424 185
      vertex 23.2352 -9.26917 178
    endloop
  endfacet
  facet normal 0.147718 -0.98903 0
    outer loop
      vertex 23.4021 -9.24424 185
      vertex 23.2352 -9.26917 185
      vertex 23.2352 -9.26917 178
    endloop
  endfacet
  facet normal 0.190719 -0.981645 0
    outer loop
      vertex 23.2352 -9.26917 178
      vertex 23.2352 -9.26917 185
      vertex 23.0695 -9.30136 178
    endloop
  endfacet
  facet normal 0.190719 -0.981645 0
    outer loop
      vertex 23.2352 -9.26917 185
      vertex 23.0695 -9.30136 185
      vertex 23.0695 -9.30136 178
    endloop
  endfacet
  facet normal 0.233351 -0.972393 0
    outer loop
      vertex 23.0695 -9.30136 178
      vertex 23.0695 -9.30136 185
      vertex 22.9054 -9.34074 178
    endloop
  endfacet
  facet normal 0.233351 -0.972393 0
    outer loop
      vertex 23.0695 -9.30136 185
      vertex 22.9054 -9.34074 185
      vertex 22.9054 -9.34074 178
    endloop
  endfacet
  facet normal 0.275554 -0.961286 0
    outer loop
      vertex 22.9054 -9.34074 178
      vertex 22.9054 -9.34074 185
      vertex 22.7432 -9.38725 178
    endloop
  endfacet
  facet normal 0.275554 -0.961286 0
    outer loop
      vertex 22.9054 -9.34074 185
      vertex 22.7432 -9.38725 185
      vertex 22.7432 -9.38725 178
    endloop
  endfacet
  facet normal 0.317213 -0.948354 0
    outer loop
      vertex 22.7432 -9.38725 178
      vertex 22.7432 -9.38725 185
      vertex 22.5831 -9.44079 178
    endloop
  endfacet
  facet normal 0.317213 -0.948354 0
    outer loop
      vertex 22.7432 -9.38725 185
      vertex 22.5831 -9.44079 185
      vertex 22.5831 -9.44079 178
    endloop
  endfacet
  facet normal 0.358284 -0.933613 0
    outer loop
      vertex 22.5831 -9.44079 178
      vertex 22.5831 -9.44079 185
      vertex 22.4255 -9.50126 178
    endloop
  endfacet
  facet normal 0.358284 -0.933613 0
    outer loop
      vertex 22.5831 -9.44079 185
      vertex 22.4255 -9.50126 185
      vertex 22.4255 -9.50126 178
    endloop
  endfacet
  facet normal 0.398662 -0.917098 0
    outer loop
      vertex 22.4255 -9.50126 178
      vertex 22.4255 -9.50126 185
      vertex 22.2707 -9.56854 178
    endloop
  endfacet
  facet normal 0.398662 -0.917098 0
    outer loop
      vertex 22.4255 -9.50126 185
      vertex 22.2707 -9.56854 185
      vertex 22.2707 -9.56854 178
    endloop
  endfacet
  facet normal 0.438288 -0.898835 0
    outer loop
      vertex 22.2707 -9.56854 178
      vertex 22.2707 -9.56854 185
      vertex 22.119 -9.64252 178
    endloop
  endfacet
  facet normal 0.438288 -0.898835 0
    outer loop
      vertex 22.2707 -9.56854 185
      vertex 22.119 -9.64252 185
      vertex 22.119 -9.64252 178
    endloop
  endfacet
  facet normal 0.477075 -0.878863 0
    outer loop
      vertex 22.119 -9.64252 178
      vertex 22.119 -9.64252 185
      vertex 21.9707 -9.72304 178
    endloop
  endfacet
  facet normal 0.477075 -0.878863 0
    outer loop
      vertex 22.119 -9.64252 185
      vertex 21.9707 -9.72304 185
      vertex 21.9707 -9.72304 178
    endloop
  endfacet
  facet normal 0.514959 -0.857215 0
    outer loop
      vertex 21.9707 -9.72304 178
      vertex 21.9707 -9.72304 185
      vertex 21.826 -9.80995 178
    endloop
  endfacet
  facet normal 0.514959 -0.857215 0
    outer loop
      vertex 21.9707 -9.72304 185
      vertex 21.826 -9.80995 185
      vertex 21.826 -9.80995 178
    endloop
  endfacet
  facet normal 0.551861 -0.833936 0
    outer loop
      vertex 21.826 -9.80995 178
      vertex 21.826 -9.80995 185
      vertex 21.6853 -9.90309 178
    endloop
  endfacet
  facet normal 0.551861 -0.833936 0
    outer loop
      vertex 21.826 -9.80995 185
      vertex 21.6853 -9.90309 185
      vertex 21.6853 -9.90309 178
    endloop
  endfacet
  facet normal 0.587711 -0.809071 0
    outer loop
      vertex 21.6853 -9.90309 178
      vertex 21.6853 -9.90309 185
      vertex 21.5487 -10.0023 178
    endloop
  endfacet
  facet normal 0.587711 -0.809071 0
    outer loop
      vertex 21.6853 -9.90309 185
      vertex 21.5487 -10.0023 185
      vertex 21.5487 -10.0023 178
    endloop
  endfacet
  facet normal 0.622444 -0.782665 0
    outer loop
      vertex 21.5487 -10.0023 178
      vertex 21.5487 -10.0023 185
      vertex 21.4166 -10.1073 178
    endloop
  endfacet
  facet normal 0.622444 -0.782665 0
    outer loop
      vertex 21.5487 -10.0023 185
      vertex 21.4166 -10.1073 185
      vertex 21.4166 -10.1073 178
    endloop
  endfacet
  facet normal 0.655985 -0.754774 0
    outer loop
      vertex 21.4166 -10.1073 178
      vertex 21.4166 -10.1073 185
      vertex 21.2892 -10.2181 178
    endloop
  endfacet
  facet normal 0.655985 -0.754774 0
    outer loop
      vertex 21.4166 -10.1073 185
      vertex 21.2892 -10.2181 185
      vertex 21.2892 -10.2181 178
    endloop
  endfacet
  facet normal 0.688292 -0.725434 0
    outer loop
      vertex 21.2892 -10.2181 178
      vertex 21.2892 -10.2181 185
      vertex 21.1668 -10.3342 178
    endloop
  endfacet
  facet normal 0.688292 -0.725434 0
    outer loop
      vertex 21.2892 -10.2181 185
      vertex 21.1668 -10.3342 185
      vertex 21.1668 -10.3342 178
    endloop
  endfacet
  facet normal 0.719272 -0.694728 0
    outer loop
      vertex 21.1668 -10.3342 178
      vertex 21.1668 -10.3342 185
      vertex 21.0495 -10.4556 178
    endloop
  endfacet
  facet normal 0.719272 -0.694728 0
    outer loop
      vertex 21.1668 -10.3342 185
      vertex 21.0495 -10.4556 185
      vertex 21.0495 -10.4556 178
    endloop
  endfacet
  facet normal 0.748896 -0.662688 0
    outer loop
      vertex 21.0495 -10.4556 178
      vertex 21.0495 -10.4556 185
      vertex 20.9377 -10.582 178
    endloop
  endfacet
  facet normal 0.748896 -0.662688 0
    outer loop
      vertex 21.0495 -10.4556 185
      vertex 20.9377 -10.582 185
      vertex 20.9377 -10.582 178
    endloop
  endfacet
  facet normal 0.777085 -0.629396 0
    outer loop
      vertex 20.9377 -10.582 178
      vertex 20.9377 -10.582 185
      vertex 20.8315 -10.7132 178
    endloop
  endfacet
  facet normal 0.777085 -0.629396 0
    outer loop
      vertex 20.9377 -10.582 185
      vertex 20.8315 -10.7132 185
      vertex 20.8315 -10.7132 178
    endloop
  endfacet
  facet normal 0.803802 -0.594896 0
    outer loop
      vertex 20.8315 -10.7132 178
      vertex 20.8315 -10.7132 185
      vertex 20.7311 -10.8488 178
    endloop
  endfacet
  facet normal 0.803802 -0.594896 0
    outer loop
      vertex 20.8315 -10.7132 185
      vertex 20.7311 -10.8488 185
      vertex 20.7311 -10.8488 178
    endloop
  endfacet
  facet normal 0.82899 -0.559263 0
    outer loop
      vertex 20.7311 -10.8488 178
      vertex 20.7311 -10.8488 185
      vertex 20.6367 -10.9888 178
    endloop
  endfacet
  facet normal 0.82899 -0.559263 0
    outer loop
      vertex 20.7311 -10.8488 185
      vertex 20.6367 -10.9888 185
      vertex 20.6367 -10.9888 178
    endloop
  endfacet
  facet normal 0.852591 -0.522579 0
    outer loop
      vertex 20.6367 -10.9888 178
      vertex 20.6367 -10.9888 185
      vertex 20.5485 -11.1327 178
    endloop
  endfacet
  facet normal 0.852591 -0.522579 0
    outer loop
      vertex 20.6367 -10.9888 185
      vertex 20.5485 -11.1327 185
      vertex 20.5485 -11.1327 178
    endloop
  endfacet
  facet normal 0.874576 -0.484889 0
    outer loop
      vertex 20.5485 -11.1327 178
      vertex 20.5485 -11.1327 185
      vertex 20.4666 -11.2803 178
    endloop
  endfacet
  facet normal 0.874576 -0.484889 0
    outer loop
      vertex 20.5485 -11.1327 185
      vertex 20.4666 -11.2803 185
      vertex 20.4666 -11.2803 178
    endloop
  endfacet
  facet normal 0.894891 -0.446284 0
    outer loop
      vertex 20.4666 -11.2803 178
      vertex 20.4666 -11.2803 185
      vertex 20.3913 -11.4313 178
    endloop
  endfacet
  facet normal 0.894891 -0.446284 0
    outer loop
      vertex 20.4666 -11.2803 185
      vertex 20.3913 -11.4313 185
      vertex 20.3913 -11.4313 178
    endloop
  endfacet
  facet normal 0.913508 -0.406821 0
    outer loop
      vertex 20.3913 -11.4313 178
      vertex 20.3913 -11.4313 185
      vertex 20.3226 -11.5855 178
    endloop
  endfacet
  facet normal 0.913508 -0.406821 0
    outer loop
      vertex 20.3913 -11.4313 185
      vertex 20.3226 -11.5855 185
      vertex 20.3226 -11.5855 178
    endloop
  endfacet
  facet normal 0.930385 -0.366583 0
    outer loop
      vertex 20.3226 -11.5855 178
      vertex 20.3226 -11.5855 185
      vertex 20.2608 -11.7425 178
    endloop
  endfacet
  facet normal 0.930385 -0.366583 0
    outer loop
      vertex 20.3226 -11.5855 185
      vertex 20.2608 -11.7425 185
      vertex 20.2608 -11.7425 178
    endloop
  endfacet
  facet normal 0.945487 -0.325661 0
    outer loop
      vertex 20.2608 -11.7425 178
      vertex 20.2608 -11.7425 185
      vertex 20.2058 -11.9021 178
    endloop
  endfacet
  facet normal 0.945487 -0.325661 0
    outer loop
      vertex 20.2608 -11.7425 185
      vertex 20.2058 -11.9021 185
      vertex 20.2058 -11.9021 178
    endloop
  endfacet
  facet normal 0.958794 -0.284101 0
    outer loop
      vertex 20.2058 -11.9021 178
      vertex 20.2058 -11.9021 185
      vertex 20.1579 -12.0639 178
    endloop
  endfacet
  facet normal 0.958794 -0.284101 0
    outer loop
      vertex 20.2058 -11.9021 185
      vertex 20.1579 -12.0639 185
      vertex 20.1579 -12.0639 178
    endloop
  endfacet
  facet normal 0.970274 -0.24201 0
    outer loop
      vertex 20.1579 -12.0639 178
      vertex 20.1579 -12.0639 185
      vertex 20.117 -12.2277 178
    endloop
  endfacet
  facet normal 0.970274 -0.24201 0
    outer loop
      vertex 20.1579 -12.0639 185
      vertex 20.117 -12.2277 185
      vertex 20.117 -12.2277 178
    endloop
  endfacet
  facet normal 0.979905 -0.199464 0
    outer loop
      vertex 20.117 -12.2277 178
      vertex 20.117 -12.2277 185
      vertex 20.0833 -12.3931 178
    endloop
  endfacet
  facet normal 0.979905 -0.199464 0
    outer loop
      vertex 20.117 -12.2277 185
      vertex 20.0833 -12.3931 185
      vertex 20.0833 -12.3931 178
    endloop
  endfacet
  facet normal 0.92388 0.382683 0
    outer loop
      vertex -7.44319 17.9695 1
      vertex -7.44319 17.9695 10.1241
      vertex -6.67783 16.1217 1
    endloop
  endfacet
  facet normal 0.92388 0.382683 0
    outer loop
      vertex -7.44319 17.9695 10.1241
      vertex -6.67783 16.1217 10.1241
      vertex -6.67783 16.1217 1
    endloop
  endfacet
  facet normal 0.520208 0.85404 0
    outer loop
      vertex -14.903 9.07762 10.1241
      vertex -16.6111 10.118 10.1241
      vertex -14.903 9.07762 30.1241
    endloop
  endfacet
  facet normal 0.520208 0.85404 0
    outer loop
      vertex -16.6111 10.118 10.1241
      vertex -16.6111 10.118 30.1241
      vertex -14.903 9.07762 30.1241
    endloop
  endfacet
  facet normal -0.34202 0.939693 0
    outer loop
      vertex 19.875 -25.4747 178
      vertex 13.7705 -27.6966 178
      vertex 19.875 -25.4747 185
    endloop
  endfacet
  facet normal -0.34202 0.939693 0
    outer loop
      vertex 13.7705 -27.6966 178
      vertex 13.7705 -27.6966 185
      vertex 19.875 -25.4747 185
    endloop
  endfacet
  facet normal 0.382683 -0.92388 0
    outer loop
      vertex 17.9695 7.44319 1
      vertex 17.9695 7.44319 10.1241
      vertex 16.1217 6.67783 1
    endloop
  endfacet
  facet normal 0.382683 -0.92388 0
    outer loop
      vertex 17.9695 7.44319 10.1241
      vertex 16.1217 6.67783 10.1241
      vertex 16.1217 6.67783 1
    endloop
  endfacet
  facet normal 0 0 1
    outer loop
      vertex -6.67783 16.1217 10.1241
      vertex -7.44319 17.9695 10.1241
      vertex -7.37469 15.8151 10.1241
    endloop
  endfacet
  facet normal 0 0 1
    outer loop
      vertex -7.44319 17.9695 10.1241
      vertex -8.21992 17.6277 10.1241
      vertex -7.37469 15.8151 10.1241
    endloop
  endfacet
  facet normal 0 0 1
    outer loop
      vertex -7.37469 15.8151 10.1241
      vertex -8.21992 17.6277 10.1241
      vertex -8.05751 15.4783 10.1241
    endloop
  endfacet
  facet normal 0 0 1
    outer loop
      vertex -8.21992 17.6277 10.1241
      vertex -8.98101 17.2524 10.1241
      vertex -8.05751 15.4783 10.1241
    endloop
  endfacet
  facet normal 0 0 1
    outer loop
      vertex -8.05751 15.4783 10.1241
      vertex -8.98101 17.2524 10.1241
      vertex -8.725 15.1121 10.1241
    endloop
  endfacet
  facet normal 0 0 1
    outer loop
      vertex -8.98101 17.2524 10.1241
      vertex -9.725 16.8442 10.1241
      vertex -8.725 15.1121 10.1241
    endloop
  endfacet
  facet normal 0 0 1
    outer loop
      vertex -8.725 15.1121 10.1241
      vertex -9.725 16.8442 10.1241
      vertex -9.37588 14.7172 10.1241
    endloop
  endfacet
  facet normal 0 0 1
    outer loop
      vertex -9.725 16.8442 10.1241
      vertex -10.4505 16.404 10.1241
      vertex -9.37588 14.7172 10.1241
    endloop
  endfacet
  facet normal 0 0 1
    outer loop
      vertex -9.37588 14.7172 10.1241
      vertex -10.4505 16.404 10.1241
      vertex -10.0089 14.2942 10.1241
    endloop
  endfacet
  facet normal 0 0 1
    outer loop
      vertex -10.4505 16.404 10.1241
      vertex -11.1561 15.9325 10.1241
      vertex -10.0089 14.2942 10.1241
    endloop
  endfacet
  facet normal 0 0 1
    outer loop
      vertex -10.0089 14.2942 10.1241
      vertex -11.1561 15.9325 10.1241
      vertex -10.6229 13.844 10.1241
    endloop
  endfacet
  facet normal 0 0 1
    outer loop
      vertex -11.1561 15.9325 10.1241
      vertex -11.8404 15.4307 10.1241
      vertex -10.6229 13.844 10.1241
    endloop
  endfacet
  facet normal 0 0 1
    outer loop
      vertex -10.6229 13.844 10.1241
      vertex -11.8404 15.4307 10.1241
      vertex -11.2166 13.3675 10.1241
    endloop
  endfacet
  facet normal 0 0 1
    outer loop
      vertex -11.8404 15.4307 10.1241
      vertex -12.5022 14.8996 10.1241
      vertex -11.2166 13.3675 10.1241
    endloop
  endfacet
  facet normal 0 0 1
    outer loop
      vertex -11.2166 13.3675 10.1241
      vertex -12.5022 14.8996 10.1241
      vertex -11.789 12.8655 10.1241
    endloop
  endfacet
  facet normal 0 0 1
    outer loop
      vertex -12.5022 14.8996 10.1241
      vertex -13.1402 14.34 10.1241
      vertex -11.789 12.8655 10.1241
    endloop
  endfacet
  facet normal 0 0 1
    outer loop
      vertex -11.789 12.8655 10.1241
      vertex -13.1402 14.34 10.1241
      vertex -12.339 12.339 10.1241
    endloop
  endfacet
  facet normal 0 0 1
    outer loop
      vertex -13.1402 14.34 10.1241
      vertex -13.7532 13.7532 10.1241
      vertex -12.339 12.339 10.1241
    endloop
  endfacet
  facet normal 0 0 1
    outer loop
      vertex -12.339 12.339 10.1241
      vertex -13.7532 13.7532 10.1241
      vertex -12.8655 11.789 10.1241
    endloop
  endfacet
  facet normal 0 0 1
    outer loop
      vertex -13.7532 13.7532 10.1241
      vertex -14.34 13.1402 10.1241
      vertex -12.8655 11.789 10.1241
    endloop
  endfacet
  facet normal 0 0 1
    outer loop
      vertex -12.8655 11.789 10.1241
      vertex -14.34 13.1402 10.1241
      vertex -13.3675 11.2166 10.1241
    endloop
  endfacet
  facet normal 0 0 1
    outer loop
      vertex -14.34 13.1402 10.1241
      vertex -14.8996 12.5022 10.1241
      vertex -13.3675 11.2166 10.1241
    endloop
  endfacet
  facet normal 0 0 1
    outer loop
      vertex -13.3675 11.2166 10.1241
      vertex -14.8996 12.5022 10.1241
      vertex -13.844 10.6229 10.1241
    endloop
  endfacet
  facet normal 0 0 1
    outer loop
      vertex -14.8996 12.5022 10.1241
      vertex -15.4307 11.8404 10.1241
      vertex -13.844 10.6229 10.1241
    endloop
  endfacet
  facet normal 0 0 1
    outer loop
      vertex -13.844 10.6229 10.1241
      vertex -15.4307 11.8404 10.1241
      vertex -14.2942 10.0089 10.1241
    endloop
  endfacet
  facet normal 0 0 1
    outer loop
      vertex -15.4307 11.8404 10.1241
      vertex -15.9325 11.1561 10.1241
      vertex -14.2942 10.0089 10.1241
    endloop
  endfacet
  facet normal 0 0 1
    outer loop
      vertex -14.2942 10.0089 10.1241
      vertex -15.9325 11.1561 10.1241
      vertex -14.7172 9.37588 10.1241
    endloop
  endfacet
  facet normal 0 0 1
    outer loop
      vertex -15.9325 11.1561 10.1241
      vertex -16.404 10.4505 10.1241
      vertex -14.7172 9.37588 10.1241
    endloop
  endfacet
  facet normal 0 0 1
    outer loop
      vertex -14.7172 9.37588 10.1241
      vertex -16.404 10.4505 10.1241
      vertex -14.903 9.07762 10.1241
    endloop
  endfacet
  facet normal 0 0 1
    outer loop
      vertex -16.404 10.4505 10.1241
      vertex -16.6111 10.118 10.1241
      vertex -14.903 9.07762 10.1241
    endloop
  endfacet
  facet normal 0.435112 -0.900376 1.5619e-17
    outer loop
      vertex -18.5 -3.46945e-15 160
      vertex -14.3614 2 160
      vertex -18.5 -3.03577e-15 185
    endloop
  endfacet
  facet normal 0.435112 -0.900376 0
    outer loop
      vertex -14.3614 2 160
      vertex -14.3614 2 185
      vertex -18.5 -3.03577e-15 185
    endloop
  endfacet
  facet normal 0.707107 0.707107 0
    outer loop
      vertex 18.3938 -11.1318 7
      vertex 29.6062 -22.3443 7
      vertex 18.3938 -11.1318 0
    endloop
  endfacet
  facet normal 0.707107 0.707107 0
    outer loop
      vertex 29.6062 -22.3443 7
      vertex 29.6062 -22.3443 0
      vertex 18.3938 -11.1318 0
    endloop
  endfacet
  facet normal 0.199169 -0.979965 0
    outer loop
      vertex 12.3931 -20.0833 178
      vertex 12.3931 -20.0833 185
      vertex 12.2299 -20.1165 178
    endloop
  endfacet
  facet normal 0.199169 -0.979965 0
    outer loop
      vertex 12.3931 -20.0833 185
      vertex 12.2299 -20.1165 185
      vertex 12.2299 -20.1165 178
    endloop
  endfacet
  facet normal 0.24114 -0.97049 0
    outer loop
      vertex 12.2299 -20.1165 178
      vertex 12.2299 -20.1165 185
      vertex 12.0684 -20.1566 178
    endloop
  endfacet
  facet normal 0.24114 -0.97049 0
    outer loop
      vertex 12.2299 -20.1165 185
      vertex 12.0684 -20.1566 185
      vertex 12.0684 -20.1566 178
    endloop
  endfacet
  facet normal 0.282674 -0.959216 0
    outer loop
      vertex 12.0684 -20.1566 178
      vertex 12.0684 -20.1566 185
      vertex 11.9087 -20.2037 178
    endloop
  endfacet
  facet normal 0.282674 -0.959216 0
    outer loop
      vertex 12.0684 -20.1566 185
      vertex 11.9087 -20.2037 185
      vertex 11.9087 -20.2037 178
    endloop
  endfacet
  facet normal 0.323673 -0.946169 0
    outer loop
      vertex 11.9087 -20.2037 178
      vertex 11.9087 -20.2037 185
      vertex 11.7512 -20.2576 178
    endloop
  endfacet
  facet normal 0.323673 -0.946169 0
    outer loop
      vertex 11.9087 -20.2037 185
      vertex 11.7512 -20.2576 185
      vertex 11.7512 -20.2576 178
    endloop
  endfacet
  facet normal 0.364087 -0.931365 0
    outer loop
      vertex 11.7512 -20.2576 178
      vertex 11.7512 -20.2576 185
      vertex 11.5962 -20.3182 178
    endloop
  endfacet
  facet normal 0.364087 -0.931365 0
    outer loop
      vertex 11.7512 -20.2576 185
      vertex 11.5962 -20.3182 185
      vertex 11.5962 -20.3182 178
    endloop
  endfacet
  facet normal 0.403811 -0.914843 0
    outer loop
      vertex 11.5962 -20.3182 178
      vertex 11.5962 -20.3182 185
      vertex 11.4439 -20.3854 178
    endloop
  endfacet
  facet normal 0.403811 -0.914843 0
    outer loop
      vertex 11.5962 -20.3182 185
      vertex 11.4439 -20.3854 185
      vertex 11.4439 -20.3854 178
    endloop
  endfacet
  facet normal 0.442804 -0.896618 0
    outer loop
      vertex 11.4439 -20.3854 178
      vertex 11.4439 -20.3854 185
      vertex 11.2946 -20.4591 178
    endloop
  endfacet
  facet normal 0.442804 -0.896618 0
    outer loop
      vertex 11.4439 -20.3854 185
      vertex 11.2946 -20.4591 185
      vertex 11.2946 -20.4591 178
    endloop
  endfacet
  facet normal 0.48096 -0.876742 0
    outer loop
      vertex 11.2946 -20.4591 178
      vertex 11.2946 -20.4591 185
      vertex 11.1487 -20.5392 178
    endloop
  endfacet
  facet normal 0.48096 -0.876742 0
    outer loop
      vertex 11.2946 -20.4591 185
      vertex 11.1487 -20.5392 185
      vertex 11.1487 -20.5392 178
    endloop
  endfacet
  facet normal 0.518242 -0.855234 0
    outer loop
      vertex 11.1487 -20.5392 178
      vertex 11.1487 -20.5392 185
      vertex 11.0063 -20.6255 178
    endloop
  endfacet
  facet normal 0.518242 -0.855234 0
    outer loop
      vertex 11.1487 -20.5392 185
      vertex 11.0063 -20.6255 185
      vertex 11.0063 -20.6255 178
    endloop
  endfacet
  facet normal 0.55455 -0.83215 0
    outer loop
      vertex 11.0063 -20.6255 178
      vertex 11.0063 -20.6255 185
      vertex 10.8678 -20.7178 178
    endloop
  endfacet
  facet normal 0.55455 -0.83215 0
    outer loop
      vertex 11.0063 -20.6255 185
      vertex 10.8678 -20.7178 185
      vertex 10.8678 -20.7178 178
    endloop
  endfacet
  facet normal 0.589842 -0.807518 0
    outer loop
      vertex 10.8678 -20.7178 178
      vertex 10.8678 -20.7178 185
      vertex 10.7333 -20.816 178
    endloop
  endfacet
  facet normal 0.589842 -0.807518 0
    outer loop
      vertex 10.8678 -20.7178 185
      vertex 10.7333 -20.816 185
      vertex 10.7333 -20.816 178
    endloop
  endfacet
  facet normal 0.624038 -0.781394 0
    outer loop
      vertex 10.7333 -20.816 178
      vertex 10.7333 -20.816 185
      vertex 10.6033 -20.9198 178
    endloop
  endfacet
  facet normal 0.624038 -0.781394 0
    outer loop
      vertex 10.7333 -20.816 185
      vertex 10.6033 -20.9198 185
      vertex 10.6033 -20.9198 178
    endloop
  endfacet
  facet normal 0.657076 -0.753824 0
    outer loop
      vertex 10.6033 -20.9198 178
      vertex 10.6033 -20.9198 185
      vertex 10.4778 -21.0292 178
    endloop
  endfacet
  facet normal 0.657076 -0.753824 0
    outer loop
      vertex 10.6033 -20.9198 185
      vertex 10.4778 -21.0292 185
      vertex 10.4778 -21.0292 178
    endloop
  endfacet
  facet normal 0.6889 -0.724857 0
    outer loop
      vertex 10.4778 -21.0292 178
      vertex 10.4778 -21.0292 185
      vertex 10.3571 -21.1439 178
    endloop
  endfacet
  facet normal 0.6889 -0.724857 0
    outer loop
      vertex 10.4778 -21.0292 185
      vertex 10.3571 -21.1439 185
      vertex 10.3571 -21.1439 178
    endloop
  endfacet
  facet normal 0.71944 -0.694555 0
    outer loop
      vertex 10.3571 -21.1439 178
      vertex 10.3571 -21.1439 185
      vertex 10.2415 -21.2637 178
    endloop
  endfacet
  facet normal 0.71944 -0.694555 0
    outer loop
      vertex 10.3571 -21.1439 185
      vertex 10.2415 -21.2637 185
      vertex 10.2415 -21.2637 178
    endloop
  endfacet
  facet normal 0.748662 -0.662952 0
    outer loop
      vertex 10.2415 -21.2637 178
      vertex 10.2415 -21.2637 185
      vertex 10.1311 -21.3883 178
    endloop
  endfacet
  facet normal 0.748662 -0.662952 0
    outer loop
      vertex 10.2415 -21.2637 185
      vertex 10.1311 -21.3883 185
      vertex 10.1311 -21.3883 178
    endloop
  endfacet
  facet normal 0.77649 -0.630129 0
    outer loop
      vertex 10.1311 -21.3883 178
      vertex 10.1311 -21.3883 185
      vertex 10.0262 -21.5176 178
    endloop
  endfacet
  facet normal 0.77649 -0.630129 0
    outer loop
      vertex 10.1311 -21.3883 185
      vertex 10.0262 -21.5176 185
      vertex 10.0262 -21.5176 178
    endloop
  endfacet
  facet normal 0.802878 -0.596144 0
    outer loop
      vertex 10.0262 -21.5176 178
      vertex 10.0262 -21.5176 185
      vertex 9.927 -21.6512 178
    endloop
  endfacet
  facet normal 0.802878 -0.596144 0
    outer loop
      vertex 10.0262 -21.5176 185
      vertex 9.927 -21.6512 185
      vertex 9.927 -21.6512 178
    endloop
  endfacet
  facet normal 0.827787 -0.561042 0
    outer loop
      vertex 9.927 -21.6512 178
      vertex 9.927 -21.6512 185
      vertex 9.8336 -21.789 178
    endloop
  endfacet
  facet normal 0.827787 -0.561042 0
    outer loop
      vertex 9.927 -21.6512 185
      vertex 9.8336 -21.789 185
      vertex 9.8336 -21.789 178
    endloop
  endfacet
  facet normal 0.851154 -0.524916 0
    outer loop
      vertex 9.8336 -21.789 178
      vertex 9.8336 -21.789 185
      vertex 9.74622 -21.9307 178
    endloop
  endfacet
  facet normal 0.851154 -0.524916 0
    outer loop
      vertex 9.8336 -21.789 185
      vertex 9.74622 -21.9307 185
      vertex 9.74622 -21.9307 178
    endloop
  endfacet
  facet normal 0.872949 -0.487811 0
    outer loop
      vertex 9.74622 -21.9307 178
      vertex 9.74622 -21.9307 185
      vertex 9.66502 -22.076 178
    endloop
  endfacet
  facet normal 0.872949 -0.487811 0
    outer loop
      vertex 9.74622 -21.9307 185
      vertex 9.66502 -22.076 185
      vertex 9.66502 -22.076 178
    endloop
  endfacet
  facet normal 0.893128 -0.449803 0
    outer loop
      vertex 9.66502 -22.076 178
      vertex 9.66502 -22.076 185
      vertex 9.59014 -22.2247 178
    endloop
  endfacet
  facet normal 0.893128 -0.449803 0
    outer loop
      vertex 9.66502 -22.076 185
      vertex 9.59014 -22.2247 185
      vertex 9.59014 -22.2247 178
    endloop
  endfacet
  facet normal 0.911654 -0.410958 0
    outer loop
      vertex 9.59014 -22.2247 178
      vertex 9.59014 -22.2247 185
      vertex 9.52173 -22.3764 178
    endloop
  endfacet
  facet normal 0.911654 -0.410958 0
    outer loop
      vertex 9.59014 -22.2247 185
      vertex 9.52173 -22.3764 185
      vertex 9.52173 -22.3764 178
    endloop
  endfacet
  facet normal 0.928488 -0.371362 0
    outer loop
      vertex 9.52173 -22.3764 178
      vertex 9.52173 -22.3764 185
      vertex 9.45991 -22.531 178
    endloop
  endfacet
  facet normal 0.928488 -0.371362 0
    outer loop
      vertex 9.52173 -22.3764 185
      vertex 9.45991 -22.531 185
      vertex 9.45991 -22.531 178
    endloop
  endfacet
  facet normal 0.943606 -0.33107 0
    outer loop
      vertex 9.45991 -22.531 178
      vertex 9.45991 -22.531 185
      vertex 9.4048 -22.6881 178
    endloop
  endfacet
  facet normal 0.943606 -0.33107 0
    outer loop
      vertex 9.45991 -22.531 185
      vertex 9.4048 -22.6881 185
      vertex 9.4048 -22.6881 178
    endloop
  endfacet
  facet normal 0.956977 -0.290163 0
    outer loop
      vertex 9.4048 -22.6881 178
      vertex 9.4048 -22.6881 185
      vertex 9.35649 -22.8474 178
    endloop
  endfacet
  facet normal 0.956977 -0.290163 0
    outer loop
      vertex 9.4048 -22.6881 185
      vertex 9.35649 -22.8474 185
      vertex 9.35649 -22.8474 178
    endloop
  endfacet
  facet normal 0.968573 -0.248728 0
    outer loop
      vertex 9.35649 -22.8474 178
      vertex 9.35649 -22.8474 185
      vertex 9.31509 -23.0086 178
    endloop
  endfacet
  facet normal 0.968573 -0.248728 0
    outer loop
      vertex 9.35649 -22.8474 185
      vertex 9.31509 -23.0086 185
      vertex 9.31509 -23.0086 178
    endloop
  endfacet
  facet normal 0.978377 -0.206828 0
    outer loop
      vertex 9.31509 -23.0086 178
      vertex 9.31509 -23.0086 185
      vertex 9.28066 -23.1715 178
    endloop
  endfacet
  facet normal 0.978377 -0.206828 0
    outer loop
      vertex 9.31509 -23.0086 185
      vertex 9.28066 -23.1715 185
      vertex 9.28066 -23.1715 178
    endloop
  endfacet
  facet normal 0.98637 -0.164544 0
    outer loop
      vertex 9.28066 -23.1715 178
      vertex 9.28066 -23.1715 185
      vertex 9.25327 -23.3357 178
    endloop
  endfacet
  facet normal 0.98637 -0.164544 0
    outer loop
      vertex 9.28066 -23.1715 185
      vertex 9.25327 -23.3357 185
      vertex 9.25327 -23.3357 178
    endloop
  endfacet
  facet normal 0.992535 -0.121956 0
    outer loop
      vertex 9.25327 -23.3357 178
      vertex 9.25327 -23.3357 185
      vertex 9.23297 -23.5009 178
    endloop
  endfacet
  facet normal 0.992535 -0.121956 0
    outer loop
      vertex 9.25327 -23.3357 185
      vertex 9.23297 -23.5009 185
      vertex 9.23297 -23.5009 178
    endloop
  endfacet
  facet normal 0.996863 -0.0791417 0
    outer loop
      vertex 9.23297 -23.5009 178
      vertex 9.23297 -23.5009 185
      vertex 9.21979 -23.6669 178
    endloop
  endfacet
  facet normal 0.996863 -0.0791417 0
    outer loop
      vertex 9.23297 -23.5009 185
      vertex 9.21979 -23.6669 185
      vertex 9.21979 -23.6669 178
    endloop
  endfacet
  facet normal 0.999345 -0.0361808 0
    outer loop
      vertex 9.21979 -23.6669 178
      vertex 9.21979 -23.6669 185
      vertex 9.21377 -23.8332 178
    endloop
  endfacet
  facet normal 0.999345 -0.0361808 0
    outer loop
      vertex 9.21979 -23.6669 185
      vertex 9.21377 -23.8332 185
      vertex 9.21377 -23.8332 178
    endloop
  endfacet
  facet normal 0.999977 0.00684777 0
    outer loop
      vertex 9.21377 -23.8332 178
      vertex 9.21377 -23.8332 185
      vertex 9.21491 -23.9997 178
    endloop
  endfacet
  facet normal 0.999977 0.00684777 0
    outer loop
      vertex 9.21377 -23.8332 185
      vertex 9.21491 -23.9997 185
      vertex 9.21491 -23.9997 178
    endloop
  endfacet
  facet normal 0.998756 0.0498595 0
    outer loop
      vertex 9.21491 -23.9997 178
      vertex 9.21491 -23.9997 185
      vertex 9.22321 -24.1659 178
    endloop
  endfacet
  facet normal 0.998756 0.0498595 0
    outer loop
      vertex 9.21491 -23.9997 185
      vertex 9.22321 -24.1659 185
      vertex 9.22321 -24.1659 178
    endloop
  endfacet
  facet normal 0.995686 0.0927878 0
    outer loop
      vertex 9.22321 -24.1659 178
      vertex 9.22321 -24.1659 185
      vertex 9.23865 -24.3317 178
    endloop
  endfacet
  facet normal 0.995686 0.0927878 0
    outer loop
      vertex 9.22321 -24.1659 185
      vertex 9.23865 -24.3317 185
      vertex 9.23865 -24.3317 178
    endloop
  endfacet
  facet normal 0.990773 0.135535 0
    outer loop
      vertex 9.23865 -24.3317 178
      vertex 9.23865 -24.3317 185
      vertex 9.26122 -24.4966 178
    endloop
  endfacet
  facet normal 0.990773 0.135535 0
    outer loop
      vertex 9.23865 -24.3317 185
      vertex 9.26122 -24.4966 185
      vertex 9.26122 -24.4966 178
    endloop
  endfacet
  facet normal 0.984025 0.178032 0
    outer loop
      vertex 9.26122 -24.4966 178
      vertex 9.26122 -24.4966 185
      vertex 9.29085 -24.6604 178
    endloop
  endfacet
  facet normal 0.984025 0.178032 0
    outer loop
      vertex 9.26122 -24.4966 185
      vertex 9.29085 -24.6604 185
      vertex 9.29085 -24.6604 178
    endloop
  endfacet
  facet normal 0.975453 0.220206 0
    outer loop
      vertex 9.29085 -24.6604 178
      vertex 9.29085 -24.6604 185
      vertex 9.32751 -24.8228 178
    endloop
  endfacet
  facet normal 0.975453 0.220206 0
    outer loop
      vertex 9.29085 -24.6604 185
      vertex 9.32751 -24.8228 185
      vertex 9.32751 -24.8228 178
    endloop
  endfacet
  facet normal 0.965076 0.261969 0
    outer loop
      vertex 9.32751 -24.8228 178
      vertex 9.32751 -24.8228 185
      vertex 9.37112 -24.9835 178
    endloop
  endfacet
  facet normal 0.965076 0.261969 0
    outer loop
      vertex 9.32751 -24.8228 185
      vertex 9.37112 -24.9835 185
      vertex 9.37112 -24.9835 178
    endloop
  endfacet
  facet normal 0.952912 0.303246 0
    outer loop
      vertex 9.37112 -24.9835 178
      vertex 9.37112 -24.9835 185
      vertex 9.4216 -25.1421 178
    endloop
  endfacet
  facet normal 0.952912 0.303246 0
    outer loop
      vertex 9.37112 -24.9835 185
      vertex 9.4216 -25.1421 185
      vertex 9.4216 -25.1421 178
    endloop
  endfacet
  facet normal 0.938986 0.343956 0
    outer loop
      vertex 9.4216 -25.1421 178
      vertex 9.4216 -25.1421 185
      vertex 9.47886 -25.2984 178
    endloop
  endfacet
  facet normal 0.938986 0.343956 0
    outer loop
      vertex 9.4216 -25.1421 185
      vertex 9.47886 -25.2984 185
      vertex 9.47886 -25.2984 178
    endloop
  endfacet
  facet normal 0.923317 0.384038 0
    outer loop
      vertex 9.47886 -25.2984 178
      vertex 9.47886 -25.2984 185
      vertex 9.54279 -25.4521 178
    endloop
  endfacet
  facet normal 0.923317 0.384038 0
    outer loop
      vertex 9.47886 -25.2984 185
      vertex 9.54279 -25.4521 185
      vertex 9.54279 -25.4521 178
    endloop
  endfacet
  facet normal 0.905939 0.423408 0
    outer loop
      vertex 9.54279 -25.4521 178
      vertex 9.54279 -25.4521 185
      vertex 9.61327 -25.6029 178
    endloop
  endfacet
  facet normal 0.905939 0.423408 0
    outer loop
      vertex 9.54279 -25.4521 185
      vertex 9.61327 -25.6029 185
      vertex 9.61327 -25.6029 178
    endloop
  endfacet
  facet normal 0.886886 0.461989 0
    outer loop
      vertex 9.61327 -25.6029 178
      vertex 9.61327 -25.6029 185
      vertex 9.69018 -25.7506 178
    endloop
  endfacet
  facet normal 0.886886 0.461989 0
    outer loop
      vertex 9.61327 -25.6029 185
      vertex 9.69018 -25.7506 185
      vertex 9.69018 -25.7506 178
    endloop
  endfacet
  facet normal 0.866187 0.49972 0
    outer loop
      vertex 9.69018 -25.7506 178
      vertex 9.69018 -25.7506 185
      vertex 9.77336 -25.8947 178
    endloop
  endfacet
  facet normal 0.866187 0.49972 0
    outer loop
      vertex 9.69018 -25.7506 185
      vertex 9.77336 -25.8947 185
      vertex 9.77336 -25.8947 178
    endloop
  endfacet
  facet normal 0.84389 0.536517 0
    outer loop
      vertex 9.77336 -25.8947 178
      vertex 9.77336 -25.8947 185
      vertex 9.86268 -26.0352 178
    endloop
  endfacet
  facet normal 0.84389 0.536517 0
    outer loop
      vertex 9.77336 -25.8947 185
      vertex 9.86268 -26.0352 185
      vertex 9.86268 -26.0352 178
    endloop
  endfacet
  facet normal 0.820021 0.572334 0
    outer loop
      vertex 9.86268 -26.0352 178
      vertex 9.86268 -26.0352 185
      vertex 9.95795 -26.1717 178
    endloop
  endfacet
  facet normal 0.820021 0.572334 0
    outer loop
      vertex 9.86268 -26.0352 185
      vertex 9.95795 -26.1717 185
      vertex 9.95795 -26.1717 178
    endloop
  endfacet
  facet normal 0.794641 0.60708 0
    outer loop
      vertex 9.95795 -26.1717 178
      vertex 9.95795 -26.1717 185
      vertex 10.059 -26.304 178
    endloop
  endfacet
  facet normal 0.794641 0.60708 0
    outer loop
      vertex 9.95795 -26.1717 185
      vertex 10.059 -26.304 185
      vertex 10.059 -26.304 178
    endloop
  endfacet
  facet normal 0.767792 0.640699 0
    outer loop
      vertex 10.059 -26.304 178
      vertex 10.059 -26.304 185
      vertex 10.1657 -26.4318 178
    endloop
  endfacet
  facet normal 0.767792 0.640699 0
    outer loop
      vertex 10.059 -26.304 185
      vertex 10.1657 -26.4318 185
      vertex 10.1657 -26.4318 178
    endloop
  endfacet
  facet normal 0.739512 0.673143 0
    outer loop
      vertex 10.1657 -26.4318 178
      vertex 10.1657 -26.4318 185
      vertex 10.2777 -26.5549 178
    endloop
  endfacet
  facet normal 0.739512 0.673143 0
    outer loop
      vertex 10.1657 -26.4318 185
      vertex 10.2777 -26.5549 185
      vertex 10.2777 -26.5549 178
    endloop
  endfacet
  facet normal 0.709868 0.704335 0
    outer loop
      vertex 10.2777 -26.5549 178
      vertex 10.2777 -26.5549 185
      vertex 10.395 -26.6731 178
    endloop
  endfacet
  facet normal 0.709868 0.704335 0
    outer loop
      vertex 10.2777 -26.5549 185
      vertex 10.395 -26.6731 185
      vertex 10.395 -26.6731 178
    endloop
  endfacet
  facet normal 0.678909 0.734223 0
    outer loop
      vertex 10.395 -26.6731 178
      vertex 10.395 -26.6731 185
      vertex 10.5172 -26.7861 178
    endloop
  endfacet
  facet normal 0.678909 0.734223 0
    outer loop
      vertex 10.395 -26.6731 185
      vertex 10.5172 -26.7861 185
      vertex 10.5172 -26.7861 178
    endloop
  endfacet
  facet normal 0.646688 0.762755 0
    outer loop
      vertex 10.5172 -26.7861 178
      vertex 10.5172 -26.7861 185
      vertex 10.6442 -26.8938 178
    endloop
  endfacet
  facet normal 0.646688 0.762755 0
    outer loop
      vertex 10.5172 -26.7861 185
      vertex 10.6442 -26.8938 185
      vertex 10.6442 -26.8938 178
    endloop
  endfacet
  facet normal 0.613282 0.789864 0
    outer loop
      vertex 10.6442 -26.8938 178
      vertex 10.6442 -26.8938 185
      vertex 10.7757 -26.9959 178
    endloop
  endfacet
  facet normal 0.613282 0.789864 0
    outer loop
      vertex 10.6442 -26.8938 185
      vertex 10.7757 -26.9959 185
      vertex 10.7757 -26.9959 178
    endloop
  endfacet
  facet normal 0.578724 0.815524 0
    outer loop
      vertex 10.7757 -26.9959 178
      vertex 10.7757 -26.9959 185
      vertex 10.9114 -27.0922 178
    endloop
  endfacet
  facet normal 0.578724 0.815524 0
    outer loop
      vertex 10.7757 -26.9959 185
      vertex 10.9114 -27.0922 185
      vertex 10.9114 -27.0922 178
    endloop
  endfacet
  facet normal 0.543105 0.839665 0
    outer loop
      vertex 10.9114 -27.0922 178
      vertex 10.9114 -27.0922 185
      vertex 11.0512 -27.1826 178
    endloop
  endfacet
  facet normal 0.543105 0.839665 0
    outer loop
      vertex 10.9114 -27.0922 185
      vertex 11.0512 -27.1826 185
      vertex 11.0512 -27.1826 178
    endloop
  endfacet
  facet normal 0.506482 0.86225 0
    outer loop
      vertex 11.0512 -27.1826 178
      vertex 11.0512 -27.1826 185
      vertex 11.1947 -27.2669 178
    endloop
  endfacet
  facet normal 0.506482 0.86225 0
    outer loop
      vertex 11.0512 -27.1826 185
      vertex 11.1947 -27.2669 185
      vertex 11.1947 -27.2669 178
    endloop
  endfacet
  facet normal 0.468919 0.883241 0
    outer loop
      vertex 11.1947 -27.2669 178
      vertex 11.1947 -27.2669 185
      vertex 11.3418 -27.345 178
    endloop
  endfacet
  facet normal 0.468919 0.883241 0
    outer loop
      vertex 11.1947 -27.2669 185
      vertex 11.3418 -27.345 185
      vertex 11.3418 -27.345 178
    endloop
  endfacet
  facet normal 0.430475 0.902602 0
    outer loop
      vertex 11.3418 -27.345 178
      vertex 11.3418 -27.345 185
      vertex 11.492 -27.4166 178
    endloop
  endfacet
  facet normal 0.430475 0.902602 0
    outer loop
      vertex 11.3418 -27.345 185
      vertex 11.492 -27.4166 185
      vertex 11.492 -27.4166 178
    endloop
  endfacet
  facet normal 0.391255 0.920282 0
    outer loop
      vertex 11.492 -27.4166 178
      vertex 11.492 -27.4166 185
      vertex 11.6452 -27.4818 178
    endloop
  endfacet
  facet normal 0.391255 0.920282 0
    outer loop
      vertex 11.492 -27.4166 185
      vertex 11.6452 -27.4818 185
      vertex 11.6452 -27.4818 178
    endloop
  endfacet
  facet normal 0.351297 0.936264 0
    outer loop
      vertex 11.6452 -27.4818 178
      vertex 11.6452 -27.4818 185
      vertex 11.8011 -27.5402 178
    endloop
  endfacet
  facet normal 0.351297 0.936264 0
    outer loop
      vertex 11.6452 -27.4818 185
      vertex 11.8011 -27.5402 185
      vertex 11.8011 -27.5402 178
    endloop
  endfacet
  facet normal 0.310692 0.950511 0
    outer loop
      vertex 11.8011 -27.5402 178
      vertex 11.8011 -27.5402 185
      vertex 11.9593 -27.592 178
    endloop
  endfacet
  facet normal 0.310692 0.950511 0
    outer loop
      vertex 11.8011 -27.5402 185
      vertex 11.9593 -27.592 185
      vertex 11.9593 -27.592 178
    endloop
  endfacet
  facet normal 0.269506 0.962999 0
    outer loop
      vertex 11.9593 -27.592 178
      vertex 11.9593 -27.592 185
      vertex 12.1196 -27.6368 178
    endloop
  endfacet
  facet normal 0.269506 0.962999 0
    outer loop
      vertex 11.9593 -27.592 185
      vertex 12.1196 -27.6368 185
      vertex 12.1196 -27.6368 178
    endloop
  endfacet
  facet normal 0.227835 0.9737 0
    outer loop
      vertex 12.1196 -27.6368 178
      vertex 12.1196 -27.6368 185
      vertex 12.2817 -27.6748 178
    endloop
  endfacet
  facet normal 0.227835 0.9737 0
    outer loop
      vertex 12.1196 -27.6368 185
      vertex 12.2817 -27.6748 185
      vertex 12.2817 -27.6748 178
    endloop
  endfacet
  facet normal 0.18572 0.982603 0
    outer loop
      vertex 12.2817 -27.6748 178
      vertex 12.2817 -27.6748 185
      vertex 12.4453 -27.7057 178
    endloop
  endfacet
  facet normal 0.18572 0.982603 0
    outer loop
      vertex 12.2817 -27.6748 185
      vertex 12.4453 -27.7057 185
      vertex 12.4453 -27.7057 178
    endloop
  endfacet
  facet normal 0.14329 0.989681 0
    outer loop
      vertex 12.4453 -27.7057 178
      vertex 12.4453 -27.7057 185
      vertex 12.61 -27.7295 178
    endloop
  endfacet
  facet normal 0.14329 0.989681 0
    outer loop
      vertex 12.4453 -27.7057 185
      vertex 12.61 -27.7295 185
      vertex 12.61 -27.7295 178
    endloop
  endfacet
  facet normal 0.100569 0.99493 0
    outer loop
      vertex 12.61 -27.7295 178
      vertex 12.61 -27.7295 185
      vertex 12.7756 -27.7463 178
    endloop
  endfacet
  facet normal 0.100569 0.99493 0
    outer loop
      vertex 12.61 -27.7295 185
      vertex 12.7756 -27.7463 185
      vertex 12.7756 -27.7463 178
    endloop
  endfacet
  facet normal 0.0576696 0.998336 0
    outer loop
      vertex 12.7756 -27.7463 178
      vertex 12.7756 -27.7463 185
      vertex 12.9418 -27.7559 178
    endloop
  endfacet
  facet normal 0.0576696 0.998336 0
    outer loop
      vertex 12.7756 -27.7463 185
      vertex 12.9418 -27.7559 185
      vertex 12.9418 -27.7559 178
    endloop
  endfacet
  facet normal 0.0146692 0.999892 0
    outer loop
      vertex 12.9418 -27.7559 178
      vertex 12.9418 -27.7559 185
      vertex 13.1083 -27.7583 178
    endloop
  endfacet
  facet normal 0.0146692 0.999892 0
    outer loop
      vertex 12.9418 -27.7559 185
      vertex 13.1083 -27.7583 185
      vertex 13.1083 -27.7583 178
    endloop
  endfacet
  facet normal -0.0283536 0.999598 0
    outer loop
      vertex 13.1083 -27.7583 178
      vertex 13.1083 -27.7583 185
      vertex 13.2747 -27.7536 178
    endloop
  endfacet
  facet normal -0.0283536 0.999598 0
    outer loop
      vertex 13.1083 -27.7583 185
      vertex 13.2747 -27.7536 185
      vertex 13.2747 -27.7536 178
    endloop
  endfacet
  facet normal -0.0713429 0.997452 0
    outer loop
      vertex 13.2747 -27.7536 178
      vertex 13.2747 -27.7536 185
      vertex 13.4407 -27.7417 178
    endloop
  endfacet
  facet normal -0.0713429 0.997452 0
    outer loop
      vertex 13.2747 -27.7536 185
      vertex 13.4407 -27.7417 185
      vertex 13.4407 -27.7417 178
    endloop
  endfacet
  facet normal -0.114186 0.993459 0
    outer loop
      vertex 13.4407 -27.7417 178
      vertex 13.4407 -27.7417 185
      vertex 13.6061 -27.7227 178
    endloop
  endfacet
  facet normal -0.114186 0.993459 0
    outer loop
      vertex 13.4407 -27.7417 185
      vertex 13.6061 -27.7227 185
      vertex 13.6061 -27.7227 178
    endloop
  endfacet
  facet normal -0.156818 0.987628 0
    outer loop
      vertex 13.6061 -27.7227 178
      vertex 13.6061 -27.7227 185
      vertex 13.7705 -27.6966 178
    endloop
  endfacet
  facet normal -0.156818 0.987628 0
    outer loop
      vertex 13.6061 -27.7227 185
      vertex 13.7705 -27.6966 185
      vertex 13.7705 -27.6966 178
    endloop
  endfacet
  facet normal 0.510139 0.860092 0
    outer loop
      vertex -9.07762 -14.903 10.1241
      vertex -9.07762 -14.903 30.1241
      vertex -8.725 -15.1121 30.1241
    endloop
  endfacet
  facet normal 0.915312 0.402747 0
    outer loop
      vertex -16.1217 -6.67783 1
      vertex -16.1217 -6.67783 10.1241
      vertex -15.8151 -7.37469 1
    endloop
  endfacet
  facet normal 0.915312 0.402747 0
    outer loop
      vertex -16.1217 -6.67783 10.1241
      vertex -15.8151 -7.37469 10.1241
      vertex -15.8151 -7.37469 1
    endloop
  endfacet
  facet normal 0.896872 0.44229 0
    outer loop
      vertex -15.8151 -7.37469 1
      vertex -15.8151 -7.37469 10.1241
      vertex -15.4783 -8.05751 1
    endloop
  endfacet
  facet normal 0.896872 0.44229 0
    outer loop
      vertex -15.8151 -7.37469 10.1241
      vertex -15.4783 -8.05751 10.1241
      vertex -15.4783 -8.05751 1
    endloop
  endfacet
  facet normal 0.876726 0.480989 0
    outer loop
      vertex -15.4783 -8.05751 1
      vertex -15.4783 -8.05751 10.1241
      vertex -15.1121 -8.725 1
    endloop
  endfacet
  facet normal 0.876726 0.480989 0
    outer loop
      vertex -15.4783 -8.05751 10.1241
      vertex -15.1121 -8.725 10.1241
      vertex -15.1121 -8.725 1
    endloop
  endfacet
  facet normal 0.854912 0.518773 0
    outer loop
      vertex -15.1121 -8.725 1
      vertex -15.1121 -8.725 10.1241
      vertex -14.7172 -9.37588 1
    endloop
  endfacet
  facet normal 0.854912 0.518773 0
    outer loop
      vertex -15.1121 -8.725 10.1241
      vertex -14.7172 -9.37588 10.1241
      vertex -14.7172 -9.37588 1
    endloop
  endfacet
  facet normal 0.83147 0.55557 0
    outer loop
      vertex -14.7172 -9.37588 1
      vertex -14.7172 -9.37588 10.1241
      vertex -14.2942 -10.0089 1
    endloop
  endfacet
  facet normal 0.83147 0.55557 0
    outer loop
      vertex -14.7172 -9.37588 10.1241
      vertex -14.2942 -10.0089 10.1241
      vertex -14.2942 -10.0089 1
    endloop
  endfacet
  facet normal 0.806445 0.59131 0
    outer loop
      vertex -14.2942 -10.0089 1
      vertex -14.2942 -10.0089 10.1241
      vertex -13.844 -10.6229 1
    endloop
  endfacet
  facet normal 0.806445 0.59131 0
    outer loop
      vertex -14.2942 -10.0089 10.1241
      vertex -13.844 -10.6229 10.1241
      vertex -13.844 -10.6229 1
    endloop
  endfacet
  facet normal 0.779885 0.625923 0
    outer loop
      vertex -13.844 -10.6229 1
      vertex -13.844 -10.6229 10.1241
      vertex -13.3675 -11.2166 1
    endloop
  endfacet
  facet normal 0.779885 0.625923 0
    outer loop
      vertex -13.844 -10.6229 10.1241
      vertex -13.3675 -11.2166 10.1241
      vertex -13.3675 -11.2166 1
    endloop
  endfacet
  facet normal 0.751839 0.659347 0
    outer loop
      vertex -13.3675 -11.2166 1
      vertex -13.3675 -11.2166 10.1241
      vertex -12.8655 -11.789 1
    endloop
  endfacet
  facet normal 0.751839 0.659347 0
    outer loop
      vertex -13.3675 -11.2166 10.1241
      vertex -12.8655 -11.789 10.1241
      vertex -12.8655 -11.789 1
    endloop
  endfacet
  facet normal 0.722365 0.691512 0
    outer loop
      vertex -12.8655 -11.789 1
      vertex -12.8655 -11.789 10.1241
      vertex -12.339 -12.339 1
    endloop
  endfacet
  facet normal 0.722365 0.691512 0
    outer loop
      vertex -12.8655 -11.789 10.1241
      vertex -12.339 -12.339 10.1241
      vertex -12.339 -12.339 1
    endloop
  endfacet
  facet normal 0.691512 0.722365 0
    outer loop
      vertex -12.339 -12.339 1
      vertex -12.339 -12.339 10.1241
      vertex -11.789 -12.8655 1
    endloop
  endfacet
  facet normal 0.691512 0.722365 0
    outer loop
      vertex -12.339 -12.339 10.1241
      vertex -11.789 -12.8655 10.1241
      vertex -11.789 -12.8655 1
    endloop
  endfacet
  facet normal 0.659347 0.751839 0
    outer loop
      vertex -11.789 -12.8655 1
      vertex -11.789 -12.8655 10.1241
      vertex -11.2166 -13.3675 1
    endloop
  endfacet
  facet normal 0.659347 0.751839 0
    outer loop
      vertex -11.789 -12.8655 10.1241
      vertex -11.2166 -13.3675 10.1241
      vertex -11.2166 -13.3675 1
    endloop
  endfacet
  facet normal 0.625923 0.779885 0
    outer loop
      vertex -11.2166 -13.3675 1
      vertex -11.2166 -13.3675 10.1241
      vertex -10.6229 -13.844 1
    endloop
  endfacet
  facet normal 0.625923 0.779885 0
    outer loop
      vertex -11.2166 -13.3675 10.1241
      vertex -10.6229 -13.844 10.1241
      vertex -10.6229 -13.844 1
    endloop
  endfacet
  facet normal 0.59131 0.806445 0
    outer loop
      vertex -10.6229 -13.844 1
      vertex -10.6229 -13.844 10.1241
      vertex -10.0089 -14.2942 1
    endloop
  endfacet
  facet normal 0.59131 0.806445 0
    outer loop
      vertex -10.6229 -13.844 10.1241
      vertex -10.0089 -14.2942 10.1241
      vertex -10.0089 -14.2942 1
    endloop
  endfacet
  facet normal 0.55557 0.83147 0
    outer loop
      vertex -10.0089 -14.2942 1
      vertex -10.0089 -14.2942 10.1241
      vertex -9.37588 -14.7172 1
    endloop
  endfacet
  facet normal 0.55557 0.83147 0
    outer loop
      vertex -10.0089 -14.2942 10.1241
      vertex -9.37588 -14.7172 10.1241
      vertex -9.37588 -14.7172 1
    endloop
  endfacet
  facet normal 0.518773 0.854912 0
    outer loop
      vertex -9.37588 -14.7172 1
      vertex -9.37588 -14.7172 10.1241
      vertex -8.725 -15.1121 1
    endloop
  endfacet
  facet normal 0.402747 0.915312 0
    outer loop
      vertex -6.67783 -16.1217 30.1241
      vertex -6.67783 -16.1217 1
      vertex -7.37469 -15.8151 30.1241
    endloop
  endfacet
  facet normal 0.402747 0.915312 0
    outer loop
      vertex -6.67783 -16.1217 1
      vertex -7.37469 -15.8151 1
      vertex -7.37469 -15.8151 30.1241
    endloop
  endfacet
  facet normal 0.44229 0.896872 0
    outer loop
      vertex -7.37469 -15.8151 30.1241
      vertex -7.37469 -15.8151 1
      vertex -8.05751 -15.4783 30.1241
    endloop
  endfacet
  facet normal 0.44229 0.896872 0
    outer loop
      vertex -7.37469 -15.8151 1
      vertex -8.05751 -15.4783 1
      vertex -8.05751 -15.4783 30.1241
    endloop
  endfacet
  facet normal 0.480989 0.876726 0
    outer loop
      vertex -8.05751 -15.4783 30.1241
      vertex -8.05751 -15.4783 1
      vertex -8.725 -15.1121 30.1241
    endloop
  endfacet
  facet normal 0.480989 0.876726 0
    outer loop
      vertex -8.05751 -15.4783 1
      vertex -8.725 -15.1121 1
      vertex -8.725 -15.1121 30.1241
    endloop
  endfacet
  facet normal 0.510139 0.860092 0
    outer loop
      vertex -8.725 -15.1121 30.1241
      vertex -8.725 -15.1121 1
      vertex -9.07762 -14.903 10.1241
    endloop
  endfacet
  facet normal 0.52878 0.848758 0.000980228
    outer loop
      vertex -8.725 -15.1121 1
      vertex -9.37588 -14.7172 10.1241
      vertex -9.07762 -14.903 10.1241
    endloop
  endfacet
  facet normal 0.85404 -0.520208 0
    outer loop
      vertex 9.07762 14.903 10.1241
      vertex 10.118 16.6111 10.1241
      vertex 9.07762 14.903 30.1241
    endloop
  endfacet
  facet normal 0.85404 -0.520208 0
    outer loop
      vertex 10.118 16.6111 10.1241
      vertex 10.118 16.6111 30.1241
      vertex 9.07762 14.903 30.1241
    endloop
  endfacet
  facet normal 0.900376 -0.435112 0
    outer loop
      vertex -2 14.3614 160
      vertex -4.33681e-15 18.5 160
      vertex -2 14.3614 185
    endloop
  endfacet
  facet normal 0.900376 -0.435112 -6.24761e-17
    outer loop
      vertex -4.33681e-15 18.5 160
      vertex -2.60209e-15 18.5 185
      vertex -2 14.3614 185
    endloop
  endfacet
  facet normal -0.707107 -0.707107 0
    outer loop
      vertex 22.3443 -29.6062 7
      vertex 11.1318 -18.3938 7
      vertex 22.3443 -29.6062 0
    endloop
  endfacet
  facet normal -0.707107 -0.707107 0
    outer loop
      vertex 11.1318 -18.3938 7
      vertex 11.1318 -18.3938 0
      vertex 22.3443 -29.6062 0
    endloop
  endfacet
  facet normal 0.582246 0.813013 0
    outer loop
      vertex 19.875 -25.4747 178
      vertex 19.875 -25.4747 185
      vertex 20.0158 -25.5755 178
    endloop
  endfacet
  facet normal 0.582246 0.813013 0
    outer loop
      vertex 19.875 -25.4747 185
      vertex 20.0158 -25.5755 185
      vertex 20.0158 -25.5755 178
    endloop
  endfacet
  facet normal 0.546521 0.837446 0
    outer loop
      vertex 20.0158 -25.5755 178
      vertex 20.0158 -25.5755 185
      vertex 20.1608 -25.6702 178
    endloop
  endfacet
  facet normal 0.546521 0.837446 0
    outer loop
      vertex 20.0158 -25.5755 185
      vertex 20.1608 -25.6702 185
      vertex 20.1608 -25.6702 178
    endloop
  endfacet
  facet normal 0.509773 0.860309 0
    outer loop
      vertex 20.1608 -25.6702 178
      vertex 20.1608 -25.6702 185
      vertex 20.3097 -25.7584 178
    endloop
  endfacet
  facet normal 0.509773 0.860309 0
    outer loop
      vertex 20.1608 -25.6702 185
      vertex 20.3097 -25.7584 185
      vertex 20.3097 -25.7584 178
    endloop
  endfacet
  facet normal 0.472057 0.881568 0
    outer loop
      vertex 20.3097 -25.7584 178
      vertex 20.3097 -25.7584 185
      vertex 20.4624 -25.8402 178
    endloop
  endfacet
  facet normal 0.472057 0.881568 0
    outer loop
      vertex 20.3097 -25.7584 185
      vertex 20.4624 -25.8402 185
      vertex 20.4624 -25.8402 178
    endloop
  endfacet
  facet normal 0.433469 0.901169 0
    outer loop
      vertex 20.4624 -25.8402 178
      vertex 20.4624 -25.8402 185
      vertex 20.6184 -25.9152 178
    endloop
  endfacet
  facet normal 0.433469 0.901169 0
    outer loop
      vertex 20.4624 -25.8402 185
      vertex 20.6184 -25.9152 185
      vertex 20.6184 -25.9152 178
    endloop
  endfacet
  facet normal 0.394069 0.919081 0
    outer loop
      vertex 20.6184 -25.9152 178
      vertex 20.6184 -25.9152 185
      vertex 20.7775 -25.9835 178
    endloop
  endfacet
  facet normal 0.394069 0.919081 0
    outer loop
      vertex 20.6184 -25.9152 185
      vertex 20.7775 -25.9835 185
      vertex 20.7775 -25.9835 178
    endloop
  endfacet
  facet normal 0.353916 0.935277 0
    outer loop
      vertex 20.7775 -25.9835 178
      vertex 20.7775 -25.9835 185
      vertex 20.9395 -26.0447 178
    endloop
  endfacet
  facet normal 0.353916 0.935277 0
    outer loop
      vertex 20.7775 -25.9835 185
      vertex 20.9395 -26.0447 185
      vertex 20.9395 -26.0447 178
    endloop
  endfacet
  facet normal 0.313118 0.949714 0
    outer loop
      vertex 20.9395 -26.0447 178
      vertex 20.9395 -26.0447 185
      vertex 21.1039 -26.0989 178
    endloop
  endfacet
  facet normal 0.313118 0.949714 0
    outer loop
      vertex 20.9395 -26.0447 185
      vertex 21.1039 -26.0989 185
      vertex 21.1039 -26.0989 178
    endloop
  endfacet
  facet normal 0.271722 0.962376 0
    outer loop
      vertex 21.1039 -26.0989 178
      vertex 21.1039 -26.0989 185
      vertex 21.2705 -26.146 178
    endloop
  endfacet
  facet normal 0.271722 0.962376 0
    outer loop
      vertex 21.1039 -26.0989 185
      vertex 21.2705 -26.146 185
      vertex 21.2705 -26.146 178
    endloop
  endfacet
  facet normal 0.229821 0.973233 0
    outer loop
      vertex 21.2705 -26.146 178
      vertex 21.2705 -26.146 185
      vertex 21.4391 -26.1858 178
    endloop
  endfacet
  facet normal 0.229821 0.973233 0
    outer loop
      vertex 21.2705 -26.146 185
      vertex 21.4391 -26.1858 185
      vertex 21.4391 -26.1858 178
    endloop
  endfacet
  facet normal 0.187488 0.982267 0
    outer loop
      vertex 21.4391 -26.1858 178
      vertex 21.4391 -26.1858 185
      vertex 21.6091 -26.2182 178
    endloop
  endfacet
  facet normal 0.187488 0.982267 0
    outer loop
      vertex 21.4391 -26.1858 185
      vertex 21.6091 -26.2182 185
      vertex 21.6091 -26.2182 178
    endloop
  endfacet
  facet normal 0.144802 0.989461 0
    outer loop
      vertex 21.6091 -26.2182 178
      vertex 21.6091 -26.2182 185
      vertex 21.7804 -26.2433 178
    endloop
  endfacet
  facet normal 0.144802 0.989461 0
    outer loop
      vertex 21.6091 -26.2182 185
      vertex 21.7804 -26.2433 185
      vertex 21.7804 -26.2433 178
    endloop
  endfacet
  facet normal 0.101845 0.9948 0
    outer loop
      vertex 21.7804 -26.2433 178
      vertex 21.7804 -26.2433 185
      vertex 21.9527 -26.2609 178
    endloop
  endfacet
  facet normal 0.101845 0.9948 0
    outer loop
      vertex 21.7804 -26.2433 185
      vertex 21.9527 -26.2609 185
      vertex 21.9527 -26.2609 178
    endloop
  endfacet
  facet normal 0.0587056 0.998275 0
    outer loop
      vertex 21.9527 -26.2609 178
      vertex 21.9527 -26.2609 185
      vertex 22.1255 -26.2711 178
    endloop
  endfacet
  facet normal 0.0587056 0.998275 0
    outer loop
      vertex 21.9527 -26.2609 185
      vertex 22.1255 -26.2711 185
      vertex 22.1255 -26.2711 178
    endloop
  endfacet
  facet normal 0.0154483 0.999881 0
    outer loop
      vertex 22.1255 -26.2711 178
      vertex 22.1255 -26.2711 185
      vertex 22.2987 -26.2738 178
    endloop
  endfacet
  facet normal 0.0154483 0.999881 0
    outer loop
      vertex 22.1255 -26.2711 185
      vertex 22.2987 -26.2738 185
      vertex 22.2987 -26.2738 178
    endloop
  endfacet
  facet normal -0.0278414 0.999612 0
    outer loop
      vertex 22.2987 -26.2738 178
      vertex 22.2987 -26.2738 185
      vertex 22.4717 -26.269 178
    endloop
  endfacet
  facet normal -0.0278414 0.999612 0
    outer loop
      vertex 22.2987 -26.2738 185
      vertex 22.4717 -26.269 185
      vertex 22.4717 -26.269 178
    endloop
  endfacet
  facet normal -0.0710666 0.997472 0
    outer loop
      vertex 22.4717 -26.269 178
      vertex 22.4717 -26.269 185
      vertex 22.6444 -26.2567 178
    endloop
  endfacet
  facet normal -0.0710666 0.997472 0
    outer loop
      vertex 22.4717 -26.269 185
      vertex 22.6444 -26.2567 185
      vertex 22.6444 -26.2567 178
    endloop
  endfacet
  facet normal -0.114174 0.993461 0
    outer loop
      vertex 22.6444 -26.2567 178
      vertex 22.6444 -26.2567 185
      vertex 22.8164 -26.2369 178
    endloop
  endfacet
  facet normal -0.114174 0.993461 0
    outer loop
      vertex 22.6444 -26.2567 185
      vertex 22.8164 -26.2369 185
      vertex 22.8164 -26.2369 178
    endloop
  endfacet
  facet normal -0.157054 0.98759 0
    outer loop
      vertex 22.8164 -26.2369 178
      vertex 22.8164 -26.2369 185
      vertex 22.9874 -26.2097 178
    endloop
  endfacet
  facet normal -0.157054 0.98759 0
    outer loop
      vertex 22.8164 -26.2369 185
      vertex 22.9874 -26.2097 185
      vertex 22.9874 -26.2097 178
    endloop
  endfacet
  facet normal -0.199646 0.979868 0
    outer loop
      vertex 22.9874 -26.2097 178
      vertex 22.9874 -26.2097 185
      vertex 23.1571 -26.1751 178
    endloop
  endfacet
  facet normal -0.199646 0.979868 0
    outer loop
      vertex 22.9874 -26.2097 185
      vertex 23.1571 -26.1751 185
      vertex 23.1571 -26.1751 178
    endloop
  endfacet
  facet normal -0.241857 0.970312 0
    outer loop
      vertex 23.1571 -26.1751 178
      vertex 23.1571 -26.1751 185
      vertex 23.3251 -26.1333 178
    endloop
  endfacet
  facet normal -0.241857 0.970312 0
    outer loop
      vertex 23.1571 -26.1751 185
      vertex 23.3251 -26.1333 185
      vertex 23.3251 -26.1333 178
    endloop
  endfacet
  facet normal -0.283634 0.958933 0
    outer loop
      vertex 23.3251 -26.1333 178
      vertex 23.3251 -26.1333 185
      vertex 23.4911 -26.0841 178
    endloop
  endfacet
  facet normal -0.283634 0.958933 0
    outer loop
      vertex 23.3251 -26.1333 185
      vertex 23.4911 -26.0841 185
      vertex 23.4911 -26.0841 178
    endloop
  endfacet
  facet normal -0.324854 0.945764 0
    outer loop
      vertex 23.4911 -26.0841 178
      vertex 23.4911 -26.0841 185
      vertex 23.6549 -26.0279 178
    endloop
  endfacet
  facet normal -0.324854 0.945764 0
    outer loop
      vertex 23.4911 -26.0841 185
      vertex 23.6549 -26.0279 185
      vertex 23.6549 -26.0279 178
    endloop
  endfacet
  facet normal -0.365489 0.930816 0
    outer loop
      vertex 23.6549 -26.0279 178
      vertex 23.6549 -26.0279 185
      vertex 23.816 -25.9646 178
    endloop
  endfacet
  facet normal -0.365489 0.930816 0
    outer loop
      vertex 23.6549 -26.0279 185
      vertex 23.816 -25.9646 185
      vertex 23.816 -25.9646 178
    endloop
  endfacet
  facet normal -0.405422 0.91413 0
    outer loop
      vertex 23.816 -25.9646 178
      vertex 23.816 -25.9646 185
      vertex 23.9743 -25.8944 178
    endloop
  endfacet
  facet normal -0.405422 0.91413 0
    outer loop
      vertex 23.816 -25.9646 185
      vertex 23.9743 -25.8944 185
      vertex 23.9743 -25.8944 178
    endloop
  endfacet
  facet normal -0.444604 0.895727 0
    outer loop
      vertex 23.9743 -25.8944 178
      vertex 23.9743 -25.8944 185
      vertex 24.1294 -25.8174 178
    endloop
  endfacet
  facet normal -0.444604 0.895727 0
    outer loop
      vertex 23.9743 -25.8944 185
      vertex 24.1294 -25.8174 185
      vertex 24.1294 -25.8174 178
    endloop
  endfacet
  facet normal -0.482952 0.875647 0
    outer loop
      vertex 24.1294 -25.8174 178
      vertex 24.1294 -25.8174 185
      vertex 24.281 -25.7338 178
    endloop
  endfacet
  facet normal -0.482952 0.875647 0
    outer loop
      vertex 24.1294 -25.8174 185
      vertex 24.281 -25.7338 185
      vertex 24.281 -25.7338 178
    endloop
  endfacet
  facet normal -0.520391 0.853928 0
    outer loop
      vertex 24.281 -25.7338 178
      vertex 24.281 -25.7338 185
      vertex 24.4289 -25.6437 178
    endloop
  endfacet
  facet normal -0.520391 0.853928 0
    outer loop
      vertex 24.281 -25.7338 185
      vertex 24.4289 -25.6437 185
      vertex 24.4289 -25.6437 178
    endloop
  endfacet
  facet normal -0.556856 0.830609 0
    outer loop
      vertex 24.4289 -25.6437 178
      vertex 24.4289 -25.6437 185
      vertex 24.5727 -25.5473 178
    endloop
  endfacet
  facet normal -0.556856 0.830609 0
    outer loop
      vertex 24.4289 -25.6437 185
      vertex 24.5727 -25.5473 185
      vertex 24.5727 -25.5473 178
    endloop
  endfacet
  facet normal -0.592276 0.805735 0
    outer loop
      vertex 24.5727 -25.5473 178
      vertex 24.5727 -25.5473 185
      vertex 24.7122 -25.4448 178
    endloop
  endfacet
  facet normal -0.592276 0.805735 0
    outer loop
      vertex 24.5727 -25.5473 185
      vertex 24.7122 -25.4448 185
      vertex 24.7122 -25.4448 178
    endloop
  endfacet
  facet normal -0.626594 0.779346 0
    outer loop
      vertex 24.7122 -25.4448 178
      vertex 24.7122 -25.4448 185
      vertex 24.8471 -25.3363 178
    endloop
  endfacet
  facet normal -0.626594 0.779346 0
    outer loop
      vertex 24.7122 -25.4448 185
      vertex 24.8471 -25.3363 185
      vertex 24.8471 -25.3363 178
    endloop
  endfacet
  facet normal -0.65974 0.751494 0
    outer loop
      vertex 24.8471 -25.3363 178
      vertex 24.8471 -25.3363 185
      vertex 24.9772 -25.222 178
    endloop
  endfacet
  facet normal -0.65974 0.751494 0
    outer loop
      vertex 24.8471 -25.3363 185
      vertex 24.9772 -25.222 185
      vertex 24.9772 -25.222 178
    endloop
  endfacet
  facet normal -0.691633 0.722249 0
    outer loop
      vertex 24.9772 -25.222 178
      vertex 24.9772 -25.222 185
      vertex 25.1023 -25.1023 178
    endloop
  endfacet
  facet normal -0.691633 0.722249 0
    outer loop
      vertex 24.9772 -25.222 185
      vertex 25.1023 -25.1023 185
      vertex 25.1023 -25.1023 178
    endloop
  endfacet
  facet normal -0.722249 0.691633 0
    outer loop
      vertex 25.1023 -25.1023 178
      vertex 25.1023 -25.1023 185
      vertex 25.222 -24.9772 178
    endloop
  endfacet
  facet normal -0.722249 0.691633 0
    outer loop
      vertex 25.1023 -25.1023 185
      vertex 25.222 -24.9772 185
      vertex 25.222 -24.9772 178
    endloop
  endfacet
  facet normal -0.751494 0.65974 0
    outer loop
      vertex 25.222 -24.9772 178
      vertex 25.222 -24.9772 185
      vertex 25.3363 -24.8471 178
    endloop
  endfacet
  facet normal -0.751494 0.65974 0
    outer loop
      vertex 25.222 -24.9772 185
      vertex 25.3363 -24.8471 185
      vertex 25.3363 -24.8471 178
    endloop
  endfacet
  facet normal -0.779346 0.626594 0
    outer loop
      vertex 25.3363 -24.8471 178
      vertex 25.3363 -24.8471 185
      vertex 25.4448 -24.7122 178
    endloop
  endfacet
  facet normal -0.779346 0.626594 0
    outer loop
      vertex 25.3363 -24.8471 185
      vertex 25.4448 -24.7122 185
      vertex 25.4448 -24.7122 178
    endloop
  endfacet
  facet normal -0.805735 0.592276 0
    outer loop
      vertex 25.4448 -24.7122 178
      vertex 25.4448 -24.7122 185
      vertex 25.5473 -24.5727 178
    endloop
  endfacet
  facet normal -0.805735 0.592276 0
    outer loop
      vertex 25.4448 -24.7122 185
      vertex 25.5473 -24.5727 185
      vertex 25.5473 -24.5727 178
    endloop
  endfacet
  facet normal -0.830609 0.556856 0
    outer loop
      vertex 25.5473 -24.5727 178
      vertex 25.5473 -24.5727 185
      vertex 25.6437 -24.4289 178
    endloop
  endfacet
  facet normal -0.830609 0.556856 0
    outer loop
      vertex 25.5473 -24.5727 185
      vertex 25.6437 -24.4289 185
      vertex 25.6437 -24.4289 178
    endloop
  endfacet
  facet normal -0.853928 0.520391 0
    outer loop
      vertex 25.6437 -24.4289 178
      vertex 25.6437 -24.4289 185
      vertex 25.7338 -24.281 178
    endloop
  endfacet
  facet normal -0.853928 0.520391 0
    outer loop
      vertex 25.6437 -24.4289 185
      vertex 25.7338 -24.281 185
      vertex 25.7338 -24.281 178
    endloop
  endfacet
  facet normal -0.875647 0.482952 0
    outer loop
      vertex 25.7338 -24.281 178
      vertex 25.7338 -24.281 185
      vertex 25.8174 -24.1294 178
    endloop
  endfacet
  facet normal -0.875647 0.482952 0
    outer loop
      vertex 25.7338 -24.281 185
      vertex 25.8174 -24.1294 185
      vertex 25.8174 -24.1294 178
    endloop
  endfacet
  facet normal -0.895727 0.444604 0
    outer loop
      vertex 25.8174 -24.1294 178
      vertex 25.8174 -24.1294 185
      vertex 25.8944 -23.9743 178
    endloop
  endfacet
  facet normal -0.895727 0.444604 0
    outer loop
      vertex 25.8174 -24.1294 185
      vertex 25.8944 -23.9743 185
      vertex 25.8944 -23.9743 178
    endloop
  endfacet
  facet normal -0.91413 0.405422 0
    outer loop
      vertex 25.8944 -23.9743 178
      vertex 25.8944 -23.9743 185
      vertex 25.9646 -23.816 178
    endloop
  endfacet
  facet normal -0.91413 0.405422 0
    outer loop
      vertex 25.8944 -23.9743 185
      vertex 25.9646 -23.816 185
      vertex 25.9646 -23.816 178
    endloop
  endfacet
  facet normal -0.930816 0.365489 0
    outer loop
      vertex 25.9646 -23.816 178
      vertex 25.9646 -23.816 185
      vertex 26.0279 -23.6549 178
    endloop
  endfacet
  facet normal -0.930816 0.365489 0
    outer loop
      vertex 25.9646 -23.816 185
      vertex 26.0279 -23.6549 185
      vertex 26.0279 -23.6549 178
    endloop
  endfacet
  facet normal -0.945764 0.324854 0
    outer loop
      vertex 26.0279 -23.6549 178
      vertex 26.0279 -23.6549 185
      vertex 26.0841 -23.4911 178
    endloop
  endfacet
  facet normal -0.945764 0.324854 0
    outer loop
      vertex 26.0279 -23.6549 185
      vertex 26.0841 -23.4911 185
      vertex 26.0841 -23.4911 178
    endloop
  endfacet
  facet normal -0.958933 0.283634 0
    outer loop
      vertex 26.0841 -23.4911 178
      vertex 26.0841 -23.4911 185
      vertex 26.1333 -23.3251 178
    endloop
  endfacet
  facet normal -0.958933 0.283634 0
    outer loop
      vertex 26.0841 -23.4911 185
      vertex 26.1333 -23.3251 185
      vertex 26.1333 -23.3251 178
    endloop
  endfacet
  facet normal -0.970312 0.241857 0
    outer loop
      vertex 26.1333 -23.3251 178
      vertex 26.1333 -23.3251 185
      vertex 26.1751 -23.1571 178
    endloop
  endfacet
  facet normal -0.970312 0.241857 0
    outer loop
      vertex 26.1333 -23.3251 185
      vertex 26.1751 -23.1571 185
      vertex 26.1751 -23.1571 178
    endloop
  endfacet
  facet normal -0.979868 0.199646 0
    outer loop
      vertex 26.1751 -23.1571 178
      vertex 26.1751 -23.1571 185
      vertex 26.2097 -22.9874 178
    endloop
  endfacet
  facet normal -0.979868 0.199646 0
    outer loop
      vertex 26.1751 -23.1571 185
      vertex 26.2097 -22.9874 185
      vertex 26.2097 -22.9874 178
    endloop
  endfacet
  facet normal -0.98759 0.157054 0
    outer loop
      vertex 26.2097 -22.9874 178
      vertex 26.2097 -22.9874 185
      vertex 26.2369 -22.8164 178
    endloop
  endfacet
  facet normal -0.98759 0.157054 0
    outer loop
      vertex 26.2097 -22.9874 185
      vertex 26.2369 -22.8164 185
      vertex 26.2369 -22.8164 178
    endloop
  endfacet
  facet normal -0.993461 0.114174 0
    outer loop
      vertex 26.2369 -22.8164 178
      vertex 26.2369 -22.8164 185
      vertex 26.2567 -22.6444 178
    endloop
  endfacet
  facet normal -0.993461 0.114174 0
    outer loop
      vertex 26.2369 -22.8164 185
      vertex 26.2567 -22.6444 185
      vertex 26.2567 -22.6444 178
    endloop
  endfacet
  facet normal -0.997472 0.0710666 0
    outer loop
      vertex 26.2567 -22.6444 178
      vertex 26.2567 -22.6444 185
      vertex 26.269 -22.4717 178
    endloop
  endfacet
  facet normal -0.997472 0.0710666 0
    outer loop
      vertex 26.2567 -22.6444 185
      vertex 26.269 -22.4717 185
      vertex 26.269 -22.4717 178
    endloop
  endfacet
  facet normal -0.999612 0.0278414 0
    outer loop
      vertex 26.269 -22.4717 178
      vertex 26.269 -22.4717 185
      vertex 26.2738 -22.2987 178
    endloop
  endfacet
  facet normal -0.999612 0.0278414 0
    outer loop
      vertex 26.269 -22.4717 185
      vertex 26.2738 -22.2987 185
      vertex 26.2738 -22.2987 178
    endloop
  endfacet
  facet normal -0.999881 -0.0154483 0
    outer loop
      vertex 26.2738 -22.2987 178
      vertex 26.2738 -22.2987 185
      vertex 26.2711 -22.1255 178
    endloop
  endfacet
  facet normal -0.999881 -0.0154483 0
    outer loop
      vertex 26.2738 -22.2987 185
      vertex 26.2711 -22.1255 185
      vertex 26.2711 -22.1255 178
    endloop
  endfacet
  facet normal -0.998275 -0.0587056 0
    outer loop
      vertex 26.2711 -22.1255 178
      vertex 26.2711 -22.1255 185
      vertex 26.2609 -21.9527 178
    endloop
  endfacet
  facet normal -0.998275 -0.0587056 0
    outer loop
      vertex 26.2711 -22.1255 185
      vertex 26.2609 -21.9527 185
      vertex 26.2609 -21.9527 178
    endloop
  endfacet
  facet normal -0.9948 -0.101845 0
    outer loop
      vertex 26.2609 -21.9527 178
      vertex 26.2609 -21.9527 185
      vertex 26.2433 -21.7804 178
    endloop
  endfacet
  facet normal -0.9948 -0.101845 0
    outer loop
      vertex 26.2609 -21.9527 185
      vertex 26.2433 -21.7804 185
      vertex 26.2433 -21.7804 178
    endloop
  endfacet
  facet normal -0.989461 -0.144802 0
    outer loop
      vertex 26.2433 -21.7804 178
      vertex 26.2433 -21.7804 185
      vertex 26.2182 -21.6091 178
    endloop
  endfacet
  facet normal -0.989461 -0.144802 0
    outer loop
      vertex 26.2433 -21.7804 185
      vertex 26.2182 -21.6091 185
      vertex 26.2182 -21.6091 178
    endloop
  endfacet
  facet normal -0.982267 -0.187488 0
    outer loop
      vertex 26.2182 -21.6091 178
      vertex 26.2182 -21.6091 185
      vertex 26.1858 -21.4391 178
    endloop
  endfacet
  facet normal -0.982267 -0.187488 0
    outer loop
      vertex 26.2182 -21.6091 185
      vertex 26.1858 -21.4391 185
      vertex 26.1858 -21.4391 178
    endloop
  endfacet
  facet normal -0.973233 -0.229821 0
    outer loop
      vertex 26.1858 -21.4391 178
      vertex 26.1858 -21.4391 185
      vertex 26.146 -21.2705 178
    endloop
  endfacet
  facet normal -0.973233 -0.229821 0
    outer loop
      vertex 26.1858 -21.4391 185
      vertex 26.146 -21.2705 185
      vertex 26.146 -21.2705 178
    endloop
  endfacet
  facet normal -0.962376 -0.271722 0
    outer loop
      vertex 26.146 -21.2705 178
      vertex 26.146 -21.2705 185
      vertex 26.0989 -21.1039 178
    endloop
  endfacet
  facet normal -0.962376 -0.271722 0
    outer loop
      vertex 26.146 -21.2705 185
      vertex 26.0989 -21.1039 185
      vertex 26.0989 -21.1039 178
    endloop
  endfacet
  facet normal -0.949714 -0.313118 0
    outer loop
      vertex 26.0989 -21.1039 178
      vertex 26.0989 -21.1039 185
      vertex 26.0447 -20.9395 178
    endloop
  endfacet
  facet normal -0.949714 -0.313118 0
    outer loop
      vertex 26.0989 -21.1039 185
      vertex 26.0447 -20.9395 185
      vertex 26.0447 -20.9395 178
    endloop
  endfacet
  facet normal -0.935277 -0.353916 0
    outer loop
      vertex 26.0447 -20.9395 178
      vertex 26.0447 -20.9395 185
      vertex 25.9835 -20.7775 178
    endloop
  endfacet
  facet normal -0.935277 -0.353916 0
    outer loop
      vertex 26.0447 -20.9395 185
      vertex 25.9835 -20.7775 185
      vertex 25.9835 -20.7775 178
    endloop
  endfacet
  facet normal -0.919081 -0.394069 0
    outer loop
      vertex 25.9835 -20.7775 178
      vertex 25.9835 -20.7775 185
      vertex 25.9152 -20.6184 178
    endloop
  endfacet
  facet normal -0.919081 -0.394069 0
    outer loop
      vertex 25.9835 -20.7775 185
      vertex 25.9152 -20.6184 185
      vertex 25.9152 -20.6184 178
    endloop
  endfacet
  facet normal -0.901169 -0.433469 0
    outer loop
      vertex 25.9152 -20.6184 178
      vertex 25.9152 -20.6184 185
      vertex 25.8402 -20.4624 178
    endloop
  endfacet
  facet normal -0.901169 -0.433469 0
    outer loop
      vertex 25.9152 -20.6184 185
      vertex 25.8402 -20.4624 185
      vertex 25.8402 -20.4624 178
    endloop
  endfacet
  facet normal -0.881568 -0.472057 0
    outer loop
      vertex 25.8402 -20.4624 178
      vertex 25.8402 -20.4624 185
      vertex 25.7584 -20.3097 178
    endloop
  endfacet
  facet normal -0.881568 -0.472057 0
    outer loop
      vertex 25.8402 -20.4624 185
      vertex 25.7584 -20.3097 185
      vertex 25.7584 -20.3097 178
    endloop
  endfacet
  facet normal -0.860309 -0.509773 0
    outer loop
      vertex 25.7584 -20.3097 178
      vertex 25.7584 -20.3097 185
      vertex 25.6702 -20.1608 178
    endloop
  endfacet
  facet normal -0.860309 -0.509773 0
    outer loop
      vertex 25.7584 -20.3097 185
      vertex 25.6702 -20.1608 185
      vertex 25.6702 -20.1608 178
    endloop
  endfacet
  facet normal -0.837446 -0.546521 0
    outer loop
      vertex 25.6702 -20.1608 178
      vertex 25.6702 -20.1608 185
      vertex 25.5755 -20.0158 178
    endloop
  endfacet
  facet normal -0.837446 -0.546521 0
    outer loop
      vertex 25.6702 -20.1608 185
      vertex 25.5755 -20.0158 185
      vertex 25.5755 -20.0158 178
    endloop
  endfacet
  facet normal -0.813013 -0.582246 0
    outer loop
      vertex 25.5755 -20.0158 178
      vertex 25.5755 -20.0158 185
      vertex 25.4747 -19.875 178
    endloop
  endfacet
  facet normal -0.813013 -0.582246 0
    outer loop
      vertex 25.5755 -20.0158 185
      vertex 25.4747 -19.875 185
      vertex 25.4747 -19.875 178
    endloop
  endfacet
  facet normal -0.860092 0.510139 0
    outer loop
      vertex 14.903 -9.07762 10.1241
      vertex 14.903 -9.07762 30.1241
      vertex 15.1121 -8.725 30.1241
    endloop
  endfacet
  facet normal -0.402747 0.915312 0
    outer loop
      vertex 6.67783 -16.1217 1
      vertex 6.67783 -16.1217 10.1241
      vertex 7.37469 -15.8151 1
    endloop
  endfacet
  facet normal -0.402747 0.915312 0
    outer loop
      vertex 6.67783 -16.1217 10.1241
      vertex 7.37469 -15.8151 10.1241
      vertex 7.37469 -15.8151 1
    endloop
  endfacet
  facet normal -0.44229 0.896872 0
    outer loop
      vertex 7.37469 -15.8151 1
      vertex 7.37469 -15.8151 10.1241
      vertex 8.05751 -15.4783 1
    endloop
  endfacet
  facet normal -0.44229 0.896872 0
    outer loop
      vertex 7.37469 -15.8151 10.1241
      vertex 8.05751 -15.4783 10.1241
      vertex 8.05751 -15.4783 1
    endloop
  endfacet
  facet normal -0.480989 0.876726 0
    outer loop
      vertex 8.05751 -15.4783 1
      vertex 8.05751 -15.4783 10.1241
      vertex 8.725 -15.1121 1
    endloop
  endfacet
  facet normal -0.480989 0.876726 0
    outer loop
      vertex 8.05751 -15.4783 10.1241
      vertex 8.725 -15.1121 10.1241
      vertex 8.725 -15.1121 1
    endloop
  endfacet
  facet normal -0.518773 0.854912 0
    outer loop
      vertex 8.725 -15.1121 1
      vertex 8.725 -15.1121 10.1241
      vertex 9.37588 -14.7172 1
    endloop
  endfacet
  facet normal -0.518773 0.854912 0
    outer loop
      vertex 8.725 -15.1121 10.1241
      vertex 9.37588 -14.7172 10.1241
      vertex 9.37588 -14.7172 1
    endloop
  endfacet
  facet normal -0.55557 0.83147 0
    outer loop
      vertex 9.37588 -14.7172 1
      vertex 9.37588 -14.7172 10.1241
      vertex 10.0089 -14.2942 1
    endloop
  endfacet
  facet normal -0.55557 0.83147 0
    outer loop
      vertex 9.37588 -14.7172 10.1241
      vertex 10.0089 -14.2942 10.1241
      vertex 10.0089 -14.2942 1
    endloop
  endfacet
  facet normal -0.59131 0.806445 0
    outer loop
      vertex 10.0089 -14.2942 1
      vertex 10.0089 -14.2942 10.1241
      vertex 10.6229 -13.844 1
    endloop
  endfacet
  facet normal -0.59131 0.806445 0
    outer loop
      vertex 10.0089 -14.2942 10.1241
      vertex 10.6229 -13.844 10.1241
      vertex 10.6229 -13.844 1
    endloop
  endfacet
  facet normal -0.625923 0.779885 0
    outer loop
      vertex 10.6229 -13.844 1
      vertex 10.6229 -13.844 10.1241
      vertex 11.2166 -13.3675 1
    endloop
  endfacet
  facet normal -0.625923 0.779885 0
    outer loop
      vertex 10.6229 -13.844 10.1241
      vertex 11.2166 -13.3675 10.1241
      vertex 11.2166 -13.3675 1
    endloop
  endfacet
  facet normal -0.659347 0.751839 0
    outer loop
      vertex 11.2166 -13.3675 1
      vertex 11.2166 -13.3675 10.1241
      vertex 11.789 -12.8655 1
    endloop
  endfacet
  facet normal -0.659347 0.751839 0
    outer loop
      vertex 11.2166 -13.3675 10.1241
      vertex 11.789 -12.8655 10.1241
      vertex 11.789 -12.8655 1
    endloop
  endfacet
  facet normal -0.691512 0.722365 0
    outer loop
      vertex 11.789 -12.8655 1
      vertex 11.789 -12.8655 10.1241
      vertex 12.339 -12.339 1
    endloop
  endfacet
  facet normal -0.691512 0.722365 0
    outer loop
      vertex 11.789 -12.8655 10.1241
      vertex 12.339 -12.339 10.1241
      vertex 12.339 -12.339 1
    endloop
  endfacet
  facet normal -0.722365 0.691512 0
    outer loop
      vertex 12.339 -12.339 1
      vertex 12.339 -12.339 10.1241
      vertex 12.8655 -11.789 1
    endloop
  endfacet
  facet normal -0.722365 0.691512 0
    outer loop
      vertex 12.339 -12.339 10.1241
      vertex 12.8655 -11.789 10.1241
      vertex 12.8655 -11.789 1
    endloop
  endfacet
  facet normal -0.751839 0.659347 0
    outer loop
      vertex 12.8655 -11.789 1
      vertex 12.8655 -11.789 10.1241
      vertex 13.3675 -11.2166 1
    endloop
  endfacet
  facet normal -0.751839 0.659347 0
    outer loop
      vertex 12.8655 -11.789 10.1241
      vertex 13.3675 -11.2166 10.1241
      vertex 13.3675 -11.2166 1
    endloop
  endfacet
  facet normal -0.779885 0.625923 0
    outer loop
      vertex 13.3675 -11.2166 1
      vertex 13.3675 -11.2166 10.1241
      vertex 13.844 -10.6229 1
    endloop
  endfacet
  facet normal -0.779885 0.625923 0
    outer loop
      vertex 13.3675 -11.2166 10.1241
      vertex 13.844 -10.6229 10.1241
      vertex 13.844 -10.6229 1
    endloop
  endfacet
  facet normal -0.806445 0.59131 0
    outer loop
      vertex 13.844 -10.6229 1
      vertex 13.844 -10.6229 10.1241
      vertex 14.2942 -10.0089 1
    endloop
  endfacet
  facet normal -0.806445 0.59131 0
    outer loop
      vertex 13.844 -10.6229 10.1241
      vertex 14.2942 -10.0089 10.1241
      vertex 14.2942 -10.0089 1
    endloop
  endfacet
  facet normal -0.83147 0.55557 0
    outer loop
      vertex 14.2942 -10.0089 1
      vertex 14.2942 -10.0089 10.1241
      vertex 14.7172 -9.37588 1
    endloop
  endfacet
  facet normal -0.83147 0.55557 0
    outer loop
      vertex 14.2942 -10.0089 10.1241
      vertex 14.7172 -9.37588 10.1241
      vertex 14.7172 -9.37588 1
    endloop
  endfacet
  facet normal -0.854912 0.518773 0
    outer loop
      vertex 14.7172 -9.37588 1
      vertex 14.7172 -9.37588 10.1241
      vertex 15.1121 -8.725 1
    endloop
  endfacet
  facet normal -0.915312 0.402747 0
    outer loop
      vertex 16.1217 -6.67783 30.1241
      vertex 16.1217 -6.67783 1
      vertex 15.8151 -7.37469 30.1241
    endloop
  endfacet
  facet normal -0.915312 0.402747 0
    outer loop
      vertex 16.1217 -6.67783 1
      vertex 15.8151 -7.37469 1
      vertex 15.8151 -7.37469 30.1241
    endloop
  endfacet
  facet normal -0.896872 0.44229 0
    outer loop
      vertex 15.8151 -7.37469 30.1241
      vertex 15.8151 -7.37469 1
      vertex 15.4783 -8.05751 30.1241
    endloop
  endfacet
  facet normal -0.896872 0.44229 0
    outer loop
      vertex 15.8151 -7.37469 1
      vertex 15.4783 -8.05751 1
      vertex 15.4783 -8.05751 30.1241
    endloop
  endfacet
  facet normal -0.876726 0.480989 0
    outer loop
      vertex 15.4783 -8.05751 30.1241
      vertex 15.4783 -8.05751 1
      vertex 15.1121 -8.725 30.1241
    endloop
  endfacet
  facet normal -0.876726 0.480989 0
    outer loop
      vertex 15.4783 -8.05751 1
      vertex 15.1121 -8.725 1
      vertex 15.1121 -8.725 30.1241
    endloop
  endfacet
  facet normal -0.860092 0.510139 0
    outer loop
      vertex 15.1121 -8.725 30.1241
      vertex 15.1121 -8.725 1
      vertex 14.903 -9.07762 10.1241
    endloop
  endfacet
  facet normal -0.848758 0.52878 0.000980228
    outer loop
      vertex 15.1121 -8.725 1
      vertex 14.7172 -9.37588 10.1241
      vertex 14.903 -9.07762 10.1241
    endloop
  endfacet
  facet normal 0 0 1
    outer loop
      vertex 16.1217 6.67783 10.1241
      vertex 17.9695 7.44319 10.1241
      vertex 15.8151 7.37469 10.1241
    endloop
  endfacet
  facet normal 0 0 1
    outer loop
      vertex 17.9695 7.44319 10.1241
      vertex 17.6277 8.21992 10.1241
      vertex 15.8151 7.37469 10.1241
    endloop
  endfacet
  facet normal 0 0 1
    outer loop
      vertex 15.8151 7.37469 10.1241
      vertex 17.6277 8.21992 10.1241
      vertex 15.4783 8.05751 10.1241
    endloop
  endfacet
  facet normal 0 0 1
    outer loop
      vertex 17.6277 8.21992 10.1241
      vertex 17.2524 8.98101 10.1241
      vertex 15.4783 8.05751 10.1241
    endloop
  endfacet
  facet normal 0 0 1
    outer loop
      vertex 15.4783 8.05751 10.1241
      vertex 17.2524 8.98101 10.1241
      vertex 15.1121 8.725 10.1241
    endloop
  endfacet
  facet normal 0 0 1
    outer loop
      vertex 17.2524 8.98101 10.1241
      vertex 16.8442 9.725 10.1241
      vertex 15.1121 8.725 10.1241
    endloop
  endfacet
  facet normal 0 0 1
    outer loop
      vertex 15.1121 8.725 10.1241
      vertex 16.8442 9.725 10.1241
      vertex 14.7172 9.37588 10.1241
    endloop
  endfacet
  facet normal 0 0 1
    outer loop
      vertex 16.8442 9.725 10.1241
      vertex 16.404 10.4505 10.1241
      vertex 14.7172 9.37588 10.1241
    endloop
  endfacet
  facet normal 0 0 1
    outer loop
      vertex 14.7172 9.37588 10.1241
      vertex 16.404 10.4505 10.1241
      vertex 14.2942 10.0089 10.1241
    endloop
  endfacet
  facet normal 0 0 1
    outer loop
      vertex 16.404 10.4505 10.1241
      vertex 15.9325 11.1561 10.1241
      vertex 14.2942 10.0089 10.1241
    endloop
  endfacet
  facet normal 0 0 1
    outer loop
      vertex 14.2942 10.0089 10.1241
      vertex 15.9325 11.1561 10.1241
      vertex 13.844 10.6229 10.1241
    endloop
  endfacet
  facet normal 0 0 1
    outer loop
      vertex 15.9325 11.1561 10.1241
      vertex 15.4307 11.8404 10.1241
      vertex 13.844 10.6229 10.1241
    endloop
  endfacet
  facet normal 0 0 1
    outer loop
      vertex 13.844 10.6229 10.1241
      vertex 15.4307 11.8404 10.1241
      vertex 13.3675 11.2166 10.1241
    endloop
  endfacet
  facet normal 0 0 1
    outer loop
      vertex 15.4307 11.8404 10.1241
      vertex 14.8996 12.5022 10.1241
      vertex 13.3675 11.2166 10.1241
    endloop
  endfacet
  facet normal 0 0 1
    outer loop
      vertex 13.3675 11.2166 10.1241
      vertex 14.8996 12.5022 10.1241
      vertex 12.8655 11.789 10.1241
    endloop
  endfacet
  facet normal 0 0 1
    outer loop
      vertex 14.8996 12.5022 10.1241
      vertex 14.34 13.1402 10.1241
      vertex 12.8655 11.789 10.1241
    endloop
  endfacet
  facet normal 0 0 1
    outer loop
      vertex 12.8655 11.789 10.1241
      vertex 14.34 13.1402 10.1241
      vertex 12.339 12.339 10.1241
    endloop
  endfacet
  facet normal 0 0 1
    outer loop
      vertex 14.34 13.1402 10.1241
      vertex 13.7532 13.7532 10.1241
      vertex 12.339 12.339 10.1241
    endloop
  endfacet
  facet normal 0 0 1
    outer loop
      vertex 12.339 12.339 10.1241
      vertex 13.7532 13.7532 10.1241
      vertex 11.789 12.8655 10.1241
    endloop
  endfacet
  facet normal 0 0 1
    outer loop
      vertex 13.7532 13.7532 10.1241
      vertex 13.1402 14.34 10.1241
      vertex 11.789 12.8655 10.1241
    endloop
  endfacet
  facet normal 0 0 1
    outer loop
      vertex 11.789 12.8655 10.1241
      vertex 13.1402 14.34 10.1241
      vertex 11.2166 13.3675 10.1241
    endloop
  endfacet
  facet normal 0 0 1
    outer loop
      vertex 13.1402 14.34 10.1241
      vertex 12.5022 14.8996 10.1241
      vertex 11.2166 13.3675 10.1241
    endloop
  endfacet
  facet normal 0 0 1
    outer loop
      vertex 11.2166 13.3675 10.1241
      vertex 12.5022 14.8996 10.1241
      vertex 10.6229 13.844 10.1241
    endloop
  endfacet
  facet normal 0 0 1
    outer loop
      vertex 12.5022 14.8996 10.1241
      vertex 11.8404 15.4307 10.1241
      vertex 10.6229 13.844 10.1241
    endloop
  endfacet
  facet normal 0 0 1
    outer loop
      vertex 10.6229 13.844 10.1241
      vertex 11.8404 15.4307 10.1241
      vertex 10.0089 14.2942 10.1241
    endloop
  endfacet
  facet normal 0 0 1
    outer loop
      vertex 11.8404 15.4307 10.1241
      vertex 11.1561 15.9325 10.1241
      vertex 10.0089 14.2942 10.1241
    endloop
  endfacet
  facet normal 0 0 1
    outer loop
      vertex 10.0089 14.2942 10.1241
      vertex 11.1561 15.9325 10.1241
      vertex 9.37588 14.7172 10.1241
    endloop
  endfacet
  facet normal 0 0 1
    outer loop
      vertex 11.1561 15.9325 10.1241
      vertex 10.4505 16.404 10.1241
      vertex 9.37588 14.7172 10.1241
    endloop
  endfacet
  facet normal 0 0 1
    outer loop
      vertex 9.37588 14.7172 10.1241
      vertex 10.4505 16.404 10.1241
      vertex 9.07762 14.903 10.1241
    endloop
  endfacet
  facet normal 0 0 1
    outer loop
      vertex 10.4505 16.404 10.1241
      vertex 10.118 16.6111 10.1241
      vertex 9.07762 14.903 10.1241
    endloop
  endfacet
  facet normal 0.228696 -0.973498 0
    outer loop
      vertex 22.3443 -29.6062 7
      vertex 22.3443 -29.6062 0
      vertex 22.7358 -29.5143 0
    endloop
  endfacet
  facet normal 0.228696 -0.973498 0
    outer loop
      vertex 22.3443 -29.6062 7
      vertex 22.7358 -29.5143 0
      vertex 22.7358 -29.5143 7
    endloop
  endfacet
  facet normal 0.270008 -0.962858 0
    outer loop
      vertex 22.7358 -29.5143 0
      vertex 23.1231 -29.4057 0
      vertex 22.7358 -29.5143 7
    endloop
  endfacet
  facet normal 0.270008 -0.962858 0
    outer loop
      vertex 22.7358 -29.5143 7
      vertex 23.1231 -29.4057 0
      vertex 23.1231 -29.4057 7
    endloop
  endfacet
  facet normal 0.310835 -0.950464 0
    outer loop
      vertex 23.1231 -29.4057 0
      vertex 23.5054 -29.2806 0
      vertex 23.1231 -29.4057 7
    endloop
  endfacet
  facet normal 0.310835 -0.950464 0
    outer loop
      vertex 23.1231 -29.4057 7
      vertex 23.5054 -29.2806 0
      vertex 23.5054 -29.2806 7
    endloop
  endfacet
  facet normal 0.351091 -0.936341 0
    outer loop
      vertex 23.5054 -29.2806 0
      vertex 23.882 -29.1394 0
      vertex 23.5054 -29.2806 7
    endloop
  endfacet
  facet normal 0.351091 -0.936341 0
    outer loop
      vertex 23.5054 -29.2806 7
      vertex 23.882 -29.1394 0
      vertex 23.882 -29.1394 7
    endloop
  endfacet
  facet normal 0.390709 -0.920514 0
    outer loop
      vertex 23.882 -29.1394 0
      vertex 24.2522 -28.9823 0
      vertex 23.882 -29.1394 7
    endloop
  endfacet
  facet normal 0.390709 -0.920514 0
    outer loop
      vertex 23.882 -29.1394 7
      vertex 24.2522 -28.9823 0
      vertex 24.2522 -28.9823 7
    endloop
  endfacet
  facet normal 0.429619 -0.90301 0
    outer loop
      vertex 24.2522 -28.9823 0
      vertex 24.6154 -28.8095 0
      vertex 24.2522 -28.9823 7
    endloop
  endfacet
  facet normal 0.429619 -0.90301 0
    outer loop
      vertex 24.2522 -28.9823 7
      vertex 24.6154 -28.8095 0
      vertex 24.6154 -28.8095 7
    endloop
  endfacet
  facet normal 0.467741 -0.883866 0
    outer loop
      vertex 24.6154 -28.8095 0
      vertex 24.971 -28.6213 0
      vertex 24.6154 -28.8095 7
    endloop
  endfacet
  facet normal 0.467741 -0.883866 0
    outer loop
      vertex 24.6154 -28.8095 7
      vertex 24.971 -28.6213 0
      vertex 24.971 -28.6213 7
    endloop
  endfacet
  facet normal 0.505014 -0.863111 0
    outer loop
      vertex 24.971 -28.6213 0
      vertex 25.3181 -28.4182 0
      vertex 24.971 -28.6213 7
    endloop
  endfacet
  facet normal 0.505014 -0.863111 0
    outer loop
      vertex 24.971 -28.6213 7
      vertex 25.3181 -28.4182 0
      vertex 25.3181 -28.4182 7
    endloop
  endfacet
  facet normal 0.541373 -0.840783 0
    outer loop
      vertex 25.3181 -28.4182 0
      vertex 25.6563 -28.2005 0
      vertex 25.3181 -28.4182 7
    endloop
  endfacet
  facet normal 0.541373 -0.840783 0
    outer loop
      vertex 25.3181 -28.4182 7
      vertex 25.6563 -28.2005 0
      vertex 25.6563 -28.2005 7
    endloop
  endfacet
  facet normal 0.576741 -0.816927 0
    outer loop
      vertex 25.6563 -28.2005 0
      vertex 25.9849 -27.9685 0
      vertex 25.6563 -28.2005 7
    endloop
  endfacet
  facet normal 0.576741 -0.816927 0
    outer loop
      vertex 25.6563 -28.2005 7
      vertex 25.9849 -27.9685 0
      vertex 25.9849 -27.9685 7
    endloop
  endfacet
  facet normal 0.61106 -0.791584 0
    outer loop
      vertex 25.9849 -27.9685 0
      vertex 26.3033 -27.7227 0
      vertex 25.9849 -27.9685 7
    endloop
  endfacet
  facet normal 0.61106 -0.791584 0
    outer loop
      vertex 25.9849 -27.9685 7
      vertex 26.3033 -27.7227 0
      vertex 26.3033 -27.7227 7
    endloop
  endfacet
  facet normal 0.644267 -0.764801 0
    outer loop
      vertex 26.3033 -27.7227 0
      vertex 26.6109 -27.4636 0
      vertex 26.3033 -27.7227 7
    endloop
  endfacet
  facet normal 0.644267 -0.764801 0
    outer loop
      vertex 26.3033 -27.7227 7
      vertex 26.6109 -27.4636 0
      vertex 26.6109 -27.4636 7
    endloop
  endfacet
  facet normal 0.676304 -0.736622 0
    outer loop
      vertex 26.6109 -27.4636 0
      vertex 26.9072 -27.1916 0
      vertex 26.6109 -27.4636 7
    endloop
  endfacet
  facet normal 0.676304 -0.736622 0
    outer loop
      vertex 26.6109 -27.4636 7
      vertex 26.9072 -27.1916 0
      vertex 26.9072 -27.1916 7
    endloop
  endfacet
  facet normal 0.707107 -0.707107 0
    outer loop
      vertex 26.9072 -27.1916 0
      vertex 27.1916 -26.9072 0
      vertex 26.9072 -27.1916 7
    endloop
  endfacet
  facet normal 0.707107 -0.707107 0
    outer loop
      vertex 26.9072 -27.1916 7
      vertex 27.1916 -26.9072 0
      vertex 27.1916 -26.9072 7
    endloop
  endfacet
  facet normal 0.736622 -0.676304 0
    outer loop
      vertex 27.1916 -26.9072 0
      vertex 27.4636 -26.6109 0
      vertex 27.1916 -26.9072 7
    endloop
  endfacet
  facet normal 0.736622 -0.676304 0
    outer loop
      vertex 27.1916 -26.9072 7
      vertex 27.4636 -26.6109 0
      vertex 27.4636 -26.6109 7
    endloop
  endfacet
  facet normal 0.764801 -0.644267 0
    outer loop
      vertex 27.4636 -26.6109 0
      vertex 27.7227 -26.3033 0
      vertex 27.4636 -26.6109 7
    endloop
  endfacet
  facet normal 0.764801 -0.644267 0
    outer loop
      vertex 27.4636 -26.6109 7
      vertex 27.7227 -26.3033 0
      vertex 27.7227 -26.3033 7
    endloop
  endfacet
  facet normal 0.791584 -0.61106 0
    outer loop
      vertex 27.7227 -26.3033 0
      vertex 27.9685 -25.9849 0
      vertex 27.7227 -26.3033 7
    endloop
  endfacet
  facet normal 0.791584 -0.61106 0
    outer loop
      vertex 27.7227 -26.3033 7
      vertex 27.9685 -25.9849 0
      vertex 27.9685 -25.9849 7
    endloop
  endfacet
  facet normal 0.816927 -0.576741 0
    outer loop
      vertex 27.9685 -25.9849 0
      vertex 28.2005 -25.6563 0
      vertex 27.9685 -25.9849 7
    endloop
  endfacet
  facet normal 0.816927 -0.576741 0
    outer loop
      vertex 27.9685 -25.9849 7
      vertex 28.2005 -25.6563 0
      vertex 28.2005 -25.6563 7
    endloop
  endfacet
  facet normal 0.840783 -0.541373 0
    outer loop
      vertex 28.2005 -25.6563 0
      vertex 28.4182 -25.3181 0
      vertex 28.2005 -25.6563 7
    endloop
  endfacet
  facet normal 0.840783 -0.541373 0
    outer loop
      vertex 28.2005 -25.6563 7
      vertex 28.4182 -25.3181 0
      vertex 28.4182 -25.3181 7
    endloop
  endfacet
  facet normal 0.863111 -0.505014 0
    outer loop
      vertex 28.4182 -25.3181 0
      vertex 28.6213 -24.971 0
      vertex 28.4182 -25.3181 7
    endloop
  endfacet
  facet normal 0.863111 -0.505014 0
    outer loop
      vertex 28.4182 -25.3181 7
      vertex 28.6213 -24.971 0
      vertex 28.6213 -24.971 7
    endloop
  endfacet
  facet normal 0.883866 -0.467741 0
    outer loop
      vertex 28.6213 -24.971 0
      vertex 28.8095 -24.6154 0
      vertex 28.6213 -24.971 7
    endloop
  endfacet
  facet normal 0.883866 -0.467741 0
    outer loop
      vertex 28.6213 -24.971 7
      vertex 28.8095 -24.6154 0
      vertex 28.8095 -24.6154 7
    endloop
  endfacet
  facet normal 0.90301 -0.429619 0
    outer loop
      vertex 28.8095 -24.6154 0
      vertex 28.9823 -24.2522 0
      vertex 28.8095 -24.6154 7
    endloop
  endfacet
  facet normal 0.90301 -0.429619 0
    outer loop
      vertex 28.8095 -24.6154 7
      vertex 28.9823 -24.2522 0
      vertex 28.9823 -24.2522 7
    endloop
  endfacet
  facet normal 0.920514 -0.390709 0
    outer loop
      vertex 28.9823 -24.2522 0
      vertex 29.1394 -23.882 0
      vertex 28.9823 -24.2522 7
    endloop
  endfacet
  facet normal 0.920514 -0.390709 0
    outer loop
      vertex 28.9823 -24.2522 7
      vertex 29.1394 -23.882 0
      vertex 29.1394 -23.882 7
    endloop
  endfacet
  facet normal 0.936341 -0.351091 0
    outer loop
      vertex 29.1394 -23.882 0
      vertex 29.2806 -23.5054 0
      vertex 29.1394 -23.882 7
    endloop
  endfacet
  facet normal 0.936341 -0.351091 0
    outer loop
      vertex 29.1394 -23.882 7
      vertex 29.2806 -23.5054 0
      vertex 29.2806 -23.5054 7
    endloop
  endfacet
  facet normal 0.950464 -0.310835 0
    outer loop
      vertex 29.2806 -23.5054 0
      vertex 29.4057 -23.1231 0
      vertex 29.2806 -23.5054 7
    endloop
  endfacet
  facet normal 0.950464 -0.310835 0
    outer loop
      vertex 29.2806 -23.5054 7
      vertex 29.4057 -23.1231 0
      vertex 29.4057 -23.1231 7
    endloop
  endfacet
  facet normal 0.962858 -0.270008 0
    outer loop
      vertex 29.4057 -23.1231 0
      vertex 29.5143 -22.7358 0
      vertex 29.4057 -23.1231 7
    endloop
  endfacet
  facet normal 0.962858 -0.270008 0
    outer loop
      vertex 29.4057 -23.1231 7
      vertex 29.5143 -22.7358 0
      vertex 29.5143 -22.7358 7
    endloop
  endfacet
  facet normal 0.973498 -0.228696 0
    outer loop
      vertex 29.5143 -22.7358 0
      vertex 29.6062 -22.3443 0
      vertex 29.5143 -22.7358 7
    endloop
  endfacet
  facet normal 0.973498 -0.228696 0
    outer loop
      vertex 29.5143 -22.7358 7
      vertex 29.6062 -22.3443 0
      vertex 29.6062 -22.3443 7
    endloop
  endfacet
  facet normal 0 0 -1
    outer loop
      vertex -16.1217 6.67783 1
      vertex -17.9695 7.44319 1
      vertex -15.8151 7.37469 1
    endloop
  endfacet
  facet normal 0 0 -1
    outer loop
      vertex -17.9695 7.44319 1
      vertex -17.6277 8.21992 1
      vertex -15.8151 7.37469 1
    endloop
  endfacet
  facet normal 0 0 -1
    outer loop
      vertex -15.8151 7.37469 1
      vertex -17.6277 8.21992 1
      vertex -15.4783 8.05751 1
    endloop
  endfacet
  facet normal 0 0 -1
    outer loop
      vertex -17.6277 8.21992 1
      vertex -17.2524 8.98101 1
      vertex -15.4783 8.05751 1
    endloop
  endfacet
  facet normal 0 0 -1
    outer loop
      vertex -15.4783 8.05751 1
      vertex -17.2524 8.98101 1
      vertex -15.1121 8.725 1
    endloop
  endfacet
  facet normal 0 0 -1
    outer loop
      vertex -17.2524 8.98101 1
      vertex -16.8442 9.725 1
      vertex -15.1121 8.725 1
    endloop
  endfacet
  facet normal 0 0 -1
    outer loop
      vertex -15.1121 8.725 1
      vertex -16.8442 9.725 1
      vertex -14.7172 9.37588 1
    endloop
  endfacet
  facet normal 0 0 -1
    outer loop
      vertex -16.8442 9.725 1
      vertex -16.404 10.4505 1
      vertex -14.7172 9.37588 1
    endloop
  endfacet
  facet normal 0 0 -1
    outer loop
      vertex -14.7172 9.37588 1
      vertex -16.404 10.4505 1
      vertex -14.2942 10.0089 1
    endloop
  endfacet
  facet normal 0 0 -1
    outer loop
      vertex -16.404 10.4505 1
      vertex -15.9325 11.1561 1
      vertex -14.2942 10.0089 1
    endloop
  endfacet
  facet normal 0 0 -1
    outer loop
      vertex -14.2942 10.0089 1
      vertex -15.9325 11.1561 1
      vertex -13.844 10.6229 1
    endloop
  endfacet
  facet normal 0 0 -1
    outer loop
      vertex -15.9325 11.1561 1
      vertex -15.4307 11.8404 1
      vertex -13.844 10.6229 1
    endloop
  endfacet
  facet normal 0 0 -1
    outer loop
      vertex -13.844 10.6229 1
      vertex -15.4307 11.8404 1
      vertex -13.3675 11.2166 1
    endloop
  endfacet
  facet normal 0 0 -1
    outer loop
      vertex -15.4307 11.8404 1
      vertex -14.8996 12.5022 1
      vertex -13.3675 11.2166 1
    endloop
  endfacet
  facet normal 0 0 -1
    outer loop
      vertex -13.3675 11.2166 1
      vertex -14.8996 12.5022 1
      vertex -12.8655 11.789 1
    endloop
  endfacet
  facet normal 0 0 -1
    outer loop
      vertex -14.8996 12.5022 1
      vertex -14.34 13.1402 1
      vertex -12.8655 11.789 1
    endloop
  endfacet
  facet normal 0 0 -1
    outer loop
      vertex -12.8655 11.789 1
      vertex -14.34 13.1402 1
      vertex -12.339 12.339 1
    endloop
  endfacet
  facet normal 0 0 -1
    outer loop
      vertex -14.34 13.1402 1
      vertex -13.7532 13.7532 1
      vertex -12.339 12.339 1
    endloop
  endfacet
  facet normal 0 0 -1
    outer loop
      vertex -12.339 12.339 1
      vertex -13.7532 13.7532 1
      vertex -11.789 12.8655 1
    endloop
  endfacet
  facet normal 0 0 -1
    outer loop
      vertex -13.7532 13.7532 1
      vertex -13.1402 14.34 1
      vertex -11.789 12.8655 1
    endloop
  endfacet
  facet normal 0 0 -1
    outer loop
      vertex -11.789 12.8655 1
      vertex -13.1402 14.34 1
      vertex -11.2166 13.3675 1
    endloop
  endfacet
  facet normal 0 0 -1
    outer loop
      vertex -13.1402 14.34 1
      vertex -12.5022 14.8996 1
      vertex -11.2166 13.3675 1
    endloop
  endfacet
  facet normal 0 0 -1
    outer loop
      vertex -11.2166 13.3675 1
      vertex -12.5022 14.8996 1
      vertex -10.6229 13.844 1
    endloop
  endfacet
  facet normal 0 0 -1
    outer loop
      vertex -12.5022 14.8996 1
      vertex -11.8404 15.4307 1
      vertex -10.6229 13.844 1
    endloop
  endfacet
  facet normal 0 0 -1
    outer loop
      vertex -10.6229 13.844 1
      vertex -11.8404 15.4307 1
      vertex -10.0089 14.2942 1
    endloop
  endfacet
  facet normal 0 0 -1
    outer loop
      vertex -11.8404 15.4307 1
      vertex -11.1561 15.9325 1
      vertex -10.0089 14.2942 1
    endloop
  endfacet
  facet normal 0 0 -1
    outer loop
      vertex -10.0089 14.2942 1
      vertex -11.1561 15.9325 1
      vertex -9.37588 14.7172 1
    endloop
  endfacet
  facet normal 0 0 -1
    outer loop
      vertex -11.1561 15.9325 1
      vertex -10.4505 16.404 1
      vertex -9.37588 14.7172 1
    endloop
  endfacet
  facet normal 0 0 -1
    outer loop
      vertex -9.37588 14.7172 1
      vertex -10.4505 16.404 1
      vertex -8.725 15.1121 1
    endloop
  endfacet
  facet normal 0 0 -1
    outer loop
      vertex -10.4505 16.404 1
      vertex -9.725 16.8442 1
      vertex -8.725 15.1121 1
    endloop
  endfacet
  facet normal 0 0 -1
    outer loop
      vertex -8.725 15.1121 1
      vertex -9.725 16.8442 1
      vertex -8.05751 15.4783 1
    endloop
  endfacet
  facet normal 0 0 -1
    outer loop
      vertex -9.725 16.8442 1
      vertex -8.98101 17.2524 1
      vertex -8.05751 15.4783 1
    endloop
  endfacet
  facet normal 0 0 -1
    outer loop
      vertex -8.05751 15.4783 1
      vertex -8.98101 17.2524 1
      vertex -7.37469 15.8151 1
    endloop
  endfacet
  facet normal 0 0 -1
    outer loop
      vertex -8.98101 17.2524 1
      vertex -8.21992 17.6277 1
      vertex -7.37469 15.8151 1
    endloop
  endfacet
  facet normal 0 0 -1
    outer loop
      vertex -7.37469 15.8151 1
      vertex -8.21992 17.6277 1
      vertex -6.67783 16.1217 1
    endloop
  endfacet
  facet normal 0 0 -1
    outer loop
      vertex -8.21992 17.6277 1
      vertex -7.44319 17.9695 1
      vertex -6.67783 16.1217 1
    endloop
  endfacet
  facet normal 0 0 -1
    outer loop
      vertex 17.6277 8.21992 30.1241
      vertex 17.9695 7.44319 30.1241
      vertex 12.7957 5.30017 30.1241
    endloop
  endfacet
  facet normal 0 0 -1
    outer loop
      vertex -19.1545 3.37746 30.1241
      vertex -18.989 4.20975 30.1241
      vertex -13.7973 1.20711 30.1241
    endloop
  endfacet
  facet normal 0 0 -1
    outer loop
      vertex -13.5217 2.99769 30.1241
      vertex -13.6396 2.40503 30.1241
      vertex -16.1217 6.67783 30.1241
    endloop
  endfacet
  facet normal 0 0 -1
    outer loop
      vertex -13.6396 2.40503 30.1241
      vertex -13.7315 1.80779 30.1241
      vertex -16.1217 6.67783 30.1241
    endloop
  endfacet
  facet normal 0 0 -1
    outer loop
      vertex -16.1217 6.67783 30.1241
      vertex -13.7315 1.80779 30.1241
      vertex -13.7973 1.20711 30.1241
    endloop
  endfacet
  facet normal 0 0 -1
    outer loop
      vertex 2.99769 13.5217 30.1241
      vertex 2.40503 13.6396 30.1241
      vertex 6.67783 16.1217 30.1241
    endloop
  endfacet
  facet normal 0 0 -1
    outer loop
      vertex 6.65229 18.277 30.1241
      vertex 7.44319 17.9695 30.1241
      vertex 6.67783 16.1217 30.1241
    endloop
  endfacet
  facet normal 0 0 -1
    outer loop
      vertex -19.1545 3.37746 30.1241
      vertex -13.7973 1.20711 30.1241
      vertex -19.2836 2.53873 30.1241
    endloop
  endfacet
  facet normal 0 0 -1
    outer loop
      vertex -18.989 4.20975 30.1241
      vertex -18.7873 5.03403 30.1241
      vertex -13.7973 1.20711 30.1241
    endloop
  endfacet
  facet normal 0 0 -1
    outer loop
      vertex -18.7873 5.03403 30.1241
      vertex -18.5498 5.84873 30.1241
      vertex -13.7973 1.20711 30.1241
    endloop
  endfacet
  facet normal 0 0 -1
    outer loop
      vertex -13.7973 1.20711 30.1241
      vertex -18.5498 5.84873 30.1241
      vertex -16.1217 6.67783 30.1241
    endloop
  endfacet
  facet normal 0 0 -1
    outer loop
      vertex -18.5498 5.84873 30.1241
      vertex -18.277 6.65229 30.1241
      vertex -16.1217 6.67783 30.1241
    endloop
  endfacet
  facet normal 0 0 -1
    outer loop
      vertex -16.1217 6.67783 30.1241
      vertex -18.277 6.65229 30.1241
      vertex -17.9695 7.44319 30.1241
    endloop
  endfacet
  facet normal 0 0 -1
    outer loop
      vertex -5.30017 12.7957 30.1241
      vertex -5.85326 12.5524 30.1241
      vertex -14.903 9.07762 30.1241
    endloop
  endfacet
  facet normal 0 0 -1
    outer loop
      vertex -5.85326 12.5524 30.1241
      vertex -6.39522 12.2851 30.1241
      vertex -14.903 9.07762 30.1241
    endloop
  endfacet
  facet normal 0 0 -1
    outer loop
      vertex -14.903 9.07762 30.1241
      vertex -6.39522 12.2851 30.1241
      vertex -6.925 11.9945 30.1241
    endloop
  endfacet
  facet normal 0 0 -1
    outer loop
      vertex -8.43135 10.9879 30.1241
      vertex -8.90261 10.6097 30.1241
      vertex -14.903 9.07762 30.1241
    endloop
  endfacet
  facet normal 0 0 -1
    outer loop
      vertex -8.90261 10.6097 30.1241
      vertex -9.35692 10.2113 30.1241
      vertex -14.903 9.07762 30.1241
    endloop
  endfacet
  facet normal 0 0 -1
    outer loop
      vertex -14.903 9.07762 30.1241
      vertex -9.35692 10.2113 30.1241
      vertex -9.79343 9.79343 30.1241
    endloop
  endfacet
  facet normal 0 0 -1
    outer loop
      vertex 5.03403 18.7873 30.1241
      vertex 5.84873 18.5498 30.1241
      vertex 1.20711 13.7973 30.1241
    endloop
  endfacet
  facet normal 0 0 -1
    outer loop
      vertex 6.39522 -12.2851 30.1241
      vertex 14.903 -9.07762 30.1241
      vertex 5.85326 -12.5524 30.1241
    endloop
  endfacet
  facet normal 0 0 -1
    outer loop
      vertex 14.903 -9.07762 30.1241
      vertex 5.30017 -12.7957 30.1241
      vertex 5.85326 -12.5524 30.1241
    endloop
  endfacet
  facet normal 0 0 -1
    outer loop
      vertex 9.35692 -10.2113 30.1241
      vertex 9.79343 -9.79343 30.1241
      vertex 14.903 -9.07762 30.1241
    endloop
  endfacet
  facet normal 0 0 -1
    outer loop
      vertex -6.925 11.9945 30.1241
      vertex -7.4416 11.681 30.1241
      vertex -14.903 9.07762 30.1241
    endloop
  endfacet
  facet normal 0 0 -1
    outer loop
      vertex -7.4416 11.681 30.1241
      vertex -7.94403 11.3453 30.1241
      vertex -14.903 9.07762 30.1241
    endloop
  endfacet
  facet normal 0 0 -1
    outer loop
      vertex -14.903 9.07762 30.1241
      vertex -7.94403 11.3453 30.1241
      vertex -8.43135 10.9879 30.1241
    endloop
  endfacet
  facet normal 0 0 -1
    outer loop
      vertex 5.84873 18.5498 30.1241
      vertex 6.65229 18.277 30.1241
      vertex 1.20711 13.7973 30.1241
    endloop
  endfacet
  facet normal 0 0 -1
    outer loop
      vertex 6.65229 18.277 30.1241
      vertex 6.67783 16.1217 30.1241
      vertex 1.20711 13.7973 30.1241
    endloop
  endfacet
  facet normal 0 0 -1
    outer loop
      vertex 1.20711 13.7973 30.1241
      vertex 6.67783 16.1217 30.1241
      vertex 1.80779 13.7315 30.1241
    endloop
  endfacet
  facet normal 0 0 -1
    outer loop
      vertex 6.67783 16.1217 30.1241
      vertex 2.40503 13.6396 30.1241
      vertex 1.80779 13.7315 30.1241
    endloop
  endfacet
  facet normal 0 0 -1
    outer loop
      vertex 10.9879 8.43135 30.1241
      vertex 10.6097 8.90261 30.1241
      vertex 9.07762 14.903 30.1241
    endloop
  endfacet
  facet normal 0 0 -1
    outer loop
      vertex 10.6097 8.90261 30.1241
      vertex 10.2113 9.35692 30.1241
      vertex 9.07762 14.903 30.1241
    endloop
  endfacet
  facet normal 0 0 -1
    outer loop
      vertex 9.07762 14.903 30.1241
      vertex 10.2113 9.35692 30.1241
      vertex 9.79343 9.79343 30.1241
    endloop
  endfacet
  facet normal 0 0 -1
    outer loop
      vertex 4.73698 13.0147 30.1241
      vertex 4.16478 13.209 30.1241
      vertex 6.67783 16.1217 30.1241
    endloop
  endfacet
  facet normal 0 0 -1
    outer loop
      vertex 4.16478 13.209 30.1241
      vertex 3.58464 13.3781 30.1241
      vertex 6.67783 16.1217 30.1241
    endloop
  endfacet
  facet normal 0 0 -1
    outer loop
      vertex 6.67783 16.1217 30.1241
      vertex 3.58464 13.3781 30.1241
      vertex 2.99769 13.5217 30.1241
    endloop
  endfacet
  facet normal 0 0 -1
    outer loop
      vertex 18.277 -6.65229 30.1241
      vertex 17.9695 -7.44319 30.1241
      vertex 16.1217 -6.67783 30.1241
    endloop
  endfacet
  facet normal 0 0 -1
    outer loop
      vertex 9.07762 14.903 30.1241
      vertex 10.118 16.6111 30.1241
      vertex 10.4505 16.404 30.1241
    endloop
  endfacet
  facet normal 0 0 -1
    outer loop
      vertex 6.39522 -12.2851 30.1241
      vertex 6.925 -11.9945 30.1241
      vertex 14.903 -9.07762 30.1241
    endloop
  endfacet
  facet normal 0 0 -1
    outer loop
      vertex 6.925 -11.9945 30.1241
      vertex 7.4416 -11.681 30.1241
      vertex 14.903 -9.07762 30.1241
    endloop
  endfacet
  facet normal 0 0 -1
    outer loop
      vertex 14.903 -9.07762 30.1241
      vertex 7.4416 -11.681 30.1241
      vertex 7.94403 -11.3453 30.1241
    endloop
  endfacet
  facet normal 0 0 -1
    outer loop
      vertex 14.903 -9.07762 30.1241
      vertex 16.6111 -10.118 30.1241
      vertex 16.404 -10.4505 30.1241
    endloop
  endfacet
  facet normal 0 0 -1
    outer loop
      vertex -9.07762 -14.903 30.1241
      vertex -10.2113 -9.35692 30.1241
      vertex -9.79343 -9.79343 30.1241
    endloop
  endfacet
  facet normal 0 0 -1
    outer loop
      vertex -9.79343 -9.79343 30.1241
      vertex -9.35692 -10.2113 30.1241
      vertex -9.07762 -14.903 30.1241
    endloop
  endfacet
  facet normal 0 0 -1
    outer loop
      vertex -9.35692 -10.2113 30.1241
      vertex -8.90261 -10.6097 30.1241
      vertex -9.07762 -14.903 30.1241
    endloop
  endfacet
  facet normal 0 0 -1
    outer loop
      vertex -9.07762 -14.903 30.1241
      vertex -8.90261 -10.6097 30.1241
      vertex -8.43135 -10.9879 30.1241
    endloop
  endfacet
  facet normal 0 0 -1
    outer loop
      vertex -9.79343 9.79343 30.1241
      vertex -10.2113 9.35692 30.1241
      vertex -14.903 9.07762 30.1241
    endloop
  endfacet
  facet normal 0 0 -1
    outer loop
      vertex -10.2113 9.35692 30.1241
      vertex -10.6097 8.90261 30.1241
      vertex -14.903 9.07762 30.1241
    endloop
  endfacet
  facet normal 0 0 -1
    outer loop
      vertex -14.903 9.07762 30.1241
      vertex -10.6097 8.90261 30.1241
      vertex -10.9879 8.43135 30.1241
    endloop
  endfacet
  facet normal 0 0 -1
    outer loop
      vertex -13.0147 4.73698 30.1241
      vertex -13.209 4.16478 30.1241
      vertex -16.1217 6.67783 30.1241
    endloop
  endfacet
  facet normal 0 0 -1
    outer loop
      vertex -13.209 4.16478 30.1241
      vertex -13.3781 3.58464 30.1241
      vertex -16.1217 6.67783 30.1241
    endloop
  endfacet
  facet normal 0 0 -1
    outer loop
      vertex -16.1217 6.67783 30.1241
      vertex -13.3781 3.58464 30.1241
      vertex -13.5217 2.99769 30.1241
    endloop
  endfacet
  facet normal 0 0 -1
    outer loop
      vertex 12.7957 5.30017 30.1241
      vertex 12.5524 5.85326 30.1241
      vertex 9.07762 14.903 30.1241
    endloop
  endfacet
  facet normal 0 0 -1
    outer loop
      vertex 12.5524 5.85326 30.1241
      vertex 12.2851 6.39522 30.1241
      vertex 9.07762 14.903 30.1241
    endloop
  endfacet
  facet normal 0 0 -1
    outer loop
      vertex 9.07762 14.903 30.1241
      vertex 12.2851 6.39522 30.1241
      vertex 11.9945 6.925 30.1241
    endloop
  endfacet
  facet normal 0 0 -1
    outer loop
      vertex 9.79343 9.79343 30.1241
      vertex 9.35692 10.2113 30.1241
      vertex 9.07762 14.903 30.1241
    endloop
  endfacet
  facet normal 0 0 -1
    outer loop
      vertex 9.35692 10.2113 30.1241
      vertex 8.90261 10.6097 30.1241
      vertex 9.07762 14.903 30.1241
    endloop
  endfacet
  facet normal 0 0 -1
    outer loop
      vertex 9.07762 14.903 30.1241
      vertex 8.90261 10.6097 30.1241
      vertex 8.43135 10.9879 30.1241
    endloop
  endfacet
  facet normal 0 0 -1
    outer loop
      vertex 12.7957 5.30017 30.1241
      vertex 17.9695 7.44319 30.1241
      vertex 13.0147 4.73698 30.1241
    endloop
  endfacet
  facet normal 0 0 -1
    outer loop
      vertex 17.9695 7.44319 30.1241
      vertex 18.277 6.65229 30.1241
      vertex 13.0147 4.73698 30.1241
    endloop
  endfacet
  facet normal 0 0 -1
    outer loop
      vertex 13.0147 4.73698 30.1241
      vertex 18.277 6.65229 30.1241
      vertex 13.209 4.16478 30.1241
    endloop
  endfacet
  facet normal 0 0 -1
    outer loop
      vertex 18.277 6.65229 30.1241
      vertex 18.5498 5.84873 30.1241
      vertex 13.209 4.16478 30.1241
    endloop
  endfacet
  facet normal 0 0 -1
    outer loop
      vertex 13.209 4.16478 30.1241
      vertex 18.5498 5.84873 30.1241
      vertex 13.3781 3.58464 30.1241
    endloop
  endfacet
  facet normal 0 0 -1
    outer loop
      vertex 18.5498 5.84873 30.1241
      vertex 18.7873 5.03403 30.1241
      vertex 13.3781 3.58464 30.1241
    endloop
  endfacet
  facet normal 0 0 -1
    outer loop
      vertex 13.3781 3.58464 30.1241
      vertex 18.7873 5.03403 30.1241
      vertex 13.5217 2.99769 30.1241
    endloop
  endfacet
  facet normal 0 0 -1
    outer loop
      vertex 18.7873 5.03403 30.1241
      vertex 18.989 4.20975 30.1241
      vertex 13.5217 2.99769 30.1241
    endloop
  endfacet
  facet normal 0 0 -1
    outer loop
      vertex 13.5217 2.99769 30.1241
      vertex 18.989 4.20975 30.1241
      vertex 13.6396 2.40503 30.1241
    endloop
  endfacet
  facet normal 0 0 -1
    outer loop
      vertex 18.989 4.20975 30.1241
      vertex 19.1545 3.37746 30.1241
      vertex 13.6396 2.40503 30.1241
    endloop
  endfacet
  facet normal 0 0 -1
    outer loop
      vertex 13.6396 2.40503 30.1241
      vertex 19.1545 3.37746 30.1241
      vertex 13.7315 1.80779 30.1241
    endloop
  endfacet
  facet normal 0 0 -1
    outer loop
      vertex 19.1545 3.37746 30.1241
      vertex 19.2836 2.53873 30.1241
      vertex 13.7315 1.80779 30.1241
    endloop
  endfacet
  facet normal 0 0 -1
    outer loop
      vertex 13.7315 1.80779 30.1241
      vertex 19.2836 2.53873 30.1241
      vertex 13.7973 1.20711 30.1241
    endloop
  endfacet
  facet normal 0 0 -1
    outer loop
      vertex 19.2836 2.53873 30.1241
      vertex 19.376 1.69518 30.1241
      vertex 13.7973 1.20711 30.1241
    endloop
  endfacet
  facet normal 0 0 -1
    outer loop
      vertex 13.7973 1.20711 30.1241
      vertex 19.376 1.69518 30.1241
      vertex 13.8368 0.604129 30.1241
    endloop
  endfacet
  facet normal 0 0 -1
    outer loop
      vertex 19.376 1.69518 30.1241
      vertex 19.4315 0.848397 30.1241
      vertex 13.8368 0.604129 30.1241
    endloop
  endfacet
  facet normal 0 0 -1
    outer loop
      vertex 13.8368 0.604129 30.1241
      vertex 19.4315 0.848397 30.1241
      vertex 13.85 2.59319e-15 30.1241
    endloop
  endfacet
  facet normal 0 0 -1
    outer loop
      vertex 19.4315 0.848397 30.1241
      vertex 19.45 1.0809e-15 30.1241
      vertex 13.85 2.59319e-15 30.1241
    endloop
  endfacet
  facet normal 0 0 -1
    outer loop
      vertex 13.85 2.59319e-15 30.1241
      vertex 19.45 1.0809e-15 30.1241
      vertex 13.8368 -0.604129 30.1241
    endloop
  endfacet
  facet normal 0 0 -1
    outer loop
      vertex 7.94403 -11.3453 30.1241
      vertex 8.43135 -10.9879 30.1241
      vertex 14.903 -9.07762 30.1241
    endloop
  endfacet
  facet normal 0 0 -1
    outer loop
      vertex 8.43135 -10.9879 30.1241
      vertex 8.90261 -10.6097 30.1241
      vertex 14.903 -9.07762 30.1241
    endloop
  endfacet
  facet normal 0 0 -1
    outer loop
      vertex 14.903 -9.07762 30.1241
      vertex 8.90261 -10.6097 30.1241
      vertex 9.35692 -10.2113 30.1241
    endloop
  endfacet
  facet normal 0 0 -1
    outer loop
      vertex 9.79343 -9.79343 30.1241
      vertex 10.2113 -9.35692 30.1241
      vertex 14.903 -9.07762 30.1241
    endloop
  endfacet
  facet normal 0 0 -1
    outer loop
      vertex 10.2113 -9.35692 30.1241
      vertex 10.6097 -8.90261 30.1241
      vertex 14.903 -9.07762 30.1241
    endloop
  endfacet
  facet normal 0 0 -1
    outer loop
      vertex 14.903 -9.07762 30.1241
      vertex 10.6097 -8.90261 30.1241
      vertex 10.9879 -8.43135 30.1241
    endloop
  endfacet
  facet normal 0 0 -1
    outer loop
      vertex -10.9879 8.43135 30.1241
      vertex -11.3453 7.94403 30.1241
      vertex -14.903 9.07762 30.1241
    endloop
  endfacet
  facet normal 0 0 -1
    outer loop
      vertex -11.3453 7.94403 30.1241
      vertex -11.681 7.4416 30.1241
      vertex -14.903 9.07762 30.1241
    endloop
  endfacet
  facet normal 0 0 -1
    outer loop
      vertex -14.903 9.07762 30.1241
      vertex -11.681 7.4416 30.1241
      vertex -15.1121 8.725 30.1241
    endloop
  endfacet
  facet normal 0 0 -1
    outer loop
      vertex -11.681 7.4416 30.1241
      vertex -11.9945 6.925 30.1241
      vertex -15.1121 8.725 30.1241
    endloop
  endfacet
  facet normal 0 0 -1
    outer loop
      vertex -15.1121 8.725 30.1241
      vertex -11.9945 6.925 30.1241
      vertex -15.4783 8.05751 30.1241
    endloop
  endfacet
  facet normal 0 0 -1
    outer loop
      vertex -11.9945 6.925 30.1241
      vertex -12.2851 6.39522 30.1241
      vertex -15.4783 8.05751 30.1241
    endloop
  endfacet
  facet normal 0 0 -1
    outer loop
      vertex -15.4783 8.05751 30.1241
      vertex -12.2851 6.39522 30.1241
      vertex -15.8151 7.37469 30.1241
    endloop
  endfacet
  facet normal 0 0 -1
    outer loop
      vertex -12.2851 6.39522 30.1241
      vertex -12.5524 5.85326 30.1241
      vertex -15.8151 7.37469 30.1241
    endloop
  endfacet
  facet normal 0 0 -1
    outer loop
      vertex -15.8151 7.37469 30.1241
      vertex -12.5524 5.85326 30.1241
      vertex -16.1217 6.67783 30.1241
    endloop
  endfacet
  facet normal 0 0 -1
    outer loop
      vertex -12.5524 5.85326 30.1241
      vertex -12.7957 5.30017 30.1241
      vertex -16.1217 6.67783 30.1241
    endloop
  endfacet
  facet normal 0 0 -1
    outer loop
      vertex -16.1217 6.67783 30.1241
      vertex -12.7957 5.30017 30.1241
      vertex -13.0147 4.73698 30.1241
    endloop
  endfacet
  facet normal 0 0 -1
    outer loop
      vertex 2.53873 19.2836 30.1241
      vertex 1.20711 13.7973 30.1241
      vertex 1.69518 19.376 30.1241
    endloop
  endfacet
  facet normal 0 0 -1
    outer loop
      vertex 1.20711 13.7973 30.1241
      vertex 0.604129 13.8368 30.1241
      vertex 1.69518 19.376 30.1241
    endloop
  endfacet
  facet normal 0 0 -1
    outer loop
      vertex 2.53873 19.2836 30.1241
      vertex 3.37746 19.1545 30.1241
      vertex 1.20711 13.7973 30.1241
    endloop
  endfacet
  facet normal 0 0 -1
    outer loop
      vertex 3.37746 19.1545 30.1241
      vertex 4.20975 18.989 30.1241
      vertex 1.20711 13.7973 30.1241
    endloop
  endfacet
  facet normal 0 0 -1
    outer loop
      vertex 1.20711 13.7973 30.1241
      vertex 4.20975 18.989 30.1241
      vertex 5.03403 18.7873 30.1241
    endloop
  endfacet
  facet normal 0 0 -1
    outer loop
      vertex -14.903 9.07762 30.1241
      vertex -16.6111 10.118 30.1241
      vertex -16.404 10.4505 30.1241
    endloop
  endfacet
  facet normal 0 0 -1
    outer loop
      vertex 11.9945 6.925 30.1241
      vertex 11.681 7.4416 30.1241
      vertex 9.07762 14.903 30.1241
    endloop
  endfacet
  facet normal 0 0 -1
    outer loop
      vertex 11.681 7.4416 30.1241
      vertex 11.3453 7.94403 30.1241
      vertex 9.07762 14.903 30.1241
    endloop
  endfacet
  facet normal 0 0 -1
    outer loop
      vertex 9.07762 14.903 30.1241
      vertex 11.3453 7.94403 30.1241
      vertex 10.9879 8.43135 30.1241
    endloop
  endfacet
  facet normal 0 0 -1
    outer loop
      vertex 13.0147 -4.73698 30.1241
      vertex 13.209 -4.16478 30.1241
      vertex 16.1217 -6.67783 30.1241
    endloop
  endfacet
  facet normal 0 0 -1
    outer loop
      vertex -6.65229 -18.277 30.1241
      vertex -7.44319 -17.9695 30.1241
      vertex -6.67783 -16.1217 30.1241
    endloop
  endfacet
  facet normal 0 0 -1
    outer loop
      vertex 10.4505 -16.404 30.1241
      vertex 9.725 -16.8442 30.1241
      vertex 5.30017 -12.7957 30.1241
    endloop
  endfacet
  facet normal 0 0 -1
    outer loop
      vertex -6.67783 -16.1217 30.1241
      vertex -2.99769 -13.5217 30.1241
      vertex -2.40503 -13.6396 30.1241
    endloop
  endfacet
  facet normal 0 0 -1
    outer loop
      vertex 8.43135 10.9879 30.1241
      vertex 7.94403 11.3453 30.1241
      vertex 9.07762 14.903 30.1241
    endloop
  endfacet
  facet normal 0 0 -1
    outer loop
      vertex 7.94403 11.3453 30.1241
      vertex 7.4416 11.681 30.1241
      vertex 9.07762 14.903 30.1241
    endloop
  endfacet
  facet normal 0 0 -1
    outer loop
      vertex 9.07762 14.903 30.1241
      vertex 7.4416 11.681 30.1241
      vertex 8.725 15.1121 30.1241
    endloop
  endfacet
  facet normal 0 0 -1
    outer loop
      vertex 7.4416 11.681 30.1241
      vertex 6.925 11.9945 30.1241
      vertex 8.725 15.1121 30.1241
    endloop
  endfacet
  facet normal 0 0 -1
    outer loop
      vertex 8.725 15.1121 30.1241
      vertex 6.925 11.9945 30.1241
      vertex 8.05751 15.4783 30.1241
    endloop
  endfacet
  facet normal 0 0 -1
    outer loop
      vertex 6.925 11.9945 30.1241
      vertex 6.39522 12.2851 30.1241
      vertex 8.05751 15.4783 30.1241
    endloop
  endfacet
  facet normal 0 0 -1
    outer loop
      vertex 8.05751 15.4783 30.1241
      vertex 6.39522 12.2851 30.1241
      vertex 7.37469 15.8151 30.1241
    endloop
  endfacet
  facet normal 0 0 -1
    outer loop
      vertex 6.39522 12.2851 30.1241
      vertex 5.85326 12.5524 30.1241
      vertex 7.37469 15.8151 30.1241
    endloop
  endfacet
  facet normal 0 0 -1
    outer loop
      vertex 7.37469 15.8151 30.1241
      vertex 5.85326 12.5524 30.1241
      vertex 6.67783 16.1217 30.1241
    endloop
  endfacet
  facet normal 0 0 -1
    outer loop
      vertex 5.85326 12.5524 30.1241
      vertex 5.30017 12.7957 30.1241
      vertex 6.67783 16.1217 30.1241
    endloop
  endfacet
  facet normal 0 0 -1
    outer loop
      vertex 6.67783 16.1217 30.1241
      vertex 5.30017 12.7957 30.1241
      vertex 4.73698 13.0147 30.1241
    endloop
  endfacet
  facet normal 0 0 -1
    outer loop
      vertex 19.45 1.0809e-15 30.1241
      vertex 19.4315 -0.848397 30.1241
      vertex 13.8368 -0.604129 30.1241
    endloop
  endfacet
  facet normal 0 0 -1
    outer loop
      vertex 19.4315 -0.848397 30.1241
      vertex 19.376 -1.69518 30.1241
      vertex 13.8368 -0.604129 30.1241
    endloop
  endfacet
  facet normal 0 0 -1
    outer loop
      vertex 13.8368 -0.604129 30.1241
      vertex 19.376 -1.69518 30.1241
      vertex 13.7973 -1.20711 30.1241
    endloop
  endfacet
  facet normal 0 0 -1
    outer loop
      vertex 19.376 -1.69518 30.1241
      vertex 19.2836 -2.53873 30.1241
      vertex 13.7973 -1.20711 30.1241
    endloop
  endfacet
  facet normal 0 0 -1
    outer loop
      vertex 13.7973 -1.20711 30.1241
      vertex 19.2836 -2.53873 30.1241
      vertex 19.1545 -3.37746 30.1241
    endloop
  endfacet
  facet normal 0 0 -1
    outer loop
      vertex 19.1545 -3.37746 30.1241
      vertex 18.989 -4.20975 30.1241
      vertex 13.7973 -1.20711 30.1241
    endloop
  endfacet
  facet normal 0 0 -1
    outer loop
      vertex 18.989 -4.20975 30.1241
      vertex 18.7873 -5.03403 30.1241
      vertex 13.7973 -1.20711 30.1241
    endloop
  endfacet
  facet normal 0 0 -1
    outer loop
      vertex 13.7973 -1.20711 30.1241
      vertex 18.7873 -5.03403 30.1241
      vertex 18.5498 -5.84873 30.1241
    endloop
  endfacet
  facet normal 0 0 -1
    outer loop
      vertex 18.5498 -5.84873 30.1241
      vertex 18.277 -6.65229 30.1241
      vertex 13.7973 -1.20711 30.1241
    endloop
  endfacet
  facet normal 0 0 -1
    outer loop
      vertex 18.277 -6.65229 30.1241
      vertex 16.1217 -6.67783 30.1241
      vertex 13.7973 -1.20711 30.1241
    endloop
  endfacet
  facet normal 0 0 -1
    outer loop
      vertex 13.7973 -1.20711 30.1241
      vertex 16.1217 -6.67783 30.1241
      vertex 13.7315 -1.80779 30.1241
    endloop
  endfacet
  facet normal 0 0 -1
    outer loop
      vertex 16.1217 -6.67783 30.1241
      vertex 13.6396 -2.40503 30.1241
      vertex 13.7315 -1.80779 30.1241
    endloop
  endfacet
  facet normal 0 0 -1
    outer loop
      vertex 10.9879 -8.43135 30.1241
      vertex 11.3453 -7.94403 30.1241
      vertex 14.903 -9.07762 30.1241
    endloop
  endfacet
  facet normal 0 0 -1
    outer loop
      vertex 11.3453 -7.94403 30.1241
      vertex 11.681 -7.4416 30.1241
      vertex 14.903 -9.07762 30.1241
    endloop
  endfacet
  facet normal 0 0 -1
    outer loop
      vertex 14.903 -9.07762 30.1241
      vertex 11.681 -7.4416 30.1241
      vertex 15.1121 -8.725 30.1241
    endloop
  endfacet
  facet normal 0 0 -1
    outer loop
      vertex 11.681 -7.4416 30.1241
      vertex 11.9945 -6.925 30.1241
      vertex 15.1121 -8.725 30.1241
    endloop
  endfacet
  facet normal 0 0 -1
    outer loop
      vertex 15.1121 -8.725 30.1241
      vertex 11.9945 -6.925 30.1241
      vertex 15.4783 -8.05751 30.1241
    endloop
  endfacet
  facet normal 0 0 -1
    outer loop
      vertex 11.9945 -6.925 30.1241
      vertex 12.2851 -6.39522 30.1241
      vertex 15.4783 -8.05751 30.1241
    endloop
  endfacet
  facet normal 0 0 -1
    outer loop
      vertex 15.4783 -8.05751 30.1241
      vertex 12.2851 -6.39522 30.1241
      vertex 15.8151 -7.37469 30.1241
    endloop
  endfacet
  facet normal 0 0 -1
    outer loop
      vertex 12.2851 -6.39522 30.1241
      vertex 12.5524 -5.85326 30.1241
      vertex 15.8151 -7.37469 30.1241
    endloop
  endfacet
  facet normal 0 0 -1
    outer loop
      vertex 15.8151 -7.37469 30.1241
      vertex 12.5524 -5.85326 30.1241
      vertex 16.1217 -6.67783 30.1241
    endloop
  endfacet
  facet normal 0 0 -1
    outer loop
      vertex 12.5524 -5.85326 30.1241
      vertex 12.7957 -5.30017 30.1241
      vertex 16.1217 -6.67783 30.1241
    endloop
  endfacet
  facet normal 0 0 -1
    outer loop
      vertex 16.1217 -6.67783 30.1241
      vertex 12.7957 -5.30017 30.1241
      vertex 13.0147 -4.73698 30.1241
    endloop
  endfacet
  facet normal 0 0 -1
    outer loop
      vertex 13.209 -4.16478 30.1241
      vertex 13.3781 -3.58464 30.1241
      vertex 16.1217 -6.67783 30.1241
    endloop
  endfacet
  facet normal 0 0 -1
    outer loop
      vertex 13.3781 -3.58464 30.1241
      vertex 13.5217 -2.99769 30.1241
      vertex 16.1217 -6.67783 30.1241
    endloop
  endfacet
  facet normal 0 0 -1
    outer loop
      vertex 16.1217 -6.67783 30.1241
      vertex 13.5217 -2.99769 30.1241
      vertex 13.6396 -2.40503 30.1241
    endloop
  endfacet
  facet normal 0 0 -1
    outer loop
      vertex 5.30017 -12.7957 30.1241
      vertex 7.44319 -17.9695 30.1241
      vertex 4.73698 -13.0147 30.1241
    endloop
  endfacet
  facet normal 0 0 -1
    outer loop
      vertex 7.44319 -17.9695 30.1241
      vertex 6.65229 -18.277 30.1241
      vertex 4.73698 -13.0147 30.1241
    endloop
  endfacet
  facet normal 0 0 -1
    outer loop
      vertex 4.73698 -13.0147 30.1241
      vertex 6.65229 -18.277 30.1241
      vertex 4.16478 -13.209 30.1241
    endloop
  endfacet
  facet normal 0 0 -1
    outer loop
      vertex 6.65229 -18.277 30.1241
      vertex 5.84873 -18.5498 30.1241
      vertex 4.16478 -13.209 30.1241
    endloop
  endfacet
  facet normal 0 0 -1
    outer loop
      vertex 4.16478 -13.209 30.1241
      vertex 5.84873 -18.5498 30.1241
      vertex 3.58464 -13.3781 30.1241
    endloop
  endfacet
  facet normal 0 0 -1
    outer loop
      vertex 5.84873 -18.5498 30.1241
      vertex 5.03403 -18.7873 30.1241
      vertex 3.58464 -13.3781 30.1241
    endloop
  endfacet
  facet normal 0 0 -1
    outer loop
      vertex 3.58464 -13.3781 30.1241
      vertex 5.03403 -18.7873 30.1241
      vertex 2.99769 -13.5217 30.1241
    endloop
  endfacet
  facet normal 0 0 -1
    outer loop
      vertex 5.03403 -18.7873 30.1241
      vertex 4.20975 -18.989 30.1241
      vertex 2.99769 -13.5217 30.1241
    endloop
  endfacet
  facet normal 0 0 -1
    outer loop
      vertex 2.99769 -13.5217 30.1241
      vertex 4.20975 -18.989 30.1241
      vertex 2.40503 -13.6396 30.1241
    endloop
  endfacet
  facet normal 0 0 -1
    outer loop
      vertex 4.20975 -18.989 30.1241
      vertex 3.37746 -19.1545 30.1241
      vertex 2.40503 -13.6396 30.1241
    endloop
  endfacet
  facet normal 0 0 -1
    outer loop
      vertex 2.40503 -13.6396 30.1241
      vertex 3.37746 -19.1545 30.1241
      vertex 1.80779 -13.7315 30.1241
    endloop
  endfacet
  facet normal 0 0 -1
    outer loop
      vertex 3.37746 -19.1545 30.1241
      vertex 2.53873 -19.2836 30.1241
      vertex 1.80779 -13.7315 30.1241
    endloop
  endfacet
  facet normal 0 0 -1
    outer loop
      vertex 1.80779 -13.7315 30.1241
      vertex 2.53873 -19.2836 30.1241
      vertex 1.20711 -13.7973 30.1241
    endloop
  endfacet
  facet normal 0 0 -1
    outer loop
      vertex 2.53873 -19.2836 30.1241
      vertex 1.69518 -19.376 30.1241
      vertex 1.20711 -13.7973 30.1241
    endloop
  endfacet
  facet normal 0 0 -1
    outer loop
      vertex 1.20711 -13.7973 30.1241
      vertex 1.69518 -19.376 30.1241
      vertex 0.604129 -13.8368 30.1241
    endloop
  endfacet
  facet normal 0 0 -1
    outer loop
      vertex 1.69518 -19.376 30.1241
      vertex 0.848397 -19.4315 30.1241
      vertex 0.604129 -13.8368 30.1241
    endloop
  endfacet
  facet normal 0 0 -1
    outer loop
      vertex 0.604129 -13.8368 30.1241
      vertex 0.848397 -19.4315 30.1241
      vertex 2.5442e-15 -13.85 30.1241
    endloop
  endfacet
  facet normal 0 0 -1
    outer loop
      vertex 0.848397 -19.4315 30.1241
      vertex 3.13285e-14 -19.45 30.1241
      vertex 2.5442e-15 -13.85 30.1241
    endloop
  endfacet
  facet normal 0 0 -1
    outer loop
      vertex 2.5442e-15 -13.85 30.1241
      vertex 3.13285e-14 -19.45 30.1241
      vertex -0.604129 -13.8368 30.1241
    endloop
  endfacet
  facet normal 0 0 -1
    outer loop
      vertex 9.725 -16.8442 30.1241
      vertex 8.98101 -17.2524 30.1241
      vertex 5.30017 -12.7957 30.1241
    endloop
  endfacet
  facet normal 0 0 -1
    outer loop
      vertex 8.98101 -17.2524 30.1241
      vertex 8.21992 -17.6277 30.1241
      vertex 5.30017 -12.7957 30.1241
    endloop
  endfacet
  facet normal 0 0 -1
    outer loop
      vertex 5.30017 -12.7957 30.1241
      vertex 8.21992 -17.6277 30.1241
      vertex 7.44319 -17.9695 30.1241
    endloop
  endfacet
  facet normal 0 0 -1
    outer loop
      vertex -4.73698 -13.0147 30.1241
      vertex -4.16478 -13.209 30.1241
      vertex -6.67783 -16.1217 30.1241
    endloop
  endfacet
  facet normal 0 0 -1
    outer loop
      vertex -4.16478 -13.209 30.1241
      vertex -3.58464 -13.3781 30.1241
      vertex -6.67783 -16.1217 30.1241
    endloop
  endfacet
  facet normal 0 0 -1
    outer loop
      vertex -6.67783 -16.1217 30.1241
      vertex -3.58464 -13.3781 30.1241
      vertex -2.99769 -13.5217 30.1241
    endloop
  endfacet
  facet normal 0 0 -1
    outer loop
      vertex 16.404 10.4505 30.1241
      vertex 16.8442 9.725 30.1241
      vertex 12.7957 5.30017 30.1241
    endloop
  endfacet
  facet normal 0 0 -1
    outer loop
      vertex 16.8442 9.725 30.1241
      vertex 17.2524 8.98101 30.1241
      vertex 12.7957 5.30017 30.1241
    endloop
  endfacet
  facet normal 0 0 -1
    outer loop
      vertex 12.7957 5.30017 30.1241
      vertex 17.2524 8.98101 30.1241
      vertex 17.6277 8.21992 30.1241
    endloop
  endfacet
  facet normal 0 0 -1
    outer loop
      vertex 3.13285e-14 -19.45 30.1241
      vertex -0.848397 -19.4315 30.1241
      vertex -0.604129 -13.8368 30.1241
    endloop
  endfacet
  facet normal 0 0 -1
    outer loop
      vertex -0.848397 -19.4315 30.1241
      vertex -1.69518 -19.376 30.1241
      vertex -0.604129 -13.8368 30.1241
    endloop
  endfacet
  facet normal 0 0 -1
    outer loop
      vertex -0.604129 -13.8368 30.1241
      vertex -1.69518 -19.376 30.1241
      vertex -1.20711 -13.7973 30.1241
    endloop
  endfacet
  facet normal 0 0 -1
    outer loop
      vertex -1.69518 -19.376 30.1241
      vertex -2.53873 -19.2836 30.1241
      vertex -1.20711 -13.7973 30.1241
    endloop
  endfacet
  facet normal 0 0 -1
    outer loop
      vertex -2.53873 -19.2836 30.1241
      vertex -3.37746 -19.1545 30.1241
      vertex -1.20711 -13.7973 30.1241
    endloop
  endfacet
  facet normal 0 0 -1
    outer loop
      vertex -1.20711 -13.7973 30.1241
      vertex -3.37746 -19.1545 30.1241
      vertex -4.20975 -18.989 30.1241
    endloop
  endfacet
  facet normal 0 0 -1
    outer loop
      vertex -2.40503 -13.6396 30.1241
      vertex -1.80779 -13.7315 30.1241
      vertex -6.67783 -16.1217 30.1241
    endloop
  endfacet
  facet normal 0 0 -1
    outer loop
      vertex -1.80779 -13.7315 30.1241
      vertex -1.20711 -13.7973 30.1241
      vertex -6.67783 -16.1217 30.1241
    endloop
  endfacet
  facet normal 0 0 -1
    outer loop
      vertex -6.67783 -16.1217 30.1241
      vertex -1.20711 -13.7973 30.1241
      vertex -6.65229 -18.277 30.1241
    endloop
  endfacet
  facet normal 0 0 -1
    outer loop
      vertex -10.118 -16.6111 30.1241
      vertex -10.4505 -16.404 30.1241
      vertex -9.07762 -14.903 30.1241
    endloop
  endfacet
  facet normal 0 0 -1
    outer loop
      vertex -10.4505 -16.404 30.1241
      vertex -11.1561 -15.9325 30.1241
      vertex -9.07762 -14.903 30.1241
    endloop
  endfacet
  facet normal 0 0 -1
    outer loop
      vertex -13.1402 14.34 30.1241
      vertex -5.30017 12.7957 30.1241
      vertex -13.7532 13.7532 30.1241
    endloop
  endfacet
  facet normal 0 0 -1
    outer loop
      vertex -5.30017 12.7957 30.1241
      vertex -14.34 13.1402 30.1241
      vertex -13.7532 13.7532 30.1241
    endloop
  endfacet
  facet normal 0 0 -1
    outer loop
      vertex -13.1402 14.34 30.1241
      vertex -12.5022 14.8996 30.1241
      vertex -5.30017 12.7957 30.1241
    endloop
  endfacet
  facet normal 0 0 -1
    outer loop
      vertex -12.5022 14.8996 30.1241
      vertex -11.8404 15.4307 30.1241
      vertex -5.30017 12.7957 30.1241
    endloop
  endfacet
  facet normal 0 0 -1
    outer loop
      vertex -5.30017 12.7957 30.1241
      vertex -11.8404 15.4307 30.1241
      vertex -11.1561 15.9325 30.1241
    endloop
  endfacet
  facet normal 0 0 -1
    outer loop
      vertex -8.98101 17.2524 30.1241
      vertex -8.21992 17.6277 30.1241
      vertex -5.30017 12.7957 30.1241
    endloop
  endfacet
  facet normal 0 0 -1
    outer loop
      vertex -8.21992 17.6277 30.1241
      vertex -7.44319 17.9695 30.1241
      vertex -5.30017 12.7957 30.1241
    endloop
  endfacet
  facet normal 0 0 -1
    outer loop
      vertex -5.30017 12.7957 30.1241
      vertex -7.44319 17.9695 30.1241
      vertex -4.73698 13.0147 30.1241
    endloop
  endfacet
  facet normal 0 0 -1
    outer loop
      vertex -7.44319 17.9695 30.1241
      vertex -6.65229 18.277 30.1241
      vertex -4.73698 13.0147 30.1241
    endloop
  endfacet
  facet normal 0 0 -1
    outer loop
      vertex -4.73698 13.0147 30.1241
      vertex -6.65229 18.277 30.1241
      vertex -4.16478 13.209 30.1241
    endloop
  endfacet
  facet normal 0 0 -1
    outer loop
      vertex -6.65229 18.277 30.1241
      vertex -5.84873 18.5498 30.1241
      vertex -4.16478 13.209 30.1241
    endloop
  endfacet
  facet normal 0 0 -1
    outer loop
      vertex -4.16478 13.209 30.1241
      vertex -5.84873 18.5498 30.1241
      vertex -3.58464 13.3781 30.1241
    endloop
  endfacet
  facet normal 0 0 -1
    outer loop
      vertex -5.84873 18.5498 30.1241
      vertex -5.03403 18.7873 30.1241
      vertex -3.58464 13.3781 30.1241
    endloop
  endfacet
  facet normal 0 0 -1
    outer loop
      vertex -3.58464 13.3781 30.1241
      vertex -5.03403 18.7873 30.1241
      vertex -2.99769 13.5217 30.1241
    endloop
  endfacet
  facet normal 0 0 -1
    outer loop
      vertex -5.03403 18.7873 30.1241
      vertex -4.20975 18.989 30.1241
      vertex -2.99769 13.5217 30.1241
    endloop
  endfacet
  facet normal 0 0 -1
    outer loop
      vertex -2.99769 13.5217 30.1241
      vertex -4.20975 18.989 30.1241
      vertex -2.40503 13.6396 30.1241
    endloop
  endfacet
  facet normal 0 0 -1
    outer loop
      vertex -4.20975 18.989 30.1241
      vertex -3.37746 19.1545 30.1241
      vertex -2.40503 13.6396 30.1241
    endloop
  endfacet
  facet normal 0 0 -1
    outer loop
      vertex -2.40503 13.6396 30.1241
      vertex -3.37746 19.1545 30.1241
      vertex -1.80779 13.7315 30.1241
    endloop
  endfacet
  facet normal 0 0 -1
    outer loop
      vertex -3.37746 19.1545 30.1241
      vertex -2.53873 19.2836 30.1241
      vertex -1.80779 13.7315 30.1241
    endloop
  endfacet
  facet normal 0 0 -1
    outer loop
      vertex -1.80779 13.7315 30.1241
      vertex -2.53873 19.2836 30.1241
      vertex -1.20711 13.7973 30.1241
    endloop
  endfacet
  facet normal 0 0 -1
    outer loop
      vertex -2.53873 19.2836 30.1241
      vertex -1.69518 19.376 30.1241
      vertex -1.20711 13.7973 30.1241
    endloop
  endfacet
  facet normal 0 0 -1
    outer loop
      vertex -1.20711 13.7973 30.1241
      vertex -1.69518 19.376 30.1241
      vertex -0.604129 13.8368 30.1241
    endloop
  endfacet
  facet normal 0 0 -1
    outer loop
      vertex -1.69518 19.376 30.1241
      vertex -0.848397 19.4315 30.1241
      vertex -0.604129 13.8368 30.1241
    endloop
  endfacet
  facet normal 0 0 -1
    outer loop
      vertex -0.604129 13.8368 30.1241
      vertex -0.848397 19.4315 30.1241
      vertex -8.48068e-16 13.85 30.1241
    endloop
  endfacet
  facet normal 0 0 -1
    outer loop
      vertex -0.848397 19.4315 30.1241
      vertex 2.65646e-14 19.45 30.1241
      vertex -8.48068e-16 13.85 30.1241
    endloop
  endfacet
  facet normal 0 0 -1
    outer loop
      vertex -8.48068e-16 13.85 30.1241
      vertex 2.65646e-14 19.45 30.1241
      vertex 0.604129 13.8368 30.1241
    endloop
  endfacet
  facet normal 0 0 -1
    outer loop
      vertex 2.65646e-14 19.45 30.1241
      vertex 0.848397 19.4315 30.1241
      vertex 0.604129 13.8368 30.1241
    endloop
  endfacet
  facet normal 0 0 -1
    outer loop
      vertex 0.604129 13.8368 30.1241
      vertex 0.848397 19.4315 30.1241
      vertex 1.69518 19.376 30.1241
    endloop
  endfacet
  facet normal 0 0 -1
    outer loop
      vertex 10.4505 16.404 30.1241
      vertex 11.1561 15.9325 30.1241
      vertex 9.07762 14.903 30.1241
    endloop
  endfacet
  facet normal 0 0 -1
    outer loop
      vertex 11.1561 15.9325 30.1241
      vertex 11.8404 15.4307 30.1241
      vertex 9.07762 14.903 30.1241
    endloop
  endfacet
  facet normal 0 0 -1
    outer loop
      vertex 9.07762 14.903 30.1241
      vertex 11.8404 15.4307 30.1241
      vertex 12.7957 5.30017 30.1241
    endloop
  endfacet
  facet normal 0 0 -1
    outer loop
      vertex 11.8404 15.4307 30.1241
      vertex 12.5022 14.8996 30.1241
      vertex 12.7957 5.30017 30.1241
    endloop
  endfacet
  facet normal 0 0 -1
    outer loop
      vertex 12.7957 5.30017 30.1241
      vertex 12.5022 14.8996 30.1241
      vertex 13.1402 14.34 30.1241
    endloop
  endfacet
  facet normal 0 0 -1
    outer loop
      vertex 13.1402 14.34 30.1241
      vertex 13.7532 13.7532 30.1241
      vertex 12.7957 5.30017 30.1241
    endloop
  endfacet
  facet normal 0 0 -1
    outer loop
      vertex 13.7532 13.7532 30.1241
      vertex 14.34 13.1402 30.1241
      vertex 12.7957 5.30017 30.1241
    endloop
  endfacet
  facet normal 0 0 -1
    outer loop
      vertex 12.7957 5.30017 30.1241
      vertex 14.34 13.1402 30.1241
      vertex 14.8996 12.5022 30.1241
    endloop
  endfacet
  facet normal 0 0 -1
    outer loop
      vertex 14.8996 12.5022 30.1241
      vertex 15.4307 11.8404 30.1241
      vertex 12.7957 5.30017 30.1241
    endloop
  endfacet
  facet normal 0 0 -1
    outer loop
      vertex 15.4307 11.8404 30.1241
      vertex 15.9325 11.1561 30.1241
      vertex 12.7957 5.30017 30.1241
    endloop
  endfacet
  facet normal 0 0 -1
    outer loop
      vertex 12.7957 5.30017 30.1241
      vertex 15.9325 11.1561 30.1241
      vertex 16.404 10.4505 30.1241
    endloop
  endfacet
  facet normal 0 0 -1
    outer loop
      vertex -4.20975 -18.989 30.1241
      vertex -5.03403 -18.7873 30.1241
      vertex -1.20711 -13.7973 30.1241
    endloop
  endfacet
  facet normal 0 0 -1
    outer loop
      vertex -5.03403 -18.7873 30.1241
      vertex -5.84873 -18.5498 30.1241
      vertex -1.20711 -13.7973 30.1241
    endloop
  endfacet
  facet normal 0 0 -1
    outer loop
      vertex -1.20711 -13.7973 30.1241
      vertex -5.84873 -18.5498 30.1241
      vertex -6.65229 -18.277 30.1241
    endloop
  endfacet
  facet normal 0 0 -1
    outer loop
      vertex -8.43135 -10.9879 30.1241
      vertex -7.94403 -11.3453 30.1241
      vertex -9.07762 -14.903 30.1241
    endloop
  endfacet
  facet normal 0 0 -1
    outer loop
      vertex -7.94403 -11.3453 30.1241
      vertex -7.4416 -11.681 30.1241
      vertex -9.07762 -14.903 30.1241
    endloop
  endfacet
  facet normal 0 0 -1
    outer loop
      vertex -9.07762 -14.903 30.1241
      vertex -7.4416 -11.681 30.1241
      vertex -8.725 -15.1121 30.1241
    endloop
  endfacet
  facet normal 0 0 -1
    outer loop
      vertex -7.4416 -11.681 30.1241
      vertex -6.925 -11.9945 30.1241
      vertex -8.725 -15.1121 30.1241
    endloop
  endfacet
  facet normal 0 0 -1
    outer loop
      vertex -8.725 -15.1121 30.1241
      vertex -6.925 -11.9945 30.1241
      vertex -8.05751 -15.4783 30.1241
    endloop
  endfacet
  facet normal 0 0 -1
    outer loop
      vertex -6.925 -11.9945 30.1241
      vertex -6.39522 -12.2851 30.1241
      vertex -8.05751 -15.4783 30.1241
    endloop
  endfacet
  facet normal 0 0 -1
    outer loop
      vertex -8.05751 -15.4783 30.1241
      vertex -6.39522 -12.2851 30.1241
      vertex -7.37469 -15.8151 30.1241
    endloop
  endfacet
  facet normal 0 0 -1
    outer loop
      vertex -6.39522 -12.2851 30.1241
      vertex -5.85326 -12.5524 30.1241
      vertex -7.37469 -15.8151 30.1241
    endloop
  endfacet
  facet normal 0 0 -1
    outer loop
      vertex -7.37469 -15.8151 30.1241
      vertex -5.85326 -12.5524 30.1241
      vertex -6.67783 -16.1217 30.1241
    endloop
  endfacet
  facet normal 0 0 -1
    outer loop
      vertex -5.85326 -12.5524 30.1241
      vertex -5.30017 -12.7957 30.1241
      vertex -6.67783 -16.1217 30.1241
    endloop
  endfacet
  facet normal 0 0 -1
    outer loop
      vertex -6.67783 -16.1217 30.1241
      vertex -5.30017 -12.7957 30.1241
      vertex -4.73698 -13.0147 30.1241
    endloop
  endfacet
  facet normal 0 0 -1
    outer loop
      vertex -16.404 10.4505 30.1241
      vertex -15.9325 11.1561 30.1241
      vertex -14.903 9.07762 30.1241
    endloop
  endfacet
  facet normal 0 0 -1
    outer loop
      vertex -15.9325 11.1561 30.1241
      vertex -15.4307 11.8404 30.1241
      vertex -14.903 9.07762 30.1241
    endloop
  endfacet
  facet normal 0 0 -1
    outer loop
      vertex -14.903 9.07762 30.1241
      vertex -15.4307 11.8404 30.1241
      vertex -5.30017 12.7957 30.1241
    endloop
  endfacet
  facet normal 0 0 -1
    outer loop
      vertex -15.4307 11.8404 30.1241
      vertex -14.8996 12.5022 30.1241
      vertex -5.30017 12.7957 30.1241
    endloop
  endfacet
  facet normal 0 0 -1
    outer loop
      vertex -5.30017 12.7957 30.1241
      vertex -14.8996 12.5022 30.1241
      vertex -14.34 13.1402 30.1241
    endloop
  endfacet
  facet normal 0 0 -1
    outer loop
      vertex -11.1561 15.9325 30.1241
      vertex -10.4505 16.404 30.1241
      vertex -5.30017 12.7957 30.1241
    endloop
  endfacet
  facet normal 0 0 -1
    outer loop
      vertex -10.4505 16.404 30.1241
      vertex -9.725 16.8442 30.1241
      vertex -5.30017 12.7957 30.1241
    endloop
  endfacet
  facet normal 0 0 -1
    outer loop
      vertex -5.30017 12.7957 30.1241
      vertex -9.725 16.8442 30.1241
      vertex -8.98101 17.2524 30.1241
    endloop
  endfacet
  facet normal 0 0 -1
    outer loop
      vertex 16.404 -10.4505 30.1241
      vertex 15.9325 -11.1561 30.1241
      vertex 14.903 -9.07762 30.1241
    endloop
  endfacet
  facet normal 0 0 -1
    outer loop
      vertex 15.9325 -11.1561 30.1241
      vertex 15.4307 -11.8404 30.1241
      vertex 14.903 -9.07762 30.1241
    endloop
  endfacet
  facet normal 0 0 -1
    outer loop
      vertex 14.903 -9.07762 30.1241
      vertex 15.4307 -11.8404 30.1241
      vertex 5.30017 -12.7957 30.1241
    endloop
  endfacet
  facet normal 0 0 -1
    outer loop
      vertex 15.4307 -11.8404 30.1241
      vertex 14.8996 -12.5022 30.1241
      vertex 5.30017 -12.7957 30.1241
    endloop
  endfacet
  facet normal 0 0 -1
    outer loop
      vertex 5.30017 -12.7957 30.1241
      vertex 14.8996 -12.5022 30.1241
      vertex 14.34 -13.1402 30.1241
    endloop
  endfacet
  facet normal 0 0 -1
    outer loop
      vertex 14.34 -13.1402 30.1241
      vertex 13.7532 -13.7532 30.1241
      vertex 5.30017 -12.7957 30.1241
    endloop
  endfacet
  facet normal 0 0 -1
    outer loop
      vertex 13.7532 -13.7532 30.1241
      vertex 13.1402 -14.34 30.1241
      vertex 5.30017 -12.7957 30.1241
    endloop
  endfacet
  facet normal 0 0 -1
    outer loop
      vertex 5.30017 -12.7957 30.1241
      vertex 13.1402 -14.34 30.1241
      vertex 12.5022 -14.8996 30.1241
    endloop
  endfacet
  facet normal 0 0 -1
    outer loop
      vertex -11.1561 -15.9325 30.1241
      vertex -11.8404 -15.4307 30.1241
      vertex -9.07762 -14.903 30.1241
    endloop
  endfacet
  facet normal 0 0 -1
    outer loop
      vertex -11.8404 -15.4307 30.1241
      vertex -10.6097 -8.90261 30.1241
      vertex -9.07762 -14.903 30.1241
    endloop
  endfacet
  facet normal 0 0 -1
    outer loop
      vertex -9.07762 -14.903 30.1241
      vertex -10.6097 -8.90261 30.1241
      vertex -10.2113 -9.35692 30.1241
    endloop
  endfacet
  facet normal 0 0 -1
    outer loop
      vertex 12.5022 -14.8996 30.1241
      vertex 11.8404 -15.4307 30.1241
      vertex 5.30017 -12.7957 30.1241
    endloop
  endfacet
  facet normal 0 0 -1
    outer loop
      vertex 11.8404 -15.4307 30.1241
      vertex 11.1561 -15.9325 30.1241
      vertex 5.30017 -12.7957 30.1241
    endloop
  endfacet
  facet normal 0 0 -1
    outer loop
      vertex 5.30017 -12.7957 30.1241
      vertex 11.1561 -15.9325 30.1241
      vertex 10.4505 -16.404 30.1241
    endloop
  endfacet
  facet normal 0 0 -1
    outer loop
      vertex -11.8404 -15.4307 30.1241
      vertex -12.5022 -14.8996 30.1241
      vertex -10.6097 -8.90261 30.1241
    endloop
  endfacet
  facet normal 0 0 -1
    outer loop
      vertex -12.5022 -14.8996 30.1241
      vertex -13.1402 -14.34 30.1241
      vertex -10.6097 -8.90261 30.1241
    endloop
  endfacet
  facet normal 0 0 -1
    outer loop
      vertex -10.6097 -8.90261 30.1241
      vertex -13.1402 -14.34 30.1241
      vertex -13.7532 -13.7532 30.1241
    endloop
  endfacet
  facet normal 0 0 -1
    outer loop
      vertex -13.7532 -13.7532 30.1241
      vertex -14.34 -13.1402 30.1241
      vertex -10.6097 -8.90261 30.1241
    endloop
  endfacet
  facet normal 0 0 -1
    outer loop
      vertex -14.34 -13.1402 30.1241
      vertex -14.8996 -12.5022 30.1241
      vertex -10.6097 -8.90261 30.1241
    endloop
  endfacet
  facet normal 0 0 -1
    outer loop
      vertex -10.6097 -8.90261 30.1241
      vertex -14.8996 -12.5022 30.1241
      vertex -10.9879 -8.43135 30.1241
    endloop
  endfacet
  facet normal 0 0 -1
    outer loop
      vertex -14.8996 -12.5022 30.1241
      vertex -15.4307 -11.8404 30.1241
      vertex -10.9879 -8.43135 30.1241
    endloop
  endfacet
  facet normal 0 0 -1
    outer loop
      vertex -10.9879 -8.43135 30.1241
      vertex -15.4307 -11.8404 30.1241
      vertex -11.3453 -7.94403 30.1241
    endloop
  endfacet
  facet normal 0 0 -1
    outer loop
      vertex -15.4307 -11.8404 30.1241
      vertex -15.9325 -11.1561 30.1241
      vertex -11.3453 -7.94403 30.1241
    endloop
  endfacet
  facet normal 0 0 -1
    outer loop
      vertex -11.3453 -7.94403 30.1241
      vertex -15.9325 -11.1561 30.1241
      vertex -11.681 -7.4416 30.1241
    endloop
  endfacet
  facet normal 0 0 -1
    outer loop
      vertex -15.9325 -11.1561 30.1241
      vertex -16.404 -10.4505 30.1241
      vertex -11.681 -7.4416 30.1241
    endloop
  endfacet
  facet normal 0 0 -1
    outer loop
      vertex -11.681 -7.4416 30.1241
      vertex -16.404 -10.4505 30.1241
      vertex -11.9945 -6.925 30.1241
    endloop
  endfacet
  facet normal 0 0 -1
    outer loop
      vertex -16.404 -10.4505 30.1241
      vertex -16.8442 -9.725 30.1241
      vertex -11.9945 -6.925 30.1241
    endloop
  endfacet
  facet normal 0 0 -1
    outer loop
      vertex -11.9945 -6.925 30.1241
      vertex -16.8442 -9.725 30.1241
      vertex -12.2851 -6.39522 30.1241
    endloop
  endfacet
  facet normal 0 0 -1
    outer loop
      vertex -16.8442 -9.725 30.1241
      vertex -17.2524 -8.98101 30.1241
      vertex -12.2851 -6.39522 30.1241
    endloop
  endfacet
  facet normal 0 0 -1
    outer loop
      vertex -12.2851 -6.39522 30.1241
      vertex -17.2524 -8.98101 30.1241
      vertex -12.5524 -5.85326 30.1241
    endloop
  endfacet
  facet normal 0 0 -1
    outer loop
      vertex -17.2524 -8.98101 30.1241
      vertex -17.6277 -8.21992 30.1241
      vertex -12.5524 -5.85326 30.1241
    endloop
  endfacet
  facet normal 0 0 -1
    outer loop
      vertex -12.5524 -5.85326 30.1241
      vertex -17.6277 -8.21992 30.1241
      vertex -12.7957 -5.30017 30.1241
    endloop
  endfacet
  facet normal 0 0 -1
    outer loop
      vertex -17.6277 -8.21992 30.1241
      vertex -17.9695 -7.44319 30.1241
      vertex -12.7957 -5.30017 30.1241
    endloop
  endfacet
  facet normal 0 0 -1
    outer loop
      vertex -12.7957 -5.30017 30.1241
      vertex -17.9695 -7.44319 30.1241
      vertex -13.0147 -4.73698 30.1241
    endloop
  endfacet
  facet normal 0 0 -1
    outer loop
      vertex -17.9695 -7.44319 30.1241
      vertex -18.277 -6.65229 30.1241
      vertex -13.0147 -4.73698 30.1241
    endloop
  endfacet
  facet normal 0 0 -1
    outer loop
      vertex -13.0147 -4.73698 30.1241
      vertex -18.277 -6.65229 30.1241
      vertex -13.209 -4.16478 30.1241
    endloop
  endfacet
  facet normal 0 0 -1
    outer loop
      vertex -18.277 -6.65229 30.1241
      vertex -18.5498 -5.84873 30.1241
      vertex -13.209 -4.16478 30.1241
    endloop
  endfacet
  facet normal 0 0 -1
    outer loop
      vertex -13.209 -4.16478 30.1241
      vertex -18.5498 -5.84873 30.1241
      vertex -13.3781 -3.58464 30.1241
    endloop
  endfacet
  facet normal 0 0 -1
    outer loop
      vertex -18.5498 -5.84873 30.1241
      vertex -18.7873 -5.03403 30.1241
      vertex -13.3781 -3.58464 30.1241
    endloop
  endfacet
  facet normal 0 0 -1
    outer loop
      vertex -13.3781 -3.58464 30.1241
      vertex -18.7873 -5.03403 30.1241
      vertex -13.5217 -2.99769 30.1241
    endloop
  endfacet
  facet normal 0 0 -1
    outer loop
      vertex -18.7873 -5.03403 30.1241
      vertex -18.989 -4.20975 30.1241
      vertex -13.5217 -2.99769 30.1241
    endloop
  endfacet
  facet normal 0 0 -1
    outer loop
      vertex -13.5217 -2.99769 30.1241
      vertex -18.989 -4.20975 30.1241
      vertex -13.6396 -2.40503 30.1241
    endloop
  endfacet
  facet normal 0 0 -1
    outer loop
      vertex -18.989 -4.20975 30.1241
      vertex -19.1545 -3.37746 30.1241
      vertex -13.6396 -2.40503 30.1241
    endloop
  endfacet
  facet normal 0 0 -1
    outer loop
      vertex -13.6396 -2.40503 30.1241
      vertex -19.1545 -3.37746 30.1241
      vertex -13.7315 -1.80779 30.1241
    endloop
  endfacet
  facet normal 0 0 -1
    outer loop
      vertex -19.1545 -3.37746 30.1241
      vertex -19.2836 -2.53873 30.1241
      vertex -13.7315 -1.80779 30.1241
    endloop
  endfacet
  facet normal 0 0 -1
    outer loop
      vertex -13.7315 -1.80779 30.1241
      vertex -19.2836 -2.53873 30.1241
      vertex -13.7973 -1.20711 30.1241
    endloop
  endfacet
  facet normal 0 0 -1
    outer loop
      vertex -19.2836 -2.53873 30.1241
      vertex -19.376 -1.69518 30.1241
      vertex -13.7973 -1.20711 30.1241
    endloop
  endfacet
  facet normal 0 0 -1
    outer loop
      vertex -13.7973 -1.20711 30.1241
      vertex -19.376 -1.69518 30.1241
      vertex -13.8368 -0.604129 30.1241
    endloop
  endfacet
  facet normal 0 0 -1
    outer loop
      vertex -19.376 -1.69518 30.1241
      vertex -19.4315 -0.848397 30.1241
      vertex -13.8368 -0.604129 30.1241
    endloop
  endfacet
  facet normal 0 0 -1
    outer loop
      vertex -13.8368 -0.604129 30.1241
      vertex -19.4315 -0.848397 30.1241
      vertex -13.85 -2.49522e-15 30.1241
    endloop
  endfacet
  facet normal 0 0 -1
    outer loop
      vertex -19.4315 -0.848397 30.1241
      vertex -19.45 -1.30104e-15 30.1241
      vertex -13.85 -2.49522e-15 30.1241
    endloop
  endfacet
  facet normal 0 0 -1
    outer loop
      vertex -13.85 -2.49522e-15 30.1241
      vertex -19.45 -1.30104e-15 30.1241
      vertex -13.8368 0.604129 30.1241
    endloop
  endfacet
  facet normal 0 0 -1
    outer loop
      vertex -19.45 -1.30104e-15 30.1241
      vertex -19.4315 0.848397 30.1241
      vertex -13.8368 0.604129 30.1241
    endloop
  endfacet
  facet normal 0 0 -1
    outer loop
      vertex -13.8368 0.604129 30.1241
      vertex -19.4315 0.848397 30.1241
      vertex -13.7973 1.20711 30.1241
    endloop
  endfacet
  facet normal 0 0 -1
    outer loop
      vertex -19.4315 0.848397 30.1241
      vertex -19.376 1.69518 30.1241
      vertex -13.7973 1.20711 30.1241
    endloop
  endfacet
  facet normal 0 0 -1
    outer loop
      vertex -13.7973 1.20711 30.1241
      vertex -19.376 1.69518 30.1241
      vertex -19.2836 2.53873 30.1241
    endloop
  endfacet
  facet normal 0 0 -1
    outer loop
      vertex 16.1217 -6.67783 1
      vertex 17.9695 -7.44319 1
      vertex 15.8151 -7.37469 1
    endloop
  endfacet
  facet normal 0 0 -1
    outer loop
      vertex 17.9695 -7.44319 1
      vertex 17.6277 -8.21992 1
      vertex 15.8151 -7.37469 1
    endloop
  endfacet
  facet normal 0 0 -1
    outer loop
      vertex 15.8151 -7.37469 1
      vertex 17.6277 -8.21992 1
      vertex 15.4783 -8.05751 1
    endloop
  endfacet
  facet normal 0 0 -1
    outer loop
      vertex 17.6277 -8.21992 1
      vertex 17.2524 -8.98101 1
      vertex 15.4783 -8.05751 1
    endloop
  endfacet
  facet normal 0 0 -1
    outer loop
      vertex 15.4783 -8.05751 1
      vertex 17.2524 -8.98101 1
      vertex 15.1121 -8.725 1
    endloop
  endfacet
  facet normal 0 0 -1
    outer loop
      vertex 17.2524 -8.98101 1
      vertex 16.8442 -9.725 1
      vertex 15.1121 -8.725 1
    endloop
  endfacet
  facet normal 0 0 -1
    outer loop
      vertex 15.1121 -8.725 1
      vertex 16.8442 -9.725 1
      vertex 14.7172 -9.37588 1
    endloop
  endfacet
  facet normal 0 0 -1
    outer loop
      vertex 16.8442 -9.725 1
      vertex 16.404 -10.4505 1
      vertex 14.7172 -9.37588 1
    endloop
  endfacet
  facet normal 0 0 -1
    outer loop
      vertex 14.7172 -9.37588 1
      vertex 16.404 -10.4505 1
      vertex 14.2942 -10.0089 1
    endloop
  endfacet
  facet normal 0 0 -1
    outer loop
      vertex 16.404 -10.4505 1
      vertex 15.9325 -11.1561 1
      vertex 14.2942 -10.0089 1
    endloop
  endfacet
  facet normal 0 0 -1
    outer loop
      vertex 14.2942 -10.0089 1
      vertex 15.9325 -11.1561 1
      vertex 13.844 -10.6229 1
    endloop
  endfacet
  facet normal 0 0 -1
    outer loop
      vertex 15.9325 -11.1561 1
      vertex 15.4307 -11.8404 1
      vertex 13.844 -10.6229 1
    endloop
  endfacet
  facet normal 0 0 -1
    outer loop
      vertex 13.844 -10.6229 1
      vertex 15.4307 -11.8404 1
      vertex 13.3675 -11.2166 1
    endloop
  endfacet
  facet normal 0 0 -1
    outer loop
      vertex 15.4307 -11.8404 1
      vertex 14.8996 -12.5022 1
      vertex 13.3675 -11.2166 1
    endloop
  endfacet
  facet normal 0 0 -1
    outer loop
      vertex 13.3675 -11.2166 1
      vertex 14.8996 -12.5022 1
      vertex 12.8655 -11.789 1
    endloop
  endfacet
  facet normal 0 0 -1
    outer loop
      vertex 14.8996 -12.5022 1
      vertex 14.34 -13.1402 1
      vertex 12.8655 -11.789 1
    endloop
  endfacet
  facet normal 0 0 -1
    outer loop
      vertex 12.8655 -11.789 1
      vertex 14.34 -13.1402 1
      vertex 12.339 -12.339 1
    endloop
  endfacet
  facet normal 0 0 -1
    outer loop
      vertex 14.34 -13.1402 1
      vertex 13.7532 -13.7532 1
      vertex 12.339 -12.339 1
    endloop
  endfacet
  facet normal 0 0 -1
    outer loop
      vertex 12.339 -12.339 1
      vertex 13.7532 -13.7532 1
      vertex 11.789 -12.8655 1
    endloop
  endfacet
  facet normal 0 0 -1
    outer loop
      vertex 13.7532 -13.7532 1
      vertex 13.1402 -14.34 1
      vertex 11.789 -12.8655 1
    endloop
  endfacet
  facet normal 0 0 -1
    outer loop
      vertex 11.789 -12.8655 1
      vertex 13.1402 -14.34 1
      vertex 11.2166 -13.3675 1
    endloop
  endfacet
  facet normal 0 0 -1
    outer loop
      vertex 13.1402 -14.34 1
      vertex 12.5022 -14.8996 1
      vertex 11.2166 -13.3675 1
    endloop
  endfacet
  facet normal 0 0 -1
    outer loop
      vertex 11.2166 -13.3675 1
      vertex 12.5022 -14.8996 1
      vertex 10.6229 -13.844 1
    endloop
  endfacet
  facet normal 0 0 -1
    outer loop
      vertex 12.5022 -14.8996 1
      vertex 11.8404 -15.4307 1
      vertex 10.6229 -13.844 1
    endloop
  endfacet
  facet normal 0 0 -1
    outer loop
      vertex 10.6229 -13.844 1
      vertex 11.8404 -15.4307 1
      vertex 10.0089 -14.2942 1
    endloop
  endfacet
  facet normal 0 0 -1
    outer loop
      vertex 11.8404 -15.4307 1
      vertex 11.1561 -15.9325 1
      vertex 10.0089 -14.2942 1
    endloop
  endfacet
  facet normal 0 0 -1
    outer loop
      vertex 10.0089 -14.2942 1
      vertex 11.1561 -15.9325 1
      vertex 9.37588 -14.7172 1
    endloop
  endfacet
  facet normal 0 0 -1
    outer loop
      vertex 11.1561 -15.9325 1
      vertex 10.4505 -16.404 1
      vertex 9.37588 -14.7172 1
    endloop
  endfacet
  facet normal 0 0 -1
    outer loop
      vertex 9.37588 -14.7172 1
      vertex 10.4505 -16.404 1
      vertex 8.725 -15.1121 1
    endloop
  endfacet
  facet normal 0 0 -1
    outer loop
      vertex 10.4505 -16.404 1
      vertex 9.725 -16.8442 1
      vertex 8.725 -15.1121 1
    endloop
  endfacet
  facet normal 0 0 -1
    outer loop
      vertex 8.725 -15.1121 1
      vertex 9.725 -16.8442 1
      vertex 8.05751 -15.4783 1
    endloop
  endfacet
  facet normal 0 0 -1
    outer loop
      vertex 9.725 -16.8442 1
      vertex 8.98101 -17.2524 1
      vertex 8.05751 -15.4783 1
    endloop
  endfacet
  facet normal 0 0 -1
    outer loop
      vertex 8.05751 -15.4783 1
      vertex 8.98101 -17.2524 1
      vertex 7.37469 -15.8151 1
    endloop
  endfacet
  facet normal 0 0 -1
    outer loop
      vertex 8.98101 -17.2524 1
      vertex 8.21992 -17.6277 1
      vertex 7.37469 -15.8151 1
    endloop
  endfacet
  facet normal 0 0 -1
    outer loop
      vertex 7.37469 -15.8151 1
      vertex 8.21992 -17.6277 1
      vertex 6.67783 -16.1217 1
    endloop
  endfacet
  facet normal 0 0 -1
    outer loop
      vertex 8.21992 -17.6277 1
      vertex 7.44319 -17.9695 1
      vertex 6.67783 -16.1217 1
    endloop
  endfacet
  facet normal 0.999762 -0.0218159 0
    outer loop
      vertex 18.2739 -22.2739 7
      vertex 18.2739 -22.2739 0
      vertex 18.2777 -22.0994 7
    endloop
  endfacet
  facet normal 0.999762 -0.0218159 0
    outer loop
      vertex 18.2739 -22.2739 0
      vertex 18.2777 -22.0994 0
      vertex 18.2777 -22.0994 7
    endloop
  endfacet
  facet normal 0.997859 -0.065404 0
    outer loop
      vertex 18.2777 -22.0994 7
      vertex 18.2777 -22.0994 0
      vertex 18.2891 -21.9252 7
    endloop
  endfacet
  facet normal 0.997859 -0.065404 0
    outer loop
      vertex 18.2777 -22.0994 0
      vertex 18.2891 -21.9252 0
      vertex 18.2891 -21.9252 7
    endloop
  endfacet
  facet normal 0.994057 -0.108865 0
    outer loop
      vertex 18.2891 -21.9252 7
      vertex 18.2891 -21.9252 0
      vertex 18.3081 -21.7518 7
    endloop
  endfacet
  facet normal 0.994057 -0.108865 0
    outer loop
      vertex 18.2891 -21.9252 0
      vertex 18.3081 -21.7518 0
      vertex 18.3081 -21.7518 7
    endloop
  endfacet
  facet normal 0.988362 -0.152122 0
    outer loop
      vertex 18.3081 -21.7518 7
      vertex 18.3081 -21.7518 0
      vertex 18.3346 -21.5793 7
    endloop
  endfacet
  facet normal 0.988362 -0.152122 0
    outer loop
      vertex 18.3081 -21.7518 0
      vertex 18.3346 -21.5793 0
      vertex 18.3346 -21.5793 7
    endloop
  endfacet
  facet normal 0.980785 -0.195092 0
    outer loop
      vertex 18.3346 -21.5793 7
      vertex 18.3346 -21.5793 0
      vertex 18.3687 -21.4081 7
    endloop
  endfacet
  facet normal 0.980785 -0.195092 0
    outer loop
      vertex 18.3346 -21.5793 0
      vertex 18.3687 -21.4081 0
      vertex 18.3687 -21.4081 7
    endloop
  endfacet
  facet normal 0.971341 -0.237688 0
    outer loop
      vertex 18.3687 -21.4081 7
      vertex 18.3687 -21.4081 0
      vertex 18.4102 -21.2386 7
    endloop
  endfacet
  facet normal 0.971341 -0.237688 0
    outer loop
      vertex 18.3687 -21.4081 0
      vertex 18.4102 -21.2386 0
      vertex 18.4102 -21.2386 7
    endloop
  endfacet
  facet normal 0.960051 -0.279826 0
    outer loop
      vertex 18.4102 -21.2386 7
      vertex 18.4102 -21.2386 0
      vertex 18.459 -21.071 7
    endloop
  endfacet
  facet normal 0.960051 -0.279826 0
    outer loop
      vertex 18.4102 -21.2386 0
      vertex 18.459 -21.071 0
      vertex 18.459 -21.071 7
    endloop
  endfacet
  facet normal 0.94693 -0.321439 0
    outer loop
      vertex 18.459 -21.071 7
      vertex 18.459 -21.071 0
      vertex 18.5151 -20.9058 7
    endloop
  endfacet
  facet normal 0.94693 -0.321439 0
    outer loop
      vertex 18.459 -21.071 0
      vertex 18.5151 -20.9058 0
      vertex 18.5151 -20.9058 7
    endloop
  endfacet
  facet normal 0.932009 -0.362434 0
    outer loop
      vertex 18.5151 -20.9058 7
      vertex 18.5151 -20.9058 0
      vertex 18.5783 -20.7431 7
    endloop
  endfacet
  facet normal 0.932009 -0.362434 0
    outer loop
      vertex 18.5151 -20.9058 0
      vertex 18.5783 -20.7431 0
      vertex 18.5783 -20.7431 7
    endloop
  endfacet
  facet normal 0.915311 -0.402748 0
    outer loop
      vertex 18.5783 -20.7431 7
      vertex 18.5783 -20.7431 0
      vertex 18.6486 -20.5834 7
    endloop
  endfacet
  facet normal 0.915311 -0.402748 0
    outer loop
      vertex 18.5783 -20.7431 0
      vertex 18.6486 -20.5834 0
      vertex 18.6486 -20.5834 7
    endloop
  endfacet
  facet normal 0.896873 -0.442289 0
    outer loop
      vertex 18.6486 -20.5834 7
      vertex 18.6486 -20.5834 0
      vertex 18.7258 -20.4269 7
    endloop
  endfacet
  facet normal 0.896873 -0.442289 0
    outer loop
      vertex 18.6486 -20.5834 0
      vertex 18.7258 -20.4269 0
      vertex 18.7258 -20.4269 7
    endloop
  endfacet
  facet normal 0.876726 -0.480991 0
    outer loop
      vertex 18.7258 -20.4269 7
      vertex 18.7258 -20.4269 0
      vertex 18.8098 -20.2739 7
    endloop
  endfacet
  facet normal 0.876726 -0.480991 0
    outer loop
      vertex 18.7258 -20.4269 0
      vertex 18.8098 -20.2739 0
      vertex 18.8098 -20.2739 7
    endloop
  endfacet
  facet normal 0.854914 -0.51877 0
    outer loop
      vertex 18.8098 -20.2739 7
      vertex 18.8098 -20.2739 0
      vertex 18.9003 -20.1247 7
    endloop
  endfacet
  facet normal 0.854914 -0.51877 0
    outer loop
      vertex 18.8098 -20.2739 0
      vertex 18.9003 -20.1247 0
      vertex 18.9003 -20.1247 7
    endloop
  endfacet
  facet normal 0.831469 -0.555572 0
    outer loop
      vertex 18.9003 -20.1247 7
      vertex 18.9003 -20.1247 0
      vertex 18.9973 -19.9796 7
    endloop
  endfacet
  facet normal 0.831469 -0.555572 0
    outer loop
      vertex 18.9003 -20.1247 0
      vertex 18.9973 -19.9796 0
      vertex 18.9973 -19.9796 7
    endloop
  endfacet
  facet normal 0.806445 -0.591309 0
    outer loop
      vertex 18.9973 -19.9796 7
      vertex 18.9973 -19.9796 0
      vertex 19.1004 -19.8388 7
    endloop
  endfacet
  facet normal 0.806445 -0.591309 0
    outer loop
      vertex 18.9973 -19.9796 0
      vertex 19.1004 -19.8388 0
      vertex 19.1004 -19.8388 7
    endloop
  endfacet
  facet normal 0.779879 -0.625931 0
    outer loop
      vertex 19.1004 -19.8388 7
      vertex 19.1004 -19.8388 0
      vertex 19.2097 -19.7027 7
    endloop
  endfacet
  facet normal 0.779879 -0.625931 0
    outer loop
      vertex 19.1004 -19.8388 0
      vertex 19.2097 -19.7027 0
      vertex 19.2097 -19.7027 7
    endloop
  endfacet
  facet normal 0.751844 -0.659341 0
    outer loop
      vertex 19.2097 -19.7027 7
      vertex 19.2097 -19.7027 0
      vertex 19.3248 -19.5715 7
    endloop
  endfacet
  facet normal 0.751844 -0.659341 0
    outer loop
      vertex 19.2097 -19.7027 0
      vertex 19.3248 -19.5715 0
      vertex 19.3248 -19.5715 7
    endloop
  endfacet
  facet normal 0.722366 -0.691511 0
    outer loop
      vertex 19.3248 -19.5715 7
      vertex 19.3248 -19.5715 0
      vertex 19.4454 -19.4454 7
    endloop
  endfacet
  facet normal 0.722366 -0.691511 0
    outer loop
      vertex 19.3248 -19.5715 0
      vertex 19.4454 -19.4454 0
      vertex 19.4454 -19.4454 7
    endloop
  endfacet
  facet normal 0.691511 -0.722366 0
    outer loop
      vertex 19.4454 -19.4454 7
      vertex 19.4454 -19.4454 0
      vertex 19.5715 -19.3248 7
    endloop
  endfacet
  facet normal 0.691511 -0.722366 0
    outer loop
      vertex 19.4454 -19.4454 0
      vertex 19.5715 -19.3248 0
      vertex 19.5715 -19.3248 7
    endloop
  endfacet
  facet normal 0.659341 -0.751844 0
    outer loop
      vertex 19.5715 -19.3248 7
      vertex 19.5715 -19.3248 0
      vertex 19.7027 -19.2097 7
    endloop
  endfacet
  facet normal 0.659341 -0.751844 0
    outer loop
      vertex 19.5715 -19.3248 0
      vertex 19.7027 -19.2097 0
      vertex 19.7027 -19.2097 7
    endloop
  endfacet
  facet normal 0.625931 -0.779879 0
    outer loop
      vertex 19.7027 -19.2097 7
      vertex 19.7027 -19.2097 0
      vertex 19.8388 -19.1004 7
    endloop
  endfacet
  facet normal 0.625931 -0.779879 0
    outer loop
      vertex 19.7027 -19.2097 0
      vertex 19.8388 -19.1004 0
      vertex 19.8388 -19.1004 7
    endloop
  endfacet
  facet normal 0.591309 -0.806445 0
    outer loop
      vertex 19.8388 -19.1004 7
      vertex 19.8388 -19.1004 0
      vertex 19.9796 -18.9973 7
    endloop
  endfacet
  facet normal 0.591309 -0.806445 0
    outer loop
      vertex 19.8388 -19.1004 0
      vertex 19.9796 -18.9973 0
      vertex 19.9796 -18.9973 7
    endloop
  endfacet
  facet normal 0.555572 -0.831469 0
    outer loop
      vertex 19.9796 -18.9973 7
      vertex 19.9796 -18.9973 0
      vertex 20.1247 -18.9003 7
    endloop
  endfacet
  facet normal 0.555572 -0.831469 0
    outer loop
      vertex 19.9796 -18.9973 0
      vertex 20.1247 -18.9003 0
      vertex 20.1247 -18.9003 7
    endloop
  endfacet
  facet normal 0.51877 -0.854914 0
    outer loop
      vertex 20.1247 -18.9003 7
      vertex 20.1247 -18.9003 0
      vertex 20.2739 -18.8098 7
    endloop
  endfacet
  facet normal 0.51877 -0.854914 0
    outer loop
      vertex 20.1247 -18.9003 0
      vertex 20.2739 -18.8098 0
      vertex 20.2739 -18.8098 7
    endloop
  endfacet
  facet normal 0.480991 -0.876726 0
    outer loop
      vertex 20.2739 -18.8098 7
      vertex 20.2739 -18.8098 0
      vertex 20.4269 -18.7258 7
    endloop
  endfacet
  facet normal 0.480991 -0.876726 0
    outer loop
      vertex 20.2739 -18.8098 0
      vertex 20.4269 -18.7258 0
      vertex 20.4269 -18.7258 7
    endloop
  endfacet
  facet normal 0.442289 -0.896873 0
    outer loop
      vertex 20.4269 -18.7258 7
      vertex 20.4269 -18.7258 0
      vertex 20.5834 -18.6486 7
    endloop
  endfacet
  facet normal 0.442289 -0.896873 0
    outer loop
      vertex 20.4269 -18.7258 0
      vertex 20.5834 -18.6486 0
      vertex 20.5834 -18.6486 7
    endloop
  endfacet
  facet normal 0.402748 -0.915311 0
    outer loop
      vertex 20.5834 -18.6486 7
      vertex 20.5834 -18.6486 0
      vertex 20.7431 -18.5783 7
    endloop
  endfacet
  facet normal 0.402748 -0.915311 0
    outer loop
      vertex 20.5834 -18.6486 0
      vertex 20.7431 -18.5783 0
      vertex 20.7431 -18.5783 7
    endloop
  endfacet
  facet normal 0.362434 -0.932009 0
    outer loop
      vertex 20.7431 -18.5783 7
      vertex 20.7431 -18.5783 0
      vertex 20.9058 -18.5151 7
    endloop
  endfacet
  facet normal 0.362434 -0.932009 0
    outer loop
      vertex 20.7431 -18.5783 0
      vertex 20.9058 -18.5151 0
      vertex 20.9058 -18.5151 7
    endloop
  endfacet
  facet normal 0.321439 -0.94693 0
    outer loop
      vertex 20.9058 -18.5151 7
      vertex 20.9058 -18.5151 0
      vertex 21.071 -18.459 7
    endloop
  endfacet
  facet normal 0.321439 -0.94693 0
    outer loop
      vertex 20.9058 -18.5151 0
      vertex 21.071 -18.459 0
      vertex 21.071 -18.459 7
    endloop
  endfacet
  facet normal 0.279826 -0.960051 0
    outer loop
      vertex 21.071 -18.459 7
      vertex 21.071 -18.459 0
      vertex 21.2386 -18.4102 7
    endloop
  endfacet
  facet normal 0.279826 -0.960051 0
    outer loop
      vertex 21.071 -18.459 0
      vertex 21.2386 -18.4102 0
      vertex 21.2386 -18.4102 7
    endloop
  endfacet
  facet normal 0.237688 -0.971341 0
    outer loop
      vertex 21.2386 -18.4102 7
      vertex 21.2386 -18.4102 0
      vertex 21.4081 -18.3687 7
    endloop
  endfacet
  facet normal 0.237688 -0.971341 0
    outer loop
      vertex 21.2386 -18.4102 0
      vertex 21.4081 -18.3687 0
      vertex 21.4081 -18.3687 7
    endloop
  endfacet
  facet normal 0.195092 -0.980785 0
    outer loop
      vertex 21.4081 -18.3687 7
      vertex 21.4081 -18.3687 0
      vertex 21.5793 -18.3346 7
    endloop
  endfacet
  facet normal 0.195092 -0.980785 0
    outer loop
      vertex 21.4081 -18.3687 0
      vertex 21.5793 -18.3346 0
      vertex 21.5793 -18.3346 7
    endloop
  endfacet
  facet normal 0.152122 -0.988362 0
    outer loop
      vertex 21.5793 -18.3346 7
      vertex 21.5793 -18.3346 0
      vertex 21.7518 -18.3081 7
    endloop
  endfacet
  facet normal 0.152122 -0.988362 0
    outer loop
      vertex 21.5793 -18.3346 0
      vertex 21.7518 -18.3081 0
      vertex 21.7518 -18.3081 7
    endloop
  endfacet
  facet normal 0.108865 -0.994057 0
    outer loop
      vertex 21.7518 -18.3081 7
      vertex 21.7518 -18.3081 0
      vertex 21.9252 -18.2891 7
    endloop
  endfacet
  facet normal 0.108865 -0.994057 0
    outer loop
      vertex 21.7518 -18.3081 0
      vertex 21.9252 -18.2891 0
      vertex 21.9252 -18.2891 7
    endloop
  endfacet
  facet normal 0.065404 -0.997859 0
    outer loop
      vertex 21.9252 -18.2891 7
      vertex 21.9252 -18.2891 0
      vertex 22.0994 -18.2777 7
    endloop
  endfacet
  facet normal 0.065404 -0.997859 0
    outer loop
      vertex 21.9252 -18.2891 0
      vertex 22.0994 -18.2777 0
      vertex 22.0994 -18.2777 7
    endloop
  endfacet
  facet normal 0.0218159 -0.999762 0
    outer loop
      vertex 22.0994 -18.2777 7
      vertex 22.0994 -18.2777 0
      vertex 22.2739 -18.2739 7
    endloop
  endfacet
  facet normal 0.0218159 -0.999762 0
    outer loop
      vertex 22.0994 -18.2777 0
      vertex 22.2739 -18.2739 0
      vertex 22.2739 -18.2739 7
    endloop
  endfacet
  facet normal -0.0218156 -0.999762 0
    outer loop
      vertex 22.2739 -18.2739 7
      vertex 22.2739 -18.2739 0
      vertex 22.4483 -18.2777 7
    endloop
  endfacet
  facet normal -0.0218156 -0.999762 0
    outer loop
      vertex 22.2739 -18.2739 0
      vertex 22.4483 -18.2777 0
      vertex 22.4483 -18.2777 7
    endloop
  endfacet
  facet normal -0.065404 -0.997859 0
    outer loop
      vertex 22.4483 -18.2777 7
      vertex 22.4483 -18.2777 0
      vertex 22.6225 -18.2891 7
    endloop
  endfacet
  facet normal -0.065404 -0.997859 0
    outer loop
      vertex 22.4483 -18.2777 0
      vertex 22.6225 -18.2891 0
      vertex 22.6225 -18.2891 7
    endloop
  endfacet
  facet normal -0.108865 -0.994057 0
    outer loop
      vertex 22.6225 -18.2891 7
      vertex 22.6225 -18.2891 0
      vertex 22.796 -18.3081 7
    endloop
  endfacet
  facet normal -0.108865 -0.994057 0
    outer loop
      vertex 22.6225 -18.2891 0
      vertex 22.796 -18.3081 0
      vertex 22.796 -18.3081 7
    endloop
  endfacet
  facet normal -0.152122 -0.988362 0
    outer loop
      vertex 22.796 -18.3081 7
      vertex 22.796 -18.3081 0
      vertex 22.9685 -18.3346 7
    endloop
  endfacet
  facet normal -0.152122 -0.988362 0
    outer loop
      vertex 22.796 -18.3081 0
      vertex 22.9685 -18.3346 0
      vertex 22.9685 -18.3346 7
    endloop
  endfacet
  facet normal -0.195092 -0.980785 0
    outer loop
      vertex 22.9685 -18.3346 7
      vertex 22.9685 -18.3346 0
      vertex 23.1396 -18.3687 7
    endloop
  endfacet
  facet normal -0.195092 -0.980785 0
    outer loop
      vertex 22.9685 -18.3346 0
      vertex 23.1396 -18.3687 0
      vertex 23.1396 -18.3687 7
    endloop
  endfacet
  facet normal -0.237688 -0.971341 0
    outer loop
      vertex 23.1396 -18.3687 7
      vertex 23.1396 -18.3687 0
      vertex 23.3091 -18.4102 7
    endloop
  endfacet
  facet normal -0.237688 -0.971341 0
    outer loop
      vertex 23.1396 -18.3687 0
      vertex 23.3091 -18.4102 0
      vertex 23.3091 -18.4102 7
    endloop
  endfacet
  facet normal -0.279826 -0.960051 0
    outer loop
      vertex 23.3091 -18.4102 7
      vertex 23.3091 -18.4102 0
      vertex 23.4767 -18.459 7
    endloop
  endfacet
  facet normal -0.279826 -0.960051 0
    outer loop
      vertex 23.3091 -18.4102 0
      vertex 23.4767 -18.459 0
      vertex 23.4767 -18.459 7
    endloop
  endfacet
  facet normal -0.321439 -0.94693 0
    outer loop
      vertex 23.4767 -18.459 7
      vertex 23.4767 -18.459 0
      vertex 23.6419 -18.5151 7
    endloop
  endfacet
  facet normal -0.321439 -0.94693 0
    outer loop
      vertex 23.4767 -18.459 0
      vertex 23.6419 -18.5151 0
      vertex 23.6419 -18.5151 7
    endloop
  endfacet
  facet normal -0.362434 -0.932009 0
    outer loop
      vertex 23.6419 -18.5151 7
      vertex 23.6419 -18.5151 0
      vertex 23.8046 -18.5783 7
    endloop
  endfacet
  facet normal -0.362434 -0.932009 0
    outer loop
      vertex 23.6419 -18.5151 0
      vertex 23.8046 -18.5783 0
      vertex 23.8046 -18.5783 7
    endloop
  endfacet
  facet normal -0.402748 -0.915311 0
    outer loop
      vertex 23.8046 -18.5783 7
      vertex 23.8046 -18.5783 0
      vertex 23.9643 -18.6486 7
    endloop
  endfacet
  facet normal -0.402748 -0.915311 0
    outer loop
      vertex 23.8046 -18.5783 0
      vertex 23.9643 -18.6486 0
      vertex 23.9643 -18.6486 7
    endloop
  endfacet
  facet normal -0.442289 -0.896873 0
    outer loop
      vertex 23.9643 -18.6486 7
      vertex 23.9643 -18.6486 0
      vertex 24.1209 -18.7258 7
    endloop
  endfacet
  facet normal -0.442289 -0.896873 0
    outer loop
      vertex 23.9643 -18.6486 0
      vertex 24.1209 -18.7258 0
      vertex 24.1209 -18.7258 7
    endloop
  endfacet
  facet normal -0.480991 -0.876726 0
    outer loop
      vertex 24.1209 -18.7258 7
      vertex 24.1209 -18.7258 0
      vertex 24.2739 -18.8098 7
    endloop
  endfacet
  facet normal -0.480991 -0.876726 0
    outer loop
      vertex 24.1209 -18.7258 0
      vertex 24.2739 -18.8098 0
      vertex 24.2739 -18.8098 7
    endloop
  endfacet
  facet normal -0.51877 -0.854914 0
    outer loop
      vertex 24.2739 -18.8098 7
      vertex 24.2739 -18.8098 0
      vertex 24.4231 -18.9003 7
    endloop
  endfacet
  facet normal -0.51877 -0.854914 0
    outer loop
      vertex 24.2739 -18.8098 0
      vertex 24.4231 -18.9003 0
      vertex 24.4231 -18.9003 7
    endloop
  endfacet
  facet normal -0.555577 -0.831465 0
    outer loop
      vertex 24.4231 -18.9003 7
      vertex 24.4231 -18.9003 0
      vertex 24.5682 -18.9973 7
    endloop
  endfacet
  facet normal -0.555577 -0.831465 0
    outer loop
      vertex 24.4231 -18.9003 0
      vertex 24.5682 -18.9973 0
      vertex 24.5682 -18.9973 7
    endloop
  endfacet
  facet normal -0.591304 -0.806449 0
    outer loop
      vertex 24.5682 -18.9973 7
      vertex 24.5682 -18.9973 0
      vertex 24.7089 -19.1004 7
    endloop
  endfacet
  facet normal -0.591304 -0.806449 0
    outer loop
      vertex 24.5682 -18.9973 0
      vertex 24.7089 -19.1004 0
      vertex 24.7089 -19.1004 7
    endloop
  endfacet
  facet normal -0.625931 -0.779879 0
    outer loop
      vertex 24.7089 -19.1004 7
      vertex 24.7089 -19.1004 0
      vertex 24.845 -19.2097 7
    endloop
  endfacet
  facet normal -0.625931 -0.779879 0
    outer loop
      vertex 24.7089 -19.1004 0
      vertex 24.845 -19.2097 0
      vertex 24.845 -19.2097 7
    endloop
  endfacet
  facet normal -0.659341 -0.751844 0
    outer loop
      vertex 24.845 -19.2097 7
      vertex 24.845 -19.2097 0
      vertex 24.9762 -19.3248 7
    endloop
  endfacet
  facet normal -0.659341 -0.751844 0
    outer loop
      vertex 24.845 -19.2097 0
      vertex 24.9762 -19.3248 0
      vertex 24.9762 -19.3248 7
    endloop
  endfacet
  facet normal -0.691511 -0.722366 0
    outer loop
      vertex 24.9762 -19.3248 7
      vertex 24.9762 -19.3248 0
      vertex 25.1023 -19.4454 7
    endloop
  endfacet
  facet normal -0.691511 -0.722366 0
    outer loop
      vertex 24.9762 -19.3248 0
      vertex 25.1023 -19.4454 0
      vertex 25.1023 -19.4454 7
    endloop
  endfacet
  facet normal -0.722372 -0.691505 0
    outer loop
      vertex 25.1023 -19.4454 7
      vertex 25.1023 -19.4454 0
      vertex 25.223 -19.5715 7
    endloop
  endfacet
  facet normal -0.722372 -0.691505 0
    outer loop
      vertex 25.1023 -19.4454 0
      vertex 25.223 -19.5715 0
      vertex 25.223 -19.5715 7
    endloop
  endfacet
  facet normal -0.751839 -0.659347 0
    outer loop
      vertex 25.223 -19.5715 7
      vertex 25.223 -19.5715 0
      vertex 25.338 -19.7027 7
    endloop
  endfacet
  facet normal -0.751839 -0.659347 0
    outer loop
      vertex 25.223 -19.5715 0
      vertex 25.338 -19.7027 0
      vertex 25.338 -19.7027 7
    endloop
  endfacet
  facet normal -0.779879 -0.625931 0
    outer loop
      vertex 25.338 -19.7027 7
      vertex 25.338 -19.7027 0
      vertex 25.4473 -19.8388 7
    endloop
  endfacet
  facet normal -0.779879 -0.625931 0
    outer loop
      vertex 25.338 -19.7027 0
      vertex 25.4473 -19.8388 0
      vertex 25.4473 -19.8388 7
    endloop
  endfacet
  facet normal -0.806445 -0.591309 0
    outer loop
      vertex 25.4473 -19.8388 7
      vertex 25.4473 -19.8388 0
      vertex 25.5505 -19.9796 7
    endloop
  endfacet
  facet normal -0.806445 -0.591309 0
    outer loop
      vertex 25.4473 -19.8388 0
      vertex 25.5505 -19.9796 0
      vertex 25.5505 -19.9796 7
    endloop
  endfacet
  facet normal -0.831469 -0.555572 0
    outer loop
      vertex 25.5505 -19.9796 7
      vertex 25.5505 -19.9796 0
      vertex 25.6474 -20.1247 7
    endloop
  endfacet
  facet normal -0.831469 -0.555572 0
    outer loop
      vertex 25.5505 -19.9796 0
      vertex 25.6474 -20.1247 0
      vertex 25.6474 -20.1247 7
    endloop
  endfacet
  facet normal -0.854914 -0.51877 0
    outer loop
      vertex 25.6474 -20.1247 7
      vertex 25.6474 -20.1247 0
      vertex 25.738 -20.2739 7
    endloop
  endfacet
  facet normal -0.854914 -0.51877 0
    outer loop
      vertex 25.6474 -20.1247 0
      vertex 25.738 -20.2739 0
      vertex 25.738 -20.2739 7
    endloop
  endfacet
  facet normal -0.876726 -0.480991 0
    outer loop
      vertex 25.738 -20.2739 7
      vertex 25.738 -20.2739 0
      vertex 25.8219 -20.4269 7
    endloop
  endfacet
  facet normal -0.876726 -0.480991 0
    outer loop
      vertex 25.738 -20.2739 0
      vertex 25.8219 -20.4269 0
      vertex 25.8219 -20.4269 7
    endloop
  endfacet
  facet normal -0.896873 -0.442289 0
    outer loop
      vertex 25.8219 -20.4269 7
      vertex 25.8219 -20.4269 0
      vertex 25.8991 -20.5834 7
    endloop
  endfacet
  facet normal -0.896873 -0.442289 0
    outer loop
      vertex 25.8219 -20.4269 0
      vertex 25.8991 -20.5834 0
      vertex 25.8991 -20.5834 7
    endloop
  endfacet
  facet normal -0.915311 -0.402748 0
    outer loop
      vertex 25.8991 -20.5834 7
      vertex 25.8991 -20.5834 0
      vertex 25.9694 -20.7431 7
    endloop
  endfacet
  facet normal -0.915311 -0.402748 0
    outer loop
      vertex 25.8991 -20.5834 0
      vertex 25.9694 -20.7431 0
      vertex 25.9694 -20.7431 7
    endloop
  endfacet
  facet normal -0.932009 -0.362434 0
    outer loop
      vertex 25.9694 -20.7431 7
      vertex 25.9694 -20.7431 0
      vertex 26.0326 -20.9058 7
    endloop
  endfacet
  facet normal -0.932009 -0.362434 0
    outer loop
      vertex 25.9694 -20.7431 0
      vertex 26.0326 -20.9058 0
      vertex 26.0326 -20.9058 7
    endloop
  endfacet
  facet normal -0.94693 -0.321439 0
    outer loop
      vertex 26.0326 -20.9058 7
      vertex 26.0326 -20.9058 0
      vertex 26.0887 -21.071 7
    endloop
  endfacet
  facet normal -0.94693 -0.321439 0
    outer loop
      vertex 26.0326 -20.9058 0
      vertex 26.0887 -21.071 0
      vertex 26.0887 -21.071 7
    endloop
  endfacet
  facet normal -0.960051 -0.279826 0
    outer loop
      vertex 26.0887 -21.071 7
      vertex 26.0887 -21.071 0
      vertex 26.1376 -21.2386 7
    endloop
  endfacet
  facet normal -0.960051 -0.279826 0
    outer loop
      vertex 26.0887 -21.071 0
      vertex 26.1376 -21.2386 0
      vertex 26.1376 -21.2386 7
    endloop
  endfacet
  facet normal -0.971341 -0.237688 0
    outer loop
      vertex 26.1376 -21.2386 7
      vertex 26.1376 -21.2386 0
      vertex 26.179 -21.4081 7
    endloop
  endfacet
  facet normal -0.971341 -0.237688 0
    outer loop
      vertex 26.1376 -21.2386 0
      vertex 26.179 -21.4081 0
      vertex 26.179 -21.4081 7
    endloop
  endfacet
  facet normal -0.980785 -0.195092 0
    outer loop
      vertex 26.179 -21.4081 7
      vertex 26.179 -21.4081 0
      vertex 26.2131 -21.5793 7
    endloop
  endfacet
  facet normal -0.980785 -0.195092 0
    outer loop
      vertex 26.179 -21.4081 0
      vertex 26.2131 -21.5793 0
      vertex 26.2131 -21.5793 7
    endloop
  endfacet
  facet normal -0.988362 -0.152122 0
    outer loop
      vertex 26.2131 -21.5793 7
      vertex 26.2131 -21.5793 0
      vertex 26.2396 -21.7518 7
    endloop
  endfacet
  facet normal -0.988362 -0.152122 0
    outer loop
      vertex 26.2131 -21.5793 0
      vertex 26.2396 -21.7518 0
      vertex 26.2396 -21.7518 7
    endloop
  endfacet
  facet normal -0.994057 -0.108865 0
    outer loop
      vertex 26.2396 -21.7518 7
      vertex 26.2396 -21.7518 0
      vertex 26.2586 -21.9252 7
    endloop
  endfacet
  facet normal -0.994057 -0.108865 0
    outer loop
      vertex 26.2396 -21.7518 0
      vertex 26.2586 -21.9252 0
      vertex 26.2586 -21.9252 7
    endloop
  endfacet
  facet normal -0.997859 -0.065404 0
    outer loop
      vertex 26.2586 -21.9252 7
      vertex 26.2586 -21.9252 0
      vertex 26.2701 -22.0994 7
    endloop
  endfacet
  facet normal -0.997859 -0.065404 0
    outer loop
      vertex 26.2586 -21.9252 0
      vertex 26.2701 -22.0994 0
      vertex 26.2701 -22.0994 7
    endloop
  endfacet
  facet normal -0.999762 -0.0218159 0
    outer loop
      vertex 26.2701 -22.0994 7
      vertex 26.2701 -22.0994 0
      vertex 26.2739 -22.2739 7
    endloop
  endfacet
  facet normal -0.999762 -0.0218159 0
    outer loop
      vertex 26.2701 -22.0994 0
      vertex 26.2739 -22.2739 0
      vertex 26.2739 -22.2739 7
    endloop
  endfacet
  facet normal -0.999762 0.0218156 0
    outer loop
      vertex 26.2739 -22.2739 7
      vertex 26.2739 -22.2739 0
      vertex 26.2701 -22.4483 7
    endloop
  endfacet
  facet normal -0.999762 0.0218156 0
    outer loop
      vertex 26.2739 -22.2739 0
      vertex 26.2701 -22.4483 0
      vertex 26.2701 -22.4483 7
    endloop
  endfacet
  facet normal -0.997859 0.065404 0
    outer loop
      vertex 26.2701 -22.4483 7
      vertex 26.2701 -22.4483 0
      vertex 26.2586 -22.6225 7
    endloop
  endfacet
  facet normal -0.997859 0.065404 0
    outer loop
      vertex 26.2701 -22.4483 0
      vertex 26.2586 -22.6225 0
      vertex 26.2586 -22.6225 7
    endloop
  endfacet
  facet normal -0.994057 0.108865 0
    outer loop
      vertex 26.2586 -22.6225 7
      vertex 26.2586 -22.6225 0
      vertex 26.2396 -22.796 7
    endloop
  endfacet
  facet normal -0.994057 0.108865 0
    outer loop
      vertex 26.2586 -22.6225 0
      vertex 26.2396 -22.796 0
      vertex 26.2396 -22.796 7
    endloop
  endfacet
  facet normal -0.988362 0.152122 0
    outer loop
      vertex 26.2396 -22.796 7
      vertex 26.2396 -22.796 0
      vertex 26.2131 -22.9685 7
    endloop
  endfacet
  facet normal -0.988362 0.152122 0
    outer loop
      vertex 26.2396 -22.796 0
      vertex 26.2131 -22.9685 0
      vertex 26.2131 -22.9685 7
    endloop
  endfacet
  facet normal -0.980785 0.195092 0
    outer loop
      vertex 26.2131 -22.9685 7
      vertex 26.2131 -22.9685 0
      vertex 26.179 -23.1396 7
    endloop
  endfacet
  facet normal -0.980785 0.195092 0
    outer loop
      vertex 26.2131 -22.9685 0
      vertex 26.179 -23.1396 0
      vertex 26.179 -23.1396 7
    endloop
  endfacet
  facet normal -0.971341 0.237688 0
    outer loop
      vertex 26.179 -23.1396 7
      vertex 26.179 -23.1396 0
      vertex 26.1376 -23.3091 7
    endloop
  endfacet
  facet normal -0.971341 0.237688 0
    outer loop
      vertex 26.179 -23.1396 0
      vertex 26.1376 -23.3091 0
      vertex 26.1376 -23.3091 7
    endloop
  endfacet
  facet normal -0.960051 0.279826 0
    outer loop
      vertex 26.1376 -23.3091 7
      vertex 26.1376 -23.3091 0
      vertex 26.0887 -23.4767 7
    endloop
  endfacet
  facet normal -0.960051 0.279826 0
    outer loop
      vertex 26.1376 -23.3091 0
      vertex 26.0887 -23.4767 0
      vertex 26.0887 -23.4767 7
    endloop
  endfacet
  facet normal -0.94693 0.321439 0
    outer loop
      vertex 26.0887 -23.4767 7
      vertex 26.0887 -23.4767 0
      vertex 26.0326 -23.6419 7
    endloop
  endfacet
  facet normal -0.94693 0.321439 0
    outer loop
      vertex 26.0887 -23.4767 0
      vertex 26.0326 -23.6419 0
      vertex 26.0326 -23.6419 7
    endloop
  endfacet
  facet normal -0.932009 0.362434 0
    outer loop
      vertex 26.0326 -23.6419 7
      vertex 26.0326 -23.6419 0
      vertex 25.9694 -23.8046 7
    endloop
  endfacet
  facet normal -0.932009 0.362434 0
    outer loop
      vertex 26.0326 -23.6419 0
      vertex 25.9694 -23.8046 0
      vertex 25.9694 -23.8046 7
    endloop
  endfacet
  facet normal -0.915311 0.402748 0
    outer loop
      vertex 25.9694 -23.8046 7
      vertex 25.9694 -23.8046 0
      vertex 25.8991 -23.9643 7
    endloop
  endfacet
  facet normal -0.915311 0.402748 0
    outer loop
      vertex 25.9694 -23.8046 0
      vertex 25.8991 -23.9643 0
      vertex 25.8991 -23.9643 7
    endloop
  endfacet
  facet normal -0.896873 0.442289 0
    outer loop
      vertex 25.8991 -23.9643 7
      vertex 25.8991 -23.9643 0
      vertex 25.8219 -24.1209 7
    endloop
  endfacet
  facet normal -0.896873 0.442289 0
    outer loop
      vertex 25.8991 -23.9643 0
      vertex 25.8219 -24.1209 0
      vertex 25.8219 -24.1209 7
    endloop
  endfacet
  facet normal -0.876726 0.480991 0
    outer loop
      vertex 25.8219 -24.1209 7
      vertex 25.8219 -24.1209 0
      vertex 25.738 -24.2739 7
    endloop
  endfacet
  facet normal -0.876726 0.480991 0
    outer loop
      vertex 25.8219 -24.1209 0
      vertex 25.738 -24.2739 0
      vertex 25.738 -24.2739 7
    endloop
  endfacet
  facet normal -0.854914 0.51877 0
    outer loop
      vertex 25.738 -24.2739 7
      vertex 25.738 -24.2739 0
      vertex 25.6474 -24.4231 7
    endloop
  endfacet
  facet normal -0.854914 0.51877 0
    outer loop
      vertex 25.738 -24.2739 0
      vertex 25.6474 -24.4231 0
      vertex 25.6474 -24.4231 7
    endloop
  endfacet
  facet normal -0.831465 0.555577 0
    outer loop
      vertex 25.6474 -24.4231 7
      vertex 25.6474 -24.4231 0
      vertex 25.5505 -24.5682 7
    endloop
  endfacet
  facet normal -0.831465 0.555577 0
    outer loop
      vertex 25.6474 -24.4231 0
      vertex 25.5505 -24.5682 0
      vertex 25.5505 -24.5682 7
    endloop
  endfacet
  facet normal -0.806449 0.591304 0
    outer loop
      vertex 25.5505 -24.5682 7
      vertex 25.5505 -24.5682 0
      vertex 25.4473 -24.7089 7
    endloop
  endfacet
  facet normal -0.806449 0.591304 0
    outer loop
      vertex 25.5505 -24.5682 0
      vertex 25.4473 -24.7089 0
      vertex 25.4473 -24.7089 7
    endloop
  endfacet
  facet normal -0.779879 0.625931 0
    outer loop
      vertex 25.4473 -24.7089 7
      vertex 25.4473 -24.7089 0
      vertex 25.338 -24.845 7
    endloop
  endfacet
  facet normal -0.779879 0.625931 0
    outer loop
      vertex 25.4473 -24.7089 0
      vertex 25.338 -24.845 0
      vertex 25.338 -24.845 7
    endloop
  endfacet
  facet normal -0.751839 0.659347 0
    outer loop
      vertex 25.338 -24.845 7
      vertex 25.338 -24.845 0
      vertex 25.223 -24.9762 7
    endloop
  endfacet
  facet normal -0.751839 0.659347 0
    outer loop
      vertex 25.338 -24.845 0
      vertex 25.223 -24.9762 0
      vertex 25.223 -24.9762 7
    endloop
  endfacet
  facet normal -0.722372 0.691505 0
    outer loop
      vertex 25.223 -24.9762 7
      vertex 25.223 -24.9762 0
      vertex 25.1023 -25.1023 7
    endloop
  endfacet
  facet normal -0.722372 0.691505 0
    outer loop
      vertex 25.223 -24.9762 0
      vertex 25.1023 -25.1023 0
      vertex 25.1023 -25.1023 7
    endloop
  endfacet
  facet normal -0.691505 0.722372 0
    outer loop
      vertex 25.1023 -25.1023 7
      vertex 25.1023 -25.1023 0
      vertex 24.9762 -25.223 7
    endloop
  endfacet
  facet normal -0.691505 0.722372 0
    outer loop
      vertex 25.1023 -25.1023 0
      vertex 24.9762 -25.223 0
      vertex 24.9762 -25.223 7
    endloop
  endfacet
  facet normal -0.659347 0.751839 0
    outer loop
      vertex 24.9762 -25.223 7
      vertex 24.9762 -25.223 0
      vertex 24.845 -25.338 7
    endloop
  endfacet
  facet normal -0.659347 0.751839 0
    outer loop
      vertex 24.9762 -25.223 0
      vertex 24.845 -25.338 0
      vertex 24.845 -25.338 7
    endloop
  endfacet
  facet normal -0.625931 0.779879 0
    outer loop
      vertex 24.845 -25.338 7
      vertex 24.845 -25.338 0
      vertex 24.7089 -25.4473 7
    endloop
  endfacet
  facet normal -0.625931 0.779879 0
    outer loop
      vertex 24.845 -25.338 0
      vertex 24.7089 -25.4473 0
      vertex 24.7089 -25.4473 7
    endloop
  endfacet
  facet normal -0.591304 0.806449 0
    outer loop
      vertex 24.7089 -25.4473 7
      vertex 24.7089 -25.4473 0
      vertex 24.5682 -25.5505 7
    endloop
  endfacet
  facet normal -0.591304 0.806449 0
    outer loop
      vertex 24.7089 -25.4473 0
      vertex 24.5682 -25.5505 0
      vertex 24.5682 -25.5505 7
    endloop
  endfacet
  facet normal -0.555577 0.831465 0
    outer loop
      vertex 24.5682 -25.5505 7
      vertex 24.5682 -25.5505 0
      vertex 24.4231 -25.6474 7
    endloop
  endfacet
  facet normal -0.555577 0.831465 0
    outer loop
      vertex 24.5682 -25.5505 0
      vertex 24.4231 -25.6474 0
      vertex 24.4231 -25.6474 7
    endloop
  endfacet
  facet normal -0.51877 0.854914 0
    outer loop
      vertex 24.4231 -25.6474 7
      vertex 24.4231 -25.6474 0
      vertex 24.2739 -25.738 7
    endloop
  endfacet
  facet normal -0.51877 0.854914 0
    outer loop
      vertex 24.4231 -25.6474 0
      vertex 24.2739 -25.738 0
      vertex 24.2739 -25.738 7
    endloop
  endfacet
  facet normal -0.480991 0.876726 0
    outer loop
      vertex 24.2739 -25.738 7
      vertex 24.2739 -25.738 0
      vertex 24.1209 -25.8219 7
    endloop
  endfacet
  facet normal -0.480991 0.876726 0
    outer loop
      vertex 24.2739 -25.738 0
      vertex 24.1209 -25.8219 0
      vertex 24.1209 -25.8219 7
    endloop
  endfacet
  facet normal -0.442289 0.896873 0
    outer loop
      vertex 24.1209 -25.8219 7
      vertex 24.1209 -25.8219 0
      vertex 23.9643 -25.8991 7
    endloop
  endfacet
  facet normal -0.442289 0.896873 0
    outer loop
      vertex 24.1209 -25.8219 0
      vertex 23.9643 -25.8991 0
      vertex 23.9643 -25.8991 7
    endloop
  endfacet
  facet normal -0.402748 0.915311 0
    outer loop
      vertex 23.9643 -25.8991 7
      vertex 23.9643 -25.8991 0
      vertex 23.8046 -25.9694 7
    endloop
  endfacet
  facet normal -0.402748 0.915311 0
    outer loop
      vertex 23.9643 -25.8991 0
      vertex 23.8046 -25.9694 0
      vertex 23.8046 -25.9694 7
    endloop
  endfacet
  facet normal -0.362434 0.932009 0
    outer loop
      vertex 23.8046 -25.9694 7
      vertex 23.8046 -25.9694 0
      vertex 23.6419 -26.0326 7
    endloop
  endfacet
  facet normal -0.362434 0.932009 0
    outer loop
      vertex 23.8046 -25.9694 0
      vertex 23.6419 -26.0326 0
      vertex 23.6419 -26.0326 7
    endloop
  endfacet
  facet normal -0.321439 0.94693 0
    outer loop
      vertex 23.6419 -26.0326 7
      vertex 23.6419 -26.0326 0
      vertex 23.4767 -26.0887 7
    endloop
  endfacet
  facet normal -0.321439 0.94693 0
    outer loop
      vertex 23.6419 -26.0326 0
      vertex 23.4767 -26.0887 0
      vertex 23.4767 -26.0887 7
    endloop
  endfacet
  facet normal -0.279826 0.960051 0
    outer loop
      vertex 23.4767 -26.0887 7
      vertex 23.4767 -26.0887 0
      vertex 23.3091 -26.1376 7
    endloop
  endfacet
  facet normal -0.279826 0.960051 0
    outer loop
      vertex 23.4767 -26.0887 0
      vertex 23.3091 -26.1376 0
      vertex 23.3091 -26.1376 7
    endloop
  endfacet
  facet normal -0.237688 0.971341 0
    outer loop
      vertex 23.3091 -26.1376 7
      vertex 23.3091 -26.1376 0
      vertex 23.1396 -26.179 7
    endloop
  endfacet
  facet normal -0.237688 0.971341 0
    outer loop
      vertex 23.3091 -26.1376 0
      vertex 23.1396 -26.179 0
      vertex 23.1396 -26.179 7
    endloop
  endfacet
  facet normal -0.195092 0.980785 0
    outer loop
      vertex 23.1396 -26.179 7
      vertex 23.1396 -26.179 0
      vertex 22.9685 -26.2131 7
    endloop
  endfacet
  facet normal -0.195092 0.980785 0
    outer loop
      vertex 23.1396 -26.179 0
      vertex 22.9685 -26.2131 0
      vertex 22.9685 -26.2131 7
    endloop
  endfacet
  facet normal -0.152122 0.988362 0
    outer loop
      vertex 22.9685 -26.2131 7
      vertex 22.9685 -26.2131 0
      vertex 22.796 -26.2396 7
    endloop
  endfacet
  facet normal -0.152122 0.988362 0
    outer loop
      vertex 22.9685 -26.2131 0
      vertex 22.796 -26.2396 0
      vertex 22.796 -26.2396 7
    endloop
  endfacet
  facet normal -0.108865 0.994057 0
    outer loop
      vertex 22.796 -26.2396 7
      vertex 22.796 -26.2396 0
      vertex 22.6225 -26.2586 7
    endloop
  endfacet
  facet normal -0.108865 0.994057 0
    outer loop
      vertex 22.796 -26.2396 0
      vertex 22.6225 -26.2586 0
      vertex 22.6225 -26.2586 7
    endloop
  endfacet
  facet normal -0.065404 0.997859 0
    outer loop
      vertex 22.6225 -26.2586 7
      vertex 22.6225 -26.2586 0
      vertex 22.4483 -26.2701 7
    endloop
  endfacet
  facet normal -0.065404 0.997859 0
    outer loop
      vertex 22.6225 -26.2586 0
      vertex 22.4483 -26.2701 0
      vertex 22.4483 -26.2701 7
    endloop
  endfacet
  facet normal -0.0218156 0.999762 0
    outer loop
      vertex 22.4483 -26.2701 7
      vertex 22.4483 -26.2701 0
      vertex 22.2739 -26.2739 7
    endloop
  endfacet
  facet normal -0.0218156 0.999762 0
    outer loop
      vertex 22.4483 -26.2701 0
      vertex 22.2739 -26.2739 0
      vertex 22.2739 -26.2739 7
    endloop
  endfacet
  facet normal 0.0218159 0.999762 0
    outer loop
      vertex 22.2739 -26.2739 7
      vertex 22.2739 -26.2739 0
      vertex 22.0994 -26.2701 7
    endloop
  endfacet
  facet normal 0.0218159 0.999762 0
    outer loop
      vertex 22.2739 -26.2739 0
      vertex 22.0994 -26.2701 0
      vertex 22.0994 -26.2701 7
    endloop
  endfacet
  facet normal 0.065404 0.997859 0
    outer loop
      vertex 22.0994 -26.2701 7
      vertex 22.0994 -26.2701 0
      vertex 21.9252 -26.2586 7
    endloop
  endfacet
  facet normal 0.065404 0.997859 0
    outer loop
      vertex 22.0994 -26.2701 0
      vertex 21.9252 -26.2586 0
      vertex 21.9252 -26.2586 7
    endloop
  endfacet
  facet normal 0.108865 0.994057 0
    outer loop
      vertex 21.9252 -26.2586 7
      vertex 21.9252 -26.2586 0
      vertex 21.7518 -26.2396 7
    endloop
  endfacet
  facet normal 0.108865 0.994057 0
    outer loop
      vertex 21.9252 -26.2586 0
      vertex 21.7518 -26.2396 0
      vertex 21.7518 -26.2396 7
    endloop
  endfacet
  facet normal 0.152122 0.988362 0
    outer loop
      vertex 21.7518 -26.2396 7
      vertex 21.7518 -26.2396 0
      vertex 21.5793 -26.2131 7
    endloop
  endfacet
  facet normal 0.152122 0.988362 0
    outer loop
      vertex 21.7518 -26.2396 0
      vertex 21.5793 -26.2131 0
      vertex 21.5793 -26.2131 7
    endloop
  endfacet
  facet normal 0.195092 0.980785 0
    outer loop
      vertex 21.5793 -26.2131 7
      vertex 21.5793 -26.2131 0
      vertex 21.4081 -26.179 7
    endloop
  endfacet
  facet normal 0.195092 0.980785 0
    outer loop
      vertex 21.5793 -26.2131 0
      vertex 21.4081 -26.179 0
      vertex 21.4081 -26.179 7
    endloop
  endfacet
  facet normal 0.237688 0.971341 0
    outer loop
      vertex 21.4081 -26.179 7
      vertex 21.4081 -26.179 0
      vertex 21.2386 -26.1376 7
    endloop
  endfacet
  facet normal 0.237688 0.971341 0
    outer loop
      vertex 21.4081 -26.179 0
      vertex 21.2386 -26.1376 0
      vertex 21.2386 -26.1376 7
    endloop
  endfacet
  facet normal 0.279826 0.960051 0
    outer loop
      vertex 21.2386 -26.1376 7
      vertex 21.2386 -26.1376 0
      vertex 21.071 -26.0887 7
    endloop
  endfacet
  facet normal 0.279826 0.960051 0
    outer loop
      vertex 21.2386 -26.1376 0
      vertex 21.071 -26.0887 0
      vertex 21.071 -26.0887 7
    endloop
  endfacet
  facet normal 0.321439 0.94693 0
    outer loop
      vertex 21.071 -26.0887 7
      vertex 21.071 -26.0887 0
      vertex 20.9058 -26.0326 7
    endloop
  endfacet
  facet normal 0.321439 0.94693 0
    outer loop
      vertex 21.071 -26.0887 0
      vertex 20.9058 -26.0326 0
      vertex 20.9058 -26.0326 7
    endloop
  endfacet
  facet normal 0.362434 0.932009 0
    outer loop
      vertex 20.9058 -26.0326 7
      vertex 20.9058 -26.0326 0
      vertex 20.7431 -25.9694 7
    endloop
  endfacet
  facet normal 0.362434 0.932009 0
    outer loop
      vertex 20.9058 -26.0326 0
      vertex 20.7431 -25.9694 0
      vertex 20.7431 -25.9694 7
    endloop
  endfacet
  facet normal 0.402748 0.915311 0
    outer loop
      vertex 20.7431 -25.9694 7
      vertex 20.7431 -25.9694 0
      vertex 20.5834 -25.8991 7
    endloop
  endfacet
  facet normal 0.402748 0.915311 0
    outer loop
      vertex 20.7431 -25.9694 0
      vertex 20.5834 -25.8991 0
      vertex 20.5834 -25.8991 7
    endloop
  endfacet
  facet normal 0.442289 0.896873 0
    outer loop
      vertex 20.5834 -25.8991 7
      vertex 20.5834 -25.8991 0
      vertex 20.4269 -25.8219 7
    endloop
  endfacet
  facet normal 0.442289 0.896873 0
    outer loop
      vertex 20.5834 -25.8991 0
      vertex 20.4269 -25.8219 0
      vertex 20.4269 -25.8219 7
    endloop
  endfacet
  facet normal 0.480991 0.876726 0
    outer loop
      vertex 20.4269 -25.8219 7
      vertex 20.4269 -25.8219 0
      vertex 20.2739 -25.738 7
    endloop
  endfacet
  facet normal 0.480991 0.876726 0
    outer loop
      vertex 20.4269 -25.8219 0
      vertex 20.2739 -25.738 0
      vertex 20.2739 -25.738 7
    endloop
  endfacet
  facet normal 0.51877 0.854914 0
    outer loop
      vertex 20.2739 -25.738 7
      vertex 20.2739 -25.738 0
      vertex 20.1247 -25.6474 7
    endloop
  endfacet
  facet normal 0.51877 0.854914 0
    outer loop
      vertex 20.2739 -25.738 0
      vertex 20.1247 -25.6474 0
      vertex 20.1247 -25.6474 7
    endloop
  endfacet
  facet normal 0.555572 0.831469 0
    outer loop
      vertex 20.1247 -25.6474 7
      vertex 20.1247 -25.6474 0
      vertex 19.9796 -25.5505 7
    endloop
  endfacet
  facet normal 0.555572 0.831469 0
    outer loop
      vertex 20.1247 -25.6474 0
      vertex 19.9796 -25.5505 0
      vertex 19.9796 -25.5505 7
    endloop
  endfacet
  facet normal 0.591309 0.806445 0
    outer loop
      vertex 19.9796 -25.5505 7
      vertex 19.9796 -25.5505 0
      vertex 19.8388 -25.4473 7
    endloop
  endfacet
  facet normal 0.591309 0.806445 0
    outer loop
      vertex 19.9796 -25.5505 0
      vertex 19.8388 -25.4473 0
      vertex 19.8388 -25.4473 7
    endloop
  endfacet
  facet normal 0.625931 0.779879 0
    outer loop
      vertex 19.8388 -25.4473 7
      vertex 19.8388 -25.4473 0
      vertex 19.7027 -25.338 7
    endloop
  endfacet
  facet normal 0.625931 0.779879 0
    outer loop
      vertex 19.8388 -25.4473 0
      vertex 19.7027 -25.338 0
      vertex 19.7027 -25.338 7
    endloop
  endfacet
  facet normal 0.659347 0.751839 0
    outer loop
      vertex 19.7027 -25.338 7
      vertex 19.7027 -25.338 0
      vertex 19.5715 -25.223 7
    endloop
  endfacet
  facet normal 0.659347 0.751839 0
    outer loop
      vertex 19.7027 -25.338 0
      vertex 19.5715 -25.223 0
      vertex 19.5715 -25.223 7
    endloop
  endfacet
  facet normal 0.691505 0.722372 0
    outer loop
      vertex 19.5715 -25.223 7
      vertex 19.5715 -25.223 0
      vertex 19.4454 -25.1023 7
    endloop
  endfacet
  facet normal 0.691505 0.722372 0
    outer loop
      vertex 19.5715 -25.223 0
      vertex 19.4454 -25.1023 0
      vertex 19.4454 -25.1023 7
    endloop
  endfacet
  facet normal 0.722366 0.691511 0
    outer loop
      vertex 19.4454 -25.1023 7
      vertex 19.4454 -25.1023 0
      vertex 19.3248 -24.9762 7
    endloop
  endfacet
  facet normal 0.722366 0.691511 0
    outer loop
      vertex 19.4454 -25.1023 0
      vertex 19.3248 -24.9762 0
      vertex 19.3248 -24.9762 7
    endloop
  endfacet
  facet normal 0.751844 0.659341 0
    outer loop
      vertex 19.3248 -24.9762 7
      vertex 19.3248 -24.9762 0
      vertex 19.2097 -24.845 7
    endloop
  endfacet
  facet normal 0.751844 0.659341 0
    outer loop
      vertex 19.3248 -24.9762 0
      vertex 19.2097 -24.845 0
      vertex 19.2097 -24.845 7
    endloop
  endfacet
  facet normal 0.779879 0.625931 0
    outer loop
      vertex 19.2097 -24.845 7
      vertex 19.2097 -24.845 0
      vertex 19.1004 -24.7089 7
    endloop
  endfacet
  facet normal 0.779879 0.625931 0
    outer loop
      vertex 19.2097 -24.845 0
      vertex 19.1004 -24.7089 0
      vertex 19.1004 -24.7089 7
    endloop
  endfacet
  facet normal 0.806449 0.591304 0
    outer loop
      vertex 19.1004 -24.7089 7
      vertex 19.1004 -24.7089 0
      vertex 18.9973 -24.5682 7
    endloop
  endfacet
  facet normal 0.806449 0.591304 0
    outer loop
      vertex 19.1004 -24.7089 0
      vertex 18.9973 -24.5682 0
      vertex 18.9973 -24.5682 7
    endloop
  endfacet
  facet normal 0.831465 0.555577 0
    outer loop
      vertex 18.9973 -24.5682 7
      vertex 18.9973 -24.5682 0
      vertex 18.9003 -24.4231 7
    endloop
  endfacet
  facet normal 0.831465 0.555577 0
    outer loop
      vertex 18.9973 -24.5682 0
      vertex 18.9003 -24.4231 0
      vertex 18.9003 -24.4231 7
    endloop
  endfacet
  facet normal 0.854914 0.51877 0
    outer loop
      vertex 18.9003 -24.4231 7
      vertex 18.9003 -24.4231 0
      vertex 18.8098 -24.2739 7
    endloop
  endfacet
  facet normal 0.854914 0.51877 0
    outer loop
      vertex 18.9003 -24.4231 0
      vertex 18.8098 -24.2739 0
      vertex 18.8098 -24.2739 7
    endloop
  endfacet
  facet normal 0.876726 0.480991 0
    outer loop
      vertex 18.8098 -24.2739 7
      vertex 18.8098 -24.2739 0
      vertex 18.7258 -24.1209 7
    endloop
  endfacet
  facet normal 0.876726 0.480991 0
    outer loop
      vertex 18.8098 -24.2739 0
      vertex 18.7258 -24.1209 0
      vertex 18.7258 -24.1209 7
    endloop
  endfacet
  facet normal 0.896873 0.442289 0
    outer loop
      vertex 18.7258 -24.1209 7
      vertex 18.7258 -24.1209 0
      vertex 18.6486 -23.9643 7
    endloop
  endfacet
  facet normal 0.896873 0.442289 0
    outer loop
      vertex 18.7258 -24.1209 0
      vertex 18.6486 -23.9643 0
      vertex 18.6486 -23.9643 7
    endloop
  endfacet
  facet normal 0.915311 0.402748 0
    outer loop
      vertex 18.6486 -23.9643 7
      vertex 18.6486 -23.9643 0
      vertex 18.5783 -23.8046 7
    endloop
  endfacet
  facet normal 0.915311 0.402748 0
    outer loop
      vertex 18.6486 -23.9643 0
      vertex 18.5783 -23.8046 0
      vertex 18.5783 -23.8046 7
    endloop
  endfacet
  facet normal 0.932009 0.362434 0
    outer loop
      vertex 18.5783 -23.8046 7
      vertex 18.5783 -23.8046 0
      vertex 18.5151 -23.6419 7
    endloop
  endfacet
  facet normal 0.932009 0.362434 0
    outer loop
      vertex 18.5783 -23.8046 0
      vertex 18.5151 -23.6419 0
      vertex 18.5151 -23.6419 7
    endloop
  endfacet
  facet normal 0.94693 0.321439 0
    outer loop
      vertex 18.5151 -23.6419 7
      vertex 18.5151 -23.6419 0
      vertex 18.459 -23.4767 7
    endloop
  endfacet
  facet normal 0.94693 0.321439 0
    outer loop
      vertex 18.5151 -23.6419 0
      vertex 18.459 -23.4767 0
      vertex 18.459 -23.4767 7
    endloop
  endfacet
  facet normal 0.960051 0.279826 0
    outer loop
      vertex 18.459 -23.4767 7
      vertex 18.459 -23.4767 0
      vertex 18.4102 -23.3091 7
    endloop
  endfacet
  facet normal 0.960051 0.279826 0
    outer loop
      vertex 18.459 -23.4767 0
      vertex 18.4102 -23.3091 0
      vertex 18.4102 -23.3091 7
    endloop
  endfacet
  facet normal 0.971341 0.237688 0
    outer loop
      vertex 18.4102 -23.3091 7
      vertex 18.4102 -23.3091 0
      vertex 18.3687 -23.1396 7
    endloop
  endfacet
  facet normal 0.971341 0.237688 0
    outer loop
      vertex 18.4102 -23.3091 0
      vertex 18.3687 -23.1396 0
      vertex 18.3687 -23.1396 7
    endloop
  endfacet
  facet normal 0.980785 0.195092 0
    outer loop
      vertex 18.3687 -23.1396 7
      vertex 18.3687 -23.1396 0
      vertex 18.3346 -22.9685 7
    endloop
  endfacet
  facet normal 0.980785 0.195092 0
    outer loop
      vertex 18.3687 -23.1396 0
      vertex 18.3346 -22.9685 0
      vertex 18.3346 -22.9685 7
    endloop
  endfacet
  facet normal 0.988362 0.152122 0
    outer loop
      vertex 18.3346 -22.9685 7
      vertex 18.3346 -22.9685 0
      vertex 18.3081 -22.796 7
    endloop
  endfacet
  facet normal 0.988362 0.152122 0
    outer loop
      vertex 18.3346 -22.9685 0
      vertex 18.3081 -22.796 0
      vertex 18.3081 -22.796 7
    endloop
  endfacet
  facet normal 0.994057 0.108865 0
    outer loop
      vertex 18.3081 -22.796 7
      vertex 18.3081 -22.796 0
      vertex 18.2891 -22.6225 7
    endloop
  endfacet
  facet normal 0.994057 0.108865 0
    outer loop
      vertex 18.3081 -22.796 0
      vertex 18.2891 -22.6225 0
      vertex 18.2891 -22.6225 7
    endloop
  endfacet
  facet normal 0.997859 0.065404 0
    outer loop
      vertex 18.2891 -22.6225 7
      vertex 18.2891 -22.6225 0
      vertex 18.2777 -22.4483 7
    endloop
  endfacet
  facet normal 0.997859 0.065404 0
    outer loop
      vertex 18.2891 -22.6225 0
      vertex 18.2777 -22.4483 0
      vertex 18.2777 -22.4483 7
    endloop
  endfacet
  facet normal 0.999762 0.0218156 0
    outer loop
      vertex 18.2777 -22.4483 7
      vertex 18.2777 -22.4483 0
      vertex 18.2739 -22.2739 7
    endloop
  endfacet
  facet normal 0.999762 0.0218156 0
    outer loop
      vertex 18.2777 -22.4483 0
      vertex 18.2739 -22.2739 0
      vertex 18.2739 -22.2739 7
    endloop
  endfacet
endsolid Mesh
