solid Mesh
  facet normal 0 0 -1
    outer loop
      vertex 15.4775 -66.6543 -80.0047
      vertex 15.5704 -69.5425 -80.0047
      vertex 2.96875 -40.3 -80.0047
    endloop
  endfacet
  facet normal 0 0 -1
    outer loop
      vertex 15.4775 -66.6543 -80.0047
      vertex 2.96875 -40.3 -80.0047
      vertex 15.2637 -63.8379 -80.0047
    endloop
  endfacet
  facet normal 0 0 -1
    outer loop
      vertex 15.5704 -69.5425 -80.0047
      vertex 15.5374 -72.4448 -80.0047
      vertex 2.96875 -40.3 -80.0047
    endloop
  endfacet
  facet normal 0 0 -1
    outer loop
      vertex 15.5374 -72.4448 -80.0047
      vertex 15.3802 -75.3024 -80.0047
      vertex 2.96875 -40.3 -80.0047
    endloop
  endfacet
  facet normal 0 0 -1
    outer loop
      vertex 2.96875 -40.3 -80.0047
      vertex 15.3802 -75.3024 -80.0047
      vertex 15.1076 -78.0605 -80.0047
    endloop
  endfacet
  facet normal 0 0 -1
    outer loop
      vertex 14.0339 -56.2697 -80.0047
      vertex 14.5246 -58.6122 -80.0047
      vertex 2.96875 -40.3 -80.0047
    endloop
  endfacet
  facet normal 0 0 -1
    outer loop
      vertex 14.5246 -58.6122 -80.0047
      vertex 14.9407 -61.1439 -80.0047
      vertex 2.96875 -40.3 -80.0047
    endloop
  endfacet
  facet normal 0 0 -1
    outer loop
      vertex 2.96875 -40.3 -80.0047
      vertex 14.9407 -61.1439 -80.0047
      vertex 15.2637 -63.8379 -80.0047
    endloop
  endfacet
  facet normal 0 0 -1
    outer loop
      vertex 15.1076 -78.0605 -80.0047
      vertex 14.7337 -80.6738 -80.0047
      vertex 2.96875 -40.3 -80.0047
    endloop
  endfacet
  facet normal 0 0 -1
    outer loop
      vertex 14.7337 -80.6738 -80.0047
      vertex 14.2763 -83.1092 -80.0047
      vertex 2.96875 -40.3 -80.0047
    endloop
  endfacet
  facet normal 0 0 -1
    outer loop
      vertex 2.96875 -40.3 -80.0047
      vertex 14.2763 -83.1092 -80.0047
      vertex 13.7542 -85.3463 -80.0047
    endloop
  endfacet
  facet normal 0 0 -1
    outer loop
      vertex 12.2964 -50.4685 -80.0047
      vertex 12.9033 -52.1988 -80.0047
      vertex 2.96875 -40.3 -80.0047
    endloop
  endfacet
  facet normal 0 0 -1
    outer loop
      vertex 12.9033 -52.1988 -80.0047
      vertex 13.4876 -54.1308 -80.0047
      vertex 2.96875 -40.3 -80.0047
    endloop
  endfacet
  facet normal 0 0 -1
    outer loop
      vertex 2.96875 -40.3 -80.0047
      vertex 13.4876 -54.1308 -80.0047
      vertex 14.0339 -56.2697 -80.0047
    endloop
  endfacet
  facet normal 0 0 -1
    outer loop
      vertex 13.7542 -85.3463 -80.0047
      vertex 13.1859 -87.3769 -80.0047
      vertex 2.96875 -40.3 -80.0047
    endloop
  endfacet
  facet normal 0 0 -1
    outer loop
      vertex 13.1859 -87.3769 -80.0047
      vertex 12.588 -89.2024 -80.0047
      vertex 2.96875 -40.3 -80.0047
    endloop
  endfacet
  facet normal 0 0 -1
    outer loop
      vertex 2.96875 -40.3 -80.0047
      vertex 12.588 -89.2024 -80.0047
      vertex 11.9747 -90.8315 -80.0047
    endloop
  endfacet
  facet normal 0 0 -1
    outer loop
      vertex 10.4544 -46.3609 -80.0047
      vertex 11.0633 -47.565 -80.0047
      vertex 2.96875 -40.3 -80.0047
    endloop
  endfacet
  facet normal 0 0 -1
    outer loop
      vertex 11.0633 -47.565 -80.0047
      vertex 11.6798 -48.9287 -80.0047
      vertex 2.96875 -40.3 -80.0047
    endloop
  endfacet
  facet normal 0 0 -1
    outer loop
      vertex 2.96875 -40.3 -80.0047
      vertex 11.6798 -48.9287 -80.0047
      vertex 12.2964 -50.4685 -80.0047
    endloop
  endfacet
  facet normal 0 0 -1
    outer loop
      vertex 11.9747 -90.8315 -80.0047
      vertex 11.357 -92.2772 -80.0047
      vertex 2.96875 -40.3 -80.0047
    endloop
  endfacet
  facet normal 0 0 -1
    outer loop
      vertex 11.357 -92.2772 -80.0047
      vertex 10.7437 -93.5555 -80.0047
      vertex 2.96875 -40.3 -80.0047
    endloop
  endfacet
  facet normal 0 0 -1
    outer loop
      vertex 2.96875 -40.3 -80.0047
      vertex 10.7437 -93.5555 -80.0047
      vertex 10.141 -94.6828 -80.0047
    endloop
  endfacet
  facet normal 0 0 -1
    outer loop
      vertex 8.71704 -43.5433 -80.0047
      vertex 9.2785 -44.3655 -80.0047
      vertex 2.96875 -40.3 -80.0047
    endloop
  endfacet
  facet normal 0 0 -1
    outer loop
      vertex 9.2785 -44.3655 -80.0047
      vertex 9.85831 -45.2997 -80.0047
      vertex 2.96875 -40.3 -80.0047
    endloop
  endfacet
  facet normal 0 0 -1
    outer loop
      vertex 2.96875 -40.3 -80.0047
      vertex 9.85831 -45.2997 -80.0047
      vertex 10.4544 -46.3609 -80.0047
    endloop
  endfacet
  facet normal 0 0 -1
    outer loop
      vertex 10.141 -94.6828 -80.0047
      vertex 9.55306 -95.6757 -80.0047
      vertex 2.96875 -40.3 -80.0047
    endloop
  endfacet
  facet normal 0 0 -1
    outer loop
      vertex 9.55306 -95.6757 -80.0047
      vertex 8.98266 -96.5496 -80.0047
      vertex 2.96875 -40.3 -80.0047
    endloop
  endfacet
  facet normal 0 0 -1
    outer loop
      vertex 2.96875 -40.3 -80.0047
      vertex 8.98266 -96.5496 -80.0047
      vertex 8.43127 -97.3188 -80.0047
    endloop
  endfacet
  facet normal 0 0 -1
    outer loop
      vertex 7.14959 -41.6198 -80.0047
      vertex 7.6526 -42.1818 -80.0047
      vertex 2.96875 -40.3 -80.0047
    endloop
  endfacet
  facet normal 0 0 -1
    outer loop
      vertex 7.6526 -42.1818 -80.0047
      vertex 8.17499 -42.8194 -80.0047
      vertex 2.96875 -40.3 -80.0047
    endloop
  endfacet
  facet normal 0 0 -1
    outer loop
      vertex 2.96875 -40.3 -80.0047
      vertex 8.17499 -42.8194 -80.0047
      vertex 8.71704 -43.5433 -80.0047
    endloop
  endfacet
  facet normal 0 0 -1
    outer loop
      vertex 8.43127 -97.3188 -80.0047
      vertex 7.8995 -97.9962 -80.0047
      vertex 2.96875 -40.3 -80.0047
    endloop
  endfacet
  facet normal 0 0 -1
    outer loop
      vertex 7.8995 -97.9962 -80.0047
      vertex 7.3873 -98.593 -80.0047
      vertex 2.96875 -40.3 -80.0047
    endloop
  endfacet
  facet normal 0 0 -1
    outer loop
      vertex 2.96875 -40.3 -80.0047
      vertex 7.3873 -98.593 -80.0047
      vertex 6.89417 -99.1193 -80.0047
    endloop
  endfacet
  facet normal 0 0 -1
    outer loop
      vertex 5.74907 -40.3 -80.0047
      vertex 6.19881 -40.6864 -80.0047
      vertex 2.96875 -40.3 -80.0047
    endloop
  endfacet
  facet normal 0 0 -1
    outer loop
      vertex 6.19881 -40.6864 -80.0047
      vertex 6.66529 -41.124 -80.0047
      vertex 2.96875 -40.3 -80.0047
    endloop
  endfacet
  facet normal 0 0 -1
    outer loop
      vertex 2.96875 -40.3 -80.0047
      vertex 6.66529 -41.124 -80.0047
      vertex 7.14959 -41.6198 -80.0047
    endloop
  endfacet
  facet normal 0 0 -1
    outer loop
      vertex 5.95446 -100 -80.0047
      vertex 2.96875 -100 -80.0047
      vertex 5.96172 -99.9938 -80.0047
    endloop
  endfacet
  facet normal 0 0 -1
    outer loop
      vertex 2.96875 -100 -80.0047
      vertex 2.96875 -40.3 -80.0047
      vertex 5.96172 -99.9938 -80.0047
    endloop
  endfacet
  facet normal 0 0 -1
    outer loop
      vertex 5.96172 -99.9938 -80.0047
      vertex 2.96875 -40.3 -80.0047
      vertex 6.41931 -99.5837 -80.0047
    endloop
  endfacet
  facet normal 0 0 -1
    outer loop
      vertex 2.96875 -40.3 -80.0047
      vertex 6.89417 -99.1193 -80.0047
      vertex 6.41931 -99.5837 -80.0047
    endloop
  endfacet
  facet normal -1 0 0
    outer loop
      vertex 2.96875 -40.3 -80.0047
      vertex 2.96875 -100 -80.0047
      vertex 2.96875 -40.3 -30.0047
    endloop
  endfacet
  facet normal -1 0 0
    outer loop
      vertex 2.96875 -100 -80.0047
      vertex 2.96875 -100 -30.0047
      vertex 2.96875 -40.3 -30.0047
    endloop
  endfacet
  facet normal 0.651685 0.75849 0
    outer loop
      vertex 5.74907 -40.3 -80.0047
      vertex 5.74907 -40.3 -30.0047
      vertex 6.19881 -40.6864 -30.0047
    endloop
  endfacet
  facet normal 0.651685 0.75849 0
    outer loop
      vertex 5.74907 -40.3 -80.0047
      vertex 6.19881 -40.6864 -30.0047
      vertex 6.19881 -40.6864 -80.0047
    endloop
  endfacet
  facet normal 0.68416 0.729332 0
    outer loop
      vertex 6.19881 -40.6864 -30.0047
      vertex 6.66529 -41.124 -30.0047
      vertex 6.19881 -40.6864 -80.0047
    endloop
  endfacet
  facet normal 0.68416 0.729332 0
    outer loop
      vertex 6.19881 -40.6864 -80.0047
      vertex 6.66529 -41.124 -30.0047
      vertex 6.66529 -41.124 -80.0047
    endloop
  endfacet
  facet normal 0.715331 0.698785 0
    outer loop
      vertex 6.66529 -41.124 -30.0047
      vertex 7.14959 -41.6198 -30.0047
      vertex 6.66529 -41.124 -80.0047
    endloop
  endfacet
  facet normal 0.715331 0.698785 0
    outer loop
      vertex 6.66529 -41.124 -80.0047
      vertex 7.14959 -41.6198 -30.0047
      vertex 7.14959 -41.6198 -80.0047
    endloop
  endfacet
  facet normal 0.745144 0.666903 0
    outer loop
      vertex 7.14959 -41.6198 -30.0047
      vertex 7.6526 -42.1818 -30.0047
      vertex 7.14959 -41.6198 -80.0047
    endloop
  endfacet
  facet normal 0.745144 0.666903 0
    outer loop
      vertex 7.14959 -41.6198 -80.0047
      vertex 7.6526 -42.1818 -30.0047
      vertex 7.6526 -42.1818 -80.0047
    endloop
  endfacet
  facet normal 0.773534 0.633755 0
    outer loop
      vertex 7.6526 -42.1818 -30.0047
      vertex 8.17499 -42.8194 -30.0047
      vertex 7.6526 -42.1818 -80.0047
    endloop
  endfacet
  facet normal 0.773534 0.633755 0
    outer loop
      vertex 7.6526 -42.1818 -80.0047
      vertex 8.17499 -42.8194 -30.0047
      vertex 8.17499 -42.8194 -80.0047
    endloop
  endfacet
  facet normal 0.80045 0.5994 0
    outer loop
      vertex 8.17499 -42.8194 -30.0047
      vertex 8.71704 -43.5433 -30.0047
      vertex 8.17499 -42.8194 -80.0047
    endloop
  endfacet
  facet normal 0.80045 0.5994 0
    outer loop
      vertex 8.17499 -42.8194 -80.0047
      vertex 8.71704 -43.5433 -30.0047
      vertex 8.71704 -43.5433 -80.0047
    endloop
  endfacet
  facet normal 0.82584 0.563905 0
    outer loop
      vertex 8.71704 -43.5433 -30.0047
      vertex 9.2785 -44.3655 -30.0047
      vertex 8.71704 -43.5433 -80.0047
    endloop
  endfacet
  facet normal 0.82584 0.563905 0
    outer loop
      vertex 8.71704 -43.5433 -80.0047
      vertex 9.2785 -44.3655 -30.0047
      vertex 9.2785 -44.3655 -80.0047
    endloop
  endfacet
  facet normal 0.849656 0.527337 0
    outer loop
      vertex 9.2785 -44.3655 -30.0047
      vertex 9.85831 -45.2997 -30.0047
      vertex 9.2785 -44.3655 -80.0047
    endloop
  endfacet
  facet normal 0.849656 0.527337 0
    outer loop
      vertex 9.2785 -44.3655 -80.0047
      vertex 9.85831 -45.2997 -30.0047
      vertex 9.85831 -45.2997 -80.0047
    endloop
  endfacet
  facet normal 0.871853 0.489767 0
    outer loop
      vertex 9.85831 -45.2997 -30.0047
      vertex 10.4544 -46.3609 -30.0047
      vertex 9.85831 -45.2997 -80.0047
    endloop
  endfacet
  facet normal 0.871853 0.489767 0
    outer loop
      vertex 9.85831 -45.2997 -80.0047
      vertex 10.4544 -46.3609 -30.0047
      vertex 10.4544 -46.3609 -80.0047
    endloop
  endfacet
  facet normal 0.892388 0.451269 0
    outer loop
      vertex 10.4544 -46.3609 -30.0047
      vertex 11.0633 -47.565 -30.0047
      vertex 10.4544 -46.3609 -80.0047
    endloop
  endfacet
  facet normal 0.892388 0.451269 0
    outer loop
      vertex 10.4544 -46.3609 -80.0047
      vertex 11.0633 -47.565 -30.0047
      vertex 11.0633 -47.565 -80.0047
    endloop
  endfacet
  facet normal 0.911223 0.411913 0
    outer loop
      vertex 11.0633 -47.565 -30.0047
      vertex 11.6798 -48.9287 -30.0047
      vertex 11.0633 -47.565 -80.0047
    endloop
  endfacet
  facet normal 0.911223 0.411913 0
    outer loop
      vertex 11.0633 -47.565 -80.0047
      vertex 11.6798 -48.9287 -30.0047
      vertex 11.6798 -48.9287 -80.0047
    endloop
  endfacet
  facet normal 0.928321 0.37178 0
    outer loop
      vertex 11.6798 -48.9287 -30.0047
      vertex 12.2964 -50.4685 -30.0047
      vertex 11.6798 -48.9287 -80.0047
    endloop
  endfacet
  facet normal 0.928321 0.37178 0
    outer loop
      vertex 11.6798 -48.9287 -80.0047
      vertex 12.2964 -50.4685 -30.0047
      vertex 12.2964 -50.4685 -80.0047
    endloop
  endfacet
  facet normal 0.94365 0.330945 0
    outer loop
      vertex 12.2964 -50.4685 -30.0047
      vertex 12.9033 -52.1988 -30.0047
      vertex 12.2964 -50.4685 -80.0047
    endloop
  endfacet
  facet normal 0.94365 0.330945 0
    outer loop
      vertex 12.2964 -50.4685 -80.0047
      vertex 12.9033 -52.1988 -30.0047
      vertex 12.9033 -52.1988 -80.0047
    endloop
  endfacet
  facet normal 0.957182 0.289487 0
    outer loop
      vertex 12.9033 -52.1988 -30.0047
      vertex 13.4876 -54.1308 -30.0047
      vertex 12.9033 -52.1988 -80.0047
    endloop
  endfacet
  facet normal 0.957182 0.289487 0
    outer loop
      vertex 12.9033 -52.1988 -80.0047
      vertex 13.4876 -54.1308 -30.0047
      vertex 13.4876 -54.1308 -80.0047
    endloop
  endfacet
  facet normal 0.968891 0.247486 0
    outer loop
      vertex 13.4876 -54.1308 -30.0047
      vertex 14.0339 -56.2697 -30.0047
      vertex 13.4876 -54.1308 -80.0047
    endloop
  endfacet
  facet normal 0.968891 0.247486 0
    outer loop
      vertex 13.4876 -54.1308 -80.0047
      vertex 14.0339 -56.2697 -30.0047
      vertex 14.0339 -56.2697 -80.0047
    endloop
  endfacet
  facet normal 0.978757 0.205024 0
    outer loop
      vertex 14.0339 -56.2697 -30.0047
      vertex 14.5246 -58.6122 -30.0047
      vertex 14.0339 -56.2697 -80.0047
    endloop
  endfacet
  facet normal 0.978757 0.205024 0
    outer loop
      vertex 14.0339 -56.2697 -80.0047
      vertex 14.5246 -58.6122 -30.0047
      vertex 14.5246 -58.6122 -80.0047
    endloop
  endfacet
  facet normal 0.986761 0.16218 0
    outer loop
      vertex 14.5246 -58.6122 -30.0047
      vertex 14.9407 -61.1439 -30.0047
      vertex 14.5246 -58.6122 -80.0047
    endloop
  endfacet
  facet normal 0.986761 0.16218 0
    outer loop
      vertex 14.5246 -58.6122 -80.0047
      vertex 14.9407 -61.1439 -30.0047
      vertex 14.9407 -61.1439 -80.0047
    endloop
  endfacet
  facet normal 0.99289 0.119037 0
    outer loop
      vertex 14.9407 -61.1439 -30.0047
      vertex 15.2637 -63.8379 -30.0047
      vertex 14.9407 -61.1439 -80.0047
    endloop
  endfacet
  facet normal 0.99289 0.119037 0
    outer loop
      vertex 14.9407 -61.1439 -80.0047
      vertex 15.2637 -63.8379 -30.0047
      vertex 15.2637 -63.8379 -80.0047
    endloop
  endfacet
  facet normal 0.997132 0.0756756 0
    outer loop
      vertex 15.2637 -63.8379 -30.0047
      vertex 15.4775 -66.6543 -30.0047
      vertex 15.2637 -63.8379 -80.0047
    endloop
  endfacet
  facet normal 0.997132 0.0756756 0
    outer loop
      vertex 15.2637 -63.8379 -80.0047
      vertex 15.4775 -66.6543 -30.0047
      vertex 15.4775 -66.6543 -80.0047
    endloop
  endfacet
  facet normal 0.999482 0.0321745 0
    outer loop
      vertex 15.4775 -66.6543 -30.0047
      vertex 15.5704 -69.5425 -30.0047
      vertex 15.4775 -66.6543 -80.0047
    endloop
  endfacet
  facet normal 0.999482 0.0321745 0
    outer loop
      vertex 15.4775 -66.6543 -80.0047
      vertex 15.5704 -69.5425 -30.0047
      vertex 15.5704 -69.5425 -80.0047
    endloop
  endfacet
  facet normal 0.999935 -0.0113849 0
    outer loop
      vertex 15.5704 -69.5425 -30.0047
      vertex 15.5374 -72.4448 -30.0047
      vertex 15.5704 -69.5425 -80.0047
    endloop
  endfacet
  facet normal 0.999935 -0.0113849 0
    outer loop
      vertex 15.5704 -69.5425 -80.0047
      vertex 15.5374 -72.4448 -30.0047
      vertex 15.5374 -72.4448 -80.0047
    endloop
  endfacet
  facet normal 0.998491 -0.0549243 0
    outer loop
      vertex 15.5374 -72.4448 -30.0047
      vertex 15.3802 -75.3024 -30.0047
      vertex 15.5374 -72.4448 -80.0047
    endloop
  endfacet
  facet normal 0.998491 -0.0549243 0
    outer loop
      vertex 15.5374 -72.4448 -80.0047
      vertex 15.3802 -75.3024 -30.0047
      vertex 15.3802 -75.3024 -80.0047
    endloop
  endfacet
  facet normal 0.995151 -0.0983624 0
    outer loop
      vertex 15.3802 -75.3024 -30.0047
      vertex 15.1076 -78.0605 -30.0047
      vertex 15.3802 -75.3024 -80.0047
    endloop
  endfacet
  facet normal 0.995151 -0.0983624 0
    outer loop
      vertex 15.3802 -75.3024 -80.0047
      vertex 15.1076 -78.0605 -30.0047
      vertex 15.1076 -78.0605 -80.0047
    endloop
  endfacet
  facet normal 0.989921 -0.141619 0
    outer loop
      vertex 15.1076 -78.0605 -30.0047
      vertex 14.7337 -80.6738 -30.0047
      vertex 15.1076 -78.0605 -80.0047
    endloop
  endfacet
  facet normal 0.989921 -0.141619 0
    outer loop
      vertex 15.1076 -78.0605 -80.0047
      vertex 14.7337 -80.6738 -30.0047
      vertex 14.7337 -80.6738 -80.0047
    endloop
  endfacet
  facet normal 0.982811 -0.184616 0
    outer loop
      vertex 14.7337 -80.6738 -30.0047
      vertex 14.2763 -83.1092 -30.0047
      vertex 14.7337 -80.6738 -80.0047
    endloop
  endfacet
  facet normal 0.982811 -0.184616 0
    outer loop
      vertex 14.7337 -80.6738 -80.0047
      vertex 14.2763 -83.1092 -30.0047
      vertex 14.2763 -83.1092 -80.0047
    endloop
  endfacet
  facet normal 0.973832 -0.227271 0
    outer loop
      vertex 14.2763 -83.1092 -30.0047
      vertex 13.7542 -85.3463 -30.0047
      vertex 14.2763 -83.1092 -80.0047
    endloop
  endfacet
  facet normal 0.973832 -0.227271 0
    outer loop
      vertex 14.2763 -83.1092 -80.0047
      vertex 13.7542 -85.3463 -30.0047
      vertex 13.7542 -85.3463 -80.0047
    endloop
  endfacet
  facet normal 0.963 -0.269502 0
    outer loop
      vertex 13.7542 -85.3463 -30.0047
      vertex 13.1859 -87.3769 -30.0047
      vertex 13.7542 -85.3463 -80.0047
    endloop
  endfacet
  facet normal 0.963 -0.269502 0
    outer loop
      vertex 13.7542 -85.3463 -80.0047
      vertex 13.1859 -87.3769 -30.0047
      vertex 13.1859 -87.3769 -80.0047
    endloop
  endfacet
  facet normal 0.950335 -0.311228 0
    outer loop
      vertex 13.1859 -87.3769 -30.0047
      vertex 12.588 -89.2024 -30.0047
      vertex 13.1859 -87.3769 -80.0047
    endloop
  endfacet
  facet normal 0.950335 -0.311228 0
    outer loop
      vertex 13.1859 -87.3769 -80.0047
      vertex 12.588 -89.2024 -30.0047
      vertex 12.588 -89.2024 -80.0047
    endloop
  endfacet
  facet normal 0.93586 -0.352371 0
    outer loop
      vertex 12.588 -89.2024 -30.0047
      vertex 11.9747 -90.8315 -30.0047
      vertex 12.588 -89.2024 -80.0047
    endloop
  endfacet
  facet normal 0.93586 -0.352371 0
    outer loop
      vertex 12.588 -89.2024 -80.0047
      vertex 11.9747 -90.8315 -30.0047
      vertex 11.9747 -90.8315 -80.0047
    endloop
  endfacet
  facet normal 0.919603 -0.39285 0
    outer loop
      vertex 11.9747 -90.8315 -30.0047
      vertex 11.357 -92.2772 -30.0047
      vertex 11.9747 -90.8315 -80.0047
    endloop
  endfacet
  facet normal 0.919603 -0.39285 0
    outer loop
      vertex 11.9747 -90.8315 -80.0047
      vertex 11.357 -92.2772 -30.0047
      vertex 11.357 -92.2772 -80.0047
    endloop
  endfacet
  facet normal 0.901593 -0.432585 0
    outer loop
      vertex 11.357 -92.2772 -30.0047
      vertex 10.7437 -93.5555 -30.0047
      vertex 11.357 -92.2772 -80.0047
    endloop
  endfacet
  facet normal 0.901593 -0.432585 0
    outer loop
      vertex 11.357 -92.2772 -80.0047
      vertex 10.7437 -93.5555 -30.0047
      vertex 10.7437 -93.5555 -80.0047
    endloop
  endfacet
  facet normal 0.881865 -0.471502 0
    outer loop
      vertex 10.7437 -93.5555 -30.0047
      vertex 10.141 -94.6828 -30.0047
      vertex 10.7437 -93.5555 -80.0047
    endloop
  endfacet
  facet normal 0.881865 -0.471502 0
    outer loop
      vertex 10.7437 -93.5555 -80.0047
      vertex 10.141 -94.6828 -30.0047
      vertex 10.141 -94.6828 -80.0047
    endloop
  endfacet
  facet normal 0.860456 -0.509525 0
    outer loop
      vertex 10.141 -94.6828 -30.0047
      vertex 9.55306 -95.6757 -30.0047
      vertex 10.141 -94.6828 -80.0047
    endloop
  endfacet
  facet normal 0.860456 -0.509525 0
    outer loop
      vertex 10.141 -94.6828 -80.0047
      vertex 9.55306 -95.6757 -30.0047
      vertex 9.55306 -95.6757 -80.0047
    endloop
  endfacet
  facet normal 0.837408 -0.546578 0
    outer loop
      vertex 9.55306 -95.6757 -30.0047
      vertex 8.98266 -96.5496 -30.0047
      vertex 9.55306 -95.6757 -80.0047
    endloop
  endfacet
  facet normal 0.837408 -0.546578 0
    outer loop
      vertex 9.55306 -95.6757 -80.0047
      vertex 8.98266 -96.5496 -30.0047
      vertex 8.98266 -96.5496 -80.0047
    endloop
  endfacet
  facet normal 0.812761 -0.582598 0
    outer loop
      vertex 8.98266 -96.5496 -30.0047
      vertex 8.43127 -97.3188 -30.0047
      vertex 8.98266 -96.5496 -80.0047
    endloop
  endfacet
  facet normal 0.812761 -0.582598 0
    outer loop
      vertex 8.98266 -96.5496 -80.0047
      vertex 8.43127 -97.3188 -30.0047
      vertex 8.43127 -97.3188 -80.0047
    endloop
  endfacet
  facet normal 0.786568 -0.617504 0
    outer loop
      vertex 8.43127 -97.3188 -30.0047
      vertex 7.8995 -97.9962 -30.0047
      vertex 8.43127 -97.3188 -80.0047
    endloop
  endfacet
  facet normal 0.786568 -0.617504 0
    outer loop
      vertex 8.43127 -97.3188 -80.0047
      vertex 7.8995 -97.9962 -30.0047
      vertex 7.8995 -97.9962 -80.0047
    endloop
  endfacet
  facet normal 0.758875 -0.651237 0
    outer loop
      vertex 7.8995 -97.9962 -30.0047
      vertex 7.3873 -98.593 -30.0047
      vertex 7.8995 -97.9962 -80.0047
    endloop
  endfacet
  facet normal 0.758875 -0.651237 0
    outer loop
      vertex 7.8995 -97.9962 -80.0047
      vertex 7.3873 -98.593 -30.0047
      vertex 7.3873 -98.593 -80.0047
    endloop
  endfacet
  facet normal 0.729735 -0.68373 0
    outer loop
      vertex 7.3873 -98.593 -30.0047
      vertex 6.89417 -99.1193 -30.0047
      vertex 7.3873 -98.593 -80.0047
    endloop
  endfacet
  facet normal 0.729735 -0.68373 0
    outer loop
      vertex 7.3873 -98.593 -80.0047
      vertex 6.89417 -99.1193 -30.0047
      vertex 6.89417 -99.1193 -80.0047
    endloop
  endfacet
  facet normal 0.699208 -0.714919 0
    outer loop
      vertex 6.89417 -99.1193 -30.0047
      vertex 6.41931 -99.5837 -30.0047
      vertex 6.89417 -99.1193 -80.0047
    endloop
  endfacet
  facet normal 0.699208 -0.714919 0
    outer loop
      vertex 6.89417 -99.1193 -80.0047
      vertex 6.41931 -99.5837 -30.0047
      vertex 6.41931 -99.5837 -80.0047
    endloop
  endfacet
  facet normal 0.667348 -0.744746 0
    outer loop
      vertex 6.41931 -99.5837 -30.0047
      vertex 5.96172 -99.9938 -30.0047
      vertex 6.41931 -99.5837 -80.0047
    endloop
  endfacet
  facet normal 0.667348 -0.744746 0
    outer loop
      vertex 6.41931 -99.5837 -80.0047
      vertex 5.96172 -99.9938 -30.0047
      vertex 5.96172 -99.9938 -80.0047
    endloop
  endfacet
  facet normal 0.650374 -0.759614 0
    outer loop
      vertex 5.96172 -99.9938 -30.0047
      vertex 5.95446 -100 -30.0047
      vertex 5.96172 -99.9938 -80.0047
    endloop
  endfacet
  facet normal 0.650374 -0.759614 0
    outer loop
      vertex 5.96172 -99.9938 -80.0047
      vertex 5.95446 -100 -30.0047
      vertex 5.95446 -100 -80.0047
    endloop
  endfacet
  facet normal 0 0 -1
    outer loop
      vertex -15.5358 -72.4916 -80.0047
      vertex -15.5709 -69.5895 -80.0047
      vertex -3.03125 -100 -80.0047
    endloop
  endfacet
  facet normal 0 0 -1
    outer loop
      vertex -15.5358 -72.4916 -80.0047
      vertex -3.03125 -100 -80.0047
      vertex -15.3767 -75.3479 -80.0047
    endloop
  endfacet
  facet normal 0 0 -1
    outer loop
      vertex -15.5709 -69.5895 -80.0047
      vertex -15.4799 -66.7006 -80.0047
      vertex -3.03125 -100 -80.0047
    endloop
  endfacet
  facet normal 0 0 -1
    outer loop
      vertex -15.4799 -66.7006 -80.0047
      vertex -15.2681 -63.8826 -80.0047
      vertex -3.03125 -100 -80.0047
    endloop
  endfacet
  facet normal 0 0 -1
    outer loop
      vertex -3.03125 -100 -80.0047
      vertex -15.2681 -63.8826 -80.0047
      vertex -14.9467 -61.1863 -80.0047
    endloop
  endfacet
  facet normal 0 0 -1
    outer loop
      vertex -14.2683 -83.147 -80.0047
      vertex -14.7269 -80.7147 -80.0047
      vertex -3.03125 -100 -80.0047
    endloop
  endfacet
  facet normal 0 0 -1
    outer loop
      vertex -14.7269 -80.7147 -80.0047
      vertex -15.1023 -78.104 -80.0047
      vertex -3.03125 -100 -80.0047
    endloop
  endfacet
  facet normal 0 0 -1
    outer loop
      vertex -3.03125 -100 -80.0047
      vertex -15.1023 -78.104 -80.0047
      vertex -15.3767 -75.3479 -80.0047
    endloop
  endfacet
  facet normal 0 0 -1
    outer loop
      vertex -14.9467 -61.1863 -80.0047
      vertex -14.532 -58.6517 -80.0047
      vertex -3.03125 -100 -80.0047
    endloop
  endfacet
  facet normal 0 0 -1
    outer loop
      vertex -14.532 -58.6517 -80.0047
      vertex -14.0424 -56.306 -80.0047
      vertex -3.03125 -100 -80.0047
    endloop
  endfacet
  facet normal 0 0 -1
    outer loop
      vertex -3.03125 -100 -80.0047
      vertex -14.0424 -56.306 -80.0047
      vertex -13.4968 -54.1638 -80.0047
    endloop
  endfacet
  facet normal 0 0 -1
    outer loop
      vertex -12.5782 -89.2303 -80.0047
      vertex -13.1764 -87.408 -80.0047
      vertex -3.03125 -100 -80.0047
    endloop
  endfacet
  facet normal 0 0 -1
    outer loop
      vertex -13.1764 -87.408 -80.0047
      vertex -13.7453 -85.3808 -80.0047
      vertex -3.03125 -100 -80.0047
    endloop
  endfacet
  facet normal 0 0 -1
    outer loop
      vertex -3.03125 -100 -80.0047
      vertex -13.7453 -85.3808 -80.0047
      vertex -14.2683 -83.147 -80.0047
    endloop
  endfacet
  facet normal 0 0 -1
    outer loop
      vertex -13.4968 -54.1638 -80.0047
      vertex -12.9129 -52.2284 -80.0047
      vertex -3.03125 -100 -80.0047
    endloop
  endfacet
  facet normal 0 0 -1
    outer loop
      vertex -12.9129 -52.2284 -80.0047
      vertex -12.3064 -50.4949 -80.0047
      vertex -3.03125 -100 -80.0047
    endloop
  endfacet
  facet normal 0 0 -1
    outer loop
      vertex -3.03125 -100 -80.0047
      vertex -12.3064 -50.4949 -80.0047
      vertex -11.6898 -48.9522 -80.0047
    endloop
  endfacet
  facet normal 0 0 -1
    outer loop
      vertex -10.7339 -93.5749 -80.0047
      vertex -11.3471 -92.2992 -80.0047
      vertex -3.03125 -100 -80.0047
    endloop
  endfacet
  facet normal 0 0 -1
    outer loop
      vertex -11.3471 -92.2992 -80.0047
      vertex -11.9647 -90.8563 -80.0047
      vertex -3.03125 -100 -80.0047
    endloop
  endfacet
  facet normal 0 0 -1
    outer loop
      vertex -3.03125 -100 -80.0047
      vertex -11.9647 -90.8563 -80.0047
      vertex -12.5782 -89.2303 -80.0047
    endloop
  endfacet
  facet normal 0 0 -1
    outer loop
      vertex -11.6898 -48.9522 -80.0047
      vertex -11.0732 -47.5857 -80.0047
      vertex -3.03125 -100 -80.0047
    endloop
  endfacet
  facet normal 0 0 -1
    outer loop
      vertex -11.0732 -47.5857 -80.0047
      vertex -10.4642 -46.3791 -80.0047
      vertex -3.03125 -100 -80.0047
    endloop
  endfacet
  facet normal 0 0 -1
    outer loop
      vertex -3.03125 -100 -80.0047
      vertex -10.4642 -46.3791 -80.0047
      vertex -9.86783 -45.3158 -80.0047
    endloop
  endfacet
  facet normal 0 0 -1
    outer loop
      vertex -8.97359 -96.5628 -80.0047
      vertex -9.54369 -95.6907 -80.0047
      vertex -3.03125 -100 -80.0047
    endloop
  endfacet
  facet normal 0 0 -1
    outer loop
      vertex -9.54369 -95.6907 -80.0047
      vertex -10.1313 -94.6999 -80.0047
      vertex -3.03125 -100 -80.0047
    endloop
  endfacet
  facet normal 0 0 -1
    outer loop
      vertex -3.03125 -100 -80.0047
      vertex -10.1313 -94.6999 -80.0047
      vertex -10.7339 -93.5749 -80.0047
    endloop
  endfacet
  facet normal 0 0 -1
    outer loop
      vertex -9.86783 -45.3158 -80.0047
      vertex -9.28773 -44.3797 -80.0047
      vertex -3.03125 -100 -80.0047
    endloop
  endfacet
  facet normal 0 0 -1
    outer loop
      vertex -9.28773 -44.3797 -80.0047
      vertex -8.72597 -43.5557 -80.0047
      vertex -3.03125 -100 -80.0047
    endloop
  endfacet
  facet normal 0 0 -1
    outer loop
      vertex -3.03125 -100 -80.0047
      vertex -8.72597 -43.5557 -80.0047
      vertex -8.1836 -42.8304 -80.0047
    endloop
  endfacet
  facet normal 0 0 -1
    outer loop
      vertex -7.37917 -98.6021 -80.0047
      vertex -7.89106 -98.0064 -80.0047
      vertex -3.03125 -100 -80.0047
    endloop
  endfacet
  facet normal 0 0 -1
    outer loop
      vertex -7.89106 -98.0064 -80.0047
      vertex -8.42251 -97.3305 -80.0047
      vertex -3.03125 -100 -80.0047
    endloop
  endfacet
  facet normal 0 0 -1
    outer loop
      vertex -3.03125 -100 -80.0047
      vertex -8.42251 -97.3305 -80.0047
      vertex -8.97359 -96.5628 -80.0047
    endloop
  endfacet
  facet normal 0 0 -1
    outer loop
      vertex -8.1836 -42.8304 -80.0047
      vertex -7.66089 -42.1915 -80.0047
      vertex -3.03125 -100 -80.0047
    endloop
  endfacet
  facet normal 0 0 -1
    outer loop
      vertex -7.66089 -42.1915 -80.0047
      vertex -7.15757 -41.6283 -80.0047
      vertex -3.03125 -100 -80.0047
    endloop
  endfacet
  facet normal 0 0 -1
    outer loop
      vertex -3.03125 -100 -80.0047
      vertex -7.15757 -41.6283 -80.0047
      vertex -6.67298 -41.1315 -80.0047
    endloop
  endfacet
  facet normal 0 0 -1
    outer loop
      vertex -5.95446 -100 -80.0047
      vertex -6.41178 -99.5908 -80.0047
      vertex -3.03125 -100 -80.0047
    endloop
  endfacet
  facet normal 0 0 -1
    outer loop
      vertex -6.41178 -99.5908 -80.0047
      vertex -6.88635 -99.1273 -80.0047
      vertex -3.03125 -100 -80.0047
    endloop
  endfacet
  facet normal 0 0 -1
    outer loop
      vertex -3.03125 -100 -80.0047
      vertex -6.88635 -99.1273 -80.0047
      vertex -7.37917 -98.6021 -80.0047
    endloop
  endfacet
  facet normal 0 0 -1
    outer loop
      vertex -5.74907 -40.3 -80.0047
      vertex -3.03125 -40.3 -80.0047
      vertex -5.75622 -40.3059 -80.0047
    endloop
  endfacet
  facet normal 0 0 -1
    outer loop
      vertex -3.03125 -40.3 -80.0047
      vertex -3.03125 -100 -80.0047
      vertex -5.75622 -40.3059 -80.0047
    endloop
  endfacet
  facet normal 0 0 -1
    outer loop
      vertex -5.75622 -40.3059 -80.0047
      vertex -3.03125 -100 -80.0047
      vertex -6.20622 -40.6931 -80.0047
    endloop
  endfacet
  facet normal 0 0 -1
    outer loop
      vertex -3.03125 -100 -80.0047
      vertex -6.67298 -41.1315 -80.0047
      vertex -6.20622 -40.6931 -80.0047
    endloop
  endfacet
  facet normal -1 0 0
    outer loop
      vertex 28.0654 -74.7318 12.2378
      vertex 28.0654 -100 12.2378
      vertex 28.0654 -74.7318 22.4219
    endloop
  endfacet
  facet normal -1 0 0
    outer loop
      vertex 28.0654 -100 12.2378
      vertex 28.0654 -100 22.4219
      vertex 28.0654 -74.7318 22.4219
    endloop
  endfacet
  facet normal 0 0 1
    outer loop
      vertex -11.5343 140.891 11.2037
      vertex 11.5343 140.891 11.2037
      vertex -11.5343 195.268 11.2037
    endloop
  endfacet
  facet normal 0 0 1
    outer loop
      vertex 11.5343 140.891 11.2037
      vertex 11.5343 195.268 11.2037
      vertex -11.5343 195.268 11.2037
    endloop
  endfacet
  facet normal 0 0.0562951 -0.998414
    outer loop
      vertex 13.0766 195.002 8.67362e-16
      vertex -13.0766 195.002 8.67362e-16
      vertex -13.0747 195.244 0.0136523
    endloop
  endfacet
  facet normal 0 0.0562951 -0.998414
    outer loop
      vertex 13.0766 195.002 8.67362e-16
      vertex -13.0747 195.244 0.0136523
      vertex 13.0747 195.244 0.0136523
    endloop
  endfacet
  facet normal 0 0.0993691 -0.995051
    outer loop
      vertex -13.0747 195.244 0.0136523
      vertex -13.0714 195.485 0.0377503
      vertex 13.0747 195.244 0.0136523
    endloop
  endfacet
  facet normal 0 0.0993691 -0.995051
    outer loop
      vertex 13.0747 195.244 0.0136523
      vertex -13.0714 195.485 0.0377503
      vertex 13.0714 195.485 0.0377503
    endloop
  endfacet
  facet normal 0 0.142266 -0.989829
    outer loop
      vertex -13.0714 195.485 0.0377503
      vertex -13.0666 195.725 0.0722489
      vertex 13.0714 195.485 0.0377503
    endloop
  endfacet
  facet normal 0 0.142266 -0.989829
    outer loop
      vertex 13.0714 195.485 0.0377503
      vertex -13.0666 195.725 0.0722489
      vertex 13.0666 195.725 0.0722489
    endloop
  endfacet
  facet normal 0 0.184879 -0.982761
    outer loop
      vertex -13.0666 195.725 0.0722489
      vertex -13.0605 195.963 0.117084
      vertex 13.0666 195.725 0.0722489
    endloop
  endfacet
  facet normal 0 0.184879 -0.982761
    outer loop
      vertex 13.0666 195.725 0.0722489
      vertex -13.0605 195.963 0.117084
      vertex 13.0605 195.963 0.117084
    endloop
  endfacet
  facet normal 0 0.227157 -0.973858
    outer loop
      vertex -13.0605 195.963 0.117084
      vertex -13.0529 196.2 0.172171
      vertex 13.0605 195.963 0.117084
    endloop
  endfacet
  facet normal 0 0.227157 -0.973858
    outer loop
      vertex 13.0605 195.963 0.117084
      vertex -13.0529 196.2 0.172171
      vertex 13.0529 196.2 0.172171
    endloop
  endfacet
  facet normal 0 0.269003 -0.963139
    outer loop
      vertex -13.0529 196.2 0.172171
      vertex -13.0439 196.433 0.237408
      vertex 13.0529 196.2 0.172171
    endloop
  endfacet
  facet normal 0 0.269003 -0.963139
    outer loop
      vertex 13.0529 196.2 0.172171
      vertex -13.0439 196.433 0.237408
      vertex 13.0439 196.433 0.237408
    endloop
  endfacet
  facet normal 0 0.310357 -0.95062
    outer loop
      vertex -13.0439 196.433 0.237408
      vertex -13.0335 196.664 0.312673
      vertex 13.0439 196.433 0.237408
    endloop
  endfacet
  facet normal 0 0.310357 -0.95062
    outer loop
      vertex 13.0439 196.433 0.237408
      vertex -13.0335 196.664 0.312673
      vertex 13.0335 196.664 0.312673
    endloop
  endfacet
  facet normal 0 0.351136 -0.936324
    outer loop
      vertex -13.0335 196.664 0.312673
      vertex -13.0218 196.891 0.397826
      vertex 13.0335 196.664 0.312673
    endloop
  endfacet
  facet normal 0 0.351136 -0.936324
    outer loop
      vertex 13.0335 196.664 0.312673
      vertex -13.0218 196.891 0.397826
      vertex 13.0218 196.891 0.397826
    endloop
  endfacet
  facet normal 0 0.391252 -0.920284
    outer loop
      vertex -13.0218 196.891 0.397826
      vertex -13.0088 197.114 0.492707
      vertex 13.0218 196.891 0.397826
    endloop
  endfacet
  facet normal 0 0.391252 -0.920284
    outer loop
      vertex 13.0218 196.891 0.397826
      vertex -13.0088 197.114 0.492707
      vertex 13.0088 197.114 0.492707
    endloop
  endfacet
  facet normal 0 0.430638 -0.902525
    outer loop
      vertex -13.0088 197.114 0.492707
      vertex -12.9944 197.333 0.59714
      vertex 13.0088 197.114 0.492707
    endloop
  endfacet
  facet normal 0 0.430638 -0.902525
    outer loop
      vertex 13.0088 197.114 0.492707
      vertex -12.9944 197.333 0.59714
      vertex 12.9944 197.333 0.59714
    endloop
  endfacet
  facet normal 0 0.469209 -0.883087
    outer loop
      vertex -12.9944 197.333 0.59714
      vertex -12.9787 197.547 0.710929
      vertex 12.9944 197.333 0.59714
    endloop
  endfacet
  facet normal 0 0.469209 -0.883087
    outer loop
      vertex 12.9944 197.333 0.59714
      vertex -12.9787 197.547 0.710929
      vertex 12.9787 197.547 0.710929
    endloop
  endfacet
  facet normal 0 0.506935 -0.861984
    outer loop
      vertex -12.9787 197.547 0.710929
      vertex -12.9618 197.756 0.833862
      vertex 12.9787 197.547 0.710929
    endloop
  endfacet
  facet normal 0 0.506935 -0.861984
    outer loop
      vertex 12.9787 197.547 0.710929
      vertex -12.9618 197.756 0.833862
      vertex 12.9618 197.756 0.833862
    endloop
  endfacet
  facet normal 0 0.543683 -0.839291
    outer loop
      vertex -12.9618 197.756 0.833862
      vertex -12.9436 197.959 0.965709
      vertex 12.9618 197.756 0.833862
    endloop
  endfacet
  facet normal 0 0.543683 -0.839291
    outer loop
      vertex 12.9618 197.756 0.833862
      vertex -12.9436 197.959 0.965709
      vertex 12.9436 197.959 0.965709
    endloop
  endfacet
  facet normal 0 0.57943 -0.815022
    outer loop
      vertex -12.9436 197.959 0.965709
      vertex -12.9243 198.157 1.10623
      vertex 12.9436 197.959 0.965709
    endloop
  endfacet
  facet normal 0 0.57943 -0.815022
    outer loop
      vertex 12.9436 197.959 0.965709
      vertex -12.9243 198.157 1.10623
      vertex 12.9243 198.157 1.10623
    endloop
  endfacet
  facet normal 0 0.614103 -0.789226
    outer loop
      vertex -12.9243 198.157 1.10623
      vertex -12.9038 198.348 1.25515
      vertex 12.9243 198.157 1.10623
    endloop
  endfacet
  facet normal 0 0.614103 -0.789226
    outer loop
      vertex 12.9243 198.157 1.10623
      vertex -12.9038 198.348 1.25515
      vertex 12.9038 198.348 1.25515
    endloop
  endfacet
  facet normal 0 0.6476 -0.761981
    outer loop
      vertex -12.9038 198.348 1.25515
      vertex -12.8822 198.533 1.4122
      vertex 12.9038 198.348 1.25515
    endloop
  endfacet
  facet normal 0 0.6476 -0.761981
    outer loop
      vertex 12.9038 198.348 1.25515
      vertex -12.8822 198.533 1.4122
      vertex 12.8822 198.533 1.4122
    endloop
  endfacet
  facet normal 0 0.679913 -0.733292
    outer loop
      vertex -12.8822 198.533 1.4122
      vertex -12.8595 198.711 1.57708
      vertex 12.8822 198.533 1.4122
    endloop
  endfacet
  facet normal 0 0.679913 -0.733292
    outer loop
      vertex 12.8822 198.533 1.4122
      vertex -12.8595 198.711 1.57708
      vertex 12.8595 198.711 1.57708
    endloop
  endfacet
  facet normal 0 0.71095 -0.703243
    outer loop
      vertex -12.8595 198.711 1.57708
      vertex -12.8358 198.882 1.7495
      vertex 12.8595 198.711 1.57708
    endloop
  endfacet
  facet normal 0 0.71095 -0.703243
    outer loop
      vertex 12.8595 198.711 1.57708
      vertex -12.8358 198.882 1.7495
      vertex 12.8358 198.882 1.7495
    endloop
  endfacet
  facet normal 0 0.740679 -0.671859
    outer loop
      vertex -12.8358 198.882 1.7495
      vertex -12.811 199.045 1.92912
      vertex 12.8358 198.882 1.7495
    endloop
  endfacet
  facet normal 0 0.740679 -0.671859
    outer loop
      vertex 12.8358 198.882 1.7495
      vertex -12.811 199.045 1.92912
      vertex 12.811 199.045 1.92912
    endloop
  endfacet
  facet normal 0 0.769012 -0.639234
    outer loop
      vertex -12.811 199.045 1.92912
      vertex -12.7854 199.2 2.1156
      vertex 12.811 199.045 1.92912
    endloop
  endfacet
  facet normal 0 0.769012 -0.639234
    outer loop
      vertex 12.811 199.045 1.92912
      vertex -12.7854 199.2 2.1156
      vertex 12.7854 199.2 2.1156
    endloop
  endfacet
  facet normal 0 0.795898 -0.605431
    outer loop
      vertex -12.7854 199.2 2.1156
      vertex -12.7588 199.346 2.30861
      vertex 12.7854 199.2 2.1156
    endloop
  endfacet
  facet normal 0 0.795898 -0.605431
    outer loop
      vertex 12.7854 199.2 2.1156
      vertex -12.7588 199.346 2.30861
      vertex 12.7588 199.346 2.30861
    endloop
  endfacet
  facet normal 0 0.821287 -0.570516
    outer loop
      vertex -12.7588 199.346 2.30861
      vertex -12.7314 199.485 2.50779
      vertex 12.7588 199.346 2.30861
    endloop
  endfacet
  facet normal 0 0.821287 -0.570516
    outer loop
      vertex 12.7588 199.346 2.30861
      vertex -12.7314 199.485 2.50779
      vertex 12.7314 199.485 2.50779
    endloop
  endfacet
  facet normal 0 0.84519 -0.534466
    outer loop
      vertex -12.7314 199.485 2.50779
      vertex -12.7032 199.614 2.71275
      vertex 12.7314 199.485 2.50779
    endloop
  endfacet
  facet normal 0 0.84519 -0.534466
    outer loop
      vertex 12.7314 199.485 2.50779
      vertex -12.7032 199.614 2.71275
      vertex 12.7032 199.614 2.71275
    endloop
  endfacet
  facet normal 0 0.867481 -0.497471
    outer loop
      vertex -12.7032 199.614 2.71275
      vertex -12.6742 199.735 2.92312
      vertex 12.7032 199.614 2.71275
    endloop
  endfacet
  facet normal 0 0.867481 -0.497471
    outer loop
      vertex 12.7032 199.614 2.71275
      vertex -12.6742 199.735 2.92312
      vertex 12.6742 199.735 2.92312
    endloop
  endfacet
  facet normal 0 0.88815 -0.459553
    outer loop
      vertex -12.6742 199.735 2.92312
      vertex -12.6445 199.846 3.1385
      vertex 12.6742 199.735 2.92312
    endloop
  endfacet
  facet normal 0 0.88815 -0.459553
    outer loop
      vertex 12.6742 199.735 2.92312
      vertex -12.6445 199.846 3.1385
      vertex 12.6445 199.846 3.1385
    endloop
  endfacet
  facet normal 0 0.907164 -0.420777
    outer loop
      vertex -12.6445 199.846 3.1385
      vertex -12.6143 199.949 3.3585
      vertex 12.6445 199.846 3.1385
    endloop
  endfacet
  facet normal 0 0.907164 -0.420777
    outer loop
      vertex 12.6445 199.846 3.1385
      vertex -12.6143 199.949 3.3585
      vertex 12.6143 199.949 3.3585
    endloop
  endfacet
  facet normal 0 0.924512 -0.381154
    outer loop
      vertex -12.6143 199.949 3.3585
      vertex -12.5834 200.041 3.5827
      vertex 12.6143 199.949 3.3585
    endloop
  endfacet
  facet normal 0 0.924512 -0.381154
    outer loop
      vertex 12.6143 199.949 3.3585
      vertex -12.5834 200.041 3.5827
      vertex 12.5834 200.041 3.5827
    endloop
  endfacet
  facet normal 0 0.940099 -0.340901
    outer loop
      vertex -12.5834 200.041 3.5827
      vertex -12.552 200.124 3.81068
      vertex 12.5834 200.041 3.5827
    endloop
  endfacet
  facet normal 0 0.940099 -0.340901
    outer loop
      vertex 12.5834 200.041 3.5827
      vertex -12.552 200.124 3.81068
      vertex 12.552 200.124 3.81068
    endloop
  endfacet
  facet normal 0 0.953946 -0.299978
    outer loop
      vertex -12.552 200.124 3.81068
      vertex -12.5202 200.196 4.04202
      vertex 12.552 200.124 3.81068
    endloop
  endfacet
  facet normal 0 0.953946 -0.299978
    outer loop
      vertex 12.552 200.124 3.81068
      vertex -12.5202 200.196 4.04202
      vertex 12.5202 200.196 4.04202
    endloop
  endfacet
  facet normal 0 0.966026 -0.258445
    outer loop
      vertex -12.5202 200.196 4.04202
      vertex -12.4879 200.259 4.27629
      vertex 12.5202 200.196 4.04202
    endloop
  endfacet
  facet normal 0 0.966026 -0.258445
    outer loop
      vertex 12.5202 200.196 4.04202
      vertex -12.4879 200.259 4.27629
      vertex 12.4879 200.259 4.27629
    endloop
  endfacet
  facet normal 0 0.976275 -0.216534
    outer loop
      vertex -12.4879 200.259 4.27629
      vertex -12.4553 200.312 4.51305
      vertex 12.4879 200.259 4.27629
    endloop
  endfacet
  facet normal 0 0.976275 -0.216534
    outer loop
      vertex 12.4879 200.259 4.27629
      vertex -12.4553 200.312 4.51305
      vertex 12.4553 200.312 4.51305
    endloop
  endfacet
  facet normal 0 0.984721 -0.174138
    outer loop
      vertex -12.4553 200.312 4.51305
      vertex -12.4225 200.354 4.75185
      vertex 12.4553 200.312 4.51305
    endloop
  endfacet
  facet normal 0 0.984721 -0.174138
    outer loop
      vertex 12.4553 200.312 4.51305
      vertex -12.4225 200.354 4.75185
      vertex 12.4225 200.354 4.75185
    endloop
  endfacet
  facet normal 0 0.991325 -0.131433
    outer loop
      vertex -12.4225 200.354 4.75185
      vertex -12.3894 200.386 4.99225
      vertex 12.4225 200.354 4.75185
    endloop
  endfacet
  facet normal 0 0.991325 -0.131433
    outer loop
      vertex 12.4225 200.354 4.75185
      vertex -12.3894 200.386 4.99225
      vertex 12.3894 200.386 4.99225
    endloop
  endfacet
  facet normal 0 0.996078 -0.0884826
    outer loop
      vertex -12.3894 200.386 4.99225
      vertex -12.3561 200.407 5.23381
      vertex 12.3894 200.386 4.99225
    endloop
  endfacet
  facet normal 0 0.996078 -0.0884826
    outer loop
      vertex 12.3894 200.386 4.99225
      vertex -12.3561 200.407 5.23381
      vertex 12.3561 200.407 5.23381
    endloop
  endfacet
  facet normal 0 0.998968 -0.0454086
    outer loop
      vertex -12.3561 200.407 5.23381
      vertex -12.3228 200.418 5.47607
      vertex 12.3561 200.407 5.23381
    endloop
  endfacet
  facet normal 0 0.998968 -0.0454086
    outer loop
      vertex 12.3561 200.407 5.23381
      vertex -12.3228 200.418 5.47607
      vertex 12.3228 200.418 5.47607
    endloop
  endfacet
  facet normal 0 0.999998 -0.00215061
    outer loop
      vertex -12.3228 200.418 5.47607
      vertex -12.2894 200.419 5.71858
      vertex 12.3228 200.418 5.47607
    endloop
  endfacet
  facet normal 0 0.999998 -0.00215061
    outer loop
      vertex 12.3228 200.418 5.47607
      vertex -12.2894 200.419 5.71858
      vertex 12.2894 200.419 5.71858
    endloop
  endfacet
  facet normal 0 0.99916 0.0409846
    outer loop
      vertex -12.2894 200.419 5.71858
      vertex -12.256 200.409 5.96088
      vertex 12.2894 200.419 5.71858
    endloop
  endfacet
  facet normal 0 0.99916 0.0409846
    outer loop
      vertex 12.2894 200.419 5.71858
      vertex -12.256 200.409 5.96088
      vertex 12.256 200.409 5.96088
    endloop
  endfacet
  facet normal 0 0.996456 0.0841197
    outer loop
      vertex -12.256 200.409 5.96088
      vertex -12.2228 200.388 6.20253
      vertex 12.256 200.409 5.96088
    endloop
  endfacet
  facet normal 0 0.996456 0.0841197
    outer loop
      vertex 12.256 200.409 5.96088
      vertex -12.2228 200.388 6.20253
      vertex 12.2228 200.388 6.20253
    endloop
  endfacet
  facet normal 0 0.991894 0.127071
    outer loop
      vertex -12.2228 200.388 6.20253
      vertex -12.1896 200.357 6.44307
      vertex 12.2228 200.388 6.20253
    endloop
  endfacet
  facet normal 0 0.991894 0.127071
    outer loop
      vertex 12.2228 200.388 6.20253
      vertex -12.1896 200.357 6.44307
      vertex 12.1896 200.357 6.44307
    endloop
  endfacet
  facet normal 0 0.985472 0.169836
    outer loop
      vertex -12.1896 200.357 6.44307
      vertex -12.1567 200.316 6.68206
      vertex 12.1896 200.357 6.44307
    endloop
  endfacet
  facet normal 0 0.985472 0.169836
    outer loop
      vertex 12.1896 200.357 6.44307
      vertex -12.1567 200.316 6.68206
      vertex 12.1567 200.316 6.68206
    endloop
  endfacet
  facet normal 0 0.977232 0.212176
    outer loop
      vertex -12.1567 200.316 6.68206
      vertex -12.1241 200.265 6.91904
      vertex 12.1567 200.316 6.68206
    endloop
  endfacet
  facet normal 0 0.977232 0.212176
    outer loop
      vertex 12.1567 200.316 6.68206
      vertex -12.1241 200.265 6.91904
      vertex 12.1241 200.265 6.91904
    endloop
  endfacet
  facet normal 0 0.967135 0.254262
    outer loop
      vertex -12.1241 200.265 6.91904
      vertex -12.0918 200.203 7.15358
      vertex 12.1241 200.265 6.91904
    endloop
  endfacet
  facet normal 0 0.967135 0.254262
    outer loop
      vertex 12.1241 200.265 6.91904
      vertex -12.0918 200.203 7.15358
      vertex 12.0918 200.203 7.15358
    endloop
  endfacet
  facet normal 0 0.955268 0.295742
    outer loop
      vertex -12.0918 200.203 7.15358
      vertex -12.0599 200.131 7.38524
      vertex 12.0918 200.203 7.15358
    endloop
  endfacet
  facet normal 0 0.955268 0.295742
    outer loop
      vertex 12.0918 200.203 7.15358
      vertex -12.0599 200.131 7.38524
      vertex 12.0599 200.131 7.38524
    endloop
  endfacet
  facet normal 0 0.941583 0.336782
    outer loop
      vertex -12.0599 200.131 7.38524
      vertex -12.0285 200.05 7.61358
      vertex 12.0599 200.131 7.38524
    endloop
  endfacet
  facet normal 0 0.941583 0.336782
    outer loop
      vertex 12.0599 200.131 7.38524
      vertex -12.0285 200.05 7.61358
      vertex 12.0285 200.05 7.61358
    endloop
  endfacet
  facet normal 0 0.926174 0.377097
    outer loop
      vertex -12.0285 200.05 7.61358
      vertex -11.9976 199.958 7.83818
      vertex 12.0285 200.05 7.61358
    endloop
  endfacet
  facet normal 0 0.926174 0.377097
    outer loop
      vertex 12.0285 200.05 7.61358
      vertex -11.9976 199.958 7.83818
      vertex 11.9976 199.958 7.83818
    endloop
  endfacet
  facet normal 0 0.909005 0.416785
    outer loop
      vertex -11.9976 199.958 7.83818
      vertex -11.9672 199.857 8.05863
      vertex 11.9976 199.958 7.83818
    endloop
  endfacet
  facet normal 0 0.909005 0.416785
    outer loop
      vertex 11.9976 199.958 7.83818
      vertex -11.9672 199.857 8.05863
      vertex 11.9672 199.857 8.05863
    endloop
  endfacet
  facet normal 0 0.890171 0.455626
    outer loop
      vertex -11.9672 199.857 8.05863
      vertex -11.9375 199.747 8.2745
      vertex 11.9672 199.857 8.05863
    endloop
  endfacet
  facet normal 0 0.890171 0.455626
    outer loop
      vertex 11.9672 199.857 8.05863
      vertex -11.9375 199.747 8.2745
      vertex 11.9375 199.747 8.2745
    endloop
  endfacet
  facet normal 0 0.869655 0.49366
    outer loop
      vertex -11.9375 199.747 8.2745
      vertex -11.9085 199.627 8.4854
      vertex 11.9375 199.747 8.2745
    endloop
  endfacet
  facet normal 0 0.869655 0.49366
    outer loop
      vertex 11.9375 199.747 8.2745
      vertex -11.9085 199.627 8.4854
      vertex 11.9085 199.627 8.4854
    endloop
  endfacet
  facet normal 0 0.847516 0.53077
    outer loop
      vertex -11.9085 199.627 8.4854
      vertex -11.8802 199.498 8.69093
      vertex 11.9085 199.627 8.4854
    endloop
  endfacet
  facet normal 0 0.847516 0.53077
    outer loop
      vertex 11.9085 199.627 8.4854
      vertex -11.8802 199.498 8.69093
      vertex 11.8802 199.498 8.69093
    endloop
  endfacet
  facet normal 0 0.82379 0.566895
    outer loop
      vertex -11.8802 199.498 8.69093
      vertex -11.8527 199.361 8.89071
      vertex 11.8802 199.498 8.69093
    endloop
  endfacet
  facet normal 0 0.82379 0.566895
    outer loop
      vertex 11.8802 199.498 8.69093
      vertex -11.8527 199.361 8.89071
      vertex 11.8527 199.361 8.89071
    endloop
  endfacet
  facet normal 0 0.79855 0.601929
    outer loop
      vertex -11.8527 199.361 8.89071
      vertex -11.826 199.215 9.08436
      vertex 11.8527 199.361 8.89071
    endloop
  endfacet
  facet normal 0 0.79855 0.601929
    outer loop
      vertex 11.8527 199.361 8.89071
      vertex -11.826 199.215 9.08436
      vertex 11.826 199.215 9.08436
    endloop
  endfacet
  facet normal 0 0.771811 0.635852
    outer loop
      vertex -11.826 199.215 9.08436
      vertex -11.8003 199.061 9.27153
      vertex 11.826 199.215 9.08436
    endloop
  endfacet
  facet normal 0 0.771811 0.635852
    outer loop
      vertex 11.826 199.215 9.08436
      vertex -11.8003 199.061 9.27153
      vertex 11.8003 199.061 9.27153
    endloop
  endfacet
  facet normal 0 0.743621 0.668602
    outer loop
      vertex -11.8003 199.061 9.27153
      vertex -11.7755 198.899 9.45186
      vertex 11.8003 199.061 9.27153
    endloop
  endfacet
  facet normal 0 0.743621 0.668602
    outer loop
      vertex 11.8003 199.061 9.27153
      vertex -11.7755 198.899 9.45186
      vertex 11.7755 198.899 9.45186
    endloop
  endfacet
  facet normal 0 0.714035 0.70011
    outer loop
      vertex -11.7755 198.899 9.45186
      vertex -11.7516 198.729 9.62502
      vertex 11.7755 198.899 9.45186
    endloop
  endfacet
  facet normal 0 0.714035 0.70011
    outer loop
      vertex 11.7755 198.899 9.45186
      vertex -11.7516 198.729 9.62502
      vertex 11.7516 198.729 9.62502
    endloop
  endfacet
  facet normal 0 0.683135 0.730292
    outer loop
      vertex -11.7516 198.729 9.62502
      vertex -11.7288 198.552 9.79068
      vertex 11.7516 198.729 9.62502
    endloop
  endfacet
  facet normal 0 0.683135 0.730292
    outer loop
      vertex 11.7516 198.729 9.62502
      vertex -11.7288 198.552 9.79068
      vertex 11.7288 198.552 9.79068
    endloop
  endfacet
  facet normal 0 0.650959 0.759113
    outer loop
      vertex -11.7288 198.552 9.79068
      vertex -11.7071 198.368 9.94855
      vertex 11.7288 198.552 9.79068
    endloop
  endfacet
  facet normal 0 0.650959 0.759113
    outer loop
      vertex 11.7288 198.552 9.79068
      vertex -11.7071 198.368 9.94855
      vertex 11.7071 198.368 9.94855
    endloop
  endfacet
  facet normal 0 0.617532 0.786546
    outer loop
      vertex -11.7071 198.368 9.94855
      vertex -11.6865 198.177 10.0983
      vertex 11.7071 198.368 9.94855
    endloop
  endfacet
  facet normal 0 0.617532 0.786546
    outer loop
      vertex 11.7071 198.368 9.94855
      vertex -11.6865 198.177 10.0983
      vertex 11.6865 198.177 10.0983
    endloop
  endfacet
  facet normal 0 0.583018 0.812459
    outer loop
      vertex -11.6865 198.177 10.0983
      vertex -11.667 197.98 10.2397
      vertex 11.6865 198.177 10.0983
    endloop
  endfacet
  facet normal 0 0.583018 0.812459
    outer loop
      vertex 11.6865 198.177 10.0983
      vertex -11.667 197.98 10.2397
      vertex 11.667 197.98 10.2397
    endloop
  endfacet
  facet normal 0 0.547365 0.836894
    outer loop
      vertex -11.667 197.98 10.2397
      vertex -11.6487 197.777 10.3724
      vertex 11.667 197.98 10.2397
    endloop
  endfacet
  facet normal 0 0.547365 0.836894
    outer loop
      vertex 11.667 197.98 10.2397
      vertex -11.6487 197.777 10.3724
      vertex 11.6487 197.777 10.3724
    endloop
  endfacet
  facet normal 0 0.510706 0.859755
    outer loop
      vertex -11.6487 197.777 10.3724
      vertex -11.6317 197.568 10.4963
      vertex 11.6487 197.777 10.3724
    endloop
  endfacet
  facet normal 0 0.510706 0.859755
    outer loop
      vertex 11.6487 197.777 10.3724
      vertex -11.6317 197.568 10.4963
      vertex 11.6317 197.568 10.4963
    endloop
  endfacet
  facet normal 0 0.473089 0.881015
    outer loop
      vertex -11.6317 197.568 10.4963
      vertex -11.6159 197.355 10.611
      vertex 11.6317 197.568 10.4963
    endloop
  endfacet
  facet normal 0 0.473089 0.881015
    outer loop
      vertex 11.6317 197.568 10.4963
      vertex -11.6159 197.355 10.611
      vertex 11.6159 197.355 10.611
    endloop
  endfacet
  facet normal 0 0.434601 0.900623
    outer loop
      vertex -11.6159 197.355 10.611
      vertex -11.6014 197.136 10.7164
      vertex 11.6159 197.355 10.611
    endloop
  endfacet
  facet normal 0 0.434601 0.900623
    outer loop
      vertex 11.6159 197.355 10.611
      vertex -11.6014 197.136 10.7164
      vertex 11.6014 197.136 10.7164
    endloop
  endfacet
  facet normal 0 0.395287 0.918558
    outer loop
      vertex -11.6014 197.136 10.7164
      vertex -11.5882 196.914 10.8123
      vertex 11.6014 197.136 10.7164
    endloop
  endfacet
  facet normal 0 0.395287 0.918558
    outer loop
      vertex 11.6014 197.136 10.7164
      vertex -11.5882 196.914 10.8123
      vertex 11.5882 196.914 10.8123
    endloop
  endfacet
  facet normal 0 0.355241 0.934775
    outer loop
      vertex -11.5882 196.914 10.8123
      vertex -11.5763 196.687 10.8984
      vertex 11.5882 196.914 10.8123
    endloop
  endfacet
  facet normal 0 0.355241 0.934775
    outer loop
      vertex 11.5882 196.914 10.8123
      vertex -11.5763 196.687 10.8984
      vertex 11.5763 196.687 10.8984
    endloop
  endfacet
  facet normal 0 0.314524 0.949249
    outer loop
      vertex -11.5763 196.687 10.8984
      vertex -11.5658 196.457 10.9747
      vertex 11.5763 196.687 10.8984
    endloop
  endfacet
  facet normal 0 0.314524 0.949249
    outer loop
      vertex 11.5763 196.687 10.8984
      vertex -11.5658 196.457 10.9747
      vertex 11.5658 196.457 10.9747
    endloop
  endfacet
  facet normal 0 0.273241 0.961946
    outer loop
      vertex -11.5658 196.457 10.9747
      vertex -11.5567 196.223 11.041
      vertex 11.5658 196.457 10.9747
    endloop
  endfacet
  facet normal 0 0.273241 0.961946
    outer loop
      vertex 11.5658 196.457 10.9747
      vertex -11.5567 196.223 11.041
      vertex 11.5567 196.223 11.041
    endloop
  endfacet
  facet normal 0 0.231437 0.97285
    outer loop
      vertex -11.5567 196.223 11.041
      vertex -11.549 195.987 11.0971
      vertex 11.5567 196.223 11.041
    endloop
  endfacet
  facet normal 0 0.231437 0.97285
    outer loop
      vertex 11.5567 196.223 11.041
      vertex -11.549 195.987 11.0971
      vertex 11.549 195.987 11.0971
    endloop
  endfacet
  facet normal 0 0.189191 0.98194
    outer loop
      vertex -11.549 195.987 11.0971
      vertex -11.5427 195.749 11.143
      vertex 11.549 195.987 11.0971
    endloop
  endfacet
  facet normal 0 0.189191 0.98194
    outer loop
      vertex 11.549 195.987 11.0971
      vertex -11.5427 195.749 11.143
      vertex 11.5427 195.749 11.143
    endloop
  endfacet
  facet normal 0 0.146599 0.989196
    outer loop
      vertex -11.5427 195.749 11.143
      vertex -11.5378 195.509 11.1785
      vertex 11.5427 195.749 11.143
    endloop
  endfacet
  facet normal 0 0.146599 0.989196
    outer loop
      vertex 11.5427 195.749 11.143
      vertex -11.5378 195.509 11.1785
      vertex 11.5378 195.509 11.1785
    endloop
  endfacet
  facet normal 0 0.103744 0.994604
    outer loop
      vertex -11.5378 195.509 11.1785
      vertex -11.5343 195.268 11.2037
      vertex 11.5378 195.509 11.1785
    endloop
  endfacet
  facet normal 0 0.103744 0.994604
    outer loop
      vertex 11.5378 195.509 11.1785
      vertex -11.5343 195.268 11.2037
      vertex 11.5343 195.268 11.2037
    endloop
  endfacet
  facet normal 0.998601 0 -0.052876
    outer loop
      vertex 20.8208 -74.7318 40.4672
      vertex 20.8208 -100 40.4672
      vertex 20.6079 -74.7318 36.4467
    endloop
  endfacet
  facet normal 0.998601 0 -0.052876
    outer loop
      vertex 20.8208 -100 40.4672
      vertex 20.6079 -100 36.4467
      vertex 20.6079 -74.7318 36.4467
    endloop
  endfacet
  facet normal -0.0218131 3.12546e-19 0.999762
    outer loop
      vertex 0 100 -26.7
      vertex -2.86567e-15 -100 -26.7
      vertex 0.510347 100 -26.6889
    endloop
  endfacet
  facet normal -0.0218131 0 0.999762
    outer loop
      vertex -2.86567e-15 -100 -26.7
      vertex 0.510347 -100 -26.6889
      vertex 0.510347 100 -26.6889
    endloop
  endfacet
  facet normal -0.0654028 0 0.997859
    outer loop
      vertex 0.510347 100 -26.6889
      vertex 0.510347 -100 -26.6889
      vertex 1.01972 100 -26.6555
    endloop
  endfacet
  facet normal -0.0654028 0 0.997859
    outer loop
      vertex 0.510347 -100 -26.6889
      vertex 1.01972 -100 -26.6555
      vertex 1.01972 100 -26.6555
    endloop
  endfacet
  facet normal -0.108868 0 0.994056
    outer loop
      vertex 1.01972 100 -26.6555
      vertex 1.01972 -100 -26.6555
      vertex 1.52716 100 -26.5999
    endloop
  endfacet
  facet normal -0.108868 0 0.994056
    outer loop
      vertex 1.01972 -100 -26.6555
      vertex 1.52716 -100 -26.5999
      vertex 1.52716 100 -26.5999
    endloop
  endfacet
  facet normal -0.152122 0 0.988362
    outer loop
      vertex 1.52716 100 -26.5999
      vertex 1.52716 -100 -26.5999
      vertex 2.03168 100 -26.5223
    endloop
  endfacet
  facet normal -0.152122 0 0.988362
    outer loop
      vertex 1.52716 -100 -26.5999
      vertex 2.03168 -100 -26.5223
      vertex 2.03168 100 -26.5223
    endloop
  endfacet
  facet normal -0.195092 0 0.980785
    outer loop
      vertex 2.03168 100 -26.5223
      vertex 2.03168 -100 -26.5223
      vertex 2.53234 100 -26.4227
    endloop
  endfacet
  facet normal -0.195092 0 0.980785
    outer loop
      vertex 2.03168 -100 -26.5223
      vertex 2.53234 -100 -26.4227
      vertex 2.53234 100 -26.4227
    endloop
  endfacet
  facet normal -0.237685 0 0.971342
    outer loop
      vertex 2.53234 100 -26.4227
      vertex 2.53234 -100 -26.4227
      vertex 3.02818 100 -26.3013
    endloop
  endfacet
  facet normal -0.237685 0 0.971342
    outer loop
      vertex 2.53234 -100 -26.4227
      vertex 3.02818 -100 -26.3013
      vertex 3.02818 100 -26.3013
    endloop
  endfacet
  facet normal -0.27983 0 0.96005
    outer loop
      vertex 3.02818 100 -26.3013
      vertex 3.02818 -100 -26.3013
      vertex 3.51826 100 -26.1585
    endloop
  endfacet
  facet normal -0.27983 0 0.96005
    outer loop
      vertex 3.02818 -100 -26.3013
      vertex 3.51826 -100 -26.1585
      vertex 3.51826 100 -26.1585
    endloop
  endfacet
  facet normal -0.321439 0 0.94693
    outer loop
      vertex 3.51826 100 -26.1585
      vertex 3.51826 -100 -26.1585
      vertex 4.00164 100 -25.9944
    endloop
  endfacet
  facet normal -0.321439 0 0.94693
    outer loop
      vertex 3.51826 -100 -26.1585
      vertex 4.00164 -100 -25.9944
      vertex 4.00164 100 -25.9944
    endloop
  endfacet
  facet normal -0.362437 0 0.932008
    outer loop
      vertex 4.00164 100 -25.9944
      vertex 4.00164 -100 -25.9944
      vertex 4.4774 100 -25.8094
    endloop
  endfacet
  facet normal -0.362437 0 0.932008
    outer loop
      vertex 4.00164 -100 -25.9944
      vertex 4.4774 -100 -25.8094
      vertex 4.4774 100 -25.8094
    endloop
  endfacet
  facet normal -0.402747 0 0.915311
    outer loop
      vertex 4.4774 100 -25.8094
      vertex 4.4774 -100 -25.8094
      vertex 4.94463 100 -25.6038
    endloop
  endfacet
  facet normal -0.402747 0 0.915311
    outer loop
      vertex 4.4774 -100 -25.8094
      vertex 4.94463 -100 -25.6038
      vertex 4.94463 100 -25.6038
    endloop
  endfacet
  facet normal -0.44229 0 0.896872
    outer loop
      vertex 4.94463 100 -25.6038
      vertex 4.94463 -100 -25.6038
      vertex 5.40246 100 -25.378
    endloop
  endfacet
  facet normal -0.44229 0 0.896872
    outer loop
      vertex 4.94463 -100 -25.6038
      vertex 5.40246 -100 -25.378
      vertex 5.40246 100 -25.378
    endloop
  endfacet
  facet normal -0.480987 0 0.876728
    outer loop
      vertex 5.40246 100 -25.378
      vertex 5.40246 -100 -25.378
      vertex 5.85 100 -25.1325
    endloop
  endfacet
  facet normal -0.480987 0 0.876728
    outer loop
      vertex 5.40246 -100 -25.378
      vertex 5.85 -100 -25.1325
      vertex 5.85 100 -25.1325
    endloop
  endfacet
  facet normal -0.518774 0 0.854912
    outer loop
      vertex 5.85 100 -25.1325
      vertex 5.85 -100 -25.1325
      vertex 6.28641 100 -24.8677
    endloop
  endfacet
  facet normal -0.518774 0 0.854912
    outer loop
      vertex 5.85 -100 -25.1325
      vertex 6.28641 -100 -24.8677
      vertex 6.28641 100 -24.8677
    endloop
  endfacet
  facet normal -0.55557 0 0.83147
    outer loop
      vertex 6.28641 100 -24.8677
      vertex 6.28641 -100 -24.8677
      vertex 6.71084 100 -24.5841
    endloop
  endfacet
  facet normal -0.55557 0 0.83147
    outer loop
      vertex 6.28641 -100 -24.8677
      vertex 6.71084 -100 -24.5841
      vertex 6.71084 100 -24.5841
    endloop
  endfacet
  facet normal -0.59131 0 0.806444
    outer loop
      vertex 6.71084 100 -24.5841
      vertex 6.71084 -100 -24.5841
      vertex 7.12251 100 -24.2822
    endloop
  endfacet
  facet normal -0.59131 0 0.806444
    outer loop
      vertex 6.71084 -100 -24.5841
      vertex 7.12251 -100 -24.2822
      vertex 7.12251 100 -24.2822
    endloop
  endfacet
  facet normal -0.625924 0 0.779884
    outer loop
      vertex 7.12251 100 -24.2822
      vertex 7.12251 -100 -24.2822
      vertex 7.52062 100 -23.9627
    endloop
  endfacet
  facet normal -0.625924 0 0.779884
    outer loop
      vertex 7.12251 -100 -24.2822
      vertex 7.52062 -100 -23.9627
      vertex 7.52062 100 -23.9627
    endloop
  endfacet
  facet normal -0.659345 0 0.751841
    outer loop
      vertex 7.52062 100 -23.9627
      vertex 7.52062 -100 -23.9627
      vertex 7.90441 100 -23.6261
    endloop
  endfacet
  facet normal -0.659345 0 0.751841
    outer loop
      vertex 7.52062 -100 -23.9627
      vertex 7.90441 -100 -23.6261
      vertex 7.90441 100 -23.6261
    endloop
  endfacet
  facet normal -0.691514 0 0.722363
    outer loop
      vertex 7.90441 100 -23.6261
      vertex 7.90441 -100 -23.6261
      vertex 8.27315 100 -23.2731
    endloop
  endfacet
  facet normal -0.691514 0 0.722363
    outer loop
      vertex 7.90441 -100 -23.6261
      vertex 8.27315 -100 -23.2731
      vertex 8.27315 100 -23.2731
    endloop
  endfacet
  facet normal -0.722364 0 0.691513
    outer loop
      vertex 8.27315 100 -23.2731
      vertex 8.27315 -100 -23.2731
      vertex 8.62614 100 -22.9044
    endloop
  endfacet
  facet normal -0.722364 0 0.691513
    outer loop
      vertex 8.27315 -100 -23.2731
      vertex 8.62614 -100 -22.9044
      vertex 8.62614 100 -22.9044
    endloop
  endfacet
  facet normal -0.75184 0 0.659346
    outer loop
      vertex 8.62614 100 -22.9044
      vertex 8.62614 -100 -22.9044
      vertex 8.96272 100 -22.5206
    endloop
  endfacet
  facet normal -0.75184 0 0.659346
    outer loop
      vertex 8.62614 -100 -22.9044
      vertex 8.96272 -100 -22.5206
      vertex 8.96272 100 -22.5206
    endloop
  endfacet
  facet normal -0.779885 0 0.625923
    outer loop
      vertex 8.96272 100 -22.5206
      vertex 8.96272 -100 -22.5206
      vertex 9.28223 100 -22.1225
    endloop
  endfacet
  facet normal -0.779885 0 0.625923
    outer loop
      vertex 8.96272 -100 -22.5206
      vertex 9.28223 -100 -22.1225
      vertex 9.28223 100 -22.1225
    endloop
  endfacet
  facet normal -0.806444 0 0.59131
    outer loop
      vertex 9.28223 100 -22.1225
      vertex 9.28223 -100 -22.1225
      vertex 9.58408 100 -21.7108
    endloop
  endfacet
  facet normal -0.806444 0 0.59131
    outer loop
      vertex 9.28223 -100 -22.1225
      vertex 9.58408 -100 -21.7108
      vertex 9.58408 100 -21.7108
    endloop
  endfacet
  facet normal -0.831469 0 0.555571
    outer loop
      vertex 9.58408 100 -21.7108
      vertex 9.58408 -100 -21.7108
      vertex 9.86768 100 -21.2864
    endloop
  endfacet
  facet normal -0.831469 0 0.555571
    outer loop
      vertex 9.58408 -100 -21.7108
      vertex 9.86768 -100 -21.2864
      vertex 9.86768 100 -21.2864
    endloop
  endfacet
  facet normal -0.854912 0 0.518773
    outer loop
      vertex 9.86768 100 -21.2864
      vertex 9.86768 -100 -21.2864
      vertex 10.1325 100 -20.85
    endloop
  endfacet
  facet normal -0.854912 0 0.518773
    outer loop
      vertex 9.86768 -100 -21.2864
      vertex 10.1325 -100 -20.85
      vertex 10.1325 100 -20.85
    endloop
  endfacet
  facet normal -0.876727 0 0.480988
    outer loop
      vertex 10.1325 100 -20.85
      vertex 10.1325 -100 -20.85
      vertex 10.378 100 -20.4025
    endloop
  endfacet
  facet normal -0.876727 0 0.480988
    outer loop
      vertex 10.1325 -100 -20.85
      vertex 10.378 -100 -20.4025
      vertex 10.378 100 -20.4025
    endloop
  endfacet
  facet normal -0.896872 0 0.44229
    outer loop
      vertex 10.378 100 -20.4025
      vertex 10.378 -100 -20.4025
      vertex 10.6038 100 -19.9446
    endloop
  endfacet
  facet normal -0.896872 0 0.44229
    outer loop
      vertex 10.378 -100 -20.4025
      vertex 10.6038 -100 -19.9446
      vertex 10.6038 100 -19.9446
    endloop
  endfacet
  facet normal -0.915312 0 0.402746
    outer loop
      vertex 10.6038 100 -19.9446
      vertex 10.6038 -100 -19.9446
      vertex 10.8094 100 -19.4774
    endloop
  endfacet
  facet normal -0.915312 0 0.402746
    outer loop
      vertex 10.6038 -100 -19.9446
      vertex 10.8094 -100 -19.4774
      vertex 10.8094 100 -19.4774
    endloop
  endfacet
  facet normal -0.932008 0 0.362437
    outer loop
      vertex 10.8094 100 -19.4774
      vertex 10.8094 -100 -19.4774
      vertex 10.9944 100 -19.0016
    endloop
  endfacet
  facet normal -0.932008 0 0.362437
    outer loop
      vertex 10.8094 -100 -19.4774
      vertex 10.9944 -100 -19.0016
      vertex 10.9944 100 -19.0016
    endloop
  endfacet
  facet normal -0.94693 0 0.321441
    outer loop
      vertex 10.9944 100 -19.0016
      vertex 10.9944 -100 -19.0016
      vertex 11.1585 100 -18.5183
    endloop
  endfacet
  facet normal -0.94693 0 0.321441
    outer loop
      vertex 10.9944 -100 -19.0016
      vertex 11.1585 -100 -18.5183
      vertex 11.1585 100 -18.5183
    endloop
  endfacet
  facet normal -0.96005 0 0.279828
    outer loop
      vertex 11.1585 100 -18.5183
      vertex 11.1585 -100 -18.5183
      vertex 11.3013 100 -18.0282
    endloop
  endfacet
  facet normal -0.96005 0 0.279828
    outer loop
      vertex 11.1585 -100 -18.5183
      vertex 11.3013 -100 -18.0282
      vertex 11.3013 100 -18.0282
    endloop
  endfacet
  facet normal -0.971342 0 0.237685
    outer loop
      vertex 11.3013 100 -18.0282
      vertex 11.3013 -100 -18.0282
      vertex 11.4227 100 -17.5323
    endloop
  endfacet
  facet normal -0.971342 0 0.237685
    outer loop
      vertex 11.3013 -100 -18.0282
      vertex 11.4227 -100 -17.5323
      vertex 11.4227 100 -17.5323
    endloop
  endfacet
  facet normal -0.980785 0 0.19509
    outer loop
      vertex 11.4227 100 -17.5323
      vertex 11.4227 -100 -17.5323
      vertex 11.5223 100 -17.0317
    endloop
  endfacet
  facet normal -0.980785 0 0.19509
    outer loop
      vertex 11.4227 -100 -17.5323
      vertex 11.5223 -100 -17.0317
      vertex 11.5223 100 -17.0317
    endloop
  endfacet
  facet normal -0.988361 0 0.152124
    outer loop
      vertex 11.5223 100 -17.0317
      vertex 11.5223 -100 -17.0317
      vertex 11.5999 100 -16.5272
    endloop
  endfacet
  facet normal -0.988361 0 0.152124
    outer loop
      vertex 11.5223 -100 -17.0317
      vertex 11.5999 -100 -16.5272
      vertex 11.5999 100 -16.5272
    endloop
  endfacet
  facet normal -0.994056 0 0.108866
    outer loop
      vertex 11.5999 100 -16.5272
      vertex 11.5999 -100 -16.5272
      vertex 11.6555 100 -16.0197
    endloop
  endfacet
  facet normal -0.994056 0 0.108866
    outer loop
      vertex 11.5999 -100 -16.5272
      vertex 11.6555 -100 -16.0197
      vertex 11.6555 100 -16.0197
    endloop
  endfacet
  facet normal -0.997859 0 0.0654027
    outer loop
      vertex 11.6555 100 -16.0197
      vertex 11.6555 -100 -16.0197
      vertex 11.6889 100 -15.5103
    endloop
  endfacet
  facet normal -0.997859 0 0.0654027
    outer loop
      vertex 11.6555 -100 -16.0197
      vertex 11.6889 -100 -15.5103
      vertex 11.6889 100 -15.5103
    endloop
  endfacet
  facet normal -0.999762 0 0.0218149
    outer loop
      vertex 11.6889 100 -15.5103
      vertex 11.6889 -100 -15.5103
      vertex 11.7 100 -15
    endloop
  endfacet
  facet normal -0.999762 0 0.0218149
    outer loop
      vertex 11.6889 -100 -15.5103
      vertex 11.7 -100 -15
      vertex 11.7 100 -15
    endloop
  endfacet
  facet normal -0.999762 0 -0.0218149
    outer loop
      vertex 11.7 100 -15
      vertex 11.7 -100 -15
      vertex 11.6889 100 -14.4897
    endloop
  endfacet
  facet normal -0.999762 0 -0.0218149
    outer loop
      vertex 11.7 -100 -15
      vertex 11.6889 -100 -14.4897
      vertex 11.6889 100 -14.4897
    endloop
  endfacet
  facet normal -0.997859 0 -0.0654027
    outer loop
      vertex 11.6889 100 -14.4897
      vertex 11.6889 -100 -14.4897
      vertex 11.6555 100 -13.9803
    endloop
  endfacet
  facet normal -0.997859 0 -0.0654027
    outer loop
      vertex 11.6889 -100 -14.4897
      vertex 11.6555 -100 -13.9803
      vertex 11.6555 100 -13.9803
    endloop
  endfacet
  facet normal -0.994056 0 -0.108867
    outer loop
      vertex 11.6555 100 -13.9803
      vertex 11.6555 -100 -13.9803
      vertex 11.5999 100 -13.4728
    endloop
  endfacet
  facet normal -0.994056 0 -0.108867
    outer loop
      vertex 11.6555 -100 -13.9803
      vertex 11.5999 -100 -13.4728
      vertex 11.5999 100 -13.4728
    endloop
  endfacet
  facet normal -0.988361 0 -0.152124
    outer loop
      vertex 11.5999 100 -13.4728
      vertex 11.5999 -100 -13.4728
      vertex 11.5223 100 -12.9683
    endloop
  endfacet
  facet normal -0.988361 0 -0.152124
    outer loop
      vertex 11.5999 -100 -13.4728
      vertex 11.5223 -100 -12.9683
      vertex 11.5223 100 -12.9683
    endloop
  endfacet
  facet normal -0.980785 0 -0.19509
    outer loop
      vertex 11.5223 100 -12.9683
      vertex 11.5223 -100 -12.9683
      vertex 11.4227 100 -12.4677
    endloop
  endfacet
  facet normal -0.980785 0 -0.19509
    outer loop
      vertex 11.5223 -100 -12.9683
      vertex 11.4227 -100 -12.4677
      vertex 11.4227 100 -12.4677
    endloop
  endfacet
  facet normal -0.971342 0 -0.237686
    outer loop
      vertex 11.4227 100 -12.4677
      vertex 11.4227 -100 -12.4677
      vertex 11.3013 100 -11.9718
    endloop
  endfacet
  facet normal -0.971342 0 -0.237686
    outer loop
      vertex 11.4227 -100 -12.4677
      vertex 11.3013 -100 -11.9718
      vertex 11.3013 100 -11.9718
    endloop
  endfacet
  facet normal -0.96005 0 -0.279828
    outer loop
      vertex 11.3013 100 -11.9718
      vertex 11.3013 -100 -11.9718
      vertex 11.1585 100 -11.4817
    endloop
  endfacet
  facet normal -0.96005 0 -0.279828
    outer loop
      vertex 11.3013 -100 -11.9718
      vertex 11.1585 -100 -11.4817
      vertex 11.1585 100 -11.4817
    endloop
  endfacet
  facet normal -0.94693 0 -0.32144
    outer loop
      vertex 11.1585 100 -11.4817
      vertex 11.1585 -100 -11.4817
      vertex 10.9944 100 -10.9984
    endloop
  endfacet
  facet normal -0.94693 0 -0.32144
    outer loop
      vertex 11.1585 -100 -11.4817
      vertex 10.9944 -100 -10.9984
      vertex 10.9944 100 -10.9984
    endloop
  endfacet
  facet normal -0.932008 0 -0.362437
    outer loop
      vertex 10.9944 100 -10.9984
      vertex 10.9944 -100 -10.9984
      vertex 10.8094 100 -10.5226
    endloop
  endfacet
  facet normal -0.932008 0 -0.362437
    outer loop
      vertex 10.9944 -100 -10.9984
      vertex 10.8094 -100 -10.5226
      vertex 10.8094 100 -10.5226
    endloop
  endfacet
  facet normal -0.915312 0 -0.402746
    outer loop
      vertex 10.8094 100 -10.5226
      vertex 10.8094 -100 -10.5226
      vertex 10.6038 100 -10.0554
    endloop
  endfacet
  facet normal -0.915312 0 -0.402746
    outer loop
      vertex 10.8094 -100 -10.5226
      vertex 10.6038 -100 -10.0554
      vertex 10.6038 100 -10.0554
    endloop
  endfacet
  facet normal -0.896872 0 -0.44229
    outer loop
      vertex 10.6038 100 -10.0554
      vertex 10.6038 -100 -10.0554
      vertex 10.378 100 -9.59754
    endloop
  endfacet
  facet normal -0.896872 0 -0.44229
    outer loop
      vertex 10.6038 -100 -10.0554
      vertex 10.378 -100 -9.59754
      vertex 10.378 100 -9.59754
    endloop
  endfacet
  facet normal -0.876727 0 -0.480989
    outer loop
      vertex 10.378 100 -9.59754
      vertex 10.378 -100 -9.59754
      vertex 10.1325 100 -9.15
    endloop
  endfacet
  facet normal -0.876727 0 -0.480989
    outer loop
      vertex 10.378 -100 -9.59754
      vertex 10.1325 -100 -9.15
      vertex 10.1325 100 -9.15
    endloop
  endfacet
  facet normal -0.854912 0 -0.518772
    outer loop
      vertex 10.1325 100 -9.15
      vertex 10.1325 -100 -9.15
      vertex 9.86768 100 -8.71359
    endloop
  endfacet
  facet normal -0.854912 0 -0.518772
    outer loop
      vertex 10.1325 -100 -9.15
      vertex 9.86768 -100 -8.71359
      vertex 9.86768 100 -8.71359
    endloop
  endfacet
  facet normal -0.831469 0 -0.555571
    outer loop
      vertex 9.86768 100 -8.71359
      vertex 9.86768 -100 -8.71359
      vertex 9.58408 100 -8.28916
    endloop
  endfacet
  facet normal -0.831469 0 -0.555571
    outer loop
      vertex 9.86768 -100 -8.71359
      vertex 9.58408 -100 -8.28916
      vertex 9.58408 100 -8.28916
    endloop
  endfacet
  facet normal -0.806445 0 -0.591309
    outer loop
      vertex 9.58408 100 -8.28916
      vertex 9.58408 -100 -8.28916
      vertex 9.28223 100 -7.87749
    endloop
  endfacet
  facet normal -0.806445 0 -0.591309
    outer loop
      vertex 9.58408 -100 -8.28916
      vertex 9.28223 -100 -7.87749
      vertex 9.28223 100 -7.87749
    endloop
  endfacet
  facet normal -0.779884 0 -0.625924
    outer loop
      vertex 9.28223 100 -7.87749
      vertex 9.28223 -100 -7.87749
      vertex 8.96272 100 -7.47939
    endloop
  endfacet
  facet normal -0.779884 0 -0.625924
    outer loop
      vertex 9.28223 -100 -7.87749
      vertex 8.96272 -100 -7.47939
      vertex 8.96272 100 -7.47939
    endloop
  endfacet
  facet normal -0.75184 0 -0.659346
    outer loop
      vertex 8.96272 100 -7.47939
      vertex 8.96272 -100 -7.47939
      vertex 8.62614 100 -7.09559
    endloop
  endfacet
  facet normal -0.75184 0 -0.659346
    outer loop
      vertex 8.96272 -100 -7.47939
      vertex 8.62614 -100 -7.09559
      vertex 8.62614 100 -7.09559
    endloop
  endfacet
  facet normal -0.722364 0 -0.691513
    outer loop
      vertex 8.62614 100 -7.09559
      vertex 8.62614 -100 -7.09559
      vertex 8.27315 100 -6.72685
    endloop
  endfacet
  facet normal -0.722364 0 -0.691513
    outer loop
      vertex 8.62614 -100 -7.09559
      vertex 8.27315 -100 -6.72685
      vertex 8.27315 100 -6.72685
    endloop
  endfacet
  facet normal -0.691514 0 -0.722363
    outer loop
      vertex 8.27315 100 -6.72685
      vertex 8.27315 -100 -6.72685
      vertex 7.90441 100 -6.37386
    endloop
  endfacet
  facet normal -0.691514 0 -0.722363
    outer loop
      vertex 8.27315 -100 -6.72685
      vertex 7.90441 -100 -6.37386
      vertex 7.90441 100 -6.37386
    endloop
  endfacet
  facet normal -0.659346 0 -0.75184
    outer loop
      vertex 7.90441 100 -6.37386
      vertex 7.90441 -100 -6.37386
      vertex 7.52062 100 -6.03728
    endloop
  endfacet
  facet normal -0.659346 0 -0.75184
    outer loop
      vertex 7.90441 -100 -6.37386
      vertex 7.52062 -100 -6.03728
      vertex 7.52062 100 -6.03728
    endloop
  endfacet
  facet normal -0.625923 0 -0.779885
    outer loop
      vertex 7.52062 100 -6.03728
      vertex 7.52062 -100 -6.03728
      vertex 7.12251 100 -5.71777
    endloop
  endfacet
  facet normal -0.625923 0 -0.779885
    outer loop
      vertex 7.52062 -100 -6.03728
      vertex 7.12251 -100 -5.71777
      vertex 7.12251 100 -5.71777
    endloop
  endfacet
  facet normal -0.59131 0 -0.806445
    outer loop
      vertex 7.12251 100 -5.71777
      vertex 7.12251 -100 -5.71777
      vertex 6.71084 100 -5.41592
    endloop
  endfacet
  facet normal -0.59131 0 -0.806445
    outer loop
      vertex 7.12251 -100 -5.71777
      vertex 6.71084 -100 -5.41592
      vertex 6.71084 100 -5.41592
    endloop
  endfacet
  facet normal -0.555571 0 -0.831469
    outer loop
      vertex 6.71084 100 -5.41592
      vertex 6.71084 -100 -5.41592
      vertex 6.28641 100 -5.13232
    endloop
  endfacet
  facet normal -0.555571 0 -0.831469
    outer loop
      vertex 6.71084 -100 -5.41592
      vertex 6.28641 -100 -5.13232
      vertex 6.28641 100 -5.13232
    endloop
  endfacet
  facet normal -0.518772 0 -0.854912
    outer loop
      vertex 6.28641 100 -5.13232
      vertex 6.28641 -100 -5.13232
      vertex 5.85 100 -4.8675
    endloop
  endfacet
  facet normal -0.518772 0 -0.854912
    outer loop
      vertex 6.28641 -100 -5.13232
      vertex 5.85 -100 -4.8675
      vertex 5.85 100 -4.8675
    endloop
  endfacet
  facet normal -0.480989 0 -0.876727
    outer loop
      vertex 5.85 100 -4.8675
      vertex 5.85 -100 -4.8675
      vertex 5.40246 100 -4.62197
    endloop
  endfacet
  facet normal -0.480989 0 -0.876727
    outer loop
      vertex 5.85 -100 -4.8675
      vertex 5.40246 -100 -4.62197
      vertex 5.40246 100 -4.62197
    endloop
  endfacet
  facet normal -0.442289 0 -0.896873
    outer loop
      vertex 5.40246 100 -4.62197
      vertex 5.40246 -100 -4.62197
      vertex 4.94463 100 -4.3962
    endloop
  endfacet
  facet normal -0.442289 0 -0.896873
    outer loop
      vertex 5.40246 -100 -4.62197
      vertex 4.94463 -100 -4.3962
      vertex 4.94463 100 -4.3962
    endloop
  endfacet
  facet normal -0.402747 0 -0.915311
    outer loop
      vertex 4.94463 100 -4.3962
      vertex 4.94463 -100 -4.3962
      vertex 4.4774 100 -4.19061
    endloop
  endfacet
  facet normal -0.402747 0 -0.915311
    outer loop
      vertex 4.94463 -100 -4.3962
      vertex 4.4774 -100 -4.19061
      vertex 4.4774 100 -4.19061
    endloop
  endfacet
  facet normal -0.362437 0 -0.932008
    outer loop
      vertex 4.4774 100 -4.19061
      vertex 4.4774 -100 -4.19061
      vertex 4.00164 100 -4.0056
    endloop
  endfacet
  facet normal -0.362437 0 -0.932008
    outer loop
      vertex 4.4774 -100 -4.19061
      vertex 4.00164 -100 -4.0056
      vertex 4.00164 100 -4.0056
    endloop
  endfacet
  facet normal -0.32144 0 -0.94693
    outer loop
      vertex 4.00164 100 -4.0056
      vertex 4.00164 -100 -4.0056
      vertex 3.51826 100 -3.84151
    endloop
  endfacet
  facet normal -0.32144 0 -0.94693
    outer loop
      vertex 4.00164 -100 -4.0056
      vertex 3.51826 -100 -3.84151
      vertex 3.51826 100 -3.84151
    endloop
  endfacet
  facet normal -0.279829 0 -0.96005
    outer loop
      vertex 3.51826 100 -3.84151
      vertex 3.51826 -100 -3.84151
      vertex 3.02818 100 -3.69867
    endloop
  endfacet
  facet normal -0.279829 0 -0.96005
    outer loop
      vertex 3.51826 -100 -3.84151
      vertex 3.02818 -100 -3.69867
      vertex 3.02818 100 -3.69867
    endloop
  endfacet
  facet normal -0.237686 0 -0.971342
    outer loop
      vertex 3.02818 100 -3.69867
      vertex 3.02818 -100 -3.69867
      vertex 2.53234 100 -3.57734
    endloop
  endfacet
  facet normal -0.237686 0 -0.971342
    outer loop
      vertex 3.02818 -100 -3.69867
      vertex 2.53234 -100 -3.57734
      vertex 2.53234 100 -3.57734
    endloop
  endfacet
  facet normal -0.19509 0 -0.980785
    outer loop
      vertex 2.53234 100 -3.57734
      vertex 2.53234 -100 -3.57734
      vertex 2.03168 100 -3.47775
    endloop
  endfacet
  facet normal -0.19509 0 -0.980785
    outer loop
      vertex 2.53234 -100 -3.57734
      vertex 2.03168 -100 -3.47775
      vertex 2.03168 100 -3.47775
    endloop
  endfacet
  facet normal -0.152123 0 -0.988362
    outer loop
      vertex 2.03168 100 -3.47775
      vertex 2.03168 -100 -3.47775
      vertex 1.52716 100 -3.4001
    endloop
  endfacet
  facet normal -0.152123 0 -0.988362
    outer loop
      vertex 2.03168 -100 -3.47775
      vertex 1.52716 -100 -3.4001
      vertex 1.52716 100 -3.4001
    endloop
  endfacet
  facet normal -0.108867 0 -0.994056
    outer loop
      vertex 1.52716 100 -3.4001
      vertex 1.52716 -100 -3.4001
      vertex 1.01972 100 -3.34452
    endloop
  endfacet
  facet normal -0.108867 0 -0.994056
    outer loop
      vertex 1.52716 -100 -3.4001
      vertex 1.01972 -100 -3.34452
      vertex 1.01972 100 -3.34452
    endloop
  endfacet
  facet normal -0.0654032 0 -0.997859
    outer loop
      vertex 1.01972 100 -3.34452
      vertex 1.01972 -100 -3.34452
      vertex 0.510347 100 -3.31114
    endloop
  endfacet
  facet normal -0.0654032 0 -0.997859
    outer loop
      vertex 1.01972 -100 -3.34452
      vertex 0.510347 -100 -3.31114
      vertex 0.510347 100 -3.31114
    endloop
  endfacet
  facet normal -0.0218149 0 -0.999762
    outer loop
      vertex 0.510347 100 -3.31114
      vertex 0.510347 -100 -3.31114
      vertex 0 100 -3.3
    endloop
  endfacet
  facet normal -0.0218149 -1.53941e-19 -0.999762
    outer loop
      vertex 0.510347 -100 -3.31114
      vertex 1.43284e-15 -100 -3.3
      vertex 0 100 -3.3
    endloop
  endfacet
  facet normal 0.0218149 1.56286e-19 -0.999762
    outer loop
      vertex 0 100 -3.3
      vertex 1.43284e-15 -100 -3.3
      vertex -0.510347 100 -3.31114
    endloop
  endfacet
  facet normal 0.0218149 0 -0.999762
    outer loop
      vertex 1.43284e-15 -100 -3.3
      vertex -0.510347 -100 -3.31114
      vertex -0.510347 100 -3.31114
    endloop
  endfacet
  facet normal 0.0654032 0 -0.997859
    outer loop
      vertex -0.510347 100 -3.31114
      vertex -0.510347 -100 -3.31114
      vertex -1.01972 100 -3.34452
    endloop
  endfacet
  facet normal 0.0654032 0 -0.997859
    outer loop
      vertex -0.510347 -100 -3.31114
      vertex -1.01972 -100 -3.34452
      vertex -1.01972 100 -3.34452
    endloop
  endfacet
  facet normal 0.108867 0 -0.994056
    outer loop
      vertex -1.01972 100 -3.34452
      vertex -1.01972 -100 -3.34452
      vertex -1.52716 100 -3.4001
    endloop
  endfacet
  facet normal 0.108867 0 -0.994056
    outer loop
      vertex -1.01972 -100 -3.34452
      vertex -1.52716 -100 -3.4001
      vertex -1.52716 100 -3.4001
    endloop
  endfacet
  facet normal 0.152123 0 -0.988362
    outer loop
      vertex -1.52716 100 -3.4001
      vertex -1.52716 -100 -3.4001
      vertex -2.03168 100 -3.47775
    endloop
  endfacet
  facet normal 0.152123 0 -0.988362
    outer loop
      vertex -1.52716 -100 -3.4001
      vertex -2.03168 -100 -3.47775
      vertex -2.03168 100 -3.47775
    endloop
  endfacet
  facet normal 0.19509 0 -0.980785
    outer loop
      vertex -2.03168 100 -3.47775
      vertex -2.03168 -100 -3.47775
      vertex -2.53234 100 -3.57734
    endloop
  endfacet
  facet normal 0.19509 0 -0.980785
    outer loop
      vertex -2.03168 -100 -3.47775
      vertex -2.53234 -100 -3.57734
      vertex -2.53234 100 -3.57734
    endloop
  endfacet
  facet normal 0.237686 0 -0.971342
    outer loop
      vertex -2.53234 100 -3.57734
      vertex -2.53234 -100 -3.57734
      vertex -3.02818 100 -3.69867
    endloop
  endfacet
  facet normal 0.237686 0 -0.971342
    outer loop
      vertex -2.53234 -100 -3.57734
      vertex -3.02818 -100 -3.69867
      vertex -3.02818 100 -3.69867
    endloop
  endfacet
  facet normal 0.279829 0 -0.96005
    outer loop
      vertex -3.02818 100 -3.69867
      vertex -3.02818 -100 -3.69867
      vertex -3.51826 100 -3.84151
    endloop
  endfacet
  facet normal 0.279829 0 -0.96005
    outer loop
      vertex -3.02818 -100 -3.69867
      vertex -3.51826 -100 -3.84151
      vertex -3.51826 100 -3.84151
    endloop
  endfacet
  facet normal 0.32144 0 -0.94693
    outer loop
      vertex -3.51826 100 -3.84151
      vertex -3.51826 -100 -3.84151
      vertex -4.00164 100 -4.0056
    endloop
  endfacet
  facet normal 0.32144 0 -0.94693
    outer loop
      vertex -3.51826 -100 -3.84151
      vertex -4.00164 -100 -4.0056
      vertex -4.00164 100 -4.0056
    endloop
  endfacet
  facet normal 0.362437 0 -0.932008
    outer loop
      vertex -4.00164 100 -4.0056
      vertex -4.00164 -100 -4.0056
      vertex -4.4774 100 -4.19061
    endloop
  endfacet
  facet normal 0.362437 0 -0.932008
    outer loop
      vertex -4.00164 -100 -4.0056
      vertex -4.4774 -100 -4.19061
      vertex -4.4774 100 -4.19061
    endloop
  endfacet
  facet normal 0.402747 0 -0.915311
    outer loop
      vertex -4.4774 100 -4.19061
      vertex -4.4774 -100 -4.19061
      vertex -4.94463 100 -4.3962
    endloop
  endfacet
  facet normal 0.402747 0 -0.915311
    outer loop
      vertex -4.4774 -100 -4.19061
      vertex -4.94463 -100 -4.3962
      vertex -4.94463 100 -4.3962
    endloop
  endfacet
  facet normal 0.442289 0 -0.896873
    outer loop
      vertex -4.94463 100 -4.3962
      vertex -4.94463 -100 -4.3962
      vertex -5.40246 100 -4.62197
    endloop
  endfacet
  facet normal 0.442289 0 -0.896873
    outer loop
      vertex -4.94463 -100 -4.3962
      vertex -5.40246 -100 -4.62197
      vertex -5.40246 100 -4.62197
    endloop
  endfacet
  facet normal 0.480989 0 -0.876727
    outer loop
      vertex -5.40246 100 -4.62197
      vertex -5.40246 -100 -4.62197
      vertex -5.85 100 -4.8675
    endloop
  endfacet
  facet normal 0.480989 0 -0.876727
    outer loop
      vertex -5.40246 -100 -4.62197
      vertex -5.85 -100 -4.8675
      vertex -5.85 100 -4.8675
    endloop
  endfacet
  facet normal 0.518772 0 -0.854912
    outer loop
      vertex -5.85 100 -4.8675
      vertex -5.85 -100 -4.8675
      vertex -6.28641 100 -5.13232
    endloop
  endfacet
  facet normal 0.518772 0 -0.854912
    outer loop
      vertex -5.85 -100 -4.8675
      vertex -6.28641 -100 -5.13232
      vertex -6.28641 100 -5.13232
    endloop
  endfacet
  facet normal 0.555571 0 -0.831469
    outer loop
      vertex -6.28641 100 -5.13232
      vertex -6.28641 -100 -5.13232
      vertex -6.71084 100 -5.41592
    endloop
  endfacet
  facet normal 0.555571 0 -0.831469
    outer loop
      vertex -6.28641 -100 -5.13232
      vertex -6.71084 -100 -5.41592
      vertex -6.71084 100 -5.41592
    endloop
  endfacet
  facet normal 0.59131 0 -0.806445
    outer loop
      vertex -6.71084 100 -5.41592
      vertex -6.71084 -100 -5.41592
      vertex -7.12251 100 -5.71777
    endloop
  endfacet
  facet normal 0.59131 0 -0.806445
    outer loop
      vertex -6.71084 -100 -5.41592
      vertex -7.12251 -100 -5.71777
      vertex -7.12251 100 -5.71777
    endloop
  endfacet
  facet normal 0.625923 0 -0.779885
    outer loop
      vertex -7.12251 100 -5.71777
      vertex -7.12251 -100 -5.71777
      vertex -7.52062 100 -6.03728
    endloop
  endfacet
  facet normal 0.625923 0 -0.779885
    outer loop
      vertex -7.12251 -100 -5.71777
      vertex -7.52062 -100 -6.03728
      vertex -7.52062 100 -6.03728
    endloop
  endfacet
  facet normal 0.659346 0 -0.75184
    outer loop
      vertex -7.52062 100 -6.03728
      vertex -7.52062 -100 -6.03728
      vertex -7.90441 100 -6.37386
    endloop
  endfacet
  facet normal 0.659346 0 -0.75184
    outer loop
      vertex -7.52062 -100 -6.03728
      vertex -7.90441 -100 -6.37386
      vertex -7.90441 100 -6.37386
    endloop
  endfacet
  facet normal 0.691514 0 -0.722363
    outer loop
      vertex -7.90441 100 -6.37386
      vertex -7.90441 -100 -6.37386
      vertex -8.27315 100 -6.72685
    endloop
  endfacet
  facet normal 0.691514 0 -0.722363
    outer loop
      vertex -7.90441 -100 -6.37386
      vertex -8.27315 -100 -6.72685
      vertex -8.27315 100 -6.72685
    endloop
  endfacet
  facet normal 0.722364 0 -0.691513
    outer loop
      vertex -8.27315 100 -6.72685
      vertex -8.27315 -100 -6.72685
      vertex -8.62614 100 -7.09559
    endloop
  endfacet
  facet normal 0.722364 0 -0.691513
    outer loop
      vertex -8.27315 -100 -6.72685
      vertex -8.62614 -100 -7.09559
      vertex -8.62614 100 -7.09559
    endloop
  endfacet
  facet normal 0.75184 0 -0.659346
    outer loop
      vertex -8.62614 100 -7.09559
      vertex -8.62614 -100 -7.09559
      vertex -8.96272 100 -7.47939
    endloop
  endfacet
  facet normal 0.75184 0 -0.659346
    outer loop
      vertex -8.62614 -100 -7.09559
      vertex -8.96272 -100 -7.47939
      vertex -8.96272 100 -7.47939
    endloop
  endfacet
  facet normal 0.779884 0 -0.625924
    outer loop
      vertex -8.96272 100 -7.47939
      vertex -8.96272 -100 -7.47939
      vertex -9.28223 100 -7.87749
    endloop
  endfacet
  facet normal 0.779884 0 -0.625924
    outer loop
      vertex -8.96272 -100 -7.47939
      vertex -9.28223 -100 -7.87749
      vertex -9.28223 100 -7.87749
    endloop
  endfacet
  facet normal 0.806445 0 -0.591309
    outer loop
      vertex -9.28223 100 -7.87749
      vertex -9.28223 -100 -7.87749
      vertex -9.58408 100 -8.28916
    endloop
  endfacet
  facet normal 0.806445 0 -0.591309
    outer loop
      vertex -9.28223 -100 -7.87749
      vertex -9.58408 -100 -8.28916
      vertex -9.58408 100 -8.28916
    endloop
  endfacet
  facet normal 0.831469 0 -0.555571
    outer loop
      vertex -9.58408 100 -8.28916
      vertex -9.58408 -100 -8.28916
      vertex -9.86768 100 -8.71359
    endloop
  endfacet
  facet normal 0.831469 0 -0.555571
    outer loop
      vertex -9.58408 -100 -8.28916
      vertex -9.86768 -100 -8.71359
      vertex -9.86768 100 -8.71359
    endloop
  endfacet
  facet normal 0.854912 0 -0.518772
    outer loop
      vertex -9.86768 100 -8.71359
      vertex -9.86768 -100 -8.71359
      vertex -10.1325 100 -9.15
    endloop
  endfacet
  facet normal 0.854912 0 -0.518772
    outer loop
      vertex -9.86768 -100 -8.71359
      vertex -10.1325 -100 -9.15
      vertex -10.1325 100 -9.15
    endloop
  endfacet
  facet normal 0.876727 0 -0.480989
    outer loop
      vertex -10.1325 100 -9.15
      vertex -10.1325 -100 -9.15
      vertex -10.378 100 -9.59754
    endloop
  endfacet
  facet normal 0.876727 0 -0.480989
    outer loop
      vertex -10.1325 -100 -9.15
      vertex -10.378 -100 -9.59754
      vertex -10.378 100 -9.59754
    endloop
  endfacet
  facet normal 0.896872 0 -0.44229
    outer loop
      vertex -10.378 100 -9.59754
      vertex -10.378 -100 -9.59754
      vertex -10.6038 100 -10.0554
    endloop
  endfacet
  facet normal 0.896872 0 -0.44229
    outer loop
      vertex -10.378 -100 -9.59754
      vertex -10.6038 -100 -10.0554
      vertex -10.6038 100 -10.0554
    endloop
  endfacet
  facet normal 0.915312 0 -0.402746
    outer loop
      vertex -10.6038 100 -10.0554
      vertex -10.6038 -100 -10.0554
      vertex -10.8094 100 -10.5226
    endloop
  endfacet
  facet normal 0.915312 0 -0.402746
    outer loop
      vertex -10.6038 -100 -10.0554
      vertex -10.8094 -100 -10.5226
      vertex -10.8094 100 -10.5226
    endloop
  endfacet
  facet normal 0.932008 0 -0.362437
    outer loop
      vertex -10.8094 100 -10.5226
      vertex -10.8094 -100 -10.5226
      vertex -10.9944 100 -10.9984
    endloop
  endfacet
  facet normal 0.932008 0 -0.362437
    outer loop
      vertex -10.8094 -100 -10.5226
      vertex -10.9944 -100 -10.9984
      vertex -10.9944 100 -10.9984
    endloop
  endfacet
  facet normal 0.94693 0 -0.32144
    outer loop
      vertex -10.9944 100 -10.9984
      vertex -10.9944 -100 -10.9984
      vertex -11.1585 100 -11.4817
    endloop
  endfacet
  facet normal 0.94693 0 -0.32144
    outer loop
      vertex -10.9944 -100 -10.9984
      vertex -11.1585 -100 -11.4817
      vertex -11.1585 100 -11.4817
    endloop
  endfacet
  facet normal 0.96005 0 -0.279828
    outer loop
      vertex -11.1585 100 -11.4817
      vertex -11.1585 -100 -11.4817
      vertex -11.3013 100 -11.9718
    endloop
  endfacet
  facet normal 0.96005 0 -0.279828
    outer loop
      vertex -11.1585 -100 -11.4817
      vertex -11.3013 -100 -11.9718
      vertex -11.3013 100 -11.9718
    endloop
  endfacet
  facet normal 0.971342 0 -0.237686
    outer loop
      vertex -11.3013 100 -11.9718
      vertex -11.3013 -100 -11.9718
      vertex -11.4227 100 -12.4677
    endloop
  endfacet
  facet normal 0.971342 0 -0.237686
    outer loop
      vertex -11.3013 -100 -11.9718
      vertex -11.4227 -100 -12.4677
      vertex -11.4227 100 -12.4677
    endloop
  endfacet
  facet normal 0.980785 0 -0.19509
    outer loop
      vertex -11.4227 100 -12.4677
      vertex -11.4227 -100 -12.4677
      vertex -11.5223 100 -12.9683
    endloop
  endfacet
  facet normal 0.980785 0 -0.19509
    outer loop
      vertex -11.4227 -100 -12.4677
      vertex -11.5223 -100 -12.9683
      vertex -11.5223 100 -12.9683
    endloop
  endfacet
  facet normal 0.988361 0 -0.152124
    outer loop
      vertex -11.5223 100 -12.9683
      vertex -11.5223 -100 -12.9683
      vertex -11.5999 100 -13.4728
    endloop
  endfacet
  facet normal 0.988361 0 -0.152124
    outer loop
      vertex -11.5223 -100 -12.9683
      vertex -11.5999 -100 -13.4728
      vertex -11.5999 100 -13.4728
    endloop
  endfacet
  facet normal 0.994056 0 -0.108867
    outer loop
      vertex -11.5999 100 -13.4728
      vertex -11.5999 -100 -13.4728
      vertex -11.6555 100 -13.9803
    endloop
  endfacet
  facet normal 0.994056 0 -0.108867
    outer loop
      vertex -11.5999 -100 -13.4728
      vertex -11.6555 -100 -13.9803
      vertex -11.6555 100 -13.9803
    endloop
  endfacet
  facet normal 0.997859 0 -0.0654027
    outer loop
      vertex -11.6555 100 -13.9803
      vertex -11.6555 -100 -13.9803
      vertex -11.6889 100 -14.4897
    endloop
  endfacet
  facet normal 0.997859 0 -0.0654027
    outer loop
      vertex -11.6555 -100 -13.9803
      vertex -11.6889 -100 -14.4897
      vertex -11.6889 100 -14.4897
    endloop
  endfacet
  facet normal 0.999762 0 -0.0218149
    outer loop
      vertex -11.6889 100 -14.4897
      vertex -11.6889 -100 -14.4897
      vertex -11.7 100 -15
    endloop
  endfacet
  facet normal 0.999762 0 -0.0218149
    outer loop
      vertex -11.6889 -100 -14.4897
      vertex -11.7 -100 -15
      vertex -11.7 100 -15
    endloop
  endfacet
  facet normal 0.999762 0 0.0218149
    outer loop
      vertex -11.7 100 -15
      vertex -11.7 -100 -15
      vertex -11.6889 100 -15.5103
    endloop
  endfacet
  facet normal 0.999762 0 0.0218149
    outer loop
      vertex -11.7 -100 -15
      vertex -11.6889 -100 -15.5103
      vertex -11.6889 100 -15.5103
    endloop
  endfacet
  facet normal 0.997859 0 0.0654027
    outer loop
      vertex -11.6889 100 -15.5103
      vertex -11.6889 -100 -15.5103
      vertex -11.6555 100 -16.0197
    endloop
  endfacet
  facet normal 0.997859 0 0.0654027
    outer loop
      vertex -11.6889 -100 -15.5103
      vertex -11.6555 -100 -16.0197
      vertex -11.6555 100 -16.0197
    endloop
  endfacet
  facet normal 0.994056 0 0.108866
    outer loop
      vertex -11.6555 100 -16.0197
      vertex -11.6555 -100 -16.0197
      vertex -11.5999 100 -16.5272
    endloop
  endfacet
  facet normal 0.994056 0 0.108866
    outer loop
      vertex -11.6555 -100 -16.0197
      vertex -11.5999 -100 -16.5272
      vertex -11.5999 100 -16.5272
    endloop
  endfacet
  facet normal 0.988361 0 0.152124
    outer loop
      vertex -11.5999 100 -16.5272
      vertex -11.5999 -100 -16.5272
      vertex -11.5223 100 -17.0317
    endloop
  endfacet
  facet normal 0.988361 0 0.152124
    outer loop
      vertex -11.5999 -100 -16.5272
      vertex -11.5223 -100 -17.0317
      vertex -11.5223 100 -17.0317
    endloop
  endfacet
  facet normal 0.980785 0 0.19509
    outer loop
      vertex -11.5223 100 -17.0317
      vertex -11.5223 -100 -17.0317
      vertex -11.4227 100 -17.5323
    endloop
  endfacet
  facet normal 0.980785 0 0.19509
    outer loop
      vertex -11.5223 -100 -17.0317
      vertex -11.4227 -100 -17.5323
      vertex -11.4227 100 -17.5323
    endloop
  endfacet
  facet normal 0.971342 0 0.237685
    outer loop
      vertex -11.4227 100 -17.5323
      vertex -11.4227 -100 -17.5323
      vertex -11.3013 100 -18.0282
    endloop
  endfacet
  facet normal 0.971342 0 0.237685
    outer loop
      vertex -11.4227 -100 -17.5323
      vertex -11.3013 -100 -18.0282
      vertex -11.3013 100 -18.0282
    endloop
  endfacet
  facet normal 0.96005 0 0.279828
    outer loop
      vertex -11.3013 100 -18.0282
      vertex -11.3013 -100 -18.0282
      vertex -11.1585 100 -18.5183
    endloop
  endfacet
  facet normal 0.96005 0 0.279828
    outer loop
      vertex -11.3013 -100 -18.0282
      vertex -11.1585 -100 -18.5183
      vertex -11.1585 100 -18.5183
    endloop
  endfacet
  facet normal 0.94693 0 0.321441
    outer loop
      vertex -11.1585 100 -18.5183
      vertex -11.1585 -100 -18.5183
      vertex -10.9944 100 -19.0016
    endloop
  endfacet
  facet normal 0.94693 0 0.321441
    outer loop
      vertex -11.1585 -100 -18.5183
      vertex -10.9944 -100 -19.0016
      vertex -10.9944 100 -19.0016
    endloop
  endfacet
  facet normal 0.932008 0 0.362437
    outer loop
      vertex -10.9944 100 -19.0016
      vertex -10.9944 -100 -19.0016
      vertex -10.8094 100 -19.4774
    endloop
  endfacet
  facet normal 0.932008 0 0.362437
    outer loop
      vertex -10.9944 -100 -19.0016
      vertex -10.8094 -100 -19.4774
      vertex -10.8094 100 -19.4774
    endloop
  endfacet
  facet normal 0.915312 0 0.402746
    outer loop
      vertex -10.8094 100 -19.4774
      vertex -10.8094 -100 -19.4774
      vertex -10.6038 100 -19.9446
    endloop
  endfacet
  facet normal 0.915312 0 0.402746
    outer loop
      vertex -10.8094 -100 -19.4774
      vertex -10.6038 -100 -19.9446
      vertex -10.6038 100 -19.9446
    endloop
  endfacet
  facet normal 0.896872 0 0.44229
    outer loop
      vertex -10.6038 100 -19.9446
      vertex -10.6038 -100 -19.9446
      vertex -10.378 100 -20.4025
    endloop
  endfacet
  facet normal 0.896872 0 0.44229
    outer loop
      vertex -10.6038 -100 -19.9446
      vertex -10.378 -100 -20.4025
      vertex -10.378 100 -20.4025
    endloop
  endfacet
  facet normal 0.876727 0 0.480988
    outer loop
      vertex -10.378 100 -20.4025
      vertex -10.378 -100 -20.4025
      vertex -10.1325 100 -20.85
    endloop
  endfacet
  facet normal 0.876727 0 0.480988
    outer loop
      vertex -10.378 -100 -20.4025
      vertex -10.1325 -100 -20.85
      vertex -10.1325 100 -20.85
    endloop
  endfacet
  facet normal 0.854912 0 0.518773
    outer loop
      vertex -10.1325 100 -20.85
      vertex -10.1325 -100 -20.85
      vertex -9.86768 100 -21.2864
    endloop
  endfacet
  facet normal 0.854912 0 0.518773
    outer loop
      vertex -10.1325 -100 -20.85
      vertex -9.86768 -100 -21.2864
      vertex -9.86768 100 -21.2864
    endloop
  endfacet
  facet normal 0.831469 0 0.555571
    outer loop
      vertex -9.86768 100 -21.2864
      vertex -9.86768 -100 -21.2864
      vertex -9.58408 100 -21.7108
    endloop
  endfacet
  facet normal 0.831469 0 0.555571
    outer loop
      vertex -9.86768 -100 -21.2864
      vertex -9.58408 -100 -21.7108
      vertex -9.58408 100 -21.7108
    endloop
  endfacet
  facet normal 0.806444 0 0.59131
    outer loop
      vertex -9.58408 100 -21.7108
      vertex -9.58408 -100 -21.7108
      vertex -9.28223 100 -22.1225
    endloop
  endfacet
  facet normal 0.806444 0 0.59131
    outer loop
      vertex -9.58408 -100 -21.7108
      vertex -9.28223 -100 -22.1225
      vertex -9.28223 100 -22.1225
    endloop
  endfacet
  facet normal 0.779885 0 0.625923
    outer loop
      vertex -9.28223 100 -22.1225
      vertex -9.28223 -100 -22.1225
      vertex -8.96272 100 -22.5206
    endloop
  endfacet
  facet normal 0.779885 0 0.625923
    outer loop
      vertex -9.28223 -100 -22.1225
      vertex -8.96272 -100 -22.5206
      vertex -8.96272 100 -22.5206
    endloop
  endfacet
  facet normal 0.75184 0 0.659346
    outer loop
      vertex -8.96272 100 -22.5206
      vertex -8.96272 -100 -22.5206
      vertex -8.62614 100 -22.9044
    endloop
  endfacet
  facet normal 0.75184 0 0.659346
    outer loop
      vertex -8.96272 -100 -22.5206
      vertex -8.62614 -100 -22.9044
      vertex -8.62614 100 -22.9044
    endloop
  endfacet
  facet normal 0.722364 0 0.691513
    outer loop
      vertex -8.62614 100 -22.9044
      vertex -8.62614 -100 -22.9044
      vertex -8.27315 100 -23.2731
    endloop
  endfacet
  facet normal 0.722364 0 0.691513
    outer loop
      vertex -8.62614 -100 -22.9044
      vertex -8.27315 -100 -23.2731
      vertex -8.27315 100 -23.2731
    endloop
  endfacet
  facet normal 0.691514 0 0.722363
    outer loop
      vertex -8.27315 100 -23.2731
      vertex -8.27315 -100 -23.2731
      vertex -7.90441 100 -23.6261
    endloop
  endfacet
  facet normal 0.691514 0 0.722363
    outer loop
      vertex -8.27315 -100 -23.2731
      vertex -7.90441 -100 -23.6261
      vertex -7.90441 100 -23.6261
    endloop
  endfacet
  facet normal 0.659345 0 0.751841
    outer loop
      vertex -7.90441 100 -23.6261
      vertex -7.90441 -100 -23.6261
      vertex -7.52062 100 -23.9627
    endloop
  endfacet
  facet normal 0.659345 0 0.751841
    outer loop
      vertex -7.90441 -100 -23.6261
      vertex -7.52062 -100 -23.9627
      vertex -7.52062 100 -23.9627
    endloop
  endfacet
  facet normal 0.625924 0 0.779884
    outer loop
      vertex -7.52062 100 -23.9627
      vertex -7.52062 -100 -23.9627
      vertex -7.12251 100 -24.2822
    endloop
  endfacet
  facet normal 0.625924 0 0.779884
    outer loop
      vertex -7.52062 -100 -23.9627
      vertex -7.12251 -100 -24.2822
      vertex -7.12251 100 -24.2822
    endloop
  endfacet
  facet normal 0.59131 0 0.806444
    outer loop
      vertex -7.12251 100 -24.2822
      vertex -7.12251 -100 -24.2822
      vertex -6.71084 100 -24.5841
    endloop
  endfacet
  facet normal 0.59131 0 0.806444
    outer loop
      vertex -7.12251 -100 -24.2822
      vertex -6.71084 -100 -24.5841
      vertex -6.71084 100 -24.5841
    endloop
  endfacet
  facet normal 0.55557 0 0.83147
    outer loop
      vertex -6.71084 100 -24.5841
      vertex -6.71084 -100 -24.5841
      vertex -6.28641 100 -24.8677
    endloop
  endfacet
  facet normal 0.55557 0 0.83147
    outer loop
      vertex -6.71084 -100 -24.5841
      vertex -6.28641 -100 -24.8677
      vertex -6.28641 100 -24.8677
    endloop
  endfacet
  facet normal 0.518774 0 0.854912
    outer loop
      vertex -6.28641 100 -24.8677
      vertex -6.28641 -100 -24.8677
      vertex -5.85 100 -25.1325
    endloop
  endfacet
  facet normal 0.518774 0 0.854912
    outer loop
      vertex -6.28641 -100 -24.8677
      vertex -5.85 -100 -25.1325
      vertex -5.85 100 -25.1325
    endloop
  endfacet
  facet normal 0.480987 0 0.876728
    outer loop
      vertex -5.85 100 -25.1325
      vertex -5.85 -100 -25.1325
      vertex -5.40246 100 -25.378
    endloop
  endfacet
  facet normal 0.480987 0 0.876728
    outer loop
      vertex -5.85 -100 -25.1325
      vertex -5.40246 -100 -25.378
      vertex -5.40246 100 -25.378
    endloop
  endfacet
  facet normal 0.44229 0 0.896872
    outer loop
      vertex -5.40246 100 -25.378
      vertex -5.40246 -100 -25.378
      vertex -4.94463 100 -25.6038
    endloop
  endfacet
  facet normal 0.44229 0 0.896872
    outer loop
      vertex -5.40246 -100 -25.378
      vertex -4.94463 -100 -25.6038
      vertex -4.94463 100 -25.6038
    endloop
  endfacet
  facet normal 0.402747 0 0.915311
    outer loop
      vertex -4.94463 100 -25.6038
      vertex -4.94463 -100 -25.6038
      vertex -4.4774 100 -25.8094
    endloop
  endfacet
  facet normal 0.402747 0 0.915311
    outer loop
      vertex -4.94463 -100 -25.6038
      vertex -4.4774 -100 -25.8094
      vertex -4.4774 100 -25.8094
    endloop
  endfacet
  facet normal 0.362437 0 0.932008
    outer loop
      vertex -4.4774 100 -25.8094
      vertex -4.4774 -100 -25.8094
      vertex -4.00164 100 -25.9944
    endloop
  endfacet
  facet normal 0.362437 0 0.932008
    outer loop
      vertex -4.4774 -100 -25.8094
      vertex -4.00164 -100 -25.9944
      vertex -4.00164 100 -25.9944
    endloop
  endfacet
  facet normal 0.321439 0 0.94693
    outer loop
      vertex -4.00164 100 -25.9944
      vertex -4.00164 -100 -25.9944
      vertex -3.51826 100 -26.1585
    endloop
  endfacet
  facet normal 0.321439 0 0.94693
    outer loop
      vertex -4.00164 -100 -25.9944
      vertex -3.51826 -100 -26.1585
      vertex -3.51826 100 -26.1585
    endloop
  endfacet
  facet normal 0.27983 0 0.96005
    outer loop
      vertex -3.51826 100 -26.1585
      vertex -3.51826 -100 -26.1585
      vertex -3.02818 100 -26.3013
    endloop
  endfacet
  facet normal 0.27983 0 0.96005
    outer loop
      vertex -3.51826 -100 -26.1585
      vertex -3.02818 -100 -26.3013
      vertex -3.02818 100 -26.3013
    endloop
  endfacet
  facet normal 0.237685 0 0.971342
    outer loop
      vertex -3.02818 100 -26.3013
      vertex -3.02818 -100 -26.3013
      vertex -2.53234 100 -26.4227
    endloop
  endfacet
  facet normal 0.237685 0 0.971342
    outer loop
      vertex -3.02818 -100 -26.3013
      vertex -2.53234 -100 -26.4227
      vertex -2.53234 100 -26.4227
    endloop
  endfacet
  facet normal 0.195092 0 0.980785
    outer loop
      vertex -2.53234 100 -26.4227
      vertex -2.53234 -100 -26.4227
      vertex -2.03168 100 -26.5223
    endloop
  endfacet
  facet normal 0.195092 0 0.980785
    outer loop
      vertex -2.53234 -100 -26.4227
      vertex -2.03168 -100 -26.5223
      vertex -2.03168 100 -26.5223
    endloop
  endfacet
  facet normal 0.152122 0 0.988362
    outer loop
      vertex -2.03168 100 -26.5223
      vertex -2.03168 -100 -26.5223
      vertex -1.52716 100 -26.5999
    endloop
  endfacet
  facet normal 0.152122 0 0.988362
    outer loop
      vertex -2.03168 -100 -26.5223
      vertex -1.52716 -100 -26.5999
      vertex -1.52716 100 -26.5999
    endloop
  endfacet
  facet normal 0.108868 0 0.994056
    outer loop
      vertex -1.52716 100 -26.5999
      vertex -1.52716 -100 -26.5999
      vertex -1.01972 100 -26.6555
    endloop
  endfacet
  facet normal 0.108868 0 0.994056
    outer loop
      vertex -1.52716 -100 -26.5999
      vertex -1.01972 -100 -26.6555
      vertex -1.01972 100 -26.6555
    endloop
  endfacet
  facet normal 0.0654028 0 0.997859
    outer loop
      vertex -1.01972 100 -26.6555
      vertex -1.01972 -100 -26.6555
      vertex -0.510347 100 -26.6889
    endloop
  endfacet
  facet normal 0.0654028 0 0.997859
    outer loop
      vertex -1.01972 -100 -26.6555
      vertex -0.510347 -100 -26.6889
      vertex -0.510347 100 -26.6889
    endloop
  endfacet
  facet normal 0.0218131 0 0.999762
    outer loop
      vertex -0.510347 100 -26.6889
      vertex -0.510347 -100 -26.6889
      vertex 0 100 -26.7
    endloop
  endfacet
  facet normal 0.0218131 -3.07883e-19 0.999762
    outer loop
      vertex -0.510347 -100 -26.6889
      vertex -2.86567e-15 -100 -26.7
      vertex 0 100 -26.7
    endloop
  endfacet
  facet normal 0 1 0
    outer loop
      vertex -13.5309 100 -3.3
      vertex 0 100 -3.3
      vertex -0.510347 100 -3.31114
    endloop
  endfacet
  facet normal 0 1 0
    outer loop
      vertex -9.58408 100 -8.28916
      vertex -9.86768 100 -8.71359
      vertex -13.5309 100 -3.3
    endloop
  endfacet
  facet normal 0 1 0
    outer loop
      vertex -9.86768 100 -8.71359
      vertex -10.1325 100 -9.15
      vertex -13.5309 100 -3.3
    endloop
  endfacet
  facet normal 0 1 0
    outer loop
      vertex -13.5309 100 -3.3
      vertex -10.1325 100 -9.15
      vertex -10.378 100 -9.59754
    endloop
  endfacet
  facet normal 0 1 0
    outer loop
      vertex -10.9944 100 -10.9984
      vertex -14.8599 100 -12.9544
      vertex -10.8094 100 -10.5226
    endloop
  endfacet
  facet normal 0 1 0
    outer loop
      vertex -14.8599 100 -12.9544
      vertex -13.5309 100 -3.3
      vertex -10.8094 100 -10.5226
    endloop
  endfacet
  facet normal 0 1 0
    outer loop
      vertex -10.8094 100 -10.5226
      vertex -13.5309 100 -3.3
      vertex -10.6038 100 -10.0554
    endloop
  endfacet
  facet normal 0 1 0
    outer loop
      vertex -13.5309 100 -3.3
      vertex -10.378 100 -9.59754
      vertex -10.6038 100 -10.0554
    endloop
  endfacet
  facet normal 0 1 0
    outer loop
      vertex 8.62614 100 -7.09559
      vertex 8.27315 100 -6.72685
      vertex 13.5309 100 -3.3
    endloop
  endfacet
  facet normal 0 1 0
    outer loop
      vertex 8.27315 100 -6.72685
      vertex 7.90441 100 -6.37386
      vertex 13.5309 100 -3.3
    endloop
  endfacet
  facet normal 0 1 0
    outer loop
      vertex 13.5309 100 -3.3
      vertex 7.90441 100 -6.37386
      vertex 7.52062 100 -6.03728
    endloop
  endfacet
  facet normal 0 1 0
    outer loop
      vertex -0.510347 100 -3.31114
      vertex -1.01972 100 -3.34452
      vertex -13.5309 100 -3.3
    endloop
  endfacet
  facet normal 0 1 0
    outer loop
      vertex -1.01972 100 -3.34452
      vertex -1.52716 100 -3.4001
      vertex -13.5309 100 -3.3
    endloop
  endfacet
  facet normal 0 1 0
    outer loop
      vertex -13.5309 100 -3.3
      vertex -1.52716 100 -3.4001
      vertex -2.03168 100 -3.47775
    endloop
  endfacet
  facet normal 0 1 0
    outer loop
      vertex -8.62614 100 -7.09559
      vertex -8.96272 100 -7.47939
      vertex -13.5309 100 -3.3
    endloop
  endfacet
  facet normal 0 1 0
    outer loop
      vertex -8.96272 100 -7.47939
      vertex -9.28223 100 -7.87749
      vertex -13.5309 100 -3.3
    endloop
  endfacet
  facet normal 0 1 0
    outer loop
      vertex -13.5309 100 -3.3
      vertex -9.28223 100 -7.87749
      vertex -9.58408 100 -8.28916
    endloop
  endfacet
  facet normal 0 1 0
    outer loop
      vertex 9.58408 100 -8.28916
      vertex 9.28223 100 -7.87749
      vertex 13.5309 100 -3.3
    endloop
  endfacet
  facet normal 0 1 0
    outer loop
      vertex 9.28223 100 -7.87749
      vertex 8.96272 100 -7.47939
      vertex 13.5309 100 -3.3
    endloop
  endfacet
  facet normal 0 1 0
    outer loop
      vertex 13.5309 100 -3.3
      vertex 8.96272 100 -7.47939
      vertex 8.62614 100 -7.09559
    endloop
  endfacet
  facet normal 0 1 0
    outer loop
      vertex 7.52062 100 -6.03728
      vertex 7.12251 100 -5.71777
      vertex 13.5309 100 -3.3
    endloop
  endfacet
  facet normal 0 1 0
    outer loop
      vertex 7.12251 100 -5.71777
      vertex 6.71084 100 -5.41592
      vertex 13.5309 100 -3.3
    endloop
  endfacet
  facet normal 0 1 0
    outer loop
      vertex 13.5309 100 -3.3
      vertex 6.71084 100 -5.41592
      vertex 6.28641 100 -5.13232
    endloop
  endfacet
  facet normal 0 1 0
    outer loop
      vertex 2.03168 100 -3.47775
      vertex 1.52716 100 -3.4001
      vertex 13.5309 100 -3.3
    endloop
  endfacet
  facet normal 0 1 0
    outer loop
      vertex -7.12251 100 -5.71777
      vertex -7.52062 100 -6.03728
      vertex -13.5309 100 -3.3
    endloop
  endfacet
  facet normal 0 1 0
    outer loop
      vertex -10.9944 100 -10.9984
      vertex -11.1585 100 -11.4817
      vertex -14.8599 100 -12.9544
    endloop
  endfacet
  facet normal 0 1 0
    outer loop
      vertex -11.1585 100 -11.4817
      vertex -11.3013 100 -11.9718
      vertex -14.8599 100 -12.9544
    endloop
  endfacet
  facet normal 0 1 0
    outer loop
      vertex -14.8599 100 -12.9544
      vertex -11.3013 100 -11.9718
      vertex -11.4227 100 -12.4677
    endloop
  endfacet
  facet normal 0 1 0
    outer loop
      vertex 10.6038 100 -10.0554
      vertex 10.378 100 -9.59754
      vertex 13.5309 100 -3.3
    endloop
  endfacet
  facet normal 0 1 0
    outer loop
      vertex 6.28641 100 -5.13232
      vertex 5.85 100 -4.8675
      vertex 13.5309 100 -3.3
    endloop
  endfacet
  facet normal 0 1 0
    outer loop
      vertex 5.85 100 -4.8675
      vertex 5.40246 100 -4.62197
      vertex 13.5309 100 -3.3
    endloop
  endfacet
  facet normal 0 1 0
    outer loop
      vertex 13.5309 100 -3.3
      vertex 5.40246 100 -4.62197
      vertex 4.94463 100 -4.3962
    endloop
  endfacet
  facet normal 0 1 0
    outer loop
      vertex 1.52716 100 -3.4001
      vertex 1.01972 100 -3.34452
      vertex 13.5309 100 -3.3
    endloop
  endfacet
  facet normal 0 1 0
    outer loop
      vertex 1.01972 100 -3.34452
      vertex 0.510347 100 -3.31114
      vertex 13.5309 100 -3.3
    endloop
  endfacet
  facet normal 0 1 0
    outer loop
      vertex 13.5309 100 -3.3
      vertex 0.510347 100 -3.31114
      vertex 0 100 -3.3
    endloop
  endfacet
  facet normal 0 1 0
    outer loop
      vertex -4.94463 100 -4.3962
      vertex -5.40246 100 -4.62197
      vertex -13.5309 100 -3.3
    endloop
  endfacet
  facet normal 0 1 0
    outer loop
      vertex -5.40246 100 -4.62197
      vertex -5.85 100 -4.8675
      vertex -13.5309 100 -3.3
    endloop
  endfacet
  facet normal 0 1 0
    outer loop
      vertex -7.52062 100 -6.03728
      vertex -7.90441 100 -6.37386
      vertex -13.5309 100 -3.3
    endloop
  endfacet
  facet normal 0 1 0
    outer loop
      vertex -7.90441 100 -6.37386
      vertex -8.27315 100 -6.72685
      vertex -13.5309 100 -3.3
    endloop
  endfacet
  facet normal 0 1 0
    outer loop
      vertex -13.5309 100 -3.3
      vertex -8.27315 100 -6.72685
      vertex -8.62614 100 -7.09559
    endloop
  endfacet
  facet normal 0 1 0
    outer loop
      vertex 10.378 100 -9.59754
      vertex 10.1325 100 -9.15
      vertex 13.5309 100 -3.3
    endloop
  endfacet
  facet normal 0 1 0
    outer loop
      vertex 10.1325 100 -9.15
      vertex 9.86768 100 -8.71359
      vertex 13.5309 100 -3.3
    endloop
  endfacet
  facet normal 0 1 0
    outer loop
      vertex 13.5309 100 -3.3
      vertex 9.86768 100 -8.71359
      vertex 9.58408 100 -8.28916
    endloop
  endfacet
  facet normal 0 1 0
    outer loop
      vertex 4.94463 100 -4.3962
      vertex 4.4774 100 -4.19061
      vertex 13.5309 100 -3.3
    endloop
  endfacet
  facet normal 0 1 0
    outer loop
      vertex 4.4774 100 -4.19061
      vertex 4.00164 100 -4.0056
      vertex 13.5309 100 -3.3
    endloop
  endfacet
  facet normal 0 1 0
    outer loop
      vertex 13.5309 100 -3.3
      vertex 4.00164 100 -4.0056
      vertex 3.51826 100 -3.84151
    endloop
  endfacet
  facet normal 0 1 0
    outer loop
      vertex 3.51826 100 -3.84151
      vertex 3.02818 100 -3.69867
      vertex 13.5309 100 -3.3
    endloop
  endfacet
  facet normal 0 1 0
    outer loop
      vertex 3.02818 100 -3.69867
      vertex 2.53234 100 -3.57734
      vertex 13.5309 100 -3.3
    endloop
  endfacet
  facet normal 0 1 0
    outer loop
      vertex 13.5309 100 -3.3
      vertex 2.53234 100 -3.57734
      vertex 2.03168 100 -3.47775
    endloop
  endfacet
  facet normal 0 1 0
    outer loop
      vertex -2.03168 100 -3.47775
      vertex -2.53234 100 -3.57734
      vertex -13.5309 100 -3.3
    endloop
  endfacet
  facet normal 0 1 0
    outer loop
      vertex -2.53234 100 -3.57734
      vertex -3.02818 100 -3.69867
      vertex -13.5309 100 -3.3
    endloop
  endfacet
  facet normal 0 1 0
    outer loop
      vertex -13.5309 100 -3.3
      vertex -3.02818 100 -3.69867
      vertex -3.51826 100 -3.84151
    endloop
  endfacet
  facet normal 0 1 0
    outer loop
      vertex -5.85 100 -4.8675
      vertex -6.28641 100 -5.13232
      vertex -13.5309 100 -3.3
    endloop
  endfacet
  facet normal 0 1 0
    outer loop
      vertex -6.28641 100 -5.13232
      vertex -6.71084 100 -5.41592
      vertex -13.5309 100 -3.3
    endloop
  endfacet
  facet normal 0 1 0
    outer loop
      vertex -13.5309 100 -3.3
      vertex -6.71084 100 -5.41592
      vertex -7.12251 100 -5.71777
    endloop
  endfacet
  facet normal 0 1 0
    outer loop
      vertex -3.51826 100 -3.84151
      vertex -4.00164 100 -4.0056
      vertex -13.5309 100 -3.3
    endloop
  endfacet
  facet normal 0 1 0
    outer loop
      vertex -4.00164 100 -4.0056
      vertex -4.4774 100 -4.19061
      vertex -13.5309 100 -3.3
    endloop
  endfacet
  facet normal 0 1 0
    outer loop
      vertex -13.5309 100 -3.3
      vertex -4.4774 100 -4.19061
      vertex -4.94463 100 -4.3962
    endloop
  endfacet
  facet normal 0 1 0
    outer loop
      vertex 11.5999 100 -13.4728
      vertex 11.5223 100 -12.9683
      vertex 14.8599 100 -12.9544
    endloop
  endfacet
  facet normal 0 1 0
    outer loop
      vertex 11.5223 100 -12.9683
      vertex 11.4227 100 -12.4677
      vertex 14.8599 100 -12.9544
    endloop
  endfacet
  facet normal 0 1 0
    outer loop
      vertex 14.8599 100 -12.9544
      vertex 11.4227 100 -12.4677
      vertex 11.3013 100 -11.9718
    endloop
  endfacet
  facet normal 0 1 0
    outer loop
      vertex 11.3013 100 -11.9718
      vertex 11.1585 100 -11.4817
      vertex 14.8599 100 -12.9544
    endloop
  endfacet
  facet normal 0 1 0
    outer loop
      vertex 11.1585 100 -11.4817
      vertex 10.9944 100 -10.9984
      vertex 14.8599 100 -12.9544
    endloop
  endfacet
  facet normal 0 1 0
    outer loop
      vertex 14.8599 100 -12.9544
      vertex 10.9944 100 -10.9984
      vertex 13.5309 100 -3.3
    endloop
  endfacet
  facet normal 0 1 0
    outer loop
      vertex 10.9944 100 -10.9984
      vertex 10.8094 100 -10.5226
      vertex 13.5309 100 -3.3
    endloop
  endfacet
  facet normal 0 1 0
    outer loop
      vertex 13.5309 100 -3.3
      vertex 10.8094 100 -10.5226
      vertex 10.6038 100 -10.0554
    endloop
  endfacet
  facet normal 0 1 0
    outer loop
      vertex -11.4227 100 -12.4677
      vertex -11.5223 100 -12.9683
      vertex -14.8599 100 -12.9544
    endloop
  endfacet
  facet normal 0 1 0
    outer loop
      vertex -11.5223 100 -12.9683
      vertex -11.5999 100 -13.4728
      vertex -14.8599 100 -12.9544
    endloop
  endfacet
  facet normal 0 1 0
    outer loop
      vertex -14.8599 100 -12.9544
      vertex -11.5999 100 -13.4728
      vertex -14.9344 100 -13.5985
    endloop
  endfacet
  facet normal 0 1 0
    outer loop
      vertex -11.5999 100 -13.4728
      vertex -11.6555 100 -13.9803
      vertex -14.9344 100 -13.5985
    endloop
  endfacet
  facet normal 0 1 0
    outer loop
      vertex -14.9344 100 -13.5985
      vertex -11.6555 100 -13.9803
      vertex -14.981 100 -14.2452
    endloop
  endfacet
  facet normal 0 1 0
    outer loop
      vertex -11.6555 100 -13.9803
      vertex -11.6889 100 -14.4897
      vertex -14.981 100 -14.2452
    endloop
  endfacet
  facet normal 0 1 0
    outer loop
      vertex -14.981 100 -14.2452
      vertex -11.6889 100 -14.4897
      vertex -14.9996 100 -14.8934
    endloop
  endfacet
  facet normal 0 1 0
    outer loop
      vertex -11.6889 100 -14.4897
      vertex -11.7 100 -15
      vertex -14.9996 100 -14.8934
    endloop
  endfacet
  facet normal 0 1 0
    outer loop
      vertex -14.9996 100 -14.8934
      vertex -11.7 100 -15
      vertex -14.9902 100 -15.5417
    endloop
  endfacet
  facet normal 0 1 0
    outer loop
      vertex -11.7 100 -15
      vertex -11.6889 100 -15.5103
      vertex -14.9902 100 -15.5417
    endloop
  endfacet
  facet normal 0 1 0
    outer loop
      vertex -14.9902 100 -15.5417
      vertex -11.6889 100 -15.5103
      vertex -14.9528 100 -16.189
    endloop
  endfacet
  facet normal 0 1 0
    outer loop
      vertex -11.6889 100 -15.5103
      vertex -11.6555 100 -16.0197
      vertex -14.9528 100 -16.189
    endloop
  endfacet
  facet normal 0 1 0
    outer loop
      vertex -14.9528 100 -16.189
      vertex -11.6555 100 -16.0197
      vertex -14.8874 100 -16.8341
    endloop
  endfacet
  facet normal 0 1 0
    outer loop
      vertex -11.6555 100 -16.0197
      vertex -11.5999 100 -16.5272
      vertex -14.8874 100 -16.8341
    endloop
  endfacet
  facet normal 0 1 0
    outer loop
      vertex -14.8874 100 -16.8341
      vertex -11.5999 100 -16.5272
      vertex -14.7943 100 -17.4758
    endloop
  endfacet
  facet normal 0 1 0
    outer loop
      vertex -11.5999 100 -16.5272
      vertex -11.5223 100 -17.0317
      vertex -14.7943 100 -17.4758
    endloop
  endfacet
  facet normal 0 1 0
    outer loop
      vertex -14.7943 100 -17.4758
      vertex -11.5223 100 -17.0317
      vertex -14.6734 100 -18.1129
    endloop
  endfacet
  facet normal 0 1 0
    outer loop
      vertex -11.5223 100 -17.0317
      vertex -11.4227 100 -17.5323
      vertex -14.6734 100 -18.1129
    endloop
  endfacet
  facet normal 0 1 0
    outer loop
      vertex -14.6734 100 -18.1129
      vertex -11.4227 100 -17.5323
      vertex -14.5252 100 -18.7441
    endloop
  endfacet
  facet normal 0 1 0
    outer loop
      vertex -11.4227 100 -17.5323
      vertex -11.3013 100 -18.0282
      vertex -14.5252 100 -18.7441
    endloop
  endfacet
  facet normal 0 1 0
    outer loop
      vertex -14.5252 100 -18.7441
      vertex -11.3013 100 -18.0282
      vertex -14.3498 100 -19.3683
    endloop
  endfacet
  facet normal 0 1 0
    outer loop
      vertex -11.3013 100 -18.0282
      vertex -11.1585 100 -18.5183
      vertex -14.3498 100 -19.3683
    endloop
  endfacet
  facet normal 0 1 0
    outer loop
      vertex -14.3498 100 -19.3683
      vertex -11.1585 100 -18.5183
      vertex -14.1476 100 -19.9844
    endloop
  endfacet
  facet normal 0 1 0
    outer loop
      vertex -11.1585 100 -18.5183
      vertex -10.9944 100 -19.0016
      vertex -14.1476 100 -19.9844
    endloop
  endfacet
  facet normal 0 1 0
    outer loop
      vertex -14.1476 100 -19.9844
      vertex -10.9944 100 -19.0016
      vertex -13.919 100 -20.5912
    endloop
  endfacet
  facet normal 0 1 0
    outer loop
      vertex -10.9944 100 -19.0016
      vertex -10.8094 100 -19.4774
      vertex -13.919 100 -20.5912
    endloop
  endfacet
  facet normal 0 1 0
    outer loop
      vertex -13.919 100 -20.5912
      vertex -10.8094 100 -19.4774
      vertex -13.6644 100 -21.1875
    endloop
  endfacet
  facet normal 0 1 0
    outer loop
      vertex -10.8094 100 -19.4774
      vertex -10.6038 100 -19.9446
      vertex -13.6644 100 -21.1875
    endloop
  endfacet
  facet normal 0 1 0
    outer loop
      vertex -13.6644 100 -21.1875
      vertex -10.6038 100 -19.9446
      vertex -13.3842 100 -21.7722
    endloop
  endfacet
  facet normal 0 1 0
    outer loop
      vertex -10.6038 100 -19.9446
      vertex -10.378 100 -20.4025
      vertex -13.3842 100 -21.7722
    endloop
  endfacet
  facet normal 0 1 0
    outer loop
      vertex -13.3842 100 -21.7722
      vertex -10.378 100 -20.4025
      vertex -13.079 100 -22.3443
    endloop
  endfacet
  facet normal 0 1 0
    outer loop
      vertex -10.378 100 -20.4025
      vertex -10.1325 100 -20.85
      vertex -13.079 100 -22.3443
    endloop
  endfacet
  facet normal 0 1 0
    outer loop
      vertex -13.079 100 -22.3443
      vertex -10.1325 100 -20.85
      vertex -12.7494 100 -22.9027
    endloop
  endfacet
  facet normal 0 1 0
    outer loop
      vertex -10.1325 100 -20.85
      vertex -9.86768 100 -21.2864
      vertex -12.7494 100 -22.9027
    endloop
  endfacet
  facet normal 0 1 0
    outer loop
      vertex -12.7494 100 -22.9027
      vertex -9.86768 100 -21.2864
      vertex -12.396 100 -23.4463
    endloop
  endfacet
  facet normal 0 1 0
    outer loop
      vertex -9.86768 100 -21.2864
      vertex -9.58408 100 -21.7108
      vertex -12.396 100 -23.4463
    endloop
  endfacet
  facet normal 0 1 0
    outer loop
      vertex -12.396 100 -23.4463
      vertex -9.58408 100 -21.7108
      vertex -12.0194 100 -23.9741
    endloop
  endfacet
  facet normal 0 1 0
    outer loop
      vertex -9.58408 100 -21.7108
      vertex -9.28223 100 -22.1225
      vertex -12.0194 100 -23.9741
    endloop
  endfacet
  facet normal 0 1 0
    outer loop
      vertex -12.0194 100 -23.9741
      vertex -9.28223 100 -22.1225
      vertex -11.6203 100 -24.4852
    endloop
  endfacet
  facet normal 0 1 0
    outer loop
      vertex -9.28223 100 -22.1225
      vertex -8.96272 100 -22.5206
      vertex -11.6203 100 -24.4852
    endloop
  endfacet
  facet normal 0 1 0
    outer loop
      vertex -11.6203 100 -24.4852
      vertex -8.96272 100 -22.5206
      vertex -11.1995 100 -24.9785
    endloop
  endfacet
  facet normal 0 1 0
    outer loop
      vertex -8.96272 100 -22.5206
      vertex -8.62614 100 -22.9044
      vertex -11.1995 100 -24.9785
    endloop
  endfacet
  facet normal 0 1 0
    outer loop
      vertex -11.1995 100 -24.9785
      vertex -8.62614 100 -22.9044
      vertex -10.7578 100 -25.4532
    endloop
  endfacet
  facet normal 0 1 0
    outer loop
      vertex -8.62614 100 -22.9044
      vertex -8.27315 100 -23.2731
      vertex -10.7578 100 -25.4532
    endloop
  endfacet
  facet normal 0 1 0
    outer loop
      vertex -10.7578 100 -25.4532
      vertex -8.27315 100 -23.2731
      vertex -10.296 100 -25.9083
    endloop
  endfacet
  facet normal 0 1 0
    outer loop
      vertex -8.27315 100 -23.2731
      vertex -7.90441 100 -23.6261
      vertex -10.296 100 -25.9083
    endloop
  endfacet
  facet normal 0 1 0
    outer loop
      vertex -10.296 100 -25.9083
      vertex -7.90441 100 -23.6261
      vertex -9.81498 100 -26.3431
    endloop
  endfacet
  facet normal 0 1 0
    outer loop
      vertex -7.90441 100 -23.6261
      vertex -7.52062 100 -23.9627
      vertex -9.81498 100 -26.3431
    endloop
  endfacet
  facet normal 0 1 0
    outer loop
      vertex -9.81498 100 -26.3431
      vertex -7.52062 100 -23.9627
      vertex -9.3156 100 -26.7567
    endloop
  endfacet
  facet normal 0 1 0
    outer loop
      vertex -7.52062 100 -23.9627
      vertex -7.12251 100 -24.2822
      vertex -9.3156 100 -26.7567
    endloop
  endfacet
  facet normal 0 1 0
    outer loop
      vertex -9.3156 100 -26.7567
      vertex -7.12251 100 -24.2822
      vertex -8.79881 100 -27.1483
    endloop
  endfacet
  facet normal 0 1 0
    outer loop
      vertex -7.12251 100 -24.2822
      vertex -6.71084 100 -24.5841
      vertex -8.79881 100 -27.1483
    endloop
  endfacet
  facet normal 0 1 0
    outer loop
      vertex -8.79881 100 -27.1483
      vertex -6.71084 100 -24.5841
      vertex -8.26558 100 -27.5172
    endloop
  endfacet
  facet normal 0 1 0
    outer loop
      vertex -6.71084 100 -24.5841
      vertex -6.28641 100 -24.8677
      vertex -8.26558 100 -27.5172
    endloop
  endfacet
  facet normal 0 1 0
    outer loop
      vertex -8.26558 100 -27.5172
      vertex -6.28641 100 -24.8677
      vertex -7.7169 100 -27.8627
    endloop
  endfacet
  facet normal 0 1 0
    outer loop
      vertex -6.28641 100 -24.8677
      vertex -5.85 100 -25.1325
      vertex -7.7169 100 -27.8627
    endloop
  endfacet
  facet normal 0 1 0
    outer loop
      vertex -7.7169 100 -27.8627
      vertex -5.85 100 -25.1325
      vertex -7.15381 100 -28.1842
    endloop
  endfacet
  facet normal 0 1 0
    outer loop
      vertex -5.85 100 -25.1325
      vertex -5.40246 100 -25.378
      vertex -7.15381 100 -28.1842
    endloop
  endfacet
  facet normal 0 1 0
    outer loop
      vertex -7.15381 100 -28.1842
      vertex -5.40246 100 -25.378
      vertex -6.57735 100 -28.481
    endloop
  endfacet
  facet normal 0 1 0
    outer loop
      vertex -5.40246 100 -25.378
      vertex -4.94463 100 -25.6038
      vertex -6.57735 100 -28.481
    endloop
  endfacet
  facet normal 0 1 0
    outer loop
      vertex -6.57735 100 -28.481
      vertex -4.94463 100 -25.6038
      vertex -5.98859 100 -28.7527
    endloop
  endfacet
  facet normal 0 1 0
    outer loop
      vertex -4.94463 100 -25.6038
      vertex -4.4774 100 -25.8094
      vertex -5.98859 100 -28.7527
    endloop
  endfacet
  facet normal 0 1 0
    outer loop
      vertex -5.98859 100 -28.7527
      vertex -4.4774 100 -25.8094
      vertex -5.38865 100 -28.9987
    endloop
  endfacet
  facet normal 0 1 0
    outer loop
      vertex -4.4774 100 -25.8094
      vertex -4.00164 100 -25.9944
      vertex -5.38865 100 -28.9987
    endloop
  endfacet
  facet normal 0 1 0
    outer loop
      vertex -5.38865 100 -28.9987
      vertex -4.00164 100 -25.9944
      vertex -4.77864 100 -29.2185
    endloop
  endfacet
  facet normal 0 1 0
    outer loop
      vertex -4.00164 100 -25.9944
      vertex -3.51826 100 -26.1585
      vertex -4.77864 100 -29.2185
    endloop
  endfacet
  facet normal 0 1 0
    outer loop
      vertex -4.77864 100 -29.2185
      vertex -3.51826 100 -26.1585
      vertex -4.1597 100 -29.4117
    endloop
  endfacet
  facet normal 0 1 0
    outer loop
      vertex -3.51826 100 -26.1585
      vertex -3.02818 100 -26.3013
      vertex -4.1597 100 -29.4117
    endloop
  endfacet
  facet normal 0 1 0
    outer loop
      vertex -4.1597 100 -29.4117
      vertex -3.02818 100 -26.3013
      vertex -3.53299 100 -29.578
    endloop
  endfacet
  facet normal 0 1 0
    outer loop
      vertex -3.02818 100 -26.3013
      vertex -2.53234 100 -26.4227
      vertex -3.53299 100 -29.578
    endloop
  endfacet
  facet normal 0 1 0
    outer loop
      vertex -3.53299 100 -29.578
      vertex -2.53234 100 -26.4227
      vertex -2.89967 100 -29.7171
    endloop
  endfacet
  facet normal 0 1 0
    outer loop
      vertex -2.53234 100 -26.4227
      vertex -2.03168 100 -26.5223
      vertex -2.89967 100 -29.7171
    endloop
  endfacet
  facet normal 0 1 0
    outer loop
      vertex -2.89967 100 -29.7171
      vertex -2.03168 100 -26.5223
      vertex -2.26094 100 -29.8286
    endloop
  endfacet
  facet normal 0 1 0
    outer loop
      vertex -2.03168 100 -26.5223
      vertex -1.52716 100 -26.5999
      vertex -2.26094 100 -29.8286
    endloop
  endfacet
  facet normal 0 1 0
    outer loop
      vertex -2.26094 100 -29.8286
      vertex -1.52716 100 -26.5999
      vertex -1.61798 100 -29.9125
    endloop
  endfacet
  facet normal 0 1 0
    outer loop
      vertex -1.52716 100 -26.5999
      vertex -1.01972 100 -26.6555
      vertex -1.61798 100 -29.9125
    endloop
  endfacet
  facet normal 0 1 0
    outer loop
      vertex -1.61798 100 -29.9125
      vertex -1.01972 100 -26.6555
      vertex -0.971999 100 -29.9685
    endloop
  endfacet
  facet normal 0 1 0
    outer loop
      vertex -1.01972 100 -26.6555
      vertex -0.510347 100 -26.6889
      vertex -0.971999 100 -29.9685
    endloop
  endfacet
  facet normal 0 1 0
    outer loop
      vertex -0.971999 100 -29.9685
      vertex -0.510347 100 -26.6889
      vertex -0.324202 100 -29.9965
    endloop
  endfacet
  facet normal 0 1 0
    outer loop
      vertex -0.510347 100 -26.6889
      vertex 0 100 -26.7
      vertex -0.324202 100 -29.9965
    endloop
  endfacet
  facet normal 0 1 0
    outer loop
      vertex 11.5999 100 -13.4728
      vertex 14.8599 100 -12.9544
      vertex 11.6555 100 -13.9803
    endloop
  endfacet
  facet normal 0 1 0
    outer loop
      vertex 14.8599 100 -12.9544
      vertex 14.9344 100 -13.5985
      vertex 11.6555 100 -13.9803
    endloop
  endfacet
  facet normal 0 1 0
    outer loop
      vertex 11.6555 100 -13.9803
      vertex 14.9344 100 -13.5985
      vertex 11.6889 100 -14.4897
    endloop
  endfacet
  facet normal 0 1 0
    outer loop
      vertex 14.9344 100 -13.5985
      vertex 14.981 100 -14.2452
      vertex 11.6889 100 -14.4897
    endloop
  endfacet
  facet normal 0 1 0
    outer loop
      vertex 11.6889 100 -14.4897
      vertex 14.981 100 -14.2452
      vertex 11.7 100 -15
    endloop
  endfacet
  facet normal 0 1 0
    outer loop
      vertex 14.981 100 -14.2452
      vertex 14.9996 100 -14.8934
      vertex 11.7 100 -15
    endloop
  endfacet
  facet normal 0 1 0
    outer loop
      vertex 11.7 100 -15
      vertex 14.9996 100 -14.8934
      vertex 11.6889 100 -15.5103
    endloop
  endfacet
  facet normal 0 1 0
    outer loop
      vertex 14.9996 100 -14.8934
      vertex 14.9902 100 -15.5417
      vertex 11.6889 100 -15.5103
    endloop
  endfacet
  facet normal 0 1 0
    outer loop
      vertex 11.6889 100 -15.5103
      vertex 14.9902 100 -15.5417
      vertex 11.6555 100 -16.0197
    endloop
  endfacet
  facet normal 0 1 0
    outer loop
      vertex 14.9902 100 -15.5417
      vertex 14.9528 100 -16.189
      vertex 11.6555 100 -16.0197
    endloop
  endfacet
  facet normal 0 1 0
    outer loop
      vertex 11.6555 100 -16.0197
      vertex 14.9528 100 -16.189
      vertex 11.5999 100 -16.5272
    endloop
  endfacet
  facet normal 0 1 0
    outer loop
      vertex 14.9528 100 -16.189
      vertex 14.8874 100 -16.8341
      vertex 11.5999 100 -16.5272
    endloop
  endfacet
  facet normal 0 1 0
    outer loop
      vertex 11.5999 100 -16.5272
      vertex 14.8874 100 -16.8341
      vertex 11.5223 100 -17.0317
    endloop
  endfacet
  facet normal 0 1 0
    outer loop
      vertex 14.8874 100 -16.8341
      vertex 14.7943 100 -17.4758
      vertex 11.5223 100 -17.0317
    endloop
  endfacet
  facet normal 0 1 0
    outer loop
      vertex 11.5223 100 -17.0317
      vertex 14.7943 100 -17.4758
      vertex 11.4227 100 -17.5323
    endloop
  endfacet
  facet normal 0 1 0
    outer loop
      vertex 14.7943 100 -17.4758
      vertex 14.6734 100 -18.1129
      vertex 11.4227 100 -17.5323
    endloop
  endfacet
  facet normal 0 1 0
    outer loop
      vertex 11.4227 100 -17.5323
      vertex 14.6734 100 -18.1129
      vertex 11.3013 100 -18.0282
    endloop
  endfacet
  facet normal 0 1 0
    outer loop
      vertex 14.6734 100 -18.1129
      vertex 14.5252 100 -18.7441
      vertex 11.3013 100 -18.0282
    endloop
  endfacet
  facet normal 0 1 0
    outer loop
      vertex 11.3013 100 -18.0282
      vertex 14.5252 100 -18.7441
      vertex 11.1585 100 -18.5183
    endloop
  endfacet
  facet normal 0 1 0
    outer loop
      vertex 14.5252 100 -18.7441
      vertex 14.3498 100 -19.3683
      vertex 11.1585 100 -18.5183
    endloop
  endfacet
  facet normal 0 1 0
    outer loop
      vertex 11.1585 100 -18.5183
      vertex 14.3498 100 -19.3683
      vertex 10.9944 100 -19.0016
    endloop
  endfacet
  facet normal 0 1 0
    outer loop
      vertex 14.3498 100 -19.3683
      vertex 14.1476 100 -19.9844
      vertex 10.9944 100 -19.0016
    endloop
  endfacet
  facet normal 0 1 0
    outer loop
      vertex 10.9944 100 -19.0016
      vertex 14.1476 100 -19.9844
      vertex 10.8094 100 -19.4774
    endloop
  endfacet
  facet normal 0 1 0
    outer loop
      vertex 14.1476 100 -19.9844
      vertex 13.919 100 -20.5912
      vertex 10.8094 100 -19.4774
    endloop
  endfacet
  facet normal 0 1 0
    outer loop
      vertex 10.8094 100 -19.4774
      vertex 13.919 100 -20.5912
      vertex 10.6038 100 -19.9446
    endloop
  endfacet
  facet normal 0 1 0
    outer loop
      vertex 13.919 100 -20.5912
      vertex 13.6644 100 -21.1875
      vertex 10.6038 100 -19.9446
    endloop
  endfacet
  facet normal 0 1 0
    outer loop
      vertex 10.6038 100 -19.9446
      vertex 13.6644 100 -21.1875
      vertex 10.378 100 -20.4025
    endloop
  endfacet
  facet normal 0 1 0
    outer loop
      vertex 13.6644 100 -21.1875
      vertex 13.3842 100 -21.7722
      vertex 10.378 100 -20.4025
    endloop
  endfacet
  facet normal 0 1 0
    outer loop
      vertex 10.378 100 -20.4025
      vertex 13.3842 100 -21.7722
      vertex 10.1325 100 -20.85
    endloop
  endfacet
  facet normal 0 1 0
    outer loop
      vertex 13.3842 100 -21.7722
      vertex 13.079 100 -22.3443
      vertex 10.1325 100 -20.85
    endloop
  endfacet
  facet normal 0 1 0
    outer loop
      vertex 10.1325 100 -20.85
      vertex 13.079 100 -22.3443
      vertex 9.86768 100 -21.2864
    endloop
  endfacet
  facet normal 0 1 0
    outer loop
      vertex 13.079 100 -22.3443
      vertex 12.7494 100 -22.9027
      vertex 9.86768 100 -21.2864
    endloop
  endfacet
  facet normal 0 1 0
    outer loop
      vertex 9.86768 100 -21.2864
      vertex 12.7494 100 -22.9027
      vertex 9.58408 100 -21.7108
    endloop
  endfacet
  facet normal 0 1 0
    outer loop
      vertex 12.7494 100 -22.9027
      vertex 12.396 100 -23.4463
      vertex 9.58408 100 -21.7108
    endloop
  endfacet
  facet normal 0 1 0
    outer loop
      vertex 9.58408 100 -21.7108
      vertex 12.396 100 -23.4463
      vertex 9.28223 100 -22.1225
    endloop
  endfacet
  facet normal 0 1 0
    outer loop
      vertex 12.396 100 -23.4463
      vertex 12.0194 100 -23.9741
      vertex 9.28223 100 -22.1225
    endloop
  endfacet
  facet normal 0 1 0
    outer loop
      vertex 9.28223 100 -22.1225
      vertex 12.0194 100 -23.9741
      vertex 8.96272 100 -22.5206
    endloop
  endfacet
  facet normal 0 1 0
    outer loop
      vertex 12.0194 100 -23.9741
      vertex 11.6203 100 -24.4852
      vertex 8.96272 100 -22.5206
    endloop
  endfacet
  facet normal 0 1 0
    outer loop
      vertex 8.96272 100 -22.5206
      vertex 11.6203 100 -24.4852
      vertex 8.62614 100 -22.9044
    endloop
  endfacet
  facet normal 0 1 0
    outer loop
      vertex 11.6203 100 -24.4852
      vertex 11.1995 100 -24.9785
      vertex 8.62614 100 -22.9044
    endloop
  endfacet
  facet normal 0 1 0
    outer loop
      vertex 8.62614 100 -22.9044
      vertex 11.1995 100 -24.9785
      vertex 8.27315 100 -23.2731
    endloop
  endfacet
  facet normal 0 1 0
    outer loop
      vertex 11.1995 100 -24.9785
      vertex 10.7578 100 -25.4532
      vertex 8.27315 100 -23.2731
    endloop
  endfacet
  facet normal 0 1 0
    outer loop
      vertex 8.27315 100 -23.2731
      vertex 10.7578 100 -25.4532
      vertex 7.90441 100 -23.6261
    endloop
  endfacet
  facet normal 0 1 0
    outer loop
      vertex 10.7578 100 -25.4532
      vertex 10.296 100 -25.9083
      vertex 7.90441 100 -23.6261
    endloop
  endfacet
  facet normal 0 1 0
    outer loop
      vertex 7.90441 100 -23.6261
      vertex 10.296 100 -25.9083
      vertex 7.52062 100 -23.9627
    endloop
  endfacet
  facet normal 0 1 0
    outer loop
      vertex 10.296 100 -25.9083
      vertex 9.81498 100 -26.3431
      vertex 7.52062 100 -23.9627
    endloop
  endfacet
  facet normal 0 1 0
    outer loop
      vertex 7.52062 100 -23.9627
      vertex 9.81498 100 -26.3431
      vertex 7.12251 100 -24.2822
    endloop
  endfacet
  facet normal 0 1 0
    outer loop
      vertex 9.81498 100 -26.3431
      vertex 9.3156 100 -26.7567
      vertex 7.12251 100 -24.2822
    endloop
  endfacet
  facet normal 0 1 0
    outer loop
      vertex 7.12251 100 -24.2822
      vertex 9.3156 100 -26.7567
      vertex 6.71084 100 -24.5841
    endloop
  endfacet
  facet normal 0 1 0
    outer loop
      vertex 9.3156 100 -26.7567
      vertex 8.79881 100 -27.1483
      vertex 6.71084 100 -24.5841
    endloop
  endfacet
  facet normal 0 1 0
    outer loop
      vertex 6.71084 100 -24.5841
      vertex 8.79881 100 -27.1483
      vertex 6.28641 100 -24.8677
    endloop
  endfacet
  facet normal 0 1 0
    outer loop
      vertex 8.79881 100 -27.1483
      vertex 8.26558 100 -27.5172
      vertex 6.28641 100 -24.8677
    endloop
  endfacet
  facet normal 0 1 0
    outer loop
      vertex 6.28641 100 -24.8677
      vertex 8.26558 100 -27.5172
      vertex 5.85 100 -25.1325
    endloop
  endfacet
  facet normal 0 1 0
    outer loop
      vertex 8.26558 100 -27.5172
      vertex 7.7169 100 -27.8627
      vertex 5.85 100 -25.1325
    endloop
  endfacet
  facet normal 0 1 0
    outer loop
      vertex 5.85 100 -25.1325
      vertex 7.7169 100 -27.8627
      vertex 5.40246 100 -25.378
    endloop
  endfacet
  facet normal 0 1 0
    outer loop
      vertex 7.7169 100 -27.8627
      vertex 7.15381 100 -28.1842
      vertex 5.40246 100 -25.378
    endloop
  endfacet
  facet normal 0 1 0
    outer loop
      vertex 5.40246 100 -25.378
      vertex 7.15381 100 -28.1842
      vertex 4.94463 100 -25.6038
    endloop
  endfacet
  facet normal 0 1 0
    outer loop
      vertex 7.15381 100 -28.1842
      vertex 6.57735 100 -28.481
      vertex 4.94463 100 -25.6038
    endloop
  endfacet
  facet normal 0 1 0
    outer loop
      vertex 4.94463 100 -25.6038
      vertex 6.57735 100 -28.481
      vertex 4.4774 100 -25.8094
    endloop
  endfacet
  facet normal 0 1 0
    outer loop
      vertex 6.57735 100 -28.481
      vertex 5.98859 100 -28.7527
      vertex 4.4774 100 -25.8094
    endloop
  endfacet
  facet normal 0 1 0
    outer loop
      vertex 4.4774 100 -25.8094
      vertex 5.98859 100 -28.7527
      vertex 4.00164 100 -25.9944
    endloop
  endfacet
  facet normal 0 1 0
    outer loop
      vertex 5.98859 100 -28.7527
      vertex 5.38865 100 -28.9987
      vertex 4.00164 100 -25.9944
    endloop
  endfacet
  facet normal 0 1 0
    outer loop
      vertex 4.00164 100 -25.9944
      vertex 5.38865 100 -28.9987
      vertex 3.51826 100 -26.1585
    endloop
  endfacet
  facet normal 0 1 0
    outer loop
      vertex 5.38865 100 -28.9987
      vertex 4.77864 100 -29.2185
      vertex 3.51826 100 -26.1585
    endloop
  endfacet
  facet normal 0 1 0
    outer loop
      vertex 3.51826 100 -26.1585
      vertex 4.77864 100 -29.2185
      vertex 3.02818 100 -26.3013
    endloop
  endfacet
  facet normal 0 1 0
    outer loop
      vertex 4.77864 100 -29.2185
      vertex 4.1597 100 -29.4117
      vertex 3.02818 100 -26.3013
    endloop
  endfacet
  facet normal 0 1 0
    outer loop
      vertex 3.02818 100 -26.3013
      vertex 4.1597 100 -29.4117
      vertex 2.53234 100 -26.4227
    endloop
  endfacet
  facet normal 0 1 0
    outer loop
      vertex 4.1597 100 -29.4117
      vertex 3.53299 100 -29.578
      vertex 2.53234 100 -26.4227
    endloop
  endfacet
  facet normal 0 1 0
    outer loop
      vertex 2.53234 100 -26.4227
      vertex 3.53299 100 -29.578
      vertex 2.03168 100 -26.5223
    endloop
  endfacet
  facet normal 0 1 0
    outer loop
      vertex 3.53299 100 -29.578
      vertex 2.89967 100 -29.7171
      vertex 2.03168 100 -26.5223
    endloop
  endfacet
  facet normal 0 1 0
    outer loop
      vertex 2.03168 100 -26.5223
      vertex 2.89967 100 -29.7171
      vertex 1.52716 100 -26.5999
    endloop
  endfacet
  facet normal 0 1 0
    outer loop
      vertex 2.89967 100 -29.7171
      vertex 2.26094 100 -29.8286
      vertex 1.52716 100 -26.5999
    endloop
  endfacet
  facet normal 0 1 0
    outer loop
      vertex 1.52716 100 -26.5999
      vertex 2.26094 100 -29.8286
      vertex 1.01972 100 -26.6555
    endloop
  endfacet
  facet normal 0 1 0
    outer loop
      vertex 2.26094 100 -29.8286
      vertex 1.61798 100 -29.9125
      vertex 1.01972 100 -26.6555
    endloop
  endfacet
  facet normal 0 1 0
    outer loop
      vertex 1.01972 100 -26.6555
      vertex 1.61798 100 -29.9125
      vertex 0.510347 100 -26.6889
    endloop
  endfacet
  facet normal 0 1 0
    outer loop
      vertex 1.61798 100 -29.9125
      vertex 0.971999 100 -29.9685
      vertex 0.510347 100 -26.6889
    endloop
  endfacet
  facet normal 0 1 0
    outer loop
      vertex 0.510347 100 -26.6889
      vertex 0.971999 100 -29.9685
      vertex 0 100 -26.7
    endloop
  endfacet
  facet normal 0 1 0
    outer loop
      vertex 0.971999 100 -29.9685
      vertex 0.324202 100 -29.9965
      vertex 0 100 -26.7
    endloop
  endfacet
  facet normal 0 1 0
    outer loop
      vertex 0 100 -26.7
      vertex 0.324202 100 -29.9965
      vertex -0.324202 100 -29.9965
    endloop
  endfacet
  facet normal 0 -0.029423 0.999567
    outer loop
      vertex -11.7 100 10
      vertex 11.7 100 10
      vertex -11.5343 140.891 11.2037
    endloop
  endfacet
  facet normal 0 -0.029423 0.999567
    outer loop
      vertex 11.7 100 10
      vertex 11.5343 140.891 11.2037
      vertex -11.5343 140.891 11.2037
    endloop
  endfacet
  facet normal 0 1 0
    outer loop
      vertex 19.5926 -74.7318 34.4385
      vertex 19.885 -74.7318 35.2999
      vertex 20.4372 -74.7318 33.2218
    endloop
  endfacet
  facet normal 0 1 0
    outer loop
      vertex -20.4372 -74.7318 33.2218
      vertex -19.885 -74.7318 35.2999
      vertex -19.5926 -74.7318 34.4385
    endloop
  endfacet
  facet normal 0 1 0
    outer loop
      vertex -20.1396 -74.7318 36.1733
      vertex -20.6079 -74.7318 36.4467
      vertex -20.3558 -74.7318 37.0569
    endloop
  endfacet
  facet normal 0 1 0
    outer loop
      vertex -20.6079 -74.7318 36.4467
      vertex -20.5332 -74.7318 37.9491
      vertex -20.3558 -74.7318 37.0569
    endloop
  endfacet
  facet normal 0 1 0
    outer loop
      vertex 20.5332 -74.7318 37.9491
      vertex 20.6079 -74.7318 36.4467
      vertex 20.3558 -74.7318 37.0569
    endloop
  endfacet
  facet normal 0 1 0
    outer loop
      vertex 20.6079 -74.7318 36.4467
      vertex 20.1396 -74.7318 36.1733
      vertex 20.3558 -74.7318 37.0569
    endloop
  endfacet
  facet normal 0 1 0
    outer loop
      vertex -20.8208 -74.7318 40.4672
      vertex -20.7707 -74.7318 39.7525
      vertex -20.6079 -74.7318 36.4467
    endloop
  endfacet
  facet normal 0 1 0
    outer loop
      vertex -20.7707 -74.7318 39.7525
      vertex -20.6716 -74.7318 38.8482
      vertex -20.6079 -74.7318 36.4467
    endloop
  endfacet
  facet normal 0 1 0
    outer loop
      vertex -20.6079 -74.7318 36.4467
      vertex -20.6716 -74.7318 38.8482
      vertex -20.5332 -74.7318 37.9491
    endloop
  endfacet
  facet normal 0 1 0
    outer loop
      vertex 20.5332 -74.7318 37.9491
      vertex 20.6716 -74.7318 38.8482
      vertex 20.6079 -74.7318 36.4467
    endloop
  endfacet
  facet normal 0 1 0
    outer loop
      vertex 20.6716 -74.7318 38.8482
      vertex 20.7707 -74.7318 39.7525
      vertex 20.6079 -74.7318 36.4467
    endloop
  endfacet
  facet normal 0 1 0
    outer loop
      vertex 20.6079 -74.7318 36.4467
      vertex 20.7707 -74.7318 39.7525
      vertex 20.8208 -74.7318 40.4672
    endloop
  endfacet
  facet normal 0 1 0
    outer loop
      vertex -15.3722 -74.7318 27.4836
      vertex -14.7432 -74.7318 26.8265
      vertex -19.2076 -74.7318 10
    endloop
  endfacet
  facet normal 0 1 0
    outer loop
      vertex 19.5926 -74.7318 34.4385
      vertex 20.4372 -74.7318 33.2218
      vertex 19.2629 -74.7318 33.5907
    endloop
  endfacet
  facet normal 0 1 0
    outer loop
      vertex -18.6677 -74.7318 -0.196583
      vertex -18.4788 -74.7318 -3.76351
      vertex -28.0654 -74.7318 12.2378
    endloop
  endfacet
  facet normal 0 1 0
    outer loop
      vertex -18.4788 -74.7318 -3.76351
      vertex -30.0654 -74.7318 11.567
      vertex -28.0654 -74.7318 12.2378
    endloop
  endfacet
  facet normal 0 1 0
    outer loop
      vertex -28.0654 -74.7318 12.2378
      vertex -30.0654 -74.7318 11.567
      vertex -28.0654 -74.7318 22.4219
    endloop
  endfacet
  facet normal 0 1 0
    outer loop
      vertex -30.0654 -74.7318 11.567
      vertex -30.0654 -74.7318 23.057
      vertex -28.0654 -74.7318 22.4219
    endloop
  endfacet
  facet normal 0 1 0
    outer loop
      vertex -28.0654 -74.7318 22.4219
      vertex -30.0654 -74.7318 23.057
      vertex -20.4372 -74.7318 33.2218
    endloop
  endfacet
  facet normal 0 1 0
    outer loop
      vertex -30.0654 -74.7318 23.057
      vertex -20.6079 -74.7318 36.4467
      vertex -20.4372 -74.7318 33.2218
    endloop
  endfacet
  facet normal 0 1 0
    outer loop
      vertex -20.4372 -74.7318 33.2218
      vertex -20.6079 -74.7318 36.4467
      vertex -19.885 -74.7318 35.2999
    endloop
  endfacet
  facet normal 0 1 0
    outer loop
      vertex -20.6079 -74.7318 36.4467
      vertex -20.1396 -74.7318 36.1733
      vertex -19.885 -74.7318 35.2999
    endloop
  endfacet
  facet normal 0 1 0
    outer loop
      vertex 19.885 -74.7318 35.2999
      vertex 20.1396 -74.7318 36.1733
      vertex 20.4372 -74.7318 33.2218
    endloop
  endfacet
  facet normal 0 1 0
    outer loop
      vertex 20.1396 -74.7318 36.1733
      vertex 20.6079 -74.7318 36.4467
      vertex 20.4372 -74.7318 33.2218
    endloop
  endfacet
  facet normal 0 1 0
    outer loop
      vertex 20.4372 -74.7318 33.2218
      vertex 20.6079 -74.7318 36.4467
      vertex 28.0654 -74.7318 22.4219
    endloop
  endfacet
  facet normal 0 1 0
    outer loop
      vertex 20.6079 -74.7318 36.4467
      vertex 30.0654 -74.7318 23.057
      vertex 28.0654 -74.7318 22.4219
    endloop
  endfacet
  facet normal 0 1 0
    outer loop
      vertex 28.0654 -74.7318 22.4219
      vertex 30.0654 -74.7318 23.057
      vertex 28.0654 -74.7318 12.2378
    endloop
  endfacet
  facet normal 0 1 0
    outer loop
      vertex 30.0654 -74.7318 23.057
      vertex 30.0654 -74.7318 11.567
      vertex 28.0654 -74.7318 12.2378
    endloop
  endfacet
  facet normal 0 1 0
    outer loop
      vertex 28.0654 -74.7318 12.2378
      vertex 30.0654 -74.7318 11.567
      vertex 18.6677 -74.7318 -0.196583
    endloop
  endfacet
  facet normal 0 1 0
    outer loop
      vertex 30.0654 -74.7318 11.567
      vertex 18.4788 -74.7318 -3.76351
      vertex 18.6677 -74.7318 -0.196583
    endloop
  endfacet
  facet normal 0 1 0
    outer loop
      vertex -18.0566 -74.7318 31.1447
      vertex -17.5847 -74.7318 30.367
      vertex -19.2076 -74.7318 10
    endloop
  endfacet
  facet normal 0 1 0
    outer loop
      vertex -17.5847 -74.7318 30.367
      vertex -17.0793 -74.7318 29.6106
      vertex -19.2076 -74.7318 10
    endloop
  endfacet
  facet normal 0 1 0
    outer loop
      vertex -17.0793 -74.7318 29.6106
      vertex -16.5414 -74.7318 28.877
      vertex -19.2076 -74.7318 10
    endloop
  endfacet
  facet normal 0 1 0
    outer loop
      vertex -16.5414 -74.7318 28.877
      vertex -15.972 -74.7318 28.1675
      vertex -19.2076 -74.7318 10
    endloop
  endfacet
  facet normal 0 1 0
    outer loop
      vertex -19.2076 -74.7318 10
      vertex -15.972 -74.7318 28.1675
      vertex -15.3722 -74.7318 27.4836
    endloop
  endfacet
  facet normal 0 1 0
    outer loop
      vertex -14.7432 -74.7318 26.8265
      vertex -14.0861 -74.7318 26.1974
      vertex -19.2076 -74.7318 10
    endloop
  endfacet
  facet normal 0 1 0
    outer loop
      vertex -14.0861 -74.7318 26.1974
      vertex -13.4021 -74.7318 25.5976
      vertex -19.2076 -74.7318 10
    endloop
  endfacet
  facet normal 0 1 0
    outer loop
      vertex -19.2076 -74.7318 10
      vertex -13.4021 -74.7318 25.5976
      vertex -12.6927 -74.7318 25.0282
    endloop
  endfacet
  facet normal 0 1 0
    outer loop
      vertex -10.425 -74.7318 23.513
      vertex -9.62746 -74.7318 23.0755
      vertex -19.2076 -74.7318 10
    endloop
  endfacet
  facet normal 0 1 0
    outer loop
      vertex -9.62746 -74.7318 23.0755
      vertex -8.81159 -74.7318 22.6731
      vertex -19.2076 -74.7318 10
    endloop
  endfacet
  facet normal 0 1 0
    outer loop
      vertex -19.2076 -74.7318 10
      vertex -8.81159 -74.7318 22.6731
      vertex -7.97895 -74.7318 22.3068
    endloop
  endfacet
  facet normal 0 1 0
    outer loop
      vertex -19.5926 -74.7318 34.4385
      vertex -19.2629 -74.7318 33.5907
      vertex -20.4372 -74.7318 33.2218
    endloop
  endfacet
  facet normal 0 1 0
    outer loop
      vertex -19.2629 -74.7318 33.5907
      vertex -18.8965 -74.7318 32.7581
      vertex -20.4372 -74.7318 33.2218
    endloop
  endfacet
  facet normal 0 1 0
    outer loop
      vertex -20.4372 -74.7318 33.2218
      vertex -18.8965 -74.7318 32.7581
      vertex -19.2076 -74.7318 10
    endloop
  endfacet
  facet normal 0 1 0
    outer loop
      vertex -18.8965 -74.7318 32.7581
      vertex -18.4942 -74.7318 31.9422
      vertex -19.2076 -74.7318 10
    endloop
  endfacet
  facet normal 0 1 0
    outer loop
      vertex -19.2076 -74.7318 10
      vertex -18.4942 -74.7318 31.9422
      vertex -18.0566 -74.7318 31.1447
    endloop
  endfacet
  facet normal 0 1 0
    outer loop
      vertex -12.6927 -74.7318 25.0282
      vertex -11.9591 -74.7318 24.4903
      vertex -19.2076 -74.7318 10
    endloop
  endfacet
  facet normal 0 1 0
    outer loop
      vertex -11.9591 -74.7318 24.4903
      vertex -11.2027 -74.7318 23.985
      vertex -19.2076 -74.7318 10
    endloop
  endfacet
  facet normal 0 1 0
    outer loop
      vertex -19.2076 -74.7318 10
      vertex -11.2027 -74.7318 23.985
      vertex -10.425 -74.7318 23.513
    endloop
  endfacet
  facet normal 0 1 0
    outer loop
      vertex -19.2076 -74.7318 10
      vertex -5.39638 -74.7318 21.4301
      vertex -4.51277 -74.7318 21.2139
    endloop
  endfacet
  facet normal 0 1 0
    outer loop
      vertex 5.39638 -74.7318 21.4301
      vertex 6.26972 -74.7318 21.6847
      vertex 19.2076 -74.7318 10
    endloop
  endfacet
  facet normal 0 1 0
    outer loop
      vertex 11.2027 -74.7318 23.985
      vertex 11.9591 -74.7318 24.4903
      vertex 19.2076 -74.7318 10
    endloop
  endfacet
  facet normal 0 1 0
    outer loop
      vertex -7.97895 -74.7318 22.3068
      vertex -7.13112 -74.7318 21.9771
      vertex -19.2076 -74.7318 10
    endloop
  endfacet
  facet normal 0 1 0
    outer loop
      vertex -7.13112 -74.7318 21.9771
      vertex -6.26972 -74.7318 21.6847
      vertex -19.2076 -74.7318 10
    endloop
  endfacet
  facet normal 0 1 0
    outer loop
      vertex -19.2076 -74.7318 10
      vertex -6.26972 -74.7318 21.6847
      vertex -5.39638 -74.7318 21.4301
    endloop
  endfacet
  facet normal 0 1 0
    outer loop
      vertex 19.2076 -74.7318 10
      vertex 1.8172 -74.7318 20.799
      vertex 2.72147 -74.7318 20.898
    endloop
  endfacet
  facet normal 0 1 0
    outer loop
      vertex 15.972 -74.7318 28.1675
      vertex 16.5414 -74.7318 28.877
      vertex 19.2076 -74.7318 10
    endloop
  endfacet
  facet normal 0 1 0
    outer loop
      vertex 16.5414 -74.7318 28.877
      vertex 17.0793 -74.7318 29.6106
      vertex 19.2076 -74.7318 10
    endloop
  endfacet
  facet normal 0 1 0
    outer loop
      vertex 19.2076 -74.7318 10
      vertex 17.0793 -74.7318 29.6106
      vertex 17.5847 -74.7318 30.367
    endloop
  endfacet
  facet normal 0 1 0
    outer loop
      vertex -4.51277 -74.7318 21.2139
      vertex -3.62056 -74.7318 21.0364
      vertex -19.2076 -74.7318 10
    endloop
  endfacet
  facet normal 0 1 0
    outer loop
      vertex -3.62056 -74.7318 21.0364
      vertex -2.72147 -74.7318 20.898
      vertex -19.2076 -74.7318 10
    endloop
  endfacet
  facet normal 0 1 0
    outer loop
      vertex -19.2076 -74.7318 10
      vertex -2.72147 -74.7318 20.898
      vertex -1.8172 -74.7318 20.799
    endloop
  endfacet
  facet normal 0 1 0
    outer loop
      vertex 2.72147 -74.7318 20.898
      vertex 3.62056 -74.7318 21.0364
      vertex 19.2076 -74.7318 10
    endloop
  endfacet
  facet normal 0 1 0
    outer loop
      vertex 3.62056 -74.7318 21.0364
      vertex 4.51277 -74.7318 21.2139
      vertex 19.2076 -74.7318 10
    endloop
  endfacet
  facet normal 0 1 0
    outer loop
      vertex 19.2076 -74.7318 10
      vertex 4.51277 -74.7318 21.2139
      vertex 5.39638 -74.7318 21.4301
    endloop
  endfacet
  facet normal 0 1 0
    outer loop
      vertex 6.26972 -74.7318 21.6847
      vertex 7.13112 -74.7318 21.9771
      vertex 19.2076 -74.7318 10
    endloop
  endfacet
  facet normal 0 1 0
    outer loop
      vertex 7.13112 -74.7318 21.9771
      vertex 7.97895 -74.7318 22.3068
      vertex 19.2076 -74.7318 10
    endloop
  endfacet
  facet normal 0 1 0
    outer loop
      vertex 19.2076 -74.7318 10
      vertex 7.97895 -74.7318 22.3068
      vertex 8.81159 -74.7318 22.6731
    endloop
  endfacet
  facet normal 0 1 0
    outer loop
      vertex 17.5847 -74.7318 30.367
      vertex 18.0566 -74.7318 31.1447
      vertex 19.2076 -74.7318 10
    endloop
  endfacet
  facet normal 0 1 0
    outer loop
      vertex 18.0566 -74.7318 31.1447
      vertex 18.4942 -74.7318 31.9422
      vertex 19.2076 -74.7318 10
    endloop
  endfacet
  facet normal 0 1 0
    outer loop
      vertex 19.2076 -74.7318 10
      vertex 18.4942 -74.7318 31.9422
      vertex 20.4372 -74.7318 33.2218
    endloop
  endfacet
  facet normal 0 1 0
    outer loop
      vertex 18.4942 -74.7318 31.9422
      vertex 18.8965 -74.7318 32.7581
      vertex 20.4372 -74.7318 33.2218
    endloop
  endfacet
  facet normal 0 1 0
    outer loop
      vertex 20.4372 -74.7318 33.2218
      vertex 18.8965 -74.7318 32.7581
      vertex 19.2629 -74.7318 33.5907
    endloop
  endfacet
  facet normal 0 1 0
    outer loop
      vertex -1.8172 -74.7318 20.799
      vertex -0.909464 -74.7318 20.7395
      vertex -19.2076 -74.7318 10
    endloop
  endfacet
  facet normal 0 1 0
    outer loop
      vertex -0.909464 -74.7318 20.7395
      vertex 0 -74.7318 20.7197
      vertex -19.2076 -74.7318 10
    endloop
  endfacet
  facet normal 0 1 0
    outer loop
      vertex -19.2076 -74.7318 10
      vertex 0 -74.7318 20.7197
      vertex 19.2076 -74.7318 10
    endloop
  endfacet
  facet normal 0 1 0
    outer loop
      vertex 0 -74.7318 20.7197
      vertex 0.909464 -74.7318 20.7395
      vertex 19.2076 -74.7318 10
    endloop
  endfacet
  facet normal 0 1 0
    outer loop
      vertex 19.2076 -74.7318 10
      vertex 0.909464 -74.7318 20.7395
      vertex 1.8172 -74.7318 20.799
    endloop
  endfacet
  facet normal 0 1 0
    outer loop
      vertex 8.81159 -74.7318 22.6731
      vertex 9.62746 -74.7318 23.0755
      vertex 19.2076 -74.7318 10
    endloop
  endfacet
  facet normal 0 1 0
    outer loop
      vertex 9.62746 -74.7318 23.0755
      vertex 10.425 -74.7318 23.513
      vertex 19.2076 -74.7318 10
    endloop
  endfacet
  facet normal 0 1 0
    outer loop
      vertex 19.2076 -74.7318 10
      vertex 10.425 -74.7318 23.513
      vertex 11.2027 -74.7318 23.985
    endloop
  endfacet
  facet normal 0 1 0
    outer loop
      vertex 11.9591 -74.7318 24.4903
      vertex 12.6927 -74.7318 25.0282
      vertex 19.2076 -74.7318 10
    endloop
  endfacet
  facet normal 0 1 0
    outer loop
      vertex 12.6927 -74.7318 25.0282
      vertex 13.4021 -74.7318 25.5976
      vertex 19.2076 -74.7318 10
    endloop
  endfacet
  facet normal 0 1 0
    outer loop
      vertex 19.2076 -74.7318 10
      vertex 13.4021 -74.7318 25.5976
      vertex 14.0861 -74.7318 26.1974
    endloop
  endfacet
  facet normal 0 1 0
    outer loop
      vertex 14.0861 -74.7318 26.1974
      vertex 14.7432 -74.7318 26.8265
      vertex 19.2076 -74.7318 10
    endloop
  endfacet
  facet normal 0 1 0
    outer loop
      vertex 14.7432 -74.7318 26.8265
      vertex 15.3722 -74.7318 27.4836
      vertex 19.2076 -74.7318 10
    endloop
  endfacet
  facet normal 0 1 0
    outer loop
      vertex 19.2076 -74.7318 10
      vertex 15.3722 -74.7318 27.4836
      vertex 15.972 -74.7318 28.1675
    endloop
  endfacet
  facet normal 0 -1 0
    outer loop
      vertex 14.0861 -100 56.9419
      vertex 13.4021 -100 57.5417
      vertex 20.8302 -100 40.6602
    endloop
  endfacet
  facet normal 0 -1 0
    outer loop
      vertex 18.4788 -100 -3.76351
      vertex 30.0654 -100 11.567
      vertex 28.0654 -100 12.2378
    endloop
  endfacet
  facet normal 0 -1 0
    outer loop
      vertex 1.52716 -100 -26.5999
      vertex 1.01972 -100 -26.6555
      vertex 2.96875 -100 -30.0047
    endloop
  endfacet
  facet normal 0 -1 0
    outer loop
      vertex 2.96875 -100 -80.0047
      vertex 5.95446 -100 -80.0047
      vertex 2.96875 -100 -30.0047
    endloop
  endfacet
  facet normal 0 -1 0
    outer loop
      vertex 5.95446 -100 -80.0047
      vertex 5.95446 -100 -30.0047
      vertex 2.96875 -100 -30.0047
    endloop
  endfacet
  facet normal 0 -1 0
    outer loop
      vertex -5.95446 -100 -80.0047
      vertex -3.03125 -100 -80.0047
      vertex -5.95446 -100 -30.0047
    endloop
  endfacet
  facet normal 0 -1 0
    outer loop
      vertex -3.03125 -100 -80.0047
      vertex -3.03125 -100 -30.0047
      vertex -5.95446 -100 -30.0047
    endloop
  endfacet
  facet normal 0 -1 0
    outer loop
      vertex -11.6555 -100 -16.0197
      vertex -11.6889 -100 -15.5103
      vertex -18.6677 -100 -0.196583
    endloop
  endfacet
  facet normal 0 -1 0
    outer loop
      vertex 1.01972 -100 -26.6555
      vertex 0.510347 -100 -26.6889
      vertex 2.96875 -100 -30.0047
    endloop
  endfacet
  facet normal 0 -1 0
    outer loop
      vertex 0.510347 -100 -26.6889
      vertex -2.86567e-15 -100 -26.7
      vertex 2.96875 -100 -30.0047
    endloop
  endfacet
  facet normal 0 -1 0
    outer loop
      vertex 2.96875 -100 -30.0047
      vertex -2.86567e-15 -100 -26.7
      vertex -3.03125 -100 -30.0047
    endloop
  endfacet
  facet normal 0 -1 0
    outer loop
      vertex -2.86567e-15 -100 -26.7
      vertex -0.510347 -100 -26.6889
      vertex -3.03125 -100 -30.0047
    endloop
  endfacet
  facet normal 0 -1 0
    outer loop
      vertex -3.03125 -100 -30.0047
      vertex -0.510347 -100 -26.6889
      vertex -1.01972 -100 -26.6555
    endloop
  endfacet
  facet normal 0 -1 0
    outer loop
      vertex 28.0654 -100 12.2378
      vertex 30.0654 -100 11.567
      vertex 28.0654 -100 22.4219
    endloop
  endfacet
  facet normal 0 -1 0
    outer loop
      vertex 30.0654 -100 11.567
      vertex 30.0654 -100 23.057
      vertex 28.0654 -100 22.4219
    endloop
  endfacet
  facet normal 0 -1 0
    outer loop
      vertex 28.0654 -100 22.4219
      vertex 30.0654 -100 23.057
      vertex 20.4372 -100 33.2218
    endloop
  endfacet
  facet normal 0 -1 0
    outer loop
      vertex 30.0654 -100 23.057
      vertex 20.6079 -100 36.4467
      vertex 20.4372 -100 33.2218
    endloop
  endfacet
  facet normal 0 -1 0
    outer loop
      vertex 20.4372 -100 33.2218
      vertex 20.6079 -100 36.4467
      vertex 13.4021 -100 57.5417
    endloop
  endfacet
  facet normal 0 -1 0
    outer loop
      vertex 20.6079 -100 36.4467
      vertex 20.8208 -100 40.4672
      vertex 13.4021 -100 57.5417
    endloop
  endfacet
  facet normal 0 -1 0
    outer loop
      vertex 13.4021 -100 57.5417
      vertex 20.8208 -100 40.4672
      vertex 20.8302 -100 40.6602
    endloop
  endfacet
  facet normal 0 -1 0
    outer loop
      vertex -11.3013 -100 -18.0282
      vertex -11.4227 -100 -17.5323
      vertex -18.6677 -100 -0.196583
    endloop
  endfacet
  facet normal 0 -1 0
    outer loop
      vertex -11.4227 -100 -12.4677
      vertex -11.3013 -100 -11.9718
      vertex -18.6677 -100 -0.196583
    endloop
  endfacet
  facet normal 0 -1 0
    outer loop
      vertex -11.3013 -100 -11.9718
      vertex -11.1585 -100 -11.4817
      vertex -18.6677 -100 -0.196583
    endloop
  endfacet
  facet normal 0 -1 0
    outer loop
      vertex -18.6677 -100 -0.196583
      vertex -11.1585 -100 -11.4817
      vertex -10.9944 -100 -10.9984
    endloop
  endfacet
  facet normal 0 -1 0
    outer loop
      vertex -10.9944 -100 -10.9984
      vertex -10.8094 -100 -10.5226
      vertex -18.6677 -100 -0.196583
    endloop
  endfacet
  facet normal 0 -1 0
    outer loop
      vertex -10.8094 -100 -10.5226
      vertex -10.6038 -100 -10.0554
      vertex -18.6677 -100 -0.196583
    endloop
  endfacet
  facet normal 0 -1 0
    outer loop
      vertex -18.6677 -100 -0.196583
      vertex -10.6038 -100 -10.0554
      vertex -10.378 -100 -9.59754
    endloop
  endfacet
  facet normal 0 -1 0
    outer loop
      vertex 8.27315 -100 -6.72685
      vertex 8.62614 -100 -7.09559
      vertex 18.6677 -100 -0.196583
    endloop
  endfacet
  facet normal 0 -1 0
    outer loop
      vertex 8.62614 -100 -7.09559
      vertex 8.96272 -100 -7.47939
      vertex 18.6677 -100 -0.196583
    endloop
  endfacet
  facet normal 0 -1 0
    outer loop
      vertex 18.6677 -100 -0.196583
      vertex 8.96272 -100 -7.47939
      vertex 9.28223 -100 -7.87749
    endloop
  endfacet
  facet normal 0 -1 0
    outer loop
      vertex 11.4227 -100 -17.5323
      vertex 11.3013 -100 -18.0282
      vertex 18.6677 -100 -0.196583
    endloop
  endfacet
  facet normal 0 -1 0
    outer loop
      vertex -3.02818 -100 -26.3013
      vertex -3.51826 -100 -26.1585
      vertex -5.95446 -100 -30.0047
    endloop
  endfacet
  facet normal 0 -1 0
    outer loop
      vertex -11.4227 -100 -17.5323
      vertex -11.5223 -100 -17.0317
      vertex -18.6677 -100 -0.196583
    endloop
  endfacet
  facet normal 0 -1 0
    outer loop
      vertex -11.5223 -100 -17.0317
      vertex -11.5999 -100 -16.5272
      vertex -18.6677 -100 -0.196583
    endloop
  endfacet
  facet normal 0 -1 0
    outer loop
      vertex -18.6677 -100 -0.196583
      vertex -11.5999 -100 -16.5272
      vertex -11.6555 -100 -16.0197
    endloop
  endfacet
  facet normal 0 -1 0
    outer loop
      vertex -10.378 -100 -9.59754
      vertex -10.1325 -100 -9.15
      vertex -18.6677 -100 -0.196583
    endloop
  endfacet
  facet normal 0 -1 0
    outer loop
      vertex -10.1325 -100 -9.15
      vertex -9.86768 -100 -8.71359
      vertex -18.6677 -100 -0.196583
    endloop
  endfacet
  facet normal 0 -1 0
    outer loop
      vertex -18.6677 -100 -0.196583
      vertex -9.86768 -100 -8.71359
      vertex -9.58408 -100 -8.28916
    endloop
  endfacet
  facet normal 0 -1 0
    outer loop
      vertex 9.28223 -100 -7.87749
      vertex 9.58408 -100 -8.28916
      vertex 18.6677 -100 -0.196583
    endloop
  endfacet
  facet normal 0 -1 0
    outer loop
      vertex 9.58408 -100 -8.28916
      vertex 9.86768 -100 -8.71359
      vertex 18.6677 -100 -0.196583
    endloop
  endfacet
  facet normal 0 -1 0
    outer loop
      vertex 18.6677 -100 -0.196583
      vertex 9.86768 -100 -8.71359
      vertex 10.1325 -100 -9.15
    endloop
  endfacet
  facet normal 0 -1 0
    outer loop
      vertex 11.7 -100 -15
      vertex 11.6889 -100 -15.5103
      vertex 18.6677 -100 -0.196583
    endloop
  endfacet
  facet normal 0 -1 0
    outer loop
      vertex 11.6889 -100 -15.5103
      vertex 11.6555 -100 -16.0197
      vertex 18.6677 -100 -0.196583
    endloop
  endfacet
  facet normal 0 -1 0
    outer loop
      vertex 17.0893 -100 -30.0047
      vertex 10.378 -100 -20.4025
      vertex 10.1325 -100 -20.85
    endloop
  endfacet
  facet normal 0 -1 0
    outer loop
      vertex -1.01972 -100 -26.6555
      vertex -1.52716 -100 -26.5999
      vertex -3.03125 -100 -30.0047
    endloop
  endfacet
  facet normal 0 -1 0
    outer loop
      vertex -1.52716 -100 -26.5999
      vertex -2.03168 -100 -26.5223
      vertex -3.03125 -100 -30.0047
    endloop
  endfacet
  facet normal 0 -1 0
    outer loop
      vertex -3.03125 -100 -30.0047
      vertex -2.03168 -100 -26.5223
      vertex -5.95446 -100 -30.0047
    endloop
  endfacet
  facet normal 0 -1 0
    outer loop
      vertex -2.03168 -100 -26.5223
      vertex -2.53234 -100 -26.4227
      vertex -5.95446 -100 -30.0047
    endloop
  endfacet
  facet normal 0 -1 0
    outer loop
      vertex -5.95446 -100 -30.0047
      vertex -2.53234 -100 -26.4227
      vertex -3.02818 -100 -26.3013
    endloop
  endfacet
  facet normal 0 -1 0
    outer loop
      vertex -11.6555 -100 -13.9803
      vertex -11.5999 -100 -13.4728
      vertex -18.6677 -100 -0.196583
    endloop
  endfacet
  facet normal 0 -1 0
    outer loop
      vertex -11.5999 -100 -13.4728
      vertex -11.5223 -100 -12.9683
      vertex -18.6677 -100 -0.196583
    endloop
  endfacet
  facet normal 0 -1 0
    outer loop
      vertex -18.6677 -100 -0.196583
      vertex -11.5223 -100 -12.9683
      vertex -11.4227 -100 -12.4677
    endloop
  endfacet
  facet normal 0 -1 0
    outer loop
      vertex -9.58408 -100 -8.28916
      vertex -9.28223 -100 -7.87749
      vertex -18.6677 -100 -0.196583
    endloop
  endfacet
  facet normal 0 -1 0
    outer loop
      vertex -9.28223 -100 -7.87749
      vertex -8.96272 -100 -7.47939
      vertex -18.6677 -100 -0.196583
    endloop
  endfacet
  facet normal 0 -1 0
    outer loop
      vertex -18.6677 -100 -0.196583
      vertex -8.96272 -100 -7.47939
      vertex -8.62614 -100 -7.09559
    endloop
  endfacet
  facet normal 0 -1 0
    outer loop
      vertex 11.6555 -100 -16.0197
      vertex 11.5999 -100 -16.5272
      vertex 18.6677 -100 -0.196583
    endloop
  endfacet
  facet normal 0 -1 0
    outer loop
      vertex 11.5999 -100 -16.5272
      vertex 11.5223 -100 -17.0317
      vertex 18.6677 -100 -0.196583
    endloop
  endfacet
  facet normal 0 -1 0
    outer loop
      vertex 18.6677 -100 -0.196583
      vertex 11.5223 -100 -17.0317
      vertex 11.4227 -100 -17.5323
    endloop
  endfacet
  facet normal 0 -1 0
    outer loop
      vertex 11.3013 -100 -18.0282
      vertex 11.1585 -100 -18.5183
      vertex 18.6677 -100 -0.196583
    endloop
  endfacet
  facet normal 0 -1 0
    outer loop
      vertex 11.1585 -100 -18.5183
      vertex 10.9944 -100 -19.0016
      vertex 18.6677 -100 -0.196583
    endloop
  endfacet
  facet normal 0 -1 0
    outer loop
      vertex 18.6677 -100 -0.196583
      vertex 10.9944 -100 -19.0016
      vertex 10.8094 -100 -19.4774
    endloop
  endfacet
  facet normal 0 -1 0
    outer loop
      vertex 5.40246 -100 -25.378
      vertex 4.94463 -100 -25.6038
      vertex 5.95446 -100 -30.0047
    endloop
  endfacet
  facet normal 0 -1 0
    outer loop
      vertex -3.51826 -100 -26.1585
      vertex -4.00164 -100 -25.9944
      vertex -5.95446 -100 -30.0047
    endloop
  endfacet
  facet normal 0 -1 0
    outer loop
      vertex -4.00164 -100 -25.9944
      vertex -4.4774 -100 -25.8094
      vertex -5.95446 -100 -30.0047
    endloop
  endfacet
  facet normal 0 -1 0
    outer loop
      vertex -5.95446 -100 -30.0047
      vertex -4.4774 -100 -25.8094
      vertex -4.94463 -100 -25.6038
    endloop
  endfacet
  facet normal 0 -1 0
    outer loop
      vertex -10.8094 -100 -19.4774
      vertex -10.9944 -100 -19.0016
      vertex -18.6677 -100 -0.196583
    endloop
  endfacet
  facet normal 0 -1 0
    outer loop
      vertex -10.9944 -100 -19.0016
      vertex -11.1585 -100 -18.5183
      vertex -18.6677 -100 -0.196583
    endloop
  endfacet
  facet normal 0 -1 0
    outer loop
      vertex -18.6677 -100 -0.196583
      vertex -11.1585 -100 -18.5183
      vertex -11.3013 -100 -18.0282
    endloop
  endfacet
  facet normal 0 -1 0
    outer loop
      vertex -11.6889 -100 -15.5103
      vertex -11.7 -100 -15
      vertex -18.6677 -100 -0.196583
    endloop
  endfacet
  facet normal 0 -1 0
    outer loop
      vertex -11.7 -100 -15
      vertex -11.6889 -100 -14.4897
      vertex -18.6677 -100 -0.196583
    endloop
  endfacet
  facet normal 0 -1 0
    outer loop
      vertex -18.6677 -100 -0.196583
      vertex -11.6889 -100 -14.4897
      vertex -11.6555 -100 -13.9803
    endloop
  endfacet
  facet normal 0 -1 0
    outer loop
      vertex 6.71084 -100 -5.41592
      vertex 7.12251 -100 -5.71777
      vertex 20.4372 -100 33.2218
    endloop
  endfacet
  facet normal 0 -1 0
    outer loop
      vertex 7.12251 -100 -5.71777
      vertex 7.52062 -100 -6.03728
      vertex 20.4372 -100 33.2218
    endloop
  endfacet
  facet normal 0 -1 0
    outer loop
      vertex 20.4372 -100 33.2218
      vertex 7.52062 -100 -6.03728
      vertex 18.6677 -100 -0.196583
    endloop
  endfacet
  facet normal 0 -1 0
    outer loop
      vertex 7.52062 -100 -6.03728
      vertex 7.90441 -100 -6.37386
      vertex 18.6677 -100 -0.196583
    endloop
  endfacet
  facet normal 0 -1 0
    outer loop
      vertex 18.6677 -100 -0.196583
      vertex 7.90441 -100 -6.37386
      vertex 8.27315 -100 -6.72685
    endloop
  endfacet
  facet normal 0 -1 0
    outer loop
      vertex 10.1325 -100 -9.15
      vertex 10.378 -100 -9.59754
      vertex 18.6677 -100 -0.196583
    endloop
  endfacet
  facet normal 0 -1 0
    outer loop
      vertex 10.378 -100 -9.59754
      vertex 10.6038 -100 -10.0554
      vertex 18.6677 -100 -0.196583
    endloop
  endfacet
  facet normal 0 -1 0
    outer loop
      vertex 18.6677 -100 -0.196583
      vertex 10.6038 -100 -10.0554
      vertex 10.8094 -100 -10.5226
    endloop
  endfacet
  facet normal 0 -1 0
    outer loop
      vertex 10.8094 -100 -10.5226
      vertex 10.9944 -100 -10.9984
      vertex 18.6677 -100 -0.196583
    endloop
  endfacet
  facet normal 0 -1 0
    outer loop
      vertex 10.9944 -100 -10.9984
      vertex 11.1585 -100 -11.4817
      vertex 18.6677 -100 -0.196583
    endloop
  endfacet
  facet normal 0 -1 0
    outer loop
      vertex 18.6677 -100 -0.196583
      vertex 11.1585 -100 -11.4817
      vertex 11.3013 -100 -11.9718
    endloop
  endfacet
  facet normal 0 -1 0
    outer loop
      vertex 11.5999 -100 -13.4728
      vertex 11.6555 -100 -13.9803
      vertex 18.6677 -100 -0.196583
    endloop
  endfacet
  facet normal 0 -1 0
    outer loop
      vertex 11.6555 -100 -13.9803
      vertex 11.6889 -100 -14.4897
      vertex 18.6677 -100 -0.196583
    endloop
  endfacet
  facet normal 0 -1 0
    outer loop
      vertex 18.6677 -100 -0.196583
      vertex 11.6889 -100 -14.4897
      vertex 11.7 -100 -15
    endloop
  endfacet
  facet normal 0 -1 0
    outer loop
      vertex 28.0654 -100 12.2378
      vertex 18.6677 -100 -0.196583
      vertex 18.4788 -100 -3.76351
    endloop
  endfacet
  facet normal 0 -1 0
    outer loop
      vertex 18.6677 -100 -0.196583
      vertex 10.8094 -100 -19.4774
      vertex 18.4788 -100 -3.76351
    endloop
  endfacet
  facet normal 0 -1 0
    outer loop
      vertex 18.4788 -100 -3.76351
      vertex 10.8094 -100 -19.4774
      vertex 17.0893 -100 -30.0047
    endloop
  endfacet
  facet normal 0 -1 0
    outer loop
      vertex 10.8094 -100 -19.4774
      vertex 10.6038 -100 -19.9446
      vertex 17.0893 -100 -30.0047
    endloop
  endfacet
  facet normal 0 -1 0
    outer loop
      vertex 17.0893 -100 -30.0047
      vertex 10.6038 -100 -19.9446
      vertex 10.378 -100 -20.4025
    endloop
  endfacet
  facet normal 0 -1 0
    outer loop
      vertex 10.1325 -100 -20.85
      vertex 9.86768 -100 -21.2864
      vertex 17.0893 -100 -30.0047
    endloop
  endfacet
  facet normal 0 -1 0
    outer loop
      vertex 9.86768 -100 -21.2864
      vertex 9.58408 -100 -21.7108
      vertex 17.0893 -100 -30.0047
    endloop
  endfacet
  facet normal 0 -1 0
    outer loop
      vertex 17.0893 -100 -30.0047
      vertex 9.58408 -100 -21.7108
      vertex 9.28223 -100 -22.1225
    endloop
  endfacet
  facet normal 0 -1 0
    outer loop
      vertex 9.28223 -100 -22.1225
      vertex 8.96272 -100 -22.5206
      vertex 17.0893 -100 -30.0047
    endloop
  endfacet
  facet normal 0 -1 0
    outer loop
      vertex 8.96272 -100 -22.5206
      vertex 8.62614 -100 -22.9044
      vertex 17.0893 -100 -30.0047
    endloop
  endfacet
  facet normal 0 -1 0
    outer loop
      vertex 17.0893 -100 -30.0047
      vertex 8.62614 -100 -22.9044
      vertex 8.27315 -100 -23.2731
    endloop
  endfacet
  facet normal 0 -1 0
    outer loop
      vertex 20.8302 -100 40.6602
      vertex 16.5414 -100 54.2623
      vertex 15.972 -100 54.9718
    endloop
  endfacet
  facet normal 0 -1 0
    outer loop
      vertex 11.3013 -100 -11.9718
      vertex 11.4227 -100 -12.4677
      vertex 18.6677 -100 -0.196583
    endloop
  endfacet
  facet normal 0 -1 0
    outer loop
      vertex 11.4227 -100 -12.4677
      vertex 11.5223 -100 -12.9683
      vertex 18.6677 -100 -0.196583
    endloop
  endfacet
  facet normal 0 -1 0
    outer loop
      vertex 18.6677 -100 -0.196583
      vertex 11.5223 -100 -12.9683
      vertex 11.5999 -100 -13.4728
    endloop
  endfacet
  facet normal 0 -1 0
    outer loop
      vertex 8.27315 -100 -23.2731
      vertex 7.90441 -100 -23.6261
      vertex 17.0893 -100 -30.0047
    endloop
  endfacet
  facet normal 0 -1 0
    outer loop
      vertex 7.90441 -100 -23.6261
      vertex 7.52062 -100 -23.9627
      vertex 17.0893 -100 -30.0047
    endloop
  endfacet
  facet normal 0 -1 0
    outer loop
      vertex 17.0893 -100 -30.0047
      vertex 7.52062 -100 -23.9627
      vertex 7.12251 -100 -24.2822
    endloop
  endfacet
  facet normal 0 -1 0
    outer loop
      vertex 7.12251 -100 -24.2822
      vertex 6.71084 -100 -24.5841
      vertex 17.0893 -100 -30.0047
    endloop
  endfacet
  facet normal 0 -1 0
    outer loop
      vertex 6.71084 -100 -24.5841
      vertex 6.28641 -100 -24.8677
      vertex 17.0893 -100 -30.0047
    endloop
  endfacet
  facet normal 0 -1 0
    outer loop
      vertex 17.0893 -100 -30.0047
      vertex 6.28641 -100 -24.8677
      vertex 5.95446 -100 -30.0047
    endloop
  endfacet
  facet normal 0 -1 0
    outer loop
      vertex 6.28641 -100 -24.8677
      vertex 5.85 -100 -25.1325
      vertex 5.95446 -100 -30.0047
    endloop
  endfacet
  facet normal 0 -1 0
    outer loop
      vertex 5.95446 -100 -30.0047
      vertex 5.85 -100 -25.1325
      vertex 5.40246 -100 -25.378
    endloop
  endfacet
  facet normal 0 -1 0
    outer loop
      vertex 3.51826 -100 -26.1585
      vertex 3.02818 -100 -26.3013
      vertex 5.95446 -100 -30.0047
    endloop
  endfacet
  facet normal 0 -1 0
    outer loop
      vertex 3.02818 -100 -26.3013
      vertex 2.53234 -100 -26.4227
      vertex 5.95446 -100 -30.0047
    endloop
  endfacet
  facet normal 0 -1 0
    outer loop
      vertex 5.95446 -100 -30.0047
      vertex 2.53234 -100 -26.4227
      vertex 2.96875 -100 -30.0047
    endloop
  endfacet
  facet normal 0 -1 0
    outer loop
      vertex 2.53234 -100 -26.4227
      vertex 2.03168 -100 -26.5223
      vertex 2.96875 -100 -30.0047
    endloop
  endfacet
  facet normal 0 -1 0
    outer loop
      vertex 2.96875 -100 -30.0047
      vertex 2.03168 -100 -26.5223
      vertex 1.52716 -100 -26.5999
    endloop
  endfacet
  facet normal 0 -1 0
    outer loop
      vertex 18.4942 -100 51.1971
      vertex 18.0566 -100 51.9947
      vertex 20.1396 -100 46.966
    endloop
  endfacet
  facet normal 0 -1 0
    outer loop
      vertex 15.972 -100 54.9718
      vertex 15.3722 -100 55.6557
      vertex 20.8302 -100 40.6602
    endloop
  endfacet
  facet normal 0 -1 0
    outer loop
      vertex 15.3722 -100 55.6557
      vertex 14.7432 -100 56.3128
      vertex 20.8302 -100 40.6602
    endloop
  endfacet
  facet normal 0 -1 0
    outer loop
      vertex 20.8302 -100 40.6602
      vertex 14.7432 -100 56.3128
      vertex 14.0861 -100 56.9419
    endloop
  endfacet
  facet normal 0 -1 0
    outer loop
      vertex -14.0861 -100 56.9419
      vertex -20.8302 -100 40.6602
      vertex -13.4021 -100 57.5417
    endloop
  endfacet
  facet normal 0 -1 0
    outer loop
      vertex -20.8302 -100 40.6602
      vertex -20.8208 -100 40.4672
      vertex -13.4021 -100 57.5417
    endloop
  endfacet
  facet normal 0 -1 0
    outer loop
      vertex -13.4021 -100 57.5417
      vertex -20.8208 -100 40.4672
      vertex -20.6079 -100 36.4467
    endloop
  endfacet
  facet normal 0 -1 0
    outer loop
      vertex -14.0861 -100 56.9419
      vertex -14.7432 -100 56.3128
      vertex -20.8302 -100 40.6602
    endloop
  endfacet
  facet normal 0 -1 0
    outer loop
      vertex -14.7432 -100 56.3128
      vertex -15.3722 -100 55.6557
      vertex -20.8302 -100 40.6602
    endloop
  endfacet
  facet normal 0 -1 0
    outer loop
      vertex -20.8302 -100 40.6602
      vertex -15.3722 -100 55.6557
      vertex -15.972 -100 54.9718
    endloop
  endfacet
  facet normal 0 -1 0
    outer loop
      vertex -15.972 -100 54.9718
      vertex -16.5414 -100 54.2623
      vertex -20.8302 -100 40.6602
    endloop
  endfacet
  facet normal 0 -1 0
    outer loop
      vertex -16.5414 -100 54.2623
      vertex -17.0793 -100 53.5287
      vertex -20.8302 -100 40.6602
    endloop
  endfacet
  facet normal 0 -1 0
    outer loop
      vertex -20.8302 -100 40.6602
      vertex -17.0793 -100 53.5287
      vertex -17.5847 -100 52.7724
    endloop
  endfacet
  facet normal 0 -1 0
    outer loop
      vertex -17.5847 -100 52.7724
      vertex -18.0566 -100 51.9947
      vertex -20.8302 -100 40.6602
    endloop
  endfacet
  facet normal 0 -1 0
    outer loop
      vertex -18.0566 -100 51.9947
      vertex -18.4942 -100 51.1971
      vertex -20.8302 -100 40.6602
    endloop
  endfacet
  facet normal 0 -1 0
    outer loop
      vertex -20.8302 -100 40.6602
      vertex -18.4942 -100 51.1971
      vertex -18.8965 -100 50.3813
    endloop
  endfacet
  facet normal 0 -1 0
    outer loop
      vertex -9.58408 -100 -21.7108
      vertex -17.0893 -100 -30.0047
      vertex -9.28223 -100 -22.1225
    endloop
  endfacet
  facet normal 0 -1 0
    outer loop
      vertex -17.0893 -100 -30.0047
      vertex -8.96272 -100 -22.5206
      vertex -9.28223 -100 -22.1225
    endloop
  endfacet
  facet normal 0 -1 0
    outer loop
      vertex -9.58408 -100 -21.7108
      vertex -9.86768 -100 -21.2864
      vertex -17.0893 -100 -30.0047
    endloop
  endfacet
  facet normal 0 -1 0
    outer loop
      vertex -9.86768 -100 -21.2864
      vertex -10.1325 -100 -20.85
      vertex -17.0893 -100 -30.0047
    endloop
  endfacet
  facet normal 0 -1 0
    outer loop
      vertex -17.0893 -100 -30.0047
      vertex -10.1325 -100 -20.85
      vertex -10.378 -100 -20.4025
    endloop
  endfacet
  facet normal 0 -1 0
    outer loop
      vertex -7.12251 -100 -5.71777
      vertex -6.71084 -100 -5.41592
      vertex -20.4372 -100 33.2218
    endloop
  endfacet
  facet normal 0 -1 0
    outer loop
      vertex -6.71084 -100 -5.41592
      vertex -6.28641 -100 -5.13232
      vertex -20.4372 -100 33.2218
    endloop
  endfacet
  facet normal 0 -1 0
    outer loop
      vertex 4.00164 -100 -4.0056
      vertex 4.4774 -100 -4.19061
      vertex 20.4372 -100 33.2218
    endloop
  endfacet
  facet normal 0 -1 0
    outer loop
      vertex 4.4774 -100 -4.19061
      vertex 4.94463 -100 -4.3962
      vertex 20.4372 -100 33.2218
    endloop
  endfacet
  facet normal 0 -1 0
    outer loop
      vertex 20.4372 -100 33.2218
      vertex 4.94463 -100 -4.3962
      vertex 5.40246 -100 -4.62197
    endloop
  endfacet
  facet normal 0 -1 0
    outer loop
      vertex 4.94463 -100 -25.6038
      vertex 4.4774 -100 -25.8094
      vertex 5.95446 -100 -30.0047
    endloop
  endfacet
  facet normal 0 -1 0
    outer loop
      vertex 4.4774 -100 -25.8094
      vertex 4.00164 -100 -25.9944
      vertex 5.95446 -100 -30.0047
    endloop
  endfacet
  facet normal 0 -1 0
    outer loop
      vertex 5.95446 -100 -30.0047
      vertex 4.00164 -100 -25.9944
      vertex 3.51826 -100 -26.1585
    endloop
  endfacet
  facet normal 0 -1 0
    outer loop
      vertex 16.5414 -100 54.2623
      vertex 20.8302 -100 40.6602
      vertex 17.0793 -100 53.5287
    endloop
  endfacet
  facet normal 0 -1 0
    outer loop
      vertex 20.8302 -100 40.6602
      vertex 20.85 -100 41.5697
      vertex 17.0793 -100 53.5287
    endloop
  endfacet
  facet normal 0 -1 0
    outer loop
      vertex 17.0793 -100 53.5287
      vertex 20.85 -100 41.5697
      vertex 20.8302 -100 42.4791
    endloop
  endfacet
  facet normal 0 -1 0
    outer loop
      vertex 19.885 -100 47.8394
      vertex 19.5926 -100 48.7008
      vertex 19.2629 -100 49.5486
    endloop
  endfacet
  facet normal 0 -1 0
    outer loop
      vertex 20.5332 -100 45.1902
      vertex 20.3558 -100 46.0824
      vertex 17.0793 -100 53.5287
    endloop
  endfacet
  facet normal 0 -1 0
    outer loop
      vertex 20.3558 -100 46.0824
      vertex 20.1396 -100 46.966
      vertex 17.0793 -100 53.5287
    endloop
  endfacet
  facet normal 0 -1 0
    outer loop
      vertex 17.0793 -100 53.5287
      vertex 20.1396 -100 46.966
      vertex 17.5847 -100 52.7724
    endloop
  endfacet
  facet normal 0 -1 0
    outer loop
      vertex 20.1396 -100 46.966
      vertex 18.0566 -100 51.9947
      vertex 17.5847 -100 52.7724
    endloop
  endfacet
  facet normal 0 -1 0
    outer loop
      vertex -19.2629 -100 49.5486
      vertex -19.5926 -100 48.7008
      vertex -19.885 -100 47.8394
    endloop
  endfacet
  facet normal 0 -1 0
    outer loop
      vertex -4.94463 -100 -25.6038
      vertex -5.40246 -100 -25.378
      vertex -5.95446 -100 -30.0047
    endloop
  endfacet
  facet normal 0 -1 0
    outer loop
      vertex -5.40246 -100 -25.378
      vertex -5.85 -100 -25.1325
      vertex -5.95446 -100 -30.0047
    endloop
  endfacet
  facet normal 0 -1 0
    outer loop
      vertex -5.95446 -100 -30.0047
      vertex -5.85 -100 -25.1325
      vertex -17.0893 -100 -30.0047
    endloop
  endfacet
  facet normal 0 -1 0
    outer loop
      vertex -5.85 -100 -25.1325
      vertex -6.28641 -100 -24.8677
      vertex -17.0893 -100 -30.0047
    endloop
  endfacet
  facet normal 0 -1 0
    outer loop
      vertex -17.0893 -100 -30.0047
      vertex -6.28641 -100 -24.8677
      vertex -6.71084 -100 -24.5841
    endloop
  endfacet
  facet normal 0 -1 0
    outer loop
      vertex -6.71084 -100 -24.5841
      vertex -7.12251 -100 -24.2822
      vertex -17.0893 -100 -30.0047
    endloop
  endfacet
  facet normal 0 -1 0
    outer loop
      vertex -7.12251 -100 -24.2822
      vertex -7.52062 -100 -23.9627
      vertex -17.0893 -100 -30.0047
    endloop
  endfacet
  facet normal 0 -1 0
    outer loop
      vertex -17.0893 -100 -30.0047
      vertex -7.52062 -100 -23.9627
      vertex -7.90441 -100 -23.6261
    endloop
  endfacet
  facet normal 0 -1 0
    outer loop
      vertex -7.90441 -100 -23.6261
      vertex -8.27315 -100 -23.2731
      vertex -17.0893 -100 -30.0047
    endloop
  endfacet
  facet normal 0 -1 0
    outer loop
      vertex -8.27315 -100 -23.2731
      vertex -8.62614 -100 -22.9044
      vertex -17.0893 -100 -30.0047
    endloop
  endfacet
  facet normal 0 -1 0
    outer loop
      vertex -17.0893 -100 -30.0047
      vertex -8.62614 -100 -22.9044
      vertex -8.96272 -100 -22.5206
    endloop
  endfacet
  facet normal 0 -1 0
    outer loop
      vertex -8.62614 -100 -7.09559
      vertex -8.27315 -100 -6.72685
      vertex -18.6677 -100 -0.196583
    endloop
  endfacet
  facet normal 0 -1 0
    outer loop
      vertex -8.27315 -100 -6.72685
      vertex -7.90441 -100 -6.37386
      vertex -18.6677 -100 -0.196583
    endloop
  endfacet
  facet normal 0 -1 0
    outer loop
      vertex -18.6677 -100 -0.196583
      vertex -7.90441 -100 -6.37386
      vertex -20.4372 -100 33.2218
    endloop
  endfacet
  facet normal 0 -1 0
    outer loop
      vertex -7.90441 -100 -6.37386
      vertex -7.52062 -100 -6.03728
      vertex -20.4372 -100 33.2218
    endloop
  endfacet
  facet normal 0 -1 0
    outer loop
      vertex -20.4372 -100 33.2218
      vertex -7.52062 -100 -6.03728
      vertex -7.12251 -100 -5.71777
    endloop
  endfacet
  facet normal 0 -1 0
    outer loop
      vertex -6.28641 -100 -5.13232
      vertex -5.85 -100 -4.8675
      vertex -20.4372 -100 33.2218
    endloop
  endfacet
  facet normal 0 -1 0
    outer loop
      vertex -5.85 -100 -4.8675
      vertex -5.40246 -100 -4.62197
      vertex -20.4372 -100 33.2218
    endloop
  endfacet
  facet normal 0 -1 0
    outer loop
      vertex -20.4372 -100 33.2218
      vertex -5.40246 -100 -4.62197
      vertex -4.94463 -100 -4.3962
    endloop
  endfacet
  facet normal 0 -1 0
    outer loop
      vertex -4.94463 -100 -4.3962
      vertex -4.4774 -100 -4.19061
      vertex -20.4372 -100 33.2218
    endloop
  endfacet
  facet normal 0 -1 0
    outer loop
      vertex -4.4774 -100 -4.19061
      vertex -4.00164 -100 -4.0056
      vertex -20.4372 -100 33.2218
    endloop
  endfacet
  facet normal 0 -1 0
    outer loop
      vertex -20.4372 -100 33.2218
      vertex -4.00164 -100 -4.0056
      vertex -3.51826 -100 -3.84151
    endloop
  endfacet
  facet normal 0 -1 0
    outer loop
      vertex -10.378 -100 -20.4025
      vertex -10.6038 -100 -19.9446
      vertex -17.0893 -100 -30.0047
    endloop
  endfacet
  facet normal 0 -1 0
    outer loop
      vertex -10.6038 -100 -19.9446
      vertex -10.8094 -100 -19.4774
      vertex -17.0893 -100 -30.0047
    endloop
  endfacet
  facet normal 0 -1 0
    outer loop
      vertex -17.0893 -100 -30.0047
      vertex -10.8094 -100 -19.4774
      vertex -18.4788 -100 -3.76351
    endloop
  endfacet
  facet normal 0 -1 0
    outer loop
      vertex -10.8094 -100 -19.4774
      vertex -18.6677 -100 -0.196583
      vertex -18.4788 -100 -3.76351
    endloop
  endfacet
  facet normal 0 -1 0
    outer loop
      vertex -18.4788 -100 -3.76351
      vertex -18.6677 -100 -0.196583
      vertex -30.0654 -100 11.567
    endloop
  endfacet
  facet normal 0 -1 0
    outer loop
      vertex -18.6677 -100 -0.196583
      vertex -28.0654 -100 12.2378
      vertex -30.0654 -100 11.567
    endloop
  endfacet
  facet normal 0 -1 0
    outer loop
      vertex -30.0654 -100 11.567
      vertex -28.0654 -100 12.2378
      vertex -30.0654 -100 23.057
    endloop
  endfacet
  facet normal 0 -1 0
    outer loop
      vertex -28.0654 -100 12.2378
      vertex -28.0654 -100 22.4219
      vertex -30.0654 -100 23.057
    endloop
  endfacet
  facet normal 0 -1 0
    outer loop
      vertex -30.0654 -100 23.057
      vertex -28.0654 -100 22.4219
      vertex -20.6079 -100 36.4467
    endloop
  endfacet
  facet normal 0 -1 0
    outer loop
      vertex -28.0654 -100 22.4219
      vertex -20.4372 -100 33.2218
      vertex -20.6079 -100 36.4467
    endloop
  endfacet
  facet normal 0 -1 0
    outer loop
      vertex -20.6079 -100 36.4467
      vertex -20.4372 -100 33.2218
      vertex -13.4021 -100 57.5417
    endloop
  endfacet
  facet normal 0 -1 0
    outer loop
      vertex -20.4372 -100 33.2218
      vertex -3.51826 -100 -3.84151
      vertex -13.4021 -100 57.5417
    endloop
  endfacet
  facet normal 0 -1 0
    outer loop
      vertex 5.40246 -100 -4.62197
      vertex 5.85 -100 -4.8675
      vertex 20.4372 -100 33.2218
    endloop
  endfacet
  facet normal 0 -1 0
    outer loop
      vertex 5.85 -100 -4.8675
      vertex 6.28641 -100 -5.13232
      vertex 20.4372 -100 33.2218
    endloop
  endfacet
  facet normal 0 -1 0
    outer loop
      vertex 20.4372 -100 33.2218
      vertex 6.28641 -100 -5.13232
      vertex 6.71084 -100 -5.41592
    endloop
  endfacet
  facet normal 0 -1 0
    outer loop
      vertex 20.8302 -100 42.4791
      vertex 20.7707 -100 43.3869
      vertex 17.0793 -100 53.5287
    endloop
  endfacet
  facet normal 0 -1 0
    outer loop
      vertex 20.7707 -100 43.3869
      vertex 20.6716 -100 44.2911
      vertex 17.0793 -100 53.5287
    endloop
  endfacet
  facet normal 0 -1 0
    outer loop
      vertex 17.0793 -100 53.5287
      vertex 20.6716 -100 44.2911
      vertex 20.5332 -100 45.1902
    endloop
  endfacet
  facet normal 0 -1 0
    outer loop
      vertex -19.2629 -100 49.5486
      vertex -19.885 -100 47.8394
      vertex -18.8965 -100 50.3813
    endloop
  endfacet
  facet normal 0 -1 0
    outer loop
      vertex -19.885 -100 47.8394
      vertex -20.1396 -100 46.966
      vertex -18.8965 -100 50.3813
    endloop
  endfacet
  facet normal 0 -1 0
    outer loop
      vertex -18.8965 -100 50.3813
      vertex -20.1396 -100 46.966
      vertex -20.3558 -100 46.0824
    endloop
  endfacet
  facet normal 0 -1 0
    outer loop
      vertex -20.3558 -100 46.0824
      vertex -20.5332 -100 45.1902
      vertex -18.8965 -100 50.3813
    endloop
  endfacet
  facet normal 0 -1 0
    outer loop
      vertex -20.5332 -100 45.1902
      vertex -20.6716 -100 44.2911
      vertex -18.8965 -100 50.3813
    endloop
  endfacet
  facet normal 0 -1 0
    outer loop
      vertex -18.8965 -100 50.3813
      vertex -20.6716 -100 44.2911
      vertex -20.7707 -100 43.3869
    endloop
  endfacet
  facet normal 0 -1 0
    outer loop
      vertex -20.7707 -100 43.3869
      vertex -20.8302 -100 42.4791
      vertex -18.8965 -100 50.3813
    endloop
  endfacet
  facet normal 0 -1 0
    outer loop
      vertex -20.8302 -100 42.4791
      vertex -20.85 -100 41.5697
      vertex -18.8965 -100 50.3813
    endloop
  endfacet
  facet normal 0 -1 0
    outer loop
      vertex -18.8965 -100 50.3813
      vertex -20.85 -100 41.5697
      vertex -20.8302 -100 40.6602
    endloop
  endfacet
  facet normal 0 -1 0
    outer loop
      vertex -1.01972 -100 -3.34452
      vertex -6.26972 -100 61.4547
      vertex -7.13112 -100 61.1623
    endloop
  endfacet
  facet normal 0 -1 0
    outer loop
      vertex -6.26972 -100 61.4547
      vertex -1.01972 -100 -3.34452
      vertex -5.39638 -100 61.7092
    endloop
  endfacet
  facet normal 0 -1 0
    outer loop
      vertex -1.01972 -100 -3.34452
      vertex -0.510347 -100 -3.31114
      vertex -5.39638 -100 61.7092
    endloop
  endfacet
  facet normal 0 -1 0
    outer loop
      vertex -5.39638 -100 61.7092
      vertex -0.510347 -100 -3.31114
      vertex -4.51277 -100 61.9254
    endloop
  endfacet
  facet normal 0 -1 0
    outer loop
      vertex 1.43284e-15 -100 -3.3
      vertex -2.72147 -100 62.2413
      vertex -0.510347 -100 -3.31114
    endloop
  endfacet
  facet normal 0 -1 0
    outer loop
      vertex -2.72147 -100 62.2413
      vertex -3.62056 -100 62.1029
      vertex -0.510347 -100 -3.31114
    endloop
  endfacet
  facet normal 0 -1 0
    outer loop
      vertex -0.510347 -100 -3.31114
      vertex -3.62056 -100 62.1029
      vertex -4.51277 -100 61.9254
    endloop
  endfacet
  facet normal 0 -1 0
    outer loop
      vertex 0.510347 -100 -3.31114
      vertex 3.62056 -100 62.1029
      vertex 1.43284e-15 -100 -3.3
    endloop
  endfacet
  facet normal 0 -1 0
    outer loop
      vertex 3.62056 -100 62.1029
      vertex 2.72147 -100 62.2413
      vertex 1.43284e-15 -100 -3.3
    endloop
  endfacet
  facet normal 0 -1 0
    outer loop
      vertex 13.4021 -100 57.5417
      vertex 2.53234 -100 -3.57734
      vertex 3.02818 -100 -3.69867
    endloop
  endfacet
  facet normal 0 -1 0
    outer loop
      vertex 19.885 -100 47.8394
      vertex 19.2629 -100 49.5486
      vertex 20.1396 -100 46.966
    endloop
  endfacet
  facet normal 0 -1 0
    outer loop
      vertex 19.2629 -100 49.5486
      vertex 18.8965 -100 50.3813
      vertex 20.1396 -100 46.966
    endloop
  endfacet
  facet normal 0 -1 0
    outer loop
      vertex 20.1396 -100 46.966
      vertex 18.8965 -100 50.3813
      vertex 18.4942 -100 51.1971
    endloop
  endfacet
  facet normal 0 -1 0
    outer loop
      vertex -3.51826 -100 -3.84151
      vertex -3.02818 -100 -3.69867
      vertex -13.4021 -100 57.5417
    endloop
  endfacet
  facet normal 0 -1 0
    outer loop
      vertex -3.02818 -100 -3.69867
      vertex -2.53234 -100 -3.57734
      vertex -13.4021 -100 57.5417
    endloop
  endfacet
  facet normal 0 -1 0
    outer loop
      vertex -13.4021 -100 57.5417
      vertex -2.53234 -100 -3.57734
      vertex -12.6927 -100 58.1111
    endloop
  endfacet
  facet normal 0 -1 0
    outer loop
      vertex -2.53234 -100 -3.57734
      vertex -2.03168 -100 -3.47775
      vertex -12.6927 -100 58.1111
    endloop
  endfacet
  facet normal 0 -1 0
    outer loop
      vertex -12.6927 -100 58.1111
      vertex -2.03168 -100 -3.47775
      vertex -11.9591 -100 58.649
    endloop
  endfacet
  facet normal 0 -1 0
    outer loop
      vertex -2.03168 -100 -3.47775
      vertex -1.52716 -100 -3.4001
      vertex -11.9591 -100 58.649
    endloop
  endfacet
  facet normal 0 -1 0
    outer loop
      vertex -11.9591 -100 58.649
      vertex -1.52716 -100 -3.4001
      vertex -11.2027 -100 59.1544
    endloop
  endfacet
  facet normal 0 -1 0
    outer loop
      vertex -1.52716 -100 -3.4001
      vertex -10.425 -100 59.6263
      vertex -11.2027 -100 59.1544
    endloop
  endfacet
  facet normal 0 -1 0
    outer loop
      vertex -7.13112 -100 61.1623
      vertex -7.97895 -100 60.8326
      vertex -1.01972 -100 -3.34452
    endloop
  endfacet
  facet normal 0 -1 0
    outer loop
      vertex -7.97895 -100 60.8326
      vertex -8.81159 -100 60.4662
      vertex -1.01972 -100 -3.34452
    endloop
  endfacet
  facet normal 0 -1 0
    outer loop
      vertex -1.01972 -100 -3.34452
      vertex -8.81159 -100 60.4662
      vertex -1.52716 -100 -3.4001
    endloop
  endfacet
  facet normal 0 -1 0
    outer loop
      vertex -8.81159 -100 60.4662
      vertex -9.62746 -100 60.0638
      vertex -1.52716 -100 -3.4001
    endloop
  endfacet
  facet normal 0 -1 0
    outer loop
      vertex -1.52716 -100 -3.4001
      vertex -9.62746 -100 60.0638
      vertex -10.425 -100 59.6263
    endloop
  endfacet
  facet normal 0 -1 0
    outer loop
      vertex 2.55339e-15 -100 62.4197
      vertex -0.909464 -100 62.3998
      vertex 1.43284e-15 -100 -3.3
    endloop
  endfacet
  facet normal 0 -1 0
    outer loop
      vertex -0.909464 -100 62.3998
      vertex -1.8172 -100 62.3403
      vertex 1.43284e-15 -100 -3.3
    endloop
  endfacet
  facet normal 0 -1 0
    outer loop
      vertex 1.43284e-15 -100 -3.3
      vertex -1.8172 -100 62.3403
      vertex -2.72147 -100 62.2413
    endloop
  endfacet
  facet normal 0 -1 0
    outer loop
      vertex 2.72147 -100 62.2413
      vertex 1.8172 -100 62.3403
      vertex 1.43284e-15 -100 -3.3
    endloop
  endfacet
  facet normal 0 -1 0
    outer loop
      vertex 1.8172 -100 62.3403
      vertex 0.909464 -100 62.3998
      vertex 1.43284e-15 -100 -3.3
    endloop
  endfacet
  facet normal 0 -1 0
    outer loop
      vertex 1.43284e-15 -100 -3.3
      vertex 0.909464 -100 62.3998
      vertex 2.55339e-15 -100 62.4197
    endloop
  endfacet
  facet normal 0 -1 0
    outer loop
      vertex 1.01972 -100 -3.34452
      vertex 5.39638 -100 61.7092
      vertex 0.510347 -100 -3.31114
    endloop
  endfacet
  facet normal 0 -1 0
    outer loop
      vertex 5.39638 -100 61.7092
      vertex 4.51277 -100 61.9254
      vertex 0.510347 -100 -3.31114
    endloop
  endfacet
  facet normal 0 -1 0
    outer loop
      vertex 0.510347 -100 -3.31114
      vertex 4.51277 -100 61.9254
      vertex 3.62056 -100 62.1029
    endloop
  endfacet
  facet normal 0 -1 0
    outer loop
      vertex 7.97895 -100 60.8326
      vertex 7.13112 -100 61.1623
      vertex 1.01972 -100 -3.34452
    endloop
  endfacet
  facet normal 0 -1 0
    outer loop
      vertex 7.13112 -100 61.1623
      vertex 6.26972 -100 61.4547
      vertex 1.01972 -100 -3.34452
    endloop
  endfacet
  facet normal 0 -1 0
    outer loop
      vertex 1.01972 -100 -3.34452
      vertex 6.26972 -100 61.4547
      vertex 5.39638 -100 61.7092
    endloop
  endfacet
  facet normal 0 -1 0
    outer loop
      vertex 11.2027 -100 59.1544
      vertex 10.425 -100 59.6263
      vertex 1.52716 -100 -3.4001
    endloop
  endfacet
  facet normal 0 -1 0
    outer loop
      vertex 10.425 -100 59.6263
      vertex 9.62746 -100 60.0638
      vertex 1.52716 -100 -3.4001
    endloop
  endfacet
  facet normal 0 -1 0
    outer loop
      vertex 1.52716 -100 -3.4001
      vertex 9.62746 -100 60.0638
      vertex 1.01972 -100 -3.34452
    endloop
  endfacet
  facet normal 0 -1 0
    outer loop
      vertex 9.62746 -100 60.0638
      vertex 8.81159 -100 60.4662
      vertex 1.01972 -100 -3.34452
    endloop
  endfacet
  facet normal 0 -1 0
    outer loop
      vertex 1.01972 -100 -3.34452
      vertex 8.81159 -100 60.4662
      vertex 7.97895 -100 60.8326
    endloop
  endfacet
  facet normal 0 -1 0
    outer loop
      vertex 13.4021 -100 57.5417
      vertex 3.02818 -100 -3.69867
      vertex 20.4372 -100 33.2218
    endloop
  endfacet
  facet normal 0 -1 0
    outer loop
      vertex 3.02818 -100 -3.69867
      vertex 3.51826 -100 -3.84151
      vertex 20.4372 -100 33.2218
    endloop
  endfacet
  facet normal 0 -1 0
    outer loop
      vertex 20.4372 -100 33.2218
      vertex 3.51826 -100 -3.84151
      vertex 4.00164 -100 -4.0056
    endloop
  endfacet
  facet normal 0 -1 0
    outer loop
      vertex 2.53234 -100 -3.57734
      vertex 13.4021 -100 57.5417
      vertex 2.03168 -100 -3.47775
    endloop
  endfacet
  facet normal 0 -1 0
    outer loop
      vertex 13.4021 -100 57.5417
      vertex 12.6927 -100 58.1111
      vertex 2.03168 -100 -3.47775
    endloop
  endfacet
  facet normal 0 -1 0
    outer loop
      vertex 2.03168 -100 -3.47775
      vertex 12.6927 -100 58.1111
      vertex 1.52716 -100 -3.4001
    endloop
  endfacet
  facet normal 0 -1 0
    outer loop
      vertex 12.6927 -100 58.1111
      vertex 11.9591 -100 58.649
      vertex 1.52716 -100 -3.4001
    endloop
  endfacet
  facet normal 0 -1 0
    outer loop
      vertex 1.52716 -100 -3.4001
      vertex 11.9591 -100 58.649
      vertex 11.2027 -100 59.1544
    endloop
  endfacet
  facet normal -0.8168 0 0.576922
    outer loop
      vertex -30.0654 -74.7318 23.057
      vertex -30.0654 -100 23.057
      vertex -20.6079 -74.7318 36.4467
    endloop
  endfacet
  facet normal -0.8168 0 0.576922
    outer loop
      vertex -30.0654 -100 23.057
      vertex -20.6079 -100 36.4467
      vertex -20.6079 -74.7318 36.4467
    endloop
  endfacet
  facet normal 0.8168 0 -0.576922
    outer loop
      vertex -20.4372 -100 33.2218
      vertex -28.0654 -100 22.4219
      vertex -20.4372 -74.7318 33.2218
    endloop
  endfacet
  facet normal 0.8168 0 -0.576922
    outer loop
      vertex -28.0654 -100 22.4219
      vertex -28.0654 -74.7318 22.4219
      vertex -20.4372 -74.7318 33.2218
    endloop
  endfacet
  facet normal 0 0 1
    outer loop
      vertex 19.2076 -74.7318 10
      vertex 19.2076 -40.3 10
      vertex -19.2076 -74.7318 10
    endloop
  endfacet
  facet normal 0 0 1
    outer loop
      vertex 19.2076 -40.3 10
      vertex 11.7 -40.3 10
      vertex -19.2076 -74.7318 10
    endloop
  endfacet
  facet normal 0 0 1
    outer loop
      vertex -19.2076 -40.3 10
      vertex -19.2076 -74.7318 10
      vertex -11.7 -40.3 10
    endloop
  endfacet
  facet normal 0 0 1
    outer loop
      vertex -19.2076 -74.7318 10
      vertex 11.7 -40.3 10
      vertex -11.7 -40.3 10
    endloop
  endfacet
  facet normal 0 0 1
    outer loop
      vertex -11.7 -40.3 10
      vertex 11.7 -40.3 10
      vertex -11.7 100 10
    endloop
  endfacet
  facet normal 0 0 1
    outer loop
      vertex 11.7 -40.3 10
      vertex 11.7 100 10
      vertex -11.7 100 10
    endloop
  endfacet
  facet normal -0.998601 0 -0.0528761
    outer loop
      vertex -20.4372 -100 33.2218
      vertex -20.4372 -74.7318 33.2218
      vertex -18.6677 -100 -0.196583
    endloop
  endfacet
  facet normal -0.998601 2.01897e-8 -0.0528761
    outer loop
      vertex -20.4372 -74.7318 33.2218
      vertex -19.2076 -74.7318 10
      vertex -18.6677 -100 -0.196583
    endloop
  endfacet
  facet normal -0.998601 0 -0.052876
    outer loop
      vertex -18.6677 -100 -0.196583
      vertex -19.2076 -74.7318 10
      vertex -18.6677 -74.7318 -0.196583
    endloop
  endfacet
  facet normal -0.998601 0 -0.052876
    outer loop
      vertex -19.2076 -74.7318 10
      vertex -19.2076 -40.3 10
      vertex -18.6677 -74.7318 -0.196583
    endloop
  endfacet
  facet normal -0.998601 1.11949e-7 -0.0528764
    outer loop
      vertex -18.6677 -74.7318 -0.196583
      vertex -19.2076 -40.3 10
      vertex -18.4788 -74.7318 -3.76351
    endloop
  endfacet
  facet normal -0.998601 -2.3327e-8 -0.0528761
    outer loop
      vertex -19.2076 -40.3 10
      vertex -17.0893 -40.3 -30.0047
      vertex -18.4788 -74.7318 -3.76351
    endloop
  endfacet
  facet normal -0.998601 0 -0.052876
    outer loop
      vertex -18.4788 -74.7318 -3.76351
      vertex -17.0893 -40.3 -30.0047
      vertex -18.4788 -100 -3.76351
    endloop
  endfacet
  facet normal -0.998601 0 -0.052876
    outer loop
      vertex -17.0893 -40.3 -30.0047
      vertex -17.0893 -100 -30.0047
      vertex -18.4788 -100 -3.76351
    endloop
  endfacet
  facet normal 0 0 -1
    outer loop
      vertex -17.0893 -40.3 -30.0047
      vertex -5.74907 -40.3 -30.0047
      vertex -5.75622 -40.3059 -30.0047
    endloop
  endfacet
  facet normal 0 0 -1
    outer loop
      vertex -7.37917 -98.6021 -30.0047
      vertex -6.88635 -99.1273 -30.0047
      vertex -17.0893 -100 -30.0047
    endloop
  endfacet
  facet normal 0 0 -1
    outer loop
      vertex -6.88635 -99.1273 -30.0047
      vertex -6.41178 -99.5908 -30.0047
      vertex -17.0893 -100 -30.0047
    endloop
  endfacet
  facet normal 0 0 -1
    outer loop
      vertex -17.0893 -100 -30.0047
      vertex -6.41178 -99.5908 -30.0047
      vertex -5.95446 -100 -30.0047
    endloop
  endfacet
  facet normal 0 0 -1
    outer loop
      vertex -5.75622 -40.3059 -30.0047
      vertex -6.20622 -40.6931 -30.0047
      vertex -17.0893 -40.3 -30.0047
    endloop
  endfacet
  facet normal 0 0 -1
    outer loop
      vertex -6.20622 -40.6931 -30.0047
      vertex -6.67298 -41.1315 -30.0047
      vertex -17.0893 -40.3 -30.0047
    endloop
  endfacet
  facet normal 0 0 -1
    outer loop
      vertex -17.0893 -40.3 -30.0047
      vertex -6.67298 -41.1315 -30.0047
      vertex -7.15757 -41.6283 -30.0047
    endloop
  endfacet
  facet normal 0 0 -1
    outer loop
      vertex -8.97359 -96.5628 -30.0047
      vertex -8.42251 -97.3305 -30.0047
      vertex -17.0893 -100 -30.0047
    endloop
  endfacet
  facet normal 0 0 -1
    outer loop
      vertex -8.42251 -97.3305 -30.0047
      vertex -7.89106 -98.0064 -30.0047
      vertex -17.0893 -100 -30.0047
    endloop
  endfacet
  facet normal 0 0 -1
    outer loop
      vertex -17.0893 -100 -30.0047
      vertex -7.89106 -98.0064 -30.0047
      vertex -7.37917 -98.6021 -30.0047
    endloop
  endfacet
  facet normal 0 0 -1
    outer loop
      vertex -7.15757 -41.6283 -30.0047
      vertex -7.66089 -42.1915 -30.0047
      vertex -17.0893 -40.3 -30.0047
    endloop
  endfacet
  facet normal 0 0 -1
    outer loop
      vertex -7.66089 -42.1915 -30.0047
      vertex -8.1836 -42.8304 -30.0047
      vertex -17.0893 -40.3 -30.0047
    endloop
  endfacet
  facet normal 0 0 -1
    outer loop
      vertex -17.0893 -40.3 -30.0047
      vertex -8.1836 -42.8304 -30.0047
      vertex -8.72597 -43.5557 -30.0047
    endloop
  endfacet
  facet normal 0 0 -1
    outer loop
      vertex -10.7339 -93.5749 -30.0047
      vertex -10.1313 -94.6999 -30.0047
      vertex -17.0893 -100 -30.0047
    endloop
  endfacet
  facet normal 0 0 -1
    outer loop
      vertex -10.1313 -94.6999 -30.0047
      vertex -9.54369 -95.6907 -30.0047
      vertex -17.0893 -100 -30.0047
    endloop
  endfacet
  facet normal 0 0 -1
    outer loop
      vertex -17.0893 -100 -30.0047
      vertex -9.54369 -95.6907 -30.0047
      vertex -8.97359 -96.5628 -30.0047
    endloop
  endfacet
  facet normal 0 0 -1
    outer loop
      vertex -8.72597 -43.5557 -30.0047
      vertex -9.28773 -44.3797 -30.0047
      vertex -17.0893 -40.3 -30.0047
    endloop
  endfacet
  facet normal 0 0 -1
    outer loop
      vertex -9.28773 -44.3797 -30.0047
      vertex -9.86783 -45.3158 -30.0047
      vertex -17.0893 -40.3 -30.0047
    endloop
  endfacet
  facet normal 0 0 -1
    outer loop
      vertex -17.0893 -40.3 -30.0047
      vertex -9.86783 -45.3158 -30.0047
      vertex -10.4642 -46.3791 -30.0047
    endloop
  endfacet
  facet normal 0 0 -1
    outer loop
      vertex -12.5782 -89.2303 -30.0047
      vertex -11.9647 -90.8563 -30.0047
      vertex -17.0893 -100 -30.0047
    endloop
  endfacet
  facet normal 0 0 -1
    outer loop
      vertex -11.9647 -90.8563 -30.0047
      vertex -11.3471 -92.2992 -30.0047
      vertex -17.0893 -100 -30.0047
    endloop
  endfacet
  facet normal 0 0 -1
    outer loop
      vertex -17.0893 -100 -30.0047
      vertex -11.3471 -92.2992 -30.0047
      vertex -10.7339 -93.5749 -30.0047
    endloop
  endfacet
  facet normal 0 0 -1
    outer loop
      vertex -10.4642 -46.3791 -30.0047
      vertex -11.0732 -47.5857 -30.0047
      vertex -17.0893 -40.3 -30.0047
    endloop
  endfacet
  facet normal 0 0 -1
    outer loop
      vertex -11.0732 -47.5857 -30.0047
      vertex -11.6898 -48.9522 -30.0047
      vertex -17.0893 -40.3 -30.0047
    endloop
  endfacet
  facet normal 0 0 -1
    outer loop
      vertex -17.0893 -40.3 -30.0047
      vertex -11.6898 -48.9522 -30.0047
      vertex -12.3064 -50.4949 -30.0047
    endloop
  endfacet
  facet normal 0 0 -1
    outer loop
      vertex -14.2683 -83.147 -30.0047
      vertex -13.7453 -85.3808 -30.0047
      vertex -17.0893 -100 -30.0047
    endloop
  endfacet
  facet normal 0 0 -1
    outer loop
      vertex -13.7453 -85.3808 -30.0047
      vertex -13.1764 -87.408 -30.0047
      vertex -17.0893 -100 -30.0047
    endloop
  endfacet
  facet normal 0 0 -1
    outer loop
      vertex -17.0893 -100 -30.0047
      vertex -13.1764 -87.408 -30.0047
      vertex -12.5782 -89.2303 -30.0047
    endloop
  endfacet
  facet normal 0 0 -1
    outer loop
      vertex -12.3064 -50.4949 -30.0047
      vertex -12.9129 -52.2284 -30.0047
      vertex -17.0893 -40.3 -30.0047
    endloop
  endfacet
  facet normal 0 0 -1
    outer loop
      vertex -12.9129 -52.2284 -30.0047
      vertex -13.4968 -54.1638 -30.0047
      vertex -17.0893 -40.3 -30.0047
    endloop
  endfacet
  facet normal 0 0 -1
    outer loop
      vertex -17.0893 -40.3 -30.0047
      vertex -13.4968 -54.1638 -30.0047
      vertex -14.0424 -56.306 -30.0047
    endloop
  endfacet
  facet normal 0 0 -1
    outer loop
      vertex -15.3767 -75.3479 -30.0047
      vertex -15.1023 -78.104 -30.0047
      vertex -17.0893 -100 -30.0047
    endloop
  endfacet
  facet normal 0 0 -1
    outer loop
      vertex -15.1023 -78.104 -30.0047
      vertex -14.7269 -80.7147 -30.0047
      vertex -17.0893 -100 -30.0047
    endloop
  endfacet
  facet normal 0 0 -1
    outer loop
      vertex -17.0893 -100 -30.0047
      vertex -14.7269 -80.7147 -30.0047
      vertex -14.2683 -83.147 -30.0047
    endloop
  endfacet
  facet normal 0 0 -1
    outer loop
      vertex -14.0424 -56.306 -30.0047
      vertex -14.532 -58.6517 -30.0047
      vertex -17.0893 -40.3 -30.0047
    endloop
  endfacet
  facet normal 0 0 -1
    outer loop
      vertex -14.532 -58.6517 -30.0047
      vertex -14.9467 -61.1863 -30.0047
      vertex -17.0893 -40.3 -30.0047
    endloop
  endfacet
  facet normal 0 0 -1
    outer loop
      vertex -17.0893 -40.3 -30.0047
      vertex -14.9467 -61.1863 -30.0047
      vertex -15.2681 -63.8826 -30.0047
    endloop
  endfacet
  facet normal 0 0 -1
    outer loop
      vertex -15.2681 -63.8826 -30.0047
      vertex -15.4799 -66.7006 -30.0047
      vertex -17.0893 -40.3 -30.0047
    endloop
  endfacet
  facet normal 0 0 -1
    outer loop
      vertex -15.4799 -66.7006 -30.0047
      vertex -15.5709 -69.5895 -30.0047
      vertex -17.0893 -40.3 -30.0047
    endloop
  endfacet
  facet normal 0 0 -1
    outer loop
      vertex -17.0893 -40.3 -30.0047
      vertex -15.5709 -69.5895 -30.0047
      vertex -17.0893 -100 -30.0047
    endloop
  endfacet
  facet normal 0 0 -1
    outer loop
      vertex -15.5709 -69.5895 -30.0047
      vertex -15.5358 -72.4916 -30.0047
      vertex -17.0893 -100 -30.0047
    endloop
  endfacet
  facet normal 0 0 -1
    outer loop
      vertex -17.0893 -100 -30.0047
      vertex -15.5358 -72.4916 -30.0047
      vertex -15.3767 -75.3479 -30.0047
    endloop
  endfacet
  facet normal 0 1 0
    outer loop
      vertex -1.8172 -44.7318 62.3403
      vertex -0.909464 -44.7318 62.3998
      vertex 0 -44.7318 41.5697
    endloop
  endfacet
  facet normal 0 1 0
    outer loop
      vertex -0.909464 -44.7318 62.3998
      vertex 7.66017e-15 -44.7318 62.4197
      vertex 0 -44.7318 41.5697
    endloop
  endfacet
  facet normal 0 1 0
    outer loop
      vertex 0 -44.7318 41.5697
      vertex 7.66017e-15 -44.7318 62.4197
      vertex 0.909464 -44.7318 62.3998
    endloop
  endfacet
  facet normal 0 1 0
    outer loop
      vertex -4.51277 -44.7318 61.9254
      vertex -3.62056 -44.7318 62.1029
      vertex 0 -44.7318 41.5697
    endloop
  endfacet
  facet normal 0 1 0
    outer loop
      vertex -3.62056 -44.7318 62.1029
      vertex -2.72147 -44.7318 62.2413
      vertex 0 -44.7318 41.5697
    endloop
  endfacet
  facet normal 0 1 0
    outer loop
      vertex 0 -44.7318 41.5697
      vertex -2.72147 -44.7318 62.2413
      vertex -1.8172 -44.7318 62.3403
    endloop
  endfacet
  facet normal 0 1 0
    outer loop
      vertex -7.13112 -44.7318 61.1623
      vertex -6.26972 -44.7318 61.4547
      vertex 0 -44.7318 41.5697
    endloop
  endfacet
  facet normal 0 1 0
    outer loop
      vertex -6.26972 -44.7318 61.4547
      vertex -5.39638 -44.7318 61.7092
      vertex 0 -44.7318 41.5697
    endloop
  endfacet
  facet normal 0 1 0
    outer loop
      vertex 0 -44.7318 41.5697
      vertex -5.39638 -44.7318 61.7092
      vertex -4.51277 -44.7318 61.9254
    endloop
  endfacet
  facet normal 0 1 0
    outer loop
      vertex -9.62746 -44.7318 60.0638
      vertex -8.81159 -44.7318 60.4662
      vertex 0 -44.7318 41.5697
    endloop
  endfacet
  facet normal 0 1 0
    outer loop
      vertex -8.81159 -44.7318 60.4662
      vertex -7.97895 -44.7318 60.8326
      vertex 0 -44.7318 41.5697
    endloop
  endfacet
  facet normal 0 1 0
    outer loop
      vertex 0 -44.7318 41.5697
      vertex -7.97895 -44.7318 60.8326
      vertex -7.13112 -44.7318 61.1623
    endloop
  endfacet
  facet normal 0 1 0
    outer loop
      vertex -11.9591 -44.7318 58.649
      vertex -11.2027 -44.7318 59.1544
      vertex 0 -44.7318 41.5697
    endloop
  endfacet
  facet normal 0 1 0
    outer loop
      vertex -11.2027 -44.7318 59.1544
      vertex -10.425 -44.7318 59.6263
      vertex 0 -44.7318 41.5697
    endloop
  endfacet
  facet normal 0 1 0
    outer loop
      vertex 0 -44.7318 41.5697
      vertex -10.425 -44.7318 59.6263
      vertex -9.62746 -44.7318 60.0638
    endloop
  endfacet
  facet normal 0 1 0
    outer loop
      vertex -14.0861 -44.7318 56.9419
      vertex -13.4021 -44.7318 57.5417
      vertex 0 -44.7318 41.5697
    endloop
  endfacet
  facet normal 0 1 0
    outer loop
      vertex -13.4021 -44.7318 57.5417
      vertex -12.6927 -44.7318 58.1111
      vertex 0 -44.7318 41.5697
    endloop
  endfacet
  facet normal 0 1 0
    outer loop
      vertex 0 -44.7318 41.5697
      vertex -12.6927 -44.7318 58.1111
      vertex -11.9591 -44.7318 58.649
    endloop
  endfacet
  facet normal 0 1 0
    outer loop
      vertex -15.972 -44.7318 54.9718
      vertex -15.3722 -44.7318 55.6557
      vertex 0 -44.7318 41.5697
    endloop
  endfacet
  facet normal 0 1 0
    outer loop
      vertex -15.3722 -44.7318 55.6557
      vertex -14.7432 -44.7318 56.3128
      vertex 0 -44.7318 41.5697
    endloop
  endfacet
  facet normal 0 1 0
    outer loop
      vertex 0 -44.7318 41.5697
      vertex -14.7432 -44.7318 56.3128
      vertex -14.0861 -44.7318 56.9419
    endloop
  endfacet
  facet normal 0 1 0
    outer loop
      vertex -17.5847 -44.7318 52.7724
      vertex -17.0793 -44.7318 53.5287
      vertex 0 -44.7318 41.5697
    endloop
  endfacet
  facet normal 0 1 0
    outer loop
      vertex -17.0793 -44.7318 53.5287
      vertex -16.5414 -44.7318 54.2623
      vertex 0 -44.7318 41.5697
    endloop
  endfacet
  facet normal 0 1 0
    outer loop
      vertex 0 -44.7318 41.5697
      vertex -16.5414 -44.7318 54.2623
      vertex -15.972 -44.7318 54.9718
    endloop
  endfacet
  facet normal 0 1 0
    outer loop
      vertex -18.8965 -44.7318 50.3813
      vertex -18.4942 -44.7318 51.1971
      vertex 0 -44.7318 41.5697
    endloop
  endfacet
  facet normal 0 1 0
    outer loop
      vertex -18.4942 -44.7318 51.1971
      vertex -18.0566 -44.7318 51.9947
      vertex 0 -44.7318 41.5697
    endloop
  endfacet
  facet normal 0 1 0
    outer loop
      vertex 0 -44.7318 41.5697
      vertex -18.0566 -44.7318 51.9947
      vertex -17.5847 -44.7318 52.7724
    endloop
  endfacet
  facet normal 0 1 0
    outer loop
      vertex -19.885 -44.7318 47.8394
      vertex -19.5926 -44.7318 48.7008
      vertex 0 -44.7318 41.5697
    endloop
  endfacet
  facet normal 0 1 0
    outer loop
      vertex -19.5926 -44.7318 48.7008
      vertex -19.2629 -44.7318 49.5486
      vertex 0 -44.7318 41.5697
    endloop
  endfacet
  facet normal 0 1 0
    outer loop
      vertex 0 -44.7318 41.5697
      vertex -19.2629 -44.7318 49.5486
      vertex -18.8965 -44.7318 50.3813
    endloop
  endfacet
  facet normal 0 1 0
    outer loop
      vertex -20.5332 -44.7318 45.1902
      vertex -20.3558 -44.7318 46.0824
      vertex 0 -44.7318 41.5697
    endloop
  endfacet
  facet normal 0 1 0
    outer loop
      vertex -20.3558 -44.7318 46.0824
      vertex -20.1396 -44.7318 46.966
      vertex 0 -44.7318 41.5697
    endloop
  endfacet
  facet normal 0 1 0
    outer loop
      vertex 0 -44.7318 41.5697
      vertex -20.1396 -44.7318 46.966
      vertex -19.885 -44.7318 47.8394
    endloop
  endfacet
  facet normal 0 1 0
    outer loop
      vertex -20.8302 -44.7318 42.4791
      vertex -20.7707 -44.7318 43.3869
      vertex 0 -44.7318 41.5697
    endloop
  endfacet
  facet normal 0 1 0
    outer loop
      vertex -20.7707 -44.7318 43.3869
      vertex -20.6716 -44.7318 44.2911
      vertex 0 -44.7318 41.5697
    endloop
  endfacet
  facet normal 0 1 0
    outer loop
      vertex 0 -44.7318 41.5697
      vertex -20.6716 -44.7318 44.2911
      vertex -20.5332 -44.7318 45.1902
    endloop
  endfacet
  facet normal 0 1 0
    outer loop
      vertex -20.7707 -44.7318 39.7525
      vertex -20.8302 -44.7318 40.6602
      vertex 0 -44.7318 41.5697
    endloop
  endfacet
  facet normal 0 1 0
    outer loop
      vertex -20.8302 -44.7318 40.6602
      vertex -20.85 -44.7318 41.5697
      vertex 0 -44.7318 41.5697
    endloop
  endfacet
  facet normal 0 1 0
    outer loop
      vertex 0 -44.7318 41.5697
      vertex -20.85 -44.7318 41.5697
      vertex -20.8302 -44.7318 42.4791
    endloop
  endfacet
  facet normal 0 1 0
    outer loop
      vertex -20.3558 -44.7318 37.0569
      vertex -20.5332 -44.7318 37.9491
      vertex 0 -44.7318 41.5697
    endloop
  endfacet
  facet normal 0 1 0
    outer loop
      vertex -20.5332 -44.7318 37.9491
      vertex -20.6716 -44.7318 38.8482
      vertex 0 -44.7318 41.5697
    endloop
  endfacet
  facet normal 0 1 0
    outer loop
      vertex 0 -44.7318 41.5697
      vertex -20.6716 -44.7318 38.8482
      vertex -20.7707 -44.7318 39.7525
    endloop
  endfacet
  facet normal 0 1 0
    outer loop
      vertex -19.5926 -44.7318 34.4385
      vertex -19.885 -44.7318 35.2999
      vertex 0 -44.7318 41.5697
    endloop
  endfacet
  facet normal 0 1 0
    outer loop
      vertex -19.885 -44.7318 35.2999
      vertex -20.1396 -44.7318 36.1733
      vertex 0 -44.7318 41.5697
    endloop
  endfacet
  facet normal 0 1 0
    outer loop
      vertex 0 -44.7318 41.5697
      vertex -20.1396 -44.7318 36.1733
      vertex -20.3558 -44.7318 37.0569
    endloop
  endfacet
  facet normal 0 1 0
    outer loop
      vertex -18.4942 -44.7318 31.9422
      vertex -18.8965 -44.7318 32.7581
      vertex 0 -44.7318 41.5697
    endloop
  endfacet
  facet normal 0 1 0
    outer loop
      vertex -18.8965 -44.7318 32.7581
      vertex -19.2629 -44.7318 33.5907
      vertex 0 -44.7318 41.5697
    endloop
  endfacet
  facet normal 0 1 0
    outer loop
      vertex 0 -44.7318 41.5697
      vertex -19.2629 -44.7318 33.5907
      vertex -19.5926 -44.7318 34.4385
    endloop
  endfacet
  facet normal 0 1 0
    outer loop
      vertex -17.0793 -44.7318 29.6106
      vertex -17.5847 -44.7318 30.367
      vertex 0 -44.7318 41.5697
    endloop
  endfacet
  facet normal 0 1 0
    outer loop
      vertex -17.5847 -44.7318 30.367
      vertex -18.0566 -44.7318 31.1447
      vertex 0 -44.7318 41.5697
    endloop
  endfacet
  facet normal 0 1 0
    outer loop
      vertex 0 -44.7318 41.5697
      vertex -18.0566 -44.7318 31.1447
      vertex -18.4942 -44.7318 31.9422
    endloop
  endfacet
  facet normal 0 1 0
    outer loop
      vertex -15.3722 -44.7318 27.4836
      vertex -15.972 -44.7318 28.1675
      vertex 0 -44.7318 41.5697
    endloop
  endfacet
  facet normal 0 1 0
    outer loop
      vertex -15.972 -44.7318 28.1675
      vertex -16.5414 -44.7318 28.877
      vertex 0 -44.7318 41.5697
    endloop
  endfacet
  facet normal 0 1 0
    outer loop
      vertex 0 -44.7318 41.5697
      vertex -16.5414 -44.7318 28.877
      vertex -17.0793 -44.7318 29.6106
    endloop
  endfacet
  facet normal 0 1 0
    outer loop
      vertex -13.4021 -44.7318 25.5976
      vertex -14.0861 -44.7318 26.1974
      vertex 0 -44.7318 41.5697
    endloop
  endfacet
  facet normal 0 1 0
    outer loop
      vertex -14.0861 -44.7318 26.1974
      vertex -14.7432 -44.7318 26.8265
      vertex 0 -44.7318 41.5697
    endloop
  endfacet
  facet normal 0 1 0
    outer loop
      vertex 0 -44.7318 41.5697
      vertex -14.7432 -44.7318 26.8265
      vertex -15.3722 -44.7318 27.4836
    endloop
  endfacet
  facet normal 0 1 0
    outer loop
      vertex -11.2027 -44.7318 23.985
      vertex -11.9591 -44.7318 24.4903
      vertex 0 -44.7318 41.5697
    endloop
  endfacet
  facet normal 0 1 0
    outer loop
      vertex -11.9591 -44.7318 24.4903
      vertex -12.6927 -44.7318 25.0282
      vertex 0 -44.7318 41.5697
    endloop
  endfacet
  facet normal 0 1 0
    outer loop
      vertex 0 -44.7318 41.5697
      vertex -12.6927 -44.7318 25.0282
      vertex -13.4021 -44.7318 25.5976
    endloop
  endfacet
  facet normal 0 1 0
    outer loop
      vertex -8.81159 -44.7318 22.6731
      vertex -9.62746 -44.7318 23.0755
      vertex 0 -44.7318 41.5697
    endloop
  endfacet
  facet normal 0 1 0
    outer loop
      vertex -9.62746 -44.7318 23.0755
      vertex -10.425 -44.7318 23.513
      vertex 0 -44.7318 41.5697
    endloop
  endfacet
  facet normal 0 1 0
    outer loop
      vertex 0 -44.7318 41.5697
      vertex -10.425 -44.7318 23.513
      vertex -11.2027 -44.7318 23.985
    endloop
  endfacet
  facet normal 0 1 0
    outer loop
      vertex -6.26972 -44.7318 21.6847
      vertex -7.13112 -44.7318 21.9771
      vertex 0 -44.7318 41.5697
    endloop
  endfacet
  facet normal 0 1 0
    outer loop
      vertex -7.13112 -44.7318 21.9771
      vertex -7.97895 -44.7318 22.3068
      vertex 0 -44.7318 41.5697
    endloop
  endfacet
  facet normal 0 1 0
    outer loop
      vertex 0 -44.7318 41.5697
      vertex -7.97895 -44.7318 22.3068
      vertex -8.81159 -44.7318 22.6731
    endloop
  endfacet
  facet normal 0 1 0
    outer loop
      vertex -3.62056 -44.7318 21.0364
      vertex -4.51277 -44.7318 21.2139
      vertex 0 -44.7318 41.5697
    endloop
  endfacet
  facet normal 0 1 0
    outer loop
      vertex -4.51277 -44.7318 21.2139
      vertex -5.39638 -44.7318 21.4301
      vertex 0 -44.7318 41.5697
    endloop
  endfacet
  facet normal 0 1 0
    outer loop
      vertex 0 -44.7318 41.5697
      vertex -5.39638 -44.7318 21.4301
      vertex -6.26972 -44.7318 21.6847
    endloop
  endfacet
  facet normal 0 1 0
    outer loop
      vertex -0.909464 -44.7318 20.7395
      vertex -1.8172 -44.7318 20.799
      vertex 0 -44.7318 41.5697
    endloop
  endfacet
  facet normal 0 1 0
    outer loop
      vertex -1.8172 -44.7318 20.799
      vertex -2.72147 -44.7318 20.898
      vertex 0 -44.7318 41.5697
    endloop
  endfacet
  facet normal 0 1 0
    outer loop
      vertex 0 -44.7318 41.5697
      vertex -2.72147 -44.7318 20.898
      vertex -3.62056 -44.7318 21.0364
    endloop
  endfacet
  facet normal 0 1 0
    outer loop
      vertex 1.8172 -44.7318 20.799
      vertex 0.909464 -44.7318 20.7395
      vertex 0 -44.7318 41.5697
    endloop
  endfacet
  facet normal 0 1 0
    outer loop
      vertex 0.909464 -44.7318 20.7395
      vertex 0 -44.7318 20.7197
      vertex 0 -44.7318 41.5697
    endloop
  endfacet
  facet normal 0 1 0
    outer loop
      vertex 0 -44.7318 41.5697
      vertex 0 -44.7318 20.7197
      vertex -0.909464 -44.7318 20.7395
    endloop
  endfacet
  facet normal 0 1 0
    outer loop
      vertex 4.51277 -44.7318 21.2139
      vertex 3.62056 -44.7318 21.0364
      vertex 0 -44.7318 41.5697
    endloop
  endfacet
  facet normal 0 1 0
    outer loop
      vertex 3.62056 -44.7318 21.0364
      vertex 2.72147 -44.7318 20.898
      vertex 0 -44.7318 41.5697
    endloop
  endfacet
  facet normal 0 1 0
    outer loop
      vertex 0 -44.7318 41.5697
      vertex 2.72147 -44.7318 20.898
      vertex 1.8172 -44.7318 20.799
    endloop
  endfacet
  facet normal 0 1 0
    outer loop
      vertex 7.13112 -44.7318 21.9771
      vertex 6.26972 -44.7318 21.6847
      vertex 0 -44.7318 41.5697
    endloop
  endfacet
  facet normal 0 1 0
    outer loop
      vertex 6.26972 -44.7318 21.6847
      vertex 5.39638 -44.7318 21.4301
      vertex 0 -44.7318 41.5697
    endloop
  endfacet
  facet normal 0 1 0
    outer loop
      vertex 0 -44.7318 41.5697
      vertex 5.39638 -44.7318 21.4301
      vertex 4.51277 -44.7318 21.2139
    endloop
  endfacet
  facet normal 0 1 0
    outer loop
      vertex 9.62746 -44.7318 23.0755
      vertex 8.81159 -44.7318 22.6731
      vertex 0 -44.7318 41.5697
    endloop
  endfacet
  facet normal 0 1 0
    outer loop
      vertex 8.81159 -44.7318 22.6731
      vertex 7.97895 -44.7318 22.3068
      vertex 0 -44.7318 41.5697
    endloop
  endfacet
  facet normal 0 1 0
    outer loop
      vertex 0 -44.7318 41.5697
      vertex 7.97895 -44.7318 22.3068
      vertex 7.13112 -44.7318 21.9771
    endloop
  endfacet
  facet normal 0 1 0
    outer loop
      vertex 11.9591 -44.7318 24.4903
      vertex 11.2027 -44.7318 23.985
      vertex 0 -44.7318 41.5697
    endloop
  endfacet
  facet normal 0 1 0
    outer loop
      vertex 11.2027 -44.7318 23.985
      vertex 10.425 -44.7318 23.513
      vertex 0 -44.7318 41.5697
    endloop
  endfacet
  facet normal 0 1 0
    outer loop
      vertex 0 -44.7318 41.5697
      vertex 10.425 -44.7318 23.513
      vertex 9.62746 -44.7318 23.0755
    endloop
  endfacet
  facet normal 0 1 0
    outer loop
      vertex 14.0861 -44.7318 26.1974
      vertex 13.4021 -44.7318 25.5976
      vertex 0 -44.7318 41.5697
    endloop
  endfacet
  facet normal 0 1 0
    outer loop
      vertex 13.4021 -44.7318 25.5976
      vertex 12.6927 -44.7318 25.0282
      vertex 0 -44.7318 41.5697
    endloop
  endfacet
  facet normal 0 1 0
    outer loop
      vertex 0 -44.7318 41.5697
      vertex 12.6927 -44.7318 25.0282
      vertex 11.9591 -44.7318 24.4903
    endloop
  endfacet
  facet normal 0 1 0
    outer loop
      vertex 15.972 -44.7318 28.1675
      vertex 15.3722 -44.7318 27.4836
      vertex 0 -44.7318 41.5697
    endloop
  endfacet
  facet normal 0 1 0
    outer loop
      vertex 15.3722 -44.7318 27.4836
      vertex 14.7432 -44.7318 26.8265
      vertex 0 -44.7318 41.5697
    endloop
  endfacet
  facet normal 0 1 0
    outer loop
      vertex 0 -44.7318 41.5697
      vertex 14.7432 -44.7318 26.8265
      vertex 14.0861 -44.7318 26.1974
    endloop
  endfacet
  facet normal 0 1 0
    outer loop
      vertex 17.5847 -44.7318 30.367
      vertex 17.0793 -44.7318 29.6106
      vertex 0 -44.7318 41.5697
    endloop
  endfacet
  facet normal 0 1 0
    outer loop
      vertex 17.0793 -44.7318 29.6106
      vertex 16.5414 -44.7318 28.877
      vertex 0 -44.7318 41.5697
    endloop
  endfacet
  facet normal 0 1 0
    outer loop
      vertex 0 -44.7318 41.5697
      vertex 16.5414 -44.7318 28.877
      vertex 15.972 -44.7318 28.1675
    endloop
  endfacet
  facet normal 0 1 0
    outer loop
      vertex 18.8965 -44.7318 32.7581
      vertex 18.4942 -44.7318 31.9422
      vertex 0 -44.7318 41.5697
    endloop
  endfacet
  facet normal 0 1 0
    outer loop
      vertex 18.4942 -44.7318 31.9422
      vertex 18.0566 -44.7318 31.1447
      vertex 0 -44.7318 41.5697
    endloop
  endfacet
  facet normal 0 1 0
    outer loop
      vertex 0 -44.7318 41.5697
      vertex 18.0566 -44.7318 31.1447
      vertex 17.5847 -44.7318 30.367
    endloop
  endfacet
  facet normal 0 1 0
    outer loop
      vertex 19.885 -44.7318 35.2999
      vertex 19.5926 -44.7318 34.4385
      vertex 0 -44.7318 41.5697
    endloop
  endfacet
  facet normal 0 1 0
    outer loop
      vertex 19.5926 -44.7318 34.4385
      vertex 19.2629 -44.7318 33.5907
      vertex 0 -44.7318 41.5697
    endloop
  endfacet
  facet normal 0 1 0
    outer loop
      vertex 0 -44.7318 41.5697
      vertex 19.2629 -44.7318 33.5907
      vertex 18.8965 -44.7318 32.7581
    endloop
  endfacet
  facet normal 0 1 0
    outer loop
      vertex 20.5332 -44.7318 37.9491
      vertex 20.3558 -44.7318 37.0569
      vertex 0 -44.7318 41.5697
    endloop
  endfacet
  facet normal 0 1 0
    outer loop
      vertex 20.3558 -44.7318 37.0569
      vertex 20.1396 -44.7318 36.1733
      vertex 0 -44.7318 41.5697
    endloop
  endfacet
  facet normal 0 1 0
    outer loop
      vertex 0 -44.7318 41.5697
      vertex 20.1396 -44.7318 36.1733
      vertex 19.885 -44.7318 35.2999
    endloop
  endfacet
  facet normal 0 1 0
    outer loop
      vertex 20.8302 -44.7318 40.6602
      vertex 20.7707 -44.7318 39.7525
      vertex 0 -44.7318 41.5697
    endloop
  endfacet
  facet normal 0 1 0
    outer loop
      vertex 20.7707 -44.7318 39.7525
      vertex 20.6716 -44.7318 38.8482
      vertex 0 -44.7318 41.5697
    endloop
  endfacet
  facet normal 0 1 0
    outer loop
      vertex 0 -44.7318 41.5697
      vertex 20.6716 -44.7318 38.8482
      vertex 20.5332 -44.7318 37.9491
    endloop
  endfacet
  facet normal 0 1 0
    outer loop
      vertex 20.7707 -44.7318 43.3869
      vertex 20.8302 -44.7318 42.4791
      vertex 0 -44.7318 41.5697
    endloop
  endfacet
  facet normal 0 1 0
    outer loop
      vertex 20.8302 -44.7318 42.4791
      vertex 20.85 -44.7318 41.5697
      vertex 0 -44.7318 41.5697
    endloop
  endfacet
  facet normal 0 1 0
    outer loop
      vertex 0 -44.7318 41.5697
      vertex 20.85 -44.7318 41.5697
      vertex 20.8302 -44.7318 40.6602
    endloop
  endfacet
  facet normal 0 1 0
    outer loop
      vertex 20.3558 -44.7318 46.0824
      vertex 20.5332 -44.7318 45.1902
      vertex 0 -44.7318 41.5697
    endloop
  endfacet
  facet normal 0 1 0
    outer loop
      vertex 20.5332 -44.7318 45.1902
      vertex 20.6716 -44.7318 44.2911
      vertex 0 -44.7318 41.5697
    endloop
  endfacet
  facet normal 0 1 0
    outer loop
      vertex 0 -44.7318 41.5697
      vertex 20.6716 -44.7318 44.2911
      vertex 20.7707 -44.7318 43.3869
    endloop
  endfacet
  facet normal 0 1 0
    outer loop
      vertex 19.5926 -44.7318 48.7008
      vertex 19.885 -44.7318 47.8394
      vertex 0 -44.7318 41.5697
    endloop
  endfacet
  facet normal 0 1 0
    outer loop
      vertex 19.885 -44.7318 47.8394
      vertex 20.1396 -44.7318 46.966
      vertex 0 -44.7318 41.5697
    endloop
  endfacet
  facet normal 0 1 0
    outer loop
      vertex 0 -44.7318 41.5697
      vertex 20.1396 -44.7318 46.966
      vertex 20.3558 -44.7318 46.0824
    endloop
  endfacet
  facet normal 0 1 0
    outer loop
      vertex 18.4942 -44.7318 51.1971
      vertex 18.8965 -44.7318 50.3813
      vertex 0 -44.7318 41.5697
    endloop
  endfacet
  facet normal 0 1 0
    outer loop
      vertex 18.8965 -44.7318 50.3813
      vertex 19.2629 -44.7318 49.5486
      vertex 0 -44.7318 41.5697
    endloop
  endfacet
  facet normal 0 1 0
    outer loop
      vertex 0 -44.7318 41.5697
      vertex 19.2629 -44.7318 49.5486
      vertex 19.5926 -44.7318 48.7008
    endloop
  endfacet
  facet normal 0 1 0
    outer loop
      vertex 17.0793 -44.7318 53.5287
      vertex 17.5847 -44.7318 52.7724
      vertex 0 -44.7318 41.5697
    endloop
  endfacet
  facet normal 0 1 0
    outer loop
      vertex 17.5847 -44.7318 52.7724
      vertex 18.0566 -44.7318 51.9947
      vertex 0 -44.7318 41.5697
    endloop
  endfacet
  facet normal 0 1 0
    outer loop
      vertex 0 -44.7318 41.5697
      vertex 18.0566 -44.7318 51.9947
      vertex 18.4942 -44.7318 51.1971
    endloop
  endfacet
  facet normal 0 1 0
    outer loop
      vertex 15.3722 -44.7318 55.6557
      vertex 15.972 -44.7318 54.9718
      vertex 0 -44.7318 41.5697
    endloop
  endfacet
  facet normal 0 1 0
    outer loop
      vertex 15.972 -44.7318 54.9718
      vertex 16.5414 -44.7318 54.2623
      vertex 0 -44.7318 41.5697
    endloop
  endfacet
  facet normal 0 1 0
    outer loop
      vertex 0 -44.7318 41.5697
      vertex 16.5414 -44.7318 54.2623
      vertex 17.0793 -44.7318 53.5287
    endloop
  endfacet
  facet normal 0 1 0
    outer loop
      vertex 13.4021 -44.7318 57.5417
      vertex 14.0861 -44.7318 56.9419
      vertex 0 -44.7318 41.5697
    endloop
  endfacet
  facet normal 0 1 0
    outer loop
      vertex 14.0861 -44.7318 56.9419
      vertex 14.7432 -44.7318 56.3128
      vertex 0 -44.7318 41.5697
    endloop
  endfacet
  facet normal 0 1 0
    outer loop
      vertex 0 -44.7318 41.5697
      vertex 14.7432 -44.7318 56.3128
      vertex 15.3722 -44.7318 55.6557
    endloop
  endfacet
  facet normal 0 1 0
    outer loop
      vertex 11.2027 -44.7318 59.1544
      vertex 11.9591 -44.7318 58.649
      vertex 0 -44.7318 41.5697
    endloop
  endfacet
  facet normal 0 1 0
    outer loop
      vertex 11.9591 -44.7318 58.649
      vertex 12.6927 -44.7318 58.1111
      vertex 0 -44.7318 41.5697
    endloop
  endfacet
  facet normal 0 1 0
    outer loop
      vertex 0 -44.7318 41.5697
      vertex 12.6927 -44.7318 58.1111
      vertex 13.4021 -44.7318 57.5417
    endloop
  endfacet
  facet normal 0 1 0
    outer loop
      vertex 8.81159 -44.7318 60.4662
      vertex 9.62746 -44.7318 60.0638
      vertex 0 -44.7318 41.5697
    endloop
  endfacet
  facet normal 0 1 0
    outer loop
      vertex 9.62746 -44.7318 60.0638
      vertex 10.425 -44.7318 59.6263
      vertex 0 -44.7318 41.5697
    endloop
  endfacet
  facet normal 0 1 0
    outer loop
      vertex 0 -44.7318 41.5697
      vertex 10.425 -44.7318 59.6263
      vertex 11.2027 -44.7318 59.1544
    endloop
  endfacet
  facet normal 0 1 0
    outer loop
      vertex 6.26972 -44.7318 61.4547
      vertex 7.13112 -44.7318 61.1623
      vertex 0 -44.7318 41.5697
    endloop
  endfacet
  facet normal 0 1 0
    outer loop
      vertex 7.13112 -44.7318 61.1623
      vertex 7.97895 -44.7318 60.8326
      vertex 0 -44.7318 41.5697
    endloop
  endfacet
  facet normal 0 1 0
    outer loop
      vertex 0 -44.7318 41.5697
      vertex 7.97895 -44.7318 60.8326
      vertex 8.81159 -44.7318 60.4662
    endloop
  endfacet
  facet normal 0 1 0
    outer loop
      vertex 3.62056 -44.7318 62.1029
      vertex 4.51277 -44.7318 61.9254
      vertex 0 -44.7318 41.5697
    endloop
  endfacet
  facet normal 0 1 0
    outer loop
      vertex 4.51277 -44.7318 61.9254
      vertex 5.39638 -44.7318 61.7092
      vertex 0 -44.7318 41.5697
    endloop
  endfacet
  facet normal 0 1 0
    outer loop
      vertex 0 -44.7318 41.5697
      vertex 5.39638 -44.7318 61.7092
      vertex 6.26972 -44.7318 61.4547
    endloop
  endfacet
  facet normal 0 1 0
    outer loop
      vertex 0.909464 -44.7318 62.3998
      vertex 1.8172 -44.7318 62.3403
      vertex 0 -44.7318 41.5697
    endloop
  endfacet
  facet normal 0 1 0
    outer loop
      vertex 1.8172 -44.7318 62.3403
      vertex 2.72147 -44.7318 62.2413
      vertex 0 -44.7318 41.5697
    endloop
  endfacet
  facet normal 0 1 0
    outer loop
      vertex 0 -44.7318 41.5697
      vertex 2.72147 -44.7318 62.2413
      vertex 3.62056 -44.7318 62.1029
    endloop
  endfacet
  facet normal 0.993374 0 0.114928
    outer loop
      vertex 14.8599 100 -12.9544
      vertex 14.8599 -40.3 -12.9544
      vertex 14.9344 -40.3 -13.5985
    endloop
  endfacet
  facet normal 0.993374 0 0.114928
    outer loop
      vertex 14.8599 100 -12.9544
      vertex 14.9344 -40.3 -13.5985
      vertex 14.9344 100 -13.5985
    endloop
  endfacet
  facet normal 0.997412 0 0.0718913
    outer loop
      vertex 14.9344 -40.3 -13.5985
      vertex 14.981 -40.3 -14.2452
      vertex 14.9344 100 -13.5985
    endloop
  endfacet
  facet normal 0.997412 0 0.0718913
    outer loop
      vertex 14.9344 100 -13.5985
      vertex 14.981 -40.3 -14.2452
      vertex 14.981 100 -14.2452
    endloop
  endfacet
  facet normal 0.999588 0 0.0287195
    outer loop
      vertex 14.981 -40.3 -14.2452
      vertex 14.9996 -40.3 -14.8934
      vertex 14.981 100 -14.2452
    endloop
  endfacet
  facet normal 0.999588 0 0.0287195
    outer loop
      vertex 14.981 100 -14.2452
      vertex 14.9996 -40.3 -14.8934
      vertex 14.9996 100 -14.8934
    endloop
  endfacet
  facet normal 0.999895 0 -0.0145069
    outer loop
      vertex 14.9996 -40.3 -14.8934
      vertex 14.9902 -40.3 -15.5417
      vertex 14.9996 100 -14.8934
    endloop
  endfacet
  facet normal 0.999895 0 -0.0145069
    outer loop
      vertex 14.9996 100 -14.8934
      vertex 14.9902 -40.3 -15.5417
      vertex 14.9902 100 -15.5417
    endloop
  endfacet
  facet normal 0.998334 0 -0.0577061
    outer loop
      vertex 14.9902 -40.3 -15.5417
      vertex 14.9528 -40.3 -16.189
      vertex 14.9902 100 -15.5417
    endloop
  endfacet
  facet normal 0.998334 0 -0.0577061
    outer loop
      vertex 14.9902 100 -15.5417
      vertex 14.9528 -40.3 -16.189
      vertex 14.9528 100 -16.189
    endloop
  endfacet
  facet normal 0.994907 0 -0.100796
    outer loop
      vertex 14.9528 -40.3 -16.189
      vertex 14.8874 -40.3 -16.8341
      vertex 14.9528 100 -16.189
    endloop
  endfacet
  facet normal 0.994907 0 -0.100796
    outer loop
      vertex 14.9528 100 -16.189
      vertex 14.8874 -40.3 -16.8341
      vertex 14.8874 100 -16.8341
    endloop
  endfacet
  facet normal 0.989621 0 -0.143699
    outer loop
      vertex 14.8874 -40.3 -16.8341
      vertex 14.7943 -40.3 -17.4758
      vertex 14.8874 100 -16.8341
    endloop
  endfacet
  facet normal 0.989621 0 -0.143699
    outer loop
      vertex 14.8874 100 -16.8341
      vertex 14.7943 -40.3 -17.4758
      vertex 14.7943 100 -17.4758
    endloop
  endfacet
  facet normal 0.982487 0 -0.186333
    outer loop
      vertex 14.7943 -40.3 -17.4758
      vertex 14.6734 -40.3 -18.1129
      vertex 14.7943 100 -17.4758
    endloop
  endfacet
  facet normal 0.982487 0 -0.186333
    outer loop
      vertex 14.7943 100 -17.4758
      vertex 14.6734 -40.3 -18.1129
      vertex 14.6734 100 -18.1129
    endloop
  endfacet
  facet normal 0.973516 0 -0.228619
    outer loop
      vertex 14.6734 -40.3 -18.1129
      vertex 14.5252 -40.3 -18.7441
      vertex 14.6734 100 -18.1129
    endloop
  endfacet
  facet normal 0.973516 0 -0.228619
    outer loop
      vertex 14.6734 100 -18.1129
      vertex 14.5252 -40.3 -18.7441
      vertex 14.5252 100 -18.7441
    endloop
  endfacet
  facet normal 0.962726 0 -0.270478
    outer loop
      vertex 14.5252 -40.3 -18.7441
      vertex 14.3498 -40.3 -19.3683
      vertex 14.5252 100 -18.7441
    endloop
  endfacet
  facet normal 0.962726 0 -0.270478
    outer loop
      vertex 14.5252 100 -18.7441
      vertex 14.3498 -40.3 -19.3683
      vertex 14.3498 100 -19.3683
    endloop
  endfacet
  facet normal 0.950138 0 -0.31183
    outer loop
      vertex 14.3498 -40.3 -19.3683
      vertex 14.1476 -40.3 -19.9844
      vertex 14.3498 100 -19.3683
    endloop
  endfacet
  facet normal 0.950138 0 -0.31183
    outer loop
      vertex 14.3498 100 -19.3683
      vertex 14.1476 -40.3 -19.9844
      vertex 14.1476 100 -19.9844
    endloop
  endfacet
  facet normal 0.935774 0 -0.352601
    outer loop
      vertex 14.1476 -40.3 -19.9844
      vertex 13.919 -40.3 -20.5912
      vertex 14.1476 100 -19.9844
    endloop
  endfacet
  facet normal 0.935774 0 -0.352601
    outer loop
      vertex 14.1476 100 -19.9844
      vertex 13.919 -40.3 -20.5912
      vertex 13.919 100 -20.5912
    endloop
  endfacet
  facet normal 0.919661 0 -0.392713
    outer loop
      vertex 13.919 -40.3 -20.5912
      vertex 13.6644 -40.3 -21.1875
      vertex 13.919 100 -20.5912
    endloop
  endfacet
  facet normal 0.919661 0 -0.392713
    outer loop
      vertex 13.919 100 -20.5912
      vertex 13.6644 -40.3 -21.1875
      vertex 13.6644 100 -21.1875
    endloop
  endfacet
  facet normal 0.90183 0 -0.432091
    outer loop
      vertex 13.6644 -40.3 -21.1875
      vertex 13.3842 -40.3 -21.7722
      vertex 13.6644 100 -21.1875
    endloop
  endfacet
  facet normal 0.90183 0 -0.432091
    outer loop
      vertex 13.6644 100 -21.1875
      vertex 13.3842 -40.3 -21.7722
      vertex 13.3842 100 -21.7722
    endloop
  endfacet
  facet normal 0.882314 0 -0.470662
    outer loop
      vertex 13.3842 -40.3 -21.7722
      vertex 13.079 -40.3 -22.3443
      vertex 13.3842 100 -21.7722
    endloop
  endfacet
  facet normal 0.882314 0 -0.470662
    outer loop
      vertex 13.3842 100 -21.7722
      vertex 13.079 -40.3 -22.3443
      vertex 13.079 100 -22.3443
    endloop
  endfacet
  facet normal 0.861149 0 -0.508352
    outer loop
      vertex 13.079 -40.3 -22.3443
      vertex 12.7494 -40.3 -22.9027
      vertex 13.079 100 -22.3443
    endloop
  endfacet
  facet normal 0.861149 0 -0.508352
    outer loop
      vertex 13.079 100 -22.3443
      vertex 12.7494 -40.3 -22.9027
      vertex 12.7494 100 -22.9027
    endloop
  endfacet
  facet normal 0.838376 0 -0.545093
    outer loop
      vertex 12.7494 -40.3 -22.9027
      vertex 12.396 -40.3 -23.4463
      vertex 12.7494 100 -22.9027
    endloop
  endfacet
  facet normal 0.838376 0 -0.545093
    outer loop
      vertex 12.7494 100 -22.9027
      vertex 12.396 -40.3 -23.4463
      vertex 12.396 100 -23.4463
    endloop
  endfacet
  facet normal 0.814034 0 -0.580818
    outer loop
      vertex 12.396 -40.3 -23.4463
      vertex 12.0194 -40.3 -23.9741
      vertex 12.396 100 -23.4463
    endloop
  endfacet
  facet normal 0.814034 0 -0.580818
    outer loop
      vertex 12.396 100 -23.4463
      vertex 12.0194 -40.3 -23.9741
      vertex 12.0194 100 -23.9741
    endloop
  endfacet
  facet normal 0.788174 0 -0.615453
    outer loop
      vertex 12.0194 -40.3 -23.9741
      vertex 11.6203 -40.3 -24.4852
      vertex 12.0194 100 -23.9741
    endloop
  endfacet
  facet normal 0.788174 0 -0.615453
    outer loop
      vertex 12.0194 100 -23.9741
      vertex 11.6203 -40.3 -24.4852
      vertex 11.6203 100 -24.4852
    endloop
  endfacet
  facet normal 0.760839 0 -0.64894
    outer loop
      vertex 11.6203 -40.3 -24.4852
      vertex 11.1995 -40.3 -24.9785
      vertex 11.6203 100 -24.4852
    endloop
  endfacet
  facet normal 0.760839 0 -0.64894
    outer loop
      vertex 11.6203 100 -24.4852
      vertex 11.1995 -40.3 -24.9785
      vertex 11.1995 100 -24.9785
    endloop
  endfacet
  facet normal 0.732084 0 -0.681215
    outer loop
      vertex 11.1995 -40.3 -24.9785
      vertex 10.7578 -40.3 -25.4532
      vertex 11.1995 100 -24.9785
    endloop
  endfacet
  facet normal 0.732084 0 -0.681215
    outer loop
      vertex 11.1995 100 -24.9785
      vertex 10.7578 -40.3 -25.4532
      vertex 10.7578 100 -25.4532
    endloop
  endfacet
  facet normal 0.701958 0 -0.712218
    outer loop
      vertex 10.7578 -40.3 -25.4532
      vertex 10.296 -40.3 -25.9083
      vertex 10.7578 100 -25.4532
    endloop
  endfacet
  facet normal 0.701958 0 -0.712218
    outer loop
      vertex 10.7578 100 -25.4532
      vertex 10.296 -40.3 -25.9083
      vertex 10.296 100 -25.9083
    endloop
  endfacet
  facet normal 0.670524 0 -0.741888
    outer loop
      vertex 10.296 -40.3 -25.9083
      vertex 9.81498 -40.3 -26.3431
      vertex 10.296 100 -25.9083
    endloop
  endfacet
  facet normal 0.670524 0 -0.741888
    outer loop
      vertex 10.296 100 -25.9083
      vertex 9.81498 -40.3 -26.3431
      vertex 9.81498 100 -26.3431
    endloop
  endfacet
  facet normal 0.637835 0 -0.770173
    outer loop
      vertex 9.81498 -40.3 -26.3431
      vertex 9.3156 -40.3 -26.7567
      vertex 9.81498 100 -26.3431
    endloop
  endfacet
  facet normal 0.637835 0 -0.770173
    outer loop
      vertex 9.81498 100 -26.3431
      vertex 9.3156 -40.3 -26.7567
      vertex 9.3156 100 -26.7567
    endloop
  endfacet
  facet normal 0.603954 0 -0.797019
    outer loop
      vertex 9.3156 -40.3 -26.7567
      vertex 8.79881 -40.3 -27.1483
      vertex 9.3156 100 -26.7567
    endloop
  endfacet
  facet normal 0.603954 0 -0.797019
    outer loop
      vertex 9.3156 100 -26.7567
      vertex 8.79881 -40.3 -27.1483
      vertex 8.79881 100 -27.1483
    endloop
  endfacet
  facet normal 0.568946 0 -0.822375
    outer loop
      vertex 8.79881 -40.3 -27.1483
      vertex 8.26558 -40.3 -27.5172
      vertex 8.79881 100 -27.1483
    endloop
  endfacet
  facet normal 0.568946 0 -0.822375
    outer loop
      vertex 8.79881 100 -27.1483
      vertex 8.26558 -40.3 -27.5172
      vertex 8.26558 100 -27.5172
    endloop
  endfacet
  facet normal 0.532874 0 -0.846195
    outer loop
      vertex 8.26558 -40.3 -27.5172
      vertex 7.7169 -40.3 -27.8627
      vertex 8.26558 100 -27.5172
    endloop
  endfacet
  facet normal 0.532874 0 -0.846195
    outer loop
      vertex 8.26558 100 -27.5172
      vertex 7.7169 -40.3 -27.8627
      vertex 7.7169 100 -27.8627
    endloop
  endfacet
  facet normal 0.495807 0 -0.868433
    outer loop
      vertex 7.7169 -40.3 -27.8627
      vertex 7.15381 -40.3 -28.1842
      vertex 7.7169 100 -27.8627
    endloop
  endfacet
  facet normal 0.495807 0 -0.868433
    outer loop
      vertex 7.7169 100 -27.8627
      vertex 7.15381 -40.3 -28.1842
      vertex 7.15381 100 -28.1842
    endloop
  endfacet
  facet normal 0.457811 0 -0.889049
    outer loop
      vertex 7.15381 -40.3 -28.1842
      vertex 6.57735 -40.3 -28.481
      vertex 7.15381 100 -28.1842
    endloop
  endfacet
  facet normal 0.457811 0 -0.889049
    outer loop
      vertex 7.15381 100 -28.1842
      vertex 6.57735 -40.3 -28.481
      vertex 6.57735 100 -28.481
    endloop
  endfacet
  facet normal 0.418963 0 -0.908003
    outer loop
      vertex 6.57735 -40.3 -28.481
      vertex 5.98859 -40.3 -28.7527
      vertex 6.57735 100 -28.481
    endloop
  endfacet
  facet normal 0.418963 0 -0.908003
    outer loop
      vertex 6.57735 100 -28.481
      vertex 5.98859 -40.3 -28.7527
      vertex 5.98859 100 -28.7527
    endloop
  endfacet
  facet normal 0.37933 0 -0.925261
    outer loop
      vertex 5.98859 -40.3 -28.7527
      vertex 5.38865 -40.3 -28.9987
      vertex 5.98859 100 -28.7527
    endloop
  endfacet
  facet normal 0.37933 0 -0.925261
    outer loop
      vertex 5.98859 100 -28.7527
      vertex 5.38865 -40.3 -28.9987
      vertex 5.38865 100 -28.9987
    endloop
  endfacet
  facet normal 0.338989 0 -0.94079
    outer loop
      vertex 5.38865 -40.3 -28.9987
      vertex 4.77864 -40.3 -29.2185
      vertex 5.38865 100 -28.9987
    endloop
  endfacet
  facet normal 0.338989 0 -0.94079
    outer loop
      vertex 5.38865 100 -28.9987
      vertex 4.77864 -40.3 -29.2185
      vertex 4.77864 100 -29.2185
    endloop
  endfacet
  facet normal 0.298016 0 -0.954561
    outer loop
      vertex 4.77864 -40.3 -29.2185
      vertex 4.1597 -40.3 -29.4117
      vertex 4.77864 100 -29.2185
    endloop
  endfacet
  facet normal 0.298016 0 -0.954561
    outer loop
      vertex 4.77864 100 -29.2185
      vertex 4.1597 -40.3 -29.4117
      vertex 4.1597 100 -29.4117
    endloop
  endfacet
  facet normal 0.25648 0 -0.966549
    outer loop
      vertex 4.1597 -40.3 -29.4117
      vertex 3.53299 -40.3 -29.578
      vertex 4.1597 100 -29.4117
    endloop
  endfacet
  facet normal 0.25648 0 -0.966549
    outer loop
      vertex 4.1597 100 -29.4117
      vertex 3.53299 -40.3 -29.578
      vertex 3.53299 100 -29.578
    endloop
  endfacet
  facet normal 0.214473 0 -0.97673
    outer loop
      vertex 3.53299 -40.3 -29.578
      vertex 2.89967 -40.3 -29.7171
      vertex 3.53299 100 -29.578
    endloop
  endfacet
  facet normal 0.214473 0 -0.97673
    outer loop
      vertex 3.53299 100 -29.578
      vertex 2.89967 -40.3 -29.7171
      vertex 2.89967 100 -29.7171
    endloop
  endfacet
  facet normal 0.172061 0 -0.985086
    outer loop
      vertex 2.89967 -40.3 -29.7171
      vertex 2.26094 -40.3 -29.8286
      vertex 2.89967 100 -29.7171
    endloop
  endfacet
  facet normal 0.172061 0 -0.985086
    outer loop
      vertex 2.89967 100 -29.7171
      vertex 2.26094 -40.3 -29.8286
      vertex 2.26094 100 -29.8286
    endloop
  endfacet
  facet normal 0.129327 0 -0.991602
    outer loop
      vertex 2.26094 -40.3 -29.8286
      vertex 1.61798 -40.3 -29.9125
      vertex 2.26094 100 -29.8286
    endloop
  endfacet
  facet normal 0.129327 0 -0.991602
    outer loop
      vertex 2.26094 100 -29.8286
      vertex 1.61798 -40.3 -29.9125
      vertex 1.61798 100 -29.9125
    endloop
  endfacet
  facet normal 0.0863523 0 -0.996265
    outer loop
      vertex 1.61798 -40.3 -29.9125
      vertex 0.971999 -40.3 -29.9685
      vertex 1.61798 100 -29.9125
    endloop
  endfacet
  facet normal 0.0863523 0 -0.996265
    outer loop
      vertex 1.61798 100 -29.9125
      vertex 0.971999 -40.3 -29.9685
      vertex 0.971999 100 -29.9685
    endloop
  endfacet
  facet normal 0.0432164 0 -0.999066
    outer loop
      vertex 0.971999 -40.3 -29.9685
      vertex 0.324202 -40.3 -29.9965
      vertex 0.971999 100 -29.9685
    endloop
  endfacet
  facet normal 0.0432164 0 -0.999066
    outer loop
      vertex 0.971999 100 -29.9685
      vertex 0.324202 -40.3 -29.9965
      vertex 0.324202 100 -29.9965
    endloop
  endfacet
  facet normal 0 0 -1
    outer loop
      vertex 0.324202 -40.3 -29.9965
      vertex -0.324202 -40.3 -29.9965
      vertex 0.324202 100 -29.9965
    endloop
  endfacet
  facet normal 0 0 -1
    outer loop
      vertex 0.324202 100 -29.9965
      vertex -0.324202 -40.3 -29.9965
      vertex -0.324202 100 -29.9965
    endloop
  endfacet
  facet normal -0.0432164 0 -0.999066
    outer loop
      vertex -0.324202 -40.3 -29.9965
      vertex -0.971999 -40.3 -29.9685
      vertex -0.324202 100 -29.9965
    endloop
  endfacet
  facet normal -0.0432164 0 -0.999066
    outer loop
      vertex -0.324202 100 -29.9965
      vertex -0.971999 -40.3 -29.9685
      vertex -0.971999 100 -29.9685
    endloop
  endfacet
  facet normal -0.0863523 0 -0.996265
    outer loop
      vertex -0.971999 -40.3 -29.9685
      vertex -1.61798 -40.3 -29.9125
      vertex -0.971999 100 -29.9685
    endloop
  endfacet
  facet normal -0.0863523 0 -0.996265
    outer loop
      vertex -0.971999 100 -29.9685
      vertex -1.61798 -40.3 -29.9125
      vertex -1.61798 100 -29.9125
    endloop
  endfacet
  facet normal -0.129327 0 -0.991602
    outer loop
      vertex -1.61798 -40.3 -29.9125
      vertex -2.26094 -40.3 -29.8286
      vertex -1.61798 100 -29.9125
    endloop
  endfacet
  facet normal -0.129327 0 -0.991602
    outer loop
      vertex -1.61798 100 -29.9125
      vertex -2.26094 -40.3 -29.8286
      vertex -2.26094 100 -29.8286
    endloop
  endfacet
  facet normal -0.172061 0 -0.985086
    outer loop
      vertex -2.26094 -40.3 -29.8286
      vertex -2.89967 -40.3 -29.7171
      vertex -2.26094 100 -29.8286
    endloop
  endfacet
  facet normal -0.172061 0 -0.985086
    outer loop
      vertex -2.26094 100 -29.8286
      vertex -2.89967 -40.3 -29.7171
      vertex -2.89967 100 -29.7171
    endloop
  endfacet
  facet normal -0.214473 0 -0.97673
    outer loop
      vertex -2.89967 -40.3 -29.7171
      vertex -3.53299 -40.3 -29.578
      vertex -2.89967 100 -29.7171
    endloop
  endfacet
  facet normal -0.214473 0 -0.97673
    outer loop
      vertex -2.89967 100 -29.7171
      vertex -3.53299 -40.3 -29.578
      vertex -3.53299 100 -29.578
    endloop
  endfacet
  facet normal -0.25648 0 -0.966549
    outer loop
      vertex -3.53299 -40.3 -29.578
      vertex -4.1597 -40.3 -29.4117
      vertex -3.53299 100 -29.578
    endloop
  endfacet
  facet normal -0.25648 0 -0.966549
    outer loop
      vertex -3.53299 100 -29.578
      vertex -4.1597 -40.3 -29.4117
      vertex -4.1597 100 -29.4117
    endloop
  endfacet
  facet normal -0.298016 0 -0.954561
    outer loop
      vertex -4.1597 -40.3 -29.4117
      vertex -4.77864 -40.3 -29.2185
      vertex -4.1597 100 -29.4117
    endloop
  endfacet
  facet normal -0.298016 0 -0.954561
    outer loop
      vertex -4.1597 100 -29.4117
      vertex -4.77864 -40.3 -29.2185
      vertex -4.77864 100 -29.2185
    endloop
  endfacet
  facet normal -0.338989 0 -0.94079
    outer loop
      vertex -4.77864 -40.3 -29.2185
      vertex -5.38865 -40.3 -28.9987
      vertex -4.77864 100 -29.2185
    endloop
  endfacet
  facet normal -0.338989 0 -0.94079
    outer loop
      vertex -4.77864 100 -29.2185
      vertex -5.38865 -40.3 -28.9987
      vertex -5.38865 100 -28.9987
    endloop
  endfacet
  facet normal -0.37933 0 -0.925261
    outer loop
      vertex -5.38865 -40.3 -28.9987
      vertex -5.98859 -40.3 -28.7527
      vertex -5.38865 100 -28.9987
    endloop
  endfacet
  facet normal -0.37933 0 -0.925261
    outer loop
      vertex -5.38865 100 -28.9987
      vertex -5.98859 -40.3 -28.7527
      vertex -5.98859 100 -28.7527
    endloop
  endfacet
  facet normal -0.418963 0 -0.908003
    outer loop
      vertex -5.98859 -40.3 -28.7527
      vertex -6.57735 -40.3 -28.481
      vertex -5.98859 100 -28.7527
    endloop
  endfacet
  facet normal -0.418963 0 -0.908003
    outer loop
      vertex -5.98859 100 -28.7527
      vertex -6.57735 -40.3 -28.481
      vertex -6.57735 100 -28.481
    endloop
  endfacet
  facet normal -0.457811 0 -0.889049
    outer loop
      vertex -6.57735 -40.3 -28.481
      vertex -7.15381 -40.3 -28.1842
      vertex -6.57735 100 -28.481
    endloop
  endfacet
  facet normal -0.457811 0 -0.889049
    outer loop
      vertex -6.57735 100 -28.481
      vertex -7.15381 -40.3 -28.1842
      vertex -7.15381 100 -28.1842
    endloop
  endfacet
  facet normal -0.495807 0 -0.868433
    outer loop
      vertex -7.15381 -40.3 -28.1842
      vertex -7.7169 -40.3 -27.8627
      vertex -7.15381 100 -28.1842
    endloop
  endfacet
  facet normal -0.495807 0 -0.868433
    outer loop
      vertex -7.15381 100 -28.1842
      vertex -7.7169 -40.3 -27.8627
      vertex -7.7169 100 -27.8627
    endloop
  endfacet
  facet normal -0.532874 0 -0.846195
    outer loop
      vertex -7.7169 -40.3 -27.8627
      vertex -8.26558 -40.3 -27.5172
      vertex -7.7169 100 -27.8627
    endloop
  endfacet
  facet normal -0.532874 0 -0.846195
    outer loop
      vertex -7.7169 100 -27.8627
      vertex -8.26558 -40.3 -27.5172
      vertex -8.26558 100 -27.5172
    endloop
  endfacet
  facet normal -0.568946 0 -0.822375
    outer loop
      vertex -8.26558 -40.3 -27.5172
      vertex -8.79881 -40.3 -27.1483
      vertex -8.26558 100 -27.5172
    endloop
  endfacet
  facet normal -0.568946 0 -0.822375
    outer loop
      vertex -8.26558 100 -27.5172
      vertex -8.79881 -40.3 -27.1483
      vertex -8.79881 100 -27.1483
    endloop
  endfacet
  facet normal -0.603954 0 -0.797019
    outer loop
      vertex -8.79881 -40.3 -27.1483
      vertex -9.3156 -40.3 -26.7567
      vertex -8.79881 100 -27.1483
    endloop
  endfacet
  facet normal -0.603954 0 -0.797019
    outer loop
      vertex -8.79881 100 -27.1483
      vertex -9.3156 -40.3 -26.7567
      vertex -9.3156 100 -26.7567
    endloop
  endfacet
  facet normal -0.637835 0 -0.770173
    outer loop
      vertex -9.3156 -40.3 -26.7567
      vertex -9.81498 -40.3 -26.3431
      vertex -9.3156 100 -26.7567
    endloop
  endfacet
  facet normal -0.637835 0 -0.770173
    outer loop
      vertex -9.3156 100 -26.7567
      vertex -9.81498 -40.3 -26.3431
      vertex -9.81498 100 -26.3431
    endloop
  endfacet
  facet normal -0.670524 0 -0.741888
    outer loop
      vertex -9.81498 -40.3 -26.3431
      vertex -10.296 -40.3 -25.9083
      vertex -9.81498 100 -26.3431
    endloop
  endfacet
  facet normal -0.670524 0 -0.741888
    outer loop
      vertex -9.81498 100 -26.3431
      vertex -10.296 -40.3 -25.9083
      vertex -10.296 100 -25.9083
    endloop
  endfacet
  facet normal -0.701958 0 -0.712218
    outer loop
      vertex -10.296 -40.3 -25.9083
      vertex -10.7578 -40.3 -25.4532
      vertex -10.296 100 -25.9083
    endloop
  endfacet
  facet normal -0.701958 0 -0.712218
    outer loop
      vertex -10.296 100 -25.9083
      vertex -10.7578 -40.3 -25.4532
      vertex -10.7578 100 -25.4532
    endloop
  endfacet
  facet normal -0.732084 0 -0.681215
    outer loop
      vertex -10.7578 -40.3 -25.4532
      vertex -11.1995 -40.3 -24.9785
      vertex -10.7578 100 -25.4532
    endloop
  endfacet
  facet normal -0.732084 0 -0.681215
    outer loop
      vertex -10.7578 100 -25.4532
      vertex -11.1995 -40.3 -24.9785
      vertex -11.1995 100 -24.9785
    endloop
  endfacet
  facet normal -0.760839 0 -0.64894
    outer loop
      vertex -11.1995 -40.3 -24.9785
      vertex -11.6203 -40.3 -24.4852
      vertex -11.1995 100 -24.9785
    endloop
  endfacet
  facet normal -0.760839 0 -0.64894
    outer loop
      vertex -11.1995 100 -24.9785
      vertex -11.6203 -40.3 -24.4852
      vertex -11.6203 100 -24.4852
    endloop
  endfacet
  facet normal -0.788174 0 -0.615453
    outer loop
      vertex -11.6203 -40.3 -24.4852
      vertex -12.0194 -40.3 -23.9741
      vertex -11.6203 100 -24.4852
    endloop
  endfacet
  facet normal -0.788174 0 -0.615453
    outer loop
      vertex -11.6203 100 -24.4852
      vertex -12.0194 -40.3 -23.9741
      vertex -12.0194 100 -23.9741
    endloop
  endfacet
  facet normal -0.814034 0 -0.580818
    outer loop
      vertex -12.0194 -40.3 -23.9741
      vertex -12.396 -40.3 -23.4463
      vertex -12.0194 100 -23.9741
    endloop
  endfacet
  facet normal -0.814034 0 -0.580818
    outer loop
      vertex -12.0194 100 -23.9741
      vertex -12.396 -40.3 -23.4463
      vertex -12.396 100 -23.4463
    endloop
  endfacet
  facet normal -0.838376 0 -0.545093
    outer loop
      vertex -12.396 -40.3 -23.4463
      vertex -12.7494 -40.3 -22.9027
      vertex -12.396 100 -23.4463
    endloop
  endfacet
  facet normal -0.838376 0 -0.545093
    outer loop
      vertex -12.396 100 -23.4463
      vertex -12.7494 -40.3 -22.9027
      vertex -12.7494 100 -22.9027
    endloop
  endfacet
  facet normal -0.861149 0 -0.508352
    outer loop
      vertex -12.7494 -40.3 -22.9027
      vertex -13.079 -40.3 -22.3443
      vertex -12.7494 100 -22.9027
    endloop
  endfacet
  facet normal -0.861149 0 -0.508352
    outer loop
      vertex -12.7494 100 -22.9027
      vertex -13.079 -40.3 -22.3443
      vertex -13.079 100 -22.3443
    endloop
  endfacet
  facet normal -0.882314 0 -0.470662
    outer loop
      vertex -13.079 -40.3 -22.3443
      vertex -13.3842 -40.3 -21.7722
      vertex -13.079 100 -22.3443
    endloop
  endfacet
  facet normal -0.882314 0 -0.470662
    outer loop
      vertex -13.079 100 -22.3443
      vertex -13.3842 -40.3 -21.7722
      vertex -13.3842 100 -21.7722
    endloop
  endfacet
  facet normal -0.90183 0 -0.432091
    outer loop
      vertex -13.3842 -40.3 -21.7722
      vertex -13.6644 -40.3 -21.1875
      vertex -13.3842 100 -21.7722
    endloop
  endfacet
  facet normal -0.90183 0 -0.432091
    outer loop
      vertex -13.3842 100 -21.7722
      vertex -13.6644 -40.3 -21.1875
      vertex -13.6644 100 -21.1875
    endloop
  endfacet
  facet normal -0.919661 0 -0.392713
    outer loop
      vertex -13.6644 -40.3 -21.1875
      vertex -13.919 -40.3 -20.5912
      vertex -13.6644 100 -21.1875
    endloop
  endfacet
  facet normal -0.919661 0 -0.392713
    outer loop
      vertex -13.6644 100 -21.1875
      vertex -13.919 -40.3 -20.5912
      vertex -13.919 100 -20.5912
    endloop
  endfacet
  facet normal -0.935774 0 -0.352601
    outer loop
      vertex -13.919 -40.3 -20.5912
      vertex -14.1476 -40.3 -19.9844
      vertex -13.919 100 -20.5912
    endloop
  endfacet
  facet normal -0.935774 0 -0.352601
    outer loop
      vertex -13.919 100 -20.5912
      vertex -14.1476 -40.3 -19.9844
      vertex -14.1476 100 -19.9844
    endloop
  endfacet
  facet normal -0.950138 0 -0.31183
    outer loop
      vertex -14.1476 -40.3 -19.9844
      vertex -14.3498 -40.3 -19.3683
      vertex -14.1476 100 -19.9844
    endloop
  endfacet
  facet normal -0.950138 0 -0.31183
    outer loop
      vertex -14.1476 100 -19.9844
      vertex -14.3498 -40.3 -19.3683
      vertex -14.3498 100 -19.3683
    endloop
  endfacet
  facet normal -0.962726 0 -0.270478
    outer loop
      vertex -14.3498 -40.3 -19.3683
      vertex -14.5252 -40.3 -18.7441
      vertex -14.3498 100 -19.3683
    endloop
  endfacet
  facet normal -0.962726 0 -0.270478
    outer loop
      vertex -14.3498 100 -19.3683
      vertex -14.5252 -40.3 -18.7441
      vertex -14.5252 100 -18.7441
    endloop
  endfacet
  facet normal -0.973516 0 -0.228619
    outer loop
      vertex -14.5252 -40.3 -18.7441
      vertex -14.6734 -40.3 -18.1129
      vertex -14.5252 100 -18.7441
    endloop
  endfacet
  facet normal -0.973516 0 -0.228619
    outer loop
      vertex -14.5252 100 -18.7441
      vertex -14.6734 -40.3 -18.1129
      vertex -14.6734 100 -18.1129
    endloop
  endfacet
  facet normal -0.982487 0 -0.186333
    outer loop
      vertex -14.6734 -40.3 -18.1129
      vertex -14.7943 -40.3 -17.4758
      vertex -14.6734 100 -18.1129
    endloop
  endfacet
  facet normal -0.982487 0 -0.186333
    outer loop
      vertex -14.6734 100 -18.1129
      vertex -14.7943 -40.3 -17.4758
      vertex -14.7943 100 -17.4758
    endloop
  endfacet
  facet normal -0.989621 0 -0.143699
    outer loop
      vertex -14.7943 -40.3 -17.4758
      vertex -14.8874 -40.3 -16.8341
      vertex -14.7943 100 -17.4758
    endloop
  endfacet
  facet normal -0.989621 0 -0.143699
    outer loop
      vertex -14.7943 100 -17.4758
      vertex -14.8874 -40.3 -16.8341
      vertex -14.8874 100 -16.8341
    endloop
  endfacet
  facet normal -0.994907 0 -0.100796
    outer loop
      vertex -14.8874 -40.3 -16.8341
      vertex -14.9528 -40.3 -16.189
      vertex -14.8874 100 -16.8341
    endloop
  endfacet
  facet normal -0.994907 0 -0.100796
    outer loop
      vertex -14.8874 100 -16.8341
      vertex -14.9528 -40.3 -16.189
      vertex -14.9528 100 -16.189
    endloop
  endfacet
  facet normal -0.998334 0 -0.0577061
    outer loop
      vertex -14.9528 -40.3 -16.189
      vertex -14.9902 -40.3 -15.5417
      vertex -14.9528 100 -16.189
    endloop
  endfacet
  facet normal -0.998334 0 -0.0577061
    outer loop
      vertex -14.9528 100 -16.189
      vertex -14.9902 -40.3 -15.5417
      vertex -14.9902 100 -15.5417
    endloop
  endfacet
  facet normal -0.999895 0 -0.0145069
    outer loop
      vertex -14.9902 -40.3 -15.5417
      vertex -14.9996 -40.3 -14.8934
      vertex -14.9902 100 -15.5417
    endloop
  endfacet
  facet normal -0.999895 0 -0.0145069
    outer loop
      vertex -14.9902 100 -15.5417
      vertex -14.9996 -40.3 -14.8934
      vertex -14.9996 100 -14.8934
    endloop
  endfacet
  facet normal -0.999588 0 0.0287195
    outer loop
      vertex -14.9996 -40.3 -14.8934
      vertex -14.981 -40.3 -14.2452
      vertex -14.9996 100 -14.8934
    endloop
  endfacet
  facet normal -0.999588 0 0.0287195
    outer loop
      vertex -14.9996 100 -14.8934
      vertex -14.981 -40.3 -14.2452
      vertex -14.981 100 -14.2452
    endloop
  endfacet
  facet normal -0.997412 0 0.0718913
    outer loop
      vertex -14.981 -40.3 -14.2452
      vertex -14.9344 -40.3 -13.5985
      vertex -14.981 100 -14.2452
    endloop
  endfacet
  facet normal -0.997412 0 0.0718913
    outer loop
      vertex -14.981 100 -14.2452
      vertex -14.9344 -40.3 -13.5985
      vertex -14.9344 100 -13.5985
    endloop
  endfacet
  facet normal -0.993374 0 0.114928
    outer loop
      vertex -14.9344 -40.3 -13.5985
      vertex -14.8599 -40.3 -12.9544
      vertex -14.9344 100 -13.5985
    endloop
  endfacet
  facet normal -0.993374 0 0.114928
    outer loop
      vertex -14.9344 100 -13.5985
      vertex -14.8599 -40.3 -12.9544
      vertex -14.8599 100 -12.9544
    endloop
  endfacet
  facet normal 0 0 -1
    outer loop
      vertex 2.96875 -100 -30.0047
      vertex -3.03125 -100 -30.0047
      vertex 2.96875 -40.3 -30.0047
    endloop
  endfacet
  facet normal 0 0 -1
    outer loop
      vertex -3.03125 -100 -30.0047
      vertex -3.03125 -40.3 -30.0047
      vertex 2.96875 -40.3 -30.0047
    endloop
  endfacet
  facet normal -0.990658 0 0.136372
    outer loop
      vertex -14.8599 100 -12.9544
      vertex -14.8599 -40.3 -12.9544
      vertex -13.5309 100 -3.3
    endloop
  endfacet
  facet normal -0.990658 -1.05716e-9 0.136372
    outer loop
      vertex -14.8599 -40.3 -12.9544
      vertex -11.7 -40.3 10
      vertex -13.5309 100 -3.3
    endloop
  endfacet
  facet normal -0.990658 3.64354e-6 0.136369
    outer loop
      vertex -12.2228 200.388 6.20253
      vertex -12.256 200.409 5.96088
      vertex -13.0766 195.002 8.67362e-16
    endloop
  endfacet
  facet normal -0.990657 -2.6844e-6 0.136374
    outer loop
      vertex -12.2228 200.388 6.20253
      vertex -13.0766 195.002 8.67362e-16
      vertex -12.1896 200.357 6.44307
    endloop
  endfacet
  facet normal -0.990658 -5.71416e-7 0.136373
    outer loop
      vertex -12.256 200.409 5.96088
      vertex -12.2894 200.419 5.71858
      vertex -13.0766 195.002 8.67362e-16
    endloop
  endfacet
  facet normal -0.990658 -2.81618e-7 0.136373
    outer loop
      vertex -12.2894 200.419 5.71858
      vertex -12.3228 200.418 5.47607
      vertex -13.0766 195.002 8.67362e-16
    endloop
  endfacet
  facet normal -0.990658 1.39244e-7 0.136372
    outer loop
      vertex -13.0766 195.002 8.67362e-16
      vertex -12.3228 200.418 5.47607
      vertex -12.3561 200.407 5.23381
    endloop
  endfacet
  facet normal -0.990658 1.00358e-6 0.136372
    outer loop
      vertex -12.0918 200.203 7.15358
      vertex -12.1241 200.265 6.91904
      vertex -13.0766 195.002 8.67362e-16
    endloop
  endfacet
  facet normal -0.990657 -2.08363e-6 0.136374
    outer loop
      vertex -12.1241 200.265 6.91904
      vertex -12.1567 200.316 6.68206
      vertex -13.0766 195.002 8.67362e-16
    endloop
  endfacet
  facet normal -0.990658 1.68917e-6 0.136371
    outer loop
      vertex -13.0766 195.002 8.67362e-16
      vertex -12.1567 200.316 6.68206
      vertex -12.1896 200.357 6.44307
    endloop
  endfacet
  facet normal -0.990658 1.25643e-6 0.136371
    outer loop
      vertex -12.3561 200.407 5.23381
      vertex -12.3894 200.386 4.99225
      vertex -13.0766 195.002 8.67362e-16
    endloop
  endfacet
  facet normal -0.990658 1.70782e-7 0.136372
    outer loop
      vertex -12.3894 200.386 4.99225
      vertex -12.4225 200.354 4.75185
      vertex -13.0766 195.002 8.67362e-16
    endloop
  endfacet
  facet normal -0.990657 -2.68323e-6 0.136375
    outer loop
      vertex -13.0766 195.002 8.67362e-16
      vertex -12.4225 200.354 4.75185
      vertex -12.4553 200.312 4.51305
    endloop
  endfacet
  facet normal -0.990657 -1.96894e-6 0.136373
    outer loop
      vertex -11.9976 199.958 7.83818
      vertex -12.0285 200.05 7.61358
      vertex -13.0766 195.002 8.67362e-16
    endloop
  endfacet
  facet normal -0.990658 1.5491e-6 0.136371
    outer loop
      vertex -12.0285 200.05 7.61358
      vertex -12.0599 200.131 7.38524
      vertex -13.0766 195.002 8.67362e-16
    endloop
  endfacet
  facet normal -0.990658 1.033e-6 0.136372
    outer loop
      vertex -13.0766 195.002 8.67362e-16
      vertex -12.0599 200.131 7.38524
      vertex -12.0918 200.203 7.15358
    endloop
  endfacet
  facet normal -0.990658 -8.09826e-7 0.136373
    outer loop
      vertex -12.4553 200.312 4.51305
      vertex -12.4879 200.259 4.27629
      vertex -13.0766 195.002 8.67362e-16
    endloop
  endfacet
  facet normal -0.990658 3.39868e-6 0.136368
    outer loop
      vertex -12.4879 200.259 4.27629
      vertex -12.5202 200.196 4.04202
      vertex -13.0766 195.002 8.67362e-16
    endloop
  endfacet
  facet normal -0.990657 -2.36539e-6 0.136375
    outer loop
      vertex -13.0766 195.002 8.67362e-16
      vertex -12.5202 200.196 4.04202
      vertex -12.552 200.124 3.81068
    endloop
  endfacet
  facet normal -0.990658 -1.64535e-6 0.136373
    outer loop
      vertex -11.9085 199.627 8.4854
      vertex -11.9375 199.747 8.2745
      vertex -13.0766 195.002 8.67362e-16
    endloop
  endfacet
  facet normal -0.990658 3.70616e-6 0.13637
    outer loop
      vertex -11.9375 199.747 8.2745
      vertex -11.9672 199.857 8.05863
      vertex -13.0766 195.002 8.67362e-16
    endloop
  endfacet
  facet normal -0.990658 -1.60332e-6 0.136373
    outer loop
      vertex -13.0766 195.002 8.67362e-16
      vertex -11.9672 199.857 8.05863
      vertex -11.9976 199.958 7.83818
    endloop
  endfacet
  facet normal -0.990658 -2.68783e-8 0.136372
    outer loop
      vertex -12.552 200.124 3.81068
      vertex -12.5834 200.041 3.5827
      vertex -13.0766 195.002 8.67362e-16
    endloop
  endfacet
  facet normal -0.990658 -8.66375e-7 0.136373
    outer loop
      vertex -12.5834 200.041 3.5827
      vertex -12.6143 199.949 3.3585
      vertex -13.0766 195.002 8.67362e-16
    endloop
  endfacet
  facet normal -0.990658 2.75421e-6 0.136368
    outer loop
      vertex -13.0766 195.002 8.67362e-16
      vertex -12.6143 199.949 3.3585
      vertex -12.6445 199.846 3.1385
    endloop
  endfacet
  facet normal -0.990658 -6.47257e-7 0.136373
    outer loop
      vertex -11.826 199.215 9.08436
      vertex -11.8527 199.361 8.89071
      vertex -13.0766 195.002 8.67362e-16
    endloop
  endfacet
  facet normal -0.990658 2.8077e-7 0.136372
    outer loop
      vertex -11.8527 199.361 8.89071
      vertex -11.8802 199.498 8.69093
      vertex -13.0766 195.002 8.67362e-16
    endloop
  endfacet
  facet normal -0.990658 9.8403e-7 0.136372
    outer loop
      vertex -13.0766 195.002 8.67362e-16
      vertex -11.8802 199.498 8.69093
      vertex -11.9085 199.627 8.4854
    endloop
  endfacet
  facet normal -0.990658 -3.28112e-7 0.136373
    outer loop
      vertex -12.6445 199.846 3.1385
      vertex -12.6742 199.735 2.92312
      vertex -13.0766 195.002 8.67362e-16
    endloop
  endfacet
  facet normal -0.990657 -1.42789e-6 0.136375
    outer loop
      vertex -12.6742 199.735 2.92312
      vertex -12.7032 199.614 2.71275
      vertex -13.0766 195.002 8.67362e-16
    endloop
  endfacet
  facet normal -0.990658 1.63968e-6 0.13637
    outer loop
      vertex -13.0766 195.002 8.67362e-16
      vertex -12.7032 199.614 2.71275
      vertex -12.7314 199.485 2.50779
    endloop
  endfacet
  facet normal -0.990658 -7.54061e-7 0.136373
    outer loop
      vertex -11.7516 198.729 9.62502
      vertex -11.7755 198.899 9.45186
      vertex -13.0766 195.002 8.67362e-16
    endloop
  endfacet
  facet normal -0.990658 -8.9108e-7 0.136373
    outer loop
      vertex -11.7755 198.899 9.45186
      vertex -11.8003 199.061 9.27153
      vertex -13.0766 195.002 8.67362e-16
    endloop
  endfacet
  facet normal -0.990658 6.9825e-7 0.136372
    outer loop
      vertex -13.0766 195.002 8.67362e-16
      vertex -11.8003 199.061 9.27153
      vertex -11.826 199.215 9.08436
    endloop
  endfacet
  facet normal -0.990657 -1.70208e-6 0.136375
    outer loop
      vertex -12.7314 199.485 2.50779
      vertex -12.7588 199.346 2.30861
      vertex -13.0766 195.002 8.67362e-16
    endloop
  endfacet
  facet normal -0.990659 3.33432e-6 0.136366
    outer loop
      vertex -12.7588 199.346 2.30861
      vertex -12.7854 199.2 2.1156
      vertex -13.0766 195.002 8.67362e-16
    endloop
  endfacet
  facet normal -0.990657 -6.54543e-7 0.136374
    outer loop
      vertex -13.0766 195.002 8.67362e-16
      vertex -12.7854 199.2 2.1156
      vertex -12.811 199.045 1.92912
    endloop
  endfacet
  facet normal -0.990658 5.33296e-7 0.136372
    outer loop
      vertex -11.6865 198.177 10.0983
      vertex -11.7071 198.368 9.94855
      vertex -13.0766 195.002 8.67362e-16
    endloop
  endfacet
  facet normal -0.990658 1.37363e-6 0.136372
    outer loop
      vertex -11.7071 198.368 9.94855
      vertex -11.7288 198.552 9.79068
      vertex -13.0766 195.002 8.67362e-16
    endloop
  endfacet
  facet normal -0.990658 -7.84631e-7 0.136373
    outer loop
      vertex -13.0766 195.002 8.67362e-16
      vertex -11.7288 198.552 9.79068
      vertex -11.7516 198.729 9.62502
    endloop
  endfacet
  facet normal -0.990657 -2.8397e-6 0.136378
    outer loop
      vertex -12.811 199.045 1.92912
      vertex -12.8358 198.882 1.7495
      vertex -13.0766 195.002 8.67362e-16
    endloop
  endfacet
  facet normal -0.990658 1.08156e-6 0.13637
    outer loop
      vertex -12.8358 198.882 1.7495
      vertex -12.8595 198.711 1.57708
      vertex -13.0766 195.002 8.67362e-16
    endloop
  endfacet
  facet normal -0.990659 2.86419e-6 0.136366
    outer loop
      vertex -13.0766 195.002 8.67362e-16
      vertex -12.8595 198.711 1.57708
      vertex -12.8822 198.533 1.4122
    endloop
  endfacet
  facet normal -0.990658 7.96092e-7 0.136372
    outer loop
      vertex -11.6317 197.568 10.4963
      vertex -11.6487 197.777 10.3724
      vertex -13.0766 195.002 8.67362e-16
    endloop
  endfacet
  facet normal -0.990658 1.13844e-6 0.136372
    outer loop
      vertex -11.6487 197.777 10.3724
      vertex -11.667 197.98 10.2397
      vertex -13.0766 195.002 8.67362e-16
    endloop
  endfacet
  facet normal -0.990658 -9.02773e-7 0.136372
    outer loop
      vertex -13.0766 195.002 8.67362e-16
      vertex -11.667 197.98 10.2397
      vertex -11.6865 198.177 10.0983
    endloop
  endfacet
  facet normal -0.990657 -1.60033e-6 0.136377
    outer loop
      vertex -12.8822 198.533 1.4122
      vertex -12.9038 198.348 1.25515
      vertex -13.0766 195.002 8.67362e-16
    endloop
  endfacet
  facet normal -0.990658 7.28029e-7 0.136371
    outer loop
      vertex -12.9038 198.348 1.25515
      vertex -12.9243 198.157 1.10623
      vertex -13.0766 195.002 8.67362e-16
    endloop
  endfacet
  facet normal -0.990657 -1.46529e-6 0.136377
    outer loop
      vertex -13.0766 195.002 8.67362e-16
      vertex -12.9243 198.157 1.10623
      vertex -12.9436 197.959 0.965709
    endloop
  endfacet
  facet normal -0.990658 -3.71648e-6 0.136373
    outer loop
      vertex -11.5882 196.914 10.8123
      vertex -11.6014 197.136 10.7164
      vertex -13.0766 195.002 8.67362e-16
    endloop
  endfacet
  facet normal -0.990658 3.68412e-7 0.136372
    outer loop
      vertex -11.6014 197.136 10.7164
      vertex -11.6159 197.355 10.611
      vertex -13.0766 195.002 8.67362e-16
    endloop
  endfacet
  facet normal -0.990658 -5.97168e-7 0.136372
    outer loop
      vertex -13.0766 195.002 8.67362e-16
      vertex -11.6159 197.355 10.611
      vertex -11.6317 197.568 10.4963
    endloop
  endfacet
  facet normal -0.990658 1.53132e-6 0.136368
    outer loop
      vertex -12.9436 197.959 0.965709
      vertex -12.9618 197.756 0.833862
      vertex -13.0766 195.002 8.67362e-16
    endloop
  endfacet
  facet normal -0.990657 -1.28975e-6 0.136377
    outer loop
      vertex -12.9618 197.756 0.833862
      vertex -12.9787 197.547 0.710929
      vertex -13.0766 195.002 8.67362e-16
    endloop
  endfacet
  facet normal -0.990658 4.16072e-7 0.136371
    outer loop
      vertex -13.0766 195.002 8.67362e-16
      vertex -12.9787 197.547 0.710929
      vertex -12.9944 197.333 0.59714
    endloop
  endfacet
  facet normal -0.990658 9.5914e-7 0.136372
    outer loop
      vertex -11.5567 196.223 11.041
      vertex -11.5658 196.457 10.9747
      vertex -13.0766 195.002 8.67362e-16
    endloop
  endfacet
  facet normal -0.990658 -1.95206e-6 0.136373
    outer loop
      vertex -11.5658 196.457 10.9747
      vertex -11.5763 196.687 10.8984
      vertex -13.0766 195.002 8.67362e-16
    endloop
  endfacet
  facet normal -0.990658 2.55891e-6 0.136372
    outer loop
      vertex -13.0766 195.002 8.67362e-16
      vertex -11.5763 196.687 10.8984
      vertex -11.5882 196.914 10.8123
    endloop
  endfacet
  facet normal -0.990658 6.60102e-7 0.13637
    outer loop
      vertex -12.9944 197.333 0.59714
      vertex -13.0088 197.114 0.492707
      vertex -13.0766 195.002 8.67362e-16
    endloop
  endfacet
  facet normal -0.990659 1.83885e-6 0.136365
    outer loop
      vertex -13.0088 197.114 0.492707
      vertex -13.0218 196.891 0.397826
      vertex -13.0766 195.002 8.67362e-16
    endloop
  endfacet
  facet normal -0.990656 -2.7369e-6 0.136386
    outer loop
      vertex -13.0766 195.002 8.67362e-16
      vertex -13.0218 196.891 0.397826
      vertex -13.0335 196.664 0.312673
    endloop
  endfacet
  facet normal -0.990658 -1.26235e-7 0.136372
    outer loop
      vertex -11.5378 195.509 11.1785
      vertex -11.5427 195.749 11.143
      vertex -13.0766 195.002 8.67362e-16
    endloop
  endfacet
  facet normal -0.990658 2.8103e-6 0.136372
    outer loop
      vertex -11.5427 195.749 11.143
      vertex -11.549 195.987 11.0971
      vertex -13.0766 195.002 8.67362e-16
    endloop
  endfacet
  facet normal -0.990658 -1.66039e-6 0.136372
    outer loop
      vertex -13.0766 195.002 8.67362e-16
      vertex -11.549 195.987 11.0971
      vertex -11.5567 196.223 11.041
    endloop
  endfacet
  facet normal -0.990661 4.75438e-6 0.136347
    outer loop
      vertex -13.0335 196.664 0.312673
      vertex -13.0439 196.433 0.237408
      vertex -13.0766 195.002 8.67362e-16
    endloop
  endfacet
  facet normal -0.990657 -6.49418e-7 0.136379
    outer loop
      vertex -13.0439 196.433 0.237408
      vertex -13.0529 196.2 0.172171
      vertex -13.0766 195.002 8.67362e-16
    endloop
  endfacet
  facet normal -0.990655 -2.5563e-6 0.136392
    outer loop
      vertex -13.0766 195.002 8.67362e-16
      vertex -13.0529 196.2 0.172171
      vertex -13.0605 195.963 0.117084
    endloop
  endfacet
  facet normal -0.990658 0 0.136372
    outer loop
      vertex -11.7 -40.3 10
      vertex -11.7 100 10
      vertex -13.5309 100 -3.3
    endloop
  endfacet
  facet normal -0.990658 -3.80696e-9 0.136372
    outer loop
      vertex -11.7 100 10
      vertex -11.5343 140.891 11.2037
      vertex -13.5309 100 -3.3
    endloop
  endfacet
  facet normal -0.990658 -2.48671e-9 0.136372
    outer loop
      vertex -13.5309 100 -3.3
      vertex -11.5343 140.891 11.2037
      vertex -13.0766 195.002 8.67362e-16
    endloop
  endfacet
  facet normal -0.990658 0 0.136372
    outer loop
      vertex -11.5343 140.891 11.2037
      vertex -11.5343 195.268 11.2037
      vertex -13.0766 195.002 8.67362e-16
    endloop
  endfacet
  facet normal -0.990658 -1.66392e-6 0.136372
    outer loop
      vertex -13.0766 195.002 8.67362e-16
      vertex -11.5343 195.268 11.2037
      vertex -11.5378 195.509 11.1785
    endloop
  endfacet
  facet normal -0.990658 -1.28826e-7 0.136373
    outer loop
      vertex -13.0605 195.963 0.117084
      vertex -13.0666 195.725 0.0722489
      vertex -13.0766 195.002 8.67362e-16
    endloop
  endfacet
  facet normal -0.99066 1.63017e-6 0.136355
    outer loop
      vertex -13.0666 195.725 0.0722489
      vertex -13.0714 195.485 0.0377503
      vertex -13.0766 195.002 8.67362e-16
    endloop
  endfacet
  facet normal -0.990657 2.47391e-8 0.136375
    outer loop
      vertex -13.0766 195.002 8.67362e-16
      vertex -13.0714 195.485 0.0377503
      vertex -13.0747 195.244 0.0136523
    endloop
  endfacet
  facet normal 0.990658 0 0.136372
    outer loop
      vertex 14.8599 -40.3 -12.9544
      vertex 14.8599 100 -12.9544
      vertex 11.7 -40.3 10
    endloop
  endfacet
  facet normal 0.990658 -2.51351e-9 0.136372
    outer loop
      vertex 14.8599 100 -12.9544
      vertex 13.5309 100 -3.3
      vertex 11.7 -40.3 10
    endloop
  endfacet
  facet normal 0.990658 0 0.136372
    outer loop
      vertex 11.7 -40.3 10
      vertex 13.5309 100 -3.3
      vertex 11.7 100 10
    endloop
  endfacet
  facet normal 0.990658 1.39244e-7 0.136372
    outer loop
      vertex 12.3561 200.407 5.23381
      vertex 12.3228 200.418 5.47607
      vertex 13.0766 195.002 8.67362e-16
    endloop
  endfacet
  facet normal 0.990658 -2.81618e-7 0.136373
    outer loop
      vertex 12.3228 200.418 5.47607
      vertex 12.2894 200.419 5.71858
      vertex 13.0766 195.002 8.67362e-16
    endloop
  endfacet
  facet normal 0.990658 -5.71416e-7 0.136373
    outer loop
      vertex 12.2894 200.419 5.71858
      vertex 12.256 200.409 5.96088
      vertex 13.0766 195.002 8.67362e-16
    endloop
  endfacet
  facet normal 0.990658 3.64354e-6 0.136369
    outer loop
      vertex 13.0766 195.002 8.67362e-16
      vertex 12.256 200.409 5.96088
      vertex 12.2228 200.388 6.20253
    endloop
  endfacet
  facet normal 0.990657 -2.68323e-6 0.136375
    outer loop
      vertex 12.4553 200.312 4.51305
      vertex 12.4225 200.354 4.75185
      vertex 13.0766 195.002 8.67362e-16
    endloop
  endfacet
  facet normal 0.990658 1.70782e-7 0.136372
    outer loop
      vertex 12.4225 200.354 4.75185
      vertex 12.3894 200.386 4.99225
      vertex 13.0766 195.002 8.67362e-16
    endloop
  endfacet
  facet normal 0.990658 1.25643e-6 0.136371
    outer loop
      vertex 13.0766 195.002 8.67362e-16
      vertex 12.3894 200.386 4.99225
      vertex 12.3561 200.407 5.23381
    endloop
  endfacet
  facet normal 0.990657 -2.6844e-6 0.136374
    outer loop
      vertex 12.2228 200.388 6.20253
      vertex 12.1896 200.357 6.44307
      vertex 13.0766 195.002 8.67362e-16
    endloop
  endfacet
  facet normal 0.990658 1.68917e-6 0.136371
    outer loop
      vertex 12.1896 200.357 6.44307
      vertex 12.1567 200.316 6.68206
      vertex 13.0766 195.002 8.67362e-16
    endloop
  endfacet
  facet normal 0.990657 -2.08363e-6 0.136374
    outer loop
      vertex 13.0766 195.002 8.67362e-16
      vertex 12.1567 200.316 6.68206
      vertex 12.1241 200.265 6.91904
    endloop
  endfacet
  facet normal 0.990657 -2.36539e-6 0.136375
    outer loop
      vertex 12.552 200.124 3.81068
      vertex 12.5202 200.196 4.04202
      vertex 13.0766 195.002 8.67362e-16
    endloop
  endfacet
  facet normal 0.990658 3.39868e-6 0.136368
    outer loop
      vertex 12.5202 200.196 4.04202
      vertex 12.4879 200.259 4.27629
      vertex 13.0766 195.002 8.67362e-16
    endloop
  endfacet
  facet normal 0.990658 -8.09826e-7 0.136373
    outer loop
      vertex 13.0766 195.002 8.67362e-16
      vertex 12.4879 200.259 4.27629
      vertex 12.4553 200.312 4.51305
    endloop
  endfacet
  facet normal 0.990658 1.00358e-6 0.136372
    outer loop
      vertex 12.1241 200.265 6.91904
      vertex 12.0918 200.203 7.15358
      vertex 13.0766 195.002 8.67362e-16
    endloop
  endfacet
  facet normal 0.990658 1.033e-6 0.136372
    outer loop
      vertex 12.0918 200.203 7.15358
      vertex 12.0599 200.131 7.38524
      vertex 13.0766 195.002 8.67362e-16
    endloop
  endfacet
  facet normal 0.990658 1.5491e-6 0.136371
    outer loop
      vertex 13.0766 195.002 8.67362e-16
      vertex 12.0599 200.131 7.38524
      vertex 12.0285 200.05 7.61358
    endloop
  endfacet
  facet normal 0.990658 2.75421e-6 0.136368
    outer loop
      vertex 12.6445 199.846 3.1385
      vertex 12.6143 199.949 3.3585
      vertex 13.0766 195.002 8.67362e-16
    endloop
  endfacet
  facet normal 0.990658 -8.66375e-7 0.136373
    outer loop
      vertex 12.6143 199.949 3.3585
      vertex 12.5834 200.041 3.5827
      vertex 13.0766 195.002 8.67362e-16
    endloop
  endfacet
  facet normal 0.990658 -2.68783e-8 0.136372
    outer loop
      vertex 13.0766 195.002 8.67362e-16
      vertex 12.5834 200.041 3.5827
      vertex 12.552 200.124 3.81068
    endloop
  endfacet
  facet normal 0.990657 -1.96894e-6 0.136373
    outer loop
      vertex 12.0285 200.05 7.61358
      vertex 11.9976 199.958 7.83818
      vertex 13.0766 195.002 8.67362e-16
    endloop
  endfacet
  facet normal 0.990658 -1.60332e-6 0.136373
    outer loop
      vertex 11.9976 199.958 7.83818
      vertex 11.9672 199.857 8.05863
      vertex 13.0766 195.002 8.67362e-16
    endloop
  endfacet
  facet normal 0.990658 3.70616e-6 0.13637
    outer loop
      vertex 13.0766 195.002 8.67362e-16
      vertex 11.9672 199.857 8.05863
      vertex 11.9375 199.747 8.2745
    endloop
  endfacet
  facet normal 0.990658 1.63968e-6 0.13637
    outer loop
      vertex 12.7314 199.485 2.50779
      vertex 12.7032 199.614 2.71275
      vertex 13.0766 195.002 8.67362e-16
    endloop
  endfacet
  facet normal 0.990657 -1.42789e-6 0.136375
    outer loop
      vertex 12.7032 199.614 2.71275
      vertex 12.6742 199.735 2.92312
      vertex 13.0766 195.002 8.67362e-16
    endloop
  endfacet
  facet normal 0.990658 -3.28112e-7 0.136373
    outer loop
      vertex 13.0766 195.002 8.67362e-16
      vertex 12.6742 199.735 2.92312
      vertex 12.6445 199.846 3.1385
    endloop
  endfacet
  facet normal 0.990658 -1.64535e-6 0.136373
    outer loop
      vertex 11.9375 199.747 8.2745
      vertex 11.9085 199.627 8.4854
      vertex 13.0766 195.002 8.67362e-16
    endloop
  endfacet
  facet normal 0.990658 9.8403e-7 0.136372
    outer loop
      vertex 11.9085 199.627 8.4854
      vertex 11.8802 199.498 8.69093
      vertex 13.0766 195.002 8.67362e-16
    endloop
  endfacet
  facet normal 0.990658 2.8077e-7 0.136372
    outer loop
      vertex 13.0766 195.002 8.67362e-16
      vertex 11.8802 199.498 8.69093
      vertex 11.8527 199.361 8.89071
    endloop
  endfacet
  facet normal 0.990657 -6.54543e-7 0.136374
    outer loop
      vertex 12.811 199.045 1.92912
      vertex 12.7854 199.2 2.1156
      vertex 13.0766 195.002 8.67362e-16
    endloop
  endfacet
  facet normal 0.990659 3.33432e-6 0.136366
    outer loop
      vertex 12.7854 199.2 2.1156
      vertex 12.7588 199.346 2.30861
      vertex 13.0766 195.002 8.67362e-16
    endloop
  endfacet
  facet normal 0.990657 -1.70208e-6 0.136375
    outer loop
      vertex 13.0766 195.002 8.67362e-16
      vertex 12.7588 199.346 2.30861
      vertex 12.7314 199.485 2.50779
    endloop
  endfacet
  facet normal 0.990658 -6.47257e-7 0.136373
    outer loop
      vertex 11.8527 199.361 8.89071
      vertex 11.826 199.215 9.08436
      vertex 13.0766 195.002 8.67362e-16
    endloop
  endfacet
  facet normal 0.990658 6.9825e-7 0.136372
    outer loop
      vertex 11.826 199.215 9.08436
      vertex 11.8003 199.061 9.27153
      vertex 13.0766 195.002 8.67362e-16
    endloop
  endfacet
  facet normal 0.990658 -8.9108e-7 0.136373
    outer loop
      vertex 13.0766 195.002 8.67362e-16
      vertex 11.8003 199.061 9.27153
      vertex 11.7755 198.899 9.45186
    endloop
  endfacet
  facet normal 0.990659 2.86419e-6 0.136366
    outer loop
      vertex 12.8822 198.533 1.4122
      vertex 12.8595 198.711 1.57708
      vertex 13.0766 195.002 8.67362e-16
    endloop
  endfacet
  facet normal 0.990658 1.08156e-6 0.13637
    outer loop
      vertex 12.8595 198.711 1.57708
      vertex 12.8358 198.882 1.7495
      vertex 13.0766 195.002 8.67362e-16
    endloop
  endfacet
  facet normal 0.990657 -2.8397e-6 0.136378
    outer loop
      vertex 13.0766 195.002 8.67362e-16
      vertex 12.8358 198.882 1.7495
      vertex 12.811 199.045 1.92912
    endloop
  endfacet
  facet normal 0.990658 -7.54061e-7 0.136373
    outer loop
      vertex 11.7755 198.899 9.45186
      vertex 11.7516 198.729 9.62502
      vertex 13.0766 195.002 8.67362e-16
    endloop
  endfacet
  facet normal 0.990658 -7.84631e-7 0.136373
    outer loop
      vertex 11.7516 198.729 9.62502
      vertex 11.7288 198.552 9.79068
      vertex 13.0766 195.002 8.67362e-16
    endloop
  endfacet
  facet normal 0.990658 1.37363e-6 0.136372
    outer loop
      vertex 13.0766 195.002 8.67362e-16
      vertex 11.7288 198.552 9.79068
      vertex 11.7071 198.368 9.94855
    endloop
  endfacet
  facet normal 0.990657 -1.46529e-6 0.136377
    outer loop
      vertex 12.9436 197.959 0.965709
      vertex 12.9243 198.157 1.10623
      vertex 13.0766 195.002 8.67362e-16
    endloop
  endfacet
  facet normal 0.990658 7.28029e-7 0.136371
    outer loop
      vertex 12.9243 198.157 1.10623
      vertex 12.9038 198.348 1.25515
      vertex 13.0766 195.002 8.67362e-16
    endloop
  endfacet
  facet normal 0.990657 -1.60033e-6 0.136377
    outer loop
      vertex 13.0766 195.002 8.67362e-16
      vertex 12.9038 198.348 1.25515
      vertex 12.8822 198.533 1.4122
    endloop
  endfacet
  facet normal 0.990658 5.33296e-7 0.136372
    outer loop
      vertex 11.7071 198.368 9.94855
      vertex 11.6865 198.177 10.0983
      vertex 13.0766 195.002 8.67362e-16
    endloop
  endfacet
  facet normal 0.990658 -9.02773e-7 0.136372
    outer loop
      vertex 11.6865 198.177 10.0983
      vertex 11.667 197.98 10.2397
      vertex 13.0766 195.002 8.67362e-16
    endloop
  endfacet
  facet normal 0.990658 1.13844e-6 0.136372
    outer loop
      vertex 13.0766 195.002 8.67362e-16
      vertex 11.667 197.98 10.2397
      vertex 11.6487 197.777 10.3724
    endloop
  endfacet
  facet normal 0.990658 4.16072e-7 0.136371
    outer loop
      vertex 12.9944 197.333 0.59714
      vertex 12.9787 197.547 0.710929
      vertex 13.0766 195.002 8.67362e-16
    endloop
  endfacet
  facet normal 0.990657 -1.28975e-6 0.136377
    outer loop
      vertex 12.9787 197.547 0.710929
      vertex 12.9618 197.756 0.833862
      vertex 13.0766 195.002 8.67362e-16
    endloop
  endfacet
  facet normal 0.990658 1.53132e-6 0.136368
    outer loop
      vertex 13.0766 195.002 8.67362e-16
      vertex 12.9618 197.756 0.833862
      vertex 12.9436 197.959 0.965709
    endloop
  endfacet
  facet normal 0.990658 7.96092e-7 0.136372
    outer loop
      vertex 11.6487 197.777 10.3724
      vertex 11.6317 197.568 10.4963
      vertex 13.0766 195.002 8.67362e-16
    endloop
  endfacet
  facet normal 0.990658 -5.97168e-7 0.136372
    outer loop
      vertex 11.6317 197.568 10.4963
      vertex 11.6159 197.355 10.611
      vertex 13.0766 195.002 8.67362e-16
    endloop
  endfacet
  facet normal 0.990658 3.68412e-7 0.136372
    outer loop
      vertex 13.0766 195.002 8.67362e-16
      vertex 11.6159 197.355 10.611
      vertex 11.6014 197.136 10.7164
    endloop
  endfacet
  facet normal 0.990656 -2.7369e-6 0.136386
    outer loop
      vertex 13.0335 196.664 0.312673
      vertex 13.0218 196.891 0.397826
      vertex 13.0766 195.002 8.67362e-16
    endloop
  endfacet
  facet normal 0.990659 1.83885e-6 0.136365
    outer loop
      vertex 13.0218 196.891 0.397826
      vertex 13.0088 197.114 0.492707
      vertex 13.0766 195.002 8.67362e-16
    endloop
  endfacet
  facet normal 0.990658 6.60102e-7 0.13637
    outer loop
      vertex 13.0766 195.002 8.67362e-16
      vertex 13.0088 197.114 0.492707
      vertex 12.9944 197.333 0.59714
    endloop
  endfacet
  facet normal 0.990658 -3.71648e-6 0.136373
    outer loop
      vertex 11.6014 197.136 10.7164
      vertex 11.5882 196.914 10.8123
      vertex 13.0766 195.002 8.67362e-16
    endloop
  endfacet
  facet normal 0.990658 2.55891e-6 0.136372
    outer loop
      vertex 11.5882 196.914 10.8123
      vertex 11.5763 196.687 10.8984
      vertex 13.0766 195.002 8.67362e-16
    endloop
  endfacet
  facet normal 0.990658 -1.95206e-6 0.136373
    outer loop
      vertex 13.0766 195.002 8.67362e-16
      vertex 11.5763 196.687 10.8984
      vertex 11.5658 196.457 10.9747
    endloop
  endfacet
  facet normal 0.990655 -2.5563e-6 0.136392
    outer loop
      vertex 13.0605 195.963 0.117084
      vertex 13.0529 196.2 0.172171
      vertex 13.0766 195.002 8.67362e-16
    endloop
  endfacet
  facet normal 0.990657 -6.49418e-7 0.136379
    outer loop
      vertex 13.0529 196.2 0.172171
      vertex 13.0439 196.433 0.237408
      vertex 13.0766 195.002 8.67362e-16
    endloop
  endfacet
  facet normal 0.990661 4.75438e-6 0.136347
    outer loop
      vertex 13.0766 195.002 8.67362e-16
      vertex 13.0439 196.433 0.237408
      vertex 13.0335 196.664 0.312673
    endloop
  endfacet
  facet normal 0.990658 9.5914e-7 0.136372
    outer loop
      vertex 11.5658 196.457 10.9747
      vertex 11.5567 196.223 11.041
      vertex 13.0766 195.002 8.67362e-16
    endloop
  endfacet
  facet normal 0.990658 -1.66039e-6 0.136372
    outer loop
      vertex 11.5567 196.223 11.041
      vertex 11.549 195.987 11.0971
      vertex 13.0766 195.002 8.67362e-16
    endloop
  endfacet
  facet normal 0.990658 2.8103e-6 0.136372
    outer loop
      vertex 13.0766 195.002 8.67362e-16
      vertex 11.549 195.987 11.0971
      vertex 11.5427 195.749 11.143
    endloop
  endfacet
  facet normal 0.990658 -1.26235e-7 0.136372
    outer loop
      vertex 11.5427 195.749 11.143
      vertex 11.5378 195.509 11.1785
      vertex 13.0766 195.002 8.67362e-16
    endloop
  endfacet
  facet normal 0.990658 -1.66392e-6 0.136372
    outer loop
      vertex 11.5378 195.509 11.1785
      vertex 11.5343 195.268 11.2037
      vertex 13.0766 195.002 8.67362e-16
    endloop
  endfacet
  facet normal 0.990658 -2.9063e-9 0.136372
    outer loop
      vertex 13.0766 195.002 8.67362e-16
      vertex 11.5343 195.268 11.2037
      vertex 13.5309 100 -3.3
    endloop
  endfacet
  facet normal 0.990658 0 0.136372
    outer loop
      vertex 11.5343 195.268 11.2037
      vertex 11.5343 140.891 11.2037
      vertex 13.5309 100 -3.3
    endloop
  endfacet
  facet normal 0.990658 -3.80696e-9 0.136372
    outer loop
      vertex 13.5309 100 -3.3
      vertex 11.5343 140.891 11.2037
      vertex 11.7 100 10
    endloop
  endfacet
  facet normal 0.990657 2.47391e-8 0.136375
    outer loop
      vertex 13.0747 195.244 0.0136523
      vertex 13.0714 195.485 0.0377503
      vertex 13.0766 195.002 8.67362e-16
    endloop
  endfacet
  facet normal 0.99066 1.63017e-6 0.136355
    outer loop
      vertex 13.0714 195.485 0.0377503
      vertex 13.0666 195.725 0.0722489
      vertex 13.0766 195.002 8.67362e-16
    endloop
  endfacet
  facet normal 0.990658 -1.28826e-7 0.136373
    outer loop
      vertex 13.0766 195.002 8.67362e-16
      vertex 13.0666 195.725 0.0722489
      vertex 13.0605 195.963 0.117084
    endloop
  endfacet
  facet normal 0.998601 0 -0.0528761
    outer loop
      vertex 20.4372 -74.7318 33.2218
      vertex 20.4372 -100 33.2218
      vertex 19.2076 -74.7318 10
    endloop
  endfacet
  facet normal 0.998601 1.40294e-8 -0.0528761
    outer loop
      vertex 20.4372 -100 33.2218
      vertex 18.6677 -100 -0.196583
      vertex 19.2076 -74.7318 10
    endloop
  endfacet
  facet normal 0.998601 0 -0.052876
    outer loop
      vertex 19.2076 -74.7318 10
      vertex 18.6677 -100 -0.196583
      vertex 18.6677 -74.7318 -0.196583
    endloop
  endfacet
  facet normal 0.998601 0 -0.052876
    outer loop
      vertex 18.4788 -100 -3.76351
      vertex 17.0893 -100 -30.0047
      vertex 18.4788 -74.7318 -3.76351
    endloop
  endfacet
  facet normal 0.998601 0 -0.052876
    outer loop
      vertex 17.0893 -100 -30.0047
      vertex 17.0893 -40.3 -30.0047
      vertex 18.4788 -74.7318 -3.76351
    endloop
  endfacet
  facet normal 0.998601 -2.81242e-7 -0.0528764
    outer loop
      vertex 18.4788 -74.7318 -3.76351
      vertex 17.0893 -40.3 -30.0047
      vertex 18.6677 -74.7318 -0.196583
    endloop
  endfacet
  facet normal 0.998601 1.17309e-8 -0.0528761
    outer loop
      vertex 17.0893 -40.3 -30.0047
      vertex 19.2076 -40.3 10
      vertex 18.6677 -74.7318 -0.196583
    endloop
  endfacet
  facet normal 0.998601 0 -0.052876
    outer loop
      vertex 18.6677 -74.7318 -0.196583
      vertex 19.2076 -40.3 10
      vertex 19.2076 -74.7318 10
    endloop
  endfacet
  facet normal 0 0.0347153 -0.999397
    outer loop
      vertex -13.5309 100 -3.3
      vertex -13.0766 195.002 8.67362e-16
      vertex 0 100 -3.3
    endloop
  endfacet
  facet normal 0 0.0347153 -0.999397
    outer loop
      vertex -13.0766 195.002 8.67362e-16
      vertex 13.0766 195.002 8.67362e-16
      vertex 0 100 -3.3
    endloop
  endfacet
  facet normal 0 0.0347153 -0.999397
    outer loop
      vertex 0 100 -3.3
      vertex 13.0766 195.002 8.67362e-16
      vertex 13.5309 100 -3.3
    endloop
  endfacet
  facet normal -0.998601 0 -0.052876
    outer loop
      vertex -20.6079 -100 36.4467
      vertex -20.8208 -100 40.4672
      vertex -20.6079 -74.7318 36.4467
    endloop
  endfacet
  facet normal -0.998601 0 -0.052876
    outer loop
      vertex -20.8208 -100 40.4672
      vertex -20.8208 -74.7318 40.4672
      vertex -20.6079 -74.7318 36.4467
    endloop
  endfacet
  facet normal 0 0 -1
    outer loop
      vertex 17.0893 -100 -30.0047
      vertex 5.95446 -100 -30.0047
      vertex 5.96172 -99.9938 -30.0047
    endloop
  endfacet
  facet normal 0 0 -1
    outer loop
      vertex 7.14959 -41.6198 -30.0047
      vertex 6.66529 -41.124 -30.0047
      vertex 17.0893 -40.3 -30.0047
    endloop
  endfacet
  facet normal 0 0 -1
    outer loop
      vertex 6.66529 -41.124 -30.0047
      vertex 6.19881 -40.6864 -30.0047
      vertex 17.0893 -40.3 -30.0047
    endloop
  endfacet
  facet normal 0 0 -1
    outer loop
      vertex 17.0893 -40.3 -30.0047
      vertex 6.19881 -40.6864 -30.0047
      vertex 5.74907 -40.3 -30.0047
    endloop
  endfacet
  facet normal 0 0 -1
    outer loop
      vertex 5.96172 -99.9938 -30.0047
      vertex 6.41931 -99.5837 -30.0047
      vertex 17.0893 -100 -30.0047
    endloop
  endfacet
  facet normal 0 0 -1
    outer loop
      vertex 6.41931 -99.5837 -30.0047
      vertex 6.89417 -99.1193 -30.0047
      vertex 17.0893 -100 -30.0047
    endloop
  endfacet
  facet normal 0 0 -1
    outer loop
      vertex 17.0893 -100 -30.0047
      vertex 6.89417 -99.1193 -30.0047
      vertex 7.3873 -98.593 -30.0047
    endloop
  endfacet
  facet normal 0 0 -1
    outer loop
      vertex 8.71704 -43.5433 -30.0047
      vertex 8.17499 -42.8194 -30.0047
      vertex 17.0893 -40.3 -30.0047
    endloop
  endfacet
  facet normal 0 0 -1
    outer loop
      vertex 8.17499 -42.8194 -30.0047
      vertex 7.6526 -42.1818 -30.0047
      vertex 17.0893 -40.3 -30.0047
    endloop
  endfacet
  facet normal 0 0 -1
    outer loop
      vertex 17.0893 -40.3 -30.0047
      vertex 7.6526 -42.1818 -30.0047
      vertex 7.14959 -41.6198 -30.0047
    endloop
  endfacet
  facet normal 0 0 -1
    outer loop
      vertex 7.3873 -98.593 -30.0047
      vertex 7.8995 -97.9962 -30.0047
      vertex 17.0893 -100 -30.0047
    endloop
  endfacet
  facet normal 0 0 -1
    outer loop
      vertex 7.8995 -97.9962 -30.0047
      vertex 8.43127 -97.3188 -30.0047
      vertex 17.0893 -100 -30.0047
    endloop
  endfacet
  facet normal 0 0 -1
    outer loop
      vertex 17.0893 -100 -30.0047
      vertex 8.43127 -97.3188 -30.0047
      vertex 8.98266 -96.5496 -30.0047
    endloop
  endfacet
  facet normal 0 0 -1
    outer loop
      vertex 10.4544 -46.3609 -30.0047
      vertex 9.85831 -45.2997 -30.0047
      vertex 17.0893 -40.3 -30.0047
    endloop
  endfacet
  facet normal 0 0 -1
    outer loop
      vertex 9.85831 -45.2997 -30.0047
      vertex 9.2785 -44.3655 -30.0047
      vertex 17.0893 -40.3 -30.0047
    endloop
  endfacet
  facet normal 0 0 -1
    outer loop
      vertex 17.0893 -40.3 -30.0047
      vertex 9.2785 -44.3655 -30.0047
      vertex 8.71704 -43.5433 -30.0047
    endloop
  endfacet
  facet normal 0 0 -1
    outer loop
      vertex 8.98266 -96.5496 -30.0047
      vertex 9.55306 -95.6757 -30.0047
      vertex 17.0893 -100 -30.0047
    endloop
  endfacet
  facet normal 0 0 -1
    outer loop
      vertex 9.55306 -95.6757 -30.0047
      vertex 10.141 -94.6828 -30.0047
      vertex 17.0893 -100 -30.0047
    endloop
  endfacet
  facet normal 0 0 -1
    outer loop
      vertex 17.0893 -100 -30.0047
      vertex 10.141 -94.6828 -30.0047
      vertex 10.7437 -93.5555 -30.0047
    endloop
  endfacet
  facet normal 0 0 -1
    outer loop
      vertex 12.2964 -50.4685 -30.0047
      vertex 11.6798 -48.9287 -30.0047
      vertex 17.0893 -40.3 -30.0047
    endloop
  endfacet
  facet normal 0 0 -1
    outer loop
      vertex 11.6798 -48.9287 -30.0047
      vertex 11.0633 -47.565 -30.0047
      vertex 17.0893 -40.3 -30.0047
    endloop
  endfacet
  facet normal 0 0 -1
    outer loop
      vertex 17.0893 -40.3 -30.0047
      vertex 11.0633 -47.565 -30.0047
      vertex 10.4544 -46.3609 -30.0047
    endloop
  endfacet
  facet normal 0 0 -1
    outer loop
      vertex 10.7437 -93.5555 -30.0047
      vertex 11.357 -92.2772 -30.0047
      vertex 17.0893 -100 -30.0047
    endloop
  endfacet
  facet normal 0 0 -1
    outer loop
      vertex 11.357 -92.2772 -30.0047
      vertex 11.9747 -90.8315 -30.0047
      vertex 17.0893 -100 -30.0047
    endloop
  endfacet
  facet normal 0 0 -1
    outer loop
      vertex 17.0893 -100 -30.0047
      vertex 11.9747 -90.8315 -30.0047
      vertex 12.588 -89.2024 -30.0047
    endloop
  endfacet
  facet normal 0 0 -1
    outer loop
      vertex 14.0339 -56.2697 -30.0047
      vertex 13.4876 -54.1308 -30.0047
      vertex 17.0893 -40.3 -30.0047
    endloop
  endfacet
  facet normal 0 0 -1
    outer loop
      vertex 13.4876 -54.1308 -30.0047
      vertex 12.9033 -52.1988 -30.0047
      vertex 17.0893 -40.3 -30.0047
    endloop
  endfacet
  facet normal 0 0 -1
    outer loop
      vertex 17.0893 -40.3 -30.0047
      vertex 12.9033 -52.1988 -30.0047
      vertex 12.2964 -50.4685 -30.0047
    endloop
  endfacet
  facet normal 0 0 -1
    outer loop
      vertex 12.588 -89.2024 -30.0047
      vertex 13.1859 -87.3769 -30.0047
      vertex 17.0893 -100 -30.0047
    endloop
  endfacet
  facet normal 0 0 -1
    outer loop
      vertex 13.1859 -87.3769 -30.0047
      vertex 13.7542 -85.3463 -30.0047
      vertex 17.0893 -100 -30.0047
    endloop
  endfacet
  facet normal 0 0 -1
    outer loop
      vertex 17.0893 -100 -30.0047
      vertex 13.7542 -85.3463 -30.0047
      vertex 14.2763 -83.1092 -30.0047
    endloop
  endfacet
  facet normal 0 0 -1
    outer loop
      vertex 15.2637 -63.8379 -30.0047
      vertex 14.9407 -61.1439 -30.0047
      vertex 17.0893 -40.3 -30.0047
    endloop
  endfacet
  facet normal 0 0 -1
    outer loop
      vertex 14.9407 -61.1439 -30.0047
      vertex 14.5246 -58.6122 -30.0047
      vertex 17.0893 -40.3 -30.0047
    endloop
  endfacet
  facet normal 0 0 -1
    outer loop
      vertex 17.0893 -40.3 -30.0047
      vertex 14.5246 -58.6122 -30.0047
      vertex 14.0339 -56.2697 -30.0047
    endloop
  endfacet
  facet normal 0 0 -1
    outer loop
      vertex 14.2763 -83.1092 -30.0047
      vertex 14.7337 -80.6738 -30.0047
      vertex 17.0893 -100 -30.0047
    endloop
  endfacet
  facet normal 0 0 -1
    outer loop
      vertex 14.7337 -80.6738 -30.0047
      vertex 15.1076 -78.0605 -30.0047
      vertex 17.0893 -100 -30.0047
    endloop
  endfacet
  facet normal 0 0 -1
    outer loop
      vertex 17.0893 -100 -30.0047
      vertex 15.1076 -78.0605 -30.0047
      vertex 15.3802 -75.3024 -30.0047
    endloop
  endfacet
  facet normal 0 0 -1
    outer loop
      vertex 15.3802 -75.3024 -30.0047
      vertex 15.5374 -72.4448 -30.0047
      vertex 17.0893 -100 -30.0047
    endloop
  endfacet
  facet normal 0 0 -1
    outer loop
      vertex 15.5374 -72.4448 -30.0047
      vertex 15.5704 -69.5425 -30.0047
      vertex 17.0893 -100 -30.0047
    endloop
  endfacet
  facet normal 0 0 -1
    outer loop
      vertex 17.0893 -100 -30.0047
      vertex 15.5704 -69.5425 -30.0047
      vertex 17.0893 -40.3 -30.0047
    endloop
  endfacet
  facet normal 0 0 -1
    outer loop
      vertex 15.5704 -69.5425 -30.0047
      vertex 15.4775 -66.6543 -30.0047
      vertex 17.0893 -40.3 -30.0047
    endloop
  endfacet
  facet normal 0 0 -1
    outer loop
      vertex 17.0893 -40.3 -30.0047
      vertex 15.4775 -66.6543 -30.0047
      vertex 15.2637 -63.8379 -30.0047
    endloop
  endfacet
  facet normal 0.998835 0 -0.0482558
    outer loop
      vertex 20.8302 -100 40.6602
      vertex 20.8208 -100 40.4672
      vertex 20.8208 -74.7318 40.4672
    endloop
  endfacet
  facet normal -0.997545 0.000140452 -0.0700251
    outer loop
      vertex -20.7707 -74.7318 39.7525
      vertex -20.8208 -74.7318 40.4672
      vertex -20.8302 -44.7318 40.6602
    endloop
  endfacet
  facet normal -0.997859 0 -0.0654038
    outer loop
      vertex -20.8302 -44.7318 40.6602
      vertex -20.7707 -44.7318 39.7525
      vertex -20.7707 -74.7318 39.7525
    endloop
  endfacet
  facet normal -0.994056 0 -0.108868
    outer loop
      vertex -20.7707 -44.7318 39.7525
      vertex -20.6716 -44.7318 38.8482
      vertex -20.7707 -74.7318 39.7525
    endloop
  endfacet
  facet normal -0.994056 0 -0.108868
    outer loop
      vertex -20.7707 -74.7318 39.7525
      vertex -20.6716 -44.7318 38.8482
      vertex -20.6716 -74.7318 38.8482
    endloop
  endfacet
  facet normal -0.988362 0 -0.152123
    outer loop
      vertex -20.6716 -44.7318 38.8482
      vertex -20.5332 -44.7318 37.9491
      vertex -20.6716 -74.7318 38.8482
    endloop
  endfacet
  facet normal -0.988362 0 -0.152123
    outer loop
      vertex -20.6716 -74.7318 38.8482
      vertex -20.5332 -44.7318 37.9491
      vertex -20.5332 -74.7318 37.9491
    endloop
  endfacet
  facet normal -0.980785 0 -0.19509
    outer loop
      vertex -20.5332 -44.7318 37.9491
      vertex -20.3558 -44.7318 37.0569
      vertex -20.5332 -74.7318 37.9491
    endloop
  endfacet
  facet normal -0.980785 0 -0.19509
    outer loop
      vertex -20.5332 -74.7318 37.9491
      vertex -20.3558 -44.7318 37.0569
      vertex -20.3558 -74.7318 37.0569
    endloop
  endfacet
  facet normal -0.971342 0 -0.237687
    outer loop
      vertex -20.3558 -44.7318 37.0569
      vertex -20.1396 -44.7318 36.1733
      vertex -20.3558 -74.7318 37.0569
    endloop
  endfacet
  facet normal -0.971342 0 -0.237687
    outer loop
      vertex -20.3558 -74.7318 37.0569
      vertex -20.1396 -44.7318 36.1733
      vertex -20.1396 -74.7318 36.1733
    endloop
  endfacet
  facet normal -0.96005 0 -0.279829
    outer loop
      vertex -20.1396 -44.7318 36.1733
      vertex -19.885 -44.7318 35.2999
      vertex -20.1396 -74.7318 36.1733
    endloop
  endfacet
  facet normal -0.96005 0 -0.279829
    outer loop
      vertex -20.1396 -74.7318 36.1733
      vertex -19.885 -44.7318 35.2999
      vertex -19.885 -74.7318 35.2999
    endloop
  endfacet
  facet normal -0.94693 0 -0.32144
    outer loop
      vertex -19.885 -44.7318 35.2999
      vertex -19.5926 -44.7318 34.4385
      vertex -19.885 -74.7318 35.2999
    endloop
  endfacet
  facet normal -0.94693 0 -0.32144
    outer loop
      vertex -19.885 -74.7318 35.2999
      vertex -19.5926 -44.7318 34.4385
      vertex -19.5926 -74.7318 34.4385
    endloop
  endfacet
  facet normal -0.932008 0 -0.362438
    outer loop
      vertex -19.5926 -44.7318 34.4385
      vertex -19.2629 -44.7318 33.5907
      vertex -19.5926 -74.7318 34.4385
    endloop
  endfacet
  facet normal -0.932008 0 -0.362438
    outer loop
      vertex -19.5926 -74.7318 34.4385
      vertex -19.2629 -44.7318 33.5907
      vertex -19.2629 -74.7318 33.5907
    endloop
  endfacet
  facet normal -0.915312 0 -0.402746
    outer loop
      vertex -19.2629 -44.7318 33.5907
      vertex -18.8965 -44.7318 32.7581
      vertex -19.2629 -74.7318 33.5907
    endloop
  endfacet
  facet normal -0.915312 0 -0.402746
    outer loop
      vertex -19.2629 -74.7318 33.5907
      vertex -18.8965 -44.7318 32.7581
      vertex -18.8965 -74.7318 32.7581
    endloop
  endfacet
  facet normal -0.896872 0 -0.442289
    outer loop
      vertex -18.8965 -44.7318 32.7581
      vertex -18.4942 -44.7318 31.9422
      vertex -18.8965 -74.7318 32.7581
    endloop
  endfacet
  facet normal -0.896872 0 -0.442289
    outer loop
      vertex -18.8965 -74.7318 32.7581
      vertex -18.4942 -44.7318 31.9422
      vertex -18.4942 -74.7318 31.9422
    endloop
  endfacet
  facet normal -0.876727 0 -0.480989
    outer loop
      vertex -18.4942 -44.7318 31.9422
      vertex -18.0566 -44.7318 31.1447
      vertex -18.4942 -74.7318 31.9422
    endloop
  endfacet
  facet normal -0.876727 0 -0.480989
    outer loop
      vertex -18.4942 -74.7318 31.9422
      vertex -18.0566 -44.7318 31.1447
      vertex -18.0566 -74.7318 31.1447
    endloop
  endfacet
  facet normal -0.854912 0 -0.518773
    outer loop
      vertex -18.0566 -44.7318 31.1447
      vertex -17.5847 -44.7318 30.367
      vertex -18.0566 -74.7318 31.1447
    endloop
  endfacet
  facet normal -0.854912 0 -0.518773
    outer loop
      vertex -18.0566 -74.7318 31.1447
      vertex -17.5847 -44.7318 30.367
      vertex -17.5847 -74.7318 30.367
    endloop
  endfacet
  facet normal -0.83147 0 -0.55557
    outer loop
      vertex -17.5847 -44.7318 30.367
      vertex -17.0793 -44.7318 29.6106
      vertex -17.5847 -74.7318 30.367
    endloop
  endfacet
  facet normal -0.83147 0 -0.55557
    outer loop
      vertex -17.5847 -74.7318 30.367
      vertex -17.0793 -44.7318 29.6106
      vertex -17.0793 -74.7318 29.6106
    endloop
  endfacet
  facet normal -0.806445 0 -0.591309
    outer loop
      vertex -17.0793 -44.7318 29.6106
      vertex -16.5414 -44.7318 28.877
      vertex -17.0793 -74.7318 29.6106
    endloop
  endfacet
  facet normal -0.806445 0 -0.591309
    outer loop
      vertex -17.0793 -74.7318 29.6106
      vertex -16.5414 -44.7318 28.877
      vertex -16.5414 -74.7318 28.877
    endloop
  endfacet
  facet normal -0.779885 0 -0.625923
    outer loop
      vertex -16.5414 -44.7318 28.877
      vertex -15.972 -44.7318 28.1675
      vertex -16.5414 -74.7318 28.877
    endloop
  endfacet
  facet normal -0.779885 0 -0.625923
    outer loop
      vertex -16.5414 -74.7318 28.877
      vertex -15.972 -44.7318 28.1675
      vertex -15.972 -74.7318 28.1675
    endloop
  endfacet
  facet normal -0.75184 0 -0.659346
    outer loop
      vertex -15.972 -44.7318 28.1675
      vertex -15.3722 -44.7318 27.4836
      vertex -15.972 -74.7318 28.1675
    endloop
  endfacet
  facet normal -0.75184 0 -0.659346
    outer loop
      vertex -15.972 -74.7318 28.1675
      vertex -15.3722 -44.7318 27.4836
      vertex -15.3722 -74.7318 27.4836
    endloop
  endfacet
  facet normal -0.722363 0 -0.691514
    outer loop
      vertex -15.3722 -44.7318 27.4836
      vertex -14.7432 -44.7318 26.8265
      vertex -15.3722 -74.7318 27.4836
    endloop
  endfacet
  facet normal -0.722363 0 -0.691514
    outer loop
      vertex -15.3722 -74.7318 27.4836
      vertex -14.7432 -44.7318 26.8265
      vertex -14.7432 -74.7318 26.8265
    endloop
  endfacet
  facet normal -0.691513 0 -0.722364
    outer loop
      vertex -14.7432 -44.7318 26.8265
      vertex -14.0861 -44.7318 26.1974
      vertex -14.7432 -74.7318 26.8265
    endloop
  endfacet
  facet normal -0.691513 0 -0.722364
    outer loop
      vertex -14.7432 -74.7318 26.8265
      vertex -14.0861 -44.7318 26.1974
      vertex -14.0861 -74.7318 26.1974
    endloop
  endfacet
  facet normal -0.659346 0 -0.75184
    outer loop
      vertex -14.0861 -44.7318 26.1974
      vertex -13.4021 -44.7318 25.5976
      vertex -14.0861 -74.7318 26.1974
    endloop
  endfacet
  facet normal -0.659346 0 -0.75184
    outer loop
      vertex -14.0861 -74.7318 26.1974
      vertex -13.4021 -44.7318 25.5976
      vertex -13.4021 -74.7318 25.5976
    endloop
  endfacet
  facet normal -0.625924 0 -0.779884
    outer loop
      vertex -13.4021 -44.7318 25.5976
      vertex -12.6927 -44.7318 25.0282
      vertex -13.4021 -74.7318 25.5976
    endloop
  endfacet
  facet normal -0.625924 0 -0.779884
    outer loop
      vertex -13.4021 -74.7318 25.5976
      vertex -12.6927 -44.7318 25.0282
      vertex -12.6927 -74.7318 25.0282
    endloop
  endfacet
  facet normal -0.591309 0 -0.806445
    outer loop
      vertex -12.6927 -44.7318 25.0282
      vertex -11.9591 -44.7318 24.4903
      vertex -12.6927 -74.7318 25.0282
    endloop
  endfacet
  facet normal -0.591309 0 -0.806445
    outer loop
      vertex -12.6927 -74.7318 25.0282
      vertex -11.9591 -44.7318 24.4903
      vertex -11.9591 -74.7318 24.4903
    endloop
  endfacet
  facet normal -0.55557 0 -0.83147
    outer loop
      vertex -11.9591 -44.7318 24.4903
      vertex -11.2027 -44.7318 23.985
      vertex -11.9591 -74.7318 24.4903
    endloop
  endfacet
  facet normal -0.55557 0 -0.83147
    outer loop
      vertex -11.9591 -74.7318 24.4903
      vertex -11.2027 -44.7318 23.985
      vertex -11.2027 -74.7318 23.985
    endloop
  endfacet
  facet normal -0.518773 0 -0.854912
    outer loop
      vertex -11.2027 -44.7318 23.985
      vertex -10.425 -44.7318 23.513
      vertex -11.2027 -74.7318 23.985
    endloop
  endfacet
  facet normal -0.518773 0 -0.854912
    outer loop
      vertex -11.2027 -74.7318 23.985
      vertex -10.425 -44.7318 23.513
      vertex -10.425 -74.7318 23.513
    endloop
  endfacet
  facet normal -0.480989 0 -0.876727
    outer loop
      vertex -10.425 -44.7318 23.513
      vertex -9.62746 -44.7318 23.0755
      vertex -10.425 -74.7318 23.513
    endloop
  endfacet
  facet normal -0.480989 0 -0.876727
    outer loop
      vertex -10.425 -74.7318 23.513
      vertex -9.62746 -44.7318 23.0755
      vertex -9.62746 -74.7318 23.0755
    endloop
  endfacet
  facet normal -0.442288 0 -0.896873
    outer loop
      vertex -9.62746 -44.7318 23.0755
      vertex -8.81159 -44.7318 22.6731
      vertex -9.62746 -74.7318 23.0755
    endloop
  endfacet
  facet normal -0.442288 0 -0.896873
    outer loop
      vertex -9.62746 -74.7318 23.0755
      vertex -8.81159 -44.7318 22.6731
      vertex -8.81159 -74.7318 22.6731
    endloop
  endfacet
  facet normal -0.402747 0 -0.915311
    outer loop
      vertex -8.81159 -44.7318 22.6731
      vertex -7.97895 -44.7318 22.3068
      vertex -8.81159 -74.7318 22.6731
    endloop
  endfacet
  facet normal -0.402747 0 -0.915311
    outer loop
      vertex -8.81159 -74.7318 22.6731
      vertex -7.97895 -44.7318 22.3068
      vertex -7.97895 -74.7318 22.3068
    endloop
  endfacet
  facet normal -0.362438 0 -0.932008
    outer loop
      vertex -7.97895 -44.7318 22.3068
      vertex -7.13112 -44.7318 21.9771
      vertex -7.97895 -74.7318 22.3068
    endloop
  endfacet
  facet normal -0.362438 0 -0.932008
    outer loop
      vertex -7.97895 -74.7318 22.3068
      vertex -7.13112 -44.7318 21.9771
      vertex -7.13112 -74.7318 21.9771
    endloop
  endfacet
  facet normal -0.321439 0 -0.94693
    outer loop
      vertex -7.13112 -44.7318 21.9771
      vertex -6.26972 -44.7318 21.6847
      vertex -7.13112 -74.7318 21.9771
    endloop
  endfacet
  facet normal -0.321439 0 -0.94693
    outer loop
      vertex -7.13112 -74.7318 21.9771
      vertex -6.26972 -44.7318 21.6847
      vertex -6.26972 -74.7318 21.6847
    endloop
  endfacet
  facet normal -0.279829 0 -0.96005
    outer loop
      vertex -6.26972 -44.7318 21.6847
      vertex -5.39638 -44.7318 21.4301
      vertex -6.26972 -74.7318 21.6847
    endloop
  endfacet
  facet normal -0.279829 0 -0.96005
    outer loop
      vertex -6.26972 -74.7318 21.6847
      vertex -5.39638 -44.7318 21.4301
      vertex -5.39638 -74.7318 21.4301
    endloop
  endfacet
  facet normal -0.237687 0 -0.971342
    outer loop
      vertex -5.39638 -44.7318 21.4301
      vertex -4.51277 -44.7318 21.2139
      vertex -5.39638 -74.7318 21.4301
    endloop
  endfacet
  facet normal -0.237687 0 -0.971342
    outer loop
      vertex -5.39638 -74.7318 21.4301
      vertex -4.51277 -44.7318 21.2139
      vertex -4.51277 -74.7318 21.2139
    endloop
  endfacet
  facet normal -0.195089 0 -0.980785
    outer loop
      vertex -4.51277 -44.7318 21.2139
      vertex -3.62056 -44.7318 21.0364
      vertex -4.51277 -74.7318 21.2139
    endloop
  endfacet
  facet normal -0.195089 0 -0.980785
    outer loop
      vertex -4.51277 -74.7318 21.2139
      vertex -3.62056 -44.7318 21.0364
      vertex -3.62056 -74.7318 21.0364
    endloop
  endfacet
  facet normal -0.152123 0 -0.988362
    outer loop
      vertex -3.62056 -44.7318 21.0364
      vertex -2.72147 -44.7318 20.898
      vertex -3.62056 -74.7318 21.0364
    endloop
  endfacet
  facet normal -0.152123 0 -0.988362
    outer loop
      vertex -3.62056 -74.7318 21.0364
      vertex -2.72147 -44.7318 20.898
      vertex -2.72147 -74.7318 20.898
    endloop
  endfacet
  facet normal -0.108868 0 -0.994056
    outer loop
      vertex -2.72147 -44.7318 20.898
      vertex -1.8172 -44.7318 20.799
      vertex -2.72147 -74.7318 20.898
    endloop
  endfacet
  facet normal -0.108868 0 -0.994056
    outer loop
      vertex -2.72147 -74.7318 20.898
      vertex -1.8172 -44.7318 20.799
      vertex -1.8172 -74.7318 20.799
    endloop
  endfacet
  facet normal -0.0654018 0 -0.997859
    outer loop
      vertex -1.8172 -44.7318 20.799
      vertex -0.909464 -44.7318 20.7395
      vertex -1.8172 -74.7318 20.799
    endloop
  endfacet
  facet normal -0.0654018 0 -0.997859
    outer loop
      vertex -1.8172 -74.7318 20.799
      vertex -0.909464 -44.7318 20.7395
      vertex -0.909464 -74.7318 20.7395
    endloop
  endfacet
  facet normal -0.0218149 0 -0.999762
    outer loop
      vertex -0.909464 -44.7318 20.7395
      vertex 0 -44.7318 20.7197
      vertex -0.909464 -74.7318 20.7395
    endloop
  endfacet
  facet normal -0.0218149 0 -0.999762
    outer loop
      vertex -0.909464 -74.7318 20.7395
      vertex 0 -44.7318 20.7197
      vertex 0 -74.7318 20.7197
    endloop
  endfacet
  facet normal 0.0218149 0 -0.999762
    outer loop
      vertex 0 -44.7318 20.7197
      vertex 0.909464 -44.7318 20.7395
      vertex 0 -74.7318 20.7197
    endloop
  endfacet
  facet normal 0.0218149 0 -0.999762
    outer loop
      vertex 0 -74.7318 20.7197
      vertex 0.909464 -44.7318 20.7395
      vertex 0.909464 -74.7318 20.7395
    endloop
  endfacet
  facet normal 0.0654018 0 -0.997859
    outer loop
      vertex 0.909464 -44.7318 20.7395
      vertex 1.8172 -44.7318 20.799
      vertex 0.909464 -74.7318 20.7395
    endloop
  endfacet
  facet normal 0.0654018 0 -0.997859
    outer loop
      vertex 0.909464 -74.7318 20.7395
      vertex 1.8172 -44.7318 20.799
      vertex 1.8172 -74.7318 20.799
    endloop
  endfacet
  facet normal 0.108868 0 -0.994056
    outer loop
      vertex 1.8172 -44.7318 20.799
      vertex 2.72147 -44.7318 20.898
      vertex 1.8172 -74.7318 20.799
    endloop
  endfacet
  facet normal 0.108868 0 -0.994056
    outer loop
      vertex 1.8172 -74.7318 20.799
      vertex 2.72147 -44.7318 20.898
      vertex 2.72147 -74.7318 20.898
    endloop
  endfacet
  facet normal 0.152123 0 -0.988362
    outer loop
      vertex 2.72147 -44.7318 20.898
      vertex 3.62056 -44.7318 21.0364
      vertex 2.72147 -74.7318 20.898
    endloop
  endfacet
  facet normal 0.152123 0 -0.988362
    outer loop
      vertex 2.72147 -74.7318 20.898
      vertex 3.62056 -44.7318 21.0364
      vertex 3.62056 -74.7318 21.0364
    endloop
  endfacet
  facet normal 0.195089 0 -0.980785
    outer loop
      vertex 3.62056 -44.7318 21.0364
      vertex 4.51277 -44.7318 21.2139
      vertex 3.62056 -74.7318 21.0364
    endloop
  endfacet
  facet normal 0.195089 0 -0.980785
    outer loop
      vertex 3.62056 -74.7318 21.0364
      vertex 4.51277 -44.7318 21.2139
      vertex 4.51277 -74.7318 21.2139
    endloop
  endfacet
  facet normal 0.237687 0 -0.971342
    outer loop
      vertex 4.51277 -44.7318 21.2139
      vertex 5.39638 -44.7318 21.4301
      vertex 4.51277 -74.7318 21.2139
    endloop
  endfacet
  facet normal 0.237687 0 -0.971342
    outer loop
      vertex 4.51277 -74.7318 21.2139
      vertex 5.39638 -44.7318 21.4301
      vertex 5.39638 -74.7318 21.4301
    endloop
  endfacet
  facet normal 0.279829 0 -0.96005
    outer loop
      vertex 5.39638 -44.7318 21.4301
      vertex 6.26972 -44.7318 21.6847
      vertex 5.39638 -74.7318 21.4301
    endloop
  endfacet
  facet normal 0.279829 0 -0.96005
    outer loop
      vertex 5.39638 -74.7318 21.4301
      vertex 6.26972 -44.7318 21.6847
      vertex 6.26972 -74.7318 21.6847
    endloop
  endfacet
  facet normal 0.321439 0 -0.94693
    outer loop
      vertex 6.26972 -44.7318 21.6847
      vertex 7.13112 -44.7318 21.9771
      vertex 6.26972 -74.7318 21.6847
    endloop
  endfacet
  facet normal 0.321439 0 -0.94693
    outer loop
      vertex 6.26972 -74.7318 21.6847
      vertex 7.13112 -44.7318 21.9771
      vertex 7.13112 -74.7318 21.9771
    endloop
  endfacet
  facet normal 0.362438 0 -0.932008
    outer loop
      vertex 7.13112 -44.7318 21.9771
      vertex 7.97895 -44.7318 22.3068
      vertex 7.13112 -74.7318 21.9771
    endloop
  endfacet
  facet normal 0.362438 0 -0.932008
    outer loop
      vertex 7.13112 -74.7318 21.9771
      vertex 7.97895 -44.7318 22.3068
      vertex 7.97895 -74.7318 22.3068
    endloop
  endfacet
  facet normal 0.402747 0 -0.915311
    outer loop
      vertex 7.97895 -44.7318 22.3068
      vertex 8.81159 -44.7318 22.6731
      vertex 7.97895 -74.7318 22.3068
    endloop
  endfacet
  facet normal 0.402747 0 -0.915311
    outer loop
      vertex 7.97895 -74.7318 22.3068
      vertex 8.81159 -44.7318 22.6731
      vertex 8.81159 -74.7318 22.6731
    endloop
  endfacet
  facet normal 0.442288 0 -0.896873
    outer loop
      vertex 8.81159 -44.7318 22.6731
      vertex 9.62746 -44.7318 23.0755
      vertex 8.81159 -74.7318 22.6731
    endloop
  endfacet
  facet normal 0.442288 0 -0.896873
    outer loop
      vertex 8.81159 -74.7318 22.6731
      vertex 9.62746 -44.7318 23.0755
      vertex 9.62746 -74.7318 23.0755
    endloop
  endfacet
  facet normal 0.480989 0 -0.876727
    outer loop
      vertex 9.62746 -44.7318 23.0755
      vertex 10.425 -44.7318 23.513
      vertex 9.62746 -74.7318 23.0755
    endloop
  endfacet
  facet normal 0.480989 0 -0.876727
    outer loop
      vertex 9.62746 -74.7318 23.0755
      vertex 10.425 -44.7318 23.513
      vertex 10.425 -74.7318 23.513
    endloop
  endfacet
  facet normal 0.518773 0 -0.854912
    outer loop
      vertex 10.425 -44.7318 23.513
      vertex 11.2027 -44.7318 23.985
      vertex 10.425 -74.7318 23.513
    endloop
  endfacet
  facet normal 0.518773 0 -0.854912
    outer loop
      vertex 10.425 -74.7318 23.513
      vertex 11.2027 -44.7318 23.985
      vertex 11.2027 -74.7318 23.985
    endloop
  endfacet
  facet normal 0.55557 0 -0.83147
    outer loop
      vertex 11.2027 -44.7318 23.985
      vertex 11.9591 -44.7318 24.4903
      vertex 11.2027 -74.7318 23.985
    endloop
  endfacet
  facet normal 0.55557 0 -0.83147
    outer loop
      vertex 11.2027 -74.7318 23.985
      vertex 11.9591 -44.7318 24.4903
      vertex 11.9591 -74.7318 24.4903
    endloop
  endfacet
  facet normal 0.591309 0 -0.806445
    outer loop
      vertex 11.9591 -44.7318 24.4903
      vertex 12.6927 -44.7318 25.0282
      vertex 11.9591 -74.7318 24.4903
    endloop
  endfacet
  facet normal 0.591309 0 -0.806445
    outer loop
      vertex 11.9591 -74.7318 24.4903
      vertex 12.6927 -44.7318 25.0282
      vertex 12.6927 -74.7318 25.0282
    endloop
  endfacet
  facet normal 0.625924 0 -0.779884
    outer loop
      vertex 12.6927 -44.7318 25.0282
      vertex 13.4021 -44.7318 25.5976
      vertex 12.6927 -74.7318 25.0282
    endloop
  endfacet
  facet normal 0.625924 0 -0.779884
    outer loop
      vertex 12.6927 -74.7318 25.0282
      vertex 13.4021 -44.7318 25.5976
      vertex 13.4021 -74.7318 25.5976
    endloop
  endfacet
  facet normal 0.659346 0 -0.75184
    outer loop
      vertex 13.4021 -44.7318 25.5976
      vertex 14.0861 -44.7318 26.1974
      vertex 13.4021 -74.7318 25.5976
    endloop
  endfacet
  facet normal 0.659346 0 -0.75184
    outer loop
      vertex 13.4021 -74.7318 25.5976
      vertex 14.0861 -44.7318 26.1974
      vertex 14.0861 -74.7318 26.1974
    endloop
  endfacet
  facet normal 0.691513 0 -0.722364
    outer loop
      vertex 14.0861 -44.7318 26.1974
      vertex 14.7432 -44.7318 26.8265
      vertex 14.0861 -74.7318 26.1974
    endloop
  endfacet
  facet normal 0.691513 0 -0.722364
    outer loop
      vertex 14.0861 -74.7318 26.1974
      vertex 14.7432 -44.7318 26.8265
      vertex 14.7432 -74.7318 26.8265
    endloop
  endfacet
  facet normal 0.722363 0 -0.691514
    outer loop
      vertex 14.7432 -44.7318 26.8265
      vertex 15.3722 -44.7318 27.4836
      vertex 14.7432 -74.7318 26.8265
    endloop
  endfacet
  facet normal 0.722363 0 -0.691514
    outer loop
      vertex 14.7432 -74.7318 26.8265
      vertex 15.3722 -44.7318 27.4836
      vertex 15.3722 -74.7318 27.4836
    endloop
  endfacet
  facet normal 0.75184 0 -0.659346
    outer loop
      vertex 15.3722 -44.7318 27.4836
      vertex 15.972 -44.7318 28.1675
      vertex 15.3722 -74.7318 27.4836
    endloop
  endfacet
  facet normal 0.75184 0 -0.659346
    outer loop
      vertex 15.3722 -74.7318 27.4836
      vertex 15.972 -44.7318 28.1675
      vertex 15.972 -74.7318 28.1675
    endloop
  endfacet
  facet normal 0.779885 0 -0.625923
    outer loop
      vertex 15.972 -44.7318 28.1675
      vertex 16.5414 -44.7318 28.877
      vertex 15.972 -74.7318 28.1675
    endloop
  endfacet
  facet normal 0.779885 0 -0.625923
    outer loop
      vertex 15.972 -74.7318 28.1675
      vertex 16.5414 -44.7318 28.877
      vertex 16.5414 -74.7318 28.877
    endloop
  endfacet
  facet normal 0.806445 0 -0.591309
    outer loop
      vertex 16.5414 -44.7318 28.877
      vertex 17.0793 -44.7318 29.6106
      vertex 16.5414 -74.7318 28.877
    endloop
  endfacet
  facet normal 0.806445 0 -0.591309
    outer loop
      vertex 16.5414 -74.7318 28.877
      vertex 17.0793 -44.7318 29.6106
      vertex 17.0793 -74.7318 29.6106
    endloop
  endfacet
  facet normal 0.83147 0 -0.55557
    outer loop
      vertex 17.0793 -44.7318 29.6106
      vertex 17.5847 -44.7318 30.367
      vertex 17.0793 -74.7318 29.6106
    endloop
  endfacet
  facet normal 0.83147 0 -0.55557
    outer loop
      vertex 17.0793 -74.7318 29.6106
      vertex 17.5847 -44.7318 30.367
      vertex 17.5847 -74.7318 30.367
    endloop
  endfacet
  facet normal 0.854912 0 -0.518773
    outer loop
      vertex 17.5847 -44.7318 30.367
      vertex 18.0566 -44.7318 31.1447
      vertex 17.5847 -74.7318 30.367
    endloop
  endfacet
  facet normal 0.854912 0 -0.518773
    outer loop
      vertex 17.5847 -74.7318 30.367
      vertex 18.0566 -44.7318 31.1447
      vertex 18.0566 -74.7318 31.1447
    endloop
  endfacet
  facet normal 0.876727 0 -0.480989
    outer loop
      vertex 18.0566 -44.7318 31.1447
      vertex 18.4942 -44.7318 31.9422
      vertex 18.0566 -74.7318 31.1447
    endloop
  endfacet
  facet normal 0.876727 0 -0.480989
    outer loop
      vertex 18.0566 -74.7318 31.1447
      vertex 18.4942 -44.7318 31.9422
      vertex 18.4942 -74.7318 31.9422
    endloop
  endfacet
  facet normal 0.896872 0 -0.442289
    outer loop
      vertex 18.4942 -44.7318 31.9422
      vertex 18.8965 -44.7318 32.7581
      vertex 18.4942 -74.7318 31.9422
    endloop
  endfacet
  facet normal 0.896872 0 -0.442289
    outer loop
      vertex 18.4942 -74.7318 31.9422
      vertex 18.8965 -44.7318 32.7581
      vertex 18.8965 -74.7318 32.7581
    endloop
  endfacet
  facet normal 0.915312 0 -0.402746
    outer loop
      vertex 18.8965 -44.7318 32.7581
      vertex 19.2629 -44.7318 33.5907
      vertex 18.8965 -74.7318 32.7581
    endloop
  endfacet
  facet normal 0.915312 0 -0.402746
    outer loop
      vertex 18.8965 -74.7318 32.7581
      vertex 19.2629 -44.7318 33.5907
      vertex 19.2629 -74.7318 33.5907
    endloop
  endfacet
  facet normal 0.932008 0 -0.362438
    outer loop
      vertex 19.2629 -44.7318 33.5907
      vertex 19.5926 -44.7318 34.4385
      vertex 19.2629 -74.7318 33.5907
    endloop
  endfacet
  facet normal 0.932008 0 -0.362438
    outer loop
      vertex 19.2629 -74.7318 33.5907
      vertex 19.5926 -44.7318 34.4385
      vertex 19.5926 -74.7318 34.4385
    endloop
  endfacet
  facet normal 0.94693 0 -0.32144
    outer loop
      vertex 19.5926 -44.7318 34.4385
      vertex 19.885 -44.7318 35.2999
      vertex 19.5926 -74.7318 34.4385
    endloop
  endfacet
  facet normal 0.94693 0 -0.32144
    outer loop
      vertex 19.5926 -74.7318 34.4385
      vertex 19.885 -44.7318 35.2999
      vertex 19.885 -74.7318 35.2999
    endloop
  endfacet
  facet normal 0.96005 0 -0.279829
    outer loop
      vertex 19.885 -44.7318 35.2999
      vertex 20.1396 -44.7318 36.1733
      vertex 19.885 -74.7318 35.2999
    endloop
  endfacet
  facet normal 0.96005 0 -0.279829
    outer loop
      vertex 19.885 -74.7318 35.2999
      vertex 20.1396 -44.7318 36.1733
      vertex 20.1396 -74.7318 36.1733
    endloop
  endfacet
  facet normal 0.971342 0 -0.237687
    outer loop
      vertex 20.1396 -44.7318 36.1733
      vertex 20.3558 -44.7318 37.0569
      vertex 20.1396 -74.7318 36.1733
    endloop
  endfacet
  facet normal 0.971342 0 -0.237687
    outer loop
      vertex 20.1396 -74.7318 36.1733
      vertex 20.3558 -44.7318 37.0569
      vertex 20.3558 -74.7318 37.0569
    endloop
  endfacet
  facet normal 0.980785 0 -0.19509
    outer loop
      vertex 20.3558 -44.7318 37.0569
      vertex 20.5332 -44.7318 37.9491
      vertex 20.3558 -74.7318 37.0569
    endloop
  endfacet
  facet normal 0.980785 0 -0.19509
    outer loop
      vertex 20.3558 -74.7318 37.0569
      vertex 20.5332 -44.7318 37.9491
      vertex 20.5332 -74.7318 37.9491
    endloop
  endfacet
  facet normal 0.988362 0 -0.152123
    outer loop
      vertex 20.5332 -44.7318 37.9491
      vertex 20.6716 -44.7318 38.8482
      vertex 20.5332 -74.7318 37.9491
    endloop
  endfacet
  facet normal 0.988362 0 -0.152123
    outer loop
      vertex 20.5332 -74.7318 37.9491
      vertex 20.6716 -44.7318 38.8482
      vertex 20.6716 -74.7318 38.8482
    endloop
  endfacet
  facet normal 0.994056 0 -0.108868
    outer loop
      vertex 20.6716 -44.7318 38.8482
      vertex 20.7707 -44.7318 39.7525
      vertex 20.6716 -74.7318 38.8482
    endloop
  endfacet
  facet normal 0.994056 0 -0.108868
    outer loop
      vertex 20.6716 -74.7318 38.8482
      vertex 20.7707 -44.7318 39.7525
      vertex 20.7707 -74.7318 39.7525
    endloop
  endfacet
  facet normal 0.997545 0 -0.0700251
    outer loop
      vertex 20.7707 -74.7318 39.7525
      vertex 20.7707 -44.7318 39.7525
      vertex 20.8208 -74.7318 40.4672
    endloop
  endfacet
  facet normal 0.997859 0.000110624 -0.0654038
    outer loop
      vertex 20.7707 -44.7318 39.7525
      vertex 20.8302 -44.7318 40.6602
      vertex 20.8208 -74.7318 40.4672
    endloop
  endfacet
  facet normal 0.998835 0 -0.0482558
    outer loop
      vertex 20.8208 -74.7318 40.4672
      vertex 20.8302 -44.7318 40.6602
      vertex 20.8302 -100 40.6602
    endloop
  endfacet
  facet normal 0.999762 0 -0.021815
    outer loop
      vertex 20.8302 -44.7318 40.6602
      vertex 20.85 -44.7318 41.5697
      vertex 20.8302 -100 40.6602
    endloop
  endfacet
  facet normal 0.999762 0 -0.021815
    outer loop
      vertex 20.8302 -100 40.6602
      vertex 20.85 -44.7318 41.5697
      vertex 20.85 -100 41.5697
    endloop
  endfacet
  facet normal 0.999762 0 0.0218149
    outer loop
      vertex 20.85 -44.7318 41.5697
      vertex 20.8302 -44.7318 42.4791
      vertex 20.85 -100 41.5697
    endloop
  endfacet
  facet normal 0.999762 0 0.0218149
    outer loop
      vertex 20.85 -100 41.5697
      vertex 20.8302 -44.7318 42.4791
      vertex 20.8302 -100 42.4791
    endloop
  endfacet
  facet normal 0.997859 0 0.065404
    outer loop
      vertex 20.8302 -44.7318 42.4791
      vertex 20.7707 -44.7318 43.3869
      vertex 20.8302 -100 42.4791
    endloop
  endfacet
  facet normal 0.997859 0 0.065404
    outer loop
      vertex 20.8302 -100 42.4791
      vertex 20.7707 -44.7318 43.3869
      vertex 20.7707 -100 43.3869
    endloop
  endfacet
  facet normal 0.994056 0 0.108868
    outer loop
      vertex 20.7707 -44.7318 43.3869
      vertex 20.6716 -44.7318 44.2911
      vertex 20.7707 -100 43.3869
    endloop
  endfacet
  facet normal 0.994056 0 0.108868
    outer loop
      vertex 20.7707 -100 43.3869
      vertex 20.6716 -44.7318 44.2911
      vertex 20.6716 -100 44.2911
    endloop
  endfacet
  facet normal 0.988362 0 0.152123
    outer loop
      vertex 20.6716 -44.7318 44.2911
      vertex 20.5332 -44.7318 45.1902
      vertex 20.6716 -100 44.2911
    endloop
  endfacet
  facet normal 0.988362 0 0.152123
    outer loop
      vertex 20.6716 -100 44.2911
      vertex 20.5332 -44.7318 45.1902
      vertex 20.5332 -100 45.1902
    endloop
  endfacet
  facet normal 0.980785 0 0.19509
    outer loop
      vertex 20.5332 -44.7318 45.1902
      vertex 20.3558 -44.7318 46.0824
      vertex 20.5332 -100 45.1902
    endloop
  endfacet
  facet normal 0.980785 0 0.19509
    outer loop
      vertex 20.5332 -100 45.1902
      vertex 20.3558 -44.7318 46.0824
      vertex 20.3558 -100 46.0824
    endloop
  endfacet
  facet normal 0.971342 0 0.237687
    outer loop
      vertex 20.3558 -44.7318 46.0824
      vertex 20.1396 -44.7318 46.966
      vertex 20.3558 -100 46.0824
    endloop
  endfacet
  facet normal 0.971342 0 0.237687
    outer loop
      vertex 20.3558 -100 46.0824
      vertex 20.1396 -44.7318 46.966
      vertex 20.1396 -100 46.966
    endloop
  endfacet
  facet normal 0.96005 0 0.279829
    outer loop
      vertex 20.1396 -44.7318 46.966
      vertex 19.885 -44.7318 47.8394
      vertex 20.1396 -100 46.966
    endloop
  endfacet
  facet normal 0.96005 0 0.279829
    outer loop
      vertex 20.1396 -100 46.966
      vertex 19.885 -44.7318 47.8394
      vertex 19.885 -100 47.8394
    endloop
  endfacet
  facet normal 0.94693 0 0.321439
    outer loop
      vertex 19.885 -44.7318 47.8394
      vertex 19.5926 -44.7318 48.7008
      vertex 19.885 -100 47.8394
    endloop
  endfacet
  facet normal 0.94693 0 0.321439
    outer loop
      vertex 19.885 -100 47.8394
      vertex 19.5926 -44.7318 48.7008
      vertex 19.5926 -100 48.7008
    endloop
  endfacet
  facet normal 0.932008 0 0.362439
    outer loop
      vertex 19.5926 -44.7318 48.7008
      vertex 19.2629 -44.7318 49.5486
      vertex 19.5926 -100 48.7008
    endloop
  endfacet
  facet normal 0.932008 0 0.362439
    outer loop
      vertex 19.5926 -100 48.7008
      vertex 19.2629 -44.7318 49.5486
      vertex 19.2629 -100 49.5486
    endloop
  endfacet
  facet normal 0.915312 0 0.402746
    outer loop
      vertex 19.2629 -44.7318 49.5486
      vertex 18.8965 -44.7318 50.3813
      vertex 19.2629 -100 49.5486
    endloop
  endfacet
  facet normal 0.915312 0 0.402746
    outer loop
      vertex 19.2629 -100 49.5486
      vertex 18.8965 -44.7318 50.3813
      vertex 18.8965 -100 50.3813
    endloop
  endfacet
  facet normal 0.896872 0 0.442289
    outer loop
      vertex 18.8965 -44.7318 50.3813
      vertex 18.4942 -44.7318 51.1971
      vertex 18.8965 -100 50.3813
    endloop
  endfacet
  facet normal 0.896872 0 0.442289
    outer loop
      vertex 18.8965 -100 50.3813
      vertex 18.4942 -44.7318 51.1971
      vertex 18.4942 -100 51.1971
    endloop
  endfacet
  facet normal 0.876727 0 0.480988
    outer loop
      vertex 18.4942 -44.7318 51.1971
      vertex 18.0566 -44.7318 51.9947
      vertex 18.4942 -100 51.1971
    endloop
  endfacet
  facet normal 0.876727 0 0.480988
    outer loop
      vertex 18.4942 -100 51.1971
      vertex 18.0566 -44.7318 51.9947
      vertex 18.0566 -100 51.9947
    endloop
  endfacet
  facet normal 0.854911 0 0.518774
    outer loop
      vertex 18.0566 -44.7318 51.9947
      vertex 17.5847 -44.7318 52.7724
      vertex 18.0566 -100 51.9947
    endloop
  endfacet
  facet normal 0.854911 0 0.518774
    outer loop
      vertex 18.0566 -100 51.9947
      vertex 17.5847 -44.7318 52.7724
      vertex 17.5847 -100 52.7724
    endloop
  endfacet
  facet normal 0.83147 0 0.55557
    outer loop
      vertex 17.5847 -44.7318 52.7724
      vertex 17.0793 -44.7318 53.5287
      vertex 17.5847 -100 52.7724
    endloop
  endfacet
  facet normal 0.83147 0 0.55557
    outer loop
      vertex 17.5847 -100 52.7724
      vertex 17.0793 -44.7318 53.5287
      vertex 17.0793 -100 53.5287
    endloop
  endfacet
  facet normal 0.806445 0 0.591309
    outer loop
      vertex 17.0793 -44.7318 53.5287
      vertex 16.5414 -44.7318 54.2623
      vertex 17.0793 -100 53.5287
    endloop
  endfacet
  facet normal 0.806445 0 0.591309
    outer loop
      vertex 17.0793 -100 53.5287
      vertex 16.5414 -44.7318 54.2623
      vertex 16.5414 -100 54.2623
    endloop
  endfacet
  facet normal 0.779886 0 0.625922
    outer loop
      vertex 16.5414 -44.7318 54.2623
      vertex 15.972 -44.7318 54.9718
      vertex 16.5414 -100 54.2623
    endloop
  endfacet
  facet normal 0.779886 0 0.625922
    outer loop
      vertex 16.5414 -100 54.2623
      vertex 15.972 -44.7318 54.9718
      vertex 15.972 -100 54.9718
    endloop
  endfacet
  facet normal 0.751839 0 0.659347
    outer loop
      vertex 15.972 -44.7318 54.9718
      vertex 15.3722 -44.7318 55.6557
      vertex 15.972 -100 54.9718
    endloop
  endfacet
  facet normal 0.751839 0 0.659347
    outer loop
      vertex 15.972 -100 54.9718
      vertex 15.3722 -44.7318 55.6557
      vertex 15.3722 -100 55.6557
    endloop
  endfacet
  facet normal 0.722363 0 0.691514
    outer loop
      vertex 15.3722 -44.7318 55.6557
      vertex 14.7432 -44.7318 56.3128
      vertex 15.3722 -100 55.6557
    endloop
  endfacet
  facet normal 0.722363 0 0.691514
    outer loop
      vertex 15.3722 -100 55.6557
      vertex 14.7432 -44.7318 56.3128
      vertex 14.7432 -100 56.3128
    endloop
  endfacet
  facet normal 0.691513 0 0.722364
    outer loop
      vertex 14.7432 -44.7318 56.3128
      vertex 14.0861 -44.7318 56.9419
      vertex 14.7432 -100 56.3128
    endloop
  endfacet
  facet normal 0.691513 0 0.722364
    outer loop
      vertex 14.7432 -100 56.3128
      vertex 14.0861 -44.7318 56.9419
      vertex 14.0861 -100 56.9419
    endloop
  endfacet
  facet normal 0.659346 0 0.75184
    outer loop
      vertex 14.0861 -44.7318 56.9419
      vertex 13.4021 -44.7318 57.5417
      vertex 14.0861 -100 56.9419
    endloop
  endfacet
  facet normal 0.659346 0 0.75184
    outer loop
      vertex 14.0861 -100 56.9419
      vertex 13.4021 -44.7318 57.5417
      vertex 13.4021 -100 57.5417
    endloop
  endfacet
  facet normal 0.625924 0 0.779884
    outer loop
      vertex 13.4021 -44.7318 57.5417
      vertex 12.6927 -44.7318 58.1111
      vertex 13.4021 -100 57.5417
    endloop
  endfacet
  facet normal 0.625924 0 0.779884
    outer loop
      vertex 13.4021 -100 57.5417
      vertex 12.6927 -44.7318 58.1111
      vertex 12.6927 -100 58.1111
    endloop
  endfacet
  facet normal 0.591309 0 0.806445
    outer loop
      vertex 12.6927 -44.7318 58.1111
      vertex 11.9591 -44.7318 58.649
      vertex 12.6927 -100 58.1111
    endloop
  endfacet
  facet normal 0.591309 0 0.806445
    outer loop
      vertex 12.6927 -100 58.1111
      vertex 11.9591 -44.7318 58.649
      vertex 11.9591 -100 58.649
    endloop
  endfacet
  facet normal 0.55557 0 0.83147
    outer loop
      vertex 11.9591 -44.7318 58.649
      vertex 11.2027 -44.7318 59.1544
      vertex 11.9591 -100 58.649
    endloop
  endfacet
  facet normal 0.55557 0 0.83147
    outer loop
      vertex 11.9591 -100 58.649
      vertex 11.2027 -44.7318 59.1544
      vertex 11.2027 -100 59.1544
    endloop
  endfacet
  facet normal 0.518775 0 0.854911
    outer loop
      vertex 11.2027 -44.7318 59.1544
      vertex 10.425 -44.7318 59.6263
      vertex 11.2027 -100 59.1544
    endloop
  endfacet
  facet normal 0.518775 0 0.854911
    outer loop
      vertex 11.2027 -100 59.1544
      vertex 10.425 -44.7318 59.6263
      vertex 10.425 -100 59.6263
    endloop
  endfacet
  facet normal 0.480989 0 0.876727
    outer loop
      vertex 10.425 -44.7318 59.6263
      vertex 9.62746 -44.7318 60.0638
      vertex 10.425 -100 59.6263
    endloop
  endfacet
  facet normal 0.480989 0 0.876727
    outer loop
      vertex 10.425 -100 59.6263
      vertex 9.62746 -44.7318 60.0638
      vertex 9.62746 -100 60.0638
    endloop
  endfacet
  facet normal 0.442286 0 0.896874
    outer loop
      vertex 9.62746 -44.7318 60.0638
      vertex 8.81159 -44.7318 60.4662
      vertex 9.62746 -100 60.0638
    endloop
  endfacet
  facet normal 0.442286 0 0.896874
    outer loop
      vertex 9.62746 -100 60.0638
      vertex 8.81159 -44.7318 60.4662
      vertex 8.81159 -100 60.4662
    endloop
  endfacet
  facet normal 0.402747 0 0.915311
    outer loop
      vertex 8.81159 -44.7318 60.4662
      vertex 7.97895 -44.7318 60.8326
      vertex 8.81159 -100 60.4662
    endloop
  endfacet
  facet normal 0.402747 0 0.915311
    outer loop
      vertex 8.81159 -100 60.4662
      vertex 7.97895 -44.7318 60.8326
      vertex 7.97895 -100 60.8326
    endloop
  endfacet
  facet normal 0.362438 0 0.932008
    outer loop
      vertex 7.97895 -44.7318 60.8326
      vertex 7.13112 -44.7318 61.1623
      vertex 7.97895 -100 60.8326
    endloop
  endfacet
  facet normal 0.362438 0 0.932008
    outer loop
      vertex 7.97895 -100 60.8326
      vertex 7.13112 -44.7318 61.1623
      vertex 7.13112 -100 61.1623
    endloop
  endfacet
  facet normal 0.321441 0 0.94693
    outer loop
      vertex 7.13112 -44.7318 61.1623
      vertex 6.26972 -44.7318 61.4547
      vertex 7.13112 -100 61.1623
    endloop
  endfacet
  facet normal 0.321441 0 0.94693
    outer loop
      vertex 7.13112 -100 61.1623
      vertex 6.26972 -44.7318 61.4547
      vertex 6.26972 -100 61.4547
    endloop
  endfacet
  facet normal 0.279827 0 0.96005
    outer loop
      vertex 6.26972 -44.7318 61.4547
      vertex 5.39638 -44.7318 61.7092
      vertex 6.26972 -100 61.4547
    endloop
  endfacet
  facet normal 0.279827 0 0.96005
    outer loop
      vertex 6.26972 -100 61.4547
      vertex 5.39638 -44.7318 61.7092
      vertex 5.39638 -100 61.7092
    endloop
  endfacet
  facet normal 0.237687 0 0.971342
    outer loop
      vertex 5.39638 -44.7318 61.7092
      vertex 4.51277 -44.7318 61.9254
      vertex 5.39638 -100 61.7092
    endloop
  endfacet
  facet normal 0.237687 0 0.971342
    outer loop
      vertex 5.39638 -100 61.7092
      vertex 4.51277 -44.7318 61.9254
      vertex 4.51277 -100 61.9254
    endloop
  endfacet
  facet normal 0.195089 0 0.980785
    outer loop
      vertex 4.51277 -44.7318 61.9254
      vertex 3.62056 -44.7318 62.1029
      vertex 4.51277 -100 61.9254
    endloop
  endfacet
  facet normal 0.195089 0 0.980785
    outer loop
      vertex 4.51277 -100 61.9254
      vertex 3.62056 -44.7318 62.1029
      vertex 3.62056 -100 62.1029
    endloop
  endfacet
  facet normal 0.152123 0 0.988362
    outer loop
      vertex 3.62056 -44.7318 62.1029
      vertex 2.72147 -44.7318 62.2413
      vertex 3.62056 -100 62.1029
    endloop
  endfacet
  facet normal 0.152123 0 0.988362
    outer loop
      vertex 3.62056 -100 62.1029
      vertex 2.72147 -44.7318 62.2413
      vertex 2.72147 -100 62.2413
    endloop
  endfacet
  facet normal 0.10887 0 0.994056
    outer loop
      vertex 2.72147 -44.7318 62.2413
      vertex 1.8172 -44.7318 62.3403
      vertex 2.72147 -100 62.2413
    endloop
  endfacet
  facet normal 0.10887 0 0.994056
    outer loop
      vertex 2.72147 -100 62.2413
      vertex 1.8172 -44.7318 62.3403
      vertex 1.8172 -100 62.3403
    endloop
  endfacet
  facet normal 0.0653998 0 0.997859
    outer loop
      vertex 1.8172 -44.7318 62.3403
      vertex 0.909464 -44.7318 62.3998
      vertex 1.8172 -100 62.3403
    endloop
  endfacet
  facet normal 0.0653998 0 0.997859
    outer loop
      vertex 1.8172 -100 62.3403
      vertex 0.909464 -44.7318 62.3998
      vertex 0.909464 -100 62.3998
    endloop
  endfacet
  facet normal 0.0218149 0 0.999762
    outer loop
      vertex 0.909464 -44.7318 62.3998
      vertex 7.66017e-15 -44.7318 62.4197
      vertex 0.909464 -100 62.3998
    endloop
  endfacet
  facet normal 0.0218149 -1.97432e-18 0.999762
    outer loop
      vertex 0.909464 -100 62.3998
      vertex 7.66017e-15 -44.7318 62.4197
      vertex 2.55339e-15 -100 62.4197
    endloop
  endfacet
  facet normal -0.0218149 2.0157e-18 0.999762
    outer loop
      vertex 7.66017e-15 -44.7318 62.4197
      vertex -0.909464 -44.7318 62.3998
      vertex 2.55339e-15 -100 62.4197
    endloop
  endfacet
  facet normal -0.0218149 0 0.999762
    outer loop
      vertex 2.55339e-15 -100 62.4197
      vertex -0.909464 -44.7318 62.3998
      vertex -0.909464 -100 62.3998
    endloop
  endfacet
  facet normal -0.0653998 0 0.997859
    outer loop
      vertex -0.909464 -44.7318 62.3998
      vertex -1.8172 -44.7318 62.3403
      vertex -0.909464 -100 62.3998
    endloop
  endfacet
  facet normal -0.0653998 0 0.997859
    outer loop
      vertex -0.909464 -100 62.3998
      vertex -1.8172 -44.7318 62.3403
      vertex -1.8172 -100 62.3403
    endloop
  endfacet
  facet normal -0.10887 0 0.994056
    outer loop
      vertex -1.8172 -44.7318 62.3403
      vertex -2.72147 -44.7318 62.2413
      vertex -1.8172 -100 62.3403
    endloop
  endfacet
  facet normal -0.10887 0 0.994056
    outer loop
      vertex -1.8172 -100 62.3403
      vertex -2.72147 -44.7318 62.2413
      vertex -2.72147 -100 62.2413
    endloop
  endfacet
  facet normal -0.152123 0 0.988362
    outer loop
      vertex -2.72147 -44.7318 62.2413
      vertex -3.62056 -44.7318 62.1029
      vertex -2.72147 -100 62.2413
    endloop
  endfacet
  facet normal -0.152123 0 0.988362
    outer loop
      vertex -2.72147 -100 62.2413
      vertex -3.62056 -44.7318 62.1029
      vertex -3.62056 -100 62.1029
    endloop
  endfacet
  facet normal -0.195089 0 0.980785
    outer loop
      vertex -3.62056 -44.7318 62.1029
      vertex -4.51277 -44.7318 61.9254
      vertex -3.62056 -100 62.1029
    endloop
  endfacet
  facet normal -0.195089 0 0.980785
    outer loop
      vertex -3.62056 -100 62.1029
      vertex -4.51277 -44.7318 61.9254
      vertex -4.51277 -100 61.9254
    endloop
  endfacet
  facet normal -0.237687 0 0.971342
    outer loop
      vertex -4.51277 -44.7318 61.9254
      vertex -5.39638 -44.7318 61.7092
      vertex -4.51277 -100 61.9254
    endloop
  endfacet
  facet normal -0.237687 0 0.971342
    outer loop
      vertex -4.51277 -100 61.9254
      vertex -5.39638 -44.7318 61.7092
      vertex -5.39638 -100 61.7092
    endloop
  endfacet
  facet normal -0.279827 0 0.96005
    outer loop
      vertex -5.39638 -44.7318 61.7092
      vertex -6.26972 -44.7318 61.4547
      vertex -5.39638 -100 61.7092
    endloop
  endfacet
  facet normal -0.279827 0 0.96005
    outer loop
      vertex -5.39638 -100 61.7092
      vertex -6.26972 -44.7318 61.4547
      vertex -6.26972 -100 61.4547
    endloop
  endfacet
  facet normal -0.321441 0 0.94693
    outer loop
      vertex -6.26972 -44.7318 61.4547
      vertex -7.13112 -44.7318 61.1623
      vertex -6.26972 -100 61.4547
    endloop
  endfacet
  facet normal -0.321441 0 0.94693
    outer loop
      vertex -6.26972 -100 61.4547
      vertex -7.13112 -44.7318 61.1623
      vertex -7.13112 -100 61.1623
    endloop
  endfacet
  facet normal -0.362438 0 0.932008
    outer loop
      vertex -7.13112 -44.7318 61.1623
      vertex -7.97895 -44.7318 60.8326
      vertex -7.13112 -100 61.1623
    endloop
  endfacet
  facet normal -0.362438 0 0.932008
    outer loop
      vertex -7.13112 -100 61.1623
      vertex -7.97895 -44.7318 60.8326
      vertex -7.97895 -100 60.8326
    endloop
  endfacet
  facet normal -0.402747 0 0.915311
    outer loop
      vertex -7.97895 -44.7318 60.8326
      vertex -8.81159 -44.7318 60.4662
      vertex -7.97895 -100 60.8326
    endloop
  endfacet
  facet normal -0.402747 0 0.915311
    outer loop
      vertex -7.97895 -100 60.8326
      vertex -8.81159 -44.7318 60.4662
      vertex -8.81159 -100 60.4662
    endloop
  endfacet
  facet normal -0.442286 0 0.896874
    outer loop
      vertex -8.81159 -44.7318 60.4662
      vertex -9.62746 -44.7318 60.0638
      vertex -8.81159 -100 60.4662
    endloop
  endfacet
  facet normal -0.442286 0 0.896874
    outer loop
      vertex -8.81159 -100 60.4662
      vertex -9.62746 -44.7318 60.0638
      vertex -9.62746 -100 60.0638
    endloop
  endfacet
  facet normal -0.480989 0 0.876727
    outer loop
      vertex -9.62746 -44.7318 60.0638
      vertex -10.425 -44.7318 59.6263
      vertex -9.62746 -100 60.0638
    endloop
  endfacet
  facet normal -0.480989 0 0.876727
    outer loop
      vertex -9.62746 -100 60.0638
      vertex -10.425 -44.7318 59.6263
      vertex -10.425 -100 59.6263
    endloop
  endfacet
  facet normal -0.518775 0 0.854911
    outer loop
      vertex -10.425 -44.7318 59.6263
      vertex -11.2027 -44.7318 59.1544
      vertex -10.425 -100 59.6263
    endloop
  endfacet
  facet normal -0.518775 0 0.854911
    outer loop
      vertex -10.425 -100 59.6263
      vertex -11.2027 -44.7318 59.1544
      vertex -11.2027 -100 59.1544
    endloop
  endfacet
  facet normal -0.55557 0 0.83147
    outer loop
      vertex -11.2027 -44.7318 59.1544
      vertex -11.9591 -44.7318 58.649
      vertex -11.2027 -100 59.1544
    endloop
  endfacet
  facet normal -0.55557 0 0.83147
    outer loop
      vertex -11.2027 -100 59.1544
      vertex -11.9591 -44.7318 58.649
      vertex -11.9591 -100 58.649
    endloop
  endfacet
  facet normal -0.591309 0 0.806445
    outer loop
      vertex -11.9591 -44.7318 58.649
      vertex -12.6927 -44.7318 58.1111
      vertex -11.9591 -100 58.649
    endloop
  endfacet
  facet normal -0.591309 0 0.806445
    outer loop
      vertex -11.9591 -100 58.649
      vertex -12.6927 -44.7318 58.1111
      vertex -12.6927 -100 58.1111
    endloop
  endfacet
  facet normal -0.625924 0 0.779884
    outer loop
      vertex -12.6927 -44.7318 58.1111
      vertex -13.4021 -44.7318 57.5417
      vertex -12.6927 -100 58.1111
    endloop
  endfacet
  facet normal -0.625924 0 0.779884
    outer loop
      vertex -12.6927 -100 58.1111
      vertex -13.4021 -44.7318 57.5417
      vertex -13.4021 -100 57.5417
    endloop
  endfacet
  facet normal -0.659346 0 0.75184
    outer loop
      vertex -13.4021 -44.7318 57.5417
      vertex -14.0861 -44.7318 56.9419
      vertex -13.4021 -100 57.5417
    endloop
  endfacet
  facet normal -0.659346 0 0.75184
    outer loop
      vertex -13.4021 -100 57.5417
      vertex -14.0861 -44.7318 56.9419
      vertex -14.0861 -100 56.9419
    endloop
  endfacet
  facet normal -0.691513 0 0.722364
    outer loop
      vertex -14.0861 -44.7318 56.9419
      vertex -14.7432 -44.7318 56.3128
      vertex -14.0861 -100 56.9419
    endloop
  endfacet
  facet normal -0.691513 0 0.722364
    outer loop
      vertex -14.0861 -100 56.9419
      vertex -14.7432 -44.7318 56.3128
      vertex -14.7432 -100 56.3128
    endloop
  endfacet
  facet normal -0.722363 0 0.691514
    outer loop
      vertex -14.7432 -44.7318 56.3128
      vertex -15.3722 -44.7318 55.6557
      vertex -14.7432 -100 56.3128
    endloop
  endfacet
  facet normal -0.722363 0 0.691514
    outer loop
      vertex -14.7432 -100 56.3128
      vertex -15.3722 -44.7318 55.6557
      vertex -15.3722 -100 55.6557
    endloop
  endfacet
  facet normal -0.751839 0 0.659347
    outer loop
      vertex -15.3722 -44.7318 55.6557
      vertex -15.972 -44.7318 54.9718
      vertex -15.3722 -100 55.6557
    endloop
  endfacet
  facet normal -0.751839 0 0.659347
    outer loop
      vertex -15.3722 -100 55.6557
      vertex -15.972 -44.7318 54.9718
      vertex -15.972 -100 54.9718
    endloop
  endfacet
  facet normal -0.779886 0 0.625922
    outer loop
      vertex -15.972 -44.7318 54.9718
      vertex -16.5414 -44.7318 54.2623
      vertex -15.972 -100 54.9718
    endloop
  endfacet
  facet normal -0.779886 0 0.625922
    outer loop
      vertex -15.972 -100 54.9718
      vertex -16.5414 -44.7318 54.2623
      vertex -16.5414 -100 54.2623
    endloop
  endfacet
  facet normal -0.806445 0 0.591309
    outer loop
      vertex -16.5414 -44.7318 54.2623
      vertex -17.0793 -44.7318 53.5287
      vertex -16.5414 -100 54.2623
    endloop
  endfacet
  facet normal -0.806445 0 0.591309
    outer loop
      vertex -16.5414 -100 54.2623
      vertex -17.0793 -44.7318 53.5287
      vertex -17.0793 -100 53.5287
    endloop
  endfacet
  facet normal -0.83147 0 0.55557
    outer loop
      vertex -17.0793 -44.7318 53.5287
      vertex -17.5847 -44.7318 52.7724
      vertex -17.0793 -100 53.5287
    endloop
  endfacet
  facet normal -0.83147 0 0.55557
    outer loop
      vertex -17.0793 -100 53.5287
      vertex -17.5847 -44.7318 52.7724
      vertex -17.5847 -100 52.7724
    endloop
  endfacet
  facet normal -0.854911 0 0.518774
    outer loop
      vertex -17.5847 -44.7318 52.7724
      vertex -18.0566 -44.7318 51.9947
      vertex -17.5847 -100 52.7724
    endloop
  endfacet
  facet normal -0.854911 0 0.518774
    outer loop
      vertex -17.5847 -100 52.7724
      vertex -18.0566 -44.7318 51.9947
      vertex -18.0566 -100 51.9947
    endloop
  endfacet
  facet normal -0.876727 0 0.480988
    outer loop
      vertex -18.0566 -44.7318 51.9947
      vertex -18.4942 -44.7318 51.1971
      vertex -18.0566 -100 51.9947
    endloop
  endfacet
  facet normal -0.876727 0 0.480988
    outer loop
      vertex -18.0566 -100 51.9947
      vertex -18.4942 -44.7318 51.1971
      vertex -18.4942 -100 51.1971
    endloop
  endfacet
  facet normal -0.896872 0 0.442289
    outer loop
      vertex -18.4942 -44.7318 51.1971
      vertex -18.8965 -44.7318 50.3813
      vertex -18.4942 -100 51.1971
    endloop
  endfacet
  facet normal -0.896872 0 0.442289
    outer loop
      vertex -18.4942 -100 51.1971
      vertex -18.8965 -44.7318 50.3813
      vertex -18.8965 -100 50.3813
    endloop
  endfacet
  facet normal -0.915312 0 0.402746
    outer loop
      vertex -18.8965 -44.7318 50.3813
      vertex -19.2629 -44.7318 49.5486
      vertex -18.8965 -100 50.3813
    endloop
  endfacet
  facet normal -0.915312 0 0.402746
    outer loop
      vertex -18.8965 -100 50.3813
      vertex -19.2629 -44.7318 49.5486
      vertex -19.2629 -100 49.5486
    endloop
  endfacet
  facet normal -0.932008 0 0.362439
    outer loop
      vertex -19.2629 -44.7318 49.5486
      vertex -19.5926 -44.7318 48.7008
      vertex -19.2629 -100 49.5486
    endloop
  endfacet
  facet normal -0.932008 0 0.362439
    outer loop
      vertex -19.2629 -100 49.5486
      vertex -19.5926 -44.7318 48.7008
      vertex -19.5926 -100 48.7008
    endloop
  endfacet
  facet normal -0.94693 0 0.321439
    outer loop
      vertex -19.5926 -44.7318 48.7008
      vertex -19.885 -44.7318 47.8394
      vertex -19.5926 -100 48.7008
    endloop
  endfacet
  facet normal -0.94693 0 0.321439
    outer loop
      vertex -19.5926 -100 48.7008
      vertex -19.885 -44.7318 47.8394
      vertex -19.885 -100 47.8394
    endloop
  endfacet
  facet normal -0.96005 0 0.279829
    outer loop
      vertex -19.885 -44.7318 47.8394
      vertex -20.1396 -44.7318 46.966
      vertex -19.885 -100 47.8394
    endloop
  endfacet
  facet normal -0.96005 0 0.279829
    outer loop
      vertex -19.885 -100 47.8394
      vertex -20.1396 -44.7318 46.966
      vertex -20.1396 -100 46.966
    endloop
  endfacet
  facet normal -0.971342 0 0.237687
    outer loop
      vertex -20.1396 -44.7318 46.966
      vertex -20.3558 -44.7318 46.0824
      vertex -20.1396 -100 46.966
    endloop
  endfacet
  facet normal -0.971342 0 0.237687
    outer loop
      vertex -20.1396 -100 46.966
      vertex -20.3558 -44.7318 46.0824
      vertex -20.3558 -100 46.0824
    endloop
  endfacet
  facet normal -0.980785 0 0.19509
    outer loop
      vertex -20.3558 -44.7318 46.0824
      vertex -20.5332 -44.7318 45.1902
      vertex -20.3558 -100 46.0824
    endloop
  endfacet
  facet normal -0.980785 0 0.19509
    outer loop
      vertex -20.3558 -100 46.0824
      vertex -20.5332 -44.7318 45.1902
      vertex -20.5332 -100 45.1902
    endloop
  endfacet
  facet normal -0.988362 0 0.152123
    outer loop
      vertex -20.5332 -44.7318 45.1902
      vertex -20.6716 -44.7318 44.2911
      vertex -20.5332 -100 45.1902
    endloop
  endfacet
  facet normal -0.988362 0 0.152123
    outer loop
      vertex -20.5332 -100 45.1902
      vertex -20.6716 -44.7318 44.2911
      vertex -20.6716 -100 44.2911
    endloop
  endfacet
  facet normal -0.994056 0 0.108868
    outer loop
      vertex -20.6716 -44.7318 44.2911
      vertex -20.7707 -44.7318 43.3869
      vertex -20.6716 -100 44.2911
    endloop
  endfacet
  facet normal -0.994056 0 0.108868
    outer loop
      vertex -20.6716 -100 44.2911
      vertex -20.7707 -44.7318 43.3869
      vertex -20.7707 -100 43.3869
    endloop
  endfacet
  facet normal -0.997859 0 0.065404
    outer loop
      vertex -20.7707 -44.7318 43.3869
      vertex -20.8302 -44.7318 42.4791
      vertex -20.7707 -100 43.3869
    endloop
  endfacet
  facet normal -0.997859 0 0.065404
    outer loop
      vertex -20.7707 -100 43.3869
      vertex -20.8302 -44.7318 42.4791
      vertex -20.8302 -100 42.4791
    endloop
  endfacet
  facet normal -0.999762 0 0.0218149
    outer loop
      vertex -20.8302 -44.7318 42.4791
      vertex -20.85 -44.7318 41.5697
      vertex -20.8302 -100 42.4791
    endloop
  endfacet
  facet normal -0.999762 0 0.0218149
    outer loop
      vertex -20.8302 -100 42.4791
      vertex -20.85 -44.7318 41.5697
      vertex -20.85 -100 41.5697
    endloop
  endfacet
  facet normal -0.999762 0 -0.021815
    outer loop
      vertex -20.85 -44.7318 41.5697
      vertex -20.8302 -44.7318 40.6602
      vertex -20.85 -100 41.5697
    endloop
  endfacet
  facet normal -0.999762 0 -0.021815
    outer loop
      vertex -20.85 -100 41.5697
      vertex -20.8302 -44.7318 40.6602
      vertex -20.8302 -100 40.6602
    endloop
  endfacet
  facet normal -0.998835 0 -0.0482558
    outer loop
      vertex -20.8302 -44.7318 40.6602
      vertex -20.8208 -74.7318 40.4672
      vertex -20.8302 -100 40.6602
    endloop
  endfacet
  facet normal -0.998835 0 -0.0482558
    outer loop
      vertex -20.8302 -100 40.6602
      vertex -20.8208 -74.7318 40.4672
      vertex -20.8208 -100 40.4672
    endloop
  endfacet
  facet normal 1 0 0
    outer loop
      vertex -28.0654 -100 22.4219
      vertex -28.0654 -100 12.2378
      vertex -28.0654 -74.7318 22.4219
    endloop
  endfacet
  facet normal 1 0 0
    outer loop
      vertex -28.0654 -100 12.2378
      vertex -28.0654 -74.7318 12.2378
      vertex -28.0654 -74.7318 22.4219
    endloop
  endfacet
  facet normal -0.797779 0 -0.60295
    outer loop
      vertex -18.4788 -74.7318 -3.76351
      vertex -18.4788 -100 -3.76351
      vertex -30.0654 -74.7318 11.567
    endloop
  endfacet
  facet normal -0.797779 0 -0.60295
    outer loop
      vertex -18.4788 -100 -3.76351
      vertex -30.0654 -100 11.567
      vertex -30.0654 -74.7318 11.567
    endloop
  endfacet
  facet normal 0.797779 0 0.60295
    outer loop
      vertex -28.0654 -100 12.2378
      vertex -18.6677 -100 -0.196583
      vertex -28.0654 -74.7318 12.2378
    endloop
  endfacet
  facet normal 0.797779 0 0.60295
    outer loop
      vertex -18.6677 -100 -0.196583
      vertex -18.6677 -74.7318 -0.196583
      vertex -28.0654 -74.7318 12.2378
    endloop
  endfacet
  facet normal 0 1 0
    outer loop
      vertex 0.971999 -40.3 -29.9685
      vertex 1.61798 -40.3 -29.9125
      vertex 5.74907 -40.3 -30.0047
    endloop
  endfacet
  facet normal 0 1 0
    outer loop
      vertex 5.74907 -40.3 -80.0047
      vertex 2.96875 -40.3 -80.0047
      vertex 5.74907 -40.3 -30.0047
    endloop
  endfacet
  facet normal 0 1 0
    outer loop
      vertex 2.96875 -40.3 -80.0047
      vertex 2.96875 -40.3 -30.0047
      vertex 5.74907 -40.3 -30.0047
    endloop
  endfacet
  facet normal 0 1 0
    outer loop
      vertex -3.03125 -40.3 -80.0047
      vertex -5.74907 -40.3 -80.0047
      vertex -3.03125 -40.3 -30.0047
    endloop
  endfacet
  facet normal 0 1 0
    outer loop
      vertex -5.74907 -40.3 -80.0047
      vertex -5.74907 -40.3 -30.0047
      vertex -3.03125 -40.3 -30.0047
    endloop
  endfacet
  facet normal 0 1 0
    outer loop
      vertex 1.61798 -40.3 -29.9125
      vertex 2.26094 -40.3 -29.8286
      vertex 5.74907 -40.3 -30.0047
    endloop
  endfacet
  facet normal 0 1 0
    outer loop
      vertex 2.26094 -40.3 -29.8286
      vertex 2.89967 -40.3 -29.7171
      vertex 5.74907 -40.3 -30.0047
    endloop
  endfacet
  facet normal 0 1 0
    outer loop
      vertex 5.74907 -40.3 -30.0047
      vertex 2.89967 -40.3 -29.7171
      vertex 3.53299 -40.3 -29.578
    endloop
  endfacet
  facet normal 0 1 0
    outer loop
      vertex -5.74907 -40.3 -30.0047
      vertex -5.98859 -40.3 -28.7527
      vertex -3.03125 -40.3 -30.0047
    endloop
  endfacet
  facet normal 0 1 0
    outer loop
      vertex -5.98859 -40.3 -28.7527
      vertex -5.38865 -40.3 -28.9987
      vertex -3.03125 -40.3 -30.0047
    endloop
  endfacet
  facet normal 0 1 0
    outer loop
      vertex -3.03125 -40.3 -30.0047
      vertex -5.38865 -40.3 -28.9987
      vertex -4.77864 -40.3 -29.2185
    endloop
  endfacet
  facet normal 0 1 0
    outer loop
      vertex 3.53299 -40.3 -29.578
      vertex 4.1597 -40.3 -29.4117
      vertex 5.74907 -40.3 -30.0047
    endloop
  endfacet
  facet normal 0 1 0
    outer loop
      vertex 4.1597 -40.3 -29.4117
      vertex 4.77864 -40.3 -29.2185
      vertex 5.74907 -40.3 -30.0047
    endloop
  endfacet
  facet normal 0 1 0
    outer loop
      vertex 5.74907 -40.3 -30.0047
      vertex 4.77864 -40.3 -29.2185
      vertex 5.38865 -40.3 -28.9987
    endloop
  endfacet
  facet normal 0 1 0
    outer loop
      vertex 17.0893 -40.3 -30.0047
      vertex 7.7169 -40.3 -27.8627
      vertex 8.26558 -40.3 -27.5172
    endloop
  endfacet
  facet normal 0 1 0
    outer loop
      vertex 8.26558 -40.3 -27.5172
      vertex 8.79881 -40.3 -27.1483
      vertex 17.0893 -40.3 -30.0047
    endloop
  endfacet
  facet normal 0 1 0
    outer loop
      vertex 8.79881 -40.3 -27.1483
      vertex 9.3156 -40.3 -26.7567
      vertex 17.0893 -40.3 -30.0047
    endloop
  endfacet
  facet normal 0 1 0
    outer loop
      vertex 17.0893 -40.3 -30.0047
      vertex 9.3156 -40.3 -26.7567
      vertex 9.81498 -40.3 -26.3431
    endloop
  endfacet
  facet normal 0 1 0
    outer loop
      vertex 0.971999 -40.3 -29.9685
      vertex 5.74907 -40.3 -30.0047
      vertex 0.324202 -40.3 -29.9965
    endloop
  endfacet
  facet normal 0 1 0
    outer loop
      vertex 5.74907 -40.3 -30.0047
      vertex 2.96875 -40.3 -30.0047
      vertex 0.324202 -40.3 -29.9965
    endloop
  endfacet
  facet normal 0 1 0
    outer loop
      vertex 0.324202 -40.3 -29.9965
      vertex 2.96875 -40.3 -30.0047
      vertex -0.324202 -40.3 -29.9965
    endloop
  endfacet
  facet normal 0 1 0
    outer loop
      vertex 2.96875 -40.3 -30.0047
      vertex -3.03125 -40.3 -30.0047
      vertex -0.324202 -40.3 -29.9965
    endloop
  endfacet
  facet normal 0 1 0
    outer loop
      vertex -0.324202 -40.3 -29.9965
      vertex -3.03125 -40.3 -30.0047
      vertex -0.971999 -40.3 -29.9685
    endloop
  endfacet
  facet normal 0 1 0
    outer loop
      vertex 5.38865 -40.3 -28.9987
      vertex 5.98859 -40.3 -28.7527
      vertex 5.74907 -40.3 -30.0047
    endloop
  endfacet
  facet normal 0 1 0
    outer loop
      vertex 5.98859 -40.3 -28.7527
      vertex 6.57735 -40.3 -28.481
      vertex 5.74907 -40.3 -30.0047
    endloop
  endfacet
  facet normal 0 1 0
    outer loop
      vertex 5.74907 -40.3 -30.0047
      vertex 6.57735 -40.3 -28.481
      vertex 17.0893 -40.3 -30.0047
    endloop
  endfacet
  facet normal 0 1 0
    outer loop
      vertex 6.57735 -40.3 -28.481
      vertex 7.15381 -40.3 -28.1842
      vertex 17.0893 -40.3 -30.0047
    endloop
  endfacet
  facet normal 0 1 0
    outer loop
      vertex 17.0893 -40.3 -30.0047
      vertex 7.15381 -40.3 -28.1842
      vertex 7.7169 -40.3 -27.8627
    endloop
  endfacet
  facet normal 0 1 0
    outer loop
      vertex 11.1995 -40.3 -24.9785
      vertex 11.6203 -40.3 -24.4852
      vertex 17.0893 -40.3 -30.0047
    endloop
  endfacet
  facet normal 0 1 0
    outer loop
      vertex 11.6203 -40.3 -24.4852
      vertex 12.0194 -40.3 -23.9741
      vertex 17.0893 -40.3 -30.0047
    endloop
  endfacet
  facet normal 0 1 0
    outer loop
      vertex 17.0893 -40.3 -30.0047
      vertex 12.0194 -40.3 -23.9741
      vertex 12.396 -40.3 -23.4463
    endloop
  endfacet
  facet normal 0 1 0
    outer loop
      vertex -4.77864 -40.3 -29.2185
      vertex -4.1597 -40.3 -29.4117
      vertex -3.03125 -40.3 -30.0047
    endloop
  endfacet
  facet normal 0 1 0
    outer loop
      vertex -4.1597 -40.3 -29.4117
      vertex -3.53299 -40.3 -29.578
      vertex -3.03125 -40.3 -30.0047
    endloop
  endfacet
  facet normal 0 1 0
    outer loop
      vertex -3.03125 -40.3 -30.0047
      vertex -3.53299 -40.3 -29.578
      vertex -2.89967 -40.3 -29.7171
    endloop
  endfacet
  facet normal 0 1 0
    outer loop
      vertex -2.89967 -40.3 -29.7171
      vertex -2.26094 -40.3 -29.8286
      vertex -3.03125 -40.3 -30.0047
    endloop
  endfacet
  facet normal 0 1 0
    outer loop
      vertex -2.26094 -40.3 -29.8286
      vertex -1.61798 -40.3 -29.9125
      vertex -3.03125 -40.3 -30.0047
    endloop
  endfacet
  facet normal 0 1 0
    outer loop
      vertex -3.03125 -40.3 -30.0047
      vertex -1.61798 -40.3 -29.9125
      vertex -0.971999 -40.3 -29.9685
    endloop
  endfacet
  facet normal 0 1 0
    outer loop
      vertex -8.26558 -40.3 -27.5172
      vertex -7.7169 -40.3 -27.8627
      vertex -17.0893 -40.3 -30.0047
    endloop
  endfacet
  facet normal 0 1 0
    outer loop
      vertex -7.7169 -40.3 -27.8627
      vertex -7.15381 -40.3 -28.1842
      vertex -17.0893 -40.3 -30.0047
    endloop
  endfacet
  facet normal 0 1 0
    outer loop
      vertex -17.0893 -40.3 -30.0047
      vertex -7.15381 -40.3 -28.1842
      vertex -5.74907 -40.3 -30.0047
    endloop
  endfacet
  facet normal 0 1 0
    outer loop
      vertex -7.15381 -40.3 -28.1842
      vertex -6.57735 -40.3 -28.481
      vertex -5.74907 -40.3 -30.0047
    endloop
  endfacet
  facet normal 0 1 0
    outer loop
      vertex -5.74907 -40.3 -30.0047
      vertex -6.57735 -40.3 -28.481
      vertex -5.98859 -40.3 -28.7527
    endloop
  endfacet
  facet normal 0 1 0
    outer loop
      vertex 9.81498 -40.3 -26.3431
      vertex 10.296 -40.3 -25.9083
      vertex 17.0893 -40.3 -30.0047
    endloop
  endfacet
  facet normal 0 1 0
    outer loop
      vertex 10.296 -40.3 -25.9083
      vertex 10.7578 -40.3 -25.4532
      vertex 17.0893 -40.3 -30.0047
    endloop
  endfacet
  facet normal 0 1 0
    outer loop
      vertex 17.0893 -40.3 -30.0047
      vertex 10.7578 -40.3 -25.4532
      vertex 11.1995 -40.3 -24.9785
    endloop
  endfacet
  facet normal 0 1 0
    outer loop
      vertex 12.396 -40.3 -23.4463
      vertex 12.7494 -40.3 -22.9027
      vertex 17.0893 -40.3 -30.0047
    endloop
  endfacet
  facet normal 0 1 0
    outer loop
      vertex 12.7494 -40.3 -22.9027
      vertex 13.079 -40.3 -22.3443
      vertex 17.0893 -40.3 -30.0047
    endloop
  endfacet
  facet normal 0 1 0
    outer loop
      vertex 17.0893 -40.3 -30.0047
      vertex 13.079 -40.3 -22.3443
      vertex 13.3842 -40.3 -21.7722
    endloop
  endfacet
  facet normal 0 1 0
    outer loop
      vertex -12.396 -40.3 -23.4463
      vertex -12.0194 -40.3 -23.9741
      vertex -17.0893 -40.3 -30.0047
    endloop
  endfacet
  facet normal 0 1 0
    outer loop
      vertex -12.0194 -40.3 -23.9741
      vertex -11.6203 -40.3 -24.4852
      vertex -17.0893 -40.3 -30.0047
    endloop
  endfacet
  facet normal 0 1 0
    outer loop
      vertex -17.0893 -40.3 -30.0047
      vertex -11.6203 -40.3 -24.4852
      vertex -11.1995 -40.3 -24.9785
    endloop
  endfacet
  facet normal 0 1 0
    outer loop
      vertex -11.1995 -40.3 -24.9785
      vertex -10.7578 -40.3 -25.4532
      vertex -17.0893 -40.3 -30.0047
    endloop
  endfacet
  facet normal 0 1 0
    outer loop
      vertex -10.7578 -40.3 -25.4532
      vertex -10.296 -40.3 -25.9083
      vertex -17.0893 -40.3 -30.0047
    endloop
  endfacet
  facet normal 0 1 0
    outer loop
      vertex -17.0893 -40.3 -30.0047
      vertex -10.296 -40.3 -25.9083
      vertex -9.81498 -40.3 -26.3431
    endloop
  endfacet
  facet normal 0 1 0
    outer loop
      vertex -9.81498 -40.3 -26.3431
      vertex -9.3156 -40.3 -26.7567
      vertex -17.0893 -40.3 -30.0047
    endloop
  endfacet
  facet normal 0 1 0
    outer loop
      vertex -9.3156 -40.3 -26.7567
      vertex -8.79881 -40.3 -27.1483
      vertex -17.0893 -40.3 -30.0047
    endloop
  endfacet
  facet normal 0 1 0
    outer loop
      vertex -17.0893 -40.3 -30.0047
      vertex -8.79881 -40.3 -27.1483
      vertex -8.26558 -40.3 -27.5172
    endloop
  endfacet
  facet normal 0 1 0
    outer loop
      vertex 13.3842 -40.3 -21.7722
      vertex 13.6644 -40.3 -21.1875
      vertex 17.0893 -40.3 -30.0047
    endloop
  endfacet
  facet normal 0 1 0
    outer loop
      vertex 13.6644 -40.3 -21.1875
      vertex 13.919 -40.3 -20.5912
      vertex 17.0893 -40.3 -30.0047
    endloop
  endfacet
  facet normal 0 1 0
    outer loop
      vertex 17.0893 -40.3 -30.0047
      vertex 13.919 -40.3 -20.5912
      vertex 14.1476 -40.3 -19.9844
    endloop
  endfacet
  facet normal 0 1 0
    outer loop
      vertex 14.1476 -40.3 -19.9844
      vertex 14.3498 -40.3 -19.3683
      vertex 17.0893 -40.3 -30.0047
    endloop
  endfacet
  facet normal 0 1 0
    outer loop
      vertex 14.3498 -40.3 -19.3683
      vertex 14.5252 -40.3 -18.7441
      vertex 17.0893 -40.3 -30.0047
    endloop
  endfacet
  facet normal 0 1 0
    outer loop
      vertex 17.0893 -40.3 -30.0047
      vertex 14.5252 -40.3 -18.7441
      vertex 14.6734 -40.3 -18.1129
    endloop
  endfacet
  facet normal 0 1 0
    outer loop
      vertex 14.6734 -40.3 -18.1129
      vertex 14.7943 -40.3 -17.4758
      vertex 17.0893 -40.3 -30.0047
    endloop
  endfacet
  facet normal 0 1 0
    outer loop
      vertex 14.7943 -40.3 -17.4758
      vertex 14.8874 -40.3 -16.8341
      vertex 17.0893 -40.3 -30.0047
    endloop
  endfacet
  facet normal 0 1 0
    outer loop
      vertex 17.0893 -40.3 -30.0047
      vertex 14.8874 -40.3 -16.8341
      vertex 14.9528 -40.3 -16.189
    endloop
  endfacet
  facet normal 0 1 0
    outer loop
      vertex 11.7 -40.3 10
      vertex 19.2076 -40.3 10
      vertex 14.8599 -40.3 -12.9544
    endloop
  endfacet
  facet normal 0 1 0
    outer loop
      vertex 19.2076 -40.3 10
      vertex 14.9344 -40.3 -13.5985
      vertex 14.8599 -40.3 -12.9544
    endloop
  endfacet
  facet normal 0 1 0
    outer loop
      vertex -14.6734 -40.3 -18.1129
      vertex -14.5252 -40.3 -18.7441
      vertex -17.0893 -40.3 -30.0047
    endloop
  endfacet
  facet normal 0 1 0
    outer loop
      vertex -14.5252 -40.3 -18.7441
      vertex -14.3498 -40.3 -19.3683
      vertex -17.0893 -40.3 -30.0047
    endloop
  endfacet
  facet normal 0 1 0
    outer loop
      vertex -17.0893 -40.3 -30.0047
      vertex -14.3498 -40.3 -19.3683
      vertex -14.1476 -40.3 -19.9844
    endloop
  endfacet
  facet normal 0 1 0
    outer loop
      vertex -14.1476 -40.3 -19.9844
      vertex -13.919 -40.3 -20.5912
      vertex -17.0893 -40.3 -30.0047
    endloop
  endfacet
  facet normal 0 1 0
    outer loop
      vertex -13.919 -40.3 -20.5912
      vertex -13.6644 -40.3 -21.1875
      vertex -17.0893 -40.3 -30.0047
    endloop
  endfacet
  facet normal 0 1 0
    outer loop
      vertex -17.0893 -40.3 -30.0047
      vertex -13.6644 -40.3 -21.1875
      vertex -13.3842 -40.3 -21.7722
    endloop
  endfacet
  facet normal 0 1 0
    outer loop
      vertex 14.9528 -40.3 -16.189
      vertex 14.9902 -40.3 -15.5417
      vertex 17.0893 -40.3 -30.0047
    endloop
  endfacet
  facet normal 0 1 0
    outer loop
      vertex 14.9902 -40.3 -15.5417
      vertex 14.9996 -40.3 -14.8934
      vertex 17.0893 -40.3 -30.0047
    endloop
  endfacet
  facet normal 0 1 0
    outer loop
      vertex 17.0893 -40.3 -30.0047
      vertex 14.9996 -40.3 -14.8934
      vertex 19.2076 -40.3 10
    endloop
  endfacet
  facet normal 0 1 0
    outer loop
      vertex 14.9996 -40.3 -14.8934
      vertex 14.981 -40.3 -14.2452
      vertex 19.2076 -40.3 10
    endloop
  endfacet
  facet normal 0 1 0
    outer loop
      vertex 19.2076 -40.3 10
      vertex 14.981 -40.3 -14.2452
      vertex 14.9344 -40.3 -13.5985
    endloop
  endfacet
  facet normal 0 1 0
    outer loop
      vertex -14.9344 -40.3 -13.5985
      vertex -19.2076 -40.3 10
      vertex -14.8599 -40.3 -12.9544
    endloop
  endfacet
  facet normal 0 1 0
    outer loop
      vertex -19.2076 -40.3 10
      vertex -11.7 -40.3 10
      vertex -14.8599 -40.3 -12.9544
    endloop
  endfacet
  facet normal 0 1 0
    outer loop
      vertex -13.3842 -40.3 -21.7722
      vertex -13.079 -40.3 -22.3443
      vertex -17.0893 -40.3 -30.0047
    endloop
  endfacet
  facet normal 0 1 0
    outer loop
      vertex -13.079 -40.3 -22.3443
      vertex -12.7494 -40.3 -22.9027
      vertex -17.0893 -40.3 -30.0047
    endloop
  endfacet
  facet normal 0 1 0
    outer loop
      vertex -17.0893 -40.3 -30.0047
      vertex -12.7494 -40.3 -22.9027
      vertex -12.396 -40.3 -23.4463
    endloop
  endfacet
  facet normal 0 1 0
    outer loop
      vertex -14.9528 -40.3 -16.189
      vertex -14.8874 -40.3 -16.8341
      vertex -17.0893 -40.3 -30.0047
    endloop
  endfacet
  facet normal 0 1 0
    outer loop
      vertex -14.8874 -40.3 -16.8341
      vertex -14.7943 -40.3 -17.4758
      vertex -17.0893 -40.3 -30.0047
    endloop
  endfacet
  facet normal 0 1 0
    outer loop
      vertex -17.0893 -40.3 -30.0047
      vertex -14.7943 -40.3 -17.4758
      vertex -14.6734 -40.3 -18.1129
    endloop
  endfacet
  facet normal 0 1 0
    outer loop
      vertex -14.9344 -40.3 -13.5985
      vertex -14.981 -40.3 -14.2452
      vertex -19.2076 -40.3 10
    endloop
  endfacet
  facet normal 0 1 0
    outer loop
      vertex -14.981 -40.3 -14.2452
      vertex -14.9996 -40.3 -14.8934
      vertex -19.2076 -40.3 10
    endloop
  endfacet
  facet normal 0 1 0
    outer loop
      vertex -19.2076 -40.3 10
      vertex -14.9996 -40.3 -14.8934
      vertex -17.0893 -40.3 -30.0047
    endloop
  endfacet
  facet normal 0 1 0
    outer loop
      vertex -14.9996 -40.3 -14.8934
      vertex -14.9902 -40.3 -15.5417
      vertex -17.0893 -40.3 -30.0047
    endloop
  endfacet
  facet normal 0 1 0
    outer loop
      vertex -17.0893 -40.3 -30.0047
      vertex -14.9902 -40.3 -15.5417
      vertex -14.9528 -40.3 -16.189
    endloop
  endfacet
  facet normal -1 0 0
    outer loop
      vertex -30.0654 -74.7318 11.567
      vertex -30.0654 -100 11.567
      vertex -30.0654 -74.7318 23.057
    endloop
  endfacet
  facet normal -1 0 0
    outer loop
      vertex -30.0654 -100 11.567
      vertex -30.0654 -100 23.057
      vertex -30.0654 -74.7318 23.057
    endloop
  endfacet
  facet normal -0.8168 0 -0.576922
    outer loop
      vertex 28.0654 -74.7318 22.4219
      vertex 28.0654 -100 22.4219
      vertex 20.4372 -74.7318 33.2218
    endloop
  endfacet
  facet normal -0.8168 0 -0.576922
    outer loop
      vertex 28.0654 -100 22.4219
      vertex 20.4372 -100 33.2218
      vertex 20.4372 -74.7318 33.2218
    endloop
  endfacet
  facet normal -0.797779 0 0.60295
    outer loop
      vertex 18.6677 -74.7318 -0.196583
      vertex 18.6677 -100 -0.196583
      vertex 28.0654 -74.7318 12.2378
    endloop
  endfacet
  facet normal -0.797779 0 0.60295
    outer loop
      vertex 18.6677 -100 -0.196583
      vertex 28.0654 -100 12.2378
      vertex 28.0654 -74.7318 12.2378
    endloop
  endfacet
  facet normal 0.797779 0 -0.60295
    outer loop
      vertex 30.0654 -100 11.567
      vertex 18.4788 -100 -3.76351
      vertex 30.0654 -74.7318 11.567
    endloop
  endfacet
  facet normal 0.797779 0 -0.60295
    outer loop
      vertex 18.4788 -100 -3.76351
      vertex 18.4788 -74.7318 -3.76351
      vertex 30.0654 -74.7318 11.567
    endloop
  endfacet
  facet normal 1 0 0
    outer loop
      vertex 30.0654 -100 23.057
      vertex 30.0654 -100 11.567
      vertex 30.0654 -74.7318 23.057
    endloop
  endfacet
  facet normal 1 0 0
    outer loop
      vertex 30.0654 -100 11.567
      vertex 30.0654 -74.7318 11.567
      vertex 30.0654 -74.7318 23.057
    endloop
  endfacet
  facet normal 0.8168 0 0.576922
    outer loop
      vertex 20.6079 -100 36.4467
      vertex 30.0654 -100 23.057
      vertex 20.6079 -74.7318 36.4467
    endloop
  endfacet
  facet normal 0.8168 0 0.576922
    outer loop
      vertex 30.0654 -100 23.057
      vertex 30.0654 -74.7318 23.057
      vertex 20.6079 -74.7318 36.4467
    endloop
  endfacet
  facet normal 1 0 0
    outer loop
      vertex -3.03125 -100 -80.0047
      vertex -3.03125 -40.3 -80.0047
      vertex -3.03125 -100 -30.0047
    endloop
  endfacet
  facet normal 1 0 0
    outer loop
      vertex -3.03125 -40.3 -80.0047
      vertex -3.03125 -40.3 -30.0047
      vertex -3.03125 -100 -30.0047
    endloop
  endfacet
  facet normal -0.66682 -0.745219 0
    outer loop
      vertex -5.95446 -100 -80.0047
      vertex -5.95446 -100 -30.0047
      vertex -6.41178 -99.5908 -30.0047
    endloop
  endfacet
  facet normal -0.66682 -0.745219 0
    outer loop
      vertex -5.95446 -100 -80.0047
      vertex -6.41178 -99.5908 -30.0047
      vertex -6.41178 -99.5908 -80.0047
    endloop
  endfacet
  facet normal -0.698701 -0.715414 0
    outer loop
      vertex -6.41178 -99.5908 -30.0047
      vertex -6.88635 -99.1273 -30.0047
      vertex -6.41178 -99.5908 -80.0047
    endloop
  endfacet
  facet normal -0.698701 -0.715414 0
    outer loop
      vertex -6.41178 -99.5908 -80.0047
      vertex -6.88635 -99.1273 -30.0047
      vertex -6.88635 -99.1273 -80.0047
    endloop
  endfacet
  facet normal -0.729253 -0.684244 0
    outer loop
      vertex -6.88635 -99.1273 -30.0047
      vertex -7.37917 -98.6021 -30.0047
      vertex -6.88635 -99.1273 -80.0047
    endloop
  endfacet
  facet normal -0.729253 -0.684244 0
    outer loop
      vertex -6.88635 -99.1273 -80.0047
      vertex -7.37917 -98.6021 -30.0047
      vertex -7.37917 -98.6021 -80.0047
    endloop
  endfacet
  facet normal -0.758416 -0.651771 0
    outer loop
      vertex -7.37917 -98.6021 -30.0047
      vertex -7.89106 -98.0064 -30.0047
      vertex -7.37917 -98.6021 -80.0047
    endloop
  endfacet
  facet normal -0.758416 -0.651771 0
    outer loop
      vertex -7.37917 -98.6021 -80.0047
      vertex -7.89106 -98.0064 -30.0047
      vertex -7.89106 -98.0064 -80.0047
    endloop
  endfacet
  facet normal -0.786129 -0.618062 0
    outer loop
      vertex -7.89106 -98.0064 -30.0047
      vertex -8.42251 -97.3305 -30.0047
      vertex -7.89106 -98.0064 -80.0047
    endloop
  endfacet
  facet normal -0.786129 -0.618062 0
    outer loop
      vertex -7.89106 -98.0064 -80.0047
      vertex -8.42251 -97.3305 -30.0047
      vertex -8.42251 -97.3305 -80.0047
    endloop
  endfacet
  facet normal -0.812351 -0.583169 0
    outer loop
      vertex -8.42251 -97.3305 -30.0047
      vertex -8.97359 -96.5628 -30.0047
      vertex -8.42251 -97.3305 -80.0047
    endloop
  endfacet
  facet normal -0.812351 -0.583169 0
    outer loop
      vertex -8.42251 -97.3305 -80.0047
      vertex -8.97359 -96.5628 -30.0047
      vertex -8.97359 -96.5628 -80.0047
    endloop
  endfacet
  facet normal -0.837022 -0.54717 0
    outer loop
      vertex -8.97359 -96.5628 -30.0047
      vertex -9.54369 -95.6907 -30.0047
      vertex -8.97359 -96.5628 -80.0047
    endloop
  endfacet
  facet normal -0.837022 -0.54717 0
    outer loop
      vertex -8.97359 -96.5628 -80.0047
      vertex -9.54369 -95.6907 -30.0047
      vertex -9.54369 -95.6907 -80.0047
    endloop
  endfacet
  facet normal -0.860096 -0.510132 0
    outer loop
      vertex -9.54369 -95.6907 -30.0047
      vertex -10.1313 -94.6999 -30.0047
      vertex -9.54369 -95.6907 -80.0047
    endloop
  endfacet
  facet normal -0.860096 -0.510132 0
    outer loop
      vertex -9.54369 -95.6907 -80.0047
      vertex -10.1313 -94.6999 -30.0047
      vertex -10.1313 -94.6999 -80.0047
    endloop
  endfacet
  facet normal -0.881531 -0.472126 0
    outer loop
      vertex -10.1313 -94.6999 -30.0047
      vertex -10.7339 -93.5749 -30.0047
      vertex -10.1313 -94.6999 -80.0047
    endloop
  endfacet
  facet normal -0.881531 -0.472126 0
    outer loop
      vertex -10.1313 -94.6999 -80.0047
      vertex -10.7339 -93.5749 -30.0047
      vertex -10.7339 -93.5749 -80.0047
    endloop
  endfacet
  facet normal -0.901288 -0.43322 0
    outer loop
      vertex -10.7339 -93.5749 -30.0047
      vertex -11.3471 -92.2992 -30.0047
      vertex -10.7339 -93.5749 -80.0047
    endloop
  endfacet
  facet normal -0.901288 -0.43322 0
    outer loop
      vertex -10.7339 -93.5749 -80.0047
      vertex -11.3471 -92.2992 -30.0047
      vertex -11.3471 -92.2992 -80.0047
    endloop
  endfacet
  facet normal -0.919325 -0.393499 0
    outer loop
      vertex -11.3471 -92.2992 -30.0047
      vertex -11.9647 -90.8563 -30.0047
      vertex -11.3471 -92.2992 -80.0047
    endloop
  endfacet
  facet normal -0.919325 -0.393499 0
    outer loop
      vertex -11.3471 -92.2992 -80.0047
      vertex -11.9647 -90.8563 -30.0047
      vertex -11.9647 -90.8563 -80.0047
    endloop
  endfacet
  facet normal -0.935611 -0.353032 0
    outer loop
      vertex -11.9647 -90.8563 -30.0047
      vertex -12.5782 -89.2303 -30.0047
      vertex -11.9647 -90.8563 -80.0047
    endloop
  endfacet
  facet normal -0.935611 -0.353032 0
    outer loop
      vertex -11.9647 -90.8563 -80.0047
      vertex -12.5782 -89.2303 -30.0047
      vertex -12.5782 -89.2303 -80.0047
    endloop
  endfacet
  facet normal -0.950115 -0.311899 0
    outer loop
      vertex -12.5782 -89.2303 -30.0047
      vertex -13.1764 -87.408 -30.0047
      vertex -12.5782 -89.2303 -80.0047
    endloop
  endfacet
  facet normal -0.950115 -0.311899 0
    outer loop
      vertex -12.5782 -89.2303 -80.0047
      vertex -13.1764 -87.408 -30.0047
      vertex -13.1764 -87.408 -80.0047
    endloop
  endfacet
  facet normal -0.96281 -0.270181 0
    outer loop
      vertex -13.1764 -87.408 -30.0047
      vertex -13.7453 -85.3808 -30.0047
      vertex -13.1764 -87.408 -80.0047
    endloop
  endfacet
  facet normal -0.96281 -0.270181 0
    outer loop
      vertex -13.1764 -87.408 -80.0047
      vertex -13.7453 -85.3808 -30.0047
      vertex -13.7453 -85.3808 -80.0047
    endloop
  endfacet
  facet normal -0.973671 -0.227957 0
    outer loop
      vertex -13.7453 -85.3808 -30.0047
      vertex -14.2683 -83.147 -30.0047
      vertex -13.7453 -85.3808 -80.0047
    endloop
  endfacet
  facet normal -0.973671 -0.227957 0
    outer loop
      vertex -13.7453 -85.3808 -80.0047
      vertex -14.2683 -83.147 -30.0047
      vertex -14.2683 -83.147 -80.0047
    endloop
  endfacet
  facet normal -0.98268 -0.185309 0
    outer loop
      vertex -14.2683 -83.147 -30.0047
      vertex -14.7269 -80.7147 -30.0047
      vertex -14.2683 -83.147 -80.0047
    endloop
  endfacet
  facet normal -0.98268 -0.185309 0
    outer loop
      vertex -14.2683 -83.147 -80.0047
      vertex -14.7269 -80.7147 -30.0047
      vertex -14.7269 -80.7147 -80.0047
    endloop
  endfacet
  facet normal -0.989821 -0.142317 0
    outer loop
      vertex -14.7269 -80.7147 -30.0047
      vertex -15.1023 -78.104 -30.0047
      vertex -14.7269 -80.7147 -80.0047
    endloop
  endfacet
  facet normal -0.989821 -0.142317 0
    outer loop
      vertex -14.7269 -80.7147 -80.0047
      vertex -15.1023 -78.104 -30.0047
      vertex -15.1023 -78.104 -80.0047
    endloop
  endfacet
  facet normal -0.995081 -0.0990638 0
    outer loop
      vertex -15.1023 -78.104 -30.0047
      vertex -15.3767 -75.3479 -30.0047
      vertex -15.1023 -78.104 -80.0047
    endloop
  endfacet
  facet normal -0.995081 -0.0990638 0
    outer loop
      vertex -15.1023 -78.104 -80.0047
      vertex -15.3767 -75.3479 -30.0047
      vertex -15.3767 -75.3479 -80.0047
    endloop
  endfacet
  facet normal -0.998452 -0.0556277 0
    outer loop
      vertex -15.3767 -75.3479 -30.0047
      vertex -15.5358 -72.4916 -30.0047
      vertex -15.3767 -75.3479 -80.0047
    endloop
  endfacet
  facet normal -0.998452 -0.0556277 0
    outer loop
      vertex -15.3767 -75.3479 -80.0047
      vertex -15.5358 -72.4916 -30.0047
      vertex -15.5358 -72.4916 -80.0047
    endloop
  endfacet
  facet normal -0.999927 -0.0120899 0
    outer loop
      vertex -15.5358 -72.4916 -30.0047
      vertex -15.5709 -69.5895 -30.0047
      vertex -15.5358 -72.4916 -80.0047
    endloop
  endfacet
  facet normal -0.999927 -0.0120899 0
    outer loop
      vertex -15.5358 -72.4916 -80.0047
      vertex -15.5709 -69.5895 -30.0047
      vertex -15.5709 -69.5895 -80.0047
    endloop
  endfacet
  facet normal -0.999505 0.0314702 0
    outer loop
      vertex -15.5709 -69.5895 -30.0047
      vertex -15.4799 -66.7006 -30.0047
      vertex -15.5709 -69.5895 -80.0047
    endloop
  endfacet
  facet normal -0.999505 0.0314702 0
    outer loop
      vertex -15.5709 -69.5895 -80.0047
      vertex -15.4799 -66.7006 -30.0047
      vertex -15.4799 -66.7006 -80.0047
    endloop
  endfacet
  facet normal -0.997186 0.0749727 0
    outer loop
      vertex -15.4799 -66.7006 -30.0047
      vertex -15.2681 -63.8826 -30.0047
      vertex -15.4799 -66.7006 -80.0047
    endloop
  endfacet
  facet normal -0.997186 0.0749727 0
    outer loop
      vertex -15.4799 -66.7006 -80.0047
      vertex -15.2681 -63.8826 -30.0047
      vertex -15.2681 -63.8826 -80.0047
    endloop
  endfacet
  facet normal -0.992973 0.118338 0
    outer loop
      vertex -15.2681 -63.8826 -30.0047
      vertex -14.9467 -61.1863 -30.0047
      vertex -15.2681 -63.8826 -80.0047
    endloop
  endfacet
  facet normal -0.992973 0.118338 0
    outer loop
      vertex -15.2681 -63.8826 -80.0047
      vertex -14.9467 -61.1863 -30.0047
      vertex -14.9467 -61.1863 -80.0047
    endloop
  endfacet
  facet normal -0.986875 0.161485 0
    outer loop
      vertex -14.9467 -61.1863 -30.0047
      vertex -14.532 -58.6517 -30.0047
      vertex -14.9467 -61.1863 -80.0047
    endloop
  endfacet
  facet normal -0.986875 0.161485 0
    outer loop
      vertex -14.9467 -61.1863 -80.0047
      vertex -14.532 -58.6517 -30.0047
      vertex -14.532 -58.6517 -80.0047
    endloop
  endfacet
  facet normal -0.978901 0.204334 0
    outer loop
      vertex -14.532 -58.6517 -30.0047
      vertex -14.0424 -56.306 -30.0047
      vertex -14.532 -58.6517 -80.0047
    endloop
  endfacet
  facet normal -0.978901 0.204334 0
    outer loop
      vertex -14.532 -58.6517 -80.0047
      vertex -14.0424 -56.306 -30.0047
      vertex -14.0424 -56.306 -80.0047
    endloop
  endfacet
  facet normal -0.969066 0.246803 0
    outer loop
      vertex -14.0424 -56.306 -30.0047
      vertex -13.4968 -54.1638 -30.0047
      vertex -14.0424 -56.306 -80.0047
    endloop
  endfacet
  facet normal -0.969066 0.246803 0
    outer loop
      vertex -14.0424 -56.306 -80.0047
      vertex -13.4968 -54.1638 -30.0047
      vertex -13.4968 -54.1638 -80.0047
    endloop
  endfacet
  facet normal -0.957386 0.288812 0
    outer loop
      vertex -13.4968 -54.1638 -30.0047
      vertex -12.9129 -52.2284 -30.0047
      vertex -13.4968 -54.1638 -80.0047
    endloop
  endfacet
  facet normal -0.957386 0.288812 0
    outer loop
      vertex -13.4968 -54.1638 -80.0047
      vertex -12.9129 -52.2284 -30.0047
      vertex -12.9129 -52.2284 -80.0047
    endloop
  endfacet
  facet normal -0.943883 0.330279 0
    outer loop
      vertex -12.9129 -52.2284 -30.0047
      vertex -12.3064 -50.4949 -30.0047
      vertex -12.9129 -52.2284 -80.0047
    endloop
  endfacet
  facet normal -0.943883 0.330279 0
    outer loop
      vertex -12.9129 -52.2284 -80.0047
      vertex -12.3064 -50.4949 -30.0047
      vertex -12.3064 -50.4949 -80.0047
    endloop
  endfacet
  facet normal -0.928583 0.371124 0
    outer loop
      vertex -12.3064 -50.4949 -30.0047
      vertex -11.6898 -48.9522 -30.0047
      vertex -12.3064 -50.4949 -80.0047
    endloop
  endfacet
  facet normal -0.928583 0.371124 0
    outer loop
      vertex -12.3064 -50.4949 -80.0047
      vertex -11.6898 -48.9522 -30.0047
      vertex -11.6898 -48.9522 -80.0047
    endloop
  endfacet
  facet normal -0.911513 0.411271 0
    outer loop
      vertex -11.6898 -48.9522 -30.0047
      vertex -11.0732 -47.5857 -30.0047
      vertex -11.6898 -48.9522 -80.0047
    endloop
  endfacet
  facet normal -0.911513 0.411271 0
    outer loop
      vertex -11.6898 -48.9522 -80.0047
      vertex -11.0732 -47.5857 -30.0047
      vertex -11.0732 -47.5857 -80.0047
    endloop
  endfacet
  facet normal -0.892707 0.450638 0
    outer loop
      vertex -11.0732 -47.5857 -30.0047
      vertex -10.4642 -46.3791 -30.0047
      vertex -11.0732 -47.5857 -80.0047
    endloop
  endfacet
  facet normal -0.892707 0.450638 0
    outer loop
      vertex -11.0732 -47.5857 -80.0047
      vertex -10.4642 -46.3791 -30.0047
      vertex -10.4642 -46.3791 -80.0047
    endloop
  endfacet
  facet normal -0.872199 0.489151 0
    outer loop
      vertex -10.4642 -46.3791 -30.0047
      vertex -9.86783 -45.3158 -30.0047
      vertex -10.4642 -46.3791 -80.0047
    endloop
  endfacet
  facet normal -0.872199 0.489151 0
    outer loop
      vertex -10.4642 -46.3791 -80.0047
      vertex -9.86783 -45.3158 -30.0047
      vertex -9.86783 -45.3158 -80.0047
    endloop
  endfacet
  facet normal -0.850028 0.526738 0
    outer loop
      vertex -9.86783 -45.3158 -30.0047
      vertex -9.28773 -44.3797 -30.0047
      vertex -9.86783 -45.3158 -80.0047
    endloop
  endfacet
  facet normal -0.850028 0.526738 0
    outer loop
      vertex -9.86783 -45.3158 -80.0047
      vertex -9.28773 -44.3797 -30.0047
      vertex -9.28773 -44.3797 -80.0047
    endloop
  endfacet
  facet normal -0.826237 0.563323 0
    outer loop
      vertex -9.28773 -44.3797 -30.0047
      vertex -8.72597 -43.5557 -30.0047
      vertex -9.28773 -44.3797 -80.0047
    endloop
  endfacet
  facet normal -0.826237 0.563323 0
    outer loop
      vertex -9.28773 -44.3797 -80.0047
      vertex -8.72597 -43.5557 -30.0047
      vertex -8.72597 -43.5557 -80.0047
    endloop
  endfacet
  facet normal -0.800874 0.598833 0
    outer loop
      vertex -8.72597 -43.5557 -30.0047
      vertex -8.1836 -42.8304 -30.0047
      vertex -8.72597 -43.5557 -80.0047
    endloop
  endfacet
  facet normal -0.800874 0.598833 0
    outer loop
      vertex -8.72597 -43.5557 -80.0047
      vertex -8.1836 -42.8304 -30.0047
      vertex -8.1836 -42.8304 -80.0047
    endloop
  endfacet
  facet normal -0.77398 0.63321 0
    outer loop
      vertex -8.1836 -42.8304 -30.0047
      vertex -7.66089 -42.1915 -30.0047
      vertex -8.1836 -42.8304 -80.0047
    endloop
  endfacet
  facet normal -0.77398 0.63321 0
    outer loop
      vertex -8.1836 -42.8304 -80.0047
      vertex -7.66089 -42.1915 -30.0047
      vertex -7.66089 -42.1915 -80.0047
    endloop
  endfacet
  facet normal -0.745615 0.666377 0
    outer loop
      vertex -7.66089 -42.1915 -30.0047
      vertex -7.15757 -41.6283 -30.0047
      vertex -7.66089 -42.1915 -80.0047
    endloop
  endfacet
  facet normal -0.745615 0.666377 0
    outer loop
      vertex -7.66089 -42.1915 -80.0047
      vertex -7.15757 -41.6283 -30.0047
      vertex -7.15757 -41.6283 -80.0047
    endloop
  endfacet
  facet normal -0.715826 0.698279 0
    outer loop
      vertex -7.15757 -41.6283 -30.0047
      vertex -6.67298 -41.1315 -30.0047
      vertex -7.15757 -41.6283 -80.0047
    endloop
  endfacet
  facet normal -0.715826 0.698279 0
    outer loop
      vertex -7.15757 -41.6283 -80.0047
      vertex -6.67298 -41.1315 -30.0047
      vertex -6.67298 -41.1315 -80.0047
    endloop
  endfacet
  facet normal -0.684675 0.728849 0
    outer loop
      vertex -6.67298 -41.1315 -30.0047
      vertex -6.20622 -40.6931 -30.0047
      vertex -6.67298 -41.1315 -80.0047
    endloop
  endfacet
  facet normal -0.684675 0.728849 0
    outer loop
      vertex -6.67298 -41.1315 -80.0047
      vertex -6.20622 -40.6931 -30.0047
      vertex -6.20622 -40.6931 -80.0047
    endloop
  endfacet
  facet normal -0.652221 0.758029 0
    outer loop
      vertex -6.20622 -40.6931 -30.0047
      vertex -5.75622 -40.3059 -30.0047
      vertex -6.20622 -40.6931 -80.0047
    endloop
  endfacet
  facet normal -0.652221 0.758029 0
    outer loop
      vertex -6.20622 -40.6931 -80.0047
      vertex -5.75622 -40.3059 -30.0047
      vertex -5.75622 -40.3059 -80.0047
    endloop
  endfacet
  facet normal -0.634952 0.772552 0
    outer loop
      vertex -5.75622 -40.3059 -30.0047
      vertex -5.74907 -40.3 -30.0047
      vertex -5.75622 -40.3059 -80.0047
    endloop
  endfacet
  facet normal -0.634952 0.772552 0
    outer loop
      vertex -5.75622 -40.3059 -80.0047
      vertex -5.74907 -40.3 -30.0047
      vertex -5.74907 -40.3 -80.0047
    endloop
  endfacet
endsolid Mesh
