solid Mesh
  facet normal 0 0 -1
    outer loop
      vertex -16.9838 57.9415 -15
      vertex -17 57.2 -15
      vertex -17 74.2 -15
    endloop
  endfacet
  facet normal 0 0 -1
    outer loop
      vertex -12.0208 69.2208 -15
      vertex -12.5337 68.685 -15
      vertex -17 74.2 -15
    endloop
  endfacet
  facet normal 0 0 -1
    outer loop
      vertex -12.5337 68.685 -15
      vertex -13.0228 68.1274 -15
      vertex -17 74.2 -15
    endloop
  endfacet
  facet normal 0 0 -1
    outer loop
      vertex -13.0228 68.1274 -15
      vertex -13.487 67.5489 -15
      vertex -17 74.2 -15
    endloop
  endfacet
  facet normal 0 0 -1
    outer loop
      vertex -13.487 67.5489 -15
      vertex -13.9256 66.9508 -15
      vertex -17 74.2 -15
    endloop
  endfacet
  facet normal 0 0 -1
    outer loop
      vertex -17 74.2 -15
      vertex -13.9256 66.9508 -15
      vertex -14.3377 66.3341 -15
    endloop
  endfacet
  facet normal 0 0 -1
    outer loop
      vertex -14.3377 66.3341 -15
      vertex -14.7224 65.7 -15
      vertex -17 74.2 -15
    endloop
  endfacet
  facet normal 0 0 -1
    outer loop
      vertex -14.7224 65.7 -15
      vertex -15.0792 65.0497 -15
      vertex -17 74.2 -15
    endloop
  endfacet
  facet normal 0 0 -1
    outer loop
      vertex -17 74.2 -15
      vertex -15.0792 65.0497 -15
      vertex -15.4072 64.3845 -15
    endloop
  endfacet
  facet normal 0 0 -1
    outer loop
      vertex 0 74.2 -15
      vertex -0.74153 74.1838 -15
      vertex -17 74.2 -15
    endloop
  endfacet
  facet normal 0 0 -1
    outer loop
      vertex -0.74153 74.1838 -15
      vertex -1.48165 74.1353 -15
      vertex -17 74.2 -15
    endloop
  endfacet
  facet normal 0 0 -1
    outer loop
      vertex -17 74.2 -15
      vertex -1.48165 74.1353 -15
      vertex -2.21895 74.0546 -15
    endloop
  endfacet
  facet normal 0 0 -1
    outer loop
      vertex -15.4072 64.3845 -15
      vertex -15.706 63.7056 -15
      vertex -17 74.2 -15
    endloop
  endfacet
  facet normal 0 0 -1
    outer loop
      vertex -15.706 63.7056 -15
      vertex -15.9748 63.0143 -15
      vertex -17 74.2 -15
    endloop
  endfacet
  facet normal 0 0 -1
    outer loop
      vertex -17 74.2 -15
      vertex -15.9748 63.0143 -15
      vertex -16.2132 62.312 -15
    endloop
  endfacet
  facet normal 0 0 -1
    outer loop
      vertex -10.3489 70.687 -15
      vertex -10.9274 70.2228 -15
      vertex -17 74.2 -15
    endloop
  endfacet
  facet normal 0 0 -1
    outer loop
      vertex -10.9274 70.2228 -15
      vertex -11.485 69.7337 -15
      vertex -17 74.2 -15
    endloop
  endfacet
  facet normal 0 0 -1
    outer loop
      vertex -17 74.2 -15
      vertex -11.485 69.7337 -15
      vertex -12.0208 69.2208 -15
    endloop
  endfacet
  facet normal 0 0 -1
    outer loop
      vertex -16.2132 62.312 -15
      vertex -16.4207 61.5999 -15
      vertex -17 74.2 -15
    endloop
  endfacet
  facet normal 0 0 -1
    outer loop
      vertex -16.4207 61.5999 -15
      vertex -16.597 60.8795 -15
      vertex -17 74.2 -15
    endloop
  endfacet
  facet normal 0 0 -1
    outer loop
      vertex -17 74.2 -15
      vertex -16.597 60.8795 -15
      vertex -16.7417 60.152 -15
    endloop
  endfacet
  facet normal 0 0 -1
    outer loop
      vertex -16.7417 60.152 -15
      vertex -16.8546 59.4189 -15
      vertex -17 74.2 -15
    endloop
  endfacet
  facet normal 0 0 -1
    outer loop
      vertex -16.8546 59.4189 -15
      vertex -16.9353 58.6816 -15
      vertex -17 74.2 -15
    endloop
  endfacet
  facet normal 0 0 -1
    outer loop
      vertex -17 74.2 -15
      vertex -16.9353 58.6816 -15
      vertex -16.9838 57.9415 -15
    endloop
  endfacet
  facet normal 0 0 -1
    outer loop
      vertex -2.21895 74.0546 -15
      vertex -2.95202 73.9417 -15
      vertex -17 74.2 -15
    endloop
  endfacet
  facet normal 0 0 -1
    outer loop
      vertex -2.95202 73.9417 -15
      vertex -3.67947 73.797 -15
      vertex -17 74.2 -15
    endloop
  endfacet
  facet normal 0 0 -1
    outer loop
      vertex -17 74.2 -15
      vertex -3.67947 73.797 -15
      vertex -4.39992 73.6207 -15
    endloop
  endfacet
  facet normal 0 0 -1
    outer loop
      vertex -4.39992 73.6207 -15
      vertex -5.112 73.4132 -15
      vertex -17 74.2 -15
    endloop
  endfacet
  facet normal 0 0 -1
    outer loop
      vertex -5.112 73.4132 -15
      vertex -5.81434 73.1748 -15
      vertex -17 74.2 -15
    endloop
  endfacet
  facet normal 0 0 -1
    outer loop
      vertex -17 74.2 -15
      vertex -5.81434 73.1748 -15
      vertex -6.50562 72.906 -15
    endloop
  endfacet
  facet normal 0 0 -1
    outer loop
      vertex -6.50562 72.906 -15
      vertex -7.18451 72.6072 -15
      vertex -17 74.2 -15
    endloop
  endfacet
  facet normal 0 0 -1
    outer loop
      vertex -7.18451 72.6072 -15
      vertex -7.84973 72.2792 -15
      vertex -17 74.2 -15
    endloop
  endfacet
  facet normal 0 0 -1
    outer loop
      vertex -17 74.2 -15
      vertex -7.84973 72.2792 -15
      vertex -8.5 71.9224 -15
    endloop
  endfacet
  facet normal 0 0 -1
    outer loop
      vertex -8.5 71.9224 -15
      vertex -9.13409 71.5377 -15
      vertex -17 74.2 -15
    endloop
  endfacet
  facet normal 0 0 -1
    outer loop
      vertex -9.13409 71.5377 -15
      vertex -9.7508 71.1256 -15
      vertex -17 74.2 -15
    endloop
  endfacet
  facet normal 0 0 -1
    outer loop
      vertex -17 74.2 -15
      vertex -9.7508 71.1256 -15
      vertex -10.3489 70.687 -15
    endloop
  endfacet
  facet normal 0 -1 0
    outer loop
      vertex 0.654291 39.8 -14.9857
      vertex 0 39.8 -15
      vertex 17 39.8 -15
    endloop
  endfacet
  facet normal 0 -1 0
    outer loop
      vertex 0.654291 39.8 -14.9857
      vertex 17 39.8 -15
      vertex 1.30734 39.8 -14.9429
    endloop
  endfacet
  facet normal 0 -1 0
    outer loop
      vertex 11.0592 39.8 -10.1339
      vertex 10.6066 39.8 -10.6066
      vertex 17 39.8 -15
    endloop
  endfacet
  facet normal 0 -1 0
    outer loop
      vertex 10.6066 39.8 -10.6066
      vertex 10.1339 39.8 -11.0592
      vertex 17 39.8 -15
    endloop
  endfacet
  facet normal 0 -1 0
    outer loop
      vertex 17 39.8 -15
      vertex 10.1339 39.8 -11.0592
      vertex 9.64181 39.8 -11.4907
    endloop
  endfacet
  facet normal 0 -1 0
    outer loop
      vertex 4.51059 39.8 -14.3058
      vertex 3.88229 39.8 -14.4889
      vertex 17 39.8 -15
    endloop
  endfacet
  facet normal 0 -1 0
    outer loop
      vertex 3.88229 39.8 -14.4889
      vertex 3.24659 39.8 -14.6444
      vertex 17 39.8 -15
    endloop
  endfacet
  facet normal 0 -1 0
    outer loop
      vertex 13.2511 39.8 -7.02904
      vertex 12.9904 39.8 -7.5
      vertex 17 39.8 -15
    endloop
  endfacet
  facet normal 0 -1 0
    outer loop
      vertex 12.9904 39.8 -7.5
      vertex 12.6509 39.8 -8.05949
      vertex 17 39.8 -15
    endloop
  endfacet
  facet normal 0 -1 0
    outer loop
      vertex 17 39.8 -15
      vertex 12.6509 39.8 -8.05949
      vertex 12.2873 39.8 -8.60365
    endloop
  endfacet
  facet normal 0 -1 0
    outer loop
      vertex 9.64181 39.8 -11.4907
      vertex 9.13142 39.8 -11.9003
      vertex 17 39.8 -15
    endloop
  endfacet
  facet normal 0 -1 0
    outer loop
      vertex 9.13142 39.8 -11.9003
      vertex 8.60365 39.8 -12.2873
      vertex 17 39.8 -15
    endloop
  endfacet
  facet normal 0 -1 0
    outer loop
      vertex 17 39.8 -15
      vertex 8.60365 39.8 -12.2873
      vertex 8.05949 39.8 -12.6509
    endloop
  endfacet
  facet normal 0 -1 0
    outer loop
      vertex 6.33927 39.8 -13.5946
      vertex 5.74025 39.8 -13.8582
      vertex 17 39.8 -15
    endloop
  endfacet
  facet normal 0 -1 0
    outer loop
      vertex 5.74025 39.8 -13.8582
      vertex 5.1303 39.8 -14.0954
      vertex 17 39.8 -15
    endloop
  endfacet
  facet normal 0 -1 0
    outer loop
      vertex 17 39.8 -15
      vertex 5.1303 39.8 -14.0954
      vertex 4.51059 39.8 -14.3058
    endloop
  endfacet
  facet normal 0 -1 0
    outer loop
      vertex 12.2873 39.8 -8.60365
      vertex 11.9003 39.8 -9.13142
      vertex 17 39.8 -15
    endloop
  endfacet
  facet normal 0 -1 0
    outer loop
      vertex 11.9003 39.8 -9.13142
      vertex 11.4907 39.8 -9.64181
      vertex 17 39.8 -15
    endloop
  endfacet
  facet normal 0 -1 0
    outer loop
      vertex 17 39.8 -15
      vertex 11.4907 39.8 -9.64181
      vertex 11.0592 39.8 -10.1339
    endloop
  endfacet
  facet normal 0 -1 0
    outer loop
      vertex 8.05949 39.8 -12.6509
      vertex 7.5 39.8 -12.9904
      vertex 17 39.8 -15
    endloop
  endfacet
  facet normal 0 -1 0
    outer loop
      vertex 7.5 39.8 -12.9904
      vertex 6.92623 39.8 -13.3052
      vertex 17 39.8 -15
    endloop
  endfacet
  facet normal 0 -1 0
    outer loop
      vertex 17 39.8 -15
      vertex 6.92623 39.8 -13.3052
      vertex 6.33927 39.8 -13.5946
    endloop
  endfacet
  facet normal 0 -1 0
    outer loop
      vertex 3.24659 39.8 -14.6444
      vertex 2.60472 39.8 -14.7721
      vertex 17 39.8 -15
    endloop
  endfacet
  facet normal 0 -1 0
    outer loop
      vertex 2.60472 39.8 -14.7721
      vertex 1.95789 39.8 -14.8717
      vertex 17 39.8 -15
    endloop
  endfacet
  facet normal 0 -1 0
    outer loop
      vertex 17 39.8 -15
      vertex 1.95789 39.8 -14.8717
      vertex 1.30734 39.8 -14.9429
    endloop
  endfacet
  facet normal 0 0 -1
    outer loop
      vertex 17 74.2 -15
      vertex 13.9256 66.9508 -15
      vertex 13.487 67.5489 -15
    endloop
  endfacet
  facet normal 0 0 -1
    outer loop
      vertex 13.487 67.5489 -15
      vertex 13.0228 68.1274 -15
      vertex 17 74.2 -15
    endloop
  endfacet
  facet normal 0 0 -1
    outer loop
      vertex 13.0228 68.1274 -15
      vertex 12.5337 68.685 -15
      vertex 17 74.2 -15
    endloop
  endfacet
  facet normal 0 0 -1
    outer loop
      vertex 17 74.2 -15
      vertex 12.5337 68.685 -15
      vertex 12.0208 69.2208 -15
    endloop
  endfacet
  facet normal 0 0 -1
    outer loop
      vertex 12.0208 69.2208 -15
      vertex 11.485 69.7337 -15
      vertex 17 74.2 -15
    endloop
  endfacet
  facet normal 0 0 -1
    outer loop
      vertex 11.485 69.7337 -15
      vertex 10.9274 70.2228 -15
      vertex 17 74.2 -15
    endloop
  endfacet
  facet normal 0 0 -1
    outer loop
      vertex 17 74.2 -15
      vertex 10.9274 70.2228 -15
      vertex 10.3489 70.687 -15
    endloop
  endfacet
  facet normal 0 0 -1
    outer loop
      vertex 15.0792 65.0497 -15
      vertex 17 74.2 -15
      vertex 15.4072 64.3845 -15
    endloop
  endfacet
  facet normal 0 0 -1
    outer loop
      vertex 17 74.2 -15
      vertex 15.706 63.7056 -15
      vertex 15.4072 64.3845 -15
    endloop
  endfacet
  facet normal 0 0 -1
    outer loop
      vertex 15.0792 65.0497 -15
      vertex 14.7224 65.7 -15
      vertex 17 74.2 -15
    endloop
  endfacet
  facet normal 0 0 -1
    outer loop
      vertex 14.7224 65.7 -15
      vertex 14.3377 66.3341 -15
      vertex 17 74.2 -15
    endloop
  endfacet
  facet normal 0 0 -1
    outer loop
      vertex 17 74.2 -15
      vertex 14.3377 66.3341 -15
      vertex 13.9256 66.9508 -15
    endloop
  endfacet
  facet normal 0 0 -1
    outer loop
      vertex 10.3489 70.687 -15
      vertex 9.7508 71.1256 -15
      vertex 17 74.2 -15
    endloop
  endfacet
  facet normal 0 0 -1
    outer loop
      vertex 9.7508 71.1256 -15
      vertex 9.13409 71.5377 -15
      vertex 17 74.2 -15
    endloop
  endfacet
  facet normal 0 0 -1
    outer loop
      vertex 17 74.2 -15
      vertex 9.13409 71.5377 -15
      vertex 8.5 71.9224 -15
    endloop
  endfacet
  facet normal 0 0 -1
    outer loop
      vertex 16.4207 61.5999 -15
      vertex 16.2132 62.312 -15
      vertex 17 74.2 -15
    endloop
  endfacet
  facet normal 0 0 -1
    outer loop
      vertex 16.2132 62.312 -15
      vertex 15.9748 63.0143 -15
      vertex 17 74.2 -15
    endloop
  endfacet
  facet normal 0 0 -1
    outer loop
      vertex 17 74.2 -15
      vertex 15.9748 63.0143 -15
      vertex 15.706 63.7056 -15
    endloop
  endfacet
  facet normal 0 0 -1
    outer loop
      vertex 8.5 71.9224 -15
      vertex 7.84973 72.2792 -15
      vertex 17 74.2 -15
    endloop
  endfacet
  facet normal 0 0 -1
    outer loop
      vertex 7.84973 72.2792 -15
      vertex 7.18451 72.6072 -15
      vertex 17 74.2 -15
    endloop
  endfacet
  facet normal 0 0 -1
    outer loop
      vertex 17 74.2 -15
      vertex 7.18451 72.6072 -15
      vertex 6.50562 72.906 -15
    endloop
  endfacet
  facet normal 0 0 -1
    outer loop
      vertex 17 74.2 -15
      vertex 4.39992 73.6207 -15
      vertex 3.67947 73.797 -15
    endloop
  endfacet
  facet normal 0 0 -1
    outer loop
      vertex 0 74.2 -15
      vertex 17 74.2 -15
      vertex 0.74153 74.1838 -15
    endloop
  endfacet
  facet normal 0 0 -1
    outer loop
      vertex 17 74.2 -15
      vertex 1.48165 74.1353 -15
      vertex 0.74153 74.1838 -15
    endloop
  endfacet
  facet normal 0 0 -1
    outer loop
      vertex 17 57.2 -15
      vertex 16.9838 57.9415 -15
      vertex 17 74.2 -15
    endloop
  endfacet
  facet normal 0 0 -1
    outer loop
      vertex 16.9838 57.9415 -15
      vertex 16.9353 58.6816 -15
      vertex 17 74.2 -15
    endloop
  endfacet
  facet normal 0 0 -1
    outer loop
      vertex 17 74.2 -15
      vertex 16.9353 58.6816 -15
      vertex 16.8546 59.4189 -15
    endloop
  endfacet
  facet normal 0 0 -1
    outer loop
      vertex 16.8546 59.4189 -15
      vertex 16.7417 60.152 -15
      vertex 17 74.2 -15
    endloop
  endfacet
  facet normal 0 0 -1
    outer loop
      vertex 16.7417 60.152 -15
      vertex 16.597 60.8795 -15
      vertex 17 74.2 -15
    endloop
  endfacet
  facet normal 0 0 -1
    outer loop
      vertex 17 74.2 -15
      vertex 16.597 60.8795 -15
      vertex 16.4207 61.5999 -15
    endloop
  endfacet
  facet normal 0 0 -1
    outer loop
      vertex 3.67947 73.797 -15
      vertex 2.95202 73.9417 -15
      vertex 17 74.2 -15
    endloop
  endfacet
  facet normal 0 0 -1
    outer loop
      vertex 2.95202 73.9417 -15
      vertex 2.21895 74.0546 -15
      vertex 17 74.2 -15
    endloop
  endfacet
  facet normal 0 0 -1
    outer loop
      vertex 17 74.2 -15
      vertex 2.21895 74.0546 -15
      vertex 1.48165 74.1353 -15
    endloop
  endfacet
  facet normal 0 0 -1
    outer loop
      vertex 6.50562 72.906 -15
      vertex 5.81434 73.1748 -15
      vertex 17 74.2 -15
    endloop
  endfacet
  facet normal 0 0 -1
    outer loop
      vertex 5.81434 73.1748 -15
      vertex 5.112 73.4132 -15
      vertex 17 74.2 -15
    endloop
  endfacet
  facet normal 0 0 -1
    outer loop
      vertex 17 74.2 -15
      vertex 5.112 73.4132 -15
      vertex 4.39992 73.6207 -15
    endloop
  endfacet
  facet normal 0 0 -1
    outer loop
      vertex 13.9256 47.4492 -15
      vertex 14.3377 48.0659 -15
      vertex 17 39.8 -15
    endloop
  endfacet
  facet normal 0 0 -1
    outer loop
      vertex 14.3377 48.0659 -15
      vertex 14.7224 48.7 -15
      vertex 17 39.8 -15
    endloop
  endfacet
  facet normal 0 0 -1
    outer loop
      vertex -6.50562 41.494 -15
      vertex -5.81434 41.2252 -15
      vertex -17 39.8 -15
    endloop
  endfacet
  facet normal 0 0 -1
    outer loop
      vertex 14.7224 48.7 -15
      vertex 15.0792 49.3503 -15
      vertex 17 39.8 -15
    endloop
  endfacet
  facet normal 0 0 -1
    outer loop
      vertex 15.0792 49.3503 -15
      vertex 15.4072 50.0155 -15
      vertex 17 39.8 -15
    endloop
  endfacet
  facet normal 0 0 -1
    outer loop
      vertex 17 39.8 -15
      vertex 15.4072 50.0155 -15
      vertex 15.706 50.6944 -15
    endloop
  endfacet
  facet normal 0 0 -1
    outer loop
      vertex 3.67947 40.603 -15
      vertex 4.39992 40.7793 -15
      vertex 17 39.8 -15
    endloop
  endfacet
  facet normal 0 0 -1
    outer loop
      vertex 15.706 50.6944 -15
      vertex 15.9748 51.3857 -15
      vertex 17 39.8 -15
    endloop
  endfacet
  facet normal 0 0 -1
    outer loop
      vertex 15.9748 51.3857 -15
      vertex 16.2132 52.088 -15
      vertex 17 39.8 -15
    endloop
  endfacet
  facet normal 0 0 -1
    outer loop
      vertex 17 39.8 -15
      vertex 16.2132 52.088 -15
      vertex 16.4207 52.8001 -15
    endloop
  endfacet
  facet normal 0 0 -1
    outer loop
      vertex -16.8546 54.9811 -15
      vertex -16.7417 54.248 -15
      vertex -17 39.8 -15
    endloop
  endfacet
  facet normal 0 0 -1
    outer loop
      vertex -16.7417 54.248 -15
      vertex -16.597 53.5205 -15
      vertex -17 39.8 -15
    endloop
  endfacet
  facet normal 0 0 -1
    outer loop
      vertex -17 39.8 -15
      vertex -16.597 53.5205 -15
      vertex -16.4207 52.8001 -15
    endloop
  endfacet
  facet normal 0 0 -1
    outer loop
      vertex -16.4207 52.8001 -15
      vertex -16.2132 52.088 -15
      vertex -17 39.8 -15
    endloop
  endfacet
  facet normal 0 0 -1
    outer loop
      vertex -16.2132 52.088 -15
      vertex -15.9748 51.3857 -15
      vertex -17 39.8 -15
    endloop
  endfacet
  facet normal 0 0 -1
    outer loop
      vertex -17 39.8 -15
      vertex -15.9748 51.3857 -15
      vertex -15.706 50.6944 -15
    endloop
  endfacet
  facet normal 0 0 -1
    outer loop
      vertex -5.81434 41.2252 -15
      vertex -5.112 40.9868 -15
      vertex -17 39.8 -15
    endloop
  endfacet
  facet normal 0 0 -1
    outer loop
      vertex -5.112 40.9868 -15
      vertex -4.39992 40.7793 -15
      vertex -17 39.8 -15
    endloop
  endfacet
  facet normal 0 0 -1
    outer loop
      vertex -17 39.8 -15
      vertex -4.39992 40.7793 -15
      vertex -3.67947 40.603 -15
    endloop
  endfacet
  facet normal 0 0 -1
    outer loop
      vertex -0.74153 40.2162 -15
      vertex -4.1638e-15 40.2 -15
      vertex 0 39.8 -15
    endloop
  endfacet
  facet normal 0 0 -1
    outer loop
      vertex -4.1638e-15 40.2 -15
      vertex 0.74153 40.2162 -15
      vertex 0 39.8 -15
    endloop
  endfacet
  facet normal 0 0 -1
    outer loop
      vertex 0.74153 40.2162 -15
      vertex 1.48165 40.2647 -15
      vertex 0 39.8 -15
    endloop
  endfacet
  facet normal 0 0 -1
    outer loop
      vertex 1.48165 40.2647 -15
      vertex 2.21895 40.3454 -15
      vertex 0 39.8 -15
    endloop
  endfacet
  facet normal 0 0 -1
    outer loop
      vertex 0 39.8 -15
      vertex 2.21895 40.3454 -15
      vertex 17 39.8 -15
    endloop
  endfacet
  facet normal 0 0 -1
    outer loop
      vertex 2.21895 40.3454 -15
      vertex 2.95202 40.4583 -15
      vertex 17 39.8 -15
    endloop
  endfacet
  facet normal 0 0 -1
    outer loop
      vertex 17 39.8 -15
      vertex 2.95202 40.4583 -15
      vertex 3.67947 40.603 -15
    endloop
  endfacet
  facet normal 0 0 -1
    outer loop
      vertex 4.39992 40.7793 -15
      vertex 5.112 40.9868 -15
      vertex 17 39.8 -15
    endloop
  endfacet
  facet normal 0 0 -1
    outer loop
      vertex 5.112 40.9868 -15
      vertex 5.81434 41.2252 -15
      vertex 17 39.8 -15
    endloop
  endfacet
  facet normal 0 0 -1
    outer loop
      vertex 17 39.8 -15
      vertex 5.81434 41.2252 -15
      vertex 6.50562 41.494 -15
    endloop
  endfacet
  facet normal 0 0 -1
    outer loop
      vertex 6.50562 41.494 -15
      vertex 7.18451 41.7928 -15
      vertex 17 39.8 -15
    endloop
  endfacet
  facet normal 0 0 -1
    outer loop
      vertex 7.18451 41.7928 -15
      vertex 7.84973 42.1208 -15
      vertex 17 39.8 -15
    endloop
  endfacet
  facet normal 0 0 -1
    outer loop
      vertex 17 39.8 -15
      vertex 7.84973 42.1208 -15
      vertex 8.5 42.4776 -15
    endloop
  endfacet
  facet normal 0 0 -1
    outer loop
      vertex 16.8546 54.9811 -15
      vertex 16.9353 55.7184 -15
      vertex 17 39.8 -15
    endloop
  endfacet
  facet normal 0 0 -1
    outer loop
      vertex 16.9353 55.7184 -15
      vertex 16.9838 56.4585 -15
      vertex 17 39.8 -15
    endloop
  endfacet
  facet normal 0 0 -1
    outer loop
      vertex 17 39.8 -15
      vertex 16.9838 56.4585 -15
      vertex 17 57.2 -15
    endloop
  endfacet
  facet normal 0 0 -1
    outer loop
      vertex -17 57.2 -15
      vertex -16.9838 56.4585 -15
      vertex -17 39.8 -15
    endloop
  endfacet
  facet normal 0 0 -1
    outer loop
      vertex -16.9838 56.4585 -15
      vertex -16.9353 55.7184 -15
      vertex -17 39.8 -15
    endloop
  endfacet
  facet normal 0 0 -1
    outer loop
      vertex -17 39.8 -15
      vertex -16.9353 55.7184 -15
      vertex -16.8546 54.9811 -15
    endloop
  endfacet
  facet normal 0 0 -1
    outer loop
      vertex -15.706 50.6944 -15
      vertex -15.4072 50.0155 -15
      vertex -17 39.8 -15
    endloop
  endfacet
  facet normal 0 0 -1
    outer loop
      vertex -15.4072 50.0155 -15
      vertex -15.0792 49.3503 -15
      vertex -17 39.8 -15
    endloop
  endfacet
  facet normal 0 0 -1
    outer loop
      vertex -17 39.8 -15
      vertex -15.0792 49.3503 -15
      vertex -14.7224 48.7 -15
    endloop
  endfacet
  facet normal 0 0 -1
    outer loop
      vertex 8.5 42.4776 -15
      vertex 9.13409 42.8623 -15
      vertex 17 39.8 -15
    endloop
  endfacet
  facet normal 0 0 -1
    outer loop
      vertex 9.13409 42.8623 -15
      vertex 9.7508 43.2744 -15
      vertex 17 39.8 -15
    endloop
  endfacet
  facet normal 0 0 -1
    outer loop
      vertex 17 39.8 -15
      vertex 9.7508 43.2744 -15
      vertex 10.3489 43.713 -15
    endloop
  endfacet
  facet normal 0 0 -1
    outer loop
      vertex -10.3489 43.713 -15
      vertex -9.7508 43.2744 -15
      vertex -17 39.8 -15
    endloop
  endfacet
  facet normal 0 0 -1
    outer loop
      vertex -9.7508 43.2744 -15
      vertex -9.13409 42.8623 -15
      vertex -17 39.8 -15
    endloop
  endfacet
  facet normal 0 0 -1
    outer loop
      vertex -17 39.8 -15
      vertex -9.13409 42.8623 -15
      vertex -8.5 42.4776 -15
    endloop
  endfacet
  facet normal 0 0 -1
    outer loop
      vertex -3.67947 40.603 -15
      vertex -2.95202 40.4583 -15
      vertex -17 39.8 -15
    endloop
  endfacet
  facet normal 0 0 -1
    outer loop
      vertex -2.95202 40.4583 -15
      vertex -2.21895 40.3454 -15
      vertex -17 39.8 -15
    endloop
  endfacet
  facet normal 0 0 -1
    outer loop
      vertex -17 39.8 -15
      vertex -2.21895 40.3454 -15
      vertex 0 39.8 -15
    endloop
  endfacet
  facet normal 0 0 -1
    outer loop
      vertex -2.21895 40.3454 -15
      vertex -1.48165 40.2647 -15
      vertex 0 39.8 -15
    endloop
  endfacet
  facet normal 0 0 -1
    outer loop
      vertex 0 39.8 -15
      vertex -1.48165 40.2647 -15
      vertex -0.74153 40.2162 -15
    endloop
  endfacet
  facet normal 0 0 -1
    outer loop
      vertex 17 39.8 -15
      vertex 12.0208 45.1792 -15
      vertex 12.5337 45.715 -15
    endloop
  endfacet
  facet normal 0 0 -1
    outer loop
      vertex 16.4207 52.8001 -15
      vertex 16.597 53.5205 -15
      vertex 17 39.8 -15
    endloop
  endfacet
  facet normal 0 0 -1
    outer loop
      vertex 16.597 53.5205 -15
      vertex 16.7417 54.248 -15
      vertex 17 39.8 -15
    endloop
  endfacet
  facet normal 0 0 -1
    outer loop
      vertex 17 39.8 -15
      vertex 16.7417 54.248 -15
      vertex 16.8546 54.9811 -15
    endloop
  endfacet
  facet normal 0 0 -1
    outer loop
      vertex -14.7224 48.7 -15
      vertex -14.3377 48.0659 -15
      vertex -17 39.8 -15
    endloop
  endfacet
  facet normal 0 0 -1
    outer loop
      vertex -14.3377 48.0659 -15
      vertex -13.9256 47.4492 -15
      vertex -17 39.8 -15
    endloop
  endfacet
  facet normal 0 0 -1
    outer loop
      vertex -17 39.8 -15
      vertex -13.9256 47.4492 -15
      vertex -13.487 46.8511 -15
    endloop
  endfacet
  facet normal 0 0 -1
    outer loop
      vertex -13.487 46.8511 -15
      vertex -13.0228 46.2726 -15
      vertex -17 39.8 -15
    endloop
  endfacet
  facet normal 0 0 -1
    outer loop
      vertex -13.0228 46.2726 -15
      vertex -12.5337 45.715 -15
      vertex -17 39.8 -15
    endloop
  endfacet
  facet normal 0 0 -1
    outer loop
      vertex -17 39.8 -15
      vertex -12.5337 45.715 -15
      vertex -12.0208 45.1792 -15
    endloop
  endfacet
  facet normal 0 0 -1
    outer loop
      vertex -8.5 42.4776 -15
      vertex -7.84973 42.1208 -15
      vertex -17 39.8 -15
    endloop
  endfacet
  facet normal 0 0 -1
    outer loop
      vertex -7.84973 42.1208 -15
      vertex -7.18451 41.7928 -15
      vertex -17 39.8 -15
    endloop
  endfacet
  facet normal 0 0 -1
    outer loop
      vertex -17 39.8 -15
      vertex -7.18451 41.7928 -15
      vertex -6.50562 41.494 -15
    endloop
  endfacet
  facet normal 0 0 -1
    outer loop
      vertex 10.3489 43.713 -15
      vertex 10.9274 44.1772 -15
      vertex 17 39.8 -15
    endloop
  endfacet
  facet normal 0 0 -1
    outer loop
      vertex 10.9274 44.1772 -15
      vertex 11.485 44.6663 -15
      vertex 17 39.8 -15
    endloop
  endfacet
  facet normal 0 0 -1
    outer loop
      vertex 17 39.8 -15
      vertex 11.485 44.6663 -15
      vertex 12.0208 45.1792 -15
    endloop
  endfacet
  facet normal 0 0 -1
    outer loop
      vertex 12.5337 45.715 -15
      vertex 13.0228 46.2726 -15
      vertex 17 39.8 -15
    endloop
  endfacet
  facet normal 0 0 -1
    outer loop
      vertex 13.0228 46.2726 -15
      vertex 13.487 46.8511 -15
      vertex 17 39.8 -15
    endloop
  endfacet
  facet normal 0 0 -1
    outer loop
      vertex 17 39.8 -15
      vertex 13.487 46.8511 -15
      vertex 13.9256 47.4492 -15
    endloop
  endfacet
  facet normal 0 0 -1
    outer loop
      vertex -12.0208 45.1792 -15
      vertex -11.485 44.6663 -15
      vertex -17 39.8 -15
    endloop
  endfacet
  facet normal 0 0 -1
    outer loop
      vertex -11.485 44.6663 -15
      vertex -10.9274 44.1772 -15
      vertex -17 39.8 -15
    endloop
  endfacet
  facet normal 0 0 -1
    outer loop
      vertex -17 39.8 -15
      vertex -10.9274 44.1772 -15
      vertex -10.3489 43.713 -15
    endloop
  endfacet
  facet normal 0 0 1
    outer loop
      vertex 13.5185 69 -6.5
      vertex 10.6771 69 -6.5
      vertex 13.5185 52.7 -6.5
    endloop
  endfacet
  facet normal 0 0 1
    outer loop
      vertex 10.6771 69 -6.5
      vertex 10.6771 52.7 -6.5
      vertex 13.5185 52.7 -6.5
    endloop
  endfacet
  facet normal 0 0.983382 0.181549
    outer loop
      vertex 12.5 51.5 -2.60209e-15
      vertex 15 51.5 -2.60209e-15
      vertex 12.4881 51.6007 -0.545242
    endloop
  endfacet
  facet normal 2.46339e-7 0.983382 0.181548
    outer loop
      vertex 15 51.5 -2.60209e-15
      vertex 14.9857 51.6208 -0.654291
      vertex 12.4881 51.6007 -0.545242
    endloop
  endfacet
  facet normal 1.28925e-7 0.983383 0.181545
    outer loop
      vertex 12.4881 51.6007 -0.545242
      vertex 14.9857 51.6208 -0.654291
      vertex 12.4524 51.7011 -1.08945
    endloop
  endfacet
  facet normal -6.99268e-8 0.983382 0.181547
    outer loop
      vertex 14.9857 51.6208 -0.654291
      vertex 14.9429 51.7414 -1.30734
      vertex 12.4524 51.7011 -1.08945
    endloop
  endfacet
  facet normal 2.86531e-7 0.983382 0.18155
    outer loop
      vertex 12.4524 51.7011 -1.08945
      vertex 14.9429 51.7414 -1.30734
      vertex 12.3931 51.8012 -1.63158
    endloop
  endfacet
  facet normal 5.80352e-7 0.983382 0.181548
    outer loop
      vertex 14.9429 51.7414 -1.30734
      vertex 14.8717 51.8615 -1.95789
      vertex 12.3931 51.8012 -1.63158
    endloop
  endfacet
  facet normal -8.62491e-8 0.983383 0.181543
    outer loop
      vertex 12.3931 51.8012 -1.63158
      vertex 14.8717 51.8615 -1.95789
      vertex 12.3101 51.9007 -2.1706
    endloop
  endfacet
  facet normal -3.74279e-7 0.983382 0.181547
    outer loop
      vertex 14.8717 51.8615 -1.95789
      vertex 14.7721 51.9809 -2.60472
      vertex 12.3101 51.9007 -2.1706
    endloop
  endfacet
  facet normal -5.16823e-8 0.983382 0.181548
    outer loop
      vertex 12.3101 51.9007 -2.1706
      vertex 14.7721 51.9809 -2.60472
      vertex 12.2037 51.9995 -2.7055
    endloop
  endfacet
  facet normal 8.52945e-8 0.983383 0.181545
    outer loop
      vertex 14.7721 51.9809 -2.60472
      vertex 14.6444 52.0994 -3.24659
      vertex 12.2037 51.9995 -2.7055
    endloop
  endfacet
  facet normal 1.11702e-6 0.983382 0.18155
    outer loop
      vertex 12.2037 51.9995 -2.7055
      vertex 14.6444 52.0994 -3.24659
      vertex 12.0741 52.0973 -3.23524
    endloop
  endfacet
  facet normal 1.12743e-6 0.983381 0.181552
    outer loop
      vertex 14.6444 52.0994 -3.24659
      vertex 14.4889 52.2167 -3.88229
      vertex 12.0741 52.0973 -3.23524
    endloop
  endfacet
  facet normal -8.4906e-7 0.983383 0.181545
    outer loop
      vertex 12.0741 52.0973 -3.23524
      vertex 14.4889 52.2167 -3.88229
      vertex 11.9215 52.1939 -3.75882
    endloop
  endfacet
  facet normal -6.84431e-7 0.983382 0.181548
    outer loop
      vertex 14.4889 52.2167 -3.88229
      vertex 14.3058 52.3327 -4.51059
      vertex 11.9215 52.1939 -3.75882
    endloop
  endfacet
  facet normal -4.63675e-7 0.983382 0.181549
    outer loop
      vertex 11.9215 52.1939 -3.75882
      vertex 14.3058 52.3327 -4.51059
      vertex 11.7462 52.2893 -4.27525
    endloop
  endfacet
  facet normal -7.84776e-7 0.983383 0.181545
    outer loop
      vertex 14.3058 52.3327 -4.51059
      vertex 14.0954 52.4471 -5.1303
      vertex 11.7462 52.2893 -4.27525
    endloop
  endfacet
  facet normal 1.05343e-6 0.983382 0.18155
    outer loop
      vertex 11.7462 52.2893 -4.27525
      vertex 14.0954 52.4471 -5.1303
      vertex 11.5485 52.3831 -4.78354
    endloop
  endfacet
  facet normal 2.83998e-7 0.983383 0.181545
    outer loop
      vertex 14.0954 52.4471 -5.1303
      vertex 13.8582 52.5597 -5.74025
      vertex 11.5485 52.3831 -4.78354
    endloop
  endfacet
  facet normal 4.46383e-7 0.983383 0.181545
    outer loop
      vertex 11.5485 52.3831 -4.78354
      vertex 13.8582 52.5597 -5.74025
      vertex 11.3288 52.4753 -5.28273
    endloop
  endfacet
  facet normal 8.70439e-7 0.983382 0.181547
    outer loop
      vertex 13.8582 52.5597 -5.74025
      vertex 13.5946 52.6703 -6.33927
      vertex 11.3288 52.4753 -5.28273
    endloop
  endfacet
  facet normal 9.24638e-7 0.983382 0.181548
    outer loop
      vertex 11.3288 52.4753 -5.28273
      vertex 13.5946 52.6703 -6.33927
      vertex 11.0876 52.5656 -5.77186
    endloop
  endfacet
  facet normal 4.72904e-6 0.983379 0.181564
    outer loop
      vertex 13.5946 52.6703 -6.33927
      vertex 13.5185 52.7 -6.5
      vertex 11.0876 52.5656 -5.77186
    endloop
  endfacet
  facet normal -1.17334e-6 0.983383 0.181545
    outer loop
      vertex 11.0876 52.5656 -5.77186
      vertex 13.5185 52.7 -6.5
      vertex 10.8253 52.6538 -6.25
    endloop
  endfacet
  facet normal 0 0.98338 0.181557
    outer loop
      vertex 13.5185 52.7 -6.5
      vertex 10.6771 52.7 -6.5
      vertex 10.8253 52.6538 -6.25
    endloop
  endfacet
  facet normal -0.0218156 -1.22896e-18 -0.999762
    outer loop
      vertex 0 -50 11.5
      vertex -2.81669e-15 0 11.5
      vertex 0.501623 -50 11.4891
    endloop
  endfacet
  facet normal -0.0218156 0 -0.999762
    outer loop
      vertex -2.81669e-15 0 11.5
      vertex 0.501623 0 11.4891
      vertex 0.501623 -50 11.4891
    endloop
  endfacet
  facet normal -0.0654024 0 -0.997859
    outer loop
      vertex 0.501623 -50 11.4891
      vertex 0.501623 0 11.4891
      vertex 1.00229 -50 11.4562
    endloop
  endfacet
  facet normal -0.0654024 0 -0.997859
    outer loop
      vertex 0.501623 0 11.4891
      vertex 1.00229 0 11.4562
      vertex 1.00229 -50 11.4562
    endloop
  endfacet
  facet normal -0.108867 0 -0.994056
    outer loop
      vertex 1.00229 -50 11.4562
      vertex 1.00229 0 11.4562
      vertex 1.50105 -50 11.4016
    endloop
  endfacet
  facet normal -0.108867 0 -0.994056
    outer loop
      vertex 1.00229 0 11.4562
      vertex 1.50105 0 11.4016
      vertex 1.50105 -50 11.4016
    endloop
  endfacet
  facet normal -0.152123 0 -0.988362
    outer loop
      vertex 1.50105 -50 11.4016
      vertex 1.50105 0 11.4016
      vertex 1.99695 -50 11.3253
    endloop
  endfacet
  facet normal -0.152123 0 -0.988362
    outer loop
      vertex 1.50105 0 11.4016
      vertex 1.99695 0 11.3253
      vertex 1.99695 -50 11.3253
    endloop
  endfacet
  facet normal -0.195092 0 -0.980785
    outer loop
      vertex 1.99695 -50 11.3253
      vertex 1.99695 0 11.3253
      vertex 2.48906 -50 11.2274
    endloop
  endfacet
  facet normal -0.195092 0 -0.980785
    outer loop
      vertex 1.99695 0 11.3253
      vertex 2.48906 0 11.2274
      vertex 2.48906 -50 11.2274
    endloop
  endfacet
  facet normal -0.237685 0 -0.971342
    outer loop
      vertex 2.48906 -50 11.2274
      vertex 2.48906 0 11.2274
      vertex 2.97642 -50 11.1081
    endloop
  endfacet
  facet normal -0.237685 0 -0.971342
    outer loop
      vertex 2.48906 0 11.2274
      vertex 2.97642 0 11.1081
      vertex 2.97642 -50 11.1081
    endloop
  endfacet
  facet normal -0.27983 0 -0.96005
    outer loop
      vertex 2.97642 -50 11.1081
      vertex 2.97642 0 11.1081
      vertex 3.45812 -50 10.9677
    endloop
  endfacet
  facet normal -0.27983 0 -0.96005
    outer loop
      vertex 2.97642 0 11.1081
      vertex 3.45812 0 10.9677
      vertex 3.45812 -50 10.9677
    endloop
  endfacet
  facet normal -0.321438 0 -0.946931
    outer loop
      vertex 3.45812 -50 10.9677
      vertex 3.45812 0 10.9677
      vertex 3.93323 -50 10.8065
    endloop
  endfacet
  facet normal -0.321438 0 -0.946931
    outer loop
      vertex 3.45812 0 10.9677
      vertex 3.93323 0 10.8065
      vertex 3.93323 -50 10.8065
    endloop
  endfacet
  facet normal -0.362439 0 -0.932008
    outer loop
      vertex 3.93323 -50 10.8065
      vertex 3.93323 0 10.8065
      vertex 4.40086 -50 10.6246
    endloop
  endfacet
  facet normal -0.362439 0 -0.932008
    outer loop
      vertex 3.93323 0 10.8065
      vertex 4.40086 0 10.6246
      vertex 4.40086 -50 10.6246
    endloop
  endfacet
  facet normal -0.402746 0 -0.915312
    outer loop
      vertex 4.40086 -50 10.6246
      vertex 4.40086 0 10.6246
      vertex 4.86011 -50 10.4225
    endloop
  endfacet
  facet normal -0.402746 0 -0.915312
    outer loop
      vertex 4.40086 0 10.6246
      vertex 4.86011 0 10.4225
      vertex 4.86011 -50 10.4225
    endloop
  endfacet
  facet normal -0.44229 0 -0.896872
    outer loop
      vertex 4.86011 -50 10.4225
      vertex 4.86011 0 10.4225
      vertex 5.31011 -50 10.2006
    endloop
  endfacet
  facet normal -0.44229 0 -0.896872
    outer loop
      vertex 4.86011 0 10.4225
      vertex 5.31011 0 10.2006
      vertex 5.31011 -50 10.2006
    endloop
  endfacet
  facet normal -0.480988 0 -0.876727
    outer loop
      vertex 5.31011 -50 10.2006
      vertex 5.31011 0 10.2006
      vertex 5.75 -50 9.95929
    endloop
  endfacet
  facet normal -0.480988 0 -0.876727
    outer loop
      vertex 5.31011 0 10.2006
      vertex 5.75 0 9.95929
      vertex 5.75 -50 9.95929
    endloop
  endfacet
  facet normal -0.518774 0 -0.854912
    outer loop
      vertex 5.75 -50 9.95929
      vertex 5.75 0 9.95929
      vertex 6.17895 -50 9.699
    endloop
  endfacet
  facet normal -0.518774 0 -0.854912
    outer loop
      vertex 5.75 0 9.95929
      vertex 6.17895 0 9.699
      vertex 6.17895 -50 9.699
    endloop
  endfacet
  facet normal -0.55557 0 -0.83147
    outer loop
      vertex 6.17895 -50 9.699
      vertex 6.17895 0 9.699
      vertex 6.59613 -50 9.42025
    endloop
  endfacet
  facet normal -0.55557 0 -0.83147
    outer loop
      vertex 6.17895 0 9.699
      vertex 6.59613 0 9.42025
      vertex 6.59613 -50 9.42025
    endloop
  endfacet
  facet normal -0.591309 0 -0.806445
    outer loop
      vertex 6.59613 -50 9.42025
      vertex 6.59613 0 9.42025
      vertex 7.00076 -50 9.12356
    endloop
  endfacet
  facet normal -0.591309 0 -0.806445
    outer loop
      vertex 6.59613 0 9.42025
      vertex 7.00076 0 9.12356
      vertex 7.00076 -50 9.12356
    endloop
  endfacet
  facet normal -0.625923 0 -0.779885
    outer loop
      vertex 7.00076 -50 9.12356
      vertex 7.00076 0 9.12356
      vertex 7.39206 -50 8.80951
    endloop
  endfacet
  facet normal -0.625923 0 -0.779885
    outer loop
      vertex 7.00076 0 9.12356
      vertex 7.39206 0 8.80951
      vertex 7.39206 -50 8.80951
    endloop
  endfacet
  facet normal -0.659347 0 -0.751839
    outer loop
      vertex 7.39206 -50 8.80951
      vertex 7.39206 0 8.80951
      vertex 7.76929 -50 8.47869
    endloop
  endfacet
  facet normal -0.659347 0 -0.751839
    outer loop
      vertex 7.39206 0 8.80951
      vertex 7.76929 0 8.47869
      vertex 7.76929 -50 8.47869
    endloop
  endfacet
  facet normal -0.691514 0 -0.722363
    outer loop
      vertex 7.76929 -50 8.47869
      vertex 7.76929 0 8.47869
      vertex 8.13173 -50 8.13173
    endloop
  endfacet
  facet normal -0.691514 0 -0.722363
    outer loop
      vertex 7.76929 0 8.47869
      vertex 8.13173 0 8.13173
      vertex 8.13173 -50 8.13173
    endloop
  endfacet
  facet normal -0.722363 0 -0.691514
    outer loop
      vertex 8.13173 -50 8.13173
      vertex 8.13173 0 8.13173
      vertex 8.47869 -50 7.76929
    endloop
  endfacet
  facet normal -0.722363 0 -0.691514
    outer loop
      vertex 8.13173 0 8.13173
      vertex 8.47869 0 7.76929
      vertex 8.47869 -50 7.76929
    endloop
  endfacet
  facet normal -0.751839 0 -0.659347
    outer loop
      vertex 8.47869 -50 7.76929
      vertex 8.47869 0 7.76929
      vertex 8.80951 -50 7.39206
    endloop
  endfacet
  facet normal -0.751839 0 -0.659347
    outer loop
      vertex 8.47869 0 7.76929
      vertex 8.80951 0 7.39206
      vertex 8.80951 -50 7.39206
    endloop
  endfacet
  facet normal -0.779885 0 -0.625923
    outer loop
      vertex 8.80951 -50 7.39206
      vertex 8.80951 0 7.39206
      vertex 9.12356 -50 7.00076
    endloop
  endfacet
  facet normal -0.779885 0 -0.625923
    outer loop
      vertex 8.80951 0 7.39206
      vertex 9.12356 0 7.00076
      vertex 9.12356 -50 7.00076
    endloop
  endfacet
  facet normal -0.806445 0 -0.591309
    outer loop
      vertex 9.12356 -50 7.00076
      vertex 9.12356 0 7.00076
      vertex 9.42025 -50 6.59613
    endloop
  endfacet
  facet normal -0.806445 0 -0.591309
    outer loop
      vertex 9.12356 0 7.00076
      vertex 9.42025 0 6.59613
      vertex 9.42025 -50 6.59613
    endloop
  endfacet
  facet normal -0.83147 0 -0.55557
    outer loop
      vertex 9.42025 -50 6.59613
      vertex 9.42025 0 6.59613
      vertex 9.699 -50 6.17895
    endloop
  endfacet
  facet normal -0.83147 0 -0.55557
    outer loop
      vertex 9.42025 0 6.59613
      vertex 9.699 0 6.17895
      vertex 9.699 -50 6.17895
    endloop
  endfacet
  facet normal -0.854912 0 -0.518774
    outer loop
      vertex 9.699 -50 6.17895
      vertex 9.699 0 6.17895
      vertex 9.95929 -50 5.75
    endloop
  endfacet
  facet normal -0.854912 0 -0.518774
    outer loop
      vertex 9.699 0 6.17895
      vertex 9.95929 0 5.75
      vertex 9.95929 -50 5.75
    endloop
  endfacet
  facet normal -0.876727 0 -0.480988
    outer loop
      vertex 9.95929 -50 5.75
      vertex 9.95929 0 5.75
      vertex 10.2006 -50 5.31011
    endloop
  endfacet
  facet normal -0.876727 0 -0.480988
    outer loop
      vertex 9.95929 0 5.75
      vertex 10.2006 0 5.31011
      vertex 10.2006 -50 5.31011
    endloop
  endfacet
  facet normal -0.896872 0 -0.44229
    outer loop
      vertex 10.2006 -50 5.31011
      vertex 10.2006 0 5.31011
      vertex 10.4225 -50 4.86011
    endloop
  endfacet
  facet normal -0.896872 0 -0.44229
    outer loop
      vertex 10.2006 0 5.31011
      vertex 10.4225 0 4.86011
      vertex 10.4225 -50 4.86011
    endloop
  endfacet
  facet normal -0.915312 0 -0.402746
    outer loop
      vertex 10.4225 -50 4.86011
      vertex 10.4225 0 4.86011
      vertex 10.6246 -50 4.40086
    endloop
  endfacet
  facet normal -0.915312 0 -0.402746
    outer loop
      vertex 10.4225 0 4.86011
      vertex 10.6246 0 4.40086
      vertex 10.6246 -50 4.40086
    endloop
  endfacet
  facet normal -0.932008 0 -0.362439
    outer loop
      vertex 10.6246 -50 4.40086
      vertex 10.6246 0 4.40086
      vertex 10.8065 -50 3.93323
    endloop
  endfacet
  facet normal -0.932008 0 -0.362439
    outer loop
      vertex 10.6246 0 4.40086
      vertex 10.8065 0 3.93323
      vertex 10.8065 -50 3.93323
    endloop
  endfacet
  facet normal -0.946931 0 -0.321438
    outer loop
      vertex 10.8065 -50 3.93323
      vertex 10.8065 0 3.93323
      vertex 10.9677 -50 3.45812
    endloop
  endfacet
  facet normal -0.946931 0 -0.321438
    outer loop
      vertex 10.8065 0 3.93323
      vertex 10.9677 0 3.45812
      vertex 10.9677 -50 3.45812
    endloop
  endfacet
  facet normal -0.96005 0 -0.27983
    outer loop
      vertex 10.9677 -50 3.45812
      vertex 10.9677 0 3.45812
      vertex 11.1081 -50 2.97642
    endloop
  endfacet
  facet normal -0.96005 0 -0.27983
    outer loop
      vertex 10.9677 0 3.45812
      vertex 11.1081 0 2.97642
      vertex 11.1081 -50 2.97642
    endloop
  endfacet
  facet normal -0.971342 0 -0.237685
    outer loop
      vertex 11.1081 -50 2.97642
      vertex 11.1081 0 2.97642
      vertex 11.2274 -50 2.48906
    endloop
  endfacet
  facet normal -0.971342 0 -0.237685
    outer loop
      vertex 11.1081 0 2.97642
      vertex 11.2274 0 2.48906
      vertex 11.2274 -50 2.48906
    endloop
  endfacet
  facet normal -0.980785 0 -0.195092
    outer loop
      vertex 11.2274 -50 2.48906
      vertex 11.2274 0 2.48906
      vertex 11.3253 -50 1.99695
    endloop
  endfacet
  facet normal -0.980785 0 -0.195092
    outer loop
      vertex 11.2274 0 2.48906
      vertex 11.3253 0 1.99695
      vertex 11.3253 -50 1.99695
    endloop
  endfacet
  facet normal -0.988362 0 -0.152123
    outer loop
      vertex 11.3253 -50 1.99695
      vertex 11.3253 0 1.99695
      vertex 11.4016 -50 1.50105
    endloop
  endfacet
  facet normal -0.988362 0 -0.152123
    outer loop
      vertex 11.3253 0 1.99695
      vertex 11.4016 0 1.50105
      vertex 11.4016 -50 1.50105
    endloop
  endfacet
  facet normal -0.994056 0 -0.108867
    outer loop
      vertex 11.4016 -50 1.50105
      vertex 11.4016 0 1.50105
      vertex 11.4562 -50 1.00229
    endloop
  endfacet
  facet normal -0.994056 0 -0.108867
    outer loop
      vertex 11.4016 0 1.50105
      vertex 11.4562 0 1.00229
      vertex 11.4562 -50 1.00229
    endloop
  endfacet
  facet normal -0.997859 0 -0.0654024
    outer loop
      vertex 11.4562 -50 1.00229
      vertex 11.4562 0 1.00229
      vertex 11.4891 -50 0.501623
    endloop
  endfacet
  facet normal -0.997859 0 -0.0654024
    outer loop
      vertex 11.4562 0 1.00229
      vertex 11.4891 0 0.501623
      vertex 11.4891 -50 0.501623
    endloop
  endfacet
  facet normal -0.999762 0 -0.0218156
    outer loop
      vertex 11.4891 -50 0.501623
      vertex 11.4891 0 0.501623
      vertex 11.5 -50 7.04172e-16
    endloop
  endfacet
  facet normal -0.999762 0 -0.0218156
    outer loop
      vertex 11.4891 0 0.501623
      vertex 11.5 0 7.04172e-16
      vertex 11.5 -50 7.04172e-16
    endloop
  endfacet
  facet normal -0.999762 0 0.0218156
    outer loop
      vertex 11.5 -50 7.04172e-16
      vertex 11.5 0 7.04172e-16
      vertex 11.4891 -50 -0.501623
    endloop
  endfacet
  facet normal -0.999762 0 0.0218156
    outer loop
      vertex 11.5 0 7.04172e-16
      vertex 11.4891 0 -0.501623
      vertex 11.4891 -50 -0.501623
    endloop
  endfacet
  facet normal -0.997859 0 0.0654024
    outer loop
      vertex 11.4891 -50 -0.501623
      vertex 11.4891 0 -0.501623
      vertex 11.4562 -50 -1.00229
    endloop
  endfacet
  facet normal -0.997859 0 0.0654024
    outer loop
      vertex 11.4891 0 -0.501623
      vertex 11.4562 0 -1.00229
      vertex 11.4562 -50 -1.00229
    endloop
  endfacet
  facet normal -0.994056 0 0.108867
    outer loop
      vertex 11.4562 -50 -1.00229
      vertex 11.4562 0 -1.00229
      vertex 11.4016 -50 -1.50105
    endloop
  endfacet
  facet normal -0.994056 0 0.108867
    outer loop
      vertex 11.4562 0 -1.00229
      vertex 11.4016 0 -1.50105
      vertex 11.4016 -50 -1.50105
    endloop
  endfacet
  facet normal -0.988362 0 0.152123
    outer loop
      vertex 11.4016 -50 -1.50105
      vertex 11.4016 0 -1.50105
      vertex 11.3253 -50 -1.99695
    endloop
  endfacet
  facet normal -0.988362 0 0.152123
    outer loop
      vertex 11.4016 0 -1.50105
      vertex 11.3253 0 -1.99695
      vertex 11.3253 -50 -1.99695
    endloop
  endfacet
  facet normal -0.980785 0 0.195092
    outer loop
      vertex 11.3253 -50 -1.99695
      vertex 11.3253 0 -1.99695
      vertex 11.2274 -50 -2.48906
    endloop
  endfacet
  facet normal -0.980785 0 0.195092
    outer loop
      vertex 11.3253 0 -1.99695
      vertex 11.2274 0 -2.48906
      vertex 11.2274 -50 -2.48906
    endloop
  endfacet
  facet normal -0.971342 0 0.237685
    outer loop
      vertex 11.2274 -50 -2.48906
      vertex 11.2274 0 -2.48906
      vertex 11.1081 -50 -2.97642
    endloop
  endfacet
  facet normal -0.971342 0 0.237685
    outer loop
      vertex 11.2274 0 -2.48906
      vertex 11.1081 0 -2.97642
      vertex 11.1081 -50 -2.97642
    endloop
  endfacet
  facet normal -0.96005 0 0.27983
    outer loop
      vertex 11.1081 -50 -2.97642
      vertex 11.1081 0 -2.97642
      vertex 10.9677 -50 -3.45812
    endloop
  endfacet
  facet normal -0.96005 0 0.27983
    outer loop
      vertex 11.1081 0 -2.97642
      vertex 10.9677 0 -3.45812
      vertex 10.9677 -50 -3.45812
    endloop
  endfacet
  facet normal -0.946931 0 0.321438
    outer loop
      vertex 10.9677 -50 -3.45812
      vertex 10.9677 0 -3.45812
      vertex 10.8065 -50 -3.93323
    endloop
  endfacet
  facet normal -0.946931 0 0.321438
    outer loop
      vertex 10.9677 0 -3.45812
      vertex 10.8065 0 -3.93323
      vertex 10.8065 -50 -3.93323
    endloop
  endfacet
  facet normal -0.932008 0 0.362439
    outer loop
      vertex 10.8065 -50 -3.93323
      vertex 10.8065 0 -3.93323
      vertex 10.6246 -50 -4.40086
    endloop
  endfacet
  facet normal -0.932008 0 0.362439
    outer loop
      vertex 10.8065 0 -3.93323
      vertex 10.6246 0 -4.40086
      vertex 10.6246 -50 -4.40086
    endloop
  endfacet
  facet normal -0.915312 0 0.402746
    outer loop
      vertex 10.6246 -50 -4.40086
      vertex 10.6246 0 -4.40086
      vertex 10.4225 -50 -4.86011
    endloop
  endfacet
  facet normal -0.915312 0 0.402746
    outer loop
      vertex 10.6246 0 -4.40086
      vertex 10.4225 0 -4.86011
      vertex 10.4225 -50 -4.86011
    endloop
  endfacet
  facet normal -0.896872 0 0.44229
    outer loop
      vertex 10.4225 -50 -4.86011
      vertex 10.4225 0 -4.86011
      vertex 10.2006 -50 -5.31011
    endloop
  endfacet
  facet normal -0.896872 0 0.44229
    outer loop
      vertex 10.4225 0 -4.86011
      vertex 10.2006 0 -5.31011
      vertex 10.2006 -50 -5.31011
    endloop
  endfacet
  facet normal -0.876727 0 0.480988
    outer loop
      vertex 10.2006 -50 -5.31011
      vertex 10.2006 0 -5.31011
      vertex 9.95929 -50 -5.75
    endloop
  endfacet
  facet normal -0.876727 0 0.480988
    outer loop
      vertex 10.2006 0 -5.31011
      vertex 9.95929 0 -5.75
      vertex 9.95929 -50 -5.75
    endloop
  endfacet
  facet normal -0.854912 0 0.518774
    outer loop
      vertex 9.95929 -50 -5.75
      vertex 9.95929 0 -5.75
      vertex 9.699 -50 -6.17895
    endloop
  endfacet
  facet normal -0.854912 0 0.518774
    outer loop
      vertex 9.95929 0 -5.75
      vertex 9.699 0 -6.17895
      vertex 9.699 -50 -6.17895
    endloop
  endfacet
  facet normal -0.83147 0 0.55557
    outer loop
      vertex 9.699 -50 -6.17895
      vertex 9.699 0 -6.17895
      vertex 9.42025 -50 -6.59613
    endloop
  endfacet
  facet normal -0.83147 0 0.55557
    outer loop
      vertex 9.699 0 -6.17895
      vertex 9.42025 0 -6.59613
      vertex 9.42025 -50 -6.59613
    endloop
  endfacet
  facet normal -0.806445 0 0.591309
    outer loop
      vertex 9.42025 -50 -6.59613
      vertex 9.42025 0 -6.59613
      vertex 9.12356 -50 -7.00076
    endloop
  endfacet
  facet normal -0.806445 0 0.591309
    outer loop
      vertex 9.42025 0 -6.59613
      vertex 9.12356 0 -7.00076
      vertex 9.12356 -50 -7.00076
    endloop
  endfacet
  facet normal -0.779885 0 0.625923
    outer loop
      vertex 9.12356 -50 -7.00076
      vertex 9.12356 0 -7.00076
      vertex 8.80951 -50 -7.39206
    endloop
  endfacet
  facet normal -0.779885 0 0.625923
    outer loop
      vertex 9.12356 0 -7.00076
      vertex 8.80951 0 -7.39206
      vertex 8.80951 -50 -7.39206
    endloop
  endfacet
  facet normal -0.751839 0 0.659347
    outer loop
      vertex 8.80951 -50 -7.39206
      vertex 8.80951 0 -7.39206
      vertex 8.47869 -50 -7.76929
    endloop
  endfacet
  facet normal -0.751839 0 0.659347
    outer loop
      vertex 8.80951 0 -7.39206
      vertex 8.47869 0 -7.76929
      vertex 8.47869 -50 -7.76929
    endloop
  endfacet
  facet normal -0.722363 0 0.691514
    outer loop
      vertex 8.47869 -50 -7.76929
      vertex 8.47869 0 -7.76929
      vertex 8.13173 -50 -8.13173
    endloop
  endfacet
  facet normal -0.722363 0 0.691514
    outer loop
      vertex 8.47869 0 -7.76929
      vertex 8.13173 0 -8.13173
      vertex 8.13173 -50 -8.13173
    endloop
  endfacet
  facet normal -0.691514 0 0.722363
    outer loop
      vertex 8.13173 -50 -8.13173
      vertex 8.13173 0 -8.13173
      vertex 7.76929 -50 -8.47869
    endloop
  endfacet
  facet normal -0.691514 0 0.722363
    outer loop
      vertex 8.13173 0 -8.13173
      vertex 7.76929 0 -8.47869
      vertex 7.76929 -50 -8.47869
    endloop
  endfacet
  facet normal -0.659347 0 0.751839
    outer loop
      vertex 7.76929 -50 -8.47869
      vertex 7.76929 0 -8.47869
      vertex 7.39206 -50 -8.80951
    endloop
  endfacet
  facet normal -0.659347 0 0.751839
    outer loop
      vertex 7.76929 0 -8.47869
      vertex 7.39206 0 -8.80951
      vertex 7.39206 -50 -8.80951
    endloop
  endfacet
  facet normal -0.625923 0 0.779885
    outer loop
      vertex 7.39206 -50 -8.80951
      vertex 7.39206 0 -8.80951
      vertex 7.00076 -50 -9.12356
    endloop
  endfacet
  facet normal -0.625923 0 0.779885
    outer loop
      vertex 7.39206 0 -8.80951
      vertex 7.00076 0 -9.12356
      vertex 7.00076 -50 -9.12356
    endloop
  endfacet
  facet normal -0.591309 0 0.806445
    outer loop
      vertex 7.00076 -50 -9.12356
      vertex 7.00076 0 -9.12356
      vertex 6.59613 -50 -9.42025
    endloop
  endfacet
  facet normal -0.591309 0 0.806445
    outer loop
      vertex 7.00076 0 -9.12356
      vertex 6.59613 0 -9.42025
      vertex 6.59613 -50 -9.42025
    endloop
  endfacet
  facet normal -0.55557 0 0.83147
    outer loop
      vertex 6.59613 -50 -9.42025
      vertex 6.59613 0 -9.42025
      vertex 6.17895 -50 -9.699
    endloop
  endfacet
  facet normal -0.55557 0 0.83147
    outer loop
      vertex 6.59613 0 -9.42025
      vertex 6.17895 0 -9.699
      vertex 6.17895 -50 -9.699
    endloop
  endfacet
  facet normal -0.518774 0 0.854912
    outer loop
      vertex 6.17895 -50 -9.699
      vertex 6.17895 0 -9.699
      vertex 5.75 -50 -9.95929
    endloop
  endfacet
  facet normal -0.518774 0 0.854912
    outer loop
      vertex 6.17895 0 -9.699
      vertex 5.75 0 -9.95929
      vertex 5.75 -50 -9.95929
    endloop
  endfacet
  facet normal -0.480988 0 0.876727
    outer loop
      vertex 5.75 -50 -9.95929
      vertex 5.75 0 -9.95929
      vertex 5.31011 -50 -10.2006
    endloop
  endfacet
  facet normal -0.480988 0 0.876727
    outer loop
      vertex 5.75 0 -9.95929
      vertex 5.31011 0 -10.2006
      vertex 5.31011 -50 -10.2006
    endloop
  endfacet
  facet normal -0.44229 0 0.896872
    outer loop
      vertex 5.31011 -50 -10.2006
      vertex 5.31011 0 -10.2006
      vertex 4.86011 -50 -10.4225
    endloop
  endfacet
  facet normal -0.44229 0 0.896872
    outer loop
      vertex 5.31011 0 -10.2006
      vertex 4.86011 0 -10.4225
      vertex 4.86011 -50 -10.4225
    endloop
  endfacet
  facet normal -0.402746 0 0.915312
    outer loop
      vertex 4.86011 -50 -10.4225
      vertex 4.86011 0 -10.4225
      vertex 4.40086 -50 -10.6246
    endloop
  endfacet
  facet normal -0.402746 0 0.915312
    outer loop
      vertex 4.86011 0 -10.4225
      vertex 4.40086 0 -10.6246
      vertex 4.40086 -50 -10.6246
    endloop
  endfacet
  facet normal -0.362439 0 0.932008
    outer loop
      vertex 4.40086 -50 -10.6246
      vertex 4.40086 0 -10.6246
      vertex 3.93323 -50 -10.8065
    endloop
  endfacet
  facet normal -0.362439 0 0.932008
    outer loop
      vertex 4.40086 0 -10.6246
      vertex 3.93323 0 -10.8065
      vertex 3.93323 -50 -10.8065
    endloop
  endfacet
  facet normal -0.321438 0 0.946931
    outer loop
      vertex 3.93323 -50 -10.8065
      vertex 3.93323 0 -10.8065
      vertex 3.45812 -50 -10.9677
    endloop
  endfacet
  facet normal -0.321438 0 0.946931
    outer loop
      vertex 3.93323 0 -10.8065
      vertex 3.45812 0 -10.9677
      vertex 3.45812 -50 -10.9677
    endloop
  endfacet
  facet normal -0.27983 0 0.96005
    outer loop
      vertex 3.45812 -50 -10.9677
      vertex 3.45812 0 -10.9677
      vertex 2.97642 -50 -11.1081
    endloop
  endfacet
  facet normal -0.27983 0 0.96005
    outer loop
      vertex 3.45812 0 -10.9677
      vertex 2.97642 0 -11.1081
      vertex 2.97642 -50 -11.1081
    endloop
  endfacet
  facet normal -0.237685 0 0.971342
    outer loop
      vertex 2.97642 -50 -11.1081
      vertex 2.97642 0 -11.1081
      vertex 2.48906 -50 -11.2274
    endloop
  endfacet
  facet normal -0.237685 0 0.971342
    outer loop
      vertex 2.97642 0 -11.1081
      vertex 2.48906 0 -11.2274
      vertex 2.48906 -50 -11.2274
    endloop
  endfacet
  facet normal -0.195092 0 0.980785
    outer loop
      vertex 2.48906 -50 -11.2274
      vertex 2.48906 0 -11.2274
      vertex 1.99695 -50 -11.3253
    endloop
  endfacet
  facet normal -0.195092 0 0.980785
    outer loop
      vertex 2.48906 0 -11.2274
      vertex 1.99695 0 -11.3253
      vertex 1.99695 -50 -11.3253
    endloop
  endfacet
  facet normal -0.152123 0 0.988362
    outer loop
      vertex 1.99695 -50 -11.3253
      vertex 1.99695 0 -11.3253
      vertex 1.50105 -50 -11.4016
    endloop
  endfacet
  facet normal -0.152123 0 0.988362
    outer loop
      vertex 1.99695 0 -11.3253
      vertex 1.50105 0 -11.4016
      vertex 1.50105 -50 -11.4016
    endloop
  endfacet
  facet normal -0.108867 0 0.994056
    outer loop
      vertex 1.50105 -50 -11.4016
      vertex 1.50105 0 -11.4016
      vertex 1.00229 -50 -11.4562
    endloop
  endfacet
  facet normal -0.108867 0 0.994056
    outer loop
      vertex 1.50105 0 -11.4016
      vertex 1.00229 0 -11.4562
      vertex 1.00229 -50 -11.4562
    endloop
  endfacet
  facet normal -0.0654024 0 0.997859
    outer loop
      vertex 1.00229 -50 -11.4562
      vertex 1.00229 0 -11.4562
      vertex 0.501623 -50 -11.4891
    endloop
  endfacet
  facet normal -0.0654024 0 0.997859
    outer loop
      vertex 1.00229 0 -11.4562
      vertex 0.501623 0 -11.4891
      vertex 0.501623 -50 -11.4891
    endloop
  endfacet
  facet normal -0.0218156 0 0.999762
    outer loop
      vertex 0.501623 -50 -11.4891
      vertex 0.501623 0 -11.4891
      vertex 1.40834e-15 -50 -11.5
    endloop
  endfacet
  facet normal -0.0218156 0 0.999762
    outer loop
      vertex 0.501623 0 -11.4891
      vertex 1.40834e-15 0 -11.5
      vertex 1.40834e-15 -50 -11.5
    endloop
  endfacet
  facet normal 0.0218156 0 0.999762
    outer loop
      vertex 1.40834e-15 -50 -11.5
      vertex 1.40834e-15 0 -11.5
      vertex -0.501623 -50 -11.4891
    endloop
  endfacet
  facet normal 0.0218156 0 0.999762
    outer loop
      vertex 1.40834e-15 0 -11.5
      vertex -0.501623 0 -11.4891
      vertex -0.501623 -50 -11.4891
    endloop
  endfacet
  facet normal 0.0654024 0 0.997859
    outer loop
      vertex -0.501623 -50 -11.4891
      vertex -0.501623 0 -11.4891
      vertex -1.00229 -50 -11.4562
    endloop
  endfacet
  facet normal 0.0654024 0 0.997859
    outer loop
      vertex -0.501623 0 -11.4891
      vertex -1.00229 0 -11.4562
      vertex -1.00229 -50 -11.4562
    endloop
  endfacet
  facet normal 0.108867 0 0.994056
    outer loop
      vertex -1.00229 -50 -11.4562
      vertex -1.00229 0 -11.4562
      vertex -1.50105 -50 -11.4016
    endloop
  endfacet
  facet normal 0.108867 0 0.994056
    outer loop
      vertex -1.00229 0 -11.4562
      vertex -1.50105 0 -11.4016
      vertex -1.50105 -50 -11.4016
    endloop
  endfacet
  facet normal 0.152123 0 0.988362
    outer loop
      vertex -1.50105 -50 -11.4016
      vertex -1.50105 0 -11.4016
      vertex -1.99695 -50 -11.3253
    endloop
  endfacet
  facet normal 0.152123 0 0.988362
    outer loop
      vertex -1.50105 0 -11.4016
      vertex -1.99695 0 -11.3253
      vertex -1.99695 -50 -11.3253
    endloop
  endfacet
  facet normal 0.195092 0 0.980785
    outer loop
      vertex -1.99695 -50 -11.3253
      vertex -1.99695 0 -11.3253
      vertex -2.48906 -50 -11.2274
    endloop
  endfacet
  facet normal 0.195092 0 0.980785
    outer loop
      vertex -1.99695 0 -11.3253
      vertex -2.48906 0 -11.2274
      vertex -2.48906 -50 -11.2274
    endloop
  endfacet
  facet normal 0.237685 0 0.971342
    outer loop
      vertex -2.48906 -50 -11.2274
      vertex -2.48906 0 -11.2274
      vertex -2.97642 -50 -11.1081
    endloop
  endfacet
  facet normal 0.237685 0 0.971342
    outer loop
      vertex -2.48906 0 -11.2274
      vertex -2.97642 0 -11.1081
      vertex -2.97642 -50 -11.1081
    endloop
  endfacet
  facet normal 0.27983 0 0.96005
    outer loop
      vertex -2.97642 -50 -11.1081
      vertex -2.97642 0 -11.1081
      vertex -3.45812 -50 -10.9677
    endloop
  endfacet
  facet normal 0.27983 0 0.96005
    outer loop
      vertex -2.97642 0 -11.1081
      vertex -3.45812 0 -10.9677
      vertex -3.45812 -50 -10.9677
    endloop
  endfacet
  facet normal 0.321438 0 0.946931
    outer loop
      vertex -3.45812 -50 -10.9677
      vertex -3.45812 0 -10.9677
      vertex -3.93323 -50 -10.8065
    endloop
  endfacet
  facet normal 0.321438 0 0.946931
    outer loop
      vertex -3.45812 0 -10.9677
      vertex -3.93323 0 -10.8065
      vertex -3.93323 -50 -10.8065
    endloop
  endfacet
  facet normal 0.362439 0 0.932008
    outer loop
      vertex -3.93323 -50 -10.8065
      vertex -3.93323 0 -10.8065
      vertex -4.40086 -50 -10.6246
    endloop
  endfacet
  facet normal 0.362439 0 0.932008
    outer loop
      vertex -3.93323 0 -10.8065
      vertex -4.40086 0 -10.6246
      vertex -4.40086 -50 -10.6246
    endloop
  endfacet
  facet normal 0.402746 0 0.915312
    outer loop
      vertex -4.40086 -50 -10.6246
      vertex -4.40086 0 -10.6246
      vertex -4.86011 -50 -10.4225
    endloop
  endfacet
  facet normal 0.402746 0 0.915312
    outer loop
      vertex -4.40086 0 -10.6246
      vertex -4.86011 0 -10.4225
      vertex -4.86011 -50 -10.4225
    endloop
  endfacet
  facet normal 0.44229 0 0.896872
    outer loop
      vertex -4.86011 -50 -10.4225
      vertex -4.86011 0 -10.4225
      vertex -5.31011 -50 -10.2006
    endloop
  endfacet
  facet normal 0.44229 0 0.896872
    outer loop
      vertex -4.86011 0 -10.4225
      vertex -5.31011 0 -10.2006
      vertex -5.31011 -50 -10.2006
    endloop
  endfacet
  facet normal 0.480988 0 0.876727
    outer loop
      vertex -5.31011 -50 -10.2006
      vertex -5.31011 0 -10.2006
      vertex -5.75 -50 -9.95929
    endloop
  endfacet
  facet normal 0.480988 0 0.876727
    outer loop
      vertex -5.31011 0 -10.2006
      vertex -5.75 0 -9.95929
      vertex -5.75 -50 -9.95929
    endloop
  endfacet
  facet normal 0.518774 0 0.854912
    outer loop
      vertex -5.75 -50 -9.95929
      vertex -5.75 0 -9.95929
      vertex -6.17895 -50 -9.699
    endloop
  endfacet
  facet normal 0.518774 0 0.854912
    outer loop
      vertex -5.75 0 -9.95929
      vertex -6.17895 0 -9.699
      vertex -6.17895 -50 -9.699
    endloop
  endfacet
  facet normal 0.55557 0 0.83147
    outer loop
      vertex -6.17895 -50 -9.699
      vertex -6.17895 0 -9.699
      vertex -6.59613 -50 -9.42025
    endloop
  endfacet
  facet normal 0.55557 0 0.83147
    outer loop
      vertex -6.17895 0 -9.699
      vertex -6.59613 0 -9.42025
      vertex -6.59613 -50 -9.42025
    endloop
  endfacet
  facet normal 0.591309 0 0.806445
    outer loop
      vertex -6.59613 -50 -9.42025
      vertex -6.59613 0 -9.42025
      vertex -7.00076 -50 -9.12356
    endloop
  endfacet
  facet normal 0.591309 0 0.806445
    outer loop
      vertex -6.59613 0 -9.42025
      vertex -7.00076 0 -9.12356
      vertex -7.00076 -50 -9.12356
    endloop
  endfacet
  facet normal 0.625923 0 0.779885
    outer loop
      vertex -7.00076 -50 -9.12356
      vertex -7.00076 0 -9.12356
      vertex -7.39206 -50 -8.80951
    endloop
  endfacet
  facet normal 0.625923 0 0.779885
    outer loop
      vertex -7.00076 0 -9.12356
      vertex -7.39206 0 -8.80951
      vertex -7.39206 -50 -8.80951
    endloop
  endfacet
  facet normal 0.659347 0 0.751839
    outer loop
      vertex -7.39206 -50 -8.80951
      vertex -7.39206 0 -8.80951
      vertex -7.76929 -50 -8.47869
    endloop
  endfacet
  facet normal 0.659347 0 0.751839
    outer loop
      vertex -7.39206 0 -8.80951
      vertex -7.76929 0 -8.47869
      vertex -7.76929 -50 -8.47869
    endloop
  endfacet
  facet normal 0.691514 0 0.722363
    outer loop
      vertex -7.76929 -50 -8.47869
      vertex -7.76929 0 -8.47869
      vertex -8.13173 -50 -8.13173
    endloop
  endfacet
  facet normal 0.691514 0 0.722363
    outer loop
      vertex -7.76929 0 -8.47869
      vertex -8.13173 0 -8.13173
      vertex -8.13173 -50 -8.13173
    endloop
  endfacet
  facet normal 0.722363 0 0.691514
    outer loop
      vertex -8.13173 -50 -8.13173
      vertex -8.13173 0 -8.13173
      vertex -8.47869 -50 -7.76929
    endloop
  endfacet
  facet normal 0.722363 0 0.691514
    outer loop
      vertex -8.13173 0 -8.13173
      vertex -8.47869 0 -7.76929
      vertex -8.47869 -50 -7.76929
    endloop
  endfacet
  facet normal 0.751839 0 0.659347
    outer loop
      vertex -8.47869 -50 -7.76929
      vertex -8.47869 0 -7.76929
      vertex -8.80951 -50 -7.39206
    endloop
  endfacet
  facet normal 0.751839 0 0.659347
    outer loop
      vertex -8.47869 0 -7.76929
      vertex -8.80951 0 -7.39206
      vertex -8.80951 -50 -7.39206
    endloop
  endfacet
  facet normal 0.779885 0 0.625923
    outer loop
      vertex -8.80951 -50 -7.39206
      vertex -8.80951 0 -7.39206
      vertex -9.12356 -50 -7.00076
    endloop
  endfacet
  facet normal 0.779885 0 0.625923
    outer loop
      vertex -8.80951 0 -7.39206
      vertex -9.12356 0 -7.00076
      vertex -9.12356 -50 -7.00076
    endloop
  endfacet
  facet normal 0.806445 0 0.591309
    outer loop
      vertex -9.12356 -50 -7.00076
      vertex -9.12356 0 -7.00076
      vertex -9.42025 -50 -6.59613
    endloop
  endfacet
  facet normal 0.806445 0 0.591309
    outer loop
      vertex -9.12356 0 -7.00076
      vertex -9.42025 0 -6.59613
      vertex -9.42025 -50 -6.59613
    endloop
  endfacet
  facet normal 0.83147 0 0.55557
    outer loop
      vertex -9.42025 -50 -6.59613
      vertex -9.42025 0 -6.59613
      vertex -9.699 -50 -6.17895
    endloop
  endfacet
  facet normal 0.83147 0 0.55557
    outer loop
      vertex -9.42025 0 -6.59613
      vertex -9.699 0 -6.17895
      vertex -9.699 -50 -6.17895
    endloop
  endfacet
  facet normal 0.854912 0 0.518774
    outer loop
      vertex -9.699 -50 -6.17895
      vertex -9.699 0 -6.17895
      vertex -9.95929 -50 -5.75
    endloop
  endfacet
  facet normal 0.854912 0 0.518774
    outer loop
      vertex -9.699 0 -6.17895
      vertex -9.95929 0 -5.75
      vertex -9.95929 -50 -5.75
    endloop
  endfacet
  facet normal 0.876727 0 0.480988
    outer loop
      vertex -9.95929 -50 -5.75
      vertex -9.95929 0 -5.75
      vertex -10.2006 -50 -5.31011
    endloop
  endfacet
  facet normal 0.876727 0 0.480988
    outer loop
      vertex -9.95929 0 -5.75
      vertex -10.2006 0 -5.31011
      vertex -10.2006 -50 -5.31011
    endloop
  endfacet
  facet normal 0.896872 0 0.44229
    outer loop
      vertex -10.2006 -50 -5.31011
      vertex -10.2006 0 -5.31011
      vertex -10.4225 -50 -4.86011
    endloop
  endfacet
  facet normal 0.896872 0 0.44229
    outer loop
      vertex -10.2006 0 -5.31011
      vertex -10.4225 0 -4.86011
      vertex -10.4225 -50 -4.86011
    endloop
  endfacet
  facet normal 0.915312 0 0.402746
    outer loop
      vertex -10.4225 -50 -4.86011
      vertex -10.4225 0 -4.86011
      vertex -10.6246 -50 -4.40086
    endloop
  endfacet
  facet normal 0.915312 0 0.402746
    outer loop
      vertex -10.4225 0 -4.86011
      vertex -10.6246 0 -4.40086
      vertex -10.6246 -50 -4.40086
    endloop
  endfacet
  facet normal 0.932008 0 0.362439
    outer loop
      vertex -10.6246 -50 -4.40086
      vertex -10.6246 0 -4.40086
      vertex -10.8065 -50 -3.93323
    endloop
  endfacet
  facet normal 0.932008 0 0.362439
    outer loop
      vertex -10.6246 0 -4.40086
      vertex -10.8065 0 -3.93323
      vertex -10.8065 -50 -3.93323
    endloop
  endfacet
  facet normal 0.946931 0 0.321438
    outer loop
      vertex -10.8065 -50 -3.93323
      vertex -10.8065 0 -3.93323
      vertex -10.9677 -50 -3.45812
    endloop
  endfacet
  facet normal 0.946931 0 0.321438
    outer loop
      vertex -10.8065 0 -3.93323
      vertex -10.9677 0 -3.45812
      vertex -10.9677 -50 -3.45812
    endloop
  endfacet
  facet normal 0.96005 0 0.27983
    outer loop
      vertex -10.9677 -50 -3.45812
      vertex -10.9677 0 -3.45812
      vertex -11.1081 -50 -2.97642
    endloop
  endfacet
  facet normal 0.96005 0 0.27983
    outer loop
      vertex -10.9677 0 -3.45812
      vertex -11.1081 0 -2.97642
      vertex -11.1081 -50 -2.97642
    endloop
  endfacet
  facet normal 0.971342 0 0.237685
    outer loop
      vertex -11.1081 -50 -2.97642
      vertex -11.1081 0 -2.97642
      vertex -11.2274 -50 -2.48906
    endloop
  endfacet
  facet normal 0.971342 0 0.237685
    outer loop
      vertex -11.1081 0 -2.97642
      vertex -11.2274 0 -2.48906
      vertex -11.2274 -50 -2.48906
    endloop
  endfacet
  facet normal 0.980785 0 0.195092
    outer loop
      vertex -11.2274 -50 -2.48906
      vertex -11.2274 0 -2.48906
      vertex -11.3253 -50 -1.99695
    endloop
  endfacet
  facet normal 0.980785 0 0.195092
    outer loop
      vertex -11.2274 0 -2.48906
      vertex -11.3253 0 -1.99695
      vertex -11.3253 -50 -1.99695
    endloop
  endfacet
  facet normal 0.988362 0 0.152123
    outer loop
      vertex -11.3253 -50 -1.99695
      vertex -11.3253 0 -1.99695
      vertex -11.4016 -50 -1.50105
    endloop
  endfacet
  facet normal 0.988362 0 0.152123
    outer loop
      vertex -11.3253 0 -1.99695
      vertex -11.4016 0 -1.50105
      vertex -11.4016 -50 -1.50105
    endloop
  endfacet
  facet normal 0.994056 0 0.108867
    outer loop
      vertex -11.4016 -50 -1.50105
      vertex -11.4016 0 -1.50105
      vertex -11.4562 -50 -1.00229
    endloop
  endfacet
  facet normal 0.994056 0 0.108867
    outer loop
      vertex -11.4016 0 -1.50105
      vertex -11.4562 0 -1.00229
      vertex -11.4562 -50 -1.00229
    endloop
  endfacet
  facet normal 0.997859 0 0.0654024
    outer loop
      vertex -11.4562 -50 -1.00229
      vertex -11.4562 0 -1.00229
      vertex -11.4891 -50 -0.501623
    endloop
  endfacet
  facet normal 0.997859 0 0.0654024
    outer loop
      vertex -11.4562 0 -1.00229
      vertex -11.4891 0 -0.501623
      vertex -11.4891 -50 -0.501623
    endloop
  endfacet
  facet normal 0.999762 0 0.0218156
    outer loop
      vertex -11.4891 -50 -0.501623
      vertex -11.4891 0 -0.501623
      vertex -11.5 -50 -2.11252e-15
    endloop
  endfacet
  facet normal 0.999762 0 0.0218156
    outer loop
      vertex -11.4891 0 -0.501623
      vertex -11.5 0 -2.11252e-15
      vertex -11.5 -50 -2.11252e-15
    endloop
  endfacet
  facet normal 0.999762 0 -0.0218156
    outer loop
      vertex -11.5 -50 -2.11252e-15
      vertex -11.5 0 -2.11252e-15
      vertex -11.4891 -50 0.501623
    endloop
  endfacet
  facet normal 0.999762 0 -0.0218156
    outer loop
      vertex -11.5 0 -2.11252e-15
      vertex -11.4891 0 0.501623
      vertex -11.4891 -50 0.501623
    endloop
  endfacet
  facet normal 0.997859 0 -0.0654024
    outer loop
      vertex -11.4891 -50 0.501623
      vertex -11.4891 0 0.501623
      vertex -11.4562 -50 1.00229
    endloop
  endfacet
  facet normal 0.997859 0 -0.0654024
    outer loop
      vertex -11.4891 0 0.501623
      vertex -11.4562 0 1.00229
      vertex -11.4562 -50 1.00229
    endloop
  endfacet
  facet normal 0.994056 0 -0.108867
    outer loop
      vertex -11.4562 -50 1.00229
      vertex -11.4562 0 1.00229
      vertex -11.4016 -50 1.50105
    endloop
  endfacet
  facet normal 0.994056 0 -0.108867
    outer loop
      vertex -11.4562 0 1.00229
      vertex -11.4016 0 1.50105
      vertex -11.4016 -50 1.50105
    endloop
  endfacet
  facet normal 0.988362 0 -0.152123
    outer loop
      vertex -11.4016 -50 1.50105
      vertex -11.4016 0 1.50105
      vertex -11.3253 -50 1.99695
    endloop
  endfacet
  facet normal 0.988362 0 -0.152123
    outer loop
      vertex -11.4016 0 1.50105
      vertex -11.3253 0 1.99695
      vertex -11.3253 -50 1.99695
    endloop
  endfacet
  facet normal 0.980785 0 -0.195092
    outer loop
      vertex -11.3253 -50 1.99695
      vertex -11.3253 0 1.99695
      vertex -11.2274 -50 2.48906
    endloop
  endfacet
  facet normal 0.980785 0 -0.195092
    outer loop
      vertex -11.3253 0 1.99695
      vertex -11.2274 0 2.48906
      vertex -11.2274 -50 2.48906
    endloop
  endfacet
  facet normal 0.971342 0 -0.237685
    outer loop
      vertex -11.2274 -50 2.48906
      vertex -11.2274 0 2.48906
      vertex -11.1081 -50 2.97642
    endloop
  endfacet
  facet normal 0.971342 0 -0.237685
    outer loop
      vertex -11.2274 0 2.48906
      vertex -11.1081 0 2.97642
      vertex -11.1081 -50 2.97642
    endloop
  endfacet
  facet normal 0.96005 0 -0.27983
    outer loop
      vertex -11.1081 -50 2.97642
      vertex -11.1081 0 2.97642
      vertex -10.9677 -50 3.45812
    endloop
  endfacet
  facet normal 0.96005 0 -0.27983
    outer loop
      vertex -11.1081 0 2.97642
      vertex -10.9677 0 3.45812
      vertex -10.9677 -50 3.45812
    endloop
  endfacet
  facet normal 0.946931 0 -0.321438
    outer loop
      vertex -10.9677 -50 3.45812
      vertex -10.9677 0 3.45812
      vertex -10.8065 -50 3.93323
    endloop
  endfacet
  facet normal 0.946931 0 -0.321438
    outer loop
      vertex -10.9677 0 3.45812
      vertex -10.8065 0 3.93323
      vertex -10.8065 -50 3.93323
    endloop
  endfacet
  facet normal 0.932008 0 -0.362439
    outer loop
      vertex -10.8065 -50 3.93323
      vertex -10.8065 0 3.93323
      vertex -10.6246 -50 4.40086
    endloop
  endfacet
  facet normal 0.932008 0 -0.362439
    outer loop
      vertex -10.8065 0 3.93323
      vertex -10.6246 0 4.40086
      vertex -10.6246 -50 4.40086
    endloop
  endfacet
  facet normal 0.915312 0 -0.402746
    outer loop
      vertex -10.6246 -50 4.40086
      vertex -10.6246 0 4.40086
      vertex -10.4225 -50 4.86011
    endloop
  endfacet
  facet normal 0.915312 0 -0.402746
    outer loop
      vertex -10.6246 0 4.40086
      vertex -10.4225 0 4.86011
      vertex -10.4225 -50 4.86011
    endloop
  endfacet
  facet normal 0.896872 0 -0.44229
    outer loop
      vertex -10.4225 -50 4.86011
      vertex -10.4225 0 4.86011
      vertex -10.2006 -50 5.31011
    endloop
  endfacet
  facet normal 0.896872 0 -0.44229
    outer loop
      vertex -10.4225 0 4.86011
      vertex -10.2006 0 5.31011
      vertex -10.2006 -50 5.31011
    endloop
  endfacet
  facet normal 0.876727 0 -0.480988
    outer loop
      vertex -10.2006 -50 5.31011
      vertex -10.2006 0 5.31011
      vertex -9.95929 -50 5.75
    endloop
  endfacet
  facet normal 0.876727 0 -0.480988
    outer loop
      vertex -10.2006 0 5.31011
      vertex -9.95929 0 5.75
      vertex -9.95929 -50 5.75
    endloop
  endfacet
  facet normal 0.854912 0 -0.518774
    outer loop
      vertex -9.95929 -50 5.75
      vertex -9.95929 0 5.75
      vertex -9.699 -50 6.17895
    endloop
  endfacet
  facet normal 0.854912 0 -0.518774
    outer loop
      vertex -9.95929 0 5.75
      vertex -9.699 0 6.17895
      vertex -9.699 -50 6.17895
    endloop
  endfacet
  facet normal 0.83147 0 -0.55557
    outer loop
      vertex -9.699 -50 6.17895
      vertex -9.699 0 6.17895
      vertex -9.42025 -50 6.59613
    endloop
  endfacet
  facet normal 0.83147 0 -0.55557
    outer loop
      vertex -9.699 0 6.17895
      vertex -9.42025 0 6.59613
      vertex -9.42025 -50 6.59613
    endloop
  endfacet
  facet normal 0.806445 0 -0.591309
    outer loop
      vertex -9.42025 -50 6.59613
      vertex -9.42025 0 6.59613
      vertex -9.12356 -50 7.00076
    endloop
  endfacet
  facet normal 0.806445 0 -0.591309
    outer loop
      vertex -9.42025 0 6.59613
      vertex -9.12356 0 7.00076
      vertex -9.12356 -50 7.00076
    endloop
  endfacet
  facet normal 0.779885 0 -0.625923
    outer loop
      vertex -9.12356 -50 7.00076
      vertex -9.12356 0 7.00076
      vertex -8.80951 -50 7.39206
    endloop
  endfacet
  facet normal 0.779885 0 -0.625923
    outer loop
      vertex -9.12356 0 7.00076
      vertex -8.80951 0 7.39206
      vertex -8.80951 -50 7.39206
    endloop
  endfacet
  facet normal 0.751839 0 -0.659347
    outer loop
      vertex -8.80951 -50 7.39206
      vertex -8.80951 0 7.39206
      vertex -8.47869 -50 7.76929
    endloop
  endfacet
  facet normal 0.751839 0 -0.659347
    outer loop
      vertex -8.80951 0 7.39206
      vertex -8.47869 0 7.76929
      vertex -8.47869 -50 7.76929
    endloop
  endfacet
  facet normal 0.722363 0 -0.691514
    outer loop
      vertex -8.47869 -50 7.76929
      vertex -8.47869 0 7.76929
      vertex -8.13173 -50 8.13173
    endloop
  endfacet
  facet normal 0.722363 0 -0.691514
    outer loop
      vertex -8.47869 0 7.76929
      vertex -8.13173 0 8.13173
      vertex -8.13173 -50 8.13173
    endloop
  endfacet
  facet normal 0.691514 0 -0.722363
    outer loop
      vertex -8.13173 -50 8.13173
      vertex -8.13173 0 8.13173
      vertex -7.76929 -50 8.47869
    endloop
  endfacet
  facet normal 0.691514 0 -0.722363
    outer loop
      vertex -8.13173 0 8.13173
      vertex -7.76929 0 8.47869
      vertex -7.76929 -50 8.47869
    endloop
  endfacet
  facet normal 0.659347 0 -0.751839
    outer loop
      vertex -7.76929 -50 8.47869
      vertex -7.76929 0 8.47869
      vertex -7.39206 -50 8.80951
    endloop
  endfacet
  facet normal 0.659347 0 -0.751839
    outer loop
      vertex -7.76929 0 8.47869
      vertex -7.39206 0 8.80951
      vertex -7.39206 -50 8.80951
    endloop
  endfacet
  facet normal 0.625923 0 -0.779885
    outer loop
      vertex -7.39206 -50 8.80951
      vertex -7.39206 0 8.80951
      vertex -7.00076 -50 9.12356
    endloop
  endfacet
  facet normal 0.625923 0 -0.779885
    outer loop
      vertex -7.39206 0 8.80951
      vertex -7.00076 0 9.12356
      vertex -7.00076 -50 9.12356
    endloop
  endfacet
  facet normal 0.591309 0 -0.806445
    outer loop
      vertex -7.00076 -50 9.12356
      vertex -7.00076 0 9.12356
      vertex -6.59613 -50 9.42025
    endloop
  endfacet
  facet normal 0.591309 0 -0.806445
    outer loop
      vertex -7.00076 0 9.12356
      vertex -6.59613 0 9.42025
      vertex -6.59613 -50 9.42025
    endloop
  endfacet
  facet normal 0.55557 0 -0.83147
    outer loop
      vertex -6.59613 -50 9.42025
      vertex -6.59613 0 9.42025
      vertex -6.17895 -50 9.699
    endloop
  endfacet
  facet normal 0.55557 0 -0.83147
    outer loop
      vertex -6.59613 0 9.42025
      vertex -6.17895 0 9.699
      vertex -6.17895 -50 9.699
    endloop
  endfacet
  facet normal 0.518774 0 -0.854912
    outer loop
      vertex -6.17895 -50 9.699
      vertex -6.17895 0 9.699
      vertex -5.75 -50 9.95929
    endloop
  endfacet
  facet normal 0.518774 0 -0.854912
    outer loop
      vertex -6.17895 0 9.699
      vertex -5.75 0 9.95929
      vertex -5.75 -50 9.95929
    endloop
  endfacet
  facet normal 0.480988 0 -0.876727
    outer loop
      vertex -5.75 -50 9.95929
      vertex -5.75 0 9.95929
      vertex -5.31011 -50 10.2006
    endloop
  endfacet
  facet normal 0.480988 0 -0.876727
    outer loop
      vertex -5.75 0 9.95929
      vertex -5.31011 0 10.2006
      vertex -5.31011 -50 10.2006
    endloop
  endfacet
  facet normal 0.44229 0 -0.896872
    outer loop
      vertex -5.31011 -50 10.2006
      vertex -5.31011 0 10.2006
      vertex -4.86011 -50 10.4225
    endloop
  endfacet
  facet normal 0.44229 0 -0.896872
    outer loop
      vertex -5.31011 0 10.2006
      vertex -4.86011 0 10.4225
      vertex -4.86011 -50 10.4225
    endloop
  endfacet
  facet normal 0.402746 0 -0.915312
    outer loop
      vertex -4.86011 -50 10.4225
      vertex -4.86011 0 10.4225
      vertex -4.40086 -50 10.6246
    endloop
  endfacet
  facet normal 0.402746 0 -0.915312
    outer loop
      vertex -4.86011 0 10.4225
      vertex -4.40086 0 10.6246
      vertex -4.40086 -50 10.6246
    endloop
  endfacet
  facet normal 0.362439 0 -0.932008
    outer loop
      vertex -4.40086 -50 10.6246
      vertex -4.40086 0 10.6246
      vertex -3.93323 -50 10.8065
    endloop
  endfacet
  facet normal 0.362439 0 -0.932008
    outer loop
      vertex -4.40086 0 10.6246
      vertex -3.93323 0 10.8065
      vertex -3.93323 -50 10.8065
    endloop
  endfacet
  facet normal 0.321438 0 -0.946931
    outer loop
      vertex -3.93323 -50 10.8065
      vertex -3.93323 0 10.8065
      vertex -3.45812 -50 10.9677
    endloop
  endfacet
  facet normal 0.321438 0 -0.946931
    outer loop
      vertex -3.93323 0 10.8065
      vertex -3.45812 0 10.9677
      vertex -3.45812 -50 10.9677
    endloop
  endfacet
  facet normal 0.27983 0 -0.96005
    outer loop
      vertex -3.45812 -50 10.9677
      vertex -3.45812 0 10.9677
      vertex -2.97642 -50 11.1081
    endloop
  endfacet
  facet normal 0.27983 0 -0.96005
    outer loop
      vertex -3.45812 0 10.9677
      vertex -2.97642 0 11.1081
      vertex -2.97642 -50 11.1081
    endloop
  endfacet
  facet normal 0.237685 0 -0.971342
    outer loop
      vertex -2.97642 -50 11.1081
      vertex -2.97642 0 11.1081
      vertex -2.48906 -50 11.2274
    endloop
  endfacet
  facet normal 0.237685 0 -0.971342
    outer loop
      vertex -2.97642 0 11.1081
      vertex -2.48906 0 11.2274
      vertex -2.48906 -50 11.2274
    endloop
  endfacet
  facet normal 0.195092 0 -0.980785
    outer loop
      vertex -2.48906 -50 11.2274
      vertex -2.48906 0 11.2274
      vertex -1.99695 -50 11.3253
    endloop
  endfacet
  facet normal 0.195092 0 -0.980785
    outer loop
      vertex -2.48906 0 11.2274
      vertex -1.99695 0 11.3253
      vertex -1.99695 -50 11.3253
    endloop
  endfacet
  facet normal 0.152123 0 -0.988362
    outer loop
      vertex -1.99695 -50 11.3253
      vertex -1.99695 0 11.3253
      vertex -1.50105 -50 11.4016
    endloop
  endfacet
  facet normal 0.152123 0 -0.988362
    outer loop
      vertex -1.99695 0 11.3253
      vertex -1.50105 0 11.4016
      vertex -1.50105 -50 11.4016
    endloop
  endfacet
  facet normal 0.108867 0 -0.994056
    outer loop
      vertex -1.50105 -50 11.4016
      vertex -1.50105 0 11.4016
      vertex -1.00229 -50 11.4562
    endloop
  endfacet
  facet normal 0.108867 0 -0.994056
    outer loop
      vertex -1.50105 0 11.4016
      vertex -1.00229 0 11.4562
      vertex -1.00229 -50 11.4562
    endloop
  endfacet
  facet normal 0.0654024 0 -0.997859
    outer loop
      vertex -1.00229 -50 11.4562
      vertex -1.00229 0 11.4562
      vertex -0.501623 -50 11.4891
    endloop
  endfacet
  facet normal 0.0654024 0 -0.997859
    outer loop
      vertex -1.00229 0 11.4562
      vertex -0.501623 0 11.4891
      vertex -0.501623 -50 11.4891
    endloop
  endfacet
  facet normal 0.0218156 0 -0.999762
    outer loop
      vertex -0.501623 -50 11.4891
      vertex -0.501623 0 11.4891
      vertex 0 -50 11.5
    endloop
  endfacet
  facet normal 0.0218156 1.21998e-18 -0.999762
    outer loop
      vertex -0.501623 0 11.4891
      vertex -2.81669e-15 0 11.5
      vertex 0 -50 11.5
    endloop
  endfacet
  facet normal 0 1 0
    outer loop
      vertex 7.39206 0 8.80951
      vertex 8.03484 0 9.57556
      vertex 7.76929 0 8.47869
    endloop
  endfacet
  facet normal 0 1 0
    outer loop
      vertex 8.03484 0 9.57556
      vertex 8.44488 0 9.21597
      vertex 7.76929 0 8.47869
    endloop
  endfacet
  facet normal 0 1 0
    outer loop
      vertex 7.76929 0 8.47869
      vertex 8.44488 0 9.21597
      vertex 8.13173 0 8.13173
    endloop
  endfacet
  facet normal 0 1 0
    outer loop
      vertex 8.44488 0 9.21597
      vertex 8.83884 0 8.83884
      vertex 8.13173 0 8.13173
    endloop
  endfacet
  facet normal 0 1 0
    outer loop
      vertex 8.13173 0 8.13173
      vertex 8.83884 0 8.83884
      vertex 8.47869 0 7.76929
    endloop
  endfacet
  facet normal 0 1 0
    outer loop
      vertex 8.83884 0 8.83884
      vertex 9.21597 0 8.44488
      vertex 8.47869 0 7.76929
    endloop
  endfacet
  facet normal 0 1 0
    outer loop
      vertex 8.47869 0 7.76929
      vertex 9.21597 0 8.44488
      vertex 8.80951 0 7.39206
    endloop
  endfacet
  facet normal 0 1 0
    outer loop
      vertex 9.21597 0 8.44488
      vertex 9.57556 0 8.03484
      vertex 8.80951 0 7.39206
    endloop
  endfacet
  facet normal 0 1 0
    outer loop
      vertex 8.80951 0 7.39206
      vertex 9.57556 0 8.03484
      vertex 9.12356 0 7.00076
    endloop
  endfacet
  facet normal 0 1 0
    outer loop
      vertex 9.57556 0 8.03484
      vertex 9.91692 0 7.60952
      vertex 9.12356 0 7.00076
    endloop
  endfacet
  facet normal 0 1 0
    outer loop
      vertex 9.12356 0 7.00076
      vertex 9.91692 0 7.60952
      vertex 9.42025 0 6.59613
    endloop
  endfacet
  facet normal 0 1 0
    outer loop
      vertex 9.91692 0 7.60952
      vertex 10.2394 0 7.16971
      vertex 9.42025 0 6.59613
    endloop
  endfacet
  facet normal 0 1 0
    outer loop
      vertex 9.42025 0 6.59613
      vertex 10.2394 0 7.16971
      vertex 9.699 0 6.17895
    endloop
  endfacet
  facet normal 0 1 0
    outer loop
      vertex 10.2394 0 7.16971
      vertex 10.5424 0 6.71625
      vertex 9.699 0 6.17895
    endloop
  endfacet
  facet normal 0 1 0
    outer loop
      vertex 9.699 0 6.17895
      vertex 10.5424 0 6.71625
      vertex 9.95929 0 5.75
    endloop
  endfacet
  facet normal 0 1 0
    outer loop
      vertex 10.5424 0 6.71625
      vertex 10.8253 0 6.25
      vertex 9.95929 0 5.75
    endloop
  endfacet
  facet normal 0 1 0
    outer loop
      vertex 9.95929 0 5.75
      vertex 10.8253 0 6.25
      vertex 10.2006 0 5.31011
    endloop
  endfacet
  facet normal 0 1 0
    outer loop
      vertex 10.8253 0 6.25
      vertex 11.0876 0 5.77186
      vertex 10.2006 0 5.31011
    endloop
  endfacet
  facet normal 0 1 0
    outer loop
      vertex 10.2006 0 5.31011
      vertex 11.0876 0 5.77186
      vertex 10.4225 0 4.86011
    endloop
  endfacet
  facet normal 0 1 0
    outer loop
      vertex 11.0876 0 5.77186
      vertex 11.3288 0 5.28273
      vertex 10.4225 0 4.86011
    endloop
  endfacet
  facet normal 0 1 0
    outer loop
      vertex 10.4225 0 4.86011
      vertex 11.3288 0 5.28273
      vertex 10.6246 0 4.40086
    endloop
  endfacet
  facet normal 0 1 0
    outer loop
      vertex 11.3288 0 5.28273
      vertex 11.5485 0 4.78354
      vertex 10.6246 0 4.40086
    endloop
  endfacet
  facet normal 0 1 0
    outer loop
      vertex 10.6246 0 4.40086
      vertex 11.5485 0 4.78354
      vertex 10.8065 0 3.93323
    endloop
  endfacet
  facet normal 0 1 0
    outer loop
      vertex 11.5485 0 4.78354
      vertex 11.7462 0 4.27525
      vertex 10.8065 0 3.93323
    endloop
  endfacet
  facet normal 0 1 0
    outer loop
      vertex 10.8065 0 3.93323
      vertex 11.7462 0 4.27525
      vertex 10.9677 0 3.45812
    endloop
  endfacet
  facet normal 0 1 0
    outer loop
      vertex 11.7462 0 4.27525
      vertex 11.9215 0 3.75882
      vertex 10.9677 0 3.45812
    endloop
  endfacet
  facet normal 0 1 0
    outer loop
      vertex 10.9677 0 3.45812
      vertex 11.9215 0 3.75882
      vertex 11.1081 0 2.97642
    endloop
  endfacet
  facet normal 0 1 0
    outer loop
      vertex 11.9215 0 3.75882
      vertex 12.0741 0 3.23524
      vertex 11.1081 0 2.97642
    endloop
  endfacet
  facet normal 0 1 0
    outer loop
      vertex 11.1081 0 2.97642
      vertex 12.0741 0 3.23524
      vertex 11.2274 0 2.48906
    endloop
  endfacet
  facet normal 0 1 0
    outer loop
      vertex 12.0741 0 3.23524
      vertex 12.2037 0 2.7055
      vertex 11.2274 0 2.48906
    endloop
  endfacet
  facet normal 0 1 0
    outer loop
      vertex 11.2274 0 2.48906
      vertex 12.2037 0 2.7055
      vertex 11.3253 0 1.99695
    endloop
  endfacet
  facet normal 0 1 0
    outer loop
      vertex 12.2037 0 2.7055
      vertex 12.3101 0 2.1706
      vertex 11.3253 0 1.99695
    endloop
  endfacet
  facet normal 0 1 0
    outer loop
      vertex 11.3253 0 1.99695
      vertex 12.3101 0 2.1706
      vertex 11.4016 0 1.50105
    endloop
  endfacet
  facet normal 0 1 0
    outer loop
      vertex 12.3101 0 2.1706
      vertex 12.3931 0 1.63158
      vertex 11.4016 0 1.50105
    endloop
  endfacet
  facet normal 0 1 0
    outer loop
      vertex 11.4016 0 1.50105
      vertex 12.3931 0 1.63158
      vertex 11.4562 0 1.00229
    endloop
  endfacet
  facet normal 0 1 0
    outer loop
      vertex 12.3931 0 1.63158
      vertex 12.4524 0 1.08945
      vertex 11.4562 0 1.00229
    endloop
  endfacet
  facet normal 0 1 0
    outer loop
      vertex 11.4562 0 1.00229
      vertex 12.4524 0 1.08945
      vertex 11.4891 0 0.501623
    endloop
  endfacet
  facet normal 0 1 0
    outer loop
      vertex 12.4524 0 1.08945
      vertex 12.4881 0 0.545242
      vertex 11.4891 0 0.501623
    endloop
  endfacet
  facet normal 0 1 0
    outer loop
      vertex 11.4891 0 0.501623
      vertex 12.4881 0 0.545242
      vertex 11.5 0 7.04172e-16
    endloop
  endfacet
  facet normal 0 1 0
    outer loop
      vertex 12.4881 0 0.545242
      vertex 12.5 0 0
      vertex 11.5 0 7.04172e-16
    endloop
  endfacet
  facet normal 0 1 0
    outer loop
      vertex 11.5 0 7.04172e-16
      vertex 12.5 0 0
      vertex 11.4891 0 -0.501623
    endloop
  endfacet
  facet normal 0 1 0
    outer loop
      vertex 12.5 0 0
      vertex 12.4881 0 -0.545242
      vertex 11.4891 0 -0.501623
    endloop
  endfacet
  facet normal 0 1 0
    outer loop
      vertex 11.4891 0 -0.501623
      vertex 12.4881 0 -0.545242
      vertex 11.4562 0 -1.00229
    endloop
  endfacet
  facet normal 0 1 0
    outer loop
      vertex 12.4881 0 -0.545242
      vertex 12.4524 0 -1.08945
      vertex 11.4562 0 -1.00229
    endloop
  endfacet
  facet normal 0 1 0
    outer loop
      vertex 11.4562 0 -1.00229
      vertex 12.4524 0 -1.08945
      vertex 11.4016 0 -1.50105
    endloop
  endfacet
  facet normal 0 1 0
    outer loop
      vertex 12.4524 0 -1.08945
      vertex 12.3931 0 -1.63158
      vertex 11.4016 0 -1.50105
    endloop
  endfacet
  facet normal 0 1 0
    outer loop
      vertex 11.4016 0 -1.50105
      vertex 12.3931 0 -1.63158
      vertex 11.3253 0 -1.99695
    endloop
  endfacet
  facet normal 0 1 0
    outer loop
      vertex 12.3931 0 -1.63158
      vertex 12.3101 0 -2.1706
      vertex 11.3253 0 -1.99695
    endloop
  endfacet
  facet normal 0 1 0
    outer loop
      vertex 11.3253 0 -1.99695
      vertex 12.3101 0 -2.1706
      vertex 11.2274 0 -2.48906
    endloop
  endfacet
  facet normal 0 1 0
    outer loop
      vertex 12.3101 0 -2.1706
      vertex 12.2037 0 -2.7055
      vertex 11.2274 0 -2.48906
    endloop
  endfacet
  facet normal 0 1 0
    outer loop
      vertex 11.2274 0 -2.48906
      vertex 12.2037 0 -2.7055
      vertex 11.1081 0 -2.97642
    endloop
  endfacet
  facet normal 0 1 0
    outer loop
      vertex 12.2037 0 -2.7055
      vertex 12.0741 0 -3.23524
      vertex 11.1081 0 -2.97642
    endloop
  endfacet
  facet normal 0 1 0
    outer loop
      vertex 11.1081 0 -2.97642
      vertex 12.0741 0 -3.23524
      vertex 10.9677 0 -3.45812
    endloop
  endfacet
  facet normal 0 1 0
    outer loop
      vertex 12.0741 0 -3.23524
      vertex 11.9215 0 -3.75882
      vertex 10.9677 0 -3.45812
    endloop
  endfacet
  facet normal 0 1 0
    outer loop
      vertex 10.9677 0 -3.45812
      vertex 11.9215 0 -3.75882
      vertex 10.8065 0 -3.93323
    endloop
  endfacet
  facet normal 0 1 0
    outer loop
      vertex 11.9215 0 -3.75882
      vertex 11.7462 0 -4.27525
      vertex 10.8065 0 -3.93323
    endloop
  endfacet
  facet normal 0 1 0
    outer loop
      vertex 10.8065 0 -3.93323
      vertex 11.7462 0 -4.27525
      vertex 10.6246 0 -4.40086
    endloop
  endfacet
  facet normal 0 1 0
    outer loop
      vertex 11.7462 0 -4.27525
      vertex 11.5485 0 -4.78354
      vertex 10.6246 0 -4.40086
    endloop
  endfacet
  facet normal 0 1 0
    outer loop
      vertex 10.6246 0 -4.40086
      vertex 11.5485 0 -4.78354
      vertex 10.4225 0 -4.86011
    endloop
  endfacet
  facet normal 0 1 0
    outer loop
      vertex 11.5485 0 -4.78354
      vertex 11.3288 0 -5.28273
      vertex 10.4225 0 -4.86011
    endloop
  endfacet
  facet normal 0 1 0
    outer loop
      vertex 10.4225 0 -4.86011
      vertex 11.3288 0 -5.28273
      vertex 10.2006 0 -5.31011
    endloop
  endfacet
  facet normal 0 1 0
    outer loop
      vertex 11.3288 0 -5.28273
      vertex 11.0876 0 -5.77186
      vertex 10.2006 0 -5.31011
    endloop
  endfacet
  facet normal 0 1 0
    outer loop
      vertex 10.2006 0 -5.31011
      vertex 11.0876 0 -5.77186
      vertex 9.95929 0 -5.75
    endloop
  endfacet
  facet normal 0 1 0
    outer loop
      vertex 11.0876 0 -5.77186
      vertex 10.8253 0 -6.25
      vertex 9.95929 0 -5.75
    endloop
  endfacet
  facet normal 0 1 0
    outer loop
      vertex 9.95929 0 -5.75
      vertex 10.8253 0 -6.25
      vertex 9.699 0 -6.17895
    endloop
  endfacet
  facet normal 0 1 0
    outer loop
      vertex 10.8253 0 -6.25
      vertex 10.5424 0 -6.71625
      vertex 9.699 0 -6.17895
    endloop
  endfacet
  facet normal 0 1 0
    outer loop
      vertex 9.699 0 -6.17895
      vertex 10.5424 0 -6.71625
      vertex 9.42025 0 -6.59613
    endloop
  endfacet
  facet normal 0 1 0
    outer loop
      vertex 10.5424 0 -6.71625
      vertex 10.2394 0 -7.16971
      vertex 9.42025 0 -6.59613
    endloop
  endfacet
  facet normal 0 1 0
    outer loop
      vertex 9.42025 0 -6.59613
      vertex 10.2394 0 -7.16971
      vertex 9.12356 0 -7.00076
    endloop
  endfacet
  facet normal 0 1 0
    outer loop
      vertex 10.2394 0 -7.16971
      vertex 9.91692 0 -7.60952
      vertex 9.12356 0 -7.00076
    endloop
  endfacet
  facet normal 0 1 0
    outer loop
      vertex 9.12356 0 -7.00076
      vertex 9.91692 0 -7.60952
      vertex 8.80951 0 -7.39206
    endloop
  endfacet
  facet normal 0 1 0
    outer loop
      vertex 9.91692 0 -7.60952
      vertex 9.57556 0 -8.03484
      vertex 8.80951 0 -7.39206
    endloop
  endfacet
  facet normal 0 1 0
    outer loop
      vertex 8.80951 0 -7.39206
      vertex 9.57556 0 -8.03484
      vertex 8.47869 0 -7.76929
    endloop
  endfacet
  facet normal 0 1 0
    outer loop
      vertex 9.57556 0 -8.03484
      vertex 9.21597 0 -8.44488
      vertex 8.47869 0 -7.76929
    endloop
  endfacet
  facet normal 0 1 0
    outer loop
      vertex 8.47869 0 -7.76929
      vertex 9.21597 0 -8.44488
      vertex 8.13173 0 -8.13173
    endloop
  endfacet
  facet normal 0 1 0
    outer loop
      vertex 9.21597 0 -8.44488
      vertex 8.83884 0 -8.83884
      vertex 8.13173 0 -8.13173
    endloop
  endfacet
  facet normal 0 1 0
    outer loop
      vertex 8.13173 0 -8.13173
      vertex 8.83884 0 -8.83884
      vertex 7.76929 0 -8.47869
    endloop
  endfacet
  facet normal 0 1 0
    outer loop
      vertex 8.83884 0 -8.83884
      vertex 8.44488 0 -9.21597
      vertex 7.76929 0 -8.47869
    endloop
  endfacet
  facet normal 0 1 0
    outer loop
      vertex 7.76929 0 -8.47869
      vertex 8.44488 0 -9.21597
      vertex 7.39206 0 -8.80951
    endloop
  endfacet
  facet normal 0 1 0
    outer loop
      vertex 8.44488 0 -9.21597
      vertex 8.03484 0 -9.57556
      vertex 7.39206 0 -8.80951
    endloop
  endfacet
  facet normal 0 1 0
    outer loop
      vertex 7.39206 0 -8.80951
      vertex 8.03484 0 -9.57556
      vertex 7.00076 0 -9.12356
    endloop
  endfacet
  facet normal 0 1 0
    outer loop
      vertex 8.03484 0 -9.57556
      vertex 7.60952 0 -9.91692
      vertex 7.00076 0 -9.12356
    endloop
  endfacet
  facet normal 0 1 0
    outer loop
      vertex 7.00076 0 -9.12356
      vertex 7.60952 0 -9.91692
      vertex 6.59613 0 -9.42025
    endloop
  endfacet
  facet normal 0 1 0
    outer loop
      vertex 7.60952 0 -9.91692
      vertex 7.16971 0 -10.2394
      vertex 6.59613 0 -9.42025
    endloop
  endfacet
  facet normal 0 1 0
    outer loop
      vertex 6.59613 0 -9.42025
      vertex 7.16971 0 -10.2394
      vertex 6.17895 0 -9.699
    endloop
  endfacet
  facet normal 0 1 0
    outer loop
      vertex 7.16971 0 -10.2394
      vertex 6.71625 0 -10.5424
      vertex 6.17895 0 -9.699
    endloop
  endfacet
  facet normal 0 1 0
    outer loop
      vertex 6.17895 0 -9.699
      vertex 6.71625 0 -10.5424
      vertex 5.75 0 -9.95929
    endloop
  endfacet
  facet normal 0 1 0
    outer loop
      vertex 6.71625 0 -10.5424
      vertex 6.25 0 -10.8253
      vertex 5.75 0 -9.95929
    endloop
  endfacet
  facet normal 0 1 0
    outer loop
      vertex 5.75 0 -9.95929
      vertex 6.25 0 -10.8253
      vertex 5.31011 0 -10.2006
    endloop
  endfacet
  facet normal 0 1 0
    outer loop
      vertex 6.25 0 -10.8253
      vertex 5.77186 0 -11.0876
      vertex 5.31011 0 -10.2006
    endloop
  endfacet
  facet normal 0 1 0
    outer loop
      vertex 5.31011 0 -10.2006
      vertex 5.77186 0 -11.0876
      vertex 4.86011 0 -10.4225
    endloop
  endfacet
  facet normal 0 1 0
    outer loop
      vertex 5.77186 0 -11.0876
      vertex 5.28273 0 -11.3288
      vertex 4.86011 0 -10.4225
    endloop
  endfacet
  facet normal 0 1 0
    outer loop
      vertex 4.86011 0 -10.4225
      vertex 5.28273 0 -11.3288
      vertex 4.40086 0 -10.6246
    endloop
  endfacet
  facet normal 0 1 0
    outer loop
      vertex 5.28273 0 -11.3288
      vertex 4.78354 0 -11.5485
      vertex 4.40086 0 -10.6246
    endloop
  endfacet
  facet normal 0 1 0
    outer loop
      vertex 4.40086 0 -10.6246
      vertex 4.78354 0 -11.5485
      vertex 3.93323 0 -10.8065
    endloop
  endfacet
  facet normal 0 1 0
    outer loop
      vertex 4.78354 0 -11.5485
      vertex 4.27525 0 -11.7462
      vertex 3.93323 0 -10.8065
    endloop
  endfacet
  facet normal 0 1 0
    outer loop
      vertex 3.93323 0 -10.8065
      vertex 4.27525 0 -11.7462
      vertex 3.45812 0 -10.9677
    endloop
  endfacet
  facet normal 0 1 0
    outer loop
      vertex 4.27525 0 -11.7462
      vertex 3.75882 0 -11.9215
      vertex 3.45812 0 -10.9677
    endloop
  endfacet
  facet normal 0 1 0
    outer loop
      vertex 3.45812 0 -10.9677
      vertex 3.75882 0 -11.9215
      vertex 2.97642 0 -11.1081
    endloop
  endfacet
  facet normal 0 1 0
    outer loop
      vertex 3.75882 0 -11.9215
      vertex 3.23524 0 -12.0741
      vertex 2.97642 0 -11.1081
    endloop
  endfacet
  facet normal 0 1 0
    outer loop
      vertex 2.97642 0 -11.1081
      vertex 3.23524 0 -12.0741
      vertex 2.48906 0 -11.2274
    endloop
  endfacet
  facet normal 0 1 0
    outer loop
      vertex 3.23524 0 -12.0741
      vertex 2.7055 0 -12.2037
      vertex 2.48906 0 -11.2274
    endloop
  endfacet
  facet normal 0 1 0
    outer loop
      vertex 2.48906 0 -11.2274
      vertex 2.7055 0 -12.2037
      vertex 1.99695 0 -11.3253
    endloop
  endfacet
  facet normal 0 1 0
    outer loop
      vertex 2.7055 0 -12.2037
      vertex 2.1706 0 -12.3101
      vertex 1.99695 0 -11.3253
    endloop
  endfacet
  facet normal 0 1 0
    outer loop
      vertex 1.99695 0 -11.3253
      vertex 2.1706 0 -12.3101
      vertex 1.50105 0 -11.4016
    endloop
  endfacet
  facet normal 0 1 0
    outer loop
      vertex 2.1706 0 -12.3101
      vertex 1.63158 0 -12.3931
      vertex 1.50105 0 -11.4016
    endloop
  endfacet
  facet normal 0 1 0
    outer loop
      vertex 1.50105 0 -11.4016
      vertex 1.63158 0 -12.3931
      vertex 1.00229 0 -11.4562
    endloop
  endfacet
  facet normal 0 1 0
    outer loop
      vertex 1.63158 0 -12.3931
      vertex 1.08945 0 -12.4524
      vertex 1.00229 0 -11.4562
    endloop
  endfacet
  facet normal 0 1 0
    outer loop
      vertex 1.00229 0 -11.4562
      vertex 1.08945 0 -12.4524
      vertex 0.501623 0 -11.4891
    endloop
  endfacet
  facet normal 0 1 0
    outer loop
      vertex 1.08945 0 -12.4524
      vertex 0.545242 0 -12.4881
      vertex 0.501623 0 -11.4891
    endloop
  endfacet
  facet normal 0 1 0
    outer loop
      vertex 0.501623 0 -11.4891
      vertex 0.545242 0 -12.4881
      vertex 1.40834e-15 0 -11.5
    endloop
  endfacet
  facet normal 0 1 0
    outer loop
      vertex 0.545242 0 -12.4881
      vertex -3.06162e-15 0 -12.5
      vertex 1.40834e-15 0 -11.5
    endloop
  endfacet
  facet normal 0 1 0
    outer loop
      vertex 1.40834e-15 0 -11.5
      vertex -3.06162e-15 0 -12.5
      vertex -0.501623 0 -11.4891
    endloop
  endfacet
  facet normal 0 1 0
    outer loop
      vertex -3.06162e-15 0 -12.5
      vertex -0.545242 0 -12.4881
      vertex -0.501623 0 -11.4891
    endloop
  endfacet
  facet normal 0 1 0
    outer loop
      vertex -0.501623 0 -11.4891
      vertex -0.545242 0 -12.4881
      vertex -1.00229 0 -11.4562
    endloop
  endfacet
  facet normal 0 1 0
    outer loop
      vertex -0.545242 0 -12.4881
      vertex -1.08945 0 -12.4524
      vertex -1.00229 0 -11.4562
    endloop
  endfacet
  facet normal 0 1 0
    outer loop
      vertex -1.00229 0 -11.4562
      vertex -1.08945 0 -12.4524
      vertex -1.50105 0 -11.4016
    endloop
  endfacet
  facet normal 0 1 0
    outer loop
      vertex -1.08945 0 -12.4524
      vertex -1.63158 0 -12.3931
      vertex -1.50105 0 -11.4016
    endloop
  endfacet
  facet normal 0 1 0
    outer loop
      vertex -1.50105 0 -11.4016
      vertex -1.63158 0 -12.3931
      vertex -1.99695 0 -11.3253
    endloop
  endfacet
  facet normal 0 1 0
    outer loop
      vertex -1.63158 0 -12.3931
      vertex -2.1706 0 -12.3101
      vertex -1.99695 0 -11.3253
    endloop
  endfacet
  facet normal 0 1 0
    outer loop
      vertex -1.99695 0 -11.3253
      vertex -2.1706 0 -12.3101
      vertex -2.48906 0 -11.2274
    endloop
  endfacet
  facet normal 0 1 0
    outer loop
      vertex -2.1706 0 -12.3101
      vertex -2.7055 0 -12.2037
      vertex -2.48906 0 -11.2274
    endloop
  endfacet
  facet normal 0 1 0
    outer loop
      vertex -2.48906 0 -11.2274
      vertex -2.7055 0 -12.2037
      vertex -2.97642 0 -11.1081
    endloop
  endfacet
  facet normal 0 1 0
    outer loop
      vertex -2.7055 0 -12.2037
      vertex -3.23524 0 -12.0741
      vertex -2.97642 0 -11.1081
    endloop
  endfacet
  facet normal 0 1 0
    outer loop
      vertex -2.97642 0 -11.1081
      vertex -3.23524 0 -12.0741
      vertex -3.45812 0 -10.9677
    endloop
  endfacet
  facet normal 0 1 0
    outer loop
      vertex -3.23524 0 -12.0741
      vertex -3.75882 0 -11.9215
      vertex -3.45812 0 -10.9677
    endloop
  endfacet
  facet normal 0 1 0
    outer loop
      vertex -3.45812 0 -10.9677
      vertex -3.75882 0 -11.9215
      vertex -3.93323 0 -10.8065
    endloop
  endfacet
  facet normal 0 1 0
    outer loop
      vertex -3.75882 0 -11.9215
      vertex -4.27525 0 -11.7462
      vertex -3.93323 0 -10.8065
    endloop
  endfacet
  facet normal 0 1 0
    outer loop
      vertex -3.93323 0 -10.8065
      vertex -4.27525 0 -11.7462
      vertex -4.40086 0 -10.6246
    endloop
  endfacet
  facet normal 0 1 0
    outer loop
      vertex -4.27525 0 -11.7462
      vertex -4.78354 0 -11.5485
      vertex -4.40086 0 -10.6246
    endloop
  endfacet
  facet normal 0 1 0
    outer loop
      vertex -4.40086 0 -10.6246
      vertex -4.78354 0 -11.5485
      vertex -4.86011 0 -10.4225
    endloop
  endfacet
  facet normal 0 1 0
    outer loop
      vertex -4.78354 0 -11.5485
      vertex -5.28273 0 -11.3288
      vertex -4.86011 0 -10.4225
    endloop
  endfacet
  facet normal 0 1 0
    outer loop
      vertex -4.86011 0 -10.4225
      vertex -5.28273 0 -11.3288
      vertex -5.31011 0 -10.2006
    endloop
  endfacet
  facet normal 0 1 0
    outer loop
      vertex -5.28273 0 -11.3288
      vertex -5.77186 0 -11.0876
      vertex -5.31011 0 -10.2006
    endloop
  endfacet
  facet normal 0 1 0
    outer loop
      vertex -5.31011 0 -10.2006
      vertex -5.77186 0 -11.0876
      vertex -5.75 0 -9.95929
    endloop
  endfacet
  facet normal 0 1 0
    outer loop
      vertex -5.77186 0 -11.0876
      vertex -6.25 0 -10.8253
      vertex -5.75 0 -9.95929
    endloop
  endfacet
  facet normal 0 1 0
    outer loop
      vertex -5.75 0 -9.95929
      vertex -6.25 0 -10.8253
      vertex -6.17895 0 -9.699
    endloop
  endfacet
  facet normal 0 1 0
    outer loop
      vertex -6.25 0 -10.8253
      vertex -6.71625 0 -10.5424
      vertex -6.17895 0 -9.699
    endloop
  endfacet
  facet normal 0 1 0
    outer loop
      vertex -6.17895 0 -9.699
      vertex -6.71625 0 -10.5424
      vertex -6.59613 0 -9.42025
    endloop
  endfacet
  facet normal 0 1 0
    outer loop
      vertex -6.71625 0 -10.5424
      vertex -7.16971 0 -10.2394
      vertex -6.59613 0 -9.42025
    endloop
  endfacet
  facet normal 0 1 0
    outer loop
      vertex -6.59613 0 -9.42025
      vertex -7.16971 0 -10.2394
      vertex -7.00076 0 -9.12356
    endloop
  endfacet
  facet normal 0 1 0
    outer loop
      vertex -7.16971 0 -10.2394
      vertex -7.60952 0 -9.91692
      vertex -7.00076 0 -9.12356
    endloop
  endfacet
  facet normal 0 1 0
    outer loop
      vertex -7.00076 0 -9.12356
      vertex -7.60952 0 -9.91692
      vertex -7.39206 0 -8.80951
    endloop
  endfacet
  facet normal 0 1 0
    outer loop
      vertex -7.60952 0 -9.91692
      vertex -8.03484 0 -9.57556
      vertex -7.39206 0 -8.80951
    endloop
  endfacet
  facet normal 0 1 0
    outer loop
      vertex -7.39206 0 -8.80951
      vertex -8.03484 0 -9.57556
      vertex -7.76929 0 -8.47869
    endloop
  endfacet
  facet normal 0 1 0
    outer loop
      vertex -8.03484 0 -9.57556
      vertex -8.44488 0 -9.21597
      vertex -7.76929 0 -8.47869
    endloop
  endfacet
  facet normal 0 1 0
    outer loop
      vertex -7.76929 0 -8.47869
      vertex -8.44488 0 -9.21597
      vertex -8.13173 0 -8.13173
    endloop
  endfacet
  facet normal 0 1 0
    outer loop
      vertex -8.44488 0 -9.21597
      vertex -8.83884 0 -8.83884
      vertex -8.13173 0 -8.13173
    endloop
  endfacet
  facet normal 0 1 0
    outer loop
      vertex -8.13173 0 -8.13173
      vertex -8.83884 0 -8.83884
      vertex -8.47869 0 -7.76929
    endloop
  endfacet
  facet normal 0 1 0
    outer loop
      vertex -8.83884 0 -8.83884
      vertex -9.21597 0 -8.44488
      vertex -8.47869 0 -7.76929
    endloop
  endfacet
  facet normal 0 1 0
    outer loop
      vertex -8.47869 0 -7.76929
      vertex -9.21597 0 -8.44488
      vertex -8.80951 0 -7.39206
    endloop
  endfacet
  facet normal 0 1 0
    outer loop
      vertex -9.21597 0 -8.44488
      vertex -9.57556 0 -8.03484
      vertex -8.80951 0 -7.39206
    endloop
  endfacet
  facet normal 0 1 0
    outer loop
      vertex -8.80951 0 -7.39206
      vertex -9.57556 0 -8.03484
      vertex -9.12356 0 -7.00076
    endloop
  endfacet
  facet normal 0 1 0
    outer loop
      vertex -9.57556 0 -8.03484
      vertex -9.91692 0 -7.60952
      vertex -9.12356 0 -7.00076
    endloop
  endfacet
  facet normal 0 1 0
    outer loop
      vertex -9.12356 0 -7.00076
      vertex -9.91692 0 -7.60952
      vertex -9.42025 0 -6.59613
    endloop
  endfacet
  facet normal 0 1 0
    outer loop
      vertex -9.91692 0 -7.60952
      vertex -10.2394 0 -7.16971
      vertex -9.42025 0 -6.59613
    endloop
  endfacet
  facet normal 0 1 0
    outer loop
      vertex -9.42025 0 -6.59613
      vertex -10.2394 0 -7.16971
      vertex -9.699 0 -6.17895
    endloop
  endfacet
  facet normal 0 1 0
    outer loop
      vertex -10.2394 0 -7.16971
      vertex -10.5424 0 -6.71625
      vertex -9.699 0 -6.17895
    endloop
  endfacet
  facet normal 0 1 0
    outer loop
      vertex -9.699 0 -6.17895
      vertex -10.5424 0 -6.71625
      vertex -9.95929 0 -5.75
    endloop
  endfacet
  facet normal 0 1 0
    outer loop
      vertex -10.5424 0 -6.71625
      vertex -10.8253 0 -6.25
      vertex -9.95929 0 -5.75
    endloop
  endfacet
  facet normal 0 1 0
    outer loop
      vertex -9.95929 0 -5.75
      vertex -10.8253 0 -6.25
      vertex -10.2006 0 -5.31011
    endloop
  endfacet
  facet normal 0 1 0
    outer loop
      vertex -10.8253 0 -6.25
      vertex -11.0876 0 -5.77186
      vertex -10.2006 0 -5.31011
    endloop
  endfacet
  facet normal 0 1 0
    outer loop
      vertex -10.2006 0 -5.31011
      vertex -11.0876 0 -5.77186
      vertex -10.4225 0 -4.86011
    endloop
  endfacet
  facet normal 0 1 0
    outer loop
      vertex -11.0876 0 -5.77186
      vertex -11.3288 0 -5.28273
      vertex -10.4225 0 -4.86011
    endloop
  endfacet
  facet normal 0 1 0
    outer loop
      vertex -10.4225 0 -4.86011
      vertex -11.3288 0 -5.28273
      vertex -10.6246 0 -4.40086
    endloop
  endfacet
  facet normal 0 1 0
    outer loop
      vertex -11.3288 0 -5.28273
      vertex -11.5485 0 -4.78354
      vertex -10.6246 0 -4.40086
    endloop
  endfacet
  facet normal 0 1 0
    outer loop
      vertex -10.6246 0 -4.40086
      vertex -11.5485 0 -4.78354
      vertex -10.8065 0 -3.93323
    endloop
  endfacet
  facet normal 0 1 0
    outer loop
      vertex -11.5485 0 -4.78354
      vertex -11.7462 0 -4.27525
      vertex -10.8065 0 -3.93323
    endloop
  endfacet
  facet normal 0 1 0
    outer loop
      vertex -10.8065 0 -3.93323
      vertex -11.7462 0 -4.27525
      vertex -10.9677 0 -3.45812
    endloop
  endfacet
  facet normal 0 1 0
    outer loop
      vertex -11.7462 0 -4.27525
      vertex -11.9215 0 -3.75882
      vertex -10.9677 0 -3.45812
    endloop
  endfacet
  facet normal 0 1 0
    outer loop
      vertex -10.9677 0 -3.45812
      vertex -11.9215 0 -3.75882
      vertex -11.1081 0 -2.97642
    endloop
  endfacet
  facet normal 0 1 0
    outer loop
      vertex -11.9215 0 -3.75882
      vertex -12.0741 0 -3.23524
      vertex -11.1081 0 -2.97642
    endloop
  endfacet
  facet normal 0 1 0
    outer loop
      vertex -11.1081 0 -2.97642
      vertex -12.0741 0 -3.23524
      vertex -11.2274 0 -2.48906
    endloop
  endfacet
  facet normal 0 1 0
    outer loop
      vertex -12.0741 0 -3.23524
      vertex -12.2037 0 -2.7055
      vertex -11.2274 0 -2.48906
    endloop
  endfacet
  facet normal 0 1 0
    outer loop
      vertex -11.2274 0 -2.48906
      vertex -12.2037 0 -2.7055
      vertex -11.3253 0 -1.99695
    endloop
  endfacet
  facet normal 0 1 0
    outer loop
      vertex -12.2037 0 -2.7055
      vertex -12.3101 0 -2.1706
      vertex -11.3253 0 -1.99695
    endloop
  endfacet
  facet normal 0 1 0
    outer loop
      vertex -11.3253 0 -1.99695
      vertex -12.3101 0 -2.1706
      vertex -11.4016 0 -1.50105
    endloop
  endfacet
  facet normal 0 1 0
    outer loop
      vertex -12.3101 0 -2.1706
      vertex -12.3931 0 -1.63158
      vertex -11.4016 0 -1.50105
    endloop
  endfacet
  facet normal 0 1 0
    outer loop
      vertex -11.4016 0 -1.50105
      vertex -12.3931 0 -1.63158
      vertex -11.4562 0 -1.00229
    endloop
  endfacet
  facet normal 0 1 0
    outer loop
      vertex -12.3931 0 -1.63158
      vertex -12.4524 0 -1.08945
      vertex -11.4562 0 -1.00229
    endloop
  endfacet
  facet normal 0 1 0
    outer loop
      vertex -11.4562 0 -1.00229
      vertex -12.4524 0 -1.08945
      vertex -11.4891 0 -0.501623
    endloop
  endfacet
  facet normal 0 1 0
    outer loop
      vertex -12.4524 0 -1.08945
      vertex -12.4881 0 -0.545242
      vertex -11.4891 0 -0.501623
    endloop
  endfacet
  facet normal 0 1 0
    outer loop
      vertex -11.4891 0 -0.501623
      vertex -12.4881 0 -0.545242
      vertex -11.5 0 -2.11252e-15
    endloop
  endfacet
  facet normal 0 1 0
    outer loop
      vertex -12.4881 0 -0.545242
      vertex -12.5 0 3.06162e-15
      vertex -11.5 0 -2.11252e-15
    endloop
  endfacet
  facet normal 0 1 0
    outer loop
      vertex -11.5 0 -2.11252e-15
      vertex -12.5 0 3.06162e-15
      vertex -11.4891 0 0.501623
    endloop
  endfacet
  facet normal 0 1 0
    outer loop
      vertex -12.5 0 3.06162e-15
      vertex -12.4881 0 0.545242
      vertex -11.4891 0 0.501623
    endloop
  endfacet
  facet normal 0 1 0
    outer loop
      vertex -11.4891 0 0.501623
      vertex -12.4881 0 0.545242
      vertex -11.4562 0 1.00229
    endloop
  endfacet
  facet normal 0 1 0
    outer loop
      vertex -12.4881 0 0.545242
      vertex -12.4524 0 1.08945
      vertex -11.4562 0 1.00229
    endloop
  endfacet
  facet normal 0 1 0
    outer loop
      vertex -11.4562 0 1.00229
      vertex -12.4524 0 1.08945
      vertex -11.4016 0 1.50105
    endloop
  endfacet
  facet normal 0 1 0
    outer loop
      vertex -12.4524 0 1.08945
      vertex -12.3931 0 1.63158
      vertex -11.4016 0 1.50105
    endloop
  endfacet
  facet normal 0 1 0
    outer loop
      vertex -11.4016 0 1.50105
      vertex -12.3931 0 1.63158
      vertex -11.3253 0 1.99695
    endloop
  endfacet
  facet normal 0 1 0
    outer loop
      vertex -12.3931 0 1.63158
      vertex -12.3101 0 2.1706
      vertex -11.3253 0 1.99695
    endloop
  endfacet
  facet normal 0 1 0
    outer loop
      vertex -11.3253 0 1.99695
      vertex -12.3101 0 2.1706
      vertex -11.2274 0 2.48906
    endloop
  endfacet
  facet normal 0 1 0
    outer loop
      vertex -12.3101 0 2.1706
      vertex -12.2037 0 2.7055
      vertex -11.2274 0 2.48906
    endloop
  endfacet
  facet normal 0 1 0
    outer loop
      vertex -11.2274 0 2.48906
      vertex -12.2037 0 2.7055
      vertex -11.1081 0 2.97642
    endloop
  endfacet
  facet normal 0 1 0
    outer loop
      vertex -12.2037 0 2.7055
      vertex -12.0741 0 3.23524
      vertex -11.1081 0 2.97642
    endloop
  endfacet
  facet normal 0 1 0
    outer loop
      vertex -11.1081 0 2.97642
      vertex -12.0741 0 3.23524
      vertex -10.9677 0 3.45812
    endloop
  endfacet
  facet normal 0 1 0
    outer loop
      vertex -12.0741 0 3.23524
      vertex -11.9215 0 3.75882
      vertex -10.9677 0 3.45812
    endloop
  endfacet
  facet normal 0 1 0
    outer loop
      vertex -10.9677 0 3.45812
      vertex -11.9215 0 3.75882
      vertex -10.8065 0 3.93323
    endloop
  endfacet
  facet normal 0 1 0
    outer loop
      vertex -11.9215 0 3.75882
      vertex -11.7462 0 4.27525
      vertex -10.8065 0 3.93323
    endloop
  endfacet
  facet normal 0 1 0
    outer loop
      vertex -10.8065 0 3.93323
      vertex -11.7462 0 4.27525
      vertex -10.6246 0 4.40086
    endloop
  endfacet
  facet normal 0 1 0
    outer loop
      vertex -11.7462 0 4.27525
      vertex -11.5485 0 4.78354
      vertex -10.6246 0 4.40086
    endloop
  endfacet
  facet normal 0 1 0
    outer loop
      vertex -10.6246 0 4.40086
      vertex -11.5485 0 4.78354
      vertex -10.4225 0 4.86011
    endloop
  endfacet
  facet normal 0 1 0
    outer loop
      vertex -11.5485 0 4.78354
      vertex -11.3288 0 5.28273
      vertex -10.4225 0 4.86011
    endloop
  endfacet
  facet normal 0 1 0
    outer loop
      vertex -10.4225 0 4.86011
      vertex -11.3288 0 5.28273
      vertex -10.2006 0 5.31011
    endloop
  endfacet
  facet normal 0 1 0
    outer loop
      vertex -11.3288 0 5.28273
      vertex -11.0876 0 5.77186
      vertex -10.2006 0 5.31011
    endloop
  endfacet
  facet normal 0 1 0
    outer loop
      vertex -10.2006 0 5.31011
      vertex -11.0876 0 5.77186
      vertex -9.95929 0 5.75
    endloop
  endfacet
  facet normal 0 1 0
    outer loop
      vertex -11.0876 0 5.77186
      vertex -10.8253 0 6.25
      vertex -9.95929 0 5.75
    endloop
  endfacet
  facet normal 0 1 0
    outer loop
      vertex -9.95929 0 5.75
      vertex -10.8253 0 6.25
      vertex -9.699 0 6.17895
    endloop
  endfacet
  facet normal 0 1 0
    outer loop
      vertex -10.8253 0 6.25
      vertex -10.5424 0 6.71625
      vertex -9.699 0 6.17895
    endloop
  endfacet
  facet normal 0 1 0
    outer loop
      vertex -9.699 0 6.17895
      vertex -10.5424 0 6.71625
      vertex -9.42025 0 6.59613
    endloop
  endfacet
  facet normal 0 1 0
    outer loop
      vertex -10.5424 0 6.71625
      vertex -10.2394 0 7.16971
      vertex -9.42025 0 6.59613
    endloop
  endfacet
  facet normal 0 1 0
    outer loop
      vertex -9.42025 0 6.59613
      vertex -10.2394 0 7.16971
      vertex -9.12356 0 7.00076
    endloop
  endfacet
  facet normal 0 1 0
    outer loop
      vertex -10.2394 0 7.16971
      vertex -9.91692 0 7.60952
      vertex -9.12356 0 7.00076
    endloop
  endfacet
  facet normal 0 1 0
    outer loop
      vertex -9.12356 0 7.00076
      vertex -9.91692 0 7.60952
      vertex -8.80951 0 7.39206
    endloop
  endfacet
  facet normal 0 1 0
    outer loop
      vertex -9.91692 0 7.60952
      vertex -9.57556 0 8.03484
      vertex -8.80951 0 7.39206
    endloop
  endfacet
  facet normal 0 1 0
    outer loop
      vertex -8.80951 0 7.39206
      vertex -9.57556 0 8.03484
      vertex -8.47869 0 7.76929
    endloop
  endfacet
  facet normal 0 1 0
    outer loop
      vertex -9.57556 0 8.03484
      vertex -9.21597 0 8.44488
      vertex -8.47869 0 7.76929
    endloop
  endfacet
  facet normal 0 1 0
    outer loop
      vertex -8.47869 0 7.76929
      vertex -9.21597 0 8.44488
      vertex -8.13173 0 8.13173
    endloop
  endfacet
  facet normal 0 1 0
    outer loop
      vertex -9.21597 0 8.44488
      vertex -8.83884 0 8.83884
      vertex -8.13173 0 8.13173
    endloop
  endfacet
  facet normal 0 1 0
    outer loop
      vertex -8.13173 0 8.13173
      vertex -8.83884 0 8.83884
      vertex -7.76929 0 8.47869
    endloop
  endfacet
  facet normal 0 1 0
    outer loop
      vertex -8.83884 0 8.83884
      vertex -8.44488 0 9.21597
      vertex -7.76929 0 8.47869
    endloop
  endfacet
  facet normal 0 1 0
    outer loop
      vertex -7.76929 0 8.47869
      vertex -8.44488 0 9.21597
      vertex -7.39206 0 8.80951
    endloop
  endfacet
  facet normal 0 1 0
    outer loop
      vertex -8.44488 0 9.21597
      vertex -8.03484 0 9.57556
      vertex -7.39206 0 8.80951
    endloop
  endfacet
  facet normal 0 1 0
    outer loop
      vertex -7.39206 0 8.80951
      vertex -8.03484 0 9.57556
      vertex -7.00076 0 9.12356
    endloop
  endfacet
  facet normal 0 1 0
    outer loop
      vertex -8.03484 0 9.57556
      vertex -7.60952 0 9.91692
      vertex -7.00076 0 9.12356
    endloop
  endfacet
  facet normal 0 1 0
    outer loop
      vertex -7.00076 0 9.12356
      vertex -7.60952 0 9.91692
      vertex -6.59613 0 9.42025
    endloop
  endfacet
  facet normal 0 1 0
    outer loop
      vertex -7.60952 0 9.91692
      vertex -7.16971 0 10.2394
      vertex -6.59613 0 9.42025
    endloop
  endfacet
  facet normal 0 1 0
    outer loop
      vertex -6.59613 0 9.42025
      vertex -7.16971 0 10.2394
      vertex -6.17895 0 9.699
    endloop
  endfacet
  facet normal 0 1 0
    outer loop
      vertex -7.16971 0 10.2394
      vertex -6.71625 0 10.5424
      vertex -6.17895 0 9.699
    endloop
  endfacet
  facet normal 0 1 0
    outer loop
      vertex -6.17895 0 9.699
      vertex -6.71625 0 10.5424
      vertex -5.75 0 9.95929
    endloop
  endfacet
  facet normal 0 1 0
    outer loop
      vertex -6.71625 0 10.5424
      vertex -6.25 0 10.8253
      vertex -5.75 0 9.95929
    endloop
  endfacet
  facet normal 0 1 0
    outer loop
      vertex -5.75 0 9.95929
      vertex -6.25 0 10.8253
      vertex -5.31011 0 10.2006
    endloop
  endfacet
  facet normal 0 1 0
    outer loop
      vertex -6.25 0 10.8253
      vertex -5.77186 0 11.0876
      vertex -5.31011 0 10.2006
    endloop
  endfacet
  facet normal 0 1 0
    outer loop
      vertex -5.31011 0 10.2006
      vertex -5.77186 0 11.0876
      vertex -4.86011 0 10.4225
    endloop
  endfacet
  facet normal 0 1 0
    outer loop
      vertex -5.77186 0 11.0876
      vertex -5.28273 0 11.3288
      vertex -4.86011 0 10.4225
    endloop
  endfacet
  facet normal 0 1 0
    outer loop
      vertex -4.86011 0 10.4225
      vertex -5.28273 0 11.3288
      vertex -4.40086 0 10.6246
    endloop
  endfacet
  facet normal 0 1 0
    outer loop
      vertex -5.28273 0 11.3288
      vertex -4.78354 0 11.5485
      vertex -4.40086 0 10.6246
    endloop
  endfacet
  facet normal 0 1 0
    outer loop
      vertex -4.40086 0 10.6246
      vertex -4.78354 0 11.5485
      vertex -3.93323 0 10.8065
    endloop
  endfacet
  facet normal 0 1 0
    outer loop
      vertex -4.78354 0 11.5485
      vertex -4.27525 0 11.7462
      vertex -3.93323 0 10.8065
    endloop
  endfacet
  facet normal 0 1 0
    outer loop
      vertex -3.93323 0 10.8065
      vertex -4.27525 0 11.7462
      vertex -3.45812 0 10.9677
    endloop
  endfacet
  facet normal 0 1 0
    outer loop
      vertex -4.27525 0 11.7462
      vertex -3.75882 0 11.9215
      vertex -3.45812 0 10.9677
    endloop
  endfacet
  facet normal 0 1 0
    outer loop
      vertex -3.45812 0 10.9677
      vertex -3.75882 0 11.9215
      vertex -2.97642 0 11.1081
    endloop
  endfacet
  facet normal 0 1 0
    outer loop
      vertex -3.75882 0 11.9215
      vertex -3.23524 0 12.0741
      vertex -2.97642 0 11.1081
    endloop
  endfacet
  facet normal 0 1 0
    outer loop
      vertex -2.97642 0 11.1081
      vertex -3.23524 0 12.0741
      vertex -2.48906 0 11.2274
    endloop
  endfacet
  facet normal 0 1 0
    outer loop
      vertex -3.23524 0 12.0741
      vertex -2.7055 0 12.2037
      vertex -2.48906 0 11.2274
    endloop
  endfacet
  facet normal 0 1 0
    outer loop
      vertex -2.48906 0 11.2274
      vertex -2.7055 0 12.2037
      vertex -1.99695 0 11.3253
    endloop
  endfacet
  facet normal 0 1 0
    outer loop
      vertex -2.7055 0 12.2037
      vertex -2.1706 0 12.3101
      vertex -1.99695 0 11.3253
    endloop
  endfacet
  facet normal 0 1 0
    outer loop
      vertex -1.99695 0 11.3253
      vertex -2.1706 0 12.3101
      vertex -1.50105 0 11.4016
    endloop
  endfacet
  facet normal 0 1 0
    outer loop
      vertex -2.1706 0 12.3101
      vertex -1.63158 0 12.3931
      vertex -1.50105 0 11.4016
    endloop
  endfacet
  facet normal 0 1 0
    outer loop
      vertex -1.50105 0 11.4016
      vertex -1.63158 0 12.3931
      vertex -1.00229 0 11.4562
    endloop
  endfacet
  facet normal 0 1 0
    outer loop
      vertex -1.63158 0 12.3931
      vertex -1.08945 0 12.4524
      vertex -1.00229 0 11.4562
    endloop
  endfacet
  facet normal 0 1 0
    outer loop
      vertex -1.00229 0 11.4562
      vertex -1.08945 0 12.4524
      vertex -0.501623 0 11.4891
    endloop
  endfacet
  facet normal 0 1 0
    outer loop
      vertex -1.08945 0 12.4524
      vertex -0.545242 0 12.4881
      vertex -0.501623 0 11.4891
    endloop
  endfacet
  facet normal 0 1 0
    outer loop
      vertex -0.501623 0 11.4891
      vertex -0.545242 0 12.4881
      vertex -2.81669e-15 0 11.5
    endloop
  endfacet
  facet normal 0 1 0
    outer loop
      vertex -0.545242 0 12.4881
      vertex 1.53081e-15 0 12.5
      vertex -2.81669e-15 0 11.5
    endloop
  endfacet
  facet normal 0 1 0
    outer loop
      vertex -2.81669e-15 0 11.5
      vertex 1.53081e-15 0 12.5
      vertex 0.501623 0 11.4891
    endloop
  endfacet
  facet normal 0 1 0
    outer loop
      vertex 1.53081e-15 0 12.5
      vertex 0.545242 0 12.4881
      vertex 0.501623 0 11.4891
    endloop
  endfacet
  facet normal 0 1 0
    outer loop
      vertex 0.501623 0 11.4891
      vertex 0.545242 0 12.4881
      vertex 1.00229 0 11.4562
    endloop
  endfacet
  facet normal 0 1 0
    outer loop
      vertex 0.545242 0 12.4881
      vertex 1.08945 0 12.4524
      vertex 1.00229 0 11.4562
    endloop
  endfacet
  facet normal 0 1 0
    outer loop
      vertex 1.00229 0 11.4562
      vertex 1.08945 0 12.4524
      vertex 1.50105 0 11.4016
    endloop
  endfacet
  facet normal 0 1 0
    outer loop
      vertex 1.08945 0 12.4524
      vertex 1.63158 0 12.3931
      vertex 1.50105 0 11.4016
    endloop
  endfacet
  facet normal 0 1 0
    outer loop
      vertex 1.50105 0 11.4016
      vertex 1.63158 0 12.3931
      vertex 1.99695 0 11.3253
    endloop
  endfacet
  facet normal 0 1 0
    outer loop
      vertex 1.63158 0 12.3931
      vertex 2.1706 0 12.3101
      vertex 1.99695 0 11.3253
    endloop
  endfacet
  facet normal 0 1 0
    outer loop
      vertex 1.99695 0 11.3253
      vertex 2.1706 0 12.3101
      vertex 2.48906 0 11.2274
    endloop
  endfacet
  facet normal 0 1 0
    outer loop
      vertex 2.1706 0 12.3101
      vertex 2.7055 0 12.2037
      vertex 2.48906 0 11.2274
    endloop
  endfacet
  facet normal 0 1 0
    outer loop
      vertex 2.48906 0 11.2274
      vertex 2.7055 0 12.2037
      vertex 2.97642 0 11.1081
    endloop
  endfacet
  facet normal 0 1 0
    outer loop
      vertex 2.7055 0 12.2037
      vertex 3.23524 0 12.0741
      vertex 2.97642 0 11.1081
    endloop
  endfacet
  facet normal 0 1 0
    outer loop
      vertex 2.97642 0 11.1081
      vertex 3.23524 0 12.0741
      vertex 3.45812 0 10.9677
    endloop
  endfacet
  facet normal 0 1 0
    outer loop
      vertex 3.23524 0 12.0741
      vertex 3.75882 0 11.9215
      vertex 3.45812 0 10.9677
    endloop
  endfacet
  facet normal 0 1 0
    outer loop
      vertex 3.45812 0 10.9677
      vertex 3.75882 0 11.9215
      vertex 3.93323 0 10.8065
    endloop
  endfacet
  facet normal 0 1 0
    outer loop
      vertex 3.75882 0 11.9215
      vertex 4.27525 0 11.7462
      vertex 3.93323 0 10.8065
    endloop
  endfacet
  facet normal 0 1 0
    outer loop
      vertex 3.93323 0 10.8065
      vertex 4.27525 0 11.7462
      vertex 4.40086 0 10.6246
    endloop
  endfacet
  facet normal 0 1 0
    outer loop
      vertex 4.27525 0 11.7462
      vertex 4.78354 0 11.5485
      vertex 4.40086 0 10.6246
    endloop
  endfacet
  facet normal 0 1 0
    outer loop
      vertex 4.40086 0 10.6246
      vertex 4.78354 0 11.5485
      vertex 4.86011 0 10.4225
    endloop
  endfacet
  facet normal 0 1 0
    outer loop
      vertex 4.78354 0 11.5485
      vertex 5.28273 0 11.3288
      vertex 4.86011 0 10.4225
    endloop
  endfacet
  facet normal 0 1 0
    outer loop
      vertex 4.86011 0 10.4225
      vertex 5.28273 0 11.3288
      vertex 5.31011 0 10.2006
    endloop
  endfacet
  facet normal 0 1 0
    outer loop
      vertex 5.28273 0 11.3288
      vertex 5.77186 0 11.0876
      vertex 5.31011 0 10.2006
    endloop
  endfacet
  facet normal 0 1 0
    outer loop
      vertex 5.31011 0 10.2006
      vertex 5.77186 0 11.0876
      vertex 5.75 0 9.95929
    endloop
  endfacet
  facet normal 0 1 0
    outer loop
      vertex 5.77186 0 11.0876
      vertex 6.25 0 10.8253
      vertex 5.75 0 9.95929
    endloop
  endfacet
  facet normal 0 1 0
    outer loop
      vertex 5.75 0 9.95929
      vertex 6.25 0 10.8253
      vertex 6.17895 0 9.699
    endloop
  endfacet
  facet normal 0 1 0
    outer loop
      vertex 6.25 0 10.8253
      vertex 6.71625 0 10.5424
      vertex 6.17895 0 9.699
    endloop
  endfacet
  facet normal 0 1 0
    outer loop
      vertex 6.17895 0 9.699
      vertex 6.71625 0 10.5424
      vertex 6.59613 0 9.42025
    endloop
  endfacet
  facet normal 0 1 0
    outer loop
      vertex 6.71625 0 10.5424
      vertex 7.16971 0 10.2394
      vertex 6.59613 0 9.42025
    endloop
  endfacet
  facet normal 0 1 0
    outer loop
      vertex 6.59613 0 9.42025
      vertex 7.16971 0 10.2394
      vertex 7.00076 0 9.12356
    endloop
  endfacet
  facet normal 0 1 0
    outer loop
      vertex 7.16971 0 10.2394
      vertex 7.60952 0 9.91692
      vertex 7.00076 0 9.12356
    endloop
  endfacet
  facet normal 0 1 0
    outer loop
      vertex 7.00076 0 9.12356
      vertex 7.60952 0 9.91692
      vertex 7.39206 0 8.80951
    endloop
  endfacet
  facet normal 0 1 0
    outer loop
      vertex 7.60952 0 9.91692
      vertex 8.03484 0 9.57556
      vertex 7.39206 0 8.80951
    endloop
  endfacet
  facet normal 0.0218182 -0.999762 0
    outer loop
      vertex -4.1638e-15 40.2 -15
      vertex 0.74153 40.2162 -115
      vertex 0.74153 40.2162 -15
    endloop
  endfacet
  facet normal 0.0653992 -0.997859 0
    outer loop
      vertex 0.74153 40.2162 -115
      vertex 1.48165 40.2647 -115
      vertex 0.74153 40.2162 -15
    endloop
  endfacet
  facet normal 0.0653992 -0.997859 0
    outer loop
      vertex 0.74153 40.2162 -15
      vertex 1.48165 40.2647 -115
      vertex 1.48165 40.2647 -15
    endloop
  endfacet
  facet normal 0.10887 -0.994056 0
    outer loop
      vertex 1.48165 40.2647 -115
      vertex 2.21895 40.3454 -115
      vertex 1.48165 40.2647 -15
    endloop
  endfacet
  facet normal 0.10887 -0.994056 0
    outer loop
      vertex 1.48165 40.2647 -15
      vertex 2.21895 40.3454 -115
      vertex 2.21895 40.3454 -15
    endloop
  endfacet
  facet normal 0.152124 -0.988361 0
    outer loop
      vertex 2.21895 40.3454 -115
      vertex 2.95202 40.4583 -115
      vertex 2.21895 40.3454 -15
    endloop
  endfacet
  facet normal 0.152124 -0.988361 0
    outer loop
      vertex 2.21895 40.3454 -15
      vertex 2.95202 40.4583 -115
      vertex 2.95202 40.4583 -15
    endloop
  endfacet
  facet normal 0.195088 -0.980786 0
    outer loop
      vertex 2.95202 40.4583 -115
      vertex 3.67947 40.603 -115
      vertex 2.95202 40.4583 -15
    endloop
  endfacet
  facet normal 0.195088 -0.980786 0
    outer loop
      vertex 2.95202 40.4583 -15
      vertex 3.67947 40.603 -115
      vertex 3.67947 40.603 -15
    endloop
  endfacet
  facet normal 0.237689 -0.971341 0
    outer loop
      vertex 3.67947 40.603 -115
      vertex 4.39992 40.7793 -115
      vertex 3.67947 40.603 -15
    endloop
  endfacet
  facet normal 0.237689 -0.971341 0
    outer loop
      vertex 3.67947 40.603 -15
      vertex 4.39992 40.7793 -115
      vertex 4.39992 40.7793 -15
    endloop
  endfacet
  facet normal 0.279829 -0.96005 0
    outer loop
      vertex 4.39992 40.7793 -115
      vertex 5.112 40.9868 -115
      vertex 4.39992 40.7793 -15
    endloop
  endfacet
  facet normal 0.279829 -0.96005 0
    outer loop
      vertex 4.39992 40.7793 -15
      vertex 5.112 40.9868 -115
      vertex 5.112 40.9868 -15
    endloop
  endfacet
  facet normal 0.321436 -0.946931 0
    outer loop
      vertex 5.112 40.9868 -115
      vertex 5.81434 41.2252 -115
      vertex 5.112 40.9868 -15
    endloop
  endfacet
  facet normal 0.321436 -0.946931 0
    outer loop
      vertex 5.112 40.9868 -15
      vertex 5.81434 41.2252 -115
      vertex 5.81434 41.2252 -15
    endloop
  endfacet
  facet normal 0.36244 -0.932007 0
    outer loop
      vertex 5.81434 41.2252 -115
      vertex 6.50562 41.494 -115
      vertex 5.81434 41.2252 -15
    endloop
  endfacet
  facet normal 0.36244 -0.932007 0
    outer loop
      vertex 5.81434 41.2252 -15
      vertex 6.50562 41.494 -115
      vertex 6.50562 41.494 -15
    endloop
  endfacet
  facet normal 0.402747 -0.915311 0
    outer loop
      vertex 6.50562 41.494 -115
      vertex 7.18451 41.7928 -115
      vertex 6.50562 41.494 -15
    endloop
  endfacet
  facet normal 0.402747 -0.915311 0
    outer loop
      vertex 6.50562 41.494 -15
      vertex 7.18451 41.7928 -115
      vertex 7.18451 41.7928 -15
    endloop
  endfacet
  facet normal 0.442285 -0.896874 0
    outer loop
      vertex 7.18451 41.7928 -115
      vertex 7.84973 42.1208 -115
      vertex 7.18451 41.7928 -15
    endloop
  endfacet
  facet normal 0.442285 -0.896874 0
    outer loop
      vertex 7.18451 41.7928 -15
      vertex 7.84973 42.1208 -115
      vertex 7.84973 42.1208 -15
    endloop
  endfacet
  facet normal 0.480989 -0.876727 0
    outer loop
      vertex 7.84973 42.1208 -115
      vertex 8.5 42.4776 -115
      vertex 7.84973 42.1208 -15
    endloop
  endfacet
  facet normal 0.480989 -0.876727 0
    outer loop
      vertex 7.84973 42.1208 -15
      vertex 8.5 42.4776 -115
      vertex 8.5 42.4776 -15
    endloop
  endfacet
  facet normal 0.518774 -0.854911 0
    outer loop
      vertex 8.5 42.4776 -115
      vertex 9.13409 42.8623 -115
      vertex 8.5 42.4776 -15
    endloop
  endfacet
  facet normal 0.518774 -0.854911 0
    outer loop
      vertex 8.5 42.4776 -15
      vertex 9.13409 42.8623 -115
      vertex 9.13409 42.8623 -15
    endloop
  endfacet
  facet normal 0.55557 -0.83147 0
    outer loop
      vertex 9.13409 42.8623 -115
      vertex 9.7508 43.2744 -115
      vertex 9.13409 42.8623 -15
    endloop
  endfacet
  facet normal 0.55557 -0.83147 0
    outer loop
      vertex 9.13409 42.8623 -15
      vertex 9.7508 43.2744 -115
      vertex 9.7508 43.2744 -15
    endloop
  endfacet
  facet normal 0.59131 -0.806444 0
    outer loop
      vertex 9.7508 43.2744 -115
      vertex 10.3489 43.713 -115
      vertex 9.7508 43.2744 -15
    endloop
  endfacet
  facet normal 0.59131 -0.806444 0
    outer loop
      vertex 9.7508 43.2744 -15
      vertex 10.3489 43.713 -115
      vertex 10.3489 43.713 -15
    endloop
  endfacet
  facet normal 0.625925 -0.779883 0
    outer loop
      vertex 10.3489 43.713 -115
      vertex 10.9274 44.1772 -115
      vertex 10.3489 43.713 -15
    endloop
  endfacet
  facet normal 0.625925 -0.779883 0
    outer loop
      vertex 10.3489 43.713 -15
      vertex 10.9274 44.1772 -115
      vertex 10.9274 44.1772 -15
    endloop
  endfacet
  facet normal 0.659346 -0.75184 0
    outer loop
      vertex 10.9274 44.1772 -115
      vertex 11.485 44.6663 -115
      vertex 10.9274 44.1772 -15
    endloop
  endfacet
  facet normal 0.659346 -0.75184 0
    outer loop
      vertex 10.9274 44.1772 -15
      vertex 11.485 44.6663 -115
      vertex 11.485 44.6663 -15
    endloop
  endfacet
  facet normal 0.691512 -0.722365 0
    outer loop
      vertex 11.485 44.6663 -115
      vertex 12.0208 45.1792 -115
      vertex 11.485 44.6663 -15
    endloop
  endfacet
  facet normal 0.691512 -0.722365 0
    outer loop
      vertex 11.485 44.6663 -15
      vertex 12.0208 45.1792 -115
      vertex 12.0208 45.1792 -15
    endloop
  endfacet
  facet normal 0.722364 -0.691513 0
    outer loop
      vertex 12.0208 45.1792 -115
      vertex 12.5337 45.715 -115
      vertex 12.0208 45.1792 -15
    endloop
  endfacet
  facet normal 0.722364 -0.691513 0
    outer loop
      vertex 12.0208 45.1792 -15
      vertex 12.5337 45.715 -115
      vertex 12.5337 45.715 -15
    endloop
  endfacet
  facet normal 0.751839 -0.659347 0
    outer loop
      vertex 12.5337 45.715 -115
      vertex 13.0228 46.2726 -115
      vertex 12.5337 45.715 -15
    endloop
  endfacet
  facet normal 0.751839 -0.659347 0
    outer loop
      vertex 12.5337 45.715 -15
      vertex 13.0228 46.2726 -115
      vertex 13.0228 46.2726 -15
    endloop
  endfacet
  facet normal 0.779886 -0.625921 0
    outer loop
      vertex 13.0228 46.2726 -115
      vertex 13.487 46.8511 -115
      vertex 13.0228 46.2726 -15
    endloop
  endfacet
  facet normal 0.779886 -0.625921 0
    outer loop
      vertex 13.0228 46.2726 -15
      vertex 13.487 46.8511 -115
      vertex 13.487 46.8511 -15
    endloop
  endfacet
  facet normal 0.806444 -0.591311 0
    outer loop
      vertex 13.487 46.8511 -115
      vertex 13.9256 47.4492 -115
      vertex 13.487 46.8511 -15
    endloop
  endfacet
  facet normal 0.806444 -0.591311 0
    outer loop
      vertex 13.487 46.8511 -15
      vertex 13.9256 47.4492 -115
      vertex 13.9256 47.4492 -15
    endloop
  endfacet
  facet normal 0.83147 -0.555569 0
    outer loop
      vertex 13.9256 47.4492 -115
      vertex 14.3377 48.0659 -115
      vertex 13.9256 47.4492 -15
    endloop
  endfacet
  facet normal 0.83147 -0.555569 0
    outer loop
      vertex 13.9256 47.4492 -15
      vertex 14.3377 48.0659 -115
      vertex 14.3377 48.0659 -15
    endloop
  endfacet
  facet normal 0.854911 -0.518774 0
    outer loop
      vertex 14.3377 48.0659 -115
      vertex 14.7224 48.7 -115
      vertex 14.3377 48.0659 -15
    endloop
  endfacet
  facet normal 0.854911 -0.518774 0
    outer loop
      vertex 14.3377 48.0659 -15
      vertex 14.7224 48.7 -115
      vertex 14.7224 48.7 -15
    endloop
  endfacet
  facet normal 0.876726 -0.48099 0
    outer loop
      vertex 14.7224 48.7 -115
      vertex 15.0792 49.3503 -115
      vertex 14.7224 48.7 -15
    endloop
  endfacet
  facet normal 0.876726 -0.48099 0
    outer loop
      vertex 14.7224 48.7 -15
      vertex 15.0792 49.3503 -115
      vertex 15.0792 49.3503 -15
    endloop
  endfacet
  facet normal 0.896873 -0.442288 0
    outer loop
      vertex 15.0792 49.3503 -115
      vertex 15.4072 50.0155 -115
      vertex 15.0792 49.3503 -15
    endloop
  endfacet
  facet normal 0.896873 -0.442288 0
    outer loop
      vertex 15.0792 49.3503 -15
      vertex 15.4072 50.0155 -115
      vertex 15.4072 50.0155 -15
    endloop
  endfacet
  facet normal 0.915311 -0.402748 0
    outer loop
      vertex 15.4072 50.0155 -115
      vertex 15.706 50.6944 -115
      vertex 15.4072 50.0155 -15
    endloop
  endfacet
  facet normal 0.915311 -0.402748 0
    outer loop
      vertex 15.4072 50.0155 -15
      vertex 15.706 50.6944 -115
      vertex 15.706 50.6944 -15
    endloop
  endfacet
  facet normal 0.932008 -0.362438 0
    outer loop
      vertex 15.706 50.6944 -115
      vertex 15.9748 51.3857 -115
      vertex 15.706 50.6944 -15
    endloop
  endfacet
  facet normal 0.932008 -0.362438 0
    outer loop
      vertex 15.706 50.6944 -15
      vertex 15.9748 51.3857 -115
      vertex 15.9748 51.3857 -15
    endloop
  endfacet
  facet normal 0.94693 -0.321439 0
    outer loop
      vertex 15.9748 51.3857 -115
      vertex 16.2132 52.088 -115
      vertex 15.9748 51.3857 -15
    endloop
  endfacet
  facet normal 0.94693 -0.321439 0
    outer loop
      vertex 15.9748 51.3857 -15
      vertex 16.2132 52.088 -115
      vertex 16.2132 52.088 -15
    endloop
  endfacet
  facet normal 0.96005 -0.279828 0
    outer loop
      vertex 16.2132 52.088 -115
      vertex 16.4207 52.8001 -115
      vertex 16.2132 52.088 -15
    endloop
  endfacet
  facet normal 0.96005 -0.279828 0
    outer loop
      vertex 16.2132 52.088 -15
      vertex 16.4207 52.8001 -115
      vertex 16.4207 52.8001 -15
    endloop
  endfacet
  facet normal 0.971342 -0.237687 0
    outer loop
      vertex 16.4207 52.8001 -115
      vertex 16.597 53.5205 -115
      vertex 16.4207 52.8001 -15
    endloop
  endfacet
  facet normal 0.971342 -0.237687 0
    outer loop
      vertex 16.4207 52.8001 -15
      vertex 16.597 53.5205 -115
      vertex 16.597 53.5205 -15
    endloop
  endfacet
  facet normal 0.980785 -0.19509 0
    outer loop
      vertex 16.597 53.5205 -115
      vertex 16.7417 54.248 -115
      vertex 16.597 53.5205 -15
    endloop
  endfacet
  facet normal 0.980785 -0.19509 0
    outer loop
      vertex 16.597 53.5205 -15
      vertex 16.7417 54.248 -115
      vertex 16.7417 54.248 -15
    endloop
  endfacet
  facet normal 0.988362 -0.152123 0
    outer loop
      vertex 16.7417 54.248 -115
      vertex 16.8546 54.9811 -115
      vertex 16.7417 54.248 -15
    endloop
  endfacet
  facet normal 0.988362 -0.152123 0
    outer loop
      vertex 16.7417 54.248 -15
      vertex 16.8546 54.9811 -115
      vertex 16.8546 54.9811 -15
    endloop
  endfacet
  facet normal 0.994056 -0.108867 0
    outer loop
      vertex 16.8546 54.9811 -115
      vertex 16.9353 55.7184 -115
      vertex 16.8546 54.9811 -15
    endloop
  endfacet
  facet normal 0.994056 -0.108867 0
    outer loop
      vertex 16.8546 54.9811 -15
      vertex 16.9353 55.7184 -115
      vertex 16.9353 55.7184 -15
    endloop
  endfacet
  facet normal 0.997859 -0.0654042 0
    outer loop
      vertex 16.9353 55.7184 -115
      vertex 16.9838 56.4585 -115
      vertex 16.9353 55.7184 -15
    endloop
  endfacet
  facet normal 0.997859 -0.0654042 0
    outer loop
      vertex 16.9353 55.7184 -15
      vertex 16.9838 56.4585 -115
      vertex 16.9838 56.4585 -15
    endloop
  endfacet
  facet normal 0.999762 -0.0218156 0
    outer loop
      vertex 16.9838 56.4585 -115
      vertex 17 57.2 -115
      vertex 16.9838 56.4585 -15
    endloop
  endfacet
  facet normal 0.999762 -0.0218156 0
    outer loop
      vertex 16.9838 56.4585 -15
      vertex 17 57.2 -115
      vertex 17 57.2 -15
    endloop
  endfacet
  facet normal 0.999762 0.0218156 0
    outer loop
      vertex 17 57.2 -115
      vertex 16.9838 57.9415 -115
      vertex 17 57.2 -15
    endloop
  endfacet
  facet normal 0.999762 0.0218156 0
    outer loop
      vertex 17 57.2 -15
      vertex 16.9838 57.9415 -115
      vertex 16.9838 57.9415 -15
    endloop
  endfacet
  facet normal 0.997859 0.0654042 0
    outer loop
      vertex 16.9838 57.9415 -115
      vertex 16.9353 58.6816 -115
      vertex 16.9838 57.9415 -15
    endloop
  endfacet
  facet normal 0.997859 0.0654042 0
    outer loop
      vertex 16.9838 57.9415 -15
      vertex 16.9353 58.6816 -115
      vertex 16.9353 58.6816 -15
    endloop
  endfacet
  facet normal 0.994056 0.108867 0
    outer loop
      vertex 16.9353 58.6816 -115
      vertex 16.8546 59.4189 -115
      vertex 16.9353 58.6816 -15
    endloop
  endfacet
  facet normal 0.994056 0.108867 0
    outer loop
      vertex 16.9353 58.6816 -15
      vertex 16.8546 59.4189 -115
      vertex 16.8546 59.4189 -15
    endloop
  endfacet
  facet normal 0.988362 0.152122 0
    outer loop
      vertex 16.8546 59.4189 -115
      vertex 16.7417 60.152 -115
      vertex 16.8546 59.4189 -15
    endloop
  endfacet
  facet normal 0.988362 0.152122 0
    outer loop
      vertex 16.8546 59.4189 -15
      vertex 16.7417 60.152 -115
      vertex 16.7417 60.152 -15
    endloop
  endfacet
  facet normal 0.980785 0.195091 0
    outer loop
      vertex 16.7417 60.152 -115
      vertex 16.597 60.8795 -115
      vertex 16.7417 60.152 -15
    endloop
  endfacet
  facet normal 0.980785 0.195091 0
    outer loop
      vertex 16.7417 60.152 -15
      vertex 16.597 60.8795 -115
      vertex 16.597 60.8795 -15
    endloop
  endfacet
  facet normal 0.971342 0.237686 0
    outer loop
      vertex 16.597 60.8795 -115
      vertex 16.4207 61.5999 -115
      vertex 16.597 60.8795 -15
    endloop
  endfacet
  facet normal 0.971342 0.237686 0
    outer loop
      vertex 16.597 60.8795 -15
      vertex 16.4207 61.5999 -115
      vertex 16.4207 61.5999 -15
    endloop
  endfacet
  facet normal 0.96005 0.279829 0
    outer loop
      vertex 16.4207 61.5999 -115
      vertex 16.2132 62.312 -115
      vertex 16.4207 61.5999 -15
    endloop
  endfacet
  facet normal 0.96005 0.279829 0
    outer loop
      vertex 16.4207 61.5999 -15
      vertex 16.2132 62.312 -115
      vertex 16.2132 62.312 -15
    endloop
  endfacet
  facet normal 0.94693 0.321439 0
    outer loop
      vertex 16.2132 62.312 -115
      vertex 15.9748 63.0143 -115
      vertex 16.2132 62.312 -15
    endloop
  endfacet
  facet normal 0.94693 0.321439 0
    outer loop
      vertex 16.2132 62.312 -15
      vertex 15.9748 63.0143 -115
      vertex 15.9748 63.0143 -15
    endloop
  endfacet
  facet normal 0.932007 0.36244 0
    outer loop
      vertex 15.9748 63.0143 -115
      vertex 15.706 63.7056 -115
      vertex 15.9748 63.0143 -15
    endloop
  endfacet
  facet normal 0.932007 0.36244 0
    outer loop
      vertex 15.9748 63.0143 -15
      vertex 15.706 63.7056 -115
      vertex 15.706 63.7056 -15
    endloop
  endfacet
  facet normal 0.915312 0.402745 0
    outer loop
      vertex 15.706 63.7056 -115
      vertex 15.4072 64.3845 -115
      vertex 15.706 63.7056 -15
    endloop
  endfacet
  facet normal 0.915312 0.402745 0
    outer loop
      vertex 15.706 63.7056 -15
      vertex 15.4072 64.3845 -115
      vertex 15.4072 64.3845 -15
    endloop
  endfacet
  facet normal 0.896871 0.442292 0
    outer loop
      vertex 15.4072 64.3845 -115
      vertex 15.0792 65.0497 -115
      vertex 15.4072 64.3845 -15
    endloop
  endfacet
  facet normal 0.896871 0.442292 0
    outer loop
      vertex 15.4072 64.3845 -15
      vertex 15.0792 65.0497 -115
      vertex 15.0792 65.0497 -15
    endloop
  endfacet
  facet normal 0.876728 0.480986 0
    outer loop
      vertex 15.0792 65.0497 -115
      vertex 14.7224 65.7 -115
      vertex 15.0792 65.0497 -15
    endloop
  endfacet
  facet normal 0.876728 0.480986 0
    outer loop
      vertex 15.0792 65.0497 -15
      vertex 14.7224 65.7 -115
      vertex 14.7224 65.7 -15
    endloop
  endfacet
  facet normal 0.85491 0.518776 0
    outer loop
      vertex 14.7224 65.7 -115
      vertex 14.3377 66.3341 -115
      vertex 14.7224 65.7 -15
    endloop
  endfacet
  facet normal 0.85491 0.518776 0
    outer loop
      vertex 14.7224 65.7 -15
      vertex 14.3377 66.3341 -115
      vertex 14.3377 66.3341 -15
    endloop
  endfacet
  facet normal 0.83147 0.555569 0
    outer loop
      vertex 14.3377 66.3341 -115
      vertex 13.9256 66.9508 -115
      vertex 14.3377 66.3341 -15
    endloop
  endfacet
  facet normal 0.83147 0.555569 0
    outer loop
      vertex 14.3377 66.3341 -15
      vertex 13.9256 66.9508 -115
      vertex 13.9256 66.9508 -15
    endloop
  endfacet
  facet normal 0.806446 0.591308 0
    outer loop
      vertex 13.9256 66.9508 -115
      vertex 13.487 67.5489 -115
      vertex 13.9256 66.9508 -15
    endloop
  endfacet
  facet normal 0.806446 0.591308 0
    outer loop
      vertex 13.9256 66.9508 -15
      vertex 13.487 67.5489 -115
      vertex 13.487 67.5489 -15
    endloop
  endfacet
  facet normal 0.779882 0.625926 0
    outer loop
      vertex 13.487 67.5489 -115
      vertex 13.0228 68.1274 -115
      vertex 13.487 67.5489 -15
    endloop
  endfacet
  facet normal 0.779882 0.625926 0
    outer loop
      vertex 13.487 67.5489 -15
      vertex 13.0228 68.1274 -115
      vertex 13.0228 68.1274 -15
    endloop
  endfacet
  facet normal 0.751841 0.659344 0
    outer loop
      vertex 13.0228 68.1274 -115
      vertex 12.5337 68.685 -115
      vertex 13.0228 68.1274 -15
    endloop
  endfacet
  facet normal 0.751841 0.659344 0
    outer loop
      vertex 13.0228 68.1274 -15
      vertex 12.5337 68.685 -115
      vertex 12.5337 68.685 -15
    endloop
  endfacet
  facet normal 0.722367 0.69151 0
    outer loop
      vertex 12.5337 68.685 -115
      vertex 12.0208 69.2208 -115
      vertex 12.5337 68.685 -15
    endloop
  endfacet
  facet normal 0.722367 0.69151 0
    outer loop
      vertex 12.5337 68.685 -15
      vertex 12.0208 69.2208 -115
      vertex 12.0208 69.2208 -15
    endloop
  endfacet
  facet normal 0.691512 0.722365 0
    outer loop
      vertex 12.0208 69.2208 -115
      vertex 11.485 69.7337 -115
      vertex 12.0208 69.2208 -15
    endloop
  endfacet
  facet normal 0.691512 0.722365 0
    outer loop
      vertex 12.0208 69.2208 -15
      vertex 11.485 69.7337 -115
      vertex 11.485 69.7337 -15
    endloop
  endfacet
  facet normal 0.659346 0.75184 0
    outer loop
      vertex 11.485 69.7337 -115
      vertex 10.9274 70.2228 -115
      vertex 11.485 69.7337 -15
    endloop
  endfacet
  facet normal 0.659346 0.75184 0
    outer loop
      vertex 11.485 69.7337 -15
      vertex 10.9274 70.2228 -115
      vertex 10.9274 70.2228 -15
    endloop
  endfacet
  facet normal 0.625919 0.779888 0
    outer loop
      vertex 10.9274 70.2228 -115
      vertex 10.3489 70.687 -115
      vertex 10.9274 70.2228 -15
    endloop
  endfacet
  facet normal 0.625919 0.779888 0
    outer loop
      vertex 10.9274 70.2228 -15
      vertex 10.3489 70.687 -115
      vertex 10.3489 70.687 -15
    endloop
  endfacet
  facet normal 0.59131 0.806444 0
    outer loop
      vertex 10.3489 70.687 -115
      vertex 9.7508 71.1256 -115
      vertex 10.3489 70.687 -15
    endloop
  endfacet
  facet normal 0.59131 0.806444 0
    outer loop
      vertex 10.3489 70.687 -15
      vertex 9.7508 71.1256 -115
      vertex 9.7508 71.1256 -15
    endloop
  endfacet
  facet normal 0.55557 0.83147 0
    outer loop
      vertex 9.7508 71.1256 -115
      vertex 9.13409 71.5377 -115
      vertex 9.7508 71.1256 -15
    endloop
  endfacet
  facet normal 0.55557 0.83147 0
    outer loop
      vertex 9.7508 71.1256 -15
      vertex 9.13409 71.5377 -115
      vertex 9.13409 71.5377 -15
    endloop
  endfacet
  facet normal 0.518774 0.854911 0
    outer loop
      vertex 9.13409 71.5377 -115
      vertex 8.5 71.9224 -115
      vertex 9.13409 71.5377 -15
    endloop
  endfacet
  facet normal 0.518774 0.854911 0
    outer loop
      vertex 9.13409 71.5377 -15
      vertex 8.5 71.9224 -115
      vertex 8.5 71.9224 -15
    endloop
  endfacet
  facet normal 0.480993 0.876725 0
    outer loop
      vertex 8.5 71.9224 -115
      vertex 7.84973 72.2792 -115
      vertex 8.5 71.9224 -15
    endloop
  endfacet
  facet normal 0.480993 0.876725 0
    outer loop
      vertex 8.5 71.9224 -15
      vertex 7.84973 72.2792 -115
      vertex 7.84973 72.2792 -15
    endloop
  endfacet
  facet normal 0.442289 0.896872 0
    outer loop
      vertex 7.84973 72.2792 -115
      vertex 7.18451 72.6072 -115
      vertex 7.84973 72.2792 -15
    endloop
  endfacet
  facet normal 0.442289 0.896872 0
    outer loop
      vertex 7.84973 72.2792 -15
      vertex 7.18451 72.6072 -115
      vertex 7.18451 72.6072 -15
    endloop
  endfacet
  facet normal 0.402743 0.915313 0
    outer loop
      vertex 7.18451 72.6072 -115
      vertex 6.50562 72.906 -115
      vertex 7.18451 72.6072 -15
    endloop
  endfacet
  facet normal 0.402743 0.915313 0
    outer loop
      vertex 7.18451 72.6072 -15
      vertex 6.50562 72.906 -115
      vertex 6.50562 72.906 -15
    endloop
  endfacet
  facet normal 0.36244 0.932007 0
    outer loop
      vertex 6.50562 72.906 -115
      vertex 5.81434 73.1748 -115
      vertex 6.50562 72.906 -15
    endloop
  endfacet
  facet normal 0.36244 0.932007 0
    outer loop
      vertex 6.50562 72.906 -15
      vertex 5.81434 73.1748 -115
      vertex 5.81434 73.1748 -15
    endloop
  endfacet
  facet normal 0.321436 0.946931 0
    outer loop
      vertex 5.81434 73.1748 -115
      vertex 5.112 73.4132 -115
      vertex 5.81434 73.1748 -15
    endloop
  endfacet
  facet normal 0.321436 0.946931 0
    outer loop
      vertex 5.81434 73.1748 -15
      vertex 5.112 73.4132 -115
      vertex 5.112 73.4132 -15
    endloop
  endfacet
  facet normal 0.279829 0.96005 0
    outer loop
      vertex 5.112 73.4132 -115
      vertex 4.39992 73.6207 -115
      vertex 5.112 73.4132 -15
    endloop
  endfacet
  facet normal 0.279829 0.96005 0
    outer loop
      vertex 5.112 73.4132 -15
      vertex 4.39992 73.6207 -115
      vertex 4.39992 73.6207 -15
    endloop
  endfacet
  facet normal 0.237689 0.971341 0
    outer loop
      vertex 4.39992 73.6207 -115
      vertex 3.67947 73.797 -115
      vertex 4.39992 73.6207 -15
    endloop
  endfacet
  facet normal 0.237689 0.971341 0
    outer loop
      vertex 4.39992 73.6207 -15
      vertex 3.67947 73.797 -115
      vertex 3.67947 73.797 -15
    endloop
  endfacet
  facet normal 0.195088 0.980786 0
    outer loop
      vertex 3.67947 73.797 -115
      vertex 2.95202 73.9417 -115
      vertex 3.67947 73.797 -15
    endloop
  endfacet
  facet normal 0.195088 0.980786 0
    outer loop
      vertex 3.67947 73.797 -15
      vertex 2.95202 73.9417 -115
      vertex 2.95202 73.9417 -15
    endloop
  endfacet
  facet normal 0.152124 0.988361 0
    outer loop
      vertex 2.95202 73.9417 -115
      vertex 2.21895 74.0546 -115
      vertex 2.95202 73.9417 -15
    endloop
  endfacet
  facet normal 0.152124 0.988361 0
    outer loop
      vertex 2.95202 73.9417 -15
      vertex 2.21895 74.0546 -115
      vertex 2.21895 74.0546 -15
    endloop
  endfacet
  facet normal 0.10887 0.994056 0
    outer loop
      vertex 2.21895 74.0546 -115
      vertex 1.48165 74.1353 -115
      vertex 2.21895 74.0546 -15
    endloop
  endfacet
  facet normal 0.10887 0.994056 0
    outer loop
      vertex 2.21895 74.0546 -15
      vertex 1.48165 74.1353 -115
      vertex 1.48165 74.1353 -15
    endloop
  endfacet
  facet normal 0.0654042 0.997859 0
    outer loop
      vertex 1.48165 74.1353 -115
      vertex 0.74153 74.1838 -115
      vertex 1.48165 74.1353 -15
    endloop
  endfacet
  facet normal 0.0654042 0.997859 0
    outer loop
      vertex 1.48165 74.1353 -15
      vertex 0.74153 74.1838 -115
      vertex 0.74153 74.1838 -15
    endloop
  endfacet
  facet normal 0.0218081 0.999762 0
    outer loop
      vertex 0.74153 74.1838 -115
      vertex 2.0819e-15 74.2 -115
      vertex 0.74153 74.1838 -15
    endloop
  endfacet
  facet normal 0.0218081 0.999762 4.46096e-19
    outer loop
      vertex 0.74153 74.1838 -15
      vertex 2.0819e-15 74.2 -115
      vertex 0 74.2 -15
    endloop
  endfacet
  facet normal -0.0218081 0.999762 -4.54023e-19
    outer loop
      vertex 2.0819e-15 74.2 -115
      vertex -0.74153 74.1838 -115
      vertex 0 74.2 -15
    endloop
  endfacet
  facet normal -0.0218081 0.999762 0
    outer loop
      vertex 0 74.2 -15
      vertex -0.74153 74.1838 -115
      vertex -0.74153 74.1838 -15
    endloop
  endfacet
  facet normal -0.0654042 0.997859 0
    outer loop
      vertex -0.74153 74.1838 -115
      vertex -1.48165 74.1353 -115
      vertex -0.74153 74.1838 -15
    endloop
  endfacet
  facet normal -0.0654042 0.997859 0
    outer loop
      vertex -0.74153 74.1838 -15
      vertex -1.48165 74.1353 -115
      vertex -1.48165 74.1353 -15
    endloop
  endfacet
  facet normal -0.10887 0.994056 0
    outer loop
      vertex -1.48165 74.1353 -115
      vertex -2.21895 74.0546 -115
      vertex -1.48165 74.1353 -15
    endloop
  endfacet
  facet normal -0.10887 0.994056 0
    outer loop
      vertex -1.48165 74.1353 -15
      vertex -2.21895 74.0546 -115
      vertex -2.21895 74.0546 -15
    endloop
  endfacet
  facet normal -0.152124 0.988361 0
    outer loop
      vertex -2.21895 74.0546 -115
      vertex -2.95202 73.9417 -115
      vertex -2.21895 74.0546 -15
    endloop
  endfacet
  facet normal -0.152124 0.988361 0
    outer loop
      vertex -2.21895 74.0546 -15
      vertex -2.95202 73.9417 -115
      vertex -2.95202 73.9417 -15
    endloop
  endfacet
  facet normal -0.195088 0.980786 0
    outer loop
      vertex -2.95202 73.9417 -115
      vertex -3.67947 73.797 -115
      vertex -2.95202 73.9417 -15
    endloop
  endfacet
  facet normal -0.195088 0.980786 0
    outer loop
      vertex -2.95202 73.9417 -15
      vertex -3.67947 73.797 -115
      vertex -3.67947 73.797 -15
    endloop
  endfacet
  facet normal -0.237689 0.971341 0
    outer loop
      vertex -3.67947 73.797 -115
      vertex -4.39992 73.6207 -115
      vertex -3.67947 73.797 -15
    endloop
  endfacet
  facet normal -0.237689 0.971341 0
    outer loop
      vertex -3.67947 73.797 -15
      vertex -4.39992 73.6207 -115
      vertex -4.39992 73.6207 -15
    endloop
  endfacet
  facet normal -0.279829 0.96005 0
    outer loop
      vertex -4.39992 73.6207 -115
      vertex -5.112 73.4132 -115
      vertex -4.39992 73.6207 -15
    endloop
  endfacet
  facet normal -0.279829 0.96005 0
    outer loop
      vertex -4.39992 73.6207 -15
      vertex -5.112 73.4132 -115
      vertex -5.112 73.4132 -15
    endloop
  endfacet
  facet normal -0.321436 0.946931 0
    outer loop
      vertex -5.112 73.4132 -115
      vertex -5.81434 73.1748 -115
      vertex -5.112 73.4132 -15
    endloop
  endfacet
  facet normal -0.321436 0.946931 0
    outer loop
      vertex -5.112 73.4132 -15
      vertex -5.81434 73.1748 -115
      vertex -5.81434 73.1748 -15
    endloop
  endfacet
  facet normal -0.36244 0.932007 0
    outer loop
      vertex -5.81434 73.1748 -115
      vertex -6.50562 72.906 -115
      vertex -5.81434 73.1748 -15
    endloop
  endfacet
  facet normal -0.36244 0.932007 0
    outer loop
      vertex -5.81434 73.1748 -15
      vertex -6.50562 72.906 -115
      vertex -6.50562 72.906 -15
    endloop
  endfacet
  facet normal -0.402743 0.915313 0
    outer loop
      vertex -6.50562 72.906 -115
      vertex -7.18451 72.6072 -115
      vertex -6.50562 72.906 -15
    endloop
  endfacet
  facet normal -0.402743 0.915313 0
    outer loop
      vertex -6.50562 72.906 -15
      vertex -7.18451 72.6072 -115
      vertex -7.18451 72.6072 -15
    endloop
  endfacet
  facet normal -0.442289 0.896872 0
    outer loop
      vertex -7.18451 72.6072 -115
      vertex -7.84973 72.2792 -115
      vertex -7.18451 72.6072 -15
    endloop
  endfacet
  facet normal -0.442289 0.896872 0
    outer loop
      vertex -7.18451 72.6072 -15
      vertex -7.84973 72.2792 -115
      vertex -7.84973 72.2792 -15
    endloop
  endfacet
  facet normal -0.480993 0.876725 0
    outer loop
      vertex -7.84973 72.2792 -115
      vertex -8.5 71.9224 -115
      vertex -7.84973 72.2792 -15
    endloop
  endfacet
  facet normal -0.480993 0.876725 0
    outer loop
      vertex -7.84973 72.2792 -15
      vertex -8.5 71.9224 -115
      vertex -8.5 71.9224 -15
    endloop
  endfacet
  facet normal -0.518774 0.854911 0
    outer loop
      vertex -8.5 71.9224 -115
      vertex -9.13409 71.5377 -115
      vertex -8.5 71.9224 -15
    endloop
  endfacet
  facet normal -0.518774 0.854911 0
    outer loop
      vertex -8.5 71.9224 -15
      vertex -9.13409 71.5377 -115
      vertex -9.13409 71.5377 -15
    endloop
  endfacet
  facet normal -0.55557 0.83147 0
    outer loop
      vertex -9.13409 71.5377 -115
      vertex -9.7508 71.1256 -115
      vertex -9.13409 71.5377 -15
    endloop
  endfacet
  facet normal -0.55557 0.83147 0
    outer loop
      vertex -9.13409 71.5377 -15
      vertex -9.7508 71.1256 -115
      vertex -9.7508 71.1256 -15
    endloop
  endfacet
  facet normal -0.59131 0.806444 0
    outer loop
      vertex -9.7508 71.1256 -115
      vertex -10.3489 70.687 -115
      vertex -9.7508 71.1256 -15
    endloop
  endfacet
  facet normal -0.59131 0.806444 0
    outer loop
      vertex -9.7508 71.1256 -15
      vertex -10.3489 70.687 -115
      vertex -10.3489 70.687 -15
    endloop
  endfacet
  facet normal -0.625919 0.779888 0
    outer loop
      vertex -10.3489 70.687 -115
      vertex -10.9274 70.2228 -115
      vertex -10.3489 70.687 -15
    endloop
  endfacet
  facet normal -0.625919 0.779888 0
    outer loop
      vertex -10.3489 70.687 -15
      vertex -10.9274 70.2228 -115
      vertex -10.9274 70.2228 -15
    endloop
  endfacet
  facet normal -0.659346 0.75184 0
    outer loop
      vertex -10.9274 70.2228 -115
      vertex -11.485 69.7337 -115
      vertex -10.9274 70.2228 -15
    endloop
  endfacet
  facet normal -0.659346 0.75184 0
    outer loop
      vertex -10.9274 70.2228 -15
      vertex -11.485 69.7337 -115
      vertex -11.485 69.7337 -15
    endloop
  endfacet
  facet normal -0.691512 0.722365 0
    outer loop
      vertex -11.485 69.7337 -115
      vertex -12.0208 69.2208 -115
      vertex -11.485 69.7337 -15
    endloop
  endfacet
  facet normal -0.691512 0.722365 0
    outer loop
      vertex -11.485 69.7337 -15
      vertex -12.0208 69.2208 -115
      vertex -12.0208 69.2208 -15
    endloop
  endfacet
  facet normal -0.722367 0.69151 0
    outer loop
      vertex -12.0208 69.2208 -115
      vertex -12.5337 68.685 -115
      vertex -12.0208 69.2208 -15
    endloop
  endfacet
  facet normal -0.722367 0.69151 0
    outer loop
      vertex -12.0208 69.2208 -15
      vertex -12.5337 68.685 -115
      vertex -12.5337 68.685 -15
    endloop
  endfacet
  facet normal -0.751841 0.659344 0
    outer loop
      vertex -12.5337 68.685 -115
      vertex -13.0228 68.1274 -115
      vertex -12.5337 68.685 -15
    endloop
  endfacet
  facet normal -0.751841 0.659344 0
    outer loop
      vertex -12.5337 68.685 -15
      vertex -13.0228 68.1274 -115
      vertex -13.0228 68.1274 -15
    endloop
  endfacet
  facet normal -0.779882 0.625926 0
    outer loop
      vertex -13.0228 68.1274 -115
      vertex -13.487 67.5489 -115
      vertex -13.0228 68.1274 -15
    endloop
  endfacet
  facet normal -0.779882 0.625926 0
    outer loop
      vertex -13.0228 68.1274 -15
      vertex -13.487 67.5489 -115
      vertex -13.487 67.5489 -15
    endloop
  endfacet
  facet normal -0.806446 0.591308 0
    outer loop
      vertex -13.487 67.5489 -115
      vertex -13.9256 66.9508 -115
      vertex -13.487 67.5489 -15
    endloop
  endfacet
  facet normal -0.806446 0.591308 0
    outer loop
      vertex -13.487 67.5489 -15
      vertex -13.9256 66.9508 -115
      vertex -13.9256 66.9508 -15
    endloop
  endfacet
  facet normal -0.83147 0.555569 0
    outer loop
      vertex -13.9256 66.9508 -115
      vertex -14.3377 66.3341 -115
      vertex -13.9256 66.9508 -15
    endloop
  endfacet
  facet normal -0.83147 0.555569 0
    outer loop
      vertex -13.9256 66.9508 -15
      vertex -14.3377 66.3341 -115
      vertex -14.3377 66.3341 -15
    endloop
  endfacet
  facet normal -0.85491 0.518776 0
    outer loop
      vertex -14.3377 66.3341 -115
      vertex -14.7224 65.7 -115
      vertex -14.3377 66.3341 -15
    endloop
  endfacet
  facet normal -0.85491 0.518776 0
    outer loop
      vertex -14.3377 66.3341 -15
      vertex -14.7224 65.7 -115
      vertex -14.7224 65.7 -15
    endloop
  endfacet
  facet normal -0.876728 0.480986 0
    outer loop
      vertex -14.7224 65.7 -115
      vertex -15.0792 65.0497 -115
      vertex -14.7224 65.7 -15
    endloop
  endfacet
  facet normal -0.876728 0.480986 0
    outer loop
      vertex -14.7224 65.7 -15
      vertex -15.0792 65.0497 -115
      vertex -15.0792 65.0497 -15
    endloop
  endfacet
  facet normal -0.896871 0.442292 0
    outer loop
      vertex -15.0792 65.0497 -115
      vertex -15.4072 64.3845 -115
      vertex -15.0792 65.0497 -15
    endloop
  endfacet
  facet normal -0.896871 0.442292 0
    outer loop
      vertex -15.0792 65.0497 -15
      vertex -15.4072 64.3845 -115
      vertex -15.4072 64.3845 -15
    endloop
  endfacet
  facet normal -0.915312 0.402745 0
    outer loop
      vertex -15.4072 64.3845 -115
      vertex -15.706 63.7056 -115
      vertex -15.4072 64.3845 -15
    endloop
  endfacet
  facet normal -0.915312 0.402745 0
    outer loop
      vertex -15.4072 64.3845 -15
      vertex -15.706 63.7056 -115
      vertex -15.706 63.7056 -15
    endloop
  endfacet
  facet normal -0.932007 0.36244 0
    outer loop
      vertex -15.706 63.7056 -115
      vertex -15.9748 63.0143 -115
      vertex -15.706 63.7056 -15
    endloop
  endfacet
  facet normal -0.932007 0.36244 0
    outer loop
      vertex -15.706 63.7056 -15
      vertex -15.9748 63.0143 -115
      vertex -15.9748 63.0143 -15
    endloop
  endfacet
  facet normal -0.94693 0.321439 0
    outer loop
      vertex -15.9748 63.0143 -115
      vertex -16.2132 62.312 -115
      vertex -15.9748 63.0143 -15
    endloop
  endfacet
  facet normal -0.94693 0.321439 0
    outer loop
      vertex -15.9748 63.0143 -15
      vertex -16.2132 62.312 -115
      vertex -16.2132 62.312 -15
    endloop
  endfacet
  facet normal -0.96005 0.279829 0
    outer loop
      vertex -16.2132 62.312 -115
      vertex -16.4207 61.5999 -115
      vertex -16.2132 62.312 -15
    endloop
  endfacet
  facet normal -0.96005 0.279829 0
    outer loop
      vertex -16.2132 62.312 -15
      vertex -16.4207 61.5999 -115
      vertex -16.4207 61.5999 -15
    endloop
  endfacet
  facet normal -0.971342 0.237686 0
    outer loop
      vertex -16.4207 61.5999 -115
      vertex -16.597 60.8795 -115
      vertex -16.4207 61.5999 -15
    endloop
  endfacet
  facet normal -0.971342 0.237686 0
    outer loop
      vertex -16.4207 61.5999 -15
      vertex -16.597 60.8795 -115
      vertex -16.597 60.8795 -15
    endloop
  endfacet
  facet normal -0.980785 0.195091 0
    outer loop
      vertex -16.597 60.8795 -115
      vertex -16.7417 60.152 -115
      vertex -16.597 60.8795 -15
    endloop
  endfacet
  facet normal -0.980785 0.195091 0
    outer loop
      vertex -16.597 60.8795 -15
      vertex -16.7417 60.152 -115
      vertex -16.7417 60.152 -15
    endloop
  endfacet
  facet normal -0.988362 0.152122 0
    outer loop
      vertex -16.7417 60.152 -115
      vertex -16.8546 59.4189 -115
      vertex -16.7417 60.152 -15
    endloop
  endfacet
  facet normal -0.988362 0.152122 0
    outer loop
      vertex -16.7417 60.152 -15
      vertex -16.8546 59.4189 -115
      vertex -16.8546 59.4189 -15
    endloop
  endfacet
  facet normal -0.994056 0.108867 0
    outer loop
      vertex -16.8546 59.4189 -115
      vertex -16.9353 58.6816 -115
      vertex -16.8546 59.4189 -15
    endloop
  endfacet
  facet normal -0.994056 0.108867 0
    outer loop
      vertex -16.8546 59.4189 -15
      vertex -16.9353 58.6816 -115
      vertex -16.9353 58.6816 -15
    endloop
  endfacet
  facet normal -0.997859 0.0654042 0
    outer loop
      vertex -16.9353 58.6816 -115
      vertex -16.9838 57.9415 -115
      vertex -16.9353 58.6816 -15
    endloop
  endfacet
  facet normal -0.997859 0.0654042 0
    outer loop
      vertex -16.9353 58.6816 -15
      vertex -16.9838 57.9415 -115
      vertex -16.9838 57.9415 -15
    endloop
  endfacet
  facet normal -0.999762 0.0218156 0
    outer loop
      vertex -16.9838 57.9415 -115
      vertex -17 57.2 -115
      vertex -16.9838 57.9415 -15
    endloop
  endfacet
  facet normal -0.999762 0.0218156 0
    outer loop
      vertex -16.9838 57.9415 -15
      vertex -17 57.2 -115
      vertex -17 57.2 -15
    endloop
  endfacet
  facet normal -0.999762 -0.0218156 0
    outer loop
      vertex -17 57.2 -115
      vertex -16.9838 56.4585 -115
      vertex -17 57.2 -15
    endloop
  endfacet
  facet normal -0.999762 -0.0218156 0
    outer loop
      vertex -17 57.2 -15
      vertex -16.9838 56.4585 -115
      vertex -16.9838 56.4585 -15
    endloop
  endfacet
  facet normal -0.997859 -0.0654042 0
    outer loop
      vertex -16.9838 56.4585 -115
      vertex -16.9353 55.7184 -115
      vertex -16.9838 56.4585 -15
    endloop
  endfacet
  facet normal -0.997859 -0.0654042 0
    outer loop
      vertex -16.9838 56.4585 -15
      vertex -16.9353 55.7184 -115
      vertex -16.9353 55.7184 -15
    endloop
  endfacet
  facet normal -0.994056 -0.108867 0
    outer loop
      vertex -16.9353 55.7184 -115
      vertex -16.8546 54.9811 -115
      vertex -16.9353 55.7184 -15
    endloop
  endfacet
  facet normal -0.994056 -0.108867 0
    outer loop
      vertex -16.9353 55.7184 -15
      vertex -16.8546 54.9811 -115
      vertex -16.8546 54.9811 -15
    endloop
  endfacet
  facet normal -0.988362 -0.152123 0
    outer loop
      vertex -16.8546 54.9811 -115
      vertex -16.7417 54.248 -115
      vertex -16.8546 54.9811 -15
    endloop
  endfacet
  facet normal -0.988362 -0.152123 0
    outer loop
      vertex -16.8546 54.9811 -15
      vertex -16.7417 54.248 -115
      vertex -16.7417 54.248 -15
    endloop
  endfacet
  facet normal -0.980785 -0.19509 0
    outer loop
      vertex -16.7417 54.248 -115
      vertex -16.597 53.5205 -115
      vertex -16.7417 54.248 -15
    endloop
  endfacet
  facet normal -0.980785 -0.19509 0
    outer loop
      vertex -16.7417 54.248 -15
      vertex -16.597 53.5205 -115
      vertex -16.597 53.5205 -15
    endloop
  endfacet
  facet normal -0.971342 -0.237687 0
    outer loop
      vertex -16.597 53.5205 -115
      vertex -16.4207 52.8001 -115
      vertex -16.597 53.5205 -15
    endloop
  endfacet
  facet normal -0.971342 -0.237687 0
    outer loop
      vertex -16.597 53.5205 -15
      vertex -16.4207 52.8001 -115
      vertex -16.4207 52.8001 -15
    endloop
  endfacet
  facet normal -0.96005 -0.279828 0
    outer loop
      vertex -16.4207 52.8001 -115
      vertex -16.2132 52.088 -115
      vertex -16.4207 52.8001 -15
    endloop
  endfacet
  facet normal -0.96005 -0.279828 0
    outer loop
      vertex -16.4207 52.8001 -15
      vertex -16.2132 52.088 -115
      vertex -16.2132 52.088 -15
    endloop
  endfacet
  facet normal -0.94693 -0.321439 0
    outer loop
      vertex -16.2132 52.088 -115
      vertex -15.9748 51.3857 -115
      vertex -16.2132 52.088 -15
    endloop
  endfacet
  facet normal -0.94693 -0.321439 0
    outer loop
      vertex -16.2132 52.088 -15
      vertex -15.9748 51.3857 -115
      vertex -15.9748 51.3857 -15
    endloop
  endfacet
  facet normal -0.932008 -0.362438 0
    outer loop
      vertex -15.9748 51.3857 -115
      vertex -15.706 50.6944 -115
      vertex -15.9748 51.3857 -15
    endloop
  endfacet
  facet normal -0.932008 -0.362438 0
    outer loop
      vertex -15.9748 51.3857 -15
      vertex -15.706 50.6944 -115
      vertex -15.706 50.6944 -15
    endloop
  endfacet
  facet normal -0.915311 -0.402748 0
    outer loop
      vertex -15.706 50.6944 -115
      vertex -15.4072 50.0155 -115
      vertex -15.706 50.6944 -15
    endloop
  endfacet
  facet normal -0.915311 -0.402748 0
    outer loop
      vertex -15.706 50.6944 -15
      vertex -15.4072 50.0155 -115
      vertex -15.4072 50.0155 -15
    endloop
  endfacet
  facet normal -0.896873 -0.442288 0
    outer loop
      vertex -15.4072 50.0155 -115
      vertex -15.0792 49.3503 -115
      vertex -15.4072 50.0155 -15
    endloop
  endfacet
  facet normal -0.896873 -0.442288 0
    outer loop
      vertex -15.4072 50.0155 -15
      vertex -15.0792 49.3503 -115
      vertex -15.0792 49.3503 -15
    endloop
  endfacet
  facet normal -0.876726 -0.48099 0
    outer loop
      vertex -15.0792 49.3503 -115
      vertex -14.7224 48.7 -115
      vertex -15.0792 49.3503 -15
    endloop
  endfacet
  facet normal -0.876726 -0.48099 0
    outer loop
      vertex -15.0792 49.3503 -15
      vertex -14.7224 48.7 -115
      vertex -14.7224 48.7 -15
    endloop
  endfacet
  facet normal -0.854911 -0.518774 0
    outer loop
      vertex -14.7224 48.7 -115
      vertex -14.3377 48.0659 -115
      vertex -14.7224 48.7 -15
    endloop
  endfacet
  facet normal -0.854911 -0.518774 0
    outer loop
      vertex -14.7224 48.7 -15
      vertex -14.3377 48.0659 -115
      vertex -14.3377 48.0659 -15
    endloop
  endfacet
  facet normal -0.83147 -0.555569 0
    outer loop
      vertex -14.3377 48.0659 -115
      vertex -13.9256 47.4492 -115
      vertex -14.3377 48.0659 -15
    endloop
  endfacet
  facet normal -0.83147 -0.555569 0
    outer loop
      vertex -14.3377 48.0659 -15
      vertex -13.9256 47.4492 -115
      vertex -13.9256 47.4492 -15
    endloop
  endfacet
  facet normal -0.806444 -0.591311 0
    outer loop
      vertex -13.9256 47.4492 -115
      vertex -13.487 46.8511 -115
      vertex -13.9256 47.4492 -15
    endloop
  endfacet
  facet normal -0.806444 -0.591311 0
    outer loop
      vertex -13.9256 47.4492 -15
      vertex -13.487 46.8511 -115
      vertex -13.487 46.8511 -15
    endloop
  endfacet
  facet normal -0.779886 -0.625921 0
    outer loop
      vertex -13.487 46.8511 -115
      vertex -13.0228 46.2726 -115
      vertex -13.487 46.8511 -15
    endloop
  endfacet
  facet normal -0.779886 -0.625921 0
    outer loop
      vertex -13.487 46.8511 -15
      vertex -13.0228 46.2726 -115
      vertex -13.0228 46.2726 -15
    endloop
  endfacet
  facet normal -0.751839 -0.659347 0
    outer loop
      vertex -13.0228 46.2726 -115
      vertex -12.5337 45.715 -115
      vertex -13.0228 46.2726 -15
    endloop
  endfacet
  facet normal -0.751839 -0.659347 0
    outer loop
      vertex -13.0228 46.2726 -15
      vertex -12.5337 45.715 -115
      vertex -12.5337 45.715 -15
    endloop
  endfacet
  facet normal -0.722364 -0.691513 0
    outer loop
      vertex -12.5337 45.715 -115
      vertex -12.0208 45.1792 -115
      vertex -12.5337 45.715 -15
    endloop
  endfacet
  facet normal -0.722364 -0.691513 0
    outer loop
      vertex -12.5337 45.715 -15
      vertex -12.0208 45.1792 -115
      vertex -12.0208 45.1792 -15
    endloop
  endfacet
  facet normal -0.691512 -0.722365 0
    outer loop
      vertex -12.0208 45.1792 -115
      vertex -11.485 44.6663 -115
      vertex -12.0208 45.1792 -15
    endloop
  endfacet
  facet normal -0.691512 -0.722365 0
    outer loop
      vertex -12.0208 45.1792 -15
      vertex -11.485 44.6663 -115
      vertex -11.485 44.6663 -15
    endloop
  endfacet
  facet normal -0.659346 -0.75184 0
    outer loop
      vertex -11.485 44.6663 -115
      vertex -10.9274 44.1772 -115
      vertex -11.485 44.6663 -15
    endloop
  endfacet
  facet normal -0.659346 -0.75184 0
    outer loop
      vertex -11.485 44.6663 -15
      vertex -10.9274 44.1772 -115
      vertex -10.9274 44.1772 -15
    endloop
  endfacet
  facet normal -0.625925 -0.779883 0
    outer loop
      vertex -10.9274 44.1772 -115
      vertex -10.3489 43.713 -115
      vertex -10.9274 44.1772 -15
    endloop
  endfacet
  facet normal -0.625925 -0.779883 0
    outer loop
      vertex -10.9274 44.1772 -15
      vertex -10.3489 43.713 -115
      vertex -10.3489 43.713 -15
    endloop
  endfacet
  facet normal -0.59131 -0.806444 0
    outer loop
      vertex -10.3489 43.713 -115
      vertex -9.7508 43.2744 -115
      vertex -10.3489 43.713 -15
    endloop
  endfacet
  facet normal -0.59131 -0.806444 0
    outer loop
      vertex -10.3489 43.713 -15
      vertex -9.7508 43.2744 -115
      vertex -9.7508 43.2744 -15
    endloop
  endfacet
  facet normal -0.55557 -0.83147 0
    outer loop
      vertex -9.7508 43.2744 -115
      vertex -9.13409 42.8623 -115
      vertex -9.7508 43.2744 -15
    endloop
  endfacet
  facet normal -0.55557 -0.83147 0
    outer loop
      vertex -9.7508 43.2744 -15
      vertex -9.13409 42.8623 -115
      vertex -9.13409 42.8623 -15
    endloop
  endfacet
  facet normal -0.518774 -0.854911 0
    outer loop
      vertex -9.13409 42.8623 -115
      vertex -8.5 42.4776 -115
      vertex -9.13409 42.8623 -15
    endloop
  endfacet
  facet normal -0.518774 -0.854911 0
    outer loop
      vertex -9.13409 42.8623 -15
      vertex -8.5 42.4776 -115
      vertex -8.5 42.4776 -15
    endloop
  endfacet
  facet normal -0.480989 -0.876727 0
    outer loop
      vertex -8.5 42.4776 -115
      vertex -7.84973 42.1208 -115
      vertex -8.5 42.4776 -15
    endloop
  endfacet
  facet normal -0.480989 -0.876727 0
    outer loop
      vertex -8.5 42.4776 -15
      vertex -7.84973 42.1208 -115
      vertex -7.84973 42.1208 -15
    endloop
  endfacet
  facet normal -0.442285 -0.896874 0
    outer loop
      vertex -7.84973 42.1208 -115
      vertex -7.18451 41.7928 -115
      vertex -7.84973 42.1208 -15
    endloop
  endfacet
  facet normal -0.442285 -0.896874 0
    outer loop
      vertex -7.84973 42.1208 -15
      vertex -7.18451 41.7928 -115
      vertex -7.18451 41.7928 -15
    endloop
  endfacet
  facet normal -0.402747 -0.915311 0
    outer loop
      vertex -7.18451 41.7928 -115
      vertex -6.50562 41.494 -115
      vertex -7.18451 41.7928 -15
    endloop
  endfacet
  facet normal -0.402747 -0.915311 0
    outer loop
      vertex -7.18451 41.7928 -15
      vertex -6.50562 41.494 -115
      vertex -6.50562 41.494 -15
    endloop
  endfacet
  facet normal -0.36244 -0.932007 0
    outer loop
      vertex -6.50562 41.494 -115
      vertex -5.81434 41.2252 -115
      vertex -6.50562 41.494 -15
    endloop
  endfacet
  facet normal -0.36244 -0.932007 0
    outer loop
      vertex -6.50562 41.494 -15
      vertex -5.81434 41.2252 -115
      vertex -5.81434 41.2252 -15
    endloop
  endfacet
  facet normal -0.321436 -0.946931 0
    outer loop
      vertex -5.81434 41.2252 -115
      vertex -5.112 40.9868 -115
      vertex -5.81434 41.2252 -15
    endloop
  endfacet
  facet normal -0.321436 -0.946931 0
    outer loop
      vertex -5.81434 41.2252 -15
      vertex -5.112 40.9868 -115
      vertex -5.112 40.9868 -15
    endloop
  endfacet
  facet normal -0.279829 -0.96005 0
    outer loop
      vertex -5.112 40.9868 -115
      vertex -4.39992 40.7793 -115
      vertex -5.112 40.9868 -15
    endloop
  endfacet
  facet normal -0.279829 -0.96005 0
    outer loop
      vertex -5.112 40.9868 -15
      vertex -4.39992 40.7793 -115
      vertex -4.39992 40.7793 -15
    endloop
  endfacet
  facet normal -0.237689 -0.971341 0
    outer loop
      vertex -4.39992 40.7793 -115
      vertex -3.67947 40.603 -115
      vertex -4.39992 40.7793 -15
    endloop
  endfacet
  facet normal -0.237689 -0.971341 0
    outer loop
      vertex -4.39992 40.7793 -15
      vertex -3.67947 40.603 -115
      vertex -3.67947 40.603 -15
    endloop
  endfacet
  facet normal -0.195088 -0.980786 0
    outer loop
      vertex -3.67947 40.603 -115
      vertex -2.95202 40.4583 -115
      vertex -3.67947 40.603 -15
    endloop
  endfacet
  facet normal -0.195088 -0.980786 0
    outer loop
      vertex -3.67947 40.603 -15
      vertex -2.95202 40.4583 -115
      vertex -2.95202 40.4583 -15
    endloop
  endfacet
  facet normal -0.152124 -0.988361 0
    outer loop
      vertex -2.95202 40.4583 -115
      vertex -2.21895 40.3454 -115
      vertex -2.95202 40.4583 -15
    endloop
  endfacet
  facet normal -0.152124 -0.988361 0
    outer loop
      vertex -2.95202 40.4583 -15
      vertex -2.21895 40.3454 -115
      vertex -2.21895 40.3454 -15
    endloop
  endfacet
  facet normal -0.10887 -0.994056 0
    outer loop
      vertex -2.21895 40.3454 -115
      vertex -1.48165 40.2647 -115
      vertex -2.21895 40.3454 -15
    endloop
  endfacet
  facet normal -0.10887 -0.994056 0
    outer loop
      vertex -2.21895 40.3454 -15
      vertex -1.48165 40.2647 -115
      vertex -1.48165 40.2647 -15
    endloop
  endfacet
  facet normal -0.0653992 -0.997859 0
    outer loop
      vertex -1.48165 40.2647 -115
      vertex -0.74153 40.2162 -115
      vertex -1.48165 40.2647 -15
    endloop
  endfacet
  facet normal -0.0653992 -0.997859 0
    outer loop
      vertex -1.48165 40.2647 -15
      vertex -0.74153 40.2162 -115
      vertex -0.74153 40.2162 -15
    endloop
  endfacet
  facet normal -0.0218182 -0.999762 0
    outer loop
      vertex -0.74153 40.2162 -115
      vertex -4.1638e-15 40.2 -115
      vertex -0.74153 40.2162 -15
    endloop
  endfacet
  facet normal -0.0218182 -0.999762 0
    outer loop
      vertex -0.74153 40.2162 -15
      vertex -4.1638e-15 40.2 -115
      vertex -4.1638e-15 40.2 -15
    endloop
  endfacet
  facet normal 0.0218182 -0.999762 0
    outer loop
      vertex -4.1638e-15 40.2 -115
      vertex 0.74153 40.2162 -115
      vertex -4.1638e-15 40.2 -15
    endloop
  endfacet
  facet normal 0 0 -1
    outer loop
      vertex 13.5185 52.7 6.5
      vertex 10.6771 52.7 6.5
      vertex 13.5185 69 6.5
    endloop
  endfacet
  facet normal 0 0 -1
    outer loop
      vertex 10.6771 52.7 6.5
      vertex 10.6771 69 6.5
      vertex 13.5185 69 6.5
    endloop
  endfacet
  facet normal 0 -1 0
    outer loop
      vertex 13.8802 0 1.82737
      vertex 14.8717 0 1.95789
      vertex 13.7873 0 2.43107
    endloop
  endfacet
  facet normal 0 -1 0
    outer loop
      vertex 14.8717 0 1.95789
      vertex 14.7721 0 2.60472
      vertex 13.7873 0 2.43107
    endloop
  endfacet
  facet normal 0 -1 0
    outer loop
      vertex 13.7873 0 2.43107
      vertex 14.7721 0 2.60472
      vertex 13.6681 0 3.03015
    endloop
  endfacet
  facet normal 0 -1 0
    outer loop
      vertex 14.7721 0 2.60472
      vertex 14.6444 0 3.24659
      vertex 13.6681 0 3.03015
    endloop
  endfacet
  facet normal 0 -1 0
    outer loop
      vertex 13.6681 0 3.03015
      vertex 14.6444 0 3.24659
      vertex 13.523 0 3.62347
    endloop
  endfacet
  facet normal 0 -1 0
    outer loop
      vertex 14.6444 0 3.24659
      vertex 14.4889 0 3.88229
      vertex 13.523 0 3.62347
    endloop
  endfacet
  facet normal 0 -1 0
    outer loop
      vertex 13.523 0 3.62347
      vertex 14.4889 0 3.88229
      vertex 13.352 0 4.20988
    endloop
  endfacet
  facet normal 0 -1 0
    outer loop
      vertex 14.4889 0 3.88229
      vertex 14.3058 0 4.51059
      vertex 13.352 0 4.20988
    endloop
  endfacet
  facet normal 0 -1 0
    outer loop
      vertex 13.352 0 4.20988
      vertex 14.3058 0 4.51059
      vertex 13.1557 0 4.78828
    endloop
  endfacet
  facet normal 0 -1 0
    outer loop
      vertex 14.3058 0 4.51059
      vertex 14.0954 0 5.1303
      vertex 13.1557 0 4.78828
    endloop
  endfacet
  facet normal 0 -1 0
    outer loop
      vertex 13.1557 0 4.78828
      vertex 14.0954 0 5.1303
      vertex 12.9343 0 5.35757
    endloop
  endfacet
  facet normal 0 -1 0
    outer loop
      vertex 14.0954 0 5.1303
      vertex 13.8582 0 5.74025
      vertex 12.9343 0 5.35757
    endloop
  endfacet
  facet normal 0 -1 0
    outer loop
      vertex 12.9343 0 5.35757
      vertex 13.8582 0 5.74025
      vertex 12.6883 0 5.91666
    endloop
  endfacet
  facet normal 0 -1 0
    outer loop
      vertex 13.8582 0 5.74025
      vertex 13.5946 0 6.33927
      vertex 12.6883 0 5.91666
    endloop
  endfacet
  facet normal 0 -1 0
    outer loop
      vertex 12.6883 0 5.91666
      vertex 13.5946 0 6.33927
      vertex 12.4182 0 6.46448
    endloop
  endfacet
  facet normal 0 -1 0
    outer loop
      vertex 13.5946 0 6.33927
      vertex 13.3052 0 6.92623
      vertex 12.4182 0 6.46448
    endloop
  endfacet
  facet normal 0 -1 0
    outer loop
      vertex 12.4182 0 6.46448
      vertex 13.3052 0 6.92623
      vertex 12.1244 0 7
    endloop
  endfacet
  facet normal 0 -1 0
    outer loop
      vertex 13.3052 0 6.92623
      vertex 12.9904 0 7.5
      vertex 12.1244 0 7
    endloop
  endfacet
  facet normal 0 -1 0
    outer loop
      vertex 12.1244 0 7
      vertex 12.9904 0 7.5
      vertex 11.8075 0 7.52219
    endloop
  endfacet
  facet normal 0 -1 0
    outer loop
      vertex 12.9904 0 7.5
      vertex 12.6509 0 8.05949
      vertex 11.8075 0 7.52219
    endloop
  endfacet
  facet normal 0 -1 0
    outer loop
      vertex 11.8075 0 7.52219
      vertex 12.6509 0 8.05949
      vertex 11.4681 0 8.03007
    endloop
  endfacet
  facet normal 0 -1 0
    outer loop
      vertex 12.6509 0 8.05949
      vertex 12.2873 0 8.60365
      vertex 11.4681 0 8.03007
    endloop
  endfacet
  facet normal 0 -1 0
    outer loop
      vertex 11.4681 0 8.03007
      vertex 12.2873 0 8.60365
      vertex 11.1069 0 8.52266
    endloop
  endfacet
  facet normal 0 -1 0
    outer loop
      vertex 12.2873 0 8.60365
      vertex 11.9003 0 9.13142
      vertex 11.1069 0 8.52266
    endloop
  endfacet
  facet normal 0 -1 0
    outer loop
      vertex 11.1069 0 8.52266
      vertex 11.9003 0 9.13142
      vertex 10.7246 0 8.99903
    endloop
  endfacet
  facet normal 0 -1 0
    outer loop
      vertex 11.9003 0 9.13142
      vertex 11.4907 0 9.64181
      vertex 10.7246 0 8.99903
    endloop
  endfacet
  facet normal 0 -1 0
    outer loop
      vertex 10.7246 0 8.99903
      vertex 11.4907 0 9.64181
      vertex 10.3219 0 9.45826
    endloop
  endfacet
  facet normal 0 -1 0
    outer loop
      vertex 11.4907 0 9.64181
      vertex 11.0592 0 10.1339
      vertex 10.3219 0 9.45826
    endloop
  endfacet
  facet normal 0 -1 0
    outer loop
      vertex 10.3219 0 9.45826
      vertex 11.0592 0 10.1339
      vertex 9.8995 0 9.8995
    endloop
  endfacet
  facet normal 0 -1 0
    outer loop
      vertex 11.0592 0 10.1339
      vertex 10.6066 0 10.6066
      vertex 9.8995 0 9.8995
    endloop
  endfacet
  facet normal 0 -1 0
    outer loop
      vertex 9.8995 0 9.8995
      vertex 10.6066 0 10.6066
      vertex 9.45826 0 10.3219
    endloop
  endfacet
  facet normal 0 -1 0
    outer loop
      vertex 10.6066 0 10.6066
      vertex 10.1339 0 11.0592
      vertex 9.45826 0 10.3219
    endloop
  endfacet
  facet normal 0 -1 0
    outer loop
      vertex 9.45826 0 10.3219
      vertex 10.1339 0 11.0592
      vertex 8.99903 0 10.7246
    endloop
  endfacet
  facet normal 0 -1 0
    outer loop
      vertex 10.1339 0 11.0592
      vertex 9.64181 0 11.4907
      vertex 8.99903 0 10.7246
    endloop
  endfacet
  facet normal 0 -1 0
    outer loop
      vertex 8.99903 0 10.7246
      vertex 9.64181 0 11.4907
      vertex 8.52266 0 11.1069
    endloop
  endfacet
  facet normal 0 -1 0
    outer loop
      vertex 9.64181 0 11.4907
      vertex 9.13142 0 11.9003
      vertex 8.52266 0 11.1069
    endloop
  endfacet
  facet normal 0 -1 0
    outer loop
      vertex 8.52266 0 11.1069
      vertex 9.13142 0 11.9003
      vertex 8.03007 0 11.4681
    endloop
  endfacet
  facet normal 0 -1 0
    outer loop
      vertex 9.13142 0 11.9003
      vertex 8.60365 0 12.2873
      vertex 8.03007 0 11.4681
    endloop
  endfacet
  facet normal 0 -1 0
    outer loop
      vertex 8.03007 0 11.4681
      vertex 8.60365 0 12.2873
      vertex 7.52219 0 11.8075
    endloop
  endfacet
  facet normal 0 -1 0
    outer loop
      vertex 8.60365 0 12.2873
      vertex 8.05949 0 12.6509
      vertex 7.52219 0 11.8075
    endloop
  endfacet
  facet normal 0 -1 0
    outer loop
      vertex 7.52219 0 11.8075
      vertex 8.05949 0 12.6509
      vertex 7 0 12.1244
    endloop
  endfacet
  facet normal 0 -1 0
    outer loop
      vertex 8.05949 0 12.6509
      vertex 7.5 0 12.9904
      vertex 7 0 12.1244
    endloop
  endfacet
  facet normal 0 -1 0
    outer loop
      vertex 7 0 12.1244
      vertex 7.5 0 12.9904
      vertex 6.46448 0 12.4182
    endloop
  endfacet
  facet normal 0 -1 0
    outer loop
      vertex 7.5 0 12.9904
      vertex 6.92623 0 13.3052
      vertex 6.46448 0 12.4182
    endloop
  endfacet
  facet normal 0 -1 0
    outer loop
      vertex 6.46448 0 12.4182
      vertex 6.92623 0 13.3052
      vertex 5.91666 0 12.6883
    endloop
  endfacet
  facet normal 0 -1 0
    outer loop
      vertex 6.92623 0 13.3052
      vertex 6.33927 0 13.5946
      vertex 5.91666 0 12.6883
    endloop
  endfacet
  facet normal 0 -1 0
    outer loop
      vertex 5.91666 0 12.6883
      vertex 6.33927 0 13.5946
      vertex 5.35757 0 12.9343
    endloop
  endfacet
  facet normal 0 -1 0
    outer loop
      vertex 6.33927 0 13.5946
      vertex 5.74025 0 13.8582
      vertex 5.35757 0 12.9343
    endloop
  endfacet
  facet normal 0 -1 0
    outer loop
      vertex 5.35757 0 12.9343
      vertex 5.74025 0 13.8582
      vertex 4.78828 0 13.1557
    endloop
  endfacet
  facet normal 0 -1 0
    outer loop
      vertex 5.74025 0 13.8582
      vertex 5.1303 0 14.0954
      vertex 4.78828 0 13.1557
    endloop
  endfacet
  facet normal 0 -1 0
    outer loop
      vertex 4.78828 0 13.1557
      vertex 5.1303 0 14.0954
      vertex 4.20988 0 13.352
    endloop
  endfacet
  facet normal 0 -1 0
    outer loop
      vertex 5.1303 0 14.0954
      vertex 4.51059 0 14.3058
      vertex 4.20988 0 13.352
    endloop
  endfacet
  facet normal 0 -1 0
    outer loop
      vertex 4.20988 0 13.352
      vertex 4.51059 0 14.3058
      vertex 3.62347 0 13.523
    endloop
  endfacet
  facet normal 0 -1 0
    outer loop
      vertex 4.51059 0 14.3058
      vertex 3.88229 0 14.4889
      vertex 3.62347 0 13.523
    endloop
  endfacet
  facet normal 0 -1 0
    outer loop
      vertex 3.62347 0 13.523
      vertex 3.88229 0 14.4889
      vertex 3.03015 0 13.6681
    endloop
  endfacet
  facet normal 0 -1 0
    outer loop
      vertex 3.88229 0 14.4889
      vertex 3.24659 0 14.6444
      vertex 3.03015 0 13.6681
    endloop
  endfacet
  facet normal 0 -1 0
    outer loop
      vertex 3.03015 0 13.6681
      vertex 3.24659 0 14.6444
      vertex 2.43107 0 13.7873
    endloop
  endfacet
  facet normal 0 -1 0
    outer loop
      vertex 3.24659 0 14.6444
      vertex 2.60472 0 14.7721
      vertex 2.43107 0 13.7873
    endloop
  endfacet
  facet normal 0 -1 0
    outer loop
      vertex 2.43107 0 13.7873
      vertex 2.60472 0 14.7721
      vertex 1.82737 0 13.8802
    endloop
  endfacet
  facet normal 0 -1 0
    outer loop
      vertex 2.60472 0 14.7721
      vertex 1.95789 0 14.8717
      vertex 1.82737 0 13.8802
    endloop
  endfacet
  facet normal 0 -1 0
    outer loop
      vertex 1.82737 0 13.8802
      vertex 1.95789 0 14.8717
      vertex 1.22018 0 13.9467
    endloop
  endfacet
  facet normal 0 -1 0
    outer loop
      vertex 1.95789 0 14.8717
      vertex 1.30734 0 14.9429
      vertex 1.22018 0 13.9467
    endloop
  endfacet
  facet normal 0 -1 0
    outer loop
      vertex 1.22018 0 13.9467
      vertex 1.30734 0 14.9429
      vertex 0.610671 0 13.9867
    endloop
  endfacet
  facet normal 0 -1 0
    outer loop
      vertex 1.30734 0 14.9429
      vertex 0.654291 0 14.9857
      vertex 0.610671 0 13.9867
    endloop
  endfacet
  facet normal 0 -1 0
    outer loop
      vertex 0.610671 0 13.9867
      vertex 0.654291 0 14.9857
      vertex 0 0 14
    endloop
  endfacet
  facet normal 0 -1 0
    outer loop
      vertex 0.654291 0 14.9857
      vertex 1.83697e-15 0 15
      vertex 0 0 14
    endloop
  endfacet
  facet normal 0 -1 0
    outer loop
      vertex 0 0 14
      vertex 1.83697e-15 0 15
      vertex -0.610671 0 13.9867
    endloop
  endfacet
  facet normal 0 -1 0
    outer loop
      vertex 1.83697e-15 0 15
      vertex -0.654291 0 14.9857
      vertex -0.610671 0 13.9867
    endloop
  endfacet
  facet normal 0 -1 0
    outer loop
      vertex -0.610671 0 13.9867
      vertex -0.654291 0 14.9857
      vertex -1.22018 0 13.9467
    endloop
  endfacet
  facet normal 0 -1 0
    outer loop
      vertex -0.654291 0 14.9857
      vertex -1.30734 0 14.9429
      vertex -1.22018 0 13.9467
    endloop
  endfacet
  facet normal 0 -1 0
    outer loop
      vertex -1.22018 0 13.9467
      vertex -1.30734 0 14.9429
      vertex -1.82737 0 13.8802
    endloop
  endfacet
  facet normal 0 -1 0
    outer loop
      vertex -1.30734 0 14.9429
      vertex -1.95789 0 14.8717
      vertex -1.82737 0 13.8802
    endloop
  endfacet
  facet normal 0 -1 0
    outer loop
      vertex -1.82737 0 13.8802
      vertex -1.95789 0 14.8717
      vertex -2.43107 0 13.7873
    endloop
  endfacet
  facet normal 0 -1 0
    outer loop
      vertex -1.95789 0 14.8717
      vertex -2.60472 0 14.7721
      vertex -2.43107 0 13.7873
    endloop
  endfacet
  facet normal 0 -1 0
    outer loop
      vertex -2.43107 0 13.7873
      vertex -2.60472 0 14.7721
      vertex -3.03015 0 13.6681
    endloop
  endfacet
  facet normal 0 -1 0
    outer loop
      vertex -2.60472 0 14.7721
      vertex -3.24659 0 14.6444
      vertex -3.03015 0 13.6681
    endloop
  endfacet
  facet normal 0 -1 0
    outer loop
      vertex -3.03015 0 13.6681
      vertex -3.24659 0 14.6444
      vertex -3.62347 0 13.523
    endloop
  endfacet
  facet normal 0 -1 0
    outer loop
      vertex -3.24659 0 14.6444
      vertex -3.88229 0 14.4889
      vertex -3.62347 0 13.523
    endloop
  endfacet
  facet normal 0 -1 0
    outer loop
      vertex -3.62347 0 13.523
      vertex -3.88229 0 14.4889
      vertex -4.20988 0 13.352
    endloop
  endfacet
  facet normal 0 -1 0
    outer loop
      vertex -3.88229 0 14.4889
      vertex -4.51059 0 14.3058
      vertex -4.20988 0 13.352
    endloop
  endfacet
  facet normal 0 -1 0
    outer loop
      vertex -4.20988 0 13.352
      vertex -4.51059 0 14.3058
      vertex -4.78828 0 13.1557
    endloop
  endfacet
  facet normal 0 -1 0
    outer loop
      vertex -4.51059 0 14.3058
      vertex -5.1303 0 14.0954
      vertex -4.78828 0 13.1557
    endloop
  endfacet
  facet normal 0 -1 0
    outer loop
      vertex -4.78828 0 13.1557
      vertex -5.1303 0 14.0954
      vertex -5.35757 0 12.9343
    endloop
  endfacet
  facet normal 0 -1 0
    outer loop
      vertex -5.1303 0 14.0954
      vertex -5.74025 0 13.8582
      vertex -5.35757 0 12.9343
    endloop
  endfacet
  facet normal 0 -1 0
    outer loop
      vertex -5.35757 0 12.9343
      vertex -5.74025 0 13.8582
      vertex -5.91666 0 12.6883
    endloop
  endfacet
  facet normal 0 -1 0
    outer loop
      vertex -5.74025 0 13.8582
      vertex -6.33927 0 13.5946
      vertex -5.91666 0 12.6883
    endloop
  endfacet
  facet normal 0 -1 0
    outer loop
      vertex -5.91666 0 12.6883
      vertex -6.33927 0 13.5946
      vertex -6.46448 0 12.4182
    endloop
  endfacet
  facet normal 0 -1 0
    outer loop
      vertex -6.33927 0 13.5946
      vertex -6.92623 0 13.3052
      vertex -6.46448 0 12.4182
    endloop
  endfacet
  facet normal 0 -1 0
    outer loop
      vertex -6.46448 0 12.4182
      vertex -6.92623 0 13.3052
      vertex -7 0 12.1244
    endloop
  endfacet
  facet normal 0 -1 0
    outer loop
      vertex -6.92623 0 13.3052
      vertex -7.5 0 12.9904
      vertex -7 0 12.1244
    endloop
  endfacet
  facet normal 0 -1 0
    outer loop
      vertex -7 0 12.1244
      vertex -7.5 0 12.9904
      vertex -7.52219 0 11.8075
    endloop
  endfacet
  facet normal 0 -1 0
    outer loop
      vertex -7.5 0 12.9904
      vertex -8.05949 0 12.6509
      vertex -7.52219 0 11.8075
    endloop
  endfacet
  facet normal 0 -1 0
    outer loop
      vertex -7.52219 0 11.8075
      vertex -8.05949 0 12.6509
      vertex -8.03007 0 11.4681
    endloop
  endfacet
  facet normal 0 -1 0
    outer loop
      vertex -8.05949 0 12.6509
      vertex -8.60365 0 12.2873
      vertex -8.03007 0 11.4681
    endloop
  endfacet
  facet normal 0 -1 0
    outer loop
      vertex -8.03007 0 11.4681
      vertex -8.60365 0 12.2873
      vertex -8.52266 0 11.1069
    endloop
  endfacet
  facet normal 0 -1 0
    outer loop
      vertex -8.60365 0 12.2873
      vertex -9.13142 0 11.9003
      vertex -8.52266 0 11.1069
    endloop
  endfacet
  facet normal 0 -1 0
    outer loop
      vertex -8.52266 0 11.1069
      vertex -9.13142 0 11.9003
      vertex -8.99903 0 10.7246
    endloop
  endfacet
  facet normal 0 -1 0
    outer loop
      vertex -9.13142 0 11.9003
      vertex -9.64181 0 11.4907
      vertex -8.99903 0 10.7246
    endloop
  endfacet
  facet normal 0 -1 0
    outer loop
      vertex -8.99903 0 10.7246
      vertex -9.64181 0 11.4907
      vertex -9.45826 0 10.3219
    endloop
  endfacet
  facet normal 0 -1 0
    outer loop
      vertex -9.64181 0 11.4907
      vertex -10.1339 0 11.0592
      vertex -9.45826 0 10.3219
    endloop
  endfacet
  facet normal 0 -1 0
    outer loop
      vertex -9.45826 0 10.3219
      vertex -10.1339 0 11.0592
      vertex -9.8995 0 9.8995
    endloop
  endfacet
  facet normal 0 -1 0
    outer loop
      vertex -10.1339 0 11.0592
      vertex -10.6066 0 10.6066
      vertex -9.8995 0 9.8995
    endloop
  endfacet
  facet normal 0 -1 0
    outer loop
      vertex -9.8995 0 9.8995
      vertex -10.6066 0 10.6066
      vertex -10.3219 0 9.45826
    endloop
  endfacet
  facet normal 0 -1 0
    outer loop
      vertex -10.6066 0 10.6066
      vertex -11.0592 0 10.1339
      vertex -10.3219 0 9.45826
    endloop
  endfacet
  facet normal 0 -1 0
    outer loop
      vertex -10.3219 0 9.45826
      vertex -11.0592 0 10.1339
      vertex -10.7246 0 8.99903
    endloop
  endfacet
  facet normal 0 -1 0
    outer loop
      vertex -11.0592 0 10.1339
      vertex -11.4907 0 9.64181
      vertex -10.7246 0 8.99903
    endloop
  endfacet
  facet normal 0 -1 0
    outer loop
      vertex -10.7246 0 8.99903
      vertex -11.4907 0 9.64181
      vertex -11.1069 0 8.52266
    endloop
  endfacet
  facet normal 0 -1 0
    outer loop
      vertex -11.4907 0 9.64181
      vertex -11.9003 0 9.13142
      vertex -11.1069 0 8.52266
    endloop
  endfacet
  facet normal 0 -1 0
    outer loop
      vertex -11.1069 0 8.52266
      vertex -11.9003 0 9.13142
      vertex -11.4681 0 8.03007
    endloop
  endfacet
  facet normal 0 -1 0
    outer loop
      vertex -11.9003 0 9.13142
      vertex -12.2873 0 8.60365
      vertex -11.4681 0 8.03007
    endloop
  endfacet
  facet normal 0 -1 0
    outer loop
      vertex -11.4681 0 8.03007
      vertex -12.2873 0 8.60365
      vertex -11.8075 0 7.52219
    endloop
  endfacet
  facet normal 0 -1 0
    outer loop
      vertex -12.2873 0 8.60365
      vertex -12.6509 0 8.05949
      vertex -11.8075 0 7.52219
    endloop
  endfacet
  facet normal 0 -1 0
    outer loop
      vertex -11.8075 0 7.52219
      vertex -12.6509 0 8.05949
      vertex -12.1244 0 7
    endloop
  endfacet
  facet normal 0 -1 0
    outer loop
      vertex -12.6509 0 8.05949
      vertex -12.9904 0 7.5
      vertex -12.1244 0 7
    endloop
  endfacet
  facet normal 0 -1 0
    outer loop
      vertex -12.1244 0 7
      vertex -12.9904 0 7.5
      vertex -12.4182 0 6.46448
    endloop
  endfacet
  facet normal 0 -1 0
    outer loop
      vertex -12.9904 0 7.5
      vertex -13.3052 0 6.92623
      vertex -12.4182 0 6.46448
    endloop
  endfacet
  facet normal 0 -1 0
    outer loop
      vertex -12.4182 0 6.46448
      vertex -13.3052 0 6.92623
      vertex -12.6883 0 5.91666
    endloop
  endfacet
  facet normal 0 -1 0
    outer loop
      vertex -13.3052 0 6.92623
      vertex -13.5946 0 6.33927
      vertex -12.6883 0 5.91666
    endloop
  endfacet
  facet normal 0 -1 0
    outer loop
      vertex -12.6883 0 5.91666
      vertex -13.5946 0 6.33927
      vertex -12.9343 0 5.35757
    endloop
  endfacet
  facet normal 0 -1 0
    outer loop
      vertex -13.5946 0 6.33927
      vertex -13.8582 0 5.74025
      vertex -12.9343 0 5.35757
    endloop
  endfacet
  facet normal 0 -1 0
    outer loop
      vertex -12.9343 0 5.35757
      vertex -13.8582 0 5.74025
      vertex -13.1557 0 4.78828
    endloop
  endfacet
  facet normal 0 -1 0
    outer loop
      vertex -13.8582 0 5.74025
      vertex -14.0954 0 5.1303
      vertex -13.1557 0 4.78828
    endloop
  endfacet
  facet normal 0 -1 0
    outer loop
      vertex -13.1557 0 4.78828
      vertex -14.0954 0 5.1303
      vertex -13.352 0 4.20988
    endloop
  endfacet
  facet normal 0 -1 0
    outer loop
      vertex -14.0954 0 5.1303
      vertex -14.3058 0 4.51059
      vertex -13.352 0 4.20988
    endloop
  endfacet
  facet normal 0 -1 0
    outer loop
      vertex -13.352 0 4.20988
      vertex -14.3058 0 4.51059
      vertex -13.523 0 3.62347
    endloop
  endfacet
  facet normal 0 -1 0
    outer loop
      vertex -14.3058 0 4.51059
      vertex -14.4889 0 3.88229
      vertex -13.523 0 3.62347
    endloop
  endfacet
  facet normal 0 -1 0
    outer loop
      vertex -13.523 0 3.62347
      vertex -14.4889 0 3.88229
      vertex -13.6681 0 3.03015
    endloop
  endfacet
  facet normal 0 -1 0
    outer loop
      vertex -14.4889 0 3.88229
      vertex -14.6444 0 3.24659
      vertex -13.6681 0 3.03015
    endloop
  endfacet
  facet normal 0 -1 0
    outer loop
      vertex -13.6681 0 3.03015
      vertex -14.6444 0 3.24659
      vertex -13.7873 0 2.43107
    endloop
  endfacet
  facet normal 0 -1 0
    outer loop
      vertex -14.6444 0 3.24659
      vertex -14.7721 0 2.60472
      vertex -13.7873 0 2.43107
    endloop
  endfacet
  facet normal 0 -1 0
    outer loop
      vertex -13.7873 0 2.43107
      vertex -14.7721 0 2.60472
      vertex -13.8802 0 1.82737
    endloop
  endfacet
  facet normal 0 -1 0
    outer loop
      vertex -14.7721 0 2.60472
      vertex -14.8717 0 1.95789
      vertex -13.8802 0 1.82737
    endloop
  endfacet
  facet normal 0 -1 0
    outer loop
      vertex -13.8802 0 1.82737
      vertex -14.8717 0 1.95789
      vertex -13.9467 0 1.22018
    endloop
  endfacet
  facet normal 0 -1 0
    outer loop
      vertex -14.8717 0 1.95789
      vertex -14.9429 0 1.30734
      vertex -13.9467 0 1.22018
    endloop
  endfacet
  facet normal 0 -1 0
    outer loop
      vertex -13.9467 0 1.22018
      vertex -14.9429 0 1.30734
      vertex -13.9867 0 0.610671
    endloop
  endfacet
  facet normal 0 -1 0
    outer loop
      vertex -14.9429 0 1.30734
      vertex -14.9857 0 0.654291
      vertex -13.9867 0 0.610671
    endloop
  endfacet
  facet normal 0 -1 0
    outer loop
      vertex -13.9867 0 0.610671
      vertex -14.9857 0 0.654291
      vertex -14 0 -2.57176e-15
    endloop
  endfacet
  facet normal 0 -1 0
    outer loop
      vertex -14.9857 0 0.654291
      vertex -15 0 3.67394e-15
      vertex -14 0 -2.57176e-15
    endloop
  endfacet
  facet normal 0 -1 0
    outer loop
      vertex -14 0 -2.57176e-15
      vertex -15 0 3.67394e-15
      vertex -13.9867 0 -0.610671
    endloop
  endfacet
  facet normal 0 -1 0
    outer loop
      vertex -15 0 3.67394e-15
      vertex -14.9857 0 -0.654291
      vertex -13.9867 0 -0.610671
    endloop
  endfacet
  facet normal 0 -1 0
    outer loop
      vertex -13.9867 0 -0.610671
      vertex -14.9857 0 -0.654291
      vertex -13.9467 0 -1.22018
    endloop
  endfacet
  facet normal 0 -1 0
    outer loop
      vertex -14.9857 0 -0.654291
      vertex -14.9429 0 -1.30734
      vertex -13.9467 0 -1.22018
    endloop
  endfacet
  facet normal 0 -1 0
    outer loop
      vertex -13.9467 0 -1.22018
      vertex -14.9429 0 -1.30734
      vertex -13.8802 0 -1.82737
    endloop
  endfacet
  facet normal 0 -1 0
    outer loop
      vertex -14.9429 0 -1.30734
      vertex -14.8717 0 -1.95789
      vertex -13.8802 0 -1.82737
    endloop
  endfacet
  facet normal 0 -1 0
    outer loop
      vertex -13.8802 0 -1.82737
      vertex -14.8717 0 -1.95789
      vertex -13.7873 0 -2.43107
    endloop
  endfacet
  facet normal 0 -1 0
    outer loop
      vertex -14.8717 0 -1.95789
      vertex -14.7721 0 -2.60472
      vertex -13.7873 0 -2.43107
    endloop
  endfacet
  facet normal 0 -1 0
    outer loop
      vertex -13.7873 0 -2.43107
      vertex -14.7721 0 -2.60472
      vertex -13.6681 0 -3.03015
    endloop
  endfacet
  facet normal 0 -1 0
    outer loop
      vertex -14.7721 0 -2.60472
      vertex -14.6444 0 -3.24659
      vertex -13.6681 0 -3.03015
    endloop
  endfacet
  facet normal 0 -1 0
    outer loop
      vertex -13.6681 0 -3.03015
      vertex -14.6444 0 -3.24659
      vertex -13.523 0 -3.62347
    endloop
  endfacet
  facet normal 0 -1 0
    outer loop
      vertex -14.6444 0 -3.24659
      vertex -14.4889 0 -3.88229
      vertex -13.523 0 -3.62347
    endloop
  endfacet
  facet normal 0 -1 0
    outer loop
      vertex -13.523 0 -3.62347
      vertex -14.4889 0 -3.88229
      vertex -13.352 0 -4.20988
    endloop
  endfacet
  facet normal 0 -1 0
    outer loop
      vertex -14.4889 0 -3.88229
      vertex -14.3058 0 -4.51059
      vertex -13.352 0 -4.20988
    endloop
  endfacet
  facet normal 0 -1 0
    outer loop
      vertex -13.352 0 -4.20988
      vertex -14.3058 0 -4.51059
      vertex -13.1557 0 -4.78828
    endloop
  endfacet
  facet normal 0 -1 0
    outer loop
      vertex -14.3058 0 -4.51059
      vertex -14.0954 0 -5.1303
      vertex -13.1557 0 -4.78828
    endloop
  endfacet
  facet normal 0 -1 0
    outer loop
      vertex -13.1557 0 -4.78828
      vertex -14.0954 0 -5.1303
      vertex -12.9343 0 -5.35757
    endloop
  endfacet
  facet normal 0 -1 0
    outer loop
      vertex -14.0954 0 -5.1303
      vertex -13.8582 0 -5.74025
      vertex -12.9343 0 -5.35757
    endloop
  endfacet
  facet normal 0 -1 0
    outer loop
      vertex -12.9343 0 -5.35757
      vertex -13.8582 0 -5.74025
      vertex -12.6883 0 -5.91666
    endloop
  endfacet
  facet normal 0 -1 0
    outer loop
      vertex -13.8582 0 -5.74025
      vertex -13.5946 0 -6.33927
      vertex -12.6883 0 -5.91666
    endloop
  endfacet
  facet normal 0 -1 0
    outer loop
      vertex -12.6883 0 -5.91666
      vertex -13.5946 0 -6.33927
      vertex -12.4182 0 -6.46448
    endloop
  endfacet
  facet normal 0 -1 0
    outer loop
      vertex -13.5946 0 -6.33927
      vertex -13.3052 0 -6.92623
      vertex -12.4182 0 -6.46448
    endloop
  endfacet
  facet normal 0 -1 0
    outer loop
      vertex -12.4182 0 -6.46448
      vertex -13.3052 0 -6.92623
      vertex -12.1244 0 -7
    endloop
  endfacet
  facet normal 0 -1 0
    outer loop
      vertex -13.3052 0 -6.92623
      vertex -12.9904 0 -7.5
      vertex -12.1244 0 -7
    endloop
  endfacet
  facet normal 0 -1 0
    outer loop
      vertex -12.1244 0 -7
      vertex -12.9904 0 -7.5
      vertex -11.8075 0 -7.52219
    endloop
  endfacet
  facet normal 0 -1 0
    outer loop
      vertex -12.9904 0 -7.5
      vertex -12.6509 0 -8.05949
      vertex -11.8075 0 -7.52219
    endloop
  endfacet
  facet normal 0 -1 0
    outer loop
      vertex -11.8075 0 -7.52219
      vertex -12.6509 0 -8.05949
      vertex -11.4681 0 -8.03007
    endloop
  endfacet
  facet normal 0 -1 0
    outer loop
      vertex -12.6509 0 -8.05949
      vertex -12.2873 0 -8.60365
      vertex -11.4681 0 -8.03007
    endloop
  endfacet
  facet normal 0 -1 0
    outer loop
      vertex -11.4681 0 -8.03007
      vertex -12.2873 0 -8.60365
      vertex -11.1069 0 -8.52266
    endloop
  endfacet
  facet normal 0 -1 0
    outer loop
      vertex -12.2873 0 -8.60365
      vertex -11.9003 0 -9.13142
      vertex -11.1069 0 -8.52266
    endloop
  endfacet
  facet normal 0 -1 0
    outer loop
      vertex -11.1069 0 -8.52266
      vertex -11.9003 0 -9.13142
      vertex -10.7246 0 -8.99903
    endloop
  endfacet
  facet normal 0 -1 0
    outer loop
      vertex -11.9003 0 -9.13142
      vertex -11.4907 0 -9.64181
      vertex -10.7246 0 -8.99903
    endloop
  endfacet
  facet normal 0 -1 0
    outer loop
      vertex -10.7246 0 -8.99903
      vertex -11.4907 0 -9.64181
      vertex -10.3219 0 -9.45826
    endloop
  endfacet
  facet normal 0 -1 0
    outer loop
      vertex -11.4907 0 -9.64181
      vertex -11.0592 0 -10.1339
      vertex -10.3219 0 -9.45826
    endloop
  endfacet
  facet normal 0 -1 0
    outer loop
      vertex -10.3219 0 -9.45826
      vertex -11.0592 0 -10.1339
      vertex -9.8995 0 -9.8995
    endloop
  endfacet
  facet normal 0 -1 0
    outer loop
      vertex -11.0592 0 -10.1339
      vertex -10.6066 0 -10.6066
      vertex -9.8995 0 -9.8995
    endloop
  endfacet
  facet normal 0 -1 0
    outer loop
      vertex -9.8995 0 -9.8995
      vertex -10.6066 0 -10.6066
      vertex -9.45826 0 -10.3219
    endloop
  endfacet
  facet normal 0 -1 0
    outer loop
      vertex -10.6066 0 -10.6066
      vertex -10.1339 0 -11.0592
      vertex -9.45826 0 -10.3219
    endloop
  endfacet
  facet normal 0 -1 0
    outer loop
      vertex -9.45826 0 -10.3219
      vertex -10.1339 0 -11.0592
      vertex -8.99903 0 -10.7246
    endloop
  endfacet
  facet normal 0 -1 0
    outer loop
      vertex -10.1339 0 -11.0592
      vertex -9.64181 0 -11.4907
      vertex -8.99903 0 -10.7246
    endloop
  endfacet
  facet normal 0 -1 0
    outer loop
      vertex -8.99903 0 -10.7246
      vertex -9.64181 0 -11.4907
      vertex -8.52266 0 -11.1069
    endloop
  endfacet
  facet normal 0 -1 0
    outer loop
      vertex -9.64181 0 -11.4907
      vertex -9.13142 0 -11.9003
      vertex -8.52266 0 -11.1069
    endloop
  endfacet
  facet normal 0 -1 0
    outer loop
      vertex -8.52266 0 -11.1069
      vertex -9.13142 0 -11.9003
      vertex -8.03007 0 -11.4681
    endloop
  endfacet
  facet normal 0 -1 0
    outer loop
      vertex -9.13142 0 -11.9003
      vertex -8.60365 0 -12.2873
      vertex -8.03007 0 -11.4681
    endloop
  endfacet
  facet normal 0 -1 0
    outer loop
      vertex -8.03007 0 -11.4681
      vertex -8.60365 0 -12.2873
      vertex -7.52219 0 -11.8075
    endloop
  endfacet
  facet normal 0 -1 0
    outer loop
      vertex -8.60365 0 -12.2873
      vertex -8.05949 0 -12.6509
      vertex -7.52219 0 -11.8075
    endloop
  endfacet
  facet normal 0 -1 0
    outer loop
      vertex -7.52219 0 -11.8075
      vertex -8.05949 0 -12.6509
      vertex -7 0 -12.1244
    endloop
  endfacet
  facet normal 0 -1 0
    outer loop
      vertex -8.05949 0 -12.6509
      vertex -7.5 0 -12.9904
      vertex -7 0 -12.1244
    endloop
  endfacet
  facet normal 0 -1 0
    outer loop
      vertex -7 0 -12.1244
      vertex -7.5 0 -12.9904
      vertex -6.46448 0 -12.4182
    endloop
  endfacet
  facet normal 0 -1 0
    outer loop
      vertex -7.5 0 -12.9904
      vertex -6.92623 0 -13.3052
      vertex -6.46448 0 -12.4182
    endloop
  endfacet
  facet normal 0 -1 0
    outer loop
      vertex -6.46448 0 -12.4182
      vertex -6.92623 0 -13.3052
      vertex -5.91666 0 -12.6883
    endloop
  endfacet
  facet normal 0 -1 0
    outer loop
      vertex -6.92623 0 -13.3052
      vertex -6.33927 0 -13.5946
      vertex -5.91666 0 -12.6883
    endloop
  endfacet
  facet normal 0 -1 0
    outer loop
      vertex -5.91666 0 -12.6883
      vertex -6.33927 0 -13.5946
      vertex -5.35757 0 -12.9343
    endloop
  endfacet
  facet normal 0 -1 0
    outer loop
      vertex -6.33927 0 -13.5946
      vertex -5.74025 0 -13.8582
      vertex -5.35757 0 -12.9343
    endloop
  endfacet
  facet normal 0 -1 0
    outer loop
      vertex -5.35757 0 -12.9343
      vertex -5.74025 0 -13.8582
      vertex -4.78828 0 -13.1557
    endloop
  endfacet
  facet normal 0 -1 0
    outer loop
      vertex -5.74025 0 -13.8582
      vertex -5.1303 0 -14.0954
      vertex -4.78828 0 -13.1557
    endloop
  endfacet
  facet normal 0 -1 0
    outer loop
      vertex -4.78828 0 -13.1557
      vertex -5.1303 0 -14.0954
      vertex -4.20988 0 -13.352
    endloop
  endfacet
  facet normal 0 -1 0
    outer loop
      vertex -5.1303 0 -14.0954
      vertex -4.51059 0 -14.3058
      vertex -4.20988 0 -13.352
    endloop
  endfacet
  facet normal 0 -1 0
    outer loop
      vertex -4.20988 0 -13.352
      vertex -4.51059 0 -14.3058
      vertex -3.62347 0 -13.523
    endloop
  endfacet
  facet normal 0 -1 0
    outer loop
      vertex -4.51059 0 -14.3058
      vertex -3.88229 0 -14.4889
      vertex -3.62347 0 -13.523
    endloop
  endfacet
  facet normal 0 -1 0
    outer loop
      vertex -3.62347 0 -13.523
      vertex -3.88229 0 -14.4889
      vertex -3.03015 0 -13.6681
    endloop
  endfacet
  facet normal 0 -1 0
    outer loop
      vertex -3.88229 0 -14.4889
      vertex -3.24659 0 -14.6444
      vertex -3.03015 0 -13.6681
    endloop
  endfacet
  facet normal 0 -1 0
    outer loop
      vertex -3.03015 0 -13.6681
      vertex -3.24659 0 -14.6444
      vertex -2.43107 0 -13.7873
    endloop
  endfacet
  facet normal 0 -1 0
    outer loop
      vertex -3.24659 0 -14.6444
      vertex -2.60472 0 -14.7721
      vertex -2.43107 0 -13.7873
    endloop
  endfacet
  facet normal 0 -1 0
    outer loop
      vertex -2.43107 0 -13.7873
      vertex -2.60472 0 -14.7721
      vertex -1.82737 0 -13.8802
    endloop
  endfacet
  facet normal 0 -1 0
    outer loop
      vertex -2.60472 0 -14.7721
      vertex -1.95789 0 -14.8717
      vertex -1.82737 0 -13.8802
    endloop
  endfacet
  facet normal 0 -1 0
    outer loop
      vertex -1.82737 0 -13.8802
      vertex -1.95789 0 -14.8717
      vertex -1.22018 0 -13.9467
    endloop
  endfacet
  facet normal 0 -1 0
    outer loop
      vertex -1.95789 0 -14.8717
      vertex -1.30734 0 -14.9429
      vertex -1.22018 0 -13.9467
    endloop
  endfacet
  facet normal 0 -1 0
    outer loop
      vertex -1.22018 0 -13.9467
      vertex -1.30734 0 -14.9429
      vertex -0.610671 0 -13.9867
    endloop
  endfacet
  facet normal 0 -1 0
    outer loop
      vertex -1.30734 0 -14.9429
      vertex -0.654291 0 -14.9857
      vertex -0.610671 0 -13.9867
    endloop
  endfacet
  facet normal 0 -1 0
    outer loop
      vertex -0.610671 0 -13.9867
      vertex -0.654291 0 -14.9857
      vertex 1.71451e-15 0 -14
    endloop
  endfacet
  facet normal 0 -1 0
    outer loop
      vertex -0.654291 0 -14.9857
      vertex 0 0 -15
      vertex 1.71451e-15 0 -14
    endloop
  endfacet
  facet normal 0 -1 0
    outer loop
      vertex 1.71451e-15 0 -14
      vertex 0 0 -15
      vertex 0.610671 0 -13.9867
    endloop
  endfacet
  facet normal 0 -1 0
    outer loop
      vertex 0 0 -15
      vertex 0.654291 0 -14.9857
      vertex 0.610671 0 -13.9867
    endloop
  endfacet
  facet normal 0 -1 0
    outer loop
      vertex 0.610671 0 -13.9867
      vertex 0.654291 0 -14.9857
      vertex 1.22018 0 -13.9467
    endloop
  endfacet
  facet normal 0 -1 0
    outer loop
      vertex 0.654291 0 -14.9857
      vertex 1.30734 0 -14.9429
      vertex 1.22018 0 -13.9467
    endloop
  endfacet
  facet normal 0 -1 0
    outer loop
      vertex 1.22018 0 -13.9467
      vertex 1.30734 0 -14.9429
      vertex 1.82737 0 -13.8802
    endloop
  endfacet
  facet normal 0 -1 0
    outer loop
      vertex 1.30734 0 -14.9429
      vertex 1.95789 0 -14.8717
      vertex 1.82737 0 -13.8802
    endloop
  endfacet
  facet normal 0 -1 0
    outer loop
      vertex 1.82737 0 -13.8802
      vertex 1.95789 0 -14.8717
      vertex 2.43107 0 -13.7873
    endloop
  endfacet
  facet normal 0 -1 0
    outer loop
      vertex 1.95789 0 -14.8717
      vertex 2.60472 0 -14.7721
      vertex 2.43107 0 -13.7873
    endloop
  endfacet
  facet normal 0 -1 0
    outer loop
      vertex 2.43107 0 -13.7873
      vertex 2.60472 0 -14.7721
      vertex 3.03015 0 -13.6681
    endloop
  endfacet
  facet normal 0 -1 0
    outer loop
      vertex 2.60472 0 -14.7721
      vertex 3.24659 0 -14.6444
      vertex 3.03015 0 -13.6681
    endloop
  endfacet
  facet normal 0 -1 0
    outer loop
      vertex 3.03015 0 -13.6681
      vertex 3.24659 0 -14.6444
      vertex 3.62347 0 -13.523
    endloop
  endfacet
  facet normal 0 -1 0
    outer loop
      vertex 3.24659 0 -14.6444
      vertex 3.88229 0 -14.4889
      vertex 3.62347 0 -13.523
    endloop
  endfacet
  facet normal 0 -1 0
    outer loop
      vertex 3.62347 0 -13.523
      vertex 3.88229 0 -14.4889
      vertex 4.20988 0 -13.352
    endloop
  endfacet
  facet normal 0 -1 0
    outer loop
      vertex 3.88229 0 -14.4889
      vertex 4.51059 0 -14.3058
      vertex 4.20988 0 -13.352
    endloop
  endfacet
  facet normal 0 -1 0
    outer loop
      vertex 4.20988 0 -13.352
      vertex 4.51059 0 -14.3058
      vertex 4.78828 0 -13.1557
    endloop
  endfacet
  facet normal 0 -1 0
    outer loop
      vertex 4.51059 0 -14.3058
      vertex 5.1303 0 -14.0954
      vertex 4.78828 0 -13.1557
    endloop
  endfacet
  facet normal 0 -1 0
    outer loop
      vertex 4.78828 0 -13.1557
      vertex 5.1303 0 -14.0954
      vertex 5.35757 0 -12.9343
    endloop
  endfacet
  facet normal 0 -1 0
    outer loop
      vertex 5.1303 0 -14.0954
      vertex 5.74025 0 -13.8582
      vertex 5.35757 0 -12.9343
    endloop
  endfacet
  facet normal 0 -1 0
    outer loop
      vertex 5.35757 0 -12.9343
      vertex 5.74025 0 -13.8582
      vertex 5.91666 0 -12.6883
    endloop
  endfacet
  facet normal 0 -1 0
    outer loop
      vertex 5.74025 0 -13.8582
      vertex 6.33927 0 -13.5946
      vertex 5.91666 0 -12.6883
    endloop
  endfacet
  facet normal 0 -1 0
    outer loop
      vertex 5.91666 0 -12.6883
      vertex 6.33927 0 -13.5946
      vertex 6.46448 0 -12.4182
    endloop
  endfacet
  facet normal 0 -1 0
    outer loop
      vertex 6.33927 0 -13.5946
      vertex 6.92623 0 -13.3052
      vertex 6.46448 0 -12.4182
    endloop
  endfacet
  facet normal 0 -1 0
    outer loop
      vertex 6.46448 0 -12.4182
      vertex 6.92623 0 -13.3052
      vertex 7 0 -12.1244
    endloop
  endfacet
  facet normal 0 -1 0
    outer loop
      vertex 6.92623 0 -13.3052
      vertex 7.5 0 -12.9904
      vertex 7 0 -12.1244
    endloop
  endfacet
  facet normal 0 -1 0
    outer loop
      vertex 7 0 -12.1244
      vertex 7.5 0 -12.9904
      vertex 7.52219 0 -11.8075
    endloop
  endfacet
  facet normal 0 -1 0
    outer loop
      vertex 7.5 0 -12.9904
      vertex 8.05949 0 -12.6509
      vertex 7.52219 0 -11.8075
    endloop
  endfacet
  facet normal 0 -1 0
    outer loop
      vertex 7.52219 0 -11.8075
      vertex 8.05949 0 -12.6509
      vertex 8.03007 0 -11.4681
    endloop
  endfacet
  facet normal 0 -1 0
    outer loop
      vertex 8.05949 0 -12.6509
      vertex 8.60365 0 -12.2873
      vertex 8.03007 0 -11.4681
    endloop
  endfacet
  facet normal 0 -1 0
    outer loop
      vertex 8.03007 0 -11.4681
      vertex 8.60365 0 -12.2873
      vertex 8.52266 0 -11.1069
    endloop
  endfacet
  facet normal 0 -1 0
    outer loop
      vertex 8.60365 0 -12.2873
      vertex 9.13142 0 -11.9003
      vertex 8.52266 0 -11.1069
    endloop
  endfacet
  facet normal 0 -1 0
    outer loop
      vertex 8.52266 0 -11.1069
      vertex 9.13142 0 -11.9003
      vertex 8.99903 0 -10.7246
    endloop
  endfacet
  facet normal 0 -1 0
    outer loop
      vertex 9.13142 0 -11.9003
      vertex 9.64181 0 -11.4907
      vertex 8.99903 0 -10.7246
    endloop
  endfacet
  facet normal 0 -1 0
    outer loop
      vertex 8.99903 0 -10.7246
      vertex 9.64181 0 -11.4907
      vertex 9.45826 0 -10.3219
    endloop
  endfacet
  facet normal 0 -1 0
    outer loop
      vertex 9.64181 0 -11.4907
      vertex 10.1339 0 -11.0592
      vertex 9.45826 0 -10.3219
    endloop
  endfacet
  facet normal 0 -1 0
    outer loop
      vertex 9.45826 0 -10.3219
      vertex 10.1339 0 -11.0592
      vertex 9.8995 0 -9.8995
    endloop
  endfacet
  facet normal 0 -1 0
    outer loop
      vertex 10.1339 0 -11.0592
      vertex 10.6066 0 -10.6066
      vertex 9.8995 0 -9.8995
    endloop
  endfacet
  facet normal 0 -1 0
    outer loop
      vertex 9.8995 0 -9.8995
      vertex 10.6066 0 -10.6066
      vertex 10.3219 0 -9.45826
    endloop
  endfacet
  facet normal 0 -1 0
    outer loop
      vertex 10.6066 0 -10.6066
      vertex 11.0592 0 -10.1339
      vertex 10.3219 0 -9.45826
    endloop
  endfacet
  facet normal 0 -1 0
    outer loop
      vertex 10.3219 0 -9.45826
      vertex 11.0592 0 -10.1339
      vertex 10.7246 0 -8.99903
    endloop
  endfacet
  facet normal 0 -1 0
    outer loop
      vertex 11.0592 0 -10.1339
      vertex 11.4907 0 -9.64181
      vertex 10.7246 0 -8.99903
    endloop
  endfacet
  facet normal 0 -1 0
    outer loop
      vertex 10.7246 0 -8.99903
      vertex 11.4907 0 -9.64181
      vertex 11.1069 0 -8.52266
    endloop
  endfacet
  facet normal 0 -1 0
    outer loop
      vertex 11.4907 0 -9.64181
      vertex 11.9003 0 -9.13142
      vertex 11.1069 0 -8.52266
    endloop
  endfacet
  facet normal 0 -1 0
    outer loop
      vertex 11.1069 0 -8.52266
      vertex 11.9003 0 -9.13142
      vertex 11.4681 0 -8.03007
    endloop
  endfacet
  facet normal 0 -1 0
    outer loop
      vertex 11.9003 0 -9.13142
      vertex 12.2873 0 -8.60365
      vertex 11.4681 0 -8.03007
    endloop
  endfacet
  facet normal 0 -1 0
    outer loop
      vertex 11.4681 0 -8.03007
      vertex 12.2873 0 -8.60365
      vertex 11.8075 0 -7.52219
    endloop
  endfacet
  facet normal 0 -1 0
    outer loop
      vertex 12.2873 0 -8.60365
      vertex 12.6509 0 -8.05949
      vertex 11.8075 0 -7.52219
    endloop
  endfacet
  facet normal 0 -1 0
    outer loop
      vertex 11.8075 0 -7.52219
      vertex 12.6509 0 -8.05949
      vertex 12.1244 0 -7
    endloop
  endfacet
  facet normal 0 -1 0
    outer loop
      vertex 12.6509 0 -8.05949
      vertex 12.9904 0 -7.5
      vertex 12.1244 0 -7
    endloop
  endfacet
  facet normal 0 -1 0
    outer loop
      vertex 12.1244 0 -7
      vertex 12.9904 0 -7.5
      vertex 12.4182 0 -6.46448
    endloop
  endfacet
  facet normal 0 -1 0
    outer loop
      vertex 12.9904 0 -7.5
      vertex 13.3052 0 -6.92623
      vertex 12.4182 0 -6.46448
    endloop
  endfacet
  facet normal 0 -1 0
    outer loop
      vertex 12.4182 0 -6.46448
      vertex 13.3052 0 -6.92623
      vertex 12.6883 0 -5.91666
    endloop
  endfacet
  facet normal 0 -1 0
    outer loop
      vertex 13.3052 0 -6.92623
      vertex 13.5946 0 -6.33927
      vertex 12.6883 0 -5.91666
    endloop
  endfacet
  facet normal 0 -1 0
    outer loop
      vertex 12.6883 0 -5.91666
      vertex 13.5946 0 -6.33927
      vertex 12.9343 0 -5.35757
    endloop
  endfacet
  facet normal 0 -1 0
    outer loop
      vertex 13.5946 0 -6.33927
      vertex 13.8582 0 -5.74025
      vertex 12.9343 0 -5.35757
    endloop
  endfacet
  facet normal 0 -1 0
    outer loop
      vertex 12.9343 0 -5.35757
      vertex 13.8582 0 -5.74025
      vertex 13.1557 0 -4.78828
    endloop
  endfacet
  facet normal 0 -1 0
    outer loop
      vertex 13.8582 0 -5.74025
      vertex 14.0954 0 -5.1303
      vertex 13.1557 0 -4.78828
    endloop
  endfacet
  facet normal 0 -1 0
    outer loop
      vertex 13.1557 0 -4.78828
      vertex 14.0954 0 -5.1303
      vertex 13.352 0 -4.20988
    endloop
  endfacet
  facet normal 0 -1 0
    outer loop
      vertex 14.0954 0 -5.1303
      vertex 14.3058 0 -4.51059
      vertex 13.352 0 -4.20988
    endloop
  endfacet
  facet normal 0 -1 0
    outer loop
      vertex 13.352 0 -4.20988
      vertex 14.3058 0 -4.51059
      vertex 13.523 0 -3.62347
    endloop
  endfacet
  facet normal 0 -1 0
    outer loop
      vertex 14.3058 0 -4.51059
      vertex 14.4889 0 -3.88229
      vertex 13.523 0 -3.62347
    endloop
  endfacet
  facet normal 0 -1 0
    outer loop
      vertex 13.523 0 -3.62347
      vertex 14.4889 0 -3.88229
      vertex 13.6681 0 -3.03015
    endloop
  endfacet
  facet normal 0 -1 0
    outer loop
      vertex 14.4889 0 -3.88229
      vertex 14.6444 0 -3.24659
      vertex 13.6681 0 -3.03015
    endloop
  endfacet
  facet normal 0 -1 0
    outer loop
      vertex 13.6681 0 -3.03015
      vertex 14.6444 0 -3.24659
      vertex 13.7873 0 -2.43107
    endloop
  endfacet
  facet normal 0 -1 0
    outer loop
      vertex 14.6444 0 -3.24659
      vertex 14.7721 0 -2.60472
      vertex 13.7873 0 -2.43107
    endloop
  endfacet
  facet normal 0 -1 0
    outer loop
      vertex 13.7873 0 -2.43107
      vertex 14.7721 0 -2.60472
      vertex 13.8802 0 -1.82737
    endloop
  endfacet
  facet normal 0 -1 0
    outer loop
      vertex 14.7721 0 -2.60472
      vertex 14.8717 0 -1.95789
      vertex 13.8802 0 -1.82737
    endloop
  endfacet
  facet normal 0 -1 0
    outer loop
      vertex 13.8802 0 -1.82737
      vertex 14.8717 0 -1.95789
      vertex 13.9467 0 -1.22018
    endloop
  endfacet
  facet normal 0 -1 0
    outer loop
      vertex 14.8717 0 -1.95789
      vertex 14.9429 0 -1.30734
      vertex 13.9467 0 -1.22018
    endloop
  endfacet
  facet normal 0 -1 0
    outer loop
      vertex 13.9467 0 -1.22018
      vertex 14.9429 0 -1.30734
      vertex 13.9867 0 -0.610671
    endloop
  endfacet
  facet normal 0 -1 0
    outer loop
      vertex 14.9429 0 -1.30734
      vertex 14.9857 0 -0.654291
      vertex 13.9867 0 -0.610671
    endloop
  endfacet
  facet normal 0 -1 0
    outer loop
      vertex 13.9867 0 -0.610671
      vertex 14.9857 0 -0.654291
      vertex 14 0 8.57253e-16
    endloop
  endfacet
  facet normal 0 -1 0
    outer loop
      vertex 14.9857 0 -0.654291
      vertex 15 0 0
      vertex 14 0 8.57253e-16
    endloop
  endfacet
  facet normal 0 -1 0
    outer loop
      vertex 14 0 8.57253e-16
      vertex 15 0 0
      vertex 13.9867 0 0.610671
    endloop
  endfacet
  facet normal 0 -1 0
    outer loop
      vertex 15 0 0
      vertex 14.9857 0 0.654291
      vertex 13.9867 0 0.610671
    endloop
  endfacet
  facet normal 0 -1 0
    outer loop
      vertex 13.9867 0 0.610671
      vertex 14.9857 0 0.654291
      vertex 13.9467 0 1.22018
    endloop
  endfacet
  facet normal 0 -1 0
    outer loop
      vertex 14.9857 0 0.654291
      vertex 14.9429 0 1.30734
      vertex 13.9467 0 1.22018
    endloop
  endfacet
  facet normal 0 -1 0
    outer loop
      vertex 13.9467 0 1.22018
      vertex 14.9429 0 1.30734
      vertex 13.8802 0 1.82737
    endloop
  endfacet
  facet normal 0 -1 0
    outer loop
      vertex 14.9429 0 1.30734
      vertex 14.8717 0 1.95789
      vertex 13.8802 0 1.82737
    endloop
  endfacet
  facet normal -0.904914 0 0.425595
    outer loop
      vertex -17 39.8 -15
      vertex -13.2511 39.8 -7.02904
      vertex -17 57.2 -15
    endloop
  endfacet
  facet normal -0.904914 0 0.425595
    outer loop
      vertex -13.2511 39.8 -7.02904
      vertex -13.2511 74.2 -7.02904
      vertex -17 57.2 -15
    endloop
  endfacet
  facet normal -0.904914 0 0.425595
    outer loop
      vertex -17 57.2 -15
      vertex -13.2511 74.2 -7.02904
      vertex -17 74.2 -15
    endloop
  endfacet
  facet normal 0 0 -1
    outer loop
      vertex 1.48165 40.2647 -115
      vertex 0.74153 40.2162 -115
      vertex 0 57.2 -115
    endloop
  endfacet
  facet normal 0 0 -1
    outer loop
      vertex 0.74153 40.2162 -115
      vertex -4.1638e-15 40.2 -115
      vertex 0 57.2 -115
    endloop
  endfacet
  facet normal 0 0 -1
    outer loop
      vertex 0 57.2 -115
      vertex -4.1638e-15 40.2 -115
      vertex -0.74153 40.2162 -115
    endloop
  endfacet
  facet normal 0 0 -1
    outer loop
      vertex 3.67947 40.603 -115
      vertex 2.95202 40.4583 -115
      vertex 0 57.2 -115
    endloop
  endfacet
  facet normal 0 0 -1
    outer loop
      vertex 2.95202 40.4583 -115
      vertex 2.21895 40.3454 -115
      vertex 0 57.2 -115
    endloop
  endfacet
  facet normal 0 0 -1
    outer loop
      vertex 0 57.2 -115
      vertex 2.21895 40.3454 -115
      vertex 1.48165 40.2647 -115
    endloop
  endfacet
  facet normal 0 0 -1
    outer loop
      vertex 5.81434 41.2252 -115
      vertex 5.112 40.9868 -115
      vertex 0 57.2 -115
    endloop
  endfacet
  facet normal 0 0 -1
    outer loop
      vertex 5.112 40.9868 -115
      vertex 4.39992 40.7793 -115
      vertex 0 57.2 -115
    endloop
  endfacet
  facet normal 0 0 -1
    outer loop
      vertex 0 57.2 -115
      vertex 4.39992 40.7793 -115
      vertex 3.67947 40.603 -115
    endloop
  endfacet
  facet normal 0 0 -1
    outer loop
      vertex 7.84973 42.1208 -115
      vertex 7.18451 41.7928 -115
      vertex 0 57.2 -115
    endloop
  endfacet
  facet normal 0 0 -1
    outer loop
      vertex 7.18451 41.7928 -115
      vertex 6.50562 41.494 -115
      vertex 0 57.2 -115
    endloop
  endfacet
  facet normal 0 0 -1
    outer loop
      vertex 0 57.2 -115
      vertex 6.50562 41.494 -115
      vertex 5.81434 41.2252 -115
    endloop
  endfacet
  facet normal 0 0 -1
    outer loop
      vertex 9.7508 43.2744 -115
      vertex 9.13409 42.8623 -115
      vertex 0 57.2 -115
    endloop
  endfacet
  facet normal 0 0 -1
    outer loop
      vertex 9.13409 42.8623 -115
      vertex 8.5 42.4776 -115
      vertex 0 57.2 -115
    endloop
  endfacet
  facet normal 0 0 -1
    outer loop
      vertex 0 57.2 -115
      vertex 8.5 42.4776 -115
      vertex 7.84973 42.1208 -115
    endloop
  endfacet
  facet normal 0 0 -1
    outer loop
      vertex 11.485 44.6663 -115
      vertex 10.9274 44.1772 -115
      vertex 0 57.2 -115
    endloop
  endfacet
  facet normal 0 0 -1
    outer loop
      vertex 10.9274 44.1772 -115
      vertex 10.3489 43.713 -115
      vertex 0 57.2 -115
    endloop
  endfacet
  facet normal 0 0 -1
    outer loop
      vertex 0 57.2 -115
      vertex 10.3489 43.713 -115
      vertex 9.7508 43.2744 -115
    endloop
  endfacet
  facet normal 0 0 -1
    outer loop
      vertex 13.0228 46.2726 -115
      vertex 12.5337 45.715 -115
      vertex 0 57.2 -115
    endloop
  endfacet
  facet normal 0 0 -1
    outer loop
      vertex 12.5337 45.715 -115
      vertex 12.0208 45.1792 -115
      vertex 0 57.2 -115
    endloop
  endfacet
  facet normal 0 0 -1
    outer loop
      vertex 0 57.2 -115
      vertex 12.0208 45.1792 -115
      vertex 11.485 44.6663 -115
    endloop
  endfacet
  facet normal 0 0 -1
    outer loop
      vertex 14.3377 48.0659 -115
      vertex 13.9256 47.4492 -115
      vertex 0 57.2 -115
    endloop
  endfacet
  facet normal 0 0 -1
    outer loop
      vertex 13.9256 47.4492 -115
      vertex 13.487 46.8511 -115
      vertex 0 57.2 -115
    endloop
  endfacet
  facet normal 0 0 -1
    outer loop
      vertex 0 57.2 -115
      vertex 13.487 46.8511 -115
      vertex 13.0228 46.2726 -115
    endloop
  endfacet
  facet normal 0 0 -1
    outer loop
      vertex 15.4072 50.0155 -115
      vertex 15.0792 49.3503 -115
      vertex 0 57.2 -115
    endloop
  endfacet
  facet normal 0 0 -1
    outer loop
      vertex 15.0792 49.3503 -115
      vertex 14.7224 48.7 -115
      vertex 0 57.2 -115
    endloop
  endfacet
  facet normal 0 0 -1
    outer loop
      vertex 0 57.2 -115
      vertex 14.7224 48.7 -115
      vertex 14.3377 48.0659 -115
    endloop
  endfacet
  facet normal 0 0 -1
    outer loop
      vertex 16.2132 52.088 -115
      vertex 15.9748 51.3857 -115
      vertex 0 57.2 -115
    endloop
  endfacet
  facet normal 0 0 -1
    outer loop
      vertex 15.9748 51.3857 -115
      vertex 15.706 50.6944 -115
      vertex 0 57.2 -115
    endloop
  endfacet
  facet normal 0 0 -1
    outer loop
      vertex 0 57.2 -115
      vertex 15.706 50.6944 -115
      vertex 15.4072 50.0155 -115
    endloop
  endfacet
  facet normal 0 0 -1
    outer loop
      vertex 16.7417 54.248 -115
      vertex 16.597 53.5205 -115
      vertex 0 57.2 -115
    endloop
  endfacet
  facet normal 0 0 -1
    outer loop
      vertex 16.597 53.5205 -115
      vertex 16.4207 52.8001 -115
      vertex 0 57.2 -115
    endloop
  endfacet
  facet normal 0 0 -1
    outer loop
      vertex 0 57.2 -115
      vertex 16.4207 52.8001 -115
      vertex 16.2132 52.088 -115
    endloop
  endfacet
  facet normal 0 0 -1
    outer loop
      vertex 16.9838 56.4585 -115
      vertex 16.9353 55.7184 -115
      vertex 0 57.2 -115
    endloop
  endfacet
  facet normal 0 0 -1
    outer loop
      vertex 16.9353 55.7184 -115
      vertex 16.8546 54.9811 -115
      vertex 0 57.2 -115
    endloop
  endfacet
  facet normal 0 0 -1
    outer loop
      vertex 0 57.2 -115
      vertex 16.8546 54.9811 -115
      vertex 16.7417 54.248 -115
    endloop
  endfacet
  facet normal 0 0 -1
    outer loop
      vertex 16.9353 58.6816 -115
      vertex 16.9838 57.9415 -115
      vertex 0 57.2 -115
    endloop
  endfacet
  facet normal 0 0 -1
    outer loop
      vertex 16.9838 57.9415 -115
      vertex 17 57.2 -115
      vertex 0 57.2 -115
    endloop
  endfacet
  facet normal 0 0 -1
    outer loop
      vertex 0 57.2 -115
      vertex 17 57.2 -115
      vertex 16.9838 56.4585 -115
    endloop
  endfacet
  facet normal 0 0 -1
    outer loop
      vertex 16.597 60.8795 -115
      vertex 16.7417 60.152 -115
      vertex 0 57.2 -115
    endloop
  endfacet
  facet normal 0 0 -1
    outer loop
      vertex 16.7417 60.152 -115
      vertex 16.8546 59.4189 -115
      vertex 0 57.2 -115
    endloop
  endfacet
  facet normal 0 0 -1
    outer loop
      vertex 0 57.2 -115
      vertex 16.8546 59.4189 -115
      vertex 16.9353 58.6816 -115
    endloop
  endfacet
  facet normal 0 0 -1
    outer loop
      vertex 15.9748 63.0143 -115
      vertex 16.2132 62.312 -115
      vertex 0 57.2 -115
    endloop
  endfacet
  facet normal 0 0 -1
    outer loop
      vertex 16.2132 62.312 -115
      vertex 16.4207 61.5999 -115
      vertex 0 57.2 -115
    endloop
  endfacet
  facet normal 0 0 -1
    outer loop
      vertex 0 57.2 -115
      vertex 16.4207 61.5999 -115
      vertex 16.597 60.8795 -115
    endloop
  endfacet
  facet normal 0 0 -1
    outer loop
      vertex 15.0792 65.0497 -115
      vertex 15.4072 64.3845 -115
      vertex 0 57.2 -115
    endloop
  endfacet
  facet normal 0 0 -1
    outer loop
      vertex 15.4072 64.3845 -115
      vertex 15.706 63.7056 -115
      vertex 0 57.2 -115
    endloop
  endfacet
  facet normal 0 0 -1
    outer loop
      vertex 0 57.2 -115
      vertex 15.706 63.7056 -115
      vertex 15.9748 63.0143 -115
    endloop
  endfacet
  facet normal 0 0 -1
    outer loop
      vertex 13.9256 66.9508 -115
      vertex 14.3377 66.3341 -115
      vertex 0 57.2 -115
    endloop
  endfacet
  facet normal 0 0 -1
    outer loop
      vertex 14.3377 66.3341 -115
      vertex 14.7224 65.7 -115
      vertex 0 57.2 -115
    endloop
  endfacet
  facet normal 0 0 -1
    outer loop
      vertex 0 57.2 -115
      vertex 14.7224 65.7 -115
      vertex 15.0792 65.0497 -115
    endloop
  endfacet
  facet normal 0 0 -1
    outer loop
      vertex 12.5337 68.685 -115
      vertex 13.0228 68.1274 -115
      vertex 0 57.2 -115
    endloop
  endfacet
  facet normal 0 0 -1
    outer loop
      vertex 13.0228 68.1274 -115
      vertex 13.487 67.5489 -115
      vertex 0 57.2 -115
    endloop
  endfacet
  facet normal 0 0 -1
    outer loop
      vertex 0 57.2 -115
      vertex 13.487 67.5489 -115
      vertex 13.9256 66.9508 -115
    endloop
  endfacet
  facet normal 0 0 -1
    outer loop
      vertex 10.9274 70.2228 -115
      vertex 11.485 69.7337 -115
      vertex 0 57.2 -115
    endloop
  endfacet
  facet normal 0 0 -1
    outer loop
      vertex 11.485 69.7337 -115
      vertex 12.0208 69.2208 -115
      vertex 0 57.2 -115
    endloop
  endfacet
  facet normal 0 0 -1
    outer loop
      vertex 0 57.2 -115
      vertex 12.0208 69.2208 -115
      vertex 12.5337 68.685 -115
    endloop
  endfacet
  facet normal 0 0 -1
    outer loop
      vertex 9.13409 71.5377 -115
      vertex 9.7508 71.1256 -115
      vertex 0 57.2 -115
    endloop
  endfacet
  facet normal 0 0 -1
    outer loop
      vertex 9.7508 71.1256 -115
      vertex 10.3489 70.687 -115
      vertex 0 57.2 -115
    endloop
  endfacet
  facet normal 0 0 -1
    outer loop
      vertex 0 57.2 -115
      vertex 10.3489 70.687 -115
      vertex 10.9274 70.2228 -115
    endloop
  endfacet
  facet normal 0 0 -1
    outer loop
      vertex 7.18451 72.6072 -115
      vertex 7.84973 72.2792 -115
      vertex 0 57.2 -115
    endloop
  endfacet
  facet normal 0 0 -1
    outer loop
      vertex 7.84973 72.2792 -115
      vertex 8.5 71.9224 -115
      vertex 0 57.2 -115
    endloop
  endfacet
  facet normal 0 0 -1
    outer loop
      vertex 0 57.2 -115
      vertex 8.5 71.9224 -115
      vertex 9.13409 71.5377 -115
    endloop
  endfacet
  facet normal 0 0 -1
    outer loop
      vertex 5.112 73.4132 -115
      vertex 5.81434 73.1748 -115
      vertex 0 57.2 -115
    endloop
  endfacet
  facet normal 0 0 -1
    outer loop
      vertex 5.81434 73.1748 -115
      vertex 6.50562 72.906 -115
      vertex 0 57.2 -115
    endloop
  endfacet
  facet normal 0 0 -1
    outer loop
      vertex 0 57.2 -115
      vertex 6.50562 72.906 -115
      vertex 7.18451 72.6072 -115
    endloop
  endfacet
  facet normal 0 0 -1
    outer loop
      vertex 2.95202 73.9417 -115
      vertex 3.67947 73.797 -115
      vertex 0 57.2 -115
    endloop
  endfacet
  facet normal 0 0 -1
    outer loop
      vertex 3.67947 73.797 -115
      vertex 4.39992 73.6207 -115
      vertex 0 57.2 -115
    endloop
  endfacet
  facet normal 0 0 -1
    outer loop
      vertex 0 57.2 -115
      vertex 4.39992 73.6207 -115
      vertex 5.112 73.4132 -115
    endloop
  endfacet
  facet normal 0 0 -1
    outer loop
      vertex 0.74153 74.1838 -115
      vertex 1.48165 74.1353 -115
      vertex 0 57.2 -115
    endloop
  endfacet
  facet normal 0 0 -1
    outer loop
      vertex 1.48165 74.1353 -115
      vertex 2.21895 74.0546 -115
      vertex 0 57.2 -115
    endloop
  endfacet
  facet normal 0 0 -1
    outer loop
      vertex 0 57.2 -115
      vertex 2.21895 74.0546 -115
      vertex 2.95202 73.9417 -115
    endloop
  endfacet
  facet normal 0 0 -1
    outer loop
      vertex -1.48165 74.1353 -115
      vertex -0.74153 74.1838 -115
      vertex 0 57.2 -115
    endloop
  endfacet
  facet normal 0 0 -1
    outer loop
      vertex -0.74153 74.1838 -115
      vertex 2.0819e-15 74.2 -115
      vertex 0 57.2 -115
    endloop
  endfacet
  facet normal 0 0 -1
    outer loop
      vertex 0 57.2 -115
      vertex 2.0819e-15 74.2 -115
      vertex 0.74153 74.1838 -115
    endloop
  endfacet
  facet normal 0 0 -1
    outer loop
      vertex -3.67947 73.797 -115
      vertex -2.95202 73.9417 -115
      vertex 0 57.2 -115
    endloop
  endfacet
  facet normal 0 0 -1
    outer loop
      vertex -2.95202 73.9417 -115
      vertex -2.21895 74.0546 -115
      vertex 0 57.2 -115
    endloop
  endfacet
  facet normal 0 0 -1
    outer loop
      vertex 0 57.2 -115
      vertex -2.21895 74.0546 -115
      vertex -1.48165 74.1353 -115
    endloop
  endfacet
  facet normal 0 0 -1
    outer loop
      vertex -5.81434 73.1748 -115
      vertex -5.112 73.4132 -115
      vertex 0 57.2 -115
    endloop
  endfacet
  facet normal 0 0 -1
    outer loop
      vertex -5.112 73.4132 -115
      vertex -4.39992 73.6207 -115
      vertex 0 57.2 -115
    endloop
  endfacet
  facet normal 0 0 -1
    outer loop
      vertex 0 57.2 -115
      vertex -4.39992 73.6207 -115
      vertex -3.67947 73.797 -115
    endloop
  endfacet
  facet normal 0 0 -1
    outer loop
      vertex -7.84973 72.2792 -115
      vertex -7.18451 72.6072 -115
      vertex 0 57.2 -115
    endloop
  endfacet
  facet normal 0 0 -1
    outer loop
      vertex -7.18451 72.6072 -115
      vertex -6.50562 72.906 -115
      vertex 0 57.2 -115
    endloop
  endfacet
  facet normal 0 0 -1
    outer loop
      vertex 0 57.2 -115
      vertex -6.50562 72.906 -115
      vertex -5.81434 73.1748 -115
    endloop
  endfacet
  facet normal 0 0 -1
    outer loop
      vertex -9.7508 71.1256 -115
      vertex -9.13409 71.5377 -115
      vertex 0 57.2 -115
    endloop
  endfacet
  facet normal 0 0 -1
    outer loop
      vertex -9.13409 71.5377 -115
      vertex -8.5 71.9224 -115
      vertex 0 57.2 -115
    endloop
  endfacet
  facet normal 0 0 -1
    outer loop
      vertex 0 57.2 -115
      vertex -8.5 71.9224 -115
      vertex -7.84973 72.2792 -115
    endloop
  endfacet
  facet normal 0 0 -1
    outer loop
      vertex -11.485 69.7337 -115
      vertex -10.9274 70.2228 -115
      vertex 0 57.2 -115
    endloop
  endfacet
  facet normal 0 0 -1
    outer loop
      vertex -10.9274 70.2228 -115
      vertex -10.3489 70.687 -115
      vertex 0 57.2 -115
    endloop
  endfacet
  facet normal 0 0 -1
    outer loop
      vertex 0 57.2 -115
      vertex -10.3489 70.687 -115
      vertex -9.7508 71.1256 -115
    endloop
  endfacet
  facet normal 0 0 -1
    outer loop
      vertex -13.0228 68.1274 -115
      vertex -12.5337 68.685 -115
      vertex 0 57.2 -115
    endloop
  endfacet
  facet normal 0 0 -1
    outer loop
      vertex -12.5337 68.685 -115
      vertex -12.0208 69.2208 -115
      vertex 0 57.2 -115
    endloop
  endfacet
  facet normal 0 0 -1
    outer loop
      vertex 0 57.2 -115
      vertex -12.0208 69.2208 -115
      vertex -11.485 69.7337 -115
    endloop
  endfacet
  facet normal 0 0 -1
    outer loop
      vertex -14.3377 66.3341 -115
      vertex -13.9256 66.9508 -115
      vertex 0 57.2 -115
    endloop
  endfacet
  facet normal 0 0 -1
    outer loop
      vertex -13.9256 66.9508 -115
      vertex -13.487 67.5489 -115
      vertex 0 57.2 -115
    endloop
  endfacet
  facet normal 0 0 -1
    outer loop
      vertex 0 57.2 -115
      vertex -13.487 67.5489 -115
      vertex -13.0228 68.1274 -115
    endloop
  endfacet
  facet normal 0 0 -1
    outer loop
      vertex -15.4072 64.3845 -115
      vertex -15.0792 65.0497 -115
      vertex 0 57.2 -115
    endloop
  endfacet
  facet normal 0 0 -1
    outer loop
      vertex -15.0792 65.0497 -115
      vertex -14.7224 65.7 -115
      vertex 0 57.2 -115
    endloop
  endfacet
  facet normal 0 0 -1
    outer loop
      vertex 0 57.2 -115
      vertex -14.7224 65.7 -115
      vertex -14.3377 66.3341 -115
    endloop
  endfacet
  facet normal 0 0 -1
    outer loop
      vertex -16.2132 62.312 -115
      vertex -15.9748 63.0143 -115
      vertex 0 57.2 -115
    endloop
  endfacet
  facet normal 0 0 -1
    outer loop
      vertex -15.9748 63.0143 -115
      vertex -15.706 63.7056 -115
      vertex 0 57.2 -115
    endloop
  endfacet
  facet normal 0 0 -1
    outer loop
      vertex 0 57.2 -115
      vertex -15.706 63.7056 -115
      vertex -15.4072 64.3845 -115
    endloop
  endfacet
  facet normal 0 0 -1
    outer loop
      vertex -16.7417 60.152 -115
      vertex -16.597 60.8795 -115
      vertex 0 57.2 -115
    endloop
  endfacet
  facet normal 0 0 -1
    outer loop
      vertex -16.597 60.8795 -115
      vertex -16.4207 61.5999 -115
      vertex 0 57.2 -115
    endloop
  endfacet
  facet normal 0 0 -1
    outer loop
      vertex 0 57.2 -115
      vertex -16.4207 61.5999 -115
      vertex -16.2132 62.312 -115
    endloop
  endfacet
  facet normal 0 0 -1
    outer loop
      vertex -16.9838 57.9415 -115
      vertex -16.9353 58.6816 -115
      vertex 0 57.2 -115
    endloop
  endfacet
  facet normal 0 0 -1
    outer loop
      vertex -16.9353 58.6816 -115
      vertex -16.8546 59.4189 -115
      vertex 0 57.2 -115
    endloop
  endfacet
  facet normal 0 0 -1
    outer loop
      vertex 0 57.2 -115
      vertex -16.8546 59.4189 -115
      vertex -16.7417 60.152 -115
    endloop
  endfacet
  facet normal 0 0 -1
    outer loop
      vertex -16.9353 55.7184 -115
      vertex -16.9838 56.4585 -115
      vertex 0 57.2 -115
    endloop
  endfacet
  facet normal 0 0 -1
    outer loop
      vertex -16.9838 56.4585 -115
      vertex -17 57.2 -115
      vertex 0 57.2 -115
    endloop
  endfacet
  facet normal 0 0 -1
    outer loop
      vertex 0 57.2 -115
      vertex -17 57.2 -115
      vertex -16.9838 57.9415 -115
    endloop
  endfacet
  facet normal 0 0 -1
    outer loop
      vertex -16.597 53.5205 -115
      vertex -16.7417 54.248 -115
      vertex 0 57.2 -115
    endloop
  endfacet
  facet normal 0 0 -1
    outer loop
      vertex -16.7417 54.248 -115
      vertex -16.8546 54.9811 -115
      vertex 0 57.2 -115
    endloop
  endfacet
  facet normal 0 0 -1
    outer loop
      vertex 0 57.2 -115
      vertex -16.8546 54.9811 -115
      vertex -16.9353 55.7184 -115
    endloop
  endfacet
  facet normal 0 0 -1
    outer loop
      vertex -15.9748 51.3857 -115
      vertex -16.2132 52.088 -115
      vertex 0 57.2 -115
    endloop
  endfacet
  facet normal 0 0 -1
    outer loop
      vertex -16.2132 52.088 -115
      vertex -16.4207 52.8001 -115
      vertex 0 57.2 -115
    endloop
  endfacet
  facet normal 0 0 -1
    outer loop
      vertex 0 57.2 -115
      vertex -16.4207 52.8001 -115
      vertex -16.597 53.5205 -115
    endloop
  endfacet
  facet normal 0 0 -1
    outer loop
      vertex -15.0792 49.3503 -115
      vertex -15.4072 50.0155 -115
      vertex 0 57.2 -115
    endloop
  endfacet
  facet normal 0 0 -1
    outer loop
      vertex -15.4072 50.0155 -115
      vertex -15.706 50.6944 -115
      vertex 0 57.2 -115
    endloop
  endfacet
  facet normal 0 0 -1
    outer loop
      vertex 0 57.2 -115
      vertex -15.706 50.6944 -115
      vertex -15.9748 51.3857 -115
    endloop
  endfacet
  facet normal 0 0 -1
    outer loop
      vertex -13.9256 47.4492 -115
      vertex -14.3377 48.0659 -115
      vertex 0 57.2 -115
    endloop
  endfacet
  facet normal 0 0 -1
    outer loop
      vertex -14.3377 48.0659 -115
      vertex -14.7224 48.7 -115
      vertex 0 57.2 -115
    endloop
  endfacet
  facet normal 0 0 -1
    outer loop
      vertex 0 57.2 -115
      vertex -14.7224 48.7 -115
      vertex -15.0792 49.3503 -115
    endloop
  endfacet
  facet normal 0 0 -1
    outer loop
      vertex -12.5337 45.715 -115
      vertex -13.0228 46.2726 -115
      vertex 0 57.2 -115
    endloop
  endfacet
  facet normal 0 0 -1
    outer loop
      vertex -13.0228 46.2726 -115
      vertex -13.487 46.8511 -115
      vertex 0 57.2 -115
    endloop
  endfacet
  facet normal 0 0 -1
    outer loop
      vertex 0 57.2 -115
      vertex -13.487 46.8511 -115
      vertex -13.9256 47.4492 -115
    endloop
  endfacet
  facet normal 0 0 -1
    outer loop
      vertex -10.9274 44.1772 -115
      vertex -11.485 44.6663 -115
      vertex 0 57.2 -115
    endloop
  endfacet
  facet normal 0 0 -1
    outer loop
      vertex -11.485 44.6663 -115
      vertex -12.0208 45.1792 -115
      vertex 0 57.2 -115
    endloop
  endfacet
  facet normal 0 0 -1
    outer loop
      vertex 0 57.2 -115
      vertex -12.0208 45.1792 -115
      vertex -12.5337 45.715 -115
    endloop
  endfacet
  facet normal 0 0 -1
    outer loop
      vertex -9.13409 42.8623 -115
      vertex -9.7508 43.2744 -115
      vertex 0 57.2 -115
    endloop
  endfacet
  facet normal 0 0 -1
    outer loop
      vertex -9.7508 43.2744 -115
      vertex -10.3489 43.713 -115
      vertex 0 57.2 -115
    endloop
  endfacet
  facet normal 0 0 -1
    outer loop
      vertex 0 57.2 -115
      vertex -10.3489 43.713 -115
      vertex -10.9274 44.1772 -115
    endloop
  endfacet
  facet normal 0 0 -1
    outer loop
      vertex -7.18451 41.7928 -115
      vertex -7.84973 42.1208 -115
      vertex 0 57.2 -115
    endloop
  endfacet
  facet normal 0 0 -1
    outer loop
      vertex -7.84973 42.1208 -115
      vertex -8.5 42.4776 -115
      vertex 0 57.2 -115
    endloop
  endfacet
  facet normal 0 0 -1
    outer loop
      vertex 0 57.2 -115
      vertex -8.5 42.4776 -115
      vertex -9.13409 42.8623 -115
    endloop
  endfacet
  facet normal 0 0 -1
    outer loop
      vertex -5.112 40.9868 -115
      vertex -5.81434 41.2252 -115
      vertex 0 57.2 -115
    endloop
  endfacet
  facet normal 0 0 -1
    outer loop
      vertex -5.81434 41.2252 -115
      vertex -6.50562 41.494 -115
      vertex 0 57.2 -115
    endloop
  endfacet
  facet normal 0 0 -1
    outer loop
      vertex 0 57.2 -115
      vertex -6.50562 41.494 -115
      vertex -7.18451 41.7928 -115
    endloop
  endfacet
  facet normal 0 0 -1
    outer loop
      vertex -2.95202 40.4583 -115
      vertex -3.67947 40.603 -115
      vertex 0 57.2 -115
    endloop
  endfacet
  facet normal 0 0 -1
    outer loop
      vertex -3.67947 40.603 -115
      vertex -4.39992 40.7793 -115
      vertex 0 57.2 -115
    endloop
  endfacet
  facet normal 0 0 -1
    outer loop
      vertex 0 57.2 -115
      vertex -4.39992 40.7793 -115
      vertex -5.112 40.9868 -115
    endloop
  endfacet
  facet normal 0 0 -1
    outer loop
      vertex -0.74153 40.2162 -115
      vertex -1.48165 40.2647 -115
      vertex 0 57.2 -115
    endloop
  endfacet
  facet normal 0 0 -1
    outer loop
      vertex -1.48165 40.2647 -115
      vertex -2.21895 40.3454 -115
      vertex 0 57.2 -115
    endloop
  endfacet
  facet normal 0 0 -1
    outer loop
      vertex 0 57.2 -115
      vertex -2.21895 40.3454 -115
      vertex -2.95202 40.4583 -115
    endloop
  endfacet
  facet normal 0 0 -1
    outer loop
      vertex -13.5185 69 6.5
      vertex -10.6771 69 6.5
      vertex -13.5185 52.7 6.5
    endloop
  endfacet
  facet normal 0 0 -1
    outer loop
      vertex -10.6771 69 6.5
      vertex -10.6771 52.7 6.5
      vertex -13.5185 52.7 6.5
    endloop
  endfacet
  facet normal 0 1 0
    outer loop
      vertex 7.16971 74.2 -10.2394
      vertex 7.60952 74.2 -9.91692
      vertex 13.2511 74.2 -7.02904
    endloop
  endfacet
  facet normal 0 1 0
    outer loop
      vertex 0 74.2 -12.5
      vertex 0.545242 74.2 -12.4881
      vertex 0 74.2 -15
    endloop
  endfacet
  facet normal 0 1 0
    outer loop
      vertex -10.5424 74.2 -6.71625
      vertex -10.2394 74.2 -7.16971
      vertex -13.2511 74.2 -7.02904
    endloop
  endfacet
  facet normal 0 1 0
    outer loop
      vertex -7.16971 74.2 -10.2394
      vertex -6.71625 74.2 -10.5424
      vertex -17 74.2 -15
    endloop
  endfacet
  facet normal 0 1 0
    outer loop
      vertex -6.71625 74.2 -10.5424
      vertex -6.25 74.2 -10.8253
      vertex -17 74.2 -15
    endloop
  endfacet
  facet normal 0 1 0
    outer loop
      vertex -6.25 74.2 -10.8253
      vertex -5.77186 74.2 -11.0876
      vertex -17 74.2 -15
    endloop
  endfacet
  facet normal 0 1 0
    outer loop
      vertex -5.77186 74.2 -11.0876
      vertex -5.28273 74.2 -11.3288
      vertex -17 74.2 -15
    endloop
  endfacet
  facet normal 0 1 0
    outer loop
      vertex -17 74.2 -15
      vertex -5.28273 74.2 -11.3288
      vertex -4.78354 74.2 -11.5485
    endloop
  endfacet
  facet normal 0 1 0
    outer loop
      vertex 4.27525 74.2 -11.7462
      vertex 4.78354 74.2 -11.5485
      vertex 17 74.2 -15
    endloop
  endfacet
  facet normal 0 1 0
    outer loop
      vertex 4.78354 74.2 -11.5485
      vertex 5.28273 74.2 -11.3288
      vertex 17 74.2 -15
    endloop
  endfacet
  facet normal 0 1 0
    outer loop
      vertex 13.2511 74.2 -7.02904
      vertex 8.83884 74.2 -8.83884
      vertex 9.21597 74.2 -8.44488
    endloop
  endfacet
  facet normal 0 1 0
    outer loop
      vertex 9.21597 74.2 -8.44488
      vertex 9.57556 74.2 -8.03484
      vertex 13.2511 74.2 -7.02904
    endloop
  endfacet
  facet normal 0 1 0
    outer loop
      vertex 9.57556 74.2 -8.03484
      vertex 9.91692 74.2 -7.60952
      vertex 13.2511 74.2 -7.02904
    endloop
  endfacet
  facet normal 0 1 0
    outer loop
      vertex 13.2511 74.2 -7.02904
      vertex 9.91692 74.2 -7.60952
      vertex 10.2394 74.2 -7.16971
    endloop
  endfacet
  facet normal 0 1 0
    outer loop
      vertex 0 74.2 -12.5
      vertex 0 74.2 -15
      vertex -0.545242 74.2 -12.4881
    endloop
  endfacet
  facet normal 0 1 0
    outer loop
      vertex 7.60952 74.2 -9.91692
      vertex 8.03484 74.2 -9.57556
      vertex 13.2511 74.2 -7.02904
    endloop
  endfacet
  facet normal 0 1 0
    outer loop
      vertex 8.03484 74.2 -9.57556
      vertex 8.44488 74.2 -9.21597
      vertex 13.2511 74.2 -7.02904
    endloop
  endfacet
  facet normal 0 1 0
    outer loop
      vertex 13.2511 74.2 -7.02904
      vertex 8.44488 74.2 -9.21597
      vertex 8.83884 74.2 -8.83884
    endloop
  endfacet
  facet normal 0 1 0
    outer loop
      vertex -8.83884 74.2 -8.83884
      vertex -8.44488 74.2 -9.21597
      vertex -17 74.2 -15
    endloop
  endfacet
  facet normal 0 1 0
    outer loop
      vertex 0 74.2 -15
      vertex -2.7055 74.2 -12.2037
      vertex -2.1706 74.2 -12.3101
    endloop
  endfacet
  facet normal 0 1 0
    outer loop
      vertex 0.545242 74.2 -12.4881
      vertex 1.08945 74.2 -12.4524
      vertex 0 74.2 -15
    endloop
  endfacet
  facet normal 0 1 0
    outer loop
      vertex 1.08945 74.2 -12.4524
      vertex 1.63158 74.2 -12.3931
      vertex 0 74.2 -15
    endloop
  endfacet
  facet normal 0 1 0
    outer loop
      vertex 0 74.2 -15
      vertex 1.63158 74.2 -12.3931
      vertex 2.1706 74.2 -12.3101
    endloop
  endfacet
  facet normal 0 1 0
    outer loop
      vertex 2.1706 74.2 -12.3101
      vertex 2.7055 74.2 -12.2037
      vertex 0 74.2 -15
    endloop
  endfacet
  facet normal 0 1 0
    outer loop
      vertex 2.7055 74.2 -12.2037
      vertex 3.23524 74.2 -12.0741
      vertex 0 74.2 -15
    endloop
  endfacet
  facet normal 0 1 0
    outer loop
      vertex 0 74.2 -15
      vertex 3.23524 74.2 -12.0741
      vertex 17 74.2 -15
    endloop
  endfacet
  facet normal 0 1 0
    outer loop
      vertex 3.23524 74.2 -12.0741
      vertex 3.75882 74.2 -11.9215
      vertex 17 74.2 -15
    endloop
  endfacet
  facet normal 0 1 0
    outer loop
      vertex 17 74.2 -15
      vertex 3.75882 74.2 -11.9215
      vertex 4.27525 74.2 -11.7462
    endloop
  endfacet
  facet normal 0 1 0
    outer loop
      vertex 5.28273 74.2 -11.3288
      vertex 5.77186 74.2 -11.0876
      vertex 17 74.2 -15
    endloop
  endfacet
  facet normal 0 1 0
    outer loop
      vertex 5.77186 74.2 -11.0876
      vertex 6.25 74.2 -10.8253
      vertex 17 74.2 -15
    endloop
  endfacet
  facet normal 0 1 0
    outer loop
      vertex 17 74.2 -15
      vertex 6.25 74.2 -10.8253
      vertex 13.2511 74.2 -7.02904
    endloop
  endfacet
  facet normal 0 1 0
    outer loop
      vertex 6.25 74.2 -10.8253
      vertex 6.71625 74.2 -10.5424
      vertex 13.2511 74.2 -7.02904
    endloop
  endfacet
  facet normal 0 1 0
    outer loop
      vertex 13.2511 74.2 -7.02904
      vertex 6.71625 74.2 -10.5424
      vertex 7.16971 74.2 -10.2394
    endloop
  endfacet
  facet normal 0 1 0
    outer loop
      vertex -10.2394 74.2 -7.16971
      vertex -9.91692 74.2 -7.60952
      vertex -13.2511 74.2 -7.02904
    endloop
  endfacet
  facet normal 0 1 0
    outer loop
      vertex -9.91692 74.2 -7.60952
      vertex -9.57556 74.2 -8.03484
      vertex -13.2511 74.2 -7.02904
    endloop
  endfacet
  facet normal 0 1 0
    outer loop
      vertex -13.2511 74.2 -7.02904
      vertex -9.57556 74.2 -8.03484
      vertex -17 74.2 -15
    endloop
  endfacet
  facet normal 0 1 0
    outer loop
      vertex -9.57556 74.2 -8.03484
      vertex -9.21597 74.2 -8.44488
      vertex -17 74.2 -15
    endloop
  endfacet
  facet normal 0 1 0
    outer loop
      vertex -17 74.2 -15
      vertex -9.21597 74.2 -8.44488
      vertex -8.83884 74.2 -8.83884
    endloop
  endfacet
  facet normal 0 1 0
    outer loop
      vertex -8.44488 74.2 -9.21597
      vertex -8.03484 74.2 -9.57556
      vertex -17 74.2 -15
    endloop
  endfacet
  facet normal 0 1 0
    outer loop
      vertex -8.03484 74.2 -9.57556
      vertex -7.60952 74.2 -9.91692
      vertex -17 74.2 -15
    endloop
  endfacet
  facet normal 0 1 0
    outer loop
      vertex -17 74.2 -15
      vertex -7.60952 74.2 -9.91692
      vertex -7.16971 74.2 -10.2394
    endloop
  endfacet
  facet normal 0 1 0
    outer loop
      vertex -4.78354 74.2 -11.5485
      vertex -4.27525 74.2 -11.7462
      vertex -17 74.2 -15
    endloop
  endfacet
  facet normal 0 1 0
    outer loop
      vertex -4.27525 74.2 -11.7462
      vertex -3.75882 74.2 -11.9215
      vertex -17 74.2 -15
    endloop
  endfacet
  facet normal 0 1 0
    outer loop
      vertex -17 74.2 -15
      vertex -3.75882 74.2 -11.9215
      vertex 0 74.2 -15
    endloop
  endfacet
  facet normal 0 1 0
    outer loop
      vertex -3.75882 74.2 -11.9215
      vertex -3.23524 74.2 -12.0741
      vertex 0 74.2 -15
    endloop
  endfacet
  facet normal 0 1 0
    outer loop
      vertex 0 74.2 -15
      vertex -3.23524 74.2 -12.0741
      vertex -2.7055 74.2 -12.2037
    endloop
  endfacet
  facet normal 0 1 0
    outer loop
      vertex -2.1706 74.2 -12.3101
      vertex -1.63158 74.2 -12.3931
      vertex 0 74.2 -15
    endloop
  endfacet
  facet normal 0 1 0
    outer loop
      vertex -1.63158 74.2 -12.3931
      vertex -1.08945 74.2 -12.4524
      vertex 0 74.2 -15
    endloop
  endfacet
  facet normal 0 1 0
    outer loop
      vertex 0 74.2 -15
      vertex -1.08945 74.2 -12.4524
      vertex -0.545242 74.2 -12.4881
    endloop
  endfacet
  facet normal 0 1 0
    outer loop
      vertex 10.2394 74.2 -7.16971
      vertex 10.5424 74.2 -6.71625
      vertex 13.2511 74.2 -7.02904
    endloop
  endfacet
  facet normal 0 1 0
    outer loop
      vertex 10.5424 74.2 -6.71625
      vertex 10.8253 74.2 -6.25
      vertex 13.2511 74.2 -7.02904
    endloop
  endfacet
  facet normal 0 1 0
    outer loop
      vertex 13.2511 74.2 -7.02904
      vertex 10.8253 74.2 -6.25
      vertex 13.3052 74.2 -6.92623
    endloop
  endfacet
  facet normal 0 1 0
    outer loop
      vertex 10.8253 74.2 -6.25
      vertex 11.0876 74.2 -5.77186
      vertex 13.3052 74.2 -6.92623
    endloop
  endfacet
  facet normal 0 1 0
    outer loop
      vertex 13.3052 74.2 -6.92623
      vertex 11.0876 74.2 -5.77186
      vertex 13.5946 74.2 -6.33927
    endloop
  endfacet
  facet normal 0 1 0
    outer loop
      vertex 11.0876 74.2 -5.77186
      vertex 11.3288 74.2 -5.28273
      vertex 13.5946 74.2 -6.33927
    endloop
  endfacet
  facet normal 0 1 0
    outer loop
      vertex 13.5946 74.2 -6.33927
      vertex 11.3288 74.2 -5.28273
      vertex 13.8582 74.2 -5.74025
    endloop
  endfacet
  facet normal 0 1 0
    outer loop
      vertex 11.3288 74.2 -5.28273
      vertex 11.5485 74.2 -4.78354
      vertex 13.8582 74.2 -5.74025
    endloop
  endfacet
  facet normal 0 1 0
    outer loop
      vertex 13.8582 74.2 -5.74025
      vertex 11.5485 74.2 -4.78354
      vertex 14.0954 74.2 -5.1303
    endloop
  endfacet
  facet normal 0 1 0
    outer loop
      vertex 11.5485 74.2 -4.78354
      vertex 11.7462 74.2 -4.27525
      vertex 14.0954 74.2 -5.1303
    endloop
  endfacet
  facet normal 0 1 0
    outer loop
      vertex 14.0954 74.2 -5.1303
      vertex 11.7462 74.2 -4.27525
      vertex 14.3058 74.2 -4.51059
    endloop
  endfacet
  facet normal 0 1 0
    outer loop
      vertex 11.7462 74.2 -4.27525
      vertex 11.9215 74.2 -3.75882
      vertex 14.3058 74.2 -4.51059
    endloop
  endfacet
  facet normal 0 1 0
    outer loop
      vertex 14.3058 74.2 -4.51059
      vertex 11.9215 74.2 -3.75882
      vertex 14.4889 74.2 -3.88229
    endloop
  endfacet
  facet normal 0 1 0
    outer loop
      vertex 11.9215 74.2 -3.75882
      vertex 12.0741 74.2 -3.23524
      vertex 14.4889 74.2 -3.88229
    endloop
  endfacet
  facet normal 0 1 0
    outer loop
      vertex 14.4889 74.2 -3.88229
      vertex 12.0741 74.2 -3.23524
      vertex 14.6444 74.2 -3.24659
    endloop
  endfacet
  facet normal 0 1 0
    outer loop
      vertex 12.0741 74.2 -3.23524
      vertex 12.2037 74.2 -2.7055
      vertex 14.6444 74.2 -3.24659
    endloop
  endfacet
  facet normal 0 1 0
    outer loop
      vertex 14.6444 74.2 -3.24659
      vertex 12.2037 74.2 -2.7055
      vertex 14.7721 74.2 -2.60472
    endloop
  endfacet
  facet normal 0 1 0
    outer loop
      vertex 12.2037 74.2 -2.7055
      vertex 12.3101 74.2 -2.1706
      vertex 14.7721 74.2 -2.60472
    endloop
  endfacet
  facet normal 0 1 0
    outer loop
      vertex 14.7721 74.2 -2.60472
      vertex 12.3101 74.2 -2.1706
      vertex 14.8717 74.2 -1.95789
    endloop
  endfacet
  facet normal 0 1 0
    outer loop
      vertex 12.3101 74.2 -2.1706
      vertex 12.3931 74.2 -1.63158
      vertex 14.8717 74.2 -1.95789
    endloop
  endfacet
  facet normal 0 1 0
    outer loop
      vertex 14.8717 74.2 -1.95789
      vertex 12.3931 74.2 -1.63158
      vertex 14.9429 74.2 -1.30734
    endloop
  endfacet
  facet normal 0 1 0
    outer loop
      vertex 12.3931 74.2 -1.63158
      vertex 12.4524 74.2 -1.08945
      vertex 14.9429 74.2 -1.30734
    endloop
  endfacet
  facet normal 0 1 0
    outer loop
      vertex 14.9429 74.2 -1.30734
      vertex 12.4524 74.2 -1.08945
      vertex 14.9857 74.2 -0.654291
    endloop
  endfacet
  facet normal 0 1 0
    outer loop
      vertex 12.4524 74.2 -1.08945
      vertex 12.4881 74.2 -0.545242
      vertex 14.9857 74.2 -0.654291
    endloop
  endfacet
  facet normal 0 1 0
    outer loop
      vertex 14.9857 74.2 -0.654291
      vertex 12.4881 74.2 -0.545242
      vertex 15 74.2 0
    endloop
  endfacet
  facet normal 0 1 0
    outer loop
      vertex 12.4881 74.2 -0.545242
      vertex 12.5 74.2 0
      vertex 15 74.2 0
    endloop
  endfacet
  facet normal 0 1 0
    outer loop
      vertex 15 74.2 0
      vertex 12.5 74.2 0
      vertex 14.9857 74.2 0.654291
    endloop
  endfacet
  facet normal 0 1 0
    outer loop
      vertex 12.5 74.2 0
      vertex 12.4881 74.2 0.545242
      vertex 14.9857 74.2 0.654291
    endloop
  endfacet
  facet normal 0 1 0
    outer loop
      vertex 14.9857 74.2 0.654291
      vertex 12.4881 74.2 0.545242
      vertex 14.9429 74.2 1.30734
    endloop
  endfacet
  facet normal 0 1 0
    outer loop
      vertex 12.4881 74.2 0.545242
      vertex 12.4524 74.2 1.08945
      vertex 14.9429 74.2 1.30734
    endloop
  endfacet
  facet normal 0 1 0
    outer loop
      vertex 14.9429 74.2 1.30734
      vertex 12.4524 74.2 1.08945
      vertex 14.8717 74.2 1.95789
    endloop
  endfacet
  facet normal 0 1 0
    outer loop
      vertex 12.4524 74.2 1.08945
      vertex 12.3931 74.2 1.63158
      vertex 14.8717 74.2 1.95789
    endloop
  endfacet
  facet normal 0 1 0
    outer loop
      vertex 14.8717 74.2 1.95789
      vertex 12.3931 74.2 1.63158
      vertex 14.7721 74.2 2.60472
    endloop
  endfacet
  facet normal 0 1 0
    outer loop
      vertex 12.3931 74.2 1.63158
      vertex 12.3101 74.2 2.1706
      vertex 14.7721 74.2 2.60472
    endloop
  endfacet
  facet normal 0 1 0
    outer loop
      vertex 14.7721 74.2 2.60472
      vertex 12.3101 74.2 2.1706
      vertex 14.6444 74.2 3.24659
    endloop
  endfacet
  facet normal 0 1 0
    outer loop
      vertex 12.3101 74.2 2.1706
      vertex 12.2037 74.2 2.7055
      vertex 14.6444 74.2 3.24659
    endloop
  endfacet
  facet normal 0 1 0
    outer loop
      vertex 14.6444 74.2 3.24659
      vertex 12.2037 74.2 2.7055
      vertex 14.4889 74.2 3.88229
    endloop
  endfacet
  facet normal 0 1 0
    outer loop
      vertex 12.2037 74.2 2.7055
      vertex 12.0741 74.2 3.23524
      vertex 14.4889 74.2 3.88229
    endloop
  endfacet
  facet normal 0 1 0
    outer loop
      vertex 14.4889 74.2 3.88229
      vertex 12.0741 74.2 3.23524
      vertex 14.3058 74.2 4.51059
    endloop
  endfacet
  facet normal 0 1 0
    outer loop
      vertex 12.0741 74.2 3.23524
      vertex 11.9215 74.2 3.75882
      vertex 14.3058 74.2 4.51059
    endloop
  endfacet
  facet normal 0 1 0
    outer loop
      vertex 14.3058 74.2 4.51059
      vertex 11.9215 74.2 3.75882
      vertex 14.0954 74.2 5.1303
    endloop
  endfacet
  facet normal 0 1 0
    outer loop
      vertex 11.9215 74.2 3.75882
      vertex 11.7462 74.2 4.27525
      vertex 14.0954 74.2 5.1303
    endloop
  endfacet
  facet normal 0 1 0
    outer loop
      vertex 14.0954 74.2 5.1303
      vertex 11.7462 74.2 4.27525
      vertex 13.8582 74.2 5.74025
    endloop
  endfacet
  facet normal 0 1 0
    outer loop
      vertex 11.7462 74.2 4.27525
      vertex 11.5485 74.2 4.78354
      vertex 13.8582 74.2 5.74025
    endloop
  endfacet
  facet normal 0 1 0
    outer loop
      vertex 13.8582 74.2 5.74025
      vertex 11.5485 74.2 4.78354
      vertex 13.5946 74.2 6.33927
    endloop
  endfacet
  facet normal 0 1 0
    outer loop
      vertex 11.5485 74.2 4.78354
      vertex 11.3288 74.2 5.28273
      vertex 13.5946 74.2 6.33927
    endloop
  endfacet
  facet normal 0 1 0
    outer loop
      vertex 13.5946 74.2 6.33927
      vertex 11.3288 74.2 5.28273
      vertex 13.3052 74.2 6.92623
    endloop
  endfacet
  facet normal 0 1 0
    outer loop
      vertex 11.3288 74.2 5.28273
      vertex 11.0876 74.2 5.77186
      vertex 13.3052 74.2 6.92623
    endloop
  endfacet
  facet normal 0 1 0
    outer loop
      vertex 13.3052 74.2 6.92623
      vertex 11.0876 74.2 5.77186
      vertex 12.9904 74.2 7.5
    endloop
  endfacet
  facet normal 0 1 0
    outer loop
      vertex 11.0876 74.2 5.77186
      vertex 10.8253 74.2 6.25
      vertex 12.9904 74.2 7.5
    endloop
  endfacet
  facet normal 0 1 0
    outer loop
      vertex 12.9904 74.2 7.5
      vertex 10.8253 74.2 6.25
      vertex 12.6509 74.2 8.05949
    endloop
  endfacet
  facet normal 0 1 0
    outer loop
      vertex 10.8253 74.2 6.25
      vertex 10.5424 74.2 6.71625
      vertex 12.6509 74.2 8.05949
    endloop
  endfacet
  facet normal 0 1 0
    outer loop
      vertex 12.6509 74.2 8.05949
      vertex 10.5424 74.2 6.71625
      vertex 12.2873 74.2 8.60365
    endloop
  endfacet
  facet normal 0 1 0
    outer loop
      vertex 10.5424 74.2 6.71625
      vertex 10.2394 74.2 7.16971
      vertex 12.2873 74.2 8.60365
    endloop
  endfacet
  facet normal 0 1 0
    outer loop
      vertex 12.2873 74.2 8.60365
      vertex 10.2394 74.2 7.16971
      vertex 11.9003 74.2 9.13142
    endloop
  endfacet
  facet normal 0 1 0
    outer loop
      vertex 10.2394 74.2 7.16971
      vertex 9.91692 74.2 7.60952
      vertex 11.9003 74.2 9.13142
    endloop
  endfacet
  facet normal 0 1 0
    outer loop
      vertex 11.9003 74.2 9.13142
      vertex 9.91692 74.2 7.60952
      vertex 11.4907 74.2 9.64181
    endloop
  endfacet
  facet normal 0 1 0
    outer loop
      vertex 9.91692 74.2 7.60952
      vertex 9.57556 74.2 8.03484
      vertex 11.4907 74.2 9.64181
    endloop
  endfacet
  facet normal 0 1 0
    outer loop
      vertex 11.4907 74.2 9.64181
      vertex 9.57556 74.2 8.03484
      vertex 11.0592 74.2 10.1339
    endloop
  endfacet
  facet normal 0 1 0
    outer loop
      vertex 9.57556 74.2 8.03484
      vertex 9.21597 74.2 8.44488
      vertex 11.0592 74.2 10.1339
    endloop
  endfacet
  facet normal 0 1 0
    outer loop
      vertex 11.0592 74.2 10.1339
      vertex 9.21597 74.2 8.44488
      vertex 10.6066 74.2 10.6066
    endloop
  endfacet
  facet normal 0 1 0
    outer loop
      vertex 9.21597 74.2 8.44488
      vertex 8.83884 74.2 8.83884
      vertex 10.6066 74.2 10.6066
    endloop
  endfacet
  facet normal 0 1 0
    outer loop
      vertex 10.6066 74.2 10.6066
      vertex 8.83884 74.2 8.83884
      vertex 10.1339 74.2 11.0592
    endloop
  endfacet
  facet normal 0 1 0
    outer loop
      vertex 8.83884 74.2 8.83884
      vertex 8.44488 74.2 9.21597
      vertex 10.1339 74.2 11.0592
    endloop
  endfacet
  facet normal 0 1 0
    outer loop
      vertex 10.1339 74.2 11.0592
      vertex 8.44488 74.2 9.21597
      vertex 9.64181 74.2 11.4907
    endloop
  endfacet
  facet normal 0 1 0
    outer loop
      vertex 8.44488 74.2 9.21597
      vertex 8.03484 74.2 9.57556
      vertex 9.64181 74.2 11.4907
    endloop
  endfacet
  facet normal 0 1 0
    outer loop
      vertex 9.64181 74.2 11.4907
      vertex 8.03484 74.2 9.57556
      vertex 9.13142 74.2 11.9003
    endloop
  endfacet
  facet normal 0 1 0
    outer loop
      vertex 8.03484 74.2 9.57556
      vertex 7.60952 74.2 9.91692
      vertex 9.13142 74.2 11.9003
    endloop
  endfacet
  facet normal 0 1 0
    outer loop
      vertex 9.13142 74.2 11.9003
      vertex 7.60952 74.2 9.91692
      vertex 8.60365 74.2 12.2873
    endloop
  endfacet
  facet normal 0 1 0
    outer loop
      vertex 7.60952 74.2 9.91692
      vertex 7.16971 74.2 10.2394
      vertex 8.60365 74.2 12.2873
    endloop
  endfacet
  facet normal 0 1 0
    outer loop
      vertex 8.60365 74.2 12.2873
      vertex 7.16971 74.2 10.2394
      vertex 8.05949 74.2 12.6509
    endloop
  endfacet
  facet normal 0 1 0
    outer loop
      vertex 7.16971 74.2 10.2394
      vertex 6.71625 74.2 10.5424
      vertex 8.05949 74.2 12.6509
    endloop
  endfacet
  facet normal 0 1 0
    outer loop
      vertex 8.05949 74.2 12.6509
      vertex 6.71625 74.2 10.5424
      vertex 7.5 74.2 12.9904
    endloop
  endfacet
  facet normal 0 1 0
    outer loop
      vertex 6.71625 74.2 10.5424
      vertex 6.25 74.2 10.8253
      vertex 7.5 74.2 12.9904
    endloop
  endfacet
  facet normal 0 1 0
    outer loop
      vertex 7.5 74.2 12.9904
      vertex 6.25 74.2 10.8253
      vertex 6.92623 74.2 13.3052
    endloop
  endfacet
  facet normal 0 1 0
    outer loop
      vertex 6.25 74.2 10.8253
      vertex 5.77186 74.2 11.0876
      vertex 6.92623 74.2 13.3052
    endloop
  endfacet
  facet normal 0 1 0
    outer loop
      vertex 6.92623 74.2 13.3052
      vertex 5.77186 74.2 11.0876
      vertex 6.33927 74.2 13.5946
    endloop
  endfacet
  facet normal 0 1 0
    outer loop
      vertex 5.77186 74.2 11.0876
      vertex 5.28273 74.2 11.3288
      vertex 6.33927 74.2 13.5946
    endloop
  endfacet
  facet normal 0 1 0
    outer loop
      vertex 6.33927 74.2 13.5946
      vertex 5.28273 74.2 11.3288
      vertex 5.74025 74.2 13.8582
    endloop
  endfacet
  facet normal 0 1 0
    outer loop
      vertex 5.28273 74.2 11.3288
      vertex 4.78354 74.2 11.5485
      vertex 5.74025 74.2 13.8582
    endloop
  endfacet
  facet normal 0 1 0
    outer loop
      vertex 5.74025 74.2 13.8582
      vertex 4.78354 74.2 11.5485
      vertex 5.1303 74.2 14.0954
    endloop
  endfacet
  facet normal 0 1 0
    outer loop
      vertex 4.78354 74.2 11.5485
      vertex 4.27525 74.2 11.7462
      vertex 5.1303 74.2 14.0954
    endloop
  endfacet
  facet normal 0 1 0
    outer loop
      vertex 5.1303 74.2 14.0954
      vertex 4.27525 74.2 11.7462
      vertex 4.51059 74.2 14.3058
    endloop
  endfacet
  facet normal 0 1 0
    outer loop
      vertex 4.27525 74.2 11.7462
      vertex 3.75882 74.2 11.9215
      vertex 4.51059 74.2 14.3058
    endloop
  endfacet
  facet normal 0 1 0
    outer loop
      vertex 4.51059 74.2 14.3058
      vertex 3.75882 74.2 11.9215
      vertex 3.88229 74.2 14.4889
    endloop
  endfacet
  facet normal 0 1 0
    outer loop
      vertex 3.75882 74.2 11.9215
      vertex 3.23524 74.2 12.0741
      vertex 3.88229 74.2 14.4889
    endloop
  endfacet
  facet normal 0 1 0
    outer loop
      vertex 3.88229 74.2 14.4889
      vertex 3.23524 74.2 12.0741
      vertex 3.24659 74.2 14.6444
    endloop
  endfacet
  facet normal 0 1 0
    outer loop
      vertex 3.23524 74.2 12.0741
      vertex 2.7055 74.2 12.2037
      vertex 3.24659 74.2 14.6444
    endloop
  endfacet
  facet normal 0 1 0
    outer loop
      vertex 3.24659 74.2 14.6444
      vertex 2.7055 74.2 12.2037
      vertex 2.60472 74.2 14.7721
    endloop
  endfacet
  facet normal 0 1 0
    outer loop
      vertex 2.7055 74.2 12.2037
      vertex 2.1706 74.2 12.3101
      vertex 2.60472 74.2 14.7721
    endloop
  endfacet
  facet normal 0 1 0
    outer loop
      vertex 2.60472 74.2 14.7721
      vertex 2.1706 74.2 12.3101
      vertex 1.95789 74.2 14.8717
    endloop
  endfacet
  facet normal 0 1 0
    outer loop
      vertex 2.1706 74.2 12.3101
      vertex 1.63158 74.2 12.3931
      vertex 1.95789 74.2 14.8717
    endloop
  endfacet
  facet normal 0 1 0
    outer loop
      vertex 1.95789 74.2 14.8717
      vertex 1.63158 74.2 12.3931
      vertex 1.30734 74.2 14.9429
    endloop
  endfacet
  facet normal 0 1 0
    outer loop
      vertex 1.63158 74.2 12.3931
      vertex 1.08945 74.2 12.4524
      vertex 1.30734 74.2 14.9429
    endloop
  endfacet
  facet normal 0 1 0
    outer loop
      vertex 1.30734 74.2 14.9429
      vertex 1.08945 74.2 12.4524
      vertex 0.654291 74.2 14.9857
    endloop
  endfacet
  facet normal 0 1 0
    outer loop
      vertex 1.08945 74.2 12.4524
      vertex 0.545242 74.2 12.4881
      vertex 0.654291 74.2 14.9857
    endloop
  endfacet
  facet normal 0 1 0
    outer loop
      vertex 0.654291 74.2 14.9857
      vertex 0.545242 74.2 12.4881
      vertex 1.83697e-15 74.2 15
    endloop
  endfacet
  facet normal 0 1 0
    outer loop
      vertex 0.545242 74.2 12.4881
      vertex 1.53081e-15 74.2 12.5
      vertex 1.83697e-15 74.2 15
    endloop
  endfacet
  facet normal 0 1 0
    outer loop
      vertex 1.83697e-15 74.2 15
      vertex 1.53081e-15 74.2 12.5
      vertex -0.654291 74.2 14.9857
    endloop
  endfacet
  facet normal 0 1 0
    outer loop
      vertex 1.53081e-15 74.2 12.5
      vertex -0.545242 74.2 12.4881
      vertex -0.654291 74.2 14.9857
    endloop
  endfacet
  facet normal 0 1 0
    outer loop
      vertex -0.654291 74.2 14.9857
      vertex -0.545242 74.2 12.4881
      vertex -1.30734 74.2 14.9429
    endloop
  endfacet
  facet normal 0 1 0
    outer loop
      vertex -0.545242 74.2 12.4881
      vertex -1.08945 74.2 12.4524
      vertex -1.30734 74.2 14.9429
    endloop
  endfacet
  facet normal 0 1 0
    outer loop
      vertex -1.30734 74.2 14.9429
      vertex -1.08945 74.2 12.4524
      vertex -1.95789 74.2 14.8717
    endloop
  endfacet
  facet normal 0 1 0
    outer loop
      vertex -1.08945 74.2 12.4524
      vertex -1.63158 74.2 12.3931
      vertex -1.95789 74.2 14.8717
    endloop
  endfacet
  facet normal 0 1 0
    outer loop
      vertex -1.95789 74.2 14.8717
      vertex -1.63158 74.2 12.3931
      vertex -2.60472 74.2 14.7721
    endloop
  endfacet
  facet normal 0 1 0
    outer loop
      vertex -1.63158 74.2 12.3931
      vertex -2.1706 74.2 12.3101
      vertex -2.60472 74.2 14.7721
    endloop
  endfacet
  facet normal 0 1 0
    outer loop
      vertex -2.60472 74.2 14.7721
      vertex -2.1706 74.2 12.3101
      vertex -3.24659 74.2 14.6444
    endloop
  endfacet
  facet normal 0 1 0
    outer loop
      vertex -2.1706 74.2 12.3101
      vertex -2.7055 74.2 12.2037
      vertex -3.24659 74.2 14.6444
    endloop
  endfacet
  facet normal 0 1 0
    outer loop
      vertex -3.24659 74.2 14.6444
      vertex -2.7055 74.2 12.2037
      vertex -3.88229 74.2 14.4889
    endloop
  endfacet
  facet normal 0 1 0
    outer loop
      vertex -2.7055 74.2 12.2037
      vertex -3.23524 74.2 12.0741
      vertex -3.88229 74.2 14.4889
    endloop
  endfacet
  facet normal 0 1 0
    outer loop
      vertex -3.88229 74.2 14.4889
      vertex -3.23524 74.2 12.0741
      vertex -4.51059 74.2 14.3058
    endloop
  endfacet
  facet normal 0 1 0
    outer loop
      vertex -3.23524 74.2 12.0741
      vertex -3.75882 74.2 11.9215
      vertex -4.51059 74.2 14.3058
    endloop
  endfacet
  facet normal 0 1 0
    outer loop
      vertex -4.51059 74.2 14.3058
      vertex -3.75882 74.2 11.9215
      vertex -5.1303 74.2 14.0954
    endloop
  endfacet
  facet normal 0 1 0
    outer loop
      vertex -3.75882 74.2 11.9215
      vertex -4.27525 74.2 11.7462
      vertex -5.1303 74.2 14.0954
    endloop
  endfacet
  facet normal 0 1 0
    outer loop
      vertex -5.1303 74.2 14.0954
      vertex -4.27525 74.2 11.7462
      vertex -5.74025 74.2 13.8582
    endloop
  endfacet
  facet normal 0 1 0
    outer loop
      vertex -4.27525 74.2 11.7462
      vertex -4.78354 74.2 11.5485
      vertex -5.74025 74.2 13.8582
    endloop
  endfacet
  facet normal 0 1 0
    outer loop
      vertex -5.74025 74.2 13.8582
      vertex -4.78354 74.2 11.5485
      vertex -6.33927 74.2 13.5946
    endloop
  endfacet
  facet normal 0 1 0
    outer loop
      vertex -4.78354 74.2 11.5485
      vertex -5.28273 74.2 11.3288
      vertex -6.33927 74.2 13.5946
    endloop
  endfacet
  facet normal 0 1 0
    outer loop
      vertex -6.33927 74.2 13.5946
      vertex -5.28273 74.2 11.3288
      vertex -6.92623 74.2 13.3052
    endloop
  endfacet
  facet normal 0 1 0
    outer loop
      vertex -5.28273 74.2 11.3288
      vertex -5.77186 74.2 11.0876
      vertex -6.92623 74.2 13.3052
    endloop
  endfacet
  facet normal 0 1 0
    outer loop
      vertex -6.92623 74.2 13.3052
      vertex -5.77186 74.2 11.0876
      vertex -7.5 74.2 12.9904
    endloop
  endfacet
  facet normal 0 1 0
    outer loop
      vertex -5.77186 74.2 11.0876
      vertex -6.25 74.2 10.8253
      vertex -7.5 74.2 12.9904
    endloop
  endfacet
  facet normal 0 1 0
    outer loop
      vertex -7.5 74.2 12.9904
      vertex -6.25 74.2 10.8253
      vertex -8.05949 74.2 12.6509
    endloop
  endfacet
  facet normal 0 1 0
    outer loop
      vertex -6.25 74.2 10.8253
      vertex -6.71625 74.2 10.5424
      vertex -8.05949 74.2 12.6509
    endloop
  endfacet
  facet normal 0 1 0
    outer loop
      vertex -8.05949 74.2 12.6509
      vertex -6.71625 74.2 10.5424
      vertex -8.60365 74.2 12.2873
    endloop
  endfacet
  facet normal 0 1 0
    outer loop
      vertex -6.71625 74.2 10.5424
      vertex -7.16971 74.2 10.2394
      vertex -8.60365 74.2 12.2873
    endloop
  endfacet
  facet normal 0 1 0
    outer loop
      vertex -8.60365 74.2 12.2873
      vertex -7.16971 74.2 10.2394
      vertex -9.13142 74.2 11.9003
    endloop
  endfacet
  facet normal 0 1 0
    outer loop
      vertex -7.16971 74.2 10.2394
      vertex -7.60952 74.2 9.91692
      vertex -9.13142 74.2 11.9003
    endloop
  endfacet
  facet normal 0 1 0
    outer loop
      vertex -9.13142 74.2 11.9003
      vertex -7.60952 74.2 9.91692
      vertex -9.64181 74.2 11.4907
    endloop
  endfacet
  facet normal 0 1 0
    outer loop
      vertex -7.60952 74.2 9.91692
      vertex -8.03484 74.2 9.57556
      vertex -9.64181 74.2 11.4907
    endloop
  endfacet
  facet normal 0 1 0
    outer loop
      vertex -9.64181 74.2 11.4907
      vertex -8.03484 74.2 9.57556
      vertex -10.1339 74.2 11.0592
    endloop
  endfacet
  facet normal 0 1 0
    outer loop
      vertex -8.03484 74.2 9.57556
      vertex -8.44488 74.2 9.21597
      vertex -10.1339 74.2 11.0592
    endloop
  endfacet
  facet normal 0 1 0
    outer loop
      vertex -10.1339 74.2 11.0592
      vertex -8.44488 74.2 9.21597
      vertex -10.6066 74.2 10.6066
    endloop
  endfacet
  facet normal 0 1 0
    outer loop
      vertex -8.44488 74.2 9.21597
      vertex -8.83884 74.2 8.83884
      vertex -10.6066 74.2 10.6066
    endloop
  endfacet
  facet normal 0 1 0
    outer loop
      vertex -10.6066 74.2 10.6066
      vertex -8.83884 74.2 8.83884
      vertex -11.0592 74.2 10.1339
    endloop
  endfacet
  facet normal 0 1 0
    outer loop
      vertex -8.83884 74.2 8.83884
      vertex -9.21597 74.2 8.44488
      vertex -11.0592 74.2 10.1339
    endloop
  endfacet
  facet normal 0 1 0
    outer loop
      vertex -11.0592 74.2 10.1339
      vertex -9.21597 74.2 8.44488
      vertex -11.4907 74.2 9.64181
    endloop
  endfacet
  facet normal 0 1 0
    outer loop
      vertex -9.21597 74.2 8.44488
      vertex -9.57556 74.2 8.03484
      vertex -11.4907 74.2 9.64181
    endloop
  endfacet
  facet normal 0 1 0
    outer loop
      vertex -11.4907 74.2 9.64181
      vertex -9.57556 74.2 8.03484
      vertex -11.9003 74.2 9.13142
    endloop
  endfacet
  facet normal 0 1 0
    outer loop
      vertex -9.57556 74.2 8.03484
      vertex -9.91692 74.2 7.60952
      vertex -11.9003 74.2 9.13142
    endloop
  endfacet
  facet normal 0 1 0
    outer loop
      vertex -11.9003 74.2 9.13142
      vertex -9.91692 74.2 7.60952
      vertex -12.2873 74.2 8.60365
    endloop
  endfacet
  facet normal 0 1 0
    outer loop
      vertex -9.91692 74.2 7.60952
      vertex -10.2394 74.2 7.16971
      vertex -12.2873 74.2 8.60365
    endloop
  endfacet
  facet normal 0 1 0
    outer loop
      vertex -12.2873 74.2 8.60365
      vertex -10.2394 74.2 7.16971
      vertex -12.6509 74.2 8.05949
    endloop
  endfacet
  facet normal 0 1 0
    outer loop
      vertex -10.2394 74.2 7.16971
      vertex -10.5424 74.2 6.71625
      vertex -12.6509 74.2 8.05949
    endloop
  endfacet
  facet normal 0 1 0
    outer loop
      vertex -12.6509 74.2 8.05949
      vertex -10.5424 74.2 6.71625
      vertex -12.9904 74.2 7.5
    endloop
  endfacet
  facet normal 0 1 0
    outer loop
      vertex -10.5424 74.2 6.71625
      vertex -10.8253 74.2 6.25
      vertex -12.9904 74.2 7.5
    endloop
  endfacet
  facet normal 0 1 0
    outer loop
      vertex -12.9904 74.2 7.5
      vertex -10.8253 74.2 6.25
      vertex -13.3052 74.2 6.92623
    endloop
  endfacet
  facet normal 0 1 0
    outer loop
      vertex -10.8253 74.2 6.25
      vertex -11.0876 74.2 5.77186
      vertex -13.3052 74.2 6.92623
    endloop
  endfacet
  facet normal 0 1 0
    outer loop
      vertex -13.3052 74.2 6.92623
      vertex -11.0876 74.2 5.77186
      vertex -13.5946 74.2 6.33927
    endloop
  endfacet
  facet normal 0 1 0
    outer loop
      vertex -11.0876 74.2 5.77186
      vertex -11.3288 74.2 5.28273
      vertex -13.5946 74.2 6.33927
    endloop
  endfacet
  facet normal 0 1 0
    outer loop
      vertex -13.5946 74.2 6.33927
      vertex -11.3288 74.2 5.28273
      vertex -13.8582 74.2 5.74025
    endloop
  endfacet
  facet normal 0 1 0
    outer loop
      vertex -11.3288 74.2 5.28273
      vertex -11.5485 74.2 4.78354
      vertex -13.8582 74.2 5.74025
    endloop
  endfacet
  facet normal 0 1 0
    outer loop
      vertex -13.8582 74.2 5.74025
      vertex -11.5485 74.2 4.78354
      vertex -14.0954 74.2 5.1303
    endloop
  endfacet
  facet normal 0 1 0
    outer loop
      vertex -11.5485 74.2 4.78354
      vertex -11.7462 74.2 4.27525
      vertex -14.0954 74.2 5.1303
    endloop
  endfacet
  facet normal 0 1 0
    outer loop
      vertex -14.0954 74.2 5.1303
      vertex -11.7462 74.2 4.27525
      vertex -14.3058 74.2 4.51059
    endloop
  endfacet
  facet normal 0 1 0
    outer loop
      vertex -11.7462 74.2 4.27525
      vertex -11.9215 74.2 3.75882
      vertex -14.3058 74.2 4.51059
    endloop
  endfacet
  facet normal 0 1 0
    outer loop
      vertex -14.3058 74.2 4.51059
      vertex -11.9215 74.2 3.75882
      vertex -14.4889 74.2 3.88229
    endloop
  endfacet
  facet normal 0 1 0
    outer loop
      vertex -11.9215 74.2 3.75882
      vertex -12.0741 74.2 3.23524
      vertex -14.4889 74.2 3.88229
    endloop
  endfacet
  facet normal 0 1 0
    outer loop
      vertex -14.4889 74.2 3.88229
      vertex -12.0741 74.2 3.23524
      vertex -14.6444 74.2 3.24659
    endloop
  endfacet
  facet normal 0 1 0
    outer loop
      vertex -12.0741 74.2 3.23524
      vertex -12.2037 74.2 2.7055
      vertex -14.6444 74.2 3.24659
    endloop
  endfacet
  facet normal 0 1 0
    outer loop
      vertex -14.6444 74.2 3.24659
      vertex -12.2037 74.2 2.7055
      vertex -14.7721 74.2 2.60472
    endloop
  endfacet
  facet normal 0 1 0
    outer loop
      vertex -12.2037 74.2 2.7055
      vertex -12.3101 74.2 2.1706
      vertex -14.7721 74.2 2.60472
    endloop
  endfacet
  facet normal 0 1 0
    outer loop
      vertex -14.7721 74.2 2.60472
      vertex -12.3101 74.2 2.1706
      vertex -14.8717 74.2 1.95789
    endloop
  endfacet
  facet normal 0 1 0
    outer loop
      vertex -12.3101 74.2 2.1706
      vertex -12.3931 74.2 1.63158
      vertex -14.8717 74.2 1.95789
    endloop
  endfacet
  facet normal 0 1 0
    outer loop
      vertex -14.8717 74.2 1.95789
      vertex -12.3931 74.2 1.63158
      vertex -14.9429 74.2 1.30734
    endloop
  endfacet
  facet normal 0 1 0
    outer loop
      vertex -12.3931 74.2 1.63158
      vertex -12.4524 74.2 1.08945
      vertex -14.9429 74.2 1.30734
    endloop
  endfacet
  facet normal 0 1 0
    outer loop
      vertex -14.9429 74.2 1.30734
      vertex -12.4524 74.2 1.08945
      vertex -14.9857 74.2 0.654291
    endloop
  endfacet
  facet normal 0 1 0
    outer loop
      vertex -12.4524 74.2 1.08945
      vertex -12.4881 74.2 0.545242
      vertex -14.9857 74.2 0.654291
    endloop
  endfacet
  facet normal 0 1 0
    outer loop
      vertex -14.9857 74.2 0.654291
      vertex -12.4881 74.2 0.545242
      vertex -15 74.2 3.67394e-15
    endloop
  endfacet
  facet normal 0 1 0
    outer loop
      vertex -12.4881 74.2 0.545242
      vertex -12.5 74.2 3.06162e-15
      vertex -15 74.2 3.67394e-15
    endloop
  endfacet
  facet normal 0 1 0
    outer loop
      vertex -15 74.2 3.67394e-15
      vertex -12.5 74.2 3.06162e-15
      vertex -14.9857 74.2 -0.654291
    endloop
  endfacet
  facet normal 0 1 0
    outer loop
      vertex -12.5 74.2 3.06162e-15
      vertex -12.4881 74.2 -0.545242
      vertex -14.9857 74.2 -0.654291
    endloop
  endfacet
  facet normal 0 1 0
    outer loop
      vertex -14.9857 74.2 -0.654291
      vertex -12.4881 74.2 -0.545242
      vertex -14.9429 74.2 -1.30734
    endloop
  endfacet
  facet normal 0 1 0
    outer loop
      vertex -12.4881 74.2 -0.545242
      vertex -12.4524 74.2 -1.08945
      vertex -14.9429 74.2 -1.30734
    endloop
  endfacet
  facet normal 0 1 0
    outer loop
      vertex -14.9429 74.2 -1.30734
      vertex -12.4524 74.2 -1.08945
      vertex -14.8717 74.2 -1.95789
    endloop
  endfacet
  facet normal 0 1 0
    outer loop
      vertex -12.4524 74.2 -1.08945
      vertex -12.3931 74.2 -1.63158
      vertex -14.8717 74.2 -1.95789
    endloop
  endfacet
  facet normal 0 1 0
    outer loop
      vertex -14.8717 74.2 -1.95789
      vertex -12.3931 74.2 -1.63158
      vertex -14.7721 74.2 -2.60472
    endloop
  endfacet
  facet normal 0 1 0
    outer loop
      vertex -12.3931 74.2 -1.63158
      vertex -12.3101 74.2 -2.1706
      vertex -14.7721 74.2 -2.60472
    endloop
  endfacet
  facet normal 0 1 0
    outer loop
      vertex -14.7721 74.2 -2.60472
      vertex -12.3101 74.2 -2.1706
      vertex -14.6444 74.2 -3.24659
    endloop
  endfacet
  facet normal 0 1 0
    outer loop
      vertex -12.3101 74.2 -2.1706
      vertex -12.2037 74.2 -2.7055
      vertex -14.6444 74.2 -3.24659
    endloop
  endfacet
  facet normal 0 1 0
    outer loop
      vertex -14.6444 74.2 -3.24659
      vertex -12.2037 74.2 -2.7055
      vertex -14.4889 74.2 -3.88229
    endloop
  endfacet
  facet normal 0 1 0
    outer loop
      vertex -12.2037 74.2 -2.7055
      vertex -12.0741 74.2 -3.23524
      vertex -14.4889 74.2 -3.88229
    endloop
  endfacet
  facet normal 0 1 0
    outer loop
      vertex -14.4889 74.2 -3.88229
      vertex -12.0741 74.2 -3.23524
      vertex -14.3058 74.2 -4.51059
    endloop
  endfacet
  facet normal 0 1 0
    outer loop
      vertex -12.0741 74.2 -3.23524
      vertex -11.9215 74.2 -3.75882
      vertex -14.3058 74.2 -4.51059
    endloop
  endfacet
  facet normal 0 1 0
    outer loop
      vertex -14.3058 74.2 -4.51059
      vertex -11.9215 74.2 -3.75882
      vertex -14.0954 74.2 -5.1303
    endloop
  endfacet
  facet normal 0 1 0
    outer loop
      vertex -11.9215 74.2 -3.75882
      vertex -11.7462 74.2 -4.27525
      vertex -14.0954 74.2 -5.1303
    endloop
  endfacet
  facet normal 0 1 0
    outer loop
      vertex -14.0954 74.2 -5.1303
      vertex -11.7462 74.2 -4.27525
      vertex -13.8582 74.2 -5.74025
    endloop
  endfacet
  facet normal 0 1 0
    outer loop
      vertex -11.7462 74.2 -4.27525
      vertex -11.5485 74.2 -4.78354
      vertex -13.8582 74.2 -5.74025
    endloop
  endfacet
  facet normal 0 1 0
    outer loop
      vertex -13.8582 74.2 -5.74025
      vertex -11.5485 74.2 -4.78354
      vertex -13.5946 74.2 -6.33927
    endloop
  endfacet
  facet normal 0 1 0
    outer loop
      vertex -11.5485 74.2 -4.78354
      vertex -11.3288 74.2 -5.28273
      vertex -13.5946 74.2 -6.33927
    endloop
  endfacet
  facet normal 0 1 0
    outer loop
      vertex -13.5946 74.2 -6.33927
      vertex -11.3288 74.2 -5.28273
      vertex -13.3052 74.2 -6.92623
    endloop
  endfacet
  facet normal 0 1 0
    outer loop
      vertex -11.3288 74.2 -5.28273
      vertex -11.0876 74.2 -5.77186
      vertex -13.3052 74.2 -6.92623
    endloop
  endfacet
  facet normal 0 1 0
    outer loop
      vertex -13.3052 74.2 -6.92623
      vertex -11.0876 74.2 -5.77186
      vertex -13.2511 74.2 -7.02904
    endloop
  endfacet
  facet normal 0 1 0
    outer loop
      vertex -11.0876 74.2 -5.77186
      vertex -10.8253 74.2 -6.25
      vertex -13.2511 74.2 -7.02904
    endloop
  endfacet
  facet normal 0 1 0
    outer loop
      vertex -13.2511 74.2 -7.02904
      vertex -10.8253 74.2 -6.25
      vertex -10.5424 74.2 -6.71625
    endloop
  endfacet
  facet normal 0 -1 0
    outer loop
      vertex -10.8253 69 6.25
      vertex -10.6771 69 6.5
      vertex -13.5185 69 6.5
    endloop
  endfacet
  facet normal 0 -1 0
    outer loop
      vertex -10.6771 69 -6.5
      vertex -10.8253 69 -6.25
      vertex -13.5185 69 -6.5
    endloop
  endfacet
  facet normal 0 -1 0
    outer loop
      vertex -10.8253 69 -6.25
      vertex -11.0876 69 -5.77186
      vertex -13.5185 69 -6.5
    endloop
  endfacet
  facet normal 0 -1 0
    outer loop
      vertex -13.5185 69 -6.5
      vertex -11.0876 69 -5.77186
      vertex -13.5946 69 -6.33927
    endloop
  endfacet
  facet normal 0 -1 0
    outer loop
      vertex -11.0876 69 -5.77186
      vertex -11.3288 69 -5.28273
      vertex -13.5946 69 -6.33927
    endloop
  endfacet
  facet normal 0 -1 0
    outer loop
      vertex -13.5946 69 -6.33927
      vertex -11.3288 69 -5.28273
      vertex -13.8582 69 -5.74025
    endloop
  endfacet
  facet normal 0 -1 0
    outer loop
      vertex -11.3288 69 -5.28273
      vertex -11.5485 69 -4.78354
      vertex -13.8582 69 -5.74025
    endloop
  endfacet
  facet normal 0 -1 0
    outer loop
      vertex -13.8582 69 -5.74025
      vertex -11.5485 69 -4.78354
      vertex -14.0954 69 -5.1303
    endloop
  endfacet
  facet normal 0 -1 0
    outer loop
      vertex -11.5485 69 -4.78354
      vertex -11.7462 69 -4.27525
      vertex -14.0954 69 -5.1303
    endloop
  endfacet
  facet normal 0 -1 0
    outer loop
      vertex -14.0954 69 -5.1303
      vertex -11.7462 69 -4.27525
      vertex -14.3058 69 -4.51059
    endloop
  endfacet
  facet normal 0 -1 0
    outer loop
      vertex -11.7462 69 -4.27525
      vertex -11.9215 69 -3.75882
      vertex -14.3058 69 -4.51059
    endloop
  endfacet
  facet normal 0 -1 0
    outer loop
      vertex -14.3058 69 -4.51059
      vertex -11.9215 69 -3.75882
      vertex -14.4889 69 -3.88229
    endloop
  endfacet
  facet normal 0 -1 0
    outer loop
      vertex -11.9215 69 -3.75882
      vertex -12.0741 69 -3.23524
      vertex -14.4889 69 -3.88229
    endloop
  endfacet
  facet normal 0 -1 0
    outer loop
      vertex -14.4889 69 -3.88229
      vertex -12.0741 69 -3.23524
      vertex -14.6444 69 -3.24659
    endloop
  endfacet
  facet normal 0 -1 0
    outer loop
      vertex -12.0741 69 -3.23524
      vertex -12.2037 69 -2.7055
      vertex -14.6444 69 -3.24659
    endloop
  endfacet
  facet normal 0 -1 0
    outer loop
      vertex -14.6444 69 -3.24659
      vertex -12.2037 69 -2.7055
      vertex -14.7721 69 -2.60472
    endloop
  endfacet
  facet normal 0 -1 0
    outer loop
      vertex -12.2037 69 -2.7055
      vertex -12.3101 69 -2.1706
      vertex -14.7721 69 -2.60472
    endloop
  endfacet
  facet normal 0 -1 0
    outer loop
      vertex -14.7721 69 -2.60472
      vertex -12.3101 69 -2.1706
      vertex -14.8717 69 -1.95789
    endloop
  endfacet
  facet normal 0 -1 0
    outer loop
      vertex -12.3101 69 -2.1706
      vertex -12.3931 69 -1.63158
      vertex -14.8717 69 -1.95789
    endloop
  endfacet
  facet normal 0 -1 0
    outer loop
      vertex -14.8717 69 -1.95789
      vertex -12.3931 69 -1.63158
      vertex -14.9429 69 -1.30734
    endloop
  endfacet
  facet normal 0 -1 0
    outer loop
      vertex -12.3931 69 -1.63158
      vertex -12.4524 69 -1.08945
      vertex -14.9429 69 -1.30734
    endloop
  endfacet
  facet normal 0 -1 0
    outer loop
      vertex -14.9429 69 -1.30734
      vertex -12.4524 69 -1.08945
      vertex -14.9857 69 -0.654291
    endloop
  endfacet
  facet normal 0 -1 0
    outer loop
      vertex -12.4524 69 -1.08945
      vertex -12.4881 69 -0.545242
      vertex -14.9857 69 -0.654291
    endloop
  endfacet
  facet normal 0 -1 0
    outer loop
      vertex -14.9857 69 -0.654291
      vertex -12.4881 69 -0.545242
      vertex -15 69 3.67394e-15
    endloop
  endfacet
  facet normal 0 -1 0
    outer loop
      vertex -12.4881 69 -0.545242
      vertex -12.5 69 3.06162e-15
      vertex -15 69 3.67394e-15
    endloop
  endfacet
  facet normal 0 -1 0
    outer loop
      vertex -15 69 3.67394e-15
      vertex -12.5 69 3.06162e-15
      vertex -14.9857 69 0.654291
    endloop
  endfacet
  facet normal 0 -1 0
    outer loop
      vertex -12.5 69 3.06162e-15
      vertex -12.4881 69 0.545242
      vertex -14.9857 69 0.654291
    endloop
  endfacet
  facet normal 0 -1 0
    outer loop
      vertex -14.9857 69 0.654291
      vertex -12.4881 69 0.545242
      vertex -14.9429 69 1.30734
    endloop
  endfacet
  facet normal 0 -1 0
    outer loop
      vertex -12.4881 69 0.545242
      vertex -12.4524 69 1.08945
      vertex -14.9429 69 1.30734
    endloop
  endfacet
  facet normal 0 -1 0
    outer loop
      vertex -14.9429 69 1.30734
      vertex -12.4524 69 1.08945
      vertex -14.8717 69 1.95789
    endloop
  endfacet
  facet normal 0 -1 0
    outer loop
      vertex -12.4524 69 1.08945
      vertex -12.3931 69 1.63158
      vertex -14.8717 69 1.95789
    endloop
  endfacet
  facet normal 0 -1 0
    outer loop
      vertex -14.8717 69 1.95789
      vertex -12.3931 69 1.63158
      vertex -14.7721 69 2.60472
    endloop
  endfacet
  facet normal 0 -1 0
    outer loop
      vertex -12.3931 69 1.63158
      vertex -12.3101 69 2.1706
      vertex -14.7721 69 2.60472
    endloop
  endfacet
  facet normal 0 -1 0
    outer loop
      vertex -14.7721 69 2.60472
      vertex -12.3101 69 2.1706
      vertex -14.6444 69 3.24659
    endloop
  endfacet
  facet normal 0 -1 0
    outer loop
      vertex -12.3101 69 2.1706
      vertex -12.2037 69 2.7055
      vertex -14.6444 69 3.24659
    endloop
  endfacet
  facet normal 0 -1 0
    outer loop
      vertex -14.6444 69 3.24659
      vertex -12.2037 69 2.7055
      vertex -14.4889 69 3.88229
    endloop
  endfacet
  facet normal 0 -1 0
    outer loop
      vertex -12.2037 69 2.7055
      vertex -12.0741 69 3.23524
      vertex -14.4889 69 3.88229
    endloop
  endfacet
  facet normal 0 -1 0
    outer loop
      vertex -14.4889 69 3.88229
      vertex -12.0741 69 3.23524
      vertex -14.3058 69 4.51059
    endloop
  endfacet
  facet normal 0 -1 0
    outer loop
      vertex -12.0741 69 3.23524
      vertex -11.9215 69 3.75882
      vertex -14.3058 69 4.51059
    endloop
  endfacet
  facet normal 0 -1 0
    outer loop
      vertex -14.3058 69 4.51059
      vertex -11.9215 69 3.75882
      vertex -14.0954 69 5.1303
    endloop
  endfacet
  facet normal 0 -1 0
    outer loop
      vertex -11.9215 69 3.75882
      vertex -11.7462 69 4.27525
      vertex -14.0954 69 5.1303
    endloop
  endfacet
  facet normal 0 -1 0
    outer loop
      vertex -14.0954 69 5.1303
      vertex -11.7462 69 4.27525
      vertex -13.8582 69 5.74025
    endloop
  endfacet
  facet normal 0 -1 0
    outer loop
      vertex -11.7462 69 4.27525
      vertex -11.5485 69 4.78354
      vertex -13.8582 69 5.74025
    endloop
  endfacet
  facet normal 0 -1 0
    outer loop
      vertex -13.8582 69 5.74025
      vertex -11.5485 69 4.78354
      vertex -13.5946 69 6.33927
    endloop
  endfacet
  facet normal 0 -1 0
    outer loop
      vertex -11.5485 69 4.78354
      vertex -11.3288 69 5.28273
      vertex -13.5946 69 6.33927
    endloop
  endfacet
  facet normal 0 -1 0
    outer loop
      vertex -13.5946 69 6.33927
      vertex -11.3288 69 5.28273
      vertex -13.5185 69 6.5
    endloop
  endfacet
  facet normal 0 -1 0
    outer loop
      vertex -11.3288 69 5.28273
      vertex -11.0876 69 5.77186
      vertex -13.5185 69 6.5
    endloop
  endfacet
  facet normal 0 -1 0
    outer loop
      vertex -13.5185 69 6.5
      vertex -11.0876 69 5.77186
      vertex -10.8253 69 6.25
    endloop
  endfacet
  facet normal 0 -1 0
    outer loop
      vertex -13.2511 39.8 -7.02904
      vertex -17 39.8 -15
      vertex -12.9904 39.8 -7.5
    endloop
  endfacet
  facet normal 0 -1 0
    outer loop
      vertex -17 39.8 -15
      vertex -12.6509 39.8 -8.05949
      vertex -12.9904 39.8 -7.5
    endloop
  endfacet
  facet normal 0 -1 0
    outer loop
      vertex 0 39.8 -15
      vertex -0.654291 39.8 -14.9857
      vertex -17 39.8 -15
    endloop
  endfacet
  facet normal 0 -1 0
    outer loop
      vertex -0.654291 39.8 -14.9857
      vertex -1.30734 39.8 -14.9429
      vertex -17 39.8 -15
    endloop
  endfacet
  facet normal 0 -1 0
    outer loop
      vertex -17 39.8 -15
      vertex -1.30734 39.8 -14.9429
      vertex -1.95789 39.8 -14.8717
    endloop
  endfacet
  facet normal 0 -1 0
    outer loop
      vertex -7.5 39.8 -12.9904
      vertex -8.05949 39.8 -12.6509
      vertex -17 39.8 -15
    endloop
  endfacet
  facet normal 0 -1 0
    outer loop
      vertex -8.05949 39.8 -12.6509
      vertex -8.60365 39.8 -12.2873
      vertex -17 39.8 -15
    endloop
  endfacet
  facet normal 0 -1 0
    outer loop
      vertex -1.95789 39.8 -14.8717
      vertex -2.60472 39.8 -14.7721
      vertex -17 39.8 -15
    endloop
  endfacet
  facet normal 0 -1 0
    outer loop
      vertex -2.60472 39.8 -14.7721
      vertex -3.24659 39.8 -14.6444
      vertex -17 39.8 -15
    endloop
  endfacet
  facet normal 0 -1 0
    outer loop
      vertex -17 39.8 -15
      vertex -3.24659 39.8 -14.6444
      vertex -3.88229 39.8 -14.4889
    endloop
  endfacet
  facet normal 0 -1 0
    outer loop
      vertex -3.88229 39.8 -14.4889
      vertex -4.51059 39.8 -14.3058
      vertex -17 39.8 -15
    endloop
  endfacet
  facet normal 0 -1 0
    outer loop
      vertex -4.51059 39.8 -14.3058
      vertex -5.1303 39.8 -14.0954
      vertex -17 39.8 -15
    endloop
  endfacet
  facet normal 0 -1 0
    outer loop
      vertex -17 39.8 -15
      vertex -5.1303 39.8 -14.0954
      vertex -5.74025 39.8 -13.8582
    endloop
  endfacet
  facet normal 0 -1 0
    outer loop
      vertex -5.74025 39.8 -13.8582
      vertex -6.33927 39.8 -13.5946
      vertex -17 39.8 -15
    endloop
  endfacet
  facet normal 0 -1 0
    outer loop
      vertex -6.33927 39.8 -13.5946
      vertex -6.92623 39.8 -13.3052
      vertex -17 39.8 -15
    endloop
  endfacet
  facet normal 0 -1 0
    outer loop
      vertex -17 39.8 -15
      vertex -6.92623 39.8 -13.3052
      vertex -7.5 39.8 -12.9904
    endloop
  endfacet
  facet normal 0 -1 0
    outer loop
      vertex -11.4907 39.8 -9.64181
      vertex -11.9003 39.8 -9.13142
      vertex -17 39.8 -15
    endloop
  endfacet
  facet normal 0 -1 0
    outer loop
      vertex -11.9003 39.8 -9.13142
      vertex -12.2873 39.8 -8.60365
      vertex -17 39.8 -15
    endloop
  endfacet
  facet normal 0 -1 0
    outer loop
      vertex -17 39.8 -15
      vertex -12.2873 39.8 -8.60365
      vertex -12.6509 39.8 -8.05949
    endloop
  endfacet
  facet normal 0 -1 0
    outer loop
      vertex -10.1339 39.8 -11.0592
      vertex -10.6066 39.8 -10.6066
      vertex -17 39.8 -15
    endloop
  endfacet
  facet normal 0 -1 0
    outer loop
      vertex -10.6066 39.8 -10.6066
      vertex -11.0592 39.8 -10.1339
      vertex -17 39.8 -15
    endloop
  endfacet
  facet normal 0 -1 0
    outer loop
      vertex -17 39.8 -15
      vertex -11.0592 39.8 -10.1339
      vertex -11.4907 39.8 -9.64181
    endloop
  endfacet
  facet normal 0 -1 0
    outer loop
      vertex -8.60365 39.8 -12.2873
      vertex -9.13142 39.8 -11.9003
      vertex -17 39.8 -15
    endloop
  endfacet
  facet normal 0 -1 0
    outer loop
      vertex -9.13142 39.8 -11.9003
      vertex -9.64181 39.8 -11.4907
      vertex -17 39.8 -15
    endloop
  endfacet
  facet normal 0 -1 0
    outer loop
      vertex -17 39.8 -15
      vertex -9.64181 39.8 -11.4907
      vertex -10.1339 39.8 -11.0592
    endloop
  endfacet
  facet normal -0.876727 0 -0.480989
    outer loop
      vertex 10.8253 0 6.25
      vertex 11.0876 52.5656 5.77186
      vertex 11.0876 0 5.77186
    endloop
  endfacet
  facet normal -0.896873 0 -0.442288
    outer loop
      vertex 11.0876 52.5656 5.77186
      vertex 11.3288 52.4753 5.28273
      vertex 11.0876 0 5.77186
    endloop
  endfacet
  facet normal -0.896873 0 -0.442288
    outer loop
      vertex 11.0876 0 5.77186
      vertex 11.3288 52.4753 5.28273
      vertex 11.3288 0 5.28273
    endloop
  endfacet
  facet normal -0.915312 0 -0.402747
    outer loop
      vertex 11.3288 52.4753 5.28273
      vertex 11.5485 52.3831 4.78354
      vertex 11.3288 0 5.28273
    endloop
  endfacet
  facet normal -0.915312 0 -0.402747
    outer loop
      vertex 11.3288 0 5.28273
      vertex 11.5485 52.3831 4.78354
      vertex 11.5485 0 4.78354
    endloop
  endfacet
  facet normal -0.932008 0 -0.362438
    outer loop
      vertex 11.5485 52.3831 4.78354
      vertex 11.7462 52.2893 4.27525
      vertex 11.5485 0 4.78354
    endloop
  endfacet
  facet normal -0.932008 0 -0.362438
    outer loop
      vertex 11.5485 0 4.78354
      vertex 11.7462 52.2893 4.27525
      vertex 11.7462 0 4.27525
    endloop
  endfacet
  facet normal -0.94693 0 -0.321439
    outer loop
      vertex 11.7462 52.2893 4.27525
      vertex 11.9215 52.1939 3.75882
      vertex 11.7462 0 4.27525
    endloop
  endfacet
  facet normal -0.94693 0 -0.321439
    outer loop
      vertex 11.7462 0 4.27525
      vertex 11.9215 52.1939 3.75882
      vertex 11.9215 0 3.75882
    endloop
  endfacet
  facet normal -0.96005 0 -0.279829
    outer loop
      vertex 11.9215 52.1939 3.75882
      vertex 12.0741 52.0973 3.23524
      vertex 11.9215 0 3.75882
    endloop
  endfacet
  facet normal -0.96005 0 -0.279829
    outer loop
      vertex 11.9215 0 3.75882
      vertex 12.0741 52.0973 3.23524
      vertex 12.0741 0 3.23524
    endloop
  endfacet
  facet normal -0.971342 0 -0.237685
    outer loop
      vertex 12.0741 52.0973 3.23524
      vertex 12.2037 51.9995 2.7055
      vertex 12.0741 0 3.23524
    endloop
  endfacet
  facet normal -0.971342 0 -0.237685
    outer loop
      vertex 12.0741 0 3.23524
      vertex 12.2037 51.9995 2.7055
      vertex 12.2037 0 2.7055
    endloop
  endfacet
  facet normal -0.980785 0 -0.195091
    outer loop
      vertex 12.2037 51.9995 2.7055
      vertex 12.3101 51.9007 2.1706
      vertex 12.2037 0 2.7055
    endloop
  endfacet
  facet normal -0.980785 0 -0.195091
    outer loop
      vertex 12.2037 0 2.7055
      vertex 12.3101 51.9007 2.1706
      vertex 12.3101 0 2.1706
    endloop
  endfacet
  facet normal -0.988361 0 -0.152124
    outer loop
      vertex 12.3101 51.9007 2.1706
      vertex 12.3931 51.8012 1.63158
      vertex 12.3101 0 2.1706
    endloop
  endfacet
  facet normal -0.988361 0 -0.152124
    outer loop
      vertex 12.3101 0 2.1706
      vertex 12.3931 51.8012 1.63158
      vertex 12.3931 0 1.63158
    endloop
  endfacet
  facet normal -0.994056 0 -0.108867
    outer loop
      vertex 12.3931 51.8012 1.63158
      vertex 12.4524 51.7011 1.08945
      vertex 12.3931 0 1.63158
    endloop
  endfacet
  facet normal -0.994056 0 -0.108867
    outer loop
      vertex 12.3931 0 1.63158
      vertex 12.4524 51.7011 1.08945
      vertex 12.4524 0 1.08945
    endloop
  endfacet
  facet normal -0.997859 0 -0.0654025
    outer loop
      vertex 12.4524 51.7011 1.08945
      vertex 12.4881 51.6007 0.545242
      vertex 12.4524 0 1.08945
    endloop
  endfacet
  facet normal -0.997859 0 -0.0654025
    outer loop
      vertex 12.4524 0 1.08945
      vertex 12.4881 51.6007 0.545242
      vertex 12.4881 0 0.545242
    endloop
  endfacet
  facet normal -0.999762 0 -0.0218156
    outer loop
      vertex 12.4881 51.6007 0.545242
      vertex 12.5 51.5 -2.60209e-15
      vertex 12.4881 0 0.545242
    endloop
  endfacet
  facet normal -0.999762 -1.08969e-18 -0.0218156
    outer loop
      vertex 12.4881 0 0.545242
      vertex 12.5 51.5 -2.60209e-15
      vertex 12.5 0 0
    endloop
  endfacet
  facet normal -0.999762 1.10226e-18 0.0218156
    outer loop
      vertex 12.5 51.5 -2.60209e-15
      vertex 12.4881 51.6007 -0.545242
      vertex 12.5 0 0
    endloop
  endfacet
  facet normal -0.999762 0 0.0218156
    outer loop
      vertex 12.5 0 0
      vertex 12.4881 51.6007 -0.545242
      vertex 12.4881 0 -0.545242
    endloop
  endfacet
  facet normal -0.997859 0 0.0654025
    outer loop
      vertex 12.4881 51.6007 -0.545242
      vertex 12.4524 51.7011 -1.08945
      vertex 12.4881 0 -0.545242
    endloop
  endfacet
  facet normal -0.997859 0 0.0654025
    outer loop
      vertex 12.4881 0 -0.545242
      vertex 12.4524 51.7011 -1.08945
      vertex 12.4524 0 -1.08945
    endloop
  endfacet
  facet normal -0.994056 0 0.108867
    outer loop
      vertex 12.4524 51.7011 -1.08945
      vertex 12.3931 51.8012 -1.63158
      vertex 12.4524 0 -1.08945
    endloop
  endfacet
  facet normal -0.994056 0 0.108867
    outer loop
      vertex 12.4524 0 -1.08945
      vertex 12.3931 51.8012 -1.63158
      vertex 12.3931 0 -1.63158
    endloop
  endfacet
  facet normal -0.988361 0 0.152124
    outer loop
      vertex 12.3931 51.8012 -1.63158
      vertex 12.3101 51.9007 -2.1706
      vertex 12.3931 0 -1.63158
    endloop
  endfacet
  facet normal -0.988361 0 0.152124
    outer loop
      vertex 12.3931 0 -1.63158
      vertex 12.3101 51.9007 -2.1706
      vertex 12.3101 0 -2.1706
    endloop
  endfacet
  facet normal -0.980785 0 0.195091
    outer loop
      vertex 12.3101 51.9007 -2.1706
      vertex 12.2037 51.9995 -2.7055
      vertex 12.3101 0 -2.1706
    endloop
  endfacet
  facet normal -0.980785 0 0.195091
    outer loop
      vertex 12.3101 0 -2.1706
      vertex 12.2037 51.9995 -2.7055
      vertex 12.2037 0 -2.7055
    endloop
  endfacet
  facet normal -0.971342 0 0.237685
    outer loop
      vertex 12.2037 51.9995 -2.7055
      vertex 12.0741 52.0973 -3.23524
      vertex 12.2037 0 -2.7055
    endloop
  endfacet
  facet normal -0.971342 0 0.237685
    outer loop
      vertex 12.2037 0 -2.7055
      vertex 12.0741 52.0973 -3.23524
      vertex 12.0741 0 -3.23524
    endloop
  endfacet
  facet normal -0.96005 0 0.279829
    outer loop
      vertex 12.0741 52.0973 -3.23524
      vertex 11.9215 52.1939 -3.75882
      vertex 12.0741 0 -3.23524
    endloop
  endfacet
  facet normal -0.96005 0 0.279829
    outer loop
      vertex 12.0741 0 -3.23524
      vertex 11.9215 52.1939 -3.75882
      vertex 11.9215 0 -3.75882
    endloop
  endfacet
  facet normal -0.94693 0 0.321439
    outer loop
      vertex 11.9215 52.1939 -3.75882
      vertex 11.7462 52.2893 -4.27525
      vertex 11.9215 0 -3.75882
    endloop
  endfacet
  facet normal -0.94693 0 0.321439
    outer loop
      vertex 11.9215 0 -3.75882
      vertex 11.7462 52.2893 -4.27525
      vertex 11.7462 0 -4.27525
    endloop
  endfacet
  facet normal -0.932008 0 0.362438
    outer loop
      vertex 11.7462 52.2893 -4.27525
      vertex 11.5485 52.3831 -4.78354
      vertex 11.7462 0 -4.27525
    endloop
  endfacet
  facet normal -0.932008 0 0.362438
    outer loop
      vertex 11.7462 0 -4.27525
      vertex 11.5485 52.3831 -4.78354
      vertex 11.5485 0 -4.78354
    endloop
  endfacet
  facet normal -0.915312 0 0.402747
    outer loop
      vertex 11.5485 52.3831 -4.78354
      vertex 11.3288 52.4753 -5.28273
      vertex 11.5485 0 -4.78354
    endloop
  endfacet
  facet normal -0.915312 0 0.402747
    outer loop
      vertex 11.5485 0 -4.78354
      vertex 11.3288 52.4753 -5.28273
      vertex 11.3288 0 -5.28273
    endloop
  endfacet
  facet normal -0.896873 0 0.442288
    outer loop
      vertex 11.3288 52.4753 -5.28273
      vertex 11.0876 52.5656 -5.77186
      vertex 11.3288 0 -5.28273
    endloop
  endfacet
  facet normal -0.896873 0 0.442288
    outer loop
      vertex 11.3288 0 -5.28273
      vertex 11.0876 52.5656 -5.77186
      vertex 11.0876 0 -5.77186
    endloop
  endfacet
  facet normal -0.876727 0 0.480989
    outer loop
      vertex 11.0876 52.5656 -5.77186
      vertex 10.8253 52.6538 -6.25
      vertex 11.0876 0 -5.77186
    endloop
  endfacet
  facet normal -0.876727 0 0.480989
    outer loop
      vertex 11.0876 0 -5.77186
      vertex 10.8253 52.6538 -6.25
      vertex 10.8253 0 -6.25
    endloop
  endfacet
  facet normal -0.854912 0 0.518773
    outer loop
      vertex 10.8253 52.6538 -6.25
      vertex 10.5424 0 -6.71625
      vertex 10.8253 0 -6.25
    endloop
  endfacet
  facet normal -0.854912 5.61978e-5 -0.518773
    outer loop
      vertex 10.5424 0 6.71625
      vertex 10.6771 52.7 6.5
      vertex 10.8253 0 6.25
    endloop
  endfacet
  facet normal -0.860154 0 -0.510035
    outer loop
      vertex 10.6771 52.7 6.5
      vertex 10.8253 52.6538 6.25
      vertex 10.8253 0 6.25
    endloop
  endfacet
  facet normal -0.876727 0 -0.480989
    outer loop
      vertex 10.8253 0 6.25
      vertex 10.8253 52.6538 6.25
      vertex 11.0876 52.5656 5.77186
    endloop
  endfacet
  facet normal -0.860153 -0.0010687 -0.510035
    outer loop
      vertex 10.6771 69 6.5
      vertex 10.5424 74.2 6.71625
      vertex 10.8253 69 6.25
    endloop
  endfacet
  facet normal -0.854912 0 -0.518773
    outer loop
      vertex 10.5424 74.2 6.71625
      vertex 10.8253 74.2 6.25
      vertex 10.8253 69 6.25
    endloop
  endfacet
  facet normal -0.876727 0 -0.480989
    outer loop
      vertex 10.8253 69 6.25
      vertex 10.8253 74.2 6.25
      vertex 11.0876 69 5.77186
    endloop
  endfacet
  facet normal -0.876727 0 -0.480989
    outer loop
      vertex 10.8253 74.2 6.25
      vertex 11.0876 74.2 5.77186
      vertex 11.0876 69 5.77186
    endloop
  endfacet
  facet normal -0.896873 0 -0.442288
    outer loop
      vertex 11.0876 69 5.77186
      vertex 11.0876 74.2 5.77186
      vertex 11.3288 69 5.28273
    endloop
  endfacet
  facet normal -0.896873 0 -0.442288
    outer loop
      vertex 11.0876 74.2 5.77186
      vertex 11.3288 74.2 5.28273
      vertex 11.3288 69 5.28273
    endloop
  endfacet
  facet normal -0.915312 0 -0.402747
    outer loop
      vertex 11.3288 69 5.28273
      vertex 11.3288 74.2 5.28273
      vertex 11.5485 69 4.78354
    endloop
  endfacet
  facet normal -0.915312 0 -0.402747
    outer loop
      vertex 11.3288 74.2 5.28273
      vertex 11.5485 74.2 4.78354
      vertex 11.5485 69 4.78354
    endloop
  endfacet
  facet normal -0.932008 0 -0.362438
    outer loop
      vertex 11.5485 69 4.78354
      vertex 11.5485 74.2 4.78354
      vertex 11.7462 69 4.27525
    endloop
  endfacet
  facet normal -0.932008 0 -0.362438
    outer loop
      vertex 11.5485 74.2 4.78354
      vertex 11.7462 74.2 4.27525
      vertex 11.7462 69 4.27525
    endloop
  endfacet
  facet normal -0.94693 0 -0.321439
    outer loop
      vertex 11.7462 69 4.27525
      vertex 11.7462 74.2 4.27525
      vertex 11.9215 69 3.75882
    endloop
  endfacet
  facet normal -0.94693 0 -0.321439
    outer loop
      vertex 11.7462 74.2 4.27525
      vertex 11.9215 74.2 3.75882
      vertex 11.9215 69 3.75882
    endloop
  endfacet
  facet normal -0.96005 0 -0.279829
    outer loop
      vertex 11.9215 69 3.75882
      vertex 11.9215 74.2 3.75882
      vertex 12.0741 69 3.23524
    endloop
  endfacet
  facet normal -0.96005 0 -0.279829
    outer loop
      vertex 11.9215 74.2 3.75882
      vertex 12.0741 74.2 3.23524
      vertex 12.0741 69 3.23524
    endloop
  endfacet
  facet normal -0.971342 0 -0.237685
    outer loop
      vertex 12.0741 69 3.23524
      vertex 12.0741 74.2 3.23524
      vertex 12.2037 69 2.7055
    endloop
  endfacet
  facet normal -0.971342 0 -0.237685
    outer loop
      vertex 12.0741 74.2 3.23524
      vertex 12.2037 74.2 2.7055
      vertex 12.2037 69 2.7055
    endloop
  endfacet
  facet normal -0.980785 0 -0.195091
    outer loop
      vertex 12.2037 69 2.7055
      vertex 12.2037 74.2 2.7055
      vertex 12.3101 69 2.1706
    endloop
  endfacet
  facet normal -0.980785 0 -0.195091
    outer loop
      vertex 12.2037 74.2 2.7055
      vertex 12.3101 74.2 2.1706
      vertex 12.3101 69 2.1706
    endloop
  endfacet
  facet normal -0.988361 0 -0.152124
    outer loop
      vertex 12.3101 69 2.1706
      vertex 12.3101 74.2 2.1706
      vertex 12.3931 69 1.63158
    endloop
  endfacet
  facet normal -0.988361 0 -0.152124
    outer loop
      vertex 12.3101 74.2 2.1706
      vertex 12.3931 74.2 1.63158
      vertex 12.3931 69 1.63158
    endloop
  endfacet
  facet normal -0.994056 0 -0.108867
    outer loop
      vertex 12.3931 69 1.63158
      vertex 12.3931 74.2 1.63158
      vertex 12.4524 69 1.08945
    endloop
  endfacet
  facet normal -0.994056 0 -0.108867
    outer loop
      vertex 12.3931 74.2 1.63158
      vertex 12.4524 74.2 1.08945
      vertex 12.4524 69 1.08945
    endloop
  endfacet
  facet normal -0.997859 0 -0.0654025
    outer loop
      vertex 12.4524 69 1.08945
      vertex 12.4524 74.2 1.08945
      vertex 12.4881 69 0.545242
    endloop
  endfacet
  facet normal -0.997859 0 -0.0654025
    outer loop
      vertex 12.4524 74.2 1.08945
      vertex 12.4881 74.2 0.545242
      vertex 12.4881 69 0.545242
    endloop
  endfacet
  facet normal -0.999762 0 -0.0218156
    outer loop
      vertex 12.4881 69 0.545242
      vertex 12.4881 74.2 0.545242
      vertex 12.5 69 0
    endloop
  endfacet
  facet normal -0.999762 0 -0.0218156
    outer loop
      vertex 12.4881 74.2 0.545242
      vertex 12.5 74.2 0
      vertex 12.5 69 0
    endloop
  endfacet
  facet normal -0.999762 0 0.0218156
    outer loop
      vertex 12.5 69 0
      vertex 12.5 74.2 0
      vertex 12.4881 69 -0.545242
    endloop
  endfacet
  facet normal -0.999762 0 0.0218156
    outer loop
      vertex 12.5 74.2 0
      vertex 12.4881 74.2 -0.545242
      vertex 12.4881 69 -0.545242
    endloop
  endfacet
  facet normal -0.997859 0 0.0654025
    outer loop
      vertex 12.4881 69 -0.545242
      vertex 12.4881 74.2 -0.545242
      vertex 12.4524 69 -1.08945
    endloop
  endfacet
  facet normal -0.997859 0 0.0654025
    outer loop
      vertex 12.4881 74.2 -0.545242
      vertex 12.4524 74.2 -1.08945
      vertex 12.4524 69 -1.08945
    endloop
  endfacet
  facet normal -0.994056 0 0.108867
    outer loop
      vertex 12.4524 69 -1.08945
      vertex 12.4524 74.2 -1.08945
      vertex 12.3931 69 -1.63158
    endloop
  endfacet
  facet normal -0.994056 0 0.108867
    outer loop
      vertex 12.4524 74.2 -1.08945
      vertex 12.3931 74.2 -1.63158
      vertex 12.3931 69 -1.63158
    endloop
  endfacet
  facet normal -0.988361 0 0.152124
    outer loop
      vertex 12.3931 69 -1.63158
      vertex 12.3931 74.2 -1.63158
      vertex 12.3101 69 -2.1706
    endloop
  endfacet
  facet normal -0.988361 0 0.152124
    outer loop
      vertex 12.3931 74.2 -1.63158
      vertex 12.3101 74.2 -2.1706
      vertex 12.3101 69 -2.1706
    endloop
  endfacet
  facet normal -0.980785 0 0.195091
    outer loop
      vertex 12.3101 69 -2.1706
      vertex 12.3101 74.2 -2.1706
      vertex 12.2037 69 -2.7055
    endloop
  endfacet
  facet normal -0.980785 0 0.195091
    outer loop
      vertex 12.3101 74.2 -2.1706
      vertex 12.2037 74.2 -2.7055
      vertex 12.2037 69 -2.7055
    endloop
  endfacet
  facet normal -0.971342 0 0.237685
    outer loop
      vertex 12.2037 69 -2.7055
      vertex 12.2037 74.2 -2.7055
      vertex 12.0741 69 -3.23524
    endloop
  endfacet
  facet normal -0.971342 0 0.237685
    outer loop
      vertex 12.2037 74.2 -2.7055
      vertex 12.0741 74.2 -3.23524
      vertex 12.0741 69 -3.23524
    endloop
  endfacet
  facet normal -0.96005 0 0.279829
    outer loop
      vertex 12.0741 69 -3.23524
      vertex 12.0741 74.2 -3.23524
      vertex 11.9215 69 -3.75882
    endloop
  endfacet
  facet normal -0.96005 0 0.279829
    outer loop
      vertex 12.0741 74.2 -3.23524
      vertex 11.9215 74.2 -3.75882
      vertex 11.9215 69 -3.75882
    endloop
  endfacet
  facet normal -0.94693 0 0.321439
    outer loop
      vertex 11.9215 69 -3.75882
      vertex 11.9215 74.2 -3.75882
      vertex 11.7462 69 -4.27525
    endloop
  endfacet
  facet normal -0.94693 0 0.321439
    outer loop
      vertex 11.9215 74.2 -3.75882
      vertex 11.7462 74.2 -4.27525
      vertex 11.7462 69 -4.27525
    endloop
  endfacet
  facet normal -0.932008 0 0.362438
    outer loop
      vertex 11.7462 69 -4.27525
      vertex 11.7462 74.2 -4.27525
      vertex 11.5485 69 -4.78354
    endloop
  endfacet
  facet normal -0.932008 0 0.362438
    outer loop
      vertex 11.7462 74.2 -4.27525
      vertex 11.5485 74.2 -4.78354
      vertex 11.5485 69 -4.78354
    endloop
  endfacet
  facet normal -0.915312 0 0.402747
    outer loop
      vertex 11.5485 69 -4.78354
      vertex 11.5485 74.2 -4.78354
      vertex 11.3288 69 -5.28273
    endloop
  endfacet
  facet normal -0.915312 0 0.402747
    outer loop
      vertex 11.5485 74.2 -4.78354
      vertex 11.3288 74.2 -5.28273
      vertex 11.3288 69 -5.28273
    endloop
  endfacet
  facet normal -0.896873 0 0.442288
    outer loop
      vertex 11.3288 69 -5.28273
      vertex 11.3288 74.2 -5.28273
      vertex 11.0876 69 -5.77186
    endloop
  endfacet
  facet normal -0.896873 0 0.442288
    outer loop
      vertex 11.3288 74.2 -5.28273
      vertex 11.0876 74.2 -5.77186
      vertex 11.0876 69 -5.77186
    endloop
  endfacet
  facet normal -0.876727 0 0.480989
    outer loop
      vertex 11.0876 69 -5.77186
      vertex 11.0876 74.2 -5.77186
      vertex 10.8253 69 -6.25
    endloop
  endfacet
  facet normal -0.876727 0 0.480989
    outer loop
      vertex 11.0876 74.2 -5.77186
      vertex 10.8253 74.2 -6.25
      vertex 10.8253 69 -6.25
    endloop
  endfacet
  facet normal -0.860154 0 0.510035
    outer loop
      vertex 10.8253 69 -6.25
      vertex 10.8253 74.2 -6.25
      vertex 10.6771 69 -6.5
    endloop
  endfacet
  facet normal -0.854912 -0.000569543 0.518773
    outer loop
      vertex 10.8253 74.2 -6.25
      vertex 10.5424 74.2 -6.71625
      vertex 10.6771 69 -6.5
    endloop
  endfacet
  facet normal -0.848823 0 0.528677
    outer loop
      vertex 10.6771 69 -6.5
      vertex 10.5424 74.2 -6.71625
      vertex 10.6771 52.7 -6.5
    endloop
  endfacet
  facet normal 0.876727 0 0.480989
    outer loop
      vertex -10.8253 0 -6.25
      vertex -11.0876 52.5656 -5.77186
      vertex -11.0876 0 -5.77186
    endloop
  endfacet
  facet normal 0.896873 0 0.442288
    outer loop
      vertex -11.0876 52.5656 -5.77186
      vertex -11.3288 52.4753 -5.28273
      vertex -11.0876 0 -5.77186
    endloop
  endfacet
  facet normal 0.896873 0 0.442288
    outer loop
      vertex -11.0876 0 -5.77186
      vertex -11.3288 52.4753 -5.28273
      vertex -11.3288 0 -5.28273
    endloop
  endfacet
  facet normal 0.915312 0 0.402747
    outer loop
      vertex -11.3288 52.4753 -5.28273
      vertex -11.5485 52.3831 -4.78354
      vertex -11.3288 0 -5.28273
    endloop
  endfacet
  facet normal 0.915312 0 0.402747
    outer loop
      vertex -11.3288 0 -5.28273
      vertex -11.5485 52.3831 -4.78354
      vertex -11.5485 0 -4.78354
    endloop
  endfacet
  facet normal 0.932008 0 0.362438
    outer loop
      vertex -11.5485 52.3831 -4.78354
      vertex -11.7462 52.2893 -4.27525
      vertex -11.5485 0 -4.78354
    endloop
  endfacet
  facet normal 0.932008 0 0.362438
    outer loop
      vertex -11.5485 0 -4.78354
      vertex -11.7462 52.2893 -4.27525
      vertex -11.7462 0 -4.27525
    endloop
  endfacet
  facet normal 0.94693 0 0.321439
    outer loop
      vertex -11.7462 52.2893 -4.27525
      vertex -11.9215 52.1939 -3.75882
      vertex -11.7462 0 -4.27525
    endloop
  endfacet
  facet normal 0.94693 0 0.321439
    outer loop
      vertex -11.7462 0 -4.27525
      vertex -11.9215 52.1939 -3.75882
      vertex -11.9215 0 -3.75882
    endloop
  endfacet
  facet normal 0.96005 0 0.279829
    outer loop
      vertex -11.9215 52.1939 -3.75882
      vertex -12.0741 52.0973 -3.23524
      vertex -11.9215 0 -3.75882
    endloop
  endfacet
  facet normal 0.96005 0 0.279829
    outer loop
      vertex -11.9215 0 -3.75882
      vertex -12.0741 52.0973 -3.23524
      vertex -12.0741 0 -3.23524
    endloop
  endfacet
  facet normal 0.971342 0 0.237685
    outer loop
      vertex -12.0741 52.0973 -3.23524
      vertex -12.2037 51.9995 -2.7055
      vertex -12.0741 0 -3.23524
    endloop
  endfacet
  facet normal 0.971342 0 0.237685
    outer loop
      vertex -12.0741 0 -3.23524
      vertex -12.2037 51.9995 -2.7055
      vertex -12.2037 0 -2.7055
    endloop
  endfacet
  facet normal 0.980785 0 0.195091
    outer loop
      vertex -12.2037 51.9995 -2.7055
      vertex -12.3101 51.9007 -2.1706
      vertex -12.2037 0 -2.7055
    endloop
  endfacet
  facet normal 0.980785 0 0.195091
    outer loop
      vertex -12.2037 0 -2.7055
      vertex -12.3101 51.9007 -2.1706
      vertex -12.3101 0 -2.1706
    endloop
  endfacet
  facet normal 0.988361 0 0.152124
    outer loop
      vertex -12.3101 51.9007 -2.1706
      vertex -12.3931 51.8012 -1.63158
      vertex -12.3101 0 -2.1706
    endloop
  endfacet
  facet normal 0.988361 0 0.152124
    outer loop
      vertex -12.3101 0 -2.1706
      vertex -12.3931 51.8012 -1.63158
      vertex -12.3931 0 -1.63158
    endloop
  endfacet
  facet normal 0.994056 0 0.108867
    outer loop
      vertex -12.3931 51.8012 -1.63158
      vertex -12.4524 51.7011 -1.08945
      vertex -12.3931 0 -1.63158
    endloop
  endfacet
  facet normal 0.994056 0 0.108867
    outer loop
      vertex -12.3931 0 -1.63158
      vertex -12.4524 51.7011 -1.08945
      vertex -12.4524 0 -1.08945
    endloop
  endfacet
  facet normal 0.997859 0 0.0654025
    outer loop
      vertex -12.4524 51.7011 -1.08945
      vertex -12.4881 51.6007 -0.545242
      vertex -12.4524 0 -1.08945
    endloop
  endfacet
  facet normal 0.997859 0 0.0654025
    outer loop
      vertex -12.4524 0 -1.08945
      vertex -12.4881 51.6007 -0.545242
      vertex -12.4881 0 -0.545242
    endloop
  endfacet
  facet normal 0.999762 0 0.0218156
    outer loop
      vertex -12.4881 51.6007 -0.545242
      vertex -12.5 51.5 -2.60209e-15
      vertex -12.4881 0 -0.545242
    endloop
  endfacet
  facet normal 0.999762 2.38553e-18 0.0218156
    outer loop
      vertex -12.4881 0 -0.545242
      vertex -12.5 51.5 -2.60209e-15
      vertex -12.5 0 3.06162e-15
    endloop
  endfacet
  facet normal 0.999762 -2.39917e-18 -0.0218156
    outer loop
      vertex -12.5 51.5 -2.60209e-15
      vertex -12.4881 51.6007 0.545242
      vertex -12.5 0 3.06162e-15
    endloop
  endfacet
  facet normal 0.999762 0 -0.0218156
    outer loop
      vertex -12.5 0 3.06162e-15
      vertex -12.4881 51.6007 0.545242
      vertex -12.4881 0 0.545242
    endloop
  endfacet
  facet normal 0.997859 0 -0.0654025
    outer loop
      vertex -12.4881 51.6007 0.545242
      vertex -12.4524 51.7011 1.08945
      vertex -12.4881 0 0.545242
    endloop
  endfacet
  facet normal 0.997859 0 -0.0654025
    outer loop
      vertex -12.4881 0 0.545242
      vertex -12.4524 51.7011 1.08945
      vertex -12.4524 0 1.08945
    endloop
  endfacet
  facet normal 0.994056 0 -0.108867
    outer loop
      vertex -12.4524 51.7011 1.08945
      vertex -12.3931 51.8012 1.63158
      vertex -12.4524 0 1.08945
    endloop
  endfacet
  facet normal 0.994056 0 -0.108867
    outer loop
      vertex -12.4524 0 1.08945
      vertex -12.3931 51.8012 1.63158
      vertex -12.3931 0 1.63158
    endloop
  endfacet
  facet normal 0.988361 0 -0.152124
    outer loop
      vertex -12.3931 51.8012 1.63158
      vertex -12.3101 51.9007 2.1706
      vertex -12.3931 0 1.63158
    endloop
  endfacet
  facet normal 0.988361 0 -0.152124
    outer loop
      vertex -12.3931 0 1.63158
      vertex -12.3101 51.9007 2.1706
      vertex -12.3101 0 2.1706
    endloop
  endfacet
  facet normal 0.980785 0 -0.195091
    outer loop
      vertex -12.3101 51.9007 2.1706
      vertex -12.2037 51.9995 2.7055
      vertex -12.3101 0 2.1706
    endloop
  endfacet
  facet normal 0.980785 0 -0.195091
    outer loop
      vertex -12.3101 0 2.1706
      vertex -12.2037 51.9995 2.7055
      vertex -12.2037 0 2.7055
    endloop
  endfacet
  facet normal 0.971342 0 -0.237685
    outer loop
      vertex -12.2037 51.9995 2.7055
      vertex -12.0741 52.0973 3.23524
      vertex -12.2037 0 2.7055
    endloop
  endfacet
  facet normal 0.971342 0 -0.237685
    outer loop
      vertex -12.2037 0 2.7055
      vertex -12.0741 52.0973 3.23524
      vertex -12.0741 0 3.23524
    endloop
  endfacet
  facet normal 0.96005 0 -0.279829
    outer loop
      vertex -12.0741 52.0973 3.23524
      vertex -11.9215 52.1939 3.75882
      vertex -12.0741 0 3.23524
    endloop
  endfacet
  facet normal 0.96005 0 -0.279829
    outer loop
      vertex -12.0741 0 3.23524
      vertex -11.9215 52.1939 3.75882
      vertex -11.9215 0 3.75882
    endloop
  endfacet
  facet normal 0.94693 0 -0.321439
    outer loop
      vertex -11.9215 52.1939 3.75882
      vertex -11.7462 52.2893 4.27525
      vertex -11.9215 0 3.75882
    endloop
  endfacet
  facet normal 0.94693 0 -0.321439
    outer loop
      vertex -11.9215 0 3.75882
      vertex -11.7462 52.2893 4.27525
      vertex -11.7462 0 4.27525
    endloop
  endfacet
  facet normal 0.932008 0 -0.362438
    outer loop
      vertex -11.7462 52.2893 4.27525
      vertex -11.5485 52.3831 4.78354
      vertex -11.7462 0 4.27525
    endloop
  endfacet
  facet normal 0.932008 0 -0.362438
    outer loop
      vertex -11.7462 0 4.27525
      vertex -11.5485 52.3831 4.78354
      vertex -11.5485 0 4.78354
    endloop
  endfacet
  facet normal 0.915312 0 -0.402747
    outer loop
      vertex -11.5485 52.3831 4.78354
      vertex -11.3288 52.4753 5.28273
      vertex -11.5485 0 4.78354
    endloop
  endfacet
  facet normal 0.915312 0 -0.402747
    outer loop
      vertex -11.5485 0 4.78354
      vertex -11.3288 52.4753 5.28273
      vertex -11.3288 0 5.28273
    endloop
  endfacet
  facet normal 0.896873 0 -0.442288
    outer loop
      vertex -11.3288 52.4753 5.28273
      vertex -11.0876 52.5656 5.77186
      vertex -11.3288 0 5.28273
    endloop
  endfacet
  facet normal 0.896873 0 -0.442288
    outer loop
      vertex -11.3288 0 5.28273
      vertex -11.0876 52.5656 5.77186
      vertex -11.0876 0 5.77186
    endloop
  endfacet
  facet normal 0.876727 0 -0.480989
    outer loop
      vertex -11.0876 52.5656 5.77186
      vertex -10.8253 52.6538 6.25
      vertex -11.0876 0 5.77186
    endloop
  endfacet
  facet normal 0.876727 0 -0.480989
    outer loop
      vertex -11.0876 0 5.77186
      vertex -10.8253 52.6538 6.25
      vertex -10.8253 0 6.25
    endloop
  endfacet
  facet normal 0.854912 0 -0.518773
    outer loop
      vertex -10.8253 52.6538 6.25
      vertex -10.5424 0 6.71625
      vertex -10.8253 0 6.25
    endloop
  endfacet
  facet normal 0.854912 5.61978e-5 0.518773
    outer loop
      vertex -10.5424 0 -6.71625
      vertex -10.6771 52.7 -6.5
      vertex -10.8253 0 -6.25
    endloop
  endfacet
  facet normal 0.860154 0 0.510035
    outer loop
      vertex -10.6771 52.7 -6.5
      vertex -10.8253 52.6538 -6.25
      vertex -10.8253 0 -6.25
    endloop
  endfacet
  facet normal 0.876727 0 0.480989
    outer loop
      vertex -10.8253 0 -6.25
      vertex -10.8253 52.6538 -6.25
      vertex -11.0876 52.5656 -5.77186
    endloop
  endfacet
  facet normal 0.860153 -0.0010687 0.510035
    outer loop
      vertex -10.6771 69 -6.5
      vertex -10.5424 74.2 -6.71625
      vertex -10.8253 69 -6.25
    endloop
  endfacet
  facet normal 0.854912 0 0.518773
    outer loop
      vertex -10.5424 74.2 -6.71625
      vertex -10.8253 74.2 -6.25
      vertex -10.8253 69 -6.25
    endloop
  endfacet
  facet normal 0.876727 0 0.480989
    outer loop
      vertex -10.8253 69 -6.25
      vertex -10.8253 74.2 -6.25
      vertex -11.0876 69 -5.77186
    endloop
  endfacet
  facet normal 0.876727 0 0.480989
    outer loop
      vertex -10.8253 74.2 -6.25
      vertex -11.0876 74.2 -5.77186
      vertex -11.0876 69 -5.77186
    endloop
  endfacet
  facet normal 0.896873 0 0.442288
    outer loop
      vertex -11.0876 69 -5.77186
      vertex -11.0876 74.2 -5.77186
      vertex -11.3288 69 -5.28273
    endloop
  endfacet
  facet normal 0.896873 0 0.442288
    outer loop
      vertex -11.0876 74.2 -5.77186
      vertex -11.3288 74.2 -5.28273
      vertex -11.3288 69 -5.28273
    endloop
  endfacet
  facet normal 0.915312 0 0.402747
    outer loop
      vertex -11.3288 69 -5.28273
      vertex -11.3288 74.2 -5.28273
      vertex -11.5485 69 -4.78354
    endloop
  endfacet
  facet normal 0.915312 0 0.402747
    outer loop
      vertex -11.3288 74.2 -5.28273
      vertex -11.5485 74.2 -4.78354
      vertex -11.5485 69 -4.78354
    endloop
  endfacet
  facet normal 0.932008 0 0.362438
    outer loop
      vertex -11.5485 69 -4.78354
      vertex -11.5485 74.2 -4.78354
      vertex -11.7462 69 -4.27525
    endloop
  endfacet
  facet normal 0.932008 0 0.362438
    outer loop
      vertex -11.5485 74.2 -4.78354
      vertex -11.7462 74.2 -4.27525
      vertex -11.7462 69 -4.27525
    endloop
  endfacet
  facet normal 0.94693 0 0.321439
    outer loop
      vertex -11.7462 69 -4.27525
      vertex -11.7462 74.2 -4.27525
      vertex -11.9215 69 -3.75882
    endloop
  endfacet
  facet normal 0.94693 0 0.321439
    outer loop
      vertex -11.7462 74.2 -4.27525
      vertex -11.9215 74.2 -3.75882
      vertex -11.9215 69 -3.75882
    endloop
  endfacet
  facet normal 0.96005 0 0.279829
    outer loop
      vertex -11.9215 69 -3.75882
      vertex -11.9215 74.2 -3.75882
      vertex -12.0741 69 -3.23524
    endloop
  endfacet
  facet normal 0.96005 0 0.279829
    outer loop
      vertex -11.9215 74.2 -3.75882
      vertex -12.0741 74.2 -3.23524
      vertex -12.0741 69 -3.23524
    endloop
  endfacet
  facet normal 0.971342 0 0.237685
    outer loop
      vertex -12.0741 69 -3.23524
      vertex -12.0741 74.2 -3.23524
      vertex -12.2037 69 -2.7055
    endloop
  endfacet
  facet normal 0.971342 0 0.237685
    outer loop
      vertex -12.0741 74.2 -3.23524
      vertex -12.2037 74.2 -2.7055
      vertex -12.2037 69 -2.7055
    endloop
  endfacet
  facet normal 0.980785 0 0.195091
    outer loop
      vertex -12.2037 69 -2.7055
      vertex -12.2037 74.2 -2.7055
      vertex -12.3101 69 -2.1706
    endloop
  endfacet
  facet normal 0.980785 0 0.195091
    outer loop
      vertex -12.2037 74.2 -2.7055
      vertex -12.3101 74.2 -2.1706
      vertex -12.3101 69 -2.1706
    endloop
  endfacet
  facet normal 0.988361 0 0.152124
    outer loop
      vertex -12.3101 69 -2.1706
      vertex -12.3101 74.2 -2.1706
      vertex -12.3931 69 -1.63158
    endloop
  endfacet
  facet normal 0.988361 0 0.152124
    outer loop
      vertex -12.3101 74.2 -2.1706
      vertex -12.3931 74.2 -1.63158
      vertex -12.3931 69 -1.63158
    endloop
  endfacet
  facet normal 0.994056 0 0.108867
    outer loop
      vertex -12.3931 69 -1.63158
      vertex -12.3931 74.2 -1.63158
      vertex -12.4524 69 -1.08945
    endloop
  endfacet
  facet normal 0.994056 0 0.108867
    outer loop
      vertex -12.3931 74.2 -1.63158
      vertex -12.4524 74.2 -1.08945
      vertex -12.4524 69 -1.08945
    endloop
  endfacet
  facet normal 0.997859 0 0.0654025
    outer loop
      vertex -12.4524 69 -1.08945
      vertex -12.4524 74.2 -1.08945
      vertex -12.4881 69 -0.545242
    endloop
  endfacet
  facet normal 0.997859 0 0.0654025
    outer loop
      vertex -12.4524 74.2 -1.08945
      vertex -12.4881 74.2 -0.545242
      vertex -12.4881 69 -0.545242
    endloop
  endfacet
  facet normal 0.999762 0 0.0218156
    outer loop
      vertex -12.4881 69 -0.545242
      vertex -12.4881 74.2 -0.545242
      vertex -12.5 69 3.06162e-15
    endloop
  endfacet
  facet normal 0.999762 0 0.0218156
    outer loop
      vertex -12.4881 74.2 -0.545242
      vertex -12.5 74.2 3.06162e-15
      vertex -12.5 69 3.06162e-15
    endloop
  endfacet
  facet normal 0.999762 0 -0.0218156
    outer loop
      vertex -12.5 69 3.06162e-15
      vertex -12.5 74.2 3.06162e-15
      vertex -12.4881 69 0.545242
    endloop
  endfacet
  facet normal 0.999762 0 -0.0218156
    outer loop
      vertex -12.5 74.2 3.06162e-15
      vertex -12.4881 74.2 0.545242
      vertex -12.4881 69 0.545242
    endloop
  endfacet
  facet normal 0.997859 0 -0.0654025
    outer loop
      vertex -12.4881 69 0.545242
      vertex -12.4881 74.2 0.545242
      vertex -12.4524 69 1.08945
    endloop
  endfacet
  facet normal 0.997859 0 -0.0654025
    outer loop
      vertex -12.4881 74.2 0.545242
      vertex -12.4524 74.2 1.08945
      vertex -12.4524 69 1.08945
    endloop
  endfacet
  facet normal 0.994056 0 -0.108867
    outer loop
      vertex -12.4524 69 1.08945
      vertex -12.4524 74.2 1.08945
      vertex -12.3931 69 1.63158
    endloop
  endfacet
  facet normal 0.994056 0 -0.108867
    outer loop
      vertex -12.4524 74.2 1.08945
      vertex -12.3931 74.2 1.63158
      vertex -12.3931 69 1.63158
    endloop
  endfacet
  facet normal 0.988361 0 -0.152124
    outer loop
      vertex -12.3931 69 1.63158
      vertex -12.3931 74.2 1.63158
      vertex -12.3101 69 2.1706
    endloop
  endfacet
  facet normal 0.988361 0 -0.152124
    outer loop
      vertex -12.3931 74.2 1.63158
      vertex -12.3101 74.2 2.1706
      vertex -12.3101 69 2.1706
    endloop
  endfacet
  facet normal 0.980785 0 -0.195091
    outer loop
      vertex -12.3101 69 2.1706
      vertex -12.3101 74.2 2.1706
      vertex -12.2037 69 2.7055
    endloop
  endfacet
  facet normal 0.980785 0 -0.195091
    outer loop
      vertex -12.3101 74.2 2.1706
      vertex -12.2037 74.2 2.7055
      vertex -12.2037 69 2.7055
    endloop
  endfacet
  facet normal 0.971342 0 -0.237685
    outer loop
      vertex -12.2037 69 2.7055
      vertex -12.2037 74.2 2.7055
      vertex -12.0741 69 3.23524
    endloop
  endfacet
  facet normal 0.971342 0 -0.237685
    outer loop
      vertex -12.2037 74.2 2.7055
      vertex -12.0741 74.2 3.23524
      vertex -12.0741 69 3.23524
    endloop
  endfacet
  facet normal 0.96005 0 -0.279829
    outer loop
      vertex -12.0741 69 3.23524
      vertex -12.0741 74.2 3.23524
      vertex -11.9215 69 3.75882
    endloop
  endfacet
  facet normal 0.96005 0 -0.279829
    outer loop
      vertex -12.0741 74.2 3.23524
      vertex -11.9215 74.2 3.75882
      vertex -11.9215 69 3.75882
    endloop
  endfacet
  facet normal 0.94693 0 -0.321439
    outer loop
      vertex -11.9215 69 3.75882
      vertex -11.9215 74.2 3.75882
      vertex -11.7462 69 4.27525
    endloop
  endfacet
  facet normal 0.94693 0 -0.321439
    outer loop
      vertex -11.9215 74.2 3.75882
      vertex -11.7462 74.2 4.27525
      vertex -11.7462 69 4.27525
    endloop
  endfacet
  facet normal 0.932008 0 -0.362438
    outer loop
      vertex -11.7462 69 4.27525
      vertex -11.7462 74.2 4.27525
      vertex -11.5485 69 4.78354
    endloop
  endfacet
  facet normal 0.932008 0 -0.362438
    outer loop
      vertex -11.7462 74.2 4.27525
      vertex -11.5485 74.2 4.78354
      vertex -11.5485 69 4.78354
    endloop
  endfacet
  facet normal 0.915312 0 -0.402747
    outer loop
      vertex -11.5485 69 4.78354
      vertex -11.5485 74.2 4.78354
      vertex -11.3288 69 5.28273
    endloop
  endfacet
  facet normal 0.915312 0 -0.402747
    outer loop
      vertex -11.5485 74.2 4.78354
      vertex -11.3288 74.2 5.28273
      vertex -11.3288 69 5.28273
    endloop
  endfacet
  facet normal 0.896873 0 -0.442288
    outer loop
      vertex -11.3288 69 5.28273
      vertex -11.3288 74.2 5.28273
      vertex -11.0876 69 5.77186
    endloop
  endfacet
  facet normal 0.896873 0 -0.442288
    outer loop
      vertex -11.3288 74.2 5.28273
      vertex -11.0876 74.2 5.77186
      vertex -11.0876 69 5.77186
    endloop
  endfacet
  facet normal 0.876727 0 -0.480989
    outer loop
      vertex -11.0876 69 5.77186
      vertex -11.0876 74.2 5.77186
      vertex -10.8253 69 6.25
    endloop
  endfacet
  facet normal 0.876727 0 -0.480989
    outer loop
      vertex -11.0876 74.2 5.77186
      vertex -10.8253 74.2 6.25
      vertex -10.8253 69 6.25
    endloop
  endfacet
  facet normal 0.860154 0 -0.510035
    outer loop
      vertex -10.8253 69 6.25
      vertex -10.8253 74.2 6.25
      vertex -10.6771 69 6.5
    endloop
  endfacet
  facet normal 0.854912 -0.000569543 -0.518773
    outer loop
      vertex -10.8253 74.2 6.25
      vertex -10.5424 74.2 6.71625
      vertex -10.6771 69 6.5
    endloop
  endfacet
  facet normal 0.848823 0 -0.528677
    outer loop
      vertex -10.6771 69 6.5
      vertex -10.5424 74.2 6.71625
      vertex -10.6771 52.7 6.5
    endloop
  endfacet
  facet normal -0.848823 0 -0.528677
    outer loop
      vertex 10.6771 69 6.5
      vertex 10.6771 52.7 6.5
      vertex 10.5424 74.2 6.71625
    endloop
  endfacet
  facet normal -0.848823 0 -0.528677
    outer loop
      vertex 10.6771 52.7 6.5
      vertex 10.5424 0 6.71625
      vertex 10.5424 74.2 6.71625
    endloop
  endfacet
  facet normal -0.83147 0 -0.55557
    outer loop
      vertex 10.5424 74.2 6.71625
      vertex 10.5424 0 6.71625
      vertex 10.2394 74.2 7.16971
    endloop
  endfacet
  facet normal -0.83147 0 -0.55557
    outer loop
      vertex 10.5424 0 6.71625
      vertex 10.2394 0 7.16971
      vertex 10.2394 74.2 7.16971
    endloop
  endfacet
  facet normal -0.806444 0 -0.59131
    outer loop
      vertex 10.2394 74.2 7.16971
      vertex 10.2394 0 7.16971
      vertex 9.91692 74.2 7.60952
    endloop
  endfacet
  facet normal -0.806444 0 -0.59131
    outer loop
      vertex 10.2394 0 7.16971
      vertex 9.91692 0 7.60952
      vertex 9.91692 74.2 7.60952
    endloop
  endfacet
  facet normal -0.779884 0 -0.625924
    outer loop
      vertex 9.91692 74.2 7.60952
      vertex 9.91692 0 7.60952
      vertex 9.57556 74.2 8.03484
    endloop
  endfacet
  facet normal -0.779884 0 -0.625924
    outer loop
      vertex 9.91692 0 7.60952
      vertex 9.57556 0 8.03484
      vertex 9.57556 74.2 8.03484
    endloop
  endfacet
  facet normal -0.75184 0 -0.659345
    outer loop
      vertex 9.57556 74.2 8.03484
      vertex 9.57556 0 8.03484
      vertex 9.21597 74.2 8.44488
    endloop
  endfacet
  facet normal -0.75184 0 -0.659345
    outer loop
      vertex 9.57556 0 8.03484
      vertex 9.21597 0 8.44488
      vertex 9.21597 74.2 8.44488
    endloop
  endfacet
  facet normal -0.722365 0 -0.691512
    outer loop
      vertex 9.21597 74.2 8.44488
      vertex 9.21597 0 8.44488
      vertex 8.83884 74.2 8.83884
    endloop
  endfacet
  facet normal -0.722365 0 -0.691512
    outer loop
      vertex 9.21597 0 8.44488
      vertex 8.83884 0 8.83884
      vertex 8.83884 74.2 8.83884
    endloop
  endfacet
  facet normal -0.691512 0 -0.722365
    outer loop
      vertex 8.83884 74.2 8.83884
      vertex 8.83884 0 8.83884
      vertex 8.44488 74.2 9.21597
    endloop
  endfacet
  facet normal -0.691512 0 -0.722365
    outer loop
      vertex 8.83884 0 8.83884
      vertex 8.44488 0 9.21597
      vertex 8.44488 74.2 9.21597
    endloop
  endfacet
  facet normal -0.659345 0 -0.75184
    outer loop
      vertex 8.44488 74.2 9.21597
      vertex 8.44488 0 9.21597
      vertex 8.03484 74.2 9.57556
    endloop
  endfacet
  facet normal -0.659345 0 -0.75184
    outer loop
      vertex 8.44488 0 9.21597
      vertex 8.03484 0 9.57556
      vertex 8.03484 74.2 9.57556
    endloop
  endfacet
  facet normal -0.625924 0 -0.779884
    outer loop
      vertex 8.03484 74.2 9.57556
      vertex 8.03484 0 9.57556
      vertex 7.60952 74.2 9.91692
    endloop
  endfacet
  facet normal -0.625924 0 -0.779884
    outer loop
      vertex 8.03484 0 9.57556
      vertex 7.60952 0 9.91692
      vertex 7.60952 74.2 9.91692
    endloop
  endfacet
  facet normal -0.59131 0 -0.806444
    outer loop
      vertex 7.60952 74.2 9.91692
      vertex 7.60952 0 9.91692
      vertex 7.16971 74.2 10.2394
    endloop
  endfacet
  facet normal -0.59131 0 -0.806444
    outer loop
      vertex 7.60952 0 9.91692
      vertex 7.16971 0 10.2394
      vertex 7.16971 74.2 10.2394
    endloop
  endfacet
  facet normal -0.55557 0 -0.83147
    outer loop
      vertex 7.16971 74.2 10.2394
      vertex 7.16971 0 10.2394
      vertex 6.71625 74.2 10.5424
    endloop
  endfacet
  facet normal -0.55557 0 -0.83147
    outer loop
      vertex 7.16971 0 10.2394
      vertex 6.71625 0 10.5424
      vertex 6.71625 74.2 10.5424
    endloop
  endfacet
  facet normal -0.518773 0 -0.854912
    outer loop
      vertex 6.71625 74.2 10.5424
      vertex 6.71625 0 10.5424
      vertex 6.25 74.2 10.8253
    endloop
  endfacet
  facet normal -0.518773 0 -0.854912
    outer loop
      vertex 6.71625 0 10.5424
      vertex 6.25 0 10.8253
      vertex 6.25 74.2 10.8253
    endloop
  endfacet
  facet normal -0.480989 0 -0.876727
    outer loop
      vertex 6.25 74.2 10.8253
      vertex 6.25 0 10.8253
      vertex 5.77186 74.2 11.0876
    endloop
  endfacet
  facet normal -0.480989 0 -0.876727
    outer loop
      vertex 6.25 0 10.8253
      vertex 5.77186 0 11.0876
      vertex 5.77186 74.2 11.0876
    endloop
  endfacet
  facet normal -0.442288 0 -0.896873
    outer loop
      vertex 5.77186 74.2 11.0876
      vertex 5.77186 0 11.0876
      vertex 5.28273 74.2 11.3288
    endloop
  endfacet
  facet normal -0.442288 0 -0.896873
    outer loop
      vertex 5.77186 0 11.0876
      vertex 5.28273 0 11.3288
      vertex 5.28273 74.2 11.3288
    endloop
  endfacet
  facet normal -0.402747 0 -0.915312
    outer loop
      vertex 5.28273 74.2 11.3288
      vertex 5.28273 0 11.3288
      vertex 4.78354 74.2 11.5485
    endloop
  endfacet
  facet normal -0.402747 0 -0.915312
    outer loop
      vertex 5.28273 0 11.3288
      vertex 4.78354 0 11.5485
      vertex 4.78354 74.2 11.5485
    endloop
  endfacet
  facet normal -0.362438 0 -0.932008
    outer loop
      vertex 4.78354 74.2 11.5485
      vertex 4.78354 0 11.5485
      vertex 4.27525 74.2 11.7462
    endloop
  endfacet
  facet normal -0.362438 0 -0.932008
    outer loop
      vertex 4.78354 0 11.5485
      vertex 4.27525 0 11.7462
      vertex 4.27525 74.2 11.7462
    endloop
  endfacet
  facet normal -0.321439 0 -0.94693
    outer loop
      vertex 4.27525 74.2 11.7462
      vertex 4.27525 0 11.7462
      vertex 3.75882 74.2 11.9215
    endloop
  endfacet
  facet normal -0.321439 0 -0.94693
    outer loop
      vertex 4.27525 0 11.7462
      vertex 3.75882 0 11.9215
      vertex 3.75882 74.2 11.9215
    endloop
  endfacet
  facet normal -0.279829 0 -0.96005
    outer loop
      vertex 3.75882 74.2 11.9215
      vertex 3.75882 0 11.9215
      vertex 3.23524 74.2 12.0741
    endloop
  endfacet
  facet normal -0.279829 0 -0.96005
    outer loop
      vertex 3.75882 0 11.9215
      vertex 3.23524 0 12.0741
      vertex 3.23524 74.2 12.0741
    endloop
  endfacet
  facet normal -0.237685 0 -0.971342
    outer loop
      vertex 3.23524 74.2 12.0741
      vertex 3.23524 0 12.0741
      vertex 2.7055 74.2 12.2037
    endloop
  endfacet
  facet normal -0.237685 0 -0.971342
    outer loop
      vertex 3.23524 0 12.0741
      vertex 2.7055 0 12.2037
      vertex 2.7055 74.2 12.2037
    endloop
  endfacet
  facet normal -0.195091 0 -0.980785
    outer loop
      vertex 2.7055 74.2 12.2037
      vertex 2.7055 0 12.2037
      vertex 2.1706 74.2 12.3101
    endloop
  endfacet
  facet normal -0.195091 0 -0.980785
    outer loop
      vertex 2.7055 0 12.2037
      vertex 2.1706 0 12.3101
      vertex 2.1706 74.2 12.3101
    endloop
  endfacet
  facet normal -0.152124 0 -0.988361
    outer loop
      vertex 2.1706 74.2 12.3101
      vertex 2.1706 0 12.3101
      vertex 1.63158 74.2 12.3931
    endloop
  endfacet
  facet normal -0.152124 0 -0.988361
    outer loop
      vertex 2.1706 0 12.3101
      vertex 1.63158 0 12.3931
      vertex 1.63158 74.2 12.3931
    endloop
  endfacet
  facet normal -0.108867 0 -0.994056
    outer loop
      vertex 1.63158 74.2 12.3931
      vertex 1.63158 0 12.3931
      vertex 1.08945 74.2 12.4524
    endloop
  endfacet
  facet normal -0.108867 0 -0.994056
    outer loop
      vertex 1.63158 0 12.3931
      vertex 1.08945 0 12.4524
      vertex 1.08945 74.2 12.4524
    endloop
  endfacet
  facet normal -0.0654025 0 -0.997859
    outer loop
      vertex 1.08945 74.2 12.4524
      vertex 1.08945 0 12.4524
      vertex 0.545242 74.2 12.4881
    endloop
  endfacet
  facet normal -0.0654025 0 -0.997859
    outer loop
      vertex 1.08945 0 12.4524
      vertex 0.545242 0 12.4881
      vertex 0.545242 74.2 12.4881
    endloop
  endfacet
  facet normal -0.0218156 0 -0.999762
    outer loop
      vertex 0.545242 74.2 12.4881
      vertex 0.545242 0 12.4881
      vertex 1.53081e-15 74.2 12.5
    endloop
  endfacet
  facet normal -0.0218156 0 -0.999762
    outer loop
      vertex 0.545242 0 12.4881
      vertex 1.53081e-15 0 12.5
      vertex 1.53081e-15 74.2 12.5
    endloop
  endfacet
  facet normal 0.0218156 0 -0.999762
    outer loop
      vertex 1.53081e-15 74.2 12.5
      vertex 1.53081e-15 0 12.5
      vertex -0.545242 74.2 12.4881
    endloop
  endfacet
  facet normal 0.0218156 0 -0.999762
    outer loop
      vertex 1.53081e-15 0 12.5
      vertex -0.545242 0 12.4881
      vertex -0.545242 74.2 12.4881
    endloop
  endfacet
  facet normal 0.0654025 0 -0.997859
    outer loop
      vertex -0.545242 74.2 12.4881
      vertex -0.545242 0 12.4881
      vertex -1.08945 74.2 12.4524
    endloop
  endfacet
  facet normal 0.0654025 0 -0.997859
    outer loop
      vertex -0.545242 0 12.4881
      vertex -1.08945 0 12.4524
      vertex -1.08945 74.2 12.4524
    endloop
  endfacet
  facet normal 0.108867 0 -0.994056
    outer loop
      vertex -1.08945 74.2 12.4524
      vertex -1.08945 0 12.4524
      vertex -1.63158 74.2 12.3931
    endloop
  endfacet
  facet normal 0.108867 0 -0.994056
    outer loop
      vertex -1.08945 0 12.4524
      vertex -1.63158 0 12.3931
      vertex -1.63158 74.2 12.3931
    endloop
  endfacet
  facet normal 0.152124 0 -0.988361
    outer loop
      vertex -1.63158 74.2 12.3931
      vertex -1.63158 0 12.3931
      vertex -2.1706 74.2 12.3101
    endloop
  endfacet
  facet normal 0.152124 0 -0.988361
    outer loop
      vertex -1.63158 0 12.3931
      vertex -2.1706 0 12.3101
      vertex -2.1706 74.2 12.3101
    endloop
  endfacet
  facet normal 0.195091 0 -0.980785
    outer loop
      vertex -2.1706 74.2 12.3101
      vertex -2.1706 0 12.3101
      vertex -2.7055 74.2 12.2037
    endloop
  endfacet
  facet normal 0.195091 0 -0.980785
    outer loop
      vertex -2.1706 0 12.3101
      vertex -2.7055 0 12.2037
      vertex -2.7055 74.2 12.2037
    endloop
  endfacet
  facet normal 0.237685 0 -0.971342
    outer loop
      vertex -2.7055 74.2 12.2037
      vertex -2.7055 0 12.2037
      vertex -3.23524 74.2 12.0741
    endloop
  endfacet
  facet normal 0.237685 0 -0.971342
    outer loop
      vertex -2.7055 0 12.2037
      vertex -3.23524 0 12.0741
      vertex -3.23524 74.2 12.0741
    endloop
  endfacet
  facet normal 0.279829 0 -0.96005
    outer loop
      vertex -3.23524 74.2 12.0741
      vertex -3.23524 0 12.0741
      vertex -3.75882 74.2 11.9215
    endloop
  endfacet
  facet normal 0.279829 0 -0.96005
    outer loop
      vertex -3.23524 0 12.0741
      vertex -3.75882 0 11.9215
      vertex -3.75882 74.2 11.9215
    endloop
  endfacet
  facet normal 0.321439 0 -0.94693
    outer loop
      vertex -3.75882 74.2 11.9215
      vertex -3.75882 0 11.9215
      vertex -4.27525 74.2 11.7462
    endloop
  endfacet
  facet normal 0.321439 0 -0.94693
    outer loop
      vertex -3.75882 0 11.9215
      vertex -4.27525 0 11.7462
      vertex -4.27525 74.2 11.7462
    endloop
  endfacet
  facet normal 0.362438 0 -0.932008
    outer loop
      vertex -4.27525 74.2 11.7462
      vertex -4.27525 0 11.7462
      vertex -4.78354 74.2 11.5485
    endloop
  endfacet
  facet normal 0.362438 0 -0.932008
    outer loop
      vertex -4.27525 0 11.7462
      vertex -4.78354 0 11.5485
      vertex -4.78354 74.2 11.5485
    endloop
  endfacet
  facet normal 0.402747 0 -0.915312
    outer loop
      vertex -4.78354 74.2 11.5485
      vertex -4.78354 0 11.5485
      vertex -5.28273 74.2 11.3288
    endloop
  endfacet
  facet normal 0.402747 0 -0.915312
    outer loop
      vertex -4.78354 0 11.5485
      vertex -5.28273 0 11.3288
      vertex -5.28273 74.2 11.3288
    endloop
  endfacet
  facet normal 0.442288 0 -0.896873
    outer loop
      vertex -5.28273 74.2 11.3288
      vertex -5.28273 0 11.3288
      vertex -5.77186 74.2 11.0876
    endloop
  endfacet
  facet normal 0.442288 0 -0.896873
    outer loop
      vertex -5.28273 0 11.3288
      vertex -5.77186 0 11.0876
      vertex -5.77186 74.2 11.0876
    endloop
  endfacet
  facet normal 0.480989 0 -0.876727
    outer loop
      vertex -5.77186 74.2 11.0876
      vertex -5.77186 0 11.0876
      vertex -6.25 74.2 10.8253
    endloop
  endfacet
  facet normal 0.480989 0 -0.876727
    outer loop
      vertex -5.77186 0 11.0876
      vertex -6.25 0 10.8253
      vertex -6.25 74.2 10.8253
    endloop
  endfacet
  facet normal 0.518773 0 -0.854912
    outer loop
      vertex -6.25 74.2 10.8253
      vertex -6.25 0 10.8253
      vertex -6.71625 74.2 10.5424
    endloop
  endfacet
  facet normal 0.518773 0 -0.854912
    outer loop
      vertex -6.25 0 10.8253
      vertex -6.71625 0 10.5424
      vertex -6.71625 74.2 10.5424
    endloop
  endfacet
  facet normal 0.55557 0 -0.83147
    outer loop
      vertex -6.71625 74.2 10.5424
      vertex -6.71625 0 10.5424
      vertex -7.16971 74.2 10.2394
    endloop
  endfacet
  facet normal 0.55557 0 -0.83147
    outer loop
      vertex -6.71625 0 10.5424
      vertex -7.16971 0 10.2394
      vertex -7.16971 74.2 10.2394
    endloop
  endfacet
  facet normal 0.59131 0 -0.806444
    outer loop
      vertex -7.16971 74.2 10.2394
      vertex -7.16971 0 10.2394
      vertex -7.60952 74.2 9.91692
    endloop
  endfacet
  facet normal 0.59131 0 -0.806444
    outer loop
      vertex -7.16971 0 10.2394
      vertex -7.60952 0 9.91692
      vertex -7.60952 74.2 9.91692
    endloop
  endfacet
  facet normal 0.625924 0 -0.779884
    outer loop
      vertex -7.60952 74.2 9.91692
      vertex -7.60952 0 9.91692
      vertex -8.03484 74.2 9.57556
    endloop
  endfacet
  facet normal 0.625924 0 -0.779884
    outer loop
      vertex -7.60952 0 9.91692
      vertex -8.03484 0 9.57556
      vertex -8.03484 74.2 9.57556
    endloop
  endfacet
  facet normal 0.659345 0 -0.75184
    outer loop
      vertex -8.03484 74.2 9.57556
      vertex -8.03484 0 9.57556
      vertex -8.44488 74.2 9.21597
    endloop
  endfacet
  facet normal 0.659345 0 -0.75184
    outer loop
      vertex -8.03484 0 9.57556
      vertex -8.44488 0 9.21597
      vertex -8.44488 74.2 9.21597
    endloop
  endfacet
  facet normal 0.691512 0 -0.722365
    outer loop
      vertex -8.44488 74.2 9.21597
      vertex -8.44488 0 9.21597
      vertex -8.83884 74.2 8.83884
    endloop
  endfacet
  facet normal 0.691512 0 -0.722365
    outer loop
      vertex -8.44488 0 9.21597
      vertex -8.83884 0 8.83884
      vertex -8.83884 74.2 8.83884
    endloop
  endfacet
  facet normal 0.722365 0 -0.691512
    outer loop
      vertex -8.83884 74.2 8.83884
      vertex -8.83884 0 8.83884
      vertex -9.21597 74.2 8.44488
    endloop
  endfacet
  facet normal 0.722365 0 -0.691512
    outer loop
      vertex -8.83884 0 8.83884
      vertex -9.21597 0 8.44488
      vertex -9.21597 74.2 8.44488
    endloop
  endfacet
  facet normal 0.75184 0 -0.659345
    outer loop
      vertex -9.21597 74.2 8.44488
      vertex -9.21597 0 8.44488
      vertex -9.57556 74.2 8.03484
    endloop
  endfacet
  facet normal 0.75184 0 -0.659345
    outer loop
      vertex -9.21597 0 8.44488
      vertex -9.57556 0 8.03484
      vertex -9.57556 74.2 8.03484
    endloop
  endfacet
  facet normal 0.779884 0 -0.625924
    outer loop
      vertex -9.57556 74.2 8.03484
      vertex -9.57556 0 8.03484
      vertex -9.91692 74.2 7.60952
    endloop
  endfacet
  facet normal 0.779884 0 -0.625924
    outer loop
      vertex -9.57556 0 8.03484
      vertex -9.91692 0 7.60952
      vertex -9.91692 74.2 7.60952
    endloop
  endfacet
  facet normal 0.806444 0 -0.59131
    outer loop
      vertex -9.91692 74.2 7.60952
      vertex -9.91692 0 7.60952
      vertex -10.2394 74.2 7.16971
    endloop
  endfacet
  facet normal 0.806444 0 -0.59131
    outer loop
      vertex -9.91692 0 7.60952
      vertex -10.2394 0 7.16971
      vertex -10.2394 74.2 7.16971
    endloop
  endfacet
  facet normal 0.83147 0 -0.55557
    outer loop
      vertex -10.2394 74.2 7.16971
      vertex -10.2394 0 7.16971
      vertex -10.5424 74.2 6.71625
    endloop
  endfacet
  facet normal 0.83147 0 -0.55557
    outer loop
      vertex -10.2394 0 7.16971
      vertex -10.5424 0 6.71625
      vertex -10.5424 74.2 6.71625
    endloop
  endfacet
  facet normal 0.848823 0 -0.528677
    outer loop
      vertex -10.5424 74.2 6.71625
      vertex -10.5424 0 6.71625
      vertex -10.6771 52.7 6.5
    endloop
  endfacet
  facet normal 0.860145 0.000105369 -0.510049
    outer loop
      vertex -10.5424 0 6.71625
      vertex -10.8253 52.6538 6.25
      vertex -10.6771 52.7 6.5
    endloop
  endfacet
  facet normal 0.848823 0 0.528677
    outer loop
      vertex -10.6771 69 -6.5
      vertex -10.6771 52.7 -6.5
      vertex -10.5424 74.2 -6.71625
    endloop
  endfacet
  facet normal 0.848823 0 0.528677
    outer loop
      vertex -10.6771 52.7 -6.5
      vertex -10.5424 0 -6.71625
      vertex -10.5424 74.2 -6.71625
    endloop
  endfacet
  facet normal 0.83147 0 0.55557
    outer loop
      vertex -10.5424 74.2 -6.71625
      vertex -10.5424 0 -6.71625
      vertex -10.2394 74.2 -7.16971
    endloop
  endfacet
  facet normal 0.83147 0 0.55557
    outer loop
      vertex -10.5424 0 -6.71625
      vertex -10.2394 0 -7.16971
      vertex -10.2394 74.2 -7.16971
    endloop
  endfacet
  facet normal 0.806444 0 0.59131
    outer loop
      vertex -10.2394 74.2 -7.16971
      vertex -10.2394 0 -7.16971
      vertex -9.91692 74.2 -7.60952
    endloop
  endfacet
  facet normal 0.806444 0 0.59131
    outer loop
      vertex -10.2394 0 -7.16971
      vertex -9.91692 0 -7.60952
      vertex -9.91692 74.2 -7.60952
    endloop
  endfacet
  facet normal 0.779884 0 0.625924
    outer loop
      vertex -9.91692 74.2 -7.60952
      vertex -9.91692 0 -7.60952
      vertex -9.57556 74.2 -8.03484
    endloop
  endfacet
  facet normal 0.779884 0 0.625924
    outer loop
      vertex -9.91692 0 -7.60952
      vertex -9.57556 0 -8.03484
      vertex -9.57556 74.2 -8.03484
    endloop
  endfacet
  facet normal 0.75184 0 0.659345
    outer loop
      vertex -9.57556 74.2 -8.03484
      vertex -9.57556 0 -8.03484
      vertex -9.21597 74.2 -8.44488
    endloop
  endfacet
  facet normal 0.75184 0 0.659345
    outer loop
      vertex -9.57556 0 -8.03484
      vertex -9.21597 0 -8.44488
      vertex -9.21597 74.2 -8.44488
    endloop
  endfacet
  facet normal 0.722365 0 0.691512
    outer loop
      vertex -9.21597 74.2 -8.44488
      vertex -9.21597 0 -8.44488
      vertex -8.83884 74.2 -8.83884
    endloop
  endfacet
  facet normal 0.722365 0 0.691512
    outer loop
      vertex -9.21597 0 -8.44488
      vertex -8.83884 0 -8.83884
      vertex -8.83884 74.2 -8.83884
    endloop
  endfacet
  facet normal 0.691512 0 0.722365
    outer loop
      vertex -8.83884 74.2 -8.83884
      vertex -8.83884 0 -8.83884
      vertex -8.44488 74.2 -9.21597
    endloop
  endfacet
  facet normal 0.691512 0 0.722365
    outer loop
      vertex -8.83884 0 -8.83884
      vertex -8.44488 0 -9.21597
      vertex -8.44488 74.2 -9.21597
    endloop
  endfacet
  facet normal 0.659345 0 0.75184
    outer loop
      vertex -8.44488 74.2 -9.21597
      vertex -8.44488 0 -9.21597
      vertex -8.03484 74.2 -9.57556
    endloop
  endfacet
  facet normal 0.659345 0 0.75184
    outer loop
      vertex -8.44488 0 -9.21597
      vertex -8.03484 0 -9.57556
      vertex -8.03484 74.2 -9.57556
    endloop
  endfacet
  facet normal 0.625924 0 0.779884
    outer loop
      vertex -8.03484 74.2 -9.57556
      vertex -8.03484 0 -9.57556
      vertex -7.60952 74.2 -9.91692
    endloop
  endfacet
  facet normal 0.625924 0 0.779884
    outer loop
      vertex -8.03484 0 -9.57556
      vertex -7.60952 0 -9.91692
      vertex -7.60952 74.2 -9.91692
    endloop
  endfacet
  facet normal 0.59131 0 0.806444
    outer loop
      vertex -7.60952 74.2 -9.91692
      vertex -7.60952 0 -9.91692
      vertex -7.16971 74.2 -10.2394
    endloop
  endfacet
  facet normal 0.59131 0 0.806444
    outer loop
      vertex -7.60952 0 -9.91692
      vertex -7.16971 0 -10.2394
      vertex -7.16971 74.2 -10.2394
    endloop
  endfacet
  facet normal 0.55557 0 0.83147
    outer loop
      vertex -7.16971 74.2 -10.2394
      vertex -7.16971 0 -10.2394
      vertex -6.71625 74.2 -10.5424
    endloop
  endfacet
  facet normal 0.55557 0 0.83147
    outer loop
      vertex -7.16971 0 -10.2394
      vertex -6.71625 0 -10.5424
      vertex -6.71625 74.2 -10.5424
    endloop
  endfacet
  facet normal 0.518773 0 0.854912
    outer loop
      vertex -6.71625 74.2 -10.5424
      vertex -6.71625 0 -10.5424
      vertex -6.25 74.2 -10.8253
    endloop
  endfacet
  facet normal 0.518773 0 0.854912
    outer loop
      vertex -6.71625 0 -10.5424
      vertex -6.25 0 -10.8253
      vertex -6.25 74.2 -10.8253
    endloop
  endfacet
  facet normal 0.480989 0 0.876727
    outer loop
      vertex -6.25 74.2 -10.8253
      vertex -6.25 0 -10.8253
      vertex -5.77186 74.2 -11.0876
    endloop
  endfacet
  facet normal 0.480989 0 0.876727
    outer loop
      vertex -6.25 0 -10.8253
      vertex -5.77186 0 -11.0876
      vertex -5.77186 74.2 -11.0876
    endloop
  endfacet
  facet normal 0.442288 0 0.896873
    outer loop
      vertex -5.77186 74.2 -11.0876
      vertex -5.77186 0 -11.0876
      vertex -5.28273 74.2 -11.3288
    endloop
  endfacet
  facet normal 0.442288 0 0.896873
    outer loop
      vertex -5.77186 0 -11.0876
      vertex -5.28273 0 -11.3288
      vertex -5.28273 74.2 -11.3288
    endloop
  endfacet
  facet normal 0.402747 0 0.915312
    outer loop
      vertex -5.28273 74.2 -11.3288
      vertex -5.28273 0 -11.3288
      vertex -4.78354 74.2 -11.5485
    endloop
  endfacet
  facet normal 0.402747 0 0.915312
    outer loop
      vertex -5.28273 0 -11.3288
      vertex -4.78354 0 -11.5485
      vertex -4.78354 74.2 -11.5485
    endloop
  endfacet
  facet normal 0.362438 0 0.932008
    outer loop
      vertex -4.78354 74.2 -11.5485
      vertex -4.78354 0 -11.5485
      vertex -4.27525 74.2 -11.7462
    endloop
  endfacet
  facet normal 0.362438 0 0.932008
    outer loop
      vertex -4.78354 0 -11.5485
      vertex -4.27525 0 -11.7462
      vertex -4.27525 74.2 -11.7462
    endloop
  endfacet
  facet normal 0.321439 0 0.94693
    outer loop
      vertex -4.27525 74.2 -11.7462
      vertex -4.27525 0 -11.7462
      vertex -3.75882 74.2 -11.9215
    endloop
  endfacet
  facet normal 0.321439 0 0.94693
    outer loop
      vertex -4.27525 0 -11.7462
      vertex -3.75882 0 -11.9215
      vertex -3.75882 74.2 -11.9215
    endloop
  endfacet
  facet normal 0.279829 0 0.96005
    outer loop
      vertex -3.75882 74.2 -11.9215
      vertex -3.75882 0 -11.9215
      vertex -3.23524 74.2 -12.0741
    endloop
  endfacet
  facet normal 0.279829 0 0.96005
    outer loop
      vertex -3.75882 0 -11.9215
      vertex -3.23524 0 -12.0741
      vertex -3.23524 74.2 -12.0741
    endloop
  endfacet
  facet normal 0.237685 0 0.971342
    outer loop
      vertex -3.23524 74.2 -12.0741
      vertex -3.23524 0 -12.0741
      vertex -2.7055 74.2 -12.2037
    endloop
  endfacet
  facet normal 0.237685 0 0.971342
    outer loop
      vertex -3.23524 0 -12.0741
      vertex -2.7055 0 -12.2037
      vertex -2.7055 74.2 -12.2037
    endloop
  endfacet
  facet normal 0.195091 0 0.980785
    outer loop
      vertex -2.7055 74.2 -12.2037
      vertex -2.7055 0 -12.2037
      vertex -2.1706 74.2 -12.3101
    endloop
  endfacet
  facet normal 0.195091 0 0.980785
    outer loop
      vertex -2.7055 0 -12.2037
      vertex -2.1706 0 -12.3101
      vertex -2.1706 74.2 -12.3101
    endloop
  endfacet
  facet normal 0.152124 0 0.988361
    outer loop
      vertex -2.1706 74.2 -12.3101
      vertex -2.1706 0 -12.3101
      vertex -1.63158 74.2 -12.3931
    endloop
  endfacet
  facet normal 0.152124 0 0.988361
    outer loop
      vertex -2.1706 0 -12.3101
      vertex -1.63158 0 -12.3931
      vertex -1.63158 74.2 -12.3931
    endloop
  endfacet
  facet normal 0.108867 0 0.994056
    outer loop
      vertex -1.63158 74.2 -12.3931
      vertex -1.63158 0 -12.3931
      vertex -1.08945 74.2 -12.4524
    endloop
  endfacet
  facet normal 0.108867 0 0.994056
    outer loop
      vertex -1.63158 0 -12.3931
      vertex -1.08945 0 -12.4524
      vertex -1.08945 74.2 -12.4524
    endloop
  endfacet
  facet normal 0.0654025 0 0.997859
    outer loop
      vertex -1.08945 74.2 -12.4524
      vertex -1.08945 0 -12.4524
      vertex -0.545242 74.2 -12.4881
    endloop
  endfacet
  facet normal 0.0654025 0 0.997859
    outer loop
      vertex -1.08945 0 -12.4524
      vertex -0.545242 0 -12.4881
      vertex -0.545242 74.2 -12.4881
    endloop
  endfacet
  facet normal 0.0218156 0 0.999762
    outer loop
      vertex -0.545242 74.2 -12.4881
      vertex -0.545242 0 -12.4881
      vertex 0 74.2 -12.5
    endloop
  endfacet
  facet normal 0.0218156 -8.99407e-19 0.999762
    outer loop
      vertex -0.545242 0 -12.4881
      vertex -3.06162e-15 0 -12.5
      vertex 0 74.2 -12.5
    endloop
  endfacet
  facet normal -0.0218156 9.0015e-19 0.999762
    outer loop
      vertex 0 74.2 -12.5
      vertex -3.06162e-15 0 -12.5
      vertex 0.545242 74.2 -12.4881
    endloop
  endfacet
  facet normal -0.0218156 0 0.999762
    outer loop
      vertex -3.06162e-15 0 -12.5
      vertex 0.545242 0 -12.4881
      vertex 0.545242 74.2 -12.4881
    endloop
  endfacet
  facet normal -0.0654025 0 0.997859
    outer loop
      vertex 0.545242 74.2 -12.4881
      vertex 0.545242 0 -12.4881
      vertex 1.08945 74.2 -12.4524
    endloop
  endfacet
  facet normal -0.0654025 0 0.997859
    outer loop
      vertex 0.545242 0 -12.4881
      vertex 1.08945 0 -12.4524
      vertex 1.08945 74.2 -12.4524
    endloop
  endfacet
  facet normal -0.108867 0 0.994056
    outer loop
      vertex 1.08945 74.2 -12.4524
      vertex 1.08945 0 -12.4524
      vertex 1.63158 74.2 -12.3931
    endloop
  endfacet
  facet normal -0.108867 0 0.994056
    outer loop
      vertex 1.08945 0 -12.4524
      vertex 1.63158 0 -12.3931
      vertex 1.63158 74.2 -12.3931
    endloop
  endfacet
  facet normal -0.152124 0 0.988361
    outer loop
      vertex 1.63158 74.2 -12.3931
      vertex 1.63158 0 -12.3931
      vertex 2.1706 74.2 -12.3101
    endloop
  endfacet
  facet normal -0.152124 0 0.988361
    outer loop
      vertex 1.63158 0 -12.3931
      vertex 2.1706 0 -12.3101
      vertex 2.1706 74.2 -12.3101
    endloop
  endfacet
  facet normal -0.195091 0 0.980785
    outer loop
      vertex 2.1706 74.2 -12.3101
      vertex 2.1706 0 -12.3101
      vertex 2.7055 74.2 -12.2037
    endloop
  endfacet
  facet normal -0.195091 0 0.980785
    outer loop
      vertex 2.1706 0 -12.3101
      vertex 2.7055 0 -12.2037
      vertex 2.7055 74.2 -12.2037
    endloop
  endfacet
  facet normal -0.237685 0 0.971342
    outer loop
      vertex 2.7055 74.2 -12.2037
      vertex 2.7055 0 -12.2037
      vertex 3.23524 74.2 -12.0741
    endloop
  endfacet
  facet normal -0.237685 0 0.971342
    outer loop
      vertex 2.7055 0 -12.2037
      vertex 3.23524 0 -12.0741
      vertex 3.23524 74.2 -12.0741
    endloop
  endfacet
  facet normal -0.279829 0 0.96005
    outer loop
      vertex 3.23524 74.2 -12.0741
      vertex 3.23524 0 -12.0741
      vertex 3.75882 74.2 -11.9215
    endloop
  endfacet
  facet normal -0.279829 0 0.96005
    outer loop
      vertex 3.23524 0 -12.0741
      vertex 3.75882 0 -11.9215
      vertex 3.75882 74.2 -11.9215
    endloop
  endfacet
  facet normal -0.321439 0 0.94693
    outer loop
      vertex 3.75882 74.2 -11.9215
      vertex 3.75882 0 -11.9215
      vertex 4.27525 74.2 -11.7462
    endloop
  endfacet
  facet normal -0.321439 0 0.94693
    outer loop
      vertex 3.75882 0 -11.9215
      vertex 4.27525 0 -11.7462
      vertex 4.27525 74.2 -11.7462
    endloop
  endfacet
  facet normal -0.362438 0 0.932008
    outer loop
      vertex 4.27525 74.2 -11.7462
      vertex 4.27525 0 -11.7462
      vertex 4.78354 74.2 -11.5485
    endloop
  endfacet
  facet normal -0.362438 0 0.932008
    outer loop
      vertex 4.27525 0 -11.7462
      vertex 4.78354 0 -11.5485
      vertex 4.78354 74.2 -11.5485
    endloop
  endfacet
  facet normal -0.402747 0 0.915312
    outer loop
      vertex 4.78354 74.2 -11.5485
      vertex 4.78354 0 -11.5485
      vertex 5.28273 74.2 -11.3288
    endloop
  endfacet
  facet normal -0.402747 0 0.915312
    outer loop
      vertex 4.78354 0 -11.5485
      vertex 5.28273 0 -11.3288
      vertex 5.28273 74.2 -11.3288
    endloop
  endfacet
  facet normal -0.442288 0 0.896873
    outer loop
      vertex 5.28273 74.2 -11.3288
      vertex 5.28273 0 -11.3288
      vertex 5.77186 74.2 -11.0876
    endloop
  endfacet
  facet normal -0.442288 0 0.896873
    outer loop
      vertex 5.28273 0 -11.3288
      vertex 5.77186 0 -11.0876
      vertex 5.77186 74.2 -11.0876
    endloop
  endfacet
  facet normal -0.480989 0 0.876727
    outer loop
      vertex 5.77186 74.2 -11.0876
      vertex 5.77186 0 -11.0876
      vertex 6.25 74.2 -10.8253
    endloop
  endfacet
  facet normal -0.480989 0 0.876727
    outer loop
      vertex 5.77186 0 -11.0876
      vertex 6.25 0 -10.8253
      vertex 6.25 74.2 -10.8253
    endloop
  endfacet
  facet normal -0.518773 0 0.854912
    outer loop
      vertex 6.25 74.2 -10.8253
      vertex 6.25 0 -10.8253
      vertex 6.71625 74.2 -10.5424
    endloop
  endfacet
  facet normal -0.518773 0 0.854912
    outer loop
      vertex 6.25 0 -10.8253
      vertex 6.71625 0 -10.5424
      vertex 6.71625 74.2 -10.5424
    endloop
  endfacet
  facet normal -0.55557 0 0.83147
    outer loop
      vertex 6.71625 74.2 -10.5424
      vertex 6.71625 0 -10.5424
      vertex 7.16971 74.2 -10.2394
    endloop
  endfacet
  facet normal -0.55557 0 0.83147
    outer loop
      vertex 6.71625 0 -10.5424
      vertex 7.16971 0 -10.2394
      vertex 7.16971 74.2 -10.2394
    endloop
  endfacet
  facet normal -0.59131 0 0.806444
    outer loop
      vertex 7.16971 74.2 -10.2394
      vertex 7.16971 0 -10.2394
      vertex 7.60952 74.2 -9.91692
    endloop
  endfacet
  facet normal -0.59131 0 0.806444
    outer loop
      vertex 7.16971 0 -10.2394
      vertex 7.60952 0 -9.91692
      vertex 7.60952 74.2 -9.91692
    endloop
  endfacet
  facet normal -0.625924 0 0.779884
    outer loop
      vertex 7.60952 74.2 -9.91692
      vertex 7.60952 0 -9.91692
      vertex 8.03484 74.2 -9.57556
    endloop
  endfacet
  facet normal -0.625924 0 0.779884
    outer loop
      vertex 7.60952 0 -9.91692
      vertex 8.03484 0 -9.57556
      vertex 8.03484 74.2 -9.57556
    endloop
  endfacet
  facet normal -0.659345 0 0.75184
    outer loop
      vertex 8.03484 74.2 -9.57556
      vertex 8.03484 0 -9.57556
      vertex 8.44488 74.2 -9.21597
    endloop
  endfacet
  facet normal -0.659345 0 0.75184
    outer loop
      vertex 8.03484 0 -9.57556
      vertex 8.44488 0 -9.21597
      vertex 8.44488 74.2 -9.21597
    endloop
  endfacet
  facet normal -0.691512 0 0.722365
    outer loop
      vertex 8.44488 74.2 -9.21597
      vertex 8.44488 0 -9.21597
      vertex 8.83884 74.2 -8.83884
    endloop
  endfacet
  facet normal -0.691512 0 0.722365
    outer loop
      vertex 8.44488 0 -9.21597
      vertex 8.83884 0 -8.83884
      vertex 8.83884 74.2 -8.83884
    endloop
  endfacet
  facet normal -0.722365 0 0.691512
    outer loop
      vertex 8.83884 74.2 -8.83884
      vertex 8.83884 0 -8.83884
      vertex 9.21597 74.2 -8.44488
    endloop
  endfacet
  facet normal -0.722365 0 0.691512
    outer loop
      vertex 8.83884 0 -8.83884
      vertex 9.21597 0 -8.44488
      vertex 9.21597 74.2 -8.44488
    endloop
  endfacet
  facet normal -0.75184 0 0.659345
    outer loop
      vertex 9.21597 74.2 -8.44488
      vertex 9.21597 0 -8.44488
      vertex 9.57556 74.2 -8.03484
    endloop
  endfacet
  facet normal -0.75184 0 0.659345
    outer loop
      vertex 9.21597 0 -8.44488
      vertex 9.57556 0 -8.03484
      vertex 9.57556 74.2 -8.03484
    endloop
  endfacet
  facet normal -0.779884 0 0.625924
    outer loop
      vertex 9.57556 74.2 -8.03484
      vertex 9.57556 0 -8.03484
      vertex 9.91692 74.2 -7.60952
    endloop
  endfacet
  facet normal -0.779884 0 0.625924
    outer loop
      vertex 9.57556 0 -8.03484
      vertex 9.91692 0 -7.60952
      vertex 9.91692 74.2 -7.60952
    endloop
  endfacet
  facet normal -0.806444 0 0.59131
    outer loop
      vertex 9.91692 74.2 -7.60952
      vertex 9.91692 0 -7.60952
      vertex 10.2394 74.2 -7.16971
    endloop
  endfacet
  facet normal -0.806444 0 0.59131
    outer loop
      vertex 9.91692 0 -7.60952
      vertex 10.2394 0 -7.16971
      vertex 10.2394 74.2 -7.16971
    endloop
  endfacet
  facet normal -0.83147 0 0.55557
    outer loop
      vertex 10.2394 74.2 -7.16971
      vertex 10.2394 0 -7.16971
      vertex 10.5424 74.2 -6.71625
    endloop
  endfacet
  facet normal -0.83147 0 0.55557
    outer loop
      vertex 10.2394 0 -7.16971
      vertex 10.5424 0 -6.71625
      vertex 10.5424 74.2 -6.71625
    endloop
  endfacet
  facet normal -0.848823 0 0.528677
    outer loop
      vertex 10.5424 74.2 -6.71625
      vertex 10.5424 0 -6.71625
      vertex 10.6771 52.7 -6.5
    endloop
  endfacet
  facet normal -0.860145 0.000105369 0.510049
    outer loop
      vertex 10.5424 0 -6.71625
      vertex 10.8253 52.6538 -6.25
      vertex 10.6771 52.7 -6.5
    endloop
  endfacet
  facet normal 0.894235 0 0.447598
    outer loop
      vertex 13.5185 52.7 6.5
      vertex 13.5185 69 6.5
      vertex 13.3052 74.2 6.92623
    endloop
  endfacet
  facet normal 0.903772 -0.000196996 0.428015
    outer loop
      vertex 13.5946 52.6703 6.33927
      vertex 13.5185 52.7 6.5
      vertex 13.3052 0 6.92623
    endloop
  endfacet
  facet normal 0.896872 0.000543333 0.44229
    outer loop
      vertex 13.3052 74.2 6.92623
      vertex 13.5185 69 6.5
      vertex 13.5946 74.2 6.33927
    endloop
  endfacet
  facet normal 0.896872 0 0.44229
    outer loop
      vertex 13.3052 0 6.92623
      vertex 13.5946 0 6.33927
      vertex 13.5946 52.6703 6.33927
    endloop
  endfacet
  facet normal 0.915312 0 0.402746
    outer loop
      vertex 13.5946 0 6.33927
      vertex 13.8582 0 5.74025
      vertex 13.5946 52.6703 6.33927
    endloop
  endfacet
  facet normal 0.915312 0 0.402746
    outer loop
      vertex 13.5946 52.6703 6.33927
      vertex 13.8582 0 5.74025
      vertex 13.8582 52.5597 5.74025
    endloop
  endfacet
  facet normal 0.932008 0 0.362439
    outer loop
      vertex 13.8582 0 5.74025
      vertex 14.0954 0 5.1303
      vertex 13.8582 52.5597 5.74025
    endloop
  endfacet
  facet normal 0.932008 0 0.362439
    outer loop
      vertex 13.8582 52.5597 5.74025
      vertex 14.0954 0 5.1303
      vertex 14.0954 52.4471 5.1303
    endloop
  endfacet
  facet normal 0.94693 0 0.32144
    outer loop
      vertex 14.0954 0 5.1303
      vertex 14.3058 0 4.51059
      vertex 14.0954 52.4471 5.1303
    endloop
  endfacet
  facet normal 0.94693 0 0.32144
    outer loop
      vertex 14.0954 52.4471 5.1303
      vertex 14.3058 0 4.51059
      vertex 14.3058 52.3327 4.51059
    endloop
  endfacet
  facet normal 0.96005 0 0.279828
    outer loop
      vertex 14.3058 0 4.51059
      vertex 14.4889 0 3.88229
      vertex 14.3058 52.3327 4.51059
    endloop
  endfacet
  facet normal 0.96005 0 0.279828
    outer loop
      vertex 14.3058 52.3327 4.51059
      vertex 14.4889 0 3.88229
      vertex 14.4889 52.2167 3.88229
    endloop
  endfacet
  facet normal 0.971342 0 0.237687
    outer loop
      vertex 14.4889 0 3.88229
      vertex 14.6444 0 3.24659
      vertex 14.4889 52.2167 3.88229
    endloop
  endfacet
  facet normal 0.971342 0 0.237687
    outer loop
      vertex 14.4889 52.2167 3.88229
      vertex 14.6444 0 3.24659
      vertex 14.6444 52.0994 3.24659
    endloop
  endfacet
  facet normal 0.980785 0 0.19509
    outer loop
      vertex 14.6444 0 3.24659
      vertex 14.7721 0 2.60472
      vertex 14.6444 52.0994 3.24659
    endloop
  endfacet
  facet normal 0.980785 0 0.19509
    outer loop
      vertex 14.6444 52.0994 3.24659
      vertex 14.7721 0 2.60472
      vertex 14.7721 51.9809 2.60472
    endloop
  endfacet
  facet normal 0.988362 0 0.152123
    outer loop
      vertex 14.7721 0 2.60472
      vertex 14.8717 0 1.95789
      vertex 14.7721 51.9809 2.60472
    endloop
  endfacet
  facet normal 0.988362 0 0.152123
    outer loop
      vertex 14.7721 51.9809 2.60472
      vertex 14.8717 0 1.95789
      vertex 14.8717 51.8615 1.95789
    endloop
  endfacet
  facet normal 0.994056 0 0.108868
    outer loop
      vertex 14.8717 0 1.95789
      vertex 14.9429 0 1.30734
      vertex 14.8717 51.8615 1.95789
    endloop
  endfacet
  facet normal 0.994056 0 0.108868
    outer loop
      vertex 14.8717 51.8615 1.95789
      vertex 14.9429 0 1.30734
      vertex 14.9429 51.7414 1.30734
    endloop
  endfacet
  facet normal 0.997859 0 0.0654028
    outer loop
      vertex 14.9429 0 1.30734
      vertex 14.9857 0 0.654291
      vertex 14.9429 51.7414 1.30734
    endloop
  endfacet
  facet normal 0.997859 0 0.0654028
    outer loop
      vertex 14.9429 51.7414 1.30734
      vertex 14.9857 0 0.654291
      vertex 14.9857 51.6208 0.654291
    endloop
  endfacet
  facet normal 0.999762 0 0.0218142
    outer loop
      vertex 14.9857 0 0.654291
      vertex 15 0 0
      vertex 14.9857 51.6208 0.654291
    endloop
  endfacet
  facet normal 0.999762 1.07987e-18 0.0218142
    outer loop
      vertex 14.9857 51.6208 0.654291
      vertex 15 0 0
      vertex 15 51.5 -2.60209e-15
    endloop
  endfacet
  facet normal 0.999762 -1.10218e-18 -0.0218142
    outer loop
      vertex 15 0 0
      vertex 14.9857 0 -0.654291
      vertex 15 51.5 -2.60209e-15
    endloop
  endfacet
  facet normal 0.999762 0 -0.0218142
    outer loop
      vertex 15 51.5 -2.60209e-15
      vertex 14.9857 0 -0.654291
      vertex 14.9857 51.6208 -0.654291
    endloop
  endfacet
  facet normal 0.997859 0 -0.0654028
    outer loop
      vertex 14.9857 0 -0.654291
      vertex 14.9429 0 -1.30734
      vertex 14.9857 51.6208 -0.654291
    endloop
  endfacet
  facet normal 0.997859 0 -0.0654028
    outer loop
      vertex 14.9857 51.6208 -0.654291
      vertex 14.9429 0 -1.30734
      vertex 14.9429 51.7414 -1.30734
    endloop
  endfacet
  facet normal 0.994056 0 -0.108868
    outer loop
      vertex 14.9429 0 -1.30734
      vertex 14.8717 0 -1.95789
      vertex 14.9429 51.7414 -1.30734
    endloop
  endfacet
  facet normal 0.994056 0 -0.108868
    outer loop
      vertex 14.9429 51.7414 -1.30734
      vertex 14.8717 0 -1.95789
      vertex 14.8717 51.8615 -1.95789
    endloop
  endfacet
  facet normal 0.988362 0 -0.152123
    outer loop
      vertex 14.8717 0 -1.95789
      vertex 14.7721 0 -2.60472
      vertex 14.8717 51.8615 -1.95789
    endloop
  endfacet
  facet normal 0.988362 0 -0.152123
    outer loop
      vertex 14.8717 51.8615 -1.95789
      vertex 14.7721 0 -2.60472
      vertex 14.7721 51.9809 -2.60472
    endloop
  endfacet
  facet normal 0.980785 0 -0.19509
    outer loop
      vertex 14.7721 0 -2.60472
      vertex 14.6444 0 -3.24659
      vertex 14.7721 51.9809 -2.60472
    endloop
  endfacet
  facet normal 0.980785 0 -0.19509
    outer loop
      vertex 14.7721 51.9809 -2.60472
      vertex 14.6444 0 -3.24659
      vertex 14.6444 52.0994 -3.24659
    endloop
  endfacet
  facet normal 0.971342 0 -0.237687
    outer loop
      vertex 14.6444 0 -3.24659
      vertex 14.4889 0 -3.88229
      vertex 14.6444 52.0994 -3.24659
    endloop
  endfacet
  facet normal 0.971342 0 -0.237687
    outer loop
      vertex 14.6444 52.0994 -3.24659
      vertex 14.4889 0 -3.88229
      vertex 14.4889 52.2167 -3.88229
    endloop
  endfacet
  facet normal 0.96005 0 -0.279828
    outer loop
      vertex 14.4889 0 -3.88229
      vertex 14.3058 0 -4.51059
      vertex 14.4889 52.2167 -3.88229
    endloop
  endfacet
  facet normal 0.96005 0 -0.279828
    outer loop
      vertex 14.4889 52.2167 -3.88229
      vertex 14.3058 0 -4.51059
      vertex 14.3058 52.3327 -4.51059
    endloop
  endfacet
  facet normal 0.94693 0 -0.32144
    outer loop
      vertex 14.3058 0 -4.51059
      vertex 14.0954 0 -5.1303
      vertex 14.3058 52.3327 -4.51059
    endloop
  endfacet
  facet normal 0.94693 0 -0.32144
    outer loop
      vertex 14.3058 52.3327 -4.51059
      vertex 14.0954 0 -5.1303
      vertex 14.0954 52.4471 -5.1303
    endloop
  endfacet
  facet normal 0.932008 0 -0.362439
    outer loop
      vertex 14.0954 0 -5.1303
      vertex 13.8582 0 -5.74025
      vertex 14.0954 52.4471 -5.1303
    endloop
  endfacet
  facet normal 0.932008 0 -0.362439
    outer loop
      vertex 14.0954 52.4471 -5.1303
      vertex 13.8582 0 -5.74025
      vertex 13.8582 52.5597 -5.74025
    endloop
  endfacet
  facet normal 0.915312 0 -0.402746
    outer loop
      vertex 13.8582 0 -5.74025
      vertex 13.5946 0 -6.33927
      vertex 13.8582 52.5597 -5.74025
    endloop
  endfacet
  facet normal 0.915312 0 -0.402746
    outer loop
      vertex 13.8582 52.5597 -5.74025
      vertex 13.5946 0 -6.33927
      vertex 13.5946 52.6703 -6.33927
    endloop
  endfacet
  facet normal 0.903784 0.00199949 -0.427984
    outer loop
      vertex 13.5946 69 -6.33927
      vertex 13.5185 69 -6.5
      vertex 13.3052 74.2 -6.92623
    endloop
  endfacet
  facet normal 0.894235 0 -0.447598
    outer loop
      vertex 13.5185 69 -6.5
      vertex 13.5185 52.7 -6.5
      vertex 13.3052 74.2 -6.92623
    endloop
  endfacet
  facet normal 0.896872 0 -0.44229
    outer loop
      vertex 13.3052 74.2 -6.92623
      vertex 13.5946 74.2 -6.33927
      vertex 13.5946 69 -6.33927
    endloop
  endfacet
  facet normal 0.915312 0 -0.402746
    outer loop
      vertex 13.5946 74.2 -6.33927
      vertex 13.8582 74.2 -5.74025
      vertex 13.5946 69 -6.33927
    endloop
  endfacet
  facet normal 0.915312 0 -0.402746
    outer loop
      vertex 13.5946 69 -6.33927
      vertex 13.8582 74.2 -5.74025
      vertex 13.8582 69 -5.74025
    endloop
  endfacet
  facet normal 0.932008 0 -0.362439
    outer loop
      vertex 13.8582 74.2 -5.74025
      vertex 14.0954 74.2 -5.1303
      vertex 13.8582 69 -5.74025
    endloop
  endfacet
  facet normal 0.932008 0 -0.362439
    outer loop
      vertex 13.8582 69 -5.74025
      vertex 14.0954 74.2 -5.1303
      vertex 14.0954 69 -5.1303
    endloop
  endfacet
  facet normal 0.94693 0 -0.32144
    outer loop
      vertex 14.0954 74.2 -5.1303
      vertex 14.3058 74.2 -4.51059
      vertex 14.0954 69 -5.1303
    endloop
  endfacet
  facet normal 0.94693 0 -0.32144
    outer loop
      vertex 14.0954 69 -5.1303
      vertex 14.3058 74.2 -4.51059
      vertex 14.3058 69 -4.51059
    endloop
  endfacet
  facet normal 0.96005 0 -0.279828
    outer loop
      vertex 14.3058 74.2 -4.51059
      vertex 14.4889 74.2 -3.88229
      vertex 14.3058 69 -4.51059
    endloop
  endfacet
  facet normal 0.96005 0 -0.279828
    outer loop
      vertex 14.3058 69 -4.51059
      vertex 14.4889 74.2 -3.88229
      vertex 14.4889 69 -3.88229
    endloop
  endfacet
  facet normal 0.971342 0 -0.237687
    outer loop
      vertex 14.4889 74.2 -3.88229
      vertex 14.6444 74.2 -3.24659
      vertex 14.4889 69 -3.88229
    endloop
  endfacet
  facet normal 0.971342 0 -0.237687
    outer loop
      vertex 14.4889 69 -3.88229
      vertex 14.6444 74.2 -3.24659
      vertex 14.6444 69 -3.24659
    endloop
  endfacet
  facet normal 0.980785 0 -0.19509
    outer loop
      vertex 14.6444 74.2 -3.24659
      vertex 14.7721 74.2 -2.60472
      vertex 14.6444 69 -3.24659
    endloop
  endfacet
  facet normal 0.980785 0 -0.19509
    outer loop
      vertex 14.6444 69 -3.24659
      vertex 14.7721 74.2 -2.60472
      vertex 14.7721 69 -2.60472
    endloop
  endfacet
  facet normal 0.988362 0 -0.152123
    outer loop
      vertex 14.7721 74.2 -2.60472
      vertex 14.8717 74.2 -1.95789
      vertex 14.7721 69 -2.60472
    endloop
  endfacet
  facet normal 0.988362 0 -0.152123
    outer loop
      vertex 14.7721 69 -2.60472
      vertex 14.8717 74.2 -1.95789
      vertex 14.8717 69 -1.95789
    endloop
  endfacet
  facet normal 0.994056 0 -0.108868
    outer loop
      vertex 14.8717 74.2 -1.95789
      vertex 14.9429 74.2 -1.30734
      vertex 14.8717 69 -1.95789
    endloop
  endfacet
  facet normal 0.994056 0 -0.108868
    outer loop
      vertex 14.8717 69 -1.95789
      vertex 14.9429 74.2 -1.30734
      vertex 14.9429 69 -1.30734
    endloop
  endfacet
  facet normal 0.997859 0 -0.0654028
    outer loop
      vertex 14.9429 74.2 -1.30734
      vertex 14.9857 74.2 -0.654291
      vertex 14.9429 69 -1.30734
    endloop
  endfacet
  facet normal 0.997859 0 -0.0654028
    outer loop
      vertex 14.9429 69 -1.30734
      vertex 14.9857 74.2 -0.654291
      vertex 14.9857 69 -0.654291
    endloop
  endfacet
  facet normal 0.999762 0 -0.0218142
    outer loop
      vertex 14.9857 74.2 -0.654291
      vertex 15 74.2 0
      vertex 14.9857 69 -0.654291
    endloop
  endfacet
  facet normal 0.999762 0 -0.0218142
    outer loop
      vertex 14.9857 69 -0.654291
      vertex 15 74.2 0
      vertex 15 69 0
    endloop
  endfacet
  facet normal 0.999762 0 0.0218142
    outer loop
      vertex 15 74.2 0
      vertex 14.9857 74.2 0.654291
      vertex 15 69 0
    endloop
  endfacet
  facet normal 0.999762 0 0.0218142
    outer loop
      vertex 15 69 0
      vertex 14.9857 74.2 0.654291
      vertex 14.9857 69 0.654291
    endloop
  endfacet
  facet normal 0.997859 0 0.0654028
    outer loop
      vertex 14.9857 74.2 0.654291
      vertex 14.9429 74.2 1.30734
      vertex 14.9857 69 0.654291
    endloop
  endfacet
  facet normal 0.997859 0 0.0654028
    outer loop
      vertex 14.9857 69 0.654291
      vertex 14.9429 74.2 1.30734
      vertex 14.9429 69 1.30734
    endloop
  endfacet
  facet normal 0.994056 0 0.108868
    outer loop
      vertex 14.9429 74.2 1.30734
      vertex 14.8717 74.2 1.95789
      vertex 14.9429 69 1.30734
    endloop
  endfacet
  facet normal 0.994056 0 0.108868
    outer loop
      vertex 14.9429 69 1.30734
      vertex 14.8717 74.2 1.95789
      vertex 14.8717 69 1.95789
    endloop
  endfacet
  facet normal 0.988362 0 0.152123
    outer loop
      vertex 14.8717 74.2 1.95789
      vertex 14.7721 74.2 2.60472
      vertex 14.8717 69 1.95789
    endloop
  endfacet
  facet normal 0.988362 0 0.152123
    outer loop
      vertex 14.8717 69 1.95789
      vertex 14.7721 74.2 2.60472
      vertex 14.7721 69 2.60472
    endloop
  endfacet
  facet normal 0.980785 0 0.19509
    outer loop
      vertex 14.7721 74.2 2.60472
      vertex 14.6444 74.2 3.24659
      vertex 14.7721 69 2.60472
    endloop
  endfacet
  facet normal 0.980785 0 0.19509
    outer loop
      vertex 14.7721 69 2.60472
      vertex 14.6444 74.2 3.24659
      vertex 14.6444 69 3.24659
    endloop
  endfacet
  facet normal 0.971342 0 0.237687
    outer loop
      vertex 14.6444 74.2 3.24659
      vertex 14.4889 74.2 3.88229
      vertex 14.6444 69 3.24659
    endloop
  endfacet
  facet normal 0.971342 0 0.237687
    outer loop
      vertex 14.6444 69 3.24659
      vertex 14.4889 74.2 3.88229
      vertex 14.4889 69 3.88229
    endloop
  endfacet
  facet normal 0.96005 0 0.279828
    outer loop
      vertex 14.4889 74.2 3.88229
      vertex 14.3058 74.2 4.51059
      vertex 14.4889 69 3.88229
    endloop
  endfacet
  facet normal 0.96005 0 0.279828
    outer loop
      vertex 14.4889 69 3.88229
      vertex 14.3058 74.2 4.51059
      vertex 14.3058 69 4.51059
    endloop
  endfacet
  facet normal 0.94693 0 0.32144
    outer loop
      vertex 14.3058 74.2 4.51059
      vertex 14.0954 74.2 5.1303
      vertex 14.3058 69 4.51059
    endloop
  endfacet
  facet normal 0.94693 0 0.32144
    outer loop
      vertex 14.3058 69 4.51059
      vertex 14.0954 74.2 5.1303
      vertex 14.0954 69 5.1303
    endloop
  endfacet
  facet normal 0.932008 0 0.362439
    outer loop
      vertex 14.0954 74.2 5.1303
      vertex 13.8582 74.2 5.74025
      vertex 14.0954 69 5.1303
    endloop
  endfacet
  facet normal 0.932008 0 0.362439
    outer loop
      vertex 14.0954 69 5.1303
      vertex 13.8582 74.2 5.74025
      vertex 13.8582 69 5.74025
    endloop
  endfacet
  facet normal 0.915312 0 0.402746
    outer loop
      vertex 13.8582 74.2 5.74025
      vertex 13.5946 74.2 6.33927
      vertex 13.8582 69 5.74025
    endloop
  endfacet
  facet normal 0.915312 0 0.402746
    outer loop
      vertex 13.8582 69 5.74025
      vertex 13.5946 74.2 6.33927
      vertex 13.5946 69 6.33927
    endloop
  endfacet
  facet normal 0.903786 0 0.427985
    outer loop
      vertex 13.5946 74.2 6.33927
      vertex 13.5185 69 6.5
      vertex 13.5946 69 6.33927
    endloop
  endfacet
  facet normal -0.894235 0 -0.447598
    outer loop
      vertex -13.5185 52.7 -6.5
      vertex -13.5185 69 -6.5
      vertex -13.3052 74.2 -6.92623
    endloop
  endfacet
  facet normal -0.903772 -0.000196996 -0.428015
    outer loop
      vertex -13.5946 52.6703 -6.33927
      vertex -13.5185 52.7 -6.5
      vertex -13.3052 0 -6.92623
    endloop
  endfacet
  facet normal -0.896872 0.000543333 -0.44229
    outer loop
      vertex -13.3052 74.2 -6.92623
      vertex -13.5185 69 -6.5
      vertex -13.5946 74.2 -6.33927
    endloop
  endfacet
  facet normal -0.915312 0 0.402746
    outer loop
      vertex -13.5946 0 6.33927
      vertex -13.8582 52.5597 5.74025
      vertex -13.8582 0 5.74025
    endloop
  endfacet
  facet normal -0.932008 0 0.362439
    outer loop
      vertex -13.8582 52.5597 5.74025
      vertex -14.0954 52.4471 5.1303
      vertex -13.8582 0 5.74025
    endloop
  endfacet
  facet normal -0.932008 0 0.362439
    outer loop
      vertex -13.8582 0 5.74025
      vertex -14.0954 52.4471 5.1303
      vertex -14.0954 0 5.1303
    endloop
  endfacet
  facet normal -0.94693 0 0.32144
    outer loop
      vertex -14.0954 52.4471 5.1303
      vertex -14.3058 52.3327 4.51059
      vertex -14.0954 0 5.1303
    endloop
  endfacet
  facet normal -0.94693 0 0.32144
    outer loop
      vertex -14.0954 0 5.1303
      vertex -14.3058 52.3327 4.51059
      vertex -14.3058 0 4.51059
    endloop
  endfacet
  facet normal -0.96005 0 0.279828
    outer loop
      vertex -14.3058 52.3327 4.51059
      vertex -14.4889 52.2167 3.88229
      vertex -14.3058 0 4.51059
    endloop
  endfacet
  facet normal -0.96005 0 0.279828
    outer loop
      vertex -14.3058 0 4.51059
      vertex -14.4889 52.2167 3.88229
      vertex -14.4889 0 3.88229
    endloop
  endfacet
  facet normal -0.971342 0 0.237687
    outer loop
      vertex -14.4889 52.2167 3.88229
      vertex -14.6444 52.0994 3.24659
      vertex -14.4889 0 3.88229
    endloop
  endfacet
  facet normal -0.971342 0 0.237687
    outer loop
      vertex -14.4889 0 3.88229
      vertex -14.6444 52.0994 3.24659
      vertex -14.6444 0 3.24659
    endloop
  endfacet
  facet normal -0.980785 0 0.19509
    outer loop
      vertex -14.6444 52.0994 3.24659
      vertex -14.7721 51.9809 2.60472
      vertex -14.6444 0 3.24659
    endloop
  endfacet
  facet normal -0.980785 0 0.19509
    outer loop
      vertex -14.6444 0 3.24659
      vertex -14.7721 51.9809 2.60472
      vertex -14.7721 0 2.60472
    endloop
  endfacet
  facet normal -0.988362 0 0.152123
    outer loop
      vertex -14.7721 51.9809 2.60472
      vertex -14.8717 51.8615 1.95789
      vertex -14.7721 0 2.60472
    endloop
  endfacet
  facet normal -0.988362 0 0.152123
    outer loop
      vertex -14.7721 0 2.60472
      vertex -14.8717 51.8615 1.95789
      vertex -14.8717 0 1.95789
    endloop
  endfacet
  facet normal -0.994056 0 0.108868
    outer loop
      vertex -14.8717 51.8615 1.95789
      vertex -14.9429 51.7414 1.30734
      vertex -14.8717 0 1.95789
    endloop
  endfacet
  facet normal -0.994056 0 0.108868
    outer loop
      vertex -14.8717 0 1.95789
      vertex -14.9429 51.7414 1.30734
      vertex -14.9429 0 1.30734
    endloop
  endfacet
  facet normal -0.997859 0 0.0654028
    outer loop
      vertex -14.9429 51.7414 1.30734
      vertex -14.9857 51.6208 0.654291
      vertex -14.9429 0 1.30734
    endloop
  endfacet
  facet normal -0.997859 0 0.0654028
    outer loop
      vertex -14.9429 0 1.30734
      vertex -14.9857 51.6208 0.654291
      vertex -14.9857 0 0.654291
    endloop
  endfacet
  facet normal -0.999762 0 0.0218142
    outer loop
      vertex -14.9857 51.6208 0.654291
      vertex -15 51.5 -2.60209e-15
      vertex -14.9857 0 0.654291
    endloop
  endfacet
  facet normal -0.999762 2.65059e-18 0.0218142
    outer loop
      vertex -14.9857 0 0.654291
      vertex -15 51.5 -2.60209e-15
      vertex -15 0 3.67394e-15
    endloop
  endfacet
  facet normal -0.999762 -2.65838e-18 -0.0218142
    outer loop
      vertex -15 51.5 -2.60209e-15
      vertex -14.9857 51.6208 -0.654291
      vertex -15 0 3.67394e-15
    endloop
  endfacet
  facet normal -0.999762 0 -0.0218142
    outer loop
      vertex -15 0 3.67394e-15
      vertex -14.9857 51.6208 -0.654291
      vertex -14.9857 0 -0.654291
    endloop
  endfacet
  facet normal -0.997859 0 -0.0654028
    outer loop
      vertex -14.9857 51.6208 -0.654291
      vertex -14.9429 51.7414 -1.30734
      vertex -14.9857 0 -0.654291
    endloop
  endfacet
  facet normal -0.997859 0 -0.0654028
    outer loop
      vertex -14.9857 0 -0.654291
      vertex -14.9429 51.7414 -1.30734
      vertex -14.9429 0 -1.30734
    endloop
  endfacet
  facet normal -0.994056 0 -0.108868
    outer loop
      vertex -14.9429 51.7414 -1.30734
      vertex -14.8717 51.8615 -1.95789
      vertex -14.9429 0 -1.30734
    endloop
  endfacet
  facet normal -0.994056 0 -0.108868
    outer loop
      vertex -14.9429 0 -1.30734
      vertex -14.8717 51.8615 -1.95789
      vertex -14.8717 0 -1.95789
    endloop
  endfacet
  facet normal -0.988362 0 -0.152123
    outer loop
      vertex -14.8717 51.8615 -1.95789
      vertex -14.7721 51.9809 -2.60472
      vertex -14.8717 0 -1.95789
    endloop
  endfacet
  facet normal -0.988362 0 -0.152123
    outer loop
      vertex -14.8717 0 -1.95789
      vertex -14.7721 51.9809 -2.60472
      vertex -14.7721 0 -2.60472
    endloop
  endfacet
  facet normal -0.980785 0 -0.19509
    outer loop
      vertex -14.7721 51.9809 -2.60472
      vertex -14.6444 52.0994 -3.24659
      vertex -14.7721 0 -2.60472
    endloop
  endfacet
  facet normal -0.980785 0 -0.19509
    outer loop
      vertex -14.7721 0 -2.60472
      vertex -14.6444 52.0994 -3.24659
      vertex -14.6444 0 -3.24659
    endloop
  endfacet
  facet normal -0.971342 0 -0.237687
    outer loop
      vertex -14.6444 52.0994 -3.24659
      vertex -14.4889 52.2167 -3.88229
      vertex -14.6444 0 -3.24659
    endloop
  endfacet
  facet normal -0.971342 0 -0.237687
    outer loop
      vertex -14.6444 0 -3.24659
      vertex -14.4889 52.2167 -3.88229
      vertex -14.4889 0 -3.88229
    endloop
  endfacet
  facet normal -0.96005 0 -0.279828
    outer loop
      vertex -14.4889 52.2167 -3.88229
      vertex -14.3058 52.3327 -4.51059
      vertex -14.4889 0 -3.88229
    endloop
  endfacet
  facet normal -0.96005 0 -0.279828
    outer loop
      vertex -14.4889 0 -3.88229
      vertex -14.3058 52.3327 -4.51059
      vertex -14.3058 0 -4.51059
    endloop
  endfacet
  facet normal -0.94693 0 -0.32144
    outer loop
      vertex -14.3058 52.3327 -4.51059
      vertex -14.0954 52.4471 -5.1303
      vertex -14.3058 0 -4.51059
    endloop
  endfacet
  facet normal -0.94693 0 -0.32144
    outer loop
      vertex -14.3058 0 -4.51059
      vertex -14.0954 52.4471 -5.1303
      vertex -14.0954 0 -5.1303
    endloop
  endfacet
  facet normal -0.932008 0 -0.362439
    outer loop
      vertex -14.0954 52.4471 -5.1303
      vertex -13.8582 52.5597 -5.74025
      vertex -14.0954 0 -5.1303
    endloop
  endfacet
  facet normal -0.932008 0 -0.362439
    outer loop
      vertex -14.0954 0 -5.1303
      vertex -13.8582 52.5597 -5.74025
      vertex -13.8582 0 -5.74025
    endloop
  endfacet
  facet normal -0.915312 0 -0.402746
    outer loop
      vertex -13.8582 52.5597 -5.74025
      vertex -13.5946 52.6703 -6.33927
      vertex -13.8582 0 -5.74025
    endloop
  endfacet
  facet normal -0.915312 0 -0.402746
    outer loop
      vertex -13.8582 0 -5.74025
      vertex -13.5946 52.6703 -6.33927
      vertex -13.5946 0 -6.33927
    endloop
  endfacet
  facet normal -0.896872 0 -0.44229
    outer loop
      vertex -13.5946 52.6703 -6.33927
      vertex -13.3052 0 -6.92623
      vertex -13.5946 0 -6.33927
    endloop
  endfacet
  facet normal -0.903784 0.00199949 0.427984
    outer loop
      vertex -13.5946 69 6.33927
      vertex -13.5185 69 6.5
      vertex -13.3052 74.2 6.92623
    endloop
  endfacet
  facet normal -0.894235 0 0.447598
    outer loop
      vertex -13.5185 69 6.5
      vertex -13.5185 52.7 6.5
      vertex -13.3052 74.2 6.92623
    endloop
  endfacet
  facet normal -0.896872 0 0.44229
    outer loop
      vertex -13.3052 74.2 6.92623
      vertex -13.5946 74.2 6.33927
      vertex -13.5946 69 6.33927
    endloop
  endfacet
  facet normal -0.915312 0 0.402746
    outer loop
      vertex -13.5946 74.2 6.33927
      vertex -13.8582 74.2 5.74025
      vertex -13.5946 69 6.33927
    endloop
  endfacet
  facet normal -0.915312 0 0.402746
    outer loop
      vertex -13.5946 69 6.33927
      vertex -13.8582 74.2 5.74025
      vertex -13.8582 69 5.74025
    endloop
  endfacet
  facet normal -0.932008 0 0.362439
    outer loop
      vertex -13.8582 74.2 5.74025
      vertex -14.0954 74.2 5.1303
      vertex -13.8582 69 5.74025
    endloop
  endfacet
  facet normal -0.932008 0 0.362439
    outer loop
      vertex -13.8582 69 5.74025
      vertex -14.0954 74.2 5.1303
      vertex -14.0954 69 5.1303
    endloop
  endfacet
  facet normal -0.94693 0 0.32144
    outer loop
      vertex -14.0954 74.2 5.1303
      vertex -14.3058 74.2 4.51059
      vertex -14.0954 69 5.1303
    endloop
  endfacet
  facet normal -0.94693 0 0.32144
    outer loop
      vertex -14.0954 69 5.1303
      vertex -14.3058 74.2 4.51059
      vertex -14.3058 69 4.51059
    endloop
  endfacet
  facet normal -0.96005 0 0.279828
    outer loop
      vertex -14.3058 74.2 4.51059
      vertex -14.4889 74.2 3.88229
      vertex -14.3058 69 4.51059
    endloop
  endfacet
  facet normal -0.96005 0 0.279828
    outer loop
      vertex -14.3058 69 4.51059
      vertex -14.4889 74.2 3.88229
      vertex -14.4889 69 3.88229
    endloop
  endfacet
  facet normal -0.971342 0 0.237687
    outer loop
      vertex -14.4889 74.2 3.88229
      vertex -14.6444 74.2 3.24659
      vertex -14.4889 69 3.88229
    endloop
  endfacet
  facet normal -0.971342 0 0.237687
    outer loop
      vertex -14.4889 69 3.88229
      vertex -14.6444 74.2 3.24659
      vertex -14.6444 69 3.24659
    endloop
  endfacet
  facet normal -0.980785 0 0.19509
    outer loop
      vertex -14.6444 74.2 3.24659
      vertex -14.7721 74.2 2.60472
      vertex -14.6444 69 3.24659
    endloop
  endfacet
  facet normal -0.980785 0 0.19509
    outer loop
      vertex -14.6444 69 3.24659
      vertex -14.7721 74.2 2.60472
      vertex -14.7721 69 2.60472
    endloop
  endfacet
  facet normal -0.988362 0 0.152123
    outer loop
      vertex -14.7721 74.2 2.60472
      vertex -14.8717 74.2 1.95789
      vertex -14.7721 69 2.60472
    endloop
  endfacet
  facet normal -0.988362 0 0.152123
    outer loop
      vertex -14.7721 69 2.60472
      vertex -14.8717 74.2 1.95789
      vertex -14.8717 69 1.95789
    endloop
  endfacet
  facet normal -0.994056 0 0.108868
    outer loop
      vertex -14.8717 74.2 1.95789
      vertex -14.9429 74.2 1.30734
      vertex -14.8717 69 1.95789
    endloop
  endfacet
  facet normal -0.994056 0 0.108868
    outer loop
      vertex -14.8717 69 1.95789
      vertex -14.9429 74.2 1.30734
      vertex -14.9429 69 1.30734
    endloop
  endfacet
  facet normal -0.997859 0 0.0654028
    outer loop
      vertex -14.9429 74.2 1.30734
      vertex -14.9857 74.2 0.654291
      vertex -14.9429 69 1.30734
    endloop
  endfacet
  facet normal -0.997859 0 0.0654028
    outer loop
      vertex -14.9429 69 1.30734
      vertex -14.9857 74.2 0.654291
      vertex -14.9857 69 0.654291
    endloop
  endfacet
  facet normal -0.999762 0 0.0218142
    outer loop
      vertex -14.9857 74.2 0.654291
      vertex -15 74.2 3.67394e-15
      vertex -14.9857 69 0.654291
    endloop
  endfacet
  facet normal -0.999762 0 0.0218142
    outer loop
      vertex -14.9857 69 0.654291
      vertex -15 74.2 3.67394e-15
      vertex -15 69 3.67394e-15
    endloop
  endfacet
  facet normal -0.999762 0 -0.0218142
    outer loop
      vertex -15 74.2 3.67394e-15
      vertex -14.9857 74.2 -0.654291
      vertex -15 69 3.67394e-15
    endloop
  endfacet
  facet normal -0.999762 0 -0.0218142
    outer loop
      vertex -15 69 3.67394e-15
      vertex -14.9857 74.2 -0.654291
      vertex -14.9857 69 -0.654291
    endloop
  endfacet
  facet normal -0.997859 0 -0.0654028
    outer loop
      vertex -14.9857 74.2 -0.654291
      vertex -14.9429 74.2 -1.30734
      vertex -14.9857 69 -0.654291
    endloop
  endfacet
  facet normal -0.997859 0 -0.0654028
    outer loop
      vertex -14.9857 69 -0.654291
      vertex -14.9429 74.2 -1.30734
      vertex -14.9429 69 -1.30734
    endloop
  endfacet
  facet normal -0.994056 0 -0.108868
    outer loop
      vertex -14.9429 74.2 -1.30734
      vertex -14.8717 74.2 -1.95789
      vertex -14.9429 69 -1.30734
    endloop
  endfacet
  facet normal -0.994056 0 -0.108868
    outer loop
      vertex -14.9429 69 -1.30734
      vertex -14.8717 74.2 -1.95789
      vertex -14.8717 69 -1.95789
    endloop
  endfacet
  facet normal -0.988362 0 -0.152123
    outer loop
      vertex -14.8717 74.2 -1.95789
      vertex -14.7721 74.2 -2.60472
      vertex -14.8717 69 -1.95789
    endloop
  endfacet
  facet normal -0.988362 0 -0.152123
    outer loop
      vertex -14.8717 69 -1.95789
      vertex -14.7721 74.2 -2.60472
      vertex -14.7721 69 -2.60472
    endloop
  endfacet
  facet normal -0.980785 0 -0.19509
    outer loop
      vertex -14.7721 74.2 -2.60472
      vertex -14.6444 74.2 -3.24659
      vertex -14.7721 69 -2.60472
    endloop
  endfacet
  facet normal -0.980785 0 -0.19509
    outer loop
      vertex -14.7721 69 -2.60472
      vertex -14.6444 74.2 -3.24659
      vertex -14.6444 69 -3.24659
    endloop
  endfacet
  facet normal -0.971342 0 -0.237687
    outer loop
      vertex -14.6444 74.2 -3.24659
      vertex -14.4889 74.2 -3.88229
      vertex -14.6444 69 -3.24659
    endloop
  endfacet
  facet normal -0.971342 0 -0.237687
    outer loop
      vertex -14.6444 69 -3.24659
      vertex -14.4889 74.2 -3.88229
      vertex -14.4889 69 -3.88229
    endloop
  endfacet
  facet normal -0.96005 0 -0.279828
    outer loop
      vertex -14.4889 74.2 -3.88229
      vertex -14.3058 74.2 -4.51059
      vertex -14.4889 69 -3.88229
    endloop
  endfacet
  facet normal -0.96005 0 -0.279828
    outer loop
      vertex -14.4889 69 -3.88229
      vertex -14.3058 74.2 -4.51059
      vertex -14.3058 69 -4.51059
    endloop
  endfacet
  facet normal -0.94693 0 -0.32144
    outer loop
      vertex -14.3058 74.2 -4.51059
      vertex -14.0954 74.2 -5.1303
      vertex -14.3058 69 -4.51059
    endloop
  endfacet
  facet normal -0.94693 0 -0.32144
    outer loop
      vertex -14.3058 69 -4.51059
      vertex -14.0954 74.2 -5.1303
      vertex -14.0954 69 -5.1303
    endloop
  endfacet
  facet normal -0.932008 0 -0.362439
    outer loop
      vertex -14.0954 74.2 -5.1303
      vertex -13.8582 74.2 -5.74025
      vertex -14.0954 69 -5.1303
    endloop
  endfacet
  facet normal -0.932008 0 -0.362439
    outer loop
      vertex -14.0954 69 -5.1303
      vertex -13.8582 74.2 -5.74025
      vertex -13.8582 69 -5.74025
    endloop
  endfacet
  facet normal -0.915312 0 -0.402746
    outer loop
      vertex -13.8582 74.2 -5.74025
      vertex -13.5946 74.2 -6.33927
      vertex -13.8582 69 -5.74025
    endloop
  endfacet
  facet normal -0.915312 0 -0.402746
    outer loop
      vertex -13.8582 69 -5.74025
      vertex -13.5946 74.2 -6.33927
      vertex -13.5946 69 -6.33927
    endloop
  endfacet
  facet normal -0.903786 0 -0.427985
    outer loop
      vertex -13.5946 74.2 -6.33927
      vertex -13.5185 69 -6.5
      vertex -13.5946 69 -6.33927
    endloop
  endfacet
  facet normal 0.874857 -6.36815e-5 -0.484381
    outer loop
      vertex 12.9904 39.8 -7.5
      vertex 13.2511 39.8 -7.02904
      vertex 13.3052 0 -6.92623
    endloop
  endfacet
  facet normal 0.903786 0 -0.427985
    outer loop
      vertex 13.5946 52.6703 -6.33927
      vertex 13.5946 0 -6.33927
      vertex 13.5185 52.7 -6.5
    endloop
  endfacet
  facet normal 0.896872 -5.36116e-5 -0.44229
    outer loop
      vertex 13.5946 0 -6.33927
      vertex 13.3052 0 -6.92623
      vertex 13.5185 52.7 -6.5
    endloop
  endfacet
  facet normal 0.894235 0 -0.447598
    outer loop
      vertex 13.5185 52.7 -6.5
      vertex 13.3052 0 -6.92623
      vertex 13.3052 74.2 -6.92623
    endloop
  endfacet
  facet normal 0.88522 0 -0.465173
    outer loop
      vertex 13.3052 0 -6.92623
      vertex 13.2511 39.8 -7.02904
      vertex 13.3052 74.2 -6.92623
    endloop
  endfacet
  facet normal 0.88522 0 -0.465173
    outer loop
      vertex 13.3052 74.2 -6.92623
      vertex 13.2511 39.8 -7.02904
      vertex 13.2511 74.2 -7.02904
    endloop
  endfacet
  facet normal -0.854912 0 -0.518773
    outer loop
      vertex -12.9904 0 -7.5
      vertex -12.6509 39.8 -8.05949
      vertex -12.6509 0 -8.05949
    endloop
  endfacet
  facet normal -0.831469 0 -0.55557
    outer loop
      vertex -12.6509 39.8 -8.05949
      vertex -12.2873 39.8 -8.60365
      vertex -12.6509 0 -8.05949
    endloop
  endfacet
  facet normal -0.831469 0 -0.55557
    outer loop
      vertex -12.6509 0 -8.05949
      vertex -12.2873 39.8 -8.60365
      vertex -12.2873 0 -8.60365
    endloop
  endfacet
  facet normal -0.806445 0 -0.591309
    outer loop
      vertex -12.2873 39.8 -8.60365
      vertex -11.9003 39.8 -9.13142
      vertex -12.2873 0 -8.60365
    endloop
  endfacet
  facet normal -0.806445 0 -0.591309
    outer loop
      vertex -12.2873 0 -8.60365
      vertex -11.9003 39.8 -9.13142
      vertex -11.9003 0 -9.13142
    endloop
  endfacet
  facet normal -0.779884 0 -0.625924
    outer loop
      vertex -11.9003 39.8 -9.13142
      vertex -11.4907 39.8 -9.64181
      vertex -11.9003 0 -9.13142
    endloop
  endfacet
  facet normal -0.779884 0 -0.625924
    outer loop
      vertex -11.9003 0 -9.13142
      vertex -11.4907 39.8 -9.64181
      vertex -11.4907 0 -9.64181
    endloop
  endfacet
  facet normal -0.75184 0 -0.659345
    outer loop
      vertex -11.4907 39.8 -9.64181
      vertex -11.0592 39.8 -10.1339
      vertex -11.4907 0 -9.64181
    endloop
  endfacet
  facet normal -0.75184 0 -0.659345
    outer loop
      vertex -11.4907 0 -9.64181
      vertex -11.0592 39.8 -10.1339
      vertex -11.0592 0 -10.1339
    endloop
  endfacet
  facet normal -0.722364 0 -0.691513
    outer loop
      vertex -11.0592 39.8 -10.1339
      vertex -10.6066 39.8 -10.6066
      vertex -11.0592 0 -10.1339
    endloop
  endfacet
  facet normal -0.722364 0 -0.691513
    outer loop
      vertex -11.0592 0 -10.1339
      vertex -10.6066 39.8 -10.6066
      vertex -10.6066 0 -10.6066
    endloop
  endfacet
  facet normal -0.691513 0 -0.722364
    outer loop
      vertex -10.6066 39.8 -10.6066
      vertex -10.1339 39.8 -11.0592
      vertex -10.6066 0 -10.6066
    endloop
  endfacet
  facet normal -0.691513 0 -0.722364
    outer loop
      vertex -10.6066 0 -10.6066
      vertex -10.1339 39.8 -11.0592
      vertex -10.1339 0 -11.0592
    endloop
  endfacet
  facet normal -0.659345 0 -0.75184
    outer loop
      vertex -10.1339 39.8 -11.0592
      vertex -9.64181 39.8 -11.4907
      vertex -10.1339 0 -11.0592
    endloop
  endfacet
  facet normal -0.659345 0 -0.75184
    outer loop
      vertex -10.1339 0 -11.0592
      vertex -9.64181 39.8 -11.4907
      vertex -9.64181 0 -11.4907
    endloop
  endfacet
  facet normal -0.625924 0 -0.779884
    outer loop
      vertex -9.64181 39.8 -11.4907
      vertex -9.13142 39.8 -11.9003
      vertex -9.64181 0 -11.4907
    endloop
  endfacet
  facet normal -0.625924 0 -0.779884
    outer loop
      vertex -9.64181 0 -11.4907
      vertex -9.13142 39.8 -11.9003
      vertex -9.13142 0 -11.9003
    endloop
  endfacet
  facet normal -0.591309 0 -0.806445
    outer loop
      vertex -9.13142 39.8 -11.9003
      vertex -8.60365 39.8 -12.2873
      vertex -9.13142 0 -11.9003
    endloop
  endfacet
  facet normal -0.591309 0 -0.806445
    outer loop
      vertex -9.13142 0 -11.9003
      vertex -8.60365 39.8 -12.2873
      vertex -8.60365 0 -12.2873
    endloop
  endfacet
  facet normal -0.55557 0 -0.831469
    outer loop
      vertex -8.60365 39.8 -12.2873
      vertex -8.05949 39.8 -12.6509
      vertex -8.60365 0 -12.2873
    endloop
  endfacet
  facet normal -0.55557 0 -0.831469
    outer loop
      vertex -8.60365 0 -12.2873
      vertex -8.05949 39.8 -12.6509
      vertex -8.05949 0 -12.6509
    endloop
  endfacet
  facet normal -0.518773 0 -0.854912
    outer loop
      vertex -8.05949 39.8 -12.6509
      vertex -7.5 39.8 -12.9904
      vertex -8.05949 0 -12.6509
    endloop
  endfacet
  facet normal -0.518773 0 -0.854912
    outer loop
      vertex -8.05949 0 -12.6509
      vertex -7.5 39.8 -12.9904
      vertex -7.5 0 -12.9904
    endloop
  endfacet
  facet normal -0.480989 0 -0.876727
    outer loop
      vertex -7.5 39.8 -12.9904
      vertex -6.92623 39.8 -13.3052
      vertex -7.5 0 -12.9904
    endloop
  endfacet
  facet normal -0.480989 0 -0.876727
    outer loop
      vertex -7.5 0 -12.9904
      vertex -6.92623 39.8 -13.3052
      vertex -6.92623 0 -13.3052
    endloop
  endfacet
  facet normal -0.44229 0 -0.896872
    outer loop
      vertex -6.92623 39.8 -13.3052
      vertex -6.33927 39.8 -13.5946
      vertex -6.92623 0 -13.3052
    endloop
  endfacet
  facet normal -0.44229 0 -0.896872
    outer loop
      vertex -6.92623 0 -13.3052
      vertex -6.33927 39.8 -13.5946
      vertex -6.33927 0 -13.5946
    endloop
  endfacet
  facet normal -0.402746 0 -0.915312
    outer loop
      vertex -6.33927 39.8 -13.5946
      vertex -5.74025 39.8 -13.8582
      vertex -6.33927 0 -13.5946
    endloop
  endfacet
  facet normal -0.402746 0 -0.915312
    outer loop
      vertex -6.33927 0 -13.5946
      vertex -5.74025 39.8 -13.8582
      vertex -5.74025 0 -13.8582
    endloop
  endfacet
  facet normal -0.362439 0 -0.932008
    outer loop
      vertex -5.74025 39.8 -13.8582
      vertex -5.1303 39.8 -14.0954
      vertex -5.74025 0 -13.8582
    endloop
  endfacet
  facet normal -0.362439 0 -0.932008
    outer loop
      vertex -5.74025 0 -13.8582
      vertex -5.1303 39.8 -14.0954
      vertex -5.1303 0 -14.0954
    endloop
  endfacet
  facet normal -0.32144 0 -0.94693
    outer loop
      vertex -5.1303 39.8 -14.0954
      vertex -4.51059 39.8 -14.3058
      vertex -5.1303 0 -14.0954
    endloop
  endfacet
  facet normal -0.32144 0 -0.94693
    outer loop
      vertex -5.1303 0 -14.0954
      vertex -4.51059 39.8 -14.3058
      vertex -4.51059 0 -14.3058
    endloop
  endfacet
  facet normal -0.279828 0 -0.96005
    outer loop
      vertex -4.51059 39.8 -14.3058
      vertex -3.88229 39.8 -14.4889
      vertex -4.51059 0 -14.3058
    endloop
  endfacet
  facet normal -0.279828 0 -0.96005
    outer loop
      vertex -4.51059 0 -14.3058
      vertex -3.88229 39.8 -14.4889
      vertex -3.88229 0 -14.4889
    endloop
  endfacet
  facet normal -0.237687 0 -0.971342
    outer loop
      vertex -3.88229 39.8 -14.4889
      vertex -3.24659 39.8 -14.6444
      vertex -3.88229 0 -14.4889
    endloop
  endfacet
  facet normal -0.237687 0 -0.971342
    outer loop
      vertex -3.88229 0 -14.4889
      vertex -3.24659 39.8 -14.6444
      vertex -3.24659 0 -14.6444
    endloop
  endfacet
  facet normal -0.19509 0 -0.980785
    outer loop
      vertex -3.24659 39.8 -14.6444
      vertex -2.60472 39.8 -14.7721
      vertex -3.24659 0 -14.6444
    endloop
  endfacet
  facet normal -0.19509 0 -0.980785
    outer loop
      vertex -3.24659 0 -14.6444
      vertex -2.60472 39.8 -14.7721
      vertex -2.60472 0 -14.7721
    endloop
  endfacet
  facet normal -0.152123 0 -0.988362
    outer loop
      vertex -2.60472 39.8 -14.7721
      vertex -1.95789 39.8 -14.8717
      vertex -2.60472 0 -14.7721
    endloop
  endfacet
  facet normal -0.152123 0 -0.988362
    outer loop
      vertex -2.60472 0 -14.7721
      vertex -1.95789 39.8 -14.8717
      vertex -1.95789 0 -14.8717
    endloop
  endfacet
  facet normal -0.108868 0 -0.994056
    outer loop
      vertex -1.95789 39.8 -14.8717
      vertex -1.30734 39.8 -14.9429
      vertex -1.95789 0 -14.8717
    endloop
  endfacet
  facet normal -0.108868 0 -0.994056
    outer loop
      vertex -1.95789 0 -14.8717
      vertex -1.30734 39.8 -14.9429
      vertex -1.30734 0 -14.9429
    endloop
  endfacet
  facet normal -0.0654028 0 -0.997859
    outer loop
      vertex -1.30734 39.8 -14.9429
      vertex -0.654291 39.8 -14.9857
      vertex -1.30734 0 -14.9429
    endloop
  endfacet
  facet normal -0.0654028 0 -0.997859
    outer loop
      vertex -1.30734 0 -14.9429
      vertex -0.654291 39.8 -14.9857
      vertex -0.654291 0 -14.9857
    endloop
  endfacet
  facet normal -0.0218142 0 -0.999762
    outer loop
      vertex -0.654291 39.8 -14.9857
      vertex 0 39.8 -15
      vertex -0.654291 0 -14.9857
    endloop
  endfacet
  facet normal -0.0218142 0 -0.999762
    outer loop
      vertex -0.654291 0 -14.9857
      vertex 0 39.8 -15
      vertex 0 0 -15
    endloop
  endfacet
  facet normal 0.0218142 0 -0.999762
    outer loop
      vertex 0 39.8 -15
      vertex 0.654291 39.8 -14.9857
      vertex 0 0 -15
    endloop
  endfacet
  facet normal 0.0218142 0 -0.999762
    outer loop
      vertex 0 0 -15
      vertex 0.654291 39.8 -14.9857
      vertex 0.654291 0 -14.9857
    endloop
  endfacet
  facet normal 0.0654028 0 -0.997859
    outer loop
      vertex 0.654291 39.8 -14.9857
      vertex 1.30734 39.8 -14.9429
      vertex 0.654291 0 -14.9857
    endloop
  endfacet
  facet normal 0.0654028 0 -0.997859
    outer loop
      vertex 0.654291 0 -14.9857
      vertex 1.30734 39.8 -14.9429
      vertex 1.30734 0 -14.9429
    endloop
  endfacet
  facet normal 0.108868 0 -0.994056
    outer loop
      vertex 1.30734 39.8 -14.9429
      vertex 1.95789 39.8 -14.8717
      vertex 1.30734 0 -14.9429
    endloop
  endfacet
  facet normal 0.108868 0 -0.994056
    outer loop
      vertex 1.30734 0 -14.9429
      vertex 1.95789 39.8 -14.8717
      vertex 1.95789 0 -14.8717
    endloop
  endfacet
  facet normal 0.152123 0 -0.988362
    outer loop
      vertex 1.95789 39.8 -14.8717
      vertex 2.60472 39.8 -14.7721
      vertex 1.95789 0 -14.8717
    endloop
  endfacet
  facet normal 0.152123 0 -0.988362
    outer loop
      vertex 1.95789 0 -14.8717
      vertex 2.60472 39.8 -14.7721
      vertex 2.60472 0 -14.7721
    endloop
  endfacet
  facet normal 0.19509 0 -0.980785
    outer loop
      vertex 2.60472 39.8 -14.7721
      vertex 3.24659 39.8 -14.6444
      vertex 2.60472 0 -14.7721
    endloop
  endfacet
  facet normal 0.19509 0 -0.980785
    outer loop
      vertex 2.60472 0 -14.7721
      vertex 3.24659 39.8 -14.6444
      vertex 3.24659 0 -14.6444
    endloop
  endfacet
  facet normal 0.237687 0 -0.971342
    outer loop
      vertex 3.24659 39.8 -14.6444
      vertex 3.88229 39.8 -14.4889
      vertex 3.24659 0 -14.6444
    endloop
  endfacet
  facet normal 0.237687 0 -0.971342
    outer loop
      vertex 3.24659 0 -14.6444
      vertex 3.88229 39.8 -14.4889
      vertex 3.88229 0 -14.4889
    endloop
  endfacet
  facet normal 0.279828 0 -0.96005
    outer loop
      vertex 3.88229 39.8 -14.4889
      vertex 4.51059 39.8 -14.3058
      vertex 3.88229 0 -14.4889
    endloop
  endfacet
  facet normal 0.279828 0 -0.96005
    outer loop
      vertex 3.88229 0 -14.4889
      vertex 4.51059 39.8 -14.3058
      vertex 4.51059 0 -14.3058
    endloop
  endfacet
  facet normal 0.32144 0 -0.94693
    outer loop
      vertex 4.51059 39.8 -14.3058
      vertex 5.1303 39.8 -14.0954
      vertex 4.51059 0 -14.3058
    endloop
  endfacet
  facet normal 0.32144 0 -0.94693
    outer loop
      vertex 4.51059 0 -14.3058
      vertex 5.1303 39.8 -14.0954
      vertex 5.1303 0 -14.0954
    endloop
  endfacet
  facet normal 0.362439 0 -0.932008
    outer loop
      vertex 5.1303 39.8 -14.0954
      vertex 5.74025 39.8 -13.8582
      vertex 5.1303 0 -14.0954
    endloop
  endfacet
  facet normal 0.362439 0 -0.932008
    outer loop
      vertex 5.1303 0 -14.0954
      vertex 5.74025 39.8 -13.8582
      vertex 5.74025 0 -13.8582
    endloop
  endfacet
  facet normal 0.402746 0 -0.915312
    outer loop
      vertex 5.74025 39.8 -13.8582
      vertex 6.33927 39.8 -13.5946
      vertex 5.74025 0 -13.8582
    endloop
  endfacet
  facet normal 0.402746 0 -0.915312
    outer loop
      vertex 5.74025 0 -13.8582
      vertex 6.33927 39.8 -13.5946
      vertex 6.33927 0 -13.5946
    endloop
  endfacet
  facet normal 0.44229 0 -0.896872
    outer loop
      vertex 6.33927 39.8 -13.5946
      vertex 6.92623 39.8 -13.3052
      vertex 6.33927 0 -13.5946
    endloop
  endfacet
  facet normal 0.44229 0 -0.896872
    outer loop
      vertex 6.33927 0 -13.5946
      vertex 6.92623 39.8 -13.3052
      vertex 6.92623 0 -13.3052
    endloop
  endfacet
  facet normal 0.480989 0 -0.876727
    outer loop
      vertex 6.92623 39.8 -13.3052
      vertex 7.5 39.8 -12.9904
      vertex 6.92623 0 -13.3052
    endloop
  endfacet
  facet normal 0.480989 0 -0.876727
    outer loop
      vertex 6.92623 0 -13.3052
      vertex 7.5 39.8 -12.9904
      vertex 7.5 0 -12.9904
    endloop
  endfacet
  facet normal 0.518773 0 -0.854912
    outer loop
      vertex 7.5 39.8 -12.9904
      vertex 8.05949 39.8 -12.6509
      vertex 7.5 0 -12.9904
    endloop
  endfacet
  facet normal 0.518773 0 -0.854912
    outer loop
      vertex 7.5 0 -12.9904
      vertex 8.05949 39.8 -12.6509
      vertex 8.05949 0 -12.6509
    endloop
  endfacet
  facet normal 0.55557 0 -0.831469
    outer loop
      vertex 8.05949 39.8 -12.6509
      vertex 8.60365 39.8 -12.2873
      vertex 8.05949 0 -12.6509
    endloop
  endfacet
  facet normal 0.55557 0 -0.831469
    outer loop
      vertex 8.05949 0 -12.6509
      vertex 8.60365 39.8 -12.2873
      vertex 8.60365 0 -12.2873
    endloop
  endfacet
  facet normal 0.591309 0 -0.806445
    outer loop
      vertex 8.60365 39.8 -12.2873
      vertex 9.13142 39.8 -11.9003
      vertex 8.60365 0 -12.2873
    endloop
  endfacet
  facet normal 0.591309 0 -0.806445
    outer loop
      vertex 8.60365 0 -12.2873
      vertex 9.13142 39.8 -11.9003
      vertex 9.13142 0 -11.9003
    endloop
  endfacet
  facet normal 0.625924 0 -0.779884
    outer loop
      vertex 9.13142 39.8 -11.9003
      vertex 9.64181 39.8 -11.4907
      vertex 9.13142 0 -11.9003
    endloop
  endfacet
  facet normal 0.625924 0 -0.779884
    outer loop
      vertex 9.13142 0 -11.9003
      vertex 9.64181 39.8 -11.4907
      vertex 9.64181 0 -11.4907
    endloop
  endfacet
  facet normal 0.659345 0 -0.75184
    outer loop
      vertex 9.64181 39.8 -11.4907
      vertex 10.1339 39.8 -11.0592
      vertex 9.64181 0 -11.4907
    endloop
  endfacet
  facet normal 0.659345 0 -0.75184
    outer loop
      vertex 9.64181 0 -11.4907
      vertex 10.1339 39.8 -11.0592
      vertex 10.1339 0 -11.0592
    endloop
  endfacet
  facet normal 0.691513 0 -0.722364
    outer loop
      vertex 10.1339 39.8 -11.0592
      vertex 10.6066 39.8 -10.6066
      vertex 10.1339 0 -11.0592
    endloop
  endfacet
  facet normal 0.691513 0 -0.722364
    outer loop
      vertex 10.1339 0 -11.0592
      vertex 10.6066 39.8 -10.6066
      vertex 10.6066 0 -10.6066
    endloop
  endfacet
  facet normal 0.722364 0 -0.691513
    outer loop
      vertex 10.6066 39.8 -10.6066
      vertex 11.0592 39.8 -10.1339
      vertex 10.6066 0 -10.6066
    endloop
  endfacet
  facet normal 0.722364 0 -0.691513
    outer loop
      vertex 10.6066 0 -10.6066
      vertex 11.0592 39.8 -10.1339
      vertex 11.0592 0 -10.1339
    endloop
  endfacet
  facet normal 0.75184 0 -0.659345
    outer loop
      vertex 11.0592 39.8 -10.1339
      vertex 11.4907 39.8 -9.64181
      vertex 11.0592 0 -10.1339
    endloop
  endfacet
  facet normal 0.75184 0 -0.659345
    outer loop
      vertex 11.0592 0 -10.1339
      vertex 11.4907 39.8 -9.64181
      vertex 11.4907 0 -9.64181
    endloop
  endfacet
  facet normal 0.779884 0 -0.625924
    outer loop
      vertex 11.4907 39.8 -9.64181
      vertex 11.9003 39.8 -9.13142
      vertex 11.4907 0 -9.64181
    endloop
  endfacet
  facet normal 0.779884 0 -0.625924
    outer loop
      vertex 11.4907 0 -9.64181
      vertex 11.9003 39.8 -9.13142
      vertex 11.9003 0 -9.13142
    endloop
  endfacet
  facet normal 0.806445 0 -0.591309
    outer loop
      vertex 11.9003 39.8 -9.13142
      vertex 12.2873 39.8 -8.60365
      vertex 11.9003 0 -9.13142
    endloop
  endfacet
  facet normal 0.806445 0 -0.591309
    outer loop
      vertex 11.9003 0 -9.13142
      vertex 12.2873 39.8 -8.60365
      vertex 12.2873 0 -8.60365
    endloop
  endfacet
  facet normal 0.831469 0 -0.55557
    outer loop
      vertex 12.2873 39.8 -8.60365
      vertex 12.6509 39.8 -8.05949
      vertex 12.2873 0 -8.60365
    endloop
  endfacet
  facet normal 0.831469 0 -0.55557
    outer loop
      vertex 12.2873 0 -8.60365
      vertex 12.6509 39.8 -8.05949
      vertex 12.6509 0 -8.05949
    endloop
  endfacet
  facet normal 0.854912 0 -0.518773
    outer loop
      vertex 12.6509 39.8 -8.05949
      vertex 12.9904 39.8 -7.5
      vertex 12.6509 0 -8.05949
    endloop
  endfacet
  facet normal 0.854912 0 -0.518773
    outer loop
      vertex 12.6509 0 -8.05949
      vertex 12.9904 39.8 -7.5
      vertex 12.9904 0 -7.5
    endloop
  endfacet
  facet normal 0.876727 0 -0.480989
    outer loop
      vertex 12.9904 39.8 -7.5
      vertex 13.3052 0 -6.92623
      vertex 12.9904 0 -7.5
    endloop
  endfacet
  facet normal -0.88522 0 -0.465173
    outer loop
      vertex -13.3052 74.2 -6.92623
      vertex -13.2511 74.2 -7.02904
      vertex -13.2511 39.8 -7.02904
    endloop
  endfacet
  facet normal -0.894235 0 -0.447598
    outer loop
      vertex -13.5185 52.7 -6.5
      vertex -13.3052 74.2 -6.92623
      vertex -13.3052 0 -6.92623
    endloop
  endfacet
  facet normal -0.88522 0 -0.465173
    outer loop
      vertex -13.3052 74.2 -6.92623
      vertex -13.2511 39.8 -7.02904
      vertex -13.3052 0 -6.92623
    endloop
  endfacet
  facet normal -0.876727 -5.23826e-5 -0.480989
    outer loop
      vertex -13.3052 0 -6.92623
      vertex -13.2511 39.8 -7.02904
      vertex -12.9904 0 -7.5
    endloop
  endfacet
  facet normal -0.874857 0 -0.484381
    outer loop
      vertex -13.2511 39.8 -7.02904
      vertex -12.9904 39.8 -7.5
      vertex -12.9904 0 -7.5
    endloop
  endfacet
  facet normal -0.854912 0 -0.518773
    outer loop
      vertex -12.9904 0 -7.5
      vertex -12.9904 39.8 -7.5
      vertex -12.6509 39.8 -8.05949
    endloop
  endfacet
  facet normal 0.894235 0 0.447598
    outer loop
      vertex 13.5185 52.7 6.5
      vertex 13.3052 74.2 6.92623
      vertex 13.3052 0 6.92623
    endloop
  endfacet
  facet normal 0.876727 0 0.480989
    outer loop
      vertex 13.3052 74.2 6.92623
      vertex 12.9904 74.2 7.5
      vertex 13.3052 0 6.92623
    endloop
  endfacet
  facet normal 0.876727 0 0.480989
    outer loop
      vertex 13.3052 0 6.92623
      vertex 12.9904 74.2 7.5
      vertex 12.9904 0 7.5
    endloop
  endfacet
  facet normal 0.854912 0 0.518773
    outer loop
      vertex 12.9904 74.2 7.5
      vertex 12.6509 74.2 8.05949
      vertex 12.9904 0 7.5
    endloop
  endfacet
  facet normal 0.854912 0 0.518773
    outer loop
      vertex 12.9904 0 7.5
      vertex 12.6509 74.2 8.05949
      vertex 12.6509 0 8.05949
    endloop
  endfacet
  facet normal 0.831469 0 0.55557
    outer loop
      vertex 12.6509 74.2 8.05949
      vertex 12.2873 74.2 8.60365
      vertex 12.6509 0 8.05949
    endloop
  endfacet
  facet normal 0.831469 0 0.55557
    outer loop
      vertex 12.6509 0 8.05949
      vertex 12.2873 74.2 8.60365
      vertex 12.2873 0 8.60365
    endloop
  endfacet
  facet normal 0.806445 0 0.591309
    outer loop
      vertex 12.2873 74.2 8.60365
      vertex 11.9003 74.2 9.13142
      vertex 12.2873 0 8.60365
    endloop
  endfacet
  facet normal 0.806445 0 0.591309
    outer loop
      vertex 12.2873 0 8.60365
      vertex 11.9003 74.2 9.13142
      vertex 11.9003 0 9.13142
    endloop
  endfacet
  facet normal 0.779884 0 0.625924
    outer loop
      vertex 11.9003 74.2 9.13142
      vertex 11.4907 74.2 9.64181
      vertex 11.9003 0 9.13142
    endloop
  endfacet
  facet normal 0.779884 0 0.625924
    outer loop
      vertex 11.9003 0 9.13142
      vertex 11.4907 74.2 9.64181
      vertex 11.4907 0 9.64181
    endloop
  endfacet
  facet normal 0.75184 0 0.659345
    outer loop
      vertex 11.4907 74.2 9.64181
      vertex 11.0592 74.2 10.1339
      vertex 11.4907 0 9.64181
    endloop
  endfacet
  facet normal 0.75184 0 0.659345
    outer loop
      vertex 11.4907 0 9.64181
      vertex 11.0592 74.2 10.1339
      vertex 11.0592 0 10.1339
    endloop
  endfacet
  facet normal 0.722364 0 0.691513
    outer loop
      vertex 11.0592 74.2 10.1339
      vertex 10.6066 74.2 10.6066
      vertex 11.0592 0 10.1339
    endloop
  endfacet
  facet normal 0.722364 0 0.691513
    outer loop
      vertex 11.0592 0 10.1339
      vertex 10.6066 74.2 10.6066
      vertex 10.6066 0 10.6066
    endloop
  endfacet
  facet normal 0.691513 0 0.722364
    outer loop
      vertex 10.6066 74.2 10.6066
      vertex 10.1339 74.2 11.0592
      vertex 10.6066 0 10.6066
    endloop
  endfacet
  facet normal 0.691513 0 0.722364
    outer loop
      vertex 10.6066 0 10.6066
      vertex 10.1339 74.2 11.0592
      vertex 10.1339 0 11.0592
    endloop
  endfacet
  facet normal 0.659345 0 0.75184
    outer loop
      vertex 10.1339 74.2 11.0592
      vertex 9.64181 74.2 11.4907
      vertex 10.1339 0 11.0592
    endloop
  endfacet
  facet normal 0.659345 0 0.75184
    outer loop
      vertex 10.1339 0 11.0592
      vertex 9.64181 74.2 11.4907
      vertex 9.64181 0 11.4907
    endloop
  endfacet
  facet normal 0.625924 0 0.779884
    outer loop
      vertex 9.64181 74.2 11.4907
      vertex 9.13142 74.2 11.9003
      vertex 9.64181 0 11.4907
    endloop
  endfacet
  facet normal 0.625924 0 0.779884
    outer loop
      vertex 9.64181 0 11.4907
      vertex 9.13142 74.2 11.9003
      vertex 9.13142 0 11.9003
    endloop
  endfacet
  facet normal 0.591309 0 0.806445
    outer loop
      vertex 9.13142 74.2 11.9003
      vertex 8.60365 74.2 12.2873
      vertex 9.13142 0 11.9003
    endloop
  endfacet
  facet normal 0.591309 0 0.806445
    outer loop
      vertex 9.13142 0 11.9003
      vertex 8.60365 74.2 12.2873
      vertex 8.60365 0 12.2873
    endloop
  endfacet
  facet normal 0.55557 0 0.831469
    outer loop
      vertex 8.60365 74.2 12.2873
      vertex 8.05949 74.2 12.6509
      vertex 8.60365 0 12.2873
    endloop
  endfacet
  facet normal 0.55557 0 0.831469
    outer loop
      vertex 8.60365 0 12.2873
      vertex 8.05949 74.2 12.6509
      vertex 8.05949 0 12.6509
    endloop
  endfacet
  facet normal 0.518773 0 0.854912
    outer loop
      vertex 8.05949 74.2 12.6509
      vertex 7.5 74.2 12.9904
      vertex 8.05949 0 12.6509
    endloop
  endfacet
  facet normal 0.518773 0 0.854912
    outer loop
      vertex 8.05949 0 12.6509
      vertex 7.5 74.2 12.9904
      vertex 7.5 0 12.9904
    endloop
  endfacet
  facet normal 0.480989 0 0.876727
    outer loop
      vertex 7.5 74.2 12.9904
      vertex 6.92623 74.2 13.3052
      vertex 7.5 0 12.9904
    endloop
  endfacet
  facet normal 0.480989 0 0.876727
    outer loop
      vertex 7.5 0 12.9904
      vertex 6.92623 74.2 13.3052
      vertex 6.92623 0 13.3052
    endloop
  endfacet
  facet normal 0.44229 0 0.896872
    outer loop
      vertex 6.92623 74.2 13.3052
      vertex 6.33927 74.2 13.5946
      vertex 6.92623 0 13.3052
    endloop
  endfacet
  facet normal 0.44229 0 0.896872
    outer loop
      vertex 6.92623 0 13.3052
      vertex 6.33927 74.2 13.5946
      vertex 6.33927 0 13.5946
    endloop
  endfacet
  facet normal 0.402746 0 0.915312
    outer loop
      vertex 6.33927 74.2 13.5946
      vertex 5.74025 74.2 13.8582
      vertex 6.33927 0 13.5946
    endloop
  endfacet
  facet normal 0.402746 0 0.915312
    outer loop
      vertex 6.33927 0 13.5946
      vertex 5.74025 74.2 13.8582
      vertex 5.74025 0 13.8582
    endloop
  endfacet
  facet normal 0.362439 0 0.932008
    outer loop
      vertex 5.74025 74.2 13.8582
      vertex 5.1303 74.2 14.0954
      vertex 5.74025 0 13.8582
    endloop
  endfacet
  facet normal 0.362439 0 0.932008
    outer loop
      vertex 5.74025 0 13.8582
      vertex 5.1303 74.2 14.0954
      vertex 5.1303 0 14.0954
    endloop
  endfacet
  facet normal 0.32144 0 0.94693
    outer loop
      vertex 5.1303 74.2 14.0954
      vertex 4.51059 74.2 14.3058
      vertex 5.1303 0 14.0954
    endloop
  endfacet
  facet normal 0.32144 0 0.94693
    outer loop
      vertex 5.1303 0 14.0954
      vertex 4.51059 74.2 14.3058
      vertex 4.51059 0 14.3058
    endloop
  endfacet
  facet normal 0.279828 0 0.96005
    outer loop
      vertex 4.51059 74.2 14.3058
      vertex 3.88229 74.2 14.4889
      vertex 4.51059 0 14.3058
    endloop
  endfacet
  facet normal 0.279828 0 0.96005
    outer loop
      vertex 4.51059 0 14.3058
      vertex 3.88229 74.2 14.4889
      vertex 3.88229 0 14.4889
    endloop
  endfacet
  facet normal 0.237687 0 0.971342
    outer loop
      vertex 3.88229 74.2 14.4889
      vertex 3.24659 74.2 14.6444
      vertex 3.88229 0 14.4889
    endloop
  endfacet
  facet normal 0.237687 0 0.971342
    outer loop
      vertex 3.88229 0 14.4889
      vertex 3.24659 74.2 14.6444
      vertex 3.24659 0 14.6444
    endloop
  endfacet
  facet normal 0.19509 0 0.980785
    outer loop
      vertex 3.24659 74.2 14.6444
      vertex 2.60472 74.2 14.7721
      vertex 3.24659 0 14.6444
    endloop
  endfacet
  facet normal 0.19509 0 0.980785
    outer loop
      vertex 3.24659 0 14.6444
      vertex 2.60472 74.2 14.7721
      vertex 2.60472 0 14.7721
    endloop
  endfacet
  facet normal 0.152123 0 0.988362
    outer loop
      vertex 2.60472 74.2 14.7721
      vertex 1.95789 74.2 14.8717
      vertex 2.60472 0 14.7721
    endloop
  endfacet
  facet normal 0.152123 0 0.988362
    outer loop
      vertex 2.60472 0 14.7721
      vertex 1.95789 74.2 14.8717
      vertex 1.95789 0 14.8717
    endloop
  endfacet
  facet normal 0.108868 0 0.994056
    outer loop
      vertex 1.95789 74.2 14.8717
      vertex 1.30734 74.2 14.9429
      vertex 1.95789 0 14.8717
    endloop
  endfacet
  facet normal 0.108868 0 0.994056
    outer loop
      vertex 1.95789 0 14.8717
      vertex 1.30734 74.2 14.9429
      vertex 1.30734 0 14.9429
    endloop
  endfacet
  facet normal 0.0654028 0 0.997859
    outer loop
      vertex 1.30734 74.2 14.9429
      vertex 0.654291 74.2 14.9857
      vertex 1.30734 0 14.9429
    endloop
  endfacet
  facet normal 0.0654028 0 0.997859
    outer loop
      vertex 1.30734 0 14.9429
      vertex 0.654291 74.2 14.9857
      vertex 0.654291 0 14.9857
    endloop
  endfacet
  facet normal 0.0218142 0 0.999762
    outer loop
      vertex 0.654291 74.2 14.9857
      vertex 1.83697e-15 74.2 15
      vertex 0.654291 0 14.9857
    endloop
  endfacet
  facet normal 0.0218142 0 0.999762
    outer loop
      vertex 0.654291 0 14.9857
      vertex 1.83697e-15 74.2 15
      vertex 1.83697e-15 0 15
    endloop
  endfacet
  facet normal -0.0218142 0 0.999762
    outer loop
      vertex 1.83697e-15 74.2 15
      vertex -0.654291 74.2 14.9857
      vertex 1.83697e-15 0 15
    endloop
  endfacet
  facet normal -0.0218142 0 0.999762
    outer loop
      vertex 1.83697e-15 0 15
      vertex -0.654291 74.2 14.9857
      vertex -0.654291 0 14.9857
    endloop
  endfacet
  facet normal -0.0654028 0 0.997859
    outer loop
      vertex -0.654291 74.2 14.9857
      vertex -1.30734 74.2 14.9429
      vertex -0.654291 0 14.9857
    endloop
  endfacet
  facet normal -0.0654028 0 0.997859
    outer loop
      vertex -0.654291 0 14.9857
      vertex -1.30734 74.2 14.9429
      vertex -1.30734 0 14.9429
    endloop
  endfacet
  facet normal -0.108868 0 0.994056
    outer loop
      vertex -1.30734 74.2 14.9429
      vertex -1.95789 74.2 14.8717
      vertex -1.30734 0 14.9429
    endloop
  endfacet
  facet normal -0.108868 0 0.994056
    outer loop
      vertex -1.30734 0 14.9429
      vertex -1.95789 74.2 14.8717
      vertex -1.95789 0 14.8717
    endloop
  endfacet
  facet normal -0.152123 0 0.988362
    outer loop
      vertex -1.95789 74.2 14.8717
      vertex -2.60472 74.2 14.7721
      vertex -1.95789 0 14.8717
    endloop
  endfacet
  facet normal -0.152123 0 0.988362
    outer loop
      vertex -1.95789 0 14.8717
      vertex -2.60472 74.2 14.7721
      vertex -2.60472 0 14.7721
    endloop
  endfacet
  facet normal -0.19509 0 0.980785
    outer loop
      vertex -2.60472 74.2 14.7721
      vertex -3.24659 74.2 14.6444
      vertex -2.60472 0 14.7721
    endloop
  endfacet
  facet normal -0.19509 0 0.980785
    outer loop
      vertex -2.60472 0 14.7721
      vertex -3.24659 74.2 14.6444
      vertex -3.24659 0 14.6444
    endloop
  endfacet
  facet normal -0.237687 0 0.971342
    outer loop
      vertex -3.24659 74.2 14.6444
      vertex -3.88229 74.2 14.4889
      vertex -3.24659 0 14.6444
    endloop
  endfacet
  facet normal -0.237687 0 0.971342
    outer loop
      vertex -3.24659 0 14.6444
      vertex -3.88229 74.2 14.4889
      vertex -3.88229 0 14.4889
    endloop
  endfacet
  facet normal -0.279828 0 0.96005
    outer loop
      vertex -3.88229 74.2 14.4889
      vertex -4.51059 74.2 14.3058
      vertex -3.88229 0 14.4889
    endloop
  endfacet
  facet normal -0.279828 0 0.96005
    outer loop
      vertex -3.88229 0 14.4889
      vertex -4.51059 74.2 14.3058
      vertex -4.51059 0 14.3058
    endloop
  endfacet
  facet normal -0.32144 0 0.94693
    outer loop
      vertex -4.51059 74.2 14.3058
      vertex -5.1303 74.2 14.0954
      vertex -4.51059 0 14.3058
    endloop
  endfacet
  facet normal -0.32144 0 0.94693
    outer loop
      vertex -4.51059 0 14.3058
      vertex -5.1303 74.2 14.0954
      vertex -5.1303 0 14.0954
    endloop
  endfacet
  facet normal -0.362439 0 0.932008
    outer loop
      vertex -5.1303 74.2 14.0954
      vertex -5.74025 74.2 13.8582
      vertex -5.1303 0 14.0954
    endloop
  endfacet
  facet normal -0.362439 0 0.932008
    outer loop
      vertex -5.1303 0 14.0954
      vertex -5.74025 74.2 13.8582
      vertex -5.74025 0 13.8582
    endloop
  endfacet
  facet normal -0.402746 0 0.915312
    outer loop
      vertex -5.74025 74.2 13.8582
      vertex -6.33927 74.2 13.5946
      vertex -5.74025 0 13.8582
    endloop
  endfacet
  facet normal -0.402746 0 0.915312
    outer loop
      vertex -5.74025 0 13.8582
      vertex -6.33927 74.2 13.5946
      vertex -6.33927 0 13.5946
    endloop
  endfacet
  facet normal -0.44229 0 0.896872
    outer loop
      vertex -6.33927 74.2 13.5946
      vertex -6.92623 74.2 13.3052
      vertex -6.33927 0 13.5946
    endloop
  endfacet
  facet normal -0.44229 0 0.896872
    outer loop
      vertex -6.33927 0 13.5946
      vertex -6.92623 74.2 13.3052
      vertex -6.92623 0 13.3052
    endloop
  endfacet
  facet normal -0.480989 0 0.876727
    outer loop
      vertex -6.92623 74.2 13.3052
      vertex -7.5 74.2 12.9904
      vertex -6.92623 0 13.3052
    endloop
  endfacet
  facet normal -0.480989 0 0.876727
    outer loop
      vertex -6.92623 0 13.3052
      vertex -7.5 74.2 12.9904
      vertex -7.5 0 12.9904
    endloop
  endfacet
  facet normal -0.518773 0 0.854912
    outer loop
      vertex -7.5 74.2 12.9904
      vertex -8.05949 74.2 12.6509
      vertex -7.5 0 12.9904
    endloop
  endfacet
  facet normal -0.518773 0 0.854912
    outer loop
      vertex -7.5 0 12.9904
      vertex -8.05949 74.2 12.6509
      vertex -8.05949 0 12.6509
    endloop
  endfacet
  facet normal -0.55557 0 0.831469
    outer loop
      vertex -8.05949 74.2 12.6509
      vertex -8.60365 74.2 12.2873
      vertex -8.05949 0 12.6509
    endloop
  endfacet
  facet normal -0.55557 0 0.831469
    outer loop
      vertex -8.05949 0 12.6509
      vertex -8.60365 74.2 12.2873
      vertex -8.60365 0 12.2873
    endloop
  endfacet
  facet normal -0.591309 0 0.806445
    outer loop
      vertex -8.60365 74.2 12.2873
      vertex -9.13142 74.2 11.9003
      vertex -8.60365 0 12.2873
    endloop
  endfacet
  facet normal -0.591309 0 0.806445
    outer loop
      vertex -8.60365 0 12.2873
      vertex -9.13142 74.2 11.9003
      vertex -9.13142 0 11.9003
    endloop
  endfacet
  facet normal -0.625924 0 0.779884
    outer loop
      vertex -9.13142 74.2 11.9003
      vertex -9.64181 74.2 11.4907
      vertex -9.13142 0 11.9003
    endloop
  endfacet
  facet normal -0.625924 0 0.779884
    outer loop
      vertex -9.13142 0 11.9003
      vertex -9.64181 74.2 11.4907
      vertex -9.64181 0 11.4907
    endloop
  endfacet
  facet normal -0.659345 0 0.75184
    outer loop
      vertex -9.64181 74.2 11.4907
      vertex -10.1339 74.2 11.0592
      vertex -9.64181 0 11.4907
    endloop
  endfacet
  facet normal -0.659345 0 0.75184
    outer loop
      vertex -9.64181 0 11.4907
      vertex -10.1339 74.2 11.0592
      vertex -10.1339 0 11.0592
    endloop
  endfacet
  facet normal -0.691513 0 0.722364
    outer loop
      vertex -10.1339 74.2 11.0592
      vertex -10.6066 74.2 10.6066
      vertex -10.1339 0 11.0592
    endloop
  endfacet
  facet normal -0.691513 0 0.722364
    outer loop
      vertex -10.1339 0 11.0592
      vertex -10.6066 74.2 10.6066
      vertex -10.6066 0 10.6066
    endloop
  endfacet
  facet normal -0.722364 0 0.691513
    outer loop
      vertex -10.6066 74.2 10.6066
      vertex -11.0592 74.2 10.1339
      vertex -10.6066 0 10.6066
    endloop
  endfacet
  facet normal -0.722364 0 0.691513
    outer loop
      vertex -10.6066 0 10.6066
      vertex -11.0592 74.2 10.1339
      vertex -11.0592 0 10.1339
    endloop
  endfacet
  facet normal -0.75184 0 0.659345
    outer loop
      vertex -11.0592 74.2 10.1339
      vertex -11.4907 74.2 9.64181
      vertex -11.0592 0 10.1339
    endloop
  endfacet
  facet normal -0.75184 0 0.659345
    outer loop
      vertex -11.0592 0 10.1339
      vertex -11.4907 74.2 9.64181
      vertex -11.4907 0 9.64181
    endloop
  endfacet
  facet normal -0.779884 0 0.625924
    outer loop
      vertex -11.4907 74.2 9.64181
      vertex -11.9003 74.2 9.13142
      vertex -11.4907 0 9.64181
    endloop
  endfacet
  facet normal -0.779884 0 0.625924
    outer loop
      vertex -11.4907 0 9.64181
      vertex -11.9003 74.2 9.13142
      vertex -11.9003 0 9.13142
    endloop
  endfacet
  facet normal -0.806445 0 0.591309
    outer loop
      vertex -11.9003 74.2 9.13142
      vertex -12.2873 74.2 8.60365
      vertex -11.9003 0 9.13142
    endloop
  endfacet
  facet normal -0.806445 0 0.591309
    outer loop
      vertex -11.9003 0 9.13142
      vertex -12.2873 74.2 8.60365
      vertex -12.2873 0 8.60365
    endloop
  endfacet
  facet normal -0.831469 0 0.55557
    outer loop
      vertex -12.2873 74.2 8.60365
      vertex -12.6509 74.2 8.05949
      vertex -12.2873 0 8.60365
    endloop
  endfacet
  facet normal -0.831469 0 0.55557
    outer loop
      vertex -12.2873 0 8.60365
      vertex -12.6509 74.2 8.05949
      vertex -12.6509 0 8.05949
    endloop
  endfacet
  facet normal -0.854912 0 0.518773
    outer loop
      vertex -12.6509 74.2 8.05949
      vertex -12.9904 74.2 7.5
      vertex -12.6509 0 8.05949
    endloop
  endfacet
  facet normal -0.854912 0 0.518773
    outer loop
      vertex -12.6509 0 8.05949
      vertex -12.9904 74.2 7.5
      vertex -12.9904 0 7.5
    endloop
  endfacet
  facet normal -0.876727 0 0.480989
    outer loop
      vertex -12.9904 74.2 7.5
      vertex -13.3052 74.2 6.92623
      vertex -12.9904 0 7.5
    endloop
  endfacet
  facet normal -0.876727 0 0.480989
    outer loop
      vertex -12.9904 0 7.5
      vertex -13.3052 74.2 6.92623
      vertex -13.3052 0 6.92623
    endloop
  endfacet
  facet normal -0.894235 0 0.447598
    outer loop
      vertex -13.3052 74.2 6.92623
      vertex -13.5185 52.7 6.5
      vertex -13.3052 0 6.92623
    endloop
  endfacet
  facet normal -0.896872 -5.36116e-5 0.44229
    outer loop
      vertex -13.3052 0 6.92623
      vertex -13.5185 52.7 6.5
      vertex -13.5946 0 6.33927
    endloop
  endfacet
  facet normal -0.903786 0 0.427985
    outer loop
      vertex -13.5185 52.7 6.5
      vertex -13.5946 52.6703 6.33927
      vertex -13.5946 0 6.33927
    endloop
  endfacet
  facet normal -0.915312 0 0.402746
    outer loop
      vertex -13.5946 0 6.33927
      vertex -13.5946 52.6703 6.33927
      vertex -13.8582 52.5597 5.74025
    endloop
  endfacet
  facet normal 0.0218156 0 0.999762
    outer loop
      vertex 0 0 14
      vertex 0.610671 -50 13.9867
      vertex 0.610671 0 13.9867
    endloop
  endfacet
  facet normal 0.0654027 0 0.997859
    outer loop
      vertex 0.610671 -50 13.9867
      vertex 1.22018 -50 13.9467
      vertex 0.610671 0 13.9867
    endloop
  endfacet
  facet normal 0.0654027 0 0.997859
    outer loop
      vertex 0.610671 0 13.9867
      vertex 1.22018 -50 13.9467
      vertex 1.22018 0 13.9467
    endloop
  endfacet
  facet normal 0.108868 0 0.994056
    outer loop
      vertex 1.22018 -50 13.9467
      vertex 1.82737 -50 13.8802
      vertex 1.22018 0 13.9467
    endloop
  endfacet
  facet normal 0.108868 0 0.994056
    outer loop
      vertex 1.22018 0 13.9467
      vertex 1.82737 -50 13.8802
      vertex 1.82737 0 13.8802
    endloop
  endfacet
  facet normal 0.152123 0 0.988362
    outer loop
      vertex 1.82737 -50 13.8802
      vertex 2.43107 -50 13.7873
      vertex 1.82737 0 13.8802
    endloop
  endfacet
  facet normal 0.152123 0 0.988362
    outer loop
      vertex 1.82737 0 13.8802
      vertex 2.43107 -50 13.7873
      vertex 2.43107 0 13.7873
    endloop
  endfacet
  facet normal 0.195091 0 0.980785
    outer loop
      vertex 2.43107 -50 13.7873
      vertex 3.03015 -50 13.6681
      vertex 2.43107 0 13.7873
    endloop
  endfacet
  facet normal 0.195091 0 0.980785
    outer loop
      vertex 2.43107 0 13.7873
      vertex 3.03015 -50 13.6681
      vertex 3.03015 0 13.6681
    endloop
  endfacet
  facet normal 0.237687 0 0.971342
    outer loop
      vertex 3.03015 -50 13.6681
      vertex 3.62347 -50 13.523
      vertex 3.03015 0 13.6681
    endloop
  endfacet
  facet normal 0.237687 0 0.971342
    outer loop
      vertex 3.03015 0 13.6681
      vertex 3.62347 -50 13.523
      vertex 3.62347 0 13.523
    endloop
  endfacet
  facet normal 0.279828 0 0.96005
    outer loop
      vertex 3.62347 -50 13.523
      vertex 4.20988 -50 13.352
      vertex 3.62347 0 13.523
    endloop
  endfacet
  facet normal 0.279828 0 0.96005
    outer loop
      vertex 3.62347 0 13.523
      vertex 4.20988 -50 13.352
      vertex 4.20988 0 13.352
    endloop
  endfacet
  facet normal 0.321439 0 0.94693
    outer loop
      vertex 4.20988 -50 13.352
      vertex 4.78828 -50 13.1557
      vertex 4.20988 0 13.352
    endloop
  endfacet
  facet normal 0.321439 0 0.94693
    outer loop
      vertex 4.20988 0 13.352
      vertex 4.78828 -50 13.1557
      vertex 4.78828 0 13.1557
    endloop
  endfacet
  facet normal 0.362439 0 0.932008
    outer loop
      vertex 4.78828 -50 13.1557
      vertex 5.35757 -50 12.9343
      vertex 4.78828 0 13.1557
    endloop
  endfacet
  facet normal 0.362439 0 0.932008
    outer loop
      vertex 4.78828 0 13.1557
      vertex 5.35757 -50 12.9343
      vertex 5.35757 0 12.9343
    endloop
  endfacet
  facet normal 0.402747 0 0.915312
    outer loop
      vertex 5.35757 -50 12.9343
      vertex 5.91666 -50 12.6883
      vertex 5.35757 0 12.9343
    endloop
  endfacet
  facet normal 0.402747 0 0.915312
    outer loop
      vertex 5.35757 0 12.9343
      vertex 5.91666 -50 12.6883
      vertex 5.91666 0 12.6883
    endloop
  endfacet
  facet normal 0.442288 0 0.896873
    outer loop
      vertex 5.91666 -50 12.6883
      vertex 6.46448 -50 12.4182
      vertex 5.91666 0 12.6883
    endloop
  endfacet
  facet normal 0.442288 0 0.896873
    outer loop
      vertex 5.91666 0 12.6883
      vertex 6.46448 -50 12.4182
      vertex 6.46448 0 12.4182
    endloop
  endfacet
  facet normal 0.480988 0 0.876727
    outer loop
      vertex 6.46448 -50 12.4182
      vertex 7 -50 12.1244
      vertex 6.46448 0 12.4182
    endloop
  endfacet
  facet normal 0.480988 0 0.876727
    outer loop
      vertex 6.46448 0 12.4182
      vertex 7 -50 12.1244
      vertex 7 0 12.1244
    endloop
  endfacet
  facet normal 0.518774 0 0.854911
    outer loop
      vertex 7 -50 12.1244
      vertex 7.52219 -50 11.8075
      vertex 7 0 12.1244
    endloop
  endfacet
  facet normal 0.518774 0 0.854911
    outer loop
      vertex 7 0 12.1244
      vertex 7.52219 -50 11.8075
      vertex 7.52219 0 11.8075
    endloop
  endfacet
  facet normal 0.55557 0 0.83147
    outer loop
      vertex 7.52219 -50 11.8075
      vertex 8.03007 -50 11.4681
      vertex 7.52219 0 11.8075
    endloop
  endfacet
  facet normal 0.55557 0 0.83147
    outer loop
      vertex 7.52219 0 11.8075
      vertex 8.03007 -50 11.4681
      vertex 8.03007 0 11.4681
    endloop
  endfacet
  facet normal 0.591309 0 0.806445
    outer loop
      vertex 8.03007 -50 11.4681
      vertex 8.52266 -50 11.1069
      vertex 8.03007 0 11.4681
    endloop
  endfacet
  facet normal 0.591309 0 0.806445
    outer loop
      vertex 8.03007 0 11.4681
      vertex 8.52266 -50 11.1069
      vertex 8.52266 0 11.1069
    endloop
  endfacet
  facet normal 0.625924 0 0.779884
    outer loop
      vertex 8.52266 -50 11.1069
      vertex 8.99903 -50 10.7246
      vertex 8.52266 0 11.1069
    endloop
  endfacet
  facet normal 0.625924 0 0.779884
    outer loop
      vertex 8.52266 0 11.1069
      vertex 8.99903 -50 10.7246
      vertex 8.99903 0 10.7246
    endloop
  endfacet
  facet normal 0.659346 0 0.75184
    outer loop
      vertex 8.99903 -50 10.7246
      vertex 9.45826 -50 10.3219
      vertex 8.99903 0 10.7246
    endloop
  endfacet
  facet normal 0.659346 0 0.75184
    outer loop
      vertex 8.99903 0 10.7246
      vertex 9.45826 -50 10.3219
      vertex 9.45826 0 10.3219
    endloop
  endfacet
  facet normal 0.691512 0 0.722365
    outer loop
      vertex 9.45826 -50 10.3219
      vertex 9.8995 -50 9.8995
      vertex 9.45826 0 10.3219
    endloop
  endfacet
  facet normal 0.691512 0 0.722365
    outer loop
      vertex 9.45826 0 10.3219
      vertex 9.8995 -50 9.8995
      vertex 9.8995 0 9.8995
    endloop
  endfacet
  facet normal 0.722365 0 0.691512
    outer loop
      vertex 9.8995 -50 9.8995
      vertex 10.3219 -50 9.45826
      vertex 9.8995 0 9.8995
    endloop
  endfacet
  facet normal 0.722365 0 0.691512
    outer loop
      vertex 9.8995 0 9.8995
      vertex 10.3219 -50 9.45826
      vertex 10.3219 0 9.45826
    endloop
  endfacet
  facet normal 0.75184 0 0.659346
    outer loop
      vertex 10.3219 -50 9.45826
      vertex 10.7246 -50 8.99903
      vertex 10.3219 0 9.45826
    endloop
  endfacet
  facet normal 0.75184 0 0.659346
    outer loop
      vertex 10.3219 0 9.45826
      vertex 10.7246 -50 8.99903
      vertex 10.7246 0 8.99903
    endloop
  endfacet
  facet normal 0.779884 0 0.625924
    outer loop
      vertex 10.7246 -50 8.99903
      vertex 11.1069 -50 8.52266
      vertex 10.7246 0 8.99903
    endloop
  endfacet
  facet normal 0.779884 0 0.625924
    outer loop
      vertex 10.7246 0 8.99903
      vertex 11.1069 -50 8.52266
      vertex 11.1069 0 8.52266
    endloop
  endfacet
  facet normal 0.806445 0 0.591309
    outer loop
      vertex 11.1069 -50 8.52266
      vertex 11.4681 -50 8.03007
      vertex 11.1069 0 8.52266
    endloop
  endfacet
  facet normal 0.806445 0 0.591309
    outer loop
      vertex 11.1069 0 8.52266
      vertex 11.4681 -50 8.03007
      vertex 11.4681 0 8.03007
    endloop
  endfacet
  facet normal 0.83147 0 0.55557
    outer loop
      vertex 11.4681 -50 8.03007
      vertex 11.8075 -50 7.52219
      vertex 11.4681 0 8.03007
    endloop
  endfacet
  facet normal 0.83147 0 0.55557
    outer loop
      vertex 11.4681 0 8.03007
      vertex 11.8075 -50 7.52219
      vertex 11.8075 0 7.52219
    endloop
  endfacet
  facet normal 0.854911 0 0.518774
    outer loop
      vertex 11.8075 -50 7.52219
      vertex 12.1244 -50 7
      vertex 11.8075 0 7.52219
    endloop
  endfacet
  facet normal 0.854911 0 0.518774
    outer loop
      vertex 11.8075 0 7.52219
      vertex 12.1244 -50 7
      vertex 12.1244 0 7
    endloop
  endfacet
  facet normal 0.876727 0 0.480988
    outer loop
      vertex 12.1244 -50 7
      vertex 12.4182 -50 6.46448
      vertex 12.1244 0 7
    endloop
  endfacet
  facet normal 0.876727 0 0.480988
    outer loop
      vertex 12.1244 0 7
      vertex 12.4182 -50 6.46448
      vertex 12.4182 0 6.46448
    endloop
  endfacet
  facet normal 0.896873 0 0.442288
    outer loop
      vertex 12.4182 -50 6.46448
      vertex 12.6883 -50 5.91666
      vertex 12.4182 0 6.46448
    endloop
  endfacet
  facet normal 0.896873 0 0.442288
    outer loop
      vertex 12.4182 0 6.46448
      vertex 12.6883 -50 5.91666
      vertex 12.6883 0 5.91666
    endloop
  endfacet
  facet normal 0.915312 0 0.402747
    outer loop
      vertex 12.6883 -50 5.91666
      vertex 12.9343 -50 5.35757
      vertex 12.6883 0 5.91666
    endloop
  endfacet
  facet normal 0.915312 0 0.402747
    outer loop
      vertex 12.6883 0 5.91666
      vertex 12.9343 -50 5.35757
      vertex 12.9343 0 5.35757
    endloop
  endfacet
  facet normal 0.932008 0 0.362439
    outer loop
      vertex 12.9343 -50 5.35757
      vertex 13.1557 -50 4.78828
      vertex 12.9343 0 5.35757
    endloop
  endfacet
  facet normal 0.932008 0 0.362439
    outer loop
      vertex 12.9343 0 5.35757
      vertex 13.1557 -50 4.78828
      vertex 13.1557 0 4.78828
    endloop
  endfacet
  facet normal 0.94693 0 0.321439
    outer loop
      vertex 13.1557 -50 4.78828
      vertex 13.352 -50 4.20988
      vertex 13.1557 0 4.78828
    endloop
  endfacet
  facet normal 0.94693 0 0.321439
    outer loop
      vertex 13.1557 0 4.78828
      vertex 13.352 -50 4.20988
      vertex 13.352 0 4.20988
    endloop
  endfacet
  facet normal 0.96005 0 0.279828
    outer loop
      vertex 13.352 -50 4.20988
      vertex 13.523 -50 3.62347
      vertex 13.352 0 4.20988
    endloop
  endfacet
  facet normal 0.96005 0 0.279828
    outer loop
      vertex 13.352 0 4.20988
      vertex 13.523 -50 3.62347
      vertex 13.523 0 3.62347
    endloop
  endfacet
  facet normal 0.971342 0 0.237687
    outer loop
      vertex 13.523 -50 3.62347
      vertex 13.6681 -50 3.03015
      vertex 13.523 0 3.62347
    endloop
  endfacet
  facet normal 0.971342 0 0.237687
    outer loop
      vertex 13.523 0 3.62347
      vertex 13.6681 -50 3.03015
      vertex 13.6681 0 3.03015
    endloop
  endfacet
  facet normal 0.980785 0 0.195091
    outer loop
      vertex 13.6681 -50 3.03015
      vertex 13.7873 -50 2.43107
      vertex 13.6681 0 3.03015
    endloop
  endfacet
  facet normal 0.980785 0 0.195091
    outer loop
      vertex 13.6681 0 3.03015
      vertex 13.7873 -50 2.43107
      vertex 13.7873 0 2.43107
    endloop
  endfacet
  facet normal 0.988362 0 0.152123
    outer loop
      vertex 13.7873 -50 2.43107
      vertex 13.8802 -50 1.82737
      vertex 13.7873 0 2.43107
    endloop
  endfacet
  facet normal 0.988362 0 0.152123
    outer loop
      vertex 13.7873 0 2.43107
      vertex 13.8802 -50 1.82737
      vertex 13.8802 0 1.82737
    endloop
  endfacet
  facet normal 0.994056 0 0.108868
    outer loop
      vertex 13.8802 -50 1.82737
      vertex 13.9467 -50 1.22018
      vertex 13.8802 0 1.82737
    endloop
  endfacet
  facet normal 0.994056 0 0.108868
    outer loop
      vertex 13.8802 0 1.82737
      vertex 13.9467 -50 1.22018
      vertex 13.9467 0 1.22018
    endloop
  endfacet
  facet normal 0.997859 0 0.0654027
    outer loop
      vertex 13.9467 -50 1.22018
      vertex 13.9867 -50 0.610671
      vertex 13.9467 0 1.22018
    endloop
  endfacet
  facet normal 0.997859 0 0.0654027
    outer loop
      vertex 13.9467 0 1.22018
      vertex 13.9867 -50 0.610671
      vertex 13.9867 0 0.610671
    endloop
  endfacet
  facet normal 0.999762 0 0.0218156
    outer loop
      vertex 13.9867 -50 0.610671
      vertex 14 -50 8.57253e-16
      vertex 13.9867 0 0.610671
    endloop
  endfacet
  facet normal 0.999762 0 0.0218156
    outer loop
      vertex 13.9867 0 0.610671
      vertex 14 -50 8.57253e-16
      vertex 14 0 8.57253e-16
    endloop
  endfacet
  facet normal 0.999762 0 -0.0218156
    outer loop
      vertex 14 -50 8.57253e-16
      vertex 13.9867 -50 -0.610671
      vertex 14 0 8.57253e-16
    endloop
  endfacet
  facet normal 0.999762 0 -0.0218156
    outer loop
      vertex 14 0 8.57253e-16
      vertex 13.9867 -50 -0.610671
      vertex 13.9867 0 -0.610671
    endloop
  endfacet
  facet normal 0.997859 0 -0.0654027
    outer loop
      vertex 13.9867 -50 -0.610671
      vertex 13.9467 -50 -1.22018
      vertex 13.9867 0 -0.610671
    endloop
  endfacet
  facet normal 0.997859 0 -0.0654027
    outer loop
      vertex 13.9867 0 -0.610671
      vertex 13.9467 -50 -1.22018
      vertex 13.9467 0 -1.22018
    endloop
  endfacet
  facet normal 0.994056 0 -0.108868
    outer loop
      vertex 13.9467 -50 -1.22018
      vertex 13.8802 -50 -1.82737
      vertex 13.9467 0 -1.22018
    endloop
  endfacet
  facet normal 0.994056 0 -0.108868
    outer loop
      vertex 13.9467 0 -1.22018
      vertex 13.8802 -50 -1.82737
      vertex 13.8802 0 -1.82737
    endloop
  endfacet
  facet normal 0.988362 0 -0.152123
    outer loop
      vertex 13.8802 -50 -1.82737
      vertex 13.7873 -50 -2.43107
      vertex 13.8802 0 -1.82737
    endloop
  endfacet
  facet normal 0.988362 0 -0.152123
    outer loop
      vertex 13.8802 0 -1.82737
      vertex 13.7873 -50 -2.43107
      vertex 13.7873 0 -2.43107
    endloop
  endfacet
  facet normal 0.980785 0 -0.195091
    outer loop
      vertex 13.7873 -50 -2.43107
      vertex 13.6681 -50 -3.03015
      vertex 13.7873 0 -2.43107
    endloop
  endfacet
  facet normal 0.980785 0 -0.195091
    outer loop
      vertex 13.7873 0 -2.43107
      vertex 13.6681 -50 -3.03015
      vertex 13.6681 0 -3.03015
    endloop
  endfacet
  facet normal 0.971342 0 -0.237687
    outer loop
      vertex 13.6681 -50 -3.03015
      vertex 13.523 -50 -3.62347
      vertex 13.6681 0 -3.03015
    endloop
  endfacet
  facet normal 0.971342 0 -0.237687
    outer loop
      vertex 13.6681 0 -3.03015
      vertex 13.523 -50 -3.62347
      vertex 13.523 0 -3.62347
    endloop
  endfacet
  facet normal 0.96005 0 -0.279828
    outer loop
      vertex 13.523 -50 -3.62347
      vertex 13.352 -50 -4.20988
      vertex 13.523 0 -3.62347
    endloop
  endfacet
  facet normal 0.96005 0 -0.279828
    outer loop
      vertex 13.523 0 -3.62347
      vertex 13.352 -50 -4.20988
      vertex 13.352 0 -4.20988
    endloop
  endfacet
  facet normal 0.94693 0 -0.321439
    outer loop
      vertex 13.352 -50 -4.20988
      vertex 13.1557 -50 -4.78828
      vertex 13.352 0 -4.20988
    endloop
  endfacet
  facet normal 0.94693 0 -0.321439
    outer loop
      vertex 13.352 0 -4.20988
      vertex 13.1557 -50 -4.78828
      vertex 13.1557 0 -4.78828
    endloop
  endfacet
  facet normal 0.932008 0 -0.362439
    outer loop
      vertex 13.1557 -50 -4.78828
      vertex 12.9343 -50 -5.35757
      vertex 13.1557 0 -4.78828
    endloop
  endfacet
  facet normal 0.932008 0 -0.362439
    outer loop
      vertex 13.1557 0 -4.78828
      vertex 12.9343 -50 -5.35757
      vertex 12.9343 0 -5.35757
    endloop
  endfacet
  facet normal 0.915312 0 -0.402747
    outer loop
      vertex 12.9343 -50 -5.35757
      vertex 12.6883 -50 -5.91666
      vertex 12.9343 0 -5.35757
    endloop
  endfacet
  facet normal 0.915312 0 -0.402747
    outer loop
      vertex 12.9343 0 -5.35757
      vertex 12.6883 -50 -5.91666
      vertex 12.6883 0 -5.91666
    endloop
  endfacet
  facet normal 0.896873 0 -0.442288
    outer loop
      vertex 12.6883 -50 -5.91666
      vertex 12.4182 -50 -6.46448
      vertex 12.6883 0 -5.91666
    endloop
  endfacet
  facet normal 0.896873 0 -0.442288
    outer loop
      vertex 12.6883 0 -5.91666
      vertex 12.4182 -50 -6.46448
      vertex 12.4182 0 -6.46448
    endloop
  endfacet
  facet normal 0.876727 0 -0.480988
    outer loop
      vertex 12.4182 -50 -6.46448
      vertex 12.1244 -50 -7
      vertex 12.4182 0 -6.46448
    endloop
  endfacet
  facet normal 0.876727 0 -0.480988
    outer loop
      vertex 12.4182 0 -6.46448
      vertex 12.1244 -50 -7
      vertex 12.1244 0 -7
    endloop
  endfacet
  facet normal 0.854911 0 -0.518774
    outer loop
      vertex 12.1244 -50 -7
      vertex 11.8075 -50 -7.52219
      vertex 12.1244 0 -7
    endloop
  endfacet
  facet normal 0.854911 0 -0.518774
    outer loop
      vertex 12.1244 0 -7
      vertex 11.8075 -50 -7.52219
      vertex 11.8075 0 -7.52219
    endloop
  endfacet
  facet normal 0.83147 0 -0.55557
    outer loop
      vertex 11.8075 -50 -7.52219
      vertex 11.4681 -50 -8.03007
      vertex 11.8075 0 -7.52219
    endloop
  endfacet
  facet normal 0.83147 0 -0.55557
    outer loop
      vertex 11.8075 0 -7.52219
      vertex 11.4681 -50 -8.03007
      vertex 11.4681 0 -8.03007
    endloop
  endfacet
  facet normal 0.806445 0 -0.591309
    outer loop
      vertex 11.4681 -50 -8.03007
      vertex 11.1069 -50 -8.52266
      vertex 11.4681 0 -8.03007
    endloop
  endfacet
  facet normal 0.806445 0 -0.591309
    outer loop
      vertex 11.4681 0 -8.03007
      vertex 11.1069 -50 -8.52266
      vertex 11.1069 0 -8.52266
    endloop
  endfacet
  facet normal 0.779884 0 -0.625924
    outer loop
      vertex 11.1069 -50 -8.52266
      vertex 10.7246 -50 -8.99903
      vertex 11.1069 0 -8.52266
    endloop
  endfacet
  facet normal 0.779884 0 -0.625924
    outer loop
      vertex 11.1069 0 -8.52266
      vertex 10.7246 -50 -8.99903
      vertex 10.7246 0 -8.99903
    endloop
  endfacet
  facet normal 0.75184 0 -0.659346
    outer loop
      vertex 10.7246 -50 -8.99903
      vertex 10.3219 -50 -9.45826
      vertex 10.7246 0 -8.99903
    endloop
  endfacet
  facet normal 0.75184 0 -0.659346
    outer loop
      vertex 10.7246 0 -8.99903
      vertex 10.3219 -50 -9.45826
      vertex 10.3219 0 -9.45826
    endloop
  endfacet
  facet normal 0.722365 0 -0.691512
    outer loop
      vertex 10.3219 -50 -9.45826
      vertex 9.8995 -50 -9.8995
      vertex 10.3219 0 -9.45826
    endloop
  endfacet
  facet normal 0.722365 0 -0.691512
    outer loop
      vertex 10.3219 0 -9.45826
      vertex 9.8995 -50 -9.8995
      vertex 9.8995 0 -9.8995
    endloop
  endfacet
  facet normal 0.691512 0 -0.722365
    outer loop
      vertex 9.8995 -50 -9.8995
      vertex 9.45826 -50 -10.3219
      vertex 9.8995 0 -9.8995
    endloop
  endfacet
  facet normal 0.691512 0 -0.722365
    outer loop
      vertex 9.8995 0 -9.8995
      vertex 9.45826 -50 -10.3219
      vertex 9.45826 0 -10.3219
    endloop
  endfacet
  facet normal 0.659346 0 -0.75184
    outer loop
      vertex 9.45826 -50 -10.3219
      vertex 8.99903 -50 -10.7246
      vertex 9.45826 0 -10.3219
    endloop
  endfacet
  facet normal 0.659346 0 -0.75184
    outer loop
      vertex 9.45826 0 -10.3219
      vertex 8.99903 -50 -10.7246
      vertex 8.99903 0 -10.7246
    endloop
  endfacet
  facet normal 0.625924 0 -0.779884
    outer loop
      vertex 8.99903 -50 -10.7246
      vertex 8.52266 -50 -11.1069
      vertex 8.99903 0 -10.7246
    endloop
  endfacet
  facet normal 0.625924 0 -0.779884
    outer loop
      vertex 8.99903 0 -10.7246
      vertex 8.52266 -50 -11.1069
      vertex 8.52266 0 -11.1069
    endloop
  endfacet
  facet normal 0.591309 0 -0.806445
    outer loop
      vertex 8.52266 -50 -11.1069
      vertex 8.03007 -50 -11.4681
      vertex 8.52266 0 -11.1069
    endloop
  endfacet
  facet normal 0.591309 0 -0.806445
    outer loop
      vertex 8.52266 0 -11.1069
      vertex 8.03007 -50 -11.4681
      vertex 8.03007 0 -11.4681
    endloop
  endfacet
  facet normal 0.55557 0 -0.83147
    outer loop
      vertex 8.03007 -50 -11.4681
      vertex 7.52219 -50 -11.8075
      vertex 8.03007 0 -11.4681
    endloop
  endfacet
  facet normal 0.55557 0 -0.83147
    outer loop
      vertex 8.03007 0 -11.4681
      vertex 7.52219 -50 -11.8075
      vertex 7.52219 0 -11.8075
    endloop
  endfacet
  facet normal 0.518774 0 -0.854911
    outer loop
      vertex 7.52219 -50 -11.8075
      vertex 7 -50 -12.1244
      vertex 7.52219 0 -11.8075
    endloop
  endfacet
  facet normal 0.518774 0 -0.854911
    outer loop
      vertex 7.52219 0 -11.8075
      vertex 7 -50 -12.1244
      vertex 7 0 -12.1244
    endloop
  endfacet
  facet normal 0.480988 0 -0.876727
    outer loop
      vertex 7 -50 -12.1244
      vertex 6.46448 -50 -12.4182
      vertex 7 0 -12.1244
    endloop
  endfacet
  facet normal 0.480988 0 -0.876727
    outer loop
      vertex 7 0 -12.1244
      vertex 6.46448 -50 -12.4182
      vertex 6.46448 0 -12.4182
    endloop
  endfacet
  facet normal 0.442288 0 -0.896873
    outer loop
      vertex 6.46448 -50 -12.4182
      vertex 5.91666 -50 -12.6883
      vertex 6.46448 0 -12.4182
    endloop
  endfacet
  facet normal 0.442288 0 -0.896873
    outer loop
      vertex 6.46448 0 -12.4182
      vertex 5.91666 -50 -12.6883
      vertex 5.91666 0 -12.6883
    endloop
  endfacet
  facet normal 0.402747 0 -0.915312
    outer loop
      vertex 5.91666 -50 -12.6883
      vertex 5.35757 -50 -12.9343
      vertex 5.91666 0 -12.6883
    endloop
  endfacet
  facet normal 0.402747 0 -0.915312
    outer loop
      vertex 5.91666 0 -12.6883
      vertex 5.35757 -50 -12.9343
      vertex 5.35757 0 -12.9343
    endloop
  endfacet
  facet normal 0.362439 0 -0.932008
    outer loop
      vertex 5.35757 -50 -12.9343
      vertex 4.78828 -50 -13.1557
      vertex 5.35757 0 -12.9343
    endloop
  endfacet
  facet normal 0.362439 0 -0.932008
    outer loop
      vertex 5.35757 0 -12.9343
      vertex 4.78828 -50 -13.1557
      vertex 4.78828 0 -13.1557
    endloop
  endfacet
  facet normal 0.321439 0 -0.94693
    outer loop
      vertex 4.78828 -50 -13.1557
      vertex 4.20988 -50 -13.352
      vertex 4.78828 0 -13.1557
    endloop
  endfacet
  facet normal 0.321439 0 -0.94693
    outer loop
      vertex 4.78828 0 -13.1557
      vertex 4.20988 -50 -13.352
      vertex 4.20988 0 -13.352
    endloop
  endfacet
  facet normal 0.279828 0 -0.96005
    outer loop
      vertex 4.20988 -50 -13.352
      vertex 3.62347 -50 -13.523
      vertex 4.20988 0 -13.352
    endloop
  endfacet
  facet normal 0.279828 0 -0.96005
    outer loop
      vertex 4.20988 0 -13.352
      vertex 3.62347 -50 -13.523
      vertex 3.62347 0 -13.523
    endloop
  endfacet
  facet normal 0.237687 0 -0.971342
    outer loop
      vertex 3.62347 -50 -13.523
      vertex 3.03015 -50 -13.6681
      vertex 3.62347 0 -13.523
    endloop
  endfacet
  facet normal 0.237687 0 -0.971342
    outer loop
      vertex 3.62347 0 -13.523
      vertex 3.03015 -50 -13.6681
      vertex 3.03015 0 -13.6681
    endloop
  endfacet
  facet normal 0.195091 0 -0.980785
    outer loop
      vertex 3.03015 -50 -13.6681
      vertex 2.43107 -50 -13.7873
      vertex 3.03015 0 -13.6681
    endloop
  endfacet
  facet normal 0.195091 0 -0.980785
    outer loop
      vertex 3.03015 0 -13.6681
      vertex 2.43107 -50 -13.7873
      vertex 2.43107 0 -13.7873
    endloop
  endfacet
  facet normal 0.152123 0 -0.988362
    outer loop
      vertex 2.43107 -50 -13.7873
      vertex 1.82737 -50 -13.8802
      vertex 2.43107 0 -13.7873
    endloop
  endfacet
  facet normal 0.152123 0 -0.988362
    outer loop
      vertex 2.43107 0 -13.7873
      vertex 1.82737 -50 -13.8802
      vertex 1.82737 0 -13.8802
    endloop
  endfacet
  facet normal 0.108868 0 -0.994056
    outer loop
      vertex 1.82737 -50 -13.8802
      vertex 1.22018 -50 -13.9467
      vertex 1.82737 0 -13.8802
    endloop
  endfacet
  facet normal 0.108868 0 -0.994056
    outer loop
      vertex 1.82737 0 -13.8802
      vertex 1.22018 -50 -13.9467
      vertex 1.22018 0 -13.9467
    endloop
  endfacet
  facet normal 0.0654027 0 -0.997859
    outer loop
      vertex 1.22018 -50 -13.9467
      vertex 0.610671 -50 -13.9867
      vertex 1.22018 0 -13.9467
    endloop
  endfacet
  facet normal 0.0654027 0 -0.997859
    outer loop
      vertex 1.22018 0 -13.9467
      vertex 0.610671 -50 -13.9867
      vertex 0.610671 0 -13.9867
    endloop
  endfacet
  facet normal 0.0218156 0 -0.999762
    outer loop
      vertex 0.610671 -50 -13.9867
      vertex 1.71451e-15 -50 -14
      vertex 0.610671 0 -13.9867
    endloop
  endfacet
  facet normal 0.0218156 0 -0.999762
    outer loop
      vertex 0.610671 0 -13.9867
      vertex 1.71451e-15 -50 -14
      vertex 1.71451e-15 0 -14
    endloop
  endfacet
  facet normal -0.0218156 0 -0.999762
    outer loop
      vertex 1.71451e-15 -50 -14
      vertex -0.610671 -50 -13.9867
      vertex 1.71451e-15 0 -14
    endloop
  endfacet
  facet normal -0.0218156 0 -0.999762
    outer loop
      vertex 1.71451e-15 0 -14
      vertex -0.610671 -50 -13.9867
      vertex -0.610671 0 -13.9867
    endloop
  endfacet
  facet normal -0.0654027 0 -0.997859
    outer loop
      vertex -0.610671 -50 -13.9867
      vertex -1.22018 -50 -13.9467
      vertex -0.610671 0 -13.9867
    endloop
  endfacet
  facet normal -0.0654027 0 -0.997859
    outer loop
      vertex -0.610671 0 -13.9867
      vertex -1.22018 -50 -13.9467
      vertex -1.22018 0 -13.9467
    endloop
  endfacet
  facet normal -0.108868 0 -0.994056
    outer loop
      vertex -1.22018 -50 -13.9467
      vertex -1.82737 -50 -13.8802
      vertex -1.22018 0 -13.9467
    endloop
  endfacet
  facet normal -0.108868 0 -0.994056
    outer loop
      vertex -1.22018 0 -13.9467
      vertex -1.82737 -50 -13.8802
      vertex -1.82737 0 -13.8802
    endloop
  endfacet
  facet normal -0.152123 0 -0.988362
    outer loop
      vertex -1.82737 -50 -13.8802
      vertex -2.43107 -50 -13.7873
      vertex -1.82737 0 -13.8802
    endloop
  endfacet
  facet normal -0.152123 0 -0.988362
    outer loop
      vertex -1.82737 0 -13.8802
      vertex -2.43107 -50 -13.7873
      vertex -2.43107 0 -13.7873
    endloop
  endfacet
  facet normal -0.195091 0 -0.980785
    outer loop
      vertex -2.43107 -50 -13.7873
      vertex -3.03015 -50 -13.6681
      vertex -2.43107 0 -13.7873
    endloop
  endfacet
  facet normal -0.195091 0 -0.980785
    outer loop
      vertex -2.43107 0 -13.7873
      vertex -3.03015 -50 -13.6681
      vertex -3.03015 0 -13.6681
    endloop
  endfacet
  facet normal -0.237687 0 -0.971342
    outer loop
      vertex -3.03015 -50 -13.6681
      vertex -3.62347 -50 -13.523
      vertex -3.03015 0 -13.6681
    endloop
  endfacet
  facet normal -0.237687 0 -0.971342
    outer loop
      vertex -3.03015 0 -13.6681
      vertex -3.62347 -50 -13.523
      vertex -3.62347 0 -13.523
    endloop
  endfacet
  facet normal -0.279828 0 -0.96005
    outer loop
      vertex -3.62347 -50 -13.523
      vertex -4.20988 -50 -13.352
      vertex -3.62347 0 -13.523
    endloop
  endfacet
  facet normal -0.279828 0 -0.96005
    outer loop
      vertex -3.62347 0 -13.523
      vertex -4.20988 -50 -13.352
      vertex -4.20988 0 -13.352
    endloop
  endfacet
  facet normal -0.321439 0 -0.94693
    outer loop
      vertex -4.20988 -50 -13.352
      vertex -4.78828 -50 -13.1557
      vertex -4.20988 0 -13.352
    endloop
  endfacet
  facet normal -0.321439 0 -0.94693
    outer loop
      vertex -4.20988 0 -13.352
      vertex -4.78828 -50 -13.1557
      vertex -4.78828 0 -13.1557
    endloop
  endfacet
  facet normal -0.362439 0 -0.932008
    outer loop
      vertex -4.78828 -50 -13.1557
      vertex -5.35757 -50 -12.9343
      vertex -4.78828 0 -13.1557
    endloop
  endfacet
  facet normal -0.362439 0 -0.932008
    outer loop
      vertex -4.78828 0 -13.1557
      vertex -5.35757 -50 -12.9343
      vertex -5.35757 0 -12.9343
    endloop
  endfacet
  facet normal -0.402747 0 -0.915312
    outer loop
      vertex -5.35757 -50 -12.9343
      vertex -5.91666 -50 -12.6883
      vertex -5.35757 0 -12.9343
    endloop
  endfacet
  facet normal -0.402747 0 -0.915312
    outer loop
      vertex -5.35757 0 -12.9343
      vertex -5.91666 -50 -12.6883
      vertex -5.91666 0 -12.6883
    endloop
  endfacet
  facet normal -0.442288 0 -0.896873
    outer loop
      vertex -5.91666 -50 -12.6883
      vertex -6.46448 -50 -12.4182
      vertex -5.91666 0 -12.6883
    endloop
  endfacet
  facet normal -0.442288 0 -0.896873
    outer loop
      vertex -5.91666 0 -12.6883
      vertex -6.46448 -50 -12.4182
      vertex -6.46448 0 -12.4182
    endloop
  endfacet
  facet normal -0.480988 0 -0.876727
    outer loop
      vertex -6.46448 -50 -12.4182
      vertex -7 -50 -12.1244
      vertex -6.46448 0 -12.4182
    endloop
  endfacet
  facet normal -0.480988 0 -0.876727
    outer loop
      vertex -6.46448 0 -12.4182
      vertex -7 -50 -12.1244
      vertex -7 0 -12.1244
    endloop
  endfacet
  facet normal -0.518774 0 -0.854911
    outer loop
      vertex -7 -50 -12.1244
      vertex -7.52219 -50 -11.8075
      vertex -7 0 -12.1244
    endloop
  endfacet
  facet normal -0.518774 0 -0.854911
    outer loop
      vertex -7 0 -12.1244
      vertex -7.52219 -50 -11.8075
      vertex -7.52219 0 -11.8075
    endloop
  endfacet
  facet normal -0.55557 0 -0.83147
    outer loop
      vertex -7.52219 -50 -11.8075
      vertex -8.03007 -50 -11.4681
      vertex -7.52219 0 -11.8075
    endloop
  endfacet
  facet normal -0.55557 0 -0.83147
    outer loop
      vertex -7.52219 0 -11.8075
      vertex -8.03007 -50 -11.4681
      vertex -8.03007 0 -11.4681
    endloop
  endfacet
  facet normal -0.591309 0 -0.806445
    outer loop
      vertex -8.03007 -50 -11.4681
      vertex -8.52266 -50 -11.1069
      vertex -8.03007 0 -11.4681
    endloop
  endfacet
  facet normal -0.591309 0 -0.806445
    outer loop
      vertex -8.03007 0 -11.4681
      vertex -8.52266 -50 -11.1069
      vertex -8.52266 0 -11.1069
    endloop
  endfacet
  facet normal -0.625924 0 -0.779884
    outer loop
      vertex -8.52266 -50 -11.1069
      vertex -8.99903 -50 -10.7246
      vertex -8.52266 0 -11.1069
    endloop
  endfacet
  facet normal -0.625924 0 -0.779884
    outer loop
      vertex -8.52266 0 -11.1069
      vertex -8.99903 -50 -10.7246
      vertex -8.99903 0 -10.7246
    endloop
  endfacet
  facet normal -0.659346 0 -0.75184
    outer loop
      vertex -8.99903 -50 -10.7246
      vertex -9.45826 -50 -10.3219
      vertex -8.99903 0 -10.7246
    endloop
  endfacet
  facet normal -0.659346 0 -0.75184
    outer loop
      vertex -8.99903 0 -10.7246
      vertex -9.45826 -50 -10.3219
      vertex -9.45826 0 -10.3219
    endloop
  endfacet
  facet normal -0.691512 0 -0.722365
    outer loop
      vertex -9.45826 -50 -10.3219
      vertex -9.8995 -50 -9.8995
      vertex -9.45826 0 -10.3219
    endloop
  endfacet
  facet normal -0.691512 0 -0.722365
    outer loop
      vertex -9.45826 0 -10.3219
      vertex -9.8995 -50 -9.8995
      vertex -9.8995 0 -9.8995
    endloop
  endfacet
  facet normal -0.722365 0 -0.691512
    outer loop
      vertex -9.8995 -50 -9.8995
      vertex -10.3219 -50 -9.45826
      vertex -9.8995 0 -9.8995
    endloop
  endfacet
  facet normal -0.722365 0 -0.691512
    outer loop
      vertex -9.8995 0 -9.8995
      vertex -10.3219 -50 -9.45826
      vertex -10.3219 0 -9.45826
    endloop
  endfacet
  facet normal -0.75184 0 -0.659346
    outer loop
      vertex -10.3219 -50 -9.45826
      vertex -10.7246 -50 -8.99903
      vertex -10.3219 0 -9.45826
    endloop
  endfacet
  facet normal -0.75184 0 -0.659346
    outer loop
      vertex -10.3219 0 -9.45826
      vertex -10.7246 -50 -8.99903
      vertex -10.7246 0 -8.99903
    endloop
  endfacet
  facet normal -0.779884 0 -0.625924
    outer loop
      vertex -10.7246 -50 -8.99903
      vertex -11.1069 -50 -8.52266
      vertex -10.7246 0 -8.99903
    endloop
  endfacet
  facet normal -0.779884 0 -0.625924
    outer loop
      vertex -10.7246 0 -8.99903
      vertex -11.1069 -50 -8.52266
      vertex -11.1069 0 -8.52266
    endloop
  endfacet
  facet normal -0.806445 0 -0.591309
    outer loop
      vertex -11.1069 -50 -8.52266
      vertex -11.4681 -50 -8.03007
      vertex -11.1069 0 -8.52266
    endloop
  endfacet
  facet normal -0.806445 0 -0.591309
    outer loop
      vertex -11.1069 0 -8.52266
      vertex -11.4681 -50 -8.03007
      vertex -11.4681 0 -8.03007
    endloop
  endfacet
  facet normal -0.83147 0 -0.55557
    outer loop
      vertex -11.4681 -50 -8.03007
      vertex -11.8075 -50 -7.52219
      vertex -11.4681 0 -8.03007
    endloop
  endfacet
  facet normal -0.83147 0 -0.55557
    outer loop
      vertex -11.4681 0 -8.03007
      vertex -11.8075 -50 -7.52219
      vertex -11.8075 0 -7.52219
    endloop
  endfacet
  facet normal -0.854911 0 -0.518774
    outer loop
      vertex -11.8075 -50 -7.52219
      vertex -12.1244 -50 -7
      vertex -11.8075 0 -7.52219
    endloop
  endfacet
  facet normal -0.854911 0 -0.518774
    outer loop
      vertex -11.8075 0 -7.52219
      vertex -12.1244 -50 -7
      vertex -12.1244 0 -7
    endloop
  endfacet
  facet normal -0.876727 0 -0.480988
    outer loop
      vertex -12.1244 -50 -7
      vertex -12.4182 -50 -6.46448
      vertex -12.1244 0 -7
    endloop
  endfacet
  facet normal -0.876727 0 -0.480988
    outer loop
      vertex -12.1244 0 -7
      vertex -12.4182 -50 -6.46448
      vertex -12.4182 0 -6.46448
    endloop
  endfacet
  facet normal -0.896873 0 -0.442288
    outer loop
      vertex -12.4182 -50 -6.46448
      vertex -12.6883 -50 -5.91666
      vertex -12.4182 0 -6.46448
    endloop
  endfacet
  facet normal -0.896873 0 -0.442288
    outer loop
      vertex -12.4182 0 -6.46448
      vertex -12.6883 -50 -5.91666
      vertex -12.6883 0 -5.91666
    endloop
  endfacet
  facet normal -0.915312 0 -0.402747
    outer loop
      vertex -12.6883 -50 -5.91666
      vertex -12.9343 -50 -5.35757
      vertex -12.6883 0 -5.91666
    endloop
  endfacet
  facet normal -0.915312 0 -0.402747
    outer loop
      vertex -12.6883 0 -5.91666
      vertex -12.9343 -50 -5.35757
      vertex -12.9343 0 -5.35757
    endloop
  endfacet
  facet normal -0.932008 0 -0.362439
    outer loop
      vertex -12.9343 -50 -5.35757
      vertex -13.1557 -50 -4.78828
      vertex -12.9343 0 -5.35757
    endloop
  endfacet
  facet normal -0.932008 0 -0.362439
    outer loop
      vertex -12.9343 0 -5.35757
      vertex -13.1557 -50 -4.78828
      vertex -13.1557 0 -4.78828
    endloop
  endfacet
  facet normal -0.94693 0 -0.321439
    outer loop
      vertex -13.1557 -50 -4.78828
      vertex -13.352 -50 -4.20988
      vertex -13.1557 0 -4.78828
    endloop
  endfacet
  facet normal -0.94693 0 -0.321439
    outer loop
      vertex -13.1557 0 -4.78828
      vertex -13.352 -50 -4.20988
      vertex -13.352 0 -4.20988
    endloop
  endfacet
  facet normal -0.96005 0 -0.279828
    outer loop
      vertex -13.352 -50 -4.20988
      vertex -13.523 -50 -3.62347
      vertex -13.352 0 -4.20988
    endloop
  endfacet
  facet normal -0.96005 0 -0.279828
    outer loop
      vertex -13.352 0 -4.20988
      vertex -13.523 -50 -3.62347
      vertex -13.523 0 -3.62347
    endloop
  endfacet
  facet normal -0.971342 0 -0.237687
    outer loop
      vertex -13.523 -50 -3.62347
      vertex -13.6681 -50 -3.03015
      vertex -13.523 0 -3.62347
    endloop
  endfacet
  facet normal -0.971342 0 -0.237687
    outer loop
      vertex -13.523 0 -3.62347
      vertex -13.6681 -50 -3.03015
      vertex -13.6681 0 -3.03015
    endloop
  endfacet
  facet normal -0.980785 0 -0.195091
    outer loop
      vertex -13.6681 -50 -3.03015
      vertex -13.7873 -50 -2.43107
      vertex -13.6681 0 -3.03015
    endloop
  endfacet
  facet normal -0.980785 0 -0.195091
    outer loop
      vertex -13.6681 0 -3.03015
      vertex -13.7873 -50 -2.43107
      vertex -13.7873 0 -2.43107
    endloop
  endfacet
  facet normal -0.988362 0 -0.152123
    outer loop
      vertex -13.7873 -50 -2.43107
      vertex -13.8802 -50 -1.82737
      vertex -13.7873 0 -2.43107
    endloop
  endfacet
  facet normal -0.988362 0 -0.152123
    outer loop
      vertex -13.7873 0 -2.43107
      vertex -13.8802 -50 -1.82737
      vertex -13.8802 0 -1.82737
    endloop
  endfacet
  facet normal -0.994056 0 -0.108868
    outer loop
      vertex -13.8802 -50 -1.82737
      vertex -13.9467 -50 -1.22018
      vertex -13.8802 0 -1.82737
    endloop
  endfacet
  facet normal -0.994056 0 -0.108868
    outer loop
      vertex -13.8802 0 -1.82737
      vertex -13.9467 -50 -1.22018
      vertex -13.9467 0 -1.22018
    endloop
  endfacet
  facet normal -0.997859 0 -0.0654027
    outer loop
      vertex -13.9467 -50 -1.22018
      vertex -13.9867 -50 -0.610671
      vertex -13.9467 0 -1.22018
    endloop
  endfacet
  facet normal -0.997859 0 -0.0654027
    outer loop
      vertex -13.9467 0 -1.22018
      vertex -13.9867 -50 -0.610671
      vertex -13.9867 0 -0.610671
    endloop
  endfacet
  facet normal -0.999762 0 -0.0218156
    outer loop
      vertex -13.9867 -50 -0.610671
      vertex -14 -50 -2.57176e-15
      vertex -13.9867 0 -0.610671
    endloop
  endfacet
  facet normal -0.999762 0 -0.0218156
    outer loop
      vertex -13.9867 0 -0.610671
      vertex -14 -50 -2.57176e-15
      vertex -14 0 -2.57176e-15
    endloop
  endfacet
  facet normal -0.999762 0 0.0218156
    outer loop
      vertex -14 -50 -2.57176e-15
      vertex -13.9867 -50 0.610671
      vertex -14 0 -2.57176e-15
    endloop
  endfacet
  facet normal -0.999762 0 0.0218156
    outer loop
      vertex -14 0 -2.57176e-15
      vertex -13.9867 -50 0.610671
      vertex -13.9867 0 0.610671
    endloop
  endfacet
  facet normal -0.997859 0 0.0654027
    outer loop
      vertex -13.9867 -50 0.610671
      vertex -13.9467 -50 1.22018
      vertex -13.9867 0 0.610671
    endloop
  endfacet
  facet normal -0.997859 0 0.0654027
    outer loop
      vertex -13.9867 0 0.610671
      vertex -13.9467 -50 1.22018
      vertex -13.9467 0 1.22018
    endloop
  endfacet
  facet normal -0.994056 0 0.108868
    outer loop
      vertex -13.9467 -50 1.22018
      vertex -13.8802 -50 1.82737
      vertex -13.9467 0 1.22018
    endloop
  endfacet
  facet normal -0.994056 0 0.108868
    outer loop
      vertex -13.9467 0 1.22018
      vertex -13.8802 -50 1.82737
      vertex -13.8802 0 1.82737
    endloop
  endfacet
  facet normal -0.988362 0 0.152123
    outer loop
      vertex -13.8802 -50 1.82737
      vertex -13.7873 -50 2.43107
      vertex -13.8802 0 1.82737
    endloop
  endfacet
  facet normal -0.988362 0 0.152123
    outer loop
      vertex -13.8802 0 1.82737
      vertex -13.7873 -50 2.43107
      vertex -13.7873 0 2.43107
    endloop
  endfacet
  facet normal -0.980785 0 0.195091
    outer loop
      vertex -13.7873 -50 2.43107
      vertex -13.6681 -50 3.03015
      vertex -13.7873 0 2.43107
    endloop
  endfacet
  facet normal -0.980785 0 0.195091
    outer loop
      vertex -13.7873 0 2.43107
      vertex -13.6681 -50 3.03015
      vertex -13.6681 0 3.03015
    endloop
  endfacet
  facet normal -0.971342 0 0.237687
    outer loop
      vertex -13.6681 -50 3.03015
      vertex -13.523 -50 3.62347
      vertex -13.6681 0 3.03015
    endloop
  endfacet
  facet normal -0.971342 0 0.237687
    outer loop
      vertex -13.6681 0 3.03015
      vertex -13.523 -50 3.62347
      vertex -13.523 0 3.62347
    endloop
  endfacet
  facet normal -0.96005 0 0.279828
    outer loop
      vertex -13.523 -50 3.62347
      vertex -13.352 -50 4.20988
      vertex -13.523 0 3.62347
    endloop
  endfacet
  facet normal -0.96005 0 0.279828
    outer loop
      vertex -13.523 0 3.62347
      vertex -13.352 -50 4.20988
      vertex -13.352 0 4.20988
    endloop
  endfacet
  facet normal -0.94693 0 0.321439
    outer loop
      vertex -13.352 -50 4.20988
      vertex -13.1557 -50 4.78828
      vertex -13.352 0 4.20988
    endloop
  endfacet
  facet normal -0.94693 0 0.321439
    outer loop
      vertex -13.352 0 4.20988
      vertex -13.1557 -50 4.78828
      vertex -13.1557 0 4.78828
    endloop
  endfacet
  facet normal -0.932008 0 0.362439
    outer loop
      vertex -13.1557 -50 4.78828
      vertex -12.9343 -50 5.35757
      vertex -13.1557 0 4.78828
    endloop
  endfacet
  facet normal -0.932008 0 0.362439
    outer loop
      vertex -13.1557 0 4.78828
      vertex -12.9343 -50 5.35757
      vertex -12.9343 0 5.35757
    endloop
  endfacet
  facet normal -0.915312 0 0.402747
    outer loop
      vertex -12.9343 -50 5.35757
      vertex -12.6883 -50 5.91666
      vertex -12.9343 0 5.35757
    endloop
  endfacet
  facet normal -0.915312 0 0.402747
    outer loop
      vertex -12.9343 0 5.35757
      vertex -12.6883 -50 5.91666
      vertex -12.6883 0 5.91666
    endloop
  endfacet
  facet normal -0.896873 0 0.442288
    outer loop
      vertex -12.6883 -50 5.91666
      vertex -12.4182 -50 6.46448
      vertex -12.6883 0 5.91666
    endloop
  endfacet
  facet normal -0.896873 0 0.442288
    outer loop
      vertex -12.6883 0 5.91666
      vertex -12.4182 -50 6.46448
      vertex -12.4182 0 6.46448
    endloop
  endfacet
  facet normal -0.876727 0 0.480988
    outer loop
      vertex -12.4182 -50 6.46448
      vertex -12.1244 -50 7
      vertex -12.4182 0 6.46448
    endloop
  endfacet
  facet normal -0.876727 0 0.480988
    outer loop
      vertex -12.4182 0 6.46448
      vertex -12.1244 -50 7
      vertex -12.1244 0 7
    endloop
  endfacet
  facet normal -0.854911 0 0.518774
    outer loop
      vertex -12.1244 -50 7
      vertex -11.8075 -50 7.52219
      vertex -12.1244 0 7
    endloop
  endfacet
  facet normal -0.854911 0 0.518774
    outer loop
      vertex -12.1244 0 7
      vertex -11.8075 -50 7.52219
      vertex -11.8075 0 7.52219
    endloop
  endfacet
  facet normal -0.83147 0 0.55557
    outer loop
      vertex -11.8075 -50 7.52219
      vertex -11.4681 -50 8.03007
      vertex -11.8075 0 7.52219
    endloop
  endfacet
  facet normal -0.83147 0 0.55557
    outer loop
      vertex -11.8075 0 7.52219
      vertex -11.4681 -50 8.03007
      vertex -11.4681 0 8.03007
    endloop
  endfacet
  facet normal -0.806445 0 0.591309
    outer loop
      vertex -11.4681 -50 8.03007
      vertex -11.1069 -50 8.52266
      vertex -11.4681 0 8.03007
    endloop
  endfacet
  facet normal -0.806445 0 0.591309
    outer loop
      vertex -11.4681 0 8.03007
      vertex -11.1069 -50 8.52266
      vertex -11.1069 0 8.52266
    endloop
  endfacet
  facet normal -0.779884 0 0.625924
    outer loop
      vertex -11.1069 -50 8.52266
      vertex -10.7246 -50 8.99903
      vertex -11.1069 0 8.52266
    endloop
  endfacet
  facet normal -0.779884 0 0.625924
    outer loop
      vertex -11.1069 0 8.52266
      vertex -10.7246 -50 8.99903
      vertex -10.7246 0 8.99903
    endloop
  endfacet
  facet normal -0.75184 0 0.659346
    outer loop
      vertex -10.7246 -50 8.99903
      vertex -10.3219 -50 9.45826
      vertex -10.7246 0 8.99903
    endloop
  endfacet
  facet normal -0.75184 0 0.659346
    outer loop
      vertex -10.7246 0 8.99903
      vertex -10.3219 -50 9.45826
      vertex -10.3219 0 9.45826
    endloop
  endfacet
  facet normal -0.722365 0 0.691512
    outer loop
      vertex -10.3219 -50 9.45826
      vertex -9.8995 -50 9.8995
      vertex -10.3219 0 9.45826
    endloop
  endfacet
  facet normal -0.722365 0 0.691512
    outer loop
      vertex -10.3219 0 9.45826
      vertex -9.8995 -50 9.8995
      vertex -9.8995 0 9.8995
    endloop
  endfacet
  facet normal -0.691512 0 0.722365
    outer loop
      vertex -9.8995 -50 9.8995
      vertex -9.45826 -50 10.3219
      vertex -9.8995 0 9.8995
    endloop
  endfacet
  facet normal -0.691512 0 0.722365
    outer loop
      vertex -9.8995 0 9.8995
      vertex -9.45826 -50 10.3219
      vertex -9.45826 0 10.3219
    endloop
  endfacet
  facet normal -0.659346 0 0.75184
    outer loop
      vertex -9.45826 -50 10.3219
      vertex -8.99903 -50 10.7246
      vertex -9.45826 0 10.3219
    endloop
  endfacet
  facet normal -0.659346 0 0.75184
    outer loop
      vertex -9.45826 0 10.3219
      vertex -8.99903 -50 10.7246
      vertex -8.99903 0 10.7246
    endloop
  endfacet
  facet normal -0.625924 0 0.779884
    outer loop
      vertex -8.99903 -50 10.7246
      vertex -8.52266 -50 11.1069
      vertex -8.99903 0 10.7246
    endloop
  endfacet
  facet normal -0.625924 0 0.779884
    outer loop
      vertex -8.99903 0 10.7246
      vertex -8.52266 -50 11.1069
      vertex -8.52266 0 11.1069
    endloop
  endfacet
  facet normal -0.591309 0 0.806445
    outer loop
      vertex -8.52266 -50 11.1069
      vertex -8.03007 -50 11.4681
      vertex -8.52266 0 11.1069
    endloop
  endfacet
  facet normal -0.591309 0 0.806445
    outer loop
      vertex -8.52266 0 11.1069
      vertex -8.03007 -50 11.4681
      vertex -8.03007 0 11.4681
    endloop
  endfacet
  facet normal -0.55557 0 0.83147
    outer loop
      vertex -8.03007 -50 11.4681
      vertex -7.52219 -50 11.8075
      vertex -8.03007 0 11.4681
    endloop
  endfacet
  facet normal -0.55557 0 0.83147
    outer loop
      vertex -8.03007 0 11.4681
      vertex -7.52219 -50 11.8075
      vertex -7.52219 0 11.8075
    endloop
  endfacet
  facet normal -0.518774 0 0.854911
    outer loop
      vertex -7.52219 -50 11.8075
      vertex -7 -50 12.1244
      vertex -7.52219 0 11.8075
    endloop
  endfacet
  facet normal -0.518774 0 0.854911
    outer loop
      vertex -7.52219 0 11.8075
      vertex -7 -50 12.1244
      vertex -7 0 12.1244
    endloop
  endfacet
  facet normal -0.480988 0 0.876727
    outer loop
      vertex -7 -50 12.1244
      vertex -6.46448 -50 12.4182
      vertex -7 0 12.1244
    endloop
  endfacet
  facet normal -0.480988 0 0.876727
    outer loop
      vertex -7 0 12.1244
      vertex -6.46448 -50 12.4182
      vertex -6.46448 0 12.4182
    endloop
  endfacet
  facet normal -0.442288 0 0.896873
    outer loop
      vertex -6.46448 -50 12.4182
      vertex -5.91666 -50 12.6883
      vertex -6.46448 0 12.4182
    endloop
  endfacet
  facet normal -0.442288 0 0.896873
    outer loop
      vertex -6.46448 0 12.4182
      vertex -5.91666 -50 12.6883
      vertex -5.91666 0 12.6883
    endloop
  endfacet
  facet normal -0.402747 0 0.915312
    outer loop
      vertex -5.91666 -50 12.6883
      vertex -5.35757 -50 12.9343
      vertex -5.91666 0 12.6883
    endloop
  endfacet
  facet normal -0.402747 0 0.915312
    outer loop
      vertex -5.91666 0 12.6883
      vertex -5.35757 -50 12.9343
      vertex -5.35757 0 12.9343
    endloop
  endfacet
  facet normal -0.362439 0 0.932008
    outer loop
      vertex -5.35757 -50 12.9343
      vertex -4.78828 -50 13.1557
      vertex -5.35757 0 12.9343
    endloop
  endfacet
  facet normal -0.362439 0 0.932008
    outer loop
      vertex -5.35757 0 12.9343
      vertex -4.78828 -50 13.1557
      vertex -4.78828 0 13.1557
    endloop
  endfacet
  facet normal -0.321439 0 0.94693
    outer loop
      vertex -4.78828 -50 13.1557
      vertex -4.20988 -50 13.352
      vertex -4.78828 0 13.1557
    endloop
  endfacet
  facet normal -0.321439 0 0.94693
    outer loop
      vertex -4.78828 0 13.1557
      vertex -4.20988 -50 13.352
      vertex -4.20988 0 13.352
    endloop
  endfacet
  facet normal -0.279828 0 0.96005
    outer loop
      vertex -4.20988 -50 13.352
      vertex -3.62347 -50 13.523
      vertex -4.20988 0 13.352
    endloop
  endfacet
  facet normal -0.279828 0 0.96005
    outer loop
      vertex -4.20988 0 13.352
      vertex -3.62347 -50 13.523
      vertex -3.62347 0 13.523
    endloop
  endfacet
  facet normal -0.237687 0 0.971342
    outer loop
      vertex -3.62347 -50 13.523
      vertex -3.03015 -50 13.6681
      vertex -3.62347 0 13.523
    endloop
  endfacet
  facet normal -0.237687 0 0.971342
    outer loop
      vertex -3.62347 0 13.523
      vertex -3.03015 -50 13.6681
      vertex -3.03015 0 13.6681
    endloop
  endfacet
  facet normal -0.195091 0 0.980785
    outer loop
      vertex -3.03015 -50 13.6681
      vertex -2.43107 -50 13.7873
      vertex -3.03015 0 13.6681
    endloop
  endfacet
  facet normal -0.195091 0 0.980785
    outer loop
      vertex -3.03015 0 13.6681
      vertex -2.43107 -50 13.7873
      vertex -2.43107 0 13.7873
    endloop
  endfacet
  facet normal -0.152123 0 0.988362
    outer loop
      vertex -2.43107 -50 13.7873
      vertex -1.82737 -50 13.8802
      vertex -2.43107 0 13.7873
    endloop
  endfacet
  facet normal -0.152123 0 0.988362
    outer loop
      vertex -2.43107 0 13.7873
      vertex -1.82737 -50 13.8802
      vertex -1.82737 0 13.8802
    endloop
  endfacet
  facet normal -0.108868 0 0.994056
    outer loop
      vertex -1.82737 -50 13.8802
      vertex -1.22018 -50 13.9467
      vertex -1.82737 0 13.8802
    endloop
  endfacet
  facet normal -0.108868 0 0.994056
    outer loop
      vertex -1.82737 0 13.8802
      vertex -1.22018 -50 13.9467
      vertex -1.22018 0 13.9467
    endloop
  endfacet
  facet normal -0.0654027 0 0.997859
    outer loop
      vertex -1.22018 -50 13.9467
      vertex -0.610671 -50 13.9867
      vertex -1.22018 0 13.9467
    endloop
  endfacet
  facet normal -0.0654027 0 0.997859
    outer loop
      vertex -1.22018 0 13.9467
      vertex -0.610671 -50 13.9867
      vertex -0.610671 0 13.9867
    endloop
  endfacet
  facet normal -0.0218156 0 0.999762
    outer loop
      vertex -0.610671 -50 13.9867
      vertex -3.42901e-15 -50 14
      vertex -0.610671 0 13.9867
    endloop
  endfacet
  facet normal -0.0218156 1.51673e-18 0.999762
    outer loop
      vertex -0.610671 0 13.9867
      vertex -3.42901e-15 -50 14
      vertex 0 0 14
    endloop
  endfacet
  facet normal 0.0218156 -1.49612e-18 0.999762
    outer loop
      vertex -3.42901e-15 -50 14
      vertex 0.610671 -50 13.9867
      vertex 0 0 14
    endloop
  endfacet
  facet normal 0 0 1
    outer loop
      vertex -13.5185 52.7 -6.5
      vertex -10.6771 52.7 -6.5
      vertex -13.5185 69 -6.5
    endloop
  endfacet
  facet normal 0 0 1
    outer loop
      vertex -10.6771 52.7 -6.5
      vertex -10.6771 69 -6.5
      vertex -13.5185 69 -6.5
    endloop
  endfacet
  facet normal 0 -1 0
    outer loop
      vertex 0.501623 -50 11.4891
      vertex 0.610671 -50 13.9867
      vertex 0 -50 11.5
    endloop
  endfacet
  facet normal 0 -1 0
    outer loop
      vertex 0.610671 -50 13.9867
      vertex -3.42901e-15 -50 14
      vertex 0 -50 11.5
    endloop
  endfacet
  facet normal 0 -1 0
    outer loop
      vertex 0 -50 11.5
      vertex -3.42901e-15 -50 14
      vertex -0.501623 -50 11.4891
    endloop
  endfacet
  facet normal 0 -1 0
    outer loop
      vertex -3.42901e-15 -50 14
      vertex -0.610671 -50 13.9867
      vertex -0.501623 -50 11.4891
    endloop
  endfacet
  facet normal 0 -1 0
    outer loop
      vertex -0.501623 -50 11.4891
      vertex -0.610671 -50 13.9867
      vertex -1.00229 -50 11.4562
    endloop
  endfacet
  facet normal 0 -1 0
    outer loop
      vertex -0.610671 -50 13.9867
      vertex -1.22018 -50 13.9467
      vertex -1.00229 -50 11.4562
    endloop
  endfacet
  facet normal 0 -1 0
    outer loop
      vertex -1.00229 -50 11.4562
      vertex -1.22018 -50 13.9467
      vertex -1.50105 -50 11.4016
    endloop
  endfacet
  facet normal 0 -1 0
    outer loop
      vertex -1.22018 -50 13.9467
      vertex -1.82737 -50 13.8802
      vertex -1.50105 -50 11.4016
    endloop
  endfacet
  facet normal 0 -1 0
    outer loop
      vertex -1.50105 -50 11.4016
      vertex -1.82737 -50 13.8802
      vertex -1.99695 -50 11.3253
    endloop
  endfacet
  facet normal 0 -1 0
    outer loop
      vertex -1.82737 -50 13.8802
      vertex -2.43107 -50 13.7873
      vertex -1.99695 -50 11.3253
    endloop
  endfacet
  facet normal 0 -1 0
    outer loop
      vertex -1.99695 -50 11.3253
      vertex -2.43107 -50 13.7873
      vertex -2.48906 -50 11.2274
    endloop
  endfacet
  facet normal 0 -1 0
    outer loop
      vertex -2.43107 -50 13.7873
      vertex -3.03015 -50 13.6681
      vertex -2.48906 -50 11.2274
    endloop
  endfacet
  facet normal 0 -1 0
    outer loop
      vertex -2.48906 -50 11.2274
      vertex -3.03015 -50 13.6681
      vertex -2.97642 -50 11.1081
    endloop
  endfacet
  facet normal 0 -1 0
    outer loop
      vertex -3.03015 -50 13.6681
      vertex -3.62347 -50 13.523
      vertex -2.97642 -50 11.1081
    endloop
  endfacet
  facet normal 0 -1 0
    outer loop
      vertex -2.97642 -50 11.1081
      vertex -3.62347 -50 13.523
      vertex -3.45812 -50 10.9677
    endloop
  endfacet
  facet normal 0 -1 0
    outer loop
      vertex -3.62347 -50 13.523
      vertex -4.20988 -50 13.352
      vertex -3.45812 -50 10.9677
    endloop
  endfacet
  facet normal 0 -1 0
    outer loop
      vertex -3.45812 -50 10.9677
      vertex -4.20988 -50 13.352
      vertex -3.93323 -50 10.8065
    endloop
  endfacet
  facet normal 0 -1 0
    outer loop
      vertex -4.20988 -50 13.352
      vertex -4.78828 -50 13.1557
      vertex -3.93323 -50 10.8065
    endloop
  endfacet
  facet normal 0 -1 0
    outer loop
      vertex -3.93323 -50 10.8065
      vertex -4.78828 -50 13.1557
      vertex -4.40086 -50 10.6246
    endloop
  endfacet
  facet normal 0 -1 0
    outer loop
      vertex -4.78828 -50 13.1557
      vertex -5.35757 -50 12.9343
      vertex -4.40086 -50 10.6246
    endloop
  endfacet
  facet normal 0 -1 0
    outer loop
      vertex -4.40086 -50 10.6246
      vertex -5.35757 -50 12.9343
      vertex -4.86011 -50 10.4225
    endloop
  endfacet
  facet normal 0 -1 0
    outer loop
      vertex -5.35757 -50 12.9343
      vertex -5.91666 -50 12.6883
      vertex -4.86011 -50 10.4225
    endloop
  endfacet
  facet normal 0 -1 0
    outer loop
      vertex -4.86011 -50 10.4225
      vertex -5.91666 -50 12.6883
      vertex -5.31011 -50 10.2006
    endloop
  endfacet
  facet normal 0 -1 0
    outer loop
      vertex -5.91666 -50 12.6883
      vertex -6.46448 -50 12.4182
      vertex -5.31011 -50 10.2006
    endloop
  endfacet
  facet normal 0 -1 0
    outer loop
      vertex -5.31011 -50 10.2006
      vertex -6.46448 -50 12.4182
      vertex -5.75 -50 9.95929
    endloop
  endfacet
  facet normal 0 -1 0
    outer loop
      vertex -6.46448 -50 12.4182
      vertex -7 -50 12.1244
      vertex -5.75 -50 9.95929
    endloop
  endfacet
  facet normal 0 -1 0
    outer loop
      vertex -5.75 -50 9.95929
      vertex -7 -50 12.1244
      vertex -6.17895 -50 9.699
    endloop
  endfacet
  facet normal 0 -1 0
    outer loop
      vertex -7 -50 12.1244
      vertex -7.52219 -50 11.8075
      vertex -6.17895 -50 9.699
    endloop
  endfacet
  facet normal 0 -1 0
    outer loop
      vertex -6.17895 -50 9.699
      vertex -7.52219 -50 11.8075
      vertex -6.59613 -50 9.42025
    endloop
  endfacet
  facet normal 0 -1 0
    outer loop
      vertex -7.52219 -50 11.8075
      vertex -8.03007 -50 11.4681
      vertex -6.59613 -50 9.42025
    endloop
  endfacet
  facet normal 0 -1 0
    outer loop
      vertex -6.59613 -50 9.42025
      vertex -8.03007 -50 11.4681
      vertex -7.00076 -50 9.12356
    endloop
  endfacet
  facet normal 0 -1 0
    outer loop
      vertex -8.03007 -50 11.4681
      vertex -8.52266 -50 11.1069
      vertex -7.00076 -50 9.12356
    endloop
  endfacet
  facet normal 0 -1 0
    outer loop
      vertex -7.00076 -50 9.12356
      vertex -8.52266 -50 11.1069
      vertex -7.39206 -50 8.80951
    endloop
  endfacet
  facet normal 0 -1 0
    outer loop
      vertex -8.52266 -50 11.1069
      vertex -8.99903 -50 10.7246
      vertex -7.39206 -50 8.80951
    endloop
  endfacet
  facet normal 0 -1 0
    outer loop
      vertex -7.39206 -50 8.80951
      vertex -8.99903 -50 10.7246
      vertex -7.76929 -50 8.47869
    endloop
  endfacet
  facet normal 0 -1 0
    outer loop
      vertex -8.99903 -50 10.7246
      vertex -9.45826 -50 10.3219
      vertex -7.76929 -50 8.47869
    endloop
  endfacet
  facet normal 0 -1 0
    outer loop
      vertex -7.76929 -50 8.47869
      vertex -9.45826 -50 10.3219
      vertex -8.13173 -50 8.13173
    endloop
  endfacet
  facet normal 0 -1 0
    outer loop
      vertex -9.45826 -50 10.3219
      vertex -9.8995 -50 9.8995
      vertex -8.13173 -50 8.13173
    endloop
  endfacet
  facet normal 0 -1 0
    outer loop
      vertex -8.13173 -50 8.13173
      vertex -9.8995 -50 9.8995
      vertex -8.47869 -50 7.76929
    endloop
  endfacet
  facet normal 0 -1 0
    outer loop
      vertex -9.8995 -50 9.8995
      vertex -10.3219 -50 9.45826
      vertex -8.47869 -50 7.76929
    endloop
  endfacet
  facet normal 0 -1 0
    outer loop
      vertex -8.47869 -50 7.76929
      vertex -10.3219 -50 9.45826
      vertex -8.80951 -50 7.39206
    endloop
  endfacet
  facet normal 0 -1 0
    outer loop
      vertex -10.3219 -50 9.45826
      vertex -10.7246 -50 8.99903
      vertex -8.80951 -50 7.39206
    endloop
  endfacet
  facet normal 0 -1 0
    outer loop
      vertex -8.80951 -50 7.39206
      vertex -10.7246 -50 8.99903
      vertex -9.12356 -50 7.00076
    endloop
  endfacet
  facet normal 0 -1 0
    outer loop
      vertex -10.7246 -50 8.99903
      vertex -11.1069 -50 8.52266
      vertex -9.12356 -50 7.00076
    endloop
  endfacet
  facet normal 0 -1 0
    outer loop
      vertex -9.12356 -50 7.00076
      vertex -11.1069 -50 8.52266
      vertex -9.42025 -50 6.59613
    endloop
  endfacet
  facet normal 0 -1 0
    outer loop
      vertex -11.1069 -50 8.52266
      vertex -11.4681 -50 8.03007
      vertex -9.42025 -50 6.59613
    endloop
  endfacet
  facet normal 0 -1 0
    outer loop
      vertex -9.42025 -50 6.59613
      vertex -11.4681 -50 8.03007
      vertex -9.699 -50 6.17895
    endloop
  endfacet
  facet normal 0 -1 0
    outer loop
      vertex -11.4681 -50 8.03007
      vertex -11.8075 -50 7.52219
      vertex -9.699 -50 6.17895
    endloop
  endfacet
  facet normal 0 -1 0
    outer loop
      vertex -9.699 -50 6.17895
      vertex -11.8075 -50 7.52219
      vertex -9.95929 -50 5.75
    endloop
  endfacet
  facet normal 0 -1 0
    outer loop
      vertex -11.8075 -50 7.52219
      vertex -12.1244 -50 7
      vertex -9.95929 -50 5.75
    endloop
  endfacet
  facet normal 0 -1 0
    outer loop
      vertex -9.95929 -50 5.75
      vertex -12.1244 -50 7
      vertex -10.2006 -50 5.31011
    endloop
  endfacet
  facet normal 0 -1 0
    outer loop
      vertex -12.1244 -50 7
      vertex -12.4182 -50 6.46448
      vertex -10.2006 -50 5.31011
    endloop
  endfacet
  facet normal 0 -1 0
    outer loop
      vertex -10.2006 -50 5.31011
      vertex -12.4182 -50 6.46448
      vertex -10.4225 -50 4.86011
    endloop
  endfacet
  facet normal 0 -1 0
    outer loop
      vertex -12.4182 -50 6.46448
      vertex -12.6883 -50 5.91666
      vertex -10.4225 -50 4.86011
    endloop
  endfacet
  facet normal 0 -1 0
    outer loop
      vertex -10.4225 -50 4.86011
      vertex -12.6883 -50 5.91666
      vertex -10.6246 -50 4.40086
    endloop
  endfacet
  facet normal 0 -1 0
    outer loop
      vertex -12.6883 -50 5.91666
      vertex -12.9343 -50 5.35757
      vertex -10.6246 -50 4.40086
    endloop
  endfacet
  facet normal 0 -1 0
    outer loop
      vertex -10.6246 -50 4.40086
      vertex -12.9343 -50 5.35757
      vertex -10.8065 -50 3.93323
    endloop
  endfacet
  facet normal 0 -1 0
    outer loop
      vertex -12.9343 -50 5.35757
      vertex -13.1557 -50 4.78828
      vertex -10.8065 -50 3.93323
    endloop
  endfacet
  facet normal 0 -1 0
    outer loop
      vertex -10.8065 -50 3.93323
      vertex -13.1557 -50 4.78828
      vertex -10.9677 -50 3.45812
    endloop
  endfacet
  facet normal 0 -1 0
    outer loop
      vertex -13.1557 -50 4.78828
      vertex -13.352 -50 4.20988
      vertex -10.9677 -50 3.45812
    endloop
  endfacet
  facet normal 0 -1 0
    outer loop
      vertex -10.9677 -50 3.45812
      vertex -13.352 -50 4.20988
      vertex -11.1081 -50 2.97642
    endloop
  endfacet
  facet normal 0 -1 0
    outer loop
      vertex -13.352 -50 4.20988
      vertex -13.523 -50 3.62347
      vertex -11.1081 -50 2.97642
    endloop
  endfacet
  facet normal 0 -1 0
    outer loop
      vertex -11.1081 -50 2.97642
      vertex -13.523 -50 3.62347
      vertex -11.2274 -50 2.48906
    endloop
  endfacet
  facet normal 0 -1 0
    outer loop
      vertex -13.523 -50 3.62347
      vertex -13.6681 -50 3.03015
      vertex -11.2274 -50 2.48906
    endloop
  endfacet
  facet normal 0 -1 0
    outer loop
      vertex -11.2274 -50 2.48906
      vertex -13.6681 -50 3.03015
      vertex -11.3253 -50 1.99695
    endloop
  endfacet
  facet normal 0 -1 0
    outer loop
      vertex -13.6681 -50 3.03015
      vertex -13.7873 -50 2.43107
      vertex -11.3253 -50 1.99695
    endloop
  endfacet
  facet normal 0 -1 0
    outer loop
      vertex -11.3253 -50 1.99695
      vertex -13.7873 -50 2.43107
      vertex -11.4016 -50 1.50105
    endloop
  endfacet
  facet normal 0 -1 0
    outer loop
      vertex -13.7873 -50 2.43107
      vertex -13.8802 -50 1.82737
      vertex -11.4016 -50 1.50105
    endloop
  endfacet
  facet normal 0 -1 0
    outer loop
      vertex -11.4016 -50 1.50105
      vertex -13.8802 -50 1.82737
      vertex -11.4562 -50 1.00229
    endloop
  endfacet
  facet normal 0 -1 0
    outer loop
      vertex -13.8802 -50 1.82737
      vertex -13.9467 -50 1.22018
      vertex -11.4562 -50 1.00229
    endloop
  endfacet
  facet normal 0 -1 0
    outer loop
      vertex -11.4562 -50 1.00229
      vertex -13.9467 -50 1.22018
      vertex -11.4891 -50 0.501623
    endloop
  endfacet
  facet normal 0 -1 0
    outer loop
      vertex -13.9467 -50 1.22018
      vertex -13.9867 -50 0.610671
      vertex -11.4891 -50 0.501623
    endloop
  endfacet
  facet normal 0 -1 0
    outer loop
      vertex -11.4891 -50 0.501623
      vertex -13.9867 -50 0.610671
      vertex -11.5 -50 -2.11252e-15
    endloop
  endfacet
  facet normal 0 -1 0
    outer loop
      vertex -13.9867 -50 0.610671
      vertex -14 -50 -2.57176e-15
      vertex -11.5 -50 -2.11252e-15
    endloop
  endfacet
  facet normal 0 -1 0
    outer loop
      vertex -11.5 -50 -2.11252e-15
      vertex -14 -50 -2.57176e-15
      vertex -11.4891 -50 -0.501623
    endloop
  endfacet
  facet normal 0 -1 0
    outer loop
      vertex -14 -50 -2.57176e-15
      vertex -13.9867 -50 -0.610671
      vertex -11.4891 -50 -0.501623
    endloop
  endfacet
  facet normal 0 -1 0
    outer loop
      vertex -11.4891 -50 -0.501623
      vertex -13.9867 -50 -0.610671
      vertex -11.4562 -50 -1.00229
    endloop
  endfacet
  facet normal 0 -1 0
    outer loop
      vertex -13.9867 -50 -0.610671
      vertex -13.9467 -50 -1.22018
      vertex -11.4562 -50 -1.00229
    endloop
  endfacet
  facet normal 0 -1 0
    outer loop
      vertex -11.4562 -50 -1.00229
      vertex -13.9467 -50 -1.22018
      vertex -11.4016 -50 -1.50105
    endloop
  endfacet
  facet normal 0 -1 0
    outer loop
      vertex -13.9467 -50 -1.22018
      vertex -13.8802 -50 -1.82737
      vertex -11.4016 -50 -1.50105
    endloop
  endfacet
  facet normal 0 -1 0
    outer loop
      vertex -11.4016 -50 -1.50105
      vertex -13.8802 -50 -1.82737
      vertex -11.3253 -50 -1.99695
    endloop
  endfacet
  facet normal 0 -1 0
    outer loop
      vertex -13.8802 -50 -1.82737
      vertex -13.7873 -50 -2.43107
      vertex -11.3253 -50 -1.99695
    endloop
  endfacet
  facet normal 0 -1 0
    outer loop
      vertex -11.3253 -50 -1.99695
      vertex -13.7873 -50 -2.43107
      vertex -11.2274 -50 -2.48906
    endloop
  endfacet
  facet normal 0 -1 0
    outer loop
      vertex -13.7873 -50 -2.43107
      vertex -13.6681 -50 -3.03015
      vertex -11.2274 -50 -2.48906
    endloop
  endfacet
  facet normal 0 -1 0
    outer loop
      vertex -11.2274 -50 -2.48906
      vertex -13.6681 -50 -3.03015
      vertex -11.1081 -50 -2.97642
    endloop
  endfacet
  facet normal 0 -1 0
    outer loop
      vertex -13.6681 -50 -3.03015
      vertex -13.523 -50 -3.62347
      vertex -11.1081 -50 -2.97642
    endloop
  endfacet
  facet normal 0 -1 0
    outer loop
      vertex -11.1081 -50 -2.97642
      vertex -13.523 -50 -3.62347
      vertex -10.9677 -50 -3.45812
    endloop
  endfacet
  facet normal 0 -1 0
    outer loop
      vertex -13.523 -50 -3.62347
      vertex -13.352 -50 -4.20988
      vertex -10.9677 -50 -3.45812
    endloop
  endfacet
  facet normal 0 -1 0
    outer loop
      vertex -10.9677 -50 -3.45812
      vertex -13.352 -50 -4.20988
      vertex -10.8065 -50 -3.93323
    endloop
  endfacet
  facet normal 0 -1 0
    outer loop
      vertex -13.352 -50 -4.20988
      vertex -13.1557 -50 -4.78828
      vertex -10.8065 -50 -3.93323
    endloop
  endfacet
  facet normal 0 -1 0
    outer loop
      vertex -10.8065 -50 -3.93323
      vertex -13.1557 -50 -4.78828
      vertex -10.6246 -50 -4.40086
    endloop
  endfacet
  facet normal 0 -1 0
    outer loop
      vertex -13.1557 -50 -4.78828
      vertex -12.9343 -50 -5.35757
      vertex -10.6246 -50 -4.40086
    endloop
  endfacet
  facet normal 0 -1 0
    outer loop
      vertex -10.6246 -50 -4.40086
      vertex -12.9343 -50 -5.35757
      vertex -10.4225 -50 -4.86011
    endloop
  endfacet
  facet normal 0 -1 0
    outer loop
      vertex -12.9343 -50 -5.35757
      vertex -12.6883 -50 -5.91666
      vertex -10.4225 -50 -4.86011
    endloop
  endfacet
  facet normal 0 -1 0
    outer loop
      vertex -10.4225 -50 -4.86011
      vertex -12.6883 -50 -5.91666
      vertex -10.2006 -50 -5.31011
    endloop
  endfacet
  facet normal 0 -1 0
    outer loop
      vertex -12.6883 -50 -5.91666
      vertex -12.4182 -50 -6.46448
      vertex -10.2006 -50 -5.31011
    endloop
  endfacet
  facet normal 0 -1 0
    outer loop
      vertex -10.2006 -50 -5.31011
      vertex -12.4182 -50 -6.46448
      vertex -9.95929 -50 -5.75
    endloop
  endfacet
  facet normal 0 -1 0
    outer loop
      vertex -12.4182 -50 -6.46448
      vertex -12.1244 -50 -7
      vertex -9.95929 -50 -5.75
    endloop
  endfacet
  facet normal 0 -1 0
    outer loop
      vertex -9.95929 -50 -5.75
      vertex -12.1244 -50 -7
      vertex -9.699 -50 -6.17895
    endloop
  endfacet
  facet normal 0 -1 0
    outer loop
      vertex -12.1244 -50 -7
      vertex -11.8075 -50 -7.52219
      vertex -9.699 -50 -6.17895
    endloop
  endfacet
  facet normal 0 -1 0
    outer loop
      vertex -9.699 -50 -6.17895
      vertex -11.8075 -50 -7.52219
      vertex -9.42025 -50 -6.59613
    endloop
  endfacet
  facet normal 0 -1 0
    outer loop
      vertex -11.8075 -50 -7.52219
      vertex -11.4681 -50 -8.03007
      vertex -9.42025 -50 -6.59613
    endloop
  endfacet
  facet normal 0 -1 0
    outer loop
      vertex -9.42025 -50 -6.59613
      vertex -11.4681 -50 -8.03007
      vertex -9.12356 -50 -7.00076
    endloop
  endfacet
  facet normal 0 -1 0
    outer loop
      vertex -11.4681 -50 -8.03007
      vertex -11.1069 -50 -8.52266
      vertex -9.12356 -50 -7.00076
    endloop
  endfacet
  facet normal 0 -1 0
    outer loop
      vertex -9.12356 -50 -7.00076
      vertex -11.1069 -50 -8.52266
      vertex -8.80951 -50 -7.39206
    endloop
  endfacet
  facet normal 0 -1 0
    outer loop
      vertex -11.1069 -50 -8.52266
      vertex -10.7246 -50 -8.99903
      vertex -8.80951 -50 -7.39206
    endloop
  endfacet
  facet normal 0 -1 0
    outer loop
      vertex -8.80951 -50 -7.39206
      vertex -10.7246 -50 -8.99903
      vertex -8.47869 -50 -7.76929
    endloop
  endfacet
  facet normal 0 -1 0
    outer loop
      vertex -10.7246 -50 -8.99903
      vertex -10.3219 -50 -9.45826
      vertex -8.47869 -50 -7.76929
    endloop
  endfacet
  facet normal 0 -1 0
    outer loop
      vertex -8.47869 -50 -7.76929
      vertex -10.3219 -50 -9.45826
      vertex -8.13173 -50 -8.13173
    endloop
  endfacet
  facet normal 0 -1 0
    outer loop
      vertex -10.3219 -50 -9.45826
      vertex -9.8995 -50 -9.8995
      vertex -8.13173 -50 -8.13173
    endloop
  endfacet
  facet normal 0 -1 0
    outer loop
      vertex -8.13173 -50 -8.13173
      vertex -9.8995 -50 -9.8995
      vertex -7.76929 -50 -8.47869
    endloop
  endfacet
  facet normal 0 -1 0
    outer loop
      vertex -9.8995 -50 -9.8995
      vertex -9.45826 -50 -10.3219
      vertex -7.76929 -50 -8.47869
    endloop
  endfacet
  facet normal 0 -1 0
    outer loop
      vertex -7.76929 -50 -8.47869
      vertex -9.45826 -50 -10.3219
      vertex -7.39206 -50 -8.80951
    endloop
  endfacet
  facet normal 0 -1 0
    outer loop
      vertex -9.45826 -50 -10.3219
      vertex -8.99903 -50 -10.7246
      vertex -7.39206 -50 -8.80951
    endloop
  endfacet
  facet normal 0 -1 0
    outer loop
      vertex -7.39206 -50 -8.80951
      vertex -8.99903 -50 -10.7246
      vertex -7.00076 -50 -9.12356
    endloop
  endfacet
  facet normal 0 -1 0
    outer loop
      vertex -8.99903 -50 -10.7246
      vertex -8.52266 -50 -11.1069
      vertex -7.00076 -50 -9.12356
    endloop
  endfacet
  facet normal 0 -1 0
    outer loop
      vertex -7.00076 -50 -9.12356
      vertex -8.52266 -50 -11.1069
      vertex -6.59613 -50 -9.42025
    endloop
  endfacet
  facet normal 0 -1 0
    outer loop
      vertex -8.52266 -50 -11.1069
      vertex -8.03007 -50 -11.4681
      vertex -6.59613 -50 -9.42025
    endloop
  endfacet
  facet normal 0 -1 0
    outer loop
      vertex -6.59613 -50 -9.42025
      vertex -8.03007 -50 -11.4681
      vertex -6.17895 -50 -9.699
    endloop
  endfacet
  facet normal 0 -1 0
    outer loop
      vertex -8.03007 -50 -11.4681
      vertex -7.52219 -50 -11.8075
      vertex -6.17895 -50 -9.699
    endloop
  endfacet
  facet normal 0 -1 0
    outer loop
      vertex -6.17895 -50 -9.699
      vertex -7.52219 -50 -11.8075
      vertex -5.75 -50 -9.95929
    endloop
  endfacet
  facet normal 0 -1 0
    outer loop
      vertex -7.52219 -50 -11.8075
      vertex -7 -50 -12.1244
      vertex -5.75 -50 -9.95929
    endloop
  endfacet
  facet normal 0 -1 0
    outer loop
      vertex -5.75 -50 -9.95929
      vertex -7 -50 -12.1244
      vertex -5.31011 -50 -10.2006
    endloop
  endfacet
  facet normal 0 -1 0
    outer loop
      vertex -7 -50 -12.1244
      vertex -6.46448 -50 -12.4182
      vertex -5.31011 -50 -10.2006
    endloop
  endfacet
  facet normal 0 -1 0
    outer loop
      vertex -5.31011 -50 -10.2006
      vertex -6.46448 -50 -12.4182
      vertex -4.86011 -50 -10.4225
    endloop
  endfacet
  facet normal 0 -1 0
    outer loop
      vertex -6.46448 -50 -12.4182
      vertex -5.91666 -50 -12.6883
      vertex -4.86011 -50 -10.4225
    endloop
  endfacet
  facet normal 0 -1 0
    outer loop
      vertex -4.86011 -50 -10.4225
      vertex -5.91666 -50 -12.6883
      vertex -4.40086 -50 -10.6246
    endloop
  endfacet
  facet normal 0 -1 0
    outer loop
      vertex -5.91666 -50 -12.6883
      vertex -5.35757 -50 -12.9343
      vertex -4.40086 -50 -10.6246
    endloop
  endfacet
  facet normal 0 -1 0
    outer loop
      vertex -4.40086 -50 -10.6246
      vertex -5.35757 -50 -12.9343
      vertex -3.93323 -50 -10.8065
    endloop
  endfacet
  facet normal 0 -1 0
    outer loop
      vertex -5.35757 -50 -12.9343
      vertex -4.78828 -50 -13.1557
      vertex -3.93323 -50 -10.8065
    endloop
  endfacet
  facet normal 0 -1 0
    outer loop
      vertex -3.93323 -50 -10.8065
      vertex -4.78828 -50 -13.1557
      vertex -3.45812 -50 -10.9677
    endloop
  endfacet
  facet normal 0 -1 0
    outer loop
      vertex -4.78828 -50 -13.1557
      vertex -4.20988 -50 -13.352
      vertex -3.45812 -50 -10.9677
    endloop
  endfacet
  facet normal 0 -1 0
    outer loop
      vertex -3.45812 -50 -10.9677
      vertex -4.20988 -50 -13.352
      vertex -2.97642 -50 -11.1081
    endloop
  endfacet
  facet normal 0 -1 0
    outer loop
      vertex -4.20988 -50 -13.352
      vertex -3.62347 -50 -13.523
      vertex -2.97642 -50 -11.1081
    endloop
  endfacet
  facet normal 0 -1 0
    outer loop
      vertex -2.97642 -50 -11.1081
      vertex -3.62347 -50 -13.523
      vertex -2.48906 -50 -11.2274
    endloop
  endfacet
  facet normal 0 -1 0
    outer loop
      vertex -3.62347 -50 -13.523
      vertex -3.03015 -50 -13.6681
      vertex -2.48906 -50 -11.2274
    endloop
  endfacet
  facet normal 0 -1 0
    outer loop
      vertex -2.48906 -50 -11.2274
      vertex -3.03015 -50 -13.6681
      vertex -1.99695 -50 -11.3253
    endloop
  endfacet
  facet normal 0 -1 0
    outer loop
      vertex -3.03015 -50 -13.6681
      vertex -2.43107 -50 -13.7873
      vertex -1.99695 -50 -11.3253
    endloop
  endfacet
  facet normal 0 -1 0
    outer loop
      vertex -1.99695 -50 -11.3253
      vertex -2.43107 -50 -13.7873
      vertex -1.50105 -50 -11.4016
    endloop
  endfacet
  facet normal 0 -1 0
    outer loop
      vertex -2.43107 -50 -13.7873
      vertex -1.82737 -50 -13.8802
      vertex -1.50105 -50 -11.4016
    endloop
  endfacet
  facet normal 0 -1 0
    outer loop
      vertex -1.50105 -50 -11.4016
      vertex -1.82737 -50 -13.8802
      vertex -1.00229 -50 -11.4562
    endloop
  endfacet
  facet normal 0 -1 0
    outer loop
      vertex -1.82737 -50 -13.8802
      vertex -1.22018 -50 -13.9467
      vertex -1.00229 -50 -11.4562
    endloop
  endfacet
  facet normal 0 -1 0
    outer loop
      vertex -1.00229 -50 -11.4562
      vertex -1.22018 -50 -13.9467
      vertex -0.501623 -50 -11.4891
    endloop
  endfacet
  facet normal 0 -1 0
    outer loop
      vertex -1.22018 -50 -13.9467
      vertex -0.610671 -50 -13.9867
      vertex -0.501623 -50 -11.4891
    endloop
  endfacet
  facet normal 0 -1 0
    outer loop
      vertex -0.501623 -50 -11.4891
      vertex -0.610671 -50 -13.9867
      vertex 1.40834e-15 -50 -11.5
    endloop
  endfacet
  facet normal 0 -1 0
    outer loop
      vertex -0.610671 -50 -13.9867
      vertex 1.71451e-15 -50 -14
      vertex 1.40834e-15 -50 -11.5
    endloop
  endfacet
  facet normal 0 -1 0
    outer loop
      vertex 1.40834e-15 -50 -11.5
      vertex 1.71451e-15 -50 -14
      vertex 0.501623 -50 -11.4891
    endloop
  endfacet
  facet normal 0 -1 0
    outer loop
      vertex 1.71451e-15 -50 -14
      vertex 0.610671 -50 -13.9867
      vertex 0.501623 -50 -11.4891
    endloop
  endfacet
  facet normal 0 -1 0
    outer loop
      vertex 0.501623 -50 -11.4891
      vertex 0.610671 -50 -13.9867
      vertex 1.00229 -50 -11.4562
    endloop
  endfacet
  facet normal 0 -1 0
    outer loop
      vertex 0.610671 -50 -13.9867
      vertex 1.22018 -50 -13.9467
      vertex 1.00229 -50 -11.4562
    endloop
  endfacet
  facet normal 0 -1 0
    outer loop
      vertex 1.00229 -50 -11.4562
      vertex 1.22018 -50 -13.9467
      vertex 1.50105 -50 -11.4016
    endloop
  endfacet
  facet normal 0 -1 0
    outer loop
      vertex 1.22018 -50 -13.9467
      vertex 1.82737 -50 -13.8802
      vertex 1.50105 -50 -11.4016
    endloop
  endfacet
  facet normal 0 -1 0
    outer loop
      vertex 1.50105 -50 -11.4016
      vertex 1.82737 -50 -13.8802
      vertex 1.99695 -50 -11.3253
    endloop
  endfacet
  facet normal 0 -1 0
    outer loop
      vertex 1.82737 -50 -13.8802
      vertex 2.43107 -50 -13.7873
      vertex 1.99695 -50 -11.3253
    endloop
  endfacet
  facet normal 0 -1 0
    outer loop
      vertex 1.99695 -50 -11.3253
      vertex 2.43107 -50 -13.7873
      vertex 2.48906 -50 -11.2274
    endloop
  endfacet
  facet normal 0 -1 0
    outer loop
      vertex 2.43107 -50 -13.7873
      vertex 3.03015 -50 -13.6681
      vertex 2.48906 -50 -11.2274
    endloop
  endfacet
  facet normal 0 -1 0
    outer loop
      vertex 2.48906 -50 -11.2274
      vertex 3.03015 -50 -13.6681
      vertex 2.97642 -50 -11.1081
    endloop
  endfacet
  facet normal 0 -1 0
    outer loop
      vertex 3.03015 -50 -13.6681
      vertex 3.62347 -50 -13.523
      vertex 2.97642 -50 -11.1081
    endloop
  endfacet
  facet normal 0 -1 0
    outer loop
      vertex 2.97642 -50 -11.1081
      vertex 3.62347 -50 -13.523
      vertex 3.45812 -50 -10.9677
    endloop
  endfacet
  facet normal 0 -1 0
    outer loop
      vertex 3.62347 -50 -13.523
      vertex 4.20988 -50 -13.352
      vertex 3.45812 -50 -10.9677
    endloop
  endfacet
  facet normal 0 -1 0
    outer loop
      vertex 3.45812 -50 -10.9677
      vertex 4.20988 -50 -13.352
      vertex 3.93323 -50 -10.8065
    endloop
  endfacet
  facet normal 0 -1 0
    outer loop
      vertex 4.20988 -50 -13.352
      vertex 4.78828 -50 -13.1557
      vertex 3.93323 -50 -10.8065
    endloop
  endfacet
  facet normal 0 -1 0
    outer loop
      vertex 3.93323 -50 -10.8065
      vertex 4.78828 -50 -13.1557
      vertex 4.40086 -50 -10.6246
    endloop
  endfacet
  facet normal 0 -1 0
    outer loop
      vertex 4.78828 -50 -13.1557
      vertex 5.35757 -50 -12.9343
      vertex 4.40086 -50 -10.6246
    endloop
  endfacet
  facet normal 0 -1 0
    outer loop
      vertex 4.40086 -50 -10.6246
      vertex 5.35757 -50 -12.9343
      vertex 4.86011 -50 -10.4225
    endloop
  endfacet
  facet normal 0 -1 0
    outer loop
      vertex 5.35757 -50 -12.9343
      vertex 5.91666 -50 -12.6883
      vertex 4.86011 -50 -10.4225
    endloop
  endfacet
  facet normal 0 -1 0
    outer loop
      vertex 4.86011 -50 -10.4225
      vertex 5.91666 -50 -12.6883
      vertex 5.31011 -50 -10.2006
    endloop
  endfacet
  facet normal 0 -1 0
    outer loop
      vertex 5.91666 -50 -12.6883
      vertex 6.46448 -50 -12.4182
      vertex 5.31011 -50 -10.2006
    endloop
  endfacet
  facet normal 0 -1 0
    outer loop
      vertex 5.31011 -50 -10.2006
      vertex 6.46448 -50 -12.4182
      vertex 5.75 -50 -9.95929
    endloop
  endfacet
  facet normal 0 -1 0
    outer loop
      vertex 6.46448 -50 -12.4182
      vertex 7 -50 -12.1244
      vertex 5.75 -50 -9.95929
    endloop
  endfacet
  facet normal 0 -1 0
    outer loop
      vertex 5.75 -50 -9.95929
      vertex 7 -50 -12.1244
      vertex 6.17895 -50 -9.699
    endloop
  endfacet
  facet normal 0 -1 0
    outer loop
      vertex 7 -50 -12.1244
      vertex 7.52219 -50 -11.8075
      vertex 6.17895 -50 -9.699
    endloop
  endfacet
  facet normal 0 -1 0
    outer loop
      vertex 6.17895 -50 -9.699
      vertex 7.52219 -50 -11.8075
      vertex 6.59613 -50 -9.42025
    endloop
  endfacet
  facet normal 0 -1 0
    outer loop
      vertex 7.52219 -50 -11.8075
      vertex 8.03007 -50 -11.4681
      vertex 6.59613 -50 -9.42025
    endloop
  endfacet
  facet normal 0 -1 0
    outer loop
      vertex 6.59613 -50 -9.42025
      vertex 8.03007 -50 -11.4681
      vertex 7.00076 -50 -9.12356
    endloop
  endfacet
  facet normal 0 -1 0
    outer loop
      vertex 8.03007 -50 -11.4681
      vertex 8.52266 -50 -11.1069
      vertex 7.00076 -50 -9.12356
    endloop
  endfacet
  facet normal 0 -1 0
    outer loop
      vertex 7.00076 -50 -9.12356
      vertex 8.52266 -50 -11.1069
      vertex 7.39206 -50 -8.80951
    endloop
  endfacet
  facet normal 0 -1 0
    outer loop
      vertex 8.52266 -50 -11.1069
      vertex 8.99903 -50 -10.7246
      vertex 7.39206 -50 -8.80951
    endloop
  endfacet
  facet normal 0 -1 0
    outer loop
      vertex 7.39206 -50 -8.80951
      vertex 8.99903 -50 -10.7246
      vertex 7.76929 -50 -8.47869
    endloop
  endfacet
  facet normal 0 -1 0
    outer loop
      vertex 8.99903 -50 -10.7246
      vertex 9.45826 -50 -10.3219
      vertex 7.76929 -50 -8.47869
    endloop
  endfacet
  facet normal 0 -1 0
    outer loop
      vertex 7.76929 -50 -8.47869
      vertex 9.45826 -50 -10.3219
      vertex 8.13173 -50 -8.13173
    endloop
  endfacet
  facet normal 0 -1 0
    outer loop
      vertex 9.45826 -50 -10.3219
      vertex 9.8995 -50 -9.8995
      vertex 8.13173 -50 -8.13173
    endloop
  endfacet
  facet normal 0 -1 0
    outer loop
      vertex 8.13173 -50 -8.13173
      vertex 9.8995 -50 -9.8995
      vertex 8.47869 -50 -7.76929
    endloop
  endfacet
  facet normal 0 -1 0
    outer loop
      vertex 9.8995 -50 -9.8995
      vertex 10.3219 -50 -9.45826
      vertex 8.47869 -50 -7.76929
    endloop
  endfacet
  facet normal 0 -1 0
    outer loop
      vertex 8.47869 -50 -7.76929
      vertex 10.3219 -50 -9.45826
      vertex 8.80951 -50 -7.39206
    endloop
  endfacet
  facet normal 0 -1 0
    outer loop
      vertex 10.3219 -50 -9.45826
      vertex 10.7246 -50 -8.99903
      vertex 8.80951 -50 -7.39206
    endloop
  endfacet
  facet normal 0 -1 0
    outer loop
      vertex 8.80951 -50 -7.39206
      vertex 10.7246 -50 -8.99903
      vertex 9.12356 -50 -7.00076
    endloop
  endfacet
  facet normal 0 -1 0
    outer loop
      vertex 10.7246 -50 -8.99903
      vertex 11.1069 -50 -8.52266
      vertex 9.12356 -50 -7.00076
    endloop
  endfacet
  facet normal 0 -1 0
    outer loop
      vertex 9.12356 -50 -7.00076
      vertex 11.1069 -50 -8.52266
      vertex 9.42025 -50 -6.59613
    endloop
  endfacet
  facet normal 0 -1 0
    outer loop
      vertex 11.1069 -50 -8.52266
      vertex 11.4681 -50 -8.03007
      vertex 9.42025 -50 -6.59613
    endloop
  endfacet
  facet normal 0 -1 0
    outer loop
      vertex 9.42025 -50 -6.59613
      vertex 11.4681 -50 -8.03007
      vertex 9.699 -50 -6.17895
    endloop
  endfacet
  facet normal 0 -1 0
    outer loop
      vertex 11.4681 -50 -8.03007
      vertex 11.8075 -50 -7.52219
      vertex 9.699 -50 -6.17895
    endloop
  endfacet
  facet normal 0 -1 0
    outer loop
      vertex 9.699 -50 -6.17895
      vertex 11.8075 -50 -7.52219
      vertex 9.95929 -50 -5.75
    endloop
  endfacet
  facet normal 0 -1 0
    outer loop
      vertex 11.8075 -50 -7.52219
      vertex 12.1244 -50 -7
      vertex 9.95929 -50 -5.75
    endloop
  endfacet
  facet normal 0 -1 0
    outer loop
      vertex 9.95929 -50 -5.75
      vertex 12.1244 -50 -7
      vertex 10.2006 -50 -5.31011
    endloop
  endfacet
  facet normal 0 -1 0
    outer loop
      vertex 12.1244 -50 -7
      vertex 12.4182 -50 -6.46448
      vertex 10.2006 -50 -5.31011
    endloop
  endfacet
  facet normal 0 -1 0
    outer loop
      vertex 10.2006 -50 -5.31011
      vertex 12.4182 -50 -6.46448
      vertex 10.4225 -50 -4.86011
    endloop
  endfacet
  facet normal 0 -1 0
    outer loop
      vertex 12.4182 -50 -6.46448
      vertex 12.6883 -50 -5.91666
      vertex 10.4225 -50 -4.86011
    endloop
  endfacet
  facet normal 0 -1 0
    outer loop
      vertex 10.4225 -50 -4.86011
      vertex 12.6883 -50 -5.91666
      vertex 10.6246 -50 -4.40086
    endloop
  endfacet
  facet normal 0 -1 0
    outer loop
      vertex 12.6883 -50 -5.91666
      vertex 12.9343 -50 -5.35757
      vertex 10.6246 -50 -4.40086
    endloop
  endfacet
  facet normal 0 -1 0
    outer loop
      vertex 10.6246 -50 -4.40086
      vertex 12.9343 -50 -5.35757
      vertex 10.8065 -50 -3.93323
    endloop
  endfacet
  facet normal 0 -1 0
    outer loop
      vertex 12.9343 -50 -5.35757
      vertex 13.1557 -50 -4.78828
      vertex 10.8065 -50 -3.93323
    endloop
  endfacet
  facet normal 0 -1 0
    outer loop
      vertex 10.8065 -50 -3.93323
      vertex 13.1557 -50 -4.78828
      vertex 10.9677 -50 -3.45812
    endloop
  endfacet
  facet normal 0 -1 0
    outer loop
      vertex 13.1557 -50 -4.78828
      vertex 13.352 -50 -4.20988
      vertex 10.9677 -50 -3.45812
    endloop
  endfacet
  facet normal 0 -1 0
    outer loop
      vertex 10.9677 -50 -3.45812
      vertex 13.352 -50 -4.20988
      vertex 11.1081 -50 -2.97642
    endloop
  endfacet
  facet normal 0 -1 0
    outer loop
      vertex 13.352 -50 -4.20988
      vertex 13.523 -50 -3.62347
      vertex 11.1081 -50 -2.97642
    endloop
  endfacet
  facet normal 0 -1 0
    outer loop
      vertex 11.1081 -50 -2.97642
      vertex 13.523 -50 -3.62347
      vertex 11.2274 -50 -2.48906
    endloop
  endfacet
  facet normal 0 -1 0
    outer loop
      vertex 13.523 -50 -3.62347
      vertex 13.6681 -50 -3.03015
      vertex 11.2274 -50 -2.48906
    endloop
  endfacet
  facet normal 0 -1 0
    outer loop
      vertex 11.2274 -50 -2.48906
      vertex 13.6681 -50 -3.03015
      vertex 11.3253 -50 -1.99695
    endloop
  endfacet
  facet normal 0 -1 0
    outer loop
      vertex 13.6681 -50 -3.03015
      vertex 13.7873 -50 -2.43107
      vertex 11.3253 -50 -1.99695
    endloop
  endfacet
  facet normal 0 -1 0
    outer loop
      vertex 11.3253 -50 -1.99695
      vertex 13.7873 -50 -2.43107
      vertex 11.4016 -50 -1.50105
    endloop
  endfacet
  facet normal 0 -1 0
    outer loop
      vertex 13.7873 -50 -2.43107
      vertex 13.8802 -50 -1.82737
      vertex 11.4016 -50 -1.50105
    endloop
  endfacet
  facet normal 0 -1 0
    outer loop
      vertex 11.4016 -50 -1.50105
      vertex 13.8802 -50 -1.82737
      vertex 11.4562 -50 -1.00229
    endloop
  endfacet
  facet normal 0 -1 0
    outer loop
      vertex 13.8802 -50 -1.82737
      vertex 13.9467 -50 -1.22018
      vertex 11.4562 -50 -1.00229
    endloop
  endfacet
  facet normal 0 -1 0
    outer loop
      vertex 11.4562 -50 -1.00229
      vertex 13.9467 -50 -1.22018
      vertex 11.4891 -50 -0.501623
    endloop
  endfacet
  facet normal 0 -1 0
    outer loop
      vertex 13.9467 -50 -1.22018
      vertex 13.9867 -50 -0.610671
      vertex 11.4891 -50 -0.501623
    endloop
  endfacet
  facet normal 0 -1 0
    outer loop
      vertex 11.4891 -50 -0.501623
      vertex 13.9867 -50 -0.610671
      vertex 11.5 -50 7.04172e-16
    endloop
  endfacet
  facet normal 0 -1 0
    outer loop
      vertex 13.9867 -50 -0.610671
      vertex 14 -50 8.57253e-16
      vertex 11.5 -50 7.04172e-16
    endloop
  endfacet
  facet normal 0 -1 0
    outer loop
      vertex 11.5 -50 7.04172e-16
      vertex 14 -50 8.57253e-16
      vertex 11.4891 -50 0.501623
    endloop
  endfacet
  facet normal 0 -1 0
    outer loop
      vertex 14 -50 8.57253e-16
      vertex 13.9867 -50 0.610671
      vertex 11.4891 -50 0.501623
    endloop
  endfacet
  facet normal 0 -1 0
    outer loop
      vertex 11.4891 -50 0.501623
      vertex 13.9867 -50 0.610671
      vertex 11.4562 -50 1.00229
    endloop
  endfacet
  facet normal 0 -1 0
    outer loop
      vertex 13.9867 -50 0.610671
      vertex 13.9467 -50 1.22018
      vertex 11.4562 -50 1.00229
    endloop
  endfacet
  facet normal 0 -1 0
    outer loop
      vertex 11.4562 -50 1.00229
      vertex 13.9467 -50 1.22018
      vertex 11.4016 -50 1.50105
    endloop
  endfacet
  facet normal 0 -1 0
    outer loop
      vertex 13.9467 -50 1.22018
      vertex 13.8802 -50 1.82737
      vertex 11.4016 -50 1.50105
    endloop
  endfacet
  facet normal 0 -1 0
    outer loop
      vertex 11.4016 -50 1.50105
      vertex 13.8802 -50 1.82737
      vertex 11.3253 -50 1.99695
    endloop
  endfacet
  facet normal 0 -1 0
    outer loop
      vertex 13.8802 -50 1.82737
      vertex 13.7873 -50 2.43107
      vertex 11.3253 -50 1.99695
    endloop
  endfacet
  facet normal 0 -1 0
    outer loop
      vertex 11.3253 -50 1.99695
      vertex 13.7873 -50 2.43107
      vertex 11.2274 -50 2.48906
    endloop
  endfacet
  facet normal 0 -1 0
    outer loop
      vertex 13.7873 -50 2.43107
      vertex 13.6681 -50 3.03015
      vertex 11.2274 -50 2.48906
    endloop
  endfacet
  facet normal 0 -1 0
    outer loop
      vertex 11.2274 -50 2.48906
      vertex 13.6681 -50 3.03015
      vertex 11.1081 -50 2.97642
    endloop
  endfacet
  facet normal 0 -1 0
    outer loop
      vertex 13.6681 -50 3.03015
      vertex 13.523 -50 3.62347
      vertex 11.1081 -50 2.97642
    endloop
  endfacet
  facet normal 0 -1 0
    outer loop
      vertex 11.1081 -50 2.97642
      vertex 13.523 -50 3.62347
      vertex 10.9677 -50 3.45812
    endloop
  endfacet
  facet normal 0 -1 0
    outer loop
      vertex 13.523 -50 3.62347
      vertex 13.352 -50 4.20988
      vertex 10.9677 -50 3.45812
    endloop
  endfacet
  facet normal 0 -1 0
    outer loop
      vertex 10.9677 -50 3.45812
      vertex 13.352 -50 4.20988
      vertex 10.8065 -50 3.93323
    endloop
  endfacet
  facet normal 0 -1 0
    outer loop
      vertex 13.352 -50 4.20988
      vertex 13.1557 -50 4.78828
      vertex 10.8065 -50 3.93323
    endloop
  endfacet
  facet normal 0 -1 0
    outer loop
      vertex 10.8065 -50 3.93323
      vertex 13.1557 -50 4.78828
      vertex 10.6246 -50 4.40086
    endloop
  endfacet
  facet normal 0 -1 0
    outer loop
      vertex 13.1557 -50 4.78828
      vertex 12.9343 -50 5.35757
      vertex 10.6246 -50 4.40086
    endloop
  endfacet
  facet normal 0 -1 0
    outer loop
      vertex 10.6246 -50 4.40086
      vertex 12.9343 -50 5.35757
      vertex 10.4225 -50 4.86011
    endloop
  endfacet
  facet normal 0 -1 0
    outer loop
      vertex 12.9343 -50 5.35757
      vertex 12.6883 -50 5.91666
      vertex 10.4225 -50 4.86011
    endloop
  endfacet
  facet normal 0 -1 0
    outer loop
      vertex 10.4225 -50 4.86011
      vertex 12.6883 -50 5.91666
      vertex 10.2006 -50 5.31011
    endloop
  endfacet
  facet normal 0 -1 0
    outer loop
      vertex 12.6883 -50 5.91666
      vertex 12.4182 -50 6.46448
      vertex 10.2006 -50 5.31011
    endloop
  endfacet
  facet normal 0 -1 0
    outer loop
      vertex 10.2006 -50 5.31011
      vertex 12.4182 -50 6.46448
      vertex 9.95929 -50 5.75
    endloop
  endfacet
  facet normal 0 -1 0
    outer loop
      vertex 12.4182 -50 6.46448
      vertex 12.1244 -50 7
      vertex 9.95929 -50 5.75
    endloop
  endfacet
  facet normal 0 -1 0
    outer loop
      vertex 9.95929 -50 5.75
      vertex 12.1244 -50 7
      vertex 9.699 -50 6.17895
    endloop
  endfacet
  facet normal 0 -1 0
    outer loop
      vertex 12.1244 -50 7
      vertex 11.8075 -50 7.52219
      vertex 9.699 -50 6.17895
    endloop
  endfacet
  facet normal 0 -1 0
    outer loop
      vertex 9.699 -50 6.17895
      vertex 11.8075 -50 7.52219
      vertex 9.42025 -50 6.59613
    endloop
  endfacet
  facet normal 0 -1 0
    outer loop
      vertex 11.8075 -50 7.52219
      vertex 11.4681 -50 8.03007
      vertex 9.42025 -50 6.59613
    endloop
  endfacet
  facet normal 0 -1 0
    outer loop
      vertex 9.42025 -50 6.59613
      vertex 11.4681 -50 8.03007
      vertex 9.12356 -50 7.00076
    endloop
  endfacet
  facet normal 0 -1 0
    outer loop
      vertex 11.4681 -50 8.03007
      vertex 11.1069 -50 8.52266
      vertex 9.12356 -50 7.00076
    endloop
  endfacet
  facet normal 0 -1 0
    outer loop
      vertex 9.12356 -50 7.00076
      vertex 11.1069 -50 8.52266
      vertex 8.80951 -50 7.39206
    endloop
  endfacet
  facet normal 0 -1 0
    outer loop
      vertex 11.1069 -50 8.52266
      vertex 10.7246 -50 8.99903
      vertex 8.80951 -50 7.39206
    endloop
  endfacet
  facet normal 0 -1 0
    outer loop
      vertex 8.80951 -50 7.39206
      vertex 10.7246 -50 8.99903
      vertex 8.47869 -50 7.76929
    endloop
  endfacet
  facet normal 0 -1 0
    outer loop
      vertex 10.7246 -50 8.99903
      vertex 10.3219 -50 9.45826
      vertex 8.47869 -50 7.76929
    endloop
  endfacet
  facet normal 0 -1 0
    outer loop
      vertex 8.47869 -50 7.76929
      vertex 10.3219 -50 9.45826
      vertex 8.13173 -50 8.13173
    endloop
  endfacet
  facet normal 0 -1 0
    outer loop
      vertex 10.3219 -50 9.45826
      vertex 9.8995 -50 9.8995
      vertex 8.13173 -50 8.13173
    endloop
  endfacet
  facet normal 0 -1 0
    outer loop
      vertex 8.13173 -50 8.13173
      vertex 9.8995 -50 9.8995
      vertex 7.76929 -50 8.47869
    endloop
  endfacet
  facet normal 0 -1 0
    outer loop
      vertex 9.8995 -50 9.8995
      vertex 9.45826 -50 10.3219
      vertex 7.76929 -50 8.47869
    endloop
  endfacet
  facet normal 0 -1 0
    outer loop
      vertex 7.76929 -50 8.47869
      vertex 9.45826 -50 10.3219
      vertex 7.39206 -50 8.80951
    endloop
  endfacet
  facet normal 0 -1 0
    outer loop
      vertex 9.45826 -50 10.3219
      vertex 8.99903 -50 10.7246
      vertex 7.39206 -50 8.80951
    endloop
  endfacet
  facet normal 0 -1 0
    outer loop
      vertex 7.39206 -50 8.80951
      vertex 8.99903 -50 10.7246
      vertex 7.00076 -50 9.12356
    endloop
  endfacet
  facet normal 0 -1 0
    outer loop
      vertex 8.99903 -50 10.7246
      vertex 8.52266 -50 11.1069
      vertex 7.00076 -50 9.12356
    endloop
  endfacet
  facet normal 0 -1 0
    outer loop
      vertex 7.00076 -50 9.12356
      vertex 8.52266 -50 11.1069
      vertex 6.59613 -50 9.42025
    endloop
  endfacet
  facet normal 0 -1 0
    outer loop
      vertex 8.52266 -50 11.1069
      vertex 8.03007 -50 11.4681
      vertex 6.59613 -50 9.42025
    endloop
  endfacet
  facet normal 0 -1 0
    outer loop
      vertex 6.59613 -50 9.42025
      vertex 8.03007 -50 11.4681
      vertex 6.17895 -50 9.699
    endloop
  endfacet
  facet normal 0 -1 0
    outer loop
      vertex 8.03007 -50 11.4681
      vertex 7.52219 -50 11.8075
      vertex 6.17895 -50 9.699
    endloop
  endfacet
  facet normal 0 -1 0
    outer loop
      vertex 6.17895 -50 9.699
      vertex 7.52219 -50 11.8075
      vertex 5.75 -50 9.95929
    endloop
  endfacet
  facet normal 0 -1 0
    outer loop
      vertex 7.52219 -50 11.8075
      vertex 7 -50 12.1244
      vertex 5.75 -50 9.95929
    endloop
  endfacet
  facet normal 0 -1 0
    outer loop
      vertex 5.75 -50 9.95929
      vertex 7 -50 12.1244
      vertex 5.31011 -50 10.2006
    endloop
  endfacet
  facet normal 0 -1 0
    outer loop
      vertex 7 -50 12.1244
      vertex 6.46448 -50 12.4182
      vertex 5.31011 -50 10.2006
    endloop
  endfacet
  facet normal 0 -1 0
    outer loop
      vertex 5.31011 -50 10.2006
      vertex 6.46448 -50 12.4182
      vertex 4.86011 -50 10.4225
    endloop
  endfacet
  facet normal 0 -1 0
    outer loop
      vertex 6.46448 -50 12.4182
      vertex 5.91666 -50 12.6883
      vertex 4.86011 -50 10.4225
    endloop
  endfacet
  facet normal 0 -1 0
    outer loop
      vertex 4.86011 -50 10.4225
      vertex 5.91666 -50 12.6883
      vertex 4.40086 -50 10.6246
    endloop
  endfacet
  facet normal 0 -1 0
    outer loop
      vertex 5.91666 -50 12.6883
      vertex 5.35757 -50 12.9343
      vertex 4.40086 -50 10.6246
    endloop
  endfacet
  facet normal 0 -1 0
    outer loop
      vertex 4.40086 -50 10.6246
      vertex 5.35757 -50 12.9343
      vertex 3.93323 -50 10.8065
    endloop
  endfacet
  facet normal 0 -1 0
    outer loop
      vertex 5.35757 -50 12.9343
      vertex 4.78828 -50 13.1557
      vertex 3.93323 -50 10.8065
    endloop
  endfacet
  facet normal 0 -1 0
    outer loop
      vertex 3.93323 -50 10.8065
      vertex 4.78828 -50 13.1557
      vertex 3.45812 -50 10.9677
    endloop
  endfacet
  facet normal 0 -1 0
    outer loop
      vertex 4.78828 -50 13.1557
      vertex 4.20988 -50 13.352
      vertex 3.45812 -50 10.9677
    endloop
  endfacet
  facet normal 0 -1 0
    outer loop
      vertex 3.45812 -50 10.9677
      vertex 4.20988 -50 13.352
      vertex 2.97642 -50 11.1081
    endloop
  endfacet
  facet normal 0 -1 0
    outer loop
      vertex 4.20988 -50 13.352
      vertex 3.62347 -50 13.523
      vertex 2.97642 -50 11.1081
    endloop
  endfacet
  facet normal 0 -1 0
    outer loop
      vertex 2.97642 -50 11.1081
      vertex 3.62347 -50 13.523
      vertex 2.48906 -50 11.2274
    endloop
  endfacet
  facet normal 0 -1 0
    outer loop
      vertex 3.62347 -50 13.523
      vertex 3.03015 -50 13.6681
      vertex 2.48906 -50 11.2274
    endloop
  endfacet
  facet normal 0 -1 0
    outer loop
      vertex 2.48906 -50 11.2274
      vertex 3.03015 -50 13.6681
      vertex 1.99695 -50 11.3253
    endloop
  endfacet
  facet normal 0 -1 0
    outer loop
      vertex 3.03015 -50 13.6681
      vertex 2.43107 -50 13.7873
      vertex 1.99695 -50 11.3253
    endloop
  endfacet
  facet normal 0 -1 0
    outer loop
      vertex 1.99695 -50 11.3253
      vertex 2.43107 -50 13.7873
      vertex 1.50105 -50 11.4016
    endloop
  endfacet
  facet normal 0 -1 0
    outer loop
      vertex 2.43107 -50 13.7873
      vertex 1.82737 -50 13.8802
      vertex 1.50105 -50 11.4016
    endloop
  endfacet
  facet normal 0 -1 0
    outer loop
      vertex 1.50105 -50 11.4016
      vertex 1.82737 -50 13.8802
      vertex 1.00229 -50 11.4562
    endloop
  endfacet
  facet normal 0 -1 0
    outer loop
      vertex 1.82737 -50 13.8802
      vertex 1.22018 -50 13.9467
      vertex 1.00229 -50 11.4562
    endloop
  endfacet
  facet normal 0 -1 0
    outer loop
      vertex 1.00229 -50 11.4562
      vertex 1.22018 -50 13.9467
      vertex 0.501623 -50 11.4891
    endloop
  endfacet
  facet normal 0 -1 0
    outer loop
      vertex 1.22018 -50 13.9467
      vertex 0.610671 -50 13.9867
      vertex 0.501623 -50 11.4891
    endloop
  endfacet
  facet normal 0 0.983382 -0.181549
    outer loop
      vertex -12.5 51.5 -2.60209e-15
      vertex -15 51.5 -2.60209e-15
      vertex -12.4881 51.6007 0.545242
    endloop
  endfacet
  facet normal -2.46339e-7 0.983382 -0.181548
    outer loop
      vertex -15 51.5 -2.60209e-15
      vertex -14.9857 51.6208 0.654291
      vertex -12.4881 51.6007 0.545242
    endloop
  endfacet
  facet normal -1.28925e-7 0.983383 -0.181545
    outer loop
      vertex -12.4881 51.6007 0.545242
      vertex -14.9857 51.6208 0.654291
      vertex -12.4524 51.7011 1.08945
    endloop
  endfacet
  facet normal 6.99268e-8 0.983382 -0.181547
    outer loop
      vertex -14.9857 51.6208 0.654291
      vertex -14.9429 51.7414 1.30734
      vertex -12.4524 51.7011 1.08945
    endloop
  endfacet
  facet normal -2.86531e-7 0.983382 -0.18155
    outer loop
      vertex -12.4524 51.7011 1.08945
      vertex -14.9429 51.7414 1.30734
      vertex -12.3931 51.8012 1.63158
    endloop
  endfacet
  facet normal -5.80352e-7 0.983382 -0.181548
    outer loop
      vertex -14.9429 51.7414 1.30734
      vertex -14.8717 51.8615 1.95789
      vertex -12.3931 51.8012 1.63158
    endloop
  endfacet
  facet normal 8.62491e-8 0.983383 -0.181543
    outer loop
      vertex -12.3931 51.8012 1.63158
      vertex -14.8717 51.8615 1.95789
      vertex -12.3101 51.9007 2.1706
    endloop
  endfacet
  facet normal 3.74279e-7 0.983382 -0.181547
    outer loop
      vertex -14.8717 51.8615 1.95789
      vertex -14.7721 51.9809 2.60472
      vertex -12.3101 51.9007 2.1706
    endloop
  endfacet
  facet normal 5.16823e-8 0.983382 -0.181548
    outer loop
      vertex -12.3101 51.9007 2.1706
      vertex -14.7721 51.9809 2.60472
      vertex -12.2037 51.9995 2.7055
    endloop
  endfacet
  facet normal -8.52945e-8 0.983383 -0.181545
    outer loop
      vertex -14.7721 51.9809 2.60472
      vertex -14.6444 52.0994 3.24659
      vertex -12.2037 51.9995 2.7055
    endloop
  endfacet
  facet normal -1.11702e-6 0.983382 -0.18155
    outer loop
      vertex -12.2037 51.9995 2.7055
      vertex -14.6444 52.0994 3.24659
      vertex -12.0741 52.0973 3.23524
    endloop
  endfacet
  facet normal -1.12743e-6 0.983381 -0.181552
    outer loop
      vertex -14.6444 52.0994 3.24659
      vertex -14.4889 52.2167 3.88229
      vertex -12.0741 52.0973 3.23524
    endloop
  endfacet
  facet normal 8.4906e-7 0.983383 -0.181545
    outer loop
      vertex -12.0741 52.0973 3.23524
      vertex -14.4889 52.2167 3.88229
      vertex -11.9215 52.1939 3.75882
    endloop
  endfacet
  facet normal 6.84431e-7 0.983382 -0.181548
    outer loop
      vertex -14.4889 52.2167 3.88229
      vertex -14.3058 52.3327 4.51059
      vertex -11.9215 52.1939 3.75882
    endloop
  endfacet
  facet normal 4.63675e-7 0.983382 -0.181549
    outer loop
      vertex -11.9215 52.1939 3.75882
      vertex -14.3058 52.3327 4.51059
      vertex -11.7462 52.2893 4.27525
    endloop
  endfacet
  facet normal 7.84776e-7 0.983383 -0.181545
    outer loop
      vertex -14.3058 52.3327 4.51059
      vertex -14.0954 52.4471 5.1303
      vertex -11.7462 52.2893 4.27525
    endloop
  endfacet
  facet normal -1.05343e-6 0.983382 -0.18155
    outer loop
      vertex -11.7462 52.2893 4.27525
      vertex -14.0954 52.4471 5.1303
      vertex -11.5485 52.3831 4.78354
    endloop
  endfacet
  facet normal -2.83998e-7 0.983383 -0.181545
    outer loop
      vertex -14.0954 52.4471 5.1303
      vertex -13.8582 52.5597 5.74025
      vertex -11.5485 52.3831 4.78354
    endloop
  endfacet
  facet normal -4.46383e-7 0.983383 -0.181545
    outer loop
      vertex -11.5485 52.3831 4.78354
      vertex -13.8582 52.5597 5.74025
      vertex -11.3288 52.4753 5.28273
    endloop
  endfacet
  facet normal -8.70439e-7 0.983382 -0.181547
    outer loop
      vertex -13.8582 52.5597 5.74025
      vertex -13.5946 52.6703 6.33927
      vertex -11.3288 52.4753 5.28273
    endloop
  endfacet
  facet normal -9.24638e-7 0.983382 -0.181548
    outer loop
      vertex -11.3288 52.4753 5.28273
      vertex -13.5946 52.6703 6.33927
      vertex -11.0876 52.5656 5.77186
    endloop
  endfacet
  facet normal -4.72904e-6 0.983379 -0.181564
    outer loop
      vertex -13.5946 52.6703 6.33927
      vertex -13.5185 52.7 6.5
      vertex -11.0876 52.5656 5.77186
    endloop
  endfacet
  facet normal 1.17334e-6 0.983383 -0.181545
    outer loop
      vertex -11.0876 52.5656 5.77186
      vertex -13.5185 52.7 6.5
      vertex -10.8253 52.6538 6.25
    endloop
  endfacet
  facet normal 0 0.98338 -0.181557
    outer loop
      vertex -13.5185 52.7 6.5
      vertex -10.6771 52.7 6.5
      vertex -10.8253 52.6538 6.25
    endloop
  endfacet
  facet normal 0 0.98338 0.181557
    outer loop
      vertex -10.8253 52.6538 -6.25
      vertex -10.6771 52.7 -6.5
      vertex -13.5185 52.7 -6.5
    endloop
  endfacet
  facet normal 0 0.983382 0.181548
    outer loop
      vertex -15 51.5 -2.60209e-15
      vertex -12.5 51.5 -2.60209e-15
      vertex -14.9857 51.6208 -0.654291
    endloop
  endfacet
  facet normal -2.95607e-7 0.983382 0.181549
    outer loop
      vertex -12.5 51.5 -2.60209e-15
      vertex -12.4881 51.6007 -0.545242
      vertex -14.9857 51.6208 -0.654291
    endloop
  endfacet
  facet normal -1.78756e-7 0.983382 0.181547
    outer loop
      vertex -14.9857 51.6208 -0.654291
      vertex -12.4881 51.6007 -0.545242
      vertex -14.9429 51.7414 -1.30734
    endloop
  endfacet
  facet normal 1.69495e-7 0.983383 0.181545
    outer loop
      vertex -12.4881 51.6007 -0.545242
      vertex -12.4524 51.7011 -1.08945
      vertex -14.9429 51.7414 -1.30734
    endloop
  endfacet
  facet normal -8.90843e-8 0.983382 0.181548
    outer loop
      vertex -14.9429 51.7414 -1.30734
      vertex -12.4524 51.7011 -1.08945
      vertex -14.8717 51.8615 -1.95789
    endloop
  endfacet
  facet normal -8.76052e-7 0.983382 0.18155
    outer loop
      vertex -12.4524 51.7011 -1.08945
      vertex -12.3931 51.8012 -1.63158
      vertex -14.8717 51.8615 -1.95789
    endloop
  endfacet
  facet normal -3.55615e-7 0.983382 0.181547
    outer loop
      vertex -14.8717 51.8615 -1.95789
      vertex -12.3931 51.8012 -1.63158
      vertex -14.7721 51.9809 -2.60472
    endloop
  endfacet
  facet normal 9.62122e-7 0.983383 0.181543
    outer loop
      vertex -12.3931 51.8012 -1.63158
      vertex -12.3101 51.9007 -2.1706
      vertex -14.7721 51.9809 -2.60472
    endloop
  endfacet
  facet normal 6.41769e-7 0.983383 0.181545
    outer loop
      vertex -14.7721 51.9809 -2.60472
      vertex -12.3101 51.9007 -2.1706
      vertex -14.6444 52.0994 -3.24659
    endloop
  endfacet
  facet normal -8.20793e-7 0.983382 0.181548
    outer loop
      vertex -12.3101 51.9007 -2.1706
      vertex -12.2037 51.9995 -2.7055
      vertex -14.6444 52.0994 -3.24659
    endloop
  endfacet
  facet normal -1.61295e-6 0.983381 0.181552
    outer loop
      vertex -14.6444 52.0994 -3.24659
      vertex -12.2037 51.9995 -2.7055
      vertex -14.4889 52.2167 -3.88229
    endloop
  endfacet
  facet normal -5.34399e-7 0.983382 0.18155
    outer loop
      vertex -12.2037 51.9995 -2.7055
      vertex -12.0741 52.0973 -3.23524
      vertex -14.4889 52.2167 -3.88229
    endloop
  endfacet
  facet normal -1.37308e-8 0.983382 0.181548
    outer loop
      vertex -14.4889 52.2167 -3.88229
      vertex -12.0741 52.0973 -3.23524
      vertex -14.3058 52.3327 -4.51059
    endloop
  endfacet
  facet normal 1.68685e-6 0.983383 0.181545
    outer loop
      vertex -12.0741 52.0973 -3.23524
      vertex -11.9215 52.1939 -3.75882
      vertex -14.3058 52.3327 -4.51059
    endloop
  endfacet
  facet normal 1.48941e-6 0.983383 0.181546
    outer loop
      vertex -14.3058 52.3327 -4.51059
      vertex -11.9215 52.1939 -3.75882
      vertex -14.0954 52.4471 -5.1303
    endloop
  endfacet
  facet normal -3.81887e-7 0.983382 0.181548
    outer loop
      vertex -11.9215 52.1939 -3.75882
      vertex -11.7462 52.2893 -4.27525
      vertex -14.0954 52.4471 -5.1303
    endloop
  endfacet
  facet normal 8.43866e-7 0.983383 0.181545
    outer loop
      vertex -14.0954 52.4471 -5.1303
      vertex -11.7462 52.2893 -4.27525
      vertex -13.8582 52.5597 -5.74025
    endloop
  endfacet
  facet normal -2.40687e-6 0.983382 0.18155
    outer loop
      vertex -11.7462 52.2893 -4.27525
      vertex -11.5485 52.3831 -4.78354
      vertex -13.8582 52.5597 -5.74025
    endloop
  endfacet
  facet normal -1.33311e-6 0.983382 0.181547
    outer loop
      vertex -13.8582 52.5597 -5.74025
      vertex -11.5485 52.3831 -4.78354
      vertex -13.5946 52.6703 -6.33927
    endloop
  endfacet
  facet normal 1.08822e-7 0.983383 0.181545
    outer loop
      vertex -11.5485 52.3831 -4.78354
      vertex -11.3288 52.4753 -5.28273
      vertex -13.5946 52.6703 -6.33927
    endloop
  endfacet
  facet normal -8.0331e-6 0.983379 0.181562
    outer loop
      vertex -13.5946 52.6703 -6.33927
      vertex -11.3288 52.4753 -5.28273
      vertex -13.5185 52.7 -6.5
    endloop
  endfacet
  facet normal 1.47489e-7 0.983382 0.181548
    outer loop
      vertex -11.3288 52.4753 -5.28273
      vertex -11.0876 52.5656 -5.77186
      vertex -13.5185 52.7 -6.5
    endloop
  endfacet
  facet normal 1.17334e-6 0.983383 0.181545
    outer loop
      vertex -13.5185 52.7 -6.5
      vertex -11.0876 52.5656 -5.77186
      vertex -10.8253 52.6538 -6.25
    endloop
  endfacet
  facet normal 0.904914 0 0.425595
    outer loop
      vertex 13.2511 39.8 -7.02904
      vertex 17 39.8 -15
      vertex 13.2511 74.2 -7.02904
    endloop
  endfacet
  facet normal 0.904914 0 0.425595
    outer loop
      vertex 17 39.8 -15
      vertex 17 57.2 -15
      vertex 13.2511 74.2 -7.02904
    endloop
  endfacet
  facet normal 0.904914 0 0.425595
    outer loop
      vertex 13.2511 74.2 -7.02904
      vertex 17 57.2 -15
      vertex 17 74.2 -15
    endloop
  endfacet
  facet normal 0 -1 0
    outer loop
      vertex 10.8253 69 -6.25
      vertex 10.6771 69 -6.5
      vertex 13.5185 69 -6.5
    endloop
  endfacet
  facet normal 0 -1 0
    outer loop
      vertex 10.6771 69 6.5
      vertex 10.8253 69 6.25
      vertex 13.5185 69 6.5
    endloop
  endfacet
  facet normal 0 -1 0
    outer loop
      vertex 10.8253 69 6.25
      vertex 11.0876 69 5.77186
      vertex 13.5185 69 6.5
    endloop
  endfacet
  facet normal 0 -1 0
    outer loop
      vertex 13.5185 69 6.5
      vertex 11.0876 69 5.77186
      vertex 13.5946 69 6.33927
    endloop
  endfacet
  facet normal 0 -1 0
    outer loop
      vertex 11.0876 69 5.77186
      vertex 11.3288 69 5.28273
      vertex 13.5946 69 6.33927
    endloop
  endfacet
  facet normal 0 -1 0
    outer loop
      vertex 13.5946 69 6.33927
      vertex 11.3288 69 5.28273
      vertex 13.8582 69 5.74025
    endloop
  endfacet
  facet normal 0 -1 0
    outer loop
      vertex 11.3288 69 5.28273
      vertex 11.5485 69 4.78354
      vertex 13.8582 69 5.74025
    endloop
  endfacet
  facet normal 0 -1 0
    outer loop
      vertex 13.8582 69 5.74025
      vertex 11.5485 69 4.78354
      vertex 14.0954 69 5.1303
    endloop
  endfacet
  facet normal 0 -1 0
    outer loop
      vertex 11.5485 69 4.78354
      vertex 11.7462 69 4.27525
      vertex 14.0954 69 5.1303
    endloop
  endfacet
  facet normal 0 -1 0
    outer loop
      vertex 14.0954 69 5.1303
      vertex 11.7462 69 4.27525
      vertex 14.3058 69 4.51059
    endloop
  endfacet
  facet normal 0 -1 0
    outer loop
      vertex 11.7462 69 4.27525
      vertex 11.9215 69 3.75882
      vertex 14.3058 69 4.51059
    endloop
  endfacet
  facet normal 0 -1 0
    outer loop
      vertex 14.3058 69 4.51059
      vertex 11.9215 69 3.75882
      vertex 14.4889 69 3.88229
    endloop
  endfacet
  facet normal 0 -1 0
    outer loop
      vertex 11.9215 69 3.75882
      vertex 12.0741 69 3.23524
      vertex 14.4889 69 3.88229
    endloop
  endfacet
  facet normal 0 -1 0
    outer loop
      vertex 14.4889 69 3.88229
      vertex 12.0741 69 3.23524
      vertex 14.6444 69 3.24659
    endloop
  endfacet
  facet normal 0 -1 0
    outer loop
      vertex 12.0741 69 3.23524
      vertex 12.2037 69 2.7055
      vertex 14.6444 69 3.24659
    endloop
  endfacet
  facet normal 0 -1 0
    outer loop
      vertex 14.6444 69 3.24659
      vertex 12.2037 69 2.7055
      vertex 14.7721 69 2.60472
    endloop
  endfacet
  facet normal 0 -1 0
    outer loop
      vertex 12.2037 69 2.7055
      vertex 12.3101 69 2.1706
      vertex 14.7721 69 2.60472
    endloop
  endfacet
  facet normal 0 -1 0
    outer loop
      vertex 14.7721 69 2.60472
      vertex 12.3101 69 2.1706
      vertex 14.8717 69 1.95789
    endloop
  endfacet
  facet normal 0 -1 0
    outer loop
      vertex 12.3101 69 2.1706
      vertex 12.3931 69 1.63158
      vertex 14.8717 69 1.95789
    endloop
  endfacet
  facet normal 0 -1 0
    outer loop
      vertex 14.8717 69 1.95789
      vertex 12.3931 69 1.63158
      vertex 14.9429 69 1.30734
    endloop
  endfacet
  facet normal 0 -1 0
    outer loop
      vertex 12.3931 69 1.63158
      vertex 12.4524 69 1.08945
      vertex 14.9429 69 1.30734
    endloop
  endfacet
  facet normal 0 -1 0
    outer loop
      vertex 14.9429 69 1.30734
      vertex 12.4524 69 1.08945
      vertex 14.9857 69 0.654291
    endloop
  endfacet
  facet normal 0 -1 0
    outer loop
      vertex 12.4524 69 1.08945
      vertex 12.4881 69 0.545242
      vertex 14.9857 69 0.654291
    endloop
  endfacet
  facet normal 0 -1 0
    outer loop
      vertex 14.9857 69 0.654291
      vertex 12.4881 69 0.545242
      vertex 15 69 0
    endloop
  endfacet
  facet normal 0 -1 0
    outer loop
      vertex 12.4881 69 0.545242
      vertex 12.5 69 0
      vertex 15 69 0
    endloop
  endfacet
  facet normal 0 -1 0
    outer loop
      vertex 15 69 0
      vertex 12.5 69 0
      vertex 14.9857 69 -0.654291
    endloop
  endfacet
  facet normal 0 -1 0
    outer loop
      vertex 12.5 69 0
      vertex 12.4881 69 -0.545242
      vertex 14.9857 69 -0.654291
    endloop
  endfacet
  facet normal 0 -1 0
    outer loop
      vertex 14.9857 69 -0.654291
      vertex 12.4881 69 -0.545242
      vertex 14.9429 69 -1.30734
    endloop
  endfacet
  facet normal 0 -1 0
    outer loop
      vertex 12.4881 69 -0.545242
      vertex 12.4524 69 -1.08945
      vertex 14.9429 69 -1.30734
    endloop
  endfacet
  facet normal 0 -1 0
    outer loop
      vertex 14.9429 69 -1.30734
      vertex 12.4524 69 -1.08945
      vertex 14.8717 69 -1.95789
    endloop
  endfacet
  facet normal 0 -1 0
    outer loop
      vertex 12.4524 69 -1.08945
      vertex 12.3931 69 -1.63158
      vertex 14.8717 69 -1.95789
    endloop
  endfacet
  facet normal 0 -1 0
    outer loop
      vertex 14.8717 69 -1.95789
      vertex 12.3931 69 -1.63158
      vertex 14.7721 69 -2.60472
    endloop
  endfacet
  facet normal 0 -1 0
    outer loop
      vertex 12.3931 69 -1.63158
      vertex 12.3101 69 -2.1706
      vertex 14.7721 69 -2.60472
    endloop
  endfacet
  facet normal 0 -1 0
    outer loop
      vertex 14.7721 69 -2.60472
      vertex 12.3101 69 -2.1706
      vertex 14.6444 69 -3.24659
    endloop
  endfacet
  facet normal 0 -1 0
    outer loop
      vertex 12.3101 69 -2.1706
      vertex 12.2037 69 -2.7055
      vertex 14.6444 69 -3.24659
    endloop
  endfacet
  facet normal 0 -1 0
    outer loop
      vertex 14.6444 69 -3.24659
      vertex 12.2037 69 -2.7055
      vertex 14.4889 69 -3.88229
    endloop
  endfacet
  facet normal 0 -1 0
    outer loop
      vertex 12.2037 69 -2.7055
      vertex 12.0741 69 -3.23524
      vertex 14.4889 69 -3.88229
    endloop
  endfacet
  facet normal 0 -1 0
    outer loop
      vertex 14.4889 69 -3.88229
      vertex 12.0741 69 -3.23524
      vertex 14.3058 69 -4.51059
    endloop
  endfacet
  facet normal 0 -1 0
    outer loop
      vertex 12.0741 69 -3.23524
      vertex 11.9215 69 -3.75882
      vertex 14.3058 69 -4.51059
    endloop
  endfacet
  facet normal 0 -1 0
    outer loop
      vertex 14.3058 69 -4.51059
      vertex 11.9215 69 -3.75882
      vertex 14.0954 69 -5.1303
    endloop
  endfacet
  facet normal 0 -1 0
    outer loop
      vertex 11.9215 69 -3.75882
      vertex 11.7462 69 -4.27525
      vertex 14.0954 69 -5.1303
    endloop
  endfacet
  facet normal 0 -1 0
    outer loop
      vertex 14.0954 69 -5.1303
      vertex 11.7462 69 -4.27525
      vertex 13.8582 69 -5.74025
    endloop
  endfacet
  facet normal 0 -1 0
    outer loop
      vertex 11.7462 69 -4.27525
      vertex 11.5485 69 -4.78354
      vertex 13.8582 69 -5.74025
    endloop
  endfacet
  facet normal 0 -1 0
    outer loop
      vertex 13.8582 69 -5.74025
      vertex 11.5485 69 -4.78354
      vertex 13.5946 69 -6.33927
    endloop
  endfacet
  facet normal 0 -1 0
    outer loop
      vertex 11.5485 69 -4.78354
      vertex 11.3288 69 -5.28273
      vertex 13.5946 69 -6.33927
    endloop
  endfacet
  facet normal 0 -1 0
    outer loop
      vertex 13.5946 69 -6.33927
      vertex 11.3288 69 -5.28273
      vertex 13.5185 69 -6.5
    endloop
  endfacet
  facet normal 0 -1 0
    outer loop
      vertex 11.3288 69 -5.28273
      vertex 11.0876 69 -5.77186
      vertex 13.5185 69 -6.5
    endloop
  endfacet
  facet normal 0 -1 0
    outer loop
      vertex 13.5185 69 -6.5
      vertex 11.0876 69 -5.77186
      vertex 10.8253 69 -6.25
    endloop
  endfacet
  facet normal 0 0.98338 -0.181557
    outer loop
      vertex 10.8253 52.6538 6.25
      vertex 10.6771 52.7 6.5
      vertex 13.5185 52.7 6.5
    endloop
  endfacet
  facet normal 0 0.983382 -0.181548
    outer loop
      vertex 15 51.5 -2.60209e-15
      vertex 12.5 51.5 -2.60209e-15
      vertex 14.9857 51.6208 0.654291
    endloop
  endfacet
  facet normal 2.95607e-7 0.983382 -0.181549
    outer loop
      vertex 12.5 51.5 -2.60209e-15
      vertex 12.4881 51.6007 0.545242
      vertex 14.9857 51.6208 0.654291
    endloop
  endfacet
  facet normal 1.78756e-7 0.983382 -0.181547
    outer loop
      vertex 14.9857 51.6208 0.654291
      vertex 12.4881 51.6007 0.545242
      vertex 14.9429 51.7414 1.30734
    endloop
  endfacet
  facet normal -1.69495e-7 0.983383 -0.181545
    outer loop
      vertex 12.4881 51.6007 0.545242
      vertex 12.4524 51.7011 1.08945
      vertex 14.9429 51.7414 1.30734
    endloop
  endfacet
  facet normal 8.90843e-8 0.983382 -0.181548
    outer loop
      vertex 14.9429 51.7414 1.30734
      vertex 12.4524 51.7011 1.08945
      vertex 14.8717 51.8615 1.95789
    endloop
  endfacet
  facet normal 8.76052e-7 0.983382 -0.18155
    outer loop
      vertex 12.4524 51.7011 1.08945
      vertex 12.3931 51.8012 1.63158
      vertex 14.8717 51.8615 1.95789
    endloop
  endfacet
  facet normal 3.55615e-7 0.983382 -0.181547
    outer loop
      vertex 14.8717 51.8615 1.95789
      vertex 12.3931 51.8012 1.63158
      vertex 14.7721 51.9809 2.60472
    endloop
  endfacet
  facet normal -9.62122e-7 0.983383 -0.181543
    outer loop
      vertex 12.3931 51.8012 1.63158
      vertex 12.3101 51.9007 2.1706
      vertex 14.7721 51.9809 2.60472
    endloop
  endfacet
  facet normal -6.41769e-7 0.983383 -0.181545
    outer loop
      vertex 14.7721 51.9809 2.60472
      vertex 12.3101 51.9007 2.1706
      vertex 14.6444 52.0994 3.24659
    endloop
  endfacet
  facet normal 8.20793e-7 0.983382 -0.181548
    outer loop
      vertex 12.3101 51.9007 2.1706
      vertex 12.2037 51.9995 2.7055
      vertex 14.6444 52.0994 3.24659
    endloop
  endfacet
  facet normal 1.61295e-6 0.983381 -0.181552
    outer loop
      vertex 14.6444 52.0994 3.24659
      vertex 12.2037 51.9995 2.7055
      vertex 14.4889 52.2167 3.88229
    endloop
  endfacet
  facet normal 5.34399e-7 0.983382 -0.18155
    outer loop
      vertex 12.2037 51.9995 2.7055
      vertex 12.0741 52.0973 3.23524
      vertex 14.4889 52.2167 3.88229
    endloop
  endfacet
  facet normal 1.37308e-8 0.983382 -0.181548
    outer loop
      vertex 14.4889 52.2167 3.88229
      vertex 12.0741 52.0973 3.23524
      vertex 14.3058 52.3327 4.51059
    endloop
  endfacet
  facet normal -1.68685e-6 0.983383 -0.181545
    outer loop
      vertex 12.0741 52.0973 3.23524
      vertex 11.9215 52.1939 3.75882
      vertex 14.3058 52.3327 4.51059
    endloop
  endfacet
  facet normal -1.48941e-6 0.983383 -0.181546
    outer loop
      vertex 14.3058 52.3327 4.51059
      vertex 11.9215 52.1939 3.75882
      vertex 14.0954 52.4471 5.1303
    endloop
  endfacet
  facet normal 3.81887e-7 0.983382 -0.181548
    outer loop
      vertex 11.9215 52.1939 3.75882
      vertex 11.7462 52.2893 4.27525
      vertex 14.0954 52.4471 5.1303
    endloop
  endfacet
  facet normal -8.43866e-7 0.983383 -0.181545
    outer loop
      vertex 14.0954 52.4471 5.1303
      vertex 11.7462 52.2893 4.27525
      vertex 13.8582 52.5597 5.74025
    endloop
  endfacet
  facet normal 2.40687e-6 0.983382 -0.18155
    outer loop
      vertex 11.7462 52.2893 4.27525
      vertex 11.5485 52.3831 4.78354
      vertex 13.8582 52.5597 5.74025
    endloop
  endfacet
  facet normal 1.33311e-6 0.983382 -0.181547
    outer loop
      vertex 13.8582 52.5597 5.74025
      vertex 11.5485 52.3831 4.78354
      vertex 13.5946 52.6703 6.33927
    endloop
  endfacet
  facet normal -1.08822e-7 0.983383 -0.181545
    outer loop
      vertex 11.5485 52.3831 4.78354
      vertex 11.3288 52.4753 5.28273
      vertex 13.5946 52.6703 6.33927
    endloop
  endfacet
  facet normal 8.0331e-6 0.983379 -0.181562
    outer loop
      vertex 13.5946 52.6703 6.33927
      vertex 11.3288 52.4753 5.28273
      vertex 13.5185 52.7 6.5
    endloop
  endfacet
  facet normal -1.47489e-7 0.983382 -0.181548
    outer loop
      vertex 11.3288 52.4753 5.28273
      vertex 11.0876 52.5656 5.77186
      vertex 13.5185 52.7 6.5
    endloop
  endfacet
  facet normal -1.17334e-6 0.983383 -0.181545
    outer loop
      vertex 13.5185 52.7 6.5
      vertex 11.0876 52.5656 5.77186
      vertex 10.8253 52.6538 6.25
    endloop
  endfacet
endsolid Mesh
