solid Mesh
  facet normal 0.0327173 0 -0.999465
    outer loop
      vertex 27.4909 52.6262 4.99881
      vertex 27.3819 52.6256 4.99524
      vertex 27.3819 68.8 4.99524
    endloop
  endfacet
  facet normal 0.691512 0 -0.722365
    outer loop
      vertex 24.222 68.8 3.68639
      vertex 24.222 52.3839 3.68639
      vertex 24.0645 68.8 3.53553
    endloop
  endfacet
  facet normal 0.683602 -0.000144761 -0.729855
    outer loop
      vertex 24.222 52.3839 3.68639
      vertex 24.1424 52.3702 3.61182
      vertex 24.0645 68.8 3.53553
    endloop
  endfacet
  facet normal 0.625921 0 -0.779886
    outer loop
      vertex 24.3861 68.8 3.83022
      vertex 24.5562 68.8 3.96677
      vertex 24.5562 52.4357 3.96677
    endloop
  endfacet
  facet normal 0.617393 -0.000145144 -0.786655
    outer loop
      vertex 24.5562 52.4357 3.96677
      vertex 24.4704 52.4233 3.89942
      vertex 24.3861 68.8 3.83022
    endloop
  endfacet
  facet normal 0.634388 0 -0.773015
    outer loop
      vertex 24.4704 52.4233 3.89942
      vertex 24.3861 52.4105 3.83022
      vertex 24.3861 68.8 3.83022
    endloop
  endfacet
  facet normal 0.659349 0 -0.751837
    outer loop
      vertex 24.3861 68.8 3.83022
      vertex 24.3861 52.4105 3.83022
      vertex 24.222 68.8 3.68639
    endloop
  endfacet
  facet normal 0.651119 -0.000145009 -0.758975
    outer loop
      vertex 24.3861 52.4105 3.83022
      vertex 24.3033 52.3974 3.7592
      vertex 24.222 68.8 3.68639
    endloop
  endfacet
  facet normal 0.667514 0 -0.744597
    outer loop
      vertex 24.222 68.8 3.68639
      vertex 24.3033 52.3974 3.7592
      vertex 24.222 52.3839 3.68639
    endloop
  endfacet
  facet normal 0.55557 0 -0.83147
    outer loop
      vertex 24.7321 68.8 4.09576
      vertex 24.9135 68.8 4.21696
      vertex 24.9135 52.4819 4.21696
    endloop
  endfacet
  facet normal 0.546479 -0.000145637 -0.837473
    outer loop
      vertex 24.9135 52.4819 4.21696
      vertex 24.8221 52.4709 4.15735
      vertex 24.7321 68.8 4.09576
    endloop
  endfacet
  facet normal 0.564608 0 -0.82536
    outer loop
      vertex 24.8221 52.4709 4.15735
      vertex 24.7321 52.4595 4.09576
      vertex 24.7321 68.8 4.09576
    endloop
  endfacet
  facet normal 0.591309 0 -0.806445
    outer loop
      vertex 24.7321 68.8 4.09576
      vertex 24.7321 52.4595 4.09576
      vertex 24.5562 68.8 3.96677
    endloop
  endfacet
  facet normal 0.582484 -0.000145512 -0.812842
    outer loop
      vertex 24.7321 52.4595 4.09576
      vertex 24.6435 52.4478 4.03222
      vertex 24.5562 68.8 3.96677
    endloop
  endfacet
  facet normal 0.600076 0 -0.799943
    outer loop
      vertex 24.5562 68.8 3.96677
      vertex 24.6435 52.4478 4.03222
      vertex 24.5562 52.4357 3.96677
    endloop
  endfacet
  facet normal 0.480989 0 -0.876726
    outer loop
      vertex 25.1 68.8 4.33013
      vertex 25.2913 68.8 4.43505
      vertex 25.2913 52.5222 4.43505
    endloop
  endfacet
  facet normal 0.471409 -0.000146001 -0.881915
    outer loop
      vertex 25.2913 52.5222 4.43505
      vertex 25.1951 52.5127 4.38363
      vertex 25.1 68.8 4.33013
    endloop
  endfacet
  facet normal 0.490523 0 -0.871428
    outer loop
      vertex 25.1951 52.5127 4.38363
      vertex 25.1 52.5028 4.33013
      vertex 25.1 68.8 4.33013
    endloop
  endfacet
  facet normal 0.518774 0 -0.854911
    outer loop
      vertex 25.1 68.8 4.33013
      vertex 25.1 52.5028 4.33013
      vertex 24.9135 68.8 4.21696
    endloop
  endfacet
  facet normal 0.50943 -0.000145817 -0.860512
    outer loop
      vertex 25.1 52.5028 4.33013
      vertex 25.0061 52.4925 4.27456
      vertex 24.9135 68.8 4.21696
    endloop
  endfacet
  facet normal 0.528068 0 -0.849202
    outer loop
      vertex 24.9135 68.8 4.21696
      vertex 25.0061 52.4925 4.27456
      vertex 24.9135 52.4819 4.21696
    endloop
  endfacet
  facet normal 0.402747 0 -0.915311
    outer loop
      vertex 25.4869 68.8 4.53154
      vertex 25.6866 68.8 4.6194
      vertex 25.6866 52.5562 4.6194
    endloop
  endfacet
  facet normal 0.392748 -0.000146353 -0.919646
    outer loop
      vertex 25.6866 52.5562 4.6194
      vertex 25.5863 52.5483 4.57656
      vertex 25.4869 68.8 4.53154
    endloop
  endfacet
  facet normal 0.412708 0 -0.910863
    outer loop
      vertex 25.5863 52.5483 4.57656
      vertex 25.4869 52.54 4.53154
      vertex 25.4869 68.8 4.53154
    endloop
  endfacet
  facet normal 0.442289 0 -0.896873
    outer loop
      vertex 25.4869 68.8 4.53154
      vertex 25.4869 52.54 4.53154
      vertex 25.2913 68.8 4.43505
    endloop
  endfacet
  facet normal 0.432492 -0.000146152 -0.901638
    outer loop
      vertex 25.4869 52.54 4.53154
      vertex 25.3886 52.5313 4.48436
      vertex 25.2913 68.8 4.43505
    endloop
  endfacet
  facet normal 0.452043 0 -0.891996
    outer loop
      vertex 25.2913 68.8 4.43505
      vertex 25.3886 52.5313 4.48436
      vertex 25.2913 52.5222 4.43505
    endloop
  endfacet
  facet normal 0.32144 0 -0.94693
    outer loop
      vertex 25.8899 68.8 4.69846
      vertex 26.0965 68.8 4.76858
      vertex 26.0965 52.5837 4.76858
    endloop
  endfacet
  facet normal 0.311102 -0.000146597 -0.950377
    outer loop
      vertex 26.0965 52.5837 4.76858
      vertex 25.9928 52.5775 4.73465
      vertex 25.8899 68.8 4.69846
    endloop
  endfacet
  facet normal 0.331748 0 -0.943368
    outer loop
      vertex 25.9928 52.5775 4.73465
      vertex 25.8899 52.5708 4.69846
      vertex 25.8899 68.8 4.69846
    endloop
  endfacet
  facet normal 0.362438 0 -0.932008
    outer loop
      vertex 25.8899 68.8 4.69846
      vertex 25.8899 52.5708 4.69846
      vertex 25.6866 68.8 4.6194
    endloop
  endfacet
  facet normal 0.352261 -0.000146468 -0.935902
    outer loop
      vertex 25.8899 52.5708 4.69846
      vertex 25.7878 52.5637 4.66004
      vertex 25.6866 68.8 4.6194
    endloop
  endfacet
  facet normal 0.372581 0 -0.928
    outer loop
      vertex 25.6866 68.8 4.6194
      vertex 25.7878 52.5637 4.66004
      vertex 25.6866 52.5562 4.6194
    endloop
  endfacet
  facet normal 0.237685 0 -0.971342
    outer loop
      vertex 26.3059 68.8 4.82963
      vertex 26.5178 68.8 4.88148
      vertex 26.5178 52.6046 4.88148
    endloop
  endfacet
  facet normal 0.227083 -0.000146828 -0.973875
    outer loop
      vertex 26.5178 52.6046 4.88148
      vertex 26.4116 52.6 4.85671
      vertex 26.3059 68.8 4.82963
    endloop
  endfacet
  facet normal 0.248265 0 -0.968692
    outer loop
      vertex 26.4116 52.6 4.85671
      vertex 26.3059 52.595 4.82963
      vertex 26.3059 68.8 4.82963
    endloop
  endfacet
  facet normal 0.279829 0 -0.96005
    outer loop
      vertex 26.3059 68.8 4.82963
      vertex 26.3059 52.595 4.82963
      vertex 26.0965 68.8 4.76858
    endloop
  endfacet
  facet normal 0.269349 -0.000146721 -0.963043
    outer loop
      vertex 26.3059 52.595 4.82963
      vertex 26.2009 52.5896 4.80025
      vertex 26.0965 68.8 4.76858
    endloop
  endfacet
  facet normal 0.290283 0 -0.956941
    outer loop
      vertex 26.0965 68.8 4.76858
      vertex 26.2009 52.5896 4.80025
      vertex 26.0965 52.5837 4.76858
    endloop
  endfacet
  facet normal 0.152122 0 -0.988362
    outer loop
      vertex 26.7318 68.8 4.92404
      vertex 26.9474 68.8 4.95722
      vertex 26.9474 52.6186 4.95722
    endloop
  endfacet
  facet normal 0.141335 -0.000147017 -0.989962
    outer loop
      vertex 26.9474 52.6186 4.95722
      vertex 26.8394 52.6157 4.94181
      vertex 26.7318 68.8 4.92404
    endloop
  endfacet
  facet normal 0.162895 0 -0.986643
    outer loop
      vertex 26.8394 52.6157 4.94181
      vertex 26.7318 52.6124 4.92404
      vertex 26.7318 68.8 4.92404
    endloop
  endfacet
  facet normal 0.195091 0 -0.980785
    outer loop
      vertex 26.7318 68.8 4.92404
      vertex 26.7318 52.6124 4.92404
      vertex 26.5178 68.8 4.88148
    endloop
  endfacet
  facet normal 0.184386 -0.000146922 -0.982854
    outer loop
      vertex 26.7318 52.6124 4.92404
      vertex 26.6245 52.6087 4.90393
      vertex 26.5178 68.8 4.88148
    endloop
  endfacet
  facet normal 0.205777 0 -0.978599
    outer loop
      vertex 26.5178 68.8 4.88148
      vertex 26.6245 52.6087 4.90393
      vertex 26.5178 52.6046 4.88148
    endloop
  endfacet
  facet normal 0.0654043 0 -0.997859
    outer loop
      vertex 27.3819 68.8 4.99524
      vertex 27.3819 52.6256 4.99524
      vertex 27.1642 68.8 4.98097
    endloop
  endfacet
  facet normal 0.0545163 -0.000147112 -0.998513
    outer loop
      vertex 27.3819 52.6256 4.99524
      vertex 27.273 52.6245 4.98929
      vertex 27.1642 68.8 4.98097
    endloop
  endfacet
  facet normal 0.0762858 0 -0.997086
    outer loop
      vertex 27.273 52.6245 4.98929
      vertex 27.1642 52.6229 4.98097
      vertex 27.1642 68.8 4.98097
    endloop
  endfacet
  facet normal 0.108868 0 -0.994056
    outer loop
      vertex 27.1642 68.8 4.98097
      vertex 27.1642 52.6229 4.98097
      vertex 26.9474 68.8 4.95722
    endloop
  endfacet
  facet normal 0.0980185 -0.000147087 -0.995185
    outer loop
      vertex 27.1642 52.6229 4.98097
      vertex 27.0557 52.621 4.97028
      vertex 26.9474 68.8 4.95722
    endloop
  endfacet
  facet normal 0.119706 0 -0.992809
    outer loop
      vertex 26.9474 68.8 4.95722
      vertex 27.0557 52.621 4.97028
      vertex 26.9474 52.6186 4.95722
    endloop
  endfacet
  facet normal 0.0109074 -0.000147118 -0.999941
    outer loop
      vertex 27.4909 52.6262 4.99881
      vertex 27.3819 68.8 4.99524
      vertex 27.6 52.6265 5
    endloop
  endfacet
  facet normal 0.0218135 0 -0.999762
    outer loop
      vertex 27.3819 68.8 4.99524
      vertex 27.6 68.8 5
      vertex 27.6 52.6265 5
    endloop
  endfacet
  facet normal -0.0109072 0 -0.999941
    outer loop
      vertex 27.6 52.6265 5
      vertex 27.6 68.8 5
      vertex 27.7091 52.6262 4.99881
    endloop
  endfacet
  facet normal -0.0218135 -7.35647e-5 -0.999762
    outer loop
      vertex 27.6 68.8 5
      vertex 27.8181 68.8 4.99524
      vertex 27.7091 52.6262 4.99881
    endloop
  endfacet
  facet normal -0.0327173 0 -0.999465
    outer loop
      vertex 27.7091 52.6262 4.99881
      vertex 27.8181 68.8 4.99524
      vertex 27.8181 52.6256 4.99524
    endloop
  endfacet
  facet normal -0.0545148 0 -0.998513
    outer loop
      vertex 27.8181 52.6256 4.99524
      vertex 27.8181 68.8 4.99524
      vertex 27.927 52.6245 4.98929
    endloop
  endfacet
  facet normal -0.0654043 -7.35648e-5 -0.997859
    outer loop
      vertex 27.8181 68.8 4.99524
      vertex 28.0358 68.8 4.98097
      vertex 27.927 52.6245 4.98929
    endloop
  endfacet
  facet normal -0.0762858 0 -0.997086
    outer loop
      vertex 27.927 52.6245 4.98929
      vertex 28.0358 68.8 4.98097
      vertex 28.0358 52.6229 4.98097
    endloop
  endfacet
  facet normal -0.0980158 0 -0.995185
    outer loop
      vertex 28.0358 52.6229 4.98097
      vertex 28.0358 68.8 4.98097
      vertex 28.1443 52.621 4.97028
    endloop
  endfacet
  facet normal -0.108867 -7.35503e-5 -0.994056
    outer loop
      vertex 28.0358 68.8 4.98097
      vertex 28.2526 68.8 4.95722
      vertex 28.1443 52.621 4.97028
    endloop
  endfacet
  facet normal -0.119704 0 -0.99281
    outer loop
      vertex 28.1443 52.621 4.97028
      vertex 28.2526 68.8 4.95722
      vertex 28.2526 52.6186 4.95722
    endloop
  endfacet
  facet normal -0.141333 0 -0.989962
    outer loop
      vertex 28.2526 52.6186 4.95722
      vertex 28.2526 68.8 4.95722
      vertex 28.3606 52.6157 4.94181
    endloop
  endfacet
  facet normal -0.152123 -7.35173e-5 -0.988362
    outer loop
      vertex 28.2526 68.8 4.95722
      vertex 28.4682 68.8 4.92404
      vertex 28.3606 52.6157 4.94181
    endloop
  endfacet
  facet normal -0.162895 0 -0.986643
    outer loop
      vertex 28.3606 52.6157 4.94181
      vertex 28.4682 68.8 4.92404
      vertex 28.4682 52.6124 4.92404
    endloop
  endfacet
  facet normal -0.184378 0 -0.982855
    outer loop
      vertex 28.4682 52.6124 4.92404
      vertex 28.4682 68.8 4.92404
      vertex 28.5755 52.6087 4.90393
    endloop
  endfacet
  facet normal -0.195089 -7.34931e-5 -0.980786
    outer loop
      vertex 28.4682 68.8 4.92404
      vertex 28.6822 68.8 4.88148
      vertex 28.5755 52.6087 4.90393
    endloop
  endfacet
  facet normal -0.205777 0 -0.978599
    outer loop
      vertex 28.5755 52.6087 4.90393
      vertex 28.6822 68.8 4.88148
      vertex 28.6822 52.6046 4.88148
    endloop
  endfacet
  facet normal -0.22708 0 -0.973876
    outer loop
      vertex 28.6822 52.6046 4.88148
      vertex 28.6822 68.8 4.88148
      vertex 28.7884 52.6 4.85671
    endloop
  endfacet
  facet normal -0.237687 -7.34257e-5 -0.971342
    outer loop
      vertex 28.6822 68.8 4.88148
      vertex 28.8941 68.8 4.82963
      vertex 28.7884 52.6 4.85671
    endloop
  endfacet
  facet normal -0.248265 0 -0.968692
    outer loop
      vertex 28.7884 52.6 4.85671
      vertex 28.8941 68.8 4.82963
      vertex 28.8941 52.595 4.82963
    endloop
  endfacet
  facet normal -0.269342 0 -0.963045
    outer loop
      vertex 28.8941 52.595 4.82963
      vertex 28.8941 68.8 4.82963
      vertex 28.9991 52.5896 4.80025
    endloop
  endfacet
  facet normal -0.279829 -7.33893e-5 -0.96005
    outer loop
      vertex 28.8941 68.8 4.82963
      vertex 29.1035 68.8 4.76858
      vertex 28.9991 52.5896 4.80025
    endloop
  endfacet
  facet normal -0.290283 0 -0.956941
    outer loop
      vertex 28.9991 52.5896 4.80025
      vertex 29.1035 68.8 4.76858
      vertex 29.1035 52.5837 4.76858
    endloop
  endfacet
  facet normal -0.311089 0 -0.950381
    outer loop
      vertex 29.1035 52.5837 4.76858
      vertex 29.1035 68.8 4.76858
      vertex 29.2072 52.5775 4.73465
    endloop
  endfacet
  facet normal -0.321438 -7.33495e-5 -0.946931
    outer loop
      vertex 29.1035 68.8 4.76858
      vertex 29.3101 68.8 4.69846
      vertex 29.2072 52.5775 4.73465
    endloop
  endfacet
  facet normal -0.331748 0 -0.943368
    outer loop
      vertex 29.2072 52.5775 4.73465
      vertex 29.3101 68.8 4.69846
      vertex 29.3101 52.5708 4.69846
    endloop
  endfacet
  facet normal -0.352257 0 -0.935903
    outer loop
      vertex 29.3101 52.5708 4.69846
      vertex 29.3101 68.8 4.69846
      vertex 29.4122 52.5637 4.66004
    endloop
  endfacet
  facet normal -0.36244 -7.32494e-5 -0.932007
    outer loop
      vertex 29.3101 68.8 4.69846
      vertex 29.5134 68.8 4.6194
      vertex 29.4122 52.5637 4.66004
    endloop
  endfacet
  facet normal -0.372581 0 -0.928
    outer loop
      vertex 29.4122 52.5637 4.66004
      vertex 29.5134 68.8 4.6194
      vertex 29.5134 52.5562 4.6194
    endloop
  endfacet
  facet normal -0.392739 0 -0.91965
    outer loop
      vertex 29.5134 52.5562 4.6194
      vertex 29.5134 68.8 4.6194
      vertex 29.6137 52.5483 4.57656
    endloop
  endfacet
  facet normal -0.402747 -7.32167e-5 -0.915311
    outer loop
      vertex 29.5134 68.8 4.6194
      vertex 29.7131 68.8 4.53154
      vertex 29.6137 52.5483 4.57656
    endloop
  endfacet
  facet normal -0.412708 0 -0.910863
    outer loop
      vertex 29.6137 52.5483 4.57656
      vertex 29.7131 68.8 4.53154
      vertex 29.7131 52.54 4.53154
    endloop
  endfacet
  facet normal -0.432475 0 -0.901646
    outer loop
      vertex 29.7131 52.54 4.53154
      vertex 29.7131 68.8 4.53154
      vertex 29.8114 52.5313 4.48436
    endloop
  endfacet
  facet normal -0.442289 -7.31692e-5 -0.896873
    outer loop
      vertex 29.7131 68.8 4.53154
      vertex 29.9087 68.8 4.43505
      vertex 29.8114 52.5313 4.48436
    endloop
  endfacet
  facet normal -0.45205 0 -0.891993
    outer loop
      vertex 29.8114 52.5313 4.48436
      vertex 29.9087 68.8 4.43505
      vertex 29.9087 52.5222 4.43505
    endloop
  endfacet
  facet normal -0.471391 0 -0.881924
    outer loop
      vertex 29.9087 52.5222 4.43505
      vertex 29.9087 68.8 4.43505
      vertex 30.0049 52.5127 4.38363
    endloop
  endfacet
  facet normal -0.480989 -7.31023e-5 -0.876726
    outer loop
      vertex 29.9087 68.8 4.43505
      vertex 30.1 68.8 4.33013
      vertex 30.0049 52.5127 4.38363
    endloop
  endfacet
  facet normal -0.49053 0 -0.871424
    outer loop
      vertex 30.0049 52.5127 4.38363
      vertex 30.1 68.8 4.33013
      vertex 30.1 52.5028 4.33013
    endloop
  endfacet
  facet normal -0.509411 0 -0.860523
    outer loop
      vertex 30.1 52.5028 4.33013
      vertex 30.1 68.8 4.33013
      vertex 30.1939 52.4925 4.27456
    endloop
  endfacet
  facet normal -0.51877 -7.29885e-5 -0.854914
    outer loop
      vertex 30.1 68.8 4.33013
      vertex 30.2865 68.8 4.21696
      vertex 30.1939 52.4925 4.27456
    endloop
  endfacet
  facet normal -0.528068 0 -0.849202
    outer loop
      vertex 30.1939 52.4925 4.27456
      vertex 30.2865 68.8 4.21696
      vertex 30.2865 52.4819 4.21696
    endloop
  endfacet
  facet normal -0.546467 0 -0.837481
    outer loop
      vertex 30.2865 52.4819 4.21696
      vertex 30.2865 68.8 4.21696
      vertex 30.3779 52.4709 4.15735
    endloop
  endfacet
  facet normal -0.55557 -7.2872e-5 -0.83147
    outer loop
      vertex 30.2865 68.8 4.21696
      vertex 30.4679 68.8 4.09576
      vertex 30.3779 52.4709 4.15735
    endloop
  endfacet
  facet normal -0.564608 0 -0.82536
    outer loop
      vertex 30.3779 52.4709 4.15735
      vertex 30.4679 68.8 4.09576
      vertex 30.4679 52.4595 4.09576
    endloop
  endfacet
  facet normal -0.582479 0 -0.812846
    outer loop
      vertex 30.4679 52.4595 4.09576
      vertex 30.4679 68.8 4.09576
      vertex 30.5565 52.4478 4.03222
    endloop
  endfacet
  facet normal -0.591309 -7.2746e-5 -0.806445
    outer loop
      vertex 30.4679 68.8 4.09576
      vertex 30.6438 68.8 3.96677
      vertex 30.5565 52.4478 4.03222
    endloop
  endfacet
  facet normal -0.600068 0 -0.799949
    outer loop
      vertex 30.5565 52.4478 4.03222
      vertex 30.6438 68.8 3.96677
      vertex 30.6438 52.4357 3.96677
    endloop
  endfacet
  facet normal -0.61738 0 -0.786665
    outer loop
      vertex 30.6438 52.4357 3.96677
      vertex 30.6438 68.8 3.96677
      vertex 30.7296 52.4233 3.89942
    endloop
  endfacet
  facet normal -0.625925 -7.26665e-5 -0.779883
    outer loop
      vertex 30.6438 68.8 3.96677
      vertex 30.8139 68.8 3.83022
      vertex 30.7296 52.4233 3.89942
    endloop
  endfacet
  facet normal -0.634397 0 -0.773008
    outer loop
      vertex 30.7296 52.4233 3.89942
      vertex 30.8139 68.8 3.83022
      vertex 30.8139 52.4105 3.83022
    endloop
  endfacet
  facet normal -0.651106 0 -0.758987
    outer loop
      vertex 30.8139 52.4105 3.83022
      vertex 30.8139 68.8 3.83022
      vertex 30.8967 52.3974 3.7592
    endloop
  endfacet
  facet normal -0.659345 -7.25297e-5 -0.75184
    outer loop
      vertex 30.8139 68.8 3.83022
      vertex 30.978 68.8 3.68639
      vertex 30.8967 52.3974 3.7592
    endloop
  endfacet
  facet normal -0.667506 0 -0.744605
    outer loop
      vertex 30.8967 52.3974 3.7592
      vertex 30.978 68.8 3.68639
      vertex 30.978 52.3839 3.68639
    endloop
  endfacet
  facet normal -0.683597 0 -0.72986
    outer loop
      vertex 30.978 52.3839 3.68639
      vertex 30.978 68.8 3.68639
      vertex 31.0576 52.3702 3.61182
    endloop
  endfacet
  facet normal -0.691516 -7.24063e-5 -0.722361
    outer loop
      vertex 30.978 68.8 3.68639
      vertex 31.1355 68.8 3.53553
      vertex 31.0576 52.3702 3.61182
    endloop
  endfacet
  facet normal -0.699353 0 -0.714777
    outer loop
      vertex 31.0576 52.3702 3.61182
      vertex 31.1355 68.8 3.53553
      vertex 31.1355 52.3561 3.53553
    endloop
  endfacet
  facet normal -0.722366 0 -0.691511
    outer loop
      vertex 31.1355 68.8 3.53553
      vertex 31.2864 68.8 3.37795
      vertex 31.1355 52.3561 3.53553
    endloop
  endfacet
  facet normal -0.722366 0 -0.691511
    outer loop
      vertex 31.1355 52.3561 3.53553
      vertex 31.2864 68.8 3.37795
      vertex 31.2864 52.327 3.37795
    endloop
  endfacet
  facet normal -0.751836 0 -0.65935
    outer loop
      vertex 31.2864 68.8 3.37795
      vertex 31.4302 68.8 3.21394
      vertex 31.2864 52.327 3.37795
    endloop
  endfacet
  facet normal -0.751836 0 -0.65935
    outer loop
      vertex 31.2864 52.327 3.37795
      vertex 31.4302 68.8 3.21394
      vertex 31.4302 52.2967 3.21394
    endloop
  endfacet
  facet normal -0.779888 0 -0.625919
    outer loop
      vertex 31.4302 68.8 3.21394
      vertex 31.5668 68.8 3.04381
      vertex 31.4302 52.2967 3.21394
    endloop
  endfacet
  facet normal -0.779888 0 -0.625919
    outer loop
      vertex 31.4302 52.2967 3.21394
      vertex 31.5668 68.8 3.04381
      vertex 31.5668 52.2653 3.04381
    endloop
  endfacet
  facet normal -0.80644 0 -0.591316
    outer loop
      vertex 31.5668 68.8 3.04381
      vertex 31.6958 68.8 2.86788
      vertex 31.5668 52.2653 3.04381
    endloop
  endfacet
  facet normal -0.80644 0 -0.591316
    outer loop
      vertex 31.5668 52.2653 3.04381
      vertex 31.6958 68.8 2.86788
      vertex 31.6958 52.2328 2.86788
    endloop
  endfacet
  facet normal -0.831474 0 -0.555563
    outer loop
      vertex 31.6958 68.8 2.86788
      vertex 31.817 68.8 2.6865
      vertex 31.6958 52.2328 2.86788
    endloop
  endfacet
  facet normal -0.831474 0 -0.555563
    outer loop
      vertex 31.6958 52.2328 2.86788
      vertex 31.817 68.8 2.6865
      vertex 31.817 52.1993 2.6865
    endloop
  endfacet
  facet normal -0.85491 0 -0.518776
    outer loop
      vertex 31.817 68.8 2.6865
      vertex 31.9301 68.8 2.5
      vertex 31.817 52.1993 2.6865
    endloop
  endfacet
  facet normal -0.85491 0 -0.518776
    outer loop
      vertex 31.817 52.1993 2.6865
      vertex 31.9301 68.8 2.5
      vertex 31.9301 52.1649 2.5
    endloop
  endfacet
  facet normal -0.876728 0 -0.480987
    outer loop
      vertex 31.9301 68.8 2.5
      vertex 32.0351 68.8 2.30874
      vertex 31.9301 52.1649 2.5
    endloop
  endfacet
  facet normal -0.876728 0 -0.480987
    outer loop
      vertex 31.9301 52.1649 2.5
      vertex 32.0351 68.8 2.30874
      vertex 32.0351 52.1296 2.30874
    endloop
  endfacet
  facet normal -0.896872 0 -0.44229
    outer loop
      vertex 32.0351 68.8 2.30874
      vertex 32.1315 68.8 2.11309
      vertex 32.0351 52.1296 2.30874
    endloop
  endfacet
  facet normal -0.896872 0 -0.44229
    outer loop
      vertex 32.0351 52.1296 2.30874
      vertex 32.1315 68.8 2.11309
      vertex 32.1315 52.0935 2.11309
    endloop
  endfacet
  facet normal -0.915308 0 -0.402755
    outer loop
      vertex 32.1315 68.8 2.11309
      vertex 32.2194 68.8 1.91342
      vertex 32.1315 52.0935 2.11309
    endloop
  endfacet
  facet normal -0.915308 0 -0.402755
    outer loop
      vertex 32.1315 52.0935 2.11309
      vertex 32.2194 68.8 1.91342
      vertex 32.2194 52.0566 1.91342
    endloop
  endfacet
  facet normal -0.932008 0 -0.362439
    outer loop
      vertex 32.2194 68.8 1.91342
      vertex 32.2985 68.8 1.7101
      vertex 32.2194 52.0566 1.91342
    endloop
  endfacet
  facet normal -0.932008 0 -0.362439
    outer loop
      vertex 32.2194 52.0566 1.91342
      vertex 32.2985 68.8 1.7101
      vertex 32.2985 52.0191 1.7101
    endloop
  endfacet
  facet normal -0.946931 0 -0.321437
    outer loop
      vertex 32.2985 68.8 1.7101
      vertex 32.3686 68.8 1.50353
      vertex 32.2985 52.0191 1.7101
    endloop
  endfacet
  facet normal -0.946931 0 -0.321437
    outer loop
      vertex 32.2985 52.0191 1.7101
      vertex 32.3686 68.8 1.50353
      vertex 32.3686 51.981 1.50353
    endloop
  endfacet
  facet normal -0.960052 0 -0.279821
    outer loop
      vertex 32.3686 68.8 1.50353
      vertex 32.4296 68.8 1.2941
      vertex 32.3686 51.981 1.50353
    endloop
  endfacet
  facet normal -0.960052 0 -0.279821
    outer loop
      vertex 32.3686 51.981 1.50353
      vertex 32.4296 68.8 1.2941
      vertex 32.4296 51.9423 1.2941
    endloop
  endfacet
  facet normal -0.971341 0 -0.237692
    outer loop
      vertex 32.4296 68.8 1.2941
      vertex 32.4815 68.8 1.0822
      vertex 32.4296 51.9423 1.2941
    endloop
  endfacet
  facet normal -0.971341 0 -0.237692
    outer loop
      vertex 32.4296 51.9423 1.2941
      vertex 32.4815 68.8 1.0822
      vertex 32.4815 51.9032 1.0822
    endloop
  endfacet
  facet normal -0.980786 0 -0.195086
    outer loop
      vertex 32.4815 68.8 1.0822
      vertex 32.524 68.8 0.868241
      vertex 32.4815 51.9032 1.0822
    endloop
  endfacet
  facet normal -0.980786 0 -0.195086
    outer loop
      vertex 32.4815 51.9032 1.0822
      vertex 32.524 68.8 0.868241
      vertex 32.524 51.8637 0.868241
    endloop
  endfacet
  facet normal -0.988362 0 -0.15212
    outer loop
      vertex 32.524 68.8 0.868241
      vertex 32.5572 68.8 0.652631
      vertex 32.524 51.8637 0.868241
    endloop
  endfacet
  facet normal -0.988362 0 -0.15212
    outer loop
      vertex 32.524 51.8637 0.868241
      vertex 32.5572 68.8 0.652631
      vertex 32.5572 51.8239 0.652631
    endloop
  endfacet
  facet normal -0.994057 0 -0.108865
    outer loop
      vertex 32.5572 68.8 0.652631
      vertex 32.581 68.8 0.435779
      vertex 32.5572 51.8239 0.652631
    endloop
  endfacet
  facet normal -0.994057 0 -0.108865
    outer loop
      vertex 32.5572 51.8239 0.652631
      vertex 32.581 68.8 0.435779
      vertex 32.581 51.7838 0.435779
    endloop
  endfacet
  facet normal -0.997859 0 -0.0654042
    outer loop
      vertex 32.581 68.8 0.435779
      vertex 32.5952 68.8 0.218097
      vertex 32.581 51.7838 0.435779
    endloop
  endfacet
  facet normal -0.997859 0 -0.0654042
    outer loop
      vertex 32.581 51.7838 0.435779
      vertex 32.5952 68.8 0.218097
      vertex 32.5952 51.7436 0.218097
    endloop
  endfacet
  facet normal -0.999762 0 -0.0218242
    outer loop
      vertex 32.5952 68.8 0.218097
      vertex 32.6 68.8 6.12323e-16
      vertex 32.5952 51.7436 0.218097
    endloop
  endfacet
  facet normal -0.999762 2.17352e-17 -0.0218242
    outer loop
      vertex 32.5952 51.7436 0.218097
      vertex 32.6 68.8 6.12323e-16
      vertex 32.6 51.7034 -1.64053e-14
    endloop
  endfacet
  facet normal -0.999762 -2.17234e-17 0.0218242
    outer loop
      vertex 32.6 68.8 6.12323e-16
      vertex 32.5952 68.8 -0.218097
      vertex 32.6 51.7034 -1.64053e-14
    endloop
  endfacet
  facet normal -0.999762 0 0.0218242
    outer loop
      vertex 32.6 51.7034 -1.64053e-14
      vertex 32.5952 68.8 -0.218097
      vertex 32.5952 51.7436 -0.218097
    endloop
  endfacet
  facet normal -0.997859 0 0.0654042
    outer loop
      vertex 32.5952 68.8 -0.218097
      vertex 32.581 68.8 -0.435779
      vertex 32.5952 51.7436 -0.218097
    endloop
  endfacet
  facet normal -0.997859 0 0.0654042
    outer loop
      vertex 32.5952 51.7436 -0.218097
      vertex 32.581 68.8 -0.435779
      vertex 32.581 51.7838 -0.435779
    endloop
  endfacet
  facet normal -0.994057 0 0.108865
    outer loop
      vertex 32.581 68.8 -0.435779
      vertex 32.5572 68.8 -0.652631
      vertex 32.581 51.7838 -0.435779
    endloop
  endfacet
  facet normal -0.994057 0 0.108865
    outer loop
      vertex 32.581 51.7838 -0.435779
      vertex 32.5572 68.8 -0.652631
      vertex 32.5572 51.8239 -0.652631
    endloop
  endfacet
  facet normal -0.988362 0 0.15212
    outer loop
      vertex 32.5572 68.8 -0.652631
      vertex 32.524 68.8 -0.868241
      vertex 32.5572 51.8239 -0.652631
    endloop
  endfacet
  facet normal -0.988362 0 0.15212
    outer loop
      vertex 32.5572 51.8239 -0.652631
      vertex 32.524 68.8 -0.868241
      vertex 32.524 51.8637 -0.868241
    endloop
  endfacet
  facet normal -0.980786 0 0.195086
    outer loop
      vertex 32.524 68.8 -0.868241
      vertex 32.4815 68.8 -1.0822
      vertex 32.524 51.8637 -0.868241
    endloop
  endfacet
  facet normal -0.980786 0 0.195086
    outer loop
      vertex 32.524 51.8637 -0.868241
      vertex 32.4815 68.8 -1.0822
      vertex 32.4815 51.9032 -1.0822
    endloop
  endfacet
  facet normal -0.971341 0 0.237692
    outer loop
      vertex 32.4815 68.8 -1.0822
      vertex 32.4296 68.8 -1.2941
      vertex 32.4815 51.9032 -1.0822
    endloop
  endfacet
  facet normal -0.971341 0 0.237692
    outer loop
      vertex 32.4815 51.9032 -1.0822
      vertex 32.4296 68.8 -1.2941
      vertex 32.4296 51.9423 -1.2941
    endloop
  endfacet
  facet normal -0.960052 0 0.279821
    outer loop
      vertex 32.4296 68.8 -1.2941
      vertex 32.3686 68.8 -1.50353
      vertex 32.4296 51.9423 -1.2941
    endloop
  endfacet
  facet normal -0.960052 0 0.279821
    outer loop
      vertex 32.4296 51.9423 -1.2941
      vertex 32.3686 68.8 -1.50353
      vertex 32.3686 51.981 -1.50353
    endloop
  endfacet
  facet normal -0.946931 0 0.321437
    outer loop
      vertex 32.3686 68.8 -1.50353
      vertex 32.2985 68.8 -1.7101
      vertex 32.3686 51.981 -1.50353
    endloop
  endfacet
  facet normal -0.946931 0 0.321437
    outer loop
      vertex 32.3686 51.981 -1.50353
      vertex 32.2985 68.8 -1.7101
      vertex 32.2985 52.0191 -1.7101
    endloop
  endfacet
  facet normal -0.932008 0 0.362439
    outer loop
      vertex 32.2985 68.8 -1.7101
      vertex 32.2194 68.8 -1.91342
      vertex 32.2985 52.0191 -1.7101
    endloop
  endfacet
  facet normal -0.932008 0 0.362439
    outer loop
      vertex 32.2985 52.0191 -1.7101
      vertex 32.2194 68.8 -1.91342
      vertex 32.2194 52.0566 -1.91342
    endloop
  endfacet
  facet normal -0.915308 0 0.402755
    outer loop
      vertex 32.2194 68.8 -1.91342
      vertex 32.1315 68.8 -2.11309
      vertex 32.2194 52.0566 -1.91342
    endloop
  endfacet
  facet normal -0.915308 0 0.402755
    outer loop
      vertex 32.2194 52.0566 -1.91342
      vertex 32.1315 68.8 -2.11309
      vertex 32.1315 52.0935 -2.11309
    endloop
  endfacet
  facet normal -0.896872 0 0.44229
    outer loop
      vertex 32.1315 68.8 -2.11309
      vertex 32.0351 68.8 -2.30874
      vertex 32.1315 52.0935 -2.11309
    endloop
  endfacet
  facet normal -0.896872 0 0.44229
    outer loop
      vertex 32.1315 52.0935 -2.11309
      vertex 32.0351 68.8 -2.30874
      vertex 32.0351 52.1296 -2.30874
    endloop
  endfacet
  facet normal -0.876728 0 0.480987
    outer loop
      vertex 32.0351 68.8 -2.30874
      vertex 31.9301 68.8 -2.5
      vertex 32.0351 52.1296 -2.30874
    endloop
  endfacet
  facet normal -0.876728 0 0.480987
    outer loop
      vertex 32.0351 52.1296 -2.30874
      vertex 31.9301 68.8 -2.5
      vertex 31.9301 52.1649 -2.5
    endloop
  endfacet
  facet normal -0.85491 0 0.518776
    outer loop
      vertex 31.9301 68.8 -2.5
      vertex 31.817 68.8 -2.6865
      vertex 31.9301 52.1649 -2.5
    endloop
  endfacet
  facet normal -0.85491 0 0.518776
    outer loop
      vertex 31.9301 52.1649 -2.5
      vertex 31.817 68.8 -2.6865
      vertex 31.817 52.1993 -2.6865
    endloop
  endfacet
  facet normal -0.831474 0 0.555563
    outer loop
      vertex 31.817 68.8 -2.6865
      vertex 31.6958 68.8 -2.86788
      vertex 31.817 52.1993 -2.6865
    endloop
  endfacet
  facet normal -0.831474 0 0.555563
    outer loop
      vertex 31.817 52.1993 -2.6865
      vertex 31.6958 68.8 -2.86788
      vertex 31.6958 52.2328 -2.86788
    endloop
  endfacet
  facet normal -0.80644 0 0.591316
    outer loop
      vertex 31.6958 68.8 -2.86788
      vertex 31.5668 68.8 -3.04381
      vertex 31.6958 52.2328 -2.86788
    endloop
  endfacet
  facet normal -0.80644 0 0.591316
    outer loop
      vertex 31.6958 52.2328 -2.86788
      vertex 31.5668 68.8 -3.04381
      vertex 31.5668 52.2653 -3.04381
    endloop
  endfacet
  facet normal -0.779888 0 0.625919
    outer loop
      vertex 31.5668 68.8 -3.04381
      vertex 31.4302 68.8 -3.21394
      vertex 31.5668 52.2653 -3.04381
    endloop
  endfacet
  facet normal -0.779888 0 0.625919
    outer loop
      vertex 31.5668 52.2653 -3.04381
      vertex 31.4302 68.8 -3.21394
      vertex 31.4302 52.2967 -3.21394
    endloop
  endfacet
  facet normal -0.751836 0 0.65935
    outer loop
      vertex 31.4302 68.8 -3.21394
      vertex 31.2864 68.8 -3.37795
      vertex 31.4302 52.2967 -3.21394
    endloop
  endfacet
  facet normal -0.751836 0 0.65935
    outer loop
      vertex 31.4302 52.2967 -3.21394
      vertex 31.2864 68.8 -3.37795
      vertex 31.2864 52.327 -3.37795
    endloop
  endfacet
  facet normal -0.722366 0 0.691511
    outer loop
      vertex 31.2864 68.8 -3.37795
      vertex 31.1355 68.8 -3.53553
      vertex 31.2864 52.327 -3.37795
    endloop
  endfacet
  facet normal -0.722366 0 0.691511
    outer loop
      vertex 31.2864 52.327 -3.37795
      vertex 31.1355 68.8 -3.53553
      vertex 31.1355 52.3561 -3.53553
    endloop
  endfacet
  facet normal -0.691516 0 0.722361
    outer loop
      vertex 30.978 68.8 -3.68639
      vertex 30.978 52.3839 -3.68639
      vertex 31.1355 68.8 -3.53553
    endloop
  endfacet
  facet normal -0.68361 -0.000144683 0.729847
    outer loop
      vertex 30.978 52.3839 -3.68639
      vertex 31.0576 52.3702 -3.61182
      vertex 31.1355 68.8 -3.53553
    endloop
  endfacet
  facet normal -0.699353 0 0.714777
    outer loop
      vertex 31.1355 68.8 -3.53553
      vertex 31.0576 52.3702 -3.61182
      vertex 31.1355 52.3561 -3.53553
    endloop
  endfacet
  facet normal -0.625925 0 0.779883
    outer loop
      vertex 30.8139 68.8 -3.83022
      vertex 30.6438 68.8 -3.96677
      vertex 30.6438 52.4357 -3.96677
    endloop
  endfacet
  facet normal -0.617393 -0.000145214 0.786655
    outer loop
      vertex 30.6438 52.4357 -3.96677
      vertex 30.7296 52.4233 -3.89942
      vertex 30.8139 68.8 -3.83022
    endloop
  endfacet
  facet normal -0.634397 0 0.773008
    outer loop
      vertex 30.7296 52.4233 -3.89942
      vertex 30.8139 52.4105 -3.83022
      vertex 30.8139 68.8 -3.83022
    endloop
  endfacet
  facet normal -0.659345 0 0.75184
    outer loop
      vertex 30.8139 68.8 -3.83022
      vertex 30.8139 52.4105 -3.83022
      vertex 30.978 68.8 -3.68639
    endloop
  endfacet
  facet normal -0.651119 -0.000144935 0.758975
    outer loop
      vertex 30.8139 52.4105 -3.83022
      vertex 30.8967 52.3974 -3.7592
      vertex 30.978 68.8 -3.68639
    endloop
  endfacet
  facet normal -0.667506 0 0.744605
    outer loop
      vertex 30.978 68.8 -3.68639
      vertex 30.8967 52.3974 -3.7592
      vertex 30.978 52.3839 -3.68639
    endloop
  endfacet
  facet normal -0.55557 0 0.83147
    outer loop
      vertex 30.4679 68.8 -4.09576
      vertex 30.2865 68.8 -4.21696
      vertex 30.2865 52.4819 -4.21696
    endloop
  endfacet
  facet normal -0.546479 -0.000145637 0.837473
    outer loop
      vertex 30.2865 52.4819 -4.21696
      vertex 30.3779 52.4709 -4.15735
      vertex 30.4679 68.8 -4.09576
    endloop
  endfacet
  facet normal -0.564608 0 0.82536
    outer loop
      vertex 30.3779 52.4709 -4.15735
      vertex 30.4679 52.4595 -4.09576
      vertex 30.4679 68.8 -4.09576
    endloop
  endfacet
  facet normal -0.591309 0 0.806445
    outer loop
      vertex 30.4679 68.8 -4.09576
      vertex 30.4679 52.4595 -4.09576
      vertex 30.6438 68.8 -3.96677
    endloop
  endfacet
  facet normal -0.582492 -0.000145379 0.812836
    outer loop
      vertex 30.4679 52.4595 -4.09576
      vertex 30.5565 52.4478 -4.03222
      vertex 30.6438 68.8 -3.96677
    endloop
  endfacet
  facet normal -0.600068 0 0.799949
    outer loop
      vertex 30.6438 68.8 -3.96677
      vertex 30.5565 52.4478 -4.03222
      vertex 30.6438 52.4357 -3.96677
    endloop
  endfacet
  facet normal -0.480989 0 0.876726
    outer loop
      vertex 30.1 68.8 -4.33013
      vertex 29.9087 68.8 -4.43505
      vertex 29.9087 52.5222 -4.43505
    endloop
  endfacet
  facet normal -0.471402 -0.000146109 0.881918
    outer loop
      vertex 29.9087 52.5222 -4.43505
      vertex 30.0049 52.5127 -4.38363
      vertex 30.1 68.8 -4.33013
    endloop
  endfacet
  facet normal -0.49053 0 0.871424
    outer loop
      vertex 30.0049 52.5127 -4.38363
      vertex 30.1 52.5028 -4.33013
      vertex 30.1 68.8 -4.33013
    endloop
  endfacet
  facet normal -0.51877 0 0.854914
    outer loop
      vertex 30.1 68.8 -4.33013
      vertex 30.1 52.5028 -4.33013
      vertex 30.2865 68.8 -4.21696
    endloop
  endfacet
  facet normal -0.509423 -0.000145875 0.860516
    outer loop
      vertex 30.1 52.5028 -4.33013
      vertex 30.1939 52.4925 -4.27456
      vertex 30.2865 68.8 -4.21696
    endloop
  endfacet
  facet normal -0.528068 0 0.849202
    outer loop
      vertex 30.2865 68.8 -4.21696
      vertex 30.1939 52.4925 -4.27456
      vertex 30.2865 52.4819 -4.21696
    endloop
  endfacet
  facet normal -0.402747 0 0.915311
    outer loop
      vertex 29.7131 68.8 -4.53154
      vertex 29.5134 68.8 -4.6194
      vertex 29.5134 52.5562 -4.6194
    endloop
  endfacet
  facet normal -0.392748 -0.000146353 0.919646
    outer loop
      vertex 29.5134 52.5562 -4.6194
      vertex 29.6137 52.5483 -4.57656
      vertex 29.7131 68.8 -4.53154
    endloop
  endfacet
  facet normal -0.412708 0 0.910863
    outer loop
      vertex 29.6137 52.5483 -4.57656
      vertex 29.7131 52.54 -4.53154
      vertex 29.7131 68.8 -4.53154
    endloop
  endfacet
  facet normal -0.442289 0 0.896873
    outer loop
      vertex 29.7131 68.8 -4.53154
      vertex 29.7131 52.54 -4.53154
      vertex 29.9087 68.8 -4.43505
    endloop
  endfacet
  facet normal -0.432486 -0.000146251 0.901641
    outer loop
      vertex 29.7131 52.54 -4.53154
      vertex 29.8114 52.5313 -4.48436
      vertex 29.9087 68.8 -4.43505
    endloop
  endfacet
  facet normal -0.45205 0 0.891993
    outer loop
      vertex 29.9087 68.8 -4.43505
      vertex 29.8114 52.5313 -4.48436
      vertex 29.9087 52.5222 -4.43505
    endloop
  endfacet
  facet normal -0.321438 0 0.946931
    outer loop
      vertex 29.3101 68.8 -4.69846
      vertex 29.1035 68.8 -4.76858
      vertex 29.1035 52.5837 -4.76858
    endloop
  endfacet
  facet normal -0.311097 -0.000146633 0.950378
    outer loop
      vertex 29.1035 52.5837 -4.76858
      vertex 29.2072 52.5775 -4.73465
      vertex 29.3101 68.8 -4.69846
    endloop
  endfacet
  facet normal -0.331748 0 0.943368
    outer loop
      vertex 29.2072 52.5775 -4.73465
      vertex 29.3101 52.5708 -4.69846
      vertex 29.3101 68.8 -4.69846
    endloop
  endfacet
  facet normal -0.36244 0 0.932007
    outer loop
      vertex 29.3101 68.8 -4.69846
      vertex 29.3101 52.5708 -4.69846
      vertex 29.5134 68.8 -4.6194
    endloop
  endfacet
  facet normal -0.352266 -0.000146427 0.9359
    outer loop
      vertex 29.3101 52.5708 -4.69846
      vertex 29.4122 52.5637 -4.66004
      vertex 29.5134 68.8 -4.6194
    endloop
  endfacet
  facet normal -0.372581 0 0.928
    outer loop
      vertex 29.5134 68.8 -4.6194
      vertex 29.4122 52.5637 -4.66004
      vertex 29.5134 52.5562 -4.6194
    endloop
  endfacet
  facet normal -0.237687 0 0.971342
    outer loop
      vertex 28.8941 68.8 -4.82963
      vertex 28.6822 68.8 -4.88148
      vertex 28.6822 52.6046 -4.88148
    endloop
  endfacet
  facet normal -0.227086 -0.000146802 0.973875
    outer loop
      vertex 28.6822 52.6046 -4.88148
      vertex 28.7884 52.6 -4.85671
      vertex 28.8941 68.8 -4.82963
    endloop
  endfacet
  facet normal -0.248265 0 0.968692
    outer loop
      vertex 28.7884 52.6 -4.85671
      vertex 28.8941 52.595 -4.82963
      vertex 28.8941 68.8 -4.82963
    endloop
  endfacet
  facet normal -0.279829 0 0.96005
    outer loop
      vertex 28.8941 68.8 -4.82963
      vertex 28.8941 52.595 -4.82963
      vertex 29.1035 68.8 -4.76858
    endloop
  endfacet
  facet normal -0.269349 -0.000146721 0.963043
    outer loop
      vertex 28.8941 52.595 -4.82963
      vertex 28.9991 52.5896 -4.80025
      vertex 29.1035 68.8 -4.76858
    endloop
  endfacet
  facet normal -0.290283 0 0.956941
    outer loop
      vertex 29.1035 68.8 -4.76858
      vertex 28.9991 52.5896 -4.80025
      vertex 29.1035 52.5837 -4.76858
    endloop
  endfacet
  facet normal -0.152123 0 0.988362
    outer loop
      vertex 28.4682 68.8 -4.92404
      vertex 28.2526 68.8 -4.95722
      vertex 28.2526 52.6186 -4.95722
    endloop
  endfacet
  facet normal -0.141337 -0.000147 0.989961
    outer loop
      vertex 28.2526 52.6186 -4.95722
      vertex 28.3606 52.6157 -4.94181
      vertex 28.4682 68.8 -4.92404
    endloop
  endfacet
  facet normal -0.162895 0 0.986643
    outer loop
      vertex 28.3606 52.6157 -4.94181
      vertex 28.4682 52.6124 -4.92404
      vertex 28.4682 68.8 -4.92404
    endloop
  endfacet
  facet normal -0.195089 0 0.980786
    outer loop
      vertex 28.4682 68.8 -4.92404
      vertex 28.4682 52.6124 -4.92404
      vertex 28.6822 68.8 -4.88148
    endloop
  endfacet
  facet normal -0.184383 -0.000146943 0.982854
    outer loop
      vertex 28.4682 52.6124 -4.92404
      vertex 28.5755 52.6087 -4.90393
      vertex 28.6822 68.8 -4.88148
    endloop
  endfacet
  facet normal -0.205777 0 0.978599
    outer loop
      vertex 28.6822 68.8 -4.88148
      vertex 28.5755 52.6087 -4.90393
      vertex 28.6822 52.6046 -4.88148
    endloop
  endfacet
  facet normal -0.0654043 0 0.997859
    outer loop
      vertex 28.0358 68.8 -4.98097
      vertex 27.8181 68.8 -4.99524
      vertex 27.8181 52.6256 -4.99524
    endloop
  endfacet
  facet normal -0.0545163 -0.000147112 0.998513
    outer loop
      vertex 27.8181 52.6256 -4.99524
      vertex 27.927 52.6245 -4.98929
      vertex 28.0358 68.8 -4.98097
    endloop
  endfacet
  facet normal -0.0762858 0 0.997086
    outer loop
      vertex 27.927 52.6245 -4.98929
      vertex 28.0358 52.6229 -4.98097
      vertex 28.0358 68.8 -4.98097
    endloop
  endfacet
  facet normal -0.108867 0 0.994056
    outer loop
      vertex 28.0358 68.8 -4.98097
      vertex 28.0358 52.6229 -4.98097
      vertex 28.2526 68.8 -4.95722
    endloop
  endfacet
  facet normal -0.0980185 -0.000147075 0.995185
    outer loop
      vertex 28.0358 52.6229 -4.98097
      vertex 28.1443 52.621 -4.97028
      vertex 28.2526 68.8 -4.95722
    endloop
  endfacet
  facet normal -0.119704 0 0.99281
    outer loop
      vertex 28.2526 68.8 -4.95722
      vertex 28.1443 52.621 -4.97028
      vertex 28.2526 52.6186 -4.95722
    endloop
  endfacet
  facet normal 0.0218135 -7.35647e-5 0.999762
    outer loop
      vertex 27.3819 68.8 -4.99524
      vertex 27.4909 52.6262 -4.99881
      vertex 27.6 68.8 -5
    endloop
  endfacet
  facet normal 0.0109072 0 0.999941
    outer loop
      vertex 27.4909 52.6262 -4.99881
      vertex 27.6 52.6265 -5
      vertex 27.6 68.8 -5
    endloop
  endfacet
  facet normal -0.0218135 0 0.999762
    outer loop
      vertex 27.6 68.8 -5
      vertex 27.6 52.6265 -5
      vertex 27.8181 68.8 -4.99524
    endloop
  endfacet
  facet normal -0.0109074 -0.000147118 0.999941
    outer loop
      vertex 27.6 52.6265 -5
      vertex 27.7091 52.6262 -4.99881
      vertex 27.8181 68.8 -4.99524
    endloop
  endfacet
  facet normal -0.0327173 0 0.999465
    outer loop
      vertex 27.8181 68.8 -4.99524
      vertex 27.7091 52.6262 -4.99881
      vertex 27.8181 52.6256 -4.99524
    endloop
  endfacet
  facet normal 0.0654043 -7.35648e-5 0.997859
    outer loop
      vertex 27.1642 68.8 -4.98097
      vertex 27.273 52.6245 -4.98929
      vertex 27.3819 68.8 -4.99524
    endloop
  endfacet
  facet normal 0.0545148 0 0.998513
    outer loop
      vertex 27.273 52.6245 -4.98929
      vertex 27.3819 52.6256 -4.99524
      vertex 27.3819 68.8 -4.99524
    endloop
  endfacet
  facet normal 0.0327173 0 0.999465
    outer loop
      vertex 27.3819 68.8 -4.99524
      vertex 27.3819 52.6256 -4.99524
      vertex 27.4909 52.6262 -4.99881
    endloop
  endfacet
  facet normal 0.108868 -7.35566e-5 0.994056
    outer loop
      vertex 26.9474 68.8 -4.95722
      vertex 27.0557 52.621 -4.97028
      vertex 27.1642 68.8 -4.98097
    endloop
  endfacet
  facet normal 0.0980158 0 0.995185
    outer loop
      vertex 27.0557 52.621 -4.97028
      vertex 27.1642 52.6229 -4.98097
      vertex 27.1642 68.8 -4.98097
    endloop
  endfacet
  facet normal 0.0762858 0 0.997086
    outer loop
      vertex 27.1642 68.8 -4.98097
      vertex 27.1642 52.6229 -4.98097
      vertex 27.273 52.6245 -4.98929
    endloop
  endfacet
  facet normal 0.152122 -7.35261e-5 0.988362
    outer loop
      vertex 26.7318 68.8 -4.92404
      vertex 26.8394 52.6157 -4.94181
      vertex 26.9474 68.8 -4.95722
    endloop
  endfacet
  facet normal 0.141331 0 0.989962
    outer loop
      vertex 26.8394 52.6157 -4.94181
      vertex 26.9474 52.6186 -4.95722
      vertex 26.9474 68.8 -4.95722
    endloop
  endfacet
  facet normal 0.119706 0 0.992809
    outer loop
      vertex 26.9474 68.8 -4.95722
      vertex 26.9474 52.6186 -4.95722
      vertex 27.0557 52.621 -4.97028
    endloop
  endfacet
  facet normal 0.195091 -7.34819e-5 0.980785
    outer loop
      vertex 26.5178 68.8 -4.88148
      vertex 26.6245 52.6087 -4.90393
      vertex 26.7318 68.8 -4.92404
    endloop
  endfacet
  facet normal 0.184381 0 0.982855
    outer loop
      vertex 26.6245 52.6087 -4.90393
      vertex 26.7318 52.6124 -4.92404
      vertex 26.7318 68.8 -4.92404
    endloop
  endfacet
  facet normal 0.162895 0 0.986643
    outer loop
      vertex 26.7318 68.8 -4.92404
      vertex 26.7318 52.6124 -4.92404
      vertex 26.8394 52.6157 -4.94181
    endloop
  endfacet
  facet normal 0.237685 -7.34393e-5 0.971342
    outer loop
      vertex 26.3059 68.8 -4.82963
      vertex 26.4116 52.6 -4.85671
      vertex 26.5178 68.8 -4.88148
    endloop
  endfacet
  facet normal 0.227077 0 0.973877
    outer loop
      vertex 26.4116 52.6 -4.85671
      vertex 26.5178 52.6046 -4.88148
      vertex 26.5178 68.8 -4.88148
    endloop
  endfacet
  facet normal 0.205777 0 0.978599
    outer loop
      vertex 26.5178 68.8 -4.88148
      vertex 26.5178 52.6046 -4.88148
      vertex 26.6245 52.6087 -4.90393
    endloop
  endfacet
  facet normal 0.279829 -7.33893e-5 0.96005
    outer loop
      vertex 26.0965 68.8 -4.76858
      vertex 26.2009 52.5896 -4.80025
      vertex 26.3059 68.8 -4.82963
    endloop
  endfacet
  facet normal 0.269342 0 0.963045
    outer loop
      vertex 26.2009 52.5896 -4.80025
      vertex 26.3059 52.595 -4.82963
      vertex 26.3059 68.8 -4.82963
    endloop
  endfacet
  facet normal 0.248265 0 0.968692
    outer loop
      vertex 26.3059 68.8 -4.82963
      vertex 26.3059 52.595 -4.82963
      vertex 26.4116 52.6 -4.85671
    endloop
  endfacet
  facet normal 0.32144 -7.3331e-5 0.94693
    outer loop
      vertex 25.8899 68.8 -4.69846
      vertex 25.9928 52.5775 -4.73465
      vertex 26.0965 68.8 -4.76858
    endloop
  endfacet
  facet normal 0.311094 0 0.950379
    outer loop
      vertex 25.9928 52.5775 -4.73465
      vertex 26.0965 52.5837 -4.76858
      vertex 26.0965 68.8 -4.76858
    endloop
  endfacet
  facet normal 0.290283 0 0.956941
    outer loop
      vertex 26.0965 68.8 -4.76858
      vertex 26.0965 52.5837 -4.76858
      vertex 26.2009 52.5896 -4.80025
    endloop
  endfacet
  facet normal 0.362438 -7.32702e-5 0.932008
    outer loop
      vertex 25.6866 68.8 -4.6194
      vertex 25.7878 52.5637 -4.66004
      vertex 25.8899 68.8 -4.69846
    endloop
  endfacet
  facet normal 0.352252 0 0.935905
    outer loop
      vertex 25.7878 52.5637 -4.66004
      vertex 25.8899 52.5708 -4.69846
      vertex 25.8899 68.8 -4.69846
    endloop
  endfacet
  facet normal 0.331748 0 0.943368
    outer loop
      vertex 25.8899 68.8 -4.69846
      vertex 25.8899 52.5708 -4.69846
      vertex 25.9928 52.5775 -4.73465
    endloop
  endfacet
  facet normal 0.402747 -7.32167e-5 0.915311
    outer loop
      vertex 25.4869 68.8 -4.53154
      vertex 25.5863 52.5483 -4.57656
      vertex 25.6866 68.8 -4.6194
    endloop
  endfacet
  facet normal 0.392739 0 0.91965
    outer loop
      vertex 25.5863 52.5483 -4.57656
      vertex 25.6866 52.5562 -4.6194
      vertex 25.6866 68.8 -4.6194
    endloop
  endfacet
  facet normal 0.372581 0 0.928
    outer loop
      vertex 25.6866 68.8 -4.6194
      vertex 25.6866 52.5562 -4.6194
      vertex 25.7878 52.5637 -4.66004
    endloop
  endfacet
  facet normal 0.442289 -7.31186e-5 0.896873
    outer loop
      vertex 25.2913 68.8 -4.43505
      vertex 25.3886 52.5313 -4.48436
      vertex 25.4869 68.8 -4.53154
    endloop
  endfacet
  facet normal 0.432482 0 0.901643
    outer loop
      vertex 25.3886 52.5313 -4.48436
      vertex 25.4869 52.54 -4.53154
      vertex 25.4869 68.8 -4.53154
    endloop
  endfacet
  facet normal 0.412708 0 0.910863
    outer loop
      vertex 25.4869 68.8 -4.53154
      vertex 25.4869 52.54 -4.53154
      vertex 25.5863 52.5483 -4.57656
    endloop
  endfacet
  facet normal 0.480989 -7.30473e-5 0.876726
    outer loop
      vertex 25.1 68.8 -4.33013
      vertex 25.1951 52.5127 -4.38363
      vertex 25.2913 68.8 -4.43505
    endloop
  endfacet
  facet normal 0.471398 0 0.881921
    outer loop
      vertex 25.1951 52.5127 -4.38363
      vertex 25.2913 52.5222 -4.43505
      vertex 25.2913 68.8 -4.43505
    endloop
  endfacet
  facet normal 0.452043 0 0.891996
    outer loop
      vertex 25.2913 68.8 -4.43505
      vertex 25.2913 52.5222 -4.43505
      vertex 25.3886 52.5313 -4.48436
    endloop
  endfacet
  facet normal 0.518774 -7.29588e-5 0.854911
    outer loop
      vertex 24.9135 68.8 -4.21696
      vertex 25.0061 52.4925 -4.27456
      vertex 25.1 68.8 -4.33013
    endloop
  endfacet
  facet normal 0.509419 0 0.860519
    outer loop
      vertex 25.0061 52.4925 -4.27456
      vertex 25.1 52.5028 -4.33013
      vertex 25.1 68.8 -4.33013
    endloop
  endfacet
  facet normal 0.490523 0 0.871428
    outer loop
      vertex 25.1 68.8 -4.33013
      vertex 25.1 52.5028 -4.33013
      vertex 25.1951 52.5127 -4.38363
    endloop
  endfacet
  facet normal 0.55557 -7.2872e-5 0.83147
    outer loop
      vertex 24.7321 68.8 -4.09576
      vertex 24.8221 52.4709 -4.15735
      vertex 24.9135 68.8 -4.21696
    endloop
  endfacet
  facet normal 0.546467 0 0.837481
    outer loop
      vertex 24.8221 52.4709 -4.15735
      vertex 24.9135 52.4819 -4.21696
      vertex 24.9135 68.8 -4.21696
    endloop
  endfacet
  facet normal 0.528068 0 0.849202
    outer loop
      vertex 24.9135 68.8 -4.21696
      vertex 24.9135 52.4819 -4.21696
      vertex 25.0061 52.4925 -4.27456
    endloop
  endfacet
  facet normal 0.591309 -7.28134e-5 0.806445
    outer loop
      vertex 24.5562 68.8 -3.96677
      vertex 24.6435 52.4478 -4.03222
      vertex 24.7321 68.8 -4.09576
    endloop
  endfacet
  facet normal 0.582471 0 0.812851
    outer loop
      vertex 24.6435 52.4478 -4.03222
      vertex 24.7321 52.4595 -4.09576
      vertex 24.7321 68.8 -4.09576
    endloop
  endfacet
  facet normal 0.564608 0 0.82536
    outer loop
      vertex 24.7321 68.8 -4.09576
      vertex 24.7321 52.4595 -4.09576
      vertex 24.8221 52.4709 -4.15735
    endloop
  endfacet
  facet normal 0.625921 -7.2631e-5 0.779886
    outer loop
      vertex 24.3861 68.8 -3.83022
      vertex 24.4704 52.4233 -3.89942
      vertex 24.5562 68.8 -3.96677
    endloop
  endfacet
  facet normal 0.61738 0 0.786665
    outer loop
      vertex 24.4704 52.4233 -3.89942
      vertex 24.5562 52.4357 -3.96677
      vertex 24.5562 68.8 -3.96677
    endloop
  endfacet
  facet normal 0.600076 0 0.799943
    outer loop
      vertex 24.5562 68.8 -3.96677
      vertex 24.5562 52.4357 -3.96677
      vertex 24.6435 52.4478 -4.03222
    endloop
  endfacet
  facet normal 0.659349 -7.25671e-5 0.751837
    outer loop
      vertex 24.222 68.8 -3.68639
      vertex 24.3033 52.3974 -3.7592
      vertex 24.3861 68.8 -3.83022
    endloop
  endfacet
  facet normal 0.651106 0 0.758987
    outer loop
      vertex 24.3033 52.3974 -3.7592
      vertex 24.3861 52.4105 -3.83022
      vertex 24.3861 68.8 -3.83022
    endloop
  endfacet
  facet normal 0.634388 0 0.773015
    outer loop
      vertex 24.3861 68.8 -3.83022
      vertex 24.3861 52.4105 -3.83022
      vertex 24.4704 52.4233 -3.89942
    endloop
  endfacet
  facet normal 0.699353 0 -0.714777
    outer loop
      vertex 24.1424 52.3702 3.61182
      vertex 24.0645 52.3561 3.53553
      vertex 24.0645 68.8 3.53553
    endloop
  endfacet
  facet normal 0.722362 0 -0.691516
    outer loop
      vertex 24.0645 52.3561 3.53553
      vertex 23.9136 52.327 3.37795
      vertex 24.0645 68.8 3.53553
    endloop
  endfacet
  facet normal 0.722362 0 -0.691516
    outer loop
      vertex 24.0645 68.8 3.53553
      vertex 23.9136 52.327 3.37795
      vertex 23.9136 68.8 3.37795
    endloop
  endfacet
  facet normal 0.75184 0 -0.659345
    outer loop
      vertex 23.9136 52.327 3.37795
      vertex 23.7698 52.2967 3.21394
      vertex 23.9136 68.8 3.37795
    endloop
  endfacet
  facet normal 0.75184 0 -0.659345
    outer loop
      vertex 23.9136 68.8 3.37795
      vertex 23.7698 52.2967 3.21394
      vertex 23.7698 68.8 3.21394
    endloop
  endfacet
  facet normal 0.779888 0 -0.625919
    outer loop
      vertex 23.7698 52.2967 3.21394
      vertex 23.6332 52.2653 3.04381
      vertex 23.7698 68.8 3.21394
    endloop
  endfacet
  facet normal 0.779888 0 -0.625919
    outer loop
      vertex 23.7698 68.8 3.21394
      vertex 23.6332 52.2653 3.04381
      vertex 23.6332 68.8 3.04381
    endloop
  endfacet
  facet normal 0.806444 0 -0.59131
    outer loop
      vertex 23.6332 52.2653 3.04381
      vertex 23.5042 52.2328 2.86788
      vertex 23.6332 68.8 3.04381
    endloop
  endfacet
  facet normal 0.806444 0 -0.59131
    outer loop
      vertex 23.6332 68.8 3.04381
      vertex 23.5042 52.2328 2.86788
      vertex 23.5042 68.8 2.86788
    endloop
  endfacet
  facet normal 0.831466 0 -0.555575
    outer loop
      vertex 23.5042 52.2328 2.86788
      vertex 23.383 52.1993 2.6865
      vertex 23.5042 68.8 2.86788
    endloop
  endfacet
  facet normal 0.831466 0 -0.555575
    outer loop
      vertex 23.5042 68.8 2.86788
      vertex 23.383 52.1993 2.6865
      vertex 23.383 68.8 2.6865
    endloop
  endfacet
  facet normal 0.854914 0 -0.51877
    outer loop
      vertex 23.383 52.1993 2.6865
      vertex 23.2699 52.1649 2.5
      vertex 23.383 68.8 2.6865
    endloop
  endfacet
  facet normal 0.854914 0 -0.51877
    outer loop
      vertex 23.383 68.8 2.6865
      vertex 23.2699 52.1649 2.5
      vertex 23.2699 68.8 2.5
    endloop
  endfacet
  facet normal 0.876728 0 -0.480987
    outer loop
      vertex 23.2699 52.1649 2.5
      vertex 23.1649 52.1296 2.30874
      vertex 23.2699 68.8 2.5
    endloop
  endfacet
  facet normal 0.876728 0 -0.480987
    outer loop
      vertex 23.2699 68.8 2.5
      vertex 23.1649 52.1296 2.30874
      vertex 23.1649 68.8 2.30874
    endloop
  endfacet
  facet normal 0.896872 0 -0.44229
    outer loop
      vertex 23.1649 52.1296 2.30874
      vertex 23.0685 52.0935 2.11309
      vertex 23.1649 68.8 2.30874
    endloop
  endfacet
  facet normal 0.896872 0 -0.44229
    outer loop
      vertex 23.1649 68.8 2.30874
      vertex 23.0685 52.0935 2.11309
      vertex 23.0685 68.8 2.11309
    endloop
  endfacet
  facet normal 0.915311 0 -0.402748
    outer loop
      vertex 23.0685 52.0935 2.11309
      vertex 22.9806 52.0566 1.91342
      vertex 23.0685 68.8 2.11309
    endloop
  endfacet
  facet normal 0.915311 0 -0.402748
    outer loop
      vertex 23.0685 68.8 2.11309
      vertex 22.9806 52.0566 1.91342
      vertex 22.9806 68.8 1.91342
    endloop
  endfacet
  facet normal 0.932008 0 -0.362439
    outer loop
      vertex 22.9806 52.0566 1.91342
      vertex 22.9015 52.0191 1.7101
      vertex 22.9806 68.8 1.91342
    endloop
  endfacet
  facet normal 0.932008 0 -0.362439
    outer loop
      vertex 22.9806 68.8 1.91342
      vertex 22.9015 52.0191 1.7101
      vertex 22.9015 68.8 1.7101
    endloop
  endfacet
  facet normal 0.946931 0 -0.321437
    outer loop
      vertex 22.9015 52.0191 1.7101
      vertex 22.8314 51.981 1.50353
      vertex 22.9015 68.8 1.7101
    endloop
  endfacet
  facet normal 0.946931 0 -0.321437
    outer loop
      vertex 22.9015 68.8 1.7101
      vertex 22.8314 51.981 1.50353
      vertex 22.8314 68.8 1.50353
    endloop
  endfacet
  facet normal 0.96005 0 -0.279829
    outer loop
      vertex 22.8314 51.981 1.50353
      vertex 22.7704 51.9423 1.2941
      vertex 22.8314 68.8 1.50353
    endloop
  endfacet
  facet normal 0.96005 0 -0.279829
    outer loop
      vertex 22.8314 68.8 1.50353
      vertex 22.7704 51.9423 1.2941
      vertex 22.7704 68.8 1.2941
    endloop
  endfacet
  facet normal 0.971343 0 -0.237684
    outer loop
      vertex 22.7704 51.9423 1.2941
      vertex 22.7185 51.9032 1.0822
      vertex 22.7704 68.8 1.2941
    endloop
  endfacet
  facet normal 0.971343 0 -0.237684
    outer loop
      vertex 22.7704 68.8 1.2941
      vertex 22.7185 51.9032 1.0822
      vertex 22.7185 68.8 1.0822
    endloop
  endfacet
  facet normal 0.980785 0 -0.195094
    outer loop
      vertex 22.7185 51.9032 1.0822
      vertex 22.676 51.8637 0.868241
      vertex 22.7185 68.8 1.0822
    endloop
  endfacet
  facet normal 0.980785 0 -0.195094
    outer loop
      vertex 22.7185 68.8 1.0822
      vertex 22.676 51.8637 0.868241
      vertex 22.676 68.8 0.868241
    endloop
  endfacet
  facet normal 0.988362 0 -0.15212
    outer loop
      vertex 22.676 51.8637 0.868241
      vertex 22.6428 51.8239 0.652631
      vertex 22.676 68.8 0.868241
    endloop
  endfacet
  facet normal 0.988362 0 -0.15212
    outer loop
      vertex 22.676 68.8 0.868241
      vertex 22.6428 51.8239 0.652631
      vertex 22.6428 68.8 0.652631
    endloop
  endfacet
  facet normal 0.994056 0 -0.108873
    outer loop
      vertex 22.6428 51.8239 0.652631
      vertex 22.619 51.7838 0.435779
      vertex 22.6428 68.8 0.652631
    endloop
  endfacet
  facet normal 0.994056 0 -0.108873
    outer loop
      vertex 22.6428 68.8 0.652631
      vertex 22.619 51.7838 0.435779
      vertex 22.619 68.8 0.435779
    endloop
  endfacet
  facet normal 0.997859 0 -0.0653957
    outer loop
      vertex 22.619 51.7838 0.435779
      vertex 22.6048 51.7436 0.218097
      vertex 22.619 68.8 0.435779
    endloop
  endfacet
  facet normal 0.997859 0 -0.0653957
    outer loop
      vertex 22.619 68.8 0.435779
      vertex 22.6048 51.7436 0.218097
      vertex 22.6048 68.8 0.218097
    endloop
  endfacet
  facet normal 0.999762 0 -0.0218156
    outer loop
      vertex 22.6048 51.7436 0.218097
      vertex 22.6 51.7034 -1.64053e-14
      vertex 22.6048 68.8 0.218097
    endloop
  endfacet
  facet normal 0.999762 2.01272e-17 -0.0218156
    outer loop
      vertex 22.6048 68.8 0.218097
      vertex 22.6 51.7034 -1.64053e-14
      vertex 22.6 68.8 -6.12323e-16
    endloop
  endfacet
  facet normal 0.999762 -2.01522e-17 0.0218156
    outer loop
      vertex 22.6 51.7034 -1.64053e-14
      vertex 22.6048 51.7436 -0.218097
      vertex 22.6 68.8 -6.12323e-16
    endloop
  endfacet
  facet normal 0.999762 0 0.0218156
    outer loop
      vertex 22.6 68.8 -6.12323e-16
      vertex 22.6048 51.7436 -0.218097
      vertex 22.6048 68.8 -0.218097
    endloop
  endfacet
  facet normal 0.997859 0 0.0653957
    outer loop
      vertex 22.6048 51.7436 -0.218097
      vertex 22.619 51.7838 -0.435779
      vertex 22.6048 68.8 -0.218097
    endloop
  endfacet
  facet normal 0.997859 0 0.0653957
    outer loop
      vertex 22.6048 68.8 -0.218097
      vertex 22.619 51.7838 -0.435779
      vertex 22.619 68.8 -0.435779
    endloop
  endfacet
  facet normal 0.994056 0 0.108873
    outer loop
      vertex 22.619 51.7838 -0.435779
      vertex 22.6428 51.8239 -0.652631
      vertex 22.619 68.8 -0.435779
    endloop
  endfacet
  facet normal 0.994056 0 0.108873
    outer loop
      vertex 22.619 68.8 -0.435779
      vertex 22.6428 51.8239 -0.652631
      vertex 22.6428 68.8 -0.652631
    endloop
  endfacet
  facet normal 0.988362 0 0.15212
    outer loop
      vertex 22.6428 51.8239 -0.652631
      vertex 22.676 51.8637 -0.868241
      vertex 22.6428 68.8 -0.652631
    endloop
  endfacet
  facet normal 0.988362 0 0.15212
    outer loop
      vertex 22.6428 68.8 -0.652631
      vertex 22.676 51.8637 -0.868241
      vertex 22.676 68.8 -0.868241
    endloop
  endfacet
  facet normal 0.980785 0 0.195094
    outer loop
      vertex 22.676 51.8637 -0.868241
      vertex 22.7185 51.9032 -1.0822
      vertex 22.676 68.8 -0.868241
    endloop
  endfacet
  facet normal 0.980785 0 0.195094
    outer loop
      vertex 22.676 68.8 -0.868241
      vertex 22.7185 51.9032 -1.0822
      vertex 22.7185 68.8 -1.0822
    endloop
  endfacet
  facet normal 0.971343 0 0.237684
    outer loop
      vertex 22.7185 51.9032 -1.0822
      vertex 22.7704 51.9423 -1.2941
      vertex 22.7185 68.8 -1.0822
    endloop
  endfacet
  facet normal 0.971343 0 0.237684
    outer loop
      vertex 22.7185 68.8 -1.0822
      vertex 22.7704 51.9423 -1.2941
      vertex 22.7704 68.8 -1.2941
    endloop
  endfacet
  facet normal 0.96005 0 0.279829
    outer loop
      vertex 22.7704 51.9423 -1.2941
      vertex 22.8314 51.981 -1.50353
      vertex 22.7704 68.8 -1.2941
    endloop
  endfacet
  facet normal 0.96005 0 0.279829
    outer loop
      vertex 22.7704 68.8 -1.2941
      vertex 22.8314 51.981 -1.50353
      vertex 22.8314 68.8 -1.50353
    endloop
  endfacet
  facet normal 0.946931 0 0.321437
    outer loop
      vertex 22.8314 51.981 -1.50353
      vertex 22.9015 52.0191 -1.7101
      vertex 22.8314 68.8 -1.50353
    endloop
  endfacet
  facet normal 0.946931 0 0.321437
    outer loop
      vertex 22.8314 68.8 -1.50353
      vertex 22.9015 52.0191 -1.7101
      vertex 22.9015 68.8 -1.7101
    endloop
  endfacet
  facet normal 0.932008 0 0.362439
    outer loop
      vertex 22.9015 52.0191 -1.7101
      vertex 22.9806 52.0566 -1.91342
      vertex 22.9015 68.8 -1.7101
    endloop
  endfacet
  facet normal 0.932008 0 0.362439
    outer loop
      vertex 22.9015 68.8 -1.7101
      vertex 22.9806 52.0566 -1.91342
      vertex 22.9806 68.8 -1.91342
    endloop
  endfacet
  facet normal 0.915311 0 0.402748
    outer loop
      vertex 22.9806 52.0566 -1.91342
      vertex 23.0685 52.0935 -2.11309
      vertex 22.9806 68.8 -1.91342
    endloop
  endfacet
  facet normal 0.915311 0 0.402748
    outer loop
      vertex 22.9806 68.8 -1.91342
      vertex 23.0685 52.0935 -2.11309
      vertex 23.0685 68.8 -2.11309
    endloop
  endfacet
  facet normal 0.896872 0 0.44229
    outer loop
      vertex 23.0685 52.0935 -2.11309
      vertex 23.1649 52.1296 -2.30874
      vertex 23.0685 68.8 -2.11309
    endloop
  endfacet
  facet normal 0.896872 0 0.44229
    outer loop
      vertex 23.0685 68.8 -2.11309
      vertex 23.1649 52.1296 -2.30874
      vertex 23.1649 68.8 -2.30874
    endloop
  endfacet
  facet normal 0.876728 0 0.480987
    outer loop
      vertex 23.1649 52.1296 -2.30874
      vertex 23.2699 52.1649 -2.5
      vertex 23.1649 68.8 -2.30874
    endloop
  endfacet
  facet normal 0.876728 0 0.480987
    outer loop
      vertex 23.1649 68.8 -2.30874
      vertex 23.2699 52.1649 -2.5
      vertex 23.2699 68.8 -2.5
    endloop
  endfacet
  facet normal 0.854914 0 0.51877
    outer loop
      vertex 23.2699 52.1649 -2.5
      vertex 23.383 52.1993 -2.6865
      vertex 23.2699 68.8 -2.5
    endloop
  endfacet
  facet normal 0.854914 0 0.51877
    outer loop
      vertex 23.2699 68.8 -2.5
      vertex 23.383 52.1993 -2.6865
      vertex 23.383 68.8 -2.6865
    endloop
  endfacet
  facet normal 0.831466 0 0.555575
    outer loop
      vertex 23.383 52.1993 -2.6865
      vertex 23.5042 52.2328 -2.86788
      vertex 23.383 68.8 -2.6865
    endloop
  endfacet
  facet normal 0.831466 0 0.555575
    outer loop
      vertex 23.383 68.8 -2.6865
      vertex 23.5042 52.2328 -2.86788
      vertex 23.5042 68.8 -2.86788
    endloop
  endfacet
  facet normal 0.806444 0 0.59131
    outer loop
      vertex 23.5042 52.2328 -2.86788
      vertex 23.6332 52.2653 -3.04381
      vertex 23.5042 68.8 -2.86788
    endloop
  endfacet
  facet normal 0.806444 0 0.59131
    outer loop
      vertex 23.5042 68.8 -2.86788
      vertex 23.6332 52.2653 -3.04381
      vertex 23.6332 68.8 -3.04381
    endloop
  endfacet
  facet normal 0.779888 0 0.625919
    outer loop
      vertex 23.6332 52.2653 -3.04381
      vertex 23.7698 52.2967 -3.21394
      vertex 23.6332 68.8 -3.04381
    endloop
  endfacet
  facet normal 0.779888 0 0.625919
    outer loop
      vertex 23.6332 68.8 -3.04381
      vertex 23.7698 52.2967 -3.21394
      vertex 23.7698 68.8 -3.21394
    endloop
  endfacet
  facet normal 0.75184 0 0.659345
    outer loop
      vertex 23.7698 52.2967 -3.21394
      vertex 23.9136 52.327 -3.37795
      vertex 23.7698 68.8 -3.21394
    endloop
  endfacet
  facet normal 0.75184 0 0.659345
    outer loop
      vertex 23.7698 68.8 -3.21394
      vertex 23.9136 52.327 -3.37795
      vertex 23.9136 68.8 -3.37795
    endloop
  endfacet
  facet normal 0.722362 0 0.691516
    outer loop
      vertex 23.9136 52.327 -3.37795
      vertex 24.0645 52.3561 -3.53553
      vertex 23.9136 68.8 -3.37795
    endloop
  endfacet
  facet normal 0.722362 0 0.691516
    outer loop
      vertex 23.9136 68.8 -3.37795
      vertex 24.0645 52.3561 -3.53553
      vertex 24.0645 68.8 -3.53553
    endloop
  endfacet
  facet normal 0.699353 0 0.714777
    outer loop
      vertex 24.0645 52.3561 -3.53553
      vertex 24.1424 52.3702 -3.61182
      vertex 24.0645 68.8 -3.53553
    endloop
  endfacet
  facet normal 0.691512 -7.24455e-5 0.722365
    outer loop
      vertex 24.0645 68.8 -3.53553
      vertex 24.1424 52.3702 -3.61182
      vertex 24.222 68.8 -3.68639
    endloop
  endfacet
  facet normal 0.683588 0 0.729868
    outer loop
      vertex 24.1424 52.3702 -3.61182
      vertex 24.222 52.3839 -3.68639
      vertex 24.222 68.8 -3.68639
    endloop
  endfacet
  facet normal 0.667514 0 0.744597
    outer loop
      vertex 24.222 68.8 -3.68639
      vertex 24.222 52.3839 -3.68639
      vertex 24.3033 52.3974 -3.7592
    endloop
  endfacet
  facet normal 0.0327173 0 -0.999465
    outer loop
      vertex -27.7091 52.6262 4.99881
      vertex -27.8181 52.6256 4.99524
      vertex -27.8181 68.8 4.99524
    endloop
  endfacet
  facet normal 0.691516 0 -0.722361
    outer loop
      vertex -30.978 68.8 3.68639
      vertex -30.978 52.3839 3.68639
      vertex -31.1355 68.8 3.53553
    endloop
  endfacet
  facet normal 0.68361 -0.000144683 -0.729847
    outer loop
      vertex -30.978 52.3839 3.68639
      vertex -31.0576 52.3702 3.61182
      vertex -31.1355 68.8 3.53553
    endloop
  endfacet
  facet normal 0.625925 0 -0.779883
    outer loop
      vertex -30.8139 68.8 3.83022
      vertex -30.6438 68.8 3.96677
      vertex -30.6438 52.4357 3.96677
    endloop
  endfacet
  facet normal 0.617393 -0.000145214 -0.786655
    outer loop
      vertex -30.6438 52.4357 3.96677
      vertex -30.7296 52.4233 3.89942
      vertex -30.8139 68.8 3.83022
    endloop
  endfacet
  facet normal 0.634397 0 -0.773008
    outer loop
      vertex -30.7296 52.4233 3.89942
      vertex -30.8139 52.4105 3.83022
      vertex -30.8139 68.8 3.83022
    endloop
  endfacet
  facet normal 0.659345 0 -0.75184
    outer loop
      vertex -30.8139 68.8 3.83022
      vertex -30.8139 52.4105 3.83022
      vertex -30.978 68.8 3.68639
    endloop
  endfacet
  facet normal 0.651119 -0.000144935 -0.758975
    outer loop
      vertex -30.8139 52.4105 3.83022
      vertex -30.8967 52.3974 3.7592
      vertex -30.978 68.8 3.68639
    endloop
  endfacet
  facet normal 0.667506 0 -0.744605
    outer loop
      vertex -30.978 68.8 3.68639
      vertex -30.8967 52.3974 3.7592
      vertex -30.978 52.3839 3.68639
    endloop
  endfacet
  facet normal 0.55557 0 -0.83147
    outer loop
      vertex -30.4679 68.8 4.09576
      vertex -30.2865 68.8 4.21696
      vertex -30.2865 52.4819 4.21696
    endloop
  endfacet
  facet normal 0.546479 -0.000145637 -0.837473
    outer loop
      vertex -30.2865 52.4819 4.21696
      vertex -30.3779 52.4709 4.15735
      vertex -30.4679 68.8 4.09576
    endloop
  endfacet
  facet normal 0.564608 0 -0.82536
    outer loop
      vertex -30.3779 52.4709 4.15735
      vertex -30.4679 52.4595 4.09576
      vertex -30.4679 68.8 4.09576
    endloop
  endfacet
  facet normal 0.591309 0 -0.806445
    outer loop
      vertex -30.4679 68.8 4.09576
      vertex -30.4679 52.4595 4.09576
      vertex -30.6438 68.8 3.96677
    endloop
  endfacet
  facet normal 0.582492 -0.000145379 -0.812836
    outer loop
      vertex -30.4679 52.4595 4.09576
      vertex -30.5565 52.4478 4.03222
      vertex -30.6438 68.8 3.96677
    endloop
  endfacet
  facet normal 0.600068 0 -0.799949
    outer loop
      vertex -30.6438 68.8 3.96677
      vertex -30.5565 52.4478 4.03222
      vertex -30.6438 52.4357 3.96677
    endloop
  endfacet
  facet normal 0.480989 0 -0.876726
    outer loop
      vertex -30.1 68.8 4.33013
      vertex -29.9087 68.8 4.43505
      vertex -29.9087 52.5222 4.43505
    endloop
  endfacet
  facet normal 0.471402 -0.000146109 -0.881918
    outer loop
      vertex -29.9087 52.5222 4.43505
      vertex -30.0049 52.5127 4.38363
      vertex -30.1 68.8 4.33013
    endloop
  endfacet
  facet normal 0.49053 0 -0.871424
    outer loop
      vertex -30.0049 52.5127 4.38363
      vertex -30.1 52.5028 4.33013
      vertex -30.1 68.8 4.33013
    endloop
  endfacet
  facet normal 0.51877 0 -0.854914
    outer loop
      vertex -30.1 68.8 4.33013
      vertex -30.1 52.5028 4.33013
      vertex -30.2865 68.8 4.21696
    endloop
  endfacet
  facet normal 0.509423 -0.000145875 -0.860516
    outer loop
      vertex -30.1 52.5028 4.33013
      vertex -30.1939 52.4925 4.27456
      vertex -30.2865 68.8 4.21696
    endloop
  endfacet
  facet normal 0.528068 0 -0.849202
    outer loop
      vertex -30.2865 68.8 4.21696
      vertex -30.1939 52.4925 4.27456
      vertex -30.2865 52.4819 4.21696
    endloop
  endfacet
  facet normal 0.402747 0 -0.915311
    outer loop
      vertex -29.7131 68.8 4.53154
      vertex -29.5134 68.8 4.6194
      vertex -29.5134 52.5562 4.6194
    endloop
  endfacet
  facet normal 0.392748 -0.000146353 -0.919646
    outer loop
      vertex -29.5134 52.5562 4.6194
      vertex -29.6137 52.5483 4.57656
      vertex -29.7131 68.8 4.53154
    endloop
  endfacet
  facet normal 0.412708 0 -0.910863
    outer loop
      vertex -29.6137 52.5483 4.57656
      vertex -29.7131 52.54 4.53154
      vertex -29.7131 68.8 4.53154
    endloop
  endfacet
  facet normal 0.442289 0 -0.896873
    outer loop
      vertex -29.7131 68.8 4.53154
      vertex -29.7131 52.54 4.53154
      vertex -29.9087 68.8 4.43505
    endloop
  endfacet
  facet normal 0.432486 -0.000146251 -0.901641
    outer loop
      vertex -29.7131 52.54 4.53154
      vertex -29.8114 52.5313 4.48436
      vertex -29.9087 68.8 4.43505
    endloop
  endfacet
  facet normal 0.45205 0 -0.891993
    outer loop
      vertex -29.9087 68.8 4.43505
      vertex -29.8114 52.5313 4.48436
      vertex -29.9087 52.5222 4.43505
    endloop
  endfacet
  facet normal 0.321438 0 -0.946931
    outer loop
      vertex -29.3101 68.8 4.69846
      vertex -29.1035 68.8 4.76858
      vertex -29.1035 52.5837 4.76858
    endloop
  endfacet
  facet normal 0.311097 -0.000146633 -0.950378
    outer loop
      vertex -29.1035 52.5837 4.76858
      vertex -29.2072 52.5775 4.73465
      vertex -29.3101 68.8 4.69846
    endloop
  endfacet
  facet normal 0.331748 0 -0.943368
    outer loop
      vertex -29.2072 52.5775 4.73465
      vertex -29.3101 52.5708 4.69846
      vertex -29.3101 68.8 4.69846
    endloop
  endfacet
  facet normal 0.36244 0 -0.932007
    outer loop
      vertex -29.3101 68.8 4.69846
      vertex -29.3101 52.5708 4.69846
      vertex -29.5134 68.8 4.6194
    endloop
  endfacet
  facet normal 0.352266 -0.000146427 -0.9359
    outer loop
      vertex -29.3101 52.5708 4.69846
      vertex -29.4122 52.5637 4.66004
      vertex -29.5134 68.8 4.6194
    endloop
  endfacet
  facet normal 0.372581 0 -0.928
    outer loop
      vertex -29.5134 68.8 4.6194
      vertex -29.4122 52.5637 4.66004
      vertex -29.5134 52.5562 4.6194
    endloop
  endfacet
  facet normal 0.237687 0 -0.971342
    outer loop
      vertex -28.8941 68.8 4.82963
      vertex -28.6822 68.8 4.88148
      vertex -28.6822 52.6046 4.88148
    endloop
  endfacet
  facet normal 0.227086 -0.000146802 -0.973875
    outer loop
      vertex -28.6822 52.6046 4.88148
      vertex -28.7884 52.6 4.85671
      vertex -28.8941 68.8 4.82963
    endloop
  endfacet
  facet normal 0.248265 0 -0.968692
    outer loop
      vertex -28.7884 52.6 4.85671
      vertex -28.8941 52.595 4.82963
      vertex -28.8941 68.8 4.82963
    endloop
  endfacet
  facet normal 0.279829 0 -0.96005
    outer loop
      vertex -28.8941 68.8 4.82963
      vertex -28.8941 52.595 4.82963
      vertex -29.1035 68.8 4.76858
    endloop
  endfacet
  facet normal 0.269349 -0.000146721 -0.963043
    outer loop
      vertex -28.8941 52.595 4.82963
      vertex -28.9991 52.5896 4.80025
      vertex -29.1035 68.8 4.76858
    endloop
  endfacet
  facet normal 0.290283 0 -0.956941
    outer loop
      vertex -29.1035 68.8 4.76858
      vertex -28.9991 52.5896 4.80025
      vertex -29.1035 52.5837 4.76858
    endloop
  endfacet
  facet normal 0.152123 0 -0.988362
    outer loop
      vertex -28.4682 68.8 4.92404
      vertex -28.2526 68.8 4.95722
      vertex -28.2526 52.6186 4.95722
    endloop
  endfacet
  facet normal 0.141337 -0.000147 -0.989961
    outer loop
      vertex -28.2526 52.6186 4.95722
      vertex -28.3606 52.6157 4.94181
      vertex -28.4682 68.8 4.92404
    endloop
  endfacet
  facet normal 0.162895 0 -0.986643
    outer loop
      vertex -28.3606 52.6157 4.94181
      vertex -28.4682 52.6124 4.92404
      vertex -28.4682 68.8 4.92404
    endloop
  endfacet
  facet normal 0.195089 0 -0.980786
    outer loop
      vertex -28.4682 68.8 4.92404
      vertex -28.4682 52.6124 4.92404
      vertex -28.6822 68.8 4.88148
    endloop
  endfacet
  facet normal 0.184383 -0.000146943 -0.982854
    outer loop
      vertex -28.4682 52.6124 4.92404
      vertex -28.5755 52.6087 4.90393
      vertex -28.6822 68.8 4.88148
    endloop
  endfacet
  facet normal 0.205777 0 -0.978599
    outer loop
      vertex -28.6822 68.8 4.88148
      vertex -28.5755 52.6087 4.90393
      vertex -28.6822 52.6046 4.88148
    endloop
  endfacet
  facet normal 0.0654043 0 -0.997859
    outer loop
      vertex -27.8181 68.8 4.99524
      vertex -27.8181 52.6256 4.99524
      vertex -28.0358 68.8 4.98097
    endloop
  endfacet
  facet normal 0.0545163 -0.000147112 -0.998513
    outer loop
      vertex -27.8181 52.6256 4.99524
      vertex -27.927 52.6245 4.98929
      vertex -28.0358 68.8 4.98097
    endloop
  endfacet
  facet normal 0.0762858 0 -0.997086
    outer loop
      vertex -27.927 52.6245 4.98929
      vertex -28.0358 52.6229 4.98097
      vertex -28.0358 68.8 4.98097
    endloop
  endfacet
  facet normal 0.108867 0 -0.994056
    outer loop
      vertex -28.0358 68.8 4.98097
      vertex -28.0358 52.6229 4.98097
      vertex -28.2526 68.8 4.95722
    endloop
  endfacet
  facet normal 0.0980185 -0.000147075 -0.995185
    outer loop
      vertex -28.0358 52.6229 4.98097
      vertex -28.1443 52.621 4.97028
      vertex -28.2526 68.8 4.95722
    endloop
  endfacet
  facet normal 0.119704 0 -0.99281
    outer loop
      vertex -28.2526 68.8 4.95722
      vertex -28.1443 52.621 4.97028
      vertex -28.2526 52.6186 4.95722
    endloop
  endfacet
  facet normal 0.0109074 -0.000147118 -0.999941
    outer loop
      vertex -27.7091 52.6262 4.99881
      vertex -27.8181 68.8 4.99524
      vertex -27.6 52.6265 5
    endloop
  endfacet
  facet normal 0.0218135 0 -0.999762
    outer loop
      vertex -27.8181 68.8 4.99524
      vertex -27.6 68.8 5
      vertex -27.6 52.6265 5
    endloop
  endfacet
  facet normal -0.0109072 0 -0.999941
    outer loop
      vertex -27.6 52.6265 5
      vertex -27.6 68.8 5
      vertex -27.4909 52.6262 4.99881
    endloop
  endfacet
  facet normal -0.0218135 -7.35647e-5 -0.999762
    outer loop
      vertex -27.6 68.8 5
      vertex -27.3819 68.8 4.99524
      vertex -27.4909 52.6262 4.99881
    endloop
  endfacet
  facet normal -0.0327173 0 -0.999465
    outer loop
      vertex -27.4909 52.6262 4.99881
      vertex -27.3819 68.8 4.99524
      vertex -27.3819 52.6256 4.99524
    endloop
  endfacet
  facet normal -0.0545148 0 -0.998513
    outer loop
      vertex -27.3819 52.6256 4.99524
      vertex -27.3819 68.8 4.99524
      vertex -27.273 52.6245 4.98929
    endloop
  endfacet
  facet normal -0.0654043 -7.35648e-5 -0.997859
    outer loop
      vertex -27.3819 68.8 4.99524
      vertex -27.1642 68.8 4.98097
      vertex -27.273 52.6245 4.98929
    endloop
  endfacet
  facet normal -0.0762858 0 -0.997086
    outer loop
      vertex -27.273 52.6245 4.98929
      vertex -27.1642 68.8 4.98097
      vertex -27.1642 52.6229 4.98097
    endloop
  endfacet
  facet normal -0.0980158 0 -0.995185
    outer loop
      vertex -27.1642 52.6229 4.98097
      vertex -27.1642 68.8 4.98097
      vertex -27.0557 52.621 4.97028
    endloop
  endfacet
  facet normal -0.108868 -7.35566e-5 -0.994056
    outer loop
      vertex -27.1642 68.8 4.98097
      vertex -26.9474 68.8 4.95722
      vertex -27.0557 52.621 4.97028
    endloop
  endfacet
  facet normal -0.119706 0 -0.992809
    outer loop
      vertex -27.0557 52.621 4.97028
      vertex -26.9474 68.8 4.95722
      vertex -26.9474 52.6186 4.95722
    endloop
  endfacet
  facet normal -0.141331 0 -0.989962
    outer loop
      vertex -26.9474 52.6186 4.95722
      vertex -26.9474 68.8 4.95722
      vertex -26.8394 52.6157 4.94181
    endloop
  endfacet
  facet normal -0.152122 -7.35261e-5 -0.988362
    outer loop
      vertex -26.9474 68.8 4.95722
      vertex -26.7318 68.8 4.92404
      vertex -26.8394 52.6157 4.94181
    endloop
  endfacet
  facet normal -0.162895 0 -0.986643
    outer loop
      vertex -26.8394 52.6157 4.94181
      vertex -26.7318 68.8 4.92404
      vertex -26.7318 52.6124 4.92404
    endloop
  endfacet
  facet normal -0.184381 0 -0.982855
    outer loop
      vertex -26.7318 52.6124 4.92404
      vertex -26.7318 68.8 4.92404
      vertex -26.6245 52.6087 4.90393
    endloop
  endfacet
  facet normal -0.195091 -7.34819e-5 -0.980785
    outer loop
      vertex -26.7318 68.8 4.92404
      vertex -26.5178 68.8 4.88148
      vertex -26.6245 52.6087 4.90393
    endloop
  endfacet
  facet normal -0.205777 0 -0.978599
    outer loop
      vertex -26.6245 52.6087 4.90393
      vertex -26.5178 68.8 4.88148
      vertex -26.5178 52.6046 4.88148
    endloop
  endfacet
  facet normal -0.227077 0 -0.973877
    outer loop
      vertex -26.5178 52.6046 4.88148
      vertex -26.5178 68.8 4.88148
      vertex -26.4116 52.6 4.85671
    endloop
  endfacet
  facet normal -0.237685 -7.34393e-5 -0.971342
    outer loop
      vertex -26.5178 68.8 4.88148
      vertex -26.3059 68.8 4.82963
      vertex -26.4116 52.6 4.85671
    endloop
  endfacet
  facet normal -0.248265 0 -0.968692
    outer loop
      vertex -26.4116 52.6 4.85671
      vertex -26.3059 68.8 4.82963
      vertex -26.3059 52.595 4.82963
    endloop
  endfacet
  facet normal -0.269342 0 -0.963045
    outer loop
      vertex -26.3059 52.595 4.82963
      vertex -26.3059 68.8 4.82963
      vertex -26.2009 52.5896 4.80025
    endloop
  endfacet
  facet normal -0.279829 -7.33893e-5 -0.96005
    outer loop
      vertex -26.3059 68.8 4.82963
      vertex -26.0965 68.8 4.76858
      vertex -26.2009 52.5896 4.80025
    endloop
  endfacet
  facet normal -0.290283 0 -0.956941
    outer loop
      vertex -26.2009 52.5896 4.80025
      vertex -26.0965 68.8 4.76858
      vertex -26.0965 52.5837 4.76858
    endloop
  endfacet
  facet normal -0.311094 0 -0.950379
    outer loop
      vertex -26.0965 52.5837 4.76858
      vertex -26.0965 68.8 4.76858
      vertex -25.9928 52.5775 4.73465
    endloop
  endfacet
  facet normal -0.32144 -7.3331e-5 -0.94693
    outer loop
      vertex -26.0965 68.8 4.76858
      vertex -25.8899 68.8 4.69846
      vertex -25.9928 52.5775 4.73465
    endloop
  endfacet
  facet normal -0.331748 0 -0.943368
    outer loop
      vertex -25.9928 52.5775 4.73465
      vertex -25.8899 68.8 4.69846
      vertex -25.8899 52.5708 4.69846
    endloop
  endfacet
  facet normal -0.352252 0 -0.935905
    outer loop
      vertex -25.8899 52.5708 4.69846
      vertex -25.8899 68.8 4.69846
      vertex -25.7878 52.5637 4.66004
    endloop
  endfacet
  facet normal -0.362438 -7.32702e-5 -0.932008
    outer loop
      vertex -25.8899 68.8 4.69846
      vertex -25.6866 68.8 4.6194
      vertex -25.7878 52.5637 4.66004
    endloop
  endfacet
  facet normal -0.372581 0 -0.928
    outer loop
      vertex -25.7878 52.5637 4.66004
      vertex -25.6866 68.8 4.6194
      vertex -25.6866 52.5562 4.6194
    endloop
  endfacet
  facet normal -0.392739 0 -0.91965
    outer loop
      vertex -25.6866 52.5562 4.6194
      vertex -25.6866 68.8 4.6194
      vertex -25.5863 52.5483 4.57656
    endloop
  endfacet
  facet normal -0.402747 -7.32167e-5 -0.915311
    outer loop
      vertex -25.6866 68.8 4.6194
      vertex -25.4869 68.8 4.53154
      vertex -25.5863 52.5483 4.57656
    endloop
  endfacet
  facet normal -0.412708 0 -0.910863
    outer loop
      vertex -25.5863 52.5483 4.57656
      vertex -25.4869 68.8 4.53154
      vertex -25.4869 52.54 4.53154
    endloop
  endfacet
  facet normal -0.432482 0 -0.901643
    outer loop
      vertex -25.4869 52.54 4.53154
      vertex -25.4869 68.8 4.53154
      vertex -25.3886 52.5313 4.48436
    endloop
  endfacet
  facet normal -0.442289 -7.31186e-5 -0.896873
    outer loop
      vertex -25.4869 68.8 4.53154
      vertex -25.2913 68.8 4.43505
      vertex -25.3886 52.5313 4.48436
    endloop
  endfacet
  facet normal -0.452043 0 -0.891996
    outer loop
      vertex -25.3886 52.5313 4.48436
      vertex -25.2913 68.8 4.43505
      vertex -25.2913 52.5222 4.43505
    endloop
  endfacet
  facet normal -0.471398 0 -0.881921
    outer loop
      vertex -25.2913 52.5222 4.43505
      vertex -25.2913 68.8 4.43505
      vertex -25.1951 52.5127 4.38363
    endloop
  endfacet
  facet normal -0.480989 -7.30473e-5 -0.876726
    outer loop
      vertex -25.2913 68.8 4.43505
      vertex -25.1 68.8 4.33013
      vertex -25.1951 52.5127 4.38363
    endloop
  endfacet
  facet normal -0.490523 0 -0.871428
    outer loop
      vertex -25.1951 52.5127 4.38363
      vertex -25.1 68.8 4.33013
      vertex -25.1 52.5028 4.33013
    endloop
  endfacet
  facet normal -0.509419 0 -0.860519
    outer loop
      vertex -25.1 52.5028 4.33013
      vertex -25.1 68.8 4.33013
      vertex -25.0061 52.4925 4.27456
    endloop
  endfacet
  facet normal -0.518774 -7.29588e-5 -0.854911
    outer loop
      vertex -25.1 68.8 4.33013
      vertex -24.9135 68.8 4.21696
      vertex -25.0061 52.4925 4.27456
    endloop
  endfacet
  facet normal -0.528068 0 -0.849202
    outer loop
      vertex -25.0061 52.4925 4.27456
      vertex -24.9135 68.8 4.21696
      vertex -24.9135 52.4819 4.21696
    endloop
  endfacet
  facet normal -0.546467 0 -0.837481
    outer loop
      vertex -24.9135 52.4819 4.21696
      vertex -24.9135 68.8 4.21696
      vertex -24.8221 52.4709 4.15735
    endloop
  endfacet
  facet normal -0.55557 -7.2872e-5 -0.83147
    outer loop
      vertex -24.9135 68.8 4.21696
      vertex -24.7321 68.8 4.09576
      vertex -24.8221 52.4709 4.15735
    endloop
  endfacet
  facet normal -0.564608 0 -0.82536
    outer loop
      vertex -24.8221 52.4709 4.15735
      vertex -24.7321 68.8 4.09576
      vertex -24.7321 52.4595 4.09576
    endloop
  endfacet
  facet normal -0.582471 0 -0.812851
    outer loop
      vertex -24.7321 52.4595 4.09576
      vertex -24.7321 68.8 4.09576
      vertex -24.6435 52.4478 4.03222
    endloop
  endfacet
  facet normal -0.591309 -7.28134e-5 -0.806445
    outer loop
      vertex -24.7321 68.8 4.09576
      vertex -24.5562 68.8 3.96677
      vertex -24.6435 52.4478 4.03222
    endloop
  endfacet
  facet normal -0.600076 0 -0.799943
    outer loop
      vertex -24.6435 52.4478 4.03222
      vertex -24.5562 68.8 3.96677
      vertex -24.5562 52.4357 3.96677
    endloop
  endfacet
  facet normal -0.61738 0 -0.786665
    outer loop
      vertex -24.5562 52.4357 3.96677
      vertex -24.5562 68.8 3.96677
      vertex -24.4704 52.4233 3.89942
    endloop
  endfacet
  facet normal -0.625921 -7.2631e-5 -0.779886
    outer loop
      vertex -24.5562 68.8 3.96677
      vertex -24.3861 68.8 3.83022
      vertex -24.4704 52.4233 3.89942
    endloop
  endfacet
  facet normal -0.634388 0 -0.773015
    outer loop
      vertex -24.4704 52.4233 3.89942
      vertex -24.3861 68.8 3.83022
      vertex -24.3861 52.4105 3.83022
    endloop
  endfacet
  facet normal -0.651106 0 -0.758987
    outer loop
      vertex -24.3861 52.4105 3.83022
      vertex -24.3861 68.8 3.83022
      vertex -24.3033 52.3974 3.7592
    endloop
  endfacet
  facet normal -0.659349 -7.25671e-5 -0.751837
    outer loop
      vertex -24.3861 68.8 3.83022
      vertex -24.222 68.8 3.68639
      vertex -24.3033 52.3974 3.7592
    endloop
  endfacet
  facet normal -0.667514 0 -0.744597
    outer loop
      vertex -24.3033 52.3974 3.7592
      vertex -24.222 68.8 3.68639
      vertex -24.222 52.3839 3.68639
    endloop
  endfacet
  facet normal -0.683588 0 -0.729868
    outer loop
      vertex -24.222 52.3839 3.68639
      vertex -24.222 68.8 3.68639
      vertex -24.1424 52.3702 3.61182
    endloop
  endfacet
  facet normal -0.691512 -7.24455e-5 -0.722365
    outer loop
      vertex -24.222 68.8 3.68639
      vertex -24.0645 68.8 3.53553
      vertex -24.1424 52.3702 3.61182
    endloop
  endfacet
  facet normal -0.699353 0 -0.714777
    outer loop
      vertex -24.1424 52.3702 3.61182
      vertex -24.0645 68.8 3.53553
      vertex -24.0645 52.3561 3.53553
    endloop
  endfacet
  facet normal -0.722362 0 -0.691516
    outer loop
      vertex -24.0645 68.8 3.53553
      vertex -23.9136 68.8 3.37795
      vertex -24.0645 52.3561 3.53553
    endloop
  endfacet
  facet normal -0.722362 0 -0.691516
    outer loop
      vertex -24.0645 52.3561 3.53553
      vertex -23.9136 68.8 3.37795
      vertex -23.9136 52.327 3.37795
    endloop
  endfacet
  facet normal -0.75184 0 -0.659345
    outer loop
      vertex -23.9136 68.8 3.37795
      vertex -23.7698 68.8 3.21394
      vertex -23.9136 52.327 3.37795
    endloop
  endfacet
  facet normal -0.75184 0 -0.659345
    outer loop
      vertex -23.9136 52.327 3.37795
      vertex -23.7698 68.8 3.21394
      vertex -23.7698 52.2967 3.21394
    endloop
  endfacet
  facet normal -0.779888 0 -0.625919
    outer loop
      vertex -23.7698 68.8 3.21394
      vertex -23.6332 68.8 3.04381
      vertex -23.7698 52.2967 3.21394
    endloop
  endfacet
  facet normal -0.779888 0 -0.625919
    outer loop
      vertex -23.7698 52.2967 3.21394
      vertex -23.6332 68.8 3.04381
      vertex -23.6332 52.2653 3.04381
    endloop
  endfacet
  facet normal -0.806444 0 -0.59131
    outer loop
      vertex -23.6332 68.8 3.04381
      vertex -23.5042 68.8 2.86788
      vertex -23.6332 52.2653 3.04381
    endloop
  endfacet
  facet normal -0.806444 0 -0.59131
    outer loop
      vertex -23.6332 52.2653 3.04381
      vertex -23.5042 68.8 2.86788
      vertex -23.5042 52.2328 2.86788
    endloop
  endfacet
  facet normal -0.831466 0 -0.555575
    outer loop
      vertex -23.5042 68.8 2.86788
      vertex -23.383 68.8 2.6865
      vertex -23.5042 52.2328 2.86788
    endloop
  endfacet
  facet normal -0.831466 0 -0.555575
    outer loop
      vertex -23.5042 52.2328 2.86788
      vertex -23.383 68.8 2.6865
      vertex -23.383 52.1993 2.6865
    endloop
  endfacet
  facet normal -0.854914 0 -0.51877
    outer loop
      vertex -23.383 68.8 2.6865
      vertex -23.2699 68.8 2.5
      vertex -23.383 52.1993 2.6865
    endloop
  endfacet
  facet normal -0.854914 0 -0.51877
    outer loop
      vertex -23.383 52.1993 2.6865
      vertex -23.2699 68.8 2.5
      vertex -23.2699 52.1649 2.5
    endloop
  endfacet
  facet normal -0.876728 0 -0.480987
    outer loop
      vertex -23.2699 68.8 2.5
      vertex -23.1649 68.8 2.30874
      vertex -23.2699 52.1649 2.5
    endloop
  endfacet
  facet normal -0.876728 0 -0.480987
    outer loop
      vertex -23.2699 52.1649 2.5
      vertex -23.1649 68.8 2.30874
      vertex -23.1649 52.1296 2.30874
    endloop
  endfacet
  facet normal -0.896872 0 -0.44229
    outer loop
      vertex -23.1649 68.8 2.30874
      vertex -23.0685 68.8 2.11309
      vertex -23.1649 52.1296 2.30874
    endloop
  endfacet
  facet normal -0.896872 0 -0.44229
    outer loop
      vertex -23.1649 52.1296 2.30874
      vertex -23.0685 68.8 2.11309
      vertex -23.0685 52.0935 2.11309
    endloop
  endfacet
  facet normal -0.915311 0 -0.402748
    outer loop
      vertex -23.0685 68.8 2.11309
      vertex -22.9806 68.8 1.91342
      vertex -23.0685 52.0935 2.11309
    endloop
  endfacet
  facet normal -0.915311 0 -0.402748
    outer loop
      vertex -23.0685 52.0935 2.11309
      vertex -22.9806 68.8 1.91342
      vertex -22.9806 52.0566 1.91342
    endloop
  endfacet
  facet normal -0.932008 0 -0.362439
    outer loop
      vertex -22.9806 68.8 1.91342
      vertex -22.9015 68.8 1.7101
      vertex -22.9806 52.0566 1.91342
    endloop
  endfacet
  facet normal -0.932008 0 -0.362439
    outer loop
      vertex -22.9806 52.0566 1.91342
      vertex -22.9015 68.8 1.7101
      vertex -22.9015 52.0191 1.7101
    endloop
  endfacet
  facet normal -0.946931 0 -0.321437
    outer loop
      vertex -22.9015 68.8 1.7101
      vertex -22.8314 68.8 1.50353
      vertex -22.9015 52.0191 1.7101
    endloop
  endfacet
  facet normal -0.946931 0 -0.321437
    outer loop
      vertex -22.9015 52.0191 1.7101
      vertex -22.8314 68.8 1.50353
      vertex -22.8314 51.981 1.50353
    endloop
  endfacet
  facet normal -0.96005 0 -0.279829
    outer loop
      vertex -22.8314 68.8 1.50353
      vertex -22.7704 68.8 1.2941
      vertex -22.8314 51.981 1.50353
    endloop
  endfacet
  facet normal -0.96005 0 -0.279829
    outer loop
      vertex -22.8314 51.981 1.50353
      vertex -22.7704 68.8 1.2941
      vertex -22.7704 51.9423 1.2941
    endloop
  endfacet
  facet normal -0.971343 0 -0.237684
    outer loop
      vertex -22.7704 68.8 1.2941
      vertex -22.7185 68.8 1.0822
      vertex -22.7704 51.9423 1.2941
    endloop
  endfacet
  facet normal -0.971343 0 -0.237684
    outer loop
      vertex -22.7704 51.9423 1.2941
      vertex -22.7185 68.8 1.0822
      vertex -22.7185 51.9032 1.0822
    endloop
  endfacet
  facet normal -0.980785 0 -0.195094
    outer loop
      vertex -22.7185 68.8 1.0822
      vertex -22.676 68.8 0.868241
      vertex -22.7185 51.9032 1.0822
    endloop
  endfacet
  facet normal -0.980785 0 -0.195094
    outer loop
      vertex -22.7185 51.9032 1.0822
      vertex -22.676 68.8 0.868241
      vertex -22.676 51.8637 0.868241
    endloop
  endfacet
  facet normal -0.988362 0 -0.15212
    outer loop
      vertex -22.676 68.8 0.868241
      vertex -22.6428 68.8 0.652631
      vertex -22.676 51.8637 0.868241
    endloop
  endfacet
  facet normal -0.988362 0 -0.15212
    outer loop
      vertex -22.676 51.8637 0.868241
      vertex -22.6428 68.8 0.652631
      vertex -22.6428 51.8239 0.652631
    endloop
  endfacet
  facet normal -0.994056 0 -0.108873
    outer loop
      vertex -22.6428 68.8 0.652631
      vertex -22.619 68.8 0.435779
      vertex -22.6428 51.8239 0.652631
    endloop
  endfacet
  facet normal -0.994056 0 -0.108873
    outer loop
      vertex -22.6428 51.8239 0.652631
      vertex -22.619 68.8 0.435779
      vertex -22.619 51.7838 0.435779
    endloop
  endfacet
  facet normal -0.997859 0 -0.0653957
    outer loop
      vertex -22.619 68.8 0.435779
      vertex -22.6048 68.8 0.218097
      vertex -22.619 51.7838 0.435779
    endloop
  endfacet
  facet normal -0.997859 0 -0.0653957
    outer loop
      vertex -22.619 51.7838 0.435779
      vertex -22.6048 68.8 0.218097
      vertex -22.6048 51.7436 0.218097
    endloop
  endfacet
  facet normal -0.999762 0 -0.0218156
    outer loop
      vertex -22.6048 68.8 0.218097
      vertex -22.6 68.8 -2.57176e-15
      vertex -22.6048 51.7436 0.218097
    endloop
  endfacet
  facet normal -0.999762 1.76321e-17 -0.0218156
    outer loop
      vertex -22.6048 51.7436 0.218097
      vertex -22.6 68.8 -2.57176e-15
      vertex -22.6 51.7034 -1.64053e-14
    endloop
  endfacet
  facet normal -0.999762 -1.76519e-17 0.0218156
    outer loop
      vertex -22.6 68.8 -2.57176e-15
      vertex -22.6048 68.8 -0.218097
      vertex -22.6 51.7034 -1.64053e-14
    endloop
  endfacet
  facet normal -0.999762 0 0.0218156
    outer loop
      vertex -22.6 51.7034 -1.64053e-14
      vertex -22.6048 68.8 -0.218097
      vertex -22.6048 51.7436 -0.218097
    endloop
  endfacet
  facet normal -0.997859 0 0.0653957
    outer loop
      vertex -22.6048 68.8 -0.218097
      vertex -22.619 68.8 -0.435779
      vertex -22.6048 51.7436 -0.218097
    endloop
  endfacet
  facet normal -0.997859 0 0.0653957
    outer loop
      vertex -22.6048 51.7436 -0.218097
      vertex -22.619 68.8 -0.435779
      vertex -22.619 51.7838 -0.435779
    endloop
  endfacet
  facet normal -0.994056 0 0.108873
    outer loop
      vertex -22.619 68.8 -0.435779
      vertex -22.6428 68.8 -0.652631
      vertex -22.619 51.7838 -0.435779
    endloop
  endfacet
  facet normal -0.994056 0 0.108873
    outer loop
      vertex -22.619 51.7838 -0.435779
      vertex -22.6428 68.8 -0.652631
      vertex -22.6428 51.8239 -0.652631
    endloop
  endfacet
  facet normal -0.988362 0 0.15212
    outer loop
      vertex -22.6428 68.8 -0.652631
      vertex -22.676 68.8 -0.868241
      vertex -22.6428 51.8239 -0.652631
    endloop
  endfacet
  facet normal -0.988362 0 0.15212
    outer loop
      vertex -22.6428 51.8239 -0.652631
      vertex -22.676 68.8 -0.868241
      vertex -22.676 51.8637 -0.868241
    endloop
  endfacet
  facet normal -0.980785 0 0.195094
    outer loop
      vertex -22.676 68.8 -0.868241
      vertex -22.7185 68.8 -1.0822
      vertex -22.676 51.8637 -0.868241
    endloop
  endfacet
  facet normal -0.980785 0 0.195094
    outer loop
      vertex -22.676 51.8637 -0.868241
      vertex -22.7185 68.8 -1.0822
      vertex -22.7185 51.9032 -1.0822
    endloop
  endfacet
  facet normal -0.971343 0 0.237684
    outer loop
      vertex -22.7185 68.8 -1.0822
      vertex -22.7704 68.8 -1.2941
      vertex -22.7185 51.9032 -1.0822
    endloop
  endfacet
  facet normal -0.971343 0 0.237684
    outer loop
      vertex -22.7185 51.9032 -1.0822
      vertex -22.7704 68.8 -1.2941
      vertex -22.7704 51.9423 -1.2941
    endloop
  endfacet
  facet normal -0.96005 0 0.279829
    outer loop
      vertex -22.7704 68.8 -1.2941
      vertex -22.8314 68.8 -1.50353
      vertex -22.7704 51.9423 -1.2941
    endloop
  endfacet
  facet normal -0.96005 0 0.279829
    outer loop
      vertex -22.7704 51.9423 -1.2941
      vertex -22.8314 68.8 -1.50353
      vertex -22.8314 51.981 -1.50353
    endloop
  endfacet
  facet normal -0.946931 0 0.321437
    outer loop
      vertex -22.8314 68.8 -1.50353
      vertex -22.9015 68.8 -1.7101
      vertex -22.8314 51.981 -1.50353
    endloop
  endfacet
  facet normal -0.946931 0 0.321437
    outer loop
      vertex -22.8314 51.981 -1.50353
      vertex -22.9015 68.8 -1.7101
      vertex -22.9015 52.0191 -1.7101
    endloop
  endfacet
  facet normal -0.932008 0 0.362439
    outer loop
      vertex -22.9015 68.8 -1.7101
      vertex -22.9806 68.8 -1.91342
      vertex -22.9015 52.0191 -1.7101
    endloop
  endfacet
  facet normal -0.932008 0 0.362439
    outer loop
      vertex -22.9015 52.0191 -1.7101
      vertex -22.9806 68.8 -1.91342
      vertex -22.9806 52.0566 -1.91342
    endloop
  endfacet
  facet normal -0.915311 0 0.402748
    outer loop
      vertex -22.9806 68.8 -1.91342
      vertex -23.0685 68.8 -2.11309
      vertex -22.9806 52.0566 -1.91342
    endloop
  endfacet
  facet normal -0.915311 0 0.402748
    outer loop
      vertex -22.9806 52.0566 -1.91342
      vertex -23.0685 68.8 -2.11309
      vertex -23.0685 52.0935 -2.11309
    endloop
  endfacet
  facet normal -0.896872 0 0.44229
    outer loop
      vertex -23.0685 68.8 -2.11309
      vertex -23.1649 68.8 -2.30874
      vertex -23.0685 52.0935 -2.11309
    endloop
  endfacet
  facet normal -0.896872 0 0.44229
    outer loop
      vertex -23.0685 52.0935 -2.11309
      vertex -23.1649 68.8 -2.30874
      vertex -23.1649 52.1296 -2.30874
    endloop
  endfacet
  facet normal -0.876728 0 0.480987
    outer loop
      vertex -23.1649 68.8 -2.30874
      vertex -23.2699 68.8 -2.5
      vertex -23.1649 52.1296 -2.30874
    endloop
  endfacet
  facet normal -0.876728 0 0.480987
    outer loop
      vertex -23.1649 52.1296 -2.30874
      vertex -23.2699 68.8 -2.5
      vertex -23.2699 52.1649 -2.5
    endloop
  endfacet
  facet normal -0.854914 0 0.51877
    outer loop
      vertex -23.2699 68.8 -2.5
      vertex -23.383 68.8 -2.6865
      vertex -23.2699 52.1649 -2.5
    endloop
  endfacet
  facet normal -0.854914 0 0.51877
    outer loop
      vertex -23.2699 52.1649 -2.5
      vertex -23.383 68.8 -2.6865
      vertex -23.383 52.1993 -2.6865
    endloop
  endfacet
  facet normal -0.831466 0 0.555575
    outer loop
      vertex -23.383 68.8 -2.6865
      vertex -23.5042 68.8 -2.86788
      vertex -23.383 52.1993 -2.6865
    endloop
  endfacet
  facet normal -0.831466 0 0.555575
    outer loop
      vertex -23.383 52.1993 -2.6865
      vertex -23.5042 68.8 -2.86788
      vertex -23.5042 52.2328 -2.86788
    endloop
  endfacet
  facet normal -0.806444 0 0.59131
    outer loop
      vertex -23.5042 68.8 -2.86788
      vertex -23.6332 68.8 -3.04381
      vertex -23.5042 52.2328 -2.86788
    endloop
  endfacet
  facet normal -0.806444 0 0.59131
    outer loop
      vertex -23.5042 52.2328 -2.86788
      vertex -23.6332 68.8 -3.04381
      vertex -23.6332 52.2653 -3.04381
    endloop
  endfacet
  facet normal -0.779888 0 0.625919
    outer loop
      vertex -23.6332 68.8 -3.04381
      vertex -23.7698 68.8 -3.21394
      vertex -23.6332 52.2653 -3.04381
    endloop
  endfacet
  facet normal -0.779888 0 0.625919
    outer loop
      vertex -23.6332 52.2653 -3.04381
      vertex -23.7698 68.8 -3.21394
      vertex -23.7698 52.2967 -3.21394
    endloop
  endfacet
  facet normal -0.75184 0 0.659345
    outer loop
      vertex -23.7698 68.8 -3.21394
      vertex -23.9136 68.8 -3.37795
      vertex -23.7698 52.2967 -3.21394
    endloop
  endfacet
  facet normal -0.75184 0 0.659345
    outer loop
      vertex -23.7698 52.2967 -3.21394
      vertex -23.9136 68.8 -3.37795
      vertex -23.9136 52.327 -3.37795
    endloop
  endfacet
  facet normal -0.722362 0 0.691516
    outer loop
      vertex -23.9136 68.8 -3.37795
      vertex -24.0645 68.8 -3.53553
      vertex -23.9136 52.327 -3.37795
    endloop
  endfacet
  facet normal -0.722362 0 0.691516
    outer loop
      vertex -23.9136 52.327 -3.37795
      vertex -24.0645 68.8 -3.53553
      vertex -24.0645 52.3561 -3.53553
    endloop
  endfacet
  facet normal -0.691512 0 0.722365
    outer loop
      vertex -24.222 68.8 -3.68639
      vertex -24.222 52.3839 -3.68639
      vertex -24.0645 68.8 -3.53553
    endloop
  endfacet
  facet normal -0.683602 -0.000144761 0.729855
    outer loop
      vertex -24.222 52.3839 -3.68639
      vertex -24.1424 52.3702 -3.61182
      vertex -24.0645 68.8 -3.53553
    endloop
  endfacet
  facet normal -0.699353 0 0.714777
    outer loop
      vertex -24.0645 68.8 -3.53553
      vertex -24.1424 52.3702 -3.61182
      vertex -24.0645 52.3561 -3.53553
    endloop
  endfacet
  facet normal -0.625921 0 0.779886
    outer loop
      vertex -24.3861 68.8 -3.83022
      vertex -24.5562 68.8 -3.96677
      vertex -24.5562 52.4357 -3.96677
    endloop
  endfacet
  facet normal -0.617393 -0.000145144 0.786655
    outer loop
      vertex -24.5562 52.4357 -3.96677
      vertex -24.4704 52.4233 -3.89942
      vertex -24.3861 68.8 -3.83022
    endloop
  endfacet
  facet normal -0.634388 0 0.773015
    outer loop
      vertex -24.4704 52.4233 -3.89942
      vertex -24.3861 52.4105 -3.83022
      vertex -24.3861 68.8 -3.83022
    endloop
  endfacet
  facet normal -0.659349 0 0.751837
    outer loop
      vertex -24.3861 68.8 -3.83022
      vertex -24.3861 52.4105 -3.83022
      vertex -24.222 68.8 -3.68639
    endloop
  endfacet
  facet normal -0.651119 -0.000145009 0.758975
    outer loop
      vertex -24.3861 52.4105 -3.83022
      vertex -24.3033 52.3974 -3.7592
      vertex -24.222 68.8 -3.68639
    endloop
  endfacet
  facet normal -0.667514 0 0.744597
    outer loop
      vertex -24.222 68.8 -3.68639
      vertex -24.3033 52.3974 -3.7592
      vertex -24.222 52.3839 -3.68639
    endloop
  endfacet
  facet normal -0.55557 0 0.83147
    outer loop
      vertex -24.7321 68.8 -4.09576
      vertex -24.9135 68.8 -4.21696
      vertex -24.9135 52.4819 -4.21696
    endloop
  endfacet
  facet normal -0.546479 -0.000145637 0.837473
    outer loop
      vertex -24.9135 52.4819 -4.21696
      vertex -24.8221 52.4709 -4.15735
      vertex -24.7321 68.8 -4.09576
    endloop
  endfacet
  facet normal -0.564608 0 0.82536
    outer loop
      vertex -24.8221 52.4709 -4.15735
      vertex -24.7321 52.4595 -4.09576
      vertex -24.7321 68.8 -4.09576
    endloop
  endfacet
  facet normal -0.591309 0 0.806445
    outer loop
      vertex -24.7321 68.8 -4.09576
      vertex -24.7321 52.4595 -4.09576
      vertex -24.5562 68.8 -3.96677
    endloop
  endfacet
  facet normal -0.582484 -0.000145512 0.812842
    outer loop
      vertex -24.7321 52.4595 -4.09576
      vertex -24.6435 52.4478 -4.03222
      vertex -24.5562 68.8 -3.96677
    endloop
  endfacet
  facet normal -0.600076 0 0.799943
    outer loop
      vertex -24.5562 68.8 -3.96677
      vertex -24.6435 52.4478 -4.03222
      vertex -24.5562 52.4357 -3.96677
    endloop
  endfacet
  facet normal -0.480989 0 0.876726
    outer loop
      vertex -25.1 68.8 -4.33013
      vertex -25.2913 68.8 -4.43505
      vertex -25.2913 52.5222 -4.43505
    endloop
  endfacet
  facet normal -0.471409 -0.000146001 0.881915
    outer loop
      vertex -25.2913 52.5222 -4.43505
      vertex -25.1951 52.5127 -4.38363
      vertex -25.1 68.8 -4.33013
    endloop
  endfacet
  facet normal -0.490523 0 0.871428
    outer loop
      vertex -25.1951 52.5127 -4.38363
      vertex -25.1 52.5028 -4.33013
      vertex -25.1 68.8 -4.33013
    endloop
  endfacet
  facet normal -0.518774 0 0.854911
    outer loop
      vertex -25.1 68.8 -4.33013
      vertex -25.1 52.5028 -4.33013
      vertex -24.9135 68.8 -4.21696
    endloop
  endfacet
  facet normal -0.50943 -0.000145817 0.860512
    outer loop
      vertex -25.1 52.5028 -4.33013
      vertex -25.0061 52.4925 -4.27456
      vertex -24.9135 68.8 -4.21696
    endloop
  endfacet
  facet normal -0.528068 0 0.849202
    outer loop
      vertex -24.9135 68.8 -4.21696
      vertex -25.0061 52.4925 -4.27456
      vertex -24.9135 52.4819 -4.21696
    endloop
  endfacet
  facet normal -0.402747 0 0.915311
    outer loop
      vertex -25.4869 68.8 -4.53154
      vertex -25.6866 68.8 -4.6194
      vertex -25.6866 52.5562 -4.6194
    endloop
  endfacet
  facet normal -0.392748 -0.000146353 0.919646
    outer loop
      vertex -25.6866 52.5562 -4.6194
      vertex -25.5863 52.5483 -4.57656
      vertex -25.4869 68.8 -4.53154
    endloop
  endfacet
  facet normal -0.412708 0 0.910863
    outer loop
      vertex -25.5863 52.5483 -4.57656
      vertex -25.4869 52.54 -4.53154
      vertex -25.4869 68.8 -4.53154
    endloop
  endfacet
  facet normal -0.442289 0 0.896873
    outer loop
      vertex -25.4869 68.8 -4.53154
      vertex -25.4869 52.54 -4.53154
      vertex -25.2913 68.8 -4.43505
    endloop
  endfacet
  facet normal -0.432492 -0.000146152 0.901638
    outer loop
      vertex -25.4869 52.54 -4.53154
      vertex -25.3886 52.5313 -4.48436
      vertex -25.2913 68.8 -4.43505
    endloop
  endfacet
  facet normal -0.452043 0 0.891996
    outer loop
      vertex -25.2913 68.8 -4.43505
      vertex -25.3886 52.5313 -4.48436
      vertex -25.2913 52.5222 -4.43505
    endloop
  endfacet
  facet normal -0.32144 0 0.94693
    outer loop
      vertex -25.8899 68.8 -4.69846
      vertex -26.0965 68.8 -4.76858
      vertex -26.0965 52.5837 -4.76858
    endloop
  endfacet
  facet normal -0.311102 -0.000146597 0.950377
    outer loop
      vertex -26.0965 52.5837 -4.76858
      vertex -25.9928 52.5775 -4.73465
      vertex -25.8899 68.8 -4.69846
    endloop
  endfacet
  facet normal -0.331748 0 0.943368
    outer loop
      vertex -25.9928 52.5775 -4.73465
      vertex -25.8899 52.5708 -4.69846
      vertex -25.8899 68.8 -4.69846
    endloop
  endfacet
  facet normal -0.362438 0 0.932008
    outer loop
      vertex -25.8899 68.8 -4.69846
      vertex -25.8899 52.5708 -4.69846
      vertex -25.6866 68.8 -4.6194
    endloop
  endfacet
  facet normal -0.352261 -0.000146468 0.935902
    outer loop
      vertex -25.8899 52.5708 -4.69846
      vertex -25.7878 52.5637 -4.66004
      vertex -25.6866 68.8 -4.6194
    endloop
  endfacet
  facet normal -0.372581 0 0.928
    outer loop
      vertex -25.6866 68.8 -4.6194
      vertex -25.7878 52.5637 -4.66004
      vertex -25.6866 52.5562 -4.6194
    endloop
  endfacet
  facet normal -0.237685 0 0.971342
    outer loop
      vertex -26.3059 68.8 -4.82963
      vertex -26.5178 68.8 -4.88148
      vertex -26.5178 52.6046 -4.88148
    endloop
  endfacet
  facet normal -0.227083 -0.000146828 0.973875
    outer loop
      vertex -26.5178 52.6046 -4.88148
      vertex -26.4116 52.6 -4.85671
      vertex -26.3059 68.8 -4.82963
    endloop
  endfacet
  facet normal -0.248265 0 0.968692
    outer loop
      vertex -26.4116 52.6 -4.85671
      vertex -26.3059 52.595 -4.82963
      vertex -26.3059 68.8 -4.82963
    endloop
  endfacet
  facet normal -0.279829 0 0.96005
    outer loop
      vertex -26.3059 68.8 -4.82963
      vertex -26.3059 52.595 -4.82963
      vertex -26.0965 68.8 -4.76858
    endloop
  endfacet
  facet normal -0.269349 -0.000146721 0.963043
    outer loop
      vertex -26.3059 52.595 -4.82963
      vertex -26.2009 52.5896 -4.80025
      vertex -26.0965 68.8 -4.76858
    endloop
  endfacet
  facet normal -0.290283 0 0.956941
    outer loop
      vertex -26.0965 68.8 -4.76858
      vertex -26.2009 52.5896 -4.80025
      vertex -26.0965 52.5837 -4.76858
    endloop
  endfacet
  facet normal -0.152122 0 0.988362
    outer loop
      vertex -26.7318 68.8 -4.92404
      vertex -26.9474 68.8 -4.95722
      vertex -26.9474 52.6186 -4.95722
    endloop
  endfacet
  facet normal -0.141335 -0.000147017 0.989962
    outer loop
      vertex -26.9474 52.6186 -4.95722
      vertex -26.8394 52.6157 -4.94181
      vertex -26.7318 68.8 -4.92404
    endloop
  endfacet
  facet normal -0.162895 0 0.986643
    outer loop
      vertex -26.8394 52.6157 -4.94181
      vertex -26.7318 52.6124 -4.92404
      vertex -26.7318 68.8 -4.92404
    endloop
  endfacet
  facet normal -0.195091 0 0.980785
    outer loop
      vertex -26.7318 68.8 -4.92404
      vertex -26.7318 52.6124 -4.92404
      vertex -26.5178 68.8 -4.88148
    endloop
  endfacet
  facet normal -0.184386 -0.000146922 0.982854
    outer loop
      vertex -26.7318 52.6124 -4.92404
      vertex -26.6245 52.6087 -4.90393
      vertex -26.5178 68.8 -4.88148
    endloop
  endfacet
  facet normal -0.205777 0 0.978599
    outer loop
      vertex -26.5178 68.8 -4.88148
      vertex -26.6245 52.6087 -4.90393
      vertex -26.5178 52.6046 -4.88148
    endloop
  endfacet
  facet normal -0.0654043 0 0.997859
    outer loop
      vertex -27.1642 68.8 -4.98097
      vertex -27.3819 68.8 -4.99524
      vertex -27.3819 52.6256 -4.99524
    endloop
  endfacet
  facet normal -0.0545163 -0.000147112 0.998513
    outer loop
      vertex -27.3819 52.6256 -4.99524
      vertex -27.273 52.6245 -4.98929
      vertex -27.1642 68.8 -4.98097
    endloop
  endfacet
  facet normal -0.0762858 0 0.997086
    outer loop
      vertex -27.273 52.6245 -4.98929
      vertex -27.1642 52.6229 -4.98097
      vertex -27.1642 68.8 -4.98097
    endloop
  endfacet
  facet normal -0.108868 0 0.994056
    outer loop
      vertex -27.1642 68.8 -4.98097
      vertex -27.1642 52.6229 -4.98097
      vertex -26.9474 68.8 -4.95722
    endloop
  endfacet
  facet normal -0.0980185 -0.000147087 0.995185
    outer loop
      vertex -27.1642 52.6229 -4.98097
      vertex -27.0557 52.621 -4.97028
      vertex -26.9474 68.8 -4.95722
    endloop
  endfacet
  facet normal -0.119706 0 0.992809
    outer loop
      vertex -26.9474 68.8 -4.95722
      vertex -27.0557 52.621 -4.97028
      vertex -26.9474 52.6186 -4.95722
    endloop
  endfacet
  facet normal 0.0218135 -7.35647e-5 0.999762
    outer loop
      vertex -27.8181 68.8 -4.99524
      vertex -27.7091 52.6262 -4.99881
      vertex -27.6 68.8 -5
    endloop
  endfacet
  facet normal 0.0109072 0 0.999941
    outer loop
      vertex -27.7091 52.6262 -4.99881
      vertex -27.6 52.6265 -5
      vertex -27.6 68.8 -5
    endloop
  endfacet
  facet normal -0.0218135 0 0.999762
    outer loop
      vertex -27.6 68.8 -5
      vertex -27.6 52.6265 -5
      vertex -27.3819 68.8 -4.99524
    endloop
  endfacet
  facet normal -0.0109074 -0.000147118 0.999941
    outer loop
      vertex -27.6 52.6265 -5
      vertex -27.4909 52.6262 -4.99881
      vertex -27.3819 68.8 -4.99524
    endloop
  endfacet
  facet normal -0.0327173 0 0.999465
    outer loop
      vertex -27.3819 68.8 -4.99524
      vertex -27.4909 52.6262 -4.99881
      vertex -27.3819 52.6256 -4.99524
    endloop
  endfacet
  facet normal 0.0654043 -7.35648e-5 0.997859
    outer loop
      vertex -28.0358 68.8 -4.98097
      vertex -27.927 52.6245 -4.98929
      vertex -27.8181 68.8 -4.99524
    endloop
  endfacet
  facet normal 0.0545148 0 0.998513
    outer loop
      vertex -27.927 52.6245 -4.98929
      vertex -27.8181 52.6256 -4.99524
      vertex -27.8181 68.8 -4.99524
    endloop
  endfacet
  facet normal 0.0327173 0 0.999465
    outer loop
      vertex -27.8181 68.8 -4.99524
      vertex -27.8181 52.6256 -4.99524
      vertex -27.7091 52.6262 -4.99881
    endloop
  endfacet
  facet normal 0.108867 -7.35503e-5 0.994056
    outer loop
      vertex -28.2526 68.8 -4.95722
      vertex -28.1443 52.621 -4.97028
      vertex -28.0358 68.8 -4.98097
    endloop
  endfacet
  facet normal 0.0980158 0 0.995185
    outer loop
      vertex -28.1443 52.621 -4.97028
      vertex -28.0358 52.6229 -4.98097
      vertex -28.0358 68.8 -4.98097
    endloop
  endfacet
  facet normal 0.0762858 0 0.997086
    outer loop
      vertex -28.0358 68.8 -4.98097
      vertex -28.0358 52.6229 -4.98097
      vertex -27.927 52.6245 -4.98929
    endloop
  endfacet
  facet normal 0.152123 -7.35173e-5 0.988362
    outer loop
      vertex -28.4682 68.8 -4.92404
      vertex -28.3606 52.6157 -4.94181
      vertex -28.2526 68.8 -4.95722
    endloop
  endfacet
  facet normal 0.141333 0 0.989962
    outer loop
      vertex -28.3606 52.6157 -4.94181
      vertex -28.2526 52.6186 -4.95722
      vertex -28.2526 68.8 -4.95722
    endloop
  endfacet
  facet normal 0.119704 0 0.99281
    outer loop
      vertex -28.2526 68.8 -4.95722
      vertex -28.2526 52.6186 -4.95722
      vertex -28.1443 52.621 -4.97028
    endloop
  endfacet
  facet normal 0.195089 -7.34931e-5 0.980786
    outer loop
      vertex -28.6822 68.8 -4.88148
      vertex -28.5755 52.6087 -4.90393
      vertex -28.4682 68.8 -4.92404
    endloop
  endfacet
  facet normal 0.184378 0 0.982855
    outer loop
      vertex -28.5755 52.6087 -4.90393
      vertex -28.4682 52.6124 -4.92404
      vertex -28.4682 68.8 -4.92404
    endloop
  endfacet
  facet normal 0.162895 0 0.986643
    outer loop
      vertex -28.4682 68.8 -4.92404
      vertex -28.4682 52.6124 -4.92404
      vertex -28.3606 52.6157 -4.94181
    endloop
  endfacet
  facet normal 0.237687 -7.34257e-5 0.971342
    outer loop
      vertex -28.8941 68.8 -4.82963
      vertex -28.7884 52.6 -4.85671
      vertex -28.6822 68.8 -4.88148
    endloop
  endfacet
  facet normal 0.22708 0 0.973876
    outer loop
      vertex -28.7884 52.6 -4.85671
      vertex -28.6822 52.6046 -4.88148
      vertex -28.6822 68.8 -4.88148
    endloop
  endfacet
  facet normal 0.205777 0 0.978599
    outer loop
      vertex -28.6822 68.8 -4.88148
      vertex -28.6822 52.6046 -4.88148
      vertex -28.5755 52.6087 -4.90393
    endloop
  endfacet
  facet normal 0.279829 -7.33893e-5 0.96005
    outer loop
      vertex -29.1035 68.8 -4.76858
      vertex -28.9991 52.5896 -4.80025
      vertex -28.8941 68.8 -4.82963
    endloop
  endfacet
  facet normal 0.269342 0 0.963045
    outer loop
      vertex -28.9991 52.5896 -4.80025
      vertex -28.8941 52.595 -4.82963
      vertex -28.8941 68.8 -4.82963
    endloop
  endfacet
  facet normal 0.248265 0 0.968692
    outer loop
      vertex -28.8941 68.8 -4.82963
      vertex -28.8941 52.595 -4.82963
      vertex -28.7884 52.6 -4.85671
    endloop
  endfacet
  facet normal 0.321438 -7.33495e-5 0.946931
    outer loop
      vertex -29.3101 68.8 -4.69846
      vertex -29.2072 52.5775 -4.73465
      vertex -29.1035 68.8 -4.76858
    endloop
  endfacet
  facet normal 0.311089 0 0.950381
    outer loop
      vertex -29.2072 52.5775 -4.73465
      vertex -29.1035 52.5837 -4.76858
      vertex -29.1035 68.8 -4.76858
    endloop
  endfacet
  facet normal 0.290283 0 0.956941
    outer loop
      vertex -29.1035 68.8 -4.76858
      vertex -29.1035 52.5837 -4.76858
      vertex -28.9991 52.5896 -4.80025
    endloop
  endfacet
  facet normal 0.36244 -7.32494e-5 0.932007
    outer loop
      vertex -29.5134 68.8 -4.6194
      vertex -29.4122 52.5637 -4.66004
      vertex -29.3101 68.8 -4.69846
    endloop
  endfacet
  facet normal 0.352257 0 0.935903
    outer loop
      vertex -29.4122 52.5637 -4.66004
      vertex -29.3101 52.5708 -4.69846
      vertex -29.3101 68.8 -4.69846
    endloop
  endfacet
  facet normal 0.331748 0 0.943368
    outer loop
      vertex -29.3101 68.8 -4.69846
      vertex -29.3101 52.5708 -4.69846
      vertex -29.2072 52.5775 -4.73465
    endloop
  endfacet
  facet normal 0.402747 -7.32167e-5 0.915311
    outer loop
      vertex -29.7131 68.8 -4.53154
      vertex -29.6137 52.5483 -4.57656
      vertex -29.5134 68.8 -4.6194
    endloop
  endfacet
  facet normal 0.392739 0 0.91965
    outer loop
      vertex -29.6137 52.5483 -4.57656
      vertex -29.5134 52.5562 -4.6194
      vertex -29.5134 68.8 -4.6194
    endloop
  endfacet
  facet normal 0.372581 0 0.928
    outer loop
      vertex -29.5134 68.8 -4.6194
      vertex -29.5134 52.5562 -4.6194
      vertex -29.4122 52.5637 -4.66004
    endloop
  endfacet
  facet normal 0.442289 -7.31692e-5 0.896873
    outer loop
      vertex -29.9087 68.8 -4.43505
      vertex -29.8114 52.5313 -4.48436
      vertex -29.7131 68.8 -4.53154
    endloop
  endfacet
  facet normal 0.432475 0 0.901646
    outer loop
      vertex -29.8114 52.5313 -4.48436
      vertex -29.7131 52.54 -4.53154
      vertex -29.7131 68.8 -4.53154
    endloop
  endfacet
  facet normal 0.412708 0 0.910863
    outer loop
      vertex -29.7131 68.8 -4.53154
      vertex -29.7131 52.54 -4.53154
      vertex -29.6137 52.5483 -4.57656
    endloop
  endfacet
  facet normal 0.480989 -7.31023e-5 0.876726
    outer loop
      vertex -30.1 68.8 -4.33013
      vertex -30.0049 52.5127 -4.38363
      vertex -29.9087 68.8 -4.43505
    endloop
  endfacet
  facet normal 0.471391 0 0.881924
    outer loop
      vertex -30.0049 52.5127 -4.38363
      vertex -29.9087 52.5222 -4.43505
      vertex -29.9087 68.8 -4.43505
    endloop
  endfacet
  facet normal 0.45205 0 0.891993
    outer loop
      vertex -29.9087 68.8 -4.43505
      vertex -29.9087 52.5222 -4.43505
      vertex -29.8114 52.5313 -4.48436
    endloop
  endfacet
  facet normal 0.51877 -7.29885e-5 0.854914
    outer loop
      vertex -30.2865 68.8 -4.21696
      vertex -30.1939 52.4925 -4.27456
      vertex -30.1 68.8 -4.33013
    endloop
  endfacet
  facet normal 0.509411 0 0.860523
    outer loop
      vertex -30.1939 52.4925 -4.27456
      vertex -30.1 52.5028 -4.33013
      vertex -30.1 68.8 -4.33013
    endloop
  endfacet
  facet normal 0.49053 0 0.871424
    outer loop
      vertex -30.1 68.8 -4.33013
      vertex -30.1 52.5028 -4.33013
      vertex -30.0049 52.5127 -4.38363
    endloop
  endfacet
  facet normal 0.55557 -7.2872e-5 0.83147
    outer loop
      vertex -30.4679 68.8 -4.09576
      vertex -30.3779 52.4709 -4.15735
      vertex -30.2865 68.8 -4.21696
    endloop
  endfacet
  facet normal 0.546467 0 0.837481
    outer loop
      vertex -30.3779 52.4709 -4.15735
      vertex -30.2865 52.4819 -4.21696
      vertex -30.2865 68.8 -4.21696
    endloop
  endfacet
  facet normal 0.528068 0 0.849202
    outer loop
      vertex -30.2865 68.8 -4.21696
      vertex -30.2865 52.4819 -4.21696
      vertex -30.1939 52.4925 -4.27456
    endloop
  endfacet
  facet normal 0.591309 -7.2746e-5 0.806445
    outer loop
      vertex -30.6438 68.8 -3.96677
      vertex -30.5565 52.4478 -4.03222
      vertex -30.4679 68.8 -4.09576
    endloop
  endfacet
  facet normal 0.582479 0 0.812846
    outer loop
      vertex -30.5565 52.4478 -4.03222
      vertex -30.4679 52.4595 -4.09576
      vertex -30.4679 68.8 -4.09576
    endloop
  endfacet
  facet normal 0.564608 0 0.82536
    outer loop
      vertex -30.4679 68.8 -4.09576
      vertex -30.4679 52.4595 -4.09576
      vertex -30.3779 52.4709 -4.15735
    endloop
  endfacet
  facet normal 0.625925 -7.26665e-5 0.779883
    outer loop
      vertex -30.8139 68.8 -3.83022
      vertex -30.7296 52.4233 -3.89942
      vertex -30.6438 68.8 -3.96677
    endloop
  endfacet
  facet normal 0.61738 0 0.786665
    outer loop
      vertex -30.7296 52.4233 -3.89942
      vertex -30.6438 52.4357 -3.96677
      vertex -30.6438 68.8 -3.96677
    endloop
  endfacet
  facet normal 0.600068 0 0.799949
    outer loop
      vertex -30.6438 68.8 -3.96677
      vertex -30.6438 52.4357 -3.96677
      vertex -30.5565 52.4478 -4.03222
    endloop
  endfacet
  facet normal 0.659345 -7.25297e-5 0.75184
    outer loop
      vertex -30.978 68.8 -3.68639
      vertex -30.8967 52.3974 -3.7592
      vertex -30.8139 68.8 -3.83022
    endloop
  endfacet
  facet normal 0.651106 0 0.758987
    outer loop
      vertex -30.8967 52.3974 -3.7592
      vertex -30.8139 52.4105 -3.83022
      vertex -30.8139 68.8 -3.83022
    endloop
  endfacet
  facet normal 0.634397 0 0.773008
    outer loop
      vertex -30.8139 68.8 -3.83022
      vertex -30.8139 52.4105 -3.83022
      vertex -30.7296 52.4233 -3.89942
    endloop
  endfacet
  facet normal 0.699353 0 -0.714777
    outer loop
      vertex -31.0576 52.3702 3.61182
      vertex -31.1355 52.3561 3.53553
      vertex -31.1355 68.8 3.53553
    endloop
  endfacet
  facet normal 0.722366 0 -0.691511
    outer loop
      vertex -31.1355 52.3561 3.53553
      vertex -31.2864 52.327 3.37795
      vertex -31.1355 68.8 3.53553
    endloop
  endfacet
  facet normal 0.722366 0 -0.691511
    outer loop
      vertex -31.1355 68.8 3.53553
      vertex -31.2864 52.327 3.37795
      vertex -31.2864 68.8 3.37795
    endloop
  endfacet
  facet normal 0.751836 0 -0.65935
    outer loop
      vertex -31.2864 52.327 3.37795
      vertex -31.4302 52.2967 3.21394
      vertex -31.2864 68.8 3.37795
    endloop
  endfacet
  facet normal 0.751836 0 -0.65935
    outer loop
      vertex -31.2864 68.8 3.37795
      vertex -31.4302 52.2967 3.21394
      vertex -31.4302 68.8 3.21394
    endloop
  endfacet
  facet normal 0.779888 0 -0.625919
    outer loop
      vertex -31.4302 52.2967 3.21394
      vertex -31.5668 52.2653 3.04381
      vertex -31.4302 68.8 3.21394
    endloop
  endfacet
  facet normal 0.779888 0 -0.625919
    outer loop
      vertex -31.4302 68.8 3.21394
      vertex -31.5668 52.2653 3.04381
      vertex -31.5668 68.8 3.04381
    endloop
  endfacet
  facet normal 0.80644 0 -0.591316
    outer loop
      vertex -31.5668 52.2653 3.04381
      vertex -31.6958 52.2328 2.86788
      vertex -31.5668 68.8 3.04381
    endloop
  endfacet
  facet normal 0.80644 0 -0.591316
    outer loop
      vertex -31.5668 68.8 3.04381
      vertex -31.6958 52.2328 2.86788
      vertex -31.6958 68.8 2.86788
    endloop
  endfacet
  facet normal 0.831474 0 -0.555563
    outer loop
      vertex -31.6958 52.2328 2.86788
      vertex -31.817 52.1993 2.6865
      vertex -31.6958 68.8 2.86788
    endloop
  endfacet
  facet normal 0.831474 0 -0.555563
    outer loop
      vertex -31.6958 68.8 2.86788
      vertex -31.817 52.1993 2.6865
      vertex -31.817 68.8 2.6865
    endloop
  endfacet
  facet normal 0.85491 0 -0.518776
    outer loop
      vertex -31.817 52.1993 2.6865
      vertex -31.9301 52.1649 2.5
      vertex -31.817 68.8 2.6865
    endloop
  endfacet
  facet normal 0.85491 0 -0.518776
    outer loop
      vertex -31.817 68.8 2.6865
      vertex -31.9301 52.1649 2.5
      vertex -31.9301 68.8 2.5
    endloop
  endfacet
  facet normal 0.876728 0 -0.480987
    outer loop
      vertex -31.9301 52.1649 2.5
      vertex -32.0351 52.1296 2.30874
      vertex -31.9301 68.8 2.5
    endloop
  endfacet
  facet normal 0.876728 0 -0.480987
    outer loop
      vertex -31.9301 68.8 2.5
      vertex -32.0351 52.1296 2.30874
      vertex -32.0351 68.8 2.30874
    endloop
  endfacet
  facet normal 0.896872 0 -0.44229
    outer loop
      vertex -32.0351 52.1296 2.30874
      vertex -32.1315 52.0935 2.11309
      vertex -32.0351 68.8 2.30874
    endloop
  endfacet
  facet normal 0.896872 0 -0.44229
    outer loop
      vertex -32.0351 68.8 2.30874
      vertex -32.1315 52.0935 2.11309
      vertex -32.1315 68.8 2.11309
    endloop
  endfacet
  facet normal 0.915308 0 -0.402755
    outer loop
      vertex -32.1315 52.0935 2.11309
      vertex -32.2194 52.0566 1.91342
      vertex -32.1315 68.8 2.11309
    endloop
  endfacet
  facet normal 0.915308 0 -0.402755
    outer loop
      vertex -32.1315 68.8 2.11309
      vertex -32.2194 52.0566 1.91342
      vertex -32.2194 68.8 1.91342
    endloop
  endfacet
  facet normal 0.932008 0 -0.362439
    outer loop
      vertex -32.2194 52.0566 1.91342
      vertex -32.2985 52.0191 1.7101
      vertex -32.2194 68.8 1.91342
    endloop
  endfacet
  facet normal 0.932008 0 -0.362439
    outer loop
      vertex -32.2194 68.8 1.91342
      vertex -32.2985 52.0191 1.7101
      vertex -32.2985 68.8 1.7101
    endloop
  endfacet
  facet normal 0.946931 0 -0.321437
    outer loop
      vertex -32.2985 52.0191 1.7101
      vertex -32.3686 51.981 1.50353
      vertex -32.2985 68.8 1.7101
    endloop
  endfacet
  facet normal 0.946931 0 -0.321437
    outer loop
      vertex -32.2985 68.8 1.7101
      vertex -32.3686 51.981 1.50353
      vertex -32.3686 68.8 1.50353
    endloop
  endfacet
  facet normal 0.960052 0 -0.279821
    outer loop
      vertex -32.3686 51.981 1.50353
      vertex -32.4296 51.9423 1.2941
      vertex -32.3686 68.8 1.50353
    endloop
  endfacet
  facet normal 0.960052 0 -0.279821
    outer loop
      vertex -32.3686 68.8 1.50353
      vertex -32.4296 51.9423 1.2941
      vertex -32.4296 68.8 1.2941
    endloop
  endfacet
  facet normal 0.971341 0 -0.237692
    outer loop
      vertex -32.4296 51.9423 1.2941
      vertex -32.4815 51.9032 1.0822
      vertex -32.4296 68.8 1.2941
    endloop
  endfacet
  facet normal 0.971341 0 -0.237692
    outer loop
      vertex -32.4296 68.8 1.2941
      vertex -32.4815 51.9032 1.0822
      vertex -32.4815 68.8 1.0822
    endloop
  endfacet
  facet normal 0.980786 0 -0.195086
    outer loop
      vertex -32.4815 51.9032 1.0822
      vertex -32.524 51.8637 0.868241
      vertex -32.4815 68.8 1.0822
    endloop
  endfacet
  facet normal 0.980786 0 -0.195086
    outer loop
      vertex -32.4815 68.8 1.0822
      vertex -32.524 51.8637 0.868241
      vertex -32.524 68.8 0.868241
    endloop
  endfacet
  facet normal 0.988362 0 -0.15212
    outer loop
      vertex -32.524 51.8637 0.868241
      vertex -32.5572 51.8239 0.652631
      vertex -32.524 68.8 0.868241
    endloop
  endfacet
  facet normal 0.988362 0 -0.15212
    outer loop
      vertex -32.524 68.8 0.868241
      vertex -32.5572 51.8239 0.652631
      vertex -32.5572 68.8 0.652631
    endloop
  endfacet
  facet normal 0.994057 0 -0.108865
    outer loop
      vertex -32.5572 51.8239 0.652631
      vertex -32.581 51.7838 0.435779
      vertex -32.5572 68.8 0.652631
    endloop
  endfacet
  facet normal 0.994057 0 -0.108865
    outer loop
      vertex -32.5572 68.8 0.652631
      vertex -32.581 51.7838 0.435779
      vertex -32.581 68.8 0.435779
    endloop
  endfacet
  facet normal 0.997859 0 -0.0654042
    outer loop
      vertex -32.581 51.7838 0.435779
      vertex -32.5952 51.7436 0.218097
      vertex -32.581 68.8 0.435779
    endloop
  endfacet
  facet normal 0.997859 0 -0.0654042
    outer loop
      vertex -32.581 68.8 0.435779
      vertex -32.5952 51.7436 0.218097
      vertex -32.5952 68.8 0.218097
    endloop
  endfacet
  facet normal 0.999762 0 -0.0218242
    outer loop
      vertex -32.5952 51.7436 0.218097
      vertex -32.6 51.7034 -1.64053e-14
      vertex -32.5952 68.8 0.218097
    endloop
  endfacet
  facet normal 0.999762 1.6135e-17 -0.0218242
    outer loop
      vertex -32.5952 68.8 0.218097
      vertex -32.6 51.7034 -1.64053e-14
      vertex -32.6 68.8 -3.7964e-15
    endloop
  endfacet
  facet normal 0.999762 -1.60955e-17 0.0218242
    outer loop
      vertex -32.6 51.7034 -1.64053e-14
      vertex -32.5952 51.7436 -0.218097
      vertex -32.6 68.8 -3.7964e-15
    endloop
  endfacet
  facet normal 0.999762 0 0.0218242
    outer loop
      vertex -32.6 68.8 -3.7964e-15
      vertex -32.5952 51.7436 -0.218097
      vertex -32.5952 68.8 -0.218097
    endloop
  endfacet
  facet normal 0.997859 0 0.0654042
    outer loop
      vertex -32.5952 51.7436 -0.218097
      vertex -32.581 51.7838 -0.435779
      vertex -32.5952 68.8 -0.218097
    endloop
  endfacet
  facet normal 0.997859 0 0.0654042
    outer loop
      vertex -32.5952 68.8 -0.218097
      vertex -32.581 51.7838 -0.435779
      vertex -32.581 68.8 -0.435779
    endloop
  endfacet
  facet normal 0.994057 0 0.108865
    outer loop
      vertex -32.581 51.7838 -0.435779
      vertex -32.5572 51.8239 -0.652631
      vertex -32.581 68.8 -0.435779
    endloop
  endfacet
  facet normal 0.994057 0 0.108865
    outer loop
      vertex -32.581 68.8 -0.435779
      vertex -32.5572 51.8239 -0.652631
      vertex -32.5572 68.8 -0.652631
    endloop
  endfacet
  facet normal 0.988362 0 0.15212
    outer loop
      vertex -32.5572 51.8239 -0.652631
      vertex -32.524 51.8637 -0.868241
      vertex -32.5572 68.8 -0.652631
    endloop
  endfacet
  facet normal 0.988362 0 0.15212
    outer loop
      vertex -32.5572 68.8 -0.652631
      vertex -32.524 51.8637 -0.868241
      vertex -32.524 68.8 -0.868241
    endloop
  endfacet
  facet normal 0.980786 0 0.195086
    outer loop
      vertex -32.524 51.8637 -0.868241
      vertex -32.4815 51.9032 -1.0822
      vertex -32.524 68.8 -0.868241
    endloop
  endfacet
  facet normal 0.980786 0 0.195086
    outer loop
      vertex -32.524 68.8 -0.868241
      vertex -32.4815 51.9032 -1.0822
      vertex -32.4815 68.8 -1.0822
    endloop
  endfacet
  facet normal 0.971341 0 0.237692
    outer loop
      vertex -32.4815 51.9032 -1.0822
      vertex -32.4296 51.9423 -1.2941
      vertex -32.4815 68.8 -1.0822
    endloop
  endfacet
  facet normal 0.971341 0 0.237692
    outer loop
      vertex -32.4815 68.8 -1.0822
      vertex -32.4296 51.9423 -1.2941
      vertex -32.4296 68.8 -1.2941
    endloop
  endfacet
  facet normal 0.960052 0 0.279821
    outer loop
      vertex -32.4296 51.9423 -1.2941
      vertex -32.3686 51.981 -1.50353
      vertex -32.4296 68.8 -1.2941
    endloop
  endfacet
  facet normal 0.960052 0 0.279821
    outer loop
      vertex -32.4296 68.8 -1.2941
      vertex -32.3686 51.981 -1.50353
      vertex -32.3686 68.8 -1.50353
    endloop
  endfacet
  facet normal 0.946931 0 0.321437
    outer loop
      vertex -32.3686 51.981 -1.50353
      vertex -32.2985 52.0191 -1.7101
      vertex -32.3686 68.8 -1.50353
    endloop
  endfacet
  facet normal 0.946931 0 0.321437
    outer loop
      vertex -32.3686 68.8 -1.50353
      vertex -32.2985 52.0191 -1.7101
      vertex -32.2985 68.8 -1.7101
    endloop
  endfacet
  facet normal 0.932008 0 0.362439
    outer loop
      vertex -32.2985 52.0191 -1.7101
      vertex -32.2194 52.0566 -1.91342
      vertex -32.2985 68.8 -1.7101
    endloop
  endfacet
  facet normal 0.932008 0 0.362439
    outer loop
      vertex -32.2985 68.8 -1.7101
      vertex -32.2194 52.0566 -1.91342
      vertex -32.2194 68.8 -1.91342
    endloop
  endfacet
  facet normal 0.915308 0 0.402755
    outer loop
      vertex -32.2194 52.0566 -1.91342
      vertex -32.1315 52.0935 -2.11309
      vertex -32.2194 68.8 -1.91342
    endloop
  endfacet
  facet normal 0.915308 0 0.402755
    outer loop
      vertex -32.2194 68.8 -1.91342
      vertex -32.1315 52.0935 -2.11309
      vertex -32.1315 68.8 -2.11309
    endloop
  endfacet
  facet normal 0.896872 0 0.44229
    outer loop
      vertex -32.1315 52.0935 -2.11309
      vertex -32.0351 52.1296 -2.30874
      vertex -32.1315 68.8 -2.11309
    endloop
  endfacet
  facet normal 0.896872 0 0.44229
    outer loop
      vertex -32.1315 68.8 -2.11309
      vertex -32.0351 52.1296 -2.30874
      vertex -32.0351 68.8 -2.30874
    endloop
  endfacet
  facet normal 0.876728 0 0.480987
    outer loop
      vertex -32.0351 52.1296 -2.30874
      vertex -31.9301 52.1649 -2.5
      vertex -32.0351 68.8 -2.30874
    endloop
  endfacet
  facet normal 0.876728 0 0.480987
    outer loop
      vertex -32.0351 68.8 -2.30874
      vertex -31.9301 52.1649 -2.5
      vertex -31.9301 68.8 -2.5
    endloop
  endfacet
  facet normal 0.85491 0 0.518776
    outer loop
      vertex -31.9301 52.1649 -2.5
      vertex -31.817 52.1993 -2.6865
      vertex -31.9301 68.8 -2.5
    endloop
  endfacet
  facet normal 0.85491 0 0.518776
    outer loop
      vertex -31.9301 68.8 -2.5
      vertex -31.817 52.1993 -2.6865
      vertex -31.817 68.8 -2.6865
    endloop
  endfacet
  facet normal 0.831474 0 0.555563
    outer loop
      vertex -31.817 52.1993 -2.6865
      vertex -31.6958 52.2328 -2.86788
      vertex -31.817 68.8 -2.6865
    endloop
  endfacet
  facet normal 0.831474 0 0.555563
    outer loop
      vertex -31.817 68.8 -2.6865
      vertex -31.6958 52.2328 -2.86788
      vertex -31.6958 68.8 -2.86788
    endloop
  endfacet
  facet normal 0.80644 0 0.591316
    outer loop
      vertex -31.6958 52.2328 -2.86788
      vertex -31.5668 52.2653 -3.04381
      vertex -31.6958 68.8 -2.86788
    endloop
  endfacet
  facet normal 0.80644 0 0.591316
    outer loop
      vertex -31.6958 68.8 -2.86788
      vertex -31.5668 52.2653 -3.04381
      vertex -31.5668 68.8 -3.04381
    endloop
  endfacet
  facet normal 0.779888 0 0.625919
    outer loop
      vertex -31.5668 52.2653 -3.04381
      vertex -31.4302 52.2967 -3.21394
      vertex -31.5668 68.8 -3.04381
    endloop
  endfacet
  facet normal 0.779888 0 0.625919
    outer loop
      vertex -31.5668 68.8 -3.04381
      vertex -31.4302 52.2967 -3.21394
      vertex -31.4302 68.8 -3.21394
    endloop
  endfacet
  facet normal 0.751836 0 0.65935
    outer loop
      vertex -31.4302 52.2967 -3.21394
      vertex -31.2864 52.327 -3.37795
      vertex -31.4302 68.8 -3.21394
    endloop
  endfacet
  facet normal 0.751836 0 0.65935
    outer loop
      vertex -31.4302 68.8 -3.21394
      vertex -31.2864 52.327 -3.37795
      vertex -31.2864 68.8 -3.37795
    endloop
  endfacet
  facet normal 0.722366 0 0.691511
    outer loop
      vertex -31.2864 52.327 -3.37795
      vertex -31.1355 52.3561 -3.53553
      vertex -31.2864 68.8 -3.37795
    endloop
  endfacet
  facet normal 0.722366 0 0.691511
    outer loop
      vertex -31.2864 68.8 -3.37795
      vertex -31.1355 52.3561 -3.53553
      vertex -31.1355 68.8 -3.53553
    endloop
  endfacet
  facet normal 0.699353 0 0.714777
    outer loop
      vertex -31.1355 52.3561 -3.53553
      vertex -31.0576 52.3702 -3.61182
      vertex -31.1355 68.8 -3.53553
    endloop
  endfacet
  facet normal 0.691516 -7.24063e-5 0.722361
    outer loop
      vertex -31.1355 68.8 -3.53553
      vertex -31.0576 52.3702 -3.61182
      vertex -30.978 68.8 -3.68639
    endloop
  endfacet
  facet normal 0.683597 0 0.72986
    outer loop
      vertex -31.0576 52.3702 -3.61182
      vertex -30.978 52.3839 -3.68639
      vertex -30.978 68.8 -3.68639
    endloop
  endfacet
  facet normal 0.667506 0 0.744605
    outer loop
      vertex -30.978 68.8 -3.68639
      vertex -30.978 52.3839 -3.68639
      vertex -30.8967 52.3974 -3.7592
    endloop
  endfacet
  facet normal -1 0 0
    outer loop
      vertex -35.9 52.8665 6.3
      vertex -35.9 68.8 6.3
      vertex -35.9 51.7034 -1.64053e-14
    endloop
  endfacet
  facet normal -1 0 0
    outer loop
      vertex -35.9 68.8 6.3
      vertex -35.9 68.8 -6.3
      vertex -35.9 51.7034 -1.64053e-14
    endloop
  endfacet
  facet normal -1 0 0
    outer loop
      vertex -35.9 51.7034 -1.64053e-14
      vertex -35.9 68.8 -6.3
      vertex -35.9 52.8665 -6.3
    endloop
  endfacet
  facet normal -3.62869e-6 -0.983383 0.181543
    outer loop
      vertex -31.6958 52.2328 2.86788
      vertex -31.5668 52.2653 3.04381
      vertex -35.9 52.8665 6.3
    endloop
  endfacet
  facet normal -2.27477e-6 -0.983383 0.181544
    outer loop
      vertex -31.5668 52.2653 3.04381
      vertex -31.4302 52.2967 3.21394
      vertex -35.9 52.8665 6.3
    endloop
  endfacet
  facet normal -3.98888e-7 -0.983382 0.181547
    outer loop
      vertex -31.4302 52.2967 3.21394
      vertex -31.2864 52.327 3.37795
      vertex -35.9 52.8665 6.3
    endloop
  endfacet
  facet normal 5.6285e-6 -0.983381 0.181556
    outer loop
      vertex -35.9 52.8665 6.3
      vertex -31.2864 52.327 3.37795
      vertex -31.1355 52.3561 3.53553
    endloop
  endfacet
  facet normal 3.98888e-7 -0.983382 0.181547
    outer loop
      vertex 31.2864 52.327 3.37795
      vertex 31.4302 52.2967 3.21394
      vertex 35.9 52.8665 6.3
    endloop
  endfacet
  facet normal 2.27477e-6 -0.983383 0.181544
    outer loop
      vertex 31.4302 52.2967 3.21394
      vertex 31.5668 52.2653 3.04381
      vertex 35.9 52.8665 6.3
    endloop
  endfacet
  facet normal 3.8941e-6 -0.983378 0.18157
    outer loop
      vertex -27.8181 52.6256 4.99524
      vertex -27.7091 52.6262 4.99881
      vertex -35.9 52.8665 6.3
    endloop
  endfacet
  facet normal -3.28246e-8 -0.983384 0.18154
    outer loop
      vertex 23.5042 52.2328 2.86788
      vertex 23.6332 52.2653 3.04381
      vertex -23.9136 52.327 3.37795
    endloop
  endfacet
  facet normal -1.43821e-8 -0.983383 0.181543
    outer loop
      vertex 23.6332 52.2653 3.04381
      vertex 23.7698 52.2967 3.21394
      vertex -23.9136 52.327 3.37795
    endloop
  endfacet
  facet normal 0 -0.983382 0.181547
    outer loop
      vertex -23.9136 52.327 3.37795
      vertex 23.7698 52.2967 3.21394
      vertex 23.9136 52.327 3.37795
    endloop
  endfacet
  facet normal 1.03787e-5 -0.98338 0.181557
    outer loop
      vertex -32.0351 52.1296 2.30874
      vertex -31.9301 52.1649 2.5
      vertex -35.9 52.8665 6.3
    endloop
  endfacet
  facet normal -3.60438e-6 -0.983383 0.181543
    outer loop
      vertex -31.9301 52.1649 2.5
      vertex -31.817 52.1993 2.6865
      vertex -35.9 52.8665 6.3
    endloop
  endfacet
  facet normal 1.25168e-6 -0.983382 0.181548
    outer loop
      vertex -35.9 52.8665 6.3
      vertex -31.817 52.1993 2.6865
      vertex -31.6958 52.2328 2.86788
    endloop
  endfacet
  facet normal 7.77237e-6 -0.983374 0.181593
    outer loop
      vertex -27.8181 52.6256 4.99524
      vertex -35.9 52.8665 6.3
      vertex -27.927 52.6245 4.98929
    endloop
  endfacet
  facet normal -3.58874e-7 -0.983383 0.181542
    outer loop
      vertex 22.6 51.7034 -1.64053e-14
      vertex -23.7698 52.2967 3.21394
      vertex -23.6332 52.2653 3.04381
    endloop
  endfacet
  facet normal 0 -0.98338 0.181561
    outer loop
      vertex 23.9136 52.327 3.37795
      vertex 24.0645 52.3561 3.53553
      vertex -23.9136 52.327 3.37795
    endloop
  endfacet
  facet normal 1.3144e-7 -0.983387 0.181523
    outer loop
      vertex 24.0645 52.3561 3.53553
      vertex 24.1424 52.3702 3.61182
      vertex -23.9136 52.327 3.37795
    endloop
  endfacet
  facet normal -1.54062e-7 -0.983376 0.181579
    outer loop
      vertex -23.9136 52.327 3.37795
      vertex 24.1424 52.3702 3.61182
      vertex 24.222 52.3839 3.68639
    endloop
  endfacet
  facet normal 3.62869e-6 -0.983383 0.181543
    outer loop
      vertex 31.5668 52.2653 3.04381
      vertex 31.6958 52.2328 2.86788
      vertex 35.9 52.8665 6.3
    endloop
  endfacet
  facet normal -1.25168e-6 -0.983382 0.181548
    outer loop
      vertex 31.6958 52.2328 2.86788
      vertex 31.817 52.1993 2.6865
      vertex 35.9 52.8665 6.3
    endloop
  endfacet
  facet normal 3.60438e-6 -0.983383 0.181543
    outer loop
      vertex 35.9 52.8665 6.3
      vertex 31.817 52.1993 2.6865
      vertex 31.9301 52.1649 2.5
    endloop
  endfacet
  facet normal 1.22248e-6 -0.983381 0.181554
    outer loop
      vertex -27.7091 52.6262 4.99881
      vertex -27.6 52.6265 5
      vertex -35.9 52.8665 6.3
    endloop
  endfacet
  facet normal -1.4055e-6 -0.983384 0.181537
    outer loop
      vertex -27.6 52.6265 5
      vertex -27.4909 52.6262 4.99881
      vertex -35.9 52.8665 6.3
    endloop
  endfacet
  facet normal 0 -0.983382 0.181546
    outer loop
      vertex -35.9 52.8665 6.3
      vertex -27.4909 52.6262 4.99881
      vertex 35.9 52.8665 6.3
    endloop
  endfacet
  facet normal -1.80998e-6 -0.983367 0.181631
    outer loop
      vertex -27.4909 52.6262 4.99881
      vertex -27.3819 52.6256 4.99524
      vertex 35.9 52.8665 6.3
    endloop
  endfacet
  facet normal -5.39553e-7 -0.983384 0.18154
    outer loop
      vertex -23.6332 52.2653 3.04381
      vertex -23.5042 52.2328 2.86788
      vertex 22.6 51.7034 -1.64053e-14
    endloop
  endfacet
  facet normal 7.76928e-8 -0.983382 0.181549
    outer loop
      vertex -23.5042 52.2328 2.86788
      vertex -23.383 52.1993 2.6865
      vertex 22.6 51.7034 -1.64053e-14
    endloop
  endfacet
  facet normal -4.38092e-7 -0.983383 0.181541
    outer loop
      vertex 22.6 51.7034 -1.64053e-14
      vertex -23.383 52.1993 2.6865
      vertex -23.2699 52.1649 2.5
    endloop
  endfacet
  facet normal 5.95675e-6 -0.983389 0.181509
    outer loop
      vertex 27.3819 52.6256 4.99524
      vertex 27.4909 52.6262 4.99881
      vertex 35.9 52.8665 6.3
    endloop
  endfacet
  facet normal 1.4055e-6 -0.983384 0.181537
    outer loop
      vertex 27.4909 52.6262 4.99881
      vertex 27.6 52.6265 5
      vertex 35.9 52.8665 6.3
    endloop
  endfacet
  facet normal -1.22248e-6 -0.983381 0.181554
    outer loop
      vertex 35.9 52.8665 6.3
      vertex 27.6 52.6265 5
      vertex 27.7091 52.6262 4.99881
    endloop
  endfacet
  facet normal 3.5926e-7 -0.983379 0.181563
    outer loop
      vertex 23.1649 52.1296 2.30874
      vertex 23.2699 52.1649 2.5
      vertex -23.9136 52.327 3.37795
    endloop
  endfacet
  facet normal -5.49153e-8 -0.983383 0.181541
    outer loop
      vertex 23.2699 52.1649 2.5
      vertex 23.383 52.1993 2.6865
      vertex -23.9136 52.327 3.37795
    endloop
  endfacet
  facet normal 6.83505e-8 -0.983382 0.181549
    outer loop
      vertex -23.9136 52.327 3.37795
      vertex 23.383 52.1993 2.6865
      vertex 23.5042 52.2328 2.86788
    endloop
  endfacet
  facet normal -3.8941e-6 -0.983378 0.18157
    outer loop
      vertex 27.7091 52.6262 4.99881
      vertex 27.8181 52.6256 4.99524
      vertex 35.9 52.8665 6.3
    endloop
  endfacet
  facet normal -7.77237e-6 -0.983374 0.181593
    outer loop
      vertex 27.8181 52.6256 4.99524
      vertex 27.927 52.6245 4.98929
      vertex 35.9 52.8665 6.3
    endloop
  endfacet
  facet normal 8.83594e-6 -0.983392 0.181495
    outer loop
      vertex 35.9 52.8665 6.3
      vertex 27.927 52.6245 4.98929
      vertex 28.0358 52.6229 4.98097
    endloop
  endfacet
  facet normal 2.86384e-6 -0.983382 0.18155
    outer loop
      vertex -32.2985 52.0191 1.7101
      vertex -32.2194 52.0566 1.91342
      vertex -35.9 52.8665 6.3
    endloop
  endfacet
  facet normal -4.34801e-6 -0.983383 0.181544
    outer loop
      vertex -32.2194 52.0566 1.91342
      vertex -32.1315 52.0935 2.11309
      vertex -35.9 52.8665 6.3
    endloop
  endfacet
  facet normal 2.81157e-7 -0.983382 0.181548
    outer loop
      vertex -35.9 52.8665 6.3
      vertex -32.1315 52.0935 2.11309
      vertex -32.0351 52.1296 2.30874
    endloop
  endfacet
  facet normal -1.93503e-6 -0.983384 0.181536
    outer loop
      vertex -28.2526 52.6186 4.95722
      vertex -28.1443 52.621 4.97028
      vertex -35.9 52.8665 6.3
    endloop
  endfacet
  facet normal 3.34261e-6 -0.983379 0.181566
    outer loop
      vertex -28.1443 52.621 4.97028
      vertex -28.0358 52.6229 4.98097
      vertex -35.9 52.8665 6.3
    endloop
  endfacet
  facet normal -8.83594e-6 -0.983392 0.181495
    outer loop
      vertex -35.9 52.8665 6.3
      vertex -28.0358 52.6229 4.98097
      vertex -27.927 52.6245 4.98929
    endloop
  endfacet
  facet normal 1.87175e-7 -0.983383 0.181541
    outer loop
      vertex 35.9 52.8665 6.3
      vertex -25.7878 52.5637 4.66004
      vertex -25.6866 52.5562 4.6194
    endloop
  endfacet
  facet normal 8.26834e-7 -0.983379 0.181563
    outer loop
      vertex -23.2699 52.1649 2.5
      vertex -23.1649 52.1296 2.30874
      vertex 22.6 51.7034 -1.64053e-14
    endloop
  endfacet
  facet normal 3.11947e-8 -0.983382 0.181548
    outer loop
      vertex -23.1649 52.1296 2.30874
      vertex -23.0685 52.0935 2.11309
      vertex 22.6 51.7034 -1.64053e-14
    endloop
  endfacet
  facet normal -2.6259e-7 -0.983383 0.181542
    outer loop
      vertex 22.6 51.7034 -1.64053e-14
      vertex -23.0685 52.0935 2.11309
      vertex -22.9806 52.0566 1.91342
    endloop
  endfacet
  facet normal -3.34261e-6 -0.983379 0.181566
    outer loop
      vertex 28.0358 52.6229 4.98097
      vertex 28.1443 52.621 4.97028
      vertex 35.9 52.8665 6.3
    endloop
  endfacet
  facet normal 1.93503e-6 -0.983384 0.181536
    outer loop
      vertex 28.1443 52.621 4.97028
      vertex 28.2526 52.6186 4.95722
      vertex 35.9 52.8665 6.3
    endloop
  endfacet
  facet normal 6.62642e-8 -0.983382 0.181546
    outer loop
      vertex 35.9 52.8665 6.3
      vertex 28.2526 52.6186 4.95722
      vertex 28.3606 52.6157 4.94181
    endloop
  endfacet
  facet normal -1.03787e-5 -0.98338 0.181557
    outer loop
      vertex 31.9301 52.1649 2.5
      vertex 32.0351 52.1296 2.30874
      vertex 35.9 52.8665 6.3
    endloop
  endfacet
  facet normal -2.81157e-7 -0.983382 0.181548
    outer loop
      vertex 32.0351 52.1296 2.30874
      vertex 32.1315 52.0935 2.11309
      vertex 35.9 52.8665 6.3
    endloop
  endfacet
  facet normal 4.34801e-6 -0.983383 0.181544
    outer loop
      vertex 35.9 52.8665 6.3
      vertex 32.1315 52.0935 2.11309
      vertex 32.2194 52.0566 1.91342
    endloop
  endfacet
  facet normal -2.85109e-6 -0.983358 0.18168
    outer loop
      vertex -27.3819 52.6256 4.99524
      vertex -27.273 52.6245 4.98929
      vertex 35.9 52.8665 6.3
    endloop
  endfacet
  facet normal 2.76229e-6 -0.983406 0.181419
    outer loop
      vertex -27.273 52.6245 4.98929
      vertex -27.1642 52.6229 4.98097
      vertex 35.9 52.8665 6.3
    endloop
  endfacet
  facet normal -9.29317e-7 -0.983374 0.181589
    outer loop
      vertex 35.9 52.8665 6.3
      vertex -27.1642 52.6229 4.98097
      vertex -27.0557 52.621 4.97028
    endloop
  endfacet
  facet normal -4.5434e-7 -0.98338 0.18156
    outer loop
      vertex 35.9 52.8665 6.3
      vertex -25.1 52.5028 4.33013
      vertex -25.0061 52.4925 4.27456
    endloop
  endfacet
  facet normal 1.25394e-7 -0.983382 0.181551
    outer loop
      vertex -22.9806 52.0566 1.91342
      vertex -22.9015 52.0191 1.7101
      vertex 22.6 51.7034 -1.64053e-14
    endloop
  endfacet
  facet normal -9.23373e-8 -0.983383 0.181545
    outer loop
      vertex -22.9015 52.0191 1.7101
      vertex -22.8314 51.981 1.50353
      vertex 22.6 51.7034 -1.64053e-14
    endloop
  endfacet
  facet normal 1.09122e-9 -0.983382 0.181548
    outer loop
      vertex 22.6 51.7034 -1.64053e-14
      vertex -22.8314 51.981 1.50353
      vertex -22.7704 51.9423 1.2941
    endloop
  endfacet
  facet normal -7.73669e-6 -0.983375 0.181588
    outer loop
      vertex 28.3606 52.6157 4.94181
      vertex 28.4682 52.6124 4.92404
      vertex 35.9 52.8665 6.3
    endloop
  endfacet
  facet normal 1.21573e-5 -0.983394 0.181484
    outer loop
      vertex 28.4682 52.6124 4.92404
      vertex 28.5755 52.6087 4.90393
      vertex 35.9 52.8665 6.3
    endloop
  endfacet
  facet normal -1.03383e-5 -0.983373 0.181598
    outer loop
      vertex 35.9 52.8665 6.3
      vertex 28.5755 52.6087 4.90393
      vertex 28.6822 52.6046 4.88148
    endloop
  endfacet
  facet normal -1.40441e-6 -0.983377 0.181578
    outer loop
      vertex -24.222 52.3839 3.68639
      vertex -24.1424 52.3702 3.61182
      vertex 35.9 52.8665 6.3
    endloop
  endfacet
  facet normal 1.09167e-6 -0.983387 0.181524
    outer loop
      vertex -24.1424 52.3702 3.61182
      vertex -24.0645 52.3561 3.53553
      vertex 35.9 52.8665 6.3
    endloop
  endfacet
  facet normal -6.66209e-7 -0.98338 0.181561
    outer loop
      vertex 35.9 52.8665 6.3
      vertex -24.0645 52.3561 3.53553
      vertex -23.9136 52.327 3.37795
    endloop
  endfacet
  facet normal 1.29772e-7 -0.983382 0.181551
    outer loop
      vertex 22.9015 52.0191 1.7101
      vertex 22.9806 52.0566 1.91342
      vertex -23.9136 52.327 3.37795
    endloop
  endfacet
  facet normal -1.50103e-7 -0.983383 0.181542
    outer loop
      vertex 22.9806 52.0566 1.91342
      vertex 23.0685 52.0935 2.11309
      vertex -23.9136 52.327 3.37795
    endloop
  endfacet
  facet normal 1.53281e-8 -0.983382 0.181548
    outer loop
      vertex -23.9136 52.327 3.37795
      vertex 23.0685 52.0935 2.11309
      vertex 23.1649 52.1296 2.30874
    endloop
  endfacet
  facet normal 1.14662e-7 -0.983383 0.181545
    outer loop
      vertex 26.8394 52.6157 4.94181
      vertex 26.9474 52.6186 4.95722
      vertex -23.9136 52.327 3.37795
    endloop
  endfacet
  facet normal 1.21771e-6 -0.983389 0.181511
    outer loop
      vertex 26.9474 52.6186 4.95722
      vertex 27.0557 52.621 4.97028
      vertex -23.9136 52.327 3.37795
    endloop
  endfacet
  facet normal -2.37421e-6 -0.983368 0.181622
    outer loop
      vertex 27.0557 52.621 4.97028
      vertex 27.1642 52.6229 4.98097
      vertex -23.9136 52.327 3.37795
    endloop
  endfacet
  facet normal 9.20218e-8 -0.983382 0.181546
    outer loop
      vertex -23.9136 52.327 3.37795
      vertex 27.1642 52.6229 4.98097
      vertex 35.9 52.8665 6.3
    endloop
  endfacet
  facet normal -2.6082e-5 -0.983352 0.181713
    outer loop
      vertex 27.1642 52.6229 4.98097
      vertex 27.273 52.6245 4.98929
      vertex 35.9 52.8665 6.3
    endloop
  endfacet
  facet normal 1.61615e-5 -0.983401 0.181445
    outer loop
      vertex 35.9 52.8665 6.3
      vertex 27.273 52.6245 4.98929
      vertex 27.3819 52.6256 4.99524
    endloop
  endfacet
  facet normal -1.21573e-5 -0.983394 0.181484
    outer loop
      vertex -28.5755 52.6087 4.90393
      vertex -28.4682 52.6124 4.92404
      vertex -35.9 52.8665 6.3
    endloop
  endfacet
  facet normal 7.73669e-6 -0.983375 0.181588
    outer loop
      vertex -28.4682 52.6124 4.92404
      vertex -28.3606 52.6157 4.94181
      vertex -35.9 52.8665 6.3
    endloop
  endfacet
  facet normal -6.62642e-8 -0.983382 0.181546
    outer loop
      vertex -35.9 52.8665 6.3
      vertex -28.3606 52.6157 4.94181
      vertex -28.2526 52.6186 4.95722
    endloop
  endfacet
  facet normal 1.10362e-7 -0.983383 0.181543
    outer loop
      vertex -25.6866 52.5562 4.6194
      vertex -25.5863 52.5483 4.57656
      vertex 35.9 52.8665 6.3
    endloop
  endfacet
  facet normal -4.38372e-8 -0.983382 0.181549
    outer loop
      vertex -25.5863 52.5483 4.57656
      vertex -25.4869 52.54 4.53154
      vertex 35.9 52.8665 6.3
    endloop
  endfacet
  facet normal -2.69697e-7 -0.983381 0.181556
    outer loop
      vertex 35.9 52.8665 6.3
      vertex -25.4869 52.54 4.53154
      vertex -25.3886 52.5313 4.48436
    endloop
  endfacet
  facet normal -8.4176e-7 -0.983378 0.181571
    outer loop
      vertex -25.0061 52.4925 4.27456
      vertex -24.9135 52.4819 4.21696
      vertex 35.9 52.8665 6.3
    endloop
  endfacet
  facet normal 1.53852e-7 -0.983383 0.181543
    outer loop
      vertex -24.9135 52.4819 4.21696
      vertex -24.8221 52.4709 4.15735
      vertex 35.9 52.8665 6.3
    endloop
  endfacet
  facet normal 2.56595e-7 -0.983384 0.18154
    outer loop
      vertex 35.9 52.8665 6.3
      vertex -24.8221 52.4709 4.15735
      vertex -24.7321 52.4595 4.09576
    endloop
  endfacet
  facet normal -5.49026e-7 -0.98338 0.181562
    outer loop
      vertex -24.7321 52.4595 4.09576
      vertex -24.6435 52.4478 4.03222
      vertex 35.9 52.8665 6.3
    endloop
  endfacet
  facet normal 1.66232e-6 -0.98339 0.181505
    outer loop
      vertex -24.6435 52.4478 4.03222
      vertex -24.5562 52.4357 3.96677
      vertex 35.9 52.8665 6.3
    endloop
  endfacet
  facet normal -1.22964e-6 -0.983377 0.181577
    outer loop
      vertex 35.9 52.8665 6.3
      vertex -24.5562 52.4357 3.96677
      vertex -24.4704 52.4233 3.89942
    endloop
  endfacet
  facet normal -3.43677e-8 -0.983382 0.181547
    outer loop
      vertex -22.7704 51.9423 1.2941
      vertex -22.7185 51.9032 1.0822
      vertex 22.6 51.7034 -1.64053e-14
    endloop
  endfacet
  facet normal -7.32374e-8 -0.983383 0.181545
    outer loop
      vertex -22.7185 51.9032 1.0822
      vertex -22.676 51.8637 0.868241
      vertex 22.6 51.7034 -1.64053e-14
    endloop
  endfacet
  facet normal -4.10711e-8 -0.983382 0.181547
    outer loop
      vertex 22.6 51.7034 -1.64053e-14
      vertex -22.676 51.8637 0.868241
      vertex -22.6428 51.8239 0.652631
    endloop
  endfacet
  facet normal 6.45149e-8 -0.983381 0.181554
    outer loop
      vertex -22.6428 51.8239 0.652631
      vertex -22.619 51.7838 0.435779
      vertex 22.6 51.7034 -1.64053e-14
    endloop
  endfacet
  facet normal -1.15786e-7 -0.983384 0.181536
    outer loop
      vertex -22.619 51.7838 0.435779
      vertex -22.6048 51.7436 0.218097
      vertex 22.6 51.7034 -1.64053e-14
    endloop
  endfacet
  facet normal 0 -0.98338 0.181559
    outer loop
      vertex 22.6 51.7034 -1.64053e-14
      vertex -22.6048 51.7436 0.218097
      vertex -22.6 51.7034 -1.64053e-14
    endloop
  endfacet
  facet normal 1.4218e-7 -0.983382 0.181547
    outer loop
      vertex -35.9 51.7034 -1.64053e-14
      vertex -32.4296 51.9423 1.2941
      vertex -35.9 52.8665 6.3
    endloop
  endfacet
  facet normal 5.25824e-7 -0.983382 0.181548
    outer loop
      vertex -32.4296 51.9423 1.2941
      vertex -32.3686 51.981 1.50353
      vertex -35.9 52.8665 6.3
    endloop
  endfacet
  facet normal -2.0926e-6 -0.983382 0.181546
    outer loop
      vertex -35.9 52.8665 6.3
      vertex -32.3686 51.981 1.50353
      vertex -32.2985 52.0191 1.7101
    endloop
  endfacet
  facet normal 4.91296e-7 -0.983386 0.181524
    outer loop
      vertex -27.0557 52.621 4.97028
      vertex -26.9474 52.6186 4.95722
      vertex 35.9 52.8665 6.3
    endloop
  endfacet
  facet normal 1.56393e-8 -0.983382 0.181546
    outer loop
      vertex -26.9474 52.6186 4.95722
      vertex -26.8394 52.6157 4.94181
      vertex 35.9 52.8665 6.3
    endloop
  endfacet
  facet normal -1.71878e-6 -0.983368 0.181623
    outer loop
      vertex 35.9 52.8665 6.3
      vertex -26.8394 52.6157 4.94181
      vertex -26.7318 52.6124 4.92404
    endloop
  endfacet
  facet normal 1.37253e-6 -0.98339 0.181503
    outer loop
      vertex -25.3886 52.5313 4.48436
      vertex -25.2913 52.5222 4.43505
      vertex 35.9 52.8665 6.3
    endloop
  endfacet
  facet normal -1.58906e-6 -0.983373 0.181597
    outer loop
      vertex -25.2913 52.5222 4.43505
      vertex -25.1951 52.5127 4.38363
      vertex 35.9 52.8665 6.3
    endloop
  endfacet
  facet normal 1.33225e-6 -0.98339 0.181506
    outer loop
      vertex 35.9 52.8665 6.3
      vertex -25.1951 52.5127 4.38363
      vertex -25.1 52.5028 4.33013
    endloop
  endfacet
  facet normal 7.54265e-7 -0.983386 0.181529
    outer loop
      vertex -24.4704 52.4233 3.89942
      vertex -24.3861 52.4105 3.83022
      vertex 35.9 52.8665 6.3
    endloop
  endfacet
  facet normal -6.06356e-7 -0.98338 0.181561
    outer loop
      vertex -24.3861 52.4105 3.83022
      vertex -24.3033 52.3974 3.7592
      vertex 35.9 52.8665 6.3
    endloop
  endfacet
  facet normal 7.71898e-7 -0.983386 0.181529
    outer loop
      vertex 35.9 52.8665 6.3
      vertex -24.3033 52.3974 3.7592
      vertex -24.222 52.3839 3.68639
    endloop
  endfacet
  facet normal 8.36307e-6 -0.98339 0.181506
    outer loop
      vertex 28.6822 52.6046 4.88148
      vertex 28.7884 52.6 4.85671
      vertex 35.9 52.8665 6.3
    endloop
  endfacet
  facet normal 7.81422e-7 -0.983383 0.181542
    outer loop
      vertex 28.7884 52.6 4.85671
      vertex 28.8941 52.595 4.82963
      vertex 35.9 52.8665 6.3
    endloop
  endfacet
  facet normal -3.01133e-7 -0.983382 0.181547
    outer loop
      vertex 35.9 52.8665 6.3
      vertex 28.8941 52.595 4.82963
      vertex 28.9991 52.5896 4.80025
    endloop
  endfacet
  facet normal -2.86384e-6 -0.983382 0.18155
    outer loop
      vertex 32.2194 52.0566 1.91342
      vertex 32.2985 52.0191 1.7101
      vertex 35.9 52.8665 6.3
    endloop
  endfacet
  facet normal 2.0926e-6 -0.983382 0.181546
    outer loop
      vertex 32.2985 52.0191 1.7101
      vertex 32.3686 51.981 1.50353
      vertex 35.9 52.8665 6.3
    endloop
  endfacet
  facet normal -1.64584e-7 -0.983382 0.181547
    outer loop
      vertex 35.9 52.8665 6.3
      vertex 32.3686 51.981 1.50353
      vertex 35.9 51.7034 -1.64053e-14
    endloop
  endfacet
  facet normal 1.58728e-8 -0.983382 0.181548
    outer loop
      vertex 32.3686 51.981 1.50353
      vertex 32.4296 51.9423 1.2941
      vertex 35.9 51.7034 -1.64053e-14
    endloop
  endfacet
  facet normal 5.71824e-7 -0.983382 0.181547
    outer loop
      vertex -32.5572 51.8239 0.652631
      vertex -32.524 51.8637 0.868241
      vertex -35.9 51.7034 -1.64053e-14
    endloop
  endfacet
  facet normal 1.03121e-6 -0.983383 0.181545
    outer loop
      vertex -32.524 51.8637 0.868241
      vertex -32.4815 51.9032 1.0822
      vertex -35.9 51.7034 -1.64053e-14
    endloop
  endfacet
  facet normal 4.90976e-7 -0.983382 0.181547
    outer loop
      vertex -35.9 51.7034 -1.64053e-14
      vertex -32.4815 51.9032 1.0822
      vertex -32.4296 51.9423 1.2941
    endloop
  endfacet
  facet normal -1.50309e-8 -0.983382 0.181547
    outer loop
      vertex 22.7185 51.9032 1.0822
      vertex 22.7704 51.9423 1.2941
      vertex -23.9136 52.327 3.37795
    endloop
  endfacet
  facet normal 3.93949e-8 -0.983382 0.181548
    outer loop
      vertex 22.7704 51.9423 1.2941
      vertex 22.8314 51.981 1.50353
      vertex -23.9136 52.327 3.37795
    endloop
  endfacet
  facet normal -7.11096e-8 -0.983383 0.181545
    outer loop
      vertex -23.9136 52.327 3.37795
      vertex 22.8314 51.981 1.50353
      vertex 22.9015 52.0191 1.7101
    endloop
  endfacet
  facet normal -3.52177e-6 -0.983361 0.181662
    outer loop
      vertex 26.5178 52.6046 4.88148
      vertex 26.6245 52.6087 4.90393
      vertex -23.9136 52.327 3.37795
    endloop
  endfacet
  facet normal 4.75415e-6 -0.98341 0.181397
    outer loop
      vertex 26.6245 52.6087 4.90393
      vertex 26.7318 52.6124 4.92404
      vertex -23.9136 52.327 3.37795
    endloop
  endfacet
  facet normal -3.32313e-6 -0.983363 0.181653
    outer loop
      vertex -23.9136 52.327 3.37795
      vertex 26.7318 52.6124 4.92404
      vertex 26.8394 52.6157 4.94181
    endloop
  endfacet
  facet normal -7.81422e-7 -0.983383 0.181542
    outer loop
      vertex -28.8941 52.595 4.82963
      vertex -28.7884 52.6 4.85671
      vertex -35.9 52.8665 6.3
    endloop
  endfacet
  facet normal -8.36307e-6 -0.98339 0.181506
    outer loop
      vertex -28.7884 52.6 4.85671
      vertex -28.6822 52.6046 4.88148
      vertex -35.9 52.8665 6.3
    endloop
  endfacet
  facet normal 1.03383e-5 -0.983373 0.181598
    outer loop
      vertex -35.9 52.8665 6.3
      vertex -28.6822 52.6046 4.88148
      vertex -28.5755 52.6087 4.90393
    endloop
  endfacet
  facet normal -4.90976e-7 -0.983382 0.181547
    outer loop
      vertex 32.4296 51.9423 1.2941
      vertex 32.4815 51.9032 1.0822
      vertex 35.9 51.7034 -1.64053e-14
    endloop
  endfacet
  facet normal -1.03121e-6 -0.983383 0.181545
    outer loop
      vertex 32.4815 51.9032 1.0822
      vertex 32.524 51.8637 0.868241
      vertex 35.9 51.7034 -1.64053e-14
    endloop
  endfacet
  facet normal -5.71824e-7 -0.983382 0.181547
    outer loop
      vertex 35.9 51.7034 -1.64053e-14
      vertex 32.524 51.8637 0.868241
      vertex 32.5572 51.8239 0.652631
    endloop
  endfacet
  facet normal 2.56584e-6 -0.983403 0.181435
    outer loop
      vertex -26.7318 52.6124 4.92404
      vertex -26.6245 52.6087 4.90393
      vertex 35.9 52.8665 6.3
    endloop
  endfacet
  facet normal -2.08722e-6 -0.983366 0.181636
    outer loop
      vertex -26.6245 52.6087 4.90393
      vertex -26.5178 52.6046 4.88148
      vertex 35.9 52.8665 6.3
    endloop
  endfacet
  facet normal 1.62392e-6 -0.983395 0.181478
    outer loop
      vertex 35.9 52.8665 6.3
      vertex -26.5178 52.6046 4.88148
      vertex -26.4116 52.6 4.85671
    endloop
  endfacet
  facet normal 2.85209e-6 -0.983385 0.181533
    outer loop
      vertex 28.9991 52.5896 4.80025
      vertex 29.1035 52.5837 4.76858
      vertex 35.9 52.8665 6.3
    endloop
  endfacet
  facet normal -4.80664e-6 -0.983379 0.181566
    outer loop
      vertex 29.1035 52.5837 4.76858
      vertex 29.2072 52.5775 4.73465
      vertex 35.9 52.8665 6.3
    endloop
  endfacet
  facet normal 4.86473e-6 -0.983386 0.181526
    outer loop
      vertex 35.9 52.8665 6.3
      vertex 29.2072 52.5775 4.73465
      vertex 29.3101 52.5708 4.69846
    endloop
  endfacet
  facet normal 0 -0.98338 0.181559
    outer loop
      vertex -32.6 51.7034 -1.64053e-14
      vertex -32.5952 51.7436 0.218097
      vertex -35.9 51.7034 -1.64053e-14
    endloop
  endfacet
  facet normal 1.59018e-6 -0.983384 0.181536
    outer loop
      vertex -32.5952 51.7436 0.218097
      vertex -32.581 51.7838 0.435779
      vertex -35.9 51.7034 -1.64053e-14
    endloop
  endfacet
  facet normal -8.90844e-7 -0.983381 0.181554
    outer loop
      vertex -35.9 51.7034 -1.64053e-14
      vertex -32.581 51.7838 0.435779
      vertex -32.5572 51.8239 0.652631
    endloop
  endfacet
  facet normal 4.1978e-7 -0.983381 0.181554
    outer loop
      vertex 22.619 51.7838 0.435779
      vertex 22.6428 51.8239 0.652631
      vertex -23.9136 52.327 3.37795
    endloop
  endfacet
  facet normal -5.17415e-9 -0.983382 0.181547
    outer loop
      vertex 22.6428 51.8239 0.652631
      vertex 22.676 51.8637 0.868241
      vertex -23.9136 52.327 3.37795
    endloop
  endfacet
  facet normal -9.41217e-8 -0.983383 0.181545
    outer loop
      vertex -23.9136 52.327 3.37795
      vertex 22.676 51.8637 0.868241
      vertex 22.7185 51.9032 1.0822
    endloop
  endfacet
  facet normal 2.75919e-8 -0.983382 0.181548
    outer loop
      vertex 26.2009 52.5896 4.80025
      vertex 26.3059 52.595 4.82963
      vertex -23.9136 52.327 3.37795
    endloop
  endfacet
  facet normal 3.30365e-7 -0.983384 0.181538
    outer loop
      vertex 26.3059 52.595 4.82963
      vertex 26.4116 52.6 4.85671
      vertex -23.9136 52.327 3.37795
    endloop
  endfacet
  facet normal 2.69404e-6 -0.983398 0.18146
    outer loop
      vertex -23.9136 52.327 3.37795
      vertex 26.4116 52.6 4.85671
      vertex 26.5178 52.6046 4.88148
    endloop
  endfacet
  facet normal 8.90844e-7 -0.983381 0.181554
    outer loop
      vertex 32.5572 51.8239 0.652631
      vertex 32.581 51.7838 0.435779
      vertex 35.9 51.7034 -1.64053e-14
    endloop
  endfacet
  facet normal -1.59018e-6 -0.983384 0.181536
    outer loop
      vertex 32.581 51.7838 0.435779
      vertex 32.5952 51.7436 0.218097
      vertex 35.9 51.7034 -1.64053e-14
    endloop
  endfacet
  facet normal 0 -0.98338 0.181559
    outer loop
      vertex 35.9 51.7034 -1.64053e-14
      vertex 32.5952 51.7436 0.218097
      vertex 32.6 51.7034 -1.64053e-14
    endloop
  endfacet
  facet normal 4.80664e-6 -0.983379 0.181566
    outer loop
      vertex -29.2072 52.5775 4.73465
      vertex -29.1035 52.5837 4.76858
      vertex -35.9 52.8665 6.3
    endloop
  endfacet
  facet normal -2.85209e-6 -0.983385 0.181533
    outer loop
      vertex -29.1035 52.5837 4.76858
      vertex -28.9991 52.5896 4.80025
      vertex -35.9 52.8665 6.3
    endloop
  endfacet
  facet normal 3.01133e-7 -0.983382 0.181547
    outer loop
      vertex -35.9 52.8665 6.3
      vertex -28.9991 52.5896 4.80025
      vertex -28.8941 52.595 4.82963
    endloop
  endfacet
  facet normal 1.4656e-7 -0.983384 0.18154
    outer loop
      vertex -26.4116 52.6 4.85671
      vertex -26.3059 52.595 4.82963
      vertex 35.9 52.8665 6.3
    endloop
  endfacet
  facet normal -5.47391e-8 -0.983382 0.181548
    outer loop
      vertex -26.3059 52.595 4.82963
      vertex -26.2009 52.5896 4.80025
      vertex 35.9 52.8665 6.3
    endloop
  endfacet
  facet normal 5.03883e-7 -0.983386 0.181526
    outer loop
      vertex 35.9 52.8665 6.3
      vertex -26.2009 52.5896 4.80025
      vertex -26.0965 52.5837 4.76858
    endloop
  endfacet
  facet normal -1.16628e-5 -0.983374 0.181592
    outer loop
      vertex 29.3101 52.5708 4.69846
      vertex 29.4122 52.5637 4.66004
      vertex 35.9 52.8665 6.3
    endloop
  endfacet
  facet normal 1.16443e-6 -0.983383 0.181543
    outer loop
      vertex 29.4122 52.5637 4.66004
      vertex 29.5134 52.5562 4.6194
      vertex 35.9 52.8665 6.3
    endloop
  endfacet
  facet normal 7.00559e-7 -0.983383 0.181545
    outer loop
      vertex 35.9 52.8665 6.3
      vertex 29.5134 52.5562 4.6194
      vertex 29.6137 52.5483 4.57656
    endloop
  endfacet
  facet normal -8.27237e-7 -0.983377 0.181578
    outer loop
      vertex -26.0965 52.5837 4.76858
      vertex -25.9928 52.5775 4.73465
      vertex 35.9 52.8665 6.3
    endloop
  endfacet
  facet normal 8.17149e-7 -0.983388 0.181515
    outer loop
      vertex -25.9928 52.5775 4.73465
      vertex -25.8899 52.5708 4.69846
      vertex 35.9 52.8665 6.3
    endloop
  endfacet
  facet normal -1.9151e-6 -0.983369 0.181617
    outer loop
      vertex 35.9 52.8665 6.3
      vertex -25.8899 52.5708 4.69846
      vertex -25.7878 52.5637 4.66004
    endloop
  endfacet
  facet normal -5.14265e-8 -0.983382 0.181547
    outer loop
      vertex -23.7698 52.2967 3.21394
      vertex 22.6 51.7034 -1.64053e-14
      vertex -23.9136 52.327 3.37795
    endloop
  endfacet
  facet normal 8.68806e-7 -0.98338 0.181559
    outer loop
      vertex 22.6 51.7034 -1.64053e-14
      vertex 22.6048 51.7436 0.218097
      vertex -23.9136 52.327 3.37795
    endloop
  endfacet
  facet normal -7.56199e-7 -0.983384 0.181536
    outer loop
      vertex -23.9136 52.327 3.37795
      vertex 22.6048 51.7436 0.218097
      vertex 22.619 51.7838 0.435779
    endloop
  endfacet
  facet normal 1.10342e-6 -0.983389 0.18151
    outer loop
      vertex 25.8899 52.5708 4.69846
      vertex 25.9928 52.5775 4.73465
      vertex -23.9136 52.327 3.37795
    endloop
  endfacet
  facet normal -9.61063e-7 -0.983376 0.181583
    outer loop
      vertex 25.9928 52.5775 4.73465
      vertex 26.0965 52.5837 4.76858
      vertex -23.9136 52.327 3.37795
    endloop
  endfacet
  facet normal 8.09734e-7 -0.983387 0.181522
    outer loop
      vertex -23.9136 52.327 3.37795
      vertex 26.0965 52.5837 4.76858
      vertex 26.2009 52.5896 4.80025
    endloop
  endfacet
  facet normal -1.16443e-6 -0.983383 0.181543
    outer loop
      vertex -29.5134 52.5562 4.6194
      vertex -29.4122 52.5637 4.66004
      vertex -35.9 52.8665 6.3
    endloop
  endfacet
  facet normal 1.16628e-5 -0.983374 0.181592
    outer loop
      vertex -29.4122 52.5637 4.66004
      vertex -29.3101 52.5708 4.69846
      vertex -35.9 52.8665 6.3
    endloop
  endfacet
  facet normal -4.86473e-6 -0.983386 0.181526
    outer loop
      vertex -35.9 52.8665 6.3
      vertex -29.3101 52.5708 4.69846
      vertex -29.2072 52.5775 4.73465
    endloop
  endfacet
  facet normal -2.8366e-7 -0.983382 0.181548
    outer loop
      vertex 29.6137 52.5483 4.57656
      vertex 29.7131 52.54 4.53154
      vertex 35.9 52.8665 6.3
    endloop
  endfacet
  facet normal -1.77744e-6 -0.983381 0.181553
    outer loop
      vertex 29.7131 52.54 4.53154
      vertex 29.8114 52.5313 4.48436
      vertex 35.9 52.8665 6.3
    endloop
  endfacet
  facet normal 9.20649e-6 -0.983388 0.181518
    outer loop
      vertex 35.9 52.8665 6.3
      vertex 29.8114 52.5313 4.48436
      vertex 29.9087 52.5222 4.43505
    endloop
  endfacet
  facet normal 1.40829e-7 -0.983383 0.181543
    outer loop
      vertex 25.5863 52.5483 4.57656
      vertex 25.6866 52.5562 4.6194
      vertex -23.9136 52.327 3.37795
    endloop
  endfacet
  facet normal 2.22073e-7 -0.983384 0.18154
    outer loop
      vertex 25.6866 52.5562 4.6194
      vertex 25.7878 52.5637 4.66004
      vertex -23.9136 52.327 3.37795
    endloop
  endfacet
  facet normal -2.1207e-6 -0.983367 0.181627
    outer loop
      vertex -23.9136 52.327 3.37795
      vertex 25.7878 52.5637 4.66004
      vertex 25.8899 52.5708 4.69846
    endloop
  endfacet
  facet normal 1.77744e-6 -0.983381 0.181553
    outer loop
      vertex -29.8114 52.5313 4.48436
      vertex -29.7131 52.54 4.53154
      vertex -35.9 52.8665 6.3
    endloop
  endfacet
  facet normal 2.8366e-7 -0.983382 0.181548
    outer loop
      vertex -29.7131 52.54 4.53154
      vertex -29.6137 52.5483 4.57656
      vertex -35.9 52.8665 6.3
    endloop
  endfacet
  facet normal -7.00559e-7 -0.983383 0.181545
    outer loop
      vertex -35.9 52.8665 6.3
      vertex -29.6137 52.5483 4.57656
      vertex -29.5134 52.5562 4.6194
    endloop
  endfacet
  facet normal -1.08414e-5 -0.983376 0.18158
    outer loop
      vertex 29.9087 52.5222 4.43505
      vertex 30.0049 52.5127 4.38363
      vertex 35.9 52.8665 6.3
    endloop
  endfacet
  facet normal 9.24026e-6 -0.983387 0.18152
    outer loop
      vertex 30.0049 52.5127 4.38363
      vertex 30.1 52.5028 4.33013
      vertex 35.9 52.8665 6.3
    endloop
  endfacet
  facet normal -3.202e-6 -0.983381 0.181555
    outer loop
      vertex 35.9 52.8665 6.3
      vertex 30.1 52.5028 4.33013
      vertex 30.1939 52.4925 4.27456
    endloop
  endfacet
  facet normal 1.16573e-6 -0.983391 0.181498
    outer loop
      vertex 25.2913 52.5222 4.43505
      vertex 25.3886 52.5313 4.48436
      vertex -23.9136 52.327 3.37795
    endloop
  endfacet
  facet normal -2.13319e-7 -0.98338 0.181557
    outer loop
      vertex 25.3886 52.5313 4.48436
      vertex 25.4869 52.54 4.53154
      vertex -23.9136 52.327 3.37795
    endloop
  endfacet
  facet normal -9.47244e-9 -0.983382 0.181549
    outer loop
      vertex -23.9136 52.327 3.37795
      vertex 25.4869 52.54 4.53154
      vertex 25.5863 52.5483 4.57656
    endloop
  endfacet
  facet normal -9.24026e-6 -0.983387 0.18152
    outer loop
      vertex -30.1 52.5028 4.33013
      vertex -30.0049 52.5127 4.38363
      vertex -35.9 52.8665 6.3
    endloop
  endfacet
  facet normal 1.08414e-5 -0.983376 0.18158
    outer loop
      vertex -30.0049 52.5127 4.38363
      vertex -29.9087 52.5222 4.43505
      vertex -35.9 52.8665 6.3
    endloop
  endfacet
  facet normal -9.20649e-6 -0.983388 0.181518
    outer loop
      vertex -35.9 52.8665 6.3
      vertex -29.9087 52.5222 4.43505
      vertex -29.8114 52.5313 4.48436
    endloop
  endfacet
  facet normal -6.0257e-6 -0.983379 0.181563
    outer loop
      vertex 30.1939 52.4925 4.27456
      vertex 30.2865 52.4819 4.21696
      vertex 35.9 52.8665 6.3
    endloop
  endfacet
  facet normal 1.11829e-6 -0.983383 0.181545
    outer loop
      vertex 30.2865 52.4819 4.21696
      vertex 30.3779 52.4709 4.15735
      vertex 35.9 52.8665 6.3
    endloop
  endfacet
  facet normal 1.89324e-6 -0.983383 0.181543
    outer loop
      vertex 35.9 52.8665 6.3
      vertex 30.3779 52.4709 4.15735
      vertex 30.4679 52.4595 4.09576
    endloop
  endfacet
  facet normal -2.20037e-7 -0.98338 0.181561
    outer loop
      vertex 25.0061 52.4925 4.27456
      vertex 25.1 52.5028 4.33013
      vertex -23.9136 52.327 3.37795
    endloop
  endfacet
  facet normal 9.55838e-7 -0.98339 0.181503
    outer loop
      vertex 25.1 52.5028 4.33013
      vertex 25.1951 52.5127 4.38363
      vertex -23.9136 52.327 3.37795
    endloop
  endfacet
  facet normal -1.13918e-6 -0.983372 0.181601
    outer loop
      vertex -23.9136 52.327 3.37795
      vertex 25.1951 52.5127 4.38363
      vertex 25.2913 52.5222 4.43505
    endloop
  endfacet
  facet normal -1.11829e-6 -0.983383 0.181545
    outer loop
      vertex -30.3779 52.4709 4.15735
      vertex -30.2865 52.4819 4.21696
      vertex -35.9 52.8665 6.3
    endloop
  endfacet
  facet normal 6.0257e-6 -0.983379 0.181563
    outer loop
      vertex -30.2865 52.4819 4.21696
      vertex -30.1939 52.4925 4.27456
      vertex -35.9 52.8665 6.3
    endloop
  endfacet
  facet normal 3.202e-6 -0.983381 0.181555
    outer loop
      vertex -35.9 52.8665 6.3
      vertex -30.1939 52.4925 4.27456
      vertex -30.1 52.5028 4.33013
    endloop
  endfacet
  facet normal -4.11107e-6 -0.98338 0.181557
    outer loop
      vertex 30.4679 52.4595 4.09576
      vertex 30.5565 52.4478 4.03222
      vertex 35.9 52.8665 6.3
    endloop
  endfacet
  facet normal 1.26297e-5 -0.983387 0.181519
    outer loop
      vertex 30.5565 52.4478 4.03222
      vertex 30.6438 52.4357 3.96677
      vertex 35.9 52.8665 6.3
    endloop
  endfacet
  facet normal -9.47783e-6 -0.983379 0.181567
    outer loop
      vertex 35.9 52.8665 6.3
      vertex 30.6438 52.4357 3.96677
      vertex 30.7296 52.4233 3.89942
    endloop
  endfacet
  facet normal 1.40694e-7 -0.983384 0.18154
    outer loop
      vertex 24.7321 52.4595 4.09576
      vertex 24.8221 52.4709 4.15735
      vertex -23.9136 52.327 3.37795
    endloop
  endfacet
  facet normal 9.08388e-8 -0.983383 0.181543
    outer loop
      vertex 24.8221 52.4709 4.15735
      vertex 24.9135 52.4819 4.21696
      vertex -23.9136 52.327 3.37795
    endloop
  endfacet
  facet normal -4.50776e-7 -0.983377 0.181573
    outer loop
      vertex -23.9136 52.327 3.37795
      vertex 24.9135 52.4819 4.21696
      vertex 25.0061 52.4925 4.27456
    endloop
  endfacet
  facet normal -1.26297e-5 -0.983387 0.181519
    outer loop
      vertex -30.6438 52.4357 3.96677
      vertex -30.5565 52.4478 4.03222
      vertex -35.9 52.8665 6.3
    endloop
  endfacet
  facet normal 4.11107e-6 -0.98338 0.181557
    outer loop
      vertex -30.5565 52.4478 4.03222
      vertex -30.4679 52.4595 4.09576
      vertex -35.9 52.8665 6.3
    endloop
  endfacet
  facet normal -1.89324e-6 -0.983383 0.181543
    outer loop
      vertex -35.9 52.8665 6.3
      vertex -30.4679 52.4595 4.09576
      vertex -30.3779 52.4709 4.15735
    endloop
  endfacet
  facet normal 5.89732e-6 -0.983384 0.181535
    outer loop
      vertex 30.7296 52.4233 3.89942
      vertex 30.8139 52.4105 3.83022
      vertex 35.9 52.8665 6.3
    endloop
  endfacet
  facet normal -4.80858e-6 -0.983381 0.181556
    outer loop
      vertex 30.8139 52.4105 3.83022
      vertex 30.8967 52.3974 3.7592
      vertex 35.9 52.8665 6.3
    endloop
  endfacet
  facet normal 6.20838e-6 -0.983384 0.181535
    outer loop
      vertex 35.9 52.8665 6.3
      vertex 30.8967 52.3974 3.7592
      vertex 30.978 52.3839 3.68639
    endloop
  endfacet
  facet normal -3.31131e-7 -0.983376 0.181579
    outer loop
      vertex 24.4704 52.4233 3.89942
      vertex 24.5562 52.4357 3.96677
      vertex -23.9136 52.327 3.37795
    endloop
  endfacet
  facet normal 6.4062e-7 -0.983391 0.181502
    outer loop
      vertex 24.5562 52.4357 3.96677
      vertex 24.6435 52.4478 4.03222
      vertex -23.9136 52.327 3.37795
    endloop
  endfacet
  facet normal -2.10509e-7 -0.983379 0.181563
    outer loop
      vertex -23.9136 52.327 3.37795
      vertex 24.6435 52.4478 4.03222
      vertex 24.7321 52.4595 4.09576
    endloop
  endfacet
  facet normal -1.1456e-5 -0.983378 0.181567
    outer loop
      vertex 30.978 52.3839 3.68639
      vertex 31.0576 52.3702 3.61182
      vertex 35.9 52.8665 6.3
    endloop
  endfacet
  facet normal 9.0312e-6 -0.983385 0.181532
    outer loop
      vertex 31.0576 52.3702 3.61182
      vertex 31.1355 52.3561 3.53553
      vertex 35.9 52.8665 6.3
    endloop
  endfacet
  facet normal -5.6285e-6 -0.983381 0.181556
    outer loop
      vertex 35.9 52.8665 6.3
      vertex 31.1355 52.3561 3.53553
      vertex 31.2864 52.327 3.37795
    endloop
  endfacet
  facet normal 4.80858e-6 -0.983381 0.181556
    outer loop
      vertex -30.8967 52.3974 3.7592
      vertex -30.8139 52.4105 3.83022
      vertex -35.9 52.8665 6.3
    endloop
  endfacet
  facet normal -5.89732e-6 -0.983384 0.181535
    outer loop
      vertex -30.8139 52.4105 3.83022
      vertex -30.7296 52.4233 3.89942
      vertex -35.9 52.8665 6.3
    endloop
  endfacet
  facet normal 9.47783e-6 -0.983379 0.181567
    outer loop
      vertex -35.9 52.8665 6.3
      vertex -30.7296 52.4233 3.89942
      vertex -30.6438 52.4357 3.96677
    endloop
  endfacet
  facet normal 1.84216e-7 -0.983386 0.181528
    outer loop
      vertex 24.222 52.3839 3.68639
      vertex 24.3033 52.3974 3.7592
      vertex -23.9136 52.327 3.37795
    endloop
  endfacet
  facet normal -8.88434e-8 -0.98338 0.181562
    outer loop
      vertex 24.3033 52.3974 3.7592
      vertex 24.3861 52.4105 3.83022
      vertex -23.9136 52.327 3.37795
    endloop
  endfacet
  facet normal 2.41096e-7 -0.983386 0.181528
    outer loop
      vertex -23.9136 52.327 3.37795
      vertex 24.3861 52.4105 3.83022
      vertex 24.4704 52.4233 3.89942
    endloop
  endfacet
  facet normal -9.0312e-6 -0.983385 0.181532
    outer loop
      vertex -31.1355 52.3561 3.53553
      vertex -31.0576 52.3702 3.61182
      vertex -35.9 52.8665 6.3
    endloop
  endfacet
  facet normal 1.1456e-5 -0.983378 0.181567
    outer loop
      vertex -31.0576 52.3702 3.61182
      vertex -30.978 52.3839 3.68639
      vertex -35.9 52.8665 6.3
    endloop
  endfacet
  facet normal -6.20838e-6 -0.983384 0.181535
    outer loop
      vertex -35.9 52.8665 6.3
      vertex -30.978 52.3839 3.68639
      vertex -30.8967 52.3974 3.7592
    endloop
  endfacet
  facet normal 0 0 1
    outer loop
      vertex 35.9 52.8665 6.3
      vertex 35.9 68.8 6.3
      vertex -35.9 52.8665 6.3
    endloop
  endfacet
  facet normal 0 0 1
    outer loop
      vertex 35.9 68.8 6.3
      vertex -35.9 68.8 6.3
      vertex -35.9 52.8665 6.3
    endloop
  endfacet
  facet normal 3.62869e-6 -0.983383 -0.181543
    outer loop
      vertex 31.6958 52.2328 -2.86788
      vertex 31.5668 52.2653 -3.04381
      vertex 35.9 52.8665 -6.3
    endloop
  endfacet
  facet normal 0 -0.98338 -0.181561
    outer loop
      vertex 24.0645 52.3561 -3.53553
      vertex 23.9136 52.327 -3.37795
      vertex -23.9136 52.327 -3.37795
    endloop
  endfacet
  facet normal 2.27477e-6 -0.983383 -0.181544
    outer loop
      vertex 31.5668 52.2653 -3.04381
      vertex 31.4302 52.2967 -3.21394
      vertex 35.9 52.8665 -6.3
    endloop
  endfacet
  facet normal 3.98888e-7 -0.983382 -0.181547
    outer loop
      vertex 31.4302 52.2967 -3.21394
      vertex 31.2864 52.327 -3.37795
      vertex 35.9 52.8665 -6.3
    endloop
  endfacet
  facet normal -5.6285e-6 -0.983381 -0.181556
    outer loop
      vertex 35.9 52.8665 -6.3
      vertex 31.2864 52.327 -3.37795
      vertex 31.1355 52.3561 -3.53553
    endloop
  endfacet
  facet normal -3.98888e-7 -0.983382 -0.181547
    outer loop
      vertex -31.2864 52.327 -3.37795
      vertex -31.4302 52.2967 -3.21394
      vertex -35.9 52.8665 -6.3
    endloop
  endfacet
  facet normal -2.27477e-6 -0.983383 -0.181544
    outer loop
      vertex -31.4302 52.2967 -3.21394
      vertex -31.5668 52.2653 -3.04381
      vertex -35.9 52.8665 -6.3
    endloop
  endfacet
  facet normal -1.03787e-5 -0.98338 -0.181557
    outer loop
      vertex 32.0351 52.1296 -2.30874
      vertex 31.9301 52.1649 -2.5
      vertex 35.9 52.8665 -6.3
    endloop
  endfacet
  facet normal 3.60438e-6 -0.983383 -0.181543
    outer loop
      vertex 31.9301 52.1649 -2.5
      vertex 31.817 52.1993 -2.6865
      vertex 35.9 52.8665 -6.3
    endloop
  endfacet
  facet normal -1.25168e-6 -0.983382 -0.181548
    outer loop
      vertex 35.9 52.8665 -6.3
      vertex 31.817 52.1993 -2.6865
      vertex 31.6958 52.2328 -2.86788
    endloop
  endfacet
  facet normal 3.28246e-8 -0.983384 -0.18154
    outer loop
      vertex -23.5042 52.2328 -2.86788
      vertex -23.6332 52.2653 -3.04381
      vertex 23.9136 52.327 -3.37795
    endloop
  endfacet
  facet normal 1.43821e-8 -0.983383 -0.181543
    outer loop
      vertex -23.6332 52.2653 -3.04381
      vertex -23.7698 52.2967 -3.21394
      vertex 23.9136 52.327 -3.37795
    endloop
  endfacet
  facet normal 0 -0.983382 -0.181547
    outer loop
      vertex 23.9136 52.327 -3.37795
      vertex -23.7698 52.2967 -3.21394
      vertex -23.9136 52.327 -3.37795
    endloop
  endfacet
  facet normal 3.58874e-7 -0.983383 -0.181542
    outer loop
      vertex -22.6 51.7034 -1.64053e-14
      vertex 23.7698 52.2967 -3.21394
      vertex 23.6332 52.2653 -3.04381
    endloop
  endfacet
  facet normal -1.40441e-6 -0.983377 -0.181578
    outer loop
      vertex -24.222 52.3839 -3.68639
      vertex 35.9 52.8665 -6.3
      vertex -24.1424 52.3702 -3.61182
    endloop
  endfacet
  facet normal 1.09167e-6 -0.983387 -0.181524
    outer loop
      vertex 35.9 52.8665 -6.3
      vertex -24.0645 52.3561 -3.53553
      vertex -24.1424 52.3702 -3.61182
    endloop
  endfacet
  facet normal -7.77237e-6 -0.983374 -0.181593
    outer loop
      vertex 27.927 52.6245 -4.98929
      vertex 27.8181 52.6256 -4.99524
      vertex 35.9 52.8665 -6.3
    endloop
  endfacet
  facet normal -3.8941e-6 -0.983378 -0.18157
    outer loop
      vertex 27.8181 52.6256 -4.99524
      vertex 27.7091 52.6262 -4.99881
      vertex 35.9 52.8665 -6.3
    endloop
  endfacet
  facet normal -1.22248e-6 -0.983381 -0.181554
    outer loop
      vertex 27.7091 52.6262 -4.99881
      vertex 27.6 52.6265 -5
      vertex 35.9 52.8665 -6.3
    endloop
  endfacet
  facet normal 1.4055e-6 -0.983384 -0.181537
    outer loop
      vertex 35.9 52.8665 -6.3
      vertex 27.6 52.6265 -5
      vertex 27.4909 52.6262 -4.99881
    endloop
  endfacet
  facet normal 5.39553e-7 -0.983384 -0.18154
    outer loop
      vertex 23.6332 52.2653 -3.04381
      vertex 23.5042 52.2328 -2.86788
      vertex -22.6 51.7034 -1.64053e-14
    endloop
  endfacet
  facet normal -7.76928e-8 -0.983382 -0.181549
    outer loop
      vertex 23.5042 52.2328 -2.86788
      vertex 23.383 52.1993 -2.6865
      vertex -22.6 51.7034 -1.64053e-14
    endloop
  endfacet
  facet normal 4.38092e-7 -0.983383 -0.181541
    outer loop
      vertex -22.6 51.7034 -1.64053e-14
      vertex 23.383 52.1993 -2.6865
      vertex 23.2699 52.1649 -2.5
    endloop
  endfacet
  facet normal -5.95675e-6 -0.983389 -0.181509
    outer loop
      vertex -27.3819 52.6256 -4.99524
      vertex -27.4909 52.6262 -4.99881
      vertex -35.9 52.8665 -6.3
    endloop
  endfacet
  facet normal -1.4055e-6 -0.983384 -0.181537
    outer loop
      vertex -27.4909 52.6262 -4.99881
      vertex -27.6 52.6265 -5
      vertex -35.9 52.8665 -6.3
    endloop
  endfacet
  facet normal 1.22248e-6 -0.983381 -0.181554
    outer loop
      vertex -35.9 52.8665 -6.3
      vertex -27.6 52.6265 -5
      vertex -27.7091 52.6262 -4.99881
    endloop
  endfacet
  facet normal -3.62869e-6 -0.983383 -0.181543
    outer loop
      vertex -31.5668 52.2653 -3.04381
      vertex -31.6958 52.2328 -2.86788
      vertex -35.9 52.8665 -6.3
    endloop
  endfacet
  facet normal 1.25168e-6 -0.983382 -0.181548
    outer loop
      vertex -31.6958 52.2328 -2.86788
      vertex -31.817 52.1993 -2.6865
      vertex -35.9 52.8665 -6.3
    endloop
  endfacet
  facet normal -3.60438e-6 -0.983383 -0.181543
    outer loop
      vertex -35.9 52.8665 -6.3
      vertex -31.817 52.1993 -2.6865
      vertex -31.9301 52.1649 -2.5
    endloop
  endfacet
  facet normal -2.86384e-6 -0.983382 -0.18155
    outer loop
      vertex 32.2985 52.0191 -1.7101
      vertex 32.2194 52.0566 -1.91342
      vertex 35.9 52.8665 -6.3
    endloop
  endfacet
  facet normal 4.34801e-6 -0.983383 -0.181544
    outer loop
      vertex 32.2194 52.0566 -1.91342
      vertex 32.1315 52.0935 -2.11309
      vertex 35.9 52.8665 -6.3
    endloop
  endfacet
  facet normal -2.81157e-7 -0.983382 -0.181548
    outer loop
      vertex 35.9 52.8665 -6.3
      vertex 32.1315 52.0935 -2.11309
      vertex 32.0351 52.1296 -2.30874
    endloop
  endfacet
  facet normal 5.95675e-6 -0.983389 -0.181509
    outer loop
      vertex 27.4909 52.6262 -4.99881
      vertex 27.3819 52.6256 -4.99524
      vertex 35.9 52.8665 -6.3
    endloop
  endfacet
  facet normal 7.68116e-8 -0.983382 -0.181546
    outer loop
      vertex 27.3819 52.6256 -4.99524
      vertex -23.9136 52.327 -3.37795
      vertex 35.9 52.8665 -6.3
    endloop
  endfacet
  facet normal -6.66209e-7 -0.98338 -0.181561
    outer loop
      vertex 35.9 52.8665 -6.3
      vertex -23.9136 52.327 -3.37795
      vertex -24.0645 52.3561 -3.53553
    endloop
  endfacet
  facet normal -3.5926e-7 -0.983379 -0.181563
    outer loop
      vertex -23.1649 52.1296 -2.30874
      vertex -23.2699 52.1649 -2.5
      vertex 23.9136 52.327 -3.37795
    endloop
  endfacet
  facet normal 5.49153e-8 -0.983383 -0.181541
    outer loop
      vertex -23.2699 52.1649 -2.5
      vertex -23.383 52.1993 -2.6865
      vertex 23.9136 52.327 -3.37795
    endloop
  endfacet
  facet normal -6.83505e-8 -0.983382 -0.181549
    outer loop
      vertex 23.9136 52.327 -3.37795
      vertex -23.383 52.1993 -2.6865
      vertex -23.5042 52.2328 -2.86788
    endloop
  endfacet
  facet normal 3.8941e-6 -0.983378 -0.18157
    outer loop
      vertex -27.7091 52.6262 -4.99881
      vertex -27.8181 52.6256 -4.99524
      vertex -35.9 52.8665 -6.3
    endloop
  endfacet
  facet normal 7.77237e-6 -0.983374 -0.181593
    outer loop
      vertex -27.8181 52.6256 -4.99524
      vertex -27.927 52.6245 -4.98929
      vertex -35.9 52.8665 -6.3
    endloop
  endfacet
  facet normal -8.83594e-6 -0.983392 -0.181495
    outer loop
      vertex -35.9 52.8665 -6.3
      vertex -27.927 52.6245 -4.98929
      vertex -28.0358 52.6229 -4.98097
    endloop
  endfacet
  facet normal -8.26834e-7 -0.983379 -0.181563
    outer loop
      vertex 23.2699 52.1649 -2.5
      vertex 23.1649 52.1296 -2.30874
      vertex -22.6 51.7034 -1.64053e-14
    endloop
  endfacet
  facet normal -3.11947e-8 -0.983382 -0.181548
    outer loop
      vertex 23.1649 52.1296 -2.30874
      vertex 23.0685 52.0935 -2.11309
      vertex -22.6 51.7034 -1.64053e-14
    endloop
  endfacet
  facet normal 2.6259e-7 -0.983383 -0.181542
    outer loop
      vertex -22.6 51.7034 -1.64053e-14
      vertex 23.0685 52.0935 -2.11309
      vertex 22.9806 52.0566 -1.91342
    endloop
  endfacet
  facet normal -1.61615e-5 -0.983401 -0.181445
    outer loop
      vertex -27.3819 52.6256 -4.99524
      vertex -35.9 52.8665 -6.3
      vertex -27.273 52.6245 -4.98929
    endloop
  endfacet
  facet normal 0 -0.983382 -0.181547
    outer loop
      vertex -35.9 52.8665 -6.3
      vertex 35.9 52.8665 -6.3
      vertex -27.273 52.6245 -4.98929
    endloop
  endfacet
  facet normal 2.76229e-6 -0.983406 -0.181419
    outer loop
      vertex -27.273 52.6245 -4.98929
      vertex 35.9 52.8665 -6.3
      vertex -27.1642 52.6229 -4.98097
    endloop
  endfacet
  facet normal 3.34261e-6 -0.983379 -0.181566
    outer loop
      vertex -28.0358 52.6229 -4.98097
      vertex -28.1443 52.621 -4.97028
      vertex -35.9 52.8665 -6.3
    endloop
  endfacet
  facet normal -1.93503e-6 -0.983384 -0.181536
    outer loop
      vertex -28.1443 52.621 -4.97028
      vertex -28.2526 52.6186 -4.95722
      vertex -35.9 52.8665 -6.3
    endloop
  endfacet
  facet normal -6.62642e-8 -0.983382 -0.181546
    outer loop
      vertex -35.9 52.8665 -6.3
      vertex -28.2526 52.6186 -4.95722
      vertex -28.3606 52.6157 -4.94181
    endloop
  endfacet
  facet normal 1.93503e-6 -0.983384 -0.181536
    outer loop
      vertex 28.2526 52.6186 -4.95722
      vertex 28.1443 52.621 -4.97028
      vertex 35.9 52.8665 -6.3
    endloop
  endfacet
  facet normal -3.34261e-6 -0.983379 -0.181566
    outer loop
      vertex 28.1443 52.621 -4.97028
      vertex 28.0358 52.6229 -4.98097
      vertex 35.9 52.8665 -6.3
    endloop
  endfacet
  facet normal 8.83594e-6 -0.983392 -0.181495
    outer loop
      vertex 35.9 52.8665 -6.3
      vertex 28.0358 52.6229 -4.98097
      vertex 27.927 52.6245 -4.98929
    endloop
  endfacet
  facet normal -1.40708e-5 -0.983302 -0.18198
    outer loop
      vertex 27.3819 52.6256 -4.99524
      vertex 27.273 52.6245 -4.98929
      vertex -23.9136 52.327 -3.37795
    endloop
  endfacet
  facet normal 9.07252e-6 -0.983434 -0.181269
    outer loop
      vertex 27.273 52.6245 -4.98929
      vertex 27.1642 52.6229 -4.98097
      vertex -23.9136 52.327 -3.37795
    endloop
  endfacet
  facet normal -2.37421e-6 -0.983368 -0.181622
    outer loop
      vertex -23.9136 52.327 -3.37795
      vertex 27.1642 52.6229 -4.98097
      vertex 27.0557 52.621 -4.97028
    endloop
  endfacet
  facet normal -1.25394e-7 -0.983382 -0.181551
    outer loop
      vertex 22.9806 52.0566 -1.91342
      vertex 22.9015 52.0191 -1.7101
      vertex -22.6 51.7034 -1.64053e-14
    endloop
  endfacet
  facet normal 9.23373e-8 -0.983383 -0.181545
    outer loop
      vertex 22.9015 52.0191 -1.7101
      vertex 22.8314 51.981 -1.50353
      vertex -22.6 51.7034 -1.64053e-14
    endloop
  endfacet
  facet normal -1.09122e-9 -0.983382 -0.181548
    outer loop
      vertex -22.6 51.7034 -1.64053e-14
      vertex 22.8314 51.981 -1.50353
      vertex 22.7704 51.9423 -1.2941
    endloop
  endfacet
  facet normal 7.73669e-6 -0.983375 -0.181588
    outer loop
      vertex -28.3606 52.6157 -4.94181
      vertex -28.4682 52.6124 -4.92404
      vertex -35.9 52.8665 -6.3
    endloop
  endfacet
  facet normal -1.21573e-5 -0.983394 -0.181484
    outer loop
      vertex -28.4682 52.6124 -4.92404
      vertex -28.5755 52.6087 -4.90393
      vertex -35.9 52.8665 -6.3
    endloop
  endfacet
  facet normal 1.03383e-5 -0.983373 -0.181598
    outer loop
      vertex -35.9 52.8665 -6.3
      vertex -28.5755 52.6087 -4.90393
      vertex -28.6822 52.6046 -4.88148
    endloop
  endfacet
  facet normal 1.03787e-5 -0.98338 -0.181557
    outer loop
      vertex -31.9301 52.1649 -2.5
      vertex -32.0351 52.1296 -2.30874
      vertex -35.9 52.8665 -6.3
    endloop
  endfacet
  facet normal 2.81157e-7 -0.983382 -0.181548
    outer loop
      vertex -32.0351 52.1296 -2.30874
      vertex -32.1315 52.0935 -2.11309
      vertex -35.9 52.8665 -6.3
    endloop
  endfacet
  facet normal -4.34801e-6 -0.983383 -0.181544
    outer loop
      vertex -35.9 52.8665 -6.3
      vertex -32.1315 52.0935 -2.11309
      vertex -32.2194 52.0566 -1.91342
    endloop
  endfacet
  facet normal 9.55838e-7 -0.98339 -0.181503
    outer loop
      vertex -23.9136 52.327 -3.37795
      vertex 25.1951 52.5127 -4.38363
      vertex 25.1 52.5028 -4.33013
    endloop
  endfacet
  facet normal -1.29772e-7 -0.983382 -0.181551
    outer loop
      vertex -22.9015 52.0191 -1.7101
      vertex -22.9806 52.0566 -1.91342
      vertex 23.9136 52.327 -3.37795
    endloop
  endfacet
  facet normal 1.50103e-7 -0.983383 -0.181542
    outer loop
      vertex -22.9806 52.0566 -1.91342
      vertex -23.0685 52.0935 -2.11309
      vertex 23.9136 52.327 -3.37795
    endloop
  endfacet
  facet normal -1.53281e-8 -0.983382 -0.181548
    outer loop
      vertex 23.9136 52.327 -3.37795
      vertex -23.0685 52.0935 -2.11309
      vertex -23.1649 52.1296 -2.30874
    endloop
  endfacet
  facet normal 1.56393e-8 -0.983382 -0.181546
    outer loop
      vertex -26.8394 52.6157 -4.94181
      vertex -26.9474 52.6186 -4.95722
      vertex 35.9 52.8665 -6.3
    endloop
  endfacet
  facet normal 4.91296e-7 -0.983386 -0.181524
    outer loop
      vertex -26.9474 52.6186 -4.95722
      vertex -27.0557 52.621 -4.97028
      vertex 35.9 52.8665 -6.3
    endloop
  endfacet
  facet normal -9.29317e-7 -0.983374 -0.181589
    outer loop
      vertex 35.9 52.8665 -6.3
      vertex -27.0557 52.621 -4.97028
      vertex -27.1642 52.6229 -4.98097
    endloop
  endfacet
  facet normal -1.4218e-7 -0.983382 -0.181547
    outer loop
      vertex 35.9 51.7034 -1.64053e-14
      vertex 32.4296 51.9423 -1.2941
      vertex 35.9 52.8665 -6.3
    endloop
  endfacet
  facet normal -5.25824e-7 -0.983382 -0.181548
    outer loop
      vertex 32.4296 51.9423 -1.2941
      vertex 32.3686 51.981 -1.50353
      vertex 35.9 52.8665 -6.3
    endloop
  endfacet
  facet normal 2.0926e-6 -0.983382 -0.181546
    outer loop
      vertex 35.9 52.8665 -6.3
      vertex 32.3686 51.981 -1.50353
      vertex 32.2985 52.0191 -1.7101
    endloop
  endfacet
  facet normal 2.22073e-7 -0.983384 -0.18154
    outer loop
      vertex 25.7878 52.5637 -4.66004
      vertex 25.6866 52.5562 -4.6194
      vertex -23.9136 52.327 -3.37795
    endloop
  endfacet
  facet normal 1.40829e-7 -0.983383 -0.181543
    outer loop
      vertex 25.6866 52.5562 -4.6194
      vertex 25.5863 52.5483 -4.57656
      vertex -23.9136 52.327 -3.37795
    endloop
  endfacet
  facet normal -9.47244e-9 -0.983382 -0.181549
    outer loop
      vertex -23.9136 52.327 -3.37795
      vertex 25.5863 52.5483 -4.57656
      vertex 25.4869 52.54 -4.53154
    endloop
  endfacet
  facet normal 3.43677e-8 -0.983382 -0.181547
    outer loop
      vertex 22.7704 51.9423 -1.2941
      vertex 22.7185 51.9032 -1.0822
      vertex -22.6 51.7034 -1.64053e-14
    endloop
  endfacet
  facet normal 7.32374e-8 -0.983383 -0.181545
    outer loop
      vertex 22.7185 51.9032 -1.0822
      vertex 22.676 51.8637 -0.868241
      vertex -22.6 51.7034 -1.64053e-14
    endloop
  endfacet
  facet normal 4.10711e-8 -0.983382 -0.181547
    outer loop
      vertex -22.6 51.7034 -1.64053e-14
      vertex 22.676 51.8637 -0.868241
      vertex 22.6428 51.8239 -0.652631
    endloop
  endfacet
  facet normal -6.45149e-8 -0.983381 -0.181554
    outer loop
      vertex 22.6428 51.8239 -0.652631
      vertex 22.619 51.7838 -0.435779
      vertex -22.6 51.7034 -1.64053e-14
    endloop
  endfacet
  facet normal 1.15786e-7 -0.983384 -0.181536
    outer loop
      vertex 22.619 51.7838 -0.435779
      vertex 22.6048 51.7436 -0.218097
      vertex -22.6 51.7034 -1.64053e-14
    endloop
  endfacet
  facet normal 0 -0.98338 -0.181559
    outer loop
      vertex -22.6 51.7034 -1.64053e-14
      vertex 22.6048 51.7436 -0.218097
      vertex 22.6 51.7034 -1.64053e-14
    endloop
  endfacet
  facet normal -5.71824e-7 -0.983382 -0.181547
    outer loop
      vertex 32.5572 51.8239 -0.652631
      vertex 32.524 51.8637 -0.868241
      vertex 35.9 51.7034 -1.64053e-14
    endloop
  endfacet
  facet normal -1.03121e-6 -0.983383 -0.181545
    outer loop
      vertex 32.524 51.8637 -0.868241
      vertex 32.4815 51.9032 -1.0822
      vertex 35.9 51.7034 -1.64053e-14
    endloop
  endfacet
  facet normal -4.90976e-7 -0.983382 -0.181547
    outer loop
      vertex 35.9 51.7034 -1.64053e-14
      vertex 32.4815 51.9032 -1.0822
      vertex 32.4296 51.9423 -1.2941
    endloop
  endfacet
  facet normal 1.21573e-5 -0.983394 -0.181484
    outer loop
      vertex 28.5755 52.6087 -4.90393
      vertex 28.4682 52.6124 -4.92404
      vertex 35.9 52.8665 -6.3
    endloop
  endfacet
  facet normal -7.73669e-6 -0.983375 -0.181588
    outer loop
      vertex 28.4682 52.6124 -4.92404
      vertex 28.3606 52.6157 -4.94181
      vertex 35.9 52.8665 -6.3
    endloop
  endfacet
  facet normal 6.62642e-8 -0.983382 -0.181546
    outer loop
      vertex 35.9 52.8665 -6.3
      vertex 28.3606 52.6157 -4.94181
      vertex 28.2526 52.6186 -4.95722
    endloop
  endfacet
  facet normal 1.21771e-6 -0.983389 -0.181511
    outer loop
      vertex 27.0557 52.621 -4.97028
      vertex 26.9474 52.6186 -4.95722
      vertex -23.9136 52.327 -3.37795
    endloop
  endfacet
  facet normal 1.14662e-7 -0.983383 -0.181545
    outer loop
      vertex 26.9474 52.6186 -4.95722
      vertex 26.8394 52.6157 -4.94181
      vertex -23.9136 52.327 -3.37795
    endloop
  endfacet
  facet normal -3.32313e-6 -0.983363 -0.181653
    outer loop
      vertex -23.9136 52.327 -3.37795
      vertex 26.8394 52.6157 -4.94181
      vertex 26.7318 52.6124 -4.92404
    endloop
  endfacet
  facet normal -2.13319e-7 -0.98338 -0.181557
    outer loop
      vertex 25.4869 52.54 -4.53154
      vertex 25.3886 52.5313 -4.48436
      vertex -23.9136 52.327 -3.37795
    endloop
  endfacet
  facet normal 1.16573e-6 -0.983391 -0.181498
    outer loop
      vertex 25.3886 52.5313 -4.48436
      vertex 25.2913 52.5222 -4.43505
      vertex -23.9136 52.327 -3.37795
    endloop
  endfacet
  facet normal -1.13918e-6 -0.983372 -0.181601
    outer loop
      vertex -23.9136 52.327 -3.37795
      vertex 25.2913 52.5222 -4.43505
      vertex 25.1951 52.5127 -4.38363
    endloop
  endfacet
  facet normal -2.20037e-7 -0.98338 -0.181561
    outer loop
      vertex 25.1 52.5028 -4.33013
      vertex 25.0061 52.4925 -4.27456
      vertex -23.9136 52.327 -3.37795
    endloop
  endfacet
  facet normal -4.50776e-7 -0.983377 -0.181573
    outer loop
      vertex 25.0061 52.4925 -4.27456
      vertex 24.9135 52.4819 -4.21696
      vertex -23.9136 52.327 -3.37795
    endloop
  endfacet
  facet normal 9.08388e-8 -0.983383 -0.181543
    outer loop
      vertex -23.9136 52.327 -3.37795
      vertex 24.9135 52.4819 -4.21696
      vertex 24.8221 52.4709 -4.15735
    endloop
  endfacet
  facet normal 1.40694e-7 -0.983384 -0.18154
    outer loop
      vertex 24.8221 52.4709 -4.15735
      vertex 24.7321 52.4595 -4.09576
      vertex -23.9136 52.327 -3.37795
    endloop
  endfacet
  facet normal -2.10509e-7 -0.983379 -0.181563
    outer loop
      vertex 24.7321 52.4595 -4.09576
      vertex 24.6435 52.4478 -4.03222
      vertex -23.9136 52.327 -3.37795
    endloop
  endfacet
  facet normal 6.4062e-7 -0.983391 -0.181502
    outer loop
      vertex -23.9136 52.327 -3.37795
      vertex 24.6435 52.4478 -4.03222
      vertex 24.5562 52.4357 -3.96677
    endloop
  endfacet
  facet normal -3.31131e-7 -0.983376 -0.181579
    outer loop
      vertex 24.5562 52.4357 -3.96677
      vertex 24.4704 52.4233 -3.89942
      vertex -23.9136 52.327 -3.37795
    endloop
  endfacet
  facet normal 2.41096e-7 -0.983386 -0.181528
    outer loop
      vertex 24.4704 52.4233 -3.89942
      vertex 24.3861 52.4105 -3.83022
      vertex -23.9136 52.327 -3.37795
    endloop
  endfacet
  facet normal -8.88434e-8 -0.98338 -0.181562
    outer loop
      vertex -23.9136 52.327 -3.37795
      vertex 24.3861 52.4105 -3.83022
      vertex 24.3033 52.3974 -3.7592
    endloop
  endfacet
  facet normal -8.36307e-6 -0.98339 -0.181506
    outer loop
      vertex -28.6822 52.6046 -4.88148
      vertex -28.7884 52.6 -4.85671
      vertex -35.9 52.8665 -6.3
    endloop
  endfacet
  facet normal -7.81422e-7 -0.983383 -0.181542
    outer loop
      vertex -28.7884 52.6 -4.85671
      vertex -28.8941 52.595 -4.82963
      vertex -35.9 52.8665 -6.3
    endloop
  endfacet
  facet normal 3.01133e-7 -0.983382 -0.181547
    outer loop
      vertex -35.9 52.8665 -6.3
      vertex -28.8941 52.595 -4.82963
      vertex -28.9991 52.5896 -4.80025
    endloop
  endfacet
  facet normal 1.84216e-7 -0.983386 -0.181528
    outer loop
      vertex 24.3033 52.3974 -3.7592
      vertex 24.222 52.3839 -3.68639
      vertex -23.9136 52.327 -3.37795
    endloop
  endfacet
  facet normal -1.54062e-7 -0.983376 -0.181579
    outer loop
      vertex 24.222 52.3839 -3.68639
      vertex 24.1424 52.3702 -3.61182
      vertex -23.9136 52.327 -3.37795
    endloop
  endfacet
  facet normal 1.3144e-7 -0.983387 -0.181523
    outer loop
      vertex -23.9136 52.327 -3.37795
      vertex 24.1424 52.3702 -3.61182
      vertex 24.0645 52.3561 -3.53553
    endloop
  endfacet
  facet normal 1.50309e-8 -0.983382 -0.181547
    outer loop
      vertex -22.7185 51.9032 -1.0822
      vertex -22.7704 51.9423 -1.2941
      vertex 23.9136 52.327 -3.37795
    endloop
  endfacet
  facet normal -3.93949e-8 -0.983382 -0.181548
    outer loop
      vertex -22.7704 51.9423 -1.2941
      vertex -22.8314 51.981 -1.50353
      vertex 23.9136 52.327 -3.37795
    endloop
  endfacet
  facet normal 7.11096e-8 -0.983383 -0.181545
    outer loop
      vertex 23.9136 52.327 -3.37795
      vertex -22.8314 51.981 -1.50353
      vertex -22.9015 52.0191 -1.7101
    endloop
  endfacet
  facet normal -2.08722e-6 -0.983366 -0.181636
    outer loop
      vertex -26.5178 52.6046 -4.88148
      vertex -26.6245 52.6087 -4.90393
      vertex 35.9 52.8665 -6.3
    endloop
  endfacet
  facet normal 2.56584e-6 -0.983403 -0.181435
    outer loop
      vertex -26.6245 52.6087 -4.90393
      vertex -26.7318 52.6124 -4.92404
      vertex 35.9 52.8665 -6.3
    endloop
  endfacet
  facet normal -1.71878e-6 -0.983368 -0.181623
    outer loop
      vertex 35.9 52.8665 -6.3
      vertex -26.7318 52.6124 -4.92404
      vertex -26.8394 52.6157 -4.94181
    endloop
  endfacet
  facet normal 2.86384e-6 -0.983382 -0.18155
    outer loop
      vertex -32.2194 52.0566 -1.91342
      vertex -32.2985 52.0191 -1.7101
      vertex -35.9 52.8665 -6.3
    endloop
  endfacet
  facet normal -2.0926e-6 -0.983382 -0.181546
    outer loop
      vertex -32.2985 52.0191 -1.7101
      vertex -32.3686 51.981 -1.50353
      vertex -35.9 52.8665 -6.3
    endloop
  endfacet
  facet normal 1.64584e-7 -0.983382 -0.181547
    outer loop
      vertex -35.9 52.8665 -6.3
      vertex -32.3686 51.981 -1.50353
      vertex -35.9 51.7034 -1.64053e-14
    endloop
  endfacet
  facet normal -1.58728e-8 -0.983382 -0.181548
    outer loop
      vertex -32.3686 51.981 -1.50353
      vertex -32.4296 51.9423 -1.2941
      vertex -35.9 51.7034 -1.64053e-14
    endloop
  endfacet
  facet normal 0 -0.98338 -0.181559
    outer loop
      vertex 32.6 51.7034 -1.64053e-14
      vertex 32.5952 51.7436 -0.218097
      vertex 35.9 51.7034 -1.64053e-14
    endloop
  endfacet
  facet normal -1.59018e-6 -0.983384 -0.181536
    outer loop
      vertex 32.5952 51.7436 -0.218097
      vertex 32.581 51.7838 -0.435779
      vertex 35.9 51.7034 -1.64053e-14
    endloop
  endfacet
  facet normal 8.90844e-7 -0.983381 -0.181554
    outer loop
      vertex 35.9 51.7034 -1.64053e-14
      vertex 32.581 51.7838 -0.435779
      vertex 32.5572 51.8239 -0.652631
    endloop
  endfacet
  facet normal 7.81422e-7 -0.983383 -0.181542
    outer loop
      vertex 28.8941 52.595 -4.82963
      vertex 28.7884 52.6 -4.85671
      vertex 35.9 52.8665 -6.3
    endloop
  endfacet
  facet normal 8.36307e-6 -0.98339 -0.181506
    outer loop
      vertex 28.7884 52.6 -4.85671
      vertex 28.6822 52.6046 -4.88148
      vertex 35.9 52.8665 -6.3
    endloop
  endfacet
  facet normal -1.03383e-5 -0.983373 -0.181598
    outer loop
      vertex 35.9 52.8665 -6.3
      vertex 28.6822 52.6046 -4.88148
      vertex 28.5755 52.6087 -4.90393
    endloop
  endfacet
  facet normal 4.75415e-6 -0.98341 -0.181397
    outer loop
      vertex 26.7318 52.6124 -4.92404
      vertex 26.6245 52.6087 -4.90393
      vertex -23.9136 52.327 -3.37795
    endloop
  endfacet
  facet normal -3.52177e-6 -0.983361 -0.181662
    outer loop
      vertex 26.6245 52.6087 -4.90393
      vertex 26.5178 52.6046 -4.88148
      vertex -23.9136 52.327 -3.37795
    endloop
  endfacet
  facet normal 2.69404e-6 -0.983398 -0.18146
    outer loop
      vertex -23.9136 52.327 -3.37795
      vertex 26.5178 52.6046 -4.88148
      vertex 26.4116 52.6 -4.85671
    endloop
  endfacet
  facet normal -2.85209e-6 -0.983385 -0.181533
    outer loop
      vertex -28.9991 52.5896 -4.80025
      vertex -29.1035 52.5837 -4.76858
      vertex -35.9 52.8665 -6.3
    endloop
  endfacet
  facet normal 4.80664e-6 -0.983379 -0.181566
    outer loop
      vertex -29.1035 52.5837 -4.76858
      vertex -29.2072 52.5775 -4.73465
      vertex -35.9 52.8665 -6.3
    endloop
  endfacet
  facet normal -4.86473e-6 -0.983386 -0.181526
    outer loop
      vertex -35.9 52.8665 -6.3
      vertex -29.2072 52.5775 -4.73465
      vertex -29.3101 52.5708 -4.69846
    endloop
  endfacet
  facet normal 4.90976e-7 -0.983382 -0.181547
    outer loop
      vertex -32.4296 51.9423 -1.2941
      vertex -32.4815 51.9032 -1.0822
      vertex -35.9 51.7034 -1.64053e-14
    endloop
  endfacet
  facet normal 1.03121e-6 -0.983383 -0.181545
    outer loop
      vertex -32.4815 51.9032 -1.0822
      vertex -32.524 51.8637 -0.868241
      vertex -35.9 51.7034 -1.64053e-14
    endloop
  endfacet
  facet normal 5.71824e-7 -0.983382 -0.181547
    outer loop
      vertex -35.9 51.7034 -1.64053e-14
      vertex -32.524 51.8637 -0.868241
      vertex -32.5572 51.8239 -0.652631
    endloop
  endfacet
  facet normal -4.1978e-7 -0.983381 -0.181554
    outer loop
      vertex -22.619 51.7838 -0.435779
      vertex -22.6428 51.8239 -0.652631
      vertex 23.9136 52.327 -3.37795
    endloop
  endfacet
  facet normal 5.17415e-9 -0.983382 -0.181547
    outer loop
      vertex -22.6428 51.8239 -0.652631
      vertex -22.676 51.8637 -0.868241
      vertex 23.9136 52.327 -3.37795
    endloop
  endfacet
  facet normal 9.41217e-8 -0.983383 -0.181545
    outer loop
      vertex 23.9136 52.327 -3.37795
      vertex -22.676 51.8637 -0.868241
      vertex -22.7185 51.9032 -1.0822
    endloop
  endfacet
  facet normal -5.47391e-8 -0.983382 -0.181548
    outer loop
      vertex -26.2009 52.5896 -4.80025
      vertex -26.3059 52.595 -4.82963
      vertex 35.9 52.8665 -6.3
    endloop
  endfacet
  facet normal 1.4656e-7 -0.983384 -0.18154
    outer loop
      vertex -26.3059 52.595 -4.82963
      vertex -26.4116 52.6 -4.85671
      vertex 35.9 52.8665 -6.3
    endloop
  endfacet
  facet normal 1.62392e-6 -0.983395 -0.181478
    outer loop
      vertex 35.9 52.8665 -6.3
      vertex -26.4116 52.6 -4.85671
      vertex -26.5178 52.6046 -4.88148
    endloop
  endfacet
  facet normal -8.90844e-7 -0.983381 -0.181554
    outer loop
      vertex -32.5572 51.8239 -0.652631
      vertex -32.581 51.7838 -0.435779
      vertex -35.9 51.7034 -1.64053e-14
    endloop
  endfacet
  facet normal 1.59018e-6 -0.983384 -0.181536
    outer loop
      vertex -32.581 51.7838 -0.435779
      vertex -32.5952 51.7436 -0.218097
      vertex -35.9 51.7034 -1.64053e-14
    endloop
  endfacet
  facet normal 0 -0.98338 -0.181559
    outer loop
      vertex -35.9 51.7034 -1.64053e-14
      vertex -32.5952 51.7436 -0.218097
      vertex -32.6 51.7034 -1.64053e-14
    endloop
  endfacet
  facet normal -4.80664e-6 -0.983379 -0.181566
    outer loop
      vertex 29.2072 52.5775 -4.73465
      vertex 29.1035 52.5837 -4.76858
      vertex 35.9 52.8665 -6.3
    endloop
  endfacet
  facet normal 2.85209e-6 -0.983385 -0.181533
    outer loop
      vertex 29.1035 52.5837 -4.76858
      vertex 28.9991 52.5896 -4.80025
      vertex 35.9 52.8665 -6.3
    endloop
  endfacet
  facet normal -3.01133e-7 -0.983382 -0.181547
    outer loop
      vertex 35.9 52.8665 -6.3
      vertex 28.9991 52.5896 -4.80025
      vertex 28.8941 52.595 -4.82963
    endloop
  endfacet
  facet normal 3.30365e-7 -0.983384 -0.181538
    outer loop
      vertex 26.4116 52.6 -4.85671
      vertex 26.3059 52.595 -4.82963
      vertex -23.9136 52.327 -3.37795
    endloop
  endfacet
  facet normal 2.75919e-8 -0.983382 -0.181548
    outer loop
      vertex 26.3059 52.595 -4.82963
      vertex 26.2009 52.5896 -4.80025
      vertex -23.9136 52.327 -3.37795
    endloop
  endfacet
  facet normal 8.09734e-7 -0.983387 -0.181522
    outer loop
      vertex -23.9136 52.327 -3.37795
      vertex 26.2009 52.5896 -4.80025
      vertex 26.0965 52.5837 -4.76858
    endloop
  endfacet
  facet normal 1.16628e-5 -0.983374 -0.181592
    outer loop
      vertex -29.3101 52.5708 -4.69846
      vertex -29.4122 52.5637 -4.66004
      vertex -35.9 52.8665 -6.3
    endloop
  endfacet
  facet normal -1.16443e-6 -0.983383 -0.181543
    outer loop
      vertex -29.4122 52.5637 -4.66004
      vertex -29.5134 52.5562 -4.6194
      vertex -35.9 52.8665 -6.3
    endloop
  endfacet
  facet normal -7.00559e-7 -0.983383 -0.181545
    outer loop
      vertex -35.9 52.8665 -6.3
      vertex -29.5134 52.5562 -4.6194
      vertex -29.6137 52.5483 -4.57656
    endloop
  endfacet
  facet normal -9.61063e-7 -0.983376 -0.181583
    outer loop
      vertex 26.0965 52.5837 -4.76858
      vertex 25.9928 52.5775 -4.73465
      vertex -23.9136 52.327 -3.37795
    endloop
  endfacet
  facet normal 1.10342e-6 -0.983389 -0.18151
    outer loop
      vertex 25.9928 52.5775 -4.73465
      vertex 25.8899 52.5708 -4.69846
      vertex -23.9136 52.327 -3.37795
    endloop
  endfacet
  facet normal -2.1207e-6 -0.983367 -0.181627
    outer loop
      vertex -23.9136 52.327 -3.37795
      vertex 25.8899 52.5708 -4.69846
      vertex 25.7878 52.5637 -4.66004
    endloop
  endfacet
  facet normal 5.14265e-8 -0.983382 -0.181547
    outer loop
      vertex 23.7698 52.2967 -3.21394
      vertex -22.6 51.7034 -1.64053e-14
      vertex 23.9136 52.327 -3.37795
    endloop
  endfacet
  facet normal -8.68806e-7 -0.98338 -0.181559
    outer loop
      vertex -22.6 51.7034 -1.64053e-14
      vertex -22.6048 51.7436 -0.218097
      vertex 23.9136 52.327 -3.37795
    endloop
  endfacet
  facet normal 7.56199e-7 -0.983384 -0.181536
    outer loop
      vertex 23.9136 52.327 -3.37795
      vertex -22.6048 51.7436 -0.218097
      vertex -22.619 51.7838 -0.435779
    endloop
  endfacet
  facet normal 8.17149e-7 -0.983388 -0.181515
    outer loop
      vertex -25.8899 52.5708 -4.69846
      vertex -25.9928 52.5775 -4.73465
      vertex 35.9 52.8665 -6.3
    endloop
  endfacet
  facet normal -8.27237e-7 -0.983377 -0.181578
    outer loop
      vertex -25.9928 52.5775 -4.73465
      vertex -26.0965 52.5837 -4.76858
      vertex 35.9 52.8665 -6.3
    endloop
  endfacet
  facet normal 5.03883e-7 -0.983386 -0.181526
    outer loop
      vertex 35.9 52.8665 -6.3
      vertex -26.0965 52.5837 -4.76858
      vertex -26.2009 52.5896 -4.80025
    endloop
  endfacet
  facet normal 1.16443e-6 -0.983383 -0.181543
    outer loop
      vertex 29.5134 52.5562 -4.6194
      vertex 29.4122 52.5637 -4.66004
      vertex 35.9 52.8665 -6.3
    endloop
  endfacet
  facet normal -1.16628e-5 -0.983374 -0.181592
    outer loop
      vertex 29.4122 52.5637 -4.66004
      vertex 29.3101 52.5708 -4.69846
      vertex 35.9 52.8665 -6.3
    endloop
  endfacet
  facet normal 4.86473e-6 -0.983386 -0.181526
    outer loop
      vertex 35.9 52.8665 -6.3
      vertex 29.3101 52.5708 -4.69846
      vertex 29.2072 52.5775 -4.73465
    endloop
  endfacet
  facet normal 2.8366e-7 -0.983382 -0.181548
    outer loop
      vertex -29.6137 52.5483 -4.57656
      vertex -29.7131 52.54 -4.53154
      vertex -35.9 52.8665 -6.3
    endloop
  endfacet
  facet normal 1.77744e-6 -0.983381 -0.181553
    outer loop
      vertex -29.7131 52.54 -4.53154
      vertex -29.8114 52.5313 -4.48436
      vertex -35.9 52.8665 -6.3
    endloop
  endfacet
  facet normal -9.20649e-6 -0.983388 -0.181518
    outer loop
      vertex -35.9 52.8665 -6.3
      vertex -29.8114 52.5313 -4.48436
      vertex -29.9087 52.5222 -4.43505
    endloop
  endfacet
  facet normal 1.10362e-7 -0.983383 -0.181543
    outer loop
      vertex -25.5863 52.5483 -4.57656
      vertex -25.6866 52.5562 -4.6194
      vertex 35.9 52.8665 -6.3
    endloop
  endfacet
  facet normal 1.87175e-7 -0.983383 -0.181541
    outer loop
      vertex -25.6866 52.5562 -4.6194
      vertex -25.7878 52.5637 -4.66004
      vertex 35.9 52.8665 -6.3
    endloop
  endfacet
  facet normal -1.9151e-6 -0.983369 -0.181617
    outer loop
      vertex 35.9 52.8665 -6.3
      vertex -25.7878 52.5637 -4.66004
      vertex -25.8899 52.5708 -4.69846
    endloop
  endfacet
  facet normal -1.77744e-6 -0.983381 -0.181553
    outer loop
      vertex 29.8114 52.5313 -4.48436
      vertex 29.7131 52.54 -4.53154
      vertex 35.9 52.8665 -6.3
    endloop
  endfacet
  facet normal -2.8366e-7 -0.983382 -0.181548
    outer loop
      vertex 29.7131 52.54 -4.53154
      vertex 29.6137 52.5483 -4.57656
      vertex 35.9 52.8665 -6.3
    endloop
  endfacet
  facet normal 7.00559e-7 -0.983383 -0.181545
    outer loop
      vertex 35.9 52.8665 -6.3
      vertex 29.6137 52.5483 -4.57656
      vertex 29.5134 52.5562 -4.6194
    endloop
  endfacet
  facet normal 1.08414e-5 -0.983376 -0.18158
    outer loop
      vertex -29.9087 52.5222 -4.43505
      vertex -30.0049 52.5127 -4.38363
      vertex -35.9 52.8665 -6.3
    endloop
  endfacet
  facet normal -9.24026e-6 -0.983387 -0.18152
    outer loop
      vertex -30.0049 52.5127 -4.38363
      vertex -30.1 52.5028 -4.33013
      vertex -35.9 52.8665 -6.3
    endloop
  endfacet
  facet normal 3.202e-6 -0.983381 -0.181555
    outer loop
      vertex -35.9 52.8665 -6.3
      vertex -30.1 52.5028 -4.33013
      vertex -30.1939 52.4925 -4.27456
    endloop
  endfacet
  facet normal 1.37253e-6 -0.98339 -0.181503
    outer loop
      vertex -25.2913 52.5222 -4.43505
      vertex -25.3886 52.5313 -4.48436
      vertex 35.9 52.8665 -6.3
    endloop
  endfacet
  facet normal -2.69697e-7 -0.983381 -0.181556
    outer loop
      vertex -25.3886 52.5313 -4.48436
      vertex -25.4869 52.54 -4.53154
      vertex 35.9 52.8665 -6.3
    endloop
  endfacet
  facet normal -4.38372e-8 -0.983382 -0.181549
    outer loop
      vertex 35.9 52.8665 -6.3
      vertex -25.4869 52.54 -4.53154
      vertex -25.5863 52.5483 -4.57656
    endloop
  endfacet
  facet normal 9.24026e-6 -0.983387 -0.18152
    outer loop
      vertex 30.1 52.5028 -4.33013
      vertex 30.0049 52.5127 -4.38363
      vertex 35.9 52.8665 -6.3
    endloop
  endfacet
  facet normal -1.08414e-5 -0.983376 -0.18158
    outer loop
      vertex 30.0049 52.5127 -4.38363
      vertex 29.9087 52.5222 -4.43505
      vertex 35.9 52.8665 -6.3
    endloop
  endfacet
  facet normal 9.20649e-6 -0.983388 -0.181518
    outer loop
      vertex 35.9 52.8665 -6.3
      vertex 29.9087 52.5222 -4.43505
      vertex 29.8114 52.5313 -4.48436
    endloop
  endfacet
  facet normal 6.0257e-6 -0.983379 -0.181563
    outer loop
      vertex -30.1939 52.4925 -4.27456
      vertex -30.2865 52.4819 -4.21696
      vertex -35.9 52.8665 -6.3
    endloop
  endfacet
  facet normal -1.11829e-6 -0.983383 -0.181545
    outer loop
      vertex -30.2865 52.4819 -4.21696
      vertex -30.3779 52.4709 -4.15735
      vertex -35.9 52.8665 -6.3
    endloop
  endfacet
  facet normal -1.89324e-6 -0.983383 -0.181543
    outer loop
      vertex -35.9 52.8665 -6.3
      vertex -30.3779 52.4709 -4.15735
      vertex -30.4679 52.4595 -4.09576
    endloop
  endfacet
  facet normal -4.5434e-7 -0.98338 -0.18156
    outer loop
      vertex -25.0061 52.4925 -4.27456
      vertex -25.1 52.5028 -4.33013
      vertex 35.9 52.8665 -6.3
    endloop
  endfacet
  facet normal 1.33225e-6 -0.98339 -0.181506
    outer loop
      vertex -25.1 52.5028 -4.33013
      vertex -25.1951 52.5127 -4.38363
      vertex 35.9 52.8665 -6.3
    endloop
  endfacet
  facet normal -1.58906e-6 -0.983373 -0.181597
    outer loop
      vertex 35.9 52.8665 -6.3
      vertex -25.1951 52.5127 -4.38363
      vertex -25.2913 52.5222 -4.43505
    endloop
  endfacet
  facet normal 1.11829e-6 -0.983383 -0.181545
    outer loop
      vertex 30.3779 52.4709 -4.15735
      vertex 30.2865 52.4819 -4.21696
      vertex 35.9 52.8665 -6.3
    endloop
  endfacet
  facet normal -6.0257e-6 -0.983379 -0.181563
    outer loop
      vertex 30.2865 52.4819 -4.21696
      vertex 30.1939 52.4925 -4.27456
      vertex 35.9 52.8665 -6.3
    endloop
  endfacet
  facet normal -3.202e-6 -0.983381 -0.181555
    outer loop
      vertex 35.9 52.8665 -6.3
      vertex 30.1939 52.4925 -4.27456
      vertex 30.1 52.5028 -4.33013
    endloop
  endfacet
  facet normal 4.11107e-6 -0.98338 -0.181557
    outer loop
      vertex -30.4679 52.4595 -4.09576
      vertex -30.5565 52.4478 -4.03222
      vertex -35.9 52.8665 -6.3
    endloop
  endfacet
  facet normal -1.26297e-5 -0.983387 -0.181519
    outer loop
      vertex -30.5565 52.4478 -4.03222
      vertex -30.6438 52.4357 -3.96677
      vertex -35.9 52.8665 -6.3
    endloop
  endfacet
  facet normal 9.47783e-6 -0.983379 -0.181567
    outer loop
      vertex -35.9 52.8665 -6.3
      vertex -30.6438 52.4357 -3.96677
      vertex -30.7296 52.4233 -3.89942
    endloop
  endfacet
  facet normal 2.56595e-7 -0.983384 -0.18154
    outer loop
      vertex -24.7321 52.4595 -4.09576
      vertex -24.8221 52.4709 -4.15735
      vertex 35.9 52.8665 -6.3
    endloop
  endfacet
  facet normal 1.53852e-7 -0.983383 -0.181543
    outer loop
      vertex -24.8221 52.4709 -4.15735
      vertex -24.9135 52.4819 -4.21696
      vertex 35.9 52.8665 -6.3
    endloop
  endfacet
  facet normal -8.4176e-7 -0.983378 -0.181571
    outer loop
      vertex 35.9 52.8665 -6.3
      vertex -24.9135 52.4819 -4.21696
      vertex -25.0061 52.4925 -4.27456
    endloop
  endfacet
  facet normal 1.26297e-5 -0.983387 -0.181519
    outer loop
      vertex 30.6438 52.4357 -3.96677
      vertex 30.5565 52.4478 -4.03222
      vertex 35.9 52.8665 -6.3
    endloop
  endfacet
  facet normal -4.11107e-6 -0.98338 -0.181557
    outer loop
      vertex 30.5565 52.4478 -4.03222
      vertex 30.4679 52.4595 -4.09576
      vertex 35.9 52.8665 -6.3
    endloop
  endfacet
  facet normal 1.89324e-6 -0.983383 -0.181543
    outer loop
      vertex 35.9 52.8665 -6.3
      vertex 30.4679 52.4595 -4.09576
      vertex 30.3779 52.4709 -4.15735
    endloop
  endfacet
  facet normal -5.89732e-6 -0.983384 -0.181535
    outer loop
      vertex -30.7296 52.4233 -3.89942
      vertex -30.8139 52.4105 -3.83022
      vertex -35.9 52.8665 -6.3
    endloop
  endfacet
  facet normal 4.80858e-6 -0.983381 -0.181556
    outer loop
      vertex -30.8139 52.4105 -3.83022
      vertex -30.8967 52.3974 -3.7592
      vertex -35.9 52.8665 -6.3
    endloop
  endfacet
  facet normal -6.20838e-6 -0.983384 -0.181535
    outer loop
      vertex -35.9 52.8665 -6.3
      vertex -30.8967 52.3974 -3.7592
      vertex -30.978 52.3839 -3.68639
    endloop
  endfacet
  facet normal -1.22964e-6 -0.983377 -0.181577
    outer loop
      vertex -24.4704 52.4233 -3.89942
      vertex -24.5562 52.4357 -3.96677
      vertex 35.9 52.8665 -6.3
    endloop
  endfacet
  facet normal 1.66232e-6 -0.98339 -0.181505
    outer loop
      vertex -24.5562 52.4357 -3.96677
      vertex -24.6435 52.4478 -4.03222
      vertex 35.9 52.8665 -6.3
    endloop
  endfacet
  facet normal -5.49026e-7 -0.98338 -0.181562
    outer loop
      vertex 35.9 52.8665 -6.3
      vertex -24.6435 52.4478 -4.03222
      vertex -24.7321 52.4595 -4.09576
    endloop
  endfacet
  facet normal 1.1456e-5 -0.983378 -0.181567
    outer loop
      vertex -30.978 52.3839 -3.68639
      vertex -31.0576 52.3702 -3.61182
      vertex -35.9 52.8665 -6.3
    endloop
  endfacet
  facet normal -9.0312e-6 -0.983385 -0.181532
    outer loop
      vertex -31.0576 52.3702 -3.61182
      vertex -31.1355 52.3561 -3.53553
      vertex -35.9 52.8665 -6.3
    endloop
  endfacet
  facet normal 5.6285e-6 -0.983381 -0.181556
    outer loop
      vertex -35.9 52.8665 -6.3
      vertex -31.1355 52.3561 -3.53553
      vertex -31.2864 52.327 -3.37795
    endloop
  endfacet
  facet normal -4.80858e-6 -0.983381 -0.181556
    outer loop
      vertex 30.8967 52.3974 -3.7592
      vertex 30.8139 52.4105 -3.83022
      vertex 35.9 52.8665 -6.3
    endloop
  endfacet
  facet normal 5.89732e-6 -0.983384 -0.181535
    outer loop
      vertex 30.8139 52.4105 -3.83022
      vertex 30.7296 52.4233 -3.89942
      vertex 35.9 52.8665 -6.3
    endloop
  endfacet
  facet normal -9.47783e-6 -0.983379 -0.181567
    outer loop
      vertex 35.9 52.8665 -6.3
      vertex 30.7296 52.4233 -3.89942
      vertex 30.6438 52.4357 -3.96677
    endloop
  endfacet
  facet normal 7.71898e-7 -0.983386 -0.181529
    outer loop
      vertex -24.222 52.3839 -3.68639
      vertex -24.3033 52.3974 -3.7592
      vertex 35.9 52.8665 -6.3
    endloop
  endfacet
  facet normal -6.06356e-7 -0.98338 -0.181561
    outer loop
      vertex -24.3033 52.3974 -3.7592
      vertex -24.3861 52.4105 -3.83022
      vertex 35.9 52.8665 -6.3
    endloop
  endfacet
  facet normal 7.54265e-7 -0.983386 -0.181529
    outer loop
      vertex 35.9 52.8665 -6.3
      vertex -24.3861 52.4105 -3.83022
      vertex -24.4704 52.4233 -3.89942
    endloop
  endfacet
  facet normal 9.0312e-6 -0.983385 -0.181532
    outer loop
      vertex 31.1355 52.3561 -3.53553
      vertex 31.0576 52.3702 -3.61182
      vertex 35.9 52.8665 -6.3
    endloop
  endfacet
  facet normal -1.1456e-5 -0.983378 -0.181567
    outer loop
      vertex 31.0576 52.3702 -3.61182
      vertex 30.978 52.3839 -3.68639
      vertex 35.9 52.8665 -6.3
    endloop
  endfacet
  facet normal 6.20838e-6 -0.983384 -0.181535
    outer loop
      vertex 35.9 52.8665 -6.3
      vertex 30.978 52.3839 -3.68639
      vertex 30.8967 52.3974 -3.7592
    endloop
  endfacet
  facet normal 1 0 0
    outer loop
      vertex 35.9 52.8665 -6.3
      vertex 35.9 68.8 -6.3
      vertex 35.9 51.7034 -1.64053e-14
    endloop
  endfacet
  facet normal 1 0 0
    outer loop
      vertex 35.9 68.8 -6.3
      vertex 35.9 68.8 6.3
      vertex 35.9 51.7034 -1.64053e-14
    endloop
  endfacet
  facet normal 1 0 0
    outer loop
      vertex 35.9 51.7034 -1.64053e-14
      vertex 35.9 68.8 6.3
      vertex 35.9 52.8665 6.3
    endloop
  endfacet
  facet normal 0 0 -1
    outer loop
      vertex 35.9 68.8 -6.3
      vertex 35.9 52.8665 -6.3
      vertex -35.9 68.8 -6.3
    endloop
  endfacet
  facet normal 0 0 -1
    outer loop
      vertex 35.9 52.8665 -6.3
      vertex -35.9 52.8665 -6.3
      vertex -35.9 68.8 -6.3
    endloop
  endfacet
  facet normal 0 1 0
    outer loop
      vertex -32.3686 68.8 -1.50353
      vertex -32.2985 68.8 -1.7101
      vertex -35.9 68.8 -6.3
    endloop
  endfacet
  facet normal 0 1 0
    outer loop
      vertex -29.7131 68.8 4.53154
      vertex -29.9087 68.8 4.43505
      vertex -35.9 68.8 6.3
    endloop
  endfacet
  facet normal 0 1 0
    outer loop
      vertex -32.0351 68.8 -2.30874
      vertex -31.9301 68.8 -2.5
      vertex -35.9 68.8 -6.3
    endloop
  endfacet
  facet normal 0 1 0
    outer loop
      vertex -31.9301 68.8 -2.5
      vertex -31.817 68.8 -2.6865
      vertex -35.9 68.8 -6.3
    endloop
  endfacet
  facet normal 0 1 0
    outer loop
      vertex -35.9 68.8 -6.3
      vertex -31.817 68.8 -2.6865
      vertex -31.6958 68.8 -2.86788
    endloop
  endfacet
  facet normal 0 1 0
    outer loop
      vertex -31.6958 68.8 -2.86788
      vertex -31.5668 68.8 -3.04381
      vertex -35.9 68.8 -6.3
    endloop
  endfacet
  facet normal 0 1 0
    outer loop
      vertex -31.5668 68.8 -3.04381
      vertex -31.4302 68.8 -3.21394
      vertex -35.9 68.8 -6.3
    endloop
  endfacet
  facet normal 0 1 0
    outer loop
      vertex -35.9 68.8 -6.3
      vertex -31.4302 68.8 -3.21394
      vertex -31.2864 68.8 -3.37795
    endloop
  endfacet
  facet normal 0 1 0
    outer loop
      vertex -31.2864 68.8 -3.37795
      vertex -31.1355 68.8 -3.53553
      vertex -35.9 68.8 -6.3
    endloop
  endfacet
  facet normal 0 1 0
    outer loop
      vertex -31.1355 68.8 -3.53553
      vertex -30.978 68.8 -3.68639
      vertex -35.9 68.8 -6.3
    endloop
  endfacet
  facet normal 0 1 0
    outer loop
      vertex -35.9 68.8 -6.3
      vertex -30.978 68.8 -3.68639
      vertex -30.8139 68.8 -3.83022
    endloop
  endfacet
  facet normal 0 1 0
    outer loop
      vertex -29.1035 68.8 4.76858
      vertex -29.3101 68.8 4.69846
      vertex -35.9 68.8 6.3
    endloop
  endfacet
  facet normal 0 1 0
    outer loop
      vertex -29.3101 68.8 4.69846
      vertex -29.5134 68.8 4.6194
      vertex -35.9 68.8 6.3
    endloop
  endfacet
  facet normal 0 1 0
    outer loop
      vertex -35.9 68.8 6.3
      vertex -29.5134 68.8 4.6194
      vertex -29.7131 68.8 4.53154
    endloop
  endfacet
  facet normal 0 1 0
    outer loop
      vertex -32.581 68.8 -0.435779
      vertex -32.5572 68.8 -0.652631
      vertex -35.9 68.8 -6.3
    endloop
  endfacet
  facet normal 0 1 0
    outer loop
      vertex -32.5572 68.8 -0.652631
      vertex -32.524 68.8 -0.868241
      vertex -35.9 68.8 -6.3
    endloop
  endfacet
  facet normal 0 1 0
    outer loop
      vertex -32.2985 68.8 -1.7101
      vertex -32.2194 68.8 -1.91342
      vertex -35.9 68.8 -6.3
    endloop
  endfacet
  facet normal 0 1 0
    outer loop
      vertex -32.2194 68.8 -1.91342
      vertex -32.1315 68.8 -2.11309
      vertex -35.9 68.8 -6.3
    endloop
  endfacet
  facet normal 0 1 0
    outer loop
      vertex -35.9 68.8 -6.3
      vertex -32.1315 68.8 -2.11309
      vertex -32.0351 68.8 -2.30874
    endloop
  endfacet
  facet normal 0 1 0
    outer loop
      vertex -29.9087 68.8 4.43505
      vertex -30.1 68.8 4.33013
      vertex -35.9 68.8 6.3
    endloop
  endfacet
  facet normal 0 1 0
    outer loop
      vertex -30.1 68.8 4.33013
      vertex -30.2865 68.8 4.21696
      vertex -35.9 68.8 6.3
    endloop
  endfacet
  facet normal 0 1 0
    outer loop
      vertex -35.9 68.8 6.3
      vertex -30.2865 68.8 4.21696
      vertex -30.4679 68.8 4.09576
    endloop
  endfacet
  facet normal 0 1 0
    outer loop
      vertex -32.2194 68.8 1.91342
      vertex -32.2985 68.8 1.7101
      vertex -35.9 68.8 6.3
    endloop
  endfacet
  facet normal 0 1 0
    outer loop
      vertex -32.524 68.8 -0.868241
      vertex -32.4815 68.8 -1.0822
      vertex -35.9 68.8 -6.3
    endloop
  endfacet
  facet normal 0 1 0
    outer loop
      vertex -32.4815 68.8 -1.0822
      vertex -32.4296 68.8 -1.2941
      vertex -35.9 68.8 -6.3
    endloop
  endfacet
  facet normal 0 1 0
    outer loop
      vertex -35.9 68.8 -6.3
      vertex -32.4296 68.8 -1.2941
      vertex -32.3686 68.8 -1.50353
    endloop
  endfacet
  facet normal 0 1 0
    outer loop
      vertex -30.8139 68.8 -3.83022
      vertex -30.6438 68.8 -3.96677
      vertex -35.9 68.8 -6.3
    endloop
  endfacet
  facet normal 0 1 0
    outer loop
      vertex -30.6438 68.8 -3.96677
      vertex -30.4679 68.8 -4.09576
      vertex -35.9 68.8 -6.3
    endloop
  endfacet
  facet normal 0 1 0
    outer loop
      vertex -35.9 68.8 -6.3
      vertex -30.4679 68.8 -4.09576
      vertex -30.2865 68.8 -4.21696
    endloop
  endfacet
  facet normal 0 1 0
    outer loop
      vertex -27.3819 68.8 4.99524
      vertex -27.6 68.8 5
      vertex -35.9 68.8 6.3
    endloop
  endfacet
  facet normal 0 1 0
    outer loop
      vertex -27.6 68.8 5
      vertex -27.8181 68.8 4.99524
      vertex -35.9 68.8 6.3
    endloop
  endfacet
  facet normal 0 1 0
    outer loop
      vertex -27.8181 68.8 4.99524
      vertex -28.0358 68.8 4.98097
      vertex -35.9 68.8 6.3
    endloop
  endfacet
  facet normal 0 1 0
    outer loop
      vertex -28.0358 68.8 4.98097
      vertex -28.2526 68.8 4.95722
      vertex -35.9 68.8 6.3
    endloop
  endfacet
  facet normal 0 1 0
    outer loop
      vertex -35.9 68.8 6.3
      vertex -28.2526 68.8 4.95722
      vertex -28.4682 68.8 4.92404
    endloop
  endfacet
  facet normal 0 1 0
    outer loop
      vertex -32.4815 68.8 1.0822
      vertex -32.524 68.8 0.868241
      vertex -35.9 68.8 6.3
    endloop
  endfacet
  facet normal 0 1 0
    outer loop
      vertex -32.524 68.8 0.868241
      vertex -32.5572 68.8 0.652631
      vertex -35.9 68.8 6.3
    endloop
  endfacet
  facet normal 0 1 0
    outer loop
      vertex -35.9 68.8 6.3
      vertex -32.5572 68.8 0.652631
      vertex -32.581 68.8 0.435779
    endloop
  endfacet
  facet normal 0 1 0
    outer loop
      vertex 32.0351 68.8 2.30874
      vertex 31.9301 68.8 2.5
      vertex 35.9 68.8 6.3
    endloop
  endfacet
  facet normal 0 1 0
    outer loop
      vertex 31.9301 68.8 2.5
      vertex 31.817 68.8 2.6865
      vertex 35.9 68.8 6.3
    endloop
  endfacet
  facet normal 0 1 0
    outer loop
      vertex -28.4682 68.8 4.92404
      vertex -28.6822 68.8 4.88148
      vertex -35.9 68.8 6.3
    endloop
  endfacet
  facet normal 0 1 0
    outer loop
      vertex -28.6822 68.8 4.88148
      vertex -28.8941 68.8 4.82963
      vertex -35.9 68.8 6.3
    endloop
  endfacet
  facet normal 0 1 0
    outer loop
      vertex -35.9 68.8 6.3
      vertex -28.8941 68.8 4.82963
      vertex -29.1035 68.8 4.76858
    endloop
  endfacet
  facet normal 0 1 0
    outer loop
      vertex -30.4679 68.8 4.09576
      vertex -30.6438 68.8 3.96677
      vertex -35.9 68.8 6.3
    endloop
  endfacet
  facet normal 0 1 0
    outer loop
      vertex -30.6438 68.8 3.96677
      vertex -30.8139 68.8 3.83022
      vertex -35.9 68.8 6.3
    endloop
  endfacet
  facet normal 0 1 0
    outer loop
      vertex -35.9 68.8 6.3
      vertex -30.8139 68.8 3.83022
      vertex -30.978 68.8 3.68639
    endloop
  endfacet
  facet normal 0 1 0
    outer loop
      vertex -32.2985 68.8 1.7101
      vertex -32.3686 68.8 1.50353
      vertex -35.9 68.8 6.3
    endloop
  endfacet
  facet normal 0 1 0
    outer loop
      vertex -32.3686 68.8 1.50353
      vertex -32.4296 68.8 1.2941
      vertex -35.9 68.8 6.3
    endloop
  endfacet
  facet normal 0 1 0
    outer loop
      vertex -35.9 68.8 6.3
      vertex -32.4296 68.8 1.2941
      vertex -32.4815 68.8 1.0822
    endloop
  endfacet
  facet normal 0 1 0
    outer loop
      vertex 31.4302 68.8 3.21394
      vertex 31.2864 68.8 3.37795
      vertex 35.9 68.8 6.3
    endloop
  endfacet
  facet normal 0 1 0
    outer loop
      vertex 31.2864 68.8 3.37795
      vertex 31.1355 68.8 3.53553
      vertex 35.9 68.8 6.3
    endloop
  endfacet
  facet normal 0 1 0
    outer loop
      vertex 31.1355 68.8 3.53553
      vertex 30.978 68.8 3.68639
      vertex 35.9 68.8 6.3
    endloop
  endfacet
  facet normal 0 1 0
    outer loop
      vertex 30.978 68.8 3.68639
      vertex 30.8139 68.8 3.83022
      vertex 35.9 68.8 6.3
    endloop
  endfacet
  facet normal 0 1 0
    outer loop
      vertex 35.9 68.8 6.3
      vertex 30.8139 68.8 3.83022
      vertex 30.6438 68.8 3.96677
    endloop
  endfacet
  facet normal 0 1 0
    outer loop
      vertex -35.9 68.8 6.3
      vertex -31.4302 68.8 3.21394
      vertex -31.5668 68.8 3.04381
    endloop
  endfacet
  facet normal 0 1 0
    outer loop
      vertex -31.5668 68.8 3.04381
      vertex -31.6958 68.8 2.86788
      vertex -35.9 68.8 6.3
    endloop
  endfacet
  facet normal 0 1 0
    outer loop
      vertex -31.6958 68.8 2.86788
      vertex -31.817 68.8 2.6865
      vertex -35.9 68.8 6.3
    endloop
  endfacet
  facet normal 0 1 0
    outer loop
      vertex -35.9 68.8 6.3
      vertex -31.817 68.8 2.6865
      vertex -31.9301 68.8 2.5
    endloop
  endfacet
  facet normal 0 1 0
    outer loop
      vertex -32.581 68.8 0.435779
      vertex -32.5952 68.8 0.218097
      vertex -35.9 68.8 6.3
    endloop
  endfacet
  facet normal 0 1 0
    outer loop
      vertex -32.5952 68.8 0.218097
      vertex -32.6 68.8 -3.7964e-15
      vertex -35.9 68.8 6.3
    endloop
  endfacet
  facet normal 0 1 0
    outer loop
      vertex -35.9 68.8 6.3
      vertex -32.6 68.8 -3.7964e-15
      vertex -35.9 68.8 -6.3
    endloop
  endfacet
  facet normal 0 1 0
    outer loop
      vertex -32.6 68.8 -3.7964e-15
      vertex -32.5952 68.8 -0.218097
      vertex -35.9 68.8 -6.3
    endloop
  endfacet
  facet normal 0 1 0
    outer loop
      vertex -35.9 68.8 -6.3
      vertex -32.5952 68.8 -0.218097
      vertex -32.581 68.8 -0.435779
    endloop
  endfacet
  facet normal 0 1 0
    outer loop
      vertex 35.9 68.8 6.3
      vertex 32.5952 68.8 0.218097
      vertex 32.581 68.8 0.435779
    endloop
  endfacet
  facet normal 0 1 0
    outer loop
      vertex 32.581 68.8 0.435779
      vertex 32.5572 68.8 0.652631
      vertex 35.9 68.8 6.3
    endloop
  endfacet
  facet normal 0 1 0
    outer loop
      vertex 32.5572 68.8 0.652631
      vertex 32.524 68.8 0.868241
      vertex 35.9 68.8 6.3
    endloop
  endfacet
  facet normal 0 1 0
    outer loop
      vertex 35.9 68.8 6.3
      vertex 32.524 68.8 0.868241
      vertex 32.4815 68.8 1.0822
    endloop
  endfacet
  facet normal 0 1 0
    outer loop
      vertex 31.817 68.8 2.6865
      vertex 31.6958 68.8 2.86788
      vertex 35.9 68.8 6.3
    endloop
  endfacet
  facet normal 0 1 0
    outer loop
      vertex 31.6958 68.8 2.86788
      vertex 31.5668 68.8 3.04381
      vertex 35.9 68.8 6.3
    endloop
  endfacet
  facet normal 0 1 0
    outer loop
      vertex 35.9 68.8 6.3
      vertex 31.5668 68.8 3.04381
      vertex 31.4302 68.8 3.21394
    endloop
  endfacet
  facet normal 0 1 0
    outer loop
      vertex -30.978 68.8 3.68639
      vertex -31.1355 68.8 3.53553
      vertex -35.9 68.8 6.3
    endloop
  endfacet
  facet normal 0 1 0
    outer loop
      vertex -31.1355 68.8 3.53553
      vertex -31.2864 68.8 3.37795
      vertex -35.9 68.8 6.3
    endloop
  endfacet
  facet normal 0 1 0
    outer loop
      vertex -35.9 68.8 6.3
      vertex -31.2864 68.8 3.37795
      vertex -31.4302 68.8 3.21394
    endloop
  endfacet
  facet normal 0 1 0
    outer loop
      vertex -31.9301 68.8 2.5
      vertex -32.0351 68.8 2.30874
      vertex -35.9 68.8 6.3
    endloop
  endfacet
  facet normal 0 1 0
    outer loop
      vertex -32.0351 68.8 2.30874
      vertex -32.1315 68.8 2.11309
      vertex -35.9 68.8 6.3
    endloop
  endfacet
  facet normal 0 1 0
    outer loop
      vertex -35.9 68.8 6.3
      vertex -32.1315 68.8 2.11309
      vertex -32.2194 68.8 1.91342
    endloop
  endfacet
  facet normal 0 1 0
    outer loop
      vertex 35.9 68.8 6.3
      vertex -22.9015 68.8 1.7101
      vertex -22.9806 68.8 1.91342
    endloop
  endfacet
  facet normal 0 1 0
    outer loop
      vertex -24.5562 68.8 3.96677
      vertex -24.7321 68.8 4.09576
      vertex 35.9 68.8 6.3
    endloop
  endfacet
  facet normal 0 1 0
    outer loop
      vertex -26.0965 68.8 4.76858
      vertex -26.3059 68.8 4.82963
      vertex 35.9 68.8 6.3
    endloop
  endfacet
  facet normal 0 1 0
    outer loop
      vertex -26.3059 68.8 4.82963
      vertex -26.5178 68.8 4.88148
      vertex 35.9 68.8 6.3
    endloop
  endfacet
  facet normal 0 1 0
    outer loop
      vertex -26.5178 68.8 4.88148
      vertex -26.7318 68.8 4.92404
      vertex 35.9 68.8 6.3
    endloop
  endfacet
  facet normal 0 1 0
    outer loop
      vertex -26.7318 68.8 4.92404
      vertex -26.9474 68.8 4.95722
      vertex 35.9 68.8 6.3
    endloop
  endfacet
  facet normal 0 1 0
    outer loop
      vertex 35.9 68.8 6.3
      vertex -26.9474 68.8 4.95722
      vertex -35.9 68.8 6.3
    endloop
  endfacet
  facet normal 0 1 0
    outer loop
      vertex -26.9474 68.8 4.95722
      vertex -27.1642 68.8 4.98097
      vertex -35.9 68.8 6.3
    endloop
  endfacet
  facet normal 0 1 0
    outer loop
      vertex -35.9 68.8 6.3
      vertex -27.1642 68.8 4.98097
      vertex -27.3819 68.8 4.99524
    endloop
  endfacet
  facet normal 0 1 0
    outer loop
      vertex 32.2194 68.8 -1.91342
      vertex 32.2985 68.8 -1.7101
      vertex 35.9 68.8 -6.3
    endloop
  endfacet
  facet normal 0 1 0
    outer loop
      vertex 32.5572 68.8 -0.652631
      vertex 35.9 68.8 -6.3
      vertex 32.524 68.8 -0.868241
    endloop
  endfacet
  facet normal 0 1 0
    outer loop
      vertex 35.9 68.8 -6.3
      vertex 32.4815 68.8 -1.0822
      vertex 32.524 68.8 -0.868241
    endloop
  endfacet
  facet normal 0 1 0
    outer loop
      vertex 32.5572 68.8 -0.652631
      vertex 32.581 68.8 -0.435779
      vertex 35.9 68.8 -6.3
    endloop
  endfacet
  facet normal 0 1 0
    outer loop
      vertex 32.581 68.8 -0.435779
      vertex 32.5952 68.8 -0.218097
      vertex 35.9 68.8 -6.3
    endloop
  endfacet
  facet normal 0 1 0
    outer loop
      vertex 35.9 68.8 -6.3
      vertex 32.5952 68.8 -0.218097
      vertex 35.9 68.8 6.3
    endloop
  endfacet
  facet normal 0 1 0
    outer loop
      vertex 32.5952 68.8 -0.218097
      vertex 32.6 68.8 6.12323e-16
      vertex 35.9 68.8 6.3
    endloop
  endfacet
  facet normal 0 1 0
    outer loop
      vertex 35.9 68.8 6.3
      vertex 32.6 68.8 6.12323e-16
      vertex 32.5952 68.8 0.218097
    endloop
  endfacet
  facet normal 0 1 0
    outer loop
      vertex 32.4815 68.8 1.0822
      vertex 32.4296 68.8 1.2941
      vertex 35.9 68.8 6.3
    endloop
  endfacet
  facet normal 0 1 0
    outer loop
      vertex 32.4296 68.8 1.2941
      vertex 32.3686 68.8 1.50353
      vertex 35.9 68.8 6.3
    endloop
  endfacet
  facet normal 0 1 0
    outer loop
      vertex 35.9 68.8 6.3
      vertex 32.3686 68.8 1.50353
      vertex 32.2985 68.8 1.7101
    endloop
  endfacet
  facet normal 0 1 0
    outer loop
      vertex 32.2985 68.8 1.7101
      vertex 32.2194 68.8 1.91342
      vertex 35.9 68.8 6.3
    endloop
  endfacet
  facet normal 0 1 0
    outer loop
      vertex 32.2194 68.8 1.91342
      vertex 32.1315 68.8 2.11309
      vertex 35.9 68.8 6.3
    endloop
  endfacet
  facet normal 0 1 0
    outer loop
      vertex 35.9 68.8 6.3
      vertex 32.1315 68.8 2.11309
      vertex 32.0351 68.8 2.30874
    endloop
  endfacet
  facet normal 0 1 0
    outer loop
      vertex 30.6438 68.8 3.96677
      vertex 30.4679 68.8 4.09576
      vertex 35.9 68.8 6.3
    endloop
  endfacet
  facet normal 0 1 0
    outer loop
      vertex 30.4679 68.8 4.09576
      vertex 30.2865 68.8 4.21696
      vertex 35.9 68.8 6.3
    endloop
  endfacet
  facet normal 0 1 0
    outer loop
      vertex 35.9 68.8 6.3
      vertex 30.2865 68.8 4.21696
      vertex 30.1 68.8 4.33013
    endloop
  endfacet
  facet normal 0 1 0
    outer loop
      vertex 35.9 68.8 6.3
      vertex 28.8941 68.8 4.82963
      vertex 28.6822 68.8 4.88148
    endloop
  endfacet
  facet normal 0 1 0
    outer loop
      vertex -30.2865 68.8 -4.21696
      vertex -30.1 68.8 -4.33013
      vertex -35.9 68.8 -6.3
    endloop
  endfacet
  facet normal 0 1 0
    outer loop
      vertex -30.1 68.8 -4.33013
      vertex -29.9087 68.8 -4.43505
      vertex -35.9 68.8 -6.3
    endloop
  endfacet
  facet normal 0 1 0
    outer loop
      vertex -35.9 68.8 -6.3
      vertex -29.9087 68.8 -4.43505
      vertex -29.7131 68.8 -4.53154
    endloop
  endfacet
  facet normal 0 1 0
    outer loop
      vertex -29.7131 68.8 -4.53154
      vertex -29.5134 68.8 -4.6194
      vertex -35.9 68.8 -6.3
    endloop
  endfacet
  facet normal 0 1 0
    outer loop
      vertex -29.5134 68.8 -4.6194
      vertex -29.3101 68.8 -4.69846
      vertex -35.9 68.8 -6.3
    endloop
  endfacet
  facet normal 0 1 0
    outer loop
      vertex -35.9 68.8 -6.3
      vertex -29.3101 68.8 -4.69846
      vertex -29.1035 68.8 -4.76858
    endloop
  endfacet
  facet normal 0 1 0
    outer loop
      vertex -23.1649 68.8 -2.30874
      vertex -23.0685 68.8 -2.11309
      vertex 35.9 68.8 -6.3
    endloop
  endfacet
  facet normal 0 1 0
    outer loop
      vertex -23.0685 68.8 -2.11309
      vertex -22.9806 68.8 -1.91342
      vertex 35.9 68.8 -6.3
    endloop
  endfacet
  facet normal 0 1 0
    outer loop
      vertex 35.9 68.8 -6.3
      vertex -22.9806 68.8 -1.91342
      vertex -22.9015 68.8 -1.7101
    endloop
  endfacet
  facet normal 0 1 0
    outer loop
      vertex 32.2985 68.8 -1.7101
      vertex 32.3686 68.8 -1.50353
      vertex 35.9 68.8 -6.3
    endloop
  endfacet
  facet normal 0 1 0
    outer loop
      vertex 32.3686 68.8 -1.50353
      vertex 32.4296 68.8 -1.2941
      vertex 35.9 68.8 -6.3
    endloop
  endfacet
  facet normal 0 1 0
    outer loop
      vertex 35.9 68.8 -6.3
      vertex 32.4296 68.8 -1.2941
      vertex 32.4815 68.8 -1.0822
    endloop
  endfacet
  facet normal 0 1 0
    outer loop
      vertex 30.1 68.8 4.33013
      vertex 29.9087 68.8 4.43505
      vertex 35.9 68.8 6.3
    endloop
  endfacet
  facet normal 0 1 0
    outer loop
      vertex 29.9087 68.8 4.43505
      vertex 29.7131 68.8 4.53154
      vertex 35.9 68.8 6.3
    endloop
  endfacet
  facet normal 0 1 0
    outer loop
      vertex 35.9 68.8 6.3
      vertex 29.7131 68.8 4.53154
      vertex 29.5134 68.8 4.6194
    endloop
  endfacet
  facet normal 0 1 0
    outer loop
      vertex 28.6822 68.8 4.88148
      vertex 28.4682 68.8 4.92404
      vertex 35.9 68.8 6.3
    endloop
  endfacet
  facet normal 0 1 0
    outer loop
      vertex 28.4682 68.8 4.92404
      vertex 28.2526 68.8 4.95722
      vertex 35.9 68.8 6.3
    endloop
  endfacet
  facet normal 0 1 0
    outer loop
      vertex 35.9 68.8 6.3
      vertex 28.2526 68.8 4.95722
      vertex 28.0358 68.8 4.98097
    endloop
  endfacet
  facet normal 0 1 0
    outer loop
      vertex -22.619 68.8 0.435779
      vertex -22.6428 68.8 0.652631
      vertex 23.383 68.8 2.6865
    endloop
  endfacet
  facet normal 0 1 0
    outer loop
      vertex -22.7185 68.8 1.0822
      vertex -22.7704 68.8 1.2941
      vertex 35.9 68.8 6.3
    endloop
  endfacet
  facet normal 0 1 0
    outer loop
      vertex -22.7704 68.8 1.2941
      vertex -22.8314 68.8 1.50353
      vertex 35.9 68.8 6.3
    endloop
  endfacet
  facet normal 0 1 0
    outer loop
      vertex 35.9 68.8 6.3
      vertex -22.8314 68.8 1.50353
      vertex -22.9015 68.8 1.7101
    endloop
  endfacet
  facet normal 0 1 0
    outer loop
      vertex 23.1649 68.8 -2.30874
      vertex 23.2699 68.8 -2.5
      vertex -22.9015 68.8 -1.7101
    endloop
  endfacet
  facet normal 0 1 0
    outer loop
      vertex 35.9 68.8 6.3
      vertex -25.2913 68.8 4.43505
      vertex -25.4869 68.8 4.53154
    endloop
  endfacet
  facet normal 0 1 0
    outer loop
      vertex 29.5134 68.8 4.6194
      vertex 29.3101 68.8 4.69846
      vertex 35.9 68.8 6.3
    endloop
  endfacet
  facet normal 0 1 0
    outer loop
      vertex 29.3101 68.8 4.69846
      vertex 29.1035 68.8 4.76858
      vertex 35.9 68.8 6.3
    endloop
  endfacet
  facet normal 0 1 0
    outer loop
      vertex 35.9 68.8 6.3
      vertex 29.1035 68.8 4.76858
      vertex 28.8941 68.8 4.82963
    endloop
  endfacet
  facet normal 0 1 0
    outer loop
      vertex 22.7704 68.8 1.2941
      vertex 22.7185 68.8 1.0822
      vertex -22.6048 68.8 0.218097
    endloop
  endfacet
  facet normal 0 1 0
    outer loop
      vertex 22.7185 68.8 1.0822
      vertex 22.676 68.8 0.868241
      vertex -22.6048 68.8 0.218097
    endloop
  endfacet
  facet normal 0 1 0
    outer loop
      vertex -22.6048 68.8 0.218097
      vertex 22.676 68.8 0.868241
      vertex 22.6428 68.8 0.652631
    endloop
  endfacet
  facet normal 0 1 0
    outer loop
      vertex 25.2913 68.8 4.43505
      vertex 25.1 68.8 4.33013
      vertex -22.7185 68.8 1.0822
    endloop
  endfacet
  facet normal 0 1 0
    outer loop
      vertex 23.2699 68.8 -2.5
      vertex 23.383 68.8 -2.6865
      vertex -22.9015 68.8 -1.7101
    endloop
  endfacet
  facet normal 0 1 0
    outer loop
      vertex 23.383 68.8 -2.6865
      vertex 23.5042 68.8 -2.86788
      vertex -22.9015 68.8 -1.7101
    endloop
  endfacet
  facet normal 0 1 0
    outer loop
      vertex -22.9015 68.8 -1.7101
      vertex 23.5042 68.8 -2.86788
      vertex 23.6332 68.8 -3.04381
    endloop
  endfacet
  facet normal 0 1 0
    outer loop
      vertex -22.9806 68.8 1.91342
      vertex -23.0685 68.8 2.11309
      vertex 35.9 68.8 6.3
    endloop
  endfacet
  facet normal 0 1 0
    outer loop
      vertex -23.0685 68.8 2.11309
      vertex -23.1649 68.8 2.30874
      vertex 35.9 68.8 6.3
    endloop
  endfacet
  facet normal 0 1 0
    outer loop
      vertex 35.9 68.8 6.3
      vertex -23.1649 68.8 2.30874
      vertex -23.2699 68.8 2.5
    endloop
  endfacet
  facet normal 0 1 0
    outer loop
      vertex -24.7321 68.8 4.09576
      vertex -24.9135 68.8 4.21696
      vertex 35.9 68.8 6.3
    endloop
  endfacet
  facet normal 0 1 0
    outer loop
      vertex -24.9135 68.8 4.21696
      vertex -25.1 68.8 4.33013
      vertex 35.9 68.8 6.3
    endloop
  endfacet
  facet normal 0 1 0
    outer loop
      vertex 35.9 68.8 6.3
      vertex -25.1 68.8 4.33013
      vertex -25.2913 68.8 4.43505
    endloop
  endfacet
  facet normal 0 1 0
    outer loop
      vertex -25.4869 68.8 4.53154
      vertex -25.6866 68.8 4.6194
      vertex 35.9 68.8 6.3
    endloop
  endfacet
  facet normal 0 1 0
    outer loop
      vertex -25.6866 68.8 4.6194
      vertex -25.8899 68.8 4.69846
      vertex 35.9 68.8 6.3
    endloop
  endfacet
  facet normal 0 1 0
    outer loop
      vertex 35.9 68.8 6.3
      vertex -25.8899 68.8 4.69846
      vertex -26.0965 68.8 4.76858
    endloop
  endfacet
  facet normal 0 1 0
    outer loop
      vertex -26.3059 68.8 -4.82963
      vertex -26.0965 68.8 -4.76858
      vertex 35.9 68.8 -6.3
    endloop
  endfacet
  facet normal 0 1 0
    outer loop
      vertex -23.9136 68.8 -3.37795
      vertex -23.7698 68.8 -3.21394
      vertex 35.9 68.8 -6.3
    endloop
  endfacet
  facet normal 0 1 0
    outer loop
      vertex -23.7698 68.8 -3.21394
      vertex -23.6332 68.8 -3.04381
      vertex 35.9 68.8 -6.3
    endloop
  endfacet
  facet normal 0 1 0
    outer loop
      vertex 35.9 68.8 -6.3
      vertex -23.6332 68.8 -3.04381
      vertex -23.5042 68.8 -2.86788
    endloop
  endfacet
  facet normal 0 1 0
    outer loop
      vertex -23.5042 68.8 -2.86788
      vertex -23.383 68.8 -2.6865
      vertex 35.9 68.8 -6.3
    endloop
  endfacet
  facet normal 0 1 0
    outer loop
      vertex -23.383 68.8 -2.6865
      vertex -23.2699 68.8 -2.5
      vertex 35.9 68.8 -6.3
    endloop
  endfacet
  facet normal 0 1 0
    outer loop
      vertex 35.9 68.8 -6.3
      vertex -23.2699 68.8 -2.5
      vertex -23.1649 68.8 -2.30874
    endloop
  endfacet
  facet normal 0 1 0
    outer loop
      vertex 22.9806 68.8 1.91342
      vertex -22.6048 68.8 0.218097
      vertex 23.0685 68.8 2.11309
    endloop
  endfacet
  facet normal 0 1 0
    outer loop
      vertex -22.6048 68.8 0.218097
      vertex 23.1649 68.8 2.30874
      vertex 23.0685 68.8 2.11309
    endloop
  endfacet
  facet normal 0 1 0
    outer loop
      vertex 22.619 68.8 -0.435779
      vertex -22.9015 68.8 -1.7101
      vertex -22.8314 68.8 -1.50353
    endloop
  endfacet
  facet normal 0 1 0
    outer loop
      vertex -22.8314 68.8 -1.50353
      vertex -22.7704 68.8 -1.2941
      vertex 22.619 68.8 -0.435779
    endloop
  endfacet
  facet normal 0 1 0
    outer loop
      vertex -22.7704 68.8 -1.2941
      vertex -22.7185 68.8 -1.0822
      vertex 22.619 68.8 -0.435779
    endloop
  endfacet
  facet normal 0 1 0
    outer loop
      vertex 22.619 68.8 -0.435779
      vertex -22.7185 68.8 -1.0822
      vertex -22.676 68.8 -0.868241
    endloop
  endfacet
  facet normal 0 1 0
    outer loop
      vertex -22.676 68.8 -0.868241
      vertex -22.6428 68.8 -0.652631
      vertex 22.619 68.8 -0.435779
    endloop
  endfacet
  facet normal 0 1 0
    outer loop
      vertex -22.6428 68.8 -0.652631
      vertex -22.619 68.8 -0.435779
      vertex 22.619 68.8 -0.435779
    endloop
  endfacet
  facet normal 0 1 0
    outer loop
      vertex 22.619 68.8 -0.435779
      vertex -22.619 68.8 -0.435779
      vertex -22.6048 68.8 -0.218097
    endloop
  endfacet
  facet normal 0 1 0
    outer loop
      vertex 22.6428 68.8 0.652631
      vertex 22.619 68.8 0.435779
      vertex -22.6048 68.8 0.218097
    endloop
  endfacet
  facet normal 0 1 0
    outer loop
      vertex 22.619 68.8 0.435779
      vertex 22.6048 68.8 0.218097
      vertex -22.6048 68.8 0.218097
    endloop
  endfacet
  facet normal 0 1 0
    outer loop
      vertex -22.6048 68.8 0.218097
      vertex 22.6048 68.8 0.218097
      vertex -22.6 68.8 -2.57176e-15
    endloop
  endfacet
  facet normal 0 1 0
    outer loop
      vertex 22.6048 68.8 0.218097
      vertex 22.6 68.8 -6.12323e-16
      vertex -22.6 68.8 -2.57176e-15
    endloop
  endfacet
  facet normal 0 1 0
    outer loop
      vertex -22.6 68.8 -2.57176e-15
      vertex 22.6 68.8 -6.12323e-16
      vertex -22.6048 68.8 -0.218097
    endloop
  endfacet
  facet normal 0 1 0
    outer loop
      vertex 22.6 68.8 -6.12323e-16
      vertex 22.6048 68.8 -0.218097
      vertex -22.6048 68.8 -0.218097
    endloop
  endfacet
  facet normal 0 1 0
    outer loop
      vertex -22.6048 68.8 -0.218097
      vertex 22.6048 68.8 -0.218097
      vertex 22.619 68.8 -0.435779
    endloop
  endfacet
  facet normal 0 1 0
    outer loop
      vertex 25.2913 68.8 4.43505
      vertex -22.7185 68.8 1.0822
      vertex 25.4869 68.8 4.53154
    endloop
  endfacet
  facet normal 0 1 0
    outer loop
      vertex 24.5562 68.8 -3.96677
      vertex 24.7321 68.8 -4.09576
      vertex -22.9015 68.8 -1.7101
    endloop
  endfacet
  facet normal 0 1 0
    outer loop
      vertex 24.7321 68.8 -4.09576
      vertex 24.9135 68.8 -4.21696
      vertex -22.9015 68.8 -1.7101
    endloop
  endfacet
  facet normal 0 1 0
    outer loop
      vertex 26.3059 68.8 -4.82963
      vertex 26.5178 68.8 -4.88148
      vertex -22.9015 68.8 -1.7101
    endloop
  endfacet
  facet normal 0 1 0
    outer loop
      vertex 30.4679 68.8 -4.09576
      vertex 30.6438 68.8 -3.96677
      vertex 35.9 68.8 -6.3
    endloop
  endfacet
  facet normal 0 1 0
    outer loop
      vertex 31.9301 68.8 -2.5
      vertex 32.0351 68.8 -2.30874
      vertex 35.9 68.8 -6.3
    endloop
  endfacet
  facet normal 0 1 0
    outer loop
      vertex 32.0351 68.8 -2.30874
      vertex 32.1315 68.8 -2.11309
      vertex 35.9 68.8 -6.3
    endloop
  endfacet
  facet normal 0 1 0
    outer loop
      vertex 35.9 68.8 -6.3
      vertex 32.1315 68.8 -2.11309
      vertex 32.2194 68.8 -1.91342
    endloop
  endfacet
  facet normal 0 1 0
    outer loop
      vertex -23.2699 68.8 2.5
      vertex -23.383 68.8 2.6865
      vertex 35.9 68.8 6.3
    endloop
  endfacet
  facet normal 0 1 0
    outer loop
      vertex -23.383 68.8 2.6865
      vertex -23.5042 68.8 2.86788
      vertex 35.9 68.8 6.3
    endloop
  endfacet
  facet normal 0 1 0
    outer loop
      vertex 35.9 68.8 6.3
      vertex -23.5042 68.8 2.86788
      vertex -23.6332 68.8 3.04381
    endloop
  endfacet
  facet normal 0 1 0
    outer loop
      vertex -23.6332 68.8 3.04381
      vertex -23.7698 68.8 3.21394
      vertex 35.9 68.8 6.3
    endloop
  endfacet
  facet normal 0 1 0
    outer loop
      vertex -23.7698 68.8 3.21394
      vertex -23.9136 68.8 3.37795
      vertex 35.9 68.8 6.3
    endloop
  endfacet
  facet normal 0 1 0
    outer loop
      vertex 35.9 68.8 6.3
      vertex -23.9136 68.8 3.37795
      vertex -24.0645 68.8 3.53553
    endloop
  endfacet
  facet normal 0 1 0
    outer loop
      vertex -26.0965 68.8 -4.76858
      vertex -25.8899 68.8 -4.69846
      vertex 35.9 68.8 -6.3
    endloop
  endfacet
  facet normal 0 1 0
    outer loop
      vertex -25.8899 68.8 -4.69846
      vertex -25.6866 68.8 -4.6194
      vertex 35.9 68.8 -6.3
    endloop
  endfacet
  facet normal 0 1 0
    outer loop
      vertex 35.9 68.8 -6.3
      vertex -25.6866 68.8 -4.6194
      vertex -25.4869 68.8 -4.53154
    endloop
  endfacet
  facet normal 0 1 0
    outer loop
      vertex 22.9806 68.8 1.91342
      vertex 22.9015 68.8 1.7101
      vertex -22.6048 68.8 0.218097
    endloop
  endfacet
  facet normal 0 1 0
    outer loop
      vertex 22.9015 68.8 1.7101
      vertex 22.8314 68.8 1.50353
      vertex -22.6048 68.8 0.218097
    endloop
  endfacet
  facet normal 0 1 0
    outer loop
      vertex -22.6048 68.8 0.218097
      vertex 22.8314 68.8 1.50353
      vertex 22.7704 68.8 1.2941
    endloop
  endfacet
  facet normal 0 1 0
    outer loop
      vertex 26.5178 68.8 4.88148
      vertex 26.3059 68.8 4.82963
      vertex -22.7185 68.8 1.0822
    endloop
  endfacet
  facet normal 0 1 0
    outer loop
      vertex 26.3059 68.8 4.82963
      vertex 26.0965 68.8 4.76858
      vertex -22.7185 68.8 1.0822
    endloop
  endfacet
  facet normal 0 1 0
    outer loop
      vertex -22.619 68.8 0.435779
      vertex 23.383 68.8 2.6865
      vertex -22.6048 68.8 0.218097
    endloop
  endfacet
  facet normal 0 1 0
    outer loop
      vertex 23.383 68.8 2.6865
      vertex 23.2699 68.8 2.5
      vertex -22.6048 68.8 0.218097
    endloop
  endfacet
  facet normal 0 1 0
    outer loop
      vertex -22.6048 68.8 0.218097
      vertex 23.2699 68.8 2.5
      vertex 23.1649 68.8 2.30874
    endloop
  endfacet
  facet normal 0 1 0
    outer loop
      vertex 22.619 68.8 -0.435779
      vertex 22.6428 68.8 -0.652631
      vertex -22.9015 68.8 -1.7101
    endloop
  endfacet
  facet normal 0 1 0
    outer loop
      vertex 22.6428 68.8 -0.652631
      vertex 22.676 68.8 -0.868241
      vertex -22.9015 68.8 -1.7101
    endloop
  endfacet
  facet normal 0 1 0
    outer loop
      vertex -22.9015 68.8 -1.7101
      vertex 22.676 68.8 -0.868241
      vertex 22.7185 68.8 -1.0822
    endloop
  endfacet
  facet normal 0 1 0
    outer loop
      vertex 23.6332 68.8 -3.04381
      vertex 23.7698 68.8 -3.21394
      vertex -22.9015 68.8 -1.7101
    endloop
  endfacet
  facet normal 0 1 0
    outer loop
      vertex 23.7698 68.8 -3.21394
      vertex 23.9136 68.8 -3.37795
      vertex -22.9015 68.8 -1.7101
    endloop
  endfacet
  facet normal 0 1 0
    outer loop
      vertex -22.9015 68.8 -1.7101
      vertex 23.9136 68.8 -3.37795
      vertex 24.0645 68.8 -3.53553
    endloop
  endfacet
  facet normal 0 1 0
    outer loop
      vertex 24.0645 68.8 -3.53553
      vertex 24.222 68.8 -3.68639
      vertex -22.9015 68.8 -1.7101
    endloop
  endfacet
  facet normal 0 1 0
    outer loop
      vertex 24.222 68.8 -3.68639
      vertex 24.3861 68.8 -3.83022
      vertex -22.9015 68.8 -1.7101
    endloop
  endfacet
  facet normal 0 1 0
    outer loop
      vertex -22.9015 68.8 -1.7101
      vertex 24.3861 68.8 -3.83022
      vertex 24.5562 68.8 -3.96677
    endloop
  endfacet
  facet normal 0 1 0
    outer loop
      vertex 24.9135 68.8 -4.21696
      vertex 25.1 68.8 -4.33013
      vertex -22.9015 68.8 -1.7101
    endloop
  endfacet
  facet normal 0 1 0
    outer loop
      vertex 25.1 68.8 -4.33013
      vertex 25.2913 68.8 -4.43505
      vertex -22.9015 68.8 -1.7101
    endloop
  endfacet
  facet normal 0 1 0
    outer loop
      vertex -22.9015 68.8 -1.7101
      vertex 25.2913 68.8 -4.43505
      vertex 25.4869 68.8 -4.53154
    endloop
  endfacet
  facet normal 0 1 0
    outer loop
      vertex 26.3059 68.8 -4.82963
      vertex -22.9015 68.8 -1.7101
      vertex 26.0965 68.8 -4.76858
    endloop
  endfacet
  facet normal 0 1 0
    outer loop
      vertex 30.4679 68.8 -4.09576
      vertex 35.9 68.8 -6.3
      vertex 30.2865 68.8 -4.21696
    endloop
  endfacet
  facet normal 0 1 0
    outer loop
      vertex -24.0645 68.8 3.53553
      vertex -24.222 68.8 3.68639
      vertex 35.9 68.8 6.3
    endloop
  endfacet
  facet normal 0 1 0
    outer loop
      vertex -24.222 68.8 3.68639
      vertex -24.3861 68.8 3.83022
      vertex 35.9 68.8 6.3
    endloop
  endfacet
  facet normal 0 1 0
    outer loop
      vertex 35.9 68.8 6.3
      vertex -24.3861 68.8 3.83022
      vertex -24.5562 68.8 3.96677
    endloop
  endfacet
  facet normal 0 1 0
    outer loop
      vertex -29.1035 68.8 -4.76858
      vertex -28.8941 68.8 -4.82963
      vertex -35.9 68.8 -6.3
    endloop
  endfacet
  facet normal 0 1 0
    outer loop
      vertex -28.8941 68.8 -4.82963
      vertex -28.6822 68.8 -4.88148
      vertex -35.9 68.8 -6.3
    endloop
  endfacet
  facet normal 0 1 0
    outer loop
      vertex -35.9 68.8 -6.3
      vertex -28.6822 68.8 -4.88148
      vertex -28.4682 68.8 -4.92404
    endloop
  endfacet
  facet normal 0 1 0
    outer loop
      vertex -28.4682 68.8 -4.92404
      vertex -28.2526 68.8 -4.95722
      vertex -35.9 68.8 -6.3
    endloop
  endfacet
  facet normal 0 1 0
    outer loop
      vertex -28.2526 68.8 -4.95722
      vertex -28.0358 68.8 -4.98097
      vertex -35.9 68.8 -6.3
    endloop
  endfacet
  facet normal 0 1 0
    outer loop
      vertex -35.9 68.8 -6.3
      vertex -28.0358 68.8 -4.98097
      vertex -27.8181 68.8 -4.99524
    endloop
  endfacet
  facet normal 0 1 0
    outer loop
      vertex -27.8181 68.8 -4.99524
      vertex -27.6 68.8 -5
      vertex -35.9 68.8 -6.3
    endloop
  endfacet
  facet normal 0 1 0
    outer loop
      vertex -27.6 68.8 -5
      vertex -27.3819 68.8 -4.99524
      vertex -35.9 68.8 -6.3
    endloop
  endfacet
  facet normal 0 1 0
    outer loop
      vertex -35.9 68.8 -6.3
      vertex -27.3819 68.8 -4.99524
      vertex 35.9 68.8 -6.3
    endloop
  endfacet
  facet normal 0 1 0
    outer loop
      vertex -27.3819 68.8 -4.99524
      vertex -27.1642 68.8 -4.98097
      vertex 35.9 68.8 -6.3
    endloop
  endfacet
  facet normal 0 1 0
    outer loop
      vertex 35.9 68.8 -6.3
      vertex -27.1642 68.8 -4.98097
      vertex -26.9474 68.8 -4.95722
    endloop
  endfacet
  facet normal 0 1 0
    outer loop
      vertex -25.4869 68.8 -4.53154
      vertex -25.2913 68.8 -4.43505
      vertex 35.9 68.8 -6.3
    endloop
  endfacet
  facet normal 0 1 0
    outer loop
      vertex -25.2913 68.8 -4.43505
      vertex -25.1 68.8 -4.33013
      vertex 35.9 68.8 -6.3
    endloop
  endfacet
  facet normal 0 1 0
    outer loop
      vertex 35.9 68.8 -6.3
      vertex -25.1 68.8 -4.33013
      vertex -24.9135 68.8 -4.21696
    endloop
  endfacet
  facet normal 0 1 0
    outer loop
      vertex -24.9135 68.8 -4.21696
      vertex -24.7321 68.8 -4.09576
      vertex 35.9 68.8 -6.3
    endloop
  endfacet
  facet normal 0 1 0
    outer loop
      vertex -24.7321 68.8 -4.09576
      vertex -24.5562 68.8 -3.96677
      vertex 35.9 68.8 -6.3
    endloop
  endfacet
  facet normal 0 1 0
    outer loop
      vertex 35.9 68.8 -6.3
      vertex -24.5562 68.8 -3.96677
      vertex -24.3861 68.8 -3.83022
    endloop
  endfacet
  facet normal 0 1 0
    outer loop
      vertex 28.0358 68.8 4.98097
      vertex 27.8181 68.8 4.99524
      vertex 35.9 68.8 6.3
    endloop
  endfacet
  facet normal 0 1 0
    outer loop
      vertex 27.8181 68.8 4.99524
      vertex 27.6 68.8 5
      vertex 35.9 68.8 6.3
    endloop
  endfacet
  facet normal 0 1 0
    outer loop
      vertex 35.9 68.8 6.3
      vertex 27.6 68.8 5
      vertex 27.3819 68.8 4.99524
    endloop
  endfacet
  facet normal 0 1 0
    outer loop
      vertex 27.3819 68.8 4.99524
      vertex 27.1642 68.8 4.98097
      vertex 35.9 68.8 6.3
    endloop
  endfacet
  facet normal 0 1 0
    outer loop
      vertex 27.1642 68.8 4.98097
      vertex 26.9474 68.8 4.95722
      vertex 35.9 68.8 6.3
    endloop
  endfacet
  facet normal 0 1 0
    outer loop
      vertex 35.9 68.8 6.3
      vertex 26.9474 68.8 4.95722
      vertex -22.7185 68.8 1.0822
    endloop
  endfacet
  facet normal 0 1 0
    outer loop
      vertex 26.9474 68.8 4.95722
      vertex 26.7318 68.8 4.92404
      vertex -22.7185 68.8 1.0822
    endloop
  endfacet
  facet normal 0 1 0
    outer loop
      vertex -22.7185 68.8 1.0822
      vertex 26.7318 68.8 4.92404
      vertex 26.5178 68.8 4.88148
    endloop
  endfacet
  facet normal 0 1 0
    outer loop
      vertex 26.0965 68.8 4.76858
      vertex 25.8899 68.8 4.69846
      vertex -22.7185 68.8 1.0822
    endloop
  endfacet
  facet normal 0 1 0
    outer loop
      vertex 25.8899 68.8 4.69846
      vertex 25.6866 68.8 4.6194
      vertex -22.7185 68.8 1.0822
    endloop
  endfacet
  facet normal 0 1 0
    outer loop
      vertex -22.7185 68.8 1.0822
      vertex 25.6866 68.8 4.6194
      vertex 25.4869 68.8 4.53154
    endloop
  endfacet
  facet normal 0 1 0
    outer loop
      vertex 25.1 68.8 4.33013
      vertex 24.9135 68.8 4.21696
      vertex -22.7185 68.8 1.0822
    endloop
  endfacet
  facet normal 0 1 0
    outer loop
      vertex 24.9135 68.8 4.21696
      vertex 24.7321 68.8 4.09576
      vertex -22.7185 68.8 1.0822
    endloop
  endfacet
  facet normal 0 1 0
    outer loop
      vertex -22.7185 68.8 1.0822
      vertex 24.7321 68.8 4.09576
      vertex 24.5562 68.8 3.96677
    endloop
  endfacet
  facet normal 0 1 0
    outer loop
      vertex 22.7185 68.8 -1.0822
      vertex 22.7704 68.8 -1.2941
      vertex -22.9015 68.8 -1.7101
    endloop
  endfacet
  facet normal 0 1 0
    outer loop
      vertex 22.7704 68.8 -1.2941
      vertex 22.8314 68.8 -1.50353
      vertex -22.9015 68.8 -1.7101
    endloop
  endfacet
  facet normal 0 1 0
    outer loop
      vertex -22.9015 68.8 -1.7101
      vertex 22.8314 68.8 -1.50353
      vertex 22.9015 68.8 -1.7101
    endloop
  endfacet
  facet normal 0 1 0
    outer loop
      vertex 22.9015 68.8 -1.7101
      vertex 22.9806 68.8 -1.91342
      vertex -22.9015 68.8 -1.7101
    endloop
  endfacet
  facet normal 0 1 0
    outer loop
      vertex 22.9806 68.8 -1.91342
      vertex 23.0685 68.8 -2.11309
      vertex -22.9015 68.8 -1.7101
    endloop
  endfacet
  facet normal 0 1 0
    outer loop
      vertex -22.9015 68.8 -1.7101
      vertex 23.0685 68.8 -2.11309
      vertex 23.1649 68.8 -2.30874
    endloop
  endfacet
  facet normal 0 1 0
    outer loop
      vertex 28.8941 68.8 -4.82963
      vertex 29.1035 68.8 -4.76858
      vertex 35.9 68.8 -6.3
    endloop
  endfacet
  facet normal 0 1 0
    outer loop
      vertex -26.9474 68.8 -4.95722
      vertex -26.7318 68.8 -4.92404
      vertex 35.9 68.8 -6.3
    endloop
  endfacet
  facet normal 0 1 0
    outer loop
      vertex -26.7318 68.8 -4.92404
      vertex -26.5178 68.8 -4.88148
      vertex 35.9 68.8 -6.3
    endloop
  endfacet
  facet normal 0 1 0
    outer loop
      vertex 35.9 68.8 -6.3
      vertex -26.5178 68.8 -4.88148
      vertex -26.3059 68.8 -4.82963
    endloop
  endfacet
  facet normal 0 1 0
    outer loop
      vertex -24.3861 68.8 -3.83022
      vertex -24.222 68.8 -3.68639
      vertex 35.9 68.8 -6.3
    endloop
  endfacet
  facet normal 0 1 0
    outer loop
      vertex -24.222 68.8 -3.68639
      vertex -24.0645 68.8 -3.53553
      vertex 35.9 68.8 -6.3
    endloop
  endfacet
  facet normal 0 1 0
    outer loop
      vertex 35.9 68.8 -6.3
      vertex -24.0645 68.8 -3.53553
      vertex -23.9136 68.8 -3.37795
    endloop
  endfacet
  facet normal 0 1 0
    outer loop
      vertex 24.0645 68.8 3.53553
      vertex 23.9136 68.8 3.37795
      vertex -22.7185 68.8 1.0822
    endloop
  endfacet
  facet normal 0 1 0
    outer loop
      vertex 23.9136 68.8 3.37795
      vertex 23.7698 68.8 3.21394
      vertex -22.7185 68.8 1.0822
    endloop
  endfacet
  facet normal 0 1 0
    outer loop
      vertex -22.7185 68.8 1.0822
      vertex 23.7698 68.8 3.21394
      vertex 23.6332 68.8 3.04381
    endloop
  endfacet
  facet normal 0 1 0
    outer loop
      vertex -22.6428 68.8 0.652631
      vertex -22.676 68.8 0.868241
      vertex 23.383 68.8 2.6865
    endloop
  endfacet
  facet normal 0 1 0
    outer loop
      vertex -22.676 68.8 0.868241
      vertex -22.7185 68.8 1.0822
      vertex 23.383 68.8 2.6865
    endloop
  endfacet
  facet normal 0 1 0
    outer loop
      vertex 23.383 68.8 2.6865
      vertex -22.7185 68.8 1.0822
      vertex 23.5042 68.8 2.86788
    endloop
  endfacet
  facet normal 0 1 0
    outer loop
      vertex -22.7185 68.8 1.0822
      vertex 23.6332 68.8 3.04381
      vertex 23.5042 68.8 2.86788
    endloop
  endfacet
  facet normal 0 1 0
    outer loop
      vertex 31.1355 68.8 -3.53553
      vertex 31.2864 68.8 -3.37795
      vertex 35.9 68.8 -6.3
    endloop
  endfacet
  facet normal 0 1 0
    outer loop
      vertex 31.2864 68.8 -3.37795
      vertex 31.4302 68.8 -3.21394
      vertex 35.9 68.8 -6.3
    endloop
  endfacet
  facet normal 0 1 0
    outer loop
      vertex 35.9 68.8 -6.3
      vertex 31.4302 68.8 -3.21394
      vertex 31.5668 68.8 -3.04381
    endloop
  endfacet
  facet normal 0 1 0
    outer loop
      vertex 24.5562 68.8 3.96677
      vertex 24.3861 68.8 3.83022
      vertex -22.7185 68.8 1.0822
    endloop
  endfacet
  facet normal 0 1 0
    outer loop
      vertex 24.3861 68.8 3.83022
      vertex 24.222 68.8 3.68639
      vertex -22.7185 68.8 1.0822
    endloop
  endfacet
  facet normal 0 1 0
    outer loop
      vertex -22.7185 68.8 1.0822
      vertex 24.222 68.8 3.68639
      vertex 24.0645 68.8 3.53553
    endloop
  endfacet
  facet normal 0 1 0
    outer loop
      vertex 25.4869 68.8 -4.53154
      vertex 25.6866 68.8 -4.6194
      vertex -22.9015 68.8 -1.7101
    endloop
  endfacet
  facet normal 0 1 0
    outer loop
      vertex 25.6866 68.8 -4.6194
      vertex 25.8899 68.8 -4.69846
      vertex -22.9015 68.8 -1.7101
    endloop
  endfacet
  facet normal 0 1 0
    outer loop
      vertex -22.9015 68.8 -1.7101
      vertex 25.8899 68.8 -4.69846
      vertex 26.0965 68.8 -4.76858
    endloop
  endfacet
  facet normal 0 1 0
    outer loop
      vertex 35.9 68.8 -6.3
      vertex 27.3819 68.8 -4.99524
      vertex 27.6 68.8 -5
    endloop
  endfacet
  facet normal 0 1 0
    outer loop
      vertex 27.6 68.8 -5
      vertex 27.8181 68.8 -4.99524
      vertex 35.9 68.8 -6.3
    endloop
  endfacet
  facet normal 0 1 0
    outer loop
      vertex 27.8181 68.8 -4.99524
      vertex 28.0358 68.8 -4.98097
      vertex 35.9 68.8 -6.3
    endloop
  endfacet
  facet normal 0 1 0
    outer loop
      vertex 35.9 68.8 -6.3
      vertex 28.0358 68.8 -4.98097
      vertex 28.2526 68.8 -4.95722
    endloop
  endfacet
  facet normal 0 1 0
    outer loop
      vertex 29.1035 68.8 -4.76858
      vertex 29.3101 68.8 -4.69846
      vertex 35.9 68.8 -6.3
    endloop
  endfacet
  facet normal 0 1 0
    outer loop
      vertex 29.3101 68.8 -4.69846
      vertex 29.5134 68.8 -4.6194
      vertex 35.9 68.8 -6.3
    endloop
  endfacet
  facet normal 0 1 0
    outer loop
      vertex 35.9 68.8 -6.3
      vertex 29.5134 68.8 -4.6194
      vertex 29.7131 68.8 -4.53154
    endloop
  endfacet
  facet normal 0 1 0
    outer loop
      vertex 30.6438 68.8 -3.96677
      vertex 30.8139 68.8 -3.83022
      vertex 35.9 68.8 -6.3
    endloop
  endfacet
  facet normal 0 1 0
    outer loop
      vertex 30.8139 68.8 -3.83022
      vertex 30.978 68.8 -3.68639
      vertex 35.9 68.8 -6.3
    endloop
  endfacet
  facet normal 0 1 0
    outer loop
      vertex 35.9 68.8 -6.3
      vertex 30.978 68.8 -3.68639
      vertex 31.1355 68.8 -3.53553
    endloop
  endfacet
  facet normal 0 1 0
    outer loop
      vertex 31.5668 68.8 -3.04381
      vertex 31.6958 68.8 -2.86788
      vertex 35.9 68.8 -6.3
    endloop
  endfacet
  facet normal 0 1 0
    outer loop
      vertex 31.6958 68.8 -2.86788
      vertex 31.817 68.8 -2.6865
      vertex 35.9 68.8 -6.3
    endloop
  endfacet
  facet normal 0 1 0
    outer loop
      vertex 35.9 68.8 -6.3
      vertex 31.817 68.8 -2.6865
      vertex 31.9301 68.8 -2.5
    endloop
  endfacet
  facet normal 0 1 0
    outer loop
      vertex 26.5178 68.8 -4.88148
      vertex 26.7318 68.8 -4.92404
      vertex -22.9015 68.8 -1.7101
    endloop
  endfacet
  facet normal 0 1 0
    outer loop
      vertex 26.7318 68.8 -4.92404
      vertex 26.9474 68.8 -4.95722
      vertex -22.9015 68.8 -1.7101
    endloop
  endfacet
  facet normal 0 1 0
    outer loop
      vertex -22.9015 68.8 -1.7101
      vertex 26.9474 68.8 -4.95722
      vertex 35.9 68.8 -6.3
    endloop
  endfacet
  facet normal 0 1 0
    outer loop
      vertex 26.9474 68.8 -4.95722
      vertex 27.1642 68.8 -4.98097
      vertex 35.9 68.8 -6.3
    endloop
  endfacet
  facet normal 0 1 0
    outer loop
      vertex 35.9 68.8 -6.3
      vertex 27.1642 68.8 -4.98097
      vertex 27.3819 68.8 -4.99524
    endloop
  endfacet
  facet normal 0 1 0
    outer loop
      vertex 28.2526 68.8 -4.95722
      vertex 28.4682 68.8 -4.92404
      vertex 35.9 68.8 -6.3
    endloop
  endfacet
  facet normal 0 1 0
    outer loop
      vertex 28.4682 68.8 -4.92404
      vertex 28.6822 68.8 -4.88148
      vertex 35.9 68.8 -6.3
    endloop
  endfacet
  facet normal 0 1 0
    outer loop
      vertex 35.9 68.8 -6.3
      vertex 28.6822 68.8 -4.88148
      vertex 28.8941 68.8 -4.82963
    endloop
  endfacet
  facet normal 0 1 0
    outer loop
      vertex 29.7131 68.8 -4.53154
      vertex 29.9087 68.8 -4.43505
      vertex 35.9 68.8 -6.3
    endloop
  endfacet
  facet normal 0 1 0
    outer loop
      vertex 29.9087 68.8 -4.43505
      vertex 30.1 68.8 -4.33013
      vertex 35.9 68.8 -6.3
    endloop
  endfacet
  facet normal 0 1 0
    outer loop
      vertex 35.9 68.8 -6.3
      vertex 30.1 68.8 -4.33013
      vertex 30.2865 68.8 -4.21696
    endloop
  endfacet
endsolid Mesh
