solid Mesh
  facet normal 0 0 -1
    outer loop
      vertex -124.14 24.3367 192.6
      vertex -124.103 24.3559 192.6
      vertex -123.673 23.4802 192.6
    endloop
  endfacet
  facet normal 0 0 -1
    outer loop
      vertex -123.555 23.4456 192.6
      vertex -123.471 24.5772 192.6
      vertex -123.427 23.4113 192.6
    endloop
  endfacet
  facet normal 0 0 -1
    outer loop
      vertex -123.471 24.5772 192.6
      vertex -123.334 24.6117 192.6
      vertex -123.427 23.4113 192.6
    endloop
  endfacet
  facet normal 0 0 -1
    outer loop
      vertex -123.427 23.4113 192.6
      vertex -123.334 24.6117 192.6
      vertex -123.297 23.3794 192.6
    endloop
  endfacet
  facet normal 0 0 -1
    outer loop
      vertex -123.334 24.6117 192.6
      vertex -123.195 24.6438 192.6
      vertex -123.297 23.3794 192.6
    endloop
  endfacet
  facet normal 0 0 -1
    outer loop
      vertex -123.297 23.3794 192.6
      vertex -123.195 24.6438 192.6
      vertex -123.155 23.3474 192.6
    endloop
  endfacet
  facet normal 0 0 -1
    outer loop
      vertex -123.195 24.6438 192.6
      vertex -123.044 24.6759 192.6
      vertex -123.155 23.3474 192.6
    endloop
  endfacet
  facet normal 0 0 -1
    outer loop
      vertex -123.155 23.3474 192.6
      vertex -123.044 24.6759 192.6
      vertex -123.012 23.3175 192.6
    endloop
  endfacet
  facet normal 0 0 -1
    outer loop
      vertex -123.044 24.6759 192.6
      vertex -122.89 24.706 192.6
      vertex -123.012 23.3175 192.6
    endloop
  endfacet
  facet normal 0 0 -1
    outer loop
      vertex -123.012 23.3175 192.6
      vertex -122.89 24.706 192.6
      vertex -122.857 23.288 192.6
    endloop
  endfacet
  facet normal 0 0 -1
    outer loop
      vertex -122.89 24.706 192.6
      vertex -122.724 24.7358 192.6
      vertex -122.857 23.288 192.6
    endloop
  endfacet
  facet normal 0 0 -1
    outer loop
      vertex -122.857 23.288 192.6
      vertex -122.724 24.7358 192.6
      vertex -122.701 23.2602 192.6
    endloop
  endfacet
  facet normal 0 0 -1
    outer loop
      vertex -122.724 24.7358 192.6
      vertex -122.555 24.7637 192.6
      vertex -122.701 23.2602 192.6
    endloop
  endfacet
  facet normal 0 0 -1
    outer loop
      vertex -122.701 23.2602 192.6
      vertex -122.555 24.7637 192.6
      vertex -122.534 23.2331 192.6
    endloop
  endfacet
  facet normal 0 0 -1
    outer loop
      vertex -122.555 24.7637 192.6
      vertex -122.382 24.7897 192.6
      vertex -122.534 23.2331 192.6
    endloop
  endfacet
  facet normal 0 0 -1
    outer loop
      vertex -122.534 23.2331 192.6
      vertex -122.382 24.7897 192.6
      vertex -122.365 23.2077 192.6
    endloop
  endfacet
  facet normal 0 0 -1
    outer loop
      vertex -122.382 24.7897 192.6
      vertex -122.225 24.8117 192.6
      vertex -122.365 23.2077 192.6
    endloop
  endfacet
  facet normal 0 0 -1
    outer loop
      vertex -122.365 23.2077 192.6
      vertex -122.225 24.8117 192.6
      vertex -122.225 23.1883 192.6
    endloop
  endfacet
  facet normal 0 0 -1
    outer loop
      vertex -122.225 24.8117 192.6
      vertex -112.65 24.8285 192.6
      vertex -122.225 23.1883 192.6
    endloop
  endfacet
  facet normal 0 0 -1
    outer loop
      vertex -122.225 23.1883 192.6
      vertex -112.65 24.8285 192.6
      vertex -112.653 23.1715 192.6
    endloop
  endfacet
  facet normal 0 0 -1
    outer loop
      vertex -124.314 24.2267 192.6
      vertex -124.106 23.6456 192.6
      vertex -124.144 23.6654 192.6
    endloop
  endfacet
  facet normal 0 0 -1
    outer loop
      vertex -124.14 24.3367 192.6
      vertex -123.673 23.4802 192.6
      vertex -124.178 24.3166 192.6
    endloop
  endfacet
  facet normal 0 0 -1
    outer loop
      vertex -123.824 24.4701 192.6
      vertex -123.715 24.5067 192.6
      vertex -123.555 23.4456 192.6
    endloop
  endfacet
  facet normal 0 0 -1
    outer loop
      vertex -123.715 24.5067 192.6
      vertex -123.597 24.5424 192.6
      vertex -123.555 23.4456 192.6
    endloop
  endfacet
  facet normal 0 0 -1
    outer loop
      vertex -123.555 23.4456 192.6
      vertex -123.597 24.5424 192.6
      vertex -123.471 24.5772 192.6
    endloop
  endfacet
  facet normal 0 0 -1
    outer loop
      vertex -124.314 24.2267 192.6
      vertex -123.783 23.5156 192.6
      vertex -123.885 23.5519 192.6
    endloop
  endfacet
  facet normal 0 0 -1
    outer loop
      vertex -123.885 23.5519 192.6
      vertex -123.98 23.589 192.6
      vertex -124.314 24.2267 192.6
    endloop
  endfacet
  facet normal 0 0 -1
    outer loop
      vertex -123.98 23.589 192.6
      vertex -124.066 23.6269 192.6
      vertex -124.314 24.2267 192.6
    endloop
  endfacet
  facet normal 0 0 -1
    outer loop
      vertex -124.314 24.2267 192.6
      vertex -124.066 23.6269 192.6
      vertex -124.106 23.6456 192.6
    endloop
  endfacet
  facet normal 0 0 -1
    outer loop
      vertex -124.144 23.6654 192.6
      vertex -124.179 23.6844 192.6
      vertex -124.314 24.2267 192.6
    endloop
  endfacet
  facet normal 0 0 -1
    outer loop
      vertex -124.179 23.6844 192.6
      vertex -124.214 23.7044 192.6
      vertex -124.314 24.2267 192.6
    endloop
  endfacet
  facet normal 0 0 -1
    outer loop
      vertex -124.314 24.2267 192.6
      vertex -124.214 23.7044 192.6
      vertex -124.245 23.7237 192.6
    endloop
  endfacet
  facet normal 0 0 -1
    outer loop
      vertex -124.36 24.1859 192.6
      vertex -124.35 24.1957 192.6
      vertex -124.349 23.8038 192.6
    endloop
  endfacet
  facet normal 0 0 -1
    outer loop
      vertex -124.35 24.1957 192.6
      vertex -124.338 24.2063 192.6
      vertex -124.349 23.8038 192.6
    endloop
  endfacet
  facet normal 0 0 -1
    outer loop
      vertex -124.349 23.8038 192.6
      vertex -124.338 24.2063 192.6
      vertex -124.338 23.7938 192.6
    endloop
  endfacet
  facet normal 0 0 -1
    outer loop
      vertex -124.338 24.2063 192.6
      vertex -124.326 24.2166 192.6
      vertex -124.338 23.7938 192.6
    endloop
  endfacet
  facet normal 0 0 -1
    outer loop
      vertex -124.338 23.7938 192.6
      vertex -124.326 24.2166 192.6
      vertex -124.327 23.7842 192.6
    endloop
  endfacet
  facet normal 0 0 -1
    outer loop
      vertex -124.326 24.2166 192.6
      vertex -124.314 24.2267 192.6
      vertex -124.327 23.7842 192.6
    endloop
  endfacet
  facet normal 0 0 -1
    outer loop
      vertex -124.327 23.7842 192.6
      vertex -124.314 24.2267 192.6
      vertex -124.314 23.7737 192.6
    endloop
  endfacet
  facet normal 0 0 -1
    outer loop
      vertex -124.273 24.2572 192.6
      vertex -124.244 24.2767 192.6
      vertex -123.673 23.4802 192.6
    endloop
  endfacet
  facet normal 0 0 -1
    outer loop
      vertex -124.244 24.2767 192.6
      vertex -124.211 24.2972 192.6
      vertex -123.673 23.4802 192.6
    endloop
  endfacet
  facet normal 0 0 -1
    outer loop
      vertex -123.673 23.4802 192.6
      vertex -124.211 24.2972 192.6
      vertex -124.178 24.3166 192.6
    endloop
  endfacet
  facet normal 0 0 -1
    outer loop
      vertex -124.245 23.7237 192.6
      vertex -124.275 23.7441 192.6
      vertex -124.314 24.2267 192.6
    endloop
  endfacet
  facet normal 0 0 -1
    outer loop
      vertex -124.275 23.7441 192.6
      vertex -124.301 23.7636 192.6
      vertex -124.314 24.2267 192.6
    endloop
  endfacet
  facet normal 0 0 -1
    outer loop
      vertex -124.314 24.2267 192.6
      vertex -124.301 23.7636 192.6
      vertex -124.314 23.7737 192.6
    endloop
  endfacet
  facet normal 0 0 -1
    outer loop
      vertex -123.783 23.5156 192.6
      vertex -124.314 24.2267 192.6
      vertex -123.673 23.4802 192.6
    endloop
  endfacet
  facet normal 0 0 -1
    outer loop
      vertex -124.314 24.2267 192.6
      vertex -124.301 24.2364 192.6
      vertex -123.673 23.4802 192.6
    endloop
  endfacet
  facet normal 0 0 -1
    outer loop
      vertex -123.673 23.4802 192.6
      vertex -124.301 24.2364 192.6
      vertex -124.273 24.2572 192.6
    endloop
  endfacet
  facet normal 0 0 -1
    outer loop
      vertex -124.103 24.3559 192.6
      vertex -124.061 24.3757 192.6
      vertex -123.673 23.4802 192.6
    endloop
  endfacet
  facet normal 0 0 -1
    outer loop
      vertex -124.061 24.3757 192.6
      vertex -124.018 24.3947 192.6
      vertex -123.673 23.4802 192.6
    endloop
  endfacet
  facet normal 0 0 -1
    outer loop
      vertex -123.673 23.4802 192.6
      vertex -124.018 24.3947 192.6
      vertex -123.555 23.4456 192.6
    endloop
  endfacet
  facet normal 0 0 -1
    outer loop
      vertex -124.018 24.3947 192.6
      vertex -123.926 24.4327 192.6
      vertex -123.555 23.4456 192.6
    endloop
  endfacet
  facet normal 0 0 -1
    outer loop
      vertex -123.555 23.4456 192.6
      vertex -123.926 24.4327 192.6
      vertex -123.824 24.4701 192.6
    endloop
  endfacet
  facet normal 0 0 -1
    outer loop
      vertex -124.349 23.8038 192.6
      vertex -124.36 23.8141 192.6
      vertex -124.36 24.1859 192.6
    endloop
  endfacet
  facet normal 0 0 -1
    outer loop
      vertex -124.36 23.8141 192.6
      vertex -124.37 23.8247 192.6
      vertex -124.36 24.1859 192.6
    endloop
  endfacet
  facet normal 0 0 -1
    outer loop
      vertex -124.36 24.1859 192.6
      vertex -124.37 23.8247 192.6
      vertex -124.37 24.1759 192.6
    endloop
  endfacet
  facet normal 0 0 -1
    outer loop
      vertex -124.37 23.8247 192.6
      vertex -124.379 23.8345 192.6
      vertex -124.37 24.1759 192.6
    endloop
  endfacet
  facet normal 0 0 -1
    outer loop
      vertex -124.37 24.1759 192.6
      vertex -124.379 23.8345 192.6
      vertex -124.379 24.1655 192.6
    endloop
  endfacet
  facet normal 0 0 -1
    outer loop
      vertex -124.379 23.8345 192.6
      vertex -124.388 23.8446 192.6
      vertex -124.379 24.1655 192.6
    endloop
  endfacet
  facet normal 0 0 -1
    outer loop
      vertex -124.379 24.1655 192.6
      vertex -124.388 23.8446 192.6
      vertex -124.389 24.1548 192.6
    endloop
  endfacet
  facet normal 0 0 -1
    outer loop
      vertex -124.441 24.0672 192.6
      vertex -124.439 24.0723 192.6
      vertex -124.446 23.9479 192.6
    endloop
  endfacet
  facet normal 0 0 -1
    outer loop
      vertex -124.388 23.8446 192.6
      vertex -124.397 23.8549 192.6
      vertex -124.389 24.1548 192.6
    endloop
  endfacet
  facet normal 0 0 -1
    outer loop
      vertex -124.397 23.8549 192.6
      vertex -124.405 23.8654 192.6
      vertex -124.389 24.1548 192.6
    endloop
  endfacet
  facet normal 0 0 -1
    outer loop
      vertex -124.389 24.1548 192.6
      vertex -124.405 23.8654 192.6
      vertex -124.412 23.8754 192.6
    endloop
  endfacet
  facet normal 0 0 -1
    outer loop
      vertex -124.404 24.1348 192.6
      vertex -124.397 24.1449 192.6
      vertex -124.43 23.9065 192.6
    endloop
  endfacet
  facet normal 0 0 -1
    outer loop
      vertex -124.397 24.1449 192.6
      vertex -124.389 24.1548 192.6
      vertex -124.43 23.9065 192.6
    endloop
  endfacet
  facet normal 0 0 -1
    outer loop
      vertex -124.43 23.9065 192.6
      vertex -124.389 24.1548 192.6
      vertex -124.424 23.8959 192.6
    endloop
  endfacet
  facet normal 0 0 -1
    outer loop
      vertex -124.389 24.1548 192.6
      vertex -124.412 23.8754 192.6
      vertex -124.424 23.8959 192.6
    endloop
  endfacet
  facet normal 0 0 -1
    outer loop
      vertex -124.441 24.0672 192.6
      vertex -124.446 23.9479 192.6
      vertex -124.446 24.0517 192.6
    endloop
  endfacet
  facet normal 0 0 -1
    outer loop
      vertex -124.424 24.1036 192.6
      vertex -124.419 24.1137 192.6
      vertex -124.43 23.9065 192.6
    endloop
  endfacet
  facet normal 0 0 -1
    outer loop
      vertex -124.419 24.1137 192.6
      vertex -124.412 24.1243 192.6
      vertex -124.43 23.9065 192.6
    endloop
  endfacet
  facet normal 0 0 -1
    outer loop
      vertex -124.43 23.9065 192.6
      vertex -124.412 24.1243 192.6
      vertex -124.404 24.1348 192.6
    endloop
  endfacet
  facet normal 0 0 -1
    outer loop
      vertex -124.432 23.9116 192.6
      vertex -124.439 23.9269 192.6
      vertex -124.439 24.0723 192.6
    endloop
  endfacet
  facet normal 0 0 -1
    outer loop
      vertex -124.439 23.9269 192.6
      vertex -124.444 23.9426 192.6
      vertex -124.439 24.0723 192.6
    endloop
  endfacet
  facet normal 0 0 -1
    outer loop
      vertex -124.439 24.0723 192.6
      vertex -124.444 23.9426 192.6
      vertex -124.446 23.9479 192.6
    endloop
  endfacet
  facet normal 0 0 -1
    outer loop
      vertex -124.432 23.9116 192.6
      vertex -124.439 24.0723 192.6
      vertex -124.43 23.9065 192.6
    endloop
  endfacet
  facet normal 0 0 -1
    outer loop
      vertex -124.439 24.0723 192.6
      vertex -124.435 24.0829 192.6
      vertex -124.43 23.9065 192.6
    endloop
  endfacet
  facet normal 0 0 -1
    outer loop
      vertex -124.43 23.9065 192.6
      vertex -124.435 24.0829 192.6
      vertex -124.424 24.1036 192.6
    endloop
  endfacet
  facet normal 0 0 -1
    outer loop
      vertex -124.453 23.9893 192.6
      vertex -124.453 24.005 192.6
      vertex -124.451 23.9735 192.6
    endloop
  endfacet
  facet normal 0 0 -1
    outer loop
      vertex -124.453 24.005 192.6
      vertex -124.452 24.0205 192.6
      vertex -124.451 23.9735 192.6
    endloop
  endfacet
  facet normal 0 0 -1
    outer loop
      vertex -124.451 23.9735 192.6
      vertex -124.452 24.0205 192.6
      vertex -124.449 23.9581 192.6
    endloop
  endfacet
  facet normal 0 0 -1
    outer loop
      vertex -124.452 24.0205 192.6
      vertex -124.451 24.0308 192.6
      vertex -124.449 23.9581 192.6
    endloop
  endfacet
  facet normal 0 0 -1
    outer loop
      vertex -124.449 23.9581 192.6
      vertex -124.451 24.0308 192.6
      vertex -124.446 23.9479 192.6
    endloop
  endfacet
  facet normal 0 0 -1
    outer loop
      vertex -124.451 24.0308 192.6
      vertex -124.45 24.036 192.6
      vertex -124.446 23.9479 192.6
    endloop
  endfacet
  facet normal 0 0 -1
    outer loop
      vertex -124.446 23.9479 192.6
      vertex -124.45 24.036 192.6
      vertex -124.446 24.0517 192.6
    endloop
  endfacet
  facet normal 0 0 1
    outer loop
      vertex -133.202 24.7741 190.6
      vertex -133.078 23.2074 190.6
      vertex -133.078 24.7926 190.6
    endloop
  endfacet
  facet normal 0 0 1
    outer loop
      vertex -133.078 23.2074 190.6
      vertex -112.653 23.1715 190.6
      vertex -133.078 24.7926 190.6
    endloop
  endfacet
  facet normal 0 0 1
    outer loop
      vertex -133.078 24.7926 190.6
      vertex -112.653 23.1715 190.6
      vertex -112.65 24.8285 190.6
    endloop
  endfacet
  facet normal 0 0 1
    outer loop
      vertex -134.262 24.5566 190.6
      vertex -134.248 23.4397 190.6
      vertex -134.13 24.5917 190.6
    endloop
  endfacet
  facet normal 0 0 1
    outer loop
      vertex -134.248 23.4397 190.6
      vertex -134.122 23.4062 190.6
      vertex -134.13 24.5917 190.6
    endloop
  endfacet
  facet normal 0 0 1
    outer loop
      vertex -134.13 24.5917 190.6
      vertex -134.122 23.4062 190.6
      vertex -133.996 24.6244 190.6
    endloop
  endfacet
  facet normal 0 0 1
    outer loop
      vertex -134.122 23.4062 190.6
      vertex -133.986 23.3733 190.6
      vertex -133.996 24.6244 190.6
    endloop
  endfacet
  facet normal 0 0 1
    outer loop
      vertex -133.996 24.6244 190.6
      vertex -133.986 23.3733 190.6
      vertex -133.849 24.6572 190.6
    endloop
  endfacet
  facet normal 0 0 1
    outer loop
      vertex -133.986 23.3733 190.6
      vertex -133.847 23.3425 190.6
      vertex -133.849 24.6572 190.6
    endloop
  endfacet
  facet normal 0 0 1
    outer loop
      vertex -133.849 24.6572 190.6
      vertex -133.847 23.3425 190.6
      vertex -133.699 24.6879 190.6
    endloop
  endfacet
  facet normal 0 0 1
    outer loop
      vertex -133.847 23.3425 190.6
      vertex -133.698 23.3119 190.6
      vertex -133.699 24.6879 190.6
    endloop
  endfacet
  facet normal 0 0 1
    outer loop
      vertex -133.699 24.6879 190.6
      vertex -133.698 23.3119 190.6
      vertex -133.537 24.7185 190.6
    endloop
  endfacet
  facet normal 0 0 1
    outer loop
      vertex -133.698 23.3119 190.6
      vertex -133.547 23.2833 190.6
      vertex -133.537 24.7185 190.6
    endloop
  endfacet
  facet normal 0 0 1
    outer loop
      vertex -133.537 24.7185 190.6
      vertex -133.547 23.2833 190.6
      vertex -133.371 24.7472 190.6
    endloop
  endfacet
  facet normal 0 0 1
    outer loop
      vertex -133.547 23.2833 190.6
      vertex -133.385 23.2551 190.6
      vertex -133.371 24.7472 190.6
    endloop
  endfacet
  facet normal 0 0 1
    outer loop
      vertex -133.371 24.7472 190.6
      vertex -133.385 23.2551 190.6
      vertex -133.202 24.7741 190.6
    endloop
  endfacet
  facet normal 0 0 1
    outer loop
      vertex -133.385 23.2551 190.6
      vertex -133.22 23.2286 190.6
      vertex -133.202 24.7741 190.6
    endloop
  endfacet
  facet normal 0 0 1
    outer loop
      vertex -133.202 24.7741 190.6
      vertex -133.22 23.2286 190.6
      vertex -133.078 23.2074 190.6
    endloop
  endfacet
  facet normal 0 0 1
    outer loop
      vertex -134.697 24.4101 190.6
      vertex -134.785 24.3716 190.6
      vertex -135.045 23.7868 190.6
    endloop
  endfacet
  facet normal 0 0 1
    outer loop
      vertex -134.785 24.3716 190.6
      vertex -134.824 24.3525 190.6
      vertex -135.045 23.7868 190.6
    endloop
  endfacet
  facet normal 0 0 1
    outer loop
      vertex -135.045 23.7868 190.6
      vertex -134.824 24.3525 190.6
      vertex -134.863 24.3325 190.6
    endloop
  endfacet
  facet normal 0 0 1
    outer loop
      vertex -134.583 23.5455 190.6
      vertex -134.479 23.5094 190.6
      vertex -134.262 24.5566 190.6
    endloop
  endfacet
  facet normal 0 0 1
    outer loop
      vertex -134.479 23.5094 190.6
      vertex -134.367 23.4741 190.6
      vertex -134.262 24.5566 190.6
    endloop
  endfacet
  facet normal 0 0 1
    outer loop
      vertex -134.262 24.5566 190.6
      vertex -134.367 23.4741 190.6
      vertex -134.248 23.4397 190.6
    endloop
  endfacet
  facet normal 0 0 1
    outer loop
      vertex -135.033 23.7771 190.6
      vertex -135.02 23.7667 190.6
      vertex -134.496 24.4849 190.6
    endloop
  endfacet
  facet normal 0 0 1
    outer loop
      vertex -135.02 23.7667 190.6
      vertex -135.007 23.7566 190.6
      vertex -134.496 24.4849 190.6
    endloop
  endfacet
  facet normal 0 0 1
    outer loop
      vertex -135.033 23.7771 190.6
      vertex -134.496 24.4849 190.6
      vertex -135.045 23.7868 190.6
    endloop
  endfacet
  facet normal 0 0 1
    outer loop
      vertex -134.496 24.4849 190.6
      vertex -134.601 24.4479 190.6
      vertex -135.045 23.7868 190.6
    endloop
  endfacet
  facet normal 0 0 1
    outer loop
      vertex -135.045 23.7868 190.6
      vertex -134.601 24.4479 190.6
      vertex -134.697 24.4101 190.6
    endloop
  endfacet
  facet normal 0 0 1
    outer loop
      vertex -135.034 24.2228 190.6
      vertex -135.046 24.2122 190.6
      vertex -135.045 23.7868 190.6
    endloop
  endfacet
  facet normal 0 0 1
    outer loop
      vertex -135.046 24.2122 190.6
      vertex -135.057 24.2024 190.6
      vertex -135.045 23.7868 190.6
    endloop
  endfacet
  facet normal 0 0 1
    outer loop
      vertex -135.045 23.7868 190.6
      vertex -135.057 24.2024 190.6
      vertex -135.056 23.7967 190.6
    endloop
  endfacet
  facet normal 0 0 1
    outer loop
      vertex -135.057 24.2024 190.6
      vertex -135.068 24.1923 190.6
      vertex -135.056 23.7967 190.6
    endloop
  endfacet
  facet normal 0 0 1
    outer loop
      vertex -135.056 23.7967 190.6
      vertex -135.068 24.1923 190.6
      vertex -135.068 23.807 190.6
    endloop
  endfacet
  facet normal 0 0 1
    outer loop
      vertex -134.496 24.4849 190.6
      vertex -134.917 23.6976 190.6
      vertex -134.383 24.5212 190.6
    endloop
  endfacet
  facet normal 0 0 1
    outer loop
      vertex -134.917 23.6976 190.6
      vertex -134.882 23.6776 190.6
      vertex -134.383 24.5212 190.6
    endloop
  endfacet
  facet normal 0 0 1
    outer loop
      vertex -134.383 24.5212 190.6
      vertex -134.882 23.6776 190.6
      vertex -134.846 23.6586 190.6
    endloop
  endfacet
  facet normal 0 0 1
    outer loop
      vertex -134.863 24.3325 190.6
      vertex -134.899 24.3132 190.6
      vertex -135.045 23.7868 190.6
    endloop
  endfacet
  facet normal 0 0 1
    outer loop
      vertex -134.899 24.3132 190.6
      vertex -134.933 24.2928 190.6
      vertex -135.045 23.7868 190.6
    endloop
  endfacet
  facet normal 0 0 1
    outer loop
      vertex -135.045 23.7868 190.6
      vertex -134.933 24.2928 190.6
      vertex -134.964 24.2734 190.6
    endloop
  endfacet
  facet normal 0 0 1
    outer loop
      vertex -135.007 23.7566 190.6
      vertex -134.98 23.7371 190.6
      vertex -134.496 24.4849 190.6
    endloop
  endfacet
  facet normal 0 0 1
    outer loop
      vertex -134.98 23.7371 190.6
      vertex -134.949 23.7168 190.6
      vertex -134.496 24.4849 190.6
    endloop
  endfacet
  facet normal 0 0 1
    outer loop
      vertex -134.496 24.4849 190.6
      vertex -134.949 23.7168 190.6
      vertex -134.917 23.6976 190.6
    endloop
  endfacet
  facet normal 0 0 1
    outer loop
      vertex -134.846 23.6586 190.6
      vertex -134.807 23.6389 190.6
      vertex -134.383 24.5212 190.6
    endloop
  endfacet
  facet normal 0 0 1
    outer loop
      vertex -134.807 23.6389 190.6
      vertex -134.767 23.6202 190.6
      vertex -134.383 24.5212 190.6
    endloop
  endfacet
  facet normal 0 0 1
    outer loop
      vertex -134.383 24.5212 190.6
      vertex -134.767 23.6202 190.6
      vertex -134.262 24.5566 190.6
    endloop
  endfacet
  facet normal 0 0 1
    outer loop
      vertex -134.767 23.6202 190.6
      vertex -134.679 23.5825 190.6
      vertex -134.262 24.5566 190.6
    endloop
  endfacet
  facet normal 0 0 1
    outer loop
      vertex -134.262 24.5566 190.6
      vertex -134.679 23.5825 190.6
      vertex -134.583 23.5455 190.6
    endloop
  endfacet
  facet normal 0 0 1
    outer loop
      vertex -134.964 24.2734 190.6
      vertex -134.994 24.2527 190.6
      vertex -135.045 23.7868 190.6
    endloop
  endfacet
  facet normal 0 0 1
    outer loop
      vertex -134.994 24.2527 190.6
      vertex -135.021 24.233 190.6
      vertex -135.045 23.7868 190.6
    endloop
  endfacet
  facet normal 0 0 1
    outer loop
      vertex -135.045 23.7868 190.6
      vertex -135.021 24.233 190.6
      vertex -135.034 24.2228 190.6
    endloop
  endfacet
  facet normal 0 0 1
    outer loop
      vertex -135.079 24.182 190.6
      vertex -135.088 23.8274 190.6
      vertex -135.068 24.1923 190.6
    endloop
  endfacet
  facet normal 0 0 1
    outer loop
      vertex -135.088 23.8274 190.6
      vertex -135.078 23.8176 190.6
      vertex -135.068 24.1923 190.6
    endloop
  endfacet
  facet normal 0 0 1
    outer loop
      vertex -135.068 24.1923 190.6
      vertex -135.078 23.8176 190.6
      vertex -135.068 23.807 190.6
    endloop
  endfacet
  facet normal 0 0 1
    outer loop
      vertex -135.079 24.182 190.6
      vertex -135.089 24.1713 190.6
      vertex -135.088 23.8274 190.6
    endloop
  endfacet
  facet normal 0 0 1
    outer loop
      vertex -135.089 24.1713 190.6
      vertex -135.098 24.1615 190.6
      vertex -135.088 23.8274 190.6
    endloop
  endfacet
  facet normal 0 0 1
    outer loop
      vertex -135.088 23.8274 190.6
      vertex -135.098 24.1615 190.6
      vertex -135.097 23.8375 190.6
    endloop
  endfacet
  facet normal 0 0 1
    outer loop
      vertex -135.106 23.8478 190.6
      vertex -135.097 23.8375 190.6
      vertex -135.147 24.0889 190.6
    endloop
  endfacet
  facet normal 0 0 1
    outer loop
      vertex -135.106 23.8478 190.6
      vertex -135.147 24.0889 190.6
      vertex -135.114 23.8583 190.6
    endloop
  endfacet
  facet normal 0 0 1
    outer loop
      vertex -135.098 24.1615 190.6
      vertex -135.106 24.1514 190.6
      vertex -135.097 23.8375 190.6
    endloop
  endfacet
  facet normal 0 0 1
    outer loop
      vertex -135.106 24.1514 190.6
      vertex -135.115 24.141 190.6
      vertex -135.097 23.8375 190.6
    endloop
  endfacet
  facet normal 0 0 1
    outer loop
      vertex -135.097 23.8375 190.6
      vertex -135.115 24.141 190.6
      vertex -135.123 24.1302 190.6
    endloop
  endfacet
  facet normal 0 0 1
    outer loop
      vertex -135.123 24.1302 190.6
      vertex -135.136 24.11 190.6
      vertex -135.097 23.8375 190.6
    endloop
  endfacet
  facet normal 0 0 1
    outer loop
      vertex -135.136 24.11 190.6
      vertex -135.144 24.0942 190.6
      vertex -135.097 23.8375 190.6
    endloop
  endfacet
  facet normal 0 0 1
    outer loop
      vertex -135.097 23.8375 190.6
      vertex -135.144 24.0942 190.6
      vertex -135.147 24.0889 190.6
    endloop
  endfacet
  facet normal 0 0 1
    outer loop
      vertex -135.157 24.0634 190.6
      vertex -135.162 23.9508 190.6
      vertex -135.152 24.0789 190.6
    endloop
  endfacet
  facet normal 0 0 1
    outer loop
      vertex -135.162 23.9508 190.6
      vertex -135.159 23.9406 190.6
      vertex -135.152 24.0789 190.6
    endloop
  endfacet
  facet normal 0 0 1
    outer loop
      vertex -135.152 24.0789 190.6
      vertex -135.159 23.9406 190.6
      vertex -135.147 24.0889 190.6
    endloop
  endfacet
  facet normal 0 0 1
    outer loop
      vertex -135.159 23.9406 190.6
      vertex -135.157 23.9353 190.6
      vertex -135.147 24.0889 190.6
    endloop
  endfacet
  facet normal 0 0 1
    outer loop
      vertex -135.147 24.0889 190.6
      vertex -135.157 23.9353 190.6
      vertex -135.151 23.9195 190.6
    endloop
  endfacet
  facet normal 0 0 1
    outer loop
      vertex -135.151 23.9195 190.6
      vertex -135.141 23.8994 190.6
      vertex -135.147 24.0889 190.6
    endloop
  endfacet
  facet normal 0 0 1
    outer loop
      vertex -135.141 23.8994 190.6
      vertex -135.128 23.8783 190.6
      vertex -135.147 24.0889 190.6
    endloop
  endfacet
  facet normal 0 0 1
    outer loop
      vertex -135.147 24.0889 190.6
      vertex -135.128 23.8783 190.6
      vertex -135.114 23.8583 190.6
    endloop
  endfacet
  facet normal 0 0 1
    outer loop
      vertex -135.157 24.0634 190.6
      vertex -135.162 24.0475 190.6
      vertex -135.162 23.9508 190.6
    endloop
  endfacet
  facet normal 0 0 1
    outer loop
      vertex -135.162 24.0475 190.6
      vertex -135.165 24.032 190.6
      vertex -135.162 23.9508 190.6
    endloop
  endfacet
  facet normal 0 0 1
    outer loop
      vertex -135.162 23.9508 190.6
      vertex -135.165 24.032 190.6
      vertex -135.165 23.9663 190.6
    endloop
  endfacet
  facet normal 0 0 1
    outer loop
      vertex -135.165 24.032 190.6
      vertex -135.168 24.0165 190.6
      vertex -135.165 23.9663 190.6
    endloop
  endfacet
  facet normal 0 0 1
    outer loop
      vertex -135.165 23.9663 190.6
      vertex -135.168 24.0165 190.6
      vertex -135.167 23.9821 190.6
    endloop
  endfacet
  facet normal 0 0 1
    outer loop
      vertex -135.168 24.0165 190.6
      vertex -135.168 24 190.6
      vertex -135.167 23.9821 190.6
    endloop
  endfacet
  facet normal -0.999998 0.00176252 0
    outer loop
      vertex -112.653 23.1715 192.6
      vertex -112.65 24.8285 192.6
      vertex -112.653 23.1715 190.6
    endloop
  endfacet
  facet normal -0.999998 0.00176252 0
    outer loop
      vertex -112.65 24.8285 192.6
      vertex -112.65 24.8285 190.6
      vertex -112.653 23.1715 190.6
    endloop
  endfacet
  facet normal -0.0218583 0 0.999761
    outer loop
      vertex -1.30104e-15 25 174.647
      vertex -1.30104e-15 23 174.647
      vertex 0.0545242 25 174.648
    endloop
  endfacet
  facet normal -0.0218583 0 0.999761
    outer loop
      vertex -1.30104e-15 23 174.647
      vertex 0.0545242 23 174.648
      vertex 0.0545242 25 174.648
    endloop
  endfacet
  facet normal -0.0655743 0 0.997848
    outer loop
      vertex 0.0545242 25 174.648
      vertex 0.0545242 23 174.648
      vertex 0.108945 25 174.652
    endloop
  endfacet
  facet normal -0.0655743 0 0.997848
    outer loop
      vertex 0.0545242 23 174.648
      vertex 0.108945 23 174.652
      vertex 0.108945 25 174.652
    endloop
  endfacet
  facet normal -0.108747 0 0.994069
    outer loop
      vertex 0.108945 25 174.652
      vertex 0.108945 23 174.652
      vertex 0.163158 25 174.658
    endloop
  endfacet
  facet normal -0.108747 0 0.994069
    outer loop
      vertex 0.108945 23 174.652
      vertex 0.163158 23 174.658
      vertex 0.163158 25 174.658
    endloop
  endfacet
  facet normal -0.152187 0 0.988352
    outer loop
      vertex 0.163158 25 174.658
      vertex 0.163158 23 174.658
      vertex 0.21706 25 174.666
    endloop
  endfacet
  facet normal -0.152187 0 0.988352
    outer loop
      vertex 0.163158 23 174.658
      vertex 0.21706 23 174.666
      vertex 0.21706 25 174.666
    endloop
  endfacet
  facet normal -0.195086 0 0.980786
    outer loop
      vertex 0.21706 25 174.666
      vertex 0.21706 23 174.666
      vertex 0.27055 25 174.677
    endloop
  endfacet
  facet normal -0.195086 0 0.980786
    outer loop
      vertex 0.21706 23 174.666
      vertex 0.27055 23 174.677
      vertex 0.27055 25 174.677
    endloop
  endfacet
  facet normal -0.237708 0 0.971337
    outer loop
      vertex 0.27055 25 174.677
      vertex 0.27055 23 174.677
      vertex 0.323524 25 174.69
    endloop
  endfacet
  facet normal -0.237708 0 0.971337
    outer loop
      vertex 0.27055 23 174.677
      vertex 0.323524 23 174.69
      vertex 0.323524 25 174.69
    endloop
  endfacet
  facet normal -0.27979 0 0.960061
    outer loop
      vertex 0.323524 25 174.69
      vertex 0.323524 23 174.69
      vertex 0.375882 25 174.705
    endloop
  endfacet
  facet normal -0.27979 0 0.960061
    outer loop
      vertex 0.323524 23 174.69
      vertex 0.375882 23 174.705
      vertex 0.375882 25 174.705
    endloop
  endfacet
  facet normal -0.32133 0 0.946967
    outer loop
      vertex 0.375882 25 174.705
      vertex 0.375882 23 174.705
      vertex 0.427525 25 174.722
    endloop
  endfacet
  facet normal -0.32133 0 0.946967
    outer loop
      vertex 0.375882 23 174.705
      vertex 0.427525 23 174.722
      vertex 0.427525 25 174.722
    endloop
  endfacet
  facet normal -0.362557 0 0.931962
    outer loop
      vertex 0.427525 25 174.722
      vertex 0.427525 23 174.722
      vertex 0.478354 25 174.742
    endloop
  endfacet
  facet normal -0.362557 0 0.931962
    outer loop
      vertex 0.427525 23 174.722
      vertex 0.478354 23 174.742
      vertex 0.478354 25 174.742
    endloop
  endfacet
  facet normal -0.402741 0 0.915314
    outer loop
      vertex 0.478354 25 174.742
      vertex 0.478354 23 174.742
      vertex 0.528273 25 174.764
    endloop
  endfacet
  facet normal -0.402741 0 0.915314
    outer loop
      vertex 0.478354 23 174.742
      vertex 0.528273 23 174.764
      vertex 0.528273 25 174.764
    endloop
  endfacet
  facet normal -0.442345 0 0.896845
    outer loop
      vertex 0.528273 25 174.764
      vertex 0.528273 23 174.764
      vertex 0.577186 25 174.788
    endloop
  endfacet
  facet normal -0.442345 0 0.896845
    outer loop
      vertex 0.528273 23 174.764
      vertex 0.577186 23 174.788
      vertex 0.577186 25 174.788
    endloop
  endfacet
  facet normal -0.480908 0 0.876771
    outer loop
      vertex 0.577186 25 174.788
      vertex 0.577186 23 174.788
      vertex 0.625 25 174.814
    endloop
  endfacet
  facet normal -0.480908 0 0.876771
    outer loop
      vertex 0.577186 23 174.788
      vertex 0.625 23 174.814
      vertex 0.625 25 174.814
    endloop
  endfacet
  facet normal -0.518838 0 0.854872
    outer loop
      vertex 0.625 25 174.814
      vertex 0.625 23 174.814
      vertex 0.671624 25 174.843
    endloop
  endfacet
  facet normal -0.518838 0 0.854872
    outer loop
      vertex 0.625 23 174.814
      vertex 0.671624 23 174.843
      vertex 0.671624 25 174.843
    endloop
  endfacet
  facet normal -0.555504 0 0.831514
    outer loop
      vertex 0.671624 25 174.843
      vertex 0.671624 23 174.843
      vertex 0.716971 25 174.873
    endloop
  endfacet
  facet normal -0.555504 0 0.831514
    outer loop
      vertex 0.671624 23 174.843
      vertex 0.716971 23 174.873
      vertex 0.716971 25 174.873
    endloop
  endfacet
  facet normal -0.591283 0 0.806464
    outer loop
      vertex 0.716971 25 174.873
      vertex 0.716971 23 174.873
      vertex 0.760952 25 174.905
    endloop
  endfacet
  facet normal -0.591283 0 0.806464
    outer loop
      vertex 0.716971 23 174.873
      vertex 0.760952 23 174.905
      vertex 0.760952 25 174.905
    endloop
  endfacet
  facet normal -0.62595 0 0.779863
    outer loop
      vertex 0.760952 25 174.905
      vertex 0.760952 23 174.905
      vertex 0.803485 25 174.939
    endloop
  endfacet
  facet normal -0.62595 0 0.779863
    outer loop
      vertex 0.760952 23 174.905
      vertex 0.803485 23 174.939
      vertex 0.803485 25 174.939
    endloop
  endfacet
  facet normal -0.659321 0 0.751861
    outer loop
      vertex 0.803485 25 174.939
      vertex 0.803485 23 174.939
      vertex 0.844488 25 174.975
    endloop
  endfacet
  facet normal -0.659321 0 0.751861
    outer loop
      vertex 0.803485 23 174.939
      vertex 0.844488 23 174.975
      vertex 0.844488 25 174.975
    endloop
  endfacet
  facet normal -0.691529 0 0.722349
    outer loop
      vertex 0.844488 25 174.975
      vertex 0.844488 23 174.975
      vertex 0.883883 25 175.013
    endloop
  endfacet
  facet normal -0.691529 0 0.722349
    outer loop
      vertex 0.844488 23 174.975
      vertex 0.883883 23 175.013
      vertex 0.883883 25 175.013
    endloop
  endfacet
  facet normal -0.72239 0 0.691486
    outer loop
      vertex 0.883883 25 175.013
      vertex 0.883883 23 175.013
      vertex 0.921597 25 175.053
    endloop
  endfacet
  facet normal -0.72239 0 0.691486
    outer loop
      vertex 0.883883 23 175.013
      vertex 0.921597 23 175.053
      vertex 0.921597 25 175.053
    endloop
  endfacet
  facet normal -0.751878 0 0.659303
    outer loop
      vertex 0.921597 25 175.053
      vertex 0.921597 23 175.053
      vertex 0.957556 25 175.094
    endloop
  endfacet
  facet normal -0.751878 0 0.659303
    outer loop
      vertex 0.921597 23 175.053
      vertex 0.957556 23 175.094
      vertex 0.957556 25 175.094
    endloop
  endfacet
  facet normal -0.779849 0 0.625967
    outer loop
      vertex 0.957556 25 175.094
      vertex 0.957556 23 175.094
      vertex 0.991692 25 175.136
    endloop
  endfacet
  facet normal -0.779849 0 0.625967
    outer loop
      vertex 0.957556 23 175.094
      vertex 0.991692 23 175.136
      vertex 0.991692 25 175.136
    endloop
  endfacet
  facet normal -0.806394 0 0.591378
    outer loop
      vertex 0.991692 25 175.136
      vertex 0.991692 23 175.136
      vertex 1.02394 25 175.18
    endloop
  endfacet
  facet normal -0.806394 0 0.591378
    outer loop
      vertex 0.991692 23 175.136
      vertex 1.02394 23 175.18
      vertex 1.02394 25 175.18
    endloop
  endfacet
  facet normal -0.831543 0 0.55546
    outer loop
      vertex 1.02394 25 175.18
      vertex 1.02394 23 175.18
      vertex 1.05424 25 175.225
    endloop
  endfacet
  facet normal -0.831543 0 0.55546
    outer loop
      vertex 1.02394 23 175.18
      vertex 1.05424 23 175.225
      vertex 1.05424 25 175.225
    endloop
  endfacet
  facet normal -0.854845 0 0.518884
    outer loop
      vertex 1.05424 25 175.225
      vertex 1.05424 23 175.225
      vertex 1.08253 25 175.272
    endloop
  endfacet
  facet normal -0.854845 0 0.518884
    outer loop
      vertex 1.05424 23 175.225
      vertex 1.08253 23 175.272
      vertex 1.08253 25 175.272
    endloop
  endfacet
  facet normal -0.876742 0 0.48096
    outer loop
      vertex 1.08253 25 175.272
      vertex 1.08253 23 175.272
      vertex 1.10876 25 175.32
    endloop
  endfacet
  facet normal -0.876742 0 0.48096
    outer loop
      vertex 1.08253 23 175.272
      vertex 1.10876 23 175.32
      vertex 1.10876 25 175.32
    endloop
  endfacet
  facet normal -0.896899 0 0.442235
    outer loop
      vertex 1.10876 25 175.32
      vertex 1.10876 23 175.32
      vertex 1.13288 25 175.369
    endloop
  endfacet
  facet normal -0.896899 0 0.442235
    outer loop
      vertex 1.10876 23 175.32
      vertex 1.13288 23 175.369
      vertex 1.13288 25 175.369
    endloop
  endfacet
  facet normal -0.915313 0 0.402744
    outer loop
      vertex 1.13288 25 175.369
      vertex 1.13288 23 175.369
      vertex 1.15485 25 175.419
    endloop
  endfacet
  facet normal -0.915313 0 0.402744
    outer loop
      vertex 1.13288 23 175.369
      vertex 1.15485 23 175.419
      vertex 1.15485 25 175.419
    endloop
  endfacet
  facet normal -0.932005 0 0.362446
    outer loop
      vertex 1.15485 25 175.419
      vertex 1.15485 23 175.419
      vertex 1.17462 25 175.47
    endloop
  endfacet
  facet normal -0.932005 0 0.362446
    outer loop
      vertex 1.15485 23 175.419
      vertex 1.17462 23 175.47
      vertex 1.17462 25 175.47
    endloop
  endfacet
  facet normal -0.94691 0 0.321497
    outer loop
      vertex 1.17462 25 175.47
      vertex 1.17462 23 175.47
      vertex 1.19215 25 175.521
    endloop
  endfacet
  facet normal -0.94691 0 0.321497
    outer loop
      vertex 1.17462 23 175.47
      vertex 1.19215 23 175.521
      vertex 1.19215 25 175.521
    endloop
  endfacet
  facet normal -0.960056 0 0.279809
    outer loop
      vertex 1.19215 25 175.521
      vertex 1.19215 23 175.521
      vertex 1.20741 25 175.573
    endloop
  endfacet
  facet normal -0.960056 0 0.279809
    outer loop
      vertex 1.19215 23 175.521
      vertex 1.20741 23 175.573
      vertex 1.20741 25 175.573
    endloop
  endfacet
  facet normal -0.971341 0 0.237689
    outer loop
      vertex 1.20741 25 175.573
      vertex 1.20741 23 175.573
      vertex 1.22037 25 175.626
    endloop
  endfacet
  facet normal -0.971341 0 0.237689
    outer loop
      vertex 1.20741 23 175.573
      vertex 1.22037 23 175.626
      vertex 1.22037 25 175.626
    endloop
  endfacet
  facet normal -0.980789 0 0.195069
    outer loop
      vertex 1.22037 25 175.626
      vertex 1.22037 23 175.626
      vertex 1.23101 25 175.68
    endloop
  endfacet
  facet normal -0.980789 0 0.195069
    outer loop
      vertex 1.22037 23 175.626
      vertex 1.23101 23 175.68
      vertex 1.23101 25 175.68
    endloop
  endfacet
  facet normal -0.98836 0 0.152136
    outer loop
      vertex 1.23101 25 175.68
      vertex 1.23101 23 175.68
      vertex 1.23931 25 175.734
    endloop
  endfacet
  facet normal -0.98836 0 0.152136
    outer loop
      vertex 1.23101 23 175.68
      vertex 1.23931 23 175.734
      vertex 1.23931 25 175.734
    endloop
  endfacet
  facet normal -0.994056 0 0.108872
    outer loop
      vertex 1.23931 25 175.734
      vertex 1.23931 23 175.734
      vertex 1.24524 25 175.788
    endloop
  endfacet
  facet normal -0.994056 0 0.108872
    outer loop
      vertex 1.23931 23 175.734
      vertex 1.24524 23 175.788
      vertex 1.24524 25 175.788
    endloop
  endfacet
  facet normal -0.997859 0 0.0654059
    outer loop
      vertex 1.24524 25 175.788
      vertex 1.24524 23 175.788
      vertex 1.24881 25 175.842
    endloop
  endfacet
  facet normal -0.997859 0 0.0654059
    outer loop
      vertex 1.24524 23 175.788
      vertex 1.24881 23 175.842
      vertex 1.24881 25 175.842
    endloop
  endfacet
  facet normal -0.999762 0 0.0218079
    outer loop
      vertex 1.24881 25 175.842
      vertex 1.24881 23 175.842
      vertex 1.25 25 175.897
    endloop
  endfacet
  facet normal -0.999762 0 0.0218079
    outer loop
      vertex 1.24881 23 175.842
      vertex 1.25 23 175.897
      vertex 1.25 25 175.897
    endloop
  endfacet
  facet normal -0.999762 0 -0.0218139
    outer loop
      vertex 1.25 25 175.897
      vertex 1.25 23 175.897
      vertex 1.24881 25 175.952
    endloop
  endfacet
  facet normal -0.999762 0 -0.0218139
    outer loop
      vertex 1.25 23 175.897
      vertex 1.24881 23 175.952
      vertex 1.24881 25 175.952
    endloop
  endfacet
  facet normal -0.997859 0 -0.0654059
    outer loop
      vertex 1.24881 25 175.952
      vertex 1.24881 23 175.952
      vertex 1.24524 25 176.006
    endloop
  endfacet
  facet normal -0.997859 0 -0.0654059
    outer loop
      vertex 1.24881 23 175.952
      vertex 1.24524 23 176.006
      vertex 1.24524 25 176.006
    endloop
  endfacet
  facet normal -0.994056 0 -0.108872
    outer loop
      vertex 1.24524 25 176.006
      vertex 1.24524 23 176.006
      vertex 1.23931 25 176.06
    endloop
  endfacet
  facet normal -0.994056 0 -0.108872
    outer loop
      vertex 1.24524 23 176.006
      vertex 1.23931 23 176.06
      vertex 1.23931 25 176.06
    endloop
  endfacet
  facet normal -0.98836 0 -0.152136
    outer loop
      vertex 1.23931 25 176.06
      vertex 1.23931 23 176.06
      vertex 1.23101 25 176.114
    endloop
  endfacet
  facet normal -0.98836 0 -0.152136
    outer loop
      vertex 1.23931 23 176.06
      vertex 1.23101 23 176.114
      vertex 1.23101 25 176.114
    endloop
  endfacet
  facet normal -0.980789 0 -0.195069
    outer loop
      vertex 1.23101 25 176.114
      vertex 1.23101 23 176.114
      vertex 1.22037 25 176.168
    endloop
  endfacet
  facet normal -0.980789 0 -0.195069
    outer loop
      vertex 1.23101 23 176.114
      vertex 1.22037 23 176.168
      vertex 1.22037 25 176.168
    endloop
  endfacet
  facet normal -0.971341 0 -0.237689
    outer loop
      vertex 1.22037 25 176.168
      vertex 1.22037 23 176.168
      vertex 1.20741 25 176.221
    endloop
  endfacet
  facet normal -0.971341 0 -0.237689
    outer loop
      vertex 1.22037 23 176.168
      vertex 1.20741 23 176.221
      vertex 1.20741 25 176.221
    endloop
  endfacet
  facet normal -0.960056 0 -0.279809
    outer loop
      vertex 1.20741 25 176.221
      vertex 1.20741 23 176.221
      vertex 1.19215 25 176.273
    endloop
  endfacet
  facet normal -0.960056 0 -0.279809
    outer loop
      vertex 1.20741 23 176.221
      vertex 1.19215 23 176.273
      vertex 1.19215 25 176.273
    endloop
  endfacet
  facet normal -0.94691 0 -0.321497
    outer loop
      vertex 1.19215 25 176.273
      vertex 1.19215 23 176.273
      vertex 1.17462 25 176.325
    endloop
  endfacet
  facet normal -0.94691 0 -0.321497
    outer loop
      vertex 1.19215 23 176.273
      vertex 1.17462 23 176.325
      vertex 1.17462 25 176.325
    endloop
  endfacet
  facet normal -0.932005 0 -0.362446
    outer loop
      vertex 1.17462 25 176.325
      vertex 1.17462 23 176.325
      vertex 1.15485 25 176.375
    endloop
  endfacet
  facet normal -0.932005 0 -0.362446
    outer loop
      vertex 1.17462 23 176.325
      vertex 1.15485 23 176.375
      vertex 1.15485 25 176.375
    endloop
  endfacet
  facet normal -0.915313 0 -0.402744
    outer loop
      vertex 1.15485 25 176.375
      vertex 1.15485 23 176.375
      vertex 1.13288 25 176.425
    endloop
  endfacet
  facet normal -0.915313 0 -0.402744
    outer loop
      vertex 1.15485 23 176.375
      vertex 1.13288 23 176.425
      vertex 1.13288 25 176.425
    endloop
  endfacet
  facet normal -0.896899 0 -0.442235
    outer loop
      vertex 1.13288 25 176.425
      vertex 1.13288 23 176.425
      vertex 1.10876 25 176.474
    endloop
  endfacet
  facet normal -0.896899 0 -0.442235
    outer loop
      vertex 1.13288 23 176.425
      vertex 1.10876 23 176.474
      vertex 1.10876 25 176.474
    endloop
  endfacet
  facet normal -0.876742 0 -0.48096
    outer loop
      vertex 1.10876 25 176.474
      vertex 1.10876 23 176.474
      vertex 1.08253 25 176.522
    endloop
  endfacet
  facet normal -0.876742 0 -0.48096
    outer loop
      vertex 1.10876 23 176.474
      vertex 1.08253 23 176.522
      vertex 1.08253 25 176.522
    endloop
  endfacet
  facet normal -0.854845 0 -0.518884
    outer loop
      vertex 1.08253 25 176.522
      vertex 1.08253 23 176.522
      vertex 1.05424 25 176.569
    endloop
  endfacet
  facet normal -0.854845 0 -0.518884
    outer loop
      vertex 1.08253 23 176.522
      vertex 1.05424 23 176.569
      vertex 1.05424 25 176.569
    endloop
  endfacet
  facet normal -0.831543 0 -0.55546
    outer loop
      vertex 1.05424 25 176.569
      vertex 1.05424 23 176.569
      vertex 1.02394 25 176.614
    endloop
  endfacet
  facet normal -0.831543 0 -0.55546
    outer loop
      vertex 1.05424 23 176.569
      vertex 1.02394 23 176.614
      vertex 1.02394 25 176.614
    endloop
  endfacet
  facet normal -0.806394 0 -0.591378
    outer loop
      vertex 1.02394 25 176.614
      vertex 1.02394 23 176.614
      vertex 0.991692 25 176.658
    endloop
  endfacet
  facet normal -0.806394 0 -0.591378
    outer loop
      vertex 1.02394 23 176.614
      vertex 0.991692 23 176.658
      vertex 0.991692 25 176.658
    endloop
  endfacet
  facet normal -0.779849 0 -0.625967
    outer loop
      vertex 0.991692 25 176.658
      vertex 0.991692 23 176.658
      vertex 0.957556 25 176.701
    endloop
  endfacet
  facet normal -0.779849 0 -0.625967
    outer loop
      vertex 0.991692 23 176.658
      vertex 0.957556 23 176.701
      vertex 0.957556 25 176.701
    endloop
  endfacet
  facet normal -0.751878 0 -0.659303
    outer loop
      vertex 0.957556 25 176.701
      vertex 0.957556 23 176.701
      vertex 0.921597 25 176.742
    endloop
  endfacet
  facet normal -0.751878 0 -0.659303
    outer loop
      vertex 0.957556 23 176.701
      vertex 0.921597 23 176.742
      vertex 0.921597 25 176.742
    endloop
  endfacet
  facet normal -0.72239 0 -0.691486
    outer loop
      vertex 0.921597 25 176.742
      vertex 0.921597 23 176.742
      vertex 0.883883 25 176.781
    endloop
  endfacet
  facet normal -0.72239 0 -0.691486
    outer loop
      vertex 0.921597 23 176.742
      vertex 0.883883 23 176.781
      vertex 0.883883 25 176.781
    endloop
  endfacet
  facet normal -0.691529 0 -0.722349
    outer loop
      vertex 0.883883 25 176.781
      vertex 0.883883 23 176.781
      vertex 0.844488 25 176.819
    endloop
  endfacet
  facet normal -0.691529 0 -0.722349
    outer loop
      vertex 0.883883 23 176.781
      vertex 0.844488 23 176.819
      vertex 0.844488 25 176.819
    endloop
  endfacet
  facet normal -0.659321 0 -0.751861
    outer loop
      vertex 0.844488 25 176.819
      vertex 0.844488 23 176.819
      vertex 0.803485 25 176.855
    endloop
  endfacet
  facet normal -0.659321 0 -0.751861
    outer loop
      vertex 0.844488 23 176.819
      vertex 0.803485 23 176.855
      vertex 0.803485 25 176.855
    endloop
  endfacet
  facet normal -0.62595 0 -0.779863
    outer loop
      vertex 0.803485 25 176.855
      vertex 0.803485 23 176.855
      vertex 0.760952 25 176.889
    endloop
  endfacet
  facet normal -0.62595 0 -0.779863
    outer loop
      vertex 0.803485 23 176.855
      vertex 0.760952 23 176.889
      vertex 0.760952 25 176.889
    endloop
  endfacet
  facet normal -0.591283 0 -0.806464
    outer loop
      vertex 0.760952 25 176.889
      vertex 0.760952 23 176.889
      vertex 0.716971 25 176.921
    endloop
  endfacet
  facet normal -0.591283 0 -0.806464
    outer loop
      vertex 0.760952 23 176.889
      vertex 0.716971 23 176.921
      vertex 0.716971 25 176.921
    endloop
  endfacet
  facet normal -0.555504 0 -0.831514
    outer loop
      vertex 0.716971 25 176.921
      vertex 0.716971 23 176.921
      vertex 0.671624 25 176.951
    endloop
  endfacet
  facet normal -0.555504 0 -0.831514
    outer loop
      vertex 0.716971 23 176.921
      vertex 0.671624 23 176.951
      vertex 0.671624 25 176.951
    endloop
  endfacet
  facet normal -0.518838 0 -0.854872
    outer loop
      vertex 0.671624 25 176.951
      vertex 0.671624 23 176.951
      vertex 0.625 25 176.98
    endloop
  endfacet
  facet normal -0.518838 0 -0.854872
    outer loop
      vertex 0.671624 23 176.951
      vertex 0.625 23 176.98
      vertex 0.625 25 176.98
    endloop
  endfacet
  facet normal -0.480908 0 -0.876771
    outer loop
      vertex 0.625 25 176.98
      vertex 0.625 23 176.98
      vertex 0.577186 25 177.006
    endloop
  endfacet
  facet normal -0.480908 0 -0.876771
    outer loop
      vertex 0.625 23 176.98
      vertex 0.577186 23 177.006
      vertex 0.577186 25 177.006
    endloop
  endfacet
  facet normal -0.442345 0 -0.896845
    outer loop
      vertex 0.577186 25 177.006
      vertex 0.577186 23 177.006
      vertex 0.528273 25 177.03
    endloop
  endfacet
  facet normal -0.442345 0 -0.896845
    outer loop
      vertex 0.577186 23 177.006
      vertex 0.528273 23 177.03
      vertex 0.528273 25 177.03
    endloop
  endfacet
  facet normal -0.402741 0 -0.915314
    outer loop
      vertex 0.528273 25 177.03
      vertex 0.528273 23 177.03
      vertex 0.478354 25 177.052
    endloop
  endfacet
  facet normal -0.402741 0 -0.915314
    outer loop
      vertex 0.528273 23 177.03
      vertex 0.478354 23 177.052
      vertex 0.478354 25 177.052
    endloop
  endfacet
  facet normal -0.362557 0 -0.931962
    outer loop
      vertex 0.478354 25 177.052
      vertex 0.478354 23 177.052
      vertex 0.427525 25 177.072
    endloop
  endfacet
  facet normal -0.362557 0 -0.931962
    outer loop
      vertex 0.478354 23 177.052
      vertex 0.427525 23 177.072
      vertex 0.427525 25 177.072
    endloop
  endfacet
  facet normal -0.32133 0 -0.946967
    outer loop
      vertex 0.427525 25 177.072
      vertex 0.427525 23 177.072
      vertex 0.375882 25 177.089
    endloop
  endfacet
  facet normal -0.32133 0 -0.946967
    outer loop
      vertex 0.427525 23 177.072
      vertex 0.375882 23 177.089
      vertex 0.375882 25 177.089
    endloop
  endfacet
  facet normal -0.27979 0 -0.960061
    outer loop
      vertex 0.375882 25 177.089
      vertex 0.375882 23 177.089
      vertex 0.323524 25 177.104
    endloop
  endfacet
  facet normal -0.27979 0 -0.960061
    outer loop
      vertex 0.375882 23 177.089
      vertex 0.323524 23 177.104
      vertex 0.323524 25 177.104
    endloop
  endfacet
  facet normal -0.237708 0 -0.971337
    outer loop
      vertex 0.323524 25 177.104
      vertex 0.323524 23 177.104
      vertex 0.27055 25 177.117
    endloop
  endfacet
  facet normal -0.237708 0 -0.971337
    outer loop
      vertex 0.323524 23 177.104
      vertex 0.27055 23 177.117
      vertex 0.27055 25 177.117
    endloop
  endfacet
  facet normal -0.195086 0 -0.980786
    outer loop
      vertex 0.27055 25 177.117
      vertex 0.27055 23 177.117
      vertex 0.21706 25 177.128
    endloop
  endfacet
  facet normal -0.195086 0 -0.980786
    outer loop
      vertex 0.27055 23 177.117
      vertex 0.21706 23 177.128
      vertex 0.21706 25 177.128
    endloop
  endfacet
  facet normal -0.152187 0 -0.988352
    outer loop
      vertex 0.21706 25 177.128
      vertex 0.21706 23 177.128
      vertex 0.163158 25 177.136
    endloop
  endfacet
  facet normal -0.152187 0 -0.988352
    outer loop
      vertex 0.21706 23 177.128
      vertex 0.163158 23 177.136
      vertex 0.163158 25 177.136
    endloop
  endfacet
  facet normal -0.108747 0 -0.994069
    outer loop
      vertex 0.163158 25 177.136
      vertex 0.163158 23 177.136
      vertex 0.108945 25 177.142
    endloop
  endfacet
  facet normal -0.108747 0 -0.994069
    outer loop
      vertex 0.163158 23 177.136
      vertex 0.108945 23 177.142
      vertex 0.108945 25 177.142
    endloop
  endfacet
  facet normal -0.0655743 0 -0.997848
    outer loop
      vertex 0.108945 25 177.142
      vertex 0.108945 23 177.142
      vertex 0.0545242 25 177.146
    endloop
  endfacet
  facet normal -0.0655743 0 -0.997848
    outer loop
      vertex 0.108945 23 177.142
      vertex 0.0545242 23 177.146
      vertex 0.0545242 25 177.146
    endloop
  endfacet
  facet normal -0.0218583 0 -0.999761
    outer loop
      vertex 0.0545242 25 177.146
      vertex 0.0545242 23 177.146
      vertex -1.14796e-15 25 177.147
    endloop
  endfacet
  facet normal -0.0218583 -3.31784e-18 -0.999761
    outer loop
      vertex 0.0545242 23 177.146
      vertex -8.418e-16 23 177.147
      vertex -1.14796e-15 25 177.147
    endloop
  endfacet
  facet normal 0.0218583 3.34609e-18 -0.999761
    outer loop
      vertex -1.14796e-15 25 177.147
      vertex -8.418e-16 23 177.147
      vertex -0.0545242 25 177.146
    endloop
  endfacet
  facet normal 0.0218583 0 -0.999761
    outer loop
      vertex -8.418e-16 23 177.147
      vertex -0.0545242 23 177.146
      vertex -0.0545242 25 177.146
    endloop
  endfacet
  facet normal 0.0655743 0 -0.997848
    outer loop
      vertex -0.0545242 25 177.146
      vertex -0.0545242 23 177.146
      vertex -0.108945 25 177.142
    endloop
  endfacet
  facet normal 0.0655743 0 -0.997848
    outer loop
      vertex -0.0545242 23 177.146
      vertex -0.108945 23 177.142
      vertex -0.108945 25 177.142
    endloop
  endfacet
  facet normal 0.108747 0 -0.994069
    outer loop
      vertex -0.108945 25 177.142
      vertex -0.108945 23 177.142
      vertex -0.163158 25 177.136
    endloop
  endfacet
  facet normal 0.108747 0 -0.994069
    outer loop
      vertex -0.108945 23 177.142
      vertex -0.163158 23 177.136
      vertex -0.163158 25 177.136
    endloop
  endfacet
  facet normal 0.152187 0 -0.988352
    outer loop
      vertex -0.163158 25 177.136
      vertex -0.163158 23 177.136
      vertex -0.21706 25 177.128
    endloop
  endfacet
  facet normal 0.152187 0 -0.988352
    outer loop
      vertex -0.163158 23 177.136
      vertex -0.21706 23 177.128
      vertex -0.21706 25 177.128
    endloop
  endfacet
  facet normal 0.195086 0 -0.980786
    outer loop
      vertex -0.21706 25 177.128
      vertex -0.21706 23 177.128
      vertex -0.27055 25 177.117
    endloop
  endfacet
  facet normal 0.195086 0 -0.980786
    outer loop
      vertex -0.21706 23 177.128
      vertex -0.27055 23 177.117
      vertex -0.27055 25 177.117
    endloop
  endfacet
  facet normal 0.237708 0 -0.971337
    outer loop
      vertex -0.27055 25 177.117
      vertex -0.27055 23 177.117
      vertex -0.323524 25 177.104
    endloop
  endfacet
  facet normal 0.237708 0 -0.971337
    outer loop
      vertex -0.27055 23 177.117
      vertex -0.323524 23 177.104
      vertex -0.323524 25 177.104
    endloop
  endfacet
  facet normal 0.27979 0 -0.960061
    outer loop
      vertex -0.323524 25 177.104
      vertex -0.323524 23 177.104
      vertex -0.375882 25 177.089
    endloop
  endfacet
  facet normal 0.27979 0 -0.960061
    outer loop
      vertex -0.323524 23 177.104
      vertex -0.375882 23 177.089
      vertex -0.375882 25 177.089
    endloop
  endfacet
  facet normal 0.32133 0 -0.946967
    outer loop
      vertex -0.375882 25 177.089
      vertex -0.375882 23 177.089
      vertex -0.427525 25 177.072
    endloop
  endfacet
  facet normal 0.32133 0 -0.946967
    outer loop
      vertex -0.375882 23 177.089
      vertex -0.427525 23 177.072
      vertex -0.427525 25 177.072
    endloop
  endfacet
  facet normal 0.362557 0 -0.931962
    outer loop
      vertex -0.427525 25 177.072
      vertex -0.427525 23 177.072
      vertex -0.478354 25 177.052
    endloop
  endfacet
  facet normal 0.362557 0 -0.931962
    outer loop
      vertex -0.427525 23 177.072
      vertex -0.478354 23 177.052
      vertex -0.478354 25 177.052
    endloop
  endfacet
  facet normal 0.402741 0 -0.915314
    outer loop
      vertex -0.478354 25 177.052
      vertex -0.478354 23 177.052
      vertex -0.528273 25 177.03
    endloop
  endfacet
  facet normal 0.402741 0 -0.915314
    outer loop
      vertex -0.478354 23 177.052
      vertex -0.528273 23 177.03
      vertex -0.528273 25 177.03
    endloop
  endfacet
  facet normal 0.442345 0 -0.896845
    outer loop
      vertex -0.528273 25 177.03
      vertex -0.528273 23 177.03
      vertex -0.577186 25 177.006
    endloop
  endfacet
  facet normal 0.442345 0 -0.896845
    outer loop
      vertex -0.528273 23 177.03
      vertex -0.577186 23 177.006
      vertex -0.577186 25 177.006
    endloop
  endfacet
  facet normal 0.480908 0 -0.876771
    outer loop
      vertex -0.577186 25 177.006
      vertex -0.577186 23 177.006
      vertex -0.625 25 176.98
    endloop
  endfacet
  facet normal 0.480908 0 -0.876771
    outer loop
      vertex -0.577186 23 177.006
      vertex -0.625 23 176.98
      vertex -0.625 25 176.98
    endloop
  endfacet
  facet normal 0.518838 0 -0.854872
    outer loop
      vertex -0.625 25 176.98
      vertex -0.625 23 176.98
      vertex -0.671624 25 176.951
    endloop
  endfacet
  facet normal 0.518838 0 -0.854872
    outer loop
      vertex -0.625 23 176.98
      vertex -0.671624 23 176.951
      vertex -0.671624 25 176.951
    endloop
  endfacet
  facet normal 0.555504 0 -0.831514
    outer loop
      vertex -0.671624 25 176.951
      vertex -0.671624 23 176.951
      vertex -0.716971 25 176.921
    endloop
  endfacet
  facet normal 0.555504 0 -0.831514
    outer loop
      vertex -0.671624 23 176.951
      vertex -0.716971 23 176.921
      vertex -0.716971 25 176.921
    endloop
  endfacet
  facet normal 0.591283 0 -0.806464
    outer loop
      vertex -0.716971 25 176.921
      vertex -0.716971 23 176.921
      vertex -0.760952 25 176.889
    endloop
  endfacet
  facet normal 0.591283 0 -0.806464
    outer loop
      vertex -0.716971 23 176.921
      vertex -0.760952 23 176.889
      vertex -0.760952 25 176.889
    endloop
  endfacet
  facet normal 0.62595 0 -0.779863
    outer loop
      vertex -0.760952 25 176.889
      vertex -0.760952 23 176.889
      vertex -0.803485 25 176.855
    endloop
  endfacet
  facet normal 0.62595 0 -0.779863
    outer loop
      vertex -0.760952 23 176.889
      vertex -0.803485 23 176.855
      vertex -0.803485 25 176.855
    endloop
  endfacet
  facet normal 0.659321 0 -0.751861
    outer loop
      vertex -0.803485 25 176.855
      vertex -0.803485 23 176.855
      vertex -0.844488 25 176.819
    endloop
  endfacet
  facet normal 0.659321 0 -0.751861
    outer loop
      vertex -0.803485 23 176.855
      vertex -0.844488 23 176.819
      vertex -0.844488 25 176.819
    endloop
  endfacet
  facet normal 0.691529 0 -0.722349
    outer loop
      vertex -0.844488 25 176.819
      vertex -0.844488 23 176.819
      vertex -0.883883 25 176.781
    endloop
  endfacet
  facet normal 0.691529 0 -0.722349
    outer loop
      vertex -0.844488 23 176.819
      vertex -0.883883 23 176.781
      vertex -0.883883 25 176.781
    endloop
  endfacet
  facet normal 0.72239 0 -0.691486
    outer loop
      vertex -0.883883 25 176.781
      vertex -0.883883 23 176.781
      vertex -0.921597 25 176.742
    endloop
  endfacet
  facet normal 0.72239 0 -0.691486
    outer loop
      vertex -0.883883 23 176.781
      vertex -0.921597 23 176.742
      vertex -0.921597 25 176.742
    endloop
  endfacet
  facet normal 0.751878 0 -0.659303
    outer loop
      vertex -0.921597 25 176.742
      vertex -0.921597 23 176.742
      vertex -0.957556 25 176.701
    endloop
  endfacet
  facet normal 0.751878 0 -0.659303
    outer loop
      vertex -0.921597 23 176.742
      vertex -0.957556 23 176.701
      vertex -0.957556 25 176.701
    endloop
  endfacet
  facet normal 0.779849 0 -0.625967
    outer loop
      vertex -0.957556 25 176.701
      vertex -0.957556 23 176.701
      vertex -0.991692 25 176.658
    endloop
  endfacet
  facet normal 0.779849 0 -0.625967
    outer loop
      vertex -0.957556 23 176.701
      vertex -0.991692 23 176.658
      vertex -0.991692 25 176.658
    endloop
  endfacet
  facet normal 0.806394 0 -0.591378
    outer loop
      vertex -0.991692 25 176.658
      vertex -0.991692 23 176.658
      vertex -1.02394 25 176.614
    endloop
  endfacet
  facet normal 0.806394 0 -0.591378
    outer loop
      vertex -0.991692 23 176.658
      vertex -1.02394 23 176.614
      vertex -1.02394 25 176.614
    endloop
  endfacet
  facet normal 0.831543 0 -0.55546
    outer loop
      vertex -1.02394 25 176.614
      vertex -1.02394 23 176.614
      vertex -1.05424 25 176.569
    endloop
  endfacet
  facet normal 0.831543 0 -0.55546
    outer loop
      vertex -1.02394 23 176.614
      vertex -1.05424 23 176.569
      vertex -1.05424 25 176.569
    endloop
  endfacet
  facet normal 0.854845 0 -0.518884
    outer loop
      vertex -1.05424 25 176.569
      vertex -1.05424 23 176.569
      vertex -1.08253 25 176.522
    endloop
  endfacet
  facet normal 0.854845 0 -0.518884
    outer loop
      vertex -1.05424 23 176.569
      vertex -1.08253 23 176.522
      vertex -1.08253 25 176.522
    endloop
  endfacet
  facet normal 0.876742 0 -0.48096
    outer loop
      vertex -1.08253 25 176.522
      vertex -1.08253 23 176.522
      vertex -1.10876 25 176.474
    endloop
  endfacet
  facet normal 0.876742 0 -0.48096
    outer loop
      vertex -1.08253 23 176.522
      vertex -1.10876 23 176.474
      vertex -1.10876 25 176.474
    endloop
  endfacet
  facet normal 0.896899 0 -0.442235
    outer loop
      vertex -1.10876 25 176.474
      vertex -1.10876 23 176.474
      vertex -1.13288 25 176.425
    endloop
  endfacet
  facet normal 0.896899 0 -0.442235
    outer loop
      vertex -1.10876 23 176.474
      vertex -1.13288 23 176.425
      vertex -1.13288 25 176.425
    endloop
  endfacet
  facet normal 0.915313 0 -0.402744
    outer loop
      vertex -1.13288 25 176.425
      vertex -1.13288 23 176.425
      vertex -1.15485 25 176.375
    endloop
  endfacet
  facet normal 0.915313 0 -0.402744
    outer loop
      vertex -1.13288 23 176.425
      vertex -1.15485 23 176.375
      vertex -1.15485 25 176.375
    endloop
  endfacet
  facet normal 0.932005 0 -0.362446
    outer loop
      vertex -1.15485 25 176.375
      vertex -1.15485 23 176.375
      vertex -1.17462 25 176.325
    endloop
  endfacet
  facet normal 0.932005 0 -0.362446
    outer loop
      vertex -1.15485 23 176.375
      vertex -1.17462 23 176.325
      vertex -1.17462 25 176.325
    endloop
  endfacet
  facet normal 0.94691 0 -0.321497
    outer loop
      vertex -1.17462 25 176.325
      vertex -1.17462 23 176.325
      vertex -1.19215 25 176.273
    endloop
  endfacet
  facet normal 0.94691 0 -0.321497
    outer loop
      vertex -1.17462 23 176.325
      vertex -1.19215 23 176.273
      vertex -1.19215 25 176.273
    endloop
  endfacet
  facet normal 0.960056 0 -0.279809
    outer loop
      vertex -1.19215 25 176.273
      vertex -1.19215 23 176.273
      vertex -1.20741 25 176.221
    endloop
  endfacet
  facet normal 0.960056 0 -0.279809
    outer loop
      vertex -1.19215 23 176.273
      vertex -1.20741 23 176.221
      vertex -1.20741 25 176.221
    endloop
  endfacet
  facet normal 0.971341 0 -0.237689
    outer loop
      vertex -1.20741 25 176.221
      vertex -1.20741 23 176.221
      vertex -1.22037 25 176.168
    endloop
  endfacet
  facet normal 0.971341 0 -0.237689
    outer loop
      vertex -1.20741 23 176.221
      vertex -1.22037 23 176.168
      vertex -1.22037 25 176.168
    endloop
  endfacet
  facet normal 0.980789 0 -0.195069
    outer loop
      vertex -1.22037 25 176.168
      vertex -1.22037 23 176.168
      vertex -1.23101 25 176.114
    endloop
  endfacet
  facet normal 0.980789 0 -0.195069
    outer loop
      vertex -1.22037 23 176.168
      vertex -1.23101 23 176.114
      vertex -1.23101 25 176.114
    endloop
  endfacet
  facet normal 0.98836 0 -0.152136
    outer loop
      vertex -1.23101 25 176.114
      vertex -1.23101 23 176.114
      vertex -1.23931 25 176.06
    endloop
  endfacet
  facet normal 0.98836 0 -0.152136
    outer loop
      vertex -1.23101 23 176.114
      vertex -1.23931 23 176.06
      vertex -1.23931 25 176.06
    endloop
  endfacet
  facet normal 0.994056 0 -0.108872
    outer loop
      vertex -1.23931 25 176.06
      vertex -1.23931 23 176.06
      vertex -1.24524 25 176.006
    endloop
  endfacet
  facet normal 0.994056 0 -0.108872
    outer loop
      vertex -1.23931 23 176.06
      vertex -1.24524 23 176.006
      vertex -1.24524 25 176.006
    endloop
  endfacet
  facet normal 0.997859 0 -0.0654059
    outer loop
      vertex -1.24524 25 176.006
      vertex -1.24524 23 176.006
      vertex -1.24881 25 175.952
    endloop
  endfacet
  facet normal 0.997859 0 -0.0654059
    outer loop
      vertex -1.24524 23 176.006
      vertex -1.24881 23 175.952
      vertex -1.24881 25 175.952
    endloop
  endfacet
  facet normal 0.999762 0 -0.0218139
    outer loop
      vertex -1.24881 25 175.952
      vertex -1.24881 23 175.952
      vertex -1.25 25 175.897
    endloop
  endfacet
  facet normal 0.999762 0 -0.0218139
    outer loop
      vertex -1.24881 23 175.952
      vertex -1.25 23 175.897
      vertex -1.25 25 175.897
    endloop
  endfacet
  facet normal 0.999762 0 0.0218079
    outer loop
      vertex -1.25 25 175.897
      vertex -1.25 23 175.897
      vertex -1.24881 25 175.842
    endloop
  endfacet
  facet normal 0.999762 0 0.0218079
    outer loop
      vertex -1.25 23 175.897
      vertex -1.24881 23 175.842
      vertex -1.24881 25 175.842
    endloop
  endfacet
  facet normal 0.997859 0 0.0654059
    outer loop
      vertex -1.24881 25 175.842
      vertex -1.24881 23 175.842
      vertex -1.24524 25 175.788
    endloop
  endfacet
  facet normal 0.997859 0 0.0654059
    outer loop
      vertex -1.24881 23 175.842
      vertex -1.24524 23 175.788
      vertex -1.24524 25 175.788
    endloop
  endfacet
  facet normal 0.994056 0 0.108872
    outer loop
      vertex -1.24524 25 175.788
      vertex -1.24524 23 175.788
      vertex -1.23931 25 175.734
    endloop
  endfacet
  facet normal 0.994056 0 0.108872
    outer loop
      vertex -1.24524 23 175.788
      vertex -1.23931 23 175.734
      vertex -1.23931 25 175.734
    endloop
  endfacet
  facet normal 0.98836 0 0.152136
    outer loop
      vertex -1.23931 25 175.734
      vertex -1.23931 23 175.734
      vertex -1.23101 25 175.68
    endloop
  endfacet
  facet normal 0.98836 0 0.152136
    outer loop
      vertex -1.23931 23 175.734
      vertex -1.23101 23 175.68
      vertex -1.23101 25 175.68
    endloop
  endfacet
  facet normal 0.980789 0 0.195069
    outer loop
      vertex -1.23101 25 175.68
      vertex -1.23101 23 175.68
      vertex -1.22037 25 175.626
    endloop
  endfacet
  facet normal 0.980789 0 0.195069
    outer loop
      vertex -1.23101 23 175.68
      vertex -1.22037 23 175.626
      vertex -1.22037 25 175.626
    endloop
  endfacet
  facet normal 0.971341 0 0.237689
    outer loop
      vertex -1.22037 25 175.626
      vertex -1.22037 23 175.626
      vertex -1.20741 25 175.573
    endloop
  endfacet
  facet normal 0.971341 0 0.237689
    outer loop
      vertex -1.22037 23 175.626
      vertex -1.20741 23 175.573
      vertex -1.20741 25 175.573
    endloop
  endfacet
  facet normal 0.960056 0 0.279809
    outer loop
      vertex -1.20741 25 175.573
      vertex -1.20741 23 175.573
      vertex -1.19215 25 175.521
    endloop
  endfacet
  facet normal 0.960056 0 0.279809
    outer loop
      vertex -1.20741 23 175.573
      vertex -1.19215 23 175.521
      vertex -1.19215 25 175.521
    endloop
  endfacet
  facet normal 0.94691 0 0.321497
    outer loop
      vertex -1.19215 25 175.521
      vertex -1.19215 23 175.521
      vertex -1.17462 25 175.47
    endloop
  endfacet
  facet normal 0.94691 0 0.321497
    outer loop
      vertex -1.19215 23 175.521
      vertex -1.17462 23 175.47
      vertex -1.17462 25 175.47
    endloop
  endfacet
  facet normal 0.932005 0 0.362446
    outer loop
      vertex -1.17462 25 175.47
      vertex -1.17462 23 175.47
      vertex -1.15485 25 175.419
    endloop
  endfacet
  facet normal 0.932005 0 0.362446
    outer loop
      vertex -1.17462 23 175.47
      vertex -1.15485 23 175.419
      vertex -1.15485 25 175.419
    endloop
  endfacet
  facet normal 0.915313 0 0.402744
    outer loop
      vertex -1.15485 25 175.419
      vertex -1.15485 23 175.419
      vertex -1.13288 25 175.369
    endloop
  endfacet
  facet normal 0.915313 0 0.402744
    outer loop
      vertex -1.15485 23 175.419
      vertex -1.13288 23 175.369
      vertex -1.13288 25 175.369
    endloop
  endfacet
  facet normal 0.896899 0 0.442235
    outer loop
      vertex -1.13288 25 175.369
      vertex -1.13288 23 175.369
      vertex -1.10876 25 175.32
    endloop
  endfacet
  facet normal 0.896899 0 0.442235
    outer loop
      vertex -1.13288 23 175.369
      vertex -1.10876 23 175.32
      vertex -1.10876 25 175.32
    endloop
  endfacet
  facet normal 0.876742 0 0.48096
    outer loop
      vertex -1.10876 25 175.32
      vertex -1.10876 23 175.32
      vertex -1.08253 25 175.272
    endloop
  endfacet
  facet normal 0.876742 0 0.48096
    outer loop
      vertex -1.10876 23 175.32
      vertex -1.08253 23 175.272
      vertex -1.08253 25 175.272
    endloop
  endfacet
  facet normal 0.854845 0 0.518884
    outer loop
      vertex -1.08253 25 175.272
      vertex -1.08253 23 175.272
      vertex -1.05424 25 175.225
    endloop
  endfacet
  facet normal 0.854845 0 0.518884
    outer loop
      vertex -1.08253 23 175.272
      vertex -1.05424 23 175.225
      vertex -1.05424 25 175.225
    endloop
  endfacet
  facet normal 0.831543 0 0.55546
    outer loop
      vertex -1.05424 25 175.225
      vertex -1.05424 23 175.225
      vertex -1.02394 25 175.18
    endloop
  endfacet
  facet normal 0.831543 0 0.55546
    outer loop
      vertex -1.05424 23 175.225
      vertex -1.02394 23 175.18
      vertex -1.02394 25 175.18
    endloop
  endfacet
  facet normal 0.806394 0 0.591378
    outer loop
      vertex -1.02394 25 175.18
      vertex -1.02394 23 175.18
      vertex -0.991692 25 175.136
    endloop
  endfacet
  facet normal 0.806394 0 0.591378
    outer loop
      vertex -1.02394 23 175.18
      vertex -0.991692 23 175.136
      vertex -0.991692 25 175.136
    endloop
  endfacet
  facet normal 0.779849 0 0.625967
    outer loop
      vertex -0.991692 25 175.136
      vertex -0.991692 23 175.136
      vertex -0.957556 25 175.094
    endloop
  endfacet
  facet normal 0.779849 0 0.625967
    outer loop
      vertex -0.991692 23 175.136
      vertex -0.957556 23 175.094
      vertex -0.957556 25 175.094
    endloop
  endfacet
  facet normal 0.751878 0 0.659303
    outer loop
      vertex -0.957556 25 175.094
      vertex -0.957556 23 175.094
      vertex -0.921597 25 175.053
    endloop
  endfacet
  facet normal 0.751878 0 0.659303
    outer loop
      vertex -0.957556 23 175.094
      vertex -0.921597 23 175.053
      vertex -0.921597 25 175.053
    endloop
  endfacet
  facet normal 0.72239 0 0.691486
    outer loop
      vertex -0.921597 25 175.053
      vertex -0.921597 23 175.053
      vertex -0.883883 25 175.013
    endloop
  endfacet
  facet normal 0.72239 0 0.691486
    outer loop
      vertex -0.921597 23 175.053
      vertex -0.883883 23 175.013
      vertex -0.883883 25 175.013
    endloop
  endfacet
  facet normal 0.691529 0 0.722349
    outer loop
      vertex -0.883883 25 175.013
      vertex -0.883883 23 175.013
      vertex -0.844488 25 174.975
    endloop
  endfacet
  facet normal 0.691529 0 0.722349
    outer loop
      vertex -0.883883 23 175.013
      vertex -0.844488 23 174.975
      vertex -0.844488 25 174.975
    endloop
  endfacet
  facet normal 0.659321 0 0.751861
    outer loop
      vertex -0.844488 25 174.975
      vertex -0.844488 23 174.975
      vertex -0.803485 25 174.939
    endloop
  endfacet
  facet normal 0.659321 0 0.751861
    outer loop
      vertex -0.844488 23 174.975
      vertex -0.803485 23 174.939
      vertex -0.803485 25 174.939
    endloop
  endfacet
  facet normal 0.62595 0 0.779863
    outer loop
      vertex -0.803485 25 174.939
      vertex -0.803485 23 174.939
      vertex -0.760952 25 174.905
    endloop
  endfacet
  facet normal 0.62595 0 0.779863
    outer loop
      vertex -0.803485 23 174.939
      vertex -0.760952 23 174.905
      vertex -0.760952 25 174.905
    endloop
  endfacet
  facet normal 0.591283 0 0.806464
    outer loop
      vertex -0.760952 25 174.905
      vertex -0.760952 23 174.905
      vertex -0.716971 25 174.873
    endloop
  endfacet
  facet normal 0.591283 0 0.806464
    outer loop
      vertex -0.760952 23 174.905
      vertex -0.716971 23 174.873
      vertex -0.716971 25 174.873
    endloop
  endfacet
  facet normal 0.555504 0 0.831514
    outer loop
      vertex -0.716971 25 174.873
      vertex -0.716971 23 174.873
      vertex -0.671624 25 174.843
    endloop
  endfacet
  facet normal 0.555504 0 0.831514
    outer loop
      vertex -0.716971 23 174.873
      vertex -0.671624 23 174.843
      vertex -0.671624 25 174.843
    endloop
  endfacet
  facet normal 0.518838 0 0.854872
    outer loop
      vertex -0.671624 25 174.843
      vertex -0.671624 23 174.843
      vertex -0.625 25 174.814
    endloop
  endfacet
  facet normal 0.518838 0 0.854872
    outer loop
      vertex -0.671624 23 174.843
      vertex -0.625 23 174.814
      vertex -0.625 25 174.814
    endloop
  endfacet
  facet normal 0.480908 0 0.876771
    outer loop
      vertex -0.625 25 174.814
      vertex -0.625 23 174.814
      vertex -0.577186 25 174.788
    endloop
  endfacet
  facet normal 0.480908 0 0.876771
    outer loop
      vertex -0.625 23 174.814
      vertex -0.577186 23 174.788
      vertex -0.577186 25 174.788
    endloop
  endfacet
  facet normal 0.442345 0 0.896845
    outer loop
      vertex -0.577186 25 174.788
      vertex -0.577186 23 174.788
      vertex -0.528273 25 174.764
    endloop
  endfacet
  facet normal 0.442345 0 0.896845
    outer loop
      vertex -0.577186 23 174.788
      vertex -0.528273 23 174.764
      vertex -0.528273 25 174.764
    endloop
  endfacet
  facet normal 0.402741 0 0.915314
    outer loop
      vertex -0.528273 25 174.764
      vertex -0.528273 23 174.764
      vertex -0.478354 25 174.742
    endloop
  endfacet
  facet normal 0.402741 0 0.915314
    outer loop
      vertex -0.528273 23 174.764
      vertex -0.478354 23 174.742
      vertex -0.478354 25 174.742
    endloop
  endfacet
  facet normal 0.362557 0 0.931962
    outer loop
      vertex -0.478354 25 174.742
      vertex -0.478354 23 174.742
      vertex -0.427525 25 174.722
    endloop
  endfacet
  facet normal 0.362557 0 0.931962
    outer loop
      vertex -0.478354 23 174.742
      vertex -0.427525 23 174.722
      vertex -0.427525 25 174.722
    endloop
  endfacet
  facet normal 0.32133 0 0.946967
    outer loop
      vertex -0.427525 25 174.722
      vertex -0.427525 23 174.722
      vertex -0.375882 25 174.705
    endloop
  endfacet
  facet normal 0.32133 0 0.946967
    outer loop
      vertex -0.427525 23 174.722
      vertex -0.375882 23 174.705
      vertex -0.375882 25 174.705
    endloop
  endfacet
  facet normal 0.27979 0 0.960061
    outer loop
      vertex -0.375882 25 174.705
      vertex -0.375882 23 174.705
      vertex -0.323524 25 174.69
    endloop
  endfacet
  facet normal 0.27979 0 0.960061
    outer loop
      vertex -0.375882 23 174.705
      vertex -0.323524 23 174.69
      vertex -0.323524 25 174.69
    endloop
  endfacet
  facet normal 0.237708 0 0.971337
    outer loop
      vertex -0.323524 25 174.69
      vertex -0.323524 23 174.69
      vertex -0.27055 25 174.677
    endloop
  endfacet
  facet normal 0.237708 0 0.971337
    outer loop
      vertex -0.323524 23 174.69
      vertex -0.27055 23 174.677
      vertex -0.27055 25 174.677
    endloop
  endfacet
  facet normal 0.195086 0 0.980786
    outer loop
      vertex -0.27055 25 174.677
      vertex -0.27055 23 174.677
      vertex -0.21706 25 174.666
    endloop
  endfacet
  facet normal 0.195086 0 0.980786
    outer loop
      vertex -0.27055 23 174.677
      vertex -0.21706 23 174.666
      vertex -0.21706 25 174.666
    endloop
  endfacet
  facet normal 0.152187 0 0.988352
    outer loop
      vertex -0.21706 25 174.666
      vertex -0.21706 23 174.666
      vertex -0.163158 25 174.658
    endloop
  endfacet
  facet normal 0.152187 0 0.988352
    outer loop
      vertex -0.21706 23 174.666
      vertex -0.163158 23 174.658
      vertex -0.163158 25 174.658
    endloop
  endfacet
  facet normal 0.108747 0 0.994069
    outer loop
      vertex -0.163158 25 174.658
      vertex -0.163158 23 174.658
      vertex -0.108945 25 174.652
    endloop
  endfacet
  facet normal 0.108747 0 0.994069
    outer loop
      vertex -0.163158 23 174.658
      vertex -0.108945 23 174.652
      vertex -0.108945 25 174.652
    endloop
  endfacet
  facet normal 0.0655743 0 0.997848
    outer loop
      vertex -0.108945 25 174.652
      vertex -0.108945 23 174.652
      vertex -0.0545242 25 174.648
    endloop
  endfacet
  facet normal 0.0655743 0 0.997848
    outer loop
      vertex -0.108945 23 174.652
      vertex -0.0545242 23 174.648
      vertex -0.0545242 25 174.648
    endloop
  endfacet
  facet normal 0.0218583 0 0.999761
    outer loop
      vertex -0.0545242 25 174.648
      vertex -0.0545242 23 174.648
      vertex -1.30104e-15 25 174.647
    endloop
  endfacet
  facet normal 0.0218583 0 0.999761
    outer loop
      vertex -0.0545242 23 174.648
      vertex -1.30104e-15 23 174.647
      vertex -1.30104e-15 25 174.647
    endloop
  endfacet
  facet normal 1 0 0
    outer loop
      vertex -5 24.8279 214.458
      vertex -5 24.8034 214.493
      vertex -5 23.0001 213.908
    endloop
  endfacet
  facet normal 1 0 0
    outer loop
      vertex -5 24.8034 214.493
      vertex -5 24.7897 214.51
      vertex -5 23.0001 213.908
    endloop
  endfacet
  facet normal 1 0 0
    outer loop
      vertex -5 23.0001 213.908
      vertex -5 24.7897 214.51
      vertex -5 23.0013 213.948
    endloop
  endfacet
  facet normal 1 0 0
    outer loop
      vertex -5 24.7897 214.51
      vertex -5 23.0042 213.988
      vertex -5 23.0013 213.948
    endloop
  endfacet
  facet normal 1 0 0
    outer loop
      vertex -5 23.0223 214.107
      vertex -5 23.0147 214.068
      vertex -5 24.7897 214.51
    endloop
  endfacet
  facet normal 1 0 0
    outer loop
      vertex -5 23.0147 214.068
      vertex -5 23.0086 214.028
      vertex -5 24.7897 214.51
    endloop
  endfacet
  facet normal 1 0 0
    outer loop
      vertex -5 24.7897 214.51
      vertex -5 23.0086 214.028
      vertex -5 23.0042 213.988
    endloop
  endfacet
  facet normal 1 0 0
    outer loop
      vertex -5 24.8925 214.348
      vertex -5 24.8725 214.386
      vertex -5 23.0001 213.908
    endloop
  endfacet
  facet normal 1 0 0
    outer loop
      vertex -5 24.8725 214.386
      vertex -5 24.8509 214.422
      vertex -5 23.0001 213.908
    endloop
  endfacet
  facet normal 1 0 0
    outer loop
      vertex -5 23.0001 213.908
      vertex -5 24.8509 214.422
      vertex -5 24.8279 214.458
    endloop
  endfacet
  facet normal 1 0 0
    outer loop
      vertex -5 23.0547 214.223
      vertex -5 23.0423 214.185
      vertex -5 24.7897 214.51
    endloop
  endfacet
  facet normal 1 0 0
    outer loop
      vertex -5 23.0423 214.185
      vertex -5 23.0315 214.146
      vertex -5 24.7897 214.51
    endloop
  endfacet
  facet normal 1 0 0
    outer loop
      vertex -5 24.7897 214.51
      vertex -5 23.0315 214.146
      vertex -5 23.0223 214.107
    endloop
  endfacet
  facet normal 1 0 0
    outer loop
      vertex -5 24.9428 214.231
      vertex -5 24.9276 214.27
      vertex -5 23.0001 213.908
    endloop
  endfacet
  facet normal 1 0 0
    outer loop
      vertex -5 24.9276 214.27
      vertex -5 24.9109 214.31
      vertex -5 23.0001 213.908
    endloop
  endfacet
  facet normal 1 0 0
    outer loop
      vertex -5 23.0001 213.908
      vertex -5 24.9109 214.31
      vertex -5 24.8925 214.348
    endloop
  endfacet
  facet normal 1 0 0
    outer loop
      vertex -5 23.101 214.335
      vertex -5 23.0841 214.298
      vertex -5 24.7897 214.51
    endloop
  endfacet
  facet normal 1 0 0
    outer loop
      vertex -5 23.0841 214.298
      vertex -5 23.0686 214.261
      vertex -5 24.7897 214.51
    endloop
  endfacet
  facet normal 1 0 0
    outer loop
      vertex -5 24.7897 214.51
      vertex -5 23.0686 214.261
      vertex -5 23.0547 214.223
    endloop
  endfacet
  facet normal 1 0 0
    outer loop
      vertex -5 24.9777 214.107
      vertex -5 24.9678 214.149
      vertex -5 23.0001 213.908
    endloop
  endfacet
  facet normal 1 0 0
    outer loop
      vertex -5 24.9678 214.149
      vertex -5 24.9562 214.19
      vertex -5 23.0001 213.908
    endloop
  endfacet
  facet normal 1 0 0
    outer loop
      vertex -5 23.0001 213.908
      vertex -5 24.9562 214.19
      vertex -5 24.9428 214.231
    endloop
  endfacet
  facet normal 1 0 0
    outer loop
      vertex -5 23.1607 214.441
      vertex -5 23.1394 214.406
      vertex -5 24.7897 214.51
    endloop
  endfacet
  facet normal 1 0 0
    outer loop
      vertex -5 23.1394 214.406
      vertex -5 23.1195 214.371
      vertex -5 24.7897 214.51
    endloop
  endfacet
  facet normal 1 0 0
    outer loop
      vertex -5 24.7897 214.51
      vertex -5 23.1195 214.371
      vertex -5 23.101 214.335
    endloop
  endfacet
  facet normal 1 0 0
    outer loop
      vertex -5 24.9966 213.979
      vertex -5 24.9921 214.022
      vertex -5 23.0001 213.908
    endloop
  endfacet
  facet normal 1 0 0
    outer loop
      vertex -5 24.9921 214.022
      vertex -5 24.9858 214.065
      vertex -5 23.0001 213.908
    endloop
  endfacet
  facet normal 1 0 0
    outer loop
      vertex -5 23.0001 213.908
      vertex -5 24.9858 214.065
      vertex -5 24.9777 214.107
    endloop
  endfacet
  facet normal 1 0 0
    outer loop
      vertex -5 23 210.897
      vertex -5 25 210.897
      vertex -5 23 213.897
    endloop
  endfacet
  facet normal 1 0 0
    outer loop
      vertex -5 25 210.897
      vertex -5 25 213.897
      vertex -5 23 213.897
    endloop
  endfacet
  facet normal 1 0 0
    outer loop
      vertex -5 23 213.897
      vertex -5 25 213.897
      vertex -5 23.0001 213.908
    endloop
  endfacet
  facet normal 1 0 0
    outer loop
      vertex -5 25 213.897
      vertex -5 24.9992 213.936
      vertex -5 23.0001 213.908
    endloop
  endfacet
  facet normal 1 0 0
    outer loop
      vertex -5 23.0001 213.908
      vertex -5 24.9992 213.936
      vertex -5 24.9966 213.979
    endloop
  endfacet
  facet normal 1 0 0
    outer loop
      vertex -5 23.2602 214.57
      vertex -5 23.2335 214.539
      vertex -5 24.7897 214.51
    endloop
  endfacet
  facet normal 1 0 0
    outer loop
      vertex -5 23.2335 214.539
      vertex -5 23.208 214.508
      vertex -5 24.7897 214.51
    endloop
  endfacet
  facet normal 1 0 0
    outer loop
      vertex -5 23.208 214.508
      vertex -5 23.1835 214.474
      vertex -5 24.7897 214.51
    endloop
  endfacet
  facet normal 1 0 0
    outer loop
      vertex -5 24.7897 214.51
      vertex -5 23.1835 214.474
      vertex -5 23.1607 214.441
    endloop
  endfacet
  facet normal 1 0 0
    outer loop
      vertex -5 23.3479 214.655
      vertex -5 23.3175 214.628
      vertex -5 24.7897 214.51
    endloop
  endfacet
  facet normal 1 0 0
    outer loop
      vertex -5 23.3175 214.628
      vertex -5 23.2883 214.599
      vertex -5 24.7897 214.51
    endloop
  endfacet
  facet normal 1 0 0
    outer loop
      vertex -5 24.7897 214.51
      vertex -5 23.2883 214.599
      vertex -5 23.2602 214.57
    endloop
  endfacet
  facet normal 1 0 0
    outer loop
      vertex -5 23.4456 214.729
      vertex -5 23.412 214.706
      vertex -5 24.7897 214.51
    endloop
  endfacet
  facet normal 1 0 0
    outer loop
      vertex -5 23.412 214.706
      vertex -5 23.3794 214.681
      vertex -5 24.7897 214.51
    endloop
  endfacet
  facet normal 1 0 0
    outer loop
      vertex -5 24.7897 214.51
      vertex -5 23.3794 214.681
      vertex -5 23.3479 214.655
    endloop
  endfacet
  facet normal 1 0 0
    outer loop
      vertex -5 23.5519 214.791
      vertex -5 23.5156 214.772
      vertex -5 24.7897 214.51
    endloop
  endfacet
  facet normal 1 0 0
    outer loop
      vertex -5 23.5156 214.772
      vertex -5 23.4802 214.751
      vertex -5 24.7897 214.51
    endloop
  endfacet
  facet normal 1 0 0
    outer loop
      vertex -5 24.7897 214.51
      vertex -5 23.4802 214.751
      vertex -5 23.4456 214.729
    endloop
  endfacet
  facet normal 1 0 0
    outer loop
      vertex -5 23.6654 214.839
      vertex -5 23.6269 214.825
      vertex -5 24.7897 214.51
    endloop
  endfacet
  facet normal 1 0 0
    outer loop
      vertex -5 23.6269 214.825
      vertex -5 23.589 214.809
      vertex -5 24.7897 214.51
    endloop
  endfacet
  facet normal 1 0 0
    outer loop
      vertex -5 24.7897 214.51
      vertex -5 23.589 214.809
      vertex -5 23.5519 214.791
    endloop
  endfacet
  facet normal 1 0 0
    outer loop
      vertex -5 23.7842 214.873
      vertex -5 23.7441 214.864
      vertex -5 24.7897 214.51
    endloop
  endfacet
  facet normal 1 0 0
    outer loop
      vertex -5 23.7441 214.864
      vertex -5 23.7044 214.852
      vertex -5 24.7897 214.51
    endloop
  endfacet
  facet normal 1 0 0
    outer loop
      vertex -5 24.7897 214.51
      vertex -5 23.7044 214.852
      vertex -5 23.6654 214.839
    endloop
  endfacet
  facet normal 1 0 0
    outer loop
      vertex -5 23.9066 214.893
      vertex -5 23.8655 214.888
      vertex -5 24.7897 214.51
    endloop
  endfacet
  facet normal 1 0 0
    outer loop
      vertex -5 23.8655 214.888
      vertex -5 23.8247 214.882
      vertex -5 24.7897 214.51
    endloop
  endfacet
  facet normal 1 0 0
    outer loop
      vertex -5 24.7897 214.51
      vertex -5 23.8247 214.882
      vertex -5 23.7842 214.873
    endloop
  endfacet
  facet normal 1 0 0
    outer loop
      vertex -5 24.0307 214.897
      vertex -5 23.9893 214.897
      vertex -5 24.7897 214.51
    endloop
  endfacet
  facet normal 1 0 0
    outer loop
      vertex -5 23.9893 214.897
      vertex -5 23.9479 214.896
      vertex -5 24.7897 214.51
    endloop
  endfacet
  facet normal 1 0 0
    outer loop
      vertex -5 24.7897 214.51
      vertex -5 23.9479 214.896
      vertex -5 23.9066 214.893
    endloop
  endfacet
  facet normal 1 0 0
    outer loop
      vertex -5 24.1548 214.885
      vertex -5 24.1136 214.891
      vertex -5 24.7897 214.51
    endloop
  endfacet
  facet normal 1 0 0
    outer loop
      vertex -5 24.1136 214.891
      vertex -5 24.0722 214.894
      vertex -5 24.7897 214.51
    endloop
  endfacet
  facet normal 1 0 0
    outer loop
      vertex -5 24.7897 214.51
      vertex -5 24.0722 214.894
      vertex -5 24.0307 214.897
    endloop
  endfacet
  facet normal 1 0 0
    outer loop
      vertex -5 24.2767 214.858
      vertex -5 24.2364 214.869
      vertex -5 24.7897 214.51
    endloop
  endfacet
  facet normal 1 0 0
    outer loop
      vertex -5 24.2364 214.869
      vertex -5 24.1957 214.878
      vertex -5 24.7897 214.51
    endloop
  endfacet
  facet normal 1 0 0
    outer loop
      vertex -5 24.7897 214.51
      vertex -5 24.1957 214.878
      vertex -5 24.1548 214.885
    endloop
  endfacet
  facet normal 1 0 0
    outer loop
      vertex -5 24.3947 214.816
      vertex -5 24.3559 214.832
      vertex -5 24.7897 214.51
    endloop
  endfacet
  facet normal 1 0 0
    outer loop
      vertex -5 24.3559 214.832
      vertex -5 24.3166 214.846
      vertex -5 24.7897 214.51
    endloop
  endfacet
  facet normal 1 0 0
    outer loop
      vertex -5 24.7897 214.51
      vertex -5 24.3166 214.846
      vertex -5 24.2767 214.858
    endloop
  endfacet
  facet normal 1 0 0
    outer loop
      vertex -5 24.5067 214.759
      vertex -5 24.4701 214.78
      vertex -5 24.7897 214.51
    endloop
  endfacet
  facet normal 1 0 0
    outer loop
      vertex -5 24.4701 214.78
      vertex -5 24.4327 214.799
      vertex -5 24.7897 214.51
    endloop
  endfacet
  facet normal 1 0 0
    outer loop
      vertex -5 24.7897 214.51
      vertex -5 24.4327 214.799
      vertex -5 24.3947 214.816
    endloop
  endfacet
  facet normal 1 0 0
    outer loop
      vertex -5 24.611 214.689
      vertex -5 24.5772 214.714
      vertex -5 24.7897 214.51
    endloop
  endfacet
  facet normal 1 0 0
    outer loop
      vertex -5 24.5772 214.714
      vertex -5 24.5424 214.737
      vertex -5 24.7897 214.51
    endloop
  endfacet
  facet normal 1 0 0
    outer loop
      vertex -5 24.7897 214.51
      vertex -5 24.5424 214.737
      vertex -5 24.5067 214.759
    endloop
  endfacet
  facet normal 1 0 0
    outer loop
      vertex -5 24.7352 214.575
      vertex -5 24.706 214.605
      vertex -5 24.7632 214.543
    endloop
  endfacet
  facet normal 1 0 0
    outer loop
      vertex -5 24.706 214.605
      vertex -5 24.6755 214.634
      vertex -5 24.7632 214.543
    endloop
  endfacet
  facet normal 1 0 0
    outer loop
      vertex -5 24.7632 214.543
      vertex -5 24.6755 214.634
      vertex -5 24.7897 214.51
    endloop
  endfacet
  facet normal 1 0 0
    outer loop
      vertex -5 24.6755 214.634
      vertex -5 24.6438 214.662
      vertex -5 24.7897 214.51
    endloop
  endfacet
  facet normal 1 0 0
    outer loop
      vertex -5 24.7897 214.51
      vertex -5 24.6438 214.662
      vertex -5 24.611 214.689
    endloop
  endfacet
  facet normal 0.0216129 0 0.999766
    outer loop
      vertex 2.03436e-14 25 210.897
      vertex 2.03436e-14 23 210.897
      vertex 1.51231 23 210.864
    endloop
  endfacet
  facet normal 0.0216129 0 0.999766
    outer loop
      vertex 2.03436e-14 25 210.897
      vertex 1.51231 23 210.864
      vertex 1.51231 25 210.864
    endloop
  endfacet
  facet normal 0.0647896 0 0.997899
    outer loop
      vertex 1.51231 23 210.864
      vertex 3.0218 23 210.766
      vertex 1.51231 25 210.864
    endloop
  endfacet
  facet normal 0.0647896 0 0.997899
    outer loop
      vertex 1.51231 25 210.864
      vertex 3.0218 23 210.766
      vertex 3.0218 25 210.766
    endloop
  endfacet
  facet normal 0.107848 0 0.994167
    outer loop
      vertex 3.0218 23 210.766
      vertex 4.52564 23 210.603
      vertex 3.0218 25 210.766
    endloop
  endfacet
  facet normal 0.107848 0 0.994167
    outer loop
      vertex 3.0218 25 210.766
      vertex 4.52564 23 210.603
      vertex 4.52564 25 210.603
    endloop
  endfacet
  facet normal 0.1507 0 0.98858
    outer loop
      vertex 4.52564 23 210.603
      vertex 6.02103 23 210.375
      vertex 4.52564 25 210.603
    endloop
  endfacet
  facet normal 0.1507 0 0.98858
    outer loop
      vertex 4.52564 25 210.603
      vertex 6.02103 23 210.375
      vertex 6.02103 25 210.375
    endloop
  endfacet
  facet normal 0.193275 0 0.981145
    outer loop
      vertex 6.02103 23 210.375
      vertex 7.50517 23 210.083
      vertex 6.02103 25 210.375
    endloop
  endfacet
  facet normal 0.193275 0 0.981145
    outer loop
      vertex 6.02103 25 210.375
      vertex 7.50517 23 210.083
      vertex 7.50517 25 210.083
    endloop
  endfacet
  facet normal 0.235487 0 0.971878
    outer loop
      vertex 7.50517 23 210.083
      vertex 8.9753 23 209.727
      vertex 7.50517 25 210.083
    endloop
  endfacet
  facet normal 0.235487 0 0.971878
    outer loop
      vertex 7.50517 25 210.083
      vertex 8.9753 23 209.727
      vertex 8.9753 25 209.727
    endloop
  endfacet
  facet normal 0.277264 0 0.960794
    outer loop
      vertex 8.9753 23 209.727
      vertex 10.4287 23 209.307
      vertex 8.9753 25 209.727
    endloop
  endfacet
  facet normal 0.277264 0 0.960794
    outer loop
      vertex 8.9753 25 209.727
      vertex 10.4287 23 209.307
      vertex 10.4287 25 209.307
    endloop
  endfacet
  facet normal 0.31852 0 0.947916
    outer loop
      vertex 10.4287 23 209.307
      vertex 11.8625 23 208.825
      vertex 10.4287 25 209.307
    endloop
  endfacet
  facet normal 0.31852 0 0.947916
    outer loop
      vertex 10.4287 25 209.307
      vertex 11.8625 23 208.825
      vertex 11.8625 25 208.825
    endloop
  endfacet
  facet normal 0.359184 0 0.933267
    outer loop
      vertex 11.8625 23 208.825
      vertex 13.2743 23 208.282
      vertex 11.8625 25 208.825
    endloop
  endfacet
  facet normal 0.359184 0 0.933267
    outer loop
      vertex 11.8625 25 208.825
      vertex 13.2743 23 208.282
      vertex 13.2743 25 208.282
    endloop
  endfacet
  facet normal 0.39917 0 0.916877
    outer loop
      vertex 13.2743 23 208.282
      vertex 14.6612 23 207.678
      vertex 13.2743 25 208.282
    endloop
  endfacet
  facet normal 0.39917 0 0.916877
    outer loop
      vertex 13.2743 25 208.282
      vertex 14.6612 23 207.678
      vertex 14.6612 25 207.678
    endloop
  endfacet
  facet normal 0.438416 0 0.898772
    outer loop
      vertex 14.6612 23 207.678
      vertex 16.0207 23 207.015
      vertex 14.6612 25 207.678
    endloop
  endfacet
  facet normal 0.438416 0 0.898772
    outer loop
      vertex 14.6612 25 207.678
      vertex 16.0207 23 207.015
      vertex 16.0207 25 207.015
    endloop
  endfacet
  facet normal 0.476836 0 0.878992
    outer loop
      vertex 16.0207 23 207.015
      vertex 17.3503 23 206.294
      vertex 16.0207 25 207.015
    endloop
  endfacet
  facet normal 0.476836 0 0.878992
    outer loop
      vertex 16.0207 25 207.015
      vertex 17.3503 23 206.294
      vertex 17.3503 25 206.294
    endloop
  endfacet
  facet normal 0.514376 0 0.857565
    outer loop
      vertex 17.3503 23 206.294
      vertex 18.6475 23 205.516
      vertex 17.3503 25 206.294
    endloop
  endfacet
  facet normal 0.514376 0 0.857565
    outer loop
      vertex 17.3503 25 206.294
      vertex 18.6475 23 205.516
      vertex 18.6475 25 205.516
    endloop
  endfacet
  facet normal 0.550952 0 0.834537
    outer loop
      vertex 18.6475 23 205.516
      vertex 19.9099 23 204.682
      vertex 18.6475 25 205.516
    endloop
  endfacet
  facet normal 0.550952 0 0.834537
    outer loop
      vertex 18.6475 25 205.516
      vertex 19.9099 23 204.682
      vertex 19.9099 25 204.682
    endloop
  endfacet
  facet normal 0.586495 0 0.809953
    outer loop
      vertex 19.9099 23 204.682
      vertex 21.1351 23 203.795
      vertex 19.9099 25 204.682
    endloop
  endfacet
  facet normal 0.586495 0 0.809953
    outer loop
      vertex 19.9099 25 204.682
      vertex 21.1351 23 203.795
      vertex 21.1351 25 203.795
    endloop
  endfacet
  facet normal 0.620944 0 0.783855
    outer loop
      vertex 21.1351 23 203.795
      vertex 22.3208 23 202.856
      vertex 21.1351 25 203.795
    endloop
  endfacet
  facet normal 0.620944 0 0.783855
    outer loop
      vertex 21.1351 25 203.795
      vertex 22.3208 23 202.856
      vertex 22.3208 25 202.856
    endloop
  endfacet
  facet normal 0.654231 0 0.756295
    outer loop
      vertex 22.3208 23 202.856
      vertex 23.4648 23 201.866
      vertex 22.3208 25 202.856
    endloop
  endfacet
  facet normal 0.654231 0 0.756295
    outer loop
      vertex 22.3208 25 202.856
      vertex 23.4648 23 201.866
      vertex 23.4648 25 201.866
    endloop
  endfacet
  facet normal 0.686303 0 0.727315
    outer loop
      vertex 23.4648 23 201.866
      vertex 24.565 23 200.828
      vertex 23.4648 25 201.866
    endloop
  endfacet
  facet normal 0.686303 0 0.727315
    outer loop
      vertex 23.4648 25 201.866
      vertex 24.565 23 200.828
      vertex 24.565 25 200.828
    endloop
  endfacet
  facet normal 0.717088 0 0.696983
    outer loop
      vertex 24.565 23 200.828
      vertex 25.6193 23 199.743
      vertex 24.565 25 200.828
    endloop
  endfacet
  facet normal 0.717088 0 0.696983
    outer loop
      vertex 24.565 25 200.828
      vertex 25.6193 23 199.743
      vertex 25.6193 25 199.743
    endloop
  endfacet
  facet normal 0.746533 0 0.665348
    outer loop
      vertex 25.6193 23 199.743
      vertex 26.6258 23 198.614
      vertex 25.6193 25 199.743
    endloop
  endfacet
  facet normal 0.746533 0 0.665348
    outer loop
      vertex 25.6193 25 199.743
      vertex 26.6258 23 198.614
      vertex 26.6258 25 198.614
    endloop
  endfacet
  facet normal 0.774583 0 0.632473
    outer loop
      vertex 26.6258 23 198.614
      vertex 27.5825 23 197.442
      vertex 26.6258 25 198.614
    endloop
  endfacet
  facet normal 0.774583 0 0.632473
    outer loop
      vertex 26.6258 25 198.614
      vertex 27.5825 23 197.442
      vertex 27.5825 25 197.442
    endloop
  endfacet
  facet normal 0.801192 0 0.598408
    outer loop
      vertex 27.5825 23 197.442
      vertex 28.4877 23 196.231
      vertex 27.5825 25 197.442
    endloop
  endfacet
  facet normal 0.801192 0 0.598408
    outer loop
      vertex 27.5825 25 197.442
      vertex 28.4877 23 196.231
      vertex 28.4877 25 196.231
    endloop
  endfacet
  facet normal 0.826297 0 0.563234
    outer loop
      vertex 28.4877 23 196.231
      vertex 29.3397 23 194.981
      vertex 28.4877 25 196.231
    endloop
  endfacet
  facet normal 0.826297 0 0.563234
    outer loop
      vertex 28.4877 25 196.231
      vertex 29.3397 23 194.981
      vertex 29.3397 25 194.981
    endloop
  endfacet
  facet normal 0.849862 0 0.527004
    outer loop
      vertex 29.3397 23 194.981
      vertex 30.1368 23 193.695
      vertex 29.3397 25 194.981
    endloop
  endfacet
  facet normal 0.849862 0 0.527004
    outer loop
      vertex 29.3397 25 194.981
      vertex 30.1368 23 193.695
      vertex 30.1368 25 193.695
    endloop
  endfacet
  facet normal 0.871842 0 0.489787
    outer loop
      vertex 30.1368 23 193.695
      vertex 30.8777 23 192.376
      vertex 30.1368 25 193.695
    endloop
  endfacet
  facet normal 0.871842 0 0.489787
    outer loop
      vertex 30.1368 25 193.695
      vertex 30.8777 23 192.376
      vertex 30.8777 25 192.376
    endloop
  endfacet
  facet normal 0.892189 0 0.451662
    outer loop
      vertex 30.8777 23 192.376
      vertex 31.5609 23 191.027
      vertex 30.8777 25 192.376
    endloop
  endfacet
  facet normal 0.892189 0 0.451662
    outer loop
      vertex 30.8777 25 192.376
      vertex 31.5609 23 191.027
      vertex 31.5609 25 191.027
    endloop
  endfacet
  facet normal 0.910872 0 0.41269
    outer loop
      vertex 31.5609 23 191.027
      vertex 32.1852 23 189.649
      vertex 31.5609 25 191.027
    endloop
  endfacet
  facet normal 0.910872 0 0.41269
    outer loop
      vertex 31.5609 25 191.027
      vertex 32.1852 23 189.649
      vertex 32.1852 25 189.649
    endloop
  endfacet
  facet normal 0.927852 0 0.372948
    outer loop
      vertex 32.1852 23 189.649
      vertex 32.7494 23 188.245
      vertex 32.1852 25 189.649
    endloop
  endfacet
  facet normal 0.927852 0 0.372948
    outer loop
      vertex 32.1852 25 189.649
      vertex 32.7494 23 188.245
      vertex 32.7494 25 188.245
    endloop
  endfacet
  facet normal 0.943102 0 0.332504
    outer loop
      vertex 32.7494 23 188.245
      vertex 33.2523 23 186.819
      vertex 32.7494 25 188.245
    endloop
  endfacet
  facet normal 0.943102 0 0.332504
    outer loop
      vertex 32.7494 25 188.245
      vertex 33.2523 23 186.819
      vertex 33.2523 25 186.819
    endloop
  endfacet
  facet normal 0.956587 0 0.291446
    outer loop
      vertex 33.2523 23 186.819
      vertex 33.6932 23 185.372
      vertex 33.2523 25 186.819
    endloop
  endfacet
  facet normal 0.956587 0 0.291446
    outer loop
      vertex 33.2523 25 186.819
      vertex 33.6932 23 185.372
      vertex 33.6932 25 185.372
    endloop
  endfacet
  facet normal 0.968287 0 0.249839
    outer loop
      vertex 33.6932 23 185.372
      vertex 34.0711 23 183.907
      vertex 33.6932 25 185.372
    endloop
  endfacet
  facet normal 0.968287 0 0.249839
    outer loop
      vertex 33.6932 25 185.372
      vertex 34.0711 23 183.907
      vertex 34.0711 25 183.907
    endloop
  endfacet
  facet normal 0.978179 0 0.207766
    outer loop
      vertex 34.0711 23 183.907
      vertex 34.3854 23 182.427
      vertex 34.0711 25 183.907
    endloop
  endfacet
  facet normal 0.978179 0 0.207766
    outer loop
      vertex 34.0711 25 183.907
      vertex 34.3854 23 182.427
      vertex 34.3854 25 182.427
    endloop
  endfacet
  facet normal 0.986242 0 0.165308
    outer loop
      vertex 34.3854 23 182.427
      vertex 34.6354 23 180.936
      vertex 34.3854 25 182.427
    endloop
  endfacet
  facet normal 0.986242 0 0.165308
    outer loop
      vertex 34.3854 25 182.427
      vertex 34.6354 23 180.936
      vertex 34.6354 25 180.936
    endloop
  endfacet
  facet normal 0.992464 0 0.122538
    outer loop
      vertex 34.6354 23 180.936
      vertex 34.8208 23 179.434
      vertex 34.6354 25 180.936
    endloop
  endfacet
  facet normal 0.992464 0 0.122538
    outer loop
      vertex 34.6354 25 180.936
      vertex 34.8208 23 179.434
      vertex 34.8208 25 179.434
    endloop
  endfacet
  facet normal 0.996832 0 0.0795418
    outer loop
      vertex 34.8208 23 179.434
      vertex 34.9411 23 177.926
      vertex 34.8208 25 179.434
    endloop
  endfacet
  facet normal 0.996832 0 0.0795418
    outer loop
      vertex 34.8208 25 179.434
      vertex 34.9411 23 177.926
      vertex 34.9411 25 177.926
    endloop
  endfacet
  facet normal 0.999338 0 0.0363943
    outer loop
      vertex 34.9411 23 177.926
      vertex 34.9962 23 176.415
      vertex 34.9411 25 177.926
    endloop
  endfacet
  facet normal 0.999338 0 0.0363943
    outer loop
      vertex 34.9411 25 177.926
      vertex 34.9962 23 176.415
      vertex 34.9962 25 176.415
    endloop
  endfacet
  facet normal 0.999977 0 -0.0068193
    outer loop
      vertex 34.9962 23 176.415
      vertex 34.9859 23 174.902
      vertex 34.9962 25 176.415
    endloop
  endfacet
  facet normal 0.999977 0 -0.0068193
    outer loop
      vertex 34.9962 25 176.415
      vertex 34.9859 23 174.902
      vertex 34.9859 25 174.902
    endloop
  endfacet
  facet normal 0.998748 0 -0.0500206
    outer loop
      vertex 34.9859 23 174.902
      vertex 34.9102 23 173.391
      vertex 34.9859 25 174.902
    endloop
  endfacet
  facet normal 0.998748 0 -0.0500206
    outer loop
      vertex 34.9859 25 174.902
      vertex 34.9102 23 173.391
      vertex 34.9102 25 173.391
    endloop
  endfacet
  facet normal 0.995654 0 -0.0931308
    outer loop
      vertex 34.9102 23 173.391
      vertex 34.7693 23 171.885
      vertex 34.9102 25 173.391
    endloop
  endfacet
  facet normal 0.995654 0 -0.0931308
    outer loop
      vertex 34.9102 25 173.391
      vertex 34.7693 23 171.885
      vertex 34.7693 25 171.885
    endloop
  endfacet
  facet normal 0.9907 0 -0.136061
    outer loop
      vertex 34.7693 23 171.885
      vertex 34.5635 23 170.387
      vertex 34.7693 25 171.885
    endloop
  endfacet
  facet normal 0.9907 0 -0.136061
    outer loop
      vertex 34.7693 25 171.885
      vertex 34.5635 23 170.387
      vertex 34.5635 25 170.387
    endloop
  endfacet
  facet normal 0.983896 0 -0.178744
    outer loop
      vertex 34.5635 23 170.387
      vertex 34.2931 23 168.898
      vertex 34.5635 25 170.387
    endloop
  endfacet
  facet normal 0.983896 0 -0.178744
    outer loop
      vertex 34.5635 25 170.387
      vertex 34.2931 23 168.898
      vertex 34.2931 25 168.898
    endloop
  endfacet
  facet normal 0.975253 0 -0.22109
    outer loop
      vertex 34.2931 23 168.898
      vertex 33.9587 23 167.423
      vertex 34.2931 25 168.898
    endloop
  endfacet
  facet normal 0.975253 0 -0.22109
    outer loop
      vertex 34.2931 25 168.898
      vertex 33.9587 23 167.423
      vertex 33.9587 25 167.423
    endloop
  endfacet
  facet normal 0.96479 0 -0.263022
    outer loop
      vertex 33.9587 23 167.423
      vertex 33.5608 23 165.964
      vertex 33.9587 25 167.423
    endloop
  endfacet
  facet normal 0.96479 0 -0.263022
    outer loop
      vertex 33.9587 25 167.423
      vertex 33.5608 23 165.964
      vertex 33.5608 25 165.964
    endloop
  endfacet
  facet normal 0.952524 0 -0.304462
    outer loop
      vertex 33.5608 23 165.964
      vertex 33.1003 23 164.523
      vertex 33.5608 25 165.964
    endloop
  endfacet
  facet normal 0.952524 0 -0.304462
    outer loop
      vertex 33.5608 25 165.964
      vertex 33.1003 23 164.523
      vertex 33.1003 25 164.523
    endloop
  endfacet
  facet normal 0.938478 0 -0.345339
    outer loop
      vertex 33.1003 23 164.523
      vertex 32.5779 23 163.103
      vertex 33.1003 25 164.523
    endloop
  endfacet
  facet normal 0.938478 0 -0.345339
    outer loop
      vertex 33.1003 25 164.523
      vertex 32.5779 23 163.103
      vertex 32.5779 25 163.103
    endloop
  endfacet
  facet normal 0.92268 0 -0.385566
    outer loop
      vertex 32.5779 23 163.103
      vertex 31.9947 23 161.708
      vertex 32.5779 25 163.103
    endloop
  endfacet
  facet normal 0.92268 0 -0.385566
    outer loop
      vertex 32.5779 25 163.103
      vertex 31.9947 23 161.708
      vertex 31.9947 25 161.708
    endloop
  endfacet
  facet normal 0.905158 0 -0.425075
    outer loop
      vertex 31.9947 23 161.708
      vertex 31.3517 23 160.338
      vertex 31.9947 25 161.708
    endloop
  endfacet
  facet normal 0.905158 0 -0.425075
    outer loop
      vertex 31.9947 25 161.708
      vertex 31.3517 23 160.338
      vertex 31.3517 25 160.338
    endloop
  endfacet
  facet normal 0.885948 0 -0.463785
    outer loop
      vertex 31.3517 23 160.338
      vertex 30.6501 23 158.998
      vertex 31.3517 25 160.338
    endloop
  endfacet
  facet normal 0.885948 0 -0.463785
    outer loop
      vertex 31.3517 25 160.338
      vertex 30.6501 23 158.998
      vertex 30.6501 25 158.998
    endloop
  endfacet
  facet normal 0.865079 0 -0.501635
    outer loop
      vertex 30.6501 23 158.998
      vertex 29.8913 23 157.69
      vertex 30.6501 25 158.998
    endloop
  endfacet
  facet normal 0.865079 0 -0.501635
    outer loop
      vertex 30.6501 25 158.998
      vertex 29.8913 23 157.69
      vertex 29.8913 25 157.69
    endloop
  endfacet
  facet normal 0.842594 0 -0.538549
    outer loop
      vertex 29.8913 23 157.69
      vertex 29.0767 23 156.415
      vertex 29.8913 25 157.69
    endloop
  endfacet
  facet normal 0.842594 0 -0.538549
    outer loop
      vertex 29.8913 25 157.69
      vertex 29.0767 23 156.415
      vertex 29.0767 25 156.415
    endloop
  endfacet
  facet normal 0.818541 0 -0.574448
    outer loop
      vertex 29.0767 23 156.415
      vertex 28.2077 23 155.177
      vertex 29.0767 25 156.415
    endloop
  endfacet
  facet normal 0.818541 0 -0.574448
    outer loop
      vertex 29.0767 25 156.415
      vertex 28.2077 23 155.177
      vertex 28.2077 25 155.177
    endloop
  endfacet
  facet normal 0.792952 0 -0.609284
    outer loop
      vertex 28.2077 23 155.177
      vertex 27.2861 23 153.977
      vertex 28.2077 25 155.177
    endloop
  endfacet
  facet normal 0.792952 0 -0.609284
    outer loop
      vertex 28.2077 25 155.177
      vertex 27.2861 23 153.977
      vertex 27.2861 25 153.977
    endloop
  endfacet
  facet normal 0.765888 0 -0.642974
    outer loop
      vertex 27.2861 23 153.977
      vertex 26.3135 23 152.819
      vertex 27.2861 25 153.977
    endloop
  endfacet
  facet normal 0.765888 0 -0.642974
    outer loop
      vertex 27.2861 25 153.977
      vertex 26.3135 23 152.819
      vertex 26.3135 25 152.819
    endloop
  endfacet
  facet normal 0.737386 0 -0.675472
    outer loop
      vertex 26.3135 23 152.819
      vertex 25.2917 23 151.703
      vertex 26.3135 25 152.819
    endloop
  endfacet
  facet normal 0.737386 0 -0.675472
    outer loop
      vertex 26.3135 25 152.819
      vertex 25.2917 23 151.703
      vertex 25.2917 25 151.703
    endloop
  endfacet
  facet normal 0.707514 0 -0.706699
    outer loop
      vertex 25.2917 23 151.703
      vertex 24.2227 23 150.633
      vertex 25.2917 25 151.703
    endloop
  endfacet
  facet normal 0.707514 0 -0.706699
    outer loop
      vertex 25.2917 25 151.703
      vertex 24.2227 23 150.633
      vertex 24.2227 25 150.633
    endloop
  endfacet
  facet normal 0.676322 0 -0.736606
    outer loop
      vertex 24.2227 23 150.633
      vertex 23.1085 23 149.61
      vertex 24.2227 25 150.633
    endloop
  endfacet
  facet normal 0.676322 0 -0.736606
    outer loop
      vertex 24.2227 25 150.633
      vertex 23.1085 23 149.61
      vertex 23.1085 25 149.61
    endloop
  endfacet
  facet normal 0.643857 0 -0.765146
    outer loop
      vertex 23.1085 23 149.61
      vertex 21.9511 23 148.636
      vertex 23.1085 25 149.61
    endloop
  endfacet
  facet normal 0.643857 0 -0.765146
    outer loop
      vertex 23.1085 25 149.61
      vertex 21.9511 23 148.636
      vertex 21.9511 25 148.636
    endloop
  endfacet
  facet normal 0.610196 0 -0.792251
    outer loop
      vertex 21.9511 23 148.636
      vertex 20.7526 23 147.713
      vertex 21.9511 25 148.636
    endloop
  endfacet
  facet normal 0.610196 0 -0.792251
    outer loop
      vertex 21.9511 25 148.636
      vertex 20.7526 23 147.713
      vertex 20.7526 25 147.713
    endloop
  endfacet
  facet normal 0.575393 0 -0.817877
    outer loop
      vertex 20.7526 23 147.713
      vertex 19.5155 23 146.843
      vertex 20.7526 25 147.713
    endloop
  endfacet
  facet normal 0.575393 0 -0.817877
    outer loop
      vertex 20.7526 25 147.713
      vertex 19.5155 23 146.843
      vertex 19.5155 25 146.843
    endloop
  endfacet
  facet normal 0.539516 0 -0.841975
    outer loop
      vertex 19.5155 23 146.843
      vertex 18.2418 23 146.027
      vertex 19.5155 25 146.843
    endloop
  endfacet
  facet normal 0.539516 0 -0.841975
    outer loop
      vertex 19.5155 25 146.843
      vertex 18.2418 23 146.027
      vertex 18.2418 25 146.027
    endloop
  endfacet
  facet normal 0.502626 0 -0.864504
    outer loop
      vertex 18.2418 23 146.027
      vertex 16.9341 23 145.266
      vertex 18.2418 25 146.027
    endloop
  endfacet
  facet normal 0.502626 0 -0.864504
    outer loop
      vertex 18.2418 25 146.027
      vertex 16.9341 23 145.266
      vertex 16.9341 25 145.266
    endloop
  endfacet
  facet normal 0.464815 0 -0.885408
    outer loop
      vertex 16.9341 23 145.266
      vertex 15.5948 23 144.563
      vertex 16.9341 25 145.266
    endloop
  endfacet
  facet normal 0.464815 0 -0.885408
    outer loop
      vertex 16.9341 25 145.266
      vertex 15.5948 23 144.563
      vertex 15.5948 25 144.563
    endloop
  endfacet
  facet normal 0.426113 0 -0.90467
    outer loop
      vertex 15.5948 23 144.563
      vertex 14.2264 23 143.919
      vertex 15.5948 25 144.563
    endloop
  endfacet
  facet normal 0.426113 0 -0.90467
    outer loop
      vertex 15.5948 25 144.563
      vertex 14.2264 23 143.919
      vertex 14.2264 25 143.919
    endloop
  endfacet
  facet normal 0.386629 0 -0.922235
    outer loop
      vertex 14.2264 23 143.919
      vertex 12.8313 23 143.334
      vertex 14.2264 25 143.919
    endloop
  endfacet
  facet normal 0.386629 0 -0.922235
    outer loop
      vertex 14.2264 25 143.919
      vertex 12.8313 23 143.334
      vertex 12.8313 25 143.334
    endloop
  endfacet
  facet normal 0.346418 0 -0.93808
    outer loop
      vertex 12.8313 23 143.334
      vertex 11.4123 23 142.81
      vertex 12.8313 25 143.334
    endloop
  endfacet
  facet normal 0.346418 0 -0.93808
    outer loop
      vertex 12.8313 25 143.334
      vertex 11.4123 23 142.81
      vertex 11.4123 25 142.81
    endloop
  endfacet
  facet normal 0.305557 0 -0.952174
    outer loop
      vertex 11.4123 23 142.81
      vertex 9.97201 23 142.348
      vertex 11.4123 25 142.81
    endloop
  endfacet
  facet normal 0.305557 0 -0.952174
    outer loop
      vertex 11.4123 25 142.81
      vertex 9.97201 23 142.348
      vertex 9.97201 25 142.348
    endloop
  endfacet
  facet normal 0.264142 0 -0.964484
    outer loop
      vertex 9.97201 23 142.348
      vertex 8.51306 23 141.948
      vertex 9.97201 25 142.348
    endloop
  endfacet
  facet normal 0.264142 0 -0.964484
    outer loop
      vertex 9.97201 25 142.348
      vertex 8.51306 23 141.948
      vertex 8.51306 25 141.948
    endloop
  endfacet
  facet normal 0.222208 0 -0.974999
    outer loop
      vertex 8.51306 23 141.948
      vertex 7.03822 23 141.612
      vertex 8.51306 25 141.948
    endloop
  endfacet
  facet normal 0.222208 0 -0.974999
    outer loop
      vertex 8.51306 25 141.948
      vertex 7.03822 23 141.612
      vertex 7.03822 25 141.612
    endloop
  endfacet
  facet normal 0.179878 0 -0.983689
    outer loop
      vertex 7.03822 23 141.612
      vertex 5.55022 23 141.34
      vertex 7.03822 25 141.612
    endloop
  endfacet
  facet normal 0.179878 0 -0.983689
    outer loop
      vertex 7.03822 25 141.612
      vertex 5.55022 23 141.34
      vertex 5.55022 25 141.34
    endloop
  endfacet
  facet normal 0.137204 0 -0.990543
    outer loop
      vertex 5.55022 23 141.34
      vertex 4.05187 23 141.132
      vertex 5.55022 25 141.34
    endloop
  endfacet
  facet normal 0.137204 0 -0.990543
    outer loop
      vertex 5.55022 25 141.34
      vertex 4.05187 23 141.132
      vertex 4.05187 25 141.132
    endloop
  endfacet
  facet normal 0.0942735 0 -0.995546
    outer loop
      vertex 4.05187 23 141.132
      vertex 2.54594 23 140.99
      vertex 4.05187 25 141.132
    endloop
  endfacet
  facet normal 0.0942735 0 -0.995546
    outer loop
      vertex 4.05187 25 141.132
      vertex 2.54594 23 140.99
      vertex 2.54594 25 140.99
    endloop
  endfacet
  facet normal 0.0511756 0 -0.99869
    outer loop
      vertex 2.54594 23 140.99
      vertex 1.03526 23 140.912
      vertex 2.54594 25 140.99
    endloop
  endfacet
  facet normal 0.0511756 0 -0.99869
    outer loop
      vertex 2.54594 25 140.99
      vertex 1.03526 23 140.912
      vertex 1.03526 25 140.912
    endloop
  endfacet
  facet normal 0.00796941 0 -0.999968
    outer loop
      vertex 1.03526 23 140.912
      vertex -0.477361 23 140.9
      vertex 1.03526 25 140.912
    endloop
  endfacet
  facet normal 0.00796941 0 -0.999968
    outer loop
      vertex 1.03526 25 140.912
      vertex -0.477361 23 140.9
      vertex -0.477361 25 140.9
    endloop
  endfacet
  facet normal 0 0 1
    outer loop
      vertex 2.03436e-14 25 210.897
      vertex -5 25 210.897
      vertex 2.03436e-14 23 210.897
    endloop
  endfacet
  facet normal 0 0 1
    outer loop
      vertex -5 25 210.897
      vertex -5 23 210.897
      vertex 2.03436e-14 23 210.897
    endloop
  endfacet
  facet normal -0.0136389 0 -0.999907
    outer loop
      vertex -299.269 23.5 139.976
      vertex -299.269 24.5 139.976
      vertex -219.269 23.3592 138.885
    endloop
  endfacet
  facet normal -0.0136389 0 -0.999907
    outer loop
      vertex -299.269 24.5 139.976
      vertex -219.269 24.6408 138.885
      vertex -219.269 23.3592 138.885
    endloop
  endfacet
  facet normal -1 0 0
    outer loop
      vertex -299.269 23.5 139.976
      vertex -299.269 23.5 159.836
      vertex -299.269 24.5 139.976
    endloop
  endfacet
  facet normal -1 0 0
    outer loop
      vertex -299.269 23.5 159.836
      vertex -299.269 23.5094 159.841
      vertex -299.269 24.5 139.976
    endloop
  endfacet
  facet normal -1 0 0
    outer loop
      vertex -299.269 24.5 139.976
      vertex -299.269 23.5094 159.841
      vertex -299.269 23.5455 159.861
    endloop
  endfacet
  facet normal -1 0 0
    outer loop
      vertex -299.269 24.5 139.976
      vertex -299.269 24.006 159.97
      vertex -299.269 24.0475 159.969
    endloop
  endfacet
  facet normal -1 0 0
    outer loop
      vertex -299.269 23.5455 159.861
      vertex -299.269 23.5825 159.879
      vertex -299.269 24.5 139.976
    endloop
  endfacet
  facet normal -1 0 0
    outer loop
      vertex -299.269 23.5825 159.879
      vertex -299.269 23.6202 159.895
      vertex -299.269 24.5 139.976
    endloop
  endfacet
  facet normal -1 0 0
    outer loop
      vertex -299.269 24.5 139.976
      vertex -299.269 23.6202 159.895
      vertex -299.269 23.6586 159.91
    endloop
  endfacet
  facet normal -1 0 0
    outer loop
      vertex -299.269 24.0475 159.969
      vertex -299.269 24.0889 159.966
      vertex -299.269 24.5 139.976
    endloop
  endfacet
  facet normal -1 0 0
    outer loop
      vertex -299.269 24.0889 159.966
      vertex -299.269 24.1302 159.962
      vertex -299.269 24.5 139.976
    endloop
  endfacet
  facet normal -1 0 0
    outer loop
      vertex -299.269 24.5 139.976
      vertex -299.269 24.1302 159.962
      vertex -299.269 24.1713 159.955
    endloop
  endfacet
  facet normal -1 0 0
    outer loop
      vertex -299.269 23.6586 159.91
      vertex -299.269 23.6976 159.923
      vertex -299.269 24.5 139.976
    endloop
  endfacet
  facet normal -1 0 0
    outer loop
      vertex -299.269 23.6976 159.923
      vertex -299.269 23.7371 159.935
      vertex -299.269 24.5 139.976
    endloop
  endfacet
  facet normal -1 0 0
    outer loop
      vertex -299.269 24.5 139.976
      vertex -299.269 23.7371 159.935
      vertex -299.269 23.7771 159.945
    endloop
  endfacet
  facet normal -1 0 0
    outer loop
      vertex -299.269 24.1713 159.955
      vertex -299.269 24.2122 159.947
      vertex -299.269 24.5 139.976
    endloop
  endfacet
  facet normal -1 0 0
    outer loop
      vertex -299.269 24.2122 159.947
      vertex -299.269 24.2527 159.938
      vertex -299.269 24.5 139.976
    endloop
  endfacet
  facet normal -1 0 0
    outer loop
      vertex -299.269 24.5 139.976
      vertex -299.269 24.2527 159.938
      vertex -299.269 24.2928 159.926
    endloop
  endfacet
  facet normal -1 0 0
    outer loop
      vertex -299.269 23.7771 159.945
      vertex -299.269 23.8176 159.953
      vertex -299.269 24.5 139.976
    endloop
  endfacet
  facet normal -1 0 0
    outer loop
      vertex -299.269 23.8176 159.953
      vertex -299.269 23.8583 159.96
      vertex -299.269 24.5 139.976
    endloop
  endfacet
  facet normal -1 0 0
    outer loop
      vertex -299.269 24.5 139.976
      vertex -299.269 23.8583 159.96
      vertex -299.269 23.8994 159.965
    endloop
  endfacet
  facet normal -1 0 0
    outer loop
      vertex -299.269 23.8994 159.965
      vertex -299.269 23.9407 159.968
      vertex -299.269 24.5 139.976
    endloop
  endfacet
  facet normal -1 0 0
    outer loop
      vertex -299.269 23.9407 159.968
      vertex -299.269 23.9821 159.97
      vertex -299.269 24.5 139.976
    endloop
  endfacet
  facet normal -1 0 0
    outer loop
      vertex -299.269 24.5 139.976
      vertex -299.269 23.9821 159.97
      vertex -299.269 24.006 159.97
    endloop
  endfacet
  facet normal -1 0 0
    outer loop
      vertex -299.269 24.2928 159.926
      vertex -299.269 24.3325 159.913
      vertex -299.269 24.5 139.976
    endloop
  endfacet
  facet normal -1 0 0
    outer loop
      vertex -299.269 24.3325 159.913
      vertex -299.269 24.3716 159.898
      vertex -299.269 24.5 139.976
    endloop
  endfacet
  facet normal -1 0 0
    outer loop
      vertex -299.269 24.5 139.976
      vertex -299.269 24.3716 159.898
      vertex -299.269 24.4101 159.882
    endloop
  endfacet
  facet normal -1 0 0
    outer loop
      vertex -299.269 24.4101 159.882
      vertex -299.269 24.4479 159.864
      vertex -299.269 24.5 139.976
    endloop
  endfacet
  facet normal -1 0 0
    outer loop
      vertex -299.269 24.4479 159.864
      vertex -299.269 24.4849 159.845
      vertex -299.269 24.5 139.976
    endloop
  endfacet
  facet normal -1 0 0
    outer loop
      vertex -299.269 24.5 139.976
      vertex -299.269 24.4849 159.845
      vertex -299.269 24.5 159.836
    endloop
  endfacet
  facet normal -0.178814 -0.224229 0.957991
    outer loop
      vertex -135.02 23.7667 190.6
      vertex -135.033 23.7771 190.6
      vertex -299.269 23.7771 159.945
    endloop
  endfacet
  facet normal -0.183428 -0.0253183 0.982707
    outer loop
      vertex -135.165 23.9663 190.6
      vertex -135.167 23.9821 190.6
      vertex -299.269 23.9821 159.97
    endloop
  endfacet
  facet normal -0.182202 0.118098 0.976143
    outer loop
      vertex -135.136 24.11 190.6
      vertex -135.123 24.1302 190.6
      vertex -299.269 24.1302 159.962
    endloop
  endfacet
  facet normal -0.178167 0.239042 0.954524
    outer loop
      vertex -135.021 24.233 190.6
      vertex -134.994 24.2527 190.6
      vertex -299.269 24.2527 159.938
    endloop
  endfacet
  facet normal -0.160345 0.485775 0.859251
    outer loop
      vertex -289.255 24.5176 161.695
      vertex -299.269 24.5 159.836
      vertex -299.269 24.4849 159.845
    endloop
  endfacet
  facet normal -0.159242 0.496793 0.853134
    outer loop
      vertex -134.496 24.4849 190.6
      vertex -134.383 24.5212 190.6
      vertex -289.255 24.5176 161.695
    endloop
  endfacet
  facet normal -0.155991 0.526546 0.835713
    outer loop
      vertex -289.255 24.5176 161.695
      vertex -134.383 24.5212 190.6
      vertex -272.037 24.5479 164.89
    endloop
  endfacet
  facet normal -0.155314 0.53244 0.832097
    outer loop
      vertex -134.383 24.5212 190.6
      vertex -134.262 24.5566 190.6
      vertex -272.037 24.5479 164.89
    endloop
  endfacet
  facet normal -0.152346 0.557348 0.816182
    outer loop
      vertex -272.037 24.5479 164.89
      vertex -134.262 24.5566 190.6
      vertex -254.58 24.5787 168.127
    endloop
  endfacet
  facet normal -0.15106 0.567629 0.809307
    outer loop
      vertex -134.262 24.5566 190.6
      vertex -134.13 24.5917 190.6
      vertex -254.58 24.5787 168.127
    endloop
  endfacet
  facet normal -0.148366 0.588378 0.794858
    outer loop
      vertex -254.58 24.5787 168.127
      vertex -134.13 24.5917 190.6
      vertex -236.864 24.6099 171.411
    endloop
  endfacet
  facet normal -0.14657 0.601573 0.785256
    outer loop
      vertex -134.13 24.5917 190.6
      vertex -133.996 24.6244 190.6
      vertex -236.864 24.6099 171.411
    endloop
  endfacet
  facet normal -0.14396 0.620043 0.771247
    outer loop
      vertex -236.864 24.6099 171.411
      vertex -133.996 24.6244 190.6
      vertex -218.865 24.6415 174.745
    endloop
  endfacet
  facet normal -0.141828 0.634433 0.759855
    outer loop
      vertex -133.996 24.6244 190.6
      vertex -133.849 24.6572 190.6
      vertex -218.865 24.6415 174.745
    endloop
  endfacet
  facet normal -0.139076 0.652315 0.745079
    outer loop
      vertex -218.865 24.6415 174.745
      vertex -133.849 24.6572 190.6
      vertex -200.561 24.6738 178.133
    endloop
  endfacet
  facet normal -0.136807 0.66638 0.732954
    outer loop
      vertex -133.849 24.6572 190.6
      vertex -133.699 24.6879 190.6
      vertex -200.561 24.6738 178.133
    endloop
  endfacet
  facet normal -0.133594 0.685511 0.715701
    outer loop
      vertex -200.561 24.6738 178.133
      vertex -133.699 24.6879 190.6
      vertex -181.927 24.7066 181.58
    endloop
  endfacet
  facet normal -0.131525 0.697244 0.704665
    outer loop
      vertex -133.699 24.6879 190.6
      vertex -133.537 24.7185 190.6
      vertex -181.927 24.7066 181.58
    endloop
  endfacet
  facet normal -0.127454 0.719405 0.682797
    outer loop
      vertex -181.927 24.7066 181.58
      vertex -133.537 24.7185 190.6
      vertex -162.936 24.74 185.09
    endloop
  endfacet
  facet normal -0.125947 0.727186 0.674787
    outer loop
      vertex -133.537 24.7185 190.6
      vertex -133.371 24.7472 190.6
      vertex -162.936 24.74 185.09
    endloop
  endfacet
  facet normal -0.120571 0.753836 0.645906
    outer loop
      vertex -162.936 24.74 185.09
      vertex -133.371 24.7472 190.6
      vertex -143.575 24.7741 188.664
    endloop
  endfacet
  facet normal -0.120257 0.75528 0.644275
    outer loop
      vertex -133.371 24.7472 190.6
      vertex -133.202 24.7741 190.6
      vertex -143.575 24.7741 188.664
    endloop
  endfacet
  facet normal -0.115232 0.778202 0.617351
    outer loop
      vertex -143.575 24.7741 188.664
      vertex -133.202 24.7741 190.6
      vertex -133.078 24.7926 190.6
    endloop
  endfacet
  facet normal -0.159438 0.49492 0.854186
    outer loop
      vertex -289.255 24.5176 161.695
      vertex -299.269 24.4849 159.845
      vertex -134.496 24.4849 190.6
    endloop
  endfacet
  facet normal -0.162888 0.460347 0.872667
    outer loop
      vertex -299.269 24.4849 159.845
      vertex -299.269 24.4479 159.864
      vertex -134.496 24.4849 190.6
    endloop
  endfacet
  facet normal -0.162898 0.460244 0.87272
    outer loop
      vertex -134.496 24.4849 190.6
      vertex -299.269 24.4479 159.864
      vertex -134.601 24.4479 190.6
    endloop
  endfacet
  facet normal -0.166261 0.423013 0.89074
    outer loop
      vertex -299.269 24.4479 159.864
      vertex -299.269 24.4101 159.882
      vertex -134.601 24.4479 190.6
    endloop
  endfacet
  facet normal -0.166251 0.423134 0.890684
    outer loop
      vertex -134.601 24.4479 190.6
      vertex -299.269 24.4101 159.882
      vertex -134.697 24.4101 190.6
    endloop
  endfacet
  facet normal -0.169325 0.385231 0.907153
    outer loop
      vertex -299.269 24.4101 159.882
      vertex -299.269 24.3716 159.898
      vertex -134.697 24.4101 190.6
    endloop
  endfacet
  facet normal -0.169321 0.385279 0.907133
    outer loop
      vertex -134.697 24.4101 190.6
      vertex -299.269 24.3716 159.898
      vertex -134.785 24.3716 190.6
    endloop
  endfacet
  facet normal -0.172081 0.347059 0.921921
    outer loop
      vertex -299.269 24.3325 159.913
      vertex -134.863 24.3325 190.6
      vertex -299.269 24.3716 159.898
    endloop
  endfacet
  facet normal -0.172733 0.337344 0.925398
    outer loop
      vertex -134.863 24.3325 190.6
      vertex -134.824 24.3525 190.6
      vertex -299.269 24.3716 159.898
    endloop
  endfacet
  facet normal -0.171419 0.356671 0.918369
    outer loop
      vertex -299.269 24.3716 159.898
      vertex -134.824 24.3525 190.6
      vertex -134.785 24.3716 190.6
    endloop
  endfacet
  facet normal -0.176758 0.268328 0.946972
    outer loop
      vertex -299.269 24.2527 159.938
      vertex -134.994 24.2527 190.6
      vertex -299.269 24.2928 159.926
    endloop
  endfacet
  facet normal -0.177231 0.258941 0.949494
    outer loop
      vertex -134.994 24.2527 190.6
      vertex -134.964 24.2734 190.6
      vertex -299.269 24.2928 159.926
    endloop
  endfacet
  facet normal -0.176221 0.27861 0.944099
    outer loop
      vertex -134.964 24.2734 190.6
      vertex -134.933 24.2928 190.6
      vertex -299.269 24.2928 159.926
    endloop
  endfacet
  facet normal -0.174572 0.307903 0.935265
    outer loop
      vertex -299.269 24.2928 159.926
      vertex -134.933 24.2928 190.6
      vertex -299.269 24.3325 159.913
    endloop
  endfacet
  facet normal -0.17513 0.298383 0.938241
    outer loop
      vertex -134.933 24.2928 190.6
      vertex -134.899 24.3132 190.6
      vertex -299.269 24.3325 159.913
    endloop
  endfacet
  facet normal -0.173964 0.31796 0.932007
    outer loop
      vertex -299.269 24.3325 159.913
      vertex -134.899 24.3132 190.6
      vertex -134.863 24.3325 190.6
    endloop
  endfacet
  facet normal -0.17999 0.194317 0.964285
    outer loop
      vertex -135.068 24.1923 190.6
      vertex -135.057 24.2024 190.6
      vertex -299.269 24.2122 159.947
    endloop
  endfacet
  facet normal -0.179634 0.203851 0.962381
    outer loop
      vertex -135.057 24.2024 190.6
      vertex -135.046 24.2122 190.6
      vertex -299.269 24.2122 159.947
    endloop
  endfacet
  facet normal -0.178609 0.229031 0.956893
    outer loop
      vertex -299.269 24.2122 159.947
      vertex -135.046 24.2122 190.6
      vertex -299.269 24.2527 159.938
    endloop
  endfacet
  facet normal -0.179245 0.213869 0.960277
    outer loop
      vertex -135.046 24.2122 190.6
      vertex -135.034 24.2228 190.6
      vertex -299.269 24.2527 159.938
    endloop
  endfacet
  facet normal -0.178818 0.224186 0.958
    outer loop
      vertex -299.269 24.2527 159.938
      vertex -135.034 24.2228 190.6
      vertex -135.021 24.233 190.6
    endloop
  endfacet
  facet normal -0.181457 0.148308 0.972151
    outer loop
      vertex -299.269 24.1302 159.962
      vertex -135.123 24.1302 190.6
      vertex -299.269 24.1713 159.955
    endloop
  endfacet
  facet normal -0.181853 0.133308 0.974248
    outer loop
      vertex -135.123 24.1302 190.6
      vertex -135.115 24.141 190.6
      vertex -299.269 24.1713 159.955
    endloop
  endfacet
  facet normal -0.181581 0.143811 0.972804
    outer loop
      vertex -299.269 24.1713 159.955
      vertex -135.115 24.141 190.6
      vertex -135.106 24.1514 190.6
    endloop
  endfacet
  facet normal -0.1813 0.15394 0.971305
    outer loop
      vertex -135.106 24.1514 190.6
      vertex -135.098 24.1615 190.6
      vertex -299.269 24.1713 159.955
    endloop
  endfacet
  facet normal -0.181017 0.1635 0.969794
    outer loop
      vertex -135.098 24.1615 190.6
      vertex -135.089 24.1713 190.6
      vertex -299.269 24.1713 159.955
    endloop
  endfacet
  facet normal -0.180202 0.188367 0.965425
    outer loop
      vertex -299.269 24.1713 159.955
      vertex -135.089 24.1713 190.6
      vertex -299.269 24.2122 159.947
    endloop
  endfacet
  facet normal -0.180695 0.173872 0.968048
    outer loop
      vertex -135.089 24.1713 190.6
      vertex -135.079 24.182 190.6
      vertex -299.269 24.2122 159.947
    endloop
  endfacet
  facet normal -0.180359 0.183898 0.966257
    outer loop
      vertex -299.269 24.2122 159.947
      vertex -135.079 24.182 190.6
      vertex -135.068 24.1923 190.6
    endloop
  endfacet
  facet normal -0.183074 0.0670309 0.980811
    outer loop
      vertex -299.269 24.0475 159.969
      vertex -135.162 24.0475 190.6
      vertex -299.269 24.0889 159.966
    endloop
  endfacet
  facet normal -0.183216 0.0545523 0.981558
    outer loop
      vertex -135.162 24.0475 190.6
      vertex -135.157 24.0634 190.6
      vertex -299.269 24.0889 159.966
    endloop
  endfacet
  facet normal -0.183038 0.0699138 0.980617
    outer loop
      vertex -135.157 24.0634 190.6
      vertex -135.152 24.0789 190.6
      vertex -299.269 24.0889 159.966
    endloop
  endfacet
  facet normal -0.18286 0.0825493 0.979667
    outer loop
      vertex -135.152 24.0789 190.6
      vertex -135.147 24.0889 190.6
      vertex -299.269 24.0889 159.966
    endloop
  endfacet
  facet normal -0.182416 0.107872 0.977286
    outer loop
      vertex -299.269 24.0889 159.966
      vertex -135.147 24.0889 190.6
      vertex -299.269 24.1302 159.962
    endloop
  endfacet
  facet normal -0.182742 0.0902493 0.97901
    outer loop
      vertex -135.147 24.0889 190.6
      vertex -135.144 24.0942 190.6
      vertex -299.269 24.1302 159.962
    endloop
  endfacet
  facet normal -0.182564 0.10026 0.978069
    outer loop
      vertex -299.269 24.1302 159.962
      vertex -135.144 24.0942 190.6
      vertex -135.136 24.11 190.6
    endloop
  endfacet
  facet normal -0.183484 -0.0055109 0.983007
    outer loop
      vertex -299.269 23.9821 159.97
      vertex -135.167 23.9821 190.6
      vertex -299.269 24.006 159.97
    endloop
  endfacet
  facet normal -0.18348 -0.00882773 0.982984
    outer loop
      vertex -135.167 23.9821 190.6
      vertex -135.168 24 190.6
      vertex -299.269 24.006 159.97
    endloop
  endfacet
  facet normal -0.18348 0.00815468 0.98299
    outer loop
      vertex -135.168 24 190.6
      vertex -135.168 24.0165 190.6
      vertex -299.269 24.006 159.97
    endloop
  endfacet
  facet normal -0.183425 0.0261273 0.982686
    outer loop
      vertex -299.269 24.006 159.97
      vertex -135.168 24.0165 190.6
      vertex -299.269 24.0475 159.969
    endloop
  endfacet
  facet normal -0.183436 0.0238672 0.982742
    outer loop
      vertex -135.168 24.0165 190.6
      vertex -135.165 24.032 190.6
      vertex -299.269 24.0475 159.969
    endloop
  endfacet
  facet normal -0.183347 0.0389582 0.982276
    outer loop
      vertex -299.269 24.0475 159.969
      vertex -135.165 24.032 190.6
      vertex -135.162 24.0475 190.6
    endloop
  endfacet
  facet normal -0.182919 -0.0785615 0.979984
    outer loop
      vertex -299.269 23.8994 159.965
      vertex -135.141 23.8994 190.6
      vertex -299.269 23.9407 159.968
    endloop
  endfacet
  facet normal -0.182761 -0.0890048 0.97912
    outer loop
      vertex -135.141 23.8994 190.6
      vertex -135.151 23.9195 190.6
      vertex -299.269 23.9407 159.968
    endloop
  endfacet
  facet normal -0.18302 -0.071317 0.980519
    outer loop
      vertex -135.151 23.9195 190.6
      vertex -135.157 23.9353 190.6
      vertex -299.269 23.9407 159.968
    endloop
  endfacet
  facet normal -0.183141 -0.0613047 0.981173
    outer loop
      vertex -135.157 23.9353 190.6
      vertex -135.159 23.9406 190.6
      vertex -299.269 23.9407 159.968
    endloop
  endfacet
  facet normal -0.183353 -0.0381924 0.982305
    outer loop
      vertex -299.269 23.9407 159.968
      vertex -135.159 23.9406 190.6
      vertex -299.269 23.9821 159.97
    endloop
  endfacet
  facet normal -0.18323 -0.0532691 0.981626
    outer loop
      vertex -135.159 23.9406 190.6
      vertex -135.162 23.9508 190.6
      vertex -299.269 23.9821 159.97
    endloop
  endfacet
  facet normal -0.183335 -0.0407902 0.982204
    outer loop
      vertex -299.269 23.9821 159.97
      vertex -135.162 23.9508 190.6
      vertex -135.165 23.9663 190.6
    endloop
  endfacet
  facet normal -0.181282 -0.154561 0.971209
    outer loop
      vertex -135.097 23.8375 190.6
      vertex -135.106 23.8478 190.6
      vertex -299.269 23.8583 159.96
    endloop
  endfacet
  facet normal -0.18156 -0.144532 0.972701
    outer loop
      vertex -135.106 23.8478 190.6
      vertex -135.114 23.8583 190.6
      vertex -299.269 23.8583 159.96
    endloop
  endfacet
  facet normal -0.182182 -0.119026 0.976034
    outer loop
      vertex -299.269 23.8583 159.96
      vertex -135.114 23.8583 190.6
      vertex -299.269 23.8994 159.965
    endloop
  endfacet
  facet normal -0.181942 -0.129583 0.974733
    outer loop
      vertex -135.114 23.8583 190.6
      vertex -135.128 23.8783 190.6
      vertex -299.269 23.8994 159.965
    endloop
  endfacet
  facet normal -0.182389 -0.109224 0.977141
    outer loop
      vertex -299.269 23.8994 159.965
      vertex -135.128 23.8783 190.6
      vertex -135.141 23.8994 190.6
    endloop
  endfacet
  facet normal -0.179965 -0.194982 0.964155
    outer loop
      vertex -135.056 23.7967 190.6
      vertex -135.068 23.807 190.6
      vertex -299.269 23.8176 159.953
    endloop
  endfacet
  facet normal -0.180335 -0.184529 0.966141
    outer loop
      vertex -135.068 23.807 190.6
      vertex -135.078 23.8176 190.6
      vertex -299.269 23.8176 159.953
    endloop
  endfacet
  facet normal -0.181135 -0.159573 0.970426
    outer loop
      vertex -299.269 23.8176 159.953
      vertex -135.078 23.8176 190.6
      vertex -299.269 23.8583 159.96
    endloop
  endfacet
  facet normal -0.180666 -0.174776 0.967891
    outer loop
      vertex -135.078 23.8176 190.6
      vertex -135.088 23.8274 190.6
      vertex -299.269 23.8583 159.96
    endloop
  endfacet
  facet normal -0.18098 -0.164801 0.969581
    outer loop
      vertex -299.269 23.8583 159.96
      vertex -135.088 23.8274 190.6
      vertex -135.097 23.8375 190.6
    endloop
  endfacet
  facet normal -0.17981 -0.199171 0.963327
    outer loop
      vertex -299.269 23.7771 159.945
      vertex -135.033 23.7771 190.6
      vertex -299.269 23.8176 159.953
    endloop
  endfacet
  facet normal -0.179215 -0.214603 0.960119
    outer loop
      vertex -135.033 23.7771 190.6
      vertex -135.045 23.7868 190.6
      vertex -299.269 23.8176 159.953
    endloop
  endfacet
  facet normal -0.179599 -0.204795 0.962187
    outer loop
      vertex -299.269 23.8176 159.953
      vertex -135.045 23.7868 190.6
      vertex -135.056 23.7967 190.6
    endloop
  endfacet
  facet normal -0.176239 -0.278272 0.944195
    outer loop
      vertex -299.269 23.7371 159.935
      vertex -299.269 23.6976 159.923
      vertex -134.917 23.6976 190.6
    endloop
  endfacet
  facet normal -0.1757 -0.288262 0.941294
    outer loop
      vertex -134.917 23.6976 190.6
      vertex -134.949 23.7168 190.6
      vertex -299.269 23.7371 159.935
    endloop
  endfacet
  facet normal -0.176733 -0.268808 0.946841
    outer loop
      vertex -134.949 23.7168 190.6
      vertex -134.98 23.7371 190.6
      vertex -299.269 23.7371 159.935
    endloop
  endfacet
  facet normal -0.17816 -0.239188 0.954488
    outer loop
      vertex -299.269 23.7371 159.935
      vertex -134.98 23.7371 190.6
      vertex -299.269 23.7771 159.945
    endloop
  endfacet
  facet normal -0.1777 -0.249199 0.95201
    outer loop
      vertex -134.98 23.7371 190.6
      vertex -135.007 23.7566 190.6
      vertex -299.269 23.7771 159.945
    endloop
  endfacet
  facet normal -0.178369 -0.234546 0.955601
    outer loop
      vertex -299.269 23.7771 159.945
      vertex -135.007 23.7566 190.6
      vertex -135.02 23.7667 190.6
    endloop
  endfacet
  facet normal -0.170827 -0.365038 0.915186
    outer loop
      vertex -134.767 23.6202 190.6
      vertex -134.807 23.6389 190.6
      vertex -299.269 23.6586 159.91
    endloop
  endfacet
  facet normal -0.172155 -0.345974 0.922315
    outer loop
      vertex -134.807 23.6389 190.6
      vertex -134.846 23.6586 190.6
      vertex -299.269 23.6586 159.91
    endloop
  endfacet
  facet normal -0.174016 -0.317116 0.932285
    outer loop
      vertex -299.269 23.6586 159.91
      vertex -134.846 23.6586 190.6
      vertex -299.269 23.6976 159.923
    endloop
  endfacet
  facet normal -0.173407 -0.32691 0.92901
    outer loop
      vertex -134.846 23.6586 190.6
      vertex -134.882 23.6776 190.6
      vertex -299.269 23.6976 159.923
    endloop
  endfacet
  facet normal -0.174591 -0.307594 0.935363
    outer loop
      vertex -299.269 23.6976 159.923
      vertex -134.882 23.6776 190.6
      vertex -134.917 23.6976 190.6
    endloop
  endfacet
  facet normal -0.160104 -0.488123 0.857964
    outer loop
      vertex -299.269 23.5094 159.841
      vertex -299.269 23.5 159.836
      vertex -286.946 23.4783 162.123
    endloop
  endfacet
  facet normal -0.171512 -0.35533 0.918871
    outer loop
      vertex -299.269 23.6586 159.91
      vertex -299.269 23.6202 159.895
      vertex -134.767 23.6202 190.6
    endloop
  endfacet
  facet normal -0.168723 -0.392993 0.90393
    outer loop
      vertex -299.269 23.6202 159.895
      vertex -299.269 23.5825 159.879
      vertex -134.767 23.6202 190.6
    endloop
  endfacet
  facet normal -0.16872 -0.393038 0.903911
    outer loop
      vertex -134.767 23.6202 190.6
      vertex -299.269 23.5825 159.879
      vertex -134.679 23.5825 190.6
    endloop
  endfacet
  facet normal -0.165655 -0.430018 0.887493
    outer loop
      vertex -299.269 23.5825 159.879
      vertex -299.269 23.5455 159.861
      vertex -134.679 23.5825 190.6
    endloop
  endfacet
  facet normal -0.165654 -0.430035 0.887484
    outer loop
      vertex -134.679 23.5825 190.6
      vertex -299.269 23.5455 159.861
      vertex -134.583 23.5455 190.6
    endloop
  endfacet
  facet normal -0.162301 -0.466467 0.869521
    outer loop
      vertex -299.269 23.5455 159.861
      vertex -299.269 23.5094 159.841
      vertex -134.583 23.5455 190.6
    endloop
  endfacet
  facet normal -0.162308 -0.466393 0.869559
    outer loop
      vertex -134.583 23.5455 190.6
      vertex -299.269 23.5094 159.841
      vertex -134.479 23.5094 190.6
    endloop
  endfacet
  facet normal -0.158918 -0.499866 0.851398
    outer loop
      vertex -299.269 23.5094 159.841
      vertex -286.946 23.4783 162.123
      vertex -134.479 23.5094 190.6
    endloop
  endfacet
  facet normal -0.158702 -0.501898 0.850242
    outer loop
      vertex -134.479 23.5094 190.6
      vertex -286.946 23.4783 162.123
      vertex -134.367 23.4741 190.6
    endloop
  endfacet
  facet normal -0.155561 -0.530314 0.833408
    outer loop
      vertex -286.946 23.4783 162.123
      vertex -270.065 23.4486 165.255
      vertex -134.367 23.4741 190.6
    endloop
  endfacet
  facet normal -0.154819 -0.536709 0.829442
    outer loop
      vertex -134.367 23.4741 190.6
      vertex -270.065 23.4486 165.255
      vertex -134.248 23.4397 190.6
    endloop
  endfacet
  facet normal -0.151979 -0.560318 0.814215
    outer loop
      vertex -270.065 23.4486 165.255
      vertex -252.987 23.4185 168.423
      vertex -134.248 23.4397 190.6
    endloop
  endfacet
  facet normal -0.150687 -0.570568 0.807308
    outer loop
      vertex -134.248 23.4397 190.6
      vertex -252.987 23.4185 168.423
      vertex -134.122 23.4062 190.6
    endloop
  endfacet
  facet normal -0.148042 -0.590794 0.793124
    outer loop
      vertex -252.987 23.4185 168.423
      vertex -235.692 23.3881 171.628
      vertex -134.122 23.4062 190.6
    endloop
  endfacet
  facet normal -0.146265 -0.603777 0.78362
    outer loop
      vertex -134.122 23.4062 190.6
      vertex -235.692 23.3881 171.628
      vertex -133.986 23.3733 190.6
    endloop
  endfacet
  facet normal -0.143713 -0.621743 0.769924
    outer loop
      vertex -235.692 23.3881 171.628
      vertex -218.163 23.3572 174.875
      vertex -133.986 23.3733 190.6
    endloop
  endfacet
  facet normal -0.14163 -0.635752 0.758789
    outer loop
      vertex -133.986 23.3733 190.6
      vertex -218.163 23.3572 174.875
      vertex -133.847 23.3425 190.6
    endloop
  endfacet
  facet normal -0.138946 -0.653137 0.744383
    outer loop
      vertex -218.163 23.3572 174.875
      vertex -200.38 23.3259 178.167
      vertex -133.847 23.3425 190.6
    endloop
  endfacet
  facet normal -0.136771 -0.666601 0.73276
    outer loop
      vertex -133.847 23.3425 190.6
      vertex -200.38 23.3259 178.167
      vertex -133.698 23.3119 190.6
    endloop
  endfacet
  facet normal -0.133652 -0.685174 0.716012
    outer loop
      vertex -200.38 23.3259 178.167
      vertex -182.322 23.2941 181.507
      vertex -133.698 23.3119 190.6
    endloop
  endfacet
  facet normal -0.131676 -0.696402 0.705468
    outer loop
      vertex -133.698 23.3119 190.6
      vertex -182.322 23.2941 181.507
      vertex -133.547 23.2833 190.6
    endloop
  endfacet
  facet normal -0.127759 -0.717794 0.684433
    outer loop
      vertex -182.322 23.2941 181.507
      vertex -163.968 23.2618 184.899
      vertex -133.547 23.2833 190.6
    endloop
  endfacet
  facet normal -0.126349 -0.725117 0.676936
    outer loop
      vertex -133.547 23.2833 190.6
      vertex -163.968 23.2618 184.899
      vertex -133.385 23.2551 190.6
    endloop
  endfacet
  facet normal -0.121124 -0.75119 0.648878
    outer loop
      vertex -163.968 23.2618 184.899
      vertex -145.294 23.2289 188.347
      vertex -133.385 23.2551 190.6
    endloop
  endfacet
  facet normal -0.120789 -0.752755 0.647125
    outer loop
      vertex -133.385 23.2551 190.6
      vertex -145.294 23.2289 188.347
      vertex -133.22 23.2286 190.6
    endloop
  endfacet
  facet normal -0.115532 -0.776884 0.618953
    outer loop
      vertex -145.294 23.2289 188.347
      vertex -133.078 23.2074 190.6
      vertex -133.22 23.2286 190.6
    endloop
  endfacet
  facet normal -0.00176041 0.999998 -7.19022e-8
    outer loop
      vertex -194.546 24.6844 138.547
      vertex -194.51 24.6844 141.177
      vertex -182.472 24.7056 143.783
    endloop
  endfacet
  facet normal -0.00176057 0.999998 0
    outer loop
      vertex -299.269 24.5 139.976
      vertex -299.269 24.5 159.836
      vertex -289.255 24.5176 161.695
    endloop
  endfacet
  facet normal -0.00176046 0.999998 0
    outer loop
      vertex -15.2537 25 136.102
      vertex -112.65 24.8285 190.6
      vertex -112.65 24.8285 192.6
    endloop
  endfacet
  facet normal -0.00176046 0.999998 5.49983e-8
    outer loop
      vertex -194.546 24.6844 138.547
      vertex -182.472 24.7056 143.783
      vertex -15.2537 25 136.102
    endloop
  endfacet
  facet normal -0.00176047 0.999998 1.05014e-8
    outer loop
      vertex -182.472 24.7056 143.783
      vertex -133.078 24.7926 190.6
      vertex -15.2537 25 136.102
    endloop
  endfacet
  facet normal -0.00176052 0.999998 -1.08595e-7
    outer loop
      vertex -15.2537 25 136.102
      vertex -133.078 24.7926 190.6
      vertex -112.65 24.8285 190.6
    endloop
  endfacet
  facet normal -0.00176048 0.999998 -4.23657e-8
    outer loop
      vertex -299.269 24.5 139.976
      vertex -289.255 24.5176 161.695
      vertex -219.269 24.6408 138.885
    endloop
  endfacet
  facet normal -0.00176048 0.999998 -4.23378e-8
    outer loop
      vertex -289.255 24.5176 161.695
      vertex -272.037 24.5479 164.89
      vertex -219.269 24.6408 138.885
    endloop
  endfacet
  facet normal -0.00176044 0.999998 3.80998e-8
    outer loop
      vertex -219.269 24.6408 138.885
      vertex -272.037 24.5479 164.89
      vertex -254.58 24.5787 168.127
    endloop
  endfacet
  facet normal -0.00176062 0.999998 1.80731e-7
    outer loop
      vertex -122.225 24.8117 192.6
      vertex -115.346 24.8238 193.867
      vertex -112.65 24.8285 192.6
    endloop
  endfacet
  facet normal -0.00176056 0.999998 2.95853e-7
    outer loop
      vertex -115.346 24.8238 193.867
      vertex -104.823 24.8423 195.803
      vertex -112.65 24.8285 192.6
    endloop
  endfacet
  facet normal -0.00176045 0.999998 1.99169e-8
    outer loop
      vertex -112.65 24.8285 192.6
      vertex -104.823 24.8423 195.803
      vertex -15.2537 25 136.102
    endloop
  endfacet
  facet normal -0.00176044 0.999998 3.10944e-8
    outer loop
      vertex -104.823 24.8423 195.803
      vertex -94.0342 24.8613 197.786
      vertex -15.2537 25 136.102
    endloop
  endfacet
  facet normal -0.00176043 0.999998 5.22861e-8
    outer loop
      vertex -15.2537 25 136.102
      vertex -94.0342 24.8613 197.786
      vertex -82.9583 24.8808 199.819
    endloop
  endfacet
  facet normal -0.00176049 0.999998 -2.08734e-8
    outer loop
      vertex -82.9583 24.8808 199.819
      vertex -71.573 24.9009 201.905
      vertex -15.2537 25 136.102
    endloop
  endfacet
  facet normal -0.00176052 0.999998 -4.04175e-8
    outer loop
      vertex -71.573 24.9009 201.905
      vertex -59.8535 24.9215 204.047
      vertex -15.2537 25 136.102
    endloop
  endfacet
  facet normal -0.00176046 0.999998 -3.4997e-9
    outer loop
      vertex -15.2537 25 136.102
      vertex -59.8535 24.9215 204.047
      vertex -47.7728 24.9428 206.247
    endloop
  endfacet
  facet normal -0.00176049 0.999998 -2.66126e-8
    outer loop
      vertex -254.58 24.5787 168.127
      vertex -236.864 24.6099 171.411
      vertex -219.269 24.6408 138.885
    endloop
  endfacet
  facet normal -0.00176045 0.999998 -4.18329e-9
    outer loop
      vertex -236.864 24.6099 171.411
      vertex -218.865 24.6415 174.745
      vertex -219.269 24.6408 138.885
    endloop
  endfacet
  facet normal -0.00176046 0.999998 -4.10531e-9
    outer loop
      vertex -219.269 24.6408 138.885
      vertex -218.865 24.6415 174.745
      vertex -183.107 24.7045 146.715
    endloop
  endfacet
  facet normal -0.00176048 0.999998 -2.84693e-8
    outer loop
      vertex -218.865 24.6415 174.745
      vertex -200.561 24.6738 178.133
      vertex -183.107 24.7045 146.715
    endloop
  endfacet
  facet normal -0.00176045 0.999998 -1.35852e-8
    outer loop
      vertex -200.561 24.6738 178.133
      vertex -181.927 24.7066 181.58
      vertex -183.107 24.7045 146.715
    endloop
  endfacet
  facet normal -0.00176042 0.999998 -1.46445e-8
    outer loop
      vertex -181.927 24.7066 181.58
      vertex -162.936 24.74 185.09
      vertex -183.107 24.7045 146.715
    endloop
  endfacet
  facet normal -0.00176037 0.999998 -3.92804e-8
    outer loop
      vertex -183.107 24.7045 146.715
      vertex -162.936 24.74 185.09
      vertex -182.472 24.7056 143.783
    endloop
  endfacet
  facet normal -0.00176049 0.999998 1.56446e-8
    outer loop
      vertex -162.936 24.74 185.09
      vertex -143.575 24.7741 188.664
      vertex -182.472 24.7056 143.783
    endloop
  endfacet
  facet normal -0.00176041 0.999998 -5.42143e-8
    outer loop
      vertex -182.472 24.7056 143.783
      vertex -143.575 24.7741 188.664
      vertex -133.078 24.7926 190.6
    endloop
  endfacet
  facet normal -0.00176036 0.999998 4.26332e-8
    outer loop
      vertex -47.7728 24.9428 206.247
      vertex -41.9659 24.953 207.3
      vertex -15.2537 25 136.102
    endloop
  endfacet
  facet normal -0.0017604 0.999998 2.79816e-8
    outer loop
      vertex -41.9659 24.953 207.3
      vertex -35.9623 24.9635 208.385
      vertex -15.2537 25 136.102
    endloop
  endfacet
  facet normal -0.0017605 0.999998 -2.84887e-10
    outer loop
      vertex -15.2537 25 136.102
      vertex -35.9623 24.9635 208.385
      vertex -29.7454 24.9745 209.503
    endloop
  endfacet
  facet normal -0.00176062 0.999998 -2.34968e-8
    outer loop
      vertex -29.7454 24.9745 209.503
      vertex -23.2962 24.9858 210.65
      vertex -15.2537 25 136.102
    endloop
  endfacet
  facet normal -0.00176007 0.999998 3.59459e-8
    outer loop
      vertex -23.2962 24.9858 210.65
      vertex -20.298 24.9911 211.175
      vertex -15.2537 25 136.102
    endloop
  endfacet
  facet normal -0.00176045 0.999998 1.01433e-8
    outer loop
      vertex -15.2537 25 136.102
      vertex -20.298 24.9911 211.175
      vertex -17.1757 24.9966 211.707
    endloop
  endfacet
  facet normal -0.00176066 0.999998 4.78713e-9
    outer loop
      vertex -17.1757 24.9966 211.707
      vertex -15.6894 24.9992 211.941
      vertex -15.2537 25 136.102
    endloop
  endfacet
  facet normal -0.00175995 0.999998 8.89752e-9
    outer loop
      vertex -15.6894 24.9992 211.941
      vertex -15.4713 24.9996 211.97
      vertex -15.2537 25 136.102
    endloop
  endfacet
  facet normal -0.00175528 0.999998 2.22724e-8
    outer loop
      vertex -15.2537 25 136.102
      vertex -15.4713 24.9996 211.97
      vertex -15.362 24.9998 211.982
    endloop
  endfacet
  facet normal -0.00176708 0.999998 5.42563e-9
    outer loop
      vertex -15.362 24.9998 211.982
      vertex -15.3072 24.9999 211.987
      vertex -15.2537 25 136.102
    endloop
  endfacet
  facet normal -0.00176331 0.999998 8.08836e-9
    outer loop
      vertex -15.3072 24.9999 211.987
      vertex -15.2935 24.9999 211.988
      vertex -15.2537 25 136.102
    endloop
  endfacet
  facet normal -0.00177873 0.999998 0
    outer loop
      vertex -15.2537 25 136.102
      vertex -15.2935 24.9999 211.988
      vertex -15.2537 25 211.983
    endloop
  endfacet
  facet normal -0.00187985 0.999997 -0.00155675
    outer loop
      vertex -15.2542 25 211.984
      vertex -15.2541 25 211.984
      vertex -15.2935 24.9999 211.988
    endloop
  endfacet
  facet normal -0.000600381 0.999909 0.0134915
    outer loop
      vertex -15.2541 25 211.984
      vertex -15.254 25 211.984
      vertex -15.2935 24.9999 211.988
    endloop
  endfacet
  facet normal -0.00193894 0.999995 -0.0023198
    outer loop
      vertex -15.2547 25 211.985
      vertex -15.2545 25 211.985
      vertex -15.2935 24.9999 211.988
    endloop
  endfacet
  facet normal -0.00191589 0.999996 -0.00201168
    outer loop
      vertex -15.2545 25 211.985
      vertex -15.2543 25 211.984
      vertex -15.2935 24.9999 211.988
    endloop
  endfacet
  facet normal -0.0018886 0.999997 -0.00166326
    outer loop
      vertex -15.2935 24.9999 211.988
      vertex -15.2543 25 211.984
      vertex -15.2542 25 211.984
    endloop
  endfacet
  facet normal -0.00187768 0.999998 -0.000985782
    outer loop
      vertex -15.254 25 211.984
      vertex -15.2539 25 211.984
      vertex -15.2935 24.9999 211.988
    endloop
  endfacet
  facet normal -0.00187191 0.999998 -0.000922957
    outer loop
      vertex -15.2539 25 211.984
      vertex -15.2538 25 211.984
      vertex -15.2935 24.9999 211.988
    endloop
  endfacet
  facet normal -0.00184188 0.999998 -0.000606985
    outer loop
      vertex -15.2935 24.9999 211.988
      vertex -15.2538 25 211.984
      vertex -15.2538 25 211.984
    endloop
  endfacet
  facet normal -0.0017738 0.999997 -0.00167687
    outer loop
      vertex -15.2935 24.9999 211.988
      vertex -15.2694 25 211.988
      vertex -15.2626 25 211.987
    endloop
  endfacet
  facet normal -0.00182701 0.999998 -0.000456752
    outer loop
      vertex -15.2538 25 211.984
      vertex -15.2537 25 211.983
      vertex -15.2935 24.9999 211.988
    endloop
  endfacet
  facet normal -0.00180646 0.999998 -0.000256599
    outer loop
      vertex -15.2537 25 211.983
      vertex -15.2537 25 211.983
      vertex -15.2935 24.9999 211.988
    endloop
  endfacet
  facet normal -0.00178774 0.999998 -8.12609e-5
    outer loop
      vertex -15.2935 24.9999 211.988
      vertex -15.2537 25 211.983
      vertex -15.2537 25 211.983
    endloop
  endfacet
  facet normal -0.00170077 0.999994 0.00305599
    outer loop
      vertex -15.2626 25 211.987
      vertex -15.2592 25 211.986
      vertex -15.2935 24.9999 211.988
    endloop
  endfacet
  facet normal -0.00188442 0.999994 -0.0030692
    outer loop
      vertex -15.2592 25 211.986
      vertex -15.2575 25 211.986
      vertex -15.2935 24.9999 211.988
    endloop
  endfacet
  facet normal -0.00179246 0.999998 -0.000781054
    outer loop
      vertex -15.2935 24.9999 211.988
      vertex -15.2575 25 211.986
      vertex -15.2563 25 211.986
    endloop
  endfacet
  facet normal -0.00167229 0.999997 0.00161758
    outer loop
      vertex -15.2563 25 211.986
      vertex -15.2555 25 211.985
      vertex -15.2935 24.9999 211.988
    endloop
  endfacet
  facet normal -0.00159374 0.999994 0.00296971
    outer loop
      vertex -15.2555 25 211.985
      vertex -15.255 25 211.985
      vertex -15.2935 24.9999 211.988
    endloop
  endfacet
  facet normal -0.0019833 0.999994 -0.00295429
    outer loop
      vertex -15.2935 24.9999 211.988
      vertex -15.255 25 211.985
      vertex -15.2547 25 211.985
    endloop
  endfacet
  facet normal -0.0136388 0 -0.999907
    outer loop
      vertex -157.914 24 138.048
      vertex -157.914 23.2511 138.048
      vertex -194.546 23.3156 138.547
    endloop
  endfacet
  facet normal -0.013639 0 -0.999907
    outer loop
      vertex -0.477361 25 135.9
      vertex -0.477361 23 135.9
      vertex -15.2537 25 136.102
    endloop
  endfacet
  facet normal -0.013639 0 -0.999907
    outer loop
      vertex -0.477361 23 135.9
      vertex -15.2537 23 136.102
      vertex -15.2537 25 136.102
    endloop
  endfacet
  facet normal -0.0136388 0 -0.999907
    outer loop
      vertex -194.546 23.3156 138.547
      vertex -194.546 24.6844 138.547
      vertex -157.914 24 138.048
    endloop
  endfacet
  facet normal -0.0136389 -4.99841e-6 -0.999907
    outer loop
      vertex -194.546 24.6844 138.547
      vertex -15.2537 25 136.102
      vertex -157.914 24 138.048
    endloop
  endfacet
  facet normal -0.0136389 -9.72641e-6 -0.999907
    outer loop
      vertex -157.914 24 138.048
      vertex -15.2537 25 136.102
      vertex -26.538 24 136.256
    endloop
  endfacet
  facet normal -0.0136397 0 -0.999907
    outer loop
      vertex -15.2537 25 136.102
      vertex -15.2537 23 136.102
      vertex -26.538 24 136.256
    endloop
  endfacet
  facet normal -0.0136397 0 -0.999907
    outer loop
      vertex -26.538 24 136.256
      vertex -15.2537 23 136.102
      vertex -26.538 23.0199 136.256
    endloop
  endfacet
  facet normal -0.00176041 -0.999998 -7.19022e-8
    outer loop
      vertex -182.472 23.2944 143.783
      vertex -194.51 23.3156 141.177
      vertex -194.546 23.3156 138.547
    endloop
  endfacet
  facet normal -0.00176045 -0.999998 1.58941e-8
    outer loop
      vertex -145.294 23.2289 188.347
      vertex -163.968 23.2618 184.899
      vertex -157.914 23.2511 154.808
    endloop
  endfacet
  facet normal -0.00176038 -0.999998 -1.07195e-6
    outer loop
      vertex -120.12 23.1846 192.988
      vertex -122.225 23.1883 192.6
      vertex -112.653 23.1715 192.6
    endloop
  endfacet
  facet normal -0.00176052 -0.999998 -1.52578e-7
    outer loop
      vertex -77.2306 23.1091 200.869
      vertex -88.3173 23.1286 198.836
      vertex -26.538 23.0199 183.257
    endloop
  endfacet
  facet normal -0.0017605 -0.999998 6.04251e-9
    outer loop
      vertex -163.968 23.2618 184.899
      vertex -183.107 23.2955 146.715
      vertex -157.914 23.2511 154.808
    endloop
  endfacet
  facet normal -0.00176047 -0.999998 -6.17975e-8
    outer loop
      vertex -183.107 23.2955 146.715
      vertex -182.472 23.2944 143.783
      vertex -157.914 23.2511 154.808
    endloop
  endfacet
  facet normal -0.0017605 -0.999998 0
    outer loop
      vertex -157.914 23.2511 154.808
      vertex -182.472 23.2944 143.783
      vertex -157.914 23.2511 138.048
    endloop
  endfacet
  facet normal -0.00176048 -0.999998 9.10601e-8
    outer loop
      vertex -182.472 23.2944 143.783
      vertex -194.546 23.3156 138.547
      vertex -157.914 23.2511 138.048
    endloop
  endfacet
  facet normal -0.00176049 -0.999998 0
    outer loop
      vertex -112.653 23.1715 190.6
      vertex -99.1501 23.1477 196.846
      vertex -112.653 23.1715 192.6
    endloop
  endfacet
  facet normal -0.00176052 -0.999998 9.75277e-8
    outer loop
      vertex -99.1501 23.1477 196.846
      vertex -109.746 23.1664 194.898
      vertex -112.653 23.1715 192.6
    endloop
  endfacet
  facet normal -0.00176033 -0.999998 -1.4639e-7
    outer loop
      vertex -112.653 23.1715 192.6
      vertex -109.746 23.1664 194.898
      vertex -120.12 23.1846 192.988
    endloop
  endfacet
  facet normal -0.00176049 -0.999998 -1.78635e-8
    outer loop
      vertex -235.692 23.3881 171.628
      vertex -252.987 23.4185 168.423
      vertex -219.269 23.3592 138.885
    endloop
  endfacet
  facet normal -0.00176049 -0.999998 -1.84601e-8
    outer loop
      vertex -252.987 23.4185 168.423
      vertex -270.065 23.4486 165.255
      vertex -219.269 23.3592 138.885
    endloop
  endfacet
  facet normal -0.00176045 -0.999998 4.79156e-8
    outer loop
      vertex -219.269 23.3592 138.885
      vertex -270.065 23.4486 165.255
      vertex -299.269 23.5 139.976
    endloop
  endfacet
  facet normal -0.00176038 -0.999998 -3.99187e-8
    outer loop
      vertex -270.065 23.4486 165.255
      vertex -286.946 23.4783 162.123
      vertex -299.269 23.5 139.976
    endloop
  endfacet
  facet normal -0.00176045 -0.999998 0
    outer loop
      vertex -299.269 23.5 139.976
      vertex -286.946 23.4783 162.123
      vertex -299.269 23.5 159.836
    endloop
  endfacet
  facet normal -0.0017607 -0.999998 -1.78167e-7
    outer loop
      vertex -42.5009 23.048 207.203
      vertex -48.4419 23.0584 206.125
      vertex -26.538 23.0199 183.257
    endloop
  endfacet
  facet normal -0.00176042 -0.999998 2.64706e-7
    outer loop
      vertex -88.3173 23.1286 198.836
      vertex -99.1501 23.1477 196.846
      vertex -26.538 23.0199 183.257
    endloop
  endfacet
  facet normal -0.00176047 -0.999998 -3.23711e-8
    outer loop
      vertex -99.1501 23.1477 196.846
      vertex -112.653 23.1715 190.6
      vertex -26.538 23.0199 183.257
    endloop
  endfacet
  facet normal -0.00176047 -0.999998 2.25294e-8
    outer loop
      vertex -26.538 23.0199 183.257
      vertex -112.653 23.1715 190.6
      vertex -157.914 23.2511 154.808
    endloop
  endfacet
  facet normal -0.0017605 -0.999998 6.07249e-8
    outer loop
      vertex -112.653 23.1715 190.6
      vertex -133.078 23.2074 190.6
      vertex -157.914 23.2511 154.808
    endloop
  endfacet
  facet normal -0.00176042 -0.999998 6.60191e-9
    outer loop
      vertex -157.914 23.2511 154.808
      vertex -133.078 23.2074 190.6
      vertex -145.294 23.2289 188.347
    endloop
  endfacet
  facet normal -0.0017603 -0.999998 8.88875e-8
    outer loop
      vertex -42.5009 23.048 207.203
      vertex -26.538 23.0199 183.257
      vertex -36.3859 23.0372 208.309
    endloop
  endfacet
  facet normal -0.00176048 -0.999998 3.72798e-8
    outer loop
      vertex -48.4419 23.0584 206.125
      vertex -54.2209 23.0686 205.074
      vertex -26.538 23.0199 183.257
    endloop
  endfacet
  facet normal -0.00176038 -0.999998 1.6355e-7
    outer loop
      vertex -54.2209 23.0686 205.074
      vertex -65.8718 23.0891 202.948
      vertex -26.538 23.0199 183.257
    endloop
  endfacet
  facet normal -0.00176049 -0.999998 -6.59772e-8
    outer loop
      vertex -26.538 23.0199 183.257
      vertex -65.8718 23.0891 202.948
      vertex -77.2306 23.1091 200.869
    endloop
  endfacet
  facet normal -0.00176052 -0.999998 1.71359e-8
    outer loop
      vertex -163.968 23.2618 184.899
      vertex -182.322 23.2941 181.507
      vertex -183.107 23.2955 146.715
    endloop
  endfacet
  facet normal -0.00176043 -0.999998 1.50772e-8
    outer loop
      vertex -182.322 23.2941 181.507
      vertex -200.38 23.3259 178.167
      vertex -183.107 23.2955 146.715
    endloop
  endfacet
  facet normal -0.00176046 -0.999998 -1.26465e-9
    outer loop
      vertex -183.107 23.2955 146.715
      vertex -200.38 23.3259 178.167
      vertex -219.269 23.3592 138.885
    endloop
  endfacet
  facet normal -0.0017605 -0.999998 1.92537e-8
    outer loop
      vertex -200.38 23.3259 178.167
      vertex -218.163 23.3572 174.875
      vertex -219.269 23.3592 138.885
    endloop
  endfacet
  facet normal -0.00176042 -0.999998 1.67268e-8
    outer loop
      vertex -219.269 23.3592 138.885
      vertex -218.163 23.3572 174.875
      vertex -235.692 23.3881 171.628
    endloop
  endfacet
  facet normal -0.00176031 -0.999998 -2.44867e-8
    outer loop
      vertex -20.652 23.0095 211.113
      vertex -23.5798 23.0147 210.6
      vertex -26.538 23.0199 183.257
    endloop
  endfacet
  facet normal -0.00176042 -0.999998 -1.20267e-8
    outer loop
      vertex -23.5798 23.0147 210.6
      vertex -30.0837 23.0261 209.442
      vertex -26.538 23.0199 183.257
    endloop
  endfacet
  facet normal -0.00176063 -0.999998 -4.03395e-8
    outer loop
      vertex -26.538 23.0199 183.257
      vertex -30.0837 23.0261 209.442
      vertex -36.3859 23.0372 208.309
    endloop
  endfacet
  facet normal -0.00176142 -0.999998 3.54336e-7
    outer loop
      vertex -15.6477 23.0007 211.947
      vertex -16.0031 23.0013 211.895
      vertex -26.538 23.0199 183.257
    endloop
  endfacet
  facet normal -0.00176106 -0.999998 2.2104e-7
    outer loop
      vertex -16.0031 23.0013 211.895
      vertex -17.6213 23.0042 211.632
      vertex -26.538 23.0199 183.257
    endloop
  endfacet
  facet normal -0.00176023 -0.999998 -4.15947e-8
    outer loop
      vertex -26.538 23.0199 183.257
      vertex -17.6213 23.0042 211.632
      vertex -20.652 23.0095 211.113
    endloop
  endfacet
  facet normal -0.00183286 -0.999998 2.82726e-5
    outer loop
      vertex -15.3135 23.0001 211.986
      vertex -15.3358 23.0001 211.985
      vertex -26.538 23.0199 183.257
    endloop
  endfacet
  facet normal -0.00174459 -0.999998 -6.21523e-6
    outer loop
      vertex -15.3135 23.0001 211.986
      vertex -26.538 23.0199 183.257
      vertex -15.291 23.0001 211.988
    endloop
  endfacet
  facet normal -0.00175002 -0.999998 -4.0313e-6
    outer loop
      vertex -15.3358 23.0001 211.985
      vertex -15.3805 23.0002 211.981
      vertex -26.538 23.0199 183.257
    endloop
  endfacet
  facet normal -0.00175372 -0.999998 -2.59381e-6
    outer loop
      vertex -15.3805 23.0002 211.981
      vertex -15.4697 23.0004 211.97
      vertex -26.538 23.0199 183.257
    endloop
  endfacet
  facet normal -0.00175772 -0.999998 -1.05093e-6
    outer loop
      vertex -26.538 23.0199 183.257
      vertex -15.4697 23.0004 211.97
      vertex -15.6477 23.0007 211.947
    endloop
  endfacet
  facet normal -0.00176042 -0.999998 0
    outer loop
      vertex -26.538 23.0199 136.256
      vertex -15.2537 23 136.102
      vertex -26.538 23.0199 183.257
    endloop
  endfacet
  facet normal -0.00176042 -0.999998 0
    outer loop
      vertex -15.2537 23 136.102
      vertex -15.2537 23 211.983
      vertex -26.538 23.0199 183.257
    endloop
  endfacet
  facet normal -0.0017468 -0.999998 -5.34982e-6
    outer loop
      vertex -26.538 23.0199 183.257
      vertex -15.2537 23 211.983
      vertex -15.291 23.0001 211.988
    endloop
  endfacet
  facet normal -0.00175143 -0.999998 -4.37858e-5
    outer loop
      vertex -15.2537 23 211.983
      vertex -15.2537 23 211.983
      vertex -15.291 23.0001 211.988
    endloop
  endfacet
  facet normal -0.00176092 -0.999998 -0.000123815
    outer loop
      vertex -15.291 23.0001 211.988
      vertex -15.2537 23 211.983
      vertex -15.2537 23 211.983
    endloop
  endfacet
  facet normal -0.00177963 -0.999998 -0.000286013
    outer loop
      vertex -15.2537 23 211.983
      vertex -15.2537 23 211.983
      vertex -15.291 23.0001 211.988
    endloop
  endfacet
  facet normal -0.00178833 -0.999998 -0.000363255
    outer loop
      vertex -15.2537 23 211.983
      vertex -15.2537 23 211.984
      vertex -15.291 23.0001 211.988
    endloop
  endfacet
  facet normal -0.00173001 -0.999998 0.000169301
    outer loop
      vertex -15.291 23.0001 211.988
      vertex -15.2537 23 211.984
      vertex -15.2716 23 211.988
    endloop
  endfacet
  facet normal 0.00687791 -0.999942 0.00823365
    outer loop
      vertex -15.2544 23 211.985
      vertex -15.2546 23 211.985
      vertex -15.2539 23 211.984
    endloop
  endfacet
  facet normal -0.00226312 -0.999997 -0.000669506
    outer loop
      vertex -15.2578 23 211.986
      vertex -15.2596 23 211.987
      vertex -15.2537 23 211.984
    endloop
  endfacet
  facet normal -0.00141568 -0.999999 0.000957877
    outer loop
      vertex -15.2596 23 211.987
      vertex -15.2644 23 211.987
      vertex -15.2537 23 211.984
    endloop
  endfacet
  facet normal -0.00180683 -0.999998 -0.00015896
    outer loop
      vertex -15.2537 23 211.984
      vertex -15.2644 23 211.987
      vertex -15.2716 23 211.988
    endloop
  endfacet
  facet normal 0.00160135 -0.999995 0.00260845
    outer loop
      vertex -15.2537 23 211.984
      vertex -15.2549 23 211.985
      vertex -15.2553 23 211.985
    endloop
  endfacet
  facet normal -0.00559169 -0.999981 -0.00271818
    outer loop
      vertex -15.2539 23 211.984
      vertex -15.2546 23 211.985
      vertex -15.2538 23 211.984
    endloop
  endfacet
  facet normal -0.00538089 -0.999978 -0.00385486
    outer loop
      vertex -15.2553 23 211.985
      vertex -15.2558 23 211.985
      vertex -15.2537 23 211.984
    endloop
  endfacet
  facet normal -0.00253396 -0.999996 -0.000789953
    outer loop
      vertex -15.2558 23 211.985
      vertex -15.2567 23 211.986
      vertex -15.2537 23 211.984
    endloop
  endfacet
  facet normal -0.00140647 -0.999999 0.000659282
    outer loop
      vertex -15.2537 23 211.984
      vertex -15.2567 23 211.986
      vertex -15.2578 23 211.986
    endloop
  endfacet
  facet normal 0.00229641 -0.999992 0.00316953
    outer loop
      vertex -15.2549 23 211.985
      vertex -15.2537 23 211.984
      vertex -15.2546 23 211.985
    endloop
  endfacet
  facet normal -0.00350436 -0.999993 -0.00103253
    outer loop
      vertex -15.2537 23 211.984
      vertex -15.2538 23 211.984
      vertex -15.2546 23 211.985
    endloop
  endfacet
  facet normal -0.00409664 -0.999991 -0.00148503
    outer loop
      vertex -15.2546 23 211.985
      vertex -15.2538 23 211.984
      vertex -15.2538 23 211.984
    endloop
  endfacet
  facet normal -0.0416121 -0.99869 -0.0297905
    outer loop
      vertex -15.2544 23 211.985
      vertex -15.2539 23 211.984
      vertex -15.2543 23 211.984
    endloop
  endfacet
  facet normal 0 -1 0
    outer loop
      vertex -15.2539 23 211.984
      vertex -15.254 23 211.984
      vertex -15.2543 23 211.984
    endloop
  endfacet
  facet normal 0 -1 0
    outer loop
      vertex -15.2543 23 211.984
      vertex -15.254 23 211.984
      vertex -15.2541 23 211.984
    endloop
  endfacet
  facet normal -0.182953 0.0761904 0.980165
    outer loop
      vertex -124.435 24.0829 192.6
      vertex -124.439 24.0723 192.6
      vertex -5 24.0722 214.894
    endloop
  endfacet
  facet normal -0.183486 -0.00279198 0.983018
    outer loop
      vertex -124.453 24.005 192.6
      vertex -124.453 23.9893 192.6
      vertex -5 23.9893 214.897
    endloop
  endfacet
  facet normal -0.00365709 0.999801 0.0195928
    outer loop
      vertex -5 24.9992 213.936
      vertex -5 25 213.897
      vertex -15.2537 25 211.983
    endloop
  endfacet
  facet normal 7.41998e-5 1 3.37272e-6
    outer loop
      vertex -15.2537 25 211.983
      vertex -15.2537 25 211.983
      vertex -5 24.9992 213.936
    endloop
  endfacet
  facet normal 7.28708e-5 1 1.0351e-5
    outer loop
      vertex -15.2537 25 211.983
      vertex -15.2537 25 211.983
      vertex -5 24.9992 213.936
    endloop
  endfacet
  facet normal 7.14407e-5 1 1.78602e-5
    outer loop
      vertex -5 24.9992 213.936
      vertex -15.2537 25 211.983
      vertex -15.2538 25 211.984
    endloop
  endfacet
  facet normal 7.04224e-5 1 2.32074e-5
    outer loop
      vertex -15.2538 25 211.984
      vertex -15.2538 25 211.984
      vertex -5 24.9992 213.936
    endloop
  endfacet
  facet normal 6.84181e-5 1 3.37339e-5
    outer loop
      vertex -15.2538 25 211.984
      vertex -15.2539 25 211.984
      vertex -5 24.9992 213.936
    endloop
  endfacet
  facet normal 6.80398e-5 1 3.57209e-5
    outer loop
      vertex -5 24.9992 213.936
      vertex -15.2539 25 211.984
      vertex -15.254 25 211.984
    endloop
  endfacet
  facet normal -0.00228244 0.999921 0.012382
    outer loop
      vertex -15.254 25 211.984
      vertex -15.2541 25 211.984
      vertex -5 24.9992 213.936
    endloop
  endfacet
  facet normal 6.44912e-5 1 5.34068e-5
    outer loop
      vertex -15.2541 25 211.984
      vertex -15.2542 25 211.984
      vertex -5 24.9992 213.936
    endloop
  endfacet
  facet normal 6.39387e-5 1 5.63096e-5
    outer loop
      vertex -5 24.9992 213.936
      vertex -15.2542 25 211.984
      vertex -15.2543 25 211.984
    endloop
  endfacet
  facet normal 6.22214e-5 1 6.53324e-5
    outer loop
      vertex -15.2543 25 211.984
      vertex -15.2545 25 211.985
      vertex -5 24.9992 213.936
    endloop
  endfacet
  facet normal 6.0809e-5 1 7.27536e-5
    outer loop
      vertex -15.2545 25 211.985
      vertex -15.2547 25 211.985
      vertex -5 24.9992 213.936
    endloop
  endfacet
  facet normal 5.8166e-5 1 8.66431e-5
    outer loop
      vertex -5 24.9992 213.936
      vertex -15.2547 25 211.985
      vertex -15.255 25 211.985
    endloop
  endfacet
  facet normal -0.000760251 0.99999 0.00438804
    outer loop
      vertex -15.255 25 211.985
      vertex -15.2555 25 211.985
      vertex -5 24.9992 213.936
    endloop
  endfacet
  facet normal -0.000668912 0.999992 0.00390788
    outer loop
      vertex -15.2555 25 211.985
      vertex -15.2563 25 211.986
      vertex -5 24.9992 213.936
    endloop
  endfacet
  facet normal -0.000497727 0.999995 0.00300775
    outer loop
      vertex -5 24.9992 213.936
      vertex -15.2563 25 211.986
      vertex -15.2575 25 211.986
    endloop
  endfacet
  facet normal -0.000440124 0.999996 0.00270475
    outer loop
      vertex -15.2575 25 211.986
      vertex -15.2592 25 211.986
      vertex -5 24.9992 213.936
    endloop
  endfacet
  facet normal -0.00115019 0.999979 0.00644111
    outer loop
      vertex -15.2592 25 211.986
      vertex -15.2626 25 211.987
      vertex -5 24.9992 213.936
    endloop
  endfacet
  facet normal -0.00110516 0.99998 0.00620401
    outer loop
      vertex -5 24.9992 213.936
      vertex -15.2626 25 211.987
      vertex -15.2694 25 211.988
    endloop
  endfacet
  facet normal -0.00182433 0.999948 0.00999424
    outer loop
      vertex -15.2694 25 211.988
      vertex -15.2935 24.9999 211.988
      vertex -5 24.9992 213.936
    endloop
  endfacet
  facet normal -0.00239954 0.999912 0.0130327
    outer loop
      vertex -15.2935 24.9999 211.988
      vertex -15.3072 24.9999 211.987
      vertex -5 24.9992 213.936
    endloop
  endfacet
  facet normal -0.00313169 0.999852 0.0169039
    outer loop
      vertex -5 24.9992 213.936
      vertex -15.3072 24.9999 211.987
      vertex -15.362 24.9998 211.982
    endloop
  endfacet
  facet normal 0 -1 0
    outer loop
      vertex -15.2543 23 211.984
      vertex -15.2541 23 211.984
      vertex -5 23 213.897
    endloop
  endfacet
  facet normal -0.00105921 -0.999983 0.00568172
    outer loop
      vertex -5 23 213.897
      vertex -5 23.0001 213.908
      vertex -15.2716 23 211.988
    endloop
  endfacet
  facet normal -0.00178033 -0.999953 0.00953807
    outer loop
      vertex -5 23.0001 213.908
      vertex -15.291 23.0001 211.988
      vertex -15.2716 23 211.988
    endloop
  endfacet
  facet normal -0.00133913 -0.999973 0.00718768
    outer loop
      vertex -15.2716 23 211.988
      vertex -15.2644 23 211.987
      vertex -5 23 213.897
    endloop
  endfacet
  facet normal -0.000879052 -0.999988 0.00471488
    outer loop
      vertex -15.2644 23 211.987
      vertex -15.2596 23 211.987
      vertex -5 23 213.897
    endloop
  endfacet
  facet normal -0.00092956 -0.999987 0.00498612
    outer loop
      vertex -5 23 213.897
      vertex -15.2596 23 211.987
      vertex -15.2578 23 211.986
    endloop
  endfacet
  facet normal -0.00178945 -0.999952 0.00959398
    outer loop
      vertex -15.2543 23 211.984
      vertex -5 23 213.897
      vertex -15.2544 23 211.985
    endloop
  endfacet
  facet normal -0.000605892 -0.999995 0.00324862
    outer loop
      vertex -15.2578 23 211.986
      vertex -15.2567 23 211.986
      vertex -5 23 213.897
    endloop
  endfacet
  facet normal -0.000695081 -0.999993 0.00372726
    outer loop
      vertex -15.2567 23 211.986
      vertex -15.2558 23 211.985
      vertex -5 23 213.897
    endloop
  endfacet
  facet normal -0.000942244 -0.999987 0.00505332
    outer loop
      vertex -5 23 213.897
      vertex -15.2558 23 211.985
      vertex -15.2553 23 211.985
    endloop
  endfacet
  facet normal -1.39321e-7 -1 -2.2694e-7
    outer loop
      vertex -15.2553 23 211.985
      vertex -15.2549 23 211.985
      vertex -5 23 213.897
    endloop
  endfacet
  facet normal -1.44459e-7 -1 -1.99383e-7
    outer loop
      vertex -15.2549 23 211.985
      vertex -15.2546 23 211.985
      vertex -5 23 213.897
    endloop
  endfacet
  facet normal -1.48491e-7 -1 -1.77761e-7
    outer loop
      vertex -5 23 213.897
      vertex -15.2546 23 211.985
      vertex -15.2544 23 211.985
    endloop
  endfacet
  facet normal 0 -1 0
    outer loop
      vertex -15.2541 23 211.984
      vertex -15.254 23 211.984
      vertex -5 23 213.897
    endloop
  endfacet
  facet normal 0 -1 0
    outer loop
      vertex -15.254 23 211.984
      vertex -15.2539 23 211.984
      vertex -5 23 213.897
    endloop
  endfacet
  facet normal 0 -1 0
    outer loop
      vertex -5 23 213.897
      vertex -15.2539 23 211.984
      vertex -15.2538 23 211.984
    endloop
  endfacet
  facet normal 0 -1 0
    outer loop
      vertex -15.2538 23 211.984
      vertex -15.2538 23 211.984
      vertex -5 23 213.897
    endloop
  endfacet
  facet normal 0 -1 0
    outer loop
      vertex -15.2538 23 211.984
      vertex -15.2537 23 211.984
      vertex -5 23 213.897
    endloop
  endfacet
  facet normal 0 -1 0
    outer loop
      vertex -5 23 213.897
      vertex -15.2537 23 211.984
      vertex -15.2537 23 211.983
    endloop
  endfacet
  facet normal 0 -1 0
    outer loop
      vertex -15.2537 23 211.983
      vertex -15.2537 23 211.983
      vertex -5 23 213.897
    endloop
  endfacet
  facet normal 0 -1 0
    outer loop
      vertex -15.2537 23 211.983
      vertex -15.2537 23 211.983
      vertex -5 23 213.897
    endloop
  endfacet
  facet normal 0 -1 0
    outer loop
      vertex -5 23 213.897
      vertex -15.2537 23 211.983
      vertex -15.2537 23 211.983
    endloop
  endfacet
  facet normal -0.00454335 -0.999692 0.0243808
    outer loop
      vertex -15.4697 23.0004 211.97
      vertex -15.3805 23.0002 211.981
      vertex -5 23.0001 213.908
    endloop
  endfacet
  facet normal -0.00352878 -0.999815 0.018918
    outer loop
      vertex -15.3805 23.0002 211.981
      vertex -15.3358 23.0001 211.985
      vertex -5 23.0001 213.908
    endloop
  endfacet
  facet normal -0.00306697 -0.99986 0.0164368
    outer loop
      vertex -15.3358 23.0001 211.985
      vertex -15.3135 23.0001 211.986
      vertex -5 23.0001 213.908
    endloop
  endfacet
  facet normal -0.00240397 -0.999914 0.0128792
    outer loop
      vertex -5 23.0001 213.908
      vertex -15.3135 23.0001 211.986
      vertex -15.291 23.0001 211.988
    endloop
  endfacet
  facet normal -0.110769 -0.796993 0.593744
    outer loop
      vertex -122.365 23.2077 192.6
      vertex -122.225 23.1883 192.6
      vertex -120.12 23.1846 192.988
    endloop
  endfacet
  facet normal -0.00609689 -0.999444 0.0327731
    outer loop
      vertex -15.4697 23.0004 211.97
      vertex -5 23.0001 213.908
      vertex -15.6477 23.0007 211.947
    endloop
  endfacet
  facet normal -0.00584775 -0.999489 0.0314208
    outer loop
      vertex -5 23.0001 213.908
      vertex -5 23.0013 213.948
      vertex -15.6477 23.0007 211.947
    endloop
  endfacet
  facet normal -0.0082716 -0.998983 0.0443148
    outer loop
      vertex -15.6477 23.0007 211.947
      vertex -5 23.0013 213.948
      vertex -16.0031 23.0013 211.895
    endloop
  endfacet
  facet normal -0.0133098 -0.997366 0.071307
    outer loop
      vertex -5 23.0013 213.948
      vertex -5 23.0042 213.988
      vertex -16.0031 23.0013 211.895
    endloop
  endfacet
  facet normal -0.0133097 -0.997366 0.0713064
    outer loop
      vertex -16.0031 23.0013 211.895
      vertex -5 23.0042 213.988
      vertex -17.6213 23.0042 211.632
    endloop
  endfacet
  facet normal -0.0207331 -0.993596 0.111077
    outer loop
      vertex -5 23.0042 213.988
      vertex -5 23.0086 214.028
      vertex -17.6213 23.0042 211.632
    endloop
  endfacet
  facet normal -0.0212493 -0.993277 0.113796
    outer loop
      vertex -17.6213 23.0042 211.632
      vertex -5 23.0086 214.028
      vertex -20.652 23.0095 211.113
    endloop
  endfacet
  facet normal -0.0281319 -0.988171 0.150754
    outer loop
      vertex -5 23.0086 214.028
      vertex -5 23.0147 214.068
      vertex -20.652 23.0095 211.113
    endloop
  endfacet
  facet normal -0.0287486 -0.987649 0.15402
    outer loop
      vertex -20.652 23.0095 211.113
      vertex -5 23.0147 214.068
      vertex -23.5798 23.0147 210.6
    endloop
  endfacet
  facet normal -0.0354968 -0.981109 0.190173
    outer loop
      vertex -5 23.0147 214.068
      vertex -5 23.0223 214.107
      vertex -23.5798 23.0147 210.6
    endloop
  endfacet
  facet normal -0.0367965 -0.979702 0.197055
    outer loop
      vertex -23.5798 23.0147 210.6
      vertex -5 23.0223 214.107
      vertex -30.0837 23.0261 209.442
    endloop
  endfacet
  facet normal -0.0428084 -0.972393 0.229387
    outer loop
      vertex -5 23.0223 214.107
      vertex -5 23.0315 214.146
      vertex -30.0837 23.0261 209.442
    endloop
  endfacet
  facet normal -0.0461588 -0.967852 0.247247
    outer loop
      vertex -30.0837 23.0261 209.442
      vertex -5 23.0315 214.146
      vertex -36.3859 23.0372 208.309
    endloop
  endfacet
  facet normal -0.0500503 -0.962069 0.268177
    outer loop
      vertex -5 23.0315 214.146
      vertex -5 23.0423 214.185
      vertex -36.3859 23.0372 208.309
    endloop
  endfacet
  facet normal -0.0535513 -0.956471 0.286872
    outer loop
      vertex -36.3859 23.0372 208.309
      vertex -5 23.0423 214.185
      vertex -42.5009 23.048 207.203
    endloop
  endfacet
  facet normal -0.0572167 -0.950128 0.306566
    outer loop
      vertex -5 23.0423 214.185
      vertex -5 23.0547 214.223
      vertex -42.5009 23.048 207.203
    endloop
  endfacet
  facet normal -0.0598319 -0.945346 0.320532
    outer loop
      vertex -42.5009 23.048 207.203
      vertex -5 23.0547 214.223
      vertex -48.4419 23.0584 206.125
    endloop
  endfacet
  facet normal -0.0642821 -0.936616 0.344409
    outer loop
      vertex -5 23.0547 214.223
      vertex -5 23.0686 214.261
      vertex -48.4419 23.0584 206.125
    endloop
  endfacet
  facet normal -0.0652626 -0.934608 0.349642
    outer loop
      vertex -48.4419 23.0584 206.125
      vertex -5 23.0686 214.261
      vertex -54.2209 23.0686 205.074
    endloop
  endfacet
  facet normal -0.0712469 -0.921535 0.381703
    outer loop
      vertex -5 23.0686 214.261
      vertex -5 23.0841 214.298
      vertex -54.2209 23.0686 205.074
    endloop
  endfacet
  facet normal -0.0721534 -0.919448 0.386536
    outer loop
      vertex -54.2209 23.0686 205.074
      vertex -5 23.0841 214.298
      vertex -65.8718 23.0891 202.948
    endloop
  endfacet
  facet normal -0.0781136 -0.904848 0.418506
    outer loop
      vertex -5 23.0841 214.298
      vertex -5 23.101 214.335
      vertex -65.8718 23.0891 202.948
    endloop
  endfacet
  facet normal -0.0805056 -0.898616 0.431286
    outer loop
      vertex -65.8718 23.0891 202.948
      vertex -5 23.101 214.335
      vertex -77.2306 23.1091 200.869
    endloop
  endfacet
  facet normal -0.0848249 -0.886718 0.454462
    outer loop
      vertex -5 23.101 214.335
      vertex -5 23.1195 214.371
      vertex -77.2306 23.1091 200.869
    endloop
  endfacet
  facet normal -0.0877478 -0.878245 0.470092
    outer loop
      vertex -77.2306 23.1091 200.869
      vertex -5 23.1195 214.371
      vertex -88.3173 23.1286 198.836
    endloop
  endfacet
  facet normal -0.0913809 -0.867155 0.489583
    outer loop
      vertex -5 23.1195 214.371
      vertex -5 23.1394 214.406
      vertex -88.3173 23.1286 198.836
    endloop
  endfacet
  facet normal -0.0941136 -0.858443 0.5042
    outer loop
      vertex -88.3173 23.1286 198.836
      vertex -5 23.1394 214.406
      vertex -99.1501 23.1477 196.846
    endloop
  endfacet
  facet normal -0.0978178 -0.846041 0.524066
    outer loop
      vertex -5 23.1394 214.406
      vertex -5 23.1607 214.441
      vertex -99.1501 23.1477 196.846
    endloop
  endfacet
  facet normal -0.0998222 -0.83907 0.534787
    outer loop
      vertex -99.1501 23.1477 196.846
      vertex -5 23.1607 214.441
      vertex -109.746 23.1664 194.898
    endloop
  endfacet
  facet normal -0.104071 -0.823585 0.557563
    outer loop
      vertex -5 23.1607 214.441
      vertex -5 23.1835 214.474
      vertex -109.746 23.1664 194.898
    endloop
  endfacet
  facet normal -0.104969 -0.820198 0.562368
    outer loop
      vertex -109.746 23.1664 194.898
      vertex -5 23.1835 214.474
      vertex -120.12 23.1846 192.988
    endloop
  endfacet
  facet normal -0.110199 -0.799561 0.590389
    outer loop
      vertex -5 23.1835 214.474
      vertex -5 23.208 214.508
      vertex -120.12 23.1846 192.988
    endloop
  endfacet
  facet normal -0.110342 -0.798976 0.591153
    outer loop
      vertex -120.12 23.1846 192.988
      vertex -5 23.208 214.508
      vertex -122.365 23.2077 192.6
    endloop
  endfacet
  facet normal -0.116151 -0.774135 0.622274
    outer loop
      vertex -5 23.208 214.508
      vertex -5 23.2335 214.539
      vertex -122.365 23.2077 192.6
    endloop
  endfacet
  facet normal -0.116081 -0.774443 0.621902
    outer loop
      vertex -122.365 23.2077 192.6
      vertex -5 23.2335 214.539
      vertex -122.534 23.2331 192.6
    endloop
  endfacet
  facet normal -0.121839 -0.747712 0.652749
    outer loop
      vertex -5 23.2335 214.539
      vertex -5 23.2602 214.57
      vertex -122.534 23.2331 192.6
    endloop
  endfacet
  facet normal -0.12181 -0.747855 0.652592
    outer loop
      vertex -122.534 23.2331 192.6
      vertex -5 23.2602 214.57
      vertex -122.701 23.2602 192.6
    endloop
  endfacet
  facet normal -0.127339 -0.71998 0.682213
    outer loop
      vertex -5 23.2602 214.57
      vertex -5 23.2883 214.599
      vertex -122.701 23.2602 192.6
    endloop
  endfacet
  facet normal -0.127309 -0.720135 0.682055
    outer loop
      vertex -122.701 23.2602 192.6
      vertex -5 23.2883 214.599
      vertex -122.857 23.288 192.6
    endloop
  endfacet
  facet normal -0.132632 -0.691013 0.71057
    outer loop
      vertex -5 23.2883 214.599
      vertex -5 23.3175 214.628
      vertex -122.857 23.288 192.6
    endloop
  endfacet
  facet normal -0.132593 -0.691233 0.710364
    outer loop
      vertex -122.857 23.288 192.6
      vertex -5 23.3175 214.628
      vertex -123.012 23.3175 192.6
    endloop
  endfacet
  facet normal -0.13769 -0.660971 0.737671
    outer loop
      vertex -5 23.3175 214.628
      vertex -5 23.3479 214.655
      vertex -123.012 23.3175 192.6
    endloop
  endfacet
  facet normal -0.137632 -0.661328 0.737362
    outer loop
      vertex -123.012 23.3175 192.6
      vertex -5 23.3479 214.655
      vertex -123.155 23.3474 192.6
    endloop
  endfacet
  facet normal -0.142475 -0.630132 0.763305
    outer loop
      vertex -5 23.3479 214.655
      vertex -5 23.3794 214.681
      vertex -123.155 23.3474 192.6
    endloop
  endfacet
  facet normal -0.142464 -0.630204 0.763248
    outer loop
      vertex -123.155 23.3474 192.6
      vertex -5 23.3794 214.681
      vertex -123.297 23.3794 192.6
    endloop
  endfacet
  facet normal -0.147087 -0.597833 0.788011
    outer loop
      vertex -5 23.3794 214.681
      vertex -5 23.412 214.706
      vertex -123.297 23.3794 192.6
    endloop
  endfacet
  facet normal -0.147042 -0.598157 0.787774
    outer loop
      vertex -123.297 23.3794 192.6
      vertex -5 23.412 214.706
      vertex -123.427 23.4113 192.6
    endloop
  endfacet
  facet normal -0.151442 -0.564615 0.811342
    outer loop
      vertex -5 23.412 214.706
      vertex -5 23.4456 214.729
      vertex -123.427 23.4113 192.6
    endloop
  endfacet
  facet normal -0.151383 -0.565077 0.811031
    outer loop
      vertex -123.427 23.4113 192.6
      vertex -5 23.4456 214.729
      vertex -123.555 23.4456 192.6
    endloop
  endfacet
  facet normal -0.155524 -0.530628 0.833215
    outer loop
      vertex -5 23.4456 214.729
      vertex -5 23.4802 214.751
      vertex -123.555 23.4456 192.6
    endloop
  endfacet
  facet normal -0.155518 -0.530677 0.833184
    outer loop
      vertex -123.555 23.4456 192.6
      vertex -5 23.4802 214.751
      vertex -123.673 23.4802 192.6
    endloop
  endfacet
  facet normal -0.159323 -0.496026 0.853565
    outer loop
      vertex -5 23.4802 214.751
      vertex -5 23.5156 214.772
      vertex -123.673 23.4802 192.6
    endloop
  endfacet
  facet normal -0.159348 -0.495781 0.853704
    outer loop
      vertex -123.673 23.4802 192.6
      vertex -5 23.5156 214.772
      vertex -123.783 23.5156 192.6
    endloop
  endfacet
  facet normal -0.162926 -0.459944 0.872873
    outer loop
      vertex -5 23.5156 214.772
      vertex -5 23.5519 214.791
      vertex -123.783 23.5156 192.6
    endloop
  endfacet
  facet normal -0.162914 -0.460077 0.872805
    outer loop
      vertex -123.783 23.5156 192.6
      vertex -5 23.5519 214.791
      vertex -123.885 23.5519 192.6
    endloop
  endfacet
  facet normal -0.166219 -0.423505 0.890514
    outer loop
      vertex -5 23.5519 214.791
      vertex -5 23.589 214.809
      vertex -123.885 23.5519 192.6
    endloop
  endfacet
  facet normal -0.166209 -0.423629 0.890457
    outer loop
      vertex -123.885 23.5519 192.6
      vertex -5 23.589 214.809
      vertex -123.98 23.589 192.6
    endloop
  endfacet
  facet normal -0.169232 -0.386448 0.906652
    outer loop
      vertex -5 23.589 214.809
      vertex -5 23.6269 214.825
      vertex -123.98 23.589 192.6
    endloop
  endfacet
  facet normal -0.169231 -0.38646 0.906647
    outer loop
      vertex -123.98 23.589 192.6
      vertex -5 23.6269 214.825
      vertex -124.066 23.6269 192.6
    endloop
  endfacet
  facet normal -0.171295 -0.358431 0.917707
    outer loop
      vertex -124.066 23.6269 192.6
      vertex -5 23.6269 214.825
      vertex -124.106 23.6456 192.6
    endloop
  endfacet
  facet normal -0.17196 -0.348823 0.921278
    outer loop
      vertex -5 23.6269 214.825
      vertex -5 23.6654 214.839
      vertex -124.106 23.6456 192.6
    endloop
  endfacet
  facet normal -0.1726 -0.33933 0.924697
    outer loop
      vertex -124.106 23.6456 192.6
      vertex -5 23.6654 214.839
      vertex -124.144 23.6654 192.6
    endloop
  endfacet
  facet normal -0.173827 -0.320188 0.93127
    outer loop
      vertex -124.144 23.6654 192.6
      vertex -5 23.6654 214.839
      vertex -124.179 23.6844 192.6
    endloop
  endfacet
  facet normal -0.174429 -0.310284 0.934504
    outer loop
      vertex -5 23.6654 214.839
      vertex -5 23.7044 214.852
      vertex -124.179 23.6844 192.6
    endloop
  endfacet
  facet normal -0.174981 -0.300933 0.937455
    outer loop
      vertex -124.179 23.6844 192.6
      vertex -5 23.7044 214.852
      vertex -124.214 23.7044 192.6
    endloop
  endfacet
  facet normal -0.176069 -0.281451 0.943284
    outer loop
      vertex -124.214 23.7044 192.6
      vertex -5 23.7044 214.852
      vertex -124.245 23.7237 192.6
    endloop
  endfacet
  facet normal -0.176595 -0.271449 0.946113
    outer loop
      vertex -5 23.7044 214.852
      vertex -5 23.7441 214.864
      vertex -124.245 23.7237 192.6
    endloop
  endfacet
  facet normal -0.177082 -0.261893 0.948712
    outer loop
      vertex -124.245 23.7237 192.6
      vertex -5 23.7441 214.864
      vertex -124.275 23.7441 192.6
    endloop
  endfacet
  facet normal -0.178021 -0.242259 0.95374
    outer loop
      vertex -124.275 23.7441 192.6
      vertex -5 23.7441 214.864
      vertex -124.301 23.7636 192.6
    endloop
  endfacet
  facet normal -0.178462 -0.232387 0.956111
    outer loop
      vertex -5 23.7441 214.864
      vertex -5 23.7842 214.873
      vertex -124.301 23.7636 192.6
    endloop
  endfacet
  facet normal -0.178668 -0.227646 0.957212
    outer loop
      vertex -124.301 23.7636 192.6
      vertex -5 23.7842 214.873
      vertex -124.314 23.7737 192.6
    endloop
  endfacet
  facet normal -0.180216 -0.187932 0.965507
    outer loop
      vertex -124.36 23.8141 192.6
      vertex -124.349 23.8038 192.6
      vertex -5 23.8247 214.882
    endloop
  endfacet
  facet normal -0.179856 -0.197881 0.963584
    outer loop
      vertex -124.349 23.8038 192.6
      vertex -124.338 23.7938 192.6
      vertex -5 23.8247 214.882
    endloop
  endfacet
  facet normal -0.180058 -0.192382 0.96466
    outer loop
      vertex -5 23.8247 214.882
      vertex -124.338 23.7938 192.6
      vertex -5 23.7842 214.873
    endloop
  endfacet
  facet normal -0.179491 -0.207541 0.961618
    outer loop
      vertex -124.338 23.7938 192.6
      vertex -124.327 23.7842 192.6
      vertex -5 23.7842 214.873
    endloop
  endfacet
  facet normal -0.179094 -0.217505 0.959488
    outer loop
      vertex -5 23.7842 214.873
      vertex -124.327 23.7842 192.6
      vertex -124.314 23.7737 192.6
    endloop
  endfacet
  facet normal -0.181742 -0.137552 0.973678
    outer loop
      vertex -5 23.8655 214.888
      vertex -124.405 23.8654 192.6
      vertex -124.397 23.8549 192.6
    endloop
  endfacet
  facet normal -0.181473 -0.147719 0.972238
    outer loop
      vertex -124.397 23.8549 192.6
      vertex -124.388 23.8446 192.6
      vertex -5 23.8655 214.888
    endloop
  endfacet
  facet normal -0.181183 -0.157865 0.970696
    outer loop
      vertex -124.388 23.8446 192.6
      vertex -124.379 23.8345 192.6
      vertex -5 23.8655 214.888
    endloop
  endfacet
  facet normal -0.18135 -0.152106 0.971584
    outer loop
      vertex -5 23.8655 214.888
      vertex -124.379 23.8345 192.6
      vertex -5 23.8247 214.882
    endloop
  endfacet
  facet normal -0.180893 -0.167537 0.969128
    outer loop
      vertex -124.379 23.8345 192.6
      vertex -124.37 23.8247 192.6
      vertex -5 23.8247 214.882
    endloop
  endfacet
  facet normal -0.180566 -0.177708 0.967376
    outer loop
      vertex -5 23.8247 214.882
      vertex -124.37 23.8247 192.6
      vertex -124.36 23.8141 192.6
    endloop
  endfacet
  facet normal -0.18199 -0.127474 0.975003
    outer loop
      vertex -124.405 23.8654 192.6
      vertex -5 23.8655 214.888
      vertex -124.412 23.8754 192.6
    endloop
  endfacet
  facet normal -0.182325 -0.112273 0.976807
    outer loop
      vertex -5 23.8655 214.888
      vertex -5 23.9066 214.893
      vertex -124.412 23.8754 192.6
    endloop
  endfacet
  facet normal -0.18232 -0.112503 0.976782
    outer loop
      vertex -124.412 23.8754 192.6
      vertex -5 23.9066 214.893
      vertex -124.424 23.8959 192.6
    endloop
  endfacet
  facet normal -0.183108 -0.064195 0.980995
    outer loop
      vertex -124.444 23.9426 192.6
      vertex -124.439 23.9269 192.6
      vertex -5 23.9479 214.896
    endloop
  endfacet
  facet normal -0.182904 -0.07944 0.979916
    outer loop
      vertex -124.439 23.9269 192.6
      vertex -124.432 23.9116 192.6
      vertex -5 23.9479 214.896
    endloop
  endfacet
  facet normal -0.183016 -0.0714737 0.980508
    outer loop
      vertex -5 23.9479 214.896
      vertex -124.432 23.9116 192.6
      vertex -5 23.9066 214.893
    endloop
  endfacet
  facet normal -0.182749 -0.0895761 0.97907
    outer loop
      vertex -124.432 23.9116 192.6
      vertex -124.43 23.9065 192.6
      vertex -5 23.9066 214.893
    endloop
  endfacet
  facet normal -0.182621 -0.0969976 0.978387
    outer loop
      vertex -5 23.9066 214.893
      vertex -124.43 23.9065 192.6
      vertex -124.424 23.8959 192.6
    endloop
  endfacet
  facet normal -0.183456 -0.0182849 0.982858
    outer loop
      vertex -124.453 23.9893 192.6
      vertex -124.451 23.9735 192.6
      vertex -5 23.9893 214.897
    endloop
  endfacet
  facet normal -0.183381 -0.0336268 0.982467
    outer loop
      vertex -124.451 23.9735 192.6
      vertex -124.449 23.9581 192.6
      vertex -5 23.9893 214.897
    endloop
  endfacet
  facet normal -0.183398 -0.0307546 0.982557
    outer loop
      vertex -5 23.9893 214.897
      vertex -124.449 23.9581 192.6
      vertex -5 23.9479 214.896
    endloop
  endfacet
  facet normal -0.183291 -0.0461908 0.981973
    outer loop
      vertex -124.449 23.9581 192.6
      vertex -124.446 23.9479 192.6
      vertex -5 23.9479 214.896
    endloop
  endfacet
  facet normal -0.18322 -0.0538654 0.981595
    outer loop
      vertex -5 23.9479 214.896
      vertex -124.446 23.9479 192.6
      vertex -124.444 23.9426 192.6
    endloop
  endfacet
  facet normal -0.183315 0.0431126 0.982108
    outer loop
      vertex -124.446 24.0517 192.6
      vertex -124.45 24.036 192.6
      vertex -5 24.0307 214.897
    endloop
  endfacet
  facet normal -0.183388 0.0327873 0.982494
    outer loop
      vertex -124.45 24.036 192.6
      vertex -124.451 24.0308 192.6
      vertex -5 24.0307 214.897
    endloop
  endfacet
  facet normal -0.183477 0.0098969 0.982974
    outer loop
      vertex -5 24.0307 214.897
      vertex -124.451 24.0308 192.6
      vertex -5 23.9893 214.897
    endloop
  endfacet
  facet normal -0.183423 0.0252584 0.98271
    outer loop
      vertex -124.451 24.0308 192.6
      vertex -124.452 24.0205 192.6
      vertex -5 23.9893 214.897
    endloop
  endfacet
  facet normal -0.18347 0.0125118 0.982946
    outer loop
      vertex -5 23.9893 214.897
      vertex -124.452 24.0205 192.6
      vertex -124.453 24.005 192.6
    endloop
  endfacet
  facet normal -0.183253 0.0504648 0.98177
    outer loop
      vertex -5 24.0722 214.894
      vertex -124.439 24.0723 192.6
      vertex -5 24.0307 214.897
    endloop
  endfacet
  facet normal -0.183047 0.0687096 0.9807
    outer loop
      vertex -124.439 24.0723 192.6
      vertex -124.441 24.0672 192.6
      vertex -5 24.0307 214.897
    endloop
  endfacet
  facet normal -0.18317 0.058434 0.981343
    outer loop
      vertex -5 24.0307 214.897
      vertex -124.441 24.0672 192.6
      vertex -124.446 24.0517 192.6
    endloop
  endfacet
  facet normal -0.181992 0.127346 0.975019
    outer loop
      vertex -124.404 24.1348 192.6
      vertex -124.412 24.1243 192.6
      vertex -5 24.1136 214.891
    endloop
  endfacet
  facet normal -0.182227 0.116979 0.976273
    outer loop
      vertex -124.412 24.1243 192.6
      vertex -124.419 24.1137 192.6
      vertex -5 24.1136 214.891
    endloop
  endfacet
  facet normal -0.18272 0.0913324 0.978914
    outer loop
      vertex -5 24.1136 214.891
      vertex -124.419 24.1137 192.6
      vertex -5 24.0722 214.894
    endloop
  endfacet
  facet normal -0.182432 0.106796 0.977401
    outer loop
      vertex -124.419 24.1137 192.6
      vertex -124.424 24.1036 192.6
      vertex -5 24.0722 214.894
    endloop
  endfacet
  facet normal -0.182712 0.0916855 0.978882
    outer loop
      vertex -5 24.0722 214.894
      vertex -124.424 24.1036 192.6
      vertex -124.435 24.0829 192.6
    endloop
  endfacet
  facet normal -0.180881 0.167896 0.969068
    outer loop
      vertex -124.37 24.1759 192.6
      vertex -124.379 24.1655 192.6
      vertex -5 24.1548 214.885
    endloop
  endfacet
  facet normal -0.181195 0.157545 0.970746
    outer loop
      vertex -124.379 24.1655 192.6
      vertex -124.389 24.1548 192.6
      vertex -5 24.1548 214.885
    endloop
  endfacet
  facet normal -0.181886 0.131788 0.974448
    outer loop
      vertex -5 24.1548 214.885
      vertex -124.389 24.1548 192.6
      vertex -5 24.1136 214.891
    endloop
  endfacet
  facet normal -0.18148 0.147298 0.972301
    outer loop
      vertex -124.389 24.1548 192.6
      vertex -124.397 24.1449 192.6
      vertex -5 24.1136 214.891
    endloop
  endfacet
  facet normal -0.181738 0.137604 0.973672
    outer loop
      vertex -5 24.1136 214.891
      vertex -124.397 24.1449 192.6
      vertex -124.404 24.1348 192.6
    endloop
  endfacet
  facet normal -0.179293 0.212567 0.960557
    outer loop
      vertex -5 24.2364 214.869
      vertex -124.301 24.2364 192.6
      vertex -5 24.1957 214.878
    endloop
  endfacet
  facet normal -0.178655 0.227844 0.957167
    outer loop
      vertex -124.301 24.2364 192.6
      vertex -124.314 24.2267 192.6
      vertex -5 24.1957 214.878
    endloop
  endfacet
  facet normal -0.179072 0.217961 0.959388
    outer loop
      vertex -5 24.1957 214.878
      vertex -124.314 24.2267 192.6
      vertex -124.326 24.2166 192.6
    endloop
  endfacet
  facet normal -0.179471 0.208041 0.961514
    outer loop
      vertex -124.326 24.2166 192.6
      vertex -124.338 24.2063 192.6
      vertex -5 24.1957 214.878
    endloop
  endfacet
  facet normal -0.179859 0.197867 0.963587
    outer loop
      vertex -124.338 24.2063 192.6
      vertex -124.35 24.1957 192.6
      vertex -5 24.1957 214.878
    endloop
  endfacet
  facet normal -0.180734 0.172553 0.968277
    outer loop
      vertex -5 24.1957 214.878
      vertex -124.35 24.1957 192.6
      vertex -5 24.1548 214.885
    endloop
  endfacet
  facet normal -0.180221 0.187681 0.965555
    outer loop
      vertex -124.35 24.1957 192.6
      vertex -124.36 24.1859 192.6
      vertex -5 24.1548 214.885
    endloop
  endfacet
  facet normal -0.180558 0.177857 0.96735
    outer loop
      vertex -5 24.1548 214.885
      vertex -124.36 24.1859 192.6
      vertex -124.37 24.1759 192.6
    endloop
  endfacet
  facet normal -0.175482 0.29214 0.940138
    outer loop
      vertex -5 24.2767 214.858
      vertex -5 24.3166 214.846
      vertex -124.178 24.3166 192.6
    endloop
  endfacet
  facet normal -0.174905 0.302174 0.937069
    outer loop
      vertex -124.178 24.3166 192.6
      vertex -124.211 24.2972 192.6
      vertex -5 24.2767 214.858
    endloop
  endfacet
  facet normal -0.176013 0.282492 0.942983
    outer loop
      vertex -124.211 24.2972 192.6
      vertex -124.244 24.2767 192.6
      vertex -5 24.2767 214.858
    endloop
  endfacet
  facet normal -0.177539 0.25254 0.951159
    outer loop
      vertex -5 24.2767 214.858
      vertex -124.244 24.2767 192.6
      vertex -5 24.2364 214.869
    endloop
  endfacet
  facet normal -0.177035 0.262767 0.948479
    outer loop
      vertex -124.244 24.2767 192.6
      vertex -124.273 24.2572 192.6
      vertex -5 24.2364 214.869
    endloop
  endfacet
  facet normal -0.177992 0.242879 0.953587
    outer loop
      vertex -5 24.2364 214.869
      vertex -124.273 24.2572 192.6
      vertex -124.301 24.2364 192.6
    endloop
  endfacet
  facet normal -0.169747 0.379631 0.909432
    outer loop
      vertex -124.018 24.3947 192.6
      vertex -124.061 24.3757 192.6
      vertex -5 24.3559 214.832
    endloop
  endfacet
  facet normal -0.171152 0.360458 0.916939
    outer loop
      vertex -124.061 24.3757 192.6
      vertex -124.103 24.3559 192.6
      vertex -5 24.3559 214.832
    endloop
  endfacet
  facet normal -0.173122 0.33133 0.927496
    outer loop
      vertex -5 24.3559 214.832
      vertex -124.103 24.3559 192.6
      vertex -5 24.3166 214.846
    endloop
  endfacet
  facet normal -0.172477 0.34113 0.924057
    outer loop
      vertex -124.103 24.3559 192.6
      vertex -124.14 24.3367 192.6
      vertex -5 24.3166 214.846
    endloop
  endfacet
  facet normal -0.173734 0.321677 0.930774
    outer loop
      vertex -5 24.3166 214.846
      vertex -124.14 24.3367 192.6
      vertex -124.178 24.3166 192.6
    endloop
  endfacet
  facet normal -0.152847 0.553249 0.818873
    outer loop
      vertex -5 24.5772 214.714
      vertex -123.597 24.5424 192.6
      vertex -5 24.5424 214.737
    endloop
  endfacet
  facet normal -0.156934 0.518154 0.840767
    outer loop
      vertex -123.597 24.5424 192.6
      vertex -123.715 24.5067 192.6
      vertex -5 24.5424 214.737
    endloop
  endfacet
  facet normal -0.156919 0.518289 0.840686
    outer loop
      vertex -5 24.5424 214.737
      vertex -123.715 24.5067 192.6
      vertex -5 24.5067 214.759
    endloop
  endfacet
  facet normal -0.160748 0.482171 0.861203
    outer loop
      vertex -123.715 24.5067 192.6
      vertex -123.824 24.4701 192.6
      vertex -5 24.5067 214.759
    endloop
  endfacet
  facet normal -0.16076 0.482053 0.861267
    outer loop
      vertex -5 24.5067 214.759
      vertex -123.824 24.4701 192.6
      vertex -5 24.4701 214.78
    endloop
  endfacet
  facet normal -0.164281 0.445407 0.880127
    outer loop
      vertex -123.824 24.4701 192.6
      vertex -123.926 24.4327 192.6
      vertex -5 24.4701 214.78
    endloop
  endfacet
  facet normal -0.164285 0.445361 0.88015
    outer loop
      vertex -5 24.4701 214.78
      vertex -123.926 24.4327 192.6
      vertex -5 24.4327 214.799
    endloop
  endfacet
  facet normal -0.167526 0.407921 0.897516
    outer loop
      vertex -123.926 24.4327 192.6
      vertex -124.018 24.3947 192.6
      vertex -5 24.4327 214.799
    endloop
  endfacet
  facet normal -0.167525 0.407942 0.897507
    outer loop
      vertex -5 24.4327 214.799
      vertex -124.018 24.3947 192.6
      vertex -5 24.3947 214.816
    endloop
  endfacet
  facet normal -0.170476 0.369842 0.913321
    outer loop
      vertex -124.018 24.3947 192.6
      vertex -5 24.3559 214.832
      vertex -5 24.3947 214.816
    endloop
  endfacet
  facet normal -0.00441524 0.999709 0.0237114
    outer loop
      vertex -15.362 24.9998 211.982
      vertex -15.4713 24.9996 211.97
      vertex -5 24.9992 213.936
    endloop
  endfacet
  facet normal -0.00623057 0.999423 0.0333802
    outer loop
      vertex -15.4713 24.9996 211.97
      vertex -15.6894 24.9992 211.941
      vertex -5 24.9992 213.936
    endloop
  endfacet
  facet normal -0.0113292 0.998092 0.060696
    outer loop
      vertex -5 24.9992 213.936
      vertex -15.6894 24.9992 211.941
      vertex -5 24.9966 213.979
    endloop
  endfacet
  facet normal -0.0113302 0.998092 0.0607013
    outer loop
      vertex -15.6894 24.9992 211.941
      vertex -17.1757 24.9966 211.707
      vertex -5 24.9966 213.979
    endloop
  endfacet
  facet normal -0.0193416 0.994429 0.103622
    outer loop
      vertex -5 24.9966 213.979
      vertex -17.1757 24.9966 211.707
      vertex -5 24.9921 214.022
    endloop
  endfacet
  facet normal -0.0199632 0.99407 0.10689
    outer loop
      vertex -17.1757 24.9966 211.707
      vertex -20.298 24.9911 211.175
      vertex -5 24.9921 214.022
    endloop
  endfacet
  facet normal -0.0273091 0.988855 0.146356
    outer loop
      vertex -5 24.9921 214.022
      vertex -20.298 24.9911 211.175
      vertex -5 24.9858 214.065
    endloop
  endfacet
  facet normal -0.028046 0.988249 0.150256
    outer loop
      vertex -20.298 24.9911 211.175
      vertex -23.2962 24.9858 210.65
      vertex -5 24.9858 214.065
    endloop
  endfacet
  facet normal -0.0352239 0.981401 0.188711
    outer loop
      vertex -5 24.9858 214.065
      vertex -23.2962 24.9858 210.65
      vertex -5 24.9777 214.107
    endloop
  endfacet
  facet normal -0.0363163 0.980232 0.194489
    outer loop
      vertex -23.2962 24.9858 210.65
      vertex -29.7454 24.9745 209.503
      vertex -5 24.9777 214.107
    endloop
  endfacet
  facet normal -0.0430304 0.972102 0.230579
    outer loop
      vertex -5 24.9777 214.107
      vertex -29.7454 24.9745 209.503
      vertex -5 24.9678 214.149
    endloop
  endfacet
  facet normal -0.0456932 0.968507 0.244756
    outer loop
      vertex -29.7454 24.9745 209.503
      vertex -35.9623 24.9635 208.385
      vertex -5 24.9678 214.149
    endloop
  endfacet
  facet normal -0.0507682 0.96095 0.272026
    outer loop
      vertex -5 24.9678 214.149
      vertex -35.9623 24.9635 208.385
      vertex -5 24.9562 214.19
    endloop
  endfacet
  facet normal -0.0530619 0.957279 0.284256
    outer loop
      vertex -35.9623 24.9635 208.385
      vertex -41.9659 24.953 207.3
      vertex -5 24.9562 214.19
    endloop
  endfacet
  facet normal -0.0583579 0.948066 0.312676
    outer loop
      vertex -5 24.9562 214.19
      vertex -41.9659 24.953 207.3
      vertex -5 24.9428 214.231
    endloop
  endfacet
  facet normal -0.0593237 0.946292 0.317824
    outer loop
      vertex -41.9659 24.953 207.3
      vertex -47.7728 24.9428 206.247
      vertex -5 24.9428 214.231
    endloop
  endfacet
  facet normal -0.0658452 0.933393 0.352763
    outer loop
      vertex -5 24.9428 214.231
      vertex -47.7728 24.9428 206.247
      vertex -5 24.9276 214.27
    endloop
  endfacet
  facet normal -0.0670142 0.930932 0.35899
    outer loop
      vertex -47.7728 24.9428 206.247
      vertex -59.8535 24.9215 204.047
      vertex -5 24.9276 214.27
    endloop
  endfacet
  facet normal -0.0731956 0.916979 0.392163
    outer loop
      vertex -5 24.9276 214.27
      vertex -59.8535 24.9215 204.047
      vertex -5 24.9109 214.31
    endloop
  endfacet
  facet normal -0.0763737 0.909269 0.409142
    outer loop
      vertex -59.8535 24.9215 204.047
      vertex -71.573 24.9009 201.905
      vertex -5 24.9109 214.31
    endloop
  endfacet
  facet normal -0.0803592 0.898987 0.43054
    outer loop
      vertex -5 24.9109 214.31
      vertex -71.573 24.9009 201.905
      vertex -5 24.8925 214.348
    endloop
  endfacet
  facet normal -0.084281 0.888275 0.451514
    outer loop
      vertex -71.573 24.9009 201.905
      vertex -82.9583 24.8808 199.819
      vertex -5 24.8925 214.348
    endloop
  endfacet
  facet normal -0.0873975 0.879266 0.468244
    outer loop
      vertex -5 24.8925 214.348
      vertex -82.9583 24.8808 199.819
      vertex -5 24.8725 214.386
    endloop
  endfacet
  facet normal -0.0911241 0.867972 0.488182
    outer loop
      vertex -82.9583 24.8808 199.819
      vertex -94.0342 24.8613 197.786
      vertex -5 24.8725 214.386
    endloop
  endfacet
  facet normal -0.0942202 0.858082 0.504795
    outer loop
      vertex -5 24.8725 214.386
      vertex -94.0342 24.8613 197.786
      vertex -5 24.8509 214.422
    endloop
  endfacet
  facet normal -0.0972031 0.848156 0.520753
    outer loop
      vertex -94.0342 24.8613 197.786
      vertex -104.823 24.8423 195.803
      vertex -5 24.8509 214.422
    endloop
  endfacet
  facet normal -0.100887 0.835265 0.540512
    outer loop
      vertex -5 24.8509 214.422
      vertex -104.823 24.8423 195.803
      vertex -5 24.8279 214.458
    endloop
  endfacet
  facet normal -0.102652 0.828864 0.549952
    outer loop
      vertex -104.823 24.8423 195.803
      vertex -115.346 24.8238 193.867
      vertex -5 24.8279 214.458
    endloop
  endfacet
  facet normal -0.107318 0.811112 0.57496
    outer loop
      vertex -5 24.8279 214.458
      vertex -115.346 24.8238 193.867
      vertex -5 24.8034 214.493
    endloop
  endfacet
  facet normal -0.106907 0.812722 0.57276
    outer loop
      vertex -115.346 24.8238 193.867
      vertex -122.225 24.8117 192.6
      vertex -5 24.8034 214.493
    endloop
  endfacet
  facet normal -0.112161 0.791428 0.600884
    outer loop
      vertex -5 24.8034 214.493
      vertex -122.225 24.8117 192.6
      vertex -5 24.7897 214.51
    endloop
  endfacet
  facet normal -0.111088 0.795898 0.595152
    outer loop
      vertex -122.225 24.8117 192.6
      vertex -122.382 24.7897 192.6
      vertex -5 24.7897 214.51
    endloop
  endfacet
  facet normal -0.116775 0.771342 0.625616
    outer loop
      vertex -5 24.7897 214.51
      vertex -122.382 24.7897 192.6
      vertex -5 24.7632 214.543
    endloop
  endfacet
  facet normal -0.116727 0.771557 0.625359
    outer loop
      vertex -122.382 24.7897 192.6
      vertex -122.555 24.7637 192.6
      vertex -5 24.7632 214.543
    endloop
  endfacet
  facet normal -0.122641 0.74381 0.657044
    outer loop
      vertex -5 24.7632 214.543
      vertex -122.555 24.7637 192.6
      vertex -5 24.7352 214.575
    endloop
  endfacet
  facet normal -0.122557 0.744221 0.656594
    outer loop
      vertex -122.555 24.7637 192.6
      vertex -122.724 24.7358 192.6
      vertex -5 24.7352 214.575
    endloop
  endfacet
  facet normal -0.12833 0.714735 0.687521
    outer loop
      vertex -5 24.7352 214.575
      vertex -122.724 24.7358 192.6
      vertex -5 24.706 214.605
    endloop
  endfacet
  facet normal -0.128264 0.715084 0.68717
    outer loop
      vertex -122.724 24.7358 192.6
      vertex -122.89 24.706 192.6
      vertex -5 24.706 214.605
    endloop
  endfacet
  facet normal -0.133716 0.684781 0.716377
    outer loop
      vertex -5 24.706 214.605
      vertex -122.89 24.706 192.6
      vertex -5 24.6755 214.634
    endloop
  endfacet
  facet normal -0.133697 0.684887 0.716279
    outer loop
      vertex -122.89 24.706 192.6
      vertex -123.044 24.6759 192.6
      vertex -5 24.6755 214.634
    endloop
  endfacet
  facet normal -0.138921 0.653278 0.744264
    outer loop
      vertex -5 24.6755 214.634
      vertex -123.044 24.6759 192.6
      vertex -5 24.6438 214.662
    endloop
  endfacet
  facet normal -0.138868 0.653611 0.743981
    outer loop
      vertex -123.044 24.6759 192.6
      vertex -123.195 24.6438 192.6
      vertex -5 24.6438 214.662
    endloop
  endfacet
  facet normal -0.143801 0.621124 0.770406
    outer loop
      vertex -5 24.6438 214.662
      vertex -123.195 24.6438 192.6
      vertex -5 24.611 214.689
    endloop
  endfacet
  facet normal -0.143766 0.621359 0.770223
    outer loop
      vertex -123.195 24.6438 192.6
      vertex -123.334 24.6117 192.6
      vertex -5 24.611 214.689
    endloop
  endfacet
  facet normal -0.148452 0.587722 0.795327
    outer loop
      vertex -5 24.611 214.689
      vertex -123.334 24.6117 192.6
      vertex -5 24.5772 214.714
    endloop
  endfacet
  facet normal -0.148414 0.588007 0.795123
    outer loop
      vertex -123.334 24.6117 192.6
      vertex -123.471 24.5772 192.6
      vertex -5 24.5772 214.714
    endloop
  endfacet
  facet normal -0.152834 0.553359 0.818801
    outer loop
      vertex -5 24.5772 214.714
      vertex -123.471 24.5772 192.6
      vertex -123.597 24.5424 192.6
    endloop
  endfacet
  facet normal -0.211641 0 0.977348
    outer loop
      vertex -182.472 24.7056 143.783
      vertex -194.51 24.6844 141.177
      vertex -182.472 23.2944 143.783
    endloop
  endfacet
  facet normal -0.211641 0 0.977348
    outer loop
      vertex -194.51 24.6844 141.177
      vertex -194.51 23.3156 141.177
      vertex -182.472 23.2944 143.783
    endloop
  endfacet
  facet normal -0.977347 0 -0.211641
    outer loop
      vertex -183.107 23.2955 146.715
      vertex -183.107 24.7045 146.715
      vertex -182.472 23.2944 143.783
    endloop
  endfacet
  facet normal -0.977347 0 -0.211641
    outer loop
      vertex -183.107 24.7045 146.715
      vertex -182.472 24.7056 143.783
      vertex -182.472 23.2944 143.783
    endloop
  endfacet
  facet normal 0.211641 0 -0.977348
    outer loop
      vertex -219.269 24.6408 138.885
      vertex -183.107 24.7045 146.715
      vertex -219.269 23.3592 138.885
    endloop
  endfacet
  facet normal 0.211641 0 -0.977348
    outer loop
      vertex -183.107 24.7045 146.715
      vertex -183.107 23.2955 146.715
      vertex -219.269 23.3592 138.885
    endloop
  endfacet
  facet normal 1 0 0
    outer loop
      vertex -0.477361 25 135.9
      vertex -0.477361 25 140.9
      vertex -0.477361 23 135.9
    endloop
  endfacet
  facet normal 1 0 0
    outer loop
      vertex -0.477361 25 140.9
      vertex -0.477361 23 140.9
      vertex -0.477361 23 135.9
    endloop
  endfacet
  facet normal -0.999907 0 0.0136405
    outer loop
      vertex -194.51 23.3156 141.177
      vertex -194.51 24.6844 141.177
      vertex -194.546 23.3156 138.547
    endloop
  endfacet
  facet normal -0.999907 0 0.0136405
    outer loop
      vertex -194.51 24.6844 141.177
      vertex -194.546 24.6844 138.547
      vertex -194.546 23.3156 138.547
    endloop
  endfacet
  facet normal -1 0 0
    outer loop
      vertex -26.538 23.0199 183.257
      vertex -26.538 24 183.257
      vertex -26.538 23.0199 136.256
    endloop
  endfacet
  facet normal -1 0 0
    outer loop
      vertex -26.538 24 183.257
      vertex -26.538 24 136.256
      vertex -26.538 23.0199 136.256
    endloop
  endfacet
  facet normal 0.211641 0 -0.977348
    outer loop
      vertex -157.914 23.2511 154.808
      vertex -157.914 24 154.808
      vertex -26.538 23.0199 183.257
    endloop
  endfacet
  facet normal 0.211641 0 -0.977348
    outer loop
      vertex -157.914 24 154.808
      vertex -26.538 24 183.257
      vertex -26.538 23.0199 183.257
    endloop
  endfacet
  facet normal 1 0 0
    outer loop
      vertex -157.914 24 138.048
      vertex -157.914 24 154.808
      vertex -157.914 23.2511 138.048
    endloop
  endfacet
  facet normal 1 0 0
    outer loop
      vertex -157.914 24 154.808
      vertex -157.914 23.2511 154.808
      vertex -157.914 23.2511 138.048
    endloop
  endfacet
  facet normal 0 1 0
    outer loop
      vertex -15.2537 25 211.983
      vertex -5 25 213.897
      vertex -5 25 210.897
    endloop
  endfacet
  facet normal 0 1 0
    outer loop
      vertex -15.2537 25 211.983
      vertex -5 25 210.897
      vertex -15.2537 25 136.102
    endloop
  endfacet
  facet normal 0 1 0
    outer loop
      vertex -5 25 210.897
      vertex -0.477361 25 140.9
      vertex -15.2537 25 136.102
    endloop
  endfacet
  facet normal 0 1 0
    outer loop
      vertex -15.2537 25 136.102
      vertex -0.477361 25 140.9
      vertex -0.477361 25 135.9
    endloop
  endfacet
  facet normal 0 1 0
    outer loop
      vertex -0.0545242 25 177.146
      vertex -0.108945 25 177.142
      vertex -5 25 210.897
    endloop
  endfacet
  facet normal 0 1 0
    outer loop
      vertex -0.108945 25 177.142
      vertex -0.163158 25 177.136
      vertex -5 25 210.897
    endloop
  endfacet
  facet normal 0 1 0
    outer loop
      vertex -5 25 210.897
      vertex -0.163158 25 177.136
      vertex -0.21706 25 177.128
    endloop
  endfacet
  facet normal 0 1 0
    outer loop
      vertex -0.21706 25 177.128
      vertex -0.27055 25 177.117
      vertex -5 25 210.897
    endloop
  endfacet
  facet normal 0 1 0
    outer loop
      vertex -0.27055 25 177.117
      vertex -0.323524 25 177.104
      vertex -5 25 210.897
    endloop
  endfacet
  facet normal 0 1 0
    outer loop
      vertex -5 25 210.897
      vertex -0.323524 25 177.104
      vertex -0.375882 25 177.089
    endloop
  endfacet
  facet normal 0 1 0
    outer loop
      vertex -5 25 210.897
      vertex -1.08253 25 176.522
      vertex -1.10876 25 176.474
    endloop
  endfacet
  facet normal 0 1 0
    outer loop
      vertex -1.22037 25 176.168
      vertex -1.23101 25 176.114
      vertex -5 25 210.897
    endloop
  endfacet
  facet normal 0 1 0
    outer loop
      vertex -1.23931 25 175.734
      vertex -1.23101 25 175.68
      vertex -0.477361 25 140.9
    endloop
  endfacet
  facet normal 0 1 0
    outer loop
      vertex -0.375882 25 177.089
      vertex -0.427525 25 177.072
      vertex -5 25 210.897
    endloop
  endfacet
  facet normal 0 1 0
    outer loop
      vertex -0.427525 25 177.072
      vertex -0.478354 25 177.052
      vertex -5 25 210.897
    endloop
  endfacet
  facet normal 0 1 0
    outer loop
      vertex -5 25 210.897
      vertex -0.478354 25 177.052
      vertex -0.528273 25 177.03
    endloop
  endfacet
  facet normal 0 1 0
    outer loop
      vertex -0.528273 25 177.03
      vertex -0.577186 25 177.006
      vertex -5 25 210.897
    endloop
  endfacet
  facet normal 0 1 0
    outer loop
      vertex -0.577186 25 177.006
      vertex -0.625 25 176.98
      vertex -5 25 210.897
    endloop
  endfacet
  facet normal 0 1 0
    outer loop
      vertex -5 25 210.897
      vertex -0.625 25 176.98
      vertex -0.671624 25 176.951
    endloop
  endfacet
  facet normal 0 1 0
    outer loop
      vertex -0.671624 25 176.951
      vertex -0.716971 25 176.921
      vertex -5 25 210.897
    endloop
  endfacet
  facet normal 0 1 0
    outer loop
      vertex -0.716971 25 176.921
      vertex -0.760952 25 176.889
      vertex -5 25 210.897
    endloop
  endfacet
  facet normal 0 1 0
    outer loop
      vertex -5 25 210.897
      vertex -0.760952 25 176.889
      vertex -0.803485 25 176.855
    endloop
  endfacet
  facet normal 0 1 0
    outer loop
      vertex -0.991692 25 176.658
      vertex -5 25 210.897
      vertex -0.957556 25 176.701
    endloop
  endfacet
  facet normal 0 1 0
    outer loop
      vertex -5 25 210.897
      vertex -0.921597 25 176.742
      vertex -0.957556 25 176.701
    endloop
  endfacet
  facet normal 0 1 0
    outer loop
      vertex -0.991692 25 176.658
      vertex -1.02394 25 176.614
      vertex -5 25 210.897
    endloop
  endfacet
  facet normal 0 1 0
    outer loop
      vertex -1.02394 25 176.614
      vertex -1.05424 25 176.569
      vertex -5 25 210.897
    endloop
  endfacet
  facet normal 0 1 0
    outer loop
      vertex -5 25 210.897
      vertex -1.05424 25 176.569
      vertex -1.08253 25 176.522
    endloop
  endfacet
  facet normal 0 1 0
    outer loop
      vertex -1.10876 25 176.474
      vertex -1.13288 25 176.425
      vertex -5 25 210.897
    endloop
  endfacet
  facet normal 0 1 0
    outer loop
      vertex -1.13288 25 176.425
      vertex -1.15485 25 176.375
      vertex -5 25 210.897
    endloop
  endfacet
  facet normal 0 1 0
    outer loop
      vertex -5 25 210.897
      vertex -1.15485 25 176.375
      vertex -1.17462 25 176.325
    endloop
  endfacet
  facet normal 0 1 0
    outer loop
      vertex -0.625 25 174.814
      vertex -0.577186 25 174.788
      vertex -0.477361 25 140.9
    endloop
  endfacet
  facet normal 0 1 0
    outer loop
      vertex -0.577186 25 174.788
      vertex -0.528273 25 174.764
      vertex -0.477361 25 140.9
    endloop
  endfacet
  facet normal 0 1 0
    outer loop
      vertex -0.477361 25 140.9
      vertex -0.528273 25 174.764
      vertex -0.478354 25 174.742
    endloop
  endfacet
  facet normal 0 1 0
    outer loop
      vertex -0.803485 25 176.855
      vertex -0.844488 25 176.819
      vertex -5 25 210.897
    endloop
  endfacet
  facet normal 0 1 0
    outer loop
      vertex -0.844488 25 176.819
      vertex -0.883883 25 176.781
      vertex -5 25 210.897
    endloop
  endfacet
  facet normal 0 1 0
    outer loop
      vertex -5 25 210.897
      vertex -0.883883 25 176.781
      vertex -0.921597 25 176.742
    endloop
  endfacet
  facet normal 0 1 0
    outer loop
      vertex -1.17462 25 176.325
      vertex -1.19215 25 176.273
      vertex -5 25 210.897
    endloop
  endfacet
  facet normal 0 1 0
    outer loop
      vertex -1.19215 25 176.273
      vertex -1.20741 25 176.221
      vertex -5 25 210.897
    endloop
  endfacet
  facet normal 0 1 0
    outer loop
      vertex -5 25 210.897
      vertex -1.20741 25 176.221
      vertex -1.22037 25 176.168
    endloop
  endfacet
  facet normal 0 1 0
    outer loop
      vertex -1.23101 25 176.114
      vertex -1.23931 25 176.06
      vertex -5 25 210.897
    endloop
  endfacet
  facet normal 0 1 0
    outer loop
      vertex -1.23931 25 176.06
      vertex -1.24524 25 176.006
      vertex -5 25 210.897
    endloop
  endfacet
  facet normal 0 1 0
    outer loop
      vertex -5 25 210.897
      vertex -1.24524 25 176.006
      vertex -1.24881 25 175.952
    endloop
  endfacet
  facet normal 0 1 0
    outer loop
      vertex -1.24881 25 175.952
      vertex -1.25 25 175.897
      vertex -5 25 210.897
    endloop
  endfacet
  facet normal 0 1 0
    outer loop
      vertex -1.25 25 175.897
      vertex -1.24881 25 175.842
      vertex -5 25 210.897
    endloop
  endfacet
  facet normal 0 1 0
    outer loop
      vertex -5 25 210.897
      vertex -1.24881 25 175.842
      vertex -0.477361 25 140.9
    endloop
  endfacet
  facet normal 0 1 0
    outer loop
      vertex -1.24881 25 175.842
      vertex -1.24524 25 175.788
      vertex -0.477361 25 140.9
    endloop
  endfacet
  facet normal 0 1 0
    outer loop
      vertex -0.477361 25 140.9
      vertex -1.24524 25 175.788
      vertex -1.23931 25 175.734
    endloop
  endfacet
  facet normal 0 1 0
    outer loop
      vertex -1.23101 25 175.68
      vertex -1.22037 25 175.626
      vertex -0.477361 25 140.9
    endloop
  endfacet
  facet normal 0 1 0
    outer loop
      vertex -1.22037 25 175.626
      vertex -1.20741 25 175.573
      vertex -0.477361 25 140.9
    endloop
  endfacet
  facet normal 0 1 0
    outer loop
      vertex -0.477361 25 140.9
      vertex -1.20741 25 175.573
      vertex -1.19215 25 175.521
    endloop
  endfacet
  facet normal 0 1 0
    outer loop
      vertex -0.957556 25 175.094
      vertex -0.921597 25 175.053
      vertex -0.477361 25 140.9
    endloop
  endfacet
  facet normal 0 1 0
    outer loop
      vertex -0.921597 25 175.053
      vertex -0.883883 25 175.013
      vertex -0.477361 25 140.9
    endloop
  endfacet
  facet normal 0 1 0
    outer loop
      vertex -0.760952 25 174.905
      vertex -0.716971 25 174.873
      vertex -0.477361 25 140.9
    endloop
  endfacet
  facet normal 0 1 0
    outer loop
      vertex -0.716971 25 174.873
      vertex -0.671624 25 174.843
      vertex -0.477361 25 140.9
    endloop
  endfacet
  facet normal 0 1 0
    outer loop
      vertex -0.477361 25 140.9
      vertex -0.671624 25 174.843
      vertex -0.625 25 174.814
    endloop
  endfacet
  facet normal 0 1 0
    outer loop
      vertex -0.0545242 25 177.146
      vertex -5 25 210.897
      vertex -1.14796e-15 25 177.147
    endloop
  endfacet
  facet normal 0 1 0
    outer loop
      vertex -5 25 210.897
      vertex 2.03436e-14 25 210.897
      vertex -1.14796e-15 25 177.147
    endloop
  endfacet
  facet normal 0 1 0
    outer loop
      vertex -1.14796e-15 25 177.147
      vertex 2.03436e-14 25 210.897
      vertex 0.0545242 25 177.146
    endloop
  endfacet
  facet normal 0 1 0
    outer loop
      vertex 2.03436e-14 25 210.897
      vertex 1.51231 25 210.864
      vertex 0.0545242 25 177.146
    endloop
  endfacet
  facet normal 0 1 0
    outer loop
      vertex 0.0545242 25 177.146
      vertex 1.51231 25 210.864
      vertex 0.108945 25 177.142
    endloop
  endfacet
  facet normal 0 1 0
    outer loop
      vertex 1.51231 25 210.864
      vertex 3.0218 25 210.766
      vertex 0.108945 25 177.142
    endloop
  endfacet
  facet normal 0 1 0
    outer loop
      vertex 0.108945 25 177.142
      vertex 3.0218 25 210.766
      vertex 0.163158 25 177.136
    endloop
  endfacet
  facet normal 0 1 0
    outer loop
      vertex 3.0218 25 210.766
      vertex 4.52564 25 210.603
      vertex 0.163158 25 177.136
    endloop
  endfacet
  facet normal 0 1 0
    outer loop
      vertex 0.163158 25 177.136
      vertex 4.52564 25 210.603
      vertex 0.21706 25 177.128
    endloop
  endfacet
  facet normal 0 1 0
    outer loop
      vertex 4.52564 25 210.603
      vertex 6.02103 25 210.375
      vertex 0.21706 25 177.128
    endloop
  endfacet
  facet normal 0 1 0
    outer loop
      vertex 0.21706 25 177.128
      vertex 6.02103 25 210.375
      vertex 0.27055 25 177.117
    endloop
  endfacet
  facet normal 0 1 0
    outer loop
      vertex 6.02103 25 210.375
      vertex 7.50517 25 210.083
      vertex 0.27055 25 177.117
    endloop
  endfacet
  facet normal 0 1 0
    outer loop
      vertex 0.27055 25 177.117
      vertex 7.50517 25 210.083
      vertex 0.323524 25 177.104
    endloop
  endfacet
  facet normal 0 1 0
    outer loop
      vertex 7.50517 25 210.083
      vertex 8.9753 25 209.727
      vertex 0.323524 25 177.104
    endloop
  endfacet
  facet normal 0 1 0
    outer loop
      vertex 0.323524 25 177.104
      vertex 8.9753 25 209.727
      vertex 0.375882 25 177.089
    endloop
  endfacet
  facet normal 0 1 0
    outer loop
      vertex 8.9753 25 209.727
      vertex 10.4287 25 209.307
      vertex 0.375882 25 177.089
    endloop
  endfacet
  facet normal 0 1 0
    outer loop
      vertex 0.375882 25 177.089
      vertex 10.4287 25 209.307
      vertex 0.427525 25 177.072
    endloop
  endfacet
  facet normal 0 1 0
    outer loop
      vertex 10.4287 25 209.307
      vertex 11.8625 25 208.825
      vertex 0.427525 25 177.072
    endloop
  endfacet
  facet normal 0 1 0
    outer loop
      vertex 0.427525 25 177.072
      vertex 11.8625 25 208.825
      vertex 0.478354 25 177.052
    endloop
  endfacet
  facet normal 0 1 0
    outer loop
      vertex 11.8625 25 208.825
      vertex 13.2743 25 208.282
      vertex 0.478354 25 177.052
    endloop
  endfacet
  facet normal 0 1 0
    outer loop
      vertex 0.478354 25 177.052
      vertex 13.2743 25 208.282
      vertex 0.528273 25 177.03
    endloop
  endfacet
  facet normal 0 1 0
    outer loop
      vertex 13.2743 25 208.282
      vertex 14.6612 25 207.678
      vertex 0.528273 25 177.03
    endloop
  endfacet
  facet normal 0 1 0
    outer loop
      vertex 0.528273 25 177.03
      vertex 14.6612 25 207.678
      vertex 0.577186 25 177.006
    endloop
  endfacet
  facet normal 0 1 0
    outer loop
      vertex 14.6612 25 207.678
      vertex 16.0207 25 207.015
      vertex 0.577186 25 177.006
    endloop
  endfacet
  facet normal 0 1 0
    outer loop
      vertex 0.577186 25 177.006
      vertex 16.0207 25 207.015
      vertex 0.625 25 176.98
    endloop
  endfacet
  facet normal 0 1 0
    outer loop
      vertex 16.0207 25 207.015
      vertex 17.3503 25 206.294
      vertex 0.625 25 176.98
    endloop
  endfacet
  facet normal 0 1 0
    outer loop
      vertex 0.625 25 176.98
      vertex 17.3503 25 206.294
      vertex 0.671624 25 176.951
    endloop
  endfacet
  facet normal 0 1 0
    outer loop
      vertex 17.3503 25 206.294
      vertex 18.6475 25 205.516
      vertex 0.671624 25 176.951
    endloop
  endfacet
  facet normal 0 1 0
    outer loop
      vertex 0.671624 25 176.951
      vertex 18.6475 25 205.516
      vertex 0.716971 25 176.921
    endloop
  endfacet
  facet normal 0 1 0
    outer loop
      vertex 18.6475 25 205.516
      vertex 19.9099 25 204.682
      vertex 0.716971 25 176.921
    endloop
  endfacet
  facet normal 0 1 0
    outer loop
      vertex 0.716971 25 176.921
      vertex 19.9099 25 204.682
      vertex 0.760952 25 176.889
    endloop
  endfacet
  facet normal 0 1 0
    outer loop
      vertex 19.9099 25 204.682
      vertex 21.1351 25 203.795
      vertex 0.760952 25 176.889
    endloop
  endfacet
  facet normal 0 1 0
    outer loop
      vertex 0.760952 25 176.889
      vertex 21.1351 25 203.795
      vertex 0.803485 25 176.855
    endloop
  endfacet
  facet normal 0 1 0
    outer loop
      vertex 21.1351 25 203.795
      vertex 22.3208 25 202.856
      vertex 0.803485 25 176.855
    endloop
  endfacet
  facet normal 0 1 0
    outer loop
      vertex 0.803485 25 176.855
      vertex 22.3208 25 202.856
      vertex 0.844488 25 176.819
    endloop
  endfacet
  facet normal 0 1 0
    outer loop
      vertex 22.3208 25 202.856
      vertex 23.4648 25 201.866
      vertex 0.844488 25 176.819
    endloop
  endfacet
  facet normal 0 1 0
    outer loop
      vertex 0.844488 25 176.819
      vertex 23.4648 25 201.866
      vertex 0.883883 25 176.781
    endloop
  endfacet
  facet normal 0 1 0
    outer loop
      vertex 23.4648 25 201.866
      vertex 24.565 25 200.828
      vertex 0.883883 25 176.781
    endloop
  endfacet
  facet normal 0 1 0
    outer loop
      vertex 0.883883 25 176.781
      vertex 24.565 25 200.828
      vertex 0.921597 25 176.742
    endloop
  endfacet
  facet normal 0 1 0
    outer loop
      vertex 24.565 25 200.828
      vertex 25.6193 25 199.743
      vertex 0.921597 25 176.742
    endloop
  endfacet
  facet normal 0 1 0
    outer loop
      vertex 0.921597 25 176.742
      vertex 25.6193 25 199.743
      vertex 0.957556 25 176.701
    endloop
  endfacet
  facet normal 0 1 0
    outer loop
      vertex 25.6193 25 199.743
      vertex 26.6258 25 198.614
      vertex 0.957556 25 176.701
    endloop
  endfacet
  facet normal 0 1 0
    outer loop
      vertex 0.957556 25 176.701
      vertex 26.6258 25 198.614
      vertex 0.991692 25 176.658
    endloop
  endfacet
  facet normal 0 1 0
    outer loop
      vertex 26.6258 25 198.614
      vertex 27.5825 25 197.442
      vertex 0.991692 25 176.658
    endloop
  endfacet
  facet normal 0 1 0
    outer loop
      vertex 0.991692 25 176.658
      vertex 27.5825 25 197.442
      vertex 1.02394 25 176.614
    endloop
  endfacet
  facet normal 0 1 0
    outer loop
      vertex 27.5825 25 197.442
      vertex 28.4877 25 196.231
      vertex 1.02394 25 176.614
    endloop
  endfacet
  facet normal 0 1 0
    outer loop
      vertex 1.02394 25 176.614
      vertex 28.4877 25 196.231
      vertex 1.05424 25 176.569
    endloop
  endfacet
  facet normal 0 1 0
    outer loop
      vertex 28.4877 25 196.231
      vertex 29.3397 25 194.981
      vertex 1.05424 25 176.569
    endloop
  endfacet
  facet normal 0 1 0
    outer loop
      vertex 1.05424 25 176.569
      vertex 29.3397 25 194.981
      vertex 1.08253 25 176.522
    endloop
  endfacet
  facet normal 0 1 0
    outer loop
      vertex 29.3397 25 194.981
      vertex 30.1368 25 193.695
      vertex 1.08253 25 176.522
    endloop
  endfacet
  facet normal 0 1 0
    outer loop
      vertex 1.08253 25 176.522
      vertex 30.1368 25 193.695
      vertex 1.10876 25 176.474
    endloop
  endfacet
  facet normal 0 1 0
    outer loop
      vertex 30.1368 25 193.695
      vertex 30.8777 25 192.376
      vertex 1.10876 25 176.474
    endloop
  endfacet
  facet normal 0 1 0
    outer loop
      vertex 1.10876 25 176.474
      vertex 30.8777 25 192.376
      vertex 1.13288 25 176.425
    endloop
  endfacet
  facet normal 0 1 0
    outer loop
      vertex 30.8777 25 192.376
      vertex 31.5609 25 191.027
      vertex 1.13288 25 176.425
    endloop
  endfacet
  facet normal 0 1 0
    outer loop
      vertex 1.13288 25 176.425
      vertex 31.5609 25 191.027
      vertex 1.15485 25 176.375
    endloop
  endfacet
  facet normal 0 1 0
    outer loop
      vertex 31.5609 25 191.027
      vertex 32.1852 25 189.649
      vertex 1.15485 25 176.375
    endloop
  endfacet
  facet normal 0 1 0
    outer loop
      vertex 1.15485 25 176.375
      vertex 32.1852 25 189.649
      vertex 1.17462 25 176.325
    endloop
  endfacet
  facet normal 0 1 0
    outer loop
      vertex 32.1852 25 189.649
      vertex 32.7494 25 188.245
      vertex 1.17462 25 176.325
    endloop
  endfacet
  facet normal 0 1 0
    outer loop
      vertex 1.17462 25 176.325
      vertex 32.7494 25 188.245
      vertex 1.19215 25 176.273
    endloop
  endfacet
  facet normal 0 1 0
    outer loop
      vertex 32.7494 25 188.245
      vertex 33.2523 25 186.819
      vertex 1.19215 25 176.273
    endloop
  endfacet
  facet normal 0 1 0
    outer loop
      vertex 1.19215 25 176.273
      vertex 33.2523 25 186.819
      vertex 1.20741 25 176.221
    endloop
  endfacet
  facet normal 0 1 0
    outer loop
      vertex 33.2523 25 186.819
      vertex 33.6932 25 185.372
      vertex 1.20741 25 176.221
    endloop
  endfacet
  facet normal 0 1 0
    outer loop
      vertex 1.20741 25 176.221
      vertex 33.6932 25 185.372
      vertex 1.22037 25 176.168
    endloop
  endfacet
  facet normal 0 1 0
    outer loop
      vertex 33.6932 25 185.372
      vertex 34.0711 25 183.907
      vertex 1.22037 25 176.168
    endloop
  endfacet
  facet normal 0 1 0
    outer loop
      vertex 1.22037 25 176.168
      vertex 34.0711 25 183.907
      vertex 1.23101 25 176.114
    endloop
  endfacet
  facet normal 0 1 0
    outer loop
      vertex 34.0711 25 183.907
      vertex 34.3854 25 182.427
      vertex 1.23101 25 176.114
    endloop
  endfacet
  facet normal 0 1 0
    outer loop
      vertex 1.23101 25 176.114
      vertex 34.3854 25 182.427
      vertex 1.23931 25 176.06
    endloop
  endfacet
  facet normal 0 1 0
    outer loop
      vertex 34.3854 25 182.427
      vertex 34.6354 25 180.936
      vertex 1.23931 25 176.06
    endloop
  endfacet
  facet normal 0 1 0
    outer loop
      vertex 1.23931 25 176.06
      vertex 34.6354 25 180.936
      vertex 1.24524 25 176.006
    endloop
  endfacet
  facet normal 0 1 0
    outer loop
      vertex 34.6354 25 180.936
      vertex 34.8208 25 179.434
      vertex 1.24524 25 176.006
    endloop
  endfacet
  facet normal 0 1 0
    outer loop
      vertex 1.24524 25 176.006
      vertex 34.8208 25 179.434
      vertex 1.24881 25 175.952
    endloop
  endfacet
  facet normal 0 1 0
    outer loop
      vertex 34.8208 25 179.434
      vertex 34.9411 25 177.926
      vertex 1.24881 25 175.952
    endloop
  endfacet
  facet normal 0 1 0
    outer loop
      vertex 1.24881 25 175.952
      vertex 34.9411 25 177.926
      vertex 1.25 25 175.897
    endloop
  endfacet
  facet normal 0 1 0
    outer loop
      vertex 34.9411 25 177.926
      vertex 34.9962 25 176.415
      vertex 1.25 25 175.897
    endloop
  endfacet
  facet normal 0 1 0
    outer loop
      vertex 1.25 25 175.897
      vertex 34.9962 25 176.415
      vertex 1.24881 25 175.842
    endloop
  endfacet
  facet normal 0 1 0
    outer loop
      vertex 34.9962 25 176.415
      vertex 34.9859 25 174.902
      vertex 1.24881 25 175.842
    endloop
  endfacet
  facet normal 0 1 0
    outer loop
      vertex 1.24881 25 175.842
      vertex 34.9859 25 174.902
      vertex 1.24524 25 175.788
    endloop
  endfacet
  facet normal 0 1 0
    outer loop
      vertex 34.9859 25 174.902
      vertex 34.9102 25 173.391
      vertex 1.24524 25 175.788
    endloop
  endfacet
  facet normal 0 1 0
    outer loop
      vertex 1.24524 25 175.788
      vertex 34.9102 25 173.391
      vertex 1.23931 25 175.734
    endloop
  endfacet
  facet normal 0 1 0
    outer loop
      vertex 34.9102 25 173.391
      vertex 34.7693 25 171.885
      vertex 1.23931 25 175.734
    endloop
  endfacet
  facet normal 0 1 0
    outer loop
      vertex 1.23931 25 175.734
      vertex 34.7693 25 171.885
      vertex 1.23101 25 175.68
    endloop
  endfacet
  facet normal 0 1 0
    outer loop
      vertex 34.7693 25 171.885
      vertex 34.5635 25 170.387
      vertex 1.23101 25 175.68
    endloop
  endfacet
  facet normal 0 1 0
    outer loop
      vertex 1.23101 25 175.68
      vertex 34.5635 25 170.387
      vertex 1.22037 25 175.626
    endloop
  endfacet
  facet normal 0 1 0
    outer loop
      vertex 34.5635 25 170.387
      vertex 34.2931 25 168.898
      vertex 1.22037 25 175.626
    endloop
  endfacet
  facet normal 0 1 0
    outer loop
      vertex 1.22037 25 175.626
      vertex 34.2931 25 168.898
      vertex 1.20741 25 175.573
    endloop
  endfacet
  facet normal 0 1 0
    outer loop
      vertex 34.2931 25 168.898
      vertex 33.9587 25 167.423
      vertex 1.20741 25 175.573
    endloop
  endfacet
  facet normal 0 1 0
    outer loop
      vertex 1.20741 25 175.573
      vertex 33.9587 25 167.423
      vertex 1.19215 25 175.521
    endloop
  endfacet
  facet normal 0 1 0
    outer loop
      vertex 33.9587 25 167.423
      vertex 33.5608 25 165.964
      vertex 1.19215 25 175.521
    endloop
  endfacet
  facet normal 0 1 0
    outer loop
      vertex 1.19215 25 175.521
      vertex 33.5608 25 165.964
      vertex 1.17462 25 175.47
    endloop
  endfacet
  facet normal 0 1 0
    outer loop
      vertex 33.5608 25 165.964
      vertex 33.1003 25 164.523
      vertex 1.17462 25 175.47
    endloop
  endfacet
  facet normal 0 1 0
    outer loop
      vertex 1.17462 25 175.47
      vertex 33.1003 25 164.523
      vertex 1.15485 25 175.419
    endloop
  endfacet
  facet normal 0 1 0
    outer loop
      vertex 33.1003 25 164.523
      vertex 32.5779 25 163.103
      vertex 1.15485 25 175.419
    endloop
  endfacet
  facet normal 0 1 0
    outer loop
      vertex 1.15485 25 175.419
      vertex 32.5779 25 163.103
      vertex 1.13288 25 175.369
    endloop
  endfacet
  facet normal 0 1 0
    outer loop
      vertex 32.5779 25 163.103
      vertex 31.9947 25 161.708
      vertex 1.13288 25 175.369
    endloop
  endfacet
  facet normal 0 1 0
    outer loop
      vertex 1.13288 25 175.369
      vertex 31.9947 25 161.708
      vertex 1.10876 25 175.32
    endloop
  endfacet
  facet normal 0 1 0
    outer loop
      vertex 31.9947 25 161.708
      vertex 31.3517 25 160.338
      vertex 1.10876 25 175.32
    endloop
  endfacet
  facet normal 0 1 0
    outer loop
      vertex 1.10876 25 175.32
      vertex 31.3517 25 160.338
      vertex 1.08253 25 175.272
    endloop
  endfacet
  facet normal 0 1 0
    outer loop
      vertex 31.3517 25 160.338
      vertex 30.6501 25 158.998
      vertex 1.08253 25 175.272
    endloop
  endfacet
  facet normal 0 1 0
    outer loop
      vertex 1.08253 25 175.272
      vertex 30.6501 25 158.998
      vertex 1.05424 25 175.225
    endloop
  endfacet
  facet normal 0 1 0
    outer loop
      vertex 30.6501 25 158.998
      vertex 29.8913 25 157.69
      vertex 1.05424 25 175.225
    endloop
  endfacet
  facet normal 0 1 0
    outer loop
      vertex 1.05424 25 175.225
      vertex 29.8913 25 157.69
      vertex 1.02394 25 175.18
    endloop
  endfacet
  facet normal 0 1 0
    outer loop
      vertex 29.8913 25 157.69
      vertex 29.0767 25 156.415
      vertex 1.02394 25 175.18
    endloop
  endfacet
  facet normal 0 1 0
    outer loop
      vertex 1.02394 25 175.18
      vertex 29.0767 25 156.415
      vertex 0.991692 25 175.136
    endloop
  endfacet
  facet normal 0 1 0
    outer loop
      vertex 29.0767 25 156.415
      vertex 28.2077 25 155.177
      vertex 0.991692 25 175.136
    endloop
  endfacet
  facet normal 0 1 0
    outer loop
      vertex 0.991692 25 175.136
      vertex 28.2077 25 155.177
      vertex 0.957556 25 175.094
    endloop
  endfacet
  facet normal 0 1 0
    outer loop
      vertex -1.19215 25 175.521
      vertex -1.17462 25 175.47
      vertex -0.477361 25 140.9
    endloop
  endfacet
  facet normal 0 1 0
    outer loop
      vertex -1.17462 25 175.47
      vertex -1.15485 25 175.419
      vertex -0.477361 25 140.9
    endloop
  endfacet
  facet normal 0 1 0
    outer loop
      vertex -0.477361 25 140.9
      vertex -1.15485 25 175.419
      vertex -1.13288 25 175.369
    endloop
  endfacet
  facet normal 0 1 0
    outer loop
      vertex -1.13288 25 175.369
      vertex -1.10876 25 175.32
      vertex -0.477361 25 140.9
    endloop
  endfacet
  facet normal 0 1 0
    outer loop
      vertex -1.10876 25 175.32
      vertex -1.08253 25 175.272
      vertex -0.477361 25 140.9
    endloop
  endfacet
  facet normal 0 1 0
    outer loop
      vertex -0.477361 25 140.9
      vertex -1.08253 25 175.272
      vertex -1.05424 25 175.225
    endloop
  endfacet
  facet normal 0 1 0
    outer loop
      vertex -0.883883 25 175.013
      vertex -0.844488 25 174.975
      vertex -0.477361 25 140.9
    endloop
  endfacet
  facet normal 0 1 0
    outer loop
      vertex -0.844488 25 174.975
      vertex -0.803485 25 174.939
      vertex -0.477361 25 140.9
    endloop
  endfacet
  facet normal 0 1 0
    outer loop
      vertex -0.477361 25 140.9
      vertex -0.803485 25 174.939
      vertex -0.760952 25 174.905
    endloop
  endfacet
  facet normal 0 1 0
    outer loop
      vertex -0.478354 25 174.742
      vertex -0.427525 25 174.722
      vertex -0.477361 25 140.9
    endloop
  endfacet
  facet normal 0 1 0
    outer loop
      vertex -0.427525 25 174.722
      vertex -0.375882 25 174.705
      vertex -0.477361 25 140.9
    endloop
  endfacet
  facet normal 0 1 0
    outer loop
      vertex -0.477361 25 140.9
      vertex -0.375882 25 174.705
      vertex -0.323524 25 174.69
    endloop
  endfacet
  facet normal 0 1 0
    outer loop
      vertex -1.30104e-15 25 174.647
      vertex 12.8313 25 143.334
      vertex -0.0545242 25 174.648
    endloop
  endfacet
  facet normal 0 1 0
    outer loop
      vertex 12.8313 25 143.334
      vertex -0.108945 25 174.652
      vertex -0.0545242 25 174.648
    endloop
  endfacet
  facet normal 0 1 0
    outer loop
      vertex 28.2077 25 155.177
      vertex 27.2861 25 153.977
      vertex 0.957556 25 175.094
    endloop
  endfacet
  facet normal 0 1 0
    outer loop
      vertex 27.2861 25 153.977
      vertex 26.3135 25 152.819
      vertex 0.957556 25 175.094
    endloop
  endfacet
  facet normal 0 1 0
    outer loop
      vertex 0.957556 25 175.094
      vertex 26.3135 25 152.819
      vertex 0.921597 25 175.053
    endloop
  endfacet
  facet normal 0 1 0
    outer loop
      vertex 26.3135 25 152.819
      vertex 25.2917 25 151.703
      vertex 0.921597 25 175.053
    endloop
  endfacet
  facet normal 0 1 0
    outer loop
      vertex 0.921597 25 175.053
      vertex 25.2917 25 151.703
      vertex 0.883883 25 175.013
    endloop
  endfacet
  facet normal 0 1 0
    outer loop
      vertex 25.2917 25 151.703
      vertex 24.2227 25 150.633
      vertex 0.883883 25 175.013
    endloop
  endfacet
  facet normal 0 1 0
    outer loop
      vertex 0.883883 25 175.013
      vertex 24.2227 25 150.633
      vertex 0.844488 25 174.975
    endloop
  endfacet
  facet normal 0 1 0
    outer loop
      vertex 24.2227 25 150.633
      vertex 23.1085 25 149.61
      vertex 0.844488 25 174.975
    endloop
  endfacet
  facet normal 0 1 0
    outer loop
      vertex 0.844488 25 174.975
      vertex 23.1085 25 149.61
      vertex 0.803485 25 174.939
    endloop
  endfacet
  facet normal 0 1 0
    outer loop
      vertex 23.1085 25 149.61
      vertex 21.9511 25 148.636
      vertex 0.803485 25 174.939
    endloop
  endfacet
  facet normal 0 1 0
    outer loop
      vertex 0.803485 25 174.939
      vertex 21.9511 25 148.636
      vertex 0.760952 25 174.905
    endloop
  endfacet
  facet normal 0 1 0
    outer loop
      vertex 21.9511 25 148.636
      vertex 20.7526 25 147.713
      vertex 0.760952 25 174.905
    endloop
  endfacet
  facet normal 0 1 0
    outer loop
      vertex 0.760952 25 174.905
      vertex 20.7526 25 147.713
      vertex 0.716971 25 174.873
    endloop
  endfacet
  facet normal 0 1 0
    outer loop
      vertex 20.7526 25 147.713
      vertex 19.5155 25 146.843
      vertex 0.716971 25 174.873
    endloop
  endfacet
  facet normal 0 1 0
    outer loop
      vertex 0.716971 25 174.873
      vertex 19.5155 25 146.843
      vertex 0.671624 25 174.843
    endloop
  endfacet
  facet normal 0 1 0
    outer loop
      vertex 19.5155 25 146.843
      vertex 18.2418 25 146.027
      vertex 0.671624 25 174.843
    endloop
  endfacet
  facet normal 0 1 0
    outer loop
      vertex 0.671624 25 174.843
      vertex 18.2418 25 146.027
      vertex 0.625 25 174.814
    endloop
  endfacet
  facet normal 0 1 0
    outer loop
      vertex 18.2418 25 146.027
      vertex 16.9341 25 145.266
      vertex 0.625 25 174.814
    endloop
  endfacet
  facet normal 0 1 0
    outer loop
      vertex 0.625 25 174.814
      vertex 16.9341 25 145.266
      vertex 0.577186 25 174.788
    endloop
  endfacet
  facet normal 0 1 0
    outer loop
      vertex 16.9341 25 145.266
      vertex 15.5948 25 144.563
      vertex 0.577186 25 174.788
    endloop
  endfacet
  facet normal 0 1 0
    outer loop
      vertex 0.577186 25 174.788
      vertex 15.5948 25 144.563
      vertex 0.528273 25 174.764
    endloop
  endfacet
  facet normal 0 1 0
    outer loop
      vertex 15.5948 25 144.563
      vertex 14.2264 25 143.919
      vertex 0.528273 25 174.764
    endloop
  endfacet
  facet normal 0 1 0
    outer loop
      vertex 0.528273 25 174.764
      vertex 14.2264 25 143.919
      vertex 0.478354 25 174.742
    endloop
  endfacet
  facet normal 0 1 0
    outer loop
      vertex 14.2264 25 143.919
      vertex 12.8313 25 143.334
      vertex 0.478354 25 174.742
    endloop
  endfacet
  facet normal 0 1 0
    outer loop
      vertex -1.05424 25 175.225
      vertex -1.02394 25 175.18
      vertex -0.477361 25 140.9
    endloop
  endfacet
  facet normal 0 1 0
    outer loop
      vertex -1.02394 25 175.18
      vertex -0.991692 25 175.136
      vertex -0.477361 25 140.9
    endloop
  endfacet
  facet normal 0 1 0
    outer loop
      vertex -0.477361 25 140.9
      vertex -0.991692 25 175.136
      vertex -0.957556 25 175.094
    endloop
  endfacet
  facet normal 0 1 0
    outer loop
      vertex 9.97201 25 142.348
      vertex 8.51306 25 141.948
      vertex -0.163158 25 174.658
    endloop
  endfacet
  facet normal 0 1 0
    outer loop
      vertex -1.30104e-15 25 174.647
      vertex 0.0545242 25 174.648
      vertex 12.8313 25 143.334
    endloop
  endfacet
  facet normal 0 1 0
    outer loop
      vertex 0.0545242 25 174.648
      vertex 0.108945 25 174.652
      vertex 12.8313 25 143.334
    endloop
  endfacet
  facet normal 0 1 0
    outer loop
      vertex 12.8313 25 143.334
      vertex 0.108945 25 174.652
      vertex 0.163158 25 174.658
    endloop
  endfacet
  facet normal 0 1 0
    outer loop
      vertex 0.163158 25 174.658
      vertex 0.21706 25 174.666
      vertex 12.8313 25 143.334
    endloop
  endfacet
  facet normal 0 1 0
    outer loop
      vertex 0.21706 25 174.666
      vertex 0.27055 25 174.677
      vertex 12.8313 25 143.334
    endloop
  endfacet
  facet normal 0 1 0
    outer loop
      vertex 12.8313 25 143.334
      vertex 0.27055 25 174.677
      vertex 0.323524 25 174.69
    endloop
  endfacet
  facet normal 0 1 0
    outer loop
      vertex 0.323524 25 174.69
      vertex 0.375882 25 174.705
      vertex 12.8313 25 143.334
    endloop
  endfacet
  facet normal 0 1 0
    outer loop
      vertex 0.375882 25 174.705
      vertex 0.427525 25 174.722
      vertex 12.8313 25 143.334
    endloop
  endfacet
  facet normal 0 1 0
    outer loop
      vertex 12.8313 25 143.334
      vertex 0.427525 25 174.722
      vertex 0.478354 25 174.742
    endloop
  endfacet
  facet normal 0 1 0
    outer loop
      vertex -0.108945 25 174.652
      vertex 12.8313 25 143.334
      vertex -0.163158 25 174.658
    endloop
  endfacet
  facet normal 0 1 0
    outer loop
      vertex 12.8313 25 143.334
      vertex 11.4123 25 142.81
      vertex -0.163158 25 174.658
    endloop
  endfacet
  facet normal 0 1 0
    outer loop
      vertex -0.163158 25 174.658
      vertex 11.4123 25 142.81
      vertex 9.97201 25 142.348
    endloop
  endfacet
  facet normal 0 1 0
    outer loop
      vertex 8.51306 25 141.948
      vertex 7.03822 25 141.612
      vertex -0.163158 25 174.658
    endloop
  endfacet
  facet normal 0 1 0
    outer loop
      vertex 7.03822 25 141.612
      vertex 5.55022 25 141.34
      vertex -0.163158 25 174.658
    endloop
  endfacet
  facet normal 0 1 0
    outer loop
      vertex -0.163158 25 174.658
      vertex 5.55022 25 141.34
      vertex 4.05187 25 141.132
    endloop
  endfacet
  facet normal 0 1 0
    outer loop
      vertex -0.323524 25 174.69
      vertex -0.27055 25 174.677
      vertex -0.477361 25 140.9
    endloop
  endfacet
  facet normal 0 1 0
    outer loop
      vertex -0.27055 25 174.677
      vertex -0.21706 25 174.666
      vertex -0.477361 25 140.9
    endloop
  endfacet
  facet normal 0 1 0
    outer loop
      vertex -0.477361 25 140.9
      vertex -0.21706 25 174.666
      vertex 1.03526 25 140.912
    endloop
  endfacet
  facet normal 0 1 0
    outer loop
      vertex -0.21706 25 174.666
      vertex -0.163158 25 174.658
      vertex 1.03526 25 140.912
    endloop
  endfacet
  facet normal 0 1 0
    outer loop
      vertex 1.03526 25 140.912
      vertex -0.163158 25 174.658
      vertex 2.54594 25 140.99
    endloop
  endfacet
  facet normal 0 1 0
    outer loop
      vertex -0.163158 25 174.658
      vertex 4.05187 25 141.132
      vertex 2.54594 25 140.99
    endloop
  endfacet
  facet normal 0 -1 0
    outer loop
      vertex -157.914 24 154.808
      vertex -157.914 24 138.048
      vertex -26.538 24 183.257
    endloop
  endfacet
  facet normal 0 -1 0
    outer loop
      vertex -157.914 24 138.048
      vertex -26.538 24 136.256
      vertex -26.538 24 183.257
    endloop
  endfacet
  facet normal 0 -1 0
    outer loop
      vertex -5 23 213.897
      vertex -15.2537 23 211.983
      vertex -5 23 210.897
    endloop
  endfacet
  facet normal 0 -1 0
    outer loop
      vertex -15.2537 23 211.983
      vertex -15.2537 23 136.102
      vertex -5 23 210.897
    endloop
  endfacet
  facet normal 0 -1 0
    outer loop
      vertex -0.27055 23 177.117
      vertex -0.21706 23 177.128
      vertex -5 23 210.897
    endloop
  endfacet
  facet normal 0 -1 0
    outer loop
      vertex -0.163158 23 177.136
      vertex -0.108945 23 177.142
      vertex 13.2743 23 208.282
    endloop
  endfacet
  facet normal 0 -1 0
    outer loop
      vertex -1.30104e-15 23 174.647
      vertex -0.0545242 23 174.648
      vertex -0.477361 23 140.9
    endloop
  endfacet
  facet normal 0 -1 0
    outer loop
      vertex -0.0545242 23 174.648
      vertex -0.108945 23 174.652
      vertex -0.477361 23 140.9
    endloop
  endfacet
  facet normal 0 -1 0
    outer loop
      vertex -0.477361 23 140.9
      vertex -0.108945 23 174.652
      vertex -0.163158 23 174.658
    endloop
  endfacet
  facet normal 0 -1 0
    outer loop
      vertex -15.2537 23 136.102
      vertex -0.477361 23 135.9
      vertex -0.477361 23 140.9
    endloop
  endfacet
  facet normal 0 -1 0
    outer loop
      vertex -0.375882 23 174.705
      vertex -0.427525 23 174.722
      vertex -15.2537 23 136.102
    endloop
  endfacet
  facet normal 0 -1 0
    outer loop
      vertex -0.427525 23 174.722
      vertex -0.478354 23 174.742
      vertex -15.2537 23 136.102
    endloop
  endfacet
  facet normal 0 -1 0
    outer loop
      vertex -15.2537 23 136.102
      vertex -0.478354 23 174.742
      vertex -0.528273 23 174.764
    endloop
  endfacet
  facet normal 0 -1 0
    outer loop
      vertex -1.22037 23 175.626
      vertex -1.23101 23 175.68
      vertex -15.2537 23 136.102
    endloop
  endfacet
  facet normal 0 -1 0
    outer loop
      vertex -0.108945 23 177.142
      vertex -0.0545242 23 177.146
      vertex 13.2743 23 208.282
    endloop
  endfacet
  facet normal 0 -1 0
    outer loop
      vertex -0.0545242 23 177.146
      vertex -8.418e-16 23 177.147
      vertex 13.2743 23 208.282
    endloop
  endfacet
  facet normal 0 -1 0
    outer loop
      vertex 13.2743 23 208.282
      vertex -8.418e-16 23 177.147
      vertex 0.0545242 23 177.146
    endloop
  endfacet
  facet normal 0 -1 0
    outer loop
      vertex -0.163158 23 174.658
      vertex -0.21706 23 174.666
      vertex -0.477361 23 140.9
    endloop
  endfacet
  facet normal 0 -1 0
    outer loop
      vertex -0.21706 23 174.666
      vertex -0.27055 23 174.677
      vertex -0.477361 23 140.9
    endloop
  endfacet
  facet normal 0 -1 0
    outer loop
      vertex -0.477361 23 140.9
      vertex -0.27055 23 174.677
      vertex -15.2537 23 136.102
    endloop
  endfacet
  facet normal 0 -1 0
    outer loop
      vertex -0.27055 23 174.677
      vertex -0.323524 23 174.69
      vertex -15.2537 23 136.102
    endloop
  endfacet
  facet normal 0 -1 0
    outer loop
      vertex -15.2537 23 136.102
      vertex -0.323524 23 174.69
      vertex -0.375882 23 174.705
    endloop
  endfacet
  facet normal 0 -1 0
    outer loop
      vertex -0.528273 23 174.764
      vertex -0.577186 23 174.788
      vertex -15.2537 23 136.102
    endloop
  endfacet
  facet normal 0 -1 0
    outer loop
      vertex -0.577186 23 174.788
      vertex -0.625 23 174.814
      vertex -15.2537 23 136.102
    endloop
  endfacet
  facet normal 0 -1 0
    outer loop
      vertex -15.2537 23 136.102
      vertex -0.625 23 174.814
      vertex -0.671624 23 174.843
    endloop
  endfacet
  facet normal 0 -1 0
    outer loop
      vertex 0.0545242 23 177.146
      vertex 0.108945 23 177.142
      vertex 13.2743 23 208.282
    endloop
  endfacet
  facet normal 0 -1 0
    outer loop
      vertex 0.108945 23 177.142
      vertex 0.163158 23 177.136
      vertex 13.2743 23 208.282
    endloop
  endfacet
  facet normal 0 -1 0
    outer loop
      vertex 13.2743 23 208.282
      vertex 0.163158 23 177.136
      vertex 0.21706 23 177.128
    endloop
  endfacet
  facet normal 0 -1 0
    outer loop
      vertex 0.21706 23 177.128
      vertex 0.27055 23 177.117
      vertex 13.2743 23 208.282
    endloop
  endfacet
  facet normal 0 -1 0
    outer loop
      vertex 0.27055 23 177.117
      vertex 0.323524 23 177.104
      vertex 13.2743 23 208.282
    endloop
  endfacet
  facet normal 0 -1 0
    outer loop
      vertex 13.2743 23 208.282
      vertex 0.323524 23 177.104
      vertex 0.375882 23 177.089
    endloop
  endfacet
  facet normal 0 -1 0
    outer loop
      vertex -1.30104e-15 23 174.647
      vertex -0.477361 23 140.9
      vertex 0.0545242 23 174.648
    endloop
  endfacet
  facet normal 0 -1 0
    outer loop
      vertex -0.477361 23 140.9
      vertex 1.03526 23 140.912
      vertex 0.0545242 23 174.648
    endloop
  endfacet
  facet normal 0 -1 0
    outer loop
      vertex 0.0545242 23 174.648
      vertex 1.03526 23 140.912
      vertex 0.108945 23 174.652
    endloop
  endfacet
  facet normal 0 -1 0
    outer loop
      vertex 1.03526 23 140.912
      vertex 2.54594 23 140.99
      vertex 0.108945 23 174.652
    endloop
  endfacet
  facet normal 0 -1 0
    outer loop
      vertex 0.108945 23 174.652
      vertex 2.54594 23 140.99
      vertex 0.163158 23 174.658
    endloop
  endfacet
  facet normal 0 -1 0
    outer loop
      vertex 2.54594 23 140.99
      vertex 4.05187 23 141.132
      vertex 0.163158 23 174.658
    endloop
  endfacet
  facet normal 0 -1 0
    outer loop
      vertex 0.163158 23 174.658
      vertex 4.05187 23 141.132
      vertex 0.21706 23 174.666
    endloop
  endfacet
  facet normal 0 -1 0
    outer loop
      vertex 4.05187 23 141.132
      vertex 5.55022 23 141.34
      vertex 0.21706 23 174.666
    endloop
  endfacet
  facet normal 0 -1 0
    outer loop
      vertex 0.21706 23 174.666
      vertex 5.55022 23 141.34
      vertex 0.27055 23 174.677
    endloop
  endfacet
  facet normal 0 -1 0
    outer loop
      vertex 5.55022 23 141.34
      vertex 7.03822 23 141.612
      vertex 0.27055 23 174.677
    endloop
  endfacet
  facet normal 0 -1 0
    outer loop
      vertex 0.27055 23 174.677
      vertex 7.03822 23 141.612
      vertex 0.323524 23 174.69
    endloop
  endfacet
  facet normal 0 -1 0
    outer loop
      vertex 7.03822 23 141.612
      vertex 8.51306 23 141.948
      vertex 0.323524 23 174.69
    endloop
  endfacet
  facet normal 0 -1 0
    outer loop
      vertex 0.323524 23 174.69
      vertex 8.51306 23 141.948
      vertex 0.375882 23 174.705
    endloop
  endfacet
  facet normal 0 -1 0
    outer loop
      vertex 8.51306 23 141.948
      vertex 9.97201 23 142.348
      vertex 0.375882 23 174.705
    endloop
  endfacet
  facet normal 0 -1 0
    outer loop
      vertex 0.375882 23 174.705
      vertex 9.97201 23 142.348
      vertex 0.427525 23 174.722
    endloop
  endfacet
  facet normal 0 -1 0
    outer loop
      vertex 9.97201 23 142.348
      vertex 11.4123 23 142.81
      vertex 0.427525 23 174.722
    endloop
  endfacet
  facet normal 0 -1 0
    outer loop
      vertex 0.427525 23 174.722
      vertex 11.4123 23 142.81
      vertex 0.478354 23 174.742
    endloop
  endfacet
  facet normal 0 -1 0
    outer loop
      vertex 11.4123 23 142.81
      vertex 12.8313 23 143.334
      vertex 0.478354 23 174.742
    endloop
  endfacet
  facet normal 0 -1 0
    outer loop
      vertex 0.478354 23 174.742
      vertex 12.8313 23 143.334
      vertex 0.528273 23 174.764
    endloop
  endfacet
  facet normal 0 -1 0
    outer loop
      vertex 12.8313 23 143.334
      vertex 14.2264 23 143.919
      vertex 0.528273 23 174.764
    endloop
  endfacet
  facet normal 0 -1 0
    outer loop
      vertex 0.528273 23 174.764
      vertex 14.2264 23 143.919
      vertex 0.577186 23 174.788
    endloop
  endfacet
  facet normal 0 -1 0
    outer loop
      vertex 14.2264 23 143.919
      vertex 15.5948 23 144.563
      vertex 0.577186 23 174.788
    endloop
  endfacet
  facet normal 0 -1 0
    outer loop
      vertex 0.577186 23 174.788
      vertex 15.5948 23 144.563
      vertex 0.625 23 174.814
    endloop
  endfacet
  facet normal 0 -1 0
    outer loop
      vertex 15.5948 23 144.563
      vertex 16.9341 23 145.266
      vertex 0.625 23 174.814
    endloop
  endfacet
  facet normal 0 -1 0
    outer loop
      vertex 0.625 23 174.814
      vertex 16.9341 23 145.266
      vertex 0.671624 23 174.843
    endloop
  endfacet
  facet normal 0 -1 0
    outer loop
      vertex 16.9341 23 145.266
      vertex 18.2418 23 146.027
      vertex 0.671624 23 174.843
    endloop
  endfacet
  facet normal 0 -1 0
    outer loop
      vertex 0.671624 23 174.843
      vertex 18.2418 23 146.027
      vertex 0.716971 23 174.873
    endloop
  endfacet
  facet normal 0 -1 0
    outer loop
      vertex 18.2418 23 146.027
      vertex 19.5155 23 146.843
      vertex 0.716971 23 174.873
    endloop
  endfacet
  facet normal 0 -1 0
    outer loop
      vertex 0.716971 23 174.873
      vertex 19.5155 23 146.843
      vertex 0.760952 23 174.905
    endloop
  endfacet
  facet normal 0 -1 0
    outer loop
      vertex 19.5155 23 146.843
      vertex 20.7526 23 147.713
      vertex 0.760952 23 174.905
    endloop
  endfacet
  facet normal 0 -1 0
    outer loop
      vertex 0.760952 23 174.905
      vertex 20.7526 23 147.713
      vertex 0.803485 23 174.939
    endloop
  endfacet
  facet normal 0 -1 0
    outer loop
      vertex 20.7526 23 147.713
      vertex 21.9511 23 148.636
      vertex 0.803485 23 174.939
    endloop
  endfacet
  facet normal 0 -1 0
    outer loop
      vertex 0.803485 23 174.939
      vertex 21.9511 23 148.636
      vertex 0.844488 23 174.975
    endloop
  endfacet
  facet normal 0 -1 0
    outer loop
      vertex 21.9511 23 148.636
      vertex 23.1085 23 149.61
      vertex 0.844488 23 174.975
    endloop
  endfacet
  facet normal 0 -1 0
    outer loop
      vertex 0.844488 23 174.975
      vertex 23.1085 23 149.61
      vertex 0.883883 23 175.013
    endloop
  endfacet
  facet normal 0 -1 0
    outer loop
      vertex 23.1085 23 149.61
      vertex 24.2227 23 150.633
      vertex 0.883883 23 175.013
    endloop
  endfacet
  facet normal 0 -1 0
    outer loop
      vertex 0.883883 23 175.013
      vertex 24.2227 23 150.633
      vertex 0.921597 23 175.053
    endloop
  endfacet
  facet normal 0 -1 0
    outer loop
      vertex -0.671624 23 174.843
      vertex -0.716971 23 174.873
      vertex -15.2537 23 136.102
    endloop
  endfacet
  facet normal 0 -1 0
    outer loop
      vertex -0.716971 23 174.873
      vertex -0.760952 23 174.905
      vertex -15.2537 23 136.102
    endloop
  endfacet
  facet normal 0 -1 0
    outer loop
      vertex -15.2537 23 136.102
      vertex -0.760952 23 174.905
      vertex -0.803485 23 174.939
    endloop
  endfacet
  facet normal 0 -1 0
    outer loop
      vertex -1.02394 23 175.18
      vertex -1.05424 23 175.225
      vertex -15.2537 23 136.102
    endloop
  endfacet
  facet normal 0 -1 0
    outer loop
      vertex -1.05424 23 175.225
      vertex -1.08253 23 175.272
      vertex -15.2537 23 136.102
    endloop
  endfacet
  facet normal 0 -1 0
    outer loop
      vertex -15.2537 23 136.102
      vertex -1.08253 23 175.272
      vertex -1.10876 23 175.32
    endloop
  endfacet
  facet normal 0 -1 0
    outer loop
      vertex -1.10876 23 175.32
      vertex -1.13288 23 175.369
      vertex -15.2537 23 136.102
    endloop
  endfacet
  facet normal 0 -1 0
    outer loop
      vertex -1.13288 23 175.369
      vertex -1.15485 23 175.419
      vertex -15.2537 23 136.102
    endloop
  endfacet
  facet normal 0 -1 0
    outer loop
      vertex -15.2537 23 136.102
      vertex -1.15485 23 175.419
      vertex -1.17462 23 175.47
    endloop
  endfacet
  facet normal 0 -1 0
    outer loop
      vertex -1.23931 23 176.06
      vertex -1.23101 23 176.114
      vertex -5 23 210.897
    endloop
  endfacet
  facet normal 0 -1 0
    outer loop
      vertex -1.23101 23 176.114
      vertex -1.22037 23 176.168
      vertex -5 23 210.897
    endloop
  endfacet
  facet normal 0 -1 0
    outer loop
      vertex -5 23 210.897
      vertex -1.22037 23 176.168
      vertex -1.20741 23 176.221
    endloop
  endfacet
  facet normal 0 -1 0
    outer loop
      vertex -5 23 210.897
      vertex -0.625 23 176.98
      vertex -0.577186 23 177.006
    endloop
  endfacet
  facet normal 0 -1 0
    outer loop
      vertex -0.803485 23 174.939
      vertex -0.844488 23 174.975
      vertex -15.2537 23 136.102
    endloop
  endfacet
  facet normal 0 -1 0
    outer loop
      vertex -0.844488 23 174.975
      vertex -0.883883 23 175.013
      vertex -15.2537 23 136.102
    endloop
  endfacet
  facet normal 0 -1 0
    outer loop
      vertex -15.2537 23 136.102
      vertex -0.883883 23 175.013
      vertex -0.921597 23 175.053
    endloop
  endfacet
  facet normal 0 -1 0
    outer loop
      vertex -1.17462 23 175.47
      vertex -1.19215 23 175.521
      vertex -15.2537 23 136.102
    endloop
  endfacet
  facet normal 0 -1 0
    outer loop
      vertex -1.19215 23 175.521
      vertex -1.20741 23 175.573
      vertex -15.2537 23 136.102
    endloop
  endfacet
  facet normal 0 -1 0
    outer loop
      vertex -15.2537 23 136.102
      vertex -1.20741 23 175.573
      vertex -1.22037 23 175.626
    endloop
  endfacet
  facet normal 0 -1 0
    outer loop
      vertex -1.23101 23 175.68
      vertex -1.23931 23 175.734
      vertex -15.2537 23 136.102
    endloop
  endfacet
  facet normal 0 -1 0
    outer loop
      vertex -1.23931 23 175.734
      vertex -1.24524 23 175.788
      vertex -15.2537 23 136.102
    endloop
  endfacet
  facet normal 0 -1 0
    outer loop
      vertex -15.2537 23 136.102
      vertex -1.24524 23 175.788
      vertex -5 23 210.897
    endloop
  endfacet
  facet normal 0 -1 0
    outer loop
      vertex -1.24524 23 175.788
      vertex -1.24881 23 175.842
      vertex -5 23 210.897
    endloop
  endfacet
  facet normal 0 -1 0
    outer loop
      vertex -5 23 210.897
      vertex -1.24881 23 175.842
      vertex -1.25 23 175.897
    endloop
  endfacet
  facet normal 0 -1 0
    outer loop
      vertex -1.25 23 175.897
      vertex -1.24881 23 175.952
      vertex -5 23 210.897
    endloop
  endfacet
  facet normal 0 -1 0
    outer loop
      vertex -1.24881 23 175.952
      vertex -1.24524 23 176.006
      vertex -5 23 210.897
    endloop
  endfacet
  facet normal 0 -1 0
    outer loop
      vertex -5 23 210.897
      vertex -1.24524 23 176.006
      vertex -1.23931 23 176.06
    endloop
  endfacet
  facet normal 0 -1 0
    outer loop
      vertex -1.20741 23 176.221
      vertex -1.19215 23 176.273
      vertex -5 23 210.897
    endloop
  endfacet
  facet normal 0 -1 0
    outer loop
      vertex -1.19215 23 176.273
      vertex -1.17462 23 176.325
      vertex -5 23 210.897
    endloop
  endfacet
  facet normal 0 -1 0
    outer loop
      vertex -5 23 210.897
      vertex -1.17462 23 176.325
      vertex -1.15485 23 176.375
    endloop
  endfacet
  facet normal 0 -1 0
    outer loop
      vertex -5 23 210.897
      vertex -1.08253 23 176.522
      vertex -1.05424 23 176.569
    endloop
  endfacet
  facet normal 0 -1 0
    outer loop
      vertex -0.957556 23 176.701
      vertex -0.921597 23 176.742
      vertex -5 23 210.897
    endloop
  endfacet
  facet normal 0 -1 0
    outer loop
      vertex -0.921597 23 176.742
      vertex -0.883883 23 176.781
      vertex -5 23 210.897
    endloop
  endfacet
  facet normal 0 -1 0
    outer loop
      vertex -0.577186 23 177.006
      vertex -0.528273 23 177.03
      vertex -5 23 210.897
    endloop
  endfacet
  facet normal 0 -1 0
    outer loop
      vertex -0.528273 23 177.03
      vertex -0.478354 23 177.052
      vertex -5 23 210.897
    endloop
  endfacet
  facet normal 0 -1 0
    outer loop
      vertex -5 23 210.897
      vertex -0.478354 23 177.052
      vertex -0.427525 23 177.072
    endloop
  endfacet
  facet normal 0 -1 0
    outer loop
      vertex -0.427525 23 177.072
      vertex -0.375882 23 177.089
      vertex -5 23 210.897
    endloop
  endfacet
  facet normal 0 -1 0
    outer loop
      vertex -0.375882 23 177.089
      vertex -0.323524 23 177.104
      vertex -5 23 210.897
    endloop
  endfacet
  facet normal 0 -1 0
    outer loop
      vertex -5 23 210.897
      vertex -0.323524 23 177.104
      vertex -0.27055 23 177.117
    endloop
  endfacet
  facet normal 0 -1 0
    outer loop
      vertex 13.2743 23 208.282
      vertex 11.8625 23 208.825
      vertex -0.163158 23 177.136
    endloop
  endfacet
  facet normal 0 -1 0
    outer loop
      vertex 11.8625 23 208.825
      vertex 10.4287 23 209.307
      vertex -0.163158 23 177.136
    endloop
  endfacet
  facet normal 0 -1 0
    outer loop
      vertex -0.163158 23 177.136
      vertex 10.4287 23 209.307
      vertex 8.9753 23 209.727
    endloop
  endfacet
  facet normal 0 -1 0
    outer loop
      vertex 8.9753 23 209.727
      vertex 7.50517 23 210.083
      vertex -0.163158 23 177.136
    endloop
  endfacet
  facet normal 0 -1 0
    outer loop
      vertex 7.50517 23 210.083
      vertex 6.02103 23 210.375
      vertex -0.163158 23 177.136
    endloop
  endfacet
  facet normal 0 -1 0
    outer loop
      vertex -0.163158 23 177.136
      vertex 6.02103 23 210.375
      vertex 4.52564 23 210.603
    endloop
  endfacet
  facet normal 0 -1 0
    outer loop
      vertex 4.52564 23 210.603
      vertex 3.0218 23 210.766
      vertex -0.163158 23 177.136
    endloop
  endfacet
  facet normal 0 -1 0
    outer loop
      vertex 3.0218 23 210.766
      vertex 1.51231 23 210.864
      vertex -0.163158 23 177.136
    endloop
  endfacet
  facet normal 0 -1 0
    outer loop
      vertex -0.163158 23 177.136
      vertex 1.51231 23 210.864
      vertex -0.21706 23 177.128
    endloop
  endfacet
  facet normal 0 -1 0
    outer loop
      vertex 1.51231 23 210.864
      vertex 2.03436e-14 23 210.897
      vertex -0.21706 23 177.128
    endloop
  endfacet
  facet normal 0 -1 0
    outer loop
      vertex -0.21706 23 177.128
      vertex 2.03436e-14 23 210.897
      vertex -5 23 210.897
    endloop
  endfacet
  facet normal 0 -1 0
    outer loop
      vertex -0.921597 23 175.053
      vertex -0.957556 23 175.094
      vertex -15.2537 23 136.102
    endloop
  endfacet
  facet normal 0 -1 0
    outer loop
      vertex -0.957556 23 175.094
      vertex -0.991692 23 175.136
      vertex -15.2537 23 136.102
    endloop
  endfacet
  facet normal 0 -1 0
    outer loop
      vertex -15.2537 23 136.102
      vertex -0.991692 23 175.136
      vertex -1.02394 23 175.18
    endloop
  endfacet
  facet normal 0 -1 0
    outer loop
      vertex -1.15485 23 176.375
      vertex -1.13288 23 176.425
      vertex -5 23 210.897
    endloop
  endfacet
  facet normal 0 -1 0
    outer loop
      vertex -1.13288 23 176.425
      vertex -1.10876 23 176.474
      vertex -5 23 210.897
    endloop
  endfacet
  facet normal 0 -1 0
    outer loop
      vertex -5 23 210.897
      vertex -1.10876 23 176.474
      vertex -1.08253 23 176.522
    endloop
  endfacet
  facet normal 0 -1 0
    outer loop
      vertex -1.05424 23 176.569
      vertex -1.02394 23 176.614
      vertex -5 23 210.897
    endloop
  endfacet
  facet normal 0 -1 0
    outer loop
      vertex -1.02394 23 176.614
      vertex -0.991692 23 176.658
      vertex -5 23 210.897
    endloop
  endfacet
  facet normal 0 -1 0
    outer loop
      vertex -5 23 210.897
      vertex -0.991692 23 176.658
      vertex -0.957556 23 176.701
    endloop
  endfacet
  facet normal 0 -1 0
    outer loop
      vertex -0.883883 23 176.781
      vertex -0.844488 23 176.819
      vertex -5 23 210.897
    endloop
  endfacet
  facet normal 0 -1 0
    outer loop
      vertex -0.844488 23 176.819
      vertex -0.803485 23 176.855
      vertex -5 23 210.897
    endloop
  endfacet
  facet normal 0 -1 0
    outer loop
      vertex -5 23 210.897
      vertex -0.803485 23 176.855
      vertex -0.760952 23 176.889
    endloop
  endfacet
  facet normal 0 -1 0
    outer loop
      vertex -0.760952 23 176.889
      vertex -0.716971 23 176.921
      vertex -5 23 210.897
    endloop
  endfacet
  facet normal 0 -1 0
    outer loop
      vertex -0.716971 23 176.921
      vertex -0.671624 23 176.951
      vertex -5 23 210.897
    endloop
  endfacet
  facet normal 0 -1 0
    outer loop
      vertex -5 23 210.897
      vertex -0.671624 23 176.951
      vertex -0.625 23 176.98
    endloop
  endfacet
  facet normal 0 -1 0
    outer loop
      vertex 24.2227 23 150.633
      vertex 25.2917 23 151.703
      vertex 0.921597 23 175.053
    endloop
  endfacet
  facet normal 0 -1 0
    outer loop
      vertex 25.2917 23 151.703
      vertex 26.3135 23 152.819
      vertex 0.921597 23 175.053
    endloop
  endfacet
  facet normal 0 -1 0
    outer loop
      vertex 0.921597 23 175.053
      vertex 26.3135 23 152.819
      vertex 0.957556 23 175.094
    endloop
  endfacet
  facet normal 0 -1 0
    outer loop
      vertex 26.3135 23 152.819
      vertex 27.2861 23 153.977
      vertex 0.957556 23 175.094
    endloop
  endfacet
  facet normal 0 -1 0
    outer loop
      vertex 0.957556 23 175.094
      vertex 27.2861 23 153.977
      vertex 0.991692 23 175.136
    endloop
  endfacet
  facet normal 0 -1 0
    outer loop
      vertex 27.2861 23 153.977
      vertex 28.2077 23 155.177
      vertex 0.991692 23 175.136
    endloop
  endfacet
  facet normal 0 -1 0
    outer loop
      vertex 0.991692 23 175.136
      vertex 28.2077 23 155.177
      vertex 1.02394 23 175.18
    endloop
  endfacet
  facet normal 0 -1 0
    outer loop
      vertex 28.2077 23 155.177
      vertex 29.0767 23 156.415
      vertex 1.02394 23 175.18
    endloop
  endfacet
  facet normal 0 -1 0
    outer loop
      vertex 1.02394 23 175.18
      vertex 29.0767 23 156.415
      vertex 1.05424 23 175.225
    endloop
  endfacet
  facet normal 0 -1 0
    outer loop
      vertex 29.0767 23 156.415
      vertex 29.8913 23 157.69
      vertex 1.05424 23 175.225
    endloop
  endfacet
  facet normal 0 -1 0
    outer loop
      vertex 1.05424 23 175.225
      vertex 29.8913 23 157.69
      vertex 1.08253 23 175.272
    endloop
  endfacet
  facet normal 0 -1 0
    outer loop
      vertex 29.8913 23 157.69
      vertex 30.6501 23 158.998
      vertex 1.08253 23 175.272
    endloop
  endfacet
  facet normal 0 -1 0
    outer loop
      vertex 1.08253 23 175.272
      vertex 30.6501 23 158.998
      vertex 1.10876 23 175.32
    endloop
  endfacet
  facet normal 0 -1 0
    outer loop
      vertex 30.6501 23 158.998
      vertex 31.3517 23 160.338
      vertex 1.10876 23 175.32
    endloop
  endfacet
  facet normal 0 -1 0
    outer loop
      vertex 1.10876 23 175.32
      vertex 31.3517 23 160.338
      vertex 1.13288 23 175.369
    endloop
  endfacet
  facet normal 0 -1 0
    outer loop
      vertex 31.3517 23 160.338
      vertex 31.9947 23 161.708
      vertex 1.13288 23 175.369
    endloop
  endfacet
  facet normal 0 -1 0
    outer loop
      vertex 1.13288 23 175.369
      vertex 31.9947 23 161.708
      vertex 1.15485 23 175.419
    endloop
  endfacet
  facet normal 0 -1 0
    outer loop
      vertex 31.9947 23 161.708
      vertex 32.5779 23 163.103
      vertex 1.15485 23 175.419
    endloop
  endfacet
  facet normal 0 -1 0
    outer loop
      vertex 1.15485 23 175.419
      vertex 32.5779 23 163.103
      vertex 1.17462 23 175.47
    endloop
  endfacet
  facet normal 0 -1 0
    outer loop
      vertex 32.5779 23 163.103
      vertex 33.1003 23 164.523
      vertex 1.17462 23 175.47
    endloop
  endfacet
  facet normal 0 -1 0
    outer loop
      vertex 1.17462 23 175.47
      vertex 33.1003 23 164.523
      vertex 1.19215 23 175.521
    endloop
  endfacet
  facet normal 0 -1 0
    outer loop
      vertex 33.1003 23 164.523
      vertex 33.5608 23 165.964
      vertex 1.19215 23 175.521
    endloop
  endfacet
  facet normal 0 -1 0
    outer loop
      vertex 1.19215 23 175.521
      vertex 33.5608 23 165.964
      vertex 1.20741 23 175.573
    endloop
  endfacet
  facet normal 0 -1 0
    outer loop
      vertex 33.5608 23 165.964
      vertex 33.9587 23 167.423
      vertex 1.20741 23 175.573
    endloop
  endfacet
  facet normal 0 -1 0
    outer loop
      vertex 1.20741 23 175.573
      vertex 33.9587 23 167.423
      vertex 1.22037 23 175.626
    endloop
  endfacet
  facet normal 0 -1 0
    outer loop
      vertex 33.9587 23 167.423
      vertex 34.2931 23 168.898
      vertex 1.22037 23 175.626
    endloop
  endfacet
  facet normal 0 -1 0
    outer loop
      vertex 1.22037 23 175.626
      vertex 34.2931 23 168.898
      vertex 1.23101 23 175.68
    endloop
  endfacet
  facet normal 0 -1 0
    outer loop
      vertex 34.2931 23 168.898
      vertex 34.5635 23 170.387
      vertex 1.23101 23 175.68
    endloop
  endfacet
  facet normal 0 -1 0
    outer loop
      vertex 1.23101 23 175.68
      vertex 34.5635 23 170.387
      vertex 1.23931 23 175.734
    endloop
  endfacet
  facet normal 0 -1 0
    outer loop
      vertex 34.5635 23 170.387
      vertex 34.7693 23 171.885
      vertex 1.23931 23 175.734
    endloop
  endfacet
  facet normal 0 -1 0
    outer loop
      vertex 1.23931 23 175.734
      vertex 34.7693 23 171.885
      vertex 1.24524 23 175.788
    endloop
  endfacet
  facet normal 0 -1 0
    outer loop
      vertex 34.7693 23 171.885
      vertex 34.9102 23 173.391
      vertex 1.24524 23 175.788
    endloop
  endfacet
  facet normal 0 -1 0
    outer loop
      vertex 1.24524 23 175.788
      vertex 34.9102 23 173.391
      vertex 1.24881 23 175.842
    endloop
  endfacet
  facet normal 0 -1 0
    outer loop
      vertex 34.9102 23 173.391
      vertex 34.9859 23 174.902
      vertex 1.24881 23 175.842
    endloop
  endfacet
  facet normal 0 -1 0
    outer loop
      vertex 1.24881 23 175.842
      vertex 34.9859 23 174.902
      vertex 1.25 23 175.897
    endloop
  endfacet
  facet normal 0 -1 0
    outer loop
      vertex 34.9859 23 174.902
      vertex 34.9962 23 176.415
      vertex 1.25 23 175.897
    endloop
  endfacet
  facet normal 0 -1 0
    outer loop
      vertex 1.25 23 175.897
      vertex 34.9962 23 176.415
      vertex 1.24881 23 175.952
    endloop
  endfacet
  facet normal 0 -1 0
    outer loop
      vertex 34.9962 23 176.415
      vertex 34.9411 23 177.926
      vertex 1.24881 23 175.952
    endloop
  endfacet
  facet normal 0 -1 0
    outer loop
      vertex 1.24881 23 175.952
      vertex 34.9411 23 177.926
      vertex 1.24524 23 176.006
    endloop
  endfacet
  facet normal 0 -1 0
    outer loop
      vertex 34.9411 23 177.926
      vertex 34.8208 23 179.434
      vertex 1.24524 23 176.006
    endloop
  endfacet
  facet normal 0 -1 0
    outer loop
      vertex 1.24524 23 176.006
      vertex 34.8208 23 179.434
      vertex 1.23931 23 176.06
    endloop
  endfacet
  facet normal 0 -1 0
    outer loop
      vertex 34.8208 23 179.434
      vertex 34.6354 23 180.936
      vertex 1.23931 23 176.06
    endloop
  endfacet
  facet normal 0 -1 0
    outer loop
      vertex 1.23931 23 176.06
      vertex 34.6354 23 180.936
      vertex 1.23101 23 176.114
    endloop
  endfacet
  facet normal 0 -1 0
    outer loop
      vertex 34.6354 23 180.936
      vertex 34.3854 23 182.427
      vertex 1.23101 23 176.114
    endloop
  endfacet
  facet normal 0 -1 0
    outer loop
      vertex 1.23101 23 176.114
      vertex 34.3854 23 182.427
      vertex 1.22037 23 176.168
    endloop
  endfacet
  facet normal 0 -1 0
    outer loop
      vertex 34.3854 23 182.427
      vertex 34.0711 23 183.907
      vertex 1.22037 23 176.168
    endloop
  endfacet
  facet normal 0 -1 0
    outer loop
      vertex 1.22037 23 176.168
      vertex 34.0711 23 183.907
      vertex 1.20741 23 176.221
    endloop
  endfacet
  facet normal 0 -1 0
    outer loop
      vertex 34.0711 23 183.907
      vertex 33.6932 23 185.372
      vertex 1.20741 23 176.221
    endloop
  endfacet
  facet normal 0 -1 0
    outer loop
      vertex 1.20741 23 176.221
      vertex 33.6932 23 185.372
      vertex 1.19215 23 176.273
    endloop
  endfacet
  facet normal 0 -1 0
    outer loop
      vertex 33.6932 23 185.372
      vertex 33.2523 23 186.819
      vertex 1.19215 23 176.273
    endloop
  endfacet
  facet normal 0 -1 0
    outer loop
      vertex 1.19215 23 176.273
      vertex 33.2523 23 186.819
      vertex 1.17462 23 176.325
    endloop
  endfacet
  facet normal 0 -1 0
    outer loop
      vertex 33.2523 23 186.819
      vertex 32.7494 23 188.245
      vertex 1.17462 23 176.325
    endloop
  endfacet
  facet normal 0 -1 0
    outer loop
      vertex 1.17462 23 176.325
      vertex 32.7494 23 188.245
      vertex 1.15485 23 176.375
    endloop
  endfacet
  facet normal 0 -1 0
    outer loop
      vertex 32.7494 23 188.245
      vertex 32.1852 23 189.649
      vertex 1.15485 23 176.375
    endloop
  endfacet
  facet normal 0 -1 0
    outer loop
      vertex 1.15485 23 176.375
      vertex 32.1852 23 189.649
      vertex 1.13288 23 176.425
    endloop
  endfacet
  facet normal 0 -1 0
    outer loop
      vertex 32.1852 23 189.649
      vertex 31.5609 23 191.027
      vertex 1.13288 23 176.425
    endloop
  endfacet
  facet normal 0 -1 0
    outer loop
      vertex 1.13288 23 176.425
      vertex 31.5609 23 191.027
      vertex 1.10876 23 176.474
    endloop
  endfacet
  facet normal 0 -1 0
    outer loop
      vertex 31.5609 23 191.027
      vertex 30.8777 23 192.376
      vertex 1.10876 23 176.474
    endloop
  endfacet
  facet normal 0 -1 0
    outer loop
      vertex 1.10876 23 176.474
      vertex 30.8777 23 192.376
      vertex 1.08253 23 176.522
    endloop
  endfacet
  facet normal 0 -1 0
    outer loop
      vertex 30.8777 23 192.376
      vertex 30.1368 23 193.695
      vertex 1.08253 23 176.522
    endloop
  endfacet
  facet normal 0 -1 0
    outer loop
      vertex 1.08253 23 176.522
      vertex 30.1368 23 193.695
      vertex 1.05424 23 176.569
    endloop
  endfacet
  facet normal 0 -1 0
    outer loop
      vertex 30.1368 23 193.695
      vertex 29.3397 23 194.981
      vertex 1.05424 23 176.569
    endloop
  endfacet
  facet normal 0 -1 0
    outer loop
      vertex 1.05424 23 176.569
      vertex 29.3397 23 194.981
      vertex 1.02394 23 176.614
    endloop
  endfacet
  facet normal 0 -1 0
    outer loop
      vertex 29.3397 23 194.981
      vertex 28.4877 23 196.231
      vertex 1.02394 23 176.614
    endloop
  endfacet
  facet normal 0 -1 0
    outer loop
      vertex 1.02394 23 176.614
      vertex 28.4877 23 196.231
      vertex 0.991692 23 176.658
    endloop
  endfacet
  facet normal 0 -1 0
    outer loop
      vertex 28.4877 23 196.231
      vertex 27.5825 23 197.442
      vertex 0.991692 23 176.658
    endloop
  endfacet
  facet normal 0 -1 0
    outer loop
      vertex 0.991692 23 176.658
      vertex 27.5825 23 197.442
      vertex 0.957556 23 176.701
    endloop
  endfacet
  facet normal 0 -1 0
    outer loop
      vertex 27.5825 23 197.442
      vertex 26.6258 23 198.614
      vertex 0.957556 23 176.701
    endloop
  endfacet
  facet normal 0 -1 0
    outer loop
      vertex 0.957556 23 176.701
      vertex 26.6258 23 198.614
      vertex 0.921597 23 176.742
    endloop
  endfacet
  facet normal 0 -1 0
    outer loop
      vertex 26.6258 23 198.614
      vertex 25.6193 23 199.743
      vertex 0.921597 23 176.742
    endloop
  endfacet
  facet normal 0 -1 0
    outer loop
      vertex 0.921597 23 176.742
      vertex 25.6193 23 199.743
      vertex 0.883883 23 176.781
    endloop
  endfacet
  facet normal 0 -1 0
    outer loop
      vertex 25.6193 23 199.743
      vertex 24.565 23 200.828
      vertex 0.883883 23 176.781
    endloop
  endfacet
  facet normal 0 -1 0
    outer loop
      vertex 0.883883 23 176.781
      vertex 24.565 23 200.828
      vertex 0.844488 23 176.819
    endloop
  endfacet
  facet normal 0 -1 0
    outer loop
      vertex 24.565 23 200.828
      vertex 23.4648 23 201.866
      vertex 0.844488 23 176.819
    endloop
  endfacet
  facet normal 0 -1 0
    outer loop
      vertex 0.844488 23 176.819
      vertex 23.4648 23 201.866
      vertex 0.803485 23 176.855
    endloop
  endfacet
  facet normal 0 -1 0
    outer loop
      vertex 23.4648 23 201.866
      vertex 22.3208 23 202.856
      vertex 0.803485 23 176.855
    endloop
  endfacet
  facet normal 0 -1 0
    outer loop
      vertex 0.803485 23 176.855
      vertex 22.3208 23 202.856
      vertex 0.760952 23 176.889
    endloop
  endfacet
  facet normal 0 -1 0
    outer loop
      vertex 22.3208 23 202.856
      vertex 21.1351 23 203.795
      vertex 0.760952 23 176.889
    endloop
  endfacet
  facet normal 0 -1 0
    outer loop
      vertex 0.760952 23 176.889
      vertex 21.1351 23 203.795
      vertex 0.716971 23 176.921
    endloop
  endfacet
  facet normal 0 -1 0
    outer loop
      vertex 21.1351 23 203.795
      vertex 19.9099 23 204.682
      vertex 0.716971 23 176.921
    endloop
  endfacet
  facet normal 0 -1 0
    outer loop
      vertex 0.716971 23 176.921
      vertex 19.9099 23 204.682
      vertex 0.671624 23 176.951
    endloop
  endfacet
  facet normal 0 -1 0
    outer loop
      vertex 19.9099 23 204.682
      vertex 18.6475 23 205.516
      vertex 0.671624 23 176.951
    endloop
  endfacet
  facet normal 0 -1 0
    outer loop
      vertex 0.671624 23 176.951
      vertex 18.6475 23 205.516
      vertex 0.625 23 176.98
    endloop
  endfacet
  facet normal 0 -1 0
    outer loop
      vertex 18.6475 23 205.516
      vertex 17.3503 23 206.294
      vertex 0.625 23 176.98
    endloop
  endfacet
  facet normal 0 -1 0
    outer loop
      vertex 0.625 23 176.98
      vertex 17.3503 23 206.294
      vertex 0.577186 23 177.006
    endloop
  endfacet
  facet normal 0 -1 0
    outer loop
      vertex 17.3503 23 206.294
      vertex 16.0207 23 207.015
      vertex 0.577186 23 177.006
    endloop
  endfacet
  facet normal 0 -1 0
    outer loop
      vertex 0.577186 23 177.006
      vertex 16.0207 23 207.015
      vertex 0.528273 23 177.03
    endloop
  endfacet
  facet normal 0 -1 0
    outer loop
      vertex 16.0207 23 207.015
      vertex 14.6612 23 207.678
      vertex 0.528273 23 177.03
    endloop
  endfacet
  facet normal 0 -1 0
    outer loop
      vertex 0.528273 23 177.03
      vertex 14.6612 23 207.678
      vertex 0.478354 23 177.052
    endloop
  endfacet
  facet normal 0 -1 0
    outer loop
      vertex 14.6612 23 207.678
      vertex 13.2743 23 208.282
      vertex 0.478354 23 177.052
    endloop
  endfacet
  facet normal 0 -1 0
    outer loop
      vertex 0.478354 23 177.052
      vertex 13.2743 23 208.282
      vertex 0.427525 23 177.072
    endloop
  endfacet
  facet normal 0 -1 0
    outer loop
      vertex 13.2743 23 208.282
      vertex 0.375882 23 177.089
      vertex 0.427525 23 177.072
    endloop
  endfacet
endsolid Mesh
