solid Mesh
  facet normal 0 0 1
    outer loop
      vertex 112.66 26.8285 190.6
      vertex 112.657 25.1715 190.6
      vertex 133.078 26.7926 190.6
    endloop
  endfacet
  facet normal 0 0 1
    outer loop
      vertex 112.657 25.1715 190.6
      vertex 133.078 25.2074 190.6
      vertex 133.078 26.7926 190.6
    endloop
  endfacet
  facet normal 0 0 1
    outer loop
      vertex 133.078 26.7926 190.6
      vertex 133.078 25.2074 190.6
      vertex 133.202 26.7741 190.6
    endloop
  endfacet
  facet normal 0 0 1
    outer loop
      vertex 135.02 25.7666 190.6
      vertex 135.033 25.7771 190.6
      vertex 134.496 26.4849 190.6
    endloop
  endfacet
  facet normal 0 0 1
    outer loop
      vertex 135.033 25.7771 190.6
      vertex 135.045 25.7868 190.6
      vertex 134.496 26.4849 190.6
    endloop
  endfacet
  facet normal 0 0 1
    outer loop
      vertex 133.078 25.2074 190.6
      vertex 133.22 25.2286 190.6
      vertex 133.202 26.7741 190.6
    endloop
  endfacet
  facet normal 0 0 1
    outer loop
      vertex 133.22 25.2286 190.6
      vertex 133.385 25.2551 190.6
      vertex 133.202 26.7741 190.6
    endloop
  endfacet
  facet normal 0 0 1
    outer loop
      vertex 133.202 26.7741 190.6
      vertex 133.385 25.2551 190.6
      vertex 133.371 26.7472 190.6
    endloop
  endfacet
  facet normal 0 0 1
    outer loop
      vertex 133.385 25.2551 190.6
      vertex 133.547 25.2833 190.6
      vertex 133.371 26.7472 190.6
    endloop
  endfacet
  facet normal 0 0 1
    outer loop
      vertex 133.371 26.7472 190.6
      vertex 133.547 25.2833 190.6
      vertex 133.537 26.7185 190.6
    endloop
  endfacet
  facet normal 0 0 1
    outer loop
      vertex 133.547 25.2833 190.6
      vertex 133.698 25.3119 190.6
      vertex 133.537 26.7185 190.6
    endloop
  endfacet
  facet normal 0 0 1
    outer loop
      vertex 133.537 26.7185 190.6
      vertex 133.698 25.3119 190.6
      vertex 133.699 26.6879 190.6
    endloop
  endfacet
  facet normal 0 0 1
    outer loop
      vertex 133.698 25.3119 190.6
      vertex 133.847 25.3425 190.6
      vertex 133.699 26.6879 190.6
    endloop
  endfacet
  facet normal 0 0 1
    outer loop
      vertex 133.699 26.6879 190.6
      vertex 133.847 25.3425 190.6
      vertex 133.849 26.6572 190.6
    endloop
  endfacet
  facet normal 0 0 1
    outer loop
      vertex 133.847 25.3425 190.6
      vertex 133.986 25.3733 190.6
      vertex 133.849 26.6572 190.6
    endloop
  endfacet
  facet normal 0 0 1
    outer loop
      vertex 133.849 26.6572 190.6
      vertex 133.986 25.3733 190.6
      vertex 133.996 26.6244 190.6
    endloop
  endfacet
  facet normal 0 0 1
    outer loop
      vertex 133.986 25.3733 190.6
      vertex 134.122 25.4062 190.6
      vertex 133.996 26.6244 190.6
    endloop
  endfacet
  facet normal 0 0 1
    outer loop
      vertex 133.996 26.6244 190.6
      vertex 134.122 25.4062 190.6
      vertex 134.13 26.5917 190.6
    endloop
  endfacet
  facet normal 0 0 1
    outer loop
      vertex 134.122 25.4062 190.6
      vertex 134.248 25.4397 190.6
      vertex 134.13 26.5917 190.6
    endloop
  endfacet
  facet normal 0 0 1
    outer loop
      vertex 134.13 26.5917 190.6
      vertex 134.248 25.4397 190.6
      vertex 134.262 26.5566 190.6
    endloop
  endfacet
  facet normal 0 0 1
    outer loop
      vertex 134.248 25.4397 190.6
      vertex 134.367 25.4741 190.6
      vertex 134.262 26.5566 190.6
    endloop
  endfacet
  facet normal 0 0 1
    outer loop
      vertex 134.262 26.5566 190.6
      vertex 134.367 25.4741 190.6
      vertex 134.479 25.5094 190.6
    endloop
  endfacet
  facet normal 0 0 1
    outer loop
      vertex 135.045 25.7868 190.6
      vertex 134.824 26.3525 190.6
      vertex 134.785 26.3716 190.6
    endloop
  endfacet
  facet normal 0 0 1
    outer loop
      vertex 134.933 26.2928 190.6
      vertex 134.899 26.3132 190.6
      vertex 135.045 25.7868 190.6
    endloop
  endfacet
  facet normal 0 0 1
    outer loop
      vertex 134.899 26.3132 190.6
      vertex 134.863 26.3325 190.6
      vertex 135.045 25.7868 190.6
    endloop
  endfacet
  facet normal 0 0 1
    outer loop
      vertex 135.045 25.7868 190.6
      vertex 134.863 26.3325 190.6
      vertex 134.824 26.3525 190.6
    endloop
  endfacet
  facet normal 0 0 1
    outer loop
      vertex 134.807 25.6389 190.6
      vertex 134.846 25.6586 190.6
      vertex 134.383 26.5212 190.6
    endloop
  endfacet
  facet normal 0 0 1
    outer loop
      vertex 134.846 25.6586 190.6
      vertex 134.882 25.6776 190.6
      vertex 134.383 26.5212 190.6
    endloop
  endfacet
  facet normal 0 0 1
    outer loop
      vertex 134.383 26.5212 190.6
      vertex 134.882 25.6776 190.6
      vertex 134.496 26.4849 190.6
    endloop
  endfacet
  facet normal 0 0 1
    outer loop
      vertex 134.882 25.6776 190.6
      vertex 134.917 25.6976 190.6
      vertex 134.496 26.4849 190.6
    endloop
  endfacet
  facet normal 0 0 1
    outer loop
      vertex 134.496 26.4849 190.6
      vertex 134.917 25.6976 190.6
      vertex 134.949 25.7168 190.6
    endloop
  endfacet
  facet normal 0 0 1
    outer loop
      vertex 135.045 25.7868 190.6
      vertex 135.034 26.2227 190.6
      vertex 135.021 26.233 190.6
    endloop
  endfacet
  facet normal 0 0 1
    outer loop
      vertex 134.785 26.3716 190.6
      vertex 134.697 26.4101 190.6
      vertex 135.045 25.7868 190.6
    endloop
  endfacet
  facet normal 0 0 1
    outer loop
      vertex 134.697 26.4101 190.6
      vertex 134.601 26.4479 190.6
      vertex 135.045 25.7868 190.6
    endloop
  endfacet
  facet normal 0 0 1
    outer loop
      vertex 135.045 25.7868 190.6
      vertex 134.601 26.4479 190.6
      vertex 134.496 26.4849 190.6
    endloop
  endfacet
  facet normal 0 0 1
    outer loop
      vertex 134.479 25.5094 190.6
      vertex 134.583 25.5455 190.6
      vertex 134.262 26.5566 190.6
    endloop
  endfacet
  facet normal 0 0 1
    outer loop
      vertex 134.583 25.5455 190.6
      vertex 134.679 25.5825 190.6
      vertex 134.262 26.5566 190.6
    endloop
  endfacet
  facet normal 0 0 1
    outer loop
      vertex 134.262 26.5566 190.6
      vertex 134.679 25.5825 190.6
      vertex 134.383 26.5212 190.6
    endloop
  endfacet
  facet normal 0 0 1
    outer loop
      vertex 134.679 25.5825 190.6
      vertex 134.767 25.6202 190.6
      vertex 134.383 26.5212 190.6
    endloop
  endfacet
  facet normal 0 0 1
    outer loop
      vertex 134.383 26.5212 190.6
      vertex 134.767 25.6202 190.6
      vertex 134.807 25.6389 190.6
    endloop
  endfacet
  facet normal 0 0 1
    outer loop
      vertex 134.949 25.7168 190.6
      vertex 134.98 25.7371 190.6
      vertex 134.496 26.4849 190.6
    endloop
  endfacet
  facet normal 0 0 1
    outer loop
      vertex 134.98 25.7371 190.6
      vertex 135.007 25.7565 190.6
      vertex 134.496 26.4849 190.6
    endloop
  endfacet
  facet normal 0 0 1
    outer loop
      vertex 134.496 26.4849 190.6
      vertex 135.007 25.7565 190.6
      vertex 135.02 25.7666 190.6
    endloop
  endfacet
  facet normal 0 0 1
    outer loop
      vertex 135.068 25.807 190.6
      vertex 135.068 26.1924 190.6
      vertex 135.056 25.7968 190.6
    endloop
  endfacet
  facet normal 0 0 1
    outer loop
      vertex 135.068 26.1924 190.6
      vertex 135.057 26.2024 190.6
      vertex 135.056 25.7968 190.6
    endloop
  endfacet
  facet normal 0 0 1
    outer loop
      vertex 135.056 25.7968 190.6
      vertex 135.057 26.2024 190.6
      vertex 135.045 25.7868 190.6
    endloop
  endfacet
  facet normal 0 0 1
    outer loop
      vertex 135.057 26.2024 190.6
      vertex 135.046 26.2122 190.6
      vertex 135.045 25.7868 190.6
    endloop
  endfacet
  facet normal 0 0 1
    outer loop
      vertex 135.045 25.7868 190.6
      vertex 135.046 26.2122 190.6
      vertex 135.034 26.2227 190.6
    endloop
  endfacet
  facet normal 0 0 1
    outer loop
      vertex 135.068 25.807 190.6
      vertex 135.078 25.8176 190.6
      vertex 135.068 26.1924 190.6
    endloop
  endfacet
  facet normal 0 0 1
    outer loop
      vertex 135.078 25.8176 190.6
      vertex 135.088 25.8273 190.6
      vertex 135.068 26.1924 190.6
    endloop
  endfacet
  facet normal 0 0 1
    outer loop
      vertex 135.068 26.1924 190.6
      vertex 135.088 25.8273 190.6
      vertex 135.079 26.182 190.6
    endloop
  endfacet
  facet normal 0 0 1
    outer loop
      vertex 135.021 26.233 190.6
      vertex 134.994 26.2527 190.6
      vertex 135.045 25.7868 190.6
    endloop
  endfacet
  facet normal 0 0 1
    outer loop
      vertex 134.994 26.2527 190.6
      vertex 134.964 26.2734 190.6
      vertex 135.045 25.7868 190.6
    endloop
  endfacet
  facet normal 0 0 1
    outer loop
      vertex 135.045 25.7868 190.6
      vertex 134.964 26.2734 190.6
      vertex 134.933 26.2928 190.6
    endloop
  endfacet
  facet normal 0 0 1
    outer loop
      vertex 135.115 26.1409 190.6
      vertex 135.107 26.1513 190.6
      vertex 135.097 25.8373 190.6
    endloop
  endfacet
  facet normal 0 0 1
    outer loop
      vertex 135.107 26.1513 190.6
      vertex 135.098 26.1615 190.6
      vertex 135.097 25.8373 190.6
    endloop
  endfacet
  facet normal 0 0 1
    outer loop
      vertex 135.097 25.8373 190.6
      vertex 135.098 26.1615 190.6
      vertex 135.088 25.8273 190.6
    endloop
  endfacet
  facet normal 0 0 1
    outer loop
      vertex 135.098 26.1615 190.6
      vertex 135.089 26.1713 190.6
      vertex 135.088 25.8273 190.6
    endloop
  endfacet
  facet normal 0 0 1
    outer loop
      vertex 135.088 25.8273 190.6
      vertex 135.089 26.1713 190.6
      vertex 135.079 26.182 190.6
    endloop
  endfacet
  facet normal 0 0 1
    outer loop
      vertex 135.097 25.8373 190.6
      vertex 135.147 26.0889 190.6
      vertex 135.144 26.0943 190.6
    endloop
  endfacet
  facet normal 0 0 1
    outer loop
      vertex 135.144 26.0943 190.6
      vertex 135.136 26.1101 190.6
      vertex 135.097 25.8373 190.6
    endloop
  endfacet
  facet normal 0 0 1
    outer loop
      vertex 135.136 26.1101 190.6
      vertex 135.123 26.1302 190.6
      vertex 135.097 25.8373 190.6
    endloop
  endfacet
  facet normal 0 0 1
    outer loop
      vertex 135.097 25.8373 190.6
      vertex 135.123 26.1302 190.6
      vertex 135.115 26.1409 190.6
    endloop
  endfacet
  facet normal 0 0 1
    outer loop
      vertex 135.097 25.8373 190.6
      vertex 135.106 25.8477 190.6
      vertex 135.147 26.0889 190.6
    endloop
  endfacet
  facet normal 0 0 1
    outer loop
      vertex 135.106 25.8477 190.6
      vertex 135.114 25.8583 190.6
      vertex 135.147 26.0889 190.6
    endloop
  endfacet
  facet normal 0 0 1
    outer loop
      vertex 135.147 26.0889 190.6
      vertex 135.114 25.8583 190.6
      vertex 135.128 25.8784 190.6
    endloop
  endfacet
  facet normal 0 0 1
    outer loop
      vertex 135.162 26.0475 190.6
      vertex 135.157 26.0633 190.6
      vertex 135.162 25.9509 190.6
    endloop
  endfacet
  facet normal 0 0 1
    outer loop
      vertex 135.157 26.0633 190.6
      vertex 135.152 26.0788 190.6
      vertex 135.162 25.9509 190.6
    endloop
  endfacet
  facet normal 0 0 1
    outer loop
      vertex 135.162 25.9509 190.6
      vertex 135.152 26.0788 190.6
      vertex 135.159 25.9406 190.6
    endloop
  endfacet
  facet normal 0 0 1
    outer loop
      vertex 135.152 26.0788 190.6
      vertex 135.147 26.0889 190.6
      vertex 135.159 25.9406 190.6
    endloop
  endfacet
  facet normal 0 0 1
    outer loop
      vertex 135.159 25.9406 190.6
      vertex 135.147 26.0889 190.6
      vertex 135.157 25.9353 190.6
    endloop
  endfacet
  facet normal 0 0 1
    outer loop
      vertex 135.128 25.8784 190.6
      vertex 135.141 25.8994 190.6
      vertex 135.147 26.0889 190.6
    endloop
  endfacet
  facet normal 0 0 1
    outer loop
      vertex 135.141 25.8994 190.6
      vertex 135.151 25.9195 190.6
      vertex 135.147 26.0889 190.6
    endloop
  endfacet
  facet normal 0 0 1
    outer loop
      vertex 135.147 26.0889 190.6
      vertex 135.151 25.9195 190.6
      vertex 135.157 25.9353 190.6
    endloop
  endfacet
  facet normal 0 0 1
    outer loop
      vertex 135.162 26.0475 190.6
      vertex 135.162 25.9509 190.6
      vertex 135.165 26.0321 190.6
    endloop
  endfacet
  facet normal 0 0 1
    outer loop
      vertex 135.162 25.9509 190.6
      vertex 135.165 25.9664 190.6
      vertex 135.165 26.0321 190.6
    endloop
  endfacet
  facet normal 0 0 1
    outer loop
      vertex 135.165 26.0321 190.6
      vertex 135.165 25.9664 190.6
      vertex 135.168 26.0165 190.6
    endloop
  endfacet
  facet normal 0 0 1
    outer loop
      vertex 135.165 25.9664 190.6
      vertex 135.167 25.9821 190.6
      vertex 135.168 26.0165 190.6
    endloop
  endfacet
  facet normal 0 0 1
    outer loop
      vertex 135.168 26.0165 190.6
      vertex 135.167 25.9821 190.6
      vertex 135.168 26 190.6
    endloop
  endfacet
  facet normal 0 0 -1
    outer loop
      vertex 123.783 25.5156 192.6
      vertex 123.673 25.4802 192.6
      vertex 124.314 26.2267 192.6
    endloop
  endfacet
  facet normal 0 0 -1
    outer loop
      vertex 124.061 26.3758 192.6
      vertex 124.103 26.3559 192.6
      vertex 123.673 25.4802 192.6
    endloop
  endfacet
  facet normal 0 0 -1
    outer loop
      vertex 124.103 26.3559 192.6
      vertex 124.14 26.3368 192.6
      vertex 123.673 25.4802 192.6
    endloop
  endfacet
  facet normal 0 0 -1
    outer loop
      vertex 112.657 25.1715 192.6
      vertex 112.66 26.8285 192.6
      vertex 122.225 25.1883 192.6
    endloop
  endfacet
  facet normal 0 0 -1
    outer loop
      vertex 112.66 26.8285 192.6
      vertex 122.225 26.8117 192.6
      vertex 122.225 25.1883 192.6
    endloop
  endfacet
  facet normal 0 0 -1
    outer loop
      vertex 122.225 25.1883 192.6
      vertex 122.225 26.8117 192.6
      vertex 122.365 25.2077 192.6
    endloop
  endfacet
  facet normal 0 0 -1
    outer loop
      vertex 122.225 26.8117 192.6
      vertex 122.382 26.7897 192.6
      vertex 122.365 25.2077 192.6
    endloop
  endfacet
  facet normal 0 0 -1
    outer loop
      vertex 122.365 25.2077 192.6
      vertex 122.382 26.7897 192.6
      vertex 122.534 25.2331 192.6
    endloop
  endfacet
  facet normal 0 0 -1
    outer loop
      vertex 122.382 26.7897 192.6
      vertex 122.555 26.7637 192.6
      vertex 122.534 25.2331 192.6
    endloop
  endfacet
  facet normal 0 0 -1
    outer loop
      vertex 122.534 25.2331 192.6
      vertex 122.555 26.7637 192.6
      vertex 122.701 25.2602 192.6
    endloop
  endfacet
  facet normal 0 0 -1
    outer loop
      vertex 122.555 26.7637 192.6
      vertex 122.724 26.7358 192.6
      vertex 122.701 25.2602 192.6
    endloop
  endfacet
  facet normal 0 0 -1
    outer loop
      vertex 122.701 25.2602 192.6
      vertex 122.724 26.7358 192.6
      vertex 122.857 25.288 192.6
    endloop
  endfacet
  facet normal 0 0 -1
    outer loop
      vertex 122.724 26.7358 192.6
      vertex 122.89 26.706 192.6
      vertex 122.857 25.288 192.6
    endloop
  endfacet
  facet normal 0 0 -1
    outer loop
      vertex 122.857 25.288 192.6
      vertex 122.89 26.706 192.6
      vertex 123.012 25.3175 192.6
    endloop
  endfacet
  facet normal 0 0 -1
    outer loop
      vertex 122.89 26.706 192.6
      vertex 123.044 26.6759 192.6
      vertex 123.012 25.3175 192.6
    endloop
  endfacet
  facet normal 0 0 -1
    outer loop
      vertex 123.012 25.3175 192.6
      vertex 123.044 26.6759 192.6
      vertex 123.155 25.3474 192.6
    endloop
  endfacet
  facet normal 0 0 -1
    outer loop
      vertex 123.044 26.6759 192.6
      vertex 123.195 26.6438 192.6
      vertex 123.155 25.3474 192.6
    endloop
  endfacet
  facet normal 0 0 -1
    outer loop
      vertex 123.155 25.3474 192.6
      vertex 123.195 26.6438 192.6
      vertex 123.297 25.3794 192.6
    endloop
  endfacet
  facet normal 0 0 -1
    outer loop
      vertex 123.195 26.6438 192.6
      vertex 123.334 26.6117 192.6
      vertex 123.297 25.3794 192.6
    endloop
  endfacet
  facet normal 0 0 -1
    outer loop
      vertex 123.297 25.3794 192.6
      vertex 123.334 26.6117 192.6
      vertex 123.427 25.4113 192.6
    endloop
  endfacet
  facet normal 0 0 -1
    outer loop
      vertex 123.334 26.6117 192.6
      vertex 123.471 26.5772 192.6
      vertex 123.427 25.4113 192.6
    endloop
  endfacet
  facet normal 0 0 -1
    outer loop
      vertex 123.427 25.4113 192.6
      vertex 123.471 26.5772 192.6
      vertex 123.555 25.4456 192.6
    endloop
  endfacet
  facet normal 0 0 -1
    outer loop
      vertex 123.471 26.5772 192.6
      vertex 123.597 26.5424 192.6
      vertex 123.555 25.4456 192.6
    endloop
  endfacet
  facet normal 0 0 -1
    outer loop
      vertex 123.555 25.4456 192.6
      vertex 123.597 26.5424 192.6
      vertex 123.715 26.5067 192.6
    endloop
  endfacet
  facet normal 0 0 -1
    outer loop
      vertex 124.214 25.7044 192.6
      vertex 124.179 25.6844 192.6
      vertex 124.314 26.2267 192.6
    endloop
  endfacet
  facet normal 0 0 -1
    outer loop
      vertex 124.179 25.6844 192.6
      vertex 124.144 25.6654 192.6
      vertex 124.314 26.2267 192.6
    endloop
  endfacet
  facet normal 0 0 -1
    outer loop
      vertex 124.144 25.6654 192.6
      vertex 124.106 25.6456 192.6
      vertex 124.314 26.2267 192.6
    endloop
  endfacet
  facet normal 0 0 -1
    outer loop
      vertex 124.314 26.2267 192.6
      vertex 124.106 25.6456 192.6
      vertex 124.066 25.6269 192.6
    endloop
  endfacet
  facet normal 0 0 -1
    outer loop
      vertex 124.314 26.2267 192.6
      vertex 124.314 25.7737 192.6
      vertex 124.301 25.7635 192.6
    endloop
  endfacet
  facet normal 0 0 -1
    outer loop
      vertex 124.36 25.8141 192.6
      vertex 124.349 25.8039 192.6
      vertex 124.36 26.186 192.6
    endloop
  endfacet
  facet normal 0 0 -1
    outer loop
      vertex 124.066 25.6269 192.6
      vertex 123.98 25.589 192.6
      vertex 124.314 26.2267 192.6
    endloop
  endfacet
  facet normal 0 0 -1
    outer loop
      vertex 123.98 25.589 192.6
      vertex 123.885 25.5519 192.6
      vertex 124.314 26.2267 192.6
    endloop
  endfacet
  facet normal 0 0 -1
    outer loop
      vertex 124.314 26.2267 192.6
      vertex 123.885 25.5519 192.6
      vertex 123.783 25.5156 192.6
    endloop
  endfacet
  facet normal 0 0 -1
    outer loop
      vertex 124.14 26.3368 192.6
      vertex 124.178 26.3166 192.6
      vertex 123.673 25.4802 192.6
    endloop
  endfacet
  facet normal 0 0 -1
    outer loop
      vertex 124.178 26.3166 192.6
      vertex 124.211 26.2972 192.6
      vertex 123.673 25.4802 192.6
    endloop
  endfacet
  facet normal 0 0 -1
    outer loop
      vertex 123.673 25.4802 192.6
      vertex 124.211 26.2972 192.6
      vertex 124.244 26.2767 192.6
    endloop
  endfacet
  facet normal 0 0 -1
    outer loop
      vertex 123.715 26.5067 192.6
      vertex 123.824 26.4701 192.6
      vertex 123.555 25.4456 192.6
    endloop
  endfacet
  facet normal 0 0 -1
    outer loop
      vertex 123.824 26.4701 192.6
      vertex 123.926 26.4327 192.6
      vertex 123.555 25.4456 192.6
    endloop
  endfacet
  facet normal 0 0 -1
    outer loop
      vertex 123.555 25.4456 192.6
      vertex 123.926 26.4327 192.6
      vertex 123.673 25.4802 192.6
    endloop
  endfacet
  facet normal 0 0 -1
    outer loop
      vertex 123.926 26.4327 192.6
      vertex 124.018 26.3947 192.6
      vertex 123.673 25.4802 192.6
    endloop
  endfacet
  facet normal 0 0 -1
    outer loop
      vertex 123.673 25.4802 192.6
      vertex 124.018 26.3947 192.6
      vertex 124.061 26.3758 192.6
    endloop
  endfacet
  facet normal 0 0 -1
    outer loop
      vertex 124.244 26.2767 192.6
      vertex 124.273 26.2571 192.6
      vertex 123.673 25.4802 192.6
    endloop
  endfacet
  facet normal 0 0 -1
    outer loop
      vertex 124.273 26.2571 192.6
      vertex 124.301 26.2364 192.6
      vertex 123.673 25.4802 192.6
    endloop
  endfacet
  facet normal 0 0 -1
    outer loop
      vertex 123.673 25.4802 192.6
      vertex 124.301 26.2364 192.6
      vertex 124.314 26.2267 192.6
    endloop
  endfacet
  facet normal 0 0 -1
    outer loop
      vertex 124.314 25.7737 192.6
      vertex 124.314 26.2267 192.6
      vertex 124.327 25.7842 192.6
    endloop
  endfacet
  facet normal 0 0 -1
    outer loop
      vertex 124.314 26.2267 192.6
      vertex 124.326 26.2167 192.6
      vertex 124.327 25.7842 192.6
    endloop
  endfacet
  facet normal 0 0 -1
    outer loop
      vertex 124.327 25.7842 192.6
      vertex 124.326 26.2167 192.6
      vertex 124.338 25.7939 192.6
    endloop
  endfacet
  facet normal 0 0 -1
    outer loop
      vertex 124.326 26.2167 192.6
      vertex 124.338 26.2064 192.6
      vertex 124.338 25.7939 192.6
    endloop
  endfacet
  facet normal 0 0 -1
    outer loop
      vertex 124.338 25.7939 192.6
      vertex 124.338 26.2064 192.6
      vertex 124.349 25.8039 192.6
    endloop
  endfacet
  facet normal 0 0 -1
    outer loop
      vertex 124.338 26.2064 192.6
      vertex 124.35 26.1957 192.6
      vertex 124.349 25.8039 192.6
    endloop
  endfacet
  facet normal 0 0 -1
    outer loop
      vertex 124.349 25.8039 192.6
      vertex 124.35 26.1957 192.6
      vertex 124.36 26.186 192.6
    endloop
  endfacet
  facet normal 0 0 -1
    outer loop
      vertex 124.301 25.7635 192.6
      vertex 124.275 25.7441 192.6
      vertex 124.314 26.2267 192.6
    endloop
  endfacet
  facet normal 0 0 -1
    outer loop
      vertex 124.275 25.7441 192.6
      vertex 124.245 25.7237 192.6
      vertex 124.314 26.2267 192.6
    endloop
  endfacet
  facet normal 0 0 -1
    outer loop
      vertex 124.314 26.2267 192.6
      vertex 124.245 25.7237 192.6
      vertex 124.214 25.7044 192.6
    endloop
  endfacet
  facet normal 0 0 -1
    outer loop
      vertex 124.397 25.8549 192.6
      vertex 124.388 25.8445 192.6
      vertex 124.397 26.1448 192.6
    endloop
  endfacet
  facet normal 0 0 -1
    outer loop
      vertex 124.36 25.8141 192.6
      vertex 124.36 26.186 192.6
      vertex 124.37 25.8247 192.6
    endloop
  endfacet
  facet normal 0 0 -1
    outer loop
      vertex 124.36 26.186 192.6
      vertex 124.37 26.1759 192.6
      vertex 124.37 25.8247 192.6
    endloop
  endfacet
  facet normal 0 0 -1
    outer loop
      vertex 124.37 25.8247 192.6
      vertex 124.37 26.1759 192.6
      vertex 124.379 25.8344 192.6
    endloop
  endfacet
  facet normal 0 0 -1
    outer loop
      vertex 124.37 26.1759 192.6
      vertex 124.379 26.1655 192.6
      vertex 124.379 25.8344 192.6
    endloop
  endfacet
  facet normal 0 0 -1
    outer loop
      vertex 124.379 25.8344 192.6
      vertex 124.379 26.1655 192.6
      vertex 124.388 25.8445 192.6
    endloop
  endfacet
  facet normal 0 0 -1
    outer loop
      vertex 124.379 26.1655 192.6
      vertex 124.389 26.1548 192.6
      vertex 124.388 25.8445 192.6
    endloop
  endfacet
  facet normal 0 0 -1
    outer loop
      vertex 124.388 25.8445 192.6
      vertex 124.389 26.1548 192.6
      vertex 124.397 26.1448 192.6
    endloop
  endfacet
  facet normal 0 0 -1
    outer loop
      vertex 124.397 26.1448 192.6
      vertex 124.405 26.1347 192.6
      vertex 124.397 25.8549 192.6
    endloop
  endfacet
  facet normal 0 0 -1
    outer loop
      vertex 124.405 26.1347 192.6
      vertex 124.412 26.1243 192.6
      vertex 124.397 25.8549 192.6
    endloop
  endfacet
  facet normal 0 0 -1
    outer loop
      vertex 124.397 25.8549 192.6
      vertex 124.412 26.1243 192.6
      vertex 124.419 26.1136 192.6
    endloop
  endfacet
  facet normal 0 0 -1
    outer loop
      vertex 124.451 26.0307 192.6
      vertex 124.453 26.0153 192.6
      vertex 124.453 25.9997 192.6
    endloop
  endfacet
  facet normal 0 0 -1
    outer loop
      vertex 124.419 26.1136 192.6
      vertex 124.43 26.0934 192.6
      vertex 124.397 25.8549 192.6
    endloop
  endfacet
  facet normal 0 0 -1
    outer loop
      vertex 124.43 26.0934 192.6
      vertex 124.437 26.0776 192.6
      vertex 124.397 25.8549 192.6
    endloop
  endfacet
  facet normal 0 0 -1
    outer loop
      vertex 124.397 25.8549 192.6
      vertex 124.437 26.0776 192.6
      vertex 124.439 26.0723 192.6
    endloop
  endfacet
  facet normal 0 0 -1
    outer loop
      vertex 124.453 25.9841 192.6
      vertex 124.451 25.9685 192.6
      vertex 124.439 26.0723 192.6
    endloop
  endfacet
  facet normal 0 0 -1
    outer loop
      vertex 124.451 25.9685 192.6
      vertex 124.447 25.953 192.6
      vertex 124.439 26.0723 192.6
    endloop
  endfacet
  facet normal 0 0 -1
    outer loop
      vertex 124.439 26.0723 192.6
      vertex 124.447 25.953 192.6
      vertex 124.446 25.9479 192.6
    endloop
  endfacet
  facet normal 0 0 -1
    outer loop
      vertex 124.446 25.9479 192.6
      vertex 124.443 25.9372 192.6
      vertex 124.439 26.0723 192.6
    endloop
  endfacet
  facet normal 0 0 -1
    outer loop
      vertex 124.443 25.9372 192.6
      vertex 124.437 25.9216 192.6
      vertex 124.439 26.0723 192.6
    endloop
  endfacet
  facet normal 0 0 -1
    outer loop
      vertex 124.439 26.0723 192.6
      vertex 124.437 25.9216 192.6
      vertex 124.43 25.9066 192.6
    endloop
  endfacet
  facet normal 0 0 -1
    outer loop
      vertex 124.453 25.9841 192.6
      vertex 124.439 26.0723 192.6
      vertex 124.453 25.9893 192.6
    endloop
  endfacet
  facet normal 0 0 -1
    outer loop
      vertex 124.439 26.0723 192.6
      vertex 124.443 26.062 192.6
      vertex 124.453 25.9893 192.6
    endloop
  endfacet
  facet normal 0 0 -1
    outer loop
      vertex 124.453 25.9893 192.6
      vertex 124.443 26.062 192.6
      vertex 124.453 25.9997 192.6
    endloop
  endfacet
  facet normal 0 0 -1
    outer loop
      vertex 124.443 26.062 192.6
      vertex 124.448 26.0465 192.6
      vertex 124.453 25.9997 192.6
    endloop
  endfacet
  facet normal 0 0 -1
    outer loop
      vertex 124.453 25.9997 192.6
      vertex 124.448 26.0465 192.6
      vertex 124.451 26.0307 192.6
    endloop
  endfacet
  facet normal 0 0 -1
    outer loop
      vertex 124.43 25.9066 192.6
      vertex 124.418 25.8856 192.6
      vertex 124.439 26.0723 192.6
    endloop
  endfacet
  facet normal 0 0 -1
    outer loop
      vertex 124.418 25.8856 192.6
      vertex 124.405 25.8655 192.6
      vertex 124.439 26.0723 192.6
    endloop
  endfacet
  facet normal 0 0 -1
    outer loop
      vertex 124.439 26.0723 192.6
      vertex 124.405 25.8655 192.6
      vertex 124.397 25.8549 192.6
    endloop
  endfacet
  facet normal 0.999998 -0.00176255 0
    outer loop
      vertex 112.66 26.8285 192.6
      vertex 112.657 25.1715 192.6
      vertex 112.66 26.8285 190.6
    endloop
  endfacet
  facet normal 0.999998 -0.00176255 0
    outer loop
      vertex 112.657 25.1715 192.6
      vertex 112.657 25.1715 190.6
      vertex 112.66 26.8285 190.6
    endloop
  endfacet
  facet normal 0 -1 0
    outer loop
      vertex 157.914 26 138.048
      vertex 157.914 26 154.808
      vertex 26.538 26 136.256
    endloop
  endfacet
  facet normal 0 -1 0
    outer loop
      vertex 157.914 26 154.808
      vertex 26.538 26 183.257
      vertex 26.538 26 136.256
    endloop
  endfacet
  facet normal -0.00796941 0 -0.999968
    outer loop
      vertex 0.477361 27 140.9
      vertex 0.477361 25 140.9
      vertex -1.03526 25 140.912
    endloop
  endfacet
  facet normal -0.00796941 0 -0.999968
    outer loop
      vertex 0.477361 27 140.9
      vertex -1.03526 25 140.912
      vertex -1.03526 27 140.912
    endloop
  endfacet
  facet normal -0.0511756 0 -0.99869
    outer loop
      vertex -1.03526 25 140.912
      vertex -2.54594 25 140.99
      vertex -1.03526 27 140.912
    endloop
  endfacet
  facet normal -0.0511756 0 -0.99869
    outer loop
      vertex -1.03526 27 140.912
      vertex -2.54594 25 140.99
      vertex -2.54594 27 140.99
    endloop
  endfacet
  facet normal -0.0942735 0 -0.995546
    outer loop
      vertex -2.54594 25 140.99
      vertex -4.05187 25 141.132
      vertex -2.54594 27 140.99
    endloop
  endfacet
  facet normal -0.0942735 0 -0.995546
    outer loop
      vertex -2.54594 27 140.99
      vertex -4.05187 25 141.132
      vertex -4.05187 27 141.132
    endloop
  endfacet
  facet normal -0.137204 0 -0.990543
    outer loop
      vertex -4.05187 25 141.132
      vertex -5.55022 25 141.34
      vertex -4.05187 27 141.132
    endloop
  endfacet
  facet normal -0.137204 0 -0.990543
    outer loop
      vertex -4.05187 27 141.132
      vertex -5.55022 25 141.34
      vertex -5.55022 27 141.34
    endloop
  endfacet
  facet normal -0.179878 0 -0.983689
    outer loop
      vertex -5.55022 25 141.34
      vertex -7.03822 25 141.612
      vertex -5.55022 27 141.34
    endloop
  endfacet
  facet normal -0.179878 0 -0.983689
    outer loop
      vertex -5.55022 27 141.34
      vertex -7.03822 25 141.612
      vertex -7.03822 27 141.612
    endloop
  endfacet
  facet normal -0.222208 0 -0.974999
    outer loop
      vertex -7.03822 25 141.612
      vertex -8.51306 25 141.948
      vertex -7.03822 27 141.612
    endloop
  endfacet
  facet normal -0.222208 0 -0.974999
    outer loop
      vertex -7.03822 27 141.612
      vertex -8.51306 25 141.948
      vertex -8.51306 27 141.948
    endloop
  endfacet
  facet normal -0.264142 0 -0.964484
    outer loop
      vertex -8.51306 25 141.948
      vertex -9.97201 25 142.348
      vertex -8.51306 27 141.948
    endloop
  endfacet
  facet normal -0.264142 0 -0.964484
    outer loop
      vertex -8.51306 27 141.948
      vertex -9.97201 25 142.348
      vertex -9.97201 27 142.348
    endloop
  endfacet
  facet normal -0.305557 0 -0.952174
    outer loop
      vertex -9.97201 25 142.348
      vertex -11.4123 25 142.81
      vertex -9.97201 27 142.348
    endloop
  endfacet
  facet normal -0.305557 0 -0.952174
    outer loop
      vertex -9.97201 27 142.348
      vertex -11.4123 25 142.81
      vertex -11.4123 27 142.81
    endloop
  endfacet
  facet normal -0.346418 0 -0.93808
    outer loop
      vertex -11.4123 25 142.81
      vertex -12.8313 25 143.334
      vertex -11.4123 27 142.81
    endloop
  endfacet
  facet normal -0.346418 0 -0.93808
    outer loop
      vertex -11.4123 27 142.81
      vertex -12.8313 25 143.334
      vertex -12.8313 27 143.334
    endloop
  endfacet
  facet normal -0.386629 0 -0.922235
    outer loop
      vertex -12.8313 25 143.334
      vertex -14.2264 25 143.919
      vertex -12.8313 27 143.334
    endloop
  endfacet
  facet normal -0.386629 0 -0.922235
    outer loop
      vertex -12.8313 27 143.334
      vertex -14.2264 25 143.919
      vertex -14.2264 27 143.919
    endloop
  endfacet
  facet normal -0.426113 0 -0.90467
    outer loop
      vertex -14.2264 25 143.919
      vertex -15.5948 25 144.563
      vertex -14.2264 27 143.919
    endloop
  endfacet
  facet normal -0.426113 0 -0.90467
    outer loop
      vertex -14.2264 27 143.919
      vertex -15.5948 25 144.563
      vertex -15.5948 27 144.563
    endloop
  endfacet
  facet normal -0.464815 0 -0.885408
    outer loop
      vertex -15.5948 25 144.563
      vertex -16.9341 25 145.266
      vertex -15.5948 27 144.563
    endloop
  endfacet
  facet normal -0.464815 0 -0.885408
    outer loop
      vertex -15.5948 27 144.563
      vertex -16.9341 25 145.266
      vertex -16.9341 27 145.266
    endloop
  endfacet
  facet normal -0.502626 0 -0.864504
    outer loop
      vertex -16.9341 25 145.266
      vertex -18.2418 25 146.027
      vertex -16.9341 27 145.266
    endloop
  endfacet
  facet normal -0.502626 0 -0.864504
    outer loop
      vertex -16.9341 27 145.266
      vertex -18.2418 25 146.027
      vertex -18.2418 27 146.027
    endloop
  endfacet
  facet normal -0.539516 0 -0.841975
    outer loop
      vertex -18.2418 25 146.027
      vertex -19.5155 25 146.843
      vertex -18.2418 27 146.027
    endloop
  endfacet
  facet normal -0.539516 0 -0.841975
    outer loop
      vertex -18.2418 27 146.027
      vertex -19.5155 25 146.843
      vertex -19.5155 27 146.843
    endloop
  endfacet
  facet normal -0.575393 0 -0.817877
    outer loop
      vertex -19.5155 25 146.843
      vertex -20.7526 25 147.713
      vertex -19.5155 27 146.843
    endloop
  endfacet
  facet normal -0.575393 0 -0.817877
    outer loop
      vertex -19.5155 27 146.843
      vertex -20.7526 25 147.713
      vertex -20.7526 27 147.713
    endloop
  endfacet
  facet normal -0.610196 0 -0.792251
    outer loop
      vertex -20.7526 25 147.713
      vertex -21.9511 25 148.636
      vertex -20.7526 27 147.713
    endloop
  endfacet
  facet normal -0.610196 0 -0.792251
    outer loop
      vertex -20.7526 27 147.713
      vertex -21.9511 25 148.636
      vertex -21.9511 27 148.636
    endloop
  endfacet
  facet normal -0.643857 0 -0.765146
    outer loop
      vertex -21.9511 25 148.636
      vertex -23.1085 25 149.61
      vertex -21.9511 27 148.636
    endloop
  endfacet
  facet normal -0.643857 0 -0.765146
    outer loop
      vertex -21.9511 27 148.636
      vertex -23.1085 25 149.61
      vertex -23.1085 27 149.61
    endloop
  endfacet
  facet normal -0.676322 0 -0.736606
    outer loop
      vertex -23.1085 25 149.61
      vertex -24.2227 25 150.633
      vertex -23.1085 27 149.61
    endloop
  endfacet
  facet normal -0.676322 0 -0.736606
    outer loop
      vertex -23.1085 27 149.61
      vertex -24.2227 25 150.633
      vertex -24.2227 27 150.633
    endloop
  endfacet
  facet normal -0.707514 0 -0.706699
    outer loop
      vertex -24.2227 25 150.633
      vertex -25.2917 25 151.703
      vertex -24.2227 27 150.633
    endloop
  endfacet
  facet normal -0.707514 0 -0.706699
    outer loop
      vertex -24.2227 27 150.633
      vertex -25.2917 25 151.703
      vertex -25.2917 27 151.703
    endloop
  endfacet
  facet normal -0.737386 0 -0.675472
    outer loop
      vertex -25.2917 25 151.703
      vertex -26.3135 25 152.819
      vertex -25.2917 27 151.703
    endloop
  endfacet
  facet normal -0.737386 0 -0.675472
    outer loop
      vertex -25.2917 27 151.703
      vertex -26.3135 25 152.819
      vertex -26.3135 27 152.819
    endloop
  endfacet
  facet normal -0.765888 0 -0.642974
    outer loop
      vertex -26.3135 25 152.819
      vertex -27.2861 25 153.977
      vertex -26.3135 27 152.819
    endloop
  endfacet
  facet normal -0.765888 0 -0.642974
    outer loop
      vertex -26.3135 27 152.819
      vertex -27.2861 25 153.977
      vertex -27.2861 27 153.977
    endloop
  endfacet
  facet normal -0.792952 0 -0.609284
    outer loop
      vertex -27.2861 25 153.977
      vertex -28.2077 25 155.177
      vertex -27.2861 27 153.977
    endloop
  endfacet
  facet normal -0.792952 0 -0.609284
    outer loop
      vertex -27.2861 27 153.977
      vertex -28.2077 25 155.177
      vertex -28.2077 27 155.177
    endloop
  endfacet
  facet normal -0.818541 0 -0.574448
    outer loop
      vertex -28.2077 25 155.177
      vertex -29.0767 25 156.415
      vertex -28.2077 27 155.177
    endloop
  endfacet
  facet normal -0.818541 0 -0.574448
    outer loop
      vertex -28.2077 27 155.177
      vertex -29.0767 25 156.415
      vertex -29.0767 27 156.415
    endloop
  endfacet
  facet normal -0.842594 0 -0.538549
    outer loop
      vertex -29.0767 25 156.415
      vertex -29.8913 25 157.69
      vertex -29.0767 27 156.415
    endloop
  endfacet
  facet normal -0.842594 0 -0.538549
    outer loop
      vertex -29.0767 27 156.415
      vertex -29.8913 25 157.69
      vertex -29.8913 27 157.69
    endloop
  endfacet
  facet normal -0.865079 0 -0.501635
    outer loop
      vertex -29.8913 25 157.69
      vertex -30.6501 25 158.998
      vertex -29.8913 27 157.69
    endloop
  endfacet
  facet normal -0.865079 0 -0.501635
    outer loop
      vertex -29.8913 27 157.69
      vertex -30.6501 25 158.998
      vertex -30.6501 27 158.998
    endloop
  endfacet
  facet normal -0.885948 0 -0.463785
    outer loop
      vertex -30.6501 25 158.998
      vertex -31.3517 25 160.338
      vertex -30.6501 27 158.998
    endloop
  endfacet
  facet normal -0.885948 0 -0.463785
    outer loop
      vertex -30.6501 27 158.998
      vertex -31.3517 25 160.338
      vertex -31.3517 27 160.338
    endloop
  endfacet
  facet normal -0.905158 0 -0.425075
    outer loop
      vertex -31.3517 25 160.338
      vertex -31.9947 25 161.708
      vertex -31.3517 27 160.338
    endloop
  endfacet
  facet normal -0.905158 0 -0.425075
    outer loop
      vertex -31.3517 27 160.338
      vertex -31.9947 25 161.708
      vertex -31.9947 27 161.708
    endloop
  endfacet
  facet normal -0.92268 0 -0.385566
    outer loop
      vertex -31.9947 25 161.708
      vertex -32.5779 25 163.103
      vertex -31.9947 27 161.708
    endloop
  endfacet
  facet normal -0.92268 0 -0.385566
    outer loop
      vertex -31.9947 27 161.708
      vertex -32.5779 25 163.103
      vertex -32.5779 27 163.103
    endloop
  endfacet
  facet normal -0.938478 0 -0.345339
    outer loop
      vertex -32.5779 25 163.103
      vertex -33.1003 25 164.523
      vertex -32.5779 27 163.103
    endloop
  endfacet
  facet normal -0.938478 0 -0.345339
    outer loop
      vertex -32.5779 27 163.103
      vertex -33.1003 25 164.523
      vertex -33.1003 27 164.523
    endloop
  endfacet
  facet normal -0.952524 0 -0.304462
    outer loop
      vertex -33.1003 25 164.523
      vertex -33.5608 25 165.964
      vertex -33.1003 27 164.523
    endloop
  endfacet
  facet normal -0.952524 0 -0.304462
    outer loop
      vertex -33.1003 27 164.523
      vertex -33.5608 25 165.964
      vertex -33.5608 27 165.964
    endloop
  endfacet
  facet normal -0.96479 0 -0.263022
    outer loop
      vertex -33.5608 25 165.964
      vertex -33.9587 25 167.423
      vertex -33.5608 27 165.964
    endloop
  endfacet
  facet normal -0.96479 0 -0.263022
    outer loop
      vertex -33.5608 27 165.964
      vertex -33.9587 25 167.423
      vertex -33.9587 27 167.423
    endloop
  endfacet
  facet normal -0.975253 0 -0.22109
    outer loop
      vertex -33.9587 25 167.423
      vertex -34.2931 25 168.898
      vertex -33.9587 27 167.423
    endloop
  endfacet
  facet normal -0.975253 0 -0.22109
    outer loop
      vertex -33.9587 27 167.423
      vertex -34.2931 25 168.898
      vertex -34.2931 27 168.898
    endloop
  endfacet
  facet normal -0.983896 0 -0.178744
    outer loop
      vertex -34.2931 25 168.898
      vertex -34.5635 25 170.387
      vertex -34.2931 27 168.898
    endloop
  endfacet
  facet normal -0.983896 0 -0.178744
    outer loop
      vertex -34.2931 27 168.898
      vertex -34.5635 25 170.387
      vertex -34.5635 27 170.387
    endloop
  endfacet
  facet normal -0.9907 0 -0.136061
    outer loop
      vertex -34.5635 25 170.387
      vertex -34.7693 25 171.885
      vertex -34.5635 27 170.387
    endloop
  endfacet
  facet normal -0.9907 0 -0.136061
    outer loop
      vertex -34.5635 27 170.387
      vertex -34.7693 25 171.885
      vertex -34.7693 27 171.885
    endloop
  endfacet
  facet normal -0.995654 0 -0.0931308
    outer loop
      vertex -34.7693 25 171.885
      vertex -34.9102 25 173.391
      vertex -34.7693 27 171.885
    endloop
  endfacet
  facet normal -0.995654 0 -0.0931308
    outer loop
      vertex -34.7693 27 171.885
      vertex -34.9102 25 173.391
      vertex -34.9102 27 173.391
    endloop
  endfacet
  facet normal -0.998748 0 -0.0500206
    outer loop
      vertex -34.9102 25 173.391
      vertex -34.9859 25 174.902
      vertex -34.9102 27 173.391
    endloop
  endfacet
  facet normal -0.998748 0 -0.0500206
    outer loop
      vertex -34.9102 27 173.391
      vertex -34.9859 25 174.902
      vertex -34.9859 27 174.902
    endloop
  endfacet
  facet normal -0.999977 0 -0.0068193
    outer loop
      vertex -34.9859 25 174.902
      vertex -34.9962 25 176.415
      vertex -34.9859 27 174.902
    endloop
  endfacet
  facet normal -0.999977 0 -0.0068193
    outer loop
      vertex -34.9859 27 174.902
      vertex -34.9962 25 176.415
      vertex -34.9962 27 176.415
    endloop
  endfacet
  facet normal -0.999338 0 0.0363943
    outer loop
      vertex -34.9962 25 176.415
      vertex -34.9411 25 177.926
      vertex -34.9962 27 176.415
    endloop
  endfacet
  facet normal -0.999338 0 0.0363943
    outer loop
      vertex -34.9962 27 176.415
      vertex -34.9411 25 177.926
      vertex -34.9411 27 177.926
    endloop
  endfacet
  facet normal -0.996832 0 0.0795418
    outer loop
      vertex -34.9411 25 177.926
      vertex -34.8208 25 179.434
      vertex -34.9411 27 177.926
    endloop
  endfacet
  facet normal -0.996832 0 0.0795418
    outer loop
      vertex -34.9411 27 177.926
      vertex -34.8208 25 179.434
      vertex -34.8208 27 179.434
    endloop
  endfacet
  facet normal -0.992464 0 0.122538
    outer loop
      vertex -34.8208 25 179.434
      vertex -34.6354 25 180.936
      vertex -34.8208 27 179.434
    endloop
  endfacet
  facet normal -0.992464 0 0.122538
    outer loop
      vertex -34.8208 27 179.434
      vertex -34.6354 25 180.936
      vertex -34.6354 27 180.936
    endloop
  endfacet
  facet normal -0.986242 0 0.165308
    outer loop
      vertex -34.6354 25 180.936
      vertex -34.3854 25 182.427
      vertex -34.6354 27 180.936
    endloop
  endfacet
  facet normal -0.986242 0 0.165308
    outer loop
      vertex -34.6354 27 180.936
      vertex -34.3854 25 182.427
      vertex -34.3854 27 182.427
    endloop
  endfacet
  facet normal -0.978179 0 0.207766
    outer loop
      vertex -34.3854 25 182.427
      vertex -34.0711 25 183.907
      vertex -34.3854 27 182.427
    endloop
  endfacet
  facet normal -0.978179 0 0.207766
    outer loop
      vertex -34.3854 27 182.427
      vertex -34.0711 25 183.907
      vertex -34.0711 27 183.907
    endloop
  endfacet
  facet normal -0.968287 0 0.249839
    outer loop
      vertex -34.0711 25 183.907
      vertex -33.6932 25 185.372
      vertex -34.0711 27 183.907
    endloop
  endfacet
  facet normal -0.968287 0 0.249839
    outer loop
      vertex -34.0711 27 183.907
      vertex -33.6932 25 185.372
      vertex -33.6932 27 185.372
    endloop
  endfacet
  facet normal -0.956587 0 0.291446
    outer loop
      vertex -33.6932 25 185.372
      vertex -33.2523 25 186.819
      vertex -33.6932 27 185.372
    endloop
  endfacet
  facet normal -0.956587 0 0.291446
    outer loop
      vertex -33.6932 27 185.372
      vertex -33.2523 25 186.819
      vertex -33.2523 27 186.819
    endloop
  endfacet
  facet normal -0.943102 0 0.332504
    outer loop
      vertex -33.2523 25 186.819
      vertex -32.7494 25 188.245
      vertex -33.2523 27 186.819
    endloop
  endfacet
  facet normal -0.943102 0 0.332504
    outer loop
      vertex -33.2523 27 186.819
      vertex -32.7494 25 188.245
      vertex -32.7494 27 188.245
    endloop
  endfacet
  facet normal -0.927852 0 0.372948
    outer loop
      vertex -32.7494 25 188.245
      vertex -32.1852 25 189.649
      vertex -32.7494 27 188.245
    endloop
  endfacet
  facet normal -0.927852 0 0.372948
    outer loop
      vertex -32.7494 27 188.245
      vertex -32.1852 25 189.649
      vertex -32.1852 27 189.649
    endloop
  endfacet
  facet normal -0.910872 0 0.41269
    outer loop
      vertex -32.1852 25 189.649
      vertex -31.5609 25 191.027
      vertex -32.1852 27 189.649
    endloop
  endfacet
  facet normal -0.910872 0 0.41269
    outer loop
      vertex -32.1852 27 189.649
      vertex -31.5609 25 191.027
      vertex -31.5609 27 191.027
    endloop
  endfacet
  facet normal -0.892189 0 0.451662
    outer loop
      vertex -31.5609 25 191.027
      vertex -30.8777 25 192.376
      vertex -31.5609 27 191.027
    endloop
  endfacet
  facet normal -0.892189 0 0.451662
    outer loop
      vertex -31.5609 27 191.027
      vertex -30.8777 25 192.376
      vertex -30.8777 27 192.376
    endloop
  endfacet
  facet normal -0.871842 0 0.489787
    outer loop
      vertex -30.8777 25 192.376
      vertex -30.1368 25 193.695
      vertex -30.8777 27 192.376
    endloop
  endfacet
  facet normal -0.871842 0 0.489787
    outer loop
      vertex -30.8777 27 192.376
      vertex -30.1368 25 193.695
      vertex -30.1368 27 193.695
    endloop
  endfacet
  facet normal -0.849862 0 0.527004
    outer loop
      vertex -30.1368 25 193.695
      vertex -29.3397 25 194.981
      vertex -30.1368 27 193.695
    endloop
  endfacet
  facet normal -0.849862 0 0.527004
    outer loop
      vertex -30.1368 27 193.695
      vertex -29.3397 25 194.981
      vertex -29.3397 27 194.981
    endloop
  endfacet
  facet normal -0.826297 0 0.563234
    outer loop
      vertex -29.3397 25 194.981
      vertex -28.4877 25 196.231
      vertex -29.3397 27 194.981
    endloop
  endfacet
  facet normal -0.826297 0 0.563234
    outer loop
      vertex -29.3397 27 194.981
      vertex -28.4877 25 196.231
      vertex -28.4877 27 196.231
    endloop
  endfacet
  facet normal -0.801192 0 0.598408
    outer loop
      vertex -28.4877 25 196.231
      vertex -27.5825 25 197.442
      vertex -28.4877 27 196.231
    endloop
  endfacet
  facet normal -0.801192 0 0.598408
    outer loop
      vertex -28.4877 27 196.231
      vertex -27.5825 25 197.442
      vertex -27.5825 27 197.442
    endloop
  endfacet
  facet normal -0.774583 0 0.632473
    outer loop
      vertex -27.5825 25 197.442
      vertex -26.6258 25 198.614
      vertex -27.5825 27 197.442
    endloop
  endfacet
  facet normal -0.774583 0 0.632473
    outer loop
      vertex -27.5825 27 197.442
      vertex -26.6258 25 198.614
      vertex -26.6258 27 198.614
    endloop
  endfacet
  facet normal -0.746533 0 0.665348
    outer loop
      vertex -26.6258 25 198.614
      vertex -25.6193 25 199.743
      vertex -26.6258 27 198.614
    endloop
  endfacet
  facet normal -0.746533 0 0.665348
    outer loop
      vertex -26.6258 27 198.614
      vertex -25.6193 25 199.743
      vertex -25.6193 27 199.743
    endloop
  endfacet
  facet normal -0.717088 0 0.696983
    outer loop
      vertex -25.6193 25 199.743
      vertex -24.565 25 200.828
      vertex -25.6193 27 199.743
    endloop
  endfacet
  facet normal -0.717088 0 0.696983
    outer loop
      vertex -25.6193 27 199.743
      vertex -24.565 25 200.828
      vertex -24.565 27 200.828
    endloop
  endfacet
  facet normal -0.686303 0 0.727315
    outer loop
      vertex -24.565 25 200.828
      vertex -23.4648 25 201.866
      vertex -24.565 27 200.828
    endloop
  endfacet
  facet normal -0.686303 0 0.727315
    outer loop
      vertex -24.565 27 200.828
      vertex -23.4648 25 201.866
      vertex -23.4648 27 201.866
    endloop
  endfacet
  facet normal -0.654231 0 0.756295
    outer loop
      vertex -23.4648 25 201.866
      vertex -22.3208 25 202.856
      vertex -23.4648 27 201.866
    endloop
  endfacet
  facet normal -0.654231 0 0.756295
    outer loop
      vertex -23.4648 27 201.866
      vertex -22.3208 25 202.856
      vertex -22.3208 27 202.856
    endloop
  endfacet
  facet normal -0.620944 0 0.783855
    outer loop
      vertex -22.3208 25 202.856
      vertex -21.1351 25 203.795
      vertex -22.3208 27 202.856
    endloop
  endfacet
  facet normal -0.620944 0 0.783855
    outer loop
      vertex -22.3208 27 202.856
      vertex -21.1351 25 203.795
      vertex -21.1351 27 203.795
    endloop
  endfacet
  facet normal -0.586495 0 0.809953
    outer loop
      vertex -21.1351 25 203.795
      vertex -19.9099 25 204.682
      vertex -21.1351 27 203.795
    endloop
  endfacet
  facet normal -0.586495 0 0.809953
    outer loop
      vertex -21.1351 27 203.795
      vertex -19.9099 25 204.682
      vertex -19.9099 27 204.682
    endloop
  endfacet
  facet normal -0.550952 0 0.834537
    outer loop
      vertex -19.9099 25 204.682
      vertex -18.6475 25 205.516
      vertex -19.9099 27 204.682
    endloop
  endfacet
  facet normal -0.550952 0 0.834537
    outer loop
      vertex -19.9099 27 204.682
      vertex -18.6475 25 205.516
      vertex -18.6475 27 205.516
    endloop
  endfacet
  facet normal -0.514376 0 0.857565
    outer loop
      vertex -18.6475 25 205.516
      vertex -17.3503 25 206.294
      vertex -18.6475 27 205.516
    endloop
  endfacet
  facet normal -0.514376 0 0.857565
    outer loop
      vertex -18.6475 27 205.516
      vertex -17.3503 25 206.294
      vertex -17.3503 27 206.294
    endloop
  endfacet
  facet normal -0.476836 0 0.878992
    outer loop
      vertex -17.3503 25 206.294
      vertex -16.0207 25 207.015
      vertex -17.3503 27 206.294
    endloop
  endfacet
  facet normal -0.476836 0 0.878992
    outer loop
      vertex -17.3503 27 206.294
      vertex -16.0207 25 207.015
      vertex -16.0207 27 207.015
    endloop
  endfacet
  facet normal -0.438416 0 0.898772
    outer loop
      vertex -16.0207 25 207.015
      vertex -14.6612 25 207.678
      vertex -16.0207 27 207.015
    endloop
  endfacet
  facet normal -0.438416 0 0.898772
    outer loop
      vertex -16.0207 27 207.015
      vertex -14.6612 25 207.678
      vertex -14.6612 27 207.678
    endloop
  endfacet
  facet normal -0.39917 0 0.916877
    outer loop
      vertex -14.6612 25 207.678
      vertex -13.2743 25 208.282
      vertex -14.6612 27 207.678
    endloop
  endfacet
  facet normal -0.39917 0 0.916877
    outer loop
      vertex -14.6612 27 207.678
      vertex -13.2743 25 208.282
      vertex -13.2743 27 208.282
    endloop
  endfacet
  facet normal -0.359184 0 0.933267
    outer loop
      vertex -13.2743 25 208.282
      vertex -11.8625 25 208.825
      vertex -13.2743 27 208.282
    endloop
  endfacet
  facet normal -0.359184 0 0.933267
    outer loop
      vertex -13.2743 27 208.282
      vertex -11.8625 25 208.825
      vertex -11.8625 27 208.825
    endloop
  endfacet
  facet normal -0.31852 0 0.947916
    outer loop
      vertex -11.8625 25 208.825
      vertex -10.4287 25 209.307
      vertex -11.8625 27 208.825
    endloop
  endfacet
  facet normal -0.31852 0 0.947916
    outer loop
      vertex -11.8625 27 208.825
      vertex -10.4287 25 209.307
      vertex -10.4287 27 209.307
    endloop
  endfacet
  facet normal -0.277264 0 0.960794
    outer loop
      vertex -10.4287 25 209.307
      vertex -8.9753 25 209.727
      vertex -10.4287 27 209.307
    endloop
  endfacet
  facet normal -0.277264 0 0.960794
    outer loop
      vertex -10.4287 27 209.307
      vertex -8.9753 25 209.727
      vertex -8.9753 27 209.727
    endloop
  endfacet
  facet normal -0.235487 0 0.971878
    outer loop
      vertex -8.9753 25 209.727
      vertex -7.50517 25 210.083
      vertex -8.9753 27 209.727
    endloop
  endfacet
  facet normal -0.235487 0 0.971878
    outer loop
      vertex -8.9753 27 209.727
      vertex -7.50517 25 210.083
      vertex -7.50517 27 210.083
    endloop
  endfacet
  facet normal -0.193275 0 0.981145
    outer loop
      vertex -7.50517 25 210.083
      vertex -6.02103 25 210.375
      vertex -7.50517 27 210.083
    endloop
  endfacet
  facet normal -0.193275 0 0.981145
    outer loop
      vertex -7.50517 27 210.083
      vertex -6.02103 25 210.375
      vertex -6.02103 27 210.375
    endloop
  endfacet
  facet normal -0.1507 0 0.98858
    outer loop
      vertex -6.02103 25 210.375
      vertex -4.52564 25 210.603
      vertex -6.02103 27 210.375
    endloop
  endfacet
  facet normal -0.1507 0 0.98858
    outer loop
      vertex -6.02103 27 210.375
      vertex -4.52564 25 210.603
      vertex -4.52564 27 210.603
    endloop
  endfacet
  facet normal -0.107848 0 0.994167
    outer loop
      vertex -4.52564 25 210.603
      vertex -3.0218 25 210.766
      vertex -4.52564 27 210.603
    endloop
  endfacet
  facet normal -0.107848 0 0.994167
    outer loop
      vertex -4.52564 27 210.603
      vertex -3.0218 25 210.766
      vertex -3.0218 27 210.766
    endloop
  endfacet
  facet normal -0.0647896 0 0.997899
    outer loop
      vertex -3.0218 25 210.766
      vertex -1.51231 25 210.864
      vertex -3.0218 27 210.766
    endloop
  endfacet
  facet normal -0.0647896 0 0.997899
    outer loop
      vertex -3.0218 27 210.766
      vertex -1.51231 25 210.864
      vertex -1.51231 27 210.864
    endloop
  endfacet
  facet normal -0.0216129 0 0.999766
    outer loop
      vertex -1.51231 25 210.864
      vertex -2.03436e-14 25 210.897
      vertex -1.51231 27 210.864
    endloop
  endfacet
  facet normal -0.0216129 0 0.999766
    outer loop
      vertex -1.51231 27 210.864
      vertex -2.03436e-14 25 210.897
      vertex -2.03436e-14 27 210.897
    endloop
  endfacet
  facet normal 0 0 1
    outer loop
      vertex 5 27 210.897
      vertex -2.03436e-14 27 210.897
      vertex 5 25 210.897
    endloop
  endfacet
  facet normal 0 0 1
    outer loop
      vertex -2.03436e-14 27 210.897
      vertex -2.03436e-14 25 210.897
      vertex 5 25 210.897
    endloop
  endfacet
  facet normal 1 0 0
    outer loop
      vertex 299.269 26.5 139.976
      vertex 299.269 26.5 159.836
      vertex 299.269 26.4849 159.845
    endloop
  endfacet
  facet normal 1 0 0
    outer loop
      vertex 299.269 25.5 159.836
      vertex 299.269 25.5 139.976
      vertex 299.269 25.5094 159.841
    endloop
  endfacet
  facet normal 1 0 0
    outer loop
      vertex 299.269 25.5 139.976
      vertex 299.269 26.5 139.976
      vertex 299.269 25.5094 159.841
    endloop
  endfacet
  facet normal 1 0 0
    outer loop
      vertex 299.269 26.006 159.97
      vertex 299.269 25.9821 159.97
      vertex 299.269 26.5 139.976
    endloop
  endfacet
  facet normal 1 0 0
    outer loop
      vertex 299.269 25.6202 159.895
      vertex 299.269 25.5825 159.879
      vertex 299.269 26.5 139.976
    endloop
  endfacet
  facet normal 1 0 0
    outer loop
      vertex 299.269 25.5825 159.879
      vertex 299.269 25.5455 159.861
      vertex 299.269 26.5 139.976
    endloop
  endfacet
  facet normal 1 0 0
    outer loop
      vertex 299.269 26.5 139.976
      vertex 299.269 25.5455 159.861
      vertex 299.269 25.5094 159.841
    endloop
  endfacet
  facet normal 1 0 0
    outer loop
      vertex 299.269 26.1302 159.962
      vertex 299.269 26.0889 159.966
      vertex 299.269 26.5 139.976
    endloop
  endfacet
  facet normal 1 0 0
    outer loop
      vertex 299.269 26.0889 159.966
      vertex 299.269 26.0475 159.969
      vertex 299.269 26.5 139.976
    endloop
  endfacet
  facet normal 1 0 0
    outer loop
      vertex 299.269 26.5 139.976
      vertex 299.269 26.0475 159.969
      vertex 299.269 26.006 159.97
    endloop
  endfacet
  facet normal 1 0 0
    outer loop
      vertex 299.269 25.7371 159.935
      vertex 299.269 25.6976 159.923
      vertex 299.269 26.5 139.976
    endloop
  endfacet
  facet normal 1 0 0
    outer loop
      vertex 299.269 25.6976 159.923
      vertex 299.269 25.6586 159.91
      vertex 299.269 26.5 139.976
    endloop
  endfacet
  facet normal 1 0 0
    outer loop
      vertex 299.269 26.5 139.976
      vertex 299.269 25.6586 159.91
      vertex 299.269 25.6202 159.895
    endloop
  endfacet
  facet normal 1 0 0
    outer loop
      vertex 299.269 26.2527 159.938
      vertex 299.269 26.2122 159.947
      vertex 299.269 26.5 139.976
    endloop
  endfacet
  facet normal 1 0 0
    outer loop
      vertex 299.269 26.2122 159.947
      vertex 299.269 26.1713 159.955
      vertex 299.269 26.5 139.976
    endloop
  endfacet
  facet normal 1 0 0
    outer loop
      vertex 299.269 26.5 139.976
      vertex 299.269 26.1713 159.955
      vertex 299.269 26.1302 159.962
    endloop
  endfacet
  facet normal 1 0 0
    outer loop
      vertex 299.269 25.8583 159.96
      vertex 299.269 25.8176 159.953
      vertex 299.269 26.5 139.976
    endloop
  endfacet
  facet normal 1 0 0
    outer loop
      vertex 299.269 25.8176 159.953
      vertex 299.269 25.7771 159.945
      vertex 299.269 26.5 139.976
    endloop
  endfacet
  facet normal 1 0 0
    outer loop
      vertex 299.269 26.5 139.976
      vertex 299.269 25.7771 159.945
      vertex 299.269 25.7371 159.935
    endloop
  endfacet
  facet normal 1 0 0
    outer loop
      vertex 299.269 26.3716 159.898
      vertex 299.269 26.3325 159.913
      vertex 299.269 26.5 139.976
    endloop
  endfacet
  facet normal 1 0 0
    outer loop
      vertex 299.269 26.3325 159.913
      vertex 299.269 26.2928 159.926
      vertex 299.269 26.5 139.976
    endloop
  endfacet
  facet normal 1 0 0
    outer loop
      vertex 299.269 26.5 139.976
      vertex 299.269 26.2928 159.926
      vertex 299.269 26.2527 159.938
    endloop
  endfacet
  facet normal 1 0 0
    outer loop
      vertex 299.269 25.9821 159.97
      vertex 299.269 25.9407 159.968
      vertex 299.269 26.5 139.976
    endloop
  endfacet
  facet normal 1 0 0
    outer loop
      vertex 299.269 25.9407 159.968
      vertex 299.269 25.8994 159.965
      vertex 299.269 26.5 139.976
    endloop
  endfacet
  facet normal 1 0 0
    outer loop
      vertex 299.269 26.5 139.976
      vertex 299.269 25.8994 159.965
      vertex 299.269 25.8583 159.96
    endloop
  endfacet
  facet normal 1 0 0
    outer loop
      vertex 299.269 26.4849 159.845
      vertex 299.269 26.4479 159.864
      vertex 299.269 26.5 139.976
    endloop
  endfacet
  facet normal 1 0 0
    outer loop
      vertex 299.269 26.4479 159.864
      vertex 299.269 26.4101 159.882
      vertex 299.269 26.5 139.976
    endloop
  endfacet
  facet normal 1 0 0
    outer loop
      vertex 299.269 26.5 139.976
      vertex 299.269 26.4101 159.882
      vertex 299.269 26.3716 159.898
    endloop
  endfacet
  facet normal 0.0136389 -9.72641e-6 -0.999907
    outer loop
      vertex 26.538 26 136.256
      vertex 15.2537 27 136.102
      vertex 157.914 26 138.048
    endloop
  endfacet
  facet normal 0.0136389 -4.99841e-6 -0.999907
    outer loop
      vertex 15.2537 27 136.102
      vertex 194.546 26.6844 138.547
      vertex 157.914 26 138.048
    endloop
  endfacet
  facet normal 0.0136388 0 -0.999907
    outer loop
      vertex 157.914 26 138.048
      vertex 194.546 26.6844 138.547
      vertex 157.914 25.2511 138.048
    endloop
  endfacet
  facet normal 0.0136388 0 -0.999907
    outer loop
      vertex 194.546 26.6844 138.547
      vertex 194.546 25.3156 138.547
      vertex 157.914 25.2511 138.048
    endloop
  endfacet
  facet normal 0.013639 0 -0.999907
    outer loop
      vertex 0.477361 25 135.9
      vertex 0.477361 27 135.9
      vertex 15.2537 25 136.102
    endloop
  endfacet
  facet normal 0.013639 0 -0.999907
    outer loop
      vertex 0.477361 27 135.9
      vertex 15.2537 27 136.102
      vertex 15.2537 25 136.102
    endloop
  endfacet
  facet normal 0.0136397 0 -0.999907
    outer loop
      vertex 15.2537 25 136.102
      vertex 15.2537 27 136.102
      vertex 26.538 25.0199 136.256
    endloop
  endfacet
  facet normal 0.0136397 0 -0.999907
    outer loop
      vertex 15.2537 27 136.102
      vertex 26.538 26 136.256
      vertex 26.538 25.0199 136.256
    endloop
  endfacet
  facet normal -0.0218583 0 0.999761
    outer loop
      vertex 9.94881e-16 27 174.647
      vertex 9.94881e-16 25 174.647
      vertex 0.0545242 27 174.648
    endloop
  endfacet
  facet normal -0.0218583 0 0.999761
    outer loop
      vertex 9.94881e-16 25 174.647
      vertex 0.0545242 25 174.648
      vertex 0.0545242 27 174.648
    endloop
  endfacet
  facet normal -0.0655743 0 0.997848
    outer loop
      vertex 0.0545242 27 174.648
      vertex 0.0545242 25 174.648
      vertex 0.108945 27 174.652
    endloop
  endfacet
  facet normal -0.0655743 0 0.997848
    outer loop
      vertex 0.0545242 25 174.648
      vertex 0.108945 25 174.652
      vertex 0.108945 27 174.652
    endloop
  endfacet
  facet normal -0.108747 0 0.994069
    outer loop
      vertex 0.108945 27 174.652
      vertex 0.108945 25 174.652
      vertex 0.163158 27 174.658
    endloop
  endfacet
  facet normal -0.108747 0 0.994069
    outer loop
      vertex 0.108945 25 174.652
      vertex 0.163158 25 174.658
      vertex 0.163158 27 174.658
    endloop
  endfacet
  facet normal -0.152187 0 0.988352
    outer loop
      vertex 0.163158 27 174.658
      vertex 0.163158 25 174.658
      vertex 0.21706 27 174.666
    endloop
  endfacet
  facet normal -0.152187 0 0.988352
    outer loop
      vertex 0.163158 25 174.658
      vertex 0.21706 25 174.666
      vertex 0.21706 27 174.666
    endloop
  endfacet
  facet normal -0.195086 0 0.980786
    outer loop
      vertex 0.21706 27 174.666
      vertex 0.21706 25 174.666
      vertex 0.27055 27 174.677
    endloop
  endfacet
  facet normal -0.195086 0 0.980786
    outer loop
      vertex 0.21706 25 174.666
      vertex 0.27055 25 174.677
      vertex 0.27055 27 174.677
    endloop
  endfacet
  facet normal -0.237708 0 0.971337
    outer loop
      vertex 0.27055 27 174.677
      vertex 0.27055 25 174.677
      vertex 0.323524 27 174.69
    endloop
  endfacet
  facet normal -0.237708 0 0.971337
    outer loop
      vertex 0.27055 25 174.677
      vertex 0.323524 25 174.69
      vertex 0.323524 27 174.69
    endloop
  endfacet
  facet normal -0.27979 0 0.960061
    outer loop
      vertex 0.323524 27 174.69
      vertex 0.323524 25 174.69
      vertex 0.375882 27 174.705
    endloop
  endfacet
  facet normal -0.27979 0 0.960061
    outer loop
      vertex 0.323524 25 174.69
      vertex 0.375882 25 174.705
      vertex 0.375882 27 174.705
    endloop
  endfacet
  facet normal -0.32133 0 0.946967
    outer loop
      vertex 0.375882 27 174.705
      vertex 0.375882 25 174.705
      vertex 0.427525 27 174.722
    endloop
  endfacet
  facet normal -0.32133 0 0.946967
    outer loop
      vertex 0.375882 25 174.705
      vertex 0.427525 25 174.722
      vertex 0.427525 27 174.722
    endloop
  endfacet
  facet normal -0.362557 0 0.931962
    outer loop
      vertex 0.427525 27 174.722
      vertex 0.427525 25 174.722
      vertex 0.478354 27 174.742
    endloop
  endfacet
  facet normal -0.362557 0 0.931962
    outer loop
      vertex 0.427525 25 174.722
      vertex 0.478354 25 174.742
      vertex 0.478354 27 174.742
    endloop
  endfacet
  facet normal -0.402741 0 0.915314
    outer loop
      vertex 0.478354 27 174.742
      vertex 0.478354 25 174.742
      vertex 0.528273 27 174.764
    endloop
  endfacet
  facet normal -0.402741 0 0.915314
    outer loop
      vertex 0.478354 25 174.742
      vertex 0.528273 25 174.764
      vertex 0.528273 27 174.764
    endloop
  endfacet
  facet normal -0.442345 0 0.896845
    outer loop
      vertex 0.528273 27 174.764
      vertex 0.528273 25 174.764
      vertex 0.577186 27 174.788
    endloop
  endfacet
  facet normal -0.442345 0 0.896845
    outer loop
      vertex 0.528273 25 174.764
      vertex 0.577186 25 174.788
      vertex 0.577186 27 174.788
    endloop
  endfacet
  facet normal -0.480908 0 0.876771
    outer loop
      vertex 0.577186 27 174.788
      vertex 0.577186 25 174.788
      vertex 0.625 27 174.814
    endloop
  endfacet
  facet normal -0.480908 0 0.876771
    outer loop
      vertex 0.577186 25 174.788
      vertex 0.625 25 174.814
      vertex 0.625 27 174.814
    endloop
  endfacet
  facet normal -0.518838 0 0.854872
    outer loop
      vertex 0.625 27 174.814
      vertex 0.625 25 174.814
      vertex 0.671624 27 174.843
    endloop
  endfacet
  facet normal -0.518838 0 0.854872
    outer loop
      vertex 0.625 25 174.814
      vertex 0.671624 25 174.843
      vertex 0.671624 27 174.843
    endloop
  endfacet
  facet normal -0.555504 0 0.831514
    outer loop
      vertex 0.671624 27 174.843
      vertex 0.671624 25 174.843
      vertex 0.716971 27 174.873
    endloop
  endfacet
  facet normal -0.555504 0 0.831514
    outer loop
      vertex 0.671624 25 174.843
      vertex 0.716971 25 174.873
      vertex 0.716971 27 174.873
    endloop
  endfacet
  facet normal -0.591283 0 0.806464
    outer loop
      vertex 0.716971 27 174.873
      vertex 0.716971 25 174.873
      vertex 0.760952 27 174.905
    endloop
  endfacet
  facet normal -0.591283 0 0.806464
    outer loop
      vertex 0.716971 25 174.873
      vertex 0.760952 25 174.905
      vertex 0.760952 27 174.905
    endloop
  endfacet
  facet normal -0.62595 0 0.779863
    outer loop
      vertex 0.760952 27 174.905
      vertex 0.760952 25 174.905
      vertex 0.803485 27 174.939
    endloop
  endfacet
  facet normal -0.62595 0 0.779863
    outer loop
      vertex 0.760952 25 174.905
      vertex 0.803485 25 174.939
      vertex 0.803485 27 174.939
    endloop
  endfacet
  facet normal -0.659321 0 0.751861
    outer loop
      vertex 0.803485 27 174.939
      vertex 0.803485 25 174.939
      vertex 0.844488 27 174.975
    endloop
  endfacet
  facet normal -0.659321 0 0.751861
    outer loop
      vertex 0.803485 25 174.939
      vertex 0.844488 25 174.975
      vertex 0.844488 27 174.975
    endloop
  endfacet
  facet normal -0.691529 0 0.722349
    outer loop
      vertex 0.844488 27 174.975
      vertex 0.844488 25 174.975
      vertex 0.883883 27 175.013
    endloop
  endfacet
  facet normal -0.691529 0 0.722349
    outer loop
      vertex 0.844488 25 174.975
      vertex 0.883883 25 175.013
      vertex 0.883883 27 175.013
    endloop
  endfacet
  facet normal -0.72239 0 0.691486
    outer loop
      vertex 0.883883 27 175.013
      vertex 0.883883 25 175.013
      vertex 0.921597 27 175.053
    endloop
  endfacet
  facet normal -0.72239 0 0.691486
    outer loop
      vertex 0.883883 25 175.013
      vertex 0.921597 25 175.053
      vertex 0.921597 27 175.053
    endloop
  endfacet
  facet normal -0.751878 0 0.659303
    outer loop
      vertex 0.921597 27 175.053
      vertex 0.921597 25 175.053
      vertex 0.957556 27 175.094
    endloop
  endfacet
  facet normal -0.751878 0 0.659303
    outer loop
      vertex 0.921597 25 175.053
      vertex 0.957556 25 175.094
      vertex 0.957556 27 175.094
    endloop
  endfacet
  facet normal -0.779849 0 0.625967
    outer loop
      vertex 0.957556 27 175.094
      vertex 0.957556 25 175.094
      vertex 0.991692 27 175.136
    endloop
  endfacet
  facet normal -0.779849 0 0.625967
    outer loop
      vertex 0.957556 25 175.094
      vertex 0.991692 25 175.136
      vertex 0.991692 27 175.136
    endloop
  endfacet
  facet normal -0.806394 0 0.591378
    outer loop
      vertex 0.991692 27 175.136
      vertex 0.991692 25 175.136
      vertex 1.02394 27 175.18
    endloop
  endfacet
  facet normal -0.806394 0 0.591378
    outer loop
      vertex 0.991692 25 175.136
      vertex 1.02394 25 175.18
      vertex 1.02394 27 175.18
    endloop
  endfacet
  facet normal -0.831543 0 0.55546
    outer loop
      vertex 1.02394 27 175.18
      vertex 1.02394 25 175.18
      vertex 1.05424 27 175.225
    endloop
  endfacet
  facet normal -0.831543 0 0.55546
    outer loop
      vertex 1.02394 25 175.18
      vertex 1.05424 25 175.225
      vertex 1.05424 27 175.225
    endloop
  endfacet
  facet normal -0.854845 0 0.518884
    outer loop
      vertex 1.05424 27 175.225
      vertex 1.05424 25 175.225
      vertex 1.08253 27 175.272
    endloop
  endfacet
  facet normal -0.854845 0 0.518884
    outer loop
      vertex 1.05424 25 175.225
      vertex 1.08253 25 175.272
      vertex 1.08253 27 175.272
    endloop
  endfacet
  facet normal -0.876742 0 0.48096
    outer loop
      vertex 1.08253 27 175.272
      vertex 1.08253 25 175.272
      vertex 1.10876 27 175.32
    endloop
  endfacet
  facet normal -0.876742 0 0.48096
    outer loop
      vertex 1.08253 25 175.272
      vertex 1.10876 25 175.32
      vertex 1.10876 27 175.32
    endloop
  endfacet
  facet normal -0.896899 0 0.442235
    outer loop
      vertex 1.10876 27 175.32
      vertex 1.10876 25 175.32
      vertex 1.13288 27 175.369
    endloop
  endfacet
  facet normal -0.896899 0 0.442235
    outer loop
      vertex 1.10876 25 175.32
      vertex 1.13288 25 175.369
      vertex 1.13288 27 175.369
    endloop
  endfacet
  facet normal -0.915313 0 0.402744
    outer loop
      vertex 1.13288 27 175.369
      vertex 1.13288 25 175.369
      vertex 1.15485 27 175.419
    endloop
  endfacet
  facet normal -0.915313 0 0.402744
    outer loop
      vertex 1.13288 25 175.369
      vertex 1.15485 25 175.419
      vertex 1.15485 27 175.419
    endloop
  endfacet
  facet normal -0.932005 0 0.362446
    outer loop
      vertex 1.15485 27 175.419
      vertex 1.15485 25 175.419
      vertex 1.17462 27 175.47
    endloop
  endfacet
  facet normal -0.932005 0 0.362446
    outer loop
      vertex 1.15485 25 175.419
      vertex 1.17462 25 175.47
      vertex 1.17462 27 175.47
    endloop
  endfacet
  facet normal -0.94691 0 0.321497
    outer loop
      vertex 1.17462 27 175.47
      vertex 1.17462 25 175.47
      vertex 1.19215 27 175.521
    endloop
  endfacet
  facet normal -0.94691 0 0.321497
    outer loop
      vertex 1.17462 25 175.47
      vertex 1.19215 25 175.521
      vertex 1.19215 27 175.521
    endloop
  endfacet
  facet normal -0.960056 0 0.279809
    outer loop
      vertex 1.19215 27 175.521
      vertex 1.19215 25 175.521
      vertex 1.20741 27 175.573
    endloop
  endfacet
  facet normal -0.960056 0 0.279809
    outer loop
      vertex 1.19215 25 175.521
      vertex 1.20741 25 175.573
      vertex 1.20741 27 175.573
    endloop
  endfacet
  facet normal -0.971341 0 0.237689
    outer loop
      vertex 1.20741 27 175.573
      vertex 1.20741 25 175.573
      vertex 1.22037 27 175.626
    endloop
  endfacet
  facet normal -0.971341 0 0.237689
    outer loop
      vertex 1.20741 25 175.573
      vertex 1.22037 25 175.626
      vertex 1.22037 27 175.626
    endloop
  endfacet
  facet normal -0.980789 0 0.195069
    outer loop
      vertex 1.22037 27 175.626
      vertex 1.22037 25 175.626
      vertex 1.23101 27 175.68
    endloop
  endfacet
  facet normal -0.980789 0 0.195069
    outer loop
      vertex 1.22037 25 175.626
      vertex 1.23101 25 175.68
      vertex 1.23101 27 175.68
    endloop
  endfacet
  facet normal -0.98836 0 0.152136
    outer loop
      vertex 1.23101 27 175.68
      vertex 1.23101 25 175.68
      vertex 1.23931 27 175.734
    endloop
  endfacet
  facet normal -0.98836 0 0.152136
    outer loop
      vertex 1.23101 25 175.68
      vertex 1.23931 25 175.734
      vertex 1.23931 27 175.734
    endloop
  endfacet
  facet normal -0.994056 0 0.108872
    outer loop
      vertex 1.23931 27 175.734
      vertex 1.23931 25 175.734
      vertex 1.24524 27 175.788
    endloop
  endfacet
  facet normal -0.994056 0 0.108872
    outer loop
      vertex 1.23931 25 175.734
      vertex 1.24524 25 175.788
      vertex 1.24524 27 175.788
    endloop
  endfacet
  facet normal -0.997859 0 0.0654059
    outer loop
      vertex 1.24524 27 175.788
      vertex 1.24524 25 175.788
      vertex 1.24881 27 175.842
    endloop
  endfacet
  facet normal -0.997859 0 0.0654059
    outer loop
      vertex 1.24524 25 175.788
      vertex 1.24881 25 175.842
      vertex 1.24881 27 175.842
    endloop
  endfacet
  facet normal -0.999762 0 0.0218079
    outer loop
      vertex 1.24881 27 175.842
      vertex 1.24881 25 175.842
      vertex 1.25 27 175.897
    endloop
  endfacet
  facet normal -0.999762 0 0.0218079
    outer loop
      vertex 1.24881 25 175.842
      vertex 1.25 25 175.897
      vertex 1.25 27 175.897
    endloop
  endfacet
  facet normal -0.999762 0 -0.0218139
    outer loop
      vertex 1.25 27 175.897
      vertex 1.25 25 175.897
      vertex 1.24881 27 175.952
    endloop
  endfacet
  facet normal -0.999762 0 -0.0218139
    outer loop
      vertex 1.25 25 175.897
      vertex 1.24881 25 175.952
      vertex 1.24881 27 175.952
    endloop
  endfacet
  facet normal -0.997859 0 -0.0654059
    outer loop
      vertex 1.24881 27 175.952
      vertex 1.24881 25 175.952
      vertex 1.24524 27 176.006
    endloop
  endfacet
  facet normal -0.997859 0 -0.0654059
    outer loop
      vertex 1.24881 25 175.952
      vertex 1.24524 25 176.006
      vertex 1.24524 27 176.006
    endloop
  endfacet
  facet normal -0.994056 0 -0.108872
    outer loop
      vertex 1.24524 27 176.006
      vertex 1.24524 25 176.006
      vertex 1.23931 27 176.06
    endloop
  endfacet
  facet normal -0.994056 0 -0.108872
    outer loop
      vertex 1.24524 25 176.006
      vertex 1.23931 25 176.06
      vertex 1.23931 27 176.06
    endloop
  endfacet
  facet normal -0.98836 0 -0.152136
    outer loop
      vertex 1.23931 27 176.06
      vertex 1.23931 25 176.06
      vertex 1.23101 27 176.114
    endloop
  endfacet
  facet normal -0.98836 0 -0.152136
    outer loop
      vertex 1.23931 25 176.06
      vertex 1.23101 25 176.114
      vertex 1.23101 27 176.114
    endloop
  endfacet
  facet normal -0.980789 0 -0.195069
    outer loop
      vertex 1.23101 27 176.114
      vertex 1.23101 25 176.114
      vertex 1.22037 27 176.168
    endloop
  endfacet
  facet normal -0.980789 0 -0.195069
    outer loop
      vertex 1.23101 25 176.114
      vertex 1.22037 25 176.168
      vertex 1.22037 27 176.168
    endloop
  endfacet
  facet normal -0.971341 0 -0.237689
    outer loop
      vertex 1.22037 27 176.168
      vertex 1.22037 25 176.168
      vertex 1.20741 27 176.221
    endloop
  endfacet
  facet normal -0.971341 0 -0.237689
    outer loop
      vertex 1.22037 25 176.168
      vertex 1.20741 25 176.221
      vertex 1.20741 27 176.221
    endloop
  endfacet
  facet normal -0.960056 0 -0.279809
    outer loop
      vertex 1.20741 27 176.221
      vertex 1.20741 25 176.221
      vertex 1.19215 27 176.273
    endloop
  endfacet
  facet normal -0.960056 0 -0.279809
    outer loop
      vertex 1.20741 25 176.221
      vertex 1.19215 25 176.273
      vertex 1.19215 27 176.273
    endloop
  endfacet
  facet normal -0.94691 0 -0.321497
    outer loop
      vertex 1.19215 27 176.273
      vertex 1.19215 25 176.273
      vertex 1.17462 27 176.325
    endloop
  endfacet
  facet normal -0.94691 0 -0.321497
    outer loop
      vertex 1.19215 25 176.273
      vertex 1.17462 25 176.325
      vertex 1.17462 27 176.325
    endloop
  endfacet
  facet normal -0.932005 0 -0.362446
    outer loop
      vertex 1.17462 27 176.325
      vertex 1.17462 25 176.325
      vertex 1.15485 27 176.375
    endloop
  endfacet
  facet normal -0.932005 0 -0.362446
    outer loop
      vertex 1.17462 25 176.325
      vertex 1.15485 25 176.375
      vertex 1.15485 27 176.375
    endloop
  endfacet
  facet normal -0.915313 0 -0.402744
    outer loop
      vertex 1.15485 27 176.375
      vertex 1.15485 25 176.375
      vertex 1.13288 27 176.425
    endloop
  endfacet
  facet normal -0.915313 0 -0.402744
    outer loop
      vertex 1.15485 25 176.375
      vertex 1.13288 25 176.425
      vertex 1.13288 27 176.425
    endloop
  endfacet
  facet normal -0.896899 0 -0.442235
    outer loop
      vertex 1.13288 27 176.425
      vertex 1.13288 25 176.425
      vertex 1.10876 27 176.474
    endloop
  endfacet
  facet normal -0.896899 0 -0.442235
    outer loop
      vertex 1.13288 25 176.425
      vertex 1.10876 25 176.474
      vertex 1.10876 27 176.474
    endloop
  endfacet
  facet normal -0.876742 0 -0.48096
    outer loop
      vertex 1.10876 27 176.474
      vertex 1.10876 25 176.474
      vertex 1.08253 27 176.522
    endloop
  endfacet
  facet normal -0.876742 0 -0.48096
    outer loop
      vertex 1.10876 25 176.474
      vertex 1.08253 25 176.522
      vertex 1.08253 27 176.522
    endloop
  endfacet
  facet normal -0.854845 0 -0.518884
    outer loop
      vertex 1.08253 27 176.522
      vertex 1.08253 25 176.522
      vertex 1.05424 27 176.569
    endloop
  endfacet
  facet normal -0.854845 0 -0.518884
    outer loop
      vertex 1.08253 25 176.522
      vertex 1.05424 25 176.569
      vertex 1.05424 27 176.569
    endloop
  endfacet
  facet normal -0.831543 0 -0.55546
    outer loop
      vertex 1.05424 27 176.569
      vertex 1.05424 25 176.569
      vertex 1.02394 27 176.614
    endloop
  endfacet
  facet normal -0.831543 0 -0.55546
    outer loop
      vertex 1.05424 25 176.569
      vertex 1.02394 25 176.614
      vertex 1.02394 27 176.614
    endloop
  endfacet
  facet normal -0.806394 0 -0.591378
    outer loop
      vertex 1.02394 27 176.614
      vertex 1.02394 25 176.614
      vertex 0.991692 27 176.658
    endloop
  endfacet
  facet normal -0.806394 0 -0.591378
    outer loop
      vertex 1.02394 25 176.614
      vertex 0.991692 25 176.658
      vertex 0.991692 27 176.658
    endloop
  endfacet
  facet normal -0.779849 0 -0.625967
    outer loop
      vertex 0.991692 27 176.658
      vertex 0.991692 25 176.658
      vertex 0.957556 27 176.701
    endloop
  endfacet
  facet normal -0.779849 0 -0.625967
    outer loop
      vertex 0.991692 25 176.658
      vertex 0.957556 25 176.701
      vertex 0.957556 27 176.701
    endloop
  endfacet
  facet normal -0.751878 0 -0.659303
    outer loop
      vertex 0.957556 27 176.701
      vertex 0.957556 25 176.701
      vertex 0.921597 27 176.742
    endloop
  endfacet
  facet normal -0.751878 0 -0.659303
    outer loop
      vertex 0.957556 25 176.701
      vertex 0.921597 25 176.742
      vertex 0.921597 27 176.742
    endloop
  endfacet
  facet normal -0.72239 0 -0.691486
    outer loop
      vertex 0.921597 27 176.742
      vertex 0.921597 25 176.742
      vertex 0.883883 27 176.781
    endloop
  endfacet
  facet normal -0.72239 0 -0.691486
    outer loop
      vertex 0.921597 25 176.742
      vertex 0.883883 25 176.781
      vertex 0.883883 27 176.781
    endloop
  endfacet
  facet normal -0.691529 0 -0.722349
    outer loop
      vertex 0.883883 27 176.781
      vertex 0.883883 25 176.781
      vertex 0.844488 27 176.819
    endloop
  endfacet
  facet normal -0.691529 0 -0.722349
    outer loop
      vertex 0.883883 25 176.781
      vertex 0.844488 25 176.819
      vertex 0.844488 27 176.819
    endloop
  endfacet
  facet normal -0.659321 0 -0.751861
    outer loop
      vertex 0.844488 27 176.819
      vertex 0.844488 25 176.819
      vertex 0.803485 27 176.855
    endloop
  endfacet
  facet normal -0.659321 0 -0.751861
    outer loop
      vertex 0.844488 25 176.819
      vertex 0.803485 25 176.855
      vertex 0.803485 27 176.855
    endloop
  endfacet
  facet normal -0.62595 0 -0.779863
    outer loop
      vertex 0.803485 27 176.855
      vertex 0.803485 25 176.855
      vertex 0.760952 27 176.889
    endloop
  endfacet
  facet normal -0.62595 0 -0.779863
    outer loop
      vertex 0.803485 25 176.855
      vertex 0.760952 25 176.889
      vertex 0.760952 27 176.889
    endloop
  endfacet
  facet normal -0.591283 0 -0.806464
    outer loop
      vertex 0.760952 27 176.889
      vertex 0.760952 25 176.889
      vertex 0.716971 27 176.921
    endloop
  endfacet
  facet normal -0.591283 0 -0.806464
    outer loop
      vertex 0.760952 25 176.889
      vertex 0.716971 25 176.921
      vertex 0.716971 27 176.921
    endloop
  endfacet
  facet normal -0.555504 0 -0.831514
    outer loop
      vertex 0.716971 27 176.921
      vertex 0.716971 25 176.921
      vertex 0.671624 27 176.951
    endloop
  endfacet
  facet normal -0.555504 0 -0.831514
    outer loop
      vertex 0.716971 25 176.921
      vertex 0.671624 25 176.951
      vertex 0.671624 27 176.951
    endloop
  endfacet
  facet normal -0.518838 0 -0.854872
    outer loop
      vertex 0.671624 27 176.951
      vertex 0.671624 25 176.951
      vertex 0.625 27 176.98
    endloop
  endfacet
  facet normal -0.518838 0 -0.854872
    outer loop
      vertex 0.671624 25 176.951
      vertex 0.625 25 176.98
      vertex 0.625 27 176.98
    endloop
  endfacet
  facet normal -0.480908 0 -0.876771
    outer loop
      vertex 0.625 27 176.98
      vertex 0.625 25 176.98
      vertex 0.577186 27 177.006
    endloop
  endfacet
  facet normal -0.480908 0 -0.876771
    outer loop
      vertex 0.625 25 176.98
      vertex 0.577186 25 177.006
      vertex 0.577186 27 177.006
    endloop
  endfacet
  facet normal -0.442345 0 -0.896845
    outer loop
      vertex 0.577186 27 177.006
      vertex 0.577186 25 177.006
      vertex 0.528273 27 177.03
    endloop
  endfacet
  facet normal -0.442345 0 -0.896845
    outer loop
      vertex 0.577186 25 177.006
      vertex 0.528273 25 177.03
      vertex 0.528273 27 177.03
    endloop
  endfacet
  facet normal -0.402741 0 -0.915314
    outer loop
      vertex 0.528273 27 177.03
      vertex 0.528273 25 177.03
      vertex 0.478354 27 177.052
    endloop
  endfacet
  facet normal -0.402741 0 -0.915314
    outer loop
      vertex 0.528273 25 177.03
      vertex 0.478354 25 177.052
      vertex 0.478354 27 177.052
    endloop
  endfacet
  facet normal -0.362557 0 -0.931962
    outer loop
      vertex 0.478354 27 177.052
      vertex 0.478354 25 177.052
      vertex 0.427525 27 177.072
    endloop
  endfacet
  facet normal -0.362557 0 -0.931962
    outer loop
      vertex 0.478354 25 177.052
      vertex 0.427525 25 177.072
      vertex 0.427525 27 177.072
    endloop
  endfacet
  facet normal -0.32133 0 -0.946967
    outer loop
      vertex 0.427525 27 177.072
      vertex 0.427525 25 177.072
      vertex 0.375882 27 177.089
    endloop
  endfacet
  facet normal -0.32133 0 -0.946967
    outer loop
      vertex 0.427525 25 177.072
      vertex 0.375882 25 177.089
      vertex 0.375882 27 177.089
    endloop
  endfacet
  facet normal -0.27979 0 -0.960061
    outer loop
      vertex 0.375882 27 177.089
      vertex 0.375882 25 177.089
      vertex 0.323524 27 177.104
    endloop
  endfacet
  facet normal -0.27979 0 -0.960061
    outer loop
      vertex 0.375882 25 177.089
      vertex 0.323524 25 177.104
      vertex 0.323524 27 177.104
    endloop
  endfacet
  facet normal -0.237708 0 -0.971337
    outer loop
      vertex 0.323524 27 177.104
      vertex 0.323524 25 177.104
      vertex 0.27055 27 177.117
    endloop
  endfacet
  facet normal -0.237708 0 -0.971337
    outer loop
      vertex 0.323524 25 177.104
      vertex 0.27055 25 177.117
      vertex 0.27055 27 177.117
    endloop
  endfacet
  facet normal -0.195086 0 -0.980786
    outer loop
      vertex 0.27055 27 177.117
      vertex 0.27055 25 177.117
      vertex 0.21706 27 177.128
    endloop
  endfacet
  facet normal -0.195086 0 -0.980786
    outer loop
      vertex 0.27055 25 177.117
      vertex 0.21706 25 177.128
      vertex 0.21706 27 177.128
    endloop
  endfacet
  facet normal -0.152187 0 -0.988352
    outer loop
      vertex 0.21706 27 177.128
      vertex 0.21706 25 177.128
      vertex 0.163158 27 177.136
    endloop
  endfacet
  facet normal -0.152187 0 -0.988352
    outer loop
      vertex 0.21706 25 177.128
      vertex 0.163158 25 177.136
      vertex 0.163158 27 177.136
    endloop
  endfacet
  facet normal -0.108747 0 -0.994069
    outer loop
      vertex 0.163158 27 177.136
      vertex 0.163158 25 177.136
      vertex 0.108945 27 177.142
    endloop
  endfacet
  facet normal -0.108747 0 -0.994069
    outer loop
      vertex 0.163158 25 177.136
      vertex 0.108945 25 177.142
      vertex 0.108945 27 177.142
    endloop
  endfacet
  facet normal -0.0655743 0 -0.997848
    outer loop
      vertex 0.108945 27 177.142
      vertex 0.108945 25 177.142
      vertex 0.0545242 27 177.146
    endloop
  endfacet
  facet normal -0.0655743 0 -0.997848
    outer loop
      vertex 0.108945 25 177.142
      vertex 0.0545242 25 177.146
      vertex 0.0545242 27 177.146
    endloop
  endfacet
  facet normal -0.0218583 0 -0.999761
    outer loop
      vertex 0.0545242 27 177.146
      vertex 0.0545242 25 177.146
      vertex 1.45412e-15 27 177.147
    endloop
  endfacet
  facet normal -0.0218583 -3.31784e-18 -0.999761
    outer loop
      vertex 0.0545242 25 177.146
      vertex 1.76029e-15 25 177.147
      vertex 1.45412e-15 27 177.147
    endloop
  endfacet
  facet normal 0.0218583 3.34609e-18 -0.999761
    outer loop
      vertex 1.45412e-15 27 177.147
      vertex 1.76029e-15 25 177.147
      vertex -0.0545242 27 177.146
    endloop
  endfacet
  facet normal 0.0218583 0 -0.999761
    outer loop
      vertex 1.76029e-15 25 177.147
      vertex -0.0545242 25 177.146
      vertex -0.0545242 27 177.146
    endloop
  endfacet
  facet normal 0.0655743 0 -0.997848
    outer loop
      vertex -0.0545242 27 177.146
      vertex -0.0545242 25 177.146
      vertex -0.108945 27 177.142
    endloop
  endfacet
  facet normal 0.0655743 0 -0.997848
    outer loop
      vertex -0.0545242 25 177.146
      vertex -0.108945 25 177.142
      vertex -0.108945 27 177.142
    endloop
  endfacet
  facet normal 0.108747 0 -0.994069
    outer loop
      vertex -0.108945 27 177.142
      vertex -0.108945 25 177.142
      vertex -0.163158 27 177.136
    endloop
  endfacet
  facet normal 0.108747 0 -0.994069
    outer loop
      vertex -0.108945 25 177.142
      vertex -0.163158 25 177.136
      vertex -0.163158 27 177.136
    endloop
  endfacet
  facet normal 0.152187 0 -0.988352
    outer loop
      vertex -0.163158 27 177.136
      vertex -0.163158 25 177.136
      vertex -0.21706 27 177.128
    endloop
  endfacet
  facet normal 0.152187 0 -0.988352
    outer loop
      vertex -0.163158 25 177.136
      vertex -0.21706 25 177.128
      vertex -0.21706 27 177.128
    endloop
  endfacet
  facet normal 0.195086 0 -0.980786
    outer loop
      vertex -0.21706 27 177.128
      vertex -0.21706 25 177.128
      vertex -0.27055 27 177.117
    endloop
  endfacet
  facet normal 0.195086 0 -0.980786
    outer loop
      vertex -0.21706 25 177.128
      vertex -0.27055 25 177.117
      vertex -0.27055 27 177.117
    endloop
  endfacet
  facet normal 0.237708 0 -0.971337
    outer loop
      vertex -0.27055 27 177.117
      vertex -0.27055 25 177.117
      vertex -0.323524 27 177.104
    endloop
  endfacet
  facet normal 0.237708 0 -0.971337
    outer loop
      vertex -0.27055 25 177.117
      vertex -0.323524 25 177.104
      vertex -0.323524 27 177.104
    endloop
  endfacet
  facet normal 0.27979 0 -0.960061
    outer loop
      vertex -0.323524 27 177.104
      vertex -0.323524 25 177.104
      vertex -0.375882 27 177.089
    endloop
  endfacet
  facet normal 0.27979 0 -0.960061
    outer loop
      vertex -0.323524 25 177.104
      vertex -0.375882 25 177.089
      vertex -0.375882 27 177.089
    endloop
  endfacet
  facet normal 0.32133 0 -0.946967
    outer loop
      vertex -0.375882 27 177.089
      vertex -0.375882 25 177.089
      vertex -0.427525 27 177.072
    endloop
  endfacet
  facet normal 0.32133 0 -0.946967
    outer loop
      vertex -0.375882 25 177.089
      vertex -0.427525 25 177.072
      vertex -0.427525 27 177.072
    endloop
  endfacet
  facet normal 0.362557 0 -0.931962
    outer loop
      vertex -0.427525 27 177.072
      vertex -0.427525 25 177.072
      vertex -0.478354 27 177.052
    endloop
  endfacet
  facet normal 0.362557 0 -0.931962
    outer loop
      vertex -0.427525 25 177.072
      vertex -0.478354 25 177.052
      vertex -0.478354 27 177.052
    endloop
  endfacet
  facet normal 0.402741 0 -0.915314
    outer loop
      vertex -0.478354 27 177.052
      vertex -0.478354 25 177.052
      vertex -0.528273 27 177.03
    endloop
  endfacet
  facet normal 0.402741 0 -0.915314
    outer loop
      vertex -0.478354 25 177.052
      vertex -0.528273 25 177.03
      vertex -0.528273 27 177.03
    endloop
  endfacet
  facet normal 0.442345 0 -0.896845
    outer loop
      vertex -0.528273 27 177.03
      vertex -0.528273 25 177.03
      vertex -0.577186 27 177.006
    endloop
  endfacet
  facet normal 0.442345 0 -0.896845
    outer loop
      vertex -0.528273 25 177.03
      vertex -0.577186 25 177.006
      vertex -0.577186 27 177.006
    endloop
  endfacet
  facet normal 0.480908 0 -0.876771
    outer loop
      vertex -0.577186 27 177.006
      vertex -0.577186 25 177.006
      vertex -0.625 27 176.98
    endloop
  endfacet
  facet normal 0.480908 0 -0.876771
    outer loop
      vertex -0.577186 25 177.006
      vertex -0.625 25 176.98
      vertex -0.625 27 176.98
    endloop
  endfacet
  facet normal 0.518838 0 -0.854872
    outer loop
      vertex -0.625 27 176.98
      vertex -0.625 25 176.98
      vertex -0.671624 27 176.951
    endloop
  endfacet
  facet normal 0.518838 0 -0.854872
    outer loop
      vertex -0.625 25 176.98
      vertex -0.671624 25 176.951
      vertex -0.671624 27 176.951
    endloop
  endfacet
  facet normal 0.555504 0 -0.831514
    outer loop
      vertex -0.671624 27 176.951
      vertex -0.671624 25 176.951
      vertex -0.716971 27 176.921
    endloop
  endfacet
  facet normal 0.555504 0 -0.831514
    outer loop
      vertex -0.671624 25 176.951
      vertex -0.716971 25 176.921
      vertex -0.716971 27 176.921
    endloop
  endfacet
  facet normal 0.591283 0 -0.806464
    outer loop
      vertex -0.716971 27 176.921
      vertex -0.716971 25 176.921
      vertex -0.760952 27 176.889
    endloop
  endfacet
  facet normal 0.591283 0 -0.806464
    outer loop
      vertex -0.716971 25 176.921
      vertex -0.760952 25 176.889
      vertex -0.760952 27 176.889
    endloop
  endfacet
  facet normal 0.62595 0 -0.779863
    outer loop
      vertex -0.760952 27 176.889
      vertex -0.760952 25 176.889
      vertex -0.803485 27 176.855
    endloop
  endfacet
  facet normal 0.62595 0 -0.779863
    outer loop
      vertex -0.760952 25 176.889
      vertex -0.803485 25 176.855
      vertex -0.803485 27 176.855
    endloop
  endfacet
  facet normal 0.659321 0 -0.751861
    outer loop
      vertex -0.803485 27 176.855
      vertex -0.803485 25 176.855
      vertex -0.844488 27 176.819
    endloop
  endfacet
  facet normal 0.659321 0 -0.751861
    outer loop
      vertex -0.803485 25 176.855
      vertex -0.844488 25 176.819
      vertex -0.844488 27 176.819
    endloop
  endfacet
  facet normal 0.691529 0 -0.722349
    outer loop
      vertex -0.844488 27 176.819
      vertex -0.844488 25 176.819
      vertex -0.883883 27 176.781
    endloop
  endfacet
  facet normal 0.691529 0 -0.722349
    outer loop
      vertex -0.844488 25 176.819
      vertex -0.883883 25 176.781
      vertex -0.883883 27 176.781
    endloop
  endfacet
  facet normal 0.72239 0 -0.691486
    outer loop
      vertex -0.883883 27 176.781
      vertex -0.883883 25 176.781
      vertex -0.921597 27 176.742
    endloop
  endfacet
  facet normal 0.72239 0 -0.691486
    outer loop
      vertex -0.883883 25 176.781
      vertex -0.921597 25 176.742
      vertex -0.921597 27 176.742
    endloop
  endfacet
  facet normal 0.751878 0 -0.659303
    outer loop
      vertex -0.921597 27 176.742
      vertex -0.921597 25 176.742
      vertex -0.957556 27 176.701
    endloop
  endfacet
  facet normal 0.751878 0 -0.659303
    outer loop
      vertex -0.921597 25 176.742
      vertex -0.957556 25 176.701
      vertex -0.957556 27 176.701
    endloop
  endfacet
  facet normal 0.779849 0 -0.625967
    outer loop
      vertex -0.957556 27 176.701
      vertex -0.957556 25 176.701
      vertex -0.991692 27 176.658
    endloop
  endfacet
  facet normal 0.779849 0 -0.625967
    outer loop
      vertex -0.957556 25 176.701
      vertex -0.991692 25 176.658
      vertex -0.991692 27 176.658
    endloop
  endfacet
  facet normal 0.806394 0 -0.591378
    outer loop
      vertex -0.991692 27 176.658
      vertex -0.991692 25 176.658
      vertex -1.02394 27 176.614
    endloop
  endfacet
  facet normal 0.806394 0 -0.591378
    outer loop
      vertex -0.991692 25 176.658
      vertex -1.02394 25 176.614
      vertex -1.02394 27 176.614
    endloop
  endfacet
  facet normal 0.831543 0 -0.55546
    outer loop
      vertex -1.02394 27 176.614
      vertex -1.02394 25 176.614
      vertex -1.05424 27 176.569
    endloop
  endfacet
  facet normal 0.831543 0 -0.55546
    outer loop
      vertex -1.02394 25 176.614
      vertex -1.05424 25 176.569
      vertex -1.05424 27 176.569
    endloop
  endfacet
  facet normal 0.854845 0 -0.518884
    outer loop
      vertex -1.05424 27 176.569
      vertex -1.05424 25 176.569
      vertex -1.08253 27 176.522
    endloop
  endfacet
  facet normal 0.854845 0 -0.518884
    outer loop
      vertex -1.05424 25 176.569
      vertex -1.08253 25 176.522
      vertex -1.08253 27 176.522
    endloop
  endfacet
  facet normal 0.876742 0 -0.48096
    outer loop
      vertex -1.08253 27 176.522
      vertex -1.08253 25 176.522
      vertex -1.10876 27 176.474
    endloop
  endfacet
  facet normal 0.876742 0 -0.48096
    outer loop
      vertex -1.08253 25 176.522
      vertex -1.10876 25 176.474
      vertex -1.10876 27 176.474
    endloop
  endfacet
  facet normal 0.896899 0 -0.442235
    outer loop
      vertex -1.10876 27 176.474
      vertex -1.10876 25 176.474
      vertex -1.13288 27 176.425
    endloop
  endfacet
  facet normal 0.896899 0 -0.442235
    outer loop
      vertex -1.10876 25 176.474
      vertex -1.13288 25 176.425
      vertex -1.13288 27 176.425
    endloop
  endfacet
  facet normal 0.915313 0 -0.402744
    outer loop
      vertex -1.13288 27 176.425
      vertex -1.13288 25 176.425
      vertex -1.15485 27 176.375
    endloop
  endfacet
  facet normal 0.915313 0 -0.402744
    outer loop
      vertex -1.13288 25 176.425
      vertex -1.15485 25 176.375
      vertex -1.15485 27 176.375
    endloop
  endfacet
  facet normal 0.932005 0 -0.362446
    outer loop
      vertex -1.15485 27 176.375
      vertex -1.15485 25 176.375
      vertex -1.17462 27 176.325
    endloop
  endfacet
  facet normal 0.932005 0 -0.362446
    outer loop
      vertex -1.15485 25 176.375
      vertex -1.17462 25 176.325
      vertex -1.17462 27 176.325
    endloop
  endfacet
  facet normal 0.94691 0 -0.321497
    outer loop
      vertex -1.17462 27 176.325
      vertex -1.17462 25 176.325
      vertex -1.19215 27 176.273
    endloop
  endfacet
  facet normal 0.94691 0 -0.321497
    outer loop
      vertex -1.17462 25 176.325
      vertex -1.19215 25 176.273
      vertex -1.19215 27 176.273
    endloop
  endfacet
  facet normal 0.960056 0 -0.279809
    outer loop
      vertex -1.19215 27 176.273
      vertex -1.19215 25 176.273
      vertex -1.20741 27 176.221
    endloop
  endfacet
  facet normal 0.960056 0 -0.279809
    outer loop
      vertex -1.19215 25 176.273
      vertex -1.20741 25 176.221
      vertex -1.20741 27 176.221
    endloop
  endfacet
  facet normal 0.971341 0 -0.237689
    outer loop
      vertex -1.20741 27 176.221
      vertex -1.20741 25 176.221
      vertex -1.22037 27 176.168
    endloop
  endfacet
  facet normal 0.971341 0 -0.237689
    outer loop
      vertex -1.20741 25 176.221
      vertex -1.22037 25 176.168
      vertex -1.22037 27 176.168
    endloop
  endfacet
  facet normal 0.980789 0 -0.195069
    outer loop
      vertex -1.22037 27 176.168
      vertex -1.22037 25 176.168
      vertex -1.23101 27 176.114
    endloop
  endfacet
  facet normal 0.980789 0 -0.195069
    outer loop
      vertex -1.22037 25 176.168
      vertex -1.23101 25 176.114
      vertex -1.23101 27 176.114
    endloop
  endfacet
  facet normal 0.98836 0 -0.152136
    outer loop
      vertex -1.23101 27 176.114
      vertex -1.23101 25 176.114
      vertex -1.23931 27 176.06
    endloop
  endfacet
  facet normal 0.98836 0 -0.152136
    outer loop
      vertex -1.23101 25 176.114
      vertex -1.23931 25 176.06
      vertex -1.23931 27 176.06
    endloop
  endfacet
  facet normal 0.994056 0 -0.108872
    outer loop
      vertex -1.23931 27 176.06
      vertex -1.23931 25 176.06
      vertex -1.24524 27 176.006
    endloop
  endfacet
  facet normal 0.994056 0 -0.108872
    outer loop
      vertex -1.23931 25 176.06
      vertex -1.24524 25 176.006
      vertex -1.24524 27 176.006
    endloop
  endfacet
  facet normal 0.997859 0 -0.0654059
    outer loop
      vertex -1.24524 27 176.006
      vertex -1.24524 25 176.006
      vertex -1.24881 27 175.952
    endloop
  endfacet
  facet normal 0.997859 0 -0.0654059
    outer loop
      vertex -1.24524 25 176.006
      vertex -1.24881 25 175.952
      vertex -1.24881 27 175.952
    endloop
  endfacet
  facet normal 0.999762 0 -0.0218139
    outer loop
      vertex -1.24881 27 175.952
      vertex -1.24881 25 175.952
      vertex -1.25 27 175.897
    endloop
  endfacet
  facet normal 0.999762 0 -0.0218139
    outer loop
      vertex -1.24881 25 175.952
      vertex -1.25 25 175.897
      vertex -1.25 27 175.897
    endloop
  endfacet
  facet normal 0.999762 0 0.0218079
    outer loop
      vertex -1.25 27 175.897
      vertex -1.25 25 175.897
      vertex -1.24881 27 175.842
    endloop
  endfacet
  facet normal 0.999762 0 0.0218079
    outer loop
      vertex -1.25 25 175.897
      vertex -1.24881 25 175.842
      vertex -1.24881 27 175.842
    endloop
  endfacet
  facet normal 0.997859 0 0.0654059
    outer loop
      vertex -1.24881 27 175.842
      vertex -1.24881 25 175.842
      vertex -1.24524 27 175.788
    endloop
  endfacet
  facet normal 0.997859 0 0.0654059
    outer loop
      vertex -1.24881 25 175.842
      vertex -1.24524 25 175.788
      vertex -1.24524 27 175.788
    endloop
  endfacet
  facet normal 0.994056 0 0.108872
    outer loop
      vertex -1.24524 27 175.788
      vertex -1.24524 25 175.788
      vertex -1.23931 27 175.734
    endloop
  endfacet
  facet normal 0.994056 0 0.108872
    outer loop
      vertex -1.24524 25 175.788
      vertex -1.23931 25 175.734
      vertex -1.23931 27 175.734
    endloop
  endfacet
  facet normal 0.98836 0 0.152136
    outer loop
      vertex -1.23931 27 175.734
      vertex -1.23931 25 175.734
      vertex -1.23101 27 175.68
    endloop
  endfacet
  facet normal 0.98836 0 0.152136
    outer loop
      vertex -1.23931 25 175.734
      vertex -1.23101 25 175.68
      vertex -1.23101 27 175.68
    endloop
  endfacet
  facet normal 0.980789 0 0.195069
    outer loop
      vertex -1.23101 27 175.68
      vertex -1.23101 25 175.68
      vertex -1.22037 27 175.626
    endloop
  endfacet
  facet normal 0.980789 0 0.195069
    outer loop
      vertex -1.23101 25 175.68
      vertex -1.22037 25 175.626
      vertex -1.22037 27 175.626
    endloop
  endfacet
  facet normal 0.971341 0 0.237689
    outer loop
      vertex -1.22037 27 175.626
      vertex -1.22037 25 175.626
      vertex -1.20741 27 175.573
    endloop
  endfacet
  facet normal 0.971341 0 0.237689
    outer loop
      vertex -1.22037 25 175.626
      vertex -1.20741 25 175.573
      vertex -1.20741 27 175.573
    endloop
  endfacet
  facet normal 0.960056 0 0.279809
    outer loop
      vertex -1.20741 27 175.573
      vertex -1.20741 25 175.573
      vertex -1.19215 27 175.521
    endloop
  endfacet
  facet normal 0.960056 0 0.279809
    outer loop
      vertex -1.20741 25 175.573
      vertex -1.19215 25 175.521
      vertex -1.19215 27 175.521
    endloop
  endfacet
  facet normal 0.94691 0 0.321497
    outer loop
      vertex -1.19215 27 175.521
      vertex -1.19215 25 175.521
      vertex -1.17462 27 175.47
    endloop
  endfacet
  facet normal 0.94691 0 0.321497
    outer loop
      vertex -1.19215 25 175.521
      vertex -1.17462 25 175.47
      vertex -1.17462 27 175.47
    endloop
  endfacet
  facet normal 0.932005 0 0.362446
    outer loop
      vertex -1.17462 27 175.47
      vertex -1.17462 25 175.47
      vertex -1.15485 27 175.419
    endloop
  endfacet
  facet normal 0.932005 0 0.362446
    outer loop
      vertex -1.17462 25 175.47
      vertex -1.15485 25 175.419
      vertex -1.15485 27 175.419
    endloop
  endfacet
  facet normal 0.915313 0 0.402744
    outer loop
      vertex -1.15485 27 175.419
      vertex -1.15485 25 175.419
      vertex -1.13288 27 175.369
    endloop
  endfacet
  facet normal 0.915313 0 0.402744
    outer loop
      vertex -1.15485 25 175.419
      vertex -1.13288 25 175.369
      vertex -1.13288 27 175.369
    endloop
  endfacet
  facet normal 0.896899 0 0.442235
    outer loop
      vertex -1.13288 27 175.369
      vertex -1.13288 25 175.369
      vertex -1.10876 27 175.32
    endloop
  endfacet
  facet normal 0.896899 0 0.442235
    outer loop
      vertex -1.13288 25 175.369
      vertex -1.10876 25 175.32
      vertex -1.10876 27 175.32
    endloop
  endfacet
  facet normal 0.876742 0 0.48096
    outer loop
      vertex -1.10876 27 175.32
      vertex -1.10876 25 175.32
      vertex -1.08253 27 175.272
    endloop
  endfacet
  facet normal 0.876742 0 0.48096
    outer loop
      vertex -1.10876 25 175.32
      vertex -1.08253 25 175.272
      vertex -1.08253 27 175.272
    endloop
  endfacet
  facet normal 0.854845 0 0.518884
    outer loop
      vertex -1.08253 27 175.272
      vertex -1.08253 25 175.272
      vertex -1.05424 27 175.225
    endloop
  endfacet
  facet normal 0.854845 0 0.518884
    outer loop
      vertex -1.08253 25 175.272
      vertex -1.05424 25 175.225
      vertex -1.05424 27 175.225
    endloop
  endfacet
  facet normal 0.831543 0 0.55546
    outer loop
      vertex -1.05424 27 175.225
      vertex -1.05424 25 175.225
      vertex -1.02394 27 175.18
    endloop
  endfacet
  facet normal 0.831543 0 0.55546
    outer loop
      vertex -1.05424 25 175.225
      vertex -1.02394 25 175.18
      vertex -1.02394 27 175.18
    endloop
  endfacet
  facet normal 0.806394 0 0.591378
    outer loop
      vertex -1.02394 27 175.18
      vertex -1.02394 25 175.18
      vertex -0.991692 27 175.136
    endloop
  endfacet
  facet normal 0.806394 0 0.591378
    outer loop
      vertex -1.02394 25 175.18
      vertex -0.991692 25 175.136
      vertex -0.991692 27 175.136
    endloop
  endfacet
  facet normal 0.779849 0 0.625967
    outer loop
      vertex -0.991692 27 175.136
      vertex -0.991692 25 175.136
      vertex -0.957556 27 175.094
    endloop
  endfacet
  facet normal 0.779849 0 0.625967
    outer loop
      vertex -0.991692 25 175.136
      vertex -0.957556 25 175.094
      vertex -0.957556 27 175.094
    endloop
  endfacet
  facet normal 0.751878 0 0.659303
    outer loop
      vertex -0.957556 27 175.094
      vertex -0.957556 25 175.094
      vertex -0.921597 27 175.053
    endloop
  endfacet
  facet normal 0.751878 0 0.659303
    outer loop
      vertex -0.957556 25 175.094
      vertex -0.921597 25 175.053
      vertex -0.921597 27 175.053
    endloop
  endfacet
  facet normal 0.72239 0 0.691486
    outer loop
      vertex -0.921597 27 175.053
      vertex -0.921597 25 175.053
      vertex -0.883883 27 175.013
    endloop
  endfacet
  facet normal 0.72239 0 0.691486
    outer loop
      vertex -0.921597 25 175.053
      vertex -0.883883 25 175.013
      vertex -0.883883 27 175.013
    endloop
  endfacet
  facet normal 0.691529 0 0.722349
    outer loop
      vertex -0.883883 27 175.013
      vertex -0.883883 25 175.013
      vertex -0.844488 27 174.975
    endloop
  endfacet
  facet normal 0.691529 0 0.722349
    outer loop
      vertex -0.883883 25 175.013
      vertex -0.844488 25 174.975
      vertex -0.844488 27 174.975
    endloop
  endfacet
  facet normal 0.659321 0 0.751861
    outer loop
      vertex -0.844488 27 174.975
      vertex -0.844488 25 174.975
      vertex -0.803485 27 174.939
    endloop
  endfacet
  facet normal 0.659321 0 0.751861
    outer loop
      vertex -0.844488 25 174.975
      vertex -0.803485 25 174.939
      vertex -0.803485 27 174.939
    endloop
  endfacet
  facet normal 0.62595 0 0.779863
    outer loop
      vertex -0.803485 27 174.939
      vertex -0.803485 25 174.939
      vertex -0.760952 27 174.905
    endloop
  endfacet
  facet normal 0.62595 0 0.779863
    outer loop
      vertex -0.803485 25 174.939
      vertex -0.760952 25 174.905
      vertex -0.760952 27 174.905
    endloop
  endfacet
  facet normal 0.591283 0 0.806464
    outer loop
      vertex -0.760952 27 174.905
      vertex -0.760952 25 174.905
      vertex -0.716971 27 174.873
    endloop
  endfacet
  facet normal 0.591283 0 0.806464
    outer loop
      vertex -0.760952 25 174.905
      vertex -0.716971 25 174.873
      vertex -0.716971 27 174.873
    endloop
  endfacet
  facet normal 0.555504 0 0.831514
    outer loop
      vertex -0.716971 27 174.873
      vertex -0.716971 25 174.873
      vertex -0.671624 27 174.843
    endloop
  endfacet
  facet normal 0.555504 0 0.831514
    outer loop
      vertex -0.716971 25 174.873
      vertex -0.671624 25 174.843
      vertex -0.671624 27 174.843
    endloop
  endfacet
  facet normal 0.518838 0 0.854872
    outer loop
      vertex -0.671624 27 174.843
      vertex -0.671624 25 174.843
      vertex -0.625 27 174.814
    endloop
  endfacet
  facet normal 0.518838 0 0.854872
    outer loop
      vertex -0.671624 25 174.843
      vertex -0.625 25 174.814
      vertex -0.625 27 174.814
    endloop
  endfacet
  facet normal 0.480908 0 0.876771
    outer loop
      vertex -0.625 27 174.814
      vertex -0.625 25 174.814
      vertex -0.577186 27 174.788
    endloop
  endfacet
  facet normal 0.480908 0 0.876771
    outer loop
      vertex -0.625 25 174.814
      vertex -0.577186 25 174.788
      vertex -0.577186 27 174.788
    endloop
  endfacet
  facet normal 0.442345 0 0.896845
    outer loop
      vertex -0.577186 27 174.788
      vertex -0.577186 25 174.788
      vertex -0.528273 27 174.764
    endloop
  endfacet
  facet normal 0.442345 0 0.896845
    outer loop
      vertex -0.577186 25 174.788
      vertex -0.528273 25 174.764
      vertex -0.528273 27 174.764
    endloop
  endfacet
  facet normal 0.402741 0 0.915314
    outer loop
      vertex -0.528273 27 174.764
      vertex -0.528273 25 174.764
      vertex -0.478354 27 174.742
    endloop
  endfacet
  facet normal 0.402741 0 0.915314
    outer loop
      vertex -0.528273 25 174.764
      vertex -0.478354 25 174.742
      vertex -0.478354 27 174.742
    endloop
  endfacet
  facet normal 0.362557 0 0.931962
    outer loop
      vertex -0.478354 27 174.742
      vertex -0.478354 25 174.742
      vertex -0.427525 27 174.722
    endloop
  endfacet
  facet normal 0.362557 0 0.931962
    outer loop
      vertex -0.478354 25 174.742
      vertex -0.427525 25 174.722
      vertex -0.427525 27 174.722
    endloop
  endfacet
  facet normal 0.32133 0 0.946967
    outer loop
      vertex -0.427525 27 174.722
      vertex -0.427525 25 174.722
      vertex -0.375882 27 174.705
    endloop
  endfacet
  facet normal 0.32133 0 0.946967
    outer loop
      vertex -0.427525 25 174.722
      vertex -0.375882 25 174.705
      vertex -0.375882 27 174.705
    endloop
  endfacet
  facet normal 0.27979 0 0.960061
    outer loop
      vertex -0.375882 27 174.705
      vertex -0.375882 25 174.705
      vertex -0.323524 27 174.69
    endloop
  endfacet
  facet normal 0.27979 0 0.960061
    outer loop
      vertex -0.375882 25 174.705
      vertex -0.323524 25 174.69
      vertex -0.323524 27 174.69
    endloop
  endfacet
  facet normal 0.237708 0 0.971337
    outer loop
      vertex -0.323524 27 174.69
      vertex -0.323524 25 174.69
      vertex -0.27055 27 174.677
    endloop
  endfacet
  facet normal 0.237708 0 0.971337
    outer loop
      vertex -0.323524 25 174.69
      vertex -0.27055 25 174.677
      vertex -0.27055 27 174.677
    endloop
  endfacet
  facet normal 0.195086 0 0.980786
    outer loop
      vertex -0.27055 27 174.677
      vertex -0.27055 25 174.677
      vertex -0.21706 27 174.666
    endloop
  endfacet
  facet normal 0.195086 0 0.980786
    outer loop
      vertex -0.27055 25 174.677
      vertex -0.21706 25 174.666
      vertex -0.21706 27 174.666
    endloop
  endfacet
  facet normal 0.152187 0 0.988352
    outer loop
      vertex -0.21706 27 174.666
      vertex -0.21706 25 174.666
      vertex -0.163158 27 174.658
    endloop
  endfacet
  facet normal 0.152187 0 0.988352
    outer loop
      vertex -0.21706 25 174.666
      vertex -0.163158 25 174.658
      vertex -0.163158 27 174.658
    endloop
  endfacet
  facet normal 0.108747 0 0.994069
    outer loop
      vertex -0.163158 27 174.658
      vertex -0.163158 25 174.658
      vertex -0.108945 27 174.652
    endloop
  endfacet
  facet normal 0.108747 0 0.994069
    outer loop
      vertex -0.163158 25 174.658
      vertex -0.108945 25 174.652
      vertex -0.108945 27 174.652
    endloop
  endfacet
  facet normal 0.0655743 0 0.997848
    outer loop
      vertex -0.108945 27 174.652
      vertex -0.108945 25 174.652
      vertex -0.0545242 27 174.648
    endloop
  endfacet
  facet normal 0.0655743 0 0.997848
    outer loop
      vertex -0.108945 25 174.652
      vertex -0.0545242 25 174.648
      vertex -0.0545242 27 174.648
    endloop
  endfacet
  facet normal 0.0218583 0 0.999761
    outer loop
      vertex -0.0545242 27 174.648
      vertex -0.0545242 25 174.648
      vertex 9.94881e-16 27 174.647
    endloop
  endfacet
  facet normal 0.0218583 0 0.999761
    outer loop
      vertex -0.0545242 25 174.648
      vertex 9.94881e-16 25 174.647
      vertex 9.94881e-16 27 174.647
    endloop
  endfacet
  facet normal 0.00176047 -0.999998 2.35534e-8
    outer loop
      vertex 112.657 25.1715 190.6
      vertex 26.538 25.0199 183.257
      vertex 157.914 25.2511 154.808
    endloop
  endfacet
  facet normal 0.00176045 -0.999998 0
    outer loop
      vertex 299.269 25.5 139.976
      vertex 299.269 25.5 159.836
      vertex 286.946 25.4783 162.123
    endloop
  endfacet
  facet normal 0.00176041 -0.999998 -5.55061e-8
    outer loop
      vertex 112.657 25.1715 190.6
      vertex 157.914 25.2511 154.808
      vertex 133.078 25.2074 190.6
    endloop
  endfacet
  facet normal 0.00176048 -0.999998 -7.0908e-8
    outer loop
      vertex 194.546 25.3156 138.547
      vertex 194.51 25.3156 141.177
      vertex 157.914 25.2511 138.048
    endloop
  endfacet
  facet normal 0.00176046 -0.999998 1.69673e-7
    outer loop
      vertex 194.51 25.3156 141.177
      vertex 182.472 25.2944 143.783
      vertex 157.914 25.2511 138.048
    endloop
  endfacet
  facet normal 0.0017605 -0.999998 0
    outer loop
      vertex 157.914 25.2511 138.048
      vertex 182.472 25.2944 143.783
      vertex 157.914 25.2511 154.808
    endloop
  endfacet
  facet normal 0.00176047 -0.999998 -6.17975e-8
    outer loop
      vertex 182.472 25.2944 143.783
      vertex 183.107 25.2955 146.715
      vertex 157.914 25.2511 154.808
    endloop
  endfacet
  facet normal 0.00176045 -0.999998 2.72883e-9
    outer loop
      vertex 299.269 25.5 139.976
      vertex 286.946 25.4783 162.123
      vertex 219.269 25.3592 138.885
    endloop
  endfacet
  facet normal 0.00176048 -0.999998 -7.59345e-8
    outer loop
      vertex 286.946 25.4783 162.123
      vertex 270.065 25.4486 165.255
      vertex 219.269 25.3592 138.885
    endloop
  endfacet
  facet normal 0.0017604 -0.999998 8.42853e-8
    outer loop
      vertex 219.269 25.3592 138.885
      vertex 270.065 25.4486 165.255
      vertex 252.987 25.4185 168.423
    endloop
  endfacet
  facet normal 0.00176037 -0.999998 -1.08728e-6
    outer loop
      vertex 122.225 25.1883 192.6
      vertex 120.12 25.1846 192.988
      vertex 112.657 25.1715 192.6
    endloop
  endfacet
  facet normal 0.00176032 -0.999998 -1.6184e-7
    outer loop
      vertex 120.12 25.1846 192.988
      vertex 109.746 25.1664 194.898
      vertex 112.657 25.1715 192.6
    endloop
  endfacet
  facet normal 0.00176045 -0.999998 0
    outer loop
      vertex 112.657 25.1715 192.6
      vertex 109.746 25.1664 194.898
      vertex 112.657 25.1715 190.6
    endloop
  endfacet
  facet normal 0.00176051 -0.999998 3.86637e-8
    outer loop
      vertex 109.746 25.1664 194.898
      vertex 99.1501 25.1477 196.846
      vertex 112.657 25.1715 190.6
    endloop
  endfacet
  facet normal 0.00176048 -0.999998 -3.54024e-8
    outer loop
      vertex 112.657 25.1715 190.6
      vertex 99.1501 25.1477 196.846
      vertex 26.538 25.0199 183.257
    endloop
  endfacet
  facet normal 0.00176051 -0.999998 -1.98982e-7
    outer loop
      vertex 99.1501 25.1477 196.846
      vertex 88.3173 25.1286 198.836
      vertex 26.538 25.0199 183.257
    endloop
  endfacet
  facet normal 0.00176041 -0.999998 1.63934e-7
    outer loop
      vertex 88.3173 25.1286 198.836
      vertex 77.2306 25.1091 200.869
      vertex 26.538 25.0199 183.257
    endloop
  endfacet
  facet normal 0.00176049 -0.999998 -6.59772e-8
    outer loop
      vertex 26.538 25.0199 183.257
      vertex 77.2306 25.1091 200.869
      vertex 65.8718 25.0891 202.948
    endloop
  endfacet
  facet normal 0.0017605 -0.999998 -7.04906e-8
    outer loop
      vertex 65.8718 25.0891 202.948
      vertex 54.2209 25.0686 205.074
      vertex 26.538 25.0199 183.257
    endloop
  endfacet
  facet normal 0.00176047 -0.999998 -3.2082e-8
    outer loop
      vertex 54.2209 25.0686 205.074
      vertex 48.4419 25.0584 206.125
      vertex 26.538 25.0199 183.257
    endloop
  endfacet
  facet normal 0.00176042 -0.999998 8.27317e-9
    outer loop
      vertex 26.538 25.0199 183.257
      vertex 48.4419 25.0584 206.125
      vertex 42.5009 25.048 207.203
    endloop
  endfacet
  facet normal 0.00176049 -0.999998 -1.78635e-8
    outer loop
      vertex 252.987 25.4185 168.423
      vertex 235.692 25.3881 171.628
      vertex 219.269 25.3592 138.885
    endloop
  endfacet
  facet normal 0.00176051 -0.999998 -3.20392e-8
    outer loop
      vertex 235.692 25.3881 171.628
      vertex 218.163 25.3572 174.875
      vertex 219.269 25.3592 138.885
    endloop
  endfacet
  facet normal 0.00176045 -0.999998 -3.40296e-8
    outer loop
      vertex 219.269 25.3592 138.885
      vertex 218.163 25.3572 174.875
      vertex 183.107 25.2955 146.715
    endloop
  endfacet
  facet normal 0.0017604 -0.999998 3.15715e-8
    outer loop
      vertex 218.163 25.3572 174.875
      vertex 200.38 25.3259 178.167
      vertex 183.107 25.2955 146.715
    endloop
  endfacet
  facet normal 0.00176052 -0.999998 -3.63458e-8
    outer loop
      vertex 200.38 25.3259 178.167
      vertex 182.322 25.2941 181.507
      vertex 183.107 25.2955 146.715
    endloop
  endfacet
  facet normal 0.00176041 -0.999998 -3.89255e-8
    outer loop
      vertex 182.322 25.2941 181.507
      vertex 163.968 25.2618 184.899
      vertex 183.107 25.2955 146.715
    endloop
  endfacet
  facet normal 0.0017605 -0.999998 6.04251e-9
    outer loop
      vertex 183.107 25.2955 146.715
      vertex 163.968 25.2618 184.899
      vertex 157.914 25.2511 154.808
    endloop
  endfacet
  facet normal 0.00176045 -0.999998 1.58941e-8
    outer loop
      vertex 163.968 25.2618 184.899
      vertex 145.294 25.2289 188.347
      vertex 157.914 25.2511 154.808
    endloop
  endfacet
  facet normal 0.00176059 -0.999998 6.82492e-8
    outer loop
      vertex 157.914 25.2511 154.808
      vertex 145.294 25.2289 188.347
      vertex 133.078 25.2074 190.6
    endloop
  endfacet
  facet normal 0.0017603 -0.999998 8.88875e-8
    outer loop
      vertex 42.5009 25.048 207.203
      vertex 36.3859 25.0372 208.309
      vertex 26.538 25.0199 183.257
    endloop
  endfacet
  facet normal 0.00176063 -0.999998 -4.03395e-8
    outer loop
      vertex 36.3859 25.0372 208.309
      vertex 30.0837 25.0261 209.442
      vertex 26.538 25.0199 183.257
    endloop
  endfacet
  facet normal 0.00176042 -0.999998 -1.20267e-8
    outer loop
      vertex 26.538 25.0199 183.257
      vertex 30.0837 25.0261 209.442
      vertex 23.5798 25.0147 210.6
    endloop
  endfacet
  facet normal 0.00176031 -0.999998 -2.44867e-8
    outer loop
      vertex 23.5798 25.0147 210.6
      vertex 20.652 25.0095 211.113
      vertex 26.538 25.0199 183.257
    endloop
  endfacet
  facet normal 0.00176023 -0.999998 -4.15947e-8
    outer loop
      vertex 20.652 25.0095 211.113
      vertex 17.6213 25.0042 211.632
      vertex 26.538 25.0199 183.257
    endloop
  endfacet
  facet normal 0.00176106 -0.999998 2.2104e-7
    outer loop
      vertex 26.538 25.0199 183.257
      vertex 17.6213 25.0042 211.632
      vertex 16.0031 25.0013 211.895
    endloop
  endfacet
  facet normal 0.00176142 -0.999998 3.54336e-7
    outer loop
      vertex 16.0031 25.0013 211.895
      vertex 15.6477 25.0007 211.947
      vertex 26.538 25.0199 183.257
    endloop
  endfacet
  facet normal 0.00175772 -0.999998 -1.05093e-6
    outer loop
      vertex 15.6477 25.0007 211.947
      vertex 15.4697 25.0004 211.97
      vertex 26.538 25.0199 183.257
    endloop
  endfacet
  facet normal 0.00175372 -0.999998 -2.59381e-6
    outer loop
      vertex 26.538 25.0199 183.257
      vertex 15.4697 25.0004 211.97
      vertex 15.3805 25.0002 211.981
    endloop
  endfacet
  facet normal 0.00179328 -0.999998 1.27709e-5
    outer loop
      vertex 15.3805 25.0002 211.981
      vertex 15.3358 25.0001 211.985
      vertex 26.538 25.0199 183.257
    endloop
  endfacet
  facet normal 0.00174713 -0.999998 -5.22332e-6
    outer loop
      vertex 15.3358 25.0001 211.985
      vertex 15.3135 25.0001 211.986
      vertex 26.538 25.0199 183.257
    endloop
  endfacet
  facet normal 0.00174459 -0.999998 -6.21523e-6
    outer loop
      vertex 26.538 25.0199 183.257
      vertex 15.3135 25.0001 211.986
      vertex 15.291 25.0001 211.988
    endloop
  endfacet
  facet normal 0.00176042 -0.999998 0
    outer loop
      vertex 15.2537 25 136.102
      vertex 26.538 25.0199 136.256
      vertex 15.2537 25 211.983
    endloop
  endfacet
  facet normal 0.00176042 -0.999998 0
    outer loop
      vertex 26.538 25.0199 136.256
      vertex 26.538 25.0199 183.257
      vertex 15.2537 25 211.983
    endloop
  endfacet
  facet normal 0.00165509 -0.999999 -4.13771e-5
    outer loop
      vertex 15.2537 25 211.983
      vertex 26.538 25.0199 183.257
      vertex 15.2537 25 211.983
    endloop
  endfacet
  facet normal 0.00174687 -0.999998 -5.32121e-6
    outer loop
      vertex 26.538 25.0199 183.257
      vertex 15.291 25.0001 211.988
      vertex 15.2537 25 211.983
    endloop
  endfacet
  facet normal 0.00176092 -0.999998 -0.000123815
    outer loop
      vertex 15.2537 25 211.983
      vertex 15.291 25.0001 211.988
      vertex 15.2537 25 211.983
    endloop
  endfacet
  facet normal 0.00177963 -0.999998 -0.000286013
    outer loop
      vertex 15.291 25.0001 211.988
      vertex 15.2537 25 211.983
      vertex 15.2537 25 211.983
    endloop
  endfacet
  facet normal 0.00178833 -0.999998 -0.000363255
    outer loop
      vertex 15.2537 25 211.983
      vertex 15.291 25.0001 211.988
      vertex 15.2537 25 211.984
    endloop
  endfacet
  facet normal 0.00173001 -0.999998 0.000169301
    outer loop
      vertex 15.291 25.0001 211.988
      vertex 15.2716 25 211.988
      vertex 15.2537 25 211.984
    endloop
  endfacet
  facet normal 0.00180683 -0.999998 -0.00015896
    outer loop
      vertex 15.2537 25 211.984
      vertex 15.2716 25 211.988
      vertex 15.2644 25 211.987
    endloop
  endfacet
  facet normal 0.00207108 -0.999997 -0.000913472
    outer loop
      vertex 15.2644 25 211.987
      vertex 15.2596 25 211.987
      vertex 15.2537 25 211.984
    endloop
  endfacet
  facet normal 0.000603499 -0.999998 0.00190479
    outer loop
      vertex 15.2596 25 211.987
      vertex 15.2578 25 211.986
      vertex 15.2537 25 211.984
    endloop
  endfacet
  facet normal 0.00140647 -0.999999 0.000659282
    outer loop
      vertex 15.2537 25 211.984
      vertex 15.2578 25 211.986
      vertex 15.2567 25 211.986
    endloop
  endfacet
  facet normal -0.00229641 -0.999992 0.00316953
    outer loop
      vertex 15.2537 25 211.984
      vertex 15.2549 25 211.985
      vertex 15.2546 25 211.985
    endloop
  endfacet
  facet normal 0.00253396 -0.999996 -0.000789953
    outer loop
      vertex 15.2567 25 211.986
      vertex 15.2558 25 211.985
      vertex 15.2537 25 211.984
    endloop
  endfacet
  facet normal 0.00538089 -0.999978 -0.00385486
    outer loop
      vertex 15.2558 25 211.985
      vertex 15.2553 25 211.985
      vertex 15.2537 25 211.984
    endloop
  endfacet
  facet normal -0.00160135 -0.999995 0.00260845
    outer loop
      vertex 15.2537 25 211.984
      vertex 15.2553 25 211.985
      vertex 15.2549 25 211.985
    endloop
  endfacet
  facet normal 0.00559169 -0.999981 -0.00271818
    outer loop
      vertex 15.2539 25 211.984
      vertex 15.2538 25 211.984
      vertex 15.2546 25 211.985
    endloop
  endfacet
  facet normal 0.00409664 -0.999991 -0.00148503
    outer loop
      vertex 15.2538 25 211.984
      vertex 15.2538 25 211.984
      vertex 15.2546 25 211.985
    endloop
  endfacet
  facet normal 0.00350436 -0.999993 -0.00103253
    outer loop
      vertex 15.2546 25 211.985
      vertex 15.2538 25 211.984
      vertex 15.2537 25 211.984
    endloop
  endfacet
  facet normal 0.0232702 -0.999563 -0.018246
    outer loop
      vertex 15.2546 25 211.985
      vertex 15.2544 25 211.985
      vertex 15.2539 25 211.984
    endloop
  endfacet
  facet normal 0 -1 0
    outer loop
      vertex 15.2544 25 211.985
      vertex 15.2543 25 211.984
      vertex 15.2539 25 211.984
    endloop
  endfacet
  facet normal 0 -1 0
    outer loop
      vertex 15.2539 25 211.984
      vertex 15.2543 25 211.984
      vertex 15.254 25 211.984
    endloop
  endfacet
  facet normal 0 -1 0
    outer loop
      vertex 15.2543 25 211.984
      vertex 15.2541 25 211.984
      vertex 15.254 25 211.984
    endloop
  endfacet
  facet normal 0.00176041 0.999998 -7.19022e-8
    outer loop
      vertex 194.51 26.6844 141.177
      vertex 194.546 26.6844 138.547
      vertex 182.472 26.7056 143.783
    endloop
  endfacet
  facet normal 0.00176046 0.999998 5.49983e-8
    outer loop
      vertex 194.546 26.6844 138.547
      vertex 15.2537 27 136.102
      vertex 182.472 26.7056 143.783
    endloop
  endfacet
  facet normal 0.00176056 0.999998 0
    outer loop
      vertex 112.66 26.8285 190.6
      vertex 104.823 26.8423 195.803
      vertex 112.66 26.8285 192.6
    endloop
  endfacet
  facet normal 0.00176047 0.999998 -2.25514e-7
    outer loop
      vertex 104.823 26.8423 195.803
      vertex 115.346 26.8238 193.867
      vertex 112.66 26.8285 192.6
    endloop
  endfacet
  facet normal 0.00176052 0.999998 -3.40208e-7
    outer loop
      vertex 112.66 26.8285 192.6
      vertex 115.346 26.8238 193.867
      vertex 122.225 26.8117 192.6
    endloop
  endfacet
  facet normal 0.00176043 0.999998 5.22861e-8
    outer loop
      vertex 82.9583 26.8808 199.819
      vertex 94.0342 26.8613 197.786
      vertex 15.2537 27 136.102
    endloop
  endfacet
  facet normal 0.00176049 0.999998 -2.08734e-8
    outer loop
      vertex 82.9583 26.8808 199.819
      vertex 15.2537 27 136.102
      vertex 71.573 26.9009 201.905
    endloop
  endfacet
  facet normal 0.00176049 0.999998 2.242e-8
    outer loop
      vertex 162.936 26.74 185.09
      vertex 183.107 26.7045 146.715
      vertex 143.575 26.7741 188.664
    endloop
  endfacet
  facet normal 0.00176041 0.999998 -4.84205e-8
    outer loop
      vertex 183.107 26.7045 146.715
      vertex 182.472 26.7056 143.783
      vertex 143.575 26.7741 188.664
    endloop
  endfacet
  facet normal 0.0017604 0.999998 7.7123e-8
    outer loop
      vertex 236.864 26.6099 171.411
      vertex 254.58 26.5787 168.127
      vertex 219.269 26.6408 138.885
    endloop
  endfacet
  facet normal 0.00176052 0.999998 -6.71681e-8
    outer loop
      vertex 254.58 26.5787 168.127
      vertex 272.037 26.5479 164.89
      vertex 219.269 26.6408 138.885
    endloop
  endfacet
  facet normal 0.00176048 0.999998 3.13092e-8
    outer loop
      vertex 219.269 26.6408 138.885
      vertex 272.037 26.5479 164.89
      vertex 299.269 26.5 139.976
    endloop
  endfacet
  facet normal 0.00176036 0.999998 -9.69154e-8
    outer loop
      vertex 272.037 26.5479 164.89
      vertex 289.255 26.5176 161.695
      vertex 299.269 26.5 139.976
    endloop
  endfacet
  facet normal 0.00176057 0.999998 0
    outer loop
      vertex 299.269 26.5 139.976
      vertex 289.255 26.5176 161.695
      vertex 299.269 26.5 159.836
    endloop
  endfacet
  facet normal 0.00176044 0.999998 3.10944e-8
    outer loop
      vertex 94.0342 26.8613 197.786
      vertex 104.823 26.8423 195.803
      vertex 15.2537 27 136.102
    endloop
  endfacet
  facet normal 0.00176051 0.999998 -7.20761e-8
    outer loop
      vertex 104.823 26.8423 195.803
      vertex 112.66 26.8285 190.6
      vertex 15.2537 27 136.102
    endloop
  endfacet
  facet normal 0.00176047 0.999998 6.37999e-9
    outer loop
      vertex 15.2537 27 136.102
      vertex 112.66 26.8285 190.6
      vertex 182.472 26.7056 143.783
    endloop
  endfacet
  facet normal 0.00176048 0.999998 2.1155e-8
    outer loop
      vertex 112.66 26.8285 190.6
      vertex 133.078 26.7926 190.6
      vertex 182.472 26.7056 143.783
    endloop
  endfacet
  facet normal 0.00176041 0.999998 -5.42143e-8
    outer loop
      vertex 182.472 26.7056 143.783
      vertex 133.078 26.7926 190.6
      vertex 143.575 26.7741 188.664
    endloop
  endfacet
  facet normal 0.0017604 0.999998 2.79816e-8
    outer loop
      vertex 35.9623 26.9635 208.385
      vertex 41.9659 26.953 207.3
      vertex 15.2537 27 136.102
    endloop
  endfacet
  facet normal 0.00176066 0.999998 -7.0042e-8
    outer loop
      vertex 41.9659 26.953 207.3
      vertex 47.7728 26.9428 206.247
      vertex 15.2537 27 136.102
    endloop
  endfacet
  facet normal 0.00176047 0.999998 2.09872e-8
    outer loop
      vertex 47.7728 26.9428 206.247
      vertex 59.8535 26.9215 204.047
      vertex 15.2537 27 136.102
    endloop
  endfacet
  facet normal 0.00176038 0.999998 7.72121e-8
    outer loop
      vertex 15.2537 27 136.102
      vertex 59.8535 26.9215 204.047
      vertex 71.573 26.9009 201.905
    endloop
  endfacet
  facet normal 0.00176042 0.999998 -1.46445e-8
    outer loop
      vertex 162.936 26.74 185.09
      vertex 181.927 26.7066 181.58
      vertex 183.107 26.7045 146.715
    endloop
  endfacet
  facet normal 0.00176055 0.999998 -1.01794e-8
    outer loop
      vertex 181.927 26.7066 181.58
      vertex 200.561 26.6738 178.133
      vertex 183.107 26.7045 146.715
    endloop
  endfacet
  facet normal 0.00176046 0.999998 3.6537e-8
    outer loop
      vertex 183.107 26.7045 146.715
      vertex 200.561 26.6738 178.133
      vertex 219.269 26.6408 138.885
    endloop
  endfacet
  facet normal 0.00176038 0.999998 -4.98782e-9
    outer loop
      vertex 200.561 26.6738 178.133
      vertex 218.865 26.6415 174.745
      vertex 219.269 26.6408 138.885
    endloop
  endfacet
  facet normal 0.00176055 0.999998 -3.0147e-9
    outer loop
      vertex 219.269 26.6408 138.885
      vertex 218.865 26.6415 174.745
      vertex 236.864 26.6099 171.411
    endloop
  endfacet
  facet normal 0.00176068 0.999998 -5.31363e-9
    outer loop
      vertex 20.298 26.9911 211.175
      vertex 23.2962 26.9858 210.65
      vertex 15.2537 27 136.102
    endloop
  endfacet
  facet normal 0.00176034 0.999998 3.15905e-8
    outer loop
      vertex 23.2962 26.9858 210.65
      vertex 29.7454 26.9745 209.503
      vertex 15.2537 27 136.102
    endloop
  endfacet
  facet normal 0.0017605 0.999998 -2.84887e-10
    outer loop
      vertex 15.2537 27 136.102
      vertex 29.7454 26.9745 209.503
      vertex 35.9623 26.9635 208.385
    endloop
  endfacet
  facet normal 0.00175528 0.999998 2.22724e-8
    outer loop
      vertex 15.362 26.9998 211.982
      vertex 15.4713 26.9996 211.97
      vertex 15.2537 27 136.102
    endloop
  endfacet
  facet normal 0.00176708 0.999998 5.42563e-9
    outer loop
      vertex 15.362 26.9998 211.982
      vertex 15.2537 27 136.102
      vertex 15.3072 26.9999 211.987
    endloop
  endfacet
  facet normal 0.00175995 0.999998 8.89752e-9
    outer loop
      vertex 15.4713 26.9996 211.97
      vertex 15.6894 26.9992 211.941
      vertex 15.2537 27 136.102
    endloop
  endfacet
  facet normal 0.00176066 0.999998 4.78713e-9
    outer loop
      vertex 15.6894 26.9992 211.941
      vertex 17.1757 26.9966 211.707
      vertex 15.2537 27 136.102
    endloop
  endfacet
  facet normal 0.00176045 0.999998 1.01433e-8
    outer loop
      vertex 15.2537 27 136.102
      vertex 17.1757 26.9966 211.707
      vertex 20.298 26.9911 211.175
    endloop
  endfacet
  facet normal 0.00182827 0.999998 -0.00095984
    outer loop
      vertex 15.2539 27 211.984
      vertex 15.254 27 211.984
      vertex 15.2935 26.9999 211.988
    endloop
  endfacet
  facet normal 0.000487091 0.999907 0.0136474
    outer loop
      vertex 15.2539 27 211.984
      vertex 15.2935 26.9999 211.988
      vertex 15.2538 27 211.984
    endloop
  endfacet
  facet normal 0.00185134 0.999998 -0.00122137
    outer loop
      vertex 15.254 27 211.984
      vertex 15.2541 27 211.984
      vertex 15.2935 26.9999 211.988
    endloop
  endfacet
  facet normal 0.00187985 0.999997 -0.00155675
    outer loop
      vertex 15.2541 27 211.984
      vertex 15.2542 27 211.984
      vertex 15.2935 26.9999 211.988
    endloop
  endfacet
  facet normal 0.0018886 0.999997 -0.00166326
    outer loop
      vertex 15.2935 26.9999 211.988
      vertex 15.2542 27 211.984
      vertex 15.2543 27 211.984
    endloop
  endfacet
  facet normal 0.00176331 0.999998 8.08836e-9
    outer loop
      vertex 15.3072 26.9999 211.987
      vertex 15.2537 27 136.102
      vertex 15.2935 26.9999 211.988
    endloop
  endfacet
  facet normal 0.00177873 0.999998 0
    outer loop
      vertex 15.2537 27 136.102
      vertex 15.2537 27 211.983
      vertex 15.2935 26.9999 211.988
    endloop
  endfacet
  facet normal 0.00178774 0.999998 -8.12609e-5
    outer loop
      vertex 15.2935 26.9999 211.988
      vertex 15.2537 27 211.983
      vertex 15.2537 27 211.983
    endloop
  endfacet
  facet normal 0.00167063 0.999996 0.00224973
    outer loop
      vertex 15.2575 27 211.986
      vertex 15.2592 27 211.986
      vertex 15.2935 26.9999 211.988
    endloop
  endfacet
  facet normal 0.00175837 0.999998 -0.000676487
    outer loop
      vertex 15.2592 27 211.986
      vertex 15.2626 27 211.987
      vertex 15.2935 26.9999 211.988
    endloop
  endfacet
  facet normal 0.0017738 0.999997 -0.00167687
    outer loop
      vertex 15.2935 26.9999 211.988
      vertex 15.2626 27 211.987
      vertex 15.2694 27 211.988
    endloop
  endfacet
  facet normal 0.00180646 0.999998 -0.000256599
    outer loop
      vertex 15.2537 27 211.983
      vertex 15.2537 27 211.983
      vertex 15.2935 26.9999 211.988
    endloop
  endfacet
  facet normal 0.00182701 0.999998 -0.000456752
    outer loop
      vertex 15.2537 27 211.983
      vertex 15.2538 27 211.984
      vertex 15.2935 26.9999 211.988
    endloop
  endfacet
  facet normal 0.00184188 0.999998 -0.000606985
    outer loop
      vertex 15.2935 26.9999 211.988
      vertex 15.2538 27 211.984
      vertex 15.2538 27 211.984
    endloop
  endfacet
  facet normal 0.00191589 0.999996 -0.00201168
    outer loop
      vertex 15.2543 27 211.984
      vertex 15.2545 27 211.985
      vertex 15.2935 26.9999 211.988
    endloop
  endfacet
  facet normal 0.00193894 0.999995 -0.0023198
    outer loop
      vertex 15.2545 27 211.985
      vertex 15.2547 27 211.985
      vertex 15.2935 26.9999 211.988
    endloop
  endfacet
  facet normal 0.00117029 0.999962 0.00867303
    outer loop
      vertex 15.2935 26.9999 211.988
      vertex 15.2547 27 211.985
      vertex 15.255 27 211.985
    endloop
  endfacet
  facet normal 0.00196 0.999993 -0.00333535
    outer loop
      vertex 15.255 27 211.985
      vertex 15.2555 27 211.985
      vertex 15.2935 26.9999 211.988
    endloop
  endfacet
  facet normal 0.00167229 0.999997 0.00161758
    outer loop
      vertex 15.2555 27 211.985
      vertex 15.2563 27 211.986
      vertex 15.2935 26.9999 211.988
    endloop
  endfacet
  facet normal 0.00179246 0.999998 -0.000781054
    outer loop
      vertex 15.2935 26.9999 211.988
      vertex 15.2563 27 211.986
      vertex 15.2575 27 211.986
    endloop
  endfacet
  facet normal 0 -1 0
    outer loop
      vertex 0.477361 25 140.9
      vertex 0.477361 25 135.9
      vertex 15.2537 25 136.102
    endloop
  endfacet
  facet normal 0 -1 0
    outer loop
      vertex 15.2537 25 211.983
      vertex 5 25 213.897
      vertex 5 25 210.897
    endloop
  endfacet
  facet normal 0 -1 0
    outer loop
      vertex -1.03526 25 140.912
      vertex 0.477361 25 140.9
      vertex -3.0218 25 210.766
    endloop
  endfacet
  facet normal 0 -1 0
    outer loop
      vertex -0.625 25 176.98
      vertex -0.577186 25 177.006
      vertex 15.2537 25 211.983
    endloop
  endfacet
  facet normal 0 -1 0
    outer loop
      vertex 0.844488 25 174.975
      vertex 0.803485 25 174.939
      vertex 15.2537 25 136.102
    endloop
  endfacet
  facet normal 0 -1 0
    outer loop
      vertex 0.803485 25 174.939
      vertex 0.760952 25 174.905
      vertex 15.2537 25 136.102
    endloop
  endfacet
  facet normal 0 -1 0
    outer loop
      vertex 15.2537 25 136.102
      vertex 0.760952 25 174.905
      vertex 0.716971 25 174.873
    endloop
  endfacet
  facet normal 0 -1 0
    outer loop
      vertex 0.716971 25 174.873
      vertex 0.671624 25 174.843
      vertex 15.2537 25 136.102
    endloop
  endfacet
  facet normal 0 -1 0
    outer loop
      vertex 0.671624 25 174.843
      vertex 0.625 25 174.814
      vertex 15.2537 25 136.102
    endloop
  endfacet
  facet normal 0 -1 0
    outer loop
      vertex 15.2537 25 136.102
      vertex 0.625 25 174.814
      vertex 0.577186 25 174.788
    endloop
  endfacet
  facet normal 0 -1 0
    outer loop
      vertex 0.27055 25 174.677
      vertex 0.21706 25 174.666
      vertex 15.2537 25 136.102
    endloop
  endfacet
  facet normal 0 -1 0
    outer loop
      vertex 0.21706 25 174.666
      vertex 0.163158 25 174.658
      vertex 15.2537 25 136.102
    endloop
  endfacet
  facet normal 0 -1 0
    outer loop
      vertex 15.2537 25 136.102
      vertex 0.163158 25 174.658
      vertex 0.108945 25 174.652
    endloop
  endfacet
  facet normal 0 -1 0
    outer loop
      vertex -29.8913 25 157.69
      vertex -29.0767 25 156.415
      vertex -3.0218 25 210.766
    endloop
  endfacet
  facet normal 0 -1 0
    outer loop
      vertex -29.0767 25 156.415
      vertex -28.2077 25 155.177
      vertex -3.0218 25 210.766
    endloop
  endfacet
  facet normal 0 -1 0
    outer loop
      vertex -28.2077 25 155.177
      vertex -27.2861 25 153.977
      vertex -3.0218 25 210.766
    endloop
  endfacet
  facet normal 0 -1 0
    outer loop
      vertex -3.0218 25 210.766
      vertex -27.2861 25 153.977
      vertex -26.3135 25 152.819
    endloop
  endfacet
  facet normal 0 -1 0
    outer loop
      vertex -3.0218 25 210.766
      vertex -23.1085 25 149.61
      vertex -21.9511 25 148.636
    endloop
  endfacet
  facet normal 0 -1 0
    outer loop
      vertex -0.27055 25 174.677
      vertex -0.323524 25 174.69
      vertex 0.477361 25 140.9
    endloop
  endfacet
  facet normal 0 -1 0
    outer loop
      vertex -0.323524 25 174.69
      vertex -0.375882 25 174.705
      vertex 0.477361 25 140.9
    endloop
  endfacet
  facet normal 0 -1 0
    outer loop
      vertex -1.22037 25 176.168
      vertex -1.20741 25 176.221
      vertex 5 25 210.897
    endloop
  endfacet
  facet normal 0 -1 0
    outer loop
      vertex -1.20741 25 176.221
      vertex -1.19215 25 176.273
      vertex 5 25 210.897
    endloop
  endfacet
  facet normal 0 -1 0
    outer loop
      vertex 5 25 210.897
      vertex -1.19215 25 176.273
      vertex -1.17462 25 176.325
    endloop
  endfacet
  facet normal 0 -1 0
    outer loop
      vertex 0.577186 25 174.788
      vertex 0.528273 25 174.764
      vertex 15.2537 25 136.102
    endloop
  endfacet
  facet normal 0 -1 0
    outer loop
      vertex 0.528273 25 174.764
      vertex 0.478354 25 174.742
      vertex 15.2537 25 136.102
    endloop
  endfacet
  facet normal 0 -1 0
    outer loop
      vertex 15.2537 25 136.102
      vertex 0.478354 25 174.742
      vertex 0.427525 25 174.722
    endloop
  endfacet
  facet normal 0 -1 0
    outer loop
      vertex -22.3208 25 202.856
      vertex -23.4648 25 201.866
      vertex -30.6501 25 158.998
    endloop
  endfacet
  facet normal 0 -1 0
    outer loop
      vertex -26.3135 25 152.819
      vertex -25.2917 25 151.703
      vertex -3.0218 25 210.766
    endloop
  endfacet
  facet normal 0 -1 0
    outer loop
      vertex -25.2917 25 151.703
      vertex -24.2227 25 150.633
      vertex -3.0218 25 210.766
    endloop
  endfacet
  facet normal 0 -1 0
    outer loop
      vertex -3.0218 25 210.766
      vertex -24.2227 25 150.633
      vertex -23.1085 25 149.61
    endloop
  endfacet
  facet normal 0 -1 0
    outer loop
      vertex -21.9511 25 148.636
      vertex -20.7526 25 147.713
      vertex -3.0218 25 210.766
    endloop
  endfacet
  facet normal 0 -1 0
    outer loop
      vertex -20.7526 25 147.713
      vertex -19.5155 25 146.843
      vertex -3.0218 25 210.766
    endloop
  endfacet
  facet normal 0 -1 0
    outer loop
      vertex -3.0218 25 210.766
      vertex -19.5155 25 146.843
      vertex -18.2418 25 146.027
    endloop
  endfacet
  facet normal 0 -1 0
    outer loop
      vertex -18.2418 25 146.027
      vertex -16.9341 25 145.266
      vertex -3.0218 25 210.766
    endloop
  endfacet
  facet normal 0 -1 0
    outer loop
      vertex -16.9341 25 145.266
      vertex -15.5948 25 144.563
      vertex -3.0218 25 210.766
    endloop
  endfacet
  facet normal 0 -1 0
    outer loop
      vertex -3.0218 25 210.766
      vertex -15.5948 25 144.563
      vertex -14.2264 25 143.919
    endloop
  endfacet
  facet normal 0 -1 0
    outer loop
      vertex -0.108945 25 174.652
      vertex -0.163158 25 174.658
      vertex 0.477361 25 140.9
    endloop
  endfacet
  facet normal 0 -1 0
    outer loop
      vertex -0.163158 25 174.658
      vertex -0.21706 25 174.666
      vertex 0.477361 25 140.9
    endloop
  endfacet
  facet normal 0 -1 0
    outer loop
      vertex 0.477361 25 140.9
      vertex -0.21706 25 174.666
      vertex -0.27055 25 174.677
    endloop
  endfacet
  facet normal 0 -1 0
    outer loop
      vertex -1.22037 25 176.168
      vertex 5 25 210.897
      vertex -1.23101 25 176.114
    endloop
  endfacet
  facet normal 0 -1 0
    outer loop
      vertex 5 25 210.897
      vertex -2.03436e-14 25 210.897
      vertex -1.23101 25 176.114
    endloop
  endfacet
  facet normal 0 -1 0
    outer loop
      vertex -1.23101 25 176.114
      vertex -2.03436e-14 25 210.897
      vertex -1.23931 25 176.06
    endloop
  endfacet
  facet normal 0 -1 0
    outer loop
      vertex 0.427525 25 174.722
      vertex 0.375882 25 174.705
      vertex 15.2537 25 136.102
    endloop
  endfacet
  facet normal 0 -1 0
    outer loop
      vertex 0.375882 25 174.705
      vertex 0.323524 25 174.69
      vertex 15.2537 25 136.102
    endloop
  endfacet
  facet normal 0 -1 0
    outer loop
      vertex 15.2537 25 136.102
      vertex 0.323524 25 174.69
      vertex 0.27055 25 174.677
    endloop
  endfacet
  facet normal 0 -1 0
    outer loop
      vertex -10.4287 25 209.307
      vertex -11.8625 25 208.825
      vertex -30.6501 25 158.998
    endloop
  endfacet
  facet normal 0 -1 0
    outer loop
      vertex -11.8625 25 208.825
      vertex -13.2743 25 208.282
      vertex -30.6501 25 158.998
    endloop
  endfacet
  facet normal 0 -1 0
    outer loop
      vertex -30.6501 25 158.998
      vertex -13.2743 25 208.282
      vertex -14.6612 25 207.678
    endloop
  endfacet
  facet normal 0 -1 0
    outer loop
      vertex -23.4648 25 201.866
      vertex -24.565 25 200.828
      vertex -30.6501 25 158.998
    endloop
  endfacet
  facet normal 0 -1 0
    outer loop
      vertex -24.565 25 200.828
      vertex -25.6193 25 199.743
      vertex -30.6501 25 158.998
    endloop
  endfacet
  facet normal 0 -1 0
    outer loop
      vertex -30.6501 25 158.998
      vertex -25.6193 25 199.743
      vertex -26.6258 25 198.614
    endloop
  endfacet
  facet normal 0 -1 0
    outer loop
      vertex -26.6258 25 198.614
      vertex -27.5825 25 197.442
      vertex -30.6501 25 158.998
    endloop
  endfacet
  facet normal 0 -1 0
    outer loop
      vertex -27.5825 25 197.442
      vertex -28.4877 25 196.231
      vertex -30.6501 25 158.998
    endloop
  endfacet
  facet normal 0 -1 0
    outer loop
      vertex -30.6501 25 158.998
      vertex -28.4877 25 196.231
      vertex -29.3397 25 194.981
    endloop
  endfacet
  facet normal 0 -1 0
    outer loop
      vertex -29.3397 25 194.981
      vertex -30.1368 25 193.695
      vertex -30.6501 25 158.998
    endloop
  endfacet
  facet normal 0 -1 0
    outer loop
      vertex -30.1368 25 193.695
      vertex -30.8777 25 192.376
      vertex -30.6501 25 158.998
    endloop
  endfacet
  facet normal 0 -1 0
    outer loop
      vertex -30.6501 25 158.998
      vertex -30.8777 25 192.376
      vertex -31.5609 25 191.027
    endloop
  endfacet
  facet normal 0 -1 0
    outer loop
      vertex -30.6501 25 158.998
      vertex -34.3854 25 182.427
      vertex -34.6354 25 180.936
    endloop
  endfacet
  facet normal 0 -1 0
    outer loop
      vertex -14.2264 25 143.919
      vertex -12.8313 25 143.334
      vertex -3.0218 25 210.766
    endloop
  endfacet
  facet normal 0 -1 0
    outer loop
      vertex -12.8313 25 143.334
      vertex -11.4123 25 142.81
      vertex -3.0218 25 210.766
    endloop
  endfacet
  facet normal 0 -1 0
    outer loop
      vertex -3.0218 25 210.766
      vertex -11.4123 25 142.81
      vertex -9.97201 25 142.348
    endloop
  endfacet
  facet normal 0 -1 0
    outer loop
      vertex -9.97201 25 142.348
      vertex -8.51306 25 141.948
      vertex -3.0218 25 210.766
    endloop
  endfacet
  facet normal 0 -1 0
    outer loop
      vertex -8.51306 25 141.948
      vertex -7.03822 25 141.612
      vertex -3.0218 25 210.766
    endloop
  endfacet
  facet normal 0 -1 0
    outer loop
      vertex -3.0218 25 210.766
      vertex -7.03822 25 141.612
      vertex -5.55022 25 141.34
    endloop
  endfacet
  facet normal 0 -1 0
    outer loop
      vertex -5.55022 25 141.34
      vertex -4.05187 25 141.132
      vertex -3.0218 25 210.766
    endloop
  endfacet
  facet normal 0 -1 0
    outer loop
      vertex -4.05187 25 141.132
      vertex -2.54594 25 140.99
      vertex -3.0218 25 210.766
    endloop
  endfacet
  facet normal 0 -1 0
    outer loop
      vertex -3.0218 25 210.766
      vertex -2.54594 25 140.99
      vertex -1.03526 25 140.912
    endloop
  endfacet
  facet normal 0 -1 0
    outer loop
      vertex 0.108945 25 174.652
      vertex 0.0545242 25 174.648
      vertex 15.2537 25 136.102
    endloop
  endfacet
  facet normal 0 -1 0
    outer loop
      vertex 0.0545242 25 174.648
      vertex 9.94881e-16 25 174.647
      vertex 15.2537 25 136.102
    endloop
  endfacet
  facet normal 0 -1 0
    outer loop
      vertex 15.2537 25 136.102
      vertex 9.94881e-16 25 174.647
      vertex 0.477361 25 140.9
    endloop
  endfacet
  facet normal 0 -1 0
    outer loop
      vertex 9.94881e-16 25 174.647
      vertex -0.0545242 25 174.648
      vertex 0.477361 25 140.9
    endloop
  endfacet
  facet normal 0 -1 0
    outer loop
      vertex 0.477361 25 140.9
      vertex -0.0545242 25 174.648
      vertex -0.108945 25 174.652
    endloop
  endfacet
  facet normal 0 -1 0
    outer loop
      vertex -0.375882 25 174.705
      vertex -0.427525 25 174.722
      vertex 0.477361 25 140.9
    endloop
  endfacet
  facet normal 0 -1 0
    outer loop
      vertex -0.427525 25 174.722
      vertex -0.478354 25 174.742
      vertex 0.477361 25 140.9
    endloop
  endfacet
  facet normal 0 -1 0
    outer loop
      vertex 0.477361 25 140.9
      vertex -0.478354 25 174.742
      vertex -0.528273 25 174.764
    endloop
  endfacet
  facet normal 0 -1 0
    outer loop
      vertex -0.671624 25 174.843
      vertex -0.716971 25 174.873
      vertex 0.477361 25 140.9
    endloop
  endfacet
  facet normal 0 -1 0
    outer loop
      vertex -0.716971 25 174.873
      vertex -0.760952 25 174.905
      vertex 0.477361 25 140.9
    endloop
  endfacet
  facet normal 0 -1 0
    outer loop
      vertex 0.477361 25 140.9
      vertex -0.760952 25 174.905
      vertex -0.803485 25 174.939
    endloop
  endfacet
  facet normal 0 -1 0
    outer loop
      vertex -1.08253 25 175.272
      vertex -1.10876 25 175.32
      vertex 0.477361 25 140.9
    endloop
  endfacet
  facet normal 0 -1 0
    outer loop
      vertex -1.10876 25 175.32
      vertex -1.13288 25 175.369
      vertex 0.477361 25 140.9
    endloop
  endfacet
  facet normal 0 -1 0
    outer loop
      vertex 0.477361 25 140.9
      vertex -1.13288 25 175.369
      vertex -1.15485 25 175.419
    endloop
  endfacet
  facet normal 0 -1 0
    outer loop
      vertex -1.17462 25 176.325
      vertex -1.15485 25 176.375
      vertex 5 25 210.897
    endloop
  endfacet
  facet normal 0 -1 0
    outer loop
      vertex -1.15485 25 176.375
      vertex -1.13288 25 176.425
      vertex 5 25 210.897
    endloop
  endfacet
  facet normal 0 -1 0
    outer loop
      vertex 5 25 210.897
      vertex -1.13288 25 176.425
      vertex 15.2537 25 211.983
    endloop
  endfacet
  facet normal 0 -1 0
    outer loop
      vertex -1.13288 25 176.425
      vertex -1.10876 25 176.474
      vertex 15.2537 25 211.983
    endloop
  endfacet
  facet normal 0 -1 0
    outer loop
      vertex 15.2537 25 211.983
      vertex -1.10876 25 176.474
      vertex -1.08253 25 176.522
    endloop
  endfacet
  facet normal 0 -1 0
    outer loop
      vertex -1.08253 25 176.522
      vertex -1.05424 25 176.569
      vertex 15.2537 25 211.983
    endloop
  endfacet
  facet normal 0 -1 0
    outer loop
      vertex -1.05424 25 176.569
      vertex -1.02394 25 176.614
      vertex 15.2537 25 211.983
    endloop
  endfacet
  facet normal 0 -1 0
    outer loop
      vertex 15.2537 25 211.983
      vertex -1.02394 25 176.614
      vertex -0.991692 25 176.658
    endloop
  endfacet
  facet normal 0 -1 0
    outer loop
      vertex -0.991692 25 176.658
      vertex -0.957556 25 176.701
      vertex 15.2537 25 211.983
    endloop
  endfacet
  facet normal 0 -1 0
    outer loop
      vertex -0.957556 25 176.701
      vertex -0.921597 25 176.742
      vertex 15.2537 25 211.983
    endloop
  endfacet
  facet normal 0 -1 0
    outer loop
      vertex 15.2537 25 211.983
      vertex -0.921597 25 176.742
      vertex -0.883883 25 176.781
    endloop
  endfacet
  facet normal 0 -1 0
    outer loop
      vertex -0.760952 25 176.889
      vertex -0.716971 25 176.921
      vertex 15.2537 25 211.983
    endloop
  endfacet
  facet normal 0 -1 0
    outer loop
      vertex -0.716971 25 176.921
      vertex -0.671624 25 176.951
      vertex 15.2537 25 211.983
    endloop
  endfacet
  facet normal 0 -1 0
    outer loop
      vertex 15.2537 25 211.983
      vertex -0.671624 25 176.951
      vertex -0.625 25 176.98
    endloop
  endfacet
  facet normal 0 -1 0
    outer loop
      vertex -0.577186 25 177.006
      vertex -0.528273 25 177.03
      vertex 15.2537 25 211.983
    endloop
  endfacet
  facet normal 0 -1 0
    outer loop
      vertex -0.528273 25 177.03
      vertex -0.478354 25 177.052
      vertex 15.2537 25 211.983
    endloop
  endfacet
  facet normal 0 -1 0
    outer loop
      vertex 15.2537 25 211.983
      vertex -0.478354 25 177.052
      vertex -0.427525 25 177.072
    endloop
  endfacet
  facet normal 0 -1 0
    outer loop
      vertex 0.0545242 25 177.146
      vertex 0.108945 25 177.142
      vertex 15.2537 25 211.983
    endloop
  endfacet
  facet normal 0 -1 0
    outer loop
      vertex 0.108945 25 177.142
      vertex 0.163158 25 177.136
      vertex 15.2537 25 211.983
    endloop
  endfacet
  facet normal 0 -1 0
    outer loop
      vertex 15.2537 25 211.983
      vertex 0.163158 25 177.136
      vertex 0.21706 25 177.128
    endloop
  endfacet
  facet normal 0 -1 0
    outer loop
      vertex 0.21706 25 177.128
      vertex 0.27055 25 177.117
      vertex 15.2537 25 211.983
    endloop
  endfacet
  facet normal 0 -1 0
    outer loop
      vertex 0.27055 25 177.117
      vertex 0.323524 25 177.104
      vertex 15.2537 25 211.983
    endloop
  endfacet
  facet normal 0 -1 0
    outer loop
      vertex 15.2537 25 211.983
      vertex 0.323524 25 177.104
      vertex 0.375882 25 177.089
    endloop
  endfacet
  facet normal 0 -1 0
    outer loop
      vertex 1.08253 25 176.522
      vertex 1.10876 25 176.474
      vertex 15.2537 25 211.983
    endloop
  endfacet
  facet normal 0 -1 0
    outer loop
      vertex 1.10876 25 176.474
      vertex 1.13288 25 176.425
      vertex 15.2537 25 211.983
    endloop
  endfacet
  facet normal 0 -1 0
    outer loop
      vertex -29.8913 25 157.69
      vertex -3.0218 25 210.766
      vertex -30.6501 25 158.998
    endloop
  endfacet
  facet normal 0 -1 0
    outer loop
      vertex -3.0218 25 210.766
      vertex -4.52564 25 210.603
      vertex -30.6501 25 158.998
    endloop
  endfacet
  facet normal 0 -1 0
    outer loop
      vertex -30.6501 25 158.998
      vertex -4.52564 25 210.603
      vertex -6.02103 25 210.375
    endloop
  endfacet
  facet normal 0 -1 0
    outer loop
      vertex -31.5609 25 191.027
      vertex -32.1852 25 189.649
      vertex -30.6501 25 158.998
    endloop
  endfacet
  facet normal 0 -1 0
    outer loop
      vertex -32.1852 25 189.649
      vertex -32.7494 25 188.245
      vertex -30.6501 25 158.998
    endloop
  endfacet
  facet normal 0 -1 0
    outer loop
      vertex -30.6501 25 158.998
      vertex -32.7494 25 188.245
      vertex -33.2523 25 186.819
    endloop
  endfacet
  facet normal 0 -1 0
    outer loop
      vertex -31.9947 25 161.708
      vertex -31.3517 25 160.338
      vertex -34.9411 25 177.926
    endloop
  endfacet
  facet normal 0 -1 0
    outer loop
      vertex -31.3517 25 160.338
      vertex -30.6501 25 158.998
      vertex -34.9411 25 177.926
    endloop
  endfacet
  facet normal 0 -1 0
    outer loop
      vertex -34.9411 25 177.926
      vertex -30.6501 25 158.998
      vertex -34.8208 25 179.434
    endloop
  endfacet
  facet normal 0 -1 0
    outer loop
      vertex -30.6501 25 158.998
      vertex -34.6354 25 180.936
      vertex -34.8208 25 179.434
    endloop
  endfacet
  facet normal 0 -1 0
    outer loop
      vertex -34.9411 25 177.926
      vertex -34.7693 25 171.885
      vertex -34.5635 25 170.387
    endloop
  endfacet
  facet normal 0 -1 0
    outer loop
      vertex -33.5608 25 165.964
      vertex -33.1003 25 164.523
      vertex -34.9411 25 177.926
    endloop
  endfacet
  facet normal 0 -1 0
    outer loop
      vertex -33.1003 25 164.523
      vertex -32.5779 25 163.103
      vertex -34.9411 25 177.926
    endloop
  endfacet
  facet normal 0 -1 0
    outer loop
      vertex -34.9411 25 177.926
      vertex -32.5779 25 163.103
      vertex -31.9947 25 161.708
    endloop
  endfacet
  facet normal 0 -1 0
    outer loop
      vertex -0.528273 25 174.764
      vertex -0.577186 25 174.788
      vertex 0.477361 25 140.9
    endloop
  endfacet
  facet normal 0 -1 0
    outer loop
      vertex -0.577186 25 174.788
      vertex -0.625 25 174.814
      vertex 0.477361 25 140.9
    endloop
  endfacet
  facet normal 0 -1 0
    outer loop
      vertex 0.477361 25 140.9
      vertex -0.625 25 174.814
      vertex -0.671624 25 174.843
    endloop
  endfacet
  facet normal 0 -1 0
    outer loop
      vertex -0.991692 25 175.136
      vertex 0.477361 25 140.9
      vertex -0.957556 25 175.094
    endloop
  endfacet
  facet normal 0 -1 0
    outer loop
      vertex 0.477361 25 140.9
      vertex -0.921597 25 175.053
      vertex -0.957556 25 175.094
    endloop
  endfacet
  facet normal 0 -1 0
    outer loop
      vertex -0.991692 25 175.136
      vertex -1.02394 25 175.18
      vertex 0.477361 25 140.9
    endloop
  endfacet
  facet normal 0 -1 0
    outer loop
      vertex -1.02394 25 175.18
      vertex -1.05424 25 175.225
      vertex 0.477361 25 140.9
    endloop
  endfacet
  facet normal 0 -1 0
    outer loop
      vertex 0.477361 25 140.9
      vertex -1.05424 25 175.225
      vertex -1.08253 25 175.272
    endloop
  endfacet
  facet normal 0 -1 0
    outer loop
      vertex -1.15485 25 175.419
      vertex -1.17462 25 175.47
      vertex 0.477361 25 140.9
    endloop
  endfacet
  facet normal 0 -1 0
    outer loop
      vertex -1.17462 25 175.47
      vertex -1.19215 25 175.521
      vertex 0.477361 25 140.9
    endloop
  endfacet
  facet normal 0 -1 0
    outer loop
      vertex 0.477361 25 140.9
      vertex -1.19215 25 175.521
      vertex -1.20741 25 175.573
    endloop
  endfacet
  facet normal 0 -1 0
    outer loop
      vertex -1.20741 25 175.573
      vertex -1.22037 25 175.626
      vertex 0.477361 25 140.9
    endloop
  endfacet
  facet normal 0 -1 0
    outer loop
      vertex -1.22037 25 175.626
      vertex -1.23101 25 175.68
      vertex 0.477361 25 140.9
    endloop
  endfacet
  facet normal 0 -1 0
    outer loop
      vertex 0.477361 25 140.9
      vertex -1.23101 25 175.68
      vertex -1.23931 25 175.734
    endloop
  endfacet
  facet normal 0 -1 0
    outer loop
      vertex -1.23931 25 175.734
      vertex -1.24524 25 175.788
      vertex 0.477361 25 140.9
    endloop
  endfacet
  facet normal 0 -1 0
    outer loop
      vertex -1.24524 25 175.788
      vertex -1.24881 25 175.842
      vertex 0.477361 25 140.9
    endloop
  endfacet
  facet normal 0 -1 0
    outer loop
      vertex 0.477361 25 140.9
      vertex -1.24881 25 175.842
      vertex -3.0218 25 210.766
    endloop
  endfacet
  facet normal 0 -1 0
    outer loop
      vertex -1.24881 25 175.842
      vertex -1.25 25 175.897
      vertex -3.0218 25 210.766
    endloop
  endfacet
  facet normal 0 -1 0
    outer loop
      vertex -3.0218 25 210.766
      vertex -1.25 25 175.897
      vertex -1.51231 25 210.864
    endloop
  endfacet
  facet normal 0 -1 0
    outer loop
      vertex -1.25 25 175.897
      vertex -1.24881 25 175.952
      vertex -1.51231 25 210.864
    endloop
  endfacet
  facet normal 0 -1 0
    outer loop
      vertex -1.51231 25 210.864
      vertex -1.24881 25 175.952
      vertex -2.03436e-14 25 210.897
    endloop
  endfacet
  facet normal 0 -1 0
    outer loop
      vertex -1.24881 25 175.952
      vertex -1.24524 25 176.006
      vertex -2.03436e-14 25 210.897
    endloop
  endfacet
  facet normal 0 -1 0
    outer loop
      vertex -2.03436e-14 25 210.897
      vertex -1.24524 25 176.006
      vertex -1.23931 25 176.06
    endloop
  endfacet
  facet normal 0 -1 0
    outer loop
      vertex -0.883883 25 176.781
      vertex -0.844488 25 176.819
      vertex 15.2537 25 211.983
    endloop
  endfacet
  facet normal 0 -1 0
    outer loop
      vertex -0.844488 25 176.819
      vertex -0.803485 25 176.855
      vertex 15.2537 25 211.983
    endloop
  endfacet
  facet normal 0 -1 0
    outer loop
      vertex 15.2537 25 211.983
      vertex -0.803485 25 176.855
      vertex -0.760952 25 176.889
    endloop
  endfacet
  facet normal 0 -1 0
    outer loop
      vertex -0.427525 25 177.072
      vertex -0.375882 25 177.089
      vertex 15.2537 25 211.983
    endloop
  endfacet
  facet normal 0 -1 0
    outer loop
      vertex -0.375882 25 177.089
      vertex -0.323524 25 177.104
      vertex 15.2537 25 211.983
    endloop
  endfacet
  facet normal 0 -1 0
    outer loop
      vertex 15.2537 25 211.983
      vertex -0.323524 25 177.104
      vertex -0.27055 25 177.117
    endloop
  endfacet
  facet normal 0 -1 0
    outer loop
      vertex 0.375882 25 177.089
      vertex 0.427525 25 177.072
      vertex 15.2537 25 211.983
    endloop
  endfacet
  facet normal 0 -1 0
    outer loop
      vertex 0.427525 25 177.072
      vertex 0.478354 25 177.052
      vertex 15.2537 25 211.983
    endloop
  endfacet
  facet normal 0 -1 0
    outer loop
      vertex 15.2537 25 211.983
      vertex 0.478354 25 177.052
      vertex 0.528273 25 177.03
    endloop
  endfacet
  facet normal 0 -1 0
    outer loop
      vertex 0.528273 25 177.03
      vertex 0.577186 25 177.006
      vertex 15.2537 25 211.983
    endloop
  endfacet
  facet normal 0 -1 0
    outer loop
      vertex 0.577186 25 177.006
      vertex 0.625 25 176.98
      vertex 15.2537 25 211.983
    endloop
  endfacet
  facet normal 0 -1 0
    outer loop
      vertex 15.2537 25 211.983
      vertex 0.625 25 176.98
      vertex 0.671624 25 176.951
    endloop
  endfacet
  facet normal 0 -1 0
    outer loop
      vertex 0.671624 25 176.951
      vertex 0.716971 25 176.921
      vertex 15.2537 25 211.983
    endloop
  endfacet
  facet normal 0 -1 0
    outer loop
      vertex 0.716971 25 176.921
      vertex 0.760952 25 176.889
      vertex 15.2537 25 211.983
    endloop
  endfacet
  facet normal 0 -1 0
    outer loop
      vertex 15.2537 25 211.983
      vertex 0.760952 25 176.889
      vertex 0.803485 25 176.855
    endloop
  endfacet
  facet normal 0 -1 0
    outer loop
      vertex 1.23931 25 175.734
      vertex 1.23101 25 175.68
      vertex 15.2537 25 136.102
    endloop
  endfacet
  facet normal 0 -1 0
    outer loop
      vertex 0.957556 25 175.094
      vertex 0.921597 25 175.053
      vertex 15.2537 25 136.102
    endloop
  endfacet
  facet normal 0 -1 0
    outer loop
      vertex 0.921597 25 175.053
      vertex 0.883883 25 175.013
      vertex 15.2537 25 136.102
    endloop
  endfacet
  facet normal 0 -1 0
    outer loop
      vertex 15.2537 25 136.102
      vertex 0.883883 25 175.013
      vertex 0.844488 25 174.975
    endloop
  endfacet
  facet normal 0 -1 0
    outer loop
      vertex -6.02103 25 210.375
      vertex -7.50517 25 210.083
      vertex -30.6501 25 158.998
    endloop
  endfacet
  facet normal 0 -1 0
    outer loop
      vertex -7.50517 25 210.083
      vertex -8.9753 25 209.727
      vertex -30.6501 25 158.998
    endloop
  endfacet
  facet normal 0 -1 0
    outer loop
      vertex -30.6501 25 158.998
      vertex -8.9753 25 209.727
      vertex -10.4287 25 209.307
    endloop
  endfacet
  facet normal 0 -1 0
    outer loop
      vertex -14.6612 25 207.678
      vertex -16.0207 25 207.015
      vertex -30.6501 25 158.998
    endloop
  endfacet
  facet normal 0 -1 0
    outer loop
      vertex -16.0207 25 207.015
      vertex -17.3503 25 206.294
      vertex -30.6501 25 158.998
    endloop
  endfacet
  facet normal 0 -1 0
    outer loop
      vertex -30.6501 25 158.998
      vertex -17.3503 25 206.294
      vertex -18.6475 25 205.516
    endloop
  endfacet
  facet normal 0 -1 0
    outer loop
      vertex -34.7693 25 171.885
      vertex -34.9411 25 177.926
      vertex -34.9102 25 173.391
    endloop
  endfacet
  facet normal 0 -1 0
    outer loop
      vertex -34.9411 25 177.926
      vertex -34.9962 25 176.415
      vertex -34.9102 25 173.391
    endloop
  endfacet
  facet normal 0 -1 0
    outer loop
      vertex -34.9102 25 173.391
      vertex -34.9962 25 176.415
      vertex -34.9859 25 174.902
    endloop
  endfacet
  facet normal 0 -1 0
    outer loop
      vertex -34.5635 25 170.387
      vertex -34.2931 25 168.898
      vertex -34.9411 25 177.926
    endloop
  endfacet
  facet normal 0 -1 0
    outer loop
      vertex -34.2931 25 168.898
      vertex -33.9587 25 167.423
      vertex -34.9411 25 177.926
    endloop
  endfacet
  facet normal 0 -1 0
    outer loop
      vertex -34.9411 25 177.926
      vertex -33.9587 25 167.423
      vertex -33.5608 25 165.964
    endloop
  endfacet
  facet normal 0 -1 0
    outer loop
      vertex -0.803485 25 174.939
      vertex -0.844488 25 174.975
      vertex 0.477361 25 140.9
    endloop
  endfacet
  facet normal 0 -1 0
    outer loop
      vertex -0.844488 25 174.975
      vertex -0.883883 25 175.013
      vertex 0.477361 25 140.9
    endloop
  endfacet
  facet normal 0 -1 0
    outer loop
      vertex 0.477361 25 140.9
      vertex -0.883883 25 175.013
      vertex -0.921597 25 175.053
    endloop
  endfacet
  facet normal 0 -1 0
    outer loop
      vertex -0.27055 25 177.117
      vertex -0.21706 25 177.128
      vertex 15.2537 25 211.983
    endloop
  endfacet
  facet normal 0 -1 0
    outer loop
      vertex -0.21706 25 177.128
      vertex -0.163158 25 177.136
      vertex 15.2537 25 211.983
    endloop
  endfacet
  facet normal 0 -1 0
    outer loop
      vertex 15.2537 25 211.983
      vertex -0.163158 25 177.136
      vertex -0.108945 25 177.142
    endloop
  endfacet
  facet normal 0 -1 0
    outer loop
      vertex -0.108945 25 177.142
      vertex -0.0545242 25 177.146
      vertex 15.2537 25 211.983
    endloop
  endfacet
  facet normal 0 -1 0
    outer loop
      vertex -0.0545242 25 177.146
      vertex 1.76029e-15 25 177.147
      vertex 15.2537 25 211.983
    endloop
  endfacet
  facet normal 0 -1 0
    outer loop
      vertex 15.2537 25 211.983
      vertex 1.76029e-15 25 177.147
      vertex 0.0545242 25 177.146
    endloop
  endfacet
  facet normal 0 -1 0
    outer loop
      vertex 0.921597 25 176.742
      vertex 0.957556 25 176.701
      vertex 15.2537 25 211.983
    endloop
  endfacet
  facet normal 0 -1 0
    outer loop
      vertex 0.957556 25 176.701
      vertex 0.991692 25 176.658
      vertex 15.2537 25 211.983
    endloop
  endfacet
  facet normal 0 -1 0
    outer loop
      vertex 1.13288 25 176.425
      vertex 1.15485 25 176.375
      vertex 15.2537 25 211.983
    endloop
  endfacet
  facet normal 0 -1 0
    outer loop
      vertex 1.15485 25 176.375
      vertex 1.17462 25 176.325
      vertex 15.2537 25 211.983
    endloop
  endfacet
  facet normal 0 -1 0
    outer loop
      vertex 15.2537 25 211.983
      vertex 1.17462 25 176.325
      vertex 15.2537 25 136.102
    endloop
  endfacet
  facet normal 0 -1 0
    outer loop
      vertex 1.17462 25 176.325
      vertex 1.19215 25 176.273
      vertex 15.2537 25 136.102
    endloop
  endfacet
  facet normal 0 -1 0
    outer loop
      vertex 15.2537 25 136.102
      vertex 1.19215 25 176.273
      vertex 1.20741 25 176.221
    endloop
  endfacet
  facet normal 0 -1 0
    outer loop
      vertex -18.6475 25 205.516
      vertex -19.9099 25 204.682
      vertex -30.6501 25 158.998
    endloop
  endfacet
  facet normal 0 -1 0
    outer loop
      vertex -19.9099 25 204.682
      vertex -21.1351 25 203.795
      vertex -30.6501 25 158.998
    endloop
  endfacet
  facet normal 0 -1 0
    outer loop
      vertex -30.6501 25 158.998
      vertex -21.1351 25 203.795
      vertex -22.3208 25 202.856
    endloop
  endfacet
  facet normal 0 -1 0
    outer loop
      vertex -33.2523 25 186.819
      vertex -33.6932 25 185.372
      vertex -30.6501 25 158.998
    endloop
  endfacet
  facet normal 0 -1 0
    outer loop
      vertex -33.6932 25 185.372
      vertex -34.0711 25 183.907
      vertex -30.6501 25 158.998
    endloop
  endfacet
  facet normal 0 -1 0
    outer loop
      vertex -30.6501 25 158.998
      vertex -34.0711 25 183.907
      vertex -34.3854 25 182.427
    endloop
  endfacet
  facet normal 0 -1 0
    outer loop
      vertex 0.803485 25 176.855
      vertex 0.844488 25 176.819
      vertex 15.2537 25 211.983
    endloop
  endfacet
  facet normal 0 -1 0
    outer loop
      vertex 0.844488 25 176.819
      vertex 0.883883 25 176.781
      vertex 15.2537 25 211.983
    endloop
  endfacet
  facet normal 0 -1 0
    outer loop
      vertex 15.2537 25 211.983
      vertex 0.883883 25 176.781
      vertex 0.921597 25 176.742
    endloop
  endfacet
  facet normal 0 -1 0
    outer loop
      vertex 1.20741 25 176.221
      vertex 1.22037 25 176.168
      vertex 15.2537 25 136.102
    endloop
  endfacet
  facet normal 0 -1 0
    outer loop
      vertex 1.22037 25 176.168
      vertex 1.23101 25 176.114
      vertex 15.2537 25 136.102
    endloop
  endfacet
  facet normal 0 -1 0
    outer loop
      vertex 15.2537 25 136.102
      vertex 1.23101 25 176.114
      vertex 1.23931 25 176.06
    endloop
  endfacet
  facet normal 0 -1 0
    outer loop
      vertex 1.23101 25 175.68
      vertex 1.22037 25 175.626
      vertex 15.2537 25 136.102
    endloop
  endfacet
  facet normal 0 -1 0
    outer loop
      vertex 1.22037 25 175.626
      vertex 1.20741 25 175.573
      vertex 15.2537 25 136.102
    endloop
  endfacet
  facet normal 0 -1 0
    outer loop
      vertex 15.2537 25 136.102
      vertex 1.20741 25 175.573
      vertex 1.19215 25 175.521
    endloop
  endfacet
  facet normal 0 -1 0
    outer loop
      vertex 1.19215 25 175.521
      vertex 1.17462 25 175.47
      vertex 15.2537 25 136.102
    endloop
  endfacet
  facet normal 0 -1 0
    outer loop
      vertex 1.17462 25 175.47
      vertex 1.15485 25 175.419
      vertex 15.2537 25 136.102
    endloop
  endfacet
  facet normal 0 -1 0
    outer loop
      vertex 15.2537 25 136.102
      vertex 1.15485 25 175.419
      vertex 1.13288 25 175.369
    endloop
  endfacet
  facet normal 0 -1 0
    outer loop
      vertex 0.991692 25 176.658
      vertex 1.02394 25 176.614
      vertex 15.2537 25 211.983
    endloop
  endfacet
  facet normal 0 -1 0
    outer loop
      vertex 1.02394 25 176.614
      vertex 1.05424 25 176.569
      vertex 15.2537 25 211.983
    endloop
  endfacet
  facet normal 0 -1 0
    outer loop
      vertex 15.2537 25 211.983
      vertex 1.05424 25 176.569
      vertex 1.08253 25 176.522
    endloop
  endfacet
  facet normal 0 -1 0
    outer loop
      vertex 1.13288 25 175.369
      vertex 1.10876 25 175.32
      vertex 15.2537 25 136.102
    endloop
  endfacet
  facet normal 0 -1 0
    outer loop
      vertex 1.10876 25 175.32
      vertex 1.08253 25 175.272
      vertex 15.2537 25 136.102
    endloop
  endfacet
  facet normal 0 -1 0
    outer loop
      vertex 15.2537 25 136.102
      vertex 1.08253 25 175.272
      vertex 1.05424 25 175.225
    endloop
  endfacet
  facet normal 0 -1 0
    outer loop
      vertex 1.23931 25 176.06
      vertex 1.24524 25 176.006
      vertex 15.2537 25 136.102
    endloop
  endfacet
  facet normal 0 -1 0
    outer loop
      vertex 1.24524 25 176.006
      vertex 1.24881 25 175.952
      vertex 15.2537 25 136.102
    endloop
  endfacet
  facet normal 0 -1 0
    outer loop
      vertex 15.2537 25 136.102
      vertex 1.24881 25 175.952
      vertex 1.25 25 175.897
    endloop
  endfacet
  facet normal 0 -1 0
    outer loop
      vertex 1.25 25 175.897
      vertex 1.24881 25 175.842
      vertex 15.2537 25 136.102
    endloop
  endfacet
  facet normal 0 -1 0
    outer loop
      vertex 1.24881 25 175.842
      vertex 1.24524 25 175.788
      vertex 15.2537 25 136.102
    endloop
  endfacet
  facet normal 0 -1 0
    outer loop
      vertex 15.2537 25 136.102
      vertex 1.24524 25 175.788
      vertex 1.23931 25 175.734
    endloop
  endfacet
  facet normal 0 -1 0
    outer loop
      vertex 1.05424 25 175.225
      vertex 1.02394 25 175.18
      vertex 15.2537 25 136.102
    endloop
  endfacet
  facet normal 0 -1 0
    outer loop
      vertex 1.02394 25 175.18
      vertex 0.991692 25 175.136
      vertex 15.2537 25 136.102
    endloop
  endfacet
  facet normal 0 -1 0
    outer loop
      vertex 15.2537 25 136.102
      vertex 0.991692 25 175.136
      vertex 0.957556 25 175.094
    endloop
  endfacet
  facet normal -1 0 0
    outer loop
      vertex 0.477361 27 140.9
      vertex 0.477361 27 135.9
      vertex 0.477361 25 140.9
    endloop
  endfacet
  facet normal -1 0 0
    outer loop
      vertex 0.477361 27 135.9
      vertex 0.477361 25 135.9
      vertex 0.477361 25 140.9
    endloop
  endfacet
  facet normal 0.110769 -0.796993 0.593744
    outer loop
      vertex 120.12 25.1846 192.988
      vertex 122.225 25.1883 192.6
      vertex 122.365 25.2077 192.6
    endloop
  endfacet
  facet normal 0.179097 -0.217419 0.959507
    outer loop
      vertex 124.314 25.7737 192.6
      vertex 124.327 25.7842 192.6
      vertex 5 25.7842 214.873
    endloop
  endfacet
  facet normal 0.183194 -0.0564852 0.981453
    outer loop
      vertex 124.443 25.9372 192.6
      vertex 124.446 25.9479 192.6
      vertex 5 25.9479 214.896
    endloop
  endfacet
  facet normal 0.00239063 0.999915 0.0128501
    outer loop
      vertex 15.3072 26.9999 211.987
      vertex 15.2935 26.9999 211.988
      vertex 5 27 213.897
    endloop
  endfacet
  facet normal 0.00182346 0.99995 0.00979264
    outer loop
      vertex 15.2935 26.9999 211.988
      vertex 15.2694 27 211.988
      vertex 5 27 213.897
    endloop
  endfacet
  facet normal 0.00112116 0.999981 0.00601542
    outer loop
      vertex 5 27 213.897
      vertex 15.2694 27 211.988
      vertex 15.2626 27 211.987
    endloop
  endfacet
  facet normal 0.000880399 0.999988 0.00472175
    outer loop
      vertex 15.2626 27 211.987
      vertex 15.2592 27 211.986
      vertex 5 27 213.897
    endloop
  endfacet
  facet normal 0.000953744 0.999986 0.0051156
    outer loop
      vertex 15.2592 27 211.986
      vertex 15.2575 27 211.986
      vertex 5 27 213.897
    endloop
  endfacet
  facet normal 0.000538714 0.999996 0.00288781
    outer loop
      vertex 5 27 213.897
      vertex 15.2575 27 211.986
      vertex 15.2563 27 211.986
    endloop
  endfacet
  facet normal 0 1 0
    outer loop
      vertex 15.2538 27 211.984
      vertex 15.2538 27 211.984
      vertex 5 27 213.897
    endloop
  endfacet
  facet normal 0.002373 0.999916 0.0127177
    outer loop
      vertex 15.2538 27 211.984
      vertex 5 27 213.897
      vertex 15.2539 27 211.984
    endloop
  endfacet
  facet normal 0.000710937 0.999992 0.00381195
    outer loop
      vertex 15.2563 27 211.986
      vertex 15.2555 27 211.985
      vertex 5 27 213.897
    endloop
  endfacet
  facet normal 2.7577e-7 1 -4.69279e-7
    outer loop
      vertex 15.2555 27 211.985
      vertex 15.255 27 211.985
      vertex 5 27 213.897
    endloop
  endfacet
  facet normal 0.00152025 0.999966 0.00815177
    outer loop
      vertex 5 27 213.897
      vertex 15.255 27 211.985
      vertex 15.2547 27 211.985
    endloop
  endfacet
  facet normal 1.48506e-7 1 -1.77677e-7
    outer loop
      vertex 15.2547 27 211.985
      vertex 15.2545 27 211.985
      vertex 5 27 213.897
    endloop
  endfacet
  facet normal 1.51898e-7 1 -1.59493e-7
    outer loop
      vertex 15.2545 27 211.985
      vertex 15.2543 27 211.984
      vertex 5 27 213.897
    endloop
  endfacet
  facet normal 1.56018e-7 1 -1.37402e-7
    outer loop
      vertex 5 27 213.897
      vertex 15.2543 27 211.984
      vertex 15.2542 27 211.984
    endloop
  endfacet
  facet normal 1.57343e-7 1 -1.303e-7
    outer loop
      vertex 15.2542 27 211.984
      vertex 15.2541 27 211.984
      vertex 5 27 213.897
    endloop
  endfacet
  facet normal 1.61744e-7 1 -1.06706e-7
    outer loop
      vertex 15.2541 27 211.984
      vertex 15.254 27 211.984
      vertex 5 27 213.897
    endloop
  endfacet
  facet normal 1.65447e-7 1 -8.68595e-8
    outer loop
      vertex 5 27 213.897
      vertex 15.254 27 211.984
      vertex 15.2539 27 211.984
    endloop
  endfacet
  facet normal 0 1 0
    outer loop
      vertex 15.2538 27 211.984
      vertex 15.2537 27 211.983
      vertex 5 27 213.897
    endloop
  endfacet
  facet normal 0 1 0
    outer loop
      vertex 15.2537 27 211.983
      vertex 15.2537 27 211.983
      vertex 5 27 213.897
    endloop
  endfacet
  facet normal 0 1 0
    outer loop
      vertex 5 27 213.897
      vertex 15.2537 27 211.983
      vertex 15.2537 27 211.983
    endloop
  endfacet
  facet normal 0.167523 0.407958 0.8975
    outer loop
      vertex 5 26.3947 214.816
      vertex 123.926 26.4327 192.6
      vertex 5 26.4327 214.799
    endloop
  endfacet
  facet normal 0.164282 0.445389 0.880136
    outer loop
      vertex 123.926 26.4327 192.6
      vertex 123.824 26.4701 192.6
      vertex 5 26.4327 214.799
    endloop
  endfacet
  facet normal 0.164286 0.445343 0.880159
    outer loop
      vertex 5 26.4327 214.799
      vertex 123.824 26.4701 192.6
      vertex 5 26.4701 214.78
    endloop
  endfacet
  facet normal 0.160748 0.482171 0.861203
    outer loop
      vertex 123.824 26.4701 192.6
      vertex 123.715 26.5067 192.6
      vertex 5 26.4701 214.78
    endloop
  endfacet
  facet normal 0.16076 0.482053 0.861267
    outer loop
      vertex 5 26.4701 214.78
      vertex 123.715 26.5067 192.6
      vertex 5 26.5067 214.759
    endloop
  endfacet
  facet normal 0.156934 0.518154 0.840767
    outer loop
      vertex 123.715 26.5067 192.6
      vertex 123.597 26.5424 192.6
      vertex 5 26.5067 214.759
    endloop
  endfacet
  facet normal 0.156919 0.518289 0.840686
    outer loop
      vertex 5 26.5067 214.759
      vertex 123.597 26.5424 192.6
      vertex 5 26.5424 214.737
    endloop
  endfacet
  facet normal 0.152831 0.553379 0.818788
    outer loop
      vertex 123.597 26.5424 192.6
      vertex 123.471 26.5772 192.6
      vertex 5 26.5424 214.737
    endloop
  endfacet
  facet normal 0.152845 0.553269 0.81886
    outer loop
      vertex 5 26.5424 214.737
      vertex 123.471 26.5772 192.6
      vertex 5 26.5772 214.714
    endloop
  endfacet
  facet normal 0.148417 0.587986 0.795138
    outer loop
      vertex 123.471 26.5772 192.6
      vertex 123.334 26.6117 192.6
      vertex 5 26.5772 214.714
    endloop
  endfacet
  facet normal 0.148455 0.587701 0.795342
    outer loop
      vertex 5 26.5772 214.714
      vertex 123.334 26.6117 192.6
      vertex 5 26.611 214.689
    endloop
  endfacet
  facet normal 0.143766 0.621359 0.770223
    outer loop
      vertex 123.334 26.6117 192.6
      vertex 123.195 26.6438 192.6
      vertex 5 26.611 214.689
    endloop
  endfacet
  facet normal 0.143801 0.621124 0.770406
    outer loop
      vertex 5 26.611 214.689
      vertex 123.195 26.6438 192.6
      vertex 5 26.6438 214.662
    endloop
  endfacet
  facet normal 0.138868 0.653611 0.743981
    outer loop
      vertex 123.195 26.6438 192.6
      vertex 123.044 26.6759 192.6
      vertex 5 26.6438 214.662
    endloop
  endfacet
  facet normal 0.138918 0.6533 0.744245
    outer loop
      vertex 5 26.6438 214.662
      vertex 123.044 26.6759 192.6
      vertex 5 26.6755 214.634
    endloop
  endfacet
  facet normal 0.133697 0.684887 0.716279
    outer loop
      vertex 123.044 26.6759 192.6
      vertex 122.89 26.706 192.6
      vertex 5 26.6755 214.634
    endloop
  endfacet
  facet normal 0.133719 0.684759 0.716397
    outer loop
      vertex 5 26.6755 214.634
      vertex 122.89 26.706 192.6
      vertex 5 26.706 214.605
    endloop
  endfacet
  facet normal 0.128264 0.715084 0.68717
    outer loop
      vertex 122.89 26.706 192.6
      vertex 122.724 26.7358 192.6
      vertex 5 26.706 214.605
    endloop
  endfacet
  facet normal 0.128326 0.714757 0.687499
    outer loop
      vertex 5 26.706 214.605
      vertex 122.724 26.7358 192.6
      vertex 5 26.7352 214.575
    endloop
  endfacet
  facet normal 0.122557 0.744221 0.656594
    outer loop
      vertex 122.724 26.7358 192.6
      vertex 122.555 26.7637 192.6
      vertex 5 26.7352 214.575
    endloop
  endfacet
  facet normal 0.122645 0.743788 0.657068
    outer loop
      vertex 5 26.7352 214.575
      vertex 122.555 26.7637 192.6
      vertex 5 26.7632 214.543
    endloop
  endfacet
  facet normal 0.116727 0.771557 0.625359
    outer loop
      vertex 122.555 26.7637 192.6
      vertex 122.382 26.7897 192.6
      vertex 5 26.7632 214.543
    endloop
  endfacet
  facet normal 0.116775 0.771342 0.625616
    outer loop
      vertex 5 26.7632 214.543
      vertex 122.382 26.7897 192.6
      vertex 5 26.7897 214.51
    endloop
  endfacet
  facet normal 0.111088 0.795898 0.595152
    outer loop
      vertex 122.382 26.7897 192.6
      vertex 122.225 26.8117 192.6
      vertex 5 26.7897 214.51
    endloop
  endfacet
  facet normal 0.112161 0.791428 0.600884
    outer loop
      vertex 5 26.7897 214.51
      vertex 122.225 26.8117 192.6
      vertex 5 26.8034 214.493
    endloop
  endfacet
  facet normal 0.106907 0.812722 0.57276
    outer loop
      vertex 122.225 26.8117 192.6
      vertex 115.346 26.8238 193.867
      vertex 5 26.8034 214.493
    endloop
  endfacet
  facet normal 0.107318 0.811112 0.57496
    outer loop
      vertex 5 26.8034 214.493
      vertex 115.346 26.8238 193.867
      vertex 5 26.8279 214.458
    endloop
  endfacet
  facet normal 0.102652 0.828864 0.549952
    outer loop
      vertex 115.346 26.8238 193.867
      vertex 104.823 26.8423 195.803
      vertex 5 26.8279 214.458
    endloop
  endfacet
  facet normal 0.100887 0.835265 0.540512
    outer loop
      vertex 5 26.8279 214.458
      vertex 104.823 26.8423 195.803
      vertex 5 26.8509 214.422
    endloop
  endfacet
  facet normal 0.0972031 0.848156 0.520753
    outer loop
      vertex 104.823 26.8423 195.803
      vertex 94.0342 26.8613 197.786
      vertex 5 26.8509 214.422
    endloop
  endfacet
  facet normal 0.0942202 0.858082 0.504795
    outer loop
      vertex 5 26.8509 214.422
      vertex 94.0342 26.8613 197.786
      vertex 5 26.8725 214.386
    endloop
  endfacet
  facet normal 0.0911241 0.867972 0.488182
    outer loop
      vertex 94.0342 26.8613 197.786
      vertex 82.9583 26.8808 199.819
      vertex 5 26.8725 214.386
    endloop
  endfacet
  facet normal 0.0873975 0.879266 0.468244
    outer loop
      vertex 5 26.8725 214.386
      vertex 82.9583 26.8808 199.819
      vertex 5 26.8925 214.348
    endloop
  endfacet
  facet normal 0.084281 0.888275 0.451514
    outer loop
      vertex 82.9583 26.8808 199.819
      vertex 71.573 26.9009 201.905
      vertex 5 26.8925 214.348
    endloop
  endfacet
  facet normal 0.0803592 0.898987 0.43054
    outer loop
      vertex 5 26.8925 214.348
      vertex 71.573 26.9009 201.905
      vertex 5 26.9109 214.31
    endloop
  endfacet
  facet normal 0.0763675 0.909284 0.409108
    outer loop
      vertex 71.573 26.9009 201.905
      vertex 59.8535 26.9215 204.047
      vertex 5 26.9109 214.31
    endloop
  endfacet
  facet normal 0.0731956 0.916979 0.392163
    outer loop
      vertex 5 26.9109 214.31
      vertex 59.8535 26.9215 204.047
      vertex 5 26.9276 214.27
    endloop
  endfacet
  facet normal 0.067013 0.930935 0.358984
    outer loop
      vertex 59.8535 26.9215 204.047
      vertex 47.7728 26.9428 206.247
      vertex 5 26.9276 214.27
    endloop
  endfacet
  facet normal 0.0658381 0.933408 0.352725
    outer loop
      vertex 5 26.9276 214.27
      vertex 47.7728 26.9428 206.247
      vertex 5 26.9428 214.231
    endloop
  endfacet
  facet normal 0.0593333 0.946274 0.317876
    outer loop
      vertex 47.7728 26.9428 206.247
      vertex 41.9659 26.953 207.3
      vertex 5 26.9428 214.231
    endloop
  endfacet
  facet normal 0.0583579 0.948066 0.312676
    outer loop
      vertex 5 26.9428 214.231
      vertex 41.9659 26.953 207.3
      vertex 5 26.9562 214.19
    endloop
  endfacet
  facet normal 0.0530633 0.957276 0.284264
    outer loop
      vertex 41.9659 26.953 207.3
      vertex 35.9623 26.9635 208.385
      vertex 5 26.9562 214.19
    endloop
  endfacet
  facet normal 0.0507681 0.96095 0.272026
    outer loop
      vertex 5 26.9562 214.19
      vertex 35.9623 26.9635 208.385
      vertex 5 26.9678 214.149
    endloop
  endfacet
  facet normal 0.0456947 0.968505 0.244765
    outer loop
      vertex 35.9623 26.9635 208.385
      vertex 29.7454 26.9745 209.503
      vertex 5 26.9678 214.149
    endloop
  endfacet
  facet normal 0.0430381 0.972092 0.23062
    outer loop
      vertex 5 26.9678 214.149
      vertex 29.7454 26.9745 209.503
      vertex 5 26.9777 214.107
    endloop
  endfacet
  facet normal 0.0363102 0.980239 0.194456
    outer loop
      vertex 29.7454 26.9745 209.503
      vertex 23.2962 26.9858 210.65
      vertex 5 26.9777 214.107
    endloop
  endfacet
  facet normal 0.0352161 0.981409 0.188669
    outer loop
      vertex 5 26.9777 214.107
      vertex 23.2962 26.9858 210.65
      vertex 5 26.9858 214.065
    endloop
  endfacet
  facet normal 0.0280557 0.988241 0.150308
    outer loop
      vertex 23.2962 26.9858 210.65
      vertex 20.298 26.9911 211.175
      vertex 5 26.9858 214.065
    endloop
  endfacet
  facet normal 0.027317 0.988848 0.146398
    outer loop
      vertex 5 26.9858 214.065
      vertex 20.298 26.9911 211.175
      vertex 5 26.9921 214.022
    endloop
  endfacet
  facet normal 0.0199632 0.99407 0.10689
    outer loop
      vertex 20.298 26.9911 211.175
      vertex 17.1757 26.9966 211.707
      vertex 5 26.9921 214.022
    endloop
  endfacet
  facet normal 0.0193416 0.994429 0.103622
    outer loop
      vertex 5 26.9921 214.022
      vertex 17.1757 26.9966 211.707
      vertex 5 26.9966 213.979
    endloop
  endfacet
  facet normal 0.0113302 0.998092 0.0607013
    outer loop
      vertex 17.1757 26.9966 211.707
      vertex 15.6894 26.9992 211.941
      vertex 5 26.9966 213.979
    endloop
  endfacet
  facet normal 0.0113292 0.998092 0.060696
    outer loop
      vertex 5 26.9966 213.979
      vertex 15.6894 26.9992 211.941
      vertex 5 26.9992 213.936
    endloop
  endfacet
  facet normal 0.00623057 0.999423 0.0333802
    outer loop
      vertex 15.6894 26.9992 211.941
      vertex 15.4713 26.9996 211.97
      vertex 5 26.9992 213.936
    endloop
  endfacet
  facet normal 0.00364194 0.999801 0.0195928
    outer loop
      vertex 5 26.9992 213.936
      vertex 15.4713 26.9996 211.97
      vertex 5 27 213.897
    endloop
  endfacet
  facet normal 0.00443929 0.999704 0.0239259
    outer loop
      vertex 15.4713 26.9996 211.97
      vertex 15.362 26.9998 211.982
      vertex 5 27 213.897
    endloop
  endfacet
  facet normal 0.0031238 0.999854 0.0168063
    outer loop
      vertex 5 27 213.897
      vertex 15.362 26.9998 211.982
      vertex 15.3072 26.9999 211.987
    endloop
  endfacet
  facet normal 0.170475 0.369842 0.913321
    outer loop
      vertex 5 26.3559 214.832
      vertex 124.061 26.3758 192.6
      vertex 5 26.3947 214.816
    endloop
  endfacet
  facet normal 0.169748 0.379665 0.909418
    outer loop
      vertex 124.061 26.3758 192.6
      vertex 124.018 26.3947 192.6
      vertex 5 26.3947 214.816
    endloop
  endfacet
  facet normal 0.167525 0.407938 0.897509
    outer loop
      vertex 5 26.3947 214.816
      vertex 124.018 26.3947 192.6
      vertex 123.926 26.4327 192.6
    endloop
  endfacet
  facet normal 0.17312 0.33133 0.927496
    outer loop
      vertex 5 26.3166 214.846
      vertex 124.14 26.3368 192.6
      vertex 5 26.3559 214.832
    endloop
  endfacet
  facet normal 0.172482 0.341104 0.924066
    outer loop
      vertex 124.14 26.3368 192.6
      vertex 124.103 26.3559 192.6
      vertex 5 26.3559 214.832
    endloop
  endfacet
  facet normal 0.171152 0.360446 0.916944
    outer loop
      vertex 5 26.3559 214.832
      vertex 124.103 26.3559 192.6
      vertex 124.061 26.3758 192.6
    endloop
  endfacet
  facet normal 0.17548 0.29214 0.940139
    outer loop
      vertex 5 26.2767 214.858
      vertex 124.211 26.2972 192.6
      vertex 5 26.3166 214.846
    endloop
  endfacet
  facet normal 0.174908 0.30219 0.937064
    outer loop
      vertex 124.211 26.2972 192.6
      vertex 124.178 26.3166 192.6
      vertex 5 26.3166 214.846
    endloop
  endfacet
  facet normal 0.173731 0.321725 0.930758
    outer loop
      vertex 5 26.3166 214.846
      vertex 124.178 26.3166 192.6
      vertex 124.14 26.3368 192.6
    endloop
  endfacet
  facet normal 0.177537 0.25254 0.951159
    outer loop
      vertex 5 26.2364 214.869
      vertex 124.273 26.2571 192.6
      vertex 5 26.2767 214.858
    endloop
  endfacet
  facet normal 0.177039 0.262758 0.94848
    outer loop
      vertex 124.273 26.2571 192.6
      vertex 124.244 26.2767 192.6
      vertex 5 26.2767 214.858
    endloop
  endfacet
  facet normal 0.176012 0.282503 0.94298
    outer loop
      vertex 5 26.2767 214.858
      vertex 124.244 26.2767 192.6
      vertex 124.211 26.2972 192.6
    endloop
  endfacet
  facet normal 0.179469 0.208093 0.961503
    outer loop
      vertex 124.338 26.2064 192.6
      vertex 124.326 26.2167 192.6
      vertex 5 26.1957 214.878
    endloop
  endfacet
  facet normal 0.17907 0.218016 0.959376
    outer loop
      vertex 124.326 26.2167 192.6
      vertex 124.314 26.2267 192.6
      vertex 5 26.1957 214.878
    endloop
  endfacet
  facet normal 0.179292 0.212567 0.960557
    outer loop
      vertex 5 26.1957 214.878
      vertex 124.314 26.2267 192.6
      vertex 5 26.2364 214.869
    endloop
  endfacet
  facet normal 0.178661 0.227834 0.957169
    outer loop
      vertex 124.314 26.2267 192.6
      vertex 124.301 26.2364 192.6
      vertex 5 26.2364 214.869
    endloop
  endfacet
  facet normal 0.177995 0.242818 0.953602
    outer loop
      vertex 5 26.2364 214.869
      vertex 124.301 26.2364 192.6
      vertex 124.273 26.2571 192.6
    endloop
  endfacet
  facet normal 0.180882 0.167847 0.969076
    outer loop
      vertex 124.379 26.1655 192.6
      vertex 124.37 26.1759 192.6
      vertex 5 26.1548 214.885
    endloop
  endfacet
  facet normal 0.180554 0.177982 0.967328
    outer loop
      vertex 124.37 26.1759 192.6
      vertex 124.36 26.186 192.6
      vertex 5 26.1548 214.885
    endloop
  endfacet
  facet normal 0.180733 0.172545 0.968279
    outer loop
      vertex 5 26.1548 214.885
      vertex 124.36 26.186 192.6
      vertex 5 26.1957 214.878
    endloop
  endfacet
  facet normal 0.180226 0.18768 0.965554
    outer loop
      vertex 124.36 26.186 192.6
      vertex 124.35 26.1957 192.6
      vertex 5 26.1957 214.878
    endloop
  endfacet
  facet normal 0.179859 0.197852 0.96359
    outer loop
      vertex 5 26.1957 214.878
      vertex 124.35 26.1957 192.6
      vertex 124.338 26.2064 192.6
    endloop
  endfacet
  facet normal 0.18223 0.116805 0.976293
    outer loop
      vertex 5 26.1136 214.891
      vertex 124.419 26.1136 192.6
      vertex 124.412 26.1243 192.6
    endloop
  endfacet
  facet normal 0.181993 0.127294 0.975026
    outer loop
      vertex 124.412 26.1243 192.6
      vertex 124.405 26.1347 192.6
      vertex 5 26.1136 214.891
    endloop
  endfacet
  facet normal 0.181739 0.137561 0.973677
    outer loop
      vertex 124.405 26.1347 192.6
      vertex 124.397 26.1448 192.6
      vertex 5 26.1136 214.891
    endloop
  endfacet
  facet normal 0.181885 0.131794 0.974448
    outer loop
      vertex 5 26.1136 214.891
      vertex 124.397 26.1448 192.6
      vertex 5 26.1548 214.885
    endloop
  endfacet
  facet normal 0.181487 0.147231 0.972309
    outer loop
      vertex 124.397 26.1448 192.6
      vertex 124.389 26.1548 192.6
      vertex 5 26.1548 214.885
    endloop
  endfacet
  facet normal 0.181194 0.157571 0.970742
    outer loop
      vertex 5 26.1548 214.885
      vertex 124.389 26.1548 192.6
      vertex 124.379 26.1655 192.6
    endloop
  endfacet
  facet normal 0.182533 0.101835 0.977912
    outer loop
      vertex 124.419 26.1136 192.6
      vertex 5 26.1136 214.891
      vertex 124.43 26.0934 192.6
    endloop
  endfacet
  facet normal 0.182718 0.0913324 0.978914
    outer loop
      vertex 5 26.1136 214.891
      vertex 5 26.0722 214.894
      vertex 124.43 26.0934 192.6
    endloop
  endfacet
  facet normal 0.182837 0.0840087 0.979547
    outer loop
      vertex 124.43 26.0934 192.6
      vertex 5 26.0722 214.894
      vertex 124.437 26.0776 192.6
    endloop
  endfacet
  facet normal 0.183354 0.0380084 0.982312
    outer loop
      vertex 124.451 26.0307 192.6
      vertex 124.448 26.0465 192.6
      vertex 5 26.0307 214.897
    endloop
  endfacet
  facet normal 0.183223 0.0533813 0.981621
    outer loop
      vertex 124.448 26.0465 192.6
      vertex 124.443 26.062 192.6
      vertex 5 26.0307 214.897
    endloop
  endfacet
  facet normal 0.183251 0.0504648 0.98177
    outer loop
      vertex 5 26.0307 214.897
      vertex 124.443 26.062 192.6
      vertex 5 26.0722 214.894
    endloop
  endfacet
  facet normal 0.183086 0.066019 0.980878
    outer loop
      vertex 124.443 26.062 192.6
      vertex 124.439 26.0723 192.6
      vertex 5 26.0722 214.894
    endloop
  endfacet
  facet normal 0.182988 0.0736524 0.980352
    outer loop
      vertex 5 26.0722 214.894
      vertex 124.439 26.0723 192.6
      vertex 124.437 26.0776 192.6
    endloop
  endfacet
  facet normal 0.183439 0.0226343 0.98277
    outer loop
      vertex 124.451 26.0307 192.6
      vertex 5 26.0307 214.897
      vertex 124.453 26.0153 192.6
    endloop
  endfacet
  facet normal 0.183476 0.0098969 0.982974
    outer loop
      vertex 5 26.0307 214.897
      vertex 5 25.9893 214.897
      vertex 124.453 26.0153 192.6
    endloop
  endfacet
  facet normal 0.18348 0.00734621 0.982996
    outer loop
      vertex 124.453 26.0153 192.6
      vertex 5 25.9893 214.897
      vertex 124.453 25.9997 192.6
    endloop
  endfacet
  facet normal 0.183436 -0.0233866 0.982753
    outer loop
      vertex 124.451 25.9685 192.6
      vertex 124.453 25.9841 192.6
      vertex 5 25.9893 214.897
    endloop
  endfacet
  facet normal 0.183471 -0.0130724 0.982938
    outer loop
      vertex 124.453 25.9841 192.6
      vertex 124.453 25.9893 192.6
      vertex 5 25.9893 214.897
    endloop
  endfacet
  facet normal 0.183484 -0.00541211 0.983008
    outer loop
      vertex 5 25.9893 214.897
      vertex 124.453 25.9893 192.6
      vertex 124.453 25.9997 192.6
    endloop
  endfacet
  facet normal 0.1834 -0.0307546 0.982557
    outer loop
      vertex 5 25.9479 214.896
      vertex 124.446 25.9479 192.6
      vertex 5 25.9893 214.897
    endloop
  endfacet
  facet normal 0.18326 -0.04894 0.981845
    outer loop
      vertex 124.446 25.9479 192.6
      vertex 124.447 25.953 192.6
      vertex 5 25.9893 214.897
    endloop
  endfacet
  facet normal 0.183347 -0.0385296 0.982293
    outer loop
      vertex 5 25.9893 214.897
      vertex 124.447 25.953 192.6
      vertex 124.451 25.9685 192.6
    endloop
  endfacet
  facet normal 0.183043 -0.0693886 0.980653
    outer loop
      vertex 124.443 25.9372 192.6
      vertex 5 25.9479 214.896
      vertex 124.437 25.9216 192.6
    endloop
  endfacet
  facet normal 0.183016 -0.0714738 0.980508
    outer loop
      vertex 5 25.9479 214.896
      vertex 5 25.9066 214.893
      vertex 124.437 25.9216 192.6
    endloop
  endfacet
  facet normal 0.18283 -0.0845053 0.979506
    outer loop
      vertex 124.437 25.9216 192.6
      vertex 5 25.9066 214.893
      vertex 124.43 25.9066 192.6
    endloop
  endfacet
  facet normal 0.18147 -0.147809 0.972225
    outer loop
      vertex 124.388 25.8445 192.6
      vertex 124.397 25.8549 192.6
      vertex 5 25.8655 214.888
    endloop
  endfacet
  facet normal 0.181745 -0.137447 0.973692
    outer loop
      vertex 124.397 25.8549 192.6
      vertex 124.405 25.8655 192.6
      vertex 5 25.8655 214.888
    endloop
  endfacet
  facet normal 0.182326 -0.112273 0.976807
    outer loop
      vertex 5 25.8655 214.888
      vertex 124.405 25.8655 192.6
      vertex 5 25.9066 214.893
    endloop
  endfacet
  facet normal 0.182104 -0.122371 0.975635
    outer loop
      vertex 124.405 25.8655 192.6
      vertex 124.418 25.8856 192.6
      vertex 5 25.9066 214.893
    endloop
  endfacet
  facet normal 0.182526 -0.102166 0.977878
    outer loop
      vertex 5 25.9066 214.893
      vertex 124.418 25.8856 192.6
      vertex 124.43 25.9066 192.6
    endloop
  endfacet
  facet normal 0.180059 -0.192382 0.96466
    outer loop
      vertex 5 25.7842 214.873
      vertex 124.327 25.7842 192.6
      vertex 5 25.8247 214.882
    endloop
  endfacet
  facet normal 0.179486 -0.207547 0.961618
    outer loop
      vertex 124.327 25.7842 192.6
      vertex 124.338 25.7939 192.6
      vertex 5 25.8247 214.882
    endloop
  endfacet
  facet normal 0.179854 -0.197927 0.963575
    outer loop
      vertex 5 25.8247 214.882
      vertex 124.338 25.7939 192.6
      vertex 124.349 25.8039 192.6
    endloop
  endfacet
  facet normal 0.180217 -0.18791 0.965511
    outer loop
      vertex 124.349 25.8039 192.6
      vertex 124.36 25.8141 192.6
      vertex 5 25.8247 214.882
    endloop
  endfacet
  facet normal 0.18057 -0.177577 0.967399
    outer loop
      vertex 124.36 25.8141 192.6
      vertex 124.37 25.8247 192.6
      vertex 5 25.8247 214.882
    endloop
  endfacet
  facet normal 0.181351 -0.152106 0.971584
    outer loop
      vertex 5 25.8247 214.882
      vertex 124.37 25.8247 192.6
      vertex 5 25.8655 214.888
    endloop
  endfacet
  facet normal 0.180886 -0.167608 0.969117
    outer loop
      vertex 124.37 25.8247 192.6
      vertex 124.379 25.8344 192.6
      vertex 5 25.8655 214.888
    endloop
  endfacet
  facet normal 0.181181 -0.157934 0.970686
    outer loop
      vertex 5 25.8655 214.888
      vertex 124.379 25.8344 192.6
      vertex 124.388 25.8445 192.6
    endloop
  endfacet
  facet normal 0.176596 -0.271461 0.946109
    outer loop
      vertex 5 25.7441 214.864
      vertex 5 25.7044 214.852
      vertex 124.214 25.7044 192.6
    endloop
  endfacet
  facet normal 0.176064 -0.281484 0.943275
    outer loop
      vertex 124.214 25.7044 192.6
      vertex 124.245 25.7237 192.6
      vertex 5 25.7441 214.864
    endloop
  endfacet
  facet normal 0.177083 -0.261887 0.948713
    outer loop
      vertex 124.245 25.7237 192.6
      vertex 124.275 25.7441 192.6
      vertex 5 25.7441 214.864
    endloop
  endfacet
  facet normal 0.178464 -0.232377 0.956113
    outer loop
      vertex 5 25.7441 214.864
      vertex 124.275 25.7441 192.6
      vertex 5 25.7842 214.873
    endloop
  endfacet
  facet normal 0.178015 -0.242317 0.953726
    outer loop
      vertex 124.275 25.7441 192.6
      vertex 124.301 25.7635 192.6
      vertex 5 25.7842 214.873
    endloop
  endfacet
  facet normal 0.178663 -0.227752 0.957188
    outer loop
      vertex 5 25.7842 214.873
      vertex 124.301 25.7635 192.6
      vertex 124.314 25.7737 192.6
    endloop
  endfacet
  facet normal 0.171294 -0.358396 0.91772
    outer loop
      vertex 124.066 25.6269 192.6
      vertex 124.106 25.6456 192.6
      vertex 5 25.6654 214.839
    endloop
  endfacet
  facet normal 0.1726 -0.339331 0.924697
    outer loop
      vertex 124.106 25.6456 192.6
      vertex 124.144 25.6654 192.6
      vertex 5 25.6654 214.839
    endloop
  endfacet
  facet normal 0.17443 -0.310284 0.934504
    outer loop
      vertex 5 25.6654 214.839
      vertex 124.144 25.6654 192.6
      vertex 5 25.7044 214.852
    endloop
  endfacet
  facet normal 0.17382 -0.320239 0.931254
    outer loop
      vertex 124.144 25.6654 192.6
      vertex 124.179 25.6844 192.6
      vertex 5 25.7044 214.852
    endloop
  endfacet
  facet normal 0.174984 -0.300882 0.93747
    outer loop
      vertex 5 25.7044 214.852
      vertex 124.179 25.6844 192.6
      vertex 124.214 25.7044 192.6
    endloop
  endfacet
  facet normal 0.151444 -0.564594 0.811356
    outer loop
      vertex 5 25.412 214.706
      vertex 123.555 25.4456 192.6
      vertex 5 25.4456 214.729
    endloop
  endfacet
  facet normal 0.155518 -0.530677 0.833184
    outer loop
      vertex 123.555 25.4456 192.6
      vertex 123.673 25.4802 192.6
      vertex 5 25.4456 214.729
    endloop
  endfacet
  facet normal 0.155524 -0.530628 0.833215
    outer loop
      vertex 5 25.4456 214.729
      vertex 123.673 25.4802 192.6
      vertex 5 25.4802 214.751
    endloop
  endfacet
  facet normal 0.159348 -0.49578 0.853704
    outer loop
      vertex 123.673 25.4802 192.6
      vertex 123.783 25.5156 192.6
      vertex 5 25.4802 214.751
    endloop
  endfacet
  facet normal 0.159323 -0.496026 0.853565
    outer loop
      vertex 5 25.4802 214.751
      vertex 123.783 25.5156 192.6
      vertex 5 25.5156 214.772
    endloop
  endfacet
  facet normal 0.162914 -0.460077 0.872805
    outer loop
      vertex 123.783 25.5156 192.6
      vertex 123.885 25.5519 192.6
      vertex 5 25.5156 214.772
    endloop
  endfacet
  facet normal 0.162926 -0.459944 0.872873
    outer loop
      vertex 5 25.5156 214.772
      vertex 123.885 25.5519 192.6
      vertex 5 25.5519 214.791
    endloop
  endfacet
  facet normal 0.166209 -0.423629 0.890457
    outer loop
      vertex 123.885 25.5519 192.6
      vertex 123.98 25.589 192.6
      vertex 5 25.5519 214.791
    endloop
  endfacet
  facet normal 0.166219 -0.423505 0.890514
    outer loop
      vertex 5 25.5519 214.791
      vertex 123.98 25.589 192.6
      vertex 5 25.589 214.809
    endloop
  endfacet
  facet normal 0.169229 -0.386477 0.906641
    outer loop
      vertex 123.98 25.589 192.6
      vertex 124.066 25.6269 192.6
      vertex 5 25.589 214.809
    endloop
  endfacet
  facet normal 0.16923 -0.386464 0.906646
    outer loop
      vertex 5 25.589 214.809
      vertex 124.066 25.6269 192.6
      vertex 5 25.6269 214.825
    endloop
  endfacet
  facet normal 0.171962 -0.348808 0.921283
    outer loop
      vertex 124.066 25.6269 192.6
      vertex 5 25.6654 214.839
      vertex 5 25.6269 214.825
    endloop
  endfacet
  facet normal 0.00365868 -0.999796 0.0198569
    outer loop
      vertex 15.3358 25.0001 211.985
      vertex 15.3805 25.0002 211.981
      vertex 5 25.0013 213.948
    endloop
  endfacet
  facet normal 0.00458453 -0.999683 0.0247409
    outer loop
      vertex 15.3805 25.0002 211.981
      vertex 15.4697 25.0004 211.97
      vertex 5 25.0013 213.948
    endloop
  endfacet
  facet normal 0.00608483 -0.999447 0.032682
    outer loop
      vertex 15.4697 25.0004 211.97
      vertex 15.6477 25.0007 211.947
      vertex 5 25.0013 213.948
    endloop
  endfacet
  facet normal 0.0082716 -0.998983 0.0443148
    outer loop
      vertex 15.6477 25.0007 211.947
      vertex 16.0031 25.0013 211.895
      vertex 5 25.0013 213.948
    endloop
  endfacet
  facet normal 0.0133098 -0.997366 0.071307
    outer loop
      vertex 5 25.0013 213.948
      vertex 16.0031 25.0013 211.895
      vertex 5 25.0042 213.988
    endloop
  endfacet
  facet normal 0.0133097 -0.997366 0.0713064
    outer loop
      vertex 16.0031 25.0013 211.895
      vertex 17.6213 25.0042 211.632
      vertex 5 25.0042 213.988
    endloop
  endfacet
  facet normal 0.0207331 -0.993596 0.111077
    outer loop
      vertex 5 25.0042 213.988
      vertex 17.6213 25.0042 211.632
      vertex 5 25.0086 214.028
    endloop
  endfacet
  facet normal 0.0212493 -0.993277 0.113796
    outer loop
      vertex 17.6213 25.0042 211.632
      vertex 20.652 25.0095 211.113
      vertex 5 25.0086 214.028
    endloop
  endfacet
  facet normal 0.0281319 -0.988171 0.150754
    outer loop
      vertex 5 25.0086 214.028
      vertex 20.652 25.0095 211.113
      vertex 5 25.0147 214.068
    endloop
  endfacet
  facet normal 0.0287486 -0.987649 0.15402
    outer loop
      vertex 20.652 25.0095 211.113
      vertex 23.5798 25.0147 210.6
      vertex 5 25.0147 214.068
    endloop
  endfacet
  facet normal 0.0354968 -0.981109 0.190173
    outer loop
      vertex 5 25.0147 214.068
      vertex 23.5798 25.0147 210.6
      vertex 5 25.0223 214.107
    endloop
  endfacet
  facet normal 0.0367965 -0.979702 0.197055
    outer loop
      vertex 23.5798 25.0147 210.6
      vertex 30.0837 25.0261 209.442
      vertex 5 25.0223 214.107
    endloop
  endfacet
  facet normal 0.0428084 -0.972393 0.229387
    outer loop
      vertex 5 25.0223 214.107
      vertex 30.0837 25.0261 209.442
      vertex 5 25.0315 214.146
    endloop
  endfacet
  facet normal 0.0461588 -0.967852 0.247247
    outer loop
      vertex 30.0837 25.0261 209.442
      vertex 36.3859 25.0372 208.309
      vertex 5 25.0315 214.146
    endloop
  endfacet
  facet normal 0.0500503 -0.962069 0.268177
    outer loop
      vertex 5 25.0315 214.146
      vertex 36.3859 25.0372 208.309
      vertex 5 25.0423 214.185
    endloop
  endfacet
  facet normal 0.0535513 -0.956471 0.286872
    outer loop
      vertex 36.3859 25.0372 208.309
      vertex 42.5009 25.048 207.203
      vertex 5 25.0423 214.185
    endloop
  endfacet
  facet normal 0.0572167 -0.950128 0.306566
    outer loop
      vertex 5 25.0423 214.185
      vertex 42.5009 25.048 207.203
      vertex 5 25.0547 214.223
    endloop
  endfacet
  facet normal 0.0598232 -0.945362 0.320486
    outer loop
      vertex 42.5009 25.048 207.203
      vertex 48.4419 25.0584 206.125
      vertex 5 25.0547 214.223
    endloop
  endfacet
  facet normal 0.0642746 -0.936632 0.344369
    outer loop
      vertex 5 25.0547 214.223
      vertex 48.4419 25.0584 206.125
      vertex 5 25.0686 214.261
    endloop
  endfacet
  facet normal 0.0652626 -0.934608 0.349642
    outer loop
      vertex 48.4419 25.0584 206.125
      vertex 54.2209 25.0686 205.074
      vertex 5 25.0686 214.261
    endloop
  endfacet
  facet normal 0.0712542 -0.921518 0.381742
    outer loop
      vertex 5 25.0686 214.261
      vertex 54.2209 25.0686 205.074
      vertex 5 25.0841 214.298
    endloop
  endfacet
  facet normal 0.0721592 -0.919434 0.386567
    outer loop
      vertex 54.2209 25.0686 205.074
      vertex 65.8718 25.0891 202.948
      vertex 5 25.0841 214.298
    endloop
  endfacet
  facet normal 0.0781136 -0.904848 0.418506
    outer loop
      vertex 5 25.0841 214.298
      vertex 65.8718 25.0891 202.948
      vertex 5 25.101 214.335
    endloop
  endfacet
  facet normal 0.0805056 -0.898616 0.431286
    outer loop
      vertex 65.8718 25.0891 202.948
      vertex 77.2306 25.1091 200.869
      vertex 5 25.101 214.335
    endloop
  endfacet
  facet normal 0.0848249 -0.886718 0.454462
    outer loop
      vertex 5 25.101 214.335
      vertex 77.2306 25.1091 200.869
      vertex 5 25.1195 214.371
    endloop
  endfacet
  facet normal 0.0877419 -0.878263 0.47006
    outer loop
      vertex 77.2306 25.1091 200.869
      vertex 88.3173 25.1286 198.836
      vertex 5 25.1195 214.371
    endloop
  endfacet
  facet normal 0.0913809 -0.867155 0.489583
    outer loop
      vertex 5 25.1195 214.371
      vertex 88.3173 25.1286 198.836
      vertex 5 25.1394 214.406
    endloop
  endfacet
  facet normal 0.0941207 -0.85842 0.504238
    outer loop
      vertex 88.3173 25.1286 198.836
      vertex 99.1501 25.1477 196.846
      vertex 5 25.1394 214.406
    endloop
  endfacet
  facet normal 0.0978178 -0.846041 0.524066
    outer loop
      vertex 5 25.1394 214.406
      vertex 99.1501 25.1477 196.846
      vertex 5 25.1607 214.441
    endloop
  endfacet
  facet normal 0.0998222 -0.83907 0.534787
    outer loop
      vertex 99.1501 25.1477 196.846
      vertex 109.746 25.1664 194.898
      vertex 5 25.1607 214.441
    endloop
  endfacet
  facet normal 0.104071 -0.823585 0.557563
    outer loop
      vertex 5 25.1607 214.441
      vertex 109.746 25.1664 194.898
      vertex 5 25.1835 214.474
    endloop
  endfacet
  facet normal 0.104969 -0.820198 0.562368
    outer loop
      vertex 109.746 25.1664 194.898
      vertex 120.12 25.1846 192.988
      vertex 5 25.1835 214.474
    endloop
  endfacet
  facet normal 0.110194 -0.799583 0.59036
    outer loop
      vertex 5 25.1835 214.474
      vertex 120.12 25.1846 192.988
      vertex 5 25.208 214.508
    endloop
  endfacet
  facet normal 0.110342 -0.798976 0.591153
    outer loop
      vertex 120.12 25.1846 192.988
      vertex 122.365 25.2077 192.6
      vertex 5 25.208 214.508
    endloop
  endfacet
  facet normal 0.116156 -0.774112 0.622301
    outer loop
      vertex 5 25.208 214.508
      vertex 122.365 25.2077 192.6
      vertex 5 25.2335 214.539
    endloop
  endfacet
  facet normal 0.116081 -0.774443 0.621902
    outer loop
      vertex 122.365 25.2077 192.6
      vertex 122.534 25.2331 192.6
      vertex 5 25.2335 214.539
    endloop
  endfacet
  facet normal 0.121839 -0.747712 0.652749
    outer loop
      vertex 5 25.2335 214.539
      vertex 122.534 25.2331 192.6
      vertex 5 25.2602 214.57
    endloop
  endfacet
  facet normal 0.12181 -0.747855 0.652592
    outer loop
      vertex 122.534 25.2331 192.6
      vertex 122.701 25.2602 192.6
      vertex 5 25.2602 214.57
    endloop
  endfacet
  facet normal 0.127339 -0.71998 0.682213
    outer loop
      vertex 5 25.2602 214.57
      vertex 122.701 25.2602 192.6
      vertex 5 25.2883 214.599
    endloop
  endfacet
  facet normal 0.127309 -0.720135 0.682055
    outer loop
      vertex 122.701 25.2602 192.6
      vertex 122.857 25.288 192.6
      vertex 5 25.2883 214.599
    endloop
  endfacet
  facet normal 0.132632 -0.691013 0.71057
    outer loop
      vertex 5 25.2883 214.599
      vertex 122.857 25.288 192.6
      vertex 5 25.3175 214.628
    endloop
  endfacet
  facet normal 0.132593 -0.691233 0.710364
    outer loop
      vertex 122.857 25.288 192.6
      vertex 123.012 25.3175 192.6
      vertex 5 25.3175 214.628
    endloop
  endfacet
  facet normal 0.13769 -0.660971 0.737671
    outer loop
      vertex 5 25.3175 214.628
      vertex 123.012 25.3175 192.6
      vertex 5 25.3479 214.655
    endloop
  endfacet
  facet normal 0.137632 -0.661328 0.737362
    outer loop
      vertex 123.012 25.3175 192.6
      vertex 123.155 25.3474 192.6
      vertex 5 25.3479 214.655
    endloop
  endfacet
  facet normal 0.142475 -0.630132 0.763305
    outer loop
      vertex 5 25.3479 214.655
      vertex 123.155 25.3474 192.6
      vertex 5 25.3794 214.681
    endloop
  endfacet
  facet normal 0.142464 -0.630204 0.763248
    outer loop
      vertex 123.155 25.3474 192.6
      vertex 123.297 25.3794 192.6
      vertex 5 25.3794 214.681
    endloop
  endfacet
  facet normal 0.147084 -0.597855 0.787995
    outer loop
      vertex 5 25.3794 214.681
      vertex 123.297 25.3794 192.6
      vertex 5 25.412 214.706
    endloop
  endfacet
  facet normal 0.147039 -0.598179 0.787757
    outer loop
      vertex 123.297 25.3794 192.6
      vertex 123.427 25.4113 192.6
      vertex 5 25.412 214.706
    endloop
  endfacet
  facet normal 0.151386 -0.565056 0.811045
    outer loop
      vertex 5 25.412 214.706
      vertex 123.427 25.4113 192.6
      vertex 123.555 25.4456 192.6
    endloop
  endfacet
  facet normal 0.00106052 -0.999983 0.00568172
    outer loop
      vertex 5 25 213.897
      vertex 15.2537 25 211.983
      vertex 5 25.0001 213.908
    endloop
  endfacet
  facet normal -6.32825e-6 -1 1.58206e-7
    outer loop
      vertex 15.2537 25 211.983
      vertex 15.2537 25 211.983
      vertex 5 25.0001 213.908
    endloop
  endfacet
  facet normal -6.27511e-6 -1 4.41219e-7
    outer loop
      vertex 15.2537 25 211.983
      vertex 15.2537 25 211.983
      vertex 5 25.0001 213.908
    endloop
  endfacet
  facet normal -6.17172e-6 -1 9.91884e-7
    outer loop
      vertex 15.2537 25 211.983
      vertex 15.2537 25 211.983
      vertex 5 25.0001 213.908
    endloop
  endfacet
  facet normal -6.12438e-6 -1 1.24402e-6
    outer loop
      vertex 5 25.0001 213.908
      vertex 15.2537 25 211.983
      vertex 15.2537 25 211.984
    endloop
  endfacet
  facet normal -6.02468e-6 -1 1.77513e-6
    outer loop
      vertex 15.2537 25 211.984
      vertex 15.2538 25 211.984
      vertex 5 25.0001 213.908
    endloop
  endfacet
  facet normal -5.95282e-6 -1 2.1579e-6
    outer loop
      vertex 15.2538 25 211.984
      vertex 15.2538 25 211.984
      vertex 5 25.0001 213.908
    endloop
  endfacet
  facet normal -5.82625e-6 -1 2.83221e-6
    outer loop
      vertex 5 25.0001 213.908
      vertex 15.2538 25 211.984
      vertex 15.2539 25 211.984
    endloop
  endfacet
  facet normal -5.75748e-6 -1 3.1986e-6
    outer loop
      vertex 15.2539 25 211.984
      vertex 15.254 25 211.984
      vertex 5 25.0001 213.908
    endloop
  endfacet
  facet normal -5.59728e-6 -1 4.0522e-6
    outer loop
      vertex 15.254 25 211.984
      vertex 15.2541 25 211.984
      vertex 5 25.0001 213.908
    endloop
  endfacet
  facet normal -5.50258e-6 -1 4.55683e-6
    outer loop
      vertex 5 25.0001 213.908
      vertex 15.2541 25 211.984
      vertex 15.2543 25 211.984
    endloop
  endfacet
  facet normal -5.36279e-6 -1 5.30185e-6
    outer loop
      vertex 15.2543 25 211.984
      vertex 15.2544 25 211.985
      vertex 5 25.0001 213.908
    endloop
  endfacet
  facet normal 0.00146791 -0.999968 0.00785781
    outer loop
      vertex 15.2544 25 211.985
      vertex 15.2546 25 211.985
      vertex 5 25.0001 213.908
    endloop
  endfacet
  facet normal -4.90558e-6 -1 6.77072e-6
    outer loop
      vertex 5 25.0001 213.908
      vertex 15.2546 25 211.985
      vertex 15.2549 25 211.985
    endloop
  endfacet
  facet normal -4.73029e-6 -1 7.7052e-6
    outer loop
      vertex 15.2549 25 211.985
      vertex 15.2553 25 211.985
      vertex 5 25.0001 213.908
    endloop
  endfacet
  facet normal 0.000941733 -0.999987 0.00505435
    outer loop
      vertex 15.2553 25 211.985
      vertex 15.2558 25 211.985
      vertex 5 25.0001 213.908
    endloop
  endfacet
  facet normal 0.000693584 -0.999993 0.00373094
    outer loop
      vertex 5 25.0001 213.908
      vertex 15.2558 25 211.985
      vertex 15.2567 25 211.986
    endloop
  endfacet
  facet normal 0.000604198 -0.999995 0.0032541
    outer loop
      vertex 15.2567 25 211.986
      vertex 15.2578 25 211.986
      vertex 5 25.0001 213.908
    endloop
  endfacet
  facet normal 0.000463 -0.999997 0.00250066
    outer loop
      vertex 15.2578 25 211.986
      vertex 15.2596 25 211.987
      vertex 5 25.0001 213.908
    endloop
  endfacet
  facet normal 0.00109871 -0.999982 0.00589422
    outer loop
      vertex 5 25.0001 213.908
      vertex 15.2596 25 211.987
      vertex 15.2644 25 211.987
    endloop
  endfacet
  facet normal 0.00133956 -0.999973 0.00718097
    outer loop
      vertex 15.2644 25 211.987
      vertex 15.2716 25 211.988
      vertex 5 25.0001 213.908
    endloop
  endfacet
  facet normal 0.00178033 -0.999953 0.00953807
    outer loop
      vertex 15.2716 25 211.988
      vertex 15.291 25.0001 211.988
      vertex 5 25.0001 213.908
    endloop
  endfacet
  facet normal 0.00586486 -0.999489 0.0314208
    outer loop
      vertex 5 25.0001 213.908
      vertex 15.291 25.0001 211.988
      vertex 5 25.0013 213.948
    endloop
  endfacet
  facet normal 0.00243036 -0.999907 0.013395
    outer loop
      vertex 15.291 25.0001 211.988
      vertex 15.3135 25.0001 211.986
      vertex 5 25.0013 213.948
    endloop
  endfacet
  facet normal 0.00296728 -0.999864 0.0162175
    outer loop
      vertex 5 25.0013 213.948
      vertex 15.3135 25.0001 211.986
      vertex 15.3358 25.0001 211.985
    endloop
  endfacet
  facet normal 0.0136389 0 -0.999907
    outer loop
      vertex 299.269 26.5 139.976
      vertex 299.269 25.5 139.976
      vertex 219.269 26.6408 138.885
    endloop
  endfacet
  facet normal 0.0136389 0 -0.999907
    outer loop
      vertex 299.269 25.5 139.976
      vertex 219.269 25.3592 138.885
      vertex 219.269 26.6408 138.885
    endloop
  endfacet
  facet normal -1 0 0
    outer loop
      vertex 5 27 210.897
      vertex 5 25 210.897
      vertex 5 27 213.897
    endloop
  endfacet
  facet normal -1 0 0
    outer loop
      vertex 5 25 210.897
      vertex 5 25 213.897
      vertex 5 27 213.897
    endloop
  endfacet
  facet normal -1 0 0
    outer loop
      vertex 5 27 213.897
      vertex 5 25 213.897
      vertex 5 25.0001 213.908
    endloop
  endfacet
  facet normal -1 0 0
    outer loop
      vertex 5 25.0001 213.908
      vertex 5 26.7897 214.51
      vertex 5 26.8034 214.493
    endloop
  endfacet
  facet normal -1 0 0
    outer loop
      vertex 5 25.0001 213.908
      vertex 5 25.0013 213.948
      vertex 5 26.7897 214.51
    endloop
  endfacet
  facet normal -1 0 0
    outer loop
      vertex 5 25.0013 213.948
      vertex 5 25.0042 213.988
      vertex 5 26.7897 214.51
    endloop
  endfacet
  facet normal -1 0 0
    outer loop
      vertex 5 26.7897 214.51
      vertex 5 25.0042 213.988
      vertex 5 25.0086 214.028
    endloop
  endfacet
  facet normal -1 0 0
    outer loop
      vertex 5 26.8034 214.493
      vertex 5 26.8279 214.458
      vertex 5 25.0001 213.908
    endloop
  endfacet
  facet normal -1 0 0
    outer loop
      vertex 5 26.8279 214.458
      vertex 5 26.8509 214.422
      vertex 5 25.0001 213.908
    endloop
  endfacet
  facet normal -1 0 0
    outer loop
      vertex 5 25.0001 213.908
      vertex 5 26.8509 214.422
      vertex 5 26.8725 214.386
    endloop
  endfacet
  facet normal -1 0 0
    outer loop
      vertex 5 25.0086 214.028
      vertex 5 25.0147 214.068
      vertex 5 26.7897 214.51
    endloop
  endfacet
  facet normal -1 0 0
    outer loop
      vertex 5 25.0147 214.068
      vertex 5 25.0223 214.107
      vertex 5 26.7897 214.51
    endloop
  endfacet
  facet normal -1 0 0
    outer loop
      vertex 5 26.7897 214.51
      vertex 5 25.0223 214.107
      vertex 5 25.0315 214.146
    endloop
  endfacet
  facet normal -1 0 0
    outer loop
      vertex 5 26.8725 214.386
      vertex 5 26.8925 214.348
      vertex 5 25.0001 213.908
    endloop
  endfacet
  facet normal -1 0 0
    outer loop
      vertex 5 26.8925 214.348
      vertex 5 26.9109 214.31
      vertex 5 25.0001 213.908
    endloop
  endfacet
  facet normal -1 0 0
    outer loop
      vertex 5 25.0001 213.908
      vertex 5 26.9109 214.31
      vertex 5 26.9276 214.27
    endloop
  endfacet
  facet normal -1 0 0
    outer loop
      vertex 5 25.0315 214.146
      vertex 5 25.0423 214.185
      vertex 5 26.7897 214.51
    endloop
  endfacet
  facet normal -1 0 0
    outer loop
      vertex 5 25.0423 214.185
      vertex 5 25.0547 214.223
      vertex 5 26.7897 214.51
    endloop
  endfacet
  facet normal -1 0 0
    outer loop
      vertex 5 26.7897 214.51
      vertex 5 25.0547 214.223
      vertex 5 25.0686 214.261
    endloop
  endfacet
  facet normal -1 0 0
    outer loop
      vertex 5 26.9276 214.27
      vertex 5 26.9428 214.231
      vertex 5 25.0001 213.908
    endloop
  endfacet
  facet normal -1 0 0
    outer loop
      vertex 5 26.9428 214.231
      vertex 5 26.9562 214.19
      vertex 5 25.0001 213.908
    endloop
  endfacet
  facet normal -1 0 0
    outer loop
      vertex 5 25.0001 213.908
      vertex 5 26.9562 214.19
      vertex 5 26.9678 214.149
    endloop
  endfacet
  facet normal -1 0 0
    outer loop
      vertex 5 25.0686 214.261
      vertex 5 25.0841 214.298
      vertex 5 26.7897 214.51
    endloop
  endfacet
  facet normal -1 0 0
    outer loop
      vertex 5 25.0841 214.298
      vertex 5 25.101 214.335
      vertex 5 26.7897 214.51
    endloop
  endfacet
  facet normal -1 0 0
    outer loop
      vertex 5 26.7897 214.51
      vertex 5 25.101 214.335
      vertex 5 25.1195 214.371
    endloop
  endfacet
  facet normal -1 0 0
    outer loop
      vertex 5 26.9678 214.149
      vertex 5 26.9777 214.107
      vertex 5 25.0001 213.908
    endloop
  endfacet
  facet normal -1 0 0
    outer loop
      vertex 5 26.9777 214.107
      vertex 5 26.9858 214.065
      vertex 5 25.0001 213.908
    endloop
  endfacet
  facet normal -1 0 0
    outer loop
      vertex 5 25.0001 213.908
      vertex 5 26.9858 214.065
      vertex 5 26.9921 214.022
    endloop
  endfacet
  facet normal -1 0 0
    outer loop
      vertex 5 26.9921 214.022
      vertex 5 26.9966 213.979
      vertex 5 25.0001 213.908
    endloop
  endfacet
  facet normal -1 0 0
    outer loop
      vertex 5 26.9966 213.979
      vertex 5 26.9992 213.936
      vertex 5 25.0001 213.908
    endloop
  endfacet
  facet normal -1 0 0
    outer loop
      vertex 5 25.0001 213.908
      vertex 5 26.9992 213.936
      vertex 5 27 213.897
    endloop
  endfacet
  facet normal -1 0 0
    outer loop
      vertex 5 25.1195 214.371
      vertex 5 25.1394 214.406
      vertex 5 26.7897 214.51
    endloop
  endfacet
  facet normal -1 0 0
    outer loop
      vertex 5 25.1394 214.406
      vertex 5 25.1607 214.441
      vertex 5 26.7897 214.51
    endloop
  endfacet
  facet normal -1 0 0
    outer loop
      vertex 5 26.7897 214.51
      vertex 5 25.1607 214.441
      vertex 5 25.1835 214.474
    endloop
  endfacet
  facet normal -1 0 0
    outer loop
      vertex 5 25.1835 214.474
      vertex 5 25.208 214.508
      vertex 5 26.7897 214.51
    endloop
  endfacet
  facet normal -1 0 0
    outer loop
      vertex 5 25.208 214.508
      vertex 5 25.2335 214.539
      vertex 5 26.7897 214.51
    endloop
  endfacet
  facet normal -1 0 0
    outer loop
      vertex 5 26.7897 214.51
      vertex 5 25.2335 214.539
      vertex 5 25.2602 214.57
    endloop
  endfacet
  facet normal -1 0 0
    outer loop
      vertex 5 25.2602 214.57
      vertex 5 25.2883 214.599
      vertex 5 26.7897 214.51
    endloop
  endfacet
  facet normal -1 0 0
    outer loop
      vertex 5 25.2883 214.599
      vertex 5 25.3175 214.628
      vertex 5 26.7897 214.51
    endloop
  endfacet
  facet normal -1 0 0
    outer loop
      vertex 5 26.7897 214.51
      vertex 5 25.3175 214.628
      vertex 5 25.3479 214.655
    endloop
  endfacet
  facet normal -1 0 0
    outer loop
      vertex 5 25.3479 214.655
      vertex 5 25.3794 214.681
      vertex 5 26.7897 214.51
    endloop
  endfacet
  facet normal -1 0 0
    outer loop
      vertex 5 25.3794 214.681
      vertex 5 25.412 214.706
      vertex 5 26.7897 214.51
    endloop
  endfacet
  facet normal -1 0 0
    outer loop
      vertex 5 26.7897 214.51
      vertex 5 25.412 214.706
      vertex 5 25.4456 214.729
    endloop
  endfacet
  facet normal -1 0 0
    outer loop
      vertex 5 25.4456 214.729
      vertex 5 25.4802 214.751
      vertex 5 26.7897 214.51
    endloop
  endfacet
  facet normal -1 0 0
    outer loop
      vertex 5 25.4802 214.751
      vertex 5 25.5156 214.772
      vertex 5 26.7897 214.51
    endloop
  endfacet
  facet normal -1 0 0
    outer loop
      vertex 5 26.7897 214.51
      vertex 5 25.5156 214.772
      vertex 5 25.5519 214.791
    endloop
  endfacet
  facet normal -1 0 0
    outer loop
      vertex 5 25.5519 214.791
      vertex 5 25.589 214.809
      vertex 5 26.7897 214.51
    endloop
  endfacet
  facet normal -1 0 0
    outer loop
      vertex 5 25.589 214.809
      vertex 5 25.6269 214.825
      vertex 5 26.7897 214.51
    endloop
  endfacet
  facet normal -1 0 0
    outer loop
      vertex 5 26.7897 214.51
      vertex 5 25.6269 214.825
      vertex 5 25.6654 214.839
    endloop
  endfacet
  facet normal -1 0 0
    outer loop
      vertex 5 25.6654 214.839
      vertex 5 25.7044 214.852
      vertex 5 26.7897 214.51
    endloop
  endfacet
  facet normal -1 0 0
    outer loop
      vertex 5 25.7044 214.852
      vertex 5 25.7441 214.864
      vertex 5 26.7897 214.51
    endloop
  endfacet
  facet normal -1 0 0
    outer loop
      vertex 5 26.7897 214.51
      vertex 5 25.7441 214.864
      vertex 5 25.7842 214.873
    endloop
  endfacet
  facet normal -1 0 0
    outer loop
      vertex 5 25.7842 214.873
      vertex 5 25.8247 214.882
      vertex 5 26.7897 214.51
    endloop
  endfacet
  facet normal -1 0 0
    outer loop
      vertex 5 25.8247 214.882
      vertex 5 25.8655 214.888
      vertex 5 26.7897 214.51
    endloop
  endfacet
  facet normal -1 0 0
    outer loop
      vertex 5 26.7897 214.51
      vertex 5 25.8655 214.888
      vertex 5 25.9066 214.893
    endloop
  endfacet
  facet normal -1 0 0
    outer loop
      vertex 5 25.9066 214.893
      vertex 5 25.9479 214.896
      vertex 5 26.7897 214.51
    endloop
  endfacet
  facet normal -1 0 0
    outer loop
      vertex 5 25.9479 214.896
      vertex 5 25.9893 214.897
      vertex 5 26.7897 214.51
    endloop
  endfacet
  facet normal -1 0 0
    outer loop
      vertex 5 26.7897 214.51
      vertex 5 25.9893 214.897
      vertex 5 26.0307 214.897
    endloop
  endfacet
  facet normal -1 0 0
    outer loop
      vertex 5 26.0307 214.897
      vertex 5 26.0722 214.894
      vertex 5 26.7897 214.51
    endloop
  endfacet
  facet normal -1 0 0
    outer loop
      vertex 5 26.0722 214.894
      vertex 5 26.1136 214.891
      vertex 5 26.7897 214.51
    endloop
  endfacet
  facet normal -1 0 0
    outer loop
      vertex 5 26.7897 214.51
      vertex 5 26.1136 214.891
      vertex 5 26.1548 214.885
    endloop
  endfacet
  facet normal -1 0 0
    outer loop
      vertex 5 26.1548 214.885
      vertex 5 26.1957 214.878
      vertex 5 26.7897 214.51
    endloop
  endfacet
  facet normal -1 0 0
    outer loop
      vertex 5 26.1957 214.878
      vertex 5 26.2364 214.869
      vertex 5 26.7897 214.51
    endloop
  endfacet
  facet normal -1 0 0
    outer loop
      vertex 5 26.7897 214.51
      vertex 5 26.2364 214.869
      vertex 5 26.2767 214.858
    endloop
  endfacet
  facet normal -1 0 0
    outer loop
      vertex 5 26.2767 214.858
      vertex 5 26.3166 214.846
      vertex 5 26.7897 214.51
    endloop
  endfacet
  facet normal -1 0 0
    outer loop
      vertex 5 26.3166 214.846
      vertex 5 26.3559 214.832
      vertex 5 26.7897 214.51
    endloop
  endfacet
  facet normal -1 0 0
    outer loop
      vertex 5 26.7897 214.51
      vertex 5 26.3559 214.832
      vertex 5 26.3947 214.816
    endloop
  endfacet
  facet normal -1 0 0
    outer loop
      vertex 5 26.3947 214.816
      vertex 5 26.4327 214.799
      vertex 5 26.7897 214.51
    endloop
  endfacet
  facet normal -1 0 0
    outer loop
      vertex 5 26.4327 214.799
      vertex 5 26.4701 214.78
      vertex 5 26.7897 214.51
    endloop
  endfacet
  facet normal -1 0 0
    outer loop
      vertex 5 26.7897 214.51
      vertex 5 26.4701 214.78
      vertex 5 26.5067 214.759
    endloop
  endfacet
  facet normal -1 0 0
    outer loop
      vertex 5 26.5067 214.759
      vertex 5 26.5424 214.737
      vertex 5 26.7897 214.51
    endloop
  endfacet
  facet normal -1 0 0
    outer loop
      vertex 5 26.5424 214.737
      vertex 5 26.5772 214.714
      vertex 5 26.7897 214.51
    endloop
  endfacet
  facet normal -1 0 0
    outer loop
      vertex 5 26.7897 214.51
      vertex 5 26.5772 214.714
      vertex 5 26.611 214.689
    endloop
  endfacet
  facet normal -1 0 0
    outer loop
      vertex 5 26.611 214.689
      vertex 5 26.6438 214.662
      vertex 5 26.7897 214.51
    endloop
  endfacet
  facet normal -1 0 0
    outer loop
      vertex 5 26.6438 214.662
      vertex 5 26.6755 214.634
      vertex 5 26.7897 214.51
    endloop
  endfacet
  facet normal -1 0 0
    outer loop
      vertex 5 26.7897 214.51
      vertex 5 26.6755 214.634
      vertex 5 26.7632 214.543
    endloop
  endfacet
  facet normal -1 0 0
    outer loop
      vertex 5 26.6755 214.634
      vertex 5 26.706 214.605
      vertex 5 26.7632 214.543
    endloop
  endfacet
  facet normal -1 0 0
    outer loop
      vertex 5 26.7632 214.543
      vertex 5 26.706 214.605
      vertex 5 26.7352 214.575
    endloop
  endfacet
  facet normal 0.179238 0.213947 0.960261
    outer loop
      vertex 135.034 26.2227 190.6
      vertex 135.046 26.2122 190.6
      vertex 299.269 26.2122 159.947
    endloop
  endfacet
  facet normal 0.18274 0.0901287 0.979021
    outer loop
      vertex 135.144 26.0943 190.6
      vertex 135.147 26.0889 190.6
      vertex 299.269 26.0889 159.966
    endloop
  endfacet
  facet normal 0.183214 0.0544963 0.981561
    outer loop
      vertex 135.157 26.0633 190.6
      vertex 135.162 26.0475 190.6
      vertex 299.269 26.0475 159.969
    endloop
  endfacet
  facet normal 0.182758 -0.0890444 0.979117
    outer loop
      vertex 135.151 25.9195 190.6
      vertex 135.141 25.8994 190.6
      vertex 299.269 25.8994 159.965
    endloop
  endfacet
  facet normal 0.177697 -0.249226 0.952003
    outer loop
      vertex 135.007 25.7565 190.6
      vertex 134.98 25.7371 190.6
      vertex 299.269 25.7371 159.935
    endloop
  endfacet
  facet normal 0.160097 -0.488197 0.857924
    outer loop
      vertex 286.946 25.4783 162.123
      vertex 299.269 25.5 159.836
      vertex 299.269 25.5094 159.841
    endloop
  endfacet
  facet normal 0.160345 0.485775 0.859251
    outer loop
      vertex 299.269 26.4849 159.845
      vertex 299.269 26.5 159.836
      vertex 289.255 26.5176 161.695
    endloop
  endfacet
  facet normal 0.1587 -0.501918 0.850231
    outer loop
      vertex 134.479 25.5094 190.6
      vertex 134.367 25.4741 190.6
      vertex 286.946 25.4783 162.123
    endloop
  endfacet
  facet normal 0.155563 -0.53029 0.833422
    outer loop
      vertex 286.946 25.4783 162.123
      vertex 134.367 25.4741 190.6
      vertex 270.065 25.4486 165.255
    endloop
  endfacet
  facet normal 0.154819 -0.536709 0.829442
    outer loop
      vertex 134.367 25.4741 190.6
      vertex 134.248 25.4397 190.6
      vertex 270.065 25.4486 165.255
    endloop
  endfacet
  facet normal 0.151976 -0.560339 0.814201
    outer loop
      vertex 270.065 25.4486 165.255
      vertex 134.248 25.4397 190.6
      vertex 252.987 25.4185 168.423
    endloop
  endfacet
  facet normal 0.15069 -0.570546 0.807323
    outer loop
      vertex 134.248 25.4397 190.6
      vertex 134.122 25.4062 190.6
      vertex 252.987 25.4185 168.423
    endloop
  endfacet
  facet normal 0.148042 -0.590798 0.793122
    outer loop
      vertex 252.987 25.4185 168.423
      vertex 134.122 25.4062 190.6
      vertex 235.692 25.3881 171.628
    endloop
  endfacet
  facet normal 0.146262 -0.603798 0.783604
    outer loop
      vertex 134.122 25.4062 190.6
      vertex 133.986 25.3733 190.6
      vertex 235.692 25.3881 171.628
    endloop
  endfacet
  facet normal 0.143716 -0.621718 0.769943
    outer loop
      vertex 235.692 25.3881 171.628
      vertex 133.986 25.3733 190.6
      vertex 218.163 25.3572 174.875
    endloop
  endfacet
  facet normal 0.14163 -0.635752 0.758789
    outer loop
      vertex 133.986 25.3733 190.6
      vertex 133.847 25.3425 190.6
      vertex 218.163 25.3572 174.875
    endloop
  endfacet
  facet normal 0.138943 -0.653157 0.744366
    outer loop
      vertex 218.163 25.3572 174.875
      vertex 133.847 25.3425 190.6
      vertex 200.38 25.3259 178.167
    endloop
  endfacet
  facet normal 0.136771 -0.666601 0.73276
    outer loop
      vertex 133.847 25.3425 190.6
      vertex 133.698 25.3119 190.6
      vertex 200.38 25.3259 178.167
    endloop
  endfacet
  facet normal 0.133656 -0.68515 0.716035
    outer loop
      vertex 200.38 25.3259 178.167
      vertex 133.698 25.3119 190.6
      vertex 182.322 25.2941 181.507
    endloop
  endfacet
  facet normal 0.131676 -0.696402 0.705468
    outer loop
      vertex 133.698 25.3119 190.6
      vertex 133.547 25.2833 190.6
      vertex 182.322 25.2941 181.507
    endloop
  endfacet
  facet normal 0.127756 -0.717809 0.684419
    outer loop
      vertex 182.322 25.2941 181.507
      vertex 133.547 25.2833 190.6
      vertex 163.968 25.2618 184.899
    endloop
  endfacet
  facet normal 0.126349 -0.725117 0.676936
    outer loop
      vertex 133.547 25.2833 190.6
      vertex 133.385 25.2551 190.6
      vertex 163.968 25.2618 184.899
    endloop
  endfacet
  facet normal 0.121124 -0.75119 0.648878
    outer loop
      vertex 163.968 25.2618 184.899
      vertex 133.385 25.2551 190.6
      vertex 145.294 25.2289 188.347
    endloop
  endfacet
  facet normal 0.120789 -0.752755 0.647125
    outer loop
      vertex 133.385 25.2551 190.6
      vertex 133.22 25.2286 190.6
      vertex 145.294 25.2289 188.347
    endloop
  endfacet
  facet normal 0.115538 -0.776857 0.618986
    outer loop
      vertex 145.294 25.2289 188.347
      vertex 133.22 25.2286 190.6
      vertex 133.078 25.2074 190.6
    endloop
  endfacet
  facet normal 0.158916 -0.499889 0.851385
    outer loop
      vertex 286.946 25.4783 162.123
      vertex 299.269 25.5094 159.841
      vertex 134.479 25.5094 190.6
    endloop
  endfacet
  facet normal 0.162303 -0.466449 0.869531
    outer loop
      vertex 299.269 25.5094 159.841
      vertex 299.269 25.5455 159.861
      vertex 134.479 25.5094 190.6
    endloop
  endfacet
  facet normal 0.16231 -0.466374 0.869569
    outer loop
      vertex 134.479 25.5094 190.6
      vertex 299.269 25.5455 159.861
      vertex 134.583 25.5455 190.6
    endloop
  endfacet
  facet normal 0.165655 -0.430018 0.887493
    outer loop
      vertex 299.269 25.5455 159.861
      vertex 299.269 25.5825 159.879
      vertex 134.583 25.5455 190.6
    endloop
  endfacet
  facet normal 0.165654 -0.430035 0.887484
    outer loop
      vertex 134.583 25.5455 190.6
      vertex 299.269 25.5825 159.879
      vertex 134.679 25.5825 190.6
    endloop
  endfacet
  facet normal 0.168723 -0.392993 0.90393
    outer loop
      vertex 299.269 25.5825 159.879
      vertex 299.269 25.6202 159.895
      vertex 134.679 25.5825 190.6
    endloop
  endfacet
  facet normal 0.16872 -0.393038 0.903911
    outer loop
      vertex 134.679 25.5825 190.6
      vertex 299.269 25.6202 159.895
      vertex 134.767 25.6202 190.6
    endloop
  endfacet
  facet normal 0.171511 -0.355345 0.918866
    outer loop
      vertex 299.269 25.6586 159.91
      vertex 134.846 25.6586 190.6
      vertex 299.269 25.6202 159.895
    endloop
  endfacet
  facet normal 0.172149 -0.346093 0.922271
    outer loop
      vertex 134.846 25.6586 190.6
      vertex 134.807 25.6389 190.6
      vertex 299.269 25.6202 159.895
    endloop
  endfacet
  facet normal 0.170831 -0.364947 0.915221
    outer loop
      vertex 299.269 25.6202 159.895
      vertex 134.807 25.6389 190.6
      vertex 134.767 25.6202 190.6
    endloop
  endfacet
  facet normal 0.176239 -0.278272 0.944195
    outer loop
      vertex 299.269 25.7371 159.935
      vertex 134.98 25.7371 190.6
      vertex 299.269 25.6976 159.923
    endloop
  endfacet
  facet normal 0.176739 -0.268743 0.946858
    outer loop
      vertex 134.98 25.7371 190.6
      vertex 134.949 25.7168 190.6
      vertex 299.269 25.6976 159.923
    endloop
  endfacet
  facet normal 0.175694 -0.288335 0.941273
    outer loop
      vertex 134.949 25.7168 190.6
      vertex 134.917 25.6976 190.6
      vertex 299.269 25.6976 159.923
    endloop
  endfacet
  facet normal 0.174017 -0.317102 0.93229
    outer loop
      vertex 299.269 25.6976 159.923
      vertex 134.917 25.6976 190.6
      vertex 299.269 25.6586 159.91
    endloop
  endfacet
  facet normal 0.174589 -0.307664 0.93534
    outer loop
      vertex 134.917 25.6976 190.6
      vertex 134.882 25.6776 190.6
      vertex 299.269 25.6586 159.91
    endloop
  endfacet
  facet normal 0.173411 -0.326813 0.929043
    outer loop
      vertex 299.269 25.6586 159.91
      vertex 134.882 25.6776 190.6
      vertex 134.846 25.6586 190.6
    endloop
  endfacet
  facet normal 0.17959 -0.205015 0.962142
    outer loop
      vertex 135.056 25.7968 190.6
      vertex 135.045 25.7868 190.6
      vertex 299.269 25.7771 159.945
    endloop
  endfacet
  facet normal 0.179217 -0.214455 0.960151
    outer loop
      vertex 135.045 25.7868 190.6
      vertex 135.033 25.7771 190.6
      vertex 299.269 25.7771 159.945
    endloop
  endfacet
  facet normal 0.17816 -0.239188 0.954488
    outer loop
      vertex 299.269 25.7771 159.945
      vertex 135.033 25.7771 190.6
      vertex 299.269 25.7371 159.935
    endloop
  endfacet
  facet normal 0.178807 -0.224485 0.957932
    outer loop
      vertex 135.033 25.7771 190.6
      vertex 135.02 25.7666 190.6
      vertex 299.269 25.7371 159.935
    endloop
  endfacet
  facet normal 0.178375 -0.234428 0.955628
    outer loop
      vertex 299.269 25.7371 159.935
      vertex 135.02 25.7666 190.6
      vertex 135.007 25.7565 190.6
    endloop
  endfacet
  facet normal 0.180979 -0.164783 0.969584
    outer loop
      vertex 135.097 25.8373 190.6
      vertex 135.088 25.8273 190.6
      vertex 299.269 25.8176 159.953
    endloop
  endfacet
  facet normal 0.180661 -0.174826 0.967883
    outer loop
      vertex 135.088 25.8273 190.6
      vertex 135.078 25.8176 190.6
      vertex 299.269 25.8176 159.953
    endloop
  endfacet
  facet normal 0.17981 -0.199171 0.963327
    outer loop
      vertex 299.269 25.8176 159.953
      vertex 135.078 25.8176 190.6
      vertex 299.269 25.7771 159.945
    endloop
  endfacet
  facet normal 0.180335 -0.184639 0.96612
    outer loop
      vertex 135.078 25.8176 190.6
      vertex 135.068 25.807 190.6
      vertex 299.269 25.7771 159.945
    endloop
  endfacet
  facet normal 0.179977 -0.194683 0.964213
    outer loop
      vertex 299.269 25.7771 159.945
      vertex 135.068 25.807 190.6
      vertex 135.056 25.7968 190.6
    endloop
  endfacet
  facet normal 0.182182 -0.119026 0.976034
    outer loop
      vertex 299.269 25.8994 159.965
      vertex 135.141 25.8994 190.6
      vertex 299.269 25.8583 159.96
    endloop
  endfacet
  facet normal 0.18239 -0.109282 0.977134
    outer loop
      vertex 135.141 25.8994 190.6
      vertex 135.128 25.8784 190.6
      vertex 299.269 25.8583 159.96
    endloop
  endfacet
  facet normal 0.181943 -0.129436 0.974753
    outer loop
      vertex 135.128 25.8784 190.6
      vertex 135.114 25.8583 190.6
      vertex 299.269 25.8583 159.96
    endloop
  endfacet
  facet normal 0.181135 -0.159573 0.970426
    outer loop
      vertex 299.269 25.8583 159.96
      vertex 135.114 25.8583 190.6
      vertex 299.269 25.8176 159.953
    endloop
  endfacet
  facet normal 0.181565 -0.144465 0.97271
    outer loop
      vertex 135.114 25.8583 190.6
      vertex 135.106 25.8477 190.6
      vertex 299.269 25.8176 159.953
    endloop
  endfacet
  facet normal 0.181275 -0.154865 0.971162
    outer loop
      vertex 299.269 25.8176 159.953
      vertex 135.106 25.8477 190.6
      vertex 135.097 25.8373 190.6
    endloop
  endfacet
  facet normal 0.183353 -0.0381907 0.982305
    outer loop
      vertex 299.269 25.9821 159.97
      vertex 135.167 25.9821 190.6
      vertex 299.269 25.9407 159.968
    endloop
  endfacet
  facet normal 0.183431 -0.0253158 0.982707
    outer loop
      vertex 135.167 25.9821 190.6
      vertex 135.165 25.9664 190.6
      vertex 299.269 25.9407 159.968
    endloop
  endfacet
  facet normal 0.183335 -0.0406874 0.982208
    outer loop
      vertex 135.165 25.9664 190.6
      vertex 135.162 25.9509 190.6
      vertex 299.269 25.9407 159.968
    endloop
  endfacet
  facet normal 0.183227 -0.0531767 0.981631
    outer loop
      vertex 135.162 25.9509 190.6
      vertex 135.159 25.9406 190.6
      vertex 299.269 25.9407 159.968
    endloop
  endfacet
  facet normal 0.182919 -0.078565 0.979984
    outer loop
      vertex 299.269 25.9407 159.968
      vertex 135.159 25.9406 190.6
      vertex 299.269 25.8994 159.965
    endloop
  endfacet
  facet normal 0.183146 -0.0612614 0.981175
    outer loop
      vertex 135.159 25.9406 190.6
      vertex 135.157 25.9353 190.6
      vertex 299.269 25.8994 159.965
    endloop
  endfacet
  facet normal 0.183021 -0.07133 0.980518
    outer loop
      vertex 299.269 25.8994 159.965
      vertex 135.157 25.9353 190.6
      vertex 135.151 25.9195 190.6
    endloop
  endfacet
  facet normal 0.183424 0.0261285 0.982687
    outer loop
      vertex 299.269 26.0475 159.969
      vertex 135.162 26.0475 190.6
      vertex 299.269 26.006 159.97
    endloop
  endfacet
  facet normal 0.18335 0.0390504 0.982272
    outer loop
      vertex 135.162 26.0475 190.6
      vertex 135.165 26.0321 190.6
      vertex 299.269 26.006 159.97
    endloop
  endfacet
  facet normal 0.183434 0.0239967 0.982739
    outer loop
      vertex 135.165 26.0321 190.6
      vertex 135.168 26.0165 190.6
      vertex 299.269 26.006 159.97
    endloop
  endfacet
  facet normal 0.183483 -0.0055109 0.983007
    outer loop
      vertex 299.269 26.006 159.97
      vertex 135.168 26.0165 190.6
      vertex 299.269 25.9821 159.97
    endloop
  endfacet
  facet normal 0.183482 0.00809055 0.98299
    outer loop
      vertex 135.168 26.0165 190.6
      vertex 135.168 26 190.6
      vertex 299.269 25.9821 159.97
    endloop
  endfacet
  facet normal 0.183479 -0.00885525 0.982984
    outer loop
      vertex 299.269 25.9821 159.97
      vertex 135.168 26 190.6
      vertex 135.167 25.9821 190.6
    endloop
  endfacet
  facet normal 0.183074 0.0670279 0.980812
    outer loop
      vertex 299.269 26.0889 159.966
      vertex 135.147 26.0889 190.6
      vertex 299.269 26.0475 159.969
    endloop
  endfacet
  facet normal 0.182867 0.0823808 0.97968
    outer loop
      vertex 135.147 26.0889 190.6
      vertex 135.152 26.0788 190.6
      vertex 299.269 26.0475 159.969
    endloop
  endfacet
  facet normal 0.183039 0.0698964 0.980618
    outer loop
      vertex 299.269 26.0475 159.969
      vertex 135.152 26.0788 190.6
      vertex 135.157 26.0633 190.6
    endloop
  endfacet
  facet normal 0.181583 0.143684 0.972822
    outer loop
      vertex 135.107 26.1513 190.6
      vertex 135.115 26.1409 190.6
      vertex 299.269 26.1302 159.962
    endloop
  endfacet
  facet normal 0.181848 0.133336 0.974245
    outer loop
      vertex 135.115 26.1409 190.6
      vertex 135.123 26.1302 190.6
      vertex 299.269 26.1302 159.962
    endloop
  endfacet
  facet normal 0.182416 0.107872 0.977286
    outer loop
      vertex 299.269 26.1302 159.962
      vertex 135.123 26.1302 190.6
      vertex 299.269 26.0889 159.966
    endloop
  endfacet
  facet normal 0.182204 0.118143 0.976137
    outer loop
      vertex 135.123 26.1302 190.6
      vertex 135.136 26.1101 190.6
      vertex 299.269 26.0889 159.966
    endloop
  endfacet
  facet normal 0.18256 0.100354 0.97806
    outer loop
      vertex 299.269 26.0889 159.966
      vertex 135.136 26.1101 190.6
      vertex 135.144 26.0943 190.6
    endloop
  endfacet
  facet normal 0.180346 0.184239 0.966194
    outer loop
      vertex 135.068 26.1924 190.6
      vertex 135.079 26.182 190.6
      vertex 299.269 26.1713 159.955
    endloop
  endfacet
  facet normal 0.180694 0.173799 0.968062
    outer loop
      vertex 135.079 26.182 190.6
      vertex 135.089 26.1713 190.6
      vertex 299.269 26.1713 159.955
    endloop
  endfacet
  facet normal 0.181457 0.148308 0.972151
    outer loop
      vertex 299.269 26.1713 159.955
      vertex 135.089 26.1713 190.6
      vertex 299.269 26.1302 159.962
    endloop
  endfacet
  facet normal 0.181017 0.163645 0.96977
    outer loop
      vertex 135.089 26.1713 190.6
      vertex 135.098 26.1615 190.6
      vertex 299.269 26.1302 159.962
    endloop
  endfacet
  facet normal 0.181308 0.153716 0.971339
    outer loop
      vertex 299.269 26.1302 159.962
      vertex 135.098 26.1615 190.6
      vertex 135.107 26.1513 190.6
    endloop
  endfacet
  facet normal 0.180202 0.188367 0.965425
    outer loop
      vertex 299.269 26.2122 159.947
      vertex 135.046 26.2122 190.6
      vertex 299.269 26.1713 159.955
    endloop
  endfacet
  facet normal 0.179633 0.203963 0.962357
    outer loop
      vertex 135.046 26.2122 190.6
      vertex 135.057 26.2024 190.6
      vertex 299.269 26.1713 159.955
    endloop
  endfacet
  facet normal 0.180001 0.194047 0.964337
    outer loop
      vertex 299.269 26.1713 159.955
      vertex 135.057 26.2024 190.6
      vertex 135.068 26.1924 190.6
    endloop
  endfacet
  facet normal 0.176758 0.268328 0.946972
    outer loop
      vertex 299.269 26.2527 159.938
      vertex 299.269 26.2928 159.926
      vertex 134.933 26.2928 190.6
    endloop
  endfacet
  facet normal 0.176224 0.278613 0.944097
    outer loop
      vertex 134.933 26.2928 190.6
      vertex 134.964 26.2734 190.6
      vertex 299.269 26.2527 159.938
    endloop
  endfacet
  facet normal 0.177228 0.258938 0.949495
    outer loop
      vertex 134.964 26.2734 190.6
      vertex 134.994 26.2527 190.6
      vertex 299.269 26.2527 159.938
    endloop
  endfacet
  facet normal 0.178609 0.229031 0.956893
    outer loop
      vertex 299.269 26.2527 159.938
      vertex 134.994 26.2527 190.6
      vertex 299.269 26.2122 159.947
    endloop
  endfacet
  facet normal 0.178172 0.238978 0.954539
    outer loop
      vertex 134.994 26.2527 190.6
      vertex 135.021 26.233 190.6
      vertex 299.269 26.2122 159.947
    endloop
  endfacet
  facet normal 0.178819 0.22414 0.958011
    outer loop
      vertex 299.269 26.2122 159.947
      vertex 135.021 26.233 190.6
      vertex 135.034 26.2227 190.6
    endloop
  endfacet
  facet normal 0.171418 0.356716 0.918352
    outer loop
      vertex 134.785 26.3716 190.6
      vertex 134.824 26.3525 190.6
      vertex 299.269 26.3325 159.913
    endloop
  endfacet
  facet normal 0.172732 0.337317 0.925408
    outer loop
      vertex 134.824 26.3525 190.6
      vertex 134.863 26.3325 190.6
      vertex 299.269 26.3325 159.913
    endloop
  endfacet
  facet normal 0.174572 0.307903 0.935265
    outer loop
      vertex 299.269 26.3325 159.913
      vertex 134.863 26.3325 190.6
      vertex 299.269 26.2928 159.926
    endloop
  endfacet
  facet normal 0.173963 0.318026 0.931985
    outer loop
      vertex 134.863 26.3325 190.6
      vertex 134.899 26.3132 190.6
      vertex 299.269 26.2928 159.926
    endloop
  endfacet
  facet normal 0.17513 0.29834 0.938255
    outer loop
      vertex 299.269 26.2928 159.926
      vertex 134.899 26.3132 190.6
      vertex 134.933 26.2928 190.6
    endloop
  endfacet
  facet normal 0.115232 0.778202 0.617351
    outer loop
      vertex 133.078 26.7926 190.6
      vertex 133.202 26.7741 190.6
      vertex 143.575 26.7741 188.664
    endloop
  endfacet
  facet normal 0.120257 0.75528 0.644275
    outer loop
      vertex 133.202 26.7741 190.6
      vertex 133.371 26.7472 190.6
      vertex 143.575 26.7741 188.664
    endloop
  endfacet
  facet normal 0.120571 0.753836 0.645906
    outer loop
      vertex 143.575 26.7741 188.664
      vertex 133.371 26.7472 190.6
      vertex 162.936 26.74 185.09
    endloop
  endfacet
  facet normal 0.125947 0.727186 0.674787
    outer loop
      vertex 133.371 26.7472 190.6
      vertex 133.537 26.7185 190.6
      vertex 162.936 26.74 185.09
    endloop
  endfacet
  facet normal 0.127454 0.719405 0.682797
    outer loop
      vertex 162.936 26.74 185.09
      vertex 133.537 26.7185 190.6
      vertex 181.927 26.7066 181.58
    endloop
  endfacet
  facet normal 0.131525 0.697244 0.704665
    outer loop
      vertex 133.537 26.7185 190.6
      vertex 133.699 26.6879 190.6
      vertex 181.927 26.7066 181.58
    endloop
  endfacet
  facet normal 0.133597 0.685494 0.715716
    outer loop
      vertex 181.927 26.7066 181.58
      vertex 133.699 26.6879 190.6
      vertex 200.561 26.6738 178.133
    endloop
  endfacet
  facet normal 0.136807 0.66638 0.732954
    outer loop
      vertex 133.699 26.6879 190.6
      vertex 133.849 26.6572 190.6
      vertex 200.561 26.6738 178.133
    endloop
  endfacet
  facet normal 0.139072 0.652339 0.745058
    outer loop
      vertex 200.561 26.6738 178.133
      vertex 133.849 26.6572 190.6
      vertex 218.865 26.6415 174.745
    endloop
  endfacet
  facet normal 0.141828 0.634433 0.759855
    outer loop
      vertex 133.849 26.6572 190.6
      vertex 133.996 26.6244 190.6
      vertex 218.865 26.6415 174.745
    endloop
  endfacet
  facet normal 0.143963 0.620023 0.771263
    outer loop
      vertex 218.865 26.6415 174.745
      vertex 133.996 26.6244 190.6
      vertex 236.864 26.6099 171.411
    endloop
  endfacet
  facet normal 0.14657 0.601573 0.785256
    outer loop
      vertex 133.996 26.6244 190.6
      vertex 134.13 26.5917 190.6
      vertex 236.864 26.6099 171.411
    endloop
  endfacet
  facet normal 0.148363 0.588402 0.79484
    outer loop
      vertex 236.864 26.6099 171.411
      vertex 134.13 26.5917 190.6
      vertex 254.58 26.5787 168.127
    endloop
  endfacet
  facet normal 0.15106 0.567629 0.809307
    outer loop
      vertex 134.13 26.5917 190.6
      vertex 134.262 26.5566 190.6
      vertex 254.58 26.5787 168.127
    endloop
  endfacet
  facet normal 0.152349 0.557327 0.816196
    outer loop
      vertex 254.58 26.5787 168.127
      vertex 134.262 26.5566 190.6
      vertex 272.037 26.5479 164.89
    endloop
  endfacet
  facet normal 0.155314 0.53244 0.832097
    outer loop
      vertex 134.262 26.5566 190.6
      vertex 134.383 26.5212 190.6
      vertex 272.037 26.5479 164.89
    endloop
  endfacet
  facet normal 0.155988 0.52657 0.835699
    outer loop
      vertex 272.037 26.5479 164.89
      vertex 134.383 26.5212 190.6
      vertex 289.255 26.5176 161.695
    endloop
  endfacet
  facet normal 0.159242 0.496793 0.853134
    outer loop
      vertex 134.383 26.5212 190.6
      vertex 134.496 26.4849 190.6
      vertex 289.255 26.5176 161.695
    endloop
  endfacet
  facet normal 0.159438 0.49492 0.854186
    outer loop
      vertex 289.255 26.5176 161.695
      vertex 134.496 26.4849 190.6
      vertex 299.269 26.4849 159.845
    endloop
  endfacet
  facet normal 0.162898 0.460244 0.87272
    outer loop
      vertex 134.496 26.4849 190.6
      vertex 134.601 26.4479 190.6
      vertex 299.269 26.4849 159.845
    endloop
  endfacet
  facet normal 0.162888 0.460347 0.872667
    outer loop
      vertex 299.269 26.4849 159.845
      vertex 134.601 26.4479 190.6
      vertex 299.269 26.4479 159.864
    endloop
  endfacet
  facet normal 0.166253 0.423117 0.890692
    outer loop
      vertex 134.601 26.4479 190.6
      vertex 134.697 26.4101 190.6
      vertex 299.269 26.4479 159.864
    endloop
  endfacet
  facet normal 0.166263 0.422995 0.890748
    outer loop
      vertex 299.269 26.4479 159.864
      vertex 134.697 26.4101 190.6
      vertex 299.269 26.4101 159.882
    endloop
  endfacet
  facet normal 0.16932 0.385295 0.907127
    outer loop
      vertex 134.697 26.4101 190.6
      vertex 134.785 26.3716 190.6
      vertex 299.269 26.4101 159.882
    endloop
  endfacet
  facet normal 0.169324 0.385246 0.907146
    outer loop
      vertex 299.269 26.4101 159.882
      vertex 134.785 26.3716 190.6
      vertex 299.269 26.3716 159.898
    endloop
  endfacet
  facet normal 0.172082 0.347059 0.921921
    outer loop
      vertex 134.785 26.3716 190.6
      vertex 299.269 26.3325 159.913
      vertex 299.269 26.3716 159.898
    endloop
  endfacet
  facet normal 0.211641 0 0.977348
    outer loop
      vertex 194.51 26.6844 141.177
      vertex 182.472 26.7056 143.783
      vertex 194.51 25.3156 141.177
    endloop
  endfacet
  facet normal 0.211641 0 0.977348
    outer loop
      vertex 182.472 26.7056 143.783
      vertex 182.472 25.2944 143.783
      vertex 194.51 25.3156 141.177
    endloop
  endfacet
  facet normal 0.977347 0 -0.211641
    outer loop
      vertex 183.107 26.7045 146.715
      vertex 183.107 25.2955 146.715
      vertex 182.472 26.7056 143.783
    endloop
  endfacet
  facet normal 0.977347 0 -0.211641
    outer loop
      vertex 183.107 25.2955 146.715
      vertex 182.472 25.2944 143.783
      vertex 182.472 26.7056 143.783
    endloop
  endfacet
  facet normal -0.211641 0 -0.977348
    outer loop
      vertex 183.107 26.7045 146.715
      vertex 219.269 26.6408 138.885
      vertex 183.107 25.2955 146.715
    endloop
  endfacet
  facet normal -0.211641 0 -0.977348
    outer loop
      vertex 219.269 26.6408 138.885
      vertex 219.269 25.3592 138.885
      vertex 183.107 25.2955 146.715
    endloop
  endfacet
  facet normal 0.999907 0 0.0136405
    outer loop
      vertex 194.51 26.6844 141.177
      vertex 194.51 25.3156 141.177
      vertex 194.546 26.6844 138.547
    endloop
  endfacet
  facet normal 0.999907 0 0.0136405
    outer loop
      vertex 194.51 25.3156 141.177
      vertex 194.546 25.3156 138.547
      vertex 194.546 26.6844 138.547
    endloop
  endfacet
  facet normal 1 0 0
    outer loop
      vertex 26.538 26 183.257
      vertex 26.538 25.0199 183.257
      vertex 26.538 26 136.256
    endloop
  endfacet
  facet normal 1 0 0
    outer loop
      vertex 26.538 25.0199 183.257
      vertex 26.538 25.0199 136.256
      vertex 26.538 26 136.256
    endloop
  endfacet
  facet normal -0.211641 0 -0.977348
    outer loop
      vertex 157.914 26 154.808
      vertex 157.914 25.2511 154.808
      vertex 26.538 26 183.257
    endloop
  endfacet
  facet normal -0.211641 0 -0.977348
    outer loop
      vertex 157.914 25.2511 154.808
      vertex 26.538 25.0199 183.257
      vertex 26.538 26 183.257
    endloop
  endfacet
  facet normal -1 0 0
    outer loop
      vertex 157.914 26 154.808
      vertex 157.914 26 138.048
      vertex 157.914 25.2511 154.808
    endloop
  endfacet
  facet normal -1 0 0
    outer loop
      vertex 157.914 26 138.048
      vertex 157.914 25.2511 138.048
      vertex 157.914 25.2511 154.808
    endloop
  endfacet
  facet normal 0 1 0
    outer loop
      vertex 5 27 213.897
      vertex 15.2537 27 211.983
      vertex 5 27 210.897
    endloop
  endfacet
  facet normal 0 1 0
    outer loop
      vertex 15.2537 27 211.983
      vertex 15.2537 27 136.102
      vertex 5 27 210.897
    endloop
  endfacet
  facet normal 0 1 0
    outer loop
      vertex 5 27 210.897
      vertex 15.2537 27 136.102
      vertex 0.477361 27 140.9
    endloop
  endfacet
  facet normal 0 1 0
    outer loop
      vertex 15.2537 27 136.102
      vertex 0.477361 27 135.9
      vertex 0.477361 27 140.9
    endloop
  endfacet
  facet normal 0 1 0
    outer loop
      vertex 0.844488 27 174.975
      vertex 0.883883 27 175.013
      vertex 0.477361 27 140.9
    endloop
  endfacet
  facet normal 0 1 0
    outer loop
      vertex 1.08253 27 175.272
      vertex 1.10876 27 175.32
      vertex 0.477361 27 140.9
    endloop
  endfacet
  facet normal 0 1 0
    outer loop
      vertex 1.22037 27 175.626
      vertex 1.23101 27 175.68
      vertex 0.477361 27 140.9
    endloop
  endfacet
  facet normal 0 1 0
    outer loop
      vertex 1.23931 27 176.06
      vertex 1.23101 27 176.114
      vertex 5 27 210.897
    endloop
  endfacet
  facet normal 0 1 0
    outer loop
      vertex 0.27055 27 177.117
      vertex 0.21706 27 177.128
      vertex 5 27 210.897
    endloop
  endfacet
  facet normal 0 1 0
    outer loop
      vertex 0.883883 27 175.013
      vertex 0.921597 27 175.053
      vertex 0.477361 27 140.9
    endloop
  endfacet
  facet normal 0 1 0
    outer loop
      vertex 0.921597 27 175.053
      vertex 0.957556 27 175.094
      vertex 0.477361 27 140.9
    endloop
  endfacet
  facet normal 0 1 0
    outer loop
      vertex 0.477361 27 140.9
      vertex 0.957556 27 175.094
      vertex 0.991692 27 175.136
    endloop
  endfacet
  facet normal 0 1 0
    outer loop
      vertex 0.991692 27 175.136
      vertex 1.02394 27 175.18
      vertex 0.477361 27 140.9
    endloop
  endfacet
  facet normal 0 1 0
    outer loop
      vertex 1.02394 27 175.18
      vertex 1.05424 27 175.225
      vertex 0.477361 27 140.9
    endloop
  endfacet
  facet normal 0 1 0
    outer loop
      vertex 0.477361 27 140.9
      vertex 1.05424 27 175.225
      vertex 1.08253 27 175.272
    endloop
  endfacet
  facet normal 0 1 0
    outer loop
      vertex 1.10876 27 175.32
      vertex 1.13288 27 175.369
      vertex 0.477361 27 140.9
    endloop
  endfacet
  facet normal 0 1 0
    outer loop
      vertex 1.13288 27 175.369
      vertex 1.15485 27 175.419
      vertex 0.477361 27 140.9
    endloop
  endfacet
  facet normal 0 1 0
    outer loop
      vertex 0.477361 27 140.9
      vertex 1.15485 27 175.419
      vertex 1.17462 27 175.47
    endloop
  endfacet
  facet normal 0 1 0
    outer loop
      vertex 5 27 210.897
      vertex 0.625 27 176.98
      vertex 0.577186 27 177.006
    endloop
  endfacet
  facet normal 0 1 0
    outer loop
      vertex 0.716971 27 174.873
      vertex 0.760952 27 174.905
      vertex 0.477361 27 140.9
    endloop
  endfacet
  facet normal 0 1 0
    outer loop
      vertex 0.760952 27 174.905
      vertex 0.803485 27 174.939
      vertex 0.477361 27 140.9
    endloop
  endfacet
  facet normal 0 1 0
    outer loop
      vertex 0.477361 27 140.9
      vertex 0.803485 27 174.939
      vertex 0.844488 27 174.975
    endloop
  endfacet
  facet normal 0 1 0
    outer loop
      vertex 1.17462 27 175.47
      vertex 1.19215 27 175.521
      vertex 0.477361 27 140.9
    endloop
  endfacet
  facet normal 0 1 0
    outer loop
      vertex 1.19215 27 175.521
      vertex 1.20741 27 175.573
      vertex 0.477361 27 140.9
    endloop
  endfacet
  facet normal 0 1 0
    outer loop
      vertex 0.477361 27 140.9
      vertex 1.20741 27 175.573
      vertex 1.22037 27 175.626
    endloop
  endfacet
  facet normal 0 1 0
    outer loop
      vertex 1.23101 27 175.68
      vertex 1.23931 27 175.734
      vertex 0.477361 27 140.9
    endloop
  endfacet
  facet normal 0 1 0
    outer loop
      vertex 1.23931 27 175.734
      vertex 1.24524 27 175.788
      vertex 0.477361 27 140.9
    endloop
  endfacet
  facet normal 0 1 0
    outer loop
      vertex 0.477361 27 140.9
      vertex 1.24524 27 175.788
      vertex 5 27 210.897
    endloop
  endfacet
  facet normal 0 1 0
    outer loop
      vertex 1.24524 27 175.788
      vertex 1.24881 27 175.842
      vertex 5 27 210.897
    endloop
  endfacet
  facet normal 0 1 0
    outer loop
      vertex 5 27 210.897
      vertex 1.24881 27 175.842
      vertex 1.25 27 175.897
    endloop
  endfacet
  facet normal 0 1 0
    outer loop
      vertex 1.25 27 175.897
      vertex 1.24881 27 175.952
      vertex 5 27 210.897
    endloop
  endfacet
  facet normal 0 1 0
    outer loop
      vertex 1.24881 27 175.952
      vertex 1.24524 27 176.006
      vertex 5 27 210.897
    endloop
  endfacet
  facet normal 0 1 0
    outer loop
      vertex 5 27 210.897
      vertex 1.24524 27 176.006
      vertex 1.23931 27 176.06
    endloop
  endfacet
  facet normal 0 1 0
    outer loop
      vertex 1.23101 27 176.114
      vertex 1.22037 27 176.168
      vertex 5 27 210.897
    endloop
  endfacet
  facet normal 0 1 0
    outer loop
      vertex 1.22037 27 176.168
      vertex 1.20741 27 176.221
      vertex 5 27 210.897
    endloop
  endfacet
  facet normal 0 1 0
    outer loop
      vertex 5 27 210.897
      vertex 1.20741 27 176.221
      vertex 1.19215 27 176.273
    endloop
  endfacet
  facet normal 0 1 0
    outer loop
      vertex 1.19215 27 176.273
      vertex 1.17462 27 176.325
      vertex 5 27 210.897
    endloop
  endfacet
  facet normal 0 1 0
    outer loop
      vertex 1.17462 27 176.325
      vertex 1.15485 27 176.375
      vertex 5 27 210.897
    endloop
  endfacet
  facet normal 0 1 0
    outer loop
      vertex 5 27 210.897
      vertex 1.15485 27 176.375
      vertex 1.13288 27 176.425
    endloop
  endfacet
  facet normal 0 1 0
    outer loop
      vertex 0.957556 27 176.701
      vertex 0.921597 27 176.742
      vertex 5 27 210.897
    endloop
  endfacet
  facet normal 0 1 0
    outer loop
      vertex 0.921597 27 176.742
      vertex 0.883883 27 176.781
      vertex 5 27 210.897
    endloop
  endfacet
  facet normal 0 1 0
    outer loop
      vertex 0.577186 27 177.006
      vertex 0.528273 27 177.03
      vertex 5 27 210.897
    endloop
  endfacet
  facet normal 0 1 0
    outer loop
      vertex 0.528273 27 177.03
      vertex 0.478354 27 177.052
      vertex 5 27 210.897
    endloop
  endfacet
  facet normal 0 1 0
    outer loop
      vertex 5 27 210.897
      vertex 0.478354 27 177.052
      vertex 0.427525 27 177.072
    endloop
  endfacet
  facet normal 0 1 0
    outer loop
      vertex 5 27 210.897
      vertex 0.21706 27 177.128
      vertex -2.03436e-14 27 210.897
    endloop
  endfacet
  facet normal 0 1 0
    outer loop
      vertex 0.21706 27 177.128
      vertex 0.163158 27 177.136
      vertex -2.03436e-14 27 210.897
    endloop
  endfacet
  facet normal 0 1 0
    outer loop
      vertex -2.03436e-14 27 210.897
      vertex 0.163158 27 177.136
      vertex 0.108945 27 177.142
    endloop
  endfacet
  facet normal 0 1 0
    outer loop
      vertex 1.13288 27 176.425
      vertex 1.10876 27 176.474
      vertex 5 27 210.897
    endloop
  endfacet
  facet normal 0 1 0
    outer loop
      vertex 1.10876 27 176.474
      vertex 1.08253 27 176.522
      vertex 5 27 210.897
    endloop
  endfacet
  facet normal 0 1 0
    outer loop
      vertex 5 27 210.897
      vertex 1.08253 27 176.522
      vertex 1.05424 27 176.569
    endloop
  endfacet
  facet normal 0 1 0
    outer loop
      vertex 0.883883 27 176.781
      vertex 0.844488 27 176.819
      vertex 5 27 210.897
    endloop
  endfacet
  facet normal 0 1 0
    outer loop
      vertex 0.844488 27 176.819
      vertex 0.803485 27 176.855
      vertex 5 27 210.897
    endloop
  endfacet
  facet normal 0 1 0
    outer loop
      vertex 5 27 210.897
      vertex 0.803485 27 176.855
      vertex 0.760952 27 176.889
    endloop
  endfacet
  facet normal 0 1 0
    outer loop
      vertex 0.760952 27 176.889
      vertex 0.716971 27 176.921
      vertex 5 27 210.897
    endloop
  endfacet
  facet normal 0 1 0
    outer loop
      vertex 0.716971 27 176.921
      vertex 0.671624 27 176.951
      vertex 5 27 210.897
    endloop
  endfacet
  facet normal 0 1 0
    outer loop
      vertex 5 27 210.897
      vertex 0.671624 27 176.951
      vertex 0.625 27 176.98
    endloop
  endfacet
  facet normal 0 1 0
    outer loop
      vertex 0.427525 27 177.072
      vertex 0.375882 27 177.089
      vertex 5 27 210.897
    endloop
  endfacet
  facet normal 0 1 0
    outer loop
      vertex 0.375882 27 177.089
      vertex 0.323524 27 177.104
      vertex 5 27 210.897
    endloop
  endfacet
  facet normal 0 1 0
    outer loop
      vertex 5 27 210.897
      vertex 0.323524 27 177.104
      vertex 0.27055 27 177.117
    endloop
  endfacet
  facet normal 0 1 0
    outer loop
      vertex 0.163158 27 174.658
      vertex 0.21706 27 174.666
      vertex 0.477361 27 140.9
    endloop
  endfacet
  facet normal 0 1 0
    outer loop
      vertex 0.21706 27 174.666
      vertex 0.27055 27 174.677
      vertex 0.477361 27 140.9
    endloop
  endfacet
  facet normal 0 1 0
    outer loop
      vertex 0.27055 27 174.677
      vertex 0.323524 27 174.69
      vertex 0.477361 27 140.9
    endloop
  endfacet
  facet normal 0 1 0
    outer loop
      vertex 0.323524 27 174.69
      vertex 0.375882 27 174.705
      vertex 0.477361 27 140.9
    endloop
  endfacet
  facet normal 0 1 0
    outer loop
      vertex 0.477361 27 140.9
      vertex 0.375882 27 174.705
      vertex 0.427525 27 174.722
    endloop
  endfacet
  facet normal 0 1 0
    outer loop
      vertex 0.427525 27 174.722
      vertex 0.478354 27 174.742
      vertex 0.477361 27 140.9
    endloop
  endfacet
  facet normal 0 1 0
    outer loop
      vertex 0.478354 27 174.742
      vertex 0.528273 27 174.764
      vertex 0.477361 27 140.9
    endloop
  endfacet
  facet normal 0 1 0
    outer loop
      vertex 0.477361 27 140.9
      vertex 0.528273 27 174.764
      vertex 0.577186 27 174.788
    endloop
  endfacet
  facet normal 0 1 0
    outer loop
      vertex 0.577186 27 174.788
      vertex 0.625 27 174.814
      vertex 0.477361 27 140.9
    endloop
  endfacet
  facet normal 0 1 0
    outer loop
      vertex 0.625 27 174.814
      vertex 0.671624 27 174.843
      vertex 0.477361 27 140.9
    endloop
  endfacet
  facet normal 0 1 0
    outer loop
      vertex 0.477361 27 140.9
      vertex 0.671624 27 174.843
      vertex 0.716971 27 174.873
    endloop
  endfacet
  facet normal 0 1 0
    outer loop
      vertex 1.05424 27 176.569
      vertex 1.02394 27 176.614
      vertex 5 27 210.897
    endloop
  endfacet
  facet normal 0 1 0
    outer loop
      vertex 1.02394 27 176.614
      vertex 0.991692 27 176.658
      vertex 5 27 210.897
    endloop
  endfacet
  facet normal 0 1 0
    outer loop
      vertex 5 27 210.897
      vertex 0.991692 27 176.658
      vertex 0.957556 27 176.701
    endloop
  endfacet
  facet normal 0 1 0
    outer loop
      vertex 0.108945 27 177.142
      vertex 0.0545242 27 177.146
      vertex -2.03436e-14 27 210.897
    endloop
  endfacet
  facet normal 0 1 0
    outer loop
      vertex 0.0545242 27 177.146
      vertex 1.45412e-15 27 177.147
      vertex -2.03436e-14 27 210.897
    endloop
  endfacet
  facet normal 0 1 0
    outer loop
      vertex -2.03436e-14 27 210.897
      vertex 1.45412e-15 27 177.147
      vertex -1.51231 27 210.864
    endloop
  endfacet
  facet normal 0 1 0
    outer loop
      vertex 1.45412e-15 27 177.147
      vertex -0.0545242 27 177.146
      vertex -1.51231 27 210.864
    endloop
  endfacet
  facet normal 0 1 0
    outer loop
      vertex -1.51231 27 210.864
      vertex -0.0545242 27 177.146
      vertex -3.0218 27 210.766
    endloop
  endfacet
  facet normal 0 1 0
    outer loop
      vertex -0.0545242 27 177.146
      vertex -0.108945 27 177.142
      vertex -3.0218 27 210.766
    endloop
  endfacet
  facet normal 0 1 0
    outer loop
      vertex -3.0218 27 210.766
      vertex -0.108945 27 177.142
      vertex -4.52564 27 210.603
    endloop
  endfacet
  facet normal 0 1 0
    outer loop
      vertex -0.108945 27 177.142
      vertex -0.163158 27 177.136
      vertex -4.52564 27 210.603
    endloop
  endfacet
  facet normal 0 1 0
    outer loop
      vertex -4.52564 27 210.603
      vertex -0.163158 27 177.136
      vertex -6.02103 27 210.375
    endloop
  endfacet
  facet normal 0 1 0
    outer loop
      vertex -0.163158 27 177.136
      vertex -0.21706 27 177.128
      vertex -6.02103 27 210.375
    endloop
  endfacet
  facet normal 0 1 0
    outer loop
      vertex -6.02103 27 210.375
      vertex -0.21706 27 177.128
      vertex -7.50517 27 210.083
    endloop
  endfacet
  facet normal 0 1 0
    outer loop
      vertex -0.21706 27 177.128
      vertex -0.27055 27 177.117
      vertex -7.50517 27 210.083
    endloop
  endfacet
  facet normal 0 1 0
    outer loop
      vertex -7.50517 27 210.083
      vertex -0.27055 27 177.117
      vertex -8.9753 27 209.727
    endloop
  endfacet
  facet normal 0 1 0
    outer loop
      vertex -0.27055 27 177.117
      vertex -0.323524 27 177.104
      vertex -8.9753 27 209.727
    endloop
  endfacet
  facet normal 0 1 0
    outer loop
      vertex -8.9753 27 209.727
      vertex -0.323524 27 177.104
      vertex -10.4287 27 209.307
    endloop
  endfacet
  facet normal 0 1 0
    outer loop
      vertex -0.323524 27 177.104
      vertex -0.375882 27 177.089
      vertex -10.4287 27 209.307
    endloop
  endfacet
  facet normal 0 1 0
    outer loop
      vertex -10.4287 27 209.307
      vertex -0.375882 27 177.089
      vertex -11.8625 27 208.825
    endloop
  endfacet
  facet normal 0 1 0
    outer loop
      vertex -0.375882 27 177.089
      vertex -0.427525 27 177.072
      vertex -11.8625 27 208.825
    endloop
  endfacet
  facet normal 0 1 0
    outer loop
      vertex -11.8625 27 208.825
      vertex -0.427525 27 177.072
      vertex -13.2743 27 208.282
    endloop
  endfacet
  facet normal 0 1 0
    outer loop
      vertex -0.427525 27 177.072
      vertex -0.478354 27 177.052
      vertex -13.2743 27 208.282
    endloop
  endfacet
  facet normal 0 1 0
    outer loop
      vertex -13.2743 27 208.282
      vertex -0.478354 27 177.052
      vertex -14.6612 27 207.678
    endloop
  endfacet
  facet normal 0 1 0
    outer loop
      vertex -0.478354 27 177.052
      vertex -0.528273 27 177.03
      vertex -14.6612 27 207.678
    endloop
  endfacet
  facet normal 0 1 0
    outer loop
      vertex -14.6612 27 207.678
      vertex -0.528273 27 177.03
      vertex -16.0207 27 207.015
    endloop
  endfacet
  facet normal 0 1 0
    outer loop
      vertex -0.528273 27 177.03
      vertex -0.577186 27 177.006
      vertex -16.0207 27 207.015
    endloop
  endfacet
  facet normal 0 1 0
    outer loop
      vertex -16.0207 27 207.015
      vertex -0.577186 27 177.006
      vertex -17.3503 27 206.294
    endloop
  endfacet
  facet normal 0 1 0
    outer loop
      vertex -0.577186 27 177.006
      vertex -0.625 27 176.98
      vertex -17.3503 27 206.294
    endloop
  endfacet
  facet normal 0 1 0
    outer loop
      vertex -17.3503 27 206.294
      vertex -0.625 27 176.98
      vertex -18.6475 27 205.516
    endloop
  endfacet
  facet normal 0 1 0
    outer loop
      vertex -0.625 27 176.98
      vertex -0.671624 27 176.951
      vertex -18.6475 27 205.516
    endloop
  endfacet
  facet normal 0 1 0
    outer loop
      vertex -18.6475 27 205.516
      vertex -0.671624 27 176.951
      vertex -19.9099 27 204.682
    endloop
  endfacet
  facet normal 0 1 0
    outer loop
      vertex -0.671624 27 176.951
      vertex -0.716971 27 176.921
      vertex -19.9099 27 204.682
    endloop
  endfacet
  facet normal 0 1 0
    outer loop
      vertex -19.9099 27 204.682
      vertex -0.716971 27 176.921
      vertex -21.1351 27 203.795
    endloop
  endfacet
  facet normal 0 1 0
    outer loop
      vertex -0.716971 27 176.921
      vertex -0.760952 27 176.889
      vertex -21.1351 27 203.795
    endloop
  endfacet
  facet normal 0 1 0
    outer loop
      vertex -21.1351 27 203.795
      vertex -0.760952 27 176.889
      vertex -22.3208 27 202.856
    endloop
  endfacet
  facet normal 0 1 0
    outer loop
      vertex -0.760952 27 176.889
      vertex -0.803485 27 176.855
      vertex -22.3208 27 202.856
    endloop
  endfacet
  facet normal 0 1 0
    outer loop
      vertex -22.3208 27 202.856
      vertex -0.803485 27 176.855
      vertex -23.4648 27 201.866
    endloop
  endfacet
  facet normal 0 1 0
    outer loop
      vertex -0.803485 27 176.855
      vertex -0.844488 27 176.819
      vertex -23.4648 27 201.866
    endloop
  endfacet
  facet normal 0 1 0
    outer loop
      vertex -23.4648 27 201.866
      vertex -0.844488 27 176.819
      vertex -24.565 27 200.828
    endloop
  endfacet
  facet normal 0 1 0
    outer loop
      vertex -0.844488 27 176.819
      vertex -0.883883 27 176.781
      vertex -24.565 27 200.828
    endloop
  endfacet
  facet normal 0 1 0
    outer loop
      vertex -24.565 27 200.828
      vertex -0.883883 27 176.781
      vertex -25.6193 27 199.743
    endloop
  endfacet
  facet normal 0 1 0
    outer loop
      vertex -0.883883 27 176.781
      vertex -0.921597 27 176.742
      vertex -25.6193 27 199.743
    endloop
  endfacet
  facet normal 0 1 0
    outer loop
      vertex -25.6193 27 199.743
      vertex -0.921597 27 176.742
      vertex -26.6258 27 198.614
    endloop
  endfacet
  facet normal 0 1 0
    outer loop
      vertex -0.921597 27 176.742
      vertex -0.957556 27 176.701
      vertex -26.6258 27 198.614
    endloop
  endfacet
  facet normal 0 1 0
    outer loop
      vertex -26.6258 27 198.614
      vertex -0.957556 27 176.701
      vertex -27.5825 27 197.442
    endloop
  endfacet
  facet normal 0 1 0
    outer loop
      vertex -0.957556 27 176.701
      vertex -0.991692 27 176.658
      vertex -27.5825 27 197.442
    endloop
  endfacet
  facet normal 0 1 0
    outer loop
      vertex -27.5825 27 197.442
      vertex -0.991692 27 176.658
      vertex -28.4877 27 196.231
    endloop
  endfacet
  facet normal 0 1 0
    outer loop
      vertex -0.991692 27 176.658
      vertex -1.02394 27 176.614
      vertex -28.4877 27 196.231
    endloop
  endfacet
  facet normal 0 1 0
    outer loop
      vertex -28.4877 27 196.231
      vertex -1.02394 27 176.614
      vertex -29.3397 27 194.981
    endloop
  endfacet
  facet normal 0 1 0
    outer loop
      vertex -1.02394 27 176.614
      vertex -1.05424 27 176.569
      vertex -29.3397 27 194.981
    endloop
  endfacet
  facet normal 0 1 0
    outer loop
      vertex -29.3397 27 194.981
      vertex -1.05424 27 176.569
      vertex -30.1368 27 193.695
    endloop
  endfacet
  facet normal 0 1 0
    outer loop
      vertex -1.05424 27 176.569
      vertex -1.08253 27 176.522
      vertex -30.1368 27 193.695
    endloop
  endfacet
  facet normal 0 1 0
    outer loop
      vertex -30.1368 27 193.695
      vertex -1.08253 27 176.522
      vertex -30.8777 27 192.376
    endloop
  endfacet
  facet normal 0 1 0
    outer loop
      vertex -1.08253 27 176.522
      vertex -1.10876 27 176.474
      vertex -30.8777 27 192.376
    endloop
  endfacet
  facet normal 0 1 0
    outer loop
      vertex -30.8777 27 192.376
      vertex -1.10876 27 176.474
      vertex -31.5609 27 191.027
    endloop
  endfacet
  facet normal 0 1 0
    outer loop
      vertex -1.10876 27 176.474
      vertex -1.13288 27 176.425
      vertex -31.5609 27 191.027
    endloop
  endfacet
  facet normal 0 1 0
    outer loop
      vertex -31.5609 27 191.027
      vertex -1.13288 27 176.425
      vertex -32.1852 27 189.649
    endloop
  endfacet
  facet normal 0 1 0
    outer loop
      vertex -1.13288 27 176.425
      vertex -1.15485 27 176.375
      vertex -32.1852 27 189.649
    endloop
  endfacet
  facet normal 0 1 0
    outer loop
      vertex -32.1852 27 189.649
      vertex -1.15485 27 176.375
      vertex -32.7494 27 188.245
    endloop
  endfacet
  facet normal 0 1 0
    outer loop
      vertex -1.15485 27 176.375
      vertex -1.17462 27 176.325
      vertex -32.7494 27 188.245
    endloop
  endfacet
  facet normal 0 1 0
    outer loop
      vertex -32.7494 27 188.245
      vertex -1.17462 27 176.325
      vertex -33.2523 27 186.819
    endloop
  endfacet
  facet normal 0 1 0
    outer loop
      vertex -1.17462 27 176.325
      vertex -1.19215 27 176.273
      vertex -33.2523 27 186.819
    endloop
  endfacet
  facet normal 0 1 0
    outer loop
      vertex -33.2523 27 186.819
      vertex -1.19215 27 176.273
      vertex -33.6932 27 185.372
    endloop
  endfacet
  facet normal 0 1 0
    outer loop
      vertex -1.19215 27 176.273
      vertex -1.20741 27 176.221
      vertex -33.6932 27 185.372
    endloop
  endfacet
  facet normal 0 1 0
    outer loop
      vertex -33.6932 27 185.372
      vertex -1.20741 27 176.221
      vertex -34.0711 27 183.907
    endloop
  endfacet
  facet normal 0 1 0
    outer loop
      vertex -1.20741 27 176.221
      vertex -1.22037 27 176.168
      vertex -34.0711 27 183.907
    endloop
  endfacet
  facet normal 0 1 0
    outer loop
      vertex -34.0711 27 183.907
      vertex -1.22037 27 176.168
      vertex -34.3854 27 182.427
    endloop
  endfacet
  facet normal 0 1 0
    outer loop
      vertex -1.22037 27 176.168
      vertex -1.23101 27 176.114
      vertex -34.3854 27 182.427
    endloop
  endfacet
  facet normal 0 1 0
    outer loop
      vertex -34.3854 27 182.427
      vertex -1.23101 27 176.114
      vertex -34.6354 27 180.936
    endloop
  endfacet
  facet normal 0 1 0
    outer loop
      vertex -1.23101 27 176.114
      vertex -1.23931 27 176.06
      vertex -34.6354 27 180.936
    endloop
  endfacet
  facet normal 0 1 0
    outer loop
      vertex -34.6354 27 180.936
      vertex -1.23931 27 176.06
      vertex -34.8208 27 179.434
    endloop
  endfacet
  facet normal 0 1 0
    outer loop
      vertex -1.23931 27 176.06
      vertex -1.24524 27 176.006
      vertex -34.8208 27 179.434
    endloop
  endfacet
  facet normal 0 1 0
    outer loop
      vertex -34.8208 27 179.434
      vertex -1.24524 27 176.006
      vertex -34.9411 27 177.926
    endloop
  endfacet
  facet normal 0 1 0
    outer loop
      vertex -1.24524 27 176.006
      vertex -1.24881 27 175.952
      vertex -34.9411 27 177.926
    endloop
  endfacet
  facet normal 0 1 0
    outer loop
      vertex -34.9411 27 177.926
      vertex -1.24881 27 175.952
      vertex -34.9962 27 176.415
    endloop
  endfacet
  facet normal 0 1 0
    outer loop
      vertex -1.24881 27 175.952
      vertex -1.25 27 175.897
      vertex -34.9962 27 176.415
    endloop
  endfacet
  facet normal 0 1 0
    outer loop
      vertex -34.9962 27 176.415
      vertex -1.25 27 175.897
      vertex -34.9859 27 174.902
    endloop
  endfacet
  facet normal 0 1 0
    outer loop
      vertex -1.25 27 175.897
      vertex -1.24881 27 175.842
      vertex -34.9859 27 174.902
    endloop
  endfacet
  facet normal 0 1 0
    outer loop
      vertex -34.9859 27 174.902
      vertex -1.24881 27 175.842
      vertex -34.9102 27 173.391
    endloop
  endfacet
  facet normal 0 1 0
    outer loop
      vertex -1.24881 27 175.842
      vertex -1.24524 27 175.788
      vertex -34.9102 27 173.391
    endloop
  endfacet
  facet normal 0 1 0
    outer loop
      vertex -34.9102 27 173.391
      vertex -1.24524 27 175.788
      vertex -34.7693 27 171.885
    endloop
  endfacet
  facet normal 0 1 0
    outer loop
      vertex -1.24524 27 175.788
      vertex -1.23931 27 175.734
      vertex -34.7693 27 171.885
    endloop
  endfacet
  facet normal 0 1 0
    outer loop
      vertex -34.7693 27 171.885
      vertex -1.23931 27 175.734
      vertex -34.5635 27 170.387
    endloop
  endfacet
  facet normal 0 1 0
    outer loop
      vertex -1.23931 27 175.734
      vertex -1.23101 27 175.68
      vertex -34.5635 27 170.387
    endloop
  endfacet
  facet normal 0 1 0
    outer loop
      vertex -34.5635 27 170.387
      vertex -1.23101 27 175.68
      vertex -34.2931 27 168.898
    endloop
  endfacet
  facet normal 0 1 0
    outer loop
      vertex -1.23101 27 175.68
      vertex -1.22037 27 175.626
      vertex -34.2931 27 168.898
    endloop
  endfacet
  facet normal 0 1 0
    outer loop
      vertex -34.2931 27 168.898
      vertex -1.22037 27 175.626
      vertex -33.9587 27 167.423
    endloop
  endfacet
  facet normal 0 1 0
    outer loop
      vertex -1.22037 27 175.626
      vertex -1.20741 27 175.573
      vertex -33.9587 27 167.423
    endloop
  endfacet
  facet normal 0 1 0
    outer loop
      vertex -33.9587 27 167.423
      vertex -1.20741 27 175.573
      vertex -33.5608 27 165.964
    endloop
  endfacet
  facet normal 0 1 0
    outer loop
      vertex -1.20741 27 175.573
      vertex -1.19215 27 175.521
      vertex -33.5608 27 165.964
    endloop
  endfacet
  facet normal 0 1 0
    outer loop
      vertex -33.5608 27 165.964
      vertex -1.19215 27 175.521
      vertex -33.1003 27 164.523
    endloop
  endfacet
  facet normal 0 1 0
    outer loop
      vertex -1.19215 27 175.521
      vertex -1.17462 27 175.47
      vertex -33.1003 27 164.523
    endloop
  endfacet
  facet normal 0 1 0
    outer loop
      vertex -33.1003 27 164.523
      vertex -1.17462 27 175.47
      vertex -32.5779 27 163.103
    endloop
  endfacet
  facet normal 0 1 0
    outer loop
      vertex -1.17462 27 175.47
      vertex -1.15485 27 175.419
      vertex -32.5779 27 163.103
    endloop
  endfacet
  facet normal 0 1 0
    outer loop
      vertex -32.5779 27 163.103
      vertex -1.15485 27 175.419
      vertex -31.9947 27 161.708
    endloop
  endfacet
  facet normal 0 1 0
    outer loop
      vertex -1.15485 27 175.419
      vertex -1.13288 27 175.369
      vertex -31.9947 27 161.708
    endloop
  endfacet
  facet normal 0 1 0
    outer loop
      vertex -31.9947 27 161.708
      vertex -1.13288 27 175.369
      vertex -31.3517 27 160.338
    endloop
  endfacet
  facet normal 0 1 0
    outer loop
      vertex -1.13288 27 175.369
      vertex -1.10876 27 175.32
      vertex -31.3517 27 160.338
    endloop
  endfacet
  facet normal 0 1 0
    outer loop
      vertex -31.3517 27 160.338
      vertex -1.10876 27 175.32
      vertex -30.6501 27 158.998
    endloop
  endfacet
  facet normal 0 1 0
    outer loop
      vertex -1.10876 27 175.32
      vertex -1.08253 27 175.272
      vertex -30.6501 27 158.998
    endloop
  endfacet
  facet normal 0 1 0
    outer loop
      vertex -30.6501 27 158.998
      vertex -1.08253 27 175.272
      vertex -29.8913 27 157.69
    endloop
  endfacet
  facet normal 0 1 0
    outer loop
      vertex -1.08253 27 175.272
      vertex -1.05424 27 175.225
      vertex -29.8913 27 157.69
    endloop
  endfacet
  facet normal 0 1 0
    outer loop
      vertex -29.8913 27 157.69
      vertex -1.05424 27 175.225
      vertex -29.0767 27 156.415
    endloop
  endfacet
  facet normal 0 1 0
    outer loop
      vertex -1.05424 27 175.225
      vertex -1.02394 27 175.18
      vertex -29.0767 27 156.415
    endloop
  endfacet
  facet normal 0 1 0
    outer loop
      vertex -29.0767 27 156.415
      vertex -1.02394 27 175.18
      vertex -28.2077 27 155.177
    endloop
  endfacet
  facet normal 0 1 0
    outer loop
      vertex -1.02394 27 175.18
      vertex -0.991692 27 175.136
      vertex -28.2077 27 155.177
    endloop
  endfacet
  facet normal 0 1 0
    outer loop
      vertex -28.2077 27 155.177
      vertex -0.991692 27 175.136
      vertex -27.2861 27 153.977
    endloop
  endfacet
  facet normal 0 1 0
    outer loop
      vertex -0.991692 27 175.136
      vertex -0.957556 27 175.094
      vertex -27.2861 27 153.977
    endloop
  endfacet
  facet normal 0 1 0
    outer loop
      vertex -27.2861 27 153.977
      vertex -0.957556 27 175.094
      vertex -26.3135 27 152.819
    endloop
  endfacet
  facet normal 0 1 0
    outer loop
      vertex -0.957556 27 175.094
      vertex -0.921597 27 175.053
      vertex -26.3135 27 152.819
    endloop
  endfacet
  facet normal 0 1 0
    outer loop
      vertex 9.94881e-16 27 174.647
      vertex 0.0545242 27 174.648
      vertex 0.477361 27 140.9
    endloop
  endfacet
  facet normal 0 1 0
    outer loop
      vertex 0.0545242 27 174.648
      vertex 0.108945 27 174.652
      vertex 0.477361 27 140.9
    endloop
  endfacet
  facet normal 0 1 0
    outer loop
      vertex 0.477361 27 140.9
      vertex 0.108945 27 174.652
      vertex 0.163158 27 174.658
    endloop
  endfacet
  facet normal 0 1 0
    outer loop
      vertex 9.94881e-16 27 174.647
      vertex 0.477361 27 140.9
      vertex -0.0545242 27 174.648
    endloop
  endfacet
  facet normal 0 1 0
    outer loop
      vertex 0.477361 27 140.9
      vertex -1.03526 27 140.912
      vertex -0.0545242 27 174.648
    endloop
  endfacet
  facet normal 0 1 0
    outer loop
      vertex -0.0545242 27 174.648
      vertex -1.03526 27 140.912
      vertex -0.108945 27 174.652
    endloop
  endfacet
  facet normal 0 1 0
    outer loop
      vertex -1.03526 27 140.912
      vertex -2.54594 27 140.99
      vertex -0.108945 27 174.652
    endloop
  endfacet
  facet normal 0 1 0
    outer loop
      vertex -0.108945 27 174.652
      vertex -2.54594 27 140.99
      vertex -0.163158 27 174.658
    endloop
  endfacet
  facet normal 0 1 0
    outer loop
      vertex -2.54594 27 140.99
      vertex -4.05187 27 141.132
      vertex -0.163158 27 174.658
    endloop
  endfacet
  facet normal 0 1 0
    outer loop
      vertex -0.163158 27 174.658
      vertex -4.05187 27 141.132
      vertex -0.21706 27 174.666
    endloop
  endfacet
  facet normal 0 1 0
    outer loop
      vertex -4.05187 27 141.132
      vertex -5.55022 27 141.34
      vertex -0.21706 27 174.666
    endloop
  endfacet
  facet normal 0 1 0
    outer loop
      vertex -0.21706 27 174.666
      vertex -5.55022 27 141.34
      vertex -0.27055 27 174.677
    endloop
  endfacet
  facet normal 0 1 0
    outer loop
      vertex -5.55022 27 141.34
      vertex -7.03822 27 141.612
      vertex -0.27055 27 174.677
    endloop
  endfacet
  facet normal 0 1 0
    outer loop
      vertex -0.27055 27 174.677
      vertex -7.03822 27 141.612
      vertex -0.323524 27 174.69
    endloop
  endfacet
  facet normal 0 1 0
    outer loop
      vertex -7.03822 27 141.612
      vertex -8.51306 27 141.948
      vertex -0.323524 27 174.69
    endloop
  endfacet
  facet normal 0 1 0
    outer loop
      vertex -0.323524 27 174.69
      vertex -8.51306 27 141.948
      vertex -0.375882 27 174.705
    endloop
  endfacet
  facet normal 0 1 0
    outer loop
      vertex -8.51306 27 141.948
      vertex -9.97201 27 142.348
      vertex -0.375882 27 174.705
    endloop
  endfacet
  facet normal 0 1 0
    outer loop
      vertex -0.375882 27 174.705
      vertex -9.97201 27 142.348
      vertex -0.427525 27 174.722
    endloop
  endfacet
  facet normal 0 1 0
    outer loop
      vertex -9.97201 27 142.348
      vertex -11.4123 27 142.81
      vertex -0.427525 27 174.722
    endloop
  endfacet
  facet normal 0 1 0
    outer loop
      vertex -0.427525 27 174.722
      vertex -11.4123 27 142.81
      vertex -0.478354 27 174.742
    endloop
  endfacet
  facet normal 0 1 0
    outer loop
      vertex -11.4123 27 142.81
      vertex -12.8313 27 143.334
      vertex -0.478354 27 174.742
    endloop
  endfacet
  facet normal 0 1 0
    outer loop
      vertex -0.478354 27 174.742
      vertex -12.8313 27 143.334
      vertex -0.528273 27 174.764
    endloop
  endfacet
  facet normal 0 1 0
    outer loop
      vertex -12.8313 27 143.334
      vertex -14.2264 27 143.919
      vertex -0.528273 27 174.764
    endloop
  endfacet
  facet normal 0 1 0
    outer loop
      vertex -0.528273 27 174.764
      vertex -14.2264 27 143.919
      vertex -0.577186 27 174.788
    endloop
  endfacet
  facet normal 0 1 0
    outer loop
      vertex -14.2264 27 143.919
      vertex -15.5948 27 144.563
      vertex -0.577186 27 174.788
    endloop
  endfacet
  facet normal 0 1 0
    outer loop
      vertex -0.577186 27 174.788
      vertex -15.5948 27 144.563
      vertex -0.625 27 174.814
    endloop
  endfacet
  facet normal 0 1 0
    outer loop
      vertex -15.5948 27 144.563
      vertex -16.9341 27 145.266
      vertex -0.625 27 174.814
    endloop
  endfacet
  facet normal 0 1 0
    outer loop
      vertex -0.625 27 174.814
      vertex -16.9341 27 145.266
      vertex -0.671624 27 174.843
    endloop
  endfacet
  facet normal 0 1 0
    outer loop
      vertex -16.9341 27 145.266
      vertex -18.2418 27 146.027
      vertex -0.671624 27 174.843
    endloop
  endfacet
  facet normal 0 1 0
    outer loop
      vertex -0.671624 27 174.843
      vertex -18.2418 27 146.027
      vertex -0.716971 27 174.873
    endloop
  endfacet
  facet normal 0 1 0
    outer loop
      vertex -18.2418 27 146.027
      vertex -19.5155 27 146.843
      vertex -0.716971 27 174.873
    endloop
  endfacet
  facet normal 0 1 0
    outer loop
      vertex -0.716971 27 174.873
      vertex -19.5155 27 146.843
      vertex -0.760952 27 174.905
    endloop
  endfacet
  facet normal 0 1 0
    outer loop
      vertex -19.5155 27 146.843
      vertex -20.7526 27 147.713
      vertex -0.760952 27 174.905
    endloop
  endfacet
  facet normal 0 1 0
    outer loop
      vertex -0.760952 27 174.905
      vertex -20.7526 27 147.713
      vertex -0.803485 27 174.939
    endloop
  endfacet
  facet normal 0 1 0
    outer loop
      vertex -20.7526 27 147.713
      vertex -21.9511 27 148.636
      vertex -0.803485 27 174.939
    endloop
  endfacet
  facet normal 0 1 0
    outer loop
      vertex -0.803485 27 174.939
      vertex -21.9511 27 148.636
      vertex -0.844488 27 174.975
    endloop
  endfacet
  facet normal 0 1 0
    outer loop
      vertex -21.9511 27 148.636
      vertex -23.1085 27 149.61
      vertex -0.844488 27 174.975
    endloop
  endfacet
  facet normal 0 1 0
    outer loop
      vertex -0.844488 27 174.975
      vertex -23.1085 27 149.61
      vertex -0.883883 27 175.013
    endloop
  endfacet
  facet normal 0 1 0
    outer loop
      vertex -23.1085 27 149.61
      vertex -24.2227 27 150.633
      vertex -0.883883 27 175.013
    endloop
  endfacet
  facet normal 0 1 0
    outer loop
      vertex -0.883883 27 175.013
      vertex -24.2227 27 150.633
      vertex -0.921597 27 175.053
    endloop
  endfacet
  facet normal 0 1 0
    outer loop
      vertex -24.2227 27 150.633
      vertex -25.2917 27 151.703
      vertex -0.921597 27 175.053
    endloop
  endfacet
  facet normal 0 1 0
    outer loop
      vertex -0.921597 27 175.053
      vertex -25.2917 27 151.703
      vertex -26.3135 27 152.819
    endloop
  endfacet
endsolid Mesh
