65362663;877;385;4246
65385473;773;361;4239
65406826;793;366;4243
65428438;777;362;4241
65451349;825;373;42421_192721_power_ina226.csv@65453009;3952;468;1900;0
65475430;827;374;4244
65500595;820;372;4244
65521872;815;371;4245
65549329;877;385;4243
65573378;822;373;4243
65596558;667;336;4246
65618480;323;233;424@20000101_000005_192721_laser_agl.csv@65622274;0.021;1
65642114;323;233;4243
65676372;483;286;4243
65736106;547;304;4246
65761113;478;284;4244
65787928;295;223;4245
65810961;320;232;4245
65847585;468;281;4242
65870110;388;256;4242
65892585;377;252;4245
65920564;428;269;4243
65948385;388;256;4241
65972054;475;283;4241
65995117;460;279;4243
66018096;445;274;4242
66048145;510;294;4244
66078700;598;318;4243
66100687;503;291;4243
66129866;460;279;4245
66157818;435;271;4242
66188206;428;269;4244
66240573;435;271;4242
66264245;457;278;4242
66290193;510;294;4245
66312571;492;288;4245
66338537;465;280;4245
66363664;495;289;4245
66409591;507;293;4245
66441928;485;286;4243
66465040;480;285;4243
66489997;392;257;4247
66519313;425;268;4242
66542543;947;400;4242
66567303;975;406;4248
66589480;1055;422;4244
66620167;1093;430;4246
66647934;1307;470;4244
66694108;1310;471;4243
66731129;1228;456;4246
66762766;1308;470;4242
66820024;1427;491;4245
66844528;1388;485;4244
66866409;1393;485;4242
66890410;1363;480;4244
66915410;1325;473;4245
66938901;1380;483;4245
66962003;1405;487;4243
66985323;1318;472;49cp10111.csv@66987762;-22.649572;37.057952;101597.31;2.031248
67009954;1378;483;4243
67062669;1590;519;4241
67144860;1757;545;4244
67167904;1505;505;4244
67193570;1453;496;4239
67214413;1315;472;4239
67239547;1248;459;4243
67262850;1227;456;4243
67308871;1122;436;4241
67338231;1160;443;4243
67362408;1128;437;4243
67388083;1113;434;4247
67420357;1138;439;4245
67448262;1158;443;4245
67473147;967;404;4245
67500490;940;399;4246
67523520;1083;428;4246
67550399;1173;445;4246
67591138;1138;439;4241
67630032;1658;530;4244
67658386;1633;526;4243
67681384;1602;521;4243
67708299;1377;483;4241
67729566;1487;502;4241
67758295;1512;506;4244
67780246;1458;497;4244
67807991;1492;502;4244
67838104;1420;490;4245
67860331;1418;490;4245
67888280;1623;524;4242
67921079;1460;497;4246
67979428;1557;513;4241
68000431;1523;508;4241
68030079;1490;502;4247
68078798;1155;442;4240
68103581;1128;437;4240
68140403;1120;435;4248
68163341;1097;431;4248
68190330;908;392;4243
68213138;790;365;4243
68239968;543;303;4247
68262052;590;316;4247
68287829;660;334;4243
68308678;747;355;4243
68337903;747;355;4242
68360840;710;346;4242
68388695;748;356;4241
68409278;748;356;4241
68430264;863;382;4246
68461926;642;329;4241
68510138;710;346;4246
68540245;850;379;4245
68565946;993;410;4243
68591536;910;392;4242
68613538;858;381;4242
68638843;868;383;4244
68662204;822;373;4242
68713391;1015;414;4243
68738439;945;400;4243
68762387;977;406;4245
68788960;1025;416;4247
68818859;1053;422;4243
68874719;1135;438;4244
68897384;1148;441;4243
68926238;1150;441;4243
68972661;1427;491;4247
69000023;1307;470;4242
69028658;1203;451;4242
69059753;1457;496;4243
69097832;1528;508;4242
69128998;1502;504;4243
69153194;1465;498;42@20000101_000005_192721_imu_lsm6dso32.csv@69157145;1.016992;0.010736;-0.012688;0;70;-119;1
69179015;1187;448;4245
69201281;1127;437;4245
69223764;1378;483;4245
69248857;1298;469;4246
69269895;1405;487;4245
69291670;1468;498;4246
69320463;1542;511;4245
69346977;1558;513;4244
69390651;1283;466;4242
69420315;1297;468;4248
69451602;1347;477;4244
69479635;1352;478;4243
69508281;1280;465;4245
69538310;1247;459;4247
69560577;1305;470;4247
69588283;1320;472;4245
69619783;1158;443;4244
69647875;1213;453;4248
69672448;1112;434;4248
69699726;1072;426;4244
69720368;1085;428;42l721467;1.7639999;0.147;0.196;1
69743627;1153;442;4244
69764754;1028;417;4247
69870188;1078;427;4243
69899788;1027;417;4246
69921206;943;399;424@20000101_000005_192721_accel_adxl375.csv@69924176;1.7639999;0.147;0.147;1
69949898;812;370;4244
69971986;758;358;4244
70001280;740;354;4244
70029229;708;346;4244
70061157;852;380;4244
70088481;610;321;4245
70111667;648;331;4245
70133412;430;269;4241
70159084;555;306;4245
70182445;623;324;4245
70208338;703;345;4246
70231736;727;351;4246
70258887;843;377;4245
70311093;767;360;4244
70338183;802;368;4246
70362231;843;377;4246
70388303;810;370;4243
70409549;763;359;4243
70438724;810;370;4245
70461690;887;387;4245
70482776;1027;417;4244
70508278;1108;433;4243
70529604;1035;418;4243
70558297;1102;432;4245
70588616;1195;450;4247
70619012;1283;466;4245
70672306;1160;443;4241
70697961;902;391;4245
70743723;705;345;4242
70768235;570;310;4242
70789821;657;333;4246
70811598;705;345;4245
70833230;838;376;4244
70861941;850;379;4245
70890550;802;368;4242
70919865;728;351;4246
70942510;755;357;4246
70969839;972;405;4247
70998341;842;377;4245
71028830;782;364;4244
71049549;715;348;4244
71079958;710;346;4242
71101146;928;396;4242
71127520;1045;420;4248
71178118;942;399;4244
71209177;877;385;4242
71230834;812;370;4242
71259569;965;404;4247
71281243;960;403;4247
71308445;1003;412;4248
71338332;1038;419;4245
71360909;1060;423;4245
71389005;1023;416;4244
71419677;1132;438;4244
71440781;1205;451;4244
71463673;1328;474;4243
71489800;1317;472;4243
71512077;1357;479;4243
71538660;1540;510;4244
71560152;1512;506;4244
71601112;1438;493;4245
71627697;1187;448;4247
71650784;1053;422;4247
71679606;1030;417;4246
71700267;990;409;4246
71731335;917;394;4248
71759477;1005;412;4244
71790063;1073;426;4246
71814153;1095;430;4246
71842449;1160;443;4245
71868526;1213;453;4247
71900937;1280;465;4246
71923093;1262;462;4243
71944351;1128;437;4245
71966933;1147;440;4245
72011044;818;372;4241
72039870;1000;411;4243
72087920;1228;456;4246
72121511;977;406;4241
72148292;967;404;4243
72171064;778;363;4243
72200531;892;388;4242
72243534;1333;475;4242
72267447;808;370;4245
72290991;442;273;4242
72312382;462;279;4243
72333981;1168;444;4246
72359848;1322;473;4246
72386280;1253;460;4243
72410779;953;401;4243
72433470;1005;412;4245
72459915;1033;418;4245
72485157;1210;452;4247
72530590;1170;445;4243
72559494;1227;456;4241
72612166;1292;467;4244
72633491;1257;461;4247
72660161;1343;477;4244
72683221;1333;475;4244
72704150;1148;441;4242
72728541;1147;440;4245
72749877;1213;453;4244
72775525;1178;446;4245
72799183;1152;441;4245
72849012;1135;438;4247
72873807;1198;450;4247
72901231;1250;460;4240
72946330;1337;476;4246
72968024;1267;463;4246
72994074;1305;470;4245
73015534;1337;476;4245
73039375;1350;478;4242
73063258;1322;473;4245
73089240;1317;472;4244
73119272;1352;478;4245
73142559;1290;467;4245
73164505;1287;467;4248
73210890;1150;441;4243
73235400;1128;437;4245
73260899;1120;435;4246
73282361;1190;449;4246
73307732;1167;444;4245
73339445;1145;440;4245
73378064;1367;481;4246
73410972;1478;500;4242
73438355;1377;483;4248
73462755;1178;446;4248
73488582;1158;443;4246
73509452;955;402;4246
73530676;1037;419;4245
73558218;1133;438;4243
73587496;1105;432;4247
73642691;1443;494;4247
73665069;1327;474;4244
73713537;1498;503;4246
73748178;1547;512;4244
73772751;1610;522;4244
73819018;1633;526;4244
73842520;1582;517;4245
73865201;1702;537;4245
73890848;1727;541;4244
73914889;1655;529;4244
73940174;1577;516;4245
73963058;1528;508;4242
73990336;1495;503;4245
74019366;1422;490;4244
74041427;1438;493;4244
74063679;1417;490;4246
74114365;1395;486;4244
74171096;1407;488;4244
74198064;1323;473;4244
74238740;1430;492;4245
74263777;1437;493;4245
74290168;1438;493;4243
74311188;1373;482;4243
74338813;1292;467;4243
74362852;1318;472;4243
74386616;1393;485;4243
74411338;1430;492;4244
74437490;1413;489;4245
74459496;1427;491;4245
74481726;1447;495;4245
74507406;1468;498;4244
74538310;1442;494;4247
74562612;1513;506;4247
74589028;1515;506;4245
74618605;1473;499;4249
74640213;1490;502;4249
74709970;1595;519;4246
74731249;1560;514;4246
74760425;1552;512;4246
74818645;1487;502;4242
74870477;1513;506;4248
74899388;1502;504;4247
74942519;1505;505;4243
74965104;1505;505;4243
74989759;1482;501;4245
75010413;1372;482;4246
75041161;1380;483;4247
75063770;1418;490;4247
75120516;1368;481;4245
75153146;1405;487;4244
75175445;1443;494;4244
75198640;1380;483;4248
75220451;1340;476;4244
75242145;1247;459;4245
75263157;1285;466;4244
75310655;1317;472;4248
75331142;1347;477;4248
75360799;1348;477;4243
75390106;1313;471;4246
75419711;1283;466;4243
75449394;1245;459;4245
75476370;1253;460;4243
75522621;1188;448;4244
75546663;1205;451;4247
75571437;1228;456;4245
75594587;1232;456;4243
75643478;1203;451;4244
75670694;1210;452;4245
75694163;1187;448;4245
75715676;1190;449;4243
75741886;1187;448;4247
75770565;1187;448;4246
75800989;1230;456;4245
75822174;1242;458;4245
75845367;1240;458;4245
75866785;1265;463;4247
75916759;1275;464;4244
75953159;1222;455;4248
75980954;1195;450;4242
76003654;1177;446;4242
76027440;1177;446;4245
76049810;1162;443;4247
76071167;1150;441;4242
76098513;1153;442;4246
76121588;1158;443;42@20000101_000005_192721_imu_lsm6dso32.csv@76123715;1.014064;0.017568;0.01464;-63;42;-126;1
76148079;1173;445;4245
76171183;1177;446;4245
76200303;1145;440;4247
76221567;1137;438;4247
76245630;1158;443;4249
76268368;1152;441;4248
76293035;1103;432;4245
76336271;1142;439;4244
76360001;1155;442;4244
76382538;1140;439;4247
76403283;1087;429;4247
76424311;1053;422;4243
76449373;1067;425;4246
76473674;1040;419;4244
76501436;1050;421;4249
76530687;1058;423;4246
76551916;1055;422;4246
76579316;1053;422;4245
76603984;1053;422;4245
76630802;1072;426;4249
76656292;1078;427;4245
76678183;1058;423;4245
76700780;1052;422;4246
76775510;990;409;4246
76799589;987;409;4247
76821581;995;410;4243
76843198;1013;414;4243
76864775;1007;413;4244
76885321;1003;412;42@20000101_000005_192721_laser_agl.csv@76891712;0.022;0
76908672;983;408;4245
76932232;942;399;4245
76958178;943;399;4247
76979703;930;397;4247
77008399;945;400;4243
77029907;920;394;4243
77078259;893;389;4248
77102416;882;386;4243
77123967;885;387;4245
77150678;887;387;4243
77199922;882;386;4244
77228854;883;386;4246
77251317;897;389;4246
77273056;942;399;4246
77300583;972;405;4245
77331729;973;406;4246
77356716;993;410;4246
77379419;990;409;4247
77401202;988;409;4246
77431305;997;411;4247
77461524;1002;412;4250
77493204;968;405;4247
77520213;952;401;4247
77578275;975;406;4246
77622964;980;407;4243
77647322;980;407;4243
77669599;968;405;4247
77691618;970;405;4241
77712396;970;405;4248
77738296;940;399;4246
77761422;940;399;4246
77784496;950;401;4247
77809851;950;401;4248
77832442;922;395;4248
77861675;905;391;4241
77914226;927;396;4248
77940109;937;398;4247
77965334;963;404;4247
77990266;972;405;4250
78012598;948;400;4247
78061516;957;402;4245
78087161;938;398;4245
78109768;900;390;4245
78130618;863;382;4249
78158504;860;381;4248
78209543;850;379;4247
78232143;870;384;4249
78280403;875;385;4247
78301408;880;386;4247
78328894;880;386;4244
78349824;890;388;4244
78378908;870;384;4245
78409354;830;375;4246
78434751;847;378;4246
78459729;830;375;4246
78500632;835;376;4245
78521541;858;381;4245
78549680;858;381;4244
78574055;817;372;4244
78599785;772;361;4244
78620104;775;362;424@000101_000005_192721_accel_adxl375.csv@78622114;1.7149999;0.196;0.244999984;1
78642092;772;361;4247
78670000;790;365;4243
78696711;780;363;4247
78718694;847;378;4247
78739588;842;377;4244
78762702;880;386;4247
78788541;895;389;4247
78820565;865;382;4244
78849876;945;400;4248
78874669;963;404;4248
78895948;982;407;4249
78948667;853;380;4247
78973903;892;388;4247
78997960;970;405;4245
79049140;1123;436;4245
79074036;1065;424;4245
79096752;925;395;4244
79118068;950;401;4244
79140342;1028;417;4242
79165961;992;410;4247
79190196;1010;413;4247
79213057;953;401;4245
79241198;922;395;4242
79265581;922;395;4242
79289217;1005;412;4246
79310945;1072;426;4245
79353179;1093;430;4249
79382637;1093;430;420dso32.csv@79384187;1.01016;0.00976;0.006832;-91;77;-98;1
79403357;1070;425;4243
79429222;1120;435;4245
79460322;1073;426;4248
79483614;1072;426;4248
79504240;1138;439;4249
79539853;1078;427;4247
79561705;1157;442;4247
79609574;1047;421;4243
79637723;1062;424;4247
79660803;1032;418;4247
79684040;1027;417;4248
79708365;967;404;4250
79737933;945;400;4249
79780778;947;400;4244
79808733;867;383;4245
79838250;867;383;4247
79860796;957;402;4247
79909618;992;410;4249
79938608;1032;418;4245
79968389;993;410;4249
79992149;878;385;4249
80014728;917;394;4243
80041295;857;381;4241
80063734;947;400;4241
80110316;967;404;4247
80138181;768;360;4248
80163618;697;343;4248
80189459;640;329;4249
80231899;655;333;4248
80259602;633;327;4242
80288303;553;306;4243
80310852;455;277;4243
80338535;470;282;4243
80360210;500;291;4243
80389607;702;344;4246
80413481;750;356;4246
80442171;545;303;4251
80470019;447;275;4249
80495615;550;305;4243
80521728;638;328;4250
80544638;660;334;4250
80566090;708;346;4248
80590358;767;360;4246
80643089;605;320;4246
80690458;637;328;4245
80720315;673;337;4246
80741601;620;324;4246
80766916;567;310;4248
80790682;557;307;4248
80812655;492;288;4247
80837062;540;302;4249
80861339;472;282;4247
80888192;528;299;4245
80941812;430;269;4245
80968794;358;246;4245
80994513;377;252;4245
81015811;417;265;4245
81040898;427;269;4242
81064455;497;290;4249
81089854;513;294;4246
81132637;512;294;4244
81164860;493;289;4243
81186390;510;294;424@20000101_000005_192721_imu_lsm6dso32.csv@81190189;1.014064;-0.001952;-0.005856;-49;49;-133;1
81208873;500;291;4250
81230841;523;297;4247
81262801;478;284;4247
81283374;437;272;4248
81306444;363;248;4247
81339055;388;256;4244
81363912;395;258;4244
81441810;635;328;4245
81463101;637;328;4247
81489125;555;306;4242
81510787;528;299;4242
81538723;448;275;4247
81583203;428;269;4251
81672721;333;237;4244
81701688;343;241;4247
81726569;318;232;4247
81749169;285;219;4246
81770986;275;215;4244
81793790;273;215;4249
81818890;282;218;4249
81839679;285;219;4243
81865894;265;211;4245
81890099;243;202;4245
81913284;195;181;4247
81938755;227;196;4245
81963009;310;229;4245
82009519;182;175;4248
82031901;297;224;4246
82059774;382;254;4248
82089595;353;244;4245
82119728;300;225;4249
82149144;412;264;42470l_adxl375.csv@82150103;1.7639999;0.098;0.244999984;1
82178832;435;271;4247
82207739;482;285;4246
82237696;578;312;4248
82268441;660;334;4245
82298818;710;346;4244
82322769;685;340;4244
82348899;615;322;4246
82370845;647;331;4246
82392411;665;335;4243
82449518;607;320;4248
82499417;495;289;4247
82529165;445;274;4247
82579917;363;248;4249
82601798;357;245;4249
82629731;357;245;4246
82658730;295;223;4249
82680830;295;223;4249
82708590;382;254;4246
82739065;373;251;4245
82763521;345;241;4245
82812075;313;230;4245
82838788;303;226;4248
82861680;307;228;4248
82888515;337;238;4247
82958455;293;222;4247
82989916;278;217;4249
83041883;292;222;4246
83062769;285;219;4249
83111469;267;212;4247
83134480;233;198;4245
83160515;215;190;4243
83194597;223;194;4247
83243680;298;224;4246
83264807;270;213;4245
83289045;225;195;4247
83310272;250;205;4249
83332293;273;215;4249
83358951;255;207;4250
83408849;293;222;4250
83434266;272;214;4250
83460349;255;207;4245
83489822;238;200;4247
83519994;210;188;4247
83543854;158;163;4247
83564215;217;191;4249
83590220;225;195;4247
83672236;118;141;4249
83694296;132;149;4247
83740733;170;169;4242
83768600;93;125;4247
83793825;95;126;4245
83815244;102;131;4245
83879066;222;193;4247
83902280;215;190;4247
83929781;177;173;4245
83959812;97;128;4249
83985985;88;122;4245
84011754;70;108;4243
84041916;88;122;4246
84065766;152;160;4246
84089789;192;180;4247
84110170;200;184;4245
84139752;215;190;4245
84162063;202;185;4245
84210938;210;188;4247
84240328;215;190;4247
84290491;190;179;4246
84314070;185;177;4_000005_192721_accel_adxl375.csv@84315374;1.7639999;0.147;0.196;1
84340414;217;191;4245
84362177;265;211;4245
84391865;305;227;4247
84417370;253;207;4248
84449841;278;217;4247
84471341;292;222;4247
84501469;297;224;4249
84522768;280;217;4249
84550178;293;2@20000101_000005_192721_imu_lsm6dso32.csv@84555087;1.013088;0.031232;-0.003904;-70;56;-98;1
84580488;273;215;4245
84602262;260;209;4245
84630403;260;209;4247
84652459;263;211;424@20000101_000005_192721_baro_icp10111.csv@84656663;-22.60201;37.02324;101596.768;2.0788098
84675833;280;217;4241
84702677;305;227;4247
84742585;298;224;4242
84767133;375;252;4242
84792138;445;274;4243
84813836;365;248;4246
84840475;342;240;4249
84861661;287;220;4249
84912244;182;175;4250
84934290;223;194;4249
84959558;237;200;4245
84982571;265;211;4247
85010524;353;244;4250
85031743;338;239;4250
85079158;320;232;4247
85101733;322;233;4246
85136736;305;227;4247
85179094;338;239;4244
85205368;242;202;4250
85229802;172;170;4250
85252849;102;131;424@20000101_000005_192721_accel_adxl375.csv@85256316;1.7639999;0.098;0.196;1
85280411;162;165;4247
85301670;195;181;4247
85323394;273;215;4247
85350564;260;209;4245
85372070;242;202;4245
85397205;230;197;4249
85418848;215;190;4248
85441538;218;192;4243
85465733;277;216;4248
85488837;292;222;4245
85511058;327;235;4247
85539012;412;264;4248
85591201;585;314;4244
85619779;548;304;4249
85642343;532;300;4249
85666476;617;323;4250
85691129;570;310;4247
85713846;512;294;4246
85738944;318;232;4248
85765685;197;182;4247
85789862;80;116;4247
85820287;-28;0;4247
85841052;-5;0;4247
85867895;23;62;4248
85911526;-175;0;4248
85938759;-145;0;4247
85963017;-55;0;4247
85989863;2;18;4245
86013010;-118;0;4245
86049350;-138;0;4246
86078969;-108;0;4249
86100971;-67;0;4249
86127475;-95;0;4248
86150803;-163;0;4248
86175870;-207;0;4248
86202243;-280;0;4245
86224165;-255;0;4245
86245484;-180;0;4249
86266984;-108;0;4250
86291106;-8;0;4250
86313448;107;134;4245
86342088;188;178;4248
86363175;212;189;4248
86389544;272;214;4245
86411242;368;249;4245
86438482;302;226;4249
86488930;200;184;4247
86512919;137;152;4247
86538758;170;169;4248
86562580;180;174;4248
86588949;183;176;4245
86610766;137;152;4245
86632312;147;157;4246
86659271;147;157;4249
86681020;138;152;4249
86710701;133;150;4249
86739620;115;139;4246
86762399;63;103;4246
86789254;48;90;4249
86820895;88;122;4249
86874398;183;176;4248
86896215;167;168;4253
86942779;113;138;4250
86970489;100;130;4246
86993006;100;130;4246
87014328;123;144;4242
87039343;178;173;4248
87064701;160;164;4249
87089386;103;132;4250
87148551;87;121;4248
87173137;77;114;4248
87201945;88;122;4246
87224516;110;136;4246
87250170;80;116;4251
87272713;5;29;4251
87296565;-42;0;4248
87329444;-3;0;4248
87353980;2;18;4248
87408623;77;114;4247
87432223;120;142;4247
87458785;172;170;4247
87482249;202;185;4247
87509443;163;166;4243
87539002;142;155;4249
87562740;140;154;4249
87612349;185;177;4250
87638583;178;173;4250
87662576;100;130;4250
87711584;145;156;4250
87738680;263;211;4248
87762751;197;182;4248
87813899;80;116;4248
87850332;103;132;4246
87879535;165;167;4252
87900396;177;173;4252
87922330;162;165;4248
87949033;220;193;4248
87972589;265;211;4248
87994758;190;179;4250
88021633;155;162;4247
88049516;20;58;4249
88078525;-20;0;4248
88099636;8;36;4248
88131725;57;98;4251
88158392;70;108;4249
88182144;18;55;4249
88209595;63;103;4249
88240329;117;140;4249
88280650;145;156;4250
88311871;165;167;4247
88341909;207;187;4247
88364817;283;219;4247
88411214;413;264;4249
88432563;418;266;4247
88462524;477;284;4248
88483321;452;276;4248
88504101;523;297;4245
88529508;588;315;4248
88559340;430;269;4250
88580963;400;260;4250
88603190;330;236;4244
88628702;248;205;4248
88652590;100;130;4248
88677959;103;132;4250
88722385;327;235;4251
88749209;467;281;4249
88772049;568;310;4249
88797412;653;332;4241
88843277;640;329;4249
88866222;730;351;4248
88898678;692;342;4244
88930218;705;345;4248
88951763;748;356;424@20000101_000005_192721_baro_bmp280.csv@88956312;-31.871108;37.81;101708.376;3.966055
88974159;712;347;4249
89001296;667;336;4249
89048870;540;302;4246
89072032;507;293;4246
89098251;562;308;4250
89152167;585;314;4248
89181457;590;316;4246
89204082;578;312;4246
89230618;607;320;4249
89251419;635;328;424@20000101_000005_192721_accel_adxl375.csv@89256092;1.7639999;0.147;0.196;1
89280601;712;347;4246
89301637;713;347;4246
89330464;680;339;4243
89359007;630;326;4249
89383312;655;333;4249
89409288;632;327;4249
89432453;630;326;4249
89470840;680;339;4251
89493167;660;334;4246
89520435;647;331;4252
89542795;627;325;4252
89568544;555;306;4248
89611481;530;299;4250
89639315;493;289;4246
89663467;403;261;4246
89689361;325;234;4247
89712268;303;226;4247
89740752;263;211;4247
89762731;233;198;4247
89789624;143;155;4249
89815514;205;186;4247
89841276;310;229;4250
89862941;332;237;4250
89890577;363;248;4247
89915446;415;265;4247
89942592;423;267;4251
89963476;420;266;4251
89989336;370;250;4249
90043712;262;210;4251
90067316;250;205;4251
90092152;222;193;4245
90137376;455;277;4250
90161842;525;298;4243
90183042;550;305;4247
90209305;498;290;4247
90232795;455;277;4247
90260894;467;281;4250
90288393;538;301;4250
90348797;452;276;4247
90378282;430;269;4249
90400486;405;262;4249
90429912;265;211;4247
90451901;205;186;4247
90499163;217;191;4247
90525407;115;139;4246
90549693;85;120;4246
90580772;125;145;4249
90609350;188;178;4249
90639907;272;214;4247
90668856;272;214;4247
90693067;235;199;4247
90715164;180;174;4250
90739605;165;167;4251
90762147;148;158;4250
90812396;103;132;4248
90838714;37;79;4247
90861054;-17;0;4247
90910754;205;186;4248
90934656;288;220;4248
90980227;242;202;4246
91002692;262;210;4251
91030745;378;253;4249
91063277;323;233;4247
91091788;272;214;4245
91121719;307;228;4246
91142211;312;229;4246
91163978;410;263;4252
91213205;358;246;4250
91242273;420;266;4248
91264400;472;282;4248
91286463;510;294;424@20000101_000005_192721_baro_bmp280.csv@91292615;-31.929238;37.81;101709.09;3.9079246
91310549;530;299;4245
91363106;215;190;4247
91393078;55;96;4249
91414386;95;126;4249
91439691;183;176;4251
91462417;158;163;4247
91510222;248;205;4247
91531578;140;154;4249
91560442;77;114;4249
91582179;117;140;4249
91604075;150;159;4252
91639416;213;190;4249
91662997;370;250;4249
91712803;577;312;4251
91740041;683;340;4249
91763747;298;224;4249
91788598;222;193;4249
91832546;50;92;4245
91863171;83;118;4251
91910364;243;202;4249
91938508;247;204;4249
91961138;213;190;4249
91984598;267;212;4247
92009689;253;207;4249
92038985;168;168;4247
92067584;-17;0;4247
92090652;38;80;4247
92113952;-35;0;4247
92135095;-92;0;4248
92159633;-142;0;4249
92183533;-182;0;4247
92212643;2;18;4249
92282769;-97;0;4252
92304445;-262;0;4249
92326734;-155;0;4245
92360842;-10;0;4251
92383436;-8;0;4251
92404406;-3;0;4247
92429636;10;41;4249
92461391;75;112;4248
92486709;137;152;4240mu_lsm6dso32.csv@92488890;1.013088;-0.001952;0.0;-77;42;-63;1
92509374;115;139;4248
92530998;78;114;4251
92559477;12;45;4248
92588697;-62;0;4248
92642936;-77;0;4247
92671950;-30;0;4246
92717129;-20;0;4250
92740941;-7;0;4250
92763490;-27;0;4246
92793702;-33;0;4249
92851465;-17;0;4249
92875947;-22;0;4247
92900266;-40;0;4247
92929110;8;36;4250
92953112;45;87;4250
92979844;-57;0;4249
93001751;-147;0;4249
93029591;-132;0;4246
93061054;10;41;4251
93091439;68;107;4250
93119937;-67;0;4250
93167485;93;125;4249
93191162;52;93;4249
93212989;-10;0;4249
93240944;-60;0;4249
93263165;45;87;4249
93311759;13;46;4247
93332893;-35;0;4247
93359517;127;146;4249
93380614;167;168;4249
93401823;22;61;4250
93430592;-10;0;4249
93459670;170;169;4248
93481093;270;213;4248
93502976;270;213;4247
93530033;215;190;4248
93560923;45;87;4248
93600609;-45;0;4252
93629881;-237;0;4248
93653124;-207;0;4248@20000101_000005_192721_imu_lsm6dso32.csv@93655938;1.013088;0.00976;0.00488;-77;-42;-147;1
93681064;-342;0;4251
93702049;-220;0;4251
93730939;-43;0;4248
93753359;-97;0;4248
93780267;242;202;4245
93802852;227;196;4245
93829293;-8;0;4249
93859655;68;107;4247
93883479;253;207;4247
93910275;395;258;4253
93939155;402;261;4253
93961947;395;258;4253
93985209;410;263;424@20000101_000005_192721_imu_lsm6dso32.csv@93988659;1.013088;0.00976;-0.008784;-49;21;-126;1
94010065;472;282;4249
94076670;293;222;4251
94100287;123;144;4251
94129004;-20;0;4249
94153390;-197;0;4249@20000101_000005_192721_imu_lsm6dso32.csv@94156056;1.013088;0.00976;-0.012688;-49;56;-119;1
94181523;-245;0;4247
94203530;-303;0;4247
94230365;-257;0;4247
94260591;-40;0;4249
94284396;163;166;4249
94310561;455;277;4251
94339355;607;320;4249
94363466;338;239;4249
94386176;217;191;4245
94410773;290;221;4246
94438918;33;74;4247
94489556;-42;0;4249
94517931;-122;0;4248
94541139;-372;0;4248
94564818;80;116;4249
94590183;388;256;4247
94619377;282;218;4251
94650388;497;290;4249
94673651;348;242;4249
94700170;5;29;4248
94722404;102;131;4248
94750251;280;217;4248
94772903;423;267;4248
94801921;302;226;4250
94851928
94873872;405;262;4248
94928610;438;272;4246
94951802;563;308;4246
94976208;887;387;4251
94999607;883;386;4249
95049518;525;298;4249
95072301;633;327;4249
95101309;758;358;4251
95123236;773;361;4251
95151303;1002;412;4250
95174880;988;409;4250
95202333;910;392;4249
95223259;628;326;4249
95300442;400;260;4249
95321392;462;279;4249
95347225;532;300;4249
95368499;768;360;4249
95390536;685;340;4250
95412161;643;330;4251
95439327;648;331;4249
95461185;637;328;4249
95484703;650;331;4249
95510817;663;335;4250
95540869;495;289;4248
95562345;455;277;4248
95611841;635;328;4247
95633853;645;330;4250
95662288;673;337;4249
95685063;548;304;4249
95741009;625;325;4251
95771250;662;334;4246
95793600;670;336;4246
95816008;690;341;4253
95838954;658;333;4248
95862908;578;312;4248
95917174;213;190;4247
95940011;57;98;4247
95969982;232;198;4246
95996329;370;250;4249
96022438;442;273;4248
96049957;553;306;4248
96073836;648;331;4248
96104025;635;328;4251
96129766;673;337;4251
96159788;678;338;4248
96189055;610;321;4249
96229834;612;322;4248
96260155;598;318;4247
96318903;642;329;4250
96341352;662;334;4249
96369683;637;328;4251
96399134;657;333;4246
96449664;603;319;4249
96472704;607;320;4249
96499947;613;322;4251
96529952;595;317;4249
96582095;525;298;4252
96603851;555;306;4252
96631570;532;300;4250
96682135;562;308;4250
96704696;520;296;4250
96730298;553;306;4249
96779988;592;316;4252
96802833;515;295;4252
96829349;578;312;4251
96880334;565;309;4250
96903148;538;301;4250
96929823;552;305;4251
96952915;587;315;425@20000101_000005_192721_accel_adxl375.csv@96955756;1.813;0.098;0.196;1
96980281;617;323;4250
97003209;587;315;4250
97029808;565;309;4247
97053154;612;322;4247
97080365;658;333;4250
97131616;707;346;4249
97161568;685;340;4247
97210694;702;344;4252
97233554;697;343;4247
97282953;645;330;4249
97307104;635;328;4249
97341895;643;330;4249
97366732;625;325;4249
97393647;560;308;4248
97414266;502;291;4248
97437082;400;260;4249
97464797;452;276;4249
97491895;598;318;4251
97530085;403;261;4251
97560687;278;217;4252
97584211;552;305;4252
97606396;692;342;4245
97631003;763;359;4251
97659882;705;345;4250
97684760;547;304;4250
97707658;443;274;4248
97730427;305;227;4248
97779472;275;215;4245
97801685;347;242;4245
97830950;518;296;4253
97880330;593;317;4249
97901989;527;298;4249
97926437;508;293;4251
97985966;510;294;4250
98010337;557;307;4250
98040204;462;279;4250
98069948;500;291;4248
98098125;577;312;4251
98136242;545;303;4251
98157828;502;291;4251
98182753;488;287;4249
98207714;442;273;4250
98228104;435;271;4250
98251165;433;270;4249
98272799;410;263;4247
98295699;357;245;4247
98319071;290;221;4252
98342670;307;228;4248
98365266;332;237;4249
98408058;387;256;4250
98432931;393;258;4250
98457066;388;256;4249
98479882;392;257;4252
98500199;447;275;4250
98526289;343;241;4251
98550184;200;184;4251088;-140;84;-70;1
98571165;135;151;4247
98595016;137;152;4251
98616228;202;185;4249
98640223;212;189;4248
98662155;232;198;4246
98690387;182;175;4250
98719704;150;159;4248
98743465;130;148;4248
98765915;122;143;4249
98790273;172;170;4251
98860881;392;257;4247
98886622;445;274;4250
98910684;490;288;4250
98933142;487;287;4247
98955929;488;287;4254
98982511;400;260;4249
99003234;365;248;4249
99030501;385;255;4250
99059999;327;235;4251
99084946;365;248;4251
99149844;398;259;4251
99174328;427;269;4251
99203581;467;281;4247
99230791;482;285;4247
99283405;707;346;4250
99312662;637;328;4250
99339993;650;331;4249
99363456;617;323;4249
99389493;610;321;4249
99411177;658;333;4249
99440403;688;341;4250
99463873;710;346;4250
99491195;717;348;4251
99512752;627;325;4251
99539975;577;312;4249
99564390;550;305;4249
99611569;737;353;4248
99639735;767;360;4249
99663104;757;358;4249
99713127;585;314;4247
99734361;582;314;4247
99761759;587;315;4255
99784307;602;319;4255
99811974;563;308;4248
99834068;560;308;4248
99857062;532;300;4249
99882002;505;292;4251
99905343;535;301;4249
99933510;567;310;4250
99954120;608;321;425@20000101_000005_192721_accel_adxl375.csv@99956313;1.7639999;0.147;0.196;1
99980546;505;292;4248
100001388;527;298;4248
100025586;668;336;4248
100061678;562;308;4248
100084296;475;283;4248
100112940;478;284;4249
100160250;397;259;4251
100190335;283;219;4249
100213470;230;197;4249
100241863;242;202;4247
100265468;240;201;4247
100287340;267;212;42@20000101_000005_192721_baro_icp10111.csv@100289273;-22.649572;37.009888;101597.33;2.031248
100312345;268;213;4249
100335034;233;198;4251
100365294;273;215;4250
100386623;238;200;42@20000101_000005_192721_imu_lsm6dso32.csv@100389628;1.01016;0.018544;0.00488;-119;42;-77;1
100413941;195;181;4247
100440829;240;201;4248
100462250;262;210;4248
100484254;228;196;4248
100510904;217;191;4250
100540295;255;207;4248
100563764;232;198;4248
100643610;382;254;4247
100664928;340;240;4247
100721687;407;262;4247
100750084;447;275;4247
100774560;368;249;4247
100802067;338;239;4248
100831757;373;251;4250
100852961;352;244;42@20000101_000005_192721_imu_lsm6dso32.csv@100857129;1.013088;0.008784;0.011712;-154;14;-91;1
100880884;262;210;4250
100910337;197;182;4250
100931711;202;185;4250
100954030;332;237;4250
100981349;353;244;4248
101010609;290;221;4251
101033505;313;230;4251
101070872;255;207;4248
101096260;247;204;4247
101117325;190;179;4247
101143617;233;198;4247
101165573;227;196;4247
101213405;143;155;4248
101245577;247;204;4251
101266271;215;190;4252
101292117;212;189;4249
101314175;177;173;4249
101343335;212;189;4253
101365926;232;198;4253
101391325;260;209;4249
101412633;282;218;4249
101439520;307;228;4248
101491563;412;264;4250
101516222;433;270;4250
101541672;497;290;4250
101564290;467;281;4250
101590784;448;275;4247
101612795;427;269;4247
101636126;365;248;4251
101660855;298;224;4249
101690091;320;232;4247
101715423;332;237;4247
101740664;362;247;4247
101762982;367;249;4247
101811675;367;249;4252
101833362;367;249;4251
101900939;380;253;4250
101928262;482;285;4251
101950803;457;278;4251
101973176;393;258;4249
102000757;320;232;4250
102021812;293;222;4250
102043604;535;301;4249
102066034;493;289;4251
102122275;372;251;4249
102173850;460;279;4251
102197644;438;272;4251
102244974;370;250;4250
102266927;387;256;4250
102322269;500;291;4250
102374629;543;303;4248
102400942;557;307;4251
102423999;475;283;4251
102450256;460;279;4251
102474365;555;306;4251
102500448;570;310;4247
102528638;667;336;4247
102552113;708;346;4247
102580784;643;330;4253
102601925;447;275;4253
102625528;272;214;4249
102680030;375;252;4247
102710228;223;194;4249
102765069;363;248;4247
102787750;385;255;42@20000101_000005_192721_accel_adxl375.csv@102790509;1.7639999;0.147;0.147;1
102812199;317;231;4248
102842255;270;213;4250
102864073;298;224;4250
102891940;168;168;4247
102918778;1;163;4252
102941495;128;147;4252
102963466;130;148;4250
102990731;267;212;4250
103013374;187;178;4250
103040283;120;142;4250
103061978;128;147;4250
103090523;222;193;4249
103115800;335;238;4249
103140524;347;242;4249
103161908;367;249;4251
103241319;487;287;4249
103263206;433;270;4249
103285486;510;294;4247
103313858;563;308;4250
103341664;470;282;4250
103364564;532;300;4250
103390975;438;272;4251
103413772;557;307;4251
103441241;480;285;4249
103464005;473;283;4249
103492671;528;299;4251
103542078;520;296;4248
103563644;525;298;4251
103651508;615;322;4250
103675664;643;330;4250
103711152;673;337;4247
103733670;688;341;4247
103762471;643;330;4248
103785150;612;322;4248
103811215;653;332;4249
103840572;548;304;4249
103862002;500;291;4249
103893926;467;281;4249
103919986;440;273;42@20000101_000005_192721_imu_lsm6dso32.csv@103933036;1.013088;0.00976;0.001952;-42;28;-91;1
103941878;455;277;4250
103964711;548;304;4249
103988754;470;282;4251
104011296;345;241;4249
104040593;378;253;4253
104084959;442;273;4251
104113730;482;285;4249
104135342;568;310;4249
104156791;648;331;4246
104177744;647;331;4250
104206806;627;325;4246
104233700;472;282;4246
104254334;382;254;42@20000101_000005_192721_accel_adxl375.csv@104256400;1.7639999;0.147;0.147;1
104281105;360;247;4252
104304028;353;244;4252
104331763;287;220;4247
104353664;327;235;42@20000101_000005_192721_laser_agl.csv@104356378;0.021;0
104381137;463;280;4251
104402659;412;264;4251
104424882;345;241;4251
104462196;535;301;4250
104491087;738;353;4249
104530755;833;375;4249
104562564;908;392;4252
104585858;878;385;42000005_192721_laser_agl.csv@104588577;0.021;1
104611559;973;406;4249
104640871;997;411;4251
104667879;982;407;4249
104691355;935;398;4249
104719197;870;384;4251
104750588;783;364;4246
104774801;688;341;4247
104800695;748;356;4250
104830510;842;377;4248
104882151;708;346;4250
104911694;792;366;4249
104940535;745;355;4251
104974803;760;358;4252
105025449;715;348;4250
105063315;713;347;4249
105085910;713;347;4249
105111275;792;366;4253
105132311;625;325;4253
105154516;385;255;42@20000101_000005_192721_imu_lsm6dso32.csv@105158397;1.01016;0.007808;0.006832;-91;70;-70;1
105182566;593;317;425.csv@105184136;0.02;1
105204707;732;352;4247
105233024;797;367;4247
105283759;687;341;42
105304307;372;251;4250
105331236;303;226;4248
105354142;278;217;42@20000101_000005_192721_accel_adxl375.csv@105356973;1.813;0.098;0.196;1
105380843;582;314;4252
105402252;650;331;4252
105452688;73@20000101_000005_192721_accel_adxl375.csv@105456869;1.7639999;0.147;0.196;1
105484490;845;378;4253
105505844;733;352;4249
105531262;683;340;4248
105554775;567;310;42@20000101_000005_192721_imu_lsm6dso32.csv@105556531;1.016992;-0.00488;-0.000976;-105;56;-77;1
105581416;487;287;4252
105603505;418;266;4252
105631392;373;251;4251
105653283;412;264;42mu_lsm6dso32.csv@105655421;1.016016;0.012688;0.000976;-161;42;-77;1
105675180;458;278;4250
105701619;538;301;4249
105730763;508;293;4248
105760044;597;318;4249
105783327;490;288;4249
105809000;528;299;4252
105862569;485;286;4250
105885251;480;285;4250
105911560;448;275;4251
105940658;520;296;4255
105972269;798;367;4249
106001629;818;372;4249
106030539;693;342;4253
106061021;580;313;4248
106085119;623;324;4248
106114120;687;341;4247
106136867;680;339;4247
106162187;665;335;4253
106185486;575;312;42;6;-84;1
106208008;542;303;4249
106236956;618;323;4248
106259012;638;328;4248
106305415;500;291;4253
106327202;493;289;4252
106348370;573;311;4249
106370185;607;320;4248
106413836;287;220;4251
106436546;303;226;4249
106458030;348;242;4250
106482839;527;298;4249
106503368;527;298;4247
106527709;368;249;4251
106575809;260;209;4255
106601991;-33;0;4251
106625556;-485;0;4251
106675471;-542;0;4251
106725818;-568;0;4250
106755039;-505;0;4249
106781753;-470;0;4249
106804607;-515;0;4249
106832732;-540;0;4250
106881525;-337;0;4251
106911149;-267;0;4251
106942104;-222;0;4251
106966662;-212;0;4251
106988504;-188;0;4248
107011526;-173;0;4251
107040370;-175;0;4251
107064026;-167;0;4251
107093600;-198;0;4247
107115611;-98;0;42470xl375.csv@107117188;1.813;0.147;0.147;1
107142018;87;121;4252
107199685;120;142;4251
107222283;140;154;4251
107244612;142;155;4252
107266636;140;154;4252
107291418;178;173;4251
107313201;195;181;4251
107335111;175;172;4252
107363345;187;178;4250
107384363;188;178;4250
107410943;222;193;4249
107440303;215;190;4251
107465664;240;201;4251
107492339;273;215;4250
107514690;288;220;4250
107541508;300;225;4252
107566179;288;220;4252
107612795;292;222;4253
107641605;292;222;4250
107667999;288;220;4248
107695520;338;239;4247
107732937;402;261;4252
107762836;403;261;4249
107784424;388;256;4249
107812034;363;248;4250
107840257;330;236;4249
107863998;330;236;4249
107892166;340;240;4250
107914336;395;258;4250
107936398;433;270;4251
107961552;405;262;4253
107983384;518;296;4253
108009769;628;326;4251
108040170;728;351;4253
108081217;952;401;4250
108105139;985;408;4250
108131524;865;382;4248
108161626;892;388;4252
108191883;608;321;4248
108222597;805;369;4248
108252837;930;397;42_000005_192721_accel_adxl375.csv@108253991;1.666;0.147;0.147;1
108277196;977;406;4251
108300381;1022;416;4251
108353663;1055;422;4250
108375742;1075;426;4250
108396271;1008;413;4253
108418599;1000;411;4249
108442627;1082;428;4249
108490989;1050;421;4251
108517560;1070;425;4252
108541507;1037;419;4252
108570865;998;411;4250
108600237;1118;435;4251
108624771;1167;444;4251
108680625;1043;420;4250
108703368;1028;417;4250
108740253;868;383;4252
108763726;835;376;4252
108790088;920;394;4246
108813347;950;401;4246
108840607;970;405;4249
108870429;922;395;4251
108911621;1053;422;4254
108955109;1150;441;4247
108977414;1163;443;4247
109000114;1248;459;4250
109043192;1288;467;4250
109064361;1225;455;4251
109086179;1298;469;4
109113358;1245;459;4251
109141602;1245;459;4250
109162831;1195;450;4250
109185451;@20000101_000005_192721_accel_adxl375.csv@109189000;1.7639999;0.098;0.147;1
109211828;1120;435;4251
109234634;1107;433;4251
109257057;1023;416;4250
109283001;927;396;4251
109304312;803;368;4251
109327085;788;365;4254
109374703;835;376;4249
109403761;758;358;4249
109424744;697;343;4249
109461993;683;340;4252
109513126;1008;413;4250
109535754;687;341;4250
109564244;553;306;4251
109587452;535;301;42@20000101_000005_192721_accel_adxl375.csv@109589614;1.813;0.147;0.147;1
109609193;555;306;4248
109633131;625;325;4247
109661487;750;356;4249
109691484;733;352;4250
109714701;742;354;4250
109742875;682;339;4251
109764086;713;347;4251
109832722;633;327;4249
109860732;697;343;4253
109883251;712;347;4253
109905070;615;322;4247
109931271;625;325;4253
109960618;778;363;4249
109984948;748;356;42_r_aglcsv@109986607;0.02;0
110011368;700;344;4251
110040077;743;354;4251
110070405;798;367;4249
110092959;678;338;4249
110115463;703;345;4252
110139854;622;324;4250
110170071;412;264;4251
110196610;475;283;4250
110219311;317;231;42@20000101_000005_192721_imu_lsm6dso32.csv@110222867;1.009184;0.010736;-0.000976;-42;49;-112;1
110241949;153;161;4251
110297170;133;150;4250
110318508;-52;0;4250
110343627;148;158;4249
110364349;203;185;4248
110400043;203;185;4249
110431649;373;251;4252
110460282;510;294;4252
110483375;670;336;4252
110510610;513;294;4249
110540037;437;272;4249
110570274;342;240;4251
110594998;270;213;4251
110621563;250;205;4253
110642185;170;169;4253
110665889;162;165;4249
110690587;215;190;4249
110730291;203;185;4248
110754138;218;192;4248
110781007;182;175;4250
110803022;173;171;4250
110830002;172;170;4253
110852243;137;152;42@20000101_000005_192721_accel_adxl375.csv@110856210;1.7639999;0.098;0.244999984;1
110875460;142;155;4252
110900683;200;184;4249
110930032;138;152;4247
110957386;118;141;4249
110980126;103;132;4249
111002536;97;128;4254
111030104;117;140;4252
111081183;117;140;4254
111103299;165;167;4254
111130387;100;130;4252
111179506;210;188;4251
111203746;322;233;4251
111225378;392;257;4248
111250329;338;239;4201_accel_adxl375.csv@111255578;1.7639999;0.147;0.147;1
111274066;345;241;4248
111301783;602;319;4254
111330210;828;374;4251
111380060;897;389;4247
111401723;862;382;4247
111430322;740;354;4250
111456771;737;353;4250
111480465;752;357;4250
111502756;763;359;4249
111530318;675;338;4249
111607896;670;336;4215192721_accel_adxl375.csv@111612085;1.7149999;0.147;0.196;1
111630574;650;331;4250
111656933;690;341;4251
111680950;703;345;4251
111714417;762;359;4249
111743230;777;362;4251
111764338;817;372;4251
111787016;778;363;42@20000101_000005_192721_baro_icp10111.csv@111789326;-22.56502;36.9938668;101596.32;2.1158008
111811607;683;340;4250
111833111;690;341;4254
111854464;657;333;4250
111876264;600;318;4248
111901043;582;314;4252
111930339;640;329;4249
111962783;618;323;4247
111984210;668;336;4247
112012565;683;340;4253
112065878;567;310;4251
112115542;507;293;4252
112145312;530;299;4252
112169422;540;302;4252
112194812;538;301;4250
112216610;487;287;4250
112240465;447;275;4252
112264653;472;282;4256
112291731;447;275;4251
112312286;370;250;4251
112340583;385;255;4253
112362394;498;290;4253
112389785;482;285;4251
112412664;428;269;4251
112440009;585;314;4250
112463555;602;319;4250
112512218;563;308;4248
112540792;542;303;4248
112562455;527;298;4248
112592507;505;292;4251
112621869;502;291;4251
112643881;497;290;4251
112666253;447;275;4252
112690792;350;243;4251
112750060;227;196;4247
112773994;273;215;4247
112802131;313;230;4253
112831642;240;201;4248
112860185;152;160;4252
112890253;150;159;4253
112913191;185;177;4253
112953175;262;210;4251
112977530;272;214;4251
113002881;315;231;4251
113025163;310;229;4251
113050348;313;230;4248
113072792;323;233;4248
113100116;298;224;4253
113131807;262;210;4250
113181548;418;266;4250
113203870;387;256;4250
113231955;382;254;4251
113282084;488;287;4254
113308113;437;272;4252
113333001;365;248;4252
113371318;417;265;4250
113401933;467;281;4248
113450692;602;319;4250
113480416;532;300;4252
113503667;500;291;4252
113531572;557;307;4250
113552823;527;298;4250
113578400;537;301;4250
113601187;560;308;4250
113624267;577;312;4250
113647481;728;351;4252
113671197;802;368;4251
113700422;860;381;4248
113729991;793;366;4247
113753888;787;365;42@20000101_000005_192721_imu_lsm6dso32.csv@113758350;1.013088;0.007808;0.00976;-42;-42;-147;1
113800887;843;377;4253
113824578;695;343;4253
113850347;768;360;42_13855337;1.7639999;0.147;0.147;1
113874215;692;342;4253
113900484;587;315;4253
113943894;558;307;4251
113971178;852;380;4251
113999971;1083;428;4249
114031265;962;403;4251
114057496;982;407;4250
114082537;918;394;4250
114103884;772;361;4250
114131841;743;354;4250
114153880;915;393;42@20000101_000005_192721_accel_adxl375.csv@114156766;1.813;0.147;0.196;1
114180886;922;395;4249
114202660;865;382;4249
114241725;750;356;4249
114263612;688;341;4253
114290814;628;326;4249
114314875;698;343;4249
114341446;635;328;4253
114364085;657;333;4253
114445083;700;344;4252
114468405;647;331;4252
114493852;590;316;4250
114520750;722;349;4251
114550457;703;345;4249
114575539;695;343;4249
114601297;722;349;4250
114623648;763;359;4250
114650342;727;35@20000101_000005_192721_baro_bmp280.csv@114684148;-31.892246;37.82;101708.64;3.94491568
114700075;570;310;4253
114733676;453;277;4253
114764985;472;282;4256
114796824;568;310;4249
114823124;615;322;4255
114845023;662;334;4255
114867022;705;345;4252
114912584;692;342;4249
114941367;698;343;4249
114971616;707;346;4253
114995267;677;338;4253
115016512;670;336;4251
115074984;732;352;4249
115117831;790;365;4249
115141698;812;370;4249
115163951;880;386;4250
115191205;893;389;4251
115214289;870;384;4251
115242240;860;381;4249
115263564;802;368;4249
115290933;808;370;4249
115317222;877;385;4248
115340991;910;392;4248
115363372;835;376;4253
115388676;807;369;4250
115416573;992;410;4252
115441095;1022;416;4252
115463000;942;399;4250
115489484;868;383;4251
115540701;923;395;4251
115563202;923;395;4251
115590868;882;386;4247
115613944;868;383;4247
115640129;867;383;4251
115662317;818;372;4251
115693406;807;369;4252
115716299;757;358;4252
115742713;648;331;4252
115763968;635;328;4252
115786520;735;352;4251
115814101;747;355;4251
115840157;828;374;4251
115862747;758;358;4251
115884709;618;323;4249
115912780;745;355;4249
115940312;928;396;4251
115980348;1065;424;4252
116003990;1013;414;4252
116030184;878;385;4254
116061898;880;386;4254
116085817;828;374;4248
116112368;843;377;4249
116139645;843;377;4252
116165106;893;389;4253
116192722;820;372;4250
116214702;735;352;4250
116241175;807;369;4252
116263979;842;377;4252
116294935;805;369;4249
116344762;718;348;4249
116366430;657;333;4249
116426372;552;305;4253
116464588;495;289;4254
116512626;467;281;4250
116534032;440;273;4250
116561667;462;279;4249
116585263;452;276;424@20000101_000005_192721_imu_lsm6dso32.csv@116589270;1.0150399;0.011712;-0.000976;-84;21;-98;1
116643576;485;286;4254
116665612;530;299;4255
116691829;615;322;4250
116719701;733;352;4250
116744128;718;348;4250
116773331;585;314;4251
116796167;570;310;4251
116817563;587;315;4249
116852360;625;325;4251
116893577;720;349;4253
116923096;750;356;4249
116974109;743;354;4248
117001118;728;351;4248
117030337;687;341;4251
117081887;642;329;4248
117102441;625;325;4248
117123838;625;325;4253
117150387;620;324;4251
117180659;580;313;4249
117209929;615;322;4252
117234238;682;339;4252
117261533;728;351;4252
117308562;702;344;4251
117334961;678;338;4251
117357603;662;334;4251
117383343;638;328;4250
117440668;585;314;4251
117463451;607;320;4250
117492603;575;312;4254
117520469;592;316;4250
117550460;635;328;4251
117576033;672;337;4251
117602009;688;341;4252
117680492;612;322;4250
117702480;643;330;4250
117730266;647;331;4255
117771198;497;290;4248
117802740;478;284;4252
117824654;510;294;4251
117846275;527;298;4252
117881456;587;315;4249
117911591;615;322;4249
117932672;572;311;4249
117960648;583;314;4250
117982177;543;303;4250
118005180;513;294;4250
118031996;477;284;4249
118062203;593;317;4249
118114049;577;312;4249
118140850;570;310;4245
118164040;657;333;4245
118192904;610;321;4252
118236549;647;331;4251
118259372;623;324;4251
118283558;578;312;4250
118304552;612;322;4251
118333633;637;328;4249
118357236;842;377;4249
118381952;885;387;4251
118412628;910;392;4249
118436313;837;376;4249
118462724;782;364;4252
118484582;735;352;4252
118505985;743;354;4253
118531325;653;332;4251
118553301;603;319;42@192721_imu_lsm6dso32.csv@118555509;1.014064;0.010736;0.010736;-119;7;-98;1
118576394;672;337;4250
118600440;817;372;4251
118681315;828;374;4251
118710545;892;388;4250
118740213;863;382;4251
118766190;820;372;4249
118792620;750;356;4250
118814498;703;345;4250
118841196;725;350;4249
118863134;650;331;4249
118919757;643;330;4253
118941050;623;324;4248
118964185;608;321;4254
118992524;685;340;4254
119020291;742;354;4253
119050996;800;368;4251
119077272;830;375;4250
119114618;918;394;4251
119142301;808;370;4253
119167409;815;371;4253
119194361;892;388;4250
119215440;928;396;4250
119237615;840;377;4251
119274487;845;378;4253
119300855;833;375;4251
119330267;657;333;4253
119352939;645;330;4253
119376975;558;307;4255
119400851;522;297;4250
119430489;462;279;4252
119461033;550;305;4249
119482971;558;307;4249
119522886;543;303;4250
119576768;680;339;4254
119602216;667;336;4249
119632877;772;361;4250
119660419;768;360;4251
119685248;733;352;4251
119712219;503;291;4254
119741150;532;300;4251
119764854;602;319;4251
119790967;628;326;4252
119842766;563;308;4251
119864912;468;281;4253
119890741;507;293;4251
119912581;602;319;4251
119963904;498;290;4253
119995869;397;259;4253
120018041;240;201;4248
120043846;445;274;4256
120064426;560;308;4256
120087470;580;313;42@20000101_000005_192721_imu_lsm6dso32.csv@120089214;1.0150399;0.021472;-0.016592;-63;70;-112;1
120112120;563;308;4251
120141935;478;284;4253
120163378;407;262;4253
120185033;400;260;4251
120213135;312;229;4250
120238275;325;234;4256
120261879;325;234;4256
120284297;435;271;4255
120306651;447;275;4251
120331561;385;255;4251
120383954;362;247;4252
120413729;402;261;4252
120434119;545;303;4252
120457742;483;286;4252
120481555;448;275;4251
120503900;493;289;4255
120530491;390;257;4252
120560687;387;256;4249
120583361;417;265;4249
120609758;303;226;4252
120632969;303;226;4252
120655181;422;267;42@20000101_000005_192721_imu_lsm6dso32.csv@120658978;1.01016;0.005856;-0.006832;-49;-21;-105;1
120681202;452;276;4251
120702678;438;272;4251
120733487;448;275;4249
120761736;417;265;4254
120784193;287;220;4254
120821418;222;193;4251
120844703;272;214;4251
120868031;223;194;4250
120892766;158;163;4251
120914471;135;151;4248
120944126;112;137;4253
120971849;80;116;4253
121000127;18;55;4251
121031076;-20;0;4248
121060939;13;46;4251
121085001;87;121;425@20000101_000005_192721_imu_lsm6dso32.csv@121090289;1.013088;0.007808;0.006832;-56;14;-77;1
121112072;77;114;4253
121140480;42;84;4252
121164484;62;102;4252
121192863;37;79;4251
121214743;2;18;4251
121262165;-17;0;4254
121286309;-70;0;4254@20000101_000005_192721_imu_lsm6dso32.csv@121294049;1.0111359;0.005856;-0.011712;-63;42;-84;1
121317649;-127;0;4254
121342316;-77;0;4254
121365058;-62;0;4251
121386269;-15;0;4253@20000101_000005_192721_imu_lsm6dso32.csv@121391287;1.008208;0.008784;-0.000976;-112;-28;-63;1
121411485;-3;0;4250
121434953;-75;0;4250
121471708;5;29;4251
121497006;7;34;4251
121521482;52;93;4254
121550267;130;148;4253
121580880;185;177;4254
121602906;177;173;4254
121630293;150;159;4250
121660604;138;152;4250
121715007;293;222;4254
121741668;397;259;4252
121764333;382;254;4252
121792660;373;251;4251
121817921;367;249;4248
121842119;305;227;4248
121865362;205;186;4252
121888103;218;192;4253
121912424;217;191;4255
121940377;165;167;4251
121970425;157;163;4254
121994506;200;184;4254
122015962;260;209;4251
122043219;220;193;4251
122064909;232;198;4251
122100392;243;202;4253
122140427;90;123;4255
122180622;93;125;4251
122206361;112;137;4253
122235117;228;196;4248
122256790;255;207;4248
122283276;153;161;421021472;0.021472;-63;70;-98;1
122310420;168;168;4250
122340526;157;163;4253
122364260;63;103;4253
122392741;-65;0;4251
122416185;-153;0;4251
122441003;-255;0;4253
122464196;-260;0;4253
122492678;-320;0;4254
122518257;-238;0;4250
122540518;-222;0;4250
122561633;-260;0;4253
122613346;-225;0;4251
122638475;-203;0;4251
122663710;-228;0;4251
122684782;-202;0;4251
122710747;-222;0;4253
122740440;-252;0;4252
122763361;-302;0;4252
122792353;-267;0;4251
122841042;-223;0;4252
122867258;-230;0;4252
122895042;-272;0;4249
122917405;-285;0;4249
122943135;-177;0;4254
122966743;-183;0;4254
122988187;-183;0;425@20000101_000005_192721_imu_lsm6dso32.csv@122989928;1.014064;0.000976;-0.00976;-91;56;-119;1
123012413;-122;0;4249
123063170;-103;0;4250
123098319;-40;0;4253
123119105;-63;0;4253
123153456;-33;0;4254
123176133;-58;0;4254
123202713;-122;0;4255
123225756;-113;0;4255
123246206;-55;0;4253
123270511;-33;0;4255
123294471;-32;0;4254
123316011;-73;0;4248
123343134;-82;0;4253
123376302;-117;0;4251
123401318;-160;0;4251
123423439;-167;0;4251
123462622;-152;0;4251
123487538;-188;0;4250
123511956;-188;0;4253
123534594;-180;0;4250
123582445;-132;0;4253
123603788;-223;0;4253
123630908;-192;0;4252
123655591;-73;0;4252
123680997;-78;0;4252
123703349;-80;0;4252
123730690;-60;0;4252
123760441;-67;0;4251
123784013;-23;0;4251
123811754;-33;0;4248
123840430;-67;0;4250
123864006;-48;0;4250
123901051;23;62;4255
123923929;32;73;4255
123979007;-47;0;4251
124002474;-40;0;4251
124030404;5;29;4253
124055809;-65;0;4255
124083190;-62;0;4253
124105638;-27;0;4253
124131562;13;46;4250
124160142;-48;0;4251
124182292;-53;0;4251
124209951;-78;0;4252
124232102;-17;0;4252
124254472;-8;0;4254
124283188;-65;0;4251
124327037;-65;0;4254
124348445;-42;0;4254
124377579;-37;0;4251
124398229;-22;0;4251
124419312;10;41;4248
124443615;5;29;4249
124465975;-40;0;4253
124488025;-72;0;4249_192721_imu_lsm6dso32.csv@124489111;1.0150399;0.003904;-0.000976;-70;21;-105;1
124509302;-65;0;4253
124530630;-52;0;4256
124552722;-38;0;425.96;1
124581354;-28;0;4252
124602383;-48;0;4252
124630182;-25;0;4254
124653205;-15;0;4254@20000101_000005_192721_accel_adxl375.csv@124656131;1.7639999;0.147;0.196;1
124705113;-27;0;4250
124741349;-13;0;4253
124767225;-17;0;4254
124795711;-30;0;4250
124816260;-17;0;4250
124841672;-8;0;4250
124864801;-10;0;4253
124887448;10;41;4253@20000101_000005_192721_imu_lsm6dso32.csv@124889647;1.0111359;0.010736;0.008784;-91;42;-91;1
124910849;23;62;4252
124940596;-33;0;4252
124963450;-25;0;4252
125013150;-73;0;4254
125040352;-132;0;4251
125066203;-137;0;4253
125092543;-142;0;4252
125141168;-175;0;4254
125200616;-163;0;4250
125224168;-177;0;4250
125245921;-188;0;4251
125269348;-207;0;4251
125292613;-200;0;4251
125316809;-138;0;4256
125341830;-155;0;4251
125363144;-188;0;4253
125394743;-202;0;4251
125425825;-210;0;4251
125446561;-217;0;4254
125468764;-205;0;4250
125491416;-163;0;4248
125515754;-150;0;4249
125540024;-167;0;4249
125590523;-150;0;4253
125620628;-130;0;4251
125643066;-115;0;4251
125666591;-148;0;4251
125691899;-243;0;4251
125714725;-188;0;4255
125741462;-160;0;4253
125763570;-173;0;4253
125785645;-195;0;4256
125812990;-193;0;4253
125842375;-202;0;4251
125864715;-158;0;4251
125887212;-160;0;425@20000101_000005_192721_accel_adxl375.csv@125891608;1.813;0.147;0.147;1
125945237;-218;0;4252
125967760;-215;0;4252
126018624;-175;0;4250
126041091;-160;0;4250
126066274;-135;0;4253
126088835;-118;0;4249
126109353;-102;0;4253
126132193;-112;0;4250
126157076;-162;0;4250
126178458;-158;0;4252
126203504;-175;0;4251
126226572;-183;0;4251
126250570;-212;0;425n42;701850;0
126272897;-197;0;4252
126300642;-162;0;4253
126343631;-173;0;4253
126370409;-118;0;4253
126418274;-117;0;4255
126445722;-98;0;4254
126471771;-88;0;4253
126495776;-103;0;4253
126517858;-92;0;4253
126542824;-50;0;4252
126565565;-72;0;4250
126591572;-142;0;4253
126612353;-112;0;4253
126640526;-72;0;4248
126668315;-87;0;4256
126693278;-142;0;4256
126720802;-178;0;4252
126775950;-202;0;4252
126802899;-213;0;4250
126830081;-263;0;4253
126861269;-273;0;4253
126903175;-192;0;4257
126934485;-212;0;4253
126963286;-297;0;4255
126985841;-370;0;425@20000101_000005_192721_imu_lsm6dso32.csv@126989835;1.012112;0.00976;0.001952;-105;14;-98;1
127008798;-433;0;4253
127031431;-400;0;4251
127061213;-390;0;4253
127086429;-482;0;4253
127120750;-535;0;4250
127173707;-417;0;4254
127196421;-493;0;4255
127219406;-503;0;4249
127244661;-433;0;4253
127265594;-368;0;4253
127336852;-535;0;4250
127363740;-683;0;4252
127390202;-752;0;4251
127415593;-653;0;4251
127437855;-625;0;4254
127466241;-637;0;4251
127492255;-655;0;4253
127515990;-502;0;4253
127544173;-413;0;4257
127566139;-367;0;4257
127588396;-415;0;425@20000101_000005_192721_imu_lsm6dso32.csv@127592463;1.0150399;0.01464;-0.000976;-98;42;-77;1
127613171;-403;0;4251
127641848;-425;0;4251
127665096;-355;0;4251
127692431;-265;0;4257
127713240;-80;0;4257
127760041;310;229;4255
127781696;92;124;4255
127804555;-265;0;4252
127826022;-308;0;4250
127851600;-253;0;4253
127874165;-138;0;4253
127901498;-153;0;4251
127930050;-437;0;4253
127960864;-492;0;4254
127984138;-372;0;4254
128011009;-240;0;4250
128035411;-380;0;4250
128061983;-587;0;4252
128087093;-425;0;425@20000101_000005_192721_accel_adxl375.csv@128089600;1.7639999;0.098;0.147;1
128111152;-493;0;4251
128140576;-403;0;4256
128194618;-445;0;4252
128222205;-385;0;4253
128245628;-293;0;4253
128267419;-118;0;4254
128288497;-88;0;4254
128316676;-82;0;4252
128344389;-120;0;4250
128365719;-2;0;4250
128391820;-122;0;4251
128412250;-413;0;4251
128433157;-395;0;4253
128461072;-178;0;4250
128483975;-58;0;4250
128513904;-183;0;4254
128534827;-305;0;4254
128582307;-45;0;4252
128622460;188;178;4251
128644070;225;195;4251
128666348;263;211;4252
128691139;328;235;4251
128712887;288;220;4251
128740993;205;186;4251
128764229;225;195;4251
128792301;68;107;4256
128843491;38;80;4251
128866833;8;36;4251
128893272;-105;0;4251
128917631;-75;0;4251
128943056;-38;0;4250
128970620;23;62;4251
128994660;10;41;4251
129019079;107;134;4253
129052691;-70;0;4253
129078864;-93;0;4251
129103813;-75;0;4251
129151124;-212;0;4253
129175300;-12;0;4253
129202505;-50;0;4253
129224766;-222;0;4253
129245371;-100;0;4251
129271801;27;67;4254
129294341;180;174;4254
129318962;182;175;4253
129374873;-110;0;4249
129400926;-190;0;4252
129422631;-218;0;4252
129450389;-230;0;4251
129500651;-260;0;4254
129526912;-280;0;4252
129563565;-70;0;4251
129609315;-168;0;4253
129631174;-280;0;4253
129662199;-132;0;4255
129691258;-257;0;4249
129741451;-147;0;4253
129770653;13;46;4252
129795123;-102;0;4252
129831503;-112;0;4252
129861784;-120;0;4255
129883238;-80;0;4255
129941494;315;231;4253
129965960;265;211;4253
129992625;312;229;4250
130032350;320;232;4255
130060962;242;202;4252
130085894;87;121;425;@20000101_000005_192721_imu_lsm6dso32.csv@130089776;1.01016;0.005856;0.006832;-105;21;-35;1
130110784;227;196;4254
130140740;365;248;4253
130166763;347;242;4254
130193934;482;285;4251
130216725;282;218;4251
130241827;68;107;4254
130265129;193;180;4256
130292259;223;194;4249
130342209;472;282;4248
130389323;453;277;4253
130416259;375;252;4252
130437417;388;256;4252
130461991;345;241;4255
130483112;313;230;4253
130506111;347;242;4251
130533012;408;262;4252
130555311;367;249;4252
130580171;490;288;4254
130601362;517;296;4255
130650688;422;267;4252
130675486;400;260;4252
130702194;463;280;4255
130730328;360;247;4253
130760503;312;229;4251
130785159;352;244;4251
130835742;302;226;4252
130864018;222;193;4250
130885206;222;193;42c0886329;1.7639999;0.147;0.196;1
130910968;233;198;4250
130933889;260;209;4250
130960498;263;211;4253
130983092;295;223;4253
131011103;292;222;4251
131040196;403;261;4253
131064513;490;288;4253
131092452;457;278;4251
131113294;392;257;4251
131140612;342;240;4249
131164384;387;256;4249
131192415;437;272;4255
131213780;337;238;4255
131262277;305;227;4253
131290787;303;226;4254
131314143;260;209;4254
131341675;218;192;4254
131365052;275;215;4254
131390741;283;219;4253
131422234;277;216;4253
131444103;267;212;4250
131467223;195;181;4251
131491980;178;173;4255
131514377;178;173;4254
131567242;220;193;4252
131592672;272;214;4251
131621905;337;238;4253
131651043;350;243;4251
131702068;288;220;4251
131731579;503;291;4253
131752637;648;331;42;1
131774886;597;318;4254
131800416;590;316;4253
131829014;605;320;4252
131852836;580;31@20000101_000005_192721_imu_lsm6dso32.csv@131858013;1.016016;0.013664;-0.003904;-42;28;-98;1
131874058;488;287;4253
131896273;457;278;4253
131917560;505;292;4254
131941420;542;303;4251
131970591;503;291;4251
132000283;623;324;4252
132023094;607;320;4252
132073220;515;295;4255
132119010;482;285;4252
132141393;547;304;4252
132163786;492;288;4252
132184797;545;303;422@13218933;1.7639999;0.098;0.098;1
132212745;558;307;4254
132237186;520;296;4254
132261571;512;294;4251
132284309;495;289;4255
132306209;505;292;4253
132331096;497;290;4254
132353972;680;339;4252
132381417;570;310;4254
132408373;497;290;4252
132430669;523;297;4252
132462436;585;314;4255
132484677;613;322;4253
132510993;470;282;4255
132574086;270;213;4251
132596513;235;199;4255
132618503;267;212;4253
132640844;330;236;4250
132664189;412;264;4257
132693552;370;250;4255
132744839;352;244;4252
132766184;383;254;4253
132793192;398;259;4251
132814934;512;294;4251
132841983;372;251;4252
132865185;348;242;4252
132890814;333;237;4255
132920008;233;198;4253
132978663;458;278;4255
133007515;445;274;4253
133031412;372;251;4253
133060510;515;295;4255
133083557;367;249;4255
133111750;475;283;4253
133141091;438;272;4252
133163961;277;216;4252
133185297;52;93;4254
133212033;5;29;4252
133237755;95;126;4253
133262308;202;185;4253
133284226;160;164;4253
133311976;137;152;4251
133339978;170;169;4253
133363703;63;103;4253
133391639;122;143;4251
133440594;432;270;4254
133462951;522;297;4254
133486428;478;284;4251
133511058;355;245;4253
133555056;318;232;4253
133577019;275;215;4253
133605822;342;240;4252
133630970;350;243;4251
133654539;343;241;4251
133676657;217;191;4252
133702276;145;156;4253
133731128;95;126;4253
133760417;123;144;4254
133784458;117;140;4254
133805141;80;116;4253
133832211;-45;0;4253
133879043;-208;0;4255
133900116;-260;0;4255
133921841;-277;0;4255
133955856;-130;0;4250
133979515;-157;0;42500101_000005_192721_imu_bno055.csv@133988093;343.625;7581;-17175;0.961592464;0.022433758;-0.24575162
134001864;-277;0;4252
134022883;-332;0;4254
134043533;-340;0;4254
134065276;-335;0;4251
134091242;-310;0;4255
134115058;-292;0;4255
134150585;-298;0;4253
134173292;-265;0;4253
134196318;-255;0;4254
134219338;-328;0;425@20000101_000005_192721_laser_agl.csv@134228810;0.02;1
134240837;-353;0;4251
134281323;-357;0;4253
134312395;-328;0;4250
134333105;-288;0;4250
134354024;-265;0;425@20000101_000005_192721_imu_lsm6dso32.csv@134356585;1.01016;0.012688;0.008784;-140;28;-56;1
134375078;-285;0;4254
134397994;-317;0;4252
134419155;-360;0;4251
134440317;-358;0;4252
134462370;-293;0;4255
134485735;-252;0;425@20000101_000005_192721_accel_adxl375.csv@134489164;1.7639999;0.098;0.244999984;1
134512909;-233;0;4253
134541015;-265;0;4253
134565581;-190;0;4253
134592831;-167;0;4254
134620222;-190;0;4251
134675742;-120;0;4255
134741061;-107;0;4254
134763565;-60;0;4251
134793196;73;111;4255
134818381;83;118;4@20000101_000005_192721_laser_agl.csv@134822981;0.021;1
134841242;62;102;4253
134863952;-48;0;4251
134920478;-25;0;4249
134942446;-32;0;4249
134966692;-102;0;4253
134992525;-140;0;4253
135015603;-70;0;4253
135042213;-40;0;4255
135070068;-38;0;4253
135095198;-75;0;4253
135138763;-173;0;4256
135164945;-235;0;4255
135187792;-247;0;4255
135215350;-183;0;4255
135237470;-108;0;4255
135262686;-98;0;4254
135306088;-72;0;4255
135330279;-82;0;4256
135360748;-160;0;4257
135388792;-217;0;4250
135420366;-198;0;4255
135450110;-193;0;4251
135474589;-208;0;4251
135500624;-203;0;4250
135560167;-225;0;4254
135610670;-188;0;4253
135640494;-135;0;4251
135666605;-100;0;4253
135691121;-67;0;4253
135713489;-78;0;4255
135740280;-123;0;4253
135763583;-225;0;4253
135841737;-267;0;4253
135865371;-170;0;4255
135892051;-135;0;4251
135916460;-157;0;4251
135941490;-320;0;4251
135963138;-148;0;4253
136032498;155;162;4254
136062748;218;192;4253
136111328;337;238;4253
136132479;345;241;4253
136160556;335;238;4251
136185811;368;249;4253
136212374;392;257;4253
136233888;385;255;4253
136255824;410;263;4251
136281575;382;254;4254
136305372;410;263;4254
136329411;362;247;4255
136360382;382;254;4248
136383306;417;265;4248
136411461;427;269;4252
136454919;302;226;4256
136480609;290;221;4254
136503614;227;196;4254
136526928;187;178;4253
136551906;217;191;4252
136580332;183;176;4250
136602847;188;178;4250
136631488;297;224;4252
136668532;373;251;4251
136691614;375;252;4251
136720914;318;232;4252
136750438;262;210;4253
136774934;202;185;4253
136802686;143;155;4254
136831734;165;167;4254
136853967;187;178;4254
136877313;167;168;4251
136917017;177;173;4252
136942497;185;177;4256
136963486;263;211;4256
136985363;127;146;4252
137011575;17;53;4255
137035424;-23;0;4255
137060777;55;96;4253
137082300;47;89;4248
137104451;87;121;4253
137130529;140;154;4253
137160628;155;162;4257
137183191;125;145;4257
137206976;112;137;4252
137233124;35;77;4255
137277703;137;152;4253
137324182;105;133;4254
137373113;127;146;4253
137394525;178;173;4250
137415997;162;165;4253
137441339;173;171;4255
137466743;223;194;4255
137511419;158;163;4254
137540834;118;141;4249
137564153;72;110;4249
137592988;215;190;4253
137640919;253;207;4249
137664687;250;205;4251
137724602;297;224;4252
137750075;300;225;4254
137771233;315;231;4254
137795842;233;198;4255
137845707;57;98;4253
137869241;118;141;4254
137895441;140;154;4253
137919871;208;187;42c;0.022;0
137976249;118;141;4253
138002319;123;144;4250
138030532;158;163;4251
138060912;102;131;4251
138085700;168;168;42@20000101_000005_192721_accel_adxl375.csv@138092040;1.7149999;0.147;0.196;1
138118406;217;191;4253
138140984;262;210;4253
138194668;620;324;4253
138216730;728;351;4253
138240998;632;327;4253
138263397;578;312;4254
138285221;725;350;4251
138312841;645;330;4253
138340135;480;285;4252
138363202;457;278;4252
138386424;702;344;4251
138412811;788;365;4251
138433842;668;336;4251
138480739;655;333;4251
138504052;617;323;4251
138531001;937;398;4250
138556617;935;398;4253
138640924;867;383;4251
138670335;793;366;4255
138700670;752;357;4251
138733648;910;392;4251
138777347;827;374;4253
138798278;715;348;4251
138821021;570;310;42@20000101_000005_192721_imu_lsm6dso32.csv@138824065;1.013088;0.002928;0.001952;-161;21;-56;1
138880208;508;293;4253
138910587;458;278;4255
138940235;513;294;4252
138964938;470;282;4252
139011134;427;269;4249
139040086;280;217;4255
139110478;247;204;4252
139140506;112;137;4254
139163834;175;172;4254
139212655;383;254;4253
139241797;422;267;4253
139264181;370;250;4253
139312604;425;268;4257
139342427;428;269;4255
139364796;467;281;4255
139413470;490;288;4252
139440646;560;308;4255
139464178;490;288;4255
139510523;340;240;4250
139542465;282;218;4254
139567644;265;211;4252
139590184;287;220;4253
139613728;282;218;4251
139634228;443;274;4253
139661133;618;323;4253
139691677;728;351;4254
139721779;780;363;4253
139742921;737;353;4253
139767270;858;381;4253
139791248;823;373;4247
139821124;800;368;4251
139843627;870;384;4251
139865660;937;398;4256
139891265;952;401;4253
139917691;912;393;4252
139960255;1060;423;4257
139984342;1165;444;4257
140011256;1120;435;4249
140040557;1110;433;4251
140064687;1035;418;4251
140089534;947;400;4253
140112090;875;385;4252
140141623;965;404;4254
140165782;813;371;4254
140193921;725;350;4254
140216222;837;376;4254
140242244;855;380;4255
140265906;818;372;4255
140287654;853;380;42@20000101_000005_192721_imu_lsm6dso32.csv@140290274;1.013088;0.01464;-0.00488;-133;112;-154;1
140313673;790;365;4255
140341574;792;366;4251
140384174;830;375;4257
140410774;753;357;4254
140440255;760;358;4253
140467786;725;350;4254
140501515;753;357;4251
140550832;838;376;4251
140572981;837;376;4251
140602885;843;377;4251
140628390;890;388;4252
140660926;893;389;4251
140684987;840;377;4251
140713947;815;371;4252
140735143;823;373;4252
140761879;1020;415;4255
140784101;998;411;4255
140812172;967;404;4252
140875011;863;382;4254
140902977;858;381;4258
140952804;985;408;4255
140974206;1035;418;4255
141011312;1043;420;4257
141034893;1082;428;4257
141062357;1055;422;4256
141084603;1092;430;4256
141111148;1043;420;4256
141140456;958;402;4255
141165748;1023;416;4255
141192973;1153;442;4254
141215193;1080;427;4254
141238124;1102;432;4251
141288847;1093;430;4254
141315317;1073;426;4255
141336427;1083;428;4255
141362091;973;406;4254
141391162;903;391;4255
141414751;827;374;4255
141437539;793;366;4252
141461210;822;373;4255
141485597;852;380;4256
141512159;898;390;4257
141533327;877;385;4257
141561201;865;382;4253
141584738;792;366;4253
141610374;718;348;4255
141642165;807;369;4254
141670526;853;380;4255
141710787;762;359;4254
141740877;793;366;4254
141764287;757;358;4254
141794069;755;357;4253
141874613;658;333;4254
141896503;580;313;4256
141921569;568;310;4249
141950374;533;300;4251
141974225;545;303;4251
142000999;532;300;4253
142051196;567;310;4251
142075263;563;308;4251
142100958;520;296;4252
142146416;475;283;4251
142172389;503;291;4249
142201329;545;303;4255
142250461;542;303;4252
142275406;563;308;4252
142298503;535;301;4254
142341487;628;326;4250
142365686;628;326;4255
142391109;678;338;4253
142421074;548;304;4253
142450957;532;300;4253
142482871;558;307;4254
142510797;683;340;4252
142532931;815;371;4252
142614252;1062;424;4252
142637529;1050;421;4252
142664402;982;407;4252
142686951;907;392;4252
142711482;940;399;4255
142740450;1050;421;4253
142770771;1062;424;4254
142800293;957;402;4252
142823856;927;396;4252
142844464;943;399;4254
142866852;942;399;4249
142892968;947;400;4254
142915230;1075;426;4254
142940642;990;409;4253
142963942;925;395;4249
143017810;1170;445;4@20000101_000005_192721_accel_adxl375.csv@143023523;1.7639999;0.147;0.147;1
143044395;1193;449;4252
143066474;740;354;4252
143087335;582;314;42@20000101_000005_192721_accel_adxl375.csv@143091789;1.7149999;0.098;0.196;1
143108374;505;292;4249
143142919;568;310;4252
143167172;640;329;4252
143194274;607;320;4255
143216204;577;312;4255
143239332;547;304;4250
143263396;558;307;4255
143311095;798;367;4257
143340458;693;342;4254
143364469;703;345;4254
143392104;872;384;4253
143421591;763;359;4249
143465477;733;352;4252
143490851;802;368;4252
143521922;780;363;4252
143561919;753;357;4253
143584402;718;348;4253
143611731;613;322;4254
143640930;560;308;4252
143664431;588;315;4252
143693000;632;327;4251
143715880;517;296;4251
143742112;410;263;4251
143766504;557;307;4251
143793183;592;316;4253
143850916;467;28
143904001;402;261;4253
143927557;440;273;4255
143952046;438;272;420l.csv@143953778;0.02;0
143978405;405;262;4251
144001445;492;288;4251
144023748;467;281;4255
144050745;427;269;4255
144074192;615;322;4255
144101250;583;314;4254
144143917;580;313;4252
144167340;592;316;4250
144193197;605;320;4256
144217968;497;290;4256
144242919;473;283;4253
144264180;290;221;4256
144311756;288;220;4252
144334100;363;248;4252
144360776;448;275;4257
144383261;478;284;4257
144411056;553;306;4253
144432844;565;309;4253
144460638;588;315;4250
144482322;518;296;4250
144511002;522;297;4249
144541615;370;250;4253
144562810;455;277;4253
144584627;497;290;4255
144611084;512;294;4255
144633355;390;257;4255
144661628;413;264;4255
144684831;357;245;4255
144745055;293;222;42@121_imu_lsm6dso32.csv@144747201;1.012112;0.020496;0.003904;-49;49;-105;1
144773302;213;190;4252
144796182;173;171;4252
144845294;188;178;4253
144872650;178;173;4253
144896146;202;185;4253
144921397;185;177;4254
144951528;148;158;4253
144974431;182;175;4253
145002819;238;200;4250
145024375;227;196;4250
145073939;333;237;4253
145101240;428;269;4253
145131470;480;285;4253
145160975;443;274;4253
145201424;405;262;4251
145226157;393;258;4251
145251523;375;252;42@20000101_000005_192721_imu_lsm6dso32.csv@145256846;1.0111359;0.007808;0.015616;-98;28;-77;1
145273899;342;240;4255
145301416;310;229;4252
145325208;222;193;4252
145373636;67;106;4255
145402586;110;136;4250
145432139;115;139;4251
145453687;153;161;4251
145480883;217;191;4251
145502757;282;218;4251
145552170;377;252;42@20000101_000005_192721_accel_adxl375.csv@145556657;1.7639999;0.147;0.196;1
145574489;172;170;4254
145622163;343;241;4255
145644341;608;321;4255
145665721;777;362;4255
145693748;627;325;4249
145715486;712;347;4249
145741159;847;378;4254
145768418;998;411;4255
145801161;1020;415;4253
145831320;492;288;4251
145876638;757;358;4253
145902461;695;343;4251
145931081;622;324;4251
145955133;573;311;42@20000101_000005_192721_imu_lsm6dso32.csv@145957743;1.014064;0.001952;-0.01464;7;-28;-161;1
145981906;647;331;4251
146003918;715;348;4251
146031941;795;367;4253
146068575;618;323;4251
146093876;682;339;4251
146142094;750;356;4252
146169831;845;378;4253
146194042;852;380;4253
146216154;828;374;4253
146239736;823;373;4254
146262317;743;354;4254
146284511;797;367;4253
146343906;843;377;4250
146366179;795;367;4254
146393075;1002;412;4255
146418471;1102;432@20000101_000005_192721_imu_lsm6dso32.csv@146433051;1.009184;-0.016592;-0.00976;-63;14;-161;1
146441653;1135;438;4251
146463767;1048;421;4253
146509247;1108;433;4255
146534633;808;370;4253
146577688;1073;426;4251
146602125;1150;441;4258
146623944;1348;477;4254
146651938;1238;458;4252
146674511;1153;442;4252
146699034;1027;417;4255
146720456;1248;459;4@20000101_000005_192721_imu_lsm6dso32.csv@146723110;1.0150399;-0.000976;-0.028304;-168;-56;-7;1
146743435;1175;446;4251
146767131;1082;428;4252
146795003;1095;430;4254
146818760;1288;467;4254
146842491;1383;484;4253
146864279;1258;461;4256
146916591;1283;466;4252
146952557;1388;485;4253
146974647;1252;460;4253
146996708;1242;458;4251
147046306;1217;454;4253
147070899;1173;445;4253
147093286;1163;443;4257
147115041;1138;439;4251
147141648;1138;439;4250
147162869;1087;429;4250
147214128;1137;438;4256
147239698;1210;452;4253
147262880;1078;427;4253
147302532;1070;425;4257
147331888;1052;422;4249
147382588;1035;418;4255
147404877;920;394;4255
147431275;802;368;4251
147477062;732;352;4255
147498409;705;345;4256
147556351;923;395;4254
147579090;978;407;4254
147600302;1000;411;4250
147643055;1032;418;4253
147727944;752;357;4250
147756004;715;348;4256
147781583;720;349;4252
147807862;703;345;4252
147832168;603;319;4252
147855656;618;323;4256
147883022;678;338;42_.sv47885091;-31.96623;37.83;101709.552;3.8709316
147905078;695;343;4253
147931649;635;328;4252
147961783;543;303;4252
147986728;585;314;42b.csv@147988899;-31.9081;37.83;101708.83;3.929062
148013926;607;320;4253
148042052;660;334;4254
148064118;577;312;4254
148113672;557;307;4252
148141730;625;325;4253
148165830;655;333;4253
148211711;677;338;4254
148234456;718;348;4253
148282206;773;361;4254
148311779;765;360;4254
148341336;757;358;4249
148364330;768;360;4249
148387380;767;360;4251
148419797;740;354;4256
148452900;732;352;4252
148477739;703;345;4252
148502179;720;349;4253
148525250;725;350;4254
148575726;717;348;4253
148601896;700;344;4252
148654878;683;340;4256
148679884;662;334;4254
148702712;632;327;4252
148733168;693;342;4254
148775338;718;348;4254
148798855;672;337;4257
148819540;627;325;4257
148842171;648;331;4254
148866838;645;330;4253
148890524;692;342;4254
148918143;708;346;4252
148942433;795;367;4252
148965501;880;386;4253
148995163;878;385;4250
149019280;877;385;4250
149044843;968;405;4255
149094705;907;392;4255
149115506;908;392;4255
149142196;915;393;4255
149173175;940;399;4253
149197884;880;386;4253
149220045;888;387;4252
149244244;883;386;4255
149266916;835;376;4250
149288963;823;373;4253
149315170;797;367;4253
149336394;695;343;4253
149363560;702;344;4254
149394707;668;336;4253
149417648;648;331;4253
149452932;578;312;4250
149497589;573;311;4250
149520029;565;309;42-@20000101_000005_192721_accel_adxl375.csv@149523515;1.7639999;0.098;0.196;1
149542037;548;304;4253
149569637;538;301;4253
149594137;542;303;4253
149624496;500;291;4255
149647858;468;281;4255
149670624;480;285;4250
149695709;492;288;4251
149717618;612;322;4252
149746931;573;311;4251
149772329;533;300;4255
149796886;558;307;4255
149819299;578;312;4252
149843977;538;301;4254
149868613;578;312;4252
149893362;575;312;4252
149932528;548;304;4257
149954410;558;307;4257
149981951;568;310;4250
150005075;565;309;4250
150032196;550;305;4255
150083062;540;302;4252
150104941;510;294;4252
150134358;470;282;4252
150155381;437;272;42@20000101_000005_192721_imu_lsm6dso32.csv@150158436;1.012112;0.000976;0.003904;-70;56;-126;1
150182370;415;265;4251
150204321;432;270;4251
150228155;410;263;4251
150254012;370;250;42@20000101_000005_192721_imu_lsm6dso32.csv@150255786;1.0150399;0.005856;0.0;-84;35;-119;1
150275960;343;241;4253
150302828;382;254;4251
150354189;375;252;4255
150384677;350;243;4253
150405302;337;238;4253
150432848;320;232;4254
150484219;365;248;4253
150505421;392;257;4253
150527268;432;270;4255
150605232;503;291;4254
150632262;528;299;4255
150654911;513;294;42@20000101_000005_192721_accel_adxl375.csv@150658209;1.7639999;0.147;0.147;1
150683140;507;293;4255
150704395;492;288;4255
150732503;460;279;4254
150778121;403;261;4253
150802814;395;258;4254
150833426;360;247;4253
150861572;377;252;4251
150882967;440;273;4251
150905837;442;273;4255
150931928;418;266;4252
150993029;392;257;4254
151017573;422;267;4254
151042489;423;267;4253
151065504;458;278;4254
151114646;338;239;4253
151142591;305;227;4254
151171962;343;241;4257
151196315;360;247;4257
151251925;357;245;4255
151277385;363;248;4255
151303808;317;231;4252
151352029;378;253;4254
151374828;375;252;4254
151402677;422;267;4253
151423790;388;256;4253
151447119;367;249;4253
151469338;318;232;4251
151493596;285;219;4256
151533086;255;207;4256
151562926;142;155;4256
151593913;82;117;4255
151620888;75;112;42@20000101_000005_192721_accel_adxl375.csv@151633172;1.7639999;0.147;0.147;1
151666605;-35;0;4254
151697520;278;217;4255
151718412;470;282;4255
151746113;447;275;4255
151768069;558;307;4255
151793343;538;301;4253
151818322;622;324;4253
151841768;687;341;4255
151863996;675;338;4252
151892441;937;398;4253
151942722;708;346;4253
151965638;698;343;4257
151996036;792;366;4253
152019464;798;367;4253
152045504;793;366;4252
152066813;788;365;4252
152121825;725;350;4254
152144235;628;326;4254
152167263;412;264;4255
152193531;472;282;4253
152215509;752;357;4253
152246140;612;322;4254
152268106;720;349;4254
152290974;745;355;4253
152317153;857;381;4255
152343896;822;373;4256
152366570;707;346;4256
152389464;688;341;4251
152417238;665;335;4255
152475616;130;148;4256
152497722;178;173;4253
152537272;265;211;4254
152567367;203;185;4253
152595905;318;232;4256
152644370;217;191;4254
152671413;430;269;4255
152695559;592;316;4255
152743768;562;308;4250
152767006;528;299;4254
152814965;658;333;4253
152843041;850;379;4252
152864871;817;372;4252
152912938;768;360;4253
152941891;665;335;4252
152982341;558;307;4255
153016953;918;394;4254
153042714;837;376;4252
153064538;702;344;4252
153093830;685;340;4251
153132459;813;371;4253
153162370;850;379;4253
153184925;832;375;4253
153211625;740;354;4255
153233134;713;347;4255
153282986;715;348;4253
153305110;765;360;4253
153332027;805;369;4255
153393457;802;368;4254
153441083;723;350;4249
153473388;710;346;4253
153502762;632;327;4250
153525677;675;338;4250
153553380;708;346;4255
153575964;712;347;4255
153602536;768;360;4257
153624487;738;353;4257
153648880;930;397;4253
153673487;1018;415;4254
153696648;987;409;4261
153724294;895;389;4253
153752673;840;377;4255
153774704;868;383;4255
153802406;753;357;4251
153853876;818;372;4255
153883701;780;363;4252
153904960;742;354;4252
153941828;782;364;4257
153964396;717;348;4257
153994072;680;339;4254
154018814;607;320;4254
154042405;523;297;4253
154066596;502;291;4253
154093242;453;277;4253
154114481;517;296;4253
154142605;502;291;4251
154166502;517;296;4251
154193793;608;321;4255
154215694;820;372;4255
154242621;748;356;4255
154306576;583;314;4251
154331691;575;312;4254
154393381;580;313;4251
154427017;795;367;4255
154453317;858;381;425505;0.021;0
154476449;852;380;4253
154505694;917;394;4256
154533572;1002;412;4256
154562591;1102;432;4252
154587378;1263;462;4252
154616026;1115;434;4252
154642619;945;400;4256
154664121;1063;424;4256
154692423;1098;431;4251
154745112;883;386;4251
154769980;747;355;4257
154796601;708;346;4251
154817841;738;353;4251
154842325;717;348;4254
154864215;823;373;4256
154885747;623;324;4253
154922373;858;381;4255
154944430;963;404;4255
154967810;932;397;4255
154994812;890;388;4252
155015109;882;386;4252
155077723;998;411;4252
155102249;1048;421;4251
155124919;998;411;4253
155192487;1028;417;4252
155216095;998;411;4252
155243062;820;372;4251
155266722;737;353;4251
155295451;630;326;4253
155316144;582;314;4253
155337164;578;312;4255
155362928;702;344;4255
155388925;970;405;4256
155414161;1035;418;4256
155442161;1065;424;4253
155465624;1085;428;4253
155493710;1087;429;4250
155518226;1107;433;4250
155542309;1088;429;4250
155566053;1140;439;4253
155613943;1287;467;4253
155636432;1262;462;4253
155665144;1190;449;4252
155723751;1277;465;4258
155748976;1182;447;4257
155770765;1025;416;4257
155794029;1077;427;4254
155819450;1102;432;4254
155844635;1148;441;4254
155866732;1257;461;4256
155894607;1163;443;4255
155954092;1080;427;4255
155976889;1050;421;4255
156013667;923;395;4252
156045367;763;359;4253
156068235;763;359;4256
156093314;870;384;4251
156115836;925;395;4257
156142799;987;409;4250
156168585;975;406;4255
156192753;933;397;4255
156215497;870;384;4253
156242496;775;362;4254
156267608;773;361;4253
156295359;810;370;4257
156318953;942;399;4257
156343699;953;401;4255
156367145;905;391;4255
156392744;902;391;4253
156434201;915;393;4254
156458941;925;395;4254
156484167;967;404;4254
156506198;937;398;4254
156528170;880;386;4254
156562064;778;363;4258
156585474;890;388;4258
156612698;788;365;4256
156639558;808;370;4250
156662946;807;369;4250
156687251;865;382;4252
156781696;1008;413;4256
156814036;1037;419;4253
156844069;1068;425;4254
156897149;1042;420;4253
156918574;1133;438;456dso32.csv@156920465;1.012112;0.01464;0.007808;-70;21;-147;1
156952054;1015;414;4256
156977469;945;400;4252
157002111;875;385;4252
157023809;850;379;4254
157052037;868;383;4253
157075486;835;376;4253
157096934;860;381;4251
157125303;770;361;4253
157148572;1115;434;4253
157172851;1118;435;4253
157195886;1020;415;4253
157218769;1125;436;4249
157244741;1222;455;4253
157267507;1085;428;4253
157317064;910;392;42;_000005_192721_imu_lsm6dso32.csv@157321485;1.013088;0.018544;0.001952;-126;21;-98;1
157339082;865;382;4255
157365120;800;368;4252
157409282;855;380;4252
157440267;822;373;4255
157465369;853;380;4255
157486314;880;386;4254
157513604;678;338;4253
157543705;655;333;4254
157565994;618;323;4254
157592691;600;318;4252
157622278;670;336;4255
157654978;652;332;4251
157677705;682;339;4251
157700543;723;350;4255
157733870;682;339;4256
157785338;632;327;4254
157808061;555;306;4254
157833633;590;316;4257
157863624;585;314;4254
157912786;530;299;4253
157936378;603;319;4253
157967501;555;306;4256
157994494;505;292;4255
158041506;480;285;4256
158063583;448;275;4250
158085223;497;290;4253
158113776;577;312;4253
158136196;648;331;4253
158168511;660;334;4253
158223737;607;320;4255
158253392;558;307;4253
158274905;560;308;4253
158297518;612;322;4250
158332215;703;345;4255
158355214;705;345;4255
158384824;738;353;4253
158405658;667;336;4253
158433211;708;346;4255
158483141;760;358;4521_accel_adxl375.csv@158485808;1.7639999;0.147;0.244999984;1
158504151;710;346;4251
158525071;678;338;4254
158574423;710;346;4255
158612579;578;312;4253
158666075;598;318;4255
158687779;550;305;4255
158753925;618;323;4252
158812428;740;354;4254
158833926;693;342;4254
158856454;617;323;4255
158885623;633;327;42_887219;0.021;0
158914195;677;338;4252
158936416;632;327;4252
158963139;572;311;4251
158995275;428;269;4251
159019506;358;246;4251
159044724;335;238;4253
159065680;395;258;4254
159092868;395;258;4254
159135987;423;267;4257
159163874;472;282;4253
159192895;447;275;4255
159216315;410;263;4255
159243264;383;254;4253
159266031;393;258;4253
159296914;418;266;4255
159318303;458;278;4255
159339318;503;291;4254
159366346;530;299;4253
159389564;517;296;4253
159411635;450;276;4253
159435322;492;288;4256
159495260;423;267;4256
159528333;362;247;4255
159566147;340;240;4250
159595771;317;231;4255
159620016;278;217;42;@20000101_000005_192721_accel_adxl375.csv@159623153;1.7639999;0.147;0.196;1
159675780;425;268;4255
159702860;480;285;4253
159724644;540;302;4253
159747217;647;331;4259
159774924;610;321;4254
159796683;560;308;4254
159832607;495;289;4255
159856486;415;265;4255
159884504;383;254;4257
159905263;365;248;4257
159928852;428;269;4255
159954074;470;282;42@20000101_000005_192721_imu_lsm6dso32.csv@159956294;1.013088;-0.013664;0.01464;-98;42;-91;1
159994924;437;272;4259
160034703;378;253;4255
160064133;428;269;4255
160085879;423;267;4255
160113644;408;262;4255
160142127;362;247;4253
160166068;343;241;4253
160190032;325;234;4255
160215142;323;233;4255
160238934;318;232;4255
160260157;348;242;4252
160283437;320;232;4252
160305328;272;214;4251
160330695;252;206;4255
160353783;333;237;42@20000101_000005_192721_imu_lsm6dso32.csv@160376012;1.012112;0.025376;0.001952;-98;70;-70;1
160392880;280;217;4255
160416525;307;228;4255
160444587;280;217;4255
160468276;260;209;4255
160494983;237;200;4255
160516110;268;213;4255
160537751;258;209;4255
160565120;270;213;4256
160587018;357;245;42@20000101_000005_192721_imu_lsm6dso32.csv@160590649;1.0111359;0.0;0.001952;-140;14;-70;1
160615451;357;245;4253
160643605;398;259;4249
160673730;373;251;4256
160694896;303;226;4256
160718219;293;222;4255
160748758;367;249;4256
160774495;367;249;4252
160819184;378;253;4251
160844826;360;247;4254
160866219;360;247;4254
160913310;323;233;4252
160934517;313;230;4254
160958042;267;212;4255
160980375;242;202;4253
161004751;305;227;4254
161032323;388;256;4254
161062448;350;243;4257
161086226;360;245@20000101_000005_192721_accel_adxl375.csv@161090421;1.7639999;0.098;0.147;1
161113072;362;247;4254
161141994;395;258;4257
161165231;383;254;4257
161193550;390;257;4253
161215543;435;271;4253
161264120;500;291;4256
161292658;487;287;4252
161313543;487;287;4252
161335545;482;285;4251
161358782;493;289;4254
161406266;547;304;4252
161434886;547;304;4251
161458308;568;310;4251
161484003;620;324;4253
161505132;562;308;4253
161533405;543;303;4252
161565000;573;311;4256
161587328;540;302;42@20000101_000005_192721_imu_lsm6dso32.csv@161590914;1.012112;0.010736;0.006832;-84;63;-112;1
161614678;510;294;4256
161643010;483;286;4250
161665709;500;291;4250
161712983;430;269;4251
161737067;425;268;4251
161763357;472;282;4255
161787858;467;281;421l375.csv@161789390;1.7639999;0.147;0.147;1
161815794;492;288;4252
161843969;528;299;4252
161866286;510;294;4252
161913035;507;293;4255
161942619;432;270;4252
161965217;432;270;4252
161986982;405;262;42@20000101_000005_192721_accel_adxl375.csv@161991512;1.813;0.147;0.147;1
162044126;427;269;4253
162067132;422;267;4255
162094516;390;257;4255
162140628;397;259;4226;1950;0
162167762;423;267;4254
162189946;408;262;4254
162211357;407;262;4257
162234512;440;273;4257
162257338;417;265;4254
162278388;393;258;4253
162299444;342;240;4252
162321109;312;229;42.0111359;0.00976;0.007808;-91;42;-77;1
162352112;34@20000101_000005_192721_power_ina226.csv@162355111;3937;477;1875;0
162376103;323;233;4253
162403171;335;238;4255
162424708;335;238;4255
162456898;355;245;4255
162482667;342;240;4255
162512541;308;228;4254
162542431;282;218;4255
162593946;287;220;4253
162643014;287;220;4256
162666594;290;221;4256
162692341;287;220;4255
162716766;237;200;4255
162742854;230;197;4254
162764525;260;209;4254
162789245;287;220;4256
162823247;217;191;4252
162844751;203;185;4252
162868245;203;185;4254
162893069;190;179;4255
162919786;232;198;4257
162948431;228;196;4255
162970901;190;179;4255
163019364;190;179;4256
163046589;258;209;4251
163068457;293;222;4251
163095319;310;229;4253
163120680;310;229;4254
163144368;328;235;4254
163168097;322;233;4258
163195046;417;265;4259
163217150;393;258;4259
163246551;305;227;4254
163268200;215;190;4254
163294718;230;197;4255
163343202;427;269;4257
163366579;430;269;4253
163418460;507;293;4257
163442298;562;308;4257
163465996;597;318;4254
163492072;485;286;4257
163517778;195;181;4257
163539858;-2;0;4257
163565168;30;71;4253
163586832;30;71;4253
163609066;97;128;4252
163642564;340;240;4253
163665707;365;248;4253
163714485;365;248;4257
163736441;405;262;4257
163763781;523;297;4256
163785911;6104@20000101_000005_192721_accel_adxl375.csv@163789997;1.813;0.196;0.147;1
163834106;635;328;4253
163866442;615;322;4253
163917323;12688;14;-7;-175;1
163942573;328;235;4257
163965976;207;187;4253
163994348;228;196;4255
164015106;297;224;4255
164038085;425;268;4253
164063239;435;271;4250
164087734;390;257;4295.csv@164088898;1.7639999;0.147;0.147;1
164114964;435;271;4254
164139215;467;281;4254
164168342;427;269;4253
164194756;410;263;4252
164216475;395;258;4252
164242175;415;265;4254
164282575;465;280;4257
164304605;507;293;4257
164325894;478;284;4255
164362622;482;285;4253
164384631;475;283;4253
164405782;478;284;4256
164432979;512;294;4253
164458531;525;298;4253
164483631;500;291;4253
164505556;468;281;4257
164534617;440;273;4256
164565511;332;237;4253
164594858;373;251;4258
164633541;355;245;4257
164656591;432;270;4255
164680979;485;286;4252
164741228;387;256;4255
164768483;243;202;4252
164817338;145;156;4255
164845274;235;199;4253
164866285;270;213;4253
164891395;237;200;4254
164912292;293;222;4253
164935927;400;260;4257
164966106;543;303;4253
164987788;577;312;4253
165012986;507;293;4254
165036364;450;276;4254
165064998;493;289;4254
165087153;513;294;4254
165143788;635;328;4255
165196396;612;322;4251
165217854;622;324;4256
165243373;670;336;4255
165266522;502;291;4255
165292374;448;275;4254
165313860;508;293;4254
165342590;553;306;4256
165364782;577;312;4256
165386784;497;290;4256
165422916;270;213;4255
165446760;175;172;4255
165470051;237;200;4258
165495521;355;245;4256
165601255;538;301;4254
165625515;530;299;4252
165646397;490;288;4256
165667747;475;283;4257
165711137;457;278;4253
165739819;400;260;4253
165763660;297;224;4253
165784293;177;173;4251
165806090;205;186;4257
165836348;117;140;4257
165859696;100;130;4257
165881041;73;111;4252
165902312;142;155;4254
165926552;217;191;4256
165968895;232;198;4254
165994620;290;221;4252
166015958;372;251;4252
166039130;430;269;4254
166060807;362;247;4253
166082869;200;184;4253
166107446;182;175;4255
166135367;250;205;4250
166156410;257;208;4250
166177388;282;218;4254
166199566;288;220;4257
166222245;330;236;4256
166245722;423;267;4256
166266802;432;270;4256
166288862;427;269;4254
166313474;300;225;4255
166334500;173;171;4254
166408129;643;330;4258
166439916;537;301;4255
166463754;523;297;4254
166486144;482;285;4257
166519997;368;249;4254
166576072;382;254;4254
166614197;482;285;4254
166643254;462;279;4255
166666061;493;289;4255
166694333;518;296;4257
166719336;535;301;4257
166743122;538;301;4249
166777117;625;325;4254
166803678;603;319;4255
166832684;573;311;4256
166878139;593;317;4255
166903707;592;316;4253
166925700;605;320;4253
166947983;582;314;4256
166970292;608;321;4251
166993790;617;323;4255
167015392;542;303;4254
167042766;552;305;4257
167067183;575;312;4257
167094749;543;303;4251
167115831;523;297;4251
167143725;460;279;4253
167170840;375;252;4254
167196398;327;235;4252
167217760;285;219;4252
167243613;260;209;4256
167295875;433;270;4253
167375359;445;274;4257
167396920;450;276;4257
167420920;387;256;42@20000101_000005_192721_imu_lsm6dso32.csv@167424102;1.012112;0.010736;0.012688;-84;35;-98;1
167452551;413;264;4254
167482645;510;294;4253
167513206;540;302;4255
167543400;580;313;4253
167564934;610;321;4253
167594714;615;322;4251
167620510;503;291;4255
167652639;483;286;4254
167677171;447;275;4256
167703401;438;272;4253
167773503;713;347;4255
167814686;662;334;4253
167842927;665;335;4254
167864773;657;333;4254
167893070;697;343;4256
167944564;535;301;4256
167967576;617;323;4256
167994717;492;288;4257
168018252;485;286;4257
168044204;532;300;4255
168067629;558;307;4255
168094777;567;310;4254
168118712;520;296;4254
168143637;477;284;4256
168183236;557;307;4257
168212112;547;304;4256
168236334;492;288;4256
168258595;512;294;4255
168286484;527;298;4253
168307315;575;312;4253
168328095;567;310;4251
168353817;582;314;42;-49;63;-133;1
168375083;615;322;4253
168397193;638;328;4257
168432640;540;302;4255
168482296;492;288;4257
168503613;503;291;4257
168532636;520;296;4254
168563729;520;296;4257
168604133;540;302;4251
168638121;570;310;4257
168664261;598;318;4255
168688938;540;302;4255
168745293;508;293;4254
168768647;508;293;4256
168796971;568;310;4255
168823250;560;308;4255
168844391;492;288;4255
168867915;455;277;4253
168889466;428;269;4254
168976106;368;249;4258
168997756;388;256;4257
169032426;408;262;4254
169082858;493;289;4261
169143847;460;279;4254
169166366;473;283;4254
169194407;473;283;4252
169217630;470;282;4252
169244102;498;290;4255
169267371;490;288;4255
169288697;462;279;4251
169313324;463;280;4253
169336395;458;278;4252
169363743;457;278;4255
169385357;402;261;4255
169413755;408;262;4254
169442827;410;263;4257
169465136;398;259;4257
169555193;420;266;4253
169578412;393;258;4252
169600331;372;251;4255
169623949;352;244;4254
169646883;388;256;4255
169668734;385;255;4254
169694847;355;245;4257
169716353;358;246;4257
169782638;315;231;4255
169805929;328;235;4255
169832378;270;213;4253
169862251;230;197;4256
169883637;248;205;4256
169913149;230;197;4258
169957544;310;229;4257
169980362;302;226;4257
170001391;267;212;4253
170029508;280;217;4254
170063230;232;198;4255
170085373;248;205;42232;0.003904;-70;42;-105;1
170139083;253;207;4258
170161733;227;196;4254
170182683;203;185;4255
170203334;200;184;4251
170224299;187;178;4252
170247645;197;182;4259
170269792;197;182;4254
170292829;163;166;4255
170314102;148;158;4258
170364813;288;220;4253
170387575;328;235;4253
170410316;308;228;4259
170435336;275;215;4255
170458608;268;213;4254
170483960;302;226;4254
170505093;275;215;4254
170529769;260;209;4255
170563267;320;232;4255
170587519;320;232;42@20000101_000005_192721_imu_lsm6dso32.csv@170591927;1.013088;0.010736;0.001952;-42;28;-112;1
170613303;318;232;4256
170634684;348;242;4256
170663194;402;261;4255
170684858;412;264;4255
170747596;413;264;4255
170768867;398;259;4270770000;1.014064;0.012688;0.0;-70;42;-112;1
170816954;340;240;4253
170850000;295;223;4257
170873527;275;215;4257
170898728;267;212;4256
170922763;262;210;4255
170943682;292;222;4259
170966475;315;231;4252
170991971;315;231;4253
171017390;322;233;4251
171042097;307;228;4251
171065800;308;228;4252
171088838;330;236;4256
171115247;328;235;4253
171136393;328;235;4253
171164003;333;237;4256
171185794;332;237;4256
171229812;313;230;4259
171254192;312;229;4259
171276624;343;241;4260
171302984;372;251;4259
171325154;352;244;4259
171354314;293;222;4220000101_000005_192721_accel_adxl375.csv@171355875;1.7639999;0.147;0.196;1
171376007;308;228;4256
171399336;317;231;4257
171423472;348;242;4256
171447486;360;247;4256
171482576;327;235;4257
171504948;308;228;4257
171530031;258;209;4254
171563193;237;200;4257
171593841;255;207;4256
171621904;295;223;4253
171674373;312;229;4257
171710078;288;220;4254
171736976;287;220;4255
171764453;272;214;4255
171794617;258;209;4255
171817469;262;210;42e2725 Recorder :: {'tlm': {'count': 2, 'max': 12, 'dropped': 0}, 'log': {'count': 0, 'max': 23, 'dropped': 0}, 'session': '20000101_000005_192721'}
171844602;265;211;4254
171865575;282;218;4254
171889872;267;212;4255
171915901;277;216;4254
171936971;302;226;4254
171964055;312;229;4257
171986938;400;260;4257
172015401;385;255;4256
172044713;352;244;4253
172067010;378;253;4253
172153027;432;270;4254
172176247;428;269;4254
172199831;430;269;4257
172221386;443;274;42@20000101_000005_192721_imu_lsm6dso32.csv@172228135;1.013088;0.022448;0.0;-91;42;-84;1
172246007;455;277;4255
172268513;422;267;4253
172314221;430;269;4257
172336316;432;270;4254
172364309;447;275;4251
172386490;465;280;4251
172412554;475;283;4255
172435136;520;296;4255
172467838;530;299;4258
172494497;522;297;4257
172533124;523;297;4255
172559899;520;296;4255
172585497;490;288;42@20000101_000005_192721_imu_lsm6dso32.csv@172591151;1.012112;0.002928;0.001952;-119;42;-63;1
172607790;478;284;4259
172634373;455;277;4253
172663636;498;290;4257
172690598;522;297;4252
172743354;545;303;4257
172774736;548;304;4256
172804769;557;307;4257
172838964;575;312;4258
172860308;567;310;4258
172881440;573;311;4254
172905865;573;311;4253
172934820;550;305;4255
172963233;515;295;4252
173005055;525;298;4258
173039398;573;311;4254
173073374;543;303;4259
173096509;515;295;4259
173123804;490;288;4253
173182316;507;293;4255
173205930;502;291;4255
173234422;505;292;4256
173263845;493;289;4252
173286141;487;287;4252
173310041;510;294;4254
173334037;518;296;4255
173392387;522;297;4256
173443642;633;327;4259
173493498;570;310;4255
173517849;580;313;4255
173543046;653;332;4255
173567272;677;338;4255
173593779;615;322;4256
173614481;647;331;4256
173643116;693;342;4257
173667154;708;346;4257
173693567;710;346;4258
173716514;723;350;4258
173749936;748;356;4256
173772758;765;360;4256
173795831;767;360;4254
173818690;733;352;4253
173844466;733;352;4257
173867922;737;353;4257
173911939;710;346;4256
173938608;700;344;4259
173962340;658;333;4255
174009014;620;324;4255
174037129;597;318;4257
174066652;612;322;4253
174087716;583;314;425@20000101_000005_192721_imu_lsm6dso32.csv@174091313;1.014064;0.006832;0.003904;-84;7;-119;1
174143250;640;329;4257
174166158;627;325;4258
174194503;642;329;4257
174217386;650;331;4257
174241387;620;324;4256
174265194;640;329;4255
174288676;640;329;4251
174309700;610;321;4255
174356727;637;328;4257
174392020;647;331;4254
174419482;638;328;4255
174452546;595;317;4257
174476116;577;312;4257
174499754;663;335;4256
174532493;648;331;4256
174563512;610;321;4256
174617170;632;327;4257
174643644;630;326;4254
174666941;627;325;4254
174693447;598;318;4257
174745239;613;322;4253
174797060;613;322;4256
174825193;602;319;4259
174876394;567;310;4254
174898562;580;313;4259
174925288;573;311;4257
174951334;512;294;4258
174973444;482;285;4258
174997459;493;289;4258
175026294;473;283;4255
175048470;428;269;4255
175069342;412;264;4255
175096259;395;258;4255
175119193;360;247;4255
175144932;375;252;4253
175168200;353;244;4253
175195818;375;252;4255
175244592;385;255;4258
175269834;425;268;4258
175294568;382;254;4254
175315301;415;265;4253
175343316;405;262;4257
175365449;430;269;4257
175393228;370;250;4256
175421313;322;233;4255
175476639;348;242;4255
175499159;432;270;4256
175575261;420;266;4257
175597046;367;249;4256
175665623;370;250;4259
175694450;383;254;4255
175725638;413;264;4258
175772272;365;248;4253
175795427;347;242;4259
175817966;360;247;4256
175843229;382;254;4253
175869041;430;269;4255
175896862;475;283;4255
175919041;443;274;422v@175920724;0.02;0
175943115;440;273;4256
175964940;490;288;4258
175993180;513;294;4256
176015178;588;315;4256
176045722;547;304;4255
176070487;502;291;4255
176118085;345;241;4255
176140393;322;233;4255
176162491;302;226;4259
176186721;310;229;42@20000101_000005_192721_accel_adxl375.csv@176191282;1.813;0.147;0.147;1
176209943;358;246;4255
176233879;408;262;4253
176254743;403;261;42000101_000005_192721_imu_lsm6dso32.csv@176256373;1.012112;0.00976;0.000976;-133;56;-84;1
176275883;400;260;4257
176297309;387;256;4257
176319418;418;266;4255
176341296;430;269;4254
176364347;405;262;4251
176420327;370;250;4257
176444002;362;247;4258
176465948;373;251;4259
176515424;378;253;4256
176541961;370;250;4254
176563565;368;249;4254
176615623;275;215;4256
176639860;185;177;4256
176664377;165;167;4257
176686538;183;176;426687722;1.013088;0.012688;-0.001952;-70;28;-98;1
176711176;185;177;4255
176734485;183;176;4257
176764174;248;205;4253
176785860;225;195;4253
176814778;182;175;4257
176835667;147;157;4257
176871085;65;104;4254
176892396;-28;0;4254
176938851;262;210;4256
176965820;367;249;4258
176987234;460;279;42@20000101_000005_192721_imu_lsm6dso32.csv@176990755;1.012112;0.002928;0.0;-84;7;-126;1
177013255;523;297;4258
177042474;522;297;4257
177064987;492;288;4257
177145141;548;304;4260
177167100;557;307;4260
177195064;563;308;4257
177217177;562;308;4257
177245029;508;293;4257
177266282;478;284;4257
177314482;567;310;4254
177355718;478;284;4258
177379526;482;285;4258
177401070;475;283;4255
177424593;452;276;4257
177453276;425;268;4256
177475280;403;261;4256
177497556;397;259;4258
177521187;410;263;42@20000101_000005_192721_imu_lsm6dso32.csv@177533168;1.014064;0.013664;0.005856;-77;35;-105;1
177543580;407;262;4257
177568412;410;263;4255
177602764;363;248;4258
177626472;342;240;4258
177677370;303;226;4259
177706535;283;219;4257
177727910;278;217;4257
177754409;282;218;42@20000101_000005_192721_imu_lsm6dso32.csv@177756124;1.013088;0.008784;-0.00488;-105;35;-77;1
177796045;275;215;4255
177817957;282;218;4255
177839297;312;229;4259
177863884;353;244;4258
177886348;367;249;4256
177912976;37.85;101707.67;4.024185
177947701;423;267;4256
177970327;462;279;4256
177995954;502;291;4257
178032043;518;296;4256
178058911;510;294;4255
178079244;532;300;4255
178103598;542;303;4255
178133940;643;330;4260
178156436;628;326;4260
178183546;650;331;4259
178244014;693;342;4259
178266175;662;334;4259
178296097;583;314;4256
178317487;542;303;4256
178377260;612;322;4255
178405012;585;314;4257
178426817;573;311;4257
178455532;617;323;4257
178479426;623;324;4257
178500087;625;325;4255
178522290;585;314;4256
178577842;687;341;4252
178602908;683;340;4255
178632345;670;336;4255
178685788;643;330;4256
178712996;642;329;4255
178742261;657;333;4255
178765172;658;333;4255
178788549;695;343;4256
178814182;698;343;4255
178843053;688;341;4257
178864967;690;341;4257
178894605;725;350;4254
178915722;745;355;4254
178944109;742;354;4254
178966655;723;350;4254
179013454;678;338;4256
179042366;647;331;4257
179064339;635;328;4257
179103088;642;329;4255
179125319;653;332;4255
179153855;757;358;4259
179177259;788;365;4259
179203664;818;372;4258
179225728;803;368;4258
179253921;757;358;4235;-112;1
179277854;737;353;4254
179303057;758;358;4257
179326565;753;357;4254
179362452;768;360;4261
179385914;733;352;4261
179418658;723;350;4@20000101_000005_192721_power_ina226.csv@179421129;3931;495;1925;0
179448760;733;352;4258
179472222;735;352;4258
179496869;720;349;4261
179539486;718;348;4261
179565710;732;352;4255
179588744;785;364;4255
179617464;812;370;4259
179643359;882;386;4258
179666657;925;395;4258
179693286;917;394;4259
179714660;923;395;4259
179743415;912;393;4260
179766098;865;382;4260
179793085;850;379;4259
179814974;790;365;4259
179838582;730;351;4254
179865534;697;343;4254
179895763;675;338;4260
179929412;688;341;4257
179955615;668;336;4256
180005229;553;306;4256
180028400;583;314;4256
180054652;563;308;42laser_agl.csv@180056314;0.02;0
180077687;568;310;4257
180103152;552;305;4256
180146341;532;300;4259
180172455;543;303;4255
180195030;605;320;4255
180217779;633;327;4257
180244763;630;326;4257
180269057;602;319;4257
180296206;585;314;4258
180317761;538;301;4258
180344333;543;303;4254
180366623;565;309;4254
180420979;587;315;4257
180454759;633;327;4256
180478559;633;327;4256
180504663;595;317;4256
180533925;650;331;4258
180555285;668;336;42@20000101_000005_192721_accel_adxl375.csv@180557501;1.7149999;0.196;0.244999984;1
180583280;718;348;4256
180604567;705;345;4256
180633968;655;333;4259
180680684;760;358;4260
180702863;750;356;4256
180733025;690;341;4257
180759045;678;338;4253
180782802;690;341;4253
180811726;660;334;4255
180866840;558;307;4257
180929728;492;288;4258
180951784;495;289;4258
180972425;505;292;4259
180996925;503;291;4255
181019624;528;299;4255
181045696;522;297;4255
181067322;538;301;4255
181093608;567;310;4253
181118095;567;310;4253
181145414;528;299;4259
181168663;445;274;4259
181190506;408;262;4255
181214513;425;268;4259
181263328;473;283;4257
181308340;553;306;4253
181343195;552;305;4260
181364380;542;303;4260
181409259;637;328;4259
181434734;605;320;4257
181455104;683;340;4257
181485822;667;336;42021_imu_lsm6dso32.csv@181488663;1.0111359;0.006832;0.005856;-91;63;-105;1
181508560;573;311;4255
181542923;595;317;4256
181566312;637;328;4256
181587787;618;323;4261
181614837;567;310;4258
181645971;565;309;4257
181668039;573;311;4257
181772835;465;280;4257
181797008;438;272;4261
181822729;393;258;4255
181848279;395;258;4257
181870289;395;258;4257
181896086;398;259;4257
181918591;395;258;4257
181939426;382;254;4257
181963443;388;256;4255
181985857;357;245;4257
182013498;328;235;4254
182036599;302;226;4254
182060801;297;224;4259
182084334;285;219;4258
182113603;300;225;4259
182165035;278;217;4258
182194684;353;244;4257
182216878;395;258;4257
182243181;360;247;4257
182267892;383;254;4257
182293990;417;265;4257
182317609;430;269;4257
182340005;425;268;4258
182364741;423;267;4258
182387708;377;252;4221362;36.985856;101593.268;2.3694592
182443188;415;265;4259
182467520;360;247;4257
182502874;298;224;4255
182526093;312;229;4255
182553760;298;224;42105;35;-105;1
182593541;310;229;4259
182646260;258;209;4253
182668716;260;209;4253
182696371;250;205;4255
182719225;247;204;42s000101_000005_192721_accel_adxl375.csv@182721929;1.7639999;0.098;0.196;1
182745278;252;206;4258
182767290;263;211;4258
182796850;265;211;4255
182817380;285;219;4255
182842361;297;224;4259
182864236;315;231;4256
182927193;275;215;4257
182949472;263;211;4257
182971297;285;219;4258
183046428;275;215;4257
183068549;267;212;4257
183096570;270;213;4256
183123185;278;217;4257
183146909;248;205;4257
183170742;220;193;4255
183198367;233;198;4256
183219346;233;198;42_21071;-22.09998;36.9938668;101590.76;2.580841
183246715;225;195;4256
183268653;243;202;4256
183293448;250;205;4256
183315998;207;187;4255
183342322;167;168;4257
183366588;170;169;4257
183408003;193;180;4261
183433038;207;187;4261
183477251;222;193;4256
183503102;192;180;4258
183529902;202;185;4253
183553525;258;209;425@20000101_000005_192721_imu_lsm6dso32.csv@183555755;1.0111359;0.008784;0.000976;-105;49;-98;1
183577668;255;207;4257
183602736;287;220;4258
183626875;287;220;4258
183663413;178;173;4257
183686824;162;165;42@20000101_000005_192721_imu_lsm6dso32.csv@183691689;1.014064;0.013664;0.001952;-98;42;-84;1
183742925;157;163;4258
183766844;210;188;4261
183793350;252;206;4259
183841742;170;169;4258
183870367;205;186;4260
183892850;220;193;4260
183915396;220;193;4259
183939770;222;193;4256
183964114;235;199;4255
183985540;233;198;4260
184014339;222;193;4255
184042655;217;191;4256
184064641;225;195;4256
184094604;253;207;4260
184119953;278;217;4254
184149263;305;227;4260
184174938;295;223;4257
184197696;302;226;4257
184220807;280;217;4257
184265908;262;210;4257
184298390;247;204;4253
184320369;237;200;4253
184344231;265;211;4258
184369559;252;206;4256
184395565;228;196;4257
184434344;275;215;4258
184455802;268;213;42@20000101_000005_192721_imu_lsm6dso32.csv@184458436;1.0111359;0.011712;-0.000976;-63;28;-126;1
184504622;238;200;4257
184530041;247;204;4256
184563062;267;212;4255
184586164;273;215;4255
184614083;255;207;4257
184643740;243;202;4257
184665336;258;209;4257
184687334;307;228;42@20000101_000005_192721_baro_bmp280.csv@184719693;-31.760132;37.86;101707.04;4.07703
184733603;245;203;4258
184758345;285;219;4260
184784540;302;226;4259
184806619;295;223;4259
184834678;323;233;4260
184883688;293;222;4260
184904987;267;212;4260
184935644;278;217;4258
184957655;248;205;4258
185005517;310;229;4257
185033789;317;231;4258
185092763;302;226;4262
185166961;245;203;4260
185197715;272;214;4258
185226604;278;217;4260
185250955;248;205;4260
185274278;245;203;4257
185297146;223;194;4257
185319537;183;176;4257
185352802;142;155;4256
185382568;132;149;4255
185405807;105;133;4255
185433413;80;116;4255
185455161;72;110;4255
185478645;72;110;4260
185503408;83;118;4260
185534178;50;92;4261
185603926;83;118;4258
185638345;95;126;4257
185664043;112;137;4259
185686580;103;132;4259
185715127;128;147;4258
185736259;142;155;4258
185763907;93;125;4257
185786139;68;107;4257
185813464;75;112;4257
185842646;97;128;4260
185864801;127;146;4260
185889183;127;146;4257
185918370;140;154;4262
185945073;145;156;4261
185968195;140;154;4261
185992547;172;170;4258
186035368;190;179;4257
186059149;177;173;4257
186107730;165;167;4259
186133326;170;169;4256
186183282;117;140;4260
186207363;92;124;4260
186234504;65;104;4259
186257207;68;107;4259
186282170;82;117;4255
186305542;103;132;4259
186334013;147;157;4261
186384236;180;174;4257
186420715;243;202;4259
186469909;245;203;4259
186497889;238;200;4258
186519246;297;224;4258
186540321;342;240;4260
186561801;388;256;4259
186615425;422;267;4259
186637011;448;275;4259
186663980;430;269;4256
186687068;412;264;4256
186713873;412;264;4258
186736360;407;262;4258
186761832;345;241;4259
186785436;313;230;4259
186814580;328;235;4257
186843991;370;250;4260
186917856;362;247;4259
186951079;335;238;4259
186973925;348;242;4259
186995358;368;249;4262
187043634;410;263;4257
187064787;403;261;4258
187089707;375;252;4261
187154602;350;243;4259
187177376;373;251;4259
187201706;335;238;4257
187225331;335;238;4256
187281769;287;220;4258
187306163;303;226;4258
187328435;302;226;4259
187352816;307;228;4258
187373512;295;223;4259
187398101;280;217;4257
187448458;282;218;4257
187470642;297;224;4257
187495966;298;224;4258
187519415;298;224;4259
187548339;305;227;4259
187575087;280;217;4259
187596239;268;213;4259
187633125;328;235;4259
187663126;293;222;4259
187706469;223;194;4261
187736304;235;199;4258
187781134;232;198;4258
187804738;240;201;4257
187825738;255;207;4258
187853797;220;193;42dso32.csv@187854988;1.0150399;0.00976;0.000976;-77;49;-133;1
187875187;230;197;4257
187896701;262;210;4262
187922444;327;235;4260
187954398;303;226;4263
187977619;302;226;4257
187999645;305;227;4257
188032783;318;232;4258
188062917;312;229;4257
188086342;357;245;4257
188113501;330;236;4256
188173803;338;239;4257
188197401;332;237;4256
188219783;332;237;4263
188242983;342;240;4256
188266621;323;233;4259
188294915;290;221;4262
188316749;302;226;4262
188375088;293;222;4259
188404257;287;220;4257
188425145;298;224;4257
188477652;325;234;4256
188512768;327;235;4257
188534289;303;226;4257
188603858;308;228;4259
188639862;293;222;4259
188667163;293;222;4256
188710448;330;236;4257
188733777;325;234;4257
188757139;347;242;4260
188793921;362;247;4254
188817626;340;240;4254
188843037;318;232;4258
188865702;320;232;4260
188888165;323;233;42@20000101_000005_192721_accel_adxl375.csv@188891747;1.7639999;0.098;0.147;1
188916449;317;231;4257
188939850;348;242;4257
188964723;345;241;4262
188985668;355;245;4256
189008859;383;254;4257
189053409;327;235;4259
189077823;325;234;4259
189098944;365;248;4257
189123162;360;247;4259
189180711;343;241;4257
189203487;343;241;4257
189227075;338;239;4260
189255288;318;232;4256
189276895;315;231;4256
189298304;353;244;4261
189323613;350;243;4261
189347608;337;238;4261
189369474;318;232;4261
189394906;287;220;4258
189416812;270;213;4258
189465076;325;234;4256
189488029;352;244;42@20000101_000005_192721_accel_adxl375.csv@189491966;1.7639999;0.147;0.196;1
189544294;310;229;4257
189566936;305;227;4257
189590508;282;218;4258
189614789;248;205;4263
189636754;203;185;4259
189659897;193;180;4259
189684101;202;185;4257
189713102;255;207;4262
189742836;302;226;4257
189767447;297;224;4257
189794471;310;229;4255
189816494;298;224;4255
189842611;268;213;4258
189893013;282;218;4261
189916901;310;229;4261
189943113;288;220;4259
189970111;275;215;4257
189997883;243;202;4259
190018225;227;196;4259
190043603;245;203;4257
190065805;275;215;4257
190094836;272;214;4259
190115182;292;222;4259
190144409;280;217;4260
190166275;292;222;4260
190192190;317;231;4257
190217064;295;223;4257
190239661;265;211;4263
190261802;273;215;4261
190282788;290;221;4257
190333053;278;217;4257
190358703;293;222;4258
190410904;308;228;4259
190434303;275;215;4259
190464123;207;187;4256
190495147;223;194;4259
190545226;248;205;4259
190567136;275;215;4259
190592513;290;221;4262
190615525;280;217;4262
190641011;257;208;4258
190665974;188;178;4258
190691040;218;192;4257
190713594;222;193;4257
190735724;187;178;4260
190784714;190;179;4261
190813166;192;180;4257
190842724;195;181;4261
190864738;170;169;4261
190894397;158;163;4260
190919052;172;170;4260
190942741;165;167;4259
190965263;182;175;4261
190995042;167;168;4261
191019127;175;172;4261
191043260;172;170;4258
191065369;152;160;4256
191118912;158;163;4257
191176648;160;164;4257
191222577;165;167;4259
191259336;173;171;4257
191285548;173;171;4258
191306523;160;164;4258
191327229;150;159;4257
191362924;163;166;4259
191386742;162;165;423@20000101_000005_192721_baro_bmp280.csv@191392638;-31.458914;37.86;101703.43;4.378248
191417002;142;155;4261
191443974;135;151;4257
191465933;152;160;4257
191494564;175;172;4263
191545651;125;145;4256
191573101;175;172;4257
191596817;207;187;4257
191641004;193;180;4260
191667930;188;178;4265
191692257;183;176;4265
191713144;185;177;4257
191736378;195;181;4258
191759510;197;182;4258
191781200;210;188;4259
191803539;195;181;4259
191827297;187;178;4258
191854108;197;182;4258
191877074;212;189;4258
191903644;223;194;4259
191933176;207;187;4260
191963534;188;178;4259
191993198;177;173;4260
192043342;183;176;4262
192095597;190;179;4260
192154809;150;159;4258
192175394;150;159;4258
192196634;152;160;4260
192218409;157;163;4258
192241390;147;157;4261
192262481;158;163;4258
192308450;155;162;4262
192334035;147;157;4262
192365142;168;168;4258
192387293;168;168;42@20000101_000005_192721_laser_agl.csv@192390994;0.021;1
192413854;162;165;4261
192443086;158;163;4255
192467326;192;180;4255
192495017;215;190;4260
192533319;210;188;4261
192582663;158;163;4259
192604637;140;154;4259
192633640;152;160;4259
192684021;148;158;4262
192705337;167;168;4262
192733972;217;191;4260
192764316;272;214;4261
192786247;282;218;4261
192819425;31@20000101_000005_192721_accel_adxl375.csv@192829011;1.7149999;0.098;0.147;1
192845006;312;229;4258
192868385;295;223;4258
192895882;293;222;4259
192921796;288;220;4256
192954494;302;226;4260
193006398;283;219;4259
193036494;275;215;4259
193065327;253;207;4256
193094920;250;205;4261
193134624;247;204;4257
193163694;238;200;4259
193210455;230;197;4260
193236511;228;196;4261
193260499;232;198;4261
193285337;233;198;4259
193307349;245;203;4260
193329149;252;206;4253
193363453;247;204;4259
193387592;222;193;42@20000101_000005_192721_imu_lsm6dso32.csv@193391680;1.013088;0.011712;-0.000976;-49;21;-112;1
193414114;185;177;4259
193457344;168;168;4259
193510382;190;179;4257
193543122;202;185;4256
193566150;200;184;4256
193594976;192;180;4258
193620172;178;173;4258
193645246;170;169;4258
193667885;167;168;4262
193694542;162;165;4260
193735033;167;168;4259
193766651;168;168;4259
193788344;160;164;42@20000101_000005_192721_imu_lsm6dso32.csv@193791577;1.013088;0.006832;0.003904;-112;42;-84;1
193813653;158;163;4259
193844687;165;167;4260
193894235;123;144;4259
193918737;153;161;4259
193943803;148;158;4262
193967401;165;167;4260
193993744;163;166;4260
194021280;160;164;4260
194076333;162;165;4257
194098010;167;168;4261
194153004;177;173;4261
194175891;187;178;4256
194198547;193;180;4259
194220819;197;182;42@20000101_000005_192721_imu_lsm6dso32.csv@194223765;1.0150399;0.013664;0.003904;-98;49;-98;1
194243477;200;184;4260
194269134;213;190;4259
194306103;193;180;4260
194344377;203;185;4260
194368719;202;185;4260
194394820;182;175;4261
194447744;185;177;4258
194473051;200;184;4257
194497174;223;194;4257
194519257;237;200;4262
194543263;245;203;4259
194564893;233;198;4259
194593036;203;185;4259
194644325;175;172;4259
194666289;178;173;4259
194692758;187;178;4260
194718602;178;173;4258
194757602;190;179;4259
194786540;180;174;42@20000101_000005_192721_imu_lsm6dso32.csv@194794014;1.013088;0.00976;0.003904;-98;49;-91;1
194808504;192;180;4259
194833930;197;182;4259
194887036;198;183;4261
194909638;202;185;4261
194938695;190;179;4261
194963983;182;175;4261
195004837;177;173;4260
195034942;175;172;4261
195085333;178;173;4257
195115876;153;161;4259
195137825;165;167;4259
195163985;173;171;4260
195195563;187;178;4259
195248865;182@20000101_000005_192721_accel_adxl375.csv@195254372;1.7639999;0.147;0.147;1
195272619;182;175;4262
195297411;180;174;4259
195319208;187;178;4259
195345443;182;175;4261
195366344;185;177;4261
195389295;205;186;4259
195414888;200;184;4257
195439585;203;185;4257
195464899;203;185;4260
195486561;195;181;4259
195519305;192;180;4261
195554132;190;179;4262
195578165;185;177;4262
195599250;172;170;4261
195631256;152;160;4257
195685284;110;136;4258
195716347;98;128;4263
195743857;103;132;4260
195783137;147;157;4259
195806176;160;164;4259
195829170;175;172;4259
195854470;187;178;42@20000101_000005_192721_imu_lsm6dso32.csv@195857073;1.014064;0.010736;0.000976;-91;42;-98;1
195876288;192;180;4258
195905833;190;179;4259
195929379;187;178;4259
195954592;170;169;4228;-112;1
195976018;143;155;4260
195999968;133;150;4260
196046191;125;145;4259
196098772;158;163;4260
196123910;163;166;4258
196145359;160;164;4258
196170387;160;164;4259
196194402;160;164;4261
196215395;158;163;4262
196238350;143;155;4259
196260119;135;151;4259
196284991;142;155;4260
196307516;135;151;4264
196331740;115;139;4262
196363305;125;145;4262
196394870;133;150;4261
196425214;128;147;4261
196458558;117;140;4258
196485511;108;135;4262
196517529;97;128;4259
196569464;92;124;4262
196596350;113;138;4261
196617043;132;149;4261
196676308;117;140;4259
196698895;107;134;4257
196720882;92;124;4252@20000101_000005_192721_imu_lsm6dso32.csv@196724736;1.014064;0.00976;0.002928;-84;35;-98;1
196778158;93;125;4261
196800503;70;108;4260
196833162;47;89;4261
196854287;48;90;4261021_imu_lsm6dso32.csv@196856856;1.01016;0.00976;0.003904;-98;42;-105;1
196875584;115;139;4259
196901413;125;145;4261
196943112;122;143;4261
196968805;123;144;4259
197018801;95;126;4260
197046161;95;126;4257
197069376;90;123;4257
197094861;105;133;4261
197116014;107;134;4261
197147899;103;132;4260
197174994;90;123;4259
197199346;83;118;4259
197221051;83;118;426@20000101_000005_192721_imu_lsm6dso32.csv@197224555;1.013088;0.00976;0.003904;-77;28;-98;1
197245044;72;110;4261
197268842;52;93;4261
197296387;48;90;4260
197317356;62;102;4260
197344179;67;106;4259
197367621;72;110;4259
197395422;95;126;425@36.983184;101592.36;2.4487286
197434347;100;130;4260
197484814;80;116;4259
197507186;82;117;4259
197543170;78;114;4259
197567219;63;103;4259
197616202;58;99;4263
197644262;53;94;4259
197669197;53;94;4259
197694461;62;102;4260
197715875;67;106;4260
197750881;60;100;4258
197777780;53;94;4261
197800093;45;87;4261
197823304;48;90;4261
197866958;68;107;4261
197897076;65;104;4261
197925469;75;112;4262
197947763;77;114;4262
197971775;60;100;4261
197996101;63;103;4262
198017831;62;102;4261
198056105;57;98;4261
198080089;67;106;4261
198108474;70;108;4259
198133967;62;102;4264
198164558;55;96;4259
198191531;62;102;4259
198215544;77;114;4259
198238723;67;106;4264
198305841;82;117;4259
198327374;87;121;4259
198348994;87;121;4260
198372014;73;111;4261
198393637;78;114;4261
198416944;80;116;4263
198442517;82;117;4258
198470492;73;111;4263
198496196;72;110;4261
198517337;72;110;4261
198553451;67;106;4261
198575474;62;102;4261
198596695;65;104;4260
198633225;60;100;4257
198664249;48;90;4261
198740975;40;82;4260
198768107;40;82;4256
198792991;37;79;4256
198814350;35;77;4261
198835836;37;79;4263
198865094;37;79;4263
198887859;37;79;4263@20000101_000005_192721_imu_lsm6dso32.csv@198891376;1.009184;0.008784;0.001952;-84;42;-98;1
198914384;40;82;4260
198944118;42;84;4259
198970526;38;80;4260
198995606;32;73;4260
199019913;33;74;4260
199053174;37;79;4259
199076853;27;67;4259
199103320;17;53;4258
199133164;22;61;4262
199163439;17;53;4261
199219300;7;34;4259
199247101;0;0;4259
199276807;-7;0;4259
199298997;-7;0;4259
199344763;-12;0;4259
199369653;-5;0;4263
199397601;-2;0;4257
199422599;3;22;4257
199450399;8;36;4258
199474456;-10;0;4258
199495565;-20;0;4257
199519584;-22;0;4257
199544821;-20;0;4261
199567235;-17;0;4261
199595256;-13;0;4260
199618947;-13;0;4260
199670855;-23;0;4259
199696573;-28;0;4265
199724447;-37;0;4263
199745726;-32;0;4263
199767240;-30;0;4258
199812292;-27;0;4260
199840510;-30;0;4261
199861817;-35;0;4261
199882781;-42;0;4258
199907081;-40;0;4257
199931809;-40;0;4260
199964510;-40;0;4262
199988467;-42;0;42620__192721_imu_lsm6dso32.csv@199989611;1.014064;0.013664;0.000976;-91;42;-91;1
200014461;-47;0;4261
200040940;-53;0;4260
200096496;-53;0;4259
200119581;-53;0;42593013088;0.01464;0.003904;-91;42;-105;1
200153470;-55;0;4261
200177933;-53;0;4261
200204592;-50;0;4261
200226205;-48;0;4261
200248276;-52;0;4260
200271469;-48;0;4260
200295326;-58;0;4261
200343962;-68;0;4261
200367737;-77;0;4263
200395236;-72;0;4261
200416021;-67;0;4261
200448702;-62;0;4261
200472162;-58;0;4261
200546248;-42;0;4261
200570001;-42;0;4261
200596149;-38;0;4260
200618987;-38;0;4260
200644844;-38;0;4257
200667582;-30;0;4257
200694334;-23;0;4260
200718843;-20;0;4260
200746967;-15;0;4263
200771951;-15;0;4263
200794755;-8;0;4263
200843610;-2;0;4261
200866365;3;22;4263
200893451;7;34;4260
200918062;-2;0;4260
200967938;13;46;4259
200995379;57;98;4261
201053857;75;112;4257
201076534;68;107;4257
201099637;63;103;4261
201127009;77;114;4261
201150397;80;116;4261
201174843;73;111;4259
201200807;75;112;4262
201243935;70;108;4259
201269809;72;110;4257
201297407;60;100;4262
201319401;53;94;4262
201345677;45;87;4262
201389389;47;89;4263
201413412;48;90;4263
201435273;48;90;4259
201467406;45;87;4263
201490200;42;84;4263
201517144;38;80;4262
201538155;38;80;4262
201561920;40;82;4260
201585545;52;93;4259
201606816;63;103;4259
201627196;73;111;4261
201654573;73;111;42601655614;1.7639999;0.147;0.196;1
201675881;82;117;4261
201697473;92;124;4260
201729950;77;114;4263
201758755;65;104;4263
201783613;55;96;4263
201827109;53;94;4262
201853930;60;100;4264
201877800;63;103;4264
201901137;42;84;4261
201933471;33;74;4259
201984954;25;65;4259
202015463;8;36;4264
202045339;7;34;4259
202070159;2;18;4259
202097652;0;0;4260
202119958;2;18;4260
202154980;0;0;4261
202188381;-10;0;4259
202219441;-13;0;4260
202264052;-13;0;4261
202286353;-10;0;4261
202346473;-5;0;4259
202368653;-7;0;4259
202393818;-2;0;4263
202418586;5;29;4263
202444289;3;22;4261
202466008;8;36;4261
202495194;2;18;4262
202519242;-2;0;4262
202545483;-3;0;4261
202570016;-5;0;4261
202593705;-7;0;4259
202617363;-5;0;4261
202643394;5;29;4265
202668939;5;29;4262
202747333;-15;0;4261
202770876;-17;0;4261
202797535;-3;0;4260
202820737;5;29;4260
202883624;13;46;4260
202943494;5;29;4263
202969356;13;46;4261
203004979;27;67;4261
203028098;22;61;4261
203084390;15;50;4262
203107845;15;50;4262
203145201;12;45;4261
203170252;23;62;4261
203242812;18;55;4257
203266757;15;50;4261
203291838;17;53;4258
203315584;20;58;4259
203353390;22;61;4261
203375088;17;53;4261
203398300;13;46;4262
203420530;12;45;4263
203443774;15;50;4256
203466357;17;53;4267
203493570;20;58;4258
203514712;17;53;4258
203577486;3;22;4258
203606913;12;45;4261
203636827;17;53;4261
203697559;23;62;4259
203754179;17;53;4261
203808908;12;45;4259
203836950;15;50;4262
203864005;13;46;4263
203885373;13;46;4263
203915554;13;46;4259
203948290;18;55;4260
203971241;20;58;4260
203995663;18;55;4260
204018763;20;58;4262
204043115;22;61;4263
204065472;23;62;4261
204113849;17;53;4260
204164710;15;50;4260
204189729;18;55;4260
204238588;35;77;4259
204262973;25;65;4261
204306768;15;50;4259
204333689;8;36;4260
204363959;18;55;4263
204386407;20;58;4263
204411759;5;29;4261
204444540;-2;0;4259
204471185;8;36;4263
204497717;12;45;4263
204578381;10;41;4261
204604372;13;46;4264
204633194;30;71;4258
204654320;27;67;4258@20000101_000005_192721_laser_agl.csv@204656981;0.022;0
204675405;22;61;4262
204700918;22;61;4262
204736257;20;58;4263
204778155;50;92;4261
204801220;43;85;4262
204825920;43;85;4263
204846250;45;87;4260
204869523;42;84;4262
204893269;42;84;4262
204916016;45;87;4262
204943297;43;85;4259
204967373;43;85;4259
205040440;42;84;4261
205064821;37;79;4261
205118482;28;68;4263
205144902;27;67;4263
205168910;27;67;4263
205197500;32;73;4262
205219026;40;82;4262_v@205220189;1.7639999;0.147;0.147;1
205245342;43;85;4261
205267817;48;90;4261
205294730;45;87;4261
205327819;58;99;4261
205355301;63;103;4260
205377401;73;111;4260
205398291;88;122;4260
205444934;103;132;4266
205474598;93;125;4264
205497085;87;121;4264
205578510;90;123;4259
205609069;77;114;4259
205633828;67;106;4259
205681251;50;92;4259
205706988;28;68;4260
205729614;32;73;4260
205753672;28;68;426299;0.098;0.147;1
205776145;10;41;4259
205798717;3;22;4263
205820491;8;36;4262
205844320;10;41;4260
205866251;8;36;4261
205907449;10;41;4263
205934123;28;68;4261
205966088;32;73;4263
205989502;35;77;4263
206020225;45;87;4263
206045567;47;89;4261
206068850;38;80;4261
206090280;37;79;4265
206115463;38;80;4259
206140619;43;85;4260
206165347;50;92;4261
206213326;43;85;4260
206237638;38;80;4263
206258484;47;89;4264
206284746;57;98;4261
206333060;55;96;4260
206358589;57;98;4262
206379122;80;116;4262
206405640;92;124;4265
206435223;95;126;4259
206457426;68;107;4259
206479644;65;104;4263
206513922;20;58;4257
206544834;-30;0;4262
206567750;-10;0;4262
206591630;7;34;4263
206617090;-28;0;4263
206643759;-48;0;4263
206665803;-37;0;4263
206692316;-12;0;4261
206744326;-68;0;4262
206770759;-52;0;4262
206794297;-75;0;4262
206844162;-53;0;4261
206868178;-72;0;4260
206895097;-50;0;4262
206919379;-53;0;4262
206944107;-75;0;4261
206968942;-30;0;4264
206995066;-25;0;4260
207016259;-37;0;4260
207044038;-48;0;4259
207068500;-17;0;4259
207091074;-40;0;4261
207174311;-43;0;4261
207207656;-48;0;4262
207229014;-52;0;4262
207250305;-50;0;4262
207271568;-45;0;4259
207295114;-53;0;4259
207318564;-60;0;4263
207339276;-80;0;4263
207362470;-85;0;4260
207386040;-78;0;4261
207408673;-57;0;4261
207434271;-37;0;4263
207459512;-13;0;4263
207484276;-3;0;4260
207506394;3;22;4261
207533029;-10;0;4260
207555277;3;22;4260
207603613;-5;0;4261
207639875;-8;0;4261
207664015;3;22;4261
207686051;-3;0;4263
207737460;18;55;4261
207762310;15;50;4263
207784292;-18;0;4261
207807442;-3;0;4259
207833756;2;18;4263
207857847;5;29;4263
207883741;-3;0;4259
207904497;-8;0;4259
207934669;-18;0;4264
207960747;-13;0;4259
207984328;-23;0;4259
208039394;-57;0;4262
208063278;-52;0;4262
208087513;-47;0;4262@20000101_000005_192721_laser_agl.csv@208093680;0.02;0
208108345;-42;0;4264
208135147;-37;0;4262
208165401;-22;0;4260
208194091;-20;0;4261
208217896;-22;0;4261
208240935;-18;0;4262
208267851;-15;0;4265
208289104;-13;0;4265
208315401;-20;0;4262
208345122;-25;0;4265
208368762;-23;0;4265
208394675;-25;0;4261
208466843;-5;0;4259
208497112;-2;0;4264
208529749;0;0;4261
208565184;18;55;4263
208595663;12;45;4260
208619390;25;65;4260
208643930;57;98;4259
208666425;60;100;4265
208693680;55;96;4261
208718023;48;90;4261
208752978;70;108;4261
208776250;80;116;4261
208800302;73;111;4260
208821176;75;112;426@20000101_000005_192721_accel_adxl375.csv@208823063;1.862;0.049;@20000101_000005_192721_imu_lsm6dso32.csv@208833005;1.0150399;0.008784;0.001952;-84;42;-105;1
208843283;70;108;4262
208865764;60;100;4262
208915373;65;104;4263
208943601;75;112;4265
208964940;88;122;4265
209020021;65;104;4261
209046048;67;106;4258
209070074;95;126;4258
209092525;130;148;4262
209116466;133;150;4260
209139595;133;150;4259
209164658;167;168;4261
209213527;88;122;4258
209242909;75;112;4265
209265247;92;124;4265
209294774;145;156;4263
209336456;150;159;4263
209359845;142;155;4263
209384421;143;155;4261
209407189;122;143;4261
209434740;102;131;4264
209456198;@20000101_000005_192721_accel_adxl375.csv@209458388;1.813;0.147;0.244999984;1
209482663;68;107;4262
209514729;60;100;4260
209543933;67;106;4264
209567231;67;106;4264
209594244;77;114;4265
209616364;82;117;4265
209637157;88;122;4258
209664973;100;130;4263
209686684;90;123;4263
209713542;87;121;4259
209772875;72;110;4262
209800938;90;123;4264
209836379;107;134;4262
209878189;120;142;4261
209902816;127;146;4265
209923741;137;152;4265
209984802;117;140;4262
210005406;110;136;4259
210032512;90;123;4263
210063433;62;102;4264
210108885;47;89;4260
210134752;42;84;4263
210164476;35;77;4263
210186698;60;100;4263
210254485;77;114;4264
210278955;80;116;4264
210300630;72;110;4259
210321379;68;107;426@20000101_000005_192721_imu_lsm6dso32.csv@210324117;1.014064;0.012688;0.00488;-91;42;-98;1
210344085;70;108;4263
210366843;80;116;4260
210402627;88;122;4262
210437302;85;120;4260
210464632;85;120;4259
210485814;87;121;425@92721_imu_lsm6dso32.csv@210490614;1.014064;0.010736;0.00488;-84;49;-98;1
210514601;82;117;4264
210536286;80;116;4264
210563376;82;117;4262
210586542;55;96;4262@20000101_000005_192721_accel_adxl375.csv@210590466;1.7639999;0.147;0.147;1
210637333;118;141;4263
210664721;102;131;4261
210688268;73;111;4261
210714081;60;100;4263
210742365;77;114;4262
210765835;78;114;4262
210815106;40;82;4259
210843417;25;65;4264
210866603;50;92;4264
210892412;67;106;4264
210918263;65;104;4259
210944007;78;114;4264
210968509;52;93;4264
210995170;27;67;4264
211041409;58;99;4266
211066234;67;106;4265
211088409;68;107;4265
211119020;68;107;4@20000101_000005_192721_imu_lsm6dso32.csv@211133047;1.013088;0.012688;0.003904;-91;42;-91;1
211143552;95;126;4262
211167195;82;117;4260
211196575;78;114;4264
211217511;87;121;4264
211244035;103;132;4263
211268030;82;117;4263
211295503;55;96;4261
211331817;60;100;4263
211354152;82;117;4263
211384542;42;84;4262
211406004;13;46;4262
211442986;30;71;4265
211492250;108;135;4262
211516269;75;112;4262
211537780;72;110;4264
211564060;88;122;4264
211586275;95;126;4264
211613673;92;124;4264
211642770;85;120;4261
211665215;110;136;4261
211687990;110;136;4259
211713422;105;133;4265
211742412;97;128;4263
211766344;67;106;4263
211794452;40;82;4263
211843721;13;46;4263
211875527;37;79;4264
211903327;27;67;4261
211954393;22;61;4264
211980063;13;46;4261
212005865;78;114;4264
212028016;45;87;4264
212052169;47;89;4263
212073150;80;116;4261
212095868;58;99;4264
212124212;47;89;4263
212177067;18;55;4262
212199379;5;29;4261
212248166;-10;0;4261
212269750;-43;0;4262
212293457;-37;0;4262
212319019;-13;0;4262
212354847;-18;0;4261
212393936;-43;0;4263
212418284;-53;0;4262
212443228;-62;0;4264
212466927;-68;0;4264
212495003;-30;0;4264
212544836;-77;0;4263
212566758;-83;0;4263
212593312;-53;0;4265
212616255;-22;0;4265
212653981;-12;0;4266
212677529;-67;0;4266
212704725;-85;0;4263
212764874;-97;0;4265
212786747;-98;0;4265
212883311;-127;0;4260
212904065;-155;0;4263
212925698;-162;0;4267
212946905;-150;0;4264
212970212;-147;0;4263
212995552;-135;0;4260
213075284;-137;0;4261
213096252;-102;0;4266
213119965;-77;0;42611_agl.csv@213121632;0.025;0
213144248;-105;0;4265
213169111;-103;0;4262
213195539;-102;0;4263
213221426;-107;0;4264
213263142;-87;0;4263
213288844;-70;0;4264
213314924;-7;0;4265
213338947;17;53;4265
213363935;15;50;4267
213394094;5;29;4262
213419587;12;45;4263
213477977;18;55;4266
213514055;42;84;4258
213543683;73;111;4261
213566507;63;103;4261
213593604;52;93;4264
213618231;68;107;4264
213652268;52;93;4264
213675671;20;58;4264
213726875;63;103;4264
213756469;90;123;4267
213779280;70;108;4267
213801743;50;92;4261
213847449;15;50;4263
213868879;35;77;4262
213896218;120;142;4262
213917148;115;139;4262
213944559;55;96;4264
213966377;33;74;4264
213988376;-22;0;4263@20000101_000005_192721_imu_lsm6dso32.csv@213992083;1.0111359;0.008784;0.00976;-98;35;-84;1
214013141;-17;0;4260
214037820;-7;0;4263
214063395;20;58;4262
214085516;30;71;4262
214133634;103;132;4265
214165376;135;151;4263
214214587;187;178;4264
214240256;170;169;4264
214264672;125;145;4264
214288738;125;145;42@20000101_000005_192721_imu_lsm6dso32.csv@214291873;1.01016;0.013664;0.00488;-84;35;-98;1
214315015;172;170;4262
214336584;183;176;4262
214364353;188;178;4265
214392385;213;190;4265
214443265;327;235;4261
214466333;335;238;4267
214493854;327;235;4264
214514738;317;231;4264
214580019;302;226;4263
214604050;298;224;4263
214631004;275;215;4262
214653973;268;213;4262
214676022;262;210;4263
214698636;250;205;4263
214743663;188;178;4259
214768704;173;171;4265
214793153;177;173;4264
214820125;165;167;4263
214844619;155;162;4263
214868044;143;155;4261
214894513;133;150;4267
214917213;135;151;4267
214971094;135;151;4262
214997830;113;138;4261
215026953;132;149;4261
215063715;147;157;4263
215087488;143;155;4263
215144346;162;165;4263
215166985;200;184;4263
215194962;178;173;4265
215216325;153;161;4265
215246288;125;145;4261
215267169;92;124;4261
215294227;75;112;4259
215316104;58;99;4259
215354017;8;36;4264
215403296;-68;0;4264
215445027;-38;0;4265
215467810;-25;0;4265
215494928;32;73;4262
215519665;93;125;4262
215576346;198;183;4262
215598145;203;185;4263
215620201;193;180;4260
215674674;220;193;4264
215695658;222;193;4264
215719008;243;202;4263
215775803;210;188;4261
215813562;187;178;4266
215884623;175;172;4295.csv@215888684;1.7639999;0.098;0.147;1
215905405;162;165;4263
215944514;38;80;4261
215968620;12;45;4266
215996410;32;73;4261
216043486;-20;0;4264
216065542;-65;0;4261
216095071;-20;0;4267
216116917;23;62;4267
216153950;-13;0;4261
216177876;70;108;4261
216203087;322;233;4264
216226481;388;256;4261
216247716;213;190;4265
216299287;50;92;4268
216345944;37;79;4259
216367540;-17;0;4263
216393602;43;85;4263
216414178;78;114;4263
216443323;75;112;4261
216490528;85;120;4264
216516089;112;137;4260
216543096;95;126;4262
216568792;150;159;4266
216595322;150;159;4263
216617517;112;137;4263
216643384;173;171;4259
216666799;180;174;4259
216688704;138;152;4261
216732731;32;73;4261
216778077;-107;0;4265
216804656;52;93;4265
216835443;12;45;4265
216856596;42;84;4265
216884546;83;118;4262
216914194;117;140;4261
216944428;140;154;4267
216969228;157;163;4267
217015357;217;191;4266
217053778;233;198;4264
217078427;250;205;4264
217099905;285;219;4263
217133594;335;238;4267
217210698;223;194;4261
217235739;277;216;4261
217278303;342;240;4267
217301848;295;223;4264
217377667;290;221;4267
217403287;310;229;4264
217433335;322;233;4260
217456682;350;243;4260
217513375;433;270;4265
217536591;420;266;4265
217565350;497;290;4262
217611298;533;300;42s90.007808;0.00488;-63;49;-105;1
217637426;532;300;4264
217679900;488;287;4262
217700318;480;285;4263
217721910;473;283;42@20000101_000005_192721_accel_adxl375.csv@217743003;1.813;0.147;0.147;1
217755862;448;275;4266
217778189;427;269;4266
217802615;420;266;4263
217832303;410;263;4264
217855968;402;261;4264
217885822;368;249;4262
217918298;368;249;4264
217943421;353;244;4265
217968301;328;235;4265
217996430;280;217;4264
218019363;280;217;4264
218066348;270;213;4265
218095393;227;196;4261
218123196;168;168;4264
218146383;130;148;4264
218167369;112;137;4264
218191862;102;131;4266
218213038;78;114;4263
218234373;88;122;4262
218281070;50;92;4262
218302318;55;96;4265
218324704;53;94;4263
218377317;80;116;4259
218404064;95;126;4262
218432404;135;151;4263
218499054;130;148;4261
218520314;108;135;420u_lsm6dso32.csv@218521738;1.013088;0.011712;0.001952;-84;42;-98;1
218576122;138;152;4263
218603200;112;137;4264
218662467;115;139;4262
218685953;62;102;4262
218719400;10;41;4262
218748484;55;96;4264
218769888;73;111;4264
218793599;52;93;4263
218816002;87;121;4263
218874501;50;92;4264
218897411;8;36;4268
218918940;-32;0;4260
218968188;-13;0;4262
218994395;27;67;4266
219019136;25;65;4266
219078097;28;68;4263
219099352;-85;0;4263
219133650;-47;0;4262
219155793;-48;0;4262@20000101_000005_192721_power_ina226.csv@219157967;3928;473;1850;0
219183761;-50;0;4263
219205160;-83;0;4263
219231204;-50;0;4265
219262670;-88;0;4263
219286377;-102;0;4263
219310113;-73;0;4263
219333654;-73;0;4266
219358161;-57;0;4266
219402376;-37;0;4265
219432909;38;80;4266
219463494;37;79;4261
219486240;55;96;4261
219509114;65;104;4265
219533374;62;102;4263
219592335;-53;0;4263
219618432;-27;0;4261
219643361;-48;0;4261
219665190;-68;0;4263
219694478;-97;0;4262
219715206;-110;0;4262
219743080;-127;0;4262
219764753;-137;0;4262
219814834;-98;0;4259
219845598;-43;0;4265
219868059;-87;0;4265
219894529;5;29;4265
219915981;28;68;4265
219947616;2;18;4263
219970135;-47;0;4263
219995768;45;87;4265
220017066;33;74;4265
220046095;12;45;4263
220069423;-52;0;4263
220095006;-33;0;4261
220119743;-20;0;4261
220143771;7;34;4263
220167306;5;29;4265
220202513;-127;0;4263
220243829;-57;0;4261
220285914;42;84;4265
220314144;75;112;4261
220343183;-60;0;4261
220366795;-192;0;4261
220388210;-290;0;4265
220412812;-262;0;4262
220444094;-213;0;4261
220466057;-202;0;4261
220487882;-282;0;425@20000101_000005_192721_imu_lsm6dso32.csv@220491055;1.0111359;0.012688;0.003904;-98;28;-105;1
220544252;-408;0;4264
220565103;-358;0;4264
220587027;-288;0;426@20000101_000005_192721_imu_lsm6dso32.csv@220590127;1.014064;0.0@20000101_000005_192721_accel_adxl375.csv@220591854;1.813;0.147;0.196;1
220613013;-215;0;4264
220636830;-225;0;4264
220664720;-242;0;4265
220707518;-185;0;4260;56;-84;1
220730949;-152;0;4263
220757749;-170;0;4269
220781227;-187;0;4269
220804949;-147;0;4266
220833373;-95;0;4261
220863164;-83;0;4264
220894146;-153;0;4263
220919367;-143;0;4263
220944883;-165;0;4266
220979726;-145;0;4264
221003531;-142;0;4264
221032561;-122;0;4263
221062606;-38;0;4267
221092394;-18;0;4265
221118202;-5;0;4265
221142715;-42;0;4265
221165556;-63;0;4264
221214031;-117;0;4261
221244388;-150;0;4262
221266189;-98;0;4262
221295021;-50;0;4262
221319495;3;22;4262
221344848;-28;0;4265
221370403;-10;0;4263
221393428;-8;0;4263
221414765;-58;0;4265
221444764;-55;0;4265
221469562;-85;0;4265
221503148;-150;0;4264
221538764;-180;0;4260
221564047;-170;0;4260
221586883;-115;0;42610_laser_agl.csv@221588456;0.022;0
221613655;-163;0;4264
221642483;-123;0;4266
221692564;-185;0;4263
221720675;-153;0;4262
221743366;-133;0;4262
221765383;-92;0;4263
221794757;-88;0;4266
221818342;-113;0;4266
221888799;-78;0;4267
221913344;-98;0;4267
221934736;-80;0;4264
221962654;-77;0;4266
221987249;-53;0;4266@20000101_000005_192721_accel_adxl375.csv@221991022;1.7639999;0.196;0.196;1
222015831;-133;0;4263
222043038;-145;0;4266
222064861;-162;0;4266
222113743;-97;0;4265
222182361;-117;0;4265
222205119;-122;0;4261
222248466;-133;0;4265
222272058;-85;0;4263
222301385;-72;0;4264
222322204;-73;0;42640accel_adxl375.csv@222324096;1.813;0.098;0.147;1
222343158;-57;0;4263
222366027;-45;0;4263
222391939;45;87;4263
222415347;27;67;4263
222443170;-73;0;4263
222465003;-73;0;4263
222509115;-115;0;4265
222554094;-95;0;4261
222578575;-112;0;4261
222606225;-150;0;4265
222627166;-40;0;4265
222675156;-148;0;4263
222703333;-102;0;4265
222732124;-213;0;4265
222754270;-252;0;4265
222776061;-172;0;4265
222802950;-153;0;4263
222832290;-182;0;4263
222863221;-190;0;4263
222885785;-177;0;4263
222914166;-163;0;4261
222943067;-47;0;4261
222969778;-120;0;4263
223049268;3;22;4262
223071001;25;65;4262
223096527;-2;0;4264
223122159;-37;0;4265
223176330;-82;0;4263
223204675;-103;0;4262
223228977;-98;0;4262
223250042;-210;0;4265
223272369;-268;0;4264
223297382;-263;0;4265
223318904;-307;0;4267
223343911;-365;0;4261
223367372;-310;0;4262
223389185;-312;0;4261_000005_192721_accel_adxl375.csv@223390305;1.7639999;0.147;0.147;1
223430406;-252;0;4266
223456839;-198;0;4265
223479136;-92;0;4265
223505284;-122;0;4265
223532156;-117;0;4263
223562567;-203;0;4261
223619080;5;29;4263
223647367;77;114;4263
223671733;15;50;4263
223693882;-68;0;4267
223718499;-388;0;4264
223742776;-528;0;4265
223766518;-463;0;4261
223789601;-433;0;426@20000101_000005_192721_imu_lsm6dso32.csv@223791326;1.013088;0.005856;0.010736;-84;0;-119;1
223843206;-500;0;4262
223890294;-600;0;4267
223924265;-793;0;4261
223945480;-745;0;4261
223969655;-598;0;4262
223992074;-538;0;4267
224013483;-515;0;4267
224034955;-550;0;4264
224067966;-592;0;4266
224089892;-690;0;426@20000101_000005_192721_imu_lsm6dso32.csv@224095026;1.012112;0.002928;0.008784;-77;-14;-91;1
224115185;-618;0;4265
224144615;-577;0;4266
224168248;-540;0;4266
224196546;-492;0;4265
224217097;-458;0;4265
224239549;-400;0;4265
224263076;-420;0;4265
224320109;-517;0;4263
224343284;-547;0;4263
224365704;-573;0;4265
224395577;-527;0;4265
224416614;-455;0;4265
224445002;-343;0;4265
224473789;-478;0;4267
224499229;-472;0;4267
224523166;-510;0;4263
224575227;-372;0;4264
224603671;-232;0;4265
224632538;-175;0;4264
224654746;-253;0;426@20000101_000005_192721_imu_lsm6dso32.csv@224659256;1.01016;0.012688;0.015616;-35;70;-91;1
224678437;-273;0;4263
224704870;-187;0;4263
224732247;-160;0;4265
224806960;-113;0;4262
224842357;-72;0;4266
224866407;-80;0;4266
224893211;-148;0;4261
224976670;-158;0;4265
225014049;-322;0;4264
225038071;-318;0;4264
225067951;-275;0;4263
225111567;-322;0;4263
225134911;-465;0;4265
225156125;-552;0;426@20000101_000005_192721_imu_lsm6dso32.csv@225159120;1.014064;0.012688;0.017568;-91;14;-70;1
225183988;-555;0;4264
225205949;-488;0;4264
225252984;-413;0;4261
225282673;-405;0;4261
225305240;-485;0;4261
225332981;-560;0;4262
225357432;-582;0;4262
225380720;-422;0;4263
225403788;-352;0;4266
225433771;-255;0;4264
225455802;-200;0;426@20000101_000005_192721_imu_lsm6dso32.csv@225459195;1.014064;0.016592;0.008784;-63;21;-105;1
225482594;-202;0;4267
225512220;-225;0;4267
225534571;-187;0;4267
225562720;-175;0;4263
225585857;-188;0;4263
225612601;-133;0;4265
225635443;-73;0;4265
225692405;-130;0;4265
225717713;-142;0;4262
225738325;-55;0;4262
225765936;-8;0;4267
225788551;15;50;4267
225820116;-7;0;4267
225848959;-118;0;4265
225872306;-175;0;4265
225895635;-130;0;4267
225916299;-135;0;4266
225975280;-295;0;4265
225998354;-338;0;4267
226019583;-370;0;4265
226076390;-288;0;4265
226097360;-263;0;4261
226120415;-217;0;4267
226162480;-160;0;4265
226185666;-140;0;4265
226208922;-163;0;4265
226232290;-258;0;4263
226257297;-207;0;4266
226282881;-137;0;4269
226303732;-250;0;4269
226332851;-405;0;4266
226359249;-413;0;4263
226385902;-370;0;4261
226442624;-312;0;4266
226465976;-358;0;4264
226494252;-417;0;4267
226515439;-408;0;4267
226565932;-532;0;4263
226597190;-568;0;4263
226619520;-537;0;4263
226644377;-455;0;4266
226668036;-373;0;4263
226693968;-327;0;4265
226716226;-440;0;4265
226742816;-480;0;4263
226764350;-390;0;4263
226786791;-300;0;4265
226814151;-432;0;4267
226837919;-335;0;4267
226859737;-243;0;4266
226884955;-415;0;4263
226906191;-432;0;4268
226933776;-447;0;4264
226962867;-470;0;4265
227013363;-400;;101705.87;4.177437
227035449;-428;0;4266
227060658;-545;0;4259
227082407;-438;0;4259
227105647;-565;0;4268
227135100;-470;0;4265
227163641;-458;0;4264
227187258;-360;0;426192721_laser_agl.csv@227188871;0.02;0
227213808;-318;0;4263
227242931;-277;0;4264
227265499;-258;0;4264
227288716;-245;0;426@20000101_000005_192721_baro_icp10111.csv@227290738;-21.989004;37.007216;101589.4;2.6918164
227314258;-220;0;4264
227339035;-178;0;4264
227363394;-187;0;4267
227384854;-187;0;4264
227432690;-192;0;4267
227456821;-195;0;4267
227482169;-160;0;4261
227504546;-180;0;4261
227527213;-185;0;4264
227564054;-362;0;4262
227588554;-363;0;4262
227618142;-438;0;4266
227645065;-547;0;4265
227676323;-543;0;4264
227698670;-455;0;4261
227721903;-427;0;4265
227743141;-565;0;4262
227765165;-530;0;4267
227789452;-458;0;4266
227821438;-392;0;4261
227843069;-443;0;4264
227865346;-408;0;4267
227913125;-463;0;4263
227955615;-427;0;4265
227977296;-380;0;4265
228013232;-385;0;4268
228047030;-363;0;4262
228070699;-405;0;4262
228093556;-397;0;4263
228117582;-385;0;4262
228148463;-352;0;4265
228172937;-350;0;4265
228202512;-358;0;4264
228230811;-357;0;4263
228262374;-290;0;4262
228286434;-285;0;4263
228313860;-347;0;4264
228338017;-243;0;4264
228390532;-132;0;4265
228420944;-218;0;4267
228476012;-452;0;4263
228497356;-492;0;4265
228534328;-460;0;4265
228556814;-412;0;4265
228584601;-285;0;4262
228606306;-198;0;4262
228634288;-263;0;4266
228663367;-143;0;4265
228702202;-262;0;4263
228732211;-277;0;4265
228762225;-315;0;4266
228786444;-387;0;426@20000101_000005_192721_accel_adxl375.csv@228789973;1.7639999;0.147;0.196;1
228815216;-323;0;4262
228882248;-260;0;4265
228905332;-292;0;4265
228932588;-250;0;4266
228962384;-220;0;4263
228986421;-225;0;4263
229012819;-272;0;4264
229041981;-310;0;4266
229066225;-268;0;4266
229094232;-250;0;4269
229117809;-192;0;4269
229177670;-135;0;4267
229205170;-120;0;4263
229226997;-85;0;4263
229300284;-75;0;4261
229325014;-17;0;4265
229353491;-110;0;426@20000101_000005_192721_imu_lsm6dso32.csv@229357949;1.013088;0.021472;-0.006832;-112;63;-98;1
229376846;-150;0;4261
229399921;-60;0;4267
229423322;-2;0;4265
229446439;22;61;4267
229470220;-57;0;4268
229495111;-78;0;4265
229518085;-188;0;4263
229543177;-192;0;4264
229567235;-305;0;4267
229589743;-402;0;4263
229617788;-373;0;4263
229644231;-212;0;4262
229669572;-223;0;4267
229714013;-238;0;4266
229735723;-232;0;4266
229756728;-443;0;4263
229777784;-400;0;4263
229799297;-338;0;4264
229821232;-410;0;4261
229843734;-515;0;4265
229864506;-482;0;4267
229887631;-452;0;4261184;0.006832;0.025376;-105;56;-56;1
229943686;-587;0;4264
229966014;-395;0;4263
229994818;-183;0;4263
230020414;-147;0;4@20000101_000005_192721_imu_lsm6dso32.csv@230024285;1.01016;0.017568;0.020496;-245;126;-70;1
230046170;-273;0;4267
230078351;-238;0;4265
230108071;-73;0;4265
230132509;-85;0;4265@20000101_000005_192721_imu_lsm6dso32.csv@230158588;1.014064;0.023424;0.000976;-35;98;-126;1
230172280;-162;0;4265
230195918;-105;0;4265
230216641;-110;0;4265
230242654;-60;0;4263
230264103;-135;0;4263
230314093;-207;0;4265
230335358;-237;0;4265
230360977;-215;0;4267
230388896;-212;0;4262
230418231;-273;0;4265
230442527;-365;0;4265
230465163;-260;0;4265
230494586;-258;0;4267
230515926;-250;0;4267
230542544;-230;0;4264
230588042;-15;0;4265
230613459;18;55;4266
230637904;-167;0;4266
230664957;-247;0;4265
230692817;-310;0;4267
230725708;-367;0;4265
230753123;-402;0;426@20000101_000005_192721_accel_adxl375.csv@230757305;1.7639999;0.147;0.196;1
230776453;-522;0;4262
230802647;-478;0;4266
230832760;-502;0;4264
230861932;-510;0;4266
230886186;-537;0;4266
230920108;-462;0;4266
230952977;-338;0;4263
230978262;-298;0;4263
231018057;-300;0;4267
231042981;-268;0;4267
231064275;-337;0;4265
231087683;-330;0;4261
231108404;-287;0;4267
231129507;-200;0;4263
231175835;-25;0;4262
231199136;168;168;4265
231223121;-8;0;4264
231248618;-242;0;4269
231272227;-355;0;4269
231294331;-265;0;4267
231315299;-107;0;4262
231352353;-350;0;4266
231382043;-417;0;4266
231413172;-373;0;4265
231452511;-273;0;4266
231506161;-298;0;4264
231532954;-450;0;4266
231562433;-353;0;4262
231585997;-312;0;4262
231614100;-243;0;4264
231644130;-253;0;4266
231666252;-290;0;4266
231694965;-342;0;4265
231782151;-255;0;4265
231804722;-238;0;4265
231834191;-328;0;4271
231856806;-343;0;427@20000101_000005_192721_accel_adxl375.csv@231858601;1.813;0.098;0.244999984;1
231882898;-322;0;4267
231920148;-247;0;4268
231952350;-243;0;4266
232042060;-180;0;4263
232063989;-95;0;4265
232093683;-222;0;4265
232118127;-212;0;4265
232176468;-282;0;4262
232205514;-270;0;4266
232228719;-313;0;4266
232251196;-322;0;4271
232272690;-313;0;4265
232295358;-232;0;4262
232316402;-147;0;4265
232364284;-212;0;4265
232392789;-228;0;4266
232415882;-322;0;4266
232437445;-412;0;4265
232464263;-358;0;4265
232485741;-377;0;426@0101_000005_192721_imu_lsm6dso32.csv@232491012;1.012112;0.016592;0.027328;-35;-14;-98;1
232512623;-432;0;4267
232541550;-470;0;4263
232565625;-440;0;4263
232612868;-252;0;4265
232641359;-298;0;4265
232664045;-372;0;4265
232686363;-243;0;4264
232712036;-372;0;4263
232761795;-278;0;4264
232784515;-332;0;4264
232807827;-397;0;4265
232832101;-408;0;4269
232861739;-512;0;4266
232885589;-472;0;4266
232912950;-407;0;4268
232942244;-438;0;4267
232965040;-453;0;4267
232994867;-417;0;4265
233019793;-427;0;4265
233043925;-330;0;4267
233070001;-352;0;4262
233095817;-310;0;4264
233119201;-298;0;4264
233143894;-257;0;4264
233204515;-218;0;4267
233232172;-203;0;4263
233254484;-218;0;4263
233277184;-238;0;4267
233304561;-223;0;4263
233348073;-248;0;4269
233370391;-233;0;4264
233398634;-210;0;4267
233427925;-205;0;4268
233453697;-222;0;4265
233482281;-262;0;4263
233511921;-302;0;4266
233541545;-288;0;4261
233564035;-275;0;4261
233643842;-305;0;4266
233665331;-298;0;4266
233691340;-270;0;4265
233718305;-275;0;4263
233775018;-288;0;4264
233796651;-280;0;4265
233824281;-242;0;4268
233863331;-443;0;4264
233888127;-387;0;4264
233914394;-282;0;4267
233944808;-257;0;4265
233965990;-333;0;4265
234018146;-307;0;4265
234044544;-310;0;4267
234092133;-373;0;4262
234119768;-378;0;4263
234154234;-527;0;4267
234176059;-508;0;4267
234201566;-442;0;4267
234223596;-442;0;4267
234245003;-377;0;4266
234267799;-455;0;4268
234294264;-407;0;4265
234316146;-423;0;4265
234376238;-365;0;4264
234403604;-320;0;4261
234425873;-415;0;4261
234452405;-528;0;4267
234474893;-407;0;4267
234532362;-285;0;4263
234582241;-207;0;4268
234610515;-153;0;4266
234641699;-160;0;4265
234664000;-180;0;4265
234693561;-323;0;4265
234721443;-390;0;4263
234751615;-310;0;4268
234777965;-332;0;4265
234805516;-340;0;4264
234826058;-300;0;4264
234861692;-342;0;4267
234884850;-417;0;4267
234911829;-353;0;4266
234941612;-272;0;4266
234991827;-240;0;4269
235025662;-428;0;4267
235053484;-390;0;4264
235082199;-275;0;4265
235106515;-240;0;4265
235134107;-405;0;4264
235157897;-383;0;4264
235178946;-422;0;4265
235206244;-267;0;4266
235229377;-63;0;4266
235250424;-70;0;4266
235271613;-550;0;4262
235295015;-482;0;4263
235316233;-245;0;4267
235342515;-250;0;4265
235384978;-252;0;4266
235416999;-412;0;4264
235438298;-415;0;4267
235484366;-428;0;4266
235517531;-492;0;4267
235542123;-500;0;4267
235573430;-422;0;4267
235600846;-378;0;4267
235631657;-452;0;4269
235657941;-488;0;4266
235682450;-413;0;4266
235711767;-310;0;4264
235741545;-327;0;4264
235765246;-333;0;4264
235794316;-295;0;4267
235864096;-208;0;4267
235895054;-222;0;4263
235934197;-273;0;4267
235983577;-50;0;4265
236004760;-127;0;4265
236032694;-202;0;4265
236084017;-218;0;4267
236105589;-245;0;4267
236132151;-253;0;4264
236163493;-335;0;4269
236192398;-233;0;4267
236216438;-202;0;4267
236243056;-287;0;4267
236266753;-357;0;4267
236318684;-375;0;4266
236342776;-265;0;4266
236364592;-130;0;4265
236393127;-5;0;4265
236415103;37;79;4265
236438106;30;71;4267
236460835;-87;0;4267
236484813;20;58;4261
236505158;57;98;4267
236532210;20;58;4265
236555299;7;34;4265
236582077;118;141;4264
236603855;88;122;4264
236631952;258;209;4263
236663729;418;266;4268
236693149;115;139;4264
236718255;12;45;4264
236774539;-58;0;4266
236798348;-63;0;4266
236833037;-47;0;4266
236882682;95;126;4266
236904420;75;112;4266
236930685;47;89;4265
236962086;55;96;4266
236985310;93;125;4266
237051754;-128;0;4268
237075030;8;36;4268
237097467;118;141;4263
237132546;123;144;4265
237183752;100;130;4264
237204962;115;139;4264
237242040;48;90;4268
237274004;15;50;4265
237302540;-7;0;4267
237331631;65;104;4266
237361821;177;173;4266
237384855;175;172;4266
237414273;158;163;4267
237442720;192;180;4263
237465941;210;188;4263
237492035;203;185;4264
237515382;203;185;4264
237543209;198;183;4265
237566035;213;190;4265
237589349;222;193;421_000005_192721_imu_lsm6dso32.csv@237590459;1.013088;0.007808;0.01952;-84;49;-105;1
237613024;210;188;4268
237659820;207;187;4265
237683837;198;183;4265
237706836;180;174;4266
237735939;180;174;4269
237758700;188;178;4269
237781932;203;185;4265
237813663;212;189;4267
237835838;200;184;4269
237877240;168;168;4265
237901101;162;165;4267
237925754;162;165;4267
237950448;178;173;4266
237974738;195;181;4267
237997271;213;190;4267
238019957;197;182;4262
238042714;178;173;4265
238064179;170;169;4269
238116145;000101_000005_192721_power_ina226.csv@238118437;3920;548;2150;0
238139784;205;186;4265
238162494;230;197;4266
238184038;235;199;4265
238213112;210;188;4265
238235651;190;179;4265
238262796;170;169;4266
238284221;165;167;4266
238317829;173;1701_000005_192721_baro_bmp280.csv@238322375;-31.56989;37.89;101704.8;4.267273
238343050;202;185;4262
238366956;203;185;4263
238389605;203;185;4267
238424733;253;207;4269
238454523;260;209;4264
238476198;218;192;4264
238497765;235;199;4264
238542871;248;205;4264
238567032;248;205;4264
238592352;235;199;4267
238614340;242;202;4264
238642484;243;202;4264
238665616;235;199;4264
238716269;242;202;4265
238745260;235;199;4265
238768364;225;195;4265
238792995;217;191;4266
238843396;218;192;4264
238866447;202;185;4265
238893664;185;177;4269
238918471;188;178;4269
238944272;183;176;4264
238982588;173;171;4267
239013705;178;173;4266
239041504;183;176;4265
239064215;175;172;4265
239091778;155;162;4261
239114482;132;149;4261
239142579;103;132;4268
239164160;108;135;4268
239195185;73;111;4267
239217300;117;140;4267
239242630;183;176;4264
239265564;103;132;4267
239294871;68;107;4267
239315816;125;145;4267
239343558;112;137;4267
239364597;113;138;4267
239412778;150;159;4264
239443883;132;149;4267
239466866;25;65;4267
239495188;-35;0;4265
239517420;-33;0;4265
239545826;-50;0;4264
239567693;-42;0;4264
239612773;75;112;4268
239643294;55;96;4266
239665387;45;87;4266
239693629;48;90;4269
239714982;45;87;4269
239775970;110;136;4262
239821798;65;104;4263
239844915;65;104;4268
239867348;63;103;4265
239894871;65;104;4265
239918809;80;116;4265
239953791;112;137;4267
239982649;142;155;4268
240012146;168;168;4266
240043338;183;176;4267
240065719;205;186;4264
240094901;230;197;4267
240116219;225;195;4267
240143995;198;183;4266
240165354;197;182;4266
240193986;205;186;4261
240215520;203;185;4261
240265872;202;185;4267
240295486;187;178;4267
240316229;185;177;4267
240342220;188;178;4266
240364093;185;177;4266
240387092;175;172;42@20000101_000005_192721_imu_lsm6dso32.csv@240390336;1.013088;0.0@20000101_000005_192721_accel_adxl375.csv@240392103;1.7149999;0.196;0.147;1
240419102;177;173;426636;-126;70;-70;1
240443274;170;169;4267
240465905;160;164;4265
240494580;155;162;4266
240516243;153;161;4266
240543049;152;160;4268
240564899;140;154;4268
240593271;137;152;4268
240616479;135;151;4268
240642481;135;151;4267
240663636;143;155;4267
240709356;143;155;4262
240734968;130;148;4269
240763751;60;100;4264
240788972;15;50;4264
240815740;0;0;4265
240843985;77;114;4266
240866784;103;132;4266
240914173;162;165;4269
240942518;155;162;4265
240964253;133;150;4265
240992269;132;149;4265
241013867;103;132;4265
241042143;95;126;4263
241068515;87;121;4269
241104606;52;93;4267
241157164;3;22;4265
241180268;-38;0;4265
241204903;-63;0;4267
241226911;-83;0;4269
241248933;-72;0;4266
241272879;-85;0;4265
241294979;-78;0;4265
241321459;-53;0;4267s2661;1.012112;0.010736;0.00488;-63;56;-126;1
241352188;-83;0;4269
241374871;-60;0;4269
241399518;-62;0;4263
241444086;-15;0;4268
241467734;-43;0;4265
241494007;-13;0;4263
241516668;12;45;4263
241565134;23;62;4262
241596542;50;92;4266
241620517;67;106;4263
241642833;62;102;4266
241668406;52;93;4264
241694421;53;94;4268
241719696;55;96;4267
241744367;42;84;4267
241767797;55;96;4265
241794449;108;135;4267
241818640;112;137;4267
241842249;108;135;4263
241869781;127;146;4265
241896193;153;161;4265
241927454;143;155;4265
241953219;133;150;4267
241994317;102;131;4267
242016403;87;121;4267
242042529;65;104;4264
242065559;68;107;4264
242094104;52;93;4265
242116241;45;87;4265
242142669;45;87;4264
242166421;48;90;4264
242189209;63;103;426000101_000005_192721_imu_lsm6dso32.csv@242190844;1.012112;0.012688;0.0;-112;49;-77;1
242214412;67;106;4269
242238066;53;94;4267
242265641;50;92;4265
242286494;60;100;4265
242313550;88;122;4266
242342600;88;122;4265
242392338;87;121;4265
242416550;77;114;4265
242445454;73;111;4265
242468491;57;98;4265
242491580;35;77;4263
242514623;10;41;4267
242535715;0;0;4270
242558117;20;58;4267
242580328;55;96;4267
242603292;73;111;4265
242653679;62;102;4267
242674821;67;106;4267
242702020;60;100;4264
242723612;72;110;426@20000101_000005_192721_imu_lsm6dso32.csv@242726090;1.0111359;0.005856;0.002928;-105;42;-77;1
242775460;82;117;4263
242814481;97;128;4269
242838571;110;136;4264
242862116;147;157;4265
242886240;180;174;4266
242912460;162;165;4265
242934386;163;166;4265
242960423;160;164;4263
242982692;133;150;4263
243004167;92;124;4266
243034834;92;124;4269
243084242;135;151;4267
243113071;118;141;4267
243138450;103;132;4267
243164052;93;125;4263
243190090;117;140;4267
243226868;100;130;4265
243250354;90;123;4265
243272407;85;120;4269
243297089;97;128;4263
243318320;97;128;4267
243342813;90;123;4265
243366403;77;114;4264
243415491;63;103;4265
243446058;78;114;4265
243469009;92;124;4265
243492095;95;126;4267
243514821;102;131;4269
243542677;92;124;4265
243566874;75;112;4265
243588920;52;93;426600721_accel_adxl375.csv@243590169;1.7149999;0.147;0.147;1
243612870;47;89;4269
243655052;28;68;4263
243685189;45;87;4269
243707996;73;111;4269
243732613;112;137;4265
243755298;117;140;42@20000101_000005_192721_accel_adxl375.csv@243758371;1.7639999;0.098;0.196;1
243791467;87;121;4264
243818386;88;122;4268
243852899;102;131;4265
243875993;98;128;4265
243901523;97;128;4269
243931888;78;114;4263
243954396;72;11@20000101_000005_192721_imu_lsm6dso32.csv@243957586;1.014064;0.013664;0.001952;-77;35;-98;1
243982710;98;128;4263
244003603;117;140;4263
244031647;103;132;4264
244105446;105;133;4263
244132503;100;130;4263
244155483;102;131;4263
244182792;93;125;4265
244205683;92;124;4265
244231950;97;128;4269
244255740;95;126;426721_imu_lsm6dso32.csv@244257450;1.012112;0.010736;0.00488;-77;28;-112;1
244277089;90;123;4267
244313557;100;130;4265
244343091;108;135;4265
244366773;117;140;4265
244443887;147;157;4267
244466894;140;154;4267
244512741;127;146;4265
244540569;118;141;4269
244564590;113;138;4269
244586018;110;136;4268
244612214;103;132;4266
244636465;103;132;4266
244662942;103;132;4264
244684803;98;128;4264
244712627;102;131;4267
244742271;95;126;4265
244766178;92;124;4265
244788440;102;131;421@244789638;1.813;0.147;0.196;1
244843296;117;140;4263
244867497;103;132;4268
244940406;113;138;4267
244967319;125;145;4266
244989269;148;158;42101_000005_192721_imu_lsm6dso32.csv@244990539;1.0111359;0.008784;0.003904;-98;42;-84;1
245013854;147;157;4265
245036075;135;151;4265
245067320;105;133;4267
245089676;65;104;426@20000101_000005_192721_imu_lsm6dso32.csv@245103135;1.012112;0.011712;0.002928;-91;42;-98;1
245113385;65;104;4264
245141831;68;107;4266
245166877;67;106;4266
245194593;62;102;4267
245216146;63;103;4267
245245787;60;100;4264
245267951;68;107;4264
245292854;83;118;4265
245318610;90;123;4265
245343074;97;128;4265
245395206;100;130;4264
245416205;110;136;4264
245442258;102;131;4267
245467025;80;116;4267
245494736;87;121;4264
245516707;102;131;4264
245537332;158;163;4264
245563117;212;189;4263
245586125;220;193;4263
245614599;203;185;4266
245641964;188;178;4268
245664036;155;162;4268
245685419;140;154;4269
245712286;123;144;4266
245733651;97;128;4266
245758934;62;102;4267
245782478;52;93;4267
245826172;73;111;4265
245848808;110;136;4265
245870620;197;182;4266
245896052;255;207;4267
245918093;253;207;4267
245944916;265;211;4263
245967549;282;218;4263
245991859;277;216;4265
246013243;262;210;4265
246043717;238;200;4269
246067883;198;183;4269
246095521;153;161;4272
246116904;163;166;4272
246146464;198;183;4267
246169872;238;200;4267
246219882;263;211;4265
246247331;213;190;4267
246269166;185;177;4267
246295369;178;173;4265
246320362;175;172;4265
246344103;148;158;4266
246366903;113;138;4265
246418549;80;116;4267
246451642;90;123;4263
246481356;107;134;4268
246511773;53;94;4265
246541526;15;50;4266
246566864;35;77;4266
246594064;50;92;4268
246619174;52;93;4265
246663532;42;84;4264
246686580;32;73;4264
246713008;47;89;4265
246735881;97;128;4265
246762692;82;117;4267
246784500;100;130;4267
246813790;138;152;4268
246835984;147;157;4268
246863707;153;161;4265
246887022;145;156;4265
246912620;153;161;4266
246941717;168;168;4269
246969109;168;168;4265
246993359;167;168;4265
247014430;172;170;4264
247041607;163;166;4266
247064098;178;173;4266
247118824;180;174;4267
247145990;152;160;4267
247169571;143;155;4267
247194179;140;154;4264
247216821;127;146;4263
247238325;142;155;4265
247263702;182;175;4267
247289216;173;171;4263
247311994;158;163;4263
247333562;142;155;4263
247355547;135;151;42@20000101_000005_192721_baro_icp10111.csv@247358283;-21.9678652;37.0446;101589.128;2.7129554
247383055;212;189;4265
247407275;218;192;4265
247429848;212;189;4267
247453561;212;189;4266
247483871;210;188;4268
247527732;217;191;4268
247562731;222;193;4264
247586957;223;194;4264
247613592;202;185;4267
247641661;185;177;4267
247665282;188;178;4267
247694263;182;175;4267
247716006;185;177;4267
247752021;202;185;4266
247777764;203;185;4267
247802374;190;179;4267
247832061;185;177;4267
247862178;167;168;4268
247910694;162;165;4265
247933126;160;164;4266
247976634;172;170;4269
248004105;185;177;4265
248035596;210;188;4266
248057038;222;193;4264
248136627;223;194;4270
248179848;205;186;4266
248202918;205;186;4268
248246345;138;152;4270
248269200;115;139;4268
248290516;117;140;4262
248314597;95;126;4265
248335120;98;128;4269
248388028;93;125;4266
248416323;70;108;4267
248437985;48;90;4267
248461767;67;106;4267
248487046;47;89;4263
248513897;47;89;4263
248542364;62;102;4265
248565825;77;114;4265
248614301;80;116;4270
248641836;68;107;4269
248667010;63;103;4267
248714873;0;0;4268
248742280;20;58;4266
248765070;72;110;4266
248816321;67;106;4266
248838815;88;122;4266
248863673;93;125;4266
248909344;-15;0;4266
248937391;-63;0;4265
248959138;-8;0;4265
248981410;78;114;4271
249004914;48;90;4264
249032194;8;36;4265
249082381;75;112;4268
249104100;93;125;4268
249132105;138;152;4263
249161967;125;145;4265
249186709;115;139;4229188298;0.0;0.0;0;0;2550
249213122;75;112;4264
249257177;57;98;4267
249286222;48;90;4266@00005_192721_imu_lsm6dso32.csv@249291389;1.014064;0.010736;-0.000976;-77;35;-98;1
249313490;42;84;4267
249341715;55;96;4266
249369866;82;117;4267
249393577;122;143;4267
249415484;128;147;4266
249443992;125;145;4266
249465453;153;161;4266
249495881;132;149;4269
249518932;120;142;4269
249543530;128;147;4265
249564651;142;155;4265
249591653;147;157;4271
249618270;133;150;4265
249641909;122;143;4265
249664331;115;139;4262
249782668;102;131;4267
249808525;100;130;4265
249832806;102;131;4265
249861913;95;126;4265
249886269;95;126;42605aro_icp10111.csv@249887533;-22.105262;37.055284;101590.77;2.5755576
249918285;102;131;4266
249975514;75;112;4268
250003175;82;117;4264
250027474;78;114;4264
250052529;75;112;4266
250074494;68;107;4263
250101789;65;104;4265
250130845;67;106;4265
250208208;88;122;4267
250236506;83;118;4262
250258577;82;117;4262
250285071;73;111;4266
250313201;78;114;4266
250335765;73;111;4266
250364842;68;107;4265
250386065;58;99;4265
250412752;67;106;4263
250434637;72;110;4263
250461779;55;96;4265
250492075;47;89;4265
250513670;58;99;4265
250540708;67;106;4269
250562633;65;104;4269
250602408;53;94;4264
250633460;70;108;4265
250682618;72;110;4263
250711886;48;90;4266
250774546;48;90;4266
250809925;57;98;4268
250837982;77;114;4265
250862057;65;104;4265
250884449;47;89;4265
250911013;33;74;4268
250941422;42;84;4267
250963480;35;77;4267
251013253;18;55;4265
251064454;48;90;4267
251116278;45;87;4267
251142789;57;98;4264
251166688;45;87;4264
251214807;53;94;4264
251240105;58;99;4264
251263637;62;102;4267
251285138;57;98;4266
251313708;50;92;4267
251339722;52;93;4269
251363950;60;100;4269
251386367;60;100;4263
251498512;62;102;4266
251552302;63;103;4263
251577517;77;114;4263
251602159;80;116;4264
251632482;65;104;4268
251654212;60;100;4268
251676387;60;100;4264
251702456;50;92;4265
251733110;33;74;4265
251762216;23;62;4267
251784743;32;73;4267
251814141;50;92;4265
251836601;55;96;4265
251862628;53;94;4268
251884137;45;87;4268
251933130;57;98;4266
251959140;67;106;4266
251984506;75;112;4267
252006982;68;107;4267
252033937;65;104;4265
252055513;58;99;4265;0.003904;-91;42;-105;1
252082349;52;93;4265
252105354;53;94;4265
252130015;52;93;4268
252151858;50;92;4265
252181497;52;93;4267
252212292;50;92;4264
252235905;47;89;4264
252257309;45;87;4263
252281038;42;84;4265
252305126;40;82;4267
252353245;43;85;4265
252392424;52;93;4266
252422003;55;96;4265
252475120;47;89;4264
252512148;42;84;4267
252534552;43;85;4267
252557731;35;77;4267
252584134;47;89;4270
252607508;48;90;4270
252634201;43;85;4265
252655218;35;77;4265@20000101_000005_192721_imu_lsm6dso32.csv@252658212;1.0111359;0.008784;0.005856;-84;35;-105;1
252682186;25;65;4267
252705552;25;65;4267
252727880;32;73;4264
252773711;63;103;4267
252796033;80;116;4268
252818911;108;135;4268
252840030;112;137;4266
252863844;102;131;4267
252884519;100;130;4265
252916179;98;128;4268
252974091;92;124;4265
252996368;83;118;4267
253017873;80;116;4269
253074921;82;117;4266
253096863;80;116;4266
253117402;85;120;4266
253151410;971192721_accel_adxl375.csv@253154323;1.813;0.147;0.196;1
253175310;95;126;4265
253216701;90;123;4267
253243834;82;117;4265
253265286;80;116;4265
253288279;78;114;4262
253315315;75;112;4268
253342752;73;111;4265
253364365;73;111;4265
253392650;72;110;4267
253421775;70;108;4268
253445381;68;107;4268
253468166;67;106;4265
253492956;65;104;4267
253544787;58;99;4268
253565443;58;99;4267
253591532;57;98;4265
253634737;53;94;4263
253658746;52;93;4263
253684303;57;98;4265
253707001;57;98;4265
253734818;57;98;4268
253757539;60;100;4268
253781711;67;106;4265
253802563;70;108;4267
253823591;75;112;4268
253852157;72;110;4267
253877331;65;104;4267
253905013;73;111;4264
253932257;75;112;4267
253954019;85;120;4267
253976574;88;122;4263
254002193;83;118;4267
254024502;83;118;426@20000101_000005_192721_imu_lsm6dso32.csv@254033086;1.014064;0.012688;0.001952;-91;35;-98;1
254076298;75;112;4261
254103203;65;104;4263
254131670;62;102;4265
254181812;63;103;4265
254204901;75;112;4265
254227362;85;120;4266
254262558;83;118;4268
254286667;78;114;4268_21_baro_bmp280.csv@254288801;-31.279238;37.9;101701.28;4.5579244
254308548;75;112;4268
254332213;82;117;4265
254361762;115;139;4265
254385074;133;150;4265
254411110;140;154;4265
254462618;183;176;4267
254491774;150;159;4270
254514688;130;148;4270
254542279;120;142;4265
254564309;182;175;4265
254589127;185;177;4267
254623909;203;185;4269
254646283;180;174;4269
254668961;172;170;4268
254693104;178;173;4270
254715085;170;169;4267
254751976;183;9.098;0.147;1
254775903;172;170;4265
254812117;155;162;4265
254834139;147;157;4265
254860807;125;145;4270
254912802;93;125;4267
254935562;78;114;4267
254958420;90;123;4267
254983721;92;124;4263
255004168;97;128;4263
255028098;105;133;4265
255063703;115;139;4268
255085522;113;138;4268
255113243;100;130;4265
255142830;93;125;4267
255167683;88;122;4267
255193988;72;110;4270
255215205;67;106;4270
255243864;67;106;4266
255266324;75;112;4266
255318509;83;118;4268
255340349;87;121;4268
255365635;85;120;4265
255389837;92;124;4265
255412796;92;124;4265
255433269;83;118;4266
255464680;77;114;4267
255485520;73;111;4264
255514308;60;100;4267
255546162;47;89;4263
255568908;47;89;4269
255619466;50;92;4269
255644567;50;92;4269
255665678;47;89;4267
255693623;45;87;4269
255718672;47;89;4269
255761855;45;87;4267
255793111;43;85;4269
255818887;40;82;4266
255842024;42;84;4266
255864137;47;89;4265
255918285;53;94;4269
255942189;47;89;4264
255965252;45;87;4262
255994280;47;89;4267
256016378;43;85;4267
256075751;50;92;4268
256101227;55;96;4267
256123934;73;111;4267
256153613;92;124;4260
256175818;92;124;4260
256220966;62;102;4267
256248763;47;89;4266
256270509;43;85;4266
256297286;48;90;4266
256320806;42;84;4266
256375911;33;74;4268
256401991;35;77;4268
256431451;33;74;4267
256461825;23;62;4262
256491484;13;46;4269
256517280;12;45;4266
256546929;12;45;4264
256569582;12;45;4264
256614575;10;41;4266
256663076;7;34;4269
256703104;13;46;4268
256735048;22;61;4268
256758681;28;68;4265
256783365;38;80;4267
256804891;48;90;4266
256866507;48;90;4267
256914415;52;93;4265
256951599;40;82;4269
256976058;27;67;4269
257013077;32;73;4266
257036466;42;84;4266
257064234;37;79;4266
257109344;18;55;4264
257130651;17;53;4264
257151426;22;61;4271
257172602;33;74;4266
257195333;37;79;4266
257217857;33;74;4267
257243980;32;73;4266
257265378;17;53;4266
257293674;15;50;4266
257314255;23;62;4266
257342509;30;71;4267
257365868;40;82;4267
257393673;43;85;4268
257418243;43;85;4268
257443866;47;89;4267
257465614;58;99;4267
257516327;38;80;4267
257539776;25;65;4267
257563965;30;71;4269
257616378;62;102;4263
257642354;67;106;4267
257665463;55;96;4267
257694563;40;82;4269
257716496;40;82;4269
257775805;33;74;4267
257809614;27;67;4265
257834201;27;67;4265
257862648;23;62;4267
257890997;32;73;4263
257912324;45;87;4263
257935072;43;85;4266
257982693;37;79;4267
258016615;33;74;4268
258042176;45;87;4268
258067000;48;90;4268
258094608;47;89;4265
258119235;45;87;4265
258144259;38;80;4266
258167621;38;80;4267
258195642;42;84;4265
258216465;43;85;4265
258243443;43;85;4266
258264725;45;87;4266
258292426;43;85;4271
258313384;35;77;4271
258337329;37;79;4264
258363417;38;80;4269
258409579;32;73;4265
258436747;28;68;4264
258457806;30;71;4264
258483739;28;68;4269
258504304;20;58;4269
258532193;15;50;4268
258564001;12;45;4269
258586163;13;46;4266
258618301;30;71;4267
258674327;20;58;4268
258696732;18;55;4266
258735615;12;45;4268
258759445;12;45;4267
258781411;17;53;4266
258827065;13;46;4269
258851349;5;29;4269
258872101;-3;0;4267
258894989;-8;0;4266
258922693;-7;0;4266
258943918;-3;0;4266
258968413;2;18;4266
258993007;5;29;4265
259017009;10;41;4267
259042696;13;46;4265
259066226;10;41;4265
259092432;3;22;4267
259115628;3;22;4267
259142823;2;18;4266
259166798;7;34;4266
259194890;13;46;4265
259238361;12;45;4269
259266621;3;22;4267
259311395;-2;0;4271
259333025;2;18;4266
259356251;-5;0;4267
259379659;-3;0;4268
259403153;0;0;4267
259431803;10;41;4267
259453697;8;36;4267
259481975;5;29;4267
259512508;5;29;4266
259534760;5;29;4266
259567505;8;36;4264
259612286;8;36;4267
259635043;5;29;4267
259663402;2;18;4267
259706668;22;61;4267
259733638;37;79;4267
259756143;42;84;4267@20000101_000005_192721_imu_lsm6dso32.csv@259759797;1.0111359;0.010736;0.002928;-77;42;-98;1
259784327;33;74;4268
259814692;23;62;4271
259835575;17;53;4271
259859360;12;45;4271
259882774;10;41;4267
259905299;10;41;4269
259931924;13;46;4266
259961828;12;45;4270
259984062;8;36;4270
260016075;0;0;4263
260042883;3;22;4266
260065113;5;29;4266
260149390;-3;0;4265
260174211;-3;0;4265
260200199;0;0;4265
260243820;22;61;4269
260269991;20;58;4269
260292302;8;36;4269
260350395;0;0;4271
260374608;5;29;4271
260395751;12;45;4267
260418903;20;58;4269
260442310;37;79;4267
260464010;50;92;4266
260491078;47;89;4265
260514924;55;96;4265
260542520;47;89;4269
260590780;38;80;4264
260614386;40;82;4264
260644728;52;93;4267
260668259;57;98;4267
260693672;58;99;4266
260715674;62;102;4266
260742510;57;98;4269
260801987;57;98;4268
260831664;58;99;4268
260861737;70;108;4268
260885077;77;114;4268
260983945;80;116;4268
261015209;87;121;4268
261063168;55;96;4269
261088067;52;93;4269
261113253;53;94;4267
261142810;55;96;4269
261166452;52;93;4269
261195530;48;90;4267
261216643;48;90;4267
261238566;40;82;4266
261268124;38;80;4267
261289727;38;80;4267@20000101_000005_192721_imu_lsm6dso32.csv@261291407;1.016016;0.013664;0.003904;-77;35;-98;1
261310345;33;74;4266
261334272;33;74;4267
261364935;10;41;4267
261387150;20;58;4267
261418212;20;58;4267
261442508;12;45;4267
261468314;17;53;4269
261522665;12;45;4267
261562204;17;53;4268
261584210;17;53;4268
261614551;8;36;4267
261642995;5;29;4268
261665599;3;22;4268
261687776;-3;0;4267
261712472;-10;0;4270
261734875;-25;0;4266
261763413;-40;0;4263
261787089;-45;0;426350101_000005_192721_accel_adxl375.csv@261791635;1.7149999;0.147;0.098;1
261812421;-43;0;4270
261841179;-38;0;4268
261863306;-40;0;4268
261915074;-23;0;4268
261968206;-18;0;4267
261995796;-17;0;4270
262018194;-20;0;4270
262050495;-18;0;4264
262072515;-18;0;4266
262094972;-17;0;4266
262116940;-13;0;4265
262143776;-12;0;4266
262164306;-10;0;4266
262195347;-3;0;4267
262216285;5;29;4267
262244985;10;41;4269
262266552;13;46;4269
262289405;12;45;4266@20000101_000005_192721_imu_lsm6dso32.csv@262291143;1.012112;0.011712;0.0;-84;42;-98;1
262314344;8;36;4265
262344195;15;50;4267
262386996;15;50;4265
262413512;15;50;4267
262441814;13;46;4266
262466555;8;36;4266
262494470;8;36;4269
262515839;7;34;4269
262551967;10147;1
262576586;7;34;4268
262611850;3;22;4269
262641681;2;18;4268
262663246;3;22;4268
262689728;-2;0;4270
262718149;-5;0;4267
262752761;-8@20000101_000005_192721_power_ina226.csv@262756440;3916;532;2075;0
262776121;-10;0;4267
262802235;-8;0;4266
262862148;-13;0;4267
262884506;-15;0;4267
262905698;-18;0;4267
262932130;-20;0;4267
262955415;-22;0;4267_957042;0.022;1
262982723;-20;0;4269
263011932;-22;0;4268
263041883;-22;0;4266
263064768;-23;0;4266
263092283;-23;0;4266
263118191;-25;0;4269
263142347;-27;0;4269
263165080;-28;0;4265
263192495;-32;0;4267
263214042;-32;0;4267
263265270;-23;0;4271
263293293;-13;0;4266
263331922;-12;0;4263
263365168;-12;0;4265
263396721;-8;0;4267
263417476;-3;0;4265
263442912;2;18;4265
263466406;3;22;4265
263493482;3;22;4268
263531999;40;82;4270
263564378;38;80;4268
263618771;-20;0;4267
263644283;-48;0;4268
263665754;-73;0;4268
263694010;-75;0;4267
263719316;-63;0;4267
263754548;-58;0;4269
263783019;-48;0;4266
263807146;-33;0;4266
263833797;-13;0;4268
263855317;-15;0;42689;0.011712;0.000976;-77;35;-98;1
263882532;-13;0;4264
263913562;-27;0;4272
263937070;-47;0;4272
263964154;-43;0;4267
263985843;-57;0;4267
264014874;-67;0;4270
264038715;-78;0;4270
264063774;-75;0;4265
264084980;-55;0;4269
264113584;-45;0;4268
264134334;-48;0;4268
264162993;-38;0;4267
264212992;-75;0;4270
264242562;-60;0;4265
264265415;-40;0;4265
264294123;-37;0;4267
264319368;-23;0;4267
264354439;-53;0;4263
264377646;-68;0;4263
264399809;-65;0;4264
264444680;-78;0;4266
264467409;-70;0;4268
264493322;-70;0;4269
264521871;-58;0;4265
264562986;-67;0;4263
264586360;-70;0;4263
264612659;-82;0;4265
264668917;-115;0;4266
264694827;-107;0;4267
264715061;-92;0;4267
264741761;-97;0;4270
264772494;-95;0;4267
264812169;-93;0;4268
264834300;-25;0;4268
264862482;10;41;4268
264885758;8;36;4268
264912658;38;80;4268
264934281;73;111;4268
264964108;72;110;4268
264988308;48;90;4268@20000101_000005_192721_imu_lsm6dso32.csv@264991557;1.0111359;0.011712;0.00488;-84;35;-98;1
265013005;42;84;4268
265034843;23;62;4264
265060243;23;62;4263
265113832;47;89;4266
265143476;47;89;4269
265164992;67;106;4269
265194057;60;100;4266
265218501;20;58;42660ower_ina226.csv@265220135;3918;495;1925;0
265243849;-15;0;4269
265266551;-42;0;4267
265292203;-17;0;4267
265319560;15;50;4269
265344207;28;68;4269
265368012;85;120;4268
265395765;122;143;4267
265416207;132;149;4267
265442700;95;126;4266
265466425;67;106;4266
265513486;-3;0;4269
265535436;-22;0;4269
265583229;-27;0;4269
265612667;-15;0;4267
265642312;-23;0;4269
265664177;-22;0;4269
265689743;-38;0;4269@20000101_000005_192721_accel_adxl375.csv@265691599;1.7639999;0.098;0.196;1
265712743;-45;0;4269
265735495;-38;0;4268
265769193;-35;0;4261
265795933;-45;0;4270
265817246;-63;0;4270
265844519;-38;0;4269
265868207;-23;0;4269
265892210;-20;0;4268
265933141;27;67;4266
265982203;12;45;4271
266004291;3;22;4271
266031869;-27;0;4270
266062588;-15;0;4267
266085576;-7;0;4267
266110266;10;41;4265
266132594;10;41;4269
266161896;-12;0;4270
266198053;-30;0;4269
266222344;-45;0;4269
266244941;-33;0;4269
266266938;-22;0;4266
266293547;-23;0;4266
266315522;-27;0;4266
266343039;-40;0;4271
266393383;-32;0;4269
266415370;-27;0;4269
266442988;-20;0;4266
266464873;-18;0;4266
266491229;-17;0;4268
266512815;-5;0;4268
266542173;-12;0;4266
266565849;-8;0;4266
266590055;23;62;4269
266614189;38;80;4269
266656182;65;104;4269
266679184;78;114;4269
266702135;75;112;4271
266723165;68;107;4271_000005_192721_imu_lsm6dso32.csv@266724285;1.014064;0.011712;0.000976;-91;35;-105;1
266746615;77;114;4266
266773674;88;122;4264
266794415;77;114;4264
266842010;93;125;4269
266866266;92;124;4269
266893834;87;121;4269
266933241;107;134;4268
266964293;115;139;4271
266988845;98;128;427@20000101_000005_192721_imu_lsm6dso32.csv@266995849;1.013088;0.00976;0.003904;-84;28;-98;1
267014343;98;128;4267
267039187;92;124;4267
267064359;100;130;4264
267086788;102;131;42@20000101_000005_192721_imu_lsm6dso32.csv@267103033;1.012112;0.01464;0.006832;-84;42;-98;1
267113029;98;128;4269
267141831;98;128;4269
267165799;125;145;4269
267190628;170;169;4269
267214775;188;178;4265
267236526;193;180;4267
267295435;153;161;4266
267317937;127;146;4266
267344475;113;138;4267
267367800;117;140;4267
267393567;128;147;4267
267415253;138;152;4267
267436122;132;149;4266
267463815;125;145;4271
267486446;142;155;4271
267508990;157;163;4268
267533065;135;151;4269
267583063;87;121;4271
267617922;72;110;4268
267642599;62;102;4268
267672247;35;77;4270
267719453;25;65;4266
267743835;32;73;4266
267768825;50;92;4266
267792395;63;103;4267
267815118;57;98;4269
267836513;68;107;4267
267862781;72;110;4267
267885287;67;106;4267
267912590;105;133;4267
267941814;122;143;4271
267968421;115;139;4265
267993290;108;135;4265
268021285;95;126;4267
268076520;83;118;4270
268112471;58;99;4266
268135622;45;87;4266
268172677;28;68;4267
268196127;33;74;4267
268218047;35;77;4266
268244092;40;82;4270
268267829;60;100;4270
268292991;72;110;4265
268316487;70;108;4270
268342379;68;107;4267
268365402;63;103;4267
268392870;58;99;4268
268418704;48;90;4267
268444540;53;94;4270
268466929;57;98;4270
268493299;53;94;4268
268518526;45;87;4268
268543928;43;85;4268
268565870;48;90;4268
268605152;52;93;4268
268628429;52;93;4269
268652975;75;112;4267
268681268;93;125;4271
268712089;80;116;4267
268741829;85;120;4270
268765800;110;136;4270
268794347;147;157;4267
268876748;132;149;4267
268902673;135;151;4268
268933705;157;163;4271
268955314;158;163;420ina226.csv@268957958;3916;523;2025;0
268983239;140;154;4267
269004980;130;148;4267
269032561;130;148;42721_laser_agl.csv@269034167;0.021;0
269072848;123;144;4271
269104091;112;137;4269
269126786;103;132;4269
269155025;97;128;4266
269194529;120;142;4269
269217502;135;151;4269
269248652;148;158;4265
269270783;150;159;4265
269293533;143;155;4269
269314570;172;170;4271
269344195;175;172;4270
269383535;165;167;4267
269412985;173;171;4268
269441862;185;177;4268
269466083;198;183;4268
269514062;212;189;4267
269544327;167;168;4269
269565629;157;163;4269
269593212;183;176;4267
269622273;188;178;4270
269652746;198;183;4267
269676077;200;184;4267
269703416;215;190;4267
269726074;205;186;4267
269762112;218;192;4267
269784487;203;185;4267
269805863;175;172;4266
269832056;225;195;4268
269855452;242;202;42@20000101_000005_192721_imu_lsm6dso32.csv@269859147;1.0111359;0.011712;0.003904;-84;42;-105;1
269877856;235;199;4268
269904246;240;201;4271
269964708;220;193;4269
269989310;252;206;4200005_192721_accel_adxl375.csv@269990755;1.7639999;0.147;0.147;1
270018910;332;237;4270
270044386;340;240;4269
270066169;317;231;4269
270094331;285;219;4265
270118514;295;223;4265
270143775;263;211;4273
270166602;330;236;4267
270194605;362;247;4273
270216100;408;262;4273
270244239;422;267;4269
270266323;423;267;4269
270291943;417;265;4270
270313941;412;264;4270
270339824;407;262;4269
270368801;382;254;4269
270406341;382;254;4267
270434706;400;260;4270
270484364;382;254;4268
270516269;355;245;4272
270542845;348;242;4269
270566330;398;259;4269
270593556;380;253;4267
270685217;218;192;4268
270709103;213;190;4268
270732991;218;192;4269
270755001;233;198;42@20000101_000005_192721_imu_lsm6dso32.csv@270757626;1.01016;0.015856;-105;70;-84;1
270778596;233;198;4270
270805131;245;203;4269
270852195;300;225;4266
270873728;297;224;4266
270896160;307;228;4269
270921108;288;220;4272
270942354;288;220;4269
270967579;232;198;4269
270989957;242;202;4272
271011294;232;198;4268
271042316;180;174;4267
271065692;175;172;4267
271089255;163;166;4271
271112566;137;152;4266
271143939;138;152;4267
271166789;177;173;4269
271192327;212;189;4268
271214411;262;210;4268
271263593;280;217;4271
271287215;272;214;4271
271314601;283;219;4267
271346922;318;232;4268
271368671;342;240;4268
271393209;340;240;4270
271422386;348;242;4268
271445038;345;241;4268
271466869;350;243;4267
271492872;338;239;4269
271517438;335;238;4269
271543036;310;229;4269
271565367;303;226;4269
271593754;308;228;4266
271617215;323;233;4266
271664497;298;224;4270
271696127;293;222;4267
271721739;283219;4271
271743146;288;220;4271
271765056;288;220;4269
271793045;298;224;4267
271816123;310;229;4267
271837842;323;233;4271
271863572;328;235;4269
271885437;370;250;4269
271913506;393;258;4268
271942724;373;251;4267
271963813;365;248;4267
271987485;375;252;4269
272012901;347;242;4269
272042390;372;251;4268
272082211;387;256;4269
272107642;412;264;4269
272132182;443;274;4269
272154625;432;270;4266
272177931;438;272;4268
272206750;405;262;4268
272228004;403;261;4268
272276282;408;262;4273
272299383;402;261;4271
272320509;355;245;4268
272352309;373;251;4267
272376687;390;257;4270
272403377;422;267;4269
272432518;422;267;4272
272494721;420;266;4269
272519263;427;269;4269
272574316;475;283;4268
272601460;435;271;4268
272652049;423;267;4263
272682640;450;276;421e;0;0;0
272742239;443;274;4269
272770485;448;275;4269
272795101;445;274;4269
272817652;440;273;4267
272852219;467;281;4267
272882303;448;275;4269
272912124;428;269;4267
273008338;378;253;4271
273034831;380;253;4272
273056277;353;244;42@20000101_000005_192721_imu_lsm6dso32.csv@273060764;1.014064;0.011712;0.00488;-84;21;-112;1
273083174;382;254;4270
273118037;387;256;4270
273143661;403;261;4269
273165958;425;268;4269
273193640;408;262;4269
273215940;403;261;4269
273244274;390;257;4271
273267399;383;254;4271
273290039;400;260;42@20000101_000005_192721_imu_lsm6dso32.csv@273292208;1.01016;0.005856;0.002928;-84;56;-91;1
273314212;410;263;4268
273346116;390;257;4271
273373941;385;255;4267
273443967;348;242;4269
273465934;360;247;4269
273493860;408;262;4269
273515095;435;271;4269
273577187;393;258;4267
273599046;393;258;4270
273620788;383;254;4270
273655378;412;264;4272
273677606;395;258;4272
273703334;470;282;4272
273725450;497;290;4272
273763767;497;290;4269
273787256;518;296;42@20000101_000005_192721_imu_lsm6dso32.csv@273792133;1.0111359;0.011712;0.003904;-105;42;-98;1
273817868;478;284;4274
273865901;418;266;4271
273906466;342;240;4268
273937443;438;272;4268
273962200;438;272;4268
273986487;440;273;421s32.csv@273987587;1.016016;0.007808;0.003904;-98;42;-98;1
274012790;432;270;4268
274042207;520;296;4271
274073955;483;286;4270
274113172;525;298;4267
274142593;528;299;4269
274166487;512;294;4269
274194790;462;279;4271
274216206;453;277;4271
274237711;475;283;4270
274265146;465;280;4268
274307074;452;276;4269
274334887;425;268;4268
274384582;460;279;4272
274414273;518;296;4270
274443933;445;274;4270
274467480;407;262;4270
274490602;347;242;42@20000101_000005_192721_imu_lsm6dso32.csv@274493028;1.012112;0.003904;0.005856;-84;35;-98;1
274514341;353;244;4271
274553232;267;212;4273
274576086;212;189;4269
274613144;237;200;4266
274641749;263;211;4270
274665025;302;226;4270
274694204;328;235;4272
274725934;327;235;4270
274774479;372;251;4269
274805629;387;256;4272
274834176;390;257;4267
274884607;440;273;4267
274905248;430;269;4267
274932576;435;271;4268
274976782;440;273;4267
275002333;417;265;4270
275032001;405;262;4271
275056253;420;266;42@20000101_000005_192721_accel_adxl375.csv@275059157;1.7639999;0.098;0.196;1
275082539;402;261;4272
275103595;397;259;4272
275126055;397;259;4271
275153175;375;252;4268
275177281;362;247;4268
275215706;335;238;4269
275244450;352;244;4270
275265858;352;244;4270
275295373;317;231;4271
275328673;350;243;4269
275352424;348;242;4269
275374487;287;220;4269
275396295;278;217;4267
275420947;342;240;4269
275443486;327;235;4271
275466820;395;258;4271
275494753;410;263;4269
275518776;367;249;4269
275543711;333;237;4271
275566489;293;222;4268
275588451;267;212;42@20000101_000005_192721_imu_lsm6dso32.csv@275591783;1.0150399;0.010736;0.00488;-56;42;-112;1
275627603;243;202;4268
275652702;243;202;4268
275676084;233;198;4271
275702863;243;202;4269
275727722;243;202;4269
275775983;220;193;4269
275812188;285;219;4267
275842149;247;204;4268
275864723;143;155;4268
275890970;102;131;4270
275943559;312;229;4267
275967947;288;220;4271
275995009;270;213;4272
276043415;170;169;4266
276065051;207;187;4266
276087990;287;220;4269
276113105;325;234;4267
276142085;318;232;4274
276165108;345;241;4274
276192328;312;229;4270
276214543;340;240;4270
276242765;290;221;4274
276265132;273;215;4274
276342425;170;169;4272
276365499;200;184;4270
276388352;262;210;4269
276412844;280;217;4268
276464804;297;224;4269
276495590;312;229;4269
276516463;332;237;4269
276542046;278;217;4270
276563946;283;219;4270
276593080;250;205;4268
276643633;212;189;4271
276682259;255;207;4270
276718296;252;206;4271
276742161;297;224;4271
276764033;357;245;4271
276786060;322;233;4270
276812645;288;220;4270
276843727;337;238;4273
276866832;307;228;4273
276892981;245;203;4268
276934582;268;213;4271
276960824;303;226;4268
276984589;398;259;4268
277005958;483;286;4273
277034242;417;265;4270
277055666;395;258;42@20000101_000005_192721_accel_adxl375.csv@277058189;1.813;0.098;0.147;1
277081677;412;264;4268
277104551;373;251;4268
277131733;378;253;4270
277162442;418;266;4270
277183813;447;275;4270
277213028;408;262;4269
277235845;372;251;4269
277263310;397;259;4267
277284855;433;270;4267
277308008;487;287;4268
277376429;220;193;4272
277397478;203;185;4269
277418457;173;171;4269
277454819;142;155;4265
277475625;213;190;4265
277497193;233;198;4266
277552081;245;203;4273
277576033;177;173;4273
277603069;158;163;4267
277624637;257;208;4267
277653861;262;210;4273
277674873;215;190;4273
277701472;287;220;4272
277732979;97;128;4265
277779188;12;45;4271
277801201;-17;0;4273
277823532;22;61;4272
277846098;30;71;4270
277883389;35;77;4271
277906189;38;80;4271
277933137;102;131;4271
277955766;105;133;42@20000101_000005_192721_imu_lsm6dso32.csv@277958742;1.0111359;-0.001952;0.002928;-70;14;-154;1
277985634;83;118;4270
278013707;102;131;4273
278042374;233;198;4272
278067970;203;185;4269
278094321;210;188;4273
278116284;223;194;4273
278142887;180;174;4267
278166018;165;167;4267
278216643;105;133;4267
278243676;155;162;4270
278265340;222;193;4270
278294155;168;168;4264
278315590;132;149;4264
278376610;373;251;4267
278403969;397;259;4271
278434236;422;267;4273
278464147;378;253;4271
278519078;227;196;4269
278543779;233;198;4269
278566665;412;264;4273
278594201;440;273;4270
278619469;425;268;4270
278647445;367;249;4269
278695535;445;274;4272
278719205;500;291;4272
278747285;468;281;4266
278769466;367;249;4266
278815874;153;161;4269
278842992;93;125;4270
278865443;130;148;4270
278893668;107;134;4270
278915554;175;172;4270
278943225;150;159;4270
278965247;173;171;4270
278992843;183;176;4272
279014780;152;160;4272
279042971;98;128;4267
279072382;98;128;4267
279094732;173;171;4267
279140779;160;164;4271
279162260;125;145;4269
279188761;1.csv@279191812;1.7639999;0.098;0.147;1
279209472;120;142;4272
279233350;65;104;4273
279258685;42;84;4268
279279612;63;103;4272
279300807;78;114;4271
279321390;98;128;4270
279345849;128;147;4272
279367392;115;139;4269
279393586;85;120;4267
279414699;57;98;4267
279444846;75;112;4271
279466164;62;102;4271
279510436;40;82;42712_baro_icp10111.csv@279515329;-21.962582;37.170104;101589.08;2.7182388
279534435;30;71;4271
279567844;93;125;4269
279591543;118;141;4269
279618702;173;171;4268
279643069;187;178;4268
279665765;157;163;4273
279694852;163;166;4269
279723955;127;146;4268
279753964;110;136;4269
279778374;115;139;4269
279800768;107;134;4270
279824935;107;134;4271
279853831;127;146;42@20000101_000005_192721_imu_lsm6dso32.csv@279858519;1.012112;0.016592;0.011712;-63;70;-105;1
279883732;148;158;428015616;-91;21;-98;1
279906045;145;156;4269
279933060;175;172;4269
279963169;165;167;4268
280013823;167;168;4273
280044971;247;204;4272
280067924;263;211;4270
280093450;320;232;4273
280118110;322;233;4273
280176252;330;236;4273
280205215;368;249;4274
280228737;430;269;4274
280250327;507;293;4272
280273043;520;296;4271
280295748;485;286;4270
280319597;465;280;4271
280343239;413;264;4271
280366732;438;272;4272
280419130;405;262;4269
280454340;487;287;4268
280475789;518;296;4268
280502427;530;299;4268
280533278;487;287;4268
280583643;460;279;4270
280606173;415;265;4270
280633589;378;253;4270
280657547;348;242;42@20000101_000005_192721_accel_adxl375.csv@280660056;1.7639999;0.098;0.147;1
280684004;400;260;4268
280706342;405;262;4268
280735038;422;267;4271
280781577;558;307;4271
280803024;453;277;4273
280832344;413;264;4266
280913547;408;262;4268
280942585;398;259;4269
280966961;388;256;4269
280992975;372;251;4274
281014385;327;235;4274
281043092;387;256;4270
281064829;377;252;4270
281093807;327;235;4271
281114799;322;233;4271
281177633;310;229;4269
281204150;325;234;4270
281227002;302;226;4270
281249335;318;232;4271
281271670;340;240;4270
281313049;377;252;4270
281337672;387;256;4270
281365677;397;259;4272
281388586;395;258;4272
281415110;382;254;4269
281443570;418;266;4270
281465912;477;284;4270
281490556;543;303;4273
281513159;537;301;4270
281542732;518;296;4269
281566026;513;294;4269
281589361;473;283;420m6dso32.csv@281591611;1.0150399;0.01952;-0.000976;-28;-7;-147;1
281644822;498;290;4272
281666685;515;295;4272
281693639;472;282;4275
281739454;383;254;4275
281767897;377;252;4273
281795241;388;256;4268
281819841;417;265;4268
281876440;440;273;4271
281904571;427;269;4268
281938586;470;282;4271
281965806;452;276;4273
282019347;402;261;4268
282045341;450;276;4270
282081776;457;278;4269
282102299;438;272;4269
282136338;467;281;4273
282157643;455;277;4273
282193849;422;267;4274
282219059;402;261;4274
282240111;398;259;4271
282266790;408;262;4271
282288179;433;270;421@20000101_000005_192721_imu_lsm6dso32.csv@282291748;1.013088;0.01952;0.006832;-161;63;-49;1
282315303;395;258;4273
282343582;377;252;4270
282365790;368;249;4270
282389940;380;253;42@20000101_000005_192721_baro_icp10111.csv@282391869;-21.89388;37.186128;101588.22;2.7869396
282414222;398;259;4270
282443374;388;256;4270
282465831;402;261;4270
282488876;442;273;42@20000101_000005_192721_accel_adxl375.csv@282490579;1.813;0.098;0.196;1
282516145;452;276;4270
282539363;455;277;4270
282565207;447;275;4274
282637667;348;242;4272
282663531;305;227;4273
282685760;345;241;4273
282718649;377;252;4272
282744474;363;248;4273
282768506;387;256;4273
282794943;400;260;4272
282819368;360;247;4272
282854429;372;251;4272
282878271;337;238;4272
282913186;267;212;4269
282934725;288;220;4269
282964196;310;229;4270
282986850;283;219;42@20000101_000005_192721_baro_icp10111.csv@282991769;-21.936158;37.183456;101588.78;2.7446632
283015096;315;231;4272
283037474;335;238;4272
283076590;358;246;4273
283115267;345;241;4271
283143713;373;251;4269
283166127;378;253;4269
283189461;338;239;42@20000101_000005_192721_accel_adxl375.csv@283191732;1.7149999;0.098;0.196;1
283215245;303;226;4275
283241079;328;235;4271
283265134;305;227;4271
283286740;298;224;42@20000101_000005_192721_laser_agl.csv@283291704;0.022;0
283308413;367;249;4271
283344891;398;259;4275
283368269;400;260;4275
283394311;415;265;4266
283418664;433;270;4266
283443773;428;269;4272
283466252;370;250;4275
283520953;375;252;4270
283547072;352;244;4268
283569573;365;248;4268
283594301;352;244;4271
283622762;358;246;4272
283682980;272;214;4272
283713275;202;185;4275
283735655;198;183;4275
283764707;240;201;4271
283794408;303;226;4272
283817983;377;252;4272
283844394;317;231;4270
283866090;307;228;4270
283890680;332;237;4269
283914707;303;226;4273
283964999;267;212;4272
283996354;267;212;4271
284017487;320;232;4271
284039598;367;249;4272
284065490;293;222;4271
284088595;237;200;42747;0.196;1
284115417;258;209;4270
284144124;278;217;4273
284165878;257;208;4273
284193758;283;219;4273
284219369;330;236;4271
284244254;320;232;4271
284265851;303;226;4275
284291634;273;215;4275
284315148;255;207;4275
284356231;212;189;4269
284380183;175;172;4269
284405403;190;179;4266
284426489;227;196;4274
284454933;212;189;4273
284478946;193;180;4273
284503713;165;167;4269
284533023;187;178;4271
284564018;198;183;4272
284618301;250;205;4271
284643848;267;212;4273
284664753;270;213;4273
284690192;252;206;4277
284714383;237;200;4277
284784658;257;208;4273
284835749;248;205;4275
284885071;250;205;4273
284907037;305;227;4273
284941765;443;274;4271
284964666;395;258;4271
285014084;382;254;4273
285044265;323;233;4266
285069114;323;233;4266
285095942;315;231;4270
285117940;342;240;4270
285143882;382;254;4273
285164846;355;245;4273
285193558;335;238;4273
285238588;322;233;4273
285267966;388;256;4273
285297211;412;264;4267
285319466;363;248;4267
285346169;345;241;4276
285369235;352;244;4276
285396449;358;246;4274
285417919;307;228;4274
285479148;363;248;4274
285504864;345;241;4275
285565034;375;252;4269
285588854;342;240;42@20000101_000005_192721_imu_lsm6dso32.csv@285592231;1.01016;0.00488;0.008784;-63;49;-98;1
285610369;375;252;4272
285634362;400;260;4272
285666484;393;258;4272
285713887;373;251;4272
285749583;368;249;4271
285773149;367;249;4271
285800545;387;256;4271
285872012;332;237;4273
285896176;298;224;4270
285919441;302;226;4272
285944425;272;214;4270
285969016;307;228;4271
285994743;290;221;4271
286019850;285;219;4271
286050109;287;220;4275
286072021;293;222;4275
286096509;310;229;4273
286137291;338;239;4271
286166334;357;245;4273
286198903;367;249;4272
286222017;357;245;42@20000101_000005_192721_accel_adxl375.csv@286227111;1.813;0.049;0.196;1
286246103;363;248;4274
286268359;362;247;4276
286291088;340;240;4275
286315760;343;241;4272
286336148;410;263;4272
286364427;375;252;4273
286387589;347;242;4273
286415162;357;245;4275
286447564;313;230;4273
286468959;252;206;4273
286494666;303;226;4271
286534811;250;205;4269
286561219;218;192;4271
286586526;192@20000101_000005_192721_imu_lsm6dso32.csv@286595438;1.014064;0.00976;-0.000976;-35;-7;-140;1
286607267;242;202;4274
286634430;332;237;4269
286684049;350;243;4272
286705711;360;247;4272
286741671;383;254;4276
286765506;372;251;4276
286796060;420;266;4272
286817108;440;273;4272
286876528;435;271;4273
286897898;425;268;4273
286918179;423;267;4273
286971985;360;247;4273
286996921;332;237;4273
287019242;358;246;4271
287073932;372;251;4270
287097852;370;250;4272
287119189;348;242;4271
287177544;243;202;4272
287204887;263;211;4273
287226782;265;211;4273
287261420;248;205;4268
287309314;282;218;4269
287333565;263;211;4270
287379887;282;218;4271
287420961;287;220;4272
287445980;238;200;4272
287469369;222;193;4274
287496090;225;195;4272
287535252;247;204;4272
287559312;237;200;4273
287581225;152;160;4274
287605688;173;171;4268
287635179;130;148;4272
287684834;233;198;4271
287706502;203;185;4271
287734038;217;191;4273
287785213;168;168;428000005_192721_baro_icp10111.csv@287789964;-21.97315;37.20215;101589.18;2.7076702
287813342;152;160;4269
287865295;145;156;4273
287890584;142;155;42@20000101_000005_192721_imu_lsm6dso32.csv@287892960;1.012112;0.031232;0.003904;-56;42;-126;1
287911085;107;134;4275
287938766;133;150;4274
287966653;157;163;4269
287988231;147;157;4269
288014670;150;159;4269
288035860;160;164;4269
288067847;165;167;4275
288094086;147;157;4271
288118490;167;168;4271
288145835;153;161;4275
288167447;148;158;4275
288194662;152;160;4271
288253725;142;155;4272
288284204;137;152;4272
288344227;125;145;4272
288366371;127;146;4272
288396076;140;154;4271
288428365;120;142;4273
288451157;85;120;4271
288473053;98;128;4273
288495896;112;137;4272
288517527;123;144;4271
288544635;113;138;4270
288565624;103;132;4270
288616177;93;125;4272
288644017;128;147;4271
288686502;153;161;4271
288711220;150;159;4271
288732697;168;168;4274
288766904;197;182;4273
288790793;195;181;42@20000101_000005_192721_imu_lsm6dso32.csv@288792584;1.009184;0.00488;0.00488;-77;63;-91;1
288816562;175;172;4271
288845352;223;194;4271
288867178;273;215;4271
288894718;233;198;4271
288919624;193;180;4271
288946515;212;189;4271
288970525;218;192;4271
288992150;188;178;4275
289016769;177;173;4271
289037790;193;180;4273
289065112;173;171;4270
289109674;152;160;4273
289141728;185;177;4277
289162747;188;178;4270
289183235;198;183;4274
289208554;217;191;4274
289229184;187;178;4274
289256246;178;173;4275
289279785;145;156;4275
289306380;113;138;4270
289328431;145;156;4270
289356982;180;174;4272
289380573;153;161;4272
289407409;135;151;4270
289429121;158;163;4270
289476696;88;122;4270
289537648;82;117;4274
289561004;77;114;4274
289609169;75;112;4277
289643447;57;98;4272
289666083;42;84;4272
289714774;78;114;4272
289737619;148;158;4273
289785254;117;140;4270
289807633;128;147;4270
289845578;100;130;4271
289867284;98;128;4271
289896967;90;123;4270
289919159;127;146;4270
289945536;122;143;4271
290014838;105;133;4270
290035930;82;117;4270
290065613;107;134;4272
290090855;157;163;4272
290114773;185;177;4271
290145124;207;187;4273
290167776;225;195;4273
290195402;192;180;4275
290217277;198;183;4275
290244005;200;184;4270
290266254;212;189;4270
290290532;223;194;42@20000101_000005_192721_accel_adxl375.csv@290292265;1.7639999;0.147;0.147;1
290316035;198;183;4273
290339000;192;180;4273
290365965;205;186;4271
290407752;210;188;4272
290436043;178;173;4273
290462549;185;177;4272
290489608;175;172;4273
290515568;180;174;4273
290548381;177;173;4270
290573070;173;171;4270
290598573;163;166;4276
290648189;173;171;4273
290678065;168;168;4275
290704729;148;158;4272
290734702;153;161;4270
290757424;182;175;4270
290784137;263;211;4275
290810027;267;212;4271
290861320;268;213;4274
290886485;273;215;42@20000101_000005_192721_imu_lsm6dso32.csv@290892440;1.014064;0.011712;0.001952;-56;49;-112;1
290918592;258;209;4271
290945223;228;196;4275
290970985;210;188;4273
290995663;187;178;4273
291016745;190;179;4277
291044368;197;182;4273
291068159;225;195;4273
291095617;242;202;4272
291134132;232;198;4273
291178749;205;186;4273
291206749;188;178;4271
291228145;167;168;4271
291256062;150;159;4271
291307818;155;162;4272
291331679;152;160;4272
291356003;163;166;42lsm6dso32.csv@291357627;1.01016;0.007808;0.001952;-70;42;-105;1
291385600;138;152;42a.7639999;0.147;0.196;1
291409167;118;141;4275
291438049;127;146;4274
291465201;132;149;4275
291487485;118;141;4275
291518196;98;128;4277
291548294;107;134;4271
291572367;107;134;4271
291597604;100;130;4270
291620542;110;136;4273
291648152;113;138;4275
291672498;105;133;4275
291695218;107;134;4273
291719538;103;132;4273
291746169;98;128;4275
291796183;92;124;4272
291818012;90;123;4272
291839815;82;117;4276
291862445;82;117;4274
291888786;82;117;4274
291909152;85;120;4274
291938240;78;114;4271
291965891;65;104;4272
291989149;60;100;4272
292010571;62;102;4275
292036052;55;96;4273
292066870;40;82;4272
292111136;2;18;4275
292136017;-8;0;4273
292160786;-18;0;4273
292202125;-2;0;4273
292227962;32;73;4276
292250583;53;94;4276
292273358;62;102;4273
292297277;52;93;4273
292350007;47;89;4273
292372299;67;106;4273
292396198;73;111;4274
292419612;67;106;4277
292449995;13;46;4276
292473716;0;0;4276
292495495;37;79;4273
292526544;52;93;4273
292556018;52;93;4273
292577945;37;79;4273
292617934;28;68;427@20000101_000005_192721_imu_lsm6dso32.csv@292625225;1.014064;0.00976;0.002928;-77;28;-119;1
292645554;37;79;4272
292668113;32;73;4272
292695231;38;80;4276
292720117;52;93;4276
292754568;27;67;4273
292776840;22;61;4273
292798928;23;62;4275
292832122;15;50;4275
292858580;30;71;4275
292885803;40;82;42719csv@292889023;1.7639999;0.147;0.196;1
292909423;27;67;4271
292935789;23;62;4273
292962072;28;68;4272
292984801;37;79;4272
293007182;23;62;4273
293055823;12;45;4274
293078169;13;46;4274
293100874;10;41;4273
293122738;5;29;4273
293148166;-2;0;4276
293174745;-5;0;4271
293197581;-5;0;4271
293219189;12;45;4274
293244308;32;73;4274
293268415;30;71;4274
293296471;30;71;4270
293350335;27;67;4273
293375751;28;68;4275
293408553;58;99;4275
293434945;78;114;4272
293480102;92;124;42733088;0.013664;0.00488;-63;35;-112;1
293508011;95;126;4272
293529613;83;118;4272
293557270;87;121;4274
293578522;70;108;4274
293605591;60;100;4275
293656353;60;100;4274
293678174;48;90;4274
293705848;48;90;4277
293730253;43;85;4277
293755431;27;67;4272@20000101_000005_192721_accel_adxl375.csv@293758257;1.7639999;0.098;0.196;1
293776783;25;65;4274
293816314;30;71;4272
293838267;8;36;4272
293866311;8;36;4273
293895505;3;22;4273
293948106;28;68;4274
293969910;25;65;4274
293995523;17;53;4275
294017274;12;45;4275
294040306;10;41;4275
294069089;3;22;4272
294090469;-3;0;4272
294111109;-2;0;4273
294137128;-2;0;4273
294162299;3;22;4273
294186788;3;22;4273
294208287;12;45;4273
294235303;12;45;4273
294285037;2;18;4276
294307085;-3;0;4276
294345918;7;34;4277
294372284;0;0;4271
294396550;10;41;4271
294417943;-2;0;4280
294444994;15;50;4272
294468580;15;50;4272
294495280;-3;0;4271
294519432;-7;0;4271
294545674;-18;0;4275
294608389;2;18;4272
294629783;10;41;4273
294664421;5;29;4273
294688545;12;45;4273
294718167;-7;0;4274
294767669;-7;0;4275
294797366;5;29;4276
294819189;-2;0;4276
294846050;-2;0;4276
294868661;-3;0;4276
294895356;5;29;4277
294920940;10;41;4275
294978341;-30;0;4277
295008572;-53;0;4271
295035153;-48;0;4277
295056700;-58;0;4277@20000101_000005_192721_imu_lsm6dso32.csv@295059740;1.009184;0.011712;0.00488;-84;42;-98;1
295079608;-48;0;4273
295105741;-50;0;4275
295134465;-50;0;4275
295185272;-45;0;4274
295225693;-8;0;4274
295248838;-3;0;4274
295271366;15;50;4278
295296334;-10;0;4277
295319107;-43;0;4277
295344053;-38;0;4277
295367299;-50;0;4275
295389291;-32;0;4274
295445581;-52;0;4275
295469653;-58;0;4275
295498199;-75;0;4279
295530554;-72;0;4275
295558229;-70;0;4275
295585292;-70;0;4273a;.02;0@20000101_000005_192721_accel_adxl375.csv@295588584;1.7639999;0.098;0.196;1
295607850;-68;0;4273
295681256;-35;0;4274
295703301;-38;0;4274
295727376;-57;0;4274
295753086;-93;0;4275
295776464;-103;0;4275
295799830;-98;0;4277
295821153;-90;0;4277
295849158;-62;0;4277
295875536;-57;0;4273
295904654;-55;0;4272
295928098;-63;0;4272
295962103;-52;0;4275
295986084;-47;0;4275
296018454;-30;0;4275
296045362;-35;0;4274
296069550;-32;0;4274
296115499;-82;0;4277
296139823;-87;0;4273
296164159;-17;0;4277
296188502;-22;0;4274@20000101_000005_192721_imu_lsm6dso32.csv@296191577;1.01016;0.00976;0.001952;-84;35;-98;1
296210361;-93;0;4276
296235152;-117;0;4273
296258991;-122;0;4272
296282036;-145;0;4276
296306596;-137;0;4278
296327901;-135;0;4276
296349350;-85;0;4278
296372346;-60;0;4275
296396771;-60;0;4275
296420085;-93;0;4274
296441150;-10;0;4274
296466643;-5;0;4274
296521230;-18;0;4276
296546473;-32;0;4274
296568963;-20;0;4274
296594417;-12;0;4275
296625070;-2;0;4272
296658590;-27;0;4270
296689391;-35;0;4273
296717455;-37;0;4272
296745091;-58;0;4274
296767322;5;29;4274
296794477;8;36;4275
296828592;47;89;4275
296881971;87;121;4273
296909475;62;102;4273
296957699;30;71;4274
296981524;45;87;4274
297008120;73;111;4276
297032376;87;121;4276
297058264;58;99;4277
297115738;23;62;4275
297144354;37;79;4273
297171547;50;92;4275
297196923;53;94;4272
297219114;57;98;4272
297241222;53;94;4273
297266721;48;90;4275
297288451;52;93;42750_192721_imu_lsm6dso32.csv@297291931;1.012112;0.013664;0.003904;-56;28;-126;1
297309254;28;68;4277
297344664;5;29;4278
297370304;2;18;4279
297415186;-27;0;4273
297447101;68;107;4270
297469439;107;134;4274
297496786;120;142;4278
297519048;147;157;4278
297548296;158;163;4271
297572132;190;179;4271
297595223;185;177;4276
297616747;152;160;4272
297676626;157;163;4274
297697883;182;175;4278
297729620;163;166;4275
297758208;180;174;4273
297786839;178;173;4275
297809248;163;166;4275
297847240;170;169;4275
297875287;187;178;4277
297902705;172;170;4273
297923209;157;163;42@20000101_000005_192721_imu_lsm6dso32.csv@297928082;1.014064;0.011712;0.00488;-35;7;-126;1
297950718;172;170;4271
297974798;190;179;4271
297997261;208;187;4273
298047443;227;196;4274
298078004;245;203;4272
298106191;263;211;4271
298135114;277;216;4273
298157099;290;221;42@20000101_000005_192721_imu_lsm6dso32.csv@298161079;1.013088;0.00976;0.005856;-105;56;-84;1
298185248;293;222;420192721_laser_agl.csv@298186840;0.022;1
298208640;333;237;4275
298233583;352;244;4275
298278748;342;240;4275
298308134;332;237;4276
298329685;332;237;4276
298350351;320;232;4272
298371734;323;233;4273
298394812;283;219;4272
298419840;@20000101_000005_192721_accel_adxl375.csv@298426502;1.7639999;0.147;0.244999984;1
298446566;265;211;4277
298469571;273;215;4277
298494746;252;206;4275
298520735;220;193;4274
298574966;250;205;4273
298597835;225;195;4276
298619324;215;190;4271
298644520;180;174;4277
298704914;257;208;4272
298735098;230;197;4275
298758948;225;195;4275
298788129;207;187;4277
298816319;255;207;4276
298837557;283;219;4276
298861092;280;217;4273
298886389;263;211;4273
298916748;262;210;4277
298946702;297;224;4278
298968637;277;216;4278
298994980;287;220;4277
299019079;252;206;4277
299044777;293;222;4280
299069261;333;237;4280
299108735;335;238;4274
299139955;328;235;4277
299167199;323;233;4273
299191918;303;226;4273
299215467;283;219;4277
299237320;278;217;4277
299259556;267;212;4273
299287467;288;220;4275
299310565;320;232;4275
299334756;293;222;4275
299388846;330;236;4273
299414836;318;232;4273
299435889;277;216;4273
299465353;275;215;4275
299490101;277;216;4275
299518438;287;220;4276
299576730;393;258;4278
299604638;392;257;4277
299631225;375;252;4274
299678329;345;241;4275
299716015;338;239;4277
299741693;343;241;4275
299765649;340;240;4275
299820078;298;224;4275
299848161;303;226;4276
299871382;293;222;4276
299894636;323;233;4272
299926250;330;236;4275
299951029;345;241;4275
299976525;373;251;4279
300020458;395;258;4274
300046139;383;254;4275
300069375;348;242;4275
300098820;302;226;4277
300127291;293;222;4274
300156307;228;4275
300179264;317;231;4275
300205694;317;231;4273
300228354;342;240;4273
300258955;357;245;4280
300282668;355;245;4280
300311434;360;247;4275
300336438;377;252;4275
300367856;397;259;4278
300389499;420;266;4280
300416518;385;255;4277
300437332;380;253;4277
300485665;387;256;4275
300507953;387;256;4275
300534885;323;233;4275
300565303;287;220;4276
300587723;282;218;4276
300644488;350;243;4274
300668723;367;249;4274
300694913;372;251;4275
300718741;363;248;4275
300746184;348;242;4280
300767771;345;241;4280
300796442;342;240;4272
300820868;370;250;4272
300846106;358;246;4273
300868115;343;241;4275
300891919;338;239;4274
300933238;338;239;4275
300967788;312;229;4272
300994791;310;229;4272
301018881;345;241;4272
301045950;273;215;4273
301069234;265;211;4273
301095601;332;237;4271
301119269;347;242;4271
301144924;327;235;4274
301168513;328;235;4274
301195341;362;247;4276
301216954;405;262;4276
301245390;473;283;4275
301269441;478;284;4275
301296192;453;277;4275
301345256;303;226;4276
301366301;313;230;4276
301412121;305;227;4276
301437859;290;221;4277
301458313;287;220;4277
301480171;313;230;4275
301506251;283;219;4277
301532729;243;202;4277
301555745;272;214;42@20000101_000005_192721_imu_lsm6dso32.csv@301559174;1.013088;0.000976;0.0;-91;21;-112;1
301579376;243;202;4276
301606546;138;152;4277
301631041;107;134;4277
301659035;50;92;4281
301681004;55;96;4281
301702800;55;96;4276
301758049;60;100;4277
301814293;77;114;4276
301835654;148;158;4276
301864202;258;209;4276
301889188;232;198;427@2005_192721_baro_icp10111.csv@301890474;-21.867458;37.271576;101587.912;2.8133622
301918304;225;195;4278
301945738;213;190;4279
301969105;193;180;4279
301996690;227;196;4275
302020497;242;202;4275
302052540;210;188;4279
302077404;152;160;4275
302098395;115;139;4275
302120795;90;123;4277212243;0.021;1
302144840;77;114;4275
302166282;58;99;4279
302224387;22;61;4276
302248323;42;84;4276
302269840;60;100;4278
302294717;80;116;4278
302318528;102;131;4277
302345347;105;133;4275
302367039;105;133;4275
302394767;68;107;4274
302475832;32;73;4276
302497728;35;77;4278
302522400;67;106;4275
302544310;82;117;4276
302566602;95;126;4273
302596036;92;124;4275
302637652;97;128;4277
302668084;92;124;4273
302716279;113;138;4273
302745468;88;122;4278
302766919;73;111;4278
302794528;20;58;4279
302844364;-13;0;4276
302866709;-30;0;4277
302894628;-35;0;4276
302918701;-45;0;4276
302984363;-20;0;4277
303007237;-3;0;4277
303028329;28;68;4277
303054541;50;92;42751_laser_agl.csv@303056132;0.023;0
303115275;55;96;4276
303149744;52;93;4275
303177225;67;106;4277
303205772;67;106;4274
303228193;58;99;4274
303253097;92;124;4279
303277373;75;112;4277
303307527;78;114;4276
303333170;117;140;4279
303364800;145;156;4276
303387611;157;163;4275
303421598;142;155;4277
303448868;182;175;4271
303470476;237;200;4271
303495388;240;201;4275
303542427;148;158;4274
303565664;132;149;4274
303586460;145;156;4276
303608883;133;150;4278
303629069;115;139;4278
303659645;112;137;4275
303681069;110;136;4275
303708385;100;130;4277
303734446;92;124;4275
303760143;97;128;4277
303785289;108;135;4277
303818270;127;146;4274
303847321;128;147;4276
303871193;133;150;4276
303894767;125;145;4278
303918666;132;149;4279
304040656;157;163;4279
304063027;163;166;4275
304090466;178;173;4276
304111279;185;177;4276
304138763;143;155;4276
304165131;112;137;4277
304189707;105;133;4277
304214110;83;118;4275
304237526;65;104;4275
304261149;58;99;4275
304287884;82;117;4279
304308351;95;126;4279
304334762;85;120;4277
304357743;155;162;4277
304386786;188;178;42v;0.013664;0.011712;-98;21;-112;1
304429294;188;178;4277
304457240;137;152;4277
304482859;65;104;4278
304506726;122;143;4278
304533746;323;233;4277
304564042;358;246;4273
304593897;352;244;4281
304619771;242;202;4280
304644034;235;199;4280
304665640;220;193;4275
304694200;357;245;4276
304732965;560;308;4274
304778725;643;330;4274
304804142;637;328;4277
304833787;587;315;4275
304860998;517;296;4275
304938105;525;298;4277
304964403;598;318;4279
304994494;645;330;4277
305018639;625;325;4277
305044101;627;325;4277
305067054;622;324;4277
305094648;608;321;4276
305118901;613;322;4276
305145944;607;320;4274
305171666;648;331;4277
305195151;643;330;4277
305223734;683;340;4274
305246613;675;338;4274
305269032;680;339;4277
305325727;680;339;4281
305349542;695;343;4281
305371754;748;356;4277
305394701;892;388;4280
305418797;732;352;4275
305444307;867;383;4277
305466895;943;399;4275
305494112;872;384;4275
305577234;743;354;4276
305598626;767;360;4277
305620744;775;362;4274
305645078;713;347;4278
305668864;705;345;4279
305694935;608;321;4274
305716333;560;308;4274
305777727;530;299;4278
305806574;463;280;4275
305832867;463;280;4276
305854839;450;2.csv@305857611;0.023;1
305878403;433;270;4277
305904541;447;275;4276
305926131;530;299;4276
305958817;527;298;4274
306012764;422;267;4273
306033641;428;269;4280
306078123;448;275;4279
306115693;462;279;4276
306176380;453;277;4276
306229921;438;272;4277
306256247;468;281;4276
306281426;462;279;4276
306303549;482;285;4275
306333871;495;289;4277
306386421;558;307;4276
306414932;565;309;4279
306444113;522;297;4280
306467964;538;301;4280
306491175;543;303;42@20000101_000005_192721_imu_lsm6dso32.csv@306494007;1.013088;0.016592;-0.000976;-126;14;-63;1
306514687;568;310;4277
306535848;630;326;4274
306566162;628;326;4276
306589039;675;338;4276@20000101_000005_192721_accel_adxl375.csv@306591051;1.7639999;0.96;1
306615823;865;382;4274
306645907;857;381;4274
306697818;773;361;4277
306729773;703;345;4277
306755171;642;329;4277
306777969;655;333;4277
306804838;673;337;4277
306832961;670;336;4278
306854950;642;329;4278
306877553;650;331;4279
306904931;615;322;4277
306935263;600;318;4279
306957211;527;298;4279
306979410;487;287;4277
307006853;507;293;4276
307034346;487;287;4278
307078259;457;278;4276
307124345;367;249;4278
307150897;307;228;4280
307174464;253;207;4280
307195811;210;188;4275
307217132;157;163;4277
307240610;178;173;4281
307275965;130;148;4280
307298887;112;137;4280
307321100;108;135;420aro_bmp280.csv@307322740;-30.824768;37.95;101695.8;5.012394
307348330;57;98;4279
307371180;30;71;4279
307394840;77;114;4277
307416056;123;144;4276
307445354;153;161;4277
307495736;175;172;4278
307517402;183;176;4278
307540650;150;159;4280
307566182;150;159;4279
307590411;183;176;4279
307614507;218;192;4275
307646267;187;178;4278
307669021;148;158;4278
307695743;152;160;4279
307717455;225;195;4279
307746549;270;213;4279
307770261;315;231;4279
307795559;257;208;4277
307819898;218;192;4277
307853742;200;184;4277
307878417;195;181;4277
307907954;175;172;4277
307955707;323;233;4278
307987459;335;238;4277
308009078;325;234;4275
308036661;352;244;4277
308082664;278;217;4278
308106227;242;202;4277
308127195;298;224;4278
308154855;267;212;42@20000101_000005_192721_accel_adxl375.csv@308158214;1.7639999;0.098;0.196;1
308183580;298;224;4278
308207788;283;219;4278
308234579;322;233;4278
308256803;295;223;4278
308284038;238;200;4278
308306886;227;196;4278
308327979;208;187;4279
308354200;125;145;4277
308394217;123;144;4276
308426320;177;173;4278
308453823;263;211;4278
308476181;315;231;4278
308498464;397;259;4278
308528429;350;243;4276
308555055;325;234;42@20000101_000005_192721_imu_lsm6dso32.csv@308559007;1.009184;0.017568;0.00976;-77;77;-119;1
308576853;255;207;4277
308599921;253;207;4279
308622413;227;196;42c;0.021;1
308676444;277;216;4279
308703958;290;221;4278
308754252;290;221;42_192721_imu_lsm6dso32.csv@308758566;1.01016;0.005856;0.008784;-77;-7;-91;1
308776089;352;244;4279
308826562;405;262;4278
308848946;342;240;4278
308872500;273;215;4277
308897174;290;221;4276
308918625;303;226;4278
308945114;322;233;4279
308971314;393;258;4274
308996579;387;256;4274
309017367;378;253;4277
309055044;287;220;4279
309078327;237;200;4279
309102270;262;210;4278
309154363;367;249;42s74;1850;0
309176457;377;252;4277
309204789;340;240;4277
309271713;413;264;4279
309295160;415;265;4280
309327374;428;269;4278
309355867;473;283;42c3088;0.010736;0.005856;-84;7;-98;1
309378039;483;286;4280
309399179;483;286;4282
309420289;453;277;4275
309445257;380;253;4278
309469417;315;231;4276
309495831;342;240;4275
309519082;378;253;4275
309546336;308;228;4279
309572474;320;232;4277
309595948;320;232;4277
309644033;387;256;4281
309668141;407;262;4281
309693421;445;274;4281
309725360;427;269;4278
309746829;352;244;4275
309769416;388;256;4280
309816268;410;263;4280
309837507;385;255;4278
309865731;398;259;4273
309887951;388;256;422so32.sv@309889158;1.0179679;0.00976;0.001952;-56;42;-84;1
309914755;382;254;4276
309944519;418;266;4280
309967461;442;273;4280
309995070;502;291;4280
310016324;458;278;4280
310104763;340;240;4278
310130006;233;198;4278
310155459;205;186;4279
310176807;285;219;4279
310199332;335;238;4277
310220569;338;239;4276
310244422;353;244;4279
310268958;308;228;4277
310294668;262;210;4277
310345777;273;215;4277
310368256;357;245;4275
310394361;372;251;4278
310435096;315;231;4277
310456958;342;240;4277
310485281;365;248;4277
310530603;312;229;4279
310559139;290;221;4278
310585143;267;212;4278
310607980;233;198;4278
310633160;262;210;4278
310654378;227;196;4278
310675059;182;175;4276
310699456;125;145;4281
310720278;112;137;4278
310747400;162;165;4277
310769331;317;231;4277
310795934;292;222;4278
310819003;250;205;4278
310843569;242;202;4278
310865013;212;189;4276
310893936;205;186;4280
310919221;178;173;4280
310943788;175;172;4282
310994909;175;172;4280
311020260;198;183;42o023322;-21.735346;37.30629;101586.36;2.9454746
311045132;182;175;4273
311066839;188;178;4279
311094120;182;175;4279
311119057;263;211;4279
311144984;217;191;4277
311168222;152;160;4277
311195724;72;110;4281
311217931;62;102;4281
311240173;87;121;4277
311265273;97;128;4277
311288411;85;120;4277
311349247;265;211;4278
311398015;322;233;4279
311451864;383;254;4282
311476698;382;254;4282
311498296;350;243;4281
311525786;307;228;4277
311554975;275;215;42700005_192721_imu_lsm6dso32.csv@311556029;1.01016;0.020496;0.0;-70;70;-9311557725;1.7149999;0.147;0.196;1
311577334;292;222;4279
311613643;248;205;4277
311637189;242;202;4277
311685805;173;171;4278
311709181;203;185;4278
311736653;230;197;4279
311758057;232;198;4279
311781538;215;190;4281
311815788;168;168;4282
311845837;160;164;4277
311867764;167;168;4277
311894631;122;143;4279
311918889;132;149;4279
311944386;170;169;4279
311966303;163;166;4279
311993966;188;178;4279
312034421;238;200;4278
312084432;213;190;4276
312114137;137;152;4275
312139666;93;125;4277
312165398;123;144;4277
312188151;315;231;42@20000101_000005_192721_imu_lsm6dso32.csv@312193020;1.013088;0.01952;0.011712;-84;49;-119;1
312215252;213;190;4278
312255332;45;87;4278
312279449;92;124;4278
312304947;45;87;4280
312334609;78;114;4281
312357360;90;123;428@20000101_000005_192721_power_ina226.csv@312360066;3913;495;1925;0
312418023;268;213;4279
312447946;387;256;4282
312473357;473;283;4282
312495516;562;308;4280
312520660;450;276;4279
312548189;485;286;4275
312576596;552;305;4279
312598193;582;314;4279
312619911;657;333;4279
312648500;640;329;4279
312705203;570;310;4278
312726383;543;303;4278
312748809;620;324;4277
312771959;745;355;4279
312796056;798;367;4278
312825142;810;370;4279
312848957;802;368;4279
312873854;802;368;4275
312898543;875;385;4279
312945549;850;379;4281
312968727;607;320;4281
312994739;430;269;4281
313021050;435;271;4280
313045442;393;258;4280
313068155;480;285;4277
313095580;605;320;4278
313138969;610;321;4281
313167975;585;314;4278
313196337;737;353;4279
313217532;743;354;4279
313238633;727;351;4281
313265367;753;357;4279
313288300;760;358;4279
313344350;798;367;4280
313367495;638;328;4280
313395048;677;338;4281
313416651;730;351;4281
313442565;782;364;4277
313465908;745;355;4277
313494682;670;336;4275
313518601;770;361;4275
313569765;692;342;4279
313599353;677;338;4280
313625424;687;341;4278
313648787;713;347;4278
313669485;743;354;4277
313695051;633;327;4277
313720773;663;335;4280
313747288;633;327;4277
313768539;573;311;4277
313794407;552;305;4279
313817858;577;312;4279
313844665;565;309;4278
313866204;542;303;4278
313894193;567;310;4281
313927150;603;319;4278
313985472;503;291;4278
314019829;502;291;4278
314045923;593;317;4278
314070868;760;358;4278
314098202;855;380;4280
314127382;898;390;4279
314152247;920;394;4279
314174701;967;404;4279
314196666;918;394;4281
314219978;852;380;4279
314244618;770;361;4278
314265948;715;348;4279
314288745;692;342;4277
314315370;708;346;4283
314346727;775;362;4281
314367900;738;353;4281
314446214;788;365;4277
314468437;718;348;4277
314495583;712;347;4279
314520051;582;314;4279
314547379;768;360;4278
314569419;748;356;4278
314591255;705;345;4280
314615531;632;327;4280
314645167;635;328;4281
314667782;560;308;4281
314695302;818;372;4278
314717787;872;384;4278
314754689;960;403;4281
314788315;528;299;4279
314816889;535;301;4280
314838289;530;299;4280
314887411;382;254;4282
314914337;407;262;4279
314936937;480;285;4279
314989785;720;349;4281
315010156;755;357;4281
315034676;818;372;4277
315056792;642;329;42@20000101_000005_192721_accel_adxl375.csv@315058979;1.7639999;0.098;0.147;1
315086174;577;312;4295_192721_laser_agl.csv@315089572;0.023;0
315107332;620;324;4281
315144062;508;293;4277
315167909;452;276;4277
315195184;368;249;4278
315218446;377;252;4278
315240152;237;200;4279
315266714;193;180;4277
315338515;35;77;4279
315359843;70;108;4281
315386158;143;155;4279
315408463;158;163;4279
315435578;-40;0;4277
315479136;23;62;4284
315507919;60;100;4280
315546026;75;112;4279
315569543;185;177;4279
315596201;370;250;4277
315620673;312;229;4277
315645415;285;219;4278
315698163;245;203;4281
315721282;243;202;42@20000101_000005_192721_accel_adxl375.csv@315726201;1.7639999;0.147;0.196;1
315777739;113;138;4277
315805057;-65;0;4279
315835148;-113;0;4280
315857541;-163;0;4280
315880175;-242;0;4277
315904641;-290;0;4280
315933535;-233;0;4280
315985983;-272;0;4283
316015365;-315;0;4283
316036303;-135;0;4283
316065331;0;0;4281
316111305;203;185;4277
316145064;305;227;4281
316169246;225;195;4281
316195139;150;159;4282
316217120;208;187;4282
316238946;180;174;4279
316266201;262;210;4280
316312399;155;162;4282
316343957;172;170;4281
316365778;170;169;4278
316395335;160;164;4282
316420739;215;190;4282
316444471;210;188;4280
316466471;92;124;4283
316494377;38;80;4282
316528760;97;128;4278
316572831;252;206;4281
316597570;310;229;4281
316619217;145;156;4283
316644645;-45;0;4279
316667430;-123;0;4279
316694863;-105;0;4275
316719014;-270;0;4275
316744044;-457;0;4279
316766781;-457;0;4282
316795561;-395;0;4277
316816177;-457;0;4277
316847692;-378;0;4279
316872439;-277;0;4278
316895353;-220;0;4280
316916601;-182;0;4281
316940091;-187;0;4281
316997262;-178;0;4281
317046174;-275;0;4277
317071872;-342;0;4281
317092297;-340;0;4281
317118641;-380;0;4277
317148890;-428;0;4282
317171590;-438;0;4282
317196788;-353;0;4280
317217439;-328;0;4280
317240069;-362;0;4277
317265339;-347;0;4281
317318600;-328;0;4285
317345966;-292;0;4281
317374247;-237;0;4281
317403711;-217;0;4280
317444031;-178;0;4282
317469571;-137;0;4280
317491031;-135;0;4280
317516574;-182;0;4281
317545071;-145;0;4281
317567318;-110;0;4281
317594869;-97;0;4281
317619779;-122;0;4281
317655390;-150;0;4283
317678337;-155;0;4283
317708241;-127;0;4280
317734304;-125;0;4278
317756107;-132;0;427@20000101_000005_192721_accel_adxl375.csv@317759147;1.7149999;0.098;0.244999984;1
317780143;-145;0;4280
317808330;-153;0;4282
317834723;-122;0;4277
317905907;-75;0;4281
317935795;-88;0;4277
317958747;-90;0;4277
317986223;-97;0;4278
318013113;-102;0;4277
318043817;-68;0;4281
318068192;-20;0;4281
318096680;-32;0;4281
318117215;-88;0;4281
318151745;-100;0;4282
318179116;-57;0;4279
318201783;12;45;4279
318223475;-65;0;4280@20000101_000005_192721_accel_adxl375.csv@318225096;1.7639999;0.147;0.147;1
318246944;-120;0;4282
318271241;-127;0;4279
318317249;-110;0;4281
318340896;-163;0;4282
318367274;-218;0;4283
318390345;-190;0;4283
318420386;-252;0;4281
318446528;-315;0;4281
318468917;-278;0;4281
318497476;-223;0;4283
318518965;-193;0;4283
318549005;-203;0;4281
318571469;-210;0;4281
318596443;-195;0;4283
318620588;-195;0;4282
318651576;-257;0;4280
318675109;-272;0;4280
318697608;-247;0;4281
318718515;-215;0;4280
318757932;-202;0;4282
318787787;-403;0;427_790859;1.7639999;0.098;0.147;1
318809589;-407;0;4278
318835702;-288;0;4282
318881464;-417;0;4283
318915674;-447;0;4279
318937483;-363;0;4279
318965129;-407;0;4281
318987639;-413;0;4281
319019585;-447;0;4281
319046017;-490;0;4283
319071745;-520;0;4281
319095151;-590;0;4281
319118842;-708;0;4279
319146285;-560;0;4281
319195808;-492;0;4283
319218402;-485;0;4283
319246308;-527;0;4278
319268154;-470;0;4278
319294493;-340;0;4280
319315776;-190;0;4280
319345144;-612;0;4285
319367394;-632;0;4285
319394470;-557;0;4282
319419495;-453;0;4282
319445584;-343;0;4281
319467240;-248;0;4281
319494405;-527;0;4280
319516879;-527;0;4280
319546173;-218;0;4279
319568855;-17;0;4279
319615347;-457;0;4281
319674347;-388;0;4281
319696361;-360;0;4284
319720692;-117;0;4280
319749972;-113;0;4279
319775261;-192;0;4280
319800861;-335;0;4281
319824642;-352;0;428@20000101_000005_192721_imu_lsm6dso32.csv@319827137;1.014064;0.02928;0.00488;-84;42;-112;1
319846710;-275;0;4282
319885531;-277;0;4281
319908790;-275;0;4282
319934498;-208;0;4285
319968437;-132;0;4285
319994773;-67;0;4280
320020517;-260;0;4280
320062686;-338;0;4279
320090547;-325;0;4281
320112613;-372;0;4281
320133834;-383;0;4280
320164818;-423;0;4283
320215809;-193;0;4283
320236710;-450;0;4283
320258035;-480;0;4283
320306875;-217;0;4281
320331811;-167;0;4280
320354569;@20000101_000005_192721_imu_lsm6dso32.csv@320356779;1.0111359;0.01@20000101_000005_192721_baro_icp10111.csv@320359276;-21.761768;37.327652;101586.664;2.9190522
320378072;-372;0;4282
320404999;-335;0;4281
320429487;-137;0;4281
320466602;-88;0;4281
320496319;-223;0;4281
320520212;-358;0;4281
320544799;-362;0;4279
320566092;-267;0;4283
320594624;-147;0;4278
320615649;-212;0;4278
320644665;-277;0;4280
320665872;-280;0;4280
320693951;-352;0;4280
320718002;-410;0;4280
320744512;-535;0;4281
320766022;-558;0;4281
320907454;-433;0;4278
320930608;-568;0;4278
320955326;-492;0;427@20000101_000005_192721_accel_adxl375.csv@320958768;1.7639999;0.098;0.147;1
320977201;-267;0;4282
321012950;-465;0;4283
321034794;-562;0;4283
321064771;-495;0;4280
321094150;-335;0;4281
321118996;-302;0;4281
321148299;-482;0;4284
321171565;-417;0;4284
321195754;-298;0;4278
321218249;-402;0;4287
321240467;-500;0;4282
321265837;-278;0;4281
321288468;-303;0;4282csv@321289635;1.014064;0.00976;0.005856;-77;21;-119;1
321309183;-545;0;4284
321347254;-577;0;4280
321372847;-363;0;4281
321396490;-208;0;4281
321418946;-200;0;4282
321445024;-153;0;4281
321468859;-128;0;4281
321494624;-180;0;4281
321515794;-240;0;4281
321544103;-203;0;4283
321568270;-180;0;4283
321594505;-270;0;4280
321653617;-393;0;4281
321677305;-343;0;4281
321703528;-228;0;4281
321724705;-240;0;4281
321807018;92;124;4281
321845842;-253;0;4281
321867282;-375;0;4281
321894467;-327;0;4279
321915682;-350;0;4279
321937705;-310;0;4283
321965334;-275;0;4280
321988364;-302;0;4280
322021744;-143;0;4279
322048579;-130;0;4279
322071760;-203;0;4279
322095215;-317;0;4276
322116326;-317;0;4281
322144396;-233;0;4282
322167234;-50;0;4282
322206731;-25;0;4279
322236786;-10;0;4281
322258762;-18;0;4281
322280578;-27;0;4281
322306150;-255;0;4280
322328093;-357;0;4280
322354887;-482;0;428@20000101_000005_192721_accel_adxl375.csv@322358899;1.7639999;0.147;0.147;1
322378208;-567;0;4283
322403759;-515;0;4281
322428499;-638;0;4281
322460524;-478;0;4281
322486557;-527;0;4279
322518416;-375;0;4279
322578336;-550;0;4279
322613507;-428;0;4283
322654961;-187;0;4283
322681229;-22;0;4281
322702367;78;114;4281
322727119;118;141;4278
322755970;97;128;4280
322778938;-260;0;4280
322802116;-237;0;4281
322829059;240;201;4283
322877402;-158;0;4279
322902273;-173;0;4283
322934262;88;122;4284
322957587;225;195;4280
322986472;348;242;4283
323013255;98;128;4283
323043914;-5;0;4281
323066604;73;111;4281
323114170;20;58;4284
323149829;-160;0;4284
323171403;-93;0;4284
323195252;85;120;4283
323217970;188;178;4282
323244435;83;118;4283
323267787;142;155;4283
323295112;43;85;4278
323316635;-153;0;4278
323337703;-225;0;4284
323365357;-263;0;4284
323390372;-298;0;428@20000101_000005_192721_imu_lsm6dso32.csv@323392449;1.0111359;0.008784;0.030256;-245;-35;-70;1
323415489;-202;0;4283
323441505;-353;0;4285
323465960;-300;0;4285
323526566;-477;0;4282
323555722;-402;0;4282
323580920;-247;0;4282
323605194;-413;0;4281
323634751;-263;0;4286
323659464;-72;0;4286
323686746;47;89;4281
323709304;177;173;4281
323748890;708;346;4282
323769985;707;346;4282
323795718;670;336;4286
323819614;752;357;4286
323844482;792;366;4281
323869081;685;340;4280
323895395;555;306;4283
323919814;587;315;4283
323945511;498;290;4281
323990056;453;277;4282
324015174;338;239;4282
324037949;303;226;4283
324071547;300;225;4280
324109217;443;274;4282
324133979;452;276;4282
324179258;280;217;4283
324204602;392;257;4283
324226387;520;296;4283
324255568;478;284;4282
324278736;370;250;4282
324305306;212;189;4280
324328617;82;117;4280
324355026;-108;0;4285
324405956;-40;0;4278
324428102;63;103;4278
324477596;67;106;4281
324514219;95;126;4284
324543998;-112;0;4277
324565993;-183;0;4277
324594511;-168;0;4279
324619760;-183;0;4279
324674655;-80;0;4283
324695989;100;130;4283
324721321;122;143;4284
324776548;33;74;4282
324797887;-50;0;4283
324821731;-88;0;4281
324866108;-177;0;4281
324894974;-212;0;4282
324918949;-270;0;4282
324946447;-110;0;4283
324967825;-100;0;4283
324994980;-290;0;4281
325047554;-175;0;4285
325069656;-228;0;4277
325095148;-258;0;4279
325146807;-147;0;4281
325168711;-132;0;4281
325193386;-58;0;4285
325214750;3;22;4283
325237579;123;144;4281
325288014;20;58;4283
325311291;13;46;4283
325338480;118;141;4281
325361297;173;171;4281
325382217;185;177;4281
325414730;35;77;4282
325443676;-73;0;4281
325466901;-2;0;4281
325494802;197;182;4279
325516050;353;244;4279
325537886;87;121;4284
325564950;392;257;4281
325587705;870;384;4281
325615952;675;338;4280
325644870;580;313;4285
325666761;667;336;4285
325711260;798;367;4283
325737359;772;361;4283
325760490;960;403;4283
325788531;768;360;4281
325816686;383;254;4283
325846831;183;176;4281
325868509;67;106;4281
325894196;92;124;4279
325945414;452;276;4283
325967462;408;262;4279
325995833;388;256;4285
326020661;412;264;4285
326046703;-12;0;4282
326068163;-35;0;4282
326096433;357;245;4280
326170228;762;359;4278
326195467;825;373;4285
326218487;853;380;4282
326245954;880;386;4284
326268998;753;357;4284
326294428;557;307;4283
326316388;218;192;4283
326338219;133;150;4284
326365254;30;71;4282
326387909;-258;0;4282
326414399;-363;0;4283
326444984;-542;0;4284
326468007;-737;0;4284
326515023;-823;0;4283
326536500;-750;0;4283
326557439;-643;0;4283
326580095;-537;0;4282
326601178;-478;0;4283
326646955;-332;0;4284
326670926;-423;0;4285
326695345;-350;0;4285
326744390;-180;0;4283
326767730;-127;0;4283
326795317;-13;0;4282
326820671;167;168;4282
326845411;320;232;4285
326867417;165;167;4286
326894364;202;185;4282
326919702;200;184;4279
326963351;200;184;4283
326989503;110;136;4282
327010100;-32;0;4282
327033339;45;87;4283
327055195;103;132;4281
327087610;127;146;420agl.csv@327089329;0.022;0
327109644;132;149;4286
327135629;197;182;4287
327167187;757;358;4282
327195643;768;360;4281
327218242;602;319;4281
327240173;857;381;4287
327266574;1110;433;4283
327289322;1033;418;4-@20000101_000005_192721_accel_adxl375.csv@327293032;1.7149999;0.196;0.147;1
327314513;925;395;4283
327343975;742;354;4278
327397344;753;357;4280
327430054;878;385;4279
327455914;1025;416;4192721_imu_lsm6dso32.csv@327457101;1.0150399;0.012688;-0.018544;-49;14;-105;1
327479566;1008;413;4281
327508281;618;323;4279
327538347;562;308;4278
327560951;595;317;4278
327586818;580;313;4282
327608811;545;303;4282
327635523;475;283;4281
327660731;488;287;4281
327686581;630;326;4283
327747217;805;369;4281
327770172;622;324;4281
327796334;568;310;4281
327820735;760;358;4281
327865451;547;304;4282
327888675;700;344;42@20000101_000005_192721_laser_agl.csv@327893176;0.021;0
327912393;360;247;4281
327938275;718;348;4284
327960111;813;371;4284
327982518;917;394;4281
328007426;1022;416;4283
328032354;930;397;4283
328056943;592;316;4284
328079617;397;259;4284
328104801;463;280;4281
328134174;712;347;4281
328157038;512;294;4281
328179930;333;237;4281
328205822;207;187;4285
328228274;267;212;4285
328278228;-57;0;4285
328302927;-327;0;4285
328326821;-403;0;4282
328392359;-370;0;4282
328420035;-462;0;4283
328475449;-603;0;4282
328498174;-628;0;4283
328528280;-587;0;4282
328555445;-568;0;4283
328577672;-380;0;4283
328598902;-485;0;4282
328621630;-492;0;4281
328645672;-433;0;4283
328687179;-472;0;4283
328718595;-363;0;4285
328771656;-557;0;4280
328798202;-580;0;4279
328828281;-362;0;4285
328855747;27;67;4282
328877779;68;107;4282
328904810;73;111;4284
328934873;47;89;4281
328956351;87;121;4281
328979031;42;84;4289
329005474;52;93;4283
329029408;23;62;4283
329055439;-107;0;428329057083;0.021;0
329077595;-177;0;4284
329104956;-27;0;4283
329128904;-77;0;4283
329155487;-55;0;4283
329182191;62;102;4283
329237567;-220;0;4281
329267681;-180;0;4285
329288811;-178;0;428@20000101_000005_192721_laser_agl.csv@329293084;0.022;1
329314910;-242;0;4283
329336209;-317;0;4283
329358614;-293;0;4285
329447156;-337;0;4289
329470210;-267;0;4289
329494811;-203;0;4281
329520364;-217;0;4285
329545862;-205;0;4285
329568376;-172;0;4285
329594793;-212;0;4285
329618633;-208;0;4285
329675804;-252;0;4280
329705114;-228;0;4279
329736049;-292;0;4280
329782063;-345;0;4284
329808003;-330;0;4285
329831013;-352;0;4285
329855913;-583;0;4283
329878250;-828;0;4284
329904689;-835;0;4281
329934873;-610;0;4285
329985359;-553;0;4283
330009680;-615;0;4283
330041938;-512;0;4285
330066168;-468;0;4281
330089206;-557;0;428@20000101_000005_192721_imu_lsm6dso32.csv@330091741;1.0111359;0.76;0.003904;-154;21;-63;1
330126302;-637;0;4282
330165000;-570;0;4283
330195099;-607;0;4283
330216983;-577;0;4283
330238438;-557;0;4281
330264851;-527;0;4284
330287994;-548;0;4284
330378534;-563;0;4285
330437074;-668;0;4286
330518687;-673;0;4285
330576112;-433;0;4284
330606624;-323;0;4283
330630045;-260;0;4283
330659349;-310;0;4286
330680525;-402;0;4286
330702860;-662;0;4281
330728676;-828;0;4284
330778473;-823;0;4283
330808409;-732;0;4284
330836771;-480;0;4285
330857927;-475;0;4285
330880452;-767;0;4286
330913404;-742;0;4283
330938667;-837;0;4281
330965906;-678;0;4283
330988790;-868;0;4283
331064070;-812;0;4282
331096266;-782;0;4284
331117213;-852;0;4283
331144376;-848;0;4283
331165872;-700;0;4283
331194674;-550;0;4282
331217897;-552;0;4282
331239954;-285;0;4283
331265612;-213;0;4286
331288452;-500;0;4286
331310009;-313;0;4286
331340383;-108;0;4283
331366276;-192;0;4283
331388237;-247;0;4283
331415624;-667;0;4283
331484111;-465;0;4285
331506867;-398;0;4283
331529888;-392;0;4286
331578633;-623;0;4281
331608263;-892;0;4286
331634582;-890;0;4282
331679361;-737;0;4285
331709255;-667;0;4283
331737989;-637;0;4284
331765952;-642;0;4285
331789240;-850;0;428@20000101_000005_192721_accel_adxl375.csv@331792289;1.7639999;0.147;0.244999984;1
331810347;-875;0;4286
331836280;-910;0;4284
331865795;-517;0;4283
331909525;-358;0;4280375.csv@331915293;1.7639999;0.147;0.196;1
331936156;-525;0;4285
331957866;-698;0;428@20000101_000005_192721_imu_lsm6dso32.csv@331964134;1.014064;0.020496;0.000976;-112;-126;-42;1
331980172;-778;0;4285
332001451;-870;0;4282
332026328;-827;0;4283
332051645;-958;0;4281
332073496;-1162;0;4281
332099402;-685;0;4280
332120231;-635;0;4280
332145016;-482;0;4287
332169147;-652;0;4285
332199581;-462;0;4287
332221415;-353;0;4287
332243801;-513;0;4282
332266938;-655;0;4282
332326247;-838;0;4287
332351507;-958;0;4283
332372501;-942;0;4283
332395705;-798;0;4283
332417306;-633;0;4287
332485070;-343;0;4283;630;2450;0
332507473;-213;0;4285
332534496;-157;0;4283
332580565;228;196;4284
332605221;-68;0;4281
332627114;-863;0;4287
332655090;-1417;0;42_imu_lsm6dso32.csv@332656577;1.013088;0.015616;0.001952;7;196;-56;1
332676665;-1382;0;4282
332705127;-1382;0;4281
332745296;-1503;0;4283
332770756;-1145;0;4282
332795075;-640;0;4282
332816736;-418;0;4284
332844584;143;155;4284
332866957;347;242;4284
332916584;387;256;4285
332938811;440;273;4285
332964702;220;193;4281
332987412;5;29;4281
333009690;80;116;4286
333034045;348;242;4283
333061610;348;242;4285
333083066;155;162;4285
333109268;82;117;4285
333167834;262;210;4283
333193253;513;294;4281
333217691;423;267;4281
333239632;472;282;4286
333266723;393;258;4284
333289424;425;268;4284
333316543;448;275;4280
333337911;430;269;4280
333360975;343;241;4284
333384896;183;176;4285
333410578;-202;0;4283
333438987;330;236;4286
333469551;520;296;4283
333494701;618;323;4283
333520787;585;314;4283
333546461;547;304;4283
333592380;330;236;4285
333617264;488;287;4284
333638608;423;267;4285
333661681;585;314;4282
333682879;682;339;4285
333705838;540;302;4285
333728093;650;331;4285
333755165;508;293;42@20000101_000005_192721_accel_adxl375.csv@333758109;1.7149999;0.098;0.196;1
333776839;540;302;4282
333804629;705;345;4283
333844192;360;247;4284
333868560;305;227;4284
333895261;307;228;4287
333916828;413;264;4287
333944235;262;210;4281
333966648;313;230;4281
334013517;203;185;4284
334036462;312;229;4284
334060574;262;210;4285
334088366;273;215;42@20000101_000005_192721_baro_icp10111.csv@334090752;-21.597946;31584.66;3.0828744
334109821;280;217;4281
334134606;230;197;4284
334157491;167;168;4281
334182206;12;45;4283
334211640;88;122;4285
334233063;120;142;4285
334266762;105;133;4283
334289151;63;103;4283
334319825;250;205;42@20000101_000005_192721_imu_lsm6dso32.csv@334324289;1.01016;0.00976;-0.000976;-56;7;-105;1
334345188;177;173;4283
334370086;-165;0;4283
334396473;-358;0;4283
334447108;-168;0;4281
334471753;-243;0;4281
334507175;-190;0;4284
334564185;-27;0;4281
334586632;93;125;4283
334609084;15;50;4285
334643221;-33;0;4283
334665386;-35;0;4283
334686976;-10;0;4284
334710595;-52;0;4280
334731192;-142;0;4283
334752041;-160;0;4284
334774690;-122;0;4281
334799060;37;79;4285
334821684;128;147;4283
334871746;122;143;4285
334900015;187;178;4283
334923259;158;163;42a1.7639999;0.098;0.147;1
334951614;172;170;4288
334973585;67;106;4288
334997861;85;120;4279
335018921;88;122;4282
335048095;-20;0;4285
335073440;-57;0;4285
335097513;-122;0;4285
335119285;-182;0;4285
335145695;-162;0;4282
335167782;-162;0;4282
335195664;-148;0;4280
335248716;-145;0;4281
335270947;-253;0;4281
335315257;-65;0;4282
335347964;268;213;4285
335370927;680;339;4285
335396117;1365;480;4281
335418791;2867;697;4285
335447783;3577;778;4286
335470457;4458;869;4286
335495002;5280;945;4287
335518854;5798;991;4280
335565516;9027;1236;4284
335596456;11518;1397;4283
335619271;14518;1568;4283
335647274;16262;1660;4287
335670541;16592;1676;4287
335696450;17637;1728;4284
335728160;17500;1722;4283
335779383;19593;1822;4283
335808347;19387;1812;4285
335831114;20380;1858;4285
335857819;24792;2049;4280
335879676;28267;2188;4280
335904995;30237;2263;4284
335929823;32702;2354;4284
335956457;37718;2528;4282
335978368;41003;2636;4282
336012312;44728;2753;4279
336043469;47223;2829;4281
336068565;48040;2853;4284
336096033;48115;2855;4285
336119074;49873;2907;4285
336144849;52095;2971;4281
336166571;53175;3002;4281
336194736;54597;3041;4280
336223420;54458;3038;4279
336245101;54613;3042;4279
336270766;54613;3042;4280
336291413;54613;3042;4280
336312410;54613;3042;4279
336333039;54613;3042;4282
336380734;54613;3042;4281
336409509;54613;3042;4280
336431529;54613;3042;4280
336455747;54613;3042@20000101_000005_192721_imu_lsm6dso32.csv@336458387;3.253008;0.365024;2.3668;15736;-7490;-2856;1
336478564;54613;3042;4282
336499828;54613;3042;4281
336565535;54613;3042;4277
336589583;54613;3042;4277
336614849;54613;3042;4281
336644164;54613;3042;4279
336665973;54613;3042;4279
336695391;54613;3042;4279
336718859;54613;3042;4279
336744938;54613;3042;4281
336767285;54613;3042;4281
336797845;54613;3042;4279
336818980;54613;3042;4279
336848857;54613;3042;4275
336872852;54613;3042;4275
336905054;54613;3042;4272
336944753;54613;3042;4277
336966248;54613;3042;4277
336994585;54613;3042;4275
337015885;54613;3042;4275
337044181;54613;3042;4280
337068204;54613;3042;4280
337094796;54613;3042;4277
337115926;54613;3042;4277
337144529;54613;3042;4276
337165635;54613;3042;4276
337189489;54613;3042@20000101_000005_192721_imu_lsm6dso32.csv@337192162;3.026576;0.008784;2.7689118;15785;-1386;-2436;1
337215313;54613;3042;4279
337239654;54613;3042;4279
337265512;54613;3042;4276
337289110;54613;30424841
337321036;54613;3042;4275
337346370;54613;3042;4276
337369162;54613;3042;4276
337394304;54613;3042;4274
337415761;54613;3042;4275
337446823;54613;3042;4276
337470437;54613;3042;4276
337495269;54613;3042;4272
337521705;54613;3042;4275
337545193;54613;3042;4275
337568940;54613;3042;4277
337595765;54613;3042;4273
337620036;54613;3042;4273
337646568;54613;3042;4273
337668251;54613;3042;4273
337719892;54613;3042;4276
337745463;54613;3042;4274
337769183;54613;3042;4274
337795775;54613;3042;4277
337819977;54613;3042;4277
337848068;54613;3042;4275
337870020;54613;3042;4275
337895410;54613;3042;4273
337918643;54613;3042;4273
337946507;54613;3042;4273
337968525;54613;3042;4273
337995308;54613;3042;4271
338019924;54613;3042;4271
338045932;54613;3042;4271
338068070;54613;3042;4271
338095210;54613;3042;4272
338123267;54613;3042;4273
338146149;54613;3042;4273
338169528;54613;3042;4271
338196317;54613;3042;4273
338217421;54613;3042;4273
338278335;54613;3042;4268
338308010;54613;3042;4269
338331800;54613;3042;4269
338363961;54613;3042;4270
338389187;54613;30420_lsm6dso32.csv@338392286;-0.771039936;-0.36112;0.64416;97027;4774;-3962;1
338415512;54613;3042;4271
338439925;54613;3042;4271
338465660;54613;3042;4273
338488238;54613;3042;4273
338518175;54613;3042;4270
338546197;54613;3042;4270
338567299;54613;3042;4270
338595051;54613;3042;4269
338620844;54613;3042;4273
338645781;54613;3042;4273
338667923;54613;3042;4269
338694830;54613;3042;4274
338716253;54613;3042;4274
338745064;54613;3042;4272
338767036;54613;3042;4272
338796040;54613;3042;4269
338828893;54613;3042;4268
338878965;54613;3042;4265
338902758;54613;3042;4268
338924352;54613;3042@20000101_000005_192721_accel_adxl375.csv@338926942;0.147;-0.049;0.63699996;1
338948741;54613;3042;4273
338972120;54613;3042;4268
338996925;54613;3042;4269
339019159;54613;3042;4267
339047144;54613;3042;4268
339070255;54613;3042;4268
339096048;54613;3042;4270
339119194;54613;3042;4270
339145610;54613;3042;4271
339166708;54613;3042;4271
339203905;54613;3042;4271
339228348;54613;3042;4271
339260063;54613;3042;4267
339283146;54613;3042;4268
339308588;54613;3042;4269
339332244;54070;3027;4269
339355649;53180;3002244999984;-0.049;0.244999984;1
339377148;53245;3004;4270
339408655;52850;2992;4268
339432214;53842;3020;4272
339464574;54213;3031;4274
339487484;53955;3024;4274
339514792;54565;3041;4269
339538015;54613;3042;4269
339566662;54572;3041;4270
339615685;54097;3028;4268
339648431;53357;3007;4269
339678279;53315;3006;4270
339709810;50785;2933;4271
339733020;49092;2884;4268
339764794;51882;2965;4267
339789796;48517;2867_u_lsm6dso32.csv@339791478;-0.38064;-0.193248;0.21472;67921;2989;-3689;1
339815149;45413;2774;4269
339837540;46590;2810;4269
339865147;44347;2741;4270
339887602;47373;2833;4270
339908859;48740;2874;4268
339932038;47932;2850;4271
339979478;47243;2829;4272
340005083;45463;2775;4269
340027370;47845;2847;4269
340074218;46847;2817;4269
340099659;46927;2820;4273
340120989;47005;2822;4270
340146243;45285;2770;4270
340169073;45955;2790;4269
340196857;45308;2771;4270
340218770;44153;2735;4270
340241997;43693;2721;4267
340274678;41900;2664;4265
340298548;40667;2625;4265
340347430;38833;2565;4267
340370378;37185;2510;4272
340395316;38357;2549;4269
340416659;38073;2540;4270
340447615;39042;2572;4271
340470020;38043;2539;4271
340495670;37652;2526;4270
340521497;38380;2550;4272
340548430;39897;2600;4271
340571916;40437;2617;4271
340596526;39985;2603;4271
340620775;39937;2601;4269
340644652;37272;2513;4269
340667469;39953;2602;4269
340692821;40310;2613;4269
340717927;39707;2594;4269
340748434;38888;2567;4268
340772725;38168;2543;4268
340796226;37473;2520;4269
340820320;37818;2531;4267
340849508;36548;2488;4264
340874860;34197;2407;4267
340897265;33587;2385;4267
340919829;33315;2376;4268
340945192;33415;2379;4269
340970680;32758;2356;4269
340995379;32295;2339;4269
341028246;30972;2291;4267
341055813;31743;23195712;-0.236191984;0.052704;55923;2009;-2975;1
341078393;31988;2328;4271
341111982;31915;2325;4267
341144759;31760;2320;4266
341171823;31577;2313;4268
341198315;31007;2292;4266
341221321;32650;2352;4266
341242126;32305;2339;4267
341296832;34977;2434;4266
341335498;35053;2437;4268
341381063;34122;2404;4269
341407038;33285;2375;4266
341431638;32388;2342;4266
341458913;29577;2238;4268
341486600;28793;2209;4269
341508046;29477;2235;4269
341531479;29023;2217;4266
341579813;29322;2229;4264
341601554;29787;2246;4266
341628779;29927;2252;4266
341659871;29770;2246;4265
341681580;29115;2221;4265
341708816;30113;2259;4267
341731232;30212;2262;4267
