@20000101_50550059;0.007808;-0.005856;1.016016;-63;35;-98;1
@20000101_000005_192721_im4;0.01952;-7;0;-70;1
29525596 Recorder :: {'tlm': {'count': 0, 'max': 12, 'dropped': 0}, 'log': {'count': 0, 'max': 1, 'dropped': 0}, 'session': '20000101_000005_192721'}
30528705 Recorder :: {'tlm': {'count': 2, 'max': 12, 'dropped': 0}, 'log': {'count': 0, 'max': 1, 'dropped': 0}, 'session': '20000101_000005_192721'}
_accel_adxl375.csv@31445927;1.7149999;0.147;0.098;1
31540207 Recorder :: {'tlm': {'count': 1, 'max': 12, 'dropped': 0}, 'log': {'count': 0, 'max': 1, 'dropped': 0}, 'session': '20000101_000005_192721'}
@20000101_000005_192721_accel_adxl376;1
@20000101_000005_192721d445;-130;0;3472
32541319 Recorder :: {'tlm': {'count': 1, 'max': 12, 'dropped': 0}, 'log': {'count': 0, 'max': 1, 'dropped': 0}, 'session': '20000101_000005_192721'}
@s3083920;1.0150399;-0.12687999;0.105408;-133;98;-91;1
33545217 Recorder :: {'tlm': {'count': 1, 'max': 12, 'dropped': 0}, 'log': {'count': 0, 'max': 1, 'dropped': 0}, 'session': '20000101_000005_192721'}
34552797 Recorder :: {'tlm': {'count': 1, 'max': 12, 'dropped': 0}, 'log': {'count': 0, 'max': 1, 'dropped': 0}, 'session': '20000101_000005_192721'}
35577691 Recorder :: {'tlm': {'count': 3, 'max': 12, 'dropped': 0}, 'log': {'count': 0, 'max': 1, 'dropped': 0}, 'session': '20000101_000005_192721'}
36588618 Recorder :: {'tlm': {'count': 1, 'max': 12, 'dropped': 0}, 'log': {'count': 0, 'max': 1, 'dropped': 0}, 'session': '20000101_000005_192721'}
@20000101_000005_192721_imu_lsm6dso3s92;-0.09272;-0.015616;2282;-203;-147;1
37590801 Recorder :: {'tlm': {'count': 2, 'max': 12, 'dropped': 0}, 'log': {'count': 0, 'max': 1, 'dropped': 0}, 'session': '20000101_000005_192721'}
@20000101c19;1.7639999;0.0;0.049;1
@20000101_7818047;1.7639999;0.049;0.098;1
38598014 Recorder :: {'tlm': {'count': 1, 'max': 12, 'dropped': 0}, 'log': {'count': 0, 'max': 1, 'dropped': 0}, 'session': '20000101_000005_192721'}
39597716 Recorder :: {'tlm': {'count': 0, 'max': 12, 'dropped': 0}, 'log': {'count': 0, 'max': 1, 'dropped': 0}, 'session': '20000101_000005_192721'}
40602927 Recorder :: {'tlm': {'count': 0, 'max': 12, 'dropped': 0}, 'log': {'count': 0, 'max': 1, 'dropped': 0}, 'session': '20000101_000005_192721'}
41606371 Recorder :: {'tlm': {'count': 1, 'max': 12, 'dropped': 0}, 'log': {'count': 0, 'max': 1, 'dropped': 0}, 'session': '20000101_000005_192721'}
42611114 Recorder :: {'tlm': {'count': 1, 'max': 12, 'dropped': 0}, 'log': {'count': 0, 'max': 1, 'dropped': 0}, 'session': '20000101_000005_192721'}
43611509 Recorder :: {'tlm': {'count': 2, 'max': 12, 'dropped': 0}, 'log': {'count': 0, 'max': 1, 'dropped': 0}, 'session': '20000101_000005_192721'}
@20000101_000005_192721_imu_lsm6dso32.v1309;1.016992;-0.018544;0.006832;-210;175;-7;1
05_192721_airspeed_sdp810.csv@43814457;-65;0;3476
44611305 Recorder :: {'tlm': {'count': 2, 'max': 12, 'dropped': 0}, 'log': {'count': 0, 'max': 1, 'dropped': 0}, 'session': '20000101_000005_192721'}
@20000101_000005_15085327;1.0150399;-0.015616;-0.008784;-84;-42;-35;1
@20000101_000005_192721_accel_a;1.7149999;0.098;0.196;1
ms@455487;284.6875;7706;-17625;0.9462967;0.026512622;-0.221278432
45613565 Recorder :: {'tlm': {'count': 0, 'max': 12, 'dropped': 0}, 'log': {'count': 0, 'max': 1, 'dropped': 0}, 'session': '20000101_000005_192721'}
192721_accel_adxl375.csv@46315982;1.7639999;0.098;0.147;1
@20000101_000005_192721_accel8;0.196;1
46614138 Recorder :: {'tlm': {'count': 0, 'max': 12, 'dropped': 0}, 'log': {'count': 0, 'max': 1, 'dropped': 0}, 'session': '20000101_000005_192721'}
@2732;0.0193746092;-0.2314756
@20000101_000005_192721_imd747807;1.0150399;-0.010736;0.003904;-252;-28;-98;1
47579312 accel_adxl375 :: probe: device id ...
47580142 accel_adxl375 :: probe: device id ok 0xe5
47580317 accel_adxl375 :: probe: sample ...
47580928 accel_adxl375 :: prob_u_lsm6dso32.csv@47583537;1.01016;-0.00976;0.055632;168;14;7;1
47613591 Recorder :: {'tlm': {'count': 0, 'max': 12, 'dropped': 0}, 'log': {'count': 0, 'max': 5, 'dropped': 0}, 'session': '20000101_000005_192721'}
47886550 airspeed_sdp810 :: probe: data ok -2.90 Pa (0.0 m/s)
47886893 attitude :: probe: gyro rate ...
47887332 baro_bmp280 :: probe: chip id ...
47888030 baro_bmp280 :: probe: chip id ok 0x58
47888283 baro_bmp280 :: probe: read ...
47889759 baro_bmp280 :: probe: read ok 101733 Pa
47890024 baro_icp10111 :: probe: data ...
48196276 baro_icp10111 :: probe: data ok 101617 Pa
48196782 bluetooth :: probe: ble radio ...
48197685 bluetooth :: probe: ble radio ok (active=False)
48197891 cc :: probe: cc link ...
48199007 cc :: probe: cc ok (hub 10.42.0.1:1234, wifi up=True)
48199361 gnss :: probe: nmea link ...
48616629 Recorder :: {'tlm': {'co', 'dropped': 0}, 'log': {'count': 0, 'max': 7, 'dropped': 0}, 'session'@20000101_000005_192721_imu_bno055.csv@48622144;285.125;7743;-17457;0.959553;0.02753234;-0.2070024
@20000101_70.377185832
49625501 Recorder :: {'tlm': {'count': 0, 'max': 12, 'dropped': 0}, 'log': {'count': 0, 'max': 7, 'dropped': 0}, 'session': '20000101_000005_192721'}
49699471 gnss :: probe: nmea link ok (+16 lines, fix=False, sats=0, hdop=25.5)
49699859 health 4lth :: probe: vitals ok (mem_free 32554432, temp 34)
49703416 imu_bno05504171 imu_bno055 :: probe: sample ...
49705449 imu_bno055 :: probe: sample ok heading=285.1 deg
49705665 imu_lsm6dso32 :: probe: who_am_i ...
49706303 imu_lsm6dso32 :: probe: who_am_i ok 0x6c
49706477 imu_lsm6dso32 :: probe: sample ...
49707036 imu_lsm6dso32 :: probe: sample ok 1.01g (-1.0,0.9,-0.6) dps
49707285 laser_agl :: probe: model id ...
49707810 laser_agl :: probe: model id ok 0xeb
49708032 mission :: probe: launch position ...
49708345 mission :: probe: position ok (25.51438, -80.39179)
49709188 power_ina226 :: probe: die id ...
49709704 power_ina226 :: probe: die id ok 0x2260
49709875 power_ina226 :: probe: read ...
49710978 power_ina226 :: probe: read ok 4132 mV 449 mA 1850 mW
49711193 recorder :: probe: recorder rings ...
49711737 recorder :: probe: rings ok ({'tlm': {'count': 0, 'max': 12, 'dropped': 0}, 'log': {'count': 20, 'max': 7, 'dropped': 0}, 'session': '20000101_000005_192721'})
49711955 separation :: probe: separation pin ...
49712221 separation :: probe: pin ok (nested)
50016373 servo_eleron_left :: probe: sweep to min 0 ...
50627104 Recorder :: {'tlm': {'count': 0, 'max': 12, 'dropped': 0}, 'log': {'count': 0, 'max': 23, 'dropped': 0}, 'session': '20000101_000005_192721'}
50635165 servo_eleron_left :: probe: at min 0 ok
50635403 servo_eleron_left :: probe: sweep to max 180 ...
51276709 servo_eleron_left :: probe: at max 180 ok
51276958 servo_eleron_left :: probe: sweep to neutral 90 ...
51645941 Recorder :: {'tlm': {'count': 2, 'max': 12, 'dropped': 0}, 'log': {'count': 0, 'max': 23, 'dropped': 0}, 'session': '20000101_000005_192721'}
51898805 servo_eleron_left :: probe: at neutral 90 ok
51899054 servo_eleron_left :: probe: peak draw 4000 mW over 1750 mW baseline (HIGH -- stall/binding?)
52200363 servo_eleron_right :: probe: sweep to min 0 ...
@20000101s037488;0.026352;0.16104;4795;77;182;1
52661252 Recorder :: {'tlm': {'count': 0, 'max': 12, 'dropped': 0}, 'log': {'count': 0, 'max': 23, 'dropped': 0}, 'session': '20000101_000005_192721'}
52808825 servo_eleron_right :: probe: at min 0 ok
52809067 servo_eleron_right :: probe: sweep to max 180 ...
@20000101_000005_192721_accel_a;0.05856;0.070272;-721;315;420;1
@20000101_000005_192721_acc2;-0.065392;0.216672;-3010;1239;28;1
53437331 servo_eleron_right :: probe: at max 180 ok
53437736 servo_eleron_right :: probe: sweep to neutral 90 ...
53660619 Recorder :: {'tlm': {'count': 0, 'max': 12, 'dropped': 0}, 'log': {'count': 0, 'max': 23, 'dropped': 0}, 'session': '20000101_000005_192721'}
54061115 servo_eleron_right :: probe: at neutral 90 ok
54061364 servo_eleron_right :: probe: peak draw 4125 mW over 2125 mW baseline (HIGH -- stall/binding?)
54366042 servo_yaw :: probe: sweep to min 0 ...
54680829 '101_000005_192721'}
54999885 servo_yaw :: probe: at min 0 ok
55000130 servo_yaw :: probe: sweep to max 180 ...
55620403 servo_yaw :: probe: at max 180 ok
55620646 servo_yaw :: probe: sweep to neutral 90 ...
55701250 Recorder :: {'tlm': {'count': 0, 'max': 12, 'dropped': 0}, 'log': {'count': 0, 'max': 23, 'dropped': 0}, 'session': '20000101_000005_192721'}
@20000101_000005_196;-17882;1.0003416;0.042828084;-0.099932192
56257848 servo_yaw :: probe: at neutral 90 ok
56258099 servo_yaw :: probe: peak draw 2550 mW over 1700 mW baseline
56705403 Recorder :: {'tlm': {'count': 0, 'max': 12, 'dropped': 0}, 'log': {'count': 0, 'max': 23, 'dropped': 0}, 'session': '20000101_000005_192721'}
@20000101_000005_192721_accel_adxl375.csv99;0.343;1
@20000101_6873048;-0.32834864
57711681 Recorder :: {'tlm': {'count': 0, 'max': 12, 'dropped': 0}, 'log': {'count': 0, 'max': 23, 'dropped': 0}, 'session': '20000101_000005_192721'}
@20000101_000005_192721_imu_bno055.v14585;239.0;8618;17743;0.8789954;0.033650636;-0.04894638
58730256 Recorder :: {'tlm': {'count': 4, 'max': 12, 'dropped': 0}, 'log': {'count': 0, 'max': 23, 'dropped': 0}, 'session': '20000101_000005_192721'}
@20000101_000005_192721_imu_bno055.c18730;232.875;8125;14875;0.7525506;-0.08361673;-0.047926664
59741255 Recorder :: {'tlm': {'count': 0, 'max': 12, 'dropped': 0}, 'log': {'count': 0, 'max': 23, 'dropped': 0}, 'session': '20000101_000005_192721'}
60752815 Recorder :: {'tlm': {'count': 0, 'max': 12, 'dropped': 0}, 'log': {'count': 0, 'max': 23, 'dropped': 0}, 'session': '20000101_000005_192721'}
61757728 Recorder :: {'tlm': {'count': 0, 'max': 12, 'dropped': 0}, 'log': {'count': 0, 'max': 23, 'dropped': 0}, 'session': '20000101_000005_192721'}
w345;4127;427;1750;0
@20000101_000005_192721_imu_bno06;-0.1570363;-0.13868141
62757692 Recorder :: {'tlm': {'count': 1, 'max': 12, 'dropped': 0}, 'log': {'count': 0, 'max': 23, 'dropped': 0}, 'session': '20000101_000005_192721'}
@20000101_000005_192721_powe0.054656;-0.0488;-4333;1148;1267;1
63760180 Recorder :: {'tlm': {'count': 2, 'max': 12, 'dropped': 0}, 'log': {'count': 0, 'max': 23, 'dropped': 0}, 'session': '20000101_000005_192721'}
@20000101_000005_192721_imu_bno5.3914873;234.0625;7512;15862;0.774984368;-0.09585333;-0.26716566
@20000101_000005_192721_baro_icp10111.04;33.714752;101615.55;0.51986692
64760478 Recorder :: {'tlm': {'count': 1, 'max': 12, 'dropped': 0}, 'log': {'count': 0, 'max': 23, 'dropped': 0}, 'session': '20000101_000005_192721'}
@20000101_000005_192721_i;16;-6265;1162;-693;1
65794547 Recorder :: {'tlm': {'count': 0, 'max': 12, 'dropped': 0}, 'log': {'count': 0, 'max': 23, 'dropped': 0}, 'session': '20000101_000005_192721'}
@2;0.196;0.539;1
66777864 Recorder :: {'tlm': {'count': 3, 'max': 12, 'dropped': 0}, 'log': {'count': 0, 'max': 23, 'dropped': 0}, 'session': '20000101_000005_192721'}
68326991 Recorder :: {'tlm': {'count': 0, 'max': 12, 'dropped': 0}, 'log': {'count': 0, 'max': 23, 'dropped': 0}, 'session': '20000101_000005_192721'}
69344710 Recorder :: {'tlm': {'count': 2, 'max': 12, 'dropped': 0}, 'log': {'count': 0, 'max': 23, 'dropped': 0}, 'session': '20000101_000005_192721'}
@20000101_000005_192721_imu_lsm6dso32.cs1;040016;1302;-427;-476;1
@200001019.104432;735;1645;924;1
70354944 Recorder :: {'tlm': {'count': 1, 'max': 12, 'dropped': 0}, 'log': {'count': 0, 'max': 23, 'dropped': 0}, 'session': '20000101_000005_192721'}
71364457 Recorder :: {'tlm': {'count': 2, 'max': 12, 'dropped': 0}, 'log': {'count': 0, 'max': 23, 'dropped': 0}, 'session': '20000101_000005_192721'}
72364590 Recorder :: {'tlm': {'count': 1, 'max': 12, 'dropped': 0}, 'log': {'count': 0, 'max': 23, 'dropped': 0}, 'session': '20000101_000005_192721'}
@20000101_000005_192721_imu_lsm6dso32.cs1
@20000101_000005_192721_imd99;1.072624;0.084912;0.132736;-2870;-1043;-70;1
73365824 Recorder :: {'tlm': {'count': 1, 'max': 12, 'dropped': 0}, 'log': {'count': 0, 'max': 23, 'dropped': 0}, 'session': '20000101_000005_192721'}
74367421 Recorder :: {'tlm': {'count': 1, 'max': 12, 'dropped': 0}, 'log': {'count': 0, 'max': 23, 'dropped': 0}, 'session': '20000101_000005_192721'}
@20000101_000005_19878;-1505;1
75376617 Recorder :: {'tlm': {'count': 2, 'max': 12, 'dropped': 0}, 'log': {'count': 0, 'max': 23, 'dropped': 0}, 'session': '20000101_000005_192721'}
@93;17812;1.0574458;0.10299134;-0.113188504
76379774 Recorder :: {'tlm': {'count': 0, 'max': 12, 'dropped': 0}, 'log': {'count': 0, 'max': 23, 'dropped': 0}, 'session': '20000101_000005_192721'}
77380813 Recorder :: {'tlm': {'count': 1, 'max': 12, 'dropped': 0}, 'log': {'count': 0, 'max': 23, 'dropped': 0}, 'session': '20000101_000005_192721'}
78401812 Recorder :: {'tlm': {'count': 1, 'max': 12, 'dropped': 0}, 'log': {'count': 0, 'max': 23, 'dropped': 0}, 'session': '20000101_000005_192721'}
79409309 Recorder :: {'tlm': {'count': 1, 'max': 12, 'dropped': 0}, 'log': {'count': 0, 'max': 23, 'dropped': 0}, 'session': '20000101_000005_192721'}
@20000101_000005_192721_a196;1
80414332 Recorder :: {'tlm': {'count': 1, 'max': 12, 'dropped': 0}, 'log': {'count': 0, 'max': 23, 'dropped': 0}, 'session': '20000101_000005_192721'}
@20000101_000005_192721_accel_adxlv9099984;0.196;0.147;1
@20000101_0000;0.03569007;-0.363019
@20000101_000005_192721_airspeed_sdp81}'log': {'count': 0, 'max': 23, 'dropped': 0}, 'session': '20000101_000005_192721'}
@20000101_000005_192721_a
82419011 Recorder :: {'tlm': {'count': 1, 'max': 12, 'dropped': 0}, 'log': {'count': 0, 'max': 23, 'dropped': 0}, 'session': '20000101_000005_192721'}
@20000;194.0625;6543;14881;0.7097225;-0.22331786;-0.2702248
l, 'max': 23, 'dropped': 0}, 'session': '20000101_000005_192721'}
@20000101_000005_192721_accel_adxl3847;0.147;1
@20000101_06;1
84420256 Recorder :: {'tlm': {'count': 1, 'max': 12, 'dropped': 0}, 'log': {'count': 0, 'max': 23, 'dropped': 0}, 'session': '20000101_000005_192721'}
0o_icp10111.csv@84516689;-24.3459108;33.832244;101617.768;0.33490944
@20000101_000005_192721_imu_lsm6d67196-.154208;0.013664;469;-560;1372;1
101_00005_192721_accel_adxl375.csv@84985605;1.862;0.0;0.196;1
85435673 Recorder :: {'tlm': {'count': 1, 'max': 12, 'dropped': 0}, 'log': {'count': 0, 'max': 23, 'dropped': 0}, 'session': '20000101_000005_192721'}
86437650 Recorder :: {'tlm': {'count': 1, 'max': 12, 'dropped': 0}, 'log': {'count': 0, 'max': 23, 'dropped': 0}, 'session': '20000101_000005_192721'}
87438833 Recorder :: {'tlm': {'count': 0, 'max': 12, 'dropped': 0}, 'log': {'count': 0, 'max': 23, 'dropped': 0}, 'session': '20000101_000005_192721'}
88444688 Recorder :: {'tlm': {'count': 1, 'max': 12, 'dropped': 0}, 'log': {'count': 0, 'max': 23, 'dropped': 0}, 'session': '20000101_000005_192721'}
89465174 Recorder :: {'tlm': {'count': 1, 'max': 12, 'dropped': 0}, 'log': {'count': 0, 'max': 23, 'dropped': 0}, 'session': '20000101_000005_192721'}
90475136 Recorder :: {'tlm': {'count': 0, 'max': 12, 'dropped': 0}, 'log': {'count': 0, 'max': 23, 'dropped': 0}, 'session': '20000101_000005_192721'}
@20000101_000005_192721spv0783362;393;258;3485
@20000101_000005_192721_accel_adxl375.905946;1.7639999;0.098;0.294;1
91482518 Recorder :: {'tlm': {'count': 2, 'max': 12, 'dropped': 0}, 'log': {'count': 0, 'max': 23, 'dropped': 0}, 'session': '00.011712;-91;1526;-189;1
@20000101_00.575162
@200000.294;1
92488436 Recorder :: {'tlm': {'count': 1, 'max': 12, 'dropped': 0}, 'log': {'count': 0, 'max': 23, 'dropped': 0}, 'session': '20000101_000005_192721'}
c;0.343;1
@20000101_000005_192721_accel17;0.392;1
93506217 Recorder :: {'tlm': {'count': 2, 'max': 12, 'dropped': 0}, 'log': {'count': 0, 'max': 23, 'dropped': 0}, 'session': '20000101_000005_192721'}
2721_accel_adxl375.csv@93716310;1.7639999;0.147;0.44099998;1
94514782 Recorder :: {'tlm': {'count': 0, 'max': 12, 'droppe:, {'count': 0, 'max': 23, 'dropped': 0}, 'session': '20000101_000005_192720992;0.033184;-1631;-777;-336;1
@20000101_000005_192721_accel_adxl375.csv17827;1.7149999;0.196;0.196;1
@20000101_000005_192721_accel_ad10.098;0.147;1
@20000101_0000055247773;-198;0;3493
@20000101_000005_192721_airspeed_sdp81c5448224;-260;0;3490
95531398 Recorder :: {'tlm': {'count': 2, 'max': 12, 'dropped': 0}, 'log': {'count': 0, 'max': 23, 'dropped': 0}, 'session': '20000101_000005_192721'}
96553767 Recorder :: {'tlm': {'count': 0, 'max': 12, 'dropped': 0}, 'log': {'count': 0, 'max': 23, 'dropped': 0}, 'session': '20000101_000005_192721'}
97572121 Recorder :: {'tlm': {'count': 3, 'max': 12, 'dropped': 0}, 'log': {'count': 0, 'max': 23, 'dropped': 0}, 'session': '20000101_000005_192721'}
@20000101_000005_192;5;7781;16700;0.9840262;-0.0061182976;-0.27226424
98577353 Recorder :: {'tlm': {'count': 2, 'max': 12, 'dropped': 0}, 'log': {'count': 0, 'max': 23, 'dropped': 0}, 'session': '20000101_000005_192721'}
99582386 Recorder :: {'tlm': {'count': 3, 'max': 12, 'dropped': 0}, 'log': {'count': 0, 'max': 23, 'dropped': 0}, 'session': '20000101_000005_192721'}
100582444 Recorder :: {'tlm': {'count': 2, 'max': 12, 'dropped': 0}, 'log': {'count': 0, 'max': 23, 'dropped': 0}, 'session': '20000101_000005_192.0.030256;-1127;-336;-1029;1
@20000101_000005_192721_acced79372;1.421;0.244999984;0.098;1
@20000101_000005_192721_acc5;34.18;101728.03;2.3384132
102617449 Recorder :: {'tlm': {'count': 6, 'max': 12, 'dropped': 0}, 'log': {'count': 0, 'max': 23, 'dropped': 0}, 'session': '20000101_000005_192721'}
104630621 Recorder :: {'tlm': {'count': 1, 'max': 12, 'dropped': 0}, 'log': {'count': 0, 'max': 23, 'dropped': 0}, 'session': '20000101_000005_192721'}
@20000101_000005_1927s4916809;0.809103936;-0.820816;0.250832;-3549;-602;378;1
105641951 Recorder :: {'tlm': {'count': 2, 'max': 12, 'dropped': 0}, 'log': {'count': 0, 'max': 23, 'dropped': 0}, 'session': '20000101_000005_192721'}
106641872 Recorder :: {'tlm': {'count': 1, 'max': 12, 'dropped': 0}, 'log': {'count': 0, 'max': 23, 'dropped': 0}, 'session': '20000101_000005_192721'}
@20000101_000005_192721_imu_lsm6dso32.c06;-0.72712;-0.262544;-1008;-609;-3892;1
@20000101_0u7345612;220.1875;5406;12231;0.7882407;-0.50985816;-0.2753234
107660415 Recorder :: {'tlm': {'count': 2, 'max': 12, 'dropped': 0}, 'log': {'count': 0, 'max': 23, 'dropped': 0}, 'session': '20000101_000005_192721'}
721_imu_bno055.csv@107713769;193.3125;4450;12500;0.698505636;-0.50577924;-0.37831472
108665514 Recorder :: {'tlm': {'count': 1, 'max': 12, 'dropped': 0}, 'log': {'count': 0, 'max': 23, 'dropped': 0}, 'session': '20000101_000005_192721'}
109702787 Recorder :: {'tlm': {'count': 4, 'max': 12, 'dropped': 0}, 'log': {'count': 0, 'max': 23, 'dropped': 0}, 'session': '20000101_000005_192721'}
110711649 Recorder :: {'tlm': {'count': 1, 'max': 12, 'dropped': 0}, 'log': {'count': 0, 'max': 23, 'dropped': 0}, 'session': '20000101_000005_192721'}
7@20000101_000005_192721_imu_lsm6dso32.csv@111290633;0.949647936;-0.60512;-0.021472;2149;749;-609;1
111721159 Recorder :: {'tlm': {'count': 1, 'max': 12, 'dropped': 0}, 'log': {'count': 0, 'max': 23, 'dropped': 0}, 'session': '20000101_000005_192721'}
@20000101_000005_1927_883133;1.813;-0.588;-0.049;1
112723333 Recorder :: {'tlm': {'count': 1, 'max': 12, 'dropped': 0}, 'log': {'count': 0, 'max': 23, 'dropped': 0}, 'session': '20000101_000005_192721'}
113727876 Recorder :: {'tlm': {'count': 0, 'max': 12, 'dropped': 0}, 'log': {'count': 0, 'max': 23, 'dropped': 0}, 'session': '20000101_000005_192721'}
114743604 Recorder :: {'tlm': {'count': 0, 'max': 12, 'dropped': 0}, 'log': {'count': 0, 'max': 23, 'dropped': 0}, 'session': '20000101_000005_192721'}
115744083 Recorder :: {'tlm': {'count': 0, 'max': 12, 'dropped': 0}, 'log': {'count': 0, 'max': 23, 'dropped': 0}, 'session': '20000101_000005_192721'}
@20000101_000005_192721_imu_bn059028;160.125;7362;13831;0.9483361;-0.04588723;-0.18558836
116743884 Recorder :: {'tlm': {'count': 0, 'max': 12, 'dropped': 0}, 'log': {'count': 0, 'max': 23, 'dropped': 0}, 'session': '20000101_000005_192721'}
118759552 Recorder :: {'tlm': {'count': 1, 'max': 12, 'dropped': 0}, 'log': {'count': 0, 'max': 23, 'dropped': 0}, 'session': '20000101_000005_192721'}
@20000101_000005_192721_airspeed_sdp812704;-187;0;3506
@20000101_000005_192721_imu_ls;98;1
@20000101_000005_192721_accel_adxl3.147;1
@20000101_000005_192721_airspeed_sdp810.cs119314718;1.617;0.147;0.294;1
@20000101_000005_192721_imu_lsm6dso32.cs16226;0.875472;0.08784;0.085888;-3682;1134;-385;1
@20000101_000005_192721_accel_adxl375.csv93;1.7149999;0.049;0.343;1
@3;0.80455616;-0.053025244;-0.03263092
119763754 Recorder :: {'tlm': {'count': 2, 'max': 12, 'dropped': 0}, 'log': {'count': 0, 'max': 23, 'dropped': 0}, 'session': '20000101_000005_192721'}
@20000101_000005_192721_imu_lsm6dso1672959;-0.059536;0.177632;3423;-1428;-2884;1
@20000101_000005_192721_accel_adxl375.c01.862;0.049;0.44099998;1
120764036 Recorder :: {'tlm': {'count': 2, 'max': 12, 'dropped': 0}, 'log': {'count': 0, 'max': 23, 'dropped': 0}, 'session': '20000101_000005_192721'}
@20000101_000005_1l4123;1.7639999;0.0;0.44099998;1
121765915 Recorder :: {'tlm': {'count': 2, 'max': 12, 'dropped': 0}, 'log': {'count': 0, 'max': 23, 'dropped': 0}, 'session': '20000101_000005_192721'}
122785388 Recorder nt': 2, 'max': 12, 'dropped': 0}, 'log': {'count': 0, 'max': 23, 'dropped': 0}, 'session': '20000101_000005_192721'}
000005_192721_imu_lsm6dso32.csv@123114144;1.20048;-0.420656;0.372832;200;-212;0;3514
123785458 Recorder :: {'tlm': {'count': 0, 'max': 12, 'dropped':@20000101_000005_192721_airspeed_sdp810.csv@123787510;-595;0;3510
124801182 Recorder :: {'tlm': {'count': 5, 'max': 12, 'dropped': 0}, 'log': {'count': 0, 'max': 23, 'dropped': 0}, 'session': '20000101_000005_192721'}
@20000101_000005_192721_airspeed_sdp810.c50625;-620;0;3516
@2v@125749286;142.5625;7387;4525;0.9340601;-0.24167276;0.2814417
125805751 Recorder :: {'tlm': {'count': 1, 'max': 12, 'dropped': 0}, 'log': {'count': 0, 'max': 23, 'dropped': 0}, 'session': '20000101_000005_192721'}
126823645 Recorder :: {'tlm': {'count': 2, 'max': 12, 'dropped': 0}, 'log': {'count': 0, 'max': 23, 'dropped': 0}, 'session': '20000101_000005_192721'}
127840401 Recorder :: {'tlm': {'count': 4, 'max': 12, 'dropped': 0}, 'log': {'count': 0, 'max': 23, 'dropped': 0}, 'session': '20000101_000005_192721'}
128848081 Recorder :: {'tlm': {'count': 3, 'max': 12, 'dropped': 0}, 'log': {'count': 0, 'max': 23, 'dropped': 0}, 'session': '20000101_000005_192721'}
@20000101_000005_192721_accel_adxl375.c;;1.16;1
@20000101_00012;-7;35;-105;1
@20000101_000005_192721_o-0.035136;-0.132736;1.014064;7;21;-91;1
129850834 Recorder :: {'tlm': @20000101_000005_192721_laser_agl.csv@129873818;0.02;0
@20000101_000005_192721_accel_adxl375.csv130084626;0.686;0.0;1.176;1
130890545 Recorder :: {'tlm': {'count': 6, 'max': 12, 'dropped': 0}, 'log': {'count': 0, 'max': 23, 'dropped': 0}, 'session': '20000101_000005_192721'}
131891573 Recorder :: {'tlm': {'count': 0, 'max': 12, 'dropped': 0}, 'log': {'count': 0, 'max': 23, 'dropped': 0}, 'session': '20000101_000005_192721'}
@20000101_000005_192721_imu_bno0553519
132901165 Recorder :: {'tlm': {'count': 2, 'max': 12, 'dropped': 0}, 'log': {'count': 0, 'max': 23, 'dropped': 0}, 'session': '20000101_000005_192721'}
133905116 Recorder :: {'tlm': {'count': 3, 'max': 12, 'dropped': 0}, 'log': {'count': 0, 'max': 23, 'dropped': 0}, 'session': '20000101_000005_192721'}
134906254 Recorder :: {'tlm': {'count': 1, 'max': 12, 'dropped': 0}, 'log': {'count': 0, 'max': 23, 'dropped': 0}, 'session': '20000101_000005_192721'}
135955884 Recorder :: {'tlm': {'count': 5, 'max': 12, 'dropped': 0}, 'log': {'count': 0, 'max': 23, 'dropped': 0}, 'session': '20000101_000005_192721'}
@20000101_000005_192721_.;-65;0;3521
@20000101_000005_19272o3110;292.125;931;643;0.16009546;-0.09891248;0.9768882
@20000101_00000536786132;67;106;3523
136956556 Recorder :: {'tlm': {'count': 1, 'max': 12, 'dropped': 0}, 'log': {'count': 0, 'max': 23, 'dropped': 0}, 'session': '20000101_000005_192721'}
3@20000101_000005_192721_imu_lsm6dso32.csv@137087212;-0.031232;-0.137616;1.0111359;-14;35;-98;1
@20000101_000005_192751;0.686;0.049;1.176;1
137972035 Recorder :: {'tlm': {'count': 0, 'max': 12, 'dropped': 0}, 'log': {'count': 0, 'max': 23, 'dropped': 0}, 'session': '20000101_000005_192721'}
138971688 Recorder :: {'tlm': {'count': 1, 'max': 12, 'dropped': 0}, 'log': {'count': 0, 'max': 23, 'dropped': 0}, 'session': '20000101_000005_192721'}
139979006 Recorder :: {'tlm': {'count': 2, 'max': 12, 'dropped': 0}, 'log': {'count': 0, 'max': 23, 'dropped': 0}, 'session': '20000101_000005_192721'}
141001394 Recorder :: {'tlm': {'count': 3, 'max': 12, 'dropped': 0}, 'log': {'count': 0, 'max': 23, 'dropped': 0}, 'session': '20000101_000005_192721'}
@20000101_000005_192721_accel_adxl3.4;.686;0.049;1.225;1
142013621 Recorder :: {'tlm': {'count': 0, 'max': 12, 'dropped': 0}, 'log': {'count': 0, 'max': 23, 'dropped': 0}, 'session': '20000101_000005_192721'}
@20000101_000005_192721_laser_as70.02;1
-105;1
143014241 Recorder :: {'tlm': {'count': 0, 'max': 12, 'dropped': 0}, 'log': {'count': 0, 'max': 23, 'dropped': 0}, 'session': '20000101_000005_192721'}
144030457 Recorder :: {'tlm': {'count': 2, 'max': 12, 'dropped': 0}, 'log': {'count': 0, 'max': 23, 'dropped': 0}, 'session': '20000101_000005_192721'}
@20000101_000005_192721_imu_lsm6ds0.43472;1.012112;-84;42;-98;1
@20000101_000005_192721_imu_bno0559517;-0.099932192;0.9799473
145042882 Recorder :: {'tlm': {'count': 0, 'max': 12, 'dropped': 0}, 'log': {'count': 0, 'max': 23, 'dropped': 0}, 'session': '20000101_000005_192721'}
@200001070363;-0.10299134;0.97382904
5055.csv@145978118;292.125;931;643;0.15805602;-0.10401106;0.97484872
146057646 Recorder :: {'tlm': {'count': 1, 'max': 12, 'dropped': 0}, 'log': {'count': 0, 'max': 23, 'dropped': 0}, 'session': '20000101_000005_192721'}
147058673 Recorder :: {'tlm': {'count': 1, 'max': 12, 'dropped': 0}, 'log': {'count': 0, 'max': 23, 'dropped': 0}, 'session': '20000101_000005_192721'}
148064822 Recorder :: {'tlm': {'count': 1, 'max': 12, 'dropped': 0}, 'log': {'count': 0, 'max': 23, 'dropped': 0}, 'session': '20000101_000005_192721'}
149084846 Recorder :: {'tlm': {'count': 3, 'max': 12, 'dropped': 0}, 'log': {'count': 0, 'max': 23, 'dropped': 0}, 'session': '20000101_000005_192721'}
@20000101_000005_192721_a7686;0.0;1.225;1
150085208 Recorder :: {'tlm': {'count': 2, 'max': 12, 'dropped': 0}, 'log': {'count': 0, 'max192721_imu_lsm6dso32.csv@150087031;-0.033184;-0.143472;1.008208;-56;49;-98;1
151088921 Recorder :: {'tlm': {'count': 2, 'max': 12, 'dropped': 0}, 'log': {'count': 0, 'max': 23, 'dropped': 0}, 'session': '20000101_000005_192721'}
@20000101_000005_192721_ac296;0.0;1.225;1
152091175 Recorder :: {'tlm': {'count': 0, 'max': 12, 'dropped': 0}, 'log': {'count': 0, 'max': 23, 'dropped': 0}, 'session': '20000101_000005_192721'}
@20000101_000005_192721_laser_agc51;0.021;1
@20000102322080.140544;1.013088;-84;42;-105;1
153096711 Recorder :: {'tlm': {'count': 1, 'max': 12, 'dropped': 0}, 'log': {'count': 0, 'max': 23, 'dropped': 0}, 'session': '20000101_000005_192721'}
@20000101_000005_192721_accex117163;0.686;0.0;1.2739999;1
@20000101_000005_153318775;0.686;0.049;1.225;1
154103623 Recorder :: {'tlm': {'count': 2, 'max': 12, 'dropped': 0}, 'log': {'count': 0, 'max': 23, 'dropped': 0}, 'session': '20000101_000005_192721'}
@20000101_000005_192721_gnss_gga.cs0.0;0;0;2550
155105892 Recorder :: {'tlm': {'count': 2, 'max': 12, 'dropped': 0}, 'log': {'count': 0, 'max': 23, 'dropped': 0}, 'session': '20000101_000005_192721'}
156110946 Recorder :: {'tlm': {'count': 3, 'max': 12, 'dropped': 0}, 'log': {'count': 0, 'max': 23, 'dropped': 0}, 'session': '20000101_000005_192721'}
157136658 Recorder :: {'tlm': {'count': 2, 'max': 12, 'dropped': 0}, 'log': {'count': 0, 'max': 23, 'dropped': 0}, 'session': '20000101_000005_192721'}
@20000101_000005_192721_baro_icp10111193;-24.023554;34.401016;101613.868;0.6572666
158147830 Recorder :: {'tlm': {'count': 1, 'max': 12, 'dropped': 0}, 'log': {'count': 0, 'max': 23, 'dropped': 0}, 'session': '20000101_000005_192721'}
@20000101_000005_192721_accel_adxl375.cs61
159147974 Recorder :: {'tlm': {'count': 1, 'max': 12, 'dropped': 0}, 'log': {'count': 0, 'max': 23, 'dropped': 0}, 'session': '20000101_000005_192721'}
@2000010o7;-0.031232;-0.147376;1.009184;-49;28;-105;1
@20000101_000005_192721_airspeed;4100;503;2050;0
@2000010-0.14249599;1.01016;-119;35;-112;1
160148223 Recorder :: {'tlm': {'count': 0, 'max': 12, 'dropped': 0}, 'log': {'count': 0, 'max': 23, 'dropped': 0}, 'session': '20000101_000005_192721'}
161160648 Recorder :: {'tlm': {'count': 2, 'max': 12, 'dropped': 0}, 'log': {'count': 0, 'max': 23, 'dropped': 0}, 'session': '20000101_000005_192721'}
@20000101_000005_192721_accel_adls12;0.686;0.0;1.225;1
162162358 Recorder :: {'tlm': {'count': 0, 'max': 12, 'dropped': 0}, 'log': {'count': 0, 'max': 23, 'dropped': 0}, 'session': '20000101_000005_192721'}
163162933 Recorder :: {'tlm': {'count': 2, 'max': 12, 'dropped': 0}, 'log': {'count': 0, 'max': 23, 'dropped': 0}, 'session': '20000101_000005_192721'}
164164266 Recorder :: {'tlm': {'count': 0, 'max': 12, 'dropped': 0}, 'log': {'count': 0, 'max': 23, 'dropped': 0}, 'session': '20000101_000005_192721'}
165168095 Recorder :: {'tlm': {'count': 2, 'max': 12, 'dropped': 0}, 'log': {'count': 0, 'max': 23, 'dropped': 0}, 'session': '20000101_000005_192721'}
166168268 Recorder :: {'tlm': {'count': 2, 'max': 12, 'dropped': 0}, 'log': {'count': 0, 'max': 23, 'dropped': 0}, 'session': '20000101_000005_192721'}
167167915 Recorder :: {'tlm': {'count': 1, 'max': 12, 'dropped': 0}, 'log': {'count': 0, 'max': 23, 'dropped': 0}, 'session': '20000101_000005_192721'}
@20000101_000005_192721_accel_adxl37.167348669;0.686;0.0;1.176;1
168168134 Recorder :: {'tlm': {'count': 1, 'max': 12, 'dropped': 0}, 'log': {'count': 0, 'max': 23, 'dropped': 0}, 'session': '20000101_000005_192721'}
@20000101_000005_192721_ae5168746126;0.63699996;0.0;1.176;1
@20000101_000005_192721_imu_bno055.cs02;0
@2000010
iu_bno055.csv@168817007;292.125;931;656;0.15805602;-0.10095191;0.9768882
169182372 Recorder :: {'tlm': {'count': 2, 'max': 12, 'dropped': 0}, 'log': {'count': 0, 'max': 23, 'dropped': 0}, 'session': '20000101_000005_192721'}
@2000010649802;-275;0;3548
170194733 Recorder :: {'tlm': {'count': 2, 'max': 12, 'dropped': 0}, 'log': {'count': 0, 'max': 23, 'dropped': 0}, 'session': '20000101_000005_192721'}
171193898 Recorder :: {'tlm': {'count': 0, 'max': 12, 'dropped': 0}, 'log': {'count': 0, 'max': 23, 'dropped': 0}, 'session': '20000101_000005_192721'}
@2000010170363;-0.10401106;0.9779079
0101_000005_192721_accel_adxl375.csv@172052415;0.63699996;0.0;1.176;1
172200649 Recorder :: {'tlm': {'count': 1, 'max': 12, 'dropped': 0}, 'log': {'count': 0, 'max': 23, 'dropped': 0}, 'session': '20000101_000005_192721'}
@20000101_000005_192721_accel_adxl375.csv91.176;1
173214364 Recorder :: {'tlm': {'count': 0, 'max': 12, 'dropped': 0}, 'log': {'count': 0, 'max': 23, 'dropped': 0}, 'session': '20000101_000005_192721'}
174224221 Recorder :: {'tlm': {'count': 0, 'max': 12, 'dropped': 0}, 'log': {'count': 0, 'max': 23, 'dropped': 0}, 'session': '20000101_000005_192721'}
@2000010_8;0.0;1.127;1
175225297 Recorder :: {'tlm': {'count': 0, 'max': 12, 'dropped': 0}, 'log': {'count': 0, 'max': 23, 'dropped': 0}, 'session': '20000101_000005_192721'}
@2981986736
@20000101_000005_192721_baro_icp10.67;-24.060546;34.566576;101614.32;0.6202736
@20000101_000005_192721_accel_ad56399996;0.049;1.176;1
176265664 Recorder :: {'tlm': {'count': 1, 'max': 12, 'dropped': 0}, 'log': {'count': 0, 'max': 23, 'dropped': 0}, 'session': '20000101_000005_192721'}
177266822 Recorder :: {'tlm': {'count': 2, 'max': 12, 'dropped': 0}, 'log': {'count': 0, 'max': 23, 'dropped': 0}, 'session': '20000101_000005_192721'}
@20000101_000005_192721_accel_adxl375.s4351;0.686;0.049;1.225;1
@2000010v0.049;1.225;1
@2000010110299134;0.9728093
178267093 Recorder :: {'tlm': {'count': 0, 'max': 12, 'dropped': 0}, 'log': {'count': 0, 'max': 23, 'dropped': 0}, 'session': '20000101_000005_192721'}
179272088 Recorder :: {'tlm': {'count': 2, 'max': 12, 'dropped': 0}, 'log': {'count': 0, 'max': 23, 'dropped': 0}, 'session': '20000101_000005_192721'}
@20000101_000005_192721_x6.833;-0.049;1.4699999;1
180271801 Recorder :: {'tlm': {'count': 0, 'max': 12, 'dropped': 0}, 'log': {'count': 0, 'max': 23, 'dropped': 0}, 'session': '20000101_000005_192721'}
181273838 Recorder :: {'tlm': {'count': 0, 'max': 12, 'dropped': 0}, 'log': {'count': 0, 'max': 23, 'dropped': 0}, 'session': '20000101_000005_192721'}
@20000101_000005_192721_h;.97;3.0888176
182299626 Recorder :: {'tlm': {'count': 5, 'max': 12, 'dropped': 0}, 'log': {'count': 0, 'max': 23, 'dropped': 0}, 'session': '20000101_000005_192721'}
183300161 Recorder :: {'tlm': {'count': 0, 'max': 12, 'dropped': 0}, 'log': {'count': 0, 'max': 23, 'dropped': 0}, 'session': '20000101_000005_192721'}
@2000010.343;1
184301024 Recorder :: {'tlm': {'count': 2, 'max': 12, 'dropped': 0}, 'log': {'count': 0, 'max': 23, 'dropped': 0}, 'session': '20000101_000005_192721'}
185305090 Recorder :: {'tlm': {'count': 0, 'max': 12, 'dropped': 0}, 'log': {'count': 0, 'max': 23, 'dropped': 0}, 'session': '20000101_000005_192721'}
00005_192721_imu_lsm6dso32.csv@185417120;1.00528;-0.041968;0.154208;-105;
@20000101_000005_192721_imu_bno055.;0.96771068;-0.03263092;-0.14276028
186316289 Recorder :: {'tlm': {'count': 1, 'max': 12, 'dropped': 0}, 'log': {'count': 0, 'max': 23, 'dropped': 0}, 'session': '20000101_000005_192721'}
187321547 Recorder :: {'tlm': {'count': 6, 'max': 12, 'dropped': 0}, 'log': {'count': 0, 'max': 23, 'dropped': 0}, 'session': '20000101_000005_192721'}
188324518 Recorder :: {'tlm': {'count': 0, 'max': 12, 'dropped': 0}, 'log': {'count': 0, 'max': 23, 'dropped': 0}, 'session': '20000101_000005_192721'}
189351034 Recorder :: {'tl005_192721'}
190354490 Recorder :: {'tlm': {'count': 0, 'max': 12, 'dropped': 0}, 'log': {'count': 0, 'max': 23, 'dropped': 0}, 'session': '20000101_000005_192721'}
191359413 Recorder :: {'tlm': {'count': 0, 'max': 12, 'dropped': 0}, 'log': {'count': 0, 'max': 23, 'dropped': 0}, 'session': '20000101_000005_192721'}
@20000102;1.0043039;-0.049776;0.130784;-56;42;-189;1
192365160 Recorder :: {'tlm': {'count': 1, 'max': 12, 'dropped': 0}, 'log': {'count': 0, 'max': 23, 'dropped': 0}, 'session': '20000101_000005_192721'}
92853307;-183;0;3571
193365324 Recorder :: {'tlm': {'count': 0, 'max': 12, 'dropped': 0}, 'log': {'count': 0, 'max': 23, 'dropped': 0}, 'session': '20000101_000005_192721'}
@20000101_000005;-16919;0.9534347;0.04894638;-0.22739672
194377432 Recorder :: {'tlm': {'count': 1, 'max': 12, 'dropped': 0}, 'log': {'count': 0, 'max': 23, 'dropped': 0}, 'session': '20000101_000005_192721'}
@20000101_000005_192721_imu_lsm6dso32.csv620.091744;49;-56;14;1
@20000101_000005_192721_airspeed_sdp94687258;-32;0;3575
195382150 Recorder :: {'tlm': {'count': 1, 'max': 12, 'dropped': 0}, 'log': {'count': 0, 'max': 23, 'dropped': 0}, 'session': '20000101_000005_192721'}
@20000101_000005_192721_power_ina226.68;452;1850;0
196396218 Recorder :: {'tlm': {'count': 1, 'max': 12, 'dropped': 0}, 'log': {'count': 0, 'max': 23, 'dropped': 0}, 'session': '20000101_000005_192721'}
@20000101_000005_192721_imu_bno055.c462;17875;0.9462967;0.0387492184;-0.25492908
197399340 Recorder :: {'tlm': {'count': 0, 'max': 12, 'dropped': 0}, 'log': {'count': 0, 'max': 23, 'dropped': 0}, 'session': '20000101_000005_192721'}
198403408 Recorder :: {'tlm': {'count': 1, 'max': 12, 'dropped': 0}, 'log': {'count': 0, 'max': 23, 'dropped': 0}, 'session': '20000101_000005_192721'}
199406115 Recorder :: {'tlm': {'count': 1, 'max': 12, 'dropped': 0}, 'log': {'count': 0, 'max': 23, 'dropped': 0}, 'session': '20000101_000005_192721'}
@20000101_000005_19272i.9912939;74.1875;7525;-17944;0.94425732;0.021414042;-0.26104736
200412810 Recorder :: {'tlm': {'count': 6, 'max': 12, 'dropped': 0}, 'log': {'count': 0, 'max': 23, 'dropped': 0}, 'session'20_000005_192721'}
@20000101_000005_192721_imu_bn4723;62.6875;7218;16012;0.9146855;-0.14887858;-0.28552056
@20000101_000005_192721_imu_lsm6dov.99064;-0.114191992;-0.011712;742;147;-119;1
201433059 Recorder :: {'tlm': {'count': 1, 'max': 12, 'dropped': 0}, 'log': {'count': 0, 'max': 23, 'dropped': 0}, 'session': '20000101_000005_192721'}
0005_192721_airspeed_sdp810.csv@202117543;517;296;3582
202432831 Recorder :: {'tlm': {'count': 0, 'max': 12, 'dropped': 0}, 'log': {'count': 0, 'max': 23, 'dropped': 0}, 'session': '20000101_000005_192721'}
@20000101_000005_192721_imu_lsm6dss03;1.012112;-0.127856;-0.000976;-119;147;-28;1
203433215 Recorder :: {'tlm': {'count': 3, 'max': 12, 'dropped': 0}, 'log': {'count': 0, 'max': 23, 'dropped': 0}, 'session': '20000101_000005_192721'}
@20000101_000005_192721_accel_adx099;0.049;0.196;1
204433032 Recorder :: {'tlm': {'count': 0, 'max': 12, 'dropped': 0}, 'log': {'count': 0, 'max': 23, 'dropped': 0}, 'session': '20000101_000005_192721'}
205460621 Recorder :: {'tlm': {'count': 5, 'max': 12, 'dropped': 0}, 'log': {'count': 0, 'max': 23, 'dropped': 0}, 'session': '20000101_000005_192721'}
@20000101_000005_192721_accel_adxl375.cv;469;3587
206461513 Recorder :: {'tlm': {'count': 2, 'max': 12, 'dropped': 0}, 'log': {'count': 0, 'max': 23, 'dropped': 0}, 'session': '20000101_000005_192721'}
05_192721_accel_adxl375.csv@206719817;0.833;0.147;1.323;1
207472734 Recorder :: {'tlm': {'count': 2, 'max': 12, 'dropped': 0}, 'log': {'count': 0, 'max': 23, 'dropped': 0}, 'session': '20000101_000005_192721'}
imu_bno055.csv@207649021;350.3125;2825;1381;0.4129851;-0.219239;0.90652776
208475931 Recorder :: {'tlm': {'count': 2, 'max': 12, 'dropped': 0}, 'log': {'count': 0, 'max': 23, 'dropped': 0}, 'session': '20000101_000005_192721'}
@20000101_000005_192721_im07;0.191296;-0.110287992;1.0287039;1204;308;245;1
209493769 Recorder :: {'tlm': {'count': 1, 'max': 12, 'dropped': 0}, 'log': {'count': 0, 'max': 23, 'dropped': 0}, 'session': '20000101_000005_192721'}
210495583 Recorder :: {'tlm': {'count': 0, 'max': 12, 'dropped': 0}, 'log': {'count': 0, 'max': 23, 'dropped': 0}, 'session': '20000101_000005_192721'}
211497851 Recorder :: {'tlm': {'count': 0, 'max': 12, 'dropped': 0}, 'log': {'count': 0, 'max': 23, 'dropped': 0}, 'session': '20000101_000005_192721'}
@20000101;-721;1
@20000101_0000044;0.89304;-1995;-371;-567;1
212497730 Recorder :: {'tlm': {'count': 1, 'max': 12, 'dropped': 0}, 'log': {'count': 0, 'max': 23, 'dropped': 0}, 'session': '20000101_000005_192721'}
213501030 Recorder :: {'tlm': {'count': 1, 'max': 12, 'dropped': 0}, 'log': {'count': 0, 'max': 23, 'dropped': 0}, 'session': '20000101_000005_192721'}
@20000101_000005_192721_power_ina226.cs1;4086;511;2075;0
@20000101_00000
@2000010.0.289872;0.911583936;-350;-406;-245;1
214524534 Recorder :: {'tlm': {'count': 0, 'max': 12, 'dropped': 0}, 'log': {'count': 0, 'max': 23, 'dropped': 0}, 'session': '20000101_000005_192721'}
215582693 Recorder :: {'tlm': {'count': 4, 'max': 12, 'dropped': 0}@20000101_000005_192721_baro_bmp280.csv@215586235;-33.19753;34.83;101724.36;2.6396332
@2000010105;0.637;1
@4956;925;0.32223034;-0.113188504;0.94425732
@20000101_000005_192721_airsp98
@20000101_000005_1927u9241;349.0625;2087;931;0.33956552;-0.14072084;0.918764336
@20000101_000005_192721_imu_lsm6dso32.6;-0.071247992;0.96136;-567;-266;-1099;1
@20000101_000005_192721_accel_adlm': {'count': 3, 'max': 12, 'dropped': 0}, 'log': {'count': 0, 'max':opped': 0}, 'session': '20000101_000005_192721'}
@20000101_000005_192721_sv217546415;0.124928;-0.09272;0.892064;1526;532;-294;1
217603349 Recorder :: {'tlm': {'count': 0, 'max': 12, 'dropped': 0}, 'log': {'count': 0, 'max': 23, 'dropped': 0}, 'session': '20000101_000005_192721'}
@20000102;-0.228383984;1.038464;1176;350;154;1
218614637 Recorder :: {'tlm': {'count': 0, 'max': 12, 'dropped': 0}, 'log': {'count': 0, 'max': 23, 'dropped': 0}, 'session': '20000101_000005_192721'}
@20000101_000005_192721_airsped02;653;332;3598
219624710 Recorder :: {'tlm': {'count': 1, 'max': 12, 'dropped': 0}, 'log': {'count': 0, 'max': 23, 'dropped': 0}, 'session': '20000101_000005_192721'}
@20000101_00o5.c1;348.0625;1487;1687;0.28042196;-0.25900792;1.0339923
@20000101_000005_192721_imu_bn0;-1670;0;3596
220624959 Recorder :: {'tlm': {'count': 0, 'max': 12, 'dropped': 0}, 'log': {'count': 0, 'max': 23, 'dropped': 0}, 'session': '20000101_000005_192721'}
@20000120;0.833;0.0;1.2739999;1
221627558 Recorder :: {'tlm': {'count': 0, 'max': 12, 'dropped': 0}, 'log': {'count': 0, 'max': 23, 'dropped': 0}, 'session': '20000101_000005_192721'}
@20000101_000005_192721_imu_lsm6dso3260.015616;0.77592;1232;-756;-609;1
222627352 Recorder :: {'tlm': {'count': 1, 'max': 12, 'dropped': 0}, 'log': {'count': 0, 'max': 23, 'dropped': 0}, 'session': '20000101_000005_192721'}
@20000101_000005_192721_216648;0.563152;-0.021472;0.901824;1729;-273;266;1
@2000010176;0.196;0.979999936;1
223635861 Recorder :: {'tlm': {'count': 1, 'max': 12, 'dropped': 0}, 'log': {'count': 0, 'max': 23, 'dropped': 0}, 'session': '20000101_000005_192721'}
@20000101;0.968192;2926;350;56;1
224637862 Recorder :: {'tlm': {'count': 0, 'max': 12, 'dropped': 0}, 'log': {'count': 0, 'max': 23, 'dropped': 0}, 'session': '20000101_000005_192721'}
@20000101_000005_192721_accel_a73;0.833;0.098;1.078;1
225644243 Recorder :: {'tlm': {'count': 0, 'max': 12, 'dropped': 0}, 'log': {'count': 0, 'max': 23, 'dropped': 0}, 'session': '20000101_000005_192721'}
2266521d{'count': 1, 'max': 12, 'dropped': 0}, 'log': {'count': 0, 'max': 23, '827;34.870988;101613.84;0.66255
@20000101_000005_192721_accels05;0.784;0.294;1.176;1
@20000101_000005_192721_airspeed_sdp8192.0530472
@200001017328;1.099952;1134;-2807;3514;1
227661688 Recorder :: {'tlm': {'count': 2, 'max': 12, 'dropped': 0}, 'log': {'count': 0, 'max': 23, 'dropped': 0}, 'session': '20000101_000005_192721'}
@20000101_21050;0.074176;-0.093696;0.952576;-945;1624;3220;1
228670852 Recorder :: {'tlm': {'count': 0, 'max': 12, 'dropped': 0}, 'log': {'count': 0, 'max': 23, 'dropped': 0}, 'session': '20000101_000005_192721'}
@20000101_000005_192721_laser_agl.707;3612
229673284 Recorder :: {'tlm': {'count': 1, 'max': 12, 'dropped': 0}, 'log': {'count': 0, 'max': 23, 'dropped': 0}, 'session': '20000101_000005_192721'}
@20000101a29950587;0.63699996;0.0;1.2739999;1
@20000101_000005_192721_airspee131;3609
230675006 Recorder :: {'tlm': {'count': 0, 'max': 12, 'dropped': 0}, 'log': {'count': 0, 'max': 23, 'dropped': 0}, 'session': '20000101_000005_192721'}
231681614 Recorder :: {'tlm': {'count': 2, 'max': 12, 'dropped': 0}, 'log': {'count': 0, 'max': 23, 'dropped': 0}, 'session': '20000101_000005_192721'}
232682404 Recorder :: {'tlm': {'count': 1, 'max': 12, 'dropped': 0}, 'log': {'count': 0, 'max': 23, 'dropped': 0}, 'session': '20000101_000005_192721'}
0005_192721_airspeed_sdp810.csv@232817451;193;180;3616
11_power_ina226.csv@233218403;4085;526;2150;0
233694876 Recorder :: {'tlm': {'count': 2, 'max': 12, 'dropped': 0}, 'log': {'count': 0, 'max': 23, 'dropped': 0}, 'session': '20000101_000005_192721'}
1u_sm6dso32.csv@233715625;0.40796798;0.425535968;0.56803196;1393;1631;19811
2234078091;0.143472;0.571936;1.009184;-700;-280;-3948;1
@204452184;-325;0;3612
234701841 Recorder :: {'tlm': {'count': 0, 'max': 12, 'dropped': 0}, 'log': {'count': 0, 'max': 23, 'dropped': 0}, 'session': '20000101_000005_192721'}
235702360 Recorder :: {'tlm': {'count': 1, 'max': 12, 'dropped': 0}, 'log': {'count': 0, 'max': 23, 'dropped': 0}, 'session': '20000101_000005_192721'}
@20000101_00007;34.924392;101608.38;1.1170216
236723386 Recorder :: {'tlm': {'count': 0, 'max': 12, 'dropped': 0}, 'log': {'count': 0, 'max': 23, 'dropped': 0}, 'session': '20000101_000005_192721'}
237727330 Recorder :: {'tlm': {'count': 1, 'max': 12, 'dropped': 0}, 'log': {'count': 0, 'max': 23, 'dropped': 0}, 'session': '20000101_000005_192721'}
238780251 Recorder :: {'tlm': {'count': 4, 'max': 12, 'dropped': 0}, 'log': {'count': 0, 'max': 23, 'dropped': 0}, 'session': '20000101_000005_192721'}
239780115 Recorder :: {'tlm': {'count': 0, 'max': 12, 'dropped': 0}, 'log': {'count': 0, 'max': 23, 'dropped': 0}, 'session': '20000101_000005_192721'}
@20000101_000005_192721_baro_ic1.953764;101609.33;1.037754
240779934 Recorder :: {'tlm': {'count': 0, 'max': 12, 'dropped': 0}, 'log': {'count': 0, 'max': 23, 'dropped': 0}, 'session': '20000101_000005_192721'}
241779945 Recorder :: {'tlm': {'count': 2, 'max': 12, 'dropped': 0}, 'log': {'count': 0, 'max': 23, 'dropped': 0}, 'session': '20000101_000005_192721'}
242789375 Recorder :: {'tlm': {'count': 1, 'max': 12, 'dropped': 0}, 'log': {'count': 0, 'max': 23, 'dropped': 0}, 'session': '20000101_000005_192721'}
243789527 Recorder :: {'tlm': {'count': 1, 'max': 12, 'dropped': 0}, 'log': {'count': 0, 'max': 23, 'dropped': 0}, 'session': '20000101_000005_192721'}
244792379 Recorder :: {'tlm': {'count': 1, 'max': 12, 'dropped': 0}, 'log': {'count': 0, 'max': 23, 'dropped': 0}, 'session': '20000101_000005_192721'}
245813735 Recorder :: {'tlm': {'count': 0, 'max': 12, 'dropped': 0}, 'log': {'count': 0, 'max': 23, 'dropped': 0}, 'session': '20000101_000005_192721'}
246827743 Recorder :: {'tlm': {'count': 0, 'max': 12, 'dropped': 0}, 'log': {'count': 0, 'max': 23, 'dropped': 0}, 'session': '20000101_000005_192721'}
0000101_000005_192721_baro_bmp280.csv@246948612;-33.086556;35.06;101723.03;2.7506066
247830581 Recorder :: {'tlm': {'count': 2, 'max': 12, 'dropped': 0}, 'log': {'count': 0, 'max': 23, 'dropped': 0}, 'session': '20000101_000005_192721'}
248834475 Recorder :: {'tlm': {'count': 1, 'max': 12, 'dropped': 0}, 'log': {'count': 0, 'max': 23, 'dropped': 0}, 'session': '20000101_000005_192721'}
@003456;357;-112;-1638;1
@20000103628
@20000101 max': 23, 'dropped': 0}, 'session': '20000101_000005_192721'}
@20000101_000005_1689792;0.40504;490;-511;602;1
@20000101_000005_192721_accel_adxl375.csv;1.568;0.049;0.686;1
250857132 Recorder :: {'tlm': {'count': 0, 'max': 12, 'dropped': 0}, 'log': {'count': 0, 'max': 23, 'dropped': 0}, 'session': '20000101_000005_192721'}
251857976 Recorder :: {'tlm': {'count': 1, 'max': 12, 'dropped': 0}, 'log': {'count': 0, 'max': 23, 'dropped': 0}, 'session': '20000101_000005_192721'}
.31
252897561 Recorder :: {'tlm': {'count': 2, 'max': 12, 'dropped': 0}, 'log': {'count': 0, 'max': 23, 'dropped': 0}, 'session': '20000101_000005_192721'}
@20000101_000005_192721_imu_lsm6dso32.38376;0.242048;0.06832;1372;1085;-1099;1
253903921 Recorder :: {'tlm': {'count': 0, 'max': 12, 'dropped': 0}, 'log': {'count': 0, 'max': 23, 'dropped': 0}, 'session': '20000101_000005_192721'}
254903957 Recorder :: {'tlm': {'count': 0, 'max': 12, 'dropped': 0}, 'log': {'count': 0, 'max': 23, 'dropped': 0}, 'session': '20000101_000005_192721'}
@20000101_000005_192721_ai-548;0;3635
255905517 Recorder :: {'tlm': {'count': 1, 'max': 12, 'dropped': 0}, 'log': {'count': 0, 'max': 23, 'dropped': 0}, 'session': '20000101_000005_192721'}
@20000101_000005_192721_imu_l347765;0.802271936;0.204959984;-0.09272;-8820;-1225;-952;1
256914802 Recorder :: {'tlm': {'count': 1, 'max': 12, 'dropped': 0}, 'log': {'count': 0, 'max': 23, 'dropped': 0}, 'session': '20000101_000005_192721'}
257962928 Recorder :: {'tlm': {'count': 3, 'max': 12, 'dropped': 0}, 'log': {'count': 0, 'max': 23, 'dropped': 0}, 'session': '20000101_000005_192721'}
258969810 Recorder :: {'tlm': {'count': 5, 'max': 12, 'dropped': 0}, 'log': {'count': 0, 'max': 23, 'dropped': 0}, 'session': '20000101_000005_192721'}
@20000101_000005_192721_imu_v625;5625;17637;0.91162632;-0.056084396;-0.7138014
259976053 Recorder :: {'tlm': {'count': 2, 'max': 12, 'dropped': 0}, 'log': {'count': 0, 'max': 23, 'dropped': 0}, 'session': '20000101_000005_192721'}
@20000101_000005_192721_imu_lsm6dso32.909272;-0.513376;-7154;-392;-2723;1
@20000101_000005_192721_power_ina22.24083;464;1875;0
2609882{'tlm': {'count': 1, 'max': 12, 'dropped': 0}, 'log': {'count': 0, 'max': 23, 'dropped': 0}, 'session': '20000101_000005_192721'}
262000682 Recorder :: {'tlm': {'count': 1, 'max': 12, 'dropped': 0}, 'log': {'count': 0, 'max': 23, 'dropped': 0}, 'session': '20000101_000005_192721'}
@20000101_000005_192721_imu_bno04945624
@20000101_000005_192721_airspeeddc0611;-1082;0;3646
263003757 Recorder :: {'tlm': {'count': 0, 'max': 12, 'dropped': 0}, 'log': {'count': 0, 'max': 23, 'dropped': 0}, 'session': '20000101_000005_192721'}
@20000101_000005_192721_baro_ic.183312;35.041884;101603.74;1.497509
@20000101_000005_192721_airspeed_s.06;-193;0;3646
264004917 Recorder :: {'tlm': {'count': 1, 'max': 12, 'dropped': 0}, 'log': {'count': 0, 'max': 23, 'dropped': 0}, 'session': '20000101_000005_192721'}
001_000005_192721_airspeed_sdp810.csv@264452167;-550;0;3647
265010045 Recorder :: {'tlm': {'count': 1, 'max': 12, 'dropped': 0}, 'log': {'count': 0, 'max': 23, 'dropped': 0}, 'session': '20000101_000005_192721'}
@2000011
266014915 Recorder :: {'tlm': {'count': 2, 'max': 12, 'dropped': 0}, 'log': {'count': 0, 'max': 23, 'dropped': 0}, 'session': '20000101_000005_192721'}
@20000101_000005_192721_airsp881;-112;0;3648
@20000101_000005_192721_imu_bno05e66220690;-192;0;3649
@20000101_000005_1
_000005_192721_airspeed_sdp810.csv@266249887;-172;0;3647
@20000101_0000083;0.02;0
267032997 Recorder :: {'tlm': {'count': 3, 'max': 12, 'dropped': 0}, 'log': {'count': 0, 'max': 23, 'dropped': 0}, 'session': '20000101_000005_192721'}
@2000653991;4085;462;1875;0
13;0;3650
@20000101_000005_1901;-259;224;1
@20000101_000005_192721_imu_bnov;343.0;7712;17837;0.9360995;0.031611204;-0.27226424
@203 :: {'tlm': {'count': 1, 'max': 12, 'dropped': 0}, 'log': {'count': 0, 'max': 23, 'dropped': 0}, 'session': '20000101_000005_192721'}
@20000101_000005_6017;0
@20000101_00u751532;350.25;7868;16887;0.9411981;-0.054044963;-0.108089916
269058206 Recorder :: {'tlm': {'count': 0, 'max': 12, 'dropped': 0}, 'log': {'count': 0, 'max': 23, 'dropped': 0}, 'session': '20000101_000005_192721'}
270063078 Recorder :: {'tlm': {'count': 2, 'max': 12, 'dropped': 0}, 'log': {'count': 0, 'max': 23, 'dropped': 0}, 'session': '20000101_000005_192721'}
@2000010c.5;7550;-17944;0.8953109;-0.09585333;-0.474168068
@20000101_000005_192721215100;428;269;3653
000101_000005_192721_airspeed_sdp810.csv@270552395;415;265;3650
@20000101_000005_192721_airspeed_sdp0.;445;274;3654
271067256 Recorder :: {'tlm': {'count': 0, 'max': 12, 'dropped': 0}, 'log': {'count': 0, 'max': 23, 'dropped': 0}, 'session': '20000101_000005_192721'}
@200001035936;-0.102479992;0.047824;-2779;-511;-623;1
272080781 Recorder :: {'tlm': {'count': 5, 'max': 12, 'dropped': 0}, 'log': {'count': 0, 'max': 23, 'dropped': 0}, 'session': '20000101_000005_192721'}
@20000101_000.147;0.244999984;1
273085329 max': 23, 'dropped': 0}, 'session': '20000101_000005_192721'}
274099663 Recorder :: {'tlm': {'count': 3, 'max': 12, 'dropped': 0}, 'log': {'count': 0, 'max': 23, 'dropped': 0}, 'session': '20000101_000005_192721'}
@20000101_000005_192721_accelv39999;0.147;0.147;1
275102957 Recorder :: {'tlm': {'count': 4, 'max': 12, 'dropped': 0}, 'log': {'count': 0, 'max': 23, 'dropped': 0}, 'session': '20000101_000005_192721'}
@20000101_000005_192721_imu_bno055.cs72-17257;0.96261216;0.049966096;-0.24983048
@20000101_000005_192721_accel_a8178;3659
@20000101_000005_192721_imu_bno0543;161;3661
276113355 Recorder :: {'tlm': {'count': 1, 'max': 12, 'dropped': 0}, 'log': {'count': 0, 'max': 23, 'dropped': 0}, 'session': '20000101_000005_192721'}
@20000101_000005_192724;101732.19;1.9896316
@20000101_000005_192721_imu_lsm63710111359;0.022448;0.007808;-63;0;-133;1
277120797 Recorder :: {'tlm': {'count': 6, 'max': 12, 'dropped': 0}, 'log': {'count': 0, 'max': 23, 'dropped': 0}, 'session': '20000101_000005_192721'}
@20000101_000005_192721_imu_b464;0.022433758;-0.23555446
@20;
@20000101_000005;
@20000101_00000;5;28;-182;1
@20000101_000005_c854785;-33.879236;35.26;101732.58;1.95792768
279153140 Recorder :: {'tlm': {'count': 2, 'max': 12, 'dr '20000101_000005_192721'}
@20000101_000005_192721_imu_lsm6dso32.0976;-0.002928;-91;-7;-98;1
281170566 Recorder :: {'tlm': {'count': 3, 'max': 12, 'dropped': 0}, 'log': {'count': 0, 'max': 23, 'dropped': 0}, 'session': '20000101_000005_192721'}
@20000101_000005_192721_laser_v24;0
@20000101_000005_192721_i21.01016;-0.00976;0.045872;77;189;-77;1
@20000106;301;133;35;1
@20000101_000005_192721_imu_bn449945;346.6875;7537;-17382;0.9575136;0.014276028;-0.27430368
@20000101_2csv224093;-33.6097236;35.28;101729.376;2.227436
@20000101_000005_192721_hea282181218;346.4375;7537;-17400;0.95547416;0.0377295;-0.2630868
282185060 Recorder :: {'tlm': {'count': 6, 'max': 12, 'dropped': 0}, 'log': {'count': 0, 'max': 23, 'dropped': 0}, 'session': '20000101_000005_192721'}
@20000101_000005_192721_accel_adxl24051;1.7639999;0.147;0.147;1
@20000101_000005_192721_airspeed_sdp80;0.040992;0.075151992;1743;420;210;1
283202993 Recorder :: {'tlm': {'count': 1, 'max': 12, 'dropped': 0}, 'log': {'count': 0, 'max': 23, 'dropped': 0}, 'session': '20000101_000005_192721'}
284214642 Recorder :: {'tlm': {'count': 1, 'max': 12, 'dropped': 0}, 'log': {'count': 0, 'max': 23, 'dropped': 0}, 'session': '20000101_000005_192721'}
285232345 Recorder :: {'tlm': {'count': 2, 'max': 12, 'dropped': 0}, 'log': {'count': 0, 'max': 23, 'dropped': 0}, 'session': '20000101_000005_192721'}
@20000101_000005_192721_imu_52392;346.8125;7537;-17344;0.966691;0.054044963;-0.26512624
@20000101_000005;1522
286235567 Recorder :: {'tlm': {'count': 1, 'max': 12, 'dropped': 0}, 'log': {'count': 0, 'max': 23, 'dropped': 0}, 'session': '20000101_000005_192721'}
@2000010796;0.147;1
287265395 Recorder :: {'tlm': {'count': 5, 'max': 12, 'dropped': 0}, 'log': {'count': 0, 'max': 23, 'dropped': 0}, 'session': '20000101_000005_192721'}
@2000010o8;0.031232;-0.021472;126;42;-126;1
@20000101_000005_192721_las812;0.025;1
288270819 Recorder :: {'tlm': {'count': 2, 'max': 12, 'dropped': 0}, 'log': {'count': 0, 'max': 23, 'dropped': 0}, 'session': '20000101_000005_192721'}
289275477 Recorder :: {'tlm': {'count': 1, 'max': 12, 'dropped': 0}, 'log': {'count': 0, 'max': 23, 'dropped': 0}, 'session': '20000101_000005_192721'}
290288197 Recorder :: {'tlm': {'count': 3, 'max': 12, 'dropped': 0}, 'log': {'count': 0, 'max': 23, 'dropped': 0}, 'session': '20000101_000005_192721'}
@20000101_000005_192721_airspeed_sdp810.csv352054;260;209;3675
291290941 Recorder :: {'tlm': {'count': 3, 'max': 12, 'dropped': 0}, 'log': {'count': 0, 'max': 23, 'dropped': 0}, 'session': '20000101_000005_192721'}
92721_imu_lsm6dso32.csv@291618005;1.0248;0.0244;-0.001952;-301;28;-133;1
@20000101_000005_192721_imu_s;1.013088;0.03904;-0.01464;-154;196;-224;1
292295726 Recorder :: {'tlm': {'count': 1, 'max': 12, 'dropped': 0}, 'log': {'count': 0, 'max': 23, 'dropped': 0}, 'session': '20000101_000005_192721'}
0lsm6dso32.csv@292386401;1.012112;-0.002928;-0.005856;-294;245;-7;1
@20000101_000005_192721_acd677;1.7639999;0.147;0.147;1
@2000010u776;346.8125;7543;-17357;0.9656713;0.05710411;-0.25390936
293300609 Recorder :: {'tlm': {'count': 2, 'max': 12, 'dropped': 0}, 'log': {'count': 0, 'max': 23, 'dropped': 0}, 'session': '20000101_000005_192721'}
@20000101_000005_192721_imu_lsm6dsv006256;0.03416;0.041968;574;56;-182;1
@20000101_000005_192721_imu_bno055.cs.15160132
294306260 Recorder :: {'tlm': {'count': 0, 'max': 12, 'dropped': 0}, 'log': {'count': 0, 'max': 23, 'dropped': 0}, 'session': '20000101_000005_192721'}
05_192721_imu_lsm6dso32.csv@294919773;1.016016;0.022448;-0.010736;-224;161;-154;1
@20000101_000005_192721_imu_lsm6dso32.912688;-0.025376;-14;91;-161;1
295311542 Recorder :: {'tlm': {'count': 1, 'max': 12, 'dropped': 0}, 'log': {'count': 0, 'max': 23, 'dropped': 0}, 'session': '20000101_000005_192721'}
296313174 Recorder :: {'tlm': {'count': 1, 'max': 12, 'dropped': 0}, 'log': {'count': 0, 'max': 23, 'dropped': 0}, 'session': '20000101_000005_192721'}
297319774 Recorder :: {'tlm': {'count': 1, 'max': 12, 'dropped': 0}, 'log': {'count': 0, 'max': 23, 'dropped': 0}, 'session': '@20000101_000005_192721_accel_adxl375.csv@297321187;1.7639999;0.098;0.196;1
@20000101_01
298342462 Recorder :: {'tlm': {'count': 1, 'max': 12, 'dropped': 0}, 'log': {'count': 0, 'max': 23, 'dropped': 0}, 'session': '20000101_000005_192721'}
299346815 Recorder :: {'tlm': {'count': 4, 'max': 12, 'dropped': 0}, 'log': {'count': 0, 'max': 23, 'dropped': 0}, 'session': '20000101_000005_192721'}
@20000101_000005_192721_imu_lsm6dso4;0.012688;0.010736;-14;56;-77;1
300347771 Recorder :: {'tlm': {'count': 2, 'max': 12, 'dropped': 0}, 'log': {'count': 0, 'max': 23, 'dropped': 0}, 'session': '20000101_000005_192721'}
100586631;1.012112;0.003904;-0.017568;28;-35;-98;1
301359330 Recorder :: {'tlm': {'count': 5, 'max': 12, 'dropped': 0}, 'log': {'count': 0, 'max': 23, 'dropped': 0}, 'session': '20000101_000005_192721'}
@20000101_0000-7;-91;1
302370237 Recorder :: {'tlm': {'count': 2, 'max': 12, 'dropped': 0}, 'log': {'count': 0, 'max': 23, 'dropped': 0}, 'session': '20000101_000005_192721'}
@20000101_000005_192721_accel_a3149999;0.098;0.098;1
303379097 Recorder :: {'tlm': {'count': 3, 'max': 12, 'dropped': 0}, 'log': {'count': 0, 'max': 23, 'dropped': 0}, 'session': '20000101_000005_192721'}
304400914 Recorder :: {'tlm': {'count': 7, 'max': 12, 'dropped': 0}, 'log': {'count': 0, 'max': 23, 'dropped': 0}, 'session': '20000101_000005_192721'}
092721_imu_bno055.csv@304881858;345.0;7543;-17350;0.961592464;0.031611204447319
@20000101_000005_192721_imu_bno055.cv9543;-17350;0.961592464;0.02753234;-0.24371218
305410113 Recorder :: {'tlm': {'count': 3, 'max': 12, 'dropped': 0}, 'log': {'count': 0, 'max': 23, 'dropped': 0}, 'session': '20000101_000005_192721'}
306410490 Recorder :: {'tlm': {'count': 0, 'max': 12, 'dropped': 0}, 'log': {'count': 0, 'max': 23, 'dropped': 0}, 'session': '20000101_000005_192721'}
000005_192721_airspeed_sdp810.csv@306950433;180;174;3696
307414391 Recorder :: {'tlm': {'count': 1, 'max': 12, 'dropped': 0}, 'log': {'count': 0, 'max': 23, 'dropped': 0}, 'session': '20000101_000005_192721'}
@200091
308415532 Recorder :: {'tlm': {'count': 1, 'max': 12, 'dropped': 0}, 'log': {'count': 0, 'max': 23, 'dropped': 0}, 'session': '20000101_000005_192721'}
@2000010c518523;1.7639999;0.098;0.196;1
005_192721_accel_adxl375.csv@308651752;1.7639999;0.098;0.147;1
@3399;0.01464;-0.003904;-77;35;-91;1
@20000101_000005_192721_accel_adxl3627;1.7639999;0.147;0.147;1
309444657 Recorder :: {'tlm': {'count': 2, 'max': 12, 'dropped': 0}, 'log': {'count': 0, 'max': 23, 'dropped': 0}, 'session': '20000101_000005_192721'}
@20000101_000005_192721_im;-0.25492908
@20000101_000005_192721_airsp.0347614;148;158;3697
310444974 Recorder :: {'tlm': {'count': 3, 'max': 12, 'dropped': 0}, 'log': {'count': 0, 'max': 23, 'dropped': 0}, 'session': '20000101_000005_192721'}
311444797 Recorder :: {'tlm': {'count': 5, 'max': 12, 'dropped': 0}, 'log': {'count': 0, 'max': 23, 'dropped': 0}, 'session': '20000101_000005_192721'}
@20000100.013664;-0.001952;-56;126;-147;1
313468399 Recorder :: {'tlm': {'count': 1, 'max': 12, 'dropped': 0}, 'log': {'count': 0, 'max': 23, 'dropped': 0}, 'session': '20000101_000005_192721'}
@2000010c9;0.147;0.196;1
@20000101_000005_.96363184;0.04078865;-0.232495316
314476970 Recorder :: {'tlm': {'count': 3, 'max': 12, 'dropped': 0}, 'log': {'count': 0, 'max': 23, 'dropped': 0}, 'session': '20000101_000005_192721'}
01_000005_192721_airspeed_sdp810.csv@314683331;118;141;3706
315479344 Recorder :: {'tlm': {'count': 2, 'max': 12, 'dropped': 0}, 'log': {'count': 0, 'max': 23, 'dropped': 0}, 'session': '20000101_000005_192721'}
@20000101_000005_192721_imu_lsm6dso;49;-126;1
316479452 Recorder :: {'tlm': {'count': 1, 'max': 12, 'dropped': 0}, 'log': {'count': 0, 'max': 23, 'dropped': 0}, 'session': '20000101_000005_192721'}
317479925 Recorder :: {'tlm': {'count': 1, 'max': 12, 'dropped': 0}, 'log': {'count': 0, 'max': 23, 'dropped': 0}, 'session': '20000101_000005_192721'}
@20000101_000005_192721_imu_bno05-2963332
@2036;-0.023424;-14;-28;-189;1
318512267 Recorder :: {'tlm': {'count': 2, 'max': 12, 'dropped': 0}, 'log': {'count': 0, 'max': 23, 'dropped': 0}, 'session': '20000101_000005_192721'}
@20000101_000005_192721_imu_lsm6ds3;1.0111359;-0.015616;-0.007808;-189;56;-105;1
@2000010498;0.196;1
319522389 Recorder :: {'tlm': {'count': 3, 'max': 12, 'dropped': 0}, 'log': {'count': 0, 'max': 23, 'dropped': 0}, 'session': '20000101_000005_192721'}
@20000101_000005_192721_baro_icp10111.49636
320531940 Recorder :: {'tlm': {'count': 2, 'max': 12, 'dropped': 0}, 'log': {'count': 0, 'max': 23, 'dropped': 0}, 'session': '20000101_000005_192721'}
321533717 Recorder :: {'tlm': {'count': 1, 'max': 12, 'dropped': 0}, 'log': {'count': 0, 'max': 23, 'dropped': 0}, 'session': '20000101_000005_192721'}
@2000010-
@20000101_000005_192721_ai.12;0.008784;-154;84;-126;1
00101_000005_192721_accel_adxl375.csv@322071326;1.7639999;0.196;0.196;1
@20000101_000005_192721_laser_ag31.012112;-0.002928;-0.007808;-238;182;-133;1
322556182 Recorder :: {'tlm': {'count': 2, 'max': 12, 'dropped': 0}, 'log': {'count': 0, 'max': 23, 'dropped': 0}, 'session': '20000101_000005_192721'}
323574156 Recorder :: {'tlm': {'count': 6, 'max': 12, 'dropped': 0}, 'log': {'count': 0, 'max': 23, 'dropped': 0}, 'session': '20000101_000005_192721'}
@20000101_000005_192721_imu_lsm6dso3s1016;0.01464;0.013664;-77;7;-70;1
@20000101_000005_192721_imu_bno055.c-38;0;3713
@20008.003904;-21;28;-91;1
324599558 Recorder :: {'tlm': {'count': 1, 'max': 12, 'dropped': 0}, 'log': {'count': 0, 'max': 23, 'dropped': 0}, 'session': '20000101_000005_192721'}
325604589 Recorder :: {'tlm': {'count': 1, 'max': 12, 'dropped': 0}, 'log': {'count': 0, 'max': 23, 'dropped': 0}, 'session': '20000101_000005_192721'}
326614358 Recorder :: {'tlm': {'count': 2, 'max': 12, 'dropped': 0}, 'log': {'count': 0, 'max': 23, 'dropped': 0}, 'session': '20000101_000005_192721'}
@2000010516;1
327614153 Recorder :: {'tlm': {'count': 2, 'max': 12, 'dropped': 0}, 'log': {'count': 0, 'max': 23, 'dropped': 0}, 'session': '20000101_000005_192721'}
@20000101_000005_192721_imu_ls84;-56;42;-91;1
@20000101_000005_11
328614757 Recorder :: {'tlm': {'count': 1, 'max': 12, 'dropped': 0}, 'log': {'count': 0, 'max': 23, 'dropped': 0}, 'session': '20000101_000005_192721'}
329649781 Recorder :: {'tl_adxl375.csv@329652693;1.7639999;0.147;0.244999984;1
@20000101_000005_192721_airspeed_sdp81801;-373;0;3723
330663073 Recorder :: {'tlm': {'count': 2, 'max': 12, 'dropped': 0}, 'log': {'count': 0, 'max': 23, 'dropped': 0}, 'session': '20000101_000005_192721'}
@20000101_001;14;-147;1
331667189 Recorder :: {'tlm': {'count': 3, 'max': 12, 'dropped': 0}, 'log': {'count': 0, 'max': 23, 'dropped': 0}, 'session': '20000101_000005_192721'}
@20000101_000005_192721_imu3009184;0.013664;-0.002928;-105;49;-98;1
0000101_000005_192721_accel_adxl375.csv@332553723;1.7639999;0.147;0.196;1
332667826 Recorder :: {'tlm': {'count': 3, 'max': 12, 'dropped': 0}, 'log': {'count': 0, 'max': 23, 'dropped': 0}, 'session': '20000101_000005_192721'}
333675751 Recorder :: {'tlm': {'count': 2, 'max': 12, 'dropped': 0}, 'log': {'count': 0, 'max': 23, 'dropped': 0}, 'session': '20000101_000005_192721'}
0101_000005_192721_airspeed_sdp810.csv@334620172;165;167;3726
334679127 Recorder :: {'tlm': {'count': 1, 'max': 12, 'dropped': 0}, 'log': {'count': 0, 'max': 23, 'dropped': 0}, 'session': '20000101_000005_192721'}
335713291 Recorder :: {'tlm': {'count': 2, 'max': 12, 'dropped': 0}, 'log': {'count': 0, 'max': 23, 'dropped': 0}, 'session': '20000101_000005_192721'}
@20000101_000005_192721_i336184144;342.6875;7562;-17425;0.96363184;0.041808368;-0.23453474
337733124 Recorder :: {'tlm': {'count': 2, 'max': 12, 'dropped': 0}, 'log': {'count': 0, 'max': 23, 'dropped': 0}, 'session': '20000101_000005_192721'}
338748301 Recorder :: {'tlm': {'count': 0, 'max': 12, 'dropped': 0}, 'log': {'count': 0, 'max': 23, 'dropped': 0}, 'session': '20000101_000005_192721'}
@20000101_000005_192721_accel_adxl37
@200001071.csv339519118;-3;0;3736
339761443 Recorder :: {'tlm': {'count': 2, 'max': 12, 'dropped': 0}, 'log': {'count': 0, 'max': 23, 'dropped': 0}, 'session': '20000101_000005_192721'}
340769859 Recorder :: {'tlm': {'count': 2, 'max': 12, 'dropped': 0}, 'log': {'count': 0, 'max': 23, 'dropped': 0}, 'session': '20000101_000005_192721'}
@20000101_000005_192721_imu2625;1.01016;0.002928;-0.003904;-21;14;-98;1
341770361 Recorder :: {'tlm': {'count': 5, 'max': 12, 'dropped': 0}, 'log': {'count': 0, 'max': 23, 'dropped': 0}, 'session': '20000101_000005_192721'}
342772005 Recorder :: {'tlm': {'count': 1, 'max': 12, 'dropped': 0}, 'log': {'count': 0, 'max': 23, 'dropped': 0}, 'session': '20000101_000005_192721'}
@20000101_000005_192721_accel_adxl375c0999;0.147;0.147;1
@2000010_343316597;1.01016;0.00488;-0.006832;42;77;-126;1
343773308 Recorder :: {'tlm': {'count': 1, 'max': 12, 'dropped': 0}, 'log': {'count': 0, 'max': 23, 'dropped': 0}, 'session': '20000101_000005_192721'}
@20000101_0002136;0.02447319;-0.26512624
344802666 Recorder :: {'tlm': {'count': 2, 'max': 12, 'dropped': 0}, 'log': {'count': 0, 'max': 23, 'dropped': 0}, 'session': '20000101_000005_192721'}
345812609 Recorder :: {'tlm': {'count': 2, 'max': 12, 'dropped': 0}, 'log': {'count': 0, 'max': 23, 'dropped': 0}, 'session': '20000101_000005_192721'}
@20000101_000005_192721_imu_lsm663088;0.003904;-0.00488;-70;84;-77;1
@20000101_000005_192721_airspeed_sdp4150;0;3740
346835498 Recorder :: {'tlm': {'count': 7, 'max': 12, 'dropped': 0}, 'log': {'count': 0, 'max': 23, 'dropped': 0}, 'session': '20000101_000005_192721'}
347837421 Recorder :: {'tlm': {'count': 2, 'max': 12, 'dropped': 0}, 'log': {'count': 0, 'max': 23, 'dropped': 0}, 'session': '20000101_000005_192721'}
@20000101_000005_192721_d2888;1.7639999;0.098;0.147;1
348850329 Recorder :: {'tlm': {'count': 3, 'max': 12, 'dropped': 0}, 'log': {'count': 0, 'max': 23, 'dropped': 0}, 'session': '20000101_000005_192721'}
@20000101_8;-119;42;-133;1
@20000101_000005_192721_accel_adxl3c1813;0.147;0.196;1
@2000010o.0111359;0.01464;-0.026352;-7;77;-140;1
349852652 Recorder :: {'tlm': {'count': 1, 'max': 12, 'dropped': 0}, 'log': {'count': 0, 'max': 23, 'dropped': 0}, 'session': '20000101_000005_192721'}
@20000101_000005_192721_imu_sc49886673;1.0111359;0.00976;-0.00976;-91;-42;-84;1
m_lsm6dso32.csv@350013350;1.0111359;0.01464;0.015616;-42;-28;-105;1
350860774 Recorder :: {'tlm': {'count': 2, 'max': 12, 'dropped': 0}, 'log': {'count': 0, 'max': 23, 'dropped': 0}, 'session': '20000101_000005_192721'}
@20000102.011712;0.028304;-175;42;-35;1
@20000106244999984;1
351871213 Recorder :: {'tlm': {'count': 2, 'max': 12, 'dropped': 0}, 'log': {'count': 0, 'max': 23, 'dropped': 0}, 'session': '20000101_000005_192721'}
@20000101_000005_192721_power_i21;4067;482;1950;0
352871259 Recorder :: {'tlm': {'count': 4, 'max': 12, 'dropped': 0}, 'log': {'count': 0, 'max': 23, 'dropped': 0}, 'session': '20000101_000005_192721'}
353873049 Recorder :: {'tlm': {'count': 2, 'max': 12, 'dropped': 0}, 'log': {'count': 0, 'max': 23, 'dropped': 0}, 'session': '20000101_000005_192721'}
354879615 Recorder :: {'tlm': {'count': 3, 'max': 12, 'dropped': 0}, 'log': {'count': 0, 'max': 23, 'dropped': 0}, 'session': '20000101_000005_192721'}
355880847 Recorder :: {'tlm': {'count': 2, 'max': 12, 'dropped': 0}, 'log': {'count': 0, 'max': 23, 'dropped': 0}, 'session': '20000101_000005_192721'}
356901859 Recorder :: {'tlm': {'count': 1, 'max': 12, 'dropped': 0}, 'log': {'count': 0, 'max': 23, 'dropped': 0}, 'session': '20000101_000005_192721'}
@2000010447;1
357934923 Recorder :: {'tlm': {'count': 5, 'max': 12, 'dropped': 0}, 'log': {'count': 0, 'max': 23, 'dropped': 0}, 'session': '20000101_000005_192721'}
@20000101_000005_192721_airspeed_sdp810.45;277;3754
@20000101_000005_6;1
358939256 Recorder :: {'tlm': {'count': 1, 'max': 12, 'dropped': 0}, 'log': {'count': 0, 'max': 23, 'dropped': 0}, 'session': '20000101_000005_192721'}
360954847 Recorder :: {'tlm': {'count': 2, 'max': 12, 'dropped': 0}, 'log': {'c92721'}
361965400 Recorder :: {'tlm': {'count': 3, 'max': 12, 'dropped': 0}, 'log': {'count': 0, 'max': 23, 'dropped': 0}, 'session': '20000101_000005_192721'}
362965335 Recorder :: {'tlm': {'count': 2, 'max': 12, 'dropped': 0}, 'log': {'count': 0, 'max': 23, 'dropped': 0}, 'session': '20000101_000005_192721'}
@2000010942;42;-112;1
363964752 Recorder :: {'tlm': {'count': 1, 'max': 12, 'dropped': 0}, 'log': {'count': 0, 'max': 23, 'dropped': 0}, 'session': '20000101_000005_192721'}
364965344 Recorder :: {'tlm': {'count': 3, 'max': 12, 'dropped': 0}, 'log': {'count': 0, 'max': 23, 'dropped': 0}, 'session': '20000101_000005_192721'}
365964850 Recorder :: {'tlm': {'count': 2, 'max': 12, 'dropped': 0}, 'log': {'count': 0, 'max': 23, 'dropped': 0}, 'session': '20000101_000005_192721'}
@20000101_000005_192721_baro_bmp280.csv1784116;35.84;101731.47;2.0530472
@20000101_000005_192721_airspeed_sdp8118232;1.009184;0.007808;0.0244;-84;28;-70;1
@20000101_0000054
@2000010-49;1
@20000101_000005_19;-0.24677134
4638;-0.23657418
366964764 Recorder :: {'tlm': {'count': 2, 'max': 12, 'dropped': 0}, 'log': {'count': 0, 'max': 23, 'dropped': 0}, 'session': '20000101_000005_192721'}
@20000101_000005_192721_accel_adlv6999;0.049;0.098;1
367964618 Recorder :: {'tlm': {'count': 0, 'max': 12, 'dropped': 0}, 'log': {'count': 0, 'max': 23, 'dropped': 0}, 'session': '20000101_000005_192721'}
@20000101_000005_192721_airspeed_sdp810262
368967643 Recorder :: {'tlm': {'count': 2, 'max': 12, 'dropped': 0}, 'log': {'count': 0, 'max': 23, 'dropped': 0}, 'session': '20000101_000005_192721'}
20000101_000005_192721_accel_adxl375.csv@369085588;1.7149999;0.098;0.147;1
369968039 Recorder :: {'tlm': {'count': 0, 'max': 12, 'dropped': 0}, 'log': {'count': 0, 'max': 23, 'dropped': 0}, 'session': '20000101_000005_192721'}
@20000101_000005_192721_laser_agl393;-17175;0.961592464;0.031611204;-0.247791052
@20000101_000005_192721_imu_lsm6dso32.10.012688;0.001952;-91;35;-112;1
370974372 Recorder :: {'tlm': {'count': 0, 'max': 12, 'dropped': 0}, 'log': {'count': 0, 'max': 23, 'dropped': 0}, 'session': '20000101_000005_192721'}
_000005_192721_accel_adxl375.csv@371252686;1.7149999;0.098;0.147;1
@20000101_000005_192721_accel_adxl39.098;0.147;1
371980140 Recorder :: {'tlm': {'count': 2, 'max': 12, 'dropped': 0}, 'log': {'count': 0, 'max': 23, 'dropped': 0}, 'session': '20000101_000005_192721'}
@20000107196;1
372979977 Recorder :: {'tlm': {'count': 0, 'max': 12, 'dropped': 0}, 'log': {'count': 0, 'max': 23, 'dropped': 0}, 'session': '20000101_000005_192721'}
@20000101_00;0.9585333;0.039768936;-0.24677134
373982627 Recorder :: {'tlm': {'count': 1, 'max': 12, 'dropped': 0}, 'log': {'count': 0, 'max': 23, 'dropped': 0}, 'session': '20000101_000005_192721'}
374983018 Recorder :: {'tlm': {'count': 1, 'max': 12, 'dropped': 0}, 'log': {'count': 0, 'max': 23, 'dropped': 0}, 'session': '20000101_000005_192721'}
@20000101_0000m49813;343.8125;7525;-17200;0.959553;0.028552056;-0.24983048
@20000101_029.55;2.211586
375990482 Recorder :: {'tlm': {'count': 0, 'max': 12, 'dropped':0}, 'log': {'count': 0, 'max': 23, 'dropped': 0}, 'session': '20000101_000005_192721'}
@200001046;0.001952;-84;42;-105;1
377996321 Recorder :: {'tlm': {'count': 1, 'max': 12, 'dropped': 0}, 'log': {'count': 0, 'max': 23, 'dropped': 0}, 'session': '20000101_000005_192721'}
@20000101_000005_192721_imu_bn5s45;343.8125;7525;-17200;0.96363184;0.029571772;-0.23657418
378996293 Recorder :: {'tlm': {'count': 0, 'max': 12, 'dropped': 0}, 'log': {'count': 0, 'max': 23, 'dropped': 0}, 'session': '20000101_000005_192721'}
2000101_000005_192721_imu_lsm6dso32.csv@379110560;1.0111359;0.00976;0.0126;-17200;0.966691;0.030591488;-0.23657418
@20000101_000005_1927e419;308;228;3774
379999855 Recorder :: {'tlm': {'count': 1, 'max': 12, 'dropped': 0}, 'log': {'count': 0, 'max': 23, 'dropped': 0}, 'session': '20000101_000005_192721'}
381000979 Recorder :: {'tlm': {'count': 1, 'max': 12, 'dropped': 0}, 'log': {'count': 0, 'max': 23, 'dropped': 0}, 'session': '20000101_000005_192721'}
@20000101_000005_192721_lases4.024;1
92721_imu_lsm6dso32.csv@381956177;1.009184;-0.001952;-0.00488;-49;63;-56;1
382001637 Recorder :: {'tlm': {'count': 2, 'max': 12, 'dropped': 0}, 'log': {'count': 0, 'max': 23, 'dropped': 0}, 'session': '20000101_000005_192721'}
383003044 Recorder :: {'tlm': {'count': 1, 'max': 12, 'dropped': 0}, 'log': {'count': 0, 'max': 23, 'dropped': 0}, 'session': '20000101_000005_192721'}
384011756 Recorder :: {'tlm': {'count': 2, 'max': 12, 'dropped': 0}, 'log': {'count': 0, 'max': 23, 'dropped': 0}, 'session': '20000101_000005_192721'}
_192721_airspeed_sdp810.csv@384087784;797;367;3778
@20000101_000005_192721_accel_adxl37147;1
385028192 Recorder :: {'tlm': {'count': 1, 'max': 12, 'dropped': 0}, 'log': {'count': 0, 'max': 23, 'dropped': 0}, 'session': '20000101_000005_192721'}
386031024 Recorder :: {'tlm': {'count': 2, 'max': 12, 'dropped': 0}, 'log': {'count': 0, 'max': 23, 'dropped': 0}, 'session': '20000101_000005_192721'}
@2005906;-0.25288964
@20000101_00000496;1
387033893 Recorder :: {'tlm': {'count': 2, 'max': 12, 'dropped': 0}, 'log': {'count': 0, 'max': 23, 'dropped': 0}, 'session': '20000101_000005_192721'}
@783
388033748 Recorder :: {'tlm': {'count': 1, 'max': 12, 'dropped': 0}, 'log': {'count': 0, 'max': 23, 'dropped': 0}, 'session': '20000101_000005_192721'}
389046322 Recorder :: {'tlm': {'count': 0, 'max': 12, 'dropped': 0}, 'log': {'count': 0, 'max': 23, 'dropped': 0}, 'session': '20000101_000005_192721'}
@20000101_000005_192607;1.813;0.098;0.196;1
390047813 Recorder :: {'tlm': {'count': 0, 'max': 12, 'dropped': 0}, 'log': {'count': 0, 'max': 23, 'dropped': 0}, 'session': '20000101_000005_192721'}
@20000101_000005_1o90152826;1.013088;0.01464;-0.001952;-91;35;-105;1
@20000101_000005_192721_accel_adxl375.cs91
391054876 Recorder :: {'tlm': {'count': 1, 'max': 12, 'dropped': 0}, 'log': {'count': 0, 'max': 23, 'dropped': 0@20000101_000005_192721_laser_agl.csv@391056815;0.023;0
@20000101_000005_192721_imu_lsm6dso.641082;1.012112;0.01464;-0.002928;-77;35;-126;1
@20000101_000005_192721_imm21920627;1.013088;0.003904;-0.000976;-77;28;-119;1
392064414 Recorder :: {'tlm': {'count': 5, 'max': 12, 'dropped': 0}, 'log': {'count': 0, 'max': 23, 'dropped': 0}, 'session': '20000101_000005_192721'}
@20000101_000005_1927261
393065025 Recorder :: {'tlm': {'count': 1, 'max': 12, 'dropped': 0}, 'log': {'count': 0, 'max': 23, 'dropped': 0}, 'session': '20000101_000005_192721'}
@2000010194;0.000976;-119;56;-91;1
@200001050
394066805 Recorder :: {'tlm': {'count': 2, 'max': 12, 'dropped': 0}, 'log': {'count': 0, 'max': 23, 'dropped': 0}, 'session': '20000101_000005_192721'}
@20000101_000005_192721_laser_agl.cs49;1
@20000101_000005_192721_aig19274;0.024;1
395067384 Recorder :: {'tlm': {'count': 0, 'max': 12, 'dropped': 0}, 'log': {'count': 0, 'max': 23, 'dropped': 0}, 'session': '20000101_000005_192721'}
@20000101_000005_19272122961388
396073155 Recorder :: {'tlm': {'count': 2, 'max': 12, 'dropped': 0}, 'log': {'count': 0, 'max': 23, 'dropped': 0}, 'session': '20000101_000005_192721'}
397073126 Recorder :: {'tlm': {'count': 1, 'max': 12, 'dropped': 0}, 'log': {'count': 0, 'max': 23, 'dropped': 0}, 'session': '20000101_000005_192721'}
@20000101_700;0.9605727;0.022433758;-0.2447319
@20000101_000005_192721_airspeed_sdp81097488096;230;197;3796
@20000101_000005_v669488;35.989836;101609.66;1.0113316
398095508 Recorder :: {'tlm': {'count': 1, 'max': 12, 'dropped': 0}, 'log': {'count': 0, 'max': 23, 'dropped': 0}, 'session': '20000101_000005_192721'}
_laser_agl.csv@398186567;0.023;1
@20000101_000005_32
@20000129575136;0.02753234;-0.2579882
@20000101_000005_192721_accel_adxl421041;1.7639999;0.147;0.147;1
399115865 Recorder :: {'tlm': {'count': 1, 'max': 12, 'dropped': 0}, 'log': {'count': 0, 'max': 23, 'dropped': 0}, 'session': '20000101_000005_192721'}
@20000101_000005_192721_la_0.024;1
400126432 Recorder :: {'tlm': {'count': 0, 'max': 12, 'dropped': 0}, 'log': {'count': 0, 'max': 23, 'dropped': 0}, 'session': '20000101_000005_192721'}
@20000101_000005_192728;-77;56;-91;1
401131180 Recorder :: {'tlm': {'count': 0, 'max': 12, 'dropped': 0}, 'log': {'count': 0, 'max': 23, 'dropped': 0}, 'session': '20000101_000005_192721'}
92721_accel_adxl375.csv@401154598;1.7639999;0.147;0.196;1
402145786 Recorder :: {'tlm': {'count': 0, 'max': 12, 'dropped': 0}, 'log': {'count': 0, 'max': 23, 'dropped': 0}, 'session': '20000101_000005_192721'}
403145567 Recorder :: {'tlm': {'count': 1, 'max': 12, 'dropped': 0}, 'log': {'count': 0, 'max': 23, 'dropped': 0}, 'session': '20000101_000005_192721'}
@20000101_000005_192721_imo283;343.0625;7550;-17394;0.9605727;0.015295744;-0.2508502
@2000010_;4057;482;1950;0
404151472 Recorder :: {'tlm': {'count': 2, 'max': 12, 'dropped': 0}, 'log': {'count': 0, 'max': 23, 'dropped': 0}, 'session': '20000101_000005_192721'}
@20000101_000005_192721_imu_bno055c243.0625;7550;-17400;0.96261216;0.03569007;-0.248810768
@200020.000976;-63;77;-98;1
405184337 Recorder :: {'tlm': {'count': 1, 'max': 12, 'dropped': 0}, 'log': {'count': 0, 'max': 23, 'dropped': 0}, 'session': '20000101_000005_192721'}
@2000010904;-35;-28;-105;1
@20000101_000005_192v99;0098;0.196;1
@20000101_000005_192721_imu_lsmo71.012112;0.008784;-0.000976;-133;70;-119;1
407195279 Recorder :: {'tlm': {'count': 0, 'max': 12, 'dropped': 0}, 'log': {'count': 0, 'max': 23, 'dropped': 0}, 'session': '20000101_000005_192721'}
@20000101_000005_192721_31.0016;0.007808;-0.007808;-42;21;-98;1
@20000101_000005_192721_imu_lsm6ds64;1.013088;0.018544;-0.005856;-91;14;-84;1
408194711 Recorder :: {'tlm': {'count': 0, 'max': 12, 'dropped': 0}, 'log': {'count': 0, 'max': 23, 'dropped': 0}, 'session': '20000101_000005_192721'}
@20000100;1
@20000101_000005_192721_imu_lsm6dso3s422;1.0150399;0.005856;0.00488;-63;14;-105;1
409223218 Recorder :: {'tl'max': 12, 'dropped': 0}, 'log': {'count': 0, 'max': 23, 'dropped': 0}, 'session': '20000101_000005_192721'}
410233726 Recorder :: {'tlm': {'count': 1, 'max': 12, 'dropped': 0}, 'log': {'count': 0, 'max': 23, 'dropped': 0}, 'session': '20000101_000005_192721'}
411241794 Recorder :: {'tlm': {'count': 2, 'max': 12, 'dropped': 0}, 'log': {'count': 0, 'max': 23, 'dropped': 0}, 'session': '20000101_000005_192721'}
412243376 Recorder :: {'tlm': {'count': 1, 'max': 12, 'dropped': 0}, 'log': {'count': 0, 'max': 23, 'dropped': 0}, 'session': '20000101_000005_192721'}
@20000101_000005_192721_imos762;1.013088;0.003904;-0.026352;-84;-7;-98;1
@20000103.7149999;0.147;0.196;1
413247504 Recorder :: {'tlm': {'count': 4, 'max': 12, 'dropped': 0}, 'log': {'count': 0, 'max': 23, 'dropped': 0}, 'session': '20000101_000005_192721'}
@2000010;-105;1
414248460 Recorder :: {'tlm': {'count': 0, 'max': 12, 'dropped': 0}, 'log': {'count': 0, 'max': 23, 'dropped': 0}, 'session': '20000101_000005_192721'}
@2000010601728.26;2.317276
415249699 Recorder :: {'tlm': {'count': 0, 'max': 12, 'dropped': 0}, 'log': {'count': 0, 'max': 23, 'dropped': 0}, 'session': '20000101_000005_192721'}
@20000101_000005_192721_power_ina22;1925;0
@2000010:tlm': {'count': 6, 'max': 12, 'dropped': 0}, 'log': {'count': 0, 'max': ': 0}, 'session': '20000101_000005_192721'}
@20000101_005382;0.96261216;0.02447319;-0.24065304
@20000101_000005_192721_airspeed_s4085;92;124;3816
417303304 Recorder :: {'tlm': {'count': 0, 'max': 12, 'dropped': 0}, 'log': {'count': 0, 'max': 23, 'dropped': 0}, 'session': '20000101_000005_192721'}
418318247 Recorder :: {'tlm': {'count': 0, 'max': 12, 'dropped': 0}, 'log': {'count': 0, 'max': 23, 'dropped': 0}, 'session': '20000101_000005_192721'}
@20000101_0000u5cs12;343.625;7568;-17369;0.9605727;0.041808368;-0.25492908
419326440 Recorder :: {'tlm': {'count': 2, 'max': 12, 'dropped': 0}, 'log': {'count': 0, 'max': 23, 'dropped': 0}, 'session': '20000101_000005_192721'}
420348799 Recorder :: {'tlm': {'count': 1, 'max': 12, 'dropped': 0}, 'log': {'count': 0, 'max': 23, 'dropped': 0}, 'session': '20000101_000005_192721'}
421349704 Recorder :: {'tlm': {'count': 0, 'max': 12, 'dropped': 0}, 'log': {'count': 0, 'max': 23, 'dropped': 0}, 'session': '20000101_000005_192721'}
@20000101_000005_192721_airspeed110181;932;397;3822
@262692468
@20000101_000005_192721_accel_adxl3759098;0.147;0
422397617 Recorder :: {'tlm': {'count': 5, 'max': 12, 'dropped': 0}, 'log': {'count': 0, 'max': 23, 'dropped': 0}, 'session': '20000101_000005_192721'}
@20000101_000005_192721_accel_adxl7c8;1.7639999;0.098;0.196;1
423396685 Recorder :: {'tlm': {'count': 1, 'max': 12, 'dropped': 0}, 'log': {'count': 0, 'max': 23, 'dropped': 0}, 'session': '20000101_000005_192721'}
424404003 Recorder :: {'tlm': {'count': 1, 'max': 12, 'dropped': 0}, 'log': {'count': 0, 'max': 23, 'dropped': 0}, 'session': '20000101_000005_192721'}
425425312 Recorder :: {'tlm': {'count': 0, 'max': 12, 'dropped': 0}, 'log': {'count': 0, 'max': 23, 'dropped': 0}, 'session': '20000101_000005_192721'}
@20000101_000005_192721_accel_adxl375.csv2.99;0.098;0.147;1
426431402 Recorder :: {'tlm': {'count': 2, 'max': 12, 'dropped': 0}, 'log': {'count': 0, 'max': 23, 'dropped': 0}, 'session': '20000101_000005_192721'}
@20000101_000005_192721_airspeed;2550
427432952 Recorder :: {'tlm': {'count': 3, 'max': 12, 'dropped': 0}, 'log': {'count': 0, 'max': 23, 'dropped': 0}, 'session': '20000101_000005_192721'}
428444831 Recorder :: {'tlm': {'count': 1, 'max': 12, 'dropped': 0}, 'log': {'count': 0, 'max': 23, 'dropped': 0}, 'session': '20000101_000005_192721'}
429445838 Recorder :: {'tlm': {'count': 1, 'max': 12, 'dropped': 0}, 'log': {'count': 0, 'max': 23, 'dropped': 0}, 'session': '20000101_000005_192721'}
@20000101_000005_192721_airspeed_sdp810.cs9921160;732;352;3829
430445534 Recorder :: {'tlm': {'count': 1, 'max': 12, 'dropped': 0}, 'log': {'count': 0, 'max': 23, 'dropped': 0}, 'session': '20000101_000005_192721'}
@20000101_000005_0;70;-147;1
431445938 Recorder :: {'tlm': {'count': 1, 'max': 12, 'dropped': 0}, 'log': {'count': 0, 'max': 23, 'dropped': 0}, 'session': '20000101_000005_192721'}
@20000101_000005_192721_laser_agl23716;0.024;1
432450199 Recorder :: {'tlm': {'count': 1, 'max': 12, 'dropped': 0}, 'log': {'count': 0, 'max': 23, 'dropped': 0}, 'session': '20000101_000005_192721'}
@20000101_000005_192721_imu_lsmc.0111359;0.020496;0.003904;-91;105;-105;1
433454135 Recorder :: {'tlm': {'count': 0, 'max': 12, 'dropp0_000005_192721_accel_adxl375.csv@433457141;1.7639999;0.098;0.147;1
@20000101_000005_192721_imu_10.26104736
43 rpped': 0}, 'session': '20000101_000005_192721'}
@2000010c;0.021472;0.013664;-126;63;-49;1
@20000101_000005_192721_o1;1.012112;0.031232;0.00488;-42;56;-126;1
@20000101_000005_192721_imu_bno
@20000101_000005_192721_laser0000101_000005_192721'}
@20000101_4;1950;0
@20000101_000005_192721_airspeed_sdp;;3838
436461200 Recorder :: {'tlm': {'count': 4, 'max': 12, 'dropped': 0}, 'log': {'count': 0, 'max': 23, 'dropped': 0}, 'session': '20000101_000005_192721'}
437463186 Recorder :: {'tlm': {'count': 0, 'max': 12, 'dropped': 0}, 'log': {'count': 0, 'max': 23, 'dropped': 0}, 'session': '20000101_000005_192721'}
@20000101_000_1154;345.375;7568;-17169;0.9605727;0.046906948;-0.24167276
@20000101_000238;3839
@20000107808;-105;7;-98;1
@263184;0.030591488;-0.24167276
438482431 Recorder :: {'tlm': {'count': 0, 'max': 12, 'dropped': 0}, 'log': {'count': 0, 'max': 23, 'dropped': 0}, 'session': '20000101_000005_192721'}
@20000101_000005_192721_baro_icp62;36.139372;101610.31;0.9532013
@20000101_000005_192721_imu_1016592;-0.002928;-49;35;-84;1
439497309 Recorder :: {'tlm': {'count': 1, 'max': 12, 'dropped': 0}, 'log': {'count': 0, 'max': 23, 'dropped': 0}, 'session': '20000101_000005_192721'}
440500144 Recorder :: {'tlm': {'count': 2, 'max': 12, 'dropped': 0}, 'log': {'count': 0, 'max': 23, 'dropped': 0}, 'session': '20000101_000005_192721'}
175.cs@440954578;1.813;0.098;0.147;1
441503019 Recorder :: {'tlm': {'count': 0, 'max': 12, 'dropped': 0}, 'log': {'count': 0, 'max': 23, 'dropped': 0}, 'session': '20000101_000005_192721'}
@20000101_000005_192721_airs97;0.196;1
442513017 Recorder :: {'tlm': {'count': 2, 'max': 12, 'dropped': 0}, 'log': {'count': 0, 'max': 23, 'dropped': 0}, 'session': '20000101_000005_192721'}
443514742 Recorder :: {'tlm': {'count': 0, 'max': 12, 'dropped': 0}, 'log': {'count': 0, 'max': 23, 'dropped': 0}, 'session': '20000101_000005_192721'}
444526631 Recorder :: {'tlm': {'count': 1, 'max': 12, 'dropped': 0}, 'log': {'count': 0, 'max': 23, 'dropped': 0}, 'session': '20000101_000005_192721'}
_192721_imu_lsm6dso32.csv@445188578;1.01016;0.01952;-0.001952;0;126;-105;1
445527504 Recorder :: {'tlm': {'count': 0, 'max': 12, 'dropped': 0}, 'log': {'count': 0, 'max': 23, 'dropped': 0}, 'session': '20000101_000005_192721'}
@20000101_000005_192721_larc21304;0.022;1
446547613 Recorder :: {'tlm': {'count': 1, 'max': 12, 'dropped': 0}, 'log': {'count': 0, 'max': 23, 'dropped': 0}, 'session': '20000101_000005_192721'}
@20000101_000005_192721_acce9;0.147;0.147;1
@20000101_000005_192721_imu.973;346.5625;7556;-17144;0.95649384;0.02753234;-0.2763431
447550116 Recorder :: {'tlm': {'count': 3, 'max': 12, 'dropped': 0}, 'log': {'count': 0, 'max': 23, 'dropped': 0}, 'session': '20000101_000005_192721'}
psdp810.csv@448652545;803;368;3849
@20000101_000005_192;.000976;-147;105;21;1
@20000101_000005_192721_imu_lsmc1.014064;0.033184;-0.016592;14;-28;-91;1
450557348 Recorder :: {'tlm': {'count': 0, 'max': 12, 'dropped':@20000101_000005_192721_imu_lsm6dso32.csv@450564932;1.01016;0.005856;0.006832;-21;-35;-182;1
451559622 Recorder :: {'tlm': {'count': 2, 'max': 12, 'dropped': 0}, 'log': {'count': 0, 'max': 23, 'dropped': 0}, 'session': '20000101_000005_192721'}
@20000101_000005_192721_laser_agl.c640;1.7639999;0.098;0.147;1
@20000990403;1.7149999;0.147;0.147;1
@20000101_000005_192721_accel_adxl375.csv497;1.7639999;0.147;0.147;1
452577722 Recorder :: {'tlm': {'count': 2, 'max': 12, 'dropped': 0}, 'log': {'count': 0, 'max': 23, 'dropped': 0}, 'session': '20000101_000005_192721'}
@20000101_000005_192721_gnss_gga.cs2;2550
@20000101_000005_192721_aire43188202;993;410;3856
453591326 Recorder :: {'tlm': {'count': 0, 'max': 12, 'dropped': 0}, 'log': {'count': 0, 'max': 23, 'dropped': 0}, 'session': '20000101_000005_192721'}
454609925 Recorder :: {'tlm': {'count': 1, 'max': 12, 'dropped': 0}, 'log': {'count': 0, 'max': 23, 'dropped': 0}, 'session': '20000101_000005_192721'}
455609608 Recorder :: {'tlm': {'count': 2, 'max': 12, 'dropped': 0}, 'log': {'count': 0, 'max': 23, 'dropped': 0}, 'session': '20000101_000005_192721'}
@20000101_000005_192721_accel_adxl1.7639999;0.147;0.196;1
456619206 Recorder :: {'tlm': {'count': 2, 'max': 12, 'dropped': 0}, 'log': {'count': 0, 'max': 23, 'dropped': 0}, 'session': '20000101_000005_192721'}
@200001050.098;0.196;1
457622095 Recorder :: {'tlm': {'count': 0, 'max': 12, 'dropped': 0}, 'log': {'count': 0, 'max': 23, 'dropped': 0}, 'session': '20000101_000005_192721'}
458633184 Recorder :: {'tlm': {'count': 0, 'max': 12, 'dropped': 0}, 'log': {'count': 0, 'max': 23, 'dropped': 0}, 'session': '20000101_000005_192721'}
459637818 Recorder :: {'tlm': {'count': 2, 'max': 12, 'dropped': 0}, 'log': {'count': 0, 'max': 23, 'dropped': 0}, 'session': '20000101_000005_192721'}
460644496 Recorder :: {'tlm': {'count': 0, 'max': 12, 'dropped': 0}, 'log': {'count': 0, 'max': 23, 'dropped': 0}, 'session': '20000101_000005_192721'}
@-;1
461643588 Recorder :: {'tlm': {'count': 0, 'max': 12, 'dropped': 0}, 'log': {'count': 0, 'max': 23, 'dropped': 0}, 'session': '20000101_000005_192721'}
462646091 Recorder :: {'tlm': {'count': 1, 'max': 12, 'dropped': 0}, 'log': {'count': 0, 'max': 23, 'dropped': 0}, 'session': '20000101_000005_192721'}
05_192721_airspeed_sdp810.csv@462989589;270;213;3866
@20000101_000005_1949;1
463652295 Recorder :: {'tlm': {'count': 2, 'max': 12, 'dropped': 0}, 'log': {'count': 0, 'max': 23, 'dropped': 0}, 'session': '20000101_000005_192721'}
@20000101_000005_192721_imu_25;7556;-17119;0.9605727;0.04078865;-0.2508502
@20000101_000005_192721_imu_b.;346.6875;7556;-17157;0.9605727;0.04588723;-0.24371218
464655973 Recorder :: {'tlm': {'count': 0, 'max': 12, 'dropped':,ped': 0}, 'session': '20000101_000005_192721'}
@20000105.24167276
imu_bno055.csv@465918391;346.5625;7543;-17157;0.96261216;0.0377295;-0.24677134
466693930 Recorder :: {'tlm': {'count': 7, 'max': 12, 'dropped': 0}, 'log': {'count': 0, 'max': 23, 'dropped': 0}, 'session': '20000101_000005_192721'}
@20000101_000005_19
467694257 Recorder :: {'tlm': {'count': 0, 'max': 12, 'dropped': 0}, 'log': {'count': 0, 'max': 23, 'dropped': 0}, 'session': '20000101_000005_192721'}
@20000101_000005_192721_accel_ad8196;0.147;1
@20000101_000005_192721_.20079;101608.33;1.1170216
468715980 Recorder :: {'tlm': {'count': 0, 'max': 12, 'dropped': 0}, 'log': {'count': 0, 'max': 23, 'dropped': 0}, 'session': '20000101_000005_192721'}
469717922 Recorder :: {'tlm': {'count': 2, 'max': 12, 'dropped': 0}, 'log': {'count': 0, 'max': 23, 'dropped': 0}, 'session': '20000101_000005_192721'}
@20000101_000005_192721_accel_adxl375.csv07;0.098;0.147;1
@2000010d091;1.0111359;-0.001952;0.001952;-63;63;-84;1
21;21;-147;1
@20000101_000005_192721_accel_adxl37.0.147;1
@20000101_000005.00976;-112;63;-49;1
471725493 Recorder :: {'tlm': {'count': 2, 'max': 12, 'dropped': 0}, 'log': {'count': 0, 'max': 23, 'dropped': 0}, 'session': '20000101_000005_192721'}
@20000105196;1
@2000010113664;-126;70;-42;1
@2000010915616;-0.000976;-105;49;-119;1
472759067 Recorder :: {'tlm': {'count': 2, 'max': 12, 'dropped': 0}, 'log': {'count': 0, 'max': 23, 'dropped': 0}, 'session': '20000101_000005_192721'}
@20000101_000005_192721_imu_lsm6ds22;0.015616;0.000976;-56;28;-91;1
473762059 Recorder :: {'tlm': {'count': 5, 'max': 12, 'dropped': 0}, 'log': {'count': 0, 'max': 23, 'dropped': 0}, 'session': '20000101_000005_192721'}
@20000101_00000414;101610.62;0.9267788
@20000101_000005_192721;-112;49;-105;1
474763427 Recorder :: {'tlm': {'count': 0, 'max': 12, 'dropped': 0}, 'log': {'count': 0, 'max': 23, 'dropped': 0}, 'session': '20000101_000005_192721'}
475773647 Recorder :: {'tlm': {'count': 0, 'max': 12, 'dropped': 0}, 'log': {'count': 0, 'max': 23, 'dropped': 0}, 'session': '20000101_000005_192721'}
@2000010.012112;0.022448;-0.001952;-14;63;-105;1
@20000101_000005_.42;35;-112;1
476804961 Recorder :: {'tlm': {'count': 2, 'max': 12, 'dropped': 0}, 'log': {'count': 0, 'max': 23, 'dropped': 0}, 'session': '20000101_000005_192721'}
0aro_icp10111.csv@477754985;-23.754042;36.216812;101610.664;0.9267788
477824778 Recorder :: {'tlm': {'count': 0, 'max': 12, 'dropped': 0}, 'log': {'count': 0, 'max': 23, 'dropped': 0}, 'session': '20000101_000005_192721'}
@20000101_000005_192721_imu446.0;7531;-17182;0.959553;0.025492906;-0.2508502
@20000101_000005_192721_iv47852993;370;250;3882
192721_airspeed_sdp810.csv@478653611;452;276;3885
478835916 Recorder :: {'tlm': {'count': 1, 'max': 12, 'dropped': 0}, 'log': {'count': 0, 'max': 23, 'dropped': 0}, 'session': '20000101_000005_192721'}
479842973 Recorder :: {'tlm': {'count': 2, 'max': 12, 'dropped': 0}, 'log': {'count': 0, 'max': 23, 'dropped': 0}, 'session': '20000101_000005_192721'}
@2000010m057410;1.0111359;0.003904;0.003904;-49;49;-140;1
480843482 Recorder :: {'tlm': {'count': 2, 'max': 12, 'dropped': 0}, 'log': {'count': 0, 'max': 23, 'dropped': 0}, 'session': '20000101_000005_192721'}
20_imu_lsm6dso32.csv@481152851;1.012112;0.007808;0.007808;-161;91;-28;1
@20000101_00004;1
@2000010u816740;1.013088;-0.012688;0.000976;-119;21;-98;1
481843287 Recorder :: {'tlm': {'count': 0, 'max': 12, 'dropped': 0}, 'log': {'count': 0, 'max': 23, 'dropped': 0}, 'session': '20000101_000005_192721'}
@20000101_000005_1927211815824;36.35;101731.81;2.0213394
@20000101_0c;1
482844880 Recorder :: {'tlm': {'count': 2, 'max': 12, 'dropped': 0}, 'log': {'count': 0, 'max': 23, 'dropped': 0}, 'session': '20000101_000005_192721'}
@20000101_000005_192721v.7639999;0.147;0.196;1
483846793 Recorder :: {'tlm': {'count': 2, 'max': 12, 'dropped': 0}, 'log': {'count': 0, 'max': 23, 'dropped': 0}, 'session': '20000101_000005_192721'}
@20000101_000005_192721_accel_adxl37999;0.147;0.196;1
@20000101_000005_192721_imu_lsm6d324418608;1.013088;0.015616;-0.001952;-42;21;-133;1
484847647 Recorder :: {'tlm': {'count': 2, 'max': 12, 'dropped': 0}, 'log': {'count': 0, 'max': 23, 'dropped': 0}, 'session': '20000101_000005_192721'}
@2000010v8;90;3888
0_192721_imu_bno055.csv@485182998;345.75;7537;-17188;0.9605727;0.0234534740101_000005_192721_airspeed_sdp810.csv@485185128;148;158;3889
485850006 Recorder :: {'tlm': {'count': 1, 'max': 12, 'dropped': 0}, 'log': {'count': 0, 'max': 23, 'dropped': 0}, 'session': '20000101_000005_192721'}
486856636 Recorder :: {'tlm': {'count': 0, 'max': 12, 'dropped':@20000101_000005_192721_imu_lsm6dso32.csv@486857753;1.0111359;0.017568;-0.001952;-91;42;-77;1
@20000101_000005_192721_ai453;3891
@20000101_000005_192721_imu_lsm6dso32;6;-84;49;-105;1
0@20000101_000005_192721_imu_lsm6dso32.csv@487326933;1.01016;0.016592;-0.000976;-91;35;-84;1
487858618 Recorder :: {'tlm': {'count': 2, 'max': 12, 'dropped': 0}, 'log': {'count': 0, 'max': 23, 'dropped': 0}, 'session': '20000101_000005_192721'}
@2000010x.7639999;0.098;0.098;1
@20000101_000005_19272149;8;36;3893
0_accel_adxl375.csv@489020079;1.813;0.147;0.196;1
@20000101_000005_192721_accel_adxl375.939999;0.098;0.196;1
489860518 Recorder :: {'tlm': {'count': 2, 'max': 12, 'dropped': 0}, 'log': {'count': 0, 'max': 23, 'dropped': 0}, 'session': '20000101_000005_192721'}
@20000101_000005_192721_ai6
490868143 Recorder :: {'tlm': {'count': 1, 'max': 12, 'dropped': 0}, 'log': {'count': 0, 'max': 23, 'dropped': 0}, 'session': '20000101_000005_192721'}
2@20000101_000005_192721_imu_lsm6dso32.csv@490925650;1.0111359;0.015616;-0.000976;-91;56;-84;1
491872566 Recorder :: {'tlm': {'count': 1, 'max': 12, 'dropped': 0}, 'log': {'count': 0, 'max': 23, 'dropped': 0}, 'session': '20000101_000005_192721'}
@20000101_000005_192721_imu_ls4012112;0.013664;0.00488;-70;35;-84;1
492873325 Recorder :: {'tlm': {'count': 4, 'max': 12, 'dropped': 0}, 'log': {'count': 0, 'max': 23, 'dropped': 0}, 'session': '20000101_000005_192721'}
@2000010m3357952;1.01016;0.012688;-0.00488;-70;56;-98;1
493881523 Recorder :: {'tlm': {'count': 2, 'max': 12, 'dropped': 0}, 'log': {'count': 0, 'max': 23, 'dropped': 0}, 'session': '20000101_000005_192721'}
@20000101_000005;0
494885482 Recorder :: {'tlm': {'count': 1, 'max': 12, 'dropped': 0}, 'log': {'count': 0, 'max': 23, 'dropped': 0}, 'session': '20000101_000005_192721'}
@20000101_000005_192721_laser_agl.csv1.025;1
495895347 Recorder :: {'tlm': {'count': 0, 'max': 12, 'dropped': 0}, 'log': {'count': 0, 'max': 23, 'dropped': 0}, 'session': '20000101_000005_192721'}
496905763 Recorder :: {'tlm': {'count': 2, 'max': 12, 'dropped': 0}, 'log': {'count': 0, 'max': 23, 'dropped': 0}, 'session': '20000101_000005_192721'}
497934424 Recorder :: {'tlm': {'count': 0, 'max': 12, 'dropped': 0}, 'log': {'count': 0, 'max': 23, 'dropped': 0}, 'session': '20000101_000005_192721'}
498958273 Recorder :: {'tlm': {'count': 0, 'max': 12, 'dropped': 0}, 'log': {'count': 0, 'max': 23, 'dropped': 0}, 'session': '20000101_000005_192721'}
@20000101_000005_192721_imu_lsm6dso91765;1.012112;0.00976;-0.002928;-84;56;-98;1
@2000013-0.2447319
49995}
@20000101_07261216;0.026512622;-0.2447319
@20000101_000005_192721_airspeed_sdp810.c148;158;3904
@2000010e69;1.7639999;0.147;0.196;1
@2000010.3.747124;36.42;101730.984;2.0900384
@20000101_000005_192721_laser_aglv54;1
500962607 Recorder :: {'tlm': {'count': 2, 'max': 12, 'dropped': 0}, 'log': {'count': 0, 'max': 23, 'dropped': 0}, 'session': '20000101_000005_192721'}
@20000101_000005_192721_i8;-105;1
@20000101_000005_192721_lasv1721945;0.023;1
501970893 Recorder :: {'tlm': {'count': 1, 'max': 12, 'dropped': 0}, 'log': {'count': 0, 'max': 23, 'dropped': 0}, 'session': '20000101_000005_192721'}
@20000101_000005_192721_airspeed_sdp810.9
@20000101_000005_192721_imu_bno0554537;-17188;0.961592464;0.022433758;-0.24677134
502973143 Recorder :: {'tlm': {'count': 1, 'max': 12, 'dropped': 0}, 'log': {'count': 0, 'max': 23, 'dropped': 0}, 'session': '20000101_000005_192721'}
@20000101_000005_192721_imu_lo33516764;1.01016;0.008784;-0.002928;-77;42;-98;1
@20000101_000005_192722;-0.247791052
5;147;1
503974303 Recorder :: {'tlm': {'count': 1, 'max': 12, 'dropped': 0}, 'log': {'count': 0, 'max': 23, 'dropped': 0}, 'session': '20000101_000005_192721'}
_acce_adxl375.csv@503990633;1.7639999;0.147;0.147;1
@20000101_000005_192721_barp490918;-33.932084;36.43;101733.24;1.90507884
@200001028;-126;1
@20000101_000005_192721_airspeed_sdp4521703;142;155;3905
504977137 Recorder :: {'tlm': {'count': 3, 'max': 12, 'dropped': 0}, 'log': {'count': 0, 'max': 23, 'dropped': 0}, 'session': '20000101_000005_192721'}
@20000101_000005_192721_airspeed_v;36;3911
506003776 Recorder :: {'tlm': {'count': 0, 'max': 12, 'dropped': 0}, 'log': {'count': 0, 'max': 23, 'dropped': 0}, 'session': '20000101_000005_192721'}
507003525 Recorder :: {'tlm': {'count': 1, 'max': 12, 'dropped': 0}, 'log': {'count': 0, 'max': 23, 'dropped': 0}, 'session': '20000101_000005_192721'}
508007095 Recorder :: {'tlm': {'count': 0, 'max': 12, 'dropped': 0}, 'log': {'count': 0, 'max': 23, 'dropped': 0}, 'session': '20000101_000005_192721'}
@20000101_000005_192721_imu_bns;7537;-17182;0.959553;0.031611204;-0.25900792
@20000101_000005_192721_imu.42;345.75;7537;-17182;0.96363184;0.02447319;-0.22943616
1d32.csv@508956860;1.0111359;-0.000976;-0.00488;-105;-91;-105;1
509011838 Recorder :: {'tlm': {'count': 3, 'max': 12, 'dropped': 0}, 'log': {'count': 0, 'max': 23, 'dropped': 0}, 'session': '20000101_000005_192721'}
@20000101_000005_192721_airspeed_sd19153891;385;255;3914
1_imu_bno055.csv@509621177;345.75;7531;-17194;0.9605727;0.01631546;-0.26104736
510013725 Recorder :: {'tlm': {'count': 1, 'max': 12, 'dropped': 0}, 'log': {'count': 0, 'max': 23, 'dropped': 0}, 'session': '20000101_000005_192721'}
511027763 Recorder :: {'tlm': {'count': 3, 'max': 12, 'dropped': 0}, 'log': {'count': 0, 'max': 23, 'dropped': 0}, 'session': '20000101_000005_192721'}
@20000101_000005_192721_imu_bno055.cs.23045588
@20000101_000005_192721_aid1454742;503;291;3915
512031245 Recorder :: {'tlm': {'count': 1, 'max': 12, 'dropped': 0}, 'log': {'count': 0, 'max': 23, 'dropped': 0}, 'session': '20000101_000005_192721'}
513032723 Recorder :: {'tlm': {'count': 2, 'max': 12, 'dropped': 0}, 'log': {'count': 0, 'max': 23, 'dropped': 0}, 'session': '20000101_000005_192721'}
514034567 Recorder :: {'tlm': {'count': 2, 'max': 12, 'dropped': 0}, 'log': {'count': 0, 'max': 23, 'dropped': 0}, 'session': '20000101_000005_192721'}
515039433 Recorder :: {'tlm': {'count': 1, 'max': 12, 'dropped': 0}, 'log': {'count': 0, 'max': 23, 'dropped': 0}, 'session': '20000101_000005_192721'}
@20000101;0.196;1
516049693 Recorder :: {'tlm': {'count': 2, 'max': 12, 'dropped': 0}, 'log': {'count': 0, 'max': 23, 'dropped': 0}, 'session': '20000101_000005_192721'}
@20000101_000005_1927617;1.7639999;0.147;0.147;1
517053744 Recorder :: {'tlm': {'count': 2, 'max': 12, 'dropped': 0}, 'log': {'count': 0, 'max': 23, 'dropped': 0}, 'session': '20000101_000005_192721'}
518053947 Recorder :: {'tlm': {'count': 2, 'max': 12, 'dropped': 0}, 'log': {'count': 0, 'max': 23, 'dropped': 0}, 'session': '20000101_000005_192721'}
@20000101_000005_192721_baro_1352;36.28891;101609.35;1.0324688
519054927 Recorder :: {'tlm': {'count': 1, 'max': 12, 'dropped': 0}, 'log': {'count': 0, 'max': 23, 'd}0000101_000005_192721'}
520055663 Recorder :: {'tlm': {'count': 0, 'max': 12, 'dropped': 0}, 'log': {'count': 0, 'max': 23, 'dropped': 0}, 'session': '20000101_000005_192721'}
521115506 Recorder :: {'tlm': {'count': 6, 'max': 12, 'dropped': 0}, 'log': {'count': 0, 'max': 23, 'dropped': 0}, 'session': '20000101_000005_192721'}
@20000101_0
00005_192721_accel_adxl375.csv@521290152;1.7639999;0.196;0.098;1
@20000101_000005_192721_accel_adxv;1.7149999;0.147;0.244999984;1
522120341 Recorder :: {'tlm': {'count': 2, 'max': 12, 'dropped': 0}, 'log': {'count': 0, 'max': 23, 'dropped': 0}, 'session': '20000101_000005_192721'}
@20000101_000005_192721_airspeed_sdp22620514;573;311;3923
@20000101_000005_192721;0;-35;-105;1
523121456 Recorder :: {'tlm': {'count': 0, 'max': 12, 'dropped': 0}, 'log': {'count': 0, 'max': 23, 'dropped': 0}, 'session': '20000101_000005_192721'}
@200009.098;0.196;1
524131580 Recorder :: {'tlm': {'count': 0, 'max': 12, 'dropped': 0}, 'log': {'count': 0, 'max': 23, 'dropped': 0}, 'session': '20000101_000005_192721'}
0_imu_lsm6dso32.csv@524184486;1.01016;0.022448;0.01464;-21;7;-77;1
525134580 Recorder :: {'tlm': {'count': 4, 'max': 12, 'dropped': 0}, 'log': {'count': 0, 'max': 23, 'dropped': 0}, 'session': '20000101_000005_192721'}
@20000101_000005_192721_imu_lsm6dso32.c;05;1
526138330 Recorder :: {'tlm': {'count': 1, 'max': 12, 'dropped': 0}, 'log': {'count': 0, 'max': 23, 'dropped': 0}, 'session': '20000101_000005_192721'}
5_192721_accel_adxl375.csv@526191008;1.7639999;0.098;0.147;1
527154325 Recorder :: {'tlm': {'count': 0, 'max': 12, 'dropped': 0}, 'log': {'count': 0, 'max': 23, 'dropped': 0}, 'session': '20000101_000005_192721'}
@20000101_0009.147;0.147;1
528173097 Recorder :: {'tlm': {'count': 6, 'max': 12, 'dropped': 0}, 'log': {'count': 0, 'max': 23, 'dropped': 0}, 'session': '20000101_000005_192721'}
@20000101_000005_192721_imu_lsm6dso32.c1;0;-84;105;-28;1
529175020 Recorder :: {'tlm': {'count': 1, 'max': 12, 'dropped': 0}, 'log': {'count': 0, 'max': 23, 'dropped': 0}, 'session': '20000101_000005_192721'}
530182293 Recorder :: {'tlm': {'count': 0, 'max': 12, 'dropped': 0}, 'log': {'count': 0, 'max': 23, 'dropped': 0}, 'session': '20000101_000005_192721'}
_000005_192721_imu_bno055.csv@530224790;346.5625;7512;-17300;0.9605727;0.030591488;-0.2508502
531191931 Recorder :: {'tlm': {'count': 0, 'max': 12, 'dropped': 0}, 'log': {'count': 0, 'max': 23, 'dropped': 0}, 'session': '20000101_000005_192721'}
532193052 Recorder :: {'tlm': {'count': 0, 'max': 12, 'dropped': 0}, 'log': {'count': 0, 'max': 23, 'dropped': 0}, 'session': '20000101_000005_192721'}
@20000101_000005_192721_airspeed_s0800;3933
@2000010c579;1.7639999;0.098;0.196;1
@20000101_000005_192721_imu_bno055.csv85;-17313;0.96363184;0.033650636;-0.23963332
533206335 Recorder :: {'tlm': {'count': 1, 'max': 12, 'dropped': 0}, 'log': {'count': 0, 'max': 23, 'dropped': 0}, 'session': '20000101_000005_192721'}
@20000101_000005_192721_imu_lsm6dso329.005856;-28;42;-112;1
534221944 Recorder :: {'tlm': {'count': 1, 'max': 12, 'dropped': 0}, 'log': {'count': 0, 'max': 23, 'dropped': 0}, 'session': '20000101_000005_192721'}
@20000101_000005_192721_im54;0.007808;0.017568;-77;28;-119;1
@2000010m3479011;1.0150399;0.006832;-0.007808;-63;-21;-140;1
535223492 Recorder :: {'tlm': {'count': 0, 'max': 12, 'dropped':o 23, 'dropped': 0}, 'session': '20000101_000005_192721'}
@20000101_000005_192721_imu_lsm6dso32.502928;0.016592;-77;119;-56;1
536223376 Recorder :: {'tlm': {'count': 0, 'max': 12, 'dropped': 0}, 'log': {'count': 0, 'max': 23, 'dropped': 0}, 'session': '20000101_000005_192721'}
@2000010186497;1.813;0.098;0.196;1
537228920 Recorder :: {'tlm': {'count': 2, 'max': 12, 'dropped': 0}, 'log': {'count': 0, 'max': 23, 'dropped': 0}, 'session': '20000101_000005_192721'}
@200001011359;0.010736;-0.026352;-28;21;-168;1
538231280 Recorder :: {'tlm': {'count': 0, 'max': 12, 'dropped': 0}, 'log': {'count': 0, 'max': 23, 'dropped': 0}, 'session': '20000101_000005_192721'}
539230610 Recorder :: {'tlm': {'count': 0, 'max': 12, 'dropped': 0}, 'log': {'count': 0, 'max': 23, 'dropped': 0}, 'session': '20000101_000005_192721'}
540244226 Recorder :: {'tlm': {'count': 0, 'max': 12, 'dropped': 0}, 'log': {'count': 0, 'max': 23, 'dropped': 0}, 'session': '20000101_000005_192721'}
@20000101_000005_192721_imu_lsm6ds32540287455;1.013088;0.013664;-0.006832;-70;-7;-126;1
@20000101_000005_1921611204;-0.2447319
@20000101_000005_192721_accel_al5256;1.7639999;0.196;0.147;1
541284611 Recorder :: {'tlm': {'count': 1, 'max': 12, 'dropped': 0}, 'log': {'count': 0, 'max': 23, 'dropped': 0}, 'session': '20000101_000005_192721'}
@200.9;0.147;0.244999984;1
542301962 Recorder :: {'tlm': {'count': 0, 'max': 12, 'dropped': 0}, 'log': {'count': 0, 'max': 23, 'dropped': 0}, 'session': '20000101_000005_192721'}
0005_192721_imu_bno055.csv@542849911;347.0625;7531;-17225;0.961592464;0.01609.8;0.9954777
543312879 Recorder :: {'tlm': {'count': 0, 'max': 12, 'dropped': 0}, 'log': {'count': 0, 'max': 23, 'dropped': 0}, 'session': '20000101_000005_192721'}
@20000101_000005_1927925;7537;-17194;0.961592464;0.050985812;-0.242692468
@20000101_00m44318672;347.1875;7537;-17188;0.9605727;0.04078865;-0.24677134
@20000103953 Recorder :: {'tlm': {'count': 0, 'max': 12, 'dropped': 0}, 'log': ': 0, 'max': 23, 'dropped': 0}, 'session': '20000101_000005_192721'}
@20000101_000005_192721_imu_lsm6dso32.7012112;0.011712;-0.003904;-7;28;-196;1
545338179 Recorder :: {'tlm': {'count': 1, 'max': 12, 'dropped': 0}, 'log': {'count': 0, 'max': 23, 'dropped': 0}, 'session': '20000101_000005_192721'}
@20000103;1.7639999;0.098;0.196;1
546345691 Recorder :: {'tlm': {'count': 1, 'max': 12, 'dropped': 0}, 'log': {'count': 0, 'max': 23, 'dropped': 0}, 'session': '20000101_000005_192721'}
@20000101_000005_192721_imu_lsm6dso32.c67543;-17175;0.9585333;0.01631546;-0.2447319
@20000101_000005_192721_imu_bno055.cs4375;7543;-17175;0.96363184;0.031611204;-0.24065304
547347535 Recorder :: {'tlm': {'count': 1, 'max': 12, 'dropped': 0}, 'log': {'count': 0, 'max': 23, 'dropped': 0}, 'session': '20000101_000005_192721'}
@20000101_000005_192721_accel_adxl35999;0.147;0.147;1
@20000101_000005_192721_accel_adxl375.41808368;-0.25390936
548356264 Recorder :: {'tlm': {'counm0 'og': {'count': 0, 'max': 23, 'dropped': 0}, 'session': '20000101_000005_laser_agl.csv@548358239;0.024;0
21_imu_bno055.csv@549788304;347.25;7556;-17157;0.9605727;0.010197163;-0.23963332
550359378 Recorder :: {'tlm': {'count': 1, 'max': 12, 'dropped': 0}, 'log': {'count': 0, 'max': 23, 'dropped': 0}, 'session': '20000101_000005_192721'}
551364262 Recorder :: {'tlm': {'count': 0, 'max': 12, 'dropped': 0}, 'log': {'count': 0, 'max': 23, 'dropped': 0}, 'session': '20000101_000005_192721'}
@20000101_00006363184;0.028552056;-0.247791052
552369072 Recorder :: {'tlm': {'count': 1, 'max': 12, 'dropped': 0}, 'log': {'count': 0, 'max': 23, 'dropped': 0}, 'session': '20000101_000005_192721'}
@20000101_002552751014;823;373;3951
@20000101_2.6819076
553370429 Recorder :: {'tlm': {'count': 0, 'max': 12, 'dropped': 0}, 'log': {'count': 0, 'max': 23, 'dropped': 0}, 'session': '20000101_000005_192721'}
@20000101_0000.63;101722.55;2.7928848
554378284 Recorder :: {'tlm': {'count': 0, 'max': 12, 'dropped': 0}, 'log': {'count': 0, 'max': 23, 'dropped': 0}, 'session': '20000101_000005_192721'}
555397442 Recorder :: {'tlm': {'count': 1, 'max': 12, 'dropped': 0}, 'log': {'count': 0, 'max': 23, 'dropped': 0}, 'session': '20000101_000005_192721'}
556416351 Recorder :: {'tlm': {'count': 0, 'max': 12, 'dropped': 0}, 'log': {'count': 0, 'max': 23, 'dropped': 0}, 'session': '20000101_000005_192721'}
557415933 Recorder :: {'tlm': {'count': 0, 'max': 12, 'dropped': 0}, 'log': {'count': 0, 'max': 23, 'dropped': 0}, 'session': '20000101_000005_192721'}
@20000101_000005_192721_imu_lsm6dso32.c51;0.011712;-0.005856;-63;-28;-119;1
01_000005_192721_imu_lsm6dso32.csv@557790967;1.013088;0.007808;-0.003904;-28;-21;-119;1
558427857 Recorder :: {'tlm': {'count': 1, 'max': 12, 'dropped': 0}, 'log': {'count': 0, 'max': 23, 'dropped': 0}, 'session': '20000101_000005_192721'}
@20000101_000005_192721_airspeed_sdp810.cs3;502;291;3953
559430288 Recorder :: {'tlm': {'count': 0, 'max': 12, 'dropped': 0}, 'log': {'count': 0, 'max': 23, 'dropped': 0}, 'session': '20000101_000005_192721'}
560431719 Recorder :: {'tlm': {'count': 1, 'max': 12, 'dropped': 0}, 'log': {'count': 0, 'max': 23, 'dropped': 0}, 'session': '20000101_000005_192721'}
@2000010_6844;1.012112;0.0244;-0.011712;-98;56;-112;1
@20000101_000005_17u561286695;346.1875;7581;-17119;0.9575136;0.013256311;-0.2447319
561436574 Recorder :: {'tlm': {'count': 0, 'max': 12, 'dropped': 0}, 'log': {'count': 0, 'max': 23, 'dropped': 0}, 'session': '20000101_000005_192721'}
999;0.147;0.147;1
562439065 Recorder :: {'tlm': {'count': 2, 'max': 12, 'dropped': 0}, 'log': {'count': 0, 'max': 23, 'dropped': 0}, 'session': '20000101_000005_192721'}
95.csv@562952683;346.1875;7568;-17144;0.96261216;0.0387492184;-0.23963332
563441170 Recorder :: {'tlm': {'count': 0, 'max': 12, 'dropped': 0}, 'log': {'count': 0, 'max': 23, 'dropped': 0}, 'session': '20000101_000005_192721'}
@20000101_000005_192721_accell763616313;1.813;0.147;0.147;1
@20000101_000005_1911.7639999;0.147;0.196;1
564447879 Recorder :: {'tlm': {'count': 1, 'max': 12, 'dropped': 0}, 'log': {'count': 0, 'max': 23, 'dropped': 0}, 'session': '20000101_000005_192721'}
565449440 Recorder :: {'tlm': {'count': 1, 'max': 12, 'dropped': 0}, 'log': {'count': 0, 'max': 23, 'dropped': 0}, 'session': '20000101_000005_192721'}
566449090 Recorder :: {'tlm': {'count': 0, 'max': 12, 'dropped': 0}, 'log': {'count': 0, 'max': 23, 'dropped': 0}, 'session': '20000101_000005_192721'}
@2000010966786554;1.7639999;0.147;0.196;1
@2041592464;0.029571772;-0.24371218
567449232 Recorder :: {'tlm': {'count': 1, 'max': 12, 'dropped': 0}, 'log': {'count': 0, 'max': 23, 'dropped': 0}, 'session': '20000101_000005_192721'}
568448762 Recorder :: {'tlm': {'count': 0, 'max': 12, 'dropped': 0}, 'log': {'count': 0, 'max': 23, 'dropped': 0}, 'session': '20000101_000005_192721'}
@20000106568457585;1.012112;0.025376;-0.015616;-28;7;-119;1
@20000101_000569136802;346.25;7568;-17132;0.961592464;0.039768936;-0.25186992
01_000005_192721_imu_lsm6dso32.csv@569391474;1.012112;0.010736;-0.008784;-42;0;-140;1
569454008 Recorder :: {'tlm': {'count': 1, 'max': 12, 'dropped': 0}, 'log': {'count': 0, 'max': 23, 'dropped': 0}, 'session': '20000101_000005_192721'}
@20000101_000005_192721_imu_9.012112;0.023424;-0.003904;-28;49;-126;1
@20000101_000005_1927s95;1.813;0.098;0.147;1
570459951 Recorder :: {'tlm': {'count': 2, 'max': 12, 'dropped': 0}, 'log': {'count': 0, 'max': 23, 'dropped': 0}, 'session': '20000101_000005_192721'}
996;1
@20000101.6449166
571477091 Recorder :: {'tlm': {'count': 2, 'max': 12, 'dropped': 0}, 'log': {'count': 0, 'max': 23, 'dropped': 0}, 'session': '20000101_000005_192721'}
572476832 Recorder :: {'tlm': {'count': 1, 'max': 12, 'dropped': 0}, 'log': {'count': 0, 'max': 23, 'dropped': 0}, 'session': '20000101_000005_192721'}
@20000101_000_7281581;346.1875;7568;-17113;0.9605727;0.0377295;-0.25186992
@20000101_;0;-98;1
@20000101_000005_192721_airspeed_sd3
573477126 Recorder :: {'tlm': {'count': 1, 'max': 12, 'dropped': 0}, 'log': {'count': 0, 'max': 23, 'dropped': 0}, 'session': '20000101_000005_192721'}
@200001078502
574487637 Recorder :: {'tlm': {'count': 0, 'max': 12, 'dropped': 0}, 'log': {'count': 0, 'max': 23, 'dropped': 0}, 'session': '20000101_000005_192721'}
575488045 Recorder :: {'tlm': {'count': 1, 'max': 12, 'dropped': 0}, 'log': {'count': 0, 'max': 23, 'dropped': 0}, 'session': '20000101_000005_192721'}
576496977 Recorder :: {'tlm': {'count': 1, 'max': 12, 'dropped': 0}, 'log': {'count': 0, 'max': 23, 'dropped': 0}, 'session': '20000101_000005_192721'}
.098;0.196;1
0_92721_laser_agl.csv@576988328;0.023;0
@2000010571
577500482 Recorder :: {'tlm': {'count': 1, 'max': 12, 'dropped': 0}, 'log': {'count': 0, 'max': 23, 'dropped': 0}, 'session': '20000101_000005_192721'}
@20000101_000005_192721_airspeed_sdp810.c58;3969
578500387 Recorder :: {'tlm': {'count': 0, 'max': 12, 'dropped': 0}, 'log': {'count': 0, 'max': 23, 'dropped': 0}, 'session': '20000101_000005_192721'}
@20000101_000005_192721_accel_adxl375.cs7;0.196;1
579502631 Recorder :: {'tlm': {'count': 0, 'max': 12, 'dropped': 0}, 'log': {'count': 0, 'max': 23, 'dropped': 0}, 'session': '20000101_000005_192721'}
@20000101_000005_192721_imu_lsm65.0;0.005856;-105;77;-28;1
@2000010c1359;0.003904;-0.00488;-7;-7;-175;1
@20000101_000005_192721_;7182;0.961592464;0.05200553;-0.247791052
580508069 Recorder :: {'tlm': {'count': 0, 'max': 12, 'dropped': 0}, 'log': {'count': 0, 'max': 23, 'dropped': 0}, 'session': '20000101_000005_192721'}
581511931 Recorder :: {'tlm': {'count': 2, 'max': 12, 'dropped': 0}, 'log': {'count': 0, 'max': 23, 'dropped': 0}, 'session': '20000101_000005_192721'}
@20000101_000005_192721_las30.024;0
582515291 Recorder :: {'tlm': {'count': 1, 'max': 12, 'dropped': 0}, 'log': {'count': 0, 'max': 23, 'dropped': 0}, 'session': '20000101_000005_192721'}
@20000101_0004;49;-14;1
583518834 Recorder :: {'tlm': {'count': 1, 'max': 12, 'dropped': 0}, 'log': {'count': 0, 'max': 23, 'dropped': 0}, 'session': '20000101_000005_192721'}
@20000101_000005_192721_airspeed975
584518959 Recorder :: {'tlm': {'count': 0, 'max': 12, 'dropped': 0}, 'log': {'count': 0, 'max': 23, 'dropped': 0}, 'session': '20000101_000005_192721'}
@20000101_000005_192721_accel_adxl375.cs3.813;0.147;0.147;1
585537552 Recorder :: {'tlm': {'count': 3, 'max': 12, 'dropped': 0}, 'log': {'count': 0, 'max': 23, 'dropped': 0}, 'session': '20000101_000005_192721'}
586537241 Recorder :: {'tlm': {'count': 2, 'max': 12, 'dropped': 0}, 'log': {'count': 0, 'max': 23, 'dropped': 0}, 'session': '20000101_000005_192721'}
@20000101_000005_192721_im.00488;-84;56;-112;1
587541131 Recorder :: {'tlm': {'count': 1, 'max': 12, 'dropped': 0}, 'log': {'count': 0, 'max': 23, 'dropped': 0}, 'session': '20000101_000005_192721'}
@20000101-28;-49;63;-126;1
588545284 Recorder :: {'tlm': {'count': 0, 'max': 12, 'dropped': 0}, 'log': {'count': 0, 'max': 23, 'dropped': 0}, 'session': '20000101_000005_192721'}
@20000100904;-63;77;-140;1
589553103 Recorder :: {'tlm': {'count': 1, 'max': 12, 'dropped': 0}, 'log': {'count': 0, 'max': 23, 'dropped': 0}, 'session': '20000101_000005_192721'}
721_power_ina226.csv@589721617;4020;533;2200;0
@725529;1.012112;0.0244;0.002928;-63;21;-112;1
20005_192721_laser_agl.csv@589992182;0.025;0
590553198 Recorder :: {'tlm': {'count': 2, 'max': 12, 'dropped': 0}, 'log': {'count': 0, 'max': 23, 'dropped': 0}, 'session': '20000101_000005_192721'}
591553221 Recorder :: {'tlm': {'count': 0, 'max': 12, 'dropped': 0}, 'log': {'count': 0, 'max': 23, 'dropped': 0}, 'session': '20000101_000005_192721'}
@20000101_000005_192721_airspeed_sdp8173;248;205;3980
@20000101_000005_19272291;1
592558138 Recorder :: {'tlm': {'count': 0, 'max': 12, 'dropped': 0}, 'log': {'count': 0, 'max': 23, 'dropped': 0}, 'session': '20000101_000005_192721'}
@20000101_000005_192721_accel_adxl375.csv5.098;0.196;1
@20000101_000005_192721_0.23963332
593566843 Recorder :: {'tlm': {'count': 2, 'max': 12, 'dropped': 0}, 'log': {'count': 0, 'max': 23, 'dropped': 0}, 'session': '20000101_000005_192721'}
594568606 Recorder :: {'tlm': {'count': 1, 'max': 12, 'dropped': 0}, 'log': {'count': 0, 'max': 23, 'dropped': 0}, 'session': '20000101_000005_192721'}
@20000101_000005_192721_imu_bno055.c94346.1875;7556;-17194;0.961592464;0.017335176;-0.23555446
595579128 Recorder :: {'tlm': {'count': 4, 'max': 12, 'dropped': 0}, 'log': {'count': 0, 'max': 23, 'dropped': 0}, 'session': '20000101_000005_192721'}
@20000101_000005_19272906832;-0.006832;-49;56;-133;1
596581175 Recorder :: {'tlm': {'count': 3, 'max': 12, 'dropped': 0}, 'log': {'count': 0, 'max': 23, 'dropped': 0}, 'session': '20000101_000005_192721'}
@20000101_000005_192721_baro_icp10111.c;13216;101608.03;1.1434441
@20000101_000005_192721_laser_agl.csv97;0.024;1
597592742 Recorder :: {'tlm': {'count': 0, 'max': 12, 'dropped': 0}, 'log': {'count': 0, 'max': 23, 'dropped': 0}, 'session': '20000101_000005_192721'}
@2000010m598190314;1.0111359;0.008784;-0.001952;-70;28;-133;1
598597584 Recorder :: {'tlm': {'count': 0, 'max': 12, 'dropped': 0}, 'log': {'count': 0, 'max': 23, 'dropped': 0}, 'session': '20000101_000005_192721'}
2721_accel_adxl375.csv@598791861;1.7149999;0.147;0.147;1
599603239 Recorder :: {'tlm': {'count': 0, 'max': 12, 'dropped': 0}, 'log': {'count': 0, 'max': 23, 'dropped': 0}, 'session': '20000101_000005_192721'}
@20000101_000005_192721_accel_ac621581;1.7639999;0.098;0.196;1
@20000101_000005_192721_imu_bno05125;7550;-17125;0.96363184;0.029571772;-0.247791052
@2000093184;0.023453474;-0.242692468
@20000101_000005_192721_airspeed_sdp810.cs
600603225 Recorder :: {'tlm': {'count': 0, 'max': 12, 'dropped': 0}, 'log': {'count': 0, 'max': 23, 'dropped': 0}, 'session': '20000101_000005_192721'}
@20000101_000005_1927542;1.7639999;0.147;0.196;1
@20000101_000005_192721_accel_adxl375.csv;
laser_agl.csv@600992012;0.025;0
601604962 Recorder :: {'tlm': {'count': 1, 'max': 12, 'dropped': 0}, 'log': {'count': 0, 'max': 23, 'dropped': 0}, 'session': '20000101_000005_192721'}
5_192721_laser_agl.csv@601824304;0.024;1
602606661 Recorder :: {'tlm': {'count': 2, 'max': 12, 'dropped': 0}, 'log': {'count': 0, 'max': 23, 'dropped': 0}, 'session': '20000101_000005_192721'}
@20000101_0000047319;-0.2508502
@20000101_00000507-72;0;3990
603614841 Recorder :: {'tlm': {'count': 0, 'max': 12, 'dropped': 0}, 'log': {'count': 0, 'max': 23, 'dropped': 0}, 'session': '20000101_000005_192721'}
604624345 Recorder :: {'tlm': {i000101_000005_192721'}
@200001070488;-119;42;-70;1
@20000101_000005_192721_n605220517;346.25;7537;-17157;0.96261216;0.022433758;-0.24167276
605623910 Recorder :: {'tlm': {'count': 1, 'max': 12, 'dropped': 0}, 'log': {'count': 0, 'max': 23, 'dropped': 0}, 'session': '20000101_000005_19272@20000101_000005_192721_imu_bno055.csv@605626808;346.1875;7537;-17169;0.96261216;0.03569007;-0.24575162
@20000101_000005_192721_accel_adxl53;1.7149999;0.098;0.196;1
606668012 Recorder :: {'tlm': {'count': 2, 'max': 12, 'dropped': 0}, 'log': {'count': 0, 'max': 23, 'dropped': 0}, 'session': '20000101_000005_192721'}
607667942 Recorder :: {'tlm': {'count': 0, 'max': 12, 'dropped': 0}, 'log': {'count': 0, 'max': 23, 'dropped': 0}, 'session': '20000101_000005_192721'}
@20000101_000005.00488;-49;28;-119;1
@20000101_000;7;21;-119;1
608680142 Recorder :: {'tlm': {'count': 0, 'max': 12, 'dropped': 0}, 'log': {'count': 0, 'max': 23, 'dropped': 0}, 'session': '20000101_000005_192721'}
@20000101_000005_192721_airspeed_sdp810.90348;488;287;3994
609681857 Recorder :: {'tlm': {'count': 0, 'max': 12, 'dropped': 0}, 'log': {'count': 0, 'max': 23, 'dropped': 0}, 'session': '20000101_000005_192721'}
610694679 Recorder :: {'tlm': {'count': 0, 'max': 12, 'dropped': 0}, 'log': {'count': 0, 'max': 23, 'dropped': 0}, 'session': '20000101_000005_192721'}
@20.54;36.534576;101607.692;1.1698666
611698274 Recorder :: {'tlm': {'count': 0, 'max': 12, 'dropped': 0}, 'log': {'count': 0, 'max': 23, 'dropped': 0}, 'session': '20000101_000005_192721'}
@20000101_000005_192721_laser_agl.376;-126;42;-42;1
@20000101_0000050.030591488;-0.242692468
612700435 Recorder :: {'tlm': {'count': 0, 'max': 12, 'dropped': 0}, 'log': {'count': 0, 'max': 23, 'dropped': 0}, 'session': '20000101_000005_192721'}
@20000101_000005_1955;7531;-17207;0.961592464;0.020394326;-0.24677134
613708900 Recorder :: {'tlm': {'count': 2, 'max': 12, 'dropped': 0}, 'log': {'count': 0, 'max': 23, 'dropped': 0}, 'session': '20000101_000005_192721'}
614709006 Recorder :: {'tlm': {'count': 0, 'max': 12, 'dropped': 0}, 'log': {'count': 0, 'max': 23, 'dropped': 0}, 'session': '20000101_000005_192721'}
@20061555107;6.1875;7531;-17219;0.9605727;0.028552056;-0.2447319
615723020 Recorder :: {'tlm': {'count': 1, 'max': 12, 'dropped': 0}, 'log': {'count': 0, 'max': 23, 'dropped': 0}, 'session': '20000101_00000
616738625 Recorder :: {'tlm': {'count': 0, 'max': 12, 'dropped': 0}, 'log': {'count': 0, 'max': 23, 'dropped': 0}, 'session': '20000101_000005_192721'}
617745740 Recorder :: {'tlm': {'count': 1, 'max': 12, 'dropped': 0}, 'log': {'count': 0, 'max': 23, 'dropped': 0}, 'session': '20000101_000005_192721'}
618745645 Recorder :: {'tlm': {'count': 2, 'max': 12, 'dropped': 0}, 'log': {'count': 0, 'max': 23, 'dropped': 0}, 'session': '20000101_000005_192721'}
619748593 Recorder :: {'tlm': {'count': 0, 'max': 12, 'dropped': 0}, 'log': {'count': 0, 'max': 23, 'dropped': 0}, 'session': '20000101_000005_192721'}
620753959 Recorder :: {'tlm': {'count': 3, 'max': 12, 'dropped': 0}, 'log': {'count': 0, 'max': 23, 'dropped': 0}, 'session': '20000101_000005_192721'}
621754464 Recorder :: {'tlm': {'count': 1, 'max': 12, 'dropped': 0}, 'log': {'count': 0, 'max': 23, 'dropped': 0}, 'session': '20000101_000005_192721'}
622757096 Recorder :: {'tlm': {'count': 1, 'max': 12, 'dropped': 0}, 'log': {'count': 0, 'max': 23, 'dropped': 0}, 'session': '20000101_000005_192721'}
0imu_lsm6dso32.csv@623324273;1.012112;-0.01464;0.008784;-140;0;-14;1
623762926 Recorder :: {'tlm': {'count': 1, 'max': 12, 'dropped': 0}, 'log': {'count': 0, 'max': 23, 'dropped': 0}, 'session': '20000101_000005_192721'}
624764437 Recorder :: {'tlm': {'count': 0, 'max': 12, 'dropped': 0}, 'log': {'count': 0, 'max': 23, 'dropped': 0}, 'session': '20000101_000005_192721'}
625788053 Recorder :: {'tlm': {'count': 1, 'max': 12, 'dropped': 0}, 'log': {'count': 0, 'max': 23, 'dropped': 0}, 'session': '20000101_000005_192721'}
@20000101_000005_192721_imu_bno0567276
626788288 Recorder :: {'tlm': {'count': 1, 'max': 12, 'dropped': 0}, 'log': {'count': 0, 'max': 23, 'dropped': 0}, 'session': '20000101_000005_192721'}
5_192721_imu_lsm6dso32.csv@627222244;1.012112;0.022448;-0.006832;-77;700;228;4007
@20000101_000005_192721_imu_lsm6dso3.000976;-161;35;-42;1
627789075 Recorder :: {'tlm': {'count': 0, 'max': 12, 'dropped': 0}, 'log': {'count': 0, 'max': 23, 'dropped': 0}, 'session': '20000101_000005_192721'}
628802756 Recorder :: {'tlm': {'count': 0, 'max': 12, 'dropped': 0}, 'log': {'count': 0, 'max': 23, 'dropped': 0}, 'session': '20000101_000005_192721'}
@20000101_000005_192721_im
0005_192721_airspeed_sdp810.csv@629122491;210;188;4011
@20000101_000005_192721s9151839;40;82;4009
@20000101_000005_192721_ac_s222355;1.7639999;0.098;0.147;1
629824150 Recorder :: {'tlm': {'count': 6, 'max': 12, 'dropped': 0}, 'log': {'count': 0, 'max': 23, 'dropped': 0}, 'session': '20000101_000005_192721'}
@200;.005856;-77;119;-112;1
631827868 Recorder :: {'tlm': {'count': 1, 'max': 12, 'dropped': 0}, 'log': {'count': 0, 'max': 23, 'dropped': 0}, 'session': '20000101_000005_192721'}
@20000101622;-0.25288964
632831305 Recorder :: {'tlm': {'count': 0, 'max': 12, 'dropped': 0}, 'log': {'count': 0, 'max': 23, 'dropped': 0}, 'session': '20000101_000005_192721'}
633841684 Recorder :: {'tlm': {'count': 2, 'max': 12, 'dropped': 0}, 'log': {'count': 0, 'max': 23, 'dropped': 0}, 'session': '20000101_000005_192721'}
@20000101_000005_1927531;-17275;0.961592464;0.036709784;-0.24371218
634850638 Recorder :: {'tlm': {'count': 0, 'max': 12, 'dropped': 0}, 'log': {'count': 0, 'max': 23, 'dropped': 0}, 'session': '20000101_000005_192721'}
635860979 Recorder :: {'tlm': {'count': 1, 'max': 12, 'dropped': 0}, 'log': {'count': 0, 'max': 23, 'dropped': 0}, 'session': '20000101_000005_192721'}
636868483 Recorder :: {'tlm': {'count': 2, 'max': 12, 'dropped': 0}, 'log': {'count': 0, 'max': 23, 'dropped': 0}, 'session': '20000101_000005_192721'}
637885234 Recorder :: {'tlm': {'count': 0, 'max': 12, 'dropped': 0}, 'log': {'count': 0, 'max': 23, 'dropped': 0}, 'session': '20000101_000005_192721'}
@20000101_000005_192721_accel_adxl376;.147;1
@20000101_00000557;4017
@20000101_000005_192721_io;2112;0.008784;-0.011712;-217;21;-84;1
638886016 Recorder :: {'tlm': {'count': 0, 'max': 12, 'dropped': 0}, 'log': {'count': 0, 'max': 23, 'dropped': 0}, 'session': '20000101_000005_192721'}
@20000101_000005_192721_airspep3423287;1210;452;4019
639903021 Recorder :: {'tlm': {'count': 0, 'max': 12, 'dropped': 0}, 'log': {'count': 0, 'max': 23, 'dropped': 0}, 'session': '20000101_000005_192721'}
@20000101_000005_192721_imu_lsm63608208;0.012688;-0.006832;-70;35;-119;1
640903953 Recorder :: {'tlm': {'count': 0, 'max': 12, 'dropped': 0}, 'log': {'count': 0, 'max': 23, 'dropped': 0}, 'session': '20000101_000005_192721'}
641906418 Recorder :: {'tlm': {'count': 0, 'max': 12, 'dropped': 0}, 'log': {'count': 0, 'max': 23, 'dropped': 0}, 'session': '20000101_000005_192721'}
@200004;4019
@2000010642586617;1.01016;0.010736;-0.00976;0;0;-84;1
05_192721_airspeed_sdp810.csv@642853246;587;315;4019
642933079 Recorder :: {'tlm': {'count': 6, 'max': 12, 'dropped': 0}, 'log': {'count': 0, 'max': 23, 'dropped': 0}, 'session': '20000101_000005_192721'}
643944925 Recorder :: {'tlm': {'count': 1, 'max': 12, 'dropped': 0}, 'log': {'count': 0, 'max': 23, 'dropped': 0}, 'session': '20000101_000005_192721'}
@20000101_000005_192721_laser_526160;0.023;1
644955423 Recorder :: {'tlm': {'count': 3, 'max': 12, 'dropped': 0}, 'log': {'count': 0, 'max': 23, 'dropped': 0}, 'sessin'00005_192721'}
@20000101_000005_192721_airspeed_sdp8101
645955813 Recorder :: {'tlm': {'count': 1, 'max': 12, 'dropped': 0}, 'log': {'count': 0, 'max': 23, 'dropped': 0}, 'session': '20000101_000005_192721'}
@2000010163;0.96261216;0.025492906;-0.248810768
@20000101_000005_192721_airspeed_s4226487;403;261;4021
646958123 Rd}, 'session': '20000101_000005_192721'}
;688;0.002928;-140;35;-84;1
648962451 Recorder :: {'tlm': {'count': 0, 'max': 12, 'dropped': 0}, 'log': {'count': 0, 'max': 23, 'dropped': 0}, 'session': '20000101_000005_192721'}
@2000007;-0.247791052
649974211 Recorder :: {'tlm': {'count': 7, 'max': 12, 'dropped': 0}, 'log': {'count': 0, 'max': 23, 'dropped': 0}, 'session': '20000101_000005_192721'}
@20000101_000005_192721_imu_bno0578
650976491 Recorder :: {'tlm': {'count': 0, 'max': 12, 'dropped': 0}, 'log': {'count': 0, 'max': 23, 'dropped': 0}, 'session': '20000101_000005_192721'}
@2000010160;0
651976682 Recorder :: {'tlm': {'count': 0, 'max': 12, 'dropped': 0}, 'log': {'count': 0, 'max': 23, 'dropped': 0}, 'session': '20000101_000005_192721'}
652976569 Recorder :: {'tlm': {'count': 0, 'max': 12, 'dropped': 0}, 'log': {'count': 0, 'max': 23, 'dropped': 0}, 'session': '20000101_000005_192721'}
005_192721_airspeed_sdp810.csv@653503920;667;336;4030
653980854 Recorder :: {'tlm': {'count': 2, 'max': 12, 'dropped': 0}, 'log': {'count': 0, 'max': 23, 'dropped': 0}, 'session': '20000101_000005_192721'}
@20000101_000005_192721_accel_adxl375.c39;0.147;0.196;1
654981759 Recorder :: {'tlm': {'count': 2, 'max': 12, 'dropped': 0}, 'log': {'count': 0, 'max': 23, 'dropped': 0}, 'session': '20000101_000005_192721'}
655982621 Recorder :: {'tlm': {'count': 0, 'max': 12, 'dropped': 0}, 'log': {'count': 0, 'max': 23, 'dropped': 0}, 'session': '20000101_000005_192721'}
@20000101_000005_192721_v;0.147;0.196;1
658003070 Recorder :: {'tlm': {'count': 1, 'max': 12, 'dropped': 0}, 'log': {'count': 0, 'max': 23, 'dropped': 0}, 'session': '20000101_000005_192721'}
659008007 Recorder :: {'tlm': {'count': 0, 'max': 12, 'dropped': 0}, 'log': {'count': 0, 'max': 23, 'dropped': 0}, 'session': '20000101_000005_192721'}
660011798 Recorder :: {'tlm': {'count': 1, 'max': 12, 'dropped': 0}, 'log': {'count': 0, 'max': 23, 'dropped': 0}, 'session': '20000101_000005_192721'}
@20000101_000005_192721_imu_80736;-0.00976;-119;49;-84;1
661015018 Recorder :: {'tlm': {'count': 0, 'max': 12, 'dropped': 0}, 'log': {'count': 0, 'max': 23, 'dropped': 0}, 'session': '20000101_000005_192721'}
@0048
662018122 Recorder :: {'tlm': {'count': 1, 'max': 12, 'dropped': 0}, 'log': {'count': 0, 'max': 23, 'dropped': 0}, 'session': '20000101_000005_192721'}
@2000010a2524015;412;264;4032
663018131 Recorder :: {'tlm': {'count': 1, 'max': 12, 'dropped': 0}, 'log': {'count': 0, 'max': 23, 'dropped': 0}, 'session': '20000101_000005_192721'}
@20000101_000005_192_l664018921;0.024;1
@20000101_000005_192721_airspe27467;132;149;4037
@20000101_000005_192721_airspeed_sdp810.v2;145;4035
@20000101_000005_192721_a_690796;1.7639999;0.147;0.147;1
667027487 Recorder :: {'tlm': {'count': 2, 'max': 12, 'dropped': 0}, 'log': {'count': 0, 'max': 23, 'dropped': 0}, 'session': '20000101_000005_192721'}
668045924 Recorder :: {'tlm': {'count': 1, 'max': 12, 'dropped': 0}, 'log': {'count': 0, 'max': 23, 'dropped': 0}, 'session': '20000101_000005_192721'}
669045936 Recorder :: {'tlm': {'count': 1, 'max': 12, 'dropped': 0}, 'log': {'count': 0, 'max': 23, 'dropped': 0}, 'session': '20000101_000005_192721'}
2_imu_bno055.csv@669689170;343.5;7531;-17369;0.96261216;0.029571772;-0.23963332
@20095;101719.97;3.0042648
670049334 Recorder :: {'tlm': {'count': 0, 'max': 12, 'dropped': 0}, 'log': {'count': 0, 'max': 23, 'dropped': 0}, 'session': '20000101_000005_192721'}
671057821 Recorder :: {'tlm': {'count': 2, 'max': 12, 'dropped': 0}, 'log': {'count': 0@20000101_000005_192721_laser_agl.csv@671062391;0.022;0
@20000106
672067684 Recorder :: {'tlm': {'count': 2, 'max': 12, 'dropped': 0}, 'log': {'count': 0, 'max': 23, 'dropped': 0}, 'session': '20000101_000005_192721'}
@20000101_000005_19279;487;1950;0
673071500 Recorder :: {'tlm': {'count': 0, 'max': 12, 'dropped': 0}, 'log': {'count': 0, 'max': 23, 'dropped': 0}, 'session': '20000101_000005_192721'}
674073241 Recorder :: {'tlm': {'count': 1, 'max': 12, 'dropped': 0}, 'log': {'count': 0, 'max': 23, 'dropped': 0}, 'session': '20000101_000005_192721'}
@20000103443
675075118 Recorder :: {'tlm': {'count': 0, 'max': 12, 'dropped': 0}, 'log': {'count': 0, 'max': 23, 'dropped': 0}, 'session': '20000101_000005_192721'}
676083248 Recorder :: {'tlm': {'count': 0, 'max': 12, 'dropped': 0}, 'log': {'count': 0, 'max': 23, 'dropped': 0}, 'session': '20000101_000005_192721'}
@20000101_000005_192721_baro_bmp.6819;36.97;101719.624;3.0359726
@27ecorder :: {'tlm': {'count': 3, 'max': 12, 'dropped': 0}, 'log': {'count'max': 23, 'dropped': 0}, 'session': '20000101_000005_192721'}
005_192721_imu_lsm6dso32.csv@677325106;1.0111359;0.016592;0.000976;-63;28;-119;1
@20000101_000005_192721_accel_adxl375.cs.7393473;-73;0;4048
@20000101_000005_192721_accel_adxl375.csv65149999;0.196;0.147;1
679134050 Recorder :: {'tlm': {'count': 0, 'max': 12, 'dropped': 0}, 'log': {'count': 0, 'max': 23, 'dropped': 0}, 'session': '20000101_000005_192721'}
680145353 Recorder :: {'tlm': {'count': 0, 'max': 12, 'dropped': 0}, 'log': {'count': 0, 'max': 23, 'dropped': 0}, 'session': '20000101_000005_192721'}
@20000101_000005_192721_imv1.013088;0.013664;-0.000976;-77;35;-105;1
@2
01_000005_192721_airspeed_sdp810.csv@680491113;98;128;4046
@20000101_000005_192721_airspeed_sdp810.8360;0.024;0
681144964 Recorder :: {'tlm': {'count': 2, 'max': 12, 'dropped': 0}, 'log': {'count': 0, 'max': 23, 'dropped': 0}, 'session': '20000101_000005_192721'}
@20000101_000005_192721_imu.961592464;0.031611204;-0.24371218
@20000101_000005_192721_a392;4049
@20000101_000005_192721_pi21719;4012;490;1950;0
@2000_687795;343.4375;7531;-17382;0.9605727;0.03263092;-0.247791052
682147397 Recorder :: {'tlm': {'count': 4, 'max': 12, 'dropped': 0}, 'log': {'count': 0, 'max': 23, 'dropped': 0}, 'session': '20000101_000005_192721'}
683147378 Recorder :: {'tlm': {'count': 1, 'max': 12, 'dropped': 0}, 'log': {'count': 0, 'max': 23, 'dropped': 0}, 'session': '20000101_000005_192721'}
@200001391488;-0.247791052
@20000101_000005_192721_imu.84147982;343.4375;7531;-17382;0.96261216;0.029571772;-0.2447319
@20000104;-32.86989;36.98;101720.44;2.9672736
684164810 Recorder :: {'tlm': {'count': 2, 'max': 12, 'dropped': 0}, 'log': {'count': 0, 'max': 23, 'dropped': 0}, 'session': '20000101_000005_192721'}
@2000010_892040;1.012112;0.013664;-0.000976;-84;42;-105;1
685167370 Recorder :: {'tlm': {'count': 0, 'max': 12, 'dropped': 0}, 'log': {'count': 0, 'max': 23, 'dropped': 0}, 'session': '20000101_000005_192721'}
1_imu_bno055.csv@685826877;343.4375;7531;-17382;0.961592464;0.029571772;-0.2447319
686168714 Recorder :: {'tlm': {'count': 1, 'max': 12, 'dropped': 0}, 'log': {'count': 0, 'max': 23, 'dropped': 0}, 'session': '20000101_000005_192721'}
687176709 Recorder :: {'tlm': {'count': 5, 'max': 12, 'dropped': 0}, 'log': {'count': 0, 'max': 23, 'dropped': 0}, 'session': '20000101_000005_192721'}
10005_192721_imu_lsm6dso32.csv@687594066;1.013088;0.01464;-0.000976;-70;49;-112;1
_192721_imu_lsm6dso32.csv@687625305;1.012112;0.013664;0.000976;-84;35;-105;1
688189266 Recorder :: {'tlm': {'count': 0, 'max': 12, 'dropped': 0}, 'log': {'count': 0, 'max': 23, 'dropped': 0}, 'session': '20000101_000005_192721'}
689190635 Recorder :: {'tlm': {'count': 1, dropped': 0}, 'log': {'count': 0, 'max': 23, 'dropped': 0}, 'session': '20000101_000005_192721'}
690206521 Recorder :: {'tlm': {'count': 0, 'max': 12, 'dropped': 0}, 'log': {'count': 0, 'max': 23, 'dropped': 0}, 'session': '20000101_000005_192721'}
@200001010.01464;0.000976;-77;56;-98;1
691225537 Recorder :: {'tlm': {'count': 6, 'max': 12, 'dropped': 0}, 'log': {'count': 0, 'max': 23, 'dropped': 0}, 'session': '20000101_000005_192721'}
@20000101_000005_192721_imu;0.015616;-0.005856;-84;56;-98;1
@20000101_000005_19272111359;0.015616;-0.00488;-70;63;-105;1
692251543 Recorder :: {'tlm': {'count': 2, 'max': 12, 'dropped': 0}, 'log': {'count': 0, 'max': 23, 'dropped': 0}, 'session': '20000101_000005_192721'}
@20000101_000005_192721_i
693258754 Recorder :: {'tlm': {2000005_192721'}
694274986 Recorder :: {'tlm': {'count': 1, 'max': 12, 'dropped': 0}, 'log': {'count': 0, 'max': 23, 'dropped': 0}, 'session': '20000101_000005_192721'}
@20000101_0l94458057;1.7639999;0.147;0.147;1
695285524 Recorder :: {'tlm': {'count': 0, 'max': 12, 'dropped': 0}, 'log': {'count': 0, 'max': 23, 'dropped': 0}, 'session': '20000101_000005_192721'}
696296214 Recorder :: {'tlm': {'count': 1, 'max': 12, 'dropped': 0}, 'log': {'count': 0, 'max': 23, 'dropped': 0}, 'session': '20000101_000005_192721'}
@20000106
697307058 Recorder :: {'tlm': {'count': 0, 'max': 12, 'dropped': 0}, 'log': {'count': 0, 'max': 23, 'dropped': 0}, 'session': '20000101_000005_192721'}
698306825 Recorder :: {'tlm': {'count': 1, 'max': 12, 'dropped': 0}, 'log': {'count': 0, 'max': 23, 'dropped': 0}, 'session': '20000101_000005_192721'}
@20000109;0.017568;-0.001952;-77;42;-91;1
699311317 Recorder :: {'tlm': {'count': 1, 'max': 12, 'dropped': 0}, 'log': {'count': 0, 'max': 23, 'dropped': 0}, 'session': '20000101_000005_192721'}
@20000101_000005_192721_laser_agl6;1
@20000101_000005_192721_a18181;167;168;4058
@20000101_000005_192721_airspeed_sdp810.cs922569;135;151;4059
700311118 Recorder :: {'tlm': {'count': 0, 'max': 12, 'dropped': 0}, 'log': {'count': 0, 'max': 23, 'dropped': 0}, 'session': '20000101_000005_192721'}
701318044 Recorder :: {'tlm': {'count': 1, 'max': 12, 'dropped': 0}, 'log': {'count': 0, 'max': 23, 'dropped': 0}, 'session': '20000101_000005_192721'}
702318402 Recorder :: {'tlm': {'count': 0, 'max': 12, 'dropped': 0}, 'log': {'count': 0, 'max': 23, 'dropped': 0}, 'session': '20000101_000005_192721'}
@20000101_000005_192721_imu_lsm6dsoc2455594;1.012112;0.015616;-0.006832;-42;35;-133;1
703317625 Recorder :: {'tlm': {'count': 0, 'max': 12, 'dropped': 0}, 'log': {'count': 0, 'max': 23, 'dropped': 0}, 'session': '20000101_000005_192721'}
@2000010
@20000101_000005_192721_accel_adxl375c5639999;0.147;0.147;1
704321110 Recorder :: {'tlm': {'count': 0, 'max': 12, 'dropped': 0}, 'log': {'count': 0, 'max': 23, 'dropped': 0}, 'session': '20000101_000005_192721'}
@20000101_000005_192721_imu_bno0555.4375;7531;-17394;0.96261216;0.017335176;-0.25288964
@284888206;640;329;4064
@20000101_000005_192721_imu_bno0;17413;0.9605727;0.029571772;-0.24983048
705343201 Recorder :: {'tlm': {'count': 6, 'max': 12, 'dropped': 0}, 'log': {'count': 0, 'max': 23, 'dropped': 0}, 'session': '20000101_000005_192721'}
@20000101_.0.008784;-0.008784;-147;0;-70;1
@20000101_03;0.96261216;0.029571772;-0.23045588
@2000010d;398;259;4065
@20000101_000005_192721_imu_bn964;0.029571772;-0.23351502
706344031 Recorder :: {'tlm': {'count': 1, 'max': 12, 'dropped': 0}, 'log': {'count': 0, 'max': 23, 'dropped': 0}, 'session': '20000101_000005_192721'}
@20000101_000005_192721_44
707349816 Recorder :: {'tlm': {'count': 1, 'max': 12, 'dropped': 0}, 'log': {'count': 0, 'max': 23, 'dropped': 0}, 'session': '20000101_000005_192721'}
@20000101_000063
708350207 Recorder :: {'tlm': {'count': 1, 'max': 12, 'dropped': 0}, 'log': {'count': 0, 'max': 23, 'dropped': 0}, 'session': '20000101_000005_192721'}
@20000101_000005_192721_imu_lsm6dso38761415;325;234;4060
709352316 Recorder :: {'tlm': {'count': 2, 'max': 12, 'dropped': 0}, 'log': {'count': 0, 'max': 23, 'dropped': 0}, 'session': '20000101_000005_192721'}
@20000101_000005_192721__l186987;0.023;1
710351902 Recorder :: {'tlm': {'count': 1, 'max': 12, 'dropped': 0}, 'log': {'count': 0, 'max': 23, 'dropped': 0}, 'session': '20000101_000005_192721'}
711353660 Recorder :: {'tlm': {'count': 3, 'max': 12, 'dropped': 0}, 'log': {'count': 0, 'max': 23, 'dropped': 0}, 'session': '20000101_000005_192721'}
@20000102v71208731;1.013088;0.013664;-0.008784;-21;28;-91;1
712353696 Recorder :: {'tlm': {'count': 1, 'max': 12, 'dropped': 0}, 'log': {'count': 0, 'max': 23, 'dropped': 0}, 'session': '20000101_000005_192721'}
713357237 Recorder :: {'tlm': {'count': 1, 'max': 12, 'dropped': 0}, 'log': {'count': 0, 'max': 23, 'dropped': 0}, 'session': '20000101_000005_192721'}
1accel_adxl375.csv@713416492;1.7639999;0.098;0.147;1
714356807 Recorder :: {'tlm': {'count': 0, 'max': 12, 'dropped': 0}, 'log': {'count': 0, 'max': 23, 'dropped': 0}, 'session': '20000101_000005_192721'}
@2000010s9;0.147;0.147;1
715367161 Recorder :: {'tlm': {'count': 1, 'max': 12, 'dropped': 0}, 'log': {'count': 0, 'max': 23, 'dropped': 0}, 'session': '20000101_000005_192721'}
61216;0.025492906;-0.24065304
716377414 Recorder :: {'tlm': {'count': 1, 'max': 12, 'dropped': 0}, 'log': {'count': 0, 'max': 23, 'dropped': 0}, 'session': '20000101_000005_192721'}
717387591 Recorder :: {'tlm': {'count': 0, 'max': 12, 'dropped': 0}, 'log': {'count': 0, 'max': 23, 'dropped': 0}, 'session': '20000101_000005_192721'}
718390914 Recorder :: {'tlm': {'count': 0, 'max': 12, 'dropped': 0}, 'log': {'count': 0, 'max': 23, 'dropped': 0}, 'session': '001_000005_192721'}
719392849 Recorder :: {'tlm': {'count': 0, 'max': 12, 'dropped': 0}, 'log': {'count': 0, 'max': 23, 'dropped': 0}, 'session': '20000101_00@20000101_000005_192721_power_ina226.csv@719395400;4006;498;1975;0
720399600 Recorder :: {'tlm': {'count': 1, 'max': 12, 'dropped': 0}, 'log': {'count': 0, 'max': 23, 'dropped': 0}, 'session': '20000101_000005_192721'}
@20000101_000005_192.31.9375;7562;-17375;0.9585333;0.022433758;-0.2508502
721400585 Recorder :: {'tlm': {'count': 2, 'max': 12, 'dropped': 0}, 'log': {'count': 0, 'max': 23, 'dropped': 0}, 'session': '20000101_000005_192721'}
722413787 Recorder :: {'tlm': {'count': 0, 'max': 12, 'dropped': 0}, 'log': {'count': 0, 'max': 23, 'dropped': 0}, 'session': '20000101_000005_192721'}
@204;1
@2003126;21;-84;1
723418992 Recorder :: {'tlm': {'count': 1, 'max': 12, 'dropped': 0}, 'log': {'count': 0, 'max': 23, 'dropped': 0}, 'session': '20000101_000005_192721'}
0000101_000005_192721_imu_lsm6dso32.csv@724361485;1.009184;0.015616;-0.008784;-147;175;-98;1
724421728 Recorder :: {'tlm': {'count': 1, 'max': 12, 'dropped': 0}, 'log': {'count': 0, 'max': 23, 'dropped': 0}, 'session': '20000101_000005_192721'}
@20000101_000005_1924828150;218;192;4076
@20000101_000005_192721_laser_agl.csv521;1
725424743 Recorder :: {'tlm': {'count': 1, 'max': 12, 'dropped': 0}, 'log': {'count': 0, 'max': 23, 'dropped': 0}, 'session': '20000101_000005_192721'}
@20000101_000005_1927251.016016;0.000976;-0.006832;-70;49;-140;1
@20000101_000005_192721_air;64;0.017568;-0.008784;-49;63;-105;1
726453042 Recorder :: {'tlm': {'count': 4, 'max': 12, 'dropped': 0}, 'log': {'count': 0, 'max': 23, 'dropped': 0}, 'session': '20000101_000005_192721'}
@20000101_000005_192721_airspeed_sdp810.csv2479
727475093 Recorder :: {'tlm': {'count': 0, 'max': 12, 'dropped': 0}, 'log': {'count': 0, 'max': 23, 'dropped': 0}, 'session': '20000101_000005_192721'}
@2000010756;101603.21;1.5450706
@2000010s88;0.01464;0.00976;-133;42;-35;1
728474660 Recorder :: {'tlm': {'count': 1, 'max': 12, 'dropped': 0}, 'log': {'count': 0, 'max': 23, 'dropped': 0}, 'session': '20000101_000005_192721'}
@20000101_000005_192721_acce7394;1.813;0.147;0.196;1
729474717 Recorder :: {'tlm': {'count': 2, 'max': 12, 'dropped': 0}, 'log': {'count': 0, 'max': 23, 'dropped': 0}, 'session': '20000101_000005_192721'}
730477451 Recorder :: {'tlm': {'count': 0, 'max': 12, 'dropped': 0}, 'log': {'count': 0, 'max': 23, 'dropped': 0}, 'session': '20000101_000005_192721'}
731496201 Recorder :: {'tlm': {'count': 1, 'max': 12, 'dropped': 0}, 'log': {'count': 0, 'max': 23, 'dropped': 0}, 'session': '20000101_000005_192721'}
@20000101_000005_192721_imu_lsm6o5.1016;0.000976;0.013664;-245;112;-56;1
@20000101_000005_192721_accel78166;1.7639999;0.147;0.147;1
732552916 Recorder :: {'tlm': {'count': 7, 'max': 12, 'dropped': 0}, 'log': {'count': 0, 'max': 23, 'd@20000101_000005_192721_power_ina226.csv@732558057;4003;494;1975;0
@20000100-154;35;-84;1
733556436 Recorder :: {'tlm': {'count': 2, 'max': 12, 'dropped': 0}, 'log': {'count': 0, 'max': 23, 'dropped': 0}, 'session': '20000101_000005_192721'}
@20000101_000005_1927g125;0.021;1
734568396 Recorder :: {'tlm': {'count': 1, 'max': 12, 'dropped': 0}, 'log': {'count': 0, 'max': 23, 'dropped': 0}, 'session': '20000101_000005_192721'}
735571017 Recorder :: {'tlm': {'count': 0, 'max': 12, 'dropped': 0}, 'log': {'count': 0, 'max': 23, 'dropped': 0}, 'session': '20000101_000005_192721'}
@20000101_0000v1
@20000101_000005_192721_imu_bno055.csv6757;-17357;0.961592464;0.02447319;-0.237593884
@20000101_000-105;1
@20000101_000005_192721_i112;1
736573763 Recorder :: {'tlm': {'count': 0, 'max': 12, 'dropped': 0}, 'log': {'count': 0, 'max': 23, 'dropped': 0}, 'session': '20000101_000005_192721'}
737574886 Recorder :: {'tlm': {'count': 0, 'max': 12, 'dropped': 0}, 'log': {'count': 0, 'max': 23, 'dropped': 0}, 'session': '20000101_000005_192721'}
_192721_airspeed_sdp810.csv@738225525;343;241;4082
738580426 Recorder :: {'tlm': {'count': 2, 'max': 12, 'dropped': 0}, 'log': {'count': 0, 'max': 23, 'dropped': 0}, 'session': '20000101_000005_192721'}
21_airspeed_sdp810.csv@739059232;148;158;4084
@20000101_000005_192721_accel_adxl375.c647;0.196;1
739588234 Recorder :: {'tlm': {'count': 4, 'max': 12, 'dropped': 0}, 'log': {'count': 0, 'max': 23, 'dropped': 0}, 'session': '20000101_000005_192721'}
740589541 Recorder :: {'tlm': {'count': 1, 'max': 12, 'dropped': 0}, 'log': {'count': 0, 'max': 23, 'dropped': 0}, 'session': '20000101_000005_192721'}
@20000101_000005_192721_imu_lsm6ds7112;0.013664;0.016592;-154;98;-35;1
741592082 Recorder :: {'tlm': {'count': 0, 'max': 12, 'dropped': 0}, 'log': {'count': 0, 'max': 23, 'dropped': 0}, 'session': '20000101_000005_192721'}
@2000010c1202;-23.21502;36.76956;101604.15;1.4658012
742613193 Recorder :: {'tlm': {'count': 1, 'max': 12, 'dropped': 0}, 'log': {'count': 0, 'max': 23, 'dropped': 0}, 'session': '20000101_000005_192721'}

101_000005_192721_accel_adxl375.csv@742890675;1.7639999;0.098;0.196;1
743616410 Recorder :: {'tlm': {'count': 2, 'max': 12, 'dropped': 0}, 'log': {'count': 0, 'max': 23, 'dropped': 0}, 'session': '20000101_000005_192721'}
@20000101_000005_192721_imu_bno055.cs2.96261216;0.014276028;-0.2386136
0005_192721_imu_lsm6dso32.csv@744294819;1.009184;0.015616;-0.002928;-84;21;-154;1
744630217 Recorder :: {'tlm': {'count': 3, 'max': 12, 'dropped': 0}, 'log': {'count': 0, 'max': 23, 'dropped': 0}, 'session': '20000101_000005_192721'}
@2000010197;21;-98;1
@27961592464;0.023453474;-0.2508502
@20000101_000005_192721_baro_bmp280.csv90913;-32.774764;37.15;101719.304;3.062397
745636034 Recorder :: {'tlm': {'count': 1, 'max': 12, 'dropped': 0}, 'log': {'count': 0, 'max': 23, 'dropped': 0}, 'session': '20000101_000005_192721'}
@20000101_000005_192721_baro_bmp280490319;-32.774764;37.15;101719.304;3.062397
746659697 Recorder :: {'tlm': {'count': 6, 'max': 12, 'dropped': 0}, 'log': {'count': 0, 'max': 23, 'dropped': 0}, 'session': '20000101_000005_192721'}
0.196;1
748675613 Recorder :: {'tlm': {'count': 0, 'max': 12, 'dropped': 0}, 'log': {'count': 0, 'max': 23, 'dropped': 0}, 'session': '20000101_000005_192721'}
7961592464;0.007138014;-0.24983048
@5587;-17219;0.96261216;0.050985812;-0.248810768
749685779 Recorder :: {'tlm': {'count': 1, 'max': 12, 'dropped': 0}, 'log': {'count': 0, 'max': 23, 'dropped': 0}, 'session': '20000101_000005_192721'}
000005_192721_imu_lsm6dso32.csv@750262090;1.012112;0.03416;-0.00976;-91;35;-98;1
750689240 Recorder :rpped': 0}, 'session': '20000101_000005_192721'}
751695937 Recorder :: {'tlm': {'count': 1, 'max': 12, 'dropped': 0}, 'log': {'count': 0, 'max': 23, 'dropped': 0}, 'session': '20000101_000005_192721'}
@2000010;0.003904;-21;21;-147;1
752704145 Recorder :: {'tlm': {'count': 3, 'max': 12, 'dropped': 0}, 'log': {'count': 0, 'max': 23, 'dropped': 0}, 'session': '20000101_000005_192721'}
753751974 Recorder :: {'tlm': {'count': 2, 'max': 12, 'dropped': 0}, 'log': {'count': 0, 'max': 23, 'dropped': 0}, 'session': '20000101_000005_192721'}
754756860 Recorder :: {'tlm': {'count': 1, 'max': 12, 'dropped': 0}, 'log': {'count': 0, 'max': 23, 'dropped': 0}, 'session': '20000101_000005_192721'}
755757594 Recorder :: {'tlm': {'count': 0, 'max': 12, 'dropped': 0}, 'log': {'count': 0, 'max': 23, 'dropped': 0}, 'session': '20000101_000005_192721'}
@20000101_000005_192721_imu_lsm6dso32.c7.012112;0.00976;-0.000976;-42;42;-112;1
@2000098;0.196;1
756798320 Recorder :: {'tlm': {'count': 4, 'max': 12, 'dropped': 0}, 'log': {'count': 0, 'max': 23, 'dropped': 0}, 'session': '20000101_000005_192721'}
@20000101_000005_192721_accel_adxl375.cv;1.7149999;0.196;0.147;1
@20000101_000005_192721_accel_adxl37565;143;155;4097
757808349 Recorder :: {'tlm': {'count': 2, 'max': 12, 'dropped': 0}, 'log': {'count': 0, 'max': 23, 'dropped': 0}, 'session': '20000101_000005_192721'}
@20000101_000005i558352;344.6875;7575;-17225;0.96261216;0.02447319;-0.24065304
@200001013;4097
758813520 Recorder :: {'tlm': {'count': 0, 'max': 12, 'dropped': 0}, 'log': {'count': 0, 'max': 23, 'dropped': 0}, 'session': '20000101_000005_192721'}
759819533 Recorder :: {'tlm': {'count': 2, 'max': 12, 'dropped': 0}, 'log': {'count': 0, 'max': 23, 'dropped': 0}, 'session': '20000101_000005_192721'}
760819887 Recorder :: {'tlm': {'count': 2, 'max': 12, 'dropped': 0}, 'log': {'count': 0, 'max': 23, 'dropped': 0}, 'session': '20000101_000005_192721'}
761825182 Recorder :: {'tlm': {'count': 1, 'max': 12, 'dropped': 0}, 'log': {'count': 0, 'max': 23, 'dropped': 0}, 'session': '20000101_000005_192721'}
762839959 Recorder :: {'tlm': {'count': 2, 'max': 12, 'dropped': 0}, 'log': {'count': 0, 'max': 23, 'dropped': 0}, 'session': '20000101_000005_192721'}
@20000101_000005_192721_accel_a98;1
@2;35;-140;1
763890756 Recorder :: {'tlm': {'count': 2, 'max': 12, 'dropped': 0}, 'log': {'count': 0, 'max': 23, 'dropped': 0}, 'session': '20000101_000005_192721'}
1721_accel_adxl375.csv@764426330;1.813;0.196;0.147;1
764898654 Recorder :: {'tlm': {'count': 0, 'max': 12, 'dropped': 0}, 'log': {'count': 0, 'max': 23, 'dropped': 0}, 'session': '20000101_000005_192721'}
765906496 Recorder :: {'tlm': {'count': 0, 'max': 12, 'dropped': 0}, 'log': {'count': 0, 'max': 23, 'dropped': 0}, 'session': '20000101_000005_192721'}
@20;344.5625;7562;-17157;0.961592464;0.028552056;-0.24575162
766931203 Recorder :: {'tlm': {'count': 4, 'max': 12, 'dropped': 0}, 'log': {'count': 0, 'max': 23, 'dropped': 0}, 'session': '20000101_000005_192721'}
767931471 Recorder :: {'tlm': {'count': 0, 'max': 12, 'dropped': 0}, 'log': {'count': 0, 'max': 23, 'dropped': 0}, 'session': '20000101_000005_192721'}
768934639 Recorder :: {'tlm': {'count': 0, 'max': 12, 'dropped': 0}, 'log': {'count': 0, 'max': 23, 'dropped': 0}, 'session': '20000101_000005_192721'}
769938284 Recorder :: {'tlm': {'count': 1, 'max': 12, 'dropped': 0}, 'log': {'count': 0, 'max': 23, 'dropped': 0}, 'session': '20000101_000005_192721'}
770946214 Recorder :: {'tlm': {'count': 5, 'max': 12, 'dropped': 0}, 'log': {'count': 0, 'max': 23, 'dropped': 0}, 'session': '20000101_000005_192721'}
771949327 Recorder :: {'tlm': {'count': 2, 'max': 12, 'dropped': 0}, 'log': {'count': 0, 'max': 23, 'dropped': 0}, 'session': '20000101_000005_192721'}
772950402 Recorder :: {'tlm': {'count': 2, 'max': 12, 'dropped': 0}, 'log': {'count': 0, 'max': 23, 'dropped': 0}, 'session': '20000101_000005_192721'}
.290306;344.375;7562;-17232;0.961592464;0.011216879;-0.24575162
773956784 Recorder :: {'tlm': {'count': 1, 'max': 12, 'dropped': 0}, 'log': {'count': 0, 'max': 23, 'dropped': 0}, 'session': '20000101_000005_192721'}
774956790 Recorder :: {'tlm': {'count': 4, 'max': 12, 'dropped': 0}, 'log': {'count': 0, 'max': 23, 'dropped': 0}, 'session': '20000101_000@20000101_000005_192721_laser_agl.csv@774961565;0.023;1
@20002;91;-119;1
@20000101_000005_192721_accel_adxl375.cs3147;0.196;1
775963726 Recorder :: {'tlm': {'count': 1, 'max': 12, 'dropped': 0}, 'log': {'count': 0, 'max': 23, 'dropped': 0}, 'session': '20000101_000005_192721'}
@20000101_000005_192721_accel_adxl375s2813;0.098;0.196;1
776971150 Recorder :: {'tlm': {'count': 2, 'max': 12, 'dropped': 0}, 'log': {'count': 0, 'max': 23, 'dropped': 0}, 'session': '20000101_000005_192721'}
@20001
777970722 Recorder :: {'tlm': {'count': 1, 'max': 12, 'dropped': 0}, 'log': {'count': 0, 'max': 23, 'dropped': 0}, 'session': '20000101_000005_192721'}
778975050 Recorder :: {'tlm': {'count': 1, 'max': 12, 'dropped': 0}, 'log': {'count': 0, 'max': 23, 'dropped': 0}, 'session': '20000101_000005_192721'}
0005_192721_imu_lsm6dso32.csv@779488014;1.016016;0.026352;-0.01464;28;;1719;0.9605727;0.033650636;-0.26512624
779978437 Recorder :: {'tlm': {'count': 1, 'max': 12, 'dropped': 0}, 'log': {'count': 0, 'max': 23, 'dropped': 0}, 'session': '20000101_000005_192721'}
@20000101_000005_192721_baro_bmp0920566;37.23;101717.232;3.2315026
@20000101_00i780587090;344.4375;7543;-17375;0.96363184;0.0193746092;-0.242692468
@20;
780995595 Recorder :: {'tlm': {'count': 1, 'max': 12, 'dropped': 0}, 'log': {'count': 0, 'max': 23, 'dropped': 0}, 'session': '20000101_000005_192721'}
80101_000005_192721_imu_lsm6dso32.csv@781494028;1.012112;0.005856;0.000976;-7;63;-126;1
782014453 Recorder :: {'tlm': {'count': 0, 'max': 12, 'dropped': 0}, 'log': {'count': 0, 'max': 23, 'dropped': 0}, 'session': '20000101_000005_192721'}
783020123 Recorder :: {'tlm': {'count': 1, 'max': 12, 'dropped': 0}, 'log': {'count': 0, 'max': 23, 'dropped': 0}, 'session': '20000101_000005_192721'}
@200001019999;0.098;0.244999984;1
@20000101_000005_10.147;0.147;1
784038400 Recorder :: {'tlm': {'count': 3, 'max': 12, 'dropped': 0}, 'log': {'count': 0, 'max': 23, 'dropped': 0}, 'session': '20000101_000005_192721'}
785038437 Recorder :: {'tlm': {'count': 1, 'max': 12, 'dropped': 0}, 'log': {'count': 0, 'max': 23, 'dropped': 0}, 'session': '20000101_000005_192721'}
@20000101_000005_192l5788503;1.813;0.147;0.196;1
@20000101_000005_192721_imu6s1688;1.01016;0.026352;0.0;-56;21;-112;1
@20000101_000005_192721_airspee785993684;422;267;4119
786048790 Recorder :: {'tlm': {'count': 1, 'max': 12, 'dropped': 0}, 'log': {'count': 0, 'max': 23, 'dropped': 0}, 'session': '20000101_000005_192721'}
787050274 Recorder :: {'tlm': {'count': 1, 'max': 12, 'dropped': 0}, 'log': {'count': 0, 'max': 23, 'dropped': 0}, 'session': '20000101_000005_192721'}
@200001016992;-0.005856;-0.000976;-42;14;-126;1
@20000101_000005_19272n9290;344.5625;7550;-17407;0.96363184;0.0438478;-0.24167276
788064483 Recorder :: {'tlm': {'count': 3, 'max': 12, 'dropped': 0}, 'log': {'count': 0, 'max': 23, 'dropped': 0}, 'session': '20000101_000005_192721'}
789077288 Recorder :: {'tlm': {'count': 3, 'max': 12, 'dropped': 0}, 'log': {'count': 0, 'max': 23, 'dropped': 0}, 'session': '20000101_000005_192721'}
@20000101_000005_192721_airspeed_sdp810.cs10;567;4118
790083465 Recorder :: {'tlm': {'count': 0, 'max': 12, 'dropped': 0}, 'log': {'count': 0, 'max': 23, 'dropped': 0}, 'session': '20000101_000005_192721'}
791085062 Recorder :: {'tlm': {'count': 1, 'max': 12, 'dropped': 0}, 'log': {'count': 0, 'max': 23, 'dropped': 0}, 'session': '20000101_000005_192721'}
792106415 Recorder :: {'tlm': {'count': 1, 'max': 12, 'dropped': 0}, 'log': {'count': 0, 'max': 23, 'dropped': 0}, 'session': '20000101_000005_192721'}
@2000010i017;1.012112;0.002928;0.021472;-105;70;7;1
793107866 Recorder :: {'tlm': {'count': 5, 'max': 12, 'dropped': 0}, 'log': {'count': 0, 'max': 23, 'dropped': 0}, 'session': '20000101_000005_192721'}
@20000101_000005_192721_airspeed_sdp810.cs373126002;1.01016;0.021472;0.012688;-161;-14;-63;1
794113630 Recorder :: {'tlm': {'count': 0, 'max': 12, 'dropped': 0}, 'log': {'count': 0, 'max': 23, 'dropped': 0}, 'session': '20000101_000005_192721'}
795114727 Recorder :: {'tlm': {'count': 1, 'max': 12, 'dropped': 0}, 'log': {'count': 0, 'max': 23, 'dropped': 0}, 'session': '20000101_000005_192721'}
796117258 Recorder :: {'tlm': {'count': 0, 'max': 12, 'dropped': 0}, 'log': {'count': 0, 'max': 23, 'dropped': 0}, 'session': '20000101_000005_192721'}
797117484 Recorder :: {'tlm': {'count': 4, 'max': 12, 'dropped': 0}, 'log': {'count': 0, 'max': 23, 'dropped': 0}, 'session': '20000101_000005_192721'}
@20000101_000005_192721_accel_adxl375.csv6;0.147;0.147;1
21_imu_bno055.csv@797788291;345.375;7537;-17394;0.96261216;0.023453474;-0.237593884
798121654 Recorder :: {'tlm': {'count': 0, 'max': 12, 'dropped': 0}, 'log': {'count': 0, 'max': 23, 'dropped': 0}, 'session': '20000101_000005_192721'}
799123120 Recorder :: {'tlm': {'count': 1, 'max': 12, 'dropped': 0}, 'log': {'count': 0, 'max': 23, 'dropped': 0}, 'session': '20000101_000005_192721'}
@20000101_000005_192721_imu_lsm6ds3;0.147;0.244999984;1
800148059 Recorder :: {'tlm': {'count': 2, 'max': 12, 'dropped': 0}, 'log': {'count': 0, 'max': 23, 'dropped': 0}, 'session': '20000101_000005_192721'}
@200001031.7639999;0.147;0.147;1
@20000101_000005_192721_imu_bno055.csv05625;7537;-17394;0.961592464;0.033650636;-0.2447319
801152235 Recorder :: {'tlm': {'count': 1, 'max': 12, 'dropped': 0}, 'log': {'count': 0, 'max': 23, 'dropped': 0}, 'session': '20000101_000005_192721'}
802153368 Recorder :: {'tlm': {'count': 0, 'max': 12, 'dropped': 0}, 'log': {'count': 0, 'max': 23, 'dropped': 0}, 'session': '20000101_000005_192721'}
803165663 Recorder :: {'tlm': {'count': 1, 'max': 12, 'dropped': 0}, 'log': {'count': 0, 'max': 23, 'dropped': 0}, 'session': '20000101_000005_192721'}
804168069 Recorder :: {'tlm': {'count': 0, 'max': 12, 'dropped': 0}, 'log': {'count': 0, 'max': 23, 'dropped': 0}, 'session': '20000101_000005_192721'}
2101_000005_192721_accel_adxl375.csv@804594731;1.7639999;0.147;0.196;1
@20000101_000005_192721_accc749999;0.196;0.196;1
805173035 Recorder :: {'tlm': {'count': 1, 'max': 12, 'dropped': 0}, 'log': {'count': 0, 'max': 23, 'dropped': 0}, 'session': '20000101_000005_192721'}
806175133 Recorder :: {'tlm': {'count': 1, 'max': 12, 'dropped': 0}, 'log': {'count': 0, 'max': 23, 'dropped': 0}, 'session': '20000101_000005_192721'}
@20000101_000005_192721_accel_.196;1
807186829 Recorder :: {'tlm': {'count': 2, 'max': 12, 'dropped': 0}, 'log': {'count': 0, 'max': 23, 'dropped': 0}, 'session': '20000101_000005_192721'}
@20000101_000005_192721_imu_lsm6dso32.21;91;-105;1
@20000101_000005_192721_bar8-32.441836;37.28;101715.28;3.3953248
@20000101_000005_192721_laser_agl.c.196;1
808190818 Recorder :: {'tlm': {'count': 1, 'max': 12, 'dropped': 0}, 'log': {'count': 0, 'max': 23, 'dropped': 0}, 'session': '20000101_000005_192721'}
@20000101_000001359;0.006832;-0.00976;-105;56;-63;1
810211666 Recorder :: {'tlm': {'count': 1, 'max': 12, 'dropped': 0}, 'log': {'count': 0, 'max': 23, 'dropped': 0}, 'session': '20000101_000005_192721'}
@20000101_000005_192721_accel_adxl375..9999;0.098;0.196;1
21_baro_bmp280.csv@810695186;-32.510536;37.29;101716.09;3.3266258
811212796 Recorder :: {'tlm': {'count': 1, 'max': 12, 'dropped': 0}, 'log': {'count': 0, 'max': 23, 'dropped': 0}, 'session': '20000101_000005_192721'}
812213738 Recorder :: {'tlm': {'count': 1, 'max': 12, 'dropped': 0}, 'log': {'count': 0, 'max': 23, 'dropped': 0}, 'session': '20000101_000005_192721'}
@20000101_000005_192721_accel_as511;1.7639999;0.147;0.196;1
@20000;36;-42;-77;-98;1
813216459 Recorder :: {'tlm': {'count': 2, 'max': 12, 'dropped': 0}, 'log': {'count': 0, 'max': 23, 'dropped': 0}, 'session': '20000101_000005_192721'}
@2000010758;-0.26512624
@20000101_000005_192721_imu168
814219930 Recorder :: {'tlm': {'count': 0, 'max': 12, 'dropped': 0}, 'log': {'count': 0, 'max': 23, 'dropped': 0}, 'session': '20000101_000005_192721'}
@20000101_000005_192721_accel_adx7c;1.7149999;0.147;0.147;1
815222699 Recorder :: {'tlm': {'count': 0, 'max': 12, 'dropped': 0}, 'log': {'count': 0, 'max': 23, 'dropped': 0}, 'session': '20000101_000005_192721'}
@20000101_000005_192721_airspeed_sdp810.csv7
816234575 Recorder :: {'tlm': {'count': 2, 'max': 12, 'dropped': 0}, 'log': {'count': 0, 'max': 23, 'dropped': 0}, 'se@20000101_000005_192721_imu_lsm6dso32.csv@816237867;1.009184;0.007808;-0.006832;-84;84;-98;1
@20053;0.020394326;-0.24677134
817239071 Recorder :: {'tlm': {'count': 0, 'max': 12, 'dropped': 0}, 'log': {'count': 0, 'max': 23, 'dropped': 0}, 'session': '20000101_000005_192721'}
@20000107-112;1
@20000108;91;-175;1
818242528 Recorder :: {'tlm': {'count': 2, 'max': 12, 'dropped': 0}, 'log': {'count': 0, 'max': 23, 'dropped': 0}, 'session': '20000101_000005_192721'}
819243345 Recorder :: {'tlm': {'count': 2, 'max': 12, 'dropped': 0}, 'log': {'count': 0, 'max': 23, 'dropped': 0}, 'session': '20000101_000005_192721'}
820247450 Recorder :: {'tlm': {'count': 2, 'max': 12, 'dropped': 0}, 'log': {'count': 0, 'max': 23, 'dropped': 0}, 'session': '20000101_000005_192721'}
0.247791052
821246692 Recorder :: {'tlm': {'count': 1, 'max': 12, 'dropped': 0}, 'log': {'count': 0, 'max': 23, 'dropped': 0}, 'session': '20000101_000005_192721'}
@20000101_000005_192b21392340;342.75;7556;-17300;0.961592464;0.030591488;-0.24677134
822248088 Recorder :: {'tlm': {'count': 2, 'max': 12, 'dropped': 0}, 'log': {'count': 0, 'max': 23, 'dropped': 0}, 'session': '20000101_000005_192721'}
@20000101_000005_192721_im18
823253705 Recorder :: {'tlm': {'count': 1, 'max': 12, 'dropped': 0}, 'log': {'count': 0, 'max': 23, 'dropped': 0}, 'session': '20000101_000005_192721'}
@20000101_000005_192721_bars5997;-23.21502;36.790924;101604.18;1.4658012
@2000010823395547;393;258;4132
@200001;0.016592;-0.006832;-56;77;-133;1
@20000101_000005_192721_imu_lsm6dso32.c844;0.011712;0.00488;-119;21;-77;1
824263891 Recorder :: {'tlm': {'count': 2, 'max': 12, 'dropped': 0}, 'log': {'count': 0, 'max': 23, 'dropped': 0}, 'session': '20000101_000005_192721'}
@007808;-0.011712;-126;-14;-91;1
@20000105;1.7639999;0.098;0.196;1
825263923 Recorder :: {'tlm': {'count': 1, 'max': 12, 'dropped': 0}, 'log': {'count': 0, 'max': 23, 'dropped': 0}, 'session': '20000101_000005_192721'}
@20000101_000005_192721_power_ina226.cv257;3996;485;1925;0
@20000101_000005_192721_imu_bno27225;0.959553;0.049966096;-0.25390936
@2000010054753;37.31;101716.56;3.289631
@20000101_000005_192721_accel_adxl375.csc225588;1.012112;-0.001952;-0.000976;-112;-28;-63;1
827273998 Recorder :: {'tlm': {'count': 2, 'max': 12, 'dropped': 0}, 'log': {'count': 0, 'max': 23, 'dropped': 0}, 'session': '20000101_000005_192721'}
@20000101_000005_192721_imu_lms6246;1.0111359;-0.001952;0.0;-140;-7;-63;1
@20000101_000005_192721_imu_371218
@20000101_000005_19271-154;70;-63;1
828273938 Recorder :: {'tlm': {'count': 0, 'max': 12, 'dropped': 0}, 'log': {'count': 0, 'max': 23, 'dropped': 0}, 'session': '20000101_000005_192721'}
@20000101_000005_192721_imu_lsm6d68-0.00976;-133;56;-70;1
829301575 Recorder :: {'tlm': {'count': 3, 'max': 12, 'dropped': 0}, 'log': {'count': 0, 'max': 23, 'dropped': 0}, 'session': '20000101_000005_192721'}
830315211 Recorder :: {'tlm': {'count': 3, 'max': 12, 'dropped': 0}, 'log': {'count': 0, 'max': 23, 'dropped': 0}, 'session': '20000101_000005_192721'}
@20000101_000005_1902.621512;37.32;101717.47;3.2156486
831315208 Recorder :: {'tlm': {'count': 0, 'max': 12, 'dropped': 0}, 'log': {'count': 0, 'max': 23, 'dropped': 0}, 'session': '20000101_000005_192721'}
@20000101_000005_192721_power_ina2.93629;3991;534;2125;0
@20000101_000007628;-0.248810768
@20000107639999;0.147;0.196;1
832315178 Recorder :: {'tlm': {'count': 1, 'max': 12, 'dropped': 0}, 'log': {'count': 0, 'max': 23, 'dropped': 0}, 'session': '20000101_000005_192721'}
@20000101_000005_192721_i-0.25594878
833315938 Recorder :: {'tlm': {'count': 1, 'max': 12, 'dropped': 0}, 'log': {'count': 0, 'max': 23, 'dropped': 0}, 'session': '20000101_000005_192721'}
@2000010350;0
@20000101_000005_1927l6516;0.024;1
8': {'count': 0, 'max': 23, 'dropped': 0}, 'session': '20000101_000005_192721'}
835337845 Recorder :: {'tlm': {'count': 1, 'max': 12, 'dropped': 0}, 'log': {'count': 0, 'max': 23, 'dropped': 0}, 'session': '20000101_000005_192721'}
@20000101_000005_192721_airspeed_sdp810.5657681;162;165;4139
836338331 Recorder :: {'tlm': {'count': 0, 'max': 12, 'dropped': 0}, 'log': {'count': 0, 'max': 23, 'dropped': 0}, 'session': '20000101_000005_192721'}
837350779 Recorder :: {'tlm': {'count': 2, 'max': 12, 'dropped': 0}, 'log': {'count': 0, 'max': 23, 'dropped': 0}, 'session': '20000101_000005_192721'}
838351744 Recorder :: {'tlm': {'count': 2, 'max': 12, 'dropped': 0}, 'log': {'count': 0, 'max': 23, 'dropped': 0}, 'session': '20000101_000005_192721'}
839356022 Recorder :: {'tlm': {'count': 1, 'max': 12, 'dropped': 0}, 'log': {'count': 0, 'max': 23, 'dropped': 0}, 'session': '20000101_000005_192721'}
840373794 Recorder :: {'tlm': {'count': 0, 'max': 12, 'dropped': 0}, 'log': {'count': 0, 'max': 23, 'dropped': 0}, 'session': '20000101_000005_192721'}
@20000101_000005_192721_airspeed_sdv;0;4138
841374338 Recorder :: {'tlm': {'count': 1, 'max': 12, 'dropped': 0}, 'log': {'count': 0, 'max': 23, 'dropped': 0}, 'session': '20000101_000005_192721'}
842374485 Recorder :: {'tlm': {'count': 0, 'max': 12, 'dropped': 0}, 'log': {'count': 0, 'max': 23, 'dropped': 0}, 'session': '20000101_000005_192721'}
843376278 Recorder :: {'tlm': {'count': 1, 'max': 12, 'dropped': 0}, 'log': {'count': 0, 'max': 23, 'dropped': 0}, 'session': '20000101_000005_192721'}
@2498;-105;1
844388372 Recorder :: {'tlm': {'count': 0, 'max': 12, 'dropped': 0}, 'log': {'count': 0, 'max': 23, 'dropped': 0}, 'session': '20000101_000005_192721'}
845391640 Recorder :: {'tlm': {'count': 3, 'max': 12, 'dropped': 0}, 'log': {'count': 0, 'max': 23, 'dropped': 0}, 'sess@20000101_000005_192721_laser_agl.csv@845398417;0.023;0
846424595 Recorder :: {'tlm': {'count': 2, 'max': 12, 'dropped': 0}, 'log': {'count': 0, 'max': 23, 'dropped': 0}, 'session': '20000101_000005_192721'}
@20000101_000005_192721_i;0.01952;0.006832;-42;21;-119;1
@20000101;716.58;3.289631
849429777 Recorder :: {'tlm': {'count': 1, 'max': 12, 'dropped': 0}, 'log': {'count': 0, 'max': 23, 'dropped': 0}, 'session': '20000101_000005_192721'}
850437173 Recorder :: {'tlm': {'count': 1, 'max': 12, 'dropped': 0}, 'log': {'count': 0, 'max': 23, 'dropped': 0}, 'session': '20000101_000005_192721'}
851438740 Recorder :: {'tlm': {'count': 2, 'max': 12, 'dropped': 0}, 'log': {'count': 0, 'max': 23, 'dropped': 0}, 'session': '20000101_000005_192721'}
@20000101_00000_624;3990;507;2025;0
@20000101_000005_192721_airspeed_sdp8108034;4142
852439549 Recorder :: {'tlm': {'count': 2, 'max': 12, 'dropped': 0}, 'log': {'count': 0, 'max': 23, 'dropped': 0}, 'session': '20000101_000005_192721'}
853447013 Recorder :: {'tlm': {'count': 1, 'max': 12, 'dropped': 0}, 'log': {'count': 0, 'max': 23, 'dropped': 0}, 'session': '20000101_000005_192721'}
854447039 Recorder :: {'tlm': {'count': 1, 'max': 12, 'dropped': 0}, 'log': {'count': 0, 'max': 23, 'dropped': 0}, 'session': '20000101_000005_192721'}
@20000101_000005_192721_imu_lsm641
@20000101_000005_192721_baro_s.436554;37.36;101715.232;3.400608
855448089 Recorder :: {'tlm': {'count': 2, 'max': 12, 'dropped': 0}, 'log': {'count': 0, 'max': 23, 'dropped': 0}, 'session': '20000101_000005_192721'}
@20000101_000005_192721_im6384;1.0111359;0.010736;-0.000976;-112;49;-119;1
@20000101_000005_192721_imu_lsd59;1.013088;0.010736;-0.000976;-70;35;-84;1
856448182 Recorder :: {'tlm': {'count': 1, 'max': 12, 'dropped': 0}, 'log': {'count': 0, 'max': 23, 'dropped': 0}, 'session': '20000101_000005_192721'}
@2000010s7;153;161;4147
857448145 Recorder :: {'tlm': {'count': 1, 'max': 12, 'dropped': 0}, 'log': {'count': 0, 'max': 23, 'dropped': 0}, 'session': '20000101_000005_192721'}
858449405 Recorder :: {'tlm': {'count': 1, 'max': 12, 'dropped': 0}, 'log': {'count': 0, 'max': 23, 'dropped': 0}, 'session': '20000101_000005_192721'}
859452441 Recorder :: {'tlm': {'count': 1, 'max': 12, 'dropped': 0}, 'log': {'count': 0, 'max': 23, 'dropped': 0}, 'session': '20000101_000005_192721'}
@20000101_000005_192721_airspeed_sdp810.9
@20000101_000005_192721_airspeed'}
862472284 Recorder :: {'tlm': {'count': 0, 'max': 12, 'dropped': 0}, 'log': {'count': 0, 'max': 23, 'dropped': 0}, 'session': '20000101_000005_192721'}
863476650 Recorder :: {'tlm': {'count': 0, 'max': 12, 'dropped': 0}, 'log': {'count': 0, 'max': 23, 'dropped': 0}, 'session': '20000101_000005_192721'}
@20000101_000005_192721_power_ina2500;0
864487774 Recorder :: {'tlm': {'count': 0, 'max': 12, 'dropped': 0}, 'log': {'count': 0, 'max': 23, 'dropped': 0}, 'session': '20000101_000005_192721'}
@20000101_000005_192721_airse.64692388;258;209;4149
865488093 Recorder :: {'tlm': {'count': 0, 'max': 12, 'dropped': 0}, 'log': {'count': 0, 'max': 23, 'dropped': 0}, 'session': '20000101_000005_192721'}
866500514 Recorder :: {'tlm': {'count': 2, 'max': 12, 'dropped': 0}, 'log': {'count': 0, 'max': 23, 'dropped': 0}, 'session': '20000101_000005_192721'}
@20000101_000005_15307;0.96261216;0.028552056;-0.22739672
867534617 Recorder :: {'tlm': {'count': 1, 'max': 12, 'dropped': 0}, 'log': {'count': 0, 'max': 23, 'dropped': 0}, 'session': '20000101_000005_192721'}
868551059 Recorder :: {'tlm': {'count': 2, 'max': 12, 'dropped': 0}, 'log': {'count': 0, 'max': 23, 'dropped': 0}, 'session': '20000101_000005_192721'}
869553012 Recorder :: {'tlm': {'count': 1, 'max': 12, 'dropped': 0}, 'log': {'count': 0, 'max': 23, 'dropped': 0}, 'session': '20000101_000005_192721'}
@20000101_00985
@20000101_000005_lv70091854;1.7639999;0.147;0.147;1
870563500 Recorder :: {'tlm': {'count': 1, 'max': 12, 'dropped': 0}, 'log': {'count': 0, 'max': 23, 'dropped': 0}, 'session': '20000101_000005_192721'}
@2000011359;0.00488;0.007808;-140;28;-91;1
@2000014;0.147;0.244999984;1
871566355 Recorder :: {'tlm': {'count': 0, 'max': 12, 'dropped': 0}, 'log': {'count': 0, 'max': 23, 'dropped': 0}, 'session': '20000101_000005_192721'}
@20000101_000005_192721_powerc6;3991;472;1875;0
@20000101_004;-0.016592;-315;-91;-91;1
872580651 Recorder :: {'tlm': {'count': 0, 'max': 12, 'dropped': 0}, 'log': {'count': 0, 'max': 23, 'dropped': 0}, 'session': '20000101_000005_192721'}
873582407 Recorder :: {'tlm': {'count': 1, 'max': 12, 'dropped': 0}, 'log': {'count': 0, 'max': 23, 'dropped': 0}, 'session': '20000101_000005_192721'}
@20000101_000005_192721_baro_icp1873925684;-23.00892;36.817628;101601.68;1.6718998
874584137 Recorder :: {'tlm': {'count': 0, 'max': 12, 'dropped': 0}, 'log': {'count': 0, 'max': 23, 'dropped': 0}, 'session': '20000101_000005_192721'}
0192721_imu_bno055.csv@874758991;336.75;7568;-17457;0.937119264;-0.02447310csv@874760267;-225;0;4152
@200001a17;-32.410132;37.38;101714.89;3.4270286
876600885 Recorder :: {'tlm': {'count': 1, 'max': 12, 'dropped': 0}, 'log': {'count': 0, 'max': 23, 'dropped': 0}, 'session': '20000101_000005_192721'}
@20000101;-2.98352;36.83632;101601.55;1.6824684
877606956 Recorder :: {'tlm': {'count': 1, 'max': 12, 'dropped': 0}, 'log': {'count': 0, 'max': 23, 'dropped': 0}, 'session': '20000101_000005_192721'}
878612201 Recorder :: {'tlm': {'count': 1, 'max': 12, 'dropped': 0}, 'log': {'count': 0, 'max': 23, 'dropped': 0}, 'session': '20000101_000005_192721'}
@20000101_000005_192721_imu_bno0555713;1.0543866;-0.059143544;-0.28348112
879612094 Recorder :: {'tlm': {'count': 0, 'max': 12, 'dropped': 0}, 'log': {'count': 0, 'max': 23, 'dropped': 0}, 'session': '20000101_000005_192721'}
@20000101_000005_192721_.0;1
880684382 Recorder :: {'tlm': {'count': 0, 'max': 12, 'dropped': 0}, 'log': {'count': 0, 'max': 23, 'dropped': 0}, 'session': '20000101_000005_192721'}
881685037 Recorder :: {'tlm': {'count': 1, 'max': 12, 'dropped': 0}, 'log': {'count': 0, 'max': 23, 'dropped': 0}, 'session': '20000101_000005_192721'}
882689300 Recorder :: {'tlm': {'count': 0, 'max': 12, 'dropped': 0}, 'log': {'count': 0, 'max': 23, 'dropped': 0}, 'session': '20000101_000005_192721'}
883729906 Recorder :: {'tlm': {'count': 4, 'max': 12, 'dropped': 0}, 'log': {'count': 0, 'max': 23, 'dropped': 0}, 'session': '20000101_000005_192721'}
@20000101_000005_192721_baro_icp102758719;0.979904;0.03904;-0.032208;1428;-266;-525;1
@20000101_000005_192721_airspeed_sdp9;175;4156
@20000
885736327 Recorder :: {'tlm': {'count': 0, 'max': 12, 'dropped': 0}, 'log': {'count': 0, 'max': 23, 'dropped': 0}, 'session': '20000101_000005_192721'}
886736578 Recorder :: {'tlm': {'count': 2, 'max': 12, 'dropped': 0}, 'log': {'count': 0, 'max': 23, 'dropped': 0}, 'session': '20000101_000005_192721'}
@20000101_000002158
@20000101_000005_19272r30.024;1
887737741 Recorder :: {'tlm': {'count': 1, 'max': 12, 'dropped': 0}, 'log': {'count': 0, 'max': 23, 'dropped': 0}, 'session': '20000101_000005_192721'}
888739121 Recorder :: {'tlm': {'count': 2, 'max': 12, 'dropped': 0}, 'log': {'count': 0, 'max': 23, 'dropped': 0}, 'session': '20000101_000005_192721'}
889740661 Recorder :: {'tlm': {'count': 1, 'max': 12, 'dropped': 0}, 'log': {'count': 0, 'max': 23, 'dropped': 0}, 'session': '20000101_000005_192721'}
@20000101_000005_192721_airspeed_sdp810.csv3308;4157
@20000101_000005_1-9;1
890741226 Recorder :: {'tlm': {'count': 1, 'max': 12, 'dropped': 0}, 'log': {'count': 0, 'max': 23, 'dropped': 0}, 'session': '20000101_000005_192721'}
891744408 Recorder :: {'tlm': {'count': 0, 'max': 12, 'dropped': 0}, 'log': {'count': 0, 'max': 23, 'dropped': 0}, 'session': '20000101_000005_192721'}
892744406 Recorder :: {'tlm': {'count': 1, 'max': 12, 'dropped': 0}, 'log': {'count': 0, 'max': 23, 'dropped': 0}, 'session': '20000101_000005_192721'}
@20000101_000005_192721_imu_bno055.v425;488;287;4159
893746680 Recorder :: {'tlm': {'count': 0, 'max': 12, 'dropped': 0}, 'log': {'count': 0, 'max': 23, 'dropped': 0}, 'session': '20000101_000005_192721'}
@20000101_000005_1927239;0.098;0.147;1
@20000101_00561216;0.041808368;-0.2579882
@20000101_000005_1927.7639999;0.098;0.147;1
@20000101_000005_19272130;0
894750855 Recorder :: {'tlm': {'count': 1, 'max': 12, 'dropped': 0}, 'log': {'count': 0, 'max': 23, 'dropped': 0}, 'session': '20000101_000005_192721'}
895751566 Recorder :: {'tlm': {'count': 0, 'max': 12, 'dropped': 0}, 'log': {'count': 0, 'max': 23, 'dropped': 0}, 'session': '20000101_000005_192721'}
896753259 Recorder :: {'tlm': {'count': 2, 'max': 12, 'dropped': 0}, 'log': {'count': 0, 'max': 23, 'dropped': 0}, 'session': '20000101_000005_192721'}
@20000101_000005_192721_airspeed_sdp810.cs53;251;4161
897777411 Recorder :: {'tlm': {'count': 1, 'max': 12, 'dropped': 0}, 'log': {'count': 0, 'max': 23, 'dropped': 0}, 'session': '20000101_000005_192721'}
@20000101_000005_192721_acc739999;0.196;0.196;1
@20000101_000005_192721_baro_bmp;4;101720.42;2.9672736
@20000101_000005_192721_imu_lsm6391.001376;-0.05368;0.066368;-1064;287;364;1
898783727 Recorder :: {'tlm': {'count': 0, 'max': 12, 'dropped': 0}, 'log': {'count': 0, 'max': 23, 'dropped': 0}, 'session': '20000101_000005_192721'}
899784903 Recorder :: {'tlm': {'count': 1, 'max': 12, 'dropped': 0}, 'log': {'count': 0, 'max': 23, 'dropped': 0}, 'session': '20000101_000005_192721'}
@20000101_000005_192721_airspeed_sdp810.'nt': 1, 'max': 12, 'dropped': 0}, 'log': {'count': 0, 'max': 23, 'droppe'session': '20000101_000005_192721'}
901797839 Recorder :: {'tlm': {'count': 0, 'max': 12, 'dropped': 0}, 'log': {'count': 0, 'max': 23, 'dropped': 0}, 'session': '20000101_000005_192721'}
902804787 Recorder :: {'tlm': {'count': 2, 'max': 12, 'dropped': 0}, 'log': {'count': 0, 'max': 23, 'dropped': 0}, 'session': '20000101_000005_192721'}
903811721 Recorder :: {'tlm': {'count': 4, 'max': 12, 'dropped': 0}, 'log': {'count': 0, 'max': 23, 'dropped': 0}, 'session': '20000101_000005_192721'}
0172_airspeed_sdp810.csv@904627052;-178;0;4161
904820464 Recorder :: {'tlm': {'count': 2, 'max': 12, 'dropped': 0}, 'log': {'count': 0, 'max': 23, 'dropped': 0}, 'session': '20000101_000005_192721'}
@20000101_000005_192721_accel_adxl375
905820085 Recorder :: {'tlm': {'count': 1, 'max': 12, 'dropped': 0}, 'log': {'count': 0, 'max': 23, 'dropped': 0}, 'session': '20000101_000005_192721'}
@2000010d7399990.098;0.196;1
906825027 Recorder :: {'tlm': {'count': 2, 'max': 12, 'dropped': 0}, 'log': {'count': 0, 'max': 23, 'dropped': 0}, 'session': '20000101_000005_192721'}
@20000101_000005_192721_accel_adxl5.93746;1.7639999;0.098;0.196;1
907825548 Recorder :: {'tlm': {'count': 0, 'max': 12, 'dropped': 0}, 'log': {'count': 0, 'max': 23, 'dropped': 0}, 'session': '20000101_000005_192721'}
@2000010i08561271;1.013088;0.006832;0.020496;-147;49;-56;1
908835073 Recorder :: {'tlm': {'count': 1, 'max': 12, 'dropped': 0}, 'log': {'count': 0, 'max': 23, 'dropped': 0}, 'session': '20000101_000005_192721'}
@;
909835344 Recorder :: {'tlm': {'count': 1, 'max': 12, 'dropped': 0}, 'log': {'count': 0, 'max': 23, 'dropped': 0}, 'session': '20000101_000005_192721'}
910835607 Recorder :: {'tlm': {'count': 1, 'max': 12, 'dropped': 0}, 'log': {'count': 0, 'max': 23, 'dropped': 0}, 'session': '20000101_000005_192721'}
@20000101_000005_192721_imu_l856;-63;56;-147;1
911836484 Recorder :: {'tlm': {'count': 0, 'max': 12, 'dropped': 0}, 'log': {'count': 0, 'max': 23, 'dropped': 0}, 'session': '20000101_000005_192721'}
912866353 Recorder :: {'tlm': {'count': 1, 'max': 12, 'dropped': 0}, 'log': {'count': 0, 'max': 23, 'dropped': 0}, 'session': '20000101_000005_192721'}
913879320 Recorder :: {'tlm': {'count': 2, 'max': 12, 'dropped': 0}, 'log': {'count': 0, 'max': 23, 'dropped': 0}, 'session': '20000101_000005_192721'}
@20000101600;0.9656713;0.03263092;-0.23045588
914879161 Recorder :: {'tlm': {'count': 2, 'max': 12, 'dropped': 0}, 'log': {'count': 0, 'max': 23, 'dropped': 0}, 'session': '20000101_000005_192721'}
@20000101_000005_192721_airsped07986;273;215;4166
@20000101_e5859502;1.7639999;0.147;0.196;1
915878895 Recorder :: {'tlm': {'count': 0, 'max': 12, 'dropped': 0}, 'log': {'count': 0, 'max': 23, 'dropped': 0}, 'session': '20000101_000005_192721'}
916881854 Recorder :: {'tlm': {'count': 1, 'max': 12, 'dropped': 0}, 'log': {'count': 0, 'max': 23, 'dropped': 0}, 'session': '20000101_000005_192721'}
917881917 Recorder :: {'tlm': {'count': 0, 'max': 12, 'dropped': 0}, 'log': {'count': 0, 'max': 23, 'dropped': 0}, 'session': '20000101_000005_192721'}
@200001080.012688;-168;56;-84;1
918883764 Recorder :: {'tlm': {'count': 2, 'max': 12, 'dropped': 0}, 'log': {'count': 0, 'max': 23, 'dropped': 0}, 'session': '20000101_000005_192721'}
005_192721_accel_adxl375.csv@919326213;1.7149999;0.147;0.196;1
919900960 Recorder :: {'tlm': {'count': 1, 'max': 12, 'dropped': 0}, 'log': {'count': 0, 'max': 23, 'dropped': 0}, 'session': '20000101_000005_192721'}
920913103 Recorder :: {'tlm': {'count': 0, 'max': 12, 'dropped': 0}, 'log': {'count': 0, 'max': 23, 'dropped': 0}, 'session': '20000101_000005_192721'}
@2000010d0;1.7149999;0.147;0.196;1
921919866 Recorder :: {'tlm': {'count': 1, 'max': 12, 'dropped': 0}, 'log': {'count': 0, 'max': 23, 'dropped': 0}, 'session': '20000101_000005_192721'}
@200001022752588;1.0111359;0.015616;0.010736;-77;42;-98;1
922922567 Recorder :: {'tlm': {'count': 0, 'max': 12, 'dropped': 0}, 'log': {'count': 0, 'max': 23, 'dropped': 0}, 'session': '20000101_000005_192721'}
@20000101_000025;7656;-17307;0.9656713;0.030591488;-0.23555446
923924959 Recorder :: {'tlm': {'count': 1, 'max': 12, 'dropped': 0}, 'log': {'count': 0, 'max': 23, 'dropped': 0}, 'session': '20000101_000005_192721'}
924926921 Recorder :: {'tlm': {'count': 0, 'max': 12, 'dropped': 0}, 'log': {'count': 0, 'max': 23, 'dropped': 0}, 'session': '20000101_000005_192721'}
925930009 Recorder :: {'tlm': {'count': 2, 'max': 12, 'dropped': 0}, 'log': {'count': 0, 'max': 23, 'dropped': 0}, 'session': '20000101_000005_192721'}
@20000101_000005_192721_accel_adxl375.v5;1.7149999;0.147;0.147;1
926935688 Recorder :: {'tlm': {'count': 1, 'max': 12, 'dropped': 0}, 'log': {'count': 0, 'max': 23, 'dropped': 0}, 'session': '20000101_000005_192721'}
@20000101_000005_192721l639999;0.147;0.196;1
927937163 Recorder :: {'tlm': {'count': 2, 'max': 12, 'dropped': 0}, 'log': {'count': 0, 'max': 23, 'dropped': 0}, 'session': '20000101_000005_192721'}
@20000101_000005_192721_airspeed_sdp8104
928937180 Recorder :: {'tlm': {'count': 1, 'max': 12, 'dropped': 0}, 'log': {'count': 0, 'max': 23, 'dropped': 0}, 'session': '20000101_000005_192721'}
929947623 Recorder :: {'tlm': {'count': 1, 'max': 12, 'dropped': 0}, 'log': {'count': 0, 'max': 23, 'dropped': 0}, 'session': '20000101_000005_192721'}
@200001116;0.028552056;-0.232495316
930948337 Recorder :: {'tlm': {'count': 2, 'max': 12, 'dropped': 0}, 'log': {'count': 0, 'max': 23, 'dropped': 0}, 'session': '20000101_000005_192721'}
_accel_adxl375.csv@931327799;1.7639999;0.147;0.244999984;1
@20000101_000005_192721_accel_adxl375.c10147;0.147;1
931954700 Recorder :: {'tlm': {'count': 0, 'max': 12, 'dropped': 0}, 'log': {'count': 0, 'max': 23, 'dropped': 0}, 'session': '20000101_000005_192721'}
@200001025;198;183;4172
@20000101_000005_192721_is08208;0.015616;0.01952;-133;35;-91;1
@20000101_000005_192721_imu_lsm6s112;0.023424;0.013664;-98;49;-91;1
934987154 Recorder :: {'tlm': {'count': 2, 'max': 12, 'dropped': 0}, 'log': {'count': 0, 'max': 23, 'dropped': 0}, 'session': '20000101_000005_192721'}
935986780 Recorder :: {'tlm': {'count': 1, 'max': 12, 'dropped': 0}, 'log': {'count': 0, 'max': 23, 'dropped': 0}, 'session': '20000101_000005_192721'}
936991401 Recorder :: {'tlm': {'count': 3, 'max': 12, 'dropped': 0}, 'log': {'count': 0, 'max': 23, 'dropped': 0}, 'session': '20000101_000005_192721'}
@20000101_000005_192721_airspeed_sdp810.360;0.024;1
937991003 Recorder :: {'tlm': {'count': 0, 'max': 12, 'dropped': 0}, 'log': {'count': 0, 'max': 23, 'dropped': 0}, 'session': '20000101_000005_192721'}
938990753 Recorder :: {'tlm': {'count': 0, 'max': 12, 'dropped': 0}, 'log': {'count': 0, 'max': 23, 'dropped': 0}, 'session': '20000101_000005_192721'}
939990642 Recorder :: {'tlm': {'count': 1, 'max': 12, 'dropped': 0}, 'log': {'count': 0, 'max': 23, 'dropped': 0}, 'session': '20000101_000005_192721'}
940992464 Recorder :: {'tlm': {'count': 1, 'max': 12, 'dropped': 0}, 'log': {'count': 0, 'max': 23, 'dropped': 0}, 'session': '20000101_000005_192721'}
@2001464;-119;63;-91;1
@20000101_000005_192721_airspeed_sd10;4180
941996659 Recorder :: {'tlm': {'count': 2, 'max': 12, 'dropped': 0}, 'log': {'count': 0, 'max': 23, 'dropped': 0}, 'session': '20000101_000005_192721'}
943000305 Recorder :: {'tlm': {'count': 0, 'max': 12, 'dropped': 0}, 'log': {'count': 0, 'max': 23, 'dropped': 0}, 'session': '20000101_000005_192721'}
944000388 Recorder :: {'tlm': {'count': 0, 'max': 12, 'dropped': 0}, 'log': {'count': 0, 'max': 23, 'dropped': 0}, 'session': '20000101_000005_192721'}
945036545 Recorder :: {'tlm': {'count': 1, 'max': 12, 'dropped': 0}, 'log': {'count': 0, 'max': 23, 'dropped': 0}, 'session': '20000101_000005_192721'}
@20000101_000005_192721_imu_2448;0.015616;-21;56;-140;1
@20000101_000005_192721_airspe85;4180
946036076 Recorder :: {'tlm': {'count': 1, 'max': 12, 'dropped': 0}, 'log': {'count': 0, 'max': 23, 'dropped': 0}, 'session': '20000101_000005_192721'}
947035621 Recorder :: {'tlm': {'count': 0, 'max': 12, 'dropped': 0}, 'log': {'count': 0, 'max': 23, 'dropped': 0}, 'session': '20000101_000005_192721'}
@20000101_000005_192721n8073;353.875;7656;-17307;0.9656713;0.0377295;-0.232495316
948043866 Recorder :: {'tlm': {'count': 4, 'max': 12, 'dropped': 0}, 'log': {'count': 0, 'max': 23, 'dropped': 0}, 'session': '20000101_000005_192721'}
949050554 Recorder :: {'tlm': {'count': 0, 'max': 12, 'dropped': 0}, 'log': {'count': 0, 'max': 23, 'dropped': 0}, 'session': '20000101_000005_192721'}
@2000045;7650;-17325;0.9646516;0.03569007;-0.23657418
@20000101_000005_192721_airs49624000;703;345;4185
950051129 Recorder :: {'tlm': {'count': 2, 'max': 12, 'dropped': 0}, 'log': {'count': 0, 'max': 23, 'dropped': 0}, 'session': '20000101_000005_192721'}
@20000101_000005_192721_laserc;0.022;0
@20000101_000005_1927.09;0.022;1
951051771 Recorder :: {'tlm': {'count': 1, 'max': 12, 'dropped': 0}, 'log': {'count': 0, 'max': 23, 'dropped': 0}, 'session': '20000101_000005_192721'}
952068501 Recorder :: {'tlm': {'count': 2, 'max': 12, 'dropped': 0}, 'log': {'count': 0, 'max': 23, 'dropped': 0}, 'session': '20000101_000005_192721'}
52;-154;70;-56;1
953067988 Recorder :: {'tlm': {'count': 0, 'max': 12, 'dropped': 0}, 'log': {'count': 0, 'max': 23, 'dropped': 0}, 'session': '20000101_000005_192721'}
954088970 Recorder :: {'tlm': {'count': 2, 'max': 12, 'dropped': 0}, 'log': {'count': 0, 'max': 23, 'dropped': 0}, 'session': '20000101_000005_192721'}
@20000101_000005_192721_accel_ad0.244999984;1
955094902 Recorder :: {'tlm': {'count': 1, 'max': 12, 'dropped': 0}, 'log': {'count': 0, 'max': 23, 'dropped': 0}, 'session': '20000101_000005_192721'}
@20000101_000005_19272137612;-17219;0.9646516;0.015295744;-0.23045588
@20000101_000005_192721_ai52;405;262;4186
@20000101_000005_19272134
956096700 Recorder :: {'tlm': {'count': 0, 'max': 12, 'dropped': 0}, 'log': {'count': 0, 'max': 23, 'dropped': 0}, 'session': '20000101_000005_192721'}
957105127 Recorder :: {'tlm': {'count': 0, 'max': 12, 'dropped': 0}, 'log': {'count': 0, 'max': 23, 'dropped': 0}, 'session': '20000101_000005_192721'}
@200001041;0.098;1
@20000101_000005_192721_imu_lsm6dso32.c;56;-98;1
@20000101_000005_192721_imu_lsm6-77;42;-105;1
958114191 Recorder :: {'tlm': {'count': 1, 'max': 12, 'dropped': 0}, 'log': {'count': 0, 'max': 23, 'dropped': 0}, 'session': '20000101_000005_192721'}
959122118 Recorder :: {'tlm': {'count': 0, 'max': 12, 'dropped': 0}, 'log': {'count': 0, 'max': 23, 'dropped': 0}, 'session': '20000101_000005_192721'}
@20000101_00000476;353.0;7600;-17244;0.9656713;0.030591488;-0.22739672
960130422 Recorder :: {'tlm': {'count': 2, 'max': 12, 'dropped': 0}, 'log': {'count': 0, 'max': 23, 'dropped': 0}, 'session': '20000101_000005_192721'}
961130587 Recorder :: {'tlm': {'count': 3, 'max': 12, 'dropped': 0}, 'log': {'count': 0, 'max': 23, 'dropped': 0}, 'session': '20000101_000005_192721'}
962139127 Recorder :: {'tlm': {'count': 1, 'max': 12, 'dropped': 0}, 'log': {'count': 0, 'max': 23, 'dropped': 0}, 'session': '20000101_000005_192721'}
@20000101_000005_192721_imu_lsm6dsv279;0.993568;0.017568;-0.083936;-2079;-252;224;1
963143249 Recorder :: {'tlm': {'count': 1, 'max': 12, 'dropped': 0}, 'log': {'count': 0, 'max': 23, 'dropped': 0}, 'session': '20000101_000005_192721'}
964142767 Recorder :: {'tlm': {'count': 0, 'max': 12, 'dropped': 0}, 'log': {'count': 0, 'max': 23, 'dropped': 0}, 'session': '20000101_000005_192721'}
@200001;93;.014276028;-0.2579882
965143605 Recorder :: {'tlm': {'count': 1, 'max': 12, 'dropped': 0}, 'log': {'count': 0, 'max': 23, 'dropped': 0}, 'session': '20000101_000005_192721'}
@20000101_000005_192721_imu_bno055.csv68;-17375;0.96363184;0.0377295;-0.232495316
@20000101_000005_192721_laser_agl.v24277;0.021;1
966150240 Recorder :: {'tlm': {'count': 0, 'max': 12, 'dropped': 0}, 'log': {'count': 0, 'max': 23, 'dropped': 0}, 'session': '20000101_000005_192721'}
@20000101_000005_19;1.7149999;0.147;0.244999984;1
967152464 Recorder :: {'tlm': {'count': 0, 'max': 12, 'dropped': 0}, 'log': {'count': 0, 'max': 23, 'dropped': 0}, 'session': '20000101_000005_192721'}
968164654 Recorder :: {'tlm': {'count': 1, 'max': 12, 'dropped': 0}, 'log': {'count': 0, 'max': 23, 'dropped': 0}, 'session': '20000101_000005_192721'}
969175171 Recorder :: {'tlm': {'count': 1, 'max': 12, 'dropped': 0}, 'log': {'count': 0, 'max': 23, 'dropped': 0}, 'session': '20000101_000005_192721'}
@20000101_0000-0.24167276
970179480 Recorder :: {'tlm': {'count': 2, 'max': 12, 'dropped': 0}, 'log': {'count': 0, 'max': 23, 'dropped': 0}, 'session': '20000101_000005_192721'}
971178593 Recorder :: {'tlm': {'count': 1, 'max': 12, 'dropped': 0}, 'log': {'count': 0, 'max': 23, 'dropped': 0}, 'session': '20000101_000005_192721'}
201_000005_192721_baro_icp10111.csv@971449018;-23.003638;37.03659;101601.3088;0.00488;0.026352;14;77;-175;1
@20000101_000005_192721_imu_bno055.c971454000;340.6875;7537;-17382;0.961592464;0.0061182976;-0.23963332
972193043 Recorder :: {'tlm': {'count': 1, 'max': 12, 'dropped': 0}, 'log': {'count': 0, 'max': 23, 'dropped': 0}, 'session': '20000101_000005_192721'}
973219490 Recorder :: {'tlm': {'count': 4, 'max': 12, 'dropped': 0}, 'log': {'count': 0, 'max': 23, 'dropped': 0}, 'session': '20000101_000005_192721'}
974204117 Recorder :: {'tlm': {'count': 3, 'max': 12, 'dropped': 0}, 'log': {'count': 0, 'max': 23, 'dropped': 0}, 'session': '20000101_000005_192721'}
@20000101_000005_1927_7555906;1.014064;0.005856;0.001952;-196;49;-105;1
@20000101_000005_192721_94558147;1.7149999;0.196;0.196;1
975211880 Recorder :: {'tlm': {'count': 2, 'max': 12, 'dropped': 0}, 'log': {'count': 0, 'max': 23, 'dropped': 0}, 'session': '20000101_000005_192721'}
@20000101_00004575162
976214152 Recorder :: {'tlm': {'count': 0, 'max': 12, 'dropped': 0}, 'log': {'count': 0, 'max': 23, 'dropped': 0}, 'session': '20000101_000005_192721'}
977221778 Recorder :: {'tlm': {'count': 3, 'max': 12, 'dropped': 0}, 'log': {'count': 0, 'max': 23, 'dropped': 0}, 'session': '20000101_000005_192721'}
@20000101_000005_4856;-84;28;-91;1
@20000101_000005_192721_im71.813;0.147;0.147;1
978226134 Recorder :: {'tlm': {'count': 3, 'max': 12,ropped': 0}, 'log': {'count': 0, 'max': 23, 'dropped': 0}, 'session': '20000101_000005_192721'}
979231538 Recorder :: {'tlm': {'count': 2, 'max': 12, 'dropped': 0}, 'log': {'count': 0, 'max': 23, 'dropped': 0}, 'session': '20000101_000005_192721'}
@20000101_000005_1;53;0.020394326;-0.24065304
980273816 Recorder :: {'tlm': {'count': 7, 'max': 12, 'dropped': 0}, 'log': {'count': 0, 'max': 23, 'dropped': 0}, 'session': '20000101_000005_192721'}
00101_000005_192721_imu_bno055.csv@980490292;339.9375;7531;-17332;0.96771068;0.03263092;-0.21617985
981282426 Recorder :: {'tlm': {'count': 1, 'max': 12, 'dropped': 0}, 'log': {'count': 0, 'max': 23, 'dropped': 0}, 'session': '20000101_000005_192721'}
@20000101_000005_19272423;-0.24575162
982284433 Recorder :: {'tlm': {'count': 2, 'max': 12, 'dropped': 0}, 'log': {'count': 0, 'max': 23, 'dropped': 0}, 'session': '20000101_000005_192721'}
983287687 Recorder :: {'tlm': {'count': 1, 'max': 12, 'dropped': 0}, 'log': {'count': 0, 'max': 23, 'dropped': 0}, 'session': '20000101_000005_192721'}
@20000101_000005_192721_im84358426;1.0111359;0.005856;0.005856;-98;49;-140;1
@2000010.999;0.147;0.147;1
@20000101_000005_192721_imu_v003;339.1875;7531;-17375;0.961592464;0.020394326;-0.24575162
985300102 Recorder :: {'tlm': {'count': 2, 'max': 12, 'dropped': 0}, 'log': {'count': 0, 'max': 23, 'dropped': 0}, 'session': '20000101_000005_192721'}
1power_ina226.csv@985987555;3971;476;1875;0
@20000101_000005_192721_.8707;1.013088;0.011712;0.005856;-77;49;-98;1
@20000101_000005_192721_ai6090515;720;349;4197
986299779 Recorder :: {'tlm': {'count': 2, 'max': 12, 'dropped': 0}, 'log': {'count': 0, 'max': 23, 'dropped': 0}, 'session': '20000101_000005_192721'}
@20000101_000005_192721_imu_lsm6dso38;0.196;1
@20000101_000005_192721_imu_3658305;1.012112;0.015616;-0.005856;-63;21;-91;1
@20000101_000005_19272;1813;0.098;0.196;1
@20000196;1
987312246 Recorder :: {'tlm': {'count': 1, 'max': 12, 'dropped': 0}, 'log': {'count': 0, 'max': 23, 'dropped': 0}, 'session': '20000101_000005_192721'}
988311790 Recorder :: {'tlm': {'count': 2, 'max': 12, 'dropped': 0}, 'log': {'count': 0, 'max': 23, 'dropped': 0}, 'session': '20000101_000005_192721'}
989315175 Recorder :: {'tlm': {'count': 2, 'max': 12, 'dropped': 0}, 'log': {'count': 0, 'max': 23, 'dropped': 0}, 'session': '20000101_000005_192721'}
@20000101_01
990324956 Recorder :: {'tlm': {'count': 2, 'max': 12, 'dropped': 0}, 'log': {'count': 0, 'max': 23, 'dropped': 0}, 'session': '20000101_00@20000101_000005_192721_health.csv@990329863;40;32526240;22;None;None;0;0;0
991325432 Recorder :: {'tlm': {'count': 0, 'max': 12, 'dropped': 0}, 'log': {'count': 0, 'max': 23, 'dropped': 0}, 'session': '20000101_000005_192721'}
@20000101_000005_192721_airspeed_sdp81098;4201
@20000101_000005_192721_imu_lsm6dso321;1
993327909 Recorder :: {'tlm': {'count': 0, 'max': 12, 'dropped': {'count': 0, 'max': 23, 'dropped': 0}, 'session': '20000101_000005_192721@20000101_000005_192721_imu_lsm6dso32.csv@993331767;1.0111359;0.013664;0.006832;-49;56;-98;1
@20000101_000005_1927u994222500;1.01016;0.003904;0.001952;-140;126;-63;1
994332218 Recorder :: {'tlm': {'count': 1, 'max': 12, 'dropped': 0}, 'log': {'count': 0, 'max': 23, 'dropped': 0}, 'session': '20000101_000005_192721'}
995346917 Recorder :: {'tlm': {'count': 0, 'max': 12, 'dropped': 0}, 'log': {'count': 0, 'max': 23, 'dropped': 0}, 'session': '20000101_000005_192721'}
996346833 Recorder :: {'tlm': {'count': 2, 'max': 12, 'dropped': 0}, 'log': {'count': 0, 'max': 23, 'dropped': 0}, 'session': '20000101_000005_192721'}
997361813 Recorder :: {'tlm': {'count': 6, 'max': 12, 'dropped': 0}, 'log': {'count': 0, 'max': 23, 'dropped': 0}, 'session': '20000101_000005_192721'}
998373673 Recorder :: {'tlm': {'count': 1, 'max': 12, 'dropped': 0}, 'log': {'count': 0, 'max': 23, 'dropped': 0}, 'session': '20000101_000005_192721'}
@20000101_000005_192721_imu_lsm6dso32.c11052;-0.003904;-84;35;-84;1
999381190 Recorder :: {'tlm': {'count': 1, 'max': 12, 'dropped': 0}, 'log': {'count': 0, 'max': 23, 'dropped': 0}, 'session': '20000101_000005_192721'}
1000390803 Recorder :: {'tlm': {'count': 0, 'max': 12, 'dropped': 0}, 'log': {'count': 0, 'max': 23, 'dropped': 0}, 'session': '20000101_000005_192721'}
@20000101_000005_0494691;273;215;4200
1001396484 Recorder :: {'tlm': {'count': 0, 'max': 12, 'dropped': 0}, 'log': {'count': 0, 'max': 23, 'dropped': 0}, 'session': '20000101_000005_192721'}
@200001;8;0.196;1
1002401233 Recorder :: {'tlm': {'count': 1, 'max': 12, 'dropped': 0}, 'log': {'count': 0, 'max': 23, 'dropped': 0}, 'session': '20000101_000005_192721'}
1003403240 Recorder :: {'tlm': {'count': 2, 'max': 12, 'dropped': 0}, 'log': {'count': 0, 'max': 23, 'dropped': 0}, 'session': '20000101_000005_192721'}
@20000101_000005_192721_imu_lsm6dso32.c370;1.0111359;0.003904;0.008784;-70;49;-77;1
@20000101_000005_192721_acc
@20000101_000005_192721_power_ina2217992;3956;681;2675;0
1004450178 Recorder :: {'tlm': {'count': 5, 'max': 12, 'dropped': 0}, 'log': {'count': 0, 'max': 23, 'dropped': 0}, 'session': '20000101_000005_192721'}
@20000101_000005_192721_a37482;0.961592464;0.028552056;-0.248810768
@200n9286;339.4375;7550;-17488;0.96261216;0.02447319;-0.24065304
@20000101_000005_192721_power_ina226.c40;0
1005450972 Recorder :: {'tlm': {'count': 1, 'max': 12, 'dropped': 0}, 'log': {'count': 0, 'max': 23, 'dropped': 0}, 'session': '20000101_000005_192721'}
@20000101_000005_192721_accel_adxl040.196;1
@20000101_000005_192721_imu_lsm6d0.014064;0.006832;0.000976;-77;35;-112;1
721_imu_bno055.csv@1006391694;339.4375;7550;-17500;0.96261216;0.02753234;-0.24167276
@20000101_000005_192721_imu_lsm6dso328;-56;42;-112;1
1006477728 Recorder :: {'tlm': {'count': 0, 'max': 12, 'dropped': 0}, 'log': {'count': 0, 'max': 23, 'dropped': 0}, 'session': '20000101_000005_192721'}
1007485037 Recorder :: {'tlm': {'count': 0, 'max': 12, 'dropped': 0}, 'log': {'count': 0, 'max': 23, 'dropped': 0}, 'session': '20000101_000005_192721'}
@20000101;-70;42;-119;1
@20000101_000005_192721_baro_bmp0008424228;-32.473544;37.62;101715.64;3.363617
1008488421 Recorder :: {'tlm': {'count': 0, 'max': 12, 'dropped': 0}, 'log': {'count': 0, 'max': 23, 'dropped': 0}, 'session': '20000101_000005_192721'}
1009499542 Recorder :: {'tlm': {'count': 0, 'max': 12, 'dropped': 0}, 'log': {'count': 0, 'max': 23, 'dropped': 0}, 'session': '20000101_000005_192721'}
@20000101_000005_192721_imu_lsm6dso22;0.00976;-0.000976;-126;63;-63;1
@20000101_000005_192721_power_0
1010514629 Recorder :: {'tlm': {'count': 5, 'max': 12, 'dropped': 0}, 'log': {'count': 0, 'max': 23, 'dropped': 0}, 'session': '20000101_000005_192721'}
1011525407 Recorder :: {'tlm': {'count': 1, 'max': 12, 'dropped': 0}, 'log': {'count': 0, 'max':d': '20000101_000005_192721'}
1012529552 Recorder :: {'tlm': {'count': 2, 'max': 12, 'dropped': 0}, 'log': {'count': 0, 'max': 23, 'dropped': 0}, 'session': '20000101_000005_192721'}
@20000101_000005_192s62223;1.012112;0.016592;0.003904;-42;28;-126;1
1013532258 Recorder :: {'tlm': {'count': 0, 'max': 12, 'dropped': 0}, 'log': {'count': 0, 'max': 23, 'dropped': 0}, 'session': '20000101_000005_192721'}
@20000101_000005_192721_accel_v538;1.7639999;0.147;0.196;1
1014549845 Recorder :: {'tlm': {'count': 6, 'max': 12, 'dropped': 0}, 'log': {'count': 0, 'max': 23, 'dropped': 0}, 'session': '20000101_000005_192721'}
1015549606 Recorder :: {'tlm': {'count': 0, 'max': 12, 'dropped': 0}, 'log': {'count': 0, 'max': 23, 'dropped': 0}, 'session': '20000101_000005_192721'}
@20000101_000005_192721_accel_56;1.7639999;0.098;0.196;1
1016555606 Recorder :: {'tlm': {'count': 0, 'max': 12, 'dropped': 0}, 'log': {'count': 0, 'max': 23, 'dropped': 0}, 'session': '20000101_000005_192721'}
@20000101_000005_192721049;-91;1
1017575824 Recorder :: {'tlm': {'count': 6, 'max': 12, 'dropped': 0}, 'log': {'count': 0, 'max': 23, 'dropped': 0}, 'session': '20000101_000005_192721'}
1018576678 Recorder :: {'tlm': {'count': 0, 'max': 12, 'dropped': 0}, 'log': {'count': 0, 'max': 23, 'dropped': 0}, 'session': '20000101_000005_192721'}
1019583435 Recorder :: {'tlm': {'count': 1, 'max': 12, 'dropped': 0}, 'log': {'count': 0, 'max': 23, 'dropped': 0}, 'session': '20000101_000005_192721'}
1020605590 Recorder :: {'tlm': {'count': 0, 'max': 12, 'dropped': 0}, 'log': {'count': 0, 'max': 23, 'dropped': 0}, 'session': '20000101_000005_192721'}
@200004555446
5_192721_accel_adxl375.csv@1020725180;1.7639999;0.098;0.196;1
@20000101_000005_192721_accel_adxl309;0.098;0.196;1
@20000101_000005_192721_accel_adxl37147;1
1021621715 Recorder :: {'tlm': {'count': 2, 'max': 12, 'dropped': 0}, 'log': {'count': 0, 'max': 23, 'dropped': 0}, 'session': '20000101_000005_192721'}
@20000101_0000059;0.098;0.147;1
1022621549 Recorder :: {'tlm': {'count': 0, 'max': 12, 'dropped': 0}, 'log': {'count': 0, 'max': 23, 'dropped': 0}, 'session': '20000101_000005_192721'}
1023624150 Recorder :: {'tlm': {'count': 1, 'max': 12, 'dropped': 0}, 'log': {'count': 0, 'max': 23, 'dropped': 0}, 'session': '20000101_000005_192721'}
1024632448 Recorder :: {'tlm': {'count': 0, 'max': 12, 'dropped': 0}, 'log': {'count': 0, 'max': 23, 'dropped': 0}, 'session': '20000101_000005_192721'}
@20000101_000005_192721854;56;-98;1
1025645783 Recorder :: {'tlm': {'count': 2, 'max': 12, 'dropped': 0}, 'log': {'count': 0, 'max': 23, 'dropped': 0}, 'session': '20000101_000005_192721'}
@20000101_000005_192721_airspeed_6;697;343;4209
1026649109 Recorder :: {'tlm': {'count': 2, 'max': 12, 'dropped': 0}, 'log': {'count': 0, 'max': 23, 'dropped': 0}, 'session': '20000101_000005_192721'}
@20000101_000005a6885972;1.7639999;0.147;0.244999984;1
@20000101_000005_192721_accel_adxl375.c7;99;0.098;0.244999984;1
1027651827 Recorder :: {'tlm': {'count': 1, 'max': 12, 'dropped': 0}, 'log': {'count': 0, 'max': 23, 'dropped': 0}, 'session': '20000101_000005_192721'}
1028655275 Recorder :: {'tlm': {'count': 0, 'max': 12, 'dropped': 0}, 'log': {'count': 0, 'max': 23, 'dropped': 0}, 'session': '20000101_000005_192721'}
@2000018.007808;0.030256;-203;7;-49;1
@20000160976;0.016592;-21;-21;-112;1
1029679566 Recorder :: {'tlm': {'count': 2, 'max': 12, 'dropped': 0}, 'log': {'count': 0, 'max': 23, 'dropped': 0}, 'session': '20000101_000005_192721'}
1030684342 Recorder :: {'tlm': {'count': 2, 'max': 12, 'dropped': 0}, 'log': {'count': 0, 'max': 23, 'dropped': 0}, 'session': '20000101_000005_192721'}
1031704789 Recorder :: {'tlm': {'count': 0, 'max': 12, 'dropped': 0}, 'log': {'count': 0, 'max': 23, 'dropped': 0}, 'session': '20000101_000005_192721'}
1032713826 Recorder :: {'tlm': {'count': 1, 'max': 12, 'dropped': 0}, 'log': {'count': 0, 'max': 23, 'dropped': 0}, 'session': '20000101_000005_192721'}
1033723705 Recorder :: {'tlm': {'count': 1, 'max': 12, 'dropped': 0}, 'log': {'count': 0, 'max': 23, 'dropped': 0}, 'session': '20000101_000005_192721'}
@20000101_0l;0.021;1
1034725422 Recorder :: {'tlm': {'count': 5, 'max': 12, 'dropped': 0}, 'log': {'count': 0, 'max': 23, 'dropped': 0}, 'session': '20000101_000005_192721'}
1035725424 Recorder :: {'tlm': {'count': 1, 'max': 12, 'dropped': 0}, 'log': {'count': 0, 'max': 23, 'dropped': 0}, 'session': '20000101021'}
000101_000005_192721_imu_lsm6dso32.csv@1035829022;1.013088;0.01952;-0.00488;-49;56;-91;1
1036725703 Recorder :: {'tlm': {'count': 1, 'max': 12, 'dropped': 0}, 'log': {'count': 0, 'max': 23, 'dropped': 0}, 'session': '20000101_000005_192721'}
@200001a036785831;1.7639999;0.147;0.196;1
@200001u41;1.016016;0.016592;0.0;-98;49;-91;1
1037737920 Recorder :: {'tlm': {'count': 5, 'max': 12, 'dropped': 0}, 'log': {'count': 0, 'max': 23, 'dropped': 0}, 'session': '20000101_000005_192721'}
@2000010s59;1.0111359;0.008784;0.007808;-91;35;-84;1
1038739638 Recorder :: {'tlm': {'count': 1, 'max': 12, 'dropped': 0}, 'log': {'count': 0, 'max': 23, 'dropped': 0}, 'session': '20000101_000005_192721'}
@20000101_000005_192721_a0.098;0.196;1
1039741475 Recorder :: {'tlm': {'count': 0, 'max': 12, 'dropped': 0}, 'log': {'count': 0, 'max': 23, 'dropped': 0}, 'session': '20000101_000005_192721'}
@20000101_000005_192721_airspeed_
1041761302 Recorder :: {'tlm': {'count': 0, 'max': 12, 'dropped'p: 0}, 'session': '20000101_000005_192721'}
1042762179 Recorder :: {'tlm': {'count': 1, 'max': 12, 'dropped': 0}, 'log': {'count': 0, 'max': 23, 'dropped': 0}, 'session': '20000101_000005_192721'}
1043767182 Recorder :: {'tlm': {'count': 1, 'max': 12, 'dropped': 0}, 'log': {'count': 0, 'max': 23, 'dropped': 0}, 'session': '20000101_000005_192721'}
@20031;4214
@20000101_000005_192721_imu_27;.014064;0.01464;-0.001952;-112;21;-63;1
1044773447 Recorder :: {'tlm': {'count': 2, 'max': 12, 'dropped': 0}, 'log': {'count': 0, 'max': 23, 'dropped': 0}, 'session': '20000101_000005_192721'}
1045804165 Recorder :: {'tlm': {'count': 2, 'max': 12, 'dropped': 0}, 'log': {'count': 0, 'max': 23, 'dropped': 0}, 'session': '20000101_000005_192721'}
1046804201 Recorder :: {'tlm': {'count': 0, 'max': 12, 'dropped': 0}, 'log': {'count': 0, 'max': 23, 'dropped': 0}, 'session': '20000101_000005_192721'}
1047803813 Recorder :: {'tlm': {'count': 1, 'max': 12, 'dropped': 0}, 'log': {'count': 0, 'max': 23, 'dropped': 0}, 'session': '20000101_000005_192721'}
1048807108 Recorder :: {'tlm': {'count': 0, 'max': 12, 'dropped': 0}, 'log': {'count': 0, 'max': 23, 'dropped': 0}, 'session': '20000101_000005_192721'}
@20000101_000005_19271
1049818083 Recorder :: {'tlm': {'count': 3, 'max': 12, 'dropped': 0}, 'log': {'count': 0, 'max': 23, 'dropped': 0}, 'session': '20000101_000005_192721'}
1050829636 Recorder :: {'tlm': {'count': 3, 'max': 12, 'dropped': 0}, 'log': {'count': 0, 'max': 23, 'dropped': 0}, 'session': '20000101_000005_192721'}
1051841533 Recorder :: {'tlm': {'count': 1, 'max': 12, 'dropped': 0}, 'log': {'count': 0, 'max': 23, 'dropped': 0}, 'session': '20000101_000005_192721'}
@20000101_000005_19.-35;28;-140;1
@200001006832;0.0;-140;84;-42;1
1052842479 Recorder :: {'tlm': {'count': 0, 'max': 12, 'dropped': 0}, 'log': {'count': 0, 'max': 23, 'dropped': 0}, 'session': '20000101_000005_192721'}
@20000101_000005_192721_accel_44999984;1
1053853159 Recorder :: {'tlm': {'count': 4, 'max': 12, 'dropped': 0}, 'log': {'count': 0, 'max': 23, 'dropped': 0}, 'session': '20000101_000005_192721'}
1054856472 Recorder :: {'tlm': {'count': 1, 'max': 12, 'dropped': 0}, 'log': {'count': 0, 'max': 23, 'dropped': 0}, 'session': '20000101_000005_192721'}
1055872557 Recorder :: {'tlm': {'count': 0, 'max': 12, 'dropped': 0}, 'log': {'count': 0, 'max': 23, 'dropped': 0}, 'session': '20000101_000005_192721'}
1056877479 Recorder :: {'tlm': {'count': 0, 'max': 12, 'dropped': 0}, 'log': {'count': 0, 'max': 23, 'dropped': 0}, 'session': '20000101_000005_192721'}
1057885933 Recorder :: {'tlm': {'count': 5, 'max': 12, 'dropped': 0}, 'log': {'count': 0, 'max': 23, 'dropped': 0}, 'session': '20000101_000005_192721'}
@20000101_000005_19272;0.02;0
1058894636 Recorder :: {'tlm': {'count': 0, 'max': 12, 'dropped': 0}, 'log': {'count': 0, 'max': 23, 'dropped': 0}, 'session': '20000101_000005_192721'}
@20000100
1059904972 Recorder :: {'tlm': {'count': 0, 'max': 12, 'dropped': 0}, 'log': {'count': 0, 'max': 23, 'dropped': 0}, 'session': '20000101_000005_192721'}
@20000101l60192907;1.7639999;0.147;0.147;1
@20000101_000005_192721_baro_icp10111316;101601.416;1.693037
1060923048 Recorder :: {'tlm': {'count': 3, 'max': 12, 'dropped': 0}, 'log': {'count': 0, 'max': 23, 'dropped': 0}, 'session': '20000101_000005_192721'}
1061933153 Recorder :: {'tlm': {'count': 1, 'max': 12, 'dropped': 0}, 'log': {'count': 0, 'max': 23, 'dropped': 0}, 'session': '20000101_000005_192721'}
@20000101_000005_192721_imu_0062625701;341.75;7543;-17313;0.96363184;0.026512622;-0.232495316
@20000101_000005_192721_i277134
1062940518 Recorder :: {'tlm': {'count': 3, 'max': 12, 'dropped': 0}, 'log': {'count': 0, 'max': 23, 'dropped': 0}, 'session': '20000101_000005_192721'}
@20000101_000005_192721_i5537;-17313;0.96363184;0.03569007;-0.24167276
@2000010
1063941024 Recorder :: {'tlm': {'count': 1, 'max': 12, 'dropped': 0}, 'log': {'count': 0, 'max': 23, 'dropped': 0}, 'session': '20000101_000005_192721'}
@20000101_000005_192721_imu_lsm6dso32916592;0.0;-70;56;-133;1
@20000196;1
1064940636 Recorder :: {'tlm': {'count': 0, 'max': 12, 'dropped': 0}, 'log': {'count': 0, 'max': 23, 'dropped': 0}, 'session': '20000101_000005_192721'}
1065941416 Recorder :: {'tlm': {'count': 1, 'max': 12, 'dropped': 0}, 'log': {'count': 0, 'max': 23, 'dropped': 0}, 'session': '20000101_000005_192721'}
1066940816 Recorder :: {'tlm': {'count': 0, 'max': 12, 'dropped': 0}, 'log': {'count': 0, 'max': 23, 'dropped': 0}, 'session': '20000101_000005_192721'}
1067945772 Recorder :: {'tlm': {'count': 1, 'max': 12, 'dropped': 0}, 'log': {'count': 0, 'max': 23, 'dropped': 0}, 'session': '20000101_000005_192721'}
1068956281 Recorder :: {'tlm': {'count': 1, 'max': 12, 'dropped': 0}, 'log': {'count': 0, 'max': 23, 'dropped': 0}, 'session': '20000101_000005_192721'}
@2000012069462134;1.014064;-0.002928;0.000976;-140;49;-126;1
@20000101_000005_192721341.4375;7537;-17400;0.961592464;0.0377295;-0.24167276
1069958722 Recorder :: {'tlm': {'count': 1, 'max': 12, 'dropped': 0}, 'log': {'count': 0, 'max': 23, 'dropped': 0}, 'session': '20000101_000005_192721'}
@20000101_000005_192721_laser_aglv021;1
1070960942 Recorder :: {'tlm': {'count': 0, 'max': 12, 'dropped'' 'max': 23, 'dropped': 0}, 'session': '20000101_000005_192721'}
1071963252 Recorder :: {'tlm': {'count': 2, 'max': 12, 'dropped': 0}, 'log': {'count': 0, 'max': 23, 'dropped': 0}, 'session': '20000101_000005_192721'}
1072967100 Recorder :: {'tlm': {'count': 0, 'max': 12, 'dropped': 0}, 'log': {'count': 0, 'max': 23, 'dropped': 0}, 'session': '20000101_000005_192721'}
@20000101_000005_192721_accel_adxl375.c4;0.196;1
226443 Recorder :: {'tlm': {'count': 1, 'max': 12, 'dropped': 0}, 'log': {'count': 0, 'max': 23, 'dropped': 0}, 'session': '20000101_000005_192721'}
0l_adxl375.csv@286504;1.7639999;0.147;0.147;1
1234241 Recorder :: {'tlm': {'count': 5, 'max': 12, 'dropped': 0}, 'log': {'count': 0, 'max': 23, 'dropped': 0}, 'session': '20000101_000005_192721'}
2234742 Recorder :: {'tlm': {'count': 1, 'max': 12, 'dropped': 0}, 'log': {'count': 0, 'max': 23, 'dropped': 0}, 'session': '20000101_000005_192721'}
@20000101_000005_192721_accel_adx54;1.7149999;0.098;0.196;1
@20000101_000005_1927.169;1.7639999;0.147;0.196;1
3241821 Recorder :: {'tlm': {'count': 1, 'max': 12, 'dropped': 0}, 'log': {'count': 0, 'max': 23, 'dropped': 0}, 'session': '20000101_000005_192721'}
_ed_sdp810.csv@3248778;830;375;4226
@20000101_000005_192721_baro_icp1011105;1
@20000101_000005_192721_imu_lsm6dc01.0150399;0.017568;-0.007808;14;49;-147;1
4242277 Recorder :: {'tlm': {'count': 0, 'max': 12, 'dropped': 0}, 'log': {'count': 0, 'max': 23, 'dropped': 0}, 'session': '20000101_000005_192721'}
@20000101_000005_00;0
5243391 Recorder :: {'tlm': {'count': 1, 'max': 12, 'dropped': 0}, 'log': {'count': 0, 'max': 23, 'dropped': 0}, 'session': '20000101_000005_192721'}
@20000101_000005_1927258;-32.690212;37.72;101718.25;3.1469498
6261417 Recorder :: {'tlm': {'count': 0, 'max': 12, 'dropped': 0}, 'log': {'count': 0, 'max': 23, 'dropped': 0}, 'session': '20000101_000005_192721'}
7263321 Recorder :: {'tlm': {'count': 0, 'max': 12, 'dropped': 0}, 'log': {'count': 0, 'max': 23, 'dropped': 0}, 'session': '20000101_000005_192721'}
8302140 Recorder :: {'tlm': {'count': 4, 'max': 12, 'dropped': 0}, 'log': {'count': 0, 'max': 23, 'dropped': 0}, 'session': '20000101_000005_192721'}
9305787 Recorder :: {'tlm': {'count': 4, 'max': 12, 'dropped': 0}, 'log': {'count': 0, 'max': 23, 'dropped': 0}, 'session': '20000101_000005_192721'}
10312340 Recorder :: {'tlm': {'count': 0, 'max': 12, 'dropped': 0}, 'log': {'count': 0, 'max': 23, 'dropped': 0}, 'session': '20000101_000005_192721'}
11314061 Recorder :: {'tlm': {'count': 1, 'max': 12, 'dropped': 0}, 'log': {'count': 0, 'max': 23, 'dropped': 0}, 'session': '20000101_000005_192721'}
12314615 Recorder :: {'tlm': {'count': 0, 'max': 12, 'dropped': 0}, 'log': {'count': 0, 'max': 23, 'dropped': 0}, 'session': '20000101_000005_192721'}
13322623 Recorder :: {'tlm': {'count': 0, 'max': 12, 'dropped': 0}, 'log': {'count': 0, 'max': 23, 'dropped': 0}, 'session': '20000101_000005_192721'}
14331669 Recorder :: {'tlm': {'count': 1, 'max': 12, 'dropped': 0}, 'log': {'count': 0, 'max': 23, 'dropped': 0}, 'session': '20000101_000005_192721'}
@20000101_000005_192721_bar083529;-22.755262;37.079316;101598.624;1.92555816
15332431 Recorder :: {'tlm': {'count': 3, 'max': 12, 'dropped': 0}, 'log': {'count': 0, 'max': 23, 'dropped': 0}, 'session': '20000101_000005_192721'}
16351184 Recorder :: {'tlm': {'count': 0, 'max': 12, 'dropped': 0}, 'log'@20000101_000005_192721_accel_adxl375.csv@16354034;1.7639999;0.147;0.147;1
17367838 Recorder :: {'tlm': {'count': 1, 'max': 12, 'dropped': 0}, 'log': {'count': 0, 'max': 23, 'dropped': 0}, 'session': '20000101_000005_192721'}
18369331 Recorder :: {'tlm': {'count': 0, 'max': 12, 'dropped': 0}, 'log': {'count': 0, 'max': 23, 'dropped': 0}, 'session': '20000101_000005_192721'}
19399991 Recorder :: {'tlm': {'count': 4, 'max': 12, 'dropped': 0}, 'log': {'count': 0, 'max': 23, 'dropped': 0}, 'session': '20000101_000005_192721'}
20402382 Recorder :: {'tlm': {'count': 1, 'max': 12, 'dropped': 0}, 'log': {'count': 0, 'max': 23, 'dropped': 0}, 'session': '20000101_000005_192721'}
@20000101_000005_192721_imu_bno055.c2;341.6875;7556;-17438;0.96261216;0.025492906;-0.23963332
21404341 Recorder :: {'tlm': {'count': 2, 'max': 12, 'dropped': 0}, 'log': {'count': 0, 'max': 23, 'dropped': 0}, 'session': '20000101_000005_192721'}
22438586 Recorder :: {'tlm': {'count': 2, 'max': 12, 'dropped': 0}, 'log': {'count': 0, 'max': 23, 'dropped': 0}, 'session': '20000101_000005_192721'}
23440487 Recorder :: {'tlm': {'count': 0, 'max': 12, 'dropped': 0}, 'log': {'count': 0, 'max': 23, 'dropped': 0}, 'session': '20000101_000005_192721'}
24448728 Recorder :: {'tlm': {'count': 1, 'max': 12, 'dropped': 0}, 'log': {'count': 0, 'max': 23, 'dropped': 0}, 'session': '20000101_000005_192721'}
20000101_000005_192721_accel_adxl375.csv@24986132;1.813;0.098;0.147;1
@20000101_376;1.813;0.147;0.147;1
25449599 Recorder :: {'tlm': {'count': 1, 'max': 12, 'dropped': 0}, 'log': {'count': 0, 'max': 23, 'dropped': 0}, 'session': '20000101_000005_192721'}
@20000101_000005_192721_imu_bno052;0.9646516;0.022433758;-0.24065304
26457409 Recorder :: {'tlm': {'count': 0, 'max': 12, 'dropped': 0}, 'log': {'count': 0, 'max': 23, 'dropped': 0}, 'session': '20000101_000005_192721'}
@20000101_000005_192721_accel_adxl5.26951429;1.813;0.098;0.196;1
@20000101_000005_192721_imu_lsm6ds18;0.002928;-21;28;-126;1
27456911 Recorder :: {'tlm': {'count': 0, 'max': 12, 'dropped': 0}, 'log': {'count': 0, 'max': 23, 'dropped': 0}, 'session': '20000101_000005_192721'}
@20000101_00000c7612;1.01016;0.00976;0.001952;-105;35;-84;1
28461291 Recorder :: {'tlm': {'count': 1, 'max': 12, 'dropped': 0}, 'log': {'count': 0, 'max': 23, 'dropped': 0}, 'session': '20000101_000005_192721'}
29463814 Recorder :: {'tlm': {'count': 0, 'max': 12, 'dropped': 0}, 'log': {'count': 0, 'max': 23, 'dropped': 0}, 'session': '20000101_000005_192721'}
30470025 Recorder :: {'tlm': {'count': 1, 'max': 12, 'dropped': 0}, 'log': {'count': 0, 'max': 23, 'dropped': 0}, 'session': '20000101_000005_192721'}
@20000101_000;-0.2447319
@20000101_000005_192721_laser_agl.csv02;0
31476652 Recorder :: {'tlm': {'count': 2, 'max': 12, 'dropped': 0}, 'log': {'count': 0, 'max': 23, 'dropped': 0}, 'session': '20000101_000005_192721'}
@20000101411359;0.012688;0.00488;-98;21;-98;1
32478482 Recorder :: {'tlm': {'count': 1, 'max': 12, 'dropped': 0}, 'log': {'count': 0, 'max': 23, 'dropped': 0}, 'session': '20000101_000005_192721'}
@2000v32851197;0.021;1
33480383 Recorder :: {'tlm': {'count': 2, 'max': 12, 'dropped': 0}, 'log': {'count': 0, 'max': 23, 'dropped': 0}, 'session': '20000101_000005_192721'}
34506714 Recorder :: {'tlm': {'count': 3, 'max': 12, 'dropped': 0}, 'log': {'count': 0, 'max': 23, 'dropped': 0}, 'session': '20000101_000005_192721'}
@20000101_000005_19277
35524541 Recorder :: {'tlm': {'count': 0, 'max': 12, 'dropped': 0}, 'log': {'count': 0, 'max': 23, 'dropped': 0}, 'session': '20000101_000005_192721'}
36547748 Recorder :: {'tlm': {'count': 0, 'max': 12, 'dropped': 0}, 'log': {'count': 0, 'max': 23, 'dropped': 0}, 'session': '20000101_000005_192721'}
37547676 Recorder :: {'tlm': {'count': 1, 'max': 12, 'dropped': 0}, 'log': {'count': 0, 'max': 23, 'dropped': 0}, 'session': '20000101_000005_192721'}
@20000101_000005_192721_lase;.021;0
38563461 Recorder :: {'tlm': {'count': 2, 'max': 12, 'dropped': 0}, 'log': {'count': 0, 'max': 23, 'dropped': 0}, 'session': '20000101_000005_192721'}
@20000101_000005_192721_baro_bmp280.c1504;-32.18818;37.74;101712.22;3.648983
39562904 Recorder :: {'tlm': {'count': 2, 'max': 12, 'dropped': 0}, 'log': {'count': 0, 'max': 23, 'dropped': 0}, 'session': '20000101_000005_192721'}
@20000101_000005u40446785;342.0625;7556;-17282;0.96261216;0.017335176;-0.24065304
40564847 Recorder :: {'tlm': {'count': 0, 'max': 12, 'dropped': 0}, 'log': {'count': 0, 'max': 23, 'dropped': 0}, 'session': '20000101_000005_192721'}
@20000101_000005_192721_imu_lsm6dsos149900;1.013088;0.018544;-0.001952;-56;70;-105;1
@20000101_00;414042;-0.25390936
41565309 Recorder :: {'tlm': {'count': 1, 'max': 12, 'dropped': 0}, 'log': {'count': 0, 'max': 23, 'dropped': 0}, 'session': '20000101_000005_192721'}
005_192721_imu_bno055.csv@41984549;342.125;7556;-17257;0.96363184;0.030591488;-0.2314756
@20000101_000005_192721_airspee1988068;537;301;4232
@20000101_000005_192721_imu_lsm6c1.0111359;0.018544;0.000976;-77;70;-112;1
42568714 Recorder :: {'tlm': {'count': 1, 'max': 12, 'dropped': 0}, 'log': {'count': 0, 'max': 23, 'dropped': 0}, 'session': '20000101_000005_192721'}
@20000101_000005_192721_imu_lsm6dsc0111359;0.007808;-0.001952;-112;7;-84;1
43571299 Recorder :: {'tlm': {'count': 1, 'max': 12, 'dropped': 0}, 'log': {'count': 0, 'max': 23, 'dropped': 0}, 'session': '20000101_000005_192721'}
44572467 Recorder :: {'tlm': {'count': 1, 'max': 12, 'dropped': 0}, 'log': {'count': 0, 'max': 23, 'dropped': 0}, 'session': '20000101_000005_192721'}
@20000101_000005_192721_airspee41;122;143;4239
@20000101_000005_192721_n5515364;342.3125;7556;-17207;0.961592464;0.02753234;-0.24065304
@200000.008784;-147;49;-84;1
45574919 Recorder :: {'tlm': {'count': 1, 'max': 12, 'dropped': 0}, 'log': {'count': 0, 'max': 23, 'dropped': 0}, 'session': '20000101_000005_192721'}
46599043 Recorder :: {'tlm': {'count': 1, 'max': 12, 'dropped': 0}, 'log': {'count': 0, 'max': 23, 'dropped': 0}, 'session': '20000101_000005_192721'}
@20000101_000005_192721_accel_adxl375144999984;1
47610231 Recorder :: {'tlm': {'count': 5, 'max': 12, 'dropped': 0}, 'log': {'count': 0, 'max': 23, 'dropped': 0}, 'session': '20000101_000005_192721'}
@20000101_000005_192721_accex3478;1.7639999;0.098;0.196;1
48611677 Recorder :: {'tlm': {'count': 0, 'max': 12, 'dropped': 0}, 'log': {'count': 0, 'max': 23, 'dropped': 0}, 'session': '20000101_000005_192721'}
49612970 Recorder :: {'tlm': {'count': 0, 'max': 12, 'dropped': 0}, 'log': {'count': 0, 'max': 23, 'dropped': 0}, 'session': '20000101_000005_192721'}
50613553 Recorder :: {'tlm': {'count': 1, 'max': 12, 'dropped': 0}, 'log': {'count': 0, 'max': 23, 'dropped': 0}, 'session': '20000101_000005_192721'}
@20000101_s20331.009184;0.015616;0.003904;-49;21;-133;1
00005_192721_baro_icp10111.csv@51218868;-22.691848;37.071304;101597.84;1.2721_imu_lsm6dso32.csv@51221371;1.013088;0.006832;0.003904;-49;21;-133;1@20000101_000005_192721_accel_adxl375.csv@51223093;1.7149999;0.147;0.196;1
51618145 Recorder :: {'tlm': {'count': 0, 'max': 12, 'dropped': 0}, 'log': {'count': 0, 'max': 23, 'dropped': 0}, 'session': '20000101_000005_192721'}
52657935 Recorder :: {'tlm': {'count': 6, 'max': 12, 'dropped': 0}, 'log': {'count': 0, 'max': 23, 'dropped': 0}, 'session': '20000101_000005_192721'}
53660542 Recorder :: {'tlm': {'count': 2, 'max': 12, 'dropped': 0}, 'log': {'count': 0, 'max': 23, 'dropped': 0}, 'session': '20000101_000005_192721'}
@2000010140568
54661530 Recorder :: {'tlm': {'count': 1, 'max': 12, 'dropped': 0}, 'log': {'count': 0, 'max': 23, 'dropped': 0}, 'session': '20000101_000005_192721'}
@20000101_
55675218 Recorder :: {'tlm': {'count': 1, 'max': 12, 'dropped': 0}, 'log': {'count': 0, 'max': 23, 'dropped': 0}, 'session': '20000101_000005_192721'}
56680484 Recorder :: {'tlm': {'count': 1, 'max': 12, 'dropped': 0}, 'log': {'count': 0, 'max': 23, 'dropped': 0}, 'session': '20000101_000005_192721'}
@20000101_000005_192721_accel_adxl7517;1.7639999;0.098;0.196;1
57688959 Recorder :: {'tlm': {'count': 0, 'max': 12, 'dropped': 0}, 'log': {'count': 0, 'max': 23, 'dropped': 0}, 'session': '20000101_000005_192721'}
58718836 Recorder :: {'tlm': {'count': 2, 'max': 12, 'dropped': 0},0101_000005_192721_laser_agl.csv@58720823;0.017;1
59755466 Recorder :: {'tlm': {'count': 2, 'max': 12, 'dropped': 0}, 'log': {'count': 0, 'max': 23, 'dropped': 0}, 'session': '20000101_000005_192721'}
@20000101_000005_19815375;0.021;1
@20000101_.008784;-0.001952;-140;7;-56;1
60762182 Recorder :: {'tlm': {'count': 1, 'max': 12, 'dropped': 0}, 'log': {'count': 0, 'max': 23, 'dropped': 0}, 'session': '20000101_000005_192721'}
@20000101_000005_192721_laser_agl8
@20000101_000005_192721_accel_adxl37v390.147;0.147;1
61763724 Recorder :: {'tlm': {'count': 2, 'max': 12, 'dropped': 0}, 'log': {'count': 0, 'max': 23, 'dropped': 0}, 'session': '20000101_000005_192721'}
@20000101_000005_192721_laser_90.147;0.196;1
62780911 Recorder :: {'tlm': {'count': 2, 'max': 12, 'dropped': 0}, 'log': {'count': 0, 'max': 23, 'dropped': 0}, 'session': '20000101_000005_192721'}
@20000101_000005_1931;1
@20000101_000005_192m63217742;342.625;7568;-17238;0.96261216;0.025492906;-0.24167276
63787493 Recorder :: {'tlm': {'d': 0}, 'session': '20000101_000005_192721'}
@20000101_000005_192721_imu_lsm6dso32.7664;0.00488;-147;7;-63;1
@20000101_000005_1927s014064;0.013664;-0.002928;-161;84;-42;1
65791386 Recorder :: {'tlm': {'count': 2, 'max': 12, 'dropped': 0}, 'log': {'count': 0, 'max': 23, 'dropped': 0}, 'session': '20000101_000005_192721'}
66794145 Recorder :: {'tlm': {'count': 2, 'max': 12, 'dropped': 0}, 'log': {'count': 0, 'max': 23, 'dropped': 0}, 'session': '20000101_000005_192721'}
67800300 Recorder :: {'tlm': {'count': 1, 'max': 12, 'dropped': 0}, 'log': {'count': 0, 'max': 23, 'dropped': 0}, 'session': '20000101_000005_192721'}
68824251 Recorder :: {'tlm': {'count': 1, 'max': 12, 'dropped': 0}, 'log': {'count': 0, 'max': 23, 'dropped': 0}, 'session': '20000101_000005_192721'}
@20000101_000005_192721_power_ina226.c;25;7587;-17382;0.959553;0.017335176;-0.24983048
69881714 Recorder :: {'tlm': {'count': 6, 'max': 12, 'dropped': 0}, 'log': {'coun@20000101_000005_192721_accel_adxl375.csv@69884613;1.813;0.098;0.196;1
0_000005_192721_power_ina226.csv@70313594;3950;491;1925;0
@20000101_000005_;1
70896632 Recorder :: {'tlm': {'count': 3, 'max': 12, 'dropped': 0}, 'log': {'count': 0, 'max': 23, 'dropped': 0}, 'session': '20000101_000005_192721'}
@2000010117;0.9585333;0.02753234;-0.2569685
71904309 Recorder :: {'tlm': {'count': 1, 'max': 12, 'dropped': 0}, 'log': {'count': 0, 'max': 23, 'dropped': 0}, 'session': '20000101_000005_192721'}
@20.147;1
@20000101_000005_192721_baro_icp10;6;101598.31;1.9519806
@20000101_000005_i;3951;475;1875;0
72930302 Recorder :: {'tlm': {'count': 1, 'max': 12, 'dropped': 0}, 'log': {'count': 0, 'max': 23, 'dropped': 0}, 'session': '20000101_000005_192721'}
@20000101_000005_192721_accel_adxs47;1.7639999;0.098;0.244999984;1
@.9;112;-77;1
73911467 Recorder :: {'tlm': {'count': 1, 'max': 12, 'dropped': 0}, 'log': {'count': 0, 'max': 23, 'dropped': 0}, 'session': '20000101_000005_192721'}
@2000010135186992
@20000101_000005_192721_airspees4886;1380;483;4244
@2000010187457;0.959553;0.04078865;-0.25900792
@20000101_000005_192721_imu_lsm6dso32.csv.002928;-0.001952;14;-56;-133;1
@20000101_000005_192721_airspeed_sc85;501;4248
74912218 Recorder :: {'tlm': {'count': 1, 'max': 12, 'dropped': 0}, 'log': {'count': 0, 'max': 23, 'dropped': 0}, 'session': '20000101_000005_192721'}
75915153 Recorder :: {'tlm': {'count': 1, 'max': 12, 'dropped': 0}, 'log': {'count': 0, 'max': 23, 'dropped': 0}, 'session': '20000101_000005_192721'}
76914896 Recorder :: {'tlm': {'count': 1, 'max': 12, 'dropped': 0}, 'log': {'count': 0, 'max': 23, 'dropped': 0}, 'session': '20000101_000005_192721'}
@20000101_000005_192721_imu_lsm6dso27751897;1.012112;0.006832;-0.003904;-77;21;-105;1
@20000101_000005_192727118;1.7149999;0.147;0.196;1
77916288 Recorder :: {'tlm': {'count': 0, 'max': 12, 'dropped': 0}, 'log': {'count': 0, 'max': 23, 'dropped': 0}, 'session': '20000101_000005_192721'}
@20000101_000005_19
78966655 Recorder :: {'tlm': {'count': 2, 'max': 12, 'dropped': 0}, 'log': {'count': 0, 'max': 23, 'dropped': 0}, 'session': '20000101_000005_192721'}
@20000101_000005_192721_accel_adxl.083;1.7639999;0.147;0.147;1
0000101_000005_192721_imu_lsm6dso32.csv@79588266;1.009184;0.005856;0.006832;-70;7;-98;1
79971329 Recorder :: {'tlm': {'count': 2, 'max': 12, 'dropped': 0}, 'log': {'count': 0, 'max': 23, 'dropped': 0}, 'session': '20000101_000005_192721'}
@6@80212148;1.012112;0.001952;0.005856;-126;21;-77;1
@20000101_000005_192721_1.7639999;0.098;0.147;1
@20000101_000005_192721_00285636;342.25;7575;-17469;0.961592464;0.0387492184;-0.25186992
@20000101s39999;0.147;0.196;1
80974870 Recorder :: {'tlm': {'count': 2, 'max': 12, 'dropped': 0}, 'log': {'count': 0, 'max': 23, 'dropped': 0}, 'session': '20000101_000005_192721'}
@20000101_000005_192721_airspeed_sdp810.1389085;458;278;4249
@20000101_000005_192721_airspeed_sd1618525;393;258;4245
@20000101_000005_192721_accel_adxl3v;.147;0.147;1
82012675 Recorder :: {'tlm': {'count': 4, 'max': 12, 'dropped': 0}, 'log': {'count': 0, 'max': 23, 'dropped': 0}, 'session': '20000101_000005_192721'}
@20000101_0_1713;1.7149999;0.147;0.196;1
83023563 Recorder :: {'tlm': {'count': 1, 'max': 12, 'dropped': 0}, 'log': {'count': 0, 'max': 23, 'dropped': 0}, 'session': '20000101_000005_192721'}
84046083 Recorder :: {'tlm': {'count': 1, 'max': 12, 'dropped': 0}, 'log': {'count': 0, 'max': 23, 'dropped': 0}, 'session': '20000101_000005_192721'}
85051698 Recorder :: {'tlm': {'count': 1, 'max': 12, 'dropped': 0}, 'log': {'count': 0, 'max': 23, 'dropped': 0}, 'session': '20000101_000005_192721'}
@20000101_000005_192721_o85904;342.9375;7581;-17375;0.9646516;0.0387492184;-0.237593884
86056565 Recorder :: {'tlm': {'count': 2, 'max': 12, 'dropped': 0}, 'log': {'count': 0, 'max': 23, 'dropped': 0}, 'session': '20000101_000005_192721'}
@20000101s0.012688;0.000976;-168;98;-63;1
87065896 Recorder :: {'tlm': {'count': 2, 'max': 12, 'dropped': 0}, 'log': {'count': 0, 'max': 23, 'dropped': 0}, 'session': '20000101_000005_192721'}
88066427 Recorder :: {'tlm': {'count': 0, 'max': 12, 'dropped': 0}, 'log': {'count': 0, 'max': 23, 'dropped': 0}, 'session': '20000101_000005_192721'}
@20000101_000005_192721_ims86044;1.012112;0.020496;0.002928;-42;-14;-133;1
89066899 Recorder :: {'tlm': {'count': 1, 'max': 12, 'dropped': 0}, 'log': {'count': 0, 'max': 23, 'dropped': 0}, 'session': '20000101_000005_192721'}
90068766 Recorder :: {'tlm': {'count': 1, 'max': 12, 'dropped': 0}, 'log': {'count': 0, 'max': 23, 'dropped': 0}, 'session': '20000101_000005_192721'}
@2000u0315034;1.013088;0.007808;0.001952;-98;-14;-119;1
91069317 Recorder :: {'tlm': {'count': 2, 'max': 12, 'dropped': 0}, 'log': {'count': 0, 'max': 23, 'dropped': 0}, 'session': '20000101_000005_192721'}
@20000101_7.02057;101596.53;2.099947
92070594 Recorder :: {'tlm': {'count': 3, 'max': 12, 'dropped': 0}, 'log': {'count': 0, 'max': 23, 'dropped': 0}, 'session': '20000101_000005_192721'}
@;84;0.030591488;-0.237593884
@20000101_000005_192721_airspeed_sdp810.cs92619526;-105;0;4247
agl.csv@92954694;0.021;0
93076870 Recorder :: {'tlm': {'count': 1, 'max': 12, 'dropped': 0}, 'log': {'count': 0, 'max': 23, 'dropped': 0}, 'session': '20000101_000005_192721'}
94082091 Recorder :: {'tlm': {'count': 3, 'max': 12, 'dropped': 0}, 'log': {'count': 0, 'max': 23, 'dropped': 0}, 'session': '20000101_000005_192721'}
@20000101-112;1
95089620 Recorder :: {'tlm': {'count': 1, 'max': 12, 'dropped': 0}, 'log': {'count': 0, 'max': 23, 'dropped': 0}, 'session': '20000101_000005_192721'}
721_imu_bno055.csv@95120716;343.4375;7593;-17338;0.9656713;0.0377295;-0.22433758
2721_laser_agl.csv@95887533;0.02;0
96102359 Recorder :: {'tlm': {'count': 3, 'max': 12, 'dropped': 0}, 'log': {'count': 0, 'max': 23, 'dropped': 0}, 'session': '20000101_000005_192721'}
97112726 Recorder :: {'tlm': {'count': 2, 'max': 12, 'dropped': 0}, 'log': {'count': 0, 'max': 23, 'dropped': 0}, 'session': '20000101_000005_192721'}
@20000101_30.012688;-77;49;-63;1
98139929 Recorder :: {'tlm': {'count': 1, 'max': 12, 'dropped': 0}, 'log': {'count': 0, 'max': 23, 'dropped': 0}, 'session': '20000101_000005_192721'}
@20000101_000005_192721_imu_bno08;7581;-17275;0.96363184;0.031611204;-0.24167276
@20000101_000005_192721_accel_adxl3c999;0.098;0.196;1
99151011 Recorder :: {'tlm': {'count': 2, 'max': 12, 'dropped': 0}, 'log': {'count': 0, 'max': 23, 'dropped': 0}, 'session': '20000101_000005_192721'}
@20000101_000005_192721_baro_icp10c;2.580874;37.007216;101596.54;2.099947
100180210 Recorder :: {'tlm': {'count': 3, 'max': 12, 'dropped': 0}, 'log': {'count': 0, 'max': 23, 'dropped': 0}, 'session': '20000101_000005_192721'}
@20000101_000005_192721_baro_bmp288712.16;3.6542664
101181630 Recorder :: {'tlm': {'count': 1, 'max': 12, 'dropped': 0}, 'log': {'count': 0, 'max': 23, 'dropped': 0}, 'session': '20000101_000005_192721'}
102181433 Recorder :: {'tlm': {'count': 1, 'max': 12, 'dropped': 0}, 'log': {'count': 0, 'max': 23, 'dropped': 0}, 'session': '20000101_000005_192721'}
103225856 Recorder :: {'tlm': {'count': 3, 'max': 12, 'dropped': 0}, 'log': {'count': 0, 'max': 23, 'dropped': 0}, 'session': '20000101_000005_192721'}
@20000101_000005_192721_airspeed_sdp81177;1.7149999;0.147;0.147;1
104230743 Recorder :: {'tlm': {'count': 2, 'max': 12, 'dropped': 0}, 'log': {'count': 0, 'max': 23, 'dropped': 0}, 'session': '20000101_000005_192721'}
105230901 Recorder :: {'tlm': {'count': 2, 'max': 12, 'dropped': 0}, 'log': {'count': 0, 'max': 23, 'dropped': 0}, 'session': '20000101_000005_192721'}
1_power_ina226.csv@105287762;3943;494;1925;0
@20000101_000005_192721_imu_l3768936;-0.2447319
106239630 Recorder :: {'tlm': {'count': 3, 'max': 12, 'dropped': 0}, 'log': {'count': 0, 'max': 23, 'dropped': 0}, 'session': '20000101_000005_192721'}
@20000101_000005_192721_airspeed_sdp81;240;4255
@20000101_000005_19;-63;14;-112;1
@200001077157484;1.7149999;0.147;0.147;1
@20000101_000005_192721_6587;-17263;0.961592464;0.026512622;-0.24065304
107239299 Recorder :: {'tlm': {'count': 1, 'max': 12, 'dropped': 0}, 'log': {'count': 0, 'max': 23, 'dropped': 0}, 'session': '20000101_000005_192721'}
@2000049;0.01464;0.0;-91;56;-91;1
108250666 Recorder :: {'tlm': {'count': 2, 'max': 12, 'dropped': 0}, 'log': {'count': 0, 'max': 23, 'dropped': 0}, 'session': '20000101_000005_192721'}
@20000101_000005_192721_imu_lsm6dso32.csv6;0.01952;-0.002928;-147;-42;-105;1
109255628 Recorder :: {'tlm': {'count': 0, 'max':  'session': '20000101_000005_192721'}
@20000101_000005_192721_imu_lsm6dso32.csv0;1112;0.012688;-0.005856;-42;14;-126;1
@v2;361;4253
110278894 Recorder :: {'tlm': {'count': 2, 'max': 12, 'dropped': 0}, 'log': {'count': 0, 'max': 23, 'dropped': 0}, 'session': '20000101_000005_192721'}
111280517 Recorder :: {'tlm': {'count': 1, 'max': 12, 'dropped': 0}, 'log': {'count': 0, 'max': 23, 'dropped': 0}, 'session': '20000101_000005_192721'}
112280633 Recorder :: {'tlm': {'count': 1, 'max': 12, 'dropped': 0}, 'log': {'count': 0, 'max': 23, 'dropped': 0}, 'session': '20000101_000005_192721'}
113279818 Recorder :: {'tlm': {'count': 1, 'max': 12, 'dropped': 0}, 'log': {'count': 0, 'max': 23, 'dropped': 0}, 'session': '20000101_000005_192721'}
@2000010375;7581;-17313;0.96363184;0.025492906;-0.24167276
114281004 Recorder :: {'tlm': {'count': 1, 'max': 12, 'dropped': 0}, 'log': {'count': 0, 'max': 23, 'dropped': 0}, 'session': '20000101_000005_192721'}
115281462 Recorder :: {'tlm': {'count': 0, 'max': 12, 'dropped': 0}, 'log': {'count': 0, 'max': 23, 'dropped': 0}, 'session': '20000101_000005_192721'}
116290546 Recorder :: {'tlm': {'count': 1, 'max': 12, 'dropped': 0}, 'log': {'count': 0, 'max': 23, 'dropped': 0}, 'session': '20000101_000005_192721'}
@20000101_000005_192721_imu_bn065304
117321987 Recorder :: {'tlm': {'count': 1, 'max': 12, 'dropped'count': 0, 'max': 23, 'dropped': 0}, 'session': '20000101_000005_192721'}
@20000101_000005_192721_airs.752;1.7639999;0.098;0.147;1
@20000101_000005_192721_imu_lsm6dso30;-105;63;-105;1
118340839 Recorder :: {'tlm': {'count': 0, 'max': 12, 'dropped': 0}, 'log': {'count': 0, 'max': 23, 'dropped': 0}, 'session': '20000101_000005_192721'}
@20000101_000005_192721_im.012112;0.005856;0.012688;-49;49;-105;1
@20000101_000005_192721_imu_lsm6dsc91;1.0150399;0.01464;-0.001952;-63;0;-119;1
@20000101_000005_192721_acc05727;0.026512622;-0.24371218
119342825 Recorder :: {'tlm': {'count': 2, 'max': 12, 'dropped': 0}, 'log': {'count': 0, 'max': 23, 'dropped': 0}, 'session': '20000101_000005_192721'}
120398712 Recorder :: {'tlm': {'count': 3, 'max': 12, 'dropped': 0}, 'log': {'count': 0, 'max': 23, 'dropped': 0}, 'session': '20000101_000005_192721'}
@2000010206832;-77;0;-105;1
121412674 Recorder :: {'tlm': {'count': 1, 'max': 12, 'dropped': 0}, 'log': {'count': 0, 'max': 23, 'dropped': 0}, 'session': '20000101_000005_192721'}
122419009 Recorder :: {'tlm': {'count': 3, 'max': 12, 'dropped': 02000005_192721'}
@20000101_000005_192721_laser_agl.cv.02;1
@2000010c99;0.147;0.196;1
124427424 Recorder :: {'tlm': {'count': 0, 'max': 12, 'dropped': 0}, 'log': {'count': 0, 'max': 23, 'dropped': 0}, 'session': '20000101_000005_192721'}
@20000101_000005_192721_baro_bmp280.csv20.3;101710.264;3.81280132
@20000101_000005_192721_accel_adxl3755;0.147;0.147;1
125428647 Recorder :: {'tlm': {'count': 3, 'max': 12, 'dropped': 0}, 'log': {'count': 0, 'max': 23, 'dropped': 0}, 'session': '20000101_000005_192721'}
@20000101_000005_192721_imu_bno0v43.5625;7575;-17319;0.9605727;0.026512622;-0.247791052
126450042 Recorder :: {'tlm': {'count': 2, 'max': 12, 'dropped': 0}, 'log': {'count': 0, 'max': 23, 'dropped': 0}, 'session': '20000101_000005_192721'}
127467557 Recorder :: {'tlm': {'count': 4, 'max': 12, 'dropped': 0}, 'log': {'count': 0, 'max': 23, 'dropped': 0}, 'session': '20000101_000005_192721'}
@20000101_000005_192721_accel_a39999;0.147;0.244999984;1
128469298 Recorder :: {'tlm': {'count': 0, 'max': 12, 'dropped': 0}, 'log': {'count': 0, 'max': 23, 'dropped': 0}, 'session': '20000101_000005_192721'}
129492513 Recorder :: {'tlm': {'count': 6, 'max': 12, 'dropped': 0}, 'log': {'count': 0, 'max': 23, 'dropped': 0}, 'session': '20000101_000005_192721'}
@20000101_009;1
@20000101_000005_192721_iml130452861;1.012112;0.015616;-0.000976;-77;35;-63;1
130493012 Recorder :: {'tlm': {'count': 2, 'max': 12, 'dropped': 0}, 'log': {'count': 0, 'max': 23, 'dropped': 0}, 'session': '20000101_000005_192721'}
@20000101_000005_192721_lasg8;0.019;0
131495045 Recorder :: {'tlm': {'count': 2, 'max': 12, 'dropped': 0}, 'log': {'count': 0, 'max': 23, 'dropped': 0}, 'session': '20000101_000005_192721'}
@20000101_000005_192e3;0.019;1
21_imu_bno055.csv@132020141;343.625;7587;-17200;0.9605727;0.012236595;-0.24167276
132536573 Recorder :: {'tlm': {'count': 1, 'max': 12, 'dropped': 0}, 'log': {'count': 0, 'max': 23, 'dropped': 0}, 'session': '20000101_000005_192721'}
21_imu_bno055.csv@132715905;343.75;7581;-17150;0.96363184;0.036709784;-0.24167276
@20000101_000005_192721_imu47319
133561420 Recorder :: {'tlm': {'count': 0, 'max': 12, 'dropped': 0}, 'log': {'count': 0, 'max': 23, 'dropped': 0}, 'session': '20000101_000005_192721'}
134564064 Recorder :: {'tlm': {'count': 1, 'max': 12, 'dropped': 0}, 'log': {'count': 0, 'max': 23, 'dropped': 0}, 'session': '20000101_000005_192721'}
@20000101_000005_192721_80.007808;-98;91;-77;1
135569375 Recorder :: {'tlm': {'count': 1, 'max': 12, 'dropped': 0}, 'log': {'count': 0, 'max': 23, 'dropped': 0}, 'session': '20000101_000005_192721'}
@20.012112;0.005856;0.012688;-77;-56;-91;1
@2000010s;385;55;4253
136586375 Recorder :: {'_192721'}
@20000101_000005_19253905;0.021;0
137591414 Recorder :: {'tlm': {'count': 2, 'max': 12, 'dropped': 0}, 'log': {'count': 0, 'max': 23, 'dropped': 0}, 'session': '20000101_000005_192721'}
138608343 Recorder :: {'tlm': {'count': 2, 'max': 12, 'dropped': 0}, 'log': {'count': 0, 'max': 23, 'dropped': 0}, 'session': '20000101_000005_192721'}
139610552 Recorder :: {'tlm': {'count': 1, 'max': 12, 'dropped': 0}, 'log': {'count': 0, 'max': 23, 'dropped': 0}, 'session': '20000101_000005_192721'}
@20000101_000005_192721_imu_lsm6dso32.csv13088;0.005856;-0.013664;-119;-49;-49;1
140610689 Recorder :: {'tlm': {'count': 0, 'max': 12, 'dropped': 0}, 'log': {'count': 0, 'max': 23, 'dropped': 0}, 'session': '20000101_000005_192721'}
141615373 Recorder :: {'tlm': {'count': 1, 'max': 12, 'dropped': 0}, 'log': {'count': 0, 'max': 23, 'dropped': 0}, 'session': '20000101_000005_192721'}
@2000010l1964;1.7639999;0.147;0.196;1
@200001063234;-0.23963332
@20000101_000005_1s;1.012112;0.00976;0.0;-42;56;-105;1
142616981 Recorder :: {'tlm': {'count': 2, 'max': 12, 'dropped': 0}, 'log': {'count': 0, 'max': 23, 'dropped': 0}, 'session': '20000101_000005_192721'}
143617620 Recorder :: {'tlm': {'count': 0, 'max': 12, 'dropped': 0}, 'log': {'count': 0, 'max': 23, 'dropped': 0}, 'session': '20000101_000005_192721'}
144618323 Recorder :: {'tlm': {'count': 0, 'max': 12, 'dropped': 0}, 'log': {'count': 0, 'max': 23, 'dropped': 0}, 'session': '20000101_000005_192721'}
@20000101_000005_192721_accel_adxl4.098;0.147;1
@20000101_86;-22.343068;36.972504;101593.69;2.3377532
@20000101_000005_192721_imu_lsm6doc45455793;1.012112;-0.001952;-0.005856;-119;0;-105;1
145629776 Recorder :: {'tlm': {'count': 6, 'max': 12, 'dropped': 0}, 'log': {'count': 0, 'max': 23, 'dropped': 0}, 'session': '20000101_000005_192721'}
146630779 Recorder :: {'tlm': {'count': 1, 'max': 12, 'dropped': 0}, 'log': {'count': 0, 'max': 23, 'dropped': 0}, 'session': '20000101_000005_192721'}
@20000101_000005_192721_acca5146948870;1.7639999;0.147;0.196;1
@20000101_000005_192721_imu_lsm6dso32.2267762
147641108 Recorder :: {'tlm': {'count': 1, 'max': 12, 'dropped': 0}, 'log': {'count': 0, 'max': 23, 'dropped': 0}, 'session': '20000101_000005_192721'}
@20000101_000005_192721_6147680796;1.016016;0.013664;-0.017568;-84;70;-49;1
@20000101_000005_192721_accel_ds8;1.7149999;0.098;0.147;1
148665285 Recorder :: {'tlm': {'count': 2, 'max': 12, 'dropped': 0}, 'log': {'count': 0, 'max': 23, 'dropped': 0}, 'session': '20000101_000005_192721'}
149672329 Recorder :: {'tlm': {'count': 1, 'max': 12, 'dropped': 0}, 'log': {'count': 0, 'max': 23, 'dropped': 0}, 'session': '20000101_000005_192721'}
@20000101_000005_192721_accel_adxl.;.196;1
150673341 Recorder :: {'tlm': {'count': 1, 'max': 12, 'dropped': 0}, 'log': {'count': 0, 'max': 23, 'dropped': 0}, 'session': '20000101_000005_192721'}
@20000101_000005_192721_imu_bno055342.75;7587;-17194;0.96363184;0.01631546;-0.23963332
@20000107792164
151680374 Recorder :: {'tlm': {'count': 1, 'max': 12, 'dropped': 0}, 'log': {'count': 0, 'max': 23, 'dropped': 0}, 'session': '20000101_000005_192721'}
152679705 Recorder :: {'tlm': {'count': 0, 'max': 12, 'dropped': 0}, 'log': {'count': 0, 'max': 23, 'dropped': 0}, 'session': '20000101_000005_192721'}
153680586 Recorder :: {'tlm': {'count': 0, 'max': 12, 'dropped': 0}, 'log': {'count': 0, 'max': 23, 'dropped': 0}, 'session': '20000101_000005_192721'}
154683643 Recorder :: {'tlm': {'count': 1, 'max': 12, 'dropped': 0}, 'log': {'count': 0, 'max': 23, 'dropped': 0}, 'session': '20000101_000005_192721'}
@20000101_000005_192721_r21919;3937;476;1850;0
@20000101_000005_192721_imu_bno019944;342.75;7593;-17138;0.9585333;0.025492906;-0.25390936
155685701 Recorder :: {'tlm': {'count': 2, 'max': 12, 'dropped': 0}, 'log': {'count': 0, 'max': 23, 'dropped': 0}, 'session': '20000101_004440;4252
156685738 Recorder :: {'tlm': {'count': 1, 'max': 12, 'dropped': 0}, 'log': {'count': 0, 'max': 23, 'dropped': 0}, 'session': '20000101_000005_192721'}
@20000101_000005_192721_laser_agl.cs354;37.85;101709.016;3.913208
157688908 Recorder :: {'tlm': {'count': 0, 'max': 12, 'dropped':' '20000101_000005_192721'}
@20000101_000005_192721_accel_adxl375.csv51999;0.147;0.196;1
158690920 Recorder :: {'tlm': {'count': 2, 'max': 12, 'dropped': 0}, 'log': {'count': 0, 'max': 23, 'dropped': 0}, 'session': '20000101_000005_192721'}
159694388 Recorder :: {'tlm': {'count': 1, 'max': 12, 'dropped': 0}, 'log': {'count': 0, 'max': 23, 'dropped': 0}, 'session': '20000101_000005_192721'}
160696783 Recorder :: {'tlm': {'count': 0, 'max': 12, 'dropped': 0}, 'log': {'count': 0, 'max': 23, 'dropped': 0}, 'session': '20000101_000005_192721'}
161714403 Recorder :: {'tlm': {'count': 7, 'max': 12, 'dropped': 0}, 'log': {'count': 0, 'max': 23, 'dropped': 0}, 'session': '20000101_000005_192721'}
162715270 Recorder :: {'tlm': {'count': 1, 'max': 12, 'dropped': 0}, 'log': {'count': 0, 'max': 23, 'dropped': 0}, 'session': '20000101_000005_192721'}
@20000101s388;0.016592;0.005856;-112;49;-98;1
163717825 Recorder :: {'tlm': {'count': 2, 'max': 12, 'dropped': 0}, 'log': {'count': 0, 'max': 23, 'dropped': 0}, 'session': '20000101_000005_192721'}
@20000101_000005_192721_accel73999;0.147;0.147;1
164743410 Recorder :: {'tlm': {'count': 4, 'max': 12, 'dropped': 0}, 'log': {'count': 0, 'max': 23, 'dropped': 0}, 'session': '20000101_000005_192721'}
@20000101_000005_192721_82;-0.007808;-56;7;-175;1
@20000101_000005_192721_accel_adxl375.csv;6;1
165750170 Recorder :: {'tlm': {'count': 1, 'max': 12, 'dropped': 0}, 'log': {'count': 0, 'max': 23, 'dropped': 0}, 'session': '20000101_000005_192721'}
@2000010d966;1.7639999;0.147;0.196;1
@20000101_000858
166783746 Recorder :: {'tlm': {'count': 2, 'max': 12, 'dropped': 0}, 'log': {'count': 0, 'max': 23, 'dropped': 0}, 'session': '20000101_000005_192721'}
167787467 Recorder :: {'tlopped': 0}, 'session': '20000101_000005_192721'}
168798528 Recorder :: {'tlm': {'count': 2, 'max': 12, 'dropped': 0}, 'log': {'count': 0, 'max': 23, 'dropped': 0}, 'session': '20000101_000005_192721'}
192721_accel_adxl375.csv@169119083;1.813;0.147;0.098;1
@20000101_000005_192721_power_in1;3925;601;2350;0
@2d@169752625;312;229;4255
169812767 Recorder :: {'tlm': {'count': 2, 'max': 12, 'dropped': 0}, 'log': {'count': 0, 'max': 23, 'dropped': 0}, 'session': '20000101_000005_192721'}
@20000101_000005_192721_imu_lsm6dso3811712;0.000976;-112;42;-91;1
170818767 Recorder :: {'tlm': {'count': 7, 'max': 12, 'dropped': 0}, 'log': {'count': 0, 'max': 23, 'dropped': 0}, 'session': '20000101_000005_192721'}
@200001046592;0.000976;-91;42;-91;1
@20000101_1420888;342.25;7593;-17257;0.9605727;0.031611204;-0.24167276
172842812 Recorder :: {'tlm': {'count': 3, 'max': 12, 'dropped': 0}, 'log': {'count': 0, 'max': 23, 'dropped': 0}, 'session': '20000101_000005_192721'}
173845723 Recorder :: {'tlm': {'count': 2, 'max': 12, 'dropped': 0}, 'log': {'count': 0, 'max': 23, 'dropped': 0}, 'session': '20000101_000005_192721'}
@200001v38;328;4256
174857275 Recorder :: {'tlm': {'count': 1, 'max': 12, 'dropped': 0}, 'log': {'count': 0, 'max': 23, 'dropped': 0}, 'session': '20000101_000005_192721'}
01laser_agl.csv@175619879;0.019;0
175861953 Recorder :: {'tlm': {'count': 2, 'max': 12, 'dropped': 0}, 'log': {'count': 0, 'max': 23, 'dropped': 0}, 'session': '20000101_000005_192721'}
@20000101_000e176414117;1.7639999;0.098;0.196;1
@20000101_000005_192721_baro_icp10s584563;-22.258514;36.988524;101592.62;2.422306
176874485 Recorder :: {'tlm': {'count': 4, 'max': 12, 'dropped': 0}, 'log': {'count': 0, 'max': 23, 'dropped': 0}, 'session': '20000101_000005_192721'}
177875142 Recorder :: {'tlm': {'count': 1, 'max': 12, 'dropped': 0}, 'log': {'count': 0, 'max': 23, 'dropped': 0}, 'session': '20000101_000005_192721'}
@20000101_000005_192721_imu_bno055.cv1-17232;0.961592464;0.034670352;-0.24371218
178878279 Recorder :: {'tlm': {'count': 1, 'max': 12, 'dropped': 0}, 'log': {'count': 0, 'max': 23, 'dropped': 0}, 'session': '20000101_000005_192721'}
@20000101_000005_192721_imu_lsm6dc;04064;0.010736;-0.007808;-84;21;-98;1
179894170 Recorder :: {'tlm': {'count': 2, 'max': 12, 'dropped': 0}, 'log': {'count': 0, 'max': 23, 'dropped': 0}, 'session': '20000101_000005_192721'}
180899809 Recorder :: {'tlm': {'count': 5, 'max': 12, 'dropped': 0}, 'log': {'count': 0, 'max': 23, 'dropped': 0}, 'session': '20000101_000005_192721'}
@20000101_0009;1
@2000012216;0.02753234;-0.24167276
181903083 Recorder :: {'tlm': {'count': 4, 'max': 12, 'dropped': 0}, 'log': {'count': 0, 'max': 23, 'dropped': 0}, 'session': '20000101_000005_192721'}
@20000101_000005_192721_accel_adxl375.csvd182418221;413;264;4259
@20000101_000005_192721_airspeed8766;297;224;4254
182931284 Recorder :: {'tlm': {'count': 1, 'max': 12, 'dropped': 0}, 'log': {'count': 0, 'max': 23, 'dropped': 0}, 'session': '20000101_000005_192721'}
183936931 Recorder :: {'tlm': {'count': 1, 'max': 12, 'dropped': 0}, 'log': {'count': 0, 'max': 23, 'dropped': 0}, 'session': '20000101_000005_192721'}
@20000101_000005_192721_airspeed_41359;0.013664;0.0;-70;42;-105;1
184940463 Recorder :: {'tlm': {'count': 3, 'max': 12, 'dropped': 0}, 'log': {'count': 0, 'max': 23, 'dropped': 0}, 'session': '20000101_000005_192721'}
185946659 Recorder :: {'tlm': {'count': 3, 'max': 12, 'dropped': 0}, 'log': {'count': 0, 'max': 23, 'dropped': 0}, 'session': '20000101_000005_192721'}
@20000101_000005_192721__186086715;160;164;4259
@2000010o;1.0111359;0.000976;0.001952;-70;28;-112;1
186952319 Recorder :: {'tlm': {'count': 3, 'max': 12, 'dropped': 0}, 'log': {'count': 0, 'max': 23, '@20000101_000005_192721_imu_lsm6dso32.csv@186954122;1.013088;0.013664;0.001952;-91;56;-91;1
@20000101_000005_192721_accel_adxl375v8639999;0.098;0.147;1
21_airspeed_sdp810.csv@187419539;288;220;4257
@20000101_000005_192723516;1.7639999;0.147;0.196;1
187963591 Recorder :: {'tlm': {'count': 2, 'max': 12, 'dropped': 0}, 'log': {'count': 0, 'max': 23, 'dropped': 0}, 'session': '20000101_000005_192721'}
@20000101_000005_192721_accel_a
188974405 Recorder :: {'tlm': {'count': 0, 'max': 12, 'dropped': 0}, 'log': {'count': 0, 'max': 23, 'dropped': 0}, 'session': '20000101_000005_192721'}
@2000013;-17225;0.96261216;0.02753234;-0.24575162
@20000101_000005_192721_accel_adxl375.c747;0.196;1
189977430 Recorder :: {'tlm': {'count': 1, 'max': 12, 'dropped': 0}, 'log': {'count': 0, 'max': 23, 'dropped': 0}, 'session': '20000101_000005_192721'}
@20000101_000005_192721_baro_icp10111.c0976;-63;28;-112;1
190981483 Recorder :: {'tlm': {'count': 1, 'max': 12, 'dropped': 0}, 'log': {'count': 0, 'max': 23, 'dropped': 0}, 'session': '20000101_000005_192721'}
0191212319;0.021;1
@20000101_000005_192721_accel_adxl375.23930;500;1950;0
191999036 Recorder :: {'tlm': {'count': 1, 'max': 12, 'dropped': 0}, 'log': {'count': 0, 'max': 23, 'dropped': 0}, 'session': '20000101_000005_192721'}
@20000101_000005_192721_l_s9586637;0.021;1
193012635 Recorder :: {'tlm': {'count': 5, 'max': 12, 'dropped': 0}, 'log': {'count': 0, 'max': 23, 'dropped': 0}, 'session': '20000101_000005_192721'}
194024106 Recorder :: {'tlm': {'count': 4, 'max': 12, 'dropped': 0}, 'log': {'count': 0, 'max': 23, 'dropped': 0}, 'session': '20000101_000005_192721'}
@2000010;-98;35;-98;1
195037905 Recorder :: {'tlm': {'count': 2, 'max': 12, 'dropped': 0}, 'log': {'count': 0, 'max': 23, 'dropped': 0}, 'session': '20000101_000005_192721'}
@20000101_000005_192721_is23125;7593;-17225;0.961592464;0.028552056;-0.24167276
@20000101_000005_1927147;1
196050862 Recorder :: {'tlm': {'count': 0, 'max': 12, 'dropped': 0}, 'log': {'count': 0, 'max': 23, 'dropped': 0}, 'session': '20000101_000005_192721'}
@205832;0.003904;-77;35;-105;1
@20000101_000005_192721_accel_adl5697;1.7639999;0.098;0.196;1
@20000101961592464;0.029571772;-0.24371218
@20000101_000005_192721_airspeed_sdp85;139;4259
197053012 Recorder :: {'tlm': {'count': 0, 'max': 12, 'dropped': 0}, 'log': {'count': 0, 'max': 23, 'dropped': 0}, 'session': '20000101_000005_192721'}
3016;0.00976;0.000976;-77;28;-98;1
198061666 Recorder :: {'tlm': {'count': 1, 'max': 12, 'dropped': 0}, 'log': {'count': 0, 'max': 23, 'dropped': 0}, 'session': '20000101_000005_192721'}
@20000101_7-3696718;37.86;101706.31;4.140444
199066880 Recorder :: {'tlm': {'count': 4, 'max': 12, 'dropped': 0}, 'log': {'count': 0, 'max': 23, 'dropped': 0}, 'session': '20000101_000005_192721'}
@20000101_000005_1147;1
200112699 Recorder :: {'tlm': {'count': 3, 'max': 12, 'dropped': 0}, 'log': {'count': 0, 'max': 23, 'dropped': 0}, 'session': '20000101_000005_192721'}
@20000101488;-84;35;-98;1
201132726 Recorder :: {'tlm': {'count': 1, 'max': 12, 'dropped': 0}, 'log': {'count': 0, 'max': 23, 'dropped': 0}, 'session': '20000101_000005_192721'}
202164851 Recorder :: {'tlm': {'count': 3, 'max': 12, 'dropped': 0}, 'log': {'count': 0, 'max': 23, 'dropped': 0}, 'session': '20000101_000005_192721'}
@20000101_000005_192721_accel_adxl375239999;0.147;0.196;1
203168072 Recorder :: {'tlm': {'count': 2, 'max': 12, 'dropped': 0}, 'log': {'count': 0, 'max': 23, 'dropped': 0}, 'session': '20000101_000005_192721'}
@2000032;;34;4263
204169753 Recorder :: {'tlm': {'count': 3, 'max': 12, 'dropped': 0}, 'log': {'count': 0, 'max': 23, 'dropped': 0}, 'session': '20000101_000005_192721'}
@20000101_000005_192721_s99;342.3125;7593;-17225;0.96363184;0.02753234;-0.242692468
@20000101_000005_192721_airspeed804519722;10;41;4263
205171448 Recorder :: {'tlm': {'count': 0, 'max': 12, 'dropped': 0}, 'log': {'count': 0, 'max': 23, 'dropped': 0}, 'session': '20000101_000005_192721'}
@20000101_00;05;1
0000005_192721_imu_lsm6dso32.csv@206056558;1.012112;0.012688;0.001952;-84;35;-105;1
206176184 Recorder :: {'tlm': {'count': 1, 'max': 12, 'dropped': 0}, 'log': {'count': 0, 'max': 23, 'dropped': 0}, 'session': '20000101_000005_192721'}
201_000005_192721_accel_adxl375.csv@206189155;1.7639999;0.147;0.196;1
@20000101_0000v289607;1.013088;0.00976;0.001952;-84;42;-98;1
@2006
@20000101_000005_192l207116345;1.0150399;0.008784;0.00488;-91;35;-98;1
207199023 Recorder :: {'tlm': {'count': 9, 'max': 12, 'dropped': 0}, 'log': {'count': 0, 'max': 23, 'dropped': 0}, 'session': '20000101_000005_192721'}
208199209 Recorder :: {'tlm': {'count': 4, 'max': 12, 'dropped': 0}, 'log': {'count': 0, 'max': 23, 'dropped': 0}, 'session': '20000101_000005_192721'}
@20000101_00000656713;0.028552056;-0.24167276
0peed_sdp810.csv@209186352;118;141;4264
209200282 Recorder :: {'tlm': {'count': 3, 'max': 12, 'dropped': 0}, 'log': {'count': 0, 'max': 23, 'dropped': 0}, 'session': '20000101_000005_192721'}
210201621 Recorder :: {'tlm': {'count': 1, 'max': 12, 'dropped': 0}, 'log': {'count': 0, 'max': 23, 'dropped': 0}, 'session': '20000101_000005_192721'}
211202110 Recorder :: {'tlm': {'count': 1, 'max': 12, 'dropped': 0}, 'log': {'count': 0, 'max': 23, 'dropped': 0}, 'session': '20000101_000005_192721'}
@209605727;0.026512622;-0.242692468
@20000101_000005_192721_airspeed_sdp810211820222;17;53;4263
212205117 Recorder :: {'tlm': {'count': 0, 'max': 12, 'dropped': 0}, 'log': {'count': 0, 'max': 23, 'dropped': 0}, 'session': '20000101_000005_192721'}
213211308 Recorder :: {'tlm': {'count': 1, 'max': 12, 'dropped': 0}, 'log': {'count': 0, 'max': 23, 'dropped': 0}, 'session': '20000101_000005_192721'}
_aser_agl.csv@213455502;0.019;1
@20000101_000005_192721_powers;3927;516;2025;0
4@20000101_000005_192721_accel_adxl375.csv@214191951;1.7639999;0.098;0.196;1
214217997 Recorder :: {'tlm': {'count': 3, 'max': 12, 'dropped': 0}, 'log': {'count': 0, 'max': 23, 'dropped': 0}, 'session': '20000101_000005_192721'}
@20000101_000002906;-0.2447319
215220078 Recorder :: {'tlm': {'count': 1, 'max': 12, 'dropped': 0}, 'log': {'count': 0, 'max': 23, 'dropped': 0}, 'session': '20000101_000005_192721'}
@20000101_000005_192721_imu_lsm6ds5.013664;0.00976;-84;14;-98;1
@20000101_000005_172;-105;1
@20000101_000005_192721_imu_bno213;4261
@20000101_000005_192721_airspeed_sdp86;4261
216188191;1.7149999;0.147;0.147;1
@20000101_000005_192721_imu_d319433;1.013088;0.00488;0.002928;-98;-7;-91;1
217227919 Recorder :: {'tlm': {'count': 6, 'max': 12, 'dropped': 0}, 'log': {'count': 0, 'max': 23, 'dropped': 0}, 'session': '20000101_000005_192721'}
218229640 Recorder :: {'tlm': {'count': 1, 'max': 12, 'dropped': 0}, 'log': {'count': 0, 'max': 23, 'dropped': 0}, 'session': '20000101_000005_192721'}
20000101_000005_192721_imu_lsm6dso32.csv@218352539;1.0111359;0.012688;-1_accel_adxl375.csv@218356375;1.7639999;0.098;0.196;1
@20000101005;49;-98;1
@20000101_000005_192721_laser_agl.cs2.019;0
219239593 Recorder :: {'tlm': {'count': 1, 'max': 12, 'dropped': 0}, 'log': {'count': 0, 'max': 23, 'dropped': 0}, 'session': '20000101_000005_192721'}
220291281 Recorder :: {'tlm': {'count': 6, 'max': 12, 'dropped': 0}, 'log': {'count': 0, 'max': 23, 'dropped': 0}, 'session': '20000101_000005_192721'}
@20000101_000005_192721_airspeed_sd50;4263
@20000100600;-17219;0.96363184;0.02753234;-0.237593884
@20000101_000005_192721_la.021;1
221299282 Recorder :: {'tlm': {'count': 3, 'max': 12, 'dropped': 0}, 'log': {'count': 0, 'max': 23, 'dropped': 0}, 'session': '20000101_000005_192721'}
w21321617;3926;488;1900;0
@20000101_00033084;1.016016;0.000976;-0.003904;-119;21;-91;1
@20000101_000005_192721_baro_bmp28041
@20000101_000005_192721_imo086122;1.012112;0.00976;0.005856;-77;63;-119;1
222303007 Recorder :: {'tlm': {'count': 2, 'max': 12, 'dropped': 0}, 'log': {'count': 0, 'max': 23, 'dropped': 0}, 'session': '20000101_000005_192721'}
223302899 Recorder :: {'tlm': {'count': 2, 'max': 12, 'dropped': 0}, 'log': {'count': 0, 'max': 23, 'dropped': 0}, 'session': '20000101_000005_192721'}
224312478 Recorder :: {'tlm': {'count': 2, 'max': 12, 'dropped': 0}, 'log': {'count': 0, 'max': 23, 'dropped': 0}, 'session': '20000101_000005_192721'}
225311899 Recorder :: {'tlm': {'count': 1, 'max': 12, 'dropped': 0}, 'log': {'count': 0, 'max': 23, 'dropped': 0}, 'session': '20000101_000005_192721'}
@2000010c920745;1.7639999;0.147;0.196;1
226313166 Recorder :: {'tlm': {'count': 1, 'max': 12, 'dropped': 0}, 'log': {'count': 0, 'max': 23, 'dropped': 0}, 'session': '20000101_000005_192721'}
@20000101_000005_192721_airspe06-300;0;4266
@20000101_000005_192721_laser_agl.sv243;0.019;0
227315819 Recorder :: {'tlm': {'count': 1, 'max': 12, 'dropped': 0}, 'log': {'count': 0, 'max': 23, 'dropped': 0}, 'session': '20000101_000005_192721'}
@20000101_000005_192721_im1;105;-91;1
2o32.csv@228188215;1.01016;0.013664;0.003904;-119;42;-119;1
228316377 Recorder :: {'tlm': {'count': 0, 'max': 12, 'dropped': 0}, 'log': {'count': 0, 'max': 23, 'dropped': 0}, 'session': '20000101_000005_192721'}
@20000101_000005_192i920439;1.0150399;0.01464;0.011712;-7;-7;-133;1
229316795 Recorder :: {'tlm': {'count': 1, 'max': 12, 'dropped': 0}, 'log': {'count': 0, 'max': 23, 'dropped': 0}, 'session': '20000101_000005_192721'}
@200004
230317063 Recorder :: {'tlm': {'count': 1, 'max': 12, 'dropped': 0}, 'log': {'count': 0, 'max': 23, 'dropped': 0}, 'session': '20000101_000005_192721'}
@20000101_000005_19272idv231152838;-168;0;4266
231317380 Recorder :: {'tlm': {'count': 0, 'max': 12, 'dropped': 0}, 'log': {'count': 0, 'max': 23, 'dropped': 0}, 'session': '20000101_000005_192721'}
@20000101_000005_192721_airspeed_sdp810.639999;0.147;0.098;1
232319340 Recorder :: {'tlm': {'count': 1, 'max': 12, 'dropped': 0}, 'log': {'count': 0, 'max': 23, 'dropped': 0}, 'session': '20000101_000005_192721'}
@20000101_000005_192721_imus32585748;1.0111359;0.00976;0.00488;-77;147;-126;1
233319144 Recorder :: {'tlm': {'count': 1, 'max': 12, 'dropped': 0}, 'log': {'count': 0, 'max': 23, 'dropped': 0}, 'session': '20000101_000005_192721'}
@20000101.;0.0;.0;0;0;2550
234319725 Recorder :: {'tlm': {'count': 0, 'max': 12, 'dropped': 0}, 'log': {'count': 0, 'max': 23, 'dropped': 0}, 'session': '20000101_000005_192721'}
@2000010a088000;1.7149999;0.098;0.147;1
235321672 Recorder :cax': 12, 'dropped': 0}, 'log': {'count': 0, 'max': 23, 'dropped': 0}, @20000101_000005_192721_power_ina226.csv@235325538;3921;508;1975;0
236336672 Recorder :: {'tlm': {'count': 1, 'max': 12, 'dropped': 0}, 'log': {'count': 0, 'max': 23, 'dropped': 0}, 'session': '20000101_000005_192721'}
;37.02057;101591.34;2.527996
237338590 Recorder :: {'tlm': {'count': 2, 'max': 12, 'dropped': 0}, 'log': {'count': 0, 'max': 23, 'dropped': 0}, 'session': '20000101_000005_192721'}
238347369 Recorder :: {'tlm': {'count': 0, 'max': 12, 'dropped': 0}, 'log': {'count': 0, 'max': 23, 'dropped': 0}, 'session': '20000101_000005_192721'}
@20000101_000005_192721_imu_lsm6dso32.cs100976;0.00488;-105;14;-84;1
239348930 Recorder :: {'tlm': {'count': 1, 'max': 12, 'dropped': 0}, 'log': {'count': 0, 'max': 23, 'dropped': 0}, 'session': '20000101_000005_192721'}
241358592 Recorder :: {'tlm': {'count': 1, 'max': 12, 'dropped': 0}, 'log': {'count': 0, 'max': 23, 'dropped': 0}, 'session': '20000101_000005_192721'}
242366681 Recorder :: {'tlm': {'count': 2, 'max': 12, 'dropped': 0}, 'log': {'count': 0, 'max': 23, 'dropped': 0}, 'session': '20000101_000005_192721'}
243368142 Recorder :: {'tlm': {'count': 2, 'max': 12, 'dropped': 0}, 'log': {'count': 0, 'max': 23, 'dropped': 0}, 'session': '20000101_000005_192721'}
244368878 Recorder :: {'tlm': {'count': 1, 'max': 12, 'dropped': 0}, 'log': {'count': 0, 'max': 23, 'dropped': 0}, 'session': '20000101_000005_192721'}
@20000101_000005_192721_laser_agl92;493;1925;0
245399751 Recorder :: {'tlm': {'count': 7, 'max': 12, 'dropped': 0}, 'log': {'count': 0, 'max': 23, 'dropped': 0}, 'session': '20000101_000005_192721'}
@20000101_000005_192721_accel_adx54577;1.7639999;0.147;0.244999984;1
@20000101_000005_192721_laser_aglc87020;0.019;0
@20000101_000005_19272d57086;1.012112;0.013664;0.00488;-77;42;-105;1
246399324 Recorder :: {'tlm': {'count': 1, 'max': 12, 'dropped': 0}, 'log': {'count': 0, 'max': 23, 'dropped': 0}, 'session': '20000101_000005_192721'}
@20000101_000005_192.0023;1
@20000101_000005_192721_7;0.098;0.196;1
@200001011464;0.001952;-63;35;-119;1
@2000010..01464;0.002928;-98;42;-98;1
20aser_agl.csv@247190445;0.022;0
247405739 Recorder :: {'tlm': {'count': 1, 'max': 12, 'dropped': 0}, 'log': {'count': 0, 'max': 23, 'dropped': 0}, 'session': '20000101_000005_192721'}
@20000101_000005_192721_accel_adxl375.csv9824;1.7639999;0.098;0.147;1
@2000010p14951;215;190;4270
@2000010849;1.7639999;0.147;0.196;1
1sv@248187603;1.7639999;0.147;0.196;1
248420059 Recorder :: {'tlm': {'count': 0, 'max': 12, 'dropped': 0}, 'log': {'count': 0, 'max': 23, 'dropped': 0}, 'session': '20000101_000005_192721'}
@200001012;0.011712;0.00488;-91;35;-91;1
249421657 Recorder :: {'tlm': { ession': '20000101_000005_192721'}
@20000101.66;341.4375;7556;-17357;0.9605727;0.028552056;-0.242692468
@20000101_000005_192721_imu_bno055.6;-17357;0.9605727;0.02447319;-0.248810768
@20000101_000005_192721_airs98;1
@20000101_000005_192721_accel_ad79;1.7639999;0.147;0.196;1
91.4375;7556;-17357;0.96363184;0.02753234;-0.24167276
250421109 Recorder :: {'tlm': {'count': 0, 'max': 12, 'dropped': 0}, 'log': {'count': 0, 'max': 23, 'dropped': 0}, 'session': '20000101_000005_192721'}
@20000101_000005_192721_laser_agls4
11irpeed_sdp810.csv@250987097;28;68;4265
@20000101_000count': 0, 'max': 12, 'dropped': 0}, 'log': {'count': 0, 'max': 23, 'dropped': 0}, 'session': '20000101_000005_192721'}
252430301 Recorder :: {'tlm': {'count': 2, 'max': 12, 'dropped': 0}, 'log': {'count': 0, 'max': 23, 'dropped': 0}, 'session': '20000101_000005_192721'}
005_192721_imu_bno055.csv@252450128;341.4375;7556;-17357;0.96363184;0.06do32.csv@252453809;1.012112;0.008784;0.001952;-84;35;-91;1
@20000107;-105;1
@20000101_000005_93;1.012112;0.00976;0.00488;-91;42;-105;1
253446651 Recorder :: {'tlm': {'count': 2, 'max': 12, 'dropped': 0}, 'log': {'count': 0, 'max': 23, 'dropped': 0}, 'session': '20000101_000005_192721'}
254450208 Recorder :: {'tlm': {'count': 0, 'max': 12, 'dropped': 0}, 'log': {'count': 0, 'max': 23, 'dropped': 0}, 'session': '20000101_000005_192721'}
@200i54920231;1.014064;0.00976;0.00488;-91;28;-98;1
@20000101_000005_192721_b94
255461457 Recorder :: {'tlm': {'count': 2, 'max': 12, 'dropped': 0}, 'log': {'count': 0, 'max': 23, 'dropped': 0}, 'session': '20000101_000005_192721'}
@20000101_000005_192721_imu_lsm6dso32v570;1.012112;0.011712;0.005856;-91;35;-105;1
256465051 Recorder :: {'tlm': {'count': 0, 'max': 12, 'dropped': 0}, 'log': {'count': 0, 'max': 23, 'dropped': 0}, 'session': '20000101_000005_192721'}
257468195 Recorder :: {'tlm': {'count': 2, 'max': 12, 'dropped': 0}, 'log': {'count': 0, 'max': 23, 'dropped': 0}, 'session': '20000101_000005_192721'}
@20000101_000005_192721_imu_lsm6dso5;1
@20000101_000005_192721_imu_lsm6dso32.cs8016;0.00976;0.003904;-84;42;-105;1
258467915 Recorder :: {'tlm': {'count': 0, 'max': 12, 'dropped': 0}, 'log': {'count': 0, 'max': 23, 'dropped': 0}, 'session': '20000101_000005_192721'}
@20000101_00000c651273;1.7639999;0.098;0.147;1
@20000101_00000.0.24167276
259474944 Recorder :: {'tlm': {'count': 2, 'max': 12, 'dropped': 0}, 'log': {'count': 0, 'max': 23, 'dropped': 0}, 'session': '20000101_000005_192721'}
@20000101_000005_192721_imu_lsm6dso0;0.002928;-77;28;-98;1
260476109 Recorder :: {'tlm': {'count': 0, 'max': 12, 'dropped': 0}, 'log': {'count': 0, 'max': 23, 'dropped': 0}, 'session': '20000101_000005_192721'}
@20000101_000005_192721_airspeed_sdp810.cs38;73;111;4265
261506501 Recorder :: {'tlm': {'count': 1, 'max': 12, 'dropped': 0}, 'log': {'count': 0, 'max': 23, 'dropped': 0}, 'session': '20000101_000005_192721'}
262511277 Recorder :: {'tlm': {'count': 1, 'max': 12, 'dropped': 0}, 'log': {'count': 0, 'max': 23, 'dropped': 0}, 'session': '20000101_000005_192721'}
@20000102;0.147;0.147;1
263538211 Recorder :: {'tlm': {'count': 2, 'max': 12, 'dropped': 0}, 'log': {'count': 0, 'max': 23, 'dropped': 0}, 'session': '20000101_000005_192721'}
@20000101_00000256;-0.242692468
@20000101_000005_192721_baro_icp1011v458;-21.91502;37.1060184;101588.49;2.7658004
21_imu_bno055.csv@264490031;341.4375;7556;-17357;0.961592464;0.026512622;-0.24167276
@2000-84;42;-98;1
264568832 Recorder :: {'tlm': {'count': 1, 'max': 12, 'dropped': 0}, 'log': {'count': 0, 'max': 23, 'dropped': 0}, 'session': '20000101_000005_192721'}
@2000010m19;1.13088;0.010736;0.000976;-77;35;-98;1
265570879 Recorder :: {'tlm': {'count': 0, 'max': 12, 'dropped': 0}, 'log': {'count': 0, 'max': 23, 'dropped': 0}, 'session': '20000101_000005_192721'}
12088681;0.02;0
266571028 Recorder :: {'tlm': {'count': 2, 'max': 12, 'dropped': 0}, 'log': {'count': 0, 'max': 23, 'dropped': 0}, 'session': '20000101_000005_192721'}
267587448 Recorder :: {'tlm': {'count': 2, 'max': 12, 'dropped': 0}, 'log': {'count': 0, 'max': 23, 'dropped': 0}, 'session': '20000101_000005_192721'}
@20000101_000005_192721_imu_bnv4375;7562;-17357;0.96261216;0.026512622;-0.24371218
268606463 Recorder :: {'tlm': {'count': 6, 'max': 12, 'dropped': 0}, 'log': {'count': 0, 'max': 23, 'dropped': 0}, 'session': '20000101_000005_192721'}
@20000101_000005_192721_acce25;1.7639999;0.098;0.196;1
269627968 Recorder :: {'tlm': {'count': 2, 'max': 12, 'dropped': 0}, 'log': {'count': 0, 'max': 23, 'dropped': 0}, 'session': '20000101_000005_192721'}
@20000101_000005_192721_imu_lsm6ds;1.0111359;0.007808;0.000976;-70;21;-105;1
@20000101_000005_192721_acce
@2p}, 'log': {'count': 0, 'max': 23, 'dropped': 0}, 'session': '20000101_000005_192721'}
@20000101_000005_192721_laser_agl2021;1
271657043 Recorder :: {'tlm': {'count': 2, 'max': 12, 'dropped': 0}, 'log': {'count': 0, 'max': 23, 'dropped': 0}, 'session': '20000101_000005_192721'}
@20000101_000005_192721_airspc;420;266;4273
@20000101_000005_192721_airs_272454770;417;265;4272
272657143 Recorder :: {'tlm': {'count': 1, 'max': 12, 'dropped': 0}, 'log': {'count': 0, 'max': 23, 'dropped': 0}, 'session': '20000101_000005_192721'}
1_000005_192721_imu_bno055.csv@273550164;341.4375;7562;-17357;0.9615923683;0.023;0
273662330 Recorder :: {'tlm': {'count': 3, 'max': 12, 'dropped': 0}, 'log': {'count': 0, 'max': 23, 'dropped': 0}, 'session': '20000101_000005_192721'}
274666216 Recorder :: {'tlm': {'count': 2, 'max': 12, 'dropped': 0}, 'log': {'count': 0, 'max': 23, 'dropped': 0}, 'session': '20000101_000005_192721'}
@20000101_000005_192721_airspd274954788;443;274;4268
275670575 Recorder :: {'tlm': {'count': 1, 'max': 12, 'dropped': 0}, 'log': {'count': 0, 'max': 23, 'dropped': 0}, 'session': '20000101_000005_192721'}
@20000101_000005_192721_airspev3;4269
@20000101_000005_192721_imu_b34
276692312 Recorder :: {'tlm': {'count': 4, 'max': 12, 'dropped': 0}, 'log': {'count': 0, 'max': 23, 'dropped': 0}, 'session': '20000101_000005_192721'}
277692396 Recorder :: {'tlm': {'count': 1, 'max': 12, 'dropped': 0}, 'log': {'count': 0, 'max': 23, 'dropped': 0}, 'session': '20000101_000005_192721'}
278698957 Recorder :: {'tlm': {'count': 4, 'max': 12, 'dropped': 0}, 'log': {'count': 0, 'max': 23, 'dropped': 0}, 'session': '20000101_000005_192721'}
279699067 Recorder :: {'tlm': {'count': 3, 'max': 12, 'dropped': 0}, 'log': {'count': 0, 'max': 23, 'dropped': 0}, 'session': '20000101_000005_192721'}
@20000101_000005_192721_imu_bno055.c475;7568;-17407;0.96363184;0.017335176;-0.24371218
280707903 Recorder :: {'tlm': {'count': 1, 'max': 12, 'dropped': 0}, 'log': {'count': 0, 'max': 23, 'dropped': 0}, 'session': '20000101_000005_192721'}
281752803 Recorder :: {'tlm': {'count': 0, 'max': 12, 'dropped': 0}, 'log': {'count': 0, 'max': 23, 'dropped': 0}, 'session': '20000101_000005_192721'}
282754341 Recorder :: {'tlm': {'count': 0, 'max': 12, 'dropped': 0}, 'log': {'count': 0, 'max': 23, 'dropped': 0}, 'session': '20000101_000005_192721'}
@90193746092;-0.2447319
283762175 Recorder :: {'tlm': {'count': 1, 'max': 12, 'dropped': 0}, 'log': {'count': 0, 'max': 23, 'dropped': 0}, 'session': '20000101_000005_192721'}
284816995 Recorder :: {'tlm': {'count': 3, 'max': 12, 'dropped': 0}, 'log': {'count': 0, 'max': 23, 'dropped': 0}, 'session': '20000101_000005_192721'}
285821490 Recorder :: {'tlm': {'count': 1, 'max': 12, 'dropped': 0}, 'log': {'count': 0, 'mad 'session': '20000101_000005_192721'}
@20000101_000005_192721_accel_ad.56;1.7639999;0.098;0.147;1
@20000102;0.147;0.147;1
287876728 Recorder :: {'tlm': {'count': 1, 'max': 12, 'dropped': 0}, 'log': {'count': 0, 'max': 23, 'dropped': 0}, 'session': '20000101_000005_192721'}
@20000101_963332
@20000101_000005_192721_imu_388;0.006832;0.0;-91;42;-105;1
288885026 Recorder :: {'tlm': {'count': 1, 'max': 12, 'dropped': 0}, 'log': {'count': 0, 'max': 23, 'dropped': 0}, 'session': '20000101_000005_192721'}
@20000101_000005_19272a583787;1.7639999;0.147;0.196;1
@29112;0.008784;0.002928;-91;42;-112;1
00101_000005_192721_laser_agl.csv@289788486;0.021;0
289895456 Recorder :: {'tlm': {'count': 1, 'max': 12, 'dropped': 0}, 'log': {'count': 0, 'max': 23, 'dropped': 0}, 'session': '20000101_000005_192721'}
@20000101_000005_192721_imu_lsm6dso32.s80377;1.0111359;0.012688;0.001952;-91;35;-98;1
290897446 Recorder :: {'tlm': {'count': 3, 'max': 12, 'dropped': 0}, 'log': {'count': 0, 'max': 23, 'dropped': 0}, 'session': '20000101_000005_192721'}
291897568 Recorder :: {'tlm': {'count': 1, 'max': 12, 'dropped': 0}, 'log': {'count': 0, 'max': 23, 'dropped': 0}, 'session': '20000101_000005_192721'}
@20000101_000005_192721_imu_lsm6dso32.cs060.000976;-105;35;-98;1
@20000101_000005_192721_accel_adxl375.c0;0.196;1
292910648 Recorder :: {'tlm': {'count': 1, 'max': 12, 'dropped': 0}, 'log': {'count': 0, 'max': 23, 'dropped': 0}, 'session': '20000101_000005_192721'}
@200001030.147;1
293960758 Recorder :: {'tlm': {'count': 3, 'max': 12, 'dropped': 0}, 'log': {'count': 0, 'max': 23, 'dropped': 0}, 'session': '20000101_000005_192721'}
@200001071.813.098;0.147;1
294961603 Recorder :: {'tlm': {'count': 1, 'max': 12, 'dropped': 0}, 'log': {'count': 0, 'max': 23, 'dropped': 0}, 'session': '20000101_000005_192721'}
@2000010247;0.147;1
295968206 Recorder :: {'tlm': {'count': 2, 'max': 12, 'dropped': 0}, 'log': {'count': 0, 'max': 23, 'dropped': 0}, 'session': '20000101_000005_192721'}
296969300 Recorder :: {'tlm': {'count': 1, 'max': 12, 'dropped': 0}, 'log': {'count': 0, 'max': 23, 'dropped': 0}, 'session': '20000101_000005_192721'}
297973253 Recorder :: {'tlm': {'count': 2, 'max': 12, 'dropped': 0}, 'log': {'count': 0, 'max': 23, 'dropped': 0}, 'session': '20000101_000005_192721'}
@20000101_000005_192721_airspv49;1.7639999;0.196;0.196;1
@20000101_000005_192721_imu_3188;0.002928;0.00488;-105;21;-105;1
298973374 Recorder :: {'tlm': {'count': 0, 'max': 12, 'dropped': 0}, 'log': {'count': 0, 'max': 23, 'dropped': 0}, 'session': '20000101_000005_192721'}
@20000101_000005_192721_imu_b;817419;0.961592464;0.030591488;-0.23657418
@20000101_000005_192721_imuc933;341.5625;7568;-17419;0.9646516;0.031611204;-0.24065304
ccel_adxl375.csv@299914200;1.7639999;0.147;0.196;1
299974040 Recorder :: {'tlm': {'count': 1, 'max': 12, 'dropped': 0}, 'log': {'count': 0, 'max': 23, 'dropped': 0}, 'session': '20000101_000005_192721'}
300973885 Recorder :: {'tlm': {'count': 2, 'max': 12, 'dropped': 0}, 'log': {'count': 0, 'max': 23, 'dropped': 0}, 'session': '20000101_000005_192721'}
301977418 Recorder :: {'tlm': {'count': 2, 'max': 12, 'dropped': 0}, 'log': {'count': 0, 'max': 23, 'dropped': 0}, 'session': '20000101_000005_192721'}
@2000010w322977;3915;485;1875;0
@20000101_000005_19271.7639999;0.147;0.147;1
302985560 Recorder :: {'tlm': {'count': 2, 'max': 12, 'dropped': 0}, 'log': {'count': 0, 'max': 23, 'dropped': 0}, 'session': '20000101_000005_192721'}
304019836 Recorder :: {'tlm': {'count': 5, 'msssion': '20000101_000005_192721'}
@20000101_000005_192721_imu_bno055.cv41.5625;7562;-17413;0.9605727;0.030591488;-0.24983048
@20000101_000005_192721_baro_bmp280.c558;37.97;101698.24;4.8115824
305022590 Recorder :: {'tlm': {'count': 1, 'max': 12, 'dropped': 0},0_192721'}
21_airspeed_sdp810.csv@305521404;820;372;4275
@200001005553986;753;357;4276
306022118 Recorder :: {'tlm': {'count': 1, 'max': 12, 'dropped': 0}, 'log': ossion': '20000101_000005_192721'}
307023528 Recorder :: {'tlm': {'count': 0, 'max': 12, 'dropped':@20000101_000005_192721_imu_lsm6dso32.csv@307025047;1.01016;0.00488;0.002928;-105;70;-112;1
308038321 Recorder :: {'tlm': {'count': 1, 'max': 12, 'dropped': 0}, 'log': {'count': 0, 'max': 23, 'dropped': 0}, 'session': '20000101_000005_192721'}
309061619 Recorder :: {'tlm': {'count': 2, 'max': 12, 'dropped': 0}, 'log': {'count': 0, 'max': 23, 'dropped': 0}, 'session': '20000101_000005_192721'}
@20000101_000005_192721_airspeed_sdp009247457;393;258;4279
@20000101_000005_51.7639999;0.098;0.196;1
@20000101_000005_1927256;-17425;0.959553;0.02447319;-0.24983048
@20000101_000005_192721_airspe-8;1
310063524 Recorder :: {'tlm': {'count': 2, 'max': 12, 'dropped': 0}, 'log': {'count': 0, 'max': 23, 'dropped': 0}, 'session': '20000101_000005_192721'}
311069263 Recorder :: {'tlm': {'count': 2, 'max': 12, 'dropped': 0}, 'log': {'count': 0, 'max': 23, 'dropped': 0}, 'session': '20000101_000005_192721'}
@20000101_000005_1927c1423247;378;253;4277
312071066 Recorder :: {'tlm': {'count': 0, 'max': 12, 'dropped': 0}, 'log': {'count': 0, 'max': 23, 'dropped': 0}, 'session': '20000101_000005_192721'}
313072562 Recorder :: {'tlm': {'count': 1, 'max': 12, 'dropped': 0}, 'log': {'count': 0, 'max': 23, 'dropped': 0}, 'session': '20000101_000005_192721'}
314072598 Recorder :: {'tlm': {'count': 1, 'max': 12, 'dropped': 0}, 'log': {'count': 0, 'max': 23, 'dropped': 0}, 'session': '20000101_000005_192721'}
@2000010196;1
315073206 Recorder :: {'tlm': {'count': 0, 'max': 12, 'dropped': 0}, 'log': {'count': 0, 'max': 23, 'dropped': 0}, 'session': '20000101_000005_192721'}
@20000101_000005_192721_accel_adx
@20000101_000005_192721_a77
316074773 Recorder :: {'tlm': {'count': 1, 'max': 12, 'dropped': 0}, 'log': {'count': 0, 'max': 23, 'dropped': 0}, 'session': '20000101_000005_192721'}
@2000010112112;0.015616;-0.00488;-98;7;-84;1
317075258 Recorder :: {'tlm': {'count': 0, 'max': 12, 'dropped': 0}, 'log': {'count': 0, 'max': 23, 'dropped': 0}, 'session': '20000101_000005_192721'}
318078881 Recorder :: {'tlm': {'count': 3, 'max': 12, 'dropped': 0}, 'log': {'count': 0, 'max': 23, 'dropped': 0}, 'session': '20000101_000005_192721'}
@20000103;-98;1
@20000101_000005_192721_imu_bno0.611204;-0.25594878
319080573 Recorder :: {'tlm': {'count': 0, 'max': 12, 'dropped': 0}, 'log': {'count': 0, 'max': 23, 'dropped': 0}, 'session': '20000101_000005_192721'}
@20000101_000005_192721_power_ina26;536;2075;0
@20000101_000005_192721_0;342.5625;7600;-17394;0.9605727;0.020394326;-0.2447319
320086073 Recorder :: {'tlm': {'count': 2, 'max': 12, 'dropped': 0}, 'log': {'count': 0, 'max': 23, 'dropped': 0}, 'session': '20000101_000005_192721'}
321095306 Recorder :: {'tlm': {'count': 2, 'max': 12, 'dropped': 0}, 'log': {'count': 0, 'max': 23, 'dropped': 0}, 'session': '20000101_000005_192721'}
@20000101_000005_192721_airs2;0;4280
@200001-105;1
@20000101_000005_192721_powei2017563;3906;557;2150;0
322097632 Recorder :: {'tlm': {'count': 2, 'max': 12, 'dropped': 0}, 'log': {'count': 0, 'max': 23, 'dropped': 0}, 'session': '20000101_000005_192721'}
@20000101_000005_192721_accel723;1
323117465 Recorder :: {'tlm': {'count': 7, 'max': 12, 'dropped': 0}, 'log': {'count': 0, 'max': 23, 'dropped': 9_imu_lsm6dso32.csv@323121416;1.012112;-0.003904;-0.01464;-7;-154;-91;1
@20000101_000005_19261462;1.014064;-0.001952;-0.016592;28;-28;-147;1
324118803 Recorder :: {'tlm': {'count': 1, 'max': 12, 'dropped': 0}, 'log': {'count': 0, 'max': 23, 'dropped': 0}, 'session': '20000101_000005_192721'}
325130787 Recorder :: {'tlm': {'count': 3, 'max': 12, 'dropped': 0}, 'log': {'count': 0, 'max': 23, 'dropped': 0}, 'session': '20000101_000005_192721'}
5;0.96363184;0.007138014;-0.23963332
@20000101_0011.013088;0.008784;-0.000976;-91;35;-49;1
@20000101_000005_192721;-42;1
326134399 Recorder :: {'tlm': {'count': 4, 'max': 12, 'dropped': 0}, 'log': {'count': 0, 'max': 23, 'dropped': 0}, 'session': '20000101_000005_192721'}
@20000101_001;603;319;4278
101_000005_192721_imu_bno055.csv@326291881;342.4375;7543;-17332;0.959553;0.02447319;-0.24371218
21_power_ina226.csv@326986364;3905;565;2200;0
327134200 Recorder :: {'tlm': {'count': 1, 'max': 12, 'dropped': 0}, 'log': {'count': 0, 'max': 23, 'dropped': 0}, 'session': '20000101_000005_192721'}
328144311 Recorder :: {'tlm': {'count': 1, 'max': 12, 'dropped': 0}, 'log': {'count': 0, 'max': 23, 'dropped': 0}, 'session': '20000101_000005_192721'}
@200001095856;0.017568;-98;35;-91;1
329147123 Recorder :: {'tlm': {'count': 0, 'max': 12, 'dropped': 0}, 'log': {'count': 0, 'max': 23, 'dropped': 0}, 'session': '20000101_000005_192721'}
@20000101_000005_192721_imu_lsm6dso32.cs464;-21;63;-154;1
330185684 Recorder :: {'tlm': {'count': 5, 'max': 12, 'dropped': 0}, 'log': {'count': 0, 'max': 23, 'dropped': 0}, 'session': '20000101_000005_192721'}
@20000101_000005_192721_imu_bno055.40.96261216;0.023453474;-0.247791052
@2000010-42;-140;1
@20000101_000005_192721_airspeed_sd0.9840;-872;0;4283
331199261 Recorder :: {'tlm': {'count': 1, 'max': 12, 'dropped': 0}, 'log': {'count': 0, 'max': 23, 'dropped': 0}, 'session': '20000101_000005_192721'}
_000005_192721_airspeed_sdp810.csv@331655907;-688;0;4282
332204767 Recorder :: {'tlm': {'count': 4, 'max': 12, 'dropped': 0}, 'log': {'count': 0, 'max': 23, 'dropped': 0}, 'session': '20000101_000005_192721'}
@20000101_000005_192721_accel_adxl375.c18;0.147;1
@20000101d2;1.7639999;0.098;0.196;1
@20000109
333214430 Recorder :: {'tlm': {'count': 2, 'max': 12, 'dropped': 0}, 'log': {'count': 0, 'max': 23, 'dropped': 0}, 'session': '20000101_000005_192721'}
@20000101_000005_192721_imu_lsm6dso32.cs8009184;0.001952;0.01464;-287;112;-126;1
334215090 Recorder :: {'tlm': {'count': 4, 'max': 12, 'dropped': 0}, 'log': {'count': 0, 'max': 23, 'dropped': 0}, 'session': '20000101_000005_192721'}
335215172 Recorder :: {'tlm': {'count': 1, 'max': 12, 'dropped': 0}, 'log': {'count': 0, 'max': 23, 'dropped': 0}, 'session': '20000101_000005_192721'}
@20000101_000005_192721_e021gc pre-flight collect 18606 us
@20000101_000005_192721_imu_lsm6dso32.cs00ms)
335550975 sequencer :: gc pre-flight collect 18606 us
335762936 checkpoint :: checkpoint boosting alt=-18.427218
336226360 gnss_calib :: drift 0.000, 0.000 m/s (0 samples)
336230359 Recorder :: {'tlm': {'count': 2, 'max': 12, 'dropped': 0}, 'log': {'count': 1, 'max': 23, 'dropped': 0}, 'session': '20000101_000005_192721'}
336771329 checkpoint :: checkpoint boosting alt=6.758937
337237531 Recorder :: {'tlm': {'count': 2, 'max': 12, 'dropped': 0}, 'log': {'count': 0, 'max': 23, 'dropped': 0}, 'session': '20000101_000005_192721'}
@20000101_000005_1d337690118;54613;3042;4276
