65365009;1.014064;0.021472;-0.005856;-112;49;-70;1
65376138;1.013088;0.01952;-0.00488;-119;70;-49;1
65398082;1.014064;0.00488;0.000976;-175;77;-35;1
65408929;1.0111359;0.000976;0.00488;-168;77;-56;1
65419992;1.0111359;0.0@20000101_000005_192721_imu_bno055.csv@65425613;342.5;7575;-17288;0.9605727;0.017335176;-0.23963332
65431739;1.014064;-0.000976;0.013664;-140;70;-77;1
65441995;1.012112;0.001952;0.013664;-98;63;-77;1
65456954;1.013088;0.0;0.00976;-70;28;-91;1
65470097;1.01016;0.002928;-0.002928;-91;-7;-119;1
65481104;1.014064;0.00976;-0.006832;28;0;-126;1
65499248;1.013088;0.011712;-0.007808;-70;35;-133;1
65512571;1.013088;0.010736;-0.002928;-70;70;-105;1
65523052;1.014064;0.011712;-0.000976;-98;56;-98;1
65543004;1.0111359;0.008784;-0.000976;-112;42;-105;1
65555989;1.013088;0.011712;-0.001952;-56;84;-84;1
65569064;1.013088;0.005856;0.001952;-84;112;-84;1
65580128;1.013088;0.00488;0.011712;-140;105;-98;1
65593438;1.01016;-0.000976;0.017568;-98;21;-112;1
65605538;1.012112;-0.000976;0.008784;-21;-7;-126;1
65616638;1.012112;-0.000976;0.0;-49;-7;-140;1
65627798;1.009184;0.005856;-0.003904;-98;21;-161;1
65640852;1.012112;0.007808;-0.001952;-28;35;-154;1
65663059;1.013088;0.01952;-0.005856;-21;7;-161;1
65679793;1.014064;0.01952;-0.00976;-49;21;-140;1
65691127;1.0150399;0.018544;-0.007808;-42;63;-112;1
65740348;1.014064;0.01464;0.005856;-105;35;-77;1
65751374;1.014064;0.00@20000101_000005_192721_imu_bno055.csv@65756993;342.5;7575;-17282;0.9656713;0.02753234;-0.2386136
65763918;1.0111359;0.00488;0.001952;-161;49;-77;1
65775378;1.012112;0.0;0.003904;-84;21;-98;1
65789517;1.0111359;0.00488;0.000976;-70;28;-119;1
65800264;1.014064;0.005856;0.000976;-63;28;-133;1
65813072;1.0111359;0.007808;0.002928;-91;35;-126;1
65833456;1.0111359;0.016592;-0.000976;-14;28;-119;1
65851105;1.014064;0.02@20000101_000005_192721_baro_icp10111.csv@65855714;-22.702418;37.057952;101597.98;1.97840308
65862271;1.014064;0.030256;-0.007808;-42;91;-49;1
65879229;1.0111359;0.012688;0.003904;-203;91;-35;1
65891292;1.0111359;0.005856;0.008784;-210;70;-28;1
65913072;1.013088;-0.0.101_000005_192721_laser_agl.csv@65916600;0.021;1
65924085;1.012112;-0.005856;0.012688;-161;49;-56;1
65943016;1.0111359;-0.000976;0.015616;-119;35;-98;1
65954593;1.012112;0.0;0.007808;-63;-7;-112;1
65965561;1.016992;0.003904;-0.000976;-84;-42;-140;1
65980166;1.016016;0.022448;-0.013664;-28;21;-119;1
65993172;1.012112;0.01952;-0.008784;-49;56;-98;1
66007081;1.012112;0.016592;-0.000976;-112;77;-91;1
66019987;1.014064;0.007808;0.00976;-77;35;-77;1
66042996;1.013088;0.005856;0.007808;-84;35;-77;1
66054060;1.014064;0.003904;0.007808;-154;35;-91;1
66073027;1.012112;0.002928;0.002928;-7;49;-84;1
66088485;1.0150399;0.001952;0.00488;-35;14;-112;1
66101849;1.012112;0.012688;0.001952;-49;7;-133;1
66124764;1.0111359;0.00976;0.000976;-63;0;-119;1
66143493;1.013088;0.007808;0.001952;-63;28;-126;1
66159473;1.013088;0.015616;-0.001952;-56;42;-119;1
66183045;1.0150399;0.017568;0.0;-112;28;-105;1
66231443;1.0111359;0.00488;0.017568;-140;49;-84;1
66246335;1.013088;0.002928;0.015616;-112;14;-91;1
66257417;1.009184;0.000976;0.006832;-105;-28;-98;1
66268066;1.014064;0.001952;-0.00488;-84;-28;-105;1
66279127;1.014064;0.008784;-0.005856;-63;0;-112;1
66294522;1.013088;0.01464;-0.001952;-63;42;-112;1
66304962;1.013088;0.01952;-0.006832;-49;42;-105;1
66323054;1.014064;0.020496;-0.005856;-70;49;-77;1
66339659;1.013088;0.018544;-0.00488;-105;77;-70;1
66353649;1.009184;0.008784;0.010736;-147;105;-42;1
66365981;1.0111359;0.006832;0.015616;-119;91;-35;1
66377160;1.0111359;0.002928;0.017568;-126;49;-49;1
66389764;1.0111359;-0.002928;0.012688;-147;21;-70;1
66400026;1.014064;0.002928;0.006832;-133;7;-91;1
66411279;1.01016;0.007808;0.002928;-126;7;-91;1
66432983;1.009184;0.00488;-0.000976;-119;14;-98;1
66444043;1.016016;0.00488;-0.00488;-91;21;-98;1
66455203;1.0150399;0.011712;-0.008784;-84;42;-105;1
66467254;1.0111359;0.011712;-0.00488;-98;56;-112;1
66478029;1.013088;0.013664;-0.001952;-105;70;-105;1
66492439;1.016992;0.018544;0.0;-84;77;-84;1
66513683;1.013088;0.01c7581;-17319;0.96363184;0.028552056;-0.23657418
66533129;1.009184;0.003904;0.021472;-133;35;-77;1
66545872;1.014064;0.002928;0.00976;-84;-21;-77;1
66557201;1.0111359;0.00488;0.001952;-56;-14;-84;1
66569622;1.0111359;0.007808;-0.007808;-112;7;-98;1
66580061;1.014064;0.002928;-0.005856;-105;28;-105;1
66593450;1.0150399;0.005856;-0.001952;-28;28;-105;1
66633074;1.0111359;0.00976;0.000976;-7;42;-126;1
66679627;1.016016;0.0116684361;1.7149999;0.196;0.196;1
66699136;1.01016;0.00976;0.000976;-63;7;-84;1
66723255;1.014064;0.002928;0.0;-105;42;-70;1
66734546;1.012112;0.0;0.003904;-77;28;-70;1
66758966;1.0111359;0.00488;-0.000976;-84;0;-147;1
66770431;1.01016;0.012688;-0.001952;14;7;-140;1
66781239;1.013088;0.013664;-0.001952;-21;21;-133;1
66795930;1.01016;0.015616;0.003904;-105;21;-126;1
66818061;1.0111359;0.01952;0.003904;28;28;-91;1
66834610;1.012112;0.01952;-0.002928;-84;7;-105;1
66848433;1.008208;0.01952;-0.007808;-84;7;-70;1
66863487;1.012112;0.011712;-0.011712;-147;49;-42;1
66875725;1.009184;0.000976;-0.00488;-182;77;-49;1
66889128;1.0111359;-0.007808;0.00488;-133;84;-63;1
66902160;1.01016;-0.002928;0.008784;-112;49;-126;1
66916820;190.006832;-77;21;-140;1
66934522;1.016016;0.00976;0.002928;-49;42;-126;1
66968293;1.0111359;0.015616;0.006832;-28;35;-98;1
66983511;1.012112;0.015616;-0.000976;-140;-14;-91;1
66994084;1.012112;0.010736;-0.002928;-112;14;-91;1
67008632;1.009184;0.005856;-0.00488;-63;42;-70;1
67033033;1.0150399;0.003904;0.003904;-112;42;-105;1
67069858;1.014064;0.010736;-0.001952;-56;42;-126;1
67083496;1.01016;0.010736;0.00976;-84;70;-126;1
67094114;1.0111359;0.00976;0.013664;-77;35;-119;1
67142501;1.012112;0.01464;-0.003904;-84;-14;-140;1
67153301;1.013088;0.01@20000101_000005_192721_accel_adxl375.csv@67157226;1.7639999;0.098;0.196;1
67165724;1.014064;0.007808;-0.007808;-105;7;-105;1
67177104;1.014064;0.007808;-0.007808;-112;28;-105;1
67192179;1.0111359;0.008784;-0.010736;-42;49;-105;1
67204231;1.018944;0.013664;-0.003904;-70;63;-105;1
67215926;1.012112;0.017568;0.001952;-105;70;-105;1
67241284;1.013088;0.007808;0.011712;-28;42;-63;1
67252372;1.0150399;0.0@20000101_000005_192721_imu_bno055.csv@67256492;342.375;7581;-17338;0.96363184;0.022433758;-0.23555446
67265474;1.014064;0.011712;0.006832;-91;7;-105;1
67276809;1.014064;0.00976;0.001952;7;0;-84;1
67290428;1.012112;0.007808;-0.010736;-35;-7;-77;1
67301547;1.012112;0.010736;-0.008784;-105;7;-91;1
67312688;1.012112;0.00976;-0.00976;-98;35;-91;1
67334481;1.0150399;0.005856;-0.011712;-84;63;-98;1
67354726;1.013088;0.011712;-0.005856;-98;98;-105;1
67366753;1.01016;0.012688;0.007808;-119;119;-91;1
67381518;1.013088;0.011712;0.010736;-84;105;-91;1
67394381;1.009184;0.01464;0.011712;-126;77;-91;1
67427002;1.0111359;0.012688;0.002928;-147;63;-70;1
67444494;1.0111359;-0.003904;0.00488;-140;49;-70;1
67456118;1.014064;0.001952;0.007808;-77;35;-77;1
67470121;1.012112;0.002928;-0.006832;-77;21;-112;1
67483141;1.016016;0.002928;-0.005856;-42;56;-105;1
67501594;1.0111359;0.00976;0.000976;-140;77;-147;1
67513388;1.013088;0.015616;0.002928;-98;77;-140;1
67525303;1.0150399;0.017568;0.008784;-105;63;-126;1
67545037;1.006256;0.018544;0.013664;-154;49;-98;1
67599311;1.013088;0.008784;-0.006832;-14;-21;-70;1
67628497;1.009184;0.0;-0.000976;-119;35;-105;1
67639893;1.0111359;-0.002928;-0.001952;-14;28;-105;1
67659559;1.013088;0.00488;0.008784;7;56;-140;1
67671451;1.012112;0.016592;0.010736;-14;0;-147;1
67683128;1.013088;0.013664;0.006832;-14;7;-126;1
67694664;1.0111359;0.020496;0.005856;-28;-35;-133;1
67709400;1.007232;0.021472;0.0;-70;-28;-119;1
67722996;1.016016;0.025376;-0.005856;-133;-7;-63;1
67734601;1.013088;0.015616;-0.006832;-182;-7;-49;1
67745776;1.014064;0.012688;-0.008784;-91;21;-35;1
67760128;1.016016;0.005856;-0.007808;-126;7;-28;1
67771121;1.0150399;-0.002928;-0.012688;-161;7;-49;1
67782518;1.013088;-0.001952;-0.007808;-77;56;-63;1
67809846;1.01016;0.002928;0.0;14;84;-105;1
67833015;1.012112;0.01464;0.002928;-98;63;-133;1
67848930;1.012112;0.017568;0.00976;-70;70;-91;1
67862158;1.013088;0.015616;0.013664;-168;56;-98;1
67873231;1.01016;0.012688;0.008784;-63;42;-77;1
67889514;1.016992;0.016592;-0.003904;-154;0;-70;1
67933067;1.0111359;-0.003904;-0.007808;-105;77;-49;1
67952075;1.016016;-0.00488;-0.001952;-98;91;-112;1
67969613;1.016016;0.001952;0.002928;-91;112;-126;1
67981992;1.0111359;0.00488;0.011712;-161;105;-161;1
68004253;1.01016;0.018544;0.016592;14;91;-133;1
68024913;1.0111359;0.020496;0.015616;-98;28;-133;1
68043165;1.0111359;0.012688;0.001952;-126;-7;-84;1
68082730;1.014064;-0.0@20000101_000005_192721_imu_lsm6dso32.csv@68094385;1.0150399;-0.001952;-0.00488;-105;70;-119;1
68108065;1.0111359;0.000976;-0.000976;-84;63;-133;1
68133058;1.016016;0.00976;0.00488;-35;77;-147;1
68144838;1.013088;0.01952;0.00976;-21;70;-154;1
68156108;1.0111359;0.023424;0.012688;-14;56;-133;1
68167211;1.0150399;0.021472;0.017568;-35;28;-105;1
68178741;1.013088;0.012688;0.013664;-112;-14;-91;1
68194353;1.01016;0.007808;0.007808;-91;-35;-84;1
68204950;1.012112;0.00488;-0.002928;-49;-49;-77;1
68216618;1.0150399;0.006832;-0.007808;-35;-35;-84;1
68227180;1.0150399;0.003904;-0.012688;-63;-21;-91;1
68243141;1.014064;0.006832;-0.018544;-28;35;-105;1
68254109;1.0111359;0.0@20000101_000005_192721_imu_bno055.csv@68257064;342.25;7581;-17369;0.959553;0.023453474;-0.2569685
68265518;1.014064;0.01464;-0.00488;-21;77;-119;1
68276492;1.0111359;0.016592;0.000976;-84;84;-119;1
68290841;1.014064;0.011712;0.008784;-112;63;-84;1
68302144;1.014064;0.008784;0.008784;-133;63;-84;1
68314106;1.016016;0.011712;0.010736;-126;63;-84;1
68332990;1.009184;0.011712;0.006832;-84;35;-84;1
68344382;1.012112;0.010736;0.005856;-140;14;-77;1
68366567;1.013088;0.002928;-0.005856;-112;7;-77;1
68377477;1.013088;0.008-17369;0.96363184;0.021414042;-0.24983048
68391800;1.013088;0.008784;-0.007808;-84;49;-112;1
68403749;1.012112;0.013664;0.0;-84;70;-105;1
68424604;1.014064;0.006832;0.006832;-133;84;-84;1
68436090;1.013088;0.005856;0.015616;-112;84;-84;1
68455680;1.009184;0.002928;0.015616;-63;21;-119;1
68468712;1.01016;0.005856;0.012688;-49;-14;-126;1
68503285;1.014064;0.015616;-0.010736;-70;21;-98;1
68516540;1.0150399;0.013664;-0.011712;-35;28;-91;1
68535396;1.0111359;0.007808;-0.00488;-154;42;-98;1
68546491;1.0111359;0.008784;0.002928;-161;49;-105;1
68557886;1.012112;0.006832;0.00488;-112;63;-84;1
68572940;1.013088;0.002928;0.011712;-63;70;-77;1
68588936;1.013088;0.00488;0.011712;-77;21;-112;1
68599946;1.012112;0.008784;0.006832;-70;0;-119;1
68612182;1.0111359;0.006832;0.0;-14;-7;-112;1
68633008;1.01016;0.006832;-0.002928;-91;7;-126;1
68653081;1.0150399;0.015616;-0.00488;14;35;-91;1
68666494;1.014064;0.01464;-0.002928;-105;28;-98;1
68677193;1.0150399;0.015616;-0.002928;-154;21;-91;1
68690632;1.0111359;0.010736;-0.001952;-161;42;-91;1
68703739;1.012112;0.01464;-0.007808;-91;42;-84;1
68716935;1.016016;0.013664;-0.003904;-119;91;-77;1
68732989;1.013088;0.00976;0.000976;-112;105;-56;1
68753099;1.0150399;0.001952;0.007808;-154;56;-70;1
68764624;1.012112;0.002928;0.003904;-182;49;-98;1
68775184;1.00528;0.003904;0.005856;-91;42;-91;1
68790135;1.0150399;0.008784;0.007808;-105;70;-91;1
68813012;1.013088;0.01@92721_imu_bno055.csv@68816602;342.25;7581;-17369;0.96363184;0.02753234;-0.23963332
68826269;1.013088;0.010736;-0.005856;-84;21;-84;1
68847269;1.008208;0.01464;-0.008784;-140;49;-98;1
68858669;1.014064;0.012688;0.001952;-119;91;-63;1
68873330;1.0111359;0.006832;0.005856;-168;84;-56;1
68884134;1.0111359;0.007808;0.008784;-175;77;-70;1
68898536;1.012112;0.005856;0.006832;-147;56;-70;1
68909295;1.01016;0.000976;0.00976;-91;56;-84;1
68927294;1.009184;0.003904;0.011712;-168;49;-98;1
68943071;1.01016;0.008784;0.011712;-133;21;-98;1
68976441;1.0150399;0.008784;-0.001952;-133;-7;-112;1
68988607;1.0111359;0.007808;-0.006832;-77;-21;-105;1
69002615;1.013088;-0.000976;-0.002928;-63;42;-112;1
69023026;1.0111359;0.005856;0.007808;-21;42;-119;1
69034179;1.013088;0.00976;0.006832;56;42;-105;1
69050558;1.0111359;0.011712;0.003904;-56;0;-126;1
69062595;1.013088;0.01464;0.007808;14;14;-105;1
69074481;1.014064;0.011712;0.007808;-42;7;-91;1
69100083;1.008208;0.010736;0.003904;-35;-14;-98;1
69123119;1.013088;0.003904;-0.010736;-49;-28;-105;1
69134881;1.0111359;0.002928;-0.01464;-84;-14;-112;1
69146169;1.013088;0.008784;-0.015616;-35;35;-112;1
69167931;1.012112;0.010736;-0.005856;-63;63;-126;1
69181574;1.0179679;0.011712;-0.005856;-28;70;-119;1
69192393;1.012112;0.016592;0.002928;-56;77;-112;1
69206324;1.0111359;0.012688;0.012688;-161;84;-105;1
69217011;1.012112;0.011712;0.023424;-112;91;-84;1
69229660;1.012112;0.00976;0.021472;-70;42;-84;1
69247023;1.013088;0.005856;0.007808;-112;-14;-98;1
69259974;1.014064;0.007808;0.0;-91;-28;-91;1
69272410;1.013088;0.007808;-0.006832;-91;-35;-91;1
69283002;1.0111359;0.003904;-0.013664;-91;0;-91;1
69295715;1.012112;0.007808;-0.017568;-28;35;-112;1
69314925;1.013088;0.013664;-0.01464;-98;112;-119;1
69333138;1.013088;0.018544;-0.000976;-119;140;-105;1
69348156;1.014064;0.016592;0.015616;-140;112;-98;1
69359310;1.009184;0.01464;0.015616;-168;91;-84;1
69393385;1.0111359;0.010736;0.012688;-119;35;-49;1
69413646;1.012112;0.002928;0.008784;-112;0;-84;1
69425458;1.0150399;0.000976;0.005856;-49;-21;-70;1
69443018;1.013088;0.002928;-0.008784;-154;-7;-119;1
69455644;1.012112;0.003904;-0.010736;-70;14;-105;1
69474590;1.014064;0.00976;-0.011712;-63;42;-112;1
69485120;1.016016;0.01@20000101_000005_192721_imu_lsm6dso32.csv@69503073;1.0111359;0.016592;0.007808;-98;84;-91;1
69514156;1.013088;0.012688;0.011712;-105;77;-84;1
69528454;1.012112;0.005856;0.016592;-105;28;-70;1
69540433;1.012112;0.005856;0.012688;-84;0;-91;1
69551580;1.014064;0.002928;0.010736;-35;-14;-98;1
69563749;1.014064;0.006832;0.001952;-56;-28;-105;1
69574669;1.012112;0.00488;-0.003904;-105;-35;-105;1
69589884;1.01016;0.000976;-0.017568;-84;0;-105;1
69613022;1.012112;0.003005_192721_accel_adxl375.csv@69614138;1.7639999;0.147;0.196;1
69623996;1.012112;0.006832;-0.00488;-56;91;-147;1
69641115;1.013088;0.011712;0.006832;-105;70;-126;1
69654818;1.013088;0.018544;0.012688;-147;70;-126;1
69666236;1.009184;0.013664;0.010736;-119;56;-112;1
69677081;1.012112;0.015616;0.012688;-21;49;-84;1
69688088;1.0179679;0.016592;0.008784;-91;28;-91;1
69703391;1.01016;0.008784;0.00488;-70;0;-77;1
69715092;1.014064;0.00488;-0.005856;-63;-7;-84;1
69733009;1.013088;0.005856;-0.00976;-119;35;-105;1
69745353;1.0111359;0.003904;-0.00488;-63;70;-112;1
69767337;1.013088;0.011712;-0.00488;-56;49;-126;1
69778165;1.016016;0.017568;-0.005856;-119;49;-133;1
69790855;1.013088;0.01952;-0.001952;14;91;-98;1
69813047;1.013088;0.017568;0.017568;-175;91;-98;1
69833712;1.012112;0.010736;0.01952;-133;14;-49;1
69871978;1.01016;0.005856;-0.007808;-140;-21;-70;1
69888666;1.012112;0.007808;-0.010736;-49;21;-70;1
69903763;1.016016;0.006832;-0.013664;-154;42;-91;1
69914810;1.013088;0.00488;-0.008784;-105;77;-91;1
69925781;1.0150399;0.008784;-0.006832;-56;105;-84;1
69938831;1.0111359;0.007808;0.003904;-112;105;-105;1
69953846;1.0111359;0.0@20000101_000005_192721_baro_bmp280.csv@69962783;-32.27273;37.8;101713.232;3.56443
69966952;1.014064;0.005856;0.00976;-77;77;-91;1
69980655;1.01016;0.001952;0.01464;-119;70;-98;1
69999863;1.014064;0.005856;0.011712;-49;21;-112;1
70022989;1.012112;0.008784;-0.000976;-42;0;-112;1
70034821;1.013088;0.005856;-0.011712;-84;35;-112;1
70053060;1.01016;0.010736;-0.011712;7;49;-112;1
70066452;1.013088;0.010736;-0.002928;-77;84;-112;1
70095252;1.012112;0.00976;0.011712;-154;70;-105;1
70107745;1.012112;0.015616;0.00488;-63;70;-91;1
70123080;1.0150399;0.016592;0.00488;-133;63;-98;1
70134495;1.01016;0.017568;0.000976;-231;63;-105;1
70147556;1.013088;0.006832;0.006832;-224;35;-77;1
70160259;1.013088;-0.002928;0.00976;-189;14;-84;1
70171002;1.013088;-0.00488;0.003904;-140;14;-91;1
70183984;1.0111359;-0.005856;-0.003904;-133;14;-119;1
70195092;1.012112;0.000976;-0.002928;-98;35;-133;1
70212580;1.0150399;0.011712;-0.000976;-98;70;-147;1
70222886;1.013088;0.015616;0.003904;-77;63;-140;1
70234446;1.012112;0.017568;0.003904;-21;49;-126;1
70245136;1.0111359;0.021472;0.002928;-21;42;-119;1
70260454;1.012112;0.013664;0.00976;7;63;-77;1
70271619;1.014064;0.012688;0.013664;-7;63;-70;1
70326270;1.0111359;0.005856;-0.006832;-21;-63;-77;1
70345312;1.01016;-0.001952;-0.01464;-77;-14;-84;1
70368559;1.013088;0.007808;-0.00488;-70;35;-133;1
70379955;1.016016;0.0165_192721_imu_bno055.csv@70385679;342.3125;7587;-17382;0.9605727;0.022433758;-0.25390936
70392273;1.016992;0.020496;-0.005856;-28;56;-91;1
70403183;1.0111359;0.015616;-0.001952;-140;42;-91;1
70415738;1.012112;0.013664;0.002928;-147;70;-91;1
70428489;1.0111359;0.012688;0.007808;-28;84;-63;1
70442724;1.012112;0.007808;0.013664;-119;21;-84;1
70466146;1.016016;0.002928;0.002928;-126;-14;-63;1
70477422;1.0111359;-0.003904;0.000976;-147;0;-77;1
70488412;1.009184;-0.005856;-0.002928;-56;7;-84;1
70498870;1.016016;-0.005856;-0.002928;-56;-7;-112;1
70511806;1.013088;0.001952;-0.016592;7;14;-161;1
70534746;1.0150399;0.017568;-0.016592;-56;77;-161;1
70554549;1.012112;0.022448;0.0;-70;126;-119;1
70566720;1.013088;0.021472;0.011712;-91;133;-105;1
70586843;1.01016;0.016592;0.016592;-168;63;-77;1
70597062;1.012112;0.00976;0.018544;-154;56;-70;1
70628187;1.013088;0.003904;0.008784;-168;7;-70;1
70647787;1.013088;-0.00488;-0.008789accel_adxl375.csv@70654188;1.7639999;0.147;0.147;1
70658006;1.014064;-0.00488;-0.015616;-147;14;-119;1
70671010;1.012112;-0.000976;-0.013664;-70;49;-140;1
70682946;1.0150399;0.003904;-0.013664;-63;63;-147;1
70699001;1.012112;0.018544;0.005856;-63;105;-154;1
70715897;1.0150399;0.0;@20000101_000005_192721_imu_bno055.csv@70717780;342.375;7593;-17382;0.96363184;0.03263092;-0.23351502
70749519;1.012112;0.021472;0.023424;-98;21;-84;1
70763532;1.0111359;0.016592;0.021472;-91;-7;-56;1
70775253;1.014064;0.001952;0.0;-98;-70;-35;1
70799198;1.014064;-0.00488;-0.01464;-49;-28;-77;1
70812704;1.012112;-0.006832;-0.013664;-21;-14;-105;1
70823015;1.013088;-0.002928;-0.012688;14;35;-119;1
70834818;1.013088;0.002928;-0.006832;35;49;-119;1
70854977;1.012112;0.010736;0.003904;-21;63;-126;1
70866964;1.01016;0.020496;0.008784;28;56;-119;1
70878589;1.01016;0.0294@20000101_000005_192721_baro_bmp280.csv@70885118;-32.09306;37.8;101711.07;3.7441024
70895314;1.0150399;0.028304;0.013664;-147;7;-91;1
70934717;1.016016;0.002928;-0.00976;-203;7;-49;1
70946399;1.013088;0.001952;-0.01464;-84;14;-49;1
70966183;1.016992;-0.010736;-0.00488;-126;49;-77;1
70977398;1.0111359;-0.00488;-0.003904;-140;77;-119;1
70989886;1.0179679;0.010736;-0.000976;-49;91;-133;1
71005110;1.013088;0.01464;0.00488;-56;91;-133;1
71026959;1.0111359;0.016592;0.006832;-56;42;-112;1
71043206;1.016016;0.01464;0.005856;-119;21;-84;1
71054158;1.01016;0.01464;0.003904;-154;21;-105;1
71073082;1.018944;0.008784;0.0;-98;28;-28;1
71096073;1.009184;-0.001952;-0.003904;-161;42;-70;1
71113003;1.013088;-0.000976;-0.001952;-105;49;-105;1
71128376;1.0111359;0.001952;-0.001952;-56;70;-119;1
71170639;1.014064;0.01464;0.005856;-91;70;-126;1
71207839;1.014064;0.007808;0.013664;-182;-7;-105;1
71219292;1.014064;0.00@20000101_000005_192721_accel_adxl375.csv@71223041;1.7639999;0.098;0.147;1
71232078;1.013088;0.002928;0.006832;-168;-7;-91;1
71242904;1.01016;0.007808;0.001952;-56;-14;-112;1
71261190;1.016992;0.007808;-0.00488;-56;-35;-84;1
71272408;1.012112;0.008784;-0.01464;-42;21;-98;1
71285146;1.012112;0.001952;-0.013664;-84;49;-91;1
71296945;1.0150399;0.000976;-0.001952;-56;84;-105;1
71311488;1.01016;0.002928;0.005856;-14;91;-126;1
71334635;1.009184;0.017568;0.007808;-56;28;-133;1
71354562;1.012112;0.01952;0.001952;-63;-7;-105;1
71365671;1.013088;0.011712;0.00488;-140;-7;-91;1
71385026;1.014064;0.008784;-0.001952;-28;-21;-77;1
71397280;1.012112;0.006832;-0.007808;-91;0;-77;1
71418394;1.014064;0.007808;-0.011712;-98;14;-98;1
71432390;1.012112;0.006832;-0.012688;-49;49;-77;1
71443213;1.0150399;0.007808;-0.012688;-98;70;-91;1
71453912;1.0150399;0.0@20000101_000005_192721_accel_adxl375.csv@71457909;1.7639999;0.147;0.147;1
71467618;1.013088;0.005856;0.006832;-28;98;-105;1
71478044;1.013088;0.010736;0.01464;-49;91;-105;1
71491572;1.0111359;0.011712;0.01464;-119;56;-126;1
71502760;1.012112;0.012688;0.012688;-175;42;-112;1
71513733;1.013088;0.00976;0.011712;-28;35;-77;1
71540988;1.0150399;0.006832;0.0;-56;7;-112;1
71564389;1.012112;0.011712;-0.007808;-126;14;-112;1
71575520;1.013088;0.010736;-0.00976;-105;35;-105;1
71626067;1.008208;0.000976;0.001952;-98;98;-126;1
71648001;1.014064;0.01464;0.01952;-84;49;-140;1
71658962;1.0111359;0.01464;0.015616;-91;42;-126;1
71678222;1.013088;0.00976;0.011712;-21;-7;-91;1
71689111;1.0150399;0.005856;0.006832;-98;-21;-119;1
71701446;1.014064;0.013664;-0.003904;-56;-21;-133;1
71722986;1.0150399;0.017568;-0.006832;-42;0;-112;1
71735334;1.0150399;0.013664;-0.005856;-49;28;-91;1
71748497;1.0111359;0.005856;-0.001952;-126;56;-84;1
71761723;1.0111359;0.001952;0.000976;-98;42;-84;1
71783095;1.0150399;0.00488;0.003904;-63;35;-133;1
71796123;1.013088;0.007808;0.003904;-98;35;-140;1
71810099;1.01016;0.012688;0.003904;-77;49;-112;1
71822289;1.012112;0.012688;0.00488;-84;35;-105;1
71838151;1.012112;0.006832;0.006832;-42;21;-98;1
71863122;1.009184;0.01952;-0.00488;-49;7;-140;1
71874952;1.013088;0.015616;-0.000976;-84;35;-119;1
71888898;1.0111359;0.008784;-0.003904;-49;56;-98;1
71905842;1.013088;0.010736;-0.00976;-35;42;-98;1
71933034;1.0111359;0.011712;-0.002928;-70;77;-112;1
71945456;1.0150399;0.008784;0.002928;-112;91;-112;1
71956068;1.0111359;0.007808;0.008784;-112;91;-112;1
71969132;1.012112;0.006832;0.005856;-56;77;-84;1
71980041;1.013088;0.00488;0.005856;-56;63;-70;1
71991359;1.0150399;0.00488;0.005856;-105;56;-84;1
72003371;1.012112;0.005856;0.003904;-98;35;-133;1
72014152;1.012112;0.013664;0.001952;-35;49;-133;1
72034519;1.012112;0.023424;0.00488;-126;56;-112;1
72078300;1.013088;0.000976;-0.000976;-161;14;-84;1
72092050;1.009184;0.007808;-0.00976;-77;42;-91;1
72115626;1.01016;0.00488;0.01464;-140;77;-98;1
72126209;1.0111359;0.005856;0.016592;-91;42;-91;1
72138342;1.0150399;-0.001952;0.020496;-42;7;-98;1
72152985;1.014064;0.00x050;1.813;0.098;0.196;1
72163953;1.012112;0.017568;0.0;-91;-7;-147;1
72177678;1.01016;0.027328;-0.006832;-56;42;-91;1
72188060;1.009184;0.020496;-0.003904;-70;35;-63;1
72202759;1.014064;0.013664;0.003904;-105;21;-63;1
72214065;1.016016;0.008784;0.000976;-98;14;-63;1
72225542;1.012112;0.000976;-0.000976;-140;21;-70;1
72236626;1.0150399;-0.001952;-0.00488;-175;42;-84;1
72246966;1.01016;-0.002928;-0.000976;-105;70;-91;1
72271489;1.012112;0.008784;0.00976;7;77;-119;1
72287833;1.013088;0.010736;0.0244;-84;0;-126;1
72299108;1.013088;0.002928;0.022448;-84;-49;-112;1
72310072;1.0111359;0.007808;0.017568;-77;-84;-119;1
72320873;1.01016;0.012@20000101_000005_192721_accel_adxl375.csv@72327119;1.7639999;0.147;0.147;1
72332146;1.014064;0.028304;-0.008784;28;-63;-105;1
72349111;1.016992;0.036112;-0.00976;-56;0;-42;1
72361669;1.013088;0.018544;-0.00976;-203;-21;-14;1
72372236;1.013088;0.005856;-0.013664;-287;-35;-21;1
72389459;1.01016;-0.006832;-0.020496;-182;35;-35;1
72408157;1.01016;-0.008784;0.002928;-147;175;-77;1
72434532;1.009184;-0.001952;0.02928;-161;70;-133;1
72453659;1.0111359;0.007808;0.006832;42;-49;-133;1
72464058;1.012112;0.015616;0.002928;49;-14;-147;1
72475458;1.013088;0.01952;0.0;-42;21;-147;1
72513269;1.012112;0.017568;-0.016592;-168;0;-91;1
72532331;1.013088;0.013664;-0.01464;-105;98;-63;1
72553294;1.013088;0.0;0.000976;-154;105;-63;1
72564138;1.009184;-0.001952;0.006832;-105;105;-77;1
72575228;1.013088;-0.006832;0.00976;-70;84;-91;1
72591991;1.009184;-0.002928;0.00976;-63;63;-147;1
72603206;1.012112;0.008784;0.00976;-56;56;-154;1
72614312;1.012112;0.010736;0.002928;-42;28;-161;1
72637575;1.012112;0.017568;-0.000976;-14;14;-126;1
72653047;1.0111359;0.020496;-0.00488;-70;49;-112;1
72665049;1.008208;0.022448;-0.00488;-98;49;-84;1
72676171;1.016016;0.017568;-0.005856;-161;56;-70;1
72687134;1.014064;0.01@20000101_000005_192721_accel_adxl375.csv@72692974;1.7639999;0.147;0.147;1
72698148;1.009184;0.00488;-0.002928;-154;84;-56;1
72708971;1.014064;-0.002928;0.006832;-154;84;-70;1
72721978;1.01016;0.0;0.007808;-56;70;-105;1
72733079;1.013088;-0.002928;0.012688;-77;42;-119;1
72744660;1.01016;0.002928;0.00976;-56;42;-140;1
72758160;1.009184;0.007808;0.006832;-56;35;-140;1
72773585;1.014064;0.015616;0.00976;-42;14;-140;1
72784246;1.0111359;0.01952;0.00488;14;0;-133;1
72797912;1.014064;0.021472;0.001952;-77;-21;-119;1
72814711;1.0111359;0.018544;-0.006832;-42;7;-84;1
72826869;1.014064;0.021472;-0.006832;-28;21;-63;1
72843616;1.012112;0.013664;-0.001952;-154;56;-70;1
72854725;1.0111359;0.005856;0.000976;-98;49;-56;1
72866737;1.0111359;0.003904;0.000976;-161;35;-63;1
72877921;1.012112;-0.001952;0.005856;-91;35;-77;1
72894060;1.012112;-0.000976;0.005856;-63;49;-84;1
72906096;1.007232;0.003904;0.011712;-28;28;-119;1
72939229;1.0111359;0.012688;0.000976;-56;-35;-119;1
72965661;1.0150399;0.021472;-0.00976;-98;7;-77;1
72977335;1.014064;0.016592;-0.010736;-98;35;-49;1
72992144;1.014064;0.00976;-0.008784;-126;42;-42;1
73003502;1.013088;0.00488;-0.008784;-133;56;-49;1
73014186;1.0111359;0.000976;-0.005856;-119;70;-56;1
73035009;1.0111359;0.003904;0.001952;-112;91;-84;1
73046379;1.012112;0.001952;0.00488;-98;84;-84;1
73058693;1.0150399;-0.000976;0.01464;-140;70;-112;1
73069947;1.012112;0.002928;0.011712;-14;42;-112;1
73082232;1.0111359;0.01011216879;-0.232495316
73095787;1.012112;0.011712;0.010736;-63;7;-133;1
73130172;1.01016;0.01464;-0.00488;-98;-7;-98;1
73143960;1.013088;0.005856;-0.007808;-133;-14;-98;1
73168922;1.013088;0.013664;-0.015616;-77;56;-91;1
73180505;1.0179679;0.010736;-0.017568;-98;84;-91;1
73193877;1.013088;0.007808;-0.006832;-161;112;-91;1
73205017;1.0111359;0.002928;0.001952;-119;112;-91;1
73217907;1.008208;-0.002928;0.003904;-42;119;-91;1
73233627;1.0150399;0.001952;0.01952;-140;112;-126;1
73243912;1.016992;0.010736;0.027328;-49;91;-126;1
73259569;1.0111359;0.01464;0.0244;-63;-28;-126;1
73270219;1.01016;0.018544;0.008784;0;-70;-98;1
73283468;1.016992;0.013664;0.0;-77;-70;-98;1
73295971;1.01016;0.010736;-0.006832;-140;-35;-98;1
73309189;1.014064;0.008784;-0.016592;-56;-28;-91;1
73333020;1.012112;0.00976;-0.023424;-98;35;-84;1
73363458;1.012112;0.000976;-0.007808;-105;175;-91;1
73384164;1.007232;0.00976;0.021472;-35;133;-126;1
73406142;1.0150399;0.020496;0.023424;-133;21;-105;1
73417337;1.013088;0.017568;0.021472;-203;28;-84;1
73433592;1.014064;0.002928;0.011712;-63;-28;-42;1
73444830;1.016016;0.0;-0.003904;-70;-56;-63;1
73468050;1.016016;0.01464;-0.026352;-56;-21;-98;1
73479556;1.018944;0.00;0101_000005_192721_imu_bno055.csv@73485585;342.3125;7581;-17438;0.959553;0.02753234;-0.26512624
73492671;1.013088;0.0;-0.00976;-140;91;-84;1
73502903;1.008208;-0.001952;-0.000976;-140;133;-105;1
73513989;1.009184;0.00488;0.00488;35;126;-112;1
73525426;1.013088;0.012688;0.012688;0;119;-119;1
73544755;1.01016;0.018544;0.025376;-119;112;-126;1
73563166;1.0111359;0.01464;0.032208;-42;56;-70;1
73576610;1.013088;0.003904;0.01464;-112;-49;-98;1
73591748;1.012112;0.005856;0.002928;-98;-63;-91;1
73614674;1.015-;-126;1
73626124;1.013088;0.012688;-0.01952;-49;14;-126;1
73637376;1.0150399;0.012688;-0.020496;-42;28;-112;1
73655313;1.012112;0.011712;-0.016592;-126;98;-105;1
73668472;1.013088;0.011712;-0.007808;-28;133;-98;1
73681077;1.013088;0.007808;0.012688;-42;119;-91;1
73698149;1.012112;0.013664;0.035136;-140;91;-112;1
73712240;1.013088;0.006832;0.038064;-119;28;-91;1
73724566;1.014064;0.007808;0.035136;-84;-14;-70;1
73762288;1.012112;0.008784;-0.015616;28;-112;-126;1
73776722;1.013088;0.01952;-0.038064;28;-35;-140;1
73826164;1.013088;0.016592;-0.003904;-112;161;-84;1
73839662;1.01016;0.0244;0.021472;-175;133;-63;1
73849930;1.012112;0.011712;0.03416;-147;91;-49;1
73863385;1.0111359;0.005856;0.032208;-126;35;-28;1
73874146;1.016016;-0.000976;0.02928;-154;-21;-42;1
73901817;1.013088;-0.001952;-0.01464;-49;-56;-84;1
73916396;1.01016;-0.002928;-0.0244;-56;-35;-112;1
73934983;1.0150399;0.007808;-0.02928;-56;35;-140;1
73946212;1.0150399;0.017568;-0.031232;-63;98;-126;1
73957618;1.01016;0.018544;-0.018544;-77;161;-105;1
73968903;1.013088;0.017568;-0.002928;-84;196;-91;1
73979980;1.013088;0.012688;0.023424;-98;154;-84;1
73995952;1.012112;0.013664;0.026352;-105;105;-84;1
74018144;1.01016;0.011712;0.025376;-126;42;-63;1
74033046;1.009184;-0.00488;0.015616;-133;-14;-49;1
74045030;1.012112;-0.011712;0.000976;-42;-42;-77;1
74056205;1.016016;-0.010736;-0.008784;-56;-56;-119;1
74068005;1.01016;-0.001952;-0.022448;-63;-35;-154;1
74079264;1.008208;0.003904;-0.021472;-42;7;-161;1
74093990;1.012112;0.01464;-0.017568;-70;98;-140;1
74108382;1.012112;0.013664;-0.008784;-119;140;-147;1
74119020;1.0150399;0.0
74143005;1.009184;0.017568;0.01952;-105;70;-105;1
74165098;1.01016;0.007808;0.022448;-105;35;-84;1
74176426;1.0111359;0.005856;0.025376;-98;-14;-91;1
74187616;1.009184;0.00@20000101_000005_192721_imu_bno055.csv@74195488;342.1875;7587;-17457;0.96771068;0.022433758;-0.226377008
74226723;1.016992;0.001952;-0.021472;0;-28;-126;1
74245842;1.012112;0.00976;-0.018544;-42;42;-161;1
74259784;1.012112;0.01952;-0.010736;49;84;-147;1
74271215;1.0179679;0.022448;-0.00976;-70;77;-126;1
74288794;1.009184;0.025376;0.003904;-84;119;-91;1
74300892;1.012112;0.015616;0.012688;-91;119;-63;1
74312351;1.0150399;0.01464;0.022448;-49;98;-63;1
74333015;1.01016;0.008784;0.025376;-189;-7;-63;1
74345826;1.012112;0.0;0.008784;-91;-56;-35;1
74356138;1.0111359;-0.001952;0.003904;-175;-49;-70;1
74367159;1.012112;0.002928;-0.002928;-119;-42;-98;1
74378027;1.012112;0.006832;-0.005856;-14;-42;-98;1
74391404;1.0150399;0.006832;-0.015616;-63;-63;-105;1
74405279;1.016016;0.011712;-0.027328;-77;-42;-112;1
74416329;1.013088;0.010736;-0.030256;-91;63;-98;1
74428089;1.014064;0.012688;-0.021472;-84;140;-91;1
74442500;1.01016;0.017568;-0.001952;-49;189;-91;1
74453762;1.009184;0.01@20000101_000005_192721_imu_bno055.csv@74457116;342.1875;7581;-17463;0.9585333;0.03263092;-0.24575162
74464897;1.009184;0.01464;0.016592;-175;140;-70;1
74476545;1.013088;0.006832;0.02928;-189;84;-63;1
74487302;1.01016;-0.00@20000101_000005_192721_accel_adxl375.csv@74495040;1.7639999;0.098;0.196;1
74498137;1.008208;-0.000976;0.0244;-49;0;-56;1
74512743;1.012112;-0.005856;0.016592;-84;-56;-77;1
74534677;1.012112;-0.003904;-0.008784;-63;-77;-105;1
74546427;1.016016;-0.002928;-0.021472;-70;-42;-126;1
74559628;1.01016;0.011712;-0.023424;-49;35;-168;1
74569934;1.013088;0.017568;-0.021472;-56;63;-147;1
74587219;1.012112;0.01952;-0.016592;-49;91;-119;1
74597999;1.014064;0.01952;-0.003904;-70;126;-105;1
74617303;1.014064;0.012688;0.016592;-98;119;-98;1
74635287;1.0111359;0.01464;0.020496;-147;70;-91;1
74665880;1.012112;0.005856;0.023424;-63;35;-70;1
74698279;1.014064;0.008784;-0.013664;-28;-56;-168;1
74712295;1.012112;0.013664;-0.026352;-21;14;-140;1
74724584;1.016016;0.018544;-0.020496;-49;56;-140;1
74736281;1.012112;0.01952;-0.016592;-84;91;-126;1
74756632;1.0150399;0.027328;-0.002928;-84;119;-105;1
74767768;1.014064;0.026352;0.010736;-77;133;-63;1
74781339;1.008208;0.013664;0.025376;-203;84;-56;1
74796423;1.012112;0.00488;0.022448;-154;56;-42;1
74828025;1.012112;-0.001952;0.007808;-77;-49;-77;1
74848847;1.0150395.csv@74851577;1.7149999;0.147;0.196;1
74860177;1.012112;0.003904;-0.017568;-14;-21;-112;1
74872751;1.014064;0.013664;-0.01952;-56;56;-133;1
74882913;1.01016;0.016592;-0.013664;-98;98;-133;1
74902252;1.012112;0.01952;-0.002928;-70;126;-112;1
74913492;1.014064;0.01952;0.015616;-42;98;-70;1
74926274;1.013088;0.016592;0.016592;-119;98;-77;1
74936977;1.0150399;0.017568;0.020496;-175;77;-63;1
74951197;1.01016;0.008784;0.017568;-140;49;-42;1
74963040;1.012112;0.000976;0.020496;-112;21;-35;1
74973961;1.014064;-0.005856;0.002928;-147;-49;-84;1
75003898;1.014064;0.0;-0.018544;-21;-28;-112;1
75014963;1.0111359;0.000976;-0.01464;-70;63;-133;2
75033016;1.0111359;0.00488;-0.012688;-91;77;-154;1
75044982;1.016016;0.018544;-0.001952;-14;70;-147;1
75056192;1.012112;0.0244;0.001952;-42;84;-133;1
75067093;1.0111359;0.021472;0.005856;-126;84;-119;1
75078094;1.0111359;0.01952;0.011712;-84;84;-84;1
75122580;1.01016;0.003904;0.00976;-154;-14;-84;1
75143124;1.01016;-0.001952;-0.00488;-42;-14;-91;1
75158903;1.013088;0.0;-0.00976;-98;7;-133;1
75170495;1.01016;0.000976;-0.008784;-42;28;-147;1
75181238;1.013088;0.00488;-0.007808;56;35;-147;1
75194964;1.016016;0.010736;-0.007808;21;49;-154;1
75205973;1.01016;0.017568;-0.003904;-63;84;-161;1
75218452;1.0150399;0.030256;0.006832;-154;84;-126;1
75229081;1.0111359;0.02928;0.010736;-63;84;-91;1
75240695;1.0111359;0.025376;0.012688;-49;56;-56;1
75266043;1.01016;0.011712;0.010736;-224;21;-42;1
75277296;1.007232;0.006832;0.008784;-112;14;-21;1
75300063;1.012112;-0.008784;-0.006832;-182;7;-77;1
75312260;1.013088;-0.007808;-0.010736;-133;14;-98;1
75325002;1.012112;-0.005856;-0.011712;-21;42;-105;1
75336221;1.0111359;-0.001952;-0.00488;-14;77;-119;1
75351347;1.01016;0.012688;0.0;-28;70;-168;1
75366237;1.013088;0.026352;0.001952;0;63;-147;1
75387787;1.0150399;0.028304;0.00488;-35;77;-84;1
75397863;1.013088;0.028304;0.005856;-161;70;-63;1
75418471;1.012112;0.013664;0.00976;-147;42;-21;1
75441621;1.012112;-0.011712;-0.001952;-182;35;-42;1
75454984;1.009184;-0.013664;-0.001952;-154;42;-63;1
75467312;1.0111359;-0.016592;-0.000976;-147;28;-91;1
75480684;1.0111359;-0.00488;-0.002928;-14;42;-161;1
75491672;1.0150399;0.007808;-0.001952;-28;42;-189;1
75528150;1.016016;0.01952;0.010736;-56;63;-147;1
75541662;1.0111359;0.026352;0.003904;-28;21;-112;1
75570107;1.012112;0.020496;0.0;-133;28;-77;1
75580966;1.012112;0.012688;0.000976;-161;35;-63;1
75595822;1.012112;-0.003904;0.002928;-98;28;-56;1
75613001;1.014064;-0.002928;-0.006832;-161;14;-105;1
75636021;1.012112;-0.001952;-0.002928;-14;56;-126;1
75647123;1.014064;0.000976;0.001952;-91;56;-161;1
75659569;1.013088;0.006832;0.001952;-42;70;-182;1
75672282;1.012112;0.01464;0.00488;14;56;-161;1
75698253;1.012112;0.030256;0.002928;-175;35;-126;1
75712219;1.0111359;0.026352;0.003904;-112;28;-91;1
75733035;1.014064;0.013664;-0.001952;-119;7;-49;1
75744184;1.01016;0.008784;-0.006832;-175;21;-63;1
75763066;1.01016;-0.000976;-0.00488;-91;49;-35;1
75776053;1.0111359;-0.003904;0.002928;-140;56;-98;1
75787252;1.008208;0.00@20000101_000005_192721_imu_bno055.csv@75795459;342.25;7575;-17463;0.9605727;0.010197163;-0.2447319
75802542;1.014064;0.003904;0.002928;-14;49;-119;1
75815421;1.014064;0.016592;0.008784;-105;49;-140;1
75826518;1.013088;0.017568;0.00488;-63;35;-112;1
75837412;1.012112;0.017568;0.00488;-21;21;-91;1
75848484;1.008208;0.022448;-0.000976;-56;14;-98;1
75859270;1.01016;0.021472;-0.000976;-112;21;-91;1
75870604;1.014064;0.020496;-0.001952;-119;42;-70;1
75881044;1.012112;0.010736;0.0;-119;49;-35;1
75894979;1.01016;0.007808;0.000976;-154;49;-42;1
75906100;1.008208;0.003904;-0.002928;-161;42;-63;1
75945873;1.014064;-0.003904;0.006832;-147;70;-112;1
75962422;1.014064;0.006832;0.006832;-49;35;-126;1
75979458;1.013088;0.013664;0.000976;-14;28;-133;1
76001696;1.014064;0.015616;0.005856;-70;35;-112;1
76013295;1.0111359;0.015616;0.002928;-49;14;-98;1
76028576;1.0111359;0.011712;-0.007808;-98;7;-105;1
76039265;1.012112;0.010736;-0.008784;-63;28;-98;1
76052178;1.012112;0.00@20000101_000005_192721_laser_agl.csv@76057337;0.022;1
76063207;1.012112;0.003904;0.000976;-91;84;-91;1
76074692;1.013088;0.0;0.008784;-126;77;-105;1
76086108;1.014064;0.005@20000101_000005_192721_accel_adxl375.csv@76088213;1.7149999;0.1@20000101_000005_192721_imu_bno055.csv@76095574;342.25;7575;-17469;0.961592464;0.015295744;-0.24167276
76100016;1.014064;0.007808;0.006832;-84;28;-140;1
76111030;1.014064;0.015616;0.010736;-84;49;-140;1
76137691;1.014064;0.013664;0.01464;-91;7;-105;1
76150816;1.013088;0.01314999;0.147;0.196;1
76163208;1.016992;0.01464;-0.00976;-84;-42;-105;1
76174690;1.014064;0.012688;-0.015616;-77;-21;-91;1
76201922;1.012112;0.002928;-0.00976;-98;77;-84;1
76213188;1.012112;0.005856;-0.005856;-91;91;-91;1
76224634;1.013088;0.007808;0.003904;-84;98;-105;1
76235156;1.0150399;0.012688;0.008784;-105;98;-112;1
76248033;1.0111359;0.013664;0.00976;-140;84;-105;1
76258992;1.008208;0.012688;0.01464;-126;63;-91;1
76270968;1.014064;0.00976;0.015616;-49;49;-70;1
76287126;1.0111359;0.012688;0.00976;-84;14;-98;1
76298985;1.0111359;0.010736;0.00976;-70;0;-105;1
76310718;1.0111359;0.012688;0.002928;-84;-7;-91;1
76338613;1.016016;0.008784;-0.010736;-84;21;-70;1
76355804;1.0111359;0.005856;-0.005856;-126;63;-84;1
76377347;1.01016;0.00488;-0.00488;-63;63;-84;1
76388254;1.013088;0.008784;-0.000976;-133;70;-91;1
76400284;1.01016;0.008784;0.0;-161;91;-112;1
76411152;1.012112;0.006832;0.007808;-98;98;-105;1
76432979;1.0111359;0.008784;0.01464;-28;63;-98;1
76448043;1.0111359;0.006832;0.006832;-56;7;-119;1
76459758;1.012112;0.00976;0.000976;-42;0;-105;1
76476088;1.01016;0.00976;0.0;-63;21;-112;1
76504277;1.0150399;0.00976;-0.002928;-147;28;-105;1
76527476;1.012112;0.006832;-0.007808;-105;63;-119;1
76543077;1.012112;0.008784;0.0;-105;84;-126;1
76554135;1.012112;0.00@20000101_000005_192721_accel_adxl375.csv@76556336;1.7639999;0.147;0.196;1
76565212;1.014064;0.011712;0.00976;-98;70;-112;1
76580444;1.014064;0.00976;0.013664;-77;42;-105;1
76591020;1.0111359;0.006832;0.00976;-49;21;-119;1
76605127;1.013088;0.013664;0.006832;-63;7;-119;1
76623011;1.013088;0.017568;-0.000976;-70;14;-112;1
76636828;1.013088;0.012688;-0.002928;-91;7;-98;1
76662146;1.014064;0.005856;-0.007808;-91;42;-98;1
76674051;1.014064;0.010736;-0.00488;-56;56;-105;1
76685101;1.012112;0.011712;-0.001952;-98;63;-98;1
76697752;1.012112;0.00976;0.003904;-91;84;-91;1
76708366;1.009184;0.010736;0.006832;-112;70;-91;1
76731494;1.0111359;0.012688;0.01464;-70;56;-91;1
76744757;1.01016;0.010736;0.01464;-84;28;-91;1
76797113;1.013088;0.00976;-0.00488;-63;14;-91;1
76813015;1.012112;0.006832;-0.006832;-119;42;-98;1
76826125;1.013088;0.007808;-0.00488;-112;56;-84;1
76841064;1.012112;0.011712;0.0;-84;70;-91;1
76852013;1.0150399;0.008784;0.001952;-112;77;-91;1
76863021;1.013088;0.00976;0.00488;-91;70;-91;1
76874396;1.008208;0.00976;0.00976;-84;63;-77;1
76898479;1.0111359;0.007808;0.006832;-98;28;-98;1
76913676;1.01016;0.006832;0.005856;-70;14;-105;1
76924431;1.014064;0.006832;0.003904;-63;14;-105;1
76936233;1.0111359;0.008784;0.0;-70;0;-112;1
76947675;1.013088;0.00976;-0.005856;-63;7;-112;1
76961390;1.014064;0.008784;-0.008784;-77;14;-119;1
76972680;1.012112;0.012688;-0.00976;-49;49;-119;1
76986183;1.014064;0.012688;-0.006832;-84;63;-119;1
76998579;1.009184;0.010736;0.0;-84;70;-112;1
77012235;1.016016;0.010736;0.007808;-84;70;-105;1
77024531;1.0111359;0.010736;0.007808;-77;70;-105;1
77044587;1.008208;0.007808;0.010736;-84;49;-105;1
77059003;1.009184;0.007808;0.010736;-91;28;-112;1
77070034;1.013088;0.012688;0.005856;-77;14;-112;1
77083028;1.012112;0.012688;0.003904;-91;14;-112;1
77094689;1.012112;0.01464;-0.00488;-84;7;-105;1
77108251;1.01016;0.011712;-0.003904;-91;21;-112;1
77121576;1.013088;0.010736;-0.005856;-63;28;-105;1
77142996;1.014064;0.011712;-0.002928;-84;49;-105;1
77155063;1.013088;0.01464;-0.001952;-84;63;-98;1
77166153;1.013088;0.010736;0.001952;-105;77;-98;1
77203566;1.012112;0.010736;0.012688;-105;49;-91;1
77214638;1.01016;0.008784;0.007808;-119;35;-91;1
77232287;1.0111359;0.00976;0.001952;-77;14;-84;1
77242898;1.014064;0.008784;0.001952;-91;7;-84;1
77254701;1.014064;0.005856;0.0;-98;7;-84;1
77265392;1.013088;0.006832;0.002928;-119;14;-84;1
77276026;1.012112;0.008784;-0.005856;-70;14;-84;1
77287376;1.012112;0.00;1;-91;1
77302416;1.014064;0.00976;-0.007808;-98;49;-91;1
77322563;1.0150399;0.00976;-0.001952;-84;56;-91;1
77336910;1.009184;0.008784;0.003904;-70;63;-98;1
77354161;1.014064;0.00976;0.007808;-84;49;-98;1
77365187;1.012112;0.013664;0.006832;-119;49;-98;1
77378178;1.012112;0.005856;0.010736;-98;28;-91;1
77390402;1.0111359;0.005856;0.00488;-98;14;-98;1
77402332;1.0111359;0.001952;0.003904;-56;0;-98;1
77417640;1.0150399;0.007808;-0.000976;-70;-7;-105;1
77434906;1.012112;0.00488;-0.007808;-49;21;-105;1
77458783;1.01016;0.01464;-0.007808;-70;56;-126;1
77469115;1.0111359;0.01464;-0.003904;-70;49;-112;1
77490747;1.013088;0.012688;0.00488;-84;77;-105;1
77513183;1.01016;0.0100@77516132;0.02;1
77524006;1.012112;0.008784;0.00976;-70;56;-98;1
77543070;1.014064;0.005856;0.007808;-98;14;-98;1
77565070;1.012112;0.008784;0.001952;-77;14;-112;1
77583006;1.014064;0.00976;-0.00488;-56;14;-119;1
77613261;1.016992;0.012688;-0.00488;-28;21;-105;1
77629737;1.0111359;0.01464;-0.00488;-98;70;-112;1
77643025;1.012112;0.010736;0.001952;-84;77;-91;1
77654828;1.013088;0.01464;0.008784;-126;63;-84;1
77666760;1.013088;0.013664;0.010736;-119;56;-84;1
77677050;1.012112;0.00976;0.008784;-105;49;-70;1
77700202;1.013088;0.00488;0.010736;-91;21;-84;1
77711033;1.012112;0.006832;0.007808;-98;7;-91;1
77721963;1.012112;0.00488;0.002928;-91;-7;-91;1
77739340;1.012112;0.005856;-0.00488;-56;7;-91;1
77763645;1.01016;0.011712;-0.006832;-42;42;-112;1
77773945;1.014064;0.013664;-0.005856;-70;42;-105;1
77804101;1.009184;0.011712;0.006832;-98;77;-91;1
77818282;1.013088;0.00976;0.007808;-10-@20000101_000005_192721_accel_adxl375.csv@77819895;1.7639999;0.147;0.1@20000101_000005_192721_laser_agl.csv@77824949;0.021;1
77830574;1.014064;0.012688;0.008784;-91;49;-91;1
77853063;1.013088;0.008784;0.00976;-98;21;-84;1
77865379;1.012112;0.000976;0.000976;-91;14;-91;1
77876900;1.013088;0.000976;0.0;-56;14;-98;1
77891678;1.0111359;0.002928;-0.002928;-63;7;-112;1
77908953;1.01016;0.00488;-0.005856;-63;28;-126;1
77927637;1.012112;0.008784;-0.002928;-63;56;-126;1
77941939;1.0150399;0.010736;0.0;-49;63;-126;1
77953111;1.014064;0.01sv@77954766;1.7639999;0.098;0.147;1
77968059;1.009184;0.01952;0.002928;-56;56;-112;1
77983097;1.014064;0.01;15;1
77995422;1.0111359;0.011712;0.005856;-98;56;-98;1
78006652;1.012112;0.00976;0.003904;-105;42;-98;1
78017136;1.0111359;0.00976;0.005856;-91;28;-91;1
78051139;1.013088;0.005856;0.000976;-77;35;-98;1
78068896;1.013088;0.00976;0.000976;-70;35;-119;1
78085630;1.012112;0.01464;-0.001952;-77;42;-119;1
78096110;1.0111359;0.016592;0.000976;-63;35;-112;1
78108492;1.012112;0.013664;0.001952;-77;49;-98;1
78122175;1.009184;0.01464;0.00488;-98;49;-98;1
78133057;1.009184;0.011712;0.003904;-91;42;-98;1
78153030;1.012112;0.012688;0.001952;-77;42;-77;1
78164099;1.01016;0.00976;0.001952;-105;35;-70;1
78175208;1.014064;0.007808;0.003904;-133;35;-70;1
78198888;1.012112;0.001952;0.001952;-70;21;-91;1
78213720;1.0111359;0.001952;0.000976;-70;28;-98;1
78223907;1.0111359;0.006832;0.001952;-77;28;-98;1
78235570;1.0111359;0.008784;0.0;-70;28;-105;1
78246113;1.009184;0.007808;-0.000976;-77;42;-105;1
78257521;1.013088;0.007808;0.001952;-70;42;-105;1
78269132;1.014064;0.007808;0.002928;-56;35;-105;1
78284487;1.013088;0.016592;0.001952;-77;28;-112;1
78294980;1.013088;0.01464;0.0;-98;35;-98;1
78306243;1.012112;0.012688;0.001952;-98;42;-91;1
78317181;1.013088;0.012688;0.002928;-91;42;-84;1
78332467;1.012112;0.007808;0.001952;-112;28;-91;1
78343496;1.012112;0.003904;0.0;-105;28;-91;1
78374658;1.0111359;0.005856;0.0;-84;42;-112;1
78389703;1.014064;0.007808;0.0;-70;49;-119;1
78410373;1.014064;0.00976;0.001952;-63;56;-126;1
78420930;1.013088;0.00@20000101_000005_192721_baro_icp10111.csv@78427877;-22.665426;37.03926;101597.51;2.0153942
78436233;1.013088;0.013664;0.005856;-63;42;-126;1
78449179;1.014064;0.016592;0.005856;-49;35;-119;1
78483135;1.014064;0.012688;0.0;-84;28;-91;1
78510177;1.014064;0.010736;-0.00488;-98;35;-91;1
78522940;1.014064;0.011712;-0.00488;-105;35;-91;1
78543070;1.013088;0.005856;0.000976;-70;56;-91;1
78554809;1.013088;0.008784;0.00488;-84;56;-105;1
78566543;1.013088;0.011712;0.006832;-70;49;-119;1
78578071;1.014064;0.011712;0.003904;-70;42;-112;1
78589232;1.012112;0.017568;0.003904;-70;42;-105;1
78602935;1.013088;0.013664;0.00488;-84;35;-98;1
78613942;1.013088;0.013664;0.005856;-91;21;-91;1
78625113;1.01016;0.012688;0.006832;-77;14;-77;1
78637229;1.013088;0.00976;0.003904;-98;21;-84;1
78648612;1.012112;0.012688;-0.002928;-84;21;-84;1
78665280;1.012112;0.013664;-0.000976;-112;21;-77;1
78678488;1.013088;0.008784;-0.000976;-98;35;-77;1
78693917;1.014064;0.006832;0.000976;-91;35;-77;1
78705092;1.014064;0.005856;-0.000976;-119;35;-84;1
78717350;1.013088;0.00488;0.001952;-63;49;-84;1
78753089;1.009184;0.0001_000005_192721_accel_adxl375.csv@78754182;1.7639999;0.098;0.196;1
78764873;1.0150399;0.011712;0.003904;-63;21;-119;1
78776110;1.013088;0.010736;0.00488;-49;21;-105;1
78791051;1.012112;0.013664;-0.000976;-91;14;-105;1
78813001;1.0150399;0.008784;-0.00488;-63;21;-91;1
78824842;1.013088;0.00976;-0.002928;-70;28;-84;1
78842994;1.0150399;0.001952;0.001952;-126;49;-98;1
78865039;1.012112;0.002928;0.001952;-70;56;-112;1
78878034;1.012112;0.010736;0.001952;-49;42;-105;1
78891015;1.012112;0.008784;0.003904;-70;56;-112;1
78913024;1.012112;0.00976;0.006832;-91;35;-112;1
78961381;1.009184;0.00976;0.000976;-49;7;-105;1
78975948;1.014064;0.013664;-0.000976;-49;7;-105;1
78986983;1.012112;0.01@20000101_000005_192721_accel_adxl375.csv@78989106;1.7639999;0.147;0.147;1
78999831;1.012112;0.010736;-0.008784;-98;21;-105;1
79011224;1.0111359;0.015616;-0.005856;-84;56;-91;1
79022043;1.018544;-0.005856;-70;77;-77;1
79043007;1.014064;0.00976;0.003904;-154;84;-84;1
79056522;1.007232;0.007808;0.008784;-119;70;-84;1
79069322;1.014064;0.005856;0.00976;-77;63;-77;1
79080115;1.012112;0.002928;0.007808;-77;56;-84;1
79091063;1.012112;0.006832;0.008784;-91;42;-98;1
79101991;1.012112;0.00976;0.00488;-49;21;-105;1
79115635;1.0111359;0.013664;0.007808;-35;14;-105;1
79133015;1.014064;0.013664;0.0;-112;0;-105;1
79144144;1.0111359;0.015616;-0.006832;-77;14;-84;1
79155656;1.0150399;0.010736;-0.00488;-56;14;-77;1
79169657;1.013088;0.00976;-0.007808;-105;28;-77;1
79180183;1.01016;0.00976;-0.005856;-105;42;-84;1
79193778;1.014064;0.00976;-0.002928;-98;63;-84;1
79205112;1.012112;0.006832;0.000976;-112;70;-91;1
79216150;1.012112;0.003904;0.00488;-126;70;-98;1
79227272;1.013088;0.00488;0.006832;-112;56;-105;1
79243338;1.0111359;0.002928;0.008784;-63;49;-105;1
79254431;1.016016;0.00976;0.006832;-56;21;-119;1
79269523;1.012112;0.013664;0.002928;-91;21;-126;1
79286830;1.012112;0.010736;-0.002928;-42;14;-112;1
79297746;1.012112;0.012688;-0.002928;-63;21;-112;1
79308578;1.01016;0.013664;-0.003904;-105;28;-112;1
79323017;1.013088;0.01464;-0.001952;-98;35;-105;1
79354986;1.0111359;0.006832;-0.003904;-112;56;-105;1
79367141;1.012112;0.008784;-0.000976;-70;70;-98;1
79395243;1.009184;0.007808;0.007808;-112;84;-105;1
79406108;1.0111359;0.007808;0.016592;-91;42;-112;1
79430301;1.013088;0.011712;0.008784;-21;0;-112;1
79453057;1.0111359;0.015616;-0.000976;-84;-7;-112;1
79466333;1.014064;0.015616;-0.00488;-84;0;-98;1
79479424;1.0111359;0.016592;-0.010736;-77;28;-91;1
79490241;1.012112;0.01464;-0.006832;-91;35;-77;1
79501862;1.01016;0.011712;-0.011712;-133;49;-77;1
79519783;1.01016;0.010736;0.0;-126;91;-63;1
79541275;1.0150399;0.005856;0.013664;-133;98;-70;1
79552042;1.014064;0.00@20000101_000005_192721_imu_bno055.csv@79558700;342.25;7581;-17475;0.96363184;0.021414042;-0.23351502
79565737;1.014064;0.005856;0.020496;-105;49;-77;1
79576018;1.01016;0.002928;0.010736;-91;28;-91;1
79600161;1.01016;0.010736;0.001952;-63;-14;-112;1
79611739;1.01016;0.007808;-0.00488;-49;-21;-105;1
79641108;1.0150399;0.011712;-0.016592;-56;35;-105;1
79667460;1.0111359;0.015616;-0.006832;-119;77;-98;1
79682076;1.01016;0.010736;0.002928;-105;91;-77;1
79695023;1.01016;0.007808;0.00976;-126;98;-77;1
79709463;1.01016;0.00488;0.016592;-126;91;-84;1
79722987;1.012112;0.002928;0.021472;-105;35;-105;1
79738998;1.009184;0.000976;0.01952;-91;0;-112;1
79764280;1.0111359;0.007808;-0.003904;-28;-35;-140;1
79789710;1.012112;0.012688;-0.011712;-7;-7;-147;1
79810065;1.012112;0.018544;-0.015616;-28;28;-140;1
79833018;1.013088;0.021472;0.001952;-126;119;-105;1
79853114;1.012112;0.01
79865578;1.012112;0.012688;0.017568;-126;70;-84;1
79876729;1.013088;0.003904;0.018544;-112;42;-84;1
79891641;1.009184;0.005856;0.015616;-119;14;-91;1
79902191;1.012112;0.001952;0.013664;-77;0;-98;1
79914611;1.013088;0.005856;0.003904;-49;-42;-119;1
79933075;1.014064;0.005856;-0.011712;-35;-35;-126;1
79944871;1.012112;0.017568;-0.013664;-35;7;-126;1
79956199;1.0150399;0.01952;-0.016592;-56;35;-119;1
79972865;1.013088;0.01952;-0.00976;-77;63;-112;1
79987556;1.012112;0.018544;0.000976;-84;77;-77;1
80000216;1.0150399;0.01952;0.002928;-91;84;-63;1
80011138;1.013088;0.016592;0.007808;-147;77;-56;1
80033081;1.01016;0.00976;0.008784;-126;49;-42;1
80044845;1.013088;0.0;0.007808;-112;7;-56;1
80056507;1.012112;0.0;0.002928;-91;0;-70;1
80067187;1.013088;-0.002928;-0.002928;-84;-7;-84;1
80078983;1.012112;0.0;-0.002928;-56;7;-98;1
80091804;1.014064;0.0;-0.008784;-28;14;-119;1
80103093;1.012112;0.002928;-0.006832;-28;14;-133;1
80114119;1.012112;0.007808;-0.006832;-7;28;-133;1
80132988;1.012112;0.016592;-0.002928;-35;70;-119;1
80144090;1.01016;0.018544;0.002928;-98;84;-105;1
80157053;1.013088;0.017568;0.008784;-91;56;-77;1
80168004;1.012112;0.011712;0.00976;-98;42;-63;1
80179111;1.0111359;0.00976;0.00488;-126;28;-63;1
80234887;1.012112;-0.000976;-0.00488;-14;-7;-147;1
80250490;1.0111359;0.011712;-0.00976;-14;35;-161;1
80263123;1.012112;0.015616;-0.00976;-21;63;-154;1
80275683;1.013088;0.022448;-0.002928;-42;77;-147;1
80291160;1.014064;0.021472;0.002928;-70;56;-112;1
80303293;1.008208;0.020496;0.006832;-119;63;-105;1
80323032;1.014064;0.015616;0.00976;-133;56;-77;1
80339748;1.0111359;0.006832;0.00976;-112;21;-84;1
80363283;1.013088;0.005856;0.002928;-70;-7;-98;1
80383058;1.0111359;0.006832;-0.00488;-56;14;-112;1
80394962;1.016016;0.010736;-0.007808;-70;28;-119;1
80408637;1.013088;0.00976;-0.006832;-63;35;-119;1
80433024;1.012112;0.018544;-0.000976;-56;63;-105;1
80444828;1.0111359;0.020496;0.002928;-98;70;-105;1
80464863;1.0111359;0.01952;0.007808;-112;70;-70;1
80476403;1.014064;0.018544;0.00976;-119;56;-56;1
80487541;1.0111359;0.015616;0.007808;-112;42;-49;1
80499006;1.012112;0.00976;0.007808;-119;35;-49;1
80512976;1.013088;0.002928;0.005856;-147;14;-63;1
80524201;1.013088;0.000976;0.001952;-126;14;-77;1
80534877;1.012112;0.000976;-0.003904;-91;14;-84;1
80547988;1.014064;-0.000976;-0.005856;-56;14;-98;1
80559472;1.013088;0.001952;-0.005856;-56;28;-105;1
80570978;1.009184;0.006832;-0.006832;-56;42;-119;1
80582094;1.01016;0.00890101_000005_192721_imu_bno055.csv@80586131;342.25;7575;-17469;0.9585333;0.021414042;-0.24983048
80595207;1.0111359;0.015616;-0.002928;-70;56;-119;1
80614548;1.014064;0.018544;0.001952;-84;70;-98;1
80634766;1.014064;0.01464;0.00976;-133;63;-70;1
80649784;1.0111359;0.007808;0.010736;-140;42;-70;1
80688562;1.0111359;-0.002928;0.002928;-63;14;-98;1
80700069;1.01016;-0.001952;-0.002928;-77;14;-119;1
80721683;1.012112;0.001952;-0.003904;-35;21;-154;1
80734971;1.0150399;0.010736;-0.005856;7;42;-161;1
80749483;1.0111359;0.016592;-0.002928;-28;56;-161;1
80764811;1.013088;0.022448;0.000976;-42;70;-126;1
80776068;1.016016;0.022448;0.006832;-70;63;-112;1
80788625;1.012112;0.020496;0.005856;-112;63;-91;1
80799028;1.012112;0.01952;0.00488;-126;56;-84;1
80810804;1.012112;0.01952;0.008784;-126;42;-70;1
80824529;1.014064;0.013664;0.007808;-140;28;-56;1
80841338;1.0111359;-0.000976;0.0;-133;14;-63;1
80866604;1.012112;-0.001952;-0.005856;-42;21;-119;1
80877699;1.0111359;0.006832;-0.002928;-35;28;-133;1
80892181;1.012112;0.00976;-0.00488;-42;35;-140;1
80914705;1.016016;0.0175642000101_000005_192721_imu_bno055.csv@80916564;342.3125;7575;-17450;0.961510.csv@80918840;505;292;4245
80934706;1.01016;0.026352;0.00488;-63;63;-98;1
80945738;1.012112;0.025376;0.003904;-112;56;-77;1
80958748;1.0111359;0.016592;0.002928;-147;35;-42;1
80973635;1.008208;0.008784;0.002928;-175;21;-35;1
80989945;1.013088;0.0;0.002928;-133;21;-49;1
81001223;1.014064;-0.001952;-0.001952;-112;28;-56;1
81013909;1.014064;-0.003904;-0.000976;-105;28;-77;1
81034623;1.013088;0.000976;-0.001952;-56;35;-119;1
81045889;1.012112;0.007808;-0.003904;-35;49;-133;1
81061397;1.013088;0.012688;0.001952;-35;63;-133;1
81072112;1.014064;0.013664;0.00488;-63;56;-126;1
81088532;1.0150399;0.021472;0.001952;-70;49;-112;1
81099257;1.013088;0.018544;0.006832;-70;49;-98;1
81134526;1.01016;0.006832;0.001952;-147;35;-63;1
81146406;1.012112;0.005856;0.0;-140;28;-63;1
81166234;1.014064;-0.003904;-0.001952;-105;35;-105;1
81179534;1.0150399;-0.00488;-0.003904;-56;42;-112;1
81204067;1.013088;0.005856;0.000976;-35;63;-154;1
81216250;1.013088;0.013664;0.003904;-28;56;-161;1
81228358;1.0150399;0.01952;0.005856;-14;56;-154;1
81239014;1.012112;0.022448;0.007808;-28;49;-140;1
81261484;1.0111359;0.0244;0.003904;-84;28;-105;1
81273189;1.013088;0.01952;0.003904;-133;28;-70;1
81285058;1.0111359;0.010736;0.000976;-154;35;-70;@20000101_000005_192721_accel_adxl375.csv@81287264;1.7639999;0.1@20000101_000005_192721_imu_lsm6dso32.csv@81296509;1.012112;0.008784;0.001952;-133;35;-70;1
81308099;1.016992;0.00488;0.001952;-119;35;-70;1
81333065;1.013088;0.003904;-0.000976;-84;42;-105;1
81353101;1.012112;0.00101_000005_192721_accel_adxl375.csv@81354270;1.813;0.098;0.147;1
81366208;1.01016;0.01464;0.005856;-56;49;-126;1
81378326;1.01016;0.015616;0.006832;-63;35;-126;1
81391247;1.012112;0.017568;0.00488;-49;28;-112;1
81413035;1.013088;0.021472;0.00488;-98;21;-91;1
81424237;1.013088;0.022448;-0.000976;-119;21;-56;1
81435381;1.014064;0.01464;-0.001952;-126;21;-42;1
81452574;1.0111359;0.01533;28;-42;1
81464900;1.0150399;-0.000976;-0.001952;-154;42;-56;1
81477345;1.013088;-0.002928;-0.001952;-133;56;-63;1
81490171;1.014064;-0.00488;0.0;-105;63;-77;1
81503880;1.012112;-0.000976;0.003904;-84;56;-98;1
81515058;1.0111359;-0.000976;0.006832;-56;49;-112;1
81533024;1.0150399;0.010736;0.006832;-28;28;-133;1
81551002;1.013088;0.01;1_000005_192721_laser_agl.csv@81552834;0.022;1
81584758;1.013088;0.016592;-0.002928;-77;14;-91;1
81610773;1.012112;0.00976;-0.007808;-133;42;-70;1
81625238;1.012112;0.005856;-0.003904;-154;49;-70;1
81643027;1.012112;0.0;-0.002928;-119;70;-91;1
81665006;1.0150399;-0.002928;0.005856;-84;70;-126;1
81676321;1.013088;-0.00488;0.008784;-42;63;-140;1
81693048;1.013088;0.010736;0.00976;-28;35;-168;1
81708956;1.0150399;0.01952;0.002928;-21;14;-147;1
81723737;1.012112;0.023424;-0.000976;-42;14;-147;1
81735563;1.0111359;0.026352;-0.001952;-56;21;-126;1
81747939;1.01016;0.025376;-0.001952;-77;21;-98;1
81760891;1.013088;0.01464;-0.003904;-126;42;-63;1
81773509;1.014064;0.00976;-0.000976;-154;49;-56;1
81784113;1.01016;0.00976;-0.000976;-168;63;-63;1
81795957;1.013088;0.005856;0.003904;-182;70;-70;1
81813656;1.014064;0.00_.csv@81816590;342.375;7575;-17450;0.959553;0.020394326;-0.23963332
81833055;1.013088;0.003904;0.010736;-56;28;-105;1
81846308;1.014064;0.008784;0.011712;-35;14;-119;1
81859300;1.0111359;0.00976;0.006832;-28;7;-126;1
81870315;1.013088;0.018544;-0.001952;-21;-7;-119;1
81881319;1.0111359;0.01952;-0.003904;-21;-7;-112;1
81893795;1.013088;0.022448;-0.00488;-56;0;-98;1
81905745;1.0150399;0.0244;-0.008784;-84;21;-84;1
81916688;1.014064;0.023424;-0.008784;-105;42;-63;1
81944733;1.012112;0.007808;-0.002928;-182;56;-28;1
81955995;1.013088;0.001952;0.003904;-161;63;-35;1
81968778;1.0150399;-0.000976;0.00488;-154;56;-42;1
82003565;1.01016;-0.005856;0.011712;-21;0;-126;1
82036228;1.012112;0.015616;-0.005856;49;-14;-161;1
82054831;1.0111359;0.022448;-0.010736;-49;14;-133;1
82066287;1.012112;0.025376;-0.012688;-63;28;-112;1
82084414;1.0150399;0.016592;-0.010736;-112;56;-84;1
82095586;1.009184;0.011712;-0.005856;-154;84;-70;1
82112989;1.016016;0.00070101_000005_192721_imu_bno055.csv@82116399;342.3125;7575;-17457;0.959553;0.031611204;-0.2508502
82127937;1.014064;0.001952;0.008784;-119;98;-70;1
82147840;1.014064;-0.000976;0.013664;-126;56;-112;1
82193124;1.012112;0.00488;0.000976;7;-14;-147;1
82210720;1.014064;0.01464;-0.00976;-14;14;-154;1
82222339;1.014064;0.023424;-0.00976;-35;21;-140;1
82242920;1.013088;0.023424;-0.007808;-35;56;-105;1
82263093;1.016016;0.021472;-0.006832;-133;77;-84;1
82274254;1.016992;0.022448;-0.001952;-147;98;-63;1
82293078;1.012112;0.012688;0.007808;-189;98;-49;1
82305004;1.016016;0.005856;0.011712;-210;77;-49;1
82316365;1.009184;0.005856;0.011712;-175;63;-56;1
82333114;1.0111359;-0.001952;0.007808;-84;28;-70;1
82350031;1.012112;0.00488;0.007808;-56;28;-119;1
82373041;1.01016;0.008784;0.0;0;-7;-126;1
82384065;1.016016;0.013664;-0.006832;21;0;-119;1
82395532;1.0150399;0.020496;-0.008784;-35;14;-119;1
82413608;1.012112;0.022448;-0.006832;-98;70;-91;1
82433085;1.0150399;0.01464;0.002928;-133;56;-49;1
82451437;1.014064;0.000@20000101_000005_192721_baro_icp10111.csv@82455973;-22.5703024;37.02858;101596.4;2.1105176
82489884;1.014064;-0.002928;0.006832;-98;14;-91;1
82503897;1.012112;-0.00488;0.00488;-49;-7;-105;1
82515303;1.0111359;-0.002928;0.0;-35;-7;-119;1
82533360;1.012112;0.008784;-0.002928;-28;28;-161;1
82544860;1.0111359;0.015616;-0.002928;-35;35;-161;1
82568177;1.014064;0.01952;-0.00488;0;42;-133;1
82582768;1.0150399;0.023424;-0.002928;-98;70;-119;1
82605341;1.0111359;0.018544;0.003904;-147;77;-84;1
82622996;1.013088;0.011712;0.003904;-161;49;-70;1
82644838;1.012112;-0.003904;0.001952;-105;49;-91;1
82662576;1.0111359;-0.001952;0.005856;-77;42;-119;1
82672901;1.012112;0.002928;0.00488;-70;35;-140;1
82684483;1.01016;0.00488;0.000976;-35;21;-147;1
82696355;1.013088;0.007808;-0.00488;-7;21;-154;1
82711413;1.013088;0.015616;-0.007808;0;42;-154;1
82733975;1.01016;0.027328;-0.002928;-133;70;-112;1
82753182;1.016016;0.01952;-0.000976;-182;77;-70;1
82767760;1.0150399;0.016592;0.001952;-196;84;-63;1
82778992;1.013088;0.017568;0.007808;-210;91;-56;1
82793781;1.012112;0.00488;0.006832;-238;70;-49;1
82804956;1.013088;0.002928;0.008784;-224;56;-56;1
82816138;1.01016;-0.000976;0.007808;-182;42;-70;1
82830618;1.013088;-0.000976;0.005856;-140;42;-84;1
82841267;1.0111359;0.002928;0.006832;-119;42;-98;1
82852279;1.009184;0.00@20000101_000005_192721_baro_bmp280.csv@82857717;-31.987368;37.81;101709.81;3.8497944
82864692;1.012112;0.010736;0.003904;-56;14;-126;1
82875246;1.013088;0.012688;0.000976;-28;21;-119;1
82889694;1.0150399;0.013664;-0.001952;-28;35;-119;1
82900278;1.012112;0.022448;-0.002928;-49;49;-112;1
82917177;1.014064;0.021472;0.002928;-105;63;-77;1
82943513;1.012112;0.015616;0.003904;-126;56;-49;1
82964612;1.012112;0.003904;0.00488;-112;56;-56;1
82981735;1.012112;-0.00488;0.008784;-70;35;-70;1
82994013;1.01016;-0.002928;0.007808;-49;21;-91;1
83013018;1.0111359;-0.0i_bno0.csv@83016452;342.5;7581;-17450;0.96261216;0.012236595;-0.23963332
83026594;1.0111359;0.011712;0.000976;7;14;-154;1
83039489;1.012112;0.01464;-0.001952;-7;14;-154;1
83053128;1.013088;0.020496;-0.001952;-35;21;-140;1
83064942;1.0111359;0.021472;-0.001952;-49;21;-133;1
83077204;1.0111359;0.017568;0.0;-35;35;-119;1
83092100;1.01016;0.01952;0.005856;-112;49;-98;1
83105508;1.01016;0.01464;0.005856;-147;56;-91;1
83123046;1.012112;0.00976;0.006832;-133;28;-70;1
83135609;1.016016;0.001952;0.003904;-133;28;-77;1
83147268;1.012112;-0.001952;0.00488;-112;28;-91;1
83162109;1.01016;0.001952;0.002928;-49;21;-119;1
83185097;1.016992;0.010736;0.0;-42;21;-147;1
83202148;1.014064;0.015616;0.0;0;35;-140;1
83226296;1.013088;0.026352;0.000976;-42;42;-112;1
83239856;1.0111359;0.0244;-0.002928;-126;42;-77;1
83251124;1.0111359;0.020496;-0.000976;-133;49;-63;1
83262072;1.0111359;0.016592;0.001952;-140;56;-49;1
83273230;1.012112;0.010736;0.002928;-154;49;-49;1
83285818;1.01016;0.003904;0.001952;-161;49;-49;1
83298903;1.012112;0.001952;0.003904;-168;49;-56;1
83311425;1.012112;-0.002928;0.007808;-126;49;-84;1
83321934;1.013088;0.002928;0.006832;-98;49;-98;1
83334385;1.014064;0.003904;0.006832;-70;49;-119;1
83347874;1.012112;0.011712;0.003904;-56;42;-126;1
83361632;1.0111359;0.01464;0.003904;-56;35;-119;1
83400483;1.012112;0.01952;0.003904;-77;42;-91;1
83432761;1.009184;0.001952;0.002928;-140;42;-49;1
83453055;1.012112;-0.003904;0.003904;-140;49;-77;1
83464127;1.014064;-0.00488;0.000976;-98;42;-98;1
83483096;1.013088;0.0;-0.000976;-21;35;-126;1
83495222;1.012112;0.001952;0.003904;-21;35;-147;1
83512999;1.009184;0.007808;0.003904;-21;42;-154;1
83527993;1.0111359;0.013664;0.005856;0;35;-154;1
83540710;1.012112;0.01952;0.005856;-7;21;-140;1
83554710;1.0150399;0.0244;0.0;-70;28;-112;1
83565432;1.012112;0.022448;0.002928;-112;35;-98;1
83576661;1.013088;0.021472;-0.002928;-140;42;-77;1
83591345;1.016016;0.013664;0.001952;-154;35;-70;1
83613089;1.012112;0.006832;-0.002928;-168;42;-70;1
83626894;1.0111359;-0.001952;0.000976;-105;56;-91;1
83648266;1.0111359;0.0;0.005856;-77;56;-126;1
83673374;1.012112;0.007808;0.007808;-35;28;-154;1
83684651;1.013088;0.01720000101_000005_192721_accel_adxl375.csv@83686162;1.7639999;0.147;0.147;1
83696076;1.012112;0.020496;0.0;-14;21;-147;1
83706892;1.0150399;0.027328;0.001952;-42;21;-126;1
83732383;1.013088;0.028304;-0.001952;-70;21;-70;1
83743734;1.016016;0.0244;-0.003904;-105;35;-49;1
83763503;1.012112;0.01464;-0.00488;-196;56;-28;1
83774185;1.0111359;0.002928;0.0;-203;56;-21;1
83785609;1.0111359;-0.002928;0@20000101_000005_192721_accel_adxl375.csv@83787835;1.7639999;0.147;0.196;1
83797931;1.0111359;-0.007808;0.003904;-105;63;-70;1
83809144;1.014064;-0.003904;0.00976;-84;63;-98;1
83821984;1.013088;-0.002928;0.013664;-49;49;-126;1
83869574;1.012112;0.026352;0.0;-35;14;-133;1
83884132;1.013088;0.025376;0.000976;-63;28;-105;1
83895137;1.013088;0.027328;-0.003904;-70;28;-77;1
83906638;1.014064;0.022448;-0.000976;-98;35;-63;1
83924461;1.012112;0.010736;-0.000976;-161;49;-42;1
83937561;1.013088;0.005856;-0.000976;-168;63;-42;1
83958026;1.013088;-0.003904;0.00488;-154;63;-63;1
83969398;1.013088;-0.007808;0.006832;-105;63;-77;1
83987268;1.013088;-0.001952;0.00976;-56;35;-126;1
83997978;1.012112;0.0;0.010736;-28;28;-147;1
84012861;1.0111359;0.008784;0.005856;-14;7;-175;1
84034551;1.014064;0.018544;0.000976;7;0;-161;1
84047642;1.014064;0.022448;-0.001952;0;7;-147;1
84060138;1.013088;0.02928;-0.007808;-14;21;-119;1
84071770;1.012112;0.023424;0.0;-126;42;-70;1
84087895;1.013088;0.017568;-0.005856;-140;49;-56;1
84098972;1.014064;0.013664;0.002928;-175;56;-49;1
84111270;1.01016;0.008784;0.000976;-182;63;-49;1
84122976;1.013088;-0.001952;0.006832;-112;63;-70;1
84141981;1.0150399;-0.002928;0.00976;-105;56;-84;1
84154506;1.0150399;0.003904;0.008784;-70;28;-126;1
84165137;1.012112;0.007808;0.006832;-56;21;-140;1
84176249;1.013088;0.00976;0.000976;-14;14;-140;1
84189687;1.013088;0.015616;-0.001952;-7;14;-133;1
84200307;1.0150399;0.020496;-0.002928;-42;14;-133;1
84213275;1.013088;0.025376;-0.006832;-77;42;-98;1
84224005;1.012112;0.025376;-0.00488;-98;56;-84;1
84241662;1.013088;0.021472;-0.000976;-119;70;-63;1
84282384;1.0111359;0.00488;0.007808;-175;77;-35;1
84297765;1.007232;-0.00976;0.013664;-161;49;-77;1
84312002;1.012112;-0.00488;0.010736;-119;35;-91;1
84353118;1.014064;0.0076;0.000976;-14;-7;-147;1
84364832;1.014064;0.017568;-0.002928;0;7;-147;1
84383072;1.012112;0.028304;-0.005856;-14;35;-112;1
84398013;1.01016;0.023424;-0.001952;-91;63;-70;1
84411511;1.01016;0.01952;0.000976;-126;70;-49;1
84423413;1.0111359;0.010736;0.002928;-154;70;-42;1
84442997;1.012112;-0.002928;0.00976;-133;56;-49;1
84454207;1.0111359;-0.;@20000101_000005_192721_accel_adxl375.csv@84459038;1.7639999;0.147;0.147;1
84465090;1.012112;-0.011712;0.013664;-77;35;-91;1
84477947;1.012112;-0.006832;0.006832;-63;0;-147;1
84497328;1.0150399;0.00976;0.0;28;-7;-182;1
84509526;1.0111359;0.016592;-0.003904;35;0;-175;1
84521409;1.013088;0.021472;-0.005856;14;7;-168;1
84544605;1.013088;0.033184;-0.006832;-63;42;-126;1
84573091;1.012112;0.01952;0.000976;-182;70;-49;1
84584322;1.0150399;0.016592;0.005856;-203;77;-42;1
84595196;1.014064;0.007808;0.006832;-196;77;-35;1
84606689;1.0111359;-0.00488;0.010736;-175;56;-42;1
84622237;1.012112;-0.007808;0.010736;-105;35;-84;1
84633095;1.0111359;-0.005856;0.006832;-91;14;-112;1
84644987;1.013088;-0.002928;0.005856;-49;14;-140;1
84657956;1.013088;0.005856;0.0;-14;14;-140;1
84671206;1.01016;0.016592;-0.00488;-28;21;-147;1
84682101;1.0150399;0.023424;-0.002928;-21;35;-140;1
84700911;1.012112;0.031232;-0.002928;-84;63;-91;1
84733385;1.01016;0.015616;0.00488;-196;63;-42;1
84745502;1.009184;0.011712;0.007808;-189;63;-28;1
84756317;1.012112;0.003904;0.006832;-175;56;-21;1
84769383;1.01016;-0.000976;0.005856;-161;56;-28;1
84780198;1.0111359;-0.005856;0.008784;-161;56;-49;1
84795597;1.0111359;-0.008784;0.008784;-126;28;-98;1
84806417;1.012112;-0.003904;0.002928;-70;28;-112;1
84817103;1.014064;0.0;0.001952;-42;21;-133;1
84842377;1.014064;0.018544;0.0;-28;42;-140;1
84867740;1.013088;0.021472;0.005856;-70;49;-112;1
84878988;1.013088;0.026352;0.005856;-98;49;-98;1
84895962;1.01016;0.018544;0.007808;-126;35;-63;1
84910282;1.014064;0.00976;0.005856;-133;35;-49;1
84926354;1.009184;-0.001952;0.006832;-147;28;-63;1
84937932;1.01016;-0.001952;0.005856;-126;21;-70;1
84955277;1.0150399;-0.000976;0.0;-63;7;-105;1
84966962;1.012112;-0.00488;0.001952;-56;14;-133;1
84980828;1.012112;0.00488;-0.001952;-28;14;-147;1
84996173;1.01016;0.012688;0.002928;7;28;-168;1
85014011;1.014064;0.017568;0.00488;28;28;-154;1
85024912;1.0111359;0.025376;0.002928;-49;28;-140;1
85035998;1.008208;0.026352;0.002928;-63;28;-119;1
85047236;1.0150399;0.025376;0.002928;-56;35;-91;1
85060440;1.0111359;0.020496;0.002928;-84;42;-77;1
85077385;1.012112;0.011712;0.002928;-133;35;-56;1
85088529;1.0150399;0.006832;0.001952;-154;21;-56;1
85099745;1.0150399;0.0;0.001952;-140;21;-63;1
85124717;1.014064;-0.001952;-0.000976;-112;35;-91;1
85140792;1.0111359;0.000976;-0.000976;-63;42;-119;1
85170017;1.016016;0.022448;0.000976;-77;49;-133;1
85185189;1.01307105;56;-119;1
85197472;1.016992;0.021472;0.0;-91;70;-77;1
85212010;1.012112;0.020496;0.000976;-161;63;-56;1
85236159;1.013088;0.008784;0.006832;-175;63;-35;1
85247237;1.0150399;0.007808;0.006832;-175;56;-35;1
85258964;1.013088;-0.00488;0.005856;-168;42;-49;1
85270899;1.012112;-0.007808;0.005856;-168;35;-70;1
85299231;1.0150399;0.0;0.002928;-91;35;-140;1
85310094;1.0111359;0.006832;-0.000976;-56;35;-154;1
85333963;1.0150399;0.017568;-0.001952;-28;42;-140;1
85362084;1.014064;0.022448;0.001952;-126;70;-91;1
85373710;1.01016;0.0244;0.006832;-126;70;-70;1
85384050;1.012112;0.015616;0.007808;-147;56;-56;1
85398386;1.014064;0.007808;0.00976;-189;42;-56;1
85412487;1.013088;-0.00488;0.006832;-140;28;-63;1
85423099;1.009184;-0.008784;0.007808;-112;14;-84;1
85435534;1.0111359;-0.010736;0.008784;-77;7;-112;1
85455413;1.013088;0.002928;0.0;-14;-21;-161;1
85468471;1.0150399;0.005856;-0.001952;35;-14;-168;1
85479011;1.012112;0.013664;-0.006832;70;7;-168;1
85492491;1.0179679;0.027328;-0.006832;7;49;-154;1
85503148;1.014064;0.030256;-0.001952;-7;63;-133;1
85515642;1.012112;0.02928;0.002928;-42;63;-98;1
85528796;1.014064;0.027328;0.00976;-77;63;-77;1
85542830;1.0111359;0.012688;0.013664;-154;35;-49;1
85554356;1.0111359;0.007808;0.016592;-133;14;-49;1
85598437;1.012112;-0.006832;-0.001952;-77;-21;-112;1
85633901;1.016016;0.0244;-0.00976;7;49;-147;1
85648632;1.01016;0.022448;-0.008784;-35;77;-140;1
85659204;1.014064;0.026352;-0.002928;-49;98;-112;1
85670003;1.012112;0.025376;0.003904;-77;91;-91;1
85680985;1.013088;0.027000005_192721_imu_bno055.csv@85686355;342.8125;7575;-17388;0.96363184;0.042828084;-0.242692468
85696249;1.012112;0.018544;0.011712;-168;56;-42;1
85709508;1.013088;0.008784;0.00976;-168;42;-28;1
85733036;1.0150399;-0.006832;0.001952;-147;14;-42;1
85753772;1.0111359;-0.00488;-0.00488;-112;14;-91;1
85768191;1.013088;0.0;-0.00976;-49;35;-140;1
85783088;1.012112;0.009@20000101_000005_192721_imu_bno055.csv@85786705;342.8125;7575;-17394;0.959553;0.018354892;-0.25390936
85794158;1.0150399;0.012688;-0.005856;-7;91;-154;1
85813013;1.014064;0.020192721_accel_adxl375.csv@85818090;1.7639999;0.147;0.196;1
85824030;1.0111359;0.026352;0.00976;-56;105;-112;1
85835044;1.013088;0.026352;0.01464;-126;91;-98;1
85846347;1.009184;0.01952;0.016592;-224;56;-63;1
85857711;1.014064;0.01464;0.016592;-224;28;-42;1
85871270;1.013088;0.007808;0.01464;-182;14;-35;1
85882901;1.01016;0.001952;0.001952;-175;0;-42;1
85895473;1.013088;-0.005856;0.001952;-189;-7;-56;1
85906118;1.014064;-0.006832;-0.008784;-175;7;-84;1
85917035;1.012112;-0.012688;-0.00976;-133;28;-105;1
85934445;1.014064;-0.003904;-0.006832;-35;63;-154;1
85955152;1.0111359;0.01464;-0.000976;0;84;-175;1
85969917;1.009184;0.026352;0.015616;-14;91;-154;1
85988504;1.013088;0.02928;0.018544;-77;42;-112;1
86003519;1.012112;0.027328;0.016592;-77;28;-91;1
86015159;1.013088;0.027328;0.013664;-91;0;-70;1
86052562;1.0150399;-0.001952;-0.007808;-133;-14;-42;1
86063118;1.0150399;-0.007808;-0.00976;-77;7;-56;1
86082773;1.0150399;-0.003904;-0.008784;-49;49;-119;1
86094210;1.0111359;0.000976;-0.000976;-35;70;-133;1
86106802;1.0111359;0.00488;0.00488;-21;84;-140;1
86118477;1.012112;0.010736;0.010736;0;77;-140;1
86129160;1.013088;0.017568;0.010736;7;63;-140;1
86146205;1.013088;0.028304;0.01464;-42;28;-119;1
86157834;1.014064;0.027328;0.015616;-84;7;-98;1
86172301;1.0150399;0.0244;0.005856;-133;-28;-49;1
86183214;1.0111359;0.01464;0.000976;-140;-28;-35;1
86200811;1.0111359;0.006832;-0.003904;-119;-28;-28;1
86213156;1.014064;-0.005856;-0.010736;-112;0;-49;1
86226316;1.014064;-0.007808;-0.011712;-112;28;-70;1
86237545;1.013088;-0.008784;-0.010736;-112;49;-98;1
86248507;1.013088;-0.00488;-0.00488;-63;70;-119;1
86259206;1.0150399;-0.001952;-0.000976;7;91;-140;1
86270971;1.0150399;0.002928;0.00488;28;91;-154;1
86282241;1.0111359;0.00u_bno055.csv@86286419;342.9375;7581;-17375;0.96363184;0.022433758;-0.23963332
86296608;1.01016;0.018544;0.017568;-7;42;-147;1
86308935;1.012112;0.0244;0.018544;-35;7;-133;1
86320738;1.012112;0.02@20000101_000005_192721_imu_bno055.csv@86336293;342.9375;7581;-17375;0.96363184;0.041808368;-0.237593884
86339535;1.012112;0.022448;0.0;-112;-21;-77;1
86367065;1.014064;0.001952;-0.015616;-168;21;-56;1
86382538;1.0150399;-0.;0394326;-0.25900792
86394946;1.016016;-0.007808;-0.001952;-84;98;-112;1
86406276;1.013088;-0.002928;0.001952;-70;112;-133;1
86417511;1.0111359;0.003904;0.010736;-63;105;-147;1
86434479;1.014064;0.013664;0.015616;-21;70;-154;1
86478523;1.013088;0.026352;0.005856;-77;-14;-105;1
86500541;1.013088;0.023424;-0.006832;-140;0;-70;1
86514493;1.0111359;0.017568;-0.007808;-161;14;-49;1
86535103;1.016016;0.003904;-0.008784;-154;56;-49;1
86554706;1.012112;0.0;-0.000976;-147;91;-70;1
86567065;1.013088;0.0;0.012688;-84;105;-98;1
86578906;1.013088;0.002928;0.016592;-84;91;-119;1
86594219;1.01016;0.008784;0.018544;-77;70;-133;1
86605005;1.0111359;0.010736;0.01952;-56;42;-133;1
86616333;1.012112;0.015616;0.017568;-28;14;-126;1
86627098;1.012112;0.018544;0.005856;-49;-28;-105;1
86638110;1.012112;0.01952;-0.000976;-84;-14;-98;1
86650335;1.0111359;0.020496;-0.008784;-91;-7;-77;1
86663554;1.016016;0.016592;-0.010736;-84;7;-56;1
86674655;1.0150399;0.015616;-0.008784;-98;21;-49;1
86704624;1.01016;-0.003904;0.000976;-119;91;-70;1
86716135;1.007232;-0.003904;0.003904;-84;98;-77;1
86735957;1.01016;-0.002928;0.015616;-77;77;-119;1
86754666;1.0111359;0.00488;0.01464;-42;28;-140;1
86766861;1.012112;0.013664;0.011712;-28;0;-147;1
86780107;1.012112;0.017568;0.002928;-49;-21;-140;1
86794508;1.0179679;0.020496;-0.00488;-56;-21;-119;1
86827173;1.012112;0.015616;-0.00976;-84;35;-91;1
86859303;1.013088;0.003904;-0.001952;-126;77;-91;1
86872997;1.013088;0.003904;0.008784;-105;84;-105;1
86885523;1.012112;0.000976;0.011712;-77;84;-119;1
86897338;1.013088;0.00488;0.012688;-63;70;-119;1
86933700;1.012112;0.011712;0.010736;-49;28;-133;1
86952214;1.013088;0.02@20000101_000005_192721_imu_bno055.csv@86960247;343.0;7581;-17369;0.961592464;0.033650636;-0.24371218
86968890;1.013088;0.020496;-0.006832;-70;21;-105;1
86980085;1.0150399;0.017_imu_bno055.csv@86986264;343.0;7581;-17369;0.959553;0.034670352;-0.2508502
86994155;1.012112;0.017568;-0.007808;-140;77;-63;1
87007610;1.013088;0.011712;-0.003904;-161;91;-63;1
87034960;1.013088;0.006832;0.010736;-175;91;-77;1
87057447;1.01016;0.005856;0.015616;-133;56;-77;1
87069979;1.013088;0.005856;0.012688;-119;42;-98;1
87081665;1.0111359;0.00488;0.011712;-112;21;-105;1
87095925;1.0111359;0.008784;0.003904;-70;0;-105;1
87115057;1.0111359;0.012688;-0.002928;-84;14;-10511_000005_192721_imu_bno055.csv@87116943;343.0;7581;-17363;0.96261216;0.057;98;4245
87126521;1.012112;0.013664;-0.006832;-98;28;-105;1
87144497;1.0150399;0.013664;-0.003904;-84;70;-91;1
87156169;1.012112;0.012688;-0.001952;-105;77;-84;1
87170558;1.014064;0.00976;0.002928;-126;77;-84;1
87181219;1.012112;0.006832;0.003904;-147;77;-77;1
87200582;1.0111359;0.007808;0.011712;-119;70;-84;1
87210983;1.0111359;0.00488;0.015616;-91;56;-91;1
87222646;1.0111359;0.002928;0.01464;-84;35;-98;1
87233123;1.014064;0.003904;0.011712;-84;21;-105;1
87248895;1.014064;0.005856;0.006832;-70;0;-126;1
87261675;1.014064;0.005856;0.000976;-49;7;-133;1
87273919;1.014064;0.00976;-0.003904;-28;7;-133;1
87285261;1.013088;0.011712;-0.002928;-49;14;-133;1
87299796;1.014064;0.018544;-0.001952;-49;42;-119;1
87322980;1.012112;0.015616;0.002928;-84;63;-105;1
87343083;1.0111359;0.01464;0.00488;-105;56;-98;1
87355684;1.013088;0.012688;0.010736;-112;49;-91;1
87399585;1.012112;0.007808;0.002928;-63;-7;-105;1
87413011;1.014064;0.008784;0.0;-49;-7;-112;1
87425168;1.012112;0.00976;-0.003904;-49;0;-112;1
87436224;1.012112;0.013664;-0.006832;-56;14;-112;1
87447030;1.016016;0.013664;-0.002928;-49;28;-105;1
87462927;1.0150399;0.017568;-0.001952;-56;49;-98;1
87474371;1.013088;0.01952;0.000976;-63;49;-98;1
87485355;1.014064;0.01@20000101_000005_192721_baro_bmp280.csv@87493717;-31.971514;37.8;101709.624;3.86564832
87496336;1.012112;0.015616;0.005856;-77;42;-70;1
87510574;1.012112;0.011712;0.008784;-77;42;-63;1
87533100;1.0111359;0.002928;0.010736;-77;14;-63;1
87553178;1.013088;0.00;0;-84;1
87565582;1.012112;0.003904;-0.003904;-63;0;-91;1
87575934;1.014064;0.007808;-0.00488;-42;21;-98;1
87590436;1.0111359;0.006832;-0.00488;-42;35;-105;1
87605781;1.0150399;0.01464;-0.00488;-63;56;-112;1
87617056;1.0150399;0.011712;0.0;-70;63;-98;1
87633021;1.0111359;0.01464;0.001952;-112;56;-91;1
87653142;1.013088;0.016592;0.00488;-147;49;-70;1
87664693;1.013088;0.012688;0.010736;-175;49;-63;1
87675194;1.013088;0.007808;0.006832;-189;42;-70;1
87691193;1.012112;0.003904;0.003904;-182;28;-70;1
87702065;1.009184;0.002928;0.001952;-147;21;-70;1
87714972;1.013088;0.002928;-0.005856;-147;28;-98;1
87733464;1.014064;0.00488;-0.000976;-126;56;-119;1
87752664;1.013088;0.008784;0.001952;-84;56;-119;1
87764914;1.0111359;0.010736;0.002928;-84;49;-140;1
87776208;1.0111359;0.013664;0.003904;-70;49;-133;1
87789805;1.0179679;0.016592;0.003904;-49;49;-119;1
87806246;1.012112;0.017568;0.008784;-105;56;-98;1
87838246;1.0111359;0.011712;0.002928;-84;21;-70;1
87853300;1.013088;0.01@20000101_000005_192721_accel_adxl375.csv@87855452;1.7639999;0.147;0.147;1
87864318;1.01016;0.003904;0.0;-119;42;-70;1
87881577;1.013088;0.0;0.001952;-56;42;-84;1
87893118;1.012112;0.0;0.002928;-63;49;-105;1
87903960;1.01016;0.0;0.002928;-56;56;-126;1
87915114;1.014064;0.011712;0.005856;-42;49;-126;1
87926409;1.014064;0.015616;0.010736;-63;49;-119;1
87943012;1.0111359;0.018544;0.008784;-70;28;-112;1
87954053;1.0150399;0.018544;0.008784;-91;28;-105;1
87965187;1.013088;0.020496;0.007808;-84;14;-91;1
87976079;1.012112;0.015616;0.002928;-126;7;-56;1
87987160;1.013088;0.01@20000101_000005_192721_imu_bno055.csv@87990102;343.125;7581;-17357;0.96363184;0.033650636;-0.2447319
87998287;1.01016;0.005856;-0.000976;-119;21;-42;1
88012913;1.014064;-0.001952;-0.000976;-112;21;-49;1
88025111;1.012112;-0.003904;-0.00488;-91;35;-63;1
88045618;1.0111359;-0.003904;0.002928;-63;35;-98;1
88058895;1.012112;0.000976;0.007808;0;28;-133;1
88079691;1.0150399;0.011712;0.007808;0;35;-161;1
88090055;1.012112;0.018544;0.007808;35;14;-147;1
88101325;1.0111359;0.017568;0.008784;21;7;-140;1
88124999;1.012112;0.020496;0.0;-42;0;-112;1
88136008;1.013088;0.022448;-0.000976;-77;-7;-98;1
88148000;1.016016;0.018544;-0.002928;-77;21;-84;1
88162400;1.014064;0.005856;-0.001952;-112;21;-77;1
88174593;1.016992;0.003904;0.0;-140;42;-77;1
88185223;1.013088;0.001952;-0.001952;-119;42;-84;1
88196309;1.012112;-0.003904;-0.002928;-84;35;-98;1
88212526;1.012112;-0.000976;-0.001952;-91;70;-140;1
88223063;1.013088;0.00488;0.003904;-98;63;-154;1
88241581;1.014064;0.018544;0.007808;-35;56;-154;1
88271439;1.0111359;0.0244;0.001952;-98;28;-119;1
88289166;1.014064;0.021472;0.003904;-112;14;-98;1
88310250;1.014064;0.017568;-0.000976;-154;35;-70;1
88333095;1.012112;0.008784;-0.003904;-154;63;-49;1
88346351;1.012112;0.003904;0.0;-154;63;-49;1
88357076;1.013088;-0.000976;0.003904;-133;70;-63;1
88368218;1.012112;0.000976;0.00488;-98;70;-77;1
88379059;1.0111359;0.002928;0.00976;-77;63;-91;1
88391757;1.0111359;0.00488;0.010736;-70;56;-112;1
88403512;1.0111359;0.016592;0.012688;-56;28;-119;1
88415457;1.009184;0.017568;0.013664;-56;14;-112;1
88426238;1.0111359;0.015616;0.006832;-42;14;-98;1
88439217;1.013088;0.017568;0.005856;-63;7;-84;1
88450008;1.014064;0.01952;0.0;-63;7;-77;1
88464160;1.013088;0.013664;-0.001952;-105;21;-63;1
88474978;1.012112;0.012688;0.0;-105;28;-49;1
88486366;1.014064;0.00@20000101_000005_192721_accel_adxl375.csv@88493079;1.7639999;0.098;0.147;1
88497091;1.012112;0.002928;0.0;-126;49;-49;1
88507877;1.009184;-0.000976;0.001952;-84;49;-56;1
88524584;1.012112;-0.003904;0.011712;-91;42;-91;1
88535521;1.012112;-0.001952;0.012688;-77;28;-112;1
88549040;1.008208;-0.001952;0.011712;-42;21;-119;1
88563742;1.01016;0.001952;0.011712;-35;14;-133;1
88574771;1.0111359;0.018544;0.00488;-28;-7;-140;1
88597202;1.016016;0.023424;-0.002928;-35;-14;-112;1
88608776;1.014064;0.01952;-0.00976;-63;-7;-98;1
88624800;1.0111359;0.021472;-0.012688;-98;21;-84;1
88640678;1.013088;0.00976;-0.005856;-84;63;-56;1
88656823;1.01016;0.000976;0.00488;-161;77;-63;1
88667694;1.013088;0.000976;0.00976;-161;63;-77;1
88712651;1.012112;0.006832;0.011712;-77;7;-133;1
88727384;1.014064;0.01464;0.001952;-105;-14;-126;1
88738407;1.012112;0.020496;-0.003904;-126;0;-133;1
88757607;1.012112;0.021472;-0.007808;-63;14;-91;1
88770193;1.0150399;0.017568;-0.00976;-28;21;-70;1
88781443;1.016992;0.015616;-0.00976;-126;42;-70;1
88796108;1.0150399;0.011712;-0.00488;-161;56;-70;1
88807846;1.012112;0.0;0.005856;-63;77;-49;1
88820843;1.013088;-0.000976;0.007808;77;-77;1
88835332;1.012112;0.001952;0.011712;-84;63;-98;1
88846092;1.0111359;0.003904;0.007808;-28;49;-91;1
88859158;1.0150399;0.00488;0.010736;-84;28;-112;1
88870069;1.012112;0.011712;0.008784;-98;7;-119;1
88893114;1.012112;0.018544;0.001952;-42;0;-112;1
88906185;1.0111359;0.016592;-0.003904;-70;0;-98;1
88923381;1.016016;0.011712;0.0;-105;35;-56;1
88934096;1.012112;0.007808;0.000976;-126;21;-56;1
88945120;1.0150399;0.006832;-0.000976;-119;21;-70;1
88958673;1.013088;0.002928;-0.005856;-63;35;-77;1
88971192;1.01016;0.005856;0.000976;-84;70;-84;1
88982573;1.01016;0.001952;0.001952;-98;77;-91;1
88999757;1.0150399;-0.001952;0.007808;-70;63;-98;1
89013064;1.009184;0.0;0.00976;-21;21;-133;1
89024588;1.0111359;0.005856;0.003904;-14;14;-147;1
89036918;1.013088;0.012688;0.003904;-49;14;-147;1
89049956;1.012112;0.013664;0.003904;-56;28;-147;1
89062626;1.013088;0.01952;-0.000976;-35;14;-126;1
89074228;1.012112;0.021472;-0.006832;-14;21;-112;1
89084997;1.012112;0.01952;-0.006832;-49;28;-98;1
89100967;1.012112;0.017568;-0.007808;-119;42;-84;1
89123009;1.014064;0.001952;0.00488;-119;77;-77;1
89160711;1.016016;0.006832;0.003904;-119;63;-105;1
89179122;1.009184;0.003904;0.00488;-112;49;-119;1
89190000;1.012112;0.006832;0.005856;-126;35;-133;1
89201616;1.013088;0.010736;0.007808;-112;35;-147;1
89212187;1.0111359;0.013664;0.010736;-56;42;-133;1
89229275;1.013088;0.016592;0.006832;-154;28;-119;1
89240233;1.013088;0.01952;0.000976;-147;14;-98;1
89263466;1.016992;0.016592;-0.006832;-119;28;-70;1
89281817;1.012112;0.010736;-0.002928;-119;70;-49;1
89294079;1.012112;0.003904;0.00488;-126;91;-56;1
89304967;1.0150399;-0.003904;0.01464;-105;49;-77;1
89323051;1.012112;-0.001952;0.010736;-7;49;-84;1
89334165;1.0150399;0.000976;0.008784;0;42;-98;1
89353018;1.01016;0.008784;0.011712;-21;35;-133;1
89364311;1.014064;0.00976;0.011712;-7;0;-119;1
89375196;1.014064;0.010736;0.00488;-21;-28;-126;1
89387306;1.012112;0.02@20000101_000005_192721_accel_adxl375.csv@89389395;1.7639999;0.098;0.147;1
89403074;1.0179679;0.020496;-0.003904;-7;-7;-98;1
89414272;1.016016;0.017568;-0.003904;-28;14;-70;1
89425964;1.0111359;0.01464;-0.005856;-105;14;-70;1
89439100;1.013088;0.003904;-0.00488;-63;42;-63;1
89467733;1.01016;-0.000976;0.005856;-105;63;-112;1
89478916;1.013088;0.000976;0.008784;-63;56;-105;1
89491202;1.0150399;-0.000976;0.006832;-56;28;-112;1
89513022;1.0111359;0.03147;1
89524185;1.014064;0.012688;0.00488;-56;7;-154;1
89534903;1.0111359;0.01464;0.002928;-42;0;-147;1
89553084;1.014064;0.01@20000101_000005_192721_accel_adxl375.csv@89554188;1.7639999;0.147;0.147;1
89570127;1.014064;0.017568;-0.00976;-70;56;-91;1
89605412;1.012112;0.008784;-0.000976;-112;84;-77;1
89616384;1.0111359;0.007808;0.0;-98;84;-77;1
89633171;1.0111359;0.002928;0.005856;-119;91;-105;1
89644089;1.0111359;0.005856;0.00976;-105;91;-112;1
89655440;1.013088;0.005856;0.010736;-105;70;-112;1
89666091;1.012112;0.008784;0.006832;-112;56;-119;1
89676896;1.0111359;0.010736;0.001952;-91;35;-112;1
89690576;1.012112;0.017568;-0.000976;-161;56;-112;1
89703247;1.012112;0.016592;0.001952;-133;63;-91;1
89713968;1.013088;0.017568;0.002928;-133;63;-91;1
89732990;1.0150399;0.011712;0.000976;-189;49;-70;1
89744222;1.013088;0.010736;0.0;-175;56;-63;1
89755186;1.014064;0.00976;0.0;-140;70;-56;1
89767716;1.0111359;0.008784;0.001952;-147;84;-63;1
89778014;1.014064;0.006832;0.00488;-189;91;-77;1
89793280;1.0150399;0.007808;0.00976;-98;70;-77;1
89807870;1.013088;0.003904;0.011712;-105;56;-91;1
89819106;1.01016;0.002928;0.01464;-133;49;-105;1
89834440;1.01016;0.011712;0.011712;-70;28;-112;1
89845583;1.01016;0.00976;0.010736;-63;7;-98;1
89857078;1.014064;0.011712;0.008784;-91;0;-105;1
89869571;1.0111359;0.015616;0.001952;-77;0;-112;1
89886929;1.0111359;0.011712;-0.002928;-35;14;-98;1
89898056;1.014064;0.00976;-0.005856;-56;28;-98;1
89911369;1.0150399;0.011712;-0.005856;-84;35;-98;1
89933009;1.013088;0.00488;0.000976;-35;63;-77;1
89944279;1.012112;0.002928;0.007808;-49;63;-112;1
89967918;1.01016;0.008784;0.015616;-21;21;-119;1
89979064;1.012112;0.0101_imu_bno055.csv@89986228;343.1875;7587;-17344;0.96363184;0.022433758;-0.2314756
89994799;1.014064;0.010736;0.007808;-56;-28;-133;1
90055811;1.012112;0.013664;-0.006832;-70;70;-91;1
90070477;1.013088;0.00976;0.0;-112;84;-105;1
90087606;1.012112;0.011712;0.005856;-63;70;-91;1
90102888;1.0111359;0.003904;0.007808;-84;56;-98;1
90117925;1.0111359;0v@90119000;1.7639999;0.147;0.196;1
90131304;1.01016;0.00488;0.013664;-91;28;-119;1
90144635;1.013088;0.008784;0.013664;-56;14;-119;1
90160507;1.0150399;0.01464;-0.001952;-105;-28;-119;1
90172067;1.013088;0.011712;-0.007808;-84;-7;-112;1
90184193;1.013088;0.016592;-0.00976;-70;21;-98;1
90195187;1.014064;0.013664;-0.012688;-105;49;-98;1
90210430;1.012112;0.015616;-0.00488;-91;84;-77;1
90221138;1.0111359;0.0;12;91;-63;1
90235180;1.012112;0.013664;0.003904;-126;84;-63;1
90253768;1.01016;0.00488;0.008784;-126;84;-63;1
90268151;1.009184;0.0;0.016592;-98;56;-91;1
90279854;1.013088;0.001952;0.016592;-112;35;-105;1
90295597;1.0111359;0.005856;0.012688;-91;14;-105;1
90326008;1.012112;0.010736;-0.005856;-91;0;-126;1
90344511;1.0111359;0.01464;-0.010736;-56;35;-112;1
90356013;1.0150399;0.016592;-0.008784;-91;63;-105;1
90369791;1.0111359;0.017568;0.001952;-119;77;-98;1
90385415;1.012112;0.01@20000101_000005_192721_accel_adxl375.csv@90393327;1.7149999;0.147;0.244999984;1
90396066;1.012112;0.010736;0.00976;-77;77;-77;1
90407042;1.0150399;0.006832;0.01464;-112;63;-84;1
90426186;1.012112;0.001952;0.015616;-84;42;-84;1
90445670;1.013088;0.005856;0.00976;-63;-14;-126;1
90457215;1.0111359;0.007808;0.002928;-49;-35;-133;1
90490158;1.012112;0.007808;-0.00976;-14;14;-126;1
90507247;1.0150399;0.016592;-0.005856;-21;49;-133;1
90522880;1.012112;0.016592;-0.000976;-35;63;-112;1
90543036;1.013088;0.017568;0.008784;-77;70;-91;1
90554623;1.0111359;0.01464;0.011712;-112;63;-77;1
90565049;1.0111359;0.011712;0.011712;-98;42;-77;1
90583621;1.013088;0.006832;0.007808;-112;7;-84;1
90603545;1.0111359;0.005856;-0.001952;-112;7;-98;1
90614200;1.012112;0.005856;-0.002928;-98;0;-98;1
90626162;1.013088;0.005856;-0.001952;-84;14;-105;1
90642737;1.012112;0.005856;-0.003904;-63;28;-112;1
90663521;1.012112;0.011712;-0.002928;-91;49;-119;1
90674909;1.012112;0.0244;-0.000976;-77;77;-105;1
90686077;1.016016;0.02@20000101_000005_192721_imu_bno055.csv@90689410;343.1875;7581;-17344;0.96261216;0.0377295;-0.24677134
90698528;1.014064;0.022448;0.00488;-105;91;-77;1
90710606;1.0150399;0.017568;0.003904;-112;77;-56;1
90721210;1.012112;0.01@20000101_000005_192721_accel_adxl375.csv@90732946;1.7639999;0.147;0.196;1
90734477;1.012112;0.006832;0.008784;-175;63;-49;1
90754773;1.009184;-0.003904;0.011712;-140;35;-70;1
90767804;1.012112;-0.002928;0.007808;-98;7;-105;1
90779443;1.012112;-0.002928;0.000976;-91;14;-119;1
90794312;1.012112;0.001952;-0.000976;-98;28;-133;1
90805688;1.0150399;0.003904;-0.00488;-77;21;-140;1
90818394;1.012112;0.016592;-0.008784;-21;49;-147;1
90829345;1.014064;0.021472;-0.007808;-49;70;-140;1
90841913;1.0150399;0.0244;-0.003904;-56;91;-119;1
90853197;1.01016;0.023@20000101_000005_192721_imu_bno055.csv@90858713;343.25;7587;-17338;0.96261216;0.04078865;-0.2447319
90865484;1.012112;0.023424;0.008784;-133;105;-70;1
90878512;1.009184;0.007808;0.016592;-238;63;-70;1
90917939;1.012112;-0.002928;0.00976;-119;-21;-126;1
90931714;1.0111359;-0.000976;0.005856;-119;-35;-140;1
90950141;1.0150399;0.003904;-0.003904;63;-21;-133;1
90961283;1.016016;0.010736;-0.011712;56;-7;-161;1
90973206;1.013088;0.017568;-0.012688;21;14;-168;1
90986452;1.0150399;0.026352;-0.012688;0;42;-154;1
90999838;1.014064;0.028304;-0.00488;-21;91;-84;1
91023064;1.01016;0.017568;0.013664;-133;91;-49;1
91035464;1.012112;0.01464;0.017568;-133;70;-42;1
91053046;1.013088;0.001952;0.018544;-98;14;-35;1
91066668;1.012112;-0.003904;0.012688;-119;0;-56;1
91083120;1.013088;-0.007808;0.002928;-98;-28;-98;1
91098502;1.013088;-0.00488;-0.00488;-56;-28;-112;1
91118419;1.013088;0.00976;-0.015616;-14;-7;-147;1
91133039;1.0150399;0.0244;-0.015616;-28;63;-147;1
91144657;1.014064;0.027328;-0.007808;-42;98;-126;1
91154911;1.016992;0.027328;0.002928;-77;119;-98;1
91168469;1.009184;0.022448;0.012688;-105;112;-63;1
91178948;1.013088;0.022448;0.01464;-140;98;-42;1
91195531;1.007232;0.008784;0.013664;-175;56;-21;1
91206045;1.009184;0.000976;0.012688;-182;42;-28;1
91217313;1.0111359;-0.000976;0.008784;-168;28;-42;1
91229512;1.01016;-0.00488;0.007808;-175;7;-56;1
91246204;1.014064;-0.00976;-0.001952;-98;-21;-98;1
91259012;1.012112;-0.012688;-0.006832;-56;-14;-133;1
91270327;1.01016;-0.003904;-0.012688;-35;0;-161;1
91281467;1.0111359;0.006832;-0.010736;-14;35;-175;1
91294142;1.0111359;0.025376;-0.000976;7;77;-161;1
91309243;1.0111359;0.027328;0.0;-7;84;-140;1
91333079;1.01016;0.030256;0.010736;-119;70;-84;1
91369951;1.013088;0.0;0.00976;-203;21;-28;1
91388500;1.014064;-0.005856;0.007808;-189;0;-70;1
91402728;1.01016;-0.006832;0.005856;-140;0;-91;1
91413035;1.012112;-0.007808;0.0;-84;-7;-112;1
91433008;1.012112;0.001952;-0.008784;-14;7;-161;1
91453143;1.014064;0.018544;-0.007808;14;49;-175;1
91464546;1.0150399;0.0244;-0.000976;14;77;-161;1
91475387;1.01016;0.032208;0.00976;-35;63;-119;1
91488093;1.012112;0.036112;0.012688;-77;49;-84;1
91500152;1.01016;0.028304;0.00976;-105;35;-56;1
91511966;1.016016;0.021472;0.011712;-140;14;-28;1
91523783;1.0111359;0.010736;0.008784;-182;7;-21;1
91543074;1.01016;-0.000976;0.001952;-154;0;-28;1
91562209;1.01016;-0.013664;-0.003904;-77;7;-77;1
91573623;1.012112;-0.013664;-0.005856;-28;14;-105;1
91584684;1.013088;-0.0@20000101_000005_192721_laser_agl.csv@91591536;0.02;1
91596079;1.0111359;0.000976;-0.005856;-28;42;-161;1
91610073;1.012112;0.01464;-0.007808;21;91;-168;1
91633004;1.014064;0.031232;0.011712;-7;98;-140;1
91653126;1.0111359;0.05_192721_accel_adxl375.csv@91654262;1.7639999;0.147;0.147;1
91665350;1.0111359;0.027328;0.017568;-140;14;-42;1
91675938;1.01016;0.016592;0.00976;-168;-7;-14;1
91690361;1.009184;-0.00488;-0.000976;-182;-7;-28;1
91702335;1.0111359;-0.008784;-0.00488;-140;7;-49;1
91714751;1.012112;-0.011712;-0.005856;-126;21;-84;1
91734550;1.0111359;-0.00488;-0.010736;-63;42;-133;1
91753161;1.012112;0.0090005_192721_accel_adxl375.csv@91754274;1.7639999;0.147;0.196;1
91765718;1.01016;0.015616;0.0;-28;119;-182;1
91776162;1.0111359;0.022448;0.013664;-56;119;-182;1
91789661;1.012112;0.030256;0.022448;-91;56;-133;1
91823183;1.01016;0.022448;0.006832;-189;7;-42;1
91836857;1.0150399;0.015616;0.00488;-161;0;-28;1
91852071;1.01016;-0.000976;-0.003904;-189;-21;-35;1
91866126;1.012112;-0.00488;-0.012688;-196;0;-56;1
91877070;1.016016;-0.005856;-0.013664;-168;42;-77;1
91899173;1.0150399;-0.00488;0.0;-49;98;-112;1
91912874;1.012112;0.006832;0.007808;-21;77;-154;1
91924356;1.01016;0.015616;0.00976;-35;70;-154;1
91943446;1.0111359;0.026352;0.01952;-21;63;-133;1
91955692;1.014064;0.028304;0.020496;-56;42;-112;1
91969897;1.01016;0.028304;0.015616;-77;21;-91;1
91983245;1.012112;0.015616;0.003904;-119;-28;-42;1
91993935;1.0179679;0.00976;-0.003904;-112;-21;-28;1
92010782;1.013088;0.005856;-0.006832;-126;0;-28;1
92033893;1.013088;0.0;-0.01464;-91;28;-77;1
92045259;1.0150399;0.0;-0.013664;-70;56;-77;1
92056092;1.013088;0.001952;-0.006832;-56;84;-84;1
92073874;1.013088;0.006832;0.010736;-105;105;-126;1
92087030;1.012112;0.00976;0.017568;-77;77;-133;1
92098072;1.014064;0.016592;0.018544;-7;49;-119;1
92111631;1.01016;0.022448;0.017568;-42;35;-105;1
92123847;1.0111359;0.017568;0.017568;-105;21;-98;1
92136201;1.014064;0.010736;0.010736;-112;-7;-70;1
92148270;1.0150399;0.00488;0.003904;-98;-35;-63;1
92161695;1.0111359;0.005856;-0.006832;-84;-42;-70;1
92172121;1.012112;-0.001952;-0.008784;-98;-28;-84;1
92185795;1.014064;-0.0247;0.147;1
92197292;1.0111359;0.001952;-0.006832;-63;70;-126;1
92214247;1.012112;0.00488;0.0;-49;84;-140;1
92224980;1.013088;0.007808;0.006832;7;77;-133;1
92260341;1.01016;0.022448;0.015616;-56;42;-119;1
92271504;1.01016;0.021472;0.012688;-91;21;-112;1
92285476;1.013088;0.018544;0.010736;-105;14;-98;1
92296567;1.014064;0.012688;0.00488;-126;0;-91;1
92306995;1.013088;0.001952;-0.003904;-126;7;-77;1
92317968;1.014064;0.001952;-0.007808;-154;21;-98;1
92330193;1.013088;0.001952;-0.007808;-168;35;-119;1
92354557;1.014064;0.00976;-0.003904;-98;77;-119;1
92368103;1.013088;0.012688;0.006832;-91;91;-119;1
92381633;1.009184;0.015616;0.00976;-98;84;-119;1
92393536;1.012112;0.018544;0.006832;-70;63;-105;1
92405548;1.013088;0.015616;0.006832;-63;63;-91;1
92418647;1.013088;0.01@20000101_000005_192721_imu_bno055.csv@92426807;343.375;7593;-17344;0.96363184;0.03569007;-0.237593884
92431337;1.016016;0.016592;0.006832;-126;63;-70;1
92453049;1.013088;0.007808;0.006832;-168;28;-63;1
92464611;1.014064;0.006832;0.002928;-161;35;-63;1
92476049;1.012112;0.003904;-0.000976;-126;42;-63;1
92500252;1.014064;0.001952;0.0;-98;56;-105;1
92511919;1.01016;0.007808;-0.000976;-63;56;-112;1
92524980;1.013088;0.007808;-0.000976;-42;56;-112;1
92543083;1.014064;0.010736;0.002928;-84;77;-119;1
92562312;1.012112;0.013664;0.010736;-70;63;-105;1
92574300;1.012112;0.01464;0.011712;-70;56;-98;1
92590523;1.014064;0.016592;0.010736;-105;42;-91;1
92613099;1.014064;0.006832;0.006832;-140;21;-70;1
92633050;1.0111359;0.000976;0.000976;-91;0;-84;1
92644636;1.01016;0.0;0.0;-91;7;-98;1
92663096;1.012112;0.000976;0.000976;-98;42;-126;1
92677153;1.0111359;0.00488;0.001952;-42;56;-133;1
92690116;1.013088;0.005856;0.003904;-35;49;-140;1
92724314;1.0111359;0.013664;0.003904;-35;28;-140;1
92735288;1.012112;0.016592;0.006832;-56;21;-133;1
92753344;1.014064;0.016592;0.00488;-35;7;-105;1
92768532;1.016016;0.013664;0.00488;-42;-7;-98;1
92788062;1.013088;0.006832;-0.000976;-63;14;-91;1
92814047;1.01016;0.008;05_192721_accel_adxl375.csv@92815348;1.813;0.098;0.244999984;1
92825399;1.0111359;0.00976;-0.001952;-42;35;-119;1
92859085;1.016992;0.013664;0.002928;-35;56;-119;1
92873682;1.0111359;0.018544;0.003904;-63;56;-112;1
92884218;1.0111359;0.016592;0.00488;-77;49;-105;1
92898977;1.016016;0.017568;0.0;-105;35;-84;1
92923006;1.013088;0.012688;0.002928;-161;42;-63;1
92933988;1.012112;0.015616;-0.000976;-154;42;-56;1
92945421;1.012112;0.011712;0.000976;-140;42;-56;1
92957804;1.0111359;0.005856;0.0;-133;49;-56;1
92969175;1.014064;0.00488;-0.001952;-140;56;-70;1
92982049;1.014064;0.000976;0.0;-133;70;-84;1
93004262;1.01016;0.005856;0.002928;-105;63;-98;1
93023004;1.012112;0.00976;0.006832;-77;56;-105;1
93034283;1.0111359;0.013664;0.010736;-98;49;-105;1
93053491;1.012112;0.015616;0.00976;-84;35;-91;1
93065698;1.01016;0.017568;0.007808;-91;28;-84;1
93096213;1.014064;0.00976;-0.000976;-112;42;-63;1
93113422;1.013088;0.000;-0.247791052
93123970;1.0150399;-0.001952;0.001952;-119;63;-84;1
93137151;1.0111359;-0.001952;0.005856;-105;63;-98;1
93171700;1.01016;0.005856;0.016592;-49;21;-140;1
93183711;1.009184;0.012688;0.011712;-49;7;-147;1
93201508;1.014064;0.017568;0.001952;-49;-14;-133;1
93214107;1.014064;0.015616;-0.000976;-28;-7;-112;1
93227032;1.014064;0.017568;-0.00488;-56;7;-105;1
93244052;1.0111359;0.016592;-0.00488;-91;28;-84;1
93255108;1.012112;0.01-63;49;-70;1
93266199;1.013088;0.008784;-0.003904;-77;56;-70;1
93277092;1.013088;0.006832;0.002928;-84;70;-70;1
93292846;1.0111359;0.005856;0.013664;-63;63;-77;1
93304112;1.014064;0.005856;0.01952;-70;49;-91;1
93315396;1.012112;0.000976;0.016592;-49;35;-98;1
93326539;1.01016;0.00488;0.01464;-42;7;-105;1
93343122;1.008208;0.012688;0.00976;-35;-35;-112;1
93360699;1.01016;0.013664;0.002928;-35;-42;-112;1
93371089;1.0150399;0.017568;-0.00488;-56;-49;-105;1
93382917;1.013088;0.01464;-0.018544;-28;7;-84;1
93394113;1.014064;0.016592;-0.011712;-21;42;-70;1
93406104;1.014064;0.01952;-0.010736;-70;49;-63;1
93425452;1.01016;0.012688;-0.00488;-154;91;-49;1
93445145;1.012112;-0.000976;0.00976;-147;105;-49;1
93461355;1.0111359;0.003904;0.017568;-126;98;-56;1
93472037;1.009184;0.0;0.0244;-154;63;-84;1
93484440;1.012112;0.00905_192721_accel_adxl375.csv@93486082;1.7639999;0.147;0.147;1
93495153;1.012112;0.008784;0.010736;-84;-42;-84;1
93507039;1.012112;0.00488;0.000976;-91;-35;-91;1
93524807;1.013088;0.007808;-0.012688;-56;-7;-105;1
93535954;1.0179679;0.010736;-0.016592;-21;21;-98;1
93553080;1.0150399;0.016592;-0.017568;-21;49;-91;1
93587935;1.0111359;0.002928;0.011712;-112;126;-70;1
93603428;1.014064;-0.001952;0.020496;-105;105;-77;1
93623292;1.01016;-0.000976;0.0244;-98;49;-105;1
93643267;1.014064;0.007808;0.012688;-112;7;-133;1
93667392;1.016016;0.015616;-0.006832;-63;-42;-147;1
93683729;1.014064;0.0146s684723;1.7639999;0.196;0.147;1
93694201;1.0111359;0.015616;-0.016592;-112;14;-119;1
93705164;1.0150399;0.016592;-0.017568;-91;63;-112;1
93723030;1.014064;0.013664;-0.008784;-91;112;-98;1
93734052;1.01016;0.013664;0.00488;-98;126;-98;1
93746487;1.012112;0.013664;0.00976;-119;126;-84;1
93757497;1.012112;0.002928;0.023424;-112;91;-77;1
93768419;1.0111359;0.001952;0.027328;-119;49;-91;1
93781793;1.012112;-0.001952;0.026352;-119;7;-112;1
93793769;1.012112;0.002928;0.017568;-63;-28;-119;1
93805942;1.016016;0.001952;0.005856;-77;-49;-133;1
93823054;1.016016;0.010736;-0.015616;-63;-28;-133;1
93834033;1.014064;0.017568;-0.01952;-42;0;-119;1
93853457;1.014064;0.020496;-0.01464;-56;70;-105;1
93864020;1.013088;0.020496;-0.005856;-84;98;-105;1
93875242;1.014064;0.01952;0.011712;-112;119;-84;1
93886962;1.0111359;0.0@20000101_000005_192721_accel_adxl375.csv@93889272;1.7639999;0.098;0.196;1
93903055;1.0111359;0.011712;0.022448;-126;49;-49;1
93915787;1.0111359;0.00488;0.018544;-77;28;-49;1
93933065;1.013088;-0.000976;0.011712;-133;-7;-70;1
93944081;1.009184;0.0;0.00488;-105;-21;-98;1
93955077;1.008208;0.0;0.0;-77;-35;-105;1
93966022;1.013088;0.001952;-0.002928;-70;-35;-119;1
93977239;1.013088;0.007808;-0.012688;-70;-21;-126;1
93998880;1.012112;0.007808;-0.005856;-28;49;-112;1
94032824;1.013088;0.018544;0.003904;-49;70;-112;1
94066266;1.012112;0.008784;0.013664;-119;42;-70;1
94084723;1.014064;0.00@20000101_000005_192721_imu_bno055.csv@94096938;343.4375;7593;-17350;0.96363184;0.022433758;-0.23351502
94098964;1.0111359;0.000976;0.008784;-105;-14;-98;1
94110188;1.012112;0.006832;0.0;-77;-21;-112;1
94130094;1.013088;0.008784;-0.008784;-70;0;-112;1
94145688;1.013088;0.008784;-0.012688;-98;28;-112;1
94166997;1.013088;0.012688;-0.011712;7;84;-105;1
94184317;1.0111359;0.010736;0.006832;-126;126;-126;1
94195872;1.012112;0.018544;0.010736;-84;119;-98;1
94207260;1.016016;0.017568;0.015616;-84;112;-77;1
94218183;1.013088;0.011712;0.021472;-126;84;-77;1
94233311;1.0111359;0.00976;0.026352;-154;42;-77;1
94252710;1.0111359;0.005856;0.018544;-154;-35;-91;1
94264161;1.0111359;0.005856;0.007808;-133;-49;-84;1
94275096;1.0150399;0.00976;-0.006832;-210;-35;-112;1
94288597;1.012112;0.00976;-0.01952;-105;-14;-84;1
94298997;1.0150399;0.010736;-0.021472;-77;14;-84;1
94314553;1.016992;0.007808;-0.021472;-133;35;-91;1
94334860;1.014064;0.010736;-0.011712;-91;126;-91;1
94349385;1.0111359;0.01464;0.015616;-84;154;-91;1
94364634;1.0111359;0.016592;0.021472;-91;140;-91;1
94374915;1.013088;0.013664;0.026352;-119;98;-84;1
94387921;1.01016;0.0067;1
94399052;1.014064;0.000976;0.022448;-77;-14;-84;1
94415741;1.013088;0.002928;0.012688;-84;-49;-105;1
94442280;1.014064;0.011712;-0.012688;-91;-35;-112;1
94456262;1.013088;0.010736;-0.015616;-56;-7;-98;1
94496853;1.009184;0.00976;-0.003904;-77;77;-119;1
94533206;1.0111359;0.010736;0.018544;-119;56;-119;1
94545313;1.0111359;0.007808;0.018544;-14;28;-98;1
94556250;1.013088;0.005856;0.021472;21;-14;-91;1
94567838;1.013088;0.003904;0.016592;-112;-49;-126;1
94578905;1.013088;0.005856;-0.000976;-49;-63;-140;1
94593996;1.016992;0.007808;-0.010736;42;-42;-119;1
94613070;1.013088;0.0000101_000005_192721_imu_bno055.csv@94617541;343.4375;7593;-17344;0.959553;0.02447319;-0.25390936
94624161;1.0150399;0.012688;-0.01952;-21;42;-140;1
94644641;1.0111359;0.01464;-0.008784;7;98;-112;1
94655169;1.016016;0.018544;0.0;-77;119;-119;1
94666169;1.016016;0.01464;0.011712;-49;147;-105;1
94677090;1.013088;0.011712;0.025376;21;133;-70;1
94688740;1.013088;0.007808;0.037088;-63;91;-77;1
94703446;1.0111359;0.003904;0.027328;-119;-42;-112;1
94715451;1.0150399;0.00488;0.012688;-7;-77;-98;1
94725911;1.013088;0.005856;-0.00488;-77;-84;-133;1
94741317;1.0150399;0.020496;-0.025376;-28;-28;-133;1
94765373;1.013088;0.022448;-0.02928;-112;63;-91;1
94777424;1.016016;0.0244;-0.0244;-126;98;-77;1
94788334;1.0150399;0.020496;-0.011712;-161;147;-70;1
94803147;1.0111359;0.008784;0.017568;-126;168;-42;1
94814172;1.016992;0.000976;0.033184;-175;140;-49;1
94825410;1.012112;-0.003904;0.035136;-217;98;-63;1
94841428;1.012112;-0.003904;0.032208;-133;28;-63;1
94854724;1.0111359;-0.@20000101_000005_192721_accel_adxl375.csv@94861610;1.7639999;0.147;0.196;1
94865173;1.012112;0.000976;0.000976;-84;-56;-133;1
94877466;1.014064;0.012688;-0.011712;-91;-63;-140;1
94921031;1.012112;0.017568;-0.017568;-35;105;-105;1
94942132;1.013088;0.012688;0.008784;-140;119;-98;1
94955589;1.007232;0.012688;0.027328;-98;105;-70;1
94967031;1.0111359;0.008784;0.035136;-140;49;-63;1
94980458;1.009184;0.003904;0.035136;-105;28;-77;1
94991478;1.01016;0.00488;0.028304;-112;-21;-84;1
95005373;1.012112;0.000976;-0.000976;-70;-91;-98;1
95017388;1.0111359;-0.002928;-0.011712;-98;-70;-119;1
95028772;1.0150399;-0.00488;-0.020496;-42;-56;-140;1
95043356;1.016016;0.002928;-0.021472;0;-7;-154;1
95066569;1.013088;0.020496;0.001952;21;91;-147;1
95077444;1.01016;0.01952;0.008784;14;98;-133;1
95091557;1.0111359;0.018544;0.015616;0;77;-126;1
95106647;1.012112;0.028304;0.018544;-42;49;-98;1
95130668;1.008208;0.01464;0.021472;-91;-14;-56;1
95148788;1.0111359;0.0;0.00488;-70;-77;-77;1
95159766;1.009184;-0.002928;-0.007808;-28;-84;-98;1
95172576;1.0111359;0.000976;-0.015616;-14;-63;-112;1
95183067;1.0150399;0.003904;-0.016592;-42;-14;-133;1
95200994;1.01016;0.001952;-0.011712;-21;35;-147;1
95212198;1.014064;0.006832;-0.00976;56;56;-154;1
95224416;1.012112;0.013664;-0.002928;35;56;-168;1
95237145;1.0111359;0.023424;0.0;-14;63;-175;1
95264185;1.0150399;0.032208;0.015616;-154;56;-91;1
95302955;1.016016;0.00976;-0.00488;-203;-28;21;1
95314293;1.014064;-0.006832;-0.011712;-273;-28;14;1
95328490;1.013088;-0.020496;-0.01464;-189;7;-7;1
95343553;1.014064;-0.023424;-0.012688;-84;70;-112;1
95355013;1.013088;-0.0464;-0.003904;-56;98;-168;1
95366196;1.016016;-0.001952;0.002928;42;112;-189;1
95377349;1.012112;0.006832;0.005856;49;98;-189;1
95389177;1.013088;0.017568;0.013664;-14;70;-196;1
95400161;1.012112;0.032208;0.008784;-35;56;-189;1
95413178;1.0150399;0.038064;0.010736;21;42;-126;1
95441310;1.014064;0.026352;0.003904;-231;14;-28;1
95456031;1.009184;0.012688;-0.006832;-182;14;14;1
95467936;1.01016;-0.001952;-0.008784;-189;7;14;1
95482193;1.01016;-0.016592;-0.013664;-154;84;-49;1
95495366;1.007232;-0.01952;-0.005856;-126;98;-84;1
95511882;1.01016;-0.00976;0.008784;-56;112;-161;1
95524848;1.012112;-0.003904;0.016592;-63;84;-189;1
95543555;1.013088;0.01464;0.021472;84;56;-203;1
95556826;1.012112;0.025376;0.01952;7;21;-210;1
95568060;1.013088;0.033184;0.018544;-35;-28;-203;1
95579600;1.009184;0.038064;0.012688;14;-35;-154;1
95595000;1.016992;0.02928;-0.00976;-42;-49;-56;1
95606551;1.0150399;0.0244;-0.011712;-49;-14;-35;1
95624550;1.014064;0.007808;-0.016592;-203;21;-35;1
95636941;1.012112;-0.001952;-0.016592;-112;70;-28;1
95656497;1.016016;-0.012688;0.0;-140;105;-77;1
95668295;1.013088;-0.013664;0.012688;-56;112;-98;1
95681934;1.0111359;-0.00976;0.016592;-14;91;-126;1
95693498;1.01016;-0.002928;0.021472;-7;56;-154;1
95709747;1.012112;0.011712;0.016592;-42;-7;-189;1
95747321;1.014064;0.038064;-0.008784;-28;-49;-98;1
95766252;1.016992;0.030256;-0.022448;-56;14;-7;1
95778916;1.016016;0.020496;-0.023424;-161;49;7;1
95801119;1.013088;0.003904;-0.011712;-245;119;-14;1
95813985;1.0150399;-0.00488;-0.003904;-259;140;-21;1
95827276;1.012112;-0.011712;0.013664;-161;126;-49;1
95840360;1.013088;-0.01464;0.012688;-175;119;-77;1
95859611;1.013088;-0.00488;0.0244;-63;63;-147;1
95870584;1.0111359;0.007808;0.021472;-42;21;-168;1
95884573;1.013088;0.01
95895727;1.0111359;0.025376;0.003904;-42;-35;-147;1
95929930;1.012112;0.023424;-0.013664;-133;63;-49;1
95944955;1.016016;0.017568;-0.016592;-161;84;-35;1
95965018;1.012112;0.000976;-0.000976;-252;112;-35;1
95979335;1.01016;-0.010736;0.012688;-301;140;-77;1
95992173;1.012112;-0.007808;0.015616;-210;112;-98;1
96026771;1.012112;0.002928;0.020496;-42;28;-154;1
96044547;1.0111359;0.011712;0.013664;-91;-14;-182;1
96056191;1.012112;0.018544;0.00976;-21;-35;-168;1
96067602;1.0150399;0.023424;0.001952;-7;-49;-147;1
96082099;1.013088;0.026352;-0.01464;-77;-14;-112;1
96101104;1.014064;0.016592;-0.015616;-77;56;-56;1
96119379;1.0150399;0.012688;-0.008784;-119;84;-56;1
96133724;1.0111359;0.003904;0.006832;-175;91;-84;1
96153500;1.012112;-0.002928;0.01952;-21;84;-84;1
96164104;1.01016;-0.003904;0.023424;-21;56;-105;1
96175297;1.01016;0.0;0.026352;-49;21;-133;1
96219295;1.0179679;0.018544;-0.003904;28;-77;-126;1
96234412;1.016016;0.0244;-0.015616;-70;-28;-98;1
96253358;1.014064;0.01952;-0.013664;-56;35;-42;1
96266221;1.012112;0.01464;-0.00976;-56;63;-42;1
96276883;1.0150399;0.008784;-0.006832;-91;77;-42;1
96290938;1.014064;0.005856;0.0;-126;77;-42;1
96327260;1.01016;-0.001952;0.016592;-98;56;-91;1
96340083;1.012112;0.0;0.01464;-84;35;-112;1
96363068;1.012112;0.008784;0.007808;-42;-14;-126;1
96375322;1.013088;0.013664;-0.005856;-56;-35;-119;1
96388577;1.016016;0.017568;-0.01464;-63;0;-105;1
96404201;1.0111359;0.020496;-0.016592;-56;28;-84;1
96416344;1.012112;0.013664;-0.011712;-119;84;-77;1
96427663;1.013088;0.008784;-0.005856;-105;105;-63;1
96442994;1.012112;0.007808;0.000976;-161;105;-70;1
96454101;1.0111359;0.003904;0.00488;-189;105;-70;1
96464933;1.0111359;0.0;0.012688;-126;98;-77;1
96477354;1.01016;-0.001952;0.01464;-98;63;-105;1
96490071;1.0111359;0.000976;0.01464;-119;49;-126;1
96503257;1.014064;-0.000976;0.00976;-84;14;-140;1
96523018;1.016992;0.008784;-0.001952;-49;-7;-161;1
96536468;1.013088;0.01464;-0.00976;-49;14;-147;1
96547571;1.014064;0.018544;-0.00976;-35;49;-133;1
96568961;1.014064;0.01952;-0.002928;-112;70;-105;1
96583811;1.014064;0.018544;0.0;-154;84;-105;1
96596803;1.0150399;0.018544;0.002928;-147;84;-91;1
96607911;1.009184;0.007808;0.00976;-91;77;-63;1
96621046;1.014064;0.003904;0.01464;-133;63;-70;1
96634890;1.013088;-0.000976;0.015616;-182;42;-98;1
96646148;1.0111359;0.011imu_bno055.csv@96678741;343.6875;7581;-17313;0.9605727;0.023453474;-0.24371218
96686393;1.014064;0.013664;-0.003904;-49;-14;-126;1
96698135;1.016016;0.015616;-0.010736;-42;7;-119;1
96711606;1.012112;0.018544;-0.007808;-28;49;-105;1
96724182;1.014064;0.017568;-0.002928;-70;70;-98;1
96736020;1.0150399;0.021472;0.0;-70;70;-91;1
96748683;1.0111359;0.020496;0.000976;-77;70;-77;1
96759050;1.013088;0.016592;0.006832;-126;77;-63;1
96770149;1.012112;0.00488;0.018544;-77;56;-49;1
96786138;1.012112;0.0;6@20000101_000005_192721_accel_adxl375.csv@96794136;1.7639999;0.147;0.196;1
96798388;1.01016;0.002928;0.012688;-91;0;-77;1
96809194;1.0111359;0.003904;0.006832;-56;-35;-84;1
96822334;1.014064;0.0;-0.006832;-56;-28;-105;1
96833767;1.0111359;0.000976;-0.012688;-84;0;-119;1
96845772;1.007232;0.003904;-0.011712;-84;7;-133;1
96858147;1.016016;0.006832;-0.011712;-7;28;-133;1
96869710;1.014064;0.013664;-0.011712;0;49;-126;1
96885400;1.0111359;0.020496;-0.002928;-105;77;-112;1
96896317;1.014064;0.020496;-0.000976;-70;91;-84;1
96907446;1.013088;0.016592;0.002928;-91;91;-77;1
96926179;1.009184;0.007808;0.013664;-140;70;-70;1
96944996;1.012112;0.001952;0.015616;-147;28;-77;1
96958469;1.0111359;-0.007808;0.011712;-133;7;-98;1
96970158;1.01016;-0.006832;0.008784;-91;-14;-119;1
96983543;1.009184;0.001952;-0.005856;-49;-21;-147;1
96994399;1.0111359;0.007808;-0.00976;-28;-7;-161;1
97006679;1.0111359;0.010736;-0.013664;-35;21;-161;1
97026156;1.0150399;0.021472;-0.006832;7;70;-154;1
97044577;1.0111359;0.025376;0.002928;-63;98;-105;1
97058056;1.013088;0.023424;0.007808;-91;98;-84;1
97070240;1.012112;0.017568;0.01464;-140;84;-70;1
97085555;1.0111359;0.006832;0.015616;-105;35;-63;1
97136922;1.012112;0.0;-0.007808;-119;-7;-112;1
97156639;1.0111359;0.006832;-0.008784;-42;28;-133;1
97168348;1.014064;0.012688;-0.005856;-35;56;-133;1
97182171;1.013088;0.016592;-0.000976;-42;63;-126;1
97193892;1.013088;0.018544;0.00488;-84;70;-119;1
97209344;1.0111359;0.01952;0.006832;-63;70;-77;1
97234825;1.012112;0.015616;0.015616;-98;35;-63;1
97245960;1.01016;0.012688;0.008784;-119;14;-49;1
97259261;1.01016;0.000976;0.001952;-119;-14;-49;1
97270036;1.014064;0.0;-0.002928;-112;-21;-70;1
97284673;1.0111359;-0.003904;-0.007808;-98;-7;-84;1
97308292;1.013088;0.003904;-0.010736;-49;42;-119;1
97333004;1.013088;0.011712;-0.002928;-49;84;-140;1
97346471;1.012112;0.017568;0.0;-56;91;-133;1
97369576;1.01016;0.016592;0.012688;-105;77;-98;1
97380247;1.013088;0.016592;0.013664;-119;63;-84;1
97397363;1.01016;0.01464;0.010736;-161;49;-77;1
97410052;1.012112;0.005856;0.005856;-133;7;-70;1
97422812;1.012112;0.001952;0.001952;-133;7;-70;1
97435805;1.013088;-0.001952;-0.00488;-133;14;-84;1
97455066;1.014064;-0.00488;-0.005856;-98;42;-126;1
97468882;1.0111359;-0.003904;-0.003904;-49;56;-147;1
97480301;1.013088;0.01;-0.002928;-35;77;-175;1
97513697;1.013088;0.023424;0.007808;-56;84;-133;1
97532759;1.009184;0.025376;0.015616;-98;70;-98;1
97553360;1.012112;0.016592;0.011712;-196;28;-63;1
97566246;1.014064;0.010736;0.00976;-210;14;-56;1
97577435;1.014064;0.003904;0.006832;-210;7;-49;1
97590931;1.013088;0.0;0.001952;-161;0;-56;1
97603996;1.01016;-0.000976;-0.002928;-105;0;-91;1
97623003;1.014064;0.000976;-0.005856;-63;28;-119;1
97634201;1.016016;0.006832;-0.007808;-49;49;-133;1
97653024;1.0111359;0.017568;0.002928;14;70;-140;1
97666150;1.012112;0.021472;0.006832;0;63;-126;1
97677128;1.014064;0.020496;0.008784;7;63;-105;1
97688303;1.012112;0.022448;0.01464;-21;49;-91;1
97699053;1.012112;0.020496;0.013664;-98;28;-77;1
97710606;1.014064;0.017568;0.011712;-63;14;-63;1
97724396;1.014064;0.011712;0.006832;-84;-7;-42;1
97745225;1.013088;0.000976;-0.002928;-105;-7;-35;1
97758255;1.012112;-0.006832;-0.00488;-84;0;-42;1
97770911;1.0111359;-0.003904;-0.005856;-77;0;-70;1
97785074;1.016016;-0.00488;-0.00488;-70;28;-119;1
97796301;1.014064;0.002928;-0.001952;-63;28;-126;1
97809115;1.0111359;0.005856;0.0;-42;42;-133;1
97829212;1.013088;0.013664;0.001952;-42;49;-147;1
97844167;1.012112;0.013664;0.003904;-42;49;-133;1
97867917;1.013088;0.023424;0.002928;-91;28;-91;1
97881839;1.0111359;0.018544;0.0;-112;28;-77;1
97893125;1.0111359;0.012688;-0.001952;-133;35;-63;1
97905486;1.014064;0.000976;-0.002928;-133;35;-70;1
97916721;1.014064;-0.000976;-0.001952;-112;42;-77;1
97928782;1.012112;-0.00488;-0.000976;-98;49;-98;1
97996142;1.0111359;0.018544;0.005856;-42;63;-154;1
98011724;1.0111359;0.026352;0.007808;-119;49;-133;1
98023705;1.0111359;0.026352;0.005856;-91;42;-105;1
98041305;1.016992;0.017568;0.003904;-140;35;-63;1
98063072;1.014064;0.007808;0.000976;-189;35;-56;1
98074684;1.0111359;0.00488;-0.003904;-175;35;-56;1
98086571;1.013088;-0.0
98102812;1.013088;0.000976;0.000976;-105;63;-105;1
98122998;1.012112;0.007808;0.005856;-70;70;-112;1
98138466;1.012112;0.012688;0.007808;-70;63;-119;1
98163012;1.0111359;0.020496;0.007808;-49;28;-98;1
98179276;1.013088;0.0244;0.00488;-105;21;-63;1
98192610;1.01016;0.020496;0.00488;-119;7;-49;1
98208917;1.012112;0.010736;0.0;-133;7;-35;1
98221673;1.008208;0.002928;-0.006832;-105;14;-49;1
98232268;1.016016;0.0;-0.003904;-91;28;-63;1
98243706;1.012112;-0.001952;-0.003904;-70;42;-77;1
98254203;1.0111359;-0.@20000101_000005_192721_accel_adxl375.csv@98258898;1.7639999;0.098;0.196;1
98266249;1.012112;-0.000976;0.001952;-49;49;-112;1
98277633;1.016016;0.0;0.00488;-28;42;-126;1
98290221;1.014064;0.005856;0.003904;-14;35;-133;1
98301264;1.009184;0.01464;0.005856;-21;35;-140;1
98313912;1.009184;0.018544;0.00488;-56;21;-126;1
98324929;1.01016;0.018544;0.005856;-70;21;-112;1
98339672;1.014064;0.022448;0.002928;-70;14;-98;1
98351067;1.014064;0.018544;-0.000976;-98;7;-77;1
98363979;1.01016;0.011712;-0.005856;-140;28;-70;1
98374960;1.009184;0.006832;-0.006832;-161;35;-77;1
98410528;1.016016;-0.005856;-0.002928;-70;70;-112;1
98428237;1.016016;0.003904;0.003904;-63;70;-147;1
98442423;1.016016;0.006832;0.008784;-28;70;-147;1
98455606;1.0111359;0.017568;0.010736;-56;42;-154;1
98466556;1.01016;0.017568;0.007808;-70;35;-147;1
98477386;1.0111359;0.022448;0.003904;-63;35;-133;1
98492271;1.013088;0.023424;0.003904;-42;35;-112;1
98503005;1.013088;0.021472;0.001952;-70;28;-91;1
98523032;1.013088;0.015616;-0.002928;-189;28;-77;1
98539969;1.0111359;0.006832;-0.008784;-140;63;-56;1
98564691;1.014064;0.00488;0.002928;-189;91;-105;1
98575108;1.012112;0.008784;0.00488;-161;98;-105;1
98588883;1.012112;0.00976;0.00976;-126;91;-105;1
98600031;1.012112;0.008784;0.011712;-133;77;-105;1
98610956;1.012112;0.012688;0.01464;-126;70;-112;1
98624129;1.0111359;0.013664;0.01464;-98;49;-112;1
98636810;1.0111359;0.015616;0.008784;-98;14;-98;1
98653072;1.013088;0.01464;0.002928;-112;14;-84;1
98664768;1.013088;0.013664;0.0;-126;14;-77;1
98678020;1.014064;0.011712;-0.00488;-119;42;-63;1
98692195;1.0150399;0.011712;-0.003904;-119;49;-63;1
98712994;1.012112;0.000cel_adxl375.csv@98714066;1.813;0.098;0.147;1
98733079;1.009184;0.0;0.005856;-63;70;-91;1
98747123;1.01016;0.003904;0.011712;-49;56;-105;1
98758088;1.014064;0.00976;0.010736;-63;28;-119;1
98769041;1.014064;0.010736;0.00976;-49;14;-119;1
98780373;1.0150399;0.012688;0.006832;-28;7;-112;1
98795817;1.012112;0.012688;0.002928;-56;-7;-112;1
98813005;1.013088;0.01952;-0.000976;-63;7;-98;1
98849557;1.014064;0.007808;0.001952;-112;42;-84;1
98867531;1.01016;0.006832;0.003904;-91;42;-91;1
98881752;1.0111359;0.001952;0.00976;-91;21;-105;1
98894047;1.012112;0.002928;0.00976;-77;21;-112;1
98907669;1.01016;0.003904;0.011712;-63;14;-126;1
98918730;1.009184;0.00@20000101_000005_192721_imu_bno055.csv@98930007;343.125;7581;-17275;0.96261216;0.02447319;-0.23963332
98931871;1.012112;0.011712;-0.000976;-7;-14;-140;1
98943334;1.013088;0.016592;-0.003904;0;-14;-140;1
98957038;1.014064;0.018544;-0.007808;7;7;-126;1
98968035;1.0111359;0.023424;-0.00976;7;28;-112;1
98983664;1.012112;0.020496;-0.003904;-63;63;-84;1
99005246;1.006256;0.00976;0.002928;-91;63;-70;1
99022999;1.009184;0.00488;0.00976;-70;49;-77;1
99034985;1.012112;0.0;0.010736;-77;35;-84;1
99053031;1.013088;0.001952;0.008784;-84;21;-112;1
99065675;1.012112;0.00488;0.001952;-77;7;-119;1
99076193;1.013088;0.011712;-0.000976;-70;0;-126;1
99089437;1.012112;0.017568;-0.005856;-70;14;-126;1
99113436;1.012112;0.021472;-0.006832;-105;70;-84;1
99133609;1.0111359;0.013664;0.002928;-175;77;-63;1
99152602;1.0111359;0.012688;0.005856;-182;77;-49;1
99163219;1.012112;0.001952;0.015616;-175;63;-56;1
99178788;1.01016;-0.002928;0.012688;-147;56;-63;1
99199355;1.007232;0.0;0.011712;-91;7;-98;1
99210152;1.014064;0.0;0.00488;-70;0;-112;1
99221145;1.014064;0.008784;0.0;-63;-7;-119;1
99236125;1.014064;0.015616;-0.006832;-49;21;-126;1
99267820;1.014064;0.0121
99295898;1.0150399;0.012688;0.00976;-77;63;-70;1
99314090;1.012112;0.006832;0.007808;-112;49;-70;1
99333021;1.012112;0.000976;0.008784;-84;14;-77;1
99344188;1.0111359;0.0;0.008784;-84;14;-91;1
99355244;1.0150399;-0.001952;0.005856;-91;0;-112;1
99366144;1.014064;0.006832;0.000976;-63;7;-126;1
99377319;1.0111359;0.00976;-0.000976;-56;-7;-133;1
99391031;1.012112;0.012688;-0.005856;-42;0;-133;1
99402196;1.012112;0.013664;-0.008784;-14;21;-133;1
99413975;1.0111359;0.016592;-0.003904;-35;35;-119;1
99434586;1.013088;0.018544;-0.002928;-77;56;-105;1
99445060;1.0150399;0.016592;0.00488;-84;56;-84;1
99456429;1.01016;0.013664;0.00488;-98;49;-84;1
99467249;1.012112;0.005856;0.008784;-84;28;-77;1
99478311;1.014064;0.006832;0.007808;-119;35;-84;2
99492689;1.013088;0.002928;0.006832;-84;28;-91;1
99503490;1.0111359;-0.001952;0.00488;-56;7;-91;1
99514851;1.0111359;0.002928;0.001952;-70;0;-119;1
99533447;1.0111359;0.012688;-0.005856;-70;21;-133;1
99544641;1.0111359;0.010736;-0.002928;-28;28;-126;1
99556698;1.01016;0.013664;-0.003904;-21;49;-112;1
99567487;1.013088;0.018544;-0.007808;-77;56;-105;1
99578495;1.012112;0.021472;-0.002928;-126;56;-105;1
99592530;1.0111359;0.016592;0.002928;-105;77;-63;1
99604426;1.0111359;0.010736;0.006832;-133;77;-63;1
99615088;1.014064;0.006832;0.011712;-168;70;-63;1
99632990;1.008208;0.001952;0.011712;-126;35;-70;1
99644620;1.016992;-0.002928;0.007808;-98;28;-77;1
99655844;1.0111359;-0.002928;0.008784;-98;14;-105;1
99668773;1.0111359;0.002928;0.003904;-91;14;-119;1
99679328;1.013088;0.003904;0.0;-63;14;-133;1
99723743;1.014064;0.01952;-0.00488;-49;63;-105;1
99736991;1.012112;0.020496;0.001952;-70;77;-91;1
99753246;1.0111359;0.01464;0.00488;-126;77;-70;1
99765915;1.01016;0.011712;0.00976;-126;63;-56;1
99777481;1.01016;0.00488;0.007808;-154;49;-63;1
99788938;1.01016;0.002928;0.008784;-140;42;-70;1
99803075;1.0150399;-0.000976;0.008784;-119;14;-91;1
99814153;1.009184;-0.001952;0.00488;-91;7;-105;1
99825499;1.013088;-0.000976;0.00488;-77;0;-119;1
99836174;1.01016;0.000976;-0.001952;-77;7;-133;1
99847344;1.012112;0.002928;-0.002928;-28;21;-133;1
99859476;1.012112;0.008784;-0.001952;-14;28;-140;1
99870343;1.0150399;0.01464;0.0;-21;35;-147;1
99884778;1.014064;0.023424;-0.000976;-63;49;-126;1
99896069;1.009184;0.0244;0.0;-63;56;-105;1
99907475;1.014064;0.021472;0.005856;-84;56;-84;1
99919526;1.013088;0.015616;0.002928;-98;49;-70;1
99936738;1.01016;0.008784;0.006832;-140;42;-56;1
99947359;1.014064;0.001952;0.007808;-119;28;-63;1
99959032;1.014064;-0.000976;0.006832;-98;21;-70;1
99970464;1.014064;-0.002928;0.00488;-112;14;-91;1
99984182;1.01016;-0.005856;0.000976;-77;7;-112;1
99995418;1.014064;0.001952;-0.00488;-42;21;-140;1
100006311;1.014064;0.00976;-0.005856;-28;35;-140;1
100031267;1.0111359;0.01952;-0.001952;-21;63;-133;1
100059466;1.0111359;0.0244;0.006832;-77;70;-84;1
100070094;1.01016;0.020496;0.008784;-119;70;-70;1
100081794;1.0111359;0.012688;0.010736;-126;63;-56;1
100111707;1.009184;0.000976;0.000976;-112;28;-56;1
100148024;1.014064;0.007808;-0.006832;-63;49;-112;1
100176555;1.009184;0.00976;-0.001952;-56;70;-133;1
100194768;1.014064;0.017568;0.003904;-84;84;-119;1
100205982;1.009184;0.020496;0.003904;-70;77;-105;1
100217103;1.012112;0.015616;0.007808;-98;70;-91;1
100228072;1.0111359;0.01464;0.008784;-119;49;-77;1
100243474;1.009184;0.011712;0.007808;-112;42;-63;1
100268821;1.008208;0.000976;0.003904;-140;28;-84;1
100279290;1.016016;0.000976;0.00488;-133;28;-84;1
100291815;1.012112;0.001952;-0.001952;-112;28;-91;1
100309188;1.0111359;0.005856;-0.000976;-105;49;-119;1
100321680;1.012112;0.007808;-0.000976;-98;63;-126;1
100333191;1.01016;0.008784;0.005856;-91;63;-126;1
100351993;1.0111359;0.018544;0.007808;-77;56;-119;1
100367002;1.013088;0.020496;0.010736;-91;42;-105;1
100378180;1.012112;0.020496;0.006832;-126;42;-91;1
100404153;1.012112;0.007808;0.005856;-140;28;-70;1
100417339;1.013088;0.001952;0.005856;-112;21;-77;1
100435483;1.013088;0.0;0.005856;-126;7;-98;1
100466711;1.014064;0.002928;0.000976;-42;14;-126;1
100477349;1.014064;0.007808;-0.001952;-42;28;-140;1
100504594;1.012112;0.020496;0.0;-14;42;-119;1
100516962;1.014064;0.023424;0.002928;-70;42;-112;1
100536501;1.014064;0.018544;0.008784;-42;35;-63;1
100550743;1.012112;0.012688;0.005856;-63;28;-56;1
100564767;1.0111359;0.002928;0.008784;-140;14;-70;1
100611710;1.01016;0.006832;-0;01_000005_192721_imu_bno055.csv@100613737;343.25;7581;-17282;0.96363184335;238;4251
100623710;1.013088;0.007808;-0.006832;-14;49;-119;1
100641010;1.0111359;0.013664;-0.005856;-63;63;-133;1
100653504;1.01016;0.01@20000101_000005_192721_laser_agl.csv@100656867;0.021;1
100666014;1.0111359;0.021472;0.003904;-42;84;-91;1
100677401;1.012112;0.018544;0.007808;-105;77;-77;1
100691931;1.01016;0.013664;0.011712;-140;70;-77;1
100713000;1.01016;0.003904;0.013664;-126;21;-63;1
100726083;1.014064;0.00488;0.0;-133;7;-84;1
100742986;1.013088;0.0;-0.002928;-140;14;-91;1
100754118;1.013088;0.003904;-0.00488;-91;28;-98;1
100766602;1.013088;0.00488;-0.00976;-84;49;-119;1
100777821;1.014064;0.010736;-0.007808;-77;70;-133;1
100789088;1.0111359;0.015616;-0.003904;-84;91;-126;1
100803236;1.013088;0.017568;0.0;-84;98;-112;1
100814961;1.012112;0.013664;0.008784;-98;105;-105;1
100832906;1.009184;0.01464;0.017568;-133;70;-91;1
100845815;1.0111359;0.012688;0.017568;-126;56;-84;1
100869295;1.008208;0.003904;0.003904;-133;7;-91;1
100884501;1.013088;0.006832;0.000976;-112;7;-91;1
100903093;1.013088;0.007808;-0.003904;-119;28;-112;1
100914438;1.014064;0.00976;-0.002928;-91;42;-105;1
100925151;1.01016;0.006832;-0.001952;-91;49;-105;1
100942553;1.009184;0.010736;0.001952;-63;56;-112;1
100955207;1.009184;0.012688;0.006832;-63;56;-119;1
100973080;1.0111359;0.01464;0.013664;-70;49;-105;1
100984982;1.012112;0.0@20000101_000005_192721_baro_icp10111.csv@101003866;-22.580874;37.004548;101596.52;2.099947
101005452;1.012112;0.011712;0.008784;-35;-7;-84;1
101023085;1.014064;0.008784;-0.001952;-70;-14;-91;1
101035266;1.016016;0.007808;-0.002928;-35;0;-84;1
101074159;1.016016;0.006832;-0.002928;-28;35;-112;1
101085354;1.012112;0.09sv@101087591;1.813;0.147;0.196;1
101098537;1.009184;0.013664;0.002928;-7;56;-119;1
101110007;1.014064;0.012688;0.00488;-42;56;-119;1
101132128;1.0111359;0.015616;0.00976;-56;14;-105;1
101145348;1.013088;0.016592;0.003904;-91;7;-105;1
101156189;1.012112;0.015616;0.000976;-91;14;-91;1
101168231;1.01016;0.010736;0.000976;-98;14;-84;1
101180290;1.013088;0.008784;0.0;-112;14;-84;1
101196315;1.013088;0.00488;-0.005856;-98;21;-91;1
101207132;1.012112;0.003904;-0.003904;-98;28;-98;1
101218674;1.012112;0.0.15;1
101231606;1.0111359;0.003904;-0.002928;-91;56;-112;1
101248594;1.013088;0.006832;0.002928;-49;70;-133;1
101262082;1.013088;0.012688;0.007808;-56;56;-126;1
101273142;1.009184;0.01464;0.010736;-49;49;-133;1
101290328;1.014064;0.017568;0.008784;-56;42;-119;1
101301024;1.01016;0.020496;0.00488;-98;21;-105;1
101312791;1.0111359;0.017568;0.003904;-105;14;-98;1
101332992;1.016016;0.01464;-0.003904;-119;28;-77;1
101345806;1.009184;0.006832;-0.008784;-126;56;-70;1
101358826;1.013088;0.00976;-0.003904;-140;63;-77;1
101369442;1.0111359;0.00488;0.000976;-161;70;-84;1
101379969;1.01016;0.006832;0.002928;-126;77;-84;1
101393438;1.014064;0.005856;0.008784;-98;77;-98;1
101404951;1.0111359;0.006832;0.012688;-112;56;-112;1
101416211;1.009184;0.010736;0.015616;-91;35;-112;1
101432943;1.016016;0.016592;0.012688;-84;21;-119;1
101483744;1.012112;0.015616;-0.00488;-105;21;-63;1
101498208;1.014064;0.011712;-0.00488;-119;42;-56;1
101510490;1.012112;0.005856;-0.000976;-133;63;-56;1
101533083;1.0111359;0.0;0.007808;-105;77;-63;1
101544189;1.009184;-0.000976;0.010736;-63;70;-70;1
101555250;1.009184;0.0;0.015616;-77;49;-91;1
101566883;1.014064;0.00488;0.01464;-35;21;-119;1
101577949;1.012112;0.005856;0.01464;-28;0;-119;1
101595097;1.01016;0.010736;0.00488;-49;-7;-126;1
101606223;1.012112;0.013664;-0.001952;-35;-14;-126;1
101624668;1.013088;0.017568;-0.007808;-42;7;-98;1
101637158;1.0111359;0.017568;-0.00976;-70;28;-91;1
101649973;1.016016;0.011712;-0.007808;-112;56;-77;1
101663517;1.0111359;0.00976;-0.000976;-105;70;-70;1
101683050;1.012112;0.00488;0.010736;-112;77;-84;1
101698118;1.012112;0.001952;0.00976;-112;70;-98;1
101712570;1.012112;0.0;0.01464;-70;28;-112;1
101742357;1.013088;0.00976;0.001952;-42;-7;-140;1
101753066;1.0111359;0.@20000101_000005_192721_accel_adxl375.csv@101756166;1.7149999;0.147;0.147;1
101765284;1.0111359;0.015616;-0.005856;-35;7;-140;1
101775934;1.0150399;0.016592;-0.008784;-49;21;-126;1
101790597;1.013088;0.016592;-0.005856;-84;56;-112;1
101802103;1.0111359;0.016592;0.0;-84;70;-98;1
101813363;1.01016;0.013664;0.003904;-77;84;-84;1
101826693;1.013088;0.010736;0.00976;-105;77;-84;1
101843075;1.012112;0.007808;0.011712;-112;56;-77;1
101856414;1.0111359;0.006832;0.013664;-112;35;-84;1
101886129;1.0111359;0.002928;0.012688;-98;14;-91;1
101909533;1.0111359;0.007808;-0.003904;-49;0;-119;1
101926779;1.013088;0.017568;-0.010736;-63;35;-112;1
101942266;1.012112;0.01952;-0.005856;-63;77;-84;1
101953129;1.0111359;0.8@20000101_000005_192721_accel_adxl375.csv@101955277;1.7639999;0.196;1
101964586;1.01016;0.016592;0.00488;-105;91;-77;1
101977170;1.013088;0.012688;0.01464;-119;77;-70;1
101988248;1.014064;0.02@20000101_000005_192721_accel_adxl375.csv@101990354;1.813;0.147;0.147;1
102002348;1.009184;0.010736;0.017568;-91;35;-63;1
102014106;1.0111359;0.007808;0.011712;-105;-7;-70;1
102025159;1.012112;0.005856;0.006832;-98;-21;-70;1
102036991;1.013088;0.00488;0.003904;-91;-21;-77;1
102048617;1.0150399;0.006832;-0.00488;-105;-21;-91;1
102058890;1.013088;0.007808;-0.010736;-63;0;-91;1
102070176;1.013088;0.006832;-0.013664;-28;28;-91;1
102080934;1.014064;0.008784;-0.01464;-49;56;-98;1
102095867;1.014064;0.011712;-0.003904;-63;91;-105;1
102113448;1.01016;0.013664;0.006832;-56;98;-98;1
102126571;1.012112;0.012688;0.017568;-119;77;-105;1
102143000;1.012112;0.01464;0.020496;-119;56;-98;1
102154781;1.0150399;0.015616;0.016592;-91;28;-84;1
102166053;1.016992;0.007808;0.00976;-133;-21;-77;1
102183600;1.012112;0.00488;0.003904;-140;-28;-91;1
102198860;1.0111359;0.000976;-0.00976;-105;-21;-98;1
102211516;1.012112;-0.000976;-0.011712;-84;0;-112;1
102225211;1.013088;0.003904;-0.00976;-77;28;-126;1
102235934;1.016016;0.005856;-0.011712;-63;56;-126;1
102247333;1.0150399;0.013664;-0.001952;-35;91;-133;1
102258035;1.013088;0.016592;0.003904;-42;98;-133;1
102269578;1.012112;0.016592;0.008784;-56;84;-126;1
102280154;1.0111359;0.018544;0.013664;-77;77;-119;1
102324172;1.009184;0.010736;0.010736;-133;0;-77;1
102340921;1.01016;0.000976;-0.000976;-126;-28;-84;1
102367084;1.0150399;0.003904;-0.012688;-98;7;-98;1
102378093;1.01016;0.001952;-0.010736;-84;28;-105;1
102389834;1.01016;0.008784;-0.006832;-28;70;-126;1
102403083;1.0150399;0.00976;-0.000976;-21;84;-126;1
102414129;1.014064;0.013664;0.00488;-35;91;-126;1
102426115;1.009184;0.018544;0.00976;-63;84;-126;1
102440115;1.012112;0.0244;0.016592;-35;56;-91;1
102453142;1.012112;0.05@20000101_000005_192721_accel_adxl375.csv@102455500;1.813;0.147;0.147;1
102464173;1.0111359;0.016592;0.010736;-112;7;-70;1
102476977;1.0111359;0.017568;0.010736;-112;-7;-56;1
102488078;1.014064;0.013664;0.002928;-126;-14;-42;1
102502091;1.016016;0.00488;-0.006832;-133;-14;-56;1
102519516;1.013088;0.0;-0.010736;-112;7;-63;1
102531520;1.013088;-0.001952;-0.008784;-98;49;-91;1
102545243;1.009184;-0.000976;-0.005856;-56;63;-105;1
102556157;1.013088;0.001952;-0.001952;-56;77;-119;1
102567075;1.012112;0.007808;0.002928;-84;84;-140;1
102584002;1.013088;0.01464;0.006832;-42;77;-119;1
102606019;1.013088;0.021472;0.010736;-119;56;-105;1
102617991;1.0111359;0.01464;0.011712;-133;35;-91;1
102629127;1.014064;0.013664;0.007808;-70;21;-70;1
102643437;1.012112;0.006832;0.001952;-189;0;-77;1
102673455;1.014064;0.000976;-0.006832;-84;21;-84;1
102685284;1.0111359;-0.002928;-0.003904;-119;35;-112;1
102716560;1.0111359;0.00488;0.000976;-28;84;-133;1
102733395;1.013088;0.017568;0.007808;-70;77;-147;1
102768573;1.012112;0.022448;0.00976;-98;21;-119;1
102783959;1.012112;0.020496;0.00488;-140;14;-105;1
102797582;1.013088;0.011712;0.000976;-98;14;-63;1
102810861;1.013088;0.00488;0.0;-140;21;-70;1
102832998;1.0111359;-0.000976;-0.001952;-119;21;-84;1
102844614;1.014064;-0.002928;-0.000976;-49;35;-84;1
102855189;1.014064;0.0@20000101_000005_192721_accel_adxl375.csv@102857271;1.7639999;0.147;0.196;1
102866747;1.01016;0.00976;-0.000976;-70;70;-133;1
102878199;1.0111359;0.013664;0.002928;14;70;-119;1
102893177;1.0111359;0.012688;0.007808;-35;56;-119;1
102911796;1.014064;0.017568;0.008784;-77;35;-112;1
102933077;1.013088;0.021472;0.002928;-91;14;-84;1
102944224;1.013088;0.017568;0.002928;-105;14;-70;1
102955884;1.014064;0.011712;0.001952;-126;21;-63;1
102967022;1.0111359;0.003904;-0.000976;-91;21;-49;1
102980416;1.0150399;0.002928;-0.002928;-98;14;-63;1
102994482;1.016016;0.000976;-0.003904;-112;21;-84;1
103006365;1.0111359;0.002928;-0.005856;-77;42;-98;1
103017270;1.012112;0.006832;0.001952;-63;70;-112;1
103027874;1.012112;0.011712;0.005856;-63;70;-119;1
103041384;1.014064;0.00976;0.008784;-42;49;-112;1
103052126;1.01016;0.018@20000101_000005_192721_accel_adxl375.csv@103054943;1.813;0.147;0.147;1
103064224;1.014064;0.017568;0.005856;-56;21;-112;1
103076895;1.013088;0.016592;0.003904;-105;21;-105;1
103093862;1.013088;0.017568;0.001952;-77;28;-70;1
103107966;1.013088;0.011712;0.002928;-112;35;-63;1
103118953;1.0111359;0.@20000101_000005_192721_imu_lsm6dso32.csv@103129924;1.013088;0.00488;-0.008784;-98;35;-70;1
103142217;1.012112;0.001952;-0.006832;-91;56;-84;1
103152927;1.0111359;0.721_accel_adxl375.csv@103154137;1.7149999;0.196;0.147;1
103164586;1.0150399;0.003904;0.000976;-119;84;-119;1
103198143;1.013088;0.00976;0.007808;-84;49;-126;1
103222384;1.0111359;0.017568;0.003904;-112;42;-112;1
103239951;1.012112;0.017568;0.001952;-126;49;-105;1
103251486;1.014064;0.0@20000101_000005_192721_imu_bno055.csv@103259875;343.3125;7587;-17275;0.96363184;0.031611204;-0.2386136
103264373;1.013088;0.011712;0.00488;-154;35;-70;1
103275212;1.01016;0.006832;0.00488;-154;28;-70;1
103287744;1.014064;-0.@20000101_000005_192721_accel_adxl375.csv@103289977;1.7639999;0.098;0.196;1
103304864;1.01016;-0.000976;0.001952;-98;42;-105;1
103318808;1.014064;0.003904;0.000976;-98;49;-119;1
103334623;1.012112;0.007808;0.003904;-21;42;-126;1
103345116;1.014064;0.016592;0.002928;7;42;-126;1
103356158;1.014064;0.018544;0.00488;-14;35;-133;1
103369442;1.01016;0.018544;0.006832;-63;35;-126;1
103380117;1.012112;0.03120000101_000005_192721_imu_bno055.csv@103386234;343.3125;7587;-17275;0.96261216;0.033650636;-0.23963332
103394140;1.0150399;0.015616;0.006832;-84;28;-77;1
103405223;1.0111359;0.011712;0.00976;-105;14;-77;1
103417802;1.013088;0.0_010;0.021;1
103434706;1.013088;0.001952;0.0;-56;7;-77;1
103445737;1.0111359;0.000976;-0.001952;-77;14;-84;1
103457566;1.014064;0.0;-0.000976;-77;21;-98;1
103468740;1.0150399;0.002928;0.0;-56;21;-105;1
103479934;1.014064;0.005856;-0.003904;-28;21;-112;1
103497530;1.0150399;0.011712;-0.000976;-56;42;-119;1
103512090;1.013088;0.01464;0.002928;-77;42;-119;1
103524922;1.013088;0.011712;0.005856;-70;35;-105;1
103540145;1.01016;0.017568;0.00488;-84;35;-98;1
103568628;1.016016;0.012688;0.003904;-105;7;-63;1
103580100;1.013088;0.008784;0.003904;-105;0;-70;1
103595157;1.013088;0.001952;0.001952;-119;0;-77;1
103644462;1.014064;0.007808;0.000976;-56;49;-126;1
103664695;1.0111359;0.013664;0.000976;-49;42;-119;1
103679880;1.013088;0.020496;0.0;-70;56;-112;1
103706373;1.012112;0.017568;0.002928;-112;56;-91;1
103717146;1.0111359;0.011712;0.005856;-112;42;-70;1
103728346;1.013088;0.007808;0.00488;-133;42;-84;1
103739149;1.012112;0.005856;0.00488;-140;42;-84;1
103750816;1.014064;0.003904;0.0;-133;28;-84;1
103770087;1.0179679;0.00488;-0.002928;-98;42;-98;1
103783327;1.013088;0.006832;-0.000976;-119;42;-112;1
103796685;1.009184;0.00488;0.0;-112;49;-119;1
103812353;1.012112;0.011712;0.003904;-49;63;-112;1
103835245;1.008208;0.017568;0.00488;-105;56;-112;1
103853124;1.014064;0.00000101_000005_192721_accel_adxl375.csv@103854264;1.7639999;0.147;0.196;1
103868601;1.01016;0.015616;0.007808;-98;49;-84;1
103880996;1.013088;0.00976;0.006832;-119;35;-77;1
103895135;1.012112;0.003904;0.005856;-77;28;-70;1
103913004;1.012112;0.003904;0.003904;-112;21;-98;1
103944144;1.014064;0.011712;0.000976;-42;28;-98;1
103955127;1.0111359;0.112;1
103969046;1.009184;0.013664;0.000976;-84;35;-112;1
103980045;1.0111359;0.010736;0.001952;-35;42;-105;1
103992482;1.014064;0.01464;0.006832;-91;42;-105;1
104003138;1.01016;0.010736;0.007808;-70;35;-98;1
104014569;1.009184;0.012688;0.005856;-49;28;-77;1
104034499;1.012112;0.007808;0.002928;-91;14;-77;1
104055200;1.0111359;0.003904;0.001952;-70;14;-91;1
104092170;1.0111359;0.008784;-0.003904;-77;35;-105;1
104110496;1.012112;0.012688;0.0;-84;49;-98;1
104126560;1.013088;0.013664;0.000976;-63;56;-98;1
104136970;1.012112;0.008784;0.00488;-77;56;-91;1
104151201;1.0111359;0.00976;0.005856;-112;49;-105;1
104163129;1.0111359;0.006832;0.008784;-105;42;-98;1
104174598;1.007232;0.00976;0.005856;-84;28;-105;1
104185078;1.0111359;0.011712;0.00488;-98;28;-105;1
104204915;1.013088;0.010736;-0.002928;-84;28;-105;1
104219901;1.0150399;0.81
104235163;1.009184;0.00976;-0.003904;-133;70;-98;1
104246865;1.01016;0.006832;0.0;-77;77;-91;1
104259036;1.013088;0.005856;0.003904;-77;70;-91;1
104270754;1.0111359;0.003904;0.007808;-105;70;-112;1
104285064;1.0111359;0.00976;0.005856;-98;56;-119;1
104297504;1.008208;0.013664;0.008784;-70;49;-112;1
104309829;1.008208;0.015616;0.00976;-56;35;-105;1
104325150;1.013088;0.013664;0.005856;-119;21;-112;1
104336121;1.0111359;0.01464;-0.000976;-77;21;-91;1
104348241;1.013088;0.01464;0.0;-105;28;-91;1
104360721;1.012112;0.012688;0.0;-112;35;-98;1
104371787;1.0111359;0.012688;0.0;-98;49;-84;1
104386052;1.0111359;0.007808;0.005856;-98;42;-84;1
104397071;1.014064;0.0;0.00488;-84;35;-91;1
104409785;1.0111359;0.002928;0.001952;-70;28;-112;1
104420083;1.014064;0.007808;0.003904;-63;42;-119;1
104431147;1.012112;0.010736;0.003904;-56;42;-119;1
104454572;1.0150399;0.01464;0.00488;-77;35;-105;1
104467366;1.014064;0.013664;0.007808;-70;28;-98;1
104485967;1.012112;0.00976;0.003904;-84;14;-105;1
104522389;1.014064;0.015616;0.000976;-91;21;-84;1
104537963;1.0150399;0.01464;0.0;-84;21;-77;1
104560508;1.012112;0.008784;-0.002928;-105;35;-77;1
104571149;1.0150399;0.006832;-0.000976;-98;49;-77;1
104583413;1.0150399;0.000976;0.001952;-105;56;-84;1
104594806;1.0111359;0.000976;0.00976;-105;49;-91;1
104612672;1.008208;0.003904;0.010736;-35;28;-112;1
104633015;1.01016;0.011712;0.0;-56;7;-126;1
104646954;1.01016;0.01464;-0.001952;-63;21;-126;1
104663048;1.014064;0.017568;0.000976;-49;28;-105;1
104682997;1.01016;0.01;00005_192721_laser_agl.csv@104684802;0.022;1
104695012;1.012112;0.005856;-0.001952;-84;28;-70;1
104712998;1.0111359;0.s7587;-17269;0.959553;0.025492906;-0.24677134
104724140;1.013088;0.003904;0.005856;-84;77;-91;1
104743056;1.0111359;0.5.csv@104746004;1.7639999;0.147;0.196;1
104757398;1.008208;0.001952;0.00976;-70;14;-105;1
104768249;1.0111359;0.001952;0.006832;-77;7;-119;1
104779106;1.0111359;0.005856;0.002928;-70;14;-126;1
104804393;1.012112;0.016592;0.002928;-63;14;-147;1
104815089;1.016016;0.017568;0.0;-70;7;-126;1
104833457;1.014064;0.01952;-0.005856;-98;21;-77;1
104846593;1.01016;0.021472;-0.006832;-105;49;-63;1
104862593;1.0111359;0.018544;-0.002928;-112;63;-56;1
104879600;1.0111359;0.00488;0.00976;-98;49;-56;1
104890135;1.014064;-0.003904;0.012688;-126;28;-84;1
104909954;1.013088;-0.003904;0.00488;-56;7;-119;1
104923611;1.013088;0.000976;-0.002928;-70;14;-133;1
104941664;1.009184;0.01464;-0.002928;-28;35;-147;1
104965083;1.013088;0.030256;-0.00488;-21;35;-112;1
104978505;1.016016;0.031232;-0.00488;-70;42;-84;1
105017845;1.012112;-0.000976;0.007808;-231;84;-35;1
105031234;1.0111359;-0.002928;0.010736;-147;63;-49;1
105053403;1.0150399;0.0;0.001952;-147;28;-91;1
105069169;1.012112;0.005856;0.001952;-147;56;-98;1
105082906;1.0111359;0.005856;0.002928;-147;63;-105;1
105094801;1.0111359;0.005856;0.007808;-63;56;-98;1
105109922;1.0150399;0.013664;0.006832;-84;14;-133;1
105123853;1.012112;0.013664;-0.003904;-21;21;-119;1
105134435;1.012112;0.020496;-0.006832;-91;42;-105;1
105147543;1.0150399;0.013664;-0.000976;-112;84;-84;1
105171073;1.013088;0.007808;0.008784;-91;49;-77;1
105186879;1.012112;0.007808;0.008784;-91;42;-91;1
105198020;1.014064;-0.001952;0.00488;-84;35;-84;1
105209573;1.012112;-0.002928;0.006832;-49;49;-84;1
105236671;1.016016;-0.002928;0.006832;-77;28;-140;1
105247143;1.009184;0.0;0.00976;14;14;-147;1
105269271;1.012112;0.016592;0.001952;-84;7;-175;1
105296936;1.0111359;0.0244;-0.000976;7;35;-126;1
105308613;1.014064;0.0244;0.002928;-63;28;-126;1
105324485;1.014064;0.01952;0.000976;-105;21;-77;1
105336698;1.013088;0.011712;0.0;-91;14;-63;1
105348066;1.012112;0.006832;-0.000976;-126;14;-70;1
105359594;1.012112;0.003904;0.003904;-119;28;-84;1
105370509;1.0150399;0.000976;0.010736;-49;21;-77;1
105384849;1.013088;-0.000976;0.003904;-77;0;-105;1
105396554;1.013088;0.001952;0.0;-56;-14;-119;1
105407158;1.0111359;0.00488;-0.007808;7;-14;-126;1
105463948;1.012112;0.018544;0.00488;-77;49;-84;1
105488087;1.012112;0.023424;-0.002928;-154;49;-77;1
105501325;1.012112;0.01952;-0.002928;-98;49;-42;1
105523688;1.0150399;0.000976;0.0;-231;70;-42;1
105534490;1.012112;-0.000976;0.000976;-182;63;-56;1
105545630;1.013088;-0.001952;0.0;-91;63;-63;1
105567150;1.013088;0.000976;0.001952;-147;63;-98;1
105582521;1.009184;0.001952;0.001952;-105;84;-112;1
105594351;1.012112;0.00976;0.006832;-91;70;-126;1
105605166;1.0111359;0.012688;0.006832;-91;63;-126;1
105619371;1.009184;0.0@20000101_000005_192721_imu_bno055.csv@105627963;343.375;7587;-17269;0.96363184;0.029571772;-0.237593884
105632493;1.013088;0.012688;0.00488;-126;35;-105;1
105642977;1.013088;0.016592;0.001952;-105;35;-84;1
105666164;1.016016;0.00976;0.0;-147;56;-70;1
105679206;1.013088;0.00488;0.001952;-161;49;-70;1
105690132;1.014064;0.000976;0.003904;-154;42;-77;1
105705825;1.012112;-0.005856;0.000976;-126;49;-98;1
105723027;1.013088;-0.000976;0.005856;-112;49;-119;1
105736529;1.013088;0.002928;0.016592;-49;49;-154;1
105753068;1.013088;0.006832;0.011712;-56;21;-161;1
105764436;1.009184;0.011712;0.00976;-42;0;-161;1
105775462;1.0111359;0.016592;0.005856;0;-7;-154;1
105787874;1.013088;0.01952;0.0;0;0;-133;1
105799108;1.0111359;0.018544;0.0;-42;14;-126;1
105812128;1.012112;0.018544;0.000976;-42;28;-105;1
105834965;1.0111359;0.010736;0.001952;-84;14;-91;1
105870176;1.0111359;0.010736;0.006832;-63;42;-77;1
105894384;1.01016;0.002928;0.006832;-77;14;-98;1
105910244;1.014064;0.008784;0.000976;-49;0;-119;1
105941750;1.016016;0.013664;-0.007808;-28;7;-105;1
105963035;1.014064;0.016592;-0.003904;-105;35;-98;1
105975665;1.014064;0.020496;-0.002928;-112;49;-91;1
105988176;1.0111359;0.01952;-0.000976;-119;63;-70;1
106004838;1.012112;0.013664;0.003904;-147;63;-56;1
106024655;1.012112;0.001952;0.00488;-168;70;-42;1
106035514;1.012112;-0.000976;0.006832;-175;63;-56;1
106049786;1.012112;-0.001952;0.008784;-98;49;-84;1
106063020;1.014064;0.001952;0.00488;-105;35;-105;1
106074047;1.013088;0.000976;0.003904;-91;42;-112;1
106087511;1.016016;0.008784;0.00488;-70;49;-112;1
106103055;1.012112;0.007808;0.005856;-70;56;-126;1
106115813;1.013088;0.00976;0.002928;-56;42;-126;1
106127073;1.013088;0.011712;0.000976;-70;35;-126;1
106138587;1.013088;0.016592;-0.000976;-35;49;-119;1
106153042;1.012112;0.012688;0.003904;-98;70;-98;1
106164740;1.0111359;0.011712;0.006832;-63;84;-91;1
106175289;1.014064;0.008784;0.011712;-105;77;-84;1
106199253;1.0150399;0.000976;0.006832;-77;49;-91;1
106210664;1.0111359;0.001952;0.005856;-112;42;-105;1
106225026;1.012112;-0.000976;0.008784;-49;42;-140;1
106241302;1.0111359;0.002928;0.008784;-56;35;-154;1
106252617;1.012112;0.011712;0.00488;-42;21;-154;1
106264817;1.01016;0.011712;0.002928;-49;28;-147;1
106276386;1.016016;0.018544;0.000976;-49;35;-147;1
106307507;1.014064;0.0244;0.001952;-49;49;-112;1
106320300;1.0111359;0.@20000101_000005_192721_baro_icp10111.csv@106325519;-22.60201;37.001876;101596.77;2.0788098
106333747;1.012112;0.013664;0.005856;-168;42;-63;1
106344013;1.013088;0.00976;0.007808;-133;49;-63;1
106360726;1.013088;0.005856;0.006832;-105;42;-63;1
106372019;1.014064;0.003904;0.008784;-91;21;-77;1
106383791;1.0111359;0.000976;0.005856;-77;28;-84;1
106394075;1.016016;0.002928;0.001952;-91;35;-91;1
106404936;1.0111359;0.011712;0.000976;-42;35;-98;1
106416301;1.0150399;0.015616;-0.000976;-14;35;-105;1
106432985;1.013088;0.017568;-0.002928;-35;28;-98;1
106445719;1.013088;0.023424;0.0;-77;49;-77;1
106456192;1.013088;0.021472;0.002928;-126;63;-56;1
106467047;1.0111359;0.017568;0.00488;-154;56;-49;1
106481504;1.01016;0.011712;0.006832;-161;56;-42;1
106492070;1.013088;0.006832;0.005856;-133;42;-35;1
106504511;1.013088;0.000976;0.003904;-119;28;-42;1
106515488;1.014064;0.000976;0.002928;-126;35;-42;1
106528961;1.012112;-0.00488;-0.001952;-161;56;-77;1
106544672;1.009184;-0.001952;0.0;-126;63;-98;1
106555627;1.013088;-0.000976;0.0;-49;63;-105;1
106566798;1.012112;0.001952;0.001952;-28;63;-119;1
106578363;1.012112;0.00976;0.006832;-77;77;-133;1
106589572;1.014064;0.011712;0.006832;-77;77;-133;1
106603725;1.013088;0.011712;0.005856;-77;70;-126;1
106614159;1.009184;0.013664;0.008784;-70;56;-126;1
106628559;1.014064;0.00976;0.007808;-119;42;-119;1
106640273;1.013088;0.013664;0.006832;-147;42;-105;1
106668361;1.012112;0.002928;0.0;-182;42;-126;1
106682035;1.014064;0.000976;0.000976;-105;42;-133;1
106724323;1.012112;0.010736;0.00488;-98;49;-168;1
106735347;1.012112;0.012688;0.006832;-84;49;-168;1
106756494;1.012112;0.022448;0.00488;-49;42;-154;1
106767164;1.014064;0.023424;0.003904;-77;49;-140;1
106783738;1.0111359;0.021472;0.00488;-140;49;-112;1
106794151;1.009184;0.020496;0.003904;-140;49;-98;1
106807857;1.009184;0.015616;0.000976;-119;49;-84;1
106824474;1.012112;0.010736;0.00488;-119;49;-84;1
106838588;1.013088;0.010736;0.00488;-112;56;-84;1
106865460;1.013088;0.005856;0.007808;-63;35;-98;1
106882684;1.0150399;0.013664;0.006832;-49;21;-98;1
106893101;1.012112;0.015616;0.006832;-49;21;-98;1
106912254;1.013088;0.01952;0.006832;-70;14;-77;1
106934625;1.012112;0.01952;0.000976;-56;14;-63;1
106947468;1.01016;0.016592;0.000976;-63;21;-49;1
106958018;1.014064;0.013664;0.001952;-84;28;-42;1
106970423;1.012112;0.007808;0.003904;-98;28;-35;1
106983024;1.0111359;0.002928;0.006832;-133;28;-49;1
107003121;1.013088;-0.000976;0.00488;-70;28;-70;1
107014992;1.014064;0.0;0.005856;-49;28;-84;1
107033027;1.0150399;-0.001952;0.00488;-28;28;-91;1
107044464;1.014064;0.00488;0.007808;-35;7;-112;1
107055868;1.0150399;0.006832;0.003904;-14;0;-119;1
107070066;1.0111359;0.007808;0.002928;7;0;-119;1
107080999;1.014064;0.01952;7;0;-126;1
107095350;1.013088;0.010736;0.0;-35;7;-119;1
107106752;1.012112;0.010736;0.000976;-63;7;-119;1
107139507;1.0150399;0.010736;0.001952;-49;28;-112;1
107151061;1.014064;0.007808;0.0;-56;28;-112;1
107197792;1.012112;0.008784;0.003904;-56;35;-140;1
107210997;1.0111359;0.010736;0.00488;-42;35;-147;1
107225962;1.01016;0.00976;0.00488;-21;21;-147;1
107237950;1.0179679;0.011712;0.005856;-21;21;-140;1
107250972;1.013088;0.015616;0.000976;-49;21;-140;1
107264833;1.013088;0.017568;-0.001952;-70;14;-147;1
107275217;1.012112;0.018544;0.0;-77;21;-133;1
107290145;1.014064;0.0244;-0.003904;-77;42;-98;1
107301060;1.013088;0.021472;-0.005856;-105;49;-84;1
107314264;1.014064;0.020496;-0.003904;-147;63;-77;1
107325101;1.012112;0.021472;-0.001952;-189;70;-70;1
107336267;1.0111359;0.015616;0.001952;-203;84;-56;1
107347887;1.012112;0.007808;0.00488;-196;70;-49;1
107364528;1.01016;0.005856;0.007808;-161;63;-56;1
107375138;1.0111359;0.00488;0.008784;-140;56;-56;1
107386566;1.013088;0.0@20000101_000005_192721_accel_adxl375.csv@107389572;1.7639999;0.147;0.196;1
107400598;1.009184;0.003904;0.006832;-98;28;-84;1
107414329;1.013088;0.007808;0.00488;-84;14;-84;1
107433019;1.012112;0.011712;-0.00488;-35;28;-91;1
107444160;1.013088;0.016592;-0.000976;-42;35;-84;1
107459035;1.012112;0.01952;0.0;-63;49;-77;1
107470737;1.0150399;0.01464;0.0;-126;56;-56;1
107481967;1.013088;0.008784;0.001952;-133;56;-56;1
107494440;1.016992;0.006832;0.003904;-133;56;-56;1
107505325;1.013088;0.002928;0.007808;-126;56;-56;1
107518210;1.0150399;0.@21_accel_adxl375.csv@107519313;1.7639999;0.147;0.147;1
107533388;1.01016;-0.003904;0.011712;-119;28;-84;1
107544269;1.014064;-0.000976;0.010736;-84;7;-105;1
107556903;1.0111359;-0.000976;0.00976;-49;0;-119;1
107569356;1.016016;0.000976;0.005856;-42;0;-133;1
107579910;1.0111359;0.00488;0.003904;-21;0;-147;1
107615089;1.0150399;0.01464;-0.002928;0;14;-140;1
107633172;1.0111359;0.012688;-0.000976;-35;42;-133;1
107646719;1.014064;0.015616;0.003904;-42;42;-126;1
107658070;1.0150399;0.01464;0.001952;-63;42;-119;1
107672426;1.0111359;0.012688;0.003904;-77;35;-112;1
107690393;1.014064;0.012688;0.006832;-49;28;-105;2
107701139;1.0111359;0.005856;0.00488;-56;28;-112;1
107729686;1.014064;0.005856;0.006832;-49;-7;-119;1
107753148;1.012112;0.00976;-0.005856;-21;7;-133;1
107764910;1.016016;0.01952;-0.005856;-21;28;-133;1
107776280;1.012112;0.021472;-0.006832;-49;35;-119;1
107800358;1.014064;0.0244;-0.002928;-70;56;-91;1
107813764;1.012112;0.022448;-0.000976;-98;63;-77;1
107834016;1.013088;0.016592;0.002928;-168;70;-49;1
107847159;1.009184;0.007808;0.00488;-168;63;-21;1
107858573;1.014064;0.00488;0.003904;-175;63;-28;1
107869970;1.0111359;0.001952;0.00488;-182;56;-35;1
107881321;1.01016;0.0094182;56;-56;1
107898083;1.0111359;0.002928;0.001952;-112;49;-77;1
107912444;1.013088;0.001952;0.001952;-112;42;-84;1
107924518;1.016016;0.006832;-0.000976;-119;42;-91;1
107937426;1.014064;0.011712;0.003904;-84;56;-91;1
107965677;1.014064;0.012688;0.00488;-119;56;-84;1
107977872;1.016016;0.012688;0.006832;-105;56;-63;1
108000159;1.0111359;0.008784;0.00976;-154;49;-70;1
108015632;1.01016;0.005856;0.008784;-147;42;-70;1
108034001;1.012112;0.0;0.007808;-112;28;-70;1
108045168;1.008208;-0.000976;0.002928;-112;14;-91;1
108075287;1.013088;0.000976;0.0;-49;28;-126;1
108092044;1.013088;0.010736;0.002928;-42;28;-133;1
108108380;1.014064;0.007808;0.003904;-42;35;-147;1
108123396;1.0111359;0.012688;0.006832;-14;28;-147;1
108134872;1.013088;0.013664;0.008784;-7;21;-147;1
108156326;1.013088;0.017568;0.006832;-63;14;-119;1
108167142;1.014064;0.017568;0.005856;-63;7;-112;1
108179757;1.013088;0.016592;-0.000976;-42;7;-91;1
108196808;1.012112;0.017568;-0.001952;-70;7;-84;1
108214236;1.013088;0.003904;0.003904;-105;7;-91;1
108228122;1.0111359;0.000976;0.00488;-91;0;-98;1
108249343;1.0111359;0.003904;-0.002928;-14;14;-119;1
108259961;1.013088;0.005856;-0.000976;-28;28;-126;1
108273649;1.0111359;0.013664;0.005856;-35;21;-133;1
108284119;1.008208;0.015616;0.003904;-7;7;-126;1
108298415;1.013088;0.023424;0.002928;-14;-7;-119;1
108309038;1.0150399;0.0244;0.001952;-28;-7;-105;1
108320075;1.013088;0.0p321352;998;411;4251
108343020;1.013088;0.0a994;0.019;1
108356950;1.0150399;0.003904;-0.008784;-140;28;-35;1
108368031;1.012112;0.001952;-0.00488;-147;42;-42;1
108381028;1.013088;0.0;-0.002928;-147;56;-56;1
108393890;1.013088;-0.000976;0.002928;-105;77;-70;1
108405105;1.013088;0.000976;0.006832;-98;70;-91;1
108416621;1.014064;0.001952;0.010736;-63;56;-98;1
108444279;1.009184;0.012688;0.003904;-84;7;-119;1
108455050;1.009184;0.018544;-0.002928;-105;7;-112;1
108499114;1.013088;0.012688;-0.005856;-126;49;-70;1
108513904;1.013088;0.007808;-0.00488;-133;49;-56;1
108533103;1.012112;-0.00488;0.0;-119;70;-91;1
108543959;1.013088;-0.005856;0.002928;-98;70;-105;1
108563071;1.0111359;-0.001952;0.013664;-21;63;-154;1
108574801;1.014064;0.005856;0.012688;-56;28;-161;1
108593629;1.012112;0.020496;0.001952;21;-21;-154;1
108607077;1.0150399;0.02928;-0.00976;-56;0;-133;1
108619919;1.009184;0.025376;-0.008784;-77;28;-105;1
108632805;1.013088;0.017568;-0.007808;-98;35;-77;1
108673106;1.012112;0.000976;0.002928;-91;70;-98;1
108684420;1.0111359;0.00488;0.007808;-70;84;-105;1
108709058;1.0111359;0.00976;0.016592;-35;28;-133;1
108733025;1.014064;0.01464;0.008784;-28;-14;-133;1
108745080;1.012112;0.01464;0.002928;7;-21;-126;1
108767256;1.01016;0.026352;-0.008784;-56;-14;-98;1
108777955;1.0150399;0.030256;-0.018544;-42;35;-49;1
108791274;1.0150399;0.021472;-0.013664;-189;56;-42;1
108802098;1.0150399;0.00976;-0.00976;-210;77;-35;1
108814435;1.01016;0.002928;-0.00488;-133;105;-7;1
108833037;1.013088;-0.002928;0.006832;-224;119;-49;1
108844069;1.01016;-0.006832;0.010736;-112;105;-56;1
108863779;1.01016;-0.005856;0.020496;-63;49;-105;1
108876924;1.009184;0.005856;0.01464;-105;7;-147;1
108903091;1.0111359;0.020496;0.002928;-7;-14;-105;1
108930985;1.0111359;0.013664;-0.020496;-35;0;-42;1
108960828;1.014064;0.002928;-0.008784;-98;140;-56;1
108973143;1.0111359;0.001952;0.0;-105;133;-63;1
108985184;1.012112;0.0;0.008784;-147;119;-91;1
108998718;1.014064;0.0;0.018544;-189;112;-112;1
109011303;1.008208;0.002928;0.025376;-49;63;-112;1
109026191;1.008208;0.002928;0.020496;-7;42;-119;1
109041147;1.012112;0.006832;0.015616;-77;0;-161;1
109068232;1.014064;0.015616;-0.003904;-14;-56;-133;1
109079169;1.01016;0.01464;-0.008784;-105;-42;-140;1
109091938;1.012112;0.016592;-0.017568;-42;0;-119;1
109109924;1.0150399;0.013664;-0.01464;-98;56;-91;1
109140334;1.013088;0.006832;0.002928;-147;91;-91;1
109170435;1.012112;-0.002928;0.011712;-119;42;-105;1
109183148;1.0150399;0.018;-42;42;-105;1
109193956;1.0111359;0.007808;0.013664;-63;0;-147;1
109210553;1.014064;0.013664;0.003904;-21;-14;-140;1
109237860;1.012112;0.018544;-0.00976;-49;-7;-105;1
109249668;1.012112;0.018544;-0.011712;-63;0;-98;1
109261014;1.016992;0.01952;-0.011712;-77;28;-91;1
109272082;1.0150399;0.017568;-0.013664;-84;56;-70;1
109287120;1.012112;0.0;@20000101_000005_192721_accel_adxl375.csv@109294986;1.7639999;0.196;0.147;1
109297908;1.0111359;0.00488;0.0;-175;105;-49;1
109309156;1.01016;0.002928;0.00488;-119;105;-49;1
109320116;1.0150399;-06;1
109331265;1.01016;-0.000976;0.013664;-112;91;-77;1
109342716;1.0111359;0.0;0.011712;-63;63;-84;1
109378483;1.012112;0.005856;0.00488;-77;0;-119;1
109407094;1.014064;0.00976;0.0;-63;7;-126;1
109430632;1.012112;0.01952;-0.007808;-63;14;-105;1
109457859;1.012112;0.017568;-0.010736;-119;77;-77;1
109469125;1.012112;0.00976;0.0;-133;91;-70;1
109482027;1.0150399;0.00488;0.00488;-140;91;-70;1
109495027;1.012112;0.000976;0.00976;-140;77;-70;1
109511844;1.0111359;-0.003904;0.015616;-91;70;-105;1
109536767;1.012112;0.00488;0.015616;-91;21;-147;1
109554558;1.0150399;0.010736;0.001952;0;-14;-147;1
109568163;1.014064;0.010736;-0.001952;-28;-28;-161;1
109581742;1.008208;0.018544;-0.006832;-21;7;-140;1
109594570;1.012112;0.01952;-0.003904;-21;7;-126;1
109607311;1.01016;0.01952;-0.003904;-56;28;-105;1
109624764;1.0150399;0.018544;-0.000976;-119;35;-91;1
109635725;1.008208;0.018544;-0.006832;-105;56;-77;1
109653080;1.013088;0.01952;-0.001952;-147;56;-49;1
109666831;1.0111359;0.011712;0.001952;-168;63;-42;1
109683048;1.012112;-0.001952;0.010736;-126;49;-42;1
109697404;1.007232;-0.005856;0.011712;-84;42;-70;1
109708029;1.0111359;-0.00488;0.010736;-77;28;-91;1
109734609;1.012112;0.011712;-0.000976;-21;7;-126;1
109745384;1.016016;0.015616;-0.005856;-63;7;-133;1
109756298;1.013088;0.020496;-0.00976;-21;21;-119;1
109770104;1.013088;0.02928;-0.00976;-28;42;-91;1
109783480;1.016016;0.01952;-0.000976;-168;77;-63;1
109801172;1.012112;0.015616;0.000976;-126;84;-35;1
109834722;1.016016;-0.002928;0.007808;-140;49;-56;1
109846381;1.012112;-0.007808;0.007808;-154;49;-84;1
109862970;1.01016;-0.007808;0.007808;-70;49;-105;1
109874174;1.012112;0.000976;0.001952;-56;21;-154;1
109897975;1.016992;0.013664;-0.006832;0;35;-147;1
109923047;1.008208;0.015616;-0.006832;-63;63;-140;1
109934077;1.0150399;0.016592;-0.001952;-77;70;-119;1
109954702;1.012112;0.01464;0.006832;-126;63;-84;1
109965217;1.012112;0.00488;0.007808;-133;70;-91;1
109977749;1.012112;0.005856;0.013664;-112;56;-91;1
109989108;1.0111359;0.952;0.007808;-133;28;-98;1
110000221;1.013088;0.003904;0.005856;-98;21;-112;1
110013458;1.016992;0.001952;0.003904;-56;21;-119;1
110024722;1.016016;0.001952;-0.001952;-98;7;-140;1
110041992;1.012112;0.00976;-0.001952;-35;42;-154;1
110063461;1.0150399;0.015616;0.000976;-56;21;-154;1
110077694;1.012112;0.021472;-0.00488;-84;42;-133;1
110087990;1.013088;0.023424;-0.001952;-91;49;-112;1
110099757;1.014064;0.0244;-0.001952;-98;77;-98;1
110113035;1.014064;0.021472;0.002928;-147;70;-84;1
110128779;1.01016;0.01464;0.00488;-119;63;-49;1
110141339;1.012112;0.013664;0.006832;-154;49;-49;1
110163026;1.0111359;0.006832;0.001952;-168;49;-63;1
110176391;1.013088;0.001952;0.000976;-126;49;-56;1
110187142;1.0111359;-0@20000101_000005_192721_imu_bno055.csv@110190223;343.375;7581;-17294;0.961592464;0.0193746092;-0.24371218
110199513;1.0111359;0.003904;0.000976;-77;28;-98;1
110211601;1.012112;0.00488;-0.003904;-91;21;-105;1
110235034;1.01016;0.012688;0.000976;-35;56;-112;1
110287192;1.0111359;0.017568;0.008784;-98;42;-49;1
110307769;1.013088;0.006832;0.006832;-126;21;-42;1
110320280;1.012112;-0.;147;0.147;1
110331067;1.014064;-0.007808;0.001952;-105;7;-77;1
110344845;1.016992;-0.007808;-0.001952;-105;21;-98;1
110356226;1.0111359;-0.002928;-0.005856;-77;28;-119;1
110367843;1.012112;0.003904;-0.00976;-77;35;-126;1
110391680;1.012112;0.010736;0.007808;-105;63;-133;1
110407344;1.013088;0.012688;0.00976;-98;56;-133;1
110423094;1.013088;0.012688;0.015616;-91;14;-112;1
110435040;1.012112;0.00976;0.013664;-105;7;-112;1
110454576;1.01016;0.00488;0.007808;-56;-35;-105;1
110466819;1.013088;0.006832;0.001952;-42;-42;-112;1
110478308;1.013088;0.006832;-0.011712;-35;-35;-119;1
110488948;1.014064;0.007808;-0.017568;-42;-7;-126;1
110506776;1.013088;0.008784;-0.016592;-63;63;-126;1
110519988;1.01016;0.010736;-0.008784;-49;84;-119;1
110541095;1.012112;0.00976;0.007808;-49;98;-126;1
110563042;1.009184;0.015616;0.015616;-70;49;-133;1
110575204;1.0111359;0.01464;0.016592;-91;28;-126;1
110586148;1.01016;0.01@20000101_000005_192721_imu_bno055.csv@110589957;343.375;7581;-17300;0.961592464;0.030591488;-0.23657418
110597255;1.016992;0.012688;0.006832;-77;-14;-119;1
110608091;1.01016;0.012688;0.000976;-84;-28;-119;1
110623054;1.012112;0.016592;-0.003904;-77;-14;-112;1
110634630;1.012112;0.016592;-0.012688;-126;7;-91;1
110646351;1.014064;0.015616;-0.012688;-112;42;-77;1
110657751;1.014064;0.018544;-0.012688;-98;70;-63;1
110669646;1.012112;0.017568;-0.007808;-119;91;-63;1
110720701;1.012112;0.00488;0.015616;-182;91;-35;1
110740659;1.009184;-0.001952;0.016592;-133;49;-63;1
110755240;1.013088;-0.005856;0.01464;-133;28;-84;1
110775114;1.013088;-0.001952;0.005856;-84;-7;-112;1
110786915;1.016016;0.0@20000101_000005_192721_laser_agl.csv@110793664;0.021;1
110798040;1.0111359;0.013664;-0.011712;-28;28;-126;1
110809115;1.012112;0.018544;-0.00976;-56;42;-119;1
110820162;1.013088;0.0@20000101_000005_192721_imu_bno055.csv@110827510;343.375;7587;-17313;0.961592464;0.033650636;-0.25594878
110835224;1.014064;0.020496;-0.003904;-98;98;-84;1
110845931;1.013088;0.020496;-0.001952;-161;105;-70;1
110858487;1.009184;0.007808;0.012688;-238;105;-56;1
110869650;1.012112;0.001952;0.013664;-238;84;-63;1
110880747;1.009184;-0.005856;0.018544;-189;56;-70;1
110893188;1.008208;-0.011712;0.01952;-112;35;-77;1
110904446;1.0111359;-0.00976;0.015616;-56;14;-105;1
110924385;1.012112;-0.005856;0.003904;-70;-21;-175;1
110945159;1.012112;0.005856;-0.006832;70;-7;-182;1
110963173;1.016992;0.0244;-0.012688;42;21;-182;1
110974652;1.0111359;0.028304;-0.010736;14;56;-168;1
110985619;1.013088;0.02928;-0.006832;-28;77;-147;1
110996353;1.013088;0.027328;0.0;-77;84;-119;1
111008321;1.013088;0.027328;0.003904;-147;84;-98;1
111024430;1.012112;0.018544;0.01464;-231;70;-70;1
111044568;1.01016;0.00488;0.01464;-119;35;-49;1
111061138;1.01016;-0.002928;0.008784;-112;-7;-84;1
111072749;1.0111359;-0.002928;0.001952;-126;-21;-112;1
111086604;1.012112;-0.001952;-0.003904;-77;-21;-119;1
111097184;1.014064;0.006832;-0.00976;-7;-7;-126;1
111108388;1.0150399;0.008784;-0.011712;42;21;-133;1
111124457;1.012112;0.027328;-0.008784;42;56;-133;1
111144628;1.013088;0.02928;-0.000976;-91;84;-98;1
111202188;1.014064;-0.001952;0.016592;-133;-21;0;1
111213190;1.009184;-0.00976;0.010736;-147;-42;-21;1
111226536;1.0111359;-0.011712;0.000976;-147;-49;-56;1
111237235;1.012112;-0.008784;-0.008784;-70;-42;-84;1
111264178;1.012112;0.00976;-0.020496;105;35;-126;1
111276489;1.014064;0.01464;-0.013664;0;63;-133;1
111292572;1.012112;0.018544;-0.001952;-56;98;-140;1
111303836;1.0111359;0.016592;0.021472;-21;84;-91;1
111322982;1.0111359;0.01464;0.02928;-21;56;-91;1
111343092;1.009184;0.013664;0.022448;-84;-21;-77;1
111356202;1.012112;0.007808;0.0;-126;-56;-56;1
111367108;1.013088;-0.002928;-0.006832;-133;-56;-63;1
111381868;1.012112;-0.005856;-0.012688;-112;-49;-77;1
111393114;1.012112;-0.00488;-0.022448;-84;-35;-98;1
111404193;1.0150399;-0.005856;-0.020496;-56;-7;-119;1
111422991;1.014064;-0.001952;-0.013664;-42;98;-154;1
111435167;1.012112;0.001952;0.0;-49;112;-168;1
111447768;1.012112;0.018544;0.01464;-14;84;-182;1
111459173;1.013088;0.025376;0.016592;7;63;-161;1
111470085;1.014064;0.02928;0.017568;-14;35;-133;1
111484456;1.01016;0.02928;0.012688;-63;28;-112;1
111495163;1.0111359;0.028304;0.013664;-154;7;-98;1
111506167;1.014064;0.021472;0.003904;-126;-21;-70;1
111523001;1.0111359;0.011712;-0.00976;-105;-21;-35;1
111543101;1.016016;-0.001952;-0.016592;-147;35;-63;1
111556773;1.013088;-0.00488;-0.017568;-119;63;-77;1
111567947;1.012112;0.000976;-0.008784;-42;98;-119;1
111624484;1.012112;0.0244;0.022448;-112;70;-112;1
111636365;1.013088;0.026352;0.01952;-168;35;-105;1
111653122;1.012112;0.017568;0.010736;-119;7;-35;1
111665692;1.0111359;0.012688;0.005856;-203;7;-28;1
111678646;1.012112;-0.002928;-0.007808;-266;7;-35;1
111690344;1.016016;-0.006832;-0.013664;-105;21;-35;1
111713066;1.012112;-0.006832;-0.010736;-147;91;-98;1
111726221;1.014064;-0.003904;-0.003904;-84;112;-112;1
111744322;1.013088;0.003904;0.011712;-28;112;-133;1
111755601;1.016016;0.010736;0.015616;-35;84;-154;1
111766435;1.013088;0.01464;0.018544;-14;70;-147;1
111777490;1.0111359;0.020496;0.021472;-21;49;-133;1
111790701;1.012112;0.021472;0.017568;-91;-21;-119;1
111802938;1.0111359;0.017568;0.011712;-98;-49;-98;1
111814818;1.013088;0.015616;0.0;-56;-70;-63;1
111830507;1.0150399;0.008784;-0.010736;-56;-56;-56;1
111844611;1.012112;-0.001952;-0.020496;-126;7;-91;1
111857285;1.0150399;-0.005856;-0.01464;-70;42;-91;1
111868586;1.012112;-0.003904;-0.010736;-35;70;-112;1
111880502;1.012112;-0.001952;-0.007808;-42;77;-140;1
111893415;1.01016;0.006832;0.005856;0;105;-154;1
111905873;1.012112;0.013664;0.015616;7;98;-147;1
111924459;1.0111359;0.018544;0.022448;-56;42;-161;1
111938473;1.012112;0.025376;0.018544;-56;0;-140;1
111959823;1.01016;0.0244;0.005856;-77;-49;-105;1
111970084;1.014064;0.017568;-0.003904;-126;-49;-77;1
111982219;1.012112;0.011712;-0.010736;-140;-42;-63;1
111993153;1.0111359;-0.001952;-0.018544;-91;7;-70;1
112009899;1.016016;-0.001952;-0.018544;-84;49;-98;1
112024995;1.013088;0.008784;-0.010736;-63;112;-119;1
112073743;1.012112;0.016592;0.01952;-84;91;-119;1
112084259;1.01016;0.018544;0.021472;-63;70;-105;1
112095395;1.013088;0.016592;0.011712;-147;0;-84;1
112113081;1.01016;0.01464;0.006832;-161;-7;-70;1
112141406;1.014064;0.00488;-0.00976;-140;14;-56;1
112152345;1.014064;0.0@20000101_000005_192721_baro_icp10111.csv@112157516;-22.4646132;37.004548;101595.15;2.2162076
112163666;1.013088;0.002928;-0.013664;-112;49;-70;1
112176306;1.013088;0.002928;-0.005856;-77;91;-98;1
112189960;1.014064;0.001952;0.0;-91;98;-112;1
112201076;1.0111359;0.007808;0.00976;-77;112;-119;1
112212557;1.01016;0.010736;0.01464;-42;98;-112;1
112223211;1.01016;0.012688;0.01464;-70;77;-112;1
112235974;1.012112;0.00976;0.018544;-98;49;-112;1
112247884;1.012112;0.011712;0.017568;-98;0;-98;1
112261042;1.0111359;0.013664;0.00976;-84;-14;-91;1
112274224;1.009184;0.00976;0.003904;-91;-21;-91;1
112293072;1.01016;0.00488;-0.008784;-105;-14;-91;1
112304230;1.013088;0.002928;-0.011712;-63;7;-98;1
112314976;1.0111359;0.00488;-0.012688;-56;28;-112;1
112334725;1.01016;0.008784;-0.00976;-63;84;-133;1
112353556;1.0111359;0.012688;0.003904;-35;91;-126;1
112364690;1.012112;0.010736;0.011712;-56;84;-126;1
112376410;1.01016;0.013664;0.016592;-56;63;-126;1
112393589;1.013088;0.01464;0.015616;-56;21;-119;1
112404256;1.012112;0.012688;0.012688;-77;0;-112;1
112415127;1.014064;0.015616;0.006832;-98;-14;-112;1
112432989;1.014064;0.011712;-0.006832;-77;-14;-91;1
112444074;1.014064;0.010736;-0.00976;-84;-7;-91;1
112454967;1.014064;0.008784;-0.00976;-98;21;-98;1
112466178;1.01016;0.007808;-0.013664;-105;42;-98;1
112499037;1.0111359;0.00976;-0.001952;-70;98;-105;1
112532202;1.0111359;0.015616;0.015616;-91;49;-91;1
112543202;1.0111359;0.01464;0.01464;-126;28;-91;1
112553961;1.0111359;0.@20000101_000005_192721_accel_adxl375.csv@112556164;1.7149999;0.147;0.244999984;1
112567454;1.009184;0.011712;0.003904;-126;0;-84;1
112579385;1.01016;0.003.813;0.147;0.147;1
112593860;1.013088;0.007808;-0.006832;-119;0;-77;1
112613009;1.01016;0.003_192721_accel_adxl375.csv@112614053;1.7639999;0.098;0.147;1
112626238;1.012112;0.005856;-0.010736;-98;56;-84;1
112637837;1.016016;0.008784;-0.00488;-105;84;-98;1
112657192;1.01016;0.00976;0.006832;-91;98;-91;1
112668515;1.012112;0.006832;0.011712;-70;84;-91;1
112679244;1.0111359;0.006832;0.016592;-70;70;-98;1
112691961;1.013088;0.007808;0.016592;-84;49;-98;1
112713000;1.0111359;0.021_accel_adxl375.csv@112714093;1.7149999;0.147;0.196;1
112726213;1.014064;0.010736;0.001952;-63;-28;-105;1
112743028;1.013088;0.008784;-0.001952;-70;-28;-105;1
112755815;1.014064;0.007808;-0.013664;-56;7;-105;1
112766335;1.0111359;0.00976;-0.013664;-63;35;-112;1
112780255;1.013088;0.00976;-0.00976;-70;56;-112;1
112790931;1.013088;0.005856;-0.008784;-63;84;-112;1
112803873;1.0150399;0.012688;-0.002928;-49;91;-105;1
112815093;1.012112;0.00976;0.012688;-84;91;-112;1
112834557;1.012112;0.007808;0.015616;-77;84;-112;1
112854091;1.008208;0.008784;0.015616;-91;28;-112;1
112867797;1.014064;0.00976;0.008784;-91;-14;-119;1
112881120;1.012112;0.012688;0.001952;-91;-21;-119;1
112897112;1.01016;0.013664;-0.00976;-91;0;-112;1
112908246;1.014064;0.012688;-0.01464;-126;21;-105;1
112942027;1.016911204;-0.25594878
112962285;1.012112;0.013664;0.008784;-147;98;-91;1
112974790;1.014064;0.011712;0.013664;-112;91;-84;1
112985930;1.008208;0.007808;0.016592;-70;63;-77;1
113001513;1.0111359;0.006832;0.01464;-119;21;-98;1
113015341;1.01016;0.00976;0.011712;-70;7;-91;1
113026868;1.014064;0.011712;0.005856;-63;-14;-91;1
113038046;1.014064;0.012688;-0.007808;-77;-7;-91;1
113051461;1.012112;0.013664;-0.010736;-77;14;-84;1
113062189;1.0150399;0.012688;-0.00976;-91;35;-77;1
113074618;1.0150399;0.010736;-0.008784;-98;70;-77;1
113085307;1.0111359;0.008784;-0.003904;-98;84;-77;1
113101229;1.01016;0.00488;0.008784;-98;91;-91;1
113123640;1.013088;0.010736;0.015616;-91;56;-91;1
113134308;1.012112;0.007808;0.01464;-105;42;-91;1
113147744;1.0111359;0.006832;0.016592;-98;21;-91;1
113159915;1.013088;0.007808;0.006832;-91;-21;-98;1
113170983;1.01016;0.00976;-0.000976;-84;-28;-105;1
113183811;1.0150399;0.011712;-0.00488;-70;-21;-105;1
113195040;1.01016;0.013664;-0.010736;-77;0;-98;1
113206111;1.012112;0.00976;-0.010736;-77;21;-91;1
113217014;1.016992;0.005856;-0.007808;-84;42;-91;1
113233064;1.0150399;0.003904;-0.002928;-70;63;-105;1
113246178;1.012112;0.00488;0.002928;-70;84;-119;1
113257952;1.012112;0.008784;0.00976;-70;84;-119;1
113269327;1.0111359;0.007808;0.01464;-63;70;-119;1
113283779;1.013088;0.013664;0.016592;-35;28;-126;1
113295309;1.0150399;0.010736;0.011712;-42;0;-119;1
113309362;1.014064;0.011712;0.008784;-49;-14;-126;1
113321239;1.014064;0.015616;0.001952;-42;-21;-119;1
113335123;1.014064;0.0@20000101_000005_192721_accel_adxl375.csv@113359256;1.7149999;0.147;0.196;1
113365300;1.014064;0.012688;-0.008784;-42;49;-91;1
113381682;1.014064;0.008784;-0.002928;-63;70;-98;1
113404088;1.0111359;0.013664;0.006832;-70;77;-105;1
113415608;1.0111359;0.011712;0.011712;-56;63;-98;1
113427433;1.013088;0.012688;0.012688;-63;49;-98;1
113444035;1.0150399;0.012688;0.010736;-105;14;-98;1
113455098;1.0111359;0.015616;0.007808;-91;-7;-91;1
113473110;1.013088;0.011712;0.000976;-91;-14;-84;1
113486492;1.016992;0.00@20000101_000005_192721_power_ina226.csv@113492403;3942;488;2100;0
113497120;1.013088;0.01464;-0.00976;-91;28;-84;1
113508082;1.0111359;0.013664;-0.00976;-77;49;-77;1
113523444;1.01016;0.012688;-0.00488;-105;56;-63;1
113534330;1.01016;0.012688;-0.001952;-126;63;-63;1
113545687;1.012112;0.00976;0.002928;-98;77;-63;1
113556308;1.013088;0.003904;0.006832;-112;77;-63;1
113566958;1.013088;0.006832;0.013664;-112;63;-77;1
113580764;1.013088;0.000976;0.021472;-112;35;-84;1
113592478;1.0111359;0.0;0.020496;-105;0;-91;1
113605048;1.0111359;0.003904;0.013664;-77;-21;-98;1
113616558;1.013088;0.00976;-0.000976;-42;-42;-105;1
113627146;1.012112;0.015616;-0.00976;-49;-35;-112;1
113638068;1.014064;0.017568;-0.012688;-49;-14;-98;1
113650795;1.014064;0.016592;-0.017568;-56;7;-91;1
113662259;1.012112;0.01464;-0.015616;-98;35;-84;1
113674139;1.012112;0.012688;-0.00976;-119;70;-70;1
113685144;1.016992;0.008784;-0.005856;-91;91;-63;1
113703885;1.009184;0.0;0.007808;-112;91;-77;1
113723404;1.01016;0.000976;0.015616;-105;63;-105;1
113734683;1.0111359;-0.001952;0.017568;-98;35;-126;1
113746706;1.01016;0.00488;0.018544;-84;21;-140;1
113788824;1.016992;0.018544;0.0;-14;-56;-133;1
113808608;1.013088;0.016592;-0.01464;-70;28;-98;1
113823086;1.013088;0.013664;-0.010736;-28;63;-98;1
113836906;1.0150399;0.012688;-0.00488;-70;70;-98;1
113863112;1.012112;0.010736;0.007808;-133;98;-91;1
113876360;1.013088;0.006832;0.012688;-105;91;-98;1
113887158;1.0111359;0.@20000101_000005_192721_accel_adxl375.csv@113890182;1.813;0.049;0.196;1
113903327;1.014064;0.010736;0.016592;-28;7;-119;1
113914669;1.012112;0.010736;0.011712;-63;-7;-112;1
113933145;1.012112;0.010736;0.000976;-70;-28;-112;1
113945576;1.013088;0.011712;-0.00488;-35;-14;-105;1
113963055;1.012112;0.015616;-0.011712;-63;0;-112;1
113975115;1.01016;0.020496;-0.012688;-49;28;-98;1
114003578;1.014064;0.013664;-0.005856;-105;84;-63;1
114024989;1.013088;0.010736;0.0;-126;98;-70;1
114037347;1.0150399;0.007808;0.006832;-105;112;-63;1
114060965;1.0111359;0.000976;0.012688;-112;91;-77;1
114072123;1.014064;0.001952;0.013664;-70;63;-84;1
114085766;1.009184;0.002928;0.013664;-91;21;-112;1
114095987;1.013088;0.00488;0.006832;-28;7;-112;1
114108849;1.012112;0.00488;0.005856;-63;0;-112;1
114125080;1.012112;0.012688;-0.003904;-42;-14;-126;1
114136661;1.012112;0.013664;-0.007808;-21;14;-119;1
114147942;1.0150399;0.016592;-0.010736;-35;21;-112;1
114159323;1.0150399;0.0244;-0.00976;-70;42;-98;1
114170351;1.014064;0.020496;-0.005856;-133;63;-91;1
114184738;1.01016;0.008784;0.0;-161;70;-70;1
114195749;1.008208;0.008784;0.002928;-147;70;-84;1
114233012;1.013088;-0.001952;0.007808;-126;56;-98;1
114267613;1.014064;0.007808;0.0;-14;14;-140;1
114279289;1.009184;0.012688;-0.001952;-35;14;-147;1
114294138;1.013088;0.017568;-0.002928;-42;28;-140;1
114309400;1.013088;0.017568;-0.001952;-56;49;-112;1
114319887;1.0111359;0..@20000101_000005_192721_accel_adxl375.csv@114328822;1.813;0.147;0.244999984;1
114330917;1.009184;0.017568;0.002928;-77;49;-91;1
114346868;1.0150399;0.01464;0.000976;-126;49;-70;1
114358519;1.013088;0.010736;0.00488;-133;49;-63;1
114370529;1.0111359;0.007808;0.003904;-147;35;-70;1
114381459;1.012112;0.00488;0.002928;-126;35;-77;1
114395391;1.012112;0.00488;0.000976;-105;35;-91;1
114429055;1.0111359;0.007808;0.003904;-98;28;-112;1
114443850;1.01016;0.011712;-0.002928;-91;28;-119;1
114455601;1.0111359;0.;-112;1
114469518;1.012112;0.018544;0.000976;-77;56;-105;1
114480198;1.0111359;0.017568;0.00488;-119;56;-98;1
114495586;1.0111359;0.012688;0.003904;-112;49;-84;1
114525646;1.012112;0.011712;-0.001952;-119;21;-84;1
114546181;1.0111359;0.003904;0.000976;-84;42;-70;1
114559891;1.013088;0.00488;0.003904;-119;28;-91;1
114576713;1.014064;0.005856;0.001952;-91;21;-105;1
114587324;1.014064;0.0@20000101_000005_192721_imu_bno055.csv@114597769;343.375;7581;-17313;0.96261216;0.021414042;-0.2447319
114603682;1.01016;0.008784;0.000976;-84;49;-119;1
114616661;1.012112;0.00976;0.002928;-84;49;-119;1
114626989;1.012112;0.012688;0.002928;-49;42;-112;1
114646147;1.012112;0.013664;0.000976;-63;28;-112;1
114691773;1.014064;0.00488;0.002928;-105;35;-91;1
114708827;1.013088;0.003904;0.002928;-84;35;-98;1
114732260;1.0150399;0.006832;0.0;-112;35;-119;1
114744212;1.012112;0.00488;0.000976;-84;35;-119;1
114766174;1.012112;0.01464;0.003904;-35;35;-126;1
114777486;1.0150399;0.017568;0.002928;-42;35;-119;1
114798373;1.014064;0.01464;0.000976;-112;42;-98;1
114808920;1.012112;0.015616;-0.001952;-105;35;-98;1
114824574;1.0150399;0.007808;0.000976;-77;35;-91;1
114842995;1.01016;0.008784;0.003904;-63;42;-91;1
114854038;1.013088;0.0@20000101_000005_192721_imu_bno055.csv@114859931;343.375;7581;-17313;0.96261216;0.026512622;-0.242692468
114865686;1.01016;0.008784;0.0;-70;28;-98;1
114876167;1.016992;0.012688;0.0;-77;14;-105;1
114887270;1.0150399;0.@20000101_000005_192721_airspeed_sdp810.csv@114889682;673;337;4249
114900080;1.013088;0.015616;-0.005856;-42;35;-105;1
114914296;1.012112;0.01464;0.000976;-112;56;-91;1
114925246;1.014064;0.010736;0.000976;-126;70;-91;1
114943943;1.016016;0.00976;0.002928;-84;56;-84;1
114965116;1.014064;0.011712;0.006832;-105;56;-84;1
114977717;1.01016;0.007808;0.007808;-119;49;-91;1
115001877;1.014064;0.008784;0.005856;-77;21;-91;1
115014490;1.013088;0.006832;0.00488;-77;14;-98;1
115025090;1.012112;0.007808;0.005856;-77;21;-105;1
115049818;1.016992;0.012688;-0.002928;-91;28;-105;1
115060188;1.013088;0.010736;-0.00488;-63;35;-98;1
115072966;1.0150399;0.013664;-0.00488;-63;35;-98;1
115085719;1.0111359;0.010736;-0.00488;-84;63;-98;1
115119337;1.0111359;0.00976;0.00976;-105;56;-91;1
115134763;1.012112;0.007808;0.007808;-84;42;-91;1
115146803;1.012112;0.00488;0.006832;-91;35;-105;1
115169542;1.014064;0.00976;0.006832;-77;21;-119;1
115180409;1.0111359;0.9000101_000005_192721_imu_bno055.csv@115187891;343.375;7581;-17313;0.96363184;0.025492906;-0.24065304
115198316;1.0111359;0.012688;-0.002928;-63;21;-112;1
115211811;1.013088;0.012688;-0.00488;-91;35;-112;1
115224138;1.014064;0.012688;-0.003904;-98;49;-105;1
115243493;1.014064;0.00976;0.002928;-98;56;-98;1
115254130;1.013088;0.0@20000101_000005_192721_accel_adxl375.csv@115256234;1.7639999;0.147;0.147;1
115266011;1.012112;0.006832;0.00488;-98;56;-98;1
115277473;1.012112;0.006832;0.008784;-105;63;-98;1
115293900;1.01016;0.006832;0.00976;-84;42;-98;1
115305148;1.012112;0.00976;0.011712;-91;21;-105;1
115320796;1.016016;0.012688;0.003904;-77;0;-105;1
115331059;1.014064;0.012688;-0.000976;-84;0;-98;1
115343076;1.013088;0.013664;-0.001952;-84;0;-91;1
115354107;1.0150399;0.01;-91;0;-77;1
115366092;1.014064;0.00976;-0.008784;-84;14;-77;1
115377306;1.013088;0.00976;-0.007808;-84;35;-77;1
115390929;1.013088;0.00976;-0.000976;-105;63;-98;1
115411691;1.016016;0.008784;0.002928;-70;56;-91;1
115422340;1.013088;0.00976;0.005856;-84;56;-91;1
115434949;1.01016;0.008784;0.00488;-91;56;-98;1
115453104;1.0111359;0.00976;0.010736;-91;28;-98;1
115465242;1.0111359;0.011712;0.010736;-63;14;-91;1
115478034;1.01016;0.01464;0.00488;-70;-7;-77;1
115491516;1.013088;0.011712;0.000976;-119;-21;-77;1
115527203;1.012112;0.007808;-0.00488;-98;35;-77;1
115566427;1.0150399;0.006832;0.000976;-77;77;-91;1
115577710;1.013088;0.003904;0.002928;-84;77;-105;1
115591968;1.013088;0.008784;0.007808;-77;77;-119;1
115603491;1.013088;0.011712;0.007808;-77;56;-119;1
115615602;1.014064;0.013664;0.005856;-70;35;-112;1
115628083;1.0111359;0.00976;0.002928;-91;28;-112;1
115641651;1.0150399;0.013664;0.001952;-98;21;-119;1
115652588;1.009184;0.010736;0.0;-63;21;-98;1
115666770;1.013088;0.006832;-0.001952;-84;21;-98;1
115678311;1.012112;0.005856;-0.003904;-98;42;-112;1
115695063;1.01016;0.012688;-0.001952;-98;56;-119;1
115706464;1.013088;0.013664;-0.001952;-42;63;-112;1
115717868;1.013088;0.012688;0.0;-56;70;-105;1
115745197;1.012112;0.010736;0.008784;-140;70;-112;1
115756361;1.0111359;0.010736;0.01464;-70;42;-105;1
115767971;1.0111359;0.013664;0.010736;-91;28;-112;1
115779497;1.0111359;0.011712;0.008784;-91;7;-119;1
115793771;1.013088;0.015616;0.005856;-70;-7;-105;1
115811442;1.0111359;0.007808;-0.003904;-70;0;-91;1
115828285;1.0150399;0.01464;-0.008784;-105;14;-98;1
115841196;1.013088;0.010736;-0.005856;-70;28;-84;1
115865327;1.01016;0.007808;-0.006832;-91;56;-91;1
115875883;1.012112;0.00488;-0.002928;-105;70;-84;1
115887416;1.014064;0.002928;0.00488;-119;77;-98;1
115903136;1.0111359;0.007808;0.016592;-56;49;-112;1
115915127;1.0111359;0.013664;0.01464;-56;28;-119;1
115934546;1.013088;0.0244;0.006832;-42;14;-91;1
115966310;1.01016;0.011712;-0.001952;-91;-14;-70;1
115984414;1.013088;0.002928;-0.013664;-112;0;-63;1
115996200;1.0111359;-0.000976;-0.012688;-133;42;-70;1
116007671;1.012112;-0.002928;-0.010736;-133;70;-91;1
116018886;1.013088;0.00d375.csv@116019939;1.7639999;0.147;0.147;1
116031868;1.014064;0.00976;0.00488;-35;77;-126;1
116053126;1.012112;0.015616;0.007808;-91;56;-126;1
116067129;1.008208;0.016592;0.00976;-91;56;-105;1
116079179;1.012112;0.017568;0.011712;-112;49;-105;1
116090073;1.01016;0.015616;0.010736;-105;28;-98;1
116102219;1.0111359;0.006832;0.002928;-63;0;-84;1
116114078;1.013088;0.002928;0.0;-119;0;-84;1
116126248;1.01016;0.005856;-0.005856;-133;7;-98;1
116142545;1.01016;0.005856;-0.00976;-56;42;-112;1
116170480;1.01016;0.00976;-0.005856;-42;70;-126;1
116183539;1.009184;0.007808;0.00488;-98;84;-133;1
116198568;1.0111359;0.00976;0.006832;-63;84;-133;1
116211782;1.013088;0.015616;0.008784;-63;77;-133;1
116222300;1.0111359;0.017568;0.011712;-84;63;-133;1
116239318;1.012112;0.017568;0.011712;-77;35;-98;1
116250231;1.012112;0.013664;0.010736;-105;28;-91;1
116261631;1.0111359;0.013664;0.00488;-105;7;-91;1
116272107;1.012112;0.011712;0.001952;-105;0;-98;1
116291962;1.014064;0.00976;-0.003904;-84;14;-84;1
116303476;1.014064;0.005856;-0.00976;-98;28;-84;1
116317473;1.020005856;-105;70;-91;1
116328169;1.01016;0.003904;0.0;-70;70;-98;1
116345865;1.01016;0.00976;0.003904;-91;70;-112;1
116362395;1.014064;0.011712;0.007808;-91;77;-112;1
116383119;1.016992;0.011712;0.011712;-98;56;-98;1
116429740;1.012112;0.011712;-0.00488;-105;14;-70;1
116453377;1.013088;0.00488;-0.006832;-112;42;-63;1
116468189;1.01016;0.002928;-0.00488;-91;56;-84;1
116478973;1.0150399;0.005856;-0.000976;-98;63;-98;1
116492511;1.014064;0.00488;0.0;-105;70;-112;1
116510381;1.013088;0.008784;0.007808;-63;70;-112;1
116525704;1.014064;0.00976;0.00976;-56;56;-112;1
116536536;1.01016;0.013664;0.010736;-84;49;-119;1
116553049;1.014064;0.012688;0.010736;-84;21;-105;1
116566365;1.009184;0.013664;0.003904;-91;14;-105;1
116578676;1.014064;0.010736;-0.000976;-77;21;-98;1
116613012;1.014064;0.005856;-0.003904;-98;35;-91;1
116645726;1.014064;0.005856;0.001952;-70;63;-112;1
116655923;1.013088;0.008784;0.006832;-77;56;-119;1
116669605;1.01016;0.00976;0.010736;-63;42;-119;1
116680166;1.013088;0.008784;0.010736;-56;28;-112;1
116696639;1.013088;0.012688;0.00976;-63;14;-112;1
116713043;1.012112;0.015616;0.002928;-77;-7;-119;1
116733088;1.014064;0.01952;-0.00488;-49;7;-105;1
116746501;1.013088;0.012688;-0.000976;-70;14;-98;1
116763061;1.012112;0.008784;-0.00488;-98;35;-91;1
116775961;1.012112;0.010736;-0.003904;-77;35;-84;1
116787120;1.014064;0.00;-77;1
116798551;1.0111359;0.008784;-0.001952;-84;49;-84;1
116809674;1.012112;0.008784;0.0;-105;49;-91;1
116820026;1.012112;0.0080105;49;-91;1
116842985;1.014064;0.0071_imubno055.csv@116848241;343.375;7581;-17313;0.961592464;0.02447319;-0.24167276
116876504;1.0111359;0.010736;0.006832;-91;21;-105;1
116898075;1.012112;0.013664;-0.000976;-98;14;-84;1
116914334;1.01016;0.011712;-0.005856;-98;35;-70;1
116928602;1.01016;0.005856;-0.006832;-119;49;-70;1
116943110;1.014064;0.0;-0.001952;-119;70;-77;1
116960211;1.013088;0.002928;0.002928;-105;77;-84;1
116971626;1.008208;0.001952;0.00488;-98;63;-98;1
116982140;1.013088;0.005856;0.007808;-77;49;-112;1
116999836;1.012112;0.010736;0.008784;-56;35;-112;1
117023630;1.016016;0.01464;0.001952;-63;28;-112;1
117034761;1.012112;0.013664;-0.001952;-84;28;-105;1
117046434;1.014064;0.013664;-0.003904;-77;35;-91;1
117059535;1.014064;0.011712;-0.006832;-119;42;-91;1
117070908;1.008208;0.007808;-0.002928;-147;49;-91;1
117085032;1.013088;0.00488;-0.001952;-91;56;-91;1
117096141;1.008208;0.00488;0.001952;-84;70;-105;1
117107967;1.016016;0.007808;0.003904;-84;77;-105;1
117118882;1.01016;0.005856;0.008784;-119;77;-119;1
117130140;1.013088;0.006832;0.010736;-119;70;-126;1
117144873;1.01016;0.003904;0.015616;-56;56;-119;1
117156090;1.01016;0.007808;0.01464;-77;14;-133;1
117170713;1.009184;0.008784;0.011712;-35;-7;-133;1
117187485;1.01016;0.01@20000101_000005_192721_gnss_gga.csv@117190212;0.0;0.0;0;0;2550
117198868;1.0111359;0.017568;-0.001952;-63;-21;-119;1
117226506;1.016016;0.021472;-0.011712;-63;7;-91;1
117240751;1.013088;0.013664;-0.006832;-70;70;-70;1
117252839;1.016992;0.00976;-0.002928;-140;77;-77;1
117269567;1.014064;0.007808;0.008784;-98;63;-70;1
117306486;1.009184;0.006832;0.00976;-105;42;-105;1
117324203;1.014064;0.011712;0.008784;-28;7;-105;1
117337298;1.014064;0.016592;0.00488;-21;-7;-105;1
117348373;1.0150399;0.01952;-0.00488;-63;-14;-105;1
117359421;1.012112;0.016592;-0.00976;-35;14;-91;1
117371945;1.012112;0.013664;-0.008784;-77;35;-84;1
117413008;1.013088;0.012688;0.0;-98;56;-84;1
117433030;1.012112;0.007808;0.002928;-140;63;-84;1
117444745;1.0111359;0.007808;0.006832;-133;63;-91;1
117455207;1.0111359;0.0976;-77;56;-84;1
117468791;1.0111359;0.006832;0.008784;-63;42;-91;1
117480003;1.0111359;0.00976;0.006832;-91;21;-105;1
117493701;1.0111359;0.005856;0.0;-84;7;-112;1
117513077;1.01016;0.00.
117525186;1.016016;0.01464;-0.00488;-77;35;-112;1
117543004;1.012112;0.008784;-0.002928;-77;56;-98;1
117565050;1.012112;0.008784;0.001952;-119;70;-105;1
117581048;1.012112;0.010736;0.005856;-112;70;-105;1
117592931;1.01016;0.010736;0.008784;-84;56;-98;1
117604536;1.014064;0.008784;0.012688;-91;49;-98;1
117615227;1.0111359;0.005856;0.008784;-91;35;-98;1
117626982;1.0111359;0.003904;0.008784;-84;21;-98;1
117644477;1.01016;0.005856;0.0;-42;7;-119;1
117657024;1.01016;0.00976;-0.001952;-28;7;-126;1
117668742;1.01016;0.010736;-0.001952;-49;14;-126;1
117687129;1.008208;0.015616;-0.00488;-56;35;-119;1
117697978;1.01016;0.015616;-0.005856;-77;49;-112;1
117709134;1.012112;0.018544;-0.002928;-70;49;-105;1
117724453;1.013088;0.015616;0.002928;-112;63;-84;1
117763818;1.0150399;0.007808;0.011712;-126;35;-91;1
117781445;1.012112;0.003904;0.002928;-77;0;-91;1
117803844;1.012112;0.008784;-0.000976;-77;7;-112;1
117815073;1.014064;0.011712;-0.00488;-42;28;-119;1
117826687;1.013088;0.01464;-0.008784;-77;35;-119;1
117838103;1.013088;0.018544;-0.007808;-91;42;-105;1
117851995;1.016016;0.018544;-0.006832;-105;56;-91;1
117880175;1.012112;0.00976;0.003904;-133;91;-70;1
117893693;1.0111359;0.006832;0.007808;-140;84;-70;1
117912657;1.01016;0.003904;0.007808;-98;49;-77;1
117925186;1.0111359;0.003904;0.003904;-84;49;-91;1
117938055;1.013088;0.010736;0.005856;-77;42;-105;1
117949850;1.0150399;0.012688;0.006832;-70;35;-112;1
117964405;1.01016;0.010736;0.001952;-70;21;-112;1
117976167;1.013088;0.012688;-0.001952;-77;14;-98;1
117991339;1.014064;0.012688;-0.008784;-126;35;-98;1
118003215;1.012112;0.008784;-0.005856;-112;56;-91;1
118023014;1.0111359;0.00488;-0.001952;-119;70;-84;1
118034380;1.013088;0.005856;0.002928;-133;77;-91;1
118054639;1.013088;0.007808;0.011712;-112;84;-98;1
118065950;1.014064;0.010736;0.01464;-112;63;-105;1
118077592;1.013088;0.00976;0.013664;-105;42;-112;1
118092105;1.013088;0.011712;0.005856;-119;0;-105;1
118103048;1.013088;0.01464;0.001952;-105;0;-105;1
118116219;1.0111359;0.00976;-0.001952;-119;7;-98;1
118134518;1.0111359;0.00976;-0.006832;-98;14;-105;1
118147007;1.0111359;0.006832;-0.002928;-63;35;-98;1
118158595;1.014064;0.008784;-0.001952;-49;42;-98;1
118170942;1.01016;0.008784;0.0;-84;56;-98;1
118188954;1.013088;0.006832;0.005856;-56;56;-98;1
118226691;1.013088;0.012688;0.003904;-49;21;-105;1
118240680;1.012112;0.01464;0.00488;-42;14;-98;1
118264974;1.0150399;0.00976;-0.001952;-98;7;-84;1
118280341;1.0111359;0.010736;-0.007808;-133;21;-77;1
118292158;1.01016;0.005856;-0.006832;-105;56;-84;1
118303208;1.0111359;0.007808;0.000976;-112;63;-91;1
118314703;1.008208;0.006832;0.001952;-126;56;-105;1
118334841;1.01016;0.00976;0.00488;-49;49;-98;1
118346392;1.013088;0.00976;0.003904;-70;49;-98;1
118359030;1.012112;0.011712;0.005856;-91;42;-98;1
118370091;1.0111359;0.01464;0.00488;-84;49;-98;1
118384205;1.012112;0.008784;0.000976;-91;21;-84;1
118403127;1.012112;0.002928;0.000976;-112;35;-91;1
118414711;1.012112;0.000976;0.001952;-126;35;-91;1
118424894;1.0111359;0.001952;0.0;-105;42;-98;1
118439152;1.0111359;0.00488;-0.000976;-84;35;-112;1
118452165;1.012112;0.005856;-0.005856;-77;42;-112;1
118465355;1.013088;0.00976;-0.005856;-77;63;-119;1
118476036;1.014064;0.007808;-0.00488;-77;63;-119;1
118488183;1.013088;0.0;@20000101_000005_192721_accel_adxl375.csv@118493116;1.7639999;0.147;0.196;1
118498939;1.0150399;0.012688;0.00488;-56;77;-105;1
118514843;1.012112;0.013664;0.007808;-91;77;-112;1
118530090;1.008208;0.00976;0.013664;-98;56;-105;1
118542970;1.014064;0.010736;0.011712;-119;35;-105;1
118566208;1.013088;0.00976;0.006832;-133;0;-91;1
118578762;1.0150399;0.007808;0.00488;-119;0;-91;1
118591370;1.013088;0.010736;0.0;-91;0;-91;1
118602138;1.012112;0.008784;-0.005856;-91;-7;-91;1
118623047;1.0150399;0.012688;-0.00976;-105;21;-105;1
118672624;1.01016;0.003904;0.006832;-91;63;-105;1
118704768;1.013088;0.010736;0.011712;-84;14;-112;1
118715821;1.01016;0.013664;0.00976;-105;7;-119;1
118734364;1.01016;0.017568;0.002928;-42;-21;-91;1
118747102;1.0150399;0.016592;-0.003904;-84;-35;-91;1
118758795;1.0150399;0.010736;-0.012688;-91;7;-70;1
118772643;1.014064;0.010736;-0.013664;-77;35;-63;1
118790834;1.0111359;0.005856;-0.006832;-91;77;-77;1
118801841;1.013088;0.002928;-0.000976;-84;91;-84;1
118815550;1.013088;0.002928;0.00488;-77;84;-91;1
118834459;1.014064;0.002928;0.012688;-84;70;-112;1
118846781;1.013088;0.010736;0.010736;-105;49;-126;1
118871591;1.013088;0.01464;0.001952;-70;7;-98;1
118885750;1.012112;0.0148
118896089;1.013088;0.010736;-0.003904;-98;21;-105;1
118935209;1.0111359;0.006832;-0.006832;-98;84;-84;1
118947035;1.0111359;0.007808;-0.002928;-105;105;-91;1
118958842;1.0111359;0.002928;0.003904;-119;112;-105;1
118972010;1.014064;0.006832;0.018544;-77;91;-112;1
119013031;1.0111359;0.c75;7581;-17313;0.961592464;0.025492906;-0.2314756
119024004;1.009184;0.011712;0.002928;-77;7;-126;1
119056483;1.012112;0.016592;-0.00488;-84;0;-112;1
119067107;1.014064;0.016592;-0.00976;-84;21;-98;1
119081705;1.016016;0.015616;-0.007808;-126;42;-91;1
119117914;1.014064;0.003904;0.008784;-91;70;-98;1
119147835;1.012112;0.00976;0.01952;-56;28;-105;1
119160788;1.009184;0.016592;0.015616;-28;0;-105;1
119173678;1.01016;0.017568;0.010736;-21;-35;-98;1
119190197;1.0111359;0.01464;-0.010736;-70;-42;-91;1
119201109;1.013088;0.011712;-0.010736;-77;-28;-91;1
119212549;1.0150399;0.011712;-0.011712;-77;7;-84;1
119223635;1.01016;0.008784;-0.013664;-63;28;-77;1
119234302;1.013088;0.006832;-0.010736;-42;42;-77;1
119245201;1.0150399;0.003904;-0.003904;-77;70;-84;1
119273262;1.012112;0.010736;0.003904;-105;84;-98;1
119286706;1.0111359;0.18;1
119302058;1.013088;0.011712;0.011712;-105;35;-91;1
119323021;1.0111359;0.011712;0.001952;-112;21;-77;1
119339594;1.012112;0.008784;-0.000976;-133;35;-77;1
119362086;1.013088;0.006832;-0.008784;-112;42;-77;1
119375617;1.012112;0.00488;-0.008784;-105;63;-77;1
119387315;1.0111359;0.528;1
119402026;1.01016;0.002928;0.00488;-105;91;-112;1
119423018;1.01016;0.00976;0.006832;-84;63;-105;1
119434185;1.0111359;0.00976;0.007808;-112;70;-119;1
119449536;1.012112;0.01464;0.006832;-105;49;-112;1
119463112;1.01016;0.01464;0.006832;-105;56;-105;1
119474055;1.0150399;0.015616;0.003904;-112;42;-105;1
119487461;1.0150399;0.012688;0.000976;-140;35;-84;1
119528998;1.012112;0.003904;0.002928;-112;56;-119;1
119542127;1.013088;0.005856;0.008784;-112;49;-126;1
119555889;1.012112;0.010736;0.006832;-91;42;-126;1
119567144;1.012112;0.012688;0.006832;-98;35;-133;1
119579541;1.012112;0.015616;0.006832;-49;35;-112;1
119592192;1.012112;0.016592;0.005856;-98;28;-119;1
119604372;1.014064;0.01464;0.005856;-63;14;-112;1
119624561;1.0150399;0.010736;0.010736;-98;14;-98;1
119637155;1.009184;0.008784;0.011712;-98;7;-112;1
119654508;1.014064;0.007808;0.008784;0;-14;-91;1
119669128;1.012112;0.007808;0.002928;-56;-21;-105;1
119683391;1.016016;0.006832;0.0;14;-7;-98;1
119694097;1.012112;0.00488;0.001952;14;0;-105;1
119710879;1.013088;0.008784;0.000976;7;-7;-112;1
119733011;1.01016;0.01952;-0.001952;-21;21;-91;1
119743915;1.014064;0.016592;-0.003904;-49;28;-84;1
119755083;1.0150399;0.012688;-0.002928;-133;28;-84;1
119767755;1.013088;0.00976;-0.001952;-147;21;-77;1
119780710;1.008208;0.007808;-0.003904;-112;21;-70;1
119794750;1.014064;0.00488;-0.003904;-91;49;-77;1
119813041;1.013088;0.0;0.00976;-112;70;-98;1
119824003;1.0111359;0.002928;0.00976;-112;56;-119;1
119835442;1.014064;0.006832;0.010736;-49;28;-112;1
119847286;1.01016;0.013664;0.007808;-63;14;-119;1
119859357;1.0111359;0.015616;0.001952;-84;0;-119;1
119870494;1.012112;0.012688;0.000976;-56;0;-112;1
119882362;1.013088;0.0n206;343.375;7581;-17313;0.96261216;0.028552056;-0.23963332
119897638;1.013088;0.00976;-0.00976;-63;0;-105;1
119908071;1.014064;0.01464;-0.015616;-70;21;-105;1
119918860;1.01016;0.01464;-0.017568;-84;56;-98;1
119934476;1.0111359;0.012688;-0.006832;-126;98;-91;1
119973614;1.007232;0.011712;0.011712;-196;112;-84;1
119994113;1.0111359;0.008784;0.016592;-140;91;-70;1
120005237;1.012112;0.000976;0.017568;-147;77;-77;1
120016151;1.013088;0.005856;0.01952;-105;21;-105;1
120027091;1.014064;0.006832;0.00976;-119;-7;-112;1
120042592;1.013088;0.006832;0.008784;-112;-21;-119;1
120053032;1.012112;0.0@20000101_000005_192721_accel_adxl375.csv@120056386;1.7639999;0.098;0.196;1
120065632;1.013088;0.011712;-0.008784;-49;-21;-126;1
120076180;1.012112;0.010736;-0.013664;-63;0;-119;1
120100097;1.014064;0.017568;-0.008784;-119;98;-98;1
120113236;1.01016;0.01952;0.001952;-98;105;-84;1
120127154;1.012112;0.017568;0.003904;-91;105;-63;1
120143542;1.012112;0.010736;0.011712;-154;77;-63;1
120154139;1.01016;0.00192721_accel_adxl375.csv@120155260;1.7639999;0.147;0.244999984;1
120165936;1.0111359;0.000976;0.020496;-112;49;-70;1
120176894;1.013088;-0.003904;0.021472;-119;28;-84;1
120188047;1.013088;0.0;0.008784;-77;-7;-98;1
120199156;1.014064;0.001952;-0.001952;-14;-63;-119;1
120214666;1.016016;0.006832;-0.016592;14;-42;-119;1
120225196;1.016992;0.011712;-0.020496;-42;-14;-140;1
120239869;1.0111359;0.01464;-0.01464;28;70;-119;1
120251320;1.012112;0.017568;-0.006832;7;84;-112;1
120264663;1.014064;0.017568;0.0;-56;98;-112;1
120275904;1.013088;0.018544;0.007808;-105;98;-98;1
120287658;1.012112;0.012688;0.008784;-140;84;-77;1
120298132;1.012112;0.012688;0.015616;-133;84;-70;1
120309144;1.01016;0.003904;0.016592;-140;63;-70;1
120319933;1.0111359;0.0@20000101_000005_192721_imu_bno055.csv@120328133;343.375;7581;-17319;0.96261216;0.0193746092;-0.22943616
120334310;1.012112;0.000976;0.00976;-119;-7;-112;1
120392913;1.0150399;0.016592;-0.008784;-70;105;-133;1
120412149;1.013088;0.020496;0.005856;-98;112;-112;1
120422966;1.014064;0.018544;0.006832;-168;105;-98;1
120435248;1.014064;0.015616;0.012688;-210;98;-84;1
120446356;1.01016;0.01464;0.013664;-168;84;-70;1
120459478;1.009184;0.007808;0.015616;-168;77;-63;1
120470219;1.014064;0.006832;0.013664;-175;56;-70;1
120483382;1.0111359;0.003904;0.00976;-182;7;-98;1
120495052;1.0111359;0.001952;0.002928;-168;0;-98;1
120506669;1.0150399;0.002928;-0.002928;-133;7;-105;1
120517030;1.013088;0.003904;-0.005856;-133;28;-112;1
120532019;1.013088;0.005856;-0.005856;-112;42;-112;1
120553469;1.014064;0.016592;0.000976;-98;84;-126;1
120564686;1.014064;0.01952;0.003904;-84;98;-112;1
120575074;1.013088;0.021472;0.008784;-84;112;-91;1
120586062;1.013088;0.015616;0.01952;-77;91;-77;1
120598902;1.013088;0.015616;0.021472;-84;63;-63;1
120612879;1.0111359;0.00976;0.01952;-112;21;-56;1
120624368;1.01016;0.001952;0.012688;-28;-21;-70;1
120636906;1.013088;0.001952;0.007808;-56;-21;-84;1
120648132;1.012112;0.00488;-0.000976;-84;-21;-105;1
120670180;1.013088;0.003904;-0.007808;-7;-14;-98;1
120683811;1.012112;0.010736;-0.01464;-14;-7;-98;1
120695802;1.014064;0.013664;-0.012688;-21;56;-119;1
120713085;1.0150399;0.010736;-0.001952;-42;70;-119;1
120734651;1.0111359;0.017568;0.00976;-63;77;-98;1
120753078;1.0111359;0.012688;0.022448;-105;35;-84;1
120765136;1.01016;0.010736;0.013664;-112;7;-77;1
120776096;1.0111359;0.003904;0.010736;-105;-21;-84;1
120825931;1.014064;0.005856;-0.008784;-42;21;-98;1
120837137;1.014064;0.008784;-0.00488;-7;28;-98;1
120849639;1.0111359;0.00976;-0.006832;-77;49;-119;1
120872777;1.013088;0.013664;0.001952;-42;91;-112;1
120889612;1.01016;0.015616;0.013664;-105;70;-112;1
120900981;1.0111359;0.01464;0.016592;-84;35;-98;1
120912586;1.013088;0.013664;0.00976;-70;21;-77;1
120924251;1.013088;0.011712;0.002928;-105;7;-77;1
120945288;1.012112;0.007808;-0.00488;-161;21;-98;1
120963123;1.014064;0.007808;-0.006832;-84;42;-98;1
120975071;1.01016;0.008784;-0.002928;-91;49;-98;1
121003781;1.012112;0.006832;-0.001952;-84;91;-91;1
121024403;1.01016;0.007808;0.005856;-112;91;-119;1
121035267;1.01016;0.013664;0.007808;-84;84;-119;1
121055106;1.01016;0.012688;0.015616;-133;56;-98;1
121066078;1.014064;0.013664;0.01464;-182;35;-105;1
121077018;1.01016;0.011712;0.011712;-126;28;-98;1
121103468;1.012112;0.010736;-0.005856;-126;14;-105;1
121114194;1.0150399;0.010736;-0.007808;-140;28;-112;1
121129307;1.013088;0.011712;-0.006832;-63;42;-91;1
121143242;1.0111359;0.008784;-0.000976;-105;70;-91;1
121154239;1.014064;0.008784;0.001952;-112;63;-98;1
121167070;1.01016;0.007808;0.002928;-63;77;-98;1
121180314;1.0111359;0.00976;0.005856;-70;77;-91;1
121195869;1.0111359;0.00976;0.015616;-119;63;-112;1
121207149;1.01016;0.01464;0.01952;-91;28;-105;1
121219757;1.008208;0.01464;0.015616;-98;0;-98;1
121252051;1.013088;0.008784;-0.000976;-119;-14;-84;1
121270813;1.0111359;0.008784;-0.003904;-77;0;-98;1
121283661;1.013088;0.011712;-0.011712;-63;21;-91;1
121327517;1.008208;0.005856;0.008784;-28;119;-105;1
121343459;1.012112;0.010736;0.01952;-21;105;-119;1
121366727;1.012112;0.015616;0.016592;-70;0;-91;1
121378648;1.013088;0.016592;0.006832;-91;-21;-77;1
121404538;1.013088;0.00488;-0.005856;-126;-14;-63;1
121416170;1.016016;0.007808;-0.011712;-140;7;-98;1
121428349;1.0150399;0.007808;-0.011712;-133;28;-105;1
121439222;1.013088;0.006832;-0.01464;-119;49;-98;1
121464718;1.014064;0.005856;-0.00976;-133;112;-84;1
121480090;1.013088;0.0;0.008784;-133;147;-98;1
121494865;1.01016;0.002928;0.018544;-105;133;-112;1
121514698;1.34;0.018544;-147;70;-126;1
121525610;1.012112;0.020496;0.021472;-126;49;-112;1
121545149;1.013088;0.00976;0.011712;-126;14;-70;1
121574615;1.012112;0.001952;-0.005856;-84;-14;-105;1
121591205;1.016016;0.007808;-0.007808;-42;28;-119;1
121605117;1.013088;0.010736;-0.007808;-63;63;-126;1
121622699;1.0150399;0.00976;-0.002928;-21;91;-112;1
121633727;1.014064;0.00976;0.00488;-14;91;-105;1
121654683;1.0111359;0.013664;0.01464;-63;84;-126;1
121666065;1.012112;0.01464;0.020496;-56;70;-119;1
121707665;1.0111359;0.00488;0.012688;-105;-49;-91;1
121730004;1.014064;0.007808;-0.00976;-98;-42;-133;1
121745089;1.012112;0.015616;-0.011712;-42;-7;-126;1
121756214;1.016992;0.01464;-0.01464;-56;14;-119;1
121767721;1.016016;0.016592;-0.012688;-63;49;-112;1
121778358;1.014064;0.016592;-0.008784;-49;70;-98;1
121794313;1.014064;0.00976;0.003904;-28;91;-98;1
121810610;1.0111359;0.01464;0.011712;-21;91;-91;1
121833465;1.013088;0.01464;0.023424;-42;14;-77;1
121844813;1.014064;0.010736;0.01464;-70;-28;-77;1
121857575;1.0150399;0.006832;0.006832;-77;-49;-70;1
121870049;1.0111359;0.005856;-0.002928;-56;-56;-70;1
121883405;1.013088;0.00488;-0.01464;-63;-28;-98;1
121893991;1.0150399;0.007808;-0.017568;-35;7;-112;1
121910191;1.0150399;0.01464;-0.017568;-63;35;-112;1
121926342;1.01016;0.016592;-0.013664;-49;84;-91;1
121941940;1.0111359;0.015616;-0.006832;-70;112;-77;1
121963076;1.0111359;0.00976;0.016592;-133;126;-84;1
121974186;1.008208;0.008784;0.0244;-154;84;-84;1
121985104;1.013088;0.007808;0.0244;-154;49;-84;1
121998434;1.0111359;0.007808;0.01952;-161;21;-77;1
122009081;1.0111359;0.00488;0.012688;-182;-7;-77;1
122033060;1.0111359;0.000976;-0.002928;-161;-14;-91;1
122045389;1.013088;0.003904;-0.010736;-133;14;-112;1
122056248;1.016016;0.003904;-0.015616;-133;35;-119;1
122068904;1.014064;0.007808;-0.01464;-112;70;-119;1
122093796;1.01016;0.00976;0.0;-91;133;-112;1
122107029;1.014064;0.013664;0.012688;-84;126;-105;1
122133014;1.009184;0.015616;0.022448;-98;84;-105;1
122171928;1.009184;0.003904;0.011712;-126;-42;-84;1
122186646;1.013088;-0.000976;-0.006832;-70;-56;-112;1
122198408;1.016016;0.003904;-0.013664;-63;-42;-133;1
122209108;1.01016;0.006832;-0.018544;-35;0;-147;1
122220102;1.013088;0.06@20000101_000005_192721_imu_bno055.csv@122228011;343.5625;7581;-17307;0.959553;0.02447319;-0.25900792
122237249;1.016016;0.018544;-0.00488;-7;91;-119;1
122248030;1.0111359;0.016592;0.002928;-21;105;-112;1
122259501;1.014064;0.015616;0.008784;-49;105;-112;1
122272463;1.012112;0.01952;0.016592;-35;91;-105;1
122304119;1.009184;0.015616;0.021472;-98;14;-70;1
122316757;1.013088;0.011712;0.01952;-105;-21;-56;1
122334951;1.012112;0.0;0.001952;-105;-63;-70;1
122346160;1.012112;0.0;-0.010736;-91;-63;-84;1
122359255;1.012112;0.00488;-0.022448;-49;0;-119;1
122371947;1.0150399;0.010736;-0.021472;-42;42;-126;1
122389873;1.0150399;0.01464;-0.008784;-35;112;-112;1
122401172;1.012112;0.017568;0.000976;-35;119;-98;1
122414923;1.0111359;0.017568;0.007808;-77;112;-91;1
122433008;1.013088;0.015616;0.018544;-84;98;-70;1
122444497;1.01016;0.013664;0.021472;-126;77;-70;1
122455468;1.013088;0.013664;0.022448;-154;35;-63;1
122466849;1.012112;0.00488;0.01952;-154;0;-56;1
122479885;1.012112;0.002928;0.00976;-154;-35;-56;1
122494898;1.0111359;-0.003904;-0.01464;-112;-21;-84;1
122513042;1.01016;0.001952;-0.016592;-105;35;-133;1
122533094;1.014064;0.00976;-0.010736;-63;105;-140;1
122553153;1.012112;0.03;-126;1
122564422;1.009184;0.020496;0.006832;-91;126;-119;1
122575002;1.01016;0.021472;0.01464;-98;119;-112;1
122619600;1.014064;0.011712;0.016592;-238;14;-84;1
122633152;1.012112;0.0;0.002928;-175;-14;-77;1
122644858;1.01016;-0.001952;-0.00488;-91;-7;-84;1
122661246;1.013088;-0.003904;-0.008784;-84;0;-112;1
122673271;1.013088;0.002928;-0.012688;-77;63;-154;1
122685992;1.014064;0.005856;-0.00488;-42;91;-154;1
122697321;1.014064;0.010736;0.000976;-42;98;-154;1
122711875;1.012112;0.01952;0.00488;-56;105;-154;1
122733897;1.0111359;0.023424;0.018544;-70;70;-112;1
122745196;1.008208;0.020496;0.021472;-84;42;-91;1
122756220;1.012112;0.016592;0.023424;-119;14;-84;1
122768450;1.012112;0.016592;0.017568;-119;-14;-77;1
122778982;1.012112;0.008784;0.007808;-119;-42;-70;1
122794660;1.014064;0.006832;-0.003904;-98;-42;-63;1
122813435;1.014064;0.000976;-0.008784;-84;-14;-70;1
122824210;1.014064;-0.000976;-0.010736;-70;0;-98;1
122834917;1.014064;0.002928;-0.011712;-21;21;-112;1
122846126;1.013088;0.008784;-0.005856;-7;63;-133;1
122857765;1.013088;0.01464;-0.000976;14;98;-126;1
122869866;1.014064;0.017568;0.008784;0;98;-119;1
122881105;1.01016;0.016592;0.015616;-42;70;-112;1
122897474;1.01016;0.021472;0.016592;-49;28;-84;1
122907949;1.012112;0.01952;0.015616;-84;7;-77;1
122919435;1.012112;0.016592;0.012688;-91;0;-70;1
122930083;1.0111359;0.015616;0.005856;-119;-14;-56;1
122945843;1.013088;0.008784;0.003904;-126;-21;-42;1
122964055;1.0111359;-0.000976;-0.011712;-56;-21;-56;1
122977455;1.012112;-0.002928;-0.013664;-77;28;-98;1
123000886;1.013088;0.00488;-0.007808;-84;84;-126;1
123014490;1.016016;0.006832;0.001952;-42;91;-126;1
123034528;1.012112;0.01952;0.011712;-56;84;-133;1
123068892;1.009184;0.015616;0.010736;-147;0;-77;1
123090121;1.016016;0.007808;0.002928;-133;-7;-77;1
123104465;1.014064;0.00488;-0.003904;-133;-7;-77;1
123115180;1.013088;-0.000976;-0.007808;-126;7;-84;1
123126084;1.0150399;-0.001952;-0.011712;-105;28;-91;1
123152129;1.012112;0.00488;-0.000976;-35;91;-133;1
123163478;1.014064;0.008784;0.005856;-42;105;-140;1
123177213;1.0111359;0.015616;0.01464;-63;98;-154;1
123188090;1.01016;0.01@20000101_000005_192721_gnss_gga.csv@123190714;0.0;0.0;0;0;2550
123203750;1.013088;0.021472;0.018544;-56;28;-119;1
123215231;1.0111359;0.01952;0.013664;-63;0;-105;1
123229240;1.009184;0.020496;0.007808;-91;-7;-105;1
123242268;1.013088;0.01464;-0.001952;-126;-21;-77;1
123253204;1.01016;0.01@20000101_000005_192721_accel_adxl375.csv@123260109;1.7149999;0.098;0.147;1
123266398;1.013088;0.006832;-0.013664;-119;21;-63;1
123277200;1.013088;0.003904;-0.015616;-126;49;-77;1
123291050;1.0111359;0.0;-0.008784;-105;77;-84;1
123301991;1.013088;0.00488;0.00488;-70;105;-98;1
123314133;1.013088;0.00488;0.011712;-70;98;-112;1
123333062;1.014064;0.013664;0.0244;-70;63;-133;1
123346167;1.013088;0.01464;0.023424;-28;35;-119;1
123367562;1.012112;0.020496;0.012688;-91;-21;-112;1
123379701;1.016016;0.018544;0.007808;-105;-42;-98;1
123391878;1.009184;0.018544;-0.002928;-91;-35;-84;1
123403398;1.013088;0.012688;-0.010736;-77;-7;-70;1
123414130;1.0150399;0.00976;-0.011712;-70;28;-63;1
123425908;1.016016;0.005856;-0.012688;-77;56;-63;1
123453638;1.013088;-0.000976;-0.003904;-98;98;-77;1
123470632;1.0111359;0.002928;0.011712;-49;105;-112;1
123485974;1.0111359;0.012688;0.020496;-56;63;-126;1
123499463;1.012112;0.012688;0.021472;-63;28;-126;1
123513351;1.01016;0.01464;0.016592;-56;0;-119;1
123536567;1.014064;0.016592;-0.001952;-77;-28;-105;1
123548166;1.012112;0.016592;-0.010736;-105;-14;-98;1
123562291;1.013088;0.013664;-0.012688;-119;0;-84;1
123580024;1.013088;0.005856;-0.01464;-119;49;-84;1
123592469;1.013088;0.005856;-0.010736;-112;84;-84;1
123604900;1.014064;0.00488;-0.005856;-91;112;-91;1
123622995;1.0111359;0.003904;0.010736;-105;119;-105;1
123634291;1.014064;0.005856;0.016592;-98;105;-112;1
123645377;1.012112;0.005856;0.020496;-112;77;-126;1
123657831;1.013088;0.011712;0.022448;-77;21;-133;1
123669188;1.013088;0.012688;0.016592;-70;-7;-119;1
123682610;1.0111359;0.015616;0.010736;-77;-28;-119;1
123693323;1.013088;0.01952;-0.001952;-77;-42;-112;1
123705081;1.012112;0.018544;-0.007808;-91;-35;-105;1
123719189;1.012112;0.0@20000101_000005_192721_imu_bno055.csv@123727903;343.625;7575;-17319;0.9605727;0.03569007;-0.2569685
123734393;1.013088;0.012688;-0.013664;-98;56;-84;1
123753057;1.0150399;0.00976;-0.002928;-133;105;-84;1
123765299;1.012112;0.008784;0.003904;-133;112;-84;1
123776006;1.013088;0.00488;0.008784;-126;112;-84;1
123788530;1.0111359;0.00488;0.016592;-98;105;-91;1
123805497;1.009184;0.00488;0.0244;-98;56;-105;1
123816161;1.012112;0.006832;0.021472;-98;28;-112;1
123836374;1.0111359;0.012688;0.010736;-84;-28;-112;1
123847531;1.012112;0.010736;0.00488;-63;-35;-105;1
123858542;1.012112;0.01464;-0.002928;-42;-35;-105;1
123894570;1.014064;0.011712;-0.011712;-91;42;-91;1
123911490;1.013088;0.011712;-0.000976;-70;91;-84;1
123925368;1.014064;0.011712;0.002928;-77;98;-84;1
123943911;1.012112;0.010736;0.011712;-119;84;-91;1
123958514;1.008208;0.00976;0.015616;-112;63;-91;1
123969226;1.013088;0.006832;0.017568;-77;42;-91;1
123981074;1.0111359;0.007808;0.017568;-63;21;-98;1
123992271;1.014064;0.007808;0.007808;-84;-14;-105;1
124004316;1.01016;0.00976;-0.000976;-77;-21;-112;1
124016402;1.0111359;0.00976;-0.000976;-56;-21;-112;1
124032953;1.009184;0.008784;-0.011712;-42;7;-105;1
124044403;1.013088;0.010736;-0.011712;-84;28;-119;1
124059443;1.013088;0.012688;-0.007808;-91;56;-112;1
124075816;1.013088;0.011712;0.0;-63;91;-98;1
124088996;1.012112;0.00976;0.003904;-98;91;-98;1
124103624;1.013088;0.012688;0.012688;-119;70;-98;1
124117182;1.0111359;0.008784;0.012688;-98;63;-91;1
124132558;1.01016;0.010736;0.015616;-84;42;-84;1
124144395;1.012112;0.006832;0.00976;-119;7;-105;1
124163340;1.016016;0.007808;0.001952;-98;0;-105;1
124174846;1.013088;0.010736;-0.005856;-63;14;-105;1
124188451;1.0150399;0.010736;-0.005856;-84;21;-112;1
124199678;1.013088;0.007808;-0.006832;-91;42;-112;1
124213390;1.012112;0.012688;-0.005856;-77;56;-105;1
124224776;1.014064;0.01464;0.002928;-77;77;-105;1
124237407;1.013088;0.01464;0.003904;-98;84;-105;1
124247900;1.0111359;0.018544;0.00976;-126;77;-98;1
124262405;1.0111359;0.01464;0.011712;-140;70;-91;1
124281322;1.0111359;0.011712;0.011712;-105;42;-84;1
124324231;1.0111359;0.005856;0.0;-105;0;-91;1
124341473;1.0111359;0.005856;-0.003904;-70;21;-105;1
124352465;1.009184;0.006832;-0.003904;-56;28;-112;1
124365952;1.01016;0.010736;-0.002928;-56;42;-119;1
124380411;1.009184;0.012688;0.003904;-70;49;-112;1
124394466;1.012112;0.012688;0.003904;-84;56;-105;1
124405964;1.012112;0.012688;0.005856;-63;63;-98;1
124417105;1.013088;0.013664;0.008784;-77;56;-105;1
124428547;1.0111359;0.011712;0.00976;-77;42;-84;1
124441647;1.013088;0.010736;0.00976;-105;21;-84;1
124452662;1.0150399;0.007808;0.006832;-98;14;-84;1
124464692;1.012112;0.00488;0.003904;-84;7;-84;1
124475843;1.0111359;0.005856;0.001952;-91;7;-91;1
124500064;1.012112;0.006832;-0.002928;-77;21;-112;1
124510930;1.0150399;0.010736;-0.00488;-56;35;-112;1
124522109;1.013088;0.00976;0.0;-49;42;-119;1
124533828;1.013088;0.011712;0.002928;-63;49;-119;1
124544634;1.0150399;0.015616;0.002928;-49;49;-126;1
124557113;1.012112;0.01464;0.003904;-49;49;-112;1
124570201;1.014064;0.015616;0.008784;-91;42;-98;1
124585687;1.013088;0.011712;0.007808;-98;28;-91;1
124596406;1.0111359;0.012688;0.006832;-112;21;-91;1
124607078;1.01016;0.00976;0.002928;-98;21;-84;1
124624468;1.013088;0.00488;0.001952;-112;14;-84;1
124637118;1.0150399;0.00488;-0.003904;-98;21;-91;1
124648184;1.012112;0.005856;-0.000976;-91;28;-91;1
124659219;1.014064;0.00488;-0.000976;-84;42;-105;1
124670530;1.012112;0.00488;0.0;-70;49;-112;1
124687954;1.014064;0.01464;0.000976;-70;63;-119;1
124701157;1.0111359;0.012688;0.002928;-84;70;-105;1
124731863;1.012112;0.012688;0.006832;-112;49;-98;1
124747726;1.009184;0.011712;0.008784;-112;35;-77;1
124762621;1.009184;0.007808;0.003904;-133;28;-77;1
124773393;1.014064;0.00488;0.0;-133;21;-84;1
124793903;1.013088;0.005856;-0.000976;-112;28;-84;1
124805954;1.009184;0.006832;-0.002928;-91;42;-91;1
124817356;1.01016;0.003904;-0.001952;-105;49;-105;1
124833039;1.013088;0.005856;0.001952;-91;56;-112;1
124844131;1.013088;0.00976;0.00488;-77;63;-112;1
124855113;1.012112;0.012688;0.006832;-70;63;-112;1
124867024;1.012112;0.01464;0.008784;-77;63;-105;1
124878196;1.01016;0.016592;0.010736;-98;49;-98;1
124900805;1.0111359;0.012688;0.010736;-91;35;-84;1
124914057;1.013088;0.012688;0.007808;-98;21;-84;1
124933022;1.014064;0.006832;0.002928;-98;14;-84;1
124953096;1.012112;0.005856;0.0;-91;21;-84;1
124965659;1.013088;0.005856;-0.001952;-77;35;-105;1
124976230;1.014064;0.003904;-0.001952;-63;42;-112;1
124993577;1.013088;0.006832;0.001952;-56;49;-119;1
125004447;1.0111359;0.011712;0.001952;-49;49;-119;1
125015588;1.0111359;0.012688;0.005856;-56;49;-119;1
125034538;1.012112;0.016592;0.005856;-56;35;-112;1
125045156;1.013088;0.01464;0.007808;-63;28;-105;1
125057538;1.0150399;0.017568;0.001952;-84;21;-91;1
125068635;1.014064;0.012688;0.000976;-84;21;-84;1
125079088;1.013088;0.008784;0.000976;-91;21;-84;1
125094119;1.012112;0.00976;-0.000976;-91;28;-91;1
125113070;1.013088;0.005856;-0.003904;-84;42;-91;1
125133111;1.009184;0.008784;0.0;-77;56;-105;1
125144577;1.013088;0.012688;0.000976;-91;63;-112;1
125187254;1.01016;0.012688;0.00976;-105;49;-105;1
125207997;1.012112;0.011712;0.00488;-112;35;-91;1
125221769;1.014064;0.00976;-0.000976;-119;35;-91;1
125232286;1.0111359;0.012688;0.0;-112;35;-91;1
125243115;1.014064;0.013664;-0.000976;-112;49;-91;1
125255969;1.0150399;0.010736;-0.003904;-119;49;-84;1
125270462;1.014064;0.00976;0.002928;-126;70;-91;1
125281319;1.012112;0.005856;0.003904;-133;77;-91;1
125294389;1.0150399;0.012688;0.007808;-119;77;-98;1
125305034;1.013088;0.007808;0.011712;-105;70;-98;1
125318765;1.0111359;0.@20000101_000005_192721_accel_adxl375.csv@125323064;1.813;0.049;0.244999984;1
125331011;1.01016;0.00976;0.013664;-91;35;-98;1
125343545;1.014064;0.007808;0.007808;-91;28;-98;1
125368244;1.0111359;0.012688;0.005856;-84;14;-98;1
125381283;1.013088;0.010736;-0.000976;-84;21;-98;1
125397972;1.014064;0.011712;0.0;-84;35;-98;1
125420524;1.013088;0.010736;0.003904;-84;49;-105;1
125432580;1.0111359;0.011712;0.003904;-63;49;-98;1
125444284;1.01016;0.011712;0.007808;-91;35;-98;1
125455160;1.012112;0.0@20000101_000005_192721_laser_agl.csv@125458669;0.02;1
125467460;1.013088;0.00976;0.011712;-63;28;-98;1
125478115;1.012112;0.007808;0.007808;-77;14;-105;1
125492462;1.01016;0.007808;0.007808;-77;7;-105;1
125503155;1.014064;0.006832;-0.001952;-42;0;-105;1
125530128;1.014064;0.007808;-0.001952;-28;14;-112;1
125543299;1.0111359;0.010736;-0.002928;-56;35;-119;1
125580452;1.0111359;0.013664;0.005856;-77;49;-105;1
125597931;1.009184;0.011712;0.005856;-77;42;-91;1
125631161;1.013088;0.00976;0.005856;-91;21;-84;1
125644775;1.014064;0.00976;0.002928;-98;21;-91;1
125655484;1.012112;0.007808;0.0;-84;21;-91;1
125668183;1.012112;0.005856;-0.002928;-91;28;-98;1
125679229;1.013088;0.006832;-0.005856;-91;35;-98;1
125694090;1.012112;0.00976;-0.006832;-77;49;-91;1
125710292;1.013088;0.010736;0.000976;-98;70;-105;1
125720971;1.012112;0.0@20000101_000005_192721_power_ina226.csv@125727210;3940;526;2075;0
125733043;1.013088;0.012688;0.00976;-84;70;-98;1
125744817;1.013088;0.00976;0.00976;-105;63;-98;1
125768346;1.0111359;0.012688;0.010736;-119;35;-84;1
125779206;1.016016;0.012688;0.005856;-133;28;-84;1
125805209;1.0150399;0.011712;-0.001952;-133;28;-77;1
125816804;1.0179679;0.007808;-0.001952;-126;35;-84;1
125836920;1.014064;0.007808;-0.003904;-119;63;-91;1
125848044;1.013088;0.00488;0.001952;-119;77;-98;1
125861806;1.01016;0.005856;0.005856;-119;77;-105;1
125872515;1.0111359;0.008784;0.013664;-112;70;-112;1
125885381;1.01016;0.008784;0.01464;-91;63;-112;1
125896106;1.0111359;0.011712;0.017568;-77;49;-112;1
125917539;1.0111359;0.007808;0.0121_airspeed_sdp810.csv@125918936;-187;0;4249
125931539;1.009184;0.011712;0.001952;-91;7;-98;1
125949182;1.013088;0.008784;-0.003904;-70;14;-105;1
125960087;1.013088;0.006832;-0.003904;-63;28;-105;1
125972574;1.009184;0.006832;-0.002928;-56;35;-105;1
125984846;1.013088;0.008784;0.0;-70;49;-112;1
126020705;1.008208;0.012688;0.010736;-49;63;-119;1
126033832;1.01016;0.013664;0.011712;-63;49;-112;1
126048690;1.013088;0.01464;0.012688;-91;28;-112;1
126064974;1.013088;0.012688;0.007808;-105;7;-98;1
126076691;1.013088;0.01464;0.005856;-91;0;-91;1
126089976;1.0111359;0.016592;0.000976;-84;0;-91;1
126102991;1.014064;0.013664;-0.005856;-98;14;-84;1
126115826;1.013088;0.00976;-0.005856;-112;28;-84;1
126130905;1.014064;0.006832;-0.005856;-126;49;-84;1
126142246;1.013088;0.008784;-0.000976;-119;77;-91;1
126158290;1.008208;0.007808;0.00488;-112;84;-84;1
126169018;1.012112;0.008784;0.010736;-112;77;-84;1
126180915;1.012112;0.011712;0.00976;-112;70;-91;1
126192556;1.01016;0.011712;0.01464;-105;35;-91;1
126205908;1.012112;0.00976;0.01464;-77;21;-84;1
126217606;1.013088;0.008784;0.008784;-63;14;-84;1
126228697;1.012112;0.011712;0.003904;-77;7;-84;1
126239221;1.0111359;0.00976;0.001952;-98;7;-77;1
126256231;1.013088;0.010736;-0.00488;-98;14;-77;1
126266976;1.013088;0.00976;-0.006832;-98;35;-84;1
126278932;1.014064;0.008784;-0.005856;-98;49;-84;1
126290209;1.014064;0.010736;-0.00488;-91;70;-84;1
126305696;1.012112;0.008784;0.001952;-126;91;-84;1
126316580;1.008208;0.003904;0.006832;-147;91;-84;1
126326866;1.0150399;0.008784;0.011712;-140;84;-91;1
126338320;1.012112;0.008784;0.013664;-112;70;-91;1
126349567;1.012112;0.005856;0.015616;-91;49;-98;1
126363713;1.013088;0.008784;0.01464;-77;35;-98;1
126375443;1.01016;0.006832;0.007808;-105;7;-105;1
126387558;1.008208;0.0@20000101_000005_192721_imu_bno055.csv@126409845;343.5625;7575;-17319;0.9646516;0.023453474;-0.23963332
126422901;1.013088;0.007808;-0.002928;-56;21;-119;1
126441410;1.0111359;0.010736;-0.002928;-70;56;-119;1
126457610;1.0111359;0.010736;0.005856;-98;70;-119;1
126472911;1.0111359;0.010736;0.005856;-91;70;-112;1
126489656;1.013088;0.012688;0.012688;-77;49;-112;1
126500177;1.012112;0.008784;0.015616;-91;28;-112;1
126513553;1.009184;0.010736;0.011712;-91;21;-105;1
126533059;1.0111359;0.010736;0.00488;-91;0;-105;1
126544548;1.0111359;0.011712;0.003904;-63;7;-112;1
126555258;1.0150399;0.007808;-0.001952;-49;7;-105;1
126567943;1.013088;0.015616;-0.005856;-77;28;-112;1
126579272;1.012112;0.013664;-0.003904;-77;49;-105;1
126594922;1.014064;0.016592;-0.001952;-84;63;-105;1
126606034;1.012112;0.015616;0.002928;-70;77;-105;1
126617000;1.0111359;0.013664;0.006832;-91;77;-105;1
126636170;1.01016;0.01464;0.010736;-119;56;-91;1
126648483;1.01016;0.011712;0.013664;-119;56;-84;1
126666594;1.013088;0.012688;0.011712;-140;28;-77;1
126679404;1.0150399;0.006832;0.002928;-105;7;-70;1
126695986;1.012112;0.007808;-0.001952;-105;7;-70;1
126725705;1.0111359;0.005856;-0.001952;-91;42;-91;1
126744411;1.0150399;0.005856;0.000976;-70;63;-98;1
126757660;1.012112;0.008784;0.00488;-70;63;-98;1
126768473;1.0111359;0.011712;0.00976;-63;63;-98;1
126783188;1.013088;0.00976;0.011712;-70;42;-91;1
126801565;1.012112;0.013664;0.00976;-91;14;-91;1
126813578;1.013088;0.010736;0.002928;-77;14;-84;1
126831249;1.01016;0.007808;0.003904;-77;7;-84;1
126853072;1.0111359;0.001952;-0.000976;-49;14;-98;1
126887435;1.0111359;0.005856;0.000976;-56;42;-126;1
126908209;1.014064;0.005856;0.007808;-56;56;-133;1
126923266;1.014064;0.013664;0.008784;-49;49;-133;1
126938453;1.012112;0.017568;0.006832;-49;35;-126;1
126953068;1.0111359;0.015616;0.00488;-84;35;-112;1
126965848;1.013088;0.015616;0.001952;-98;35;-112;1
126977040;1.013088;0.01464;0.005856;-105;21;-112;1
127003252;1.012112;0.012688;0.000976;-105;21;-91;1
127016741;1.0111359;0.005856;0.0;-98;42;-98;1
127030232;1.012112;0.007808;-0.000976;-98;49;-105;1
127055463;1.012112;0.012688;0.003904;-77;56;-105;1
127067757;1.013088;0.016592;0.00488;-98;56;-105;1
127079971;1.01016;0.01952;0.002928;-91;56;-91;1
127091598;1.01016;0.011712;0.00488;-77;56;-77;1
127113077;1.013088;0.00.00976;-133;49;-77;1
127124663;1.013088;0.013664;0.00976;-126;42;-70;1
127144628;1.013088;0.007808;0.00488;-140;21;-56;1
127155904;1.013088;0.005856;-0.002928;-126;35;-63;1
127167294;1.013088;0.00488;0.0;-119;42;-70;1
127179984;1.01016;0.005856;-0.000976;-112;49;-77;1
127193366;1.014064;0.007808;0.001952;-98;56;-77;1
127204800;1.013088;0.006832;0.002928;-105;63;-84;1
127217101;1.012112;0.010736;0.003904;-84;63;-91;1
127228175;1.0111359;0.012688;0.008784;-77;56;-91;1
127243364;1.01016;0.010736;0.011712;-105;56;-84;1
127254048;1.007232;0.0@20000101_000005_192721_accel_adxl375.csv@127257255;1.7639999;0.098;0.098;1
127266821;1.01016;0.008784;0.00976;-91;28;-84;1
127278059;1.012112;0.00488;0.006832;-112;21;-91;1
127292647;1.0179679;0.005856;0.003904;-91;14;-91;1
127303369;1.0111359;0.00488;0.002928;-77;14;-91;1
127342698;1.014064;0.003904;0.001952;-63;21;-119;1
127360383;1.012112;0.010736;-0.000976;-49;42;-126;1
127371052;1.013088;0.011712;0.0;-42;56;-126;1
127398526;1.013088;0.007808;0.00976;-70;42;-126;1
127413468;1.013088;0.011712;0.006832;-21;21;-119;1
127424006;1.013088;0.013664;0.006832;-56;21;-126;1
127435939;1.009184;0.011712;0.00488;-84;28;-126;1
127458853;1.0111359;0.015616;0.005856;-70;21;-112;1
127471241;1.014064;0.011712;0.002928;-70;14;-112;1
127488967;1.013088;0.010736;-0.000976;-84;21;-112;1
127500168;1.013088;0.010736;-0.001952;-84;42;-105;1
127512450;1.014064;0.010736;0.003904;-98;49;-105;1
127533044;1.012112;0.01464;0.003904;-84;35;-98;1
127547357;1.012112;0.01464;0.006832;-91;28;-91;1
127557981;1.0111359;0.013664;0.006832;-84;28;-91;1
127569200;1.0150399;0.01464;0.003904;-91;28;-91;1
127580268;1.013088;0.01464;0.000976;-98;28;-84;1
127609646;1.012112;0.011712;0.000976;-98;42;-70;1
127633090;1.012112;0.010736;0.005856;-105;49;-70;1
127644987;1.013088;0.008784;0.007808;-98;42;-70;1
127657936;1.013088;0.007808;0.008784;-98;42;-63;1
127669133;1.0150399;0.006832;0.007808;-112;35;-70;1
127680276;1.012112;0.00488;0.005856;-112;35;-70;1
127693609;1.013088;0.003904;0.00488;-77;28;-84;1
127704399;1.013088;0.003904;0.007808;-63;14;-84;1
127736208;1.012112;0.00488;0.00488;-91;14;-98;1
127764550;1.013088;0.013664;0.00488;-21;28;-105;1
127776801;1.0111359;0.016592;-0.002928;-21;14;-105;1
127788007;1.013088;0.00@20000101_000005_192721_accel_adxl375.csv@127790775;1.813;0.147;0.147;1
127801285;1.0111359;0.01464;-0.005856;-126;42;-91;1
127812015;1.01016;0.010736;0.000976;-126;56;-77;1
127843503;1.012112;-0.000976;0.013664;-91;28;-91;1
127865974;1.01016;0.001952;0.012688;-35;-7;-133;1
127879516;1.0111359;0.002928;0.007808;-42;-7;-147;1
127890228;1.014064;0.006832;0.003904;-56;-21;-161;1
127904368;1.009184;0.010736;-0.002928;7;-21;-161;1
127914915;1.009184;0.015616;-0.008784;49;-7;-147;1
127932746;1.012112;0.025376;-0.018544;-42;35;-133;1
127954635;1.014064;0.0244;-0.008784;-63;98;-84;1
127968773;1.0111359;0.012688;0.017568;-105;98;-63;1
127979775;1.012112;0.010736;0.020496;-140;77;-63;1
127991669;1.013088;0.006832;0.021472;-140;49;-70;1
128002022;1.009184;0.006832;0.017568;-105;28;-63;1
128018032;1.013088;0.002928;0.00488;-105;0;-84;1
128032923;1.012112;0.00488;-0.003904;-84;0;-98;1
128054605;1.0150399;0.007808;-0.015616;-84;35;-112;1
128067258;1.013088;0.011712;-0.013664;-84;56;-119;1
128079363;1.013088;0.025376;-0.000976;-105;105;-105;1
128091873;1.0111359;0.025376;0.001952;-119;119;-91;1
128103090;1.0111359;0.021472;0.006832;-140;140;-63;1
128116779;1.013088;0.0244;0.011712;-175;140;-49;1
128136047;1.01016;0.01464;0.016592;-364;77;-35;1
128147163;1.012112;0.007808;0.012688;-315;42;-14;1
128158152;1.016992;-0.000976;0.008784;-203;35;-14;1
128204706;1.013088;-0.012688;0.000976;-112;21;-91;1
128223614;1.014064;0.0;-0.005856;-105;63;-147;1
128241312;1.01016;0.018544;0.01464;-77;105;-161;1
128252014;1.012112;0.012688;0.023424;-112;77;-140;1
128263825;1.0111359;0.016592;0.023424;-133;35;-133;1
128275207;1.012112;0.012688;0.021472;-84;-14;-119;1
128286115;1.012112;0.00976;0.01464;-56;-14;-119;1
128297049;1.014064;0.011712;0.00976;-56;-21;-126;1
128314815;1.014064;0.011712;0.00488;-14;-21;-98;1
128324914;1.012112;0.0;0.001952;-70;-28;-98;1
128343059;1.008208;-0.005856;-0.002928;91;-7;-126;1
128360769;1.014064;-0.007808;-0.002928;105;14;-154;1
128371329;1.0111359;-0.000976;0.0;126;35;-182;1
128383100;1.013088;0.012688;0.008784;133;35;-196;1
128395277;1.013088;0.01464;0.012688;84;7;-182;1
128406362;1.012112;0.022448;0.013664;126;-7;-175;1
128417820;1.01016;0.023424;0.01952;140;-14;-168;1
128428980;1.0111359;0.025376;0.016592;147;-28;-147;1
128453048;1.012112;0.02928;0.0;-14;-91;-112;1
128464312;1.0150399;0.015616;-0.021472;-49;-49;-70;1
128475289;1.013088;0.00976;-0.015616;-56;-14;-63;1
128487990;1.012112;0.0@20000101_000005_192721_accel_adxl375.csv@128491028;1.7149999;0.147;0.147;1
128502233;1.013088;0.006832;-0.011712;-28;56;-77;1
128515669;1.014064;0.010736;-0.007808;-77;63;-70;1
128526110;1.01016;0.013664;-0.00488;-112;91;-70;1
128536969;1.012112;0.015616;0.006832;-119;105;-70;1
128548090;1.009184;0.023424;0.017568;-133;98;-70;1
128559604;1.01016;0.0244;0.026352;-140;77;-56;1
128570582;1.01016;0.0244;0.020496;-182;14;-42;1
128585816;1.009184;0.01952;0.013664;-238;-42;-21;1
128617275;1.012112;0.005856;-0.016592;-252;70;-7;1
128637552;1.018944;-0.00488;-0.013664;-182;84;0;1
128648723;1.0150399;-0.011712;-0.011712;-224;112;-21;1
128659924;1.013088;-0.01464;-0.001952;-196;161;-63;1
128671654;1.0111359;-0.007808;0.001952;-112;182;-84;1
128682893;1.012112;-0.000976;0.016592;-84;182;-105;1
128695796;1.012112;0.007808;0.027328;-98;161;-119;1
128707265;1.012112;0.010736;0.031232;-126;112;-119;1
128717926;1.012112;0.00976;0.023424;-126;21;-105;1
128731799;1.013088;0.011712;0.015616;-133;7;-98;1
128745604;1.01016;0.01464;0.010736;-161;-14;-98;1
128758706;1.013088;0.00488;-0.005856;-98;-14;-63;1
128770705;1.016992;-0.001952;-0.013664;-154;-7;-70;1
128781915;1.014064;-0.010736;-0.016592;-210;28;-98;1
128796495;1.012112;-0.012688;-0.015616;-112;70;-112;1
128814569;1.013088;-0.011712;0.003904;-49;119;-161;1
128834611;1.012112;0.0;0.022448;-56;105;-203;1
128847456;1.013088;0.00488;0.025376;-28;84;-210;1
128859301;1.008208;0.010736;0.032208;-42;56;-217;1
128872815;1.016992;0.025376;0.022448;-49;-42;-196;1
128901171;1.013088;0.020496;-0.002928;-98;-77;-119;1
128915174;1.012112;0.017568;-0.010736;-119;-42;-126;1
128934592;1.014064;0.01464;-0.013664;-14;7;-84;1
128948481;1.014064;0.008784;-0.011712;-70;35;-91;1
128966740;1.01016;0.00488;0.0;0;63;-91;1
128977708;1.013088;0.000976;0.008784;7;77;-119;1
128991292;1.012112;0.013664;0.01464;49;84;-133;1
129002539;1.01016;0.017568;0.020496;35;21;-126;1
129017079;1.009184;0.020496;0.016592;35;0;-98;1
129047041;1.013088;0.026352;-0.008784;-42;-28;-70;1
129062974;1.012112;0.027328;-0.011712;-119;7;-28;1
129081245;1.014064;0.016592;-0.013664;-154;49;0;1
129092358;1.012112;0.00976;-0.010736;-161;63;14;1
129105620;1.016992;0.0;-0.003904;-154;84;-7;1
129116375;1.0150399;0.001952;-0.003904;-175;91;-28;1
129127700;1.012112;0.001952;0.0;-203;91;-35;1
129144833;1.013088;0.001952;0.00976;-140;112;-42;1
129158187;1.012112;-0.005856;0.013664;-182;84;-70;1
129172250;1.012112;-0.00488;0.012688;-147;77;-98;1
129183189;1.009184;0.001952;0.010736;-105;56;-112;1
129201215;1.013088;0.00976;0.007808;-119;49;-119;1
129212153;1.0111359;0.011712;0.006832;-119;56;-112;1
129226047;1.0150399;0.011712;0.003904;-91;35;-98;1
129237022;1.0150399;0.00976;-0.000976;-77;35;-98;1
129248755;1.014064;0.006832;-0.003904;-126;28;-91;1
129260607;1.0111359;0.001952;-0.002928;-126;63;-98;1
129274120;1.009184;-0.000976;0.0;-91;98;-105;1
129285182;1.01016;0.0;0.007808;-91;84;-119;1
129297964;1.012112;-0.001952;0.013664;-28;70;-147;1
129313001;1.008208;0.0;0.01464;-56;42;-161;1
129324635;1.008208;-0.000976;0.01464;-35;21;-175;1
129342999;1.014064;0.012688;0.012688;-21;0;-189;1
129356787;1.014064;0.022448;0.000976;-77;-7;-196;1
129368520;1.013088;0.0244;-0.001952;-49;-7;-175;1
129379717;1.016016;0.026352;-0.00488;-98;7;-161;1
129404990;1.0150399;0.023424;0.001952;-119;21;-119;1
129416153;1.014064;0.0244;0.001952;-126;35;-105;1
129427508;1.013088;0.018544;0.005856;-112;42;-84;1
129444463;1.014064;0.007808;0.013664;-161;35;-91;1
129479929;1.014064;0.012688;0.002928;-56;21;-84;1
129501646;1.013088;0.011712;0.001952;-21;14;-63;1
129522978;1.013088;0.016592;0.007808;-42;21;-77;1
129534191;1.01016;0.017568;0.007808;0;14;-63;1
129562305;1.016016;0.016592;-0.001952;-35;0;-28;1
129573727;1.0111359;0.012688;-0.001952;-28;14;-7;1
129589135;1.0111359;0.002928;-0.001952;-42;21;-7;1
129599979;1.013088;0.000976;-0.00488;-91;28;-14;1
129612439;1.0111359;0.000976;-0.00488;-77;42;-49;1
129634767;1.012112;0.003904;0.002928;-112;56;-49;1
129654604;1.012112;-0.000976;0.006832;-147;56;-56;1
129668390;1.0111359;0.0;0.006832;-154;63;-77;1
129689532;1.012112;0.000976;0.006832;-105;28;-98;1
129702691;1.0111359;0.00488;-0.000976;-133;42;-119;1
129736017;1.0111359;-0.002928;0.002928;-84;42;-140;1
129747384;1.0111359;0.00488;0.003904;-49;35;-154;1
129766333;1.012112;0.008784;0.005856;-77;42;-168;1
129778088;1.012112;0.00488;0.005856;-14;42;-154;1
129802769;1.012112;0.007808;0.001952;-63;21;-175;1
129829716;1.012112;0.008784;-0.001952;-56;35;-168;1
129840177;1.01016;0.012688;-0.000976;-42;49;-168;1
129860549;1.0111359;0.01464;0.005856;-49;42;-175;1
129871128;1.012112;0.01952;0.003904;7;28;-161;1
129884406;1.013088;0.023424;0.000976;-105;28;-140;1
129895176;1.012112;0.021472;0.000976;-98;42;-119;1
129945129;1.012112;0.021472;0.002928;-105;28;-77;1
129957053;1.013088;0.01464;0.00488;-154;35;-70;1
129971089;1.013088;0.01464;0.001952;-154;28;-63;1
129989421;1.012112;0.010736;-0.001952;-91;42;-56;1
130000095;1.008208;0.01464;0.000976;-98;35;-63;1
130031047;1.013088;0.017568;0.003904;-105;77;-49;1
130053126;1.014064;0.00976;0.007808;-77;70;-42;1
130066249;1.0111359;0.011712;0.010736;-63;49;-35;1
130077216;1.012112;0.007808;0.008784;-70;35;-35;1
130100214;1.014064;0.002928;0.000976;-105;7;-42;1
130113447;1.0111359;0.000976;0.0;-49;21;-42;1
130125015;1.014064;0.0;0.000976;-28;21;-49;1
130144196;1.014064;-0.000976;-0.002928;-42;35;-84;1
130156701;1.0111359;-0.002928;-0.003904;-49;42;-98;1
130170769;1.009184;0.002928;-0.002928;-77;63;-126;1
130182131;1.013088;0.002928;0.00488;-49;77;-119;1
130197175;1.0150399;0.006832;0.010736;-63;70;-126;1
130209633;1.0111359;0.006832;0.00976;-119;35;-133;1
130220708;1.014064;0.0@20000101_000005_192721_accel_adxl375.csv@130225148;1.7639999;0.147;0.147;1
130230965;1.0111359;0.007808;0.001952;-91;7;-133;1
130247280;1.013088;0.003904;0.002928;-112;21;-140;1
130258275;1.0150399;0.003904;0.000976;-105;21;-147;1
130270171;1.0111359;0.002928;0.002928;-91;28;-161;1
130281164;1.014064;0.008784;0.001952;-56;21;-175;1
130295731;1.0150399;0.010736;0.001952;-56;21;-168;1
130325760;1.012112;0.016592;-0.000976;-35;42;-161;1
130337254;1.0150399;0.01464;0.003904;-35;49;-161;1
130354740;1.012112;0.023424;0.005856;-49;49;-140;1
130396042;1.0111359;0.015616;0.002928;-70;28;-84;1
130412308;1.013088;0.010736;0.002928;-84;21;-91;1
130430581;1.0150399;0.017568;0.000976;-56;28;-84;1
130441312;1.0150399;0.01464;0.001952;-77;28;-77;1
130465938;1.0111359;0.016592;-0.00488;-91;42;-56;1
130477028;1.012112;0.01464;-0.003904;-105;56;-56;1
130503792;1.013088;0.01464;0.003904;-119;63;-35;1
130514090;1.013088;0.00976;0.008784;-98;56;-21;1
130531761;1.0150399;0.008784;0.006832;-140;49;-28;1
130544630;1.007232;0.000976;0.00976;-133;49;-35;1
130559277;1.0111359;0.000976;0.008784;-98;35;-28;1
130570485;1.014064;-0.000976;0.007808;-112;14;-49;1
130583690;1.0111359;-0.002928;0.002928;-105;7;-70;1
130594839;1.012112;0.001952;-0.00488;-98;21;-84;1
130606856;1.0111359;0.005856;-0.00488;-63;35;-84;1
130617999;1.013088;0.001952;-0.000976;-35;49;-84;1
130629119;1.013088;0.0;-0.000976;-70;56;-105;1
130646204;1.012112;0.003904;0.000976;-49;49;-112;1
130658331;1.014064;0.001952;0.002928;-42;56;-112;1
130669393;1.0111359;0.00488;0.006832;-63;56;-126;1
130683203;1.014064;0.002928;0.008784;-70;42;-126;1
130700227;1.013088;0.003904;0.008784;-35;28;-140;1
130714617;1.012112;0.0;0.011712;-42;14;-147;1
130731443;1.016992;0.006832;0.0;-70;-14;-175;1
130753069;1.014064;0.010736;-0.008784;-35;0;-168;1
130764572;1.014064;0.012688;-0.008784;-35;21;-168;1
130775067;1.013088;0.011712;-0.007808;-42;49;-161;1
130786950;1.0111359;0.@20000101_000005_192721_accel_adxl375.csv@130791420;1.7639999;0.147;0.147;1
130828405;1.013088;0.021472;0.00976;-84;56;-119;1
130839170;1.013088;0.016592;0.012688;-112;49;-105;1
130850282;1.012112;0.012688;0.010736;-105;35;-105;1
130868045;1.0111359;0.012688;0.005856;-105;7;-98;1
130878944;1.008208;0.015616;-0.003904;-105;-14;-105;1
130891609;1.014064;0.018544;-0.006832;-77;0;-98;1
130909151;1.014064;0.01952;-0.007808;-91;56;-84;1
130920282;1.016016;0.0
130932577;1.013088;0.01952;-0.003904;-77;70;-56;1
130946448;1.013088;0.020496;0.0;-91;70;-49;1
130962087;1.012112;0.018544;0.002928;-119;98;-35;1
130975018;1.008208;0.017568;0.010736;-140;98;-21;1
130986078;1.0111359;0.0@20000101_000005_192721_baro_bmp280.csv@130999750;-31.728424;37.83;101706.67;4.108738
131001353;1.012112;0.003904;0.016592;-147;28;-14;1
131013200;1.012112;-0.000976;0.015616;-140;7;-21;1
131033004;1.013088;-0.001952;0.000976;-112;-14;-63;1
131045632;1.0150399;0.002928;-0.003904;-112;0;-77;1
131057521;1.014064;0.002928;-0.007808;-98;7;-84;1
131068268;1.012112;0.005856;-0.007808;-91;21;-84;1
131078941;1.012112;0.00488;-0.007808;-77;42;-84;1
131093968;1.013088;0.005856;-0.002928;-84;77;-91;1
131104973;1.0111359;0.008784;0.000976;-84;84;-105;1
131116181;1.012112;0.008784;0.005856;-77;84;-98;1
131132991;1.0111359;0.007808;0.01464;-70;70;-98;1
131144218;1.014064;0.002928;0.020496;-105;42;-105;1
131155218;1.0111359;0.2;0.016592;-105;14;-112;1
131167087;1.012112;-0.000976;0.011712;-70;-14;-119;1
131179500;1.009184;-0.002928;0.00488;-63;-28;-140;1
131194384;1.013088;0.002928;-0.001952;-35;-14;-175;1
131206006;1.013088;0.0;-0.00488;-14;-7;-189;1
131217184;1.012112;0.00488;-0.005856;-7;0;-189;1
131228173;1.013088;0.00976;-0.005856;14;14;-196;1
131266799;1.012112;0.023424;0.002928;-21;84;-161;1
131280485;1.012112;0.0244;0.008784;-21;77;-147;1
131297169;1.01016;0.023424;0.010736;-77;42;-105;1
131307961;1.013088;0.01952;0.012688;-91;21;-91;1
131319723;1.0150399;0.;14;-84;1
131333602;1.013088;0.012688;0.003904;-112;0;-84;1
131344364;1.01016;0.00976;0.0;-105;-7;-84;1
131357343;1.016016;0.012688;-0.008784;-105;7;-105;1
131369459;1.014064;0.012688;-0.007808;-91;21;-98;1
131395572;1.012112;0.01952;-0.005856;-105;70;-91;1
131409936;1.013088;0.0244;-0.003904;-126;77;-84;1
131428115;1.0150399;0.023424;0.002928;-126;91;-42;1
131439238;1.013088;0.022448;0.00976;-168;98;-21;1
131450816;1.013088;0.021472;0.010736;-203;91;-7;1
131464293;1.014064;0.013664;0.011712;-210;70;7;1
131475134;1.013088;0.010736;0.007808;-196;49;28;1
131504727;1.01016;-0.005856;0.001952;-189;28;-21;1
131517890;1.014064;-0.007808;0.002928;-119;35;-63;1
131529169;1.012112;-0.00488;0.003904;-112;35;-84;1
131556656;1.014064;0.003904;-0.001952;-63;42;-112;1
131569866;1.014064;0.010736;0.000976;-42;56;-119;1
131581121;1.0111359;0.010736;0.001952;-84;63;-126;1
131593922;1.014064;0.013664;0.006832;-77;63;-112;1
131613014;1.012112;0.00l_adxl375.csv@131614081;1.7149999;0.147;0.196;1
131626306;1.012112;0.007808;0.00976;-133;28;-84;1
131643423;1.0150399;-0.001952;0.007808;-91;7;-84;1
131676702;1.0111359;-0.007808;0.005856;-77;-7;-154;1
131698213;1.013088;0.001952;0.000976;-14;-7;-189;1
131725844;1.014064;0.01952;-0.002928;56;0;-203;1
131743131;1.016992;0.02928;-0.001952;28;21;-168;1
131755554;1.014064;0.030256;0.003904;-7;28;-140;1
131766385;1.0150399;0.026352;0.005856;-35;28;-119;1
131777222;1.0111359;0.022448;0.00488;-42;21;-98;1
131787913;1.012112;0.0@20000101_000005_192721_imu_bno055.csv@131796841;343.6875;7581;-17175;0.9646516;0.034670352;-0.24065304
131806157;1.01016;0.011712;0.000976;-84;7;-70;1
131820741;1.016992;0.010736;-0.002928;-77;7;-70;1
131833245;1.013088;0.00488;-0.001952;-63;21;-91;1
131844002;1.0150399;0.008784;-0.003904;-56;28;-98;1
131871140;1.014064;0.01464;-0.00488;-63;42;-105;1
131882176;1.013088;0.020496;-0.000976;-91;63;-84;1
131894266;1.0111359;0.022448;0.000976;-91;63;-77;1
131906484;1.012112;0.023424;0.00488;-105;56;-63;1
131918701;1.009184;0.022448;0.003904;-140;49;-49;1
131944239;1.012112;0.012688;0.002928;-182;49;0;1
131964810;1.009184;0.000976;-0.001952;-168;56;-7;1
131975153;1.01016;-0.00488;0.001952;-210;49;-28;1
131993059;1.01016;-0.00976;0.001952;-168;56;-49;1
132004584;1.014064;-0.007808;0.000976;-84;63;-84;1
132014897;1.013088;-0.00488;0.002928;-91;63;-112;1
132027111;1.013088;0.000976;0.001952;-84;70;-126;1
132044451;1.012112;0.005856;0.005856;-35;77;-126;1
132066213;1.0111359;0.011712;0.010736;-112;56;-126;1
132078012;1.0111359;0.013664;0.00976;-98;42;-112;1
132089072;1.012112;0.011712;0.006832;-105;28;-105;1
132125164;1.009184;0.000976;0.003904;-112;21;-112;1
132138844;1.012112;0.0;-0.003904;-77;21;-140;1
132166484;1.008208;0.007808;0.0;-42;70;-168;1
132177115;1.008208;0.008784;0.005856;-56;70;-175;1
132189008;1.013088;0.0@20000101_000005_192721_gnss_gga.csv@132191361;0.0;0.0;0;0;2550
132200699;1.013088;0.018544;0.007808;-35;49;-175;1
132216853;1.014064;0.020496;0.00976;-49;35;-161;1
132228520;1.01016;0.022448;0.011712;-63;14;-133;1
132240653;1.0111359;0.020496;0.008784;-105;7;-112;1
132252809;1.013088;0.01952;0.007808;-105;0;-105;1
132269353;1.0150399;0.015616;-0.001952;-77;-7;-84;1
132282311;1.0150399;0.01464;-0.006832;-70;0;-70;1
132304276;1.014064;0.008784;-0.006832;-77;35;-77;1
132315046;1.0150399;0.011712;-0.001952;-84;56;-84;1
132329863;1.0111359;0.011712;0.001952;-14;63;-77;1
132341909;1.014064;0.015616;0.005856;-49;70;-77;1
132356835;1.012112;0.012688;0.007808;-77;70;-84;1
132368691;1.014064;0.017568;0.00976;-70;49;-77;1
132382570;1.008208;0.016592;0.008784;-63;28;-56;1
132393124;1.016016;0.013664;0.002928;-105;21;-49;1
132409460;1.012112;0.012688;0.002928;-112;14;-42;1
132420828;1.012112;0.0@20000101_000005_192721_accel_adxl375.csv@132423982;1.7639999;0.098;0.196;1
132432457;1.012112;0.005856;-0.002928;-147;28;-35;1
132454836;1.013088;0.002928;-0.007808;-133;49;-35;1
132466626;1.013088;0.0;-0.000976;-147;63;-49;1
132477106;1.0111359;-0.001952;0.000976;-140;84;-70;1
132488807;1.012112;0.000976;0.00488;-126;84;-77;1
132504681;1.0111359;-0.000976;0.010736;-84;56;-98;1
132539400;1.0111359;0.006832;0.00488;-98;28;-119;1
132558886;1.013088;0.00976;0.000976;-84;28;-112;1
132572729;1.012112;0.006832;-0.000976;-91;21;-112;1
132583216;1.012112;0.006832;-0.000976;-105;35;-119;1
132594626;1.012112;0.001952;-0.005856;-91;49;-119;1
132605639;1.013088;0.00488;-0.000976;-98;63;-126;1
132619540;-105;77;-133;1
132644840;1.013088;0.006832;0.005856;-56;56;-154;1
132669468;1.01016;0.013664;0.00976;-77;35;-168;1
132679984;1.013088;0.016592;0.005856;-84;28;-161;1
132695381;1.014064;0.020496;-0.000976;-56;21;-140;1
132713586;1.0111359;0.
132726974;1.01016;0.018544;-0.006832;-154;42;-105;1
132740842;1.013088;0.018544;-0.003904;-154;49;-91;1
132751049;1.0111359;0.017568;-0.000976;-147;56;-84;1
132762154;1.0150399;0.011712;0.001952;-140;63;-77;1
132773768;1.013088;0.010736;0.001952;-140;70;-77;1
132802083;1.0111359;0.00976;0.01464;-119;42;-77;1
132813604;1.014064;0.005856;0.013664;-98;28;-77;1
132833006;1.014064;0.008784;0.00488;-84;7;-91;1
132844115;1.01016;0.01464;0.001952;-70;14;-84;1
132857528;1.012112;0.016592;-0.000976;-35;21;-63;1
132868798;1.014064;0.012688;-0.001952;-28;28;-49;1
132880255;1.012112;0.01464;-0.002928;-42;35;-49;1
132895807;1.012112;0.01464;-0.001952;-105;35;-56;1
132913003;1.012112;0.008784;0.0;-77;70;-35;1
132932456;1.014064;0.000976;0.00488;-112;56;-42;1
132982585;1.016016;-0.000976;0.007808;-84;0;-119;1
133003925;1.013088;0.003904;0.0;-14;0;-126;1
133023270;1.016016;0.012688;-0.00976;-7;21;-133;1
133035665;1.016016;0.015616;-0.008784;-49;42;-133;1
133054070;1.014064;0.010736;-0.002928;-77;63;-126;1
133064987;1.012112;0.010736;0.002928;-77;70;-119;1
133076071;1.013088;0.00976;0.007808;-70;70;-112;1
133087322;1.013088;0.00l375.csv@133088470;1.813;0.147;0.147;1
133099049;1.0150399;0.00488;0.013664;-105;49;-126;1
133113951;1.012112;0.002928;0.011712;-77;14;-133;1
133130769;1.0111359;0.002928;0.000976;-49;0;-154;1
133143913;1.013088;0.007808;-0.001952;-7;7;-161;1
133155121;1.016016;0.013664;-0.00488;-21;14;-168;1
133166508;1.0111359;0.016592;-0.007808;-35;35;-168;1
133177107;1.013088;0.01952;-0.012688;-21;49;-147;1
133188373;1.016992;0.022448;-0.00976;-42;63;-140;1
133201861;1.014064;0.0244;-0.003904;-126;98;-112;1
133215295;1.0111359;0.023424;0.003904;-168;105;-105;1
133226251;1.012112;0.022448;0.006832;-203;112;-84;1
133239988;1.01016;0.016592;0.012688;-210;91;-63;1
133250941;1.0111359;0.01464;0.017568;-175;77;-49;1
133264547;1.013088;0.007808;0.011712;-154;49;-63;1
133275168;1.012112;0.007808;0.00976;-161;21;-63;1
133286828;1.013088;0.0-@20000101_000005_192721_laser_agl.csv@133289232;0.02;0
133299540;1.016016;0.008784;0.0;-147;14;-70;1
133313426;1.012112;0.008784;-0.006832;-119;28;-91;1
133325153;1.013088;0.010736;-0.010736;-98;49;-91;1
133342483;1.0150399;0.01464;-0.007808;-84;70;-91;1
133367572;1.012112;0.013664;0.005856;-119;98;-56;1
133384889;1.0111359;0.01464;0.012688;-112;84;-49;1
133425784;1.014064;-0.002928;0.010736;-140;-7;-42;1
133450026;1.012112;-0.005856;0.000976;-63;-14;-91;1
133464421;1.016992;-0.00488;-0.000976;-42;-14;-112;1
133475021;1.016016;0.0;-0.003904;-35;14;-140;1
133488143;1.0111359;0.@20000101_000005_192721_accel_adxl375.csv@133490341;1.813;0.098;0.196;1
133499076;1.0150399;0.005856;-0.003904;21;35;-154;1
133512161;1.009184;0.013664;-0.00488;7;56;-161;1
133523310;1.014064;0.017568;-0.001952;-14;70;-154;1
133556624;1.01016;0.011712;0.013664;-98;28;-105;1
133567672;1.0111359;0.011712;0.012688;-98;7;-112;1
133579088;1.007232;0.003904;0.00976;-91;-7;-105;1
133600255;1.0111359;-0.000976;0.003904;-105;-21;-112;1
133614644;1.0150399;0.000976;-0.006832;-98;-14;-126;1
133632131;1.012112;0.005856;-0.011712;-14;14;-154;1
133643840;1.013088;0.010736;-0.011712;7;35;-168;1
133659602;1.014064;0.01952;-0.003904;-35;77;-161;1
133670060;1.012112;0.023424;-0.002928;-63;91;-140;1
133681916;1.012112;0.022448;0.00488;-63;91;-126;1
133699485;1.013088;0.023424;0.012688;-91;77;-98;1
133719852;1.013088;0.01952;0.012688;-175;42;-63;1
133732892;1.012112;0.012688;0.010736;-175;28;-42;1
133753063;1.0150399;0.001952;0.0;-154;7;-49;1
133767093;1.013088;0.003904;-0.003904;-140;7;-70;1
133778030;1.013088;0.005856;-0.008784;-112;21;-77;1
133789488;1.012112;0.007808;-0.010736;-105;56;-91;1
133800329;1.016016;0.008784;-0.006832;-98;77;-98;1
133811975;1.012112;0.01464;-0.002928;-91;98;-105;1
133829250;1.012112;0.016592;0.0;-84;105;-105;1
133860024;1.012112;0.01952;0.01464;-147;84;-63;1
133877389;1.01016;0.01464;0.017568;-168;42;-42;1
133893142;1.0111359;0.005856;0.007808;-168;14;-42;1
133904448;1.013088;0.000976;0.006832;-154;0;-42;1
133916636;1.0111359;-0.00488;0.000976;-154;7;-56;1
133927924;1.013088;-0.007808;-0.000976;-147;7;-70;1
133953127;1.014064;0.001952;-0.00488;-49;49;-133;1
133964271;1.01016;0.003904;0.0;-21;63;-147;1
133977547;1.012112;0.008784;0.005856;-21;63;-140;1
133991345;1.012112;0.013664;0.00976;-21;63;-147;1
134002986;1.013088;0.01464;0.01464;-28;35;-140;1
134015036;1.01016;0.016592;0.011712;-42;28;-126;1
134033009;1.01016;0.013664;0.00976;-77;-7;-98;1
134044702;1.014064;0.007808;0.005856;-84;-21;-91;1
134055187;1.012112;0.0541-98;1
134066916;1.014064;0.000976;-0.003904;-84;-21;-105;1
134080081;1.0111359;0.003904;-0.003904;-56;-7;-119;1
134095039;1.012112;0.001952;-0.008784;-35;21;-133;1
134107003;1.014064;0.001952;-0.007808;-28;42;-140;1
134118143;1.0111359;0.00976;-0.002928;-7;56;-147;1
134164960;1.0111359;0.0244;0.012688;-77;42;-112;1
134179928;1.013088;0.025376;0.015616;-91;28;-98;1
134193226;1.01016;0.0244;0.011712;-119;7;-77;1
134204769;1.0111359;0.017568;0.0;-133;0;-63;1
134217406;1.0150399;0.012688;-0.000976;-133;-14;-42;1
134230038;1.012112;0.008784;-0.00488;-147;-7;-49;1
134242657;1.012112;0.001952;-0.007808;-133;7;-56;1
134253232;1.013088;0.02.csv@134255408;1.7639999;0.098;0.147;1
134287481;1.0111359;0.010736;0.001952;-70;98;-105;1
134308101;1.014064;0.015616;0.008784;-77;84;-98;1
134321784;1.0111359;0.01464;0.013664;-91;70;-91;1
134334205;1.013088;0.017568;0.01464;-105;63;-84;1
134345091;1.0111359;0.016592;0.010736;-119;49;-70;1
134369444;1.013088;0.005856;0.000976;-147;14;-42;1
134380028;1.014064;0.000976;-0.000976;-154;14;-56;1
134392699;1.0111359;0.002928;-0.00488;-140;28;-63;1
134402920;1.016992;0.0;-0.006832;-133;42;-77;1
134414184;1.012112;-0.001952;-0.001952;-119;56;-91;1
134425040;1.014064;-0.00488;0.0;-105;63;-105;1
134435939;1.013088;0.000976;0.001952;-84;70;-119;1
134449970;1.014064;0.005856;0.012688;-70;70;-140;1
134463560;1.0111359;0.00976;0.012688;-56;70;-147;1
134474165;1.0111359;0.011712;0.016592;-56;49;-140;1
134498953;1.012112;0.011712;0.008784;-63;0;-119;1
134514000;1.012112;0.013664;0.0;-63;0;-112;1
134533040;1.013088;0.006832;-0.002928;-70;0;-112;1
134544075;1.016016;0.006832;-0.005856;-70;7;-112;1
134555009;1.012112;0.005856;-0.00488;-56;21;-119;1
134567827;1.013088;0.007808;-0.003904;-42;42;-119;1
134581189;1.012112;0.0d7639999;0.098;0.196;1
134596208;1.013088;0.013664;0.005856;-35;70;-133;1
134613028;1.0150399;0.300101_000005_192721_imu_bno055.csv@134616516;343.5625;7581;-17194;0.96363184;0.031611204;-0.24167276
134625722;1.0111359;0.015616;0.010736;-63;42;-126;1
134643406;1.014064;0.01952;0.012688;-77;14;-105;1
134665010;1.012112;0.017568;0.002928;-105;-7;-91;1
134679004;1.013088;0.017568;-0.000976;-119;-14;-77;1
134710952;1.009184;0.012688;-08;-63;1
134731246;1.0150399;0.008784;-0.006832;-119;77;-70;1
134744767;1.01016;0.00976;0.002928;-98;91;-77;1
134767873;1.01016;0.008784;0.011712;-98;84;-91;1
134779857;1.012112;0.012688;0.012688;-84;70;-91;1
134798807;1.0150399;0.01464;0.01464;-105;28;-84;1
134817102;1.01300;7;-77;1
134829816;1.014064;0.010736;0.001952;-119;14;-70;1
134842339;1.013088;0.011712;-0.005856;-112;21;-77;1
134855204;1.013088;0.04;-119;35;-77;1
134867010;1.012112;0.006832;-0.003904;-119;56;-77;1
134878217;1.012112;0.000976;-0.003904;-119;70;-84;1
134893429;1.013088;0.000976;0.0;-112;84;-91;1
134913029;1.0111359;0.200101_000005_192721_accel_adxl375.csv@134914162;1.813;0.147;0.196;1
134925755;1.013088;0.00488;0.013664;-112;56;-133;1
134935996;1.0111359;0.005856;0.010736;-84;49;-133;1
134947613;1.012112;0.00976;0.010736;-70;35;-140;1
134960442;1.0111359;0.010736;0.00976;-63;21;-147;1
134971079;1.0111359;0.00976;0.007808;-56;7;-140;1
134982086;1.0111359;0.0csv@134988115;343.5625;7581;-17194;0.96363184;0.029571772;-0.2386136
134996060;1.012112;0.012688;-0.001952;-63;14;-126;1
135008482;1.012112;0.010736;-0.002928;-84;21;-126;1
135020124;1.0111359;0.011712;-0.002928;-91;35;-126@20000101_000005_192721_power_ina226.csv@135028134;3937;496;1950;0
135033253;1.012112;0.011712;-0.001952;-77;49;-126;1
135045459;1.013088;0.012688;0.003904;-91;56;-119;1
135064609;1.013088;0.00976;0.008784;-91;63;-119;1
135077419;1.012112;0.00976;0.00976;-70;56;-126;1
135100956;1.012112;0.010736;0.012688;-49;28;-126;1
135112146;1.014064;0.013664;0.007808;-49;14;-119;1
135143996;1.014064;0.015616;0.0;-56;21;-105;1
135160902;1.0150399;0.020496;-0.003904;-84;35;-98;1
135172869;1.014064;0.018544;-0.005856;-98;49;-91;1
135185457;1.013088;0.017568;-0.002928;-105;56;-77;1
135196381;1.014064;0.016592;0.0;-119;70;-77;1
135214078;1.01016;0.013664;0.00976;-126;70;-63;1
135225719;1.012112;0.010736;0.011712;-133;56;-56;1
135238506;1.013088;0.00976;0.011712;-133;42;-56;1
135252267;1.012112;0.007808;0.011712;-140;14;-63;1
135267805;1.01016;0.00488;0.005856;-126;7;-70;1
135281311;1.014064;0.008784;0.00488;-91;0;-70;1
135303723;1.0150399;0.008784;-0.006832;-56;7;-70;1
135318589;1.0150399;0.;101_000005_192721_accel_adxl375.csv@135320248;1.7639999;0.098;0.196;1
135331739;1.012112;0.00976;-0.007808;-91;70;-77;1
135353038;1.0111359;0.010736;0.001952;-84;91;-77;1
135367151;1.012112;0.008784;0.005856;-98;91;-77;1
135378137;1.01016;0.005856;0.012688;-133;84;-91;1
135392778;1.013088;0.005856;0.018544;-77;49;-91;1
135433135;1.012112;0.003904;0.006832;-91;-28;-119;1
135451212;1.013088;0.00488;0.0;-63;-28;-119;1
135463130;1.013088;0.007808;-0.005856;-49;0;-133;1
135477560;1.0111359;0.00976;-0.011712;-56;14;-140;1
135488035;1.0150399;0.@20000101_000005_192721_accel_adxl375.csv@135492058;1.7639999;0.196;0.147;1
135503358;1.01016;0.012688;-0.000976;-56;77;-133;1
135515247;1.012112;0.013664;0.00488;-70;91;-126;1
135561262;1.0111359;0.012688;0.015616;-77;42;-112;1
135597830;1.012112;0.011712;0.003904;-70;-7;-119;1
135614145;1.014064;0.011712;-0.000976;-63;-14;-126;1
135633879;1.0150399;0.396;1
135657806;1.0150399;0.016592;-0.002928;-56;70;-98;1
135673149;1.012112;0.020496;-0.001952;-63;70;-91;1
135684679;1.0111359;0.017568;0.003904;-84;77;-77;1
135697991;1.012112;0.012688;0.008784;-112;63;-63;1
135711069;1.012112;0.010736;0.010736;-112;63;-56;1
135733030;1.014064;0.006832;0.007808;-119;42;-56;1
135753126;1.0111359;0.13;0.098;0.244999984;1
135765321;1.013088;0.007808;-0.002928;-133;49;-70;1
135775966;1.013088;0.010736;-0.001952;-133;56;-77;1
135793346;1.0111359;0.016592;0.003904;-161;70;-77;1
135813065;1.013088;0.01464;0.005856;-161;63;-70;1
135824447;1.012112;0.013664;0.013664;-161;56;-56;1
135835661;1.008208;0.010736;0.013664;-196;42;-56;1
135846212;1.0111359;0.006832;0.012688;-196;21;-63;1
135858559;1.012112;0.001952;0.006832;-126;0;-63;1
135869388;1.014064;0.000976;0.000976;-140;7;-70;1
135880071;1.013088;0.001952;-0.005856;-133;28;-91;1
135896176;1.0150399;-0.003904;-0.006832;-119;35;-98;1
135909425;1.012112;0.003904;-0.002928;-28;63;-119;1
135920080;1.016992;0.0-@20000101_000005_192721_accel_adxl375.csv@135922837;1.7639999;0.098;0.147;1
135931125;1.008208;0.011712;0.00976;-49;70;-140;1
135943604;1.014064;0.017568;0.016592;7;77;-133;1
135954932;1.013088;0.0@20000101_000005_192721_imu_bno055.csv@135959727;343.5625;7587;-17188;0.96363184;0.034670352;-0.226377008
135967421;1.012112;0.020496;0.0244;-56;14;-119;1
135980290;1.012112;0.01464;0.016592;-70;-21;-91;1
136035891;1.014064;0.00976;-0.011712;-7;-21;-133;1
136048092;1.013088;0.008784;-0.013664;-14;21;-140;1
136064211;1.014064;0.011712;-0.003904;21;49;-126;1
136075124;1.013088;0.010736;0.0;28;63;-133;1
136089439;1.01016;0.010736;0.00488;14;56;-140;1
136100001;1.014064;0.015616;0.01464;-14;42;-147;1
136113527;1.012112;0.020496;0.018544;-35;28;-126;1
136124041;1.012112;0.023424;0.015616;-14;-7;-105;1
136137897;1.0111359;0.01952;0.01464;-49;-42;-98;1
136155610;1.014064;0.01464;-0.00488;7;-77;-70;1
136168455;1.012112;0.012688;-0.013664;14;-63;-63;1
136182788;1.0150399;0.006832;-0.01952;-91;14;-77;1
136193034;1.014064;0.00976;-0.015616;-112;49;-84;1
136211069;1.01016;0.006832;-0.011712;-91;84;-84;1
136222154;1.014064;0.008784;-0.003904;-7;98;-77;1
136235418;1.016016;0.00976;0.00488;-70;105;-91;1
136246025;1.009184;0.00976;0.006832;-119;98;-105;1
136259164;1.0111359;0.010736;0.011712;-98;91;-98;1
136270202;1.016016;0.012688;0.011712;-70;77;-91;1
136286517;1.013088;0.00;35;-91;1
136297287;1.012112;0.018544;0.006832;-154;21;-77;1
136308356;1.013088;0.011712;0.001952;-161;0;-63;1
136319487;1.01016;0.012688;-0.008784;-189;-7;-49;1
136333071;1.01016;0.003904;-0.00976;-224;21;-56;1
136354524;1.016016;0.00488;-0.00976;-182;77;-70;1
136367460;1.013088;0.005856;0.000976;-189;112;-84;1
136378427;1.013088;0.003904;0.005856;-189;105;-84;1
136391037;1.01016;0.002928;0.007808;-168;98;-84;1
136409624;1.0111359;0.0;0.012688;-98;91;-112;1
136424879;1.009184;0.00488;0.01952;-77;84;-126;1
136457329;1.012112;0.010736;0.006832;-91;-14;-133;1
136469707;1.013088;0.013664;-0.001952;-42;-14;-126;1
136488060;1.014064;0.015616;-0.00488;-56;14;-112;1
136501762;1.012112;0.012688;-0.006832;-77;35;-105;1
136512564;1.0150399;0.010736;-0.005856;-63;42;-98;1
136524913;1.0150399;0.007808;-0.006832;-70;56;-105;1
136544751;1.0111359;0.008784;0.006832;-49;84;-112;1
136555437;1.0111359;0.006832;0.013664;-14;77;-105;1
136573082;1.007232;0.001952;0.0244;-42;21;-119;1
136584616;1.008208;0.005856;0.020496;-35;-7;-133;1
136595159;1.014064;0.008784;0.016592;-21;-35;-140;1
136608236;1.0150399;0.015616;0.00976;7;-49;-147;1
136623011;1.0150399;0.020496;-0.003904;-14;-63;-133;1
136637965;1.0150399;0.023424;-0.007808;7;-49;-105;1
136665194;1.0150399;0.015616;-0.016592;-42;42;-91;1
136677834;1.014064;0.016592;-0.011712;-28;77;-77;1
136692769;1.0111359;0.011712;0.002928;-77;84;-56;1
136713077;1.01016;0.00_716624;-32.204032;37.83;101712.44;3.6331292
136724309;1.013088;0.007808;0.016592;-84;56;-63;1
136744629;1.01016;0.002928;0.012688;-77;0;-84;1
136756787;1.01016;0.003904;0.005856;-98;-21;-98;1
136767170;1.0111359;0.006832;-0.001952;-77;-14;-105;1
136779511;1.012112;0.008784;-0.008784;-77;-14;-105;1
136789914;1.0150399;0.00976;-0.007808;-63;7;-105;1
136806211;1.0150399;0.016592;-0.015616;-56;35;-91;1
136824943;1.012112;0.01464;-0.015616;-161;91;-84;1
136835932;1.012112;0.016592;-0.008784;-168;119;-70;1
136847220;1.013088;0.011712;0.002928;-161;133;-63;1
136859159;1.012112;0.00976;0.006832;-154;147;-63;1
136870470;1.01016;0.003904;0.01464;-182;112;-70;1
136882094;1.009184;-0.001952;0.017568;-203;84;-77;1
136911797;1.0121155.sv@136914557;343.4375;7581;-17213;0.961592464;0.014276028;-0.232495316
136927865;1.01016;0.003904;0.003904;-91;0;-154;1
136943606;1.012112;0.010736;-0.007808;-56;7;-154;1
136954914;1.016016;0.0@20000101_000005_192721_imu_bno055.csv@136959674;343.4375;7581;-17207;0.96261216;0.028552056;-0.24983048
136969153;1.012112;0.016592;-0.010736;-91;49;-154;1
136982410;1.013088;0.017568;-0.005856;-91;70;-154;1
136993280;1.014064;0.01952;-0.003904;-77;91;-133;1
137010301;1.012112;0.021472;0.007808;-182;98;-105;1
137026309;1.012112;0.011712;0.016592;-224;84;-98;1
137037606;1.0111359;0.007808;0.021472;-126;70;-84;1
137048212;1.0111359;0.002928;0.016592;-49;35;-77;1
137062253;1.0111359;0.006832;0.013664;-63;0;-98;1
137073019;1.0111359;0.002928;0.011712;-91;-21;-119;1
137086338;1.0111359;0.005856;0.003904;-42;-28;-126;1
137097008;1.012112;0.005856;-0.000976;0;-21;-126;1
137108252;1.0150399;0.00976;-0.003904;21;-14;-133;1
137120658;1.0150399;0.1ccel_adxl375.csv@137121709;1.7639999;0.196;0.147;1
137134507;1.013088;0.0244;-0.011712;49;0;-126;1
137153139;1.014064;0.027328;-0.006832;-35;56;-84;1
137164535;1.0150399;0.027328;-0.003904;-98;84;-77;1
137175166;1.0111359;0.023424;0.003904;-119;84;-56;1
137187823;1.016992;0.016592;0.012688;-91;63;-14;1
137199051;1.014064;0.011712;0.015616;-126;42;-14;1
137210639;1.0111359;0.003904;0.015616;-175;21;-21;1
137222636;1.01016;-0.003904;0.015616;-161;7;-28;1
137237971;1.009184;-0.00488;0.00488;-77;-28;-70;1
137250989;1.013088;-0.002928;0.000976;-84;-35;-91;1
137262315;1.013088;0.000976;-0.00488;-21;-21;-105;1
137275831;1.012112;0.007808;-0.007808;14;-14;-112;1
137285892;1.016016;0.010736;-0.01464;-21;7;-119;1
137322304;1.013088;0.022448;-0.003904;-56;112;-70;1
137333261;1.0111359;0.01464;0.006832;-126;112;-63;1
137349862;1.012112;0.007808;0.015616;-133;77;-40192721_airspeed_sdp810.csv@137351314;102;131;4253
137361331;1.01016;0.00488;0.018544;-119;56;-42;1
137374246;1.01016;-0.002928;0.01464;-154;28;-56;1
137385025;1.008208;-0.0cv@137388419;343.375;7587;-17213;0.96363184;0.01631546;-0.2314756
137396253;1.01016;-0.006832;0.006832;-154;0;-91;1
137407114;1.012112;-0.011712;0.001952;-91;-7;-112;1
137418683;1.012112;-0.11000005_192721_laser_agl.csv@137420550;0.022;0
137434450;1.013088;0.007808;-0.01464;-42;21;-175;1
137446848;1.0150399;0.011712;-0.011712;-14;63;-175;1
137476462;1.01016;0.026352;0.005856;-84;98;-147;1
137488620;1.0111359;0.023424;0.010736;-70;91;-133;1
137505049;1.013088;0.01952;0.015616;-126;63;-91;1
137516315;1.0111359;0.016592;0.013664;-168;49;-77;1
137536730;1.012112;0.005856;0.00976;-161;14;-70;1
137548086;1.012112;0.003904;0.003904;-154;-7;-84;1
137559162;1.018944;0.0;0.000976;-147;-7;-98;1
137571961;1.014064;-0.000976;-0.005856;-112;0;-105;1
137590161;1.014064;0.003904;-0.00488;-70;35;-133;1
137601046;1.0111359;0.006832;0.0;-63;42;-147;1
137616984;1.012112;0.015616;0.00488;14;56;-140;1
137634437;1.009184;0.0244;0.007808;-56;56;-126;1
137647838;1.013088;0.026352;0.011712;-77;49;-105;1
137658754;1.012112;0.028304;0.010736;-91;35;-77;1
137670055;1.009184;0.025376;0.008784;-91;28;-49;1
137682927;1.012112;0.0244;0.006832;-98;21;-28;1
137731481;1.014064;-0.005856;-0.001952;-98;21;-56;1
137745326;1.014064;-0.002928;0.000976;-56;42;-98;1
137760601;1.014064;0.000976;0.003904;-42;49;-112;1
137774215;1.012112;0.00488;0.006832;0;42;-119;1
137792208;1.013088;0.016592;0.005856;-21;21;-126;1
137813071;1.012112;0.022448;0.002928;-63;21;-105;1
137824178;1.014064;0.023424;0.000976;-98;21;-77;1
137837932;1.0111359;0.015616;-0.000976;-133;28;-35;1
137852173;1.012112;0.0cel_adxl375.csv@137853239;1.7639999;0.147;0.098;1
137865125;1.014064;0.0;-0.002928;-175;35;-42;1
137876153;1.013088;-0.005856;-0.002928;-161;42;-56;1
137889834;1.0111359;-0.012688;0.002928;-133;49;-98;1
137913110;1.009184;-0.008784;0.005856;-21;49;-154;1
137924134;1.013088;-0.001952;0.006832;0;49;-182;1
137943386;1.01016;0.016592;0.005856;28;42;-189;1
137969760;1.012112;0.032208;0.000976;-63;28;-133;1
137980086;1.014064;0.02928;-0.00488;-70;35;-105;1
137991600;1.013088;0.027328;-0.000976;-91;49;-77;1
138005091;1.013088;0.016592;0.0;-147;56;-56;1
138024413;1.012112;0.002928;0.00488;-196;56;-56;1
138036286;1.014064;-0.00488;0.00488;-175;42;-70;1
138053413;1.0150399;-0.006832;0.003904;-91;56;-105;1
138070211;1.012112;-0.003904;0.00976;-77;42;-147;1
138083631;1.012112;0.006832;0.007808;-42;28;-161;1
138094271;1.01016;0.016592;0.006832;-14;14;-168;1
138134646;1.012112;0.02928;0.001952;-84;42;-91;1
138145636;1.0111359;0.025376;0.002928;-91;42;-63;1
138189584;1.01016;0.002928;0.007808;-91;28;-21;1
138208034;1.0111359;-0.00488;0.007808;-112;14;-56;1
138234780;1.0111359;0.001952;0.001952;-14;0;-112;1
138246190;1.014064;0.012688;-0.000976;-35;0;-133;1
138268667;1.012112;0.020496;-0.001952;-21;14;-119;1
138279041;1.012112;0.017568;0.000976;-77;14;-112;1
138291487;1.013088;0.016592;0.006832;-63;21;-91;1
138303596;1.013088;0.016592;0.002928;-84;14;-70;1
138316192;1.009184;0.013664;0.000976;-119;7;-70;1
138334469;1.009184;0.00976;-0.002928;-105;28;-35;1
138346067;1.0150399;0.00488;-0.001952;-98;42;-28;1
138370428;1.012112;-0.001952;0.007808;-189;42;-77;1
138383484;1.0111359;-0.001952;0.010736;-56;14;-91;1
138394072;1.013088;-0.001952;0.006832;-91;0;-112;1
138410852;1.01016;0.001952;0.0;-70;0;-133;1
138420958;1.0150399;0.@20000101_000005_192721_accel_adxl375.csv@138424840;1.7149999;0.147;0.147;1
138432025;1.014064;0.01464;-0.005856;-56;21;-140;1
138445310;1.0150399;0.020496;-0.000976;-77;21;-119;1
138458783;1.014064;0.020496;-0.000976;-63;21;-91;1
138469714;1.013088;0.01952;-0.005856;-105;42;-70;1
138484855;1.012112;0.012688;0.002928;-126;77;-56;1
138497508;1.012112;0.00976;0.000976;-161;70;-56;1
138511656;1.01016;0.00488;0.00488;-133;56;-63;1
138524910;1.014064;-0.000976;0.008784;-140;35;-77;1
138536256;1.01016;-0.002928;0.00488;-126;28;-105;1
138550259;1.012112;0.003904;0.001952;-49;35;-105;1
138562880;1.014064;0.006832;0.000976;-35;56;-119;1
138606520;1.012112;0.022448;0.0;-21;14;-98;1
138625683;1.01016;0.022448;0.0;-84;49;-77;1
138644160;1.013088;0.011712;0.005856;-154;35;-35;1
138663460;1.01016;0.002928;0.003904;-147;28;-42;1
138674079;1.012112;-0.000976;0.000976;-154;28;-56;1
138693085;1.01016;-0.003904;0.001952;-119;35;-91;1
138705997;1.013088;-0.00488;0.003904;-70;28;-105;1
138723404;1.0150399;0.001952;-0.000976;-35;35;-140;1
138738314;1.016016;0.007808;-0.000976;-14;28;-154;1
138762126;1.013088;0.026352;0.005856;-63;35;-119;1
138773786;1.0150399;0.023424;0.000976;-63;35;-91;1
138783925;1.0111359;0.022448;0.001952;-70;49;-70;1
138795912;1.014064;0.016592;0.005856;-126;42;-63;1
138813037;1.012112;0.005856;0.008784;-154;28;-56;1
138841570;1.01016;-0.007808;-0.003904;-77;21;-77;1
138873058;1.012112;0.000976;-0.000976;-70;35;-154;1
138883942;1.0111359;0.008784;-0.006832;-21;35;-161;1
138903058;1.013088;0.013664;-0.006832;-70;63;-154;1
138914286;1.013088;0.020496;-0.001952;-63;77;-140;1
138933404;1.013088;0.022448;0.003904;-70;84;-105;1
138946276;1.013088;0.0244;0.010736;-133;77;-98;1
138957422;1.014064;0.020496;0.00976;-140;56;-77;1
138969627;1.0111359;0.01464;0.010736;-147;56;-56;1
138980262;1.014064;0.006832;0.003904;-189;35;-56;1
138992526;1.012112;0.000976;-0.000976;-196;28;-70;1
139004557;1.014064;-0.000976;-0.005856;-77;56;-70;1
139016832;1.016016;0.000976;-0.005856;-119;56;-84;1
139034438;1.0150399;0.006832;-0.003904;-147;84;-133;1
139047829;1.014064;0.00976;-0.003904;-63;77;-119;1
139078733;1.013088;0.016592;0.005856;-119;98;-126;1
139092650;1.012112;0.017568;0.010736;-98;91;-105;1
139111812;1.013088;0.01464;0.015616;-140;56;-84;1
139132997;1.014064;0.015616;0.007808;-133;28;-70;1
139154771;1.014064;0.003904;0.0;-168;21;-70;1
139165648;1.01016;-0.005856;-0.002928;-147;7;-84;1
139177525;1.012112;-0.003904;-0.005856;-63;21;-98;1
139192282;1.014064;0.001952;-0.007808;-42;49;-119;1
139203009;1.012112;0.005856;-0.003904;-84;63;-140;1
139216997;1.0111359;0.012688;0.005856;0;84;-119;1
139227944;1.01016;0.00976;0.008784;-28;70;-126;1
139244689;1.008208;0.013664;0.012688;-77;56;-126;1
139256499;1.014064;0.017568;0.018544;-63;35;-112;1
139267227;1.0111359;0.017568;0.016592;-70;14;-91;1
139279261;1.01016;0.011712;0.013664;-126;-14;-84;1
139292156;1.01016;0.007808;0.006832;-119;-35;-84;1
139303016;1.0150399;0.005856;0.001952;-112;-28;-77;1
139314244;1.013088;0.002928;-0.005856;-119;-14;-91;1
139329805;1.012112;0.003904;-0.005856;-21;7;-105;1
139343596;1.014064;0.000976;-0.002928;-14;21;-126;1
139353979;1.014064;0.0@20000101_000005_192721_power_ina226.csv@139356805;3940;496;1875;0
139366613;1.013088;0.007808;-0.000976;-7;35;-147;1
139377111;1.013088;0.013664;0.000976;70;49;-133;1
139393641;1.01016;0.015616;0.008784;0;42;-133;1
139406558;1.01016;0.01952;0.010736;-21;35;-126;1
139417131;1.012112;0.020496;0.011712;-21;21;-105;1
139429959;1.014064;0.017568;0.010736;-42;0;-77;1
139442750;1.013088;0.013664;0.007808;-21;0;-63;1
139453135;1.012112;0.09;1.7639999;0.098;0.196;1
139465663;1.01016;0.007808;-0.00488;-84;-42;-56;1
139499214;1.014064;0.000976;-0.018544;-63;28;-98;1
139516820;1.0150399;0.00976;-0.010736;-84;84;-133;1
139533278;1.013088;0.016592;-0.000976;-49;105;-105;1
139547015;1.0111359;0.018544;0.005856;-126;98;-105;1
139557949;1.014064;0.020496;0.00488;-133;98;-98;1
139571083;1.012112;0.016592;0.01464;-126;84;-70;1
139588455;1.01016;0.015616;0.013664;-119;42;-56;1
139599395;1.01016;0.011712;0.006832;-140;21;-56;1
139612413;1.01016;0.000976;0.0;-119;28;-56;1
139625068;1.014064;-0.002928;-0.00488;-91;35;-77;1
139636279;1.014064;-0.003904;-0.001952;-105;49;-105;1
139648927;1.0111359;-0.001952;-0.003904;-77;49;-119;1
139664200;1.014064;0.006832;-0.00488;-70;77;-133;1
139683099;1.013088;0.011712;0.007808;-70;98;-140;1
139697201;1.012112;0.015616;0.013664;-84;98;-133;1
139726116;1.014064;0.01464;0.011712;-147;28;-98;1
139737341;1.013088;0.015616;0.00976;-154;28;-84;1
139748591;1.013088;0.011712;0.012688;-175;14;-77;1
139758937;1.0111359;0.00976;0.005856;-168;7;-84;1
139771962;1.012112;0.007808;0.003904;-126;-7;-84;1
139789459;1.013088;-0.001952;-0.002928;-119;-14;-91;1
139800035;1.0111359;-0.00488;-0.006832;-91;14;-112;1
139819867;1.012112;-0.000976;0.000976;-14;49;-161;1
139830972;1.01016;0.006832;0.007808;7;49;-175;1
139844684;1.014064;0.021472;0.011712;56;21;-147;1
139854984;1.012112;0.01@20000101_000005_192721_accel_adxl375.csv@139860376;1.7639999;0.147;0.147;1
139869499;1.013088;0.022448;0.005856;-14;0;-119;1
139882055;1.013088;0.020496;0.011712;-14;-7;-98;1
139894818;1.013088;0.015616;0.010736;-21;-49;-77;1
139913008;1.014064;0.015616;0.00488;-35;-63;-70;1
139947864;1.014064;0.005856;-0.018544;-35;-21;-70;1
139964610;1.016016;0.002928;-0.01952;-28;14;-84;1
139976350;1.0111359;0.00488;-0.013664;-91;49;-119;1
139987097;1.014064;0.05@20000101_000005_192721_accel_adxl375.csv@139989726;1.813;0.147;0.147;1
140003050;1.013088;0.011712;-0.001952;-98;84;-119;1
140014774;1.01016;0.016592;0.00488;-84;98;-105;1
140034745;1.014064;0.016592;0.016592;-49;77;-70;1
140053573;1.012112;0.012688;0.017568;-126;0;-70;1
140065922;1.013088;0.012688;0.006832;-147;-35;-77;1
140077213;1.012112;0.012688;-0.01464;-84;-35;-56;1
140090825;1.012112;0.005856;-0.01952;-189;14;-56;1
140101960;1.0111359;0.002928;-0.01952;-133;56;-49;1
140113897;1.012112;-0.001952;-0.015616;-112;77;-56;1
140132977;1.014064;0.0;-0.008784;-84;105;-98;1
140144113;1.014064;0.000976;-0.000976;-105;126;-126;1
140155475;1.01016;0.007808;0.000976;-91;140;-126;1
140168104;1.008208;0.012688;0.010736;-84;154;-112;1
140179241;1.013088;0.013664;0.021472;-133;91;-112;1
140195121;1.009184;0.00976;0.026352;-105;35;-105;1
140206198;1.012112;0.012688;0.017568;-147;-14;-112;1
140217508;1.012112;0.012688;0.008784;-189;-14;-112;1
140228113;1.012112;0.00976;0.0;-119;0;-91;1
140243399;1.013088;0.002928;-0.005856;-161;42;-84;1
140253939;1.014064;0.0@20000101_000005_192721_accel_adxl375.csv@140257972;1.7149999;0.147;0.147;1
140268203;1.016992;-0.005856;-0.00976;-84;21;-98;1
140279181;1.014064;0.002928;-0.013664;-49;49;-119;1
140301192;1.0111359;0.016592;0.013664;-49;161;-126;1
140315940;1.01016;0.018544;0.021472;-63;140;-105;1
140333017;1.01016;0.008784;0.030256;-63;42;-98;1
140345097;1.014064;0.006832;0.021472;-63;-7;-98;1
140377735;1.013088;0.098;-42;-112;1
140396780;1.014064;0.00488;-0.001952;7;-42;-91;1
140412654;1.0150399;0.00488;-0.016592;0;-42;-119;1
140433122;1.012112;0.012688;-0.022448;-14;42;-133;1
140444740;1.012112;0.015616;-0.013664;-14;84;-126;1
140463085;1.012112;0.013664;0.010736;7;133;-98;1
140476107;1.016992;0.017568;0.01952;-119;98;-105;1
140500222;1.013088;0.017568;0.015616;-70;14;-70;1
140516378;1.012112;0.010736;0.008784;-140;-21;-77;1
140527139;1.0111359;0.011712;0.00488;-147;-14;-84;1
140543035;1.0179679;0.013664;0.006832;-161;-21;-70;1
140565678;1.014064;0.003904;-0.025376;-98;-21;-49;1
140577598;1.012112;-0.003904;-0.026352;-84;21;-56;1
140588191;1.013088;0.000976;-0.021472;-49;70;-77;1
140604007;1.0111359;0.00488;-0.008784;-84;126;-105;1
140623082;1.009184;0.008784;0.016592;-98;119;-112;1
140634030;1.013088;0.006832;0.01952;-119;91;-98;1
140653457;1.0111359;0.012688;0.020496;-133;63;-105;1
140665658;1.0150399;0.01464;0.017568;-84;7;-98;1
140677951;1.014064;0.012688;0.012688;-49;-14;-84;1
140689096;1.013088;0.011712;0.003904;-84;-56;-77;1
140702453;1.012112;0.006832;-0.006832;-175;-56;-84;1
140717763;1.0150399;0.000976;-0.018544;7;28;-63;1
140727929;1.0150399;0.0;-0.016592;-98;56;-98;1
140753060;1.013088;0.00488;-0.005856;-28;98;-126;1
140764415;1.012112;0.008784;0.003904;7;98;-105;1
140776211;1.012112;0.008784;0.00488;-91;98;-126;1
140787674;1.014064;0.010736;0.018544;-98;98;-119;1
140798227;1.013088;0.00976;0.025376;-70;84;-112;1
140814887;1.012112;0.011712;0.023424;-77;42;-105;1
140845934;1.009184;0.012688;0.003904;-7;-49;-77;1
140858543;1.009184;0.008784;-0.00976;-161;-28;-105;1
140872984;1.012112;0.003904;-0.012688;-21;0;-70;1
140884172;1.01016;-0.000976;-0.013664;0;21;-63;1
140901625;1.013088;0.005856;-0.010736;-84;70;-147;1
140916091;1.013088;0.01464;-0.003904;-21;84;-133;1
140927273;1.0111359;0.01952;0.003904;-84;112;-126;1
140943398;1.0111359;0.020496;0.022448;-98;91;-91;1
140955793;1.012112;0.016592;0.023424;-133;49;-77;1
140966957;1.012112;0.013664;0.022448;-112;21;-70;1
140978371;1.009184;0.011712;0.016592;-77;-14;-70;1
141003067;1.009184;0.005856;-0.001952;-98;-7;-56;1
141031833;1.014064;0.002928;-0.005856;-98;14;-105;1
141053133;1.0111359;0.012688;-0.012688;-35;42;-98;1
141064538;1.012112;0.016592;-0.008784;-63;70;-84;1
141076494;1.0150399;0.01464;-0.001952;-168;91;-91;1
141087666;1.01016;0.011712;0.006832;-140;112;-91;1
141101501;1.0111359;0.010736;0.013664;-49;105;-70;1
141114618;1.0111359;0.00488;0.016592;-140;35;-91;1
141133109;1.0111359;0.003904;0.003904;-56;0;-77;1
141144247;1.016016;0.00488;0.002928;0;14;-70;1
141157181;1.01016;0.0;0.000976;-147;21;-105;1
141170320;1.007232;-0.000976;0.0;-112;14;-126;1
141181142;1.014064;0.001952;0.000976;14;28;-98;1
141194817;1.01016;0.00488;-0.008784;-70;21;-140;1
141206178;1.014064;0.013664;-0.006832;-7;56;-140;1
141217833;1.0111359;0.013664;-0.001952;-91;77;-147;1
141229324;1.012112;0.018544;0.000976;-98;70;-133;1
141240265;1.012112;0.021472;0.002928;-28;77;-84;1
141251158;1.014064;0.011712;0.008784;-126;84;-91;1
141292658;1.0111359;0.000976;0.010736;-70;21;-112;1
141311764;1.013088;0.001952;0.0;-98;7;-126;1
141326506;1.0150399;0.007808;-0.00488;-42;14;-147;1
141337930;1.01016;0.006832;-0.002928;-105;21;-168;1
141353621;1.012112;0.016592;0.000976;7;42;-147;1
141367526;1.018944;0.021472;-0.001952;-112;42;-133;1
141385584;1.0111359;0.017568;-0.002928;-84;84;-119;1
141397578;1.012112;0.021472;0.008784;-119;70;-98;1
141409144;1.009184;0.018544;0.011712;-140;63;-84;1
141420742;1.0111359;0.015616;0.00976;-112;49;-70;1
141430970;1.016016;0.007808;0.011712;-133;35;-56;1
141442046;1.009184;0.0;0.011712;-154;21;-63;1
141452918;1.0111359;0.071
141466799;1.0150399;0.00488;-0.001952;-63;35;-105;1
141480125;1.0111359;0.006832;-0.002928;-84;28;-119;1
141492836;1.014064;0.005856;-0.000976;-91;21;-105;1
141510832;1.012112;0.008784;-0.000976;-35;42;-119;1
141522598;1.012112;0.012688;-0.000976;-77;56;-126;1
141534940;1.013088;0.01952;0.00488;-63;70;-119;1
141553054;1.012112;0.023424;0.007808;-126;49;-77;1
141566002;1.008208;0.011712;0.00976;-161;42;-77;1
141577159;1.013088;0.012688;0.002928;-105;35;-56;1
141588039;1.013088;0.00976;0.0;-112;21;-56;1
141599107;1.012112;0.001952;-0.001952;-91;49;-63;1
141611874;1.0111359;0.001952;0.001952;-112;49;-77;1
141633060;1.01016;-0.00488;0.000976;-35;42;-105;1
141645252;1.012112;0.0;0.003904;0;42;-119;1
141663049;1.012112;0.011712;0.0;-77;56;-154;1
141700016;1.012112;0.018544;0.001952;-98;49;-140;1
141733723;1.016992;0.011712;0.005856;-154;35;-77;1
141747372;1.016992;0.003904;0.006832;-175;42;-77;1
141769316;1.014064;-0.001952;0.002928;-91;28;-84;1
141781873;1.013088;0.0;0.001952;-77;42;-133;1
141798305;1.009184;0.005856;0.002928;-35;35;-133;1
141816533;1.013088;0.008784;0.000976;-77;35;-154;1
141826903;1.0111359;0.01464;0.002928;-28;42;-154;1
141861767;1.0111359;0.021472;0.002928;-63;42;-119;1
141875717;1.009184;0.01952;0.000976;-105;42;-84;1
141886170;1.01016;0.01464;0.00488;-84;56;-70;1
141900170;1.012112;0.01464;0.007808;-105;42;-63;1
141916790;1.01016;0.00976;0.003904;-105;42;-56;1
141927221;1.013088;0.003904;0.005856;-98;42;-49;1
141944437;1.01016;0.000976;0.003904;-147;35;-91;1
141956381;1.016992;0.002928;0.003904;-84;35;-98;1
141968290;1.0150399;0.002928;0.005856;-35;35;-98;1
141980724;1.012112;0.00976;0.00488;-77;28;-112;1
141992775;1.013088;0.010736;0.003904;-112;21;-126;1
142005041;1.014064;0.01464;0.003904;-21;28;-98;1
142018088;1.013088;0.01464;0.002928;-105;21;-112;1
142030129;1.0111359;0.020496;-0.000976;-84;28;-105;1
142044890;1.012112;0.015616;-0.001952;-105;35;-56;1
142056537;1.014064;0.013664;-0.002928;-91;35;-49;1
142068874;1.014064;0.005856;-0.002928;-126;42;-49;1
142080640;1.014064;-0.000976;-0.000976;-133;42;-56;1
142092544;1.01016;0.000976;0.000976;-77;49;-56;1
142105990;1.01016;-0.001952;0.001952;-126;49;-105;1
142139810;1.012112;0.00488;0.002928;-56;42;-147;1
142156695;1.012112;0.016592;0.000976;-77;42;-147;1
142173699;1.0150399;0.01952;0.001952;-77;35;-140;1
142184111;1.012112;0.016592;0.000976;-70;42;-119;1
142202484;1.0111359;0.017568;0.001952;-98;35;-105;1
142212981;1.012112;0.015616;0.00488;-105;42;-98;1
142225870;1.0150399;0.013664;0.005856;-77;42;-77;1
142243089;1.012112;0.000976;0.00488;-119;42;-77;1
142268238;1.01016;0.003904;0.001952;-70;28;-126;1
142280011;1.012112;0.006832;0.0;-70;28;-140;1
142293399;1.014064;0.010736;0.002928;-70;35;-147;1
142304039;1.013088;0.013664;0.000976;-70;42;-133;1
142317149;1.0150399;0.018544;0.001952;-49;42;-126;1
142332999;1.013088;0.021472;0.0;-98;49;-112;1
142345301;1.013088;0.018544;0.005856;-105;35;-98;1
142357803;1.0150399;0.018544;0.000976;-91;35;-70;1
142369949;1.0150399;0.016592;0.006832;-126;35;-63;1
142381120;1.013088;0.011712;0.005856;-133;28;-56;1
142395928;1.0150399;0.00976;0.007808;-126;21;-56;1
142413026;1.013088;0.04575;-17269;0.9605727;0.023453474;-0.242692468
142424110;1.013088;0.002928;-0.003904;-91;21;-70;1
142442987;1.0111359;0.005856;-0.003904;-56;42;-91;1
142465307;1.0111359;0.012688;0.003904;-84;49;-98;1
142484044;1.012112;0.01952;0.010736;-49;49;-77;1
142515234;1.012112;0.017568;0.006832;-105;21;-70;1
142526211;1.014064;0.013664;0.005856;-98;7;-56;1
142537347;1.012112;0.00976;0.0;-126;-7;-49;1
142553060;1.013088;0.003904;-0.00488;-126;7;-56;1
142590372;1.012112;0.0;-0.003904;-84;49;-91;1
142601828;1.013088;-0.001952;0.0;-84;49;-112;1
142615553;1.012112;0.002928;0.002928;-42;49;-126;1
142638571;1.009184;0.012688;0.002928;-63;56;-133;1
142655133;1.013088;0.01952;0.006832;-63;21;-112;1
142668308;1.014064;0.016592;0.00976;-91;0;-98;1
142679641;1.013088;0.012688;0.002928;-119;0;-98;1
142692944;1.013088;0.006832;0.001952;-91;0;-91;1
142704727;1.012112;-0.001952;0.001952;-77;14;-98;1
142715739;1.012112;-0.005856;0.001952;-126;7;-119;1
142726683;1.012112;-0.000976;-0.001952;-84;7;-133;1
142743971;1.013088;0.00488;-0.007808;-42;0;-147;1
142766658;1.01016;0.01952;-0.002928;-21;70;-147;1
142778041;1.014064;0.01464;0.002928;-28;70;-133;1
142808171;1.01016;0.016592;0.006832;-42;56;-119;1
142834696;1.013088;0.01952;0.006832;-133;35;-105;1
142849475;1.0111359;0.017568;0.003904;-70;21;-49;1
142860750;1.0111359;0.010736;0.001952;-154;35;-49;1
142872583;1.0150399;0.005856;0.0;-182;14;-63;1
142885962;1.013088;0.09no055.csv@142888809;342.9375;7575;-17257;0.9605727;0.025492906;-0.247791052
142897275;1.0150399;0.008784;-0.008784;-77;21;-84;1
142910106;1.014064;0.008784;-0.008784;-126;35;-77;1
142921016;1.014064;0.0@20000101_000005_192721_accel_adxl375.csv@142927978;1.7149999;0.196;0.196;1
142936046;1.014064;0.010736;-0.001952;-98;91;-84;1
142947236;1.008208;0.007808;0.002928;-112;91;-70;1
142969128;1.013088;0.013664;0.012688;-91;49;-63;1
142980465;1.008208;0.010736;0.013664;-133;42;-77;1
143026001;1.0111359;0.005856;-0.000976;-119;7;-56;1
143042803;1.0179679;0.0;-0.005856;-126;21;-70;1
143056362;1.013088;-0.000976;-0.012688;-126;28;-91;1
143068591;1.013088;0.00488;-0.011712;-49;63;-91;1
143082194;1.01016;0.005856;0.0;-126;98;-98;1
143093607;1.013088;0.002928;0.012688;-105;91;-98;1
143104815;1.0150399;0.001952;0.015616;-63;77;-105;1
143115772;1.014064;0.000976;0.015616;-63;49;-119;1
143141611;1.0111359;0.016592;0.003904;0;28;-119;1
143168985;1.0111359;0.008784;0.001952;-126;0;-126;1
143181073;1.016992;0.00488;-0.00488;-42;-7;-119;1
143195680;1.0111359;0.008784;-0.005856;-112;7;-147;1
143206048;1.009184;0.011712;-0.00976;-84;35;-140;1
143218792;1.0111359;0.00488;-0.00488;-21;49;-126;1
143230183;1.0111359;0.000976;-0.003904;-21;56;-126;1
143242939;1.016016;0.005856;-0.000976;-105;56;-175;1
143260290;1.013088;0.01464;0.000976;7;70;-154;1
143270997;1.013088;0.017568;0.005856;-14;77;-140;1
143285375;1.008208;0.013664;0.012688;-147;42;-140;1
143296081;1.014064;0.015616;0.008784;7;28;-105;1
143312225;1.013088;0.011712;0.006832;-35;0;-105;1
143333017;1.012112;0.01464;-0.00488;-98;14;-84;1
143344101;1.013088;0.015616;-0.003904;-56;14;-63;1
143367080;1.014064;0.012688;-0.012688;-133;42;-84;1
143378777;1.0150399;0.010736;-0.008784;-77;84;-70;1
143393757;1.0111359;0.00976;0.006832;-49;98;-56;1
143413587;1.012112;0.01_000005_192721_imu_bno055.csv@143418333;342.9375;7581;-17250;0.961592464;0.021414042;-0.2386136
143460098;1.012112;0.015616;0.011712;-154;21;-49;1
143475440;1.009184;0.008784;-0.008784;-112;-21;-42;1
143492073;1.014064;0.00488;-0.012688;-119;7;-49;1
143513100;1.016016;0.002721_accel_adxl375.csv@143514342;1.7639999;0.147;0.196;1
143530474;1.014064;0.0;0.002928;-105;70;-70;1
143560603;1.009184;0.001952;0.008784;-98;77;-140;1
143573150;1.012112;0.006832;0.01464;-56;84;-133;1
143586178;1.0111359;0.37;1
143603092;1.0111359;0.010736;0.008784;-70;-14;-119;1
143614130;1.016992;0.01464;0.000976;-84;-28;-112;1
143634800;1.013088;0.00976;-0.00976;-42;14;-91;1
143645948;1.013088;0.00976;-0.008784;-126;28;-105;1
143656914;1.01016;0.002928;-0.00488;-105;56;-112;1
143669471;1.014064;-0.001952;0.005856;-49;63;-119;1
143680060;1.013088;0.0;0.00976;-98;77;-147;1
143694244;1.013088;0.000976;0.012688;-70;77;-154;1
143705173;1.009184;0.0;0.011712;-7;49;-154;1
143716977;1.008208;0.003904;0.013664;-14;35;-168;1
143733069;1.0150399;0.021472;0.001952;-28;14;-175;1
143744881;1.014064;0.027328;0.0;-35;21;-154;1
143757763;1.016016;0.026352;0.0;-70;35;-133;1
143768800;1.012112;0.025376;0.000976;-91;28;-105;1
143780672;1.014064;0.017568;0.0;-84;35;-77;1
143794360;1.0111359;0.010736;0.002928;-91;35;-84;1
143813408;1.013088;0.0;5_19221_accel_adxl375.csv@143814495;1.7149999;0.098;0.196;1
143825480;1.014064;0.005856;0.0;-56;42;-84;1
143844026;1.012112;0.010736;-0.00488;-84;56;-112;1
143855447;1.012112;0.006832;-0.005856;-28;63;-105;1
143866534;1.014064;0.012688;-0.002928;-56;77;-112;1
143908106;1.014064;0.017568;0.013664;-91;63;-63;1
143919167;1.009184;0.05no055.csv@143922214;342.9375;7581;-17232;0.9646516;0.03263092;-0.23351502
143930962;1.012112;0.013664;0.010736;-168;35;-56;1
143944800;1.013088;0.008784;0.001952;-133;21;-35;1
143958284;1.012112;0.007808;-0.003904;-154;14;-35;1
143970085;1.013088;0.005856;-0.010736;-175;28;-49;1
143983114;1.012112;0.001952;-0.00488;-154;56;-49;1
143994127;1.012112;0.003904;-0.003904;-133;84;-63;1
144006309;1.012112;0.0;0.002928;-161;91;-70;1
144018749;1.013088;-0.002928;0.008784;-161;70;-91;1
144029498;1.009184;0.003904;0.011712;-105;77;-105;1
144044875;1.012112;0.007808;0.018544;-98;35;-126;1
144056297;1.013088;0.007808;0.013664;-112;28;-126;1
144069138;1.012112;0.012688;0.012688;-84;7;-119;1
144080358;1.012112;0.012688;0.001952;-77;-14;-112;1
144104932;1.0150399;0.010736;-0.006832;-119;28;-105;1
144116129;1.012112;0.008784;-0.003904;-84;42;-91;1
144128354;1.012112;0.003904;-0.000976;-70;56;-91;1
144139266;1.0150399;0.001952;0.000976;-119;56;-105;1
144150731;1.0111359;-0.003904;0.007808;-154;56;-126;1
144161891;1.0111359;-0.000976;0.008784;-98;63;-133;1
144174111;1.014064;-0.002928;0.012688;-42;56;-147;1
144185126;1.009184;0.006832;0.01464;-35;14;-175;1
144198194;1.009184;0.01464;0.00976;-35;-14;-168;1
144209008;1.01016;0.018544;0.000976;14;-21;-154;1
144224227;1.012112;0.021472;-0.002928;21;-7;-133;1
144241539;1.012112;0.01952;-0.005856;-77;21;-126;1
144252149;1.009184;0.020496;-0.003904;-56;28;-112;1
144265292;1.0111359;0.016592;-0.000976;-56;35;-98;1
144307639;1.01016;0.007808;0.008784;-70;49;-84;1
144323055;1.0111359;0.010736;0.005856;-63;35;-91;1
144335927;1.012112;0.007808;0.002928;-84;28;-98;1
144348663;1.01016;0.00976;0.003904;-77;35;-91;1
144362474;1.012112;0.010736;0.00488;-49;35;-91;1
144373170;1.013088;0.013664;0.003904;-77;21;-91;1
144385495;1.0111359;0.012688;0.001952;-98;14;-91;1
144403436;1.016016;0.015616;-0.005856;-91;35;-77;1
144413990;1.0150399;0.017568;-0.00488;-105;49;-77;1
144426227;1.013088;0.013664;-0.001952;-126;63;-70;1
144436997;1.013088;0.015616;-0.001952;-147;70;-56;1
144447906;1.014064;0.01464;-0.000976;-126;70;-42;1
144463439;1.0111359;0.001952;0.003904;-168;77;-35;1
144474067;1.012112;-0.003904;0.008784;-196;77;-56;1
144486185;1.01016;-0.002928;0.013664;-133;63;-63;1
144503048;1.014064;-0.001952;0.00976;-98;35;-98;1
144515087;1.012112;0.000976;0.006832;-112;28;-112;1
144526314;1.013088;0.001952;0.005856;-105;21;-119;1
144543343;1.0111359;0.00488;0.0;-35;21;-119;1
144554020;1.009184;0.0
144565443;1.0111359;0.013664;-0.001952;-77;28;-140;1
144576210;1.012112;0.016592;-0.005856;-56;49;-119;1
144587588;1.012112;0.01464;-0.000976;-77;56;-105;1
144602336;1.014064;0.006832;0.008784;-84;70;-105;1
144613295;1.0150399;0.003904;0.00976;-63;49;-105;1
144626187;1.007232;0.005856;0.007808;-63;42;-112;1
144637084;1.0150399;0.0;0.006832;-77;35;-126;1
144653060;1.0150399;0.002928;0.010736;-56;21;-147;1
144666489;1.012112;0.002928;0.008784;-35;14;-154;1
144677214;1.012112;0.005856;0.000976;-21;0;-154;1
144688086;1.014064;0.00.000976;-14;0;-161;1
144703042;1.014064;0.017568;-0.002928;-35;21;-154;1
144762144;1.013088;0.022448;0.002928;-77;42;-91;1
144775631;1.0111359;0.01464;0.003904;-91;28;-77;1
144786307;1.014064;0.006832;0.003904;-91;28;-70;1
144798359;1.0111359;0.007808;0.005856;-105;21;-77;1
144813422;1.0111359;0.00976;0.000976;-91;21;-84;1
144839615;1.013088;0.012688;0.000976;-84;21;-84;1
144850232;1.014064;0.00976;-0.003904;-91;28;-84;1
144863578;1.013088;0.013664;-0.002928;-91;35;-91;1
144876229;1.0150399;0.01952;-0.005856;-63;63;-70;1
144887098;1.0150399;0.-@20000101_000005_192721_imu_bno055.csv@144890761;343.0625;7581;-17194;0.96261216;0.033650636;-0.2508502
144898583;1.013088;0.015616;0.002928;-126;77;-63;1
144909099;1.013088;0.013664;0.00488;-119;77;-49;1
144924504;1.012112;0.007808;0.00976;-119;63;-49;1
144943086;1.014064;0.002928;0.007808;-133;56;-56;1
144956995;1.014064;0.000976;0.006832;-147;28;-63;1
144968333;1.013088;-0.002928;0.005856;-91;28;-77;1
144980493;1.014064;0.002928;0.000976;-105;21;-98;1
144991785;1.006256;0.001952;-0.001952;-140;28;-112;1
145007881;1.013088;0.006832;-0.00488;-70;56;-112;1
145019315;1.0111359;0.007808;-0.000976;-105;56;-119;1
145034716;1.012112;0.012688;-0.001952;-112;70;-119;1
145067347;1.009184;0.008784;0.008784;-112;70;-91;1
145079310;1.012112;0.007808;0.01464;-119;56;-98;1
145105115;1.013088;0.003904;0.013664;-112;14;-112;1
145127738;1.013088;0.001952;0.00976;-70;0;-126;1
145137991;1.0111359;0.0;0.003904;-77;-14;-140;1
145154400;1.012112;0.007808;-0.003904;-35;0;-154;1
145192143;1.012112;0.023424;-0.002928;-14;56;-133;1
145207972;1.013088;0.023424;-0.000976;-42;63;-112;1
145219990;1.01016;0.016592;0.007808;-49;63;-77;1
145231965;1.013088;0.00976;0.011712;-84;49;-70;1
145243871;1.012112;0.011712;0.01464;-91;42;-77;1
145267958;1.006256;0.00488;0.011712;-105;7;-77;1
145280211;1.01016;0.00488;0.000976;-84;-14;-91;1
145292652;1.0111359;0.00488;-0.002928;-63;-28;-105;1
145308301;1.009184;0.005856;-0.00976;-42;-7;-105;1
145319752;1.01406-42;14;-105;1
145335328;1.012112;0.018544;-0.010736;-42;49;-105;1
145362852;1.014064;0.017568;0.001952;-105;98;-70;1
145377545;1.016992;0.017568;0.00976;-112;105;-56;1
145396204;1.012112;0.00976;0.018544;-154;70;-49;1
145410567;1.012112;0.005856;0.016592;-147;42;-49;1
145430784;1.0111359;0.0;0.007808;-140;0;-63;1
145443553;1.0150399;-0.001952;-0.003904;-126;0;-91;1
145466014;1.012112;0.000976;-0.010736;-84;21;-119;1
145482658;1.014064;0.002928;-0.008784;-77;35;-119;1
145492916;1.016016;0.003904;-0.006832;-84;56;-140;1
145505862;1.012112;0.015616;-0.001952;-77;91;-126;1
145517738;1.013088;0.01952;0.006832;-70;98;-112;1
145527911;1.01016;0.018544;0.007808;-91;91;-105;1
145541355;1.0111359;0.016592;0.012688;-126;70;-98;1
145566026;1.012112;0.008784;0.010736;-161;21;-70;1
145577494;1.016016;0.006832;0.00488;-154;14;-77;1
145607117;1.0111359;0.003904;0.000976;-133;28;-84;1
145632569;1.01016;-0.000976;0.007808;-63;-7;-140;1
145645745;1.012112;0.010736;0.000976;0;7;-168;1
145657029;1.0150399;0.017568;-0.001952;0;21;-168;1
145668366;1.0111359;0.030256;-0.005856;-7;21;-147;1
145680565;1.0111359;0.03416;-0.008784;-7;42;-112;1
145697623;1.016016;0.030256;-0.001952;-126;56;-56;1
145709066;1.012112;0.022448;0.002928;-175;70;-42;1
145727437;1.013088;0.006832;0.015616;-91;42;-14;1
145743079;1.01016;-0.001952;0.018544;-56;35;-14;1
145763104;1.01016;-0.008784;0.017568;-112;-21;-70;1
145774102;1.013088;-0.006832;0.012688;-42;-28;-91;1
145793045;1.0111359;0.002928;0.0;14;-63;-140;1
145806943;1.012112;0.01464;-0.008784;42;-63;-140;1
145823009;1.012112;0.023424;-0.021472;35;-7;-119;1
145840542;1.0111359;0.033184;-0.015616;-56;98;-77;1
145865051;1.0111359;0.020496;0.00488;-70;98;0;1
145877787;1.012112;0.006832;0.01464;-140;84;0;1
145888161;1.0111359;-0.001952;0.015616;-203;63;-14;1
145903619;1.0111359;-0.013664;0.015616;-182;56;-42;1
145923392;1.0111359;-0.00976;0.010736;-140;7;-112;1
145934076;1.014064;-0.002928;0.002928;-119;-35;-140;1
145946719;1.0150399;-0.003904;-0.008784;-42;-49;-147;1
145967929;1.0150399;0.005856;-0.018544;-35;7;-182;1
145983368;1.01016;0.015616;-0.01464;7;98;-161;1
145994221;1.012112;0.023424;-0.007808;14;112;-140;1
146007435;1.012112;0.023424;0.0;-28;112;-119;1
146024350;1.014064;0.027328;0.00976;-140;119;-105;1
146035140;1.01016;0.020496;0.012688;-126;98;-70;1
146073524;1.01016;-0.007808;0.021472;-175;0;-91;1
146086129;1.0111359;-0.003904;0.013664;-84;-28;-105;1
146099295;1.013088;-0.001952;0.003904;-98;-56;-140;1
146113384;1.012112;0.007808;-0.020496;-56;-35;-154;1
146133077;1.0111359;0.018544;-0.017568;-42;70;-147;1
146144262;1.014064;0.023424;-0.007808;-84;91;-133;1
146163087;1.012112;0.032208;0.000976;0;112;-77;1
146176243;1.008208;0.02928;0.00976;-91;91;-63;1
146190766;1.013088;0.023424;0.012688;-119;98;-42;1
146202376;1.0111359;0.01952;0.025376;-126;98;-14;1
146214233;1.0111359;0.005856;0.028304;-147;-14;-14;1
146225708;1.009184;-0.000976;0.017568;-140;-63;-28;1
146238345;1.016016;-0.000976;0.005856;-77;-91;-42;1
146249004;1.0150399;-0.006832;-0.000976;-63;-105;-42;1
146263441;1.016016;-0.001952;-0.013664;-91;-70;-70;1
146275684;1.014064;-0.000976;-0.017568;-84;-14;-98;1
146287214;1.012112;0.0@20000101_000005_192721_laser_agl.csv@146289651;0.021;0
146313007;1.014064;0.018544;-0.01464;-42;63;-105;1
146345660;1.014064;0.016592;0.021472;-154;70;-70;1
146356225;1.0111359;0.01464;0.022448;-98;42;-42;1
146367854;1.0150399;0.007808;0.01464;-126;0;-21;1
146379033;1.0179679;0.001952;0.010736;-189;-28;-49;1
146394299;1.0111359;-0.006832;-0.000976;-161;-35;-63;1
146412996;1.018944;-0.012688;-0.008784;-56;-14;-98;1
146444506;1.013088;-0.008784;-0.010736;-7;35;-189;1
146454947;1.014064;0.0496;42;63;-203;1
146466437;1.013088;0.00976;-0.017568;35;77;-217;1
146500495;1.009184;0.032208;0.018544;-35;98;-154;1
146515855;1.0111359;0.033184;0.017568;-7;91;-112;1
146527500;1.0150399;0.026352;0.01952;-175;42;-105;1
146542548;1.0111359;0.00976;0.015616;-168;21;-63;1
146565998;1.012112;-0.002928;-0.000976;-154;-42;-84;1
146578835;1.012112;0.000976;-0.022448;-119;-7;-119;1
146589915;1.0150399;0.003904;-0.0244;-77;28;-126;1
146605172;1.012112;0.008784;-0.023424;-49;84;-140;1
146616185;1.0150399;0.010736;-0.010736;-84;126;-154;1
146627068;1.014064;0.015616;0.0;-28;147;-147;1
146643013;1.01016;0.026352;0.022448;-56;119;-133;1
146654645;1.014064;0.0@20000101_000005_192721_accel_adxl375.csv@146656771;1.7639999;0.147;0.244999984;1
146665654;1.01016;0.030256;0.030256;-77;70;-77;1
146678207;1.0043039;0.023424;0.031232;-98;14;-42;1
146688956;1.009184;0.031232;0.0244;-91;-49;-35;1
146700785;1.008208;0.01464;-0.00488;-119;-98;-7;1
146712045;1.016016;0.00976;-0.017568;0;-91;14;1
146739459;1.0150399;-0.012688;-0.025376;-182;7;-42;1
146750057;1.01016;-0.010736;-0.027328;63;70;-42;1
146772499;1.01016;0.006832;-0.000976;-21;126;-133;1
146784868;1.0111359;0.012688;0.00488;42;119;-98;1
146799890;1.014064;0.00976;0.013664;-105;105;-105;1
146816081;1.007232;0.021472;0.026352;-91;84;-98;1
146836353;1.01016;0.017568;0.027328;-84;-7;-77;1
146847693;1.009184;0.01952;0.017568;-98;-63;-63;1
146870083;1.012112;0.002928;-0.015616;-140;-84;-35;1
146881608;1.013088;-0.003904;-0.023424;-84;-49;-28;1
146921549;1.016992;-0.002928;-0.018544;-91;84;-182;1
146961934;1.008208;0.01464;0.025376;-14;147;-203;1
146975753;1.013088;0.02928;0.030256;-42;21;-175;1
146987988;1.013088;0.0@20000101_000005_192721_imu_bno055.csv@146992436;342.75;7581;-17213;0.966691;0.0438478;-0.221278432
146999784;1.013088;0.03416;0.00976;-63;-70;-119;1
147013799;1.012112;0.023424;0.0;-126;-77;-84;1
147025760;1.0111359;0.001952;-0.018544;-126;-21;-56;1
147044338;1.01016;-0.003904;-0.01952;-119;0;-77;1
147055328;1.012112;-0.@20000101_000005_192721_accel_adxl375.csv@147058062;1.7639999;0.147;0.098;1
147068872;1.014064;0.00488;-0.00976;-91;63;-161;1
147080226;1.0150399;0.011712;-0.007808;-21;112;-147;1
147094450;1.012112;0.01464;0.00488;-56;126;-133;1
147105276;1.01016;0.01464;0.01464;-56;112;-133;1
147116750;1.013088;0.0244;0.01952;-42;56;-133;1
147129482;1.012112;0.028304;0.020496;-21;0;-119;1
147142721;1.014064;0.03904;0.011712;-63;-7;-84;1
147153057;1.0111359;0.032208;0.00976;-168;-28;-56;1
147165213;1.012112;0.023424;0.003904;-140;-42;-7;1
147176121;1.012112;0.011712;0.000976;-147;-28;21;1
147200089;1.012112;0.001952;-0.01952;-147;7;-35;1
147215189;1.0150399;0.006832;-0.018544;-147;35;-49;1
147226531;1.01016;0.005856;-0.01952;-126;56;-49;1
147240990;1.012112;-0.006832;-0.001952;-133;133;-56;1
147252142;1.01016;-0.071
147264993;1.0111359;-0.002928;0.020496;-91;112;-105;1
147295827;1.01016;0.01952;0.016592;-105;-14;-112;1
147309030;1.01016;0.01464;0.003904;-49;-21;-56;1
147323903;1.01016;0.005856;-0.001952;-98;-28;-49;1
147339708;1.0150399;-0.002928;-0.012688;-105;-14;-84;1
147350860;1.016992;-0.001952;-0.017568;-84;0;-98;1
147362635;1.014064;0.001952;-0.021472;-70;49;-119;1
147380334;1.012112;0.001952;-0.011712;-112;126;-126;1
147391442;1.012112;0.000976;-0.000976;-56;168;-126;1
147402947;1.012112;0.000976;0.00976;-49;154;-133;1
147422989;1.0111359;0.006832;0.022448;-70;98;-189;1
147434138;1.008208;0.01464;0.025376;0;56;-175;1
147445116;1.0111359;0.020496;0.023424;-63;14;-175;1
147468125;1.008208;0.015616;0.015616;-49;-7;-126;1
147481639;1.0111359;0.013664;-0.002928;-77;-56;-119;1
147491939;1.013088;0.010736;-0.01464;-84;-63;-133;1
147502973;1.0150399;0.00976;-0.022448;-63;-42;-147;1
147516826;1.014064;0.0;1_000005_192721_imu_bno055.csv@147519698;342.6875;7581;-17219;0.959553;0.02753234;-0.26206708
147527193;1.014064;0.013664;-0.022448;-49;63;-119;1
147546544;1.014064;0.00976;-0.005856;-112;133;-105;1
147564005;1.012112;0.016592;0.012688;-98;119;-126;1
147576734;1.01016;0.015616;0.01952;-112;91;-140;1
147587828;1.009184;0.0@20000101_000005_192721_imu_bno055.csv@147592762;342.6875;7581;-17219;0.9656713;0.031611204;-0.22943616
147598067;1.0111359;0.025376;0.020496;-84;35;-105;1
147614585;1.0111359;0.017568;0.015616;-77;-7;-56;1
147625684;1.013088;0.011712;0.005856;-77;-35;-42;1
147636616;1.016016;0.008784;0.0;-84;-49;-49;1
147649977;1.0150399;0.006832;-0.011712;-98;-49;-63;1
147692494;1.013088;0.00976;-0.015616;-112;105;-49;1
147729568;1.016016;0.007808;0.01952;-154;91;-84;1
147744830;1.013088;0.008784;0.023424;-126;42;-77;1
147762112;1.0111359;0.011712;0.01952;-105;14;-70;1
147776171;1.012112;0.006832;0.00976;-119;-35;-63;1
147788585;1.012112;0.000976;-0.000976;-63;-49;-56;1
147805182;1.013088;0.0;-0.013664;-77;-49;-77;1
147826472;1.0179679;0.007808;-0.022448;-28;28;-105;1
147837721;1.014064;0.005856;-0.018544;-98;77;-105;1
147850139;1.013088;0.005856;-0.015616;-112;112;-112;1
147862224;1.0150399;0.003904;-0.002928;-91;140;-112;1
147880008;1.013088;0.00488;0.01952;-35;133;-140;1
147903216;1.0111359;0.010736;0.02928;-140;56;-161;1
147919392;1.013088;0.0@20000101_000005_192721_imu_bno055.csv@147928536;342.6875;7581;-17232;0.96363184;0.026512622;-0.22025872
147932810;1.0150399;0.012688;0.008784;-105;-21;-126;1
147954670;1.014064;0.01952;-0.003904;-119;-35;-126;1
147968914;1.012112;0.00976;-0.018544;-35;-21;-112;1
147980181;1.016016;0.00976;-0.018544;-63;0;-112;1
147993170;1.012112;0.008784;-0.022448;-77;56;-112;1
148011263;1.012112;0.007808;-0.003904;-63;133;-112;1
148033072;1.0111359;0.008784;0.018544;-98;112;-126;1
148044657;1.014064;0.017568;0.022448;-28;77;-126;1
148055321;1.0111359;0.022448;0.023424;-70;35;-126;1
148071180;1.01016;0.020496;0.013664;-84;-7;-70;1
148084084;1.012112;0.1091;-21;-56;1
148095470;1.013088;0.012688;0.0;-140;-35;-56;1
148112016;1.013088;0.012688;-0.01464;-105;-21;-63;1
148133015;1.012112;0.008784;-0.01464;-70;49;-49;1
148144672;1.0150399;0.00976;-0.010736;-133;77;-49;1
148155036;1.013088;0.0@20000101_000005_192721_accel_adxl375.csv@148157926;1.7639999;0.098;0.196;1
148168157;1.0150399;0.0;0.002928;-21;119;-49;1
148219436;1.013088;0.012688;0.018544;-112;-7;-84;1
148232637;1.014064;0.00976;0.002928;-112;-35;-84;1
148246100;1.014064;0.00488;-0.003904;-70;-35;-70;1
148258146;1.013088;0.00488;-0.01464;-56;-14;-70;1
148270237;1.0150399;0.006832;-0.018544;-91;7;-91;1
148283692;1.0150399;0.001952;-0.01464;-70;70;-84;1
148303035;1.0111359;0.003904;0.002928;-119;105;-119;1
148315532;1.012112;-0.001952;0.00976;-140;119;-140;1
148331376;1.009184;0.003904;0.015616;-84;98;-140;1
148343303;1.0150399;0.008784;0.01952;-42;35;-154;1
148354079;1.012112;0.0@20000101_000005_192721_accel_adxl375.csv@148357002;1.7639999;0.147;0.147;1
148366517;1.01016;0.017568;0.012688;-56;-7;-154;1
148377090;1.009184;0.017568;0.007808;-21;-14;-126;1
148413043;1.0111359;0.012688;-0.012688;-105;-21;-119;1
148425299;1.012112;0.011712;-0.015616;-56;42;-119;1
148443019;1.0150399;0.0adxl375.csv@148450612;1.7149999;0.147;0.196;1
148457886;1.012112;0.012688;0.0;-70;105;-105;1
148470718;1.01016;0.010736;0.00488;-91;105;-112;1
148481472;1.013088;0.007808;0.011712;-112;98;-119;1
148505492;1.0111359;0.018544;0.020496;-84;21;-119;1
148517926;1.0111359;0.021472;0.015616;-91;-14;-112;1
148531241;1.013088;0.020496;0.00488;-126;-28;-98;1
148544563;1.0111359;0.017568;0.000976;-119;-28;-91;1
148557742;1.014064;0.01952;-0.008784;-56;-21;-63;1
148569328;1.0111359;0.011712;-0.016592;-147;-7;-70;1
148580526;1.013088;0.012688;-0.018544;-105;21;-63;1
148592865;1.014064;0.011712;-0.017568;-42;49;-42;1
148605558;1.012112;0.007808;-0.010736;-77;84;-42;1
148647008;1.012112;-0.002928;0.015616;-91;77;-63;1
148663581;1.014064;0.003904;0.011712;-98;21;-91;1
148676836;1.01016;0.005856;0.011712;-105;21;-91;1
148688495;1.013088;0.007808;0.002928;-70;-14;-98;1
148700860;1.012112;0.00976;-0.000976;-105;-14;-91;1
148712077;1.014064;0.012688;-0.006832;-63;-14;-84;1
148734261;1.014064;0.006832;-0.012688;-91;28;-91;1
148745151;1.01016;0.011712;-0.012688;-77;70;-91;1
148769125;1.0111359;0.008784;-0.001952;-147;98;-77;1
148780002;1.0111359;-0.003904;0.008784;-133;84;-98;1
148791619;1.0111359;0.0;0.00976;-119;70;-119;1
148802196;1.012112;0.001952;0.011712;-56;70;-133;1
148814888;1.01016;0.003904;0.016592;-35;42;-147;1
148833042;1.01016;0.00976;0.010736;-70;14;-147;1
148844251;1.0111359;0.006832;0.008784;-35;-14;-147;1
148857474;1.014064;0.012688;0.002928;-28;-21;-154;1
148870279;1.01016;0.00976;-0.003904;-49;-21;-161;1
148881025;1.016992;0.01952;-0.010736;-42;7;-147;1
148895414;1.014064;0.021472;-0.011712;-63;28;-133;1
148913017;1.016992;0.016592;-0.00976;-70;70;-98;1
148933474;1.009184;0.00976;0.002928;-98;77;-91;1
148944120;1.013088;0.00976;0.007808;-91;77;-91;1
148956940;1.012112;0.010736;0.012688;-112;70;-105;1
148971206;1.0111359;0.007808;0.016592;-119;49;-105;1
148983525;1.014064;0.010736;0.012688;-63;14;-105;1
148998194;1.01016;0.010736;0.00976;-63;-7;-98;1
149013411;1.013088;0.015616;-0.001952;-77;-28;-98;1
149025662;1.013088;0.018544;-0.008784;-56;-21;-91;1
149040957;1.013088;0.01464;-0.008784;-56;0;-91;1
149052181;1.013088;0.020496;-0.012688;-77;14;-84;1
149093077;1.012112;0.008784;-0.000976;-126;70;-42;1
149107269;1.012112;0.010736;0.008784;-98;70;-56;1
149119159;1.013088;0.007808;0.010736;-126;56;-63;1
149135026;1.013088;0.001952;0.012688;-84;49;-63;1
149146509;1.012112;0.001952;0.00976;-112;7;-77;1
149169904;1.012112;0.006832;0.000976;-49;-7;-98;1
149184018;1.0111359;8-98;1
149198995;1.014064;0.010736;-0.011712;-77;35;-105;1
149210257;1.016016;0.007808;-0.010736;-98;49;-105;1
149222130;1.013088;0.007808;-0.008784;-91;70;-98;1
149235030;1.0150399;0.007808;-0.005856;-77;84;-98;1
149246486;1.01016;0.00976;0.003904;-91;105;-105;1
149269900;1.0111359;0.00488;0.01464;-133;84;-112;1
149281061;1.01016;0.003904;0.013664;-105;63;-119;1
149295897;1.013088;0.002928;0.012688;-70;35;-119;1
149312871;1.014064;0.00488;0.003904;-77;0;-133;1
149324188;1.013088;0.00488;-0.00488;-63;0;-147;1
149335024;1.014064;0.010736;-0.00488;-56;14;-140;1
149353077;1.016016;0.011712;-0.007808;-49;42;-147;1
149366464;1.0150399;0.011712;-0.003904;-35;56;-147;1
149383088;1.014064;0.01952;-0.001952;-77;70;-133;1
149398427;1.013088;0.018544;0.00976;-91;77;-126;1
149409111;1.014064;0.017568;0.013664;-91;70;-112;1
149420254;1.0111359;0.;@20000101_000005_192721_accel_adxl375.csv@149423421;1.666;0.147;0.147;1
149442987;1.01016;0.01721_accel_adxl375.csv@149451136;1.7149999;0.147;0.244999984;1
149457148;1.008208;0.01464;0.002928;-133;-7;-84;1
149487208;1.01016;0.010736;0.002928;-119;-7;-77;1
149506754;1.016016;0.011712;-0.00488;-63;28;-91;1
149532998;1.014064;0.015616;0.001952;-56;63;-84;1
149544219;1.012112;0.013664;0.00488;-84;70;-84;1
149556966;1.008208;0.020496;0.00488;-77;63;-84;1
149573922;1.01016;0.011712;0.007808;-91;35;-49;1
149589069;1.012112;0.015616;0.007808;-112;28;-42;1
149613084;1.01016;0.0;-;20000101_000005_192721_accel_adxl375.csv@149614232;1.7149999;0.098;0.147;1
149625693;1.0150399;0.0;-0.00488;-119;14;-63;1
149636757;1.014064;-0.002928;-0.005856;-126;14;-84;1
149650218;1.012112;-0.003904;-0.005856;-98;35;-98;1
149664264;1.014064;0.003904;-0.003904;-42;56;-119;1
149676887;1.013088;0.005856;-0.000976;-49;63;-126;1
149692770;1.014064;0.012688;0.003904;-63;63;-126;1
149703173;1.013088;0.01464;0.007808;-84;70;-119;1
149715787;1.014064;0.012688;0.006832;-84;56;-112;1
149726295;1.012112;0.013664;0.012688;-105;42;-105;1
149745578;1.012112;0.007808;0.002928;-84;28;-98;1
149762702;1.012112;0.005856;0.002928;-126;14;-105;1
149776462;1.014064;0.000976;-0.003904;-98;35;-119;1
149787001;1.0150399;0.501_000005_192721_accel_adxl375.csv@149789115;1.7639999;0.147;0.147;1
149798674;1.0150399;0.00488;-0.00488;-70;49;-140;1
149812998;1.01016;0.005856;-0.00488;-63;63;-147;1
149826152;1.014064;0.012688;-0.000976;-63;77;-154;1
149836931;1.013088;0.015616;0.001952;-56;84;-147;1
149848214;1.01016;0.013664;0.006832;-70;77;-147;1
149858960;1.01016;0.017568;0.007808;-91;63;-147;1
149871866;1.01016;0.018544;0.010736;-98;56;-133;1
149888596;1.014064;0.015616;0.011712;-112;42;-105;1
149900214;1.012112;0.017568;0.006832;-105;28;-91;1
149942539;1.012112;0.012688;-0.006832;-112;21;-77;1
149955849;1.014064;0.007808;-0.00488;-112;35;-77;1
149968879;1.014064;0.00976;-0.001952;-70;63;-84;1
149983458;1.014064;0.008784;0.0;-56;63;-84;1
149994330;1.01016;0.00976;0.003904;-63;63;-91;1
150007195;1.014064;0.016592;0.008784;-70;63;-84;1
150022995;1.0111359;0.012688;0.00976;-63;56;-70;1
150035701;1.012112;0.015616;0.008784;-77;35;-63;1
150047769;1.0111359;0.01464;0.001952;-105;21;-56;1
150070189;1.009184;0.010736;0.0;-119;21;-42;1
150084197;1.01016;0.00976;0.0;-112;28;-42;1
150095023;1.013088;0.001952;0.0;-126;28;-56;1
150106163;1.0111359;0.000976;-0.001952;-119;28;-63;1
150124571;1.012112;0.0;-0.002928;-91;49;-70;1
150135957;1.012112;-0.001952;-0.000976;-98;56;-91;1
150147130;1.0111359;0.0;0.0;-91;63;-105;1
150169171;1.013088;0.008784;0.006832;-49;49;-126;1
150183452;1.014064;0.010736;0.005856;-91;42;-126;1
150194315;1.014064;0.011712;0.005856;-77;35;-112;1
150206176;1.012112;0.011712;0.002928;-77;28;-112;1
150217110;1.012112;0.011712;0.005856;-91;14;-112;1
150229884;1.014064;0.00976;-0.000976;-84;28;-112;1
150242648;1.0111359;0.008784;-0.001952;-91;28;-112;1
150267024;1.0111359;0.005856;0.0;-77;35;-119;1
150278307;1.013088;0.000976;-0.000976;-77;42;-133;1
150289058;1.01016;0.006832;0.0;-63;42;-140;1
150303969;1.013088;0.011712;0.002928;-49;56;-154;1
150338967;1.014064;0.0n2.6875;7587;-17207;0.96261216;0.033650636;-0.24065304
150362715;1.013088;0.015616;0.002928;-119;28;-98;1
150383244;1.013088;0.011712;0.000976;-133;28;-84;1
150394071;1.0150399;0.010736;-0.000976;-126;28;-91;1
150406443;1.0150399;0.013664;-0.001952;-119;42;-84;1
150424244;1.0111359;0.00976;0.0;-91;63;-70;1
150436240;1.0111359;0.008784;0.003904;-112;70;-70;1
150448431;1.014064;0.006832;0.005856;-119;56;-77;1
150460893;1.012112;0.006832;0.008784;-112;42;-84;1
150471996;1.0150399;0.008784;0.007808;-70;35;-91;1
150487456;1.0111359;0.@20000101_000005_192721_accel_adxl375.csv@150491657;1.7149999;0.196;0.147;1
150498116;1.009184;0.015616;0.002928;-84;21;-77;1
150509210;1.013088;0.016592;0.001952;-77;21;-63;1
150521721;1.013088;0.016592;0.0;-84;14;-56;1
150532280;1.014064;0.01952;0.000976;-105;21;-49;1
150543618;1.012112;0.011712;-0.00488;-112;28;-49;1
150556042;1.014064;0.0-0.003904;-105;56;-42;1
150569450;1.01016;0.0;0.0;-112;49;-49;1
150586957;1.014064;-0.000976;@20000101_000005_192721_accel_adxl375.csv@150594064;1.7639999;0.098;0.196;1
150598119;1.012112;-0.000976;0.00488;-63;49;-98;1
150610950;1.0150399;0.001952;0.003904;-63;42;-112;1
150624514;1.012112;0.00488;0.008784;-63;35;-126;1
150637329;1.01016;0.013664;0.001952;-63;14;-126;1
150649037;1.012112;0.013664;-0.000976;-70;14;-119;1
150660904;1.0111359;0.013664;-0.000976;-77;21;-105;1
150674605;1.013088;0.012688;-0.001952;-91;28;-105;1
150687345;1.014064;0.08@20000101_000005_192721_accel_adxl375.csv@150697117;1.813;0.147;0.147;1
150698675;1.01016;0.005856;-0.001952;-105;35;-98;1
150724571;1.0111359;0.001952;-0.000976;-70;49;-112;1
150737468;1.0111359;0.005856;0.00488;-70;49;-133;1
150750636;1.0111359;0.003904;0.003904;-56;42;-133;1
150784928;1.013088;0.010736;0.001952;-56;35;-161;1
150801116;1.0111359;0.01952;0.001952;-49;35;-147;1
150831484;1.014064;0.01952;0.0;-98;28;-112;1
150845248;1.012112;0.01952;-0.002928;-105;42;-98;1
150862764;1.013088;0.016592;-0.002928;-98;56;-84;1
150873042;1.013088;0.018544;0.0;-112;63;-77;1
150885586;1.014064;0.015616;0.003904;-147;63;-70;1
150896249;1.013088;0.008784;0.00488;-140;56;-70;1
150909300;1.012112;0.007808;0.007808;-98;56;-77;1
150935201;1.012112;0.010736;0.007808;-98;42;-91;1
150946975;1.0111359;0.00976;0.00488;-77;28;-91;1
150958414;1.016992;0.013664;0.002928;-105;21;-91;1
150984669;1.012112;0.016592;-0.001952;-98;28;-70;1
151002422;1.0111359;0.018544;-0.003904;-126;49;-56;1
151015546;1.012112;0.012688;-0.001952;-126;56;-49;1
151034618;1.012112;0.005856;0.002928;-133;63;-42;1
151046312;1.012112;0.003904;0.003904;-119;63;-49;1
151059396;1.012112;0.0;0.006832;-105;49;-56;1
151071080;1.013088;-0.003904;0.00488;-105;42;-70;1
151082241;1.014064;-0.002928;0.005856;-91;35;-98;1
151095859;1.0111359;0.0;0.007808;-77;28;-119;1
151112880;1.012112;0.007808;0.002928;-49;7;-133;1
151133063;1.0150399;0.015616;-0.005856;-56;7;-126;1
151144233;1.012112;0.016592;-0.005856;-63;28;-112;1
151165421;1.014064;0.013664;-0.001952;-112;49;-105;1
151176382;1.01016;0.015616;-0.002928;-91;56;-98;1
151186945;1.012112;0.0;1
151199344;1.013088;0.00488;0.007808;-112;56;-91;1
151260470;1.013088;0.012688;-0.002928;-42;0;-161;1
151274066;1.0150399;0.018544;-0.008784;-21;7;-154;1
151285278;1.01016;0.026352;-0.008784;-35;42;-133;1
151301898;1.0111359;0.022448;-0.002928;-70;56;-119;1
151312990;1.012112;0.021472;-0.000976;-84;63;-98;1
151325255;1.014064;0.012688;0.001952;-98;63;-70;1
151336054;1.014064;0.00976;0.007808;-126;63;-70;1
151355077;1.013088;0.005856;0.011712;-133;49;-70;1
151366141;1.01016;0.003904;0.011712;-70;28;-77;1
151379219;1.0111359;0.005856;0.006832;-140;14;-98;1
151390170;1.01016;0.00488;0.007808;-126;7;-112;1
151403808;1.013088;0.010736;0.000976;-56;14;-105;1
151417188;1.012112;0.01464;-0.00488;-84;14;-112;1
151435760;1.012112;0.016592;-0.003904;-63;28;-98;1
151448708;1.0150399;0.017568;-0.003904;-84;49;-77;1
151471498;1.012112;0.016592;-0.000976;-91;70;-56;1
151482284;1.013088;0.011712;0.000976;-105;77;-49;1
151498835;1.01016;0.007808;0.010736;-133;70;-42;1
151523004;1.012112;0.000976;0.011712;-133;49;-49;1
151536776;1.012112;-0.001952;0.012688;-126;28;-77;1
151556494;1.0111359;0.000976;0.006832;-77;7;-105;1
151569601;1.012112;0.007808;-0.000976;-84;7;-119;1
151582785;1.013088;0.00976;-0.006832;-63;21;-119;1
151596793;1.014064;0.010736;-0.008784;-49;28;-119;1
151614538;1.0150399;0.01464;-0.006832;-70;56;-112;1
151634822;1.016016;0.011712;0.002928;-84;77;-84;1
151671038;1.0111359;0.005856;0.00976;-91;49;-98;1
151691828;1.01016;0.00488;0.00976;-126;0;-112;1
151703090;1.01016;0.0;0.002928;-98;-7;-119;1
151715615;1.008208;0.003904;0.000976;-84;0;-126;1
151725980;1.014064;0.005856;-0.003904;-98;0;-147;1
151744772;1.016016;0.012688;-0.001952;-35;28;-133;1
151769156;1.0150399;0.015616;-0.001952;-63;28;-133;1
151781699;1.0111359;0.020496;-0.001952;-56;49;-119;1
151798523;1.009184;0.0244;0.002928;-42;63;-91;1
151813005;1.01016;0.01952;0.007808;-119;56;-77;1
151829395;1.012112;0.011712;0.005856;-112;42;-63;1
151842889;1.012112;0.002928;0.003904;-77;21;-63;1
151854074;1.012112;0.0@01_000005_192721_accel_adxl375.csv@151856603;1.7639999;0.147;0.147;1
151866691;1.0111359;0.003904;0.003904;-119;14;-84;1
151877205;1.009184;0.0;0.006832;-105;7;-91;1
151895313;1.0111359;0.007808;0.001952;-70;0;-105;1
151913479;1.0111359;0.017568;-0.002928;-42;14;-119;1
151935161;1.014064;0.017568;-0.005856;-70;35;-84;1
151946332;1.012112;0.01952;-0.003904;-112;42;-77;1
151957065;1.013088;0.018544;-0.003904;-105;56;-63;1
151969827;1.012112;0.00976;-0.001952;-70;63;-49;1
151981132;1.014064;0.006832;0.007808;-77;63;-42;1
151999185;1.0111359;-0.001952;0.005856;-112;28;-63;1
152015583;1.01016;-0.002928;0.005856;-91;14;-84;1
152026280;1.008208;-0.007808;0.001952;-98;14;-119;1
152041414;1.012112;0.000976;-0.000976;-70;21;-133;1
152051995;1.0111359;0.007808;-0.002928;-21;14;-147;1
152063945;1.0111359;0.007808;-0.006832;14;7;-140;1
152075244;1.0111359;0.013664;-0.00976;0;28;-140;1
152120481;1.012112;0.010736;0.00488;-133;70;-105;1
152132136;1.014064;0.010736;0.002928;-154;63;-105;1
152146165;1.012112;0.005856;0.005856;-119;63;-98;1
152157155;1.0111359;0.002928;0.005856;-112;63;-105;1
152169796;1.013088;0.002928;0.007808;-112;49;-119;1
152181169;1.014064;0.005856;0.003904;-105;35;-133;1
152199008;1.0111359;0.006832;0.0;-105;35;-133;1
152212502;1.014064;0.008784;0.0;-98;42;-133;1
152223026;1.012112;0.011712;0.002928;-98;56;-140;1
152242884;1.013088;0.017568;-0.000976;-84;49;-119;1
152253966;1.013088;0.0@20000101_000005_192721_accel_adxl375.csv@152258068;1.813;0.147;0.196;1
152265255;1.0150399;0.01952;-0.001952;-105;56;-98;1
152276325;1.013088;0.016592;0.003904;-133;56;-91;1
152288964;1.014064;0.010736;0.006832;-175;63;-84;1
152299987;1.0111359;0.015616;0.003904;-133;49;-77;1
152315088;1.013088;0.012688;0.003904;-105;49;-70;1
152336234;1.0150399;0.00488;0.00976;-140;35;-70;1
152349863;1.0111359;0.003904;0.003904;-112;21;-84;1
152363565;1.0111359;0.006832;-0.001952;-63;21;-84;1
152374264;1.01016;0.007808;0.002928;-49;28;-91;1
152388132;1.0111359;0.011712;0.001952;-77;35;-91;1
152399191;1.0150399;0.010736;0.00488;-91;35;-105;1
152442989;1.012112;0.0021_airspeed_sdp810.csv@152452194;410;263;4256
152457317;1.0111359;0.010736;0.0;-56;42;-77;1
152468161;1.01016;0.00488;0.002928;-49;49;-63;1
152479946;1.0111359;0.003904;0.006832;-77;35;-70;1
152491366;1.014064;0.00488;0.007808;-84;28;-84;1
152502168;1.009184;0.0@20000101_000005_192721_accel_adxl375.csv@152525816;1.7149999;0.147;0.196;1
152529698;1.0111359;0.005856;0.0;-91;14;-119;1
152543904;1.01016;0.00976;-0.001952;-35;14;-119;1
152564485;1.013088;0.013664;-0.003904;-105;35;-126;1
152575151;1.0111359;0.011712;-0.000976;-119;49;-119;1
152593059;1.012112;0.013664;0.003904;-63;56;-112;1
152604610;1.0111359;0.00976;0.006832;-91;49;-119;1
152618540;1.012112;0.012688;0.1000101_000005_192721_airspeed_sdp810.csv@152620544;205;186;4256
152634546;1.0111359;0.007808;0.006832;-98;35;-105;1
152647828;1.012112;0.010736;0.007808;-91;35;-112;1
152664551;1.009184;0.011712;-0.001952;-63;21;-112;1
152676913;1.01016;0.012688;-0.011712;-49;35;-112;1
152693465;1.014064;0.013664;-0.00976;-70;42;-105;1
152704003;1.016016;0.015616;-0.008784;-91;63;-105;1
152719547;1.0111359;0.0268;-168;91;-105;1
152732995;1.0150399;0.012688;0.005856;-119;98;-105;1
152747052;1.014064;0.008784;0.01952;-147;70;-105;1
152758531;1.0150399;0.012688;0.016592;-154;56;-105;1
152769949;1.01016;0.01464;0.018544;-154;28;-105;1
152780942;1.009184;0.012688;0.012688;-119;7;-98;1
152794352;1.013088;0.012688;0.005856;-77;-7;-91;1
152811783;1.012112;0.015616;-0.008784;-147;-7;-84;1
152833038;1.016016;0.017568;-0.010736;-112;42;-49;1
152844736;1.014064;0.011712;-0.011712;-119;56;-49;1
152855159;1.013088;0.0@20000101_000005_192721_accel_adxl375.csv@152857365;1.813;0.147;0.196;1
152866991;1.014064;0.0;0.00488;-105;105;-63;1
152878214;1.012112;0.000976;0.011712;-91;105;-70;1
152902750;1.009184;0.0;0.0244;-84;56;-98;1
152914612;1.008208;0.002928;0.022448;-56;21;-112;1
152934706;1.0111359;0.013664;0.013664;-7;-35;-112;1
152967441;1.0111359;0.016592;-0.013664;-63;-14;-77;1
152989933;1.016016;0.005856;-0.00488;-84;42;-77;1
153013379;1.013088;0.000976;0.006832;-56;63;-91;1
153044389;1.013088;0.00488;0.012688;-28;42;-126;1
153055118;1.01016;0.00@20000101_000005_192721_accel_adxl375.csv@153057567;1.7149999;0.098;0.196;1
153066830;1.014064;0.007808;0.006832;-42;-7;-161;1
153079698;1.013088;0.010736;0.000976;-42;-14;-161;1
153098023;1.013088;0.013664;0.0;-84;-14;-140;1
153124570;1.012112;0.013664;-0.00488;-63;7;-119;1
153136821;1.013088;0.020496;-0.001952;-77;14;-112;1
153153063;1.012112;0.013664;-0.00488;-77;35;-91;1
153164883;1.0150399;0.011712;-0.003904;-70;56;-84;1
153177657;1.012112;0.011712;-0.000976;-77;63;-84;1
153190082;1.0150399;0.007808;0.00488;-56;70;-84;1
153200956;1.01016;0.005856;0.00976;-84;63;-98;1
153213926;1.012112;0.007808;0.007808;-49;28;-105;1
153239558;1.0150399;0.00976;0.001952;-49;14;-112;1
153250168;1.016992;0.012688;-0.002928;-63;21;-112;1
153260917;1.013088;0.013664;-0.000976;-70;28;-105;1
153271968;1.014064;0.015616;-0.002928;-56;35;-105;1
153289181;1.0150399;0.016592;-0.00488;-119;28;-105;1
153302566;1.012112;0.022448;-0.003904;-42;49;-77;1
153315390;1.0150399;0.015616;0.000976;-196;70;-70;1
153333122;1.012112;0.00976;0.002928;-147;84;-49;1
153346513;1.013088;0.003904;0.006832;-168;56;-49;1
153359046;1.0111359;0.002928;0.003904;-119;56;-63;1
153383036;1.013088;0.000976;0.00488;-140;42;-91;1
153398712;1.012112;0.001952;0.002928;-98;35;-98;1
153430297;1.014064;0.013664;-0.000976;-77;35;-126;1
153443803;1.014064;0.022448;-0.003904;-77;42;-119;1
153468025;1.014064;0.013664;0.006832;-140;42;-77;1
153479748;1.0111359;0.008784;0.010736;-133;42;-77;1
153491240;1.012112;0.006832;0.012688;-98;21;-70;1
153509171;1.0111359;0.003904;0.002928;-126;7;-91;1
153520067;1.013088;0.005856;-0.001952;-105;-7;-91;1
153543051;1.0111359;0.006832;-0.002928;-119;35;-105;1
153555607;1.012112;0.005856;-0.001952;-105;28;-112;1
153568438;1.01016;0.008784;0.0;-63;35;-112;1
153579483;1.012112;0.006832;0.003904;-63;28;-126;1
153606737;1.016016;0.013664;0.001952;-63;35;-133;1
153617212;1.014064;0.015616;0.006832;-42;21;-112;1
153628232;1.012112;0.017568;0.003904;-77;21;-112;1
153640212;1.013088;0.016592;-0.000976;-70;7;-105;1
153651195;1.014064;0.012688;-0.001952;-56;7;-91;1
153662069;1.0111359;0.010736;-0.001952;-84;28;-105;1
153675682;1.014064;0.012688;-0.000976;-91;35;-105;1
153686339;1.012112;0.0;@20000101_000005_192721_accel_adxl375.csv@153688871;1.813;0.098;@20000101_000005_192721_imu_bno055.csv@153693637;342.75;7593;-17150;0.96363184;0.026512622;-0.2447319
153698453;1.012112;0.007808;-0.001952;-77;28;-91;1
153710015;1.013088;0.010736;-0.003904;-70;21;-84;1
153725499;1.013088;0.010736;-0.006832;-77;49;-91;1
153743019;1.012112;0.012688;-0.000976;-63;63;-91;1
153755369;1.009184;0.013664;0.003904;-98;63;-105;1
153767262;1.009184;0.011712;0.003904;-77;56;-91;1
153779375;1.014064;0.011712;0.003904;-98;42;-77;1
153790531;1.012112;0.007808;0.002928;-63;63;-84;1
153803505;1.0111359;0.010736;0.000976;-70;63;-84;1
153858998;1.009184;0.006832;0.003904;-63;42;-91;1
153870892;1.016992;0.005856;-0.000976;-77;42;-112;1
153885420;1.0111359;0.008784;-0.002928;-77;49;-112;1
153896672;1.01016;0.006832;0.0;-77;49;-105;1
153909001;1.0150399;0.013664;0.0;-63;49;-112;1
153933417;1.012112;0.00976;0.000976;-84;70;-91;1
153946764;1.012112;0.010736;0.003904;-112;70;-91;1
153957369;1.0111359;0.00488;0.003904;-147;63;-105;1
153969934;1.012112;-0.000976;0.005856;-98;56;-105;1
153982737;1.012112;0.002928;0.007808;-133;35;-133;1
153996320;1.008208;0.011712;0.001952;-133;35;-133;1
154013029;1.014064;0.008784;0.003904;-84;42;-119;1
154033088;1.009184;0.01464;0.001952;-91;28;-126;1
154044235;1.0150399;0.01464;0.000976;-91;28;-133;1
154068786;1.012112;0.015616;0.000976;-77;35;-105;1
154079907;1.0111359;0.012688;0.002928;-77;49;-98;1
154094476;1.013088;0.011712;0.007808;-91;35;-84;1
154104950;1.012112;0.008784;0.008784;-105;28;-91;1
154116178;1.01016;0.007808;0.006832;-56;28;-91;1
154132972;1.012112;0.00976;0.005856;-49;14;-98;1
154144238;1.014064;0.011712;0.00488;-70;0;-105;1
154158157;1.0150399;0.012688;-0.002928;-28;14;-105;1
154169978;1.012112;0.008784;-0.001952;-49;14;-98;1
154181156;1.012112;0.011712;-0.00488;-56;28;-98;1
154197419;1.014064;0.012688;-0.002928;-70;42;-98;1
154208010;1.012112;0.015616;-0.005856;-56;49;-84;1
154219585;1.0111359;0.016592;-0.00488;-84;56;-84;1
154229968;1.014064;0.01464;0.001952;-105;63;-77;1
154243797;1.012112;0.01464;0.006832;-126;63;-63;1
154278940;1.012112;0.000976;0.00976;-98;14;-77;1
154295271;1.0111359;0.000976;0.006832;-91;7;-91;1
154307686;1.012112;0.008784;-0.000976;-42;0;-105;1
154318738;1.013088;0.007808;-0.000976;-56;0;-112;1
154332763;1.0111359;0.012688;-0.002928;-56;14;-112;1
154348060;1.013088;0.017568;-0.003904;-63;28;-105;1
154383060;1.0150399;0.016592;0.002928;-126;49;-84;1
154401904;1.013088;0.006832;0.005856;-126;28;-49;1
154425669;1.0111359;-0.003904;0.00488;-175;28;-70;1
154443661;1.013088;-0.00488;0.006832;-77;28;-91;1
154457934;1.0111359;-0.00488;0.008784;-56;14;-119;1
154469002;1.0111359;-0.000976;0.001952;-77;0;-147;1
154480143;1.014064;0.013664;-0.002928;7;-7;-147;1
154491306;1.0111359;0.016592;-0.00488;-56;21;-154;1
154507576;1.013088;0.016592;-0.002928;-77;35;-154;1
154523431;1.0150399;0.01952;0.007808;0;28;-105;1
154536034;1.013088;0.020496;0.00488;-14;7;-105;1
154554508;1.013088;0.012688;-0.00976;-119;7;-84;1
154570319;1.016016;0.007808;-0.008784;-28;28;-63;1
154584863;1.0150399;0.000976;-0.002928;-126;63;-98;1
154602389;1.013088;0.003904;0.002928;-56;70;-112;1
154618197;1.012112;0.00488;0.003904;-49;70;-126;1
154634600;1.01016;0.015616;0.005856;-105;49;-140;1
154646936;1.0150399;0.016592;0.00976;-63;42;-126;1
154671237;1.012112;0.01952;0.00976;-70;14;-105;1
154682345;1.014064;0.016592;-0.003904;-77;0;-77;1
154698797;1.016016;0.017568;-0.01464;-126;0;-63;1
154709031;1.012112;0.010736;-0.008784;-168;21;-63;1
154762189;1.013088;0.0;0.0;-91;91;-84;1
154775731;1.009184;-0.000976;0.011712;-77;98;-105;1
154791487;1.014064;0.00488;0.01464;7;91;-112;1
154802665;1.012112;0.010736;0.017568;-84;56;-119;1
154815420;1.01016;0.017568;0.00976;-70;0;-112;1
154831199;1.013088;0.017568;0.001952;-35;-28;-91;1
154843973;1.012112;0.020496;-0.00488;-91;-14;-91;1
154855202;1.014064;0.012688;-0.010736;-105;21;-49;1
154866854;1.014064;0.003904;-0.002928;-91;56;-35;1
154878022;1.009184;0.000976;-0.003904;-168;56;-49;1
154913983;1.012112;0.0
154925569;1.008208;0.000976;0.012688;-91;84;-112;1
154937977;1.0111359;0.00488;0.016592;-70;63;-133;1
154948970;1.009184;0.008784;0.01464;-7;28;-126;1
154960208;1.013088;0.008784;0.011712;-56;7;-147;1
154971674;1.009184;0.016592;0.006832;-42;14;-147;1
154982092;1.012112;0.018544;0.003904;-49;0;-133;1
154998496;1.0111359;0.018544;0.0;-63;0;-98;1
155009901;1.014064;0.013664;-0.008784;-84;0;-84;1
155022535;1.013088;0.010736;-0.012688;-126;7;-91;1
155061978;1.0111359;0.011712;0.00488;-126;91;-98;1
155076318;1.012112;0.007808;0.007808;-126;70;-91;1
155086981;1.0150399;0.@20000101_000005_192721_accel_adxl375.csv@155092020;1.7639999;0.147;0.196;1
155103309;1.01016;0.006832;0.000976;-77;21;-105;1
155115688;1.013088;0.010736;-0.002928;-70;14;-112;1
155127208;1.012112;0.007808;-0.001952;-42;49;-112;1
155138084;1.009184;0.011712;0.000976;-42;56;-119;1
155153952;1.012112;0.015616;0.003904;-14;35;-112;1
155183631;1.014064;0.012688;-0.011712;-119;49;-77;1
155201318;1.014064;0.010736;0.0;-119;98;-84;1
155214661;1.014064;0.012688;0.007808;-119;112;-91;1
155241754;1.0111359;0.00976;0.006832;-168;42;-63;1
155252385;1.006256;0.001952;0.006832;-112;49;-63;1
155264310;1.012112;-0.000976;0.008784;-119;49;-70;1
155274938;1.009184;0.001952;0.015616;-112;49;-105;1
155294188;1.01016;0.007808;0.00976;-112;-14;-119;1
155305184;1.0150399;0.008784;0.00488;-70;-42;-105;1
155317297;1.014064;0.005856;-0.006832;-84;-35;-98;1
155328179;1.014064;0.002928;-0.011712;-98;0;-98;1
155339166;1.012112;0.00488;-0.012688;-42;35;-105;1
155350819;1.014064;0.011712;-0.008784;-49;70;-112;1
155365294;1.013088;0.01952;0.005856;-91;63;-119;1
155376019;1.012112;0.016592;0.008784;-77;49;-91;1
155392332;1.009184;0.007808;0.00976;-126;56;-91;1
155410945;1.0111359;0.00488;0.012688;-98;56;-84;1
155433674;1.016016;0.003904;0.001952;-77;-21;-119;1
155445919;1.016992;0.006832;-0.003904;-56;-35;-133;1
155457034;1.012112;0.003904;-0.005856;-42;-14;-133;1
155468230;1.0111359;0.010736;-0.00488;-14;7;-126;1
155479053;1.014064;0.008784;-0.00488;-42;21;-119;1
155497268;1.012112;0.010736;0.0;-42;28;-126;1
155513032;1.0111359;0.013664;-0.000976;-77;28;-133;1
155533075;1.014064;0.01952;0.003904;-21;28;-119;1
155545892;1.013088;0.013664;0.001952;-126;28;-84;1
155557186;1.012112;0.012688;0.000976;-84;14;-63;1
155568888;1.016016;0.002928;-0.00488;-105;14;-63;1
155580008;1.0150399;0.00488;-0.002928;-77;21;-91;1
155615912;1.0150399;0.005856;0.001952;-84;49;-98;1
155629641;1.014064;0.005856;-0.001952;-84;56;-105;1
155643614;1.012112;0.00488;-0.002928;-49;56;-112;1
155654638;1.009184;0.0@20000101_000005_192721_imu_bno055.csv@155660275;342.75;7593;-17138;0.96261216;0.021414042;-0.247791052
155668423;1.01016;0.01952;0.003904;-70;63;-112;1
155679822;1.0150399;0.021472;0.000976;-63;63;-84;1
155693933;1.013088;0.016592;0.0;-147;56;-84;1
155722182;1.0150399;0.008784;0.001952;-84;49;-56;1
155733130;1.0111359;0.006832;0.000976;-147;42;-70;1
155746988;1.012112;0.006832;-0.005856;-140;49;-70;1
155757988;1.016016;0.000976;0.000976;-84;70;-70;1
155769000;1.013088;0.00488;-0.000976;-112;77;-91;1
155780354;1.0150399;0.00488;0.000976;-112;77;-112;1
155795237;1.012112;0.005856;0.000976;-77;70;-105;1
155813026;1.013088;0.007808;0.005856;-70;63;-119;1
155833032;1.0111359;0.01464;0.00976;-77;56;-112;1
155847438;1.008208;0.01464;0.010736;-42;49;-98;1
155858136;1.012112;0.00976;0.012688;-84;35;-91;1
155869331;1.012112;0.006832;0.007808;-112;0;-98;1
155879940;1.013088;0.003904;0.001952;-84;-14;-105;1
155896414;1.013088;0.007808;0.0;-77;-7;-112;1
155913023;1.012112;0.012688;-0.007808;-91;14;-98;1
155924163;1.0111359;0.00488;-0.003904;-35;28;-77;1
155943000;1.012112;0.000976;-0.000976;-126;42;-119;1
155959302;1.013088;0.006832;0.000976;-70;42;-133;1
155970047;1.01016;0.00976;0.0;-28;49;-140;1
155981147;1.008208;0.01952;0.003904;-91;42;-119;1
156007941;1.01016;0.010736;0.007808;-98;28;-84;1
156022525;1.016016;0.041
156042483;1.014064;0.01464;-0.007808;-91;7;-77;1
156056356;1.014064;0.007808;-0.007808;-133;14;-70;1
156069368;1.01016;0.003904;-0.00488;-133;35;-77;1
156080341;1.012112;-0.001952;-0.002928;-98;56;-77;1
156094374;1.0150399;0.005856;0.001952;-84;42;-112;1
156105169;1.0111359;0.008784;-0.002928;-56;42;-112;1
156119176;1.016016;0.012-9;1
156135054;1.009184;0.017568;0.0;-49;77;-112;1
156146599;1.013088;0.018544;0.000976;-56;70;-98;1
156160124;1.0150399;0.018544;0.003904;-105;70;-91;1
156173230;1.012112;0.015616;-0.001952;-112;63;-70;1
156184513;1.012112;0.00976;-0.001952;-126;56;-63;1
156198385;1.01016;0.007808;0.0;-126;70;-70;1
156209578;1.0111359;0.005856;0.002928;-119;77;-70;1
156231525;1.01016;-0.00488;0.008784;-112;77;-77;1
156247705;1.0150399;-0.000976;0.005856;-119;35;-133;1
156260499;1.013088;0.005856;0.002928;-28;35;-147;1
156273400;1.014064;0.011712;-0.001952;-35;42;-147;1
156291358;1.01016;0.020496;0.002928;-63;63;-126;1
156302127;1.01016;0.013664;0.00488;-98;70;-112;1
156316986;1.012112;0.015616;0.007808;-91;35;-112;1
156328872;1.0150399;0.016592;0.00488;-91;35;-105;1
156346505;1.009184;0.00976;0.003904;-98;42;-77;1
156358801;1.007232;0.00488;0.001952;-154;42;-84;1
156373281;1.013088;0.000976;0.00488;-112;35;-98;1
156384098;1.0111359;0.002928;0.001952;-70;28;-105;1
156399392;1.012112;0.005856;0.001952;-84;35;-133;1
156427847;1.008208;0.007808;0.00488;-77;21;-133;1
156442132;1.014064;0.011712;0.00488;-49;14;-147;1
156456710;1.0111359;0.018544;0.003904;-35;7;-133;1
156468393;1.014064;0.018544;-0.002928;-49;14;-105;1
156482801;1.013088;0.017568;-0.002928;-126;14;-98;1
156493121;1.012112;0.01464;-0.000976;-98;21;-91;1
156504308;1.013088;0.017568;0.0;0;28;-70;1
156515046;1.014064;0.012688;0.000976;-77;21;-70;1
156526136;1.0150399;0.010736;-0.001952;-140;21;-84;1
156538050;1.013088;0.00976;-0.003904;-112;35;-70;1
156563114;1.0111359;0.00488;-0.006832;-119;56;-105;1
156574059;1.0111359;0.007808;-0.001952;-98;77;-98;1
156586550;1.0150399;0.010736;0.00976;-91;77;-98;1
156600827;1.0111359;0.015616;0.010736;-133;35;-98;1
156614451;1.012112;0.013664;0.005856;-105;14;-98;1
156628643;1.0111359;0.01464;0.002928;-56;14;-77;1
156641030;1.012112;0.01464;0.0;-154;28;-77;1
156651902;1.014064;0.010736;0.002928;-140;28;-63;1
156666504;1.013088;0.006832;-0.000976;-105;21;-49;1
156678721;1.009184;0.002928;-0.008784;-105;7;-63;1
156689562;1.014064;0.00488;-0.008784;-119;14;-70;1
156713015;1.0111359;-0.000976;0.003904;-91;98;-91;1
156724011;1.009184;0.001952;0.008784;-77;91;-105;1
156743025;1.0111359;0.0ccel_adxl375.csv@156744156;1.7639999;0.147;0.147;1
156758260;1.0111359;0.012688;0.008784;-21;35;-119;1
156770462;1.0111359;0.015616;0.011712;-63;42;-112;1
156785784;1.009184;0.00
156803047;1.014064;0.011712;-0.003904;-35;7;-91;1
156817666;1.0179679;0.011712;-0.002928;-56;7;-91;1
156832988;1.013088;0.006832;-0.003904;-91;49;-98;1
156845745;1.0150399;0.003904;0.000976;-63;35;-84;1
156908853;1.012112;0.013664;0.005856;-70;35;-147;1
156958018;1.0111359;0.018544;0.0;-91;28;-112;1
156968982;1.014064;0.023424;-0.002928;-56;21;-84;1
156980103;1.013088;0.021472;-0.006832;-70;21;-63;1
156991148;1.013088;0.01952;-0.006832;-105;49;-56;1
157004567;1.0111359;0.015616;-0.002928;-133;70;-49;1
157016674;1.01016;0.002928;0.006832;-154;70;-56;1
157027107;1.012112;0.0;0.007808;-112;49;-63;1
157043020;1.012112;0.0;0.00488;-119;42;-77;1
157056895;1.0150399;0.003904;0.001952;-77;49;-112;1
157067975;1.016016;0.007808;0.001952;-84;49;-119;1
157079196;1.013088;0.012688;0.000976;-91;42;-126;1
157090259;1.01016;0.013664;0.000976;-91;35;-126;1
157113061;1.012112;0.01464;-0.000976;-84;42;-105;1
157127226;1.013088;0.023424;0.006832;-126;63;-91;1
157139096;1.0111359;0.017568;0.010736;-126;63;-77;1
157152591;1.009184;0.015616;0.00976;-112;42;-56;1
157175713;1.014064;0.005856;0.000976;-175;7;-49;1
157186190;1.013088;0.001952;0.0;-112;28;-49;1
157198143;1.013088;-0.001952;0.001952;-119;49;-70;1
157209158;1.012112;0.0;0.003904;-98;56;-91;1
157224684;1.0150399;-0.001952;0.005856;-63;21;-112;1
157235250;1.012112;-0.007808;0.005856;-42;7;-126;1
157247035;1.0111359;0.001952;0.000976;7;21;-140;1
157260209;1.0111359;0.008784;-0.001952;-21;42;-161;1
157271419;1.01016;0.017568;0.001952;-14;49;-154;1
157282253;1.013088;0.01464;0.001952;-21;42;-140;1
157335398;1.012112;0.012688;-0.001952;-133;35;-91;1
157346989;1.012112;0.011712;-0.002928;-105;28;-70;1
157363749;1.016016;0.0;-0.000976;-112;42;-91;1
157374446;1.01016;-0.003904;0.003904;-105;42;-112;1
157386895;1.01016;0.00510.csv@157388757;865;382;4252
157397892;1.012112;0.002928;0.006832;-63;28;-140;1
157410397;1.0150399;0.002928;0.001952;-42;14;-147;1
157421078;1.01016;0.01@20000101_000005_192721_baro_bmp280.csv@157432264;-31.744278;37.85;101706.85;4.092884
157441332;1.013088;0.020496;0.000976;7;35;-133;1
157468094;1.0150399;0.023424;-0.000976;-70;42;-98;1
157479880;1.016992;0.022448;-0.001952;-112;28;-84;1
157494472;1.012112;0.017568;-0.002928;-126;70;-49;1
157512304;1.01016;0.006832;0.001952;-189;77;-42;1
157522877;1.0111359;-0.001952;0.003904;-175;70;-56;1
157544756;1.009184;-0.001952;0.005856;-112;49;-84;1
157555876;1.012112;0.0;0.00488;-91;56;-98;1
157568543;1.013088;0.00488;0.005856;-84;49;-112;1
157578992;1.0111359;0.007808;0.006832;-77;49;-112;1
157594893;1.0111359;0.013664;0.001952;-49;35;-119;1
157614745;1.013088;0.017568;0.001952;-56;28;-112;1
157626032;1.013088;0.021472;-0.000976;-91;35;-105;1
157637130;1.0111359;0.01952;0.0;-112;42;-84;1
157658072;1.009184;0.00976;-0.001952;-126;35;-56;1
157669215;1.013088;0.00488;-0.000976;-112;42;-49;1
157680662;1.012112;0.002928;0.002928;-126;49;-63;1
157692348;1.013088;0.001952;0.003904;-133;56;-77;1
157703121;1.012112;0.000976;0.00488;-147;56;-84;1
157725692;1.01016;-0.000976;0.005856;-35;28;-119;1
157738138;1.012112;0.001952;0.006832;-35;21;-140;1
157778475;1.012112;0.015616;0.0;-35;0;-140;1
157796101;1.012112;0.022448;-0.000976;-49;21;-112;1
157809702;1.016016;0.022448;-0.00488;-35;35;-91;1
157820123;1.013088;0.013664;-0.000976;-77;42;-77;1
157835060;1.008208;0.007808;-0.001952;-133;42;-77;1
157855143;1.013088;0.003904;0.000976;-140;42;-84;1
157868261;1.012112;0.002928;0.003904;-84;42;-105;1
157879584;1.012112;0.001952;0.000976;-70;35;-119;1
157896358;1.012112;0.00488;0.000976;-63;28;-119;1
157913885;1.013088;0.00976;-0.002928;-35;21;-126;1
157931632;1.0111359;0.013664;-0.000976;-63;42;-133;1
157941974;1.014064;0.020496;0.002928;-21;49;-119;1
157963322;1.013088;0.017568;0.001952;-98;49;-84;1
157983741;1.0150399;0.012688;0.003904;-98;42;-70;1
158001950;1.013088;0.006832;0.002928;-98;35;-70;1
158015882;1.016016;0.007808;0.001952;-133;35;-77;1
158044242;1.0111359;0.00488;-0.002928;-56;49;-77;1
158055619;1.012112;0.003904;-0.001952;-84;49;-98;1
158066949;1.009184;0.00488;-0.001952;-105;56;-112;1
158077998;1.013088;0.010736;0.000976;-63;56;-105;1
158089061;1.0111359;0.012688;0.003904;-42;56;-98;1
158102475;1.0111359;0.008784;0.008784;-112;49;-105;1
158115883;1.0111359;0.012688;0.005856;-112;42;-105;1
158129733;1.012112;0.012688;0.001952;-56;35;-84;1
158140242;1.0150399;0.011712;0.003904;-63;28;-84;1
158163052;1.01016;0.008784;0.0;-98;28;-84;1
158174013;1.009184;0.000976;0.0;-77;35;-84;1
158212664;1.013088;0.006832;0.000976;-84;42;-119;1
158236383;1.013088;0.013664;0.000976;-70;49;-126;1
158255333;1.01016;0.015616;0.00488;-77;49;-105;1
158265991;1.0111359;0.017568;0.005856;-77;42;-98;1
158277219;1.013088;0.015616;0.007808;-91;35;-91;1
158288148;1.01016;0.00976;0.002928;-119;21;-84;1
158299196;1.0111359;0.010736;0.000976;-112;21;-91;1
158323029;1.0111359;0.006832;0.001952;-84;28;-91;1
158337651;1.013088;0.007808;-0.000976;-91;35;-98;1
158348004;1.013088;0.008784;0.0;-77;28;-105;1
158359927;1.013088;0.010736;0.000976;-77;28;-105;1
158372700;1.0111359;0.012688;-0.002928;-84;42;-112;1
158387398;1.0111359;0.;@20000101_000005_192721_accel_adxl375.csv@158395120;1.813;0.098;0.147;1
158398031;1.013088;0.017568;-0.000976;-91;56;-91;1
158411130;1.013088;0.01464;0.000976;-84;56;-77;1
158426153;1.012112;0.012688;0.003904;-112;49;-70;1
158441409;1.0150399;0.012688;0.001952;-133;49;-77;1
158465544;1.01016;0.006832;0.005856;-126;35;-70;1
158481789;1.0111359;0.00488;0.000976;-112;35;-77;1
158494853;1.013088;0.005856;0.000976;-98;35;-77;1
158506117;1.012112;0.002928;-0.001952;-77;42;-84;1
158517204;1.0150399;0.001952;0.000976;-77;42;-98;1
158528215;1.014064;0.008784;0.0;-77;42;-105;1
158540821;1.013088;0.00976;-0.001952;-84;49;-105;1
158555887;1.016016;0.010736;0.003904;-77;56;-105;1
158567123;1.012112;0.010736;0.006832;-84;56;-98;1
158578329;1.012112;0.010736;0.003904;-91;56;-105;1
158603079;1.012112;0.012688;0.001952;-105;28;-91;1
158618285;1.013088;0.072.189785
158649488;1.012112;0.002928;0.00488;-140;42;-84;1
158675510;1.013088;-0.002928;0.002928;-91;35;-105;1
158689323;1.0111359;0.002928;0.003904;-77;42;-133;1
158713015;1.013088;0.012688;0.0;-42;42;-140;1
158724146;1.0150399;0.01464;0.000976;-49;28;-133;1
158757411;1.0111359;0.01952;0.000976;-126;42;-105;1
158771156;1.008208;0.01464;0.002928;-112;42;-70;1
158788905;1.013088;0.008784;0.00488;-112;35;-63;1
158803104;1.012112;0.006832;0.006832;-119;49;-77;1
158815648;1.0111359;0.00488;0.002928;-133;42;-77;1
158827588;1.014064;0.002928;0.001952;-105;49;-84;1
158838706;1.0111359;0.003904;-0.001952;-77;49;-98;1
158849816;1.016016;0.002928;-0.002928;-77;42;-112;1
158862687;1.013088;0.010736;0.00488;-42;56;-126;1
158873834;1.0111359;0.010736;0.005856;-56;42;-126;1
158890705;1.014064;0.016592;0.008784;-77;35;-119;1
158911694;1.013088;0.017568;0.002928;-98;28;-84;1
158922537;1.016992;0.01464;0.001952;-126;42;-77;1
158935154;1.012112;0.01464;0.002928;-161;35;-70;1
158953604;1.013088;0.006832;0.0;-126;35;-63;1
158966449;1.014064;0.00488;0.0;-105;42;-70;1
158980701;1.0111359;-0.000976;-0.001952;-105;49;-84;1
158999126;1.013088;-0.001952;-0.000976;-56;63;-112;1
159013465;1.0111359;0.00488;0.008784;-56;56;-140;1
159024044;1.0111359;0.011712;0.00488;-63;49;-147;1
159035846;1.01016;0.012688;0.006832;-42;42;-140;1
159046853;1.012112;0.018544;0.008784;-35;42;-133;1
159070486;1.013088;0.01952;0.00488;-63;21;-105;1
159083175;1.014064;0.016592;0.001952;-70;21;-91;1
159121233;1.014064;0.003904;-0.002928;-119;42;-77;1
159139568;1.013088;-0.000976;-0.001952;-105;56;-105;1
159151774;1.01016;-0.000976;0.0;-91;56;-112;1
159166088;1.0111359;0.006832;0.00488;-56;63;-126;1
159177019;1.009184;0.011712;0.005856;-49;56;-140;1
159197896;1.012112;0.018544;0.00488;-35;35;-133;1
159209148;1.0111359;0.01952;0.007808;-42;28;-126;1
159220213;1.012112;0.011_accel_adxl375.csv@159221760;1.7639999;0.196;0.196;1
159231616;1.014064;0.018544;0.001952;-98;28;-98;1
159245952;1.0111359;0.01464;0.001952;-98;28;-84;1
159257237;1.009184;0.012688;0.0;-91;14;-70;1
159268671;1.014064;0.010736;-0.00488;-112;28;-77;1
159279014;1.013088;0.006832;-0.001952;-126;35;-70;1
159298129;1.0111359;0.005856;0.000976;-91;63;-77;1
159308914;1.014064;0.001952;0.003904;-77;56;-84;1
159320370;1.012112;0.003904;0.006832;-77;49;-105;1
159331557;1.0111359;0.005856;0.00488;-63;49;-112;1
159342054;1.0111359;0.010736;0.006832;-70;42;-112;1
159353505;1.012112;0.012688;0.007808;-84;35;-112;1
159368741;1.013088;0.012688;0.005856;-91;14;-98;1
159379257;1.014064;0.016592;0.00488;-77;7;-91;1
159393316;1.014064;0.017568;-0.000976;-77;7;-84;1
159409884;1.013088;0.012688;-0.008784;-126;21;-70;1
159436448;1.01016;0.006832;-0.002928;-126;49;-56;1
159447084;1.012112;0.002928;-0.002928;-112;56;-63;1
159458802;1.012112;-0.000976;0.003904;-112;63;-70;1
159483554;1.0111359;-0.003904;0.007808;-70;56;-105;1
159499624;1.014064;0.003904;0.007808;-63;42;-119;1
159524998;1.0111359;0.010736;0.00488;-14;14;-126;1
159557064;1.013088;0.016592;-0.003904;-91;21;-112;1
159569819;1.012112;0.018544;-0.008784;-63;35;-91;1
159581910;1.012112;0.012688;-0.00488;-133;63;-77;1
159597153;1.012112;0.010736;-0.001952;-126;77;-70;1
159608173;1.012112;0.003904;0.002928;-119;77;-77;1
159643006;1.009184;-0.001952;0.011712;-56;56;-133;1
159666875;1.008208;0.003904;0.012688;-91;7;-168;1
159680339;1.01016;0.008784;0.008784;-21;0;-161;1
159691020;1.013088;0.018544;0.001952;0;-14;-147;1
159704460;1.0111359;0.028304;-0.006832;-56;14;-133;1
159715099;1.014064;0.02928;-0.010736;-77;28;-112;1
159728342;1.014064;0.02928;-0.010736;-98;56;-70;1
159740815;1.012112;0.026352;-0.006832;-133;63;-42;1
159751322;1.0150399;0.018544;-0.006832;-196;77;-35;1
159777766;1.01016;-0.006832;0.015616;-126;84;-35;1
159788945;1.0111359;-0.010736;0.016592;-91;63;-56;1
159800189;1.013088;-0.011712;0.016592;-84;42;-98;1
159824914;1.014064;0.007808;0.007808;21;-7;-168;1
159836773;1.012112;0.01464;0.002928;21;-21;-175;1
159849528;1.013088;0.018544;-0.000976;14;-21;-175;1
159860308;1.012112;0.027328;-0.00976;35;-7;-154;1
159871005;1.0111359;0.030256;-0.011712;14;21;-119;1
159886627;1.009184;0.025376;-0.010736;-77;77;-63;1
159896998;1.013088;0.0244;-0.001952;-133;84;-49;1
159908121;1.01016;0.01952;0.002928;-189;77;-35;1
159919549;1.0111359;0.201_000005_192721_accel_adxl375.csv@159920954;1.7639999;0.196;0.147;1
159931015;1.0111359;0.0;0.010736;-203;70;-21;1
159941871;1.0111359;-0.007808;0.010736;-161;63;-35;1
160000208;1.014064;0.010736;-0.002928;49;-21;-161;1
160032660;1.012112;0.033184;-0.011712;-42;42;-147;1
160053152;1.016016;0.023424;-0.002928;-49;77;-70;1
160065718;1.014064;0.01952;0.002928;-119;84;-56;1
160076028;1.013088;0.013664;0.005856;-217;84;-63;1
160090986;1.0111359;0.00488;0.00976;-210;63;-56;1
160103522;1.01016;-0.001952;0.00976;-105;49;-49;1
160117484;1.008208;-0.008784;0.00976;-63;42;-70;1
160134516;1.012112;-0.00488;0.006832;-98;21;-147;1
160148431;1.013088;0.0;0.00488;-49;7;-154;1
160159590;1.013088;0.00976;-0.002928;35;7;-161;1
160172422;1.012112;0.018544;-0.003904;-28;14;-168;1
160185811;1.012112;0.021472;-0.007808;-42;35;-154;@20000101_000005_192721_gnss_gga.csv@160188597;0.0;0.0;0;0;2550
160198046;1.01016;0.02928;-0.00976;-14;63;-133;1
160213385;1.012112;0.030256;0.00488;-84;84;-77;1
160237509;1.013088;0.017568;0.007808;-231;63;-42;1
160248479;1.0111359;0.008784;0.007808;-217;49;-35;1
160261245;1.009184;-0.003904;0.010736;-147;49;-35;1
160272114;1.0111359;-0.005856;0.010736;-154;35;-63;1
160285711;1.009184;-0.008784;0.008784;-147;21;-91;1
160296080;1.007232;-0.005856;0.007808;-119;0;-112;1
160307288;1.01016;-0.005856;0.003904;-56;-7;-133;1
160320480;1.016016;0.00047;1
160332364;1.013088;0.018544;-0.007808;-7;21;-161;1
160343145;1.012112;0.026352;-0.007808;7;42;-133;1
160397325;1.013088;0.016592;0.010736;-175;49;-42;1
160408463;1.006256;0.011712;0.010736;-147;42;-28;1
160419548;1.012112;0.0@20000101_000005_192721_imu_lsm6dso32.csv@160433458;1.012112;-0.010736;0.006832;-126;14;-77;1
160446838;1.0111359;-0.00976;0.001952;-91;14;-98;1
160458799;1.014064;-0.007808;0.000976;-56;7;-126;1
160471111;1.013088;0.000976;-0.003904;-28;7;-147;1
160482580;1.012112;0.006832;-0.005856;-7;21;-161;1
160497746;1.013088;0.018544;-0.00488;-7;49;-154;1
160509018;1.013088;0.023424;-0.002928;-7;70;-140;1
160520227;1.014064;0.0@20000101_000005_192721_imu_lsm6dso32.csv@160531021;1.012112;0.0244;0.00488;-84;77;-112;1
160553096;1.01016;0.01952;0.012688;-133;56;-77;1
160567664;1.013088;0.005856;0.013664;-154;35;-56;1
160578196;1.01016;0.003904;0.005856;-154;21;-63;1
160600951;1.0111359;-0.002928;-0.000976;-112;7;-84;1
160616546;1.012112;-0.000976;-0.007808;-77;35;-119;1
160633003;1.0111359;0.00488;-0.006832;-63;56;-140;1
160645497;1.01016;0.007808;-0.002928;-42;63;-147;1
160657075;1.0111359;0.01464;0.002928;-28;77;-133;1
160675002;1.012112;0.016592;0.007808;-49;77;-126;1
160686502;1.013088;0.021472;0.012688;-98;56;-112;1
160698582;1.01016;0.021472;0.013664;-119;42;-98;1
160712402;1.01016;0.018544;0.010736;-140;21;-77;1
160723124;1.013088;0.013664;0.00976;-147;7;-63;1
160745141;1.012112;0.007808;-0.000976;-126;-7;-63;1
160763150;1.012112;0.000976;-0.005856;-91;21;-84;1
160777791;1.0111359;0.000976;-0.003904;-91;42;-105;1
160790188;1.0150399;0.006832;0.000976;-49;49;-119;1
160821813;1.012112;0.016592;0.00488;-14;63;-126;1
160839321;1.01016;0.018544;0.008784;-77;42;-105;1
160850177;1.0111359;0.@20000101_000005_192721_accel_adxl375.csv@160856632;1.7149999;0.147;0.196;1
160861217;1.0111359;0.01952;0.010736;-84;21;-77;1
160873216;1.0111359;0.013664;0.007808;-105;7;-70;1
160898955;1.013088;0.006832;0.000976;-119;0;-63;1
160910074;1.014064;0.000976;-0.003904;-112;14;-70;1
160921018;1.014064;-0.003904;-98;28;-91;1
160932197;1.012112;0.001952;-0.003904;-77;35;-105;1
160944057;1.013088;0.001952;-0.001952;-56;49;-119;1
160959117;1.013088;0.005856;0.0;-42;56;-119;1
160972492;1.014064;0.015616;0.00488;-56;56;-126;1
160983488;1.013088;0.012688;0.002928;-70;56;-126;1
160994587;1.01016;0.0142.25;7581;-17225;0.959553;0.031611204;-0.23963332
161008056;1.009184;0.020496;0.007808;-77;42;-105;1
161025766;1.01016;0.017568;0.007808;-112;28;-84;1
161036342;1.013088;0.011712;0.005856;-126;14;-70;1
161055271;1.013088;0.003904;-0.001952;-119;21;-70;1
161069605;1.012112;0.001952;-0.00488;-105;28;-84;1
161080924;1.014064;0.001952;-0.00488;-91;35;-98;1
161092147;1.014064;0.003904;-0.001952;-77;56;-119;1
161104476;1.01016;0.007808;-0.000976;-70;63;-126;1
161116721;1.012112;0.010736;0.001952;-49;70;-126;1
161134421;1.012112;0.018544;0.006832;-63;63;-119;1
161148106;1.01016;0.016592;0.008784;-77;56;-112;1
161159698;1.013088;0.01464;0.010736;-98;42;-98;1
161171319;1.014064;0.015616;0.011712;-119;28;-84;1
161182624;1.0150399;0.01464;0.006832;-119;21;-84;1
161197905;1.012112;0.00976;0.001952;-126;14;-70;1
161209610;1.013088;0.003904;0.000976;-119;14;-70;1
161250975;1.013088;0.006832;-0.00488;-70;49;-112;1
161271047;1.012112;0.01464;0.002928;-63;63;-119;1
161284912;1.0150399;0.013664;0.007808;-70;63;-112;1
161296776;1.012112;0.012688;0.00976;-63;42;-105;1
161309696;1.009184;0.015616;0.011712;-77;35;-105;1
161320052;1.014064;0.00@20000101_000005_192721_imu_bno055.csv@161330418;342.1875;7581;-17238;0.96261216;0.030591488;-0.23453474
161332260;1.014064;0.011712;0.010736;-84;7;-91;1
161343242;1.012112;0.01464;0.003904;-77;-7;-84;1
161354814;1.013088;0.0@20000101_000005_192721_accel_adxl375.csv@161356981;1.7639999;0.147;0.147;1
161366285;1.0150399;0.007808;-0.005856;-91;7;-84;1
161382248;1.018944;0.006832;-0.0087_192721_airspeed_sdp810.csv@161385327;533;300;4252
161395188;1.014064;0.008784;-0.008784;-63;35;-91;1
161407424;1.013088;0.006832;0.0;-70;56;-105;1
161423012;1.014064;0.005856;0.002928;-63;63;-112;1
161436128;1.013088;0.008784;0.005856;-49;63;-112;1
161447270;1.0111359;0.010736;0.00976;-63;42;-126;1
161459901;1.008208;0.015616;0.010736;-70;21;-119;1
161471164;1.016016;0.017568;0.005856;-84;0;-105;1
161485193;1.014064;0.015616;0.000976;-70;0;-98;1
161496035;1.016992;0.016592;0.000976;-91;7;-91;1
161507208;1.01016;0.015616;-0.003904;-98;14;-77;1
161522982;1.013088;0.006832;-0.003904;-91;28;-77;1
161536366;1.014064;0.001952;-0.00488;-91;35;-84;1
161554602;1.0111359;0.001952;-0.002928;-84;70;-98;1
161567104;1.013088;0.005856;-0.000976;-84;77;-112;1
161578296;1.01016;0.007808;0.003904;-77;77;-112;1
161605250;1.0111359;0.011712;0.00488;-91;42;-112;1
161616745;1.013088;0.015616;0.006832;-84;28;-112;1
161634536;1.014064;0.016592;0.003904;-119;21;-105;1
161648752;1.012112;0.013664;-0.000976;-112;21;-98;1
161660182;1.0111359;0.011712;-0.000976;-119;35;-84;1
161701579;1.0150399;0.000976;0.003904;-105;56;-105;1
161723248;1.012112;0.005856;0.006832;-63;56;-119;1
161738138;1.012112;0.00976;0.008784;-63;49;-119;1
161755090;1.014064;0.015616;0.007808;-49;21;-119;1
161768169;1.013088;0.018544;0.003904;-56;14;-119;1
161780268;1.01016;0.017568;0.001952;-63;14;-112;1
161793196;1.013088;0.016592;0.000976;-126;28;-91;1
161811596;1.0150399;0.01464;-0.002928;-112;42;-84;1
161841458;1.013088;0.008784;-0.001952;-112;49;-84;1
161852165;1.012112;0.00976;0.000976;-91;56;-84;1
161864308;1.012112;0.007808;0.007808;-91;56;-91;1
161875171;1.012112;0.003904;0.007808;-70;49;-105;1
161887734;1.0150399;0.8@20000101_000005_192721_airspeed_sdp810.csv@161889751;507;293;4255
161898092;1.0111359;0.005856;0.003904;-63;7;-112;1
161911077;1.012112;0.010736;0.001952;-42;7;-112;1
161936851;1.0111359;0.015616;0.001952;-42;28;-98;1
161949134;1.0111359;0.01464;0.0;-63;28;-91;1
161960306;1.0111359;0.013664;-0.003904;-84;28;-91;1
161971220;1.0111359;0.012688;-0.003904;-84;35;-77;1
161981972;1.0150399;0.012688;-0.002928;-98;49;-77;1
161993208;1.0150399;0.008784;-0.002928;-98;56;-77;1
162015410;1.013088;0.006832;0.005856;-105;56;-91;1
162027830;1.0111359;0.003904;0.006832;-91;49;-98;1
162042822;1.012112;0.002928;0.00488;-91;35;-105;1
162053138;1.012112;0.001952;0.005856;-98;35;-112;1
162065849;1.013088;0.012688;0.001952;-77;28;-126;1
162078267;1.012112;0.01464;-0.000976;-84;35;-126;1
162095715;1.012112;0.017568;-0.000976;-70;42;-112;1
162113008;1.0150399;0.01464;-0.002928;-98;42;-105;1
162145688;1.012112;0.007808;0.001952;-112;63;-84;1
162162614;1.012112;0.00976;0.007808;-133;70;-84;1
162182371;1.009184;0.005856;0.008784;-126;49;-91;1
162192998;1.014064;0.006832;0.008784;-105;35;-98;1
162205067;1.01016;0.00488;0.008784;-84;28;-112;1
162216140;1.014064;0.006832;0.005856;-98;28;-119;1
162227505;1.014064;0.007808;0.001952;-91;21;-119;1
162238046;1.01016;0.005856;0.000976;-91;21;-119;1
162253450;1.0111359;0.015616;-0.001952;-56;35;-119;1
162265533;1.013088;0.015616;-0.003904;-70;42;-112;1
162276412;1.0111359;0.013664;0.0;-77;56;-112;1
162286968;1.0150399;0.6@20000101_000005_192721_accel_adxl375.csv@162290969;1.7639999;0.147;0.196;1
162298039;1.0111359;0.012688;0.002928;-98;63;-98;1
162308974;1.012112;0.010736;0.00488;-105;63;-91;1
162342983;1.0111359;0.005856;0.007808;-98;28;-77;1
162357515;1.012112;0.000976;0.003904;-98;14;-84;1
162368034;1.009184;0.003904;0.001952;-84;14;-98;1
162380952;1.0111359;0.006832;-0.000976;-49;7;-112;1
162392232;1.012112;0.00976;-0.001952;-49;14;-119;1
162405770;1.0111359;0.012688;-0.002928;-49;28;-112;1
162417020;1.01016;0.015616;-0.00488;-56;35;-112;1
162433051;1.013088;0.015616;0.0;-77;56;-98;1
162455645;1.014064;0.016592;0.008784;-91;56;-84;1
162468434;1.0111359;0.01464;0.008784;-98;49;-84;1
162483822;1.0111359;0.007808;0.006832;-126;42;-77;1
162503092;1.0150399;0.003904;0.001952;-98;28;-84;1
162516901;1.0150399;0.001952;0.0;-77;21;-91;1
162535098;1.009184;0.005856;-0.002928;-84;35;-112;1
162546152;1.009184;0.008784;-0.000976;-77;35;-112;1
162586330;1.013088;0.01464;0.001952;-63;63;-105;1
162603851;1.013088;0.011712;0.005856;-105;56;-98;1
162619176;1.012112;0.0101_000005_192721_accel_adxl375.csv@162620463;1.7149999;0.147;0.196;1
162633052;1.0111359;0.011712;0.005856;-133;49;-91;1
162646501;1.012112;0.00976;0.00488;-119;35;-77;1
162658868;1.0150399;0.007808;0.001952;-133;35;-91;1
162670117;1.012112;0.00488;0.003904;-133;28;-91;1
162681016;1.0111359;0.005856;-0.000976;-126;28;-98;1
162693851;1.013088;0.00488;-0.000976;-112;35;-112;1
162709234;1.0150399;0.008784;0.0;-84;56;-119;1
162720341;1.012112;0.013664;0.001952;-91;56;-119;1
162732893;1.012112;0.01464;0.003904;-98;63;-112;1
162744520;1.014064;0.01464;0.00488;-98;63;-105;1
162769495;1.013088;0.01464;0.008784;-112;49;-98;1
162780060;1.013088;0.015616;0.006832;-105;35;-84;1
162792766;1.014064;0.012688;0.007808;-105;35;-77;1
162814700;1.012112;0.00976;0.002928;-126;21;-77;1
162827164;1.016992;0.002928;0.0;-84;21;-84;1
162837873;1.009184;0.00488;-0.000976;-70;21;-91;1
162849090;1.013088;0.003904;-0.000976;-56;28;-105;1
162860633;1.016016;0.001952;0.001952;-70;35;-112;1
162871501;1.012112;0.00976;0.0;-63;42;-112;1
162882590;1.014064;0.011712;0.005856;-49;42;-112;1
162896632;1.01016;0.011712;0.003904;-28;42;-112;1
162912996;1.0111359;0.905_192721_imu_bno055.csv@162916326;342.1875;7581;-17238;0.96261216;0.029571772;-0.23963332
162926496;1.01016;0.011712;0.00488;-56;28;-105;1
162945170;1.012112;0.01464;0.005856;-91;14;-91;1
162968447;1.012112;0.008784;-0.001952;-70;14;-84;1
162979136;1.012112;0.005856;-0.002928;-70;14;-84;1
163017323;1.014064;0.007808;-0.002928;-98;49;-98;1
163033746;1.014064;0.007808;-0.000976;-56;63;-105;1
163047979;1.013088;0.008784;0.005856;-63;63;-112;1
163058977;1.0150399;0.00976;0.010736;-77;49;-112;1
163070100;1.0111359;0.012688;0.008784;-91;35;-112;1
163081085;1.0150399;0.011712;0.007808;-98;28;-112;1
163096595;1.0111359;0.013664;0.005856;-84;21;-105;1
163112995;1.0150399;0.011712;0.0;-91;14;-91;1
163124175;1.014064;0.00976;-0.003904;-98;21;-84;1
163138283;1.016016;0.010736;-0.007808;-105;28;-84;1
163149164;1.012112;0.012688;-0.00976;-126;42;-91;1
163160186;1.01016;0.007808;-0.006832;-119;56;-91;1
163171455;1.013088;0.005856;0.0;-126;84;-91;1
163181942;1.013088;0.00976;0.005856;-126;84;-91;1
163197097;1.008208;0.006832;0.008784;-126;84;-91;1
163208281;1.01016;0.006832;0.011712;-119;70;-98;1
163221578;1.009184;0.00488;0.01464;-98;56;-105;1
163231984;1.01016;0.00488;0.012688;-77;42;-112;1
163248259;1.013088;0.012688;0.006832;-84;14;-105;1
163260644;1.013088;0.012688;0.002928;-84;7;-105;1
163271369;1.016016;0.012688;0.0;-84;7;-105;1
163282045;1.014064;0.01464;-0.00488;-91;14;-98;1
163296876;1.0111359;0.010736;-0.005856;-105;35;-84;1
163313412;1.012112;0.011712;0.0;-112;56;-77;1
163335526;1.014064;0.007808;0.005856;-119;63;-84;1
163348441;1.0111359;0.006832;0.00976;-105;63;-84;1
163359777;1.0150399;0.00488;0.013664;-77;49;-84;1
163372824;1.013088;0.002928;0.011712;-77;35;-91;1
163385245;1.0111359;0.005856;0.008784;-91;14;-105;1
163425550;1.01016;0.013664;-0.002928;-56;0;-112;1
163437327;1.0150399;0.015616;-0.005856;-49;14;-105;1
163451274;1.013088;0.012688;-0.00488;-42;21;-98;1
163464012;1.0111359;0.012688;-0.005856;-63;35;-98;1
163474989;1.012112;0.012688;-0.005856;-70;49;-91;1
163490716;1.012112;0.012688;0.001952;-63;56;-91;1
163508662;1.013088;0.012688;0.002928;-77;56;-77;1
163520903;1.0111359;0.@000005_192721_accel_adxl375.csv@163523268;1.7639999;0.147;0.196;1
163535107;1.0111359;0.007808;0.00488;-126;56;-77;1
163548024;1.0111359;0.006832;0.010736;-98;28;-84;1
163563882;1.013088;0.006832;0.010736;-112;14;-84;1
163575221;1.0111359;0.00488;0.010736;-126;0;-98;1
163588030;1.013088;0.002928;0.002928;-70;-14;-112;1
163599711;1.0150399;0.001952;-0.001952;-56;-7;-126;1
163610783;1.012112;0.011712;-0.011712;-49;0;-140;1
163632995;1.013088;0.021472;-0.01464;-28;49;-119;1
163648830;1.013088;0.022448;-0.005856;-77;91;-84;1
163670329;1.0111359;0.017568;0.006832;-161;105;-56;1
163681259;1.008208;0.012688;0.018544;-161;98;-49;1
163692683;1.0111359;0.001952;0.01952;-147;84;-49;1
163703989;1.012112;-0.001952;0.021472;-147;49;-56;1
163720764;1.01016;-0.005@20000101_000005_192721_accel_adxl375.csv@163729936;1.7149999;0.098;0.196;1
163731547;1.01016;-0.003904;0.007808;-70;-21;-112;1
163754627;1.0150399;0.005856;-0.00976;-70;-28;-161;1
163769769;1.014064;0.01952;-0.015616;7;14;-154;1
163780566;1.0150399;0.022448;-0.013664;7;49;-133;1
163791651;1.0111359;0.022448;-0.010736;-35;77;-119;1
163824953;1.0111359;0.022448;0.011712;-161;98;-70;1
163841676;1.013088;0.005856;0.01952;-126;63;-35;1
163863790;1.0111359;-0.00488;0.017568;-126;7;-70;1
163875218;1.014064;-0.00488;0.011712;-91;-7;-77;1
163888175;1.014064;-0.005856;0.005856;-56;-14;-105;1
163899185;1.0150399;-0.003904;0.0;-28;-28;-119;1
163934634;1.014064;0.022448;-0.007808;49;49;-161;1
163946498;1.014064;0.0244;-0.002928;0;77;-154;1
163971358;1.013088;0.030256;0.005856;-35;91;-105;1
163982866;1.013088;0.020496;0.015616;-126;49;-63;1
163998610;1.008208;0.018544;0.013664;-161;35;-49;1
164009343;1.012112;0.011712;0.00976;-161;21;-28;1
164020289;1.0111359;0.003904;0.005856;-147;14;-21;1
164031013;1.014064;-0.003904;0.001952;-147;7;-28;1
164042273;1.013088;-0.010736;0.001952;-182;-7;-63;1
164053487;1.01016;-0.012688;-0.000976;-154;-14;-91;1
164066999;1.0150399;-0.007808;-0.010736;-49;21;-140;1
164080641;1.0111359;0.001952;-0.006832;-35;42;-161;1
164094666;1.01016;0.01464;-0.000976;14;70;-175;1
164112425;1.01016;0.023424;0.00488;35;77;-168;1
164123154;1.014064;0.027328;0.006832;0;70;-154;1
164137945;1.013088;0.031232;0.008784;-105;56;-91;1
164163081;1.008208;0.020496;0.00976;-161;28;-35;1
164174057;1.012112;0.011712;0.006832;-175;21;-21;1
164185959;1.0111359;-0.008784;0.0;-182;14;-28;1
164202449;1.013088;-0.011712;-0.003904;-154;21;-49;1
164214032;1.013088;-0.01464;-0.00488;-119;28;-77;1
164225530;1.013088;-0.013664;-0.006832;-98;35;-112;1
164240894;1.013088;0.001952;-0.003904;-7;56;-154;1
164272750;1.014064;0.025376;0.00488;-21;63;-161;1
164293473;1.012112;0.02928;0.012688;-63;49;-119;1
164306538;1.012112;0.027328;0.011712;-91;35;-84;1
164316926;1.012112;0.023424;0.012688;-133;28;-56;1
164328063;1.012112;0.006832;0.002928;-168;0;-28;1
164353097;1.014064;-0.00488;-0.006832;-126;14;-49;1
164365220;1.013088;-0.002928;-0.011712;-105;28;-70;1
164376070;1.013088;-0.005856;-0.006832;-105;49;-98;1
164387367;1.0150399;-0.00488;-0.003904;-91;63;-119;1
164398846;1.014064;0.003904;0.006832;-28;56;-147;1
164410027;1.013088;0.005856;0.007808;-14;49;-161;1
164427078;1.013088;0.016592;0.00976;-7;42;-161;1
164438593;1.013088;0.021472;0.012688;-28;42;-147;1
164450196;1.0111359;0.025376;0.008784;-70;7;-105;1
164461331;1.0111359;0.025376;0.002928;-84;-7;-84;1
164472074;1.0150399;0.022448;-0.001952;-98;-7;-63;1
164485410;1.012112;0.0;-49;1
164497922;1.016016;0.011712;-0.00976;-154;21;-42;1
164509210;1.016016;0.005856;-0.011712;-168;49;-42;1
164522985;1.012112;-0.001952;-0.003904;-147;84;-63;1
164537509;1.01016;-0.007808;0.003904;-119;77;-84;1
164553132;1.0111359;-0.006832;0.013664;-56;70;-126;1
164566709;1.0111359;-0.001952;0.015616;-49;56;-147;1
164583063;1.008208;0.011712;0.01464;-28;14;-161;1
164598332;1.0111359;0.018544;0.010736;-7;-7;-154;1
164623128;1.014064;0.02928;-0.011712;-77;-7;-98;1
164637140;1.0150399;0.023424;-0.00976;-112;21;-63;1
164649983;1.01016;0.01952;-0.01464;-147;35;-49;1
164661105;1.0111359;0.011712;-0.010736;-161;56;-42;1
164672083;1.014064;0.006832;-0.003904;-147;77;-42;1
164683534;1.014064;0.0;0.002928;-140;98;-63;1
164694092;1.0111359;-0.002928;0.007808;-140;105;-77;1
164748336;1.013088;0.011712;0.007808;-56;-7;-147;1
164766846;1.0111359;0.01952;-0.003904;-56;-7;-133;1
164779426;1.013088;0.020496;-0.006832;-77;7;-119;1
164791805;1.012112;0.023424;-0.00976;-91;21;-105;1
164807934;1.012112;0.018544;-0.011712;-119;63;-70;1
164818978;1.016016;0.01464;-0.003904;-133;84;-56;1
164830072;1.014064;0.005856;-0.000976;-175;91;-63;1
164847952;1.009184;0.001952;0.011712;-84;84;-70;1
164860302;1.013088;-0.001952;0.01464;-70;70;-84;1
164871966;1.009184;-0.001952;0.01464;-84;49;-105;1
164897866;1.014064;0.008784;0.006832;-35;-14;-147;1
164909660;1.014064;0.015616;-0.000976;-21;-14;-154;1
164919939;1.016992;0.016592;-0.00488;-21;-7;-140;1
164933928;1.016992;0.022448;-0.008784;-28;7;-126;1
164956134;1.013088;0.023424;-0.007808;-98;56;-91;1
164970113;1.013088;0.016592;0.0;-154;84;-63;1
164981189;1.01016;0.012688;0.003904;-147;84;-49;1
164992667;1.0111359;0.00488;0.008784;-154;84;-49;1
165003039;1.012112;0.002928;0.013664;-154;77;-56;1
165017374;1.012112;-0.005856;0.017568;-147;35;-77;1
165031240;1.012112;-0.003904;0.013664;-112;14;-98;1
165043233;1.009184;-0.003904;0.00976;-91;-7;-126;1
165054542;1.0150399;0.@20000101_000005_192721_imu_bno055.csv@165060779;342.375;7593;-17213;0.9605727;0.017335176;-0.237593884
165071069;1.016992;0.018544;-0.003904;-49;-14;-147;1
165084707;1.0111359;0.020496;-0.005856;-56;-7;-133;1
165095842;1.0111359;0.0244;-0.010736;-35;14;-112;1
165130687;1.014064;0.00976;0.006832;-112;84;-42;1
165144842;1.016992;0.000976;0.011712;-98;70;-35;1
165185519;1.008208;-0.003904;0.00976;-35;-7;-119;1
165207213;1.014064;0.007808;-0.002928;-35;-14;-154;1
165219826;1.013088;0.016592;-0.006832;-28;-14;-154;1
165230908;1.014064;0.023424;-0.00976;-14;14;-133;1
165244452;1.0150399;0.022448;-0.00976;-56;28;-112;1
165254937;1.0150399;0.;-91;1
165268482;1.0111359;0.022448;-0.00488;-112;63;-63;1
165279055;1.013088;0.016592;0.0;-126;70;-42;1
165295216;1.012112;0.003904;0.008784;-161;70;-49;1
165306828;1.0111359;-0.002928;0.013664;-175;56;-63;1
165318232;1.0111359;-0.006832;0.01464;-98;35;-77;1
165334737;1.012112;-0.007808;0.005856;-105;7;-133;1
165345471;1.016016;-0.00488;-0.002928;-84;0;-154;1
165356842;1.0150399;0.007808;-0.006832;0;14;-161;1
165368411;1.0150399;0.015616;-0.006832;-7;21;-168;1
165379043;1.01016;0.021472;-0.00976;-28;42;-161;1
165392285;1.0150399;0.027328;-0.011712;-63;63;-147;1
165416389;1.0111359;0.028304;0.000976;-147;98;-70;1
165433100;1.0111359;0.012688;0.006832;-203;98;-35;1
165447842;1.014064;0.010736;0.012688;-175;84;-21;1
165463067;1.012112;-0.002928;0.016592;-203;63;-35;1
165475596;1.012112;-0.010736;0.012688;-168;21;-84;1
165486151;1.009184;-0.008784;0.008784;-112;7;-112;1
165498820;1.013088;-0.005856;0.002928;-70;-7;-140;1
165509680;1.014064;-0.002928;-0.001952;-56;0;-168;1
165534836;1.013088;0.023424;-0.012688;14;56;-161;1
165595432;1.0111359;0.008784;0.017568;-154;84;-35;1
165614838;1.013088;0.005856;0.017568;-168;49;-21;2
165627730;1.013088;-0.011712;0.015616;-112;0;-56;1
165638010;1.01016;-0.01464;0.007808;-105;-21;-84;1
165649383;1.013088;-0.011712;0.000976;-63;-28;-119;1
165662613;1.0150399;-0.007808;-0.003904;-21;-21;-154;1
165673562;1.013088;0.001952;-0.006832;-7;-7;-182;1
165685258;1.0111359;0.012688;-0.008784;7;14;-189;1
165696127;1.014064;0.021472;-0.010736;49;28;-182;1
165706968;1.014064;0.026352;-0.001952;7;70;-140;1
165718527;1.012112;0.033184;0.0;-49;77;-119;1
165735013;1.0111359;0.030256;0.006832;-77;77;-84;1
165746326;1.012112;0.026352;0.00976;-98;70;-56;1
165762028;1.0150399;0.008784;0.011712;-168;35;-21;1
165773086;1.013088;0.0;0.011712;-189;14;-28;1
165785501;1.01016;-0.006832;0.008784;-147;0;-42;1
165796010;1.0111359;-0.011712;0.002928;-91;-7;-70;1
165807696;1.0111359;-0.010736;-0.000976;-91;-14;-98;1
165824477;1.01016;-0.001952;-0.00976;-35;7;-147;1
165841055;1.013088;0.011712;-0.012688;28;49;-168;1
165865772;1.0111359;0.02928;-0.00488;-21;91;-154;1
165878043;1.014064;0.032208;0.001952;-63;105;-133;1
165890609;1.01016;0.02928;0.011712;-140;91;-70;1
165900974;1.012112;0.01952;0.016592;-189;70;-49;1
165912229;1.01016;0.01464;0.01464;-217;49;-35;1
165927544;1.0111359;0.005856;0.015616;-210;28;-35;1
165939299;1.009184;-0.001952;0.008784;-189;14;-35;1
165973985;1.013088;-0.007808;-0.00976;-84;14;-119;1
165987610;1.012112;0.0@20000101_000005_192721_baro_icp10111.csv@165992869;-22.43819;36.983184;101594.82;2.24263
166002204;1.012112;0.012688;-0.006832;-14;77;-154;1
166014087;1.013088;0.01952;-0.002928;-42;91;-147;1
166031713;1.0111359;0.028304;0.010736;-70;98;-112;1
166044612;1.0111359;0.02928;0.01464;-105;84;-91;1
166055589;1.013088;0.0244;0.016592;-154;70;-70;1
166066333;1.014064;0.021472;0.01952;-175;49;-49;1
166077847;1.012112;0.011712;0.017568;-168;21;-28;1
166090316;1.0111359;0.0;0.010736;-147;-7;-28;1
166104228;1.014064;-0.005856;-0.000976;-140;-14;-63;1
166115127;1.013088;-0.007808;-0.002928;-105;-14;-91;1
166148298;1.013088;-0.001952;-0.006832;-14;28;-147;1
166160515;1.013088;0.007808;-0.005856;7;49;-161;1
166171099;1.013088;0.015616;-0.00488;42;56;-154;1
166182200;1.013088;0.021472;0.0;42;70;-140;1
166195418;1.0111359;0.02928;0.00976;-56;63;-112;1
166206137;1.014064;0.028304;0.012688;-84;49;-84;1
166218605;1.01016;0.021472;0.012688;-105;35;-56;1
166229283;1.0150399;0.016592;0.013664;-126;14;-42;1
166242510;1.014064;0.007808;0.010736;-140;-7;-35;1
166253184;1.014064;0.001952;0.007808;-154;-21;-42;1
166264331;1.012112;-0.005856;0.001952;-133;-21;-56;1
166275258;1.013088;-0.010736;-0.006832;-98;0;-98;1
166286937;1.0150399;-0.008784;-0.011712;-56;21;-119;1
166297954;1.013088;-0.001952;-0.010736;-21;42;-140;1
166314615;1.014064;0.003904;-0.010736;0;56;-154;1
166326044;1.013088;0.017568;0.0;7;77;-161;1
166336918;1.012112;0.023424;0.003904;-21;84;-147;1
166367215;1.014064;0.026352;0.011712;-42;77;-133;1
166389873;1.013088;0.017568;0.005856;-154;7;-49;1
166402392;1.014064;0.006832;0.003904;-168;-7;-42;1
166413022;1.014064;0.002928;-0.002928;-168;0;-49;1
166432975;1.014064;-0.00488;-0.010736;-105;28;-70;1
166446265;1.012112;-0.003904;-0.00976;-98;42;-105;1
166470129;1.01016;0.005856;-0.001952;-28;98;-147;1
166481145;1.009184;0.010736;0.00488;-21;105;-154;1
166527473;1.0179679;0.022448;0.015616;-98;42;-98;1
166544515;1.0111359;0.017568;0.00976;-168;7;-70;1
166559294;1.012112;0.008784;-0.003904;-175;-7;-56;1
166570511;1.013088;0.005856;-0.006832;-161;7;-49;1
166586502;1.0111359;0.000976;-0.005856;-161;21;-63;1
166615226;1.016016;-0.000976;-0.001952;-70;70;-112;1
166634571;1.013088;0.005856;0.008784;-49;77;-140;1
166646864;1.012112;0.00976;0.00976;-49;63;-140;1
166660239;1.009184;0.01464;0.018544;-42;49;-133;1
166672689;1.013088;0.022448;0.016592;-28;14;-112;1
166685248;1.0150399;0.01952;0.008784;-56;-7;-105;1
166699340;1.0111359;0.021472;0.006832;-84;-14;-91;1
166714544;1.009184;0.011712;-0.002928;-105;-21;-49;1
166734609;1.012112;0.002928;-0.007808;-84;7;-49;1
166747058;1.012112;0.001952;-0.006832;-77;21;-70;1
166766037;1.014064;0.0;-0.003904;-63;56;-98;1
166781792;1.014064;0.001952;0.002928;-42;63;-112;1
166793466;1.009184;0.00976;0.010736;-14;63;-126;1
166807033;1.01016;0.012688;0.012688;-21;42;-119;1
166826061;1.012112;0.01464;0.010736;0836;342.3125;7593;-17269;0.9646516;0.030591488;-0.23351502
166860923;1.01016;0.017568;-0.001952;-70;-14;-91;1
166874629;1.012112;0.013664;-0.010736;-98;0;-70;1
166893486;1.016992;0.01464;-0.015616;-98;28;-56;1
166905361;1.0111359;0.0;-0.010736;-126;63;-70;1
166917017;1.01016;-0.000976;-0.007808;-126;84;-84;1
166928940;1.013088;-0.002928;0.000976;-98;98;-98;1
166945356;1.012112;0.00488;0.011712;-84;91;-119;1
166956797;1.0111359;0.006832;0.013664;-91;77;-126;1
166968509;1.012112;0.008784;0.013664;-70;49;-126;1
166979549;1.0111359;0.013664;0.013664;-49;28;-126;1
166992453;1.012112;0.016592;0.008784;-56;7;-126;1
167003176;1.01016;0.020496;0.00488;-91;-14;-119;1
167016388;1.014064;0.018544;-0.005856;-112;7;-84;1
167027845;1.016016;0.01464;-0.008784;-126;21;-70;1
167047086;1.0150399;0.007808;-0.011712;-140;56;-77;1
167059209;1.012112;0.0;-0.008784;-133;70;-77;1
167071642;1.014064;0.0;-0.003904;-126;91;-84;1
167083157;1.0111359;0.001952;0.0;-112;105;-91;1
167098335;1.012112;0.0;0.01464;-105;105;-119;1
167109182;1.012112;0.006832;0.01464;-98;84;-126;1
167120251;1.0111359;0.00976;0.017568;-84;56;-126;1
167134458;1.013088;0.010736;0.016592;-70;28;-126;1
167147103;1.0150399;0.016592;0.006832;-70;7;-126;1
167164445;1.01016;0.016592;0.0;-91;-7;-119;1
167178284;1.013088;0.016592;-0.007808;-98;7;-98;1
167194522;1.013088;0.013664;-0.00488;-84;21;-84;1
167206125;1.013088;0.00976;-0.00488;-91;35;-77;1
167218939;1.0111359;0.003904;-0.001952;-119;70;-84;1
167244783;1.013088;0.002928;0.005856;-70;84;-98;1
167281529;1.012112;0.012688;0.013664;-56;14;-126;1
167304902;1.0111359;0.013664;0.007808;-42;-14;-119;1
167318941;1.01016;0.014_000005_192721_accel_adxl375.csv@167321396;1.7149999;0.147;0.147;1
167343041;1.0150399;0.011712;-0.007808;-63;7;-98;1
167367504;1.012112;0.008784;-0.005856;-56;42;-98;1
167378899;1.014064;0.00488;-0.001952;-63;56;-98;1
167390301;1.0111359;0.012688;0.0;-56;63;-98;1
167402637;1.0111359;0.010736;0.005856;-49;70;-98;1
167413274;1.012112;0.010736;0.012688;-49;56;-98;1
167443016;1.01016;0.011712;0.006832;-63;-7;-98;1
167456862;1.0111359;0.011712;0.003904;-91;-14;-98;1
167473062;1.0111359;0.00976;-0.00488;-98;0;-91;1
167485274;1.012112;0.001
167503041;1.013088;0.006832;-0.00488;-70;28;-98;1
167517740;1.0150399;0.008784;-0.00488;-84;42;-105;1
167533050;1.013088;0.00976;0.000976;-56;63;-105;1
167545480;1.013088;0.011712;0.00488;-77;63;-105;1
167556221;1.0111359;0.013664;0.007808;-84;63;-105;1
167567793;1.012112;0.012688;0.008784;-70;42;-98;1
167579585;1.0111359;0.013664;0.007808;-63;28;-91;1
167595951;1.0111359;0.013664;0.002928;-105;21;-98;1
167612987;1.01016;0.016592;0.000976;-119;21;-98;1
167625190;1.0111359;0.01464;-0.006832;-91;28;-77;1
167643005;1.0111359;0.0.24677134
167656900;1.012112;0.006832;-0.002928;-140;49;-84;1
167668123;1.01016;0.002928;-0.003904;-119;49;-84;1
167680080;1.012112;0.001952;0.0;-77;56;-84;1
167691034;1.014064;0.006832;0.0;-77;63;-91;1
167704456;1.0111359;0.007808;0.00488;-98;63;-105;1
167717848;1.012112;0.010736;0.012688;-98;56;-112;1
167762378;1.013088;0.018544;0.001952;-112;21;-98;1
167782900;1.013088;0.013664;0.003904;-133;35;-77;1
167817120;1.0111359;0147;0.147;1
167833704;1.014064;0.002928;0.000976;-91;56;-91;1
167845767;1.0150399;0.002928;0.000976;-70;63;-98;1
167857280;1.012112;0.005856;0.007808;-70;49;-126;1
167869452;1.012112;0.010736;0.005856;-49;42;-119;1
167880192;1.01016;0.010736;0.003904;-63;28;-126;1
167895998;1.0111359;0.015616;0.005856;-49;28;-126;1
167913449;1.014064;0.01952;0.003904;-84;28;-112;1
167924266;1.0111359;0.018544;0.0;-70;28;-98;1
167938577;1.014064;0.011712;0.002928;-112;21;-91;1
167949178;1.013088;0.006832;0.000976;-98;21;-84;1
167970989;1.013088;0.001952;0.000976;-70;35;-91;1
167982560;1.014064;0.003904;0.001952;-70;42;-105;1
167996775;1.012112;0.00488;0.000976;-70;35;-112;1
168013427;1.013088;0.00488;0.0;-49;21;-119;1
168035816;1.012112;0.012688;-0.001952;-42;28;-133;1
168048677;1.013088;0.013664;-0.000976;-49;35;-126;1
168060021;1.012112;0.020496;-0.001952;-49;35;-98;1
168071058;1.014064;0.022448;-0.000976;-84;42;-84;1
168082191;1.012112;0.020496;0.000976;-91;49;-77;1
168096840;1.0111359;0.016592;0.0;-98;56;-70;1
168113440;1.009184;0.005856;0.00488;-119;56;-70;1
168133490;1.0150399;-0.000976;0.012688;-126;35;-70;1
168170587;1.014064;0.001952;0.002928;-77;14;-133;1
168190202;1.01016;0.015616;-0.006832;-14;14;-133;1
168202562;1.012112;0.022448;-0.003904;-77;42;-119;1
168215047;1.013088;0.021472;-0.000976;-63;63;-98;1
168240309;1.013088;0.017568;0.003904;-119;70;-63;1
168251051;1.014064;0.013664;0.00488;-140;63;-56;1
168262031;1.01016;0.007808;0.00976;-133;56;-49;1
168272997;1.013088;-0.000976;0.010736;-140;42;-70;1
168291743;1.013088;-0.000976;0.010736;-140;28;-91;1
168303960;1.013088;0.003904;0.0;-77;14;-112;1
168314971;1.012112;0.00488;-0.000976;-77;7;-126;1
168326219;1.0111359;0.006832;-0.00488;-84;14;-133;1
168339127;1.014064;0.010736;-0.005856;-70;28;-140;1
168366259;1.0111359;0.01464;0.002928;-56;63;-119;1
168379714;1.012112;0.018544;0.005856;-70;56;-105;1
168390051;1.012112;0.012688;0.00488;-84;49;-98;1
168400985;1.01016;0.013664;0.00488;-98;49;-91;1
168422995;1.012112;0.010736;0.007808;-98;42;-84;1
168436229;1.0150399;0.00976;0.005856;-105;21;-84;1
168447681;1.012112;0.003904;0.001952;-112;14;-91;1
168458394;1.01016;0.002928;-0.000976;-91;14;-98;1
168469737;1.0111359;0.005856;-0.003904;-63;28;-105;1
168483783;1.008208;0.003904;-0.003904;-63;35;-119;1
168505815;1.013088;0.013664;0.0;-70;42;-126;1
168522989;1.01016;0.01464;0.001952;-56;49;-112;1
168536365;1.012112;0.016592;0.002928;-84;49;-105;1
168550164;1.012112;0.017568;0.005856;-112;49;-91;1
168566245;1.008208;0.013664;0.008784;-98;49;-77;1
168595283;1.0111359;0.010736;0.003904;-112;35;-77;1
168612962;1.0150399;0.00488;0.0;-112;28;-84;1
168636526;1.0111359;0.000976;0.0;-84;35;-98;1
168653215;1.0111359;0.007808;0.001952;-70;49;-119;1
168669628;1.0111359;0.013664;0.002928;-56;49;-112;1
168681833;1.0111359;0.015616;0.0033905;1
168693189;1.013088;0.01464;0.002928;-77;42;-98;1
168713010;1.012112;0.015616;0.000976;-91;49;-77;1
168725540;1.012112;0.011712;0.000976;-105;56;-77;1
168738083;1.014064;0.012688;0.003904;-133;49;-70;1
168749008;1.012112;0.007808;0.005856;-140;49;-77;1
168760567;1.014064;-0.000976;0.00488;-126;28;-77;1
168771647;1.0111359;-0.001952;0.00488;-98;28;-91;1
168786281;1.01016;-0.001952;0.003904;-84;28;-105;1
168800038;1.013088;0.000976;0.000976;-91;28;-126;1
168811445;1.01016;0.00976;0.001952;-14;21;-133;1
168827816;1.012112;0.01464;-0.003904;-21;21;-140;1
168839313;1.014064;0.017568;-0.002928;-35;21;-140;1
168853716;1.013088;0.0exl375.csv@168855374;1.813;0.147;0.147;1
168866566;1.014064;0.0244;-0.000976;-98;56;-98;1
168877065;1.014064;0.020496;0.003904;-119;63;-77;1
168888095;1.014064;0.01464;0.000976;-119;56;-70;1
168913005;1.013088;-0.000976;0.006832;-119;42;-70;1
168943148;1.012112;0.000976;0.001952;-91;14;-105;1
168957474;1.0150399;0.000976;-0.000976;-63;14;-119;1
168967903;1.009184;0.006832;-0.001952;-28;21;-126;1
168979146;1.013088;0.013664;-0.000976;-21;28;-140;1
168990177;1.013088;0.01464;-0.003904;-42;35;-140;1
169001262;1.014064;0.020496;-0.001952;-49;42;-133;1
169022989;1.013088;0.021472;0.0;-77;49;-98;1
169069419;1.016016;0.003904;0.008784;-147;42;-49;1
169092190;1.01016;-0.000976;0.002928;-133;28;-70;1
169116379;1.012112;0.003904;-0.000976;-84;35;-119;1
169127632;1.014064;0.005856;-0.001952;-70;28;-126;1
169142561;1.012112;0.00976;-0.001952;-56;35;-126;1
169152998;1.009184;0.013664;-0.005856;-49;49;-133;1
169167509;1.013088;0.01952;0.001952;-91;70;-112;1
169178197;1.013088;0.021472;0.005856;-112;70;-98;1
169198684;1.012112;0.01464;0.005856;-133;49;-70;1
169209174;1.013088;0.01464;0.00976;-140;42;-70;1
169220276;1.012112;0.02
169230914;1.009184;0.003904;0.008784;-119;35;-70;1
169245197;1.0150399;0.003904;0.005856;-112;28;-70;1
169258311;1.009184;-0.001952;0.0;-105;14;-105;1
169269967;1.014064;-0.000976;-0.001952;-84;21;-126;1
169281191;1.009184;0.005856;-0.001952;-35;35;-133;1
169292710;1.014064;0.011712;-0.002928;-35;42;-140;1
169303900;1.0111359;0.012688;0.0;-49;49;-133;1
169331999;1.013088;0.015616;0.00488;-70;42;-119;1
169348134;1.014064;0.017568;0.006832;-77;42;-91;1
169364874;1.012112;0.01464;0.00488;-105;28;-84;1
169376450;1.01016;0.012688;0.007808;-119;28;-77;1
169387666;1.012112;0.00-77;1
169404746;1.009184;0.001952;0.003904;-98;21;-84;1
169417245;1.01016;0.002928;0.000976;-91;21;-98;1
169433404;1.0150399;0.00488;-0.002928;-56;28;-112;1
169444884;1.0111359;0.006832;-0.003904;-56;35;-119;1
169456737;1.014064;0.008784;-0.001952;-63;49;-126;1
169467727;1.013088;0.015616;0.0;-49;63;-126;1
169509533;1.0111359;0.018544;0.001952;-105;35;-91;1
169521412;1.014064;0.012688;0.00488;-119;49;-70;1
169543360;1.0111359;0.005856;0.002928;-133;35;-63;1
169561496;1.012112;0.00488;-0.002928;-112;28;-77;1
169574315;1.013088;0.002928;-0.006832;-105;35;-91;1
169585227;1.01016;0.001952;-0.000976;-98;49;-105;1
169597892;1.013088;0.002928;-0.002928;-91;56;-112;1
169609038;1.014064;0.006832;-0.000976;-70;63;-119;1
169621976;1.012112;0.011712;0.002928;-56;63;-119;1
169633299;1.0111359;0.015616;0.00488;-84;56;-119;1
169645611;1.0111359;0.01952;0.006832;-98;56;-112;1
169656204;1.013088;0.018544;0.006832;-112;56;-98;1
169669909;1.012112;0.017568;0.003904;-126;49;-91;1
169681042;1.014064;0.013664;0.00488;-133;35;-84;1
169696127;1.01016;0.010736;0.002928;-161;35;-77;1
169707068;1.014064;0.006832;-0.000976;-154;42;-84;1
169718594;1.014064;0.002928;0.0;-133;42;-84;1
169754064;0.001952;0.003904;-91;49;-126;1
169773056;1.012112;0.00488;0.003904;-63;56;-133;1
169790433;1.01016;0.011712;0.006832;-42;56;-133;1
169801946;1.013088;0.015616;0.007808;-56;49;-133;1
169816173;1.0150399;0.018544;0.006832;-63;35;-112;1
169833492;1.0111359;0.015616;0.003904;-91;28;-105;1
169845883;1.0111359;0.013664;0.006832;-91;28;-91;1
169864268;1.013088;0.00976;0.003904;-91;21;-84;1
169876249;1.0111359;0.00488;-0.000976;-84;21;-91;1
169887106;1.013088;0.02@20000101_000005_192721_accel_adxl375.csv@169890504;1.813;0.147;0.147;1
169903031;1.009184;0.006832;0.0;-70;42;-105;1
169917499;1.012112;0.007808;0.002928;-42;42;-119;1
169960571;1.012112;0.017568;0.003904;-49;35;-119;1
169972787;1.012112;0.018544;0.002928;-63;28;-105;1
169984678;1.012112;0.020496;0.003904;-84;21;-98;1
169996379;1.0111359;0.018544;0.00488;-91;21;-84;1
170006991;1.012112;0.015616;0.001952;-98;28;-70;1
170023537;1.0111359;0.00976;0.001952;-112;28;-70;1
170035491;1.014064;0.007808;0.001952;-119;35;-70;1
170062223;1.012112;0.002928;0.000976;-91;42;-98;1
170073479;1.0150399;0.003904;0.002928;-84;42;-98;1
170113068;1.012112;0.00500101_000005_192721_accel_adxl375.csv@170114700;1.7639999;0.098;0.147;1
170124271;1.012112;0.016592;0.001952;-56;42;-112;1
170135987;1.012112;0.017568;0.000976;-63;42;-105;1
170146979;1.0150399;0.017568;0.002928;-70;42;-98;1
170158157;1.01016;0.017568;0.001952;-77;35;-91;1
170169225;1.012112;0.01464;0.002928;-105;35;-84;1
170179984;1.009184;0.008784;-0.001952;-126;42;-77;1
170194266;1.016016;0.007808;0.003904;-140;49;-77;1
170205533;1.012112;0.003904;0.001952;-133;49;-84;1
170217790;1.012112;0.00488;0.002928;-112;49;-84;1
170229066;1.014064;0.000976;0.002928;-112;49;-98;1
170244489;1.012112;0.005856;0.005856;-84;42;-112;1
170254935;1.012112;0.00dxl375.csv@170256049;1.7639999;0.098;0.196;1
170266267;1.013088;0.00976;0.00488;-77;42;-133;1
170277210;1.01016;0.010736;0.001952;-77;35;-133;1
170290154;1.013088;0.013664;0.002928;-70;28;-126;1
170302947;1.013088;0.015616;0.002928;-77;35;-105;1
170315762;1.012112;0.016592;0.001952;-98;42;-91;1
170350361;1.0111359;0.013664;0.003904;-133;35;-77;1
170372191;1.013088;0.007808;0.003904;-119;42;-77;1
170397152;1.014064;0.005856;0.002928;-63;42;-105;1
170411453;1.012112;0.006832;0.00488;-49;35;-105;1
170422039;1.012112;0.010736;0.003904;-56;35;-112;1
170436430;1.013088;0.011712;0.002928;-56;35;-119;1
170447051;1.014064;0.015616;0.002928;-42;28;-105;1
170460516;1.012112;0.017568;0.000976;-35;35;-98;1
170471086;1.012112;0.016592;0.002928;-56;28;-91;1
170485146;1.012112;0.013664;0.000976;-112;28;-84;1
170496057;1.009184;0.010736;0.003904;-112;35;-77;1
170507085;1.013088;0.008784;0.00488;-98;35;-70;1
170518314;1.0111359;0.006832;0.003904;-91;35;-70;1
170530945;1.013088;0.003904;0.002928;-91;28;-77;1
170554878;1.014064;0.00488;0.003904;-84;28;-91;1
170568895;1.01016;0.007808;0.003904;-70;35;-98;1
170580088;1.012112;0.008784;0.002928;-63;35;-112;1
170603049;1.0111359;0.012688;0.0;-49;28;-112;1
170617145;1.014064;0.013664;0.002928;-70;35;-105;1
170628009;1.012112;0.016592;0.001952;-91;42;-98;1
170639454;1.014064;0.013664;0.006832;-98;35;-91;1
170650418;1.013088;0.012688;0.003904;-91;42;-84;1
170665097;1.014064;0.008784;0.000976;-84;35;-84;1
170676880;1.012112;0.008784;0.002928;-119;35;-91;1
170689826;1.013088;0.003904;0.001952;-119;42;-98;1
170712997;1.014064;0.005856;0.002928;-84;42;-105;1
170726036;1.009184;0.00488;0.00488;-63;42;-112;1
170746292;1.012112;0.00976;0.003904;-70;42;-119;1
170757184;1.013088;0.013664;0.001952;-70;42;-119;1
170824075;1.01016;0.006832;0.001952;-133;42;-91;1
170848108;1.0111359;0.007808;0.002928;-105;42;-91;1
170859802;1.014064;0.008784;0.00488;-91;35;-105;1
170874644;1.012112;0.006832;0.000976;-70;42;-105;1
170885228;1.01016;0.008784;0.00488;-77;35;-112;1
170899767;1.014064;0.012688;0.000976;-70;35;-119;1
170910201;1.012112;0.01464;0.001952;-49;35;-112;1
170923768;1.0111359;0.017568;0.001952;-49;35;-105;1
170940918;1.01016;0.01464;0.000976;-98;35;-91;1
170952231;1.014064;0.015616;0.003904;-105;35;-84;1
170964113;1.01016;0.012688;0.005856;-105;28;-77;1
170975201;1.013088;0.00976;0.000976;-98;28;-77;1
171003026;1.008208;0.005856;0.003904;-98;35;-84;1
171018530;1.0111359;0.007808;0.002928;-84;35;-91;1
171033023;1.0150399;0.008784;0.003904;-63;28;-105;1
171045747;1.012112;0.008784;0.000976;-56;21;-112;1
171056116;1.013088;0.0-112;1
171068470;1.014064;0.012688;0.001952;-49;28;-105;1
171079067;1.016016;0.01464;0.001952;-70;28;-98;1
171092453;1.013088;0.01464;0.002928;-77;35;-98;1
171103149;1.014064;0.01464;0.003904;-77;35;-84;1
171117466;1.0111359;0.01464;0.0;-84;35;-84;1
171128228;1.014064;0.012688;0.001952;-105;35;-77;1
171139657;1.012112;0.008784;0.00488;-119;42;-77;1
171154909;1.01016;0.005856;0.001952;-105;42;-91;1
171168441;1.009184;0.001952;0.002928;-91;35;-98;1
171179539;1.01016;0.005856;0.003904;-84;35;-105;1
171191899;1.009184;0.005856;0.002928;-70;35;-112;1
171226898;1.014064;0.013664;0.001952;-63;35;-119;1
171246680;1.01016;0.015616;0.000976;-63;35;-105;1
171259327;1.0150399;0.016592;0.001952;-77;35;-98;1
171270370;1.014064;0.012688;0.0;-98;42;-98;1
171281853;1.012112;0.013664;0.001952;-112;42;-91;1
171293087;1.012112;0.00976;0.001952;-119;49;-91;1
171307973;1.014064;0.005856;0.001952;-105;42;-84;1
171320227;1.01016;0.003904;0.00488;-105;42;-98;1
171331337;1.0150399;0.005856;0.001952;-105;42;-105;1
171343948;1.0111359;0.005856;0.001952;-98;35;-105;1
171358626;1.0111359;0.011712;0.001952;-70;35;-119;1
171369773;1.01016;0.013664;0.002928;-77;35;-119;1
171382585;1.013088;0.01464;0.002928;-70;35;-112;1
171396803;1.0150399;0.016592;0.0;-77;35;-98;1
171426946;1.0150399;0.017568;0.002928;-98;42;-84;1
171438235;1.013088;0.012688;0.00488;-112;35;-77;1
171450227;1.013088;0.007808;0.001952;-119;35;-77;1
171473059;1.008208;0.005856;0.000976;-84;35;-77;1
171498249;1.012112;0.00488;0.002928;-77;35;-105;1
171509233;1.0111359;0.006832;0.00488;-56;42;-105;1
171532512;1.009184;0.008784;0.00488;-42;28;-119;1
171554720;1.01016;0.012688;0.003904;-42;21;-112;1
171566298;1.016016;0.015616;0.0;-56;21;-105;1
171583061;1.013088;0.018544;0.002928;-91;21;-91;1
171598286;1.013088;0.013664;0.001952;-105;28;-84;1
171614043;1.0111359;0.011712;0.0;-112;28;-70;1
171625688;1.012112;0.010736;-0.001952;-112;42;-70;1
171642997;1.007232;0.000976;0.001952;-105;42;-84;1
171681069;1.0150399;0.006832;0.00488;-49;35;-133;1
171706303;1.012112;0.013664;0.000976;-42;28;-133;1
171717404;1.01016;0.016592;0.000976;-49;35;-126;1
171734816;1.013088;0.021472;0.0;-63;35;-105;1
171755643;1.0150399;0.015616;0.0;-98;42;-84;1
171766889;1.014064;0.012688;-0.001952;-119;49;-77;1
171778133;1.012112;0.008784;-0.000976;-133;42;-77;1
171796469;1.012112;0.001952;0.000976;-105;49;-84;1
171808584;1.014064;0.0;0.00488;-91;49;-91;1
171824798;1.0111359;0.002928;0.005856;-77;42;-119;1
171841925;1.009184;0.008784;0.00488;-63;35;-126;1
171854700;1.0111359;0.011712;0.0;-49;28;-126;1
171866809;1.012112;0.01464;0.0;-63;28;-119;1
171878102;1.013088;0.022448;0.000976;-70;28;-112;1
171891740;1.014064;0.020496;0.0;-70;35;-98;1
171906991;1.014064;0.018544;0.0;-119;42;-77;1
171918043;1.014064;0.016592;-0.000976;-126;49;-63;1
171930113;1.012112;0.011712;0.000976;-133;49;-56;1
171953070;1.0111359;0.00488;0.005856;-133;56;-56;1
171967858;1.016016;0.0;0.007808;-105;49;-91;1
171979253;1.0111359;-0.00488;0.006832;-84;42;-105;1
171992717;1.009184;0.002928;0.005856;-70;28;-112;1
172005439;1.0111359;0.008784;0.003904;-56;28;-133;1
172018949;1.0111359;0.01464;0.001952;-42;28;-133;1
172045909;1.013088;0.021472;0.000976;-63;35;-105;1
172056971;1.013088;0.021472;0.001952;-84;42;-84;1
172071239;1.014064;0.01952;0.003904;-112;42;-70;1
172082156;1.014064;0.012688;0.000976;-133;49;-63;1
172133092;1.012112;0.003904;0.007808;-98;35;-105;1
172149126;1.013088;0.001952;0.001952;-49;21;-133;1
172160502;1.014064;0.002928;0.005856;-35;14;-140;1
172174334;1.0150399;0.010736;0.002928;-35;14;-147;1
172192053;1.0150399;0.018544;-0.000976;-35;21;-133;1
172204194;1.014064;0.018544;-0.003904;-49;28;-119;1
172216830;1.013088;0.0244;-0.001952;-70;28;-98;1
172243082;1.0150399;0.015616;0.003904;-98;49;-56;1
172253968;1.012112;0.01.813;0.098;0.147;1
172265013;1.0111359;0.003904;0.00488;-112;42;-63;1
172276444;1.014064;-0.000976;0.002928;-105;35;-77;1
172287080;1.0111359;-0@20000101_000005_192721_airspeed_sdp810.csv@172290506;420;266;4256
172297998;1.013088;-0.000976;0.001952;-84;28;-105;1
172312937;1.012112;0.003904;0.000976;-56;21;-133;1
172325379;1.013088;0.010736;-0.002928;-49;28;-140;1
172337761;1.014064;0.012688;-0.001952;-42;28;-140;1
172353025;1.016992;0.020496;-0.002928;-63;35;-119;1
172367789;1.0111359;0.021472;-0.001952;-77;42;-105;1
172379452;1.016016;0.023424;0.000976;-105;42;-91;1
172390505;1.013088;0.022448;0.001952;-112;42;-70;1
172401166;1.012112;0.011712;0.00488;-147;42;-56;1
172414638;1.013088;0.008784;0.003904;-140;49;-56;1
172425865;1.01016;0.00488;0.001952;-119;42;-56;1
172440254;1.0111359;-0.002928;0.001952;-112;35;-70;1
172463060;1.0111359;-0.001952;0.002928;-70;35;-105;1
172474142;1.013088;0.002928;0.000976;-56;35;-119;1
172485120;1.013088;0.00488;0.000976;-49;35;-133;1
172520073;1.013088;0.020496;0.001952;-63;42;-119;1
172537109;1.014064;0.021472;0.002928;-84;42;-98;1
172548463;1.009184;0.017568;0.000976;-91;42;-84;1
172564493;1.013088;0.008784;0.000976;-133;35;-63;1
172575158;1.0111359;0.005856;0.000976;-119;42;-56;1
172604711;1.012112;-0.002928;0.002928;-91;49;-98;1
172615054;1.013088;-0.003904;0.003904;-77;42;-112;1
172632068;1.013088;0.000976;0.00488;-70;42;-126;1
172655314;1.012112;0.01464;0.00488;-42;35;-147;1
172668724;1.016016;0.017568;0.00488;-35;28;-133;1
172679014;1.013088;0.021472;0.003904;-49;28;-126;1
172692417;1.016016;0.018544;0.001952;-63;28;-112;1
172713669;1.012112;0.021472;0.0;-98;28;-77;1
172745052;1.014064;0.007808;0.000976;-119;35;-63;1
172764674;1.013088;-0.001952;0.002928;-119;42;-84;1
172776885;1.013088;0.0;0.002928;-91;42;-112;1
172788176;1.013088;0.040126;1
172805912;1.0111359;0.006832;0.003904;-49;42;-133;1
172823060;1.014064;0.015616;0.002928;-49;35;-133;1
172840252;1.013088;0.021472;0.002928;-70;28;-119;1
172865606;1.0150399;0.020496;0.000976;-84;28;-84;1
172876519;1.013088;0.016592;0.002928;-98;35;-70;1
172887008;1.013088;0.0@20000101_000005_192721_accel_adxl375.csv@172890938;1.7639999;0.098;0.196;1
172902924;1.0111359;0.00488;0.000976;-105;35;-56;1
172923043;1.012112;-0.001952;0.003904;-98;42;-77;1
172935945;1.01016;0.0;0.000976;-98;42;-91;1
172953451;1.012112;0.002928;0.00488;-56;42;-119;1
172965178;1.013088;0.00976;0.003904;-70;28;-133;1
172998866;1.0111359;0.01952;0.001952;-56;35;-126;1
173012686;1.0150399;0.01952;0.002928;-91;28;-98;1
173036762;1.012112;0.01464;0.0;-105;28;-77;1
173063171;1.0111359;0.005856;-0.000976;-126;49;-63;1
173079563;1.014064;0.0;0.0;-105;49;-63;1
173090425;1.013088;0.0;0.0;-98;49;-84;1
173113047;1.0150399;0.20005_192721_accel_adxl375.csv@173114178;1.7639999;0.098;0.196;1
173126213;1.014064;0.006832;0.00488;-56;42;-140;1
173143006;1.014064;0.013664;0.000976;-49;28;-140;1
173173101;1.012112;0.021472;0.001952;-70;28;-105;1
173200530;1.012112;0.018544;-0.002928;-112;35;-77;1
173211005;1.01016;0.015616;-0.001952;-112;42;-70;1
173222932;1.0111359;0.008784;-0.003904;-140;56;-70;1
173238357;1.013088;0.003904;0.000976;-133;70;-77;1
173254470;1.0150399;-0.002928;0.007808;-105;56;-98;1
173269402;1.012112;0.000976;0.005856;-98;49;-112;1
173280692;1.0111359;0.003904;0.006832;-77;42;-126;1
173294463;1.01016;0.013664;0.007808;-49;21;-133;1
173308765;1.013088;0.01464;0.005856;-49;21;-133;1
173320794;1.012112;0.0;0005_192721_baro_bmp280.csv@173322575;-31.691432;37.85;101706.22;4.145729
173335111;1.0111359;0.022448;-0.000976;-84;14;-98;1
173346124;1.014064;0.0244;-0.003904;-91;28;-84;1
173359634;1.013088;0.01952;-0.003904;-112;42;-63;1
173384789;1.013088;0.003904;0.0;-133;56;-49;1
173398652;1.0111359;0.000976;0.003904;-126;63;-63;1
173413033;1.013088;0.0;0.005856;-84;63;-70;1
173428218;1.0111359;-0.001952;0.010736;-91;42;-105;1
173442360;1.013088;0.003904;0.007808;-84;35;-112;1
173481377;1.0150399;0.017568;0.000976;-63;7;-126;1
173498641;1.014064;0.01952;-0.002928;-56;21;-98;1
173510704;1.013088;0.017568;-0.002928;-70;21;-84;1
173533305;1.013088;0.011712;-0.001952;-91;42;-70;1
173544887;1.0150399;0.008784;0.000976;-84;49;-70;1
173558600;1.0111359;0.002928;0.006832;-91;49;-84;1
173569840;1.012112;0.0;0.007808;-84;42;-91;1
173581093;1.0111359;-0.000976;0.006832;-77;28;-105;1
173596737;1.01016;0.002928;0.00488;-49;21;-119;1
173606909;1.014064;0.005856;0.005856;-56;7;-133;1
173633048;1.012112;0.015616;-0.003904;-21;7;-126;1
173646933;1.0150399;0.021472;-0.003904;-49;21;-119;1
173658952;1.0111359;0.01952;-0.003904;-77;35;-98;1
173671407;1.012112;0.011712;-0.003904;-77;42;-77;1
173681975;1.013088;0.011712;-0.002928;-91;49;-77;1
173697827;1.013088;0.008784;0.0;-119;49;-77;1
173710652;1.009184;0.006832;0.003904;-84;56;-84;1
173721255;1.013088;0.0@20000101_000005_192721_accel_adxl375.csv@173723967;1.813;0.098;0.244999984;1
173743000;1.014064;0.007808;0.008784;-98;28;-105;1
173769141;1.0111359;0.00976;0.000976;-49;14;-119;1
173780111;1.013088;0.00976;0.001952;-63;14;-126;1
173793857;1.013088;0.016592;-0.003904;-56;28;-112;1
173807085;1.013088;0.020496;-0.002928;-70;35;-98;1
173819767;1.013088;0.0173@173821576;1.7639999;0.147;0.196;1
173832982;1.012112;0.016592;-0.003904;-112;56;-70;1
173848905;1.0111359;0.00976;-0.000976;-119;70;-63;1
173870965;1.016016;0.005856;0.002928;-147;70;-70;1
173882200;1.007232;0.000976;0.007808;-112;56;-84;1
173917920;1.014064;0.007808;0.007808;-70;28;-112;1
173934213;1.0111359;0.010736;0.0;-77;21;-112;1
173945292;1.012112;0.00976;0.0;-63;21;-112;1
173958667;1.013088;0.013664;-0.003904;-70;28;-112;1
173969105;1.0150399;0.010736;-0.00488;-91;28;-112;1
173983311;1.0111359;0.011712;-0.002928;-77;49;-91;1
173994280;1.0111359;0.010736;-0.000976;-105;56;-91;1
174005051;1.0111359;0.010736;0.000976;-112;56;-91;1
174016190;1.009184;0.007808;0.003904;-91;63;-91;1
174034795;1.014064;0.008784;0.00976;-91;56;-98;1
174054742;1.012112;0.007808;0.007808;-84;35;-112;1
174068545;1.013088;0.006832;0.007808;-77;21;-119;1
174079283;1.013088;0.010736;0.006832;-70;7;-119;1
174113016;1.012112;0.00976;-0.00488;-49;14;-119;1
174147313;1.012112;0.012688;-0.002928;-70;42;-105;1
174158023;1.014064;0.013664;0.000976;-84;56;-105;1
174172809;1.0150399;0.01464;0.002928;-112;56;-91;1
174184036;1.01016;0.008784;0.00488;-98;49;-91;1
174198399;1.012112;0.007808;0.006832;-98;42;-98;1
174208936;1.013088;0.011712;0.00488;-105;28;-105;1
174220335;1.012112;0.00;1
174231082;1.009184;0.008784;0.001952;-63;28;-98;1
174245048;1.013088;0.008784;0.002928;-84;21;-98;1
174255942;1.0111359;0.011712;0.001952;-77;28;-98;1
174267798;1.012112;0.008784;-0.000976;-77;28;-98;1
174279396;1.0111359;0.010736;0.000976;-63;42;-98;1
174293631;1.0150399;0.011712;-0.000976;-70;42;-98;1
174307335;1.0150399;0.01464;-0.001952;-84;35;-91;1
174324473;1.013088;0.016592;-0.001952;-91;63;-84;1
174360049;1.016992;0.005856;0.008784;-112;56;-77;1
174386310;1.014064;0.005856;0.002928;-105;35;-98;1
174399764;1.0111359;0.006832;0.005856;-84;35;-105;1
174412888;1.0111359;0.005856;0.002928;-77;28;-105;1
174424170;1.0111359;0.011712;0.000976;-91;21;-112;1
174458682;1.014064;0.01464;-0.003904;-84;35;-105;1
174470587;1.0111359;0.013664;-0.001952;-70;56;-98;1
174481946;1.009184;0.010736;0.0;-84;56;-84;1
174493126;1.0150399;0.010736;0.00488;-119;49;-84;1
174504354;1.012112;0.00976;0.005856;-105;42;-91;1
174524538;1.014064;0.000976;0.00488;-98;35;-105;1
174539891;1.012112;0.005856;0.006832;-91;35;-112;1
174561698;1.013088;0.010736;0.003904;-77;21;-133;1
174572059;1.014064;0.012688;0.000976;-63;14;-133;1
174585341;1.012112;0.016592;-0.001952;-42;21;-126;1
174596025;1.013088;0.016592;-0.001952;-42;28;-126;1
174618172;1.012112;0.017568;0.0;-70;42;-105;1
174634530;1.012112;0.01464;0.00488;-84;42;-84;1
174649413;1.0111359;0.00976;0.002928;-84;35;-84;1
174660461;1.012112;0.010736;0.003904;-91;42;-91;1
174672973;1.014064;0.003904;0.002928;-98;35;-91;1
174690595;1.01016;0.00976;0.002928;-84;35;-98;1
174701487;1.01016;0.007808;0.002928;-84;28;-98;1
174717055;1.0150399;0.008784;-0.001952;-63;35;-119;1
174732581;1.012112;0.012688;-0.000976;-63;28;-112;1
174746967;1.012112;0.016592;-0.002928;-84;42;-91;1
174758229;1.0150399;0.015616;-0.000976;-98;49;-84;1
174801722;1.009184;0.008784;0.001952;-119;56;-77;1
174820700;1.0111359;0.006832;0.002928;-126;42;-77;1
174845447;1.013088;0.0068320000101_000005_192721_accel_adxl375.csv@174846476;1.7149999;0.147;0.147sv@174855051;577;312;4254
174858777;1.0111359;0.00488;0.003904;-105;42;-98;1
174870090;1.014064;0.00488;0.000976;-98;42;-98;1
174882427;1.012112;0.008784;0.003904;-91;42;-105;1
174894469;1.016016;0.00976;0.000976;-91;42;-105;1
174914727;1.014064;0.012688;0.002928;-98;56;-105;1
174927152;1.0111359;0.00976;0.003904;-105;49;-91;1
174942995;1.014064;0.011712;0.005856;-119;49;-91;1
174954618;1.012112;0.0@20000101_000005_192721_laser_agl.csv@174958805;0.019;1
174965215;1.012112;0.008784;0.00488;-105;42;-98;1
174976704;1.012112;0.008784;0.003904;-91;42;-105;1
174987217;1.013088;0.006832;0.005856;-91;28;-105;1
174999764;1.013088;0.00488;0.00488;-91;35;-112;1
175017025;1.013088;0.005856;0.002928;-63;28;-119;1
175032111;1.013088;0.006832;0.001952;-49;28;-119;1
175044853;1.012112;0.00976;0.001952;-63;28;-119;1
175056237;1.0111359;0.013664;0.001952;-70;28;-119;1
175067596;1.01016;0.010736;0.001952;-49;35;-112;1
175078209;1.009184;0.011712;0.000976;-42;35;-112;1
175094847;1.0111359;0.015616;0.002928;-70;35;-112;1
175112990;1.014064;0.016592;0.001952;-77;28;-98;1
175134651;1.013088;0.011712;0.002928;-105;28;-91;1
175147514;1.016016;0.008784;0.003904;-105;28;-84;1
175157980;1.0111359;0.011712;0.001952;-77;28;-91;1
175170414;1.0111359;0.006832;0.0;-91;28;-98;1
175181167;1.016016;0.007808;0.001952;-105;35;-105;1
175197023;1.013088;0.010736;0.001952;-77;35;-98;1
175208063;1.0150399;0.010736;-0.000976;-63;35;-105;1
175246515;1.016016;0.011712;0.000976;-77;42;-98;1
175272920;1.01016;0.013664;0.002928;-105;42;-77;1
175283981;1.0111359;0.015616;0.005856;-105;42;-70;1
175297965;1.013088;0.00976;0.002928;-91;35;-70;1
175309195;1.013088;0.003904;0.002928;-98;28;-70;1
175321553;1.013088;0.0@20000101_000005_192721_accel_adxl375.csv@175332935;1.7149999;0.147;0.196;1
175334833;1.0150399;0.002928;0.003904;-98;35;-91;1
175346595;1.013088;0.005856;0.000976;-77;42;-98;1
175359920;1.013088;0.006832;0.002928;-70;42;-98;1
175371813;1.014064;0.006832;0.001952;-84;42;-105;1
175383450;1.0150399;0.00976;0.001952;-77;42;-105;1
175399849;1.0111359;0.011712;0.000976;-77;35;-105;1
175419560;1.012112;0.016592;0.002928;-84;35;-105;1
175442997;1.0111359;0.011712;0.005856;-91;35;-98;1
175458747;1.013088;0.006832;0.002928;-98;35;-91;1
175469176;1.014064;0.007808;0.003904;-105;35;-98;1
175480228;1.01016;0.008784;0.000976;-91;35;-98;1
175490943;1.012112;0.006832;0.000976;-84;28;-98;1
175502014;1.01016;0.00976;0.001952;-91;35;-105;1
175516426;1.0111359;0.005856;0.001952;-56;42;-112;1
175528797;1.012112;0.00976;0.0;-63;42;-119;1
175544546;1.013088;0.011712;0.003904;-63;42;-126;1
175568973;1.014064;0.012688;0.002928;-77;42;-112;1
175580763;1.012112;0.017568;0.003904;-77;42;-112;1
175591715;1.01016;0.017568;0.000976;-91;42;-105;1
175602990;1.014064;0.015616;0.002928;-84;42;-98;1
175614445;1.016016;0.012688;0.0;-91;42;-91;1
175626080;1.013088;0.00976;-0.000976;-119;35;-91;1
175638598;1.0150399;0.00976;0.001952;-112;42;-84;2
175670457;1.0111359;0.006832;0.002928;-98;49;-91;1
175690811;1.014064;0.007808;0.007808;-98;42;-98;1
175704572;1.01016;0.007808;0.00488;-98;42;-105;1
175726699;1.0150399;0.010736;0.00488;-84;35;-105;1
175737075;1.0111359;0.015616;0.001952;-77;35;-105;1
175766301;1.0150399;0.016592;-0.00488;-98;42;-84;1
175779931;1.0150399;0.010736;-0.000976;-112;56;-70;1
175793911;1.013088;0.007808;0.001952;-119;63;-70;1
175813925;1.013088;0.003904;0.006832;-119;49;-77;1
175833441;1.012112;0.00488;0.00488;-98;35;-91;1
175845537;1.0111359;0.002928;0.003904;-91;35;-98;1
175859061;1.014064;0.008784;0.00488;-77;28;-112;1
175871770;1.0150399;0.00976;0.000976;-70;14;-119;1
175882954;1.0150399;0.011712;-0.000976;-63;21;-112;1
175899763;1.014064;0.00976;-0.000976;-56;21;-112;1
175915153;1.012112;0.013664;-0.000976;-84;42;-105;1
175933060;1.012112;0.010736;0.0;-84;42;-91;1
175944838;1.012112;0.00976;0.000976;-91;49;-91;1
175957780;1.013088;0.007808;0.000976;-84;56;-91;1
175969505;1.014064;0.005856;0.003904;-77;56;-98;1
175982647;1.013088;0.007808;0.005856;-91;49;-105;1
175996120;1.013088;0.00976;0.007808;-84;35;-112;1
176008003;1.009184;0.00976;0.008784;-70;21;-119;1
176019105;1.012112;0.007808;0.00488;-63;21;-119;1
176052864;1.014064;0.0@20000101_000005_192721_imu_lsm6dso32.csv@176064192;1.013088;0.016592;-0.000976;-77;28;-105;1
176075032;1.0150399;0.013664;0.0;-91;42;-112;1
176086099;1.0150399;0.012688;-0.002928;-91;56;-98;1
176123690;1.016016;0.010736;0.002928;-105;56;-84;1
176137839;1.013088;0.011712;0.00488;-112;49;-91;1
176149573;1.01016;0.00976;0.006832;-105;49;-91;1
176160688;1.013088;0.00976;0.007808;-105;42;-91;1
176171467;1.012112;0.00976;0.00488;-119;42;-91;1
176184720;1.0111359;0.008784;0.000976;-98;28;-91;1
176195112;1.0150399;0.011712;0.0;-112;28;-91;1
176208199;1.013088;0.008784;-0.000976;-119;42;-98;1
176219454;1.0111359;0.617250;0.961592464;0.028552056;-0.248810768
176232556;1.012112;0.011712;-0.000976;-112;56;-91;1
176245128;1.013088;0.010736;0.001952;-105;56;-84;1
176268252;1.012112;0.00976;0.005856;-126;63;-84;1
176278978;1.0111359;0.005856;0.008784;-112;56;-84;1
176295304;1.013088;0.005856;0.008784;-119;49;-91;1
176306087;1.012112;0.00488;0.005856;-91;35;-91;1
176317542;1.0111359;0.006832;0.006832;-84;28;-98;1
176339969;1.012112;0.007808;0.001952;-63;21;-105;1
176351070;1.012112;0.007808;0.000976;-77;21;-112;1
176365600;1.012112;0.011712;0.000976;-77;28;-112;1
176376068;1.0111359;0.012688;0.0;-63;28;-98;1
176391475;1.0150399;0.013664;0.0;-91;49;-91;1
176413019;1.0111359;0.00976;0.001952;-112;49;-98;1
176433083;1.013088;0.007808;0.00488;-112;49;-98;1
176445833;1.009184;0.007808;0.008784;-105;42;-105;1
176457062;1.012112;0.006832;0.006832;-91;42;-98;1
176470303;1.0111359;0.003904;0.007808;-70;28;-126;1
176481198;1.008208;0.006832;0.005856;-63;21;-126;1
176521070;1.013088;0.01464;-0.000976;-49;28;-133;1
176534851;1.013088;0.013664;-0.003904;-56;28;-119;1
176549032;1.016016;0.01464;-0.001952;-70;35;-119;1
176560260;1.013088;0.015616;-0.002928;-77;49;-98;1
176571393;1.009184;0.010736;0.001952;-84;56;-91;1
176610327;1.013088;0.007808;0.007808;-126;42;-91;1
176622258;1.013088;0.007808;0.006832;-112;35;-91;1
176635511;1.012112;0.008784;0.005856;-98;28;-98;1
176646287;1.012112;0.008784;0.002928;-84;21;-98;1
176663094;1.014064;0.013664;-0.000976;-77;14;-105;1
176674103;1.012112;0.011712;-0.002928;-77;21;-105;1
176699577;1.0111359;0.012688;-0.001952;-77;35;-98;1
176712304;1.013088;0.013664;-0.000976;-63;49;-84;1
176724602;1.0150399;0.017568;0.0;-77;49;-84;1
176736221;1.014064;0.015616;0.00488;-105;49;-70;1
176753037;1.014064;0.00976;0.00488;-133;49;-70;1
176765407;1.01016;0.006832;0.007808;-98;42;-77;1
176776631;1.012112;0.003904;0.008784;-70;35;-84;1
176790175;1.012112;0.002928;0.006832;-77;28;-91;1
176804030;1.0111359;0.002928;0.003904;-77;14;-112;1
176817940;1.013088;0.006832;0.002928;-49;14;-112;1
176828892;1.013088;0.007808;0.000976;-35;14;-119;1
176853055;1.014064;0.012688;0.000976;-28;21;-126;1
176873025;1.009184;0.01464;-0.003904;-42;21;-112;1
176885348;1.0111359;0.015616;0.000976;-63;42;-105;1
176896162;1.016016;0.013664;0.000976;-70;42;-105;1
176935463;1.014064;0.007808;0.003904;-140;28;-84;1
176948644;1.0111359;0.001952;0.007808;-147;21;-91;1
176967427;1.012112;0.002928;0.002928;-84;7;-105;1
176978160;1.012112;0.003904;0.001952;-84;7;-119;1
177002285;1.0111359;0.00488;-0.001952;-77;7;-133;1
177015120;1.014064;0.008784;-0.00488;-42;21;-133;1
177025959;1.012112;0.018544;-0.003904;-28;42;-133;1
177045752;1.014064;0.021472;-0.001952;-49;56;-126;1
177057369;1.014064;0.020496;0.003904;-98;56;-84;1
177069783;1.0111359;0.01952;0.00488;-112;63;-70;1
177079993;1.01016;0.017568;0.00488;-133;49;-56;1
177094673;1.012112;0.011712;0.007808;-126;42;-56;1
177113488;1.0111359;0.001952;0.001952;-119;21;-56;1
177135227;1.013088;-0.003904;0.0;-119;28;-84;1
177147781;1.013088;0.001952;-0.003904;-63;28;-112;1
177159051;1.013088;0.010736;-0.002928;-42;35;-119;1
177170885;1.0150399;0.013664;-0.001952;-42;42;-119;1
177183740;1.012112;0.01464;-0.001952;-56;49;-119;1
177197902;1.0111359;0.017568;-0.000976;-42;56;-105;1
177209243;1.013088;0.021472;0.00488;-77;63;-91;1
177220233;1.0111359;0.@20000101_000005_192721_accel_adxl375.csv@177224854;1.7149999;0.196;0.147;1
177230901;1.014064;0.01464;0.005856;-126;49;-70;1
177246455;1.013088;0.011712;0.005856;-126;35;-56;1
177270025;1.0111359;0.002928;-0.000976;-112;28;-77;1
177281979;1.0111359;0.001952;0.000976;-98;28;-91;1
177296387;1.012112;0.001952;-0.001952;-77;28;-98;1
177307137;1.0111359;0.001952;-0.003904;-70;35;-112;1
177338156;1.014064;0.006832;0.0;-49;56;-140;1
177359026;1.012112;0.015616;0.00488;-35;63;-133;1
177370593;1.012112;0.017568;0.003904;-70;56;-119;1
177384822;1.008208;0.017568;0.007808;-105;42;-105;1
177397095;1.013088;0.013664;0.006832;-112;28;-91;1
177409942;1.016016;0.012688;0.001952;-112;21;-91;1
177422916;1.012112;0.006832;0.0;-119;21;-91;1
177443017;1.013088;0.006832;-0.00488;-119;35;-98;1
177456045;1.0150399;0.007808;-0.003904;-105;42;-105;1
177467311;1.012112;0.007808;-0.002928;-84;56;-112;1
177479771;1.014064;0.011712;-0.003904;-63;63;-119;1
177490072;1.0111359;0.012688;0.002928;-70;63;-112;1
177501195;1.012112;0.010736;0.003904;-98;70;-119;1
177514103;1.0111359;0.010736;0.010736;-91;56;-112;1
177545335;1.0111359;0.016592;0.00488;-105;28;-98;1
177556337;1.0150399;0.012688;0.006832;-126;21;-91;1
177570819;1.012112;0.013664;0.000976;-119;21;-84;1
177593085;1.013088;0.011712;-0.003904;-112;21;-77;1
177608121;1.014064;0.010736;-0.002928;-112;42;-77;1
177619447;1.0111359;0.008784;-0.001952;-112;56;-70;1
177630199;1.008208;0.007808;0.0;-112;63;-70;1
177641201;1.012112;0.007808;0.000976;-112;63;-77;1
177654161;1.012112;0.006832;0@20000101_000005_192721_baro_icp10111.csv@177656831;-22.374774;36.988524;101594.02;2.3060456
177665218;1.0111359;0.005856;0.008784;-70;49;-91;1
177678552;1.012112;0.007808;0.007808;-70;42;-105;1
177690153;1.013088;0.007808;0.010736;-84;28;-105;1
177707697;1.0111359;0.011712;0.003904;-63;14;-98;1
177717947;1.0111359;0.016592;0.001952;-56;14;-98;1
177729094;1.013088;0.015616;-0.000976;-63;7;-91;1
177742993;1.0111359;0.01464;-0.003904;-91;21;-91;1
177784422;1.012112;0.00488;0.0;-105;56;-91;1
177806308;1.012112;0.003904;0.006832;-91;56;-105;1
177819064;1.013088;0.003904;0.00976;-35;28;-126;1
177832310;1.013088;0.007808;0.00976;-28;21;-133;1
177843321;1.012112;0.013664;0.007808;-35;7;-140;1
177854607;1.014064;0.0@20000101_000005_192721_imu_bno055.csv@177860889;342.25;7593;-17244;0.961592464;0.033650636;-0.24167276
177868022;1.01016;0.017568;-0.003904;-42;14;-112;1
177880272;1.014064;0.017568;-0.003904;-91;21;-105;1
177895692;1.014064;0.015616;-0.002928;-98;35;-98;1
177915700;1.013088;0.011712;-0.00488;-112;56;-84;1
177927100;1.009184;0.00976;0.0;-112;63;-84;1
177948735;1.0111359;0.003904;0.007808;-112;56;-98;1
177959613;1.013088;0.001952;0.00976;-77;42;-112;1
177972259;1.012112;0.00488;0.007808;-84;28;-126;1
177984834;1.0150399;0.008784;0.006832;-56;28;-126;1
178000246;1.012112;0.015616;0.001952;-56;14;-133;1
178023035;1.013088;0.021472;-0.003904;-63;21;-112;1
178039093;1.012112;0.018544;-0.003904;-91;21;-91;1
178054016;1.0111359;0.016592;-0.002928;-119;49;-70;1
178065207;1.0111359;0.013664;-0.000976;-140;56;-63;1
178076868;1.013088;0.00976;0.0;-140;56;-56;1
178104739;1.0111359;0.000976;0.006832;-154;63;-56;1
178123023;1.014064;0.001952;0.008784;-91;35;-77;1
178135921;1.014064;-0.000976;0.008784;-70;28;-98;1
178147179;1.012112;0.003904;0.003904;-63;14;-112;1
178159329;1.016016;0.005856;0.001952;-42;14;-119;1
178171469;1.014064;0.012688;0.000976;-49;14;-126;1
178184627;1.014064;0.015616;0.000976;-42;28;-119;1
178195336;1.0111359;0.018544;-0.00488;-56;28;-112;1
178245429;1.014064;0.00976;0.005856;-140;56;-63;1
178258869;1.0111359;0.001952;0.005856;-140;49;-63;1
178271419;1.01016;0.001952;0.008784;-119;42;-77;1
178282895;1.012112;0.0;0.00976;-105;28;-91;1
178298933;1.013088;0.0;0.002928;-70;21;-126;1
178310118;1.0150399;0.00488;0.000976;-56;14;-140;1
178321571;1.014064;0.0@20000101_000005_192721_power_ina226.csv@178343596;3935;467;1825;0
178346272;1.0141;342.25;7593;-17232;0.961592464;0.031611204;-0.247791052
178361070;1.012112;0.022448;-0.000976;-63;42;-126;1
178375361;1.014064;0.01952;0.001952;-63;42;-91;1
178385916;1.013088;0.020496;0.003904;-77;42;-77;1
178402966;1.014064;0.016592;0.002928;-112;42;-70;1
178414587;1.0111359;0.00976;0.005856;-126;35;-70;1
178425402;1.012112;0.003904;0.003904;-119;28;-77;1
178436792;1.013088;0.00488;0.000976;-91;21;-84;1
178456654;1.012112;0.00488;-0.002928;-84;28;-119;1
178467289;1.016016;0.008784;-0.000976;-70;35;-119;1
178480483;1.012112;0.007808;0.003904;-63;42;-126;1
178491160;1.013088;0.011712;0.000976;-63;49;-126;1
178502155;1.012112;0.016592;0.0;-70;42;-119;1
178515636;1.012112;0.01952;0.002928;-63;35;-105;1
178526397;1.013088;0.01952;0.001952;-63;42;-91;1
178544519;1.012112;0.021472;0.005856;-126;49;-77;1
178558934;1.013088;0.010736;0.003904;-119;42;-49;1
178570197;1.013088;0.007808;0.003904;-126;28;-49;1
178582566;1.012112;0.007808;0.002928;-126;28;-56;1
178593311;1.0111359;0.001952;-0.001952;-140;35;-63;1
178606223;1.0111359;0.003904;-0.000976;-126;35;-77;1
178625165;1.014064;0.000976;-0.000976;-84;28;-98;1
178636988;1.013088;0.002928;0.0;-77;28;-112;1
178680792;1.013088;0.017568;0.000976;-77;56;-98;1
178697700;1.012112;0.013664;0.007808;-91;56;-91;1
178716151;1.01016;0.00976;0.00488;-119;35;-84;1
178734513;1.013088;0.005856;0.003904;-91;35;-77;1
178748834;1.0111359;0.003904;0.00488;-98;28;-91;1
178760219;1.012112;0.003904;0.0;-77;28;-112;1
178771960;1.012112;0.002928;0.001952;-84;28;-126;1
178799844;1.01016;0.006832;0.002928;-56;28;-133;1
178815200;1.0111359;0.010736;0.0;-70;35;-126;1
178834465;1.014064;0.01464;0.0;-56;56;-112;1
178847126;1.012112;0.017568;0.00488;-84;49;-105;1
178858720;1.0111359;0.015616;0.003904;-91;49;-105;1
178871198;1.012112;0.01464;0.00488;-91;42;-91;1
178883796;1.013088;0.012688;0.00488;-105;35;-84;1
178900315;1.013088;0.007808;0.005856;-112;35;-91;1
178913203;1.013088;0.00488;0.00488;-98;21;-98;1
178924003;1.012112;0.006832;0.00488;-70;14;-105;1
178942810;1.014064;0.008784;-0.000976;-63;14;-119;1
178953720;1.012112;0.0@20000101_000005_192721_accel_adxl375.csv@178957274;1.7149999;0.147;0.196;1
178964764;1.0150399;0.013664;-0.002928;-70;28;-112;1
178975008;1.0150399;0.013664;-0.001952;-63;35;-105;1
178987311;1.0150399;0.5@20000101_000005_192721_accel_adxl375.csv@178992244;1.7639999;0.098;0.196;1
178998956;1.0150399;0.016592;-0.000976;-84;42;-91;1
179014623;1.013088;0.012688;0.00488;-91;56;-77;1
179033036;1.012112;0.00976;0.00488;-98;56;-70;1
179044825;1.0111359;0.011712;0.006832;-112;35;-77;1
179056628;1.014064;0.00976;0.005856;-126;28;-70;1
179094163;1.013088;0.003904;0.001952;-84;21;-84;1
179113619;1.013088;0.00976;-0.002928;-84;21;-98;1
179126567;1.012112;0.006832;-0.000976;-63;28;-105;1
179143669;1.013088;0.008784;0.001952;-84;42;-112;1
179156037;1.016016;0.00976;0.001952;-91;35;-105;1
179170107;1.0111359;0.015616;-0.003904;-70;42;-98;1
179181623;1.013088;0.013664;-0.001952;-70;42;-91;1
179192060;1.014064;0.010736;-0.000976;-112;56;-91;1
179206540;1.013088;0.007808;0.003904;-91;49;-91;1
179218521;1.012112;0.003904;0.00488;-112;49;-91;1
179229191;1.012112;0.005856;0.002928;-112;42;-98;1
179242014;1.01016;0.002928;0.002928;-105;35;-105;1
179266247;1.0150399;0.00488;0.007808;-56;35;-119;1
179279840;1.01016;0.007808;0.001952;-56;28;-133;1
179291035;1.013088;0.011712;0.0;-49;28;-133;1
179304173;1.012112;0.015616;-0.002928;-70;28;-126;1
179319343;1.01406320301;1.7639999;0.098;0.196;1
179330025;1.0111359;0.013664;0.0;-84;63;-112;1
179353060;1.0111359;0.01464;0.003904;-105;63;-91;1
179366835;1.014064;0.011712;0.003904;-119;56;-98;1
179378120;1.0111359;0.007808;0.007808;-119;49;-98;1
179391996;1.009184;0.006832;0.010736;-77;42;-98;1
179413025;1.012112;0.013664;0.006832;-91;21;-105;1
179425420;1.013088;0.012688;0.000976;-77;14;-105;1
179445103;1.013088;0.012688;-0.000976;-77;21;-105;1
179463066;1.0150399;0.015616;-0.007808;-70;35;-84;1
179474585;1.01016;0.01464;-0.00488;-91;42;-77;1
179484937;1.014064;0.013664;-0.001952;-105;56;-84;1
179498025;1.016016;0.011712;-0.001952;-98;70;-84;1
179531660;1.01016;0.007808;0.011712;-126;56;-77;1
179547341;1.009184;0.007808;0.010736;-98;42;-77;1
179563620;1.013088;0.003904;0.00976;-98;14;-98;1
179574136;1.0111359;0.007808;0.007808;-84;0;-105;1
179587428;1.0111359;0.008784;0.000976;-70;-7;-98;1
179598029;1.012112;0.00976;-0.002928;-56;0;-91;1
179635188;1.01016;0.007808;-0.000976;-77;56;-98;1
179667754;1.008208;0.00976;0.001952;-84;49;-98;1
179678004;1.0111359;0.008784;0.00488;-105;49;-98;1
179694391;1.0111359;0.008784;0.005856;-91;49;-105;1
179705058;1.0111359;0.00976;0.005856;-77;35;-105;1
179716323;1.014064;0.008784;0.00488;-70;28;-105;1
179733033;1.0150399;0.00976;0.001952;-84;21;-112;1
179745156;1.0111359;0.008784;-0.002928;-63;28;-119;1
179759436;1.013088;0.015616;-0.003904;-63;42;-119;1
179770083;1.013088;0.011712;-0.00488;-77;49;-119;1
179781218;1.014064;0.013664;-0.002928;-84;56;-112;1
179796262;1.013088;0.010736;0.0;-77;56;-105;1
179807143;1.016016;0.008784;0.000976;-91;63;-105;1
179818146;1.0150399;0.00976;0.003904;-112;63;-112;1
179853093;1.012112;0.012688;0.005856;-112;42;-91;1
179868031;1.0111359;0.007808;0.003904;-98;42;-98;1
179882138;1.013088;0.008784;0.001952;-91;35;-98;1
179900187;1.0111359;0.008784;-0.000976;-105;35;-98;1
179925515;1.014064;0.00976;-0.000976;-105;49;-98;1
179937479;1.013088;0.013664;0.000976;-91;56;-105;1
179964401;1.014064;0.013664;0.001952;-91;56;-91;1
180003703;1.013088;0.006832;0.010736;-126;49;-77;1
180015308;1.01016;0.006832;0.012688;-98;42;-77;1
180029998;1.01016;0.00488;0.001952;-91;14;-91;1
180042966;1.0111359;0.005856;0.002928;-84;14;-98;1
180058263;1.013088;0.006832;0.000976;-77;21;-112;1
180069170;1.012112;0.010736;-0.000976;-56;28;-112;1
180080773;1.014064;0.013664;-0.001952;-35;21;-105;1
180092467;1.014064;0.01464;-0.00488;-63;28;-105;1
180105644;1.014064;0.017568;-0.002928;-77;35;-98;1
180117016;1.01016;0.012688;-0.000976;-77;49;-91;1
180128084;1.01016;0.011712;0.001952;-84;56;-91;1
180139625;1.013088;0.010736;0.006832;-91;56;-91;1
180150884;1.012112;0.006832;0.008784;-98;42;-91;1
180161953;1.009184;0.00488;0.007808;-98;28;-91;1
180174933;1.012112;0.003904;0.006832;-84;21;-98;1
180186187;1.012112;0.01101_000005_192721_gnss_gga.csv@180187863;0.0;0.0;0;0;2550
180197682;1.014064;0.005856;0.001952;-84;14;-119;1
180208239;1.012112;0.010736;0.001952;-63;14;-112;1
180220349;1.01016;0.011712;-0.001952;-77;14;-112;1
180231011;1.013088;0.010736;-0.002928;-56;28;-119;1
180246934;1.0150399;0.013664;-0.000976;-49;35;-112;1
180259578;1.012112;0.01464;-0.001952;-63;49;-112;1
180271747;1.013088;0.012688;0.001952;-77;63;-105;1
180283204;1.0111359;0.011712;0.002928;-77;63;-98;1
180298403;1.0150399;0.011712;0.00488;-77;63;-98;1
180309329;1.0150399;0.008784;0.00488;-84;49;-91;1
180320240;1.012112;0.008784;0.00488;-98;42;-98;1
180337827;1.008208;0.010736;0.000976;-84;35;-91;1
180348960;1.0111359;0.007808;0.000976;-98;28;-91;1
180360707;1.014064;0.00976;0.0;-105;28;-105;1
180373285;1.0111359;0.013664;-0.000976;-98;35;-105;1
180430160;1.012112;0.010736;0.00488;-105;63;-98;1
180453283;1.012112;0.010736;0.006832;-91;49;-84;1
180464096;1.0111359;0.005856;0.005856;-105;35;-91;1
180479666;1.0150399;0.005856;0.005856;-105;35;-98;1
180490263;1.014064;0.006832;0.006832;-70;35;-98;1
180505870;1.009184;0.011712;0.001952;-77;21;-105;1
180516863;1.013088;0.012688;-0.000976;-77;14;-98;1
180535581;1.013088;0.007808;-0.002928;-91;35;-91;1
180547619;1.008208;0.011712;0.0;-91;42;-91;1
180560380;1.012112;0.010736;-0.000976;-84;49;-84;1
180572992;1.0111359;0.006832;0.001952;-98;49;-77;1
180587576;1.0111359;0.@20000101_000005_192721_accel_adxl375.csv@180597395;1.7639999;0.196;0.196;1
180599177;1.012112;0.001952;0.00488;-91;42;-105;1
180613610;1.0150399;0.000976;0.008784;-77;28;-112;1
180632009;1.01016;0.007808;0.003904;-56;21;-126;1
180643402;1.0111359;0.010736;0.00488;-70;14;-133;1
180654723;1.013088;0.05dp810.csv@180657078;692;342;4259
180665202;1.016016;0.015616;0.0;-42;14;-126;1
180678310;1.013088;0.01952;-0.001952;-63;21;-105;1
180691197;1.012112;0.015616;-0.002928;-77;28;-91;1
180703934;1.012112;0.01464;0.001952;-91;42;-84;1
180724969;1.0150399;0.008784;0.003904;-98;49;-84;1
180736457;1.013088;0.00488;0.003904;-98;49;-91;1
180748863;1.012112;0.005856;0.006832;-70;35;-98;1
180761298;1.0111359;0.003904;0.003904;-98;35;-112;1
180771945;1.009184;0.008784;0.002928;-91;28;-112;1
180784647;1.0111359;0.008784;0.003904;-56;28;-112;1
180803080;1.012112;0.016592;0.0;-77;28;-119;1
180814100;1.013088;0.01464;-0.000976;-84;28;-112;1
180836233;1.0111359;0.01464;0.000976;-105;35;-91;1
180875018;1.0150399;0.005856;0.001952;-112;56;-84;1
180903830;1.0111359;0.00000101_000005_192721_imu_bno055.csv@180921534;342.25;7593;-17225;0.9605727;0.02447319;-0.23963332
180925322;1.0150399;0.007808;0.008784;-91;56;-98;1
180939267;1.013088;0.008784;0.00488;-84;42;-98;1
180949963;1.012112;0.010736;0.002928;-98;35;-105;1
180962825;1.013088;0.011712;0.0;-77;42;-105;1
180975741;1.013088;0.010736;0.000976;-91;42;-105;1
180986295;1.014064;0.012688;0.00488;-98;49;-105;1
181001098;1.0111359;0.012688;-0.000976;-84;49;-98;1
181014716;1.0111359;0.011712;0.002928;-112;56;-91;1
181034790;1.013088;0.007808;0.001952;-105;56;-91;1
181047895;1.0150399;0.00976;0.00488;-105;56;-91;1
181060860;1.012112;0.006832;0.00488;-105;56;-91;1
181072318;1.0111359;0.008784;0.010736;-119;49;-98;1
181082996;1.009184;0.003904;0.00488;-91;28;-98;1
181096768;1.012112;0.00488;0.001952;-70;28;-112;1
181113025;1.016016;0.003904;0.005856;-77;21;-119;1
181124116;1.013088;0.011712;0.001952;-63;28;-126;1
181136220;1.01016;0.012688;-0.000976;-56;28;-119;1
181149623;1.013088;0.012688;-0.000976;-49;28;-112;1
181160254;1.012112;0.015616;0.001952;-49;35;-119;1
181171279;1.012112;0.013664;0.002928;-70;35;-112;1
181182014;1.013088;0.01464;0.003904;-70;35;-105;1
181194354;1.013088;0.013664;0.00488;-84;35;-91;1
181206038;1.0150399;0.007808;0.002928;-105;35;-91;1
181218926;1.01016;0.00976;0.001952;-91;35;-84;1
181230507;1.0111359;0.006832;0.002928;-77;35;-84;1
181267585;1.013088;0.006832;0.001952;-84;21;-112;1
181285389;1.012112;0.007808;0.001952;-63;21;-112;1
181298396;1.012112;0.012688;0.0;-56;28;-119;1
181309944;1.013088;0.015616;0.0;-77;35;-112;1
181347989;1.0150399;0.01464;0.001952;-105;56;-84;1
181360835;1.012112;0.011712;0.00488;-119;49;-84;1
181373803;1.012112;0.007808;0.006832;-126;49;-77;1
181386820;1.0111359;0.@20000101_000005_192721_accel_adxl375.csv@181394003;1.7639999;0.147;0.147;1
181398636;1.014064;0.002928;0.003904;-119;35;-84;1
181410326;1.014064;0.005856;0.000976;-105;35;-91;1
181423035;1.013088;0.00976;0.0;-98;28;-91;1
181436407;1.012112;0.010736;0.001952;-91;35;-91;1
181447205;1.01016;0.00976;-0.000976;-84;35;-98;1
181459028;1.01016;0.011712;-0.001952;-105;56;-98;1
181470048;1.012112;0.008784;0.0;-98;56;-91;1
181501767;1.01016;0.006832;0.007808;-91;56;-105;1
181514108;1.014064;0.00976;0.008784;-98;42;-105;1
181540748;1.0111359;0.012688;0.00488;-70;21;-105;1
181551166;1.013088;0.011712;0.002928;-84;21;-105;1
181564995;1.012112;0.013664;0.0;-84;21;-105;1
181576554;1.013088;0.00976;-0.001952;-84;28;-98;1
181588935;1.0111359;0.00976;-0.002928;-98;35;-91;1
181602236;1.0150399;0.008784;0.000976;-112;49;-98;1
181618365;1.012112;0.005856;0.003904;-105;56;-105;1
181633381;1.013088;0.005856;0.005856;-84;49;-112;1
181647128;1.0150399;0.006832;0.00976;-84;42;-119;1
181669578;1.0111359;0.013664;0.006832;-63;28;-119;1
181711156;1.012112;0.015616;-0.001952;-77;21;-105;1
181725034;1.013088;0.013664;-0.002928;-70;28;-98;1
181749254;1.012112;0.011712;-0.0.csv@181750777;495;289;4257
181760742;1.01016;0.010736;-0.001952;-70;35;-91;1
181773992;1.0111359;0.012688;0.002928;-70;49;-98;1
181786102;1.013088;0.011712;0.002928;-70;56;-91;1
181798771;1.014064;0.010736;0.00488;-84;49;-98;1
181827140;1.013088;0.005856;0.006832;-70;28;-91;1
181845539;1.013088;0.012688;0.002928;-84;21;-98;1
181856277;1.0150399;0.010736;0.001952;-77;21;-91;1
181867966;1.012112;0.011712;-0.001952;-91;21;-91;1
181879102;1.0111359;0.012688;-0.00488;-91;28;-91;1
181894674;1.0150399;0.007808;-0.00488;-105;49;-91;1
181907716;1.01016;0.011712;-0.003904;-91;56;-84;1
181920054;1.012112;00-98;63;-84;1
181930948;1.013088;0.011712;0.001952;-126;63;-84;1
181942185;1.01016;0.007808;0.002928;-112;63;-84;1
181954968;1.013088;0.008784;0.006832;-112;56;-91;1
181968871;1.012112;0.007808;0.005856;-112;56;-98;1
181980443;1.012112;0.008784;0.008784;-112;49;-105;1
181992421;1.014064;0.010736;0.003904;-112;35;-105;1
182006124;1.016016;0.00976;0.002928;-77;35;-105;1
182034164;1.009184;0.00976;0.0;-105;35;-112;1
182045186;1.0111359;0.010736;0.000976;-91;42;-105;1
182059519;1.012112;0.008784;0.001952;-91;49;-105;1
182070136;1.014064;0.010736;0.000976;-98;56;-105;1
182085542;1.0150399;0.007808;0.0;-105;56;-105;1
182097468;1.013088;0.010736;0.007808;-91;56;-105;1
182116407;1.013088;0.007808;0.006832;-84;42;-105;1
182158021;1.013088;0.00976;0.000976;-84;35;-105;1
182173082;1.013088;0.013664;0.000976;-84;28;-105;1
182191536;1.014064;0.007808;0.000976;-77;28;-105;1
182202094;1.012112;0.00976;0.003904;-77;35;-105;1
182214829;1.013088;0.00976;0.001952;-84;35;-98;1
182244390;1.014064;0.011712;0.003904;-77;28;-105;1
182257108;1.013088;0.00976;0.003904;-77;21;-98;1
182269725;1.0111359;0.016592;0.001952;-70;21;-91;1
182280234;1.012112;0.013664;0.002928;-84;28;-91;1
182295106;1.013088;0.013664;0.003904;-77;28;-91;1
182305906;1.012112;0.010736;0.001952;-77;28;-84;1
182318842;1.0150399;0.008784;0.001952;-77;28;-91;1
182329973;1.013088;0.008784;0.000976;-70;28;-98;1
182341166;1.0111359;0.012688;0.0;-77;35;-91;1
182352581;1.014064;0.007808;0.001952;-77;35;-84;1
182367974;1.0150399;0.007808;0.001952;-70;35;-84;1
182379171;1.0111359;0.00488;0.002928;-70;35;-91;1
182392950;1.014064;0.008784;0.00488;-63;28;-98;1
182415040;1.013088;0.011712;0.0;-77;28;-98;1
182433074;1.013088;0.011712;-0.000976;-77;35;-98;1
182444865;1.0150399;0.00976;0.0;-84;35;-105;1
182457931;1.014064;0.010736;0.001952;-70;35;-98;1
182471779;1.014064;0.00976;0.000976;-77;35;-105;1
182493072;1.009184;0.006832;-0.001952;-91;49;-98;1
182507300;1.01016;0.00488;0.0;-84;49;-98;1
182531439;1.01016;0.008784;0.006832;-91;49;-112;1
182542087;1.013088;0.011712;0.005856;-70;35;-112;1
182585767;1.016016;0.008784;0.003904;-77;42;-105;1
182601648;1.013088;0.007808;0.002928;-98;42;-112;1
182628952;1.012112;0.01464;0.0;-84;42;-112;1
182644917;1.0111359;0.012688;0.000976;-98;49;-105;1
182659454;1.0150399;0.012688;0.005856;-98;49;-105;1
182671648;1.0111359;0.012688;0.005856;-84;49;-98;1
182682118;1.013088;0.013664;0.003904;-84;42;-98;1
182699492;1.013088;0.011712;0.00488;-105;42;-98;1
182710048;1.0150399;0.011712;0.001952;-105;42;-91;1
182724262;1.0150399;0.013664;0.003904;-91;42;-84;1
182742574;1.0111359;0.010736;0.005856;-98;35;-91;1
182753138;1.01016;0.00976;0.005856;-98;35;-91;1
182764805;1.0111359;0.010736;0.000976;-91;35;-91;1
182776011;1.013088;0.008784;0.003904;-84;35;-91;1
182795498;1.013088;0.007808;0.002928;-91;42;-91;1
182805989;1.014064;0.008784;0.001952;-84;42;-98;1
182818513;1.014064;0.006832;0.001952;-70;42;-98;1
182829896;1.0111359;0.013664;0.001952;-91;35;-98;1
182844931;1.013088;0.013664;0.002928;-98;35;-91;1
182868684;1.012112;0.011712;0.002928;-105;49;-77;1
182879595;1.0111359;0.006832;0.006832;-112;49;-77;1
182892129;1.014064;0.008784;0.006832;-112;49;-77;1
182919108;1.009184;0.000976;0.003904;-98;35;-98;1
182932548;1.012112;0.003904;0.001952;-91;42;-105;1
182942978;1.012112;0.006832;0.001952;-70;35;-112;1
182954302;1.014064;0.0@20000101_000005_192721_accel_adxl375.csv@182962153;1.7149999;0.098;0.147;1
182965116;1.014064;0.007808;0.003904;-63;28;-126;1
182977302;1.016992;0.013664;0.001952;-63;28;-119;1
183032741;1.0111359;0.010736;0.000976;-105;49;-91;1
183047901;1.0111359;0.00976;0.000976;-112;49;-91;1
183070238;1.013088;0.007808;0.00488;-112;49;-105;1
183081158;1.0111359;0.005856;0.007808;-91;42;-105;1
183099768;1.012112;0.00488;0.00488;-77;35;-112;1
183110481;1.014064;0.006832;0.00488;-70;28;-119;1
183125898;1.016016;0.00976;0.002928;-56;28;-133;1
183143760;1.016016;0.013664;0.000976;-70;28;-119;1
183164096;1.013088;0.01952;0.0;-77;35;-98;1
183176491;1.012112;0.017568;0.001952;-84;42;-91;1
183192919;1.0111359;0.013664;0.002928;-112;49;-84;1
183204150;1.012112;0.010736;0.002928;-126;49;-77;1
183216170;1.01016;0.008784;0.003904;-119;49;-70;1
183226987;1.01016;0.005856;0.00488;-112;42;-77;1
183245393;1.013088;0.000976;0.003904;-105;42;-84;1
183269766;1.0111359;0.003904;0.003904;-77;35;-98;1
183281158;1.0111359;0.008784;0.001952;-70;28;-105;1
183297096;1.012112;0.011712;0.001952;-70;35;-105;1
183308083;1.012112;0.015616;0.0;-70;35;-105;1
183319008;1.0111359;0.01464;0.001952;-70;42;-98;1
183330081;1.013088;0.013664;0.000976;-77;42;-91;1
183344429;1.013088;0.012688;0.001952;-98;42;-84;1
183362126;1.0111359;0.010736;0.001952;-105;49;-77;1
183373359;1.012112;0.010736;0.000976;-119;49;-77;1
183406097;1.0111359;0.00488;0.003904;-105;49;-91;1
183417286;1.013088;0.00488;0.002928;-105;42;-105;1
183431004;1.012112;0.000976;0.005856;-91;35;-112;1
183444554;1.014064;0.006832;0.001952;-77;35;-119;1
183457498;1.012112;0.00976;0.005856;-63;35;-133;1
183468206;1.0111359;0.011712;0.005856;-63;28;-126;1
183479789;1.012112;0.013664;0.000976;-63;28;-119;1
183490093;1.013088;0.012688;0.001952;-70;35;-119;1
183505991;1.0111359;0.017568;-0.002928;-84;35;-112;1
183521621;1.008208;0.012688;0.001952;-91;42;-105;1
183532051;1.014064;0.015616;0.003904;-105;49;-91;1
183543786;1.009184;0.00976;0.00488;-105;49;-91;1
183567253;1.013088;0.006832;0.003904;-112;49;-98;1
183579899;1.014064;0.007808;0.003904;-91;42;-105;1
183591991;1.013088;0.005856;0.002928;-77;42;-112;1
183604820;1.01016;0.00976;0.003904;-77;35;-119;1
183620064;1.014064;0.0@20000101_000005_192721_imu_bno055.csv@183624053;342.25;7593;-17225;0.9605727;0.029571772;-0.23963332
183631391;1.012112;0.011712;0.003904;-77;28;-112;1
183655414;1.013088;0.015616;0.001952;-77;21;-105;1
183666829;1.0111359;0.013664;0.000976;-77;35;-98;1
183678201;1.013088;0.015616;0.002928;-91;35;-91;1
183713020;1.013088;0.010736;0.001952;-91;35;-77;1
183733150;1.0111359;0.006832;0.00488;-84;35;-84;1
183744693;1.01016;0.00976;0.00488;-70;35;-84;1
183756699;1.0111359;0.008784;0.002928;-84;28;-84;1
183768632;1.012112;0.008784;0.001952;-84;28;-98;1
183781044;1.01016;0.00976;0.000976;-63;21;-98;1
183795546;1.012112;0.011712;0.003904;-56;21;-91;1
183813016;1.013088;0.013664;-0.000976;-63;28;-91;1
183848567;1.01016;0.007808;0.000976;-84;35;-91;1
183860282;1.0111359;0.011712;0.0;-70;42;-91;1
183873157;1.01016;0.007808;0.00488;-77;35;-98;1
183898042;1.012112;0.00488;0.00488;-77;28;-98;1
183912591;1.01016;0.00488;0.002928;-63;28;-119;1
183938389;1.014064;0.010736;0.000976;-56;21;-119;1
183948979;1.012112;0.011712;0.000976;-56;28;-112;1
183965232;1.014064;0.015616;-0.001952;-77;35;-112;1
183976232;1.014064;0.012688;0.0;-77;35;-112;1
183998009;1.012112;0.012688;-0.000976;-91;42;-105;1
184015381;1.013088;0.011712;0.001952;-98;42;-98;1
184028036;1.0111359;0.00976;0.005856;-112;49;-98;1
184045835;1.014064;0.007808;0.005856;-91;42;-105;1
184057028;1.0111359;0.00976;0.003904;-91;35;-105;1
184070973;1.013088;0.007808;0.003904;-98;35;-105;1
184082677;1.014064;0.011712;0.001952;-91;42;-112;1
184098839;1.012112;0.010736;0.001952;-84;42;-112;1
184115442;1.0150399;0.013664;0.003904;-84;42;-105;1
184128348;1.014064;0.017568;0.000976;-84;42;-98;1
184147961;1.0111359;0.012688;0.002928;-112;42;-91;1
184176178;1.012112;0.011712;0.001952;-112;49;-84;1
184187084;1.012112;0.0_;.0;0.0;0;0;2550
184199918;1.013088;0.010736;0.001952;-119;49;-77;1
184213085;1.016992;0.007808;0.005856;-119;49;-77;1
184224168;1.013088;0.00488;0.002928;-105;49;-84;1
184235156;1.014064;0.00488;0.002928;-98;49;-84;1
184271138;1.013088;0.008784;0.003904;-77;28;-105;1
184293110;1.0111359;0.011712;0.003904;-56;28;-105;1
184306105;1.012112;0.012688;0.001952;-63;28;-105;1
184318413;1.013088;0.01464;0.000976;-77;35;-91;1
184331024;1.0111359;0.012688;0.001952;-98;35;-84;1
184346156;1.01016;0.011712;0.001952;-98;42;-84;1
184364531;1.0111359;0.00488;0.002928;-105;49;-84;1
184376669;1.012112;0.007808;0.002928;-98;42;-91;1
184392930;1.01016;0.000976;0.002928;-84;35;-105;1
184403960;1.0111359;0.003904;0.005856;-77;35;-112;1
184433100;1.014064;0.00976;0.002928;-49;28;-133;1
184447041;1.014064;0.013664;0.0;-49;28;-133;1
184468914;1.0111359;0.01464;0.0;-70;35;-119;1
184496116;1.013088;0.013664;0.003904;-84;42;-98;1
184508664;1.016016;0.011712;0.001952;-91;42;-84;1
184521086;1.013088;0.00l375.csv@184522169;1.7639999;0.196;0.196;1
184532163;1.0111359;0.008784;0.001952;-112;49;-91;1
184553638;1.014064;0.00488;0.002928;-98;42;-98;1
184567599;1.013088;0.005856;0.006832;-98;35;-98;1
184578188;1.012112;0.007808;0.003904;-91;35;-105;1
184592064;1.012112;0.00976;0.000976;-77;42;-112;1
184603592;1.01016;0.010736;0.002928;-70;35;-112;1
184615786;1.012112;0.011712;0.000976;-70;42;-112;1
184633008;1.013088;0.016592;-0.000976;-84;42;-98;1
184645423;1.012112;0.015616;0.001952;-98;42;-91;1
184656229;1.0150399;0.017568;0.000976;-112;49;-84;1
184667589;1.009184;0.013664;0.003904;-119;56;-77;1
184678647;1.014064;0.015616;0.00488;-126;56;-70;1
184723427;1.012112;0.002928;0.003904;-119;42;-70;1
184738660;1.0150399;0.003904;0.00488;-84;42;-91;1
184750472;1.012112;0.0_.csv@184752419;1.7639999;0.147;0.147;1
184761826;1.01016;0.00488;0.00488;-77;28;-112;1
184774013;1.0111359;0.005856;0.002928;-70;28;-119;1
184787918;1.016992;0.011712;0.001952;-49;28;-112;1
184799027;1.013088;0.013664;0.001952;-56;28;-112;1
184810058;1.012112;0.015616;0.001952;-63;28;-105;1
184828065;1.016016;0.012688;0.000976;-77;35;-84;1
184840405;1.0150399;0.011712;0.001952;-84;42;-77;1
184851039;1.013088;0.00976;0.001952;-98;42;-77;1
184862029;1.014064;0.006832;0.00488;-112;42;-84;1
184872953;1.012112;0.00488;0.005856;-91;35;-84;1
184888927;1.012112;0.002928;0.00488;-91;35;-98;1
184900170;1.012112;0.003904;0.003904;-77;35;-112;1
184911179;1.0111359;0.005856;0.001952;-63;28;-119;1
184926135;1.01016;0.006832;0.001952;-56;28;-126;1
184942455;1.012112;0.013664;0.001952;-49;28;-126;1
184955829;1.013088;0.012688;-0.000976;-56;28;-126;1
184965978;1.013088;0.016592;0.0;-63;35;-126;1
184983241;1.012112;0.01464;0.000976;-84;42;-105;1
184994056;1.012112;0.01952;0.002928;-98;42;-98;1
185006592;1.012112;0.015616;0.003904;-105;42;-91;1
185024694;1.013088;0.010736;0.001952;-112;42;-84;1
185035854;1.012112;0.006832;0.00488;-112;49;-84;1
185049832;1.014064;0.003904;0.002928;-91;42;-98;1
185061178;1.014064;0.002928;0.001952;-77;42;-105;1
185083066;1.0111359;0.00976;0.003904;-91;35;-112;1
185098131;1.013088;0.008784;0.001952;-70;42;-119;1
185114808;1.014064;0.012688;0.003904;-77;35;-119;1
185133466;1.009184;0.015616;0.001952;-84;35;-98;1
185170196;1.014064;0.011712;-0.001952;-119;49;-70;1
185181736;1.013088;0.010736;0.0;-133;42;-70;1
185199013;1.013088;0.006832;0.003904;-126;49;-63;1
185219321;1.012112;0.003904;0.002928;-119;49;-84;1
185232479;1.012112;0.005856;0.002928;-77;42;-98;1
185248340;1.0111359;0.002928;0.003904;-56;35;-105;1
185259194;1.0111359;0.003904;0.003904;-49;35;-119;1
185273029;1.012112;0.00976;0.002928;-63;28;-126;1
185284707;1.0111359;0.015616;0.00488;-56;28;-126;1
185298263;1.014064;0.015616;0.000976;-35;28;-119;1
185310901;1.013088;0.012688;0.003904;-42;35;-112;1
185321973;1.013088;0.0@20000101_000005_192721_accel_adxl375.csv@185324824;1.7639999;0.098;0.147;1
185342994;1.0111359;0.9;342.25;7593;-17225;0.959553;0.031611204;-0.24167276
185357723;1.01016;0.00488;0.001952;-91;35;-84;1
185373044;1.012112;0.002928;0.003904;-98;35;-91;1
185388471;1.0150399;0.003904;0.002928;-77;42;-98;1
185399060;1.0150399;0.003904;0.003904;-70;42;-112;1
185409956;1.01016;0.006832;0.005856;-63;42;-126;1
185424405;1.012112;0.00976;0.00488;-49;28;-133;1
185437093;1.012112;0.00976;0.002928;-35;28;-133;1
185448644;1.016992;0.013664;0.002928;-49;28;-133;1
185463220;1.014064;0.016592;0.001952;-70;35;-126;1
185477282;1.0111359;0.01952;0.001952;-84;42;-105;1
185490084;1.01016;0.017568;0.001952;-98;42;-91;1
185504468;1.012112;0.016592;0.0;-112;49;-84;1
185523071;1.0179679;0.00976;-0.000976;-147;49;-77;1
185536191;1.013088;0.005856;0.002928;-147;56;-84;1
185547790;1.009184;0.006832;0.003904;-133;49;-91;1
185559113;1.0111359;0.003904;0.00488;-112;49;-98;1
185599358;1.0111359;0.00976;0.002928;-70;42;-112;1
185614633;1.014064;0.01464;0.000976;-63;42;-112;1
185639670;1.012112;0.015616;0.000976;-91;42;-91;1
185650827;1.014064;0.018544;0.003904;-112;49;-84;1
185668442;1.0150399;0.013664;0.002928;-126;49;-70;1
185680397;1.01016;0.007808;0.002928;-140;49;-70;1
185692579;1.0111359;0.007808;0.001952;-140;42;-70;1
185704703;1.01016;0.001952;0.002928;-126;42;-70;1
185719439;1.013088;0.00488;0.00488;-119;35;-98;1
185730180;1.013088;0.00488;0.00488;-91;42;-98;1
185741188;1.013088;0.005856;0.00488;-70;35;-105;1
185752546;1.0111359;0.006832;0.00488;-56;35;-112;1
185768170;1.0111359;0.008784;0.00488;-49;35;-119;1
185779713;1.014064;0.012688;0.002928;-63;35;-119;1
185804057;1.014064;0.017568;0.001952;-70;42;-105;1
185818739;1.012112;0.01464;0.002928;-98;42;-98;1
185834541;1.012112;0.012688;0.00488;-112;42;-91;1
185847199;1.0111359;0.007808;0.002928;-112;35;-91;1
185858430;1.0111359;0.007808;0.000976;-105;35;-91;1
185870779;1.012112;0.00488;0.007808;-98;28;-98;1
185882546;1.0111359;0.006832;0.005856;-84;28;-105;1
185896063;1.013088;0.00488;0.001952;-70;21;-119;1
185917066;1.0150399;0.012688;0.001952;-42;21;-133;1
185932553;1.014064;0.013664;0.002928;-35;28;-126;1
185948147;1.014064;0.016592;0.001952;-42;28;-126;1
185958932;1.0111359;0.016592;0.001952;-42;28;-119;1
185972190;1.012112;0.018544;0.0;-63;35;-98;1
185982982;1.014064;0.000.24065304
185996410;1.0150399;0.015616;0.001952;-105;42;-91;1
186042484;1.012112;0.006832;0.00488;-112;35;-84;1
186056033;1.014064;0.005856;0.002928;-98;42;-91;1
186067300;1.009184;0.000976;0.003904;-77;35;-98;1
186085486;1.01016;0.005856;0.003904;-63;28;-112;1
186096060;1.0111359;0.011712;0.003904;-56;35;-119;1
186108901;1.012112;0.012688;0.002928;-35;35;-119;1
186122216;1.014064;0.0@20000101_000005_192721_accel_adxl375.csv@186124144;1.7149999;0.147;0.147;1
186135646;1.014064;0.016592;0.002928;-70;35;-91;1
186146135;1.0150399;0.017568;0.000976;-77;28;-84;1
186158862;1.012112;0.016592;0.002928;-105;28;-77;1
186170448;1.014064;0.012688;0.002928;-112;35;-70;1
186184376;1.009184;0.005856;0.001952;-112;42;-70;1
186195486;1.014064;0.003904;0.00488;-112;42;-77;1
186209343;1.014064;0.002928;0.00488;-91;35;-84;1
186219940;1.016016;0.002928;0.005856;-77;35;-91;1
186235678;1.014064;0.002928;0.001952;-56;28;-112;1
186246259;1.012112;0.00488;0.000976;-56;28;-119;1
186259667;1.0111359;0.006832;0.001952;-49;28;-126;1
186269950;1.0111359;0.01464;0.0;-28;28;-126;1
186283296;1.012112;0.016592;0.000976;-35;28;-126;1
186294837;1.012112;0.020496;0.002928;-49;35;-119;1
186307438;1.014064;0.018544;0.0;-91;35;-105;1
186322994;1.013088;0.01464;0.0;-105;35;-91;1
186335700;1.013088;0.01464;0.001952;-105;42;-84;1
186346864;1.0150399;0.008784;0.002928;-112;35;-84;1
186359857;1.014064;0.005856;0.00488;-98;35;-91;1
186376325;1.009184;0.003904;0.003904;-98;35;-98;1
186413438;1.013088;0.008784;0.000976;-49;21;-133;1
186427835;1.0111359;0.016592;0.000976;-35;35;-126;1
186465635;1.0111359;0.020496;0.000976;-84;49;-98;1
186478103;1.01016;0.015616;0.001952;-112;42;-91;1
186495372;1.012112;0.012688;0.000976;-112;49;-70;1
186506747;1.0111359;0.007808;0.00488;-126;49;-70;1
186516967;1.013088;0.00488;0.003904;-133;42;-77;1
186527933;1.013088;0.007808;0.003904;-105;42;-77;1
186538966;1.014064;0.007808;0.003904;-98;35;-77;1
186550202;1.0111359;0.00488;0.003904;-84;28;-98;1
186562995;1.012112;0.008784;0.001952;-77;28;-105;1
186575558;1.013088;0.00976;0.002928;-77;35;-112;1
186589344;1.013088;0.013664;0.001952;-70;35;-112;1
186606901;1.01016;0.013664;0.0;-77;42;-84;1
186618104;1.0111359;0.016592;0.000976;-84;42;-77;1
186629008;1.01016;0.012688;0.000976;-105;49;-77;1
186641412;1.014064;0.010736;0.003904;-119;49;-70;1
186667698;1.013088;0.003904;0.007808;-119;42;-70;1
186680738;1.012112;0.003904;0.006832;-112;42;-77;1
186692396;1.0111359;0.00488;0.00488;-98;28;-98;1
186703573;1.0111359;0.001952;0.000976;-77;28;-105;1
186717128;1.013088;0.005856;0.002928;-56;21;-112;1
186729488;1.013088;0.007808;0.002928;-70;21;-126;1
186741860;1.014064;0.008784;0.002928;-56;21;-126;1
186753069;1.01016;0.016592;-0.003904;-49;35;-112;1
186765675;1.012112;0.016592;0.0;-70;42;-112;1
186778561;1.0150399;0.017568;0.0;-63;49;-98;1
186792776;1.013088;0.016592;0.001952;-91;49;-91;1
186812074;1.012112;0.011712;0.001952;-112;56;-91;1
186833034;1.012112;0.008784;0.007808;-126;42;-91;1
186846358;1.014064;0.005856;0.005856;-91;35;-98;1
186859725;1.0111359;0.006832;0.00488;-105;28;-105;1
186896455;1.009184;0.010736;-0.000976;-63;28;-119;1
186913432;1.0111359;0.015616;-0.001952;-56;35;-119;1
186933707;1.014064;0.017568;-0.001952;-63;49;-105;1
186965719;1.012112;0.012688;0.00488;-98;49;-84;1
186978298;1.013088;0.011712;0.010736;-105;42;-84;1
186990345;1.013088;0.012688;0.006832;-105;35;-84;1
187014674;1.0150399;0.005856;0.005856;-98;14;-84;1
187033078;1.014064;0.00976;0.001952;-84;7;-98;1
187045427;1.013088;0.00488;-0.001952;-77;14;-105;1
187056294;1.013088;0.008784;-0.003904;-70;21;-105;1
187067458;1.013088;0.011712;-0.000976;-63;35;-98;1
187078331;1.016016;0.015616;-0.001952;-63;42;-98;1
187093214;1.0111359;0.013664;0.000976;-84;42;-91;1
187113413;1.013088;0.011712;0.000976;-91;56;-84;1
187124176;1.0150399;0.00976;0.003904;-98;56;-84;1
187143017;1.01016;0.00v732;0.961592464;0.02753234;-0.2386136
187159308;1.013088;0.005856;0.005856;-91;21;-84;1
187170244;1.0111359;0.003904;0.00488;-77;21;-91;1
187181205;1.014064;0.00488;0.000976;-56;21;-91;1
187192345;1.0111359;0.008784;0.0;-56;14;-105;1
187204398;1.012112;0.005856;0.000976;-63;21;-119;1
187215232;1.0111359;0.006832;0.0;-35;28;-119;1
187230693;1.013088;0.010736;-0.001952;-49;35;-119;1
187242089;1.012112;0.01464;-0.001952;-42;49;-112;1
187286820;1.013088;0.00976;0.001952;-91;56;-84;1
187303588;1.013088;0.00976;0.001952;-126;56;-91;1
187316986;1.0111359;0.00976;0.005856;-133;49;-91;1
187329547;1.014064;0.006832;0.002928;-126;42;-91;1
187347352;1.008208;0.001952;0.000976;-112;28;-105;1
187370135;1.012112;0.007808;-0.001952;-105;42;-126;1
187381042;1.0150399;0.00976;0.0;-77;42;-126;1
187396057;1.013088;0.015616;0.003904;-84;49;-119;1
187407712;1.012112;0.015616;0.002928;-84;49;-112;1
187418255;1.013088;0.0
187428879;1.0150399;0.01464;-0.000976;-98;56;-98;1
187449630;1.0111359;0.013664;0.006832;-105;56;-84;1
187472916;1.013088;0.007808;0.00488;-98;28;-84;1
187484031;1.009184;0.005856;0.001952;-91;28;-84;1
187499893;1.01016;0.005856;0.002928;-84;28;-84;1
187513055;1.01016;0.005856;0.00488;-77;35;-105;1
187523945;1.0150399;0.007808;0.000976;-77;28;-112;1
187543029;1.0150399;0.007808;0.001952;-63;28;-112;1
187554623;1.013088;0.0@20000101_000005_192721_accel_adxl375.csv@187559833;1.813;0.098;0.196;1
187565611;1.013088;0.015616;0.0;-70;42;-105;1
187579060;1.016992;0.016592;0.001952;-84;49;-98;1
187602869;1.012112;0.016592;0.002928;-84;42;-77;1
187631355;1.013088;0.011712;0.005856;-126;21;-70;1
187642022;1.013088;0.003904;0.00488;-112;21;-70;1
187661327;1.013088;0.0;0.003904;-84;21;-91;1
187672232;1.0150399;0.002928;0.002928;-77;21;-105;1
187711364;1.014064;0.013664;-0.002928;-35;28;-126;1
187724059;1.0111359;0.012688;0.0;-35;42;-126;1
187737762;1.013088;0.012688;0.000976;-56;42;-112;1
187750013;1.014064;0.017568;0.002928;-70;49;-98;1
187763877;1.014064;0.015616;0.003904;-84;42;-91;1
187779299;1.013088;0.011712;0.000976;-105;35;-77;1
187789996;1.016992;0.007808;-0.000976;-112;35;-77;1
187803405;1.012112;0.006832;0.002928;-126;42;-84;1
187814090;1.0111359;0.003904;0.001952;-126;42;-91;1
187826889;1.013088;0.002928;-0.000976;-112;35;-98;1
187839726;1.012112;0.005856;-0.000976;-77;42;-119;1
187866979;1.013088;0.012688;0.000976;-77;56;-133;1
187878672;1.014064;0.015616;0.002928;-77;56;-119;1
187890028;1.013088;0.017568;0.00488;-91;56;-112;1
187913057;1.014064;0.017568;0.00488;-119;49;-91;1
187927322;1.013088;0.016592;0.005856;-147;49;-84;1
187943417;1.01016;0.0040005_192721_baro_icp10111.csv@187944898;-22.21624;36.988524;101592.132;2.4645806
187962085;1.0111359;0.00488;0.002928;-140;42;-70;1
187975049;1.0150399;0.001952;0.000976;-126;42;-84;1
187986161;1.01016;0.005856;0.000976;-112;49;-98;1
187998301;1.012112;0.001952;0.000976;-91;49;-98;1
188022971;1.012112;0.008784;0.006832;-63;49;-119;1
188037149;1.0111359;0.011712;0.008784;-56;42;-112;1
188067252;1.0111359;0.017568;0.008784;-77;28;-98;1
188078119;1.013088;0.018544;0.002928;-91;21;-91;1
188091092;1.0111359;0.012688;0.000976;-84;21;-77;1
188103006;1.013088;0.011712;0.002928;-105;28;-63;1
188116847;1.0150399;0.00488;0.0;-105;28;-70;1
188166377;1.012112;0.0;0.001952;-63;42;-119;1
188183162;1.013088;0.008784;0.006832;-42;35;-126;1
188200604;1.013088;0.010736;0.00488;-42;28;-126;1
188211140;1.012112;0.01464;0.006832;-49;28;-126;1
188222463;1.013088;0.016592;0.00488;-63;21;-119;1
188234067;1.014064;0.01952;-0.000976;-84;14;-105;1
188245703;1.0111359;0.017568;0.002928;-98;14;-98;1
188256085;1.016992;0.0;-105;21;-84;1
188270822;1.012112;0.00976;-0.000976;-112;35;-77;1
188282296;1.012112;0.00976;-0.000976;-98;35;-77;1
188296142;1.0150399;0.006832;-0.001952;-98;56;-98;1
188307131;1.014064;0.00488;0.001952;-98;56;-105;1
188318421;1.012112;0.002928;0.00488;-84;56;-112;1
188343064;1.013088;0.010736;0.005856;-56;56;-126;1
188368221;1.012112;0.016592;0.00488;-77;28;-119;1
188379566;1.012112;0.01464;0.005856;-84;28;-119;1
188390080;1.01016;0.018544;0.002928;-84;28;-105;1
188406890;1.013088;0.015616;-0.002928;-112;35;-84;1
188419546;1.0150399;0.01464;-0.002928;-119;42;-84;1
188431484;1.01016;0.010736;-0.002928;-126;49;-77;1
188446287;1.008208;0.007808;-0.000976;-140;63;-84;1
188459094;1.008208;0.002928;0.000976;-133;63;-84;1
188471588;1.0111359;0.00488;0.001952;-112;63;-84;1
188485205;1.0111359;0.002928;0.005856;-98;63;-98;1
188511438;1.0111359;0.010736;0.007808;-91;35;-112;1
188524522;1.012112;0.015616;0.005856;-84;28;-112;1
188536045;1.0111359;0.01464;0.000976;-77;21;-105;1
188549455;1.0111359;0.016592;0.0;-84;14;-91;1
188561178;1.012112;0.016592;0.0;-91;21;-84;1
188593971;1.013088;0.006832;0.001952;-105;49;-70;1
188611690;1.0111359;0.001952;0.003904;-91;49;-84;1
188636730;1.01016;0.002928;0.006832;-56;49;-98;1
188648360;1.012112;0.003904;0.006832;-56;42;-105;1
188664877;1.012112;0.008784;0.007808;-42;21;-119;1
188675970;1.0111359;0.00976;0.005856;-21;7;-119;1
188687056;1.013088;0.0@20000101_000005_192721_accel_adxl375.csv@188691464;1.7639999;0.098;0.147;1
188698407;1.013088;0.013664;0.0;-56;7;-119;1
188711554;1.014064;0.01464;-0.005856;-63;14;-105;1
188724711;1.012112;0.012688;-0.006832;-63;28;-98;1
188735508;1.0111359;0.008784;-0.003904;-77;28;-98;1
188746396;1.013088;0.008784;0.000976;-91;35;-98;1
188760088;1.012112;0.008784;0.001952;-98;42;-91;1
188783101;1.014064;0.007808;0.003904;-98;49;-105;1
188797965;1.012112;0.00488;0.005856;-98;49;-105;1
188810757;1.0111359;0.005856;0.006832;-77;35;-105;1
188822118;1.013088;0.0@20000101_000005_192721_accel_adxl375.csv@188832212;1.7639999;0.098;0.196;1
188834119;1.0150399;0.011712;0.001952;-84;21;-119;1
188846826;1.012112;0.011712;0.001952;-77;21;-119;1
188858755;1.012112;0.012688;0.001952;-56;21;-112;1
188870828;1.013088;0.01464;0.000976;-70;28;-112;1
188882549;1.012112;0.017568;-0.001952;-84;42;-98;1
188894790;1.012112;0.016592;-0.001952;-98;49;-91;1
188913915;1.01016;0.011712;0.0;-112;63;-84;1
188925129;1.013088;0.010736;0.0;-119;63;-77;1
188937829;1.0150399;0.010736;0.002928;-126;70;-84;1
188948938;1.012112;0.007808;0.007808;-119;70;-84;1
188965725;1.012112;0.005856;0.007808;-126;49;-91;1
188978629;1.014064;0.00488;0.008784;-112;42;-98;1
189001870;1.013088;0.007808;0.007808;-98;28;-98;1
189037893;1.013088;0.013664;-0.000976;-310000101_000005_192721_power_ina226.csv@189040300;3927;542;2125;0
189059838;1.01016;0.013664;0.0;-98;42;-91;1
189074104;1.012112;0.01464;0.000976;-91;49;-84;1
189085155;1.013088;0.00976;0.005856;-112;63;-77;1
189096427;1.012112;0.007808;0.005856;-91;63;-84;1
189113155;1.016016;0.010736;0.007808;-91;49;-84;1
189124969;1.0150399;0.00488;0.007808;-98;42;-91;1
189143022;1.0150399;0.005856;0.007808;-77;28;-105;1
189158418;1.0111359;0.005856;0.005856;-56;21;-112;1
189169124;1.013088;0.00488;0.002928;-56;14;-112;1
189182424;1.012112;0.010736;-0.000976;-56;14;-119;1
189193170;1.013088;0.008784;0.0;-49;21;-126;1
189205285;1.014064;0.00976;-0.000976;-42;28;-119;1
189218053;1.012112;0.013664;0.0;-77;42;-119;1
189229743;1.0111359;0.016592;0.001952;-70;42;-98;1
189241041;1.014064;0.013664;0.005856;-70;42;-98;1
189256387;1.0150399;0.011712;0.00488;-84;42;-98;1
189267189;1.016016;0.00976;0.005856;-98;42;-91;1
189278673;1.012112;0.007808;0.006832;-98;35;-98;1
189290082;1.013088;0.006832;0.003904;-84;28;-98;1
189301004;1.0111359;0.008784;0.002928;-77;21;-98;1
189315377;1.014064;0.010736;0.000976;-77;21;-105;1
189329398;1.0150399;0.007808;-0.000976;-70;21;-112;1
189341126;1.013088;0.011712;0.000976;-70;28;-119;1
189352329;1.013088;0.012688;-0.003904;-56;35;-119;1
189363158;1.013088;0.01464;-0.003904;-63;49;-112;1
189374222;1.014064;0.016592;-0.001952;-70;49;-105;1
189385706;1.013088;0.016592;0.000976;-70;56;-105;1
189400221;1.012112;0.01464;0.003904;-105;56;-91;1
189412372;1.0111359;0.01464;0.006832;-112;56;-91;1
189431294;1.0150399;0.00976;0.005856;-119;42;-84;1
189469096;1.01016;0.00488;0.00488;-126;42;-84;1
189480869;1.014064;0.005856;0.000976;-98;35;-91;1
189495731;1.013088;0.006832;0.0;-98;42;-91;1
189516099;1.012112;0.008784;-0.000976;-91;49;-105;1
189529172;1.009184;0.010736;0.002928;-84;56;-105;1
189545389;1.01016;0.013664;0.006832;-91;56;-98;1
189569499;1.012112;0.010736;0.006832;-112;49;-91;1
189580248;1.0111359;0.016592;0.00488;-105;42;-91;1
189594514;1.013088;0.00976;0.00488;-112;35;-84;1
189611943;1.014064;0.007808;0.003904;-112;28;-84;1
189626455;1.0111359;0.003904;0.001952;-91;28;-91;1
189638854;1.012112;0.00488;0.003904;-84;28;-105;1
189650004;1.0150399;0.00488;0.002928;-70;28;-112;1
189662563;1.0111359;0.006832;0.001952;-63;28;-119;1
189673136;1.012112;0.012688;0.001952;-49;35;-119;1
189688116;1.0111359;0.013664;0.0;-56;35;-112;1
189703420;1.013088;0.011712;0.001952;-63;42;-112;1
189715023;1.012112;0.01464;0.002928;-77;42;-105;1
189726211;1.0150399;0.016592;0.00488;-91;42;-98;1
189747210;1.009184;0.008784;0.00488;-98;35;-91;1
189758315;1.013088;0.007808;0.003904;-112;28;-98;1
189770550;1.014064;0.007808;0.002928;-98;35;-98;1
189781495;1.014064;0.008784;0.000976;-84;28;-98;1
189797838;1.012112;0.00976;-0.000976;-63;28;-105;1
189810809;1.013088;0.007808;0.0;-77;28;-112;1
189833052;1.014064;0.013664;-0.000976;-63;42;-112;1
189844371;1.014064;0.012688;0.0;-63;42;-112;1
189884886;1.013088;0.013664;0.001952;-91;42;-84;1
189901247;1.012112;0.012688;0.002928;-119;42;-77;1
189915403;1.013088;0.008784;0.000976;-126;35;-84;1
189927904;1.0150399;0.006832;-0.000976;-98;42;-77;1
189944193;1.013088;0.006832;0.000976;-105;42;-84;1
189963078;1.012112;0.008784;0.001952;-98;49;-91;1
189978987;1.014064;0.007808;0.000976;-77;42;-105;1
189996401;1.01016;0.012688;0.005856;-91;42;-98;1
190011187;1.012112;0.012688;0.001952;-84;49;-98;1
190033082;1.014064;0.00976;0.003904;-91;35;-98;1
190045486;1.0111359;0.008784;0.00488;-84;35;-91;1
190056164;1.013088;0.0@20000101_000005_192721_accel_adxl375.csv@190059147;1.7149999;0.147;0.147;1
190068002;1.013088;0.006832;0.00488;-105;28;-98;1
190079079;1.012112;0.008784;0.001952;-91;35;-98;1
190096101;1.013088;0.008784;0.001952;-91;35;-98;1
190107190;1.012112;0.00976;-0.000976;-77;35;-105;1
190118278;1.013088;0.007808;0.001952;-77;42;-105;1
190134733;1.0111359;0.012688;0.003904;-70;49;-105;1
190146615;1.014064;0.005856;0.003904;-77;49;-112;1
190157312;1.014064;0.00976;0.006832;-77;42;-119;1
190169002;1.01016;0.011712;0.00488;-63;42;-112;1
190180252;1.0111359;0.012688;0.005856;-56;42;-112;1
190195674;1.01016;0.010736;0.003904;-91;28;-112;1
190212316;1.0111359;0.012688;0.002928;-63;21;-105;1
190223047;1.014064;0.0736;0.0;-77;14;-105;1
190236092;1.0111359;0.010736;-0.001952;-84;21;-105;1
190247374;1.012112;0.011712;-0.002928;-84;28;-98;1
190258860;1.016016;0.008784;-0.000976;-70;35;-98;1
190270901;1.012112;0.008784;-0.003904;-77;42;-105;1
190283907;1.014064;0.010736;-0.001952;-63;42;-105;1
190326641;1.0111359;0.01464;0.005856;-91;42;-98;1
190340711;1.0150399;0.010736;0.00488;-91;35;-91;1
190366950;1.014064;0.00976;0.000976;-105;28;-91;1
190382939;1.008208;0.011712;0.000-005_192721_airspeed_sdp810.csv@190384284;305;227;4260
190395052;1.012112;0.00976;0.000976;-98;35;-91;1
190411970;1.013088;0.008784;-0.000976;-98;35;-91;1
190426204;1.013088;0.008784;0.0;-77;49;-91;1
190440227;1.014064;0.007808;0.001952;-77;49;-98;1
190454576;1.013088;0.013664;0.003904;-91;56;-98;1
190468365;1.013088;0.011712;0.00488;-84;49;-98;1
190484518;1.0150399;0.012688;0.00488;-84;49;-91;1
190500204;1.0150399;0.00976;0.005856;-98;42;-91;1
190517164;1.014064;0.012688;0.001952;-119;35;-91;1
190547924;1.0111359;0.00488;0.002928;-112;42;-91;1
190559120;1.009184;0.008784;0.002928;-112;49;-91;1
190571267;1.012112;0.006832;0.003904;-98;42;-105;1
190582201;1.01016;0.002928;0.00488;-91;49;-105;1
190594268;1.012112;0.003904;0.002928;-91;42;-112;1
190609020;1.014064;0.012688;0.00488;-70;42;-126;1
190623120;1.0150399;0.013664;0.003904;-56;35;-119;1
190636303;1.0111359;0.016592;0.002928;-63;35;-112;1
190647732;1.013088;0.016592;0.001952;-98;35;-105;1
190663585;1.013088;0.01464;0.002928;-91;35;-98;1
190673943;1.013088;0.01464;0.000976;-84;42;-91;1
190687342;1.013088;0.011712;0.001952;-98;42;-91;1
190703677;1.013088;0.006832;0.002928;-105;42;-91;1
190715363;1.013088;0.00488;0.005856;-105;42;-91;1
190726556;1.0111359;0.002928;0.001952;-91;42;-98;1
190737466;1.009184;0.002928;0.002928;-70;42;-105;1
190793973;1.013088;0.017568;0.003904;-63;28;-105;1
190814518;1.014064;0.017568;0.002928;-77;28;-98;1
190833004;1.013088;0.015616;-0.000976;-105;35;-84;1
190845295;1.013088;0.013664;0.0;-119;35;-77;1
190856082;1.012112;0.0;1
190867405;1.009184;0.006832;0.003904;-112;42;-77;1
190879431;1.014064;0.006832;0.003904;-98;42;-77;1
190896526;1.0111359;0.008784;0.002928;-105;42;-91;1
190913030;1.014064;0.008784;0.005856;-91;35;-98;1
190933099;1.0111359;0.010736;0.002928;-63;28;-105;1
190944467;1.01016;0.012688;0.002928;-49;28;-98;1
190955040;1.013088;0.0@20000101_000005_192721_accel_adxl375.csv@190957542;1.7639999;0.196;0.147;1
190967128;1.014064;0.012688;0.000976;-70;28;-105;1
190997437;1.01016;0.011712;0.000976;-84;42;-91;1
191011072;1.014064;0.013664;0.00488;-84;42;-91;1
191022565;1.012112;0.01952;-105;42;-91;1
191033156;1.012112;0.007808;0.003904;-98;49;-91;1
191044918;1.013088;0.008784;0.00488;-98;42;-98;1
191056283;1.009184;0.007808;0.003904;-98;35;-98;1
191067654;1.014064;0.00488;0.002928;-91;35;-105;1
191078517;1.009184;0.007808;0.003904;-70;35;-105;1
191093595;1.012112;0.010736;0.003904;-70;35;-112;1
191104194;1.01016;0.010736;0.000976;-70;28;-112;1
191143001;1.012112;0.015616;0.000976;-77;35;-105;1
191169120;1.01016;0.011712;0.0;-91;42;-98;1
191182659;1.014064;0.01464;0.00488;-91;42;-98;1
191216442;1.0111359;0.010736;0.00488;-77;35;-105;1
191228902;1.013088;0.00976;0.001952;-84;35;-105;1
191267028;1.012112;0.00976;0.000976;-70;35;-105;1
191284193;1.014064;0.013664;0.002928;-70;35;-105;1
191296329;1.013088;0.01464;0.000976;-98;35;-98;1
191307737;1.014064;0.011712;0.002928;-105;42;-91;1
191318679;1.0150399;0.01464;0.002928;-98;49;-84;1
191329212;1.012112;0.011712;0.00488;-98;49;-84;1
191353057;1.01016;0.012688;0.00488;-119;49;-84;1
191367413;1.014064;0.006832;0.002928;-105;42;-91;1
191378509;1.014064;0.00976;0.001952;-98;42;-98;1
191394200;1.0111359;0.008784;0.000976;-84;35;-98;1
191415652;1.0111359;0.011712;0.000976;-77;35;-105;1
191433035;1.01016;0.00976;0.000976;-84;35;-105;1
191446095;1.009184;0.010736;0.000976;-77;42;-105;1
191457035;1.0150399;0.008784;0.002928;-77;42;-105;1
191469882;1.012112;0.013664;0.001952;-98;49;-98;1
191481132;1.014064;0.013664;0.003904;-105;42;-91;1
191496305;1.013088;0.007808;0.003904;-105;42;-91;1
191513157;1.014064;0.005856;0.005856;-105;42;-91;1
191525081;1.013088;0.007808;0.00488;-112;42;-98;1
191537849;1.013088;0.006832;0.003904;-105;35;-98;1
191561747;1.0111359;0.006832;0.002928;-63;28;-105;1
191575658;1.0111359;0.006832;0.00488;-56;21;-112;1
191586046;1.008208;0.007808;0.000976;-49;21;-119;1
191598595;1.013088;0.008784;0.002928;-49;28;-119;1
191609043;1.012112;0.012688;0.001952;-49;35;-119;1
191643249;1.012112;0.01464;0.00488;-63;35;-98;1
191662825;1.009184;0.01464;0.001952;-84;35;-91;1
191674428;1.013088;0.011712;0.003904;-98;35;-84;1
191685842;1.0111359;0.00976;0.005856;-98;35;-91;1
191697118;1.013088;0.007808;0.005856;-84;35;-84;1
191709788;1.0111359;0.007808;0.003904;-84;35;-98;1
191720853;1.0111359;0.8@20000101_000005_192721_imu_bno055.csv@191730815;342.3125;7593;-17225;0.96363184;0.025492906;-0.24065304
191734400;1.0111359;0.008784;0.001952;-70;28;-112;1
191745871;1.012112;0.003904;0.002928;-77;28;-112;1
191760629;1.014064;0.011712;0.002928;-70;28;-112;1
191771136;1.0111359;0.00976;0.0;-63;35;-112;1
191783792;1.0111359;0.015616;0.000976;-70;35;-105;1
191794934;1.01016;0.016592;0.001952;-84;42;-98;1
191808731;1.012112;0.015616;0.0;-98;35;-91;1
191822374;1.014064;0.012688;0.002928;-98;35;-84;1
191843001;1.01016;0.011712;0.003904;-105;42;-77;1
191857248;1.01016;0.00976;0.00488;-105;35;-77;1
191868794;1.0111359;0.007808;0.000976;-112;42;-77;1
191881301;1.012112;0.003904;0.003904;-112;35;-84;1
191892182;1.0111359;0.00488;0.001952;-105;35;-91;1
191906380;1.0111359;0.005856;0.001952;-84;42;-105;1
191917593;1.016016;0.007808;0.00488;-84;42;-112;1
191934266;1.008208;0.008784;-0.001952;-77;42;-112;1
191953457;1.01016;0.013664;0.001952;-77;42;-119;1
191969623;1.013088;0.013664;0.001952;-91;49;-105;1
191985076;1.013088;0.010736;0.005856;-98;42;-98;1
192000494;1.012112;0.010736;0.005856;-112;42;-91;1
192013941;1.012112;0.00976;0.001952;-105;42;-91;1
192033043;1.01016;0.00488;0.002928;-98;42;-98;1
192045071;1.012112;0.005856;0.005856;-91;42;-98;1
192063070;1.014064;0.005856;0.003904;-91;35;-105;1
192101297;1.012112;0.00976;0.002928;-56;35;-126;1
192114165;1.0111359;0.012688;0.001952;-56;35;-119;1
192125186;1.013088;0.012688;0.003904;-56;28;-112;1
192136297;1.0111359;0.01464;0.002928;-70;35;-112;1
192157537;1.016016;0.016592;0.002928;-77;35;-105;1
192168819;1.012112;0.011712;0.00488;-105;35;-91;1
192180122;1.012112;0.00976;0.003904;-112;35;-84;1
192193814;1.0111359;0.007808;0.0;-112;42;-84;1
192212810;1.014064;0.005856;0.0;-98;42;-91;1
192224190;1.0111359;0.007808;0.003904;-84;42;-91;1
192238297;1.014064;0.010736;0.00488;-84;42;-98;1
192249610;1.013088;0.007808;0.003904;-70;35;-105;1
192270989;1.0111359;0.012688;0.003904;-63;35;-112;1
192286211;1.012112;0.013664;0.002928;-63@20000101_000005_192721_accel_adxl375.csv@192290820;1.7639999;0.098;0.196;1
192297033;1.009184;0.018544;0.001952;-70;35;-98;1
192309493;1.013088;0.017568;-0.001952;-77;35;-91;1
192325532;1.013088;0.011712;0.0;-98;35;-77;1
192337789;1.014064;0.011712;0.001952;-98;42;-77;1
192356184;1.0111359;0.01464;0.0;-112;42;-77;1
192370583;1.01016;0.00976;0.001952;-119;42;-77;1
192381795;1.012112;0.005856;0.001952;-112;42;-91;1
192394580;1.01016;0.006832;0.003904;-98;42;-98;1
192406091;1.009184;0.00488;0.001952;-77;42;-98;1
192417624;1.012112;0.008784;0.00488;-77;35;-105;1
192436940;1.012112;0.010736;0.005856;-70;42;-112;1
192449643;1.012112;0.011712;0.002928;-70;35;-105;1
192460760;1.012112;0.01464;0.001952;-77;35;-105;1
192472272;1.013088;0.016592;0.0;-77;35;-105;1
192484572;1.0111359;0.012688;0.002928;-98;35;-98;1
192521239;1.012112;0.008784;0.0;-112;49;-91;1
192538334;1.014064;0.00488;0.002928;-105;42;-98;1
192549445;1.012112;0.005856;0.003904;-98;42;-105;1
192561132;1.01016;0.005856;0.00488;-84;42;-105;1
192572326;1.0111359;0.007808;0.003904;-77;42;-112;1
192588660;1.01016;0.007808;0.00488;-63;35;-119;1
192599744;1.013088;0.011712;0.006832;-70;28;-119;1
192610082;1.014064;0.01464;0.001952;-70;28;-112;1
192624800;1.013088;0.016592;-0.000976;-77;28;-105;1
192638699;1.014064;0.015616;-0.000976;-91;28;-98;1
192651282;1.0150399;0.013664;0.001952;-98;42;-91;1
192663281;1.014064;0.00976;0.001952;-112;42;-91;1
192674595;1.013088;0.006832;0.003904;-112;42;-84;1
192689051;1.012112;0.00488;0.005856;-98;42;-91;1
192700504;1.014064;0.005856;0.005856;-91;35;-98;1
192726057;1.014064;0.007808;0.005856;-70;28;-112;1
192739384;1.012112;0.012688;0.003904;-56;21;-105;1
192754281;1.013088;0.011712;0.001952;-49;21;-112;1
192768616;1.0111359;0.016592;0.0;-56;28;-91;1
192779507;1.013088;0.015616;-0.001952;-77;35;-84;1
192793686;1.016992;0.011712;0.000976;-98;35;-91;1
192830691;1.014064;0.006832;0.005856;-105;49;-84;1
192849155;1.012112;0.00488;0.002928;-70;42;-98;1
192862140;1.01016;0.002928;0.006832;-70;28;-105;1
192875372;1.0111359;0.005856;0.005856;-70;28;-112;1
192894000;1.012112;0.012688;0.0;-49;28;-119;1
192907547;1.014064;0.013664;0.001952;-49;28;-112;1
192922958;1.013088;0.016592;-0.000976;-70;28;-98;1
192943014;1.013088;0.0a;1.7149999;0.098;0.196;1
192992194;1.0111359;0.003904;0.005856;-119;49;-84;1
193015536;1.01016;0.000976;0.00488;-84;42;-105;1
193037930;1.012112;0.007808;0.00488;-70;35;-126;1
193053158;1.0150399;0.;1
193069561;1.013088;0.01464;0.001952;-70;35;-126;1
193081490;1.013088;0.018544;0.001952;-84;42;-112;1
193098479;1.0150399;0.017568;0.0;-91;49;-105;1
193123115;1.0111359;0.012688;0.0;-140;56;-84;1
193137065;1.012112;0.00976;0.005856;-147;56;-84;1
193153453;1.0111359;0.005856;0.007808;-119;56;-91;1
193168464;1.012112;0.005856;0.005856;-105;49;-91;1
193179324;1.012112;0.007808;0.005856;-98;42;-98;1
193191970;1.0111359;0.005856;0.006832;-91;35;-105;1
193203228;1.0150399;0.010736;0.002928;-63;35;-119;1
193214394;1.014064;0.013664;0.003904;-56;28;-119;1
193224889;1.012112;0.01464;0.001952;-56;28;-112;1
193241045;1.014064;0.016592;0.002928;-63;28;-105;1
193265146;1.0111359;0.00976;0.00488;-91;42;-84;1
193283429;1.0111359;0.013664;0.003904;-112;42;-77;1
193305954;1.012112;0.006832;0.003904;-105;35;-70;1
193318427;1.012112;0.005856;0.002928;-98;35;-77;1
193331931;1.0150399;0.003904;0.002928;-91;42;-84;1
193353435;1.014064;0.005856;0.00488;-77;35;-98;1
193366716;1.012112;0.008784;0.00488;-56;28;-112;1
193380378;1.012112;0.007808;0.005856;-49;21;-119;1
193405116;1.014064;0.011712;0.000976;-42;21;-112;1
193416604;1.012112;0.00976;0.002928;-63;28;-98;1
193427147;1.0111359;0.010736;0.0;-70;35;-91;1
193462228;1.012112;0.011712;0.000976;-77;42;-91;1
193475686;1.0150399;0.008784;0.000976;-84;42;-91;1
193502227;1.013088;0.005856;0.005856;-84;42;-105;1
193513295;1.013088;0.00488;0.002928;-84;35;-105;1
193535377;1.0111359;0.006832;0.001952;-77;28;-119;1
193548355;1.012112;0.011712;0.002928;-84;35;-112;1
193560687;1.0111359;0.012688;0.0;-77;42;-112;1
193571756;1.013088;0.015616;0.000976;-84;42;-105;1
193583798;1.0150399;0.018544;0.001952;-91;42;-105;1
193611304;1.012112;0.015616;0.000976;-112;56;-91;1
193633100;1.013088;0.008784;0.00488;-126;56;-84;1
193647137;1.0111359;0.008784;0.003904;-112;49;-84;1
193658216;1.0111359;0.00976;0.003904;-112;42;-98;1
193669565;1.01016;0.006832;0.003904;-105;42;-98;1
193681847;1.013088;0.008784;0.003904;-98;42;-105;1
193697803;1.012112;0.008784;0.000976;-91;42;-112;1
193722999;1.016016;0.015616;0.001952;-91;42;-105;1
193737699;1.0150399;0.012688;0.001952;-98;49;-98;1
193754751;1.014064;0.01464;0.001952;-112;56;-98;1
193767812;1.012112;0.011712;0.005856;-119;49;-91;1
193779199;1.013088;0.01464;0.00488;-112;49;-84;1
193802058;1.012112;0.005856;0.005856;-105;35;-84;1
193815395;1.013088;0.005856;0.003904;-98;35;-91;1
193833016;1.013088;0.00488;0.005856;-70;28;-105;1
193847128;1.014064;0.010736;0.003904;-70;21;-112;1
193858264;1.012112;0.007808;0.001952;-77;28;-119;1
193898598;1.012112;0.013664;0.001952;-63;42;-105;1
193911879;1.012112;0.01464;0.002928;-70;35;-105;1
193936081;1.0111359;0.012688;0.00488;-91;35;-84;1
193950228;1.012112;0.006832;0.00488;-105;35;-84;1
193962334;1.012112;0.00976;0.003904;-98;28;-91;1
193973030;1.013088;0.00488;0.003904;-84;28;-91;1
193984278;1.012112;0.005856;0.003904;-84;21;-105;1
193999029;1.013088;0.005856;0.001952;-70;28;-105;1
194010000;1.012112;0.006832;-0.001952;-56;28;-119;1
194027590;1.013088;0.01464;0.001952;-42;28;-119;1
194044593;1.009184;0.01464;0.0;-49;35;-112;1
194061467;1.012112;0.01464;-0.001952;-63;42;-112;1
194074532;1.012112;0.01464;0.001952;-70;42;-98;1
194085219;1.0111359;0.016592;0.00488;-84;42;-91;1
194096152;1.01016;0.00976;0.003904;-91;42;-84;1
194107125;1.014064;0.00976;0.002928;-98;42;-84;1
194119579;1.014064;0.007808;0.003904;-112;42;-91;1
194142991;1.0150399;0.800101_000005_192721_imu_bno055.csv@194151173;342.3125;7593;-17225;0.9646516;0.025492906;-0.2447319
194157350;1.013088;0.007808;0.0;-91;35;-98;1
194168279;1.014064;0.00976;0.0;-98;42;-105;1
194178994;1.012112;0.00976;0.0;-91;42;-105;1
194190514;1.013088;0.01464;0.001952;-84;49;-112;1
194201267;1.008208;0.010736;0.0;-84;49;-105;1
194212182;1.014064;0.012688;0.0;-98;49;-105;1
194235101;1.014064;0.015616;0.003904;-105;49;-91;1
194247351;1.013088;0.011712;0.003904;-119;49;-84;1
194259595;1.012112;0.010736;0.002928;-112;42;-84;1
194297789;1.0111359;0.008784;0.001952;-98;42;-84;1
194311594;1.01016;0.00976;0.000976;-84;42;-98;1
194334502;1.01016;0.007808;0.005856;-63;35;-112;1
194347586;1.014064;0.010736;0.003904;-56;42;-112;1
194359755;1.014064;0.010736;0.003904;-63;35;-105;1
194371918;1.01016;0.01464;0.00488;-70;42;-105;1
194383804;1.014064;0.016592;0.00488;-77;42;-105;1
194398792;1.013088;0.01464;0.002928;-91;35;-98;1
194414729;1.012112;0.012688;0.002928;-98;35;-91;1
194425123;1.0150399;0.010736;0.002928;-105;35;-91;1
194442986;1.013088;0.006832;0.000976;-112;42;-98;1
194466215;1.0150399;0.008784;0.001952;-91;42;-98;1
194478124;1.014064;0.007808;0.00488;-91;35;-105;1
194494656;1.012112;0.007808;0.002928;-77;42;-112;1
194510822;1.016016;0.008784;0.002928;-70;35;-112;1
194521721;1.016016;0.0005_192721_accel_adxl375.csv@194522834;1.7639999;0.147;0.196;1
194532276;1.012112;0.013664;0.003904;-84;35;-105;1
194544833;1.01016;0.01464;0.003904;-84;35;-105;1
194556091;1.0150399;0.013664;0.003904;-84;28;-105;1
194568911;1.013088;0.012688;0.001952;-84;28;-98;1
194580261;1.013088;0.012688;0.002928;-91;35;-98;1
194595672;1.0111359;0.007808;0.0;-98;42;-91;1
194612989;1.016016;0.007808;0.001952;-91;49;-91;1
194625651;1.0111359;0.007808;0.0;-91;49;-91;1
194636499;1.009184;0.00488;0.002928;-98;42;-98;1
194647087;1.008208;0.00976;0.00488;-84;49;-105;1
194658289;1.0150399;0.011712;0.00488;-84;49;-105;1
194669362;1.016992;0.007808;0.003904;-84;42;-105;1
194680056;1.012112;0.00976;0.00488;-91;42;-98;1
194694267;1.0150399;0.013664;0.00488;-84;35;-105;1
194712993;1.009184;0.013664;0.005856;-91;42;-98;1
194747920;1.01016;0.00976;0.003904;-112;42;-91;1
194764643;1.01016;0.013664;0.003904;-105;42;-91;1
194782939;1.012112;0.006832;0.001952;-100;0.196;1
194806626;1.01016;0.005856;0.003904;-91;42;-105;1
194823063;1.009184;0.010736;0.00488;-84;42;-105;1
194835611;1.013088;0.010736;0.002928;-70;35;-105;1
194846236;1.013088;0.011712;0.002928;-70;35;-105;1
194859352;1.0150399;0.008784;0.007808;-70;35;-105;1
194869950;1.0111359;0.011712;0.005856;-70;35;-105;1
194888211;1.012112;0.011712;0.001952;-84;28;-105;1
194898915;1.012112;0.011712;0.002928;-77;28;-98;1
194912455;1.012112;0.007808;0.002928;-84;28;-98;1
194933393;1.012112;0.005856;-0.000976;-84;35;-98;1
194953124;1.012112;0.011712;0.000976;-77;35;-105;1
194966942;1.0111359;0.013664;0.000976;-77;42;-98;1
194993062;1.012112;0.011712;0.001952;-84;42;-98;1
195009567;1.0111359;0.013664;0.005856;-91;42;-98;1
195026326;1.0150399;0.015616;0.002928;-91;35;-91;1
195039368;1.012112;0.013664;0.003904;-98;35;-91;1
195050126;1.014064;0.010736;0.001952;-98;35;-91;1
195062464;1.013088;0.010736;0.002928;-105;35;-91;1
195073669;1.012112;0.010736;0.002928;-98;42;-84;1
195087352;1.013088;0.007808;0.001952;-91;35;-91;1
195104691;1.014064;0.006832;0.00488;-84;42;-98;1
195133385;1.0111359;0.007808;0.006832;-70;42;-112;1
195156110;1.012112;0.010736;0.00488;-70;42;-105;1
195169610;1.013088;0.013664;0.002928;-70;35;-105;1
195184681;1.014064;0.01464;0.002928;-84;35;-91;1
195199135;1.014064;0.01464;0.000976;-98;42;-91;1
195237379;1.012112;0.005856;0.005856;-119;49;-84;1
195257533;1.012112;0.005856;0.001952;-98;42;-91;1
195274051;1.01016;0.006832;0.00488;-91;49;-112;1
195291778;1.012112;0.006832;0.003904;-91;42;-112;1
195304395;1.013088;0.00976;0.003904;-77;35;-105;1
195316179;1.0111359;0.010736;0.003904;-70;35;-112;1
195333030;1.012112;0.011712;0.00488;-77;35;-112;1
195346620;1.013088;0.01464;0.00488;-77;35;-105;1
195357288;1.0111359;0.01464;0.002928;-91;35;-98;1
195368500;1.0150399;0.012688;0.000976;-91;28;-98;1
195379038;1.012112;0.008784;0.000976;-91;35;-98;1
195394272;1.016016;0.011712;0.000976;-91;42;-91;1
195405138;1.012112;0.008784;0.002928;-84;42;-91;1
195416635;1.009184;0.007808;0.00488;-91;42;-98;1
195432310;1.0150399;0.008784;0.005856;-91;42;-98;1
195443078;1.012112;0.008784;0.006832;-84;42;-105;1
195467114;1.013088;0.00976;0.005856;-56;35;-112;1
195478273;1.0111359;0.00976;0.002928;-63;28;-112;1
195490532;1.014064;0.010736;0.00488;-77;28;-112;1
195513156;1.0111359;0.5005_192721_imu_bno055.csv@195515687;342.3125;7593;-17225;0.961592464;0.030591488;-0.24065304
195524152;1.01016;0.01464;0.00488;-84;35;-98;1
195559470;1.012112;0.010736;0.000976;-112;42;-84;1
195570483;1.016016;0.00976;0.002928;-112;49;-91;1
195582427;1.012112;0.00976;0.002928;-105;42;-98;1
195593136;1.013088;0.00976;0.007808;-91;49;-91;1
195605611;1.01016;0.007808;0.006832;-91;42;-98;1
195628928;1.012112;0.010736;0.003904;-77;35;-105;1
195674292;1.009184;0.012688;0.0;-77;42;-98;1
195695186;1.012112;0.00976;0.001952;-91;42;-91;1
195717736;1.014064;0.013664;0.002928;-105;49;-84;1
195748109;1.014064;0.007808;0.001952;-105;49;-91;1
195773085;1.0150399;0.005856;0.006832;-91;42;-105;1
195786898;1.014064;0.0@20000101_000005_192721_baro_bmp280.csv@195792377;-31.638588;37.86;101705.59;4.198574
195799605;1.014064;0.011712;0.000976;-77;35;-112;1
195810152;1.013088;0.01464;-0.001952;-84;35;-112;1
195821083;1.013088;0.0-@20000101_000005_192721_accel_adxl375.csv@195822989;1.813;0.098;@20000101_000005_192721_imu_bno055.csv@195825324;342.3125;7593;-17225;0.9605727;0.030591488;-0.242692468
195832223;1.013088;0.013664;0.002928;-84;42;-105;1
195843042;1.014064;0.012688;0.000976;-91;42;-98;1
195868252;1.012112;0.011712;0.001952;-91;42;-98;1
195879703;1.012112;0.013664;0.000976;-105;49;-98;1
195889955;1.012112;0.008784;0.005856;-98;49;-98;1
195910397;1.012112;0.007808;0.006832;-91;35;-98;1
195923246;1.013088;0.00976;0.003904;-77;35;-105;1
195943036;1.0111359;0.012688;0.0;-70;28;-112;1
195966209;1.0150399;0.013664;0.003904;-77;28;-105;1
195978145;1.016016;0.012688;0.005856;-70;35;-105;1
195989883;1.016992;0.02;0.0;-77;35;-98;1
196003415;1.013088;0.013664;0.0;-98;42;-91;1
196015713;1.012112;0.00976;0.003904;-91;42;-84;1
196029689;1.012112;0.007808;0.00488;-84;42;-91;1
196044900;1.013088;0.007808;0.005856;-98;42;-91;1
196056227;1.013088;0.010736;0.006832;-91;35;-91;1
196101132;1.013088;0.008784;0.000976;-77;28;-98;1
196130219;1.012112;0.012688;0.001952;-84;35;-105;1
196141193;1.016992;0.012688;0.0;-84;42;-105;1
196152032;1.01016;0.013664;0.001952;-77;42;-91;1
196166623;1.012112;0.010736;0.003904;-91;42;-91;1
196177238;1.013088;0.006832;0.005856;-98;42;-91;1
196189473;1.0111359;0.005856;0.001952;-98;42;-91;1
196200265;1.01016;0.00976;0.003904;-98;42;-91;1
196211068;1.01016;0.008784;0.006832;-105;42;-98;1
196225855;1.012112;0.007808;0.001952;-105;35;-98;1
196239410;1.012112;0.007808;0.002928;-91;35;-105;1
196249985;1.009184;0.007808;0.000976;-91;35;-98;1
196262245;1.009184;0.006832;0.0;-98;35;-105;1
196273159;1.013088;0.011712;0.002928;-91;35;-112;1
196286695;1.012112;0.010736;0.001952;-91;35;-105;1
196303125;1.013088;0.010736;0.00488;-84;42;-105;1
196318263;1.0111359;0..8;37.86;101706.31;4.140444
196333315;1.0111359;0.012688;0.002928;-91;42;-105;1
196353092;1.013088;0.010736;0.00488;-84;42;-98;1
196365986;1.0111359;0.008784;0.000976;-84;42;-91;1
196383448;1.0111359;0.010736;0.002928;-91;35;-105;1
196396947;1.0111359;0.010736;0.002928;-84;35;-98;1
196416690;1.013088;0.010736;0.005856;-77;35;-105;1
196430826;1.012112;0.010736;0.001952;-70;28;-105;1
196453082;1.0111359;0.011712;0.003904;-70;35;-105;1
196464558;1.014064;0.008784;0.000976;-77;35;-98;1
196475075;1.0111359;0.013664;0.001952;-84;35;-98;1
196516221;1.0150399;0.008784;0.002928;-84;35;-91;1
196553851;1.013088;0.012688;0.00488;-84;35;-91;1
196572468;1.013088;0.006832;0.000976;-70;28;-98;1
196583165;1.0150399;0.00976;0.0;-70;28;-98;1
196597598;1.01016;0.007808;0.001952;-70;28;-98;1
196608392;1.014064;0.012688;0.003904;-70;28;-98;1
196620479;1.009184;0.008784;0.003904;-70;42;-105;1
196643394;1.013088;0.012688;0.000976;-84;49;-98;1
196656345;1.0111359;0.00976;0.0;-77;42;-98;1
196668617;1.006256;0.008784;0.00488;-91;42;-91;1
196679522;1.012112;0.00976;0.00488;-98;42;-98;1
196691402;1.0111359;0.011712;0.003904;-98;42;-91;1
196702175;1.013088;0.007808;0.003904;-98;35;-98;1
196712850;1.009184;0.012688;0.003904;-84;35;-98;1
196743439;1.012112;0.010736;0.001952;-84;35;-105;1
196769308;1.012112;0.01464;0.000976;-84;42;-105;1
196783421;1.0150399;0.012688;0.003904;-98;42;-105;1
196796878;1.0150399;0.008784;0.00488;-105;49;-105;1
196810373;1.0150399;0.015616;0.003904;-98;42;-105;1
196834310;1.013088;0.012688;0.003904;-98;42;-98;1
196845243;1.01016;0.011712;0.002928;-98;42;-105;1
196870274;1.01016;0.00976;0.001952;-98;42;-105;1
196881177;1.01016;0.012688;0.003904;-84;42;-105;1
196896672;1.012112;0.012688;0.000976;-84;42;-98;1
196906975;1.012112;0.01464;0.001952;-84;42;-105;1
196918050;1.0111359;0.010736;0.002928;-98;42;-105;1
196944898;1.01016;0.008784;0.000976;-98;42;-105;1
196963064;1.014064;0.012688;0.005856;-91;49;-98;1
197012584;1.013088;0.00976;0.00488;-91;35;-98;1
197023934;1.013088;0.008784;0.006832;-77;35;-98;1
197037853;1.012112;0.010736;0.005856;-70;35;-98;1
197050002;1.016016;0.011712;0.003904;-77;35;-98;1
197074136;1.0150399;0.00976;0.001952;-77;35;-98;1
197090927;1.012112;0.011712;0.0;-77;35;-98;1
197102421;1.013088;0.010736;0.003904;-84;42;-91;1
197114094;1.012112;0.010736;0.001952;-91;42;-91;1
197125182;1.012112;0.010736;0.001952;-91;42;-91;1
197146019;1.013088;0.007808;0.000976;-91;42;-91;1
197163078;1.014064;0.007808;0.003904;-91;35;-91;1
197177173;1.01016;0.008784;0.003904;-84;35;-98;1
197201690;1.01016;0.010736;0.000976;-77;35;-105;1
197213110;1.014064;0.010736;0.000976;-77;35;-105;1
197235093;1.0111359;0.010736;0.002928;-77;35;-105;1
197248118;1.016016;0.012688;0.001952;-84;42;-105;1
197273195;1.014064;0.010736;0.002928;-84;42;-98;1
197292629;1.013088;0.010736;0.00488;-84;35;-98;1
197303893;1.012112;0.008784;0.001952;-91;42;-98;1
197315460;1.013088;0.00976;0.003904;-91;35;-98;1
197332989;1.0150399;0.011712;0.005856;-84;35;-98;1
197345302;1.013088;0.007808;0.001952;-77;42;-98;1
197355953;1.014064;0.0;05;1
197369289;1.012112;0.010736;0.0;-84;42;-112;1
197380733;1.0111359;0.012688;0.000976;-91;42;-112;1
197420301;1.0111359;0.011712;0.002928;-91;49;-105;1
197438174;1.016016;0.013664;0.002928;-98;49;-98;1
197449424;1.014064;0.011712;0.005856;-105;42;-98;1
197461542;1.014064;0.011712;0.002928;-105;42;-98;1
197472154;1.014064;0.010736;0.001952;-105;42;-98;1
197485918;1.01016;0.010736;0.002928;-91;35;-98;1
197497167;1.013088;0.008784;0.00488;-91;42;-98;1
197509355;1.014064;0.011712;0.001952;-91;35;-105;1
197534111;1.014064;0.010736;0.003904;-77;35;-98;1
197549813;1.014064;0.012688;0.003904;-77;42;-98;1
197559994;1.014064;0.012688;0.002928;-77;42;-98;1
197572110;1.012112;0.012688;0.003904;-77;42;-98;1
197583013;1.01016;0.013664;0.002928;-77;42;-98;1
197595335;1.013088;0.011712;0.003904;-84;35;-91;1
197612894;1.013088;0.010736;0.000976;-91;35;-91;1
197633023;1.009184;0.012688;0.000976;-84;35;-91;1
197645974;1.0150399;0.007808;0.001952;-91;35;-91;1
197657000;1.014064;0.006832;0.003904;-77;35;-98;1
197670874;1.0111359;0.00976;0.003904;-70;35;-98;1
197681956;1.01016;0.007808;0.003904;-77;28;-105;1
197695610;1.016016;0.010736;0.003904;-70;28;-105;1
197706172;1.012112;0.011712;0.001952;-70;28;-105;1
197717029;1.01016;0.013664;0.0;-77;28;-105;1
197742977;1.0150399;0.015616;0.002928;-77;35;-98;1
197756574;1.014064;0.01464;0.002928;-77;35;-98;1
197767238;1.01016;0.008784;0.001952;-91;42;-91;1
197780833;1.0111359;0.012688;0.001952;-91;42;-91;1
197792083;1.012112;0.00976;0.00488;-91;35;-98;1
197803166;1.016992;0.007808;0.002928;-91;35;-98;1
197817448;1.012112;0.006832;0.002928;-84;35;-98;1
197827982;1.014064;0.008784;0.001952;-84;42;-98;1
197840110;1.01016;0.00976;0.000976;-77;35;-105;1
197872134;1.009184;0.00976;0.001952;-84;42;-105;1
197915385;1.0179679;0.013664;0.0;-91;49;-98;1
197930091;1.012112;0.012688;0.005856;-98;42;-91;1
197942202;1.013088;0.008784;0.001952;-112;49;-91;1
197953747;1.016016;0.010736;0.00488;-112;49;-98;1
197964716;1.013088;0.006832;0.003904;-105;49;-91;1
197978298;1.014064;0.010736;0.001952;-91;42;-98;1
197994250;1.012112;0.011712;0.001952;-98;42;-98;1
198004905;1.013088;0.010736;0.003904;-98;42;-98;1
198016509;1.01016;0.006832;0.002928;-98;35;-105;1
198028154;1.0111359;0.011712;0.002928;-91;42;-105;1
198057351;1.01016;0.00976;0.003904;-91;42;-98;1
198070362;1.014064;0.013664;0.005856;-98;42;-91;1
198084617;1.0150399;0.010736;0.002928;-98;42;-91;1
198105269;1.014064;0.007808;0.005856;-91;35;-91;1
198123049;1.013088;0.008784;0.003904;-84;42;-91;1
198136270;1.01016;0.008784;0.00488;-84;35;-91;1
198153443;1.0150399;0.007808;0.005856;-77;35;-105;1
198166531;1.012112;0.00976;0.003904;-70;28;-112;1
198178148;1.0150399;0.010736;0.001952;-63;28;-105;1
198194115;1.012112;0.010736;0.0;-63;28;-105;1
198205050;1.014064;0.011712;0.002928;-63;28;-105;1
198217895;1.013088;0.011712;0.002928;-70;35;-105;1
198229594;1.0150399;0.011712;0.001952;-77;28;-105;1
198240433;1.0150399;0.00976;0.003904;-77;28;-98;1
198251142;1.013088;0.011712;0.002928;-77;35;-98;1
198284562;1.012112;0.00976;0.002928;-84;35;-98;1
198302981;1.0111359;0.010736;0.00488;-77;35;-98;1
198318755;1.013088;0.006832;0.001952;-84;42;-105;1
198332204;1.016992;0.012688;0.003904;-84;42;-105;1
198344108;1.012112;0.013664;0.001952;-77;35;-105;1
198355352;1.013088;0.011712;0.003904;-77;35;-105;1
198367567;1.014064;0.010736;0.000976;-91;42;-105;1
198378340;1.014064;0.012688;0.002928;-84;42;-98;1
198390171;1.0150399;0.010736;0.003904;-91;42;-98;1
198401590;1.012112;0.010736;0.001952;-91;49;-98;1
198414968;1.014064;0.012688;0.001952;-105;42;-98;1
198430075;1.0111359;0.011712;0.001952;-112;49;-98;1
198444238;1.0111359;0.007808;0.00488;-105;49;-98;1
198463666;1.014064;0.007808;0.00488;-105;49;-91;1
198474106;1.012112;0.008784;0.003904;-105;49;-98;1
198485086;1.016016;0.00976;0.003904;-105;42;-98;1
198497341;1.013088;0.011712;0.002928;-98;42;-98;1
198508134;1.0111359;0.007808;0.003904;-98;42;-98;1
198519039;1.009184;0.00976;0.002928;-91;42;-98;1
198556551;1.014064;0.010736;0.00488;-98;42;-98;1
198567109;1.0111359;0.008784;0.002928;-98;42;-98;1
198578532;1.013088;0.008784;0.005856;-98;42;-91;1
198589971;1.012112;0.011712;0.00488;-98;35;-98;1
198601265;1.0111359;0.00976;0.00488;-98;42;-98;1
198623014;1.0111359;0.008784;0.005856;-91;42;-91;1
198635931;1.012112;0.011712;0.005856;-91;42;-91;1
198653483;1.0150399;0.00976;0.001952;-77;35;-105;1
198669217;1.012112;0.007808;0.0;-77;35;-105;1
198681749;1.012112;0.012688;0.001952;-77;28;-105;1
198692067;1.013088;0.012688;0.005856;-77;35;-98;1
198730287;1.013088;0.011712;0.002928;-77;35;-98;1
198744571;1.014064;0.008784;0.002928;-84;35;-98;1
198764646;1.012112;0.010736;0.00488;-84;35;-98;1
198775027;1.014064;0.007808;0.001952;-84;28;-91;1
198799281;1.012112;0.007808;0.002928;-77;28;-98;1
198810013;1.012112;0.008784;0.002928;-77;28;-105;1
198821012;1.014064;0.0@20000101_000005_192721_accel_adxl375.csv@198824040;1.7639999;0.098;0.147;1
198833945;1.009184;0.013664;0.005856;-77;35;-105;1
198853656;1.012112;0.011712;0.000976;-70;35;-98;1
198868063;1.0150399;0.010736;0.001952;-84;35;-98;1
198878972;1.012112;0.010736;0.002928;-84;35;-98;1
198902635;1.012112;0.012688;0.002928;-84;42;-98;1
198917359;1.01016;0.010736;0.003904;-91;42;-98;1
198933427;1.013088;0.008784;0.002928;-98;42;-98;1
198947852;1.013088;0.008784;0.00488;-91;42;-98;1
198963506;1.0150399;0.007808;0.000976;-91;42;-98;1
198976168;1.012112;0.008784;0.003904;-91;42;-98;1
198992844;1.013088;0.011712;-0.001952;-91;42;-91;1
199013080;1.014064;0.011712;0.002928;-91;42;-98;1
199024030;1.014064;0.012688;0.00488;-91;42;-98;1
199063951;1.016016;0.012688;0.002928;-105;42;-91;1
199079332;1.0111359;0.007808;0.00488;-105;42;-91;1
199092055;1.013088;0.008784;0.006832;-98;42;-91;1
199104783;1.0111359;0.00976;0.003904;-98;42;-98;1
199122985;1.012112;0.010736;0.001952;-98;42;-98;1
199135549;1.0111359;0.008784;0.003904;-98;35;-98;1
199146146;1.0150399;0.008784;0.002928;-91;42;-98;1
199168220;1.014064;0.00976;0.00488;-70;35;-105;1
199226742;1.013088;0.011712;0.00488;-70;28;-98;1
199244329;1.012112;0.00976;0.003904;-77;35;-105;1
199255130;1.013088;0.0-98;1
199273831;1.0150399;0.012688;0.003904;-77;35;-98;1
199285343;1.013088;0.00976;0.000976;-70;35;-105;1
199297090;1.014064;0.00976;0.001952;-77;35;-105;1
199315007;1.0111359;0.011712;0.001952;-70;35;-98;1
199333064;1.014064;0.007808;0.00488;-77;35;-105;1
199345817;1.014064;0.012688;0.000976;-77;35;-98;1
199363085;1.012112;0.007808;0.002928;-77;35;-98;1
199374882;1.012112;0.013664;0.002928;-77;35;-98;1
199386050;1.013088;0.010736;0.003904;-84;35;-98;1
199399400;1.013088;0.010736;0.001952;-91;35;-98;1
199429309;1.014064;0.00976;0.003904;-91;35;-91;1
199448567;1.0111359;0.010736;0.000976;-91;42;-98;1
199473188;1.0111359;0.011712;0.0;-91;42;-98;1
199485716;1.012112;0.007808;0.001952;-91;42;-98;1
199497639;1.013088;0.007808;0.00488;-91;42;-98;1
199513008;1.0111359;0.011712;0.003904;-91;42;-98;1
199535090;1.01016;0.008784;0.001952;-91;42;-91;1
199548971;1.0111359;0.008784;0.005856;-98;42;-98;1
199560212;1.0111359;0.008784;0.00488;-98;42;-98;1
199571203;1.013088;0.007808;0.005856;-98;42;-98;1
199582487;1.012112;0.008784;0.003904;-98;42;-98;1
199598620;1.012112;0.00976;0.005856;-98;42;-98;1
199614506;1.0111359;0.007808;0.002928;-91;42;-98;1
199627667;1.016992;0.00976;0.003904;-91;42;-105;1
199668257;1.013088;0.00976;0.002928;-91;35;-105;1
199685619;1.01016;0.00976;0.003904;-84;35;-105;1
199698910;1.0111359;0.011712;0.003904;-91;42;-98;1
199710064;1.012112;0.010736;0.002928;-91;35;-105;1
199725884;1.014064;0.011712;0.00488;-84;42;-98;1
199738924;1.013088;0.010736;0.003904;-91;42;-98;1
199750529;1.0150399;0.00976;0.003904;-84;42;-105;1
199764851;1.01016;0.007808;0.002928;-84;35;-98;1
199784291;1.0111359;0.008784;0.002928;-77;35;-98;1reed_sdp810.csv@199789923;-30;0;4259
199796588;1.013088;0.011712;0.002928;-84;35;-105;1
199808438;1.012112;0.011712;0.003904;-84;35;-105;1
199818995;1.013088;0.011712;0.006832;-77;35;-98;1
199838359;1.016992;0.012688;0.003904;-77;35;-98;1
199850110;1.016016;0.013664;0.002928;-77;35;-98;1
199862973;1.012112;0.012688;0.000976;-77;35;-105;1
199875950;1.0150399;0.013664;0.003904;-84;35;-98;1
199887160;1.0111359;0.@20000101_000005_192721_accel_adxl375.csv@199891004;1.813;0.049;0.196;1
199903713;1.012112;0.012688;0.003904;-91;35;-91;1
199913978;1.0111359;0.013664;0.000976;-77;35;-91;1
199928776;1.0111359;0.011712;0.003904;-77;35;-98;1
199965610;1.013088;0.006832;0.001952;-84;42;-98;1
199977101;1.0111359;0.011712;0.00488;-84;35;-98;1
199999992;1.0111359;0.012688;0.003904;-84;42;-91;1
200016338;1.012112;0.010736;0.000976;-91;42;-91;1
200044616;1.012112;0.01464;0.005856;-98;42;-91;1
200058632;1.01016;0.011712;0.002928;-98;42;-91;1
200106803;1.014064;0.011712;0.002928;-91;42;-98;1
200143180;1.012112;0.000144564;1.813;0.049;0.147;1
200158773;1.009184;0.010736;0.000976;-98;42;-105;1
200170286;1.012112;0.012688;0.002928;-91;42;-105;1
200182225;1.014064;0.00976;0.001952;-91;42;-105;1
200193150;1.014064;0.010736;0.003904;-91;42;-98;1
200206125;1.0150399;0.011712;0.002928;-91;42;-98;1
200216989;1.0111359;0.005856;0.00488;-91;35;-98;1
200230194;1.013088;0.00976;0.002928;-84;42;-98;1
200241011;1.012112;0.006832;0.00488;-84;35;-105;1
200252046;1.012112;0.010736;0.002928;-77;35;-98;1
200264341;1.0150399;0.011712;0.001952;-77;35;-98;1
200275288;1.0150399;0.00976;0.00488;-84;28;-105;1
200286039;1.013088;0.010736;0.003904;-77;28;-105;1
200297471;1.012112;0.008784;0.002928;-77;35;-105;1
200312979;1.016016;0.012688;0.003904;-77;28;-98;1
200324712;1.016016;0.011712;0.003904;-77;35;-98;1
200335549;1.012112;0.00976;0.0;-77;35;-98;1
200348350;1.013088;0.01464;0.006832;-77;35;-98;1
200361564;1.013088;0.010736;0.00488;-77;42;-98;1
200373147;1.014064;0.011712;0.002928;-84;35;-98;1
200384542;1.012112;0.010736;0.00488;-84;42;-98;1
200399756;1.014064;0.008784;0.00488;-84;35;-98;1
200410662;1.013088;0.00976;0.00488;-84;42;-91;1
200447460;1.014064;0.010736;0.005856;-77;35;-91;1
200473344;1.013088;0.012688;0.001952;-77;35;-98;1
200484125;1.012112;0.012688;0.0;-77;35;-98;1
200531191;1.013088;0.012688;0.002928;-91;42;-91;1
200550276;1.014064;0.00976;0.003904;-91;35;-98;1
200562416;1.014064;0.007808;0.003904;-91;42;-98;1
200574261;1.016016;0.010736;0.001952;-91;35;-98;1
200592270;1.012112;0.008784;-0.000976;-91;35;-98;1
200602933;1.012112;0.007808;0.000976;-91;42;-98;1
200616478;1.013088;0.00976;0.002928;-84;42;-98;1
200628418;1.013088;0.00976;0.000976;-84;42;-105;1
200643532;1.013088;0.011712;0.003904;-91;42;-105;1
200654417;1.01016;0.01@20000101_000005_192721_laser_agl.csv@200658739;0.021;1
200668760;1.016992;0.011712;0.005856;-98;49;-98;1
200680009;1.013088;0.012688;0.001952;-98;49;-98;1
200695478;1.0111359;0.008784;0.001952;-98;42;-98;1
200713003;1.012112;0.008784;0.003904;-98;42;-98;1
200725300;1.01016;0.011712;0.001952;-98;42;-98;1
200745166;1.0111359;0.007808;0.003904;-91;35;-98;1
200756303;1.014064;0.0;-98;1
200769422;1.013088;0.00976;0.003904;-84;35;-105;1
200780046;1.012112;0.012688;0.002928;-84;42;-98;1
200793501;1.012112;0.012688;0.002928;-84;35;-105;1
200813010;1.012112;0.010736;0.003904;-84;42;-98;1
200845401;1.012112;0.011712;0.005856;-84;35;-98;1
200868972;1.014064;0.00976;0.005856;-84;35;-98;1
200880492;1.013088;0.011712;0.00488;-84;35;-91;1
200897807;1.013088;0.011712;0.00488;-84;35;-91;1
200912989;1.0150399;0.00976;0.001952;-77;35;-98;1
200925499;1.012112;0.011712;0.000976;-77;28;-98;1
200955319;1.01016;0.010736;0.002928;-77;28;-98;1
200974229;1.014064;0.010736;0.003904;-77;35;-98;1
200993377;1.012112;0.00976;0.002928;-77;35;-91;1
201013036;1.013088;0.007808;0.003904;-84;35;-98;1
201057431;1.013088;0.008784;0.002928;-84;35;-98;1
201068152;1.014064;0.011712;0.0;-84;35;-98;1
201079672;1.013088;0.012688;0.002928;-77;35;-105;1
201090141;1.01016;0.008784;0.003904;-84;35;-105;1
201107456;1.01016;0.010736;0.001952;-84;42;-105;1
201125190;1.0150399;0.010736;0.001952;-84;42;-105;1
201141297;1.013088;0.008784;0.00488;-84;42;-105;1
201152637;1.012112;0.006832;0.001952;-84;42;-98;1
201164624;1.0111359;0.012688;0.002928;-91;35;-98;1
201176627;1.0111359;0.012688;0.002928;-91;42;-98;1
201190005;1.014064;0.00976;0.002928;-91;35;-105;1
201202613;1.013088;0.010736;0.002928;-91;35;-105;1
201214243;1.013088;0.008784;0.00488;-91;35;-105;1
201225476;1.01016;0.010736;0.003904;-91;42;-105;1
201236059;1.012112;0.012688;0.002928;-91;42;-105;1
201250166;1.013088;0.010736;0.002928;-91;42;-98;1
201261236;1.01016;0.013664;0.001952;-91;42;-98;1
201272591;1.0111359;0.008784;0.002928;-98;42;-98;1
201283009;1.012112;0.012688;0.00488;-98;42;-98;1
201298586;1.01016;0.011712;0.003904;-98;42;-98;1
201312992;1.0111359;0.010736;0.00488;-91;42;-98;1
201333106;1.016016;0.011712;0.00488;-91;35;-98;1
201347470;1.012112;0.008784;0.002928;-91;35;-91;1
201358003;1.016016;0.010736;0.003904;-84;42;-98;1
201396625;1.0111359;0.00976;0.003904;-77;42;-98;1
201409180;1.0111359;0.012688;0.003904;-77;42;-98;1
201423114;1.0150399;0.008784;0.005856;-77;42;-105;1
201436529;1.014064;0.011712;0.005856;-77;42;-98;1
201453470;1.0111359;0.00976;0.002928;-91;35;-91;1
201469000;1.012112;0.008784;0.005856;-91;35;-91;1
201480355;1.0111359;0.00976;0.006832;-91;35;-98;1
201492480;1.014064;0.011712;0.00488;-91;28;-98;1
201505380;1.013088;0.008784;0.002928;-84;28;-98;1
201519961;1.016016;0.0e201523433;1.813;0.147;0.196;1
201530898;1.0150399;0.00976;0.001952;-84;35;-105;1
201542199;1.016016;0.010736;0.0;-77;35;-105;1
201553005;1.012112;0.011712;0.002928;-77;35;-105;1
201564454;1.013088;0.013664;0.003904;-70;35;-105;1
201575013;1.014064;0.01464;0.001952;-70;35;-105;1
201588295;1.013088;0.0@20000101_000005_192721_accel_adxl375.csv@201595096;1.7639999;0.147;0.196;1
201599499;1.0150399;0.012688;0.002928;-77;35;-98;1
201610516;1.0111359;0.00976;0.002928;-77;35;-105;1
201621450;1.013088;0.0-@20000101_000005_192721_imu_bno055.csv@201624678;342.3125;7593;-17225;0.96261216;0.028552056;-0.23963332
201632215;1.012112;0.011712;0.00488;-91;35;-98;1
201645200;1.0150399;0.011712;0.002928;-84;35;-98;1
201658760;1.012112;0.011712;0.003904;-84;28;-98;1
201670068;1.013088;0.008784;0.001952;-84;35;-98;1
201681549;1.0111359;0.007808;0.00488;-84;35;-98;1
201705109;1.012112;0.00976;0.003904;-77;42;-105;1
201726438;1.013088;0.010736;0.003904;-77;42;-105;1
201738044;1.0111359;0.012688;0.003904;-84;42;-105;1
201757472;1.0111359;0.011712;0.00488;-84;42;-98;1
201768762;1.012112;0.008784;0.003904;-84;42;-98;1
201784672;1.01016;0.010736;0.006832;-91;42;-98;1
201797545;1.012112;0.011712;0.00488;-91;35;-91;1
201831690;1.014064;0.010736;0.00488;-91;42;-91;1
201842625;1.013088;0.008784;0.001952;-91;35;-91;1
201862739;1.01016;0.008784;0.003904;-91;42;-98;1
201876442;1.016016;0.00976;0.0;-91;42;-105;1
201887463;1.012112;0.0@20000101_000005_192721_accel_adxl375.csv@201891875;1.7639999;0.098;0.196;1
201902268;1.014064;0.00976;0.002928;-84;42;-105;1
201913040;1.01016;0.011712;0.005856;-84;42;-98;1
201936168;1.016016;0.00976;0.006832;-91;35;-98;1
201947162;1.014064;0.00976;0.002928;-91;35;-98;1
201970127;1.0150399;0.008784;0.003904;-91;35;-98;1
201986128;1.0150399;0.008784;0.005856;-91;42;-98;1
202006888;1.014064;0.010736;0.002928;-77;42;-98;1
202018068;1.013088;0.010736;0.003904;-84;35;-98;1
202033039;1.013088;0.010736;0.003904;-84;42;-98;1
202050891;1.013088;0.010736;0.005856;-84;42;-105;1
202066056;1.0111359;0.00976;0.002928;-84;35;-105;1
202077100;1.012112;0.010736;0.00488;-84;35;-98;1
202093946;1.016016;0.013664;0.00488;-84;35;-98;1
202107311;1.013088;0.010736;0.003904;-91;35;-105;1
202161392;1.0111359;0.007808;0.001952;-84;42;-98;1
202185223;1.012112;0.011712;0.001952;-84;42;-98;1
202196056;1.0150399;0.011712;0.000976;-77;42;-105;1
202217204;1.0111359;0.011712;0.00488;-84;42;-98;1
202228034;1.01016;0.010736;0.00488;-84;42;-98;1
202261987;1.0150399;0.013664;0.003904;-91;35;-98;1
202276659;1.013088;0.008784;0.003904;-91;35;-98;1
202291910;1.016016;0.010736;0.002928;-98;42;-105;1
202313010;1.01016;0.008784;0.002928;-91;42;-98;1
202324010;1.0111359;0.012688;0.002928;-84;42;-98;1
202336438;1.014064;0.012688;0.00488;-91;42;-98;1
202349242;1.013088;0.012688;0.005856;-84;42;-98;1
202373210;1.012112;0.010736;0.00488;-84;42;-98;1
202384056;1.012112;0.010736;0.002928;-91;42;-98;1
202400488;1.01016;0.00976;0.002928;-91;35;-98;1
202414921;1.014064;0.00976;0.003904;-91;35;-98;1
202434715;1.012112;0.008784;0.001952;-91;42;-98;1
202448196;1.012112;0.005856;0.002928;-91;35;-98;1
202459556;1.013088;0.00976;0.002928;-84;35;-98;1
202471195;1.014064;0.008784;0.00488;-91;42;-98;1
202482352;1.013088;0.010736;0.001952;-91;35;-98;1
202500488;1.012112;0.010736;0.001952;-84;42;-98;1
202514888;1.0111359;0.006832;0.000976;-84;35;-105;1
202526053;1.01016;0.00976;0.002928;-84;35;-105;1
202542976;1.009184;0.00976;0.003904;-84;35;-105;1
202554215;1.012112;0.0@20000101_000005_192721_accel_adxl375.csv@202559002;1.7639999;0.098;0.147;1
202567973;1.0150399;0.008784;0.00488;-84;35;-98;1
202581072;1.01016;0.008784;0.002928;-77;35;-98;1
202596549;1.009184;0.008784;0.003904;-84;42;-98;1
202611453;1.014064;0.011712;0.002928;-84;35;-98;1
202633048;1.014064;0.00976;0.007808;-91;42;-98;1
202645299;1.0111359;0.008784;0.002928;-91;42;-105;1
202663060;1.013088;0.010736;0.003904;-84;42;-98;1
202674296;1.014064;0.010736;0.006832;-84;42;-98;1
202707881;1.01016;0.011712;0.001952;-84;35;-98;1
202723716;1.0111359;0.008784;0.00488;-91;35;-98;1
202743602;1.0111359;0.011712;0.001952;-91;35;-98;1
202763341;1.016016;0.010736;0.003904;-84;42;-98;1
202776664;1.013088;0.00976;0.001952;-91;42;-98;1
202794216;1.01016;0.008784;0.006832;-84;42;-98;1
202813058;1.012112;0.00976;0.003904;-84;35;-98;1
202824187;1.0111359;0.006832;0.003904;-84;35;-98;1
202842991;1.012112;0.008784;0.003904;-84;35;-98;1
202873059;1.012112;0.00976;0.003904;-84;35;-98;1
202889921;1.01016;0.011712;0.001952;-84;35;-91;1
202913632;1.013088;0.007808;0.003904;-84;35;-98;1
202928791;1.0111359;0.011712;0.003904;-84;35;-98;1
202944663;1.0111359;0.013664;0.005856;-91;42;-98;1
202963474;1.01016;0.007808;0.001952;-91;42;-91;1
202974117;1.01016;0.006832;0.002928;-84;35;-98;1
202995363;1.0150399;0.008784;0.002928;-91;35;-98;1
203011023;1.016016;0.00976;0.003904;-84;35;-105;1
203024052;1.014064;0.008784;0.003904;-84;35;-105;1
203043094;1.0150399;0.00976;0.001952;-84;35;-98;1
203073444;1.01016;0.012688;0.002928;-84;42;-98;1
203085969;1.0150399;0.010736;0.003904;-84;42;-105;1
203097171;1.013088;0.010736;0.002928;-84;42;-105;1
203111790;1.013088;0.010736;0.002928;-84;42;-105;1
203133140;1.014064;0.00976;0.002928;-91;35;-98;1
203147234;1.016016;0.011712;0.003904;-84;35;-91;1
203159989;1.0111359;0.010736;0.003904;-91;35;-98;1
203172123;1.0111359;0.008784;0.003904;-91;35;-98;1
203183193;1.01016;0.007808;0.002928;-84;35;-105;1
203240554;1.013088;0.00976;0.002928;-84;42;-91;1
203252282;1.013088;0.010736;0.003904;-91;42;-98;1
203264879;1.013088;0.011712;0.00488;-91;42;-98;1
203276156;1.014064;0.011712;0.003904;-91;42;-91;1
203293098;1.016992;0.008784;0.002928;-98;35;-98;1
203308773;1.0111359;0.010736;0.001952;-98;42;-98;1
203319142;1.013088;0.007808;0.002928;-91;42;-98;1
203358181;1.012112;0.007808;0.002928;-77;35;-98;1
203369380;1.0111359;0.00976;0.003904;-84;42;-98;1
203382327;1.014064;0.011712;0.002928;-84;35;-105;1
203395239;1.0111359;0.00976;0.002928;-84;42;-98;1
203406036;1.012112;0.010736;0.00488;-84;42;-98;1
203418682;1.014064;0.013664;0.003904;-91;42;-91;1
203432829;1.014064;0.008784;0.005856;-91;42;-98;1
203447363;1.009184;0.010736;0.003904;-91;35;-98;1
203458204;1.009184;0.010736;0.00488;-91;35;-98;1
203470357;1.012112;0.007808;0.003904;-98;35;-98;1
203480924;1.016016;0.00976;0.006832;-84;35;-98;1
203494655;1.013088;0.011712;0.002928;-84;35;-98;1
203505158;1.014064;0.00976;0.002928;-77;35;-98;1
203518001;1.0111359;0.007808;0.001952;-84;35;-105;1
203559843;1.014064;0.011712;0.00488;-84;42;-98;1
203571026;1.012112;0.010736;0.000976;-84;35;-98;1
203582024;1.013088;0.010736;0.003904;-91;35;-91;1
203601964;1.01016;0.011712;0.00488;-91;42;-98;1
203613057;1.013088;0.00976;0.003904;-91;35;-91;1
203633025;1.013088;0.012688;0.003904;-91;42;-91;1
203653098;1.014064;0.0@20000101_000005_192721_imu_bno055.csv@203692020;342.3125;7593;-17225;0.961592464;0.029571772;-0.24371218
203705382;1.0150399;0.012688;0.0;-84;42;-98;1
203718166;1.014064;0.008784;0.006832;-84;35;-98;1
203757413;1.012112;0.010736;0.002928;-91;42;-98;1
203774657;1.0111359;0.010736;0.002928;-91;35;-98;1
203788583;1.0150399;0.00976;0.002928;-91;35;-98;1
203800411;1.012112;0.010736;0.006832;-91;42;-98;1
203811270;1.014064;0.010736;0.00488;-91;35;-105;1
203822675;1.0150399;0.34;-84;35;-98;1
203837972;1.014064;0.011712;0.001952;-77;35;-105;1
203854941;1.01016;0.010736;0.003904;-84;42;-98;1
203868418;1.0150399;0.010736;0.00488;-84;35;-98;1
203880039;1.014064;0.011712;0.002928;-77;42;-98;1
203893020;1.01016;0.013664;0.00488;-91;35;-98;1
203912809;1.01016;0.00976;0.003904;-84;35;-98;1
203923174;1.014064;0.0928;-91;35;-98;1
203947015;1.013088;0.00976;0.002928;-91;35;-98;1
203972380;1.012112;0.005856;0.001952;-91;35;-98;1
203982976;1.0111359;0.008784;0.001952;-84;35;-98;1
203997705;1.014064;0.008784;0.006832;-84;42;-98;1
204014208;1.013088;0.011712;0.003904;-77;35;-105;1
204033033;1.013088;0.008784;0.003904;-84;42;-98;1
204045227;1.012112;0.011712;0.002928;-77;42;-98;1
204056116;1.012112;0.0@20000101_000005_192721_accel_adxl375.csv@204058175;1.7639999;0.098;0.196;1
204069509;1.01016;0.011712;0.003904;-84;35;-98;1
204079882;1.0111359;0.00976;0.00488;-84;35;-98;1
204091194;1.013088;0.012688;0.002928;-91;42;-98;1
204104797;1.0111359;0.00976;0.002928;-91;35;-91;1
204118676;1.008208;0.011712;0.002928;-84;35;-98;1
204129281;1.013088;0.0@20000101_000005_192721_imu_bno055.csv@204161898;342.3125;7593;-17225;0.9605727;0.028552056;-0.24167276
204167116;1.013088;0.010736;0.003904;-91;42;-105;1
204178811;1.012112;0.010736;0.000976;-84;42;-98;1
204196568;1.0111359;0.011712;0.002928;-84;35;-98;1
204212813;1.0150399;0.00976;0.002928;-91;35;-98;1
204236542;1.0111359;0.00976;0.003904;-91;35;-98;1
204247517;1.009184;0.011712;0.002928;-91;35;-98;1
204261681;1.012112;0.008784;0.00488;-84;35;-98;1
204271988;1.013088;0.008784;0.005856;-91;42;-98;1
204284491;1.0150399;0.00976;0.002928;-91;42;-105;1
204296794;1.0150399;0.008784;0.002928;-84;42;-105;1
204308307;1.012112;0.010736;0.006832;-84;35;-98;1
204318989;1.008208;0.011712;0.002928;-77;35;-105;1
204335181;1.013088;0.007808;0.003904;-77;35;-98;1
204353724;1.0111359;0.00976;0.005856;-77;35;-105;1
204367644;1.012112;0.011712;0.001952;-84;35;-98;1
204377970;1.016992;0.00976;0.003904;-84;35;-105;1
204390221;1.013088;0.012688;0.002928;-84;42;-98;1
204402246;1.012112;0.010736;0.000976;-91;42;-91;1
204413812;1.013088;0.013664;0.00488;-91;35;-98;1
204434925;1.0150399;0.010736;0.00488;-91;42;-98;1
204447356;1.012112;0.00976;0.002928;-84;35;-98;1
204464868;1.013088;0.008784;0.002928;-84;35;-105;1
204479796;1.0111359;0.010736;0.003904;-84;35;-98;1
204496333;1.0150399;0.00976;0.00488;-77;35;-105;1
204507249;1.014064;0.011712;0.003904;-77;35;-105;1
204543027;1.012112;0.012688;0.005856;-84;35;-91;1
204583302;1.0111359;0.010736;0.002928;-91;35;-98;1
204597211;1.01016;0.00976;0.002928;-91;35;-98;1
204610024;1.014064;0.010736;0.005856;-91;42;-91;1
204636851;1.009184;0.011712;0.00488;-91;42;-98;1
204650208;1.0111359;0.01464;0.002928;-84;42;-98;1
204661628;1.014064;0.007808;0.002928;-84;42;-98;1
204672289;1.013088;0.011712;0.00488;-84;35;-98;1
204683562;1.0111359;0.011712;0.006832;-91;35;-98;1
204699601;1.0150399;0.007808;0.002928;-84;42;-105;1
204710926;1.009184;0.008784;0.002928;-84;35;-91;1
204738718;1.0150399;0.008784;0.003904;-84;35;-98;1
204751014;1.014064;0.008784;0.003904;-84;42;-98;1
204762744;1.013088;0.010736;0.002928;-84;35;-91;1
204773128;1.014064;0.00976;0.00488;-84;42;-98;1
204783957;1.0150399;0.012688;0.00488;-84;35;-98;1
204798775;1.014064;0.008784;0.003904;-84;35;-98;1
204808958;1.012112;0.008784;0.003904;-84;35;-105;1
204824661;1.014064;0.011712;0.003904;-84;35;-105;1
204838274;1.009184;0.010736;0.00488;-84;35;-98;1
204851599;1.0111359;0.010736;0.00488;-91;35;-105;1
204867042;1.013088;0.008784;0.00488;-91;35;-98;1
204878520;1.012112;0.00976;0.002928;-84;35;-98;1
204891943;1.012112;0.008784;0.00488;-84;35;-98;1
204908411;1.014064;0.008784;0.001952;-84;42;-98;1
204918974;1.013088;0.008784;0.002928;-91;42;-98;1
204930187;1.013088;0.00976;0.005856;-84;42;-98;1
204949632;1.009184;0.011712;0.002928;-84;42;-98;1
204961263;1.012112;0.007808;0.003904;-84;35;-98;1
204974201;1.013088;0.011712;0.000976;-77;35;-105;1
205014766;1.013088;0.008784;0.003904;-84;35;-98;1
205026128;1.012112;0.010736;0.001952;-84;35;-98;1
205037975;1.013088;0.008784;0.003904;-84;35;-98;1
205050989;1.012112;0.008784;0.002928;-84;42;-98;1
205066053;1.013088;0.00976;0.003904;-91;42;-98;1
205077440;1.014064;0.011712;0.003904;-91;35;-98;1
205092631;1.0111359;0.008784;0.005856;-91;35;-98;1
205113052;1.013088;0.012688;0.00488;-91;35;-98;1
205133032;1.016992;0.008784;0.00488;-84;35;-98;1
205148490;1.013088;0.012688;0.001952;-84;35;-98;1
205160632;1.012112;0.010736;0.003904;-84;42;-98;1
205172720;1.014064;0.01464;0.002928;-77;42;-98;1
205184147;1.0111359;0.010736;0.002928;-84;42;-98;1
205200408;1.01016;0.012688;-0.000976;-91;42;-98;1
205212682;1.0150399;0.010736;0.003904;-84;35;-98;1
205223478;1.012112;0.060.003904;-84;35;-98;1
205234406;1.014064;0.010736;0.005856;-84;35;-98;1
205249287;1.012112;0.008784;0.002928;-84;35;-98;1
205262847;1.012112;0.010736;0.006832;-84;35;-98;1
205274236;1.013088;0.010736;0.007808;-84;35;-105;1
205291071;1.0150399;0.008784;0.00488;-84;35;-105;1
205302130;1.014064;0.010736;0.003904;-84;35;-98;1
205325643;1.0111359;0.00976;0.002928;-84;35;-105;1
205339968;1.012112;0.00976;0.002928;-84;35;-105;1
205357459;1.013088;0.008784;0.003904;-84;35;-98;1
205368068;1.0111359;0.008784;0.003904;-91;42;-105;1
205379671;1.014064;0.011712;0.001952;-84;35;-98;1
205390923;1.013088;0.005856;0.00488;-84;35;-98;1
205402052;1.012112;0.010736;0.003904;-84;35;-98;1
205433018;1.012112;0.011712;0.002928;-91;35;-105;1
205449516;1.0111359;0.011712;0.003904;-84;35;-91;1
205462690;1.009184;0.008784;0.002928;-84;35;-98;1
205479079;1.013088;0.008784;0.003904;-84;35;-91;1
205493021;1.0111359;0.00976;0.005856;-91;42;-105;1
205513037;1.01016;0.011712;0.002928;-91;35;-98;1
205524036;1.013088;0.011712;0.005856;-91;42;-98;1
205543020;1.014064;0.010736;0.00488;-84;35;-105;1
205555922;1.012112;0.00976;0.006832;-84;42;-98;1
205567339;1.0111359;0.00976;0.00488;-84;35;-98;1
205583570;1.0111359;0.012688;0.001952;-84;35;-91;1
205605698;1.014064;0.00976;0.003904;-84;35;-91;1
205623033;1.014064;0.010736;0.001952;-84;35;-91;1
205635482;1.01016;0.00976;0.00488;-91;35;-98;1
205647833;1.01016;0.00976;0.003904;-84;35;-98;1
205669737;1.013088;0.012688;0.001952;-84;35;-98;1
205698285;1.0111359;0.010736;0.000976;-77;35;-105;1
205709156;1.013088;0.008784;0.00488;-84;35;-105;1
205721070;1.0150399;0.011712;0.00488;-77;35;-112;1
205732868;1.013088;0.012688;0.00488;-77;28;-105;1
205744315;1.014064;0.008784;0.000976;-84;35;-98;1
205757988;1.0150399;0.00976;0.003904;-84;35;-98;1
205770301;1.013088;0.00976;0.001952;-84;35;-98;1
205782965;1.013088;0.011712;-0.000976;-84;35;-98;1
205796269;1.013088;0.008784;0.000976;-91;35;-98;1
205815155;1.0111359;0.011712;0.001952;-84;42;-98;1
205834661;1.016016;0.011712;0.00488;-91;42;-98;1
205848282;1.012112;0.011712;0.001952;-91;42;-98;1
205859714;1.01016;0.010736;0.000976;-84;42;-105;1
205897893;1.013088;0.010736;0.00488;-91;42;-98;1
205912244;1.014064;0.010736;0.0;-91;35;-105;1
205924068;1.016016;0.007808;0.002928;-91;42;-98;1
205938175;1.013088;0.00976;0.002928;-91;42;-98;1
205954569;1.0111359;0.010736;0.003904;-91;42;-98;1
205971500;1.013088;0.011712;0.001952;-98;42;-98;1
205985084;1.012112;0.011712;0.005856;-91;42;-98;1
205996156;1.012112;0.007808;0.005856;-91;42;-98;1
206029176;1.0150399;0.00976;0.003904;-84;42;-98;1
206044279;1.014064;0.010736;0.000976;-77;35;-105;1
206070601;1.012112;0.012688;0.002928;-84;35;-98;1
206082547;1.013088;0.010736;0.002928;-84;35;-98;1
206095371;1.012112;0.010736;0.002928;-84;42;-98;1
206112498;1.0111359;0.008784;0.001952;-84;42;-98;1
206123792;1.012112;0.013664;0.003904;-84;35;-91;1
206139340;1.0111359;0.00976;0.00488;-91;42;-98;1
206151414;1.012112;0.010736;0.006832;-91;35;-98;1
206166401;1.0111359;0.00976;0.002928;-84;35;-105;1
206178290;1.013088;0.010736;0.003904;-77;35;-105;1
206192093;1.01016;0.007808;0.005856;-84;35;-105;1
206202937;1.0150399;0.00976;0.002928;-84;35;-105;1
206217267;1.012112;0.011712;0.001952;-84;35;-98;1
206228104;1.01016;0.00976;0.003904;-84;35;-105;1
206240919;1.014064;0.010736;0.002928;-84;35;-98;1
206252227;1.0111359;0.400005_192721_imu_bno055.csv@206254568;342.3125;7593;-17225;0.96261216;0.026512622;-0.24065304
206263226;1.0111359;0.010736;0.002928;-84;35;-91;1
206274808;1.0111359;0.010736;0.002928;-77;35;-98;1
206322424;1.012112;0.015616;0.003904;-84;42;-98;1
206341917;1.012112;0.010736;0.002928;-84;35;-98;1
206357098;1.013088;0.00976;0.001952;-84;35;-98;1
206368452;1.013088;0.011712;0.001952;-91;42;-105;1
206380301;1.014064;0.00976;0.003904;-91;42;-105;1
206391727;1.012112;0.013664;0.002928;-91;42;-98;1
206406718;1.014064;0.007808;0.002928;-91;35;-105;1
206422980;1.0111359;0.007808;0.000976;-91;35;-98;1
206436393;1.0111359;0.010736;0.000976;-98;42;-98;1
206446994;1.013088;0.011712;0.006832;-91;42;-98;1
206459589;1.012112;0.011712;0.002928;-98;42;-98;1
206470063;1.013088;0.008784;0.003904;-98;42;-98;1
206481415;1.01016;0.010736;0.006832;-91;35;-98;1
206492900;1.016016;0.010736;0.00488;-84;35;-98;1
206515067;1.012112;0.011712;0.001952;-91;35;-98;1
206549561;1.014064;0.011712;0.000976;-91;35;-105;1
206560121;1.012112;0.010736;0.001952;-84;42;-105;1
206573369;1.012112;0.010736;0.003904;-84;42;-98;1
206597072;1.014064;0.012688;0.00488;-84;42;-105;1
206615863;1.012112;0.011712;06;1
206633101;1.014064;0.00976;0.003904;-91;35;-98;1
206645398;1.013088;0.010736;0.002928;-84;35;-98;1
206657391;1.0111359;0.007808;0.005856;-84;35;-98;1
206668935;1.01016;0.006832;0.00488;-84;35;-98;1
206680056;1.0111359;0.011712;0.002928;-84;35;-98;1
206694626;1.013088;0.00976;0.00488;-84;35;-98;1
206713056;1.012112;0.010736;0.003904;-84;35;-98;1
206764879;1.01016;0.010736;0.002928;-77;35;-98;1
206777179;1.012112;0.00976;0.003904;-84;42;-98;1
206789062;1.013088;0.010736;0.00488;-91;42;-98;1
206800020;1.013088;0.007808;0.003904;-84;42;-98;1
206816985;1.0150399;0.010736.4-84;35;-98;1
206827860;1.0111359;0.010736;0.002928;-91;35;-91;1
206838949;1.014064;0.010736;0.002928;-91;35;-91;1
206850502;1.012112;0.007808;0.003904;-91;35;-98;1
206863638;1.012112;0.007808;0.00488;-84;42;-98;1
206874631;1.0150399;0.012688;0.002928;-84;35;-98;1
206885488;1.013088;0.012688;0.003904;-84;35;-98;1
206898945;1.014064;0.010736;0.000976;-91;42;-98;1
206914372;1.013088;0.012688;0.001952;-84;42;-91;1
206925836;1.012112;0.00976;0.003904;-84;42;-98;1
206937994;1.01016;0.00976;0.003904;-84;35;-98;1
206949746;1.012112;0.010736;0.000976;-84;35;-105;1
206960981;1.013088;0.010736;0.001952;-91;35;-105;1
206973821;1.012112;0.011712;0.003904;-84;35;-105;1
206985200;1.014064;0.013664;0.005856;-91;35;-98;1
206999114;1.009184;0.012688;0.002928;-91;42;-105;1
207010020;1.01016;0.008784;0.002928;-84;35;-98;1
207021814;1.013088;0.00-98;1
207035596;1.012112;0.012688;0.002928;-91;42;-105;1
207048587;1.012112;0.007808;0.003904;-84;42;-105;1
207060304;1.014064;0.011712;0.002928;-77;42;-105;1
207073030;1.0111359;0.010736;0.005856;-84;42;-98;1
207096859;1.012112;0.010736;0.001952;-91;42;-98;1
207135241;1.014064;0.010736;0.003904;-91;35;-98;1
207184454;1.014064;0.007808;0.000976;-84;35;-105;1
207206074;1.0111359;0.012688;0.003904;-84;42;-98;1
207219291;1.013088;0.006832;0.003904;-84;42;-98;1
207232496;1.013088;0.012688;0.001952;-77;42;-98;1
207244517;1.014064;0.011712;0.003904;-84;42;-98;1
207258438;1.012112;0.012688;0.005856;-84;35;-98;1
207269164;1.0150399;0.010736;0.00488;-84;35;-98;1
207279965;1.013088;0.008784;0.00488;-84;35;-98;1
207293829;1.01016;0.00976;0.005856;-91;35;-91;1
207304993;1.016016;0.008784;0.000976;-91;35;-91;1
207319608;1.012112;0.008784;0.003904;-84;35;-98;1
207330100;1.012112;0.008784;0.000976;-91;35;-98;1
207341245;1.0111359;0.00976;0.003904;-84;42;-98;1
207352574;1.013088;0.007808;0.003904;-91;35;-98;1
207365165;1.0111359;0.012688;0.001952;-84;42;-98;1
207375995;1.009184;0.011712;0.00488;-84;42;-98;1
207389663;1.014064;0.0@20000101_000005_192721_power_ina226.csv@207393490;3930;483;1875;0
207400127;1.013088;0.008784;0.002928;-91;35;-98;1
207412544;1.0150399;0.010736;0.001952;-84;35;-98;1
207424831;1.016016;0.006832;0.002928;-84;35;-98;1
207437605;1.014064;0.008784;0.00488;-91;35;-98;1
207464610;1.013088;0.011712;0.001952;-84;35;-105;1
207475918;1.0111359;0.00976;0.00488;-84;35;-98;1
207488920;1.0111359;0.00976;0.003904;-84;42;-105;1
207501932;1.012112;0.011712;0.002928;-84;42;-98;1
207513055;1.012112;0.012688;0.00488;-84;42;-105;1
207536342;1.0111359;0.013664;0.006832;-84;42;-105;1
207547875;1.013088;0.011712;0.005856;-84;42;-105;1
207591297;1.013088;0.012688;0.002928;-84;35;-98;1
207614782;1.012112;0.011712;0.003904;-91;42;-98;1
207641576;1.013088;0.010736;0.001952;-91;42;-91;1
207652055;1.01016;0.008784;0.003904;-91;42;-98;1
207665515;1.013088;0.008784;0.002928;-91;42;-98;1
207676010;1.0111359;0.00976;0.0;-84;42;-98;1
207689665;1.0111359;0.@20000101_000005_192721_laser_agl.csv@207692113;0.017;0
207700194;1.0111359;0.007808;0.002928;-98;35;-98;1
207719116;1.0111359;0.008784;0.001952;-84;35;-98;1
207731754;1.012112;0.011712;0.002928;-91;42;-98;1
207742311;1.013088;0.015616;0.003904;-91;35;-98;1
207753235;1.0150399;0.011712;0.003904;-91;35;-98;1
207766061;1.0150399;0.010736;0.003904;-91;35;-98;1
207777470;1.012112;0.011712;0.0;-98;42;-98;1
207788662;1.013088;0.0@20000101_000005_192721_accel_adxl375.csv@207799022;1.7639999;0.147;0.196;1
207800695;1.0150399;0.008784;0.00488;-91;42;-98;1
207811580;1.012112;0.008784;0.000976;-91;42;-98;1
207825032;1.013088;0.00976;0.001952;-91;42;-98;1
207840222;1.012112;0.008784;0.00488;-91;42;-98;1
207852952;1.014064;0.0u.3125;7593;-17225;0.96261216;0.02753234;-0.2386136
207863925;1.01016;0.012688;0.002928;-91;35;-98;1
207874916;1.014064;0.011712;0.002928;-91;42;-98;1
207887832;1.014064;0.0@20000101_000005_192721_laser_agl.csv@207893597;0.02;0
207898905;1.013088;0.00976;0.001952;-91;35;-105;1
207910242;1.013088;0.008784;0.003904;-91;42;-98;1
207923300;1.012112;0.00976;0.001952;-91;42;-98;1
207939814;1.014064;0.013664;0.001952;-91;42;-105;1
207952578;1.013088;0.008784;0.003904;-91;42;-98;1
207965233;1.012112;0.00976;0.00488;-91;42;-98;1
207976709;1.013088;0.010736;0.003904;-84;42;-98;1
207989997;1.012112;0.0;42;-98;1
208004615;1.012112;0.00976;0.005856;-91;35;-98;1
208047940;1.014064;0.00976;0.003904;-91;35;-105;1
208060163;1.0111359;0.010736;0.00488;-84;35;-98;1
208071102;1.0111359;0.00976;0.006832;-84;35;-98;1
208085626;1.012112;0.00976;0.002928;-84;35;-98;1
208097377;1.016016;0.011712;0.001952;-84;35;-98;1
208109345;1.014064;0.012688;0.003904;-77;35;-98;1
208124477;1.012112;0.011712;0.003904;-84;35;-98;1
208138379;1.0150399;0.00976;0.005856;-91;35;-98;1
208158469;1.014064;0.013664;0.003904;-84;35;-98;1
208170629;1.014064;0.010736;0.003904;-84;35;-98;1
208181846;1.0150399;0.012688;0.006832;-84;35;-98;1
208200714;1.012112;0.00976;0.001952;-84;35;-91;1
208214998;1.013088;0.008784;0.000976;-91;35;-98;1
208226833;1.014064;0.010736;0.000976;-84;42;-98;1
208239728;1.012112;0.007808;0.003904;-84;42;-98;1
208250825;1.013088;0.013664;0.00488;-84;35;-98;1
208269009;1.0150399;0.010736;0.003904;-84;42;-105;1
208279943;1.01016;0.011712;0.003904;-84;42;-98;1
208292625;1.012112;0.010736;0.002928;-84;42;-98;1
208303401;1.008208;0.010736;0.003904;-91;42;-98;1
208318716;1.0111359;0.00976;0.001952;-91;35;-98;1
208334580;1.0111359;0.010736;0.001952;-91;42;-91;1
208348214;1.0111359;0.010736;0.001952;-84;42;-98;1
208359922;1.0150399;0.010736;0.001952;-91;42;-98;1
208372700;1.013088;0.010736;0.003904;-84;42;-98;1
208383513;1.0111359;0.012688;0.002928;-91;42;-105;1
208397417;1.014064;0.007808;0.002928;-84;42;-105;1
208408504;1.014064;0.010736;0.001952;-84;42;-105;1
208422612;1.0150399;0.011712;0.005856;-84;42;-98;1
208437556;1.013088;0.008784;0.003904;-91;35;-98;1
208472113;1.01016;0.00976;0.002928;-84;35;-105;1
208492198;1.0111359;0.012688;0.002928;-84;35;-98;1
208503293;1.0111359;0.00976;0.005856;-84;35;-105;1
208527989;1.014064;0.011712;0.005856;-77;35;-98;1
208543074;1.012112;0.008784;0.002928;-77;42;-98;1
208566102;1.016016;0.010736;0.002928;-84;35;-98;1
208578832;1.013088;0.008784;0.003904;-77;42;-98;1
208598745;1.01016;0.00976;0.002928;-84;35;-98;1
208613407;1.012112;0.011712;0.00488;-91;28;-98;1
208633065;1.012112;0.00976;0.00488;-84;35;-91;1
208645580;1.013088;0.00976;0.003904;-84;35;-91;1
208656192;1.013088;0.0@20000101_000005_192721_accel_adxl375.csv@208658301;1.7639999;0.098;0.196;1
208668705;1.012112;0.012688;0.005856;-84;35;-98;1
208680621;1.0150399;0.012688;0.002928;-84;35;-98;1
208696913;1.014064;0.011712;0.003904;-84;42;-98;1
208711693;1.01016;0.010736;0.002928;-77;35;-98;1
208722283;1.01016;0.01@00101_000005_192721_accel_adxl375.csv@208724222;1.7639999;0.147;0.196;1
208744825;1.014064;0.012688;0.002928;-84;35;-98;1
208757022;1.014064;0.011712;0.003904;-77;35;-98;1
208768241;1.013088;0.013664;0.001952;-84;35;-98;1
208780872;1.014064;0.007808;0.001952;-84;35;-91;1
208792270;1.013088;0.008784;-0.000976;-84;35;-91;1
208804814;1.012112;0.010736;0.002928;-91;35;-91;1
208818057;1.014064;0.008784;0.001952;-91;42;-91;1
208845094;1.012112;0.00976;0.002928;-84;42;-105;1
208855985;1.013088;0.00976;0.003904;-77;35;-105;1
208868329;1.012112;0.012688;0.002928;-84;35;-98;1
208905099;1.012112;0.00csv@208909703;1.7149999;0.147;0.244999984;1
208926108;1.016016;0.012688;0.003904;-98;42;-91;1
208945078;1.009184;0.011712;0.00488;-98;35;-98;1
208956023;1.0111359;0.005856;0.001952;-98;42;-91;1
208967509;1.0111359;0.00976;0.001952;-98;42;-98;1
208978184;1.013088;0.00976;0.003904;-91;42;-105;1
208990159;0.00976;0.005856;-91;42;-105;1
209013039;1.0111359;0.;05_192721_accel_adxl375.csv@209014165;1.7639999;0.098;0.196;1
209026114;1.014064;0.006832;0.00488;-84;35;-105;1
209042693;1.012112;0.012688;0.002928;-84;35;-105;1
209053206;1.0150399;0.@20000101_000005_192721_imu_bno055.csv@209062641;342.3125;7593;-17225;0.96363184;0.02753234;-0.24167276
209064317;1.012112;0.012688;0.003904;-84;35;-98;1
209075487;1.009184;0.011712;0.002928;-91;42;-98;1
209086751;1.0111359;0.0@20000101_000005_192721_accel_adxl375.csv@209090496;1.7639999;0.098;0.196;1
209096930;1.016016;0.010736;0.00488;-98;42;-91;1
209112991;1.0150399;0.006832;0.003904;-98;42;-91;1
209124261;1.0111359;0.00976;0.003904;-98;42;-91;1
209137443;1.0111359;0.00976;0.000976;-98;35;-91;1
209148259;1.012112;0.007808;0.00488;-91;35;-98;1
209163398;1.013088;0.00976;0.003904;-84;35;-98;1
209173907;1.01016;0.00976;0.005856;-77;28;-105;1
209202349;1.0111359;0.007808;0.003904;-70;28;-105;1
209218698;1.009184;0.008784;0.002928;-63;28;-105;1
209231690;1.014064;0.012688;0.002928;-63;28;-112;1
209246341;1.0111359;0.012688;0.002928;-70;35;-105;1
209270493;1.0111359;0.013664;0.002928;-91;42;-91;1
209281452;1.012112;0.012688;0.003904;-91;42;-84;1
209297494;1.012112;0.00976;0.003904;-98;42;-84;1
209325910;1.0111359;0.006832;0.002928;-105;35;-91;1
209345957;1.013088;0.005856;0.003904;-91;35;-98;1
209361036;1.013088;0.010736;0.002928;-84;42;-112;1
209372247;1.009184;0.008784;0.002928;-84;42;-112;1
209386583;1.01016;0.007808;0.006832;-77;42;-112;1
209397152;1.012112;0.010736;0.001952;-77;42;-112;1
209410530;1.012112;0.012688;0.002928;-77;42;-105;1
209421037;1.0111359;0.00976;0.003904;-84;42;-105;1
209437311;1.0111359;0.013664;0.002928;-84;42;-98;1
209449133;1.016016;0.010736;0.003904;-91;42;-98;1
209461158;1.013088;0.010736;0.001952;-98;42;-98;1
209472625;1.012112;0.00976;0.002928;-98;42;-91;1
209485992;1.016016;0.008784;0.001952;-91;42;-98;1
209504570;1.013088;0.011712;0.001952;-98;42;-91;1
209519102;1.012112;0.010736;0.0;-98;35;-98;1
209536356;1.012112;0.008784;0.000976;-84;42;-105;1
209551261;1.01016;0.011712;0.001952;-77;42;-105;1
209565223;1.014064;0.010736;0.002928;-84;35;-98;1
209576422;1.014064;0.010736;0.003904;-84;35;-98;1
209592903;1.014064;0.011712;0.003904;-91;42;-98;1
209605849;1.01016;0.013664;0.001952;-91;42;-91;1
209618033;1.0111359;0.010736;0.00488;-91;42;-91;1
209629087;1.014064;0.011712;0.002928;-91;35;-91;1
209640217;1.014064;0.00976;0.00488;-91;35;-98;1
209653644;1.0111359;0.@20000101_000005_192721_imu_bno055.csv@209661268;342.3125;7593;-17225;0.96261216;0.028552056;-0.23963332
209666122;1.0150399;0.008784;0.002928;-84;42;-91;1
209677094;1.013088;0.00976;0.002928;-84;35;-91;1
209688440;1.012112;0.0905;-98;1
209702128;1.014064;0.00976;0.002928;-84;35;-98;1
209714612;1.014064;0.010736;0.001952;-77;35;-98;1
209725005;1.0150399;0.010736;0.001952;-77;42;-98;1
209775753;1.014064;0.006832;0.002928;-91;42;-98;1
209796744;1.013088;0.010736;0.003904;-91;35;-98;1
209808335;1.0111359;0.007808;0.005856;-84;35;-98;1
209833047;1.013088;0.011712;0.001952;-91;28;-105;1
209844751;1.014064;0.008784;0.0;-91;35;-105;1
209855162;1.01016;0.00@20000101_000005_192721_airspeed_sdp810.csv@209857886;100;130;4262
209868052;1.013088;0.007808;0.001952;-77;35;-98;1
209879866;1.013088;0.010736;0.001952;-91;35;-105;1
209896350;1.0150399;0.010736;0.002928;-91;42;-98;1
209907206;1.0111359;0.013664;0.000976;-84;42;-98;1
209943053;1.0111359;0.00976;0.003904;-91;42;-91;1
209956258;1.0111359;0.013664;0.00488;-91;42;-91;1
209973042;1.012112;0.013664;0.00488;-91;35;-98;1
209986949;1.014064;0.008784;0.005856;-91;35;-98;1
209998075;1.014064;0.010736;0.000976;-91;35;-98;1
210009178;1.009184;0.010736;0.002928;-91;35;-105;1
210020160;1.016992;0.007808;0.0;-84;35;-105;1
210035058;1.012112;0.00976;0.002928;-84;35;-105;1
210053070;1.013088;0.00976;0.00488;-84;35;-98;1
210066596;1.013088;0.010736;0.00488;-84;35;-98;1
210077058;1.016016;0.011712;0.003904;-84;35;-98;1
210090347;1.014064;0.012688;0.003904;-84;42;-98;1
210101164;1.0150399;0.012688;0.003904;-91;42;-98;1
210112040;1.0111359;0.00976;0.005856;-98;35;-98;1
210123630;1.013088;0.011712;0.003904;-91;35;-91;1
210136817;1.012112;0.011712;0.003904;-91;42;-91;1
210154636;1.01016;0.010736;0.000976;-91;35;-91;1
210170108;1.014064;0.011712;0.002928;-91;42;-91;1
210181666;1.012112;0.010736;0.003904;-84;42;-98;1
210193425;1.01016;0.007808;0.002928;-84;35;-98;1
210264081;1.013088;0.012688;0.003904;-91;28;-91;1
210280410;1.012112;0.00976;0.000976;-84;35;-98;1
210291182;1.0150399;0.012688;0.002928;-91;35;-98;1
210302361;1.013088;0.00976;0.003904;-91;42;-91;1
210313080;1.0150399;0.012688;0.000976;-98;49;-91;1
210337830;1.016016;0.011712;0.002928;-84;42;-98;1
210348585;1.0111359;0.010736;0.00488;-84;49;-105;1
210361256;1.0111359;0.007808;0.003904;-84;42;-105;1
210372822;1.012112;0.00976;0.003904;-84;42;-105;1
210394719;1.013088;0.012688;0.00488;-84;28;-105;1
210412572;1.013088;0.010736;0.007808;-84;28;-105;1
210438308;1.013088;0.011712;0.0;-84;35;-98;1
210449560;1.0111359;0.00976;0.003904;-84;35;-98;1
210467710;1.013088;0.00976;0.003904;-84;42;-98;1
210478890;1.012112;0.007808;0.001952;-84;49;-91;1
210506126;1.0111359;0.012688;0.005856;-84;42;-98;1
210519845;1.01016;0.011712;0.005856;-91;42;-91;1
210531430;1.01016;0.00976;0.003904;-91;42;-91;1
210556735;1.013088;0.008784;0.003904;-91;28;-98;1
210569601;1.0111359;0.007808;0.000976;-91;35;-98;1
210580544;1.0150399;0.008784;0.000976;-91;35;-98;1
210626912;1.016016;0.013664;0.001952;-91;42;-91;1
210644427;1.0111359;0.00976;0.001952;-91;35;-98;1
210659934;1.0150399;0.010736;0.003904;-91;35;-98;1
210671376;1.016016;0.01464;0.006832;-91;35;-91;1
210682143;1.0111359;0.008784;0.006832;-91;35;-91;1
210696063;1.012112;0.010736;0.00488;-91;28;-98;1
210712816;1.013088;0.008784;0.002928;-91;28;-98;1
210724176;1.0111359;0.010736;0.0;-91;28;-98;1
210743416;1.013088;0.006832;0.003904;-91;42;-105;1
210754230;1.013088;0.0@_192721_accel_adxl375.csv@210755862;1.7639999;0.098;0.196;1
210767497;1.0111359;0.010736;0.002928;-84;42;-98;1
210778046;1.012112;0.00976;0.002928;-84;42;-98;1
210801136;1.014064;0.011712;0.00488;-84;42;-105;1
210816275;1.0111359;0.010736;0.006832;-91;49;-98;1
210833359;1.014064;0.012688;0.003904;-98;42;-98;1
210845114;1.0111359;0.011712;0.002928;-98;35;-98;1
210856161;1.0111359;0.00976;0.005856;-98;35;-91;1
210868368;1.012112;0.010736;0.005856;-91;28;-98;1
210879566;1.0150399;0.010736;0.003904;-91;28;-98;1
210893680;1.013088;0.00976;0.003904;-91;28;-105;1
210912994;1.012112;0.00976;0.0;-84;35;-105;1
210924413;1.01016;0.007808;0.0;-84;35;-105;1
210934872;1.014064;0.010736;0.000976;-77;42;-98;1
210948093;1.0111359;0.012688;0.000976;-84;42;-105;1
210958976;1.0150399;0.012688;0.00488;-84;42;-105;1
210970793;1.012112;0.00976;0.00488;-84;42;-98;1
210982189;1.0150399;0.011712;0.00488;-91;42;-91;1
210997207;1.0111359;0.00976;0.005856;-98;35;-91;1
211029813;1.008208;0.010736;0.002928;-98;35;-91;1
211044256;1.013088;0.010736;0.005856;-112;35;-98;1
211057102;1.014064;0.007808;0.001952;-98;35;-91;1
211070986;1.012112;0.00976;0.002928;-84;35;-98;1
211082060;1.01016;0.008784;0.00488;-84;35;-98;1
211095374;1.013088;0.00976;0.000976;-84;35;-91;1
211115649;1.012112;0.008784;0.003904;-91;42;-91;1
211147166;1.012112;0.011712;0.002928;-84;35;-98;1
211172077;1.014064;0.008784;0.005856;-84;35;-98;1
211183238;1.013088;0.00976;0.006832;-91;35;-98;1
211197750;1.013088;0.007808;0.000976;-84;35;-98;1
211210681;1.012112;0.010736;0.002928;-91;28;-98;1
211222626;1.0111359;0.;@20000101_000005_192721_accel_adxl375.csv@211231101;1.813;0.098;0.196;1
211234984;1.012112;0.011712;0.000976;-77;42;-98;1
211248304;1.013088;0.007808;0.003904;-77;49;-105;1
211262413;1.012112;0.00976;0.005856;-77;49;-105;1
211275925;1.012112;0.010736;0.00488;-91;42;-105;1
211294147;1.0150399;0.010736;0.003904;-91;42;-112;1
211305007;1.013088;0.010736;0.006832;-91;42;-105;1
211332901;1.013088;0.00976;0.003904;-98;35;-105;1
211345810;1.0150399;0.00976;0.002928;-91;35;-105;1
211359367;1.014064;0.008784;0.002928;-84;35;-98;1
211371014;1.01016;0.00976;0.0;-77;42;-105;1
211387001;1.014064;0.01l_adxl375.csv@211388222;1.7639999;0.147;0.147;1
211398644;1.013088;0.008784;0.00488;-77;49;-105;1
211409147;1.0111359;0.010736;0.003904;-77;49;-105;1
211433003;1.013088;0.010736;0.005856;-84;42;-105;1
211445462;1.012112;0.00976;0.005856;-84;42;-98;1
211456146;1.013088;0.01@20000101_000005_192721_accel_adxl375.csv@211458292;1.7149999;0.147;0.196;1
211493834;1.0111359;0.00976;0.001952;-91;35;-98;1
211507193;1.012112;0.012688;0.000976;-84;35;-91;1
211520011;1.0111359;0.007808;0.003904;-98;49;-98;1
211532837;1.012112;0.008784;0.003904;-84;56;-98;1
211554724;1.012112;0.00976;0.00976;-91;42;-98;1
211568099;1.012112;0.010736;0.003904;-84;42;-105;1
211579641;1.012112;0.010736;0.003904;-91;35;-105;1
211593633;1.012112;0.00976;0.00488;-77;35;-98;1
211606311;1.013088;0.00976;0.00488;-84;28;-98;1
211618179;1.014064;0.010736;0.003904;-91;21;-98;1
211634930;1.016016;0.00976;0.003904;-77;28;-98;1
211647612;1.012112;0.008784;0.001952;-91;35;-98;1
211670537;1.0111359;0.00976;0.000976;-70;49;-91;1
211681503;1.014064;0.008784;0.003904;-77;49;-98;1
211694651;1.013088;0.007808;0.006832;-77;42;-98;1
211707419;1.0111359;0.008784;0.007808;-84;42;-98;1
211718394;1.014064;0.00976;0.00976;-70;35;-98;1
211734508;1.013088;0.00976;0.00488;-84;28;-105;1
211749370;1.013088;0.010736;0.00488;-77;35;-105;1
211761234;1.012112;0.007808;0.002928;-84;28;-98;1
211772331;1.0150399;0.00976;0.003904;-91;21;-105;1
211783588;1.012112;0.00976;0.0;-84;35;-105;1
211798225;1.0150399;0.013664;-0.000976;-91;35;-98;1
211834623;1.013088;0.00976;0.005856;-91;49;-105;1
211849323;1.009184;0.010736;0.005856;-77;49;-98;1
211871892;1.013088;0.00976;0.00488;-77;35;-98;1
211885333;1.0111359;0.006832;0.006832;-91;35;-98;1
211904399;1.009184;0.008784;0.001952;-84;28;-98;1
211960617;1.012112;0.008784;0.001952;-77;49;-91;1
211972435;1.012112;0.011712;0.0;-77;42;-91;1
211983888;1.013088;0.010736;0.00488;-91;42;-98;1
212009103;1.01016;0.008784;0.005856;-98;35;-98;1
212020158;1.01016;0.0003963332
212033138;1.013088;0.011712;0.002928;-91;35;-91;1
212047578;1.014064;0.010736;0.00488;-98;28;-98;1
212070243;1.0150399;0.011712;0.003904;-84;28;-98;1
212082944;1.01016;0.012688;0.002928;-91;35;-98;1
212096975;1.014064;0.010736;0.000976;-77;35;-98;1
212128081;1.013088;0.008784;0.002928;-77;49;-98;1
212144748;1.0150399;0.012688;0.003904;-91;42;;00101_000005_192721_imu_bno055.csv@212150701;342.3125;7593;-17225;0.960@20000101_000005_192721_airspeed_sdp810.csv@212155649;28;68;4263
212160177;1.014064;0.00976;0.003904;-84;35;-98;1
212173680;1.013088;0.008784;0.003904;-84;42;-98;1
212185822;1.008208;0.00976;0.005856;-98;42;-98;1
212197431;1.012112;0.008784;0.005856;-91;35;-91;1
212212096;1.01016;0.008784;0.005856;-84;28;-105;1
212225416;1.014064;0.007808;0.002928;-84;28;-98;1
212236053;1.0150399;0.00976;0.000976;-91;35;-98;1
212251146;1.013088;0.00976;0.001952;-84;42;-98;1
212264419;1.0111359;0.007808;0.001952;-91;42;-98;1
212275226;1.013088;0.010736;0.003904;-105;42;-98;1
212298048;1.013088;0.00976;0.00488;-84;49;-98;1
212316516;1.013088;0.00976;0.00488;-105;42;-98;1
212326941;1.012112;0.00976;0.006832;-91;42;-105;1
212353624;1.014064;0.007808;0.002928;-91;35;-98;1
212388180;1.0111359;0.011712;0.000976;-77;42;-98;1
212405064;1.013088;0.008784;0.000976;-98;42;-98;1
212434586;1.013088;0.010736;0.006832;-105;42;-98;1
212449326;1.0111359;0.007808;0.003904;-84;42;-98;1
212461465;1.014064;0.00976;0.00488;-91;35;-98;1
212472625;1.014064;0.011712;0.005856;-98;28;-98;1
212483297;1.0111359;0.00488;0.00488;-84;35;-98;1
212500907;1.0150399;0.010736;0.005856;-91;28;-98;1
212516627;1.012112;0.008784;0.002928;-77;35;-98;1
212528995;1.0150399;0.011712;0.001952;-91;42;-98;1
212543464;1.0150399;0.011712;0.002928;-70;49;-98;1
212557532;1.012112;0.010736;0.00488;-91;42;-105;1
212568981;1.014064;0.008784;0.00488;-77;49;-98;1
212579975;1.009184;0.010736;0.00488;-84;42;-98;1
212594814;1.013088;0.012688;0.005856;-91;35;-98;1
212610238;1.016016;0.00976;0.006832;-91;28;-105;1
212621120;1.014064;0.0
212644579;1.012112;0.010736;0..27;0.02753234;-0.242692468
212657501;1.012112;0.010736;-0.001952;-70;35;-105;1
212667977;1.013088;0.010736;-0.000976;-70;35;-105;1
212681456;1.009184;0.012688;-0.000976;-77;35;-105;1
212694441;1.0111359;0.011712;0.000976;-63;42;-98;1
212708378;1.012112;0.010736;0.002928;-91;49;-105;1
212719017;1.01016;0.012688;0.003904;-84;49;-98;1
212731747;1.013088;0.01464;0.003904;-77;42;-98;1
212754534;1.0111359;0.008784;0.006832;-84;35;-98;1
212769778;1.012112;0.011712;0.007808;-98;28;-98;1
212781185;1.014064;0.012688;0.00488;-91;28;-91;1
212792065;1.014064;0.007808;0.001952;-84;28;-98;1
212814377;1.013088;0.011712;-0.001952;-98;35;-98;1
212857604;1.0111359;0.011712;0.002928;-84;56;-98;1
212882012;1.009184;0.00976;0.00976;-98;49;-91;1
212897218;1.0111359;0.011712;0.007808;-98;42;-91;1
212909711;1.0150399;0.010736;0.006832;-91;28;-91;1
212921103;1.0111359;0.11laser_agl.csv@212922921;0.02;0
212936696;1.0150399;0.00976;0.002928;-98;28;-98;1
212948008;1.014064;0.008784;-0.001952;-105;35;-98;1
212959033;1.0111359;0.007808;-0.000976;-98;35;-98;1
212972463;1.0111359;0.010736;0.001952;-91;42;-98;1
212983166;1.012112;0.006832;0.000976;-91;49;-105;1
212997721;1.009184;0.007808;0.003904;-84;49;-98;1
213015100;1.0111359;0.010736;0.008784;-84;49;-105;1
213026784;1.013088;0.005856;0.00976;-91;49;-105;1
213066025;1.0111359;0.008784;0.001952;-91;21;-98;1
213078455;1.008208;0.010736;0.003904;-91;21;-98;1
213089048;1.014064;0.0@20000101_000005_192721_accel_adxl375.csv@213091043;1.7639999;0.147;0.147;1
213100080;1.013088;0.00976;0.001952;-84;21;-98;1
213113004;1.0111359;0.008784;0.001952;-77;28;-98;1
213124560;1.013088;0.00976;-0.000976;-77;35;-98;1
213136883;1.014064;0.00976;0.0;-77;42;-98;1
213148122;1.0111359;0.010736;0.001952;-70;42;-105;1
213159332;1.013088;0.011712;-0.000976;-77;49;-105;1
213172266;1.013088;0.013664;0.0;-84;49;-105;1
213183101;1.012112;0.013664;0.000976;-77;49;-98;1
213197120;1.0111359;0.012688;0.00976;-91;49;-98;1
213208039;1.016016;0.011712;0.008784;-98;42;-98;1
213249520;1.013088;0.00976;0.005856;-112;28;-98;1
213272161;1.01016;0.00976;0.002928;-84;14;-105;1
213285985;1.0150399;0.011712;-0.000976;-98;21;-105;1
213297032;1.012112;0.012688;0.0;-98;35;-105;1
213313594;1.0111359;0.010736;0.002928;-84;42;-105;1
213326561;1.0111359;0.011712;0.001952;-77;49;-91;1
213340023;1.01016;0.012688;0.002928;-77;56;-91;1
213351302;1.0111359;0.00976;0.002928;-84;56;-84;1
213366755;1.012112;0.006832;0.007808;-91;56;-91;1
213377132;1.0111359;0.006832;0.00976;-98;56;-91;1
213395332;1.012112;0.007808;0.005856;-91;49;-98;1
213413027;1.013088;0.007808;0.003904;-91;28;-98;1
213423974;1.0111359;0.006832;0.005856;-98;28;-98;1
213443006;1.013088;0.011712;0.0;-105;28;-105;1
213468667;1.012112;0.00976;0.000976;-91;35;-112;1
213480263;1.013088;0.007808;0.000976;-91;35;-112;1
213503137;1.0111359;0.012688;0.002928;-91;42;-98;1
213517788;1.01016;0.011712;0.006832;-91;42;-98;1
213536480;1.013088;0.00976;0.006832;-91;35;-98;1
213548160;1.012112;0.010736;0.005856;-91;28;-98;1
213560580;1.014064;0.00976;0.001952;-84;21;-91;1
213572224;1.0111359;0.007808;0.001952;-84;21;-98;1
213584929;1.012112;0.005856;0.0;-63;28;-91;1
213598905;1.014064;0.00976;-0.001952;-70;28;-98;1
213614497;1.009184;0.010736;-0.000976;-70;49;-105;1
213625643;1.0111359;0.006832;0.003904;-70;49;-112;1
213643593;1.013088;0.013664;0.00488;-70;49;-105;1
213658022;1.0111359;0.01464;0.006832;-84;49;-98;1
213669591;1.0111359;0.011712;0.008784;-98;49;-98;1
213682984;1.012112;0.010736;0.00976;-105;35;-91;1
213724415;1.0111359;0.010736;0.001952;-119;21;-91;1
213735552;1.0111359;0.008784;-0.000976;-91;28;-91;1
213754911;1.013088;0.010736;0.001952;-91;42;-105;1
213766065;1.013088;0.008784;0.002928;-70;49;-105;1
213780425;1.013088;0.00976;0.002928;-77;49;-105;1
213791187;1.013088;0.008784;0.001952;-98;56;-105;1
213803481;1.012112;0.01464;0.007808;-77;56;-98;1
213814320;1.013088;0.01464;0.008784;-91;49;-98;1
213827274;1.013088;0.01464;0.005856;-91;49;-84;1
213839772;1.0111359;0.012688;0.008784;-98;35;-84;1
213852301;1.013088;0.00976;0.006832;-105;28;-84;1
213865608;1.0111359;0.007808;0.003904;-105;21;-91;1
213876332;1.01016;0.00488;0.00488;-98;21;-98;1
213894930;1.01016;0.00488;-0.000976;-70;21;-105;1
213905985;1.012112;0.008784;-0.000976;-77;28;-112;1
213918251;1.0111359;0.008784;-0.000976;-63;42;-112;1
213933023;1.012112;0.010736;-0.00488;-63;42;-112;1
213946395;1.013088;0.013664;0.003904;-63;49;-112;1
213956990;1.013088;0.01464;0.006832;-77;56;-98;1
213968513;1.013088;0.016592;0.007808;-91;56;-91;1
213979077;1.012112;0.013664;0.007808;-98;49;-98;1
214003158;1.013088;0.011712;0.008784;-98;28;-91;1
214017954;1.0111359;0.00488;0.006832;-98;14;-91;1
214032448;1.012112;0.007808;0.005856;-105;14;-91;1
214043091;1.0111359;0.003904;0.002928;-84;14;-98;1
214053972;1.0150399;0.00488;0.0;-77;14;-105;1
214067213;1.013088;0.007808;0.001952;-63;28;-119;1
214078850;1.009184;0.011712;0.0;-42;35;-119;1
214092712;1.014064;0.010736;0.000976;-49;42;-119;1
214124030;1.014064;0.01464;0.003904;-63;49;-105;1
214140791;1.0111359;0.01464;0.006832;-84;35;-91;1
214162628;1.0111359;0.010736;0.00488;-98;28;-84;1
214173070;1.012112;0.00976;0.007808;-105;21;-77;1
214185122;1.013088;0.008784;0.003904;-105;21;-84;1
214196245;1.014064;0.00488;0.002928;-98;21;-84;1
214213305;1.013088;0.005856;-0.000976;-84;21;-98;1
214227249;1.0150399;0.007808;-0.000976;-84;35;-112;1
214242923;1.0150399;0.007808;0.001952;-63;49;-119;1
214254242;1.012112;0.01.7639999;0.147;0.147;1
214269060;1.012112;0.01464;0.008784;-63;42;-112;1
214280130;1.014064;0.013664;0.00976;-77;42;-105;1
214303186;1.0150399;0.01464;0.006832;-91;28;-84;1
214316759;1.0111359;0.013664;0.005856;-105;21;-84;1
214330400;1.014064;0.00976;0.00488;-105;14;-77;1
214353136;1.014064;0.003904;-0.000976;-84;14;-84;1
214366690;1.014064;0.003904;0.000976;-77;21;-91;1
214380152;1.013088;0.007808;-0.003904;-63;42;-105;1
214395631;1.0150399;0.010736;-0.000976;-49;49;-112;1
214413076;1.014064;0.012688;0.00488;-63;56;-119;1
214435328;1.012112;0.015616;0.006832;-70;42;-105;1
214446337;1.013088;0.012688;0.010736;-84;28;-98;1
214469527;1.0150399;0.010736;0.00976;-91;14;-98;1
214480101;1.013088;0.00976;0.00488;-105;7;-91;1
214496787;1.014064;0.00976;0.000976;-70;7;-91;1
214507136;1.014064;0.008784;-0.003904;-77;14;-98;1
214518079;1.012112;0.008784;-0.007808;-77;21;-98;1
214573234;-0.248810768
214581544;1.013088;0.012688;0.007808;-77;70;-105;1
214592049;1.0111359;0.013664;0.008784;-70;63;-105;1
214605771;1.0111359;0.012688;0.010736;-91;35;-98;1
214617165;1.01016;0.007808;0.010736;-91;21;-98;1
214632049;1.0150399;0.010736;0.006832;-98;7;-98;1
214646234;1.014064;0.011712;-0.000976;-77;7;-98;1
214669600;1.013088;0.008784;-0.003904;-84;28;-105;1
214681238;1.013088;0.010736;-0.005856;-84;42;-98;1
214704122;1.013088;0.015616;-0.002928;-77;70;-105;1
214714966;1.013088;0.013664;0.006832;-84;84;-105;1
214726471;1.008208;0.00976;0.008784;-105;77;-105;1
214737131;1.012112;0.013664;0.011712;-98;70;-91;1
214748915;1.0111359;0.015616;0.010736;-98;49;-91;1
214760635;1.013088;0.008784;0.00976;-105;42;-91;1
214773526;1.013088;0.00976;0.007808;-105;28;-98;1
214784816;1.01016;0.00976;0.005856;-112;14;-98;1
214799720;1.014064;0.00976;0.000976;-112;14;-98;1
214828868;1.0111359;0.012688;-0.002928;-91;42;-112;1
214843320;1.0111359;0.006832;-0.003904;-77;56;-105;1
214854063;1.012112;0.013664;-0.001952;-77;70;-105;1
214869135;1.0111359;0.010736;0.007808;-84;70;-98;1
214881346;1.016992;0.008784;0.008784;-77;70;-98;1
214896085;1.014064;0.012688;0.012688;-77;56;-98;1
214906906;1.013088;0.00976;0.012688;-77;35;-91;1
214919363;1.0111359;0.006832;0.008784;-91;14;-91;1
214978460;1.012112;0.008784;-0.001952;-63;35;-105;1
214992588;1.0150399;0.00976;-0.001952;-77;49;-105;1
215003122;1.0111359;0.008784;-0.001952;-63;56;-105;1
215021128;1.009184;0.011712;0.00488;-63;63;-98;1
215033665;1.013088;0.011712;0.00976;-63;63;-91;1
215061925;1.01016;0.008784;0.010736;-105;28;-84;1
215073221;1.012112;0.010736;0.00976;-98;14;-84;1
215088684;1.012112;0.00976;0.007808;-98;7;-84;1
215111472;1.0111359;0.005856;-0.003904;-91;14;-91;1
215140544;1.016992;0.010736;-0.002928;-84;42;-105;1
215151209;1.0111359;0.010736;0.002928;-63;63;-112;1
215173274;1.0150399;0.012688;0.005856;-84;70;-112;1
215185500;1.013088;0.013664;0.008784;-91;63;-105;1
215200876;1.0111359;0.016592;0.008784;-98;56;-98;1
215213019;1.014064;0.013664;0.00976;-112;35;-84;1
215224325;1.0111359;0.010736;0.007808;-119;28;-84;1
215245014;1.014064;0.00976;0.001952;-112;21;-77;1
215256150;1.0150399;0.@20000101_000005_192721_accel_adxl375.csv@215259928;1.7639999;0.098;0.196;1
215268402;1.013088;0.00488;-0.000976;-119;35;-91;1
215279126;1.016016;0.002928;-0.003904;-112;49;-98;1
215296976;1.0111359;0.00488;0.001952;-98;63;-105;1
215308018;1.009184;0.007808;0.001952;-98;63;-105;1
215319141;1.01016;0.007808;0.003904;-91;63;-112;1
215342995;1.01016;0.013.69;4.1932908
215358271;1.01016;0.017568;0.008784;-105;42;-98;1
215396458;1.014064;0.011712;0.001952;-112;21;-84;1
215412519;1.013088;0.00976;-0.001952;-105;21;-84;1
215443430;1.0150399;0.003904;0.000976;-84;49;-98;1
215455049;1.014064;0.0@20000101_000005_192721_accel_adxl375.csv@215460843;1.7639999;0.098;0.196;1
215469093;1.0111359;0.008784;0.00488;-56;56;-105;1
215480178;1.012112;0.010736;0.008784;-77;49;-112;1
215496115;1.012112;0.013664;0.012688;-70;35;-105;1
215507553;1.012112;0.016592;0.011712;-84;21;-98;1
215557599;1.012112;0.006832;0.0;-84;7;-91;1
215568465;1.0150399;0.007808;-0.001952;-84;14;-91;1
215580805;1.012112;0.00976;-0.005856;-77;28;-98;1
215591204;1.012112;0.005856;-0.002928;-70;35;-91;1
215602228;1.01016;0.008784;-0.003904;-70;49;-91;1
215612883;1.0111359;0.007808;0.000976;-77;56;-98;1
215623968;1.013088;0.008784;0.005856;-70;63;-98;1
215643063;1.01016;0.008784;0.010736;-63;56;-105;1
215666944;1.0111359;0.010736;0.010736;-91;21;-98;1
215678980;1.012112;0.010736;0.00488;-70;7;-91;1
215701833;1.013088;0.005856;0.000976;-91;0;-98;1
215714660;1.013088;0.010736;-0.001952;-77;7;-98;1
215758279;1.016016;0.011712;-0.003904;-98;63;-98;1
215769728;1.014064;0.007808;0.001952;-77;84;-98;1
215782334;1.0111359;0.00976;0.00488;-84;84;-98;1
215811781;1.01016;0.00976;0.012688;-112;42;-105;1
215822134;1.01016;0.008784;0.011712;-98;28;-105;1
215857255;1.013088;0.012688;-0.000976;-112;7;-105;1
215868200;1.0150399;0.00976;-0.005856;-98;14;-105;1
215897149;1.013088;0.00976;-0.006832;-91;63;-105;1
215908162;1.013088;0.012688;-0.003904;-84;77;-105;1
215934908;1.014064;0.011712;0.006832;-119;98;-98;1
215947785;1.0111359;0.011712;0.011712;-133;91;-91;1
215959249;1.012112;0.011712;0.01464;-140;70;-91;1
215971029;1.012112;0.010736;0.013664;-126;56;-91;1
215982056;1.013088;0.011712;0.016592;-112;35;-84;1
215997768;1.014064;0.007808;0.00976;-112;7;-91;1
216013082;1.01016;0.005856;0.0;-91;0;-98;1
216024244;1.0150399;0.006832;-0.001952;-63;7;-98;1
216036577;1.014064;0.006832;-0.008784;-56;21;-98;1
216047057;1.0150399;0.008784;-0.00488;-70;35;-105;1
216058208;1.013088;0.00976;-0.007808;-84;56;-112;1
216071000;1.012112;0.013664;-0.002928;-84;70;-105;1
216082229;1.012112;0.013664;0.001952;-77;84;-98;1
216097069;1.014064;0.012688;0.012688;-105;70;-84;1
216108513;1.012112;0.010736;0.015616;-119;56;-84;1
216120779;1.014064;0.0@20000101_000005_192721_imu_lsm6dso32.csv@216143006;1.013088;0.099;0.098;0.147;1
216157905;1.0111359;0.006832;0.00488;-84;-14;-91;1
216169033;1.013088;0.008784;0.000976;-56;-21;-98;1
216182351;1.014064;0.007808;-0.001952;-35;-14;-98;1
216193345;1.012112;0.005856;-0.003904;-42;0;-105;1
216206967;1.013088;0.00976;-0.003904;-56;35;-126;1
216218832;1.014064;0.013664;0.0;-21;49;-112;1
216238349;1.014064;0.01464;0.001952;-49;70;-105;1
216249336;1.013088;0.018544;0.005856;-77;70;-98;1
216289232;1.0111359;0.008784;0.010736;-112;21;-77;1
216306834;1.013088;0.006832;0.008784;-112;7;-77;1
216329911;1.012112;0.003904;0.0;-77;-7;-98;1
216342814;1.012112;0.007808;-0.007808;-77;0;-112;1
216353055;1.012112;0.006832;-0.008784;-77;14;-119;1
216365159;1.016016;0.008784;-0.00488;-56;35;-119;1
216376163;1.014064;0.00976;-0.005856;-42;63;-119;1
216390874;1.01016;0.013664;0.001952;-84;84;-112;1
216406724;1.007232;0.016592;0.005856;-91;84;-105;1
216416987;1.013088;0.013664;0.010736;-84;70;-98;1
216433019;1.01016;0.012688;0.01464;-112;42;-84;1
216446059;1.013088;0.00976;0.012688;-119;28;-77;1
216457163;1.012112;0.00976;0.010736;-126;7;-77;1
216470953;1.0111359;0.006832;0.002928;-98;-14;-91;1
216481988;1.0111359;0.003904;-0.002928;-91;-7;-98;1
216493928;1.0111359;0.007808;-0.005856;-77;0;-105;1
216512046;1.013088;0.007808;-0.010736;-56;42;-112;1
216533083;1.009184;0.011712;0.0;-63;77;-119;1
216545214;1.014064;0.016592;0.002928;-63;91;-119;1
216563076;1.01016;0.016592;0.00976;-91;84;-98;1
216574543;1.009184;0.017568;0.01464;-105;63;-91;1
216586756;1.014064;0.011712;0.016592;-112;49;-84;1
216599257;1.014064;0.011712;0.013664;-119;21;-77;1
216609956;1.013088;0.010736;0.011712;-112;7;-77;1
216621545;1.0111359;0.@20000101_000005_192721_accel_adxl375.csv@216632360;1.7639999;0.098;0.196;1
216633877;1.01016;0.002928;0.0;-119;-7;-91;1
216647165;1.012112;0.002928;-0.00488;-84;7;-91;1
216671177;1.012112;0.00488;-0.006832;-77;35;-112;1
216682342;1.013088;0.012688;0.0;-56;70;-126;1
216716545;1.013088;0.015616;0.00976;-63;70;-105;1
216737951;1.0111359;0.017568;0.010736;-77;42;-91;1
216762942;1.013088;0.00976;0.011712;-112;7;-77;1
216775495;1.01016;0.005856;0.001952;-105;-7;-77;1
216786197;1.012112;0.002928;-0.001952;-112;0;-84;1
216803329;1.013088;0.00488;-0.002928;-91;14;-98;1
216814508;1.016016;0.003904;-0.002928;-84;35;-112;1
216836682;1.0111359;0.01464;0.000976;-49;63;-126;1
216848143;1.012112;0.013664;0.002928;-70;70;-119;1
216861108;1.0111359;0.015616;0.006832;-63;70;-126;1
216872150;1.01016;0.015616;0.00976;-77;77;-112;1
216886039;1.012112;0.018544;0.010736;-98;35;-91;1
216897194;1.012112;0.01464;0.013664;-98;28;-84;1
216915616;1.012112;0.008784;0.006832;-140;14;-77;1
216928040;1.0111359;0.006832;0.003904;-119;14;-70;1
216947518;1.0111359;0.000976;-0.002928;-112;14;-77;1
216959273;1.0111359;0.000976;-0.001952;-91;21;-91;1
216973203;1.0150399;0.001952;-0.001952;-77;35;-105;1
216986545;1.01016;0.005@20000101_000005_192721_airspeed_sdp810.csv@216990346;188;178;42@20000101_000005_192721_accel_adxl375.csv@216991999;1.7639999;0.147;0.147;1
216997710;1.0111359;0.010736;0.00488;-49;56;-133;1
217013358;1.01016;0.01464;0.000976;-49;56;-126;1
217024756;1.0150399;0.01464;0.005856;-35;49;-119;1
217052494;1.0111359;0.018544;0.008784;-91;35;-91;1
217063304;1.0111359;0.012688;0.008784;-112;21;-77;1
217079653;1.0150399;0.00976;0.0;-112;14;-63;1
217090504;1.012112;0.005856;0.003904;-119;14;-77;1
217101481;1.0150399;0.000976;-0.003904;-112;21;-84;1
217123410;1.01016;0.000976;0.0;-98;42;-98;1
217135837;1.013088;0.001952;0.0;-84;42;-105;1
217153989;1.0150399;0.008784;0.001952;-56;49;-119;1
217220048;1.014064;0.00976;0.001952;-98;21;-77;1
217236992;1.014064;0.006832;0.003904;-91;14;-77;1
217253569;1.01016;0.00@20000101_000005_192721_airspeed_sdp810.csv@217257180;362;247;4266
217265224;1.012112;0.003904;-0.001952;-63;28;-91;1
217276267;1.012112;0.00488;0.0;-49;35;-98;1
217286987;1.012112;0.0-@20000101_000005_192721_accel_adxl375.csv@217291152;1.7639999;0.147;0.147;1
217300555;1.0111359;0.007808;0.000976;-42;56;-119;1
217311092;1.012112;0.012688;0.001952;-28;63;-119;1
217325796;1.013088;0.010736;0.00488;-63;63;-119;1
217343013;1.014064;0.01464;0.00488;-56;42;-98;1
217357160;1.013088;0.015616;0.006832;-84;35;-91;1
217369085;1.013088;0.016592;0.00488;-105;28;-84;1
217380168;1.014064;0.013664;0.003904;-112;21;-84;1
217391264;1.012112;0.011712;0.003904;-126;21;-77;1
217404383;1.016016;0.005856;-0.005856;-105;28;-77;1
217424644;1.012112;0.003904;0.000976;-119;49;-98;1
217435849;1.012112;0.006832;0.002928;-91;56;-98;1
217446992;1.014064;0.006832;0.000976;-77;56;-105;1
217459107;1.012112;0.006832;0.003904;-84;56;-112;1
217470184;1.012112;0.010736;0.006832;-84;63;-119;1
217503140;1.016016;0.012688;0.013664;-84;42;-112;1
217515289;1.012112;0.01464;0.00488;-105;7;-112;1
217527038;1.0111359;0.015616;0.002928;-77;7;-91;1
217538798;1.0111359;0.015616;-0.000976;-91;0;-91;1
217551977;1.012112;0.00976;-0.001952;-119;7;-84;1
217566879;1.01016;0.005856;-0.001952;-84;28;-84;1
217577922;1.0111359;0.007808;-0.000976;-91;35;-91;1
217627507;1.013088;0.006832;0.006832;-42;49;-119;1
217640264;1.0111359;0.013664;0.007808;-63;35;-119;1
217650993;1.01016;0.01464;0.008784;-70;28;-119;1
217662316;1.012112;0.017568;0.006832;-63;21;-112;1
217673052;1.014064;0.016592;0.007808;-70;14;-105;1
217683982;1.0111359;0.016592;0.003904;-84;7;-98;1
217698378;1.01016;0.008784;-0.000976;-105;7;-84;1
217709167;1.013088;0.011712;-0.003904;-91;28;-84;1
217720100;1.012112;0.003904;-0.000976;-91;28;-91;1
217746261;1.014064;0.00488;-0.000976;-98;49;-98;1
217762282;1.01016;0.008784;0.000976;-63;49;-105;1
217776683;1.012112;0.007808;0.005856;-91;49;-119;1
217790730;1.0111359;0.007808;0.005856;-35;42;-119;1
217804104;1.012112;0.010736;0.006832;-70;28;-126;1
217815885;1.014064;0.01464;0.007808;-84;28;-126;1
217834140;1.014064;0.01464;0.000976;-84;21;-98;1
217847000;1.0111359;0.01464;0.0;-84;28;-84;1
217863092;1.013088;0.01464;-0.001952;-140;42;-84;1
217882113;1.013088;0.007808;-0.001952;-77;63;-70;1
217893096;1.014064;0.005856;0.001952;-112;63;-84;1
217915958;1.013088;0.008784;0.006832;-84;70;-98;1
217933026;1.013088;0.007808;0.005856;-77;56;-105;1
217945634;1.012112;0.005856;0.007808;-84;42;-119;1
217956342;1.012112;0.00976;0.007808;-91;35;-126;1
217969933;1.008208;0.012688;0.007808;-56;35;-119;1
217981274;1.0111359;0.015616;0.003904;-119;28;-112;1
217997855;1.013088;0.015616;0.0;-112;35;-98;1
218012993;1.0111359;0.011712;0.000976;-105;35;-77;1
218033630;1.01016;0.012688;0.000976;-112;56;-91;1
218069685;1.013088;0.006832;0.005856;-105;56;-91;1
218089896;1.012112;0.00488;0.00488;-91;56;-105;1
218101375;1.01016;0.008784;0.006832;-63;49;-105;1
218112669;1.0111359;0.008784;0.008784;-105;35;-119;1
218126749;1.01016;0.013664;0.005856;-70;28;-112;1
218144543;1.0111359;0.013664;0.00488;-77;21;-105;1
218157289;1.012112;0.010736;0.002928;-84;21;-105;1
218170036;1.016016;0.010736;-0.000976;-84;21;-98;1
218185712;1.01016;0.011712;0.000976;-77;35;-98;1
218197762;1.013088;0.011712;-0.001952;-98;35;-98;1
218208344;1.0111359;0.00976;-0.000976;-77;42;-98;1
218219509;1.014064;0.011712;0.002928;-70;49;-91;1
218232356;1.01016;0.008784;0.00488;-70;49;-91;1
218247597;1.0111359;0.007808;0.00488;-84;49;-98;1
218259818;1.014064;0.005856;0.006832;-77;42;-98;1
218271099;1.008208;0.007808;0.005856;-77;35;-98;1
218284924;1.012112;0.012688;0.003904;-84;28;-105;1
218300374;1.012112;0.00976;0.002928;-84;28;-98;1
218311160;1.013088;0.00976;0.001952;-84;28;-98;1
218332916;1.01016;0.008784;0.0;-91;28;-98;1
218363144;1.012112;0.010736;0.0;-105;49;-98;1
218374960;1.012112;0.00976;0.000976;-112;49;-91;1
218386173;1.013088;0.010736;0.002928;-105;49;-91;1
218402747;1.012112;0.00976;0.00488;-105;56;-98;1
218415510;1.0150399;0.008784;0.00488;-112;49;-105;1
218435195;1.013088;0.00976;0.005856;-91;42;-91;1
218448569;1.013088;0.008784;0.006832;-112;35;-98;1
218491531;1.012112;0.010736;0.003904;-98;35;-105;1
218509730;1.0111359;0.00976;0.002928;-84;42;-98;1
218543016;1.014064;0.013664;0.003904;-77;42;-105;1
218568001;1.01016;0.011712;0.001952;-77;35;-98;1
218580312;1.0111359;0.00976;0.002928;-77;35;-98;1
218591179;1.012112;0.011712;0.003904;-77;35;-98;1
218604676;1.01016;0.011712;0.000976;-84;35;-98;1
218615729;1.012112;0.00976;0.003904;-84;35;-91;1
218629303;1.0111359;0.010736;0.00488;-84;28;-91;1
218653058;1.013088;0.00976;0.003904;-84;42;-105;1
218668297;1.014064;0.00976;0.00488;-84;42;-98;1
218679322;1.012112;0.010736;0.00488;-77;35;-105;1
218691789;1.012112;0.00976;0.002928;-70;35;-105;1
218713007;1.0111359;0.1721_accel_adxl375.csv@218714067;1.7639999;0.147;0.196;1
218726713;1.012112;0.013664;0.002928;-63;28;-105;1
218746117;1.0111359;0.011712;0.001952;-77;35;-98;1
218759588;1.0111359;0.00976;0.001952;-77;35;-91;1
218771587;1.012112;0.00976;0.002928;-70;42;-91;1
218782737;1.01016;0.010736;0.001952;-91;42;-91;1
218795533;1.012112;0.00976;0.003904;-84;42;-91;1
218806902;1.013088;0.008784;0.002928;-91;49;-98;1
218843110;1.0111359;0.008784;0.003904;-105;42;-105;1
218865909;1.0111359;0.010736;0.001952;-105;28;-98;1
218879592;1.0111359;0.011712;0.0;-112;28;-98;1
218889996;1.012112;0.01
218901081;1.014064;0.010736;-0.000976;-119;42;-105;1
218912129;1.014064;0.010736;-0.000976;-105;42;-98;1
218957019;1.013088;0.010736;0.006832;-98;56;-91;1
218972651;1.0150399;0.006832;0.007808;-98;56;-105;1
218984295;1.013088;0.00976;0.00976;-91;42;-105;1
218996225;1.012112;0.00976;0.00976;-91;28;-98;1
219012996;1.0111359;0.010736;0.007808;-70;21;-98;1
219024109;1.0150399;0.011712;0.00488;-63;21;-98;1
219043935;1.014064;0.011712;0.0;-77;21;-105;1
219069305;1.01016;0.00976;-0.000976;-77;42;-105;1
219081692;1.009184;0.013664;0.0;-77;49;-105;1
219092210;1.012112;0.010736;0.000976;-63;56;-91;1
219103145;1.014064;0.011712;0.005856;-63;63;-91;1
219123426;1.012112;0.005856;0.00976;-91;42;-105;1
219138259;1.01016;0.00976;0.00976;-70;21;-98;1
219150273;1.013088;0.010736;0.00488;-77;21;-105;1
219162841;1.012112;0.00976;0.000976;-84;14;-105;1
219182022;1.014064;0.00976;0.0;-77;21;-105;1
219193128;1.012112;0.011712;-0.003904;-77;21;-105;1
219206248;1.013088;0.00976;-0.003904;-70;28;-112;1
219217039;1.014064;0.011712;-0.001952;-70;42;-112;1
219234446;1.009184;0.015616;0.000976;-70;56;-91;1
219245145;1.009184;0.011712;0.001952;-77;63;-91;1
219265190;1.009184;0.010736;0.006832;-91;56;-91;1
219276519;1.014064;0.012688;0.010736;-91;42;-91;1
219289581;1.008208;0.010736;0.007808;-112;21;-91;1
219299909;1.012112;0.007808;0.00488;-112;21;-98;1
219313405;1.008208;0.006832;0.001952;-105;21;-98;1
219323925;1.0111359;0.006832;-0.000976;-105;21;-98;1
219335760;1.013088;0.007808;0.002928;-105;28;-98;1
219350504;1.013088;0.010736;-0.00488;-98;42;-105;1
219361672;1.01016;0.012688;-0.001952;-112;49;-105;1
219391799;1.014064;0.017568;0.002928;-112;70;-91;1
219435271;1.012112;0.00976;0.008784;-112;42;-84;1
219447640;1.012112;0.005856;0.008784;-112;35;-91;1
219467421;1.0111359;0.00976;0.005856;-91;28;-98;1
219478037;1.0111359;0.007808;0.001952;-84;28;-98;1
219490299;1.0111359;0.008784;-0.000976;-84;28;-98;1
219501167;1.0111359;0.008784;-0.003904;-77;28;-98;1
219512139;1.009184;0.008784;0.000976;-70;56;-105;1
219526312;1.014064;0.012688;0.000976;-77;63;-105;1
219537532;1.01016;0.012688;0.003904;-77;70;-105;1
219549045;1.012112;0.010736;0.007808;-84;63;-98;1
219562435;1.013088;0.013664;0.00976;-98;56;-98;1
219584673;1.013088;0.00976;0.011712;-77;28;-98;1
219599488;1.0111359;0.00976;0.007808;-98;21;-98;1
219614665;1.013088;0.008784;0.003904;-91;21;-105;1
219625607;1.012112;0.007808;0.002928;-84;14;-105;1
219636391;1.0150399;0.010736;-0.001952;-77;21;-105;1
219647763;1.012112;0.011712;-0.001952;-77;28;-112;1
219659423;1.0111359;0.010736;-0.001952;-77;28;-105;1
219672615;1.012112;0.00976;0.000976;-63;42;-105;1
219683539;1.01016;0.005856;0.001952;-63;56;-105;1
219697600;1.013088;0.00976;0.007808;-70;56;-105;1
219708748;1.01016;0.013664;0.006832;-63;49;-105;1
219720686;1.012112;0.011712;0.008784;-77;35;-98;1
219734915;1.014064;0.011712;0.006832;-77;28;-98;1
219747643;1.012112;0.012688;0.003904;-84;21;-98;1
219759018;1.012112;0.00976;0.00488;-84;14;-98;1
219771120;1.0111359;0.008784;0.000976;-77;14;-98;1
219825960;1.0150399;0.013664;-0.001952;-84;49;-105;1
219850773;0.006832;-98;49;-98;1
219862259;1.014064;0.012688;0.008784;-98;49;-98;1
219873253;1.013088;0.01464;0.007808;-105;49;-91;1
219884395;1.014064;0.013664;0.00976;-112;49;-84;1
219897971;1.012112;0.007808;0.008784;-105;35;-91;1
219910632;1.014064;0.008784;0.007808;-112;21;-98;1
219923810;1.014064;0.008784;0.003904;-105;21;-91;1
219945820;1.012112;0.008784;0.0;-98;35;-98;1
219956156;1.013088;0.0@20000101_000005_192721_accel_adxl375.csv@219961945;1.7149999;0.147;0.244999984;1
219968167;1.0111359;0.008784;0.0;-91;49;-98;1
219979014;1.012112;0.008784;0.002928;-77;56;-105;1
219994456;1.012112;0.010736;0.006832;-84;63;-105;1
220006923;1.013088;0.013664;0.006832;-84;56;-105;1
220018177;1.012112;0.012688;0.008784;-84;56;-105;1
220039098;1.0111359;0.01464;0.00976;-91;35;-91;1
220050723;1.0111359;0.011712;0.006832;-98;21;-98;1
220061121;1.01016;0.007808;0.003904;-98;21;-98;1
220072459;1.014064;0.005856;0.000976;-91;21;-98;1
220083240;1.012112;0.006832;0.0;-91;21;-98;1
220098715;1.013088;0.006832;-0.000976;-91;28;-98;1
220113946;1.014064;0.00976;0.0;-84;42;-105;1
220135081;1.012112;0.011712;0.003904;-77;49;-112;1
220146613;1.012112;0.010736;0.001952;-77;49;-112;1
220156988;1.009184;0.00976;0.00488;-70;49;-105;1
220169756;1.009184;0.012688;0.005856;-77;49;-105;1
220193088;1.012112;0.010736;0.006832;-77;28;-91;1
220208159;1.012112;0.010736;0.00488;-91;14;-98;1
220233064;1.013088;0.00976;0.000976;-105;21;-98;1
220274661;1.0111359;0.006832;0.003904;-77;42;-105;1
220295166;1.013088;0.007808;0.00488;-70;42;-105;1
220312768;1.0111359;0.011712;0.006832;-77;42;-105;1
220333025;1.013088;0.012688;0.00488;-63;42;-98;1
220349000;1.0111359;0.01464;0.003904;-84;35;-98;1
220360166;1.013088;0.011712;0.000976;-91;35;-91;1
220372550;1.014064;0.013664;-0.001952;-98;42;-91;1
220385315;1.0150399;0.010736;0.0;-112;49;-84;1
220398105;1.014064;0.00976;0.002928;-112;49;-84;1
220413946;1.0150399;0.012688;0.003904;-105;49;-84;1
220432708;1.01016;0.008784;0.007808;-119;49;-91;1
220446036;1.0111359;0.007808;0.007808;-98;35;-98;1
220457142;1.016992;0.006832;0.003904;-98;35;-105;1
220468288;1.016992;0.007808;0.005856;-98;35;-105;1
220479088;1.012112;0.00976;0.003904;-105;28;-105;1
220513067;1.012112;0.01464;-0.00488;-91;42;-98;1
220531189;1.014064;0.013664;-0.001952;-91;56;-91;1
220545357;1.0150399;0.012688;0.001952;-91;63;-84;1
220556256;1.0111359;0.@20000101_000005_192721_accel_adxl375.csv@220558453;1.813;0.098;0.196;1
220567707;1.014064;0.007808;0.010736;-105;49;-91;1
220578132;1.013088;0.008784;0.011712;-91;42;-98;1
220601149;1.012112;0.006832;0.00976;-84;28;-105;1
220614085;1.014064;0.00488;0.008784;-91;21;-105;1
220629482;1.0150399;0.007808;0.0;-70;14;-112;1
220639995;1.013088;0.011712;0.0;-77;28;-112;1
220652806;1.016016;0.010736;0.000976;-84;35;-112;1
220665913;1.016992;0.012688;-0.00488;-84;42;-112;1
220678534;1.0111359;0.011712;0.0;-105;63;-91;1
220726187;1.0111359;0.008784;0.012688;-112;49;-84;1
220743305;1.013088;0.002928;0.01464;-112;28;-84;1
220759293;1.014064;0.00488;0.007808;-105;14;-91;1
220771865;1.0111359;0.002928;0.000976;-84;0;-112;1
220783659;1.014064;0.008784;0.0;-77;0;-119;1
220801848;1.012112;0.011712;-0.00488;-63;28;-112;1
220823078;1.014064;0.01464;-0.00488;-63;56;-105;1
220835069;1.0111359;0.015616;-0.000976;-56;70;-98;1
220853033;1.014064;0.013664;0.008784;-91;70;-84;1
220867067;1.01016;0.01464;0.00976;-98;70;-84;1
220883160;1.013088;0.010736;0.015616;-126;42;-77;1
220899643;1.012112;0.007808;0.015616;-112;35;-77;1
220913378;1.012112;0.002928;0.00976;-119;-7;-98;1
220924868;1.0111359;0.001952;0.005856;-98;-14;-105;1
220936367;1.014064;0.005856;-0.000976;-98;-14;-112;1
220947526;1.0111359;0.007808;-0.006832;-91;-7;-112;1
220973033;1.0111359;0.012688;-0.005856;-70;49;-112;1
220985013;1.013088;0.011712;-0.003904;-84;77;-112;1
220997633;1.0150399;0.016592;-0.000976;-84;77;-105;1
221008430;1.014064;0.01464;0.008784;-84;84;-98;1
221026182;1.01016;0.010736;0.013664;-84;70;-84;1
221037645;1.008208;0.007808;0.017568;-98;49;-84;1
221054654;1.012112;0.00488;0.012688;-70;0;-84;1
221066982;1.01016;0.0;0.00976;-91;-14;-91;1
221084531;1.013088;0.003904;-0.002928;-49;-21;-112;1
221101873;1.013088;0.005856;-0.005856;-49;-7;-112;1
221119201;1.0111359;0.00976;-0.00976;-49;28;-126;@20000101_000005_192721_baro_icp10111.csv@221133229;-22.226808;37.004548;101592.26;2.454012
221135933;1.0150399;0.012688;-0.006832;-35;77;-119;1
221148949;1.013088;0.017568;-0.000976;-56;84;-112;1
221160086;1.013088;0.017568;0.006832;-77;84;-105;1
221171459;1.013088;0.017568;0.00976;-98;84;-98;1
221182074;1.013088;0.0511_000005_192721_imu_bno055.csv@221211338;342.3125;7600;-17225;0.96261216;0.029571772;-0.232495316
221226986;1.009184;0.00488;0.006832;-119;-14;-91;1
221245848;1.013088;0.003904;0.0;-119;-14;-91;1
221257671;1.012112;0.003904;-0.003904;-98;7;-112;1
221268364;1.012112;0.00488;-0.006832;-70;28;-119;1
221279184;1.0150399;0.011712;-0.008784;-42;42;-119;1
221296256;1.013088;0.013664;-0.003904;-56;63;-119;1
221313020;1.0111359;0.01464;0.003904;-35;77;-105;1
221326883;1.014064;0.01464;0.006832;-63;84;-98;1
221342457;1.012112;0.017568;0.012688;-77;77;-84;1
221363055;1.013088;0.010736;0.015616;-91;28;-63;1
221374001;1.0150399;0.006832;0.012688;-91;0;-70;1
221385028;1.014064;0.00488;0.00976;-105;-14;-77;1
221396962;1.014064;0.003904;0.002928;-91;-14;-84;1
221408191;1.009184;0.000976;-0.000976;-70;-7;-98;1
221433011;1.012112;0.008784;-0.005856;-56;21;-126;1
221445977;1.0150399;0.010736;-0.006832;-56;42;-119;1
221463052;1.014064;0.016592;-0.000976;-63;84;-112;1
221473968;1.0150399;0.01952;0.003904;-91;84;-105;1
221493038;1.012112;0.017568;0.010736;-105;70;-84;1
221509972;1.014064;0.015616;0.013664;-133;56;-70;1
221535086;1.01016;0.002928;0.010736;-133;14;-63;1
221546328;1.01016;0.002928;0.005856;-126;7;-77;1
221562794;1.013088;0.001952;-0.003904;-91;7;-98;1
221573181;1.013088;0.000976;-0.002928;-77;21;-112;1
221584952;1.013088;0.000976;-0.006832;-63;35;-126;1
221597456;1.012112;0.006832;-0.003904;-56;49;-133;1
221614808;1.013088;0.015616;0.0;-42;70;-119;1
221634506;1.014064;0.015616;0.010736;-77;77;-112;1
221680669;1.01016;0.013664;0.00976;-133;21;-63;1
221710834;1.016016;0.000976;0.003904;-126;14;-77;1
221735228;1.0111359;0.002928;-0.003904;-91;42;-105;1
221747778;.6;0.001952;-0.001952;-77;56;-112;1
221759076;1.009184;0.008784;-0.000976;-84;63;-126;1
221770056;1.014064;0.006832;0.002928;-84;77;-133;1
221780969;1.013088;0.008784;0.008784;-49;77;-126;1
221799175;1.012112;0.017568;0.013664;-77;49;-119;1
221812107;1.009184;0.01952;0.012688;-84;35;-105;1
221844439;1.0111359;0.010736;0.003904;-91;7;-70;1
221862408;1.014064;0.003904;0.001952;-98;0;-70;1
221889894;1.0150399;0.000976;-0.001952;-63;35;-105;1
221904719;1.0150399;0.002928;-0.002928;-49;49;-119;1
221916441;1.0150399;0.011712;0.005856;-35;56;-126;1
221929867;1.0111359;0.007808;0.007808;-28;56;-126;1
221955567;1.009184;0.017568;0.008784;-49;42;-119;1
221971317;1.012112;0.017568;0.008784;-84;21;-105;1
221985241;1.013088;0.016592;0.007808;-91;7;-91;1
221996132;1.013088;0.016592;0.005856;-112;7;-77;1
222014562;1.0111359;0.008784;0.0;-112;14;-70;1
222035031;1.0150399;0.005856;-0.002928;-105;28;-84;1
222047491;1.012112;0.007808;-0.003904;-84;35;-98;1
222073671;1.014064;0.00976;0.002928;-77;70;-119;1
222103004;1.014064;0.016592;0.010736;-56;56;-119;1
222140884;1.013088;0.018544;0.002928;-98;21;-84;1
222166489;1.012112;0.007808;-0.003904;-105;21;-77;1
222180968;1.013088;0.005856;-0.002928;-112;42;-84;1
222192084;1.014064;0.007808;-0.001952;-105;56;-91;1
222206326;1.016016;0.003904;0.000976;-98;70;-98;1
222219300;1.0150399;0.005856;0.000976;-91;77;-105;1
222230115;1.012112;0.008784;0.010736;-77;70;-105;1
222242084;1.016016;0.00976;0.016592;-98;63;-112;1
222253134;1.012112;0.00976;0.01464;-98;42;-112;1
222265791;1.012112;0.013664;0.013664;-105;28;-112;1
222276272;1.0111359;0.015616;0.008784;-98;14;-105;1
222296397;1.014064;0.015616;0.00488;-112;7;-98;1
222307543;1.013088;0.00976;0.000976;-133;7;-91;1
222318085;1.013088;0.007808;-0.002928;-105;21;-84;1
222328959;1.01016;0.00488;0.0;-105;28;-84;1
222339930;1.0150399;0.006832;-0.002928;-126;35;-98;1
222350915;1.0111359;0.006832;-0.002928;-91;49;-98;1
222363622;1.012112;0.008784;0.007808;-84;63;-105;1
222375760;1.013088;0.008784;0.010736;-77;56;-112;1
222390523;1.013088;0.007808;0.01464;-63;49;-112;1
222403079;1.0111359;0.010736;0.013664;-42;7;-112;1
222418005;1.0111359;0.013664;0.00976;-49;0;-112;1
222429919;1.014064;0.017568;0.003904;-56;-7;-105;1
222445670;1.013088;0.013664;-0.002928;-70;0;-84;1
222468732;1.0150399;0.012688;-0.005856;-77;14;-77;1
222480992;1.0150399;0.006832;-0.003904;-77;28;-70;1
222493775;1.013088;0.007808;-0.002928;-84;49;-77;1
222506176;1.01016;0.005856;0.005856;-63;63;-91;1
222561026;1.01016;0.011712;0.007808;-49;7;-112;1
222574678;1.013088;0.016592;0.002928;-56;0;-112;1
222586522;1.014064;0.0;@20000101_000005_192721_accel_adxl375.csv@222593677;1.7639999;0.098;0.196;1
222604939;1.014064;0.017568;-0.007808;-49;21;-84;1
222615995;1.014064;0.00976;-0.006832;-119;42;-70;1
222628332;1.0150399;0.00976;-0.007808;-98;70;-63;1
222640536;1.012112;0.00488;-0.003904;-91;77;-70;1
222665016;1.013088;0.005856;0.005856;-112;91;-84;1
222677247;1.016016;0.00488;0.010736;-84;63;-91;1
222688829;1.014064;0.005856;0.00976;-98;56;-112;1
222704479;1.012112;0.007808;0.00488;-119;35;-119;1
222716406;1.014064;0.006832;0.003904;-98;28;-119;1
222734056;1.012112;0.013664;0.001952;-119;42;-112;1
222747019;1.0111359;0.013664;0.001952;-147;42;-112;1
222758190;1.0111359;0.012688;0.0;-147;56;-91;1
222768979;1.016016;0.012688;0.00488;-161;49;-84;1
222781196;1.009184;0.006832;0.002928;-147;63;-84;1
222794119;1.013088;0.005856;0.003904;-133;63;-84;1
222805631;1.013088;0.005856;0.005856;-133;49;-84;1
222823438;1.014064;0.002928;0.005856;-98;56;-112;1
222834568;1.0150399;0.005856;0.006832;-91;49;-119;1
222853469;1.0111359;0.010736;0.005856;-63;42;-119;1
222866369;1.013088;0.015616;0.00488;-49;42;-119;1
222877608;1.012112;0.013664;0.006832;-84;42;-119;1
222904363;1.012112;0.01464;0.010736;-70;35;-119;1
222918648;1.009184;0.015616;0.010736;-70;21;-105;1
222934913;1.0150399;0.010736;0.003904;-56;-7;-91;1
222947601;1.01016;0.010736;-0.001952;-70;0;-91;1
222965123;1.012112;0.000976;-0.003904;-49;28;-105;1
222999123;1.0111359;0.005856;-0.000976;-42;49;-112;1
223045860;1.013088;0.010736;0.007808;-21;7;-91;1
223057345;1.014064;0.015616;0.007808;-77;-14;-98;1
223068712;1.012112;0.012688;0.000976;-84;-7;-105;1
223079653;1.0150399;0.013664;0.000976;-49;0;-98;1
223095306;1.012112;0.006832;-0.006832;-77;21;-84;1
223114786;1.014064;0.005856;-0.002928;-56;49;-98;1
223126426;1.014064;0.006832;0.0;-56;49;-98;1
223143044;1.012112;0.013664;0.0;-42;70;-105;1
223156394;1.016010.01464;0.005856;-63;63;-105;1
223167359;1.01016;0.012688;0.00976;-77;56;-105;1
223180313;1.012112;0.012688;0.010736;-77;49;-84;1
223192342;1.016992;0.012688;0.006832;-91;35;-91;1
223207736;1.008208;0.00976;-0.001952;-119;28;-91;1
223219140;1.014064;0.010736;-0.001952;-119;42;-98;1
223234401;1.013088;0.00976;-0.000976;-133;49;-91;1
223246292;1.016016;0.002928;-0.001952;-147;63;-91;1
223257231;1.016016;0.006832;-0.002928;-140;77;-84;1
223269538;1.014064;0.002928;0.001952;-133;77;-98;1
223280553;1.01016;0.008784;0.002928;-140;77;-112;1
223295375;1.01016;0.008784;0.008784;-112;77;-126;1
223308493;1.009184;0.012688;0.00976;-133;70;-126;1
223320625;1.009184;0.015616;0.008784;-140;63;-119;1
223334045;1.013088;0.015616;0.008784;-119;56;-105;1
223347984;1.014064;0.012688;0.003904;-154;42;-98;1
223371707;1.01016;0.007808;0.002928;-140;35;-91;1
223382349;1.012112;0.011712;0.0;-126;35;-84;1
223393569;1.014064;0.011712;0.0;-133;42;-91;1
223422197;1.008208;0.005856;0.003904;-91;63;-91;1
223441571;1.0111359;0.005856;0.011712;-70;49;-112;1
223459101;1.0150399;0.00976;0.011712;-56;35;-119;1
223470193;1.0111359;0.011712;0.013664;-63;35;-126;1
223483023;1.014064;0.01464;0.011712;-35;21;-119;1
223501641;1.013088;0.01464;0.007808;-49;-14;-98;1
223515115;1.013088;0.015616;0.001952;-56;-7;-91;1
223533289;1.0150399;0.017568;-0.000976;-70;7;-77;1
223553130;1.014064;0.013664;-0.002928;-56;28;-56;1
223567613;1.013088;0.00976;-0.002928;-70;35;-56;1
223578354;1.0150399;0.006832;-0.002928;-91;49;-56;1
223592077;1.013088;0.002928;0.007808;-56;49;-70;1
223613017;1.012112;-0.000976;0.011712;-84;35;-105;1
223633070;1.014064;0.00976;0.00976;-14;14;-105;1
223649363;1.0179679;0.010736;0.00976;-35;7;-105;1
223662589;1.01016;0.01464;0.001952;-49;-21;-105;1
223673595;1.016016;0.011712;-0.005856;-35;-14;-84;1
223684109;1.0150399;0.012688;-0.015616;-63;7;-84;1
223697054;1.016016;0.013664;-0.013664;-84;35;-84;1
223713028;1.013088;0.011712;-0.001952;-77;98;-70;1
223733128;1.0111359;0.00488;0.008784;-105;91;-70;1
223746165;1.01016;0.002928;0.013664;-98;77;-84;1
223757103;1.0111359;0.005856;0.020496;-98;56;-91;1
223768973;1.009184;0.00488;0.01952;-105;42;-105;1
223780170;1.01016;0.005856;0.01464;-84;14;-126;1
223812990;1.014064;0.011712;-0.015616;-91;0;-126;1
223833134;1.016992;0.015616;-0.016592;-126;70;-119;1
223844935;1.0111359;0.015616;-0.010736;-133;112;-105;1
223856214;1.013088;0.0@20000101_000005_192721_accel_adxl375.csv@223860185;1.7639999;0.196;0.147;1
223894572;1.01016;0.006832;0.020496;-154;91;-84;1
223920860;1.014064;0.00488;0.01464;-154;35;-91;1
223933719;1.012112;0.005856;0.011712;-168;21;-105;1
223946705;1.013088;0.007808;0.00488;-175;0;-119;1
223965449;1.013088;0.01464;-0.001952;-112;14;-126;1
223976243;1.0111359;0.013664;-0.005856;-91;28;-119;1
223987021;1.012112;0.0--12;1
223998284;1.016992;0.016592;0.0;-105;70;-105;1
224008885;1.0111359;0.015616;0.0;-98;84;-91;1
224020724;1.0111359;0.015616;0.003904;-91;77;-84;1
224033090;1.0111359;0.011712;0.00976;-98;77;-77;1
224053485;1.012112;0.00976;0.012688;-105;49;-77;1
224071662;1.014064;0.008784;0.013664;-42;28;-70;1
224084052;1.0150399;0.003904;0.011712;-70;7;-84;1
224112069;1.014064;0.007808;-0.000976;-7;-14;-98;1
224133468;1.014064;0.010736;-0.003904;-42;7;-112;1
224146147;1.013088;0.00976;-0.001952;-21;21;-105;1
224157665;1.012112;0.00976;0.001952;-28;49;-98;1
224172320;1.009184;0.013664;0.003904;-63;56;-105;1
224183848;1.014064;0.012688;0.008784;-70;56;-98;1
224199832;1.012112;0.011712;0.013664;-91;35;-91;1
224213357;1.008208;0.008784;0.016592;-112;28;-84;1
224224174;1.0150399;0.008784;0.015616;-91;14;-84;1
224238324;1.012112;0.00488;0.005856;-84;-21;-91;1
224249062;1.014064;0.002928;0.001952;-91;-14;-98;1
224264257;1.014064;0.001952;-0.002928;-84;-7;-105;1
224276102;1.013088;0.000976;-0.007808;-56;7;-112;1
224322131;1.009184;0.015616;0.00488;-49;77;-133;1
224334853;1.012112;0.01952;0.00976;-56;77;-119;1
224347530;1.016992;0.01952;0.01464;-70;70;-112;1
224358073;1.012112;0.016592;0.012688;-91;49;-105;1
224370177;1.0111359;0.01464;0.01464;-84;28;-91;1
224382087;1.013088;0.010736;0.00976;-133;7;-91;1
224398149;1.014064;0.007808;0.005856;-133;0;-91;1
224408947;1.013088;0.006832;0.002928;-126;0;-84;1
224420450;1.0150399;0.005856;-0.000976;-133;7;-98;1
224434520;1.014064;0.00488;-0.005856;-98;42;-112;1
224450832;1.0111359;0.00976;-0.002928;-112;49;-119;1
224472025;1.016016;0.01464;0.0;-126;84;-112;1
224483936;1.013088;0.01464;0.007808;-119;91;-105;1
224500261;1.012112;0.012688;0.012688;-119;91;-91;1
224514562;1.014064;0.012688;0.016592;-147;63;-77;1
224527245;1.014064;0.010736;0.015616;-133;35;-77;1
224546166;1.009184;0-@20000101_000005_192721_airspeed_sdp810.csv@224553539;-408;0;4264
224559587;1.0150399;0.007808;0.008784;-105;0;-77;1
224570210;1.0111359;0.003904;0.00488;-112;-7;-77;1
224583835;1.014064;0.008784;-0.003904;-56;7;-84;1
224602421;1.012112;0.003904;-0.00488;-77;14;-98;1
224623422;1.012112;0.012688;-0.006832;-14;49;-105;1
224634944;1.013088;0.011712;0.003904;-42;77;-105;1
224647598;1.012112;0.017568;0.005856;-28;84;-98;1
224670190;1.0111359;0.01464;0.021472;-49;49;-91;1
224686630;1.012112;0.00976;0.018544;-77;0;-84;1
224702506;1.014064;0.010736;0.013664;-91;-14;-77;1
224723467;1.0111359;0.00488;0.00488;-119;-35;-84;1
224736134;1.014064;0.002928;-0.006832;-84;-28;-105;1
224748677;1.0111359;0.005856;-0.012688;-49;-7;-105;1
224800196;1.013088;0.013664;0.008784;-35;105;-133;1
224813078;1.009184;0.01952;0.01464;-35;91;-126;1
224835306;1.0111359;0.015616;0.021472;-98;49;-105;1
224849880;1.0111359;0.012688;0.016592;-105;-14;-84;1
224864129;1.0150399;0.008784;0.011712;-119;-21;-91;1
224875064;1.013088;0.003904;0.002928;-98;-28;-98;1
224891977;1.016016;0.002928;-0.008784;-91;-7;-98;1
224903073;1.012112;0.003904;-0.016592;-77;7;-112;1
224944673;1.0111359;0.018544;-0.000976;-35;126;-126;1
224958203;1.0111359;0.022448;0.010736;-63;126;-119;1
224969182;1.0111359;0.021472;0.020496;-84;84;-91;1
224980119;1.014064;0.017568;0.021472;-98;56;-77;1
225003098;1.014064;0.013664;0.016592;-154;7;-63;1
225018545;1.0111359;0.00976;0.00976;-161;-7;-56;1
225043091;1.013088;-0.000976;-0.008784;-161;-14;-84;1
225054229;1.0150399;0.003904;-0.011712;-119;14;-91;1
225070252;1.013088;0.005856;-0.011712;-112;63;-105;1
225083261;1.013088;0.006832;-0.003904;-126;91;-112;1
225093928;1.013088;0.010736;0.000976;-91;112;-112;1
225106548;1.014064;0.00976;0.008784;-56;112;-112;1
225124635;1.014064;0.015616;0.018544;-91;98;-105;1
225136669;1.0111359;0.018544;0.022448;-105;77;-91;1
225148568;1.013088;0.017568;0.022448;-98;42;-84;1
225171681;1.012112;0.00488;0.00488;-98;-14;-77;1
225187193;1.012112;0.0;0.0;@20000101_000005_192721_accel_adxl375.csv@225189006;1.7639999;0.147;0.196;1
225197982;1.0111359;0.002928;-0.000976;-63;7;-91;1
225239327;1.014064;0.0.26;491;1925;0
225258164;1.009184;0.010736;0.003904;-49;70;-105;1
225270099;1.014064;0.012688;0.006832;-63;70;-112;1
225284287;1.0111359;0.012688;0.008784;-70;49;-119;1
225308040;1.0111359;0.015616;0.00976;-112;28;-105;1
225323028;1.0150399;0.011712;0.006832;-119;21;-98;1
225341241;1.014064;0.007808;0.003904;-154;14;-91;1
225365018;1.012112;0.008784;-0.000976;-126;28;-112;1
225377952;1.016016;0.010736;0.001952;-112;42;-112;1
225389217;1.012112;0.0@20000101_000005_192721_accel_adxl375.csv@225392938;1.7149999;0.147;0.147;1
225402556;1.012112;0.006832;0.002928;-105;49;-105;1
225423023;1.012112;0.010736;0.00488;-77;63;-112;1
225435903;1.01016;0.01464;0.011712;-56;49;-119;1
225448682;1.014064;0.016592;0.008784;-63;35;-112;1
225470012;1.014064;0.012688;0.005856;-56;21;-98;1
225484891;1.013088;0.015616;0.001952;-56;28;-84;1
225503044;1.01016;0.007808;0.003904;-77;28;-84;1
225515094;1.009184;0.007808;0.000976;-84;21;-84;1
225527525;1.014064;0.00976;0.0;-70;28;-91;1
225538125;1.013088;0.005856;0.001952;-63;35;-91;1
225549920;1.012112;0.007808;0.002928;-91;42;-91;1
225563805;1.0111359;0.008784;0.006832;-70;42;-91;1
225576944;1.0111359;0.011712;0.005856;-77;42;-91;1
225589515;1.012112;0.007808;0.005856;-77;35;-112;1
225601152;1.0150399;0.011712;0.000976;-63;35;-112;1
225613714;1.016016;0.013664;0.005856;-105;28;-112;1
225636869;1.012112;0.012688;0.00488;-98;28;-84;1
225648868;1.013088;0.006832;0.003904;-112;28;-91;1
225699522;1.013088;0.007808;0.002928;-70;28;-98;1
225714637;1.012112;0.006832;0.000976;-63;35;-105;1
225727812;1.014064;0.006832;0.003904;-49;35;-105;1
225739523;1.016992;0.010736;0.007808;-28;35;-133;1
225750421;1.01016;0.008784;0.006832;-42;14;-133;1
225767385;1.013088;0.013664;0.003904;-21;14;-126;1
225780378;1.01016;0.016592;0.001952;-56;21;-119;1
225791898;1.0111359;0.012688;0.002928;-42;28;-112;1
225813017;1.0150399;0.0ccel_adxl375.csv@225814174;1.7639999;0.147;0.147;1
225826582;1.012112;0.013664;0.0;-77;28;-98;1
225845647;1.013088;0.015616;-0.003904;-112;63;-91;1
225868600;1.014064;0.00976;0.00488;-126;77;-84;1
225879301;1.014064;0.005856;0.007808;-140;63;-84;1
225893613;1.014064;0.008784;0.007808;-126;35;-98;1
225906712;1.012112;0.006832;0.008784;-133;35;-105;1
225917394;1.012112;0.012688;0.006832;-126;35;-112;1
225943137;1.012112;0.012688;0.003904;-140;28;-84;1
225956865;1.016016;0.012688;-0.000976;-133;28;-84;1
225968108;1.013088;0.01464;-0.00488;-126;35;-84;1
225979068;1.013088;0.013664;-0.005856;-119;49;-77;1
225991137;1.0111359;0.01464;-0.00488;-105;70;-70;1
226003060;1.012112;0.012688;0.00488;-105;84;-63;1
226014779;1.016016;0.001952;0.008784;-98;77;-56;1
226027785;1.013088;0.000976;0.013664;-91;70;-63;1
226051758;1.012112;0.00488;0.01464;-49;35;-98;1
226063254;1.014064;0.005856;0.012688;-56;21;-105;1
226077487;1.012112;0.006832;0.008784;-56;-7;-112;1
226089202;1.01016;0.0110;-119;1
226100122;1.0150399;0.012688;-0.003904;-42;-7;-119;1
226114737;1.014064;0.01464;-0.011712;-70;14;-105;1
226126127;1.012112;0.01464;-0.010736;-77;42;-105;1
226168232;1.01016;0.00976;0.013664;-112;84;-84;1
226179612;1.009184;0.007808;0.01464;-105;63;-91;1
226194010;1.0111359;0.006832;0.01464;-105;42;-91;1
226206477;1.012112;0.0;0.01464;-98;7;-119;1
226219046;1.01016;0.001952;0.010736;-84;0;-133;1
226233380;1.014064;0.007808;0.007808;-70;-14;-140;1
226244227;1.012112;0.010736;0.005856;-63;-28;-140;1
226259775;1.01016;0.013664;-0.011712;-56;-14;-133;1
226270018;1.013088;0.013664;-0.013664;-42;14;-126;1
226284007;1.013088;0.017568;-0.015616;-35;49;-119;1
226296594;1.0150399;0.020496;-0.011712;-42;77;-112;1
226307650;1.013088;0.016592;0.006832;-56;98;-91;1
226318481;1.013088;0.01464;0.00976;-70;91;-84;1
226333968;1.008208;0.00976;0.012688;-84;77;-84;1
226345037;1.0111359;0.007808;0.018544;-84;63;-84;1
226360836;1.0111359;0.00976;0.017568;-77;7;-91;1
226380214;1.0111359;0.011712;0.003904;-84;-21;-105;1
226392277;1.013088;0.007808;-0.001952;-98;-28;-112;1
226415090;1.014064;0.01464;-0.018544;-77;14;-105;1
226433066;1.016016;0.01464;-0.015616;-98;84;-91;1
226444631;1.013088;0.016592;-0.010736;-112;119;-84;1
226457415;1.016016;0.012688;-0.000976;-133;140;-84;1
226468224;1.0111359;0.011712;0.00976;-161;133;-77;1
226479368;1.012112;0.015616;0.017568;-203;126;-84;1
226497296;1.009184;0.010736;0.0244;-168;77;-63;1
226507919;1.014064;0.005856;0.022448;-140;35;-63;1
226533068;1.014064;0.008784;0.00488;-147;-35;-91;1
226569003;1.016016;0.005856;-0.015616;-63;21;-91;1
226582364;1.0150399;0.007808;-0.010736;-84;84;-105;1
226598491;1.016992;0.00976;-0.003904;-56;119;-105;1
226612592;1.013088;0.017568;0.013664;-63;126;-105;1
226623091;1.0140;105;1
226634539;1.012112;0.016592;0.026352;-119;77;-105;1
226647157;1.009184;0.012688;0.030256;-112;42;-98;1
226658309;1.013088;0.00976;0.02928;-84;7;-91;1
226671207;1.01016;0.005856;0.021472;-70;-28;-91;1
226682630;1.012112;0.005856;0.002928;-91;-70;-105;1
226696834;1.013088;0.008784;-0.00976;-63;-63;-98;1
226711730;1.014064;0.008784;-0.015616;-56;-35;-112;1
226731993;1.014064;0.00976;-0.015616;-21;42;-119;1
226744542;1.0150399;0.010736;-0.002928;-63;84;-119;1
226755008;1.012112;0.0;1
226766625;1.0150399;0.015616;0.011712;-63;91;-105;1
226777233;1.013088;0.015616;0.01952;-70;91;-98;1
226790032;1.014064;0.015616;0.0244;-84;70;-91;1
226802936;1.014064;0.01464;0.030256;-112;28;-84;1
226817766;1.0111359;0.010736;0.012688;-84;-42;-70;1
226840070;1.013088;0.008784;-0.005856;-98;-56;-91;1
226851137;1.014064;0.006832;-0.00976;-77;-35;-98;1
226862745;1.014064;0.002928;-0.01464;-28;-21;-98;1
226873141;1.016992;0.00488;-0.01464;21;7;-105;1
226903377;1.014064;0.013664;-0.005856;-49;105;-119;1
226918163;1.0111359;0.01464;0.015616;-35;105;-91;1
226934910;1.0150399;0.015616;0.018544;-49;84;-91;1
226954036;1.0111359;0.015616;0.017568;-112;35;-70;1
226965692;1.01016;0.00976;0.017568;-112;7;-63;1
227002620;1.014064;-0.000976;-0.00976;-98;-7;-84;1
227022813;1.016016;0.001952;-0.01464;-119;42;-119;1
227036919;1.014064;0.008784;-0.01464;-98;77;-126;1
227048200;1.016016;0.00976;0.000976;-91;119;-126;1
227063112;1.012112;0.017568;0.00488;-98;119;-126;1
227074000;1.014064;0.016592;0.016592;-126;112;-119;1
227088388;1.013088;0.0_.7639999;0.147;0.147;1
227099310;1.01016;0.01464;0.021472;-182;49;-91;1
227123103;1.013088;0.002928;0.01464;-147;-7;-70;1
227136289;1.012112;0.001952;0.007808;-147;-21;-77;1
227153047;1.014064;-0.002928;-0.006832;-119;-7;-105;1
227166944;1.014064;-0.000976;-0.011712;-91;7;-112;1
227178613;1.0111359;0.0;-0.010736;-70;35;-133;1
227192545;1.0179679;0.005856;-0.006832;-28;84;-147;1
227203226;1.014064;0.011712;-0.000976;-42;112;-154;1
227215649;1.013088;0.017568;0.006832;-63;126;-154;1
227226248;1.01016;0.020496;0.016592;-77;112;-140;1
227244943;1.01016;0.022448;0.023424;-70;56;-112;1
227255937;1.008208;0.0@20000101_000005_192721_accel_adxl375.csv@227258844;1.7639999;0.147;0.196;1
227268111;1.0111359;0.020496;0.021472;-126;0;-77;1
227279235;1.0111359;0.015616;0.018544;-126;-21;-63;1
227292205;1.0150399;0.002928;0.002928;-133;-56;-56;1
227303104;1.012112;-0.000976;-0.00976;-105;-42;-77;1
227317175;1.01016;-0.001952;-0.015616;-63;-21;-91;1
227342572;1.01016;0.00488;-0.006832;-42;56;-119;1
227354135;1.012112;0.00976;-0.003904;-63;77;-126;1
227367318;1.012112;0.013664;0.003904;-35;77;-119;1
227378156;1.0111359;0.01464;0.008784;0;77;-112;1
227390654;1.013088;0.018544;0.016592;-21;77;-105;1
227421235;1.012112;0.020496;0.01464;-84;-7;-70;1
227443734;1.013088;0.005856;0.0;-70;-21;-42;1
227458847;1.013088;0.002928;-0.001952;-91;-21;-56;1
227470185;1.012112;-0.000976;-0.007808;-105;-14;-70;1
227483265;1.012112;0.000976;-0.010736;-63;0;-77;1
227494057;1.014064;-0.000976;-0.008784;-35;49;-112;1
227506346;1.0111359;0.005856;-0.007808;-21;84;-126;1
227518616;1.012112;0.00488;0.002928;-7;98;-133;1
227529434;1.012112;0.00976;0.00976;7;91;-133;1
227553040;1.014064;0.01952;0.01464;-56;56;-126;1
227569534;1.01016;0.018544;0.015616;-77;28;-112;1
227581932;1.012112;0.01464;0.010736;-98;14;-105;1
227594219;1.014064;0.016592;0.008784;-119;0;-84;1
227615008;1.014064;0.006832;-0.00488;-154;-14;-70;1
227626132;1.0150399;0.00488;-0.016592;-133;35;-84;1
227642080;1.0111359;0.000976;-0.012688;-140;63;-105;1
227663091;1.013088;0.00488;-0.002928;-91;112;-119;1
227678573;1.0111359;0.006832;0.008784;-105;105;-133;1
227690389;1.008208;0.008784;0.01464;-105;98;-147;1
227701176;1.012112;0.01464;0.0244;-98;84;-147;1
227715521;1.012112;0.018544;0.022448;-91;56;-140;1
227733076;1.012112;0.0244;0.012688;-119;14;-112;1
227745415;1.013088;0.020496;0.00488;-161;7;-105;1
227756069;1.012112;0.0@20000101_000005_192721_accel_adxl375.csv@227758542;1.7639999;0.147;0.196;1
227769608;1.012112;0.011712;-0.006832;-140;35;-77;1
227780335;1.014064;0.010736;-0.008784;-140;56;-77;1
227795234;1.014064;0.003904;-0.005856;-154;84;-84;1
227833435;1.013088;0.006832;0.01952;-105;98;-105;1
227845422;1.01016;0.007808;0.022448;-98;63;-112;1
227856195;1.0111359;0.@20000101_000005_192721_accel_adxl375.csv@227858639;1.813;0.147;0.147;1
227897619;1.0150399;0.015616;0.000976;-84;-7;-91;1
227918799;1.008208;0.011712;0.0;-77;7;-77;1
227943294;1.012112;0.092721_imu_bno055.csv@227950187;342.3125;7587;-17269;0.96363184;0.02753234;-0.248810768
227958831;1.014064;0.006832;0.00488;-98;49;-77;1
227970159;1.01016;0.006832;0.006832;-70;56;-77;1
227981027;1.013088;0.006832;0.01464;-56;42;-91;1
228003077;1.009184;0.003904;0.010736;-42;7;-105;1
228045747;1.013088;0.013664;0.0;0;-14;-105;1
228056609;1.013088;0.0.001952;-7;-14;-98;1
228069430;1.013088;0.01464;-0.006832;-21;0;-91;1
228080166;1.016016;0.013664;-0.001952;-49;14;-91;1
228094701;1.013088;0.011712;-0.001952;-84;42;-84;1
228109201;1.013088;0.010736;-0.002928;-84;49;-77;1
228123302;1.014064;0.005856;0.00488;-56;63;-77;1
228145237;1.0111359;0.001952;0.003904;-105;49;-98;1
228163102;1.0150399;0.007808;0.003904;-63;49;-98;1
228177551;1.014064;0.00976;0.003904;-133;42;-112;1
228204327;1.0111359;0.01464;0.002928;-119;28;-105;1
228215059;1.014064;0.013664;0.000976;-168;42;-105;1
228232807;1.01016;0.015616;-0.002928;-168;56;-91;1
228253088;1.0111359;0.011712;0.0;-175;70;-77;1
228266745;1.012112;0.008784;0.002928;-217;77;-70;1
228277218;1.0150399;0.007808;0.003904;-203;84;-77;1
228290138;1.009184;0.038784;-196;77;-77;1
228306074;1.0111359;0.00488;0.008784;-168;63;-98;1
228319503;1.012112;0.011712;0.00976;-105;49;-98;1
228331873;1.0150399;0.00976;0.010736;-119;28;-105;1
228353155;1.0111359;0.011712;0.005856;-84;35;-112;1
228394612;1.01016;0.008784;0.00488;-21;21;-91;1
228413221;1.01016;0.008784;0.002928;-35;28;-91;1
228438300;1.013088;0.005856;0.008784;-42;28;-91;1
228456842;1.012112;0.00488;0.007808;21;21;-91;1
228468026;1.012112;0.003904;0.00488;-49;14;-112;1
228479191;1.012112;0.005856;0.007808;-49;14;-112;1
228490104;1.013088;0.007808;0.00488;-49;14;-112;1
228501086;1.013088;0.006832;0.006832;-35;7;-105;1
228523074;1.012112;0.00976;0.003904;-35;0;-112;1
228536372;1.0150399;0.011712;0.002928;-21;-7;-112;1
228548412;1.0111359;0.010736;0.002928;-42;0;-112;1
228561557;1.013088;0.011712;0.000976;-84;0;-105;1
228572262;1.0111359;0.010736;0.001952;-35;0;-91;1
228585696;1.0111359;0.005856;0.0;-42;14;-84;1
228596006;1.012112;0.00488;-0.002928;-56;28;-91;1
228607431;1.0150399;0.005856;-0.001952;-35;28;-98;1
228622969;1.008208;0.005856;-0.001952;-56;35;-105;1
228636031;1.013088;0.005856;-0.000976;-70;42;-126;1
228658080;1.012112;0.008784;0.00488;-35;70;-119;1
228670348;1.013088;0.010736;0.010736;-63;63;-126;1
228695983;1.0111359;0.012688;0.002928;-77;14;-105;1
228709027;1.012112;0.011712;-0.001952;-98;14;-105;1
228725529;1.012112;0.015616;-0.000976;-112;49;-105;1
228736645;1.012112;0.010736;-0.00488;-119;49;-91;1
228754893;1.014064;0.008784;-0.005856;-147;63;-84;1
228770516;1.012112;0.00488;-0.002928;-168;77;-84;1
228783907;1.0150399;0.007808;0.007808;-168;105;-112;1
228794956;1.013088;0.005856;0.00976;-189;91;-119;1
228813997;1.012112;0.00976;0.00976;-182;63;-119;1
228843658;1.012112;0.012688;0.010736;-126;49;-105;1
228858285;1.0111359;0.015616;0.007808;-154;35;-112;1
228873714;1.013088;0.010736;0.002928;-98;35;-91;1
228886970;1.016016;0.0;@20000101_000005_192721_laser_agl.csv@228890879;0.02;0
228898903;1.0150399;0.007808;0.0;-133;63;-91;1
228910588;1.013088;0.003904;0.002928;-161;77;-98;1
228924541;1.013088;0.00488;0.00488;-91;63;-91;1
228938302;1.0150399;0.003904;0.007808;-49;63;-98;1
228955231;1.0111359;0.005856;0.015616;-84;56;-119;1
228969534;1.009184;0.008784;0.015616;-84;49;-119;1
228980943;1.009184;0.016592;0.016592;-77;28;-119;1
228992379;1.012112;0.012688;0.016592;-56;0;-112;1
229003622;1.013088;0.013664;0.012688;-42;-14;-98;1
229016389;1.012112;0.015616;-0.000976;-63;-21;-98;1
229027298;1.013088;0.015616;-0.003904;-49;-7;-91;1
229045771;1.012112;0.00976;-0.007808;-70;7;-84;1
229060064;1.016992;0.003904;-0.00488;-70;42;-70;2
229072776;1.013088;0.00488;0.000976;-49;56;-70;1
229083829;1.016016;0.000976;0.006832;-63;70;-84;1
229097613;1.012112;0.007808;0.016592;-35;42;-119;1
229108329;1.014064;0.005856;0.013664;-56;7;-133;1
229144543;1.012112;0.017568;0.008784;-56;7;-105;1
229158014;1.013088;0.010736;0.002928;84;-7;-70;1
229170434;1.0150399;0.01464;-0.002928;56;-42;-84;1
229186588;1.012112;0.013664;-0.00976;-70;-42;-112;1
229203884;1.0150399;0.016592;-0.010736;-147;42;-91;1
229215402;1.0111359;0.011712;-0.002928;-70;77;-56;1
229228122;1.0111359;0.003904;0.005856;-42;91;-42;1
229239133;1.012112;-0.001952;0.00976;-126;42;-105;1
229255340;1.01016;0.003904;0.005856;-21;42;-112;1
229285456;1.0111359;0.008784;0.007808;-14;42;-119;1
229308570;1.0111359;0.011712;0.008784;-14;7;-91;1
229323520;1.012112;0.011712;-0.00488;-98;-7;-112;1
229343106;1.014064;0.017568;-0.008784;-112;42;-112;1
229369318;1.0111359;0.016592;-0.005856;-161;77;-84;1
229380203;1.0150399;0.012688;-0.000976;-168;98;-77;1
229391188;1.007232;0.001952;0.010736;-182;105;-63;1
229402572;1.0111359;-0.002928;0.013664;-126;98;-77;1
229413152;1.0111359;0.0;0.017568;-126;70;-98;1
229425591;1.014064;0.002928;0.015616;-154;42;-119;1
229436060;1.009184;0.007808;0.015616;-133;35;-126;1
229450553;1.0111359;0.012688;0.012688;-126;14;-119;1
229472492;1.013088;0.011712;-0.002928;-63;-7;-105;1
229483272;1.014064;0.015616;-0.010736;-49;7;-105;1
229496885;1.016016;0.018544;-0.01464;-84;35;-119;1
229510904;1.012112;0.01952;-0.011712;-133;63;-105;1
229522117;1.016016;0.0@20000101_000005_192721_accel_adxl375.csv@229532950;1.7149999;0.147;0.196;1
229535200;1.012112;0.00976;0.007808;-182;91;-63;1
229549070;1.01016;0.008784;0.013664;-154;84;-70;1
229560059;1.012112;0.006832;0.016592;-63;84;-63;1
229572403;1.0111359;0.00488;0.018544;-28;63;-77;1
229585063;1.0111359;0.003904;0.025376;-147;21;-105;1
229595978;1.0150399;0.00488;0.01952;-91;-7;-112;1
229612741;1.014064;0.00488;0.013664;-49;-49;-105;1
229622891;1.0111359;0.006832;0.003904;-7;-63;-119;1
229641826;1.016992;0.011712;-0.007808;49;-28;-112;1
229652107;1.0111359;0.013664;-0.011712;14;-14;-112;1
229665967;1.012112;0.021472;-0.015616;-98;49;-112;1
229677079;1.0150399;0.01952;-0.012688;-77;77;-91;1
229711375;1.014064;0.00976;0.017568;-147;105;-56;1
229728702;1.009184;0.0;0.0244;-112;35;-56;1
229740278;1.008208;-0.001952;0.020496;-70;14;-70;1
229751258;1.012112;-0.003904;0.015616;-70;0;-98;1
229762342;1.0150399;-0.000976;0.013664;-98;-28;-126;1
229775138;1.012112;0.007808;0.008784;-84;-49;-133;1
229795120;1.014064;0.00488;-0.00976;91;-70;-119;1
229806112;1.016016;0.010736;-0.01952;56;-49;-133;1
229817088;1.0111359;0.022448;-0.023424;-49;56;-161;1
229829418;1.0111359;0.02928;-0.016592;-21;98;-119;1
229841839;1.014064;0.0244;-0.005856;-21;119;-84;1
229853096;1.0150399;0.018544;0.002928;-49;133;-70;1
229865656;1.0150399;0.015616;0.010736;-133;126;-70;1
229876513;1.0111359;0.011712;0.017568;-182;112;-70;1
229914705;1.014064;-0.003904;0.01952;-147;-14;-84;1
229933454;1.013088;-0.001952;-0.000976;-133;-42;-119;1
229946179;1.013088;0.002928;-0.008784;-77;-21;-133;1
229957250;1.013088;0.007808;-0.017568;-35;0;-133;1
229968686;1.014064;0.010736;-0.020496;-70;7;-140;1
229979148;1.014064;0.01952;-0.013664;-63;91;-133;1
229996599;1.016016;0.021472;-0.00488;-77;133;-119;1
230013003;1.013088;0.023424;0.01464;-161;154;-84;1
230036594;1.012112;0.012688;0.023424;-273;84;-56;1
230050979;1.014064;0.001952;0.025376;-147;42;-42;1
230075054;1.012112;0.0;0.017568;-168;-28;-77;1
230086393;1.012112;-0.002928;0.00976;-147;-56;-91;1
230105783;1.014064;-0.002928;-0.012688;-42;-42;-112;1
230123042;1.013088;0.00976;-0.01464;28;49;-147;1
230180710;1.009184;0.021472;0.018544;-42;105;-84;1
230194552;1.0111359;0.013664;0.031232;-98;49;-63;1
230205269;1.01016;0.013664;0.028304;-112;-14;-56;1
230217742;1.012112;0.006832;0.022448;-105;-56;-49;1
230228425;1.0111359;0.000976;0.007808;-91;-77;-56;1
230243944;1.013088;0.000976;-0.007808;-77;-49;-98;1
230255192;1.0111359;0.1_000005_192721_accel_adxl375.csv@230257655;1.7639999;0.098;0.098;1
230269863;1.013088;0.002928;-0.017568;-7;0;-119;1
230281244;1.0150399;0.007808;-0.018544;42;21;-119;1
230293668;1.013088;0.01464;-0.008784;-70;84;-140;1
230304283;1.0150399;0.022448;-0.000976;-35;119;-126;1
230315772;1.012112;0.025376;0.010736;-56;119;-98;1
230326506;1.012112;0.022448;0.022448;-84;98;-84;1
230338741;1.012112;0.021472;0.028304;-112;63;-63;1
230349830;1.012112;0.011712;0.0244;-154;14;-56;1
230364780;1.0111359;0.005856;0.007808;-91;-35;-56;1
230380170;1.0150399;0.005856;0.001952;-126;-42;-63;1
230394284;1.014064;0.00488;-0.00488;-161;-42;-70;1
230414555;1.0150399;0.0;-0.018544;-77;0;-70;1
230434679;1.0111359;0.003904;-0.020496;-56;77;-119;1
230448316;1.013088;0.011712;-0.000976;-42;140;-133;1
230459871;1.0150399;0.01952;0.013664;-35;147;-119;1
230471383;1.009184;0.01952;0.01952;-84;133;-105;1
230484562;1.014064;0.018544;0.025376;-133;105;-105;1
230498457;1.0111359;0.01464;0.023424;-91;21;-77;1
230509246;1.013088;0.00976;0.017568;-119;-14;-63;1
230520080;1.009184;0.006832;0.00488;-140;-28;-63;1
230534531;1.012112;0.006832;-0.002928;-168;-28;-70;1
230548798;1.016016;0.0;-0.013664;-119;21;-84;1
230559699;1.0179679;0.001952;-0.013664;-126;49;-98;1
230592309;1.0111359;0.00488;-0.002928;-98;112;-126;1
230606832;1.012112;0.00488;0.003904;-105;126;-140;1
230618900;1.012112;0.017568;0.022448;-140;119;-147;1
230631885;1.01016;0.021472;0.02928;-210;84;-147;1
230643096;1.009184;0.022448;0.027328;-210;42;-133;1
230660323;1.0111359;0.01464;0.011712;-98;-28;-77;1
230682577;1.012112;0.010736;-0.000976;-140;-28;-91;1
230696553;1.0111359;0.00976;-0.005856;-154;-14;-84;1
230707777;1.014064;0.006832;-0.00976;-119;21;-77;1
230728693;1.013088;0.000976;-0.008784;-119;49;-98;1
230745284;1.0111359;0.005856;0.001952;-28;98;-126;1
230758898;1.0111359;0.010736;0.006832;35;84;-126;1
230770503;1.0150399;0.013664;0.01952;-42;77;-119;1
230781936;1.01016;0.016592;0.021472;-35;49;-112;1
230793190;1.012112;0.017568;0.021472;-21;14;-98;1
230809957;1.01016;0.016592;0.021472;-21;0;-98;1
230830992;1.012112;0.016592;-0.003904;-105;-42;-70;1
230853049;1.012112;0.007808;-0.011712;-98;7;-56;1
230866928;1.009184;0.00488;-0.00976;-105;42;-63;1
230878738;1.012112;0.002928;-0.005856;-49;63;-63;1
230889768;1.013088;0.000976;-0.000976;-35;70;-70;1
230913021;1.014064;0.00375;7575;-17300;0.96363184;0.021414042;-0.23555446
230924873;1.012112;0.010736;0.016592;-70;63;-119;1
230943067;1.008208;0.0.05_192721_accel_adxl375.csv@230950738;1.7149999;0.147;0.196;1
230957330;1.014064;0.01464;0.00976;-77;-21;-91;1
230968317;1.012112;0.00976;0.00488;-98;-28;-84;1
230980874;1.0111359;0.00976;-0.00488;-77;-28;-77;1
230994342;1.016016;0.006832;-0.008784;-63;14;-84;1
231024284;1.0111359;0.001952;-0.006832;-63;77;-84;1
231041247;1.013088;-0.003904;-0.001952;-84;91;-98;1
231055741;1.0111359;0.@20000101_000005_192721_accel_adxl375.csv@231060221;1.813;0.147;0.196;1
231067279;1.014064;0.00488;0.017568;-35;84;-147;1
231083739;1.01016;0.011712;0.018544;-70;56;-154;1
231094982;1.0111359;0.011712;0.016592;-77;7;-133;1
231106264;1.01016;0.01464;0.01464;-77;-7;-133;1
231117120;1.0111359;0.011712;0.006832;-84;-21;-133;1
231128141;1.009184;0.012688;0.002928;-105;-35;-133;1
231140457;1.014064;0.01464;-0.001952;-119;-28;-126;1
231164962;1.013088;0.010736;-0.006832;-91;7;-98;1
231178155;1.013088;0.008784;-0.008784;-105;56;-98;1
231189421;1.0150399;0.00488;-0.006832;-77;70;-98;1
231201478;1.013088;0.008784;-0.001952;-63;84;-98;1
231212051;1.013088;0.010736;0.00488;-77;98;-119;1
231225500;1.013088;0.013664;0.00976;-91;112;-126;1
231236237;1.014064;0.016592;0.017568;-70;105;-112;1
231249768;1.0150399;0.01464;0.021472;-91;35;-91;1
231261191;1.013088;0.011712;0.021472;-91;7;-84;1
231273368;1.0111359;0.006832;0.018544;-63;-21;-84;1
231284215;1.007232;0.005856;0.00976;-77;-42;-91;1
231296047;1.01016;0.007808;0.006832;-84;-42;-105;1
231306951;1.0111359;0.010736;0.001952;-70;-42;-105;1
231318616;1.012112;0.010736;-0.00976;-49;-7;-91;1
231360702;1.01016;0.01464;-0.00976;-35;119;-84;1
231379836;1.0111359;0.015616;0.010736;-98;133;-77;1
231403048;1.014064;0.008784;0.027328;-112;91;-49;1
231416126;1.01016;0.00488;0.030256;-119;42;-56;1
231461073;1.012112;0.001952;-0.008784;-98;-56;-112;1
231495129;1.012112;0.007808;-0.0244;-7;35;-112;1
231507671;1.0150399;0.011712;-0.026352;-56;77;-119;1
231524515;1.012112;0.01464;-0.005856;-63;168;-112;1
231538012;1.012112;0.017568;0.010736;-56;182;-105;1
231554672;1.014064;0.013664;0.033184;-133;119;-98;1
231570972;1.0111359;0.010736;0.033184;-168;77;-91;1
231584688;1.012112;-0.001952;0.026352;-105;-28;-84;1
231595003;1.012112;-0.000976;0.017568;-140;-63;-105;1
231612837;1.013088;0.003904;-0.007808;-77;-77;-147;1
231633003;1.0150399;0.011712;-0.0244;-49;-21;-154;1
231646305;1.014064;0.00976;-0.027328;-63;28;-154;1
231656955;1.014064;0.015616;-0.022448;-63;84;-147;1
231670607;1.012112;0.020496;-0.01464;-42;126;-140;1
231681258;1.012112;0.022448;-0.001952;-42;154;-133;1
231696210;1.012112;0.020496;0.021472;-168;154;-112;1
231713021;1.012112;0.022448;0.028304;-245;119;-84;1
231743061;1.0111359;0.008784;0.031232;-98;-21;-42;1
231757627;1.0111359;0.0;0.00976;-119;-91;-77;1
231768231;1.016016;0.0;-0.001952;-126;-91;-84;1
231807248;1.016016;0.011712;-0.020496;28;56;-126;1
231823011;1.013088;0.016592;-0.015616;14;91;-126;1
231835269;1.0111359;0.01952;0.00488;-70;140;-98;1
231849753;1.008208;0.020496;0.016592;-70;147;-77;1
231861333;1.009184;0.021472;0.025376;-84;133;-70;1
231874570;1.009184;0.020496;0.033184;-119;84;-63;1
231913648;1.014064;-0.005856;0.010736;-l.csv@231915507;1.7639999;0.098;0.196;1
231925191;1.013088;-0.00488;-0.005856;-119;-84;-70;1
231943285;1.014064;-0.;575136;0.013256311;-0.25900792
231958724;1.014064;0.00488;-0.0244;-7;56;-126;1
231971710;1.014064;0.008784;-0.01952;-63;98;-140;1
232028027;1.01016;0.018544;0.030256;-154;42;-84;1
232043257;1.012112;0.012688;0.028304;-140;-7;-70;1
232054509;1.0111359;0.00976;0.021472;-119;-42;-63;1
232066579;1.012112;0.00488;0.008784;-140;-70;-70;1
232077227;1.013088;-0.003904;-0.00488;-126;-84;-77;1
232095300;1.0150399;-0.002928;-0.025376;-112;-21;-112;1
232113012;1.016016;0.000976;-0.023424;-42;84;-140;1
232143059;1.01016;0.01952;0.005856;-28;161;-154;1
232157428;1.012112;0.0244;0.018544;-84;154;-140;1
232168009;1.0111359;0.023424;0.030256;-119;126;-119;1
232179052;1.0111359;0.026352;0.03416;-140;91;-98;1
232190706;1.0111359;0.018544;0.027328;-168;-21;-70;1
232207416;1.01016;0.013664;0.016592;-133;-56;-49;1
232217952;1.013088;0.007808;0.005856;-161;-70;-49;1
232232274;1.014064;-0.001952;-0.018544;-168;-42;-56;1
232243987;1.013088;-0.001952;-0.023424;-133;0;-70;1
232255699;1.016016;-0.@20000101_000005_192721_accel_adxl375.csv@232259941;1.813;0.098;0.147;1
232267298;1.012112;0.002928;-0.018544;-56;84;-105;1
232278447;1.012112;0.005856;-0.006832;-56;119;-126;1
232293352;1.0111359;0.015616;0.013664;-28;147;-133;1
232304272;1.01016;0.015616;0.0244;-42;126;-119;1
232315050;1.0111359;0.01952;0.030256;-63;98;-112;1
232348768;1.0111359;0.016592;0.028304;-98;-35;-77;1
232368066;1.013088;0.010736;0.003904;-112;-84;-56;1
232382379;1.013088;0.006832;-0.008784;-91;-77;-56;1
232397212;1.014064;-0.002928;-0.023424;-7;-21;-63;1
232407975;1.0111359;0.0;-0.023424;-42;21;-91;1
232419955;1.013088;0.001952;-0.017568;-84;70;-112;1
232442075;1.0150399;0.00488;0.0;14;119;-119;1
232453905;1.012112;0.012688;0.025376;-28;105;-140;1
232467931;1.014064;0.017568;0.028304;-56;77;-140;1
232479035;1.009184;0.022448;0.032208;-28;35;-119;1
232502014;1.0111359;0.015616;0.01952;-84;-56;-91;1
232517662;1.013088;0.006832;-0.003904;-105;-77;-84;1
232534476;1.012112;0.010736;-0.013664;-84;-70;-77;1
232548555;1.0111359;0.003904;-0.025376;-91;7;-84;1
232560687;1.016016;0.005856;-0.026352;-112;49;-91;1
232571820;1.0150399;0.00488;-0.017568;-63;91;-105;1
232596148;1.014064;0.011712;0.016592;-77;140;-133;1
232611606;1.01016;0.011712;0.027328;-56;119;-119;1
232621949;1.013088;0.0@20000101_000005_192721_accel_adxl375.csv@232632931;1.7149999;0.147;0.196;1
232642456;1.012112;0.01464;0.0244;-112;7;-105;1
232653980;1.0111359;0.01952;0.01464;-147;-21;-98;1
232666204;1.0111359;0.016592;0.007808;-126;-42;-91;1
232677094;1.013088;0.010736;-0.013664;-168;-42;-77;1
232689481;1.014064;0.00;-70;1
232700085;1.013088;0.007808;-0.025376;-126;42;-70;1
232713064;1.013088;0.002928;-0.0244;-105;91;-84;1
232755665;1.014064;0.012688;0.015616;-112;140;-105;1
232774036;1.0111359;0.016592;0.02928;-126;98;-105;1
232790145;1.012112;0.013664;0.027328;-119;7;-84;1
232800950;1.013088;0.015616;0.01952;-119;-28;-84;1
232812175;1.013088;0.01464;0.005856;-133;-56;-77;1
232823399;1.013088;0.0@20000101_000005_192721_imu_bno055.csv@232829682;341.8125;7575;-17307;0.96363184;0.028552056;-0.2386136
232837132;1.016016;0.007808;-0.013664;-126;-28;-70;1
232854922;1.0150399;-0.001952;-0.01952;-105;35;-77;1
232869606;1.013088;0.001952;-0.005856;-70;105;-112;1
232880680;1.012112;0.00488;0.005856;-70;119;-126;1
232902254;1.008208;0.010736;0.017568;-63;112;-140;1
232916775;1.013088;0.017568;0.028304;-56;84;-126;1
232933466;1.009184;0.018544;0.02928;-91;7;-112;1
232948025;1.0111359;0.01464;0.021472;-84;-35;-98;1
232959638;1.013088;0.013664;0.010736;-70;-63;-91;1
232973025;1.0111359;0.010736;-0.008784;-105;-63;-84;1
232993517;1.013088;0.00488;-0.017568;-70;-7;-77;1
233013041;1.01016;0.0;-0.011712;-49;63;-98;1
233030344;1.014064;0.000976;-0.007808;-56;91;-112;1
233045070;1.012112;0.008784;0.00976;0;105;-133;1
233063077;1.012112;0.013664;0.021472;-35;77;-140;1
233075410;1.0111359;0.015616;0.023424;-56;49;-133;1
233086261;1.008208;0.021472;0.022448;-35;7;-119;1
233099301;1.012112;0.018544;0.020496;-70;-35;-105;1
233114865;1.013088;0.01464;0.0;-98;-63;-91;1
233126128;1.012112;0.017568;-0.00976;-105;-49;-84;1
233141207;1.014064;0.011712;-0.017568;-119;-21;-77;1
233171182;1.016016;0.00l5.csv@233175229;1.7639999;0.147;0.196;1
233193563;1.014064;0.000976;-0.002928;-105;126;-91;1
233209669;1.01016;0.002928;0.018544;-56;133;-105;1
233220185;1.012112;0.00488;0.020496;-63;105;-112;1
233233298;1.012112;0.011712;0.027328;-98;70;-119;1
233244136;1.012112;0.01464;0.023424;-112;28;-119;1
233256733;1.014064;0.016592;0.01464;-98;-14;-105;1
233267097;1.013088;0.017568;0.003904;-112;-28;-91;1
233279480;1.01016;0.016592;-0.00488;-126;-28;-84;1
233305695;1.012112;0.00976;-0.017568;-126;56;-77;1
233315981;1.013088;0.005856;-0.011712;-133;91;-77;1
233327159;1.012112;0.005856;-0.00488;-133;119;-84;1
233338226;1.013088;0.006832;0.000976;-119;133;-84;1
233350356;1.013088;0.003904;0.010736;-105;133;-91;1
233360959;1.013088;0.002928;0.018544;-105;126;-105;1
233372626;1.0111359;0.003904;0.028304;-126;98;-119;1
233385779;1.01016;0.008784;0.028304;-161;70;-126;1
233402184;1.013088;0.012688;0.022448;-84;0;-112;1
233425083;1.0111359;0.01464;0.001952;-91;-42;-105;1
233443111;1.014064;0.010736;-0.01464;-112;-14;-105;1
233455885;1.016016;0.0616;-119;21;-98;1
233473446;1.014064;0.010736;-0.006832;-112;84;-91;1
233485360;1.012112;0.011712;-0.000976;-119;105;-91;1
233497697;1.014064;0.006832;0.005856;-70;112;-84;1
233513394;1.012112;0.007808;0.020496;-91;84;-98;1
233523912;1.009184;0.008784;0.0244;-70;70;-105;1
233544395;1.012112;0.00976;0.020496;-91;0;-105;1
233556568;1.009184;0.012688;0.017568;-84;-28;-105;1
233567054;1.014064;0.016592;0.008784;-70;-42;-98;1
233577988;1.014064;0.010736;-0.001952;-70;-49;-98;1
233629384;1.012112;0.012688;-0.00976;-42;70;-84;1
233648267;1.0111359;0.010736;0.002928;-77;98;-84;1
233659827;1.01016;0.011712;0.011712;-56;91;-84;1
233672250;1.012112;0.012688;0.021472;-91;63;-84;1
233689585;1.009184;0.012688;0.021472;-105;35;-84;1
233700138;1.013088;0.00976;0.017568;-105;0;-77;1
233717006;1.014064;0.005856;0.005856;-77;-42;-84;1
233729809;1.016016;0.003904;0.000976;-70;-49;-91;1
233764138;1.013088;0.010736;-0.017568;-91;49;-119;1
233777705;1.0111359;0.012688;-0.00976;-70;84;-112;1
233789254;1.012112;0.00el_adxl375.csv@233791249;1.813;0.147;0.147;1
233800642;1.008208;0.010736;0.006832;-70;112;-105;1
233819639;1.01016;0.013664;0.021472;-98;84;-98;1
233831847;1.01016;0.011712;0.020496;-98;63;-91;1
233860449;1.009184;0.005856;0.00976;-147;0;-98;1
233871275;1.013088;0.006832;0.005856;-119;-21;-98;1
233884591;1.013088;0.003904;-0.005856;-91;-28;-105;1
233895044;1.0111359;0.003904;-0.008784;-91;0;-112;1
233913150;1.014064;0.00488;-0.010736;-91;21;-119;1
233934562;1.014064;0.011712;0.000976;-56;98;-133;1
233949023;1.0150399;0.021472;0.006832;-84;91;-133;1
233960164;1.0111359;0.018544;0.012688;-84;98;-119;1
233971598;1.008208;0.01952;0.016592;-105;91;-98;1
233981986;1.016992;0.018544;0.017568;-112;70;-84;1
233999597;1.01016;0.010736;0.01952;-126;28;-84;1
234014367;1.009184;0.008784;0.015616;-147;-7;-84;1
234029636;1.012112;0.006832;0.005856;-105;-35;-84;1
234078071;1.0150399;0.008784;-0.00976;7;42;-112;1
234097076;1.0150399;0.017568;-0.001952;-49;91;-119;1
234113127;1.01016;0.011adxl375.csv@234114697;1.7639999;0.098;0.147;1
234126992;1.01016;0.016592;0.016592;-56;98;-84;1
234150929;1.0111359;0.008784;0.022448;-119;0;-70;1
234162109;1.01016;0.007808;0.020496;-84;-28;-63;1
234173747;1.016016;0.00488;0.012688;-77;-49;-63;1
234184078;1.013088;0.005856;0.000976;-98;-56;-77;1
234200156;1.0150399;0.00488;-0.013664;-70;-21;-91;1
234211230;1.013088;0.002928;-0.012688;-49;7;-91;1
234224786;1.0150399;0.005856;-0.015616;-21;35;-98;1
234236904;1.012112;0.005856;-0.00976;-42;56;-105;1
234248087;1.01016;0.008784;-0.00488;-56;77;-112;1
234259720;1.012112;0.012688;0.013664;-28;91;-105;1
234270065;1.012112;0.011712;0.021472;-70;63;-112;1
234282780;1.01016;0.010736;0.023424;-77;49;-105;1
234296259;1.0111359;0.011712;0.022448;-63;14;-105;1
234309697;1.013088;0.010736;0.003904;-63;-42;-112;1
234320936;1.014064;0.007808;-0.00488;-70;-35;-105;1
234368543;1.016016;0.002928;-0.00976;-42;35;-112;1
234381198;1.012112;0.010736;-0.000976;-42;70;-126;1
234401120;1.014064;0.01464;0.006832;-63;91;-119;1
234411947;1.013088;0.012688;0.00976;-56;91;-112;1
234424630;1.01016;0.01464;0.011712;-77;70;-105;1
234443041;1.01016;0.015616;0.008784;-91;28;-91;1
234455088;1.012112;0.0.952;-105;14;-84;1
234466205;1.014064;0.00976;-0.002928;-140;14;-91;1
234478870;1.012112;0.00976;-0.003904;-140;28;-91;1
234522645;1.013088;0.00976;-0.002928;-133;77;-105;1
234536579;1.013088;0.00976;0.003904;-98;91;-112;1
234548290;1.009184;0.012688;0.006832;-147;98;-112;1
234560229;1.014064;0.016592;0.010736;-154;105;-112;1
234571093;1.01016;0.018544;0.015616;-140;91;-91;1
234586950;1.0111359;0.01464;0.017568;-154;49;-70;1
234598210;1.0111359;0.00976;0.010736;-182;21;-70;1
234612754;1.0111359;0.005856;0.006832;-154;0;-63;1
234633029;1.012112;0.002928;-0.00488;-133;21;-84;1
234645238;1.012112;0.005856;-0.001952;-91;56;-98;1
234656324;1.014064;0.0@20000101_000005_192721_accel_adxl375.csv@234658371;1.813;0.147;0.147;1
234669332;1.0150399;0.00976;-0.001952;-56;70;-98;1
234679995;1.012112;0.007808;-0.001952;-84;77;-98;1
234695548;1.016016;0.013664;0.010736;-70;98;-98;1
234705973;1.013088;0.011712;0.015616;-98;98;-91;1
234724656;1.014064;0.01464;0.021472;-91;84;-98;1
234745394;1.013088;0.007808;0.022448;-182;7;-77;1
234771396;1.014064;-0.000976;0.003904;-133;-42;-84;1
234783249;1.012112;-0.001952;-0.00488;-112;-21;-112;1
234793992;1.0111359;0.000976;-0.007808;-91;-14;-126;1
234809508;1.0150399;0.007808;-0.012688;-49;14;-140;1
234820138;1.013088;0.013664;-0.010736;-56;49;-133;1
234831245;1.013088;0.012688;-0.00488;-21;77;-133;1
234854601;1.013088;0.01464;0.013664;-56;98;-119;1
234869428;1.009184;0.018544;0.021472;-28;49;-91;1
234880614;1.012112;0.015616;0.018544;-77;21;-98;1
234902103;1.009184;0.011712;0.011712;-112;-14;-77;1
234915308;1.014064;0.00488;0.00976;-70;-35;-70;1
234934480;1.009184;-0.002928;-0.005856;-91;-35;-98;1
234947272;1.0150399;-0.001952;-0.007808;-56;-21;-112;1
234983973;1.016016;0.017568;-0.003904;-28;49;-147;1
235029571;1.0150399;0.022448;0.00976;-105;77;-91;1
235044690;1.0111359;0.020496;0.012688;-126;28;-42;1
235057616;1.013088;0.01464;0.013664;-126;14;-35;1
235074623;1.012112;0.0;0.005856;-168;21;-35;1
235090327;1.012112;-0.@20000101_000005_192721_baro_bmp280.csv@235094687;-31.136554;37.88;101699.56;4.7006072
235104523;1.013088;-0.005856;-0.008784;-98;14;-98;1
235115062;1.013088;0.001952;-0.011712;-49;21;-112;1
235132841;1.012112;0.010736;-0.007808;-63;98;-133;1
235143812;1.0150399;0.016592;-0.002928;-77;119;-119;1
235156114;1.0111359;0.018544;0.006832;-77;119;-105;1
235167723;1.013088;0.01464;0.011712;-105;105;-105;1
235180034;1.0111359;0.018544;0.015616;-112;77;-98;1
235191394;1.0111359;0.017568;0.022448;-133;63;-84;1
235208826;1.008208;0.012688;0.026352;-182;14;-63;1
235222735;1.013088;0.002928;0.007808;-154;-49;-49;1
235233503;1.014064;-0.000976;-0.003904;-168;-49;-63;1
235244637;1.013088;-0.001952;-0.016592;-140;-28;-84;1
235255267;1.013088;-0.@20000101_000005_192721_accel_adxl375.csv@235259995;1.813;0.147;0.147;1
235266899;1.0111359;0.000976;-0.026352;-77;77;-119;1
235277973;1.0111359;0.007808;-0.021472;-70;98;-126;1
235292999;1.013088;0.012688;-0.003904;-56;119;-126;1
235306377;1.0111359;0.013664;0.021472;-21;119;-119;1
235317405;1.0111359;0.015616;0.027328;-49;105;-119;1
235327905;1.008208;0.016592;0.030256;-77;91;-126;1
235343699;1.01016;0.016592;0.030256;-56;49;-112;1
235370398;1.012112;0.00976;0.008784;-168;-70;-98;1
235389839;1.012112;0.002928;-0.018544;-35;-63;-84;1
235410006;1.012112;0.003904;-0.022448;-105;21;-119;1
235421033;1.016016;0.008784;-0.01952;-112;77;-133;1
235433328;1.012112;0.010736;-0.012688;-42;126;-119;1
235444093;1.013088;0.015616;0.003904;0;126;-105;1
235455109;1.012112;0.0@20000101_000005_192721_airspeed_sdp810.csv@235459366;-452;0;4266
235466008;1.006256;0.01464;0.0244;-56;63;-91;1
235483086;1.0111359;0.011712;0.018544;-42;28;-77;1
235495181;1.012112;0.005856;0.013664;-84;28;-91;1
235518592;1.0111359;0.010736;0.006832;-63;-21;-98;1
235530977;1.012112;0.006832;-0.005856;-84;-42;-98;1
235545503;1.012112;0.00488;-0.012688;-91;-28;-105;1
235564620;1.0111359;0.003904;-0.013664;-63;70;-105;1
235579026;1.014064;0.012688;0.00488;-98;112;-140;1
235591541;1.012112;0.016592;0.006832;-63;98;-119;1
235604132;1.012112;0.015616;0.010736;-49;84;-105;1
235624495;1.0111359;0.01464;0.01464;-140;56;-98;1
235639345;1.01016;0.006832;0.016592;-119;49;-84;1
235663255;1.0111359;0.002928;0.01464;-147;-28;-105;1
235674427;1.016016;0.00488;0.005856;-112;-42;-112;1
235704691;1.0150399;0.005856;-0.013664;-98;21;-119;1
235717402;1.014064;0.005856;-0.012688;-70;49;-126;1
235734463;1.016992;0.007808;-0.002928;0;84;-133;1
235749901;1.014064;0.020496;0.00976;-21;84;-140;1
235763545;1.013088;0.023424;0.013664;-49;84;-112;1
235774319;1.013088;0.022448;0.020496;-63;77;-84;1
235792902;1.0111359;0.013664;0.022448;-105;28;-63;1
235814677;1.013088;0.00488;0.011712;-98;-35;-84;1
235833062;1.014064;0.007808;-0.005856;-84;-49;-98;1
235870672;1.0150399;0.005856;-0.013664;-28;49;-112;1
235881854;1.014064;0.008784;-0.00976;-28;70;-119;1
235898262;1.016016;0.018544;-0.000976;-63;98;-133;1
235923006;1.012112;0.021472;0.01952;-126;98;-84;1
235936620;1.01016;0.018544;0.025376;-84;77;-63;1
235947886;1.012112;0.012688;0.030256;-119;21;-49;1
235959810;1.01016;0.007808;0.023424;-182;-35;-56;1
235972423;1.009184;0.007808;0.016592;-140;-63;-70;1
235987117;1.0150399;-0@20000101_000005_192721_laser_agl.csv@235991558;0.02;1
236001955;1.01016;0.000976;-0.018544;-126;-35;-98;1
236022997;1.012112;0.003904;-0.0244;-49;35;-98;1
236034349;1.0111359;0.005856;-0.01952;-28;112;-119;1
236044934;1.0111359;0.008784;-0.010736;-70;147;-140;1
236069246;1.009184;0.016592;0.023424;-35;175;-105;1
236085112;1.009184;0.01464;0.041968;-168;70;-98;1
236096154;1.009184;0.011712;0.040016;-189;7;-84;1
236107676;1.0111359;0.010736;0.028304;-112;-35;-70;1
236117890;1.012112;0.003904;0.013664;-84;-84;-70;1
236134562;1.012112;0.003904;0.0;-112;-98;-91;1
236155128;1.013088;0.006832;-0.025376;-133;-28;-105;1
236168647;1.009184;0.003904;-0.0244;-42;77;-98;1
236181401;1.014064;0.00488;-0.01464;-63;112;-119;1
236200155;1.009184;0.011712;0.010736;-84;140;-140;1
236213933;1.012112;0.013664;0.018544;-63;133;-126;1
236224957;1.012112;0.01464;0.031232;-84;105;-112;1
236241801;1.013088;0.017568;0.036112;-112;35;-105;1
236252152;1.0111359;0.017568;0.031232;-133;-35;-98;1
236265410;1.0111359;0.017568;0.017568;-70;-84;-91;1
236277233;1.0111359;0.00976;0.003904;-56;-112;-77;1
236321117;1.014064;0.003904;-0.018544;0;77;-105;1
236334608;1.0150399;0.007808;-0.011712;14;98;-112;1
236346278;1.016992;0.010736;-0.002928;-28;105;-119;1
236368249;1.013088;0.016592;0.018544;7;133;-112;1
236395243;1.0111359;0.015616;0.036112;-49;7;-84;1
236412658;1.016016;0.007808;0.013664;-77;-105;-70;1
236435679;1.0150399;0.010736;-0.018544;-140;-84;-84;1
236446957;1.014064;0.00488;-0.025376;-105;-42;-84;1
236458839;1.013088;0.005856;-0.028304;-91;7;-84;1
236470544;1.013088;0.000976;-0.020496;-91;98;-112;1
236497161;1.013088;0.00976;0.002928;-63;147;-112;1
236508475;1.013088;0.013664;0.013664;-77;147;-119;1
236524454;1.0111359;0.016592;0.02928;-77;91;-105;1
236538731;1.013088;0.015616;0.03416;-91;42;-98;1
236550232;1.014064;0.01464;0.028304;-77;-7;-91;1
236561040;1.0150399;0.015616;0.020496;-119;-63;-91;1
236572453;1.0150399;0.008784;-0.003904;-98;-84;-77;1
236585911;1.013088;0.005856;-0.017568;-126;-56;-77;1
236597138;1.014064;0.003904;-0.025376;-112;-14;-84;1
236608060;1.016016;0.002928;-0.025376;-70;35;-91;1
236624342;1.014064;0.003904;-0.016592;-42;112;-112;1
236637508;1.014064;0.000976;-0.008784;-49;133;-119;1
236655203;1.009184;0.007808;0.01952;-42;161;-140;1
236668679;1.012112;0.013664;0.027328;-49;133;-140;1
236681482;1.0111359;0.017568;0.03416;-63;91;-140;1
236696383;1.01016;0.01952;0.027328;-98;-21;-119;1
236714616;1.014064;0.016592;0.005856;-147;-77;-98;1
236726026;1.012112;0.011712;-0.008784;-154;-70;-91;1
236772118;1.014064;0.003904;-0.017568;-112;70;-105;1
236786605;1.012112;0.005856;-0.00488;-49;126;-112;1
236802603;1.013088;0.00488;0.00488;-56;126;-126;1
236823015;1.0111359;0.013664;0.0244;-35;105;-126;1
236837269;1.012112;0.012688;0.030256;-63;21;-119;1
236850927;1.01016;0.018544;0.01952;-49;-21;-112;1
236861971;1.01016;0.020496;0.015616;-63;-42;-105;1
236873553;1.012112;0.012688;0.005856;-77;-63;-98;1
236886406;1.0150399;0.-@20000101_000005_192721_accel_adxl375.csv@236896836;1.7639999;0.147;0.147;1
236898535;1.014064;0.012688;-0.020496;-84;-14;-70;1
236910708;1.014064;0.00488;-0.020496;-84;28;-77;1
236921360;1.014064;0.006832;-0.018544;-77;63;-84;1
236935695;1.014064;0.007808;-0.006832;-56;91;-84;1
236955018;1.014064;0.003904;0.005856;-70;119;-91;1
236967693;1.009184;0.005856;0.023424;-63;91;-98;1
236979147;1.01016;0.007808;0.026352;-56;63;-105;1
237014525;1.0111359;0.016592;0.008784;-84;-35;-98;1
237025737;1.012112;0.015616;0.001952;-126;-42;-91;1
237060510;1.014064;0.007808;-0.015616;-112;35;-84;1
237073753;1.012112;0.006832;-0.011712;-98;70;-84;1
237084232;1.01016;0.003904;-0.006832;-98;84;-84;1
237095559;1.012112;0.002928;-0.000976;-91;112;-91;1
237106099;1.012112;0.003904;0.008784;-70;119;-98;1
237131266;1.0111359;0.008784;0.023424;-56;56;-112;1
237148301;1.014064;0.008784;0.023424;-70;21;-119;1
237159634;1.0150399;0.010736;0.016592;-70;0;-126;1
237171937;1.013088;0.013664;0.000976;-77;-28;-119;1
237185896;1.013088;0.015616;-0.003904;-84;-28;-112;1
237197130;1.009184;0.012688;-0.010736;-91;-14;-105;1
237234332;1.014064;0.0;_000005_192721_imu_bno055.csv@237240166;341.5;7556;-17344;0.9605727;0.028552056;-0.25594878
237264074;1.0111359;0.010736;0.01464;-70;98;-105;1
237279322;1.012112;0.007808;0.018544;-84;77;-105;1
237293478;1.008208;0.010736;0.01952;-77;28;-112;1
237306841;1.012112;0.011712;0.01464;-84;0;-112;1
237324515;1.014064;0.012688;0.002928;-112;-28;-105;1
237337366;1.01016;0.011712;-0.001952;-112;-21;-98;1
237354601;1.0111359;0.012688;-0.007808;-84;7;-91;1
237370907;1.0150399;0.010736;-0.008784;-91;28;-98;1
237385961;1.012112;0.006832;-0.005856;-84;77;-91;1
237401458;1.014064;0.006832;-0.000976;-77;91;-91;1
237416240;1.009184;0.012688;0.01464;-63;91;-98;1
237433008;1.012112;0.00976;0.015616;-63;77;-98;1
237445039;1.0111359;0.011712;0.018544;-56;35;-98;1
237456065;1.014064;0.012688;0.016592;-84;0;-98;1
237470278;1.01016;0.013664;0.007808;-77;-14;-91;1
237481014;1.012112;0.01464;0.003904;-56;-21;-91;1
237493822;1.012112;0.010736;-0.000976;-84;-21;-84;1
237506402;1.0111359;0.008784;-0.013664;-84;14;-77;1
237518787;1.013088;0.005856;-0.012688;-84;28;-77;1
237529670;1.014064;0.007808;-0.013664;-91;56;-84;1
237545900;1.016016;0.007808;0.0;-77;91;-91;1
237563926;1.0150399;0.011712;0.007808;-77;105;-91;1
237576393;1.012112;0.005856;0.01952;-98;70;-105;1
237601241;1.014064;0.00976;0.017568;-84;21;-105;1
237614691;1.012112;0.007808;0.016592;-98;0;-112;1
237661334;1.0111359;0.010736;-0.00976;-98;14;-105;1
237679011;1.013088;0.00976;-0.008784;-77;63;-105;1
237694217;1.012112;0.011712;-0.00488;-84;77;-105;1
237707964;1.012112;0.00976;0.007808;-77;91;-105;1
237733050;1.009184;0.010736;0.016592;-70;63;-112;1
237744139;1.0111359;0.010736;0.016592;-70;42;-112;1
237755126;1.013088;0.0x5;1.7149999;0.147;0.196;1
237767474;1.01016;0.008784;0.011712;-84;0;-119;1
237780612;1.0111359;0.011712;0.001952;-84;-14;-112;1
237795116;1.013088;0.012688;-0.002928;-77;-14;-112;1
237815183;1.0150399;0.01072105;1
237833045;1.009184;0.013664;-0.007808;-98;63;-98;1
237844574;1.01016;0.011712;-0.002928;-91;84;-91;1
237855034;1.008208;0.03267
237866582;1.012112;0.00976;0.008784;-84;98;-91;1
237878440;1.01016;0.011712;0.016592;-98;91;-91;1
237895406;1.013088;0.008784;0.017568;-105;42;-84;1
237906779;1.012112;0.00976;0.016592;-98;28;-91;1
237923030;1.013088;0.007808;0.006832;-91;-7;-98;1
237945983;1.013088;0.012688;-0.00488;-77;-14;-98;1
237963096;1.013088;0.013664;-0.010736;-77;14;-98;1
237976471;1.013088;0.00976;-0.008784;-63;42;-105;1
237986987;1.014064;0.04@20000101_000005_192721_imu_bno055.csv@237992536;341.5;7556;-17344;0.959553;0.031611204;-0.25186992
237999706;1.0111359;0.00976;-0.001952;-70;77;-91;1
238013632;1.008208;0.00976;0.006832;-63;84;-84;1
238033091;1.0111359;0.00976;0.012688;-84;63;-91;1
238044569;1.008208;0.008784;0.017568;-84;49;-91;1
238055121;1.01016;0.00@20000101_000005_192721_accel_adxl375.csv@238057977;1.7639999;0.147;0.196;1
238066403;1.014064;0.008784;0.010736;-77;7;-91;1
238104719;1.013088;0.008784;-0.007808;-70;7;-112;1
238124244;1.014064;0.011712;-0.008784;-84;42;-119;1
238138277;1.0111359;0.010736;-0.006832;-77;56;-112;1
238150935;1.012112;0.00976;-0.001952;-77;77;-112;1
238165114;1.013088;0.015616;0.007808;-77;77;-112;1
238176048;1.0111359;0.01464;0.011712;-84;70;-105;1
238189004;1.0111359;0.0101_000005_192721_accel_adxl375.csv@238190128;1.7639999;0.098;0.196;1
238199911;1.01016;0.010736;0.01464;-98;49;-105;1
238216005;1.0111359;0.00976;0.010736;-105;14;-98;1
238238597;1.0111359;0.006832;0.001952;-91;0;-98;1
238250915;1.0111359;0.005856;-0.003904;-91;0;-105;1
238265283;1.014064;0.00976;-0.006832;-77;35;-112;1
238275959;1.012112;0.00976;-0.006832;-77;49;-119;1
238289096;1.012112;0.067;1
238313001;1.012112;0.011712;0.003904;-63;77;-105;1
238326526;1.013088;0.011712;0.011712;-98;63;-98;1
238341695;1.012112;0.01464;0.010736;-98;49;-91;1
238353199;1.01016;0.01464;0.012688;-98;35;-84;1
238368092;1.009184;0.00976;0.007808;-105;7;-77;1
238379054;1.012112;0.008784;0.005856;-112;7;-77;1
238392892;1.012112;0.008784;0.001952;-105;0;-84;1
238412975;1.012112;0.005856;-0.005856;-84;21;-91;1
238429363;1.0179679;0.005856;-0.005856;-77;42;-98;1
238443325;1.012112;0.010736;-0.00488;-70;63;-105;1
238466435;1.013088;0.011712;0.00488;-70;70;-98;1
238478348;1.008208;0.010736;0.010736;-70;63;-91;1
238489531;1.0111359;0.2@20000101_000005_192721_imu_bno055.csv@238492874;341.5;7556;-17344;0.961592464;0.029571772;-0.23657418
238501151;1.0111359;0.011712;0.012688;-84;35;-84;1
238534706;1.0111359;0.008784;0.00488;-105;0;-91;1
238569212;1.012112;0.00488;-0.002928;-77;14;-105;1
238580038;1.0150399;0.007808;-0.005856;-63;42;-112;1
238593471;1.013088;0.010736;-0.002928;-56;56;-119;1
238604848;1.008208;0.012688;-0.000976;-56;63;-119;1
238616417;1.013088;0.011712;0.00488;-77;63;-119;1
238633446;1.012112;0.011712;0.010736;-84;56;-98;1
238646626;1.013088;0.013664;0.010736;-84;49;-98;1
238657535;1.01016;0.012688;0.00976;-98;35;-98;1
238668284;1.009184;0.007808;0.008784;-112;21;-91;1
238678975;1.013088;0.007808;0.00488;-112;7;-98;1
238694661;1.012112;0.010736;-0.000976;-112;7;-98;1
238707578;1.012112;0.006832;-0.002928;-112;7;-105;1
238718113;1.013088;0.005856;-0.005856;-84;21;-112;1
238738460;1.012112;0.008784;-0.003904;-70;49;-112;1
238749667;1.0111359;0.010736;-0.000976;-70;63;-119;1
238761065;1.009184;0.010736;0.0;-70;70;-112;1
238772381;1.013088;0.018544;0.005856;-63;70;-112;1
238783201;1.014064;0.015616;0.007808;-77;63;-105;1
238798140;1.0111359;0.01464;0.012688;-91;56;-98;1
238814924;1.012112;0.015616;0.012688;-98;28;-84;1
238834785;1.007232;0.010736;0.002928;-112;14;-77;1
238847064;1.013088;0.010736;0.000976;-112;7;-84;1
238860860;1.012112;0.007808;-0.002928;-98;14;-84;1
238873212;1.013088;0.00976;-0.005856;-84;21;-91;1
238883909;1.009184;0.0s56;-17344;0.961592464;0.02447319;-0.248810768
238899038;1.013088;0.00976;0.0;-77;63;-105;1
238914810;1.013088;0.00976;0.003904;-77;70;-112;1
238927098;1.012112;0.012688;0.006832;-77;70;-105;1
238942981;1.013088;0.016592;0.00976;-91;63;-98;1
238974322;1.014064;0.01464;0.00976;-105;28;-84;1
239011689;1.014064;0.005856;-0.002928;-112;14;-91;1
239023641;1.012112;0.0;-0.003904;-91;28;-98;1
239042566;1.016016;0.005856;-0.001952;-77;42;-112;1
239066819;1.014064;0.006832;0.002928;-56;63;-119;1
239080038;1.008208;0.00976;0.006832;-63;63;-119;1
239097105;1.012112;0.015616;0.006832;-77;42;-112;1
239107905;1.0150399;0.013664;0.010736;-77;35;-98;1
239119042;1.014064;0.017568;0.008784;-91;21;-98;1
239132148;1.0150399;0.011712;0.006832;-98;14;-91;1
239144309;1.012112;0.010736;0.00488;-98;7;-98;1
239155292;1.014064;0.0;0.147;0.147;1
239166888;1.014064;0.005856;0.001952;-91;7;-98;1
239183084;1.014064;0.00488;-0.001952;-77;28;-112;1
239197071;1.013088;0.006832;0.000976;-70;35;-119;1
239209511;1.01016;0.00976;0.000976;-63;49;-119;1
239220332;1.012112;0.01464;0.00488;-70;49;-119;1
239232125;1.013088;0.013664;0.005856;-49;49;-112;1
239246232;1.013088;0.018544;0.007808;-56;49;-105;1
239256950;1.013088;0.020496;0.006832;-84;42;-91;1
239268172;1.014064;0.021472;0.00488;-98;42;-84;1
239279095;1.012112;0.017568;0.003904;-105;42;-77;1
239297677;1.0179679;0.00976;0.005856;-126;28;-70;1
239308124;1.0150399;0.00488;0.005856;-119;28;-70;1
239329013;1.013088;0.002928;0.00488;-105;28;-84;1
239344697;1.0150399;0.003904;-0.000976;-77;35;-105;1
239355125;1.0150399;0.d3;1.7149999;0.196;0.196;1
239366367;1.0111359;0.00976;0.003904;-42;42;-126;1
239404096;1.0111359;0.022448;0.005856;-77;42;-105;1
239420829;1.012112;0.01952;0.003904;-84;42;-91;1
239442242;1.013088;0.012688;0.001952;-147;42;-49;1
239453111;1.014064;0.008784;0.002928;-154;49;-42;1
239465591;1.0111359;0.003904;0.0;-140;49;-49;1
239485160;1.0150399;-0.003904;0.00488;-119;56;-77;1
239498926;1.014064;-0.006832;0.007808;-98;56;-98;1
239510297;1.0111359;-0.003904;0.007808;-77;42;-119;1
239523003;1.009184;0.0@20000101_000005_192721_accel_adxl375.csv@239533799;1.813;0.147;0.196;1
239541426;1.012112;0.013664;0.00488;-35;21;-161;1
239552202;1.013088;0.016592;0.003904;-28;14;-161;1
239565780;1.016016;0.0244;-0.000976;-42;14;-133;1
239575992;1.014064;0.027328;-0.001952;-63;21;-112;1
239588100;1.0150399;0.@20000101_000005_192721_accel_adxl375.csv@239591958;1.813;0.098;0.196;1
239598974;1.014064;0.020496;-0.003904;-105;35;-70;1
239613894;1.016016;0.013664;-0.003904;-126;49;-63;1
239633042;1.013088;0.003904;0.000976;-133;70;-56;1
239646495;1.012112;-0.00488;0.008784;-98;77;-77;1
239657259;1.012112;-0.006832;0.012688;-77;63;-98;1
239668652;1.014064;-0.002928;0.012688;-63;42;-126;1
239680442;1.014064;0.000976;0.013664;-42;21;-140;1
239694779;1.012112;0.003904;0.010736;-35;14;-154;1
239708523;1.012112;0.016592;0.00488;-14;-7;-161;1
239744814;1.014064;0.031232;-0.006832;-56;14;-112;1
239756770;1.0150399;0.023424;-0.005856;-119;49;-70;1
239767948;1.014064;0.022448;-0.002928;-140;63;-49;1
239779496;1.013088;0.012688;-0.003904;-161;77;-42;1
239789963;1.0111359;0.005856;0.002928;-161;91;-35;1
239825425;1.0111359;-0.002928;0.016592;-119;70;-77;1
239841907;1.012112;-0.003904;0.015616;-77;28;-119;1
239852936;1.01016;0.000976;0.010736;-63;14;-133;1
239865015;1.009184;0.007808;0.007808;-42;-7;-140;1
239876255;1.0150399;0.012688;0.0;-35;-7;-147;1
239893486;1.0111359;0.021472;-0.001952;-42;0;-133;1
239912996;1.012112;0.023424;-0.006832;-91;35;-98;1
239924022;1.0111359;0.021472;-0.001952;-98;56;-77;1
239959470;1.0111359;0.002928;0.010736;-140;77;-49;1
239970044;1.01016;-0.001952;0.00976;-112;63;-63;1
239984306;1.01016;-0.001952;0.01464;-91;49;-84;1
240003063;1.0111359;0.0;0.012688;-84;14;-119;1
240014150;1.014064;0.002928;0.010736;-63;0;-126;1
240032992;1.016016;0.010736;0.001952;-28;-14;-154;1
240046463;1.013088;0.016592;-0.00488;-21;0;-147;1
240056988;1.012112;0.0@20000101_000005_192721_accel_adxl375.csv@240060328;1.813;0.147;0.147;1
240070171;1.0111359;0.020496;-0.006832;-35;28;-119;1
240081171;1.014064;0.020496;-0.000976;-98;56;-91;1
240096014;1.01016;0.01952;0.003904;-119;63;-77;1
240106887;1.014064;0.015616;0.003904;-119;63;-70;1
240118147;1.013088;0.007808;0.008784;-112;63;-63;1
240134448;1.01016;0.001952;0.012688;-105;42;-70;1
240147831;1.009184;0.000976;0.013664;-105;28;-91;1
240158843;1.0150399;0.0;0.00976;-91;14;-105;1
240171185;1.014064;0.001952;0.003904;-63;0;-119;1
240184151;1.0111359;0.010736;-0.002928;-35;0;-133;1
240199761;1.013088;0.012688;-0.005856;-35;7;-133;1
240212097;1.016016;0.016592;-0.005856;-35;21;-133;1
240223132;1.014064;0.0.2;1
240264047;1.013088;0.013664;0.003904;-133;70;-56;1
240277488;1.0111359;0.006832;0.00976;-140;56;-49;1
240297486;1.0111359;0.0;0.008784;-126;42;-70;1
240308080;1.014064;-0.000976;0.007808;-126;28;-77;1
240319721;1.013088;0.000976;0.00488;-112;14;-98;1
240343394;1.014064;0.002928;0.0;-77;14;-112;1
240353948;1.008208;0.005856;-0.002928;-70;21;-126;1
240366400;1.0111359;0.01464;-0.00488;-49;42;-126;1
240379492;1.013088;0.018544;-0.001952;-63;56;-119;1
240411552;1.012112;0.021472;0.00488;-119;70;-84;1
240435247;1.0111359;0.011712;0.011712;-126;63;-63;1
240446092;1.012112;0.001952;0.00976;-133;35;-70;1
240457059;1.014064;-0.000976;0.00976;-126;28;-77;1
240470288;1.0150399;-0.000976;0.007808;-98;21;-91;1
240482182;1.012112;-0.003904;0.003904;-84;14;-105;1
240496411;1.012112;-0.000976;0.002928;-70;7;-126;1
240509976;1.013088;0.007808;-0.001952;-49;28;-140;1
240533081;1.0111359;0.016592;-0.003904;-35;42;-140;1
240545334;1.014064;0.017568;-0.000976;-49;56;-140;1
240556238;1.0150399;0.@20000101_000005_192721_accel_adxl375.csv@240558768;1.7639999;0.147;0.147;1
240567923;1.013088;0.021472;0.008784;-91;56;-84;1
240579683;1.013088;0.01952;0.00976;-112;49;-77;1
240597530;1.0150399;0.012688;0.008784;-126;42;-70;1
240610068;1.013088;0.003904;0.007808;-112;21;-77;1
240633505;1.012112;0.003904;0.001952;-98;14;-91;1
240644815;1.013088;0.002928;0.001952;-84;14;-105;1
240656210;1.0111359;0.21;-119;1
240667852;1.014064;0.006832;0.0;-49;28;-119;1
240702075;1.012112;0.018544;0.002928;-56;63;-112;1
240718476;1.012112;0.01952;0.002928;-70;56;-98;1
240733453;1.013088;0.018544;0.00488;-119;49;-70;1
240753050;1.0111359;0.010736;0.005856;-126;35;-56;1
240766558;1.014064;0.008784;0.006832;-126;28;-56;1
240776971;1.0150399;0.001952;0.002928;-126;28;-63;1
240791087;1.012112;0.001952;-0.000976;-98;21;-84;1
240803797;1.013088;0.0;0.000976;-84;35;-98;1
240817500;1.013088;0.002928;-0.001952;-77;35;-112;1
240846335;1.01016;0.013664;0.001952;-56;49;-126;1
240857038;1.014064;0.0@20000101_000005_192721_imu_bno055.csv@240861752;341.4375;7562;-17357;0.96261216;0.031611204;-0.24371218
240868489;1.012112;0.017568;0.00488;-84;56;-112;1
240879370;1.0111359;0.01952;0.007808;-98;56;-105;1
240893618;1.012112;0.013664;0.008784;-126;42;-77;1
240907899;1.012112;0.010736;0.007808;-140;35;-63;1
240919783;1.014064;0.005856;0.005856;-133;28;-63;1
240934533;1.009184;0.001952;0.00488;-119;28;-70;1
240947244;1.0150399;0.000976;-0.001952;-112;28;-84;1
240970326;1.012112;0.001952;0.0;-77;35;-112;1
240981672;1.0111359;0.003904;0.001952;-63;42;-119;1
240996260;1.013088;0.008784;0.002928;-49;49;-140;1
241008965;1.013088;0.01464;0.003904;-42;49;-140;1
241023195;1.013088;0.015605;49;-133;1
241043287;1.01016;0.021472;0.008784;-77;35;-112;1
241063049;1.01016;0.01952;0.005856;-98;21;-77;1
241074191;1.012112;0.011712;0.003904;-112;21;-70;1
241093052;1.014064;0.006832;0.000976;-119;21;-70;1
241108544;1.013088;0.002928;-0.001952;-105;35;-91;1
241121938;1.0111359;0.000976;-0.000976;-84;35;-98;1
241159972;1.012112;0.011712;0.0;-42;49;-126;1
241173784;1.014064;0.017568;0.003904;-49;49;-126;1
241186798;1.012112;0.0@20000101_000005_192721_accel_adxl375.csv@241190568;1.7639999;0.147;0.147;1
241203616;1.012112;0.016592;0.008784;-98;35;-84;1
241214825;1.016992;0.018544;0.00976;-98;28;-77;1
241228078;1.013088;0.010736;0.002928;-140;28;-63;1
241238997;1.0111359;0.008784;0.000976;-140;28;-63;1
241250616;1.0111359;0.00488;-0.002928;-133;35;-63;1
241261001;1.012112;0.001952;0.0;-119;35;-70;1
241274610;1.0150399;0.00488;0.0;-98;42;-84;1
241285175;1.016016;0.001952;0.0;-91;49;-98;1
241296702;1.012112;0.0;0.000976;-84;56;-105;1
241309893;1.01016;0.008784;0.005856;-56;56;-126;1
241343701;1.013088;0.016592;0.007808;-63;42;-112;1
241366088;1.01016;0.015616;0.005856;-91;35;-91;1
241379553;1.012112;0.01464;0.002928;-126;28;-70;1
241389969;1.01016;0.00976;-0.001952;-112;35;-70;1
241401337;1.012112;0.007808;0.001952;-112;35;-70;1
241412963;1.012112;0.003904;-0.000976;-126;42;-84;1
241425264;1.013088;0.001952;0.001952;-112;49;-84;1
241437267;1.012112;0.0;0.0;-84;56;-98;1
241448212;1.014064;0.0;0.002928;-77;49;-112;1
241458976;1.012112;0.000976;0.005856;-70;56;-126;1
241472168;1.0111359;0.008784;0.010736;-49;42;-140;1
241483203;1.012112;0.012688;0.00976;-49;35;-140;1
241496221;1.008208;0.015616;0.007808;-56;28;-140;1
241507161;1.013088;0.020496;0.008784;-77;21;-126;1
241554279;1.0111359;0.00976;-0.001952;-105;28;-70;1
241570510;1.014064;0.007808;0.000976;-112;35;-77;1
241582280;1.0111359;0.0@20000101_000005_192721_accel_adxl375.csv@241583751;1.7149999;0.147;0.196;1
241598890;1.0111359;0.002928;0.000976;-84;49;-91;1
241613809;1.014064;0.00488;0.006832;-70;56;-112;1
241624057;1.014064;0.006832;0.00976;-56;49;-119;1
241637116;1.0150399;0.010736;0.010736;-56;35;-126;1
241648213;1.013088;0.013664;0.006832;-56;28;-119;1
241661880;1.0111359;0.015616;0.005856;-49;21;-112;1
241674028;1.0111359;0.018544;0.005856;-84;14;-98;1
241702145;1.01016;0.01952;-0.000976;-112;21;-77;1
241717244;1.012112;0.00976;0.0;-112;35;-63;1
241727958;1.0111359;0.008784;0.0;-126;42;-63;1
241743009;1.012112;0.003904;-0.000976;-112;49;-63;1
241753954;1.016016;0.0@20000101_000005_192721_accel_adxl375.csv@241759092;1.813;0.098;0.196;1
241769002;1.0150399;0.00488;0.005856;-77;56;-91;1
241779943;1.0111359;0.006832;0.006832;-63;49;-105;1
241797396;1.0111359;0.008784;0.010736;-70;35;-119;1
241813432;1.016016;0.012688;0.006832;-56;35;-112;1
241833091;1.012112;0.015616;0.000976;-70;21;-105;1
241845141;1.009184;0.015616;0.003904;-77;21;-98;1
241859561;1.01016;0.012688;-0.000976;-105;28;-84;1
241872840;1.013088;0.00976;0.0;-105;35;-84;1
241883952;1.013088;0.010-112;35;-77;1
241899824;1.0111359;0.00488;0.002928;-91;56;-98;1
241925689;1.014064;0.005856;0.007808;-91;56;-105;1
241943040;1.013088;0.00488;0.006832;-70;42;-119;1
241984858;1.01016;0.015616;0.003904;-70;28;-126;1
242004310;1.0111359;0.01464;0.001952;-91;21;-105;1
242017860;1.013088;0.016592;0.000976;-98;28;-98;1
242033017;1.013088;0.010736;0.000976;-91;42;-91;1
242044659;1.0150399;0.01464;0.002928;-105;42;-84;1
242055154;1.0111359;0.@20000101_000005_192721_accel_adxl375.csv@242058130;1.7149999;0.196;0.196;1
242069206;1.012112;0.007808;0.003904;-91;49;-91;1
242080269;1.0111359;0.006832;0.002928;-77;49;-98;1
242097272;1.0111359;0.008784;0.005856;-77;42;-105;1
242107972;1.012112;0.00976;0.006832;-77;42;-105;1
242119585;1.0150399;0.012688;0.005856;-70;28;-105;1
242130709;1.012112;0.013664;0.002928;-77;28;-105;1
242143802;1.01016;0.013664;0.003904;-84;28;-105;1
242153931;1.012112;0.015616;0.001952;-91;28;-91;1
242167645;1.0150399;0.015616;0.001952;-91;35;-84;1
242178004;1.0111359;0.01464;0.0;-105;42;-77;1
242204053;1.0111359;0.00976;0.003904;-112;56;-77;1
242216698;1.01016;0.006832;0.003904;-112;56;-77;1
242226905;1.012112;0.006832;0.003904;-105;49;-84;1
242239839;1.016992;0.005856;0.005856;-105;49;-91;1
242251042;1.013088;0.008784;0.006832;-91;42;-91;1
242267493;1.007232;0.006832;0.006832;-84;35;-105;1
242278069;1.01016;0.006832;0.006832;-84;35;-112;1
242290481;1.01016;0.00976;0.003904;-77;28;-105;1
242301163;1.0111359;0.010736;0.002928;-77;21;-105;1
242314675;1.0111359;0.011712;0.0;-77;28;-105;1
242333000;1.0111359;0.01464;0.001952;-77;42;-98;1
242345832;1.013088;0.010736;0.000976;-84;42;-91;1
242358658;1.0111359;0.010736;0.005856;-91;42;-98;1
242395640;1.009184;0.005856;0.006832;-84;42;-105;1
242411795;1.013088;0.007808;0.008784;-77;42;-105;1
242435724;1.016992;0.00976;0.003904;-70;28;-119;1
242448595;1.014064;0.008784;0.00488;-77;28;-119;1
242464304;1.0111359;0.012688;0.002928;-70;28;-112;1
242476691;1.0111359;0.010736;0.0;-77;21;-112;1
242487086;1.012112;0.0e2.813;0.098;0.147;1
242498400;1.013088;0.01464;0.001952;-84;35;-105;1
242509991;1.014064;0.013664;0.000976;-84;35;-98;1
242521476;1.014064;0.02@20000101_000005_192721_accel_adxl375.csv@242523910;1.7149999;0.147;0.196;1
242533650;1.013088;0.012688;0.001952;-91;42;-98;1
242544193;1.013088;0.010736;0.006832;-84;42;-98;1
242556778;1.0150399;0.006832;0.005856;-84;35;-91;1
242568160;1.013088;0.007808;0.005856;-77;21;-98;1
242581569;1.013088;0.008784;0.002928;-77;28;-98;1
242592761;1.008208;0.008784;0.00488;-70;28;-105;1
242605115;1.013088;0.006832;0.001952;-56;21;-105;1
242616089;1.012112;0.010736;0.002928;-63;21;-112;1
242627268;1.013088;0.015616;0.000976;-56;35;-98;1
242638083;1.008208;0.016592;-0.000976;-70;35;-105;1
242655801;1.01016;0.013664;0.0;-91;42;-98;1
242667239;1.014064;0.013664;0.003904;-91;42;-84;1
242678415;1.013088;0.013664;0.002928;-112;42;-84;1
242689211;1.012112;0.00ccel_adxl375.csv@242691216;1.7149999;0.147;0.147;1
242703561;1.0150399;0.00976;0.006832;-105;42;-77;1
242715521;1.012112;0.005856;0.002928;-119;42;-84;1
242743908;1.008208;0.00488;0.001952;-98;35;-91;1
242756494;1.01016;0.005856;0.002928;-98;35;-91;1
242767201;1.014064;0.007808;0.003904;-91;35;-98;1
242778540;1.0111359;0.008784;0.00488;-91;35;-105;1
242807792;1.014064;0.010736;0.001952;-84;35;-112;1
242826288;1.01016;0.011712;0.003904;-84;42;-105;1
242840434;1.012112;0.008784;0.006832;-91;42;-98;1
242851018;1.012112;0.012688;0.003904;-91;42;-91;1
242864772;1.012112;0.011712;0.00488;-91;42;-98;1
242876322;1.014064;0.010736;0.001952;-91;42;-98;1
242888476;1.013088;0.08@20000101_000005_192721_accel_adxl375.csv@242891715;1.7149999;0.147;0.196;1
242898971;1.013088;0.00488;0.003904;-77;35;-98;1
242913971;1.0111359;0.006832;0.005856;-77;35;-105;1
242926911;1.013088;0.008784;0.001952;-77;35;-112;1
242938891;1.013088;0.00976;0.003904;-70;42;-112;1
242950115;1.013088;0.011712;0.002928;-70;42;-112;1
242962934;1.012112;0.01464;0.002928;-84;49;-112;1
242974158;1.009184;0.013664;0.005856;-91;49;-98;1
242985873;1.013088;0.0@1_accel_adxl375.csv@242987079;1.7639999;0.147;0.147;1
242997316;1.0111359;0.010736;0.006832;-105;49;-91;1
243008043;1.014064;0.012688;0.003904;-112;42;-91;1
243023017;1.013088;0.010736;0.006832;-105;35;-84;1
243037110;1.0111359;0.010736;0.00488;-112;28;-91;1
243049341;1.012112;0.00976;0.005856;-105;28;-91;1
243062274;1.013088;0.008784;0.001952;-98;35;-91;1
243073201;1.0111359;0.007808;0.000976;-84;28;-105;1
243087108;1.013088;0.0@20000101_000005_192721_accel_adxl375.csv@243092963;1.7149999;0.147;0.196;1
243098060;1.013088;0.008784;0.002928;-70;28;-105;1
243114479;1.014064;0.00976;0.001952;-63;35;-105;1
243140749;1.008208;0.011712;0.000976;-77;42;-98;1
243151188;1.012112;0.012688;0.002928;-70;42;-91;1
243166905;1.009184;0.01464;0.003904;-77;42;-84;1
243179452;1.013088;0.008784;0.001952;-98;35;-77;1
243192983;1.0111359;0.010736;0.003904;-91;35;-84;1
243224345;1.01016;0.007808;0.003904;-91;35;-91;1
243237634;1.014064;0.008784;0.00488;-84;35;-98;1
243253646;1.009184;0.0;84;35;-105;1
243264132;1.014064;0.008784;0.001952;-77;35;-105;1
243274910;1.012112;0.00976;0.003904;-77;42;-112;1
243286333;1.013088;0.00976;0.001952;-91;42;-112;1
243299026;1.013088;0.012688;0.005856;-91;42;-112;1
243310149;1.012112;0.01464;0.005856;-91;42;-105;1
243321204;1.0111359;0.012688;0.003904;-98;42;-98;1
243336343;1.012112;0.011712;0.003904;-105;42;-98;1
243351767;1.013088;0.00976;0.003904;-98;35;-91;1
243365067;1.0111359;0.011712;0.003904;-105;42;-98;1
243377291;1.013088;0.008784;0.003904;-91;42;-98;1
243394221;1.012112;0.007808;0.0;-91;35;-105;1
243406398;1.014064;0.007808;0.002928;-77;35;-112;1
243417152;1.0111359;0.011712;0.001952;-70;42;-112;1
243432978;1.014064;0.010736;0.001952;-63;42;-112;1
243452108;1.012112;0.013664;0.002928;-77;35;-112;1
243463995;1.014064;0.016592;0.005856;-77;42;-105;1
243474901;1.014064;0.015616;0.00488;-77;35;-105;1
243487136;1.012112;0.0;@20000101_000005_192721_accel_adxl375.csv@243490346;1.813;0.098;0.196;1
243501257;1.012112;0.011712;0.002928;-98;35;-84;1
243512941;1.012112;0.010736;0.00488;-105;35;-84;1
243533019;1.013088;0.007808;0.002928;-98;35;-91;1
243546276;1.0111359;0.00976;0.002928;-98;42;-91;1
243557122;1.012112;0.008784;0.00488;-91;42;-91;1
243569179;1.0111359;0.00976;0.002928;-84;42;-91;1
243580210;1.014064;0.00976;0.003904;-84;42;-105;1
243592468;1.016016;0.012688;0.002928;-77;35;-105;1
243603280;1.014064;0.010736;0.005856;-70;35;-105;1
243616041;1.01016;0.010736;0.003904;-70;35;-98;1
243659344;1.012112;0.00976;0.002928;-77;35;-84;1
243674216;1.0179679;0.007808;0.002928;-91;35;-84;1
243688924;1.012112;0.0@20000101_000005_192721_accel_adxl375.csv@243693092;1.7149999;0.147;0.147;1
243701427;1.012112;0.006832;0.003904;-84;28;-91;1
243712001;1.013088;0.008784;0.001952;-77;35;-105;1
243725070;1.0111359;0.008784;0.00488;-70;35;-112;1
243737625;1.0111359;0.007808;0.000976;-77;35;-112;1
243749229;1.009184;0.008784;0.003904;-70;35;-112;1
243760530;1.0111359;0.00976;0.00488;-70;35;-119;1
243785757;1.016016;0.013664;0.00488;-77;35;-105;1
243798270;1.012112;0.012688;0.005856;-98;35;-105;1
243814596;1.01016;0.012688;0.001952;-98;42;-98;1
243827175;1.0111359;0.010736;0.003904;-105;35;-98;1
243862215;1.012112;0.00976;0.002928;-105;42;-105;1
243877061;1.012112;0.008784;0.002928;-77;35;-105;1
243888442;1.012112;0.0@20000101_000005_192721_accel_adxl375.csv@243891879;1.7639999;0.147;0.196;1
243903060;1.01016;0.007808;0.00488;-77;35;-112;1
243923013;1.013088;0.00976;0.00488;-77;35;-105;1
243935609;1.013088;0.01464;0.001952;-77;42;-105;1
243946236;1.0150399;0.012688;-0.000976;-77;35;-105;1
243969744;1.009184;0.010736;0.003904;-84;42;-98;1
243984195;1.0111359;0.012688;0.001952;-84;42;-98;1
244007125;1.01016;0.010736;0.00488;-98;42;-91;1
244023005;1.008208;0.007808;0.003904;-91;42;-91;1
244036466;1.012112;0.011712;0.006832;-91;42;-91;1
244049198;1.013088;0.008784;0.002928;-84;42;-91;1
244092972;1.0150399;0.013664;0.005856;-91;35;-98;1
244106934;1.0111359;0.010736;0.001952;-84;35;-98;1
244123096;1.013088;0.011712;0.003904;-91;35;-91;1
244134198;1.0150399;0.011712;0.002928;-84;35;-91;1
244146266;1.0111359;0.008784;0.002928;-84;42;-91;1
244160036;1.012112;0.010736;0.002928;-91;42;-91;1
244171124;1.013088;0.010736;0.003904;-84;42;-91;1
244184391;1.013088;0.010736;0.005856;-84;35;-91;1
244195399;1.0111359;0.007808;0.003904;-84;35;-98;1
244207917;1.014064;0.010736;0.001952;-77;35;-98;1
244219224;1.013088;0.005856;0.005856;-84;35;-105;1
244233055;1.01016;0.008784;0.006832;-77;28;-105;1
244244112;1.0150399;0.006832;0.002928;-77;35;-105;1
244268083;1.014064;0.00976;0.005856;-70;28;-105;1
244280968;1.012112;0.01464;0.003904;-77;35;-105;1
244303174;1.013088;0.007808;0.002928;-77;35;-105;1
244318967;1.013088;0.010736;0.003904;-84;35;-105;1
244346172;1.014064;0.007808;0.001952;-91;35;-105;1
244370183;1.0111359;0.011712;0.002928;-84;42;-105;1
244381018;1.0111359;0.011712;0.00488;-91;35;-105;1
244393641;1.013088;0.012688;0.00488;-84;35;-105;1
244411604;1.0150399;0.008784;0.000976;-84;35;-105;1
244422658;1.0150399;0.013664;0.001952;-84;35;-98;1
244441799;1.012112;0.013664;0.000976;-84;42;-105;1
244455948;1.013088;0.011712;0.00488;-91;42;-91;1
244468588;1.012112;0.010736;0.000976;-98;42;-91;1
244479011;1.01016;0.01464;0.005856;-98;42;-91;1
244519450;1.012112;0.008784;0.001952;-98;42;-84;1
244531215;1.01016;0.008784;0.005856;-98;42;-91;1
244544851;1.013088;0.007808;0.00488;-98;35;-98;1
244568232;1.014064;0.007808;0.001952;-91;35;-91;1
244578903;1.013088;0.007808;0.001952;-84;42;-105;1
244591508;1.0111359;0.011712;0.002928;-84;35;-98;1
244607507;1.01016;0.011712;0.002928;-91;42;-91;1
244618643;1.0111359;0.013664;0.001952;-98;42;-91;1
244631283;1.01016;0.012688;0.005856;-91;42;-91;1
244641984;1.012112;0.010736;0.001952;-91;42;-84;1
244653171;1.013088;0.00976;0.00488;-91;42;-91;1
244667160;1.009184;0.006832;0.001952;-98;35;-91;1
244678642;1.013088;0.006832;0.005856;-91;35;-91;1
244704476;1.0111359;0.00976;0.002928;-91;35;-105;1
244717419;1.013088;0.007808;0.003904;-70;28;-105;1
244730637;1.01016;0.007808;0.003904;-70;28;-112;1
244745087;1.016016;0.011712;0.002928;-70;28;-112;1
244756555;1.013088;0.0@20000101_000005_192721_imu_bno055.csv@244760871;341.4375;7562;-17357;0.96261216;0.028552056;-0.24167276
244770165;1.0150399;0.013664;0.002928;-63;35;-112;1
244781107;1.0111359;0.013664;0.003904;-77;35;-112;1
244792277;1.013088;0.012688;0.003904;-84;35;-105;1
244814446;1.012112;0.008784;0.00488;-84;42;-98;1
244834692;1.013088;0.008784;0.003904;-77;35;-105;1
244847339;1.013088;0.008784;0.005856;-77;35;-105;1
244860313;1.012112;0.010736;0.002928;-77;35;-105;1
244872366;1.013088;0.00976;0.00488;-77;35;-105;1
244883234;1.0111359;0.007808;0.000976;-84;28;-112;1
244897543;1.0111359;0.012688;0.001952;-84;35;-112;1
244914396;1.016016;0.013664;0.002928;-77;42;-105;1
244949464;1.0150399;0.00976;0.006832;-91;42;-98;1
244965766;1.014064;0.012688;0.00488;-98;42;-91;1
244977487;1.014064;0.011712;0.00488;-98;42;-84;1
245001150;1.013088;0.00976;0.003904;-91;42;-91;1
245015605;1.013088;0.008784;0.00488;-91;42;-98;1
245053116;1.014064;0.011712;0.002928;-84;35;-91;1
245069079;1.012112;0.010736;0.003904;-91;42;-98;1
245081672;1.0111359;0.011712;0.000976;-91;42;-98;1
245115084;1.014064;0.008784;0.00488;-98;42;-91;1
245134828;1.0111359;0.007808;0.00488;-91;42;-91;1
245146742;1.01016;0.011712;0.007808;-91;42;-91;1
245157191;1.0111359;0.007808;0.00488;-91;35;-98;1
245170891;1.012112;0.00976;0.001952;-84;35;-98;1
245182195;1.0111359;0.006832;0.002928;-84;28;-105;1
245195747;1.013088;0.005856;0.002928;-77;35;-105;1
245206062;1.012112;0.00976;0.003904;-84;35;-105;1
245218434;1.013088;0.012688;0.001952;-77;35;-105;1
245229085;1.013088;0.007808;0.003904;-77;42;-105;1
245246966;1.014064;0.012688;0.00488;-84;35;-105;1
245257996;1.014064;0.011712;0.002928;-84;42;-105;1
245270277;1.012112;0.011712;0.003904;-84;42;-105;1
245280990;1.0150399;0.01464;0.005856;-91;42;-98;1
245295948;1.0111359;0.011712;0.005856;-91;35;-98;1
245312999;1.013088;0.008784;0.003904;-91;28;-105;1
245323997;1.014064;0.007808;0.003904;-84;35;-105;1
245336146;1.012112;0.010736;0.002928;-77;28;-105;1
245347261;1.0111359;0.008784;0.001952;-77;35;-105;1
245385887;1.0111359;0.013664;0.001952;-77;42;-105;1
245405714;1.013088;0.012688;0.003904;-70;35;-98;1
245419622;1.013088;0.01464;0.00488;-91;42;-98;1
245429996;1.013088;0.011712;0.006832;-91;42;-91;1
245443375;1.01016;0.011712;0.005856;-84;42;-98;1
245454097;1.0111359;0.00976;0.003904;-84;35;-91;1
245468609;1.0111359;0.010736;0.003904;-91;35;-91;1
245478955;1.013088;0.008784;0.003904;-91;35;-91;1
245496425;1.01016;0.011712;0.001952;-84;35;-91;1
245507252;1.014064;0.008784;0.002928;-91;35;-98;1
245518943;1.012112;0.00976;0.001952;-84;35;-91;1
245545242;1.0111359;0.008784;0.002928;-77;42;-98;1
245561801;1.013088;0.010736;0.002928;-84;42;-98;1
245572246;1.014064;0.00976;0.002928;-91;42;-91;1
245583678;1.0150399;0.011712;0.00488;-98;42;-91;1
245617559;1.013088;0.008784;0.003904;-112;35;-91;1
245630706;1.012112;0.00976;0.003904;-84;35;-91;1
245643528;1.013088;0.005856;0.001952;-91;35;-98;1
245654615;1.0111359;0.;@20000101_000005_192721_imu_bno055.csv@245660907;341.4375;7562;-17357;0.961592464;0.02447319;-0.24167276
245666623;1.0150399;0.008784;0.00488;-77;35;-105;1
245677206;1.012112;0.007808;0.002928;-84;42;-105;1
245690487;1.0111359;0.@20000101_000005_192721_accel_adxl375.csv@245692179;1.7639999;0.147;0.147;1
245701121;1.0111359;0.010736;0.00488;-84;35;-105;1
245714079;1.013088;0.012688;0.006832;-84;42;-105;1
245725905;1.0150399;0.01464;0.007808;-77;35;-105;1
245743163;1.0150399;0.011712;0.006832;-91;28;-105;1
245760129;1.01016;0.011712;0.003904;-84;28;-105;1
245770959;1.01016;0.007808;0.000976;-84;28;-105;1
245806453;1.016016;0.012688;0.001952;-77;35;-105;1
245834438;1.013088;0.013664;0.000976;-77;42;-105;1
245846315;1.013088;0.01464;0.00488;-70;42;-105;1
245869386;1.016992;0.015616;0.00488;-91;35;-98;1
245880240;1.0111359;0.012688;0.00488;-84;35;-91;1
245894742;1.013088;0.011712;0.006832;-91;28;-91;1
245905438;1.013088;0.010736;0.003904;-84;28;-91;1
245916235;1.013088;0.008784;0.003904;-77;28;-91;1
245928613;1.0111359;0.00976;0.003904;-84;21;-98;1
245945959;1.01016;0.011712;-0.001952;-70;28;-98;1
245963990;1.013088;0.01464;0.001952;-77;35;-105;1
245975621;1.014064;0.01464;0.003904;-63;42;-98;1
245988941;1.0150399;0.015616;0.002928;-70;42;-98;1
246004843;1.0111359;0.013664;0.003904;-77;42;-91;1
246018600;1.013088;0.011712;0.005856;-84;42;-84;1
246038723;1.012112;0.01464;0.001952;-84;42;-77;1
246051444;1.014064;0.011712;0.00488;-91;35;-77;1
246064801;1.012112;0.007808;0.001952;-91;35;-84;1
246075579;1.014064;0.007808;0.001952;-91;28;-91;1
246093097;1.012112;0.005856;0.001952;-91;35;-98;1
246104163;1.0111359;0.00976;0.002928;-70;35;-105;1
246115575;1.01016;0.006832;0.001952;-84;35;-112;1
246127972;1.012112;0.011712;0.002928;-63;42;-112;1
246149161;1.014064;0.010736;0.002928;-70;42;-105;1
246166784;1.012112;0.013664;0.000976;-105;42;-98;1
246177700;1.01016;0.012688;0.001952;-105;49;-91;1
246217955;1.012112;0.00976;0.005856;-105;42;-84;1
246229720;1.012112;0.005856;0.006832;-112;42;-91;1
246248736;1.009184;0.005856;0.002928;-98;42;-112;1
246271683;1.013088;0.002928;0.005856;-77;35;-119;1
246282423;1.012112;0.00976;0.001952;-70;35;-126;1
246297864;1.014064;0.011712;0.002928;-63;35;-119;1
246314310;1.014064;0.018544;-0.000976;-84;42;-112;1
246325053;1.013088;0.015616;0.001952;-91;42;-105;1
246336065;1.0111359;0.017568;0.003904;-84;42;-98;1
246347780;1.009184;0.016592;0.000976;-105;42;-84;1
246361357;1.012112;0.010736;0.00488;-105;42;-84;1
246371963;1.013088;0.008784;0.002928;-126;42;-77;1
246383366;1.01016;0.007808;0.002928;-133;35;-84;1
246397419;1.012112;0.008784;0.00488;-98;35;-77;1
246414652;1.013088;0.005856;0.003904;-91;35;-98;1
246425675;1.012112;0.005856;0.003904;-77;35;-112;1
246444934;1.009184;0.00976;0.002928;-77;28;-112;1
246458906;1.0111359;0.012688;0.00488;-77;28;-112;1
246472754;1.0111359;0.015616;0.001952;-70;35;-105;1
246504726;1.012112;0.016592;0.002928;-98;42;-84;1
246516871;1.012112;0.015616;0.003904;-105;42;-77;1
246534599;1.012112;0.008784;0.002928;-105;42;-77;1
246547125;1.013088;0.006832;0.00488;-98;42;-77;1
246559762;1.0111359;0.005856;0.002928;-91;42;-84;1
246573457;1.0111359;0.00488;0.003904;-77;35;-98;1
246592045;1.0111359;0.005856;0.005856;-77;28;-112;1
246611667;1.0111359;0.008784;0.001952;-56;28;-119;1
246633891;1.013088;0.01464;0.000976;-77;35;-112;1
246665514;1.013088;0.011712;0.003904;-98;42;-91;1
246678565;1.013088;0.008784;0.00488;-105;42;-84;1
246695496;1.013088;0.010736;0.002928;-105;42;-77;1
246711727;1.009184;0.00488;0.005856;-112;42;-84;1
246725243;1.01016;0.00488;0.002928;-105;42;-98;1
246737665;1.01016;0.006832;0.002928;-91;49;-105;1
246753044;1.012112;0.005856;0.002928;-84;42;-112;1
246765346;1.014064;0.00976;0.005856;-91;49;-119;1
246776635;1.0150399;0.011712;0.002928;-91;42;-119;1
246788995;1.0111359;0.0.42;-112;1
246808478;1.012112;0.01464;0.00488;-105;42;-105;1
246834659;1.014064;0.020496;0.005856;-105;42;-91;1
246854565;1.013088;0.010736;0.00488;-112;35;-84;1
246865882;1.012112;0.006832;0.005856;-105;35;-91;1
246878152;1.0111359;0.006832;0.003904;-98;28;-91;1
246890285;1.014064;0.003904;0.00488;-84;35;-98;1
246903584;1.013088;0.005856;0.000976;-84;35;-105;1
246914313;1.012112;0.005856;0.002928;-70;35;-105;1
246925400;1.012112;0.011712;0.003904;-63;35;-112;1
246942788;1.0150399;0.010736;0.002928;-63;35;-112;1
246963095;1.009184;0.015616;0.00488;-84;35;-105;1
246977137;1.0111359;0.01464;0.003904;-84;35;-98;1
246991582;1.01016;0.011712;0.005856;-98;28;-91;1
247005325;1.016016;0.010736;0.00488;-105;28;-84;1
247016058;1.013088;0.00976;0.003904;-84;21;-84;1
247033569;1.012112;0.008784;0.000976;-98;21;-91;1
247044969;1.013088;0.007808;0.002928;-63;28;-91;1
247055956;1.014064;0.0;05_192721_accel_adxl375.csv@247057082;1.813;0.098;0.196;1
247068127;1.013088;0.007808;0.003904;-70;35;-105;1
247079205;1.0111359;0.008784;0.000976;-49;28;-119;1
247122527;1.0111359;0.01464;0.003904;-56;42;-105;1
247140656;1.012112;0.015616;0.00488;-84;28;-98;1
247152207;1.0111359;0.01464;0.002928;-84;28;-91;1
247163757;1.013088;0.01464;0.00488;-70;28;-91;1
247174078;1.013088;0.007808;0.001952;-98;21;-91;1
247185712;1.013088;0.00976;0.0;-105;28;-91;1
247197420;1.009184;0.008784;-0.000976;-84;35;-91;1
247212211;1.016992;0.00488;0.000976;-105;42;-98;1
247224266;1.0150399;0.010736;0.000976;-91;49;-105;1
247236022;1.012112;0.010736;0.002928;-77;49;-112;1
247247381;1.0111359;0.012688;0.001952;-91;49;-112;1
247262410;1.014064;0.012688;0.002928;-98;49;-105;1
247273200;1.0111359;0.013664;0.00488;-98;49;-105;1
247290520;1.01016;0.012688;0.002928;-98;49;-98;1
247300937;1.008208;0.012688;0.005856;-112;49;-98;1
247313735;1.013088;0.011712;0.003904;-112;42;-84;1
247325112;1.014064;0.013664;0.001952;-119;42;-77;1
247336020;1.0111359;0.011712;0.002928;-112;42;-84;1
247347988;1.013088;0.007808;0.003904;-112;49;-84;1
247360737;1.012112;0.006832;0.000976;-105;42;-91;1
247371336;1.012112;0.007808;0.005856;-98;42;-98;1
247387531;1.012112;0.008784;0.005@20000101_000005_192721_accel_adxl375.csv@247391322;1.813;0.049;0.196;1
247399558;1.012112;0.010736;0.00488;-84;42;-105;1
247411346;1.01016;0.006832;0.006832;-70;42;-112;1
247426314;1.01016;0.01464;0.005856;-77;28;-119;1
247443508;1.012112;0.00976;0.003904;-77;35;-105;1
247455841;1.013088;0.00cl_adxl375.csv@247456904;1.7639999;0.098;0.244999984;1
247472643;1.01016;0.012688;0.002928;-91;35;-91;1
247486283;1.013088;0.00.1;28;-84;1
247497460;1.014064;0.005856;0.001952;-91;35;-84;1
247532037;1.0150399;0.002928;0.006832;-77;35;-98;1
247553375;1.014064;0.006832;0.00488;-63;28;-105;1
247567260;1.0111359;0.006832;0.006832;-56;28;-119;1
247578487;1.01016;0.010736;0.005856;-63;21;-119;1
247592472;1.012112;0.00976;0.00488;-63;21;-112;1
247603876;1.014064;0.00976;0.00488;-56;21;-112;1
247616044;1.014064;0.012688;0.002928;-56;21;-112;1
247634970;1.0111359;0.013664;0.001952;-63;21;-91;1
247648992;1.013088;0.00976;-0.000976;-77;28;-91;1
247660870;1.013088;0.010736;0.000976;-84;35;-91;1
247672815;1.013088;0.006832;-0.002928;-77;42;-91;1
247683674;1.013088;0.007808;0.0;-77;42;-98;1
247697036;1.014064;0.008784;0.002928;-70;49;-98;1
247708045;1.013088;0.00976;0.001952;-84;35;-105;1
247719957;1.012112;0.010736;0.00488;-84;42;-105;1
247744594;1.01016;0.010736;0.001952;-84;42;-105;1
247758959;1.014064;0.013664;0.002928;-98;35;-98;1
247771423;1.0150399;0.01464;0.002928;-98;42;-98;1
247782758;1.012112;0.012688;-0.001952;-98;35;-91;1
247794361;1.016016;0.012688;0.001952;-119;42;-91;1
247808172;1.016016;0.015616;-0.000976;-119;49;-91;1
247825237;1.0150399;0.008784;0.002928;-112;56;-84;1
247837532;1.0111359;0.007808;0.001952;-119;56;-84;1
247854992;1.013088;0.008784;0.00488;-105;49;-91;1
247869785;1.014064;0.008784;0.005856;-98;49;-98;1
247884708;s10.csv@247886515;162;165;4268
247895658;1.0111359;0.010736;0.005856;-91;42;-98;1
247909349;1.0111359;0.008784;0.00488;-91;42;-98;1
247923006;1.012112;0.010736;0.001952;-98;35;-105;1
247934829;1.013088;0.010736;0.000976;-91;42;-98;1
247947458;1.013088;0.013664;0.000976;-84;42;-91;1
247983079;1.013088;0.007808;0.008784;-91;42;-91;1
247999296;1.012112;0.007808;0.007808;-84;42;-91;1
248011121;1.012112;0.006832;0.005856;-84;35;-98;1
248033090;1.013088;0.008784;0.007808;-63;21;-112;1
248044017;1.013088;0.008784;0.005856;-70;21;-112;1
248055582;1.0111359;0.008784;0.002928;-56;21;-112;1
248067317;1.013088;0.011712;0.001952;-56;14;-112;1
248087146;1.012112;0.01464;0.000976;-63;21;-105;1
248099951;1.013088;0.013664;0.00488;-56;28;-105;1
248121477;1.012112;0.013664;0.001952;-70;35;-98;1
248134673;1.014064;0.00976;0.002928;-77;35;-91;1
248165468;1.013088;0.00976;0.003904;-77;28;-98;1
248178106;1.009184;0.00976;0.00488;-77;35;-105;1
248190410;1.0150399;0.007808;0.00488;-63;35;-98;1
248204038;1.012112;0.008784;0.006832;-70;21;-105;1
248216992;1.012112;0.015616;0.000976;-70;28;-112;1
248228241;1.01016;0.015616;0.001952;-70;35;-105;1
248241508;1.012112;0.016592;0.0;-70;42;-98;1
248252019;1.013088;0.01464;0.000976;-91;42;-98;1
248265641;1.012112;0.012688;0.001952;-105;49;-91;1
248276098;1.014064;0.011712;0.001952;-105;49;-91;1
248288153;1.014064;0.0
248300757;1.01016;0.010736;0.006832;-112;49;-91;1
248315764;1.0111359;0.008784;0.00488;-126;49;-91;1
248337103;1.013088;0.010736;0.003904;-105;42;-91;1
248377408;1.012112;0.000005_192721_accel_adxl375.csv@248379750;1.7639999;0.147;0.196;1
248393283;1.013088;0.010736;0.000976;-105;42;-98;1
248411743;1.012112;0.011712;0.001952;-98;49;-98;1
248424416;1.012112;0.00976;0.001952;-98;56;-91;1
248436094;1.0111359;0.010736;0.00488;-112;49;-91;1
248447248;1.013088;0.012688;0.007808;-105;49;-91;1
248470233;1.016992;0.007808;0.005856;-98;35;-91;1
248485670;1.013088;0.00976;0.007808;-91;35;-98;1
248496174;1.012112;0.008784;0.007808;-84;35;-105;1
248512615;1.014064;0.00976;0.003904;-70;28;-105;1
248533445;1.014064;0.013664;0.00488;-63;35;-112;1
248547834;1.0111359;0.012688;0.0;-56;35;-112;1
248570050;1.012112;0.013664;0.005856;-63;35;-105;1
248581014;1.013088;0.012688;0.005856;-70;35;-98;1
248595505;1.012112;0.012688;0.003904;-70;35;-98;1
248606023;1.016992;0.012688;0.00488;-70;28;-91;1
248617163;1.014064;0.010736;0.001952;-77;28;-91;1
248633409;1.014064;0.006832;0.006832;-77;21;-84;1
248647283;1.014064;0.007808;0.002928;-91;21;-91;1
248658494;1.012112;0.008784;0.001952;-84;28;-98;1
248671947;1.009184;0.011712;0.001952;-63;28;-98;1
248687024;1.014064;0.008784;0.001952;-70;28;-105;1
248698381;1.009184;0.008784;0.0;-63;35;-105;1
248711836;1.0111359;0.010736;0.001952;-70;35;-105;1
248733009;1.012112;0.013664;0.003904;-77;42;-98;1
248744482;1.012112;0.015616;0.00488;-84;35;-98;1
248768563;1.0150399;0.011712;0.003904;-84;35;-91;1
248779069;1.012112;0.007808;0.0;-98;35;-84;1
248819754;1.0111359;0.007808;0.001952;-91;42;-91;1
248833649;1.013088;0.010736;0.0;-105;56;-98;1
248845350;1.0150399;0.010736;0.002928;-98;63;-91;1
248869213;1.014064;0.00976;0.00488;-105;63;-98;1
248883492;1.014064;0.008784;0.005856;-112;56;-98;1
248905689;1.012112;0.008784;0.007808;-112;42;-105;1
248917319;1.012112;0.010736;0.006832;-119;35;-98;1
248933600;1.0111359;0.011712;0.002928;-112;28;-98;1
248944225;1.014064;0.011712;0.003904;-119;28;-98;1
248966955;1.016016;0.010736;0.002928;-105;35;-98;1
248979053;1.012112;0.010736;0.000976;-98;42;-105;1
248990216;1.0111359;0.00;42;-98;1
249002930;1.014064;0.00976;0.001952;-91;49;-105;1
249024545;1.01016;0.010736;0.005856;-77;56;-105;1
249039278;1.008208;0.012688;0.008784;-77;49;-105;1
249053174;1.01113@20000101_000005_192721_airspeed_sdp810.csv@249056148;28;68;4265
249065449;1.0111359;0.011712;0.007808;-70;35;-105;1
249081092;1.0111359;0.010736;0.008784;-77;21;-98;1
249105158;1.0111359;0.010736;0.00488;-70;14;-98;1
249124859;1.013088;0.00976;0.001952;-70;14;-105;1
249135594;1.013088;0.010736;0.0;-70;21;-105;1
249156200;1.009184;0.010736;-0.000976;-70;35;-98;1
249170504;1.012112;0.00976;0.002928;-63;49;-105;1
249184708;1.0150399;0.010736;0.005856;-70;42;-105;1
249196557;1.013088;0.008784;0.006832;-70;42;-105;1
249214157;1.0111359;0.011712;0.008784;-84;35;-98;1
249258907;1.012112;0.011712;0.003904;-84;21;-98;1
249274872;1.016016;0.010736;-0.001952;-91;28;-98;1
249311385;1.012112;0.010736;0.000976;-84;49;-98;1
249333023;1.01016;0.010736;0.000976;-84;56;-98;1
249346604;1.013088;0.00976;0.003904;-91;49;-98;1
249363066;1.012112;0.011712;0.006832;-91;49;-98;1
249376187;1.013088;0.010736;0.005856;-91;42;-98;1
249391376;1.016016;0.011712;0.005856;-98;35;-98;1
249403026;1.009184;0.010736;0.003904;-98;28;-98;1
249416607;1.013088;0.008784;0.001952;-91;28;-105;1
249433033;1.012112;0.010736;0.001952;-98;35;-105;1
249445751;1.013088;0.010736;0.000976;-91;42;-105;1
249456545;1.014064;0.010736;-0.001952;-91;49;-105;1
249467695;1.013088;0.01464;0.0;-91;49;-105;1
249485029;1.0111359;0.012688;0.002928;-84;56;-105;1
249497991;1.01016;0.013664;0.002928;-91;49;-98;1
249512996;1.012112;0.00976;0.007808;-98;49;-98;1
249527852;1.008208;0.011712;0.00976;-98;35;-98;1
249542144;1.0111359;0.011712;0.006832;-98;28;-98;1
249553147;1.0111359;0.00976;0.006832;-84;28;-91;1
249565837;1.0111359;0.007808;0.003904;-91;21;-98;1
249578209;1.016016;0.006832;0.003904;-77;21;-98;1
249593885;1.012112;0.010736;0.000976;-77;21;-105;1
249612994;1.0150399;0.008784;-0.000976;-63;28;-105;1
249633065;1.0111359;0.011712;0.00488;-63;35;-105;1
249646062;1.0150399;0.013664;0.005856;-70;42;-91;1
249656995;1.013088;0.013664;0.00488;-84;42;-98;1
249668113;1.013088;0.011712;0.00488;-77;35;-91;1
249708048;1.012112;0.006832;0.003904;-84;21;-84;1
249723629;1.012112;0.008784;0.0;-84;21;-84;1
249743320;1.012112;0.006832;0.000976;-77;28;-91;1
249769881;1.0111359;0.011712;0.003904;-70;42;-105;1
249787796;1.0111359;0.012688;0.000976;-84;49;-105;1
249801687;1.013088;0.012688;0.00488;-77;56;-98;1
249812248;1.013088;0.010736;0.002928;-84;49;-105;1
249823384;1.0111359;0.0@20000101_000005_192721_imu_bno055.csv@249829674;341.4375;7556;-17357;0.961592464;0.030591488;-0.23963332
249834981;1.012112;0.015616;0.003904;-98;42;-91;1
249856252;1.013088;0.008784;0.002928;-112;42;-91;1
249869006;1.014064;0.006832;0.000976;-105;35;-91;1
249880809;1.012112;0.006832;0.002928;-112;35;-91;1
249894283;1.012112;0.007808;0.001952;-105;42;-98;1
249917019;1.014064;0.00976;0.003904;-98;49;-105;1
249928301;1.013088;0.008784;0.001952;-91;49;-105;1
249965909;1.012112;0.013664;0.00488;-98;49;-112;1
249978701;1.013088;0.01464;0.007808;-98;49;-105;1
249989099;1.013088;0.0@20000101_000005_192721_power_ina226.csv@249991838;3915;551;2150;0
250004597;1.012112;0.007808;0.006832;-105;35;-98;1
250014882;1.013088;0.011712;0.005856;-112;35;-98;1
250030677;1.013088;0.007808;0.000976;-105;28;-91;1
250043334;1.01016;0.007808;0.003904;-98;35;-98;1
250056406;1.013088;0.0@20000101_000005_192721_laser_agl.csv@250062693;0.02;1
250067265;1.012112;0.00976;0.003904;-84;35;-105;1
250079098;1.012112;0.012688;0.003904;-77;42;-105;1
250104857;1.013088;0.011712;0.00488;-77;42;-112;1
250124148;1.012112;0.01464;0.006832;-70;35;-98;1
250174021;1.012112;0.00976;0.001952;-77;21;-91;1
250192150;1.012112;0.010736;0.002928;-70;21;-91;1
250206102;1.01016;0.007808;0.000976;-70;21;-91;1
250217642;1.0150399;0.006832;0.003904;-70;35;-98;1
250235230;1.013088;0.007808;0.000976;-63;35;-105;1
250248109;1.0150399;0.00976;0.002928;-56;35;-105;1
250260693;1.012112;0.012688;0.001952;-63;42;-105;1
250270996;1.014064;0.013664;0.003904;-63;35;-105;1
250286919;1.013088;0.0166;-77;28;-98;1
250299257;1.016992;0.012688;0.001952;-77;28;-98;1
250317542;1.009184;0.012688;0.00488;-91;28;-98;1
250333713;1.012112;0.012688;0.003904;-91;28;-98;1
250352999;1.0111359;0.00488;0.002928;-98;35;-91;1
250367550;1.009184;0.00976;0.001952;-91;42;-105;1
250379854;1.014064;0.00976;0.000976;-91;42;-105;1
250391488;1.012112;0.00976;0.0;-84;49;-105;1
250406043;1.01016;0.00976;0.00488;-84;49;-105;1
250418747;1.01016;0.011712;0.00488;-84;49;-112;1
250429290;1.01016;0.011712;0.00488;-84;49;-105;1
250451410;1.014064;0.012688;0.003904;-98;42;-98;1
250465644;1.013088;0.012688;0.00488;-105;42;-91;1
250486539;1.014064;0.010736;0.001952;-112;42;-98;1
250505112;1.0111359;0.006832;0.002928;-105;42;-91;1
250517430;1.014064;0.007808;0.002928;-98;42;-98;1
250531407;1.013088;0.008784;0.00488;-98;42;-98;1
250544532;1.012112;0.010736;0.003904;-91;49;-105;1
250591198;1.013088;0.013664;0.006832;-84;35;-98;1
250610484;1.014064;0.013664;0.005856;-84;35;-91;1
250630391;1.012112;0.010736;0.003904;-91;28;-84;1
250641122;1.0111359;0.012688;0.00488;-91;28;-91;1
250654218;1.01016;0.00@20000101_000005_192721_accel_adxl375.csv@250658682;1.7639999;0.147;0.196;1
250665362;1.013088;0.007808;0.001952;-84;35;-84;1
250681356;1.012112;0.005856;0.003904;-77;35;-98;1
250703511;1.0111359;0.008784;0.006832;-63;35;-105;1
250719647;1.0150399;0.00976;0.002928;-63;35;-105;1
250758895;1.01016;0.013664;0.002928;-70;28;-98;1
250772285;1.01016;0.01464;0.002928;-84;21;-98;1
250782970;1.013088;0.011712;-0.000976;-84;28;-98;1
250808645;1.0111359;0.011712;0.000976;-84;28;-91;1
250820786;1.012112;0.008784;0.003904;-84;35;-98;1
250839075;1.0111359;0.008784;0.002928;-84;35;-91;1
250850275;1.014064;0.007808;0.003904;-84;42;-98;1
250863144;1.012112;0.007808;0.002928;-77;42;-105;1
250874140;1.01016;0.010736;0.003904;-77;42;-112;1
250886713;1.01016;0.011712;0.003904;-77;42;-112;1
250899267;1.016016;0.011712;0.003904;-84;42;-105;1
250912494;1.014064;0.011712;0.003904;-84;35;-105;1
250944228;1.014064;0.011712;0.001952;-105;35;-91;1
250955007;1.013088;0.0l70;1.813;0.147;0.147;1
250966117;1.013088;0.00976;0.001952;-112;42;-84;1
250977212;1.0150399;0.010736;0.002928;-112;49;-84;1
250990576;1.013088;0.008784;0.003904;-105;56;-91;1
251002711;1.013088;0.011712;0.003904;-105;49;-91;1
251014933;1.009184;0.008784;0.005856;-98;49;-98;1
251055904;1.014064;0.011712;0.007808;-84;35;-112;1
251069409;1.013088;0.013664;0.006832;-84;28;-105;1
251083828;1.0150399;0.012688;0.003904;-84;28;-105;1
251095574;1.012112;0.01464;0.003904;-98;35;-98;1
251113925;1.012112;0.010736;0.002928;-91;35;-91;1
251133050;1.009184;0.008784;0.001952;-98;42;-91;1
251144545;1.0150399;0.010736;0.000976;-98;42;-91;1
251169411;1.009184;0.00488;0.007808;-91;42;-91;1
251180060;1.012112;0.007808;0.007808;-84;42;-98;1
251193647;1.016016;0.00488;0.006832;-70;35;-98;1
251204150;1.01016;0.005856;0.006832;-70;28;-98;1
251218810;1.013088;0.008784;0.002928;-70;21;-112;1
251229524;1.014064;0.010736;0.008784;-63;21;-105;1
251241955;1.013088;0.008784;0.003904;-63;14;-105;1
251255405;1.012112;0.0
251267682;1.0150399;0.008784;0.0;-70;28;-98;1
251278402;1.014064;0.012688;0.001952;-77;35;-91;1
251308225;1.014064;0.00976;0.000976;-77;35;-91;1
251319093;1.014064;0.010736;0.001952;-77;35;-98;2
251331923;1.0150399;0.010736;0.00488;-77;42;-98;1
251343684;1.012112;0.010736;0.002928;-77;35;-98;1
251356510;1.01016;0.00976;0.003904;-77;35;-105;1
251368754;1.0111359;0.008784;0.002928;-70;35;-105;1
251380588;1.0111359;0.012688;0.003904;-77;28;-105;1
251414484;1.0111359;0.011712;0.003904;-84;35;-98;1
251426551;1.013088;0.011712;0.000976;-91;42;-98;1
251450754;1.012112;0.012688;0.000976;@20000101_000005_192721_laser_agl.csv@251456222;0.02;1
251488184;1.01016;0.00976;0.003904;-112;49;-91;1
251503897;1.0111359;0.011712;0.006832;-98;49;-98;1
251515808;1.012112;0.008784;0.005856;-105;42;-105;1
251527597;1.01016;0.008784;0.005856;-98;42;-105;1
251546326;1.008208;0.011712;0.003904;-98;35;-105;1
251558461;1.01016;0.008784;0.003904;-98;35;-105;1
251570989;1.013088;0.012688;0.003904;-98;42;-98;1
251582596;1.013088;0.010736;0.003904;-91;42;-91;1
251594039;1.012112;0.011712;0.005856;-98;49;-91;1
251609221;1.013088;0.012688;0.005856;-105;42;-98;1
251630695;1.013088;0.00976;0.003904;-98;49;-91;1
251645429;1.013088;0.00976;0.007808;-91;42;-91;1
251656436;1.014064;0.0@20000101_000005_192721_accel_adxl375.csv@251659139;1.813;0.098;0.147;1
251667586;1.009184;0.007808;0.008784;-91;35;-98;1
251678635;1.01016;0.008784;0.006832;-84;28;-98;1
251693482;1.012112;0.00976;0.005856;-77;28;-98;1
251704521;1.013088;0.006832;0.001952;-70;28;-105;1
251723506;1.0111359;0.011712;0.00488;-70;28;-105;1
251736880;1.01016;0.012688;0.002928;-70;28;-105;1
251753065;1.013088;0.012688;0.003904;-70;28;-105;1
251765193;1.013088;0.011712;0.003904;-77;35;-105;1
251776195;1.01016;0.00976;0.002928;-84;35;-98;1
251792330;1.012112;0.012688;0.005856;-77;35;-91;1
251810824;1.012112;0.008784;0.001952;-84;28;-98;1
251827592;1.012112;0.012688;0.00488;-77;28;-98;1
251838291;1.0111359;0.00976;0.003904;-70;21;-98;1
251849238;1.012112;0.007808;0.00488;-70;21;-105;1
251864131;1.0111359;0.012688;0.001952;-70;21;-105;1
251875064;1.0111359;0.011712;-0.000976;-56;28;-105;1
251888121;1.012112;0.010-112;1
251918614;1.0111359;0.012688;020@20000101_000005_192721_accel_adxl375.csv@251923652;1.7639999;0.098;0.147;1
251939327;1.016016;0.010736;0.005856;-91;42;-91;1
251950411;1.014064;0.021_accel_adxl375.csv@251955590;1.7149999;0.098;0.196;1
251963442;1.01016;0.010736;0.005856;-98;42;-98;1
251980726;1.008208;0.007808;0.000976;-98;42;-91;1
251991045;1.012112;0.00
252004007;1.012112;0.010736;0.001952;-98;42;-98;1
252023049;1.013088;0.010736;0.002928;-98;42;-105;1
252035671;1.013088;0.011712;0.003904;-91;42;-98;1
252046681;1.012112;0.010736;0.002928;-91;42;-98;1
252068263;1.0150399;0.011712;0.00488;-98;49;-98;1
252083479;1.008208;0.012688;0.003904;-98;49;-98;1
252094044;1.01016;0.012688;0.001952;-98;49;-91;1
252107118;1.0111359;0.011712;0.00488;-105;49;-84;1
252119401;1.013088;0.010736;0.003904;-105;42;-91;1
252131759;1.012112;0.00976;0.002928;-105;42;-91;1
252141880;1.01016;0.007808;0.00488;-98;35;-91;1
252154206;1.014064;0.00976;0.005856;-98;35;-91;1
252186945;1.013088;0.0400005_192721_gnss_gga.csv@252188635;0.0;0.0;0;0;2550
252201238;1.013088;0.00976;0.00488;-77;42;-105;1
252214433;1.013088;0.012688;0.000976;-77;35;-98;1
252224970;1.0150399;0.013664;0.003904;-77;35;-105;1
252237531;1.013088;0.010736;0.002928;-77;35;-105;1
252248023;1.012112;0.00976;0.005856;-77;35;-105;1
252259854;1.012112;0.012688;0.00488;-84;35;-98;1
252271077;1.012112;0.010736;0.007808;-84;35;-98;1
252284899;1.013088;0.008784;0.00488;-91;35;-91;1
252296060;1.012112;0.011712;0.007808;-91;28;-98;1
252308928;1.0111359;0.007808;0.005856;-84;28;-98;1
252322566;1.0150399;0.00976;0.002928;-84;28;-105;1
252362647;1.012112;0.00976;0.003904;-70;28;-105;1
252393604;1.013088;0.010736;0.003904;-63;35;-105;1
252405213;1.0150399;0.012688;0.00488;-77;35;-105;1
252424146;1.014064;0.01464;0.003904;-84;35;-98;1
252434977;1.01016;0.013664;0.001952;-91;35;-91;1
252467668;1.013088;0.010736;0.003904;-98;35;-98;1
252480049;1.012112;0.008784;0.003904;-84;42;-98;1
252503080;1.013088;0.010736;0.000976;-91;42;-98;1
252522704;1.01016;0.010736;0.003904;-70;42;-98;1
252535786;1.013088;0.010736;0.00488;-84;35;-105;1
252547133;1.013088;0.007808;0.007808;-84;42;-98;1
252559946;1.013088;0.00976;0.003904;-91;42;-98;1
252572471;1.012112;0.00976;0.003904;-91;42;-98;1
252586542;1.014064;0.011712;0.002928;-98;35;-91;1
252597619;1.014064;0.008784;0.002928;-105;42;-91;1
252608615;1.0150399;0.007808;0.001952;-98;42;-91;1
252621171;1.@20000101_000005_192721_accel_adxl375.csv@252622947;1.813;0.147;0.196;1
252636379;1.0111359;0.00976;0.002928;-98;42;-98;1
252647026;1.013088;0.005856;0.00488;-98;42;-98;1
252669149;1.013088;0.010736;0.00488;-77;42;-105;1
252698800;1.009184;0.00976;0.003904;-77;35;-105;1
252709397;1.012112;0.012688;0.002928;-70;35;-105;1
252721040;1.014064;0.010736;0.002928;-77;35;-105;1
252731991;1.014064;0.012688;0.002928;-77;35;-105;1
252743181;1.014064;0.011712;0.003904;-84;35;-105;1
252780490;1.0111359;0.010736;0.0;-91;28;-91;1
252792361;1.016992;0.005856;0.00488;-84;35;-98;1
252804807;1.0111359;0.007808;0.0;-84;35;-98;1
252817598;1.0111359;0.007808;0.001952;-84;42;-105;1
252828069;1.013088;0.008784;0.005856;-70;35;-105;1
252841092;1.012112;0.010736;0.003904;-70;28;-105;1
252852207;1.013088;0.008784;0.006832;-63;28;-112;1
252866095;1.0111359;0.011712;0.006832;-77;35;-105;1
252876932;1.0150399;0.010736;0.00488;-70;35;-105;1
252889247;1.013088;0.010736;0.002928;-@20000101_000005_192721_accel_adxl375.csv@252895896;1.813;0.147;0.147;1
252911859;1.013088;0.013664;0.002928;-91;35;-91;1
252958318;1.012112;0.007808;0.001952;-98;35;-84;1
252971586;1.012112;0.005856;0.005856;-91;35;-91;1
252982367;1.012112;0.00976;0.002928;-91;42;-98;1
252994520;1.01016;0.008784;0.002928;-77;42;-105;1
253004905;1.012112;0.010736;0.005856;-84;42;-105;1
253016592;1.012112;0.011712;0.00488;-84;35;-98;1
253028017;1.0111359;0.01464;0.003904;-77;35;-105;1
253062973;1.013088;0.011712;0.001952;-91;42;-91;1
253078511;1.013088;0.010736;0.003904;-98;42;-91;1
253089179;1.0111359;0.@20000101_000005_192721_imu_bno055.csv@253092780;341.4375;7556;-17357;0.96261216;0.02753234;-0.24371218
253100174;1.013088;0.013664;0.003904;-105;42;-91;1
253111710;1.01016;0.010736;0.00488;-98;42;-91;1
253121990;1.013088;0.0;@20000101_000005_192721_baro_bmp280.csv@253126536;-31.522328;37.9;101704.17;4.3148348
253144585;1.012112;0.006832;0.00488;-91;42;-105;1
253168438;1.012112;0.006832;0.00488;-84;35;-105;1
253201299;1.012112;0.012688;0.00488;-84;35;-105;1
253220900;1.012112;0.01464;0.001952;-91;35;-105;1
253233099;1.013088;0.01464;0.00488;-91;35;-98;1
253246610;1.0111359;0.013664;0.006832;-91;35;-98;1
253256955;1.013088;0.03@20000101_000005_192721_imu_bno055.csv@253260705;341.4375;7556;-17357;0.96363184;0.02753234;-0.24167276
253271440;1.013088;0.007808;0.003904;-91;35;-98;1
253283951;1.016016;0.007808;0.00488;-84;35;-98;1
253296081;1.01016;0.008784;0.00488;-84;35;-98;1
253314004;1.012112;0.008784;0.00488;-70;35;-105;1
253333945;1.016016;0.013664;0.000976;-70;28;-105;1
253345531;1.012112;0.011712;0.00488;-63;28;-112;1
253356071;1.014064;0.0@20000101_000005_192721_accel_adxl375.csv@253358206;1.813;0.147;0.098;1
253368744;1.0111359;0.011712;0.003904;-70;35;-91;1
253379264;1.0111359;0.011712;0.002928;-77;35;-98;1
253394222;1.014064;0.010736;0.00488;-84;35;-98;1
253413012;1.01016;0.00c664;37.076644;101589.95;2.6442566
253425477;1.014064;0.00976;0.00488;-84;35;-84;1
253436630;1.009184;0.008784;0.003904;-84;35;-91;1
253448717;1.012112;0.008784;0.002928;-91;35;-98;1
253460046;1.0111359;0.008784;0.003904;-91;35;-98;1
253472158;1.013088;0.008784;0.001952;-84;35;-98;1
253483131;1.013088;0.00976;0.003904;-84;42;-105;1
253494641;1.012112;0.012688;0.001952;-84;35;-98;1
253512995;1.013088;0.00976;0.002928;-77;42;-98;1
253527930;1.0150399;0.010736;0.005856;-84;42;-98;1
253543486;1.01016;0.011712;0.000976;-91;42;-98;1
253554229;1.0111359;0.008784;0.00488;-91;42;-91;1
253566657;1.0111359;0.011712;0.00488;-98;35;-98;1
253577130;1.016016;0.008784;0.005856;-91;35;-91;1
253592691;1.012112;0.010736;0.002928;-98;42;-98;1
253620822;1.012112;0.00976;0.005856;-84;35;-98;1
253637843;1.014064;0.011712;0.003904;-84;35;-105;1
253649395;1.0111359;0.012688;0.00488;-84;42;-105;1
253661297;1.0111359;0.012688;0.00488;-84;42;-112;1
253671929;1.013088;0.010736;0.003904;-84;35;-105;1
253685428;1.01016;0.010736;0.003904;-91;42;-105;1
253695887;1.0111359;0.013664;0.001952;-91;35;-98;1
253708620;1.0111359;0.011712;0.00488;-98;35;-98;1
253718972;1.012112;0.00976;0.002928;-98;42;-98;1
253735846;1.012112;0.012688;0.003904;-98;35;-91;1
253766363;1.01016;0.012688;0.003904;-84;35;-98;1
253780437;1.012112;0.010736;0.001952;-84;35;-98;1
253803627;1.012112;0.011712;0.00488;-77;35;-105;1
253815733;1.012112;0.00976;0.00488;-70;35;-98;1
253827248;1.013088;0.010736;0.001952;-77;35;-98;1
253844958;1.014064;0.011712;0.002928;-84;35;-98;1
253860630;1.0111359;0.012688;0.00488;-84;35;-91;1
253874275;1.012112;0.011712;0.002928;-77;35;-91;1
253885375;1.012112;0.011712;0.001952;-91;35;-91;1
253902906;1.012112;0.012688;0.000976;-84;35;-84;1
253924593;1.012112;0.010736;0.00488;-98;42;-84;1
253936554;1.012112;0.00976;0.003904;-91;42;-91;1
253948523;1.012112;0.008784;0.00488;-98;42;-91;1
253961831;1.012112;0.007808;0.005856;-91;42;-98;1
253975289;1.014064;0.00976;0.00488;-91;35;-91;1
253987378;1.014064;0.00976;0.00488;-91;35;-98;1
254003379;1.016016;0.010736;0.001952;-84;35;-98;1
254017268;1.009184;0.012688;0.001952;-98;35;-105;1
254074486;1.009184;0.00976;0.003904;-84;42;-98;1
254089195;1.013088;0.008784;0.001952;-91;42;-98;1
254104694;1.012112;0.010736;0.003904;-91;42;-98;1
254123081;1.016016;0.008784;0.003904;-77;42;-105;1
254134418;1.014064;0.010736;0.003904;-77;35;-105;1
254145140;1.01016;0.008784;0.003904;-84;35;-105;1
254158716;1.0111359;0.011712;0.002928;-77;35;-98;1
254169157;1.016016;0.011712;0.003904;-84;35;-105;1
254182945;1.016016;0.010736;0.003904;-84;35;-105;1
254196116;1.016016;0.010736;0.002928;-84;35;-98;1
254207948;1.012112;0.011712;0.000976;-84;35;-98;1
254219108;1.013088;0.00976;0.00488;-84;42;-98;1
254231296;1.0150399;0.011712;0.003904;-91;35;-98;1
254253057;1.012112;0.00976;0.00488;-84;35;-98;1
254269009;1.013088;0.010736;0.006832;-84;35;-105;1
254282564;1.013088;0.010736;0.003904;-84;35;-98;1
254294511;1.014064;0.008784;0.003904;-84;35;-98;1
254305598;1.009184;0.010736;0.005856;-91;35;-98;1
254323033;1.014064;0.012688;0.002928;-77;28;-98;1
254334239;1.0111359;0.013664;0.002928;-84;35;-98;1
254353065;1.014064;0.008784;0.003904;-84;35;-98;1
254366691;1.013088;0.011712;0.003904;-91;35;-91;1
254376980;1.0111359;0.013664;0.000976;-70;42;-91;1
254401011;1.012112;0.010736;0.001952;-98;35;-98;1
254414311;1.012112;0.006832;0.003904;-84;35;-91;1
254454877;1.012112;0.007808;0.002928;-91;35;-105;1
254470564;1.012112;0.010736;0.001952;-84;35;-105;1
254481719;1.012112;0.011712;0.000976;-77;42;-105;1
254502222;1.013088;0.008784;0.002928;-91;42;-98;1
254515843;1.012112;0.013664;0.006832;-98;42;-98;1
254531230;1.013088;0.011712;0.00488;-105;49;-91;1
254544002;1.0111359;0.008784;0.005856;-91;35;-91;1
254555045;1.016016;0.07639999;0.147;0.147;1
254566512;1.0150399;0.006832;0.005856;-84;35;-98;1
254576990;1.0111359;0.010736;0.003904;-91;35;-98;1
254590348;1.01211.976;0.006832;-84;35;-105;1
254613010;1.012112;0.078;84;8;-105;1
254627026;1.0111359;0.010736;0.001952;-70;35;-112;1
254638313;1.0150399;0.010736;0.003904;-84;35;-105;1
254650420;1.0150399;0.012688;0.002928;-77;42;-105;1
254661066;1.014064;0.012688;0.002928;-77;49;-105;1
254672433;1.012112;0.010736;0.001952;-91;42;-105;1
254682998;1.012112;0.007808;0.002928;-91;42;-98;1
254694826;1.0150399;0.011712;0.003904;-77;49;-98;1
254705940;1.013088;0.010736;0.005856;-91;42;-98;1
254719212;1.013088;0.012688;0.003904;-91;42;-98;1
254767721;1.0150399;0.010736;0.000976;-91;35;-105;1
254779215;1.014064;0.011712;0.003904;-91;35;-98;1
254803076;1.0111359;0.010736;0.002928;-77;42;-105;1
254815767;1.0111359;0.013664;0.002928;-77;42;-98;1
254837016;1.012112;0.01464;0.00488;-84;35;-98;1
254848163;1.013088;0.011712;0.001952;-91;28;-91;1
254861930;1.012112;0.010736;0.001952;-98;35;-84;1
254903564;1.0111359;0.006832;0.002928;-91;35;-98;1
254933004;1.016016;0.007808;0.002928;-84;35;-105;1
254943920;1.01016;0.008784;0.0;-70;42;-105;1
254956530;1.014064;0.012688;0.003904;-84;35;-105;1
254967411;1.013088;0.01464;0.002928;-84;35;-105;1
254982445;1.01016;0.011712;0.002928;-77;42;-105;1
254994014;1.009184;0.010736;0.002928;-98;35;-105;1
255005356;1.0111359;0.011712;0.003904;-84;42;-98;1
255017264;1.013088;0.010736;0.002928;-84;35;-91;1
255031493;1.013088;0.010736;0.002928;-98;42;-91;1
255053108;1.0111359;0.008784;0.003904;-105;35;-91;1
255066433;1.0111359;0.010736;0.003904;-98;35;-98;1
255077050;1.0111359;0.00976;0.003904;-84;35;-91;1
255089168;1.013088;0.0;000005_192721_accel_adxl375.csv@255090398;1.7639999;0.098;0.147;1
255101022;1.012112;0.00976;0.002928;-84;35;-105;1
255114967;1.01016;0.005856;0.00488;-84;35;-112;1
255133035;1.013088;0.00976;0.002928;-63;35;-112;1
255146252;1.01016;0.010736;0.003904;-77;35;-112;1
255158623;1.014064;0.013664;0.002928;-77;35;-105;1
255169948;1.01016;0.013664;0.002928;-70;35;-98;1
255181408;1.014064;0.090101_000005_192721_imu_bno055.csv@255189259;341.4375;7556;-17357;0.96261216;0.031611204;-0.24167276
255196619;1.0111359;0.010736;0.00488;-84;42;-98;1
255206930;1.009184;0.00976;0.003904;-91;35;-98;1
255218206;1.012112;0.00976;0.003904;-98;42;-98;1
255229271;1.0111359;0.00976;0.003904;-91;42;-98;1
255248644;1.0111359;0.00976;0.002928;-98;42;-98;1
255259258;1.013088;0.008784;0.008784;-84;35;-105;1
255271753;1.0111359;0.00976;0.001952;-91;35;-105;1
255283986;1.0111359;0.012688;0.002928;-84;35;-105;1
255323695;1.013088;0.012688;0.0;-84;42;-98;1
255335964;1.0150399;0.010736;0.00488;-98;35;-98;1
255349622;1.012112;0.012688;0.002928;-91;35;-91;1
255364256;1.016016;0.010736;0.003904;-91;35;-91;1
255375688;1.013088;0.010736;0.007808;-98;35;-91;1
255390852;1.013088;0.008784;0.00488;-84;42;-91;1
255402094;1.012112;0.008784;0.00488;-91;35;-98;1
255414460;1.012112;0.008784;0.001952;-91;42;-91;1
255438892;1.013088;0.008784;0.005856;-77;35;-105;1
255452196;1.014064;0.007808;0.00488;-77;35;-105;1
255468284;1.009184;0.010736;0.002928;-84;42;-98;1
255479756;1.0111359;0.010736;0.001952;-84;42;-98;1
255492061;1.009184;0.00976;0.002928;-84;35;-98;1
255511700;1.0150399;0.011712;0.00488;-91;42;-98;1
255522444;1.013088;0.0@20000101_000005_192721_accel_adxl375.csv@255528274;1.7639999;0.147;0.147;1
255543124;1.013088;0.007808;0.002928;-91;42;-98;1
255554607;1.01016;0.00@20000101_000005_192721_accel_adxl375.csv@255557985;1.813;0.147;0.244999984;1
255566873;1.0111359;0.008784;0.00488;-91;42;-105;1
255578204;1.0111359;0.010736;0.00488;-84;35;-98;1
255589380;1.0111359;0.0101_000005_192721_airspeed_sdp810.csv@255590856;47;89;4270
255613013;1.012112;0.010736;0.001952;-77;35;-105;1
255627844;1.009184;0.013664;0.006832;-77;35;-112;1
255643315;1.0111359;0.013664;0.002928;-77;35;-105;1
255666850;1.014064;0.015616;0.002928;-84;35;-98;1
255678043;1.012112;0.010736;0.001952;-84;35;-98;1
255694841;1.0111359;0.012688;0.001952;-84;42;-98;1
255713011;1.016016;0.008784;0.00488;-91;35;-98;1
255733069;1.013088;0.00976;0.003904;-84;35;-98;1
255768586;1.0111359;0.011712;0.002928;-84;35;-105;1
255813202;1.013088;0.012688;0.000976;-91;35;-98;1
255828088;1.0111359;0.011712;0.002928;-84;35;-91;1
255843081;1.01016;0.011712;0.003904;-91;42;-91;1
255854211;1.0111359;0.010736;0.001952;-91;35;-91;1
255866322;1.009184;0.00976;0.002928;-91;42;-91;1
255877189;1.008208;0.007808;0.002928;-91;42;-91;1
255898222;1.013088;0.005856;0.002928;-84;35;-98;1
255913012;1.009184;0.00976;0.00488;-77;35;-98;1
255923952;1.0111359;0.12;-77;35;-98;1
255935657;1.014064;0.00976;0.001952;-77;35;-105;1
255948313;1.0111359;0.00976;0.003904;-84;35;-105;1
255971021;1.012112;0.00976;0.003904;-84;35;-98;1
255984566;1.01016;0.00976;0.000976;-84;42;-98;1
255998340;1.013088;0.010736;0.00488;-91;42;-91;1
256009338;1.014064;0.010736;0.001952;-91;42;-98;1
256020578;1.013088;0.00976;0.001952;-91;42;-98;1
256044504;1.012112;0.00976;0.00488;-91;35;-91;1
256057991;1.012112;0.007808;0.00488;-84;35;-98;1
256069745;1.0111359;0.011712;0.003904;-84;35;-105;1
256080844;1.0111359;0.010736;0.000976;-84;35;-105;1
256106452;1.0150399;0.011712;0.003904;-77;35;-105;1
256118925;1.0150399;0.011712;0.0;-77;42;-98;1
256131626;1.0111359;0.011712;0.002928;-84;35;-105;1
256150535;1.014064;0.011712;-0.000976;-84;35;-98;1
256161843;1.012112;0.011712;0.001952;-91;42;-91;1
256174039;1.0111359;0.010736;0.00488;-91;42;-98;1
256206496;1.013088;0.012688;0.001952;-84;35;-91;1
256226870;1.013088;0.006832;0.002928;-84;42;-98;1
256239343;1.0150399;0.00976;0.001952;-84;42;-105;1
256253634;1.014064;0.008784;0.002928;-77;35;-98;1
256265505;1.013088;0.007808;0.002928;-77;35;-98;1
256276130;1.013088;0.012688;0.002928;-77;35;-98;1
256294692;1.012112;0.012688;0.001952;-91;35;-98;1
256313077;1.0111359;0.010736;0.005856;-98;42;-91;1
256325207;1.014064;0.010736;0.005856;-98;42;-91;1
256343047;1.012112;0.010736;0.00488;-91;42;-91;1
256357635;1.012112;0.00976;0.005856;-98;42;-98;1
256368359;1.013088;0.00976;0.002928;-91;42;-91;1
256380338;1.01016;0.010736;0.002928;-84;42;-105;1
256390903;1.012112;0.02;0.003904;-77;42;-98;1
256405360;1.0111359;0.011712;0.007808;-77;35;-98;1
256424622;1.012112;0.011712;0.005856;-84;35;-105;1
256437661;1.009184;0.011712;0.00488;-77;42;-98;1
256456108;1.012112;0.010736;0.003904;-84;35;-105;1
256469092;1.0150399;0.011712;0.001952;-91;35;-98;1
256484790;1.014064;0.008784;0.003904;-91;28;-98;1
256501018;1.0111359;0.007808;0.005856;-91;35;-98;1
256534596;1.0150399;0.007808;0.005856;-84;35;-105;1
256551697;1.013088;0.010736;0.003904;-84;35;-105;1
256563338;1.014064;0.012688;0.00488;-77;35;-112;1
256574735;1.013088;0.011712;0.00488;-77;42;-105;1
256585657;1.013088;0.011712;0.00488;-77;42;-105;1
256597541;1.014064;0.011712;0.00488;-84;42;-105;1
256608019;1.012112;0.013664;0.00488;-84;35;-98;1
256620128;1.013088;0.012688;0.002928;-84;35;-105;1
256631224;1.009184;0.010736;0.002928;-84;35;-105;1
256670289;1.014064;0.010736;0.003904;-91;42;-91;1
256701409;1.012112;0.010736;0.002928;-84;42;-98;1
256711929;1.0111359;0.010736;0.003904;-91;42;-98;1
256733754;1.01016;0.010736;0.005856;-84;35;-98;1
256744782;1.013088;0.013664;0.002928;-84;35;-98;1
256757326;1.009184;0.011712;0.001952;-84;35;-98;1
256768007;1.0111359;0.010736;0.003904;-91;35;-98;1
256784500;1.013088;0.011712;0.005856;-84;35;-91;1
256797469;1.01016;0.008784;0.001952;-91;42;-91;1
256810784;1.016016;0.00976;0.002928;-98;35;-91;1
256840292;1.0130@20000101_000005_192721_imu_lsm6dso32.csv@256851211;1.0111359;0.00976;0.002928;-84;42;-91;1
256864114;1.009184;0.008784;0.00488;-91;42;-98;1
256875706;1.009184;0.007808;0.005856;-91;35;-105;1
256887536;1.014064;0.0@20000101_000005_192721_accel_adxl375.csv@256890901;1.7639999;0.098;0.244999984;1
256903014;1.014064;0.00976;0.000976;-77;35;-105;1
256917982;1.01016;0.010736;0.003904;-84;35;-105;1
256943056;1.013088;0.010736;0.00488;-84;35;-98;1
256967104;1.0111359;0.008784;0.005856;-91;35;-98;1
256982222;1.013088;0.00976;0.003904;-91;35;-98;1
257003187;1.0111359;0.010736;0.00488;-91;42;-105;1
257019248;1.012112;0.008784;0.00488;-77;35;-105;1
257043412;1.012112;0.011712;0.000976;-77;35;-105;1
257061476;1.012112;0.007808;0.002928;-77;35;-105;1
257072201;1.013088;0.012688;0.005856;-77;35;-105;1
257085228;1.012112;0.00976;0.003904;-84;35;-105;1
257135675;1.013088;0.007808;0.0;-84;35;-91;1
257148226;1.014064;0.00976;0.00488;-91;35;-98;1
257159083;1.016016;0.008784;0.00488;-91;42;-98;1
257170605;1.013088;0.00976;0.003904;-84;42;-98;1
257181989;1.013088;0.007808;0.002928;-84;42;-91;1
257196357;1.014064;0.00976;0.00488;-84;35;-98;1
257207131;1.012112;0.011712;0.002928;-84;35;-98;1
257220173;1.012112;0.008784;0.00488;-91;42;-98;1
257233894;1.012112;0.007808;0.003904;-84;35;-98;1
257247999;1.012112;0.011712;0.003904;-84;35;-98;1
257270550;1.013088;0.011712;0.003904;-91;42;-91;1
257283600;1.0111359;0.006832;0.002928;-91;42;-91;1
257298794;1.014064;0.010736;0.002928;-91;42;-91;1
257309075;1.0150399;0.00976;0.003904;-91;35;-91;1
257320144;1.012112;0.011712;0.00488;-91;35;-91;1
257336799;1.01016;0.008784;0.003904;-84;35;-91;1
257348185;1.013088;0.008784;0.003904;-84;35;-98;1
257359908;1.013088;0.008784;0.002928;-84;35;-98;1
257372051;1.012112;0.007808;0.002928;-91;35;-98;1
257384862;1.0111359;0.010736;0.003904;-84;35;-98;1
257397553;1.0111359;0.011712;0.003904;-77;35;-98;1
257414572;1.013088;0.011712;0.001952;-84;42;-98;1
257426978;1.01016;0.012688;0.00488;-84;42;-105;1
257442574;1.01016;0.00976;0.003904;-91;42;-98;1
257453195;1.013088;0.00976;0.005856;-91;42;-98;1
257466857;1.008208;0.007808;0.005856;-98;35;-105;1
257478347;1.0111359;0.00976;0.006832;-91;35;-98;1
257517685;1.013088;0.010736;0.005856;-84;35;-105;1
257531790;1.01016;0.007808;0.003904;-77;28;-105;1
257548043;1.014064;0.00976;0.003904;-84;35;-105;1
257562577;1.0150399;0.01464;0.002928;-84;28;-98;1
257572931;1.012112;0.011712;0.000976;-77;35;-98;1
257597065;1.0111359;0.008784;0.002928;-91;35;-98;1
257615114;1.012112;0.010736;0.001952;-84;42;-98;1
257635125;1.009184;0.008784;0.00488;-91;42;-91;1
257648068;1.0111359;0.008784;0.00488;-91;35;-98;1
257659951;1.013088;0.010736;0.003904;-77;35;-98;1
257671513;1.013088;0.012688;0.00488;-77;35;-98;1
257682099;1.012112;0.0;0.026512622;-0.24167276
257698561;1.0111359;0.00976;0.001952;-77;35;-105;1
257711869;1.0150399;0.008784;0.001952;-77;35;-105;1
257751226;1.012112;0.0@20000101_000005_192721_baro_bmp280.csv@257756099;-31.406066;37.9;101702.81;4.431095
257762183;1.012112;0.010736;0.003904;-91;42;-98;1
257776933;1.0111359;0.010736;0.005856;-98;42;-91;1
257788122;1.012112;0.010736;0.005856;-105;42;-91;1
257810703;1.014064;0.006832;0.006832;-91;35;-98;1
257837606;1.014064;0.008784;0.003904;-84;35;-105;1
257856251;1.012112;0.010736;0.000976;-77;42;-112;1
257870389;1.0111359;0.012688;0.001952;-84;42;-105;1
257903048;1.012112;0.012688;0.00488;-91;49;-98;1
257915847;1.0111359;0.010736;0.005856;-98;49;-91;1
257927460;1.007232;0.013664;0.00488;-98;49;-91;1
257938159;1.014064;0.010736;0.005856;-98;42;-98;1
257971984;1.009184;0.010736;0.005856;-91;42;-98;1
258029511;1.0111359;0.00976;0.00488;-84;35;-112;1
258045040;1.012112;0.011712;0.001952;-84;42;-105;1
258056313;1.0111359;0.@20000101_000005_192721_accel_adxl375.csv@258058818;1.7639999;0.098;0.196;1
258069390;1.01016;0.010736;0.00488;-91;35;-91;1
258082991;1.01016;0.0118084166;1.813;0.147;0.147;1
258097072;1.008208;0.006832;0.00488;-91;28;-91;1
258112996;1.01016;0.006832;0.003904;-91;28;-91;1
258125084;1.014064;0.008784;0.001952;-77;28;-91;1
258136677;1.013088;0.005856;0.001952;-77;28;-98;1
258148418;1.0111359;0.011712;0.002928;-77;28;-98;1
258159238;1.009184;0.010736;0.00488;-70;28;-98;1
258171291;1.013088;0.010736;0.000976;-70;35;-105;1
258202306;1.012112;0.011712;0.003904;-70;35;-98;1
258213636;1.009184;0.011712;0.00488;-77;35;-98;1
258224133;1.013088;0.010736;0.005856;-77;35;-91;1
258242135;1.013088;0.010736;0.002928;-84;35;-91;1
258253151;1.012112;0.00976;0.001952;-91;35;-91;1
258266365;1.01016;0.008784;0.00488;-98;35;-91;1
258277231;1.013088;0.006832;0.003904;-91;35;-91;1
258295298;1.012112;0.008784;0.005856;-84;35;-98;1
258306410;1.013088;0.008784;0.003904;-84;35;-98;1
258317060;1.016016;0.010736;0.00488;-84;35;-105;1
258329317;1.0111359;0.012688;0.001952;-84;42;-105;1
258340220;1.013088;0.011712;0.003904;-84;42;-112;1
258351173;1.01016;0.013664;0.00488;-77;42;-112;1
258364891;1.0111359;0.012688;0.003904;-77;42;-105;1
258377912;1.012112;0.013664;0.003904;-84;42;-98;1
258414196;1.014064;0.008784;0.002928;-98;42;-98;1
258431674;1.0150399;0.008784;0.001952;-91;42;-98;1
258443685;1.014064;0.007808;0.003904;-91;42;-98;1
258454494;1.0111359;0.008784;0.00488;-98;42;-98;1
258465094;1.0111359;0.008784;0.00488;-91;42;-105;1
258481920;1.009184;0.013664;0.000976;-84;42;-112;1
258493366;1.0111359;0.013664;0.001952;-84;42;-105;1
258505450;1.012112;0.011712;0.003904;-84;42;-105;1
258519465;1.013088;0.015616;0.003904;-91;35;-105;1
258534087;1.012112;0.012688;0.005856;-98;42;-105;1
258548189;1.009184;0.0156-91;35;-91;1
258567063;1.009184;0.010736;0.001952;-105;35;-84;1
258578110;1.0111359;0.010736;0.003904;-98;35;-84;1
258591195;1.013088;0.008784;0.002928;-98;35;-91;1
258612984;1.0111359;0.006832;0.001952;-84;35;-98;1
258624063;1.014064;0.00976;0.001952;-84;35;-98;1
258643068;1.012112;0.008784;0.00488;-70;35;-105;1
258657564;1.007232;0.00976;0.003904;-70;35;-105;1
258667961;1.0111359;0.01464;0.006832;-70;35;-105;1
258681833;1.0150399;0.010736;0.006832;-70;35;-105;1
258694736;1.014064;0.008784;0.001952;-77;28;-98;1
258713009;1.013088;0.011712;0.003904;-84;28;-91;1
258737621;1.0111359;0.010736;0.002928;-91;35;-91;1
258753300;1.013088;0.0@20000101_000005_192721_power_ina226.csv@258758249;3910;566;2200;0
258764185;1.013088;0.010736;0.00488;-84;35;-91;1
258775734;1.012112;0.007808;0.003904;-84;35;-105;1
258786308;1.0111359;0.005856;0.002928;-84;42;-98;1
258823156;1.01016;0.012688;0.006832;-77;42;-105;1
258834289;1.0150399;0.012688;0.006832;-84;35;-105;1
258848482;1.0111359;0.011712;0.003904;-84;35;-105;1
258861013;1.0150399;0.012688;0.001952;-84;35;-105;1
258873364;1.012112;0.00976;0.002928;-91;35;-98;1
258884048;1.009184;0.012688;0.002928;-91;35;-98;1
258897407;1.014064;0.010736;0.00488;-91;35;-98;1
258914582;1.0111359;0.008784;0.001952;-91;42;-98;1
258925305;1.01016;0.00976;0.003904;-84;42;-105;1
258936968;1.008208;0.008784;0.001952;-84;42;-105;1
258949966;1.0111359;0.007808;0.005856;-84;42;-105;1
258964113;1.013088;0.008784;0.00488;-77;42;-105;1
258975178;1.014064;0.00976;0.005856;-77;42;-105;1
258991390;1.012112;0.011712;0.003904;-77;35;-98;1
259002158;1.013088;0.00976;0.003904;-84;35;-98;1
259015009;1.009184;0.01464;0.006832;-84;35;-105;1
259033387;1.014064;0.012688;0.00488;-91;35;-91;1
259044884;1.013088;0.011712;0.00488;-98;35;-98;1
259056198;1.013088;0.0@20000101_000005_192721_accel_adxl375.csv@259058751;1.7639999;0.147;0.244999984;1
259068609;1.012112;0.00976;0.003904;-98;35;-91;1
259079043;1.012112;0.00976;0.000976;-91;42;-91;1
259093507;1.0111359;0.00488;0.003904;-91;42;-91;1
259104009;1.012112;0.007808;0.003904;-84;42;-98;1
259117390;1.009184;0.006832;0.005856;-77;35;-98;1
259132977;1.012112;0.008784;0.003904;-77;35;-98;1
259145486;1.0111359;0.010736;0.00488;-77;35;-105;1
259171343;1.012112;0.012688;0.00488;-77;28;-91;1
259182040;1.012112;0.06.24065304
259197171;1.012112;0.00976;0.002928;-77;28;-91;1
259207991;1.0111359;0.011712;0.002928;-84;28;-98;1
259240613;1.0@20000101_000005_192721_accel_adxl375.csv@259256511;1.7639999;0.147;0.147;1
259258858;1.0111359;0.007808;0.000976;-77;42;-98;1
259274004;1.014064;0.012688;0.003904;-77;42;-105;1
259287203;1.01016;0.00976;0.005856;-84c0504;0;0;4267
259298146;1.012112;0.006832;0.00488;-84;35;-105;1
259309440;1.0111359;0.011712;0.003904;-84;35;-98;1
259320347;1.01016;0.010736;0.003904;-91;35;-105;1
259331182;1.012112;0.011712;0.001952;-91;35;-98;1
259343486;1.012112;0.011712;0.001952;-98;35;-98;1
259368061;1.013088;0.00976;0.005856;-91;42;-98;1
259382271;1.0111359;0.00976;0.003904;-98;49;-98;1
259406531;1.013088;0.010736;0.001952;-91;42;-98;1
259425165;1.013088;0.010736;0.003904;-91;42;-98;1
259436420;1.013088;0.010736;0.00488;-91;42;-105;1
259447917;1.0111359;0.006832;0.005856;-91;42;-105;1
259471604;1.012112;0.00976;0.00488;-91;42;-105;1
259486426;1.009184;0.010736;0.002928;-84;35;-105;1
259505252;1.009184;0.012688;0.003904;-91;42;-98;1
259517785;1.012112;0.011712;0.00488;-91;42;-91;1
259529771;1.0111359;0.00976;0.005856;-91;42;-98;1
259554793;1.0150399;0.011712;0.00488;-84;42;-91;1
259574021;1.0111359;0.00976;0.006832;-91;42;-91;1
259588927;1.0150399;0.0_sdp810.csv@259590988;7;34;4264
259603582;1.0111359;0.007808;0.002928;-84;35;-98;1
259617107;1.0111359;0.012688;0.006832;-84;35;-98;1
259628406;1.013088;0.012688;0.00488;-77;35;-98;1
259656188;1.008208;0.008784;0.001952;-84;28;-91;1
259668211;1.014064;0.0@20000101_000005_192721_baro_bmp280.csv@259695713;-31.099564;37.9;101699.128;4.7375984
259710140;1.013088;0.011712;0.002928;-84;35;-98;1
259721264;1.0150399;0.01
259734974;1.0150399;0.011712;0.000976;-84;35;-98;1
259747994;1.0111359;0.010736;0.001952;-77;42;-91;1
259771649;1.0111359;0.00976;0.003904;-77;35;-98;1
259802471;1.0111359;0.00976;0.005856;-77;35;-98;1
259817873;1.012112;0.01464;0.003904;-91;35;-105;1
259829098;1.014064;0.008784;0.003904;-91;42;-105;1
259842495;1.013088;0.010736;0.000976;-91;42;-98;1
259856102;1.014064;0.012688;0.002928;-91;35;-105;1
259867164;1.014064;0.008784;0.002928;-98;35;-98;1
259881530;1.01016;0.010736;0.006832;-91;42;-98;1
259895581;1.013088;0.007808;0.002928;-91;35;-105;1
259907023;1.0111359;0.00976;0.002928;-91;35;-98;1
259919966;1.01016;0.006832;0.00488;-91;42;-98;1
259933477;1.012112;0.011712;0.005856;-84;35;-98;1
259953065;1.013088;0.007808;0.002928;-84;35;-98;1
259964808;1.014064;0.00976;0.000976;-91;42;-98;1
259976152;1.014064;0.00976;0.003904;-91;35;-98;1
259989065;1.016016;0.0
260000456;1.0111359;0.011712;0.002928;-91;42;-98;1
260017607;1.014064;0.008784;0.005856;-84;42;-98;1
260033103;1.013088;0.010736;0.002928;-91;42;-98;1
260045570;1.0150399;0.011712;0.00488;-91;42;-98;1
260056181;1.013088;0.00101_000005_192721_accel_adxl375.csv@260057286;1.7639999;0.049;0.147;1
260069607;1.016016;0.007808;0.00488;-84;35;-98;1
260080113;1.012112;0.006832;0.003904;-84;35;-98;1
260094949;1.014064;0.012688;0.003904;-84;35;-98;1
260113021;1.016016;0.011712;0.00488;-84;35;-98;1
260158571;1.01016;0.013664;0.005856;-77;35;-98;1
260171209;1.009184;0.012688;0.003904;-84;35;-98;1
260182386;1.012112;0.0656;-17357;0.96261216;0.030591488;-0.24167276
260198216;1.01016;0.010736;0.00488;-84;35;-98;1
260209162;1.013088;0.010736;0.002928;-84;35;-98;1
260220133;1.013088;0.090000101_000005_192721_airspeed_sdp810.csv@260222079;10;41;4265
260231157;1.013088;0.008784;0.002928;-77;35;-98;1
260242011;1.012112;0.008784;0.003904;-77;35;-98;1
260253391;1.013088;0.00976;0.002928;-84;35;-98;1
260271064;1.01016;0.012688;0.002928;-77;35;-98;1
260283218;1.014064;0.011712;0.002928;-84;35;-105;1
260294053;1.013088;0.010736;0.002928;-91;35;-98;1
260316552;1.013088;0.00976;0.000976;-77;42;-105;1
260327347;1.0111359;0.010736;0.002928;-77;42;-98;1
260349158;1.014064;0.008784;0.00488;-84;35;-98;1
260360833;1.012112;0.008784;0.003904;-91;42;-98;1
260376938;1.014064;0.011712;0.000976;-84;35;-98;1
260388899;1.012112;0.07998;1
260401746;1.012112;0.011712;0.00488;-91;35;-98;1
260414549;1.012112;0.012688;0.003904;-84;35;-98;1
260434995;1.014064;0.00976;0.000976;-91;42;-98;1
260446712;1.013088;0.00976;0.00488;-91;42;-98;1
260473126;1.012112;0.00976;0.003904;-84;42;-98;1
260489731;1.009184;0.008784;0.002928;-91;42;-98;1
260500098;1.012112;0.008784;0.005856;-98;42;-98;1
260513648;1.01016;0.007808;0.005856;-91;35;-98;1
260534699;1.009184;0.010736;0.003904;-98;35;-98;1
260547619;1.012112;0.012688;0.002928;-91;42;-98;1
260559324;1.0111359;0.012688;0.005856;-91;35;-91;1
260603932;1.014064;0.008784;0.005856;-77;35;-98;1
260618690;1.013088;0.011712;0.005856;-77;35;-98;1
260635041;1.009184;0.010736;0.002928;-77;28;-98;1
260648830;1.016016;0.011712;0.00488;-84;35;-98;1
260660597;1.014064;0.011712;0.00488;-77;35;-91;1
260672674;1.0111359;0.01464;0.00488;-77;35;-98;1
260683684;1.014064;0.010736;0.00488;-77;35;-91;1
260697194;1.014064;0.011712;0.002928;-77;35;-98;1
260709744;1.014064;0.008784;0.005856;-84;35;-98;1
260720204;1.01016;0.010736;0.000976;-70;28;-98;1
260734547;1.008208;0.011712;0.002928;-84;35;-105;1
260747752;1.0111359;0.008784;0.00488;-77;35;-105;1
260767421;1.014064;0.010736;0.003904;-70;28;-105;1
260791613;1.012112;0.011712;0.003904;-77;35;-98;1
260805971;1.014064;0.012688;0.002928;-84;35;-98;1
260824731;1.0111359;0.010736;0.000976;-91;42;-91;1
260836176;1.016016;0.012688;0.001952;-98;35;-91;1
260854560;1.013088;0.00976;0.003904;-98;42;-91;1
260867615;1.0150399;0.007808;0.001952;-91;35;-91;1
260879390;1.0111359;0.006832;0.005856;-91;42;-91;1
260892047;1.009184;0.007808;0.002928;-91;42;-98;1
260927670;1.009184;0.011712;0.000976;-84;42;-112;1
260951682;1.0150399;0.012688;0.002928;-84;42;-112;1
260986566;1.0150399;0.075.csv@260989334;1.7639999;0.147;0.147;1
261003026;1.012112;0.013664;0.006832;-98;42;-98;1
261016792;1.012112;0.010736;0.002928;-105;42;-91;1
261056602;1.0111359;0.008784;0.005856;-91;42;-98;1
261070132;1.0111359;0.007808;0.005856;-91;42;-98;1
261084002;1.014064;0.010736;0.003904;-91;35;-10591
261096242;1.012112;0.011712;0.007808;-91;35;-105;1
261111983;1.014064;0.012688;0.003904;-84;35;-105;1
261133038;1.0150399;0.012688;0.00488;-84;35;-105;1
261145815;1.0111359;0.012688;0.000976;-84;35;-98;1
261171186;1.0111359;0.008784;0.001952;-91;35;-98;1
261182535;1.0111359;0.012688;0.002928;-84;35;-98;1
261197071;1.012112;0.007808;0.006832;-84;35;-98;1
261208276;1.012112;0.007808;0.003904;-84;35;-98;1
261219584;1.0111359;0.00976;0.005856;-77;42;-98;1
261230960;1.014064;0.008784;0.002928;-77;35;-105;1
261242625;1.013088;0.007808;0.005856;-70;35;-105;1
261253609;1.009184;0.010736;0.000976;-70;35;-112;1
261269182;1.012112;0.00976;0.005856;-77;35;-105;1
261280092;1.0111359;0.011712;0.003904;-63;35;-105;1
261302032;1.014064;0.013664;0.005856;-84;35;-98;1
261313101;1.0150399;0.013664;0.003904;-84;42;-98;1
261327893;1.0111359;0.013664;0.002928;-84;35;-98;1
261353090;1.012112;0.008784;0.005856;-98;42;-91;1
261368043;1.013088;0.008784;0.002928;-98;42;-98;1
261380068;1.013088;0.008784;0.002928;-91;42;-98;1
261391165;1.01016;0.00976;0.005856;-91;42;-105;1
261413005;1.0111359;0.011712;0.002928;-84;42;-98;1
261433103;1.01016;0.011712;0.002928;-84;35;-105;1
261446627;1.013088;0.013664;0.001952;-91;42;-105;1
261463049;1.014064;0.012688;-0.000976;-91;35;-98;1
261509290;1.013088;0.00976;0.001952;-91;42;-98;1
261528979;1.009184;0.00976;0.003904;-91;42;-98;1
261553299;1.012112;0.00976;0.003904;-84;42;-105;1
261567509;1.012112;0.010736;0.005856;-77;35;-105;1
261578141;1.0111359;0.010736;0.005856;-84;35;-105;1
261611637;1.013088;0.012688;0.005856;-77;35;-105;1
261623027;1.014064;0.0@20000101_000005_192721_accel_adxl375.csv@261626068;1.813;0.147;0.147;1
261641609;1.0111359;0.010736;0.005856;-84;35;-91;1
261652248;1.008208;0.012688;0.001952;-84;42;-98;1
261663623;1.0111359;0.010736;0.001952;-91;42;-98;1
261676377;1.013088;0.00976;0.003904;-91;42;-98;1
261689521;1.009184;0.0@20000101_000005_192721_accel_adxl375.csv@261691592;1.813;0.098;0.196;1
261703006;1.012112;0.007808;0.001952;-91;42;-98;1
261716090;1.013088;0.006832;0.00488;-77;35;-98;1
261728302;1.0111359;0.00976;0.002928;-77;35;-105;1
261739044;1.0111359;0.011712;0.003904;-77;35;-98;1
261750204;1.012112;0.008784;0.003904;-77;28;-105;1
261764584;1.014064;0.007808;0.003904;-77;28;-105;1
261776163;1.013088;0.01464;0.002928;-77;35;-98;1
261802022;1.0111359;0.01464;0.001952;-77;35;-98;1
261814091;1.012112;0.01464;0.00488;-84;42;-91;1
261825415;1.012112;0.007808;0.000976;-84;42;-98;1
261842699;1.012112;0.010736;0.003904;-84;42;-91;1
261854777;1.0111359;0.1csv@261855937;1.7639999;0.196;0.147;1
261866377;1.012112;0.007808;0.005856;-91;42;-91;1
261876937;1.014064;0.010736;0.00488;-84;35;-98;1
261896384;1.012112;0.00976;0.00488;-84;35;-98;1
261907794;1.013088;0.010736;0.002928;-84;35;-105;1
261918023;1.016016;0.013664;0.002928;-91;35;-98;1
261930863;1.0111359;0.012688;0.000976;-91;35;-98;1
261972426;1.012112;0.011712;0.003904;-91;42;-98;1
261985960;1.0111359;0.010736;0.00488;-98;42;-91;1
262000505;1.012112;0.012688;0.00488;-98;49;-98;1
262011311;1.014064;0.008784;0.007808;-91;42;-98;1
262048704;1.013088;0.00488;0.00488;-91;35;-105;1
262059325;1.01016;0.00976;0.00488;-84;35;-105;1
262070762;1.0111359;0.01464;0.003904;-84;35;-105;1
262081648;1.013088;0.00976;0.003904;-84;28;-105;1
262093640;1.0150399;0.011712;0.002928;-84;35;-105;1
262107549;1.012112;0.013664;0.00488;-84;35;-105;1
262118139;1.014064;0.008784;0.001952;-84;42;-98;1
262130273;1.01016;0.012688;0.00488;-91;42;-98;1
262144866;1.0111359;0.012688;0.003904;-84;42;-91;1
262156226;1.0111359;0.9481
262167243;1.013088;0.010736;0.007808;-91;42;-98;1
262178062;1.0150399;0.00976;0.003904;-91;35;-91;1
262196598;1.009184;0.00976;0.005856;-91;35;-98;1
262207200;1.013088;0.007808;0.005856;-91;35;-98;1
262218471;1.0111359;0.010736;0.00488;-84;35;-98;1
262229068;1.013088;0.00976;0.00488;-84;28;-105;1
262246152;1.01016;0.012688;0.002928;-77;35;-105;1
262257286;1.0111359;0.010736;-0.000976;-77;35;-105;1
262268082;1.0111359;0.012688;0.002928;-84;35;-98;1
262279247;1.0111359;0.015616;0.003904;-84;42;-98;1
262302123;1.012112;0.012688;0.002928;-84;42;-98;1
262316028;1.012112;0.010736;0.002928;-84;42;-91;1
262327487;1.0150399;0.012688;0.005856;-84;35;-91;1
262345585;1.0111359;0.00976;0.003904;-91;35;-91;1
262356832;1.013088;0.007808;0.005856;-84;35;-98;1
262390298;1.012112;0.007808;0.000976;-84;35;-105;1
262403818;1.013088;0.00976;0.003904;-84;35;-105;1
262417053;1.013088;0.012688;0.000976;-77;35;-98;1
262436192;1.012112;0.011712;0.000976;-84;42;-98;1
262449059;1.0150399;0.012688;0.002928;-84;42;-91;1
262461636;1.009184;0.010736;0.002928;-84;42;-98;1
262472749;1.01016;0.010736;0.002928;-91;42;-98;1
262483707;1.012112;0.011712;0.005856;-91;42;-98;1
262498540;1.01016;0.006832;0.00488;-98;42;-98;1
262510023;1.014064;0.010736;0.006832;-91;35;-91;1
262522354;1.013088;0.0@20000101_000005_192721_accel_adxl375.csv@262543650;1.813;0.098;0.196;1
262545227;1.016016;0.007808;0.00488;-91;35;-105;1
262559810;1.012112;0.012688;0.001952;-91;42;-105;1
262570726;1.0111359;0.008784;0.000976;-84;42;-105;1
262581851;1.012112;0.011712;0.002928;-84;42;-105;1
262604648;1.013088;0.010736;0.003904;-84;49;-98;1
262625350;1.012112;0.01464;0.005856;-84;35;-98;1
262646135;1.01016;0.013664;0.00488;-91;42;-98;1
262657804;1.009184;0.007808;0.00488;-91;35;-91;1
262669930;1.009184;0.011712;0.00488;-84;28;-91;1
262681185;1.012112;0.00976;0.002928;-91;35;-91;1
262694591;1.013088;0.007808;0.00488;-84;35;-98;1
262714524;1.012112;0.013664;0.001952;-91;42;-105;1
262727472;1.014064;0.00976;0.000976;-84;42;-105;1
262751468;1.012112;0.012688;0.003904;-84;42;-98;1
262762479;1.012112;0.013664;0.00488;-84;42;-98;1
262777455;1.014064;0.010736;0.005856;-91;42;-98;1
262788169;1.013088;0.0-@20000101_000005_192721_accel_adxl375.csv@262792955;1.7639999;0.147;0.196;1
262803310;1.016016;0.012688;0.005856;-98;35;-98;1
262850333;1.01016;0.00976;0.001952;-91;35;-98;1
262872193;1.014064;0.007808;0.002928;-84;42;-91;1
262885832;1.012112;0.006832;0.00488;-77;42;-105;1
262897726;1.0111359;0.008784;0.00488;-77;42;-105;1
262908133;1.013088;0.012688;0.003904;-84;35;-98;1
262934187;1.014064;0.011712;0.00488;-84;42;-91;1
262948089;1.0111359;0.008784;0.00488;-91;35;-98;1
262959806;1.014064;0.010736;0.001952;-91;35;-98;1
262972903;1.013088;0.010736;0.001952;-91;35;-91;1
262985075;1.013088;0.00976;0.000976;-91;35;-91;1
263003112;1.012112;0.012688;0.00488;-84;35;-98;1
263017758;1.009184;0.011712;0.001952;-84;35;-98;1
263033402;1.016016;0.00976;0.002928;-84;42;-105;1
263045563;1.012112;0.012688;0.00488;-77;42;-105;1
263056391;1.0150399;0.@20000101_000005_192721_accel_adxl375.csv@263058541;1.7639999;0.147;0.147;1
263070153;1.013088;0.011712;0.003904;-84;35;-105;1
263081092;1.013088;0.013664;0.003904;-84;35;-98;1
263095205;1.013088;0.011712;0.00488;-91;35;-98;1
263113039;1.0111359;0.010736;0.005856;-84;35;-98;1
263145100;1.0111359;0.00976;0.00488;-91;35;-91;1
263156002;1.013088;0.008784;0.001952;-91;35;-98;1
263167755;1.0111359;0.00976;0.003904;-84;35;-98;1
263179159;1.012112;0.006832;0.005856;-84;42;-98;1
263194427;1.013088;0.00976;0.002928;-84;42;-98;1
263205227;1.016016;0.011712;0.00488;-77;42;-98;1
263218494;1.0150399;0.010736;0.005856;-77;42;-98;1
263229017;1.0150399;0.008784;0.003904;-77;35;-98;1
263268233;1.016016;0.005856;0.006832;-84;35;-91;1
263284320;1.0111359;0.011712;0.003904;-84;35;-91;1
263295704;1.0111359;0.008784;0.001952;-91;35;-98;1
263306122;1.0111359;0.007808;0.005856;-91;35;-98;1
263333430;1.013088;0.010736;0.0;-84;42;-98;1
263353454;1.014064;0.008784;0.001952;-84;42;-105;1
263368397;1.012112;0.010736;0.006832;-84;42;-98;1
263380498;1.009184;0.011712;0.005856;-84;42;-98;1
263398475;1.012112;0.010736;0.003904;-84;35;-98;1
263410931;1.014064;0.013664;0.001952;-84;35;-98;1
263435239;1.013088;0.012688;0.002928;-91;35;-98;1
263448887;1.012112;0.00976;0.002928;-91;42;-98;1
263460257;1.016016;0.011712;0.000976;-91;42;-98;1
263470980;1.0111359;0.012688;0.003904;-84;42;-98;1
263482621;1.012112;0.010736;0.005856;-84;42;-105;1
263498785;1.012112;0.008784;0.002928;-84;42;-105;1
263523679;1.0150399;0.011712;-0.000976;-84;35;-105;1
263535457;1.012112;0.010736;0.003904;-84;35;-105;1
263555368;1.0111359;0.01464;0.003904;-84;35;-98;1
263568610;1.012112;0.008784;0.003904;-84;35;-98;1
263579437;1.0150399;0.011712;0.002928;-91;35;-98;1
263596339;1.01016;0.010736;0.00488;-91;35;-98;1
263614603;1.014064;0.00976;0.001952;-91;35;-98;1
263629616;1.012112;0.010736;0.005856;-91;42;-98;1
263646985;1.013088;0.011712;0.002928;-91;42;-105;1
263660187;1.012112;0.00976;0.005856;-84;42;-98;1
263671051;1.012112;0.00976;0.007808;-84;42;-98;1
263682519;1.012112;0.012688;0.007808;-91;35;-98;1
263697646;1.0111359;0.011712;0.005856;-84;35;-98;1
263714451;1.0111359;0.00976;0.003904;-84;28;-91;1
263746385;1.013088;0.00976;0.000976;-91;35;-98;1
263760101;1.013088;0.007808;0.003904;-91;35;-91;1
263772701;1.0111359;0.008784;0.006832;-91;35;-91;1
263803051;1.0111359;0.00976;0.002928;-91;42;-98;1
263814005;1.013088;0.00976;0.003904;-84;42;-98;1
263831284;1.0150399;0.00976;0.003904;-84;35;-98;1
263845940;1.013088;0.011712;0.002928;-84;35;-98;1
263867910;1.012112;0.011712;0.00488;-84;35;-98;1
263883683;1.0150399;0.011712;0.001952;-84;35;-98;1
263905269;1.012112;0.010736;0.001952;-84;42;-98;1
263930542;1.012112;0.007808;0.003904;-84;42;-91;1
263953189;1.009184;0.011712;0.00488;-91;42;-98;1
263966451;1.0111359;0.011712;0.006832;-84;42;-105;1
263976979;1.014064;0.00976;0.001952;-91;35;-98;1
263989109;1.0150399;0.91_000005_192721_accel_adxl375.csv@263990305;1.7639999;0.049;0.196;1
264003049;1.0150399;0.00976;0.001952;-91;35;-105;1
264019079;1.012112;0.00976;0.001952;-84;35;-98;1
264030608;1.009184;0.012688;0.003904;-84;35;-98;1
264041245;1.013088;0.012688;0.001952;-84;35;-98;1
264052141;1.012112;0.012688;0.002928;-91;35;-105;1
264066921;1.0111359;0.008784;0.005856;-91;35;-98;1
264077925;1.0111359;0.013664;0.001952;-98;35;-98;1
264091332;1.009184;0.012688;0.00488;-98;42;-98;1
264111815;1.0111359;0.012688;0.001952;-84;42;-98;1
264135432;1.01016;0.011712;0.003904;-98;35;-105;1
264154915;1.012112;0.010736;0.002928;-84;35;-91;1
264166848;1.013088;0.010736;0.003904;-91;35;-98;1
264177918;1.012112;0.011712;0.003904;-84;42;-98;1
264215030;1.013088;0.011712;0.002928;-98;35;-91;1
264228575;1.012112;0.011712;0.003904;-91;42;-98;1
264245525;1.012112;0.006832;0.003904;-91;35;-98;1
264256174;1.0111359;0.-98;1
264268225;1.012112;0.00976;0.00488;-84;35;-91;1
264279048;1.01016;0.00976;0.006832;-84;35;-98;1
264295374;1.0111359;0.00976;0.003904;-70;35;-98;1
264313020;1.0150399;0.00976;0.001952;-91;35;-98;1
264325035;1.013088;0.013664;0.001952;-70;35;-105;1
264343108;1.0150399;0.31_000005_192721_accel_adxl375.csv@264352613;1.7639999;0.147;0.196;1
264357530;1.013088;0.013664;0.00488;-91;42;-98;1
264367997;1.012112;0.00976;0.001952;-77;42;-91;1
264379782;1.0150399;0.011712;0.002928;-91;42;-91;1
264404791;1.0111359;0.00976;0.003904;-91;42;-98;1
264415443;1.0150399;0.008784;0.00488;-91;42;-98;1
264428350;1.013088;0.00976;0.003904;-84;42;-98;1
264439697;1.013088;0.007808;0.003904;-91;35;-98;1
264450840;1.013088;0.00976;0.002928;-91;35;-105;1
264462070;1.0111359;0.00976;0.002928;-91;35;-105;1
264473749;1.0150399;0.00976;0.003904;-84;35;-105;1
264484249;1.013088;0.0
264498501;1.013088;0.011712;0.002928;-91;42;-105;1
264529907;1.01016;0.011712;0.001952;-98;42;-91;1
264561731;1.014064;0.008784;0.006832;-98;42;-98;1
264572237;1.0111359;0.008784;0.006832;-98;42;-98;1
264583838;1.0111359;0.008784;0.005856;-91;42;-91;1
264603001;1.012112;0.007808;0.00488;-91;42;-98;1
264616689;1.012112;0.008784;0.003904;-91;42;-105;1
264655046;1.012112;0.012688;0.002928;-84;42;-105;1
264673200;1.0150399;0.010736;0.00488;-91;42;-98;1
264684588;1.016016;0.00976;0.006832;-98;35;-98;1
264696895;1.0111359;0.013664;0.005856;-98;35;-91;1
264708685;1.012112;0.013664;0.005856;-91;35;-98;1
264720622;1.014064;0.00976;0.005856;-98;28;-91;1
264731999;1.012112;0.007808;0.003904;-98;35;-98;1
264745543;1.013088;0.00976;0.003904;-98;28;-98;1
264764569;1.0111359;0.007808;0.001952;-84;28;-98;1
264779453;1.012112;0.010736;0.006832;-70;35;-105;1
264804846;1.012112;0.006832;0.003904;-70;35;-105;1
264817450;1.012112;0.012688;0.002928;-70;35;-105;1
264829441;1.012112;0.007808;0.007808;-70;35;-105;1
264840173;1.0111359;0.011712;0.005856;-70;35;-98;1
264851631;1.012112;0.010736;0.003904;-77;35;-98;1
264866158;1.013088;0.00976;0.005856;-84;35;-91;1
264879215;1.013088;0.00976;0.002928;-84;28;-91;1
264893766;1.0111359;0.006832;0.006832;-77;28;-91;1
264910868;1.012112;0.00976;0.000976;-84;35;-98;1
264935372;1.013088;0.007808;0.001952;-77;35;-105;1
264953085;1.013088;0.008784;0.002928;-77;35;-105;1
264965878;1.012112;0.00976;0.003904;-70;42;-105;1
264976947;1.013088;0.011712;0.007808;-77;35;-105;1
265002031;1.01016;0.013664;0.002928;-91;42;-98;1
265014653;1.007232;0.010736;0.001952;-91;35;-98;1
265025875;1.01016;0.012688;0.000976;-91;35;-98;1
265037085;1.01016;0.007808;0.00488;-98;28;-91;1
265048427;1.0111359;0.00976;0.002928;-91;35;-91;1
265061734;1.013088;0.011712;0.001952;-84;42;-98;1
265109920;1.014064;0.010736;0.003904;-70;49;-105;1
265123537;1.0111359;0.012688;0.00488;-84;42;-105;1
265145076;1.013088;0.00976;0.006832;-77;42;-105;1
265156107;1.013088;0.001_000005_192721_accel_adxl375.csv@265157317;1.813;0.147;0.244999984;1
265167839;1.013088;0.011712;0.006832;-84;35;-98;1
265179035;1.012112;0.012688;0.005856;-105;28;-98;1
265195220;1.0150399;0.008784;0.00488;-91;35;-91;1
265206156;1.0150399;0.00976;0.001952;-91;35;-91;1
265221867;1.012112;0.008784;0.00488;-91_00005_192721_accel_adxl375.csv@265223837;1.813;0.098;0.196;1
265233157;1.012112;0.00976;0.002928;-91;35;-98;1
265247735;1.0111359;0.008784;0.005856;-84;42;-98;1
265258200;1.012112;0.00976;0.003904;-84;35;-98;1
265271440;1.014064;0.00976;0.002928;-84;42;-98;1
265282084;1.0111359;0.007808;0.005856;-84;35;-98;1
265293992;1.013088;0.011712;0.005856;-70;42;-105;1
265313093;1.008208;0.008784;0.00488;-84;35;-105;1
265326495;1.014064;0.011712;0.003904;-84;28;-98;1
265342246;1.016016;0.011712;0.002928;-84;28;-98;1
265353073;1.012112;0.011712;0.001952;-84;28;-98;1
265366660;1.012112;0.010736;0.001952;-91;35;-98;1
265376924;1.01016;0.010736;0.002928;-84;35;-98;1
265394352;1.0111359;0.005856;0.0;-77;42;-91;1
265405509;1.014064;0.00976;0.001952;-84;42;-98;1
265417343;1.0111359;0.00976;0.005856;-77;42;-105;1
265428193;1.016016;0.010736;0.006832;-84;42;-105;1
265444984;1.012112;0.00976;0.006832;-77;42;-98;1
265458279;1.0111359;0.012688;0.00488;-84;35;-98;1
265469524;1.0150399;0.00976;0.000976;-84;35;-105;1
265501008;1.0111359;0.008784;0.001952;-91;42;-98;1
265517152;1.012112;0.00976;0.001952;-98;35;-98;1
265528926;1.01016;0.00976;0.00488;-91;42;-91;1
265539943;1.013088;0.005856;0.002928;-91;42;-98;1
265551043;1.013088;0.007808;0.006832;-98;42;-98;1
265562132;1.0111359;0.008784;0.005856;-84;49;-105;1
265572966;1.013088;0.006832;0.00488;-84;42;-105;1
265588644;1.012112;0.01@20000101_000005_192721_accel_adxl375.csv@265602944;1.7639999;0.098;0.147;1
265605791;1.013088;0.00976;0.006832;-84;42;-112;1
265617890;1.0111359;0.011712;0.00488;-91;35;-112;1
265634457;1.014064;0.013664;0.00488;-84;28;-98;1
265647411;1.014064;0.011712;0.00488;-84;35;-105;1
265671191;1.013088;0.008784;0.00488;-91;35;-98;1
265682114;1.01016;0.011712;0.001952;-84;42;-98;1
265693820;1.013088;0.010736;0.00488;-91;42;-98;1
265704967;1.014064;0.007808;0.00488;-91;42;-98;1
265716318;1.012112;0.008784;0.006832;-91;42;-98;1
265728583;1.014064;0.012688;0.002928;-84;42;-105;1
265740792;1.0150399;0.013664;0.005856;-84;42;-105;1
265764581;1.01016;0.010736;0.00488;-84;28;-105;1
265776339;1.012112;0.010736;0.006832;-84;28;-105;1
265791673;1.014064;0.013664;0.002928;-91;28;-98;1
265801937;1.013088;0.010736;0.00488;-91;35;-98;1
265813548;1.012112;0.010736;0.002928;-84;35;-98;1
265826481;1.0111359;0.012688;0.003904;-91;35;-98;1
265842656;1.01016;0.013664;0.00488;-84;42;-91;1
265853355;1.0111359;0.011712;0.003904;-91;35;-98;1
265866814;1.012112;0.010736;0.00488;-91;42;-98;1
265878221;1.012112;0.008784;0.00488;-77;35;-98;1
265893283;1.0150399;0.010736;0.006832;-84;28;-98;1
265924546;1.01016;0.00976;0.001952;-77;28;-105;1
265942579;1.009184;0.011712;0.00488;-77;28;-98;1
265967038;1.0150399;0.011712;-0.001952;-84;35;-105;1
265983387;1.014064;0.00976;0.001952;-84;42;-98;1
265994212;1.014064;0.00976;0.002928;-91;42;-91;1
266006074;1.01016;0.00976;0.003904;-98;49;-91;1
266017733;1.01016;0.008784;0.006832;-98;49;-91;1
266033769;1.013088;0.011712;0.00488;-98;42;-98;1
266057638;1.0111359;0.006832;0.005856;-98;35;-98;1
266068351;1.0111359;0.006832;0.005856;-98;35;-98;1
266078941;1.013088;0.007808;0.005856;-98;35;-105;1
266092648;1.012112;0.010736;0.002928;-91;35;-105;1
266105957;1.009184;0.010736;0.001952;-91;35;-105;1
266123045;1.014064;0.011712;0.001952;-91;42;-105;1
266134600;1.0111359;0.010736;0.002928;-91;42;-105;1
266153025;1.013088;0.012688;0.000976;-84;49;-98;1
266170276;1.0111359;0.008784;0.001952;-98;49;-105;1
266195733;1.014064;0.011712;0.006832;-91;42;-98;1
266206131;1.012112;0.008784;0.00488;-91;42;-98;1
266218814;1.014064;0.008784;0.001952;-84;35;-105;1
266230969;1.0111359;0.010736;0.006832;-84;28;-98;1
266242593;1.0111359;0.011712;0.002928;-77;28;-98;1
266253119;1.012112;0.00101_000005_192721_laser_agl.csv@266254941;0.021;0
266264638;1.01016;0.00976;0.001952;-84;35;-105;1
266276582;1.012112;0.00976;0.002928;-84;28;-98;1
266292214;1.0111359;0.010736;0.002928;-77;35;-98;1
266303038;1.0150399;0.013664;0.0;-84;42;-105;1
266316667;1.0150399;0.011712;0.000976;-84;42;-98;1
266336441;1.0150399;0.010736;0.006832;-91;42;-91;1
266347887;1.01016;0.011712;0.006832;-91;42;-91;1
266388223;1.01016;0.010736;0.005856;-91;35;-98;1
266407240;1.013088;0.00976;0.003904;-77;21;-91;1
266419737;1.013088;0.00976;0.000976;-77;28;-91;1
266437480;1.014064;0.010736;0.00488;-77;35;-98;1
266447895;1.0111359;0.013664;0.003904;-77;35;-98;1
266472009;1.009184;0.00976;0.003904;-77;42;-98;1
266487916;1.0150399;0.010736;0.005856;-84;35;-98;1
266502092;1.0111359;0.010736;0.002928;-77;35;-91;1
266514663;1.014064;0.007808;0.006832;-91;35;-98;1
266533018;1.016992;0.008784;0.003904;-77;35;-98;1
266544617;1.012112;0.010736;0.000976;-84;28;-98;1
266555922;1.0150399;0.00101_000005_192721_accel_adxl375.csv@266557546;1.7639999;0.147;0.244999984;1
266569757;1.012112;0.011712;0.002928;-70;35;-98;1
266579930;1.013088;0.007808;0.003904;-84;35;-105;1
266591928;1.0111359;0.00976;0.001952;-77;42;-105;1
266603926;1.01016;0.01464;0.003904;-84;42;-105;1
266616979;1.012112;0.012688;0.005856;-91;42;-105;1
266643031;1.013088;0.011712;0.007808;-91;42;-98;1
266661716;1.013088;0.00976;0.005856;-91;42;-91;1
266676708;1.013088;0.00976;0.00488;-105;35;-98;1
266687879;1.013088;0.007808;0.003904;-98;35;-98;1
266700861;1.014064;0.011712;0.00488;-98;35;-98;1
266711994;1.0150399;0.012688;0.002928;-98;42;-98;1
266734921;1.0111359;0.011712;0.00488;-91;35;-105;1
266749999;1.014064;0.008784;0.001952;-84;42;-105;1
266765257;1.014064;0.013664;0.002928;-84;49;-98;1
266778409;1.012112;0.012688;0.002928;-91;49;-98;1
266826861;1.013088;0.008784;0.00488;-91;35;-91;1
266845521;1.016016;0.011712;0.002928;-91;35;-91;1
266857157;1.0150399;0.736;0.002928;-84;28;-98;1
266868962;1.0111359;0.011712;0.002928;-77;35;-98;1
266879862;1.013088;0.00976;0.00488;-84;28;-98;1
266897371;1.013088;0.008784;0.00488;-77;35;-98;1
266923009;1.012112;0.00976;0.003904;-63;35;-98;1
266940561;1.012112;0.008784;0.001952;-91;35;-91;1
266960865;1.012112;0.013664;0.005856;-77;35;-98;1
266971961;1.013088;0.00976;0.00488;-84;28;-91;1
266984220;1.014064;0.00976;0.002928;-84;35;-91;1
267013036;1.01016;0.008784;0.000976;-70;35;-98;1
267035519;1.013088;0.006832;0.005856;-91;28;-98;1
267046778;1.016992;0.010736;0.002928;-63;35;-98;1
267062164;1.01016;0.010736;0.000976;-91;35;-105;1
267073209;1.0111359;0.012688;0.001952;-70;42;-105;1
267084925;1.014064;0.01464;0.0;-77;42;-105;1
267114699;1.012112;0.011712;0.005856;-77;42;-98;1
267133017;1.013088;0.007808;0.000976;-91;42;-98;1
267147358;1.012112;0.008784;0.001952;-84;42;-98;1
267158033;1.012112;0.006832;0.001952;-112;35;-98;1
267171950;1.013088;0.011712;0.00488;-84;35;-105;1
267195973;1.012112;0.013664;0.003904;-84;42;-105;1
267212462;1.012112;0.010736;0.002928;-98;35;-105;1
267223059;1.012112;0.011712;0.00488;-84;42;-105;1
267234644;1.012112;0.013664;0.002928;-84;42;-98;1
267244941;1.012112;0.010736;0.003904;-98;42;-105;1
267293789;1.013088;0.00976;0.003904;-84;42;-98;1
267305547;1.013088;0.00976;0.003904;-98;35;-98;1
267319332;1.013088;0.010736;0.00488;-91;35;-98;1
267337101;1.0150399;0.00976;0.001952;-98;28;-98;1
267352120;1.01016;0.008784;0.002928;-@20000101_000005_192721_laser_agl.csv@267357682;0.022;0
267364910;1.0150399;0.008784;0.003904;-91;35;-98;1
267376144;1.012112;0.011712;0.003904;-77;35;-105;1
267403509;1.013088;0.00976;0.005856;-91;35;-105;1
267416372;1.016992;0.011712;0.00488;-84;28;-98;1
267427869;1.012112;0.011712;0.006832;-84;28;-98;1
267439199;1.012112;0.010736;0.002928;-70;28;-98;1
267450292;1.012112;0.008784;0.001952;-91;28;-98;1
267465397;1.0111359;0.008784;0.002928;-77;28;-98;1
267476043;1.012112;0.011712;0.000976;-77;28;-98;1
267491491;1.014064;0.011712;0.00488;-70;28;-98;1
267501931;1.012112;0.010736;0.003904;-77;28;-105;1
267523067;1.01016;0.010736;0.00488;-70;35;-98;1
267534825;1.012112;0.00976;0.001952;-70;35;-105;1
267547877;1.0111359;0.00976;0.003904;-84;35;-98;1
267561071;1.01016;0.010736;0.00488;-70;35;-98;1
267573375;1.0111359;0.00976;0.005856;-70;42;-98;1
267588958;1.013088;0.012688;0.003904;-91;35;-98;1
267613018;1.013088;0.010736;0.001952;-84;35;-91;1
267633126;1.014064;0.010736;0.003904;-98;35;-105;1
267647093;1.012112;0.00976;0.003904;-91;42;-98;1
267662234;1.012112;0.010736;0.002928;-98;42;-105;1
267699383;1.012112;0.00976;0.003904;-98;42;-98;1
267715989;1.012112;0.011712;0.005856;-91;42;-98;1
267733315;1.009184;0.010736;0.003904;-105;42;-98;1
267747004;1.013088;0.015616;0.003904;-84;42;-91;1
267758046;1.0111359;0.00976;0.00488;-112;42;-98;1
267773001;1.012112;0.007808;0.003904;-91;49;-98;1
267788280;1.014064;0.05@267789406;1.7149999;0.147;0.196;1
267803087;1.012112;0.00976;0.003904;-91;42;-98;1
267816200;1.0150399;0.011712;0.003904;-91;42;-98;1
267829902;1.013088;0.010736;0.00488;-91;42;-98;1
267853138;1.0150399;0.@20000101_000005_192721_imu_bno055.csv@267860300;341.4375;7562;-17357;0.96363184;0.02753234;-0.237593884
267865559;1.009184;0.011712;0.003904;-84;35;-98;1
267876034;1.014064;0.012688;0.00488;-70;28;-98;1
267901937;1.01016;0.011712;0.003904;-70;35;-98;1
267914855;1.0111359;0.012688;0.003904;-77;35;-98;1
267932996;1.014064;0.00976;0.005856;-77;35;-98;1
267946711;1.01016;0.00976;0.003904;-70;35;-98;1
267963083;1.013088;0.010736;0.00488;-77;28;-98;1
267974720;1.012112;0.010736;0.000976;-63;35;-98;1
267985217;1.013088;0.011712;0.003904;-70;28;-105;1
267997558;1.012112;0.008784;0.00488;-77;28;-105;1
268014544;100488;-63;28;-105;1
268027687;1.013088;0.00976;0.002928;-70;28;-105;1
268044530;1.013088;0.008784;0.002928;-70;35;-98;1
268057670;1.014064;0.008784;0.003904;-77;35;-98;1
268069016;1.013088;0.008784;0.003904;-70;35;-98;1
268081700;1.012112;0.008784;0.000976;-77;35;-105;1
268104648;1.012112;0.00976;0.0;-77;35;-98;1
268116558;1.014064;0.00976;0.00488;-91;42;-98;1
268127822;1.013088;0.011712;0.002928;-91;42;-98;1
268139448;1.009184;0.00976;0.005856;-91;42;-98;1
268176030;1.0150399;0.008784;0.000976;-105;42;-105;1
268187353;1.01016;0.011712;0.000976;-91;49;-91;1
268198435;1.012112;0.00976;0.001952;-98;42;-91;1
268209210;1.0150399;0.010736;0.002928;-112;42;-98;1
268220167;1.014064;0.00976;0.005856;-98;49;-98;1
268233114;1.0150399;0.011712;0.00488;-98;49;-91;1
268246740;1.0150399;0.00976;0.002928;-105;49;-91;1
268256918;1.013088;0.0@20000101_000005_192721_imu_bno055.csv@268261783;341.4375;7562;-17357;0.96261216;0.02753234;-0.24065304
268269929;1.0111359;0.013664;0.00488;-112;42;-98;1
268282302;1.012112;0.012688;0.00976;-105;42;-98;1
268297925;1.0111359;0.008784;0.00488;-98;42;-98;1
268312771;1.012112;0.00976;0.003904;-91;35;-98;1
268323128;1.0111359;0.@20000101_000005_192721_power_ina226.csv@268328570;3918;494;1925;0
268333879;1.01016;0.00976;0.008784;-98;35;-98;1
268346914;1.014064;0.00976;0.005856;-77;42;-98;1
268358052;1.012112;0.012688;0.003904;-91;35;-105;1
268369944;1.0111359;0.008784;0.002928;-84;42;-98;1
268383279;1.016992;0.013664;0.002928;-63;42;-98;1
268397619;1.014064;0.00976;0.00488;-91;35;-98;1
268414554;1.012112;0.00976;0.00488;-63;42;-91;1
268434666;1.012112;0.007808;0.005856;-84;28;-98;1
268448513;1.012112;0.006832;0.00488;-63;28;-98;1
268471792;1.012112;0.008784;0.000976;-63;28;-98;1
268482758;1.014064;0.04000005_192721_baro_bmp280.csv@268484545;-31.532896;37.91;101704.34;4.304266
268496624;1.013088;0.00976;0.002928;-84;28;-105;1
268514509;1.0111359;0.008784;0.00488;-70;35;-105;1
268534695;1.012112;0.010736;0.000976;-70;35;-105;1
268548050;1.009184;0.012688;0.003904;-77;35;-98;1
268592786;1.013088;0.011712;0.00488;-70;35;-98;1
268614707;1.014064;0.010736;0.001952;-91;35;-98;1
268629537;1.0111359;0.011712;0.0;-77;42;-98;1
268646553;1.014064;0.010736;0.002928;-91;42;-105;1
268671739;1.012112;0.012688;0.000976;-84;42;-105;1
268685404;1.016016;0.011712;0.003904;-91;49;-98;1
268704704;1.016016;0.013664;0.00488;-112;42;-98;1
268718143;1.0111359;0.011712;0.00488;-91;42;-98;1
268734616;1.012112;0.00976;0.000976;-105;42;-91;1
268749367;1.0111359;0.010736;0.000976;-105;42;-91;1
268760901;1.012112;0.007808;0.00488;-105;42;-91;1
268772436;1.012112;0.007808;0.001952;-105;42;-91;1
268783825;1.008208;0.008784;0.005856;-98;42;-98;1
268797587;1.013088;0.006832;0.003904;-91;42;-105;1
268814471;1.012112;0.012688;0.005856;-84;42;-105;1
268827039;1.012112;0.01464;0.005856;-84;42;-112;1
268851656;1.0111359;0.008784;0.003904;-91;35;-98;1
268862781;1.012112;0.013664;0.005856;-84;35;-98;1
268877921;1.0111359;0.010736;0.003904;-91;42;-98;1
268889092;1.0111359;0.@20000101_000005_192721_accel_adxl375.csv@268891892;1.7639999;0.147;0.147;1
268903787;1.012112;0.012688;0.006832;-84;35;-91;1
268923006;1.0111359;0.00976;0.002928;-84;35;-91;1
268936408;1.014064;0.007808;0.00488;-77;35;-98;1
268947227;1.012112;0.010736;0.002928;-77;28;-98;1
268959648;1.01016;0.008784;0.00488;-70;35;-98;1
268970138;1.013088;0.007808;0.005856;-77;35;-105;1
268986331;1.01016;0.00976;0.007808;-7@20000101_000005_192721_imu_lsm6dso32.csv@268997779;1.01016;0.013664;0.003904;-70;28;-105;1
269023060;1.013088;0.010736;0.001952;-77;28;-105;1
269060627;1.013088;0.012688;0.0;-91;28;-98;1
269079484;1.012112;0.00976;0.002928;-84;35;-91;1
269092765;1.0111359;0.011712;-0.000976;-84;35;-98;1
269108412;1.014064;0.00976;0.003904;-84;42;-91;1
269121165;1.012112;0.00976;0.00488;-91;4@20000101_000005_192721_imu_bno055.csv@269123652;341.4375;7562;-42692468
269132680;1.0111359;0.00976;0.00488;-84;35;-105;1
269163774;1.013088;0.012688;0.00488;-91;35;-105;1
269191695;1.012112;0.012688;0.003904;-84;35;-98;1
269202204;1.0111359;0.012688;0.001952;-84;42;-98;1
269215713;1.013088;0.007808;0.002928;-91;42;-98;1
269226746;1.014064;0.011712;0.003904;-91;42;-91;1
269247336;1.0150399;0.010736;0.002928;-98;49;-91;1
269271942;1.014064;0.005856;0.005856;-98;42;-91;1
269283948;1.012112;0.007808;0.001952;-105;42;-98;1
269297279;1.014064;0.008784;0.005856;-91;42;-105;1
269308056;1.01016;0.007808;0.003904;-84;42;-112;1
269319031;1.012112;0.010736;0.00488;-84;35;-105;1
269334550;1.0150399;0.012688;0.005856;-84;35;-112;1
269349881;1.012112;0.010736;0.005856;-91;35;-105;1
269380978;1.01016;0.01464;0.002928;-98;35;-98;1
269401408;1.012112;0.010736;0.00488;-98;42;-91;1
269416574;1.013088;0.007808;0.006832;-84;42;-91;1
269434526;1.014064;0.007808;0.00488;-84;35;-98;1
269447233;1.014064;0.008784;0.006832;-77;35;-98;1
269460877;1.013088;0.006832;0.005856;-70;28;-105;1
269472955;1.01016;0.007808;0.00488;-70;21;-105;1
269509928;1.014064;0.012688;0.000976;-70;21;-98;1
269522540;1.012112;0.0@20000101_000005_192721_accel_adxl375.csv@269526308;1.7639999;0.147;0.196;1
269542746;1.0111359;0.012688;0.000976;-84;35;-91;1
269554215;1.013088;0.013664;0.003904;-77;35;-91;1
269566830;1.013088;0.013664;0.005856;-91;35;-91;1
269578104;1.0150399;0.008784;0.00488;-84;35;-91;1
269594404;1.016992;0.007808;0.00488;-77;35;-91;1
269613037;1.012112;0.0121_accel_adxl375.csv@269614110;1.813;0.147;0.196;1
269626558;1.0111359;0.011712;0.001952;-84;28;-105;1
269641641;1.0111359;0.010736;0.003904;-70;28;-105;1
269668114;1.013088;0.010736;0.0;-77;35;-105;1
269680432;1.0111359;0.012688;0.0;-70;42;-98;1
269694580;1.012112;0.012688;0.001952;-84;42;-98;1
269706943;1.012112;0.013664;0.001952;-98;49;-91;1
269719928;1.013088;0.011712;0.000976;-98;42;-84;1
269731314;1.014064;0.006832;0.002928;-98;42;-84;1
269753080;1.012112;0.00976;0.003904;-112;42;-84;1
269765542;1.013088;0.006832;0.002928;-105;42;-91;1
269776110;1.012112;0.010736;0.003904;-91;35;-91;1
269788897;1.012112;0.09269790128;1.7639999;0.098;0.147;1
269799988;1.0111359;0.007808;0.00488;-91;42;-105;1
269812701;1.0111359;0.011712;0.002928;-77;42;-105;1
269823099;1.0111359;0.;-112;1
269836927;1.014064;0.010736;0.005856;-91;42;-105;1
269848064;1.012112;0.011712;0.00488;-84;42;-105;1
269869988;1.0150399;0.011712;0.003904;-91;42;-98;1
269881843;1.0150399;0.011712;0.003904;-98;42;-91;1
269893222;1.009184;0.011712;0.00488;-91;42;-91;1
269906399;1.014064;0.012688;0.005856;-91;35;-91;1
269922992;1.016016;0.00976;0.00488;-91;35;-91;1
269968635;1.009184;0.00976;0.002928;-77;35;-105;1
269980270;1.0111359;0.010736;0.002928;-70;28;-105;1
269993628;1.013088;0.012688;0.002928;-77;28;-105;1
270014693;1.0111359;0.011712;0.00488;-77;35;-105;1
270034802;1.013088;0.012688;0.007808;-77;28;-91;1
270048221;1.012112;0.00976;0.001952;-84;28;-84;1
270060738;1.013088;0.012688;0.0;-84;28;-84;1
270073254;1.013088;0.010736;0.001952;-91;28;-84;1
270091244;1.013088;0.00976;0.0;-84;35;-84;1
270101968;1.0111359;0.008784;0.001952;-77;35;-84;1
270117235;1.012112;0.00488;0.002928;-84;42;-98;1
270131874;1.013088;0.007808;0.002928;-70;42;-98;1
270145581;1.01016;0.013664;0.005856;-70;35;-105;1
270156133;1.013088;0.013664;0.005856;-77;35;-105;1
270168396;1.009184;0.013664;0.002928;-77;28;-105;1
270178939;1.013088;0.013664;0.007808;-84;28;-105;1
270195785;1.0111359;0.01464;0.00488;-91;14;-105;1
270207161;1.0111359;0.012688;0.003904;-98;14;-98;1
270218653;1.013088;0.00976;0.002928;-84;14;-91;1
270228995;1.0150399;0.011712;0.000976;-84;21;-91;1
270245353;1.009184;0.011712;-0.003904;-91;35;-91;1
270256112;1.014064;0.0;-0.001952;-98;49;-98;1
270268582;1.01016;0.013664;-0.001952;-91;56;-98;1
270279256;1.012112;0.010736;0.001952;-91;63;-91;1
270293123;1.0111359;0.011712;0.001952;-98;63;-91;1
270304264;1.013088;0.008784;0.005856;-105;63;-91;1
270317083;1.0150399;0.006832;0.010736;-98;56;-98;1
270328680;1.01016;0.005856;0.012688;-91;42;-105;1
270340924;1.0111359;0.00488;0.010736;-84;28;-112;1
270363033;1.014064;0.0792721_accel_adxl375.csv@270364645;1.7639999;0.098;0.147;1
270395743;1.014064;0.013664;-0.001952;-63;21;-112;1
270414158;1.0111359;0.012688;-0.002928;-77;42;-98;1
270432557;1.014064;0.015616;-0.000976;-91;63;-84;1
270443267;1.012112;0.013664;0.001952;-91;70;-84;1
270466094;1.0150399;0.00488;0.010736;-105;70;-84;1
270483023;1.0111359;0.00488;0.012688;-91;42;-91;1
270517496;1.01016;0.00976;0.005856;-70;7;-112;1
270533010;1.012112;0.012688;-0.002928;-63;7;-112;1
270547456;1.013088;0.015616;-0.003904;-70;21;-112;1
270558142;1.014064;0.016592;-0.003904;-91;28;-105;1
270569390;1.013088;0.015616;-0.00488;-98;56;-91;1
270580108;1.012112;0.012688;-0.000976;-112;63;-84;1
270594818;1.014064;0.011712;0.0;-112;70;-77;1
270613029;1.012112;0.010736;0.007808;-119;70;-70;1
270624235;1.012112;0.006832;0.00976;-119;63;-84;1
270643630;1.014064;0.005856;0.008784;-98;35;-84;1
270666117;1.01016;0.008784;0.006832;-105;14;-105;1
270689973;1.013088;0.00488;0.000976;-77;14;-112;1
270705132;1.0111359;0.013664;-0.002928;-70;28;-112;1
270722388;1.013088;0.013664;-0.003904;-84;56;-105;1
270735214;1.013088;0.01464;-0.000976;-91;63;-98;1
270746553;1.014064;0.01464;0.002928;-98;70;-91;1
270767949;1.013088;0.011712;0.007808;-91;70;-84;1
270780834;1.0111359;0.008784;0.00976;-105;70;-84;1
270792420;1.0111359;0.00488;0.00976;-119;42;-84;1
270807069;1.012112;0.005856;0.010736;-98;35;-91;1
270820239;1.01016;0.00@20000101_000005_192721_imu_bno055.csv@270822123;341.4375;7562;-17357;0.96363184;0.021414042;-0.23657418
270853835;1.014064;0.008784;-0.005856;-49;21;-126;1
270868153;1.0111359;0.016592;-0.00488;-56;35;-126;1
270880231;1.012112;0.016592;-0.002928;-70;42;-119;1
270902055;1.009184;0.01952;0.005856;-77;63;-105;1
270917073;1.016016;0.012688;0.008784;-98;63;-84;1
270928088;1.009184;0.011712;0.00976;-105;56;-84;1
270939102;1.01016;0.007808;0.008784;-105;49;-84;1
270950318;1.0111359;0.008784;0.010736;-98;35;-91;1
270964992;1.0111359;0.00488;0.006832;-91;14;-98;1
270976891;1.012112;0.007808;0.001952;-84;14;-112;1
270991031;1.01016;0.003904;-0.001952;-70;14;-119;1
271002087;1.0111359;0.007808;0.0;-63;14;-119;1
271013334;1.013088;0.007808;0.0;-56;28;-119;1
271035298;1.0111359;0.017568;0.002928;-70;56;-112;1
271050417;1.013088;0.018544;0.003904;-84;56;-98;1
271063411;1.0111359;0.01464;0.005856;-98;56;-98;1
271074176;1.012112;0.01464;0.010736;-98;49;-91;1
271085866;1.01016;0.008784;0.00976;-98;28;-70;1
271099053;1.012112;0.008784;0.011712;-112;14;-77;1
271113622;1.0150399;0.006832;0.007808;-84;7;-77;1
271125766;1.013088;0.006832;0.003904;-91;7;-77;1
271145026;1.0111359;0.00488;-0.003904;-70;7;-98;1
271156751;1.013088;0.006832;-0.002928;-70;14;-105;1
271168632;1.013088;0.011712;-0.002928;-42;35;-112;1
271178941;1.013088;0.01464;0.0;-63;49;-112;1
271193404;1.009184;0.016592;0.001952;-63;56;-105;1
271204552;1.0111359;0.01464;0.003904;-42;63;-98;1
271217062;1.014064;0.01464;0.005856;-56;56;-91;1
271227916;1.01016;0.010736;0.012688;-98;42;-84;1
271266154;1.013088;0.007808;0.005856;-77;0;-98;1
271277676;1.01016;0.007808;0.003904;-91;0;-105;1
271294086;1.01016;0.007808;-0.001952;-56;7;-112;1
271311616;1.012112;0.011712;-0.006832;-63;35;-119;1
271322066;1.012112;0.03
271345636;1.016016;0.016592;0.0;-77;70;-105;1
271357598;1.0111359;0.01464;0.007808;-84;77;-91;1
271369849;1.0111359;0.013664;0.007808;-98;70;-91;1
271381318;1.01016;0.010736;0.00976;-105;49;-84;1
271395005;1.01016;0.008784;0.011712;-112;35;-91;1
271415004;1..6;-105;14;-98;1
271433138;1.012112;0.006832;-0.003904;-84;0;-112;1
271446148;1.016016;0.010736;-0.002928;-77;14;-112;1
271457054;1.014064;0.0@20000101_000005_192721_accel_adxl375.csv@271459453;1.7639999;0.098;0.147;1
271469094;1.016016;0.01464;-0.00488;-70;49;-119;1
271480207;1.012112;0.013664;-0.00488;-77;63;-112;1
271494428;1.012112;0.018544;0.002928;-77;77;-91;1
271504968;1.01016;0.01464;0.010736;-84;84;-84;1
271521780;1.0111359;0.0000101_000005_192721_accel_adxl375.csv@271522962;1.7639999;0.147;0.147@20000101_000005_192721_baro_icp10111.csv@271533656;-22.110548;37.146072;101590.84;2.5702724
271535051;1.0111359;0.012688;0.011712;-133;49;-77;1
271546381;1.0111359;0.008784;0.011712;-112;35;-70;1
271556980;1.0111359;0.2;0.010736;-119;21;-70;1
271568444;1.012112;0.002928;0.002928;-126;14;-91;1
271579002;1.0150399;0.007808;0.003904;-112;14;-98;1
271594935;1.012112;0.005856;0.0;-91;14;-105;1
271608032;1.013088;0.00976;-0.00488;-91;28;-112;1
271669627;1.0111359;0.016592;0.008784;-98;63;-84;1
271688749;1.01016;0.011712;0.00@20000101_000005_192721_imu_bno055.csv@271692100;341.4375;7562;-17357;0.96363184;0.029571772;-0.23657418
271700236;1.0150399;0.012688;0.00976;-112;28;-84;1
271715670;1.0150399;0.006832;0.010736;-84;14;-91;1
271726717;1.0150399;0.002928;0.003904;-91;0;-91;1
271737356;1.014064;0.003904;0.0;-84;0;-91;1
271748354;1.012112;0.005856;-0.001952;-70;7;-105;1
271772027;1.014064;0.008784;-0.00488;-49;35;-119;1
271786732;1.014064;0.010736;0.000976;-56;56;-119;1
271797110;1.0111359;0.013664;0.003904;-49;56;-112;1
271813758;1.01016;0.018544;0.002928;-49;56;-112;1
271835885;1.013088;0.017568;0.00976;-84;42;-98;1
271854600;1.0150399;0.015616;0.008784;-105;28;-84;1
271867310;1.014064;0.011712;0.002928;-112;7;-84;1
271879777;1.01016;0.007808;0.000976;-98;14;-77;1
271904818;1.013088;0.002928;-0.00488;-112;21;-98;1
271918466;1.013088;0.007808;-0.000976;-77;49;-105;1
271933079;1.014064;0.007808;0.001952;-70;49;-112;1
271946740;1.012112;0.010736;0.001952;-63;63;-119;1
271957525;1.012112;0.0@20000101_000005_192721_imu_bno055.csv@271961876;341.4375;7562;-17357;0.96261216;0.029571772;-0.24167276
271968800;1.014064;0.015616;0.00488;-70;63;-112;1
271979846;1.008208;0.017568;0.011712;-84;56;-105;1
272004074;1.0111359;0.01464;0.006832;-91;28;-91;1
272016498;1.01016;0.01464;0.00488;-91;28;-84;1
272034921;1.013088;0.00976;-0.000976;-126;14;-77;1
272071019;1.012112;0.003904;0.000976;-105;56;-98;1
272087643;1.012112;0.008784;0.003904;-91;63;-105;1
272102184;1.0111359;0.00976;0.007808;-77;56;-112;1
272113620;1.012112;0.012688;0.007808;-84;56;-112;1
272137166;1.016016;0.013664;0.007808;-77;42;-112;1
272148823;1.009184;0.015616;0.007808;-91;35;-105;1
272159941;1.0111359;0.016592;0.007808;-98;21;-98;1
272171602;1.013088;0.01464;0.003904;-98;7;-84;1
272182851;1.014064;0.007808;0.0;-91;14;-84;1
272194531;1.01016;0.00976;-0.003904;-98;21;-77;1
272210742;1.0111359;0.00488;-0.003904;-91;35;-84;1
272235161;1.0150399;0.007808;0.001952;-77;56;-105;1
272252899;1.0111359;0.006832;0.007808;-63;49;-112;1
272263953;1.012112;0.011712;0.007808;-63;49;-119;1
272277662;1.0150399;0.011712;0.008784;-77;35;-119;1
272288050;1.0111359;0.013664;0.010736;-70;28;-119;1
272301024;1.013088;0.013664;0.007808;-70;14;-112;1
272312267;1.012112;0.018544;0.00488;-70;7;-112;1
272322988;1.012112;0.0@20000101_000005_192721_accel_adxl375.csv@272325041;1.7639999;0.147;0.098;1
272343034;1.013088;0.0@41.435;7562;-17357;0.96261216;0.030591488;-0.247791052
272357852;1.013088;0.008784;-0.002928;-98;35;-84;1
272368988;1.0111359;0.00976;-0.001952;-98;42;-84;1
272380810;1.0150399;0.007808;-0.000976;-84;49;-91;1
272395278;1.012112;0.007808;0.007808;-77;56;-98;1
272406745;1.008208;0.007808;0.00488;-70;56;-105;1
272424646;1.012112;0.007808;0.008784;-70;42;-105;1
272435358;1.013088;0.01464;0.008784;-70;28;-112;1
272446731;1.013088;0.018544;0.005856;-84;21;-119;1
272482102;1.014064;0.01464;-0.001952;-84;21;-98;1
272497606;1.0111359;0.011712;-0.000976;-91;35;-84;1
272512032;1.013088;0.012688;-0.002928;-84;42;-84;1
272523348;1.012112;0.007808;0.001952;-98;49;-91;1
272543072;1.013088;0.007808;0.002928;-91;56;-98;1
272567371;1.012112;0.006832;0.007808;-77;42;-98;1
272578990;1.012112;0.008784;0.007808;-84;28;-112;1
272590127;1.01016;0.010-
272603557;1.012112;0.01464;0.002928;-77;21;-105;1
272614968;1.013088;0.015616;0.000976;-91;14;-105;1
272643478;1.016016;0.011712;-0.000976;-98;35;-84;1
272655695;1.012112;0.00976;0.000976;-84;42;-84;1
272671027;1.013088;0.005856;0.000976;-91;42;-91;1
272689978;1.012112;0.006832;0.001952;-77;49;-98;1
272727206;1.0111359;0.008784;0.007808;-63;35;-105;1
272743370;1.012112;0.011712;0.003904;-77;28;-112;1
272763452;1.013088;0.013664;0.002928;-84;28;-112;1
272775315;1.012112;0.01464;0.001952;-84;28;-105;1
272788891;1.012112;0.029;0.098;0.147;1
272799996;1.012112;0.012688;0.000976;-84;49;-98;1
272811321;1.0111359;0.013664;0.000976;-77;49;-84;1
272822021;1.016016;0.008784;0.000976;-91;56;-84;1
272843101;1.013088;0.007808;0.003904;-91;56;-84;1
272857036;1.0111359;0.002928;0.006832;-77;56;-91;1
272873053;1.012112;0.00976;0.00976;-98;42;-112;1
272886046;1.01016;0.01465;-112;1
272903015;1.0111359;0.015616;0.002928;-84;28;-105;1
272916370;1.01016;0.010736;0.002928;-105;28;-112;1
272929395;1.013088;0.015616;0.003904;-98;35;-105;1
272962319;1.012112;0.011712;0.001952;-119;28;-84;1
272974137;1.014064;0.007808;0.000976;-98;56;-77;1
272992439;1.012112;0.006832;0.001952;-112;63;-84;1
273004153;1.0111359;0.005856;0.011712;-98;56;-98;1
273024157;1.012112;0.008784;0.005856;-77;35;-105;1
273038634;1.014064;0.010736;0.005856;-63;28;-105;1
273049247;1.013088;0.011712;0.002928;-70;28;-112;1
273072108;1.012112;0.011712;0.002928;-70;21;-105;1
273087847;1.014064;0.016592;0.000976;-77;14;-98;1
273113097;1.013088;0.011712;-0.002928;-77;35;-84;1
273133112;1.008208;0.006832;0.001952;-77;49;-84;1
273147741;1.013088;0.00488;0.002928;-77;42;-98;1
273158380;1.013088;0.006832;0.002928;-84;42;-112;1
273169720;1.012112;0.008784;0.003904;-63;35;-105;1
273179973;1.0150399;0.006832;0.005856;-49;42;-105;1
273194873;1.013088;0.010736;0.00488;-84;35;-112;1
273205944;1.01016;0.008784;0.003904;-70;28;-112;1
273218101;1.016016;0.011712;0.005856;-70;21;-105;1
273229151;1.01016;0.013664;0.002928;-91;21;-112;1
273245427;1.012112;0.013664;-0.002928;-91;21;-105;1
273256290;1.009184;0.0@20000101_000005_192721_accel_adxl375.csv@273259278;1.7639999;0.098;0.147;1
273269997;1.0111359;0.010736;-0.001952;-98;49;-84;1
273281277;1.012112;0.008784;0.0;-98;49;-84;1
273302970;1.0111359;0.007808;0.002928;-91;49;-91;1
273316354;1.009184;0.008784;0.001952;-91;49;-105;1
273327121;1.01016;0.00976;0.006832;-84;49;-98;1
273348832;1.013088;0.010736;0.003904;-77;42;-105;1
273360814;1.012112;0.007808;0.005856;-84;35;-105;1
273377740;1.0111359;0.011712;0.005856;-98;35;-112;1
273412535;1.01016;0.01464;0.003904;-105;42;-91;1
273425257;1.01016;0.01464;0.002928;-91;42;-84;1
273442455;1.0150399;0.00976;0.002928;-105;42;-91;1
273454416;1.013088;0.00976;0.006832;-98;42;-84;1
273468850;1.014064;0.006832;0.003904;-91;49;-91;1
273480291;1.014064;0.008784;0.008784;-91;42;-91;1
273495468;1.012112;0.007808;0.008784;-84;42;-98;1
273506810;1.0150399;0.007808;0.007808;-77;35;-98;1
273518195;1.013088;0.007808;0.003904;-77;21;-105;1
273543147;1.012112;0.015616;0.000976;-77;28;-105;1
273558670;1.013088;0.01464;0.003904;-84;28;-98;1
273570083;1.0111359;0.013664;0.001952;-91;35;-91;1
273580961;1.01016;0.007808;0.0;-91;28;-84;1
273591958;1.012112;0.006832;0.0;-84;28;-84;1
273613026;1.014064;0.00976;0.00488;-77;42;-105;1
273625175;1.013088;0.00976;0.003904;-70;42;-105;1
273643091;1.013088;0.0.96261216;0.026512622;-0.24167276
273658212;1.012112;0.00976;0.003904;-70;21;-105;1
273669785;1.013088;0.012688;0.000976;-70;21;-98;1
273681073;1.013088;0.00976;0.0;-77;28;-105;1
273694075;1.014064;0.01464;0.003904;-77;35;-98;1
273705466;1.012112;0.008784;0.005856;-84;35;-91;1
273718520;1.0150399;0.011712;0.002928;-77;28;-91;1
273730111;1.014064;0.010736;0.000976;-70;28;-91;1
273753464;1.01016;0.010736;0.001952;-77;49;-91;1
273769051;1.013088;0.010736;0.000976;-84;49;-98;1
273781070;1.009184;0.00976;0.003904;-98;49;-105;1
273812995;1.0111359;0.013664;0.003904;-112;42;-91;1
273833046;1.013088;0.011712;0.003904;-119;42;-91;1
273873021;1.012112;0.008784;0.000976;-119;42;-98;1
273903433;1.013088;0.00976;0.003904;-119;63;-91;1
273913998;1.0111359;0.007808;0.005856;-112;63;-98;1
273936096;1.0111359;0.010736;0.006832;-84;35;-98;1
273947108;1.016992;0.010736;0.003904;-98;35;-98;1
273963353;1.012112;0.010736;0.002928;-98;42;-98;1
273974143;1.0150399;0.011712;0.003904;-77;42;-91;1
274002065;1.012112;0.008784;0.005856;-91;42;-105;1
274015436;1.0150399;0.00488;0.003904;-77;35;-105;1
274034476;1.01016;0.006832;0.00488;-84;35;-105;1
274049067;1.0111359;0.007808;0.006832;-70;28;-112;1
274068186;1.009184;0.011712;0.003904;-63;14;-112;1
274079697;1.013088;0.016592;0.002928;-77;14;-105;1
274103112;1.013088;0.012688;-0.001952;-84;28;-98;1
274116367;1.014064;0.011712;0.002928;-84;35;-84;1
274134493;1.01016;0.003904;0.005856;-84;35;-84;1
274149470;1.009184;0.001952;0.00488;-63;35;-98;1
274160912;1.012112;0.005856;0.006832;-63;28;-105;1
274172906;1.014064;0.00976;0.006832;-56;28;-119;1
274191615;1.0111359;0.01464;0.001952;-70;21;-119;1
274202189;1.0111359;0.010736;0.000976;-63;21;-112;1
274213262;1.0111359;0.017568;0.0;-56;28;-105;1
274224180;1.012112;0.02928;-77;28;-98;1
274235344;1.009184;0.015616;-0.000976;-84;28;-98;1
274246075;1.012112;0.015616;0.0;-84;42;-91;1
274263767;1.014064;0.010736;0.001952;-105;42;-84;1
274300964;1.012112;0.006832;0.002928;-77;42;-91;1
274314002;1.01016;0.007808;0.000976;-112;35;-105;1
274333391;1.013088;0.006832;0.001952;-70;42;-91;1
274345463;1.0150399;0.010736;0.003904;-91;42;-98;1
274360531;1.01016;0.012688;0.000976;-105;49;-105;1
274372449;1.0111359;0.011712;-0.001952;-70;42;-98;1
274386137;1.0150399;0.01464;0.0;-84;49;-105;1
274403130;1.0111359;0.012688;0.00488;-112;63;-91;1
274417320;1.012112;0.01464;0.005856;-105;63;-77;1
274447982;1.014064;0.007808;0.006832;-105;42;-77;1
274459511;1.014064;0.005856;0.006832;-105;42;-84;1
274469983;1.013088;0.005856;0.006832;-126;42;-91;1
274481816;1.0111359;0.002928;0.008784;-119;35;-98;1
274507720;1.01016;0.007808;0.00488;-105;21;-119;1
274518889;1.013088;0.008784;0.001952;-91;28;-133;1
274543095;1.013088;0.02721_imu_bno055.csv@274549940;341.4375;7562;-17357;0.9605727;0.028552056;-0.24677134
274560328;1.01016;0.017568;0.003904;-98;42;-112;1
274573708;1.013088;0.015616;0.0;-56;42;-91;1
274583941;1.0111359;0.013664;0.005856;-56;49;-84;1
274611832;1.012112;0.00976;0.003904;-70;49;-77;1
274623651;1.014064;0.00.70;28;-77;1
274644513;1.012112;0.002928;0.006832;-91;14;-112;1
274658658;1.013088;0.007808;0.003904;-42;14;-119;1
274673175;1.012112;0.008784;-0.003904;-77;14;-133;1
274691852;1.0150399;0.013664;-0.005856;-49;35;-119;1
274704033;1.012112;0.018544;-0.003904;-77;42;-112;1
274727013;1.01016;0.016592;0.000976;-105;63;-70;1
274738017;1.009184;0.010736;0.005856;-119;70;-63;1
274779796;1.013088;0.00488;0.008784;-119;28;-84;1
274808793;1.013088;0.008784;-0.001952;-91;21;-105;1
274823861;1.0150399;0.008784;-0.006832;-77;35;-112;1
274839241;1.01016;0.016592;-0.002928;-91;56;-112;1
274850117;1.013088;0.016592;-0.000976;-84;63;-98;1
274861287;1.014064;0.012688;0.00488;-84;63;-91;1
274872191;1.014064;0.013664;0.007808;-91;70;-84;1
274886778;1.012112;0.0r4890111;-31.36379;37.91;101702.28;4.4733716
274898010;1.013088;0.012688;0.010736;-133;56;-84;1
274909626;1.014064;0.00488;0.011712;-105;28;-77;1
274922064;1.013088;0.005856;0.00976;-112;7;-84;1
274937589;1.012112;0.006832;0.001952;-105;7;-98;1
274948530;1.014064;0.00488;0.0;-91;7;-98;1
274959591;1.012112;0.006832;-0.000976;-77;21;-105;1
274970928;1.014064;0.006832;0.000976;-84;42;-119;1
274982435;1.014064;0.008784;0.001952;-49;49;-112;1
274995699;1.0111359;0.011712;0.000976;-49;49;-112;1
275006656;1.0111359;0.011712;0.001952;-91;56;-119;1
275024507;1.012112;0.01464;0.008784;-63;56;-105;1
275037683;1.009184;0.01464;0.012688;-70;49;-98;1
275050344;1.012112;0.007808;0.012688;-98;28;-98;1
275061864;1.014064;0.00976;0.007808;-84;0;-91;1
275073273;1.0111359;0.007808;0.002928;-84;0;-84;1
275087670;1.014064;0.005856;0.000976;-91;7;-98;1
275098113;1.0150399;0.00488;-0.000976;-77;14;-105;1
275114648;1.014064;0.006832;-0.000976;-49;21;-105;1
275130280;1.014064;0.008784;-0.002928;-56;28;-119;1
275146546;1.012112;0.011712;0.0;-49;49;-112;1
275170879;1.012112;0.015616;0.006832;-56;56;-112;1
275206623;1.012112;0.010736;0.00488;-98;21;-84;1
275221098;1.0111359;01112;21;-84;1
275232172;1.012112;0.011712;0.000976;-105;28;-84;1
275249246;1.014064;0.00488;-0.002928;-133;35;-84;1
275260349;1.013088;0.008784;-0.002928;-126;42;-91;1
275273404;1.014064;0.008784;-0.002928;-98;49;-91;1
275291308;1.0111359;0.006832;0.000976;-112;63;-105;1
275302187;1.0150399;0.008784;0.003904;-105;70;-112;1
275326892;1.0111359;0.013664;0.007808;-105;63;-98;1
275340059;1.014064;0.015616;0.005856;-119;56;-98;1
275353596;1.013088;0.013664;0.006832;-140;42;-91;1
275364065;1.01016;0.00976;0.006832;-119;35;-84;1
275376729;1.0111359;0.007808;0.001952;-147;35;-77;1
275387172;1.013088;0.003904;0.003904;-119;42;-84;1
275399667;1.013088;0.005856;0.00488;-98;49;-84;1
275413438;1.0150399;0.002928;0.002928;-112;42;-98;1
275424395;1.013088;0.007808;0.001952;-84;42;-105;1
275435550;1.012112;0.005856;0.001952;-70;49;-105;1
275446233;1.014064;0.007808;0.001952;-77;56;-112;1
275458557;1.012112;0.011712;0.007808;-63;56;-112;1
275469451;1.012112;0.007808;0.008784;-70;49;-112;1
275480541;1.014064;0.011712;0.008784;-63;42;-112;1
275495987;1.0111359;0.016592;0.007808;-63;28;-112;1
275508990;1.013088;0.00976;0.003904;-84;21;-98;1
275520954;1.0111359;0.010736;0.003904;-63;21;-91;1
275532521;1.016992;0.010736;0.003904;-84;21;-98;1
275546327;1.013088;0.006832;0.003904;-98;28;-98;1
275557183;1.013088;0.007808;0.001952;-77;35;-98;1
275569150;1.0111359;0.006832;0.0;-91;35;-105;1
275580045;1.013088;0.00976;0.001952;-63;42;-112;1
275621476;1.0150399;0.012688;0.005856;-77;35;-105;1
275637657;1.0111359;0.00976;0.005856;-70;28;-112;1
275655326;1.012112;0.04@20000101_000005_192721_accel_adxl375.csv@275657099;1.7639999;0.098;0.196;1
275666221;1.013088;0.012688;0.003904;-98;28;-98;1
275678974;1.013088;0.011712;0.00488;-84;28;-91;1
275690195;1.012112;0.0@20000101_000005_192721_accel_adxl375.csv@275692987;1.7639999;0.147;0.196;1
275704027;1.013088;0.00976;-0.002928;-91;28;-84;1
275715497;1.013088;0.00976;-0.000976;-70;28;-91;1
275729616;1.014064;0.008784;-0.000976;-70;42;-98;1
275746071;1.012112;0.010736;0.002928;-70;63;-98;1
275770608;1.012112;0.012688;0.00488;-63;49;-98;1
275781130;1.01016;0.010736;0.00488;-63;42;-98;1
275804585;1.012112;0.012688;0.005856;-84;49;-84;1
275818084;1.014064;0.010736;0.006832;-105;42;-84;1
275834958;1.013088;0.012688;0.002928;-112;28;-84;1
275850544;1.013088;0.007808;0.001952;-98;28;-84;1
275862943;1.013088;0.005856;0.0;-105;42;-91;1
275874113;1.013088;0.008784;0.001952;-105;49;-98;1
275892226;1.012112;0.006832;0.002928;-98;49;-98;1
275914817;1.0150399;0.008784;0.007808;-98;42;-119;1
275950163;1.01016;0.01464;0.003904;-70;35;-112;1
275961190;1.016016;0.011712;0.005856;-91;28;-105;1
275972853;1.01016;0.01464;0.001952;-91;28;-91;1
275991294;1.014064;0.00976;0.0;-91;28;-91;1
276002340;1.013088;0.008784;0.003904;-98;28;-91;1
276038645;1.012112;0.006832;0.005856;-70;35;-112;1
276053309;1.01016;0.00@20000101_000005_192721_imu_bno055.csv@276060968;341.5;7562;-17350;0.96261216;0.022433758;-0.24167276
276066543;1.0111359;0.012688;0.002928;-56;14;-126;1
276077128;1.009184;0.013664;0.003904;-63;21;-119;1
276089730;1.013088;0.0249999;0.147;0.196;1
276101676;1.0179679;0.015616;0.001952;-63;28;-105;1
276114560;1.013088;0.016592;0.003904;-77;35;-91;1
276133019;1.014064;0.012688;0.001952;-98;21;-91;1
276146346;1.0111359;0.012688;0.000976;-98;42;-84;1
276157262;1.014064;0.010736;0.000976;-84;21;-84;1
276168180;1.01016;0.010736;0.001952;-77;56;-77;1
276179083;1.014064;0.000976;0.006832;-70;49;-84;1
276194745;1.014064;0.002928;0.005856;-105;49;-84;1
276205151;1.01016;0.006832;0.006832;-84;35;-98;1
276216334;1.016016;0.00976;0.006832;-84;35;-105;1
276227142;1.013088;0.005856;0.00488;-126;63;-98;1
276243932;1.013088;0.011712;0.001952;-70;35;-98;1
276270282;1.013088;0.01464;-0.000976;-84;28;-91;1
276280974;1.0111359;0.012688;0.002928;-77;63;-77;1
276295756;1.012112;0.010736;0.002928;-105;56;-63;1
276313052;1.0111359;0.003904;0.00488;-91;49;-77;1
276343536;1.012112;0.001952;0.005856;-105;56;-98;1
276354856;1.012112;0.0;92721_baro_bmp280.csv@276357143;-31.252816;37.92;101700.93;4.584347
276367293;1.013088;0.00488;0.002928;-70;21;-112;1
276378251;1.0150399;0.010736;0.0;-91;42;-112;1
276391422;1.014064;0.015616;-0.000976;-147;63;-119;1
276402078;1.012112;0.01464;0.002928;-49;63;-98;1
276414522;1.012112;0.021472;0.006832;-70;70;-98;1
276425247;1.014064;0.01464;0.00488;-133;84;-91;1
276466716;1.0111359;0.006832;0.008784;-105;49;-98;1
276481770;1.016016;0.001952;0.008784;-105;28;-105;1
276497415;1.012112;0.003904;0.00488;-56;7;-112;1
276510344;1.0179679;0.008784;-0.000976;-84;0;-133;1
276528355;1.016016;0.006832;-0.000976;-77;28;-133;1
276543755;1.013088;0.010736;0.001952;-56;42;-119;1
276555178;1.012112;0.061
276566245;1.012112;0.013664;0.002928;-56;56;-119;1
276578597;1.008208;0.011712;0.002928;-56;49;-105;1
276595932;1.013088;0.015616;0.006832;-84;56;-91;1
276613462;1.0150399;0.00976;0.008784;-84;42;-77;1
276624675;1.01016;0.008784;0.008784;-98;21;-84;1
276637002;1.013088;0.00976;0.005856;-84;14;-84;1
276648176;1.014064;0.005856;0.006832;-84;14;-84;1
276673058;1.0111359;0.00976;0.0;-77;14;-98;1
276690001;1.016992;0.012688;-0.001952;-91;28;-98;1
276715465;1.013088;0.016592;0.000976;-84;42;-91;1
276727974;1.01016;0.015616;0.000976;-91;42;-84;1
276744737;1.016016;0.01464;0.002928;-98;49;-70;1
276755047;1.01016;0.01.@20000101_000005_192721_imu_bno055.csv@276762048;341.5;7562;-17350;0.961592464;0.031611204;-0.24065304
276766228;1.014064;0.008784;0.007808;-105;42;-63;1
276777218;1.012112;0.00488;0.006832;-126;28;-70;1
276791535;1.013088;0.003904;0.005856;-105;35;-70;1
276802027;1.0111359;0.00488;0.003904;-84;21;-77;1
276816055;1.013088;0.00488;0.002928;-98;35;-77;1
276834520;1.01016;0.000976;0.001952;-84;28;-105;1
276848619;1.0150399;0.005856;0.002928;-63;28;-119;1
276861148;1.009184;0.008784;0.000976;-42;35;-119;1
276872962;1.0111359;0.016592;-0.001952;-70;49;-119;1
276884457;1.0150399;0.2;-105;42;-112;1
276924895;1.01016;0.007808;0.006832;-133;49;-77;1
276939650;1.013088;0.00488;0.006832;-105;42;-77;1
276951490;1.0150399;-0@20000101_000005_192721_accel_adxl375.csv@276958766;1.7639999;0.098;0.196;1
276964378;1.012112;0.000976;0.005856;-119;35;-98;1
276975065;1.012112;0.002928;0.005856;-105;35;-112;1
276989469;1.0150399;0.@20000101_000005_192721_laser_agl.csv@276991923;0.023;0
276999980;1.012112;0.00976;0.001952;-77;21;-147;1
277038228;1.009184;0.016592;0.000976;-70;42;-140;1
277049392;1.012112;0.020496;0.002928;-84;49;-126;1
277060734;1.0111359;0.017568;0.005856;-91;42;-91;1
277071759;1.013088;0.012688;0.00488;-119;42;-84;1
277086218;1.012112;0.010736;0.002928;-119;42;-84;1
277099476;1.0150399;0.008784;0.006832;-112;49;-77;1
277109921;1.0111359;0.007808;0.00976;-84;42;-77;1
277122802;1.013088;0.000976;0.008784;-77;21;-91;1
277136724;1.009184;0.006832;0.007808;-84;14;-98;1
277154966;1.0111359;0.006832;0.003904;-35;7;-126;1
277167768;1.0150399;0.012688;0.000976;-7;21;-133;1
277178514;1.0111359;0.013664;-0.000976;-28;14;-133;1
277203815;1.013088;0.018544;-0.000976;-35;42;-98;1
277218958;1.0111359;0.017568;0.000976;-56;49;-91;1
277231348;1.008208;0.017568;0.001952;-70;63;-77;1
277242435;1.014064;0.010736;0.006832;-105;56;-63;1
277253263;1.01016;0.00976;0.007808;-105;63;-56;1
277267013;1.01016;0.003904;0.008784;-119;49;-63;1
277278090;1.013088;0.003904;0.00976;-133;35;-77;1
277292489;1.013088;0.001952;0.010736;-105;28;-84;1
277305467;1.012112;0.000976;0.005856;-91;0;-112;1
277335640;1.013088;0.010736;-0.001952;-63;35;-133;1
277366398;1.0111359;0.017568;-0.000976;-77;49;-105;1
277378477;1.013088;0.01952;-0.000976;-84;70;-98;1
277391855;1.0150399;0.016592;0.00488;-105;77;-84;1
277406200;1.0111359;0.007808;0.011712;-119;70;-77;1
277417098;1.013088;0.00488;0.013664;-119;63;-77;1
277428119;1.012112;0.002928;0.010736;-126;35;-91;1
277455940;1.013088;0.000976;0.002928;-91;14;-119;1
277467109;1.012112;0.000976;0.002928;-77;21;-147;1
277480402;1.01016;0.00488;0.001952;-49;21;-154;1
277512308;1.012112;0.020496;-0.00488;-35;42;-147;1
277524271;1.013088;0.0244;-0.001952;-63;49;-140;1
277543124;1.0150399;0.025376;0.002928;-91;77;-98;1
277567619;1.01016;0.01464;0.007808;-161;70;-49;1
277580141;1.012112;0.006832;0.012688;-161;56;-49;1
277591129;1.013088;0.000976;0.012688;-161;49;-56;1
277604180;1.0111359;-0.003904;0.01464;-126;35;-63;1
277615752;1.014064;-0.00488;0.011712;-112;14;-84;1
277626375;1.009184;-0.003904;0.007808;-98;0;-112;1
277643043;1.013088;0.001952;0.0;-35;0;-140;1
277655542;1.0111359;0.0375.csv@277657130;1.7639999;0.147;0.147;1
277666191;1.013088;0.017568;-0.006832;-7;21;-147;1
277677082;1.014064;0.023424;-0.006832;-28;35;-133;1
277689331;1.016016;0.0@0101_000005_192721_accel_adxl375.csv@277691050;1.7149999;0.098;0.244999984;1
277703446;1.014064;0.027328;-0.000976;-98;70;-70;1
277723443;1.0111359;0.018544;0.008784;-161;70;-21;1
277742361;1.0111359;0.000976;0.012688;-161;42;-7;1
277754861;1.013088;-0.003904;0.010736;-154;35;-14;1
277794716;1.012112;-0.006832;0.001952;-49;7;-133;1
277808760;1.012112;-0.000976;-0.002928;-35;0;-154;1
277837116;1.01016;0.017568;-0.001952;14;35;-147;1
277849184;1.013088;0.025376;-0.003904;-21;49;-133;1
277873062;1.013088;0.027328;0.002928;-112;70;-70;1
277900351;1.014064;0.011712;0.007808;-182;56;-35;1
277923030;1.01016;-0.012688;0.00976;-126;35;-63;1
277936734;1.0111359;-0.011712;0.00976;-119;21;-91;1
277947344;1.016016;-0.011712;0.006832;-98;14;-119;1
277980837;1.012112;0.0-101_005_192721_accel_adxl375.csv@277982094;1.7639999;0.098;0.244999984;1
277994481;1.0150399;0.028304;-0.002928;-7;35;-168;1
278012336;1.012112;0.032208;-0.003904;-28;49;-147;1
278034830;1.013088;0.026352;0.007808;-154;77;-70;1
278048135;1.01016;0.022448;0.00976;-189;70;-35;1
278060787;1.01016;0.012688;0.011712;-203;56;-28;1
278071074;1.009184;0.005856;0.00976;-182;42;-28;1
278081994;1.0111359;-0.001952;0.00976;-175;35;-35;1
278099336;1.013088;-0.008784;0.005856;-105;21;-84;1
278110104;1.014064;-0.001952;0.002928;-105;14;-105;1
278121111;1.014064;0.0;0.001952;-63;14;-126;1
278134463;1.012112;0.003904;0.0;-35;21;-147;1
278149006;1.013088;0.017568;-0.000976;-14;42;-140;1
278172535;1.013088;0.026352;0.00488;-49;56;-105;1
278183670;1.0111359;0.027328;0.005856;-112;56;-91;1
278226545;1.012112;0.0;0.00488;-147;14;-42;1
278245212;1.0111359;-0.006832;0.00488;-119;7;-56;1
278255941;1.013088;-0.@20000101_000005_192721_accel_adxl375.csv@278258946;1.7639999;0.098;0.147;1
278267570;1.013088;-0.003904;-0.002928;-28;14;-133;1
278280522;1.013088;-0.001952;-0.00488;-21;28;-147;1
278297194;1.014064;0.015616;-0.000976;35;56;-147;1
278308223;1.0111359;0.017568;0.000976;28;56;-140;1
278319139;1.016016;0.020496;0.002928;-14;56;-133;1
278343101;1.013088;0.023424;0.008784;-91;42;-105;1
278357240;1.012112;0.022448;0.010736;-91;35;-84;1
278368050;1.012112;0.015616;0.013664;-112;21;-63;1
278381266;1.0111359;0.0;0.005856;-154;-7;-70;1
278397987;1.013088;-0.000976;0.000976;-105;-7;-70;1
278414888;1.013088;-0.003904;-0.006832;-84;7;-119;1
278435325;1.014064;0.0;-0.006832;-63;42;-147;1
278453068;1.014064;0.011712;0.0;-7;77;-154;1
278467118;1.013088;0.017568;0.003904;-42;84;-154;1
278479856;1.013088;0.023424;0.011712;-63;77;-126;1
278513469;1.0111359;0.018544;0.010736;-126;28;-77;1
278533099;1.013088;0.008784;0.000976;-147;7;-56;1
278546675;1.0111359;0.005856;-0.000976;-133;14;-56;1
278557173;1.0150399;0.000976;-0.00488;-147;21;-63;1
278571101;1.0150399;0.000976;-0.005856;-98;49;-91;1
278582013;1.01016;0.002928;-0.008784;-77;63;-105;1
278595942;1.009184;0.007808;0.001952;-77;77;-119;1
278612994;1.013088;0.012688;0.006832;-70;91;-126;1
278627285;1.014064;0.017568;0.011712;-70;77;-119;1
278645024;1.012112;0.021472;0.010736;-98;56;-98;1
278657361;1.013088;0.0244;0.01464;-133;42;-91;1
278703576;1.014064;-0.000976;-0.000976;-147;7;-56;1
278717682;1.012112;-0.001952;-0.001952;-133;21;-70;1
278750418;1.0111359;0.000976;0.000976;-63;56;-119;1
278763841;1.012112;0.008784;0.005856;-28;63;-133;1
278774989;1.012112;0.01464;0.008784;-21;70;-133;1
278787902;1.008208;0.018544;0.011712;-21;63;-126;1
278799979;1.0111359;0.017568;0.011712;-49;42;-119;1
278812791;1.013088;0.018544;0.012688;-63;21;-112;1
278833038;1.0111359;0.012688;0.00976;-84;7;-91;1
278845310;1.016016;0.007808;0.001952;-105;-7;-84;1
278857916;1.014064;0.003904;-0.000976;-98;-7;-84;1
278868984;1.014064;0.002928;-0.002928;-84;-7;-91;1
278879953;1.0111359;0.001952;-0.005856;-70;7;-98;1
278896447;1.014064;0.007808;-0.005856;-49;42;-126;1
278907139;1.013088;0.005856;-0.001952;-35;56;-126;1
278918173;1.01016;0.011712;0.000976;-35;63;-126;1
278933004;1.01016;0.010736;0.002928;-49;63;-126;1
278945469;1.012112;0.012688;0.008784;-56;63;-119;1
278956600;1.013088;0.0@20000101_000005_192721_accel_adxl375.csv@278958683;1.7639999;0.147;0.196;1
278968171;1.0111359;0.015616;0.011712;-84;28;-98;1
278979154;1.01016;0.01464;0.00976;-91;21;-98;1
278994027;1.014064;0.01464;0.006832;-105;0;-91;1
279006255;1.008208;0.011712;0.003904;-112;-7;-84;1
279017345;1.013088;0.005856;-0.00488;-112;14;-77;1
279028137;1.012112;0.008784;-0.010736;-105;28;-84;1
279044466;1.012112;0.008784;-0.00976;-105;49;-91;1
279065162;1.009184;0.00976;-0.003904;-91;77;-91;1
279076516;1.0111359;0.00976;0.001952;-91;91;-91;1
279087347;1.013088;0.006832;0.007808;-98;98;-98;1
279119154;1.012112;0.00976;0.015616;-105;28;-91;1
279136094;1.013088;0.010736;0.012688;-105;14;-91;1
279147871;1.0111359;0.00976;0.007808;-112;7;-84;1
279159356;1.0111359;0.010736;-0.000976;-119;0;-84;1
279170233;1.016992;0.007808;-0.006832;-119;14;-84;1
279185608;1.014064;0.04@2000001_000005_192721_gnss_gga.csv@279187393;0.0;0.0;0;0;2550
279196731;1.012112;0.005856;-0.008784;-105;49;-91;1
279208086;1.0111359;0.006832;-0.005856;-98;70;-98;1
279218912;1.012112;0.006832;-0.00488;-84;84;-105;1
279234513;1.014064;0.011712;0.007808;-70;91;-112;1
279263426;1.016016;0.00976;0.015616;-77;49;-119;1
279275115;1.013088;0.012688;0.017568;-77;28;-119;1
279287029;1.01016;0.012688;0.013664;-63;7;-112;1
279298154;1.012112;0.013664;0.00976;-77;-14;-112;1
279309160;1.01016;0.013664;0.00488;-91;-28;-112;1
279320012;1.012112;0.011712;0.0;-77;-21;-105;1
279335256;1.0150399;0.006832;-0.010736;-70;7;-105;1
279348203;1.013088;0.010736;-0.006832;-63;28;-105;1
279359176;1.013088;0.007808;-0.006832;-56;56;-105;1
279372317;1.009184;0.011712;-0.000976;-70;77;-112;1
279382988;1.01016;0.011712;0.005856;-56;77;-112;1
279395315;1.013088;0.011712;0.010736;-56;77;-112;1
279407061;1.012112;0.011712;0.015616;-63;63;-112;1
279423040;1.012112;0.0016592;-70;21;-112;1
279441722;1.009184;0.012688;0.012688;-70;0;-105;1
279452234;1.0111359;0.013664;0.010736;-77;-14;-105;1
279463688;1.012112;0.013664;-0.002928;-77;-14;-98;1
279474435;1.014064;0.01464;-0.008784;-70;-7;-91;1
279487331;1.016016;0.011712;-0.010736;-84;7;-84;1
279519719;1.014064;0.011712;-0.00488;-84;70;-91;1
279531528;1.013088;0.010736;0.000976;-84;91;-84;1
279562436;1.013088;0.01464;0.01464;-98;77;-84;1
279575777;1.0111359;0.011712;0.015616;-98;35;-84;1
279590261;1.013088;0.00976;0.010736;-105;21;-91;1
279613402;1.0111359;0.008784;0.002928;-105;-7;-91;1
279633669;1.013088;0.00976;-0.006832;-112;7;-84;1
279645555;1.012112;0.010736;-0.005856;-105;21;-84;1
279657997;1.0150399;0.008784;-0.00976;-91;56;-98;1
279670495;1.013088;0.007808;-0.00488;-91;70;-91;1
279681009;1.016016;0.011712;0.0;-105;84;-98;1
279697823;1.012112;0.012688;0.012688;-84;84;-98;1
279708128;1.014064;0.008784;0.01464;-91;70;-98;1
279724998;1.0111359;0.012688;0.01464;-91;56;-98;1
279745267;1.0111359;0.00976;0.01464;-98;7;-98;1
279764866;1.009184;0.008784;0.001952;-91;-7;-112;1
279779462;1.01016;0.007808;-0.002928;-70;0;-112;1
279790047;1.016016;0.0@20000101_000005_192721_imu_bno055.csv@279793855;341.4375;7568;-17394;0.959553;0.028552056;-0.24983048
279802394;1.014064;0.00976;-0.005856;-70;28;-112;1
279817908;1.012112;0.007808;-0.00488;-70;49;-112;1
279843065;1.0111359;0.015616;0.006832;-63;70;-112;1
279870681;1.008208;0.013664;0.012688;-84;42;-98;1
279897002;1.01016;0.008784;0.011712;-84;0;-98;1
279909193;1.013088;0.007808;0.008784;-77;-14;-98;1
279924454;1.013088;0.007808;-0.003904;-77;-14;-105;1
279936528;1.013088;0.011712;-0.005856;-77;0;-105;1
279955122;1.014064;0.012688;-0.008784;-77;35;-98;1
279969577;1.014064;0.013664;-0.006832;-70;56;-91;1
280005751;1.012112;0.01464;0.012688;-98;77;-77;1
280035997;1.01016;0.006832;0.011712;-91;28;-70;1
280048692;1.0111359;0.006832;0.008784;-91;7;-70;1
280060021;1.01016;0.002928;0.008784;-98;-7;-84;1
280072202;1.013088;0.007808;0.001952;-77;-7;-98;1
280083549;1.0150399;0.003904;-0.003904;-49;0;-105;1
280095628;1.0111359;0.007808;-0.005856;-63;7;-112;1
280113009;1.013088;0.008784;-0.003904;-56;35;-105;1
280124091;1.014064;0.011712;-0.00488;-42;56;-98;1
280143047;1.014064;0.002721_accel_adxl375.csv@280144131;1.7639999;0.147;0.147;1
280158188;1.012112;0.015616;0.006832;-91;70;-91;1
280169197;1.01016;0.013664;0.010736;-84;63;-77;1
280181974;1.01016;0.011712;0.012688;-105;56;-70;1
280193360;1.0150399;0.010736;0.011712;-126;42;-77;1
280207832;1.0111359;0.00488;0.010736;-119;7;-84;1
280219097;1.009184;-0.000976;0.006832;-105;-7;-91;1
280231817;1.013088;0.00488;0.000976;-84;-7;-105;1
280245165;1.012112;0.001952;-0.003904;-77;0;-126;1
280256162;1.016992;0.0@20000101_000005_192721_accel_adxl375.csv@280259256;1.7639999;0.147;0.147;1
280268918;1.0150399;0.007808;-0.00488;-28;21;-147;1
280282764;1.013088;0.012688;-0.006832;-14;35;-147;1
280293813;1.012112;0.018544;-0.003904;-28;56;-140;1
280313575;1.016992;0.020496;0.003904;-56;77;-119;1
280333082;1.013088;0.018544;0.011712;-84;63;-91;1
280347409;1.012112;0.011712;0.011712;-98;28;-63;1
280358476;1.0150399;0.00976;0.008784;-126;14;-63;1
280369378;1.012112;0.00488;0.007808;-119;7;-63;1
280409819;1.012112;0.050005_192721_accel_adxl375.csv@280414677;1.813;0.098;0.147;1
280426355;1.013088;0.005856;-0.005856;-35;28;-126;1
280458177;1.012112;0.020496;0.001952;-49;77;-105;1
280469032;1.01016;0.023424;0.006832;-84;77;-98;1
280482048;1.012112;0.023424;0.008784;-105;63;-70;1
280505719;1.012112;0.01464;0.00976;-147;35;-42;1
280526496;1.013088;0.003904;0.00488;-147;14;-42;1
280539805;1.013088;-0.00488;-0.000976;-126;21;-63;1
280552236;1.0111359;-0.005856;0.001952;-119;21;-84;1
280563643;1.013088;-0.005856;-0.000976;-84;28;-105;1
280574841;1.014064;-0.000976;-0.003904;-49;35;-119;1
280589382;1.0150399;0.@20000101_000005_192721_accel_adxl375.csv@280600270;1.813;0.098;0.196;1
280601747;1.016016;0.018544;0.002928;-28;77;-140;1
280624781;1.013088;0.020496;0.006832;-70;63;-126;1
280638625;1.012112;0.025376;0.008784;-70;56;-105;1
280651606;1.01016;0.016592;0.010736;-126;35;-70;1
280664443;1.0111359;0.015616;0.00976;-140;35;-63;1
280681751;1.012112;0.002928;0.001952;-154;21;-63;1
280692295;1.012112;-0.000976;-0.001952;-133;14;-70;1
280704360;1.012112;-0.002928;-0.005856;-112;21;-91;1
280722997;1.012112;-0.002928;-0.003904;-84;56;-126;1
280739183;1.012112;0.003904;0.000976;-56;63;-140;1
280750356;1.012112;0.003904;0.002928;-49;63;-154;1
280766225;1.012112;0.017568;0.007808;-42;56;-161;1
280780260;1.013088;0.020496;0.008784;-42;56;-147;1
280791045;1.013088;0.025376;0.00976;-49;56;-133;1
280804133;1.014064;0.026352;0.008784;-126;28;-91;1
280822994;1.012112;0.01952;0.007808;-133;14;-49;1
280837764;1.0111359;0.007808;0.003904;-154;7;-49;1
280879677;1.016992;-0.00488;-0.002928;-91;49;-98;1
280894585;1.013088;0.00488;0.0;-28;63;-126;1
280916644;1.0111359;0.013664;0.005856;-49;63;-147;1
280933052;1.012112;0.01952;0.007808;-28;49;-133;1
280948755;1.0111359;0.027328;0.008784;-70;35;-105;1
280959838;1.013088;0.025376;0.007808;-84;28;-84;1
280971302;1.014064;0.023424;0.008784;-105;21;-63;1
280982658;1.013088;0.01952;0.003904;-133;7;-49;1
280995068;1.013088;0.002928;-0.003904;-154;7;-35;1
281007527;1.0111359;-0.001952;-0.003904;-133;28;-42;1
281020553;1.0150399;-0.002928;-0.002928;-126;42;-56;1
281032916;1.012112;-0.00488;-0.002928;-105;49;-77;1
281047026;1.0150399;-0.003904;0.00488;-56;56;-119;1
281069879;1.012112;0.007808;0.00488;-42;49;-147;1
281083517;1.012112;0.01.96261216;0.025492906;-0.23963332
281097235;1.012112;0.021472;0.006832;-35;35;-133;1
281108941;1.0111359;0.021472;0.008784;-70;21;-112;1
281120266;1.012112;0.022448;0.006832;-84;14;-98;1
281144567;1.013088;0.017568;-0.001952;-112;14;-63;1
281160374;1.013088;0.006832;-0.003904;-133;35;-63;1
281172065;1.013088;-0.002928;-0.00488;-126;42;-70;1
281184942;1.012112;-0.003904;-0.003904;-105;49;-84;1
281202321;1.014064;-0.001952;0.001952;-84;77;-126;1
281213243;1.014064;0.002928;0.005856;-63;77;-140;1
281234965;1.013088;0.00976;0.013664;-42;49;-154;1
281247301;1.008208;0.012688;0.011712;-42;42;-147;1
281260159;1.014064;0.023424;0.006832;-63;14;-140;1
281272808;1.014064;0.025376;0.00488;-70;21;-119;1
281303637;1.012112;0.017568;-0.003904;-133;21;-70;1
281320059;1.012112;0.008784;-0.005856;-140;42;-49;1
281331354;1.013088;0.000976;-0.002928;-140;63;-56;1
281342256;1.012112;-0.000976;0.000976;-133;70;-63;1
281354239;1.012112;0.0;0.003904;-112;70;-77;1
281370307;1.013088;0.0;0.013664;-84;63;-112;1
281381570;1.009184;0.003904;0.015616;-70;56;-126;1
281392502;1.012112;0.007808;0.015616;-56;35;-133;1
281403758;1.009184;0.012688;0.013664;-35;14;-133;1
281420111;1.012112;0.017568;0.010736;-28;0;-1330_192721_baro_icp10111.csv@281421436;-21.888598;37.178116;101588.18;2.7922@20000101_000005_192721_accel_adxl375.csv@281432985;1.7149999;0.147;0.196;1
281434959;1.01016;0.0244;-0.000976;-63;-7;-105;1
281448000;1.012112;0.021472;-0.001952;-77;0;-91;1
281460450;1.014064;0.020496;-0.00488;-91;14;-70;1
281473187;1.013088;0.011712;-0.003904;-133;35;-42;1
281503773;1.0150399;-0.001952;0.001952;-105;63;-56;1
281518202;1.016016;-0.005856;0.006832;-91;70;-70;1
281533452;1.012112;-0.002928;0.013664;-70;42;-112;1
281546862;1.01016;0.000976;0.012688;-49;28;-126;1
281558545;1.014064;0.002928;0.010736;-35;7;-147;1
281569416;1.014064;0.00976;0.005856;-42;-7;-154;1
281579969;1.013088;0.016592;0.003904;-35;-14;-154;1
281612978;1.012112;0.0244;-0.007808;-56;14;-105;1
281635205;1.014064;0.015616;-0.003904;-133;63;-70;1
281647780;1.014064;0.005856;0.003904;-119;77;-63;1
281660852;1.013088;0.002928;0.003904;-119;77;-70;1
281674752;1.012112;0.000976;0.013664;-105;63;-98;1
281691852;1.0150399;-0.000976;0.013664;-84;49;-105;1
281704026;1.013088;0.000976;0.011712;-77;35;-126;1
281741242;1.014064;0.018544;-0.001952;-21;7;-147;1
281775220;1.0150399;0.026352;-0.002928;-91;42;-112;1
281793906;1.013088;0.016592;-0.000976;-126;63;-70;1
281813069;1.009184;0.00976;0.003904;-154;77;-56;1
281824164;1.014064;0.010736;0.005856;-147;77;-49;1
281843977;1.01016;0.002928;0.013664;-126;63;-70;1
281858147;1.0111359;-0.000976;0.011712;-105;28;-98;1
281869014;1.014064;0.000976;0.010736;-84;14;-112;1
281880053;1.013088;0.007808;0.006832;-70;7;-126;1
281893709;1.014064;0.011712;0.0;-56;7;-133;1
281909956;1.014064;0.015616;-0.005856;-63;28;-126;1
281932993;1.013088;0.020496;-0.000976;-77;42;-91;1
281944251;1.0111359;0.01952;-0.001952;-98;56;-70;1
281954921;1.013088;0.016592;0.00488;-112;70;-56;1
281970482;1.014064;0.007808;0.006832;-126;63;-42;1
281981637;1.009184;0.001952;0.011712;-112;56;-49;1
281995655;1.013088;0.002928;0.010736;-112;42;-63;1
282016953;1.014064;-0.000976;0.007808;-84;21;-91;1
282034641;1.013088;0.0;0.00488;-56;0;-126;1
282049348;1.012112;0.003904;0.002928;-42;0;-140;1
282084917;1.0150399;0.020496;-0.000976;-35;35;-126;1
282097987;1.012112;0.021472;-0.000976;-56;42;-105;1
282109981;1.0150399;0.023424;-0.001952;-77;49;-91;1
282135081;1.013088;0.010736;0.006832;-126;56;-70;1
282148206;1.0111359;0.00488;0.005856;-126;49;-70;1
282183943;1.013088;0.0;0.005856;-70;14;-126;1
282204875;1.0150399;0.008784;0.0;-35;14;-154;1
282220321;1.0111359;0.013664;-0.00488;-35;14;-154;1
282242649;1.012112;0.025376;-0.003904;-63;49;-119;1
282254113;1.01016;0.027328;-0.000976;-91;70;-98;1
282269003;1.013088;0.026352;0.0;-112;70;-84;1
282280492;1.013088;0.017568;0.00488;-140;70;-63;1
282302581;1.013088;0.010736;0.006832;-161;56;-49;1
282318800;1.012112;0.0;0.007808;-154;49;-56;1
282334628;1.013088;-0.002928;0.007808;-112;28;-91;1
282347512;1.012112;0.001952;0.005856;-84;21;-105;1
282358477;1.013088;0.003904;0.002928;-77;14;-126;1
282370216;1.012112;0.007808;0.0;-63;21;-133;1
282382166;1.01016;0.016592;-0.00488;-56;28;-140;1
282395403;1.014064;0.01952;-0.000976;-56;49;-119;1
282408324;1.0111359;0.023424;-0.000976;-77;56;-105;1
282419090;1.0111359;0.021472;0.00488;-98;63;-91;1
282434027;1.01016;0.021472;0.005856;-112;63;-63;1
282448930;1.008208;0.012688;0.008784;-147;49;-49;1
282471048;1.014064;0.000976;0.010736;-112;35;-56;1
282482607;1.0111359;-0.001952;0.00976;-112;28;-63;1
282493858;1.0111359;-0.003904;0.007808;-119;14;-84;1
282506583;1.0150399;-0.003904;0.0;-63;7;-112;1
282519622;1.013088;0.0;0.0;-49;7;-126;1
282532501;1.012112;0.006832;-0.00488;-49;21;-147;1
282544027;1.0111359;0.015616;-0.002928;-28;28;-154;1
282562285;1.012112;0.01952;0.000976;-14;42;-133;1
282600783;1.0111359;0.013664;0.00488;-105;42;-77;1
282624786;1.014064;0.006832;0.007808;-154;35;-70;1
282640336;1.009184;0.001952;0.003904;-105;21;-77;1
282650956;1.012112;-0.000976;0.003904;-91;14;-91;1
282664655;1.01016;-0.001952;-0.001952;-105;14;-112;1
282675537;1.0111359;0.00488;-0.003904;-84;21;-119;1
282688919;1.012112;0.01@20000101_000005_192721_laser_agl.csv@282691308;0.022;0
282713028;1.012112;0.013664;0.000976;-21;42;-147;1
282724054;1.0111359;0.01952;0.002928;-21;49;-133;1
282738201;1.014064;0.022448;0.002928;-63;49;-119;1
282749173;1.0150399;0.023424;0.005856;-84;56;-105;1
282760913;1.0111359;0.018544;0.00488;-112;49;-70;1
282771985;1.0150399;0.015616;0.006832;-140;49;-63;1
282783752;1.01016;0.011712;0.00488;-140;42;-49;1
282799474;1.012112;0.008784;0.001952;-140;35;-49;1
282814969;1.013088;0.00488;-0.000976;-154;42;-70;1
282827114;1.013088;-0.003904;0.0;-133;49;-77;1
282853163;1.012112;0.00488;0.00488;-84;56;-119;1
282864159;1.0111359;0.007808;0.005856;-84;56;-126;1
282879445;1.013088;0.013664;0.002928;-77;56;-126;1
282903066;1.013088;0.017568;0.00488;-98;49;-91;1
282916866;1.012112;0.017568;0.008784;-112;42;-84;1
282928192;1.012112;0.01464;0.006832;-112;28;-70;1
282953100;1.014064;0.005856;0.002928;-105;21;-77;1
282966290;1.012112;0.000976;0.0;-112;28;-77;1
282979458;1.014064;0.002928;0.001952;-98;42;-84;1
282993227;1.0111359;0.003904;0.001952;-84;49;-105;1
283004061;1.0150399;0.00488;0.003904;-56;49;-119;1
283016827;1.013088;0.008784;0.00488;-56;42;-126;1
283028091;1.01016;0.008784;0.005856;-63;49;-133;1
283062776;1.009184;0.015616;0.011712;-70;28;-126;1
283080619;1.013088;0.010736;0.007808;-63;0;-112;1
283103263;1.012112;0.012688;-0.00488;-70;0;-105;1
283117902;1.0111359;0.01464;-0.003904;-91;21;-98;1
283129651;1.0150399;0.010736;-0.003904;-84;35;-91;1
283148046;1.013088;0.00976;0.0;-70;49;-98;1
283160168;1.013088;0.007808;0.00488;-77;56;-105;1
283171400;1.01016;0.008784;0.005856;-70;56;-112;1
283182534;1.013088;0.011712;0.003904;-56;56;-105;1
283195062;1.012112;0.010736;0.008784;-63;49;-112;1
283212587;1.009184;0.013664;0.007808;-56;28;-105;1
283223020;1.0111359;0.@20000101_000005_192721_power_ina226.csv@283228800;3915;516;2000;0
283238156;1.013088;0.01464;0.002928;-91;7;-105;1
283249180;1.014064;0.018544;-0.003904;-84;7;-98;1
283263843;1.014064;0.015616;-0.00488;-77;14;-84;1
283275079;1.014064;0.011712;-0.005856;-77;35;-77;1
283299195;1.013088;0.010736;0.000976;-112;63;-77;1
283310429;1.014064;0.005856;0.0;-91;63;-70;1
283333006;1.01016;0.005856;0.005856;-112;63;-84;1
283348180;1.014064;0.006832;0.00976;-98;56;-84;1
283360578;1.014064;0.00488;0.008784;-105;42;-91;1
283371361;1.014064;0.005856;0.00976;-105;35;-98;1
283382405;1.014064;0.00976;0.00488;-105;14;-105;1
283397148;1.0111359;0.008784;0.000976;-84;14;-105;1
283413395;1.0150399;0.010736;-0.002928;-98;28;-98;1
283433049;1.0111359;0.010736;-0.00488;-105;49;-91;1
283447631;1.013088;0.011712;-0.000976;-112;56;-91;1
283458136;1.012112;0.008784;0.001952;-105;63;-91;1
283469326;1.0111359;0.007808;0.003904;-98;70;-91;1
283526301;1.012112;0.008784;0.008784;-91;14;-126;1
283537462;1.014064;0.013664;0.005856;-84;7;-133;1
283551628;1.014064;0.012688;-0.000976;-70;7;-119;1
283573003;1.013088;0.015616;-0.003904;-70;35;-112;1
283584247;1.012112;0.012688;-0.001952;-77;49;-112;1
283599050;1.0111359;0.01464;-0.002928;-77;56;-105;1
283614497;1.016016;0.013664;0.006832;-105;63;-98;1
283627694;1.0150399;0.011712;0.007808;-98;63;-91;1
283644461;1.012112;0.008784;0.011712;-77;49;-91;1
283658973;1.012112;0.007808;0.010736;-84;28;-98;1
283674687;1.012112;0.008784;0.006832;-70;14;-105;1
283689292;1.014064;0.008784;0.004@20000101_000005_192721_accel_adxl375.csv@283704024;1.7639999;0.098;0.147;1
283705708;1.012112;0.01464;-0.001952;-56;7;-112;1
283718836;1.016016;0.013664;-0.002928;-63;21;-105;1
283730123;1.013088;0.01464;-0.00488;-56;28;-98;1
283740903;1.013088;0.018544;-0.00488;-77;35;-91;1
283752265;1.013088;0.012688;-0.001952;-84;49;-84;1
283769548;1.01016;0.013664;0.00488;-105;63;-70;1
283787324;1.012112;0.008784;0.00976;-98;56;-63;1
283800060;1.0111359;0.003904;0.010736;-112;49;-63;1
283813507;1.012112;0.00488;0.00976;-119;35;-70;1
283826066;1.013088;0.002928;0.00488;-98;21;-84;1
283843153;1.012112;0.002928;0.000976;-105;14;-98;1
283854180;1.0111359;0.00976;0.0;-84;21;-105;1
283867251;1.014064;0.00976;-0.000976;-98;42;-105;1
283878170;1.012112;0.011712;-0.000976;-84;49;-105;1
283891828;1.013088;0.012688;0.000976;-84;56;-98;1
283906412;1.012112;0.013664;0.002928;-98;63;-91;1
283917114;1.013088;0.013664;0.002928;-105;63;-91;1
283970023;1.016016;0.001952;0.005856;-112;35;-91;1
283981717;1.014064;0.005856;0.003904;-91;28;-105;1
283998817;1.014064;0.008784;0.000976;-77;28;-126;1
284011405;1.013088;0.006832;0.001952;-70;28;-133;1
284022113;1.0111359;0.03
284033209;1.013088;0.011712;0.002928;-56;42;-133;1
284044353;1.014064;0.012688;0.000976;-56;49;-126;1
284054914;1.0150399;0.015616;0.00488;-70;49;-119;1
284068174;1.013088;0.020496;0.00488;-98;56;-112;1
284080851;1.013088;0.015616;0.003904;-112;49;-98;1
284093568;1.016016;0.012688;0.008784;-119;49;-84;1
284107001;1.008208;0.010736;0.006832;-126;42;-84;1
284131927;1.0111359;0.002928;0.005856;-112;28;-91;1
284147844;1.0111359;0.005856;0.003904;-105;21;-98;1
284170930;1.012112;0.010736;0.0;-77;28;-119;1
284182868;1.014064;0.01464;0.001952;-63;35;-119;1
284198335;1.012112;0.013664;0.0;-56;49;-112;1
284209624;1.013088;0.015616;-0.000976;-70;49;-105;1
284223458;1.0111359;0.015616;0.006832;-84;63;-84;1
284233888;1.0111359;0.015616;0.007808;-98;56;-77;1
284248323;1.009184;0.01464;0.008784;-112;49;-70;1
284272980;1.0111359;0.006832;0.007808;-112;28;-63;1
284288338;1.012112;0.006832;0.005856;-98;21;-70;1
284298982;1.01016;0.001952;0.005856;-105;21;-77;1
284312803;1.013088;0.0;0.0;-70;21;-98;1
284341094;1.012112;0.01@20000101_000005_192721_accel_adxl375.csv@284345909;1.7639999;0.147;0.147;1
284360922;1.0150399;0.015616;0.0;-56;56;-119;1
284372426;1.013088;0.01464;0.001952;-77;56;-119;1
284386240;1.014064;0.017568;0.00488;-70;63;-91;1
284403038;1.0111359;0.015616;0.007808;-112;49;-84;1
284415695;1.012112;0.011712;0.00976;-126;42;-77;1
284427620;1.016016;0.00976;0.008784;-126;28;-77;1
284443065;1.013088;0.005856;0.00976;-126;28;-77;1
284457318;1.013088;0.001952;0.001952;-98;14;-98;1
284468619;1.012112;-0.000976;0.000976;-91;21;-112;1
284481175;1.016016;0.003904;0.0;-70;28;-126;1
284492142;1.013088;0.005856;0.001952;-42;28;-140;1
284504809;1.0111359;0.012688;0.0;-35;42;-147;1
284517241;1.012112;0.015616;0.001952;-35;49;-147;1
284534104;1.012112;0.016592;0.003904;-21;49;-133;1
284553469;1.014064;0.020496;0.006832;-77;42;-112;1
284568558;1.0111359;0.01952;0.007808;-91;28;-84;1
284578988;1.014064;0.01464;0.008784;-105;21;-70;1
284593262;1.008208;0.00976;0.003904;-119;14;-77;1
284615038;1.013088;0.00488;-0.000976;-119;21;-77;1
284646049;1.012112;0.002928;-0.001952;-77;35;-105;1
284657016;1.01016;0.008784;0.003904;-42;49;-119;1
284669466;1.0111359;0.010736;0.003904;-42;49;-126;1
284680255;1.012112;0.015616;0.006832;-56;49;-119;1
284694499;1.013088;0.017568;0.006832;-70;49;-119;1
284708464;1.012112;0.018544;0.007808;-77;35;-91;1
284719177;1.014064;0.020496;0.006832;-91;28;-77;1
284743065;1.0111359;0.011712;0.00488;-133;21;-56;1
284773076;1.01016;0.001952;0.001952;-112;21;-63;1
284793417;1.012112;-0.001952;-0.001952;-70;35;-91;1
284834017;1.008208;0.010736;0.002928;-49;49;-126;1
284846245;1.009184;0.013664;0.006832;-28;49;-126;1
284860890;1.014064;0.015616;0.006832;-91;28;-119;1
284872040;1.012112;0.021472;0.005856;-98;35;-98;1
284886322;1.016992;0.017568;0.002928;-91;28;-77;1
284897188;1.0150399;0.011712;0.001952;-126;21;-70;1
284908191;1.014064;0.008784;0.003904;-140;28;-77;1
284932980;1.012112;-0.000976;0.002928;-105;35;-91;1
284945338;1.016016;-0.000976;0.001952;-105;35;-105;1
284956134;1.012112;0.0l58275;1.7639999;0.147;0.244999984;1
284970622;1.01016;0.001952;0.001952;-49;42;-126;1
284981168;1.0150399;0.013664;0.005856;-56;42;-147;1
284991980;1.012112;0.016592;0.00488;-49;35;-140;1
285003216;1.012112;0.015616;0.003904;-35;28;-133;1
285016205;1.0179679;0.01952;0.007808;-49;28;-119;1
285033439;1.012112;0.017568;0.00488;-84;28;-98;1
285048387;1.0150399;0.015616;0.001952;-77;21;-84;1
285059301;1.013088;0.015616;0.001952;-98;21;-77;1
285071899;1.0150399;0.01464;0.002928;-112;21;-70;1
285084992;1.0150399;0.002928;0.001952;-91;28;-77;1
285098096;1.013088;0.000976;0.001952;-63;35;-91;1
285108857;1.014064;0.005856;-0.000976;-84;35;-98;1
285119954;1.0111359;0.00488;0.000976;-91;42;-105;1
285134822;1.0111359;0.008784;0.008784;-49;35;-119;1
285147662;1.012112;0.010736;0.00976;-42;35;-126;1
285159090;1.013088;0.016592;0.006832;-28;28;-119;1
285170749;1.01016;0.01952;0.00488;-49;28;-112;1
285183580;1.013088;0.016592;0.002928;-63;28;-105;1
285199397;1.012112;0.016592;0.00488;-112;28;-77;1
285210560;1.012112;0.01464;0.005856;-140;28;-70;1
285243402;1.0111359;0.005856;-0.001952;-91;28;-63;1
285263452;1.01016;0.001952;0.000976;-112;49;-84;1
285275337;1.01016;0.000976;0.003904;-63;49;-98;1
285293111;1.013088;0.006832;0.003904;-63;49;-119;1
285304923;1.012112;0.008784;0.00488;-63;35;-126;1
285317693;1.0111359;0.01464;0.001952;-56;42;-119;1
285328104;1.013088;0.015616;0.003904;-84;42;-112;1
285344848;1.014064;0.013664;0.00488;-91;35;-105;1
285355939;1.012112;0.0@20000101_000005_192721_accel_adxl375.csv@285359729;1.7639999;0.098;0.147;1
285370472;1.013088;0.010736;-0.000976;-105;28;-84;1
285380989;1.0150399;0.00976;-0.000976;-105;42;-84;1
285397727;1.014064;0.003904;-0.000976;-133;56;-91;1
285407980;1.012112;0.000976;0.000976;-98;63;-98;1
285419115;1.013088;0.00488;0.001952;-91;56;-105;1
285444597;1.01016;0.006832;0.003904;-u285451510;341.375;7568;-17475;0.96363184;0.022433758;-0.24371218
285458782;1.0111359;0.011712;0.00488;-77;49;-126;1
285469968;1.012112;0.015616;0.006832;-56;49;-119;1
285481411;1.012112;0.017568;0.007808;-105;42;-126;1
285491988;1.012112;0.015616;0.008784;-112;28;-119;1
285505957;1.013088;0.016592;0.006832;-98;35;-105;1
285519215;1.014064;0.012688;0.0;-119;28;-91;1
285530041;1.01016;0.013664;-0.000976;-112;35;-91;1
285553050;1.012112;0.010736;0.001952;-105;49;-77;1
285569803;1.0111359;0.007808;0.002928;-119;49;-91;1
285581228;1.012112;0.005856;0.006832;-105;42;-91;1
285603087;1.014064;0.008784;0.005856;-56;42;-98;1
285623066;1.014064;0.012688;0.007808;-49;35;-112;1
285636096;1.014064;0.01464;0.007808;-56;21;-105;1
285653031;1.012112;0.017568;0.003904;-70;14;-105;1
285668007;1.013088;0.016592;0.0;-77;14;-91;1
285702961;1.013088;0.00976;-0.001952;-112;42;-63;1
285721474;1.0111359;0.007808;-0.000976;-91;56;-63;1
285743280;1.012112;0.003904;0.005856;-77;56;-91;1
285754181;1.0111359;0.005856;0.00976;-70;42;-98;1
285765050;1.012112;0.003904;0.010736;-70;28;-105;1
285779711;1.0150399;0.007808;0.006832;-63;21;-119;1
285793848;1.014064;0.011712;-0.000976;-63;14;-119;1
285805167;1.013088;0.013664;-0.001952;-56;21;-119;1
285817669;1.013088;0.017568;0.000976;-77;21;-112;1
285828832;1.0150399;0.016592;-0.003904;-91;28;-98;1
285848536;1.016016;0.012688;-0.002928;-105;49;-77;1
285860289;1.014064;0.00976;-0.000976;-119;56;-77;1
285873029;1.013088;0.006832;0.0;-126;70;-84;1
285886124;1.0111359;0.000976;0.005856;-105;70;-84;1
285898300;1.0111359;0.000976;0.00976;-98;63;-98;1
285915053;1.01016;0.002928;0.007808;-77;35;-126;1
285926500;1.0111359;0.00976;0.008784;-70;35;-133;1
285937312;1.012112;0.011712;0.006832;-49;28;-140;1
285950668;1.013088;0.012688;0.000976;-70;14;-133;1
285962885;1.014064;0.015616;0.0;-77;21;-133;1
285974747;1.014064;0.016592;-0.001952;-77;35;-119;1
285985812;1.013088;0.020496;-0.000976;-98;49;-105;1
285998153;1.012112;0.01464;0.0;-98;63;-84;1
286014517;1.012112;0.01464;-0.000976;-126;63;-77;1
286027598;1.0150399;0.007808;0.002928;-133;63;-77;1
286048823;1.014064;0.005856;0.010736;-91;56;-77;1
286073292;1.012112;0.00488;0.006832;-112;35;-98;1
286085769;1.0111359;0.003904;0.006832;-84;21;-112;1
286098195;1.013088;0.012688;0.003904;-49;14;-119;1
286109086;1.014064;0.012688;0.001952;-49;14;-119;1
286141457;1.013088;0.020496;0.001952;-42;35;-98;1
286152701;1.012112;0.015616;-0.001952;-56;42;-84;1
286168763;1.01016;0.012688;0.0;-133;56;-77;1
286190238;1.016016;0.008784;0.00488;-84;56;-63;1
286206038;1.013088;0.001952;0.00488;-105;42;-70;1
286219570;1.014064;-0.001952;0.008784;-70;28;-91;1
286231557;1.01016;0.003904;0.00488;-56;21;-98;1
286244824;1.013088;0.002928;0.006832;-63;14;-112;1
286269536;1.0150399;0.012688;-0.000976;-49;14;-126;1
286281415;1.0150399;0.01464;-0.005856;-42;28;-119;1
286293073;1.013088;0.017568;-0.002928;-49;42;-119;1
286304059;1.013088;0.015616;-0.002928;-70;56;-119;1
286317819;1.013088;0.011712;0.0;-84;63;-105;1
286328923;1.0150399;0.015616;0.002928;-84;63;-91;1
286341768;1.013088;0.008784;0.00488;-133;63;-77;1
286368505;1.01016;0.005856;0.011712;-105;49;-77;1
286379620;1.012112;0.005856;0.010736;-126;42;-91;1
286404807;1.013088;0.006832;0.00488;-91;14;-119;1
286418413;1.012112;0.008784;0.002928;-91;14;-126;1
286434681;1.014064;0.012688;-0.002928;-77;21;-133;1
286450780;1.016016;0.015616;-0.002928;-63;35;-119;1
286462355;1.012112;0.017568;-0.002928;-112;63;-98;1
286473768;1.014064;0.015616;-0.003904;-112;84;-91;1
286484634;1.013088;0.020496;0.002928;-119;91;-77;1
286519527;1.014064;0.007808;0.010736;-154;70;-56;1
286537980;1.01016;0.003904;0.016592;-119;42;-56;1
286549417;1.012112;-0.000976;0.018544;-133;28;-77;1
286567564;1.01016;-0.000976;0.00976;-63;-7;-105;1
286583892;1.014064;0.003904;0.000976;-49;-14;-133;1
286608419;1.013088;0.015616;-0.00488;-21;14;-133;1
286623033;1.0150399;0.021472;-0.003904;-7;28;-119;1
286637281;1.012112;0.022448;-0.001952;-63;63;-91;1
286648201;1.012112;0.020496;0.001952;-91;70;-77;1
286670989;1.009184;0.01464;0.01464;-84;63;-42;1
286698391;1.0111359;-0.00488;0.013664;-105;0;-56;1
286709213;1.012112;-0.006832;0.010736;-98;-7;-77;1
286732985;1.012112;-0.005856;0.002928;-91;-28;-126;1
286748118;1.012112;0.00488;-0.007808;-21;-21;-154;1
286759106;1.013088;0.012688;-0.010736;-7;-7;-161;1
286770985;1.012112;0.018544;-0.008784;-21;21;-154;1
286782321;1.0150399;0.023424;-0.006832;-35;49;-147;1
286797695;1.014064;0.0244;-0.000976;-49;70;-105;1
286809606;1.013088;0.022448;0.002928;-63;70;-84;1
286819999;1.009184;0.018544;0.008784;-91;70;-63;1
286856723;1.0111359;-0.001952;0.013664;-70;28;-63;1
286868112;1.012112;-0.005856;0.007808;-98;-7;-105;1
286880029;1.012112;-0.000976;0.001952;-70;-14;-119;1
286890948;1.013088;0.0001952;-35;-7;-133;1
286902029;1.0111359;0.002928;-0.008784;-14;7;-147;1
286912967;1.012112;0.01464;-0.00976;-14;28;-154;1
286969330;1.014064;0.022448;0.011712;-140;98;-70;1
286988338;1.012112;0.01464;0.011712;-154;84;-49;1
286999287;1.0111359;0.011712;0.01464;-161;63;-42;1
287013021;1.014064;0.0;0.010736;-210;35;-56;1
287024993;1.012112;-0.001952;0.00976;-175;28;-63;1
287043077;1.01016;-0.003904;-0.001952;-126;14;-98;1
287068790;1.013088;0.003904;-0.003904;-91;35;-133;1
287080662;1.013088;0.01464;-0.00488;-70;63;-133;1
287094769;1.01016;0.018544;0.0;-63;77;-126;1
287113096;1.0150399;0.022448;0.007808;-98;77;-98;1
287124059;1.01016;0.021472;0.007808;-126;77;-84;1
287143047;1.013088;0.01464;0.01464;-140;56;-56;1
287158159;1.012112;0.006832;0.012688;-140;42;-56;1
287170269;1.013088;0.007808;0.012688;-133;14;-56;1
287182696;1.0111359;-0.003904;0.002928;-84;7;-70;1
287207168;1.013088;-0.001952;0.0;-70;7;-112;1
287218271;1.014064;-0.000976;-0.000976;-28;14;-126;1
287229477;1.013088;0.00488;-0.005856;-7;14;-133;1
287253081;1.0150399;0.015616;0.002928;-28;56;-133;1
287264645;1.0111359;0.01952;0.001952;-42;63;-126;1
287276070;1.012112;0.018544;0.00976;-63;63;-112;1
287293642;1.014064;0.017568;0.011712;-84;28;-84;1
287306471;1.013088;0.01464;0.010736;-98;14;-77;1
287335004;1.013088;-0.000976;0.003904;-112;0;-91;1
287346240;1.013088;-0.000976;0.0;-70;0;-98;1
287359884;1.0150399;0.001952;-0.002928;-49;0;-112;1
287370989;1.012112;0.002928;-0.00488;-28;7;-133;1
287382064;1.013088;0.006832;-0.007808;-35;28;-140;1
287429444;1.016016;0.0244;0.003904;-84;70;-98;1
287444496;1.012112;0.021472;0.00488;-105;63;-91;1
287455069;1.013088;0.016592;0.007808;-105;56;-63;1
287467015;1.01016;0.008784;0.011712;-147;28;-56;1
287478117;1.012112;0.006832;0.007808;-147;21;-63;1
287494747;1.0111359;0.003904;0.001952;-112;21;-63;1
287505095;1.014064;0.0;0.0;-91;21;-77;1
287533907;1.0111359;0.005856;-0.001952;-70;49;-126;1
287545302;1.013088;0.011712;-0.002928;-42;56;-119;1
287560440;1.01016;0.017568;0.002928;-84;77;-126;1
287571302;1.012112;0.018544;0.00488;-98;77;-112;1
287582816;1.01016;0.021472;0.005856;-84;70;-98;1
287609116;1.012112;0.016592;0.006832;-154;35;-63;1
287625867;1.012112;0.010736;0.005856;-161;28;-56;1
287639112;1.014064;0.001952;0.0;-161;21;-56;1
287650893;1.0150399;-0.000976;0.001952;-154;21;-77;1
287662725;1.016016;-0.003904;0.00488;-119;21;-98;1
287675116;1.012112;-0.002928;-0.000976;-84;21;-112;1
287690660;1.014064;0.0@20000101_000005_192721_accel_adxl375.csv@287699939;1.7639999;0.098;0.196;1
287701541;1.014064;0.008784;0.002928;-28;49;-140;1
287740369;1.0150399;0.023424;0.008784;-49;42;-119;1
287751873;1.0111359;0.023424;0.005856;-77;42;-105;1
287763388;1.014064;0.018544;0.008784;-105;35;-77;1
287775216;1.013088;0.013664;0.006832;-119;28;-63;1
287792128;1.013088;0.000976;0.005856;-105;14;-63;1
287806782;1.013088;-0.001952;0.002928;-112;7;-77;1
287818775;1.012112;0.0;0.000976;-98;14;-98;1
287863506;1.012112;0.016592;0.000976;0;35;-161;1
287878879;1.01016;0.018544;0.002928;-7;35;-147;1
287906498;1.0111359;0.028304;0.006832;-77;42;-105;1
287918373;1.012112;0.0244;0.00488;-84;35;-84;1
287937533;1.01016;0.01464;0.00488;-126;28;-56;1
287948088;1.0111359;0.008784;0.000976;-147;21;-49;1
287967826;1.012112;-0.000976;-0.000976;-126;28;-56;1
287979293;1.0111359;-0.001952;-0.000976;-105;28;-70;1
287990422;1.0111359;-00-91;1
288003838;1.012112;0.002928;0.0;-63;63;-112;1
288017387;1.013088;0.006832;0.000976;-56;56;-119;1
288029901;1.013088;0.00976;0.003904;-56;56;-126;1
288041805;1.012112;0.01464;0.002928;-49;56;-119;1
288063042;1.012112;0.01952;0.006832;-70;49;-112;1
288077019;1.012112;0.017568;0.007808;-119;42;-84;1
288095283;1.01016;0.011712;0.002928;-133;28;-63;1
288106064;1.014064;0.008784;0.005856;-140;21;-63;1
288119537;1.01016;0.003904;0.0;-133;28;-70;1
288131281;1.013088;0.001952;0.002928;-112;35;-77;1
288148338;1.0111359;0.000976;-0.000976;-77;42;-98;1
288159006;1.0111359;0.001952;-0.000976;-70;49;-112;1
288170091;1.0111359;0.001952;0.000976;-63;49;-126;1
288181247;1.0111359;0.007808;0.005856;-49;56;-133;1
288196388;1.012112;0.012688;0.007808;-49;49;-133;1
288242431;1.0111359;0.018544;0.006832;-105;28;-91;1
288258882;1.0111359;0.011712;0.002928;-126;14;-77;1
288272295;1.0111359;0.008784;0.001952;-119;14;-77;1
288292093;1.013088;0.002928;-0.001952;-112;21;-91;1
288333082;1.012112;0.006832;0.001952;-49;49;-119;1
288345890;1.0111359;0.00976;0.002928;-42;49;-133;1
288358201;1.014064;0.012688;0.007808;-35;49;-133;1
288370099;1.01016;0.015616;0.010736;-49;35;-126;1
288381146;1.012112;0.01952;0.008784;-70;28;-112;1
288401055;1.0111359;0.01952;0.005856;-84;7;-84;1
288425117;1.0150399;0.013664;-0.002928;-119;7;-56;1
288436860;1.013088;0.00976;-0.002928;-133;21;-56;1
288448689;1.013088;0.005856;-0.003904;-126;35;-56;1
288459158;1.0111359;0.000976;-0.00488;-112;49;-63;1
288470744;1.012112;0.0;0.0;-91;63;-91;1
288481675;1.013088;0.001952;0.002928;-70;63;-98;1
288494563;1.0111359;0.002928;0.006832;-63;63;-112;1
288506484;1.009184;0.007808;0.00976;-63;56;-126;1
288518640;1.013088;0.011712;0.008784;-63;49;-133;1
288545737;1.0111359;0.016592;0.00488;-70;14;-105;1
288556202;1.014064;0.0@20000101_000005_192721_accel_adxl375.csv@288559143;1.7639999;0.147;0.196;1
288567904;1.012112;0.018544;-0.001952;-112;14;-77;1
288579124;1.013088;0.017568;-0.002928;-112;21;-63;1
288594296;1.013088;0.002928;-0.001952;-126;49;-63;1
288609354;1.014064;0.00488;-0.00488;-119;56;-70;1
288632194;1.013088;0.000976;0.006832;-105;70;-98;1
288667880;1.0111359;0.008784;0.010736;-56;42;-133;1
288679777;1.009184;0.010736;0.007808;-56;35;-133;1
288691930;1.014064;0.016592;0.00976;-56;21;-133;1
288705521;1.014064;0.020496;0.00488;-77;0;-119;1
288718201;1.014064;0.018544;0.0;-91;0;-112;1
288729202;1.012112;0.016592;-0.001952;-84;7;-98;1
288753094;1.013088;0.013664;-0.001952;-119;35;-91;1
288769881;1.0111359;0.006832;-0.001952;-112;56;-84;1
288781247;1.008208;0.005856;0.001952;-98;63;-84;1
288805585;1.0111359;0.007808;0.006832;-77;63;-105;1
288826920;1.0111359;0.00976;0.012688;-63;35;-112;1
288846457;1.014064;0.012688;0.00976;-56;14;-119;1
288857748;1.013088;0.01464;0.00488;-49;0;-112;1
288869413;1.014064;0.016592;0.0;-63;0;-105;1
288881077;1.0111359;0.017568;0.000976;-84;7;-98;1
288895860;1.013088;0.013664;-0.002928;-91;14;-91;1
288914069;1.014064;0.011712;-0.003904;-77;42;-77;1
288927118;1.014064;0.00976;-0.001952;-119;70;-77;1
288939044;1.012112;0.007808;0.001952;-119;77;-77;1
288950048;1.012112;0.003904;0.008784;-105;70;-70;1
288972644;1.012112;0.00488;0.011712;-105;56;-91;1
288983149;1.014064;0.006832;0.010736;-98;42;-98;1
288997807;1.0111359;0.00976;0.008784;-98;21;-98;1
289014082;1.013088;0.008784;0.006832;-98;14;-105;1
289029170;1.013088;0.012688;0.0;-84;7;-98;1
289040339;1.014064;0.010736;-0.002928;-77;14;-98;1
289051007;1.013088;0.012688;-0.002928;-91;28;-98;1
289066623;1.009184;0.011712;-0.00488;-112;42;-91;1
289079631;1.013088;0.00976;-0.000976;-98;70;-91;1
289114258;1.013088;0.008784;0.007808;-105;70;-98;1
289125451;1.012112;0.00976;0.010736;-105;56;-98;1
289145289;1.013088;0.007808;0.010736;-84;35;-98;1
289156578;1.012112;0.0@20000101_000005_192721_accel_adxl375.csv@289160973;1.813;0.147;0.196;1
289168175;1.014064;0.010736;0.006832;-84;14;-112;1
289179142;1.013088;0.008784;0.002928;-70;14;-119;1
289190397;1.014064;0.0136976;-77;14;-119;1
289207324;1.014064;0.008784;-0.003904;-84;28;-119;1
289218267;1.0111359;0.010736;-0.002928;-84;42;-119;1
289230343;1.012112;0.010736;-0.000976;-77;49;-119;1
289241882;1.013088;0.011712;0.006832;-77;56;-112;1
289258844;1.012112;0.00976;0.005856;-84;56;-105;1
289270205;1.013088;0.011712;0.005856;-84;49;-98;1
289282045;1.014064;0.011712;0.011712;-84;35;-98;1
289292973;1.013088;0.011712;0.010736;-77;28;-98;1
289308188;1.014064;0.011712;0.006832;-77;21;-98;1
289320937;1.013088;0.0;;1
289332581;1.01016;0.010736;-0.001952;-77;14;-98;1
289343085;1.0111359;0.008784;-0.001952;-84;21;-105;1
289358554;1.0111359;0.012688;-0.001952;-84;35;-98;1
289369044;1.014064;0.013664;-0.001952;-70;42;-98;1
289382136;1.016016;0.012688;-0.000976;-77;49;-91;1
289396214;1.0111359;0.012688;0.003904;-84;56;-91;1
289409616;1.014064;0.011712;0.002928;-84;56;-91;1
289420088;1.016016;0.015616;0.006832;-84;49;-84;1
289431584;1.0111359;0.013664;0.008784;-91;42;-84;1
289443283;1.013088;0.010736;0.007808;-105;35;-84;1
289469419;1.0150399;0.007808;0.002928;-98;21;-84;1
289482523;1.014064;0.005856;0.000976;-91;21;-84;1
289527871;1.0111359;0.008784;0.0;-84;56;-98;1
289543899;1.0111359;0.007808;0.001952;-77;63;-98;1
289570664;1.013088;0.00976;0.007808;-105;56;-98;1
289598199;1.012112;0.008784;0.005856;-98;35;-98;1
289610221;1.012112;0.008784;0.003904;-98;28;-98;1
289633005;1.013088;0.007808;0.0;-119;21;-105;1
289646691;1.014064;0.00976;-0.000976;-91;35;-105;1
289671931;1.013088;0.00976;0.003904;-84;49;-119;1
289685223;1.013088;0.008784;0.003904;-84;49;-112;1
289696744;1.009184;0.00976;0.001952;-84;56;-112;1
289707124;1.014064;0.010736;0.003904;-91;56;-112;1
289718172;1.00528;0.011712;0.00976;-105;49;-112;1
289735490;1.0111359;0.013664;0.00976;-77;42;-112;1
289747062;1.012112;0.011712;0.007808;-84;35;-105;1
289760968;1.01016;0.010736;0.006832;-98;28;-105;1
289775344;1.01016;0.008784;0.001952;-84;21;-105;1
289791780;1.013088;0.00976;0.005856;-70;28;-105;1
289805178;1.013088;0.012688;0.000976;-84;28;-105;1
289815911;1.012112;0.012688;0.0;-84;28;-98;1
289844304;1.012112;0.013664;0.0;-84;42;-91;1
289855608;1.0150399;0.6
289868436;1.013088;0.016592;0.005856;-70;42;-84;1
289878952;1.014064;0.011712;0.005856;-70;42;-77;1
289898151;1.0111359;0.00976;0.005856;-105;35;-84;1
289911488;1.014064;0.010736;0.005856;-63;35;-84;1
289921986;1.013088;0.0;;1;-91;1
289933117;1.0150399;0.008784;0.00488;-84;21;-98;1
289948804;1.012112;0.00976;0.001952;-91;21;-91;1
289998929;1.01016;0.01464;0.0;-84;35;-84;1
290019300;1.01016;0.007808;0.00488;-91;42;-@20000101_000005_192721_accel_adxl375.csv@290027927;1.7639999;0.147;0.147;1
290030733;1.013088;0.00976;0.003904;-119;42;-84;1
290042311;1.012112;0.006832;0.006832;-105;35;-91;1
290054589;1.013088;0.00488;0.006832;-77;28;-84;1
290068955;1.016016;0.005856;0.005856;-77;28;-98;1
290082009;1.014064;0.00488;0.000976;-91;28;-105;1
290094400;1.0150399;0.008784;0.001952;-49;35;-112;1
290105265;1.013088;0.00976;0.001952;-63;28;-112;1
290118125;1.014064;0.012688;0.002928;-77;28;-112;1
290134539;1.016016;0.013664;-0.000976;-77;42;-105;1
290148430;1.012112;0.013664;0.000976;-77;49;-98;1
290159420;1.013088;0.01464;0.00488;-84;49;-98;1
290172288;1.0111359;0.012688;0.005856;-105;49;-98;1
290184308;1.013088;0.007808;0.003904;-98;42;-98;1
290199873;1.013088;0.006832;0.00488;-98;42;-105;1
290210890;1.012112;0.006832;0.007808;-105;42;-112;1
290223442;1.0150399;0.65856;-91;42;-119;1
290234306;1.012112;0.007808;0.008784;-77;35;-119;1
290248502;1.012112;0.010736;0.001952;-63;28;-126;1
290259874;1.012112;0.012688;0.000976;-63;28;-126;1
290273195;1.012112;0.015616;-0.000976;-70;35;-126;1
290286677;1.012112;0.01952;0.0;-91;42;-105;1
290297167;1.014064;0.01952;0.001952;-105;49;-91;1
290313580;1.009184;0.015616;0.000976;-105;49;-77;1
290333021;1.013088;0.010736;0.005856;-126;49;-70;1
290344272;1.0111359;0.008784;0.006832;-112;49;-70;1
290355082;1.013088;0.07_000005_192721_accel_adxl375.csv@290357363;1.7149999;0.196;0.147;1
290369864;1.008208;0.00488;0.002928;-91;28;-91;1
290399105;1.013088;0.007808;0.002928;-49;28;-112;1
290414942;1.014064;0.00976;0.0;-56;28;-112;1
290432717;1.0150399;0.015616;-0.001952;-70;35;-98;1
290453173;1.012112;0.01464;0.001952;-91;49;-84;1
290479672;1.012112;0.00976;0.00488;-112;49;-63;1
290495208;1.01016;0.008784;0.005856;-126;49;-70;1
290506316;1.013088;0.001952;0.00976;-126;42;-70;1
290520307;1.014064;0.002928;0.005856;-98;35;-91;1
290554874;1.014064;0.0@20000101_000005_192721_imu_lsm6dso32.csv@290566082;1.013088;0.005856;0.000976;-56;21;-126;1
290577763;1.01016;0.00976;0.000976;-42;28;-126;1
290593091;1.012112;0.016592;0.002928;-63;42;-126;1
290607475;1.013088;0.017568;0.000976;-70;42;-119;1
290643058;1.012112;0.011712;0.003904;-105;56;-91;1
290654238;1.0150399;0.@20000101_000005_192721_imu_lsm6dso32.csv@290673032;1.01016;0.005856;0.005856;-112;28;-98;1
290684423;1.009184;0.005856;0.003904;-105;28;-105;1
290698809;1.013088;0.005856;0.001952;-84;28;-112;1
290726414;1.0150399;0.012688;-0.001952;-63;35;-133;1
290738364;1.013088;0.01464;0.0;-70;35;-126;1
290749582;1.012112;0.017568;-0.001952;-77;42;-126;1
290760061;1.0111359;0.018544;0.002928;-77;49;-119;1
290771173;1.012112;0.01952;0.002928;-84;49;-112;1
290803038;1.016016;0.012688;0.005856;-126;42;-63;1
290823080;1.012112;0.006832;0.002928;-126;35;-77;1
290862861;1.013088;0.002928;0.002928;-91;35;-98;1
290875582;1.013088;0.008784;0.000976;-70;42;-105;1
290913060;1.0111359;0.011712;0.003904;-63;49;-105;1
290933054;1.012112;0.013664;0.005856;-84;49;-91;1
290947749;1.012112;0.01464;0.00976;-105;42;-77;1
290958245;1.0111359;0.013664;0.007808;-112;35;-70;1
290972708;1.012112;0.00976;0.006832;-112;35;-63;1
290983266;1.012112;0.005856;0.00488;-112;28;-70;1
290996827;1.013088;0.0;0.003904;-105;35;-84;1
291009346;1.014064;-0.000976;0.0;-98;35;-98;1
291033064;1.014064;0.005856;0.000976;-63;35;-126;1
291046214;1.0111359;0.012688;0.001952;-63;42;-133;1
291058943;1.0150399;0.011712;0.001952;-63;49;-133;1
291071061;1.014064;0.013664;0.006832;-63;56;-126;1
291081993;1.0150399;0.016592;0.006832;-63;49;-119;1
291098470;1.012112;0.015616;0.006832;-98;35;-105;1
291124024;1.0111359;0.011712;0.002928;-105;21;-91;1
291136023;1.01016;0.00976;0.002928;-105;21;-91;1
291147250;1.012112;0.003904;0.001952;-105;28;-98;1
291170421;1.0111359;0.005856;-0.001952;-77;35;-112;1
291181405;1.009184;0.005856;0.000976;-63;42;-119;1
291192201;1.012112;0.00976;0.001952;-63;49;-133;1
291207898;1.0111359;0.012688;0.002928;-63;56;-133;1
291218957;1.0111359;0.020496;0.003904;-63;49;-112;1
291231726;1.0111359;0.020496;0.007808;-84;42;-112;1
291244415;1.01016;0.01952;0.006832;-98;35;-98;1
291260398;1.013088;0.017568;0.00488;-112;35;-84;1
291271679;1.0111359;0.013664;0.003904;-119;28;-70;1
291312811;1.012112;0.006832;0.000976;-98;35;-84;1
291327024;1.0111359;0.006832;0.001952;-91;42;-91;1
291343303;1.0111359;0.010736;0.002928;-63;42;-105;1
291368452;1.01016;0.010736;0.003904;-70;42;-105;1
291403071;1.014064;0.017568;0.00488;-84;42;-84;1
291414646;1.012112;0.01464;0.00488;-105;35;-77;1
291432981;1.012112;0.010736;0.002928;-112;35;-70;1
291453134;1.014064;0.0@;0.147;0.196;1
291469143;1.013088;0.0;0.001952;-112;42;-84;1
291480314;1.014064;0.0;0.002928;-98;42;-98;1
291492815;1.0111359;0.002928;0.003904;-77;42;-119;1
291513034;1.01016;0.006832;0.003904;-56;42;-126;1
291524148;1.012112;0.008784;0.003904;-56;35;-133;1
291543055;1.013088;0.012688;0.007808;-49;35;-126;1
291554157;1.014064;0.00;1
291565150;1.013088;0.013664;0.005856;-77;28;-105;1
291579434;1.014064;0.01464;0.001952;-77;28;-98;1
291594067;1.012112;0.011712;0.001952;-98;28;-91;1
291613030;1.012112;0.008784;-0.000976;-91;35;-91;1
291624008;1.014064;0.006832;0.000976;-98;35;-91;1
291643039;1.013088;0.005856;0.002928;-77;42;-105;1
291654394;1.013088;0.0@20000101_000005_192721_power_ina226.csv@291659715;3916;490;1900;0
291664997;1.01016;0.011712;0.005856;-77;42;-126;1
291676218;1.0111359;0.01464;0.00488;-91;42;-126;1
291688287;1.012112;0.012688;0.002928;-84;42;-119;1
291699248;1.012112;0.015616;0.006832;-77;35;-119;1
291714535;1.0111359;0.017568;0.001952;-91;35;-112;1
291725876;1.012112;0.017568;0.001952;-119;35;-84;1
291743676;1.014064;0.015616;0.001952;-133;35;-84;1
291777229;1.013088;0.007808;0.00488;-112;49;-84;1
291797603;1.012112;0.006832;0.00488;-84;49;-91;1
291809454;1.0111359;0.005856;0.007808;-91;49;-98;1
291821352;1.014064;0.006832;0.006832;-84;42;-98;1
291835583;1.012112;0.00976;0.005856;-63;35;-98;1
291848782;1.013088;0.015616;0.007808;-49;28;-98;1
291860481;1.014064;0.013664;0.002928;-63;28;-98;1
291876324;1.013088;0.01464;0.00488;-77;28;-91;1
291892979;1.013088;0.01464;0.002928;-70;28;-77;1
291906784;1.014064;0.011712;0.0;-98;42;-77;1
291916902;1.013088;0.011712;0.001952;-98;42;-77;1
291936994;1.013088;0.00488;0.000976;-91;49;-70;1
291948311;1.013088;0.00488;0.003904;-91;49;-91;1
291967058;1.013088;0.00488;0.005856;-84;49;-105;1
291978123;1.014064;0.007808;0.008784;-70;42;-112;1
291991965;1.012112;0.010736;0.007808;-77;28;-126;1
292003223;1.013088;0.010736;0.003904;-70;28;-126;1
292013981;1.014064;0.012688;0.001952;-70;21;-119;1
292029867;1.013088;0.015616;0.001952;-70;21;-119;1
292053092;1.01016;0.016592;-0.000976;-77;28;-98;1
292068088;1.013088;0.008784;-0.000976;-98;35;-98;1
292079078;1.0111359;0.010736;-0.001952;-98;42;-98;1
292102375;1.012112;0.008784;0.003904;-63;56;-98;1
292113161;1.012112;0.008784;0.005856;-77;49;-105;1
292124665;1.012112;0.011712;0.005856;-84;42;-119;1
292137735;1.012112;0.00976;0.008784;-63;42;-119;1
292148151;1.009184;0.006832;0.007808;-49;35;-119;1
292161895;1.014064;0.011712;0.001952;-70;28;-126;1
292173240;1.013088;0.01464;0.002928;-77;28;-119;1
292225792;1.012112;0.01464;0.001952;-119;49;-84;1
292236994;1.009184;0.01464;0.003904;-119;56;-84;1
292249112;1.0111359;0.010736;0.000976;-133;56;-77;1
292274446;1.016016;0.008784;0.008784;-112;56;-84;1
292293728;1.012112;0.007808;0.00976;-112;49;-91;1
292303896;1.0150399;0.00976;0.005856;-98;35;-91;0
292317501;1.0111359;0.010736;0.007808;-84;28;-98;2
292328206;1.012112;0.013664;0.005856;-84;28;-98;1
292345651;1.014064;0.013664;0.001952;-98;28;-98;1
292368188;1.013088;0.01464;0.003904;-77;35;-84;1
292380890;1.014064;0.010736;0.001952;-91;35;-84;1
292394775;1.0111359;0.00976;0.003904;-98;42;-84;1
292412992;1.013088;0.007808;0.005856;-84;42;-84;1
292424144;1.012112;0.00488;0.005856;-77;42;-91;1
292443078;1.012112;0.008784;0.006832;-84;42;-91;1
292454650;1.012112;0.005856;0.006832;-70;28;-98;1
292465078;1.0111359;0.006832;0.002928;-49;21;-105;1
292476398;1.013088;0.010736;0.002928;-56;21;-119;1
292487257;1.01016;0.010736;-0.000976;-56;28;-119;1
292498780;1.012112;0.010736;0.003904;-56;28;-119;1
292522777;1.014064;0.013664;0.000976;-63;35;-105;1
292537019;1.012112;0.011712;0.003904;-77;42;-105;1
292557271;1.012112;0.010736;0.002928;-98;42;-98;1
292568148;1.014064;0.010736;0.005856;-105;35;-98;1
292579557;1.014064;0.007808;0.007808;-91;42;-98;1
292613747;1.014064;0.00976;0.003904;-84;35;-112;1
292638689;1.016016;0.012688;0.0;-70;28;-119;1
292650181;1.0111359;0.011712;0.001952;-70;28;-119;1
292661398;1.013088;0.01464;0.0;-63;35;-112;1
292674539;1.014064;0.01464;0.005856;-70;42;-112;1
292686781;1.0150399;0.013664;0.001952;-77;42;-98;1
292698521;1.0111359;0.016592;0.002928;-84;42;-98;1
292714467;1.012112;0.015616;0.003904;-91;42;-91;1
292726239;1.014064;0.008784;0.002928;-98;49;-84;1
292759975;1.012112;0.012688;0.003904;-98;42;-84;1
292771961;1.01016;0.007808;0.00488;-91;35;-91;1
292783225;1.013088;0.006832;0.0;-98;35;-98;1
292794116;1.012112;0.007808;0.001952;-91;42;-98;1
292805160;1.0150399;0.007808;0.003904;-84;42;-98;1
292825046;1.013088;0.013664;0.002928;-105;49;-98;1
292838575;1.0150399;0.012688;0.002928;-98;49;-91;1
292853392;1.0150399;0.01464;0.002928;-112;49;-84;1
292864192;1.012112;0.010736;0.00488;-119;42;-84;1
292879614;1.0111359;0.008784;0.00488;-119;42;-77;1
292891427;1.013088;0.0-119;42;-84;1
292904559;1.0111359;0.005856;0.005856;-112;35;-84;1
292939114;1.012112;0.00488;0.006832;-84;28;-105;1
292951234;1.0111359;0.005856;0.001952;-70;35;-112;1
292965449;1.014064;0.011712;0.00488;-63;35;-119;1
292976684;1.013088;0.011712;0.003904;-56;42;-119;1
293001068;1.013088;0.011712;0.001952;-63;35;-112;1
293012200;1.013088;0.01464;0.006832;-70;35;-105;1
293050387;1.012112;0.011712;0.003904;-91;35;-98;1
293070527;1.012112;0.010736;0.003904;-91;28;-98;1
293082940;1.012112;0.008784;0.001952;-84;35;-105;1
293094006;1.014064;0.00976;0.003904;-77;35;-105;1
293105001;1.008208;0.008784;0.001952;-77;35;-112;1
293117741;1.012112;0.00976;0.000976;-70;35;-119;1
293128781;1.014064;0.00976;0.002928;-70;35;-119;1
293144512;1.0111359;0.012688;0.005856;-77;35;-119;1
293171701;1.0111359;0.015616;0.001952;-91;42;-98;1
293182572;1.0111359;0.015616;0.002928;-91;42;-91;1
293196259;1.014064;0.01464;0.002928;-105;35;-84;1
293207097;1.013088;0.00976;0.00488;-98;35;-77;1
293220416;1.01016;0.00976;0.003904;-98;35;-77;1
293233037;1.0111359;0.007808;0.00488;-98;35;-84;1
293246946;1.013088;0.008784;0.000976;-98;35;-84;1
293258117;1.013088;0.008784;0.006832;-84;35;-91;1
293274534;1.013088;0.008784;0.002928;-77;35;-91;1
293286346;1.012112;0.012688;0.002928;-70;42;-98;1
293298108;1.013088;0.00976;0.003904;-77;35;-105;1
293315328;1.014064;0.012688;0.003904;-84;42;-98;1
293327420;1.012112;0.010736;0.002928;-98;35;-91;1
293344888;1.013088;0.011712;0.003904;-105;42;-84;1
293356842;1.014064;0.0@20000101_000005_192721_power_ina226.csv@293364704;3913;512;2000;0
293370740;1.016992;0.010736;0.002928;-112;35;-84;1
293382904;1.0150399;0.00976;0.001952;-112;35;-91;1
293407249;1.0150399;0.00488;0.003904;-98;42;-91;1
293424656;1.013088;0.001952;0.00488;-84;42;-105;1
293439948;1.0111359;0.011712;0.002928;-70;42;-105;1
293451395;1.014064;0.011712;0.003904;-63;42;-119;1
293504584;1.014064;0.01464;0.006832;-70;28;-112;1
293515178;1.012112;0.011712;0.007808;-70;28;-105;1
293526309;1.0111359;0.011712;0.005856;-70;28;-112;1
293543033;1.013088;0.012688;0.001952;-77;28;-105;1
293558597;1.0111359;0.011712;-0.000976;-70;28;-105;1
293569232;1.014064;0.008784;0.00488;-63;28;-105;1
293580182;1.012112;0.00976;0.003904;-63;35;-105;1
293591125;1.014064;0.010736;0.003904;-70;35;-112;1
293606677;1.014064;0.013664;0.000976;-63;35;-112;1
293616958;1.014064;0.011712;0.003904;-70;42;-112;1
293628248;1.0111359;0.012688;0.003904;-70;42;-112;1
293642030;1.01016;0.012688;0.006832;-70;42;-105;1
293657504;1.01016;0.013664;0.005856;-84;28;-98;1
293668216;1.013088;0.012688;0.005856;-98;28;-91;1
293681629;1.014064;0.01464;0.003904;-98;28;-91;1
293707031;1.012112;0.00976;0.000976;-105;35;-84;1
293722996;1.012112;0.008784;0.003904;-98;42;-84;1
293743119;1.01016;0.011712;0.00488;-98;42;-91;1
293767331;1.0150399;0.010736;0.00488;-77;42;-98;1
293779532;1.014064;0.011712;0.00488;-77;42;-105;1
293804738;1.016992;0.011712;0.003904;-77;42;-98;1
293819979;1.009184;0.013664;0.000976;-84;9214;1.7639999;0.147;0.196;1
293832232;1.014064;0.012688;0.002928;-91;35;-84;1
293843107;1.013088;0.012688;0.003904;-98;42;-84;1
293854734;1.0150399;0.005856;0.002928;-98;42;-84;1
293867845;1.014064;0.007808;0.002928;-98;42;-84;1
293882643;1.013088;0.005856;0.000976;-98;42;-91;1
293897027;1.013088;0.00488;0.003904;-98;42;-98;1
293937635;1.0150399;0.007808;0.00488;-70;42;-119;1
293957753;1.012112;0.010736;0.003904;-84;35;-119;1
293971436;1.014064;0.013664;0.002928;-84;35;-112;1
293982133;1.014064;0.01464;0.001952;-91;35;-105;1
293996660;1.013088;0.01464;0.00488;-98;35;-105;1
294007041;1.016016;0.013664;0.001952;-105;35;-105;1
294018925;1.01016;0.011712;0.001952;-91;35;-98;1
294031832;1.0111359;0.00976;0.003904;-98;42;-98;1
294043534;1.0111359;0.011712;0.002928;-98;42;-98;1
294054083;1.013088;0.006832;0.002928;-98;42;-98;1
294070584;1.014064;0.008784;0.003904;-77;42;-105;1
294081833;1.012112;0.008784;0.003904;-70;49;-112;1
294093012;1.01016;0.013664;0.002928;-77;42;-112;1
294104122;1.013088;0.010736;0.005856;-70;35;-112;1
294116175;1.014064;0.01464;0.006832;-63;35;-105;1
294134977;1.014064;0.012688;0.002928;-77;35;-105;1
294146165;1.014064;0.01464;0.00488;-84;35;-98;1
294159827;1.01016;0.013664;0.001952;-84;35;-91;1
294170198;1.013088;0.01464;0.001952;-91;42;-91;1
294185467;1.012112;0.012688;0.001952;-98;42;-84;1
294196198;1.0150399;0.011712;0.002928;-105;42;-77;1
294209489;1.014064;0.00488;0.001952;-98;42;-84;1
294220133;1.013088;0.006832;0.005856;-91;49;-84;1
294236386;1.009184;0.010736;0.003904;-98;35;-91;1
294247763;1.014064;0.00976;0.003904;-91;35;-91;1
294260934;1.014064;0.011712;0.00488;-77;35;-98;1
294272272;1.0111359;0.012688;0.005856;-77;35;-98;1
294297961;1.014064;0.011712;0.006832;-77;35;-91;1
294311591;1.013088;0.015616;0.002928;-77;28;-98;1
294340101;1.0111359;0.008784;0.002928;-84;35;-91;1
294354386;1.0150399;0.005_192721_baro_bmp280.csv@294357214;-31.236962;37.95;101700.76;4.6002008
294369698;1.013088;0.005856;0.003904;-84;35;-91;1
294380079;1.013088;0.005856;0.001952;-84;35;-98;1
294395285;1.013088;0.007808;0.00488;-77;35;-105;1
294405895;1.013088;0.008784;0.001952;-70;42;-112;1
294419035;1.014064;0.008784;0.003904;-70;35;-112;1
294434222;1.012112;0.012688;0.002928;-70;35;-112;1
294447744;1.014064;0.011712;0.002928;-70;35;-119;1
294460709;1.01016;0.011712;0.002928;-84;35;-119;1
294471630;1.013088;0.011712;0.001952;-84;42;-112;1
294481942;1.0111359;0.015616;0.000976;-84;42;-105;1
294497243;1.0150399;0.012688;0.001952;-98;42;-105;1
294513418;1.014064;0.012688;0.003904;-98;42;-98;1
294524095;1.0150399;0.010736;0.005856;-98;42;-98;1
294539469;1.013088;0.012688;0.003904;-105;42;-105;1
294550029;1.016992;0.00976;0.002928;-105;42;-98;1
294575678;1.0111359;0.006832;0.005856;-98;35;-105;1
294601246;1.0111359;0.01464;0.001952;-98;35;-105;1
294612751;1.013088;0.01464;0.002928;-91;35;-98;1
294623013;1.014064;0.0@20000101_000005_192721_imu_bno055.csv@294625769;341.5;7568;-17425;0.96261216;0.029571772;-0.24167276
294635689;1.013088;0.011712;0.002928;-91;42;-91;1
294656164;1.0150399;0.01464;0.003904;-98;42;-84;1
294671512;1.012112;0.011712;0.001952;-98;49;-84;1
294683068;1.0111359;0.012688;0.003904;-98;42;-77;1
294694276;1.0111359;0.011712;0.003904;-105;42;-77;1
294714500;1.013088;0.005856;0.003904;-91;35;-84;1
294771761;1.008208;0.012688;0.002928;-70;28;-105;1
294786150;1.0111359;0.00976;0.00488;-70;28;-98;1
294803175;1.0150399;0.012688;0.002928;-77;35;-105;1
294815771;1.014064;0.013664;0.000976;-84;35;-98;1
294844267;1.013088;0.013664;0.00488;-84;28;-91;1
294855002;1.013088;0.012688;0.006832;-91;28;-98;1
294866782;1.01016;0.006832;0.002928;-91;35;-98;1
294879047;1.0150399;0.006832;0.003904;-91;35;-98;1
294898233;1.0111359;0.007808;0.005856;-84;35;-105;1
294913431;1.013088;0.008784;0.000976;-70;35;-112;1
294924301;1.012112;0.00976;0.0;-70;35;-112;1
294944848;1.012112;0.012688;0.002928;-77;35;-112;1
294957179;1.014064;0.00976;0.002928;-70;35;-112;1
294969711;1.01016;0.013664;0.001952;-77;35;-112;1
294982619;1.013088;0.010736;0.003904;-91;35;-105;1
295003163;1.0150399;0.011712;0.0;-91;35;-98;1
295023111;1.01016;0.00976;0.000976;-77;42;-98;1
295036273;1.012112;0.00976;0.001952;-91;35;-98;1
295048016;1.013088;0.008784;0.002928;-98;42;-98;1
295071058;1.0150399;0.010736;0.001952;-84;42;-98;1
295084325;1.012112;0.013664;0.003904;-84;49;-98;1
295109304;1.012112;0.013664;0.003904;-91;42;-91;1
295127110;1.014064;0.00976;0.002928;-105;49;-91;1
295139955;1.014064;0.010736;0.003904;-105;49;-91;1
295151064;1.01016;0.011712;0.001952;-98;49;-84;1
295162547;1.013088;0.011712;0.001952;-105;49;-84;1
295173301;1.014064;0.008784;0.002928;-112;49;-84;1
295210026;1.0111359;0.008784;0.006832;-98;35;-91;1
295229310;1.013088;0.007808;0.003904;-98;28;-98;1
295240118;1.012112;0.008784;0.003904;-84;35;-98;1
295251868;1.014064;0.011712;0.001952;-84;35;-98;1
295262874;1.0150399;0.008784;0.00488;-98;35;-98;1
295277060;1.013088;0.011712;0.003904;-63;35;-91;1
295288104;1.012112;0.010736;0.00488;-77;35;-91;1
295300191;1.013088;0.008784;0.003904;-84;42;-98;1
295311311;1.012112;0.011712;0.003904;-84;35;-98;1
295335029;1.012112;0.008784;0.005856;-77;35;-98;1
295347193;1.0150399;0.011712;0.00488;-84;35;-105;1
295358025;1.0111359;0.012688;0.005856;-84;28;-98;1
295370823;1.012112;0.008784;0.00488;-70;35;-98;1
295382124;1.008208;0.007808;0.001952;-77;28;-105;1
295396271;1.012112;0.005856;0.001952;-84;28;-105;1
295416737;1.013088;0.010736;0.003904;-70;35;-105;1
295427206;1.0111359;0.010736;0.003904;-77;35;-112;1
295444310;1.012112;0.010736;0.00488;-70;35;-112;1
295464716;1.012112;0.008784;0.000976;-84;35;-105;1
295475815;1.0111359;0.013664;0.006832;-70;35;-105;1
295494549;1.012112;0.008784;0.000976;-91;35;-98;1
295506172;1.0111359;0.01464;0.000976;-91;35;-98;1
295527253;1.014064;0.011712;0.003904;-91;35;-98;1
295538538;1.013088;0.008784;0.00488;-91;35;-98;1
295556950;1.0150399;0.011712;0.002928;-98;42;-98;1
295574649;1.014064;0.010736;0.000976;-91;42;-98;1
295590999;1.013088;0.011712;0.00488;-98;49;-98;1
295602911;1.01016;0.008784;0.006832;-91;49;-98;1
295613961;1.014064;0.008784;0.00488;-91;49;-98;1
295625910;1.0111359;0.012688;0.005856;-91;42;-91;1
295668844;1.01016;0.00976;0.00488;-91;35;-98;1
295683242;1.014064;0.010736;0.000976;-91;28;-91;1
295693962;1.014064;0.010736;0.005856;-84;35;-91;1
295705347;1.013088;0.010736;0.003904;-84;35;-98;1
295717550;1.01016;0.00.906;-0.24167276
295729552;1.012112;0.012688;0.002928;-77;49;-98;1
295744528;1.0150399;0.007808;0.005856;-84;49;-98;1
295770298;1.013088;0.00976;0.005856;-91;42;-98;1
295783396;1.012112;0.00976;0.005856;-84;35;-98;1
295797262;1.0111359;0.011712;0.006832;-91;35;-98;1
295814526;1.01016;0.010736;0.003904;-91;28;-98;1
295825812;1.012112;0.012688;0.002928;-84;28;-98;1
295844597;1.016016;0.00976;0.001952;-77;28;-105;1
295869536;1.012112;0.011712;0.002928;-63;35;-112;1
295882437;1.012112;0.012688;0.00488;-70;35;-112;1
295895168;1.013088;0.010736;0.00488;-63;42;-105;1
295909532;1.012112;0.011712;0.001952;-63;42;-105;1
295920108;1.0111359;0.011712;0.002928;-70;35;-105;1
295931887;1.012112;0.012688;0.002928;-77;49;-105;1
295954625;1.0150399;0.011712;0.003904;-84;35;-98;1
295969524;1.012112;0.01464;0.003904;-91;35;-98;1
295980564;1.012112;0.00976;0.000976;-91;35;-98;1
296014213;1.014064;0.012688;0.0;-91;35;-91;1
296025164;1.01016;0.010736;0.000976;-98;42;-98;1
296037917;1.012112;0.011712;0.003904;-98;49;-98;1
296050354;1.013088;0.010736;0.003904;-98;49;-91;1
296062063;1.0150399;0.011712;0.007808;-98;49;-91;1
296097566;1.0111359;0.011712;0.00488;-98;49;-91;1
296118215;1.013088;0.06@20000101_000005_192721_accel_adxl375.csv@296122332;1.813;0.147;0.147;1
296129332;1.013088;0.00976;0.00488;-105;35;-91;1
296142088;1.013088;0.010736;0.00488;-105;35;-91;1
296153471;1.013088;0.007808;0.00488;-98;35;-91;1
296166484;1.013088;0.010736;0.002928;-98;35;-98;1
296178929;1.013088;0.008784;0.00488;-91;35;-91;1
296202354;1.0150399;0.010736;0.003904;-84;42;-98;1
296214812;1.012112;0.00976;0.00488;-84;42;-98;1
296230002;1.014064;0.00976;0.00488;-77;42;-98;1
296241047;1.0150399;0.007808;0.002928;-84;42;-98;1
296254918;1.012112;0.008784@20000101_000005_192721_accel_adxl375.csv@296257104;1.7639999;0.147;0.147;1
296267607;1.013088;0.008784;0.003904;-84;42;-98;1
296279641;1.013088;0.007808;0.002928;-84;35;-98;1
296290145;1.0111359;0.5@20000101_000005_192721_accel_adxl375.csv@296293898;1.813;0.098;0.196;1
296305337;1.012112;0.010736;0.005856;-91;28;-98;1
296318385;1.013088;0.011712;0.006832;-84;28;-105;1
296329697;1.012112;0.008784;0.003904;-91;28;-105;1
296339878;1.013088;0.008784;0.003904;-84;35;-112;1
296351856;1.013088;0.008784;0.0;-77;28;-112;1
296363197;1.013088;0.00976;0.001952;-70;28;-105;1
296376822;1.014064;0.012688;0.003904;-77;28;-105;1
296388136;1.012112;0.011712;0.002928;-84;35;-98;1
296401457;1.016016;0.011712;0.002928;-77;35;-98;1
296412298;1.012112;0.011712;0.002928;-77;35;-98;1
296423225;1.0150399;0.@20000101_000005_192721_accel_adxl375.csv@296426864;1.7639999;0.098;0.196;1
296434323;1.0150399;0.010736;0.005856;-84;35;-98;1
296445030;1.016016;0.012688;0.005856;-70;35;-98;1
296455976;1.008208;0.011712;0.006832;-84;35;-98;1
296469333;1.009184;0.008784;0.00488;-98;35;-105;1
296512574;1.0111359;0.015616;0.0;-77;35;-98;1
296528435;1.013088;0.012688;0.002928;-84;49;-98;1
296544492;1.0150399;0.012688;0.000976;-112;49;-91;1
296555186;1.014064;0.09@20000101_000005_192721_accel_adxl375.csv@296560049;1.7639999;0.147;0.196;1
296566579;1.012112;0.00976;0.00488;-105;49;-91;1
296579221;1.012112;0.00976;0.002928;-105;49;-98;1
296595531;1.008208;0.012688;0.006832;-112;42;-91;1
296619182;1.0150399;0.008784;0.007808;-105;42;-91;1
296631587;1.0111359;0.010736;0.00488;-98;35;-98;1
296653161;1.014064;0.012688;0.001952;-91;35;-98;1
296664043;1.014064;0.010736;0.002928;-84;42;-98;1
296683078;1.0111359;0.008784;0.002928;-91;42;-98;1
296695778;1.013088;0.010736;0.003904;-91;42;-105;1
296714365;1.014064;0.012688;0.003904;-84;42;-105;1
296733020;1.013088;0.00976;0.00976;-77;35;-98;1
296746653;1.012112;0.00976;0.006832;-77;28;-105;1
296756983;1.0111359;0.@20000101_000005_192721_accel_adxl375.csv@296760067;1.862;0.098;0.196;1
296771286;1.0150399;0.008784;0.005856;-63;21;-105;1
296782211;1.012112;0.008784;0.005856;-56;28;-105;1
296797886;1.013088;0.011712;0.003904;-63;28;-112;1
296823052;1.014064;0.012688;0.003904;-63;28;-112;1
296834846;1.013088;0.010736;0.002928;-63;28;-105;1
296846101;1.0111359;0.013664;0.000976;-63;28;-105;1
296860759;1.013088;0.011712;0.001952;-70;35;-98;1
296872061;1.013088;0.00976;0.001952;-70;28;-91;1
296884282;1.012112;0.010736;0.003904;-84;28;-91;1
296903655;1.014064;0.006832;0.007808;-56;28;-98;1
296914274;1.0150399;0.00976;0.003904;-63;21;-98;1
296955215;1.013088;0.013664;0.001952;-63;28;-105;1
296967159;1.009184;0.011712;-0.000976;-63;28;-112;1
296983032;1.013088;0.017568;0.0;-77;42;-98;1
296994125;1.016016;0.015616;0.0;-84;42;-91;1
297009896;1.013088;0.013664;0.000976;-105;49;-84;1
297021264;1.0111359;0.4@20000101_000005_192721_accel_adxl375.csv@297030996;1.7639999;0.098;0.147;1
297033796;1.013088;0.010736;0.002928;-119;49;-84;1
297056541;1.012112;0.00488;0.003904;-119;56;-77;1
297069631;1.013088;0.006832;0.003904;-119;49;-84;1
297098548;1.01016;0.007808;0.00488;-112;49;-98;1
297134702;1.013088;0.012688;0.000976;-112;56;-105;1
297148673;1.009184;0.013664;0.003904;-119;56;-105;1
297164594;1.012112;0.010736;0.005856;-126;56;-98;1
297177852;1.013088;0.010736;0.00488;-133;56;-91;1
297195646;1.013088;0.008784;0.005856;-126;42;-91;1
297207626;1.012112;0.007808;0.002928;-112;42;-84;1
297221269;1.014064;0.096.csv@297223521;3915;509;1975;0
297232075;1.014064;0.007808;0.007808;-112;35;-98;1
297243808;1.013088;0.00976;0.006832;-77;28;-112;1
297254953;1.0150399;0.006832;0.005856;-70;28;-119;1
297270612;1.009184;0.007808;0.00488;-63;35;-119;1
297281731;1.01016;0.008784;0.002928;-49;35;-126;1
297302900;1.012112;0.016592;0.00488;-49;28;-119;1
297314083;1.0111359;0.015616;0.00488;-49;28;-112;1
297336058;1.0111359;0.016592;0.002928;-70;28;-98;1
297349678;1.0111359;0.013664;0.00488;-77;21;-91;1
297361288;1.012112;0.012688;0.00488;-63;28;-84;1
297394676;1.01016;0.008784;0.00488;-70;21;-91;1
297418242;1.012112;0.008784;0.003904;-56;28;-105;1
297433222;1.009184;0.011712;0.001952;-42;28;-105;1
297449454;1.013088;0.013664;0.005856;-42;28;-112;1
297459926;1.008208;0.013664;0.002928;-42;28;-105;1
297474096;1.012112;0.016592;0.000976;-63;21;-105;1
297486694;1.012112;0.017568;0.005856;-49;28;-91;1
297498513;1.013088;0.013664;0.001952;-77;21;-91;1
297509119;1.014064;0.012688;0.002928;-91;21;-84;1
297521126;1.014064;0.00976;0.001952;-84;28;-77;1
297543049;1.01016;0.008784;-0.000976;-91;35;-77;1
297554360;1.0150399;0.005856;-0.000976;-91;42;-77;1
297564905;1.0150399;0.00488;0.001952;-98;42;-84;1
297576526;1.0111359;0.008784;0.001952;-91;49;-84;1
297588270;1.014064;0.005856;0.001952;-84;49;-105;1
297600832;1.0111359;0.008784;0.002928;-91;49;-105;1
297611905;1.012112;0.010736;0.00488;-84;42;-105;1
297622941;1.0111359;0.@20000101_000005_192721_accel_adxl375.csv@297643380;1.7639999;0.147;0.196;1
297644985;1.012112;0.01464;0.000976;-105;49;-98;1
297659307;1.012112;0.015616;0.000976;-126;42;-84;1
297670643;1.01016;0.010736;0.002928;-133;49;-77;1
297681908;1.013088;0.006832;0.001952;-133;49;-77;1
297704525;1.012112;0.007808;0.005856;-133;56;-91;1
297724567;1.012112;0.00488;0.005856;-119;42;-98;1
297735814;1.012112;0.006832;0.005856;-105;42;-112;1
297754521;1.014064;0.00976;0.005856;-84;35;-133;1
297767359;1.014064;0.008784;0.007808;-70;35;-133;1
297785514;1.013088;0.016592;0.003904;-63;28;-126;1
297796013;1.013088;0.018544;0.002928;-63;28;-126;1
297810364;1.0111359;0.016592;0.002928;-70;28;-112;1
297835969;1.012112;0.013664;0.000976;-84;42;-84;1
297851834;1.013088;0.010736;0.00488;-91;35;-77;1
297863618;1.0111359;0.005856;0.003904;-91;42;-77;1
297877735;1.012112;0.00488;0.008784;-77;35;-84;1
297894007;1.013088;0.001952;0.006832;-56;28;-105;1
297906130;1.0150399;0.000976;0.007808;-49;14;-112;1
297917172;1.012112;0.007808;0.005856;-49;14;-119;1
297946075;1.014064;0.017568;0.000976;-42;14;-112;1
297957251;1.012112;0.01464;-0.000976;-49;21;-105;1
297970809;1.012112;0.01952;-0.001952;-56;21;-98;1
297983556;1.012112;0.016592;0.000976;-77;35;-77;1
297995191;1.012112;0.016592;0.001952;-98;42;-70;1
298005991;1.0111359;0.010736;0.002928;-112;42;-70;1
298020106;1.012112;0.007808;0.002928;-112;42;-70;1
298033468;1.012112;0.005856;0.003904;-98;42;-70;1
298049552;1.0111359;0.001952;0.00488;-91;35;-91;1
298073093;1.012112;0.007808;0.001952;-70;35;-105;1
298087599;1.01016;0.010736;0.003904;-70;35;-112;1
298104163;1.016992;0.012688;0.001952;-63;35;-112;1
298122999;1.0111359;0.01464;-0.000976;-84;49;-105;1
298136271;1.014064;0.012688;0.002928;-105;56;-91;1
298148962;1.012112;0.00976;0.006832;-119;56;-91;1
298172989;1.0150399;0.002928;0.007808;-112;56;-84;1
298189591;1.0111359;0.003904;0.006832;-112;42;-105;1
298200292;1.012112;0.00488;0.007808;-98;42;-119;1
298214102;1.0111359;0.003904;0.003904;-77;35;-119;1
298227187;1.01016;0.010736;0.000976;-105;35;-133;1
298238209;1.012112;0.013664;0.000976;-91;35;-126;1
298253584;1.013088;0.016592;-0.002928;-77;49;-119;1
298284677;1.012112;0.015616;0.003904;-119;56;-91;1
298305164;1.012112;0.010736;0.006832;-147;56;-77;1
298319011;1.0111359;0.007808;0.00976;-119;42;-84;1
298333703;1.0111359;0.005856;0.007808;-98;35;-84;1
298345734;1.012112;0.005856;0.007808;-98;28;-98;1
298368945;1.0150399;0.008784;0.003904;-91;21;-105;1
298380701;1.0150399;0.00976;0.002928;-49;14;-112;1
298392837;1.014064;0.012688;0.002928;-63;21;-119;1
298416150;1.013088;0.01464;0.0;-35;28;-105;1
298428265;1.013088;0.015616;0.000976;-49;28;-91;1
298444708;1.012112;0.01464;0.003904;-77;42;-84;1
298455152;1.014064;0.05
298468195;1.014064;0.016592;0.00488;-63;35;-70;1
298478962;1.013088;0.007808;0.005856;-84;28;-70;1
298495893;1.013088;0.001952;0.005856;-91;28;-77;1
298513037;1.0111359;0.005856;0.002928;-63;21;-91;1
298523975;1.013088;0.005856;0.0;-77;21;-98;1
298543044;1.01016;0.010736;0.000976;-70;28;-112;1
298557059;1.0111359;0.00976;0.002928;-70;35;-105;1
298570301;1.012112;0.013664;0.002928;-70;42;-112;1
298581171;1.01016;0.011712;0.003904;-84;42;-105;1
298593962;1.0111359;0.015616;0.003904;-91;49;-105;1
298605005;1.012112;0.013664;0.003904;-112;49;-91;1
298616384;1.0111359;0.00976;0.006832;-119;49;-91;1
298633036;1.012112;0.00976;0.002928;-112;35;-91;1
298647821;1.013088;0.00488;0.005856;-98;35;-91;1
298697008;1.013088;0.005856;-0.000976;-49;35;-133;1
298709594;1.013088;0.012688;-0.000976;-49;42;-133;1
298721310;1.014064;0.012688;0.000976;-56;49;-133;1
298737764;1.013088;0.013664;0.000976;-77;56;-119;1
298749125;1.016992;0.016592;0.002928;-70;63;-105;1
298763186;1.0111359;0.017568;0.003904;-84;56;-98;1
298775507;1.012112;0.013664;0.007808;-119;49;-91;1
298790391;1.0111359;0.011712;0.006832;-119;49;-84;1
298805155;1.0150399;0.006832;0.005856;-147;35;-91;1
298817775;1.012112;0.005856;0.005856;-140;28;-98;1
298830059;1.009184;0.005856;0.003904;-91;28;-98;1
298842716;1.013088;0.007808;0.001952;-84;28;-98;1
298853738;1.012112;0.006832;0.000976;-112;28;-119;1
298866740;1.012112;0.013664;0.002928;-70;42;-112;1
298883603;1.012112;0.017568;0.002928;-63;42;-105;1
298914338;1.0150399;0.015616;0.001952;-98;49;-84;1
298933000;1.0111359;0.016592;0.00976;-105;49;-70;1
298948416;1.0150399;0.00488;0.006832;-98;35;-63;1
298959006;1.012112;0.005856;0.007808;-91;28;-63;1
298970926;1.0111359;0.002928;0.006832;-98;21;-77;1
298982191;1.012112;0.001952;0.006832;-98;14;-84;1
298996527;1.0150399;0.003904;0.002928;-70;14;-91;1
299013025;1.014064;0.005856;-0.000976;-56;21;-119;1
299033082;1.014064;0.011712;0.000976;-42;35;-119;1
299048173;1.016016;0.013664;0.0;-42;42;-112;1
299059079;1.012112;0.01464;0.00488;-84;42;-98;1
299073177;1.012112;0.013664;0.002928;-84;49;-91;1
299101476;1.013088;0.007808;0.007808;-126;35;-84;1
299114611;1.012112;0.00488;0.006832;-119;28;-84;1
299133222;1.014064;0.001952;0.002928;-91;21;-98;1
299146262;1.0150399;0.00488;0.001952;-91;21;-112;1
299164360;1.012112;0.007808;-0.000976;-49;28;-119;1
299176457;1.01016;0.011712;-0.001952;-49;35;-126;1
299190679;1.016016;0.011712;0.0;-63;49;-133;1
299201065;1.012112;0.016592;0.002928;-56;49;-119;1
299216616;1.0111359;0.016592;0.005856;-56;49;-112;1
299227160;1.014064;0.016592;0.005856;-84;49;-105;1
299238487;1.014064;0.015616;0.003904;-91;42;-105;1
299249119;1.013088;0.01464;0.00488;-98;42;-98;1
299260768;1.014064;0.010736;0.005856;-98;35;-91;1
299272675;1.0111359;0.008784;0.000976;-98;28;-84;1
299299086;1.01016;0.008784;0.0;-98;35;-91;1
299312264;1.014064;0.007808;0.0;-98;49;-105;1
299325884;1.01016;0.010736;0.0;-84;56;-112;1
299338044;1.012112;0.012688;0.0;-77;63;-112;1
299350240;1.0111359;0.013664;0.00488;-91;56;-105;1
299361829;1.012112;0.01464;0.005856;-91;63;-105;1
299372731;1.013088;0.017568;0.005856;-105;56;-98;1
299391739;1.013088;0.017568;0.005856;-112;49;-84;1
299404964;1.016016;0.01464;0.00976;-133;35;-77;1
299417944;1.012112;0.00976;0.003904;-126;28;-70;1
299430451;1.01016;0.008784;0.002928;-112;21;-70;1
299454698;1.013088;0.005856;0.001952;-84;35;-98;1
299469170;1.014064;0.005856;0.002928;-84;35;-98;1
299480289;1.0111359;0.00488;0.001952;-63;42;-105;1
299493608;1.01016;0.00976;0.005856;-63;49;-112;1
299514779;1.012112;0.011712;0.006832;-56;56;-112;1
299535018;1.009184;0.01464;0.008784;-70;35;-105;1
299580941;1.0150399;0.008784;0.002928;-63;7;-91;1
299597746;1.013088;0.006832;-0.001952;-84;14;-105;1
299608644;1.0111359;0.001952;-0.000976;-63;28;-105;1
299624532;1.0111359;0.002928;0.0;-56;35;-112;1
299636760;1.014064;0.010736;0.0;-56;49;-126;1
299650348;1.013088;0.012688;0.001952;-63;49;-126;1
299661731;1.01016;0.012688;0.003904;-42;49;-119;1
299672888;1.012112;0.015616;0.006832;-56;42;-119;1
299686176;1.013088;0.015616;0.007808;-91;35;-112;1
299714149;1.0150399;0.01464;0.00488;-91;21;-91;1
299733027;1.0150399;0.008784;-0.000976;-133;14;-98;1
299745746;1.013088;0.00488;0.0;-119;21;-91;1
299768469;1.016992;0.008784;-0.001952;-98;42;-98;1
299779071;1.014064;0.010736;0.000976;-91;63;-105;1
299813000;1.0150399;0.010736;0.00488;-112;63;-112;1
299825653;1.0111359;0.016592;0.007808;-91;63;-105;1
299844999;1.016016;0.011712;0.00976;-91;42;-91;1
299856021;1.0150399;0.;1
299867139;1.016016;0.012688;0.003904;-119;21;-84;1
299878047;1.0150399;0.008784;0.002928;-105;21;-77;1
299913042;1.012112;0.0
299931086;1.014064;0.006832;0.0;-105;56;-98;1
299942774;1.01016;0.008784;0.003904;-105;63;-105;1
299953717;1.0150399;0.00976;0.006832;-91;63;-98;1
299965412;1.014064;0.008784;0.00488;-56;63;-98;1
299979096;1.016016;0.010736;0.008784;-77;56;-105;1
299991787;1.01016;0.005856;0.00976;-84;35;-105;1
300023382;1.012112;0.008784;0.002928;-98;14;-105;1
300036674;1.014064;0.008784;0.001952;-84;14;-105;1
300051883;1.014064;0.00488;0.003904;-63;14;-98;1
300063115;1.013088;0.008784;0.0;-70;21;-112;1
300075975;1.013088;0.012688;-0.000976;-77;28;-112;1
300096038;1.01016;0.006832;0.000976;-42;42;-112;1
300107289;1.014064;0.011712;0.0;-56;49;-112;1
300125979;1.0111359;0.00976;0.003904;-56;35;-112;1
300145135;1.012112;0.010736;0.005856;-56;28;-105;1
300158624;1.012112;0.00976;0.008784;-56;21;-105;1
300169317;1.0111359;0.008784;0.005856;-63;21;-112;1
300180889;1.012112;0.00976;0.00488;-70;14;-112;1
300208457;1.0111359;0.013664;0.000976;-63;28;-98;1
300219037;1.01016;0.016592;-0.003904;-84;28;-105;1
300231542;1.012112;0.01464;-0.003904;-112;35;-105;1
300245817;1.014064;0.013664;0.002928;-77;56;-91;1
300260983;1.013088;0.010736;0.002928;-112;63;-84;1
300274616;1.008208;0.011712;0.003904;-126;63;-91;1
300288336;1.013088;0.008784;0.007808;-91;49;-84;1
300304526;1.014064;0.005856;0.007808;-91;35;-84;1
300319026;1.0111359;0.008784;0.00488;-91;21;-98;1
300335101;1.012112;0.00976;0.006832;-63;21;-91;1
300353034;1.0150399;0.011712;0.000976;-105;21;-105;1
300368990;1.013088;0.01464;-0.001952;-56;42;-84;1
300380033;1.012112;0.012688;-0.001952;-77;49;-77;1
300391492;1.014064;0.011712;0.0@20000101_000005_192721_accel_adxl375.csv@300398192;1.7639999;0.147;0.196;1
300406736;1.014064;0.011712;0.000976;-105;63;-77;1
300422169;1.012112;0.00488;0.006832;-70;6@20000101_000005_192721_accel_adxl375.csv@300425908;1.7149999;0.147;0.244999984;1
300434926;1.014064;0.005856;0.008784;-91;56;-84;1
300448962;1.008208;0.003904;0.008784;-84;35;-105;1
300487686;1.012112;0.008784;0.003904;-98;14;-119;1
300499375;1.013088;0.012688;0.0;-63;21;-112;1
300511061;1.01016;0.013664;-0.000976;-77;28;-112;1
300524623;1.013088;0.012688;0.0;-98;35;-112;1
300539053;1.013088;0.010736;0.0;-91;42;-98;1
300552590;1.01016;0.007808;0.00488;-77;56;-91;1
300566845;1.016016;0.007808;0.00488;-98;56;-98;1
300578214;1.012112;0.006832;0.008784;-77;49;-98;1
300590086;1.01016;0.00;-98;1
300613025;1.012112;0.00488;0.003904;-70;14;-119;1
300634791;1.016016;0.010736;0.0;-35;7;-126;1
300646825;1.014064;0.013664;-0.000976;-49;14;-126;1
300659738;1.013088;0.016592;-0.000976;-63;21;-119;1
300671046;1.013088;0.013664;-0.000976;-63;28;-112;1
300682085;1.013088;0.015616;-0.001952;-77;49;-98;1
300697851;1.013088;0.018544;-0.000976;-91;63;-91;1
300712764;1.013088;0.012688;0.00488;-98;63;-77;1
300723254;1.0111359;0.021_accel_adxl375.csv@300725244;1.7639999;0.098;0.147;1
300735653;1.014064;0.008784;0.007808;-119;49;-77;1
300748416;1.014064;0.005856;0.007808;-112;35;-84;1
300772343;1.014064;0.008784;0.003904;-98;21;-91;1
300782996;1.014064;0.008784;0.000976;-98;14;-98;1
300799196;1.014064;0.008784;0.000976;-77;21;-105;1
300814647;1.012112;0.012688;-0.002928;-91;35;-105;1
300825947;1.016016;0.018544;-0.001952;-91;49;-98;1
300843620;1.0150399;0.015616;0.001952;-84;56;-84;1
300854477;1.014064;0.01464;0.002928;-112;70;-77;1
300866125;1.014064;0.00976;0.003904;-112;63;-77;1
300877242;1.014064;0.012688;0.008784;-105;56;-70;1
300890438;1.0111359;0.008784;0.011712;-105;49;-70;1
300922685;1.012112;0.000976;0.006832;-98;21;-98;1
300957299;1.0111359;0.010736;-0.003904;-63;28;-126;1
300972634;1.01016;0.015616;-0.005856;-63;35;-126;1
300984361;1.0150399;0.020496;-0.000976;-56;42;-119;1
300998758;1.012112;0.016592;0.001952;-84;63;-105;1
301014462;1.012112;0.016592;0.002928;-77;70;-98;1
301027387;1.0111359;0.00976;0.010736;-112;56;-84;1
301044635;1.016016;0.008784;0.011712;-112;42;-84;1
301054957;1.0150399;0.006832;0.011712;-105;35;-84;1
301067511;1.012112;0.006832;0.003904;-105;21;-105;1
301078258;1.01016;0.005856;0.003904;-98;14;-112;1
301094290;1.013088;0.000976;0.002928;-84;14;-119;1
301112991;1.0111359;0.006832;-0.003904;-49;28;-126;1
301129680;1.012112;0.01464;-0.002928;-56;49;-133;1
301146121;1.014064;0.01952;0.001952;-63;56;-119;1
301157103;1.014064;0.01952;0.003904;-77;63;-112;1
301170058;1.016016;0.018544;0.006832;-91;63;-84;1
301180942;1.014064;0.017568;0.00488;-98;56;-70;1
301196493;1.014064;0.016592;0.008784;-126;49;-63;1
301207673;1.013088;0.00976;0.010736;-133;42;-63;1
301219228;1.014064;0.002928;0.006832;-133;21;-63;1
301231991;1.012112;0.000976;0.002928;-112;21;-77;1
301246965;1.014064;0.001952;0.002928;-98;21;-91;1
301258226;1.013088;0.00488;0.0;-84;21;-105;1
301272469;1.0111359;0.008784;-0.003904;-84;42;-112;1
301283088;1.01016;0.010736;-0.000976;-70;49;-105;1
301321945;1.014064;0.01952;0.00488;-91;70;-77;1
301337767;1.0111359;0.017568;0.003904;-119;70;-63;1
301350072;1.01016;0.011712;0.010736;-147;56;-56;1
301361198;1.013088;0.005856;0.010736;-126;35;-63;1
301372563;1.013088;-0.000976;0.00976;-119;28;-63;1
301386489;1.196;0.008784;-119;14;-84;1
301397127;1.0111359;-0.000976;0.002928;-105;14;-98;1
301408228;1.013088;0.0;0.002928;-84;7;-112;1
301419119;1.013088;0.00488;-0.000976;-63;14;-126;1
301436563;1.0150399;0.011712;-0.002928;-42;42;-147;1
301447784;1.012112;0.016592;-0.001952;-35;49;-133;1
301459573;1.0150399;0.017568;0.001952;-49;56;-133;1
301470768;1.013088;0.017568;0.000976;-70;63;-119;1
301481829;1.013088;0.016592;0.006832;-77;70;-105;1
301508111;1.016016;0.01464;0.010736;-119;49;-77;1
301523446;1.01016;0.006832;0.005856;-126;28;-77;1
301535529;1.013088;0.003904;0.003904;-126;21;-84;1
301548278;1.014064;0.0;0.003904;-119;21;-105;1
301571836;1.013088;0.000976;-0.001952;-63;28;-126;1
301583246;1.013088;0.006832;0.0;-63;28;-133;1
301597605;1.012112;0.015616;-0.000976;-63;56;-140;1
301609208;1.009184;0.017568;0.002928;-49;63;-133;1
301623222;1.012112;0.020496;0.005856;-56;63;-126;1
301634123;1.013088;0.026352;0.005856;-84;63;-112;1
301650226;1.013088;0.068936;-0.24065304
301662084;1.0111359;0.017568;0.00976;-133;42;-56;1
301675553;1.0111359;0.008784;0.00976;-154;21;-56;1
301688077;1.013088;0.00488;0.005856;-133;21;-63;1
301699124;1.012112;0.000976;0.001952;-112;14;-70;1
301713034;1.012112;0.0;0.002928;-112;14;-77;1
301759695;1.013088;0.011712;0.002928;-49;49;-126;1
301773581;1.012112;0.015616;0.002928;-49;56;-112;1
301789334;1.0111359;0.022448;0.007808;-70;56;-98;1@20000101_000005_192721_accel_adxl375.csv@301797906;1.7639999;0.098;0.196;1
301800195;1.0150399;0.01952;0.013664;-91;49;-84;1
301817388;1.012112;0.011712;0.010736;-105;14;-63;1
301830064;1.0150399;0.007808;0.008784;-98;14;-63;1
301868119;1.013088;0.001952;-0.001952;-70;14;-98;1
301882190;1.013088;-0.000976;-0.003904;-49;28;-112;1
301895192;1.012112;0.00488;-0.00488;-42;35;-126;1
301916520;1.012112;0.010736;-0.000976;-42;49;-140;1
301927152;1.01016;0.016592;0.003904;-35;63;-133;1
301944487;1.014064;0.023424;0.007808;-49;56;-119;1
301961067;1.01016;0.016592;0.00976;-105;28;-98;1
301974479;1.0111359;0.01464;0.008784;-98;21;-84;1
301985575;1.014064;0.011712;0.00488;-105;14;-84;1
301998996;1.012112;0.010736;0.002928;-119;7;-84;1
302015947;1.014064;0.001952;0.0;-98;14;-91;1
302027177;1.0150399;0.002928;-0.002928;-84;21;-98;1
302044932;1.016016;0.003904;-0.00488;-70;49;-126;1
302069035;1.013088;0.012688;-0.001952;-56;70;-133;1
302082603;1.014064;0.018544;0.00488;-70;77;-119;1
302095518;1.013088;0.018544;0.010736;-77;70;-112;1
302106143;1.01016;0.018544;0.007808;-84;56;-98;1
302118938;1.012112;0.01952;0.00976;-112;49;-84;1
302135241;1.014064;0.01464;0.006832;-161;28;-63;1
302147198;1.01016;0.00976;0.007808;-161;21;-56;1
302158143;1.0150399;0.005856;0.002928;-140;21;-63;1
302169371;1.013088;0.000976;-0.001952;-140;21;-63;1
302214606;1.0111359;0.00488;0.000976;-77;70;-112;1
302232980;1.012112;0.013664;0.005856;-70;77;-112;1
302246845;1.012112;0.016592;0.010736;-70;63;-112;1
302258380;1.014064;0.018544;0.012688;-84;49;-105;1
302271096;1.016016;0.01952;0.011712;-98;35;-91;1
302282351;1.009184;0.01464;0.011712;-112;21;-84;1
302296315;1.01016;0.011712;0.003904;-105;14;-70;1
302310513;1.012112;0.006832;0.00488;-112;7;-70;1
302324764;1.013088;0.0;-0.003904;-98;14;-84;1
302335499;1.01016;0.0;-0.003904;-84;28;-91;1
302347685;1.014064;0.000976;0.0;-63;42;-112;1
302358128;1.0111359;0.00488;-0.001952;-35;56;-119;1
302371232;1.012112;0.005856;0.001952;-35;56;-140;1
302382084;1.012112;0.010736;0.006832;-28;56;-140;1
302396760;1.013088;0.012688;0.010736;-42;42;-133;1
302408858;1.012112;0.01464;0.00976;-56;35;-133;1
302425514;1.012112;0.017568;0.012688;-63;28;-119;1
302443977;1.014064;0.018544;0.00488;-91;7;-91;1
302468022;1.0111359;0.007808;-0.002928;-119;14;-84;1
302479938;1.014064;0.005856;-0.000976;-112;21;-91;1
302491020;1.013088;0.002928;-0.005856;-91;35;-98;1
302507399;1.014064;0.002928;-0.000976;-70;56;-119;1
302523523;1.0150399;0.008784;0.0;-70;63;-126;1
302535413;1.0150399;0.00488;0.003904;-56;63;-126;1
302546623;1.01016;0.012688;0.007808;-42;63;-133;1
302557569;1.014064;0.0@20000101_000005_192721_accel_adxl375.csv@302560095;1.7639999;0.147;0.196;1
302568812;1.013088;0.020496;0.007808;-63;35;-105;1
302580267;1.0111359;0.01952;0.007808;-91;28;-98;1
302597653;1.013088;0.017568;0.005856;-112;21;-84;1
302609108;1.009184;0.013664;-0.001952;-133;28;-63;1
302642172;1.0111359;0.00488;-0.002928;-133;49;-70;1
302654895;1.014064;0.001952;-0.000976;-133;63;-77;1
302670199;1.014064;0.001952;0.001952;-91;84;-91;1
302681193;1.014064;0.005856;0.006832;-91;77;-105;1
302703143;1.016016;0.010736;0.012688;-77;56;-112;1
302719670;1.0150399;0.010736;0.010736;-77;49;-112;1
302735541;1.013088;0.018544;0.00976;-98;28;-105;1
302748440;1.01016;0.015616;0.007808;-98;14;-91;1
302773515;1.014064;0.010736;-0.002928;-133;21;-77;1
302784103;1.0111359;0.006832;-0.002928;-133;35;-77;1
302797812;1.0111359;0.002928;-0.003904;-105;49;-77;1
302816762;1.016016;0.001952;-0.000976;-84;63;-91;1
302834724;1.012112;0.006832;0.007808;-63;63;-112;1
302848721;1.012112;0.003904;0.010736;-56;63;-119;1
302859246;1.013088;0.010736;0.010736;-49;56;-126;1
302872484;1.014064;0.017568;0.010736;-56;21;-133;1
302883988;1.014064;0.016592;0.00976;-49;7;-119;1
302897934;1.0111359;0.012688;0.005856;-56;0;-112;1
302914449;1.01016;0.015616;0.002928;-84;0;-105;1
302925588;1.014064;0.013664;-0.001952;-77;14;-98;1
302944577;1.013088;0.00976;-0.006832;-84;28;-91;1
302960236;1.012112;0.008784;-0.00488;-91;49;-91;1
302974414;1.012112;0.00976;0.006832;-77;77;-105;1
302991952;1.01016;0.008784;0.007808;-63;70;-105;1
303005347;1.012112;0.008784;0.011712;-70;49;-112;1
303020027;1.01016;0.012688;0.012688;-70;35;-112;1
303031215;1.012112;0.007808;0.00976;-63;28;-105;1
303042021;1.01016;0.015616;0.010736;-70;14;-112;1
303057677;1.014064;0.016592;0.003904;-77;0;-105;1
303102849;1.013088;0.013664;-0.003904;-119;49;-84;1
303143296;1.0111359;0.008784;0.006832;-126;84;-84;1
303154845;1.01016;0.010736;0.011712;-98;84;-84;1
303174043;1.012112;0.006832;0.010736;-112;56;-84;1
303188278;1.012112;0.008784;0.013664;-112;21;-98;1
303208911;1.012112;0.006832;0.00488;-84;7;-98;1
303220650;1.012112;0.008784;-0.000976;-98;7;-98;1
303233198;1.0111359;0.00976;-0.00488;-105;14;-105;1
303243982;1.0111359;0.011712;-0.001952;-91;28;-98;1
303256969;1.014064;0.0@20000101_000005_192721_accel_adxl375.csv@303265113;1.813;0.098;0.147;1
303268091;1.009184;0.00976;-0.000976;-91;63;-91;1
303281956;1.0111359;0.011712;0.002928;-98;63;-91;1
303303077;1.0111359;0.005856;0.010736;-63;63;-84;1
303314845;1.013088;0.008784;0.011712;-70;49;-91;1
303331884;1.012112;0.008784;0.015616;-63;28;-105;1
303353467;1.0111359;0.007808;0.007808;-63;-7;-112;1
303366894;1.012112;0.00976;0.00488;-49;-14;-119;1
303378331;1.013088;0.00976;-0.001952;-42;-7;-119;1
303390108;1.013088;0.00;-49;21;-112;1
303412981;1.0150399;0.__imu_no055.csv@303416325;341.5625;7562;-17413;0.96363184;0.029571772;-0.248810768
303425370;1.0111359;0.015616;0.0;-70;56;-112;1
303443095;1.01016;0.010736;0.006832;-84;56;-91;1
303454223;1.012112;0.00976;0.008784;-91;56;-98;1
303465056;1.01016;0.012688;0.011712;-84;42;-91;1
303478201;1.01016;0.00488;0.012688;-77;28;-98;1
303494119;1.01016;0.008784;0.008784;-91;0;-105;1
303513019;1.0111359;0.010736;-0.002928;-70;0;-98;1
303560408;1.014064;0.011712;-0.005856;-56;49;-105;1
303571288;1.012112;0.008784;-0.002928;-56;56;-98;1
303582123;1.013088;0.010736;0.002928;-70;70;-98;1
303594312;1.0111359;0.01464;0.007808;-91;70;-84;2
303606473;1.013088;0.015616;0.00976;-77;63;-77;1
303618107;1.013088;0.012688;0.007808;-105;49;-77;1
303630157;1.012112;0.010736;0.010736;-126;35;-84;1
303644580;1.01016;0.006832;0.005856;-105;28;-77;1
303663936;1.014064;0.007808;0.003904;-119;21;-91;1
303677998;1.016016;0.008784;-0.002928;-91;28;-91;1
303689220;1.012112;0.0098;1
303707068;1.0150399;0.008784;-0.001952;-98;56;-112;1
303725225;1.012112;0.00976;0.003904;-98;70;-105;1
303737809;1.012112;0.013664;0.005856;-98;77;-105;1
303748503;1.013088;0.013664;0.005856;-112;77;-98;1
303766742;1.014064;0.00976;0.010736;-105;56;-84;1
303777307;1.014064;0.008784;0.010736;-119;42;-84;1
303791966;1.0111359;0.008784;0.010736;-119;35;-91;1
303816511;1.01016;0.006832;0.00488;-91;7;-112;1
303828586;1.016016;0.007808;0.003904;-84;14;-119;1
303848396;1.0111359;0.008784;-0.000976;-56;28;-119;1
303875237;1.013088;0.008784;0.0;-63;49;-126;1
303887055;1.0150399;0.012688;0.00488;-42;63;-112;1
303898491;1.0150399;0.015616;0.008784;-63;56;-105;1
303909053;1.0111359;0.011712;0.011712;-84;49;-105;1
303921925;1.0111359;0.00976;0.016592;-84;42;-98;1
303945948;1.008208;0.010736;0.010736811_000005_192721_imu_bno055.csv@303951940;341.5625;7562;-17413;0.9646511_accel_adxl375.csv@303956761;1.7639999;0.147;0.147;1
303961182;1.0111359;0.008784;0.003904;-77;-7;-98;1
303977833;1.0111359;0.00976;0.0;-63;0;-98;1
304024827;1.014064;0.008784;-0.002928;-56;49;-105;1
304038616;1.013088;0.010736;0.006832;-56;63;-112;1
304051053;1.0111359;0.01464;0.008784;-49;63;-105;1
304064192;1.01016;0.013664;0.008784;-56;49;-98;1
304077193;1.0111359;0.017568;0.00976;-70;42;-91;1
304094353;1.0111359;0.015616;0.008784;-91;14;-77;1
304105042;1.012112;0.011712;0.002928;-98;14;-77;1
304115957;1.014064;0.012688;0.001952;-105;7;-77;1
304136967;1.013088;0.005856;-0.002928;-91;14;-77;1
304148102;1.014064;0.005856;-0.006832;-98;28;-84;1
304166298;1.016016;0.00488;-0.00488;-98;56;-98;1
304177076;1.014064;0.003904;-0.000976;-84;70;-105;1
304193682;1.012112;0.00976;0.00488;-98;70;-112;1
304204015;1.0150399;0.011712;0.010736;-91;70;-105;1
304216473;1.013088;0.013664;0.008784;-91;63;-105;1
304239137;1.012112;0.012688;0.012688;-105;42;-98;1
304250010;1.013088;0.013664;0.011712;-112;21;-98;1
304263422;1.014064;0.011712;0.00488;-112;14;-91;1
304275826;1.013088;0.010736;-0.002928;-112;7;-84;1
304289665;1.009184;0.00976;-0.003904;-112;14;-84;1
304300080;1.01016;0.007808;-0.00488;-84;42;-84;1
304313713;1.013088;0.003904;0.0;-98;63;-98;1
304337950;1.013088;0.00976;0.00488;-77;77;-112;1
304349602;1.0111359;0.010736;0.005856;-84;70;-105;1
304362214;1.013088;0.010736;0.012688;-77;63;-105;1
304373889;1.013088;0.00976;0.016592;-84;35;-112;1
304435146;1.013088;0.013664;-0.007808;-112;21;-77;1
304449546;1.0111359;0.010736;-0.001952;-98;35;-77;1
304462024;1.0150399;0.008784;-0.00488;-91;49;-77;1
304472967;1.013088;0.008784;-0.000976;-112;63;-91;1
304487885;1.013088;0.007808;0.007808;-56;70;-98;1
304505331;1.014064;0.005856;0.017568;-91;49;-112;1
304516102;1.009184;0.007808;0.020496;-77;21;-119;1
304534882;1.0111359;0.007808;0.018544;-42;-7;-112;1
304546208;1.013088;0.015616;0.002928;-42;-35;-112;1
304567804;1.0150399;0.021472;-0.011712;-49;-14;-91;1
304579609;1.0150399;0.018544;-0.015616;-35;14;-77;1
304595790;1.016016;0.015616;-0.01464;-70;35;-70;1
304613029;1.013088;0.007808;-0.006832;-63;91;-42;1
304633122;1.014064;0.001952;0.00976;-98;112;-56;1
304646417;1.009184;-0.006832;0.018544;-105;98;-77;1
304658261;1.0111359;-0.002928;0.025376;-35;21;-105;1
304670356;1.012112;-0.002928;0.027328;-42;-14;-133;1
304682061;1.013088;0.001952;0.017568;-77;-49;-161;1
304697840;1.0111359;0.020496;-0.002928;-49;-56;-147;1
304723033;1.013088;0.028304;-0.020496;-84;-21;-133;1
304735856;1.016992;0.03416;-0.0244;-70;14;-91;1
304748112;1.014064;0.033184;-0.023424;-112;42;-49;1
304771098;1.01016;0.00488;0.007808;-196;147;0;1
304782574;1.0111359;-0.003904;0.018544;-196;140;-14;1
304793751;1.01016;-0.007808;0.02928;-182;119;-42;1
304807852;1.009184;-0.00976;0.036112;-168;56;-77;1
304822994;1.01016;-0.00976;0.026352;-84;-35;-133;1
304835884;1.0111359;-0.001952;0.013664;-63;-70;-154;1
304853088;1.0150399;0.018544;-0.012688;-35;-70;-168;1
304865771;1.012112;0.025376;-0.020496;-28;-49;-154;1
304904553;1.013088;0.022448;-0.011712;-119;133;-35;1
304926640;1.0111359;0.003904;0.021472;-105;161;-7;1
304940151;1.0111359;-0.00488;0.032208;-133;119;-21;1
304951060;1.009184;-0.007808;0.03416;-126;70;-49;1
304965493;1.0111359;-0.005856;0.023424;-84;-21;-98;1
304980713;1.0111359;-0.006832;0.01464;-63;-49;-126;1
304995661;1.0111359;0.005856;-0.005856;-70;-70;-161;1
305013428;1.014064;0.016592;-0.020496;-21;-28;-147;1
305025069;1.0150399;0.021472;-0.026352;-28;7;-140;1
305036006;1.016992;0.025376;-0.022448;-84;63;-133;1
305050106;1.014064;0.027328;-0.015616;-91;112;-105;1
305073151;1.0111359;0.011712;0.01952;-140;133;-49;1
305084556;1.0111359;0.006832;0.023424;-126;98;-49;1
305098055;1.012112;0.003904;0.026352;-77;63;-49;1
305114481;1.0111359;-0.008784;0.025376;-105;-21;-91;1
305129698;1.008208;-0.007808;0.01952;-105;-49;-119;1
305146989;1.012112;-0.002928;-0.005856;-21;-77;-154;1
305173185;1.016016;0.016592;-0.022448;-14;-28;-175;1
305185527;1.013088;0.02928;-0.025376;-7;63;-140;1
305199070;1.012112;0.025376;-0.018544;-63;105;-126;1
305236428;1.008208;0.00976;0.028304;-161;119;-49;1
305250731;1.014064;0.006832;0.02928;-168;70;-42;1
305262209;1.013088;-0.002928;0.026352;-147;28;-49;1
305273955;1.01016;-0.002928;0.020496;-126;-7;-63;1
305319239;1.016016;0.008784;-0.017568;-98;-7;-161;1
305333674;1.014064;0.01952;-0.020496;-84;42;-161;1
305347473;1.0150399;0.026352;-0.006832;-28;112;-112;1
305358215;1.014064;0.026352;-0.001952;-84;140;-98;1
305369783;1.0111359;0.022448;0.00976;-140;133;-84;1
305381888;1.014064;0.016592;0.01952;-119;119;-63;1
305397247;1.0111359;0.010736;0.025376;-70;98;-42;1
305412986;1.012112;0.002928;0.023424;-168;28;-56;1
305433120;1.016992;-0.000976;0.00976;-63;-7;-63;1
305448340;1.014064;-0.007808;-0.001952;-105;-42;-84;1
305459402;1.013088;0.001952;-0.011712;-35;-28;-133;2
305470424;1.016992;0.006832;-0.016592;-35;0;-140;1
305481108;1.014064;0.011712;-0.017568;-63;49;-154;1
305496547;1.013088;0.01952;-0.011712;-70;91;-147;1
305507527;1.013088;0.020496;-0.001952;-63;105;-126;1
305522969;1.013088;0.021472;0.011712;-77;91;-98;1
305543500;1.014064;0.018544;0.018544;-119;70;-77;1
305559347;1.008208;0.011712;0.01952;-126;49;-56;1
305570182;1.012112;-0.003904;0.018544;-154;-21;-63;1
305581094;1.0111359;-0.005856;0.00976;-133;-42;-84;1
305592170;1.013088;-0.005856;0.001952;-91;-63;-98;1
305613060;1.014064;0.0;-0.010736;-70;-28;-147;1
305635086;1.0111359;0.00976;-0.013664;-7;35;-154;1
305647352;1.016016;0.015616;-0.010736;21;70;-147;1
305659705;1.014064;0.018544;-0.002928;14;84;-147;1
305671050;1.0150399;0.01952;0.005856;-28;84;-140;1
305682074;1.0111359;0.021472;0.013664;-42;70;-105;1
305696110;1.012112;0.020496;0.016592;-56;56;-84;1
305707342;1.014064;0.017568;0.015616;-91;35;-84;1
305718939;1.012112;0.016592;0.017568;-112;14;-70;1
305743523;1.013088;0.001952;-0.003904;-91;-42;-63;1
305787250;1.014064;-0.001952;-0.008784;-49;63;-126;1
305805102;1.012112;0.010736;0.0;-28;84;-147;1
305823423;1.0150399;0.018544;0.000976;-28;77;-140;1
305834524;1.013088;0.025376;0.008784;-70;84;-112;1
305846350;1.012112;0.026352;0.012688;-98;70;-98;1
305858855;1.014064;0.022448;0.00976;-112;56;-70;1
305870178;1.012112;0.021472;0.011712;-126;35;-49;1
305881478;1.013088;0.010736;0.007808;-140;7;-42;1
305906040;1.008208;-0.00488;-0.001952;-161;21;-77;1
305917241;1.013088;0.0;-0.003904;-91;35;-84;1
305928742;1.013088;-0.002928;-0.006832;-84;42;-105;1
305951387;1.01016;0.001952;-0.00488;-70;63;-133;1
305962866;1.014064;0.008784;0.0;-35;70;-140;1
305973946;1.016016;0.015616;0.0;-49;77;-140;1
305995484;1.0111359;0.016592;0.00976;-77;77;-119;1
306006324;1.0111359;0.018544;0.011712;-91;49;-98;1
306017210;1.0179679;0.015616;0.010736;-147;35;-98;1
306028944;1.0111359;0.017568;0.006832;-140;14;-84;1
306043058;1.0111359;0.013664;0.00488;-112;7;-63;1
306058623;1.01016;-0.002928;-0.001952;-154;14;-70;1
306069203;1.012112;-0.002928;-0.003904;-126;28;-91;1
306080317;1.0150399;-0.002928;-0.000976;-84;42;-112;1
306103069;1.012112;0.006832;0.000976;-63;56;-140;1
306120203;1.01016;0.011712;0.005856;-49;56;-133;1
306143498;1.012112;0.01464;0.007808;-42;49;-126;1
306157426;1.0111359;0.01952;0.00976;-70;42;-126;1
306168868;1.0111359;0.022448;0.008784;-77;21;-91;1
306180196;1.013088;0.016592;0.00488;-112;0;-77;1
306190976;1.013088;0.011712;-0.001952;-140;-7;-63;1
306232378;1.013088;0.0;-0.001952;-70;49;-91;1
306244801;1.013088;0.0;0.000976;-84;49;-105;1
306261979;1.0150399;0.007808;0.002928;-28;63;-112;1
306276952;1.013088;0.011712;0.005856;-28;63;-119;1
306288262;1.0111359;0.a90468;1.7639999;0.147;0.196;1
306299951;1.013088;0.01464;0.00976;-56;49;-112;1
306324769;1.013088;0.022448;0.007808;-77;0;-84;1
306336225;1.0150399;0.021472;0.0;-98;0;-70;1
306347112;1.014064;0.015616;-0.00488;-140;21;-63;1
306360807;1.013088;0.008784;-0.00488;-140;28;-42;1
306372228;1.009184;0.0;-0.002928;-112;42;-49;1
306387672;1.012112;-0.003904;-0.00@20000101_000005_192721_baro_icp10111.csv@306403837;-21.936158;37.287596;101588.78;2.7446632
306405254;1.012112;-0.000976;0.000976;-70;70;-119;1
306418429;1.016016;0.001952;0.00488;-49;84;-119;1
306433433;1.012112;0.00976;0.012688;-63;63;-133;1
306450223;1.014064;0.01464;0.012688;-49;42;-126;1
306461330;1.0111359;0.018544;0.013664;-49;21;-126;1
306472082;1.009184;0.021472;0.003904;-84;7;-119;1
306483189;1.013088;0.022448;0.000976;-105;14;-84;1
306506658;1.016016;0.008784;0.0;-140;21;-56;1
306519508;1.014064;0.003904;-0.002928;-119;28;-63;1
306530965;1.012112;0.002928;0.0;-105;28;-70;1
306543935;1.016016;0.000976;0.001952;-84;49;-105;1
306563628;1.016016;-0.003904;0.0;-84;63;-119;1
306574181;1.012112;0.008784;0.011712;-35;63;-140;1
306585600;1.0150399;0.008784;0.011712;-28;49;-154;1
306595916;1.016016;0.01952;0.011712;-28;21;-147;1
306614523;1.01016;0.020496;0.006832;-63;7;-140;1
306633005;1.012112;0.026352;0.00488;-84;7;-112;1
306647625;1.014064;0.021472;0.0;-105;7;-63;1
306691657;1.012112;0.000976;-0.007808;-119;35;-70;1
306702804;1.013088;-0.000976;-0.005856;-105;56;-84;1
306723250;1.0111359;0.001952;0.003904;-70;77;-112;1
306738785;1.007232;0.010736;0.010736;-42;56;-133;1
306756360;1.009184;0.016592;0.011712;-56;42;-133;1
306767214;1.014064;0.022448;0.00488;-70;28;-119;1
306780172;1.012112;0.021472;0.008784;-70;21;-98;1
306805997;1.0150399;0.016592;0.001952;-119;14;-70;1
306823004;1.014064;0.005856;-0.003904;-84;28;-56;1
306834621;1.013088;0.003904;-0.002928;-91;35;-63;1
306847301;1.012112;0.001952;-0.005856;-119;49;-77;1
306859429;1.0111359;0.0;0.000976;-56;77;-91;1
306870125;1.012112;0.0;0.003904;-70;77;-105;1
306882590;1.012112;0.006832;0.006832;-70;77;-126;1
306893020;1.013088;0.008784;0.010736;-63;70;-133;1
306908964;1.013088;0.015616;0.007808;-77;49;-133;1
306919882;1.013088;0.018544;0.008784;-84;35;-119;1
306936745;1.012112;0.017568;0.00488;-105;28;-119;1
306947488;1.0111359;0.015616;0.001952;-119;28;-105;1
306960948;1.0150399;0.013664;0.0;-140;21;-91;1
306972570;1.014064;0.013664;-0.003904;-147;28;-91;1
306986084;1.0111359;0.006832;-0.003904;-133;28;-84;1
307003062;1.01016;0.005856;0.000976;-119;63;-98;1
307014191;1.01016;0.002928;0.002928;-105;70;-105;1
307039313;1.012112;0.006832;0.007808;-84;63;-119;1
307050567;1.013088;0.010736;0.008784;-56;56;-119;1
307061760;1.012112;0.012688;0.008784;-63;49;-119;1
307072826;1.012112;0.013664;0.00976;-77;42;-126;1
307085305;1.013088;0.013664;0.00976;-63;28;-112;1
307117114;1.0150399;0.011712;0.001952;-77;7;-98;1
307131905;1.0111359;0.013664;-0.002928;-84;14;-91;1
307147431;1.0150399;0.011712;-0.000976;-56;35;-84;1
307158222;1.016016;0.007808;-0.000976;-91;42;-91;1
307172067;1.009184;0.012688;-0.000976;-70;49;-84;1
307185143;1.013088;0.010736;0.001952;-84;49;-84;1
307197415;1.0111359;0.00976;0.003904;-84;56;-84;1
307208606;1.012112;0.006832;0.006832;-84;56;-84;1
307221837;1.013088;0.0;42;-91;1
307233190;1.01016;0.007808;0.00976;-77;28;-91;1
307245440;1.0111359;0.008784;0.00488;-98;14;-98;1
307268581;1.0111359;0.013664;0.001952;-91;7;-91;1
307280687;1.013088;0.01464;0.0;-98;21;-84;1
307291876;1.014064;0.011712;-0.002928;-98;28;-84;1
307303182;1.013088;0.00976;-0.002928;-98;35;-84;1
307316078;1.01016;0.007808;-0.001952;-98;56;-91;1
307328904;1.009184;0.007808;0.000976;-84;56;-84;1
307347055;1.013088;0.005856;0.005856;-91;63;-84;1
307358172;1.013088;0.00488;0.007808;-98;56;-91;1
307372332;1.014064;0.007808;0.00976;-98;49;-98;1
307384661;1.012112;0.005856;0.012688;-91;42;-105;1
307396567;1.013088;0.00976;0.003904;-91;14;-119;1
307406996;1.013088;0.010736;0.001952;-91;14;-119;1
307418223;1.014064;0.013664;-0.000976;-84;14;-112;1
307429269;1.013088;0.011712;0.0;-91;35;-112;1
307446507;1.013088;0.011712;-0.002928;-105;49;-112;1
307457271;1.0150399;0.01464;-0.00488;-91;56;-112;1
307500466;1.008208;0.007808;0.008784;-126;91;-98;1
307512350;1.013088;0.008784;0.00976;-126;77;-105;1
307524240;1.0150399;0.007808;0.012688;-112;56;-105;1
307538063;1.013088;0.005856;0.012688;-112;21;-119;1
307549080;1.013088;0.007808;0.007808;-105;14;-126;1
307564894;1.009184;0.007808;0.002928;-91;14;-119;1
307576389;1.014064;0.012688;0.003904;-91;7;-119;1
307591592;1.014064;0.016592;-0.002928;-84;21;-112;1
307603634;1.013088;0.01952;-0.003904;-91;35;-105;1
307616239;1.014064;0.015616;-0.003904;-91;49;-91;1
307633006;1.012112;0.01464;0.000976;-105;70;-91;1
307651218;1.012112;0.01464;0.007808;-98;70;-77;1
307662080;1.016016;0.006832;0.010736;-91;63;-70;1
307673062;1.012112;0.007808;0.013664;-91;56;-77;1
307685088;1.013088;0.012688;-98;42;-91;1
307697538;1.012112;0.00488;0.016592;-84;21;-91;1
307707908;1.009184;0.005856;0.00976;-63;14;-98;1
307719181;1.0150399;0.008784;0.008784;-49;0;-105;1
307734425;1.014064;0.00976;0.0;-63;0;-119;1
307752488;1.0111359;0.012688;-0.006832;-49;21;-105;1
307765810;1.014064;0.015616;-0.00488;-84;35;-105;1
307776497;1.01016;0.018544;-0.002928;-84;56;-98;1
307793742;1.014064;0.013664;0.000976;-105;77;-77;1
307812994;1.012112;0.006832;0.00976;-126;70;-70;1
307825001;1.0150399;0.005856;0.013664;-133;56;-77;1
307844783;1.014064;0.000976;0.010736;-98;21;-91;1
307860356;1.012112;0.0;0.006832;-112;7;-105;1
307871208;1.013088;0.001952;0.005856;-105;0;-119;1
307883847;1.01016;0.007808;-0.001952;-63;0;-133;1
307905108;1.014064;0.013664;-0.007808;-56;21;-133;1
307919977;1.013088;0.0@20000101_000005_192721_imu_bno055.csv@307931599;341.625;7550;-17425;0.961592464;0.031611204;-0.24983048
307957582;1.013088;0.013664;0.006832;-91;77;-91;1
307969673;1.014064;0.015616;0.008784;-98;70;-91;1
307989378;1.013088;0.006832;0.013664;-105;42;-84;1
308000620;1.0111359;0.003904;0.011712;-112;28;-91;1
308013175;1.0111359;0.003904;0.008784;-105;14;-98;1
308027462;1.014064;0.003904;0.001952;-63;0;-119;1
308039724;1.013088;0.005856;-0.001952;-56;0;-126;1
308051077;1.0111359;0.00976;-0.005856;-63;14;-126;1
308062478;1.0111359;0.015616;-0.005856;-70;28;-126;1
308073385;1.013088;0.01464;-0.005856;-63;42;-126;1
308088205;1.016992;0.017568;-0.001952;-77;70;-112;1
308103427;1.0111359;0.016592;0.000976;-98;77;-98;1
308116149;1.01016;0.015616;0.00976;-119;70;-77;1
308128322;1.013088;0.016592;0.01464;-119;56;-63;1
308143087;1.016992;0.011712;0.015616;-133;42;-63;1
308167390;1.0111359;0.002928;0.007808;-112;14;-77;1
308189054;1.0111359;0.003904;-0.001952;-91;14;-98;1
308200156;1.014064;0.00488;0.0;-70;14;-105;1
308210984;1.0111359;0.00488;-0.003904;-56;21;-112;1
308222196;1.013088;0.0_l375.csv@308224408;1.7639999;0.196;0.196;1
308236089;1.013088;0.011712;-0.003904;-42;49;-112;1
308247009;1.0150399;0.013664;-0.000976;-49;63;-119;1
308258808;1.0150399;0.017568;0.008784;-70;63;-98;1
308272139;1.01016;0.016592;0.00976;-91;56;-91;1
308286938;1.0111359;0.016592;0.011712;-91;49;-77;1
308309974;1.0111359;0.005856;0.008784;-105;14;-77;1
308323267;1.01016;0.003904;0.005856;-105;7;-77;1
308341245;1.01016;0.000976;0.0;-84;14;-105;1
308355753;1.013088;0.002928;-0.003904;-63;21;-112;1
308385790;1.012112;0.00976;-0.000976;-63;63;-133;1
308406963;1.013088;0.015616;0.00488;-56;63;-119;1
308429332;1.012112;0.016592;0.008784;-91;56;-105;1
308444704;1.0111359;0.013664;0.015616;-98;28;-84;1
308457767;1.014064;0.012688;0.00976;-126;14;-84;1
308469897;1.0111359;0.008784;0.005856;-119;7;-84;1
308481396;1.016016;0.00488;-0.003904;-105;14;-91;1
308493374;1.014064;0.007808;-0.001952;-105;21;-98;1
308505839;1.0111359;0.005856;-0.002928;-84;35;-105;1
308527008;1.012112;0.010736;-0.003904;-63;56;-112;1
308544778;1.0111359;0.01464;0.00488;-77;70;-119;1
308570139;1.0111359;0.015616;0.011712;-70;63;-112;1
308581526;1.012112;0.017568;0.013664;-91;42;-98;1
308593614;1.0111359;0.013664;0.010736;-98;21;-84;1
308606218;1.013088;0.013664;0.006832;-105;14;-84;1
308617982;1.014064;0.00976;0.00488;-112;0;-77;1
308628882;1.012112;0.011712;0.000976;-98;0;-77;1
308646825;1.0150399;0.20005_192721_imu_bno055.csv@308651916;341.625;7550;-17425;0.961592464;0.02447319;-0.247791052
308659179;1.01016;0.008784;-0.001952;-77;35;-84;1
308670259;1.012112;0.008784;-0.00488;-70;49;-84;1
308683140;1.014064;0.00976;-0.000976;-84;63;-98;1
308694686;1.016016;0.008784;0.006832;-49;63;-98;1
308708705;1.013088;0.008784;0.011712;-63;56;-98;1
308720249;1.01016;0.010736;0.013664;-77;49;-105;1
308732537;1.012112;0.011712;0.01464;-77;35;-105;1
308744546;1.009184;0.00976;0.012688;-84;21;-98;1
308769675;1.014064;0.010736;0.0;-77;-14;-98;1
308782100;1.0150399;0.011712;-0.001952;-77;-7;-98;1
308817099;1.014064;0.006832;-0.007808;-56;56;-112;1
308836293;1.013088;0.007808;0.001952;-63;70;-112;1
308850566;1.0150399;0.011712;0.005856;-63;70;-112;1
308874329;1.0111359;0.013664;0.011712;-63;56;-105;1
308885640;1.013088;0.010736;0.010736;-77;42;-105;1
308900873;1.012112;0.010736;0.010736;-112;21;-98;1
308912252;1.013088;0.011712;0.00488;-105;14;-98;1
308933066;1.016992;0.005856;-0.001952;-119;7;-98;1
308946832;1.0179679;0.007808;-0.00488;-98;14;-105;1
308963107;1.014064;0.006832;-0.008784;-91;49;-112;1
308975258;1.012112;0.012688;-0.003904;-84;63;-105;1
308985929;1.012112;0.010736;-0.000976;-105;77;-105;1
308998367;1.012112;0.01464;0.00488;-84;84;-105;1
309011165;1.014064;0.013664;0.008784;-98;70;-98;1
309022448;1.0111359;0.012688;0.00976;-112;63;-91;1
309060383;1.0111359;0.008784;0.007808;-119;21;-91;1
309071800;1.0111359;0.011712;0.005856;-105;14;-84;1
309084426;1.0111359;0.010736;0.001952;-105;7;-84;1
309099850;1.014064;0.005856;-0.002928;-91;28;-98;1
309111117;1.0111359;0.008784;-0.003904;-84;35;-98;1
309122939;1.013088;0.0-@20000101_000005_192721_airspeed_sdp810.csv@309124767;235;199;4275
309143050;1.013088;0.011712;0.000976;-84;63;-98;1
309157948;1.0150399;0.01464;0.00976;-98;70;-91;1
309168962;1.0111359;0.016592;0.006832;-98;63;-84;1
309180810;1.013088;0.00976;0.012688;-112;35;-84;1
309192039;1.013088;0.008784;0.011712;-105;28;-84;1
309207406;1.016016;0.005856;0.010736;-98;14;-77;1
309218085;1.013088;0.003904;0.011712;-91;7;-84;1
309261327;1.016016;0.007808;-0.00488;-42;14;-112;1
309275052;1.012112;0.00976;-0.003904;-56;35;-126;1
309286133;1.013088;0.00976;0.002928;-49;49;-119;1
309299903;1.012112;0.011712;0.005856;-35;49;-112;1
309319546;1.013088;0.015616;0.006832;-42;42;-105;1
309333705;1.0150399;0.01464;0.010736;-49;21;-98;1
309344160;1.013088;0.011712;0.006832;-63;14;-98;1
309367941;1.01016;0.010736;0.003904;-70;0;-91;1
309382365;1.013088;0.008784;0.003904;-70;7;-91;1
309392897;1.013088;0.008784;-0.001952;-70;7;-91;1
309404177;1.014064;0.00976;-0.00488;-84;28;-98;1
309414882;1.008208;0.005856;-0.001952;-91;42;-105;1
309426458;1.012112;0.008784;-0.001952;-77;49;-105;1
309438609;1.0150399;0.006832;0.002928;-56;56;-112;1
309451613;1.016016;0.00976;0.005856;-63;56;-119;1
309464433;1.013088;0.011712;0.003904;-63;49;-119;1
309475976;1.013088;0.018544;0.00488;-84;42;-112;1
309493306;1.014064;0.01952;0.00488;-70;35;-105;1
309503939;1.014064;0.016592;0.005856;-84;28;-98;1
309517849;1.012112;0.015616;0.001952;-119;28;-77;1
309529982;1.0150399;0.012688;0.000976;-119;28;-63;1
309547362;1.014064;0.005856;-0.002928;-126;42;-70;1
309558017;1.013088;0.0@20000101_000005_192721_power_ina226.csv@309562743;3907;544;2100;0
309573571;1.012112;0.000976;-0.000976;-119;56;-77;1
309585389;1.01016;0.0;.000976;-98;70;-91;1
309598216;1.014064;0.005856;0.005856;-98;63;-119;1
309616109;1.014064;0.007808;0.006832;-77;56;-126;1
309647364;1.012112;0.01952;0.005856;-98;35;-105;1
309675665;1.013088;0.016592;0.003904;-126;35;-84;1
309692087;1.0150399;0.012688;0.000976;-147;42;-77;1
309704964;1.0111359;0.008784;0.0;-154;42;-77;1
309726392;1.013088;0.001952;0.002928;-126;49;-84;1
309737090;1.013088;0.003904;0.005856;-126;49;-98;1
309750690;1.013088;0.003904;0.00488;-84;49;-119;1
309764754;1.014064;0.008784;0.003904;-63;42;-119;1
309775697;1.013088;0.012688;0.00488;-56;42;-119;1
309788695;1.013088;0.06@20000101_000005_192721_airspeed_sdp810.csv@309791341;417;265;42@20000101_000005_192721_accel_adxl375.csv@309802972;1.813;0.147;0.196;1
309804529;1.0111359;0.010736;0.008784;-35;21;-112;1
309820233;1.0150399;0.015616;0.006832;-49;0;-112;1
309832165;1.012112;0.016592;0.00488;-42;7;-98;1
309843855;1.014064;0.013664;-0.000976;-28;0;-91;1
309863301;1.016016;0.012688;-0.000976;-63;21;-84;1
309875330;1.013088;0.007808;-0.002928;-49;35;-77;1
309900611;1.012112;0.005856;0.002928;-77;49;-98;1
309915845;1.0150399;0.005856;0.00976;-56;35;-105;1
309934622;1.009184;0.00976;0.00976;-49;21;-112;1
309947902;1.012112;0.013664;0.005856;-56;0;-112;1
309972127;1.012112;0.015616;-0.001952;-77;-7;-98;1
309983166;1.0111359;0.015616;-0.00488;-91;7;-91;1
309996124;1.013088;0.010736;-0.006832;-84;21;-84;1
310008579;1.012112;0.007808;-0.005856;-84;28;-84;1
310019213;1.014064;0.007808;-0.005856;-84;35;-84;1
310043052;1.014064;0.010736;0.000976;-77;70;-98;1
310093976;1.0111359;0.005856;0.012688;-77;21;-105;1
310111123;1.013088;0.005856;0.007808;-63;7;-112;1
310122635;1.0111359;0.005856;0.006832;-56;0;-119;1
310134185;1.012112;0.006832;0.0;-56;-14;-126;1
310145088;1.0150399;0.015616;-0.012688;-21;14;-126;1
310160492;1.016016;0.020496;-0.011712;-21;35;-112;1
310170993;1.016016;0.027328;-0.011712;-70;63;-105;1
310183271;1.013088;0.02928;-0.013664;-133;98;-84;1
310196384;1.013088;0.020496;0.000976;-161;119;-42;1
310208877;1.014064;0.013664;0.010736;-217;126;-35;1
310221765;1.012112;0.00488;0.01464;-252;112;-35;1
310232146;1.01016;-0.001952;0.018544;-224;91;-42;1
310245505;1.012112;-0.005856;0.026352;-182;63;-56;1
310255994;1.014064;-0.@20000101_000005_192721_accel_adxl375.csv@310260625;1.813;0.098;0.244999984;1
310271394;1.007232;-0.006832;0.013664;-98;-42;-154;1
310282073;1.01016;0.0;0.003904;-21;-49;-175;1
310297726;1.0150399;0.018544;-0.01464;28;-21;-168;1
310314652;1.012112;0.026352;-0.01952;0;14;-161;1
310333074;1.013088;0.036112;-0.010736;-49;84;-105;1
310347370;1.0150399;0.028304;0.003904;-70;126;-42;1
310359859;1.013088;0.01952;0.011712;-105;119;-14;1
310374297;1.0150399;0.010736;0.022448;-147;98;-7;1
310385352;1.014064;-0.000976;0.021472;-147;77;-7;1
310397841;1.0111359;-0.016592;0.023424;-119;0;-49;1
310423038;1.012112;-0.01464;0.005856;-70;-56;-119;1
310438497;1.012112;0.0;-0.00976;-42;-56;-182;1
310449104;1.014064;0.010736;-0.016592;7;-35;-189;1
310461446;1.014064;0.018544;-0.01952;21;0;-182;1
310474160;1.013088;0.0244;-0.01952;7;35;-168;1
310488905;1.009184;0.00;-140;1
310520379;1.016016;0.02928;0.0;-84;112;-77;1
310534573;1.0111359;0.006832;0.017568;-105;91;-21;1
310555864;1.0111359;-0.00488;0.012688;-168;28;-42;1
310567388;1.013088;-0.010736;0.012688;-133;14;-56;1
310582347;1.01016;-0.007808;0.0;-77;-14;-133;1
310593173;1.013088;-0.002928;-0.010736;-42;-7;-161;1
310606624;1.014064;0.00488;-0.00976;-35;21;-175;1
310619110;1.014064;0.013664;-0.015616;-21;49;-175;1
310634274;1.013088;0.025376;-0.005856;-56;98;-140;1
310646496;1.013088;0.028304;-0.001952;-63;112;-119;1
310657545;1.014064;0.030256;0.006832;-91;119;-91;1
310669808;1.01016;0.027328;0.013664;-154;112;-70;1
310680968;1.012112;0.022448;0.015616;-189;98;-49;1
310695869;1.012112;0.003904;0.016592;-224;49;-28;1
310713132;1.0111359;-0.00488;0.010736;-189;21;-56;1
310733070;1.013088;-0.006832;0.000976;-154;0;-105;1
310749041;1.0150399;-0.003904;-0.003904;-119;7;-119;1
310760268;1.013088;0.002928;-0.00976;-119;14;-140;1
310772223;1.014064;0.010736;-0.00976;-98;42;-154;1
310784767;1.014064;0.023424;-0.002928;-56;91;-133;1
310797834;1.0150399;0.023424;0.002928;-77;105;-119;1
310813024;1.012112;0.021472;0.013664;-119;98;-105;1
310833062;1.012112;0.015616;0.018544;-91;56;-70;1
310845817;1.013088;0.00976;0.012688;-119;14;-70;1
310857237;1.01016;0.008784;0.012688;-112;0;-70;1
310868141;1.0111359;0.003904;0.008784;-70;-14;-63;1
310879073;1.014064;0.000976;0.002928;-70;-28;-84;1
310897635;1.012112;0.002928;-0.005856;-28;-14;-119;1
310913061;1.014064;0.003904;-0.00976;-14;-7;-119;1
310933044;1.013088;0.00976;-0.006832;7;49;-126;1
310946092;1.012112;0.015616;0.003904;-14;63;-126;1
310987449;1.009184;0.016592;0.010736;-91;7;-91;1
311003150;1.012112;0.012688;0.010736;-112;0;-84;1
311017915;1.012112;0.003904;0.003904;-84;-21;-84;1
311029125;1.013088;0.001952;-0.00488;-91;-21;-98;1
311043823;1.0150399;0.001952;-0.008784;-77;-7;-105;1
311055069;1.014064;0.005856;-0.011712;-56;7;-105;1
311067980;1.013088;0.007808;-0.00976;-70;49;-119;1
311078875;1.012112;0.00976;-0.007808;-42;70;-119;1
311095902;1.0150399;0.008784;-0.002928;-21;84;-119;1
311113049;1.0111359;0.01464;0.00976;-70;91;-119;1
311133741;1.012112;0.017568;0.013664;-105;63;-105;1
311150568;1.013088;0.00976;0.00976;-105;35;-84;1
311161180;1.013088;0.00976;0.007808;-126;21;-84;1
311172362;1.013088;0.00976;0.003904;-133;14;-84;1
311184613;1.0111359;0.006832;-0.00488;-126;14;-84;1
311198520;1.012112;0.00976;-0.003904;-126;28;-91;1
311209184;1.0150399;0.00976;-0.00976;-140;42;-91;1
311220959;1.013088;0.001_accel_adxl375.csv@311222498;1.7639999;0.147;0.147;1
311231996;1.0111359;0.010736;-0.001952;-112;98;-98;1
311243280;1.012112;0.012688;0.001952;-126;105;-91;1
311254579;1.014064;0.0@20000101_000005_192721_imu_bno055.csv@311262204;341.9375;7575;-17413;0.961592464;0.028552056;-0.24677134
311269122;1.014064;0.012688;0.010736;-161;98;-98;1
311279996;1.0111359;0.013664;0.01464;-154;84;-98;1
311313448;1.012112;0.006832;0.013664;-147;0;-91;1
311324163;1.013088;0.005856;0.00488;-126;-7;-91;1
311343021;1.014064;0.008784;-0.001952;-105;0;-105;1
311389709;1.014064;0.010736;0.001952;-63;63;-105;1
311405548;1.012112;0.017568;0.007808;-56;77;-91;1
311420595;1.01016;0.01464;0.012688;-56;70;-84;1
311443089;1.013088;0.005856;0.015616;-63;14;-84;1
311457716;1.013088;0.002928;0.013664;-49;0;-84;1
311468344;1.01016;0.000976;0.011712;-42;-14;-91;1
311480228;1.013088;0.002928;0.00976;-42;-35;-105;1
311491727;1.014064;0.002928;-0.000976;-28;-35;-112;1
311513039;1.0150399;0.008784;-0.005856;0;-14;-133;1
311529645;1.012112;0.01464;-0.010736;-7;35;-126;1
311543515;1.0150399;0.020496;-0.00488;-14;49;-119;1
311567824;1.012112;0.015616;0.002928;-98;70;-84;1
311579541;1.009184;0.013664;0.010736;-112;63;-70;1
311603047;1.0111359;0.007808;0.012688;-126;49;-63;1
311615525;1.014064;0.0;0.005856;-140;7;-77;1
311627916;1.013088;-0.001952;0.005856;-119;0;-84;1
311639076;1.013088;0.001952;0.0;-91;-7;-105;1
311651100;1.013088;0.001952;-0.003904;-84;7;-119;1
311662072;1.0111359;0.005856;-0.00488;-63;14;-133;1
311673096;1.012112;0.011712;-0.008784;-56;35;-140;1
311687659;1.014064;0.016592;-0.006832;-70;77;-133;1
311723109;1.008208;0.01952;0.006832;-112;105;-84;1
311737808;1.012112;0.013664;0.013664;-175;84;-63;1
311748993;1.0150399;0.011712;0.01464;-175;70;-49;1
311760273;1.01016;0.007808;0.015616;-182;49;-56;1
311770997;1.0111359;0.001952;0.011712;-168;35;-63;1
311805190;1.014064;-0.006832;-0.001952;-119;14;-105;1
311819980;1.013088;0.005856;-0.00488;-84;49;-133;1
311834237;1.013088;0.008784;-0.002928;-70;63;-140;1
311848415;1.014064;0.015616;0.003904;-63;84;-140;1
311859366;1.013088;0.021472;0.007808;-91;84;-126;1
311871833;1.012112;0.022448;0.00976;-91;84;-112;1
311883053;1.013088;0.023424;0.011712;-105;77;-91;1
311896241;1.009184;0.018544;0.018544;-119;63;-84;1
311913000;1.014064;0.013664;0.016592;-154;21;-63;1
311933061;1.012112;0.003904;0.007808;-140;-7;-56;1
311946910;1.013088;0.0;0.002928;-119;-7;-77;1
311958854;1.0150399;-0.003904;-0.001952;-98;-7;-91;1
311970103;1.016016;0.000976;-0.00488;-21;14;-119;1
311981328;1.013088;0.002928;-0.002928;7;35;-133;1
311997766;1.0111359;0.006832;-0.000976;14;42;-140;1
312022988;1.0111359;0.021472;0.007808;21;42;-140;1
312038251;1.012112;0.0244;0.013664;0;35;-126;1
312049130;1.0111359;0.023424;0.010736;-14;14;-105;1
312060493;1.0111359;0.022448;0.011712;-42;7;-77;1
312072235;1.012112;0.01464;0.006832;-105;-7;-63;1
312085948;1.01016;0.015616;-0.001952;-98;-14;-56;1
312117853;1.012112;-0.002928;-0.00976;-112;21;-77;1
312132986;1.012112;-0.000976;-0.005856;-63;63;-119;1
312146386;1.01016;0.001952;-0.000976;-42;77;-126;1
312156983;1.014064;0.010736;0.003904;-35;70;-140;1
312169538;1.01016;0.015616;0.007808;-49;70;-140;1
312180094;1.013088;0.018544;0.008784;-63;56;-133;1
312204391;1.0111359;0.0244;0.011712;-105;35;-98;1
312220246;1.014064;0.026352;0.007808;-126;21;-77;1
312262754;1.016016;0.002928;-0.005856;-168;28;-49;1
312276734;1.016016;-0.002928;-0.00488;-98;63;-77;1
312288000;1.0111359;-0.000976;0.0;-98;70;-105;1
312303682;1.013088;0.0;0.005856;-91;77;-119;1
312323610;1.012112;0.005856;0.008784;-42;77;-147;1
312337339;1.01016;0.018544;0.00976;-28;63;-140;1
312349337;1.013088;0.028304;0.008784;-56;42;-119;1
312362576;1.014064;0.027328;0.007808;-91;35;-98;1
312373623;1.012112;0.028304;0.007808;-133;28;-77;1
312390747;1.012112;0.01464;0.005856;-175;28;-49;1
312413021;1.01016;0.00488;0.000976;-175;14;-42;1
312443034;1.009184;-0.010736;0.003904;-98;49;-98;1
312454753;1.0111359;-0.00488;0.006832;-56;49;-119;1
312470241;1.014064;0.005856;0.008784;0;28;-154;1
312481184;1.013088;0.01464;0.005856;7;14;-147;1
312494262;1.013088;0.017568;0.007808;0;21;-147;1
312514728;1.013088;0.030256;0.007808;-42;21;-119;1
312525024;1.013088;0.026352;0.007808;-35;14;-91;1
312543046;1.012112;0.022448;0.002928;-98;-7;-49;1
312554362;1.012112;0.016592;0.0;-119;0;-35;1
312565286;1.014064;0.005856;-0.001952;-140;14;-28;1
312578652;1.009184;-0.003904;-0.000976;-91;28;-42;1
312589184;1.012112;-0.;@20000101_000005_192721_imu_bno055.csv@312593893;342.0;7581;-17438;0.9605727;0.012236595;-0.247791052
312600188;1.0111359;-0.006832;0.000976;-63;21;-91;1
312612947;1.012112;-0.006832;0.002928;-35;21;-126;1
312644280;1.01016;0.013664;0.005856;0;21;-161;1
312655992;1.014064;0.0@20000101_000005_192721_power_ina226.csv@312663638;3910;532;2075;0
312669736;1.0150399;0.026352;-0.000976;-21;21;-112;1
312711285;1.012112;0.012688;-0.001952;-154;28;-35;1
312737352;1.0111359;-0.001952;-0.002928;-182;49;-42;1
312751750;1.013088;-0.00976;0.002928;-112;56;-77;1
312774265;1.012112;-0.000976;0.003904;-77;49;-133;1
312792888;1.008208;0.00976;0.000976;-35;49;-147;1
312816780;1.01016;0.01952;0.003904;-49;42;-147;1
312827647;1.012112;0.025376;0.00488;-70;35;-133;1
312839443;1.013088;0.027328;0.006832;-84;35;-112;1
312852993;1.0111359;0.01952;0.002928;-112;35;-70;1
312864105;1.012112;0.012688;0.001952;-154;35;-63;1
312876057;1.014064;0.005856;0.001952;-161;35;-63;1
312895320;1.012112;0.002928;-0.000976;-105;42;-63;1
312906489;1.016992;-0.000976;0.00488;-112;49;-77;1
312918989;1.013088;0.000976;0.002928;-126;42;-91;1
312948032;1.014064;0.005856;0.003904;-35;49;-119;1
312959065;1.0111359;0.010736;0.0;-49;49;-126;1
312970925;1.012112;0.013664;0.00488;-84;42;-126;1
312982150;1.014064;0.013664;0.005856;-70;42;-126;1
312995904;1.014064;0.017568;0.005856;-77;35;-112;1
313013020;1.012112;0.017568;0.007808;-112;35;-112;1
313024213;1.014064;0.018544;0.00488;-91;28;-91;1
313035574;1.013088;0.011712;0.007808;-133;14;-70;1
313047816;1.013088;0.010736;0.001952;-126;21;-63;1
313059305;1.014064;0.00488;0.003904;-126;7;-70;1
313070791;1.009184;0.003904;0.00488;-77;7;-77;1
313082841;1.012112;0.002928;0.0;-42;7;-77;1
313097764;1.014064;0.000976;-0.00488;-84;14;-105;1
313109117;1.0111359;-0.000976;-0.00488;-28;35;-105;1
313147894;1.0111359;0.013664;0.008784;14;28;-133;1
313166280;1.01016;0.016592;0.006832;-14;14;-133;1
313177232;1.0150399;0.020496;0.006832;-70;7;-112;1
313194989;1.012112;0.022448;0.003904;-42;7;-84;1
313206677;1.0111359;0.023424;-0.000976;-56;0;-70;1
313219329;1.014064;0.008784;-0.005856;-154;7;-56;1
313230037;1.014064;0.0;-0.007808;-98;28;-49;1
313241364;1.0150399;-0.000976;-0.007808;-98;49;-49;1
313253541;1.013088;-0.005856;-0.000976;-105;56;-84;1
313267397;1.013088;-0.003904;0.000976;-126;63;-112;1
313278021;1.012112;-0.001952;0.003904;-70;56;-126;1
313290808;1.014064;0.006832;0.003904;0;49;-133;1
313312995;1.012112;0.017568;0.003904;-70;49;-154;1
313324171;1.0111359;0.023424;0.003904;7;35;-126;1
313337389;1.014064;0.021472;0.003904;-14;21;-112;1
313348374;1.012112;0.025376;0.001952;-105;14;-98;1
313359026;1.013088;0.021472;-0.000976;-119;28;-84;1
313371168;1.009184;0.008784;-0.000976;-147;35;-49;1
313383362;1.009184;0.006832;-0.002928;-126;42;-56;1
313398284;1.013088;0.002928;-0.003904;-112;56;-63;1
313410195;1.012112;0.0;0.002928;-119;63;-84;1
313421206;1.0150399;0.001952;0.001952;-63;70;-91;1
313432616;1.014064;0.00488;0.002928;-126;70;-105;1
313447162;1.013088;0.00488;0.008784;-126;70;-119;1
313458319;1.01016;0.010736;0.010736;-35;70;-112;1
313469872;1.014064;0.013664;0.011712;-63;42;-112;1
313480966;1.009184;0.01464;0.010736;-91;35;-119;1
313498053;1.01016;0.017568;0.0;-105;28;-91;1
313513807;1.013088;0.015616;-0.001952;-84;42;-77;1
313525772;1.0111359;0.013664;-0.001952;-126;42;-70;1
313537986;1.012112;0.011712;-0.000976;-126;56;-70;1
313575564;1.0150399;-0.002928;0.002928;-98;77;-98;1
313596637;1.014064;-0.001952;0.010736;-56;63;-126;1
313618234;1.013088;0.0581;-17469;0.96363184;0.017335176;-0.23045588
313629753;1.009184;0.012688;0.016592;-49;14;-154;1
313640586;1.01016;0.015616;0.006832;-21;0;-140;1
313651146;1.013088;0.01952;0.0;-28;-14;-133;1
313662032;1.012112;0.026352;-0.000976;-105;-7;-119;1
313673288;1.012112;0.020496;-0.003904;-105;21;-91;1
313687806;1.013088;0.00wer_ina226.csv@313689583;3905;564;2200;0
313699561;1.014064;0.007808;-0.005856;-154;42;-70;1
313715936;1.012112;0.003904;0.000976;-112;70;-63;1
313727213;1.013088;0.000976;0.00488;-105;84;-77;1
313738127;1.012112;-0.00488;0.008784;-119;70;-98;1
313751566;1.0111359;0.000976;0.012688;-84;49;-119;1
313762665;1.012112;0.002928;0.010736;-56;42;-133;1
313773736;1.013088;0.008784;0.010736;-56;21;-140;1
313785670;1.013088;0.01952;0.006832;-35;21;-133;1
313800975;1.01016;0.021472;0.005856;-56;0;-119;1
313812227;1.014064;0.021472;-0.001952;-77;-7;-112;1
313823132;1.0111359;0..91;1
313835973;1.012112;0.01952;-0.007808;-91;28;-70;1
313849743;1.012112;0.011712;-0.006832;-133;63;-56;1
313860444;1.013088;0.005856;-0.002928;-126;77;-56;1
313871845;1.0111359;0.00488;-0.000976;-112;77;-63;1
313883283;1.0150399;0.001952;0.005856;-119;77;-70;1
313899477;1.013088;0.001952;0.007808;-105;77;-84;1
313923481;1.009184;0.007808;0.011712;-91;56;-112;1
313934728;1.013088;0.008784;0.00976;-105;35;-126;1
313979422;1.013088;0.015616v@313982949;342.0625;7587;-17469;0.9605727;0.033650636;-0.242692468
313996311;1.013088;0.011712;-0.000976;-133;42;-77;1
314021587;1.013088;0.003904;0.00488;-133;63;-84;1
314032190;1.013088;-0.000976;0.007808;-98;70;-84;1
314048770;1.014064;0.000976;0.010736;-84;63;-98;1
314064970;1.012112;0.005856;0.010736;-84;21;-119;1
314077242;1.0150399;0.008784;0.00976;-70;7;-112;1
314093649;1.013088;0.012688;0.005856;-63;-7;-126;1
314104662;1.014064;0.015616;0.000976;-56;-7;-119;1
314126092;1.013088;0.01952;-0.001952;-56;14;-105;1
314143083;1.0111359;0.01464;-0.002928;-119;28;-84;1
314154526;1.0111359;0.012688;-0.00488;-84;49;-77;1
314176953;1.0111359;0.003904;0.003904;-84;42;-84;1
314188355;1.012112;0.010.196;1
314200804;1.01016;0.002928;0.011712;-70;42;-98;1
314212761;1.0111359;0.000976;0.010736;-56;14;-105;1
314225148;1.013088;0.005856;0.011712;-42;-7;-119;1
314236081;1.013088;0.005856;0.005856;-49;-14;-133;1
314248447;1.01016;0.013664;0.001952;-21;-14;-133;1
314270978;1.013088;0.017568;-0.003904;-14;-14;-119;1
314282024;1.013088;0.01952;-0.006832;-42;-7;-112;1
314306809;1.013088;0.018544;-0.007808;-105;49;-77;1
314319178;1.013088;0.01464;-0.003904;-140;70;-63;1
314337463;1.013088;0.00488;0.005856;-133;77;-56;1
314350872;1.01016;0.002928;0.006832;-147;63;-70;1
314362320;1.014064;0.001952;0.011712;-140;56;-84;1
314373090;1.014064;0.000976;0.007808;-98;49;-84;1
314385064;1.0111359;0.000101_000005_192721_airspeed_sdp810.csv@314415794;723;350;4277
314426705;1.0150399;0.018544;-0.00976;-77;42;-105;1
314447823;1.014064;0.01464;-0.001952;-119;77;-70;1
314459098;1.013088;0.00976;0.001952;-140;77;-70;1
314470627;1.0111359;0.002928;0.003904;-119;84;-70;1
314481058;1.013088;0.00488;0.007808;-119;84;-70;1
314497268;1.01016;0.006832;0.006832;-133;70;-91;1
314512357;1.012112;0.007808;0.008784;-105;63;-84;1
314523163;1.012112;0.007808;0.00488;-119;56;-98;1
314536906;1.0111359;0.012688;0.006832;-126;49;-98;1
314549629;1.014064;0.006832;0.005856;-126;49;-105;1
314560158;1.01016;0.007808;0.006832;-119;42;-98;1
314574915;1.009184;0.007808;0.00488;-147;35;-105;1
314587691;1.01016;0.006832;0.005856;-119;49;-98;1
314600115;1.012112;0.010736;0.003904;-126;49;-98;1
314614294;1.014064;0.007808;0.00976;-154;42;-105;1
314633004;1.016992;0.007808;0.00488;-70;14;-98;1
314648557;1.0111359;0.005856;0.006832;-56;21;-112;1
314659081;1.013088;0.006832;0.005856;-28;28;-119;1
314670362;1.013088;0.008784;0.006832;-56;28;-126;1
314680944;1.012112;0.007808;0.008784;-28;28;-126;1
314697072;1.01016;0.00976;0.008784;21;0;-126;1
314709125;1.0111359;0.021472;-0.001952;42;0;-119;1
314720177;1.012112;0.0244;-0.003904;-21;14;-98;1
314760197;1.012112;0.002928;0.007808;-119;7;-91;1
314783077;1.012112;0.01000005_192721_accel_adxl375.csv@314784187;1.7149999;0.147;0.098;1
314794713;1.009184;0.005856;-0.000976;-119;0;-105;1
314809312;1.01016;0.007808;-0.000976;-112;28;-119;1
314820605;1.0150399;0.011712;0.0;-77;7;-126;1
314832417;1.012112;0.015616;-0.003904;-63;21;-119;1
314844188;1.014064;0.018544;-0.003904;-105;28;-112;1
314883109;1.013088;0.008784;0.00488;-154;70;-98;1
314899441;1.0150399;0.013664;0.005856;-98;63;-91;1
314917524;1.013088;0.010736;0.003904;-112;42;-77;1
314928316;1.01016;0.007808;0.0;-112;56;-77;1
314940755;1.012112;0.002928;0.001952;-105;63;-84;1
314952392;1.013088;0.0;0.00976;-119;63;-105;1
314964399;1.012112;0.003904;0.006832;-63;49;-112;1
314975495;1.0150399;0.006832;0.001952;-56;21;-119;1
314993357;1.012112;0.016592;-0.008784;-84;42;-133;1
315007146;1.014064;0.017568;-0.00976;-56;63;-105;1
315024601;1.013088;0.016592;0.000976;-147;112;-84;1
315038593;1.009184;0.00976;0.008784;-154;98;-84;1
315051170;1.012112;0.00976;0.010736;-98;91;-70;1
315062499;1.0150399;0.005856;0.01464;-140;63;-77;1
315074429;1.0111359;0.00488;0.01464;-133;56;-77;1
315090598;1.014064;0.0;0.00976;-126;49;-84;1
315101333;1.013088;0.0;0.008784;-154;14;-98;1
315111854;1.01016;0.000976;0.003904;-133;7;-126;1
315136163;1.014064;0.018544;-0.001952;-84;35;-133;1
315149246;1.009184;0.020496;-0.000976;-147;49;-119;1
315172892;1.013088;0.013664;0.00488;-77;49;-84;1
315185335;1.014064;0.012688;0.006832;-133;42;-98;1
315202994;1.016992;0.012688;0.00488;-70;35;-77;1
315215958;1.008208;0.000976;0.016592;-98;28;-77;1
315227621;1.012112;-0.000976;0.012688;-84;14;-91;1
315238696;1.0111359;-0.001952;0.008784;-7;0;-98;1
315248930;1.012112;-0.001952;0.006832;7;0;-126;1
315265445;1.014064;-0.000976;0.0;0;-7;-147;1
315304673;1.013088;0.026352;-0.007808;56;49;-126;1
315327082;1.013088;0.017568;0.001952;-84;77;-77;1
315339950;1.0111359;0.008784;0.012688;-77;49;-63;1
315350887;1.012112;0.001952;0.011712;-119;28;-77;1
315362431;1.012112;0.003904;0.00976;-140;28;-91;1
315373107;1.0111359;0.003904;0.008784;-168;35;-98;1
315387393;1.0196832;0.002928;-140;21;-98;1
315410158;1.0111359;0.00976;-0.016592;-154;21;-119;1
315438217;1.013088;0.013664;-0.013664;-112;105;-105;1
315449052;1.012112;0.013664;0.007808;-175;133;-91;1
315471094;1.01016;0.00976;0.01952;-161;91;-77;1
315482387;1.0111359;0.011712;0.01952;-168;70;-77;1
315495726;1.012112;0.008784;0.018544;-154;56;-84;1
315509911;1.0111359;0.003904;0.012688;-168;14;-77;1
315533037;1.0111359;0.007808;0.001952;-140;-14;-84;1
315550543;1.0111359;0.010736;-0.00976;-126;28;-91;1
315562752;1.01016;0.00976;-0.00976;-98;56;-77;1
315574175;1.013088;0.008784;-0.007808;-112;77;-84;1
315585105;1.01016;0.005856;-0.003904;-119;91;-91;1
315597886;1.0111359;0.006832;0.000976;-77;105;-98;1
315616253;1.012112;0.006832;0.01952;-84;112;-91;1
315635051;1.008208;0.010736;0.0244;-84;56;-105;1
315651106;1.01016;0.006832;0.022448;-63;21;-98;1
315693255;1.0111359;0.010736;0.000976;-70;-35;-98;1
315707843;1.0111359;0.006832;-0.008784;-84;-21;-105;1
315743143;1.012112;0.008784;0.003904;-70;84;-119;1
315759059;1.0111359;0.011712;0.008784;-70;91;-112;1
315770088;1.012112;0.013664;0.013664;-49;77;-112;1
315782421;1.013088;0.010736;0.015616;-28;49;-105;1
315793597;1.014064;0.012688;0.016592;-56;28;-105;1
315806559;1.01016;0.011712;0.015616;-84;0;-98;1
315823016;1.008208;0.008784;0.010736;-70;-28;-91;1
315836697;1.016016;0.00488;-0.00488;-70;-42;-105;1
315847800;1.0179679;0.006832;-0.010736;-63;-21;-112;1
315863120;1.01016;0.012688;-0.015616;-49;7;-112;1
315874055;1.014064;0.00976;-0.013664;-63;42;-112;1
315885267;1.009184;0.00976;-0.005856;-77;84;-98;1
315895873;1.014064;0.011712;-0.003904;-77;98;-98;1
315908313;1.0111359;0.013664;0.0;-56;112;-112;1
315919255;1.012112;0.018544;0.008784;-84;126;-105;1
315937105;1.008208;0.016592;0.020496;-182;91;-84;1
315950715;1.01016;0.016592;0.023424;-154;63;-63;1
315964552;1.014064;0.01464;0.016592;-147;21;-49;1
315975441;1.009184;0.005856;0.011712;-189;-7;-56;1
315989454;1.014064;0.00488;-0.003904;-203;0;-70;1
316005171;1.014064;0.007808;-0.00976;-196;14;-77;1
316018697;1.013088;0.00488;-0.008784;-168;63;-77;1
316029663;1.014064;0.002928;-0.001952;-154;77;-84;1
316040978;1.014064;0.001952;-0.001952;-147;105;-91;1
316054628;1.013088;0.008784;0.00488;-119;105;-98;1
316070503;1.0111359;0.006832;0.013664;-126;98;-112;1
316081656;1.013088;0.007808;0.018544;-119;84;-119;1
316117232;1.012112;0.00976;0.017568;-77;21;-98;1
316135224;1.01016;0.008784;0.007808;-70;-28;-91;1
316151057;1.0150399;0.006832;-0.00488;-63;-14;-98;1
316164155;1.012112;0.005856;-0.003904;-49;7;-112;1
316179172;1.016016;0.006832;-0.003904;-28;28;-105;1
316196294;1.013088;0.002928;-0.003904;-7;28;-112;1
316207107;1.009184;0.006832;-0.001952;0;49;-112;1
316219327;1.013088;0.00488;0.001952;-35;63;-126;1
316229965;1.0111359;0.012688;0.012688;14;63;-133;1
316243783;1.01016;0.013664;0.016592;-14;56;-133;1
316253898;1.012112;0.012688;0.01952;-63;21;-133;1
316270080;1.014064;0.011712;0.012688;-56;-7;-126;1
316281842;1.0111359;0.010736;0.00488;-63;-28;-119;1
316294931;1.012112;0.013664;0.0;-98;-28;-119;1
316307942;1.01016;0.016592;-0.001952;-98;-21;-119;1
316333023;1.0150399;0.010736;-0.008784;-105;14;-98;1
316346522;1.0150399;0.008784;-0.008784;-126;42;-98;1
316357722;1.014064;0.010736;-0.007808;-70;63;-84;1
316368801;1.013088;0.010736;-0.003904;-63;77;-84;1
316380717;1.0111359;0.006832;0.00488;-105;91;-91;1
316398212;1.013088;0.008784;0.015616;-70;77;-105;1
316413419;1.012112;0.013664;0.012688;-77;21;-105;1
316433108;1.012112;0.01464;0.001952;-98;0;-91;1
316446842;1.008208;0.013664;-0.001952;-98;7;-91;1
316469512;1.0150399;0.013664;-0.003904;-98;21;-84;1
316481724;1.0111359;0.01464;-0.005856;-112;42;-77;1
316497916;1.0111359;0.00976;-0.00488;-119;63;-56;1
316523019;1.0111359;0.005856;0.002928;-140;91;-63;1
316562360;1.014064;0.008784;0.017568;-119;28;-84;1
316576830;1.012112;0.006832;0.007808;-112;14;-91;1
316590271;1.0111359;0.@20000101_000005_192721_accel_adxl375.csv@316592299;1.7639999;0.147;0.196;1
316601199;1.01016;0.00488;0.001952;-112;21;-98;1
316612573;1.012112;0.007808;0.001952;-98;14;-105;1
316623096;1.012112;0.09csv@316625453;1.7639999;0.147;0.196;1
316634048;1.016016;0.006832;-0.008784;-98;35;-105;1
316649648;1.014064;0.007808;-0.001952;-70;77;-105;1
316660243;1.01016;0.005856;0.002928;-70;91;-105;1
316671578;1.013088;0.005856;0.00976;-84;84;-112;1
316684525;1.012112;0.007808;0.011712;-70;77;-112;1
316699081;1.012112;0.005856;0.015616;-77;42;-133;1
316713436;1.01016;0.008784;0.01464;-84;35;-133;1
316733459;1.014064;0.008784;0.00976;-56;0;-126;1
316748612;1.012112;0.011712;0.0;-63;-7;-126;1
316759345;1.013088;0.011712;-0.000976;-70;-7;-126;1
316770356;1.013088;0.013664;-0.007808;-63;7;-126;1
316783595;1.013088;0.01464;-0.00976;-77;28;-119;1
316797666;1.013088;0.013664;-0.006832;-77;42;-112;1
316808002;1.01016;0.011712;0.000976;-77;84;-91;1
316819062;1.0111359;0.006832;0.005856;-105;91;-98;1
316843044;1.013088;0.010736;0.011712;-84;70;-105;1
316854461;1.0111359;0.@20000101_000005_192721_imu_lsm6dso32.csv@316865313;1.009184;0.011712;0.013664;-105;35;-105;1
316875949;1.0150399;0.011712;0.00976;-98;21;-98;1
316888689;1.013088;0.006832;0.011712;-112;14;-98;1
316899111;1.0111359;0.010736;0.003904;-105;14;-98;1
316910084;1.014064;0.011712;-0.001952;-98;7;-105;1
316921917;1.013088;0.010736;-0.005856;-91;14;-98;1
316933042;1.013088;0.01464;-0.006832;-84;35;-91;1
316944838;1.013088;0.015616;-0.001952;-105;56;-84;1
316956552;1.01016;0.01@20000101_000005_192721_imu_bno055.csv@316962359;342.5625;7600;-17419;0.961592464;0.031611204;-0.2508502
317002206;1.012112;0.006832;0.011712;-112;63;-77;1
317021835;1.012112;0.00@20000101_000005_192721_airspeed_sdp810.csv@317024826;-280;0;4277
317036528;1.013088;0.003904;0.010736;-98;21;-84;1
317052081;1.0111359;0.006832;0.002928;-77;7;-105;1
317066513;1.014064;0.005856;0.000976;-84;14;-105;1
317077387;1.012112;0.008784;-0.000976;-98;21;-112;1
317088782;1.013088;0.012688;-0.000976;-70;35;-105;1
317100140;1.0111359;0.011712;0.000976;-77;42;-105;1
317117352;1.0150399;0.008784;0.001952;-84;49;-105;1
317128018;1.01016;0.011712;0.002928;-77;56;-105;1
317149986;1.009184;0.008784;0.00976;-98;56;-112;1
317174139;1.013088;0.007808;0.00976;-98;21;-105;1
317186131;1.0111359;0.008784;0.006832;-91;14;-105;1
317199399;1.013088;0.006832;0.00488;-84;0;-112;1
317210082;1.012112;0.007808;0.001952;-63;7;-112;1
317221665;1.0111359;0.m0;-30.935744;37.99;101697.16;4.9014188
317232454;1.0111359;0.008784;-0.000976;-77;14;-126;1
317244417;1.0111359;0.015616;0.001952;-49;42;-112;1
317256092;1.01016;0.01@20000101_000005_192721_imu_bno055.csv@317262340;342.5;7600;-17419;0.961592464;0.025492906;-0.24677134
317269907;1.0111359;0.012688;0.006832;-70;56;-112;1
317282918;1.0111359;0.012688;0.00488;-63;56;-112;1
317294285;1.013088;0.012688;0.005856;-77;49;-98;1
317314548;1.008208;0.013664;0.010736;-91;42;-91;1
317336430;1.012112;0.006832;0.007808;-84;7;-91;1
317350157;1.0111359;0.007808;0.007808;-98;-7;-98;1
317367658;1.013088;0.00488;0.001952;-70;7;-98;1
317380587;1.014064;0.008784;-0.000976;-70;14;-105;1
317395621;1.01016;0.008784;-0.000976;-56;28;-105;1
317428232;1.009184;0.01464;0.003904;-56;56;-98;1
317450657;1.014064;0.013664;0.008784;-84;63;-84;1
317461815;1.012112;0.012688;0.00976;-91;49;-77;1
317475305;1.013088;0.00976;0.010736;-105;35;-77;1
317499096;1.012112;0.00488;0.003904;-119;28;-77;1
317514598;1.013088;0.002928;0.000976;-112;28;-84;1
317536106;1.0111359;0.00488;0.000976;-91;28;-105;1
317549284;1.0111359;0.00976;0.000976;-77;42;-126;1
317561499;1.012112;0.006832;0.0;-84;49;-126;1
317572822;1.0111359;0.013664;0.005856;-77;49;-126;1
317585012;1.009184;0.013664;0.00488;-70;56;-119;1
317598133;1.013088;0.01464;0.007808;-84;49;-112;1
317614454;1.012112;0.00976;0.006832;-105;42;-98;1
317625785;1.008208;0.011712;0.005856;-105;35;-91;1
317663219;1.01016;0.003904;0.002928;-105;42;-91;1
317676567;1.012112;0.007808;0.000976;-98;49;-105;1
317686969;1.009184;0.007808;0.001952;-98;42;-112;1
317706980;1.014064;0.008784;0.007808;-70;49;-119;1
317739209;1.013088;0.013664;0.008784;-77;42;-119;1
317750775;1.012112;0.015616;0.00976;-84;28;-112;1
317763968;1.009184;0.01464;0.003904;-98;21;-98;1
317776434;1.012112;0.013664;0.00488;-91;21;-84;1
317787666;1.013088;0.015616;0.002928;-112;21;-77;1
317807045;1.014064;0.00976;0.000976;-91;42;-70;1
317839812;1.012112;0.007808;0.002928;-91;49;-84;1
317851063;1.013088;0.00488;0.005856;-84;49;-84;1
317864378;1.0111359;0.006832;0.006832;-63;42;-98;1
317904529;1.013088;0.01464;0.00488;-84;7;-105;1
317927471;1.0111359;0.015616;0.0;-84;21;-84;1
317940707;1.009184;0.011712;-0.000976;-91;21;-84;1
317952144;1.01016;0.008784;-0.00488;-77;28;-70;1
317965828;1.01016;0.006832;0.0;-112;49;-77;1
317977085;1.0111359;0.00488;0.001952;-98;56;-77;1
317989647;1.012112;0.001952;0.006832;-56;63;-84;1
318004596;1.0111359;0.001952;0.010736;-91;56;-91;1
318018689;1.009184;0.006832;0.00976;-49;35;-98;1
318034825;1.014064;0.005856;0.00976;-56;28;-105;1
318048595;1.0111359;0.011712;0.00488;-70;7;-112;1
318062602;1.012112;0.013664;0.0;-49;7;-112;1
318077061;1.014064;0.012688;-0.003904;-84;28;-105;1
318094899;1.0150399;0.012688;-0.006832;-84;42;-98;1
318109272;1.009184;0.012688;-0.000976;-98;70;-91;1
318121825;1.012112;0.0600101_000005_192721_accel_adxl375.csv@318122838;1.813;0.098;0.244999984;1
318143459;1.012112;0.008784;0.00488;-112;77;-98;1
318170927;1.0111359;0.003904;0.015616;-112;42;-112;1
318183723;1.01016;0.007808;0.00976;-119;21;-119;1
318197139;1.013088;0.008784;0.00976;-91;7;-119;1
318208283;1.01016;0.012688;0.0;-133;0;-126;1
318220581;1.014064;0.018544;-0.001952;-126;14;-119;1
318231075;1.014064;0.017568;-0.005856;-77;28;-98;1
318245263;1.012112;0.013664;-0.005856;-91;42;-98;1
318255994;1.016016;0.0@20000101_000005_192721_accel_adxl375.csv@318260013;1.813;0.147;0.196;1
318268801;1.0150399;0.012688;-0.000976;-112;84;-77;1
318281203;1.012112;0.008784;0.007808;-105;98;-70;1
318329531;1.0111359;0.003904;0.01464;-77;7;-98;1
318346498;1.012112;0.005856;0.00976;-63;-7;-105;1
318364384;1.014064;0.00976;-0.000976;-56;-14;-105;1
318375181;1.013088;0.00976;-0.005856;-56;-7;-112;1
318388401;1.012112;0.012688;-0.00976;-63;14;-112;1
318413043;1.013088;0.016592;-0.005856;-77;77;-98;1
318424819;1.014064;0.016592;0.002928;-77;84;-91;1
318437494;1.013088;0.012688;0.008784;-84;98;-77;1
318448869;1.008208;0.00976;0.015616;-98;84;-77;1
318460471;1.01016;0.005856;0.018544;-112;63;-77;1
318471889;1.0111359;0.001952;0.01952;-105;14;-91;1
318499716;1.012112;-0.000976;0.006832;-98;-14;-119;1
318514438;1.014064;0.003904;-0.003904;-77;-14;-133;1
318527243;1.013088;0.006832;-0.005856;-63;0;-140;1
318547708;1.0150399;0.015616;-0.011712;-49;42;-147;1
318560140;1.012112;0.015616;-0.008784;-56;63;-133;1
318573725;1.014064;0.018544;0.002928;-70;98;-105;1
318587449;1.012112;0.01464;0.011712;-105;98;-98;1
318598152;1.0111359;0.011712;0.01464;-105;91;-91;1
318616172;1.0111359;0.00976;0.015616;-105;42;-84;1
318627834;1.016016;0.007808;0.01464;-140;21;-84;1
318644557;1.014064;0.005856;0.006832;-119;0;-91;1
318669676;1.012112;0.006832;-0.008784;-105;0;-112;1
318682060;1.0150399;0.007808;-0.007808;-98;14;-126;1
318695136;1.012112;0.010736;-0.007808;-84;63;-126;1
318711201;1.0111359;0.013664;-0.001952;-98;77;-126;1
318722234;1.0150399;0.011712;0.00488;-98;91;-119;1
318752379;1.012112;0.01952;0.01464;-119;77;-84;1
318765684;1.013088;0.013664;0.015616;-154;49;-70;1
318784563;1.012112;0.011712;0.012688;-126;28;-56;1
318796506;1.012112;0.003904;0.002928;-140;7;-56;1
318807742;1.013088;0.003904;0.0;-119;7;-56;1
318818444;1.0150399;0.002928;-0.002928;-98;7;-63;1
318834450;1.012112;0.001952;-0.001952;-91;21;-84;1
318846667;1.0111359;0.003904;-0.001952;-63;49;-105;1
318860753;1.0150399;0.012688;0.00488;-56;63;-112;1
318872184;1.012112;0.015616;0.006832;-49;63;-105;1
318883711;1.014064;0.01952;0.008784;-49;63;-98;1
318903019;1.009184;0.017568;0.00976;-91;56;-77;1
318919537;1.0111359;0.011712;0.011712;-133;35;-63;1
318930929;1.014064;0.010736;0.012688;-133;21;-63;1
318942095;1.013088;0.003904;0.007808;-119;14;-63;1
318953398;1.0111359;0.001952;0.005856;-112;7;-70;1
318967086;1.012112;-0.000976;0.001952;-105;7;-84;1
318978265;1.012112;0.001952;-0.001952;-91;14;-91;1
318990214;1.0111359;0.@20000101_000005_192721_accel_adxl375.csv@318991950;1.7639999;0.;0.147;1
319013009;1.01016;0.012688;0.0;-56;49;-119;1
319024863;1.013088;0.01464;0.001952;-70;63;-119;1
319037042;1.0111359;0.015616;0.005856;-63;63;-112;1
319052054;1.0111359;0.013664;0.005856;-70;63;-91;1
319067495;1.0111359;0.010736;0.011712;-91;63;-84;1
319078114;1.009184;0.012688;0.011712;-98;49;-84;1
319093914;1.008208;0.00976;0.011712;-112;28;-77;1
319112997;1.0111359;0.001952;0.001952;-112;14;-84;1
319137451;1.012112;0.001952;-0.001952;-84;21;-105;1
319149166;1.013088;0.003904;-0.000976;-63;35;-105;1
319199490;1.014064;0.01464;0.008784;-98;77;-98;1
319211298;1.014064;0.016592;0.013664;-112;63;-91;1
319224414;1.016016;0.0@20000101_000005_192721_baro_bmp280.csv@319227184;-31.131272;38.0;101699.512;4.7058908
319235180;1.013088;0.008784;0.008784;-119;21;-77;1
319250285;1.0111359;0.006832;0.006832;-126;28;-84;1
319261976;1.009184;0.006832;0.005856;-119;21;-84;1
319273442;1.0150399;0.001952;0.00488;-98;21;-98;1
319285641;1.016016;0.00488;-0.003904;-98;21;-105;1
319297831;1.014064;0.002928;0.0;-91;21;-112;1
319308179;1.0150399;0.006832;-0.000976;-63;35;-112;1
319319569;1.014064;0.005856;0.002928;-63;42;-112;1
319336623;1.014064;0.013664;0.008784;-63;49;-112;1
319349025;1.014064;0.016592;0.008784;-63;35;-98;1
319361515;1.0111359;0.015616;0.012688;-70;21;-84;1
319373227;1.012112;0.020496;0.003904;-91;21;-84;1
319385093;1.0150399;0.00976;0.006832;-91;21;-63;1
319401029;1.013088;0.008784;0.005856;-91;21;-63;1
319415015;1.0150399;0.000976;0.002928;-84;0;-77;1
319426982;1.014064;-0.002928;0.000976;-84;21;-84;1
319444284;1.0150399;-0.001952;0.003904;-84;21;-112;1
319455242;1.01016;0.00488;0.006832;-28;35;-133;1
319468404;1.0150399;0.005856;0.00488;-7;28;-133;1
319479217;1.014064;0.012688;0.002928;-28;14;-147;1
319495556;1.014064;0.01464;0.003904;-49;35;-147;1
319506034;1.014064;0.023424;0.007808;-56;21;-119;1
319518712;1.012112;0.018544;0.008784;-42;14;-98;1
319532899;1.01016;0.017568;0.006832;-84;7;-84;1
319548360;1.0111359;0.010736;0.002928;-98;21;-63;1
319559072;1.013088;0.005856;0.00488;-105;21;-63;1
319571349;1.01016;-0.000976;0.002928;-119;14;-70;1
319601782;1.0150399;-0.001952;-0.000976;-112;14;-84;1
319620451;1.009184;0.09@20000101_000005_192721_imu_lsm6dso32.csv@319643399;1.01016;0.015616;0.013664;-42;63;-133;1
319660031;1.013088;0.021472;0.016592;-63;14;-105;1
319671461;1.012112;0.021472;0.00976;-84;21;-91;1
319681935;1.014064;0.01952;0.00488;-126;28;-70;1
319693912;1.0150399;0.018544;0.0;-147;21;-56;1
319713026;1.014064;0.00488;-0.003904;-161;21;-49;1
319724112;1.0150399;-0.001952;-0.008784;-175;14;-63;1
319743034;1.014064;-0.002928;-0.001952;-91;56;-91;1
319754988;1.01016;-0.0@20000101_000005_192721_baro_bmp280.csv@319759510;-31.131272;38.0;101699.512;4.7058908
319768672;1.01016;0.0;0.001952;-77;84;-126;1
319779183;1.012112;0.00488;0.005856;-63;98;-140;1
319793039;1.0111359;0.013664;0.008784;-35;70;-154;1
319804365;1.012112;0.01952;0.00976;-28;63;-147;1
319816320;1.012112;0.023424;0.006832;-49;42;-133;1
319838725;1.016016;0.020496;0.003904;-126;42;-91;1
319849836;1.013088;0.017568;0.005856;-147;49;-70;1
319875177;1.0111359;0.002928;0.005856;-189;35;-63;1
319890894;1.0111359;-0.002928;0.000976;-126;28;-70;1
319902179;1.014064;-0.007808;0.001952;-112;56;-112;1
319913125;1.013088;-0.003904;0.005856;-91;70;-133;1
319937745;1.012112;0.005856;0.007808;-42;49;-154;1
319949995;1.012112;0.010736;0.007808;-14;35;-168;1
319970594;1.0150399;0.020496;0.00488;-35;42;-154;1
319982003;1.013088;0.0244;0.005856;-35;56;-133;1
319998647;1.0150399;0.018544;0.012688;-91;35;-91;1
320014570;1.012112;0.015616;0.00488;-140;21;-70;1
320064066;1.014064;-0.002928;0.002928;-91;35;-105;1
320084522;1.0111359;0.005856;0.002928;-49;49;-126;1
320097509;1.012112;0.008784;0.006832;-35;56;-140;1
320108089;1.012112;0.013664;0.00488;-42;49;-140;1
320119586;1.012112;0.018544;0.007808;-49;42;-133;1
320130073;1.012112;0.018544;0.002928;-35;49;-119;1
320154787;1.012112;0.018544;0.0;-84;63;-91;1
320169077;1.009184;0.018544;0.006832;-126;56;-70;1
320180719;1.014064;0.017568;0.006832;-140;42;-56;1
320195981;1.0150399;0.007808;0.01464;-168;35;-35;1
320214032;1.014064;0.00488;0.01464;-189;28;-49;1
320225009;1.012112;0.000976;0.00976;-154;28;-56;1
320237864;1.016016;0.0;-0.00488;-98;21;-84;1
320249067;1.014064;-0.005856;-0.007808;-105;28;-112;1
320260673;1.016992;-0.001952;-0.008784;-70;42;-126;1
320271185;1.013088;0.003904;-0.002928;-42;63;-140;1
320297075;1.012112;0.020496;0.010736;-28;77;-147;1
320308017;1.0150399;0.021472;0.016592;-49;70;-133;1
320321779;1.013088;0.0@20000101_000005_192721_imu_bno055.csv@320329289;342.625;7600;-17382;0.966691;0.0387492184;-0.23045588
320333496;1.013088;0.0244;0.020496;-91;35;-91;1
320344213;1.012112;0.01952;0.011712;-140;14;-77;1
320368561;1.0111359;0.0;-0.002928;-140;0;-49;1
320379827;1.012112;-0.00488;-0.006832;-154;14;-63;1
320391109;1.01016;-0.08@20000101_000005_192721_accel_adxl375.csv@320393020;1.813;0.098;0.147;1
320408126;1.013088;-0.00976;-0.006832;-98;56;-105;1
320422988;1.014064;0.001952;0.002928;-28;84;-154;1
320434009;1.0111359;0.6@20000101_000005_192721_imu_lsm6dso32.csv@320461023;1.0111359;0.023424;0.01464;-35;42;-147;1
320474176;1.0111359;0.023424;0.016592;-42;28;-133;1
320494321;1.012112;0.022448;0.012688;-98;-28;-98;1
320505368;1.012112;0.018544;0.000976;-119;-42;-77;1
320518207;1.013088;0.013664;-0.00488;-119;-28;-63;1
320529124;1.012112;0.00976;-0.00976;-126;-7;-63;1
320543558;1.014064;0.000976;-0.010736;-98;49;-77;1
320553992;1.014064;0.002928;-0.008784;-77;63;-84;1
320567248;1.014064;0.002928;-0.003904;-70;84;-98;1
320578621;1.012112;0.007808;0.000976;-63;98;-112;1
320595742;1.013088;0.011712;0.017568;-56;98;-119;1
320606371;1.009184;0.015616;0.023424;-42;77;-119;1
320617406;1.01016;0.022448;0.023424;-70;35;-105;1
320633594;1.013088;0.021472;0.011712;-112;-21;-77;1
320646412;1.012112;0.01952;0.000976;-126;-35;-56;1
320657191;1.0150399;0.@20000101_000005_192721_accel_adxl375.csv@320659395;1.7639999;0.098;0.147;1
320668136;1.012112;0.012688;-0.008784;-168;0;-42;1
320679511;1.0150399;0.008784;-0.012688;-154;14;-35;1
320695544;1.0111359;-0.000976;-0.00976;-147;77;-35;1
320706223;1.009184;-0.001952;-0.006832;-133;98;-56;1
320720834;1.0150399;-0.002928;0.000976;-119;112;-70;1
320733173;1.013088;0.002928;0.015616;-70;105;-112;1
320746243;1.012112;0.010736;0.021472;-105;91;-119;1
320756908;1.008208;0.0@20000101_000005_192721_accel_adxl375.csv@320759347;1.7639999;0.147;0.196;1
320768755;1.01016;0.013664;0.022448;-84;49;-112;1
320779252;1.01016;0.015616;0.021472;-70;14;-105;1
320812280;1.0150399;0.012688;-0.00488;-98;-21;-77;1
320844739;1.014064;0.0;-0.00488;-105;49;-70;1
320896959;1.012112;-0.001952;0.022448;-35;70;-140;1
320914880;1.013088;0.006832;0.018544;-14;35;-154;1
320929121;1.012112;0.013664;0.007808;-28;-7;-161;1
320943598;1.016016;0.022448;0.002928;-28;-7;-147;1
320967264;1.014064;0.021472;-0.001952;-140;21;-105;1
320979808;1.01016;0.01952;-0.000976;-133;28;-84;1
321003118;1.014064;0.010736;0.0;-175;63;-63;1
321017183;1.012112;0.001952;0.006832;-161;63;-70;1
321053105;1.013088;0.001952;0.008784;-126;42;-112;1
321067725;1.012112;0.007808;0.00976;-77;35;-119;1
321080969;1.01016;0.011712;0.007808;-84;14;-126;1
321097167;1.0150399;0.016592;0.006832;-77;14;-119;1
321113008;1.014064;0.017568;0.001952;-42;14;-98;1
321143071;1.013088;0.015616;-0.002928;-105;35;-77;1
321154348;1.01016;0.013664;-0.002928;-133;42;-63;1
321177546;1.016992;0.007808;0.0;-133;49;-49;1
321193544;1.012112;0.001952;0.010736;-133;63;-77;1
321204059;1.01016;0.0;0.013664;-140;56;-84;1
321215770;1.008208;-0.001952;0.010736;-70;42;-91;1
321227193;1.013088;-0.001952;0.008784;-21;35;-91;1
321238454;1.013088;0.002928;0.002928;-35;21;-105;1
321249084;1.014064;0.006832;0.005856;-21;14;-126;1
321264596;1.013088;0.010736;0.002928;-21;14;-119;1
321274967;1.013088;0.007808;0.000976;-42;14;-119;1
321300718;1.012112;0.013664;0.001952;-112;28;-126;1
321332791;1.012112;0.00976;0.006832;-119;28;-91;1
321375993;1.01016;0.0;0.00488;-21;14;-119;1
321386968;1.013088;0.0;0.003904;-49;-7;-133;1
321400566;1.01016;0.005856;0.000976;-7;21;-147;1
321412121;1.01016;0.008784;0.0;14;28;-147;1
321433043;1.014064;0.018544;0.003904;14;42;-154;1
321449341;1.0111359;0.01952;0.006832;-7;35;-147;1
321472911;1.013088;0.022448;0.005856;-63;35;-112;1
321484998;1.012112;0.016592;0.006832;-84;42;-84;1
321496298;1.0150399;0.013664;0.005856;-98;42;-77;1
321507163;1.0111359;0.00976;0.006832;-112;28;-77;1
321533150;1.0150399;0.005856;-0.000976;-112;28;-84;1
321546468;1.014064;0.005856;0.0;-119;35;-105;1
321559926;1.013088;0.006832;0.002928;-91;49;-112;1
321571960;1.012112;0.008784;0.00488;-70;49;-112;1
321582928;1.0150399;0.008784;0.003904;-56;49;-119;1
321596692;1.012112;0.01464;0.001952;-112;63;-119;1
321607065;1.013088;0.018544;0.00488;-105;63;-112;1
321643877;1.013088;0.022448;0.006832;-147;63;-56;1
321658587;1.012112;0.008784;0.005856;-175;56;-28;1
321669127;1.009184;0.005856;0.007808;-154;49;-35;1
321681069;1.012112;0.002928;0.008784;-154;28;-49;1
321692516;1.014064;-0.000976;0.00976;-126;21;-70;1
321707372;1.014064;-0.001952;0.00488;-77;21;-84;1
321718420;1.014064;-0.001952;0.002928;-84;35;-105;1
321743559;1.01016;0.00976;-0.000976;-42;42;-133;1
321801411;1.013088;0.008784;0.01464;-84;49;-63;1
321813148;1.012112;0.00488;0.015616;-91;21;-70;1
321835567;1.012112;0.000976;0.003904;-98;-7;-98;1
321850319;1.01016;0.0;-0.001952;-105;0;-112;1
321860986;1.014064;0.001952;-0.003904;-49;21;-119;1
321873442;1.014064;0.001952;-0.005856;-49;35;-133;1
321884950;1.014064;0.004;-0.005856;-63;35;-147;1
321899738;1.014064;0.01464;-0.003904;-28;84;-147;1
321909907;1.0150399;0.017568;0.003904;-119;98;-147;1
321921036;1.0111359;0.01952;0.010736;-126;91;-133;1
321932065;1.01016;0.01952;0.015616;-147;84;-126;1
321943948;1.014064;0.020496;0.020496;-161;63;-112;1
321955688;1.0111359;0.016592;0.020496;-126;49;-84;1
321970874;1.01016;0.00488;0.015616;-133;-14;-77;1
321982430;1.012112;0.003904;0.006832;-112;-35;-84;1
322030029;1.014064;0.008784;-0.008784;-35;28;-112;1
322047240;1.0150399;0.013664;-0.007808;-35;56;-105;1
322058294;1.01016;0.016592;-0.012688;-21;70;-112;1
322072999;1.014064;0.020496;-0.000976;-42;112;-84;1
322087271;1.014064;0.022448;0.008784;-63;140;-77;1
322099404;1.01016;0.017568;0.016592;-77;119;-56;1
322109954;1.012112;0.012688;0.023424;-112;91;-35;1
322122270;1.01016;0.008784;0.0244;-147;56;-28;1
322134469;1.013088;0.000976;0.017568;-161;0;-56;1
322149972;1.0111359;0.0;0.012688;-189;-7;-84;1
322161178;1.0150399;0.002928;0.007808;-168;-14;-98;1
322198395;1.0150399;0.00976;-0.01464;-56;7;-112;1
322215092;1.008208;0.01952;-0.010736;-70;70;-119;1
322233966;1.0150399;0.021472;-0.010736;0;98;-84;1
322245184;1.009184;0.012688;0.001952;-112;119;-77;1
322257033;1.01016;0.008784;0.005856;-35;133;-49;1
322267996;1.014064;0.003904;0.013664;-63;126;-49;1
322281737;1.012112;0.001952;0.020496;-140;98;-70;1
322293870;1.009184;0.0;0.025376;-133;70;-77;1
322308966;1.012112;-0.000976;0.022448;-105;7;-98;1
322321444;1.01016;0.000976;0.013664;-84;-14;-11@20000101_000005_192721_power_ina226.csv@322323793;3912;495;1925;0
322332205;1.014064;0.003904;0.010736;-84;-21;-133;1
322344619;1.016016;0.00976;0.003904;-105;-28;-147;1
322361009;1.0111359;0.012688;-0.012688;-105;-42;-133;1
322372413;1.013088;0.012688;-0.018544;-105;0;-126;1
322383742;1.014064;0.01952;-0.022448;-84;42;-119;1
322394097;1.016016;0.018544;-0.011712;-112;77;-112;1
322407453;1.012112;0.015616;0.000976;-126;147;-84;1
322420874;1.0111359;0.010736;0.
322433165;1.008208;0.005856;0.015616;-182;126;-70;1
322454658;1.012112;0.008784;0.022448;-231;98;-105;1
322467768;1.01016;0.007808;0.027328;-70;28;-91;1
322478672;1.01016;0.003904;0.025376;-112;-14;-98;1
322490446;1.014064;0.0@20000101_000005_192721_laser_agl.csv@322493813;0.021;1
322514382;1.013088;0.010736;-0.000976;-84;-42;-105;1
322525601;1.013088;0.013664;-0.005856;-21;-21;-98;1
322545273;1.014064;0.011712;-0.01464;-91;14;-98;1
322558305;1.012112;0.015616;-0.017568;0;49;-77;1
322569722;1.016992;0.011712;-0.002928;-63;126;-77;1
322582466;1.0111359;0.01464;0.012688;-84;133;-77;1
322604631;1.009184;0.006832;0.040016;-49;63;-63;1
322617058;1.009184;0.0;0.03904;-35;-7;-63;1
322662015;1.014064;0.003904;-0.008784;49;-84;-126;1
322675870;1.014064;0.006832;-0.015616;154;-70;-119;1
322688556;1.0150399;0.010736;-0.023424;140;-63;-119;1
322700099;1.013088;0.017568;-0.022448;-7;-21;-133;1
322710910;1.009184;0.013664;-0.005856;-70;77;-105;1
322725886;1.01016;0.00976;0.003904;35;112;-77;1
322744660;1.0111359;0.008784;0.022448;-70;84;-119;1
322762753;1.014064;0.012688;0.017568;-21;28;-84;1
322775849;1.013088;0.006832;0.01464;-28;-7;-84;1
322787071;1.0111359;0.00488;0.00976;-105;-28;-77;1
322800831;1.0111359;-0.000976;0.00976;-105;-21;-91;1
322822987;1.016992;0.006832;-0.008784;-77;-28;-140;1
322843098;1.012112;0.005856;-0.018544;-70;14;-119;1
322869999;1.016992;0.011712;-0.020496;-63;84;-140;1
322881221;1.013088;0.013664;-0.012688;-49;126;-133;1
322892063;1.0111359;0.017568;-0.001952;-42;147;-133;1
322904963;1.0111359;0.015616;0.022448;-140;126;-112;1
322924623;1.012112;0.016592;0.030256;-154;63;-91;1
322936658;1.009184;0.012688;0.032208;-161;21;-91;1
322947143;1.012112;0.012688;0.022448;-140;-14;-84;1
322961623;1.012112;0.008784;0.013664;-154;-49;-70;1
322972253;1.016016;0.006832;-0.001952;-182;-63;-84;1
322987656;1.014064;0.006832;-0.026352;-126;-28;-105;1
322998637;1.016016;0.01464;-0.027328;-77;35;-105;1
323014732;1.014064;0.015616;-0.0244;-119;105;-105;1
323034561;1.014064;0.020496;-0.000976;-119;175;-77;1
323046890;1.008208;0.00976;0.025376;-154;140;-77;1
323058652;1.01016;0.010736;0.037088;-49;112;-70;1
323097586;1.012112;0.000976;0.025376;-154;-98;-63;1
323146453;1.016016;0.013664;-0.042944;35;-28;-126;1
323158858;1.016016;0.013664;-0.023424;0;119;-105;1
323172585;1.0150399;0.01464;-0.010736;0;161;-105;1
323184580;1.012112;0.01464;0.006832;28;168;-98;1
323199145;1.009184;0.013664;0.032208;7;133;-105;1
323210271;1.009184;0.011712;0.041968;7;91;-91;1
323221287;1.01016;0.0102@20000101_000005_192721_accel_adxl375.csv@323222904;1.813;0.098;0.196;1
323232229;1.008208;0.00976;0.035136;-105;-49;-84;1
323245946;1.0111359;0.007808;0.026352;-42;-112;-84;1
323257003;1.0150399;0.003904;0.005856;-42;-147;-84;1
323270440;1.012112;0.000976;-0.030256;-56;-105;-105;1
323281176;1.014064;0.001952;-0.035136;-42;-49;-98;1
323298029;1.0150399;0.000976;-0.040016;-98;0;-112;1
323309135;1.013088;0.008784;-0.02928;-77;147;-147;1
323319929;1.0150399;0.015616;-0.012688;-84;189;-140;1
323331070;1.008208;0.01952;0.001952;-35;224;-119;1
323342039;1.0111359;0.018544;0.020496;-77;210;-105;1
323353271;1.0111359;0.021472;0.033184;-175;154;-98;1
323370485;1.01016;0.01952;0.040992;-105;63;-77;1
323381204;1.016992;0.013664;0.037088;-175;0;-63;1
323406939;1.009184;0.005856;0.00976;-238;-70;-70;1
323418747;1.012112;0.000976;-0.00976;-245;-105;-70;1
323434507;1.014064;0.000976;-0.040016;-140;-21;-98;1
323446261;1.016992;0.001952;-0.042944;-203;56;-126;1
323472371;1.012112;0.008784;-0.00488;-77;217;-112;1
323485048;1.012112;0.013664;0.0pv@323490714;-325;0;4284
323517336;1.0111359;0.018544;0.044896;-175;147;-91;1
323531894;1.006256;0.016592;0.045872;-126;98;-63;1
323544468;1.0111359;0.007808;0.027328;-182;-49;-63;1
323558868;1.0111359;0.005856;0.008784;-140;-98;-56;1
323570708;1.016992;0.0;-0.006832;-133;-77;-63;1
323585237;1.014064;-0.002928;-0.023424;-119;-14;-84;1
323596202;1.0111359;-0.00488;-0.020496;-42;49;-91;1
323609031;1.013088;-0.002928;-0.015616;-49;91;-119;1
323624491;1.013088;0.012688;0.00488;0;140;-147;1
323640548;1.012112;0.020496;0.016592;-63;147;-147;1
323652055;1.0111359;0.018544;0.0244;-91;133;-133;1
323664416;1.009184;0.017568;0.033184;-77;28;-84;1
323677873;1.014064;0.012688;0.030256;-70;-14;-70;1
323690763;1.0111359;0.@20000101_000005_192721_accel_adxl375.csv@323702957;1.7639999;0.196;0.244999984;1
323704595;1.01016;0.006832;0.017568;-154;-63;-84;1
323764068;1.01016;0.005856;-0.015616;84;21;-154;1
323776820;1.016016;0.01464;-0.002928;28;63;-182;1
323793272;1.012112;0.022448;0.007808;70;77;-168;1
323813614;1.013088;0.027328;0.023424;28;42;-112;1
323833063;1.01016;0.018544;0.028304;-14;-28;-70;1
323849335;1.01016;0.007808;0.005856;-14;-98;-56;1
323860880;1.0150399;0.001952;-0.003904;14;-91;-63;1
323872240;1.014064;0.003904;-0.012688;77;-56;-77;1
323883623;1.012112;0.005856;-0.020496;77;-35;-91;1
323896576;1.016016;0.00488;-0.022448;-35;-21;-119;1
323913009;1.012112;0.013664;-0.021472;-7;42;-105;1
323933084;1.013088;0.010736;-0.002928;-49;126;-105;1
323947895;1.014064;0.016592;0.013664;-112;147;-119;1
323978441;1.012112;0.020496;0.025376;-63;70;-84;1
324001326;1.013088;0.00976;0.008784;-140;-14;-49;1
324018362;1.009184;0.00976;-0.001952;-140;-35;-56;1
324042652;1.014064;0.003904;-0.031232;-154;28;-77;1
324066007;1.013088;0.00488;-0.010736;-77;154;-98;1
324077204;1.014064;0.002928;0.00488;-112;168;-112;1
324103047;1.0150399;0.007808;0.021472;-84;98;-112;1
324120369;1.0111359;0.-101_000005_192721_accel_adxl375.csv@324122361;1.7639999;0.147;0.244999984;1
324136810;1.01016;0.01952;0.017568;-98;49;-112;1
324147047;1.013088;0.016592;0.012688;-126;0;-98;1
324170394;1.016016;0.013664;-0.006832;-196;-7;-77;1
324181872;1.014064;0.002928;-0.012688;-161;49;-77;1
324193045;1.013088;0.002928;-0.002928;-112;77;-77;1
324206813;1.016016;-0.002928;0.003904;-147;77;-98;1
324218268;1.012112;-0.002928;0.011712;-154;77;-119;1
324231990;1.012112;0.0;0.012688;-98;70;-126;1
324243126;1.012112;0.001952;0.020496;-77;35;-168;1
324258258;1.012112;0.013664;0.018544;-7;21;-175;1
324269723;1.0150399;0.01952;0.011712;-7;-7;-168;1
324280981;1.0150399;0.027328;0.006832;-28;-7;-154;1
324294327;1.014064;0.027328;-0.000976;-28;7;-98;1
324306987;1.012112;0.022448;0.000976;-63;14;-91;1
324318091;1.01016;0.018544;-0.000976;-70;14;-77;1
324330966;1.013088;0.017568;-0.001952;-84;7;-63;1
324343843;1.013088;0.003904;-0.003904;-63;56;-49;1
324357216;1.01016;0.0;0.005856;-84;70;-63;1
324394026;1.0111359;0.0;0.01464;21;14;-112;1
324409247;1.0111359;0.008784;0.005856;14;-28;-126;1
324420609;1.012112;0.016592;0.003904;-35;-28;-133;1
324431059;1.013088;0.01952;-0.001952;-28;-14;-126;1
324442954;1.0111359;0.01952;-0.00488;14;7;-105;1
324458324;1.0150399;0.022448;-0.007808;-63;21;-63;1
324469541;1.016016;0.01952;-0.017568;-84;49;-42;1
324480601;1.012112;0.016592;-0.013664;-133;70;-35;1
324503033;1.0150399;0.00976;-0.001952;-189;112;-35;1
324519059;1.0150399;-0.002928;0.013664;-147;98;-35;1
324535108;1.014064;-0.007808;0.01952;-147;84;-56;1
324547757;1.01016;-0.003904;0.020496;-133;35;-105;1
324559060;1.0111359;0.0;0.016592;-112;14;-126;1
324570227;1.012112;0.003904;0.008784;-70;-21;-133;1
324581196;1.0111359;0.013664;0.00488;-77;-35;-140;1
324596418;1.014064;0.015616;-0.002928;-98;-28;-133;1
324615110;1.0150399;0.018544;-0.015616;-119;35;-105;1
324627592;1.0150399;0.01952;-0.020496;-105;63;-91;1
324644577;1.0150399;0.01464;-0.00976;-126;119;-56;1
324668137;1.012112;0.002928;0.018544;-196;147;-56;1
324679915;1.009184;-0.008784;0.037088;-140;91;-77;1
324714696;1.01016;0.003904;0.013664;-56;-49;-140;1
324726734;1.013088;0.003904;0.003904;-56;-63;-154;1
324744981;1.013088;0.01464;-0.01464;-35;-21;-161;1
324758382;1.014064;0.021472;-0.01952;-21;-7;-154;1
324770002;1.012112;0.023424;-0.018544;-35;63;-119;1
324782062;1.016992;0.023424;-0.00976;-84;105;-98;1
324814733;1.012112;0.010736;0.030256;-105;98;-63;1
324827316;1.012112;0.007808;0.031232;-133;56;-63;1
324863991;1.0111359;-0.000976;0.007808;-112;-49;-112;1
324876200;1.013088;0.00488;-0.003904;-56;-49;-112;1
324896368;1.016016;0.012688;-0.01952;-28;-21;-126;1
324913031;1.013088;0.020496;-0.01464;-63;63;-112;1
324937376;1.012112;0.018544;0.002928;-49;98;-70;1
324948836;1.014064;0.020496;0.005856;-77;105;-56;1
324960573;1.0150399;0.017568;0.011712;-119;98;-56;1
324972499;1.012112;0.008784;0.018544;-112;63;-28;1
324983733;1.0111359;0.005856;0.015616;-140;35;-49;1
324997721;1.013088;0.001952;0.017568;-147;7;-63;1
325014645;1.01016;-0.003904;0.003904;-98;-28;-70;1
325028156;1.0111359;-0.001952;0.000976;-98;-28;-91;1
325045754;1.016016;0.005856;-0.010736;-77;7;-133;1
325070809;1.016016;0.015616;-0.00976;-63;42;-126;1
325082425;1.0150399;0.021472;-0.008784;-112;63;-112;1
325096270;1.012112;0.018544;0.003904;-77;98;-70;1
325107374;1.014064;0.013664;0.008784;-126;91;-70;1
325126054;1.012112;0.008784;0.01464;-140;63;-56;1
325144389;1.014064;0.00488;0.012688;-161;42;-56;1
325155129;1.009184;-0.@20000101_000005_192721_baro_bmp280.csv@325159207;-31.16298;38.02;101699.868;4.674183
325166830;1.014064;-0.007808;0.00976;-140;0;-91;1
325178118;1.009184;-0.005856;0.005856;-91;-7;-112;1
325194616;1.0111359;-0.005856;-0.000976;-42;-21;-140;1
325205331;1.0179679;-0.000976;-0.005856;-14;0;-154;1
325217377;1.013088;0.011712;-0.003904;-35;35;-175;1
325228813;1.014064;0.021472;-0.002928;14;56;-161;1
325241861;1.014064;0.022448;0.0;-14;70;-147;1
325254598;1.013088;0.025376;0.00488;-49;70;-133;1
325291460;1.01016;0.015616;0.00976;-84;56;-56;1
325302166;1.01016;0.00976;0.010736;-98;49;-49;1
325315607;1.0150399;0.001952;0.015616;-119;28;-63;1
325333665;1.01016;-0.000976;0.007808;-112;-7;-77;1
325344082;1.013088;-0.002928;0.001952;-84;-7;-91;1
325367985;1.016016;-0.000976;0.0;-91;7;-133;1
325379786;1.014064;0.018544;0.0;-35;21;-140;1
325405099;1.014064;0.023424;-0.002928;-84;35;-119;1
325418449;1.014064;0.01952;0.000976;-91;56;-91;1
325433831;1.009184;0.023424;0.000976;-119;63;-63;1
325448175;1.013088;0.017568;0.003904;-140;63;-35;1
325459148;1.0111359;0.012688;0.011712;-168;63;-28;1
325470420;1.009184;-0.001952;0.017568;-161;14;-28;1
325480907;1.013088;-0.008784;0.016592;-161;7;-49;1
325496778;1.0111359;-0.008784;0.011712;-126;-7;-70;1
325509097;1.01016;-0.007808;0.005856;-84;-21;-91;1
325520512;1.016992;0.001952;-0.005856;-35;14;-133;1
325532017;1.013088;0.002928;-0.008784;-14;14;-140;1
325543176;1.0179679;0.00976;-0.00976;7;21;-147;1
325554324;1.013088;0.011712;-0.002928;14;35;-154;1
325568268;1.012112;0.015616;0.005856;14;28;-147;1
325579181;1.0111359;0.016592;0.010736;7;28;-140;1
325590900;1.0111359;0.6@20000101_000005_192721_accel_adxl375.csv@325592695;1.7639999;0.147;0.196;1
325603066;1.01016;0.018544;0.010736;-42;28;-63;1
325619990;1.012112;0.012688;0.002928;-42;35;-42;1
325634752;1.012112;-0.002928;-0.000976;-105;-7;-70;1
325648062;1.013088;-0.00488;-0.001952;-63;7;-84;1
325659017;1.0111359;-0.005856;-0.00488;-63;21;-105;1
325670216;1.016992;-0.005856;0.003904;-63;28;-119;1
325680914;1.0150399;-0.002928;0.006832;-63;42;-140;1
325716398;1.009184;0.017568;-0.000976;-14;14;-182;1
325727276;1.016016;0.0244;-0.003904;-42;21;-175;1
325741971;1.013088;0.025376;-0.00488;-77;35;-154;1
325765228;1.0150399;0.015616;0.006832;-140;28;-63;1
325776194;1.013088;0.010736;0.002928;-112;35;-49;1
325812991;1.012112;0.006832;-0.002928;-133;56;-77;1
325825032;1.016016;0.005856;0.00488;-112;70;-70;1
325845564;1.012112;-0.000976;0.008784;-126;56;-84;1
325856701;1.014064;0.0@20000101_000005_192721_accel_adxl375.csv@325859725;1.813;0.147;0.244999984;1
325869709;1.012112;0.008784;0.00488;-105;28;-112;1
325879931;1.01016;0.010736;-0.001952;-105;42;-112;1
325895362;1.016992;0.021472;0.0;-133;49;-112;1
325906644;1.012112;0.018544;0.000976;-133;56;-70;1
325932307;1.0179679;0.012688;-0.001952;-147;56;-42;1
325946908;1.008208;0.001952;-0.001952;-154;77;-49;1
325958199;1.0111359;0.976;-112;91;-42;1
325970096;1.013088;0.001952;0.01464;-133;91;-70;1
325981159;1.013088;-0.002928;0.01952;-168;49;-91;1
325997543;1.013088;0.005856;0.003904;-63;21;-77;1
326008691;1.014064;0.00488;-0.000976;-91;21;-91;1
326033158;1.01016;0.005856;0.002928;-119;35;-119;1
326048814;1.016016;0.016592;0.0;-63;28;-105;1
326060199;1.01016;0.016592;-0.000976;-126;42;-105;1
326071706;1.0111359;0.01464;0.003904;-126;56;-84;1
326082205;1.012112;0.001952;0.015616;-84;49;-63;1
326098625;1.0111359;-0.003904;0.012688;-84;21;-98;1
326142937;1.014064;0.006832;0.002928;-14;-28;-133;1
326161519;1.012112;0.006832;-0.00976;-7;-28;-140;1
326174210;1.012112;0.012688;-0.007808;49;7;-126;1
326186838;1.013088;0.008784;-0.003904;21;28;-133;1
326200701;1.01016;0.015616;0.002928;-7;35;-154;1
326211662;1.014064;0.018544;0.0;14;21;-133;1
326223403;1.012112;0.0@20000101_000005_192721_accel_adxl375.csv@326230842;1.7639999;0.147;0.244999984;1
326234137;1.01016;0.01464;0.000976;-7;35;-98;1
326250007;1.012112;0.011712;0.003904;-70;35;-91;1
326261482;1.0111359;0.00976;0.002928;-77;28;-91;1
326273254;1.013088;0.011712;0.002928;-98;7;-98;1
326284908;1.01016;0.01
326297769;1.012112;0.012688;-0.007808;-70;28;-91;1
326308775;1.014064;0.011712;-0.007808;-112;56;-91;1
326320188;1.012112;0.007808;-0.005856;-147;70;-84;1
326333288;1.013088;0.006832;0.0;-98;77;-91;1
326344382;1.012112;0.008784;-0.002928;-77;84;-91;1
326355129;1.013088;0.05.sv32357260;-31.046718;38.02;101698.44;4.7904432
326369086;1.013088;0.013664;0.001952;-147;91;-112;1
326380684;1.012112;0.01464;0.00488;-126;105;-84;1
326393461;1.014064;0.011712;0.003904;-161;77;-77;1
326404402;1.013088;0.008784;0.000976;-161;77;-77;1
326418357;1.01016;0.010736;-0.000976;-112;77;-77;1
326435046;1.0111359;0.008784;0.002928;-168;84;-84;1
326448802;1.012112;0.00976;0.001952;-168;105;-91;1
326461579;1.012112;0.010736;0.001952;-175;91;-91;1
326474570;1.0150399;0.008784;0.000976;-161;98;-84;1
326506290;1.012112;0.00488;0.000976;-203;98;-84;1
326523432;1.013088;0.0@20000101_000005_192721_laser_agl.csv@326526927;0.022;1
326534328;1.016016;0.008784;0.01464;-182;63;-112;1
326546190;1.009184;0.005856;0.00976;-175;63;-105;1
326558633;1.013088;0.00488;0.012688;-175;56;-105;1
326570836;1.014064;0.005856;0.00976;-175;42;-119;1
326582694;1.0150399;0.001952;0.005856;-147;21;-119;1
326595358;1.01016;0.003904;0.00488;-84;21;-133;1
326606807;1.013088;0.005856;0.006832;-98;28;-140;1
326619910;20000101_000005_192721_airspeed_sdp810.csv@326623539;-443;0;4285
326634640;1.013088;0.007808;0.013664;-35;42;-140;1
326650236;1.012112;0.010736;0.011712;0;-7;-140;1
326661714;1.0111359;0.012688;0.005856;35;-7;-147;1
326674936;1.014064;0.010736;0.005856;28;-7;-147;1
326687617;1.0111359;0.00976;0.005856;56;14;-133;1
326699174;1.0111359;0.011712;0.006832;35;-7;-126;1
326715892;1.012112;0.008784;0.006832;49;-28;-119;1
326735179;1.016016;0.006832;0.000976;63;-21;-126;1
326748222;1.012112;0.012688;0.003904;63;0;-147;1
326772187;1.012112;0.016592;-0.000976;49;-21;-126;1
326784555;1.012112;0.01952;0.001952;77;-7;-112;1
326798045;1.012112;0.01952;-0.000976;7;0;-105;1
326814335;1.0111359;0.017568;0.0;-42;0;-91;1
326835974;1.012112;0.011712;-0.00976;-70;0;-77;1
326849327;1.014064;0.011712;-0.00488;-119;42;-63;1
326861891;1.016016;0.011712;-0.003904;-133;56;-63;1
326876620;1.01016;0.010736;-0.001952;-119;63;-56;1
326893045;1.0150399;0.007808;-0.000976;-147;49;-63;1
326915140;1.0111359;0.007808;0.003904;-140;70;-70;1
326949130;1.016016;0.010736;0.007808;-140;49;-77;1
326960917;1.013088;0.007808;-0.001952;-147;42;-77;1
326974719;1.0111359;0.00976;-0.003904;-154;56;-77;1
326991551;1.009184;0.007808;0.000976;-161;84;-77;1
327002578;1.016992;0.006832;0.003904;-154;77;-77;1
327013170;1.01016;0.006832;0.00488;-175;70;-70;1
327024199;1.013088;0.05-154;70;-77;1
327036587;1.013088;0.006832;0.00488;-140;70;-84;1
327047989;1.013088;0.003904;0.008784;-161;77;-84;1
327062227;1.01016;0.002928;0.01464;-147;63;-105;1
327083387;1.013088;0.003904;0.00976;-126;21;-126;1
327095142;1.01016;0.007808;0.00976;-119;21;-133;1
327108360;1.01016;0.007808;0.00976;-119;14;-140;1
327124625;1.0111359;0.00976;0.006832;-63;7;-133;1
327138362;1.014064;0.015616;0.001952;-70;0;-133;1
327154674;1.012112;0.016592;-0.002928;-77;21;-98;1
327172203;1.013088;0.015616;0.003904;-14;28;-84;1
327186693;1.0111359;0.003904;0.00976;-77;14;-98;1
327202481;1.007232;0.001952;0.008784;70;14;-91;1
327215291;1.0111359;0.002928;0.00976;-35;0;-119;1
327238257;1.01016;0.012688;0.012688;154;-14;-126;1
327248909;1.016016;0.01952;0.011712;105;-42;-126;1
327265213;1.0111359;0.027328;-0.002928;42;-56;-105;1
327276191;1.013088;0.032208;-0.011712;49;-35;-70;1
327303216;1.0111359;0.018544;-0.011712;-105;-35;-35;1
327315618;1.016992;0.013664;-0.016592;-182;0;-14;1
327328846;1.012112;0.006832;-0.015616;-210;35;-7;1
327345402;1.013088;0.00488;-0.012688;-210;98;-7;1
327363119;1.012112;-0.001952;0.007808;-168;98;-21;1
327403674;1.0150399;-0.003904;0.016592;-84;0;-77;1
327426640;1.016016;0.0;0.0;-21;7;-105;1
327443256;1.0150399;0.011712;-0.007808;-98;-7;-119;1
327473054;1.016016;0.00488;-0.015616;-154;77;-105;1
327485279;1.0111359;0.007808;-0.00976;-49;112;-98;1
327497890;1.014064;0.005856;-0.005856;-28;119;-91;1
327514225;1.0111359;0.005856;0.003904;-133;154;-112;1
327535634;1.0111359;0.0;0.0244;-105;112;-119;1
327546080;1.0111359;0.001952;0.022448;-133;77;-140;1
327558494;1.012112;0.006832;0.018544;-77;42;-140;1
327569216;1.01016;0.005856;0.00976;-133;0;-133;1
327585481;1.012112;0.0;0.003904;-161;-7;-147;1
327601807;1.012112;0.005856;-0.00488;-98;7;-168;1
327613384;1.014064;0.012688;-0.011712;-105;7;-182;1
327624292;1.014064;0.0@20000101_000005_192721_imu_bno055.csv@327632133;342.375;7537;-17325;0.959553;0.028552056;-0.25390936
327637736;1.0150399;0.017568;-0.010736;-77;77;-140;1
327654496;1.01016;0.010736;0.001952;-119;105;-126;1
327666801;1.01016;0.00976;0.01464;-14;112;-126;1
327677703;1.014064;0.01464;0.022448;-63;77;-140;1
327690030;1.0111359;0.@20000101_000005_192721_accel_adxl375.csv@327712966;1.7639999;0.098;0.147;1
327714562;1.009184;0.011712;0.016592;-98;-35;-91;1
327728070;1.013088;0.01464;0.007808;-63;-42;-98;1
327748284;1.016016;0.021472;-0.011712;-35;-35;-91;1
327772293;1.01016;0.011712;-0.005856;-84;28;-42;1
327782957;1.0111359;0.012688;0.0;-28;42;-28;1
327797812;1.01016;0.011712;0.002928;-35;56;-21;1
327816322;1.013088;0.008784;0.006832;-35;49;-35;1
327828866;1.0111359;0.00488;0.002928;-70;28;-28;1
327863587;1.0111359;0.003904;-0.002928;-119;56;-49;1
327875147;1.012112;0.003904;0.00488;-147;56;-49;1
327901053;1.012112;0.000976;0.0;-119;42;-70;1
327914109;1.012112;0.00488;0.000976;-56;35;-84;1
327927010;1.013088;0.006832;0.000976;-84;49;-98;1
327940578;1.0111359;0.002928;-0.001952;-112;42;-84;1
327950924;1.013088;-0.002928;0.000976;-63;49;-70;1
327964528;1.014064;-0.003904;0.0;-21;49;-126;1
327977167;1.012112;0.000976;0.0;-133;56;-161;1
327988148;1.013088;0.005856;0.001952;-42;84;-154;1
328004055;1.013088;0.00976;0.001952;-42;70;-133;1
328023050;1.012112;0.002928;-0.000976;-105;63;-154;1
328034646;1.012112;0.001952;0.000976;-84;70;-147;1
328045166;1.01016;0.005856;0.000976;-70;77;-161;1
328061019;1.012112;0.012688;0.002928;-126;91;-161;1
328072127;1.012112;0.013664;0.008784;-203;84;-168;1
328083093;1.009184;0.011712;0.010736;-63;77;-133;1
328095392;1.012112;0.008784;0.011712;-91;63;-133;1
328108243;1.01016;0.00976;0.012688;-126;35;-168;1
328119585;1.007232;0.010736;0.010736;-77;28;-147;1
328137885;1.013088;0.015616;0.001952;-168;14;-161;1
328151204;1.014064;0.015616;-0.002928;-119;21;-133;1
328168853;1.012112;0.017568;-0.00976;-133;63;-98;1
328182197;1.01016;0.017568;-0.008784;-140;56;-84;1
328194158;1.013088;0.007808;-0.002928;-168;84;-91;1
328208407;1.0111359;0.013664;0.01464;-63;98;-91;1
328219194;1.016016;0.013664;0.01952;-126;91;-112;1
328231825;1.01016;0.01464;0.023424;-84;91;-91;1
328244679;1.013088;0.016592;0.023424;-49;28;-63;1
328283260;1.0150399;0.013664;-0.011712;-35;-21;-70;1
328299623;1.013088;0.017568;-0.007808;-21;70;-63;1
328310376;1.013088;0.015616;0.000976;-63;63;-42;1
328324361;1.01016;0.011712;0.002928;-35;63;-35;1
328346515;1.0111359;0.0;0.001952;-56;49;-42;1
328374498;1.014064;0.002928;0.017568;-84;56;-77;1
328415930;1.013088;0.002928;-0.002928;-105;-28;-105;1
328429071;1.0111359;0.006832;-0.010736;-98;-14;-105;1
328463647;1.0150399;0.011712;-0.003904;-98;70;-112;1
328476622;1.0150399;0.011712;-0.002928;-112;91;-105;1
328488467;1.0111359;0.4@20000101_000005_192721_imu_bno055.csv@328493948;342.3125;7537;-17338;0.9605727;0.026512622;-0.247791052
328499862;1.0111359;0.00488;0.005856;-112;91;-105;1
328523066;1.014064;0.000976;0.0244;-119;56;-133;1
328543170;1.013088;0.006832;0.020496;-84;-14;-161;1
328558790;1.0111359;0.00976;0.012688;-70;-56;-154;1
328569208;1.008208;0.008784;0.0;-56;-63;-147;1
328580304;1.0111359;0.011712;-0.007808;-63;-35;-147;1
328591337;1.012112;0.012688;-0.013664;-63;0;-140;1
328602052;1.016016;0.015616;-0.01464;-42;28;-147;1
328614879;1.012112;0.021472;-0.01464;-77;70;-126;1
328633031;1.016016;0.022448;-0.007808;-98;84;-98;1
328649023;1.0111359;0.016592;0.011712;-105;140;-56;1
328674154;1.01016;0.01121_accel_adxl375.csv@328675335;1.813;0.098;0.196;1
328691792;1.013088;0.008784;0.022448;-112;-7;-77;1
328715001;1.012112;0.011712;-0.001952;-133;-35;-77;1
328733669;1.013088;0.012688;-0.007808;-112;14;-63;1
328773371;1.01016;0.013664;-0.006832;-84;63;-63;1
328786129;1.014064;0.00000101_000005_192721_accel_adxl375.csv@328790361;1.7639999;0.098;0.196;1
328800363;1.009184;0.011712;0.015616;-98;105;-28;1
328823028;1.013088;0.000976;0.023424;-91;42;-35;1
328836219;1.0111359;0.000976;0.018544;-84;-7;-49;1
328853934;1.013088;0.0;0.005856;-70;-28;-98;1
328867864;1.013088;-0.001952;-0.003904;-56;-28;-91;1
328879439;1.014064;-0.001952;-0.006832;-84;-14;-105;1
328891844;1.012112;-0.002928;-0.012688;-70;0;-112;1
328906571;1.014064;0.003904;-0.012688;-35;14;-119;1
328923017;1.0150399;0.007808;-0.00488;-56;84;-140;1
328936375;1.009184;0.012688;0.001952;-77;91;-140;1
328946952;1.012112;0.010736;0.011712;-70;98;-119;1
328960214;1.012112;0.00488;0.018544;-112;35;-112;1
328971112;1.008208;0.00488;0.017568;-98;14;-126;1
328982086;1.014064;-0.000976;0.012688;-63;-7;-119;1
328994740;1.01016;0.001952;0.003904;-77;-21;-133;1
329006988;1.012112;0.002928;-0.002928;-70;-21;-147;1
329022987;1.016016;0.002928;-0.006832;-56;7;-154;1
329043099;1.0150399;0.006832;-0.012688;7;35;-168;1
329058355;1.016016;0.01464;-0.00976;-21;49;-168;1
329069113;1.016016;0.01464;-0.00976;-35;70;-168;1
329080221;1.012112;0.01952;0.006832;-14;119;-140;1
329092866;1.014064;0.01952;0.013664;-63;112;-133;1
329107217;1.012112;0.021472;0.0244;-28;91;-126;1
329123025;1.013088;0.020496;0.015616;-105;14;-98;1
329143085;1.0111359;0.013664;0.000976;-175;-7;-63;1
329158942;1.0111359;0.005856;0.0;-154;14;-70;1
329172362;1.013088;0.005856;0.002928;-154;7;-91;1
329185797;1.0111359;0.007808;-0.002928;-133;7;-98;1
329231614;1.01016;0.016592;-0.005856;-77;105;-77;1
329243664;1.01016;0.017568;0.005856;-98;105;-70;1
329255070;1.0111359;0.015616;0.013664;-98;84;-56;1
329270574;1.0111359;0.013664;0.01464;-91;56;-49;1
329282864;1.0111359;0.012688;0.013664;-112;49;-42;1
329295583;1.01016;0.001952;0.01464;-112;35;-42;1
329305932;1.012112;-0.002928;0.010736;-105;28;-49;1
329318035;1.013088;-0.001952;0.006832;-112;7;-63;1
329329222;1.012112;-0.001952;-0.000976;-105;-21;-84;1
329341044;1.014064;0.0;-0.007808;-77;-14;-105;1
329352431;1.0150399;0.00488;-0.008784;-49;7;-112;1
329363541;1.013088;0.006832;-0.015616;-63;42;-119;1
329374696;1.0150399;0.007808;-0.000976;-77;112;-105;1
329390994;1.0111359;0.006832;0.006832;-84;105;-98;1
329416116;1.0111359;0.010736;0.013664;-105;70;-119;1
329429508;1.012112;0.008784;0.018544;-105;63;-112;1
329448234;1.009184;0.000976;0.021472;-147;14;-105;1
329459314;1.007232;-0.005856;0.015616;-119;-14;-119;1
329472390;1.012112;-0.005856;0.005856;-77;-35;-140;1
329483223;1.012112;0.001952;0.001952;-77;-42;-161;1
329496663;1.008208;0.011712;-0.012688;-77;-7;-175;1
329507453;1.013088;0.013664;-0.015616;-42;28;-161;1
329537023;1.01016;0.012688;-0.001952;-28;105;-147;1
329550296;1.0111359;0.01952;0.005856;-70;105;-147;1
329561286;1.012112;0.01952;0.010736;-84;105;-133;1
329572141;1.012112;0.020496;0.013664;-70;91;-112;1
329583221;1.0150399;0.021472;0.017568;-98;77;-98;1
329596707;1.013088;0.020496;0.018544;-119;77;-91;1
329613008;1.0111359;0.01464;0.018544;-168;21;-77;1
329633057;1.0111359;0.003904;0.00488;-98;-14;-70;1
329682460;1.012112;0.013664;-0.003904;-105;63;-84;1
329700010;1.012112;0.017568;0.000976;-91;77;-63;1
329723282;1.009184;0.016592;0.011712;-84;84;-56;1
329737460;1.012112;0.018544;0.013664;-133;77;-49;1
329748344;1.013088;0.01464;0.018544;-147;63;-35;1
329762957;1.013088;0.005856;0.012688;-133;7;-28;1
329774209;1.0150399;0.0;0.008784;-147;-14;-42;1
329785325;1.0150399;-0.002928;0.001952;-112;-7;-56;1
329795877;1.01016;-0.002928;0.001952;-84;-7;-63;1
329809876;1.0150399;-0.002928;-0.003904;-84;0;-77;1
329824389;1.013088;0.0;-0.003904;-63;28;-112;1
329835619;1.014064;0.002928;-0.002928;-35;42;-112;1
329849570;1.012112;0.006832;-0.001952;14;63;-119;1
329860536;1.013088;0.012688;0.001952;7;70;-126;1
329871520;1.01016;0.013664;0.003904;-63;70;-119;1
329884408;1.008208;0.012688;0.011712;-56;63;-112;1
329895887;1.014064;0.00976;0.012688;-77;42;-105;1
329908623;1.0111359;0.005856;0.016592;-63;28;-112;1
329924907;1.008208;0.005856;0.010736;-133;-7;-119;1
329938196;1.009184;-0.002928;0.003904;-105;-14;-126;1
329952546;1.0150399;0.002928;-0.008784;-98;7;-140;1
329963711;1.013088;0.0;-0.00976;-112;35;-168;1
329974442;1.014064;0.005856;-0.00976;-63;63;-168;1
329990191;1.012112;0.07@20000101_000005_192721_accel_adxl375.csv@330003529;1.7639999;0.098;0.147;1
330007195;1.014064;0.01464;-0.002928;-84;91;-168;1
330033015;1.014064;0.021472;0.00976;-133;112;-154;1
330046676;1.012112;0.022448;0.022448;-175;84;-119;1
330058274;1.012112;0.025376;0.023424;-189;56;-98;1
330069144;1.012112;0.01952;0.016592;-210;21;-77;1
330080681;1.012112;0.013664;0.008784;-196;7;-70;1
330117115;1.012112;0.005856;-0.001952;-175;35;-84;1
330129612;1.014064;0.001952;-0.002928;-154;42;-84;1
330153199;1.012112;0.006832;-0.000976;-105;77;-105;1
330175237;1.014064;0.017568;0.008784;-49;98;-98;1
330196425;1.0111359;0.021472;0.010736;-119;56;-42;1
330207592;1.013088;0.018544;0.013664;-133;56;-35;1
330219103;1.01016;0.01952;0.01464;-154;56;-28;1
330230788;1.009184;0.00976;0.015616;-161;42;-21;1
330242342;1.012112;0.005856;0.013664;-154;28;-7;1
330253068;1.01016;0.002928;0.01464;-161;0;-14;1
330267627;1.0111359;-0.008784;0.008784;-84;-14;-42;1
330278926;1.012112;-0.00488;0.006832;-35;-7;-70;1
330291439;1.008208;-0.00488;0.002928;-7;-14;-91;1
330314605;1.014064;0.003904;-0.003904;14;0;-112;1
330343426;1.01016;0.008784;0.001952;7;63;-133;1
330367089;1.012112;0.015616;0.011712;14;49;-119;1
330382531;1.0111359;0.00976;0.00976;-63;21;-105;1
330403032;1.0111359;0.002928;0.008784;-56;21;-98;1
330439939;1.0111359;0.005856;-0.007808;-70;-7;-126;1
330451268;1.014064;0.0;-0.00976;-49;0;-133;1
330462114;1.012112;0.00488;-0.00976;-21;35;-133;1
330472975;1.012112;0.002928;-0.00488;-28;63;-147;1
330491279;1.009184;0.016592;0.005856;-56;63;-175;1
330513007;1.014064;0.022448;0.007808;-49;70;-133;1
330533057;1.01016;0.023424;0.007808;-217;56;-112;1
330579806;1.014064;0.008784;0.0;-315;28;-70;1
330602927;1.013088;0.006832;-0.002928;-189;77;-56;1
330626150;1.0150399;0.003904;-0.001952;-168;77;-70;1
330638180;1.012112;0.012688;-0.000976;-182;98;-84;1
330656610;1.013088;0.01464;0.010736;-126;105;-63;1
330667177;1.013088;0.022448;0.01464;-112;119;-56;1
330678182;1.012112;0.018544;0.016592;-112;98;-35;1
330691643;1.016992;0.015616;0.018544;-119;70;-14;1
330705647;1.014064;0.011712;0.016592;-203;35;-7;1
330723032;1.012112;0.00488;0.017568;-161;14;7;1
330743096;1.009184;-0.003904;0.013664;-203;0;-21;1
330758480;1.013088;-0.002928;0.005856;-84;-7;-56;1
330769082;1.016016;-0.001952;0.003904;-91;-7;-63;1
330780636;1.013088;-0.000976;-0.000976;-35;-21;-77;1
330803061;1.013088;0.0;-0.007808;-70;7;-105;1
330817522;1.012112;0.003904;0.00488;14;56;-105;1
330835550;1.013088;0.005856;0.015616;-7;35;-140;1
330846371;1.012112;0.003904;0.016592;28;14;-126;1
330859160;1.01016;0.005856;0.01464;14;-7;-133;1
330870091;1.014064;0.00488;0.015616;-7;-21;-133;1
330883109;1.012112;0.006832;0.015616;14;-28;-140;1
330903074;1.014064;0.005856;0.001952;-21;-63;-140;1
330933060;1.0179679;0.005856;-0.015616;77;-35;-140;1
330944206;1.0111359;0.005856;-0.015616;28;-7;-154;1
330955259;1.013088;0.010736;-0.006832;-35;35;-168;1
330969187;1.014064;0.011712;-0.003904;56;49;-154;1
330980678;1.013088;0.018544;-0.000976;21;70;-147;1
331014534;1.016016;0.021472;0.00976;-91;63;-105;1
331050258;1.0150399;0.01464;0.005856;-77;14;-70;1
331070335;1.013088;0.00488;-0.008784;-196;0;-91;1
331084264;1.0150399;0.005856;-0.013664;-154;21;-84;1
331100509;1.013088;0.013664;-0.012688;-203;105;-105;1
331111123;1.013088;0.015616;-0.007808;-154;119;-98;1
331123207;1.014064;0.01952;0.00292@20000101_000005_192721_baro_bmp280.csv@331125634;-31.120702;38.03;101699.34;4.7164592
331134502;1.014064;0.018544;0.007808;-147;126;-56;1
331148295;1.012112;0.017568;0.005856;-168;119;-42;1
331170838;1.0111359;0.006832;0.022448;-154;112;-7;1
331187899;1.012112;0.005856;0.025376;-168;63;-14;1
331200589;1.0150399;-0.000976;0.015616;-315;21;-42;1
331212393;1.0111359;-0.001952;0.00976;-294;7;-63;1
331234492;1.01016;0.001952;0.001952;-63;7;-56;1
331246745;1.016016;0.003904;-0.008784;-161;14;-70;1
331257602;1.012112;0.0-;1
331269946;1.016016;0.001952;-0.002928;-63;70;-63;1
331281502;1.0111359;0.000976;0.015616;-175;56;-133;1
331294112;1.01016;0.012688;0.015616;-84;42;-126;1
331307629;1.014064;0.01952;0.020496;14;28;-105;1
331318607;1.0111359;0.013664;0.020496;-91;14;-84;1
331337485;1.0150399;0.007808;0.018544;-63;7;-63;1
331348779;1.0111359;0.00488;0.010736;-112;-21;-70;1
331364983;1.012112;-0.000976;0.006832;-7;-98;-91;1
331376092;1.013088;-0.006832;0.0;-7;-77;-98;1
331389431;1.013088;-0.005856;-0.008784;42;-42;-0_accel_adxl375.csv@331391181;1.7639999;0.147;0.147;1
331403042;1.008208;-0.005856;-0.00488;-49;42;-161;1
331417370;1.01016;-0.001952;0.00488;63;21;-175;1
331428927;1.0111359;0.000976;0.007808;231;0;-161;1
331465334;1.012112;0.033184;0.008784;147;35;-119;1
331478483;1.01016;0.030256;0.012688;84;7;-84;1
331490323;1.009184;0.026352;0.01464;63;-49;-63;1
331502546;1.013088;0.018544;0.002928;14;-63;-49;1
331523041;1.012112;0.000976;-0.01464;-91;-35;-42;1
331534204;1.012112;-0.000976;-0.018544;0;21;-56;1
331546728;1.0150399;-0.001952;-0.013664;-112;49;-70;1
331559227;1.012112;-0.002928;-0.01952;-91;63;-98;1
331570197;1.014064;-0.005856;-0.008784;-119;105;-105;1
331582308;1.014064;-0.003904;-0.006832;-112;133;-126;1
331603020;1.01016;0.012688;0.005856;-203;133;-182;1
331623128;1.014064;0.03;105;-119;1
331636218;1.012112;0.01464;0.016592;-315;105;-70;1
331648251;1.01016;0.011712;0.016592;-224;70;-49;1
331660145;1.01016;0.003904;0.006832;-245;28;-56;1
331672224;1.01016;0.002928;-0.00488;-238;0;-77;1
331683340;1.014064;0.001952;-0.008784;-259;21;-84;1
331703022;1.016992;0.0;-0.008784;-112;133;-84;1
331714407;1.013088;-0.003904;0.001952;-203;147;-105;1
331732849;1.012112;-0.000976;0.005856;70;119;-98;1
331746345;1.014064;-0.002928;0.007808;-14;105;-105;1
331764144;1.0111359;0.006832;0.016592;77;168;-147;1
331776427;1.0150399;0.010736;0.040016;-21;161;-168;1
331801029;1.012112;0.027328;0.020496;-84;-98;-105;1
331812381;1.016016;0.015616;0.000976;-77;-105;-70;1
331831242;1.013088;-0.005856;-0.01464;-126;-7;-84;1
331842028;1.014064;0.0;-0.003904;-175;14;-140;1
331853083;1.012112;0.000976;-0.013664;-35;14;-133;1
331866944;1.0179679;0.007808;-0.018544;-28;0;-140;1
331878222;1.016992;0.006832;-0.013664;-168;63;-140;1
331928813;1.009184;0.021472;0.040016;28;7;-189;1
331940567;1.0111359;0.030256;0.023424;-63;-91;-140;1
331953739;1.01016;0.030256;0.010736;-14;-105;-91;1
331976486;1.012112;0.002928;-0.016592;-84;-98;-35;1
331988052;1.012112;-0.000976;-0.01952;21;-63;-42;1
331999214;1.016016;0.0;-0.0244;-21;-35;-77;1
332010113;1.0150399;0.00488;-0.020496;-42;0;-119;1
332024510;1.013088;0.01464;-0.010736;70;70;-77;1
332047113;1.0111359;0.011712;0.007808;0;126;-42;1
332071639;1.012112;0.001952;0.023424;-21;84;-63;1
332082756;1.01016;0.012688;0.022448;0;-14;-98;1
332097333;1.0150399;0.017568;0.00976;-84;-42;-98;1
332115100;1.008208;0.01464;-0.002928;-133;0;-35;1
332126758;1.0150399;0.000976;-0.002928;-196;-14;-35;1
332137758;1.009184;-0.00488;-0.007808;-224;-28;-56;1
332150297;1.013088;-0.00488;-0.021472;-147;-14;-77;1
332161591;1.016992;0.001952;-0.032208;-140;28;-105;1
332173424;1.0150399;0.008784;-0.027328;-224;98;-126;1
332185599;1.0150399;0.011712;0.003904;-203;224;-91;1
332206782;1.0111359;0.001952;0.026352;-224;140;-70;1
332219604;1.01016;-0.002928;0.025376;-210;98;-84;1
332230854;1.014064;-0.001952;0.01952;-175;77;-112;1
332244859;1.013088;0.007808;0.021472;-196;56;-140;1
332256050;1.0150399;0.1_baro_bmp280.csv@332257886;-30.946312;38.03;101697.268;4.89085
332270346;1.013088;0.010736;0.015616;-140;0;-112;1
332283018;1.016992;0.008784;0.005856;-140;-28;-105;1
332318332;1.0111359;0.002928;-0.01952;-42;77;-126;1
332332234;1.009184;0.007808;-0.011712;-35;126;-133;1
332343376;1.0111359;0.010736;0.001952;-14;154;-126;1
332354710;1.0150399;0.007808;0.012688;-7;161;-119;1
332366224;1.0111359;0.005856;0.021472;-84;133;-133;1
332377652;1.006256;0.010736;0.030256;21;56;-140;1
332401811;1.0111359;0.01464;0.030256;-49;0;-147;1
332412393;1.0111359;0.017568;0.022448;-77;-7;-126;1
332445690;1.012112;0.013664;-0.001952;-98;-112;-105;1
332472145;1.016992;0.020496;-0.021472;-70;7;-91;1
332491208;1.014064;0.01464;-0.000976;-98;84;-77;1
332502495;1.012112;0.011712;0.003904;-56;84;-49;1
332523140;1.013088;0.007808;0.015616;-91;49;-77;1
332537517;1.009184;0.003904;0.025376;-28;49;-63;1
332549155;1.0111359;0.011712;0.033184;-70;-14;-91;1
332561794;1.009184;0.005856;0.02928;-14;-77;-70;1
332572616;1.0150399;0.003904;0.013664;63;-119;-63;1
332586958;1.014064;0.0;-0.001952;56;-133;-77;1
332603934;1.014064;0.010736;-0.023424;77;-63;-105;1
332620181;1.014064;0.011712;-0.03904;140;42;-70;1
332631363;1.0179679;0.01464;-0.037088;126;105;-70;1
332642605;1.016016;0.016592;-0.020496;49;175;-63;1
332666977;1.0111359;0.011712;0.023424;7;175;-49;1
332680740;1.009184;0.007808;0.023424;-28;98;-42;1
332693554;1.009184;0.003904;0.020496;-203;70;-49;1
332706232;1.012112;0.001952;0.017568;-217;56;-56;1
332737470;1.013088;-0.006832;-0.007808;-252;-70;-112;1
332753201;1.016016;0.002928;-0.03416;-238;28;-140;1
332768747;1.016016;0.00488;-0.032208;-266;105;-147;1
332780021;1.014064;0.00976;-0.023424;-329;182;-154;1
332796196;1.0111359;0.01464;0.008784;-224;210;-133;1
332807003;1.016016;0.015616;0.020496;-252;161;-126;1
332818392;1.014064;0.011712;0.027328;-287;140;-126;1
332845740;1.012112;0.00488;0.027328;-217;77;-112;1
332856165;1.012112;0.0@20000101_000005_192721_accel_adxl375.csv@332859072;1.7639999;0.147;0.147;1
332869587;1.013088;0.0;0.013664;-259;-14;-133;1
332880696;1.013088;-0.000976;0.001952;-280;-21;-168;1
332895728;1.012112;0.005856;-0.008784;-77;21;-168;1
332906074;1.016992;0.008784;-0.013664;-7;56;-168;1
332918315;1.014064;0.011712;-0.006832;35;91;-154;1
332928992;1.012112;0.012688;0.001952;-35;112;-161;1
332941438;1.01016;0.021472;0.003904;-77;112;-147;1
332952210;1.01016;0.01952;0.003904;-35;105;-126;1
332967908;1.0150399;0.023424;0.026352;-133;119;-98;1
332980196;1.007232;0.018544;0.031232;-154;91;-98;1
332996529;1.0179679;0.008784;0.028304;7;-14;-42;1
333007663;1.012112;-0.000976;0.026352;-91;-42;-56;1
333019622;1.0111359;-0.001952;0.020496;-126;-77;-84;1
333035165;1.009184;-0.001952;0.015616;-98;-84;-91;1
333053073;1.012112;0.013664;0.006832;49;-126;-119;1
333064655;1.0111359;0.01952;-0.00488;147;-133;-112;1
333074957;1.016016;0.022448;-0.010736;210;-112;-91;1
333088697;1.016016;0.025_192721_accel_adxl375.csv@333089780;1.7639999;0.147;0.147;1
333100441;1.0111359;0.011712;-0.01464;-112;28;-49;1
333111045;1.013088;0.012688;-0.003904;-56;56;-28;1
333156736;1.0111359;0.003904;0.020496;14;7;-42;1
333172931;1.0111359;-0.007808;0.017568;49;-56;-49;1
333187634;1.008208;-0.006832;0.011712;42;-84;-63;1
333206068;1.013088;0.001952;-0.002928;119;-91;-126;1
333221318;1.014064;0.0@20000101_000005_192721_baro_icp10111.csv@333229355;-21.523964;37.351684;101583.79;3.1568566
333232299;1.0150399;0.01464;-0.017568;28;-42;-112;1
333243065;1.013088;0.013664;-0.022448;-7;-14;-98;1
333253955;1.013088;0.010736;-0.020496;28;35;-84;1
333268992;1.012112;0.008784;-0.012688;-14;70;-105;1
333279888;1.013088;0.006832;-0.011712;-126;91;-112;1
333302087;1.013088;0.002928;0.003904;-140;112;-105;1
333332944;1.01016;0.005856;0.018544;-196;105;-126;1
333346077;1.0111359;0.002928;0.015616;-161;63;-112;1
333358578;1.013088;0.0;0.00976;-203;14;-133;1
333370171;1.013088;0.000976;0.005856;-203;7;-154;1
333382144;1.013088;0.010736;-0.005856;-154;35;-161;1
333402999;1.016016;0.021472;-0.011712;-189;98;-147;1
333414233;1.012112;0.021472;-0.007808;-203;98;-140;1
333433044;1.014064;0.010736;0.002928;-140;105;-105;1
333444192;1.0111359;0.010736;0.006832;-203;91;-126;1
333463043;1.012112;0.011712;0.01952;-98;140;-112;1
333474760;1.0111359;0.005856;0.025376;-168;98;-105;1
333485633;1.0111359;0.002928;0.023424;-140;56;-98;1
333497991;1.01016;0.00488;0.018544;-112;14;-105;1
333514512;1.0111359;0.005856;0.005856;-56;-14;-119;1
333527974;1.0150399;0.011712;0.003904;-28;-14;-126;1
333544466;1.01016;0.01952;-0.001952;-56;21;-112;1
333555065;1.0111359;0.023424;-0.007808;-49;42;-91;1
333586395;1.0150399;0.021472;-0.003904;-70;49;-63;1
333607023;1.009184;0.00488;0.020496;-49;49;-35;1
333621720;1.0111359;-0.003904;0.022448;-28;28;-28;1
333635150;1.014064;-0.012688;0.018544;0;-28;-77;1
333646169;1.01016;-0.007808;0.013664;7;-42;-112;1
333658016;1@20000101_000005_192721_accel_adxl375.csv@333659902;1.813;0.098;0.196;1
333669068;1.0150399;0.008784;0.005856;77;-77;-168;1
333680501;1.013088;0.012688;-0.006832;56;-77;-161;1
333690976;1.0179679;0.-;1
333704490;1.0111359;0.021472;-0.017568;77;-7;-126;1
333715111;1.014064;0.020496;-0.008784;84;21;-105;1
333729245;1.0150399;0.021472;0.001952;84;21;-84;1
333743689;1.0179679;0.0244;-0.000976;-28;21;-70;1
333767501;1.013088;0.001952;0.010736;-77;49;-7;1
333779650;1.014064;-0.006832;0.017568;-112;21;-42;1
333799267;1.012112;-0.016592;0.001952;-70;-49;-98;1
333810724;1.0111359;-0.008784;-0.00976;-56;-42;-133;1
333833003;1.0150399;0.007808;-0.01952;-49;42;-175;1
333849524;1.016016;0.018544;-0.002928;7;70;-147;1
333872675;1.012112;0.01952;0.000976;-77;49;-133;1
333883141;1.013088;0.022448;-0.005856;-126;49;-112;1
333896366;1.0111359;0.023424;-0.000976;-119;84;-105;1
333907187;1.012112;0.022448;0.003904;-154;98;-91;1
333918482;1.016016;0.013664;0.002928;-154;91;-35;1
333929516;1.012112;0.006832;0.003904;-210;70;-35;1
333946584;1.012112;-0.007808;0.000976;-231;56;-42;1
333957085;1.0111359;-0.010736;0.000976;-154;77;-70;1
333969363;1.0111359;-0.00488;0.005856;-126;49;-140;1
333980023;1.013088;0.002928;0.002928;-70;70;-147;1
334015945;1.0111359;0.01464;0.008784;-119;91;-133;1
334027456;1.009184;0.016592;0.006832;-70;70;-126;1
334041792;1.013088;0.026352;-0.003904;-161;42;-112;1
334053130;1.012112;0.021472;-0.003904;-175;84;-77;1
334063976;1.016992;0.017568;0.00488;-196;105;-35;1
334075132;1.0111359;0.006832;0.01464;-217;105;-35;1
334092101;1.0111359;-0.001952;0.012688;-154;28;-56;1
334105097;1.013088;-0.006832;0.00488;-91;7;-70;1
334123005;1.013088;-0.48;0.001952;-140;56;-119;1
334135662;1.016016;-0.001952;0.008784;-70;77;-133;1
334146023;1.009184;0.00976;0.018544;14;70;-140;1
334158637;1.0150399;0.00976;0.016592;14;28;-140;1
334169201;1.0150399;0.013664;0.013664;-7;-7;-140;1
334183347;1.01016;0.010736;0.001952;-42;0;-98;1
334194020;1.009184;0.011712;0.00488;-35;14;-105;1
334216900;1.01016;0.017568;0.007808;0;21;-105;1
334253511;1.0111359;-0.003904;-0.000976;-49;7;-77;1
334268975;1.01016;-0.001952;0.002928;-63;14;-112;1
334280362;1.014064;0.003904;0.000976;14;21;-147;1
334291425;1.012112;0.011712;0.0;42;14;-147;1
334312994;1.014064;0.016592;0.001952;-56;28;-126;1
334336850;1.014064;0.013664;-0.003904;-56;21;-112;1
334348462;1.013088;0.018544;-0.005856;-77;49;-105;1
334360036;1.0150399;0.020496;-0.005856;-112;77;-98;1
334372391;1.014064;0.01952;-0.00488;-147;112;-84;1
334383136;1.012112;0.013664;0.003904;-175;105;-70;1
334397587;1.012112;0.001952;0.013664;-112;42;-63;1
334410522;1.012112;0.000976;0.00976;-98;21;-63;1
334450040;1.01016;0.006832;-0.000976;-56;49;-140;1
334464494;1.014064;0.017568;-0.00488;-84;49;-140;1
334479277;1.016016;0.021472;-0.011712;-56;70;-84;1
334492030;1.013088;0.013664;-0.006832;-126;98;-63;1
334510480;1.008208;0.00976;0.00488;-133;112;-84;1
334521920;1.0150399;0.012688;0.017568;-91;1;@20000101_000005_192721_airspeed_sdp810.csv@334543337;-52;0;4281
334546598;1.013088;0.011712;0.021472;-182;77;-77;1
334571400;1.0111359;0.0;0.002928;-147;0;-70;1
334582708;1.014064;-0.001952;-0.007808;-140;-7;-98;1
334594591;1.014064;0.003904;-0.00976;-126;35;-119;1
334607814;1.0150399;0.00976;0.000976;-161;77;-133;1
334621384;1.0111359;0.007808;0.002928;-161;84;-119;1
334645885;1.012112;0.010736;0.010736;-126;63;-119;1
334658190;1.0150399;0.8-105;1
334671603;1.008208;0.008784;0.025376;-175;49;-126;1
334683210;1.0111359;0.011712;0.025376;-140;14;-119;1
334708689;1.012112;0.011712;0.008784;-77;-42;-98;1
334718994;1.01016;0.008784;0.001952;-77;-42;-98;1
334729891;1.0150399;0.002928;0.0;-49;-14;-91;1
334743045;1.01016;-0.000976;0.001952;-35;-7;-112;1
334755970;1.012112;0.0@20000101_000005_192721_laser_agl.csv@334761774;0.022;0
334770774;1.014064;0.012688;0.000976;84;14;-126;1
334782414;1.0111359;0.008784;0.005856;42;28;-126;1
334796078;1.0111359;0.005856;0.010736;42;28;-112;1
334810946;1.0111359;0.008784;0.013664;91;-21;-112;1
334822820;1.012112;0.01464;0.001952;91;-28;-133@20000101_000005_192721_baro_icp10111.csv@334824763;-21.597946;37.343672;101584.72;3.0828744
334843488;1.016016;0.018544;-0.006832;35;0;-119;1
334875828;1.012112;0.010736;-0.006832;-35;14;-91;1
334895125;1.016016;0.007808;-0.005856;-28;42;-98;1
334905996;1.014064;0.00976;0.002928;-98;63;-112;1
334917557;1.014064;0.00976;0.003904;-147;70;-119;1
334928145;1.014064;0.015616;0.005856;-161;63;-112;1
334949458;1.016016;0.01464;0.00488;-147;42;-91;1
334960286;1.012112;0.013664;0.001952;-168;42;-91;1
334972218;1.013088;0.00976;-0.001952;-182;42;-84;1
334986640;1.012112;0.007808;-0.005856;-189;49;-84;1
334999804;1.0150399;0.005856;-0.007808;-189;49;-98;1
335014541;1.012112;0.007808;-0.006832;-154;105;-91;1
335026147;1.016016;0.007808;0.000976;-154;119;-84;1
335046447;0.992592;0.001952;0.001952;-168;105;-91;1
335057664;1.03456;0.00@20000101_000005_192721_baro_icp10111.csv@335065422;-21.677216;37.341004;101585.65;3.003605
335072010;1.00528;0.005856;0.017568;-70;112;-105;1
335083409;1.016016;0.010736;0.003904;77;105;-91;1
335098657;1.008208;-0.001952;0.008784;-7;133;-112;1
335113014;1.023824;0.008784;0.011712;-77;84;-119;1
335133039;1.006256;0.0;0.00976;49;49;-126;1
335148083;1.002352;0.015616;0.0;196;7;-154;1
335159199;1.0150399;0.022448;-0.003904;112;28;-154;1
335170502;1.0150399;0.023424;-0.00488;7;63;-140;1
335181846;1.0150399;0.017568;-0.002928;-126;56;-112;1
335196809;1.0043039;0.00976;-0.003904;-84;105;-105;1
335208219;1.012112;0.010736;0.01464;-49;84;-105;1
335243036;1.014064;0.01952;0.012688;-56;56;-84;1
335253952;1.012112;0.011712;0.01464;-77;56;-63;1
335266141;1.01016;0.000976;0.015616;56;56;-49;1
335277903;1.031632;0.008784;0.00488;-35;-28;-105;1
335322533;1.0179679;0.121024;-0.11712;-2107;245;-63;1
335345856;1.550864;-0.020496;0.003904;-721;532;399;1
335357331;1.757776;-0.@20000101_000005_192721_accel_adxl375.csv@335359897;2.842;0.196;0.196;1
335368624;2.468304;-0.020496;0.111264;-1988;105;77;1
335379223;2.9836318;-0.047824;0.06832;-3045;98;-14;1
335394822;3.870816;-0.012688;0.0488;-4809;-357;-364;1
335413018;5.64616;-0.005856;-0.001952;-7161;-882;-497;1
335443063;6.216144;0.105408;-0.140544;-9443;-672;-1092;1
335454537;6.15856;0.13@20000101_000005_192721_imu_lsm6dso32.csv@335465180;5.9614076;0.010736;-0.091744;-9289;392;-112;1
335476239;5.8208636;0.015616;-0.037088;-13062;-21;-476;1
335487678;5.896016;0.086863992;0.137616;-13629;-175;-1722;1
335498736;5.430464;0.24302399;-0.089792;-12145;329;-1113;1
335514446;5.111312;0.144448;0.212767984;-11424;-1323;-518;1
335572713;4.50912;0.376736;-0.0732;-23037;-1323;-1785;1
335593559;4.5335196;0.032208;0.187392;-28203;-329;2464;1
335604128;4.761904;0.047824;0.298656;-29477;-840;1512;1
335616851;4.759952;0.191296;0.204959984;-30527;-1337;217;1
335629161;4.720912;0.26839998;0.216672;-32102;-1568;798;1
335650049;4.65552;0.081984;0.391376;-37219;-2366;854;1
335672754;4.5608476;0.089792;0.484096;-40327;-2513;406;1
335685905;4.583296;0.0.47336;-40117;-3668;-504;1
335700065;4.5227836;0.041968;0.46848;-38724;-3402;-476;1
335722987;4.436896;-0.104432;0.532896;-34174;-3717;-1043;1
335734529;4.3480796;-0.149328;0.549488;-26376;-3997;-1421;1
335745148;4.290496;-0.164944;0.57681596;-22421;-4025;-1771;1
335760671;4.262192;-0.155184;0.573888;-18053;-4221;-2079;1
335772082;4.236816;-0.189343984;0.573888;-13307;-4438;-1995;1
335783316;4.183136;-0.21569599;0.586576;-8211;-4361;-2107;1
335802982;4.116768;-0.198128;0.616832;1197;-4396;-2310;1
335823048;4.062112;-0.272304;0.69979196;11893;-4725;-2240;1
335837755;3.9157118;-0.22740799;0.78470396;22491;-4592;-2009;1
335864976;3.9098558;-0.138592;0.861808;32039;-5278;-1911;1
335876787;3.857152;-0.066368;0.927199936;38024;-5257;-1253;1
335888016;3.866912;-0.007808;0.981856;39858;-5600;-1064;1
335903661;3.8444638;0.051728;1.016992;40586;-5663;-952;1
335923931;3.770288;0.13176;1.0150399;38619;-5894;-175;1
335945103;3.7195358;0.237168;1.076528;32340;-6111;231;1
335958920;3.693184;0.2928;1.149728;22827;-6195;483;1
335970076;3.66976;0.30256;1.211216;17234;-6531;511;1
335981046;3.64536;0.311344;1.262944;11508;-6454;567;1
336003270;3.55264;0.33086398;1.296128;1652;-6839;210;1
336014318;3.553616;0.328912;1.30784;-3808;-7231;147;1
336033560;3.5214078;0.325008;1.438624;-12229;-7028;-273;1
336048510;3.488224;0.221552;1.534272;-18788;-7511;-889;1
336059014;3.466752;0.162992;1.549888;-19922;-7539;-1337;1
336072945;3.446256;0.081008;1.587952;-18620;-7476;-1841;1
336085396;3.449184;0.035136;1.58112;-14973;-7441;-2065;1
336098173;3.526288;-0.0244;1.614304;-10920;-7539;-2352;1
336114448;3.4511358;-0.079055992;1.7158079;-224;-7280;-2709;1
336134768;3.394528;-0.017568;1.758752;11837;-7420;-2933;1
336148830;3.41112;-0.022448;1.8339039;16674;-7322;-2800;1
336172591;3.4101438;0.144448;1.8368319;27062;-7910;-2541;1
336184377;3.380864;0.208864;1.86416;27944;-7896;-2212;1
336199034;3.37696;0.270352;1.867088;27076;-7910;-2086;1
336210653;3.3613438;0.360144;1.863184;20405;-8330;-1813;1
336229069;3.345728;0.366976;1.902224;15155;-8260;-1953;1
336240729;3.3310878;0.367952;1.963712;9891;-8057;-2100;1
336253301;3.33304;0.29768;2.01544;266;-8064;-2345;1
336268659;3.3613438;0.30060798;2.029104;-2079;-7861;-2625;1
336280442;3.292048;0.250832;2.013488;-3528;-7882;-2793;1
336292485;3.242272;0.176656;2.04472;-1638;-7497;-3332;1
336302950;3.267648;0.125904;2.116944;-329;-7553;-3584;1
336314480;3.30864;0.095648;2.097424;2499;-7553;-3682;1
336336367;3.370128;0.057584;2.169648;10892;-7413;-4025;1
336347681;3.384768;0.072224;2.163792;14371;-7308;-4060;1
336363259;3.36232;0.101504;2.251632;21252;-7413;-4053;1
336377614;3.33304;0.189343984;2.216496;24059;-7441;-3920;1
336387998;3.325232;0.24302399;2.236992;25004;-7532;-3500;1
336407632;3.2959518;0.309392;2.245776;22897;-7588;-3465;1
336423009;3.292048;0.301_baro_icp10111.csv@336424419;1.1414623;37.30362;101311.304;25.822282
336434533;3.2364158;0.280112;2.3482558;17703;-7420;-2954;1
336444928;3.2744798;0.334768;2.363872;17857;-7371;-2947;1
336469615;3.253984;0.337696;2.338496;12103;-7343;-2849;1
336481554;3.2637438;0.362095968;2.3863198;9975;-7147;-2933;1
336491877;3.251056;0.42944;2.447808;7014;-7028;-3052;1
336503175;3.2500798;0.368928;2.438048;2933;-6993;-3157;1
336518012;3.249104;0.216672;2.461472;-1022;-6902;-3577;1
336529029;3.241296;0.171776;2.480016;469;-6552;-3808;1
336557063;3.2120158;0.116144;2.57176;8771;-6412;-4151;1
336574652;3.19152;0.072224;2.59128;12523;-6160;-4067;1
336587347;3.224704;0.102479992;2.526864;21630;-6300;-4172;1
336602995;3.189568;0.088816;2.463424;25578;-6104;-4053;1
336615926;3.1924958;0.183488;2.5297918;29071;-6027;-3857;1
336634364;3.131984;0.368928;2.489776;29953;-5817;-3661;1
336647071;3.161264;0.362095968;2.5463838;23681;-6349;-3346;1
336658034;3.200304;0.44896;2.5951838;20818;-5943;-3486;1
336671609;3.1739518;0.56998396;2.5600478;15498;-5901;-3430;1
336682735;3.179808;0.485072;2.667408;8533;-6524;-3332;1
336696912;3.216896;0.363071968;2.788432;2100;-6489;-3591;1
336714453;3.15248;0.171776;3.041216;-1218;-6167;-4543;1
336736529;3.116368;0.060512;3.047072;5600;-6139;-4942;1
336749111;3.114416;-0.005856;3.023648;18851;-6223;-5096;1
336760811;3.104656;0.025376;2.9621598;25284;-6069;-5166;1
336775266;3.0841598;0.057584;2.920192;30723;-5915;-5145;1
336795099;3.044144;0.178608;2.96704;39767;-5481;-4928;1
336813025;3.042192;0.377711968;2.9211678;38927;-5852;-4368;1
336824928;3.1251518;0.471407968;3.01584;35427;-5775;-4193;1
336843588;3.068544;0.559248;3.11832;22694;-5747;-4088;1
336855564;3.04512;0.580@20000101_000005_192721_imu_bno055.csv@336867289;171.9375;2400;11531;3.5853224;0.4578526;2.225021
336868589;3.052928;0.56119996;3.129056;8022;-5516;-4151;1
336895116;3.099776;0.171776;3.18664;203;-5138;-4564;1
336909478;3.18664;0.163968;3.1476;3402;-4872;-4494;1
336934393;3.1329598;0.074176;3.090016;14287;-4641;-4410;1
336947703;3.063664;0.09272;3.060736;16506;-4361;-4452;1
336957964;3.141744;0.051;-4228;1
336970751;3.202256;0.013664;3.1251518;24080;-4284;-3913;1
336982132;3.03048;0.171776;3.1251518;32214;-3801;-3479;1
336996093;3.072448;0.22740799;3.200304;32312;-3906;-3283;1
337007041;3.16224;0.123952;3.1573598;30443;-4018;-2933;1
337018476;3.1007518;0.21179199;3.228608;31388;-3913;-2597;1
337034762;3.057808;0.296704;3.088064;27328;-3990;-2562;1
337049041;3.0734238;0.31524798;3.133936;23828;-4004;-2359;1
337060620;3.0460958;0.306464;3.183712;19698;-3458;-2737;1
337071281;3.06952;0.303536;3.177856;16793;-3178;-2702;1
337081991;3.037312;0.290848;3.1602878;13825;-3304;-2450;1
337096306;3.075376;0.232288;3.0295038;11683;-3332;-2632;1
337107678;3.066592;0.266448;2.9972958;9688;-2646;-2562;1
337118499;3.0246238;0.13176;2.939712;6594;-2282;-2534;1
337129526;3.07928;0.06832;2.90848;6965;-2499;-2625;1
337145998;3.1466238;-0.07808;2.763056;9576;-1890;-2709;1
337157068;3.083184;-0.
337168753;3.066592;-0.031232;2.7855038;15799;-1561;-2898;1
337180213;3.076352;0.021472;2.783552;17192;-1155;-2422;1
337205122;3.085136;-0.052704;2.6957118;17003;-1750;-2275;1
337218141;3.065616;-0.021472;2.749392;17829;-1393;-2534;1
337232146;3.078304;-0.044896;2.760128;18396;-1050;-2296;1
337243347;3.072448;0.032208;2.66936;18893;-1183;-2030;1
337253991;3.099776;0.049776;2.6352;16884;-1582;-2408;1
337269532;3.0460958;0.051728;2.683024;12964;-539;-2268;1
337280214;3.058784;0.038064;2.609824;10913;-623;-2254;1
337292877;3.086112;-0.0244;2.5815198;10164;-1050;-2464;1
337313013;3.076352;-0.056608;2.583472;9632;35;-2128;1
337326008;3.05;-0.153232;2.413648;10157;-231;-2030;1
337337810;3.114416;-0.160064;2.374608;13902;-518;-1729;1
337349978;3.1007518;-0.172752;2.27896;17115;280;-1764;1
337361217;3.0675678;-0.169824;2.315072;20356;1015;-1617;1
337372635;3.01584;-0.086863992;2.291648;23471;1050;-1344;1
337383111;3.041216;-0.059536;2.207712;24598;735;-1281;1
337397447;3.150528;0.022448;2.055456;22610;1428;-1211;1
337410829;3.076352;0.026352;2.004704;20664;1631;-1239;1
337424460;3.0734238;0.05368;1.886608;18109;1757;-1386;1
337445511;3.0704958;-0.049776;1.700192;13244;1939;-1393;1
337456178;3.099776;-0.@20000101_000005_192721_accel_adxl375.csv@337463647;3.724;0.049;1.862;1
337471678;3.076352;-0.077104;1.45424;11760;2289;-1449;1
337482276;3.047072;-0.103456;1.380064;11221;2485;-1386;1
337496368;3.0597598;-0.099552;1.300032;10885;2849;-1379;1
337508493;3.0382878;-0.037088;1.15168;10591;2975;-1232;1
337524617;3.0246238;-0.114191992;1.105808;7742;2996;-1155;1
337538583;3.016816;-0.1464;1.037488;7532;3157;-1064;1
337549074;2.978752;-0.183488;0.973072;8043;3220;-1155;1
337561191;2.993392;-0.208864;0.771039936;11823;3206;-1148;1
337572033;3.0246238;-0.243999984;0.718336;14987;3395;-1120;1
337583081;3.013888;-0.22936;0.61487996;18795;3353;-1309;1
337596838;3.028528;-0.247904;0.544608;22939;3171;-1302;1
337613415;2.9768;-0.325984;0.442128;33838;3416;-1414;1
337626869;2.960208;-0.359168;0.40796798;39753;3353;-1652;1
337643664;2.922144;-0.463599968;0.33183998;52234;3451;-1680;1
337654201;2.916288;-0.49776;0.301584;59997;3339;-1785;1
337665806;2.90848;-0.56608;0.208864;67550;3122;-1981;1
337675946;2.8938398;-0.657824;0.25375998;75733;2975;-2121;1
337688134;2.8860318;-0.65392;0.374784;85645;3206;-2310;1
337733071;3.078304;-0.472383968;0.906704;121646;2471;-2422;1
337747416;2.939712;-0.362095968;0.969168;126084;2555;-2331;1
337758102;2.928976;-0.228383984;1.138016;127519;2219;-2128;1
337770304;2.941664;-0.133712;1.2024319;126896;1967;-2002;1
337781039;2.955328;0.069296;1.252208;123494;1792;-2240;1
337796876;2.480016;0.368928;1.220976;104083;1379;-2506;1
337813010;1.530368;0.437248;1.094096;85505;1806;-2674;1
337824700;1.685552;0.081984;1.253184;75733;2394;-3325;1
337835265;1.21024;0.179584;0.8296;70427;3353;-3472;1
337850099;0.803248;0.042944;1.0287039;65212;4046;-3661;1
337861058;0.467504;0.089792;0.66172796;63098;4620;-3395;1
337872663;0.30256;-0.088816;0.643184;58093;2821;-3164;1
337883521;-0.063439992;-0.344528;0.494831968;59038;4305;-3353;1
337897812;-0.385519968;-0.64611196;0.216672;73024;5075;-3605;1
337909291;-0.476288;-0.812032;0.206912;83916;5873;-3507;1
337920429;-0.642208;-0.915488;0.099552;95648;6251;-3871;1
337931045;-0.708575936;-0.875472;0.205936;108318;6013;-3822;1
337948663;-0.809103936;-0.817887936;0.421632;130725;6489;-3031;1
337959156;-0.85888;-0.7808;0.488976;140266;6706;-2961;1
337971150;-0.86376;-0.7076;0.733952;147798;6237;-2359;1
337982804;-0.886208;-0.607072;0.870592;155169;6566;-1904;1
337996835;-0.921344;-0.084912;1.09312;159502;6496;-2002;1
338013019;-0.933056;0.061488;1.159488;153636;6090;-1729;1
338024866;-0.950624;0.281088;1.1916959;145432;5670;-2065;1
338036029;-0.94184;0.491904;1.016016;115710;3899;-4060;1
338050778;-0.942815936;0.350384;0.931104;100590;3829;-4613;1
338073040;-0.928176;0.225456;0.728096;78988;3668;-5992;1
338085172;-0.920367936;0.110287992;0.694911936;71484;3290;-6111;1
338098582;-0.902799936;-0.025376;0.534848;63588;3402;-6132;1
338109920;-0.890112;-0.182512;0.455791968;62230;3409;-6132;1
338127277;-0.86376;-0.540704;0.38064;63693;3430;-4984;1
338141212;-0.857903936;-0.565104;0.365024;78120;3577;-4774;1
338154267;-0.854;-0.5124;0.338671968;87052;3836;-4844;1
338167737;-0.852048;-0.490928;0.32208;94507;3850;-4207;1
338177939;-0.845216;-0.613904;0.349408;101297;3815;-3052;1
338194921;-0.845216;-0.56803196;0.394303968;114842;3801;-3038;1
338206127;-0.841312;-0.500688;0.467504;120456;3934;-2534;1
338218548;-0.857903936;-0.449936;0.692959936;125559;4585;-1456;1
338243591;-0.837408;-0.249856;0.875472;133336;4543;-1078;1
338259980;-0.84716796;-0.038064;0.981856;129689;5257;-1099;1
338271044;-0.850096;0.083936;0.964288;124866;5047;-1463;1
338282838;-0.850096;0.237168;0.864735936;116403;4662;-1988;1
338303066;-0.825696;0.130784;0.841312;95991;4599;-3213;1
338323062;-0.820816;0.100528;0.743712;82768;4620;-4270;1
338334237;-0.803248;-0.038064;0.650992;77420;4410;-4480;1
338353128;-0.788607936;-0.397232;0.5856;74816;4683;-4592;1
338368972;-0.772016;-0.393327968;0.59243196;80787;4823;-4452;1
338380062;-0.778848;-0.371856;0.533872;86786;4830;-4389;1
338404042;-0.772992;-0.334768;0.628544;100912;4753;-3808;1
338416631;-0.764207936;-0.29963198;0.62952;104440;4473;-3633;1
338433506;-0.742736;-0.25278398;0.5856;107926;4109;-3444;1
338444474;-0.742736;-0.27620798;0.60609596;108920;4102;-3507;1
338454957;-0.744688;-0.20007999;0.574864;110215;4032;-333@20000101_000005_192721_imu_bno055.csv@338462825;116.6875;3068;-10357;-0.64344096;-0.4068668;0.59959316
338467450;-0.730048;-0.144448;0.657824;109977;3710;-3234;1
338478856;-0.734928;-0.071247992;0.714432;108626;3584;-3178;1
338492296;-0.738832;-0.007808;0.675392;105833;3591;-3213;1
338513024;-0.69979196;0.008784;0.52118396;88571;2772;-3598;1
338533087;-0.696864;-0.147376;0.47823998;81564;3108;-3717;1
338547360;-0.691008;-0.20788799;0.485072;81025;2863;-3514;1
338558152;-0.67832;-0.
338569470;-0.67344;-0.360144;0.421632;87129;3122;-3038;1
338580145;-0.679296;-0.362095968;0.428464;91231;3346;-3101;1
338596267;-0.666608;-0.344528;0.39235198;97881;3507;-2268;1
338613014;-0.656848;-0.399184;0.42944;100856;3465;-2114;1
338625385;-0.6588;-0.310368;0.495808;106687;3885;-1890;1
338635936;-0.659776;-0.289872;0.569008;108633;4144;-1547;1
338648512;-0.66367996;-0.277184;0.57584;109851;4200;-1393;1
338658947;-0.65489596;-0.23911999;0.62366396;110670;4158;-1449;1
338670805;-0.651968;-0.1952;0.655872;110698;4228;-1547;1
338681851;-0.648064;-0.145424;0.696864;110187;4550;-1638;1
338697676;-0.65294396;-0.0488;0.718336;106281;4620;-1911;1
338710423;-0.65392;-0.003904;0.71540796;103292;4438;-2163;1
338720979;-0.65294396;0.022448;0.71540796;98938;4333;-2660;1
338734000;-0.64416;0.140544;0.67344;93604;4277;-3052;1
338748177;-0.64416;0.102479992;0.58072;80073;4172;-3619;1
338759358;-0.636352;0.057584;0.53192;74340;3878;-3885;1
338770049;-0.620736;0.040992;0.506544;69902;3682;-4221;1
338784245;-0.613904;-0.015616;0.500688;66297;3864;-4648;1
338798620;-0.615856;-0.108336;0.506544;63084;4018;-4417;1
338825895;-0.60804796;-0.210816;0.452864;64638;3717;-4564;1
338837520;-0.59536;-0.28304;0.422608;71876;4011;-4074;1
338865145;-0.58072;-0.27328;0.412848;79632;3731;-4004;1
338877654;-0.569008;-0.27328;0.378687968;83076;3668;-3787;1
338890627;-0.582672;-0@20000101_000005_192721_imu_bno055.csv@338899206;115.25;2087;-12150;-0.497621536;-0.3507824;0.453773736
338904547;-0.564128;-0.25278398;0.398208;91665;3444;-3367;1
338919389;-0.56119996;-0.27328;0.41577598;95060;3178;-2968;1
338930281;-0.56608;-0.240096;0.455791968;96817;3192;-2828;1
338943894;-0.549488;-0.186416;0.48312;97944;3115;-2660;1
338956359;-0.550464;-0@20000101_000005_192721_baro_icp10111.csv@338963414;54.446696;37.20482;100672.72;79.12752
338969671;-0.55144;-0.15616;0.513376;97755;2912;-2079;1
338980382;-0.540704;-0.121999992;0.49776;96964;2947;-2058;1
338995594;-0.540704;-0.086863992;0.506544;95473;2919;-1995;1
339013010;-0.53679996;-0.096624;0.564128;91651;3080;-2009;1
339025834;-0.53679996;-0.13176;0.555344;90454;3171;-2100;1
339044034;-0.53192;-0.144448;0.572912;89250;3150;-2044;1
339063118;-0.53192;-0.10736;0.609024;88802;3479;-2142;1
339074086;-0.519232;-0.070272;0.62464;88046;3493;-2093;1
339085471;-0.520208;-0.088816;0.597312;86919;3542;-2107;1
339100774;-0.519232;-0.079055992;0.59047996;85939;3521;-2177;1
339113412;-0.51435196;-0.070272;0.56998396;83636;3745;-2534;1
339133072;-0.508496;-0.084912;0.503616;81571;3626;-2695;1
339146730;-0.508496;-0.095648;0.474336;80577;3619;-2926;1
339157186;-0.501664;-0
339168840;-0.508496;0.001952;0.560224;79037;3906;-3122;1
339193094;-0.496784;0.000976;0.508496;69671;3269;-3500;1
339212683;-0.485072;-0.067343992;0.506544;66164;3486;-3829;1
339225327;-0.498736;-0.079055992;0.489952;65639;3577;-3843;1
339236565;-0.494831968;-0.054656;0.47043198;65079;3451;-3773;1
339258629;-0.471407968;-0.076128;0.420656;64099;3381;-3815;1
339269063;-0.47336;-0.133712;0.382592;63910;3500;-3885;1
339280773;-0.47043198;-0.11224;0.373808;64855;3507;-3780;1
339292075;-0.45872;-0.152256;0.31622398;65345;3339;-3780;1
339307266;-0.450912;-0.204959984;0.277184;67095;3178;-3801;1
339318446;-0.449936;-0.201056;0.25278398;69076;3262;-3682;1
339333343;-0.452864;-0.20007999;0.244976;71183;3262;-3605;1
339345151;-0.43919998;-0.226432;0.183488;74144;2772;-3437;1
339359950;-0.428464;-0.22936;0.145424;75299;2709;-3283;1
339371159;-0.43139198;-0.26059198;0.143472;76090;2807;-3311;1
339383789;-0.432367968;-0.238144;0.143472;77042;2723;-3136;1
339406911;-0.4148;-0.308416;0.15128;79422;2660;-2604;1
339418919;-0.418704;-0.288896;0.17568;80458;2709;-2443;1
339434055;-0.416751968;-0.29768;0.187392;81543;2744;-2128;1
339455916;-0.41968;-0.28792;0.262544;83706;3164;-1589;1
339469212;-0.413824;-0.285968;0.28499198;85526;3227;-1379;1
339480813;-0.412848;-0.254736;0.29768;86261;3395;-1134;1
339508610;-0.420656;-0.238144;0.480192;87367;4130;-1106;1
339533208;-0.436272;-0.118095992;0.54558396;87150;4298;-959;1
339544941;-0.42358398;-0.08784;0.528992;85834;4291;-973;1
339563898;-0.427488;-0.060512;0.45481598;80451;4683;-1729;1
339575677;-0.42944;-0.05368;0.477264;77525;4550;-2030;1
339589206;-0.416751968s2;4270
339606973;-0.433344;-0.079055992;0.398208;70714;4732;-2968;1
339643145;-0.418704;-0.169824;0.369903968;67116;4354;-3689;1
339654261;-0.413824;-0.132736;0.321104;66969;4158;-3738;1
339673035;-0.409919968;-0.191296;0.290848;66829;4389;-3920;1
339685161;-0.413824;-0.174704;0.298656;67158;4298;-3976;1
339706588;-0.393327968;-0.19032;0.271328;66983;3885;-3941;1
339723046;-0.394303968;-0.166896;0.23521599;67333;3808;-4032;1
339735355;-0.39528;-0.15128;0.218624;67067;3647;-3990;1
339753088;-0.389424;-0.191296;0.19617599;66668;3416;-3969;1
339766806;-0.385519968;-0.20398399;0.218624;66955;3318;-3997;1
339778231;-0.383568;-0.192272;0.221552;67354;3206;-3955;1
339802456;-0.377711968;-0.197151984;0.20398399;68215;2856;-3598;1
339817539;-0.366;-0.197151984;0.210816;68320;2730;-3514;1
339828893;-0.374784;-0.204959984;0.202032;68600;2772;-3402;1
339840330;-0.37088;-0.221552;0.22350399;68852;2751;-3255;1
339850989;-0.366976;-0.21472;0.217648;69447;2660;-3066;1
339866267;-0.362095968;-0.24302399;0.168848;70273;2485;-2863;1
339876933;-0.35624;-0.262544;0.169824;71092;2478;-2674;1
339889450;-0.35624;-0.021_accel_adxl375.csv@339891803;0.392;-0.049;0.343;1
339900292;-0.360144;-0.274256;0.22936;73402;2835;-2401;1
339910940;-0.366;-0.245952;0.233264;74823;2786;-2156;1
339921976;-0.358192;-0.24888;0.25278398;75593;2681;-1897;1
339935867;-0.357216;-0.247904;0.24888;77042;2947;-1638;1
339946957;-0.357216;-0.213744;0.245952;77399;3101;-1582;1
339972074;-0.352336;-0.225456;0.23521599;77539;3220;-1239;1
339983211;-0.350384;-0.225456;0.261568;77595;3248;-1225;1
339995117;-0.353312;-0.181535984;0.267424;77378;3752;-1393;1
340006751;-0.357216;-0.163968;0.266448;76986;3766;-1183;1
340017475;-0.35136;-0.18056;0.271328;76006;3752;-1134;1
340031043;-0.346479968;-0.179584;0.281088;75061;3836;-1379;1
340042989;-0.352336;-0.163968;0.28499198;74536;4011;-1617;1
340058114;-0.354287968;-0.174704;0.339648;73031;4235;-1589;1
340069296;-0.35624;-0.176656;0.357216;72604;4235;-1687;1
340080547;-0.35136;-0.167872;0.35624;72247;4186;-1918;1
340094611;-0.350384;-0.155184;0.376736;71932;4228;-2079;1
340114658;-0.355264;-0.13468799;0.391376;70994;4459;-2163;1
340141208;-0.349408;-0.123952;0.399184;68369;4340;-2632;1
340152626;-0.35136;-0.099552;0.396256;67445;4368;-2758;1
340163658;-0.348432;-0.081984;0.398208;66395;4326;-2919;1
340176210;-0.350384;-0.065392;0.422608;63630;4235;-3248;1
340193738;-0.350384;-0.054656;0.40015998;62104;4235;-3416;1
340204188;-0.350384;-0.016592;0.404064;60305;4067;-3577;1
340215361;-0.346479968;-0.03416;0.367952;58226;3836;-3717;1
340225940;-0.348432;-0.045872;0.33672;56441;3766;-3871;1
340237204;-0.345504;-0.057584;0.303536;53606;3717;-4263;1
340248549;-0.342576;-0.056608;0.288896;52542;3633;-4305;1
340272856;-0.332816;-0.096624;0.226432;51044;3374;-4417;1
340285446;-0.335744;-0.111264;0.199104;50519;3325;-4529;1
340299660;-0.329888;-0.139568;0.177632;50512;3304;-4571;1
340310022;-0.33086398;-0.147376;0.163968;50806;3206;-4494;1
340323873;-0.32696;-0.168848;0.139568;51254;3024;-4452;1
340335115;-0.32208;-0.168848;0.101504;51842;2884;-4452;1
340353229;-0.3172;-0.198128;0.038064;53011;2814;-4298;1
340364180;-0.313296;-0.243999984;0.03416;53893;2695;-4158;1
340375570;-0.311344;-0.25278398;0.010736;55307;2590;-4039;1
340386869;-0.310368;-0.255712;0.030256;56847;2492;-3997;1
340399154;-0.314272;-0.259616;0.032208;58632;2422;-3605;1
340411565;-0.303536;-0.275232;0.059536;61670;2359;-3297;1
340448797;-0.29963198;-0.282064;0.094671992;66528;2212;-2744;1
340474220;-0.301584;-0.29963198;0.135664;71974;2401;-1932;1
340485213;-0.295728;-0.27816;0.15030399;73836;2415;-1694;1
340497811;-0.29963198;-0.27620798;0.154208;75180;2506;-1435;1
340516406;-0.29963198;-0.25864;0.210816;77777;2898;-1057;1
340544645;-0.301584;-0.199104;0.279136;79408;3297;-623;1
340559401;-0.295728;-0.171776;0.313296;79324;3493;-595;1
340575233;-0.301584;-0.11224;0.3416;77791;3822;-805;1
340586188;-0.30060798;-0.120048;0.364048;76349;3843;-798;1
340598313;-0.30060798;-0.125904;0.38064;75019;3955;-903;1
340615880;-0.305488;-0.083936;0.389424;72366;4067;-1379;1
340635078;-0.303536;-0.081008;0.393327968;68999;4074;-1582;1
340648680;-0.29768;-0.089792;0.398208;67396;4130;-1806;1
340661368;-0.306464;-0.080032;0.409919968;66073;4235;-2107;1
340673315;-0.304512;-0.067343992;0.411872;63315;4172;-2429;1
340684941;-0.301584;-060;-0.221278432;-0.041808368;0.43643856
340696060;-0.314272;-0.06832;0.411872;60872;4109;-2786;1
340714467;-0.30256;-0.02928;0.410896;58282;4074;-3122;1
340726151;-0.30743998;-0.03904;0.41968;56798;4067;-3220;1
340747185;-0.310368;-0.050752;0.402112;53872;3906;-3598;1
340759466;-0.301584;-0.028304;0.402112;52829;3822;-3703;1
340773874;-0.306464;-0.00976;0.369903968;51450;3829;-3843;1
340785125;-0.308416;-0.06832;0.359168;48279;3675;-4130;1
340797319;-0.301584;-0.079055992;0.349408;47670;3675;-4200;1
340808034;-0.305488;-0.040016;0.328912;47173;3675;-4382;1
340822119;-0.30256;-0.047824;0.32208;468;-4515;1
340843472;-0.29963198;-0.072224;0.267424;45115;3472;-4375;1
340854124;-0.298656;-0.072224;0.251808;44443;3353;-4564;1
340867331;-0.293776;-0.080032;0.244976;44093;3227;-4571;1
340879415;-0.288896;-0.0976;0.242048;44002;3199;-4487;1
340890851;-0.28792;-0.;@20000101_000005_192721_imu_bno055.csv@340893818;156.0;343;-7432;-0.2386136;-0.072399852;0.28756
340902047;-0.286944;-0.118095992;0.20788799;44359;2912;-4585;1
340912995;-0.277184;-0.128832;0.186416;44513;2863;-4557;1
340933038;-0.28304;-0.14152;0.17568;45668;2842;-4410;1
340946243;-0.279136;-0.155184;0.163968;46361;2751;-4340;1
340957561;-0.270352;-0.164944;0.133712;48034;2520;-4109;1
340972272;-0.270352;-0.164944;0.122976;48783;2520;-4011;1
340984133;-0.275232;-0.157136;0.116144;49763;2506;-3878;1
341000095;-0.26937598;-0.174704;0.083936;51268;2275;-3584;1
341022998;-0.264496;-0.201056;0.06832;53102;2261;-3395;1
341043112;-0.264496;-0.208864;0.051728;54817;2093;-3129;1
341070936;-0.257664;-0.244976;0.041968;58828;2065;-2632;1
341082315;-0.25375998;-0.21959999;0.042944;60109;2107;-2464;1
341103043;-0.254736;-0.22448;0.0732;61544;2149;-1960;1
341114315;-0.25375998;-0.245952;0.103456;62328;2142;-1771;1
341134543;-0.25278398;-0.243999984;0.128832;64568;2324;-1463;1
341147734;-0.254736;-0.241072;0.118095992;65961;2408;-1204;1
341163062;-0.249856;-0.24888;0.18056;68411;2639;-945;1
341177213;-0.250832;-0.245952;0.217648;69762;2856;-854;1
341194924;-0.256688;-0.21472;0.27620798;72520;3150;-476;1
341206262;-0.257664;-0.216672;0.2928;73444;3297;-399;1
341217792;-0.261568;-0.182512;0.298656;74284;3451;-371;1
341228056;-0.251808;-0.172752;0.337696;74585;3577;-385;1
341239277;-0.256688;-0.1464;0.32208;74641;3934;-462;1
341250832;-0.265472;-0.12687999;0.35136;74221;4074;-539;1
341295720;-0.266448;-0.007808;0.39235198;66808;4368;-1484;1
341330684;-0.270352;0.028304;0.410896;59913;4165;-2268;1
341341965;-0.271328;0.089792;0.381616;57134;4109;-2562;1
341353001;-0.264496;0.120048;0.352336;48433;3836;-3059;1
341366276;-0.266448;0.116144;0.365024;43603;3766;-3402;1
341378228;-0.259616;0.088816;0.366976;38997;3689;-3780;1
341389092;-0.259616;0.069296;0.378687968;35350;3661;-4004;@20000101_000005_192721_accel_adxl375.csv@341396885;0.44099998;0.147;0.489999968;1
341405660;-0.270352;0.028304;0.320128;29477;3612;-4375;1
341417613;-0.26059198;0.012688;0.29182398;27384;3542;-4515;1
341432786;-0.257664;-0.008784;0.26937598;25781;3626;-4508;1
341453109;-0.254736;-0.027328;0.23131199;23940;3878;-4690;1
341464187;-0.249856;-0.077104;0.208864;23912;3787;-4466;1
341475187;-0.255712;-0.139568;0.177632;24640;3871;-4543;1
341488303;-0.251808;-0.15128;0.19617599;26327;4004;-4571@20000101_000005_192721_accel_adxl375.csv@341491052;0.489999968;4;0.343;1
341502373;-0.251808;-0.152256;0.203008;28238;4165;-4473;1
341512952;-0.25864;-0.16591999;0.176656;30303;4144;-4298;1
341537807;-0.244976;-0.15811199;0.106383992;35693;3990;-4242;1
341555591;-0.251808;-09
341566005;-0.24692799;-0.201056;0.074176;39816;3913;-4109;1
341577963;-0.256688;-0.203008;0.062464;41559;3843;-4116;1
341589065;-0.24692799;69;1
341602754;-0.25375998;-0.208864;0.04392;44807;3689;-4081;1
341623002;-0.249856;-0.22740799;0.062464;48293;3507;-3920;1
341635918;-0.251808;-0.232288;0.063439992;49945;3444;-3878;1
341655197;-0.249856;-0.22448;0.069296;53508;3094;-3654;1
341672530;-0.244976;-0.25375998;0.080032;56336;2821;-3500;1
341683292;-0.250832;-0.244976;0.079055992;58128;2828;-3353;1
341703023;-0.24888;-0.241072;0.100528;61292;2597;-2989;1
341723135;-0.251808;-0.222528;0.105408;63840;2387;-2681;1
341736205;-0.243999984;-0.225456;0.103456;64918;2380;-2492;1
341747098;-0.249856;-0.23424;0.139568;65884;2394;-2331;1
341759535;-0.25278398;-0.217648;0.154208;67690;2345;-2023;1
