65378472;342.5;7575;-17282;0.96363184;0.039768936;-0.248810768
65401337;342.5;7575;-17282;0.9605727;0.02447319;-0.24677134
65446750;342.5;7575;-17288;0.961592464;0.01631546;-0.232495316
65468784;342.5;7575;-17288;0.96363184;0.021414042;-0.2386136
65495486;342.5;7575;-17288;0.9575136;0.021414042;-0.24983048
65517628;342.5;7575;-17288;0.96261216;0.029571772;-0.24677134
65546024;342.5;7575;-17288;0.961592464;0.031611204;-0.248810768
65567698;342.5;7575;-17288;0.9605727;0.028552056;-0.2447319
65590043;342.5;7575;-17288;0.96261216;0.020394326;-0.2314756
65613734;342.5;7575;-17288;0.96261216;0.015295744;-0.22841644
65639097;342.5;7575;-17288;0.9605727;0.021414042;-0.248810768
65674428;342.5;7575;-17288;0.961592464;0.030591488;-0.24371218
65733438;342.5;7575;-17282;0.9646516;0.03263092;-0.2386136
65785214;342.5625;7575;-12242692468
65806752;342.5625;7575;-17282;0.96363184;0.026512622;-0.24167276
65845623;342.5625;7575;-17282;0.961592464;0.029571772;-0.24677134
65867586;342.5625;7575;-17282;0.9585333;0.046906948;-0.25492908
65889035;342.5;7575;-17288;0.96363184;0.028552056;-0.242692468
65918733;342.5;7575;-17294;0.96261216;0.013256311;-0.23453474
65946423;342.5;7575;-17307;0.96363184;0.010197163;-0.2314756
65967985;342.5;7575;-17307;0.96363184;0.021414042;-0.2447319
65991279;342.5;7575;-17307;0.959553;0.031611204;-0.25390936
66015551;342.5;7575;-17307;0.961592464;0.03569007;-0.247791052
66046254;342.5;7581;-17307;0.96363184;0.025492906;-0.24167276
66076288;342.5;7581;-17307;0.9605727;0.0193746092;-0.24167276
66098217;342.5;7581;-17307;0.9656713;0.021414042;-0.2386136
66127998;342.5;7581;-17307;0.961592464;0.026512622;-0.2447319
66155829;342.5;7581;-17307;0.96363184;0.028552056;-0.24371218
66186384;342.5;7581;-17307;0.96261216;0.034670352;-0.24575162
66238234;342.5;7581;-17307;0.96261216;0.021414042;-0.23351502
66259971;342.5;7581;-17307;0.96363184;0.0193746092;-0.2386136
66285719;342.5;7575;-17307;0.961592464;0.017335176;-0.24677134
66307666;342.5;7575;-17307;0.961592464;0.033650636;-0.248810768
66335594;342.5;7575;-17307;0.9605727;0.036709784;-0.25390936
66359364;342.5;7575;-17307;0.96261216;0.029571772;-0.24167276
66385647;342.5;7581;-1731.@20000101_000005_192721_airspeed_sdp810.csv@66388670;557;307;4243
66406758;342.4375;7581;-17319;0.9646516;0.020394326;-0.2386136
66438087;342.4375;7581;-17319;0.961592464;0.021414042;-0.248810768
66460248;342.4375;7581;-17319;0.96363184;0.025492906;-0.25186992
66485652;342.4375;7581;-1286992
66539612;342.4375;7581;-17319;0.96363184;0.021414042;-0.226377008
66561842;342.4375;7581;-17319;0.96363184;0.0193746092;-0.24065304
66586074;342.4375;7575;-1980.2516992
66617453;342.4375;7575;-17319;0.961592464;0.02447319;-0.247791052
66645639;342.4375;7575;-17319;0.96261216;0.023453474;-0.24167276
66689871;342.4375;7581;-17319;0.9656713;0.034670352;-0.242692468
66726493;342.4375;7581;-17319;0.96261216;0.02753234;-0.24677134
66760850;342.4375;7581;-17319;0.96261216;0.018354892;-0.24065304
66786025;342.4375;7581;-1400005_192721_airspeed_sdp810.csv@66787938;1367;481;4241
66837742;342.375;7581;-17319;0.966691;0.03569007;-0.24677134
66861491;342.375;7581;-17319;0.9605727;0.033650636;-0.2508502
66885776;342.375;7581;-17332;0.9605727;0.023453474;-0.25390936
66911926;342.375;7581;-17332;0.96363184;0.01631546;-0.23657418
66936355;342.375;7581;-17332;0.961592464;0.025492906;-0.24167276
66957687;342.375;7581;-17332;0.9646516;0.033650636;-0.242692468
66981567;342.375;7581;-17332;0.9605727;0.031611204;-0.23963332
67006198;342.375;7581;-17332;0.96363184;0.029571772;-0.24167276
67036372;342.375;7581;-17332;0.9605727;0.0193746092;-0.2447319
67058451;342.375;7581;-17332;0.961592464;0.0193746092;-0.24065304
67080982;342.375;7581;-17332;0.961592464;0.02753234;-0.24575162
67136653;342.375;7581;-17332;0.96261216;0.026512622;-0.23453474
67160682;342.375;7581;-17332;0.959553;0.02753234;-0.248810768
67185925;342.375;7581;-17338;0.96261216;0.026512622;-0.24983048
67208370;342.375;7581;-17338;0.9605727;0.031611204;-0.24983048
67233979;342.375;7581;-17338;0.959553;0.033650636;-0.24371218
67281849;342.375;7581;-17332;0.9605727;0.02447319;-0.23963332
67306328;342.3125;7581;-17338;0.9605727;0.028552056;-0.2508502
67336384;342.3125;7581;-17338;0.96261216;0.025492906;-0.25492908
67358773;342.3125;7581;-17338;0.961592464;0.028552056;-0.25492908
67386086;342.3125;7581;-161592464;0.028552056;-0.24371218
67418444;342.3125;7581;-17332;0.96363184;0.034670352;-0.237593884
67446348;342.375;7581;-17338;0.96363184;0.021414042;-0.23963332
67468850;342.375;7581;-17338;0.961592464;0.018354892;-0.2447319
67495715;342.375;7581;-17338;0.959553;0.017335176;-0.2508502
67518316;342.375;7581;-1704065304
67546861;342.375;7581;-17332;0.9656713;0.034670352;-0.23045588
67588536;342.375;7581;-17338;0.96261216;0.025492906;-0.237593884
67626133;342.375;7581;-17338;0.961592464;0.018354892;-0.24677134
67655691;342.3125;7581;-17338;0.96363184;0.015295744;-0.24065304
67678353;342.3125;7581;-17344;0.96363184;0.028552056;-0.23963332
67705716;342.3125;7581;-17344;0.96261216;0.030591488;-0.23963332
67727684;342.3125;7581;-17344;0.9585333;0.04588723;-0.25492908
67755751;342.3125;7581;-17350;0.9605727;0.034670352;-0.24983048
67777816;342.3125;7581;-17357;0.96261216;0.015295744;-0.25390936
67805999;342.3125;7581;-17357;0.96261216;0.015295744;-0.2508502
67836276;342.3125;7581;-17357;0.9646516;0.023453474;-0.23657418
67857804;342.25;7581;-17357;0.96261216;0.033650636;-0.2386136
67885307;342.3125;7581;-17357;0.96363184;0.02753234;-0.23453474
67919187;342.25;7581;-17363;0.9585333;0.030591488;-0.25390936
67945938;342.25;7581;-173763;4244
67976068;342.25;7581;-17369;0.959553;0.013256311;-0.248810768
67997849;342.25;7587;-17369;0.96261216;0.02753234;-0.232495316
68028235;342.25;7587;-17369;0.96363184;0.0377295;-0.23045588
68076484;342.25;7587;-17369;0.9605727;0.026512622;-0.25390936
68100521;342.25;7587;-17369;0.961592464;0.017335176;-0.24575162
68136262;342.25;7587;-17369;0.96261216;0.02753234;-0.24167276
68158599;342.25;7587;-17369;0.9656713;0.036709784;-0.232495316
68185650;342.25;7587;-1738@20000101_000005_192721_accel_adxl375.csv@68188507;1.7639999;0.098;0.196;1
68207926;342.25;7581;-17369;0.9605727;0.023453474;-0.242692468
68234796;342.25;7581;-17369;0.9605727;0.020394326;-0.25288964
68283381;342.25;7581;-17369;0.96363184;0.031611204;-0.248810768
68306216;342.25;7581;-17369;0.9646516;0.031611204;-0.23555446
68336060;342.25;7581;-17369;0.961592464;0.02447319;-0.23351502
68357840;342.25;7581;-17369;0.959553;0.02753234;-0.24677134
68406728;342.25;7581;-17369;0.9605727;0.029571772;-0.25288964
68427793;342.25;7581;-17369;0.961592464;0.028552056;-0.24677134
68459986;342.25;7581;-17369;0.96363184;0.020394326;-0.23045588
68508089;342.25;7581;-17369;0.96261216;0.033650636;-0.25390936
68538010;342.25;7581;-17369;0.961592464;0.03263092;-0.25288964
68562804;342.25;7581;-17369;0.96261216;0.02447319;-0.24371218
68587036;342.25;7581;-17369;0.961592464;0.021414042;-0.23657418
68609728;342.25;7581;-17369;0.96261216;0.023453474;-0.23963332
68636754;342.25;7581;-17369;0.9605727;0.026512622;-0.24677134
68660305;342.25;7581;-17369;0.961592464;0.03263092;-0.24677134
68685866;342.25;7581;-173@20000101_000005_192721_airspeed_sdp810.csv@68688914;1083;428;4243
68709305;342.25;7581;-17369;0.95649384;0.025492906;-0.25186992
68736238;342.25;7581;-17369;0.961592464;0.03263092;-0.2508502
68759424;342.25;7581;-17369;0.9646516;0.025492906;-0.2386136
68785505;342.25;7581;-1736.326;-0.24065304
68845944;342.25;7581;-17369;0.96261216;0.031611204;-0.25900792
68867859;342.25;7587;-17369;0.961592464;0.03263092;-0.2508502
68924223;342.25;7587;-17375;0.96363184;0.0193746092;-0.23453474
68969240;342.3125;7587;-17369;0.96363184;0.025492906;-0.23963332
68996416;342.3125;7587;-17369;0.9605727;0.02753234;-0.25186992
69026431;342.3125;7587;-17369;0.9605727;0.020394326;-0.24371218
69056096;342.25;7587;-17375;0.96261216;0.026512622;-0.24371218
69096017;342.25;7587;-17375;0.96261216;0.025492906;-0.24167276
69127078;342.25;7581;-17375;0.96363184;0.020394326;-0.2447319
69149694;342.25;7581;-17375;0.9605727;0.022433758;-0.2579882
69175608;342.25;7581;-17375;0.959553;0.029571772;-0.2579882
69197461;342.25;7581;-17375;0.96261216;0.03569007;-0.25390936
69245544;342.25;7581;-17375;0.961592464;0.029571772;-0.23351502
69266960;342.25;7581;-17375;0.96261216;0.026512622;-0.24575162
69318107;342.25;7581;-17375;0.959553;0.028552056;-0.26512624
69344342;342.25;7587;-17375;0.961592464;0.03263092;-0.24575162
69386638;342.25;7587;-17382;0.96261216;0.031611204;-0.23351502
69417677;342.25;7587;-17382;0.96261216;0.014276028;-0.232495316
69477435;342.25;7587;-17382;0.961592464;0.02753234;-0.25492908
69506440;342.25;7587;-17382;0.96363184;0.029571772;-0.2386136
69535553;342.25;7587;-17382;0.9646516;0.025492906;-0.23045588
69585407;342.25;7587;-1732;-0.2447319
69616236;342.25;7587;-17382;0.9575136;0.023453474;-0.2569685
69645944;342.25;7587;-17382;0.96363184;0.029571772;-0.247791052
69668165;342.3125;7587;-17382;0.961592464;0.028552056;-0.23555446
69695459;342.3125;7587;-17382;0.96363184;0.03569007;-0.23963332
69717024;342.3125;7587;-17382;0.9585333;0.023453474;-0.24677134
69738828;342.3125;7587;-17382;0.95649384;0.0193746092;-0.25492908
69761373;342.3125;7587;-17382;0.9605727;0.01631546;-0.24983048
69785881;342.3125;7587;-17382;0.961592464;0.028552056;-0.248810@20000101_000005_192721_airspeed_sdp810.csv@69788531;1102;432;4244
69866011;342.3125;7587;-17388;0.9646516;0.026512622;-0.2386136
69895833;342.3125;7587;-17388;0.9575136;0.023453474;-0.25186992
69917660;342.3125;7587;-17382;0.9605727;0.023453474;-0.2569685
69945549;342.3125;7587;-17382;0.96261216;0.026512622;-0.25186992
69968867;342.3125;7587;-17382;0.9646516;0.028552056;-0.23657418
69995655;342.3125;7587;-17382;0.96261216;0.0193746092;-0.23045588
70026311;342.3125;7587;-17382;0.959553;0.023453474;-0.2447319
70056174;342.3125;7587;-17382;0.961592464;0.022433758;-0.25186992
70082550;342.3125;7587;-17382;0.9605727;0.034670352;-0.25390936
70106377;342.3125;7587;-17382;0.961592464;0.02447319;-0.237593884
70127876;342.3125;7587;-17382;0.9646516;0.034670352;-0.242692468
70155860;342.375;7587;-17375;0.9656713;0.031611204;-0.24065304
70177784;342.375;7587;-17375;0.961592464;0.015295744;-0.23555446
70205816;342.375;7587;-17375;0.959553;0.018354892;-0.24677134
70228787;342.375;7587;-17375;0.9656713;0.028552056;-0.24371218
70255879;342.375;7587;-17375;0.96363184;0.039768936;-0.24371218
70308500;342.375;7587;-17382;0.96363184;0.026512622;-0.23045588
70335789;342.3125;7587;-17382;0.9646516;0.025492906;-0.24065304
70359660;342.3125;7587;-17382;0.959553;0.014276028;-0.25288964
70406661;342.3125;7587;-17382;0.96363184;0.0377295;-0.25186992
70435303;342.3125;7587;-17382;0.959553;0.025492906;-0.24065304
70457202;342.3125;7587;-17382;0.9605727;0.026512622;-0.23555446
70479335;342.3125;7587;-17388;0.966691;0.020394326;-0.2386136
70505760;342.3125;7587;-17388;0.959553;0.014276028;-0.248810768
70527678;342.3125;7587;-17388;0.95649384;0.022433758;-0.25900792
70556460;342.3125;7587;-17388;0.9585333;0.036709784;-0.2569685
70585543;342.3125;7587;-1;0.9646516;0.03263092;-0.23555446
70646018;342.375;7593;-17382;0.96261216;0.018354892;-0.23657418
70668249;342.375;7593;-17382;0.9585333;0.010197163;-0.25390936
70690694;342.375;7593;-17382;0.961592464;0.02753234;-0.25492908
70756429;342.375;7593;-17382;0.96261216;0.0377295;-0.226377008
70782497;342.375;7593;-17382;0.9646516;0.028552056;-0.232495316
70806152;342.3125;7593;-17388;0.959553;0.014276028;-0.2508502
70827634;342.3125;7587;-17388;0.9575136;0.01631546;-0.2569685
70858937;342.3125;7587;-17394;0.96363184;0.02447319;-0.24167276
70887173;342.25;7587;-17394;0.96363184;0.041808368;-0.237593884
70939073;342.25;7587;-17400;0.9585333;0.025492906;-0.25288964
70968027;342.25;7587;-17400;0.9575136;0.015295744;-0.25492908
70995601;342.25;7587;-17400;0.9605727;0.013256311;-0.24983048
71025782;342.3125;7587;-17400;0.96363184;0.034670352;-0.23453474
71047618;342.25;7587;-17400;0.9656713;0.03263092;-0.2386136
71076541;342.3125;7587;-17400;0.9605727;0.03263092;-0.247791052
71098095;342.25;7587;-17407;0.9575136;0.015295744;-0.248810768
71125652;342.25;7587;-17413;0.9646516;0.01631546;-0.2508502
71176434;342.25;7593;-17413;0.96261216;0.030591488;-0.2447319
71205846;342.25;7593;-17413;0.9585333;0.031611204;-0.23555446
71227835;342.3125;7593;-17407;0.961592464;0.02447319;-0.237593884
71256051;342.3125;7593;-17407;0.9575136;0.020394326;-0.242692468
71278119;342.3125;7587;-17407;0.96261216;0.026512622;-0.2569685
71305953;342.3125;7587;-17407;0.9605727;0.01631546;-0.25492908
71336467;342.3125;7593;-17407;0.9656713;0.030591488;-0.23657418
71358014;342.3125;7593;-17407;0.966691;0.036709784;-0.23453474
71386844;342.3125;7593;-17407;0.961592464;0.029571772;-0.24575162
71438334;342.3125;7587;-17407;0.9605727;0.02753234;-0.25594878
71460675;342.3125;7587;-17407;0.961592464;0.021414042;-0.24983048
71485758;342.3125;7593;-17407;0.96261216;0.022433758;-0.23963332
71507793;342.3125;7593;-17407;0.96363184;0.026512622;-0.232495316
71534610;342.3125;7593;-17407;0.961592464;0.030591488;-0.24167276
71556629;342.3125;7593;-17407;0.96363184;0.034670352;-0.247791052
71578963;342.3125;7593;-17407;0.9605727;0.02447319;-0.24983048
71616121;342.3125;7593;-17407;0.959553;0.018354892;-0.247791052
71646416;342.3125;7593;-17407;0.961592464;0.02447319;-0.23453474
71674779;342.3125;7593;-17407;0.96363184;0.031611204;-0.23045588
71696976;342.3125;7593;-17407;0.96261216;0.02447319;-0.2386136
71729085;342.3125;7593;-17407;0.96261216;0.029571772;-0.2508502
71755843;342.3125;7593;-17407;0.961592464;0.026512622;-0.24983048
71786267;342.3125;7593;-17407;0.96363184;0.021414042;-0.24575162
71808919;342.3125;7593;-17407;0.96363184;0.02753234;-0.24167276
71835698;342.3125;7593;-17407;0.96363184;0.026512622;-0.24065304
71866569;342.3125;7593;-17407;0.9646516;0.025492906;-0.242692468
71895687;342.3125;7593;-17407;0.96261216;0.02753234;-0.24983048
71916783;342.25;7593;-17407;0.961592464;0.030591488;-0.249830u_lsm6dso32.csv@71918144;1.0150399;0.011712;-0.008784;-63;56;-112;1
71938775;342.25;7593;-17407;0.9575136;0.033650636;-0.2569685
71961672;342.25;7593;-17407;0.96261216;0.02753234;-0.23657418
71985887;342.25;7593;-174@20000101_000005_192721_airspeed_sdp810.csv@71989190;957;402;4240
72008123;342.25;7593;-17407;0.96261216;0.018354892;-0.24371218
72036673;342.3125;7593;-17407;0.961592464;0.0377295;-0.2447319
72085851;342.25;7593;-17413;0.9605727;0.020394326;-0.24371218
72119017;342.3125;7593;-17413;0.96363184;0.025492906;-0.24065304
72145667;342.3125;7593;-17413;0.96261216;0.020394326;-0.2314756
72168165;342.3125;7593;-17413;0.96363184;0.02753234;-0.24065304
72194857;342.3125;7593;-17413;0.9585333;0.042828084;-0.24983048
72216997;342.3125;7593;-17413;0.96261216;0.029571772;-0.24167276
72238968;342.3125;7593;-17413;0.961592464;0.018354892;-0.24983048
72260799;342.3125;7593;-17413;0.959553;0.01631546;-0.2447319
72286012;342.3125;7593;-17413;0.96363184;0.02447319;-0.24167276
72307666;342.3125;7593;-17413;0.9646516;0.021414042;-0.22433758
72329407;342.3125;7593;-17413;0.96261216;0.023453474;-0.23045588
72355894;342.25;7587;-17413;0.96363184;0.053025244;-0.25594878
72378027;342.25;7587;-17419;0.96261216;0.02753234;-0.2569685
72406031;342.3125;7587;-17425;0.9575136;0.013256311;-0.26716566
72431172;342.3125;7587;-17432;0.96363184;0.010197163;-0.237593884
72457017;342.3125;7593;-17432;0.9646516;0.021414042;-0.23351502
72479511;342.25;7587;-17432;0.961592464;0.033650636;-0.2386136
72525956;342.25;7587;-17425;0.9605727;0.03569007;-0.25594878
72557337;342.3125;7587;-17425;0.96261216;0.015295744;-0.242692468
72585542;342.3125;7587;-1@20000101_000005_192721_airspeed_sdp810.csv@72588902;1228;456;4244
72607257;342.25;7587;-17432;0.959553;0.01631546;-0.23555446
72629611;342.25;7587;-17432;0.96261216;0.02447319;-0.2386136
72656227;342.25;7587;-17432;0.966691;0.03569007;-0.24677134
72678073;342.25;7587;-17432;0.959553;0.036709784;-0.24983048
72700202;342.25;7587;-17432;0.961592464;0.02753234;-0.248810768
72725924;342.25;7587;-17438;0.96363184;0.015295744;-0.24167276
72747855;342.25;7587;-17438;0.96363184;0.017335176;-0.23555446
72771809;342.25;7587;-17438;0.961592464;0.023453474;-0.23555446
72795951;342.25;7587;-17438;0.96261216;0.029571772;-0.23657418
72820128;342.25;7587;-174@20000101_000005_192721_airspeed_sdp810.csv@72822694;1178;446;4249
72847058;342.25;7587;-17432;0.96261216;0.031611204;-0.25288964
72870259;342.25;7587;-17432;0.961592464;0.023453474;-0.242692468
72896259;342.25;7587;-17438;0.96261216;0.0193746092;-0.23963332
72936531;342.25;7587;-17438;0.9656713;0.026512622;-0.23963332
72959953;342.25;7587;-17438;0.9585333;0.034670352;-0.25186992
72985777;342.25;7581;-17400.147;0.147;1
73007718;342.25;7581;-17438;0.961592464;0.0193746092;-0.25288964
73036827;342.25;7581;-17444;0.961592464;0.018354892;-0.24677134
73061336;342.25;7581;-17444;0.96261216;0.023453474;-0.23963332
73116232;342.25;7581;-17444;0.9615924641;0.01464;0.0;-91;0;-105;1
73139368;342.25;7581;-17444;0.961592464;0.031611204;-0.248810768
73160921;342.25;7581;-17438;0.9605727;0.028552056;-0.25594878
73185802;342.25;7581;-174;@20000101_000005_192721_airspeed_sdp810.csv@73188744;1167;444;4247
73207906;342.25;7581;-17438;0.959553;0.0193746092;-0.24575162
73232243;342.25;7581;-17438;0.959553;0.0193746092;-0.242692468
73257153;342.25;7587;-17438;0.9646516;0.030591488;-0.22331786
73279739;342.25;7587;-17438;0.9605727;0.030591488;-0.2314756
73305763;342.3125;7581;-17438;0.9646516;0.033650636;-0.242692468
73337648;342.3125;7581;-17432;0.9605727;0.026512622;-0.2630868
73376035;342.3125;7581;-17432;0.96261216;0.02447319;-0.26104736
73409483;342.25;7581;-17432;0.96363184;0.0377295;-0.2253573
73436527;342.3125;7581;-17432;0.9544544;0.028552056;-0.24065304
73459108;342.3125;7581;-17438;0.9585333;0.021414042;-0.25390936
73506615;342.3125;7581;-17438;0.9605727;0.01631546;-0.25186992
73527799;342.25;7581;-17438;0.959553;0.01631546;-0.24575162
73555665;342.25;7587;-17438;0.968730432;0.031611204;-0.23045588
73616884;342.25;7581;-1speed_sdp810.csv@73618714;1302;469;4247
73640920;342.25;7581;-17438;0.9605727;0.02447319;-0.2569685
73662706;342.25;7581;-17438;0.959553;0.03263092;-0.26206708
73686267;342.25;7581;-174@101_000005_192721_airspeed_sdp810.csv@73689263;1292;467;4244
73709492;342.25;7587;-17438;0.966691;0.02447319;-0.21821928
73745910;342.25;7581;-17438;0.96363184;0.018354892;-0.22229814
73768176;342.25;7581;-17444;0.961592464;0.020394326;-0.25492908
73816165;342.25;7575;-9384;0.039768936;-0.27328396
73838160;342.25;7581;-17444;0.96363184;0.03569007;-0.242692468
73861440;342.25;7581;-17450;0.9656713;0.031611204;-0.221278432
73886049;342.1875;7581;-1@20000101_000005_192721_imu_lsm6dso32.csv@73889558;1.014064;0.001952;0.001952;-35;-70;-56;1
73907742;342.1875;7581;-17457;0.959553;0.018354892;-0.25594878
73936835;342.1875;7581;-17457;0.9544544;0.0193746092;-0.27124452
73960091;342.1875;7581;-17457;0.9585333;0.036709784;-0.26818538
74037846;342.1875;7587;-17463;0.9646516;0.01631546;-0.2314756
74060684;342.1875;7581;-17463;0.96261216;0.009177446;-0.248810768
74085706;342.1875;7581;-19@20000101_000005_192721_airspeed_sdp810.csv@74090321;1477;500;4244
74110295;342.1875;7581;-17457;0.9605727;0.029571772;-0.26104736
74145987;342.1875;7587;-17457;0.96363184;0.036709784;-0.23351502
74168589;342.1875;7587;-17457;0.9656713;0.03263092;-0.221278432
74236184;342.1875;7581;-17457;0.95649384;0.020394326;-0.2579882
74258094;342.1875;7581;-17457;0.9605727;0.028552056;-0.2569685
74307589;342.1875;7587;-17457;0.961592464;0.034670352;-0.2386136
74336385;342.1875;7587;-17457;0.96363184;0.025492906;-0.22433758
74358134;342.1875;7581;-17463;0.961592464;0.020394326;-0.24065304
74384060;342.1875;7581;-17463;0.9605727;0.015295744;-0.2447319
74409408;342.1875;7581;-17463;0.9585333;0.025492906;-0.26716566
74435560;342.1875;7575;-17463;0.95547416;0.031611204;-0.2753234
74478742;342.1875;7581;-17463;0.9656713;0.031611204;-0.22331786
74504831;342.1875;7581;-17463;0.9646516;0.020394326;-0.21821928
74536453;342.1875;7581;-17469;0.9585333;0.013256311;-0.24983048
74558432;342.1875;7575;-17469;0.959553;0.018354892;-0.2641065
74585399;342.1875;7575;-17469;0.9575136;0.03263092;-0.26614594
74637745;342.25;7581;-17463;0.96363184;0.026512622;-0.22025872
74680351;342.25;7581;-17463;0.96363184;0.010197163;d810.csv@74682444;1578;517;4244
74705998;342.1875;7581;-17463;0.9585333;0.022433758;-0.25288964
74727730;342.1875;7575;-17463;0.959553;0.031611204;-0.26512624
74758563;342.25;7575;-17457;0.96261216;0.041808368;-0.25288964
74785868;342.25;7581;-@20000101_000005_192721_airspeed_sdp810.csv@74788433;1515;506;4244
74815526;342.25;7581;-17440.01952;-112;-14;-63;1
74845883;342.25;7581;-17463;0.961592464;0.014276028;-0.2386136
74867951;342.25;7575;-17463;0.95649384;0.018354892;-0.26104736
74895941;342.25;7575;-17463;0.96261216;0.029571772;-0.2630868
74918631;342.25;7575;-17463;0.96@20000101_000005_192721_airspeed_sdp810.csv@74921243;1462;497;4247
74939662;342.25;7581;-17457;0.96363184;0.034670352;-0.2314756
74960770;342.25;7581;-17463;0.9646516;0.026512622;-0.22841644
74986051;342.25;7581;-174@20000101_000005_192721_imu_lsm6dso32.csv@74988454;1.009184;-0.003904;-0.006832;-84;-42;-105;1
75007910;342.25;7575;-17469;0.9605727;0.017335176;-0.25492908
75038011;342.25;7575;-17469;0.959553;0.02447319;-0.2579882
75060680;342.1875;7575;-17469;0.9605727;0.031611204;-0.247791052
75114536;342.25;7575;-17463;0.966691;0.02447319;-0.23045588
75146372;342.25;7575;-17463;0.959553;0.015295744;-0.24677134
75168150;342.25;7575;-17463;0.959553;0.018354892;-0.25390936
75189854;342.25;7575;-17463;0.9605727;0.02447319;-0.2569685
75212823;342.25;7575;-17463;0.96363184;0.03263092;-0.248810768
75236046;342.25;7575;-17457;0.96363184;0.04588723;-0.24167276
75258267;342.25;7575;-17450;0.96363184;0.041808368;-0.23351502
75280817;342.25;7575;-17457;0.96261216;0.022433758;-0.2386136
75305968;342.25;7575;-17463;0.961592464;0.015295744;-0.248810768
75327814;342.25;7575;-17463;0.961592464;0.00815773;-0.25186992
75356028;342.25;7575;-17463;0.959553;0.020394326;-0.2508502
75386080;342.25;7575;-17463;0.9646516;0.042828084;-0.24167276
75416302;342.25;7575;-17463;0.96363184;0.031611204;-0.237593884
75446627;342.25;7575;-17469;0.96261216;0.023453474;-0.24371218
75473445;342.25;7575;-17475;0.9605727;0.00815773;-0.2508502
75517286;342.25;7575;-174
75540145;342.25;7575;-17469;0.9656713;0.036709784;-0.24167276
75565539;342.25;7575;-17469;0.96261216;0.0438478;-0.24167276
75586814;342.25;7575;-174@20000101_000005_192721_accel_adxl375.csv@75589567;1.813;0.147;0.147;1
75616090;342.25;7575;-1745;-.24575162
75638442;342.3125;7575;-17463;0.95649384;0.01631546;-0.25492908
75661840;342.25;7575;-17469;0.961592464;0.022433758;-0.24371218
75685971;342.25;7575;-17405_192721_imu_lsm6dso32.csv@75687208;1.0150399;0.028304;0.005856;-35;49;-140;1
75710366;342.25;7575;-17463;0.96363184;0.04078865;-0.237593884
75737280;342.25;7575;-17463;0.959553;0.03569007;-0.247791052
75768153;342.25;7575;-17463;0.959553;0.023453474;-0.24983048
75817294;342.25;7575;-17463;0.96363184;0.02447319;-0.23963332
75839302;342.25;7575;-17463;0.96363184;0.031611204;-0.23963332
75862128;342.25;7575;-17463;0.959553;0.036709784;-0.24677134
75886013;342.25;7575;-174@20000101_000005_192721_airspeed_sdp810.csv@75889661;1272;464;4245
75907974;342.25;7575;-17469;0.959553;0.018354892;-0.247791052
75948972;342.25;7575;-17469;0.96261216;0.018354892;-0.24371218
75975753;342.25;7575;-17469;0.961592464;0.0193746092;-0.23963332
75997795;342.25;7575;-17469;0.96363184;0.033650636;-0.242692468
76023059;342.25;7575;-17469;0.9646516;0.033650636;-0.23963332
76047504;342.25;7575;-17469;0.9605727;0.028552056;-0.2508502
76068851;342.25;7575;-17469;0.959553;0.02447319;-0.248810768
76116889;342.25;7575;-17469;0.96363184;0.025492906;-0.23657418
76145438;342.25;7575;-17469;0.96363184;0.031611204;-0.23555446
76168157;342.25;7575;-17469;0.96261216;0.034670352;-0.24983048
76195644;342.25;7575;-17469;0.959553;0.030591488;-0.25900792
76217232;342.25;7575;-17469;0.9585333;0.025492906;-0.25594878
76239030;342.25;7575;-17469;0.961592464;0.02753234;-0.2447319
76261353;342.25;7575;-17469;0.9605727;0.031611204;-0.23555446
76285781;342.25;7575;-17469;0.96363184;0.02447319;-0.23453474
76308478;342.25;7575;-17469;0.9646516;0.029571772;-0.242692468
76345856;342.25;7575;-17469;0.9585333;0.028552056;-0.25288964
76375774;342.25;7575;-17475;0.959553;0.020394326;-0.247791052
76398308;342.25;7575;-17475;0.96261216;0.025492906;-0.24575162
76419715;342.3125;7575;-1m1.008208;0.00488;0.012688;-14;77;-91;1
76445596;342.25;7575;-17475;0.96363184;0.025492906;-0.23351502
76468115;342.25;7575;-17475;0.961592464;0.030591488;-0.24371218
76494162;342.25;7575;-17475;0.961592464;0.028552056;-0.2447319
76526008;342.25;7575;-17475;0.959553;0.0193746092;-0.247791052
76548827;342.25;7575;-17475;0.9585333;0.023453474;-0.24167276
76575567;342.25;7575;-17475;0.961592464;0.030591488;-0.23963332
76597399;342.25;7575;-17475;0.96363184;0.026512622;-0.23453474
76625981;342.25;7575;-17475;0.9585333;0.02753234;-0.23963332
76648019;342.25;7575;-17475;0.96363184;0.02753234;-0.247791052
76672246;342.25;7575;-17475;0.96261216;0.02753234;-0.25186992
76741337;342.25;7575;-17475;0.96363184;0.025492906;-0.23351502
76786526;342.25;7575;-17475;0.96261216;0.028552056;-0.247791052
76809641;342.25;7575;-17475;0.961592464;0.026512622;-0.25288964
76835528;342.25;7575;-17475;0.961592464;0.025492906;-0.24983048
76856827;342.25;7575;-17475;0.961592464;0.028552056;-0.24371218
76878734;342.25;7575;-17475;0.961592464;0.02753234;-0.237593884
76905780;342.25;7575;-17475;0.96363184;0.023453474;-0.237593884
76927937;342.25;7575;-17475;0.96261216;0.02447319;-0.23963332
76955661;342.25;7575;-17475;0.96363184;0.022433758;-0.24575162
76976677;342.25;7575;-17475;0.961592464;0.025492906;-0.25390936
77005613;342.25;7575;-17475;0.961592464;0.026512622;-0.247791052
77026959;342.25;7575;-17475;0.96363184;0.02753234;-0.24167276
77052331;342.25;7575;-174@20000101_000005_192721_airspeed_sdp810.csv@77055520;917;394;4248
77075833;342.25;7575;-17475;0.961592464;0.025492906;-0.23555446
77098557;342.25;7575;-17475;0.96261216;0.030591488;-0.24371218
77120244;342.25;7575;-1747084;0.026512622;-0.24371218
77147967;342.25;7575;-17475;0.9585333;0.028552056;-0.25186992
77196833;342.25;7575;-17475;0.96261216;0.029571772;-0.237593884
77223752;342.25;7575;-17475;0.961592464;0.029571772;-0.23555446
77246187;342.25;7575;-17475;0.96363184;0.025492906;-0.242692468
77267923;342.25;7575;-17475;0.961592464;0.026512622;-0.242692468
77295287;342.25;7575;-17475;0.96261216;0.02753234;-0.25186992
77325845;342.25;7575;-17475;0.961592464;0.025492906;-0.248810768
77375936;342.25;7575;-17475;0.96363184;0.025492906;-0.24065304
77397844;342.25;7575;-17475;0.961592464;0.020394326;-0.23963332
77425362;342.25;7575;-17475;0.959553;0.025492906;-0.2447319
77456069;342.25;7575;-17475;0.9605727;0.026512622;-0.25288964
77488595;342.25;7575;-17475;0.96363184;0.031611204;-0.24677134
77517909;342.25;7575;-17475;0.96261216;0.025492906;-0.237593884
77547481;342.25;7575;-17475;0.96261216;0.020394326;-0.237593884
77575186;342.25;7575;-17475;0.96261216;0.023453474;-0.242692468
77618204;342.25;7575;-17475;0.961592464;0.031611204;-0.25288964
77641236;342.25;7575;-17475;0.961592464;0.028552056;-0.24677134
77662970;342.25;7575;-17475;0.961592464;0.03263092;-0.24065304
77686133;342.25;7575;-1746@20000101_000005_192721_imu_lsm6dso32.csv@77689145;1.008208;0.010736;0.012688;-77;35;-70;1
77707776;342.25;7575;-17475;0.96261216;0.023453474;-0.237593884
77736018;342.25;7575;-17475;0.961592464;0.023453474;-0.24065304
77758042;342.25;7575;-17475;0.96261216;0.023453474;-0.24983048
77780568;342.25;7575;-17475;0.961592464;0.03263092;-0.24983048
77806341;342.25;7575;-17475;0.961592464;0.028552056;-0.24677134
77827866;342.25;7575;-17475;0.96363184;0.02753234;-0.23963332
77858220;342.25;7575;-17475;0.96261216;0.026512622;-0.23657418
77885445;342.25;7575;-174@20000101_000005_192721_airspeed_sdp810.csv@77888857;903;391;4248
77910870;342.25;7575;-17475;0.959553;0.020394326;-0.24983048
77935846;342.25;7575;-17475;0.96261216;0.022433758;-0.24983048
77960679;342.25;7575;-17475;0.961592464;0.026512622;-0.24677134
77986548;342.25;7575;-17475;0.96261216;0.03263092;-0.2447319
78008572;342.25;7575;-17475;0.96261216;0.028552056;-0.24065304
78056291;342.25;7575;-17475;0.961592464;0.023453474;-0.2447319
78082060;342.25;7575;-17475;0.961592464;0.025492906;-0.24677134
78106609;342.25;7575;-17475;0.961592464;0.030591488;-0.24167276
78128072;342.25;7575;-17475;0.96363184;0.030591488;-0.24371218
78156676;342.25;7575;-17475;0.9605727;0.029571772;-0.24167276
78180621;342.25;7575;-17475;0.961592464;0.02753234;-0.24167276
78205905;342.25;7575;-17475;0.961592464;0.021414042;-0.24167276
78227970;342.25;7575;-17475;0.961592464;0.02447319;-0.24575162
78250235;342.25;7575;-17475;0.961592464;0.02447319;-0.24575162
78275854;342.25;7575;-17475;0.96363184;0.023453474;-0.23963332
78298474;342.25;7575;-17475;0.96261216;0.029571772;-0.2447319
78325416;342.25;7575;-17475;0.959553;0.026512622;-0.2447319
78346706;342.25;7575;-17475;0.961592464;0.025492906;-0.24371218
78376496;342.25;7575;-17475;0.9605727;0.0193746092;-0.24575162
78405792;342.25;7575;-17475;0.959553;0.022433758;-0.24677134
78430010;342.25;7575;-17475;0.961592464;0.026512622;-0.24065304
78455805;342.25;7575;-17475;0.96261216;0.030591488;-0.24167276
78495990;342.25;7575;-17475;0.96363184;0.030591488;-0.248810768
78518165;342.25;7575;-17475;0.9605727;0.029571772;-0.247791052
78546380;342.25;7575;-17475;0.9605727;0.02447319;-0.24677134
78569369;342.25;7575;-17475;0.961592464;0.02447319;-0.242692468
78595620;342.25;7575;-17475;0.9646516;0.028552056;-0.24065304
78616839;342.25;7575;-17475;0.961592464;0.029571772;-0.2386136
78639660;342.25;7575;-17475;0.96261216;0.029571772;-0.24167276
78667657;342.25;7575;-17475;0.96261216;0.030591488;-0.242692468
78691447;342.25;7575;-17475;0.9605727;0.028552056;-0.248810768
78713558;342.25;7575;-17475;0.96261216;0.025492906;-0.24575162
78736248;342.25;7575;-17475;0.96261216;0.020394326;-0.242692468
78758071;342.25;7575;-17475;0.961592464;0.023453474;-0.23963332
78785552;342.25;7575;-17475;0.96363184;0.028552056;-0.2386136
78816192;342.25;7575;-17475;0.959553;0.02753234;-0.24677134
78846007;342.25;7575;-17475;0.961592464;0.025492906;-0.248810768
78868307;342.25;7575;-17475;0.961592464;0.020394326;-0.24065304
78889640;342.25;7575;-17475;0.96261216;0.026512622;-0.24677134
78946282;342.25;7575;-17475;0.961592464;0.02753234;-0.24065304
78970849;342.25;7575;-17475;0.959553;0.025492906;-0.24371218
78995867;342.25;7575;-17475;0.9605727;0.028552056;-0.248810768
79018431;342.25;7575;-174300010_000005_192721_airspeed_sdp810.csv@79020327;1382;483;4247
79046615;342.25;7575;-17475;0.9605727;0.02753234;-0.24575162
79068029;342.25;7575;-17475;0.961592464;0.021414042;-0.23555446
79089699;342.25;7575;-17475;0.96261216;0.022433758;-0.23963332
79113947;342.25;7575;-17475;0.96363184;0.023453474;-0.232495316
79137462;342.25;7575;-17475;0.961592464;0.030591488;-0.24371218
79162370;342.25;7575;-17475;0.961592464;0.030591488;-0.247791052
79186015;342.25;7575;-1747;0.147;0.147;1
79208015;342.25;7575;-17475;0.96261216;0.023453474;-0.24677134
79235484;342.25;7575;-17475;0.9605727;0.02447319;-0.24371218
79259334;342.25;7575;-17475;0.96261216;0.022433758;-0.2386136
79285515;342.25;7575;-17475;0.96363184;0.02753234;-0.242692468
79306895;342.25;7575;-17475;0.96261216;0.029571772;-0.24677134
79348324;342.25;7575;-17475;0.961592464;0.02753234;-0.24983048
79376092;342.25;7575;-17475;0.959553;0.023453474;-0.247791052
79398934;342.25;7575;-17475;0.96363184;0.026512622;-0.237593884
79425880;342.25;7575;-17475;0.96261216;0.022433758;-0.232495316
79456478;342.25;7575;-17475;0.96363184;0.031611204;-0.24167276
79478009;342.25;7575;-17475;0.961592464;0.03263092;-0.24983048
79500081;342.25;7575;-17475;0.959553;0.03263092;-0.25390936
79536583;342.25;7575;-17475;0.9605727;0.025492906;-0.2447319
79581753;342.25;7581;-17475;0.961592464;0.020394326;-0.233512000005_192721_accel_adxl375.csv@79583053;1.7639999;0.098;0.244999984;1
79606087;342.25;7581;-17475;0.96363184;0.022433758;-0.2386136
79635578;342.25;7575;-17475;0.959553;0.025492906;-0.24983048
79679766;342.25;7575;-17475;0.961592464;0.03263092;-0.2508502
79706013;342.25;7581;-17475;0.96261216;0.026512622;-0.24065304
79735704;342.25;7581;-17475;0.9646516;0.017335176;-0.22433758
79775914;342.25;7575;-17475;0.961592464;0.022433758;-0.24167276
79805882;342.25;7575;-17469;0.961592464;0.029571772;-0.25594878
79836416;342.25;7575;-17469;0.96363184;0.036709784;-0.25288964
79857701;342.25;7575;-17469;0.961592464;0.033650636;-0.237593884
79885632;342.25;7575;-1745@20000101_000005_192721_airspeed_sdp810.csv@79888621;957;402;4249
79906641;342.25;7575;-17469;0.96261216;0.020394326;-0.2314756
79936345;342.25;7575;-17469;0.96363184;0.021414042;-0.248810768
79962839;342.25;7575;-17475;0.959553;0.034670352;-0.25594878
79986220;342.25;7575;-17475;0.9605727;0.03569007;-0.25186992
80008706;342.25;7575;-17469;0.96363184;0.03263092;-0.24167276
80038647;342.25;7575;-17475;0.9605727;0.02447319;-0.23453474
80060859;342.25;7575;-17475;0.96261216;0.020394326;-0.2386136
80086090;342.25;7575;-1749@20000101_000005_192721_airspeed_sdp810.csv@80089097;985;408;4247
80108340;342.25;7575;-17475;0.959553;0.0193746092;-0.25288964
80136378;342.25;7575;-17475;0.96261216;0.03569007;-0.24677134
80160906;342.25;7575;-17475;0.9605727;0.034670352;-0.24167276
80186033;342.25;7575;-174084
80229686;342.25;7575;-17475;0.9605727;0.012236595;-0.24371218
80256568;342.25;7575;-17469;0.961592464;0.022433758;-0.25288964
80306789;342.25;7575;-17469;0.9646516;0.036709784;-0.23963332
80335899;342.25;7575;-17469;0.96363184;0.029571772;-0.237593884
80357848;342.25;7575;-17469;0.96261216;0.020394326;-0.2386136
80387821;342.25;7575;-17469;0.9605727;0.023453474;-0.2508502
80410547;342.25;7575;-17469;0.959553;0.025492906;-0.2508502
80440375;342.25;7575;-17469;0.96261216;0.03263092;-0.2508502
80468120;342.25;7575;-17469;0.96261216;0.0387492184;-0.24167276
80489991;342.25;7575;-17469;0.9656713;0.030591488;-0.237593884
80539979;342.25;7575;-17469;0.961592464;0.0193746092;-0.24371218
80561945;342.25;7575;-17469;0.96261216;0.020394326;-0.25186992
80638677;342.25;7575;-17469;0.96363184;0.031611204;-0.242692468
80686062;342.25;7575;-17463;0.96261216;0.017335176;-0.23963332
80715926;342.25;7575;-17463;0.961592464;0.017335176;-0.247791052
80738977;342.3125;7575;-17457;0.9585333;0.021414042;-0.2508502
80762732;342.3125;7575;-17457;0.961592464;0.030591488;-0.247791052
80786212;342.3125;7575;-10.039768936;-0.242692468
80808451;342.3125;7575;-17450;0.96261216;0.0377295;-0.237593884
80835142;342.3125;7575;-17450;0.9646516;0.029571772;-0.23555446
80858736;342.3125;7575;-17450;0.961592464;0.013256311;-0.2447319
80885808;342.3125;7575;-17450;0.959553;0.018354892;-0.24677134
80937674;342.3125;7575;-17457;0.96261216;0.042828084;-0.242692468
80961392;342.3125;7575;-17457;0.96261216;0.04078865;-0.24167276
80986028;342.3125;7575;-17463;0.96261216;0.02753234;-0.24065304
81009478;342.3125;7575;-17463;0.9605727;0.014276028;-0.24575162
81036470;342.3125;7575;-17463;0.961592464;0.018354892;-0.248810768
81060039;342.3125;7575;-17463;0.961592464;0.023453474;-0.24677134
81085824;342.3125;7575;-17463;0.96261216;0.03263092;-0.24371218
81126658;342.3125;7575;-17463;0.96261216;0.033650636;-0.2386136
81156121;342.3125;7575;-17463;0.961592464;0.021414042;-0.24575162
81178052;342.3125;7575;-17463;0.9605727;0.011216879;-0.24677134
81202312;342.3125;7575;-17463;0.9605727;0.018354892;-0.247791052
81226041;342.3125;7575;-17457;0.96261216;0.025492906;-0.24575162
81256024;342.3125;7575;-17457;0.9605727;0.0377295;-0.2386136
81278704;342.3125;7575;-17457;0.9605727;0.0377295;-0.24167276
81303559;342.3125;7575;-17457;0.96363184;0.025492906;-0.24371218
81336351;342.3125;7575;-17457;0.961592464;0.0193746092;-0.24575162
81358097;342.3125;7575;-17457;0.961592464;0.022433758;-0.2447319
81439241;342.3125;7575;-17457;0.9605727;0.0387492184;-0.24575162
81460771;342.3125;7575;-17457;0.959553;0.028552056;-0.24983048
81486081;342.3125;7575;-1191052
81508263;342.3125;7575;-17463;0.96261216;0.015295744;-0.242692468
81536464;342.3125;7575;-17463;0.9605727;0.020394326;-0.24065304
81558233;342.3125;7575;-17463;0.959553;0.031611204;-0.23963332
81646954;342.3125;7575;-17463;0.9605727;0.017335176;-0.247791052
81669634;342.3125;7575;-17463;0.96261216;0.012236595;-0.24167276
81697807;342.3125;7575;-17457;0.96261216;0.022433758;-0.237593884
81722356;342.3125;7575;-17457;0.96363184;0.03569007;-0.24065304
81746084;342.3125;7575;-17457;0.9605727;0.039768936;-0.2447319
81767896;342.3125;7575;-17457;0.96363184;0.03569007;-0.24983048
81789829;342.375;7575;-17457;0.961592464;0.026512622;-0.247791052
81837812;342.375;7575;-17450;0.96363184;0.018354892;-0.23555446
81862269;342.375;7575;-17450;0.96261216;0.023453474;-0.23351502
81886433;342.375;7575;-1704204;-0.23963332
81910312;342.375;7575;-17457;0.959553;0.0387492184;-0.2508502
81936510;342.3125;7575;-17457;0.9605727;0.034670352;-0.248810768
81959967;342.375;7575;-17463;0.96261216;0.025492906;-0.24167276
82007060;342.3125;7575;-17469;0.96261216;0.009177446;-0.23351502
82029177;342.3125;7575;-17463;0.959553;0.015295744;-0.24371218
82057571;342.3125;7575;-17457;0.959553;0.04078865;-0.25390936
82086586;342.3125;7575;-17457;0.961592464;0.0377295;-0.25492908
82145971;342.375;7575;-17457;0.96363184;0.018354892;-0.23963332
82176953;342.375;7581;-17457;0.96363184;0.01631546;-0.23351502
82205902;342.375;7581;-17457;0.959553;0.026512622;-0.2447319
82235780;342.375;7575;-17450;0.961592464;0.0377295;-0.25594878
82266598;342.3125;7575;-17450;0.9605727;0.039768936;-0.2508502
82296588;342.375;7581;-17450;0.96363184;0.031611204;-0.24371218
82346235;342.375;7581;-17450;0.96363184;0.013256311;-0.23453474
82367906;342.375;7581;-17450;0.9605727;0.020394326;-0.2386136
82446040;342.375;7581;-17457;0.96363184;0.03569007;-0.24677134
82496826;342.375;7581;-17463;0.961592464;0.015295744;-0.24065304
82525974;342.375;7581;-17463;0.959553;0.015295744;-0.24371218
82548533;342.375;7581;-17457;0.9605727;0.02753234;-0.248810768
82574247;342.4375;7581;-17450;0.96261216;0.033650636;-0.248810768
82596613;342.4375;7581;-17450;0.961592464;0.03569007;-0.24677134
82626396;342.4375;7581;-17450;0.9605727;0.029571772;-0.24167276
82656104;342.4375;7581;-17450;0.961592464;0.0193746092;-0.24167276
82677781;342.4375;7581;-17450;0.961592464;0.017335176;-0.2386136
82706002;342.4375;7581;-17444;0.959553;0.022433758;-0.24677134
82737216;342.4375;7581;-17444;0.9605727;0.042828084;-0.24983048
82760473;342.4375;7581;-17438;0.9605727;0.042828084;-0.24983048
82786208;342.5;7581;-1743@20000101_000005_192721_airspeed_sdp810.csv@82788745;337;238;4242
82808856;342.5;7581;-17444;0.96363184;0.022433758;-0.237593884
82836247;342.5625;7581;-17444;0.96261216;0.014276028;-0.2386136
82859798;342.5625;7581;-17444;0.96261216;0.020394326;-0.24065304
82885974;342.5625;7581;-17444;0.96261216;0.028552056;-0.242692468
82913744;342.5625;7581;-1.52
82956392;342.5625;7581;-17444;0.961592464;0.029571772;-0.24065304
82986383;342.5;7581;-17450;0.96261216;0.018354892;-0.2386136
83038220;342.5625;7581;-17444;0.96363184;0.02447319;-0.24677134
83059817;342.5625;7581;-17438;0.959553;0.03263092;-0.24983048
83086159;342.5625;7581;-1@20000101_000005_192721_airspeed_sdp810.csv@83089231;293;222;4247
83108459;342.5625;7581;-17438;0.96363184;0.03263092;-0.242692468
83132509;342.5625;7581;-17438;0.961592464;0.026512622;-0.23963332
83158608;342.5625;7581;-17438;0.9605727;0.017335176;-0.24065304
83192675;342.5625;7581;-17438;0.96261216;0.022433758;-0.24677134
83213827;342.5625;7581;-181_000005_192721_imu_lsm6dso32.csv@83215194;1.014064;0.020496;0.0;-7;35;-133;1
83236602;342.5625;7581;-17438;0.96261216;0.039768936;-0.24167276
83283409;342.5;7581;-17449184;0.031611204;-0.242692468
83306542;342.5;7581;-17450;0.96261216;0.021414042;-0.242692468
83328073;342.5;7581;-17450;0.961592464;0.01631546;-0.2447319
83356275;342.5;7581;-17450;0.9605727;0.021414042;-0.24371218
83406823;342.5;7581;-17450;0.96363184;0.0377295;-0.24371218
83429350;342.5;7581;-17450;0.96261216;0.033650636;-0.24065304
83456708;342.5;7581;-17450;0.96261216;0.021414042;-0.24371218
83486552;342.5;7581;-17450;0.961592464;0.013256311;-0.24167276
83516395;342.5;7581;-17450;0.961592464;0.0193746092;-0.24371218
83538418;342.5625;7581;-17444;0.96261216;0.031611204;-0.242692468
83560270;342.5625;7581;-17444;0.96261216;0.0387492184;-0.242692468
83586107;342.5625;7581;-17444;0.96363184;0.0387492184;-0.242692468
83646335;342.5625;7581;-17438;0.96261216;0.01631546;-0.247791052
83667648;342.5625;7581;-17438;0.961592464;0.0193746092;-0.2386136
83689911;342.5625;7581;-17438;0.9646516;0.025492906;-0.24167276
83716959;342.5625;7581;-111_imu_lsm6dso32.csv@83720371;1.0111359;0.030256;-0.001952;-56;21;-98;1
83738783;342.5625;7581;-17432;0.96261216;0.041808368;-0.24677134
83766675;342.5625;7581;-17438;0.961592464;0.03263092;-0.24575162
83789750;342.5625;7581;-17444;0.959553;0.015295744;-0.242692468
83812735;342.5625;7581;-17444;0.96261216;0.013256311;-0.24167276
83876198;342.5625;7581;-17444;0.96261216;0.03263092;-0.2386136
83898253;342.5625;7581;-17444;0.96363184;0.04078865;-0.24677134
83926888;342.5625;7581;-17444;0.9605727;0.028552056;-0.24983048
83956740;342.5625;7581;-17450;0.96261216;0.021414042;-0.247791052
83979353;342.5625;7581;-174530;40;32602928;9;None;None;0;0;0
84006162;342.5625;7581;-17450;0.961592464;0.01631546;-0.2386136
84036942;342.625;7581;-17438;0.96363184;0.034670352;-0.248810768
84058788;342.625;7581;-17432;0.96261216;0.041808368;-0.24677134
84085497;342.625;7581;-17432;0.961592464;0.041808368;-0.248810768
84106873;342.625;7581;-17432;0.961592464;0.030591488;-0.24677134
84136213;342.625;7581;-17432;0.96363184;0.0193746092;-0.242692468
84159042;342.625;7581;-17432;0.9605727;0.014276028;-0.237593884
84186121;342.625;7581;-172@20000101_000005_192721_airspeed_sdp810.csv@84188618;220;193;4247
84208106;342.625;7581;-17432;0.96363184;0.036709784;-0.24677134
84236034;342.625;7581;-17432;0.9605727;0.04078865;-0.2508502
84288371;342.625;7581;-17438;0.96363184;0.022433758;-0.23963332
84310229;342.625;7581;-17444;0.96363184;0.013256311;-0.23351502
84337781;342.625;7581;-17444;0.96261216;0.018354892;-0.24065304
84359727;342.625;7581;-17444;0.961592464;0.025492906;-0.24371218
84389998;342.625;7581;-17438;0.96261216;0.042828084;-0.24983048
84413897;342.625;7581;-17438;0.96261216;0.042828084;-0.247791052
84446457;342.625;7581;-17444;0.959553;0.022433758;-0.24167276
84467988;342.625;7581;-17444;0.961592464;0.009177446;-0.23351502
84496032;342.625;7581;-17444;0.96261216;0.013256311;-0.2386136
84517631;342.625;7581;-17438;0.961592464;0.02753234;-0.24575162
84547845;342.625;7581;-17432;0.961592464.08;-0.25186992
84576596;342.625;7581;-17425;0.961592464;0.0438478;-0.247791052
84598049;342.6875;7581;-17419;0.961592464;0.02447319;-0.237593884
84626271;342.6875;7581;-17425;0.961592464;0.014276028;-0.23657418
84648096;342.6875;7581;-17425;0.961592464;0.014276028;-0.24065304
84669924;342.6875;7581;-17425;0.9605727;0.022433758;-0.24575162
84696140;342.6875;7581;-17425;0.9605727;0.036709784;-0.24983048
84738947;342.75;7581;-17413;0.96363184;0.0377295;-0.24371218
84763216;342.75;7581;-17419;0.961592464;0.025492906;-0.237593884
84786395;342.75;7581;-17425;0.96363184;0.01631546;-0.2386136
84808800;342.75;7581;-17432;0.959553;0.011216879;-0.23963332
84836166;342.75;7581;-17432;0.961592464;0.022433758;-0.2447319
84857935;342.75;7581;-17425;0.96261216;0.03263092;-0.24575162
84886052;342.75;7581;-174@20000101_000005_192721_airspeed_sdp810.csv@84889010;172;170;4250
84908548;342.75;7581;-17419;0.96261216;0.031611204;-0.2386136
84929684;342.75;7581;-17419;0.96261216;0.025492906;-0.24065304
84957093;342.75;7581;-17425;0.96261216;0.014276028;-0.24167276
84978954;342.75;7581;-17425;0.96261216;0.015295744;-0.24575162
85006344;342.75;7581;-17425;0.9605727;0.02447319;-0.24371218
85027664;342.75;7581;-17413;0.961592464;0.0377295;-0.24167276
85049717;342.75;7581;-17413;0.96261216;0.039768936;-0.24371218
85076131;342.75;7581;-17407;0.96261216;0.0377295;-0.24167276
85097925;342.75;7581;-17407;0.96363184;0.023453474;-0.24575162
85134892;342.75;7581;-17413;0.9605727;0.015295744;-0.24677134
85176533;342.75;7581;-17413;0.96261216;0.030591488;-0.2447319
85203249;342.75;7581;-17413;0.96363184;0.0377295;-0.24371218
85226749;342.75;7581;-17413;0.96261216;0.0387492184;-0.242692468
85249755;342.8125;7581;-17413;0.96363184;0.023453474;-0.23963332
85276285;342.8125;7581;-17419;0.9605727;0.017335176;-0.24065304
85297830;342.8125;7581;-17419;0.961592464;0.011216879;-0.242692468
85319731;342.8125;7581;-12000101_000005_192721_imu_lsm6dso32.csv@85321464;1.013088;0.01464;-0.000976;-35;42;-147;1
85346227;342.8125;7581;-17419;0.961592464;0.033650636;-0.248810768
85368296;342.8125;7581;-17413;0.96261216;0.0387492184;-0.2447319
85390172;342.8125;7581;-17413;0.96261216;0.033650636;-0.237593884
85414373;342.8125;7581;-17413;0.96363184;0.023453474;-0.23657418
85437361;342.875;7581;-17413;0.96261216;0.0061182976;-0.2386136
85463741;342.8125;7581;-17413;0.96261216;0.010197163;-0.23963332
85486566;342.8125;7581;-17400;0.959553;0.02753234;-0.2508502
85508104;342.8125;7581;-17394;0.961592464;0.041808368;-0.24983048
85535987;342.8125;7581;-17394;0.9646516;0.04588723;-0.24167276
85586098;342.875;7581;-17388;0.961592464;0.018354892;-0.23657418
85614419;342.875;7581;-17s2;1.014064;0.007808;-0.013664;14;0;-154;1
85639443;342.8125;7575;-17388;0.961592464;0.029571772;-0.25900792
85661608;342.8125;7575;-17388;0.959553;0.041808368;-0.248810768
85708237;342.8125;7575;-17388;0.96261216;0.033650636;-0.23351502
85736664;342.8125;7575;-17400;0.9605727;0.017335176;-0.237593884
85762080;342.8125;7575;-17394;0.9605727;0.00815773;-0.24371218
85837836;342.875;7581;-17388;0.9656713;0.041808368;-0.232495316
85863085;342.875;7581;-17388;0.96363184;0.0377295;-0.22841644
85886476;342.875;7581;-17;@20000101_000005_192721_airspeed_sdp810.csv@85889970;-77;0;4248
85907965;342.9375;7581;-17394;0.9605727;0.012236595;-0.248810768
85936574;342.9375;7581;-17394;0.959553;0.013256311;-0.2508502
85958263;342.9375;7581;-17382;0.96261216;0.028552056;-0.242692468
86010382;342.9375;7581;-17375;0.9646516;0.042828084;-0.22943616
86046656;342.9375;7581;-17382;0.96363184;0.03263092;-0.24065304
86076289;342.9375;7581;-17382;0.9605727;0.010197163;-0.25492908
86098468;342.9375;7581;-17382;0.9605727;0.014276028;-0.25390936
86123456;342.9375;7581;-17382;0.96363184;0.025492906;-0.23963332
86148019;342.9375;7581;-17375;0.9646516;0.0387492184;-0.23045588
86170460;342.9375;7581;-17375;0.96363184;0.041808368;-0.23045588
86196279;342.9375;7581;-17382;0.9605727;0.033650636;-0.242692468
86217903;342.9375;7581;-1546;-0.2508502
86239828;342.9375;7581;-17382;0.9585333;0.013256311;-0.25900792
86262224;342.9375;7581;-17382;0.9605727;0.013256311;-0.248810768
86307718;342.9375;7581;-17375;0.9646516;0.034670352;-0.23045588
86358171;342.9375;7581;-17375;0.961592464;0.03263092;-0.248810768
86408743;342.9375;7581;-17375;0.959553;0.012236595;-0.247791052
86436604;342.9375;7581;-17369;0.9646516;0.025492906;-0.2314756
86486526;342.9375;7581;-17363;0.96363184;0.044867516;-0.23657418
86509259;342.9375;7581;-17363;0.961592464;0.0387492184;-0.24677134
86536957;343.0;7581;-17363;0.9605727;0.02447319;-0.25492908
86559543;343.0;7581;-17363;0.959553;0.017335176;-0.24677134
86586069;343.0;7581;-1736.61546;-0.24065304
86607806;343.0;7581;-17363;0.961592464;0.025492906;-0.22433758
86629837;343.0;7581;-17363;0.9646516;0.031611204;-0.237593884
86656303;343.0;7581;-17363;0.96363184;0.036709784;-0.24167276
86678058;343.0;7581;-17363;0.959553;0.031611204;-0.25390936
86706998;343.0;7581;-17369;0.9605727;0.018354892;-0.2508502
86737737;343.0;7581;-17369;0.96261216;0.01631546;-0.232495316
86759311;343.0;7581;-17369;0.9646516;0.0193746092;-0.23045588
86786156;343.0;7581;-1736..;-0.2386136
86816703;343.0;7581;-17369;0.9605727;0.03569007;-0.24983048
86846447;343.0;7581;-17369;0.961592464;0.031611204;-0.25390936
86867922;343.0;7581;-17369;0.961592464;0.022433758;-0.24677134
86889763;343.0;7581;-17369;0.96363184;0.0193746092;-0.2386136
86938390;343.0;7581;-17369;0.961592464;0.030591488;-0.23963332
87009898;343.0;7581;-17369;0.9605727;0.028552056;-0.248810768
87036803;343.0;7581;-17369;0.96363184;0.025492906;-0.2386136
87062711;343.0;7581;-17363;0.96363184;0.021414042;-0.23351502
87086939;343.0;7581;-17363;0.96261216;0.022433758;-0.23555446
87146692;343.0;7581;-17363;0.96261216;0.028552056;-0.25186992
87169300;343.0;7581;-17363;0.96261216;0.029571772;-0.24575162
87195957;343.0;7581;-17363;0.96363184;0.028552056;-0.24167276
87246001;343.0;7581;-17363;0.96363184;0.0193746092;-0.23351502
87268806;343.0;7581;-17363;0.96363184;0.02447319;-0.24371218
87326780;343.0;7581;-17363;0.961592464;0.03263092;-0.24371218
87349331;343.0;7581;-17363;0.96363184;0.031611204;-0.23963332
87406532;343.0;7581;-17363;0.96363184;0.022433758;-0.23963332
87430134;343.0;7581;-17363;0.96261216;0.02753234;-0.2447319
87456375;343.0;7581;-17363;0.9585333;0.029571772;-0.247791052
87478874;343.0;7581;-17363;0.96363184;0.03569007;-0.242692468
87506454;343.0;7581;-17363;0.96261216;0.033650636;-0.24065304
87536749;343.0;7581;-17363;0.96363184;0.023453474;-0.2386136
87559678;343.0;7581;-17363;0.961592464;0.020394326;-0.24167276
87586173;343.0;7581;-1736@20000101_000005_192721_airspeed_sdp810.csv@87589207;135;151;4250
87609759;343.0;7581;-17363;0.96261216;0.028552056;-0.24575162
87636747;343.0;7581;-17363;0.961592464;0.033650636;-0.2447319
87659525;343.0;7581;-17363;0.961592464;0.031611204;-0.24167276
87686113;343.0625;7581;-1@20000101_000005_192721_airspeed_sdp810.csv@87689594;97;128;4250
87708917;343.0625;7581;-17357;0.96261216;0.0193746092;-0.24371218
87736761;343.125;7581;-17357;0.961592464;0.020394326;-0.247791052
87760130;343.125;7581;-17357;0.961592464;0.02447319;-0.242692468
87786097;343.125;7581;-170@20000101_000005_192721_airspeed_sdp810.csv@87788648;107;134;4247
87811867;343.125;7581;-17357;0.9646516;0.0387492184;-0.237593884
87847718;343.125;7581;-17357;0.96261216;0.028552056;-0.24065304
87876453;343.125;7581;-17357;0.961592464;0.021414042;-0.24371218
87898313;343.125;7581;-17357;0.96261216;0.018354892;-0.24371218
87919925;343.125;7581;-17357;0.961592464;0.026512622;-0.242692468
87946634;343.125;7581;-17357;0.961592464;0.031611204;-0.24167276
87968049;343.125;7581;-17357;0.96363184;0.034670352;-0.237593884
88017249;343.0625;7581;-17363;0.961592464;0.020394326;@019072;0.021;0
88047530;343.0625;7581;-17363;0.961592464;0.015295744;-0.24575162
88076038;343.0625;7581;-17363;0.961592464;0.013256311;-0.24065304
88097717;343.125;7581;-17357;0.96261216;0.029571772;-0.24065304
88129830;343.0625;7581;-17357;0.9605727;0.0377295;-0.24371218
88156496;343.0625;7581;-17357;0.96363184;0.034670352;-0.24371218
88179717;343.0625;7581;-17357;0.96363184;0.021414042;-0.24575162
88206553;343.0625;7581;-17357;0.961592464;0.018354892;-0.247791052
88236196;343.0625;7581;-17357;0.9605727;0.020394326;-0.2447319
88276691;343.125;7581;-17344;0.9656713;0.036709784;-0.237593884
88306564;343.125;7581;-17344;0.96363184;0.039768936;-0.242692468
88338016;343.125;7581;-17344;0.96261216;0.02753234;-0.24983048
88361319;343.125;7581;-17344;0.9605727;0.021414042;-0.24371218
88386511;343.125;7581;-172@20000101_000005_192721_airspeed_sdp810.csv@88389931;323;233;4251
88407962;343.125;7581;-17344;0.96363184;0.02753234;-0.2386136
88429752;343.125;7581;-17344;0.96261216;0.03263092;-0.237593884
88456480;343.125;7581;-17344;0.96363184;0.033650636;-0.24167276
88478308;343.125;7581;-17344;0.9605727;0.029571772;-0.248810768
88500166;343.125;7587;-17350;0.961592464;0.025492906;-0.24983048
88526877;343.125;7587;-17350;0.96261216;0.017335176;-0.24065304
88556414;343.125;7587;-17350;0.961592464;0.013256311;-0.23657418
88578719;343.125;7587;-17350;0.9646516;0.02447319;-0.2386136
88600141;343.125;7587;-17350;0.9605727;0.03569007;-0.2447319
88626870;343.125;7587;-17350;0.9605727;0.036709784;-0.25594878
88649474;343.125;7587;-17350;0.9605727;0.03263092;-0.25390936
88676019;343.125;7587;-17350;0.96363184;0.022433758;-0.24065304
88719776;343.125;7587;-17350;0.959553;0.015295744;-0.22943616
88746835;343.125;7587;-17350;0.96363184;0.03263092;-0.24575162
88768803;343.125;7587;-17350;0.959553;0.033650636;-0.25186992
88794254;343.125;7587;-17350;0.9605727;0.036709784;-0.25390936
88816875;343.125;7587;-17344;0.9605727;0.022433758;-0.2447319
88839283;343.125;7587;-17344;0.96363184;0.01631546;-0.23453474
88863618;343.125;7587;-17344;0.96261216;0.020394326;-0.23351502
88896841;343.125;7587;-17344;0.96363184;0.025492906;-0.237593884
88926768;343.125;7587;-17344;0.96363184;0.034670352;-0.24575162
88948641;343.125;7587;-17344;0.961592464;0.025492906;-0.24575162
88969889;343.125;7587;-17344;0.961592464;0.020394326;-0.2508502
89018292;343.125;7587;-17344;0.966691;0.0193746092;-0.23351502
89046275;343.125;7587;-17344;0.96363184;0.026512622;-0.24065304
89068977;343.125;7581;-17344;0.9605727;0.033650636;-0.24371218
89149515;343.125;7587;-17344;0.96261216;0.0193746092;-0.23963332
89176772;343.125;7587;-17344;0.96261216;0.020394326;-0.24167276
89199276;343.125;7587;-17344;0.9646516;0.025492906;-0.237593884
89247910;343.1875;7587;-17344;0.961592464;0.036709784;-0.2447319
89276514;343.1875;7587;-17344;0.961592464;0.034670352;-0.24983048
89298745;343.1875;7587;-17344;0.959553;0.022433758;-0.24371218
89326909;343.1875;7587;-17344;0.96261216;0.013256311;-0.23555446
89357133;343.125;7587;-17350;0.96261216;0.018354892;-0.232495316
89380317;343.125;7587;-17350;0.9646516;0.028552056;-0.23657418
89407076;343.125;7587;-17350;0.959553;0.03263092;-0.248810768
89429615;343.125;7587;-17350;0.9605727;0.031611204;-0.2508502
89466434;343.125;7587;-17350;0.961592464;0.023453474;-0.25492908
89488855;343.125;7587;-17350;0.9585333;0.018354892;-0.23963332
89517995;343.125;7587;-17350;0.96261216;0.022433758;-0.24065304
89539840;343.125;7587;-17350;0.96363184;0.031611204;-0.24065304
89566644;343.125;7587;-17350;0.961592464;0.03569007;-0.2508502
89609305;343.125;7587;-17350;0.9605727;0.026512622;-0.24575162
89637284;343.125;7587;-17350;0.9605727;0.020394326;-0.2447319
89660042;343.125;7587;-17350;0.96261216;0.023453474;-0.23555446
89708983;343.125;7587;-17350;0.959553;0.03263092;-0.2447319
89736898;343.125;7587;-17350;0.96261216;0.031611204;-0.24167276
89759330;343.1875;7587;-17344;0.96363184;0.02447319;-0.24167276
89784906;343.1875;7587;-1.0_192721_accel_adxl375.csv@89786068;1.813;0.098;0.196;1
89811198;343.1875;7587;-17344;0.96363184;0.020394326;-0.23555446
89836967;343.1875;7587;-17344;0.96363184;0.023453474;-0.232495316
89859607;343.1875;7587;-17344;0.96363184;0.02753234;-0.2386136
89884827;343.1875;7587;-17344;0.9605727;0.028552056;-0.24167276
89907195;343.1875;7587;-17344;0.96363184;0.030591488;-0.247791052
89936748;343.1875;7587;-17344;0.9605727;0.02447319;-0.24677134
89959174;343.1875;7587;-17344;0.96363184;0.020394326;-0.23453474
90060394;343.1875;7587;-17344;0.9585333;0.031611204;-0.25900792
90086271;343.1875;7587;-17344;0.9585333;0.02753234;-0.24677134
90107629;343.1875;7587;-17344;0.96261216;0.023453474;-0.2386136
90128748;343.1875;7587;-17344;0.96261216;0.02447319;-0.23555446
90156462;343.1875;7587;-17344;0.96363184;0.025492906;-0.23657418
90178622;343.1875;7587;-17344;0.961592464;0.028552056;-0.248810768
90206465;343.1875;7587;-17344;0.961592464;0.03263092;-0.25390936
90228507;343.1875;7587;-17344;0.96261216;0.033650636;-0.247791052
90259013;343.1875;7587;-17344;0.959553;0.022433758;-0.237593884
90286372;343.1875;7587;-17344;0.96261216;0.021414042;-0.2314756
90346905;343.1875;7587;-17344;0.959553;0.030591488;-0.25288964
90376368;343.1875;7587;-17344;0.961592464;0.03263092;-0.24677134
90397952;343.1875;7587;-17344;0.9605727;0.026512622;-0.23963332
90428040;343.1875;7587;-17344;0.961592464;0.01631546;-0.2314756
90449906;343.1875;7587;-17344;0.9646516;0.017335176;-0.2314756
90496780;343.1875;7581;-17344;0.9605727;0.026512622;-0.25390936
90520659;343.1875;7581;-17344;0.961592464;0.03263092;-0.24983048
90547034;343.1875;7581;-17344;0.96363184;0.034670352;-0.24371218
90576199;343.1875;7581;-17344;0.96363184;0.02753234;-0.232495316
90607294;343.1875;7581;-17344;0.9656713;0.02447319;-0.237593884
90636308;343.1875;7581;-17344;0.961592464;0.020394326;-0.24575162
90667048;343.1875;7581;-17344;0.96261216;0.02753234;-0.2508502
90712575;343.1875;7581;-17344;0.96363184;0.0377295;-0.2386136
90737021;343.25;7581;-17344;0.96363184;0.028552056;-0.237593884
90759273;343.25;7587;-17344;0.9656713;0.015295744;-0.23657418
90786489;343.25;7587;-173@20000101_000005_192721_airspeed_sdp810.csv@90789462;105;133;4248
90809780;343.25;7587;-17344;0.961592464;0.021414042;-0.24983048
90836323;343.25;7587;-17344;0.9585333;0.030591488;-0.25492908
90886417;343.25;7587;-17338;0.9646516;0.030591488;-0.232495316
90920113;343.3125;7587;-17338;0.96363184;0.0193746092;-0.23045588
90946949;343.3125;7587;-17338;0.961592464;0.017335176;-0.242692468
90968788;343.25;7587;-17338;0.961592464;0.023453474;-0.25186992
90996751;343.25;7581;-17332;0.96261216;0.0387492184;-0.25594878
91027213;343.25;7581;-17332;0.96363184;0.0438478;-0.24167276
91060338;343.25;7587;-17338;0.9646516;0.0193746092;-0.22841644
91088137;343.25;7587;-17338;0.96261216;0.012236595;-0.242692468
91117110;343.25;7581;-17338;0.961592464;0.014276028;-0.24983048
91138766;343.25;7581;-17338;0.9605727;0.03569007;-0.25900792
91161033;343.25;7581;-17338;0.96363184;0.042828084;-0.25288964
91186695;343.25;7581;-173@20000101_000005_192721_airspeed_sdp810.csv@91190062;448;275;4250
91208421;343.25;7587;-17338;0.96363184;0.023453474;-0.23453474
91236392;343.25;7587;-17344;0.96261216;0.012236595;-0.23453474
91257644;343.25;7587;-17344;0.9605727;0.007138014;-0.24371218
91278743;343.25;7587;-17344;0.959553;0.0193746092;-0.2569685
91306809;343.25;7581;-17332;0.9605727;0.033650636;-0.25186992
91359550;343.25;7587;-17332;0.96261216;0.031611204;-0.23453474
91386603;343.3125;7587;-17338;0.96363184;0.021414042;-0.23351502
91408903;343.3125;7587;-17338;0.961592464;0.007138014;-0.242692468
91437119;343.3125;7587;-17332;0.9605727;0.017335176;-0.25288964
91459445;343.3125;7587;-17325;0.961592464;0.03263092;-0.24983048
91483830;343.3125;7587;-17325;0.96261216;0.0438478;-0.24065304200005_192721_airspeed_sdp810.csv@91486259;128;147;4249
91507281;343.3125;7587;-17325;0.96363184;0.04894638;-0.23453474
91528631;343.3125;7587;-17332;0.96363184;0.033650636;-0.23657418
91556933;343.3125;7587;-17338;0.961592464;0.013256311;-0.24371218
91579087;343.3125;7587;-17338;0.961592464;0.0061182976;-0.25390936
91601789;343.3125;7587;-17338;0.959553;0.01631546;-0.25390936
91637189;343.3125;7587;-17332;0.96363184;0.0438478;-0.2386136
91658991;343.3125;7587;-17332;0.9646516;0.047926664;-0.2253573
91686216;343.3125;7587;-1@20000101_000005_192721_airspeed_sdp810.csv@91688703;452;276;4251
91709842;343.3125;7587;-17344;0.959553;0.011216879;-0.247791052
91737826;343.3125;7587;-17344;0.9585333;0.009177446;-0.25594878
91759728;343.3125;7587;-17344;0.959553;0.0193746092;-0.25390936
91786618;343.3125;7587;-17338;0.96261216;0.033650636;-0.24167276
91828192;343.3125;7587;-17338;0.9646516;0.042828084;-0.23351502
91857283;343.3125;7587;-17344;0.959553;0.030591488;-0.24575162
91879413;343.3125;7587;-17344;0.961592464;0.010197163;-0.2579882
91906779;343.375;7587;-17344;0.9605727;0.011216879;-0.25186992
91936624;343.375;7587;-17338;0.96261216;0.02447319;-0.23657418
91958618;343.375;7587;-17338;0.966691;0.041808368;-0.23045588
91980406;343.375;7587;-17338;0.96363184;0.042828084;-0.23045588
92006716;343.375;7587;-17344;0.96261216;0.029571772;-0.24371218
92037189;343.375;7587;-17344;0.9585333;0.017335176;-0.2579882
92059058;343.375;7587;-17344;0.959553;0.0193746092;-0.2579882
92081236;343.375;7593;-17344;0.96261216;0.020394326;-0.24371218
92106962;343.375;7593;-17344;0.961592464;0.025492906;-0.23045588
92128913;343.375;7593;-17344;0.9656713;0.03569007;-0.23045588
92156949;343.375;7593;-17344;0.961592464;0.02753234;-0.237593884
92179257;343.375;7593;-17344;0.959553;0.018354892;-0.25492908
92206845;343.375;7593;-17344;0.9585333;0.018354892;-0.25492908
92249588;343.375;7593;-17@20000101_000005_192721_airspeed_sdp810.csv@92257896;35;77;4252
92277174;343.3125;7593;-17344;0.96363184;0.03569007;-0.23045588
92298911;343.3125;7593;-17344;0.961592464;0.031611204;-0.24371218
92320711;343.3125;7593;-1@20000101_000005_192721_baro_icp10111.csv@92325279;-22.43819;37.007216;101594.82;2.24263
92357440;343.375;7593;-17344;0.9605727;0.022433758;-0.25186992
92379123;343.375;7593;-17344;0.96261216;0.029571772;-0.242692468
92401090;343.375;7593;-17344;0.96261216;0.030591488;-0.23963332
92457845;343.375;7593;-17344;0.96261216;0.030591488;-0.237593884
92483781;343.375;7593;-17344;0.9605727;0.020394326;-0.24575162
92507386;343.375;7593;-17344;0.9605727;0.0193746092;-0.24677134
92529043;343.375;7593;-17344;0.961592464;0.023453474;-0.24575162
92556759;343.375;7593;-17344;0.96363184;0.026512622;-0.24371218
92586786;343.375;7593;-170.23555446
92640677;343.375;7593;-17344;0.96261216;0.018354892;-0.24167276
92667317;343.375;7593;-17344;0.96261216;0.0193746092;-0.247791052
92688659;343.375;7593;-17344;0.961592464;0.023453474;-0.24371218
92728195;343.375;7593;-17338;0.96363184;0.03263092;-0.2386136
92757649;343.375;7593;-17338;0.9605727;0.033650636;-0.237593884
92786652;343.375;7593;-17338;0.961592464;0.030591488;-0.242692468
92817644;343.375;75932721_airspeed_sdp810.csv@92819437;-53;0;4248
92849181;343.375;7593;-17338;0.9605727;0.02447319;-0.2508502
92872287;343.375;7593;-17338;0.96363184;0.029571772;-0.2447319
92896925;343.375;7593;-17338;0.96261216;0.034670352;-0.242692468
92927258;343.4375;7593;-17338;0.96363184;0.03569007;-0.24371218
92950000;343.4375;7593;-17338;0.961592464;0.028552056;-0.24371218
92976887;343.4375;7593;-17338;0.96261216;0.023453474;-0.24371218
92998874;343.4375;7593;-17338;0.9605727;0.020394326;-0.24677134
93027344;343.4375;7593;-17338;0.96261216;0.023453474;-0.23657418
93057472;343.4375;7593;-17338;0.96261216;0.029571772;-0.23555446
93086888;343.4375;7593;-17338;0.961592464;0.030591488;-0.24167276
93161500;343.4375;7593;-17338;0.961592464;0.018354892;-0.23453474
93187723;343.4375;7593;-17338;0.9646516;0.020394326;-0.2314756
93209921;343.4375;7593;-17338;0.96261216;0.031611204;-0.24167276
93236974;343.4375;7593;-17338;0.96261216;0.0387492184;-0.2508502
93260525;343.4375;7593;-17338;0.961592464;0.031611204;-0.24677134
93286924;343.4375;7593;-1@20000101_000005_192721_airspeed_sdp810.csv@93289957;-25;0;4247
93309122;343.4375;7593;-17338;0.96363184;0.020394326;-0.232495316
93330873;343.4375;7593;-17338;0.96363184;0.023453474;-0.2314756
93356989;343.4375;7593;-17338;0.96261216;0.026512622;-0.23453474
93378678;343.4375;7593;-17344;0.9605727;0.033650636;-0.2579882
93399948;343.4375;7593;-17344;0.959553;0.03569007;-0.25900792
93428608;343.4375;7593;-17344;0.961592464;0.030591488;-0.248810768
93457022;343.4375;7593;-17344;0.961592464;0.020394326;-0.24677134
93478753;343.4375;7593;-17350;0.9646516;0.017335176;-0.22739672
93500971;343.4375;7593;-17350;0.961592464;0.025492906;-0.23351502
93528138;343.4375;7593;-17350;0.959553;0.023453474;-0.25492908
93557535;343.4375;7593;-17350;0.959553;0.029571772;-0.25900792
93598464;343.4375;7593;-17350;0.961592464;0.02447319;-0.24167276
93627759;343.4375;7593;-17350;0.9656713;0.015295744;-0.22229814
93650029;343.4375;7593;-17350;0.96261216;0.020394326;-0.23351502
93677561;343.4375;7593;-17350;0.9605727;0.025492906;-0.237593884
93698778;343.4375;7593;-17350;0.9585333;0.030591488;-0.26002764
93727449;343.4375;7593;-17350;0.9585333;0.031611204;-0.26002764
93749759;343.4375;7593;-17350;0.96363184;0.030591488;-0.2386136
93777165;343.4375;7600;-17350;0.96363184;0.023453474;-0.22331786
93798818;343.4375;7600;-17350;0.9646516;0.01631546;-0.22739672
93827401;343.4375;7593;-17350;0.961592464;0.022433758;-0.2447319
93857710;343.4375;7593;-17350;0.961592464;0.031611204;-0.26002764
93880558;343.4375;7593;-17350;0.96363184;0.0377295;-0.24065304
93907653;343.4375;7600;-17350;0.96363184;0.03263092;-0.23045588
93937286;343.4375;7600;-17350;0.96363184;0.020394326;-0.23045588
93959535;343.4375;7600;-17350;0.961592464;0.01631546;-0.24065304
93981032;343.4375;7600;-17350;0.9605727;0.020394326;-0.25186992
94007148;343.4375;7593;-17350;0.959553;0.025492906;-0.25390936
94047050;343.4375;7116;0.031611204;-0.248810768
94069693;343.4375;7593;-17350;0.9646516;0.031611204;-0.23045588
94127109;343.4375;7593;-17350;0.96363184;0.022433758;-0.24575162
94150243;343.4375;7593;-17350;0.959553;0.02753234;-0.25492908
94177036;343.375;7593;-17350;0.959553;0.028552056;-0.2569685
94200156;343.375;7593;-17350;0.96261216;0.028552056;-0.24167276
94257672;343.4375;7600;-17350;0.9646516;0.020394326;-0.22433758
94280349;343.4375;7593;-17350;0.96261216;0.026512622;-0.2508502
94306425;343.5;7593;-17344;0.961592464;0.028552056;-0.2579882
94337557;343.5;7593;-17344;0.9605727;0.023453474;-0.2579882
94358810;343.5;7593;-17344;0.96261216;0.029571772;-0.23351502
94381048;343.5;7600;-17344;0.968730432;0.028552056;-0.22331786
94407316;343.5;7600;-17344;0.9646516;0.020394326;-0.22331786
94437048;343.5;7600;-17344;0.96261216;0.022433758;-0.24167276
94487367;343.5;7593;-17344;0.9605727;0.025492906;-0.25594878
94514129;343.5;7593;-1734211359;0.00976;0.010736;-14;105;-105;1
94538435;343.5;7593;-17344;0.96363184;0.025492906;-0.22841644
94562218;343.5;7593;-17344;0.96363184;0.02753234;-0.2314756
94587589;343.5;7593;-17344;0.961592464;0.0193746092;-0.237593884
94648504;343.4375;7593;-17344;0.9575136;0.033650636;-0.26206708
94670290;343.4375;7593;-17344;0.96363184;0.031611204;-0.23657418
94697184;343.4375;7593;-17344;0.9656713;0.030591488;-0.21821928
94719054;343.4375;7593;-17344;0.96261216;0.012236595;-0.219239
94747245;343.4375;7587;-17344;0.95649384;0.028552056;-0.25492908
94769517;343.4375;7587;-17344;0.9575136;0.0377295;-0.27328396
94796282;343.4375;7587;-17344;0.9585333;0.041808368;-0.26512624
94817689;343.4375;7593;-17344;0.96261216;0.026512622;-0.2253573
94847069;343.4375;7593;-17350;0.9646516;0.009177446;-0.215160132
94868810;343.5;7593;-17344;0.96363184;0.01631546;-0.23351502
94927293;343.5;7593;-17350;0.9605727;0.031611204;-0.2569685
94949075;343.5;7593;-17344;0.9656713;0.030591488;-0.22841644
94973302;343.5;7593;-17344;0.96363184;0.028552056;-0.22229814
94997510;343.5;7593;-17344;0.96363184;0.020394326;-0.219239
95019752;343.4375;7593;-1@20000101_000005_192721_airspeed_sdp810.csv@95022268;667;336;4246
95047556;343.4375;7593;-17350;0.959553;0.017335176;-0.26206708
95069448;343.5;7593;-17344;0.9605727;0.034670352;-0.25390936
95097247;343.4375;7593;-17338;0.96363184;0.036709784;-0.24167276
95147409;343.4375;7593;-17338;0.9646516;0.028552056;-0.2253573
95170670;343.4375;7593;-17338;0.9605727;0.011216879;-0.24677134
95197181;343.4375;7587;-17344;0.95649384;0.0193746092;-0.26104736
95247129;343.4375;7587;-17338;0.96363184;0.033650636;-0.247791052
95268953;343.4375;7587;-17325;0.96363184;0.049966096;-0.23351502
95307827;343.5;7587;-17325;0.966691;0.041808368;-0.237593884
95337290;343.5;7587;-17338;0.9575136;0.0;-0.25900792
95359184;343.5;7587;-17344;0.95649384;-0.0010197163;-0.25390936
95380816;343.5;7587;-17338;0.96363184;0.018354892;-0.24371218
95407329;343.5;7587;-17325;0.9646516;0.0377295;-0.23453474
95432383;343.5;7587;-17319;0.966691;0.04894638;-0.23555446
95458019;343.5;7587;-17325;0.9656713;0.033650636;-0.242692468
95480465;343.5;7587;-17332;0.9585333;0.012236595;-0.2569685
95507860;343.5;7587;-17338;0.95547416;0.0030591488;-0.25594878
95537342;343.5;7587;-17338;0.961592464;0.012236595;-0.23657418
95559378;343.5;7593;-17325;0.96363184;0.03569007;-0.22739672
95587089;343.5625;7593;-1@20000101_000005_192721_airspeed_sdp810.csv@95590122;525;298;4247
95609324;343.5625;7587;-17313;0.96261216;0.04588723;-0.247791052
95631412;343.5625;7587;-17313;0.959553;0.031611204;-0.2630868
95658245;343.5625;7587;-17319;0.95649384;0.0193746092;-0.2569685
95680578;343.5;7587;-17325;0.961592464;0.009177446;-0.237593884
95707625;343.5;7587;-17332;0.96261216;0.01631546;-0.226377008
95757526;343.5;7587;-17319;0.9605727;0.053025244;-0.24983048
95780832;343.5;7587;-17313;0.9605727;0.04588723;-0.2641065
95807477;343.5;7581;-17319;0.9575136;0.026512622;-0.2641065
95829743;343.5;7587;-17332;0.9605727;0.012236595;-0.242692468
95857755;343.5;7587;-17344;0.961592464;0.0030591488;-0.232495316
95881042;343.5;7587;-17344;0.96363184;0.018354892;-0.22331786
95913756;343.5;7587;-17338;0.959553;0.046906948;-0.24983048
95938179;343.5;7587;-17338;0.9605727;0.04078865;-0.26002764
95967684;343.5;7587;-17344;0.959553;0.031611204;-0.25594878
95988753;343.5625;7593;-17344;0.96261216;0.00815773;-0.24065304
96019640;343.5625;7593;-17350;0.96363184;0.010197163;-0.22943616
96047608;343.5625;7593;-17344;0.9646516;0.022433758;-0.22841644
96070524;343.5625;7593;-17338;0.96363184;0.0377295;-0.2386136
96097531;343.625;7593;-17338;0.9605727;0.0438478;-0.2579882
96127223;343.625;7587;-17332;0.959553;0.029571772;-0.25492908
96157935;343.625;7593;-17332;0.96261216;0.01631546;-0.23963332
96187157;343.625;7593;-17332;0.96771068;0.01631546;-0.22433758
96227624;343.5625;7587;-17325;0.96261216;0.034670352;-0.24065304
96258123;343.625;7587;-17325;0.959553;0.04078865;-0.2569685
96279975;343.625;7587;-17319;0.9585333;0.030591488;-0.25390936
96314193;343.625;7581;-17152;0.013664;-63;63;-63;1
96337706;343.625;7587;-17325;0.96363184;0.017335176;-0.23555446
96367790;343.625;7587;-17325;0.96363184;0.022433758;-0.23351502
96397187;343.625;7581;-17325;0.9605727;0.034670352;-0.25390936
96420288;343.625;7581;-17@20000101_000005_192721_airspeed_sdp810.csv@96422841;672;337;4246
96447780;343.625;7581;-17325;0.9605727;0.028552056;-0.25390936
96470239;343.625;7581;-17319;0.961592464;0.0193746092;-0.23657418
96497590;343.625;7581;-17325;0.96363184;0.013256311;-0.2314756
96527679;343.625;7581;-17325;0.9646516;0.020394326;-0.23657418
96549915;343.625;7581;-17317636;-0.25492908
96577093;343.625;7581;-17313;0.959553;0.0377295;-0.2508502
96599329;343.6875;7581;-17313;0.961592464;0.034670352;-0.23963332
96627405;343.6875;7581;-17313;0.96363184;0.02447319;-0.23453474
96702390;343.6875;7581;-17313;0.9605727;0.031611204;-0.25390936
96727694;343.6875;7581;-17313;0.959553;0.033650636;-0.24983048
96750682;343.6875;7581;-17313;0.96261216;0.036709784;-0.241672751_airspeed_sdp810.csv@96753844;577;312;4249
96777296;343.6875;7581;-17307;0.9656713;0.030591488;-0.23657418
96800225;343.6875;7581;-17313;0.9646516;0.020394326;-0.23045588
96827476;343.6875;7581;-17313;0.9605727;0.0193746092;-0.24065304
96849205;343.6875;7581;-17313;0.959553;0.020394326;-0.2539093v3;615;322;4251
96877306;343.6875;7581;-17313;0.96363184;0.029571772;-0.25390936
96900543;343.6875;7581;-17313;0.96261216;0.036709784;-0.2447319
96928003;343.6875;7581;-17313;0.96363184;0.026512622;-0.23351502
96950298;343.6875;7581;-17313;0.96363184;0.021414042;-0.232495316
96977343;343.6875;7581;-17313;0.959553;0.012236595;-0.232495316
96999264;343.6875;7581;-17307;0.9585333;0.018354892;-0.247791052
97028034;343.75;7581;-17300;0.9575136;0.03569007;-0.25390936
97049999;343.75;7581;-17300;0.96261216;0.041808368;-0.2447319
97077433;343.75;7581;-17300;0.961592464;0.0377295;-0.23555446
97127862;343.75;7581;-17300;0.96261216;0.018354892;-0.23453474
97158431;343.75;7581;-17300;0.959553;0.021414042;-0.2508502
97180644;343.75;7581;-17300;0.961592464;0.03263092;-0.25186992
97207510;343.75;7581;-17300;0.96363184;0.03263092;-0.2386136
97229531;343.75;7581;-17300;0.96363184;0.034670352;-0.23453474
97251387;343.75;7581;-17300;0.96363184;0.028552056;-0.23555446
97277602;343.75;7581;-17307;0.961592464;0.017335176;-0.23963332
97298809;343.75;7581;-17307;0.959553;0.015295744;-0.25492908
97337649;343.75;7581;-17307;0.9605727;0.02447319;-0.25186992
97361009;343.75;7581;-17307;0.96261216;0.033650636;-0.23963332
97387413;343.75;7581;-173@20000101_000005_192721_laser_agl.csv@97390825;0.019;0
97408764;343.75;7581;-17307;0.9646516;0.02753234;-0.232495316
97433055;343.75;7581;-17307;0.959553;0.0193746092;-0.24575162
97460320;343.75;7581;-17300;0.9585333;0.011216879;-0.25288964
97487229;343.75;7581;-17300;0.9605727;0.020394326;-0.2508502
97527935;343.8125;7581;-17288;0.961592464;0.039768936;-0.24167276
97558449;343.8125;7581;-17288;0.9656713;0.04078865;-0.23351502
97579915;343.8125;7581;-17294;0.96261216;0.02447319;-0.23657418
97602729;343.8125;7581;-17294;0.9605727;0.018354892;-0.24371218
97627799;343.8125;7581;-17294;0.9605727;0.018354892;-0.248810768
97658037;343.8125;7581;-17288;0.9605727;0.025492906;-0.24677134
97680413;343.8125;7581;-17294;0.96363184;0.036709784;-0.23657418
97701937;343.8125;7581;-17294;0.9656713;0.04078865;-0.23453474
97727841;343.8125;7581;-17294;0.96363184;0.031611204;-0.23453474
97749766;343.8125;7581;-10221_accel_adxl375.csv@97755546;1.7149999;0.147;0.196;1
97777514;343.8125;7581;-17294;0.9605727;0.015295744;-0.25186992
97799164;343.8125;7581;-17294;0.96261216;0.018354892;-0.24983048
97827993;343.8125;7581;-17294;0.9605727;0.021414042;-0.24677134
97850607;343.8125;7581;-17294;0.96261216;0.033650636;-0.24167@20000101_000005_192721_imu_lsm6dso32.csv@97855754;1.01016;0.022448;0.003904;-63;28;-112;1
97877728;343.8125;7581;-17294;0.96261216;0.036709784;-0.2386136
97899949;343.8125;7581;-17294;0.961592464;0.029571772;-0.247791052
97923549;343.8125;7581;-17294;0.9605727;0.018354892;-0.247791052
97983414;343.8125;7581;-17288;0.961592464;0.02753234;-0.23963332
98008038;343.8125;7581;-17282;0.96363184;0.036709784;-0.24065304
98037713;343.8125;7581;-17282;0.96261216;0.04078865;-0.23963332
98068021;343.8125;7581;-17282;0.961592464;0.031611204;-0.24167276
98094006;343.875;7581;-17288;0.96363184;0.020394326;-0.24575162
98127776;343.875;7581;-17282;0.96261216;0.021414042;-0.24371218
98150577;343.875;7581;-172014064;0.01952;0.007808;-63;42;-112;1
98175400;343.875;7581;-17282;0.9646516;0.036709784;-0.23453474
98198191;343.875;7581;-17282;0.9646516;0.04078865;-0.24167276
98219656;343.8125;7581;-176433758;-0.24575162
98241737;343.8125;7581;-17288;0.961592464;0.0193746092;-0.2508502
98263870;343.8125;7581;-17288;0.961592464;0.015295744;-0.24677134
98287962;343.8125;7581;-17288;0.9605727;0.015295744;-0.24167276
98311048;343.8125;7581;-17282;0.961592464;0.029571772;-0.24065304
98337509;343.8125;7581;-17282;0.959553;0.036709784;-0.24065304
98358723;343.8125;7581;-17282;0.96261216;0.033650636;-0.24575162
98381311;343.8125;7581;-17282;0.961592464;0.02753234;-0.24983048
98418244;343.875;7581;-17282;0.9605727;0.018354892;-0.248810768
98440918;343.875;7581;-17282;0.96363184;0.021414042;-0.24167276
98462837;343.875;7581;-17282;0.96261216;0.02753234;-0.2386136
98487731;343.875;7581;-1764065304
98508968;343.875;7581;-17282;0.96261216;0.039768936;-0.24167276
98537420;343.875;7581;-17282;0.9605727;0.031611204;-0.247791052
98560487;343.875;7581;-17282;0.961592464;0.022433758;-0.248810768
98585317;343.9375;7581;-17275;0.96261216;0.023453474;-0.24371218
98608225;343.9375;7581;-17275;0.96363184;0.02447319;-0.2386136
98632659;343.9375;7581;-17275;0.96261216;0.029571772;-0.2314756
98658286;343.9375;7581;-17275;0.96363184;0.031611204;-0.23555446
98687814;343.9375;7581;-17275;0.961592464;0.030591488;-0.24983048
98717872;343.9375;7581;-17275;162
98741593;343.9375;7581;-17275;0.9646516;0.021414042;-0.23555446
98763531;343.9375;7581;-17275;0.96261216;0.023453474;-0.23351502
98787808;343.4375;7581;-17275;0.9605727;0.028552056;-0.23555446
98858312;343.3125;7581;-17275;0.96261216;0.02753234;-0.24575162
98879985;343.25;7581;-17275;0.96261216;0.023453474;-0.24167276
98904315;343.25;7581;-17275;0.96261216;0.020394326;-0.237593884
98953528;343.125;7581;-17275;0.96363184;0.030591488;-0.24575162
98977864;343.125;7581;-17275;0.9605727;0.0387492184;-0.25186992
98999940;343.125;7581;-17275;0.96261216;0.029571772;-0.24677134
99028270;343.125;7581;-17275;0.96261216;0.025492906;-0.23657418
99058115;343.125;7581;-17275;0.96363184;0.018354892;-0.23657418
99081870;343.125;7581;-17275;0.9646516;0.023453474;-0.242692468
99116851;343.speed_sdp810.csv@99119115;297;224;4246
99147594;343.0625;7581;-17275;0.961592464;0.0387492184;-0.248810768
99170694;343.0625;7581;-17282;0.96261216;0.02447319;-0.23657418
99201152;343.125;7581;-17288;0.96261216;0.01631546;-0.232495316
99227605;343.125;7581;-17288;0.96363184;0.018354892;-0.237593884
99277829;343.125;7581;-17288;0.96363184;0.03263092;-0.24575162
99307881;343.125;7581;-17288;0.96363184;0.028552056;-0.237593884
99338092;343.25;7581;-17288;0.96363184;0.023453474;-0.237593884
99361012;343.25;7581;-17288;0.96363184;0.0193746092;-0.24167276
99387561;343.25;7581;-17288;0.9585333;0.025492906;-0.24677134
99408838;343.25;7581;-17288;0.9605727;0.031611204;-0.25390936
99438128;343.125;7581;-17288;0.961592464;0.03569007;-0.247791052
99460465;343.125;7581;-17288;0.961592464;0.030591488;-0.24065304
99487687;343.125;7581;-17067276
99509864;343.125;7581;-17288;0.96261216;0.018354892;-0.23963332
99538050;343.1875;7581;-17288;0.961592464;0.025492906;-0.24575162
99561381;343.1875;7581;-17288;0.9605727;0.029571772;-0.25186992
99587647;343.0;7581;-1728@20000101_000005_192721_airspeed_sdp810.csv@99590598;613;322;4248
99609029;343.0;7581;-17288;0.9646516;0.028552056;-0.2386136
99637903;343.0;7581;-17288;0.96363184;0.023453474;-0.23963332
99659942;343.0;7581;-17288;0.961592464;0.0193746092;-0.23963332
99708188;343.0;7581;-17288;0.96261216;0.026512622;-0.247791052
99731233;342.875;7581;-17288;0.9605727;0.034670352;-0.248810768
99758364;342.875;7581;-17288;0.96261216;0.03569007;-0.2447319
99780595;342.875;7581;-17288;0.96261216;0.026512622;-0.23555446
99807975;342.875;7581;-17288;0.96261216;0.017335176;-0.23453474
99829773;342.875;7581;-17288;0.961592464;0.018354892;-0.24575162
99853434;342.875;7581;-17288;0.961592464;0.018354892;-0.24575162
99877864;342.8125;7581;-17288;0.9605727;0.029571772;-0.24575162
99899710;342.8125;7581;-17288;0.96363184;0.04078865;-0.2447319
99927667;343.0;7581;-17288;0.96261216;0.036709784;-0.237593884
99950390;343.0;7581;-17288;0.959553;0.022433758;-0.24065304
99977568;343.0625;7581;-17288;0.961592464;0.020394326;-0.24065304
99998744;343.0625;7581;-17288;0.961592464;0.0193746092;-0.247791052
100058251;343.0625;7581;-17288;0.96363184;0.04078865;-0.2447319
100079861;343.0625;7581;-17288;0.96363184;0.036709784;-0.23963332
100109961;343.0625;7581;-17288;0.961592464;0.023453474;-0.24065304
100158167;343.0625;7581;-17288;0.959553;0.015295744;-0.248810768
100187986;343.0625;7581;-17288;0.961592464;0.028552056;-0.24677134
100210526;343.0625;7581;-17288;0.96261216;0.0377295;-0.24167276
100237614;343.0625;7581;-17288;0.96261216;0.033650636;-0.2386136
100259554;343.0625;7581;-17288;0.96363184;0.025492906;-0.237593884
100281682;343.0625;7581;-17288;0.959553;0.021414042;-0.2447319
100307855;343.0625;7581;-17282;0.961592464;0.0193746092;-0.2447319
100330975;343.0625;7581;-17282;0.96363184;0.023453474;-0.247791052
100358209;343.0625;7581;-17282;0.96363184;0.030591488;-0.23963332
100380614;343.125;7581;-17282;0.9646516;0.0387492184;-0.24065304
100408237;343.125;7581;-17282;0.961592464;0.030591488;-0.24065304
100438189;343.125;7581;-17282;0.961592464;0.021414042;-0.23963332
100459838;343.125;7581;-17282;0.961592464;0.017335176;-0.24371218
100481813;343.125;7581;-17282;0.961592464;0.020394326;-0.24575162
100508247;343.125;7581;-17282;0.96363184;0.033650636;-0.24575162
100538378;343.25;7581;-17282;0.96261216;0.033650636;-0.24371218
100559867;343.25;7581;-17282;0.9605727;0.031611204;-0.237593884
100638741;343.25;7581;-17282;0.959553;0.025492906;-0.25186992
100662357;343.25;7581;-17282;0.96261216;0.033650636;-0.24575162
100687950;343.25;7581;-179@20000101_000005_192721_airspeed_sdp810.csv@100690865;285;219;4248
100719791;343.25;7587;-17282;0.96261216;0.02447319;-0.23555446
100748106;343.25;7587;-17282;0.961592464;0.021414042;-0.24677134
100771162;343.25;7587;-17282;0.95649384;0.023453474;-0.25492908
100797779;343.25;7587;-17282;0.961592464;0.02447319;-0.25288964
100827443;343.25;7587;-17282;0.96261216;0.03263092;-0.2386136
100849886;343.25;7587;-17282;0.96363184;0.028552056;-0.22943616
100877850;343.25;7587;-17282;0.9646516;0.02447319;-0.23045588
100908420;343.25;7587;-17282;0.961592464;0.021414042;-0.24677134
100929779;343.25;7587;-17282;0.961592464;0.02447319;-0.24575162
100951669;343.25;7587;-17;-0.24065304
100978143;343.25;7587;-17282;0.96363184;0.030591488;-0.23555446
101008703;343.25;7587;-17282;0.96363184;0.029571772;-0.23657418
101031012;343.25;7587;-17282;0.9605727;0.025492906;-0.24575162
101067378;343.25;7587;-17282;0.961592464;0.022433758;-0.24983048
101091430;343.25;7587;-17282;0.961592464;0.023453474;-0.247791052
101113667;343.25;7587;-17282;0.961592464;0.028552056;-0.24167276
101137933;343.25;7587;-17282;0.9605727;0.02753234;-0.2386136
101159982;343.25;7587;-17282;0.96363184;0.031611204;-0.24167276
101187894;343.25;7587;-172@20000101_000005_192721_airspeed_sdp810.csv@101191041;222;193;4248
101210011;343.25;7587;-17282;0.9605727;0.022433758;-0.248810768
101238122;343.25;7587;-17282;0.961592464;0.023453474;-0.2508502
101260873;343.25;7587;-17282;0.9605727;0.02447319;-0.24065304
101287885;343.25;7587;-176;-0.23657418
101309796;343.25;7587;-17282;0.9646516;0.034670352;-0.23963332
101339047;343.25;7587;-17282;0.96261216;0.030591488;-0.2508502
101363362;343.25;7587;-17282;0.959553;0.026512622;-0.2508502
101388251;343.25;7587;-172468
101410108;343.25;7587;-17282;0.96363184;0.021414042;-0.232495316
101438164;343.25;7587;-17282;0.961592464;0.02753234;-0.232495316
101489776;343.25;7587;-17282;0.961592464;0.03263092;-0.24983048
101512682;343.25;7587;-17282;0.961592464;0.02753234;-0.24983048
101538776;343.25;7587;-17282;0.9605727;0.017335176;-0.24371218
101561631;343.25;7587;-17282;0.96363184;0.017335176;-0.2314756
101588334;343.25;7587;-17282;0.96363184;0.017335176;-0.23351502
101609845;343.25;7581;-17282;0.961592464;0.029571772;-0.24167276
101634303;343.25;7581;-17282;0.9605727;0.036709784;-0.2508502
101688223;343.25;7581;-17282;0.9605727;0.023453474;-0.24371218
101711224;343.25;7581;-17282;0.96363184;0.014276028;-0.23351502
101738166;343.25;7581;-17282;0.96261216;0.018354892;-0.2314756
101760489;343.25;7581;-17282;0.961592464;0.028552056;-0.247791052
101786475;343.25;7581;-17@20000101_000005_192721_airspeed_sdp810.csv@101789491;275;215;4252
101808711;343.25;7581;-17282;0.9605727;0.03569007;-0.25390936
101830497;343.25;7581;-17282;0.961592464;0.030591488;-0.24065304
101851728;343.25;7581;-17@20000101_000005_192721_airspeed_sdp810.csv@101855274;410;263;4249
101898267;343.25;7581;-17282;0.96261216;0.022433758;-0.242692468
101923336;343.25;7581;-17282;0.961592464;0.026512622;-0.248810768
101948268;343.25;7581;-17282;0.959553;0.033650636;-0.25390936
101970071;343.25;7581;-17282;0.961592464;0.03263092;-0.24167276
101998053;343.25;7587;-17282;0.961592464;0.02753234;-0.23657418
102019919;343.25;7587;-176943616
102041631;343.25;7587;-17282;0.96261216;0.022433758;-0.242692468
102063712;343.25;7581;-17282;0.959553;0.021414042;-0.2508502
102088062;343.25;7581;-17@20000101_000005_192721_airspeed_sdp810.csv@102091073;358;246;4249
102118268;343.25;7587;-17282;0.9605727;0.028552056;-0.2447319
102170486;343.25;7587;-17282;0.96261216;0.028552056;-0.23045588
102193862;343.25;7587;-17282;0.96261216;0.021414042;-0.24371218
102218056;343.25;7587;-170;4250
102240479;343.25;7587;-17282;0.961592464;0.02447319;-0.2569685
102263064;343.25;7587;-17282;0.96261216;0.02753234;-0.242692468
102318137;343.25;7587;-17282;0.96363184;0.036709784;-0.22943616
102348319;343.25;7587;-17282;0.961592464;0.026512622;-0.24065304
102371259;343.25;7587;-17282;0.9605727;0.022433758;-0.25288964
102398111;343.25;7587;-17282;0.9605727;0.020394326;-0.25492908
102419780;343.25;7587;-176;0.03263092;-0.24167276
102448224;343.25;7587;-17282;0.96363184;0.033650636;-0.237593884
102471826;343.25;7587;-17282;0.96363184;0.034670352;-0.2314756
102497909;343.25;7587;-17282;0.959553;0.029571772;-0.23963332
102526035;343.25;7587;-17282;0.959553;0.021414042;-0.2508502
102548937;343.25;7587;-17282;0.9585333;0.017335176;-0.25390936
102577808;343.25;7587;-17282;0.96261216;0.02447319;-0.242692468
102599981;343.25;7587;-17282;0.9646516;0.03569007;-0.23657418
102648523;343.3125;7587;-17275;0.96261216;0.029571772;-0.24065304
102678170;343.3125;7587;-17275;0.9605727;0.022433758;-0.24371218
102708358;343.3125;7587;-17275;0.9605727;0.018354892;-0.2508502
102757885;343.3125;7587;-17275;0.9605727;0.023453474;-0.24167276
102781976;343.3125;7587;-17269;0.96363184;0.0387492184;-0.23351502
102808143;343.3125;7587;-17269;0.96363184;0.033650636;-0.24065304
102838604;343.3125;7587;-17269;0.961592464;0.017335176;-0.248810768
102860231;343.3125;7587;-17269;0.959553;0.018354892;-0.247791052
102887945;343.3125;7587;-16;0.023453474;-0.24167276
102938407;343.3125;7587;-17269;0.96363184;0.036709784;-0.23657418
102960434;343.3125;7587;-17269;0.96363184;0.03263092;-0.24371218
102988197;343.3125;7587;-17275;0.96261216;0.022433758;-0.248810768
103010845;343.3125;7587;-17275;0.9575136;0.020394326;-0.247791052
103037811;343.3125;7587;-17275;0.96363184;0.021414042;-0.24167276
103059888;343.3125;7587;-17275;0.96363184;0.029571772;-0.237593884
103088100;343.3125;7587;-17275;0.961592464;0.03263092;-0.24167276
103111495;343.3125;7587;-17275;0.961592464;0.029571772;-0.2447319
103137978;343.3125;7587;-17275;0.961592464;0.022433758;-0.248810768
103159860;343.3125;7587;-17275;0.9605727;0.0193746092;-0.248810768
103210784;343.3125;7587;-17275;0.961592464v234;-22.549166;37.007216;101596.13;2.1316548
103237820;343.3125;7587;-17275;0.96261216;0.031611204;-0.24167276
103282154;343.3125;7587;-17269;0.9605727;0.02753234;-0.242692468
103310345;343.3125;7587;-17269;0.959553;0.01631546;-0.24371218
103338272;343.3125;7587;-17269;0.96363184;0.023453474;-0.242692468
103359893;343.3125;7587;-17275;0.9646516;0.033650636;-0.24167276
103408790;343.3125;7587;-17275;0.961592464;0.033650636;-0.24167276
103438358;343.3125;7587;-17275;0.96261216;0.025492906;-0.24167276
103460629;343.3125;7587;-17275;0.9605727;0.0193746092;-0.2447319
103487893;343.3125;7587;-@20000101_000005_192721_laser_agl.csv@103491403;0.021;0
103513961;343.3125;7587;-17275;0.961592464;0.030591488;-0.24167276
103538424;343.3125;7587;-17275;0.96261216;0.028552056;-0.23963332
103559822;343.3125;7587;-17275;0.96363184;0.033650636;-0.237593884
103587394;343.3125;7587;-@20000101_000005_192721_airspeed_sdp810.csv@103590462;605;320;4247
103648798;343.3125;7587;-17275;0.961592464;0.020394326;-0.247791052
103671306;343.3125;7587;-17275;0.96261216;0.029571772;-0.24371218
103708964;343.3125;7587;-17275;0.96261216;0.033650636;-0.24065304
103731137;343.3125;7587;-17275;0.9646516;0.026512622;-0.24167276
103758115;343.3125;7587;-17269;0.96261216;0.02447319;-0.24065304
103780800;343.3125;7587;-17269;0.96261216;0.021414042;-0.24677134
103808131;343.3125;7587;-17269;0.9605727;0.02447319;-0.24167276
103838701;343.375;7587;-17269;0.96261216;0.033650636;-0.24065304
103859713;343.375;7587;-17269;0.9646516;0.03263092;-0.237593884
103887741;343.375;7587;-17269;0.96363184;0.029571772;-0.2386136
103914890;343.375;7587;-17269;0.9605727;0.022433758;-0.242692468
103938522;343.375;7587;-17269;0.96261216;0.021414042;-0.242692468
103960549;343.375;7587;-17269;0.961592464;0.02753234;-0.24575162
103984548;343.375;7587;-17269;0.961592464;0.026512622;-0.24677134
104008426;343.3125;7587;-17269;0.9605727;0.028552056;-0.24065304
104038345;343.3125;7587;-17269;0.9656713;0.028552056;-0.242692468
104059794;343.3125;7587;-17269;0.959553;0.022433758;-0.2447319
104099922;343.3125;7587;-17269;0.961592464;0.02447319;-0.247791052
104124614;343.3125;7587;-17269;0.96261216;0.02753234;-0.24575162
104148363;343.3125;7587;-17269;0.96363184;0.029571772;-0.24167276
104170141;343.3125;7587;-17269;0.961592464;0.025492906;-0.2386136
104197822;343.3125;7587;-17269;0.961592464;0.02447319;-0.24167276
104228227;343.375;7587;-17269;0.96363184;0.029571772;-0.24575162
104250221;343.375;7587;-17269;0.959553;0.022433758;-0.24983048
104278026;343.375;7587;-17269;0.961592464;0.022433758;-0.23963332
104299955;343.375;7587;-17269;0.96363184;0.026512622;-0.23453474
104328472;343.375;7587;-17269;0.961592464;0.031611204;-0.237593884
104351162;343.375;7587;-17269;0.96261216;0.028552056;-0.242692468
104378143;343.375;7587;-17269;0.96261216;0.026512622;-0.24677134
104399771;343.375;7587;-17269;0.9646516;0.020394326;-0.24065304
104421936;343.375;7587;-17269;0.961592464;0.020394326;-0.24065304
104458680;343.375;7587;-17269;0.961592464;0.031611204;-0.247791052
104488681;343.375;7587;-17269;0.96363184;0.029571772;-0.24167276
104528586;343.375;7587;-17269;0.961592464;0.028552056;-0.24371218
104558804;343.375;7587;-17269;0.961592464;0.030591488;-0.247791052
104581064;343.375;7587;-17269;0.9605727;0.023453474;-0.24677134
104608315;343.375;7587;-17269;0.961592464;0.0193746092;-0.24167276
104638603;343.375;7587;-17269;0.96261216;0.022433758;-0.2386136
104664956;343.375;7587;-17269;0.96363184;0.031611204;-0.24371218
104748693;343.375;7587;-17269;0.9605727;0.02447319;-0.24167276
104770202;343.375;7587;-17269;0.96261216;0.020394326;-0.237593884
104798101;343.375;7587;-17269;0.96261216;0.023453474;-0.242692468
104828102;343.375;7587;-17269;0.96363184;0.0377295;-0.2447319
104852176;343.375;7587;-12@20000101_000005_192721_laser_agl.csv@104856473;0.019;0
104878229;343.375;7587;-17269;0.961592464;0.031611204;-0.24575162
104908302;343.375;7587;-17269;0.9646516;0.012236595;-0.23657418
104938258;343.375;7587;-17269;0.9605727;0.0193746092;-0.24677134
104971327;343.375;7587;-17269;0.96363184;0.0377295;-0.248810768
105022937;343.3125;7587;-17275;0.96363184;0.030591488;-0.2447319
105058936;343.375;7587;-17282;0.96363184;0.018354892;-0.24167276
105081379;343.375;7587;-17282;0.961592464;0.023453474;-0.247791052
105107145;343.375;7587;-17275;0.9585333;0.02447319;-0.24065304
105128791;343.375;7587;-17275;0.9605727;0.030591488;-0.247791052
105151625;343.375;7587;-17275;0.96363184;0.030591488;-0.24167276
105178304;343.375;7587;-17275;0.961592464;0.028552056;-0.24371218
105200478;343.375;7587;-17275;0.961592464;0.023453474;-0.24167276
105228345;343.375;7587;-17275;0.96261216;0.017335176;-0.2386136
105250161;343.375;7587;-17275;0.9605727;0.015295744;-0.24065304
105278207;343.375;7587;-17269;0.96261216;0.029571772;-0.2386136
105299787;343.375;7587;-17263;0.961592464;0.04078865;-0.24677134
105328561;343.375;7587;-17263;0.96363184;0.0387492184;-0.2447319
105351137;343.375;7587;-17263;0.96261216;0.030591488;-0.24983048
105378274;343.375;7587;-17263;0.96261216;0.021414042;-0.24065304
105399770;343.375;7587;-17263;0.9605727;0.018354892;-0.24575162
105478328;343.375;7587;-17263;0.961592464;0.0377295;-0.24167276
105499814;343.375;7587;-17263;0.9605727;0.036709784;-0.24983048
105528590;343.375;7587;-17269;0.961592464;0.033650636;-0.24575162
105551822;343.375;7587;-17269;0.96363184;0.013256311;-0.23963332
105578337;343.375;7587;-17269;0.961592464;0.018354892;-0.2447319
105600604;343.375;7587;-17269;0.96261216;0.02447319;-0.23963332
105649845;343.375;7587;-17269;0.961592464;0.03263092;-0.23963332
105671805;343.375;7587;-17269;0.96363184;0.028552056;-0.24371218
105698549;343.4375;7587;-17269;0.961592464;0.022433758;-0.24371218
105728509;343.4375;7587;-17269;0.9605727;0.015295744;-0.242692468
105758662;343.4375;7587;-17263;0.9656713;0.020394326;-0.23453474
105780814;343.4375;7587;-17263;0.9605727;0.031611204;-0.2386136
105804899;343.4375;7587;-17257;0.96261216;0.0377295;-0.24677134
105857465;343.4375;7587;-17257;0.96261216;0.03263092;-0.24371218
105881123;343.4375;7587;-@5856;0.010736;-77;28;-84;1
105908316;343.4375;7587;-17257;0.96363184;0.021414042;-0.242692468
105938385;343.4375;7587;-17257;0.96261216;0.02447319;-0.24371218
105968759;343.4375;7587;-17257;0.961592464;0.03263092;-0.25288964
105996544;343.4375;7587;-17257;0.96363184;0.036709784;-0.24983048
106028641;343.4375;7587;-17257;0.9605727;0.02753234;-0.242692468
106058238;343.4375;7587;-17263;0.961592464;0.013256311;-0.24065304
106079679;343.4375;7587;-17263;0.9646516;0.01631546;-0.24371218
106108681;343.4375;7587;-17263;0.96363184;0.02447319;-0.24167276
106131172;343.4375;7587;-17263;0.9605727;0.030591488;-0.24575162
106158592;343.4375;7587;-17263;0.961592464;0.034670352;-0.24983048
106180624;343.4375;7587;-17263;0.9585333;0.030591488;-0.24167276
106202187;343.4375;7587;-17263;0.9646516;0.0193746092;-0.2386136
106228566;343.4375;7587;-17263;0.96363184;0.018354892;-0.24167276
106250184;343.4375;7587;-17263;0.96363184;0.023453474;-0.24065304
106271682;343.4375;7587;-17257;0.961592464;0.029571772;-0.242692468
106310583;343.4375;7587;-17257;0.96261216;0.0377295;-0.24371218
106332210;343.4375;7587;-17257;0.96261216;0.041808368;-0.24575162
106358429;343.4375;7587;-17257;0.96261216;0.029571772;-0.24065304
106379699;343.4375;7587;-17257;0.96261216;0.020394326;-0.2386136
106400764;343.4375;7587;-17257;0.96261216;0.022433758;-0.24371218
106450617;343.4375;7587;-17257;0.96363184;0.03569007;-0.247791052
106477779;343.4375;7587;-17257;0.96363184;0.0377295;-0.24167276
106499678;343.4375;7587;-17263;0.9605727;0.023453474;-0.24167276
106521038;343.4375;7587;-17263;0.96261216;0.020394326;-0.2447319
106548671;343.4375;7587;-17263;0.9605727;0.014276028;-0.248810768
106570599;343.4375;7587;-17263;0.9605727;0.0193746092;-0.248810768
106597863;343.4375;7587;-17263;0.961592464;0.02753234;-0.24575162
106621018;343.4375;7587;-17263;0.96261216;0.030591488;-0.23657418
106647297;343.4375;7587;-17263;0.9646516;0.031611204;-0.23963332
106670859;343.4375;7587;-17263;0.96363184;0.02447319;-0.2447319
106721886;343.5;7587;-17257;0.9605727;0.022433758;-0.24371218
106752362;343.5;7587;-17257;0.961592464;0.031611204;-0.23963332
106778172;343.5;7587;-17250;0.96261216;0.036709784;-0.24167276
106800217;343.5;7587;-17250;0.9646516;0.03569007;-0.24065304
106828462;343.5;7587;-17250;0.96363184;0.030591488;-0.242692468
106851152;343.5;7587;-17250;0.96363184;0.026512622;01_airspeed_sdp810.csv@106855378;-448;0;4250
106878130;343.5;7587;-17250;0.961592464;0.02447319;-0.237593884
106908244;343.5;7587;-17250;0.96363184;0.028552056;-0.2386136
106938642;343.5;7587;-17250;0.9656713;0.03569007;-0.23963332
106960339;343.5;7587;-17250;0.961592464;0.029571772;-0.24167276
106981734;343.5;7587;-17257;0.959553;0.02753234;-0.2447319
107008859;343.5;7587;-17257;0.96363184;0.0193746092;-0.24167276
107038525;343.5;7587;-17257;0.961592464;0.0193746092;-0.23963332
107061035;343.5;7587;-17257;0.96261216;0.022433758;-0.2386136
107087983;343.5;7587;-17263;0.9605727;0.026512622;-0.24371218
107110163;343.4375;7587;-17263;0.96261216;0.028552056;-0.24677134
107138285;343.4375;7587;-17263;0.96261216;0.026512622;-0.24371218
107193938;343.4375;7587;-17263;0.96261216;0.022433758;-0.242692468
107241393;343.4375;7587;-17257;0.96363184;0.026512622;-0.24167276
107263494;343.4375;7587;-17257;0.96261216;0.031611204;-0.24371218
107288228;343.4375;7587;-17257;0.9605727;0.036709784;-0.24371218
107309956;343.4375;7587;-17257;0.961592464;0.0387492184;-0.25186992
107331830;343.4375;7587;-17257;0.96261216;0.03569007;-0.24677134
107358557;343.4375;7587;-17263;0.96261216;0.028552056;-0.242692468
107380881;343.5;7587;-17263;0.96261216;0.025492906;-0.23555446
107408315;343.5;7587;-17263;0.96261216;0.02447319;-0.23555446
107438433;343.5;7587;-17263;0.96363184;0.025492906;-0.2447319
107463689;343.5;7587;-17263;0.9605727;0.034670352;-0.24371218
107488342;343.5;7587;-17263;0.961592464;0.03263092;-0.24575162
107509805;343.5;7587;-17263;0.96261216;0.022433758;-0.2386136
107538497;343.5;7587;-17263;0.961592464;0.018354892;-0.23351502
107563833;343.5;7587;-17263;0.96363184;0.01631546;-0.23657418
107609567;343.5;7587;-17263;0.961592464;0.02753234;-0.24677134
107638808;343.4375;7587;-17257;0.961592464;0.030591488;-0.24677134
107662351;343.4375;7587;-17257;0.96261216;0.031611204;-0.242692468
107688154;343.4375;7587;-17257;0.96363184;0.02753234;-0.23963332
107728000;343.4375;7587;-17257;0.961592464;0.02447319;-0.237593884
107758674;343.4375;7587;-17257;0.9605727;0.02753234;-0.247791052
107781375;343.4375;7587;-17257;0.96261216;0.036709784;-0.25186992
107808135;343.4375;7587;-17257;0.9605727;0.0387492184;-0.24983048
107838459;343.4375;7587;-17257;0.96363184;0.04078865;-0.24677134
107860996;343.5;7587;-17263;0.96363184;0.025492906;-0.24167276
107888131;343.5;7587;-17269;0.96261216;0.021414042;-0.237593884
107910656;343.5;7587;-17269;0.961592464;0.020394326;-0.24167276
107931631;343.5;7587;-17269;0.961592464;0.023453474;-0.24371218
107958506;343.5;7587;-17269;0.9605727;0.029571772;-0.24677134
107980393;343.5;7587;-17269;0.961592464;0.030591488;-0.24065304
108006721;343.5;7587;-17269;0.96363184;0.028552056;-0.23963332
108038368;343.5;7587;-17269;0.96363184;0.020394326;-0.23963332
108078969;343.5;7587;-17269;0.96261216;0.01631546;-0.24065304
108101709;343.5;7587;-17269;0.9605727;0.025492906;-0.24677134
108128449;343.5;7587;-17269;0.96261216;0.026512622;-0.24065304
108159442;343.5;7587;-17263;0.9646516;0.03569007;-0.23963332
108187985;343.5;7587;-17263;0.961592464;0.034670352;-0.2386136
108218299;343.5;7587;-17263;0.96261216;0.030591488;-0.24677134
108247343;343.5;7587;-17263;0.961592464;0.018354892;-0.24677134
108269150;343.5;7587;-17263;0.959553;0.02753234;-0.24371218
108290912;343.5;7587;-17263;0.96261216;0.031611204;-0.24167276
108312851;343.5;7587;-17263;0.96261216;0.0377295;-0.24167276
108370386;343.4375;7587;-17269;0.96261216;0.025492906;-0.25186992
108413841;343.4375;7587;-17275;0.961592464;0.01631546;-0.24167276
108438408;343.4375;7587;-17275;0.96363184;0.0193746092;-0.23555446
108488448;343.4375;7587;-17275;0.9605727;0.03569007;-0.248810768
108509946;343.4375;7587;-17275;0.9585333;0.02753234;-0.2508502
108538810;343.4375;7587;-17275;0.9605727;0.010197163;-0.24677134
108568435;343.4375;7587;-17275;0.9605727;0.015295744;-0.23351502
108598398;343.4375;7587;-17269;0.96363184;0.02753234;-0.23555446
108621887;343.4375;7587;-17263;0.9646516;0.042828084;-0.248810768
108648232;343.4375;7587;--0_192721_airspeed_sdp810.csv@108651514;1063;424;4251
108678464;343.4375;7587;-17263;0.9605727;0.0193746092;-0.24983048
108700749;343.4375;7587;-17263;0.961592464;0.025492906;-0.237593884
108738371;343.4375;7587;-17263;0.96261216;0.02753234;-0.23555446
108761799;343.4375;7587;-17263;0.9605727;0.036709784;-0.24677134
108788150;343.4375;7587;-17263;0.959553;0.046906948;-0.2579882
108810766;343.4375;7587;-17269;0.961592464;0.028552056;-0.25390936
108838730;343.4375;7587;-17275;0.96261216;0.021414042;-0.24575162
108868538;343.4375;7587;-17275;0.9646516;0.012236595;-0.22841644
108908294;343.4375;7587;-17282;0.9646516;0.030591488;-0.23963332
108929647;343.4375;7587;-17282;0.961592464;0.03569007;-0.247791052
108963581;343.4375;7587;-17282;0.959553;0.025492906;-0.2641065
108988606;343.375;7587;-17288;0.9605727;0.022433758;-0.25186992
109010079;343.4375;7593;-17282;0.966691;0.017335176;-0.22739672
109037882;343.375;7593;-17288;0.96261216;0.017335176;-0.22331786
109059755;343.375;7593;-17288;0.961592464;0.02753234;-0.23657418
109081974;343.375;7587;-17288;0.96363184;0.033650636;-0.25288964
109108688;343.375;7587;-17288;0.95649384;0.0377295;-0.25900792
109138571;343.4375;7587;-17282;0.9605727;0.034670352;-0.25288964
109160325;343.4375;7587;-17282;0.961592464;0.023453474;-0.2314756
109181825;343.4375;7587;-17282;0.9646516;0.020394326;-0.2314756
109208197;343.4375;7593;-17282;0.96363184;0.022433758;-0.2314756
109229761;343.4375;7587;-17282;0.96261216;0.034670352;-0.24167276
109252139;343.4375;75880377295;-0.25390936
109278129;343.4375;7587;-17275;0.96363184;0.034670352;-0.25492908
109299834;343.4375;7587;-17275;0.96261216;0.030591488;-0.25288964
109322016;343.4375;7587;-17275;0.96261216;0.021414042;-0.23657418
109368799;343.4375;7587;-17282;0.961592464;0.020394326;-0.232495316
109398441;343.4375;7587;-17282;0.9605727;0.022433758;-0.24167276
109421823;343.4375;7587;-17282;0.9605727;0.02753234;-0.24371218
109459730;343.4375;7587;-17282;0.9605727;0.036709784;-0.25390936
109480652;343.4375;7587;-17282;0.961592464;0.031611204;-0.24575162
109508563;343.4375;7587;-17282;0.96261216;0.018354892;-0.23657418
109530614;343.4375;7587;-17282;0.96261216;0.01631546;-0.232495316
109558587;343.4375;7587;-17282;0.961592464;0.023453474;-0.23657418
109580468;343.4375;7587;-17282;0.9605727;0.03263092;-0.24677134
109602165;343.4375;7587;-17282;0.96363184;0.03569007;-0.248810768
109628408;343.4375;7587;-17282;0.96261216;0.0377295;-0.24983048
109658502;343.4375;7587;-17275;0.96261216;0.0387492184;-0.247791052
109688107;343.4375;7587;-17282;0.959553;0.02753234;-0.24167276
109709977;343.4375;7587;-17282;0.96261216;0.01631546;-0.23555446
109738583;343.4375;7587;-17288;0.9605727;0.017335176;-0.24065304
109760739;343.4375;7587;-17288;0.9605727;0.036709784;-0.25186992
109782050;343.4375;7587;-17288;0.961592464;0.0438478;-0.25288964
109829362;343.375;7587;-17294;0.96363184;0.026512622;-0.23963332
109855426;343.375;7587;-17300;0.96261216;0.013256311;-0.23963332
109878482;343.375;7587;-17307;0.9585333;0.010197163;-0.24167276
109899813;343.375;7587;-17300;0.95649384;0.023453474;-0.248810768
109928657;343.375;7581;-17300;0.959553;0.034670352;-0.248810768
109958711;343.375;7581;-17300;0.96363184;0.031611204;-0.24167276
109981909;343.375;7581;-17300;0.96363184;0.023453474;-0.23453474
110008220;343.375;7581;-17300;0.961592464;0.020394326;-0.2386136
110038063;343.375;7581;-17300;0.961592464;0.021414042;-0.24575162
110068588;343.375;7581;-17294;0.96363184;0.030591488;-0.24167276
110090376;343.375;7581;-17294;0.961592464;0.0377295;-0.24983048
110111767;343.375;7581;-17294;0.9605727;0.0387492184;-0.24677134
110137915;343.375;7581;-17294;0.96363184;0.036709784;-0.2386136
110168251;343.375;7581;-17294;0.9646516;0.023453474;-0.23657418
110213969;343.375;7581;-17294;0.961592464;0.022433758;-0.24575162
110238579;343.375;7581;-17294;0.9605727;0.02447319;-0.242692468
110293952;343.375;7581;-17300;0.96363184;0.030591488;-0.2386136
110315797;343.375;7581;-17300;0.961592464;0.02447319;-0.2386136
110340230;343.375;7581;-17300;0.961592464;0.015295744;-0.24575162
110362338;343.375;7581;-17300;0.959553;0.010197163;-0.247791052
110398168;343.375;7581;-17300;0.961592464;0.028552056;-0.247791052
110428178;343.375;7581;-17300;0.96261216;0.028552056;-0.23453474
110458440;343.375;7581;-17300;0.961592464;0.026512622;-0.23657418
110480267;343.375;7581;-17300;0.96363184;0.026512622;-0.25186992
110508782;343.375;7581;-17300;0.9585333;0.029571772;-0.26104736
110538175;343.375;7581;-17300;0.959553;0.02753234;-0.25288964
110568371;343.375;7581;-17300;0.96363184;0.025492906;-0.2314756
110614132;343.375;7581;-17300;0.96261216;0.03263092;-0.242692468
110638329;343.375;7581;-17300;0.9605727;0.033650636;-0.25288964
110660646;343.375;7581;-17300;0.959553;0.03263092;-0.2569685
110687923;343.375;7581;-17300;0.96261216;0.03263092;-0.25288964
110728181;343.375;7587;-17313;0.9605727;0.026512622;-0.23657418
110750030;343.375;7587;-17313;0.96363184;0.015295744;-0.232495316
110778409;343.375;7587;-17313;0.96261216;0.013256311;-0.2314756
110800026;343.375;7587;-17313;0.96261216;0.02447319;-0.24983048
110849298;343.375;7587;-17313;0.961592464;0.0377295;-0.24677134
110872474;343.375;7587;-17319;0.96363184;0.025492906;-0.237593884
110898253;343.375;7593;-17319;0.9605727;0.011216879;-0.22739672
110928222;343.375;7587;-17319;0.96261216;0.00815773;-0.23351502
110955413;343.375;7587;-17313;0.961592464;0.023453474;-0.2508502
110977174;343.375;7587;-17307;0.9585333;0.036709784;-0.25390936
110998902;343.375;7587;-17300;0.961592464;0.04588723;-0.24575162
111028236;343.4375;7587;-17300;0.96363184;0.04078865;-0.23555446
111078100;343.4375;7587;-17300;0.96363184;0.018354892;-0.23453474
111099989;343.4375;7587;-17300;0.9585333;0.018354892;-0.25186992
111128270;343.375;7587;-17300;0.959553;0.02753234;-0.25492908
111172001;343.375;7587;-17300;0.966691;0.046906948;-0.237593884
111198694;343.4375;7587;-17307;0.96363184;0.030591488;-0.22943616
111247832;343.375;7587;-17319;0.96363184;0.0030591488;-0.24575162
111270002;343.375;7587;-17319;0.9585333;0.023453474;-0.26002764
111299055;343.375;7587;-17319;0.961592464;0.033650636;-0.242692468
111328360;343.3125;7587;-17319;0.9646516;0.033650636;-0.22433758
111349843;343.3125;7587;-2;0
111376070;343.3125;7587;-17319;0.96363184;0.028552056;-0.24167276
111398420;343.3125;7587;-17325;0.9605727;0.013256311;-0.2569685
111428144;343.3125;7581;-17325;0.9605727;0.01631546;-0.26002764
111453140;343.3125;7587;-17319;0.96363184;0.026512622;-0.23555446
111477973;343.3125;7587;-17313;0.9656713;0.0377295;-0.2314756
111500374;343.375;7587;-17307;0.96363184;0.041808368;-0.23453474
111528095;343.375;7581;-17307;0.96261216;0.03569007;-0.24167276
111550240;343.375;7581;-136;4249
111572854;343.375;7581;-17313;0.95649384;0.014276028;-0.2569685
111620238;343.375;7581;-17313;0.96363184;0.039768936;-0.22841644
111641868;343.375;7581;-17313;0.96363184;0.041808368;-0.22739672
111663754;343.375;7587;-17307;0.961592464;0.039768936;-0.23555446
111688146;343.375;7587;-17313;0.959553;0.022433758;-0.248810768
111748141;343.3125;7s751513;0.02;0
111769832;343.375;7587;-17325;0.9646516;0.030591488;-0.22433758
111797995;343.375;7587;-17319;0.9646516;0.0377295;-0.22433758
111822245;343.375;7587;-17319;0.9605727;0.031611204;-0.23657418
111848092;343.375;7581;-17325;0.9605727;0.025492906;-0.26104736
111873374;343.375;7581;-17325;0.9585333;0.015295744;-0.2579882
111898160;343.375;7581;-17319;0.96363184;0.020394326;-0.2508502
111928099;343.375;7581;-17319;0.966691;0.029571772;-0.2314756
111958114;343.375;7581;-17313;0.966691;0.0387492184;-0.22739672
111979909;343.375;7581;-17313;0.96363184;0.031611204;-0.25288964
112008204;343.375;7581;-17313;0.9585333;0.023453474;-0.26002764
112030990;343.375;7581;-17313;0.9585333;0.021414042;-0.25594878
112078452;343.375;7581;-17319;0.9656713;0.031611204;-0.22943616
112099849;343.375;7581;-17313;0.9646516;0.039768936;-0.22841644
112137814;343.375;7581;-17313;0.961592464;0.029571772;-0.24677134
112160695;343.375;7581;-17319;0.9605727;0.0193746092;-0.2569685
112187636;343.375;7581;-17319;0.95649384;0.020394326;-0.25288964
112208817;343.375;7581;-17319;0.9605727;0.026512622;-0.237593884
112231315;343.375;7581;-17319;0.96363184;0.030591488;-0.2314756
112258025;343.375;7581;-17319;0.96363184;0.028552056;-0.23045588
112287663;343.375;7581;-196276
112309752;343.375;7581;-17319;0.9585333;0.021414042;-0.25390936
112338412;343.375;7581;-17325;0.959553;0.022433758;-0.25594878
112359909;343.375;7581;-17325;0.96363184;0.029571772;-0.23657418
112387862;343.375;7581;-17319;0.96363184;0.028552056;-0.23045588
112410119;343.375;7581;-17319;0.961592464;0.033650636;-0.23657418
112438152;343.375;7581;-17319;0.961592464;0.029571772;-0.24677134
112460633;343.375;7581;-17325;0.9605727;0.02753234;-0.25186992
112508436;343.375;7581;-17325;0.961592464;0.028552056;-0.248810768
112538358;343.375;7581;-17319;0.96363184;0.029571772;-0.2314756
112560022;343.375;7581;-17319;0.9646516;0.031611204;-0.23351502
112587932;343.375;7581;-17319;0.96261216;0.029571772;-0.24167276
112618214;343.375;7581;-17319;0.96261216;0.026512622;-0.24983048
112641222;343.375;7581;-17319;0.9605727;0.026512622;-0.25390936
112663295;343.375;7581;-17319;0.96261216;0.02753234;-0.24167276
112687998;343.375;7581;-17319;0.96363184;0.022433758;-0.23555446
112718195;343.375;7581;-17319;0.964651_000005_192721_airspeed_sdp810.csv@112720046;293;222;4247
112748126;343.375;7581;-17319;0.961592464;0.02447319;-0.24575162
112771654;343.375;7581;-17319;0.9605727;0.028552056;-0.2569685
112798009;343.375;7581;-17319;0.959553;0.028552056;-0.2579882
112828169;343.375;7581;-17319;0.961592464;0.028552056;-0.24167276
112858310;343.375;7581;-17319;0.9646516;0.025492906;-0.23045588
112887811;343.375;7581;-17319;0.961592464;0.025492906;-0.2386136
112910738;343.375;7581;-17319;0.959553;0.031611204;-0.25288964
112971332;343.375;7581;-17319;0.96261216;0.02753234;-0.2386136
112997945;343.375;7581;-17319;0.9646516;0.02753234;-0.23045588
113020988;343.375;7581;-17319;0.96363184;0.02447319;-0.23453474
113047705;343.375;7581;-17319;0.961592464;0.028552056;-0.247791052
113070017;343.375;7581;-17319;0.959553;0.028552056;-0.25594878
113128301;343.375;7581;-17319;0.96261216;0.023453474;-0.23453474
113151767;343.375;7581;-17319;0.961592464;0.02447319;-0.23045588
113178145;343.375;7581;-17319;0.9605727;0.026512622;-0.23555446
113200018;343.375;7581;-17319;0.961592464;0.028552056;-0.25186992
113227374;343.375;7581;-17319;0.9605727;0.025492906;-0.25186992
113250302;343.375;7581;-17319;0.961592464;0.022433758;-0.24371218
113277844;343.375;7581;-17319;0.96363184;0.023453474;-0.23453474
113299774;343.375;7581;-17319;0.96363184;0.029571772;-0.23555446
113327782;343.375;7581;-17319;0.96363184;0.028552056;-0.237593884
113368766;343.375;7581;-17319;0.9605727;0.031611204;-0.25390936
113398035;343.375;7581;-17319;0.9605727;0.025492906;-0.2508502
113419948;343.375;7581;-1@20000101_000005_192721_airspeed_sdp810.csv@113423209;543;303;4248
113448369;343.375;7581;-17319;0.9656713;0.031611204;-0.2314756
113478143;343.375;7581;-17319;0.96261216;0.030591488;-0.23555446
113500815;343.375;7581;-17319;0.959553;0.029571772;-0.25186992
113528133;343.375;7581;-17319;0.959553;0.030591488;-0.2508502
113549839;343.375;7581;-17319;0.961592464;0.028552056;-0.24575162
113575802;343.375;7581;-17319;0.961592464;0.025492906;-0.23453474
113598555;343.375;7581;-17319;0.961592464;0.017335176;-0.226377008
113620298;343.375;7581;-14000101_000005_192721_baro_icp10111.csv@113621682;-22.559734;36.9938668;101596.28;2.1210862
113644488;343.375;7581;-17319;0.961592464;0.033650636;-0.2508502
113668211;343.375;7581;-17319;0.959553;0.0387492184;-0.26002764
113697854;343.375;7581;-17319;0.9605727;0.02447319;-0.2508502
113728198;343.375;7581;-17319;0.9646516;0.015295744;-0.23555446
113751367;343.375;7581;-17319;0.96261216;0.022433758;-0.23045588
113798388;343.375;7581;-17313;0.9605727;0.031611204;-0.24983048
113820694;343.375;7581;-17313;0.959553;0.031611204;-0.26002764
113847790;343.375;7581;-17313;0.9585333;0.031611204;-0.2569685
113871285;343.375;7581;-17313;0.9605727;0.02447319;-0.242692468
113897922;343.375;7581;-17313;0.96363184;0.02447319;-0.23453474
113919668;343.375;7581;-195_192721_airspeed_sdp810.csv@113921683;595;317;4253
113941972;343.375;7581;-17313;0.959553;0.025492906;-0.24677134
113968197;343.375;7581;-17313;0.961592464;0.028552056;-0.25390936
113997911;343.375;7581;-17313;0.961592464;0.036709784;-0.25900792
114028515;343.375;7581;-17313;0.961592464;0.028552056;-0.248810768
114077930;343.375;7581;-17313;0.96363184;0.020394326;-0.23045588
114099801;343.375;7581;-17313;0.96363184;0.021414042;-0.23453474
114128363;343.375;7581;-17313;0.961592464;0.02447319;-0.24167276
114150901;343.375;7581;-17313;0.961592464;0.03569007;-0.25390936
114177847;343.375;7581;-17313;0.9585333;0.0387492184;-0.25594878
114199700;343.375;7581;-17313;0.961592464;0.026512622;-0.24371218
114239545;343.375;7581;-17313;0.961592464;0.020394326;-0.23555446
114261035;343.375;7581;-17313;0.96261216;0.020394326;-0.2386136
114287826;343.375;7581;-173;.026512622;-0.24371218
114312587;343.375;7581;-17313;0.96261216;0.03569007;-0.24677134
114337945;343.375;7581;-17313;0.96261216;0.036709784;-0.24065304
114361053;343.375;7581;-17313;0.96363184;0.02753234;-0.24065304
114387981;343.375;7581;-1.@20000101_000005_192721_airspeed_sdp810.csv@114390424;660;334;4249
114418374;343.4375;701_000005_192721_airspeed_sdp810.csv@114420320;662;334;4252
114441071;343.4375;7581;-17313;0.96261216;0.02447319;-0.24677134
114462993;343.4375;7581;-17313;0.9605727;0.02753234;-0.247791052
114488200;343.375;7581;-17313;0.96261216;0.033650636;-0.2447319
114548601;343.375;7581;-17313;0.9605727;0.026512622;-0.24677134
114570874;343.375;7581;-17313;0.961592464;0.023453474;-0.24167276
114619880;343.375;7581;-1;101_000005_192721_accel_adxl375.csv@114621613;1.7639999;0.196;0.147;1
114648528;343.375;7581;-17313;0.9605727;0.029571772;-0.24371218
114697985;343.375;7581;-17313;0.9605727;0.026512622;-0.248810768
114728306;343.375;7581;-17313;0.96261216;0.023453474;-0.2447319
114761404;343.375;7581;-17313;0.961592464;0.02447319;-0.24167276
114788138;343.375;7581;-17313;0.96261216;0.033650636;-0.2447319
114810810;343.375;7581;-17313;0.96261216;0.031611204;-0.2447319
114838030;343.375;7581;-17313;0.9605727;0.028552056;-0.242692468
114881833;343.375;7581;-17313;0.96261216;0.029571772;-0.24371218
114908151;343.375;7581;-17313;0.9605727;0.031611204;-0.248810768
114937837;343.375;7581;-17313;0.961592464;0.03263092;-0.24983048
114968355;343.375;7581;-17313;0.96261216;0.025492906;-0.24167276
115012701;343.375;7581;-17313;0.9605727;0.025492906;-0.24167276
115048081;343.375;7581;-17313;0.9605727;0.028552056;-0.24575162
115069892;343.375;7581;-17313;0.961592464;0.030591488;-0.24983048
115111134;343.375;7581;-17313;0.961592464;0.028552056;-0.24167276
115138717;343.375;7581;-17313;0.9605727;0.022433758;-0.24065304
115160886;343.375;7581;-17313;0.961592464;0.023453474;-0.237593884
115209917;343.375;7581;-17313;0.96363184;0.031611204;-0.24983048
115237768;343.375;7581;-17313;0.959553;0.028552056;-0.248810768
115260502;343.375;7581;-17313;0.96363184;0.026512622;-0.242692468
115287826;343.375;7581;-136026512622;-0.24167276
115314352;343.375;7581;-17313;0.96261216;0.02753234;-0.23555446
115338093;343.375;7581;-17313;0.96363184;0.030591488;-0.2386136
115359757;343.375;7581;-17313;0.9605727;0.029571772;-0.24677134
115384644;343.375;7581;-17313;0.959553;0.030591488;-0.2508502
115414678;343.375;7581;-17313;0.961592464;0.02447319;-0.2447319
115438404;343.375;7581;-17313;0.961592464;0.02753234;-0.23963332
115460021;343.375;7581;-17313;0.96363184;0.029571772;-0.237593884
115486477;343.375;7581;-17313;0.96261216;0.031611204;-0.237593884
115538179;343.375;7575;-17313;0.9605727;0.023453474;-0.25390936
115611062;343.375;7581;-17313;0.96363184;0.025492906;-0.2386136
115637766;343.375;7581;-17313;0.96261216;0.031611204;-0.2386136
115687854;343.375;7581;-17313;0.9605727;0.02753234;-0.247791052
115709960;343.375;7581;-17313;0.9605727;0.026512622;-0.248810768
115738034;343.375;7581;-17313;0.96363184;0.030591488;-0.242692468
115760133;343.375;7581;-17313;0.961592464;0.029571772;-0.237593884
115781772;343.375;7581;-17313;0.96363184;0.030591488;-0.23657418
115808708;343.375;7581;-17313;0.961592464;0.030591488;-0.237593884
115837714;343.375;7581;-17313;0.96363184;0.031611204;-0.24983048
115859730;343.375;7581;-17313;0.9605727;0.02753234;-0.25288964
115882454;343.375;7581;-17313;0.9605727;0.02447319;-0.2447319
115908439;343.375;7581;-17313;0.96261216;0.018354892;-0.23963332
115938522;343.375;7581;-17313;0.96363184;0.030591488;-0.23045588
115978276;343.375;7575;-17313;0.9605727;0.028552056;-0.2447319
116001175;343.375;7575;-17313;0.959553;0.017335176;-0.2569685
116027780;343.375;7575;-17313;0.9585333;0.015295744;-0.2508502
116058590;343.375;7581;-17313;0.96363184;0.029571772;-0.24065304
116081152;343.375;7581;-17313;0.9656713;0.03263092;-0.23351502
116108222;343.375;7581;-17313;0.9605727;0.031611204;-0.23657418
116137735;343.375;7581;-17313;0.959553;0.021414042;-0.247791052
116188375;343.375;7581;-17313;0.961592464;0.025492906;-0.24983048
116210445;343.375;7581;-17313;0.96363184;0.026512622;-0.237593884
116236108;343.375;7581;-17313;0.96261216;0.033650636;-0.23555446
116288071;343.375;7581;-17313;0.9585333;0.02753234;-0.24065304
116309742;343.375;7581;-17313;0.9575136;0.02753234;-0.24983048
116331007;343.375;7581;-17313;0.961592464;0.023453474;-0.24677134
116358482;343.375;7581;-17313;0.96261216;0.025492906;-0.2447319
116420914;343.375;7581;-17313;0.959553;0.03263092;-0.242692468
116458742;343.375;7581;-17313;0.96261216;0.026512622;-0.24983048
116481408;343.375;7581;-17313;0.9585333;0.020394326;-0.248810768
116508021;343.375;7581;-17313;0.9605727;0.020394326;-0.24575162
116531435;343.375;7581;-17313;0.96363184;0.029571772;-0.23963332
116558470;343.375;7581;-17313;0.96363184;0.026512622;-0.23555446
116581005;343.375;7581;-17313;0.96261216;0.028552056;-0.23963332
116614831;343.375;7581;-17313;0.961592464;0.028552056;-0.246771340cel_adxl375.csv@116615946;1.7639999;0.147;0.244999984;1
116641574;343.375;7581;-17313;0.961592464;0.022433758;-0.24983048
116663282;343.375;7581;-17313;0.96261216;0.02447319;-0.24167276
116688292;343.375;7581;-1
116739675;343.375;7581;-17313;0.96363184;0.031611204;-0.248810768
116768401;343.375;7581;-17313;0.96363184;0.03263092;-0.248810768
116791578;343.375;7581;-17313;0.9605727;0.029571772;-0.247791052
116814204;343.375;7581;-17313;0.96261216;0.026512622;-0.247791052
116888550;343.375;7581;-17313;0.9605727;0.029571772;-0.24065304
116918803;343.375;7581;-17313;0.959553;0.031611204;-0.248810768
116948227;343.375;7581;-17313;0.9605727;0.023453474;-0.24983048
116969696;343.375;7581;-17313;0.9605727;0.022433758;-0.24167276
117028469;343.375;7581;-17313;0.961592464;0.029571772;-0.23963332
117051960;343.375;7581;-1@20000101_000005_192721_baro_bmp280.csv@117058006;-31.89753;37.83;101708.732;3.9396324
117078178;343.375;7581;-17313;0.96261216;0.030591488;-0.248810768
117099958;343.375;7581;-17313;0.9585333;0.023453474;-0.242692468
117121954;343.375;7581;-17313;0.96363184;0.023453474;-0.24167276
117148503;343.375;7581;-17313;0.9605727;0.023453474;-0.2386136
117177991;343.375;7581;-17313;0.961592464;0.025492906;-0.232495316
117208194;343.375;7581;-17313;0.961592464;0.03263092;-0.2447319
117231023;343.375;7581;-17313;0.9575136;0.03569007;-0.2569685
117258461;343.375;7581;-17313;0.9605727;0.03263092;-0.25390936
117299357;343.375;7581;-17313;0.9605727;0.021414042;-0.2386136
117328940;343.375;7581;-17313;0.96363184;0.025492906;-0.2386136
117351162;343.375;7581;-17313;0.96261216;0.030591488;-0.24677134
117378651;343.375;7581;-17313;0.959553;0.03263092;-0.24983048
117414872;343.375;7581;-17313;0.9605727;0.029571772;-0.247791052
117438702;343.375;7581;-17313;0.961592464;0.02447319;-0.2447319
117461486;343.375;7581;-17313;0.961592464;0.021414042;-0.23657418
117488188;343.375;7581;-17313;0.9646516;0.025492906;-0.2386136
117518232
117548527;343.375;7581;-17313;0.961592464;0.02753234;-0.24983048
117571965;343.375;7581;-17313;0.961592464;0.026512622;-0.24167276
117598342;343.375;7581;-17313;0.9646516;0.026512622;-0.242692468
117620124;343.375;7581;-1@20000101_000005_192721_airspeed_sdp810.csv@117623336;652;332;4252
117648409;343.375;7581;-17313;0.961592464;0.02.@20000101_000005_192721_accel_adxl375.csv@117654945;1.813;0.147;0.196;1
117678032;343.375;7581;-17313;0.9605727;0.026512622;-0.247791052
117699895;343.375;7581;-17313;0.9605727;0.031611204;-0.248810768
117728446;343.375;7581;-17313;0.961592464;0.034670352;-0.24677134
117768712;343.375;7581;-17313;0.96363184;0.026512622;-0.23555446
117798220;343.375;7581;-17313;0.9605727;0.023453474;-0.2447319
117820284;343.375;7581;-1@20000101_000005_192721_accel_adxl375.csv@117822473;1.813;0.147;0.147;1
117841692;343.375;7581;-17313;0.9605727;0.031611204;-0.25288964
117878450;343.375;7581;-17313;0.959553;0.03263092;-0.247791052
117908168;343.375;7581;-17313;0.96363184;0.02753234;-0.24167276
117929763;343.375;7581;-17313;0.96261216;0.021414042;-0.23351502
117957687;343.375;7581;-17313;0.96261216;0.02753234;-0.237593884
117979182;343.375;7581;-17313;0.9605727;0.031611204;-0.24677134
118000924;343.375;7581;-17313;0.9605727;0.029571772;-0.25390936
118028345;343.375;7581;-17313;0.961592464;0.02753234;-0.247791052
118058792;343.375;7581;-17313;0.96261216;0.02447319;-0.24065304
118086715;343.375;7581;-1@20000101_000005_192721_airspeed_sdp810.csv@118090543;620;324;4249
118110496;343.375;7581;-17313;0.96261216;0.028552056;-0.23963332
118138365;343.375;7581;-17313;0.96261216;0.029571772;-0.2508502
118161056;343.375;7581;-17313;0.9605727;0.028552056;-0.2447319
118187741;343.375;7581;-17313;0.96363184;0.026512622;-0.2447319
118228811;343.375;7581;-17313;0.96363184;0.029571772;-0.23555446
118250920;343.375;7581;-1@20000101_000005_192721_imu_lsm6dso32.csv@118254679;1.013088;0.013664;0.0;-63;0;-77;1
118277971;343.375;7581;-17313;0.96363184;0.030591488;-0.2447319
118299905;343.375;7581;-17313;0.961592464;0.023453474;-0.24983048
118328725;343.375;7581;-17313;0.96261216;0.021414042;-0.24371218
118378205;343.375;7581;-17313;0.96261216;0.031611204;-0.2386136
118408590;343.375;7581;-17313;0.961592464;0.025492906;-0.2447319
118429762;343.375;7581;-17313;0.961592464;0.021414042;-0.24677134
118458287;343.375;7581;-17313;0.959553;0.023453474;-0.2508502
118480410;343.375;7581;-17313;0.9605727;0.026512622;-0.24677134
118501725;343.375;7581;-17313;0.96261216;0.028552056;-0.24677134
118528307;343.375;7581;-17313;0.96363184;0.02753234;-0.237593884
118550278;343.375;7581;-17313;0.96363184;0.029571772;-0.23453474
118573910;343.375;7581;-17313;0.96363184;0.029571772;-0.23657418
118598477;343.375;7581;-17313;0.961592464;0.023453474;-0.24167276
118649109;343.375;758@20000101_000005_192721_imu_lsm6dso32.csv@118656412;1.012112;0.00488;0.000976;-56;70;-91;1
118678513;343.375;7581;-17313;0.961592464;0.026512622;-0.2386136
118708660;343.375;7581;-17313;0.96363184;0.025492906;-0.23351502
118738401;343.375;7581;-17313;0.96261216;0.031611204;-0.24065304
118761238;343.375;7575;-17313;0.96261216;0.033650636;-0.24983048
118787993;343.375;7575;-17313;0.9605727;0.028552056;-0.25900792
118810365;343.375;7575;-17313;0.961592464;0.020394326;-0.24167276
118838464;343.375;7575;-17313;0.961592464;0.020394326;-0.237593884
118860609;343.375;7575;-17313;0.96363184;0.025492906;-0.23453474
118883905;343.375;7575;-17313;0.961592464;0.029571772;-0.24371218
118938612;343.375;7575;-17313;0.961592464;0.02753234;-0.25390936
118961245;343.375;7581;-17313;0.959553;0.022433758;-0.2447319
118988049;343.375;7581;-1@20000101_000005_192721_imu_lsm6dso32.csv@118991092;1.0111359;0.008784;0.017568;-112;56;-126;1
119071844;343.375;7581;-17313;0.9605727;0.03263092;-0.24983048
119112131;343.4375;7581;-17313;0.96261216;0.02447319;-0.242692468
119138876;343.4375;7581;-17313;0.96363184;0.022433758;-0.23453474
119163078;343.4375;7581;-17313;0.96363184;0.02447319;-0.22943616
119188257;343.4375;7581;-17313;0.96363184;0.03263092;-0.24371218
119209694;343.4375;7575;-17313;0.959553;0.034670352;-0.25288964
119231141;343.4375;7575;-17313;0.959553;0.02447319;-0.25492908
119268650;343.4375;7575;-17313;0.959553;0.022433758;-0.24983048
119298254;343.4375;7581;-17313;0.961592464;0.02753234;-0.2386136
119328408;343.4375;7581;-17313;0.96363184;0.029571772;-0.23657418
119349700;343.4375;7581;-u19351655;1.01016;0.011712;-0.008784;-119;28;-77;1
119372721;343.4375;7581;-17313;0.959553;0.02447319;-0.25390936
119398265;343.4375;7581;-17313;0.9605727;0.020394326;-0.25288964
119428365;343.4375;7581;-17313;0.96363184;0.021414042;-0.24065304
119458169;343.4375;7581;-17313;0.96363184;0.025492906;-0.23657418
119480022;343.4375;7581;-17313;0.9605727;0.031611204;-0.2447319
119520732;343.4375;7581;-17313;0.9605727;0.0193746092;-0.24371218
119548381;343.4375;7581;-17307;0.96261216;0.020394326;-0.23963332
119570740;343.4375;7581;-17307;0.961592464;0.030591488;-0.2386136
119598160;343.4375;7581;-17307;0.9605727;0.033650636;-0.23963332
119628678;343.4375;7581;-17307;0.96261216;0.026512622;-0.237593884
119658516;343.4375;7581;-17313;0.961592464;0.022433758;-0.23657418
119680416;343.4375;7581;-17313;0.9605727;0.02447319;-0.24575162
119708407;343.4375;7581;-17313;0.961592464;0.025492906;-0.247791052
119738708;343.375;7581;-17313;0.96261216;0.029571772;-0.247791052
119762386;343.375;7581;-17313;0.9605727;0.0377295;-0.247791052
119788408;343.375;7581;-1
119814944;343.375;7581;-17313;0.9605727;0.020394326;-0.24677134
119838686;343.375;7581;-17313;0.96363184;0.018354892;-0.23657418
119861855;343.375;7581;-17313;0.96261216;0.028552056;-0.24065304
119909958;343.375;7581;-17313;0.961592464;0.030591488;-0.25492908
119959653;343.375;7581;-17313;0.96363184;0.028552056;-0.248810768
120010837;343.4375;7581;-17307;0.96363184;0.020394326;-0.22841644
120038486;343.4375;7587;-17307;0.96261216;0.022433758;-0.2314756
120060207;343.4375;7587;-17307;0.96261216;0.02447319;-0.24167276
120084002;343.4375;7581;-17307;0.9585333;0.029571772;-0.25900792
120108627;343.4375;7581;-17307;0.9605727;0.0387492184;-0.2579882
120137769;343.4375;7581;-17307;0.96261216;0.033650636;-0.242692468
120159888;343.4375;7581;-17313;0.96363184;0.021414042;-0.23045588
120182092;343.4375;7581;-17319;0.966691;0.014276028;-0.22229814
120208359;343.4375;7581;-17319;0.96363184;0.0193746092;-0.2386136
120231220;343.375;7581;-17319;0.9585333;0.026512622;-0.26512624
120258237;343.375;7581;-17319;0.95649384;0.031611204;-0.26002764
120279915;343.375;7581;-17319;0.961592464;0.036709784;-0.24065304
120301932;343.375;7581;-17319;0.96363184;0.029571772;-0.23555446
120379011;343.375;7581;-17319;0.95751l.csv@120381704;0.02;1
120408478;343.375;7581;-17319;0.9605727;0.028552056;-0.25390936
120429851;343.375;7581;-17319;0.96363184;0.03569007;-0.23963332
120454507;343.375;7587;-17319;0.96363184;0.031611204;-0.232495316
120478375;343.4375;7587;-17313;0.96363184;0.023453474;-0.23045588
120500305;343.4375;7587;-17313;0.961592464;0.018354892;-0.23963332
120558823;343.5;7587;-17313;0.9605727;0.026512622;-0.25186992
120581414;343.5;7587;-17313;0.9646516;0.036709784;-0.24167276
120607777;343.5;7587;-17313;0.96363184;0.033650636;-0.22943616
120630445;343.5;7587;-17313;0.961592464;0.0193746092;-0.23045588
120652114;343.5;7587;-17313;0.96261216;0.021414042;-0.23963332
120678204;343.5;7587;-17313;0.9585333;0.022433758;-0.247791052
120700141;343.4375;7587;-17313;0.9605727;0.026512622;-0.25390936
120729826;343.4375;7587;-17313;0.961592464;0.031611204;-0.237593884
120758892;343.4375;7587;-17313;0.96363184;0.031611204;-0.23555446
120781736;343.4375;7587;-17313;0.961592464;0.02447319;-0.23351502
120819255;343.4375;7587;-17313;0.961592464;0.022433758;-0.25186992
120841042;343.4375;7587;-17313;0.9605727;0.021414042;-0.25288964
120863537;343.4375;7587;-17313;0.959553;0.028552056;-0.25186992
120888293;343.4375;7587;-17313;0.9605727;0.029571772;-0.24371218
120909784;343.4375;7587;-17313;0.96363184;0.031611204;-0.23351502
120938805;343.4375;7587;-17313;0.96261216;0.026512622;-0.2447319
120968534;343.4375;7587;-17313;0.9605727;0.022433758;-0.247791052
120998046;343.4375;7587;-17313;0.961592464;0.026512622;-0.248810768
121029130;343.4375;7587;-17313;0.961592464;0.025492906;-0.24065304
121058951;343.4375;7587;-17313;0.96363184;0.029571772;-0.237593884
121081980;343.5;7587;-17307;0.96261216;0.02753234;-0.23453474
121108849;343.5;7587;-17307;0.961592464;0.026512622;-0.24167276
121138220;343.5;7587;-17307;0.9605727;0.025492906;-0.25288964
121161461;343.5;7587;-17307;0.96261216;0.02447319;-0.247791052
121188207;343.5;7587;-17361592464;0.025492906;-0.23963332
121210130;343.5;7587;-17307;0.96363184;0.03263092;-0.22841644
121258708;343.5;7587;-17313;0.96363184;0.02753234;-0.2447319
121281014;343.5;7587;-17313;0.9605727;0.02753234;-0.2508502
121314386;343.5;7587;-1731192721_imu_lsm6dso32.csv@121316512;1.0111359;0.00488;-0.000976;-49;105;-91;1
121338535;343.5;7587;-17313;0.9585333;0.021414042;-0.24371218
121359856;343.5;7587;-17307;0.9656713;0.033650636;-0.226377008
121382102;343.5;7587;-17307;0.96363184;0.03569007;-0.22841644
121408569;343.5;7587;-17313;0.959553;0.028552056;-0.2447319
121430858;343.5;7587;-17307;0.961592464;0.02447319;-0.25900792
121468558;343.5;7587;-17307;0.959553;0.025492906;-0.25900792
121489904;343.5;7587;-17307;0.96363184;0.0193746092;-0.23963332
121548503;343.5;7593;-17307;0.9646516;0.03569007;-0.23045588
121578445;343.5;7587;-17307;0.9605727;0.020394326;-0.23963332
121599691;343.5;7587;-17307;0.9585333;0.025492906;-0.25288964
121628411;343.5;7587;-17307;0.96261216;0.029571772;-0.248810768
121658731;343.5;7593;-17307;0.96363184;0.026512622;-0.242692468
121712400;343.5;7587;-17307;0.96363184;0.023453474;-0.23045588
121738648;343.5;7587;-17307;0.961592464;0.02447319;-0.248810768
121761353;343.5;7587;-17313;0.959553;0.031611204;-0.26002764
121813658;343.5;7587;-17313;0.9605727;0.02753234;-0.23453474
121838350;343.5;7587;-17313;0.966691;0.030591488;-0.22331786
121860522;343.5;7587;-17313;0.961592464;0.026512622;-0.23045588
121881982;343.5;7581;-17313;0.961592464;0.020394326;-0.25390936
121908421;343.5;7581;-17313;0.9585333;0.021414042;-0.26104736
121937827;343.5;7581;-17313;0.9585333;0.029571772;-0.2569685
121968573;343.5;7587;-17313;0.9585333;0.02753234;-0.23555446
122013128;343.5;7587;-17307;0.96261216;0.02447319;-0.22943616
122040309;343.5625;7587;-17307;0.9585333;0.021414042;-0.24575162
122061866;343.5625;7587;-17307;0.959553;0.022433758;-0.25594878
122098519;343.5625;7587;-17300;0.9605727;0.026512622;-0.25288964
122138253;343.5625;7587;-17300;0.9646516;0.031611204;-0.2314756
122178540;343.5625;7587;-17300;0.9656713;0.026512622;-0.2253573
122201243;343.5625;7587;-17300;0.959553;0.018354892;-0.248810768
122250413;343.5625;7581;-17300;0.959553;0.031611204;-0.25288964
122278460;343.5625;7587;-17300;0.96363184;0.031611204;-0.2386136
122308593;343.5625;7587;-17300;0.9656713;0.0377295;-0.22229814
122338597;343.5625;7581;-17307;0.961592464;0.020394326;-0.23555446
122361840;343.5625;7581;-17307;0.959553;0.017335176;-0.2569685
122388041;343.5625;7581;-17307;0.959553;0.029571772;-0.26512624
122412439;343.5625;7581;-17307;0.961592464;0.036709784;-0.247791052
122438444;343.5625;7581;-17307;0.9646516;0.031611204;-0.23555446
122461221;343.5625;7581;-17307;0.966691;0.028552056;-0.22331786
122488297;343.5625;7581;-020394326;-0.2386136
122538618;343.5625;7581;-17313;0.959553;0.018354892;-0.26104736
122559664;343.5625;7581;-17313;0.96363184;0.03263092;-0.2447319
122588330;343.5625;7581;-17313;0.9605727;0.033650636;-0.23351502
122631102;343.625;7581;-17307;0.96363184;0.021414042;-0.23657418
122658629;343.625;7581;-17307;0.9605727;0.013256311;-0.24371218
122681797;343.625;7581;-17307;0.9605727;0.01631546;-0.25594878
122708408;343.625;7581;-17307;0.961592464;0.023453474;-0.25186992
122738569;343.625;7587;-17307;0.9656713;0.036709784;-0.23045588
122760423;343.625;7587;-17307;0.9646516;0.036709784;-0.2253573
122788262;343.625;7587;-17307;0.96363184;0.029571772;-0.23351502
122816818;343.625;7581;-17307;8v@122819039;-272;0;4252
122838880;343.625;7581;-17307;0.959553;0.020394326;-0.25900792
122862444;343.625;7581;-17313;0.96363184;0.026512622;-0.24575162
122888086;343.625;7581;-17313;0.9646516;0.03569007;-0.23555446
122909826;343.625;7581;-17313;0.96363184;0.0387492184;-0.23045588
122931951;343.625;7581;-17313;0.96363184;0.030591488;-0.2314756
122958396;343.625;7581;-17319;0.9646516;0.02447319;-0.23963332
122981887;343.5625;7581;-17319;0.961592464;0.01631546;-0.25594878
123008417;343.5625;7581;-17319;0.9575136;0.018354892;-0.25492908
123058156;343.5625;7581;-17319;0.96261216;0.029571772;-0.23963332
123088172;343.5625;7581;-17319;0.96261216;0.029571772;-0.232495316
123109764;343.625;7581;-17319;0.96261216;0.02447319;-0.2447319
123148204;343.625;7581;-192908
123169824;343.625;7581;-17319;0.96363184;0.023453474;-0.23963332
123198084;343.625;7581;-17319;0.9646516;0.029571772;-0.23453474
123219671;343.625;7581;-17319;0.96363184;0.036709784;-0.2314756
123241052;343.625;7581;-17319;0.96261216;0.036709784;-0.242692468
123263540;343.625;7581;-17319;0.9605727;0.031611204;-0.248810768
123288608;343.625;7581;-17319;0.959553;0.023453474;-0.2569685
123311343;343.625;7581;-17319;0.9605727;0.022433758;-0.2447319
123338574;343.625;7581;-17319;0.96363184;0.022433758;-0.2314756
123371650;343.625;7581;-17319;0.96363184;0.034670352;-0.22841644
123398283;343.625;7581;-17319;0.96261216;0.030591488;-0.24371218
123419726;343.625;7581;-12123422060 Recorder :: {'tlm': {'count': 0, 'max': 12, 'dropped':01_000005_192721'}
123459057;343.625;7581;-17319;0.961592464;0.020394326;-0.25390936
123481159;343.625;7581;-19l375.csv@123483340;1.7639999;0.147;0.196;1
123508385;343.625;7581;-17319;0.96363184;0.025492906;-0.22841644
123529926;343.625;7581;-17319;0.96261216;0.03263092;-0.24167276
123552015;343.625;7575;-13556004;-158;0;4251
123578198;343.625;7575;-17319;0.9575136;0.029571772;-0.25390936
123600918;343.625;7575;-17319;0.959553;0.023453474;-0.2569685
123628627;343.625;7581;-17319;0.961592464;0.020394326;-0.237593884
123651275;343.625;7581;-1853573
123678073;343.625;7581;-17319;0.96363184;0.025492906;-0.22433758
123701007;343.625;7581;-17319;0.96261216;0.033650636;-0.2447319
123758591;343.625;7575;-17319;0.9585333;0.034670352;-0.2579882
123781044;343.625;7581;-17319;0.961592464;0.02447319;-0.23963332
123808781;343.625;7581;-17319;0.96363184;0.02447319;-0.22739672
123838600;343.625;7581;-17319;0.96363184;0.02753234;-0.23657418
123861444;343.625;7581;-17319;0.961592464;0.028552056;-0.242692468
123898733;343.625;7575;-17319;0.961592464;0.029571772;-0.25594878
123921662;343.625;7575;-17319;0.9605727;0.026512622;-0.248810768
123974358;343.625;7575;-17319;0.96363184;0.02447319;-0.22739672
123998449;343.625;7575;-17319;0.96261216;0.02447319;-0.23555446
124028122;343.625;7575;-17319;0.9605727;0.025492906;-0.24677134
124078526;343.625;7575;-17319;0.9605727;0.029571772;-0.25186992
124101406;343.625;7575;-17319;0.96261216;0.029571772;-0.237593884
124128191;343.625;7575;-17319;0.9646516;0.028552056;-0.232495316
124155834;343.625;7575;-17319;0.96363184;0.026512622;-0.23657418
124178700;343.625;7575;-17319;0.961592464;0.026512622;-0.24575162
124206364;343.625;7575;-17319;0.9605727;0.02753234;-0.25186992
124228732;343.625;7575;-17319;0.959553;0.030591488;-0.247791052
124251180;343.625;7575;-17319;0.96363184;0.031611204;-0.2386136
124277804;343.625;7575;-17319;0.9605727;0.031611204;-0.23351502
124299732;343.625;7575;-17319;0.96363184;0.021414042;-0.23555446
124338516;343.625;7575;-17319;0.9605727;0.023453474;-0.24575162
124361030;343.625;7575;-17319;0.961592464;0.025492906;-0.24575162
124388131;343.625;7575;-17319;0.96261216;0.029571772;-0.2447319
124409741;343.625;7575;-17319;0.961592464;0.029571772;-0.23963332
124435627;343.625;7575;-17319;0.96363184;0.03263092;-0.23657418
124458625;343.625;7575;-17319;0.96261216;0.026512622;-0.237593884
124480082;343.625;7575;-17319;0.96363184;0.022433758;-0.24371218
124502015;343.625;7575;-17319;0.9605727;0.025492906;-0.24575162
124528080;343.625;7575;-17319;0.96261216;0.02447319;-0.247791052
124550317;343.625;7575;-17319;0.96261216;0.031611204;-0.24371218
124578225;343.625;7575;-17319;0.9605727;0.03263092;-0.237593884
124599938;343.625;7575;-17319;0.96261216;0.028552056;-0.24167276
124628456;343.625;7575;-17319;0.96261216;0.02753234;-0.24167276
124650542;343.625;7575;-17319;0.961592464;0.023453474;-0.247791052
124677906;343.625;7575;-17319;0.96363184;0.022433758;-0.2447319
124699892;343.625;7575;-17319;0.961592464;0.030591488;-0.2447319
124738430;343.625;7575;-17319;0.96363184;0.031611204;-0.2386136
124760505;343.625;7575;-17319;0.96261216;0.030591488;-0.23963332
124810506;343.625;7575;-17319;0.96261216;0.022433758;-0.2447319
124838378;343.625;7575;-17319;0.959553;0.022433758;-0.24983048
124859754;343.625;7575;-17319;0.96363184;0.02753234;-0.24167276
124884110;343.625;7575;-17319;0.96363184;0.031611204;-0.2386136
124908455;343.625;7575;-17319;0.961592464;0.031611204;-0.23555446
124938333;343.625;7575;-17319;0.96363184;0.025492906;-0.24167276
124960842;343.625;7575;-17319;0.96363184;0.021414042;-0.24677134
124987986;343.625;7575;-1@20000101_000005_192721_airspeed_sdp810.csv@124992359;-25;0;4254
125009895;343.625;7575;-17319;0.96261216;0.026512622;-0.23963332
125038565;343.625;7575;-17319;0.96261216;0.029571772;-0.2386136
125063159;343.625;7575;-17319;0.96363184;0.031611204;-0.2386136
125088143;343.625;7575;-17319;0.96363184;0.029571772;-0.242692468
125116000;343.625v125118929;-160;0;4254
125138700;343.625;7575;-17319;0.9605727;0.026512622;-0.24575162
125198402;343.625;7575;-17319;0.96363184;0.030591488;-0.23657418
125220175;343.625;7575;-17319;0.96363184;0.028552056;-0.24167276
125241850;343.625;7575;-17319;0.96261216;0.029571772;-0.2447319
125264938;343.625;7575;-17319;0.9605727;0.028552056;-0.24677134
125288561;343.625;7575;-11.242692468
125311564;343.625;7575;-17319;0.961592464;0.026512622;-0.23657418
125337895;343.625;7575;-17319;0.96261216;0.026512622;-0.23351502
125360169;343.625;7575;-17319;0.96363184;0.026512622;-0.2386136
125387970;343.625;7575;-17319;0.961592464;0.028552056;-0.24371218
125439676;343.625;7575;-17319;0.96363184;0.026512622;-0.242692468
125460885;343.625;7575;-17319;0.96363184;0.025492906;-0.23657418
125487905;343.625;7575;-17319;0.96363184;0.02753234;-0.237593884
125512337;343.625;7575;-17319;0.9605727;0.026512622;-0.24065304
125538112;343.625;7575;-17319;0.9605727;0.023453474;-0.24371218
125588074;343.5625;7575;-17319;0.961592464;0.030591488;-0.242692468
125638733;343.5625;7575;-17319;0.96261216;0.029571772;-0.23657418
125661408;343.5625;7575;-17319;0.96261216;0.025492906;-0.2447319
125687855;343.5625;7575;-17319;0.961592464;0.025492906;-0.247791052
125712196;343.5625;7575;-17319;0.96261216;0.026512622;-0.248810768
125738150;343.5625;7575;-17319;0.961592464;0.02753234;-0.24167276
125759770;343.5625;7575;-17319;0.961592464;0.031611204;-0.23555446
125782312;343.5625;7575;-17319;0.96363184;0.029571772;-0.2386136
125808693;343.5625;7575;-17319;0.961592464;0.02753234;-0.2447319
125838763;343.5625;7575;-17319;0.9605727;0.023453474;-0.2508502
125860462;343.5625;7575;-17319;0.96363184;0.02447319;-0.24167276
125882129;343.5625;7575;-17319;0.96363184;0.023453474;-0.2386136
125941444;343.5625;7575;-17319;0.96363184;0.028552056;-0.24167276
125963068;343.5625;7575;-17319;0.96261216;0.026512622;-0.248810768
125988473;343.5625;7575;-17319;0.9575136;0.023453474;-0.2508502
126027828;343.5625;7575;-17319;0.96363184;0.026512622;-0.23963332
126058448;343.5625;7575;-17319;0.96363184;0.030591488;-0.23453474
126080033;343.5625;7575;-17319;0.96363184;0.029571772;-0.23453474
126101666;343.5625;7575;-17319;0.9605727;0.030591488;-0.242692468
126128093;343.5625;7575;-17319;0.96261216;0.028552056;-0.2508502
126171965;343.5625;7575;-17319;0.96261216;0.026512622;-0.237593884
126198308;343.5625;7575;-17319;0.96363184;0.02447319;-0.23657418
126220928;343.5625;7575;-@20000101_000005_192721_accel_adxl375.csv@126223761;1.7639999;0.098;0.196;1
126248036;343.5625;7575;-17319;0.9605727;0.02753234;-0.24575162
126269952;343.5625;7575;-17319;0.961592464;0.02753234;-0.24983048
126298085;343.5625;7575;-17319;0.9585333;0.025492906;-0.25186992
126319758;343.5625;7575;-01_airspeed_sdp810.csv@126321736;-155;0;4253
126341743;343.5625;7575;-17319;0.96363184;0.023453474;-0.23453474
126368451;343.5625;7575;-17319;0.96363184;0.02447319;-0.23045588
126439945;343.5625;7575;-17319;0.9605727;0.025492906;-0.25186992
126463424;343.5625;7575;-17319;0.961592464;0.026512622;-0.24575162
126488313;343.5625;7575;-17319;0.96363184;0.02753234;-0.2386136
126511762;343.5625;7575;-17319;0.96363184;0.031611204;-0.23453474
126538442;343.5625;7575;-17319;0.961592464;0.029571772;-0.23351502
126561013;343.5625;7575;-17319;0.961592464;0.026512622;-0.24677134
126587952;343.5625;7575;-17319;0.959553;0.029571772;-0.248810768
126609869;343.5625;7575;-17319;0.961592464;0.031611204;-0.24371218
126638654;343.5625;7575;-17319;0.96261216;0.031611204;-0.237593884
126665388;343.5625;7575;-17319;0.96363184;0.029571772;-0.23657418
126688437;343.5625;7575;-17319;0.96261216;0.026512622;-0.23453474
126748395;343.5625;7575;-17319;0.961592464;0.02447319;-0.247791052
126771444;343.5625;7575;-17319;0.96363184;0.02753234;-0.23963332
126798063;343.5625;7575;-17319;0.96363184;0.026512622;-0.23657418
126827704;343.5625;7575;-17319;0.96363184;0.029571772;-0.23555446
126858649;343.5625;7575;-17319;0.9605727;0.020394326;-0.24575162
126898641;343.5625;7575;-17319;0.9605727;0.021414042;-0.24983048
126928568;343.625;7575;-17319;0.96261216;0.026512622;-0.237593884
126958546;343.625;7575;-17319;0.96261216;0.031611204;-0.24167276
126980351;343.625;7575;-17319;0.96261216;0.031611204;-0.24167276
127001779;343.625;7575;-17319;0.961592464;0.029571772;-0.24371218
127028403;343.625;7575;-17319;0.961592464;0.02447319;-0.247791052
127059420;343.625;7575;-17319;0.96363184;0.02753234;-0.2447319
127081868;343.625;7575;-17319;0.96363184;0.033650636;-0.2386136
127114977;343.625;7575;-17319;0.96261216;0.034670352;-0.23555446
127148418;343.5625;7575;-17319;0.961592464;0.030591488;-0.23861840;4254
127170605;343.5625;7575;-17319;0.96261216;0.025492906;-0.248810768
127191984;343.5625;7575;-17319;0.9605727;0.021414042;-0.247791052
127213876;343.5625;7575;-17319;0.96261216;0.026512622;-0.24371218
127238615;343.5625;7575;-17319;0.961592464;0.025492906;-0.237593884
127260933;343.5625;7575;-17319;0.96363184;0.028552056;-0.237593884
127288083;343.5625;7575;-4@20000101_000005_192721_airspeed_sdp810.csv@127291540;-417;0;4254
127331446;343.5625;7575;-17319;0.96363184;0.020394326;-0.2447319
127358579;343.5625;7575;-17319;0.961592464;0.020394326;-0.24371218
127380679;343.5625;7575;-06dso32.csv@127387310;1.013088;0.007808;0.001952;-49;56;-126;1
127407758;343.5625;7575;-17319;0.96363184;0.02447319;-0.237593884
127429916;343.5625;7575;-17319;0.9656713;0.029571772;-0.23657418
127461415;343.5625;7575;-17319;0.96363184;0.029571772;-0.242692468
127487613;343.5625;7575;-17319;0.9605727;0.029571772;-0.24575162
127509030;343.5625;7575;-17319;0.9605727;0.028552056;-0.242692468
127538458;343.5625;7575;-17319;0.96261216;0.029571772;-0.24065304
127560391;343.5625;7575;-17319;0.9656713;0.031611204;-0.23657418
127582234;343.5625;7575;-17319;0.9605727;0.030591488;-0.242692468
127608342;343.5625;7575;-17319;0.96261216;0.031611204;-0.247791052
127638475;343.5625;7575;-17325;0.96261216;0.02447319;-0.2386136
127662534;343.5625;7575;-17325;0.96363184;0.025492906;-0.23555446
127688397;343.5625;7575;-17325;0.96261216;0.02447319;-0.23657418
127709940;343.5625;7575;-17325;0.96261216;0.023453474;-0.242692468
127748597;343.5625;7575;-17325;0.96363184;0.021414042;-0@20000101_000005_192721_imu_lsm6dso32.csv@127752308;1.01016;0.00976;0.00488;-49;35;-112;1
127770721;343.5625;7575;-17325;0.96363184;0.02753234;-0.23963332
127798439;343.5625;7575;-17325;0.9605727;0.03263092;-0.24575162
127819684;343.5625;7575;-17325;0.961592464;@20000101_000005_192721_imu_lsm6dso32.csv@127822999;1.008208;0.003904;0.002928;-112;63;-84;1
127848853;343.5625;7575;-17325;0.96261216;0.018354892;-0.23351502
127871312;343.5625;7575;-17325;0.96363184;0.017335176;-0.23453474
127898446;343.5625;7575;-17319;0.9605727;0.02447319;-0.237593884
127928146;343.5625;7575;-17319;0.9605727;0.036709784;-0.25186992
127959025;343.5625;7575;-17313;0.959553;0.041808368;-0.26104736
127982233;343.5625;7575;-17313;0.96363184;0.030591488;-0.23351502
128008476;343.5625;7575;-17313;0.96261216;0.023453474;-0.22739672
128031721;343.5625;7575;-17313;0.96261216;0.020394326;-0.2386136
128058857;343.5625;7575;-17313;0.9605727;0.021414042;-0.25594878
128084158;343.5625;7575;-17313;0.959553;0.0377295;-0.25288964
128108580;343.5625;7581;-17307;0.961592464;0.0387492184;-0.24677134
128138711;343.5625;7581;-17313;0.9656713;0.039768936;-0.23045588
128161098;343.625;7581;-17319;0.9646516;0.0193746092;-0.23657418
128209696;343.625;7581;-17319;0.96261216;0.011216879;-0.24167276
128237429;343.625;7581;-17319;0.96261216;0.015295744;-0.2508502
128260485;343.625;7587;-17319;0.96363184;0.031611204;-0.2253573
128281700;343.625;7587;-17319;0.96363184;0.028552056;-0.22433758
128308424;343.625;7581;-17319;0.96363184;0.029571772;-0.23657418
128329874;343.625;7581;-17319;0.9646516;0.025492906;-0.242692468
128358376;343.625;7581;-17319;0.961592464;0.011216879;-0.24677134
128379768;343.625;7581;-17313;0.959553;0.020394326;-0.2447319
128401835;343.5625;7581;-17307;0.96261216;0.030591488;-0.23555446
128423843;343.5625;7581;-17300;0.96363184;0.03569007;-0.23045588
128458656;343.5;7581;-17294;0.961592464;0.044867516;-0.23963332
128481466;343.5;7575;-17294;0.959553;0.033650636;-0.26002764
128508428;343.5;7575;-17294;0.959553;0.026512622;-0.2579882
128529948;343.5;7575;-17294;0.96261216;0.029571772;-0.24983048
128551864;343.5;7575;-17294;0.96363184;0.03263092;-0.24167276@20000101_000005_192721_airspeed_sdp810.csv@128555626;-235;0;4252
128578345;343.5;7581;-17294;0.96363184;0.0377295;-0.221278432
128619908;343.5625;7581;-17307;0.9585333;0.02753234;-0.25900792
128641846;343.5625;7581;-17313;0.9575136;0.021414042;-0.26206708
128663943;343.5625;7581;-17319;0.9605727;0.011216879;-0.25900792
128688613;343.5;7581;-1732500815773;-0.242692468
128709702;343.5;7587;-17325;0.96363184;0.028552056;-0.21821928
128738590;343.5;7587;-17325;0.9656713;0.030591488;-0.22025872
128761261;343.5;7587;-17325;0.96363184;0.02753234;-0.24167276
128788337;343.5;7587;-17325;0.9605727;0.021414042;-0.25492908
128840539;343.5;7587;-17325;0.961592464;0.014276028;-0.22841644
128862329;343.5625;7587;-17319;0.9646516;0.028552056;-0.21719956
128888107;343.5625;7587;-@20000101_000005_192721_imu_lsm6dso32.csv@128889917;1.013088;0.0244;0.01464;-35;-70;-161;1
128913590;343.625;7581;-17300;0.96261216;0.039768936;-0.248810768
128938554;343.625;7581;-17294;0.9605727;0.033650636;-0.25594878
128965492;343.625;7581;-17294;0.961592464;0.023453474;-0.25390936
128989260;343.5625;7581;-17300;0.96261216;0.022433758;-0.23657418
129015010;343.5625;7581;-17300;0.9656713;0.033650636;-0.2253573
129049769;343.5;7581;-17294;0.961592464;0.04078865;-0.2508502
129071998;343.5625;7581;-17294;0.9605727;0.046906948;-0.25594878
129098284;343.5;7575;-17294;0.959553;0.033650636;-0.25390936
129120001;343.5;7575;-173@20000101_000005_192721_airspeed_sdp810.csv@129124501;-162;0;4250
129148605;343.5;7581;-17319;0.96261216;0.018354892;-0.2447319
129170928;343.5;7581;-17319;0.9646516;0.013256311;-0.2314756
129198266;343.5;7581;-17319;0.96261216;0.020394326;-0.2386136
129220339;343.5;7581;-17325;0.9605727;0.023453474;-0.24167276
129242424;343.5;7581;-17325;0.961592464;0.02447319;-0.24677134
129268747;343.5;7581;-17325;0.96363184;0.021414042;-0.2508502
129290972;343.5;7581;-17325;0.961592464;0.015295744;-0.24065304
129316358;343.5;7581;-17325;0.96363184;0.01631546;-0.232495316
129348446;343.5;7581;-17313;0.961592464;0.020394326;-0.23657418
129371383;343.5;7581;-17300;0.961592464;0.031611204;-0.24065304
129398901;343.5625;7581;-17294;0.9585333;0.042828084;-0.24677134
129420659;343.5625;7581;-936;-0.242692468
129448523;343.5625;7581;-17288;0.961592464;0.031611204;-0.2386136
129489043;343.5625;7581;-17288;0.96261216;0.029571772;-0.24371218
129520345;343.5625;7581;-17294;0.961592464;0.030591488;-0.24575162
129558398;343.5;7581;-17294;0.96363184;0.0377295;-0.24065304
129581554;343.5;7581;-17294;0.961592464;0.026512622;-0.24575162
129602862;343.5;7581;-17300;0.9605727;0.02447319;-0.25186992
129628362;343.5;7581;-17300;0.9575136;0.022433758;-0.24983048
129658630;343.4375;7581;-17307;0.961592464;0.017335176;-0.23963332
129688306;343.4375;7581;-17307;0.961592464;0.018354892;-0.24167276
129713765;343.4375;7581;-17307;0.96363184;0.0193746092;-0.242692468
129738975;343.4375;7581;-17313;0.96261216;0.015295744;-0.24371218
129768847;343.4375;7581;-17307;0.96261216;0.02447319;-0.2447319
129792494;343.4375;7581;-17300;0.961592464;0.023453474;-0.24065304
129828458;343.5;7581;-17288;0.9585333;0.026512622;-0.24371218
129858725;343.5;7581;-17275;0.96363184;0.030591488;-0.242692468
129880887;343.5;7581;-17269;0.96261216;0.0377295;-0.24065304
129938908;343.5;7581;-17269;0.9646516;0.033650636;-0.23963332
129961341;343.5;7581;-17269;0.961592464;0.03569007;-0.2447319
129987973;343.5;7581;-17269;0.961592464;0.029571772;-0.242692468
130028599;343.5;7581;-17269;0.96261216;0.030591488;-0.24167276
130059095;343.5;7581;-17269;0.9646516;0.028552056;-0.23453474
130082088;343.5;7581;-17269;0.9646516;0.029571772;-0.23351502
130108466;343.5;7581;-17269;0.96363184;0.021414042;-0.24065304
130138446;343.5;7581;-17269;0.9585333;0.0193746092;-0.247791052
130163096;343.5;7581;-17269;0.9605727;0.01631546;-0.24983048
130188366;343.5;7581;-17269;0.9585333;0.022433758;-0.247791052
130211909;343.5;7581;-17269;0.96261216;0.023453474;-0.232495316
130238075;343.5;7581;-17269;0.961592464;0.023453474;-0.24371218
130262009;343.5;7581;-17269;0.96261216;0.018354892;-0.24371218
130288295;343.5625;7581;-21414042;-0.242692468
130318587;343.562505_192721_airspeed_sdp810.csv@130320457;417;265;4248
130339695;343.5625;7581;-17244;0.96363184;0.031611204;-0.24575162
130362100;343.625;7581;-17238;0.96363184;0.0387492184;-0.237593884
130400630;343.625;7581;-17238;0.96363184;0.03263092;-0.24065304
130428423;343.625;7581;-17238;0.961592464;0.026512622;-0.24167276
130450563;343.625;7581;-17238;0.9605727;0.031611204;-0.242692468
130471712;343.625;7581;-17238;0.96261216;0.03263092;-0.2447319
130498457;343.625;7581;-17238;0.961592464;0.031611204;-0.247791052
130528185;343.625;7581;-17238;0.96363184;0.029571772;-0.23963332
130549909;343.5625;7581;-17244;0.961592464;0.020394326;-0.237593884
130577138;343.5625;7581;-17250;0.9605727;0.018354892;-0.237593884
130598828;343.5625;7581;-17250;0.96363184;0.020394326;-0.24575162
130620749;343.5625;7581;-@20000101_000005_192721_airspeed_sdp810.csv@130623293;468;281;4251
130648751;343.5625;7581;-17250;0.96261216;0.023453474;-0.247791052
130672798;343.5625;7581;-17250;0.961592464;0.021414042;-0.24167276
130698361;343.5625;7581;-17244;0.96261216;0.020394326;-0.237593884
130728424;343.625;7581;-17238;0.96363184;0.018354892;-0.232495316
130758720;343.625;7581;-17225;0.959553;0.026512622;-0.2508502
130781051;343.625;7581;-17219;0.96261216;0.029571772;-0.248810768
130831094;343.6875;7581;-17200;0.96261216;0.0387492184;-0.23963332
130858531;343.6875;7581;-17200;0.96363184;0.031611204;-0.23351502
130881318;343.6875;7581;-17200;0.96261216;0.028552056;-0.23657418
130907820;343.6875;7581;-17200;0.9605727;0.03263092;-0.25186992
130930784;343.6875;7581;-17200;0.959553;0.034670352;-0.24983048
130958095;343.6875;7581;-17200;0.96261216;0.034670352;-0.24983048
130980116;343.6875;7581;-17207;0.96363184;0.034670352;-0.23657418
131008319;343.6875;7581;-17213;0.9646516;0.02447319;-0.22841644
131038285;343.625;7581;-17219;0.961592464;0.015295744;-0.23555446
131061927;343.625;7581;-17219;0.9605727;0.0193746092;-0.24983048
131088132;343.625;7581;-10502
131109895;343.625;7581;-17219;0.961592464;0.023453474;-0.24575162
131138359;343.625;7581;-17219;0.96363184;0.023453474;-0.23555446
131161501;343.625;7581;-17219;0.96261216;0.020394326;-0.22943616
131188001;343.625;7581;-17219;0.961592464;0.017335176;-0.23657418
131210577;343.6875;7581;-17213;0.961592464;0.0193746092;-0.247791052
131259127;343.6875;7581;-17188;0.9605727;0.029571772;-0.25186992
131288487;343.6875;7581;-17182;0.96363184;0.0387492184;-0.24167276
131311565;343.6875;7581;-17182;0.9646516;0.0377295;-0.232495316
131338316;343.6875;7581;-17182;0.96363184;0.031611204;-0.2386136
131360190;343.6875;7581;-17182;0.961592464;0.025492906;-0.24677134
131441653;343.6875;7581;-17182;0.961592464;0.042828084;-0.24167276
131462955;343.6875;7581;-17182;0.96261216;0.034670352;-0.23453474
131488282;343.6875;7587;-@20000101_000005_192721_imu_lsm6dso32.csv@131490719;1.01016;-0.006832;0.005856;-196;35;7;1
131511771;343.6875;7587;-17200;0.959553;0.012236595;-0.24167276
131538053;343.6875;7587;-8@20000101_000005_192721_airspeed_sdp810.csv@131541169;190;179;4255
131564477;343.6875;7587;-17207;0.961592464;0.021414042;-0.24677134
131588591;343.6875;7587;-17207;0.96363184;0.028552056;-0.242692468
131618101;343.6875;7587;-17207;0.961592464;0.03263092;-0.237593884
131648484;343.6875;7587;-17207;0.96261216;0.0193746092;-0.2386136
131688422;343.6875;7587;-17207;0.96363184;0.011216879;-0.24167276
131724038;343.6875;7581;-17194;0.9605727;0.02753234;-0.24575162
131748601;343.6875;7581;-17175;0.96261216;0.0377295;-0.24677134
131769868;343.6875;7581;-17169;0.96261216;0.042828084;-0.242692468
131825785;343.6875;7581;-17175;0.9605727;0.02753234;-0.247791052
131848559;343.6875;7581;-17175;0.961592464;0.026512622;-0.247791052
131869886;343.6875;7581;-17175;0.961592464;0.029571772;-0.2508502
131913671;343.6875;7581;-17175;0.96261216;0.0377295;-0.23963332
131938736;343.6875;7581;-17175;0.96261216;0.03569007;-0.242692468
131968703;343.6875;7581;-17188;0.961592464;0.02447319;-0.24371218
131998403;343.6875;7581;-17194;0.959553;0.012236595;-0.2447319
132048462;343.625;7587;-17200;0.9605727;0.020394326;-0.248810768
132070152;343.625;7581;-17194;0.96261216;0.030591488;-0.23657418
132097726;343.625;7581;-17194;0.961592464;0.029571772;-0.24167276
132132212;343.625;7581;-17194;0.96261216;0.018354892;-0.24575162
132158536;343.6875;7581;-17194;0.959553;0.0193746092;-0.24677134
132180010;343.6875;7581;-17188;0.9605727;0.023453474;-0.24575162
132208047;343.6875;7581;-17182;0.96363184;0.030591488;-0.23555446
132230878;343.75;7581;-17169;0.9646516;0.0387492184;-0.23555446
132258401;343.75;7581;-17163;0.96363184;0.036709784;-0.23555446
132279916;343.75;7581;-17163;0.961592464;0.03263092;-0.248810768
132301901;343.75;7581;-17163;0.9605727;0.028552056;-0.25288964
132351342;343.6875;7581;-17163;0.959553;0.031611204;-0.24575162
132377938;343.6875;7581;-17163;0.96363184;0.03263092;-0.23351502
132405838;343.6875;7581;-17163;0.96363184;0.031611204;-0.23963332
132428659;343.6875;7581;-17163;0.961592464;0.03263092;-0.2447319
132458789;343.6875;7581;-17175;0.96261216;0.023453474;-0.2508502
132481691;343.6875;7581;-17175;0.959553;0.01631546;-0.24677134
132508667;343.6875;7581;-17175;0.96261216;0.017335176;-0.242692468
132570514;343.6875;7581;-17175;0.96261216;0.02753234;-0.24167276
132614075;343.6875;7581;-17175;0.9585333;0.02447319;-0.24983048
132638360;343.6875;7581;-17169;0.96261216;0.020394326;-0.24371218
132661542;343.6875;7581;-17163;0.96261216;0.02447319;-0.23555446
132687968;343.75;7581;-175192721_accel_adxl375.csv@132689129;1.7639999;0.147;0.147;1
132739583;343.75;7581;-17150;0.9605727;0.034670352;-0.248810768
132760804;343.75;7581;-17150;0.96261216;0.031611204;-0.24677134
132787907;343.75;7581;-17@20000101_000005_192721_imu_lsm6dso32.csv@132791325;1.009184;0.006832;0.013664;-140;63;-70;1
132809902;343.75;7581;-17150;0.96261216;0.02447319;-0.23045588
132838702;343.75;7581;-17150;0.96261216;0.023453474;-0.23453474
132862108;343.75;7581;-17150;0.961592464;0.03263092;-0.24371218
132888243;343.75;7581;-17;41772;-0.247791052
132958174;343.75;7581;-17157;0.96363184;0.01631546;-0.23657418
132998435;343.75;7581;-17157;0.96363184;0.018354892;-0.24167276
133028492;343.75;7581;-17150;0.961592464;0.020394326;-0.24983048
133058706;343.75;7581;-17150;0.959553;0.030591488;-0.25390936
133080655;343.75;7581;-17150;0.96261216;0.02753234;-0.23963332
133108212;343.75;7581;-17150;0.961592464;0.025492906;-0.23963332
133138068;343.75;7581;-17150;0.96363184;0.020394326;-0.2386136
133159932;343.75;7581;-17138;0.9605727;0.029571772;-0.24983048
133181944;343.75;7581;-17132;0.9605727;0.039768936;-0.25492908
133208503;343.75;7581;-17132;0.959553;0.0377295;-0.25390936
133231331;343.8125;7581;-17125;0.96261216;0.0387492184;-0.24065304
133258125;343.8125;7587;-17125;0.9605727;0.033650636;-0.23453474
133279869;343.8125;7587;-17125;0.96261216;0.026512622;-0.232495316
133308231;343.8125;7587;-17125;0.9605727;0.023453474;-0.242692468
133338020;343.8125;7587;-17125;0.961592464;0.026512622;-0.247791052
133388313;343.8125;7587;-17125;0.96363184;0.031611204;-0.23963332
133438409;343.8125;7587;-17125;0.96363184;0.020394326;-0.226377008
133483005;343.8125;7587;-17138;0.961592464;0.017335176;-0.24677134
133508371;343.75;7587;-17144;0.9585333;0.023453474;-0.2508502
133547994;343.75;7581;-17138;0.961592464;0.033650636;-0.24167276
133570782;343.75;7581;-17138;0.9646516;0.028552056;-0.232495316
133602509;343.75;7581;-17144;0.96261216;0.020394326;-0.23657418
133628003;343.75;7581;-17144;0.959553;0.017335176;-0.24575162
133649941;343.6875;7581;-17144;0.959553;0.026512622;-0.2569685
133672410;343.6875;7581;-17138;0.9605727;0.036709784;-0.24983048
133697994;343.6875;7581;-17138;0.96261216;0.0387492184;-0.24575162
133728357;343.75;7581;-17138;0.9656713;0.039768936;-0.23045588
133758461;343.6875;7581;-17144;0.961592464;0.025492906;-0.237593884
133780096;343.6875;7581;-17144;0.9605727;0.020394326;-0.25492908
133802231;343.6875;7581;-17150;0.9585333;0.02447319;-0.2569685
133827996;343.6875;7581;-17150;0.9605727;0.026512622;-0.24677134
133864913;343.6875;7581;-17150;0.96363184;0.034670352;-0.232495316
133888570;343.6875;7587;-17157;0.9656713;0.030591488;-0.22943616
133909860;343.6875;7587;-17157;0.96363184;0.018354892;-0.23963332
133932259;343.6875;7587;-17163;0.961592464;0.011216879;-0.24677134
133958663;343.625;7581;-17175;0.96261216;0.012236595;-0.24983048
134009791;343.625;7581;-17169;0.9646516;0.03263092;-0.2314756
134038277;343.625;7581;-17169;0.96363184;0.033650636;-0.23351502
134061552;343.625;7581;-17169;0.96363184;0.02753234;-0.2386136
134088192;343.625;7581;-1948810768
134110550;343.625;7581;-17175;0.959553;0.020394326;-0.25288964
134148326;343.625;7581;-17169;0.96363184;0.030591488;-0.24575162
134170526;343.625;7581;-17169;0.9646516;0.04078865;-0.23351502
134191840;343.625;7581;-17169;0.9646516;0.0387492184;-0.23351502
134214490;343.625;7581;-17169;0.96261216;0.03569007;-0.237593884
134238442;343.625;7581;-17169;0.961592464;0.02447319;-0.24983048
134259951;343.5625;7581;-17175;0.959553;0.017335176;-0.25390936
134298305;343.5625;7581;-17182;0.96261216;0.02753234;-0.248810768
134320062;343.5625;7581;-17182;0.96363184;0.033650636;-0.24065304
134341755;343.5625;7581;-17182;0.9646516;0.036709784;-0.23657418
134363767;343.5625;7581;-17182;0.961592464;0.03263092;-0.23657418
134388259;343.5625;7581;-12464;0.022433758;-0.2447319
134409897;343.5625;7581;-17188;0.959553;0.018354892;-0.2508502
134432105;343.5625;7581;-17188;0.96261216;0.017335176;-0.24575162
134458444;343.5625;7581;-17194;0.96261216;0.017335176;-0.24371218
134480492;343.5625;7581;-17194;0.9656713;0.026512622;-0.2314756
134508079;343.5625;7581;-17194;0.96363184;0.028552056;-0.23453474
134538326;343.5625;7581;-17194;0.961592464;0.025492906;-0.24677134
134560817;343.5625;7581;-17194;0.961592464;0.023453474;-0.24983048
134588010;343.5625;7581;-17194;0.9605727;0.02447319;-0.248810768
134648241;343.5625;7581;-17194;0.9656713;0.03263092;-0.23555446
134669858;343.5625;7581;-17194;0.961592464;0.036709784;-0.2386136
134713660;343.5625;7581;v@134716233;-138;0;4254
134738514;343.5625;7581;-17194;0.9605727;0.02753234;-0.24983048
134760114;343.5625;7581;-17194;0.961592464;0.025492906;-0.24167276
134787885;343.5625;7581;-17194;0.96363184;0.026512622;-0.23351502
134815361;343.5625;7581;-17194;0.9656713;0.028552056;-0.23453474
134838305;343.5625;7581;-17194;0.961592464;0.028552056;-0.2447319
134860546;343.5625;7581;-17194;0.961592464;0.02753234;-0.25390936
134887503;343.5625;7581;-@20000101_000005_192721_airspeed_sdp810.csv@134891815;-77;0;4251
134916730;343.5625;7581;-17194;0.961592464;0.020394326;-0.24065304
134938768;343.5625;7581;-17194;0.9605727;0.023453474;-0.232495316
134962421;343.5625;7581;-17194;0.96363184;0.026512622;-0.23045588
135010957;343.5625;7581;-17194;0.9605727;0.029571772;-0.24983048
135038282;343.5625;7581;-17194;0.96261216;0.02753234;-0.24677134
135068284;343.5625;7581;-17194;0.96363184;0.02753234;-0.24065304
135091889;343.5625;7581;-17194;0.96261216;0.028552056;-0.23555446
135113999;343.5625;7581;-17194;0.96261216;0.031611204;-0.23351502
135158898;343.5625;7581;-17188;0.961592464;0.03263092;-0.24575162
135180780;343.5625;7581;-17188;0.96261216;0.033650636;-0.24575162
135208782;343.5625;7581;-17188;0.9646516;0.033650636;-0.24575162
135230635;343.5625;7581;-17188;0.96363184;0.030591488;-0.23453474
135258415;343.5625;7581;-17188;0.9646516;0.025492906;-0.23045588
135279939;343.5625;7581;-17188;0.96363184;0.025492906;-0.24065304
135301637;343.5625;7581;-17188;0.9605727;0.023453474;-0.24575162
135327847;343.5625;7581;-17188;0.9605727;0.02753234;-0.2508502
135358670;343.5625;7581;-17188;0.959553;0.02753234;-0.24983048
135386877;343.5625;7581;-17188;0.96363184;0.026512622;-0.2386136
135448080;343.5625;7581;-17188;0.96363184;0.021414042;-0.24065304
135471996;343.5625;7581;-17188;0.961592464;0.026512622;-0.248810768
135498086;343.5625;7581;-17188;0.9605727;0.026512622;-0.25492908
135519734;343.5625;7581;-@20000101_000005_192721_imu_lsm6dso32.csv@135533142;1.013088;0.011712;0.00976;-77;84;-126;1
135558217;343.5625;7581;-17188;0.96363184;0.02753234;-0.232495316
135608560;343.5625;7581;-17188;0.96363184;0.026512622;-0.237593884
135638825;343.5625;7581;-17188;0.9605727;0.029571772;-0.248810768
135663889;343.5625;7581;-17188;0.961592464;0.034670352;-0.248810768
135688416;343.5;7581;-171424575162
135709833;343.5;7587;-17188;0.96363184;0.030591488;-0.23657418
135738446;343.5;7587;-17194;0.9646516;0.028552056;-0.23657418
135760623;343.5;7587;-17194;0.961592464;0.022433758;-0.242692468
135788037;343.5;7587;-171@20000101_000005_192721_airspeed_sdp810.csv@135790679;-340;0;4254
135839857;343.5625;7587;-17194;0.966691;0.030591488;-0.23555446
135863064;343.5625;7587;-17188;0.96363184;0.020394326;-0.23555446
135888546;343.5625;7587;-17188;0.961592464;0.018354892;-0.2447319
135911275;343.5625;7587;-17188;0.959553;0.017335176;-0.248810768
135937797;343.5625;7587;-17188;0.961592464;0.025492906;-0.2447319
135987899;343.5625;7587;-17188;0.96363184;0.03263092;-0.22229814
136028759;343.5625;7587;-17188;0.96261216;0.020394326;-0.242692468
136058486;343.5625;7587;-17188;0.961592464;0.026512622;-0.2579882
136081359;343.5;7581;-17182;0.9605727;0.028552056;-0.247791052
136107693;343.5;7581;-17182;0.961592464;0.02753234;-0.242692468
136130592;343.5;7581;-17175;0.9656713;0.034670352;-0.23045588
136158659;343.5;7581;-17182;0.96363184;0.033650636;-0.23555446
136181506;343.5;7581;-17182;0.959553;0.029571772;-0.2579882
136208232;343.5;7581;-17182;0.9575136;0.02753234;-0.2630868
136230158;343.4375;7581;-17188;0.959553;0.02447319;-0.2508502
136252339;343.4375;7575;-17188;0.961592464;0.028552056;-0.24575162
136278080;343.4375;7581;-17188;0.961592464;0.029571772;-0.23657418
136301486;343.4375;7581;-17188;0.96363184;0.03263092;-0.23351502
136327543;343.4375;7581;-17188;0.96261216;0.031611204;-0.24575162
136358536;343.4375;7581;-17200;0.959553;0.021414042;-0.2569685
136380702;343.4375;7581;-17200;0.96363184;0.02447319;-0.247791052
136408352;343.5;7581;-17200;0.961592464;0.018354892;-0.242692468
136452127;343.4375;7581;-17200;0.96261216;0.02447319;-0.22841644
136478115;343.4375;7587;-17200;0.9646516;0.02447319;-0.23555446
136500290;343.4375;7581;-17207;0.961592464;0.033650636;-0.248810768
136521800;343.4375;7581;-17207;0.96363184;0.02753234;-0.248810768
136548644;343.4375;7581;-17207;0.96261216;0.02447319;-0.2447319
136578389;343.4375;7581;-17207;0.96261216;0.023453474;-0.22739672
136599817;343.4375;7587;-17213;0.96363184;0.026512622;-0.23045588
136628052;343.4375;7581;-17207;0.96261216;0.031611204;-0.237593884
136663788;343.4375;7581;-17200;0.961592464;0.03569007;-0.26104736
136688275;343.375;7581;-17207;0.959553;0.033650636;-0.25492908
136718716;343.375;7581;-17207;0.96261216;0.02447319;-0.23555446
136748539;343.375;7581;-17207;0.96363184;0.018354892;-0.22841644
136770175;343.375;7581;-17207;0.961592464;0.020394326;-0.242692468
136797989;343.375;7581;-17213;0.959553;0.025492906;-0.2508502
136828401;343.375;7575;-17213;0.9605727;0.03569007;-0.25900792
136850125;343.375;7575;-17213;0.959553;0.031611204;-0.25288964
136872807;343.375;7581;-17207;0.9605727;0.025492906;-0.23453474
136938520;343.4375;7581;-17213;0.961592464;0.020394326;-0.24065304
136980979;343.4375;7581;-17200;0.96261216;0.031611204;-0.25288964
137008488;343.4375;7581;-17200;0.9605727;0.036709784;-0.24983048
137031020;343.4375;7581;-17200;0.96363184;0.029571772;-0.2314756
137058218;343.5;7587;-17194;0.96261216;0.02447319;-0.22739672
137079896;343.4375;7587;-17200;0.96261216;0.018354892;-0.23555446
137101890;343.4375;7587;-17200;0.961592464;0.023453474;-0.24371218
137128070;343.4375;7587;-17200;0.96363184;0.029571772;-0.248810768
137158639;343.4375;7581;-17194;0.961592464;0.039768936;-0.25492908
137180646;343.4375;7581;-17194;0.961592464;0.04078865;-0.23963332
137201964;343.4375;7581;-17200;0.96363184;0.03263092;-0.23453474
137228408;343.375;7581;-17207;0.96363184;0.022433758;-0.23045588
137249688;343.375;7587;-17213;0.96363184;0.015295744;-0.24065304
137271178;343.375;7581;-17213;0.9605727;0.0193746092;-0.248810768
137318753;343.375;7581;-17213;0.9575136;0.036709784;-0.2569685
137342475;343.375;7581;-17213;0.96261216;0.036709784;-0.24575162
137365074;343.375;7587;-17213;0.96363184;0.026512622;-0.22943616
137409871;343.375;7587;-17213;0.96261216;0.011216879;-0.24167276
137438433;343.375;7587;-17207;0.9605727;0.018354892;-0.25492908
137460581;343.4375;7587;-17200;0.9605727;0.03263092;-0.24983048
137482001;343.4375;7587;-17188;0.9646516;0.0387492184;-0.2447319
137508755;343.4375;7587;-17188;0.96363184;0.04078865;-0.232495316
137538964;343.4375;7587;-17188;0.96261216;0.025492906;-0.23657418
137561102;343.4375;7587;-17188;0.9605727;0.020394326;-0.23963332
137588226;343.5;7587;-17188;0.9575136;0.017335176;-0.247791052
137615310;343.5;7587;-17188;0.96261216;0.02447319;-0.24371218
137638472;343.5;7587;-17182;0.96363184;0.034670352;-0.24065304
137661677;343.5;7587;-17182;0.96363184;0.04588723;-0.23453474
137688254;343.5;7587;-17182;0.96261216;0.036709784;-0.24167276
137738269;343.4375;7587;-17194;0.961592464;0.015295744;-0.2447319
137762582;343.4375;7587;-17194;0.96261216;0.017335176;-0.242692468
137788252;343.4375;7587;-17188;0.961592464;0.023453474;-0.237593884
137818068;343.4375;7587;-17188;0.961592464;0.03569007;-0.1;118;141;4254
137841383;343.4375;7587;-17188;0.961592464;0.0377295;-0.247791052
137862694;343.4375;7587;-17194;0.96363184;0.028552056;-0.24575162
137888068;343.4375;7587;-17194;0.9605727;0.017335176;-0.2447319
137917187;343.4375;7587;-17200;0.9585333;0.0061182976;-0.242692468
137948442;343.375;7587;-17200;0.961592464;0.022433758;-0.24167276
137971997;343.375;7587;-17194;0.961592464;0.042828084;-0.24065304
137998136;343.375;7587;-17188;0.96363184;0.044867516;-0.247791052
138028447;343.4375;7587;-17188;0.96261216;0.02753234;-0.24167276
138058371;343.4375;7587;-17188;0.961592464;0.013256311;-0.24167276
138079812;343.375;7587;-17194;0.961592464;0.01631546;-0.23657418
138113776;343.4375;7587;-02692468
138138490;343.4375;7587;-17182;0.961592464;0.046906948;-0.2447319
138192131;343.4375;7587;-17188;0.961592464;0.025492906;-0.24065304
138213966;343.4375;7587;-17194;0.96261216;0.014276028;-0.23963332
138238426;343.375;7587;-17200;0.961592464;0.012236595;-0.237593884
138259999;343.375;7587;-17200;0.961592464;0.028552056;-0.24677134
138281929;343.3125;7587;-17207;0.96363184;0.0377295;-0.2447319
138308471;343.3125;7587;-17207;0.961592464;0.03263092;-0.242692468
138338305;343.3125;7587;-17207;0.9605727;0.029571772;-0.24677134
138360640;343.3125;7581;-17207;0.961592464;0.022433758;-0.2447319
138382206;343.3125;7581;-17213;0.961592464;0.013256311;-0.2386136
138408517;343.3125;7587;-17213;0.96261216;0.017335176;-0.2386136
138429705;343.3125;7587;-17219;0.96363184;0.029571772;-0.248810768
138451955;343.3125;7581;-17219;0.9605727;0.0387492184;-0.24983048
138478714;343.3125;7581;-17219;0.96261216;0.039768936;-0.24575162
138502139;343.3125;7581;-17219;0.96363184;0.031611204;-0.24575162
138528381;343.3125;7581;-17219;0.961592464;0.020394326;-0.2386136
138554121;343.3125;7581;-17225;0.961592464;0.013256311;-0.242692468
138613531;343.3125;7581;-01_000005_192721_airspeed_sdp810.csv@138615846;855;380;4251
138638802;343.25;7581;-17225;0.9575136;0.039768936;-0.2447319
138668453;343.25;7581;-17225;0.96261216;0.02447319;-0.24167276
138698758;343.25;7581;-17232;0.96261216;0.018354892;-0.24575162
138728306;343.25;7581;-17238;0.96363184;0.013256311;-0.24371218
138749640;343.25;7581;-17238;0.961592464;0.030591488;-0.245751620192721_imu_lsm6dso32.csv@138751090;1.014064;0.022448;0.00488;-77;49;-140eed_sdp810.csv@138755672;970;405;4251
138770855;343.25;7581;-17238;0.96363184;0.0387492184;-0.24065304
138818467;343.25;7581;-17238;0.961592464;0.029571772;-0.24167276
138848557;343.25;7581;-17238;0.961592464;0.020394326;-0.24677134
138878238;343.1875;7581;-17244;0.961592464;0.011216879;-0.247791052
138908715;343.1875;7581;-17244;0.96261216;0.026512622;-0.24983048
138938388;343.1875;7581;-17238;0.9605727;0.03569007;-0.24167276
138960193;343.1875;7581;-17238;0.9646516;0.034670352;-0.23351502
138984067;343.1875;7581;-17238;0.9646516;0.031611204;-0.23555446
139008692;343.25;7581;-17244;0.9605727;0.018354892;-0.2447319
139038271;343.25;7581;-17244;0.9585333;0.018354892;-0.25186992
139080766;343.25;7581;-17238;0.961592464;0.031611204;-0.242692468
139108360;343.25;7581;-17238;0.96771068;0.03263092;-0.23657418
139138663;343.25;7581;-17238;0.96363184;0.028552056;-0.24065304
139160723;343.25;7581;-17238;0.961592464;0.020394326;-0.24065304
139187920;343.25;7581;-17@20000101_000005_192721_airspeed_sdp810.csv@139190501;308;228;4253
139210124;343.3125;7581;-17238;0.96261216;0.022433758;-0.2508502
139237904;343.25;7581;-17232;0.961592464;0.031611204;-0.24167276
139261136;343.25;7581;-17232;0.96363184;0.031611204;-0.2314756
139287991;343.25;7581;-17@20000101_000005_192721_airspeed_sdp810.csv@139291017;357;245;4257
139309691;343.25;7581;-17232;0.9646516;0.023453474;-0.242692468
139338155;343.25;7581;-17232;0.9585333;0.015295744;-0.25288964
139361806;343.25;7581;-17232;0.9605727;0.025492906;-0.24983048
139388097;343.25;7581;-17@20000101_000005_192721_airspeed_sdp810.csv@139392393;488;287;4252
139410925;343.25;7581;-17225;0.961592464;0.03263092;-0.23453474
139438189;343.25;7581;-17225;0.9646516;0.0377295;-0.237593884
139461217;343.25;7581;-17225;0.96261216;0.02753234;-0.24167276
139508574;343.1875;7581;-17232;0.959553;0.01631546;-0.25594878
139538492;343.1875;7581;-17232;0.959553;0.029571772;-0.24983048
139561452;343.1875;7581;-17232;0.96363184;0.033650636;-0.2386136
139587110;343.1875;7581;-17232;0.96363184;0.036709784;-0.23453474
139609186;343.1875;7581;-17232;0.96363184;0.02753234;-0.24167276
139631245;343.1875;7581;-17232;0.961592464;0.017335176;-0.248810768
139658149;343.1875;7581;-17238;0.96261216;0.015295744;-0.2508502
139688385;343.1875;7581;-17238;0.959553;0.025492906;-0.247791052
139718423;343.1875;7581;-17238;0.9646516;0.031611204;-0.23351502
139740049;343.1875;7581;-17238;0.96363184;0.03263092;-0.2386136
139762182;343.1875;7581;-17238;0.96261216;0.028552056;-0.23453474
139788069;343.1875;7581;-17238;0.96261216;0.022433758;-0.24371218
139840659;343.1875;7581;-17238;0.961592464;0.02753234;-0.23963332
139862273;343.1875;7581;-17232;0.9646516;0.0377295;-0.23555446
139888202;343.1875;7581;-228936;-0.23351502
139915882;343.125;7581;-17238;0.96363184;0.03263092;-0.23657418
139958269;343.125;7581;-17238;0.9585333;0.022433758;-0.2569685
139981585;343.125;7575;-17244;0.9585333;0.020394326;-0.26002764
140008593;343.125;7575;-17250;0.961592464;0.02447319;-0.25390936
140038723;343.125;7575;-17250;0.96363184;0.03263092;-0.23657418
140061549;343.125;7575;-17244;0.9646516;0.030591488;-0.22739672
140087158;343.125;7575;-17250;0.959553;0.030591488;-0.24983048
140109246;343.125;7575;-17250;0.959553;0.020394326;-0.2641065
140138229;343.0625;7575;-17257;0.959553;0.014276028;-0.26104736
140162518;343.0625;7575;-17263;0.961592464;0.025492906;-0.24167276
140188045;343.0625;7575;-@20000101_000005_192721_gnss_gga.csv@140190518;0.0;0.0;0;0;2550
140211436;343.0625;7581;-17257;0.9646516;0.030591488;-0.226377008
140238063;343.0625;7581;-17257;0.9605727;0.030591488;-0.24371218
140260395;343.125;7581;-17257;0.9585333;0.020394326;-0.25186992
140282581;343.0625;7581;-17263;0.961592464;0.01631546;-0.25492908
140308163;343.125;7581;-17263;0.959553;0.02447319;-0.25492908
140338208;343.0625;7581;-17263;0.9656713;0.0377295;-0.2253573
140381567;343.0625;7581;-17263;0.9605727;0.029571772;-0.2447319
140408412;343.0625;7575;-17263;0.96261216;0.023453474;-0.24371218
140438363;343.0625;7575;-17269;0.9585333;0.023453474;-0.26002764
140465915;343.0;7575;-17269;0.961592464;0.028552056;-0.25288964
140498348;343.0;7575;-17269;0.9656713;0.029571772;-0.22841644
140520377;343.0;7575;-1723@20000101_000005_192721_airspeed_sdp810.csv@140522936;745;355;4251
140548355;343.0;7575;-17269;0.96261216;0.029571772;-0.24065304
140570078;343.0;7575;-17269;0.9575136;0.021414042;-0.25900792
140598050;343.0;7575;-17275;0.9575136;0.0193746092;-0.27124452
140626080;343.0;7575;-17275;0.9646516;0.023453474;-0.242692468
140658654;343.0;7575;-17275;0.96363184;0.029571772;-0.22739672
140681467;343.0;7575;-17275;0.96771068;0.028552056;-0.232495316
140708545;343.0;7575;-17275;0.96261216;0.03263092;-0.2447319
140729810;343.0;7575;-17275;0.9585333;0.0193746092;-0.2641065
140758707;343.0;7575;-17282;0.959553;0.020394326;-0.2569685
140781542;343.0;7575;-17282;0.96261216;0.02753234;-0.24167276
140808142;343.0;7581;-17282;0.9646516;0.02753234;-0.22841644
140871357;343.0;7575;-17282;0.9585333;0.023453474;-0.25288964
140897937;342.9375;7575;-17282;0.9575136;0.022433758;-0.26206708
140921166;342.9375;7575;-@20000101_000005_192721_airspeed_sdp810.csv@140924129;922;395;4258
140948499;343.0;7575;-17282;0.961592464;0.0377295;-0.23351502
140970897;343.0;7575;-17282;0.96771068;0.02753234;-0.2253573
141008629;343.0;7575;-17282;0.96363184;0.029571772;-0.242692468
141029872;342.9375;7575;-17282;0.96261216;0.012236595;-0.24677134
141058921;342.9375;7575;-17288;0.9585333;0.021414042;-0.25288964
141081639;342.9375;7575;-17288;0.9605727;0.033650636;-0.25594878
141108446;342.9375;7575;-17282;0.96363184;0.025492906;-0.23555446
141138550;342.9375;7575;-17282;0.961592464;0.025492906;-0.23657418
141163309;342.9375;7575;-17288;0.966691;0.025492906;-0.242692468
141188329;342.9375;7575;-@20000101_000005_192721_gnss_gga.csv@141191565;0.0;0.0;0;0;2550
141210135;342.9375;7575;-17294;0.9575136;0.020394326;-0.247791052
141232755;342.9375;7575;-17288;0.96261216;0.03569007;-0.25390936
141279381;342.9375;7575;-17288;0.96261216;0.026512622;-0.237593884
141308938;342.9375;7581;-17288;0.9656713;0.0193746092;-0.23963332
141331030;342.9375;7581;-17294;0.961592464;0.022433758;-0.247791052
141358640;342.9375;7575;-17288;0.961592464;0.023453474;-0.24677134
141388755;342.9375;7575;-17282;0.96363184;0.03569007;-0.24677134
141411178;342.9375;7575;-17282;0.9646516;0.0377295;-0.24167276
141435017;342.9375;7575;-17282;0.96363184;0.028552056;-0.23555446
141458820;342.9375;7575;-17282;0.959553;0.020394326;-0.23657418
141482565;342.9375;7575;-17282;0.961592464;0.022433758;-0.24575162
141508368;342.9375;7575;-17288;0.961592464;0.025492906;-0.247791052
141530773;342.875;7575;-17288;0.96261216;0.02753234;-0.24575162
141558697;342.9375;7575;-17288;0.9605727;0.0387492184;-0.24575162
141581701;342.9375;7575;-17288;0.9585333;0.031611204;-0.24371218
141608423;342.9375;7575;-17288;0.96363184;0.025492906;-0.24371218
141638418;342.9375;7575;-17288;0.9585333;0.015295744;-0.2447319
141668687;342.875;7575;-17288;0.96261216;0.023453474;-0.24677134
141708624;342.875;7575;-17282;0.96363184;0.034670352;-0.24371218
141738671;342.875;7575;-17282;0.96363184;0.03569007;-0.242692468
141761362;342.9375;7575;-17282;0.96261216;0.020394326;-0.24167276
141788279;342.9375;7575;-17282;0.961592464;0.015295744;-0.24371218
141815305;342.9375;7575;-17282;0.96261216;0.02447319;-0.2447319
141848423;342.9375;7575;7p810.csv@141851527;690;341;4254
141869945;342.9375;7575;-17275;0.9605727;0.039768936;-0.242692468
141892099;342.9375;7575;-17275;0.961592464;0.034670352;-0.2447319
141948474;342.9375;7575;-17275;0.96261216;0.021414042;-0.24575162
141971281;342.9375;7575;-17275;0.959553;0.017335176;-0.24167276
141998430;342.9375;7575;-17282;0.9605727;0.02447319;-0.2447319
142021601;342.9375;7575;-2@20000101_000005_192721_airspeed_sdp810.csv@142024523;600;318;4253
142048580;342.9375;7575;-17282;0.959553;0.03263092;-0.24371218
142071307;342.9375;7575;-17282;0.9605727;0.030591488;-0.247791052
142098362;342.9375;7575;-17282;0.96261216;0.022433758;-0.2447319
142143677;342.9375;7575;-17282;0.9646516;0.0193746092;-0.242692468
142168755;342.9375;7575;-17275;0.96261216;0.02753234;-0.24167276
142198241;342.9375;7575;-17275;0.961592464;0.034670352;-0.24371218
142219953;342.9375;7575;-@20000101_000005_192721_airspeed_sdp810.csv@142222917;537;301;4255
142248540;342.9375;7575;-17275;0.96261216;0.028552056;-0.24371218
142270631;342.9375;7575;-17275;0.961592464;0.015295744;-0.24167276
142292017;342.9375;7575;-17275;0.96261216;0.025492906;-0.2447319
142315255;342.9375;7575;-17269;0.9605727;0.031611204;-0.242692468
142338566;342.9375;7575;-17269;0.96261216;0.034670352;-0.24575162
142363050;342.9375;7575;-17269;0.961592464;0.034670352;-0.24167276
142388581;342.9375;7575;-836
142448602;342.9375;7575;-17269;0.9605727;0.020394326;-0.248810768
142477889;342.9375;7575;-17269;0.959553;0.025492906;-0.24575162
142508875;342.9375;7575;-17269;0.961592464;0.031611204;-0.24167276
142530918;342.9375;7575;-17269;0.96261216;0.030591488;-0.2386136
142579747;342.937;7961592464;0.020394326;-0.2508502
142608825;342.9375;7575;-17269;0.9605727;0.018354892;-0.2508502
142631325;342.9375;7575;-17269;0.961592464;0.02447319;-0.242692468
142658827;342.9375;7575;-17269;0.96261216;0.033650636;-0.24065304
142684012;342.9375;7575;-17269;0.96261216;0.03263092;-0.24065304
142708886;342.9375;7575;-17269;0.961592464;0.02447319;-0.2447319
142738531;342.9375;7575;-17269;0.961592464;0.017335176;-0.24371218
142768958;342.9375;7575;-17263;0.959553;0.026512622;-0.25390936
142798273;342.9375;7575;-17257;0.961592464;0.031611204;-0.24575162
142820152;342.9375;7575;-00.011712;-21;49;-105;1
142841990;342.9375;7575;-17257;0.96363184;0.0387492184;-0.2386136
142864434;342.9375;7575;-17257;0.96363184;0.033650636;-0.24371218
142912638;342.9375;7575;-17257;0.961592464;0.025492906;-0.25288964
142938786;342.9375;7575;-17257;0.9605727;0.028552056;-0.25186992
142960926;342.9375;7575;-17257;0.961592464;0.02753234;-0.23657418
142984288;342.9375;7581;-17257;0.96363184;0.02753234;-0.23657418
143029027;342.9375;7581;-17257;0.96261216;0.029571772;-0.24167276
143051220;342.9375;7581;-
143076029;342.9375;7581;-17257;0.9575136;0.018354892;-0.25492908
143098849;342.9375;7581;-17257;0.961592464;0.028552056;-0.248810768
143138364;342.9375;7581;-17257;0.96261216;0.020394326;-0.232495316
143188286;342.9375;7581;-17257;0.961592464;0.023453474;-0.24167276
143210201;342.9375;7581;-17257;0.9605727;0.023453474;-0.2508502
143232909;342.9375;7581;-17257;0.959553;0.023453474;-0.2508502
143282384;342.9375;7581;-17250;0.96363184;0.0377295;-0.23963332
143308569;342.9375;7581;-17250;0.96363184;0.031611204;-0.23351502
143338669;342.9375;7581;-17250;0.96363184;0.03569007;-0.24167276
143361848;342.9375;7581;-17250;0.9585333;0.031611204;-0.2508502
143388637;342.9375;7581;-17250;0.96363184;0.026512622;-0.25186992
143463886;342.9375;7581;-17250;0.96363184;0.030591488;-0.22841644
143488761;342.9375;7581;-17250;0.96363184;0.026512622;-0.23963332
143518660;342.9375;7581;-17250;0.9605727;0.023453474;-0.25594878
143558669;342.9375;7581;-17250;0.959553;0.012236595;-0.247791052
143580729;342.9375;7581;-17250;0.9605727;0.023453474;-0.2314756
143609061;342.9375;7581;-17250;0.96261216;0.028552056;-0.232495316
143639069;342.9375;7581;-17250;0.96363184;0.025492906;-0.24371218
143661982;342.9375;7581;-17250;0.961592464;0.020394326;-0.2508502
143688583;342.9375;7581;-184;0.017335176;-0.24371218
143709980;342.9375;7581;-17250;0.96363184;0.021414042;-0.2314756
143738743;342.9375;7581;-17238;0.959553;0.029571772;-0.23657418
143761857;342.9375;7581;-17232;0.96261216;0.041808368;-0.24677134
143788680;342.9375;7581;-17232;0.96363184;0.0387492184;-0.24167276
143818892;342.9375;7581_000005_192721_airspeed_sdp810.csv@143820800;560;308;4253
143848925;342.9375;7581;-17232;0.96363184;0.025492906;-0.247791052
143898999;342.9375;7581;-17232;0.961592464;0.036709784;-0.2447319
143948832;342.9375;7581;-17232;0.9646516;0.02753234;-0.23555446
143975403;342.9375;7581;-17232;0.9605727;0.023453474;-0.25186992
143998881;343.0;7581;-17232;0.959553;0.021414042;-0.25288964
144021230;343.0;7587;-172
144048893;343.0;7587;-17232;0.96363184;0.017335176;-0.23453474
144071572;343.0;7587;-17232;0.96363184;0.02447319;-0.23045588
144098660;343.0;7587;-17232;0.961592464;0.029571772;-0.24575162
144120178;343.0;7587;-172@20000101_000005_192721_airspeed_sdp810.csv@144122784;550;305;4254
144142058;343.0;7587;-17232;0.959553;0.022433758;-0.24983048
144164795;343.0;7587;-17232;0.96363184;0.012236595;-0.23555446
144189018;343.0;7587;-17232;0.96261216;0.01631546;-0.23351502
144212898;343.0;7587;-17225;0.96261216;0.03263092;-0.24065304
144238879;343.0;7581;-17219;0.961592464;0.036709784;-0.248810768
144261196;343.0;7581;-17219;0.961592464;0.033650636;-0.24983048
144309675;343.0;7581;-17219;0.96261216;0.028552056;-0.2386136
144331964;343.0;7581;-17219;0.96261216;0.02753234;-0.24167276
144358780;343.0;7581;-17219;0.96261216;0.026512622;-0.23963332
144381285;343.0;7581;-17219;0.9605727;0.029571772;-0.24065304
144409132;343.0;7581;-17219;0.96261216;0.03263092;-0.248810768
144430921;343.0;7581;-17219;0.9605727;0.03263092;-0.2508502
144458209;343.0;7581;-17219;0.959553;0.031611204;-0.247791052
144480369;343.0;7581;-17219;0.96363184;0.017335176;-0.2386136
144509111;343.0;7581;-17219;0.96261216;0.015295744;-0.23657418
144538757;343.0;7581;-17219;0.9605727;0.0193746092;-0.23555446
144560851;343.0;7581;-17219;0.9605727;0.028552056;-0.24677134
144582666;343.0;7581;-17219;0.9585333;0.031611204;-0.2508502
144609213;343.0;7581;-17219;0.96363184;0.031611204;-0.2447319
144630755;343.0;7581;-17219;0.96363184;0.021414042;-0.23657418
144659108;343.0;7581;-17219;0.96261216;0.020394326;-0.23657418
144681775;343.0625;7581;-17213;0.96363184;0.023453474;-0.24065304
144739562;343.0625;7581;-17194;0.96261216;0.03569007;-0.242692468
144769189;343.0625;7581;-17194;0.96363184;0.036709784;-0.24065304
144791373;343.0625;7581;-17194;0.96261216;0.030591488;-0.242692468
144816522;343.0625;7581;-17194;0.961592464;0.026512622;-0.24065304
144843339;343.0625;7581;-17194;0.96261216;0.029571772;-0.24575162
144868995;343.0625;7581;-17194;0.9605727;0.031611204;-0.24677134
144918433;343.0625;7581;-17194;0.96261216;0.029571772;-0.2386136
144948789;343.0625;7581;-17194;0.96363184;0.02447319;-0.24065304
144971377;343.0625;7581;-17194;0.9646516;0.015295744;-0.237593884
144998702;343.0625;7581;-17194;0.9605727;0.0193746092;-0.247791052
145021824;343.0625;7581;-17194;0.96261216;0.026512622;-0.24983048
145048629;343.0625;7581;-401_000005_192721_accel_adxl375.csv@145050388;1.7639999;0.147;0.147;1
145070849;343.0625;7581;-17194;0.96363184;0.028552056;-0.24065304
145098712;343.0625;7581;-17194;0.9646516;0.02447319;-0.23453474
145129561;343.0625;7581;-17194;0.96261216;0.0193746092;-0.23963332
145159174;343.125;7581;-17182;0.96261216;0.022433758;-0.24167276
145199344;343.125;7581;-17175;0.9585333;0.034670352;-0.25186992
145222916;343.125;7581;-17175;0.96261216;0.03569007;-0.24167276
145249019;343.125;7581;-17175;0.96363184;0.03263092;-0.23963332
145270898;343.125;7581;-17175;0.96363184;0.025492906;-0.232495316
145298939;343.125;7581;-17175;0.9605727;0.020394326;-0.24575162
145322213;343.125;7581;-15234;-0.25594878
145347133;343.125;7581;-17175;0.961592464;0.031611204;-0.2569685
145371199;343.0625;7581;-17175;0.96363184;0.036709784;-0.2447319
145399236;343.0625;7581;-17175;0.96261216;0.031611204;-0.24167276
145429004;343.0625;7581;-17182;0.96261216;0.021414042;-0.22943616
145450682;343.0625;7581;-17182;0.959553;0.0193746092;-0.247791052
145477392;343.0625;7581;-17182;0.9575136;0.017335176;-0.25288964
145499489;343.0625;7587;-17182;0.959553;0.02447319;-0.2508502
145521231;343.0625;7587;-@20000101_000005_192721_airspeed_sdp810.csv@145524161;292;222;4253
145548967;343.0625;7587;-17175;0.96261216;0.034670352;-0.237593884
145570893;343.0625;7587;-17175;0.9646516;0.02753234;-0.23555446
145619608;343.125;7587;-17175;0.9605727;0.0193746092;-0.24065304
145642079;343.125;7587;-17169;0.961592464;0.017335176;-0.24065304
145663713;343.125;7587;-17169;0.96261216;0.030591488;-0.24371218
145689205;343.125;7587;-17163;0.96363184;0.0438478;-0.24983048
145712611;343.125;7587;-17163;0.96363184;0.04588723;-0.24371218
145739234;343.0625;7587;-17169;0.961592464;0.02753234;-0.23555446
145766480;343.0625;7587;-17175;0.96363184;0.014276028;-0.23045588
145798998;343.0;7587;-17188;0.959553;0.013256311;-0.24167276
145829035;343.0;7581;-17182;0.9585333;0.0387492184;-0.2641065
145850958;343.0;7581;-1710101_000005_192721_airspeed_sdp810.csv@145855038;505;292;4251
145872886;343.0;7581;-17182;0.96363184;0.041808368;-0.24371218
145898956;343.0;7581;-17194;0.9656713;0.012236595;-0.22943616
145929169;343.0;7581;-17194;0.961592464;0.0030591488;-0.232495316
145952096;343.0;7581;-17200;0.9605727;0.014276028;-0.2508502
145978913;342.9375;7575;-17200;0.9585333;0.026512622;-0.26206708
146001982;343.0;7575;-17194;0.9605727;0.0377295;-0.2508502
146029206;342.9375;7581;-17188;0.9646516;0.041808368;-0.242692468
146066509;342.9375;7581;-17188;0.96363184;0.030591488;-0.23045588
146090391;343.0;7581;-17194;0.96363184;0.011216879;-0.226377008
146115289;342.9375;7581;-17200;0.959553;0.01631546;-0.2508502
146139627;343.0;7581;-17194;0.9585333;0.025492906;-0.2579882
146166417;343.0;7581;-17188;0.96261216;0.0387492184;-0.24677134
146189442;343.0;7581;-17188;0.9656713;0.04894638;-0.24167276
146210948;342.9375;7581;-17188;0.9656713;0.030591488;-0.219239
146232692;342.9375;7587;-17200;0.96261216;0.018354892;-0.22331786
146259307;342.9375;7581;-17207;0.96261216;0.014276028;-0.24371218
146281537;342.9375;7581;-17213;0.9575136;0.017335176;-0.26002764
146315917;342.875;7581;-17213;0.9585333;0.0316.000101_000005_192721_accel_adxl375.csv@146317063;1.7639999;0.147;0.147;@20000101_000005_192721_imu_lsm6dso32.csv@146333017;1.0111359;0.017568;0.008784;-7;105;-84;1
146341420;342.875;7581;-17213;0.96363184;0.034670352;-0.2386136
146362791;342.875;7581;-17213;0.9646516;0.029571772;-0.226377008
146389085;342.875;7581;-17219;0.96771068;0.020394326;-0.23351502
146416678;342.875;7581;-17225;0.9605727;0.0061182976;-0.2508502
146439817;342.8125;7581;-17238;0.95649384;0.004078865;-0.25594878
146461812;342.8125;7575;-17238;0.9575136;0.020394326;-0.2641065
146507207;342.8125;7575;-17219;0.9646516;0.04078865;-0.23351502
146529907;342.8125;7581;-17213;0.9656713;0.0377295;-0.22841644
146552270;342.875;7581;-1@20000101_000005_192721_airspeed_sdp810.csv@146556766;817;372;4253
146573890;342.875;7581;-17213;0.9605727;0.018354892;-0.2447319
146599483;342.875;7581;-17219;0.9585333;0.017335176;-0.26104736
146621070;342.8125;7581;-5
146649262;342.8125;7581;-17213;0.96363184;0.036709784;-0.23555446
146671632;342.8125;7581;-17213;0.9656713;0.0438478;-0.21821928
146692880;342.8125;7581;-17213;0.96363184;0.04078865;-0.22331786
146715087;342.8125;7581;-17219;0.9575136;0.026512622;-0.24983048
146741312;342.8125;7581;-17232;0.959553;0.012236595;-0.2692051
146763108;342.8125;7581;-17232;0.961592464;0.012236595;-0.26512624
146789374;342.75;7581;-17232;0.96261216;0.011216879;-0.2508502
146814349;342.75;7581;-17238;0.96363184;0.02447319;-0.22943616
146839526;342.75;7581;-17232;0.966691;0.033650636;-0.22025872
146861305;342.75;7581;-17232;0.9646516;0.033650636;-0.23963332
146889042;342.75;7581;-17238;0.95649384;0.020394326;-0.26206708
146946913;342.75;7581;-17232;0.9585333;0.021414042;-0.24677134
146969002;342.75;7581;-17225;0.96771068;0.023453474;-0.226377008
147015643;342.75;7581;-17207;0.9646516;0.046906948;-0.24167276
147042742;342.75;7581;-17207;0.95547416;0.02753234;-0.26716566
147064802;342.75;7581;-17207;0.961592464;0.0193746092;-0.26104736
147089497;342.75;7581;-17207;0.961592464;0.018354892;-0.25390936
147110956;342.75;7581;-17207;0.96363184;0.03263092;-0.23351502
147139187;342.75;7581;-17207;0.9656713;0.041808368;-0.22943616
147183045;342.75;7581;-17024371218
147209396;342.75;7581;-17219;0.961592464;0.017335176;-0.25492908
147233133;342.6875;7581;-17225;0.95649384;0.021414042;-0.26104736
147259504;342.6875;7581;-17232;0.9605727;0.014276028;-0.24677134
147300108;342.6875;7581;-17232;0.96363184;0.030591488;-0.2314756
147329665;342.6875;7581;-17232;0.961592464;0.034670352;-0.24167276
147353335;342.6875;7581;-@20000101_000005_192721_airspeed_sdp810.csv@147356340;1065;424;4249
147379143;342.6875;7581;-17238;0.959553;0.01631546;-0.26206708
147400864;342.625;7581;-17244;0.9605727;0.018354892;-0.25186992
147428525;342.625;7581;-17244;0.96363184;0.0193746092;-0.226377008
147449833;342.6875;7581;-17232;0.96363184;0.031611204;-0.221278432
147471874;342.6875;7581;-17225;0.96261216;0.033650636;-0.2314756
147493927;342.6875;7581;-17225;0.96363184;0.02753234;-0.24065304
147549631;342.6875;7581;-17219;0.959553;0.029571772;-0.2630868
147570988;342.6875;7581;-17219;0.96363184;0.02753234;-0.23453474
147616357;342.6875;7587;-17219;0.9646516;0.0377295;-0.226377008
147639709;342.6875;7581;-17219;0.96363184;0.030591488;-0.2314756
147721751;342.6875;7581;-17225;0.96363184;0.0193746092;-0.24065304
147749669;342.6875;7587;-17225;0.96363184;0.023453474;-0.22739672
147773073;342.6875;7587;-17225;0.9646516;0.029571772;-0.226377008
147799321;342.6875;7587;-17225;0.961592464;0.021414042;-0.2386136
147829570;342.6875;7581;-17232;0.959553;0.020394326;-0.26104736
147852645;342.6875;7581;-17238;0.9575136;0.02447319;-0.26206708
147878757;342.6875;7581;-17238;0.959553;0.017335176;-0.24371218
147900848;342.625;7581;-17232;0.968730432;0.023453474;-0.21821928
147959933;342.6875;7581;-17232;0.9605727;0.029571772;-0.2447319
147982494;342.6875;7581;-17232;0.9605727;0.029571772;-0.2579882
148009460;342.6875;7581;-17232;0.9585333;0.02753234;-0.26104736
148039507;342.6875;7587;-17232;0.96261216;0.028552056;-0.2386136
148060723;342.6875;7587;-17225;0.96363184;0.039768936;-0.22433758
148082712;342.6875;7587;-17225;0.9656713;0.031611204;-0.22841644
148110141;342.6875;7587;-17225;0.961592464;0.031611204;-0.248810768
148139485;342.6875;7587;-17225;0.9575136;0.028552056;-0.2569685
148161299;342.6875;7581;-17232;0.959553;0.02447319;-0.25492908
148209465;342.6875;7587;-17232;0.96363184;0.022433758;-0.2314756
148231061;342.6875;7587;-17232;0.9656713;0.02753234;-0.22943616
148252926;342.6875;7587;-810.csv@148256003;747;355;4253
148279281;342.6875;7587;-17238;0.9575136;0.02447319;-0.2569685
148309969;342.625;7581;-17244;0.9575136;0.020394326;-0.2569685
148339368;342.625;7587;-17244;0.96363184;0.020394326;-0.2314756
148361251;342.625;7587;-17244;0.96363184;0.028552056;-0.2314756
148383311;342.625;7587;-1705_192721_laser_agl.csv@148386159;0.021;1
148472953;342.625;7587;-17238;0.96261216;0.030591488;-0.24371218
148499317;342.625;7587;-17238;0.96363184;0.02753234;-0.23555446
148522471;342.625;7587;-17238;0.96363184;0.031611204;-0.2253573
148549549;342.625;7587;-17238;0.96363184;0.034670352;-0.237593884
148572632;342.625;7587;-17238;0.96261216;0.033650636;-0.24983048
148599454;342.6875;7587;-17238;0.95649384;0.029571772;-0.2630868
148650325;342.625;7587;-17238;0.96261216;0.022433758;-0.23453474
148672155;342.625;7587;-17238;0.9646516;0.021414042;-0.23045588
148693834;342.625;7587;-17238;0.96363184;0.02447319;-0.23657418
148715709;342.625;7587;-17238;0.96363184;0.028552056;-0.24371218
148739745;342.625;7587;-17244;0.961592464;0.02753234;-0.25186992
148764843;342.625;7587;-17244;0.9575136;0.02447319;-0.25492908
148789735;342.625;7587;-17244;0.961592464;0.021414042;-0.24575162
148811632;342.625;7587;-17244;0.9605727;0.0193746092;-0.23351502
148839577;342.625;7587;-17244;0.9656713;0.023453474;-0.23045588
148861937;342.625;7587;-17238;0.96363184;0.02753234;-0.23963332
148885956;342.625;7587;-120000101_000005_192721_accel_adxl375.csv@148887110;1.7639999;0.147;0.147;1
148914953;342.625;7587;-17232;0.9605727;0.03569007;-0.25492908
148939897;342.625;7587;-17225;0.96261216;0.03263092;-0.24677134
148962613;342.625;7587;-17225;0.961592464;0.02753234;-0.23453474
148989533;342.625;7587;-17232;0.961592464;0.025492906;-0.22739672
149015270;342.625;7587;-17232;0.96261216;0.029571772;-0.237593884
149039666;342.625;7587;-17232;0.9605727;0.030591488;-0.24575162
149089974;342.625;7587;-17232;0.96363184;0.031611204;-0.25186992
149112172;342.625;7587;-17232;0.9605727;0.023453474;-0.2447319
149139583;342.625;7587;-17232;0.96363184;0.022433758;-0.23555446
149171526;342.625;7587;-17232;0.96261216;0.017335176;-0.23657418
149193676;342.625;7587;-17238;0.959553;0.025492906;-0.25288964
149214788;342.625;7587;-17238;0.9605727;0.028552056;-0.25594878
149240009;342.625;7587;-17238;0.9585333;0.02447319;-0.24983048
149261676;342.625;7581;-17238;0.96261216;0.026512622;-0.2386136
149283031;342.625;7587;-17238;0.9646516;0.02447319;-0.23045588
149309730;342.625;7587;-17244;0.9646516;0.022433758;-0.23555446
149331944;342.625;7587;-17244;0.96363184;0.023453474;-0.242692468
149359869;342.625;7587;-17238;0.959553;0.029571772;-0.248810768
149389633;342.625;7587;-17232;0.9605727;0.03263092;-0.24677134
149411011;342.625;7587;-17232;0.9646516;0.03569007;-0.23555446
149492412;342.625;7587;-17232;0.96261216;0.025492906;-0.2508502
149515753;342.625;7587;-17232;0.9605727;0.02753234;-0.24983048
149540025;342.625;7587;-17232;0.96261216;0.029571772;-0.24575162
149562392;342.625;7587;-17232;0.961592464;0.033650636;-0.23963332
149585810;342.625;7587;-17232;0.9646516;0.034670352;-0.23555446
149619535;342.625;7587;-17232;0.96363184;0.023453474;-0.24065304
149641494;342.625;7587;-17232;0.961592464;0.015295744;-0.248810768
149666142;342.625;7587;-17232;0.959553;0.01631546;-0.248810768
149689946;342.625;7587;-17232;0.961592464;0.02447319;-0.24677134
149714043;342.625;7587;-17232;0.96261216;0.030591488;-0.237593884
149743748;342.625;7587;-17232;0.96363184;0.028552056;-0.237593884
149769956;342.625;7587;-17232;0.96363184;0.025492906;-0.24167276
149794878;342.625;7587;-17232;0.9605727;0.0193746092;-0.2508502
149816845;342.625;7587;-17232;0.9605727;0.020394326;-0.248810768
149839917;342.625;7587;-17225;0.96261216;0.029571772;-0.247791052
149861904;342.6875;7587;-17219;0.96363184;0.031611204;-0.24167276
149885250;342.6875;7587;-17219;0.96261216;0.033650636;-0.23453474
149929971;342.6875;7587;-17219;0.96363184;0.031611204;-0.2386136
149952058;342.6875;7587;-288964
149979366;342.6875;7587;-17219;0.96261216;0.025492906;-0.247791052
150000996;342.6875;7587;-17219;0.96261216;0.02753234;-0.242692468
150029642;342.6875;7587;-17219;0.961592464;0.031611204;-0.2386136
150052513;342.6875;7587;-17219;0.96363184;0.031611204;-0.2406@20000101_000005_192721_airspeed_sdp810.csv@150055819;512;294;42@20000101_000005_192721_imu_lsm6dso32.csv@150059287;1.013088;0.013664;0.001952;-119;21;-49;1
150079602;342.6875;7587;-17219;0.961592464;0.031611204;-0.24167276
150100696;342.6875;7587;-17219;0.9605727;0.022433758;-0.24677134
150129931;342.6875;7587;-17219;0.9605727;0.020394326;-0.247791052
150152326;342.6875;7587;-17219;0.96261216;0.01631546;-0.24167276
150179547;342.6875;7587;-17219;0.96261216;0.025492906;-0.237593884
150200917;342.6875;7587;-17219;0.96261216;0.031611204;-0.2386136
150223310;342.6875;7587;-17219;0.96261216;0.028552056;-0.24065304
150250159;342.6875;7587;-17219;0.9605727;0.02447319;-0.25186992
150272048;342.6875;7587;-17219;0.961592464;0.021414042;-0.242692468
150299593;342.6875;7587;-17219;0.9605727;0.022433758;-0.248810768
150379538;342.6875;7587;-17207;0.96261216;0.034670352;-0.24371218
150400700;342.6875;7587;-17207;0.961592464;0.029571772;-0.247791052
150429801;342.6875;7587;-17207;0.9605727;0.029571772;-0.247791052
150452435;342.6875;7587;-17207;0.961592464;0.026512622;-0.24167276
150479276;342.6875;7587;-17207;0.96261216;0.023453474;-0.23555446
150500900;342.6875;7587;-17207;0.9605727;0.034670352;-0.2386136
150523593;342.6875;7587;-17207;0.96261216;0.034670352;-0.24065304
150549571;342.6875;7587;-17207;0.9605727;0.030591488;-0.25288964
150579787;342.6875;7587;-17207;0.959553;0.021414042;-0.24575162
150601915;342.6875;7587;-17207;0.96363184;0.015295744;-0.242692468
150629682;342.6875;7587;-17207;0.96261216;0.022433758;-0.23963332
150651949;342.6875;7587;-17207;0.96261216;0.029571772;-0.242692468
150679833;342.6875;7587;-17207;0.961592464;0.030591488;-0.24677134
150701895;342.6875;7587;-17207;0.9605727;0.02753234;-0.248810768
150729823;342.6875;7587;-17207;0.9605727;0.020394326;-0.242692468
150753912;342.6875;7587;-17207;0.9605727;0.020394326;-0.24371218
150791282;342.6875;7587;-17200;0.96261216;0.028552056;-0.24371218
150829895;342.75;7587;-17194;0.96261216;0.0387492184;-0.24371218
150857015;342.75;7587;-17194;0.9605727;0.033650636;-0.247791052
150880339;342.75;7587;-17194;0.961592464;0.03263092;-0.247791052
150901674;342.75;7587;-17194;0.961592464;0.02753234;-0.2447319
150951349;342.75;7587;-17194;0.9646516;0.028552056;-0.23963332
150989796;342.75;7587;-17194;0.96261216;0.030591488;-0.24167276
151012296;342.75;7587;-17194;0.9605727;0.03263092;-0.24575162
151039887;342.75;7587;-17194;0.96363184;0.025492906;-0.24167276
151062495;342.75;7587;-17194;0.961592464;0.0193746092;-0.2386136
151110111;342.75;7587;-17194;0.96261216;0.018354892;-0.23963332
151139845;342.75;7587;-17194;0.961592464;0.026512622;-0.242692468
151170086;342.75;7587;-17194;0.9605727;0.031611204;-0.248810768
151193665;342.75;7587;-17194;0.96363184;0.028552056;-0.24371218
151250255;342.75;7587;-17188;0.96261216;0.015295744;-0.23453474
151272771;342.75;7587;-17182;0.96363184;0.031611204;-0.24677134
151299560;342.75;7587;-17175;0.959553;0.039768936;-0.25390936
151320855;342.75;7587;-17@20000101_000005_192721_airspeed_sdp810.csv@151324134;373;251;4252
151349520;342.75;7587;-17175;0.96363184;0.030591488;-0.242692468
151371793;342.75;7587;-17175;0.96363184;0.021414042;-0.2386136
151399858;342.75;7587;-17175;0.96363184;0.023453474;-0.24065304
151421923;342.75;7587;-17175;0.96363184;0.029571772;-0.2447319
151445160;342.75;7587;-17175;0.961592464;0.03569007;-0.2508502
151466857;342.75;7587;-17175;0.96261216;0.033650636;-0.248810768
151490168;342.75;7587;-17175;0.96261216;0.031611204;-0.247791052
151529673;342.75;7587;-17182;0.96261216;0.020394326;-0.23657418
151560357;342.75;7587;-17182;0.96363184;0.01631546;-0.237593884
151589688;342.75;7587;-17182;0.96363184;0.023453474;-0.24371218
151616429;342.75;7587;-17182;0.9605727;0.030591488;-0.24983048
151639914;342.75;7587;-17182;0.961592464;0.028552056;-0.24575162
151690156;342.75;7587;-17182;0.9605727;0.02447319;-0.23963332
151713717;342.75;7587;-17182;0.96363184;0.020394326;-0.23657418
151740475;342.75;7587;-17175;0.961592464;0.020394326;-0.24677134
151789716;342.75;7587;-17175;0.96363184;0.03569007;-0.247791052
151814943;342.75;7587;-17175;0.96363184;0.0377295;-0.24167276
151839862;342.75;7587;-17175;0.96261216;0.031611204;-0.23555446
151861898;342.75;7587;-17175;0.961592464;0.020394326;-0.24065304
151889853;342.75;7587;-17175;0.96261216;0.021414042;-0.24065304
151917037;342.75;7587;-17175;0.96363184;0.02753234;-0.2447319
151940291;342.75;7587;-17175;0.959553;0.031611204;-0.247791052
151962591;342.75;7587;-17175;0.96261216;0.033650636;-0.24575162
151989674;342.75;7587;-17175;0.96261216;0.02753234;-0.242692468
152014157;342.75;7587;-17175;0.961592464;0.01631546;-0.237593884
152040169;342.75;7587;-17175;0.96261216;0.012236595;-0.24065304
152116939;342.75;7587;-17163;0.961592464;0.033650636;-0.24167276
152140249;342.75;7587;-17163;0.961592464;0.030591488;-0.24065304
152162046;342.75;7587;-17163;0.9646516;0.020394326;-0.237593884
152189400;342.75;7587;-17163;0.9605727;0.02447319;-0.24065304
152211220;342.75;7587;-17163;0.9605727;0.02753234;-0.247791052
152239408;342.75;7587;-17163;0.9605727;0.030591488;-0.2447319
152261338;342.75;7587;-17163;0.96261216;0.034670352;-0.248810768
152285476;342.75;7587;-17163;0.96363184;0.034670352;-0.24371218
152310203;342.75;7587;-17163;0.961592464;0.02753234;-0.237593884
152340487;342.75;7587;-17163;0.96363184;0.029571772;-0.23963332
152362198;342.75;7587;-17163;0.961592464;0.021414042;-0.237593884
152385859;342.75;7587;-1747319
152415268;342.75;7587;-17163;0.961592464;0.026512622;-0.242692468
152472234;342.75;7587;-17163;0.9605727;0.02447319;-0.24371218
152493648;342.75;7587;-17163;0.961592464;0.020394326;-0.242692468
152532671;342.75;7587;-17163;0.96261216;0.022433758;-0.2447319
152560277;342.75;7587;-17163;0.9605727;0.023453474;-0.247791052
152589978;342.75;7587;-17163;0.96261216;0.029571772;-0.24983048
152615164;342.75;7587;-17163;0.961592464;0.02753234;-0.24167276
152640278;342.75;7587;-17163;0.96363184;0.02753234;-0.237593884
152666354;342.75;7587;-17163;0.9605727;0.02447319;-0.24167276
152690172;342.75;7587;-17163;0.959553;0.029571772;-0.24983048
152715632;342.75;7587;-17163;0.959553;0.031611204;-0.25186992
152740284;342.75;7587;-17163;0.961592464;0.026512622;-0.24575162
152762311;342.75;7587;-17163;0.9646516;0.02753234;-0.23045588
152784271;342.75;7587;-17163;0.96363184;0.028552056;-0.22943616
152810506;342.75;7587;-17163;0.96261216;0.03263092;-0.24167276
152840284;342.75;7587;-17163;0.961592464;0.034670352;-0.25390936
152861836;342.75;7587;-17163;0.9605727;0.026512622;-0.24983048
152885936;342.75;7587;-173@20000101_000005_192721_imu_lsm6dso32.csv@152891574;1.012112;-0.001952;0.018544;-77;84;-84;1
152910349;342.75;7587;-17163;0.9646516;0.015295744;-0.226377008
152940098;342.75;7587;-17163;0.96363184;0.022433758;-0.22433758
152980147;342.75;7587;-17163;0.96261216;0.034670352;-0.2569685
153011518;342.75;7587;-17163;0.961592464;0.017335176;-0.2447319
153040071;342.75;7587;-17163;0.961592464;0.0193746092;-0.2386136
153062553;342.75;7587;-17163;0.96363184;0.021414042;-0.23657418
153089764;342.75;7587;-17157;0.96261216;0.025492906;-0.2386136
153130150;342.75;7587;-17150;0.961592464;0.034670352;-0.248810768
153160143;342.75;7587;-17150;0.959553;0.03263092;-0.248810768
153182104;342.75;7587;-17150;0.96261216;0.026512622;-0.24677134
153207052;342.75;7587;-17150;0.96261216;0.02447319;-0.23963332
153230290;342.75;7587;-17150;0.961592464;0.023453474;-0.237593884
153252486;342.75;7587;-17150;0.961592464;0.02957-@20000101_000005_192721_airspeed_sdp810.csv@153255417;710;346;42@20000101_000005_192721_accel_adxl375.csv@153257567;1.7639999;0.147;0.147;1
153278619;342.75;7587;-17150;0.961592464;0.031611204;-0.24677134
153301322;342.75;7587;-17150;0.9605727;0.028552056;-0.24677134
153329755;342.75;7587;-17150;0.96261216;0.03569007;-0.248810768
153352021;342.75;7593;-177@20000101_000005_192721_baro_icp10111.csv@153357599;-22.42762;36.969832;101594.68;2.2532006
153389960;342.75;7593;-17150;0.96363184;0.023453474;-0.24167276
153438041;342.75;7593;-17150;0.959553;0.028552056;-0.247791052
153471794;342.75;7593;-17150;0.96261216;0.030591488;-0.24065304
153500433;342.75;7593;-17150;0.96363184;0.025492906;-0.23963332
153521981;342.75;7593;-17150;0.959553;0.021414042;-0.24065304
153550128;342.75;7593;-17150;0.961592464;0.02447319;-0.247791052
153573461;342.75;7593;-17150;0.9605727;0.022433758;-0.24167276
153599973;342.75;7593;-17150;0.96261216;0.023453474;-0.24575162
153622486;342.75;7593;-17150;0.96261216;0.029571772;-0.237593884
153646374;342.75;7593;-17150;0.96363184;0.033650636;-0.24065304
153670125;342.75;7593;-17150;0.9605727;0.029571772;-0.248810768
153749942;342.75;7593;-17150;0.961592464;0.023453474;-0.248810768
153772240;342.75;7593;-17150;0.96363184;0.028552056;-0.2447319
153799538;342.75;7593;-17150;0.96363184;0.03263092;-0.24371218
153851756;342.75;7593;-17150;0.9646516;0.025492906;-0.24371218
153880181;342.75;7593;-17150;0.9605727;0.023453474;-0.2447319
153902052;342.75;7593;-17150;0.9605727;0.02753234;-0.24677134
153939987;342.75;7593;-17150;0.961592464;0.02753234;-0.24371218
153962422;342.75;7593;-17150;0.9605727;0.022433758;-0.24167276
153989823;342.75;7593;-17150;0.9605727;0.020394326;-0.2386136
154015868;342.75;7593;-17150;0.96261216;0.02447319;-0.24167276
154040202;342.75;7593;-17150;0.9605727;0.02753234;-0.23963332
154061895;342.75;7593;-17150;0.959553;0.029571772;-0.242692468
154089818;342.75;7593;-17150;0.96363184;0.03263092;-0.24167276
154111658;342.75;7593;-17150;0.9605727;0.026512622;-0.23657418
154140006;342.75;7593;-17150;0.96261216;0.026512622;-0.2386136
154163923;342.75;7593;-17150;0.9585333;0.02753234;-0.24575162
154190066;342.75;7593;-17150;0.961592464;0.028552056;-0.248810768
154213068;342.75;7593;-17150;0.96261216;0.033650636;-0.24677134
154240052;342.75;7593;-17150;0.961592464;0.033650636;-0.247791052
154281606;342.2ed_sdp810.csv@154283824;615;322;4251
154304614;342.75;7593;-17150;0.961592464;0.01631546;-0.2386136
154352615;342.75;7593;-17150;0.9605727;0.031611204;-0.2488107@20000101_000005_192721_imu_lsm6dso32.csv@154359069;1.01016;0.018544;-0.001952;-35;42;-91;1
154390010;342.75;7593;-17150;0.9605727;0.036709784;-0.24371218
154423839;342.75;7593;-17150;0.96363184;0.02447319;-0.24065304
154450129;342.75;7593;-17150;0.96363184;0.017335176;-0.24167276
154471939;342.75;7593;-17150;0.9605727;0.018354892;-0.24575162
154499828;342.75;7593;-17150;0.96363184;0.028552056;-0.248810768
154529765;342.75;7593;-17144;0.96363184;0.03263092;-0.24065304
154560165;342.75;7593;-17144;0.96363184;0.0377295;-0.2447319
154583019;342.75;7593;-17144;0.9585333;0.025492906;-0.25390936
154610037;342.75;7593;-17144;0.961592464;0.015295744;-0.24677134
154640018;342.75;7593;-17144;0.961592464;0.02447319;-0.24167276
154661784;342.75;7593;-17144;0.96363184;0.03263092;-0.237593884
154689876;342.75;7593;-17144;0.96261216;0.03569007;-0.23555446
154741310;342.75;7593;-17144;0.96363184;0.02447319;-0.25492908
154765890;342.75;7593;-17144;0.96261216;0.020394326;-0.24677134
154790201;342.75;7593;-17144;0.96261216;0.01631546;-0.2386136
154812099;342.75;7593;-17144;0.9656713;0.02753234;-0.2253573
154839874;342.75;7593;-17144;0.9605727;0.033650636;-0.23555446
154861756;342.75;7593;-17144;0.95547416;0.030591488;-0.25594878
154883805;342.75;7593;-1708
154920443;342.75;7593;-17144;0.961592464;0.015295744;-0.248810768
154941929;342.75;7593;-17144;0.96261216;0.020394326;-0.23453474
154963847;342.75;7593;-17144;0.96363184;0.02753234;-0.23555446
154989898;342.75;7593;-17138;0.9605727;0.03263092;-0.2386136
155012269;342.75;7593;-17138;0.9605727;0.034670352;-0.247791052
155072763;342.75;7593;-17138;0.96261216;0.022433758;-0.23963332
155099822;342.75;7593;-17138;0.96771068;0.023453474;-0.23657418
155122381;342.75;7593;-17138;0.9646516;0.02447319;-0.242692468
155150071;342.75;7593;-170eed_sdp810.csv@155151881;1023;416;4254
155190385;342.75;7593;-17138;0.9605727;0.033650636;-0.2508502
155212267;342.75;7593;-17138;0.96261216;0.029571772;-0.248810768
155239854;342.75;7593;-17138;0.961592464;0.031611204;-0.2386136
155262052;342.75;7593;-17138;0.9605727;0.020394326;-0.23453474
155289896;342.75;7593;-17138;0.96363184;0.018354892;-0.23555446
155311982;342.75;7593;-17138;0.9646516;0.02753234;-0.23963332
155333880;342.75;7593;-17138;0.959553;0.026512622;-0.25390936
155360139;342.75;7593;-17138;0.9605727;0.028552056;-0.25594878
155382027;342.75;7593;-17138;0.9646516;0.033650636;-0.24065304
155409535;342.75;7593;-17138;0.96261216;0.025492906;-0.23657418
155440248;342.75;7593;-17138;0.961592464;0.020394326;-0.232495316
155462771;342.75;7593;-17138;0.9605727;0.021414042;-0.2447319
155489825;342.75;7593;-17138;0.959553;0.02753234;-0.248810768
155516354;342.75;7593;-17138;0.9605727;0.029571772;-0.24575162
155540471;342.75;7593;-17138;0.96261216;0.039768936;-0.247791052
155562610;342.75;7593;-17138;0.9605727;0.02753234;-0.24371218
155610875;342.75;7593;-17138;0.9605727;0.02447319;-0.2508502
155633644;342.75;7593;-17138;0.961592464;0.02447319;-0.2447319
155683863;342.75;7593;-17132;0.959553;0.031611204;-0.2447319
155720352;342.75;7593;-17132;0.961592464;0.028552056;-0.242692468
155742710;342.75;7593;-17132;0.961592464;0.026512622;-0.247791052
155765130;342.75;7593;-17132;0.961592464;0.021414042;-0.24983048
155790342;342.75;7593;-17132;0.959553;0.02447319;-0.2447319
155816424;342.75;7593;-17132;0.96261216;0.023453474;-0.24167276
155840475;342.75;7593;-17132;0.96363184;0.02753234;-0.23963332
155863669;342.75;7593;-17132;0.96363184;0.028552056;-0.23351502
155889893;342.75;7593;-17132;0.959553;0.023453474;-0.237593884
155915930;342.75;7593;-17132;0.9605727;0.029571772;-0.247791052
155950251;342.75;7593;-17132;0.959553;0.023453474;-0.25492908
155972357;342.75;7593;-17132;0.961592464;0.031611204;-0.24371218
156011103;342.75;7593;-17132;0.961592464;0.02753234;-0.23657418
156040003;342.75;7593;-17132;0.96261216;0.03263092;-0.24065304
156063399;342.75;7593;-17132;0.959553;0.030591488;-0.25390936
156089844;342.75;7593;-17132;0.9605727;0.018354892;-0.24371218
156113867;342.75;7593;-17132;0.961592464;0.020394326;-0.242692468
156140188;342.75;7593;-17132;0.9605727;0.029571772;-0.24575162
156164731;342.75;7593;-17132;0.96363184;0.03569007;-0.24065304
156190174;342.75;7593;-17132;0.9605727;0.031611204;-0.24371218
156212577;342.75;7593;-17132;0.9605727;0.021414042;-0.2447319
156239945;342.75;7593;-17132;0.96363184;0.020394326;-0.23963332
156263494;342.8125;7593;-17125;0.96363184;0.01631546;-0.242692468
156290001;342.8125;7593;-17119;0.961592464;0.030591488;-0.248810768
156315278;342.8125;7593;-17119;0.96261216;0.030591488;-0.2386136
156340171;342.8125;7593;-17119;0.96261216;0.03263092;-0.23657418
156364128;342.8125;7593;-17119;0.961592464;0.02753234;-0.24371218
156390135;342.8125;7593;-17119;0.96261216;0.0193746092;-0.23963332
156431583;342.8125;7593;-17119;0.96261216;0.026512622;-0.23963332
156454259;342.8125;7593;-17119;0.96363184;0.029571772;-0.23963332
156480368;342.8125;7593;-17119;0.96363184;0.034670352;-0.2447319
156501876;342.8125;7593;-17119;0.96261216;0.02753234;-0.24371218
156523761;342.75;7593;-17125;0.96261216;0.030591488;-0.2447319
156560241;342.75;7593;-17125;0.9605727;0.022433758;-0.2508502
156582454;342.75;7593;-17125;0.96363184;0.023453474;-0.2447319
156610197;342.75;7593;-17125;0.96363184;0.028552056;-0.2386136
156636967;342.75;7593;-17125;0.961592464;0.030591488;-0.242692468
156683661;342.8125;7593;-17119;0.961592464;0.026512622;-0.24677134
156716422;342.8125;7593;-17119;0.9605727;0.0193746092;-0.25390936
156750135;342.8125;7593;-17119721_airspeed_sdp810.csv@156752414;925;395;4257
156776967;342.8125;7593;-17119;0.9646516;0.029571772;-0.23555446
156810207;342.8125;7593;-17119;0.961592464;0.029571772;-0.242692468
156839838;342.75;7593;-17119;0.96363184;0.029571772;-0.247791052
156892705;342.8125;7593;-17119;0.96363184;0.022433758;-0.24677134
156915106;342.8125;7593;-17119;0.961592464;0.02753234;-0.24065304
156974037;342.8125;7593;-17113;0.9605727;0.036709784;-0.24677134
157000174;342.8125;7593;-17113;0.9605727;0.03569007;-0.2508502
157021800;342.8125;7593;-17113;0.961592464;0.021414042;-0.24167276
157050146;342.8125;7593;-17113;0.96363184;0.017335176;-0.23963332
157072427;342.8125;7593;-17113;0.9605727;0.022433758;-0.24167276
157093983;342.8125;7593;-17113;0.9605727;0.02753234;-0.24575162
157122760;342.8125;7593;-17113;0.96363184;0.03263092;-0.24371218
157146580;342.8125;7593;-17113;0.96261216;0.036709784;-0.2386136
157170318;342.8125;7593;-17113;0.96363184;0.034670352;-0.23555446
157193941;342.8125;7593;-17113;0.959553;0.018354892;-0.248810768
157216282;342.8125;7593;-17113;0.961592464;0.015295744;-0.24371218
157240366;342.8125;7593;-17113;0.961592464;0.013256311;-0.24065304
157263175;342.8125;7593;-17113;0.961592464;0.023453474;-0.24371218
157309357;342.8125;7593;-17107;0.959553;0.031611204;-0.2447319
157333293;342.8125;7593;-17100;0.96261216;0.033650636;-0.23963332
157359336;342.8125;7593;-17100;0.959553;0.02753234;-0.248810768
157381558;342.8125;7593;-17100;0.96261216;0.015295744;-0.2447319
157403822;342.8125;7593;-17100;0.96363184;0.0193746092;-0.2386136
157434243;342.8125;7593;-17094;0.96261216;0.02447319;-0.24371218
157482792;342.8125;7593;-17088;0.961592464;0.039768936;-0.247791052
157509891;342.8125;7593;-17088;0.96261216;0.03569007;-0.24677134
157540055;342.8125;7593;-17094;0.961592464;0.018354892;-0.24371218
157562367;342.8125;7593;-17094;0.961592464;0.015295744;-0.24065304
157590065;342.8125;7593;-17094;0.961592464;0.021414042;-0.242692468
157620365;342.8125;7593;-17094;0.96261216;0.028552056;-0.24167276
157650021;342.8125;7593;-17094;0.961592464;0.03569007;-0.2447319
157672142;342.8125;7593;-17094;0.9605727;0.026512622;-0.24575162
157696327;342.8125;7593;-17094;0.96261216;0.020394326;-0.247791052
157730405;342.8125;7593;-17094;0.96261216;0.017335176;-0.24065304
157781086;342.8125;7593;-17082;0.96261216;0.033650636;-0.247791052
157802961;342.8125;7593;-17075;0.961592464;0.0377295;-0.247791052
157830461;342.8125;7593;-17075;0.96261216;0.03569007;-0.247791052
157860480;342.8125;7593;-17075;0.961592464;0.022433758;-0.242692468
157882878;342.8125;7593;-17075;0.961592464;0.017335176;-0.24167276
157909848;342.8125;7593;-17075;0.96363184;0.021414042;-0.24167276
157934525;342.875;7593;-17075;0.961592464;0.030591488;-0.24677134
157966156;342.8125;7593;-17075;0.9646516;0.036709784;-0.24167276
157990896;342.8125;7593;-17075;0.96363184;0.031611204;-0.24065304
158013335;342.8125;7593;-17075;0.9605727;0.028552056;-0.24065304
158039620;342.8125;7593;-17075;0.96363184;0.025492906;-0.24371218
158061170;342.8125;7593;-17075;0.9605727;0.022433758;-0.2447319
158082797;342.8125;7593;-17075;0.961592464;0.025492906;-0.242692468
158110574;342.8125;7593;-17075;0.96261216;0.02753234;-0.24065304
158133683;342.8125;7593;-17075;0.96261216;0.029571772;-0.24167276
158166408;342.875;7593;-17075;0.96261216;0.023453474;-0.24371218
158221064;342.875;7593;-17075;0.961592464;0.022433758;-0.242692468
158250447;342.875;7593;-17075;0.9646516;0.030591488;-0.24677134
158271872;342.875;7593;-17075;0.961592464;0.03263092;-0.24167276
158295096;342.875;7593;-17075;0.96363184;0.029571772;-0.2386136
158330324;342.875;7593;-17075;0.961592464;0.025492906;-0.2447319
158351718;342.875;7593;-1@7639999;0.147;0.244999984;1
158380083;342.875;7593;-17075;0.96261216;0.029571772;-0.247791052
158403190;342.875;7593;-17075;0.959553;0.031611204;-0.247791052
158430505;342.875;7593;-17075;0.961592464;0.031611204;-0.242692468
158452206;342.875;7593;-1@20000101_000005_192721_airspeed_sdp810.csv@158456580;673;337;4255
158479441;342.875;7593;-17075;0.961592464;0.026512622;-0.242692468
158500907;342.875;7593;-17075;0.96261216;0.022433758;-0.2447319
158522680;342.875;7593;-17075;0.96363184;0.02447319;-0.24575162
158550420;342.875;7593;-17075;0.961592464;0.026512622;-0.246773400101_000005_192721_airspeed_sdp810.csv@158553629;700;344;4255
158572429;342.875;7593;-17075;0.96261216;0.029571772;-0.242692468
158610638;342.875;7593;-17075;0.96261216;0.031611204;-0.24167276
158661077;342.875;7593;-17075;0.96261216;0.023453474;-0.24371218
158683648;342.875;7593;-17075;0.9605727;0.018354892;-0.242692468
158780519;342.875;7593;-17075;0.96363184;0.03569007;-0.24167276
158809873;342.875;7593;-17075;0.96261216;0.023453474;-0.2447319
158831999;342.875;7593;-17075;0.96261216;0.018354892;-0.24065304
158854016;342.875;7593;-17075;0.96261216;0.023453474;-0.2447319
158880691;342.875;7593;-17075;0.96261216;0.02447319;-0.24065304
158910456;342.875;7593;-17075;0.959553;0.033650636;-0.23963332
158933376;342.875;7593;-17075;0.96363184;0.033650636;-0.24167276
158960577;342.875;7593;-17075;0.9646516;0.02753234;-0.24167276
158990181;342.875;7593;-17075;0.961592464;0.020394326;-0.24677134
159015411;342.875;7593;-17075;0.96363184;0.018354892;-0.24167276
159040555;342.875;7593;-17075;0.96261216;0.023453474;-0.237593884
159061843;342.875;7593;-17069;0.961592464;0.036709784;-0.24065304
159090351;342.875;7593;-17069;0.96363184;0.034670352;-0.23963332
159133817;342.875;7593;-17069;0.9605727;0.021414042;-0.247791052
159190248;342.875;7593;-17069;0.961592464;0.022433758;-0.2386136
159213764;342.875;7593;-17069;0.96363184;0.033650636;-0.24065304
159240409;342.875;7593;-17069;0.96363184;0.0377295;-0.24065304
159262610;342.875;7593;-17069;0.961592464;0.030591488;-0.24371218
159288899;342.875;7593;-17069;0.961592464;0.028552056;-0.247791052
159311123;342.875;7593;-17069;0.9605727;0.020394326;-0.242692468
159333481;342.875;7593;-17069;0.96261216;0.020394326;-0.24065304
159360419;342.875;7593;-17069;0.96261216;0.028552056;-0.24065304
159382703;342.875;7593;-17069;0.961592464;0.031611204;-0.2386136
159408643;342.875;7593;-17069;0.961592464;0.033650636;-0.24371218
159430899;342.875;7593;-17069;0.961592464;0.031611204;-0.25186992
159453346;342.875;7593;-10eed_sdp810.csv@159456707;488;287;4253
159490383;342.875;7593;-17069;0.96261216;0.017335176;-0.24167276
159523746;342.875;7593;-17069;0.96261216;0.022433758;-0.2386136
159562935;342.875;7593;-17069;0.9605727;0.033650636;-0.24677134
159590536;342.875;7593;-17069;0.9605727;0.031611204;-0.247791052
159614587;342.875;7593;-17069;0.96261216;0.023453474;-0.242692468
159673224;342.8125;7593;-17075;0.96363184;0.020394326;-0.23045588
159700289;342.8125;7593;-17075;0.96363184;0.033650636;-0.23963332
159722285;342.8125;7593;-17069;0.96261216;0.044867516;-0.25390936
159744389;342.8125;7587;-17069;0.9585333;0.0438478;-0.25390936
159770641;342.8125;7587;-17082;0.96363184;0.029571772;-0.24575162
159794139;342.8125;7593;-17088;0.9605727;0.010197163;-0.23657418
159830368;342.75;7593;-17107;0.961592464;0.009177446;-0.23453474
159853678;342.75;7593;-1717;96261216;0.031611204;-0.24677134
159880251;342.75;7587;-17100;0.959553;0.04588723;-0.25186992
159901720;342.6875;7587;-17100;0.96261216;0.044867516;-0.24983048
159923440;342.6875;7587;-17100;0.96261216;0.030591488;-0.24167276
159950022;342.6875;7587;-17113;0.9605727;0.01631546;-0.24065304
159990940;342.625;7587;-17138;0.96261216;0.007138014;-0.23045588
160030450;342.625;7587;-17138;0.961592464;0.0387492184;-0.25390936
160060635;342.625;7587;-17132;0.96363184;0.04588723;-0.25186992
160082451;342.625;7587;-17132;0.9656713;0.033650636;-0.24065304
160110420;342.625;7587;-17138;0.9605727;0.015295744;-0.23453474
160140272;342.5625;7587;-17144;0.96261216;0.009177446;-0.23555446
160162470;342.5625;7587;-17150;0.961592464;0.020394326;-0.242692468
160184502;342.5625;7587;-17150;0.961592464;0.034670352;-0.25288964
160210447;342.5625;7587;-17144;0.961592464;0.042828084;-0.25186992
160232386;342.5625;7587;-17144;0.9646516;0.042828084;-0.23963332
160280397;342.5625;7587;-17163;0.96363184;0.018354892;-0.23555446
160302011;342.5;7587;-17169;0.96363184;0.011216879;-0.23963332
160327763;342.5;7587;-17175;0.959553;0.0193746092;-0.24677134
160350793;342.5;7587;-17169;0.9605727;0.036709784;-0.2508502
160390660;342.4375;7587;-17169;0.96261216;0.041808368;-0.24371218
160413166;342.4375;7587;-17175;0.96363184;0.029571772;-0.23453474
160440361;342.4375;7587;-17182;0.961592464;0.017335176;-0.23555446
160463546;342.375;7587;-17194;0.961592464;0.010197163;-0.2447319
160490266;342.375;7587;-17200;0.9585333;0.020394326;-0.247791052
160512433;342.375;7581;-17194;0.96261216;0.0387492184;-0.248810768
160534524;342.375;7581;-17194;0.96261216;0.041808368;-0.23963332
160560993;342.375;7581;-17194;0.96363184;0.0377295;-0.23657418
160583593;342.375;7581;-17194;0.96363184;0.026512622;-0.23555446
160610372;342.3125;7581;-17200;0.961592464;0.017335176;-0.24371218
160640308;342.3125;7581;-17207;0.959553;0.018354892;-0.25288964
160663491;342.3125;7581;-17207;0.96261216;0.031611204;-0.242692468
160684670;342.3125;7581;-17207;0.96261216;0.034670352;-0.2386136
160710521;342.3125;7581;-17207;0.9646516;0.039768936;-0.23351502
160743785;342.3125;7581;-17207;0.961592464;0.02753234;-0.24065304
160770824;342.3125;7581;-17207;0.9605727;0.020394326;-0.247791052
160794255;342.3125;7581;-17213;0.9605727;0.021414042;-0.25186992
160830914;342.25;7581;-17213;0.961592464;0.028552056;-0.24065304
160880195;342.25;7581;-17213;0.96363184;0.034670352;-0.23453474
160901747;342.25;7581;-17213;0.9605727;0.02447319;-0.24371218
160922853;342.25;7581;-17219;0.9585333;0.018354892;-0.24983048
160950346;342.25;7581;-17219;0.9605727;0.018354892;-0.25186992
160974803;342.25;7581;-17225;0.961592464;0.026512622;-0.24371218
161030535;342.25;7581;-17225;0.9646516;0.034670352;-0.2386136
161060593;342.25;7581;-17225;0.96261216;0.026512622;-0.24575162
161083851;342.25;7581;-17225;0.961592464;0.0193746092;-0.24983048
161110612;342.25;7581;-17232;0.9605727;0.021414042;-0.2508502
161140245;342.25;7581;-17232;0.96261216;0.03263092;-0.24167276
161162220;342.25;7581;-17232;0.96363184;0.03569007;-0.23351502
161189256;342.25;7581;-17232;0.9656713;0.03263092;-0.237593884
161212093;342.25;7581;-17232;0.961592464;0.026512622;-0.24371218
161261095;342.1875;7581;-17238;0.961592464;0.02447319;-0.248810768
161283087;342.1875;7581;-17238;0.96261216;0.03263092;-0.24167276
161304914;342.1875;7581;-17238;0.96363184;0.029571772;-0.23657418
161351717;342.1875;7581;-17238;0.961592464;0.029571772;-0.24167276
161379921;342.1875;7575;-17238;0.959553;0.026512622;-0.25186992
161401705;342.1875;7575;-17238;0.959553;0.022433758;-0.25390936
161430416;342.1875;7575;-17238;0.96261216;0.025492906;-0.24371218
161452871;342.1875;7575;-17238;0.96363184;0.026512622;-0.23657418
161480384;342.1875;7575;-17238;0.96261216;0.031611204;-0.23657418
161502235;342.1875;7575;-17238;0.96363184;0.031611204;-0.2447319
161530415;342.1875;7575;-17238;0.961592464;0.02753234;-0.24677134
161560778;342.1875;7575;-17238;0.961592464;0.022433758;-0.2508502
161583653;342.1875;7581;-17238;0.96261216;0.023453474;-0.242692468
161610704;342.1875;7581;-17238;0.96363184;0.029571772;-0.2386136
161640415;342.1875;7581;-17238;0.9646516;0.030591488;-0.23657418
161662667;342.1875;7581;-17238;0.961592464;0.031611204;-0.24575162
161710907;342.25;7581;-17238;0.961592464;0.022433758;-0.2447319
161733050;342.25;7581;-17238;0.961592464;0.022433758;-0.24167276
161760643;342.25;7581;-17238;0.96363184;0.026512622;-0.23657418
161783292;342.25;7581;-17238;0.96261216;0.031611204;-0.24065304
161810390;342.25;7581;-17238;0.961592464;0.03263092;-0.24677134
161840297;342.25;7581;-17238;0.959553;0.02753234;-0.247791052
161862111;342.25;7581;-17238;0.96363184;0.020394326;-0.24167276
161883739;342.25;7581;-17238;0.9605727;0.021414042;-0.23555446
161907858;342.25;7581;-17238;0.96363184;0.023453474;-0.2386136
161940705;342.25;7581;-17238;0.96363184;0.031611204;-0.2447319
161962675;342.25;7581;-17238;0.9605727;0.034670352;-0.24575162
161983960;342.25;7581;-17238;0.96261216;0.029571772;-0.2508502
162017233;342.25;7581;-17238;0.961592464;0.0265;1
162040975;342.25;7581;-17238;0.96261216;0.020394326;-0.24065304
162063456;342.25;7581;-17238;0.96261216;0.022433758;-0.24167276
162090234;342.25;7581;-17238;0.959553;0.02753234;-0.242692468
162116394;342.25;7581;-17238;0.959553;0.033650636;-0.248810768
162152301;342.25;7581;-17238;0.96261216;0.028552056;-0.24575162
162180332;342.25;7581;-17238;0.96363184;0.028552056;-0.237593884
162201901;342.25;7581;-17238;0.9605727;0.02447319;-0.24167276
162223740;342.25;7581;-17238;0.961592464;0.02447319;-0.24065304
162250490;342.25;7581;-17238;0.96363184;0.026512622;-0.24575162
162272271;342.25;7581;-17238;0.96261216;0.03263092;-0.247791052
162293957;342.25;7581;-17238;0.96261216;0.03263092;-0.24677134
162316306;342.25;7581;-17238;0.96363184;0.030591488;-0.23657418
162350276;342.25;7581;-17238;0.96389;-0.237593884
162373620;342.25;7581;-17238;0.9605727;0.021414042;-0.2386136
162400232;342.25;7581;-17238;0.9605727;0.02447319;-0.24575162
162422407;342.25;7581;-17238;0.96363184;0.030591488;-0.24677134
162453758;342.25;7581;-17238;0.96261216;0.031611204;-0.24677134
162480231;342.25;7581;-17238;0.9646516;0.029571772;-0.24065304
162510663;342.25;7581;-17238;0.9605727;0.02447319;-0.242692468
162540528;342.25;7581;-17238;0.961592464;0.022433758;-0.24371218
162591367;342.25;7581;-17238;0.96261216;0.030591488;-0.24575162
162615436;342.25;7581;-1722721_airspeed_sdp810.csv@162617767;298;224;4253
162640521;342.25;7581;-17238;0.961592464;0.029571772;-0.2386136
162664030;342.25;7581;-17238;0.96261216;0.023453474;-0.24065304
162690356;342.25;7581;-17238;0.96261216;0.02447319;-0.24167276
162713306;342.25;7581;-17238;0.96261216;0.02753234;-0.248810768
162740273;342.25;7581;-17238;0.96261216;0.030591488;-0.24677134
162762000;342.25;7581;-17238;0.96261216;0.031611204;-0.237593884
162785840;342.25;7581;-17238;0.96363184;0.031611204;-0.237593884
162820859;342.25;7581;-17238;0.96261216;0.02753234;-0.24065304
162842811;342.25;7581;-17238;0.961592464;0.021414042;-0.2447319
162865633;342.25;7581;-17238;0.96261216;0.023453474;-0.24371218
162890625;342.25;7581;-17238;0.9605727;0.02753234;-0.2447319
162943799;342.1875;7581;-17238;0.961592464;0.030591488;-0.24167276
162965626;342.1875;7581;-17238;0.961592464;0.030591488;-0.24167276
163011840;342.1875;7581;-17238;0.96261216;0.026512622;-0.247791052
163040896;342.1875;7581;-17238;0.9605727;0.022433758;-0.24371218
163063838;342.1875;7581;-17238;0.96363184;0.02753234;-0.237593884
163090584;342.1875;7581;-17238;0.96261216;0.02753234;-0.23453474
163115974;342.1875;7581;-17238;0.96363184;0.031611204;-0.24167276
163142027;342.1875;7581;-17238;0.9585333;0.029571772;-0.2508502
163165157;342.1875;7581;-17238;0.9605727;0.02753234;-0.25186992
163190545;342.1875;7581;-17238;0.961592464;0.026512622;-0.24677134
163213284;342.1875;7581;-17238;0.96363184;0.023453474;-0.23555446
163240753;342.1875;7581;-17238;0.96363184;0.02447319;-0.23555446
163264799;342.1875;7581;-17238;0.961592464;0.030591488;-0.24167276
163290507;342.1875;7581;-17238;0.96261216;0.029571772;-0.24167276
163316381;342.1875;7581;-17238;0.96363184;0.031611204;-0.247791052
163340697;342.1875;7581;-17238;0.959553;0.026512622;-0.2447319
163362250;342.1875;7581;-17238;0.961592464;0.023453474;-0.23453474
163383947;342.1875;7581;-17238;0.96363184;0.02447319;-0.23453474
163430878;342.1875;7581;-17238;0.9605727;0.026512622;-0.242692468
163460550;342.1875;7581;-17238;0.961592464;0.030591488;-0.24983048
163482321;342.1875;7581;-17238;0.9605727;0.02753234;-0.24677134
163511265;342.1875;7581;-17238;0.961592464;0.030591488;-0.24065304
163532855;342.1875;7581;-17238;0.96363184;0.028552056;-0.24167276
163560560;342.1875;7581;-17238;0.96261216;0.023453474;-0.23963332
163582246;342.1875;7581;-17238;0.9605727;0.021414042;-0.237593884
163603847;342.1875;7581;-17238;0.961592464;0.0193746092;-0.24065304
163640358;342.1875;7581;-17232;0.9585333;0.03569007;-0.25900792
163662077;342.1875;7581;-17232;0.9605727;0.0377295;-0.2508502
163684516;342.1875;7581;-17232;0.9646516;0.03263092;-0.24065304
163711222;342.1875;7581;-17238;0.96261216;0.020394326;-0.23045588
163733959;342.25;7581;-17238;0.96363184;0.011216879;-0.232495316
163761849;342.25;7581;-17238;0.961592464;0.0193746092;-0.248810768
163783918;342.25;7581;-17232;0.961592464;0.033650636;-0.2579882
163830875;342.25;7581;-17225;0.96261216;0.04078865;-0.242692468
163860896;342.25;7581;-17225;0.96363184;0.02447319;-0.226377008
163882969;342.25;7581;-17225;0.96261216;0.011216879;-0.2314756
163913814;342.25;7581;-17225;0.961592464;0.015295744;-0.24575162
163940731;342.25;7581;-17219;0.9585333;0.02753234;-0.2569685
163964051;342.25;7581;-17213;0.961592464;0.0438478;-0.24371218
163990326;342.25;7587;-17213;0.96363184;0.044867516;-0.237593884
164011740;342.25;7587;-17213;0.961592464;0.031611204;-0.2314756
164033828;342.25;7587;-17219;0.96261216;0.020394326;-0.24065304
164060679;342.25;7587;-17219;0.961592464;0.00815773;-0.247791052
164083178;342.25;7587;-17219;0.9605727;0.014276028;-0.25492908
164110805;342.3125;7587;-17213;0.959553;0.025492906;-0.2508502
164133917;342.3125;7587;-17207;0.96363184;0.04588723;-0.23657418
164166495;342.3125;7587;-17207;0.96261216;0.041808368;-0.23657418
164190660;342.3125;7587;-17213;0.96261216;0.02753234;-0.2386136
164212086;342.3125;7587;-17219;0.9605727;0.0061182976;-0.24677134
164239040;342.3125;7587;-17219;0.9605727;0.009177446;-0.248810768
164280318;342.3125;7587;-17213;0.96261216;0.0387492184;-0.23963332
164301793;342.3125;7587;-17207;0.96363184;0.0438478;-0.23657418
164323939;342.3125;7587;-17207;0.96363184;0.041808368;-0.23555446
164360768;342.3125;7587;-17213;0.959553;0.0193746092;-0.24983048
164382672;342.3125;7587;-17219;0.9605727;0.012236595;-0.24983048
164403765;342.3125;7587;-17219;0.961592464;0.015295744;-0.24575162
164431079;342.3125;7587;-17213;0.96261216;0.031611204;-0.23351502
164456191;342.3125;7587;-17213;0.96363184;0.04078865;-0.23453474
164480622;342.3125;7587;-17213;0.96261216;0.04078865;-0.24167276
164502655;342.3125;7587;-17219;0.9585333;0.030591488;-0.25492908
164530403;342.3125;7587;-17219;0.959553;0.023453474;-0.25390936
164560707;342.3125;7587;-17219;0.96363184;0.012236595;-0.2386136
164590573;342.3125;7587;-17219;0.961592464;0.021414042;-0.2314756
164630013;342.3125;7587;-17219;0.961592464;0.0438478;-0.24371218
164652335;342.3125;7587;-17219;0.960204;-0.2569685
164674664;342.3125;7587;-17219;0.959553;0.02753234;-0.25390936
164700422;342.3125;7587;-17219;0.9605727;0.018354892;-0.24575162
164759696;342.3125;7587;-17219;0.96261216;0.028552056;-0.237593884
164783019;342.3125;7587;-17213;0.96261216;0.036709784;-0.24677134
164811083;342.3125;7587;-17213;0.9605727;0.0387492184;-0.25492908
164833335;342.3125;7587;-17219;0.959553;0.025492906;-0.24677134
164854675;342.3125;7587;-@20000101_000005_192721_accel_adxl375.csv@164857612;1.7639999;0.098;0.196;1
164880624;342.3125;7587;-17219;0.96261216;0.01631546;-0.2314756
164903512;342.3125;7587;-17219;0.96261216;0.022433758;-0.23657418
164930656;342.3125;7587;-17213;0.9605727;0.03263092;-0.24677134
164960895;342.3125;7587;-17213;0.9605727;0.0438478;-0.25390936
164983454;342.375;7593;-17207;0.96261216;0.033650636;-0.24371218
165010539;342.375;7593;-17213;0.9605727;0.025492906;-0.23555446
165033787;342.375;7593;-17213;0.961592464;0.013256311;-0.23351502
165082876;342.375;7593;-17207;0.9605727;0.031611204;-0.24575162
165115234;342.375;7593;-17207;0.961592464;0.041808368;-0.25492908
165141939;342.375;7593;-17213;0.96261216;0.031611204;-0.2447319
165191436;342.3125;7593;-17219;0.96363184;0.00815773;-0.22943616
165213782;342.3125;7593;-17225;0.959553;0.022433758;-0.24575162
165240801;342.3125;7593;-17219;0.961592464;0.033650636;-0.2508502
165264027;342.3125;7593;-17219;0.96363184;0.0438478;-0.2508502
165290409;342.3125;7587;-17213;0.96363184;0.034670352;-0.24983048
165311770;342.3125;7587;-17219;0.961592464;0.010197163;-0.2314756
165340689;342.3125;7587;-17225;0.961592464;0.010197163;-0.23453474
165362225;342.3125;7587;-17232;0.9605727;0.022433758;-0.24983048
165384419;342.3125;7587;-17225;0.9646516;0.03263092;-0.2508502
165420025;342.3125;7587;-17219;0.9605727;0.04078865;-0.24983048
165444772;342.3125;7593;-17225;0.96363184;0.031611204;-0.237593884
165467571;342.3125;7593;-17232;0.96261216;0.01631546;-0.2314756
165491194;342.3125;7593;-17238;0.961592464;0.009177446;-0.23045588
165512790;342.3125;7593;-17244;0.9605727;0.014276028;-0.24575162
165540623;342.3125;7593;-17244;0.9605727;0.025492906;-0.25186992
165585496;342.3125;7593;-17232;0.96363184;0.047926664;-0.24167276
165611116;342.3125;7593;-17232;0.96363184;0.03569007;-0.232495316
165632869;342.3125;7593;-17244;0.9646516;0.009177446;-0.22943616
165659830;342.3125;7593;-17244;0.959553;0.0030591488;-0.23963332
165681662;342.3125;7593;-17244;0.959553;0.020394326;-0.25186992
165702691;342.3125;7593;-17244;0.961592464;0.0377295;-0.25288964
165752716;342.3125;7593;-17238;0.96363184;0.0438478;-0.23555446
165778032;342.25;7593;-17244;0.961592464;0.025492906;-0.23555446
165801119;342.25;7593;-17250;0.961592464;0.013256311;-0.23453474
165830619;342.25;7593;-17257;0.959553;0.009177446;-0.24677134
165852436;342.25;7587;-17257;0.9605727;0.030594@20000101_000005_192721_imu_lsm6dso32.csv@165854782;1.012112;0.0@20000101_000005_192721_baro_icp10111.csv@165857747;-22.200386;36.9938668;101591.93;2.4804344
165873706;342.25;7587;-17250;0.96363184;0.0438478;-0.248810768
165894853;342.25;7587;-17250;0.9646516;0.046906948;-0.2386136
165921490;342.25;7593;-17250;0.9646516;0.031611204;-0.23351502
165943500;342.3125;7593;-17257;0.96363184;0.020394326;-0.237593884
165981029;342.3125;7593;-17263;0.9605727;0.009177446;-0.24677134
166004441;342.25;7593;-17269;0.959553;0.023453474;-0.25390936
166030503;342.25;7587;-17263;0.96363184;0.036709784;-0.2447319
166051869;342.3125;7593;-17257;0.9656713;0.042828084;-0.23555446
166073772;342.3125;7593;-17257;0.9656713;0.036709784;-0.22943616
166100580;342.3125;7593;-17263;0.961592464;0.025492906;-0.2314756
166121887;342.3125;7593;-1@20000101_000005_192721_imu_lsm6dso32.csv@166133034;1.0150399;-0.00488;-0.007808;-35;7;-126;1
166144570;342.25;7593;-17275;0.9605727;0.015295744;-0.25186992
166165759;342.25;7593;-17275;0.9605727;0.021414042;-0.2508502
166190880;342.25;7593;-17269;0.96363184;0.036709784;-0.24575162
166213568;342.25;7593;-17269;0.96363184;0.04588723;-0.23351502
166238973;342.25;7593;-17263;0.96363184;0.03569007;-0.23453474
166283317;342.25;7593;-17269;0.959553;0.011216879;-0.2508502
166309406;342.25;7587;-17275;0.959553;0.013256311;-0.25594878
166331275;342.25;7587;-17275;0.96261216;0.031611204;-0.24983048
166404644;342.25;7593;-17269;0.96261216;0.02753234;-0.23963332
166436889;342.25;7593;-17269;0.9605727;0.014276028;-0.24983048
166461432;342.25;7593;-17269;0.959553;0.015295744;-0.25594878
166483534;342.25;7593;-17269;0.9605727;0.022433758;-0.24575162
166573010;342.25;7593;-17263;0.96261216;0.026512622;-0.242692468
166610717;342.25;7593;-17269;0.959553;0.015295744;-0.25186992
166640618;342.3125;7593;-17269;0.96261216;0.021414042;-0.242692468
166663152;342.3125;7593;-17269;0.9646516;0.030591488;-0.22943616
166690853;342.3125;7593;-17269;0.96363184;0.0377295;-0.2314756
166716342;342.3125;7593;-17269;0.961592464;0.033650636;-0.242692468
166740801;342.3125;7593;-17269;0.961592464;0.02753234;-0.248810768
166772630;342.3125;7593;-17269;0.9605727;0.018354892;-0.248810768
166800532;342.3125;7593;-17269;0.959553;0.020394326;-0.242692468
166864382;342.3125;7593;-17269;0.96363184;0.034670352;-0.24371218
166891193;342.3125;7593;-17269;0.96261216;0.033650636;-0.24983048
166912769;342.3125;7593;-17269;0.959553;0.022433758;-0.25390936
166940529;342.3125;7593;-17269;0.961592464;0.015295744;-0.248810768
166962078;342.3125;7593;-17269;0.9646516;0.022433758;-0.23453474
166984025;342.3125;7593;-17269;0.96363184;0.02447319;-0.23045588
167010750;342.3125;7593;-17269;0.96363184;0.03263092;-0.23555446
167040845;342.3125;7593;-17269;0.961592464;0.034670352;-0.24983048
167064701;342.3125;7593;-17269;0.9605727;0.02753234;-0.25288964
167090731;342.3125;7593;-17269;0.9605727;0.018354892;-0.247791052
167112938;342.3125;7593;-17269;0.96363184;0.022433758;-0.23045588
167140728;342.3125;7600;-17269;0.96363184;0.02447319;-0.22739672
167166212;342.3125;7600;-17269;0.96363184;0.031611204;-0.23657418
167190947;342.3125;7600;-17269;0.96261216;0.034670352;-0.24575162
167213547;342.3125;7600;-17269;0.9605727;0.030591488;-0.25186992
167240679;342.3125;7600;-17269;0.9605727;0.023453474;-0.24677134
167291166;342.3125;7600;-17269;0.96363184;0.023453474;-0.232495316
167313553;342.3125;7600;-17269;0.961592464;0.031611204;-0.2386136
167350804;342.3125;7600;-17269;0.9605727;0.029571772;-0.2_1_imu_lsm6dso32.csv@167355841;1.013088;0.00976;-0.00976;-70;28;-98;1
167373347;342.3125;7600;-17269;0.961592464;0.028552056;-0.24983048
167394988;342.3125;7600;-17269;0.9605727;0.02447319;-0.24371218
167417770;342.3125;7600;-17269;0.9605727;0.02753234;-0.23963332
167450596;342.3125;7600;-17269;0.96261216;0.0207418
167480754;342.3125;7600;-17269;0.96261216;0.028552056;-0.24371218
167511263;342.3125;7600;-17269;0.9605727;0.02447319;-0.248810768
167540663;342.3125;7600;-17269;0.959553;0.02447319;-0.24575162
167563013;342.3125;7600;-17269;0.96261216;0.02753234;-0.2386136
167590671;342.3125;7600;-17269;0.96261216;0.02753234;-0.237593884
167674474;342.3125;7600;-17269;0.961592464;0.021414042;-0.247791052
167700604;342.3125;7600;-17269;0.961592464;0.023453474;-0.24677134
167742711;342.3125;7600;-17269;0.9646516;0.026512622;-0.2386136
167768118;342.3125;7600;-17269;0.96363184;0.033650636;-0.242692468
167810878;342.3125;7600;-17269;0.96261216;0.025492906;-0.2447319
167840920;342.3125;7600;-17269;0.9605727;0.0193746092;-0.2447319
167862768;342.3125;7600;-17269;0.9605727;0.023453474;-0.24065304
167890522;342.3125;7600;-17269;0.961592464;0.026512622;-0.2386136
167916776;342.3125;7600;-17269;0.96261216;0.03263092;-0.242692468
167941847;342.3125;7600;-17269;0.961592464;0.031611204;-0.24677134
167964145;342.3125;7600;-17269;0.96363184;0.028552056;-0.24371218
167990777;342.3125;7600;-17269;0.96261216;0.021414042;-0.24371218
168016379;342.3125;7600;-17269;0.96261216;0.025492906;-0.2447319
168041156;342.3125;7600;-17269;0.9605727;0.025492906;-0.2447319
168064680;342.3125;7600;-17269;0.96261216;0.031611204;-0.24371218
168090750;342.3125;7600;-17269;0.961592464;0.0387492184;-0.2447319
168116385;342.3125;7600;-17269;0.96261216;0.031611204;-0.24575162
168141166;342.3125;7600;-17269;0.96261216;0.022433758;-0.24065304
168181073;342.3125;7600;-17269;0.96261216;0.018354892;-0.23963332
168208968;342.3125;7600;-17263;0.9605727;0.0377295;-0.25288964
168231222;342.3125;7600;-17263;0.961592464;0.0377295;-0.24983048
168280329;342.3125;7600;-17263;0.96261216;0.020394326;-0.23963332
168302069;342.3125;7600;-17263;0.96261216;0.01631546;-0.237593884
168323911;342.3125;7600;-17263;0.96261216;0.020394326;-0.24371218
168350693;342.3125;7600;-17263;0.9605727;0.025492906;-0.2508502
168372785;342.3125;7600;-17263;0.959553;0.03263092;-0.24371218
168394682;342.3125;7600;-17263;0.96363184;0.03263092;-0.242692468
168430743;342.3125;7600;-17263;0.96261216;0.029571772;-0.237593884
168453260;342.3125;7600;-irspeed_sdp810.csv@168455725;477;284;4255
168480410;342.3125;7600;-17263;0.9605727;0.020394326;-0.2447319
168501681;342.3125;7600;-17263;0.96363184;0.028552056;-0.2447319
168530757;342.3125;7600;-17263;0.961592464;0.031611204;-0.2447319
168560377;342.3125;7600;-17263;0.961592464;0.033650636;-0.24167276
168601562;342.3125;7600;-17263;0.96261216;0.026512622;-0.24167276
168634207;342.3125;7600;-17263;0.96261216;0.020394326;-0.2447319
168661330;342.3125;7600;-17263;0.961592464;0.022433758;-0.247791052
168715986;342.31021_baro_bmp280.csv@168718196;-31.860538;37.85;101708.3;3.9766236
168741197;342.3125;7600;-17263;0.9605727;0.031611204;-0.24167276
168763496;342.3125;7600;-17263;0.961592464;0.021414042;-0.23657418
168791084;342.3125;7600;-17263;0.961592464;0.01631546;-0.24065304
168813400;342.3125;7600;-17263;0.961592464;0.018354892;-0.24167276
168836592;342.3125;7593;-17257;0.9605727;0.029571772;-0.2447319
168861368;342.25;7593;-17257;0.9605727;0.03569007;-0.247791052
168883314;342.25;7593;-17257;0.96261216;0.034670352;-0.24677134
168916681;342.25;7593;-17257;0.96261216;0.020394326;-0.2386136
168973258;342.25;7593;-17257;0.959553;0.021414042;-0.24677134
168994794;342.25;7593;-17257;0.96261216;0.031611204;-0.2508502
169030551;342.25;7593;-17250;0.96261216;0.0387492184;-0.24575162
169114084;342.25;7593;-17257;0.96363184;0.01631546;-0.242692468
169140738;342.25;7593;-17257;0.96261216;0.0193746092;-0.24677134
169163823;342.25;7593;-17257;0.96363184;0.031611204;-0.247791052
169190708;342.25;7593;-17257;0.961592464;0.036709784;-0.24167276
169214229;342.25;7593;-17257;0.96363184;0.030591488;-0.2386136
169240602;342.25;7593;-17257;0.961592464;0.02447319;-0.24065304
169262084;342.25;7593;-17257;0.9605727;0.013256311;-0.24065304
169284079;342.25;7593;-17257;0.96261216;0.018354892;-0.24371218
169310819;342.25;7593;-17257;0.96261216;0.02753234;-0.248810768
169333839;342.25;7593;-17257;0.96261216;0.033650636;-0.242692468
169360742;342.25;7593;-17257;0.9646516;0.033650636;-0.23657418
169382956;342.25;7593;-17257;0.96261216;0.03263092;-0.237593884
169411007;342.25;7593;-17257;0.96363184;0.020394326;-0.24371218
169440931;342.25;7593;-17257;0.961592464;0.021414042;-0.247791052
169462732;342.25;7593;-17257;0.9605727;0.026512622;-0.247791052
169513870;342p@169516531;462;279;4254
169550982;342.25;7593;-17257;0.96261216;0.030591488;-0.24371218
169572971;342.25;7593;-17257;0.961592464;0.020394326;-0.2447319
169596309;342.25;7593;-17257;0.961592464;0.020394326;-0.248810768
169617886;342.25;7593;-17257;0.96261216;0.023453474;-0.24575162
169643785;342.25;7593;-17257;0.96363184;0.030591488;-0.24371218
169665817;342.25;7593;-17257;0.961592464;0.033650636;-0.23963332
169690939;342.25;7593;-17257;0.961592464;0.031611204;-0.24575162
169713864;342.25;7593;-17257;0.96261216;0.022433758;-0.24371218
169780761;342.25;7593;-17257;0.9605727;0.0193746092;-0.2447319
169803968;342.25;7593;-17257;0.961592464;0.029571772;-0.24065304
169860266;342.25;7593;-17257;0.96261216;0.030591488;-0.23963332
169881719;342.25;7593;-17257;0.96261216;0.025492906;-0.2447319
169910802;342.25;7593;-17257;0.961592464;0.021414042;-0.24677134
169933386;342.25;7593;-17257;0.961592464;0.025492906;-0.242692468
169968020;342.25;7593;-17257;0.96261216;0.030591488;-0.24065304
169992161;342.25;7593;-17257;0.96363184;0.03263092;-0.242692468
170013744;342.25;7593;-17257;0.96261216;0.029571772;-0.24065304
170040862;342.25;7593;-17257;0.96261216;0.02753234;-0.2447319
170067136;342.25;7593;-17257;0.961592464;0.022433758;-0.24371218
170091724;342.25;7593;-17257;0.961592464;0.022433758;-0.24167276
170121102;342.25;7593;-17257;0.96363184;0.028552056;-0.24167276
170142668;342.25;7593;-17257;0.96363184;0.031611204;-0.2447319
170165592;342.25;7593;-17257;0.9605727;0.03263092;-0.2447319
170190824;342.25;7593;-17257;0.961592464;0.031611204;-0.23963332
170212990;342.25;7593;-17257;0.9605727;0.023453474;-0.242692468
170240878;342.25;7593;-17257;0.96261216;0.020394326;-0.242692468
170262941;342.25;7593;-17257;0.96261216;0.022433758;-0.24167276
170285234;342.25;7593;-17257;0.959553;0.030591488;-0.24065304
170310767;342.25;7593;-17257;0.96261216;0.033650636;-0.24371218
170360953;342.25;7593;-17257;0.96261216;0.02753234;-0.24065304
170383251;342.25;7593;-171so32.csv@170386081;1.01016;0.00488;0.00488;-98;42;-98;1
170405838;342.25;7593;-17257;0.9605727;0.022433758;-0.24167276
170431373;342.25;7593;-17257;0.96261216;0.028552056;-0.24371218
170452801;342.25;7593;-17@20000101_000005_192721_baro_bmp280.csv@170457080;-31.797124;37.84;101707.484;4.040037
170480500;342.25;7593;-17257;0.96261216;0.031611204;-0.24167276
170501683;342.25;7593;-17257;0.961592464;0.029571772;-0.242692468
170526651;342.25;7593;-17257;0.96261216;0.026512622;-0.24065304
170560976;342.25;7593;-17257;0.9605727;0.023453474;-0.242692468
170584408;342.25;7593;-17257;0.961592464;0.023453474;-0.23963332
170610847;342.25;7593;-17257;0.959553;0.02753234;-0.242692468
170632768;342.25;7593;-17257;0.9605727;0.030591488;-0.24371218
170660211;342.25;7593;-17257;0.96261216;0.030591488;-0.24371218
170682454;342.25;7593;-17257;0.96363184;0.026512622;-0.24677134
170715900;342.25;7593;-17257;0.917816;382;254;4251
170744368;342.25;7593;-17257;0.96363184;0.02447319;-0.24371218
170765910;342.25;7593;-17257;0.9605727;0.029571772;-0.24065304
170844015;342.25;7593;-17257;0.961592464;0.026512622;-0.24167276
170865876;342.25;7593;-17257;0.96261216;0.023453474;-0.24065304
170890752;342.25;7593;-17257;0.961592464;0.02447319;-0.23963332
170912961;342.25;7593;-17257;0.96261216;0.028552056;-0.24371218
170939130;342.25;7593;-17257;0.961592464;0.031611204;-0.24167276
170961296;342.25;7593;-17257;0.96261216;0.03263092;-0.242692468
170982745;342.25;7593;-17257;0.96261216;0.026512622;-0.24371218
171010939;342.25;7593;-17257;0.96261216;0.025492906;-0.24371218
171037921;342.25;7593;-17257;0.96261216;0.023453474;-0.242692468
171061229;342.25;7593;-17257;0.959553;0.026512622;-0.24167276
171082907;342.25;7593;-17@20000101_000005_192721_accel_adxl375.csv@171085751;1.7639999;0.196;0.196;1
171109307;342.25;7593;-17257;0.961592464;0.03263092;-0.2447319
171131199;342.25;7593;-17257;0.961592464;0.026512622;-0.24371218
171160764;342.25;7593;-17257;0.96261216;0.02447319;-0.24167276
171181964;342.25;7593;-17257;0.96261216;0.022433758;-0.24167276
171224905;342.25;7593;-17257;0.96363184;0.025492906;-0.24371218
171251126;342.25;7593;-17257;0.961592464;0.029571772;-0.24575162
171273629;342.25;7593;-17257;0.96261216;0.029571772;-0.24371218
171300519;342.25;7593;-17257;0.96363184;0.026512622;-0.24575162
171322649;342.25;7593;-175065304
171350503;342.25;7593;-17257;0.961592464;0.021414042;-0.242692468
171372674;342.25;7593;-17257;0.96261216;0.02753234;-0.242692468
171395431;342.25;7593;-17257;0.961592464;0.031611204;-0.242692468
171444308;342.25;7593;-17257;0.959553;0.029571772;-0.2447319
171480706;342.25;7593;-17257;0.9605727;0.023453474;-0.242692468
171502357;342.25;7593;-17257;0.961592464;0.021414042;-0.242692468
171527554;342.25;7593;-17257;0.96261216;0.022433758;-0.24167276
171561012;342.25;7593;-17257;0.96363184;0.028552056;-0.24065304
171590438;342.25;7593;-17257;0.9605727;0.034670352;-0.24371218
171671302;342.25;7593;-17257;0.96261216;0.020394326;-0.24167276
171704157;342.25;7593;-17257;0.96363184;0.02753234;-0.24371218
171731185;342.25;7593;-17257;0.961592464;0.034670352;-0.2447319
171761060;342.25;7593;-17257;0.9605727;0.03569007;-0.2508502
171790303;342.25;7593;-17257;0.9605727;0.028552056;-0.24575162
171812655;342.25;7593;-17257;0.961592464;0.0193746092;-0.24167276
171839308;342.25;7593;-17257;0.9605727;0.020394326;-0.237593884
171861743;342.25;7593;-17257;0.96261216;0.02753234;-0.23963332
171883403;342.25;7593;-17257;0.96261216;0.0377295;-0.2447319
171911193;342.25;7593;-17257;0.961592464;0.034670352;-0.24575162
171933626;342.25;7593;-17257;0.961592464;0.030591488;-0.2447319
171960928;342.25;7593;-17257;0.961592464;0.021414042;-0.24167276
171983816;342.25;7593;-17257;0.96363184;0.015295744;-0.237593884
172010721;342.25;7593;-17257;0.96363184;0.021414042;-0.2386136
172040252;342.25;7593;-17257;0.9605727;0.031611204;-0.24371218
172061778;342.25;7593;-17257;0.96261216;0.036709784;-0.2447319
172084451;342.25;7593;-17257;0.961592464;0.031611204;-0.24065304
172140232;342.25;7593;-17257;0.96261216;0.017335176;-0.23963332
172164181;342.25;7593;-17257;0.96261216;0.0193746092;-0.24167276
172190366;342.25;7593;-17250;0.961592464;0.028552056;-0.2447319
172212166;342.25;7593;-17250;0.9605727;0.0377295;-0.2447319
172240558;342.25;7593;-17250;0.96261216;0.036709784;-0.247791052
172261680;342.25;7593;-17250;0.961592464;0.02447319;-0.242692468
172283727;342.25;7593;-17250;0.96261216;0.018354892;-0.24065304
172310530;342.25;7593;-17250;0.96261216;0.01631546;-0.242692468
172331728;342.25;7593;-17250;0.96261216;0.02753234;-0.24371218
172360686;342.25;7593;-17250;0.9605727;0.03263092;-0.24677134
172382532;342.25;7593;-17250;0.961592464;0.0377295;-0.24167276
172409029;342.25;7593;-17250;0.96261216;0.031611204;-0.242692468
172432859;342.25;7593;-17250;0.9605727;0.022433758;-0.24167276
172466013;342.25;7593;-17250;0.959553;0.01631546;-0.24167276
172490724;342.25;7593;-17250;0.96261216;0.021414042;-0.242692468
172530961;342.25;7593;-17250;0.96261216;0.033650636;-0.24371218
172556907;342.25;7593;-17250;0.9605727;0.036709784;-0.24167276
172580972;342.25;7593;-17250;0.961592464;0.028552056;-0.24065304
172602776;342.25;7593;-17257;0.96261216;0.018354892;-0.24371218
172630316;342.25;7593;-17257;0.96363184;0.01631546;-0.24371218
172661106;342.25;7593;-17257;0.96261216;0.02447319;-0.24371218
172685106;342.25;7593;-17257;0.96261216;0.036709784;-0.24065304
172715581;342.25;7593;-17257;0.961592464;0.0377295;-0.24371218
172740477;342.25;7593;-17257;0.961592464;0.030591488;-0.24167276
172770020;342.25;7593;-17257;0.961592464;0.020394326;-0.24371218
172800245;342.25;7593;-17257;0.96261216;0.018354892;-0.24371218
172830454;342.25;7593;-17257;0.96363184;0.029571772;-0.23963332
172851953;342.25;7593;-17csv@172854864;1.7639999;0.147;0.147;1
172873898;342.25;7593;-17257;0.961592464;0.036709784;-0.2447319
172900551;342.25;7593;-17257;0.9605727;0.030591488;-0.24983048
172930429;342.25;7593;-17257;0.96261216;0.021414042;-0.24371218
172960719;342.25;7593;-17257;0.961592464;0.018354892;-0.24371218
173002871;342.25;7593;-17257;0.96261216;0.034670352;-0.24371218
173034514;342.25;7593;-17257;0.96363184;0.03569007;-0.24371218
173070498;342.25;7593;-17257;0.961592464;0.026512622;-0.2447319
173092511;342.25;7593;-17257;0.9605727;0.018354892;-0.2447319
173120925;342.25;7593;-17257;0.961592464;0.015295744;-0.24167276
173150386;342.25;7593;-17257;0.961592464;0.022433758;-0.241672@20000101_000005_192721_accel_adxl375.csv@173156897;1.7639999;0.196;0.147;1
173180446;342.25;7593;-17250;0.96363184;0.03569007;-0.242692468
173203414;342.25;7593;-17250;0.96261216;0.034670352;-0.2447319
173230366;342.25;7593;-17250;0.96261216;0.028552056;-0.247791052
173260586;342.25;7593;-17250;0.96363184;0.020394326;-0.24371218
173283167;342.25;7593;-17250;0.96363184;0.017335176;-0.23657418
173306900;342.25;7593;-17250;0.96363184;0.028552056;-0.237593884
173332081;342.25;7593;-17250;0.96261216;0.03569007;-0.24065304
173353646;342.25;7593;-17_peed_sdp810.csv@173355607;533;300;4257
173390557;342.25;7593;-17250;0.961592464;0.02753234;-0.2447319
173414965;342.25;7593;-17250;0.96261216;0.0193746092;-0.242692468
173440479;342.25;7593;-17250;0.96363184;0.0193746092;-0.23555446
173491058;342.25;7593;-17250;0.96261216;0.029571772;-0.24065304
173514659;342.25;7593;-17250;0.9605727;0.033650636;-0.24677134
173541053;342.25;7593;-17250;0.9605727;0.029571772;-0.24575162
173564234;342.25;7593;-17250;0.96363184;0.022433758;-0.24065304
173590393;342.25;7593;-17250;0.96261216;0.0193746092;-0.2386136
173612028;342.25;7593;-17250;0.961592464;0.022433758;-0.2386136
173640538;342.25;7593;-17250;0.961592464;0.029571772;-0.24167276
173664615;342.25;7593;-17250;0.96261216;0.036709784;-0.248810768
173690646;342.25;7593;-17250;0.9605727;0.033650636;-0.24677134
173712564;342.25;7593;-17250;0.959553;0.025492906;-0.24371218
173746540;342.25;7593;-17250;0.96261216;0.020394326;-0.23963332
173767806;342.25;7593;-17250;0.961592464;0.023453474;-0.23963332
173791973;342.25;7593;-17250;0.96261216;0.033650636;-0.24575162
173816739;342.25;7593;-17250;0.96363184;0.034670352;-0.248810768
173842349;342.25;7593;-17250;0.961592464;0.031611204;-0.248810768
173865385;342.25;7593;-17250;0.9605727;0.02447319;-0.24167276
173890731;342.25;7593;-17250;0.9605727;0.02447319;-0.237593884
173930723;342.25;7593;-17250;0.961592464;0.021414042;-0.2386136
173953191;342.25;7593;-17250;0.961592464;0.028552056;-0.24371218
173977707;342.25;7593;-17250;0.9605727;0.029571772;-0.24575162
174000723;342.25;7593;-17250;0.9605727;0.030591488;-0.24983048
174030284;342.25;7593;-17250;0.961592464;0.025492906;-0.2447319
174060861;342.25;7593;-17250;0.961592464;0.022433758;-0.23963332
174083918;342.25;7593;-17250;0.96261216;0.025492906;-0.23657418
174116020;342.25;7593;-17250;0.96261216;0.029571772;-0.2447319
174140767;342.25;7593;-17250;0.959553;0.029571772;-0.247791052
174163721;342.25;7593;-17250;0.9605727;0.029571772;-0.24575162
174190387;342.25;7593;-17250;0.961592464;0.028552056;-0.24167276
174212194;342.25;7593;-17250;0.9646516;0.023453474;-0.24167276
174235737;342.25;7593;-17250;0.96261216;0.026512622;-0.24065304
174260945;342.25;7593;-17250;0.96261216;0.028552056;-0.24065304
174282778;342.25;7593;-17250;0.961592464;0.026512622;-0.24677134
174305571;342.25;7593;-17250;0.961592464;0.030591488;-0.24677134
174351589;342.25;7593;-17250;0.96261216;0.029571772;-0.24677134
174390638;342.25;7593;-17250;0.96261216;0.022433758;-0.237593884
174416742;342.25;7593;-17250;0.96363184;0.022433758;-0.23963332
174450608;34234
174473606;342.25;7593;-17250;0.9605727;0.028552056;-0.24575162
174497236;342.25;7593;-17250;0.96261216;0.029571772;-0.24575162
174530586;342.25;7593;-17250;0.9605727;0.02447319;-0.237593884
174560537;342.25;7593;-17250;0.96261216;0.020394326;-0.24167276
174582457;342.25;7593;-17250;0.959553;0.025492906;-0.242692468
174613774;342.25;7593;-17250;0.96261216;0.033650636;-0.24677134
174640599;342.25;7593;-17250;0.96363184;0.03263092;-0.24371218
174663385;342.25;7593;-17250;0.9605727;0.026512622;-0.24371218
174689309;342.25;7593;-17250;0.9605727;0.023453474;-0.24065304
174714899;342.25;7593;-17250;0.961592464;0.026512622;-0.24167276
174740553;342.25;7593;-17250;0.961592464;0.030591488;-0.2447319
174762405;342.25;7593;-17250;0.9605727;0.030591488;-0.24677134
174811162;342.25;7593;-17250;0.961592464;0.028552056;-0.24167276
174843884;342.25;7593;-17250;0.96261216;0.020394326;-0.2447319
174865952;342.25;7593;-17250;0.9605727;0.022433758;-0.242692468
174890699;342.25;7593;-17250;0.9605727;0.025492906;-0.24677134
174945428;342.25;7593;-17250;0.961592464;0.028552056;-0.24065304
174967114;342.25;7593;-17250;0.961592464;0.026512622;-0.24371218
174990980;342.25;7593;-17250;0.961592464;0.025492906;-0.24167276
175020244;342.25;7593;-17250;0.96363184;0.022433758;-0.24167276
175042068;342.25;7593;-17250;0.961592464;0.026512622;-0.24371218
175064430;342.25;7593;-17250;0.9605727;0.028552056;-0.24167276
175090580;342.25;7593;-17250;0.96261216;0.031611204;-0.24371218
175116278;342.25;7593;-17250;0.961592464;0.03263092;-0.242692468
175141268;342.25;7593;-17250;0.96363184;0.030591488;-0.2447319
175164714;342.25;7593;-17250;0.959553;0.02447319;-0.24167276
175190687;342.25;7593;-17250;0.9605727;0.026512622;-0.242692468
175241401;342.25;7593;-17250;0.96363184;0.029571772;-0.24167276
175264158;342.25;7593;-17250;0.96363184;0.03263092;-0.2447319
175290578;342.25;7593;-17250;0.961592464;0.029571772;-0.24167276
175311745;342.25;7593;-17250;0.961592464;0.025492906;-0.24371218
175340677;342.25;7593;-17250;0.961592464;0.023453474;-0.2447319
175362930;342.25;7593;-17250;0.96363184;0.02447319;-0.24065304
175390596;342.25;7593;-17250;0.961592464;0.025492906;-0.242692468
175418225;342.25;7593;-17250;0.961592464;0.029571772;-0.24167276
175450739;342.25;7593;-17250;0.@20000101_000005_192721_power_ina226.csv@175455713;3936;474;1850;0
175472954;342.25;7593;-17250;0.961592464;0.02753234;-0.242692468
175494834;342.25;7593;-17250;0.961592464;0.025492906;-0.2447319
175520609;342.25;7593;-17@20000101_000005_192721_airspeed_sdp810.csv@175523092;435;271;4255
175550620;342.25;7593;-17250;0.96261216;0.026512622;-0.242692468
175572408;342.25;7593;-17250;0.96261216;0.030591488;-0.24065304
175594173;342.25;7593;-17250;0.9605727;0.028552056;-0.242692468
175617478;342.25;7593;-17250;0.96261216;0.031611204;-0.242692468
175641131;342.25;7593;-17250;0.96261216;0.028552056;-0.2447319
175680804;342.25;7593;-17250;0.959553;0.025492906;-0.24167276
175703198;342.25;7593;-17250;0.961592464;0.025492906;-0.24167276
175730861;342.25;7593;-17250;0.96363184;0.02447319;-0.24371218
175760747;342.25;7593;-17250;0.96363184;0.031611204;-0.24575162
175782979;342.25;7593;-17250;0.96363184;0.030591488;-0.24371218
175811045;342.25;7593;-17250;0.9605727;0.02447319;-0.2447319
175840566;342.25;7593;-17250;0.9605727;0.022433758;-0.237593884
175864514;342.25;7593;-17250;0.9646516;0.021414042;-0.2386136
175890608;342.25;7593;-17250;0.9605727;0.023453474;-0.24065304
175913781;342.25;7593;-17250;0.96261216;0.028552056;-0.247791052
175940646;342.25;7593;-17250;0.961592464;0.029571772;-0.24677134
175962326;342.25;7593;-17250;0.961592464;0.025492906;-0.242692468
175990704;342.25;7593;-17250;0.96261216;0.022433758;-0.2386136
176012128;342.25;7593;-17250;0.961592464;0.023453474;-0.237593884
176043788;342.25;7593;-17250;0.961592464;0.029571772;-0.24677134
176066160;342.25;7593;-17250;0.9605727;0.031611204;-0.24371218
176090724;342.25;7593;-17250;0.961592464;0.030591488;-0.24983048
176131163;342.25;7593;-17250;0.9605727;0.02753234;-0.23963332
176152845;342.25;7593;-17250;0.9605727;0.029571772;-0.23963332
176174731;342.25;7593;-17250;0.961592464;0.02753234;-0.23963332
176200755;342.25;7593;-17250;0.9605727;0.02753234;-0.24575162
176243821;342.25;7593;-17250;0.9646516;0.02753234;-0.24575162
176266021;342.25;7593;-17250;0.96261216;0.030591488;-0.24167276
176291020;342.25;7593;-17250;0.96261216;0.026512622;-0.24065304
176312913;342.25;7593;-17250;0.96261216;0.022433758;-0.237593884
176336495;342.25;7593;-17250;0.96363184;0.025492906;-0.24065304
176383802;342.25;7593;-17_0;257;4253
176441466;342.25;7593;-17250;0.961592464;0.025492906;-0.24167276
176462926;342.25;7593;-17250;0.96363184;0.021414042;-0.23657418
176490484;342.25;7593;-17250;0.96363184;0.02447319;-0.2386136
176530916;342.25;7593;-17250;0.96261216;0.030591488;-0.2447319
176554409;342.25;7593;-171
176580535;342.25;7593;-17250;0.961592464;0.03263092;-0.242692468
176612591;342.25;7593;-17250;0.9646516;0.029571772;-0.2386136
176633984;342.25;7593;-17250;0.9605727;0.022433758;-0.237593884
176660770;342.25;7593;-17250;0.96261216;0.023453474;-0.24065304
176682820;342.25;7593;-17250;0.961592464;0.028552056;-0.24167276
176708287;342.25;7593;-17250;0.961592464;0.031611204;-0.248810768
176730921;342.25;7593;-17250;0.961592464;0.031611204;-0.2447319
176760921;342.25;7593;-17250;0.9605727;0.02753234;-0.24167276
176782851;342.25;7593;-17250;0.961592464;0.021414042;-0.23555446
176810663;342.25;7593;-17250;0.9605727;0.020394326;-0.23963332
176831684;342.25;7593;-17250;0.961592464;0.025492906;-0.24575162
176860903;342.25;7593;-17250;0.961592464;0.025492906;-0.24677134
176882948;342.25;7593;-17250;0.961592464;0.030591488;-0.24371218
176931461;342.25;7593;-17250;0.96261216;0.030591488;-0.242692468
176961135;342.25;7593;-17250;0.961592464;0.023453474;-0.24167276
176983290;342.25;7593;-17250;0.961592464;0.020394326;-0.24167276
177010756;342.25;7593;-17250;0.96261216;0.021414042;-0.24677134
177040609;342.25;7593;-17250;0.9605727;0.03263092;-0.248810768
177062538;342.25;7593;-17250;0.9605727;0.0387492184;-0.24167276
177088458;342.25;7593;-17@20000101_000005_192721_airspeed_sdp810.csv@177092486;490;288;4256
177116476;342.25;7593;-17250;0.96261216;0.023453474;-0.24065304
177140852;342.25;7593;-17250;0.961592464;0.017335176;-0.242692468
177163253;342.25;7593;-17250;0.9605727;0.021414042;-0.24371218
177190609;342.25;7593;-17250;0.96261216;0.028552056;-0.24983048
177212223;342.25;7593;-17250;0.9605727;0.034670352;-0.24371218
177239392;342.25;7593;-17250;0.96261216;0.033650636;-0.237593884
177261393;342.25;7593;-17250;0.96261216;0.025492906;-0.2386136
177288291;342.25;7593;-17@20000101_000005_192721_airspeed_sdp810.csv@177292862;530;299;4254
177311172;342.25;7593;-17250;0.961592464;0.018354892;-0.24575162
177373212;342.25;7593;-17250;0.961592464;0.031611204;-0.2386136
177395665;342.25;7593;-17250;0.96261216;0.031611204;-0.23657418
177418083;342.25;7593;-17250;0.961592464;0.030591488;-0.242692468
177450653;342.25;7593;-17250;0.96261216;0.022433758;-0.247791052
177472315;342.25;7593;-17250;0.961592464;0.02447319;-0.24677134
177494587;342.25;7593;-17250;0.96261216;0.026512622;-0.247791052
177516985;342.25;7593;-17250;0.96363184;0.028552056;-0.237593884
177541041;342.25;7593;-17250;0.96261216;0.031611204;-0.237593884
177564960;342.25;7593;-17250;0.961592464;0.030591488;-0.23657418
177600898;342.25;7593;-17250;0.96261216;0.02753234;-0.247791052
177650573;342.25;7593;-17.005_192721_airspeed_sdp810.csv@177653049;305;227;4259
177673374;342.25;7593;-17250;0.961592464;0.022433758;-0.23555446
177700150;342.25;7593;-17250;0.961592464;0.02447319;-0.2386136
177722357;342.25;7593;-17200.028552056;-0.23963332
177750424;342.25;7593;-17250;0.961592464;0.03263092;-0.247791052
177791251;342.25;7593;-17250;0.9605727;0.021414042;-0.24371218
177813098;342.25;7593;-17250;0.9605727;0.01631546;-0.2386136
177836411;342.25;7593;-17250;0.96261216;0.020394326;-0.2386136
177883271;342.25;7593;-17244;0.96261216;0.03263092;-0.248810768
177912929;342.25;7593;-17244;0.9605727;0.031611204;-0.2508502
177944138;342.25;7593;-17244;0.961592464;0.02447319;-0.248810768
177965974;342.25;7593;-17244;0.96261216;0.020394326;-0.23555446
177990766;342.25;7593;-17244;0.96363184;0.0193746092;-0.23657418
178029044;342.25;7593;-17238;0.96363184;0.03263092;-0.24167276
178052207;342.25;7593;-17238;0.96261216;0.034670352;-0.24575162
178073925;342.25;7593;-17238;0.961592464;0.031611204;-0.247791052
178100697;342.25;7593;-17238;0.96261216;0.02753234;-0.24371218
178130455;342.25;7593;-17238;0.9605727;0.0193746092;-0.2386136
178152976;342.25;7593;-17238;0.959553;0.018354892;-0.2375
178180490;342.25;7593;-17238;0.9605727;0.02447319;-0.24371218
178240772;342.25;7593;-17238;0.961592464;0.031611204;-0.24575162
178263454;342.25;7593;-17238;0.961592464;0.020394326;-0.23963332
178290488;342.25;7593;-17238;0.96261216;0.01631546;-0.2386136
178312934;342.25;7593;-17238;0.9605727;0.017335176;-0.24371218
178372512;342.25;7593;-17232;0.96261216;0.03569007;-0.24167276
178400773;342.25;7593;-17232;0.96261216;0.03569007;-0.2447319
178421774;342.25;7593;-1797319;-0.24065304
178450723;342.25;7593;-17232;0.9605727;0.0193746092;-0.24167276
178472849;342.25;7593;-17232;0.96261216;0.020394326;-0.24677134
178494760;342.25;7593;-17232;0.96261216;0.02753234;-0.242692468
178517627;342.25;7593;-17232;0.96261216;0.03263092;-0.242692468
178573068;342.25;7593;-17232;0.96261216;0.029571772;-0.2386136
178600429;342.25;7593;-17232;0.961592464;0.020394326;-0.2447319
178630524;342.25;7593;-17232;0.959553;0.018354892;-0.242692468
178684187;342.25;7593;-17232;0.96261216;0.033650636;-0.2447319
178710751;342.25;7593;-17232;0.961592464;0.031611204;-0.2447319
178740441;342.25;7593;-17232;0.9605727;0.02447319;-0.24065304
178762600;342.25;7593;-17232;0.96363184;0.018354892;-0.24167276
178784261;342.25;7593;-17232;0.961592464;0.022433758;-0.247791052
178810612;342.25;7593;-17232;0.96261216;0.023453474;-0.242692468
178840461;342.25;7593;-17225;0.961592464;0.031611204;-0.2447319
178862555;342.25;7593;-17225;0.96261216;0.033650636;-0.23963332
178890395;342.25;7593;-17225;0.96261216;0.030591488;-0.23963332
178912035;342.25;7593;-17225;0.96363184;0.02447319;-0.23963332
178940402;342.25;7593;-17225;0.96261216;0.02447319;-0.242692468
178961809;342.25;7593;-17225;0.96261216;0.030591488;-0.248810768
178984417;342.25;7593;-17225;0.961592464;0.030591488;-0.24575162
179010783;342.25;7593;-17225;0.96363184;0.033650636;-0.247791052
179040537;342.25;7593;-17225;0.9605727;0.031611204;-0.2447319
179062078;342.25;7593;-17225;0.959553;0.02753234;-0.2386136
179100928;342.25;7593;-17225;0.96261216;0.020394326;-0.2447319
179123117;342.25;7593;-17225;0.961592464;0.023453474;-0.2447319
179150606;342.25;7593;-17225;0.96261216;0.025492906;-0.248810768
179174226;342.25;7593;-17225;0.96261216;0.029571772;-0.2447319
179200596;342.25;7593;-17225;0.961592464;0.030591488;-0.24677134
179223151;342.25;7593;-17225;0.9605727;0.02447319;-0.24167276
179250343;342.25;7593;-17225;0.9605727;0.023453474;-0.2447319
179273267;342.25;7593;-17225;0.96363184;0.020394326;-0.24167276
179300491;342.25;7593;-17225;0.961592464;0.022433758;-0.24371218
179323949;342.25;7593;-17225;0.9605727;0.030591488;-0.24677134
179360595;342.25;7593;-17225;0.961592464;0.028552056;-0.24065304
179383316;342.25;7593;-17225;0.96261216;0.02447319;-0.23351502
179414858;342.25;7593;-17225;0.96363184;0.026512622;-0.237593884
179443769;342.25;7593;-17225;0.96261216;0.02753234;-0.24575162
179467627;342.25;7593;-17225;0.9605727;0.033650636;-0.24983048
179490743;342.25;7593;-17225;0.96261216;0.031611204;-0.248810768
179534354;342.25;7593;-17225;0.96363184;0.026512622;-0.237593884
179560927;342.25;7593;-17225;0.9605727;0.020394326;-0.23453474
179582795;342.25;7593;-17225;0.9605727;0.025492906;-0.2386136
179615573;342.25;7593;-17225;0.9585333;0.028552056;-0.25186992
179640562;342.25;7593;-17225;0.96363184;0.026512622;-0.25288964
179663620;342.25;7593;-17225;0.961592464;0.026512622;-0.24167276
179690312;342.25;7593;-17225;0.96261216;0.026512622;-0.2447319
179711749;342.25;7593;-17225;0.96261216;0.025492906;-0.23963332
179740451;342.25;7593;-17225;0.96363184;0.02447319;-0.242692468
179763508;342.25;7593;-17225;0.959553;0.02753234;-0.248810768
179790493;342.25;7593;-17225;0.961592464;0.030591488;-0.247791052
179812054;342.25;7593;-17225;0.96363184;0.02753234;-0.24371218
179835974;342.25;7593;-17225;0.96261216;0.029571772;-0.242692468
179863604;342.25;7593;-17225;0.9646516;0.030591488;-0.24065304
179890619;342.25;7593;-17225;0.96261216;0.026512622;-0.24371218
179924209;342.25;7593;-17225;0.96261216;0.02753234;-0.2447319
179950767;342.25;7593;-17;000005_192721_imu_lsm6dso32.csv@179953203;1.012112;0.012688;0.001952;-84;63;-98;1
180000782;342.25;7593;-17225;0.96261216;0.030591488;-0.23963332
180023378;342.25;7593;-17225;0.96363184;0.025492906;-0.23657418
180050682;342.25;7593;-17225;0.961592464;0.023453474;-0.242692468
180074585;342.25;7593;-17225;0.961592464;0.025492906;-0.24167276
180100614;342.25;7593;-17225;0.961592464;0.029571772;-0.24575162
180121672;342.25;7593;-17@20000101_000005_192721_airspeed_sdp810.csv@180124186;568;310;4254
180143765;342.25;7593;-17225;0.96261216;0.029571772;-0.24371218
180168172;342.25;7593;-17225;0.96261216;0.02753234;-0.23963332
180191550;342.25;7593;-17225;0.96261216;0.023453474;-0.23963332
180214284;342.25;7593;-17225;0.961592464;0.025492906;-0.24371218
180240552;342.25;7593;-17225;0.961592464;0.028552056;-0.24677134
180264256;342.25;7593;-17225;0.959553;0.030591488;-0.24575162
180290457;342.25;7593;-17225;0.961592464;0.030591488;-0.242692468
180312077;342.25;7593;-17225;0.961592464;0.028552056;-0.24065304
180340923;342.25;7593;-17225;0.96363184;0.02753234;-0.23963332
180363037;342.25;7593;-17225;0.9605727;0.02447319;-0.242692468
180474610;342.25;7593;-17225;0.96261216;0.023453474;-0.2386136
180500501;342.25;7593;-17225;0.96261216;0.023453474;-0.24167276
180530493;342.25;7593;-17225;0.959553;0.029571772;-0.24167276
180551868;342.25;7593;-17225;0.961592464;0.030591488;-0.2447319
180580553;342.25;7593;-17225;0.961592464;0.028552056;-0.24677134
180602115;342.25;7593;-17225;0.9605727;0.020394326;-0.23963332
180630153;342.25;7593;-17225;0.961592464;0.021414042;-0.237593884
180651830;342.25;7593;-17225;0.96261216;0.026512622;-0.24167276
180673967;342.25;7593;-17225;0.96261216;0.03569007;-0.24575162
180700497;342.25;7593;-17225;0.96261216;0.03569007;-0.248810768
180730849;342.25;7593;-17225;0.959553;0.02447319;-0.24983048
180753581;342.25;7593;-17.167276
180774996;342.25;7593;-17225;0.9605727;0.022433758;-0.23963332
180807898;342.25;7593;-17225;0.959553;0.028552056;-0.24371218
180840854;342.25;7593;-17225;0.96261216;0.031611204;-0.24371218
180880825;342.25;7593;-17225;0.959553;0.026512622;-0.24575162
180943725;342.25;7593;-17225;0.961592464;0.02447319;-0.24167276
180965709;342.25;7593;-17225;0.961592464;0.025492906;-0.24167276
180990829;342.25;7593;-17225;0.961592464;0.026512622;-0.242692468
181012909;342.25;7593;-17225;0.961592464;0.028552056;-0.24371218
181040926;342.25;7593;-17225;0.959553;0.026512622;-0.2447319
181064728;342.25;7593;-17225;0.9605727;0.025492906;-0.24371218
181091011;342.25;7593;-17225;0.96363184;0.022433758;-0.237593884
181116266;342.25;7593;-17225;0.96363184;0.023453474;-0.2386136
181140828;342.25;7593;-17225;0.96261216;0.025492906;-0.242692468
181163546;342.25;7593;-17225;0.959553;0.029571772;-0.242692468
181185019;342.25;7593;-17225;0.96261216;0.030591488;-0.242692468
181211125;342.25;7593;-17225;0.96261216;0.03263092;-0.2447319
181232802;342.25;7593;-17225;0.961592464;0.026512622;-0.24167276
181272134;342.25;7593;-17225;0.96363184;0.023453474;-0.24065304
181294015;342.25;7593;-17225;0.961592464;0.023453474;-0.24065304
181317548;342.25;7593;-17225;0.961592464;0.029571772;-0.24575162
181380464;342.25;7593;-17225;0.96363184;0.029571772;-0.2386136
181401899;342.25;7593;-17225;0.9605727;0.02447319;-0.24167276
181430437;342.25;7593;-17225;0.959553;0.02447319;-0.24371218
181451729;342.25;7593;-17225;0.961592464;0.02753234;-0.24677134
181480411;342.25;7593;-17225;0.9605727;0.026512622;-0.247791052
181503640;342.25;7593;-17225;0.961592464;0.023453474;-0.24167276
181539566;342.25;7593;-17225;0.9646516;0.023453474;-0.237593884
181562083;342.25;7593;-17225;0.961592464;0.028552056;-0.24065304
181584391;342.25;7593;-17225;0.9605727;0.028552056;-0.24677134
181610771;342.25;7593;-17225;0.959553;0.02753234;-0.24677134
181640181;342.25;7593;-17225;0.96261216;0.023453474;-0.242692468
181662113;342.25;7593;-17225;0.961592464;0.026512622;-0.237593884
181714073;342.25;7593;-17225;0.962612105_192721_airspeed_sdp810.csv@181717864;515;295;4257
181744632;342.25;7593;-17801_000005_192721_laser_agl.csv@181747702;0.022;0
181766785;342.25;7593;-17225;0.961592464;0.029571772;-0.24575162
181790957;342.25;7593;-17225;0.96363184;0.028552056;-0.24167276
181843770;342.25;7593;-17225;0.96261216;0.02753234;-0.2447319
181864991;342.25;7593;-17225;0.961592464;0.026512622;-0.24371218
181890722;342.25;7593;-17225;0.961592464;0.02753234;-0.24677134
181911868;342.25;7593;-17225;0.96261216;0.029571772;-0.24575162
181933705;342.25;7593;-17225;0.961592464;0.02753234;-0.24575162
181960803;342.25;7593;-17225;0.96261216;0.025492906;-0.24575162
181983367;342.25;7593;-17225;0.96363184;0.022433758;-0.23963332
182010871;342.25;7593;-17225;0.9605727;0.02447319;-0.23963332
182032813;342.25;7593;-17225;0.9646516;0.028552056;-0.242692468
182057279;342.25;7593;-17225;0.96363184;0.02753234;-0.242692468
182081188;342.25;7593;-17225;0.96261216;0.02753234;-0.242692468
182111078;342.25;7593;-17225;0.9605727;0.025492906;-0.24065304
182162699;342.25;7593;-17225;0.961592464;0.02753234;-0.24167276
182189591;342.25;7593;-17225;0.961592464;0.030591488;-0.24167276
182211920;342.25;7593;-17225;0.9605727;0.026512622;-0.242692468
182240516;342.25;7593;-17225;0.961592464;0.025492906;-0.2447319
182264428;342.25;7593;-17225;0.96363184;0.02753234;-0.24167276
182290662;342.25;7593;-17225;0.96363184;0.028552056;-0.24677134
182311682;342.25;7593;-17225;0.96363184;0.02753234;-0.24167276
182333981;342.25;7593;-17225;0.96261216;0.02753234;-0.24371218
182361193;342.25;7593;-17225;0.96261216;0.025492906;-0.2447319
182383081;342.25;7593;-17225;0.96363184;0.02447319;-0.242692468
182413787;342.25;7593;-17225;0.96261216;0.02753234;-0.24575162
182440660;342.25;7593;-17225;0.96261216;0.029571772;-0.24371218
182464440;342.25;7593;-17225;0.96261216;0.028552056;-0.24371218
182500649;342.25;7593;-17225;0.96363184;0.02447319;-0.24677134
182524126;342.25;7593;-17225;0.961592464;0.025492906;-0.242692468
182550630;342.25;7593;-17225;0.96261216;0.025492906;-0.242692468
182591011;342.25;7593;-17225;0.96363184;0.02447319;-0.242692468
182616169;342.25;7593;-17225;0.961592464;0.025492906;-0.242692468
182640948;342.25;7593;-17225;0.96261216;0.02753234;-0.2447319
182663804;342.25;7593;-17225;0.961592464;0.029571772;-0.24065304
182690734;342.25;7593;-17225;0.96363184;0.030591488;-0.242692468
182712988;342.25;7593;-17225;0.96363184;0.030591488;-0.2447319
182740885;342.25;7593;-17225;0.96261216;0.028552056;-0.24167276
182763030;342.25;7593;-17225;0.96261216;0.02753234;-0.24065304
182790190;342.25;7593;-17225;0.961592464;0.026512622;-0.24371218
182811865;342.25;7593;-17225;0.9605727;0.02753234;-0.24167276
182840479;342.25;7593;-17225;0.96363184;0.030591488;-0.24575162
182861854;342.25;7593;-17225;0.961592464;0.030591488;-0.24167276
182884020;342.25;7593;-17225;0.96261216;0.02753234;-0.23963332
182923049;342.25;7593;-17225;0.961592464;0.021414042;-0.24065304
182945527;342.25;7593;-17225;0.96261216;0.022433758;-0.24167276
182967465;342.25;7593;-17225;0.96261216;0.02447319;-0.24065304
183012632;342.25;7593;-17225;0.96261216;0.030591488;-0.24677134
183041255;342.25;7593;-17225;0.9605727;0.029571772;-0.248810768
183062887;342.25;7593;-17225;0.961592464;0.023453474;-0.24065304
183090567;342.25;7593;-17225;0.961592464;0.02447319;-0.2386136
183112451;342.25;7593;-17225;0.961592464;0.02447319;-0.24065304
183139852;342.25;7593;-17225;0.959553;0.029571772;-0.24371218
183165804;342.25;7593;-17225;0.961592464;0.033650636;-0.24371218
183190995;342.25;7593;-17225;0.961592464;0.03263092;-0.24677134
183212747;342.25;7593;-17225;0.96261216;0.029571772;-0.24065304
183240982;342.25;7593;-17225;0.961592464;0.025492906;-0.24167276
183263342;342.25;7593;-17225;0.961592464;0.021414042;-0.24065304
183287867;342.25;7593;-17225;0.961592464;0.02447319;-0.242692468
183311431;342.25;7593;-17225;0.96261216;0.02753234;-0.24575162
183334320;342.25;7593;-17225;0.96363184;0.031611204;-0.242692468
183360824;342.25;7593;-17225;0.961592464;0.03263092;-0.24677134
183402588;342.25;7593;-17225;0.96261216;0.022433758;-0.24065304
183451312;342.25;7593;-17225;0.961592464;0.020394326;-0.24167276
183473773;342.25;7593;-17225;0.96261216;0.029571772;-0.24065304
183500589;342.25;7593;-17225;0.96261216;0.031611204;-0.24371218
183527305;342.25;7593;-17225;0.96261216;0.030591488;-0.2447319
183551078;342.25;7593;-17225;0.96363184;0.028552056;-0.2447319
183575148;342.25;7593;-17225;0.96261216;0.026512622;-0.23963332
183600829;342.25;7593;-17225;0.96363184;0.023453474;-0.24065304
183661472;342.25;7593;-17225;0.961592464;0.029571772;-0.24371218
183683797;342.25;7593;-17225;0.96261216;0.03263092;-0.24371218
183740888;342.25;7593;-17225;0.961592464;0.023453474;-0.24065304
183763825;342.25;7593;-17225;0.9605727;0.025492906;-0.242692468
183790701;342.25;7593;-17225;0.96261216;0.025492906;-0.24065304
183837498;342.25;7593;-17225;0.96261216;0.02753234;-0.242692468
183862764;342.25;7593;-17225;0.9605727;0.026512622;-0.24371218
183885824;342.25;7593;-17204;-84;28;-98;1
183911221;342.25;7593;-17225;0.96363184;0.023453474;-0.24065304
183932760;342.25;7593;-17225;0.96261216;0.026512622;-0.24167276
183960383;342.25;7593;-17225;0.961592464;0.02753234;-0.24167276
183982054;342.25;7593;-17225;0.959553;0.02753234;-0.24371218
184010834;342.25;7593;-17225;0.96261216;0.029571772;-0.24575162
184040761;342.25;7593;-17225;0.96363184;0.02753234;-0.24371218
184062666;342.25;7593;-17225;0.96261216;0.026512622;-0.24371218
184090582;342.25;7593;-17225;0.961592464;0.02753234;-0.24167276
184117252;342.25;7593;-17225;0.9605727;0.029571772;-0.2447319
184145782;342.25;7593;-17225;0.961592464;0.029571772;-0.24677134
184171284;342.25;7593;-17225;0.96261216;0.030591488;-0.24677134
184192839;342.25;7593;-17225;0.961592464;0.030591488;-0.24167276
184216076;342.25;7593;-17225;0.96363184;0.02753234;-0.24371218
184241034;342.25;7593;-17225;0.96261216;0.022433758;-0.24167276
184291172;342.25;7593;-17225;0.96261216;0.026512622;-0.2447319
184312830;342.25;7593;-17225;0.96261216;0.030591488;-0.2447319
184341254;342.25;7593;-17225;0.961592464;0.03263092;-0.2447319
184366361;342.25;7593;-17225;0.96261216;0.026512622;-0.24371218
184391658;342.25;7593;-17225;0.96261216;0.023453474;-0.2447319
184429944;342.25;7593;-17225;0.961592464;0.022433758;-0.24065304
184452871;342.25;7593;-17225;0.96261216;0.028552056;-0.24575162
184480674;342.25;7593;-17225;0.96363184;0.031611204;-0.242692468
184502693;342.25;7593;-17225;0.96363184;0.030591488;-0.24371218
184527602;342.25;7593;-17225;0.96363184;0.02753234;-0.24371218
184561195;342.25;7593;-17225;0.96261216;0.025492906;-0.24065304
184583761;342.25;7593;-17225;0.9605727;0.02447319;-0.242692468
184610995;342.25;7593;-17225;0.96261216;0.026512622;-0.24371218
184640725;342.25;7593;-17225;0.9605727;0.029571772;-0.24065304
184661955;342.25;7593;-17225;0.96261216;0.033650636;-0.24371218
184684009;342.25;7593;-17225;0.9605727;0.031611204;-0.24065304
184731522;342.25;7593;-17225;0.9605727;0.020394326;-0.23963332
184754781;342.25;7593;-17225;0.96261216;0.021414042;-0.242692468
184781079;342.25;7593;-17225;0.9605727;0.023453474;-0.237593884
184802837;342.25;7593;-17225;0.96363184;0.031611204;-0.242692468
184831660;342.25;7593;-17225;0.961592464;0.030591488;-0.2447319
184853333;342.25;7593;-17225;0.9605723@20000101_000005_192721_accel_adxl375.csv@184858500;1.7639999;0.147;0.147;1
184880695;342.25;7593;-17225;0.9605727;0.026512622;-0.24065304
184902120;342.25;7593;-17225;0.959553;0.020394326;-0.24167276
184932215;342.25;7593;-17225;0.9605727;0.025492906;-0.24167276
184954454;342.25;7593;-17225;0.96261216;0.029571772;-0.24371218
184980648;342.25;7593;-17225;0.96261216;0.031611204;-0.242692468
185002932;342.25;7593;-17225;0.961592464;0.033650636;-0.2447319
185031081;342.25;7593;-17225;0.9605727;0.025492906;-0.24065304
185090867;342.25;7593;-17225;0.96363184;0.022433758;-0.242692468
185161753;342.25;7593;-17225;0.96363184;0.03569007;-0.2447319
185191211;342.25;7593;-17225;0.9646516;0.029571772;-0.24167276
185222339;342.25;7593;-17225;0.96363184;0.02447319;-0.24167276
185246958;342.25;7593;-17225;0.96363184;0.020394326;-0.24167276
185271187;342.25;7593;-17225;0.961592464;0.022433758;-0.23963332
185294425;342.25;7593;-17225;0.96261216;0.029571772;-0.24371218
185317087;342.25;7593;-17225;0.96261216;0.034670352;-0.242692468
185380727;342.25;7593;-17225;0.961592464;0.02447319;-0.24167276
185401837;342.25;7593;-17225;0.96261216;0.018354892;-0.24575162
185430857;342.25;7593;-17225;0.961592464;0.022433758;-0.2386136
185452761;342.25;7593;-170202753234;-0.2447319
185474843;342.25;7593;-17225;0.9605727;0.031611204;-0.24575162
185500953;342.25;7593;-17225;0.96261216;0.03263092;-0.24677134
185530869;342.25;7593;-17225;0.9605727;0.030591488;-0.24167276
185553093;342.25;7593;-17225;0.961592464;0.022433758;-0.241678;52;93;4261
185601657;342.25;7593;-17225;0.961592464;0.025492906;-0.24371218
185634194;342.25;7593;-17225;0.96363184;0.03263092;-0.24371218
185661012;342.25;7593;-17225;0.961592464;0.03263092;-0.2447319
185683539;342.25;7593;-17225;0.96261216;0.031611204;-0.242692468
185711002;342.25;7593;-17225;0.96261216;0.02447319;-0.2447319
185733058;342.25;7593;-17225;0.959553;0.0193746092;-0.242692468
185760916;342.25;7593;-17225;0.9605727;0.022433758;-0.24167276
185783095;342.25;7593;-17225;0.961592464;0.02753234;-0.24167276
185810925;342.25;7593;-17225;0.9605727;0.031611204;-0.24575162
185840819;342.25;7593;-17225;0.961592464;0.031611204;-0.24371218
185862898;342.25;7593;-17225;0.96261216;0.02447319;-0.24065304
185886193;342.25;7593;-17225;0.96363184;0.021414042;-0.24065304
185915394;342.25;7593;-17225;0.9646516;0.021414042;-0.24167276
185941348;342.25;7593;-17225;0.96261216;0.02753234;-0.24167276
185963077;342.25;7593;-17225;0.961592464;0.033650636;-0.2447319
186032518;342.25;7593;-17225;0.9605727;0.025492906;-0.242692468
186054166;342.25;7593;-17225;0.961592464;0.021414042;-0.24677134
186080772;342.25;7593;-17225;0.96261216;0.020394326;-0.24065304
186104624;342.25;7593;-17225;0.959553;0.025492906;-0.24167276
186130811;342.25;7593;-17225;0.9646516;0.031611204;-0.242692468
186154174;342.25;7593;-17186156683;163;166;4256
186180752;342.25;7593;-17225;0.9605727;0.028552056;-0.242692468
186204596;342.25;7593;-17225;0.96261216;0.02447319;-0.2447319
186253362;342.25;7593;-17225;0.961592464;0.022433758;-0.24371218
186279075;342.25;7593;-17225;0.96261216;0.025492906;-0.24065304
186301335;342.25;7593;-17225;0.961592464;0.031611204;-0.24575162
186330796;342.25;7593;-17225;0.961592464;0.03263092;-0.242692468
186352917;342.25;7593;-17@20000101_000005_192721_airspeed_sdp810.csv@186357713;175;172;4261
186381143;342.25;7593;-17225;0.96261216;0.02447319;-0.24167276
186415506;342.25;7593;-17225;0.96261216;01;1.7639999;0.098;0.196;1
186460937;342.25;7593;-17225;0.96261216;0.029571772;-0.24167276
186486302;342.25;7593;-1702468
186511253;342.25;7593;-17225;0.961592464;0.03263092;-0.242692468
186532864;342.25;7593;-17225;0.961592464;0.021414042;-0.24065304
186554798;342.25;7593;-17@20000101_000005_192721_accel_adxl375.csv@186558029;1.7639999;0.098;0.196;1
186581131;342.25;7593;-17225;0.96363184;0.02447319;-0.24167276
186611399;342.25;7593;-17225;0.96363184;0.03263092;-0.24575162
186632832;342.25;7593;-17225;0.96363184;0.031611204;-0.24371218
186660922;342.25;7593;-17232;0.96261216;0.026512622;-0.24167276
186683756;342.25;7593;-17232;0.96363184;0.021414042;-0.2386136
186710880;342.25;7593;-17232;0.961592464;0.0193746092;-0.23963332
186732776;342.25;7593;-17232;0.9605727;0.02447319;-0.24167276
186759271;342.25;7593;-17232;0.96363184;0.030591488;-0.2447319
186782246;342.25;7593;-17232;0.961592464;0.031611204;-0.24575162
186810815;342.25;7593;-17232;0.961592464;0.029571772;-0.2447319
186841170;342.25;7593;-17232;0.96363184;0.023453474;-0.237593884
186864931;342.25;7593;-172@20000101_000005_192721_airspeed_sdp810.csv@186891720;363;248;4261
186911186;342.25;7593;-17232;0.961592464;0.026512622;-0.247791052
186941211;342.25;7593;-17232;0.96261216;0.031611204;-0.24677134
186963289;342.25;7593;-17232;0.96363184;0.031611204;-0.24167276
186984774;342.25;7593;-17232;0.96261216;0.028552056;-0.23963332
187018530;342v@187021798;412;264;4257
187041170;342.25;7593;-17232;0.96363184;0.022433758;-0.24065304
187062771;342.25;7593;-17232;0.961592464;0.02753234;-0.24575162
187085920;342.25;7593;-17188;-0.24575162
187172210;342.25;7593;-17232;0.96261216;0.020394326;-0.23963332
187196933;342.25;7593;-17232;0.96261216;0.022433758;-0.248810768
187220757;342.25;7593;-17232;0.9605727;0.023453474;-0.2447319
187244252;342.25;7593;-17232;0.961592464;0.028552056;-0.247791052
187292939;342.25;7593;-17232;0.9605727;0.028552056;-0.24575162
187315567;342.25;7593;-17232;0.96261216;0.026512622;-0.23963332
187345585;342.25;7593;-17225;0.96261216;0.023453474;-0.24167276
187367795;342.25;7593;-17225;0.959553;0.022433758;-0.242692468
187391355;342.25;7593;-17225;0.961592464;0.028552056;-0.24677134
187414226;342.25;7593;-17225;0.96261216;0.033650636;-0.242692468
187444799;342.25;7593;-17225;0.96363184;0.033650636;-0.2447319
187467171;342.25;7593;-17225;0.96363184;0.02753234;-0.23453474
187491031;342.25;7593;-17225;0.961592464;0.026512622;-0.2386136
187514941;342.25;7593;-17225;0.9585333;0.022433758;-0.242692468
187546116;342.25;7593;-17225;0.96363184;0.026512622;-0.2447319
187570809;342.25;7593;-17225;0.961592464;0.031611204;-0.2447319
187593281;342.25;7593;-17225;0.96261216;0.033650636;-0.24371218
187630201;342.25;7593;-17225;0.96363184;0.031611204;-0.23963332
187659632;342.25;7593;-17225;0.959553;0.023453474;-0.242692468
187701807;342.25;7593;-17225;0.961592464;0.023453474;-0.24677134
187730952;342.25;7593;-17225;0.961592464;0.030591488;-0.2447319
187753316;342.25;7593;-17@20000101_000005_192721_airspeed_sdp810.csv@187758197;225;195;4258
187777519;342.25;7593;-17232;0.96261216;0.03263092;-0.242692468
187801017;342.25;7593;-17232;0.961592464;0.028552056;-0.2447319
187823206;342.25;7593;-17232;0.961592464;0.0193746092;-0.242692468
187850621;342.25;7593;-17232;0.961592464;0.020394326;-0.248810768
187872181;342.25;7593;-17232;0.961592464;0.030591488;-0.24371218
187894188;342.25;7593;-17232;0.9605727;0.033650636;-0.24371218
187920151;342.25;7593;-17232;0.96363184;0.033650636;-0.24167276
187972640;342.3125;7593;-17225;0.961592464;0.022433758;-0.24167276
187996349;342.3125;7593;-17225;0.9585333;0.0193746092;-0.24575162
188030955;342.3125;7593;-17225;0.96261216;0.02447319;-0.2386136
188083936;342.3125;7593;-17225;0.9646516;0.033650636;-0.24167276
188110935;342.3125;7593;-17225;0.96261216;0.031611204;-0.242692468
188171539;342.3125;7593;-17225;0.96363184;0.020394326;-0.24371218
188194564;342.3125;7593;-17225;0.96363184;0.026512622;-0.242692468
188217226;342.3125;7593;-17225;0.961592464;0.028552056;-0.24167276
188241021;342.3125;7593;-17225;0.96261216;0.034670352;-0.24065304
188262699;342.3125;7593;-17225;0.96261216;0.031611204;-0.24371218
188290796;342.3125;7593;-17225;0.959553;0.02447319;-0.248810768
188312731;342.3125;7593;-17225;0.96261216;0.020394326;-0.24371218
188373060;342.3125;7593;-17225;0.96363184;0.028552056;-0.24065304
188400736;342.3125;7593;-17225;0.96261216;0.033650636;-0.24575162
188422714;342.3125;7593;-031611204;-0.2447319
188450901;342.3125;7593;-17225;0.96363184;0.02753234;-0.247791052
188474683;342.3125;7593;-17225;0.9605727;0.021414042;-0.24167276
188509643;342.3125;7593;-17225;0.961592464;0.02447319;-0.23657418
188531135;342.3125;7593;-17225;0.961592464;0.028552056;-0.2386136
188554675;342.3125;7593;-@20000101_000005_192721_airspeed_sdp810.csv@188557708;302;226;4259
188601192;342.3125;7593;-17225;0.9605727;0.026512622;-0.247791052
188634237;342.3125;7593;-17225;0.96363184;0.020394326;-0.24065304
188660829;342.3125;7593;-17225;0.96261216;0.021414042;-0.23963332
188682954;342.3125;7593;-17225;0.96363184;0.02753234;-0.2386136
188704836;342.3125;7593;-17225;0.961592464;0.029571772;-0.24371218
188730792;342.3125;7593;-17225;0.9605727;0.030591488;-0.24677134
188752919;342.3125;7593;-17225;0.961592464;0.030591488;-0.247791052
188790685;342.3125;7593;-17225;0.96363184;0.02447319;-0.2447319
188813321;342.3125;7593;-17225;0.96261216;0.02447319;-0.23963332
188840590;342.3125;7593;-17225;0.96363184;0.025492906;-0.24065304
188862134;342.3125;7593;-17225;0.961592464;0.028552056;-0.24167276
188885233;342.3125;7593;-17225;0.961592464;0.030591488;-0.2447319
188910997;342.3125;7593;-17225;0.961592464;0.031611204;-0.24983048
188934483;342.3125;7593;-17225;0.96261216;0.028552056;-0.2447319
188960647;342.3125;7593;-17225;0.961592464;0.02447319;-0.24065304
188982131;342.3125;7593;-17225;0.96261216;0.022433758;-0.23351502
189003819;342.3125;7593;-17225;0.96261216;0.02447319;-0.23963332
189072343;342.3125;7593;-17225;0.96363184;0.029571772;-0.24371218
189094352;342.3125;7593;-17225;0.96261216;0.026512622;-0.24575162
189121252;342.3125;7593;-17225;0.96261216;0.023453474;-0.2386136
189150745;342.3125;7593;-172@20000101_000005_192721_laser_agl.csv@189156434;0.02;1
189178128;342.3125;7593;-17225;0.96261216;0.023453474;-0.23963332
189200995;342.3125;7593;-17225;0.9605727;0.026512622;-0.247791052
189250721;342.3125;7593;-17225;0.96261216;0.031611204;-0.2447319
189272895;342.3125;7593;-17225;0.961592464;0.025492906;-0.24065304
189295811;342.3125;7593;-17225;0.96261216;0.023453474;-0.24065304
189321705;342.3125;7593;-17225;0.96363184;0.02447319;-0.24167276
189343530;342.3125;7593;-17225;0.961592464;0.026512622;-0.24575162
189365442;342.3125;7593;-17225;0.9605727;0.029571772;-0.247791052
189390864;342.3125;7593;-17225;0.961592464;0.029571772;-0.24371218
189414236;342.3125;7593;-17225;0.96363184;0.028552056;-0.24167276
189461386;342.3125;7593;-17225;0.96261216;0.026512622;-0.24167276
189484843;342.3125;7593;-17225;0.961592464;0.02447319;-0.2447319
189514798;342.3125;7593;-17225;0.9605727;0.025492906;-0.242692468
189540730;342.3125;7593;-17225;0.96261216;0.026512622;-0.2447319
189562655;342.3125;7593;-17225;0.96261216;0.029571772;-0.23963332
189584036;342.3125;7593;-17225;0.96363184;0.028552056;-0.23963332
189610743;342.3125;7593;-17225;0.9646516;0.02753234;-0.23963332
189632151;342.3125;7593;-17225;0.961592464;0.023453474;-0.242692468
189657298;342.3125;7593;-17225;0.96261216;0.021414042;-0.242692468
189681000;342.3125;7593;-17225;0.96261216;0.026512622;-0.242692468
189710795;342.3125;7593;-17225;0.96261216;0.030591488;-0.24575162
189740495;342.3125;7593;-17225;0.96261216;0.030591488;-0.24065304
189762909;342.3125;7593;-17225;0.9646516;0.02753234;-0.23963332
189790556;342.3125;7593;-17225;0.959553;0.023453474;-0.24371218
189813845;342.3125;7593;-17225;0.9605727;0.026512622;-0.24167276
189840779;342.3125;7593;-17225;0.96363184;0.02753234;-0.242692468
189890950;342.3125;7593;-17225;0.96261216;0.030591488;-0.24167276
189913071;342.3125;7593;-17225;0.96261216;0.028552056;-0.24167276
189940682;342.3125;7593;-17225;0.961592464;0.025492906;-0.2447319
189966398;342.3125;7593;-17225;0.959553;0.023453474;-0.24167276
189990915;342.3125;7593;-17225;0.9605727;0.025492906;-0.242692468
190014556;342.3125;7593;-17225;0.9605727;0.02753234;-0.24167276
190041171;342.3125;7593;-17225;0.96261216;0.02753234;-0.24065304
190063391;342.3125;7593;-17225;0.961592464;0.02753234;-0.24167276
190090685;342.3125;7593;-17225;0.96261216;0.026512622;-0.24065304
190111808;342.3125;7593;-17225;0.961592464;0.02447319;-0.2447319
190140721;342.3125;7593;-17225;0.9605727;0.02447319;-0.24371218
190162009;342.3125;7593;-17225;0.96261216;0.025492906;-0.24065304
190184823;342.3125;7593;-17225;0.96363184;0.02447319;-0.23963332
190210896;342.3125;7593;-17225;0.96363184;0.028552056;-0.24065304
190232883;342.3125;7593;-17225;0.96261216;0.02753234;-0.24167276
190254837;342.3125;7593;-225;0.96363184;0.025492906;-0.24371218
190280708;342.3125;7593;-17225;0.961592464;0.028552056;-0.242692468
190330989;342.3125;7593;-17225;0.96363184;0.029571772;-0.24167276
190353878;342.3125;7593;-mu_lsm6dso32.csv@190356112;1.013088;0.010736;0.002928;-98;28;-98;1
190380507;342.3125;7593;-17225;0.96261216;0.029571772;-0.24167276
190407370;342.3125;7593;-17225;0.9605727;0.026512622;-0.24371218
190431121;342.3125;7593;-17225;0.96261216;0.02753234;-0.2447319
190460833;342.3125;7593;-17225;0.961592464;0.025492906;-0.24167276
190490585;342.3125;7593;-17225;0.96363184;0.02753234;-0.23963332
190515868;342.3125;7593;-17225;0.961592464;0.02753234;-0.24167276
190541009;342.3125;7593;-17225;0.96261216;0.026512622;-0.24677134
190563641;342.3125;7593;-17225;0.961592464;0.022433758;-0.24371218
190586920;342.3125;7593;-.47;1
190611457;342.3125;7593;-17225;0.9646516;0.025492906;-0.23963332
190634065;342.3125;7593;-17225;0.96363184;0.02753234;-0.2386136
190660740;342.3125;7593;-17225;0.96363184;0.030591488;-0.242692468
190682708;342.3125;7593;-17225;0.959553;0.031611204;-0.242692468
190710860;342.3125;7593;-17225;0.9605727;0.028552056;-0.242692468
190732699;342.3125;7593;-17225;0.9605727;0.02447319;-0.24065304
190782738;342.9571772;-0.24167276
190810961;342.3125;7593;-17225;0.961592464;0.028552056;-0.24371218
190840812;342.3125;7593;-17225;0.961592464;0.031611204;-0.24371218
190862756;342.3125;7593;-17225;0.96261216;0.025492906;-0.24167276
190889895;342.3125;7593;-17225;0.961592464;0.025492906;-0.24371218
190916023;342.3125;7593;-17225;0.96261216;0.022433758;-0.24167276
190940753;342.3125;7593;-17225;0.96363184;0.025492906;-0.24065304
190962871;342.3125;7593;-17225;0.96261216;0.028552056;-0.242692468
190993000;342.3125;7593;-17225;0.96261216;0.030591488;-0.24371218
191016583;342.3125;7593;-17225;0.96261216;0.028552056;-0.2447319
191040733;342.3125;7593;-17225;0.961592464;0.02753234;-0.242692468
191062932;342.3125;7593;-17225;0.961592464;0.023453474;-0.2386136
191088006;342.3125;7593;-@20000101_000005_192721_airspeed_sdp810.csv@191090911;150;159;4259
191115309;342.3125;7593;-17225;0.961592464;0.028552056;-0.24371218
191173592;342.3125;7593;-17225;0.961592464;0.02753234;-0.2447319
191218599;342.3125;7593;-17225;0.961592464;0.026512622;-0.24065304
191254186;342.3125;7593;-sm6dso32.csv@191256023;1.0111359;0.011712;0.001952;-70;35;-105;1
191280602;342.3125;7593;-17225;0.96363184;0.02753234;-0.242692468
191301852;342.3125;7593;-17225;0.9646516;0.029571772;-0.2447319
191323869;342.3125;7593;-17225;0.96363184;0.02753234;-0.242692468
191361001;342.3125;7593;-17225;0.96363184;0.026512622;-0.242692468
191383571;342.3125;7593;-17225;0.961592464;0.02447319;-0.24167276
191413744;342.3125;7593;-17225;0.96261216;0.025492906;-0.24167276
191440775;342.3125;7593;-17225;0.961592464;0.02753234;-0.24371218
191462888;342.3125;7593;-17225;0.96261216;0.030591488;-0.24167276
191490550;342.3125;7593;-17225;0.961592464;0.03263092;-0.242692468
191517598;342.3125;speed_sdp810.csv@191521176;147;157;4256
191541171;342.3125;7593;-17225;0.961592464;0.02447319;-0.24065304
191566816;342.3125;7593;-17225;0.961592464;0.022433758;-0.23963332
191591091;342.3125;7593;-17225;0.961592464;0.025492906;-0.24371218
191612882;342.3125;7593;-17225;0.9605727;0.029571772;-0.24677134
191660945;342.3125;7593;-17225;0.96363184;0.031611204;-0.242692468
191683378;342.3125;7593;-17225;0.959553;0.029571772;-0.24167276
191704668;342.3125;7593;-17225;0.96261216;0.026512622;-0.24167276
191752864;342.3125;7593;-17225;0.96261216;0.02753234;-0.24371218
191774976;342.3125;7593;-17225;0.9605727;0.028552056;-0.24677134
191800912;342.3125;7593;-17225;0.961592464;0.031611204;-0.24575162
191824648;342.3125;7593;-17225;0.961592464;0.031611204;-0.24065304
191850907;342.3125;7593;-17225;0.9646516;0.028552056;-0.242692468
191874066;342.3125;7593;-17225;0.96363184;0.025492906;-0.24167276
191900755;342.3125;7593;-17225;0.96261216;0.022433758;-0.2447319
191930757;342.3125;7593;-17225;0.9605727;0.025492906;-0.23963332
191960990;342.3125;7593;-17225;0.96261216;0.029571772;-0.24167276
191991199;342.3125;7593;-17225;0.96363184;0.031611204;-0.24167276
192015801;342.3125;7593;-17225;0.96261216;0.026512622;-0.2386136
192041017;342.3125;7593;-17225;0.96261216;0.02447319;-0.242692468
192066439;342.3125;7593;-17225;0.961592464;0.021414042;-0.242692468
192111429;342.3125;7593;-17225;0.96363184;0.028552056;-0.24065304
192133893;342.3125;7593;-17225;0.96363184;0.028552056;-0.2447319
192161733;342.3125;7593;-17225;0.96363184;0.033650636;-0.24167276
192183921;342.3125;7593;-17225;0.96363184;0.031611204;-0.2447319
192210908;342.3125;7593;-17225;0.96261216;0.026512622;-0.2447319
192232815;342.3125;7593;-17225;0.96261216;0.022433758;-0.24167276
192255033;342.3125;7593;-@20000101_000005_192721_imu_lsm6dso32.csv@192260160;1.012112;0.010736;0.006832;-63;35;-112;1
192280977;342.3125;7593;-17225;0.961592464;0.026512622;-0.2386136
192304237;342.3125;7593;-17225;0.961592464;0.031611204;-0.242692468
192331223;342.3125;7593;-17225;0.96261216;0.030591488;-0.24371218
192361326;342.3125;7593;-17225;0.96363184;0.02753234;-0.24371218
192384725;342.3125;7593;-17225;0.96261216;0.025492906;-0.24371218
192411328;342.3125;7593;-17225;0.96261216;0.023453474;-0.24065304
192441190;342.3125;7593;-17225;0.96261216;0.025492906;-0.2447319
192463652;342.3125;7593;-17225;0.96261216;0.028552056;-0.24167276
192490911;342.3125;7593;-17225;0.96363184;0.031611204;-0.242692468
192531164;342.3125;7593;-17225;0.96363184;0.02753234;-0.2447319
192553213;342.3125;7593;-d555803;192;180;4261
192579703;342.3125;7593;-17225;0.961592464;0.022433758;-0.23963332
192602000;342.3125;7593;-17225;0.961592464;0.030591488;-0.242692468
192630995;342.3125;7593;-17225;0.9605727;0.029571772;-0.24065304
192654807;342.3125;7593;-@20000101_000005_192721_airspeed_sdp810.csv@192657952;163;166;4259
192681077;342.3125;7593;-17225;0.96261216;0.028552056;-0.23963332
192702911;342.3125;7593;-17225;0.9605727;0.021414042;-0.2386136
192731219;342.3125;7593;-17225;0.961592464;0.02447319;-0.237593884
192761136;342.3125;7593;-17225;0.96363184;0.029571772;-0.24167276
192783286;342.3125;7593;-17225;0.961592464;0.03263092;-0.24677134
192816312;342.3125;7593;-17225;0.961592464;0.028552056;-0.247791052
192841429;342.3125;7593;-17225;0.9605727;0.025492906;-0.242692468
192864651;342.3125;7593;-17225;0.96261216;0.022433758;-0.237593884
192890809;342.3125;7593;-17225;0.961592464;0.023453474;-0.24167276
192918853;342.3125;7593;-17225;0.961592464;0.029571772;-0.24167276
192951030;342.3125;7593;-17225;0.9605727;0.031611204;-0.248810768
193004396;342.3125;7593;-17225;0.96261216;0.020394326;-0.24167276
193034132;342.3125;7593;-17225;0.96261216;0.023453474;-0.24065304
193061511;342.3125;7593;-17225;0.96261216;0.02753234;-0.24167276
193090892;342.3125;7593;-17225;0.96261216;0.03263092;-0.24677134
193130876;342.3125;7593;-17225;0.96363184;0.031611204;-0.2447319
193161221;342.3125;7593;-17225;0.96261216;0.02447319;-0.24167276
193183236;342.3125;7593;-17225;0.96261216;0.020394326;-0.237593884
193205178;342.3125;7593;-17225;0.96261216;0.023453474;-0.24167276
193231082;342.3125;7593;-17225;0.961592464;0.026512622;-0.24065304
193252917;342.3125;7593;-;2;0.001952;-70;42;-91;1
193281007;342.3125;7593;-17225;0.96261216;0.031611204;-0.24371218
193302632;342.3125;7593;-17225;0.961592464;0.026512622;-0.24167276
193323887;342.3125;7593;-17225;0.9646516;0.025492906;-0.2447319
193361240;342.3125;7593;-17225;0.9605727;0.020394326;-0.2386136
193384472;342.3125;7593;-17225;0.9605727;0.022433758;-0.24167276
193411317;342.3125;7593;-17225;0.96261216;0.029571772;-0.242692468
193454385;342.3125;7593;-17225;0.961592464;0.031611204;-0.24575162
193481917;342.3125;7593;-17225;0.96261216;0.026512622;-0.2447319
193504684;342.3125;7593;-17225;0.96363184;0.025492906;-0.24167276
193541203;342.3125;7593;-17225;0.961592464;0.025492906;-0.242692468
193563215;342.3125;7593;-17225;0.9605727;0.029571772;-0.24575162
193591139;342.3125;7593;-17225;0.9605727;0.031611204;-0.24575162
193617658;342.3125;7593;-17225;0.961592464;0.030591488;-0.242692468
193641484;342.3125;7593;-17225;0.96363184;0.02753234;-0.24065304
193663969;342.3125;7593;-17225;0.961592464;0.02447319;-0.24167276
193691029;342.3125;7593;-17225;0.9605727;0.025492906;-0.24167276
193730960;342.3125;7593;-17225;0.96261216;0.028552056;-0.24167276
193761502;342.3125;7593;-17225;0.96261216;0.030591488;-0.24167276
193785296;342.3125;7593;-17225;0.96363184;0.02753234;-0.2386136
193811313;342.3125;7593;-17225;0.96261216;0.026512622;-0.24065304
193840993;342.3125;7593;-17225;0.959553;0.020394326;-0.24167276
193891402;342.3125;7593;-17225;0.96261216;0.029571772;-0.24167276
193915670;342.3125;7593;-17225;0.96363184;0.031611204;-0.24167276
193941293;342.3125;7593;-17225;0.96363184;0.030591488;-0.24167276
193964820;342.3125;7593;-17225;0.96363184;0.02753234;-0.24065304
193991159;342.3125;7593;-17225;0.961592464;0.025492906;-0.242692468
194017821;342.3125;7593;-17225;0.959553;0.021414042;-0.2447319
194072691;342.3125;7593;-17225;0.959553;0.031611204;-0.24167276
194093754;342.3125;7593;-17225;0.96261216;0.028552056;-0.242692468
194117142;342.3125;7593;-17225;0.96363184;0.028552056;-0.24167276
194172985;342.3125;7593;-17225;0.961592464;0.029571772;-0.24371218
194195119;342.3125;7593;-17225;0.96261216;0.026512622;-0.24371218
194217787;342.3125;7593;-17225;0.961592464;0.02753234;-0.2386136
194241565;342.3125;7593;-17225;0.96261216;0.03263092;-0.242692468
194265974;342.3125;7593;-17225;0.961592464;0.028552056;-0.24167276
194303992;342.3125;7593;-17225;0.9605727;0.025492906;-0.2447319
194341677;342.3125;7593;-17225;0.96261216;0.02447319;-0.24065304
194364234;342.3125;7593;-17225;0.96261216;0.025492906;-0.24167276
194391063;342.3125;7593;-17225;0.9605727;0.028552056;-0.2386136
194416575;342.3125;7593;-17225;0.9646516;0.02753234;-0.2447319
194444867;342.3125;7593;-17225;0.9605727;0.025492906;-0.24371218
194468569;342.3125;7593;-17225;0.96261216;0.022433758;-0.24167276
194491697;342.3125;7593;-17225;0.96261216;0.022433758;-0.2447319
194515051;342.3125;7593;-17225;0.961592464;0.026512622;-0.24167276
194541270;342.3125;7593;-17225;0.961592464;0.028552056;-0.24167276
194562946;342.3125;7593;-17225;0.9605727;0.030591488;-0.24167276
194591025;342.3125;7593;-17225;0.96261216;0.029571772;-0.24167276
194641701;342.3125;7593;-17225;0.961592464;0.02447319;-0.242692468
194663935;342.3125;7593;-17225;0.961592464;0.02753234;-0.24167276
194690137;342.3125;7593;-17225;0.961592464;0.02753234;-0.242692468
194716320;342.3125;7593;-17225;0.96261216;0.026512622;-0.242692468
194755415;342.3125;7593;-17225;0.96261216;0.02753234;-0.24371218
194781482;342.3125;7593;-17225;0.96261216;0.026512622;-0.24167276
194804844;342.3125;7593;-17225;0.96261216;0.02447319;-0.242692468
194831426;342.3125;7593;-17225;0.961592464;0.025492906;-0.2386136
194855130;342.3125;7593;-@20000101_000005_192721_airspeed_sdp810.csv@194858154;207;187;4259
194881321;342.3125;7593;-17225;0.961592464;0.028552056;-0.24065304
194902711;342.3125;7593;-17225;0.961592464;0.028552056;-0.24167276
194935277;342.3125;7593;-17225;0.961592464;0.028552056;-0.242692468
194961996;342.3125;7593;-17225;0.96363184;0.025492906;-0.242692468
195001178;342.3125;7593;-17225;0.96261216;0.02753234;-0.2447319
195031571;342.3125;7593;-17225;0.961592464;0.028552056;-0.24167276
195054673;342.3125;7593;-@20000101_000005_192721_airspeed_sdp810.csv@195058127;185;177;4261
195081096;342.3125;7593;-17225;0.961592464;0.02753234;-0.242692468
195111365;342.3125;7593;-17225;0.96261216;0.02447319;-0.24167276
195135220;342.3125;7593;-17225;0.96363184;0.02447319;-0.24167276
195162016;342.3125;7593;-17225;0.96363184;0.029571772;-0.242692468
195191122;342.3125;7593;-17225;0.961592464;0.029571772;-0.2447319
195241947;342.3125;7593;-17225;0.96363184;0.025492906;-0.24575162
195264439;342.3125;7593;-17225;0.96261216;0.022433758;-0.24167276
195290444;342.3125;7593;-17225;0.9605727;0.025492906;-0.24065304
195313991;342.3125;7593;-17225;0.9605727;0.02753234;-0.24065304
195341232;342.3125;7593;-17225;0.96261216;0.029571772;-0.242692468
195362777;342.3125;7593;-17225;0.961592464;0.030591488;-0.242692468
195411560;342.3125;7593;-17225;0.96261216;0.02753234;-0.24575162
195435281;342.3125;7593;-17225;0.961592464;0.025492906;-0.24167276
195461590;342.3125;7593;-17225;0.96363184;0.026512622;-0.242692468
195483184;342.3125;7593;-17225;0.96363184;0.028552056;-0.24167276
195572851;342.3125;7593;-17225;0.96261216;0.02447319;-0.24167276
195595053;342.3125;7593;-17225;0.96261216;0.026512622;-0.24167276
195627732;342.3125;7593;-17225;0.96363184;0.02447319;-0.24167276
195683642;342.3125;7593;-17225;0.9605727;0.031611204;-0.24371218
195714067;342.3125;7593;-17225;0.961592464;0.029571772;-0.2447319
195741307;342.3125;7593;-17225;0.961592464;0.025492906;-0.24167276
195781197;342.3125;7593;-17225;0.961592464;0.02447319;-0.2386136
195803593;342.3125;7593;-17225;0.96261216;0.028552056;-0.242692468
195851397;342.3125;7593;-17225;0.96363184;0.031611204;-0.24371218
195873274;342.3125;7593;-17225;0.961592464;0.028552056;-0.24167276
195901155;342.3125;7593;-17225;0.959553;0.025492906;-0.24167276
195925101;342.3125;7593;-17225;0.96363184;0.02447319;-0.23657418
195951627;342.3125;7593;-17225;0.961592464;0.025492906;-0.24167276
195972938;342.3125;7593;-17225;0.961592464;0.028552056;-0.242692468
195994751;342.3125;7593;-17225;0.96261216;0.030591488;-0.247791052
196017687;342.3125;7593;-17225;0.96261216;0.029571772;-0.24167276
196041482;342.3125;7593;-17225;0.96261216;0.028552056;-0.242692468
196063225;342.3125;7593;-17225;0.961592464;0.026512622;-0.24167276
196111437;342.3125;7593;-17225;0.96363184;0.025492906;-0.2447319
196134337;342.3125;7593;-17225;0.96261216;0.02753234;-0.24371218
196161362;342.3125;7593;-17225;0.96261216;0.029571772;-0.24167276
196183332;342.3125;7593;-17225;0.961592464;0.028552056;-0.23963332
196204890;342.3125;7593;-17225;0.96261216;0.025492906;-0.24065304
196231572;342.3125;7593;-17225;0.96261216;0.023453474;-0.2386136
196253287;342.3125;7593;-17225;0.96363184;0.025492906;-0.24167276
196275101;342.3125;7593;-17225;0.96261216;0.026512622;-0.24167276
196301341;342.3125;7593;-17225;0.96363184;0.030591488;-0.2447319
196328581;342.3125;7593;-17225;0.96363184;0.029571772;-0.24065304
196361379;342.3125;7593;-17225;0.96261216;0.029571772;-0.242692468
196391372;342.3125;7593;-17225;0.96261216;0.02447319;-0.24167276
196421777;342.3125;7593;-17225;0.959553;0.02753234;-0.24065304
196455089;342.3125;7593;-17225;0.9605727;0.029571772;-0.24371218
196481357;342.3125;7593;-17225;0.96363184;0.029571772;-0.24371218
196514416;342.3125;7593;-17225;0.9605727;0.02753234;-0.24167276
196566979;342.3125;7593;-17225;0.961592464;0.025492906;-0.24065304
196591869;342.3125;7593;-17225;0.96261216;0.025492906;-0.24167276
196613905;342.3125;7593;-17225;0.959553;0.02753234;-0.2447319
196673280;342.3125;7593;-17225;0.96261216;0.025492906;-0.23963332
196696358;342.3125;7593;-17225;0.96363184;0.02447319;-0.24371218
196717930;342.3125;7593;-17225;0.961592464;0.023453474;-0.242692468
196773521;342.3125;7593;-17225;0.96363184;0.029571772;-0.24167276
196795319;342.3125;7593;-17225;0.96261216;0.026512622;-0.242692468
196816605;342.3125;7593;-17225;0.961592464;0.02447319;-0.242692468
196841493;342.3125;7593;-17225;0.961592464;0.028552056;-0.2386136
196862870;342.3125;7593;-17225;0.96363184;0.02753234;-0.23963332
196891255;342.3125;7593;-17225;0.96261216;0.026512622;-0.24167276
196912769;342.3125;7593;-17225;0.96363184;0.026512622;-0.24065304
196938625;342.3125;7593;-17225;0.961592464;0.030591488;-0.24167276
196966024;342.3125;7593;-17225;0.9646516;0.029571772;-0.24167276
197041996;342.3125;7593;-17225;0.96261216;0.02753234;-0.24167276
197064117;342.3125;7593;-17225;0.96261216;0.028552056;-0.242692468
197089082;342.3125;7593;-17225;0.96363184;0.02753234;-0.23963332
197112194;342.3125;7593;-17225;0.961592464;0.030591488;-0.242692468
197143743;342.3125;7593;-17225;0.9646516;0.028552056;-0.2447319
197171292;342.3125;7593;-17225;0.96261216;0.026512622;-0.24065304
197194354;342.3125;7593;-17225;0.961592464;0.025492906;-0.242692468
197215993;342.3125;7593;-17225;0.961592464;0.025492906;-0.24167276
197241347;342.3125;7593;-17225;0.961592464;0.02753234;-0.24167276
197262890;342.3125;7593;-17225;0.961592464;0.029571772;-0.242692468
197291255;342.3125;7593;-17225;0.96363184;0.02753234;-0.242692468
197312691;342.3125;7593;-17225;0.959553;0.02753234;-0.24065304
197341190;342.3125;7593;-17225;0.96261216;0.025492906;-0.24167276
197362886;342.3125;7593;-17225;0.961592464;0.02753234;-0.242692468
197391326;342.3125;7593;-17225;0.96261216;0.026512622;-0.2447319
197431912;342.3125;7593;-17225;0.96261216;0.029571772;-0.24371218
197455503;342.3125;7593;-@20000101_000005_192721_airspeed_sdp810.csv@197459001;80;116;4259
197481426;342.3125;7593;-17225;0.961592464;0.026512622;-0.24167276
197502920;342.3125;7593;-17225;0.96363184;0.026512622;-0.24167276
197541276;342.3125;7593;-17225;0.9605727;0.026512622;-0.24167276
197562923;342.3125;7593;-17225;0.96363184;0.028552056;-0.24167276
197585347;342.3125;7593;-17225;0.96261216;0.028552056;-0.24167276
197611468;342.3125;7593;-17225;0.96261216;0.028552056;-0.24371218
197641257;342.3125;7593;-17225;0.96363184;0.026512622;-0.24167276
197662936;342.3125;7593;-17225;0.96261216;0.025492906;-0.24167276
197690110;342.3125;7593;-17225;0.96261216;0.02753234;-0.23963332
197712172;342.3125;7593;-17225;0.961592464;0.02753234;-0.2447319
197748671;342.3125;7593;-17225;0.96363184;0.029571772;-0.24575162
197771689;342.3125;7593;-17225;0.96261216;0.026512622;-0.242692468
197794051;342.3125;7593;-17225;0.96363184;0.02447319;-0.242692468
197819311;342.3125;7593;-17225;0.9605727;0.02753234;-0.24167276
197841941;342.3125;7593;-17225;0.96261216;0.02447319;-0.24371218
197881397;342.3125;7593;-17225;0.96363184;0.025492906;-0.24065304
197921861;342.3125;7593;-17225;0.961592464;0.029571772;-0.24167276
197944716;342.3125;7593;-17225;0.961592464;0.02753234;-0.24371218
197967554;342.3125;7593;-17225;0.96363184;0.026512622;-0.2386136
197991426;342.3125;7593;-17225;0.9605727;0.026512622;-0.24167276
198013337;342.3125;7593;-17225;0.961592464;0.025492906;-0.24167276
198051731;342.3125;7593;-17225;0.961592464;0.02753234;-0.242692468
198074475;342.3125;7593;-17225;0.96261216;0.02753234;-0.24167276
198103805;342.3125;7593;-17225;0.96261216;0.026512622;-0.242692468
198131436;342.3125;7593;-17225;0.96363184;0.026512622;-0.23963332
198161398;342.3125;7593;-17225;0.96363184;0.02753234;-0.24167276
198185321;342.3125;7593;-17225;0.96363184;0.026512622;-0.24371218
198211487;342.3125;7593;-17225;0.9605727;0.026512622;-0.2447319
198233058;342.3125;7593;-17225;0.96261216;0.029571772;-0.24167276
198255284;342.3125;7593;-@20000101_000005_192721_airspeed_sdp810.csv@198259083;68;107;4258
198291716;342.3125;7593;-17225;0.961592464;0.025492906;-0.24065304
198316235;342.3125;7593;-17225;0.96261216;0.026512622;-0.24065304
198341339;342.3125;7593;-17225;0.961592464;0.02753234;-0.24167276
198362837;342.3125;7593;-17225;0.9605727;0.028552056;-0.242692468
198384877;342.3125;7593;-17225;0.961592464;0.028552056;-0.24065304
198411518;342.3125;7593;-17225;0.96261216;0.030591488;-0.2447319
198439496;342.3125;7593;-17225;0.961592464;0.02753234;-0.24167276
198466963;342.3125;7593;-17225;0.961592464;0.02753234;-0.23963332
198514302;342.3125;7593;-17225;0.96261216;0.026512622;-0.24065304
198572915;342.3125;7593;-17225;0.96363184;0.02753234;-0.24167276
198594788;342.3125;7593;-17225;0.96363184;0.02447319;-0.24167276
198631307;342.3125;7593;-17225;0.961592464;0.02447319;-0.24065304
198661666;342.3125;7593;-17225;0.96363184;0.026512622;-0.242692468
198683657;342.3125;7593;-17225;0.961592464;0.02753234;-0.242692468
198734226;342.3125;7593;-17225;0.96363184;0.029571772;-0.24371218
198760754;342.3125;7593;-17225;0.961592464;0.02753234;-0.24371218
198783284;342.3125;7593;-17225;0.9585333;0.026512622;-0.242692468
198804973;342.3125;7593;-17225;0.961592464;0.02753234;-0.24167276
198831205;342.3125;7593;-17225;0.96261216;0.02753234;-0.24065304
198861399;342.3125;7593;-17225;0.96261216;0.02753234;-0.24167276
198884007;342.3125;7593;-17225;0.96363184;0.028552056;-0.242692468
198911450;342.3125;7593;-17225;0.96261216;0.028552056;-0.24575162
198941132;342.3125;7593;-17225;0.96261216;0.02753234;-0.24371218
198966483;342.3125;7593;-17225;0.959553;0.026512622;-0.24167276
198991402;342.3125;7593;-17225;0.961592464;0.026512622;-0.24065304
199017247;342.3125;7593;-17225;0.96363184;0.026512622;-0.24167276
199051322;342.3125;7593;-17225;0.96261216;0.02753234;-0.2447319
199072931;342.3125;7593;-17225;0.96261216;0.025492906;-0.24371218
199100697;342.3125;7593;-17225;0.961592464;0.028552056;-0.242692468
199131216;342.3125;7593;-17225;0.961592464;0.026512622;-0.242692468
199161406;342.3125;7593;-17225;0.96261216;0.02753234;-0.24167276
199216212;342.3125;7593;-17225;0.96261216;0.02753234;-0.24167276
199241943;342.3125;7593;-17225;0.9605727;0.02753234;-0.242692468
199271939;342.3125;7593;-17225;0.96363184;0.028552056;-0.23963332
199294564;342.3125;7593;-17225;0.96261216;0.02753234;-0.24371218
199342204;342.3125;7593;-17225;0.961592464;0.026512622;-0.24167276
199366455;342.3125;7593;-17225;0.96261216;0.02753234;-0.242692468
199391327;342.3125;7593;-17225;0.96261216;0.028552056;-0.242692468
199447406;342.3125;7593;-17225;0.96261216;0.02753234;-0.24167276
199470780;342.3125;7593;-17225;0.961592464;0.029571772;-0.24167276
199493026;342.3125;7593;-17225;0.96261216;0.02753234;-0.242692468
199516339;342.3125;7593;-17225;0.96261216;0.029571772;-0.24065304
199541409;342.3125;7593;-17225;0.96261216;0.02753234;-0.242692468
199563191;342.3125;7593;-17225;0.961592464;0.028552056;-0.24065304
199591130;342.3125;7593;-17225;0.961592464;0.028552056;-0.24065304
199616364;342.3125;7593;-17225;0.96261216;0.025492906;-0.24065304
199643744;342.3125;7593;-17225;0.96363184;0.028552056;-0.24167276
199682115;342.3125;7593;-17225;0.959553;0.02753234;-0.24065304
199704153;342.3125;7593;-17225;0.96261216;0.026512622;-0.242692468
199731626;342.3125;7593;-17225;0.96261216;0.02753234;-0.24065304
199753014;342.3125;7593;-17225;0.96363184;0.029571772;-0.242692468
199781276;342.3125;7593;-17225;0.961592464;0.026512622;-0.24167276
199802821;342.3125;7593;-17225;0.9646516;0.02753234;-0.242692468
199831202;342.3125;7593;-17225;0.96363184;0.02753234;-0.24065304
199853413;342.3125;7593;-@20000101_000005_192721_accel_adxl375.csv@199858084;1.7639999;0.147;0.196;1
199874619;342.3125;7593;-17225;0.96261216;0.028552056;-0.24167276
199901190;342.3125;7593;-17225;0.96261216;0.02753234;-0.242692468
199925243;342.3125;7593;-17225;0.961592464;0.02753234;-0.242692468
199961860;342.3125;7593;-17225;0.961592464;0.028552056;-0.242692468
199985450;342.3125;7593;-17225;0.96363184;0.02753234;-0.24677134
200012003;342.3125;7593;-17225;0.961592464;0.02753234;-0.242692468
200037974;342.3125;7593;-17225;0.961592464;0.02753234;-0.24371218
200091530;342.3125;7593;-17225;0.961592464;0.026512622;-0.23963332
200116340;342.3125;7593;-17225;0.961592464;0.028552056;-0.24065304
200151451;342.3125;7593;-17225;0.961592464;0.028552056;-0.242692468
200175267;342.3125;7593;-17225;0.96363184;0.02753234;-0.24167276
200201560;342.3125;7593;-17225;0.96363184;0.026512622;-0.24371218
200223244;342.3125;7593;-17225;0.96363184;0.026512622;-0.23963332
200244850;342.3125;7593;-17225;0.96261216;0.02753234;-0.24167276
200267937;342.3125;7593;-17225;0.9605727;0.028552056;-0.2386136
200291721;342.3125;7593;-17225;0.96261216;0.028552056;-0.24065304
200315461;342.3125;7593;-17225;0.961592464;0.028552056;-0.24167276
200341438;342.3125;7593;-17225;0.961592464;0.028552056;-0.24167276
200364145;342.3125;7593;-17225;0.9605727;0.02753234;-0.24167276
200391214;342.3125;7593;-17225;0.9646516;0.028552056;-0.24371218
200413130;342.3125;7593;-17225;0.96261216;0.028552056;-0.242692468
200445273;342.3125;7593;-17225;0.961592464;0.02753234;-0.24371218
200467858;342.3125;7593;-17225;0.96261216;0.025492906;-0.242692468
200512562;342.3125;7593;-20000101_000005_192721_accel_adxl375.csv@200515452;1.7639999;0.098;0.196;1
200541500;342.3125;7593;-17225;0.961592464;0.02753234;-0.2447319
200564273;342.3125;7593;-17225;0.96363184;0.025492906;-0.24167276
200590957;342.3125;7593;-17225;0.96363184;0.02753234;-0.242692468
200615249;342.3125;7593;-17225;0.9605727;0.02753234;-0.242692468
200641820;342.3125;7593;-17225;0.96363184;0.02753234;-0.2447319
200664632;342.3125;7593;-17225;0.9646516;0.02753234;-0.24371218
200689471;342.3125;7593;-17225;0.96261216;0.02753234;-0.24167276
200714875;342.3125;7593;-17225;0.961592464;0.02753234;-0.23963332
200743756;342.3125;7593;-17225;0.961592464;0.025492906;-0.24167276
200766047;342.3125;7593;-17225;0.96261216;0.02753234;-0.24167276
200791565;342.3125;7593;-17225;0.961592464;0.028552056;-0.24371218
200818034;342.3125;7593;-17571772;-0.24065304
200841715;342.3125;7593;-17225;0.96261216;0.029571772;-0.24065304
200863866;342.3125;7593;-17225;0.96261216;0.026512622;-0.237593884
200891456;342.3125;7593;-17225;0.96261216;0.026512622;-0.242692468
200916267;342.3125;7593;-17225;0.9605727;0.02447319;-0.24167276
200962603;342.3125;7593;-17225;0.9646516;0.026512622;-0.24167276
200988636;342.3125;7593;-17225;0.96261216;0.028552056;-0.237593884
201018382;3905727;0.02753234;-0.24065304
201074538;342.3125;7593;-17225;0.96261216;0.028552056;-0.242692468
201097659;342.3125;7593;-17225;0.961592464;0.028552056;-0.2447319
201123768;342.3125;7593;-17225;0.9605727;0.02753234;-0.242692468
201147880;342.3125;7593;-17225;0.9605727;0.028552056;-0.2447319
201171712;342.3125;7593;-17225;0.96261216;0.028552056;-0.242692468
201196793;342.3125;7593;-17225;0.96363184;0.028552056;-0.242692468
201220053;342.3125;7593;-s262
201241973;342.3125;7593;-17225;0.9605727;0.028552056;-0.24371218
201265758;342.3125;7593;-17225;0.96363184;0.030591488;-0.24167276
201291592;342.3125;7593;-17225;0.96261216;0.028552056;-0.24167276
201316406;342.3125;7593;-17225;0.9605727;0.029571772;-0.24167276
201341441;342.3125;7593;-17225;0.96261216;0.025492906;-0.24167276
201363348;342.3125;7593;-17225;0.961592464;0.026512622;-0.24167276
201402014;342.3125;7593;-17225;0.96261216;0.02753234;-0.23963332
201431422;342.3125;7593;-17225;0.96363184;0.028552056;-0.24167276
201461365;342.3125;7593;-17225;0.96261216;0.02753234;-0.23963332
201483487;342.3125;7593;-17225;0.96261216;0.028552056;-0.24167276
201511555;342.3125;7593;-17225;0.96261216;0.025492906;-0.24167276
201532786;342.3125;7593;-17225;0.96261216;0.02753234;-0.24575162
201555349;342.3125;7593;-17225;0.959553;0.028552056;-0.242692468
201581339;342.3125;7593;-17225;0.96261216;0.029571772;-0.242692468
201602743;342.3125;7593;-17225;0.96261216;0.028552056;-0.24065304
201651420;342.3125;7593;-17225;0.961592464;0.026512622;-0.242692468
201673521;342.3125;7593;-17225;0.96261216;0.02447319;-0.2447319
201695001;342.3125;7593;-17225;0.96261216;0.026512622;-0.242692468
201725211;342.3125;7593;-17225;0.96363184;0.028552056;-0.24371218
201754237;342.3125;7593;-17225;0.9605727;0.02753234;-0.24167276
201780057;342.3125;7593;-17225;0.961592464;0.028552056;-0.2386136
201824110;342.3125;7593;-17225;0.96363184;0.029571772;-0.24167276
201851560;342.3125;7593;-17225;0.96261216;0.02753234;-0.24371218
201874023;342.3125;7593;-17225;0.961592464;0.02447319;-0.24371218
201899121;342.3125;7593;-17225;0.96261216;0.02753234;-0.24167276
201931577;342.3125;7593;-17225;0.96363184;0.02753234;-0.24065304
201952971;342.3125;7593;-;@20000101_000005_192721_imu_lsm6dso32.csv@201959187;1.0150399;0.00976;0.00488;-91;35;-98;1
201981259;342.3125;7593;-17225;0.961592464;0.025492906;-0.242692468
202011954;342.3125;7593;-17225;0.96261216;0.02753234;-0.242692468
202041116;342.3125;7593;-17225;0.9605727;0.026512622;-0.24065304
202064077;342.3125;7593;-17225;0.96261216;0.026512622;-0.24167276
202089097;342.3125;7593;-17225;0.96261216;0.02753234;-0.24167276
202116819;342.3125;7593;-17225;0.961592464;0.02753234;-0.24167276
202151478;342.3125;7593;-17225;0.96363184;0.02753234;-0.2447319
202183829;342.3125;7593;-17225;0.96261216;0.02753234;-0.24167276
202213837;342.3125;7593;-20_192721_baro_icp10111.csv@202215396;-22.332498;36.996536;101593.53;2.348322
202256102;342.3125;7593;-17225;0.96261216;0.029571772;-0.2386136
202282623;342.3125;7593;-17225;0.96261216;0.028552056;-0.24167276
202314977;342.3125;7593;-17225;0.9605692468
202342143;342.3125;7593;-17225;0.961592464;0.026512622;-0.23963332
202363927;342.3125;7593;-17225;0.96261216;0.029571772;-0.242692468
202391219;342.3125;7593;-17225;0.96363184;0.02753234;-0.242692468
202416746;342.3125;7593;-17225;0.96261216;0.02753234;-0.24167276
202441684;342.3125;7593;-17225;0.9605727;0.026512622;-0.24371218
202463964;342.3125;7593;-17225;0.961592464;0.026512622;-0.242692468
202491151;342.3125;7593;-17225;0.961592464;0.026512622;-0.24167276
202516723;342.3125;7593;-17225;0.96261216;0.02753234;-0.23963332
202541464;342.3125;7593;-17225;0.96261216;0.026512622;-0.24167276
202563928;342.3125;7593;-17225;0.961592464;0.026512622;-0.24167276
202591167;342.3125;7593;-17225;0.9605727;0.02753234;-0.24167276
202614768;342.3125;7593;-17225;0.96261216;0.029571772;-0.24167276
202641457;342.3125;7593;-17225;0.961592464;0.02753234;-0.24065304
202666493;342.3125;7593;-17225;0.96363184;0.026512622;-0.24065304
202713900;342.20005_192721_accel_adxl375.csv@202715862;1.813;0.147;0.147;1
202741700;342.3125;7593;-17225;0.96261216;0.02753234;-0.242692468
202767379;342.3125;7593;-17225;0.961592464;0.02753234;-0.24371218
202791670;342.3125;7593;-17225;0.96363184;0.02753234;-0.24167276
202818056;342.3125;7593;-17225;0.96363184;0.028552056;-0.24065304
202881225;342.3125;7593;-17225;0.96261216;0.026512622;-0.24167276
202915766;342.3125;7593;-17225;0.961592464;0.028552056;-0.24371218
202941518;342.3125;7593;-17225;0.9605727;0.026512622;-0.24167276
202966831;342.3125;7593;-17225;0.961592464;0.026512622;-0.24065304
203001492;342.3125;7593;-17225;0.961592464;0.026512622;-0.24371218
203022723;342.3125;7593;-17225;0.96261216;0.026512622;-0.24167276
203081137;342.3125;7593;-17225;0.96363184;0.029571772;-0.24167276
203103344;342.3125;7593;-17225;0.96363184;0.029571772;-0.242692468
203141123;342.3125;7593;-17225;0.9605727;0.028552056;-0.24065304
203164212;342.3125;7593;-17225;0.96261216;0.02447319;-0.242692468
203191100;342.3125;7593;-17225;0.959553;0.028552056;-0.24167276
203234674;342.3125;7593;-17225;0.9605727;0.02753234;-0.24167276
203261528;342.3125;7593;-17225;0.96363184;0.02753234;-0.242692468
203283752;342.3125;7593;-17225;0.9605727;0.026512622;-0.23963332
203311901;342.3125;7593;-17225;0.9646516;0.028552056;-0.24167276
203351446;342.3125;7593;-17225;0.96363184;0.028552056;-0.242692468
203372721;342.3125;7593;-17225;0.96363184;0.02753234;-0.24167276
203393939;342.3125;7593;-17225;0.961592464;0.02753234;-0.242692468
203416314;342.3125;7593;-17225;0.9605727;0.029571772;-0.24167276
203441295;342.3125;7593;-17225;0.961592464;0.02753234;-0.24167276
203463802;342.3125;7593;-17225;0.96261216;0.02753234;-0.23963332
203491085;342.3125;7593;-17225;0.96363184;0.023453474;-0.24065304
203512710;342.3125;7593;-17225;0.96261216;0.025492906;-0.242692468
203573400;342.3125;7593;-17225;0.96363184;0.029571772;-0.24167276
203603912;342.3125;7593;-17225;0.96363184;0.026512622;-0.24167276
203634947;342.3125;7593;-17225;0.9605727;0.023453474;-0.24167276
203715144;342.3125;7593;-17225;0.96363184;0.026512622;-0.242692468
203781246;342.3125;7593;-17225;0.961592464;0.028552056;-0.23963332
203804739;342.3125;7593;-17225;0.96261216;0.02753234;-0.242692468
203833519;342.3125;7593;-17225;0.96261216;0.026512622;-0.24167276
203861370;342.3125;7593;-17225;0.9646516;0.025492906;-0.242692468
203883397;342.3125;7593;-17225;0.96363184;0.029571772;-0.24167276
203911583;342.3125;7593;-17225;0.96363184;0.02753234;-0.23963332
203945295;342.3125;7593;-17225;0.96261216;0.026512622;-0.24167276
203967432;342.3125;7593;-17225;0.961592464;0.02753234;-0.24167276
203991523;342.3125;7593;-17225;0.961592464;0.026512622;-0.24371218
204016154;342.3125;7593;-17225;0.96261216;0.02753234;-0.24167276
204041236;342.3125;7593;-17225;0.96261216;0.02753234;-0.242692468
204063004;342.3125;7593;-17225;0.961592464;0.029571772;-0.24065304
204085252;342.3125;7593;-17225;0.9605727;0.029571772;-0.24065304
204111848;342.3125;7593;-17225;0.961592464;0.029571772;-0.242692468
204211404;342.3125;7593;-17225;0.961592464;0.028552056;-0.24167276
204234502;342.3125;7593;-17225;0.96261216;0.030591488;-0.242692468
204259708;342.3125;7593;-17225;0.961592464;0.026512622;-0.242692468
204282661;342.3125;7593;-17225;0.96261216;0.02753234;-0.24167276
204303815;342.3125;7593;-17225;0.96363184;0.028552056;-0.24167276
204331232;342.3125;7593;-17225;0.9605727;0.02753234;-0.23963332
204361386;342.3125;7593;-17225;0.96261216;0.025492906;-0.24065304
204383435;342.3125;7593;-17225;0.961592464;0.029571772;-0.24167276
204408894;342.3125;7593;-17225;0.96261216;0.02753234;-0.24167276
204441334;342.3125;7593;-17225;0.96261216;0.02753234;-0.242692468
204467295;342.3125;7593;-17225;0.96363184;0.02753234;-0.24167276
204491616;342.3125;7593;-17225;0.96261216;0.026512622;-0.24167276
204512772;342.3125;7593;-17225;0.96363184;0.02753234;-0.242692468
204570977;342.3125;7593;-17225;0.96363184;0.02753234;-0.24371218
204616025;342.3125;7593;-17225;0.96363184;0.02753234;-0.24065304
204641429;342.3125;7593;-17225;0.96363184;0.026512622;-0.24167276
204663568;342.3125;7593;-17225;0.96261216;0.02753234;-0.24065304
204691037;342.3125;7593;-17225;0.9605727;0.02753234;-0.242692468
204713341;342.3125;7593;-17225;0.96363184;0.026512622;-0.24065304
204741746;342.3125;7593;-17225;0.961592464;0.02753234;-0.24371218
204765214;342.3125;7593;-17225;0.96261216;0.02753234;-0.242692468
204791082;342.3125;7593;-17225;0.9646516;0.026512622;-0.2386136
204812751;342.3125;7593;-17225;0.961592464;0.02753234;-0.24065304
204834935;342.3125;7593;-17225;0.96363184;0.029571772;-0.24065304
204861837;342.3125;7593;-17225;0.9605727;0.02753234;-0.24371218
204883754;342.3125;7593;-17225;0.96363184;0.029571772;-0.24167276
204911724;342.3125;7593;-17225;0.96363184;0.025492906;-0.242692468
204941416;342.3125;7593;-17225;0.96261216;0.02447319;-0.24065304
204963806;342.3125;7593;-17225;0.96261216;0.026512622;-0.23963332
205011834;342.3125;7593;-;468
205035146;342.3125;7593;-17225;0.9605727;0.025492906;-0.24371218
205061589;342.3125;7593;-17225;0.96363184;0.029571772;-0.242692468
205083443;342.3125;7593;-17225;0.96261216;0.026512622;-0.24167276
205115004;342.3125;7593;-17225;0.96261216;0.029571772;-0.242692468
205142749;342.3125;7593;-17225;0.96363184;0.029571772;-0.24677134
205164865;342.3125;7593;-17225;0.96261216;0.026512622;-0.24065304
205191109;342.3125;7593;-17225;0.961592464;0.02753234;-0.242692468
205215050;342.3125;7593;-17225;0.96363184;0.026512622;-0.242692468
205241110;342.3125;7593;-17225;0.96261216;0.028552056;-0.24167276
205264715;342.3125;7593;-17225;0.9646516;0.02753234;-0.24065304
205288729;342.3125;7593;-17225;0.96261216;0.026512622;-0.242692468
205323777;342.3125;7593;-17225;0.9646516;0.025492906;-0.24371218
205351199;342.3125;7593;-17225;0.96261216;0.026512622;-0.24677134
205373532;342.3125;7593;-17225;0.96363184;0.025492906;-0.242692468
205394955;342.3125;7593;-17225;0.961592464;0.026512622;-0.23963332
205441797;342.3125;7593;-17225;0.96261216;0.02753234;-0.24167276
205467934;342.3125;7593;-17225;0.96261216;0.026512622;-0.24167276
205491620;342.3125;7593;-17225;0.9605727;0.02753234;-0.24065304
205517733;342.3125;7593;-17225;0.96261216;0.02753234;-0.242692468
205573510;342.3125;7593;-17225;0.9605727;0.029571772;-0.24065304
205604193;342.3125;7593;-17225;0.961592464;0.026512622;-0.24167276
205631354;342.3125;7593;-17225;0.96261216;0.02447319;-0.24065304
205653067;342.3125;7593;-@20000101_000005_192721_imu_lsm6dso32.csv@205658664;1.013088;0.010736;0.00488;-84;35;-98;1
205678726;342.3125;7593;-17225;0.96261216;0.02447319;-0.24065304
205701780;342.3125;7593;-17225;0.96363184;0.026512622;-0.242692468
205723977;342.3125;7593;-17225;0.96261216;0.028552056;-0.24167276
205751122;342.3125;7593;-17225;0.96261216;0.028552056;-0.2447319
205773199;342.3125;7593;-17225;0.961592464;0.028552056;-0.242692468
205795064;342.3125;7593;-17225;0.9605727;0.02753234;-0.2447319
205818004;342.3125;7593;-17225;0.96363184;0.028552056;-0.24371218
205841754;342.3125;7593;-17225;0.961592464;0.02753234;-0.24167276
205863880;342.3125;7593;-17225;0.9646516;0.026512622;-0.24167276
205902691;342.3125;7593;-17225;0.96261216;0.02753234;-0.24167276
205931357;342.3125;7593;-17225;0.96261216;0.02753234;-0.23963332
205961209;342.3125;7593;-17225;0.96363184;0.026512622;-0.24065304
205983804;342.3125;7593;-17225;0.961592464;0.026512622;-0.24065304
206015415;342.3125;7593;-17225;0.96363184;0.036@20000101_000005_192721_baro_bmp280.csv@206017169;-31.691432;37.85;101;.014064;0.010736;0.005856;-84;35;-98;1
206041085;342.3125;7593;-17225;0.96363184;0.029571772;-0.24575162
206063204;342.3125;7593;-17225;0.9605727;0.028552056;-0.24167276
206085055;342.3125;7593;-17225;0.96261216;0.026512622;-0.24167276
206111299;342.3125;7593;-17225;0.96261216;0.028552056;-0.24371218
206135285;342.3125;7593;-17225;0.96261216;0.026512622;-0.24065304
206161266;342.3125;7593;-17225;0.96363184;0.02753234;-0.24065304
206182979;342.3125;7593;-17225;0.961592464;0.028552056;-0.24371218
206210350;342.3125;7593;-17225;0.96261216;0.028552056;-0.242692468
206231829;342.3125;7593;-17225;0.961592464;0.028552056;-0.242692468
206281155;342.3125;7593;-17225;0.961592464;0.028552056;-0.242692468
206330071;342.3125;7593;-17225;0.96261216;0.02753234;-0.24167276
206352310;342.3125;7593;-17225;0.96261216;0.02753234;-0.242692468
206375142;342.3125;7593;-17225;0.961592464;0.026512622;-0.24065304
206401125;342.3125;7593;-17225;0.9605727;0.028552056;-0.242692468
206430949;342.3125;7593;-17225;0.961592464;0.028552056;-0.24167276
206452793;342.3125;7593;-6
206476770;342.3125;7593;-17225;0.961592464;0.030591488;-0.23963332
206511937;342.3125;7593;-17225;0.9605727;0.02753234;-0.242692468
206541151;342.3125;7593;-17225;0.96363184;0.026512622;-0.24065304
206563067;342.3125;7593;-17225;0.961592464;0.02753234;-0.24167276
206584935;342.3125;7593;-@20000101_000005_192721_accel_adxl375.csv@206590113;1.7639999;0.147;0.147;1
206613776;342.3125;7593;-17225;0.96363184;0.029571772;-0.24065304
206641232;342.3125;7593;-17225;0.96261216;0.026512622;-0.2447319
206663390;342.3125;7593;-17225;0.96261216;0.028552056;-0.23963332
206687437;342.3125;7593;-17225;0.96363184;0.025492906;-0.24371218
206741660;342.3125;7593;-17225;0.961592464;0.029571772;-0.242692468
206767676;342.3125;7593;-17225;0.961592464;0.028552056;-0.24167276
206791666;342.3125;7593;-17225;0.96363184;0.029571772;-0.24167276
206818854;342.3125_airspeed_sdp810.csv@206821583;-45;0;4261
206841623;342.3125;7593;-17225;0.9646516;0.028552056;-0.24167276
206865558;342.3125;7593;-17225;0.96261216;0.025492906;-0.24167276
206891091;342.3125;7593;-17225;0.9605727;0.025492906;-0.24065304
206916172;342.3125;7593;-17225;0.961592464;0.026512622;-0.24065304
206941444;342.3125;7593;-17225;0.96363184;0.028552056;-0.24167276
206965851;342.3125;7593;-17225;0.96363184;0.028552056;-0.24167276
206991226;342.3125;7593;-17225;0.9646516;0.02753234;-0.242692468
207012723;342.3125;7593;-17225;0.96261216;0.025492906;-0.24167276
207041350;342.3125;7593;-17225;0.961592464;0.028552056;-0.24167276
207063157;342.3125;7593;-17225;0.96261216;0.025492906;-0.24371218
207085378;342.3125;7593;--000005_192721_imu_lsm6dso32.csv@207086628;1.016016;0.010736;0.005856;-91;42;-98;1
207115176;342.3125;7593;-17225;0.96261216;0.02753234;-0.24167276
207141282;342.3125;7593;-17225;0.9605727;0.02753234;-0.24065304
207192650;342.3125;7593;-17225;0.96261216;0.025492906;-0.242692468
207215037;342.3125;7593;-17225;0.961592464;0.026512622;-0.24371218
207241086;342.3125;7593;-17225;0.9605727;0.028552056;-0.24065304
207262836;342.3125;7593;-17225;0.961592464;0.026512622;-0.24371218
207284960;342.3125;7593;-17225;0.96363184;0.02753234;-0.24167276
207311421;342.3125;7593;-17225;0.961592464;0.02753234;-0.24371218
207332899;342.3125;7593;-17225;0.96261216;0.025492906;-0.242692468
207357641;342.3125;7593;-17225;0.96261216;0.028552056;-0.24371218
207381420;342.3125;7593;-17225;0.961592464;0.026512622;-0.24371218
207403466;342.3125;7593;-17225;0.96261216;0.026512622;-0.23963332
207431072;342.3125;7593;-17225;0.9605727;0.028552056;-0.24167276
207481304;342.3125;7593;-17225;0.96261216;0.02447319;-0.2447319
207503762;342.3125;7593;-17225;0.9605727;0.028552056;-0.24167276
207530460;342.3125;7593;-17225;0.96261216;0.02753234;-0.24371218
207551850;342.3125;7593;-17225;0.96363184;0.026512622;-0.24167276
207601272;342.3125;7593;-17225;0.96363184;0.026512622;-0.2447319
207635718;342.3125;7593;-17225;0.96261216;0.025492906;-0.24167276
207661386;342.3125;7593;-17225;0.961592464;0.026512622;-0.24065304
207683122;342.3125;7593;-17225;0.9605727;0.02753234;-0.24371218
207711421;342.3125;7593;-17225;0.961592464;0.02753234;-0.242692468
207733650;342.3125;7593;-17225;0.961592464;0.026512622;-0.24167276
207758807;342.3125;7593;-17225;0.96261216;0.028552056;-0.242692468
207781575;342.3125;7593;-17225;0.96261216;0.02753234;-0.24065304
207803248;342.3125;7593;-17225;0.961592464;0.02753234;-0.24371218
207831204;342.3125;7593;-17225;0.96261216;0.026512622;-0.242692468
207881119;342.3125;7593;-17225;0.96261216;0.030591488;-0.242692468
207902623;342.3125;7593;-17225;0.9605727;0.02447319;-0.24575162
207930638;342.3125;7593;-17225;0.9646516;0.028552056;-0.24167276
207956538;342.3125;7593;-17225;0.961592464;0.028552056;-0.242692468
207981306;342.3125;7593;-17225;0.96261216;0.028552056;-0.24167276
208031644;342.3125;7593;-17225;0.961592464;0.026512622;-0.24065304
208054470;342.3125;7593;-17225;0.96261216;0.029571772;-0.242692468
208081065;342.3125;7593;-17225;0.96363184;0.026512622;-0.24167276
208102892;342.3125;7593;-17225;0.96261216;0.026512622;-0.2447319
208130885;342.3125;7593;-17225;0.96261216;0.026512622;-0.242692468
208161757;342.3125;7593;-17225;0.96261216;0.028552056;-0.24167276
208184851;342.3125;7593;-0192721_health.csv@208189513;40;32597136;10;None;122;0;0;0
208211174;342.3125;7593;-17225;0.96261216;0.026512622;-0.24167276
208233359;342.3125;7593;-17225;0.96261216;0.02753234;-0.24371218
208261154;342.3125;7593;-17225;0.96261216;0.02753234;-0.24167276
208283258;342.3125;7593;-17225;0.96363184;0.028552056;-0.24167276
208311067;342.3125;7593;-17225;0.96261216;0.02753234;-0.24167276
208340848;342.3125;7593;-17225;0.961592464;0.02753234;-0.24167276
208363329;342.3125;7593;-17225;0.96261216;0.02753234;-0.23963332
208390833;342.3125;7593;-17225;0.96363184;0.02753234;-0.2386136
208417432;342.3125;7593;-p2;0;4261
208441386;342.3125;7593;-17225;0.961592464;0.029571772;-0.23963332
208490396;342.3125;7593;-17225;0.961592464;0.02753234;-0.24065304
208526635;342.3125;7593;-17225;0.9605727;0.028552056;-0.24167276
208562027;342.3125;7593;-17225;0.9605727;0.025492906;-0.2386136
208590985;342.3125;7593;-17225;0.9605727;0.028552056;-0.24371218
208616313;342.3125;7593;-17225;0.961592464;0.02753234;-0.24065304
208641348;342.3125;7593;-17225;0.961592464;0.02753234;-0.24065304
208662860;342.3125;7593;-17225;0.96261216;0.02753234;-0.23963332
208691094;342.3125;7593;-17225;0.96261216;0.026512622;-0.23963332
208714938;342.3125;7593;-17225;0.961592464;0.030591488;-0.24371218
208773667;342.3125;7593;-17225;0.96363184;0.028552056;-0.23963332
208795131;342.3125;7593;-17225;0.96261216;0.029571772;-0.24371218
208816725;342.3125;7593;-17225;0.961592464;0.025492906;-0.24371218
208841249;342.3125;7593;-17225;0.961592464;0.026512622;-0.242692468
208863256;342.3125;7593;-17225;0.96363184;0.028552056;-0.24167276
208912928;342.3125;7593;-17225;0.96261216;0.028552056;-0.24167276
208940568;342.3125;7593;-17225;0.96261216;0.026512622;-0.2447319
208961923;342.3125;7593;-17225;0.96363184;0.02753234;-0.24167276
208984576;342.3125;7593;-07276
209016547;342.3125;7_000005_192721_laser_agl.csv@209018341;0.02;1
209041307;342.3125;7593;-17225;0.96363184;0.02447319;-0.24167276
209083936;342.3125;7593;-17225;0.961592464;0.031611204;-0.24167276
209111307;342.3125;7593;-17225;0.96363184;0.02753234;-0.242692468
209133940;342.3125;7593;-17225;0.96261216;0.026512622;-0.24065304
209161086;342.3125;7593;-17225;0.96261216;0.025492906;-0.23963332
209183868;342.3125;7593;-17225;0.96363184;0.023453474;-0.24167276
209210962;342.3125;7593;-17225;0.961592464;0.02447319;-0.24167276
209240807;342.3125;7593;-17225;0.96363184;0.029571772;-0.242692468
209262951;342.3125;7593;-17225;0.96363184;0.03263092;-0.24167276
209290954;342.3125;7593;-17225;0.96261216;0.030591488;-0.242692468
209331593;342.3125;7593;-17225;0.96261216;0.026512622;-0.2386136
209354176;342.3125;7593;-17225;0.96261216;0.021414042;-0.2447319
209380758;342.3125;7593;-17225;0.96363184;0.02447319;-0.24167276
209402778;342.3125;7593;-17225;0.96363184;0.02753234;-0.24371218
209431162;342.3125;7593;-17225;0.96261216;0.029571772;-0.24065304
209453168;342.3125;7593;-17225;0.961592464;0.030591488;-0.24065304
209479634;342.3125;7593;-17225;0.96261216;0.02753234;-0.242692468
209511232;342.3125;7593;-17225;0.96261216;0.025492906;-0.24167276
209541149;342.3125;7593;-17225;0.96261216;0.02447319;-0.24167276
209563322;342.3125;7593;-17225;0.96261216;0.030591488;-0.24167276
209588618;342.3125;7593;--0.2386136
209611490;342.3125;7593;-17225;0.961592464;0.028552056;-0.2447319
209633393;342.3125;7593;-17225;0.96261216;0.030591488;-0.24167276
209683272;342.3125;7593;-17225;0.96261216;0.026512622;-0.24065304
209711062;342.3125;7593;-17225;0.96363184;0.02753234;-0.24167276
209741052;342.3125;7593;-17225;0.961592464;0.02753234;-0.242692468
209791078;342.3125;7593;-17225;0.96261216;0.028552056;-0.24065304
209812703;342.3125;7593;-17225;0.96261216;0.02753234;-0.24065304
209841084;342.3125;7593;-17225;0.961592464;0.025492906;-0.24065304
209863307;342.3125;7593;-17225;0.96261216;0.028552056;-0.242692468
209891037;342.3125;7593;-17225;0.96261216;0.026512622;-0.2447319
209912654;342.3125;7593;-17225;0.961592464;0.02753234;-0.24371218
209980785;342.3125;7593;-17225;0.961592464;0.02447319;-0.23963332
210003416;342.3125;7593;-17225;0.96261216;0.026512622;-0.242692468
210061117;342.3125;7593;-17225;0.961592464;0.030591488;-0.242692468
210082803;342.3125;7593;-17225;0.961592464;0.028552056;-0.23963332
210104701;342.3125;7593;-17225;0.96363184;0.029571772;-0.242692468
210130816;342.3125;7593;-17225;0.96261216;0.026512622;-0.23963332
210161122;342.3125;7593;-17225;0.96363184;0.026512622;-0.24065304
210183575;342.3125;7593;-17225;0.96363184;0.026512622;-0.24167276
210250591;342.3125;7593;-2000005_192721_imu_lsm6dso32.csv@210252371;1.012112;0.012688;0.003904;-84;35;-98;1
210273339;342.3125;7593;-17225;0.961592464;0.028552056;-0.24167276
210294899;342.3125;7593;-17225;0.96261216;0.02753234;-0.24167276
210316656;342.3125;7593;-17225;0.96363184;0.02753234;-0.242692468
210341420;342.3125;7593;-17225;0.961592464;0.025492906;-0.24167276
210364301;342.3125;7593;-17225;0.96363184;0.025492906;-0.23963332
210400803;342.3125;7593;-17225;0.9605727;0.025492906;-0.24371218
210433773;342.3125;7593;-17225;0.96261216;0.02753234;-0.242692468
210460968;342.3125;7593;-17225;0.96261216;0.02753234;-0.2447319
210482741;342.3125;7593;-17225;0.961592464;0.028552056;-0.24167276
210511243;342.3125;7593;-17225;0.96261216;0.02753234;-0.242692468
210533851;342.3125;7593;-17225;0.96261216;0.026512622;-0.2386136
210561420;342.3125;7593;-17225;0.9646516;0.025492906;-0.24065304
210583534;342.3125;7593;-17225;0.9605727;0.026512622;-0.24167276
210635151;342.3125;7593;-17225;0.96363184;0.028552056;-0.242692468
210661888;342.3125;7593;-17225;0.961592464;0.02753234;-0.24065304
210684745;342.3125;7593;-17225;0.96261216;0.02753234;-0.24065304
210711012;342.3125;7593;-17225;0.96261216;0.026512622;-0.23963332
210740459;342.3125;7593;-17225;0.961592464;0.028552056;-0.24371218
210762769;342.3125;7593;-17225;0.961592464;0.025492906;-0.2386136
210784665;342.3125;7593;-0dso32.csv@210790263;1.0111359;0.00976;0.001952;-84;42;-105;1
210810945;342.3125;7593;-17225;0.96261216;0.028552056;-0.24371218
210840883;342.3125;7593;-17225;0.96363184;0.02753234;-0.24065304
210863612;342.3125;7593;-17225;0.96261216;0.026512622;-0.2386136
210885262;342.3125;7593;-10.026512622;-0.2447319
210916002;342.3125;7593;-17225;0.961592464;0.026512622;-0.2447319
210941120;342.3125;7593;-17225;0.961592464;0.02753234;-0.2447319
210964900;342.3125;7593;-17225;0.96261216;0.028552056;-0.24065304
210990807;342.3125;7593;-17225;0.96261216;0.029571772;-0.23963332
211038138;342.3125;7593;-17225;0.961592464;0.026512622;-0.24371218
211062531;342.3125;7593;-17225;0.961592464;0.02447319;-0.23963332
211084070;342.3125;7593;-17225;0.961592464;0.026512622;-0.242692468
211113784;342.3125;7593;-17225;0.96363184;0.02753234;-0.242692468
211140995;342.3125;7593;-17225;0.961592464;0.026512622;-0.24065304
211164154;342.3125;7593;-17225;0.961592464;0.025492906;-0.24167276
211190809;342.3125;7593;-17225;0.96363184;0.026512622;-0.24167276
211214070;342.3125;7593;-17225;0.96363184;0.025492906;-0.24371218
211240864;342.3125;7593;-17225;0.9605727;0.026512622;-0.2447319
211264945;342.3125;7593;-17225;0.96261216;0.02753234;-0.242692468
211290797;342.3125;7593;-17225;0.96363184;0.029571772;-0.242692468
211329938;342.3125;7593;-17225;0.96261216;0.02753234;-0.237593884
211351811;342.3125;7593;-17225;0.96261216;0.02753234;-0.24065304
211380769;342.3125;7593;-17225;0.96363184;0.02447319;-0.242692468
211403057;342.3125;7593;-17225;0.961592464;0.02447319;-0.23963332
211440718;342.3125;7593;-17225;0.96261216;0.028552056;-0.242692468
211484592;342.3125;7593;-17225;0.9605727;0.029571772;-0.24371218
211511576;342.3125;7593;-17225;0.96261216;0.026512622;-0.2447319
211534697;342.3125;7593;-17225;0.96363184;0.026512622;-0.24167276
211561480;342.3125;7593;-17225;0.96363184;0.025492906;-0.237593884
211583899;342.3125;7593;-17225;0.96261216;0.029571772;-0.24167276
211611082;342.3125;7593;-17225;0.9605727;0.02753234;-0.24065304
211640943;342.3125;7593;-17225;0.959553;0.026512622;-0.2447319
211662892;342.3125;7593;-17225;0.959553;0.02447319;-0.24575162
211685973;342.3125;7593;-17225;0.96261216;0.026512622;-0.24167276
211711427;342.3125;7593;-17225;0.961592464;0.02753234;-0.24065304
211740587;342.3125;7593;-17225;0.9646516;0.026512622;-0.242692468
211763175;342.3125;7593;-17225;0.961592464;0.026512622;-0.24065304
211790489;342.3125;7593;-17225;0.959553;0.02447319;-0.24371218
211841752;342.3125;7593;-17225;0.96363184;0.025492906;-0.24371218
211873686;342.3125;7593;-17225;0.96363184;0.026512622;-0.23963332
211900980;342.3125;7593;-17225;0.96261216;0.02753234;-0.24167276
211952187;342.3125;7593;-17225;0.961592464;0.02753234;-0.242692468
211974831;342.3125;7593;-17225;0.96261216;0.029571772;-0.24167276
212000699;342.3125;7593;-17225;0.96261216;0.028552056;-0.24167276
212044156;342.3125;7593;-17225;0.96363184;0.026512622;-0.24167276
212066926;342.3125;7593;-17225;0.96261216;0.026512622;-0.242692468
212091158;342.3125;7593;-17225;0.96363184;0.026512622;-0.24371218
212172453;342.3125;7593;-17225;0.96363184;0.029571772;-0.23963332
212194180;342.3125;7593;-17225;0.96261216;0.025492906;-0.24167276
212217366;342.3125;7593;-17225;0.961592464;0.028552056;-0.23963332
212240990;342.3125;7593;-17225;0.96363184;0.025492906;-0.2447319
212262964;342.3125;7593;-17225;0.96261216;0.02753234;-0.242692468
212285659;342.3125;7593;-17225;0.96261216;0.02753234;-0.24167276
212315325;342.3125;7593;-17225;0.96261216;0.026512622;-0.23963332
212391193;342.3125;7593;-17225;0.961592464;0.026512622;-0.24167276
212414262;342.3125;7593;-17225;0.96363184;0.026512622;-0.242692468
212440736;342.3125;7593;-17225;0.96261216;0.029571772;-0.2386136
212464406;342.3125;7593;-17225;0.961592464;0.026512622;-0.24065304
212490621;342.3125;7593;-17225;0.96261216;0.026512622;-0.24065304
212515419;342.3125;7593;-17225;0.96363184;0.026512622;-0.2386136
212540621;342.3125;7593;-17225;0.96363184;0.025492906;-0.24371218
212563302;342.3125;7593;-17225;0.961592464;0.030591488;-0.24677134
212590382;342.3125;7593;-17225;0.959553;0.02753234;-0.23963332
212612135;342.3125;7593;-17225;0.96261216;0.02753234;-0.24065304
212671933;342.3125;7593;-17225;0.961592464;0.025492906;-0.24167276
212700653;342.3125;7593;-17225;0.961592464;0.02753234;-0.2447319
212721888;342.3125;7593;-.@20000101_000005_192721_airspeed_sdp810.csv@212725266;-117;0;4263
212760804;342.3125;7593;-17225;0.96363184;0.025492906;-0.23963332
212783730;342.3125;7593;-17225;0.96261216;0.026512622;-0.237593884
212816207;342.3125;7593;-17225;0.96261216;0.028552056;-0.24371218
212861492;342.3125;7593;-17225;0.9605727;0.028552056;-0.242692468
212890943;342.3125;7593;-17225;0.96363184;0.026512622;-0.23555446
212912958;342.3125;7593;-17225;0.96261216;0.028552056;-0.24065304
212940808;342.3125;7593;-17225;0.961592464;0.026512622;-0.23963332
212963745;342.3125;7593;-17225;0.96363184;0.026512622;-0.24575162
212990452;342.3125;7593;-17225;0.96261216;0.02447319;-0.24371218
213017006;342.3125;7593;-17225;0.9605727;0.025492906;-0.24167276
213050451;342.3125;759p.csv@213053475;-143;0;4261
213072285;342.3125;7593;-17225;0.9646516;0.02753234;-0.24065304
213094406;342.3125;7593;-17225;0.96261216;0.02753234;-0.24167276
213116951;342.3125;7593;-17225;0.96261216;0.025492906;-0.242692468
213141514;342.3125;7593;-17225;0.961592464;0.026512622;-0.24677134
213164455;342.3125;7593;-17225;0.961592464;0.02753234;-0.242692468
213190745;342.3125;7593;-17225;0.961592464;0.025492906;-0.242692468
213218229;342.3125;7593;-17225;0.96261216;0.029571772;-0.2386136
213260892;342.3125;7593;-17225;0.96261216;0.025492906;-0.24065304
213283920;342.3125;7593;-605727;0.025492906;-0.242692468
213311156;342.3125;7593;-17225;0.96363184;0.02753234;-0.248810768
213336411;342.3125;7593;-17225;0.961592464;0.02753234;-0.247791052
213360845;342.3125;7593;-17225;0.96363184;0.029571772;-0.242692468
213389767;342.3125;7593;-17225;0.96363184;0.026512622;-0.2386136
213416438;342.3125;7593;-17225;0.96261216;0.02447319;-0.23657418
213450534;342.3125;7593;-17225;0.961592464;0.026512622;-0.242692468
213473224;342.3125;7593;-17225;0.96261216;0.028552056;-0.242692468
213510167;342.3125;7593;-17225;0.9646516;0.026512622;-0.24167276
213540930;342.3125;7593;-17225;0.96261216;0.026512622;-0.23963332
213563504;342.3125;7593;-17225;0.96363184;0.028552056;-0.24167276
213590794;342.3125;7593;-17225;0.961592464;0.026512622;-0.242692468
213616320;342.3125;7593;-17225;0.961592464;0.026512622;-0.24371218
213650409;342.3125;7593;-17225;0.9605727;0.029571772;-0.24065304
213672563;342.3125;7593;-17225;0.96363184;0.028552056;-0.2386136
213722645;342.3125;7593;-17225;0.96261216;0.026512622;-0.2386136
213750696;342.3125;7593;-17225;0.9605727;0.02447319;-0.247791052
213773555;342.3125;7593;-17225;0.961592464;0.025492906;-0.24371218
213797652;342.3125;7593;-17225;0.96363184;0.026512622;-0.247791052
213821001;342.3125;7593;-17225;0.96261216;0.029571772;-0.2386@20000101_000005_192721_airspeed_sdp810.csv@213823924;15;50;4261
213842675;342.3125;7593;-17225;0.96261216;0.02753234;-0.24065304
213864312;342.3125;7593;-17225;0.96261216;0.026512622;-0.237593884
213890588;342.3125;7593;-17225;0.961592464;0.023453474;-0.24065304
213911675;342.3125;7593;-17225;0.9605727;0.02447319;-0.24575162
213937654;342.3125;7593;-17225;0.961592464;0.026512622;-0.24677134
213961167;342.3125;7593;-17225;0.96261216;0.02753234;-0.24371218
213982781;342.3125;7593;-17225;0.96363184;0.029571772;-0.23963332
214010127;342.3125;7593;-17225;0.961592464;0.026512622;-0.237593884
214034374;342.3125;7593;-17225;0.9605727;0.02447319;-0.24167276
214060797;342.3125;7593;-17225;0.961592464;0.02447319;-0.24167276
214082994;342.3125;7593;-17225;0.9605727;0.026512622;-0.24677134
214131010;342.3125;7593;-17225;0.9605727;0.031611204;-0.242692468
214160903;342.3125;7593;-17225;0.96363184;0.03263092;-0.237593884
214183289;342.3125;7593;-17225;0.961592464;0.026512622;-0.242692468
214210797;342.3125;7593;-17225;0.961592464;0.02447319;-0.24575162
214237629;342.3125;7593;-17225;0.9605727;0.020394326;-0.24575162
214261169;342.3125;7593;-17225;0.961592464;0.025492906;-0.2447319
214285340;342.3125;7593;-17225;0.96363184;0.030591488;-0.24065304
214310794;342.3125;7593;-17225;0.96261216;0.033650636;-0.2386136
214334187;342.3125;7593;-17225;0.96261216;0.02753234;-0.23963332
214362296;342.3125;7593;-17225;0.961592464;0.022433758;-0.24371218
214390477;342.3125;7593;-17225;0.9605727;0.023453474;-0.248810768
214416991;342.3125;7593;-17225;0.96363184;0.028552056;-0.242692468
214440832;342.3125;7593;-17225;0.96363184;0.02753234;-0.24065304
214463849;342.3125;7593;-17225;0.961592464;0.028552056;-0.23555446
214490470;342.3125;7593;-17225;0.96363184;0.026512622;-0.24065304
214512260;342.3125;7593;-17225;0.9605727;0.025492906;-0.2447319
214576406;342.3125;7593;-17225;0.96261216;0.029571772;-0.2447319
214600826;342.3125;7593;-17225;0.961592464;0.028552056;-0.24065304
214627635;342.3125;7593;-17225;0.9646516;0.026512622;-0.23453474
214650829;342.3125;7593;-17225;0.961592464;0.025492906;-0.24065304
214672990;342.3125;7593;-17225;0.9605727;0.028552056;-0.247791052
214696193;342.3125;7593;-17225;0.96261216;0.026512622;-0.25288964
214718432;342.3125;7593;-@20000101_000005_192721_accel_adxl375.csv@214724183;1.7639999;0.147;0.147;1
214741090;342.3125;7600;-17225;0.96363184;0.029571772;-0.237593884
214765108;342.3125;7600;-17225;0.9646516;0.028552056;-0.232495316
214790621;342.3125;7600;-17225;0.96363184;0.025492906;-0.23555446
214840953;342.3125;7600;-17225;0.9605727;0.02753234;-0.248810768
214863475;342.3125;7600;-17225;0.96261216;0.02753234;-0.24167276
214890533;342.3125;7600;-17225;0.96261216;0.028552056;-0.23657418
214911734;342.3125;7600;-17225;0.961592464;0.02753234;-0.232495316
214968260;342.3125;7600;-17225;0.96261216;0.02753234;-0.24575162
214995620;342.3125;7600;-17225;0.959553;0.025492906;-0.25186992
215023094;342.3125;7600;-17225;0.961592464;0.028552056;-0.242692468
215060506;342.3125;7600;-17225;0.9646516;0.030591488;-0.23657418
215083771;342.3125;7600;-17225;0.96363184;0.028552056;-0.23555446
215113789;342.3125;7600;-17225;0.96363184;0.026512622;-0.24575162
215142359;342.3125;7600;-17225;0.96261216;0.023453474;-0.2508502
215163917;342.3125;7600;-17225;0.961592464;0.029571772;-0.2447319
215190506;342.3125;7600;-17225;0.959553;0.030591488;-0.24167276
215211717;342.3125;7600;-17225;0.96261216;0.029571772;-0.2386136
215240899;342.3125;7600;-17225;0.961592464;0.029571772;-0.23657418
215262858;342.3125;7600;-17225;0.961592464;0.022433758;-0.242692468
215311957;342.3125;7600;-17225;0.9605727;0.028552056;-0.24167276
215350498;342.3125;7600;-17225;0.96363184;0.026512622;-0.23963332
215401009;342.3125;7600;-17225;0.961592464;0.028552056;-0.24167276
215440659;342.3125;7600;-17225;0.961592464;0.02447319;-0.2447319
215462879;342.3125;7600;-17225;0.961592464;0.02753234;-0.2447319
215490556;342.3125;7600;-17225;0.9605727;0.026512622;-0.24167276
215512905;342.3125;7600;-17225;0.96363184;0.030591488;-0.23555446
215550427;342.3125;7600;-17225;0.96363184;0.028552056;-0.2386136
215572037;342.3125;7593;-17225;0.96363184;0.02447319;-0.24575162
215594093;342.3125;7593;-17225;0.9605727;0.026512622;-0.24983048
215616637;342.3125;7593;-17225;0.959553;0.02753234;-0.24371218
215649629;342.3125;7593;-17225;0.961592464;0.02447319;-0.24167276
215671104;342.3125;7593;-17225;0.96261216;0.026512622;-0.23555446
215693160;342.3125;7593;-17225;0.96261216;0.029571772;-0.2447319
215716481;342.3125;7593;-17225;0.96261216;0.02753234;-0.24677134
215750435;34airspeed_sdp810.csv@215752289;267;212;4261
215772641;342.3125;7593;-17225;0.961592464;0.026512622;-0.24575162
215810596;342.3125;7593;-17225;0.96363184;0.02753234;-0.23453474
215880581;342.3125;7593;-17225;0.9585333;0.02753234;-0.248810768
215901667;342.3125;7593;-17225;0.961592464;0.029571772;-0.25288964
215940612;342.3125;7600;-17225;0.961592464;0.029571772;-0.24167276
215963360;342.3125;7600;-17225;0.9646516;0.02753234;-0.23045588
215990481;342.3125;7600;-17225;0.96363184;0.02753234;-0.232495316
216016042;342.3125;7600;-17225;0.96363184;0.025492906;-0.23963332
216040946;342.3125;7600;-17225;0.961592464;0.026512622;-0.24575162
216063081;342.3125;7600;-17225;0.961592464;0.030591488;-0.2508502
216090510;342.3125;7600;-17225;0.9605727;0.031611204;-0.24371218
216112158;342.3125;7600;-17225;0.9646516;0.028552056;-0.232495316
216172766;342.3125;7600;-17225;0.961592464;0.022433758;-0.242692468
216200446;342.3125;7600;-17225;0.961592464;0.02447319;-0.248810768
216222598;342.3125;7600;-0216224050 Recorder :: {'tlm': {'count': 1, 'max': 12, 'dropped': 0}, 'log': {'count': 0, 'max': 23, 'dropped': 0}, 'session': '20000101_000005_192721'}
216243735;342.3125;7600;-17225;0.96261216;0.029571772;-0.248810768
216294537;342.3125;7600;-17225;0.96363184;0.028552056;-0.23555446
216317099;342.3125;7600;-17225;0.961592464;0.025492906;-0.23453474
216340865;342.3125;7600;-17225;0.96261216;0.022433758;-0.24167276
216362838;342.3125;7600;-17225;0.959553;0.026512622;-0.25390936
216385825;342.3125;7600;-17225;0.96261216;0.030591488;-0.25288964
216411256;342.3125;7600;-17225;0.96261216;0.03263092;-0.24167276
216440332;342.3125;7600;-17225;0.96363184;0.029571772;-0.232495316
216462255;342.3125;7600;-17225;0.96261216;0.026512622;-0.232495316
216484386;342.3125;7600;-17225;0.9605727;0.021414042;-0.24371218
216510720;342.3125;7600;-17225;0.9605727;0.020394326;-0.25288964
216540498;342.3125;7600;-17225;0.9605727;0.026512622;-0.25186992
216566396;342.3125;7600;-17225;0.96363184;0.03263092;-0.23657418
216590960;342.3125;7600;-17225;0.9656713;0.031611204;-0.23045588
216612715;342.3125;7600;-17225;0.96261216;0.02753234;-0.23045588
216640489;342.3125;7600;-17225;0.9605727;0.022433758;-0.24371218
216662086;342.3125;7600;-17225;0.9605727;0.023453474;-0.2508502
216684666;342.3125;7600;-17225;0.9585333;0.02447319;-0.247791052
216728430;342.3125;7600;-17225;0.96363184;0.03263092;-0.23555446
216750981;342.3125;7600;-17225;0.9646516;0.03263092;-0.23555446
216773190;342.3125;7600;-17225;0.961592464;0.02447319;-0.23963332
216800456;342.3125;7600;-17225;0.9605727;0.023453474;-0.24983048
216830436;342.3125;7600;-17225;0.959553;0.023453474;-0.2508502
216852813;342.3125;7600;-17225;0.9605727;0.028552056;-0.2447319
216880389;342.3125;7600;-17225;0.96363184;0.03263092;-0.2386136
216910668;342.3125;7600;-17225;0.9646516;0.03263092;-0.23453474
216940517;342.3125;7600;-17219;0.9605727;0.026512622;-0.242692468
216962313;342.3125;7600;-17219;0.9605727;0.01631546;-0.24677134
216984273;342.3125;7600;-17219;0.959553;0.0193746092;-0.24677134
217011151;342.3125;7600;-17219;0.9605727;0.02753234;-0.242692468
217071924;342.3125;7600;-17219;0.961592464;0.031611204;-0.23963332
217093774;342.3125;7600;-17219;0.961592464;0.02753234;-0.242692468
217130273;342.3125;7600;-17219;0.96261216;0.023453474;-0.247791052
217160591;342.3125;7600;-17219;0.96261216;0.022433758;-0.2447319
217224032;342.3125;7600;-17219;0.96261216;0.031611204;-0.237593884
217250912;342.3125;7600;-17219;0.96261216;0.026512622;-0.24371218
217272881;342.3125;7600;-17219;0.96261216;0.022433758;-0.247791052
217298381;342.3125;7600;-17219;0.96261216;0.022433758;-0.24677134
217321749;342.3125;7600;-@20000101_000005_192721_airspeed_sdp810.csv@217324641;290;221;4265
217350388;342.3125;7600;-17219;0.96363184;0.030591488;-0.237593884
217374217;342.3125;7600;-17219;0.96363184;0.031611204;-0.23657418
217400414;342.3125;7600;-17219;0.9605727;0.031611204;-0.2447319
217431036;342.3125;7600;-17219;0.96261216;0.021414042;-0.24575162
217453090;342.3125;7600;-1414042;-0.2447319
217480218;342.3125;7600;-17219;0.961592464;0.023453474;-0.24371218
217510586;342.3125;7600;-17219;0.961592464;0.031611204;-0.237593884
217533142;342.3125;7600;-17219;0.96363184;0.031611204;-0.24167276
217560604;342.3125;7600;-17219;0.96261216;0.029571772;-0.24167276
217582956;342.3125;7600;-17219;0.96363184;0.026512622;-0.247791052
217621073;342.3125;7600;-17219;0.96261216;0.022433758;-0.2386136
217642862;342.3125;7600;-17219;0.96363184;0.029571772;-0.24065304
217665277;342.3125;7600;-17219;0.96261216;0.031611204;-0.23555446
217690463;342.3125;7600;-17219;0.96261216;0.031611204;-0.23963332
217712588;342.3125;7600;-17219;0.9605727;0.026512622;-0.248810768
217750773;342.3125;7600;-17219;0.9605727;0.02447319;-0.247791052
217773260;342.3125;7600;-17219;0.96261216;0.022433758;-0.242692468
217799648;342.3125;7600;-17219;0.9605727;0.021414042;-0.24065304
217830417;342.3125;7600;-17219;0.961592464;0.029571772;-0.23963332
217852910;342.3125;7600;-17219;0.9605727;0.031611204;-0.24575162
217880297;342.3125;7600;-17219;0.96261216;0.028552056;-0.24677134
217913748;342.3125;7600;-17219;0.96363184;0.021414042;-0.24167276
217940544;342.3125;7600;-17219;0.96261216;0.022433758;-0.24065304
217963540;342.3125;7600;-17219;0.96261216;0.02753234;-0.24167276
217990437;342.3125;7600;-17219;0.961592464;0.03263092;-0.242692468
218016000;342.3125;7600;-17219;0.9605727;0.030591488;-0.24371218
218040553;342.3125;7600;-17219;0.961592464;0.028552056;-0.24371218
218080628;342.3125;7600;-17219;0.96363184;0.022433758;-0.242692468
218103787;342.3125;7600;-17219;0.96261216;0.02447319;-0.237593884
218130747;342.3125;7600;-17219;0.961592464;0.02753234;-0.237593884
218153390;342.3125;7600;-17219;0.96363184;0.028552056;-0.24065304
218177089;342.3125;7600;-17219;0.96261216;0.028552056;-0.242692468
218201089;342.3125;7600;-17219;0.96363184;0.028552056;-0.24575162
218222845;342.3125;7600;-17219;0.961592464;0.026512622;-0.24677134
218250972;342.3125;76760.02753234;-0.24371218
218273039;342.3125;7600;-17219;0.9646516;0.023453474;-0.2386136
218298423;342.3125;7600;-17219;0.961592464;0.026512622;-0.242692468
218321005;342.3125;7600;-0u_lsm6dso32.csv@218322818;1.012112;0.008784;0.0;-105;28;-98;1
218350645;342.3125;7600;-17219;0.96261216;0.0285520567
218372113;342.3125;7600;-17219;0.96261216;0.028552056;-0.24167276
218400233;342.3125;7600;-17219;0.961592464;0.025492906;-0.24065304
218430466;342.3125;7600;-17219;0.959553;0.026512622;-0.242692468
218453204;342.3125;7600;-17219;0.9605727;0.029571772;-0.24065304
218494290;342.3125;7600;-17219;0.96363184;0.026512622;-0.242692468
218516227;342.3125;7600;-17219;0.9605727;0.02753234;-0.24167276
218550519;342.3125;7600;-17219;0.96261216;0.02753277;42;-105;1
218573588;342.3125;7600;-17219;0.96363184;0.02753234;-0.23963332
218600323;342.3125;7600;-17219;0.9646516;0.026512622;-0.24167276
218660618;342.3125;7600;-17219;0.9605727;0.025492906;-0.2447319
218683371;342.3125;7600;-17219;0.961592464;0.023453474;-0.24167276
218715956;342.3156;-0.23963332
218744193;342.3125;7600;-17219;0.961592464;0.030591488;-0.24371218
218766887;342.3125;7600;-17219;0.9605727;0.030591488;-0.24371218
218790880;342.3125;7600;-17219;0.96363184;0.029571772;-0.242692468
218813776;342.3125;7600;-17219;0.961592464;0.02753234;-0.24371218
218850557;342.3125;7600;-17219;0.96261216;0.025492.0101_000005_192721_airspeed_sdp810.csv@218852500;80;116;4264
218872172;342.3125;7600;-17219;0.96261216;0.02753234;-0.24167276
218894516;342.3125;7600;-17219;0.9605727;0.026512622;-0.24371218
218916486;342.3125;7600;-17219;0.961592464;0.031611204;-0.24371218
218966064;342.3125;7600;-17219;0.961592464;0.023453474;-0.24167276
218991191;342.3125;7600;-17219;0.96363184;0.025492906;-0.237593884
219016493;342.3125;7600;-17219;0.96363184;0.025492906;-0.237593884
219050622;342.3125;7600;-17219;0.96261216;0.02753234;-5@20000101_000005_192721_imu_lsm6dso32.csv@219057699;1.014064;0.010736;-0.001952;-63;35;-105;1
219072350;342.3125;7600;-17219;0.9605727;0.030591488;-0.24677134
219094250;342.3125;7600;-17219;0.9605727;0.029571772;-0.24677134
219130186;342.3125;7600;-17219;0.96363184;0.026512622;-0.23963332
219152808;342.3125;7600;-17219;0.961592464;0.02753234;-0.23657418
219180162;342.3125;7600;-17219;0.961592464;0.025492906;-0.23963332
219202760;342.3125;7600;-17219;0.96363184;0.02753234;-0.24575162
219260669;342.3125;7600;-17219;0.961592464;0.029571772;-0.23963332
219283416;342.3125;7600;-17219;0.96261216;0.02447319;-0.23657418
219306645;342.3125;7600;-17219;0.96261216;0.025492906;-0.23963332
219330764;342.3125;7600;-17219;0.96261216;0.025492906;-0.242692468
219400804;342.3125;7600;-17219;0.961592464;0.030591488;-0.242692468
219430767;342.3125;7600;-17219;0.9605727;0.026512622;-0.23657418
219460673;342.3125;7600;-17219;0.96363184;0.025492906;-0.23963332
219483203;342.3125;7600;-17219;0.961592464;0.026512622;-0.2447319
219506004;342.3125;7600;-17219;0.96363184;0.025492906;-0.24677134
219530780;342.3125;7600;-17219;0.96261216;0.026512622;-0.24677134
219590520;342.3125;7600;-17219;0.961592464;0.02447319;-0.23351502
219616535;342.3125;7600;-17219;0.96261216;0.025492906;-0.23963332
219640870;342.3125;7600;-17219;0.961592464;0.025492906;-0.2447319
219662782;342.3125;7600;-17219;0.961592464;0.026512622;-0.2447319
219690503;342.3125;7600;-17219;0.96261216;0.025492906;-0.247791052
219711674;342.3125;7600;-17219;0.96261216;0.029571772;-0.2386136
219740500;342.3125;7600;-17219;0.9646516;0.030591488;-0.23555446
219762288;342.3125;7600;-17219;0.961592464;0.025492906;-0.24065304
219843276;342.3125;7600;-17219;0.96261216;0.025492906;-0.24371218
219865483;342.3125;7600;-17219;0.96363184;0.028552056;-0.2386136
219890648;342.3125;7600;-17219;0.96261216;0.028552056;-0.2386136
219913113;342.3125;7600;-17219;0.961592464;0.02753234;-0.23963332
219942914;342.3125;7600;-17219;0.9605727;0.025492906;-0.242692468
219965358;342.3125;7600;-17219;0.961592464;0.02447319;-0.24677134
219990644;342.3125;7600;-17219;0.96261216;0.02447319;-0.24371218
220011704;342.3125;7600;-17219;0.9646516;0.02753234;-0.23963332
220043742;342.3125;7600;-17219;0.96363184;0.028552056;-0.23963332
220066458;342.3125;7600;-17219;0.96363184;0.02447319;-0.23963332
220090739;342.3125;7600;-17219;0.9646516;0.02753234;-0.2447319
220115804;342.3125;7600;-17219;0.96261216;0.02447319;-0.2447319
220141158;342.3125;7600;-17219;0.961592464;0.02447319;-0.24065304
220162697;342.3125;7600;-17219;0.9656713;0.029571772;-0.237593884
220200570;342.3125;7600;-17219;0.961592464;0.028552056;-0.237593884
220240480;342.3125;7600;-17219;0.96363184;0.02753234;-0.24371218
220283605;342.3125;7600;-17219;0.959553;0.02447319;-0.2447319
220310816;342.3125;7600;-17219;0.96261216;0.02447319;-0.24575162
220340565;342.3125;7600;-17219;0.96363184;0.028552056;-0.23963332
220362157;342.3125;7600;-17219;0.9646516;0.030591488;-0.242692468
220383926;342.3125;7600;-17219;0.961592464;0.028552056;-0.24575162
220410597;342.3125;7600;-17219;0.959553;0.02753234;-0.2447319
220440535;342.3125;7600;-17219;0.96363184;0.026512622;-0.23657418
220462595;342.3125;7600;-17219;0.961592464;0.02447319;-0.23657418
220485349;342.3125;7600;-17219;0.96261216;0.02447319;-0.2386136
220516519;342.3125;7600;-17219;0.96261216;0.029571772;-0.24371218
220540634;342.3125;7600;-17219;0.96261216;0.031611204;-0.247791052
220562145;342.3125;7600;-17219;0.96261216;0.02753234;-0.24167276
220584012;342.3125;7600;-17219;0.96363184;0.023453474;-0.237593884
220610650;342.3125;7600;-17219;0.96363184;0.021414042;-0.23657418
220632693;342.3125;7600;-17219;0.9605727;0.02447319;-0.24167276
220660809;342.3125;7600;-17219;0.961592464;0.029571772;-0.24677134
220683063;342.3125;7600;-17219;0.9605727;0.03263092;-0.24677134
220721025;342.3125;7600;-17219;0.96363184;0.030591488;-0.24065304
220774433;342.3125;7600;-17219;0.96261216;0.021414042;-0.23657418
220830701;342.3125;7600;-17219;0.9605727;0.031611204;-0.25288964
220860667;342.3125;7600;-17219;0.96261216;0.033650636;-0.24575162
220890767;342.3125;7600;-17219;0.96363184;0.02753234;-0.232495316
220916345;342.3125;7600;-17219;0.961592464;0.02447319;-0.232495316
220940735;342.3125;7600;-17225;0.96261216;0.023453474;-0.2386136
220976406;342.3125;7600;-17225;0.959553;0.025492906;-0.25288964
221000945;342.3125;7600;-17225;0.9605727;0.030591488;-0.24983048
221030729;342.3125;7600;-17225;0.96261216;0.02753234;-0.23453474
221060718;342.3125;7600;-17225;0.9646516;0.023453474;-0.2314756
221090573;342.3125;7600;-17225;0.96261216;0.021414042;-0.2386136
221114771;342.3125;7600;-17225;0.9605727;0.022433758;-0.25186992
221140848;342.3125;7600;-17225;0.9605727;0.028552056;-0.25288964
221162970;342.3125;7600;-17225;0.961592464;0.031611204;-0.24575162
221240656;342.3125;7600;-17225;0.96261216;0.022433758;-0.23657418
221263161;342.3125;7593;-17225;0.96261216;0.021414042;-0.248810768
221290799;342.3125;7593;-17225;0.961592464;0.02753234;-0.25186992
221316387;342.3125;7593;-17225;0.959553;0.031611204;-0.24575162
221340623;342.3125;7593;-17225;0.96363184;0.031611204;-0.23963332
221367215;342.3125;7593;-17225;0.96261216;0.028552056;-0.22943616
221390919;342.3125;7593;-17225;0.96363184;0.023453474;-0.23045588
221412857;342.3125;7593;-17225;0.96363184;0.018354892;-0.2447319
221441852;342.3125;7593;-17225;0.9605727;0.023453474;-0.25288964
221466377;342.3125;7593;-17225;0.96363184;0.028552056;-0.248810768
221500351;342.3125;7593;-17225;0.961592464;0.036709784;-0.23963332
221533738;342.3125;7593;-17225;0.96363184;0.02753234;-0.2314756
221560490;342.3125;7593;-17225;0.96363184;0.022433758;-0.24167276
221582676;342.3125;7593;-17225;0.96261216;0.017335176;-0.247791052
221610459;342.3125;7593;-17225;0.9605727;0.025492906;-0.24983048
221640646;342.3125;7593;-17225;0.96363184;0.031611204;-0.23963332
221690707;342.3125;7593;-17225;0.96261216;0.031611204;-0.23657418
221718406;342.3125;7593;-17225;0.96261216;0.020394326;-0.2447319
221740838;342.3125;7593;-17225;0.959553;0.0193746092;-0.2508502
221762920;342.3125;7593;-17225;0.9605727;0.023453474;-0.24575162
221790615;342.3125;7593;-17225;0.96363184;0.025492906;-0.2386136
221813990;342.3125;7593;-17225;0.96363184;0.03569007;-0.23045588
221850412;342.3125;7593;-17225;0.96363184;0.030591488;-0.23657418
221883845;342.3125;7593;-17225;0.959553;0.0193746092;-0.2508502
221910765;342.3125;7593;-17225;0.96261216;0.017335176;-0.247791052
221932836;342.3125;7593;-17225;0.96261216;0.026512622;-0.2386136
221960742;342.3125;7593;-17225;0.961592464;0.030591488;-0.237593884
221983392;342.3125;7593;-17225;0.96363184;0.034670352;-0.23657418
222011224;342.3125;7593;-17225;0.96363184;0.026512622;-0.24575162
222040410;342.3125;7593;-17225;0.96261216;0.020394326;-0.24677134
222061880;342.3125;7593;-17225;0.96261216;0.02447319;-0.247791052
222083776;342.3125;7593;-17225;0.96261216;0.025492906;-0.23963332
222110651;342.3125;7593;-17225;0.96261216;0.026512622;-0.23963332
222150656;342.3125;7593;-17225;0.96261216;0.033650636;-0.2386136
222172517;342.3125;7593;-17225;0.961592464;0.026512622;-0.2447319
222196003;342.3125;7593;-17225;0.961592464;0.022433758;-0.24983048
222217844;342.3125;7593;-17225;0.959553;0.023453474;-0.24983048
222240773;342.3125;7593;-17225;0.96363184;0.025492906;-0.23963332
222262755;342.3125;7593;-17225;0.96363184;0.026512622;-0.2314756
222290233;342.3125;7593;-17225;0.961592464;0.031611204;-0.23453474
222311720;342.3125;7593;-17225;0.96261216;0.029571772;-0.2447319
222332666;342.3125;7593;-17225;0.96261216;0.02447319;-0.24983048
222353870;342.3125;7593;-17225;0.9605727;0.02447319;-0.24677134
222380646;342.3125;7593;-17225;0.96261216;0.025492906;-0.24065304
222401708;342.3125;7593;-17225;0.96261216;0.025492906;-0.23453474
222425739;342.3125;7593;-17225;0.96261216;0.02753234;-0.23045588
222450615;342.3125;7593;-17225;0.96261216;0.031611204;-0.242692468
222472118;342.3125;7593;-17225;0.961592464;0.029571772;-0.2508502
222500340;342.3125;7593;-17225;0.961592464;0.020394326;-0.24983048
222572968;342.3125;7593;-17225;0.9605727;0.031611204;-0.2386136
222600266;342.3125;7593;-17225;0.961592464;0.03569007;-0.247791052
222623169;342.3125;7593;-061592464;0.034670352;-0.25288964
222650123;342.3125;7593;-17225;0.96261216;0.023453474;-0.2508@1_000005_192721_airspeed_sdp810.csv@222653079;-112;0;4263
222671803;342.3125;7593;-17225;0.96261216;0.022433758;-0.2386136
222700267;342.3125;7593;-17225;0.96363184;0.020394326;-0.237593884
222730231;342.3125;7593;-17225;0.96363184;0.025492906;-0.24065304
222751796;342.3125;7593;-;162
222773751;342.3125;7593;-17225;0.96261216;0.028552056;-0.24575162
222800498;342.3125;7593;-17219;0.959553;0.020394326;-0.242692468
222830412;342.3125;7593;-17219;0.961592464;0.020394326;-0.24167276
222860841;342.3125;7593;-17219;0.96363184;0.02447319;-0.24065304
222883172;342.3125;7593;-17219;0.9656713;0.02753234;-0.237593884
222910507;342.3125;7593;-17219;0.9646516;0.028552056;-0.23453474
222940411;342.3125;7593;-17219;0.961592464;0.029571772;-0.23657418
222966964;342.3125;7593;-17219;0.96261216;0.02447319;-0.24677134
223011879;342.3125;7593;-17219;0.96363184;0.031611204;-0.242692468
223044027;342.3125;7593;-17225;0.96363184;0.028552056;-0.2386136
223065743;342.3125;7593;-17225;0.96363184;0.030591488;-0.237593884
223090453;342.3125;7593;-17225;0.959553;0.028552056;-0.24371218
223117982;342.3125;7593;-17225;0.959553;0.026512622;-0.2508502
223149925;342.3125;7593;-17225;0.9605727;0.0265@0;-55;0;4262
223171832;342.3125;7593;-17225;0.959553;0.033650636;-0.2386136
223200256;342.3125;7593;-17225;0.9605727;0.031611204;-0.24065304
223222010;342.3125;7593;-@20000101_000005_192721_power_ina226.csv@223224423;3926;508;1975;0
223243947;342.3125;7593;-17225;0.9585333;0.028552056;-0.24677134
223265683;342.3125;7593;-17225;0.96261216;0.025492906;-0.24677134
223290469;342.3125;7593;-17219;0.961592464;0.022433758;-0.24371218
223311678;342.3125;7593;-17219;0.9646516;0.030591488;-0.23657418
223340302;342.375;7593;-17219;0.96261216;0.030591488;-0.23351502
223362168;342.375;7593;-17219;0.96261216;0.029571772;-0.2386136
223384312;342.375;7593;-17219;0.961592464;0.030591488;-0.24167276
223427924;342.375;7593;-17219;0.9605727;0.022433758;-0.242692468
223451064;342.375;7593;-10000101_000005_192721_accel_adxl375.csv@223452756;1.7639999;0.098;0.196;1
223473180;342.375;7593;-17219;0.9646516;0.028552056;-0.23351502
223500259;342.375;7593;-17219;0.961592464;0.029571772;-0.23453474
223530197;342.375;7593;-17219;0.96261216;0.031611204;-0.24167276
223560648;342.375;7593;-17219;0.961592464;0.029571772;-0.24677134
223586736;342.375;7593;-1000101_000005_192721_airspeed_sdp810.csv@223590196;-142;0;4262
223616885;342.375;7593;-17219;0.96261216;0.018354892;-0.23453474
223643176;342.375;7593;-17219;0.96261216;0.023453474;-0.23351502
223666953;342.375;7593;-17219;0.961592464;0.031611204;-0.2386136
223691269;342.375;7593;-17219;0.961592464;0.031611204;-0.26002764
223716354;342.375;7593;-17219;0.959553;0.029571772;-0.2569685
223740444;342.375;7593;-17219;0.96363184;0.025492906;-0.24677134
223762418;342.375;7593;-17219;0.96363184;0.020394326;-0.22739672
223783971;342.375;7593;-17219;0.961592464;0.021414042;-0.22841644
223814838;342.375;7593;-17219;0.9605727;0.026512622;-0.24677134
223840336;342.375;7593;-17219;0.9605727;0.031611204;-0.2579882
223862972;342.375;7593;-17219;0.959553;0.031611204;-0.25492908
223900787;342.4375;7600;-17213;0.9646516;0.030591488;-0.23045588
223930595;342.4375;7600;-17213;0.96363184;0.023453474;-0.2253573
223958674;342.4375;7600;-17213;0.961592464;0.023453474;-0.23963332
223981333;342.4375;7600;-17207;0.9605727;0.030591488;-0.24677134
224003562;342.4375;7600;-17207;0.96363184;0.03263092;-0.248810768
224029937;342.4375;7600;-17207;0.9646516;0.030591488;-0.2386136
224060610;342.4375;7600;-17207;0.9646516;0.026512622;-0.232495316
224081821;342.4375;7600;-17207;0.96363184;0.022433758;-0.23045588
224110355;342.4375;7600;-17207;0.96261216;0.021414042;-0.23657418
224140219;342.4375;7600;-17213;0.96261216;0.02447319;-0.247791052
224163805;342.4375;7600;-17213;0.96363184;0.029571772;-0.248810768
224190257;342.4375;7600;-17213;0.961592464;0.029571772;-0.23963332
224211735;342.4375;7600;-17213;0.96261216;0.029571772;-0.23453474
224236334;342.4375;7600;-17213;0.96261216;0.025492906;-0.2314756
224317866;342.4375;7593;-17213;0.9605727;0.025492906;-0.2508502
224341070;342.4375;7600;-17213;0.96261216;0.03263092;-0.23963332
224363194;342.4375;7600;-17213;0.9646516;0.028552056;-0.2314756
224390264;342.4375;7600;-17213;0.96261216;0.031611204;-0.23555446
224413601;342.4375;7593;-17213;0.961592464;0.023453474;-0.24575162
224440298;342.4375;7593;-17213;0.9646516;0.022433758;-0.2447319
224470751;342.4375;7593;-17213;0.96261216;0.028552056;-0.247791052
224495665;342.4375;7593;-17213;0.96261216;0.03263092;-0.24371218
224520625;342.4375;7593;-17213;0.9646516;0.031611204;-0.232495316
224572189;342.4375;7593;-17213;0.96363184;0.022433758;-0.23555446
224600339;342.4375;7593;-17213;0.9605727;0.022433758;-0.2508502
224630622;342.4375;7593;-17213;0.961592464;0.026512622;-0.24575162
224652153;342.4375;7593;-17213;0.961592464;0.029571772;-0.242692468
224675478;342.4375;7593;-17213;0.96261216;0.02753234;-0.22943616
224700451;342.4375;7593;-17213;0.96363184;0.031611204;-0.23045588
224730385;342.4375;7593;-17213;0.96363184;0.02447319;-0.237593884
224780621;342.4375;7593;-6_000005_192721_imu_lsm6dso32.csv@224788237;1.012112;0.010736;0.000976;-63;91;-133;1
224803803;342.4375;7593;-17219;0.959553;0.028552056;-0.24677134
224840461;342.4375;7593;-17219;0.96363184;0.036709784;-0.22841644
224862721;342.4375;7593;-17219;0.96363184;0.025492906;-0.22943616
224890035;342.4375;7587;-17219;0.96261216;0.022433758;-0.24065304
224917056;342.4375;7587;-m4920657;1.012112;0.008784;-0.01464;-35;70;-126;1
224972130;342.4375;7593;-17219;0.9646516;0.033650636;-0.22943616
225010235;342.4375;7593;-17219;0.9656713;0.033650636;-0.226377008
225034086;342.4375;7593;-17219;0.96363184;0.02447319;-0.23657418
225060436;342.5;7593;-17219;0.959553;0.0193746092;-0.25288964
225081864;342.5;7593;-17219;0.961592464;0.023453474;-0.25288964
225104171;342.5;7593;-17219;0.961592464;0.023453474;-0.24677134
225130606;342.5;7593;-17219;0.96363184;0.030591488;-0.23555446
225153174;342.5;7593;-17219;0.96363184;0.030591488;-0.22739672
225180313;342.5;7593;-17219;0.96363184;0.023453474;-0.2314756
225202980;342.5;7593;-17219;0.9605727;0.020394326;-0.247791052
225250627;342.5;7593;-17219;0.96261216;0.026512622;-0.248810768
225279920;342.5;7593;-17219;0.96261216;0.02753234;-0.24065304
225301902;342.5;7593;-17219;0.96363184;0.029571772;-0.237593884
225330346;342.5;7593;-17219;0.96363184;0.031611204;-0.23657418
225351840;342.5;7593;-1721
225375443;342.5;7593;-17219;0.96261216;0.025492906;-0.248810768
225400386;342.5;7593;-17219;0.9605727;0.02753234;-0.242692468
225430346;342.5;7593;-17219;0.96363184;0.02447319;-0.23963332
225453237;342.5;7593;-17219;0.9646516;0.029571772;-0.23453474
225480266;342.5;7593;-17219;0.96261216;0.03263092;-0.2386136
225510360;342.5;7593;-17219;0.961592464;0.028552056;-0.24167276
225532123;342.5;7593;-17219;0.96261216;0.02447319;-0.242692468
225559766;342.5;7593;-17219;0.9605727;0.02447319;-0.247791052
225582581;342.5;7593;-17219;0.961592464;0.026512622;-0.24167276
225610201;342.5;7593;-17219;0.96261216;0.028552056;-0.2386136
225633507;342.5;7593;-17219;0.961592464;0.030591488;-0.24065304
225660273;342.5;7593;-17219;0.96261216;0.026512622;-0.24167276
225710983;342.5;7593;-17219;0.961592464;0.026512622;-0.24167276
225733340;342.5;7593;-17219;0.961592464;0.023453474;-0.24371218
225785856;342.5;7593;-17219;0.961592464;0.029571772;-0.24065304
225816442;342.5;7593;-17219;0.96261216bmp280.csv@225818721;-31.601596;37.87;101705.16;4.235565
225844395;342.5;7593;-17219;0.959553;0.028552056;-0.2508502
225865722;342.5;7593;-17219;0.96363184;0.029571772;-0.24167276
225890329;342.5;7593;-17219;0.961592464;0.02753234;-0.2386136
225913436;342.5;7593;-17219;0.96261216;0.025492906;-0.2386136
225971744;342.5;7593;-17219;0.961592464;0.029571772;-0.24371218
225994043;342.5;7593;-17219;0.959553;0.03263092;-0.24983048
226017166;342.5;7593;-17219;0.96363184;0.02447319;-0.242692468
226049975;342.5;7593;-17219;0.9656713;0.0193746092;-0.2314756
226071809;342.5;7593;-17219;0.96363184;0.020394326;-0.23555446
226093684;342.5;7593;-17219;0.96261216;0.025492906;-0.242692468
226117858;342.5;7593;-17219;0.9605727;0.028552056;-0.24677134
226160424;342.5;7593;-17219;0.96261216;0.031611204;-0.24983048
226182081;342.5;7593;-17219;0.96363184;0.023453474;-0.23351502
226204014;342.5;7593;-17219;0.96363184;0.018354892;-0.23045588
226230039;342.5;7593;-17219;0.9646516;0.020394326;-0.23351502
226253704;342.5;7593;-17219;0.961592464;0.026512622;-0.24167276
226280287;342.5;7593;-17219;0.961592464;0.030591488;-0.24983048
226301849;342.5;7593;-17219;0.9605727;0.03263092;-0.25288964
226330547;342.5;7593;-17219;0.96363184;0.031611204;-0.24167276
226352062;342.5;7593;-17219;0.9646516;0.025492906;-0.23045588
226381977;342.5;7593;-17219;0.961592464;0.023453474;-0.23045588
226413825;342.5;7593;-17219;0.959553;0.028552056;-0.2508502
226440764;342.5;7593;-17219;0.959553;0.033650636;-0.26002764
226463953;342.5;7593;-17219;0.961592464;0.03263092;-0.242692468
226490262;342.5;7593;-17213;0.96363184;0.028552056;-0.23351502
226512532;342.5;7593;-17213;0.96363184;0.023453474;-0.221278432
226561112;342.5;7593;-17213;0.959553;0.02447319;-0.24677134
226590305;342.5;7593;-17213;0.9605727;0.025492906;-0.2579882
226614479;342.5;7593;-17219;0.961592464;0.029571772;-0.24167276
226640242;342.5;7593;-17213;0.96363184;0.029571772;-0.22739672
226661982;342.5;7593;-17213;0.9646516;0.025492906;-0.221278432
226686084;342.5;7600;-17219;0.96261216;0.023453474;-0.22739672
226710487;342.5;7593;-17219;0.959553;0.023453474;-0.2508502
226740243;342.5;7593;-17219;0.959553;0.02753234;-0.26104736
226761926;342.5;7593;-17225;0.9605727;0.030591488;-0.24575162
226784404;342.5;7593;-17225;0.9646516;0.03263092;-0.22739672
226810194;342.5;7593;-17225;0.9646516;0.031611204;-0.22229814
226831965;342.5;7593;-17225;0.96363184;0.028552056;-0.23453474
226854394;342.5;7593;-17225;0.959553;0.020394326;-0.24983048
226880103;342.4375;7593;-17225;0.959553;0.021414042;-0.25900792
226901868;342.4375;7587;-17232;0.959553;0.030591488;-0.2569685
226930234;342.4375;7587;-17238;0.9605727;0.033650636;-0.24065304
226960336;342.4375;7593;-17232;0.96261216;0.030591488;-0.23045588
227010840;342.4375;7593;-152;-0.2508502
227033133;342.375;7587;-17244;0.959553;0.0193746092;-0.2579882
227057180;342.375;7587;-17244;0.961592464;0.02447319;-0.25186992
227080458;342.375;7593;-17244;0.96363184;0.034670352;-0.23963332
227102795;342.375;7593;-17244;0.9656713;0.034670352;-0.22433758
227132090;342.4375;7593;-17244;0.96363184;0.022433758;-0.226377008
227160318;342.375;7593;-17244;0.961592464;0.01631546;-0.242692468
227184249;342.375;7593;-17250;0.959553;0.018354892;-0.25390936
227210448;342.375;7593;-17250;0.961592464;0.025492906;-0.25390936
227239973;342.375;7593;-17244;0.96363184;0.034670352;-0.232495316
227262154;342.375;7593;-17244;0.96771068;0.0377295;-0.22433758
227284434;342.375;7593;-17244;0.96363184;0.03263092;-0.22433758
227310206;342.375;7593;-17244;0.96261216;0.023453474;-0.242692468
227333339;342.375;7587;-17250;0.959553;0.020394326;-0.25900792
227360332;342.375;7587;-17250;0.9575136;0.021414042;-0.25390936
227381841;342.375;7587;-17250;0.96261216;0.029571772;-0.23657418
227430177;342.375;7587;-17250;0.96363184;0.0387492184;-0.22943616
227453738;342.3;84;0.02447319;-0.242692468
227480190;342.375;7587;-17257;0.959553;0.0193746092;-0.24983048
227501650;342.3125;7581;-17263;0.95649384;0.017335176;-0.25390936
227522914;342.3125;7581;-17263;0.961592464;0.023453474;-0.247791052
227560636;342.3125;7581;-17263;0.9646516;0.030591488;-0.23453474
227583897;342.3125;7581;-17263;0.96363184;0.03263092;-0.22943616
227613738;342.3125;7581;-17263;0.96261216;0.02753234;-0.242692468
227640350;342.3125;7581;-17269;0.9585333;0.0193746092;-0.25594878
227670352;342.3125;7581;-17269;0.959553;0.017335176;-0.25288964
227693959;342.25;7581;-17269;0.96261216;0.023453474;-0.23657418
227718434;342.3125;7581;-17269;0.9656713;0.028552056;-0.22841644
227740587;342.3125;7581;-17269;0.9646516;0.03263092;-0.22841644
227762217;342.3125;7581;-17263;0.96363184;0.031611204;-0.2447319
227785846;342.3125;7581;-17263;0.961592464;0.026512622;-0.2508502
227817949;342.3125;7589;0.96261216;0.023453474;-0.24983048
227841019;342.3125;7587;-17269;0.961592464;0.021414042;-0.23453474
227862931;342.3125;7587;-17269;0.96363184;0.025492906;-0.226377008
227910853;342.3125;7587;-17269;0.96261216;0.031611204;-0.24167276
227972581;342.3125;7587;-17269;0.96261216;0.021414042;-0.24065304
228010125;342.3125;7587;-17269;0.96363184;0.022433758;-0.23453474
228043835;342.25;7587;-17275;0.961592464;0.02753234;-0.24065304
228067222;342.25;7587;-17275;0.96261216;0.031611204;-0.2447319
228090614;342.25;7587;-17275;0.9605727;0.031611204;-0.247791052
228113482;342.25;7587;-17275;0.961592464;0.02753234;-0.2447319
228143840;342.25;7587;-17275;0.96261216;0.022433758;-0.24371218
228170008;342.25;7587;-17275;0.96261216;0.021414042;-0.23657418
228200026;342.25;7587;-17275;0.96363184;0.026512622;-0.23963332
228226802;342.25;7587;-17275;0.96363184;0.031611204;-0.24167276
228260426;342.25;7587;-17275;0.961592464;0.029571772;-0.247791052
228283165;342.25;7587;-17275;0.9646516;0.025492906;-0.24167276
228310628;342.3125;7587;-17275;0.96363184;0.020394326;-0.23453474
228333699;342.3125;7587;-17269;0.961592464;0.02447319;-0.232495316
228386825;342.3125;7587;-17269;0.96261216;0.028552056;-0.237593884
228417309;342.25;7587;-17275;0.96363184;0.026512622;-0.23963332
228472634;342.25;7587;-17275;0.9656713;0.023453474;-0.24065304
228493696;342.25;7587;-17275;0.961592464;0.026512622;-0.24065304
228529984;342.1875;7587;-17275;0.96261216;0.025492906;-0.24167276
228552995;342.1875;7587;-17282;0.96261216;0.031611204;-0.242692468
228580000;342.1875;7587;-17282;0.959553;0.02753234;-0.24575162
228601846;342.1875;7587;-17282;0.96363184;0.025492906;-0.248810768
228630179;342.1875;7587;-17282;0.959553;0.023453474;-0.248810768
228660817;342.125;7587;-17282;0.961592464;0.022433758;-0.2447319
228700368;342.125;7587;-17282;0.96363184;0.031611204;-0.23657418
228730318;342.125;7587;-17282;0.9605727;0.029571772;-0.24575162
228760380;342.125;7587;-17282;0.9605727;0.029571772;-0.2508502
228782545;342.1875;7587;-17282;0.961592464;0.021414042;-0.24677134
228810156;342.1875;7587;-17282;0.96363184;0.02447319;-0.23963332
228850637;342.1875;7587;-17282;0.96363184;0.025492906;-0.234534@20000101_000005_192721_accel_adxl375.csv@228856285;1.7639999;0.147;0.196;1
228880196;342.1875;7587;-17282;0.96363184;0.02753234;-0.2386136
228901834;342.1875;7587;-17282;0.96363184;0.02447319;-0.2447319
228930032;342.1875;7587;-17282;0.96363184;0.02447319;-0.24167276
228960441;342.1875;7587;-17282;0.96261216;0.023453474;-0.23555446
228983315;342.1875;7587;-17282;0.96261216;0.026512622;-0.232495316
229010334;342.1875;7587;-17282;0.96363184;0.030591488;-0.23045588
229040031;342.1875;7587;-17282;0.961592464;0.031611204;-0.242692468
229063134;342.1875;7587;-17282;0.9585333;0.028552056;-0.25288964
229090133;342.1875;7587;-17282;0.961592464;0.022433758;-0.24677134
229111774;342.1875;7587;-17282;0.96261216;0.021414042;-0.232495316
229150042;342.1875;7587;-17275;0.9646516;0.03467035@20000101_000005_192721_accel_adxl375.csv@229155762;1.7639999;0.196;0.196;1
229172943;342.1875;7587;-17282;0.9605727;0.029571772;-0.242692468
229221881;342.125;7581;-12464;0.028552056;-0.248810768
229250253;342.125;7581;-13;0;4265
229293329;342.125;7581;-17288;0.96363184;0.028552056;-0.23555446
229320596;342.0625;7581;-22386136
229350155;342.125;7581;-17288;0.9605727;0.028552056;-0.248810768
229373633;342.125;7581;-17288;0.96261216;0.033650636;-0.24983048
229396546;342.125;7581;-17282;0.9605727;0.02753234;-0.242692468
229419826;342.125;7587;-100.23453474
229442963;342.125;7587;-17288;0.96363184;0.02447319;-0.22943616
229464891;342.125;7587;-17288;0.96363184;0.026512622;-0.2314756
229490065;342.125;7587;-17288;0.9585333;0.028552056;-0.247791052
229513479;342.125;7587;-17288;0.96363184;0.03263092;-0.25288964
229540178;342.125;7587;-17282;0.9646516;0.034670352;-0.2447319
229562447;342.125;7587;-17282;0.96363184;0.020394326;-0.2314756
229583816;342.125;7587;-17288;0.9646516;0.021414042;-0.22739672
229610292;342.125;7587;-17288;0.96363184;0.0193746092;-0.22739672
229639694;342.0625;7581;-17288;0.961592464;0.02447319;-0.24575162
229660782;342.0625;7581;-17294;0.959553;0.031611204;-0.25492908
229683047;342.0625;7581;-17294;0.9585333;0.0377295;-0.26104736
229742551;342.0625;7581;-17294;0.96363184;0.01631546;-0.22433758
229764331;342.0625;7581;-17294;0.96363184;0.015295744;-0.22841644
229789983;342.0625;7581;-17294;0.96261216;0.020394326;-0.23657418
229811894;342.0;7575;-17294;0.959553;0.030591488;-0.2630868
229839527;342.0;7575;-17288;0.95649384;0.0377295;-0.2641065
229884124;342.0;7581;-17288;0.9656713;0.02753234;-0.23045588
229917905;342.0;7581;-17288;0.96363184;0.02243375@58;-405;0;4265
229941572;342.0;7581;-17288;0.961592464;0.018354892;-0.24677134
229963683;342.0;7581;-17288;0.95649384;0.025492906;-0.2579882
229989808;342.0;7581;-17288;0.9585333;0.031611204;-0.25900792
230016353;342.0;7581;-17288;0.9646516;0.0377295;-0.242692468
230041738;342.0625;7581;-17288;0.9646516;0.029571772;-0.22331786
230073773;342.0625;7581;-17294;0.966691;0.01631546;-0.22331786
230130084;342.0625;7581;-17288;0.9585333;0.01631546;-0.2569685
230170275;342.0;7581;-17288;0.959553;0.04078865;-0.24575162
230192316;342.0;7581;-17288;0.966691;0.034670352;-0.226377008
230213775;342.0;7581;-17288;0.966691;0.028552056;-0.21719956
230240094;342.0;7581;-17288;0.9646516;0.020394326;-0.22943616
230261670;342.0;7575;-17288;0.959553;0.0193746092;-0.2579882
230283878;342.0;7575;-17288;0.9575136;0.021414042;-0.25900792
230310064;342.0;7575;-17288;0.9605727;0.033650636;-0.25492908
230332428;342.0;7575;-17288;0.96363184;0.04078865;-0.23045588
230358672;342.0;7575;-17288;0.966691;0.033650636;-0.219239
230385372;342.0;7575;-1726;0.025492906;-0.2386136
230416439;342.0;7575;-17288;0.9544544;0.018354892;-0.26104736
230440097;342.0;7575;-17294;0.9605727;0.018354892;-0.26104736
230462701;341.9375;7575;-17294;0.96261216;0.03263092;-0.24575162
230489927;341.9375;7575;-17294;0.96771068;0.033650636;-0.22331786
230512060;341.9375;7575;-17294;0.9646516;0.031611204;-0.22331786
230539875;341.9375;7575;-17294;0.961592464;0.02447319;-0.24167276
230582638;341.9375;7575;-17300;0.959553;0.020394326;-0.25390936
230610782;341.9375;7575;-17300;0.96261216;0.023453474;-0.247791052
230634943;341.9375;7575;-17300;0.96771068;0.033650636;-0.226377008
230661935;342.0;7575;-17294;0.96363184;0.034670352;-0.22433758
230690536;342.0;7575;-17294;0.96261216;0.028552056;-0.23963332
230723752;342.0;7575;-17294;0.9605727;0.021414042;-0.25594878
230750288;342.0;7575;-17294;0.961592464;0.017335176;-0.25390936
230773423;342.0;7575;-17294;0.96261216;0.029571772;-0.23351502
230799663;341.9375;7575;-17300;0.966691;0.031611204;-0.2314756
230829770;341.9375;7575;-17300;0.9656713;0.034670352;-0.232495316
230860098;341.9375;7575;-17300;0.9605727;0.031611204;-0.25390936
230883681;341.9375;7575;-17300;0.9585333;0.018354892;-0.2508502
230971243;341.9375;7575;-17300;0.96261216;0.02753234;-0.2386136
230992649;341.9375;7575;-17307;0.961592464;0.02753234;-0.24677134
231030247;341.9375;7568;-17307;0.9605727;0.023453474;-0.25288964
231052707;341.9375;7568;-17307;0.961592464;0.013256311;-0.2447319
231079739;341.875;7575;-17307;0.96363184;0.020394326;-0.232495316
231101858;341.875;7575;-17307;0.96363184;0.030591488;-0.22841644
231123789;341.875;7575;-17307;0.96363184;0.031611204;-0.23351502
231149924;341.875;7568;-17307;0.96261216;0.03263092;-0.247791052
231171725;341.875;7568;-17307;0.961592464;0.028552056;-0.25288964
231196036;341.875;7568;-17307;0.9605727;0.025492906;-0.25288964
231219772;341.875;7568;-176447319;-0.24371218
231244092;341.875;7575;-17307;0.9656713;0.031611204;-0.23045588
231266543;341.875;7575;-17307;0.9646516;0.031611204;-0.22739672
231290083;341.875;7575;-17307;0.96363184;0.025492906;-0.2314756
231311979;341.875;7568;-17307;0.96261216;0.028552056;-0.242692468
231349756;341.875;7568;-17307;0.959553;0.029571772;-0.26104736
231370720;341.875;7568;-17307;0.959553;0.029571772;-0.25390936
231409842;341.875;7568;-17307;0.96363184;0.031611204;-0.23045588
231479804;341.875;7568;-17313;0.961592464;0.02447319;-0.2508502
231502912;341.875;7568;-17319;0.9575136;0.02753234;-0.26614594
231530205;341.875;7568;-17319;0.9585333;0.031611204;-0.2641065
231559954;341.875;7575;-17313;0.96363184;0.033650636;-0.2314756
231581882;341.875;7575;-17313;0.9656713;0.021414042;-0.21210098
231639811;341.875;7568;-17313;0.9585333;0.021414042;-0.25390936
231662483;341.875;7568;-17307;0.9585333;0.031611204;-0.26512624
231689678;341.875;7568;-17307;0.9605727;0.0377295;-0.24983048
231715960;341.875;7575;-17307;0.9646516;0.042828084;-0.22943616
231749666;341.9375;7575;-17300;0.9656713;0.028552056;-0.215160132
231779230;341.9375;7575;-17307;0.9585333;0.018354892;-0.242692468
231800772;341.9375;7568;-17307;0.9575136;0.020394326;-0.2641065
231829602;341.875;7568;-17300;0.959553;0.028552056;-0.26002764
231852842;341.875;7575;-17307;0.96363184;0.0377295;-0.237593884
231879834;341.875;7575;-17300;0.96771068;0.03569007;-0.21617985
231979012;341.8125;7568;-17313;0.9575136;0.023453474;-0.2692051
232013803;341.8125;7575;-0150
232040148;341.8125;7575;-17313;0.966691;0.034670352;-0.21719956
232086911;341.8125;7575;-17313;0.9605727;0.01631546;-0.24575162
232114875;341.8125;7568;-17319;0.9605727;0.01631546;-0.26716566
232149620;341.8125;7568;-17307;0.961592464;0.0326309203000101_000005_192721_accel_adxl375.csv@232151320;1.7639999;0.147;0.196;1_laser_agl.csv@232156232;0.021;1
232170885;341.8125;7575;-17300;0.9656713;0.04078865;-0.21719956
232198764;341.8125;7575;-17300;0.966691;0.0387492184;-0.21414042
232220909;341.8125;7575;-17300;0.96363184;0.028552056;-0.2386136
232242735;341.875;7568;-17307;0.959553;0.021414042;-0.2569685
232264112;341.875;7568;-17307;0.9585333;0.01631546;-0.2641065
232289616;341.875;7568;-17307;0.9585333;0.020394326;-0.26002764
232311443;341.875;7575;-17300;0.96363184;0.031611204;-0.23045588
232360302;341.875;7575;-17300;0.96771068;0.033650636;-0.215160132
232390162;341.875;7568;-17300;0.959553;0.023453474;-0.24575162
232412398;341.8125;7568;-17307;0.9605727;0.017335176;-0.26614594
232433845;341.8125;7568;-17307;0.9575136;0.018354892;-0.26002764
232459883;341.8125;7575;-17307;0.96261216;0.021414042;-0.23963332
232482373;341.8125;7575;-17307;0.966691;0.031611204;-0.21821928
232508168;341.8125;7575;-17307;0.9646516;0.036709784;-0.221278432
232539646;341.8125;7568;-17307;0.961592464;0.028552056;-0.24983048
232562547;341.8125;7568;-17307;0.95649384;0.020394326;-0.26818538
232584352;341.8125;7568;-17307;0.9605727;0.020394326;-0.26206708
232609863;341.75;7568;-17307;0.96363184;0.026512622;-0.24065304
232639521;341.75;7575;-17307;0.96363184;0.031611204;-0.22025872
232661086;341.75;7575;-17307;0.96363184;0.031611204;-0.23045588
232682996;341.75;7568;-17307;0.96261216;0.031611204;-0.24371218
232709876;341.8125;7568;-17307;0.9585333;0.023453474;-0.26512624
232760279;341.8125;7575;-17307;0.9656713;0.025492906;-0.23963332
232782206;341.8125;7575;-17307;0.9656713;0.028552056;-0.21821928
232803713;341.8125;7575;-17307;0.9656713;0.028552056;-0.219239
232859904;341.8125;7575;-17307;0.95649384;0.021414042;-0.2641065
232883134;341.8125;7575;-17307;0.9585333;0.0193746092;-0.2569685
232909696;341.8125;7575;-17307;0.96261216;0.02447319;-0.2386136
232939561;341.8125;7575;-17307;0.96771068;0.030591488;-0.21821928
232962041;341.8125;7575;-17307;0.9646516;0.030591488;-0.232495316
232989576;341.8125;7575;-17307;0.961592464;0.029571772;-0.2447319
233016263;341.8125;7568;-17307;0.959553;0.022433758;-0.25900792
233040247;341.8125;7568;-17307;0.96261216;0.021414042;-0.248810768
233066431;341.75;7575;-17307;0.96261216;0.02447319;-0.23351502
233090074;341.75;7575;-17307;0.9646516;0.030591488;-0.22433758
233116675;341.75;7568;-17307;0.96363184;0.033650636;-0.23555446
233140045;341.75;7568;-17307;0.959553;0.034670352;-0.248810768
233180338;341.75;7568;-17307;0.96057221_airspeed_sdp810.csv@233182795;-225;0;4265
233202148;341.75;7568;-17307;0.96261216;0.020394326;-0.24677134
233251129;341.75;7575;-17307;0.9656713;0.028552056;-0.22229814
233273652;341.75;7575;-17307;0.96363184;0.029571772;-0.2386136
233299721;341.75;7568;-17307;0.961592464;0.031611204;-0.247791052
233321889;341.75;7568;-17@20000101_000005_192721_airspeed_sdp810.csv@233325170;-215;0;4263
233344141;341.75;7568;-17307;0.9605727;0.020394326;-0.248810768
233366666;341.75;7575;-17307;0.96363184;0.021414042;-0.237593884
233392085;341.75;7575;-17300;0.96771068;0.023453474;-0.22433758
233423785;341.75;7575;-17300;0.96363184;0.030591488;-0.232495316
233449972;341.75;7568;-17307;0.961592464;0.029571772;-0.2508502
233479925;341.75;7568;-17307;0.9585333;0.028552056;-0.2569685
233509283;341.75;7575;-17300;0.961592464;0.026512622;-0.24065304
233539670;341.75;7575;-17300;0.96363184;0.023453474;-0.22739672
233561540;341.75;7575;-17300;0.96363184;0.02753234;-0.23351502
233610571;341.75;7575;-172imu_lsm6dso32.csv@233615402;1.012112;0.010736;-0.015616;-84;42;-91;1
233639883;341.75;7575;-17300;0.9575136;0.028552056;-0.25492908
233662377;341.75;7575;-17300;0.96261216;0.02753234;-0.237593884
233687361;341.75;7575;-17300;0.9656713;0.025492906;-0.2253573
233715292;341.75;7575;-17300;0.96363184;0.021414042;-0.23045588
233749491;341.75;7568;-17307;0.961592464;0.019370u_lsm6dso32.csv@233753388;1.016992;0.006832;-0.015616;-70;7;-112;1
233771574;341.75;7568;-17307;0.959553;0.02447319;-0.2569685
233794259;341.75;7568;-17307;0.959553;0.029571772;-0.25492908
233822445;341.75;7568;-17307;0.96363184;0.029571772;-0.23657418
233859207;341.75;7568;-17307;0.9646516;0.02753234;-0.22841644
233880763;341.75;7568;-17307;0.96261216;0.020394326;-0.24167276
233909843;341.75;7568;-17307;0.961592464;0.021414042;-0.25186992
233941342;341.75;7568;-17307;0.959553;0.030591488;-0.25186992
233963079;341.75;7568;-17300;0.9646516;0.03263092;-0.24167276
233989762;341.75;7568;-172@20000101_000005_192721_airspeed_sdp810.csv@233992206;-365;0;4266
234016285;341.75;7568;-17300;0.9646516;0.026512622;-0.22739672
234040837;341.8125;7568;-17300;0.959553;0.025492906;-0.24065304
234089927;341.75;7568;-17300;0.9575136;0.02447319;-0.2579882
234117565;341.75;7568;-17307;0.96363184;0.031611204;-0.24677134
234149550;341.75;7568;-17
234170891;341.75;7568;-17307;0.96363184;0.025492906;-0.2253573
234196610;341.75;7568;-17307;0.9605727;0.020394326;-0.23963332
234220028;341.75;7568;-17307;0.959553;0.023453474;-0.26002764
234242401;341.75;7568;-17307;0.961592464;0.025492906;-0.25390936
234264362;341.75;7568;-17307;0.961592464;0.025492906;-0.242692468
234289950;341.75;7568;-17307;0.96771068;0.028552056;-0.226377008
234312615;341.75;7568;-17307;0.96363184;0.026512622;-0.2314756
234349467;341.75;7562;-17307;0.9i_ls6dso32.csv@234357058;1.0111359;0.006832;-0.011712;-49;28;-105;1
234371504;341.75;7562;-17307;0.9605727;0.023453474;-0.2569685
234399683;341.75;7562;-17307;0.9605727;0.025492906;-0.247791052
234422816;341.75;7562;-17307;0.96261216;0.033650636;-0.237593884
234449815;341.75;7562;-17307;0.9656713;0.030591488;-0.23453474
234472413;341.75;7562;-17307;0.96261216;0.028552056;-0.242692468
234529836;341.75;7562;-17307;0.9605727;0.025492906;-0.24677134
234553820;341.75;7562;-17@20000101_000005_192721_airspeed_sdp810.csv@234557144;-230;0;4263
234579801;341.75;7568;-17307;0.96363184;0.031611204;-0.23351502
234608635;341.75;7568;-17307;0.966691;0.030591488;-0.2314756
234639789;341.75;7568;-17307;0.961592464;0.022433758;-0.242692468
234662089;341.75;7568;-17307;0.96261216;0.023453474;-0.2447319
234689681;341.75;7568;-17;0.24677134
234716973;341.75;7568;-17307;0.9656713;0.028552056;-0.23657418
234749773;341.75;7568;-17307;0.96363184;0.029571772;-0.22433758
234775417;341.75;7568;-17307;0.96363184;0.01631546;-0.23657418
234799879;341.75;7568;-17307;0.961592464;0.01631546;-0.24575162
234823151;341.75;7568;-170936
234859862;341.75;7568;-17307;0.96363184;0.033650636;-0.24167276
234882942;341.75;7568;-17307;0.9656713;0.03569007;-0.226377008
234909957;341.75;7568;-17307;0.9646516;0.031611204;-0.22943616
234939795;341.75;7562;-17313;0.9605727;0.020394326;-0.24677134
234990018;341.75;7562;-17307;0.961592464;0.02447319;-0.2508502
235022510;341.75;7562;-17313;0.96261216;0.04078865;-0.242692468
235049925;341.75;7562;-17313;0.96363184;0.0387492184;-0.2314756
235079743;341.6875;7562;-17319;0.96363184;0.02447319;-0.23555446
235102352;341.6875;7562;-17319;0.96363184;0.014276028;-0.24575162
235128966;341.6875;7562;-17319;0.9585333;0.015295744;-0.25288964
235150896;341.6875;7562;-17319;0.961592464;0.030591488;-0.248810768
235172893;341.6875;7562;-17319;0.96363184;0.033650636;-0.23555446
235199591;341.6875;7562;-17319;0.9656713;0.031611204;-0.22739672
235221338;341.6875;7562;-17319;0.96363184;0.026512622;-0.22433758
235242740;341.6875;7562;-17325;0.96363184;0.020394326;-0.24065304
235264726;341.6875;7562;-17325;0.9585333;0.014276028;-0.26206708
235289859;341.6875;7562;-17325;0.959553;0.020394326;-0.2692051
235311733;341.6875;7562;-17325;0.9646516;0.02753234;-0.23555446
235339539;341.6875;7562;-17325;0.96363184;0.031611204;-0.21719956
235380253;341.6875;7562;-17325;0.9646516;0.026512622;-0.22739672
235408258;341.6875;7562;-17325;0.9575136;0.02447319;-0.2641065
235430269;341.6875;7556;-17332;0.9585333;0.022433758;-0.26614594
235451807;341.6875;7562;-17332;0.96363184;0.029571772;-0.23963332
235479177;341.625;7562;-17332;0.9656713;0.029571772;-0.22433758
235513747;341.625;7562;-17332;0.96363184;0.02447319;-0.232495316
235539870;341.625;7562;-17332;0.96261216;0.02447319;-0.24065304
235569949;341.6875;7562;-17332;0.9585333;0.020394326;-0.26104736
235598285;341.6875;7562;-17332;0.961592464;0.026512622;-0.24371218
235629780;341.6875;7562;-17325;0.961592464;0.033650636;-0.23555446
235655351;341.6875;7562;-17325;0.96363184;0.02447319;-0.23045588
235679883;341.6875;7562;-17325;0.9646516;0.022433758;-0.232495316
235709927;341.6875;7556;-17332;0.959553;0.022433758;-0.25288964
235739749;341.6875;7556;-17325;0.9605727;0.025492906;-0.25186992
235761736;341.625;7556;-17325;0.96363184;0.034670352;-0.23963332
235786404;341.625;7556;-1-0.2314756
235817475;201_000005_192721_airspeed_sdp810.csv@235819707;-220;0;4264
235860829;341.625;7556;-17332;0.9585333;0.023453474;-0.2579882
235889902;341.625;7556;-17332;0.9585333;0.020394326;-0.2579882
235929608;341.625;7556;-17332;0.9646516;0.04078865;-0.237593884
235951119;341.625;7556;-17332;0.96363184;0.03263092;-0.22229814
235976563;341.625;7556;-17332;0.9646516;0.020394326;-0.226377008
236000057;341.625;7556;-17332;0.96261216;0.020394326;-0.242692468
236029724;341.625;7556;-17332;0.9585333;0.022433758;-0.26512624
236051184;341.625;7556;-17338;0.959553;0.028552056;-0.25900792
236079566;341.5625;7556;-17338;0.96363184;0.030591488;-0.24167276
236100954;341.5625;7556;-17338;0.968730432;0.031611204;-0.20802212
236129858;341.625;7556;-17338;0.96363184;0.025492906;-0.226377008
236160106;341.625;7556;-17338;0.95547416;0.023453474;-0.2641065
236189482;341.625;7556;-1.025492906;-0.26614594
236211723;341.625;7556;-17338;0.961592464;0.02753234;-0.23657418
236239542;341.625;7556;-17332;0.968730432;0.031611204;-0.21821928
236284073;341.625;7556;-17338;0.961592464;0.031611204;-0.24167276
236331012;341.5625;7550;-17338;0.9585333;0.022433758;-0.2630868
236353483;341.5625;7550;-17344;0.96261216;0.028552056;-2@20000101_000005_192721_imu_lsm6dso32.csv@236357077;1.013088;0.011712;0.003904;-21;126;-119;1
236379706;341.5;7556;-17344;0.96261216;0.031611204;-0.2314756
236408995;341.5;7556;-17344;0.9646516;0.031611204;-0.2131207
236431365;341.5;7550;-17344;0.959553;0.02753234;-0.24983048
236452970;341.5;7550;-173-0.2641065
236479691;341.5;7550;-17344;0.9575136;0.020394326;-0.26716566
236500988;341.5;7550;-17344;0.959553;0.028552056;-0.247791052
236529742;341.5;7556;-17344;0.96261216;0.02753234;-0.23045588
236552152;341.5;7556;-17344;0.96771068;0.03263092;-0.21821928
236579586;341.5;7550;-17344;0.96363184;0.02753234;-0.23453474
236600981;341.5;7550;-17344;0.9575136;0.020394326;-0.2641065
236629807;341.5;7550;-17344;0.9585333;0.021414042;-0.26818538
236660127;341.5;7550;-17344;0.961592464;0.020394326;-0.242692468
236689039;341.5;7556;-17344;0.96771068;0.028552056;-0.21617985
236716440;341.5;7556;-17344;0.966691;0.036709784;-0.22229814
236770242;341.5;7550;-17344;0.9585333;0.023453474;-0.26104736
236793460;341.5;7550;-17344;0.9585333;0.022433758;-0.25288964
236829579;341.5;7550;-17344;0.96363184;0.025492906;-0.232495316
236853376;341.5;7556;-17344;0.9646516;0.03263092;-0.21821928
236879717;341.5;7556;-17344;0.96261216;0.03263092;-0.23453474
236900921;341.5;7550;-17344;0.9605727;0.029571772;-0.25900792
236928241;341.5;7550;-17344;0.9575136;0.025492906;-0.26104736
236960243;341.5;7556;-17344;0.96261216;0.025492906;-0.24167276
236982356;341.5;7556;-17344;0.96363184;0.022433758;-0.226377008
237071765;341.5;7556;-17344;0.961592464;0.023453474;-0.25594878
237129551;341.5;7556;-17344;0.96363184;0.023453474;-0.23351502
237153932;341.5;7556;-173peed_sdp810.csv@237156854;108;135;4265
237179715;341.5;7556;-17344;0.96363184;0.02753234;-0.23555446
237202019;341.5;7556;-17344;0.959553;0.030591488;-0.25390936
237270270;341.5;7556;-17344;0.96261216;0.025492906;-0.24065304
237299695;341.5;7556;-17344;0.9656713;0.02447319;-0.22841644
237329810;341.5;7562;-17344;0.96363184;0.028552056;-0.23351502
237359973;341.5;7556;-17344;0.96363184;0.029571772;-0.2508502
237382345;341.5;7556;-17344;0.9605727;0.028552056;-0.25288964
237410911;341.5;7556;-17344;0.959553;0.025492906;-0.24371218
237439762;341.5;7556;-17344;0.96363184;0.02753234;-0.2314756
237461837;341.5;7556;-17344;0.96363184;0.02753234;-0.23045588
237486537;341.5;7556;-17344;0.96261216;0.02753234;-0.23555442192721_accel_adxl375.csv@237487662;1.7639999;0.196;0.147;1
237510206;341.5;7556;-17344;0.96363184;0.029571772;-0.25186992
237532061;341.5;7556;-17344;0.961592464;0.026512622;-0.25288964
237559973;341.5;7556;-17344;0.9585333;0.026512622;-0.24983048
237582268;341.5;7556;-17344;0.96363184;0.023453474;-0.23045588
237608575;341.5;7556;-17344;0.9656713;0.02447319;-0.22739672
237630112;341.5;7562;-17344;0.9605727;0.025492906;-0.23657418
237665993;341.5;7556;-17344;0.9585333;0.02753234;-0.2508502
237690227;341.5;7556;-17344;0.959553;0.026512622;-0.25390936
237712891;341.5;7556;-17344;0.961592464;0.02753234;-0.2447319
237740278;341.5;7556;-17344;0.96363184;0.026512622;-0.2314756
237762378;341.5;7562;-17344;0.96363184;0.02753234;-0.22841644
237790031;341.5;7556;-17344;0.96363184;0.026512622;-0.237593884
237841641;341.5;7556;-17344;0.9605727;0.028552056;-0.24983048
237862819;341.5;7556;-17344;0.961592464;0.030591488;-0.24677134
237912080;341.5;7562;-17344;0.96363184;0.025492906;-0.22841644
237943986;341.5;7562;-17344;0.961592464;0.026512622;-0.24167276
237969974;341.5;7556;-17344;0.96261216;0.026512622;-0.248810768
238016930;341.5;7556;-17344;0.96261216;0.028552056;-0.2447319
238040205;341.5;7556;-17344;0.96363184;0.029571772;-0.237593884
238062236;341.5;7556;-17344;0.9646516;0.02447319;-0.2314756
238110818;341.5;7556;-17344;0.961592464;0.023453474;-0.246781703.35;4.3835336
238133397;341.5;7556;-17344;0.961592464;0.02753234;-0.25390936
238159943;341.5;7556;-17344;0.959553;0.030591488;-0.24983048
238182021;341.5;7556;-17344;0.96363184;0.030591488;-0.23657418
238209584;341.5;7556;-17344;0.96261216;0.030591488;-0.2314756
238231293;341.5;7556;-17344;0.96261216;0.02447319;-0.2386136
238259695;341.5;7556;-17344;0.9605727;0.026512622;-0.247791052
238281205;341.5;7556;-17344;0.961592464;0.025492906;-0.24983048
238316007;341.5;7556;-17344;0.9605727;0.5.24167276
238339862;341.5;7556;-17344;0.96363184;0.03263092;-0.2386136
238387265;341.5;7556;-17344;0.96261216;0.02753234;-0.2386136
238420544;341.5;7556;-17344;0.961592464;0.023453474;-0.248810768
238449621;341.5;7556;-17344;0.961592464;0.025492906;-0.248810768
238470960;341.5;7556;-17344;0.96363184;0.030591488;-0.24167276
238540222;341.5;7556;-17344;0.96363184;0.023453474;-0.23963332
238563401;341.5;7556;-17344;0.961592464;0.02447319;-0.247791052
238589752;341.5;7556;-173768
238611825;341.5;7556;-17344;0.96261216;0.029571772;-0.24677134
238639835;341.5;7556;-17344;0.96261216;0.031611204;-0.237593884
238662569;341.5;7556;-17344;0.96261216;0.030591488;-0.23351502
238689617;341.5;7556;-173@20000101_000005_192721_airspeed_sdp810.csv@238693521;242;202;4265
238712483;341.5;7556;-17344;0.9585333;0.026512622;-0.24575162
238743356;341.5;7556;-17344;0.96261216;0.026512622;-0.248810768
238764793;341.5;7556;-17344;0.961592464;0.028552056;-0.2447319
238789727;341.5;7556;-17344;0.96261216;0.03263092;-0.2386136
238817330;341.5;7556;-17344;0.961592464;0.031611204;-0.23555446
238840826;341.5;7556;-17344;0.96363184;0.028552056;-0.242692468
238863859;341.5;7556;-17344;0.96261216;0.025492906;-0.24371218
238916651;341.5;7556;-17344;0.9605727;0.02753234;-0.2447319
238940119;341.5;7556;-17344;0.9646516;0.029571772;-0.24065304
238980419;341.5;7556;-17344;0.961592464;0.02753234;-0.23555446
239010105;341.5;7556;-17344;0.96261216;0.025492906;-0.237593884
239039670;341.5;7556;-17344;0.9605727;0.021414042;-0.2447319
239061643;341.5;7556;-17344;0.961592464;0.02447319;-0.247791052
239089692;341.5;7556;-17344;0.96363184;0.026512622;-0.242692468
239111920;341.5;7556;-17344;0.96363184;0.031611204;-0.23555446
239139719;341.5;7556;-17344;0.96363184;0.028552056;-0.23963332
239161747;341.5;7556;-17344;0.96363184;0.025492906;-0.24371218
239190377;341.5;7556;-17344;0.961592464;0.026512622;-0.248810768
239213871;341.5;7556;-17344;0.9605727;0.028552056;-0.24575162
239239757;341.5;7556;-17344;0.96363184;0.029571772;-0.24167276
239262116;341.5;7556;-17344;0.9646516;0.033650636;-0.2386136
239288550;341.5;7556;-173@20000101_000005_192721_baro_bmp280.csv@239293310;-31.506474;37.89;101703.984;4.3306884
239310750;341.5;7556;-17344;0.961592464;0.02447319;-0.2447319
239339460;341.5;7556;-17344;0.959553;0.020394326;-0.24167276
239361622;341.5;7556;-17344;0.9605727;0.020394326;-0.24371218
239410517;341.5;7556;-17344;0.961592464;0.03263092;-0.24167276
239439785;341.5;7556;-17344;0.961592464;0.036709784;-0.242692468
239461716;341.5;7556;-17350;0.96363184;0.02753234;-0.2447319
239490122;341.5;7556;-17350;0.961592464;0.020394326;-0.2447319
239512216;341.5;7556;-17350;0.96261216;0.013256311;-0.23555446
239539718;341.5;7556;-17350;0.96363184;0.020394326;-0.2386136
239561467;341.5;7556;-17344;0.961592464;0.03263092;-0.23963332
239583410;341.5;7556;-17344;0.9646516;0.041808368;-0.24575162
239609839;341.5;7556;-17344;0.96261216;0.0387492184;-0.24371218
239639727;341.5;7556;-17344;0.961592464;0.026512622;-0.247791052
239662303;341.5;7556;-17344;0.96261216;0.014276028;-0.2386136
239689683;341.5;7556;-17344;0.96363184;0.014276028;-0.23351502
239712332;341.5;7556;-17338;0.96363184;0.028552056;-0.23657418
239749798;341.5;7556;-17338;0.96057s9753167;97;128;4262
239771761;341.5;7556;-17338;0.96261216;0.041808368;-0.24983048
239814348;341.5;7556;-17344;0.96261216;0.020394326;-0.2386136
239840276;341.5;7562;-17350;0.96261216;0.014276028;-0.2314756
239862121;341.5;7562;-17350;0.9646516;0.017335176;-0.23555446
239889592;341.5;7562;-17350;0.96363184;0.030591488;-0.24167276
239916200;341.5;7556;-17350;0.9605727;0.042828084;-0.24983048
239951915;341.5;7556;-17350;0.96261216;0.029571772;-0.24371218
239979594;341.5;7562;-17357;0.961592464;0.021414042;-0.23657418
240009901;341.5;7562;-17357;0.96363184;0.015295744;-0.22841644
240039833;341.5;7562;-17357;0.96261216;0.022433758;-0.24065304
240062218;341.5;7562;-17357;0.961592464;0.03569007;-0.25186992
240089336;341.5;7562;-17300005_192721_accel_adxl375.csv@240090532;1.7639999;0.147;0.147;1
240110661;341.5;7562;-17357;0.96363184;0.031611204;-0.24065304
240139749;341.5;7562;-17357;0.96363184;0.022433758;-0.23555446
240161882;341.5;7562;-17357;0.96363184;0.020394326;-0.23657418
240189676;341.5;7562;-17357;0.9605727;0.022433758;-0.24065304
240210714;341.5;7562;-17357;0.961592464;0.031611204;-0.24983048
240260236;341.5;7562;-17357;0.961592464;0.0387492184;-0.24371218
240289730;341.5;7562;-17357;0.961592464;0.02753234;-0.237593884
240312886;341.4375;7562;-17357;0.961592464;0.018354892;-0.23555446
240339733;341.4375;7562;-17357;0.9585333;0.017335176;-0.2386136
240361607;341.4375;7562;-17357;0.961592464;0.02753234;-0.24983048
240383608;341.4375;7562;-17357;0.9585333;0.031611204;-0.248810768
240414520;341.4375;7562;-17357;0.96363184;0.034670352;-0.242692468
240440107;341.4375;7562;-17357;0.96363184;0.028552056;-0.237593884
240462523;341.4375;7562;-17357;0.96261216;0.020394326;-0.23555446
240512801;341.4375;7562;-17357;0.9605727;0.023453474;-0.247791052
240540320;341.4375;7562;-17357;0.9605727;0.028552056;-0.2447319
240562552;341.5;7562;-17357;0.96261216;0.036709784;-0.24167276
240589858;341.5;7562;-17357;0.9646516;0.034670352;-0.23555446
240613991;341.5;7562;-17357;0.96363184;0.026512622;-0.237593884
240639831;341.5;7562;-17357;0.961592464;0.020394326;-0.23963332
240661673;341.5;7562;-17357;0.961592464;0.022433758;-0.24677134
240705356;341.5;7562;-17357;0.96363184;0.03569007;-0.24575162
240730210;341.5;7562;-17357;0.96363184;0.036709784;-0.24167276
240760041;341.5;7562;-17357;0.96363184;0.033650636;-0.2386136
240782563;341.4375;7562;-i;-21.909734;37.03125;101588.43;2.7710858
240809894;341.4375;7562;-17357;0.96363184;0.017335176;-0.242692468
240839721;341.4375;7562;-17357;0.96363184;0.021414042;-0.24677134
240885633;341.4375;7562;-0peed_sdp810.csv@240888647;138;152;4266
240910613;341.4375;7562;-17357;0.96363184;0.031611204;-0.24167276
240939810;341.4375;7562;-17357;0.96363184;0.023453474;-0.24167276
240961896;341.4375;7562;-17357;0.9605727;0.018354892;-0.2447319
240989618;341.4375;7562;-;13746092;-0.24371218
241011866;341.4375;7562;-17357;0.96261216;0.028552056;-0.24065304
241039836;341.4375;7562;-17357;0.96363184;0.036709784;-0.2386136
241066319;341.4375;7562;-17357;0.9646516;0.036709784;-0.2386136
241099624;341.4375;7562;-17357;0.96363184;0.02447319;-0.24065304
241149026;341.4375;7562;-17357;0.959553;0.020394326;-0.2447319
241171975;341.4375;7562;-17357;0.961592464;0.030591488;-0.242692468
241199575;341.4375;7562;-17357;0.96261216;0.0377295;-0.242692468
241245454;341.4375;7562;-17357;0.96363184;0.028552056;-0.2447319
241270106;341.4375;7562;-17357;0.9605727;0.021414042;-0.2447319
241315289;341.4375;7562;-17357;0.96363184;0.023453474;-0.242692468
241349891;341.4375;7562;-17357;0.96363184;0.03263092;-0.23963332
241371972;341.4375;7562;-17357;0.96261216;0.0387492184;-0.23963332
241395812;341.4375;7562;-17357;0.96363184;0.03263092;-0.24575162
241418664;341.4375;7562;-00005_192721_airspeed_sdp810.csv@241422565;-23;0;4267
241441543;341.4375;7562;-17357;0.959553;0.020394326;-0.24371218
241464648;341.4375;7562;-17357;0.961592464;0.021414042;-0.24167276
241490074;341.4375;7562;-17357;0.9656713;0.025492906;-0.23963332
241513137;341.4375;7562;-17357;0.96363184;0.033650636;-0.237593884
241563299;341.4375;7562;-17357;0.96261216;0.029571772;-0.24677134
241590051;341.4375;7562;-17357;0.9605727;0.025492906;-0.2447319
241615758;341.4375;7562;-17357;0.96363184;0.021414042;-0.24167276
241640259;341.4375;7562;-17357;0.96363184;0.02447319;-0.23963332
241664411;341.4375;7562;-17357;0.96261216;0.031611204;-0.2386136
241689891;341.4375;7562;-0.0;-91;21;-84;1
241716068;341.4375;7562;-17357;0.96363184;0.031611204;-0.2447319
241740135;341.4375;7562;-17357;0.961592464;0.02753234;-0.24575162
241764130;341.4375;7562;-17357;0.961592464;0.021414042;-0.242692468
241816448;341.4375;7562;-17357;0.9605727;0.026512622;-0.237593884
241840285;341.4375;7562;-17357;0.96363184;0.029571772;-0.2386136
241864017;341.4375;7562;-17357;0.961592464;0.029571772;-0.2447319
241889993;341.4375;7562;-17357;0.9575136;0.029571772;-0.24677134
241923770;341.4375;7562;-17357;0.961592464;0.021414042;-0.242692468
241950210;341.4375;7562;-17357;0.96363184;0.025492906;-0.24065304
241992150;341.4375;7562;-17357;0.96261216;0.031611204;-0.24065304
242014154;341.4375;7562;-17357;0.96261216;0.031611204;-0.24371218
242039991;341.4375;7562;-17357;0.96261216;0.030591488;-0.24677134
242062632;341.4375;7562;-17357;0.9605727;0.02447319;-0.24065304
242089732;341.4375;7562;-216;0.02447319;-0.24167276
242112552;341.4375;7562;-17357;0.96261216;0.026512622;-0.2386136
242139296;341.4375;7562;-17357;0.96363184;0.029571772;-0.242692468
242183808;341.4375;7562;-17357;0.96261216;0.031611204;-0.242692468
242210361;341.4375;7562;-17357;0.96261216;0.02753234;-0.24575162
242231777;341.4375;7562;-17357;0.96363184;0.02447319;-0.24167276
242259959;341.4375;7562;-17357;0.96261216;0.023453474;-0.24167276
242282267;341.4375;7562;-17357;0.96261216;0.025492906;-0.24065304
242310075;341.4375;7562;-17357;0.96261216;0.02753234;-0.24167276
242339849;341.4375;7562;-17357;0.96363184;0.030591488;-0.2447319
242362713;341.4375;7562;-17357;0.96261216;0.030591488;-0.24371218
242402313;341.4375;7562;-17357;0.96261216;0.02447319;-0.24167276
242434039;341.4375;7562;-17357;0.96261216;0.026512622;-0.24065304
242460001;341.4375;7562;-17357;0.96363184;0.025492906;-0.24167276
242482204;341.4375;7562;-17357;0.96363184;0.031611204;-0.242692468
242504307;341.4375;7562;-17357;0.96261216;0.030591488;-0.24167276
242529857;341.4375;7562;-17357;0.96261216;0.030591488;-0.242692468
242551671;341.4375;7562;-;7593884
242575935;341.4375;7562;-17357;0.9605727;0.025492906;-0.24167276
242600026;341.4375;7562;-17357;0.96363184;0.026512622;-0.24167276
242621871;341.4375;7562;-@20000101_000005_192721_airspeed_sdp810.csv@242624743;62;102;4268
242650152;341.4375;7562;-612721_laser_agl.csv@242652530;0.02;0
242672321;341.4375;7562;-17357;0.96261216;0.030591488;-0.242692468
242699716;341.4375;7562;-17357;0.96363184;0.029571772;-0.24167276
242720682;341.4375;7562;-10.23963332
242772360;341.4375;7562;-17357;0.96261216;0.022433758;-0.242692468
242812156;341.4375;7562;-17357;0.96261216;0.02753234;-0.2386136
242835534;341.4375;7562;-17357;0.96261216;0.029571772;-0.242692468
242860076;341.4375;7562;-17357;0.96261216;0.029571772;-0.24167276
242883311;341.4375;7562;-17357;0.96363184;0.025492906;-0.24167276
242909918;341.4375;7562;-17357;0.96261216;0.022433758;-0.242692468
242931802;341.4375;7562;-17357;0.96363184;0.02447319;-0.24065304
242957406;341.4375;7562;-17357;0.961592464;0.029571772;-0.24371218
242980226;341.4375;7562;-17357;0.96363184;0.029571772;-0.24167276
243001807;341.4375;7562;-17357;0.9605727;0.029571772;-0.242692468
243030061;341.4375;7562;-17357;0.96363184;0.02753234;-0.237593884
243053471;341.4375;7562;-@20000101_000005_192721_airspeed_sdp810.csv@243058112;133;150;4269
243079801;341.4375;7562;-17357;0.961592464;0.023453474;-0.242692468
243109839;341.4375;7562;-17357;0.96261216;0.02447319;-0.24575162
243133213;341.4375;7562;-17357;0.9605727;0.031611204;-0.2447319
243159937;341.4375;7562;-17357;0.96261216;0.031611204;-0.24167276
243182395;341.4375;7562;-17357;0.96261216;0.02753234;-0.24371218
243222364;341.4375;7562;-17357;0.96363184;0.023453474;-0.24065304
243244068;341.4375;7562;-17357;0.96363184;0.02447319;-0.24371218
243266577;341.4375;7562;-17357;0.961592464;0.023453474;-0.24677134
243290460;341.4375;7562;-.242692468
243312054;341.4375;7562;-17357;0.96363184;0.030591488;-0.24167276
243340118;341.4375;7562;-17357;0.96363184;0.028552056;-0.24167276
243362633;341.4375;7562;-17357;0.96261216;0.02753234;-0.24065304
243388643;341.4375;7562;-6@20000101_000005_192721_airspeed_sdp810.csv@243392976;65;104;4265
243410607;341.4375;7562;-17357;0.96261216;0.02447319;-0.24167276
243439868;341.4375;7562;-17357;0.9605727;0.028552056;-0.242692468
243461954;341.4375;7562;-17357;0.961592464;0.030591488;-0.23963332
243484080;341.4375;7562;-17357;0.961592464;0.031611204;-0.242692468
243510008;341.4375;7562;-17357;0.96261216;0.030591488;-0.24167276
243539969;341.4375;7562;-17357;0.961592464;0.026512622;-0.24167276
243562238;341.4375;7562;-17357;0.96261216;0.02447319;-0.24167276
243584510;341.4375;7562;-17357;0.9605727;0.026512622;-0.24167276
243610046;341.4375;7562;-17357;0.96261216;0.026512622;-0.24167276
243679915;341.4375;7562;-17357;0.9605727;0.028552056;-0.24167276
243703323;341.4375;7562;-17357;0.96261216;0.02447319;-0.242692468
243729922;341.4375;7562;-17357;0.961592464;0.025492906;-0.24167276
243752221;341.4375;7562;-17357;0.961592464;0.026512622;-0.24065304
243790080;341.4375;7562;-17357;0.9605727;0.02753234;-0.242692468
243816484;341.4375;7562;-17357;0.9605727;0.028552056;-0.24065304
243873443;341.4375;7562;-17357;0.959553;0.023453474;-0.24167276
243899035;341.4375;7562;-17357;0.961592464;0.02753234;-0.242692468
243930026;341.4375;7562;-17357;0.96363184;0.028552056;-0.24167276
243951930;341.4375;7562;-17357;0.961592464;0.028552056;-0.242692468
243979614;341.4375;7562;-17357;0.96261216;0.029571772;-0.24167276
244001079;341.4375;7562;-17357;0.96261216;0.02753234;-0.24167276
244029866;341.4375;7562;-17357;0.96363184;0.02753234;-0.2386136
244080395;341.4375;7562;-05_192721_airspeed_sdp810.csv@244083193;107;134;4263
244103157;341.4375;7562;-17357;0.96363184;0.02753234;-0.23963332
244129847;341.4375;7562;-17357;0.9646516;0.029571772;-0.24167276
244152933;341.4375;7562;--0.23963332
244179742;341.4375;7562;-17357;0.96261216;0.026512622;-0.24167276
244202716;341.4375;7562;-17357;0.96261216;0.02447319;-0.24167276
244229535;341.4375;7562;-17357;0.961592464;0.02447319;-0.23963332
244250913;341.4375;7562;-17357;0.961592464;0.026512622;-0.24065304
244273632;341.4375;7562;-17357;0.961592464;0.02753234;-0.24167276
244310124;341.4375;7562;-17357;0.9605727;0.02753234;-0.24167276
244339638;341.4375;7562;-17357;0.961592464;0.029571772;-0.24065304
244361398;341.4375;7562;-17357;0.961592464;0.028552056;-0.24065304
244383399;341.4375;7562;-17357;0.96261216;0.029571772;-0.23963332
244410295;341.4375;7562;-17357;0.961592464;0.02753234;-0.242692468
244439682;341.4375;7562;-17357;0.961592464;0.030591488;-0.24167276
244463820;341.4375;7562;-17357;0.9605727;0.029571772;-0.2447319
244510081;341.4375;7562;-17357;0.96363184;0.026512622;-0.24167276
244536515;341.4375;7562;-17357;0.961592464;0.02753234;-0.24065304
244582193;341.4375;7562;-17357;0.9605727;0.02753234;-0.242692468
244610316;341.4375;7562;-17357;0.96261216;0.029571772;-0.24167276
244633788;341.4375;7562;-17357;0.961592464;0.030591488;-0.24167276
244659923;341.4375;7562;-17357;0.961592464;0.025492906;-0.23963332
244682395;341.4375;7562;-17357;0.961592464;0.02447319;-0.2386136
244710022;341.4375;7562;-17357;0.959553;0.025492906;-0.242692468
244739610;341.4375;7562;-17357;0.961592464;0.025492906;-0.23963332
244783092;341.4375;7562;-17357;0.961592464;0.029571772;-0.23963332
244816265;341.4375;7562;-17357;0.96363184;0.028552056;-0.24065304
244841233;341.4375;7562;-17357;0.96261216;0.025492906;-0.24371218
244863872;341.4375;7562;-17357;0.961592464;0.028552056;-0.24167276
244889851;341.4375;7562;-@20000101_000005_192721_airspeed_sdp810.csv@244893762;113;138;4267
244935923;341.4375;7562;-17357;0.96363184;0.030591488;-0.242692468
244982699;341.4375;7562;-17357;0.961592464;0.029571772;-0.2447319
245009866;341.4375;7562;-17357;0.961592464;0.028552056;-0.24167276
245031658;341.4375;7562;-17357;0.96261216;0.025492906;-0.24167276
245060374;341.4375;7562;-17357;0.9605727;0.028552056;-0.24371218
245083601;341.4375;7562;-17357;0.961592464;0.028552056;-0.2447319
245110144;341.4375;7562;-17357;0.9605727;0.031611204;-0.24167276
245139966;341.4375;7562;-17357;0.96261216;0.02753234;-0.24167276
245164446;341.4375;7562;-17357;0.96363184;0.02447319;-0.2386136
245189811;341.4375;7562;-17357;0.96261216;0.02447319;-0.24065304
245211843;341.4375;7562;-17357;0.961592464;0.026512622;-0.24371218
245239583;341.4375;7562;-17357;0.96261216;0.02753234;-0.24167276
245263971;341.4375;7562;-17357;0.96261216;0.029571772;-0.24167276
245316333;341.4375;7562;-17357;0.96363184;0.02447319;-0.24065304
245340145;341.4375;7562;-17357;0.96261216;0.030591488;-0.24065304
245390494;341.4375;7562;-17357;0.96261216;0.031611204;-0.24575162
245412279;341.4375;7562;-17357;0.96363184;0.029571772;-0.24065304
245439400;341.4375;7562;-17357;0.96261216;0.029571772;-0.24167276
245463461;341.4375;7562;-17357;0.96261216;0.02753234;-0.242692468
245510780;341.4375;7562;-17357;0.961592464;0.025492906;-0.2447319
245532910;341.4375;7562;-17357;0.96261216;0.02753234;-0.24371218
245559804;341.4375;7562;-17357;0.96261216;0.02753234;-0.242692468
245581771;341.4375;7562;-17357;0.96363184;0.029571772;-0.23657418
245609784;341.4375;7562;-17357;0.96261216;0.02753234;-0.24167276
245639517;341.4375;7562;-17357;0.9646516;0.02447319;-0.242692468
245683458;341.4375;7562;-17357;0.96261216;0.026512622;-0.24371218
245710269;341.4375;7562;-17357;0.96261216;0.026512622;-0.24167276
245731708;341.4375;7562;-17357;0.96261216;0.028552056;-0.23963332
245755570;341.4375;7562;-17357;0.96261216;0.02753234;-0.24167276
245779961;341.4375;7562;-17357;0.961592464;0.026512622;-0.24065304
245815348;341.4375;7562;-17357;0.96261216;0.028552056;-0.24167276
245839933;341.4375;7562;-17357;0.96261216;0.028552056;-0.24371218
245861936;341.4375;7562;-17357;0.96363184;0.030591488;-0.24167276
245887440;341.4375;7562;-17357;0.961592464;0.028552056;-0.23963332
245910205;341.4375;7562;-17357;0.96363184;0.02753234;-0.24065304
245931928;341.4375;7562;-17357;0.961592464;0.023453474;-0.2447319
245959708;341.4375;7562;-17357;0.9605727;0.025492906;-0.24371218
245981982;341.4375;7562;-17357;0.96261216;0.028552056;-0.24575162
246009888;341.4375;7562;-17357;0.96261216;0.029571772;-0.24371218
246041355;341.4375;7562;-17357;0.96261216;0.029571772;-0.242692468
246063556;341.4375;7562;-17357;0.96363184;0.026512622;-0.24167276
246110765;341.4375;7562;-17357;0.961592464;0.02447319;-0.24371218
246139628;341.4375;7562;-17357;0.96261216;0.02753234;-0.2447319
246165459;341.4375;7562;-17357;0.96261216;0.028552056;-0.24167276
246209429;341.4375;7562;-17357;0.96363184;0.03263092;-0.24371218
246239784;341.4375;7562;-17357;0.961592464;0.022433758;-0.242692468
246262239;341.4375;7562;-17357;0.96363184;0.020394326;-0.24065304
246289466;341.4375;7562;-17357;0.96363184;0.02447319;-0.242692468
246316189;341.4375;7562;-17357;0.9605727;0.030591488;-0.24371218
246339944;341.4375;7562;-17357;0.961592464;0.031611204;-0.242692468
246363881;341.4375;7562;-17357;0.96261216;0.029571772;-0.2386136
246389707;341.4375;7562;-@20000101_000005_192721_airspeed_sdp810.csv@246393575;85;120;4267
246416559;341.4375;7562;-17357;0.961592464;0.022433758;-0.242692468
246449710;341.4375;7562;-17357;0.9646516;0.026512622;-0.242692468
246479472;341.4375;7562;-17357;0.959553;0.02753234;-0.24167276
246509873;341.4375;7562;-17357;0.96261216;0.03263092;-0.24065304
246539716;341.4375;7562;-17357;0.96261216;0.029571772;-0.24167276
246562233;341.4375;7562;-17357;0.9605727;0.0193746092;-0.242692468
246588679;341.4375;7562;-17357;0.96261216;0.021414042;-0.24167276
246616461;341.4375;7562;-17357;0.961592464;0.02447319;-0.24167276
246660836;341.4375;7562;-17357;0.961592464;0.033650636;-0.24167276
246683618;341.4375;7562;-17357;0.96261216;0.03263092;-0.24065304
246709819;341.4375;7562;-17357;0.96363184;0.026512622;-0.242692468
246732918;341.4375;7562;-17357;0.96261216;0.02447319;-0.23963332
246759976;341.4375;7562;-17357;0.961592464;0.023453474;-0.242692468
246781866;341.4375;7562;-17357;0.9605727;0.029571772;-0.242692468
246810394;341.4375;7562;-17357;0.96363184;0.03263092;-0.24167276
246832352;341.4375;7562;-17357;0.961592464;0.031611204;-0.24065304
246859983;341.4375;7562;-17357;0.96363184;0.02753234;-0.23963332
246882732;341.4375;7562;-17357;0.96363184;0.026512622;-0.24065304
246910000;341.4375;7562;-17357;0.9605727;0.025492906;-0.24167276
246939764;341.4375;7562;-17357;0.961592464;0.02753234;-0.24167276
246967159;341.4375;7562;-17357;0.961592464;0.030591488;-0.24167276
246990110;341.4375;7562;-17357;0.96363184;0.03263092;-0.24065304
247011870;341.4375;7562;-17357;0.961592464;0.026512622;-0.23963332
247039756;341.4375;7562;-17357;0.96363184;0.02447319;-0.24065304
247062061;341.4375;7562;-17357;0.961592464;0.023453474;-0.24065304
247110908;341.4375;7562;-17357;0.96261216;0.025492906;-0.24575162
247138409;341.4375;7562;-17357;0.9646516;0.029571772;-0.2386136
247160910;341.4375;7562;-17357;0.96261216;0.025492906;-0.24167276
247183397;341.4375;7562;-17357;0.96363184;0.029571772;-0.24167276
247209832;341.4375;7562;-17357;0.96261216;0.02447319;-0.24575162
247232654;341.4375;7562;-17357;0.961592464;0.022433758;-0.247791052
247259682;341.4375;7562;-17357;0.9605727;0.026512622;-0.24575162
247282939;341.4375;7562;-17357;0.96363184;0.031611204;-0.05_192721_laser_agl.csv@247285323;0.021;0
247309590;341.4375;7562;-17357;0.96261216;0.031611204;-0.24167276
247330643;341.4375;7562;-17357;0.9605727;0.028552056;-0.242692468
247352545;341.4375;7562;-17357;0.96363184;0.026512622;-0.24371218
247379192;341.4375;7562;-17357;0.96363184;0.022433758;-0.24167276
247401456;341.4375;7562;-17357;0.96261216;0.02447319;-0.242692468
247425076;341.4375;7562;-17357;0.96261216;0.025492906;-0.2386136
247449979;341.4375;7562;-17357;0.96261216;0.029571772;-0.23963332
247479790;341.4375;7562;-17357;0.961592464;0.030591488;-0.24167276
247522764;341.4375;7562;-17357;0.96261216;0.02447319;-0.24371218
247560227;341.4375;7562;-17357;0.96363184;0.023453474;-0.24371218
247583200;341.4375;7562;-17357;0.96261216;0.02753234;-0.23963332
247609809;341.4375;7562;-17357;0.961592464;0.029571772;-0.24065304
247639771;341.4375;7562;-17357;0.961592464;0.03263092;-0.24167276
247663377;341.4375;7562;-17357;0.96261216;0.029571772;-0.24575162
247689554;341.4375;7562;-17357;0.961592464;0.023453474;-0.24371218
247710829;341.4375;7562;-17357;0.96363184;0.025492906;-0.242692468
247749732;341.4375;7562;-17357;0.961592464;0.030591488;-0.23963332
247773353;341.4375;7562;-17357;0.961592464;0.030591488;-0.24371218
247799730;341.4375;7562;-17357;0.96261216;0.031611204;-0.24677134
247829707;341.4375;7562;-17357;0.961592464;0.028552056;-0.24371218
247859968;341.4375;7562;-17357;0.9605727;0.023453474;-0.2386136
247881677;341.4375;7562;-17357;0.9605727;0.02447319;-0.2386136
247903421;341.4375;7562;-17357;0.961592464;0.025492906;-0.24065304
247929651;341.4375;7562;-17357;0.9605727;0.025492906;-0.24167276
247951640;341.4375;7562;-17357;0.961592464;0.030591488;-0.24167276
247993235;341.4375;7562;-17357;0.96261216;0.026512622;-0.242692468
248014887;341.4375;7562;-17357;0.961592464;0.025492906;-0.24167276
248039921;341.4375;7562;-17357;0.96261216;0.02447319;-0.2386136
248063603;341.4375;7562;-17357;0.96363184;0.02753234;-0.24065304
248090159;341.4375;7562;-17357;0.96261216;0.029571772;-0.23963332
248120186;341.4375;7562;-17357;0.96261216;0.030591488;-0.242692468
248149536;341.4375;7562;-17357;0.961592464;0.028552056;-0.24575162
248170691;341.4375;7562;-17357;0.96261216;0.025492906;-0.24065304
248193317;341.4375;7562;-17357;0.961592464;0.02447319;-0.24575162
248215171;341.4375;7562;-17357;0.96261216;0.028552056;-0.24065304
248239656;341.4375;7562;-17357;0.9605727;0.02753234;-0.24371218
248283474;341.4375;7562;-17357;0.961592464;0.026512622;-0.2447319
248309704;341.4375;7562;-17357;0.96261216;0.02753234;-0.24167276
248331166;341.4375;7562;-17357;0.96261216;0.02753234;-0.24065304
248383207;341.4375;7562;-17357;0.96261216;0.026512622;-0.242692468
248409890;341.4375;7562;-17357;0.96363184;0.029571772;-0.2447319
248431692;341.4375;7562;-17357;0.961592464;0.029571772;-0.242692468
248455700;341.4375;7562;-@20000101_000005_192721_imu_lsm6dso32.csv@248459418;1.012112;0.00976;0.00488;-98;42;-91;1
248480755;341.4375;7562;-17357;0.96261216;0.025492906;-0.23453474
248509622;341.4375;7562;-17357;0.96261216;0.023453474;-0.242692468
248539852;341.4375;7562;-17357;0.96261216;0.026512622;-0.24167276
248563364;341.4375;7562;-17357;0.96261216;0.02753234;-0.24167276
248589389;341.4375;7562;-@20000101_000005_192721_airspeed_sdp810.csv@248593334;68;107;4270
248610942;341.4375;7562;-17357;0.96363184;0.02753234;-0.24167276
248639630;341.4375;7562;-17357;0.96261216;0.02753234;-0.24167276
248662083;341.4375;7562;-17357;0.96363184;0.02447319;-0.24167276
248685676;341.4375;7562;-4692468
248709985;341.4375;7562;-17357;0.96363184;0.02753234;-0.24575162
248739712;341.4375;7562;-17357;0.96363184;0.028552056;-0.24167276
248761948;341.4375;7562;-17357;0.96363184;0.030591488;-0.23963332
248787495;341.4375;7562;-17357;0.96363184;0.028552056;-0.242692468
248829615;341.4375;7562;-17357;0.96261216;0.026512622;-0.2447319
248855686;341.4375;7562;-@20000101_000005_192721_imu_lsm6dso32.csv@248858593;1.013088;0.008784;0.002928;-105;70;-98;1
248879694;341.4375;7562;-17357;0.96261216;0.025492906;-0.24167276
248901930;341.4375;7562;-17357;0.96363184;0.025492906;-0.23963332
248929540;341.4375;7562;-17357;0.96261216;0.026512622;-0.237593884
248951462;341.4375;7562;-17357;0.9605727;0.02753234;-0.241670112;35;-98;1
248973332;341.4375;7562;-17357;0.961592464;0.025492906;-0.242692468
248999513;341.4375;7562;-17357;0.96261216;0.025492906;-0.24677134
249029637;341.4375;7562;-17357;0.9646516;0.026512622;-0.242692468
249051795;341.4375;7562;-17357;0.96363184;0.026512622;-0.24065304
249077253;341.4375;7562;-17357;0.96261216;0.02753234;-0.237593884
249099933;341.4375;7562;-17357;0.96363184;0.02753234;-0.23963332
249129593;341.4375;7556;-17357;0.96261216;0.028552056;-0.2447319
249160063;341.4375;7556;-17357;0.96261216;0.029571772;-0.2447319
249182886;341.4375;7556;-17357;0.96261216;0.030591488;-0.242692468
249209538;341.4375;7556;-17357;0.96363184;0.028552056;-0.24065304
249251910;341.4375;7556;-17357;0.96261216;0.029571772;-0.24167276
249279912;341.4375;7556;-17357;0.959553;0.025492906;-0.24371218
249309671;341.4375;7556;-17357;0.959553;0.02447319;-0.24677134
249339781;341.4375;7556;-17357;0.961592464;0.02753234;-0.24575162
249366401;341.4375;7556;-17357;0.961592464;0.028552056;-0.23963332
249389976;341.4375;7556;-17357;0.961592464;0.02753234;-0.2386136
249412575;341.4375;7556;-17357;0.96261216;0.029571772;-0.24167276
249439633;341.4375;7556;-17357;0.9605727;0.025492906;-0.24167276
249461948;341.4375;7556;-17357;0.9605727;0.02753234;-0.24167276
249489845;341.4375;7556;-17357;0.96261216;0.02753234;-0.24371218
249514847;341.4375;7556;-17357;0.96261216;0.028552056;-0.24167276
249539705;341.4375;7556;-17357;0.96363184;0.028552056;-0.2386136
249589549;341.4375;7556;-17357;0.96261216;0.025492906;-0.242692468
249616450;341.4375;7556;-17357;0.96363184;0.02753234;-0.24167276
249639937;341.4375;7556;-17357;0.96261216;0.028552056;-0.242692468
249661912;341.4375;7556;-17357;0.9605727;0.029571772;-0.24167276
249779359;341.4375;7556;-17357;0.961592464;0.025492906;-0.24371218
249805532;341.4375;7556;-17357;0.96261216;0.029571772;-0.2447319
249860082;341.4375;7556;-17357;0.9605727;0.028552056;-0.24167276
249883250;341.4375;7556;-17357;0.9605727;0.025492906;-0.24371218
249914892;341.4375;7556;-17357;0.96261216;0.026512622;-0.24371218
249949107;341.4375;7556;-17357;0.96261216;0.026512622;-0.2447319
249970798;341.4375;7556;-17357;0.961592464;0.031611204;-0.23963332
249999033;341.4375;7556;-17357;0.96363184;0.031611204;-0.24167276
250021798;341.4375;7556;-17357;0.961592464;0.030591488;-0.23963332
250049406;341.4375;7556;-17357;0.9605727;0.026512622;-0.24167276
250071028;341.4375;7556;-17357;0.961592464;0.023453474;-0.24167276
250099248;341.4375;7556;-17357;0.96363184;0.02753234;-0.2447319
250129543;341.4375;7556;-17357;0.961592464;0.029571772;-0.23963332
250202051;341.4375;7556;-17357;0.96261216;0.025492906;-0.2447319
250228806;341.4375;7556;-17357;0.96363184;0.02447319;-0.2447319
250251189;341.4375;7556;-17357;0.96261216;0.025492906;-0.2447319
250279584;341.4375;7556;-17357;0.96261216;0.02753234;-0.242692468
250301681;341.4375;7556;-17357;0.9605727;0.028552056;-0.24167276
250329531;341.4375;7556;-17357;0.96261216;0.030591488;-0.24167276
250359752;341.4375;7556;-17357;0.9605727;0.026512622;-0.2447319
250382952;341.4375;7556;-17357;0.9605727;0.02447319;-0.24371218
250410047;341.4375;7556;-17357;0.96261216;0.026512622;-0.24371218
250432111;341.4375;7556;-17357;0.96261216;0.029571772;-0.24065304
250459806;341.4375;7556;-17357;0.961592464;0.030591488;-0.242692468
250489794;341.4375;7556;-17357;0.96261216;0.028552056;-0.24065304
250511647;341.4375;7556;-17357;0.96363184;0.025492906;-0.24167276
250538221;341.4375;7556;-17357;0.96261216;0.025492906;-0.24371218
250600073;341.4375;7556;-17357;0.96363184;0.030591488;-0.24167276
250628809;341.4375;7556;-17357;0.9605727;0.029571772;-0.2386136
250652230;341.4375;7556;-17357;0.96363184;0.028552056;-0.24065304
250679025;341.4375;7556;-17357;0.961592464;0.02753234;-0.2386136
250709996;341.4375;7556;-17357;0.96363184;0.026512622;-0.24371218
250770897;341.4375;7556;-17357;0.96261216;0.029571772;-0.23963332
250860024;341.4375;7556;-17357;0.961592464;0.025492906;-0.2447319
250881943;341.4375;7556;-17357;0.961592464;0.025492906;-0.24167276
250909057;341.4375;7556;-17357;0.96363184;0.02753234;-0.24167276
250939430;341.4375;7556;-17357;0.96261216;0.028552056;-0.24167276
250961061;341.4375;7556;-17357;0.9605727;0.028552056;-0.24371218
250983141;341.4375;7556;-17357;0.961592464;0.025492906;-0.242692468
251009782;341.4375;7556;-17357;0.96261216;0.025492906;-0.242692468
251060544;341.4375;7556;-17357;0.96261216;0.02753234;-0.2386136
251082089;341.4375;7556;-17357;0.96363184;0.028552056;-0.24167276
251109910;341.4375;7556;-17357;0.96261216;0.029571772;-0.24371218
251139761;341.4375;7556;-17357;0.96363184;0.028552056;-0.24065304
251162711;341.4375;7556;-17357;0.96261216;0.026512622;-0.24167276
251189556;341.4375;7556;-0@20000101_000005_192721_airspeed_sdp810.csv@251192097;47;89;4272
251211251;341.4375;7556;-17357;0.9646516;0.02753234;-0.2386136
251236436;341.4375;7556;-17357;0.961592464;0.028552056;-0.24167276
251260305;341.4375;7556;-17357;0.96363184;0.028552056;-0.24167276
251281715;341.4375;7556;-17357;0.961592464;0.02753234;-0.242692468
251310305;341.4375;7556;-17357;0.9605727;0.02753234;-0.24371218
251337004;341.4375;7556;-17357;0.961592464;0.02753234;-0.242692468
251361292;341.4375;7556;-17357;0.961592464;0.02753234;-0.24167276
251383014;341.4375;7556;-17357;0.961592464;0.02753234;-0.23963332
251416339;341.4375;7556;-17357;0.961592-1_000005_192721_airspeed_sdp810.csv@251418216;58;99;4267
251449483;341.4375;7556;-17357;0.961592464;0.031611204;-0.247791052
251495808;341.4375;7556;-17357;0.96363184;0.02753234;-0.24167276
251520082;341.4375;7556;-17357;0.961592464;0.025492906;-0.239633@20000101_000005_192721_airspeed_sdp810.csv@251523107;55;96;4267@20000101_000005_192721_accel_adxl375.csv@251525104;1.7639999;0.147;0.244999984;1
251549797;341.4375;7556;-17357;0.96261216;0.02447319;-0.2386136
251574462;341.4375;7556;-17357;0.961592464;0.028552056;-0.24065304
251599568;341.4375;7556;-17357;0.961592464;0.028552056;-0.24065304
251629395;341.4375;7556;-17357;0.96363184;0.02753234;-0.242692468
251651175;341.4375;7556;-17357;0.96261216;0.025492906;-0.23963332
251673426;341.4375;7556;-17357;0.96261216;0.025492906;-0.24065304
251699811;341.4375;7556;-17357;0.961592464;0.025492906;-0.23963332
251729787;341.4375;7556;-17357;0.961592464;0.02753234;-0.24065304
251759763;341.4375;7556;-17357;0.96261216;0.031611204;-0.242692468
251782236;341.4375;7556;-17357;0.96363184;0.029571772;-0.242692468
251809489;341.4375;7556;-17357;0.961592464;0.028552056;-0.24167276
251833379;341.4375;7556;-17357;0.9605727;0.025492906;-0.24065304
251859675;341.4375;7556;-17357;0.96261216;0.02753234;-0.24167276
251881133;341.4375;7556;-17357;0.9605727;0.02753234;-0.242692468
251930071;341.4375;7556;-17357;0.96363184;0.031611204;-0.24371218
251979372;341.4375;7556;-17357;0.96363184;0.028552056;-0.24065304
252000930;341.4375;7556;-17357;0.961592464;0.025492906;-0.24371218
252029573;341.4375;7556;-17357;0.96261216;0.025492906;-0.24371218
252051609;341.4375;7556;-17357;0.961592464;0.026512622;-0.242692468
252077849;341.4375;7556;-17357;0.96363184;0.02753234;-0.24167276
252102352;341.4375;7556;-17357;0.96363184;0.029571772;-0.24167276
252126377;341.4375;7556;-17357;0.96261216;0.028552056;-0.23963332
252149850;341.4375;7556;-17357;0.96261216;0.025492906;-0.24065304
252179633;341.4375;7556;-17357;0.961592464;0.02447319;-0.24167276
252206622;341.4375;7556;-17357;0.9605727;0.025492906;-0.242692468
252229846;341.4375;7556;-17357;0.961592464;0.02753234;-0.24167276
252252231;341.4375;7556;-17357;0.96261216;0.02753234;-0.24167276
252278041;341.4375;7556;-17357;0.961592464;0.028552056;-0.24167276
252301842;341.4375;7556;-17357;0.961592464;0.028552056;-0.24167276
252350101;341.4375;7556;-17357;0.9605727;0.028552056;-0.242692468
252389785;341.4375;7556;-17357;0.96261216;0.02753234;-0.242692468
252420088;341.4375;7556;-17357;0.96363184;0.02753234;-0.24065304
252472174;341.4375;7556;-17357;0.96363184;0.02753234;-0.24065304
252509820;341.4375;7556;-17357;0.96261216;0.025492906;-0.24371218
252531828;341.4375;7556;-17357;0.96261216;0.026512622;-0.24167276
252555351;341.4375;7556;-17357;0.96363184;0.028552056;-0.24167276
252579941;341.4375;7556;-17357;0.961592464;0.029571772;-0.24065304
252602103;341.4375;7556;-17357;0.9605727;0.029571772;-0.23963332
252629441;341.4375;7556;-17357;0.96261216;0.026512622;-0.24167276
252651539;341.4375;7556;-17357;0.96363184;0.025492906;-0.24167276
252679200;341.4375;7556;-17357;0.96261216;0.026512622;-0.242692468
252701017;341.4375;7556;-17357;0.9605727;0.02753234;-0.23963332
252723682;341.4375;7556;-17357;0.961592464;0.029571772;-0.2386@20000101_000005_192721_accel_adxl375.csv@252726011;1.813;0.098;0.147;1
252749616;341.4375;7556;-17357;0.96261216;0.02753234;-0.242692468
252783811;341.4375;7556;-17357;0.96261216;0.025492906;-0.2447319
252810159;341.4375;7556;-17357;0.96261216;0.025492906;-0.24167276
252831825;341.4375;7556;-17357;0.96261216;0.025492906;-0.242692468
252859118;341.4375;7556;-17357;0.96363184;0.026512622;-0.242692468
252881556;341.4375;7556;-17357;0.96261216;0.028552056;-0.24167276
252914261;341.4375;7556;-17357;0.96363184;0.029571772;-0.24065304
252946371;341.4375;7556;-17357;0.96261216;0.026512622;-0.24167276
252969780;341.4375;7556;-17357;0.96261216;0.025492906;-0.24167276
253013817;341.4375;7556;-17357;0.961592464;0.026512622;-0.2386136
253070863;341.4375;7556;-17357;0.96363184;0.028552056;-0.24167276
253114855;341.4375;7556;-17357;0.96261216;0.028552056;-0.242692468
253149536;341.4375;7556;-17357;0.96363184;0.023453474;-0.24167276
253172219;341.4375;7556;-17357;0.961592464;0.026512622;-0.23963332
253214509;341.4375;7556;-17357;0.96261216;0.028552056;-0.24065304
253239536;341.4375;7556;-17357;0.96363184;0.029571772;-0.242692468
253281747;341.4375;7556;-17357;0.961592464;0.025492906;-0.24167276
253309817;341.4375;7556;-17357;0.96261216;0.025492906;-0.24167276
253339950;341.4375;7556;-17357;0.961592464;0.02753234;-0.24167276
253361890;341.4375;7556;-17357;0.961592464;0.030591488;-0.24371218
253419913;341.4375;7556;-17357;0.961592464;0.028552056;-0.24167276
253442890;341.4375;7556;-17357;0.96261216;0.025492906;-0.2447319
253465582;341.4375;7556;-17357;0.96261216;0.02447319;-0.24167276
253489996;341.4375;7556;-17357;0.96261216;0.02447319;-0.24371218
253516310;341.4375;7556;-17357;0.96363184;0.02753234;-0.2447319
253539761;341.4375;7556;-17357;0.96363184;0.02753234;-0.24065304
253587782;341.4375;7556;-17357;0.9605727;0.025492906;-0.24167276
253629904;341.4375;7556;-17357;0.961592464;0.028552056;-0.23963332
253653014;341.4375;7556;-17357;0.96261216;0.030591488;-0.242692468
253679564;341.4375;7556;-17357;0.961592464;0.02753234;-0.24167276
253700615;341.4375;7556;-17357;0.961592464;0.029571772;-0.242692468
253721768;341.4375;7556;-52468
253749041;341.4375;7556;-17357;0.96261216;0.02447319;-0.2447319
253771099;341.4375;7556;-17357;0.96261216;0.02447319;-0.242692468
253795766;341.4375;7556;-17357;0.961592464;0.02753234;-0.24167276
253819743;341.4375;7556;-17357;0.961592464;0.029571772;-0.24065304
253849702;341.4375;7556;-17357;0.96363184;0.030591488;-0.242692468
253872432;341.4375;7556;-17357;0.96363184;0.028552056;-0.23963332
253899504;341.4375;7556;-17357;0.961592464;0.02753234;-0.242692468
253929646;341.4375;7556;-17357;0.961592464;0.026512622;-0.24167276
253951467;341.4375;7556;-17357;0.96363184;0.025492906;-0.24065304
253973428;341.4375;7556;-17357;0.96261216;0.026512622;-0.24167276
253999459;341.4375;7556;-17357;0.96261216;0.026512622;-0.242692468
254022072;341.4375;7556;-1784;0.028552056;-0.2386136
254070740;341.4375;7556;-17357;0.96261216;0.028552056;-0.24065304
254100058;341.4375;7556;-17357;0.961592464;0.02753234;-0.24371218
254129774;341.4375;7556;-17357;0.96363184;0.025492906;-0.24065304
254152216;341.4375;7556;-17357;0.961592464;0.028552056;-0.2386136
254179291;341.4375;7556;-17357;0.96261216;0.02753234;-0.24167276
254201377;341.4375;7556;-17357;0.9605727;0.030591488;-0.242692468
254223142;341.4375;7556;-17357;0.961592464;0.026512622;-0.24167276
254259715;341.4375;7556;-17357;0.96363184;0.026512622;-0.24167276
254281022;341.4375;7556;-17357;0.96363184;0.026512622;-0.242692468
254302804;341.4375;7556;-17357;0.96363184;0.026512622;-0.2386136
254329588;341.4375;7556;-17357;0.96261216;0.029571772;-0.24167276
254359852;341.4375;7556;-17357;0.9605727;0.029571772;-0.242692468
254382532;341.4375;7556;-17357;0.961592464;0.028552056;-0.2447319
254406990;341.4375;7556;-17357;0.961592464;0.026512622;-0.24065304
254460567;341.4375;7556;-17357;0.96261216;0.02753234;-0.24371218
254489555;341.4375;7556;-17357;0.9605727;0.026512622;-0.24371218
254512032;341.4375;7556;-17357;0.9605727;0.02753234;-0.242692468
254539545;341.4375;7556;-17357;0.961592464;0.028552056;-0.24167276
254560801;341.4375;7556;-17357;0.961592464;0.023453474;-0.24065304
254583234;341.4375;7556;-17357;0.961592464;0.02753234;-0.24167276
254619835;341.4375;7556;-17357;0.96363184;0.025492906;-0.24167276
254642816;341.4375;7556;-17357;0.96363184;0.028552056;-0.2447319
254666018;341.4375;7556;-17357;0.96261216;0.029571772;-0.24167276
254690056;341.4375;7556;-1-0.242692468
254712254;341.4375;7556;-17357;0.96363184;0.028552056;-0.24167276
254749636;341.4375;7556;-17357;0.961592464;0.025492906;-0.24167276
254772419;341.4375;7556;-17357;0.9656713;0.026512622;-0.24167276
254809804;341.4375;7556;-17357;0.96261216;0.02753234;-0.24167276
254831695;341.4375;7556;-17357;0.96261216;0.029571772;-0.24371218
254858448;341.4375;7556;-90.030591488;-0.24167276
254910004;341.4375;7556;-17357;0.96261216;0.02753234;-0.23963332
254931652;341.4375;7556;-17357;0.96261216;0.02753234;-0.24167276
254954107;341.4375;7556;-17357;0.96363184;0.026512622;-0.2447319
254979516;341.4375;7556;-17357;0.96363184;0.02753234;-0.24371218
255000809;341.4375;7556;-17357;0.96261216;0.028552056;-0.24167276
255023056;341.4375;7556;-17357;0.961592464;0.028552056;-0.242692468
255059732;341.4375;7556;-17357;0.96261216;0.026512622;-0.24167276
255082138;341.4375;7556;-17357;0.96261216;0.025492906;-0.24167276
255109514;341.4375;7556;-17357;0.96363184;0.025492906;-0.242692468
255140037;341.4375;7556;-17357;0.961592464;0.02753234;-0.242692468
255162618;341.4375;7556;-17357;0.96261216;0.028552056;-0.24167276
255211352;341.4375;7556;-17357;0.9605727;0.031611204;-0.24167276
255239375;341.4375;7556;-17357;0.961592464;0.028552056;-0.24167276
255261289;341.4375;7556;-17357;0.96363184;0.026512622;-0.24371218
255282636;341.4375;7556;-17357;0.96363184;0.02753234;-0.23963332
255329604;341.4375;7556;-17357;0.961592464;0.028552056;-0.242692468
255359466;341.4375;7556;-17357;0.96363184;0.028552056;-0.24167276
255382340;341.4375;7556;-17357;0.96261216;0.028552056;-0.24167276
255408639;341.4375;7556;-17357;0.96261216;0.028552056;-0.242692468
255430045;341.4375;7556;-17357;0.961592464;0.02753234;-0.24065304
255459017;341.4375;7556;-17357;0.96261216;0.026512622;-0.24167276
255482186;341.4375;7556;-17357;0.96261216;0.02753234;-0.24167276
255509684;341.4375;7556;-17357;0.96261216;0.028552056;-0.2447319
255539393;341.4375;7556;-17357;0.96261216;0.026512622;-0.242692468
255561388;341.4375;7556;-17357;0.96261216;0.026512622;-0.24371218
255582659;341.4375;7556;-17357;0.96261216;0.026512622;-0.24167276
255615660;341.4375;7556;-17357;0.959553;0.026512622;-0.24167276
255639843;341.4375;7556;-17357;0.961592464;0.026512622;-0.24065304
255689216;341.4375;7556;-17357;0.961592464;0.029571772;-0.242692468
255716435;341.4375;7556;-17357;0.96261216;0.026512622;-0.24167276
255739670;341.4375;7556;-17357;0.961592464;0.02753234;-0.24065304
255780390;341.4375;7556;-17357;0.961592464;0.028552056;-0.23963332
255815421;341.4375;7556;-17357;0.96261216;0.029571772;-0.242692468
255840013;341.4375;7556;-17357;0.961592464;0.026512622;-0.242692468
255889404;341.4375;7556;-@20000101_000005_192721_airspeed_sdp810.csv@255893577;55;96;4269
255914934;341.4375;7556;-17357;0.96261216;0.026512622;-0.242692468
255939695;341.4375;7556;-17357;0.959553;0.026512622;-0.242692468
255962207;341.4375;7556;-17357;0.961592464;0.02753234;-0.242692468
255989564;341.4375;7556;-17357;0.96363184;0.028552056;-0.242692468
256011730;341.4375;7556;-17357;0.961592464;0.02753234;-0.242692468
256049544;341.4375;0ser_agl.csv@256053068;0.02;0
256072656;341.4375;7556;-17357;0.961592464;0.026512622;-0.24065304
256099315;341.4375;7556;-17357;0.96363184;0.030591488;-0.24167276
256121401;341.4375;7556;-17357;0.96261216;0.026512622;-0.242692468
256149382;341.4375;7556;-17357;0.9605727;0.02753234;-0.24167276
256170639;341.4375;7556;-17357;0.961592464;0.029571772;-0.242692468
256241980;341.4375;7556;-17357;0.961592464;0.026512622;-0.24167276
256263718;341.4375;7556;-17357;0.961592464;0.02753234;-0.24167276
256289423;341.4375;7556;-17357;0.96363184;0.029571772;-0.24167276
256316420;341.4375;7556;-17357;0.96261216;0.02753234;-0.24371218
256349322;341.4375;7556;-17357;0.96363184;0.028552056;-0.2447319
256372865;341.4375;7556;-17357;0.96261216;0.02753234;-0.237593884
256399483;341.4375;7556;-17357;0.9605727;0.026512622;-0.2447319
256429551;341.4375;7556;-17357;0.96363184;0.026512622;-0.23963332
256459907;341.4375;7556;-17357;0.961592464;0.030591488;-0.24167276
256489560;341.4375;7556;-17357;0.9646516;0.029571772;-0.24065304
256515332;341.4375;7556;-17357;0.961592464;0.025492906;-0.24065304
256543891;341.4375;7556;-17357;0.96261216;0.025492906;-0.24167276
256566736;341.4375;7556;-17357;0.96261216;0.025492906;-0.237593884
256590104;341.4375;7556;-@20000101_000005_192721_airspeed_sdp810.csv@256592609;12;45;4268
256611975;341.4375;7556;-17357;0.96261216;0.029571772;-0.242692468
256639049;341.4375;7556;-17357;0.961592464;0.028552056;-0.242692468
256699705;341.4375;7556;-17357;0.96261216;0.026512622;-0.242692468
256729548;341.4375;7556;-17357;0.96261216;0.02753234;-0.2447319
256751549;341.4375;7556;-17357;0.96363184;0.029571772;-0.24371218
256778617;341.4375;7556;-17357;0.9605727;0.028552056;-0.24065304
256800245;341.4375;7556;-17357;0.96363184;0.030591488;-0.242692468
256839039;341.4375;7556;-17357;0.96261216;0.02753234;-0.242692468
256861232;341.4375;7556;-17357;0.96261216;0.026512622;-0.24065304
256882818;341.4375;7556;-17357;0.9605727;0.028552056;-0.23963332
256909880;341.4375;7556;-17357;0.96261216;0.026512622;-0.242692468
256949696;341.4375;7556;-17357;0.961592464;0.028552056;-0.24677134
256973454;341.4375;7556;-17357;0.961592464;0.028552056;-0.24167276
257009756;341.4375;7556;-17357;0.961592464;0.026512622;-0.24167276
257031854;341.4375;7556;-17357;0.96261216;0.02753234;-0.24065304
257059007;341.4375;7556;-17357;0.96363184;0.028552056;-0.2447319
257082224;341.4375;7556;-17357;0.9605727;0.028552056;-0.242692468
257117461;341.4375;7556;-@20000101_000005_192721_imu_lsm6dso32.csv@257122552;1.012112;0.012688;0.001952;-91;35;-98;1
257140065;341.4375;7556;-17357;0.961592464;0.02753234;-0.23963332
257162038;341.4375;7556;-17357;0.96261216;0.026512622;-0.24575162
257189358;341.4375;7556;-17357;0.96261216;0.026512622;-0.242692468
257210966;341.4375;7556;-17357;0.961592464;0.028552056;-0.24167276
257239462;341.4375;7556;-17357;0.96261216;0.028552056;-0.23963332
257261501;341.4375;7556;-17357;0.961592464;0.030591488;-0.24371218
257289603;341.4375;7556;-17357;0.961592464;0.030591488;-0.24167276
257310942;341.4375;7556;-17357;0.96261216;0.026512622;-0.23963332
257339903;341.4375;7556;-17357;0.961592464;0.02753234;-0.24167276
257362763;341.4375;7556;-17357;0.96363184;0.025492906;-0.24167276
257389590;341.4375;7556;-17357;0.96261216;0.02753234;-0.24167276
257416371;341.4375;7556;-17357;0.96261216;0.029571772;-0.24371218
257440023;341.4375;7556;-17357;0.96261216;0.02753234;-0.24167276
257462639;341.4375;7556;-17357;0.96363184;0.026512622;-0.24167276
257504276;341.4375;7556;-17357;0.96363184;0.026512622;-0.242692468
257559079;341.4375;7556;-17357;0.96261216;0.028552056;-0.24167276
257580690;341.4375;7556;-17357;0.96261216;0.028552056;-0.24167276
257610146;341.4375;7556;-17357;0.961592464;0.030591488;-0.242692468
257639703;341.4375;7556;-17357;0.96363184;0.02753234;-0.24167276
257662431;341.4375;7556;-17357;0.96261216;0.02447319;-0.23963332
257713759;341.4375;7556;-17357;0.961592464;0.030591488;-0.24371218
257749452;341.4375;7556;-17357;0.961592464;0.031611204;-0.242692468
257770775;341.4375;7556;-17357;0.96261216;0.02753234;-0.24167276
257806206;341.4375;7556;-17357;0.96261216;0.02447319;-0.24065304
257830753;341.4375;7556;-17357;0.961592464;0.025492906;-0.24065304
257860127;341.4375;7556;-17357;0.96363184;0.02753234;-0.24371218
257910060;341.4375;7556;-17357;0.961592464;0.028552056;-0.24065304
257931980;341.4375;7556;-17357;0.96261216;0.02753234;-0.242692468
257980167;341.4375;7556;-17357;0.96261216;0.025492906;-0.24371218
258014195;341.4375;7556;-17357;0.961592464;0.025492906;-0.24167276
258039545;341.4375;7556;-17357;0.96261216;0.029571772;-0.24167276
258062576;341.4375;7556;-17357;0.961592464;0.029571772;-0.24167276
258089863;341.4375;7556;-17357;0.96261216;0.028552056;-0.24065304
258116252;341.4375;7556;-17357;0.96261216;0.026512622;-0.24167276
258139958;341.4375;7556;-17357;0.9605727;0.025492906;-0.24167276
258162474;341.4375;7556;-17357;0.96363184;0.02753234;-0.242692468
258210707;341.4375;7556;-17357;0.96261216;0.031611204;-0.24065304
258239509;341.4375;7556;-17357;0.961592464;0.030591488;-0.242692468
258289145;341.4375;7556;-17357;0.96363184;0.023453474;-0.24167276
258310868;341.4375;7556;-17357;0.96261216;0.025492906;-0.24167276
258333252;341.4375;7556;-17357;0.961592464;0.026512622;-0.24167276
258359760;341.4375;7556;-17357;0.961592464;0.028552056;-0.23963332
258382373;341.4375;7556;-17357;0.96261216;0.028552056;-0.242692468
258429871;341.4375;7556;-17357;0.9605727;0.02753234;-0.24371218
258451763;341.4375;7556;-17357;0.961592464;0.02447319;-0.2386136
258479460;341.4375;7556;-17357;0.9605727;0.025492906;-0.23963332
258500965;341.4375;7556;-17357;0.96363184;0.026512622;-0.24167276
258529727;341.4375;7556;-17357;0.96363184;0.030591488;-0.24167276
258583119;341.4375;7556;-17357;0.96261216;0.02753234;-0.242692468
258614907;341.4375;7556;-17357;0.96261216;0.02447319;-0.242692468
258649582;341.4375;7556;-17357;0.9646516;0.02447319;-0.24167276
258670880;341.4375;7556;-17357;0.96261216;0.026512622;-0.24167276
258692729;341.4375;7556;-17357;0.961592464;0.02753234;-0.242692468
258749536;341.4375;7556;-17357;0.961592464;0.026512622;-0.24371218
258771879;341.4375;7556;-17357;0.96261216;0.025492906;-0.24167276
258814987;341.4375;7556;-17357;0.96261216;0.028552056;-0.24065304
258840340;341.4375;7556;-17357;0.96363184;0.028552056;-0.242692468
258865268;341.4375;7556;-17357;0.9605727;0.028552056;-0.242692468
258890107;341.4375;7556;-17357;0.96261216;0.028552056;-0.24167276
258940416;341.4375;7556;-17357;0.96363184;0.025492906;-0.24371218
258962752;341.4375;7556;-17357;0.96261216;0.02753234;-0.24167276
258989584;341.4375;7556;-17357;0.96261216;0.02753234;-0.23963332
259010818;341.4375;7556;-17357;0.96261216;0.028552056;-0.242692468
259039983;341.4375;7556;-17357;0.96261216;0.028552056;-0.23963332
259063845;341.4375;7556;-17357;0.961592464;0.02753234;-0.24065304
259089694;341.4375;7556;-17357;0.96363184;0.026512622;-0.242692468
259111725;341.4375;7556;-17357;0.961592464;0.02753234;-0.2386136
259139641;341.4375;7556;-17357;0.96261216;0.026512622;-0.24065304
259162253;341.4375;7556;-17357;0.96363184;0.028552056;-0.23963332
259210972;341.4375;7556;-17357;0.961592464;0.02753234;-0.242692468
259279843;341.4375;7556;-17357;0.9605727;0.02753234;-0.24371218
259301909;341.4375;7556;-17357;0.96363184;0.026512622;-0.24167276
259325643;341.4375;7556;-17357;0.961592464;0.026512622;-0.24167276
259349781;341.4375;7556;-17357;0.96363184;0.029571772;-0.2447319
259373551;341.4375;7556;-17357;0.961592464;0.028552056;-0.242692468
259399145;341.4375;7556;-17357;0.961592464;0.026512622;-0.24371218
259429842;341.4375;7556;-17357;0.961592464;0.028552056;-0.242692468
259451716;341.4375;7556;-17357;0.96261216;0.026512622;-0.23963332
259479897;341.4375;7556;-17357;0.96363184;0.028552056;-0.24065304
259510034;341.4375;7556;-17357;0.9646516;0.028552056;-0.24371218
259532221;341.4375;7556;-17357;0.96261216;0.028552056;-0.24065304
259559960;341.4375;7556;-17357;0.96363184;0.028552056;-0.24167276
259582692;341.4375;7556;-17357;0.961592464;0.028552056;-0.24167276
259609921;341.4375;7556;-17357;0.96261216;0.02753234;-0.2447319
259632970;341.4375;7556;-17357;0.96363184;0.029571772;-0.237593884
259660229;341.4375;7556;-17357;0.96363184;0.028552056;-0.242692468
259703714;341.4375;7556;-17357;0.961592464;0.02753234;-0.24167276
259729830;341.4375;7556;-17357;0.96261216;0.025492906;-0.242692468
259752160;341.4375;7556;-17357;0.96261216;0.02447319;-0.242692468
259779525;341.4375;7556;-17357;0.961592464;0.026512622;-0.24167276
259809252;341.4375;7556;-17357;0.96261216;0.02753234;-0.242692468
259830965;341.4375;7556;-17357;0.96261216;0.028552056;-0.24371218
259854777;341.4375;7556;-17357;0.96261216;0.028552056;-0.24167276
259879648;341.4375;7556;-17357;0.961592464;0.026512622;-0.24167276
259900801;341.4375;7556;-17357;0.96363184;0.02753234;-0.24371218
259929422;341.4375;7556;-17357;0.96261216;0.026512622;-0.242692468
259959948;341.4375;7556;-17357;0.961592464;0.026512622;-0.24065304
259982050;341.4375;7556;-17357;0.96363184;0.031611204;-0.24065304
260009768;341.4375;7556;-17357;0.96261216;0.028552056;-0.23963332
260039721;341.4375;7556;-17357;0.961592464;0.02753234;-0.242692468
260061720;341.4375;7556;-17357;0.961592464;0.02753234;-0.24167276
260089339;341.4375;7556;-@20000101_000005_192721_airspeed_sdp810.csv@260093738;2;18;4263
260115934;341.4375;7556;-17357;0.9605727;0.028552056;-0.2386136
260162016;341.4375;7556;-17357;0.96261216;0.028552056;-0.24371218
260211611;341.4375;7556;-17357;0.96363184;0.028552056;-0.242692468
260233186;341.4375;7556;-17357;0.961592464;0.026512622;-0.24167276
260259807;341.4375;7556;-17357;0.961592464;0.025492906;-0.24167276
260281788;341.4375;7556;-17357;0.96261216;0.028552056;-0.24065304
260315272;341.4375;7556;-17357;0.961592464;0.02753234;-0.242692468
260345880;341.4375;7556;-17357;0.96261216;0.025492906;-0.242692468
260369977;341.4375;7556;-17357;0.96363184;0.02753234;-0.23963332
260393149;341.4375;7556;-17357;0.96261216;0.029571772;-0.242692468
260416337;341.4375;7556;-17357;0.96363184;0.025492906;-0.24167276
260439813;341.4375;7556;-17357;0.96363184;0.025492906;-0.24167276
260461981;341.4375;7556;-17357;0.96363184;0.028552056;-0.24065304
260487349;341.4375;7556;-17357;0.961592464;0.02753234;-0.24065304
260510272;341.4375;7556;-17357;0.9605727;0.029571772;-0.242692468
260539865;341.4375;7556;-17357;0.96261216;0.028552056;-0.23963332
260562439;341.4375;7556;-17357;0.961592464;0.026512622;-0.24167276
260610683;341.4375;7556;-17357;0.961592464;0.028552056;-0.24167276
260639928;341.4375;7556;-17357;0.961592464;0.029571772;-0.24065304
260662945;341.4375;7556;-17357;0.96261216;0.02753234;-0.24065304
260689751;341.4375;7556;-17357;0.9605727;0.02753234;-0.24371218
260713139;341.4375;7556;-17357;0.961592464;0.02753234;-0.24167276
260739795;341.4375;7556;-17357;0.96363184;0.026512622;-0.242692468
260770003;341.4375;755e810.csv@260771601;55;96;4268
260799705;341.4375;7556;-17357;0.96363184;0.029571772;-0.2447319
260829759;341.4375;7556;-17357;0.96261216;0.031611204;-0.24167276
260859874;341.4375;7556;-17357;0.96261216;0.029571772;-0.242692468
260882435;341.4375;7556;-17357;0.96261216;0.026512622;-0.24167276
260915206;341.4375;7556;-17357;0.96363184;0.026512;007808;0.003904;-84;35;-105;1
260949580;341.4375;7556;-17357;0.96261216;0.02753234;-0.2447319
260979805;341.4375;7556;-17357;0.96363184;0.029571772;-0.24065304
261009978;341.4375;7556;-17357;0.96261216;0.02753234;-0.242692468
261060475;341.4375;7556;-17357;0.96261216;0.026512622;-0.24167276
261082229;341.4375;7556;-17357;0.96261216;0.026512622;-0.24065304
261110139;341.4375;7556;-17357;0.961592464;0.026512622;-0.24167276
261139939;341.4375;7556;-17357;0.9605727;0.028552056;-0.24167276
261163404;341.4375;7556;-17357;0.9646516;0.030591488;-0.24065304
261189588;341.4375;7556;-17357;0.96363184;0.02753234;-0.24065304
261211529;341.4375;7556;-17357;0.961592464;0.025492906;-0.24167276
261232932;341.4375;7556;-17357;0.96261216;0.026512622;-0.242692468
261259975;341.4375;7556;-17357;0.96363184;0.026512622;-0.24371218
261282560;341.4375;7556;-17357;0.961592464;0.029571772;-0.24065304
261305524;341.4375;7556;-17357;0.96261216;0.02753234;-0.24371218
261330149;341.4375;7556;-17357;0.96363184;0.026512622;-0.24371218
261359985;341.4375;7556;-17357;0.961592464;0.028552056;-0.24167276
261382519;341.4375;7556;-17357;0.9646516;0.025492906;-0.242692468
261414907;341.4375;7556;-17357;0.96261216;0.025492906;-0.23963332
261439943;341.4375;7556;-17357;0.96261216;0.02753234;-0.24065304
261466463;341.4375;7556;-17357;0.96261216;0.028552056;-0.24065304
261520223;341.4375;7556;-17357;0.96363184;0.026512622;-0.242692468
261560000;341.4375;7556;-17357;0.96363184;0.026512622;-0.23963332
261581814;341.4375;7556;-17357;0.9646516;0.026512622;-0.24167276
261609725;341.4375;7556;-17357;0.961592464;0.02753234;-0.242692468
261639074;341.4375;7556;-17357;0.961592464;0.030591488;-0.24167276
261683701;341.4375;7556;-17357;0.961592464;0.02753234;-0.24371218
261709970;341.4375;7556;-17357;0.961592464;0.028552056;-0.242692468
261732360;341.4375;7556;-17357;0.961592464;0.02753234;-0.24167276
261759791;341.4375;7556;-17357;0.96261216;0.02753234;-0.24167276
261784099;341.4375;7556;-17357;0.96363184;0.02753234;-0.24167276
261809920;341.4375;7556;-17357;0.96261216;0.029571772;-0.24371218
261839298;341.4375;7556;-17357;0.961592464;0.02753234;-0.24371218
261860913;341.4375;7556;-17357;0.96363184;0.026512622;-0.24167276
261889675;341.4375;7556;-@20000101_000005_192721_airspeed_sdp810.csv@261892180;-30;0;4268
261911006;341.4375;7556;-17357;0.9605727;0.025492906;-0.24371218
261963466;341.4375;7556;-17357;0.96261216;0.02753234;-0.2447319
261990372;341.4375;7556;-17357;0.96363184;0.02753234;-0.242692468
262013756;341.4375;7556;-17357;0.961592464;0.026512622;-0.24065304
262045146;341.4375;7556;-17357;0.9656713;0.02753234;-0.2447319
262066726;341.4375;7556;-17357;0.96363184;0.02753234;-0.24065304
262090857;341.4375;7556;-17357;0.96261216;0.028552056;-0.24371218
262112712;341.4375;7556;-17357;0.96261216;0.030591488;-0.242692468
262139573;341.4375;7556;-17357;0.961592464;0.02753234;-0.24065304
262161280;341.4375;7556;-17357;0.96363184;0.029571772;-0.24371218
262189503;341.4375;7556;-17357;0.96261216;0.02753234;-0.2386136
262211329;341.4375;7556;-17357;0.96363184;0.026512622;-0.24065304
262239659;341.4375;7556;-17357;0.9646516;0.029571772;-0.23963332
262260995;341.4375;7556;-17357;0.96363184;0.028552056;-0.24167276
262282971;341.4375;7556;-17357;0.96363184;0.028552056;-0.242692468
262309861;341.4375;7556;-17357;0.961592464;0.02753234;-0.242692468
262339562;341.4375;7556;-17357;0.96363184;0.028552056;-0.24371218
262381733;341.4375;7556;-17357;0.9605727;0.026512622;-0.23963332
262410301;341.4375;7556;-17357;0.9605727;0.029571772;-0.24371218
262439962;341.4375;7556;-17357;0.96261216;0.029571772;-0.24371218
262463464;341.4375;7556;-17357;0.96261216;0.02753234;-0.2447319
262489835;341.4375;7556;-17357;0.9605727;0.026512622;-0.24167276
262513288;341.4375;7556;-17357;0.96261216;0.026512622;-0.24167276
262550066;341.4375;7556;-17357;0.96261216;0.02753234;-0.242692468
262573627;341.4375;7556;-17357;0.961592464;0.02753234;-0.24167276
262609968;341.4375;7556;-17357;0.961592464;0.028552056;-0.24065304
262639643;341.4375;7556;-17357;0.96363184;0.028552056;-0.242692468
262661360;341.4375;7556;-17357;0.96261216;0.02753234;-0.2386136
262687209;341.4375;7556;-17357;0.96363184;0.02753234;-0.24167276
262716325;341.4375;7556;-17357;0.96363184;0.02753234;-0.24371218
262749717;341.4375;7556;-17357;0.96363184;0.028552056;-0.24371218
262773186;341.4375;7556;-17357;0.96261216;0.02753234;-0.24167276
262799728;341.4375;7556;-17357;0.96261216;0.030591488;-0.24167276
262859000;341.4375;7556;-17357;0.9605727;0.026512622;-0.24167276
262881122;341.4375;7556;-17357;0.9605727;0.029571772;-0.24371218
262903187;341.4375;7556;-17357;0.96363184;0.02753234;-0.24065304
262929655;341.4375;7556;-17357;0.9605727;0.026512622;-0.24167276
262952482;341.4375;7556;-17357;0.96363184;0.028552056;-0.24167276
262979962;341.4375;7556;-17357;0.961592464;0.02753234;-0.23963332
263010031;341.4375;7556;-17357;0.96261216;0.025492906;-0.242692468
263039947;341.4375;7556;-17357;0.961592464;0.026512622;-0.24575162
263062304;341.4375;7556;-17357;0.961592464;0.028552056;-0.23963332
263089717;341.4375;7556;-7;6;-0.242692468
263116378;341.4375;7556;-17357;0.96261216;0.02753234;-0.24371218
263140351;341.4375;7556;-17357;0.961592464;0.028552056;-0.24371218
263162662;341.4375;7556;-17357;0.96363184;0.026512622;-0.242692468
263187220;341.4375;7556;-17357;0.96363184;0.028552056;-0.24167276
263210533;341.4375;7556;-17357;0.961592464;0.026512622;-0.242692468
263260248;341.4375;7556;-17357;0.961592464;0.02753234;-0.24065304
263290845;341.4375;7556;-17357;0.96261216;0.028552056;-0.242692468
263329627;341.4375;7556;-17357;0.961592464;0.029571772;-0.242692468
263360057;341.4375;7556;-17357;0.96261216;0.026512622;-0.23963332
263389603;341.4375;7556;-17357;0.96363184;0.026512622;-0.24065304
263414592;341.4375;7556;-17357;0.96363184;0.028552056;-0.24065304
263440120;341.4375;7556;-17357;0.96261216;0.028552056;-0.24065304
263462193;341.4375;7556;-17357;0.96261216;0.025492906;-0.24167276
263489794;341.4375;7556;-@20000101_000005_192721_accel_adxl375.csv@263491641;1.7149999;0.147;0.196;1
263529706;341.4375;7556;-17357;0.96363184;0.028552056;-0.24167276
263560239;341.4375;7556;-17357;0.961592464;0.028552056;-0.24167276
263616404;341.4375;7556;-17357;0.96261216;0.02753234;-0.242692468
263640065;341.4375;7556;-17357;0.961592464;0.026512622;-0.24167276
263662791;341.4375;7556;-17357;0.9646516;0.028552056;-0.242692468
263716688;341.4375;7556;-17357;0.96363184;0.029571772;-0.24065304
263779987;341.4375;7556;-17357;0.96261216;0.026512622;-0.242692468
263801708;341.4375;7556;-17357;0.961592464;0.02753234;-0.242692468
263830057;341.4375;7556;-17357;0.96363184;0.02753234;-0.24065304
263852743;341.4375;7556;-17357;0.96363184;0.026512622;-0.2386136
263879551;341.4375;7556;-17357;0.96363184;0.026512622;-0.242692468
263910285;341.4375;7556;-17357;0.96363184;0.026512622;-0.24167276
263932438;341.4375;7556;-17357;0.96363184;0.026512622;-0.24065304
263960265;341.4375;7556;-17357;0.96261216;0.026512622;-0.24167276
263982367;341.4375;7556;-17357;0.96261216;0.02753234;-0.24065304
264009957;341.4375;7556;-17357;0.959553;0.02753234;-0.24167276
264032541;341.4375;7556;-17357;0.9646516;0.029571772;-0.2386136
264059392;341.4375;7556;-17357;0.96261216;0.028552056;-0.24167276
264081164;341.4375;7556;-17357;0.96363184;0.029571772;-0.23963332
264110557;341.4375;7556;-17357;0.96261216;0.026512622;-0.24371218
264131856;341.4375;7556;-17357;0.96261216;0.02753234;-0.24167276
264160507;341.4375;7556;-17357;0.9605727;0.028552056;-0.24371218
264210536;341.4375;7556;-17357;0.961592464;0.026512622;-0.24167276
264239827;341.4375;7556;-17357;0.96363184;0.028552056;-0.24167276
264262859;341.4375;7556;-17357;0.96261216;0.02753234;-0.24065304
264289740;341.4375;7556;-17357;0.96261216;0.02753234;-0.24371218
264315933;341.4375;7556;-17357;0.96363184;0.026512622;-0.24065304
264372348;341.4375;7556;-17357;0.9605727;0.029571772;-0.2386136
264397301;341.4375;7556;-17357;0.96363184;0.028552056;-0.24371218
264420111;341.4375;7556;-@20000101_000005_192721_baro_bmp280.csv@264424850;-31.347938;37.9;101702.09;4.4892236
264442119;341.4375;7556;-17357;0.96261216;0.026512622;-0.24065304
264464463;341.4375;7556;-17357;0.96261216;0.028552056;-0.24065304
264520096;341.4375;755;0.9646516;0.02753234;-0.24065304
264559972;341.4375;7556;-17357;0.96261216;0.028552056;-0.24065304
264581885;341.4375;7556;-17357;0.96261216;0.026512622;-0.24167276
264610069;341.4375;7556;-17357;0.96261216;0.025492906;-0.24371218
264664492;341.4375;7556;-17357;0.96363184;0.029571772;-0.24167276
264690306;341.4375;7556;-17357;0.96261216;0.028552056;-0.23963332
264711919;341.4375;7556;-17357;0.96261216;0.02753234;-0.2386136
264739356;341.4375;7556;-17357;0.96363184;0.02753234;-0.2386136
264770230;341.4375;7556;-17357;0.961592464;0.02447319;-0.23963332
264810216;341.4375;7556;-17357;0.961592464;0.028552056;-0.242692468
264831843;341.4375;7556;-17357;0.96363184;0.028552056;-0.23963332
264859509;341.4375;7556;-17357;0.96363184;0.028552056;-0.24167276
264882232;341.4375;7556;-17357;0.96363184;0.02753234;-0.24167276
264908664;341.4375;7556;-17357;0.96261216;0.02753234;-0.242692468
264931048;341.4375;7556;-17357;0.961592464;0.02447319;-0.24065304
264960005;341.4375;7556;-17357;0.961592464;0.026512622;-0.24167276
264983655;341.4375;7556;-17357;0.96261216;0.02753234;-0.24167276
265010022;341.4375;7556;-17357;0.961592464;0.029571772;-0.24167276
265032511;341.4375;7556;-17357;0.96363184;0.026512622;-0.24065304
265057776;341.4375;7556;-17357;0.96363184;0.028552056;-0.242692468
265112354;341.4375;7556;-17357;0.96363184;0.025492906;-0.23963332
265139555;341.4375;7556;-17357;0.96363184;0.026512622;-0.24065304
265161862;341.4375;7556;-17357;0.96261216;0.02753234;-0.24167276
265189399;341.4375;7562;-357;0.96261216;0.02753234;-0.24065304
265213745;341.4375;7562;-17357;0.96363184;0.028552056;-0.2386136
265239807;341.4375;7562;-17357;0.96261216;0.026512622;-0.24167276
265261854;341.4375;7562;-17357;0.96363184;0.02753234;-0.24167276
265286712;341.4375;7562;-17357;0.9585333;0.025492906;-0.23963332
265314945;341.4375;7562;-17357;0.96363184;0.026512622;-0.24065304
265340031;341.4375;7562;-17357;0.9605727;0.029571772;-0.24065304
265363337;341.4375;7562;-17357;0.961592464;0.02753234;-0.24065304
265411938;341.4375;7562;-17357;0.96261216;0.026512622;-0.24167276
265440387;341.4375;7562;-17357;0.96261216;0.02753234;-0.23963332
265463030;341.4375;7562;-17357;0.96363184;0.028552056;-0.242692468
265509578;341.4375;7562;-17357;0.961592464;0.02753234;-0.242692468
265531653;341.4375;7562;-17357;0.961592464;0.025492906;-0.24167276
265553089;341.4375;7562;-17357;0.961592464;0.028552056;-0.2447319
265579758;341.4375;7562;-17357;0.96363184;0.02753234;-0.24167276
265610287;341.4375;7562;-17357;0.96261216;0.02447319;-0.23963332
265640242;341.4375;7562;-17357;0.961592464;0.02753234;-0.24065304
265661794;341.4375;7562;-17357;0.961592464;0.028552056;-0.24167276
265685718;341.4375;7562;-17357;0.96261216;0.026512622;-0.24575162
265710346;341.4375;7562;-17357;0.96363184;0.02753234;-0.24371218
265732616;341.4375;7562;-17357;0.96363184;0.026512622;-0.24065304
265766377;341.4375;7562;-17357;0.961592464;0.026512622;-0.24371218
265790285;341.4375;7562;-17357;0.96261216;0.028552056;-0.24167276
265811678;341.4375;7562;-17357;0.96261216;0.028552056;-0.24167276
265839780;341.4375;7562;-17357;0.961592464;0.029571772;-0.24065304
265862040;341.4375;7562;-17357;0.96363184;0.028552056;-0.23963332
265930446;341.4375;7562;-17357;0.96261216;0.028552056;-0.23963332
265952897;341.4375;7562;-45_192721_imu_lsm6dso32.csv@265956333;1.01016;0.008784;0.000976;-84;35;-98;1
265979779;341.4375;7562;-17357;0.9605727;0.028552056;-0.2447319
266001843;341.4375;7562;-17357;0.961592464;0.028552056;-0.24167276
266029958;341.4375;7562;-17357;0.9605727;0.02753234;-0.2447319
266060731;341.4375;7562;-17357;0.96363184;0.02753234;-0.23963332
266081875;341.4375;7562;-17357;0.96363184;0.025492906;-0.24167276
266103722;341.4375;7562;-17357;0.9646516;0.026512622;-0.24167276
266130096;341.4375;7562;-17357;0.96363184;0.028552056;-0.24167276
266160077;341.4375;7562;-17357;0.9605727;0.02753234;-0.242692468
266193802;341.4375;7562;-17357;0.961592464;0.02753234;-0.24065304
266216260;341.4375;7562;-17357;0.961592464;0.026512622;-0.24167276
266240144;341.4375;7562;-17357;0.96363184;0.02753234;-0.23963332
266312367;341.4375;7562;-17357;0.96363184;0.028552056;-0.24065304
266340292;341.4375;7562;-17357;0.96363184;0.028552056;-0.24065304
266390871;341.4375;7562;-17357;0.96261216;0.026512622;-0.242692468
266413114;341.4375;7562;-17357;0.961592464;0.02753234;-0.24167276
266440412;341.4375;7562;-17357;0.96261216;0.026512622;-0.24167276
266461797;341.4375;7562;-17357;0.96261216;0.028552056;-0.23963332
266486554;341.4375;7562;-17357;0.961592464;0.029571772;-0.24065304
266510429;341.4375;7562;-17357;0.961592464;0.029571772;-0.23963332
266539860;341.4375;7562;-17357;0.96261216;0.023453474;-0.24167276
266561793;341.4375;7562;-17357;0.9605727;0.02753234;-0.24167276
266585122;341.4375;7562;-2.47;1
266610175;341.4375;7562;-17357;0.96261216;0.028552056;-0.24371218
266649694;341.4375;7562;-17357;0.96261216;0.030591488;-0.24371218
266672071;341.4375;7562;-17357;0.96261216;0.025492906;-0.2386136
266695541;341.4375;7562;-17357;0.96261216;0.025492906;-0.242692468
266716875;341.4375;7562;-17357;0.961592464;0.025492906;-0.242692468
266743776;341.4375;7562;-17357;0.96363184;0.02447319;-0.24371218
266770090;341.4375;7562;-17357;0.96261216;0.02753234;-0.24167276
266839193;341.4375;7562;-17357;0.96363184;0.02753234;-0.24065304
266863038;341.4375;7562;-17357;0.96261216;0.026512622;-0.23963332
266929794;341.4375;7562;-17357;0.96261216;0.028552056;-0.24371218
266959452;341.4375;7562;-17357;0.96261216;0.02753234;-0.24167276
266981282;341.4375;7562;-17357;0.96363184;0.025492906;-0.24167276
267002904;341.4375;7562;-17357;0.961592464;0.02753234;-0.24065304
267033747;341.4375;7562;-17357;0.9605727;0.02753234;-0.24065304
267060155;341.4375;7562;-17357;0.961592464;0.02753234;-0.24371218
267082021;341.4375;7562;-17357;0.96363184;0.02753234;-0.24065304
267110346;341.4375;7562;-17357;0.96363184;0.028552056;-0.24167276
267139972;341.4375;7562;-17357;0.96363184;0.02753234;-0.242692468
267161837;341.4375;7562;-17357;0.96261216;0.02753234;-0.23963332
267183686;341.4375;7562;-17357;0.961592464;0.025492906;-0.23963332
267210014;341.4375;7562;-17357;0.961592464;0.026512622;-0.24065304
267232105;341.4375;7562;-17357;0.96363184;0.02753234;-0.24371218
267290720;341.4375;7562;-17357;0.96261216;0.028552056;-0.23963332
267314152;341.4375;7562;-17357;0.96261216;0.02753234;-0.24167276
267340330;341.4375;7562;-17357;0.961592464;0.02753234;-0.24065304
267362433;341.4375;7562;-17357;0.9605727;0.025492906;-0.242692468
267389856;341.4375;7562;-@20000101_000005_192721_imu_lsm6dso32.csv@267392297;1.013088;0.011712;0.003904;-84;35;-105;1
267412089;341.4375;7562;-17357;0.96363184;0.02753234;-0.24065304
267433650;341.4375;7562;-17357;0.96261216;0.029571772;-0.24065304
267460413;341.4375;7562;-17357;0.961592464;0.02753234;-0.24167276
267482395;341.4375;7562;-17357;0.9605727;0.028552056;-0.24371218
267503809;341.4375;7562;-17357;0.96261216;0.02753234;-0.24167276
267529976;341.4375;7562;-17357;0.9605727;0.029571772;-0.24167276
267552929;341.4375;7562;-17357;0.961592464;0.029571772;-0.24167276
267579970;341.4375;7562;-17357;0.96363184;0.026512622;-0.24065304
267614946;341.4375;7562;-17357;0.96261216;0.02753234;-0.23963332
267640064;341.4375;7562;-17357;0.96363184;0.029571772;-0.2447319
267670221;341.4375;7562;-17357;0.96261216;0.028552056;-0.24167276
267710247;341.4375;7562;-17357;0.96363184;0.028552056;-0.23963332
267740211;341.4375;7562;-17357;0.96261216;0.02753234;-0.24167276
267762194;341.4375;7562;-17357;0.96261216;0.02753234;-0.242692468
267784854;341.4375;7562;-17357;0.9605727;0.029571772;-0.24167276
267810403;341.4375;7562;-17357;0.961592464;0.026512622;-0.237593884
267834023;341.4375;7562;-17357;0.961592464;0.026512622;-0.23963332
267882889;341.4375;7562;-17357;0.96261216;0.02753234;-0.24065304
267909972;341.4375;7562;-17357;0.96261216;0.028552056;-0.242692468
267939896;341.4375;7562;-17357;0.961592464;0.028552056;-0.24167276
267966503;341.4375;7562;-17357;0.96261216;0.028552056;-0.24065304
267990277;341.4375;7562;-7;9;-0.24065304
268072299;341.4375;7562;-17357;0.96261216;0.02753234;-0.24167276
268110116;341.4375;7562;-17357;0.96363184;0.02753234;-0.242692468
268132639;341.4375;7562;-17357;0.961592464;0.028552056;-0.24167276
268167625;341.4375;7562;-17357;0.9605727;0.02753234;-0.242692468
268190960;341.4375;7562;-17357;0.96363184;0.02753234;-0.24575162
268212919;341.4375;7562;-17357;0.96261216;0.028552056;-0.242692468
268239821;341.4375;7562;-17357;0.9605727;0.02753234;-0.24371218
268289839;341.4375;7562;-18.028552056;-0.24065304
268314677;341.4375;7562;-17357;0.9646516;0.02753234;-0.2386136
268339772;341.4375;7562;-17357;0.961592464;0.02753234;-0.242692468
268361679;341.4375;7562;-17357;0.959553;0.02753234;-0.23963332
268389820;341.4375;7562;-17357;0.96363184;0.026512622;-0.24371218
268416427;341.4375;7562;-17357;0.96261216;0.025492906;-0.24167276
268440258;341.4375;7562;-17357;0.96363184;0.025492906;-0.2386136
268462949;341.4375;7562;-17357;0.9605727;0.025492906;-0.24065304
268490154;341.4375;7562;-17357;0.959553;0.026512622;-0.24065304
268516341;341.4375;7562;-17357;0.96261216;0.02447319;-0.24371218
268540367;341.4375;7562;-17357;0.9646516;0.026512622;-0.24167276
268562506;341.4375;7562;-17357;0.961592464;0.028552056;-0.24167276
268600501;341.4375;7562;-17357;0.9605727;0.02753234;-0.24065304
268622934;341.4375;7562;-17357;0.96363184;0.026512622;-0.24167276
268650271;341.4375;7562;-17357;0.959553;0.028552056;-0.2447319
268678175;341.4375;7562;-17357;0.961592464;0.02753234;-0.242692468
268710189;341.4375;7562;-17357;0.96261216;0.02753234;-0.242692468
268739904;341.4375;7562;-17357;0.96363184;0.028552056;-0.24065304
268763378;341.4375;7562;-17357;0.96261216;0.026512622;-0.24167276
268790031;341.4375;7562;-17357;0.961592464;0.025492906;-0.24167276
268816266;341.4375;7562;-17357;0.96261216;0.026512622;-0.242692468
268849846;341.4375;7562;-17357;0.96261216;0.028552056;-0.24167276
268872773;341.4375;7562;-17357;0.959553;0.028552056;-0.237593884
268899760;341.4375;7562;-17357;0.96261216;0.028552056;-0.24065304
268930251;341.4375;7562;-17357;0.96261216;0.02753234;-0.23963332
268952234;341.4375;7562;-17357;0.9646516;0.02447319;-0.242692468
268979789;341.4375;7562;-17357;0.96261216;0.02447319;-0.242692468
269002014;341.4375;7562;-17357;0.96261216;0.02753234;-0.24167276
269030022;341.4375;7562;-17357;0.9605727;0.02753234;-0.23963332
269070633;341.4375;7562;-17357;0.9605727;0.030591488;-0.24167276
269100069;341.4375;7562;-17357;0.961592464;0.026512622;-0.24371218
269189924;341.4375;7562;-17357;0.96363184;0.02753234;-0.23963332
269213230;341.4375;7562;-17357;0.96261216;0.029571772;-0.242692468
269243850;341.4375;7562;-17357;0.9605727;0.030591488;-0.2447319
269265975;341.4375;7562;-17357;0.961592464;0.028552056;-0.24371218
269290346;341.4375;7562;-17357;0.961592464;0.02447319;-0.23963332
269312579;341.4375;7562;-17357;0.96363184;0.026512622;-0.2447319
269340046;341.4375;7562;-17357;0.96261216;0.026512622;-0.24065304
269379775;341.4375;7562;-17357;0.96261216;0.030591488;-0.24575162
269410616;341.4375;7562;-17357;0.9605727;0.026512622;-0.23963332
269439986;341.4375;7562;-17357;0.9605727;0.025492906;-0.23963332
269464036;341.4375;7562;-17357;0.96261216;0.02447319;-0.237593884
269511928;341.4375;7562;-17357;0.961592464;0.029571772;-0.242692468
269540276;341.4375;7562;-17357;0.961592464;0.028552056;-0.24677134
269562103;341.4375;7562;-17357;0.961592464;0.029571772;-0.24575162
269589834;341.4375;7562;-17357;0.9646516;0.02753234;-0.23963332
269649951;341.4375;7562;-17357;0.961592464;0.025492906;-0.242692468
269672978;341.4375;7562;-17357;0.961592464;0.030591488;-0.24371218
269700271;341.4375;7562;-17357;0.96261216;0.029571772;-0.247791052
269760225;341.4375;7562;-17357;0.96261216;0.025492906;-0.24167276
269782112;341.4375;7562;-17357;0.9646516;0.02447319;-0.24167276
269803961;341.4375;7562;-17357;0.96261216;0.02447319;-0.242692468
269830144;341.4375;7562;-17357;0.96261216;0.02753234;-0.24167276
269852053;341.4375;7562;-17357;0.96363184;0.030591488;-0.24167276
269874563;341.4375;7562;-17357;0.961592464;0.029571772;-0.24167276
269900091;341.4375;7562;-17357;0.961592464;0.02753234;-0.23963332
269960813;341.4375;7562;-17357;0.9646516;0.026512622;-0.24065304
269983793;341.4375;7562;-17357;0.96363184;0.028552056;-0.242692468
270016614;341.4375;7562;-17357;0.961592464;0.030591488;-0.23963332
270040212;341.4375;7562;-17357;0.96261216;0.030591488;-0.24167276
270063149;341.4375;7562;-17357;0.961592464;0.028552056;-0.24167276
270089948;341.4375;7562;-77;0.9605727;0.029571772;-0.2447319
270115109;341.4375;7562;-17357;0.9605727;0.02447319;-0.24371218
270140169;341.4375;7562;-17357;0.96261216;0.02447319;-0.242692468
270163580;341.4375;7562;-17357;0.961592464;0.026512622;-0.23963332
270190035;341.4375;7562;-17357;0.96363184;0.026512622;-0.2386136
270212634;341.4375;7562;-17357;0.96261216;0.030591488;-0.24065304
270239979;341.4375;7562;-17357;0.961592464;0.02753234;-0.24167276
270263756;341.4375;7562;-17357;0.9605727;0.02753234;-0.24575162
270289952;341.4375;7562;-17357;0.9605727;0.026512622;-0.24575162
270311904;341.4375;7562;-17357;0.961592464;0.025492906;-0.237593884
270337355;341.4375;7562;-17357;0.9646516;0.023453474;-0.23555446
270366951;341.4375;7562;-17357;0.96261216;0.02753234;-0.237593884
270404043;341.4375;7562;-17357;0.961592464;0.031611204;-0.24677134
270430650;341.4375;7562;-17357;0.96261216;0.03263092;-0.24983048
270452652;341.4375;7562;-17357;0.959553;0.029571772;-0.24167276
270480076;341.4375;7562;-17357;0.96363184;0.021414042;-0.237593884
270510290;341.4375;7562;-17357;0.961592464;0.021414042;-0.23555446
270540189;341.4375;7562;-17357;0.96363184;0.028552056;-0.23963332
270563698;341.4375;7562;-17357;0.961592464;0.031611204;-0.247791052
270590117;341.4375;7562;-17357;0.96261216;0.03263092;-0.247791052
270616738;341.4375;7562;-123234;-0.242692468
270650440;341.4375;7562;-17357;0.96363184;0.02447319;-0.23657418
270680043;341.4375;7562;-17357;0.96261216;0.023453474;-0.23963332
270703768;341.4375;7562;-17357;0.96261216;0.026512622;-0.24677134
270730497;341.4375;7562;-17357;0.96261216;0.02753234;-0.24677134
270752048;341.4375;7562;-17357;0.9585333;0.03263092;-0.24575162
270775458;341.4375;7562;-17357;0.96363184;0.030591488;-0.237593884
270800209;341.4375;7562;-17357;0.96363184;0.026512622;-0.2386136
270860840;341.4375;7562;-17357;0.961592464;0.023453474;-0.24677134
270883820;341.4375;7562;-17357;0.961592464;0.03263092;-0.248810768
270910297;341.4375;7562;-17357;0.96363184;0.03263092;-0.24575162
270931872;341.4375;7562;-17357;0.96363184;0.028552056;-0.2386136
270960124;341.4375;7562;-17357;0.96363184;0.02447319;-0.23453474
270981735;341.4375;7562;-17357;0.961592464;0.021414042;-0.237593884
271004019;341.4375;7562;-17357;0.96261216;0.02447319;-0.24575162
271040262;341.4375;7562;-17357;0.961592464;0.031611204;-0.247791052
271083929;341.4375;7562;-17357;0.961592464;0.030591488;-0.237593884
271110228;341.4375;7562;-17357;0.96363184;0.02447319;-0.237593884
271140188;341.4375;7562;-17357;0.961592464;0.025492906;-0.242692468
271161751;341.4375;7562;-17357;0.961592464;0.02447319;-0.247791052
271211337;341.4375;7562;-17357;0.96261216;0.030591488;-0.24371218
271258245;341.4375;7562;-17357;0.9605727;0.02447319;-0.23657418
271283412;341.4375;7562;-17357;0.96261216;0.023453474;-0.24167276
271309674;341.4375;7562;-17357;0.9605727;0.026512622;-0.247791052
271343829;341.4375;7562;-17357;0.9605727;0.03263092;-0.25186992
271365700;341.4375;7562;-17357;0.96261216;0.031611204;-0.24167276
271390315;341.4375;7562;-17357;0.96363184;0.029571772;-0.23453474
271442532;341.4375;7562;-17357;0.959553;0.02447319;-0.248810768
271463928;341.4375;7562;-17357;0.959553;0.028552056;-0.2508502
271490236;341.4375;7562;-17357;0.96261216;0.03263092;-0.24983048
271513458;341.4375;7562;-17357;0.9605727;0.031611204;-0.24575162
271540328;341.4375;7562;-17357;0.9646516;0.031611204;-0.23657418
271562817;341.4375;7562;-17357;0.961592464;0.02753234;-0.23657418
271589973;341.4375;7562;-17357;0.96261216;0.020394326;-0.237593884
271611987;341.4375;7562;-17357;0.9605727;0.025492906;-0.2508502
271662300;341.4375;7562;-17357;0.96363184;0.031611204;-0.242692468
271717555;341.4375;7562;-17357;0.9656713;0.020394326;-0.2335790.147;0.147;1
271740638;341.4375;7562;-17357;0.96261216;0.022433758;-0.23963332
271762517;341.4375;7562;-17357;0.9585333;0.021414042;-0.24677134
271785443;341.4375;7562;-17357;0.96261216;0.026512622;-0.248810768
271810391;341.4375;7562;-17357;0.96261216;0.030591488;-0.2447319
271831638;341.4375;7562;-17357;0.96363184;0.030591488;-0.24065304
271860349;341.4375;7562;-17357;0.96261216;0.031611204;-0.23453474
271882813;341.4375;7562;-17357;0.96261216;0.025492906;-0.242692468
271910341;341.4375;7562;-17357;0.959553;0.02447319;-0.24983048
271940008;341.4375;7562;-17357;0.9605727;0.02447319;-0.24983048
271984075;341.4375;7562;-17357;0.961592464;0.031611204;-0.24065304
272010429;341.4375;7562;-17357;0.96363184;0.030591488;-0.2386136
272040497;341.4375;7562;-17357;0.9605727;0.029571772;-0.2386136
272080100;341.4375;7562;-17357;0.961592464;0.021414042;-0.24575162
272104655;341.4375;7562;-17357;0.9605727;0.026512622;-0.24575162
272152215;341.4375;7562;-17357;0.96363184;0.031611204;-0.2386136
272173866;341.4375;7562;-17357;0.96261216;0.031611204;-0.24167276
272200204;341.4375;7562;-17357;0.961592464;0.026512622;-0.24575162
272222453;341.4375;7562;-0m6dso32.csv@272224337;1.0150399;0.006832;0.0;-84;49;-98;1
272250107;341.4375;7562;-17357;0.9605727;0.022433758;-0.24575162
272271934;341.4375;7562;-17357;0.961592464;0.02447319;-0.23657418
272296483;341.4375;7562;-17357;0.96261216;0.02753234;-0.2386136
272317631;341.4375;7562;-17357;0.96261216;0.031611204;-0.2386136
272373185;341.4375;7562;-17357;0.959553;0.026512622;-0.247791052
272400388;341.4375;7562;-17357;0.96261216;0.02447319;-0.2447319
272430216;341.4375;7562;-17357;0.96363184;0.026512622;-0.2386136
272451955;341.4375;7562;-17357;0.961592464;0.029571772;-0.237593884
272490714;341.4375;7562;-17357;0.961592464;0.031611204;-0.2447319
272516702;341.4375;7562;-17357;0.959553;0.02753234;-0.24677134
272572335;341.4375;7562;-17357;0.96261216;0.02447319;-0.23963332
272598906;341.4375;7562;-17357;0.96363184;0.026512622;-0.24167276
272620872;341.4375;7562;-@20000101_000005_192721_imu_lsm6dso32.csv@272626024;1.012112;0.017568;0.0;-84;21;-98;1
272650129;341.4375;7562;-17357;0.96363184;0.029571772;-0.247791052
272679944;341.4375;7562;-17357;0.961592464;0.02447319;-0.242692468
272713852;341.4375;7562;-9000101_000005_7_airspeed_sdp810.csv@272717544;438;272;4269
272740263;341.4375;7562;-17357;0.959553;0.026512622;-0.24065304
272766776;341.4375;7562;-17357;0.96261216;0.029571772;-0.2447319
272792671;341.4375;7562;-17357;0.961592464;0.029571772;-0.24677134
272814801;341.4375;7562;-17357;0.961592464;0.030591488;-0.24677134
272850064;341.4375;7562;-17357;0.96261216;0.02447319;-0.2447319
272880332;341.4375;7562;-17357;0.96261216;0.023453474;-0.237593884
272910164;341.4375;7562;-17357;0.961592464;0.029571772;-0.24167276
272932980;341.4375;7562;-@20000101_000005_192721_airspeed_sdp810.csv@272958276;397;259;4269
272980191;341.4375;7562;-17357;0.9605727;0.029571772;-0.2447319
273002302;341.4375;7562;-17357;0.96363184;0.02447319;-0.242692468
273030207;341.4375;7562;-17357;0.96363184;0.022433758;-0.23963332
273053167;341.4375;7562;-17357;0.961592464;0.023453474;-0.2386136
273080084;341.4375;7562;-17357;0.961592464;0.031611204;-0.24065304
273116115;341.4375;7562;-17357;0.961592464;0.030591488;-0.24677134
273140409;341.4375;7562;-17357;0.961592464;0.023453474;-0.24575162
273162912;341.4375;7562;-17357;0.96363184;0.023453474;-0.24065304
273190120;341.4375;7562;-17357;0.9646516;0.02447319;-0.24167276
273212219;341.4375;7562;-17357;0.96261216;0.025492906;-0.2386136
273239330;341.4375;7562;-17357;0.96363184;0.02753234;-0.242692468
273261654;341.4375;7562;-17357;0.961592464;0.030591488;-0.24677134
273283794;341.4375;7562;-17357;0.96261216;0.02753234;-0.24677134
273310210;341.4375;7562;-17357;0.9605727;0.026512622;-0.24371218
273343808;341.4375;7562;-17357;0.96363184;0.025492906;-0.24167276
273370449;341.4375;7562;-17357;0.96363184;0.026512622;-0.2447319
273414683;341.4375;7562;-17357;0.961592464;0.03263092;-0.244731901_000005_192721_baro_bmp280.csv@273418917;-31.485336;37.91;101703.72;4.56
273440332;341.4375;7562;-17357;0.96363184;0.028552056;-0.24371218
273461807;341.4375;7562;-17357;0.961592464;0.023453474;-0.24065304
273489865;341.4375;7562;-17357;0.96261216;0.025492906;-0.24167276
273511936;341.4375;7562;-17357;0.961592464;0.02753234;-0.24065304
273572552;341.4375;7562;-17357;0.96261216;0.030591488;-0.242692468
273594025;341.4375;7562;-17357;0.961592464;0.028552056;-0.2447319
273617554;341.4375;7562;-17357;0.9605727;0.02447319;-0.24575162
273673462;341.4375;7562;-17357;0.961592464;0.030591488;-0.242692468
273700344;341.4375;7562;-17357;0.961592464;0.029571772;-0.2447319
273722119;341.4375;7562;-6575162
273760254;341.4375;7562;-17357;0.96363184;0.026512622;-0.2447319
273783421;341.4375;7562;-17357;0.96261216;0.02753234;-0.242692468
273814935;341.4375;7562;-17357;0.961592464;0.028552056;-0.24167276
273861654;341.4375;7562;-17357;0.96261216;0.026512622;-0.24167276
273900858;341.4375;7562;-17357;0.96261216;0.02753234;-0.24677134
273933800;341.4375;7562;-17357;0.961592464;0.028552056;-0.23657418
273960156;341.4375;7562;-17357;0.96363184;0.02753234;-0.24065304
273983931;341.4375;7562;-17357;0.9605727;0.029571772;-0.242692468
274010217;341.4375;7562;-17357;0.96363184;0.026512622;-0.24167276
274040248;341.4375;7562;-17357;0.96261216;0.026512622;-0.237593884
274070622;341.4375;7562;-17357;0.96261216;0.026512622;-0.237593884
274110040;341.4375;7562;-17357;0.961592464;0.03263092;-0.24371218
274140027;341.4375;7562;-17357;0.961592464;0.025492906;-0.24065304
274163365;341.4375;7562;-17357;0.96261216;0.023453474;-0.24065304
274190188;341.4375;7562;-17357;0.96363184;0.028552056;-0.242692468
274211883;341.4375;7562;-17357;0.9605727;0.030591488;-0.242692468
274234054;341.4375;7562;-17357;0.96261216;0.031611204;-0.24575162
274260551;341.4375;7562;-17357;0.96261216;0.031611204;-0.24677134
274303090;341.4375;7562;-17357;0.961592464;0.023453474;-0.24065304
274330184;341.4375;7562;-17357;0.961592464;0.025492906;-0.24167276
274352139;341.4375;7562;-17357;0.96363184;0.02753234;-0.24167276
274379946;341.4375;7562;-17357;0.961592464;0.028552056;-0.242692468
274410085;341.4375;7562;-17357;0.96363184;0.030591488;-0.2447319
274439775;341.4375;7562;-17357;0.961592464;0.030591488;-0.23963332
274462380;341.4375;7562;-17357;0.96261216;0.02447319;-0.24167276
274484380;341.4375;7562;-17357;0.96261216;0.023453474;-0.24065304
274510656;341.4375;7562;-17357;0.961592464;0.022433758;-0.24065304
274571860;341.4375;7562;-17357;0.961592464;0.03263092;-0.242692468
274610092;341.4375;7562;-17357;0.9605727;0.02753234;-0.24065304
274639934;341.4375;7562;-17357;0.9646516;0.020394326;-0.23657418
274663059;341.4375;7562;-17357;0.9605727;0.022433758;-0.24167276
274689822;341.4375;7562;-17357;0.9605727;0.028552056;-0.247791052
274723854;341.4375;7562;-17357;0.961592464;0.034670352;-0.247791052
274770132;341.4375;7562;-17357;0.961592464;0.03263092;-0.24677134
274800310;341.4375;7562;-17357;0.961592464;0.020394326;-0.242692468
274830056;341.4375;7562;-17357;0.96261216;0.026512622;-0.248810768
274852751;341.4375;7562;-17357;0.961592464;0.030591488;-0.247791052
274879892;341.4375;7562;-17357;0.96261216;0.031611204;-0.24065304
274901754;341.5;7562;-17350;0.9646516;0.026512622;-0.23045588
274929903;341.5;7562;-17350;0.96363184;0.022433758;-0.23657418
274952303;341.5;7562;-17350;0.96261216;0.023453474;-0.242692468
274973805;341.5;7562;-17350;0.9585333;0.02447319;-0.24575162
275000395;341.5;7562;-17350;0.9605727;0.025492906;-0.24575162
275030164;341.5;7562;-17350;0.96363184;0.03263092;-0.24065304
275053302;341.5;7562;-17350;0.96363184;0.028552056;-0.23351502
275080023;341.5;7562;-17350;0.96363184;0.025492906;-0.2386136
275101642;341.5;7562;-17350;0.9605727;0.022433758;-0.24575162
275124139;341.5;7562;-17350;0.961592464;0.022433758;-0.242692468
275150616;341.5;7562;-17350;0.9605727;0.026512622;-0.248810768
275173809;341.5;7562;-17350;0.96261216;0.031611204;-0.24167276
275213564;341.5;7562;-17350;0.961592464;0.031611204;-0.23963332
275240054;341.5;7562;-17350;0.96261216;0.02753234;-0.24575162
275262788;341.5;7562;-17350;0.961592464;0.023453474;-0.24575162
275290054;341.5;7562;-17350;0.961592464;0.023453474;-0.2447319
275323786;341.5;7562;-17350;0.96261216;0.029571772;-0.24167276
275349991;341.5;7562;-17350;0.9656713;0.030591488;-0.24065304
275372138;341.5;7562;-17350;0.96261216;0.029571772;-0.23963332
275393967;341.5;7562;-17350;0.96261216;0.026512622;-0.2447319
275416768;341.5;7562;-17350;0.9605727;0.023453474;-0.24371218
275440490;341.5;7562;-17350;0.9605727;0.022433758;-0.24167276
275463141;341.5;7562;-17350;0.959553;0.02753234;-0.23963332
275489972;341.5;7562;-17350;0.96363184;0.029571772;-0.23657418
275512572;341.5;7562;-17350;0.961592464;0.030591488;-0.2386136
275539931;341.5;7562;-17350;0.96363184;0.028552056;-0.242692468
275562631;341.5;7562;-17350;0.961592464;0.026512622;-0.2447319
275583752;341.5;7562;-17350;0.96261216;0.025492906;-0.24371218
275624226;341.5;7562;-17350;0.961592464;0.026512622;-0.2386136
275650619;341.5;7562;-17350;0.96363184;0.02753234;-0.24065304
275673074;341.5;7562;-17350;0.96363184;0.030591488;-0.23963332
275699988;341.5;7562;-17350;0.9605727;0.025492906;-0.2447319
275722608;341.5;7562;-17350;0.96261216;0.02447319;-0.24371218
275750466;341.5;7562;-17350;0.961592464;0.023453474;-0.24575162
275773527;341.5;7562;-17350;0.96261216;0.02753234;-0.23963332
275810321;341.5;7562;-17350;0.9605727;0.029571772;-0.24167276
275840297;341.5;7562;-17350;0.9646516;0.028552056;-0.23453474
275861646;341.5;7562;-17350;0.96363184;0.025492906;-0.2386136
275917984;341.5;7562;-17350;0.96261216;0.026512622;-0.23963332
275940858;341.5;7562;-17350;0.961592464;0.026512622;-0.2386136
275963158;341.5;7562;-17350;0.96363184;0.029571772;-0.237593884
275989886;341.5;7562;-17350;0.96363184;0.02753234;-0.242692468
276015096;341.5;7562;-17350;0.96363184;0.025492906;-0.23963332
276083894;341.5;7562;-17350;0.96363184;0.029571772;-0.24065304
276110552;341.5;7562;-17350;0.9605727;0.033650636;-0.242692468
276140205;341.5;7562;-17350;0.9585333;0.025492906;-0.242692468
276162699;341.5;7562;-17350;0.9605727;0.026512622;-0.24575162
276190347;341.5;7562;-17350;0.961592464;0.023453474;-0.24065304
276212157;341.5;7562;-17350;0.96363184;0.026512622;-0.242692468
276240025;341.5;7562;-17350;0.961592464;0.025492906;-0.24167276
276262535;341.5;7562;-17350;0.96363184;0.031611204;-0.2447319
276289919;341.5;7562;-173@20000101_000005_192721_airspeed_sdp810.csv@276292844;232;198;4275
276316014;341.5;7562;-17350;0.961592464;0.02753234;-0.2416720721_airspeed_sdp810.csv@276318269;205;186;4272
276340459;341.5;7562;-17350;0.9605727;0.020394326;-0.24065304
276362586;341.5;7562;-17350;0.959553;0.022433758;-0.24065304
276384098;341.5;7562;-17350;0.9585333;0.022433758;-0.24371218
276410422;341.5;7562;-17350;0.9605727;0.029571772;-0.24167276
276490804;341.5;7562;-17350;0.9605727;0.017335176;-0.23453474
276513940;341.5;7562;-17350;0.96261216;0.025492906;-0.242692468
276540097;341.5;7562;-17350;0.9656713;0.025492906;-0.24575162
276561998;341.5;7562;-17350;0.96363184;0.030591488;-0.2447319
276616957;341.5;7562;-17350;0.9.657418
276641019;341.5;7562;-17350;0.961592464;0.023453474;-0.23963332
276680075;341.5;7562;-17350;0.96363184;0.02447319;-0.24167276
276713866;341.5;7562;-17350;0.96363184;0.029571772;-0.24575162
276740151;341.5;7562;-17350;0.9605727;0.036709784;-0.2447319
276784005;341.5;7562;-17350;0.961592464;0.025492906;-0.23963332
276810341;341.5;7562;-17357;0.96261216;0.020394326;-0.24065304
276840239;341.5;7562;-17357;0.9605727;0.020394326;-0.24371218
276864241;341.5;7562;-17357;0.961592464;0.02447319;-0.2447319
276890393;341.5;7562;-17357;0.9605727;0.030591488;-0.2447319
276932335;341.5;7562;-17357;0.96363184;0.025492906;-0.2386136
276980681;341.5;7562;-17357;0.96261216;0.018354892;-0.23963332
277002711;341.5;7562;-17357;0.959553;0.020394326;-0.24167276
277030089;341.5;7562;-17357;0.96363184;0.028552056;-0.2447319
277052340;341.5;7562;-17357;0.961592464;0.036709784;-0.2447319
277079115;341.5;7562;-17357;0.96363184;0.033650636;-0.242692468
277102043;341.5;7562;-17357;0.96363184;0.028552056;-0.24371218
277129089;341.5;7562;-17357;0.96363184;0.022433758;-0.23453474
277160526;341.5;7562;-17357;0.961592464;0.023453474;-0.24065304
277181812;341.5;7562;-17357;0.9605727;0.028552056;-0.247791052
277210397;341.5;7562;-17357;0.9605727;0.033650636;-0.24575162
277233331;341.5;7562;-17357;0.961592464;0.03569007;-0.2447319
277260298;341.5;7562;-17357;0.96363184;0.031611204;-0.24065304
277281861;341.5;7562;-17357;0.96363184;0.021414042;-0.23453474
277304255;341.5;7562;-17357;0.9605727;0.018354892;-0.24065304
277342412;341.5;7562;-17357;0.9605727;0.026512622;-0.2508502
277364070;341.5;7562;-17357;0.96261216;0.03263092;-0.24983048
277390033;341.5;7562;-17357;0.96261216;0.033650636;-0.24371218
277411876;341.5;7562;-17357;0.9656713;0.02447319;-0.232495316
277433850;341.5;7562;-17357;0.96363184;0.021414042;-0.23351502
277461450;341.5;7562;-17357;0.96261216;0.0193746092;-0.24167276
277488750;341.5;7562;-173@20000101_000005_192721_imu_lsm6dso32.csv@277493596;1.014064;0.006832;-0.000976;-35;21;-161;1
277550166;341.5;7562;-17350;0.961592464;0.04078865;-0.24983048
277572896;341.5;7562;-17350;0.96261216;0.033650636;-0.2386136
277600158;341.5;7562;-17350;0.96261216;0.026512622;-0.23555446
277621751;341.5;7562;-173.23657418
277650214;341.5;7562;-17357;0.961592464;0.017335176;-0.2447319
277672594;341.5;7562;-17350;0.959553;0.03569007;-0.2508502
277698904;341.5;7562;-17350;0.96261216;0.044867516;-0.25186992
277730459;341.5;7562;-17357;0.96363184;0.0387492184;-0.24065304
277751947;341.5;7562;-17363;0.96363184;0.0193746092;-0.23453474
277790756;341.4375;7562;-17375;0.96363184;0.00815773;-0.23453474
277816514;341.4375;7562;-17375;0.9585333;0.01631546;-0.247791052
277840645;341.4375;7562;-17369;0.961592464;0.031611204;-0.24677134
277880068;341.4375;7562;-17369;0.9605727;0.042828084;-0.24371218
277902284;341.4375;7562;-17369;0.96261216;0.028552056;-0.24065304
277930445;341.4375;7562;-17375;0.96261216;0.01631546;-0.23657418
277952757;341.4375;7562;-17382;0.96261216;0.007138014;-0.237593884
277984170;341.4375;7562;-17375;0.9605727;0.026512622;-0.24371218
278010420;341.5;7562;-17369;0.961592464;0.0377295;-0.2508502
278040425;341.5;7562;-17369;0.96363184;0.047926664;-0.24167276
278063139;341.5;7562;-17369;0.96261216;0.033650636;-0.23453474
278090066;341.5;7562;-173.@20000101_000005_192721_accel_adxl375.csv@278091958;1.7639999;0.098;0.244999984;1
278111984;341.5;7562;-17375;0.96261216;0.010197163;-0.242692468
278140287;341.5;7562;-17375;0.9605727;0.0193746092;-0.24371218
278163421;341.5;7562;-17382;0.961592464;0.0387492184;-0.2447319
278211202;341.5;7562;-173114233;0.0;0.0;0;0;2550
278240506;341.4375;7562;-17388;0.96363184;0.022433758;-0.23555446
278262798;341.4375;7562;-17388;0.961592464;0.010197163;-0.242692468
278290151;341.4375;7562;-17388;0.961592464;0.017335176;-0.24575162
278312326;341.4375;7562;-17388;0.961592464;0.033650636;-0.24575162
278350330;341.4375;7562;-17388;0.961592464;0.0387492184;-0.23963332
278373096;341.4375;7562;-17388;0.96363184;0.031611204;-0.2314756
278401097;341.4375;7562;-17388;0.9585333;0.017335176;-0.24371218
278430377;341.4375;7562;-17388;0.9605727;0.01631546;-0.24983048
278460481;341.4375;7562;-17388;0.96261216;0.023453474;-0.25390936
278483302;341.4375;7562;-17388;0.96363184;0.0377295;-0.23963332
278515373;341.4375;7562;-17388;0.9646516;0.04078865;-0.23351502
278540780;341.4375;7562;-17394;0.96261216;0.025492906;-0.2447319
278563002;341.4375;7562;-17394;0.9605727;0.020394326;-0.248810768
278588652;341.4375;7562;-0adxl375.csv@278590318;1.7639999;0.147;0.196;1
278614890;341.4375;7562;-17394;0.96261216;0.028552056;-0.24065304
278640604;341.4375;7562;-17394;0.9646516;0.031611204;-0.23963332
278690593;341.4375;7562;-17388;0.9646516;0.034670352;-0.23453474
278714883;341.4375;7568;-17394;0.9605727;0.021414042;-0.24371218
278740459;341.4375;7568;-17394;0.9605727;0.015295744;-0.248810768
278783988;341.4375;7568;-17394;0.96363184;0.028552056;-0.23963332
278810384;341.4375;7568;-17394;0.96363184;0.033650636;-0.23453474
278840375;341.4375;7568;-17394;0.96363184;0.03263092;-0.23555446
278862840;341.4375;7568;-17394;0.96363184;0.026512622;-0.242692468
278890291;341.4375;7568;-17394;0.959553;0.021414042;-0.24677134
278912011;341.4375;7568;-17394;0.961592464;0.023453474;-0.24677134
278940247;341.4375;7568;-17394;0.9605727;0.02753234;-0.2447319
278962814;341.4375;7568;-17394;0.96363184;0.031611204;-0.23351502
278989108;341.4375;7568;-17394;0.9646516;0.031611204;-0.23045588
279011887;341.4375;7568;-17394;0.961592464;0.028552056;-0.24065304
279040624;341.4375;7568;-17394;0.9605727;0.028552056;-0.25288964
279068213;341.4375;7568;-17394;0.959553;0.025492906;-0.24983048
279090969;341.4375;7568;-17394;0.961592464;0.026512622;-0.24371218
279130861;341.4375;7568;-17394;0.96363184;0.031611204;-0.23045588
279153573;341.4375;7568;-17394;0.96261216;0.028552056;-0.2386136
279179080;341.4375;7568;-17394;0.961592464;0.02753234;-0.24575162
279201014;341.4375;7568;-17394;0.959553;0.02447319;-0.25390936
279222736;341.4375;7568;-9605727;0.021414042;-0.24575162
279250209;341.4375;7568;-c@20000101_000005_192721_accel_adxl375.csv@279255409;1.7639999;0.098;0.244999984;1
279271893;341.4375;7568;-17394;0.96363184;0.02753234;-0.22943616
279315902;341.4375;7568;-17394;0.96363184;0.030591488;-0.24065304
279340847;341.4375;7568;-17394;0.961592464;0.029571772;-0.24983048
279364381;341.4375;7568;-17394;0.959553;0.026512622;-0.25186992
279390622;341.4375;7568;-9753234;-0.24371218
279411739;341.4375;7568;-17394;0.96363184;0.026512622;-0.232495316
279439932;341.4375;7568;-17394;0.9646516;0.02753234;-0.22943616
279484064;341.4375;7568;-17394;0.959553;0.029571772;-0.24677134
279522491;341.4375;7568;-17394;0.9585333;0.026512622;-0.24983048
279560762;341.4375;7568;-17394;0.96261216;0.028552056;-0.23657418
279583999;341.4375;7568;-17394;0.96261216;0.02753234;-0.22841644
279616438;341.4375;7568;-17394;0.96261216;0.02753234;-0.24065304
279640770;341.4375;7568;-17394;0.961592464;0.025492906;-0.247791052
279663393;341.4375;7568;-17394;0.9575136;0.02447319;-0.25186992
279690389;341.4375;7568;-17394;0.961592464;0.02753234;-0.24983048
279720550;341.4375;7568;-17394;0.96363184;0.025492906;-0.23351502
279750608;341.4375;7568;-17394;0.9646516;0.026512622;-0.23351502
279772432;341.4375;7568;-17394;0.96363184;0.025492906;-0.237593884
279820846;341.4375;7568;-17394;0.96159@20000101_000005_192721_accel_adxl375.csv@279823220;1.7639999;0.147;0.147;1
279850535;341.4375;7568;-17394;0.961592464;0.026512622;-0.24575162
279880442;341.4375;7568;-17394;0.96261216;0.031611204;-0.23045588
279902972;341.4375;7568;-17394;0.96363184;0.026512622;-0.23453474
279930480;341.4375;7568;-17394;0.96261216;0.028552056;-0.23657418
279960668;341.4375;7568;-17394;0.961592464;0.028552056;-0.24983048
280011122;341.4375;7568;-17394;0.96363184;0.031611204;-0.24065304
280041553;341.4375;7568;-17394;0.96363184;0.02447319;-0.23453474
280064740;341.4375;7568;-17394;0.96261216;0.022433758;-0.2386136
280090989;341.4375;7568;-17394;0.9605727;0.0193746092;-0.24371218
280115879;341.4375;7568;-17394;0.96261216;0.028552056;-0.25186992
280150421;341.4375;756@20000101_000005_192721_airspeed_sdp810.csv@280152884;320;232;4273
280173097;341.4375;7568;-17394;0.961592464;0.030591488;-0.23555446
280200323;341.4375;7568;-17394;0.9646516;0.029571772;-0.23555446
280222025;341.4375;7568;-44414042;-0.23657418
280243829;341.4375;7568;-17394;0.96261216;0.0193746092;-0.24575162
280266423;341.4375;7568;-17394;0.9605727;0.020394326;-0.248810768
280291248;341.4375;7568;-17394;0.96261216;0.030591488;-0.25186992
280317019;341.4375;7568;-17394;0.96363184;0.036709784;-0.24677134
280340699;341.4375;7568;-17394;0.96363184;0.0387492184;-0.23453474
280363527;341.4375;7568;-17394;0.96363184;0.030591488;-0.232495316
280417058;341.4375;7568;-17394;0.959553;0.017335176;-0.24983048
280472795;341.4375;7568;-17394;0.96363184;0.0387492184;-0.23963332
280499931;341.4375;7568;-17394;0.9646516;0.04078865;-0.23555446
280530786;341.4375;7568;-17407;0.96261216;0.02753234;-0.23963332
280580611;341.4375;7568;-17407;0.959553;0.015295744;-0.247791052
280603623;341.4375;7568;-17407;0.96261216;0.02753234;-0.2447319
280630890;341.4375;7568;-17407;0.96261216;0.03569007;-0.24065304
280654530;341.4375;7568;-.9768936;-0.23963332
280680488;341.4375;7568;-17407;0.96261216;0.03263092;-0.23453474
280702507;341.4375;7568;-17413;0.961592464;0.018354892;-0.24371218
280730572;341.4375;7568;-17413;0.96261216;0.01631546;-0.2508502
280753304;341.4375;7568;-;6
280777874;341.4375;7568;-17407;0.9646516;0.030591488;-0.24065304
280801081;341.4375;7568;-17400;0.9656713;0.041808368;-0.2386136
280830540;341.4375;7568;-17400;0.96363184;0.04078865;-0.23453474
280881886;341.4375;7568;-1ep810.csv@280884207;433;270;4272
280911300;341.4375;7568;-17413;0.96363184;0.020394326;-0.2447319
280940609;341.4375;7568;-17413;0.96363184;0.030591488;-0.23657418
280962774;341.4375;7568;-17413;0.96363184;0.039768936;-0.2386136
280987167;341.4375;7568;-17413;0.961592464;0.0387492184;-0.24065304
281011250;341.4375;7568;-17413;0.961592464;0.028552056;-0.24575162
281040500;341.4375;7568;-17419;0.96363184;0.015295744;-0.247791052
281062410;341.4375;7568;-17419;0.96261216;0.018354892;-0.242692468
281111487;341.4375;7568;-17419;0.9605727;0.03569007;-0.23555446
281174591;341.4375;7568;-17419;0.9605727;0.021414042;-0.24983048
281200559;341.4375;7568;-17419;0.961592464;0.01631546;-0.2508502
281221797;341.4375;7568;-4@20000101_000005_192721_imu_lsm6dso32.csv@281224691;1.012112;0.006832;0.00976;-49;63;-154;1
281244424;341.4375;7568;-17419;0.96363184;0.026512622;-0.23351502
281268622;341.4375;7568;-17419;0.96261216;0.034670352;-0.23657418
281311039;341.4375;7568;-17419;0.96363184;0.036709784;-0.2447319
281334668;341.4375;7568;-17419;0.9575136;0.028552056;-0.24983048
281360926;341.4375;7568;-17419;0.959553;0.018354892;-0.24575162
281384512;341.4375;7568;-17419;0.9605727;0.0193746092;-0.237593884
281410911;341.4375;7568;-17419;0.9646516;0.021414042;-0.2314756
281440823;341.4375;7568;-17419;0.96363184;0.0377295;-0.242692468
281463372;341.4375;7568;-17419;0.959553;0.036709784;-0.247791052
281487361;341.4375;7568;-20000101_000005_192721_imu_lsm6dso32.csv@281488775;1.014064;0.003904;-0.003904;-133;49;-35;1
281511138;341.4375;7568;-17432;0.96261216;0.020394326;-0.24677134
281540761;341.4375;7568;-17432;0.96363184;0.014276028;-0.237593884
281563445;341.4375;7568;-17432;0.96261216;0.018354892;-0.23453474
281584908;341.4375;7568;-17432;0.961592464;0.030591488;-0.24065304
281614855;341.4375;7568;-17425;0.961592464;0.0377295;-0.248810768
281640773;341.4375;7568;-17425;0.96261216;0.0377295;-0.25186992
281663752;341.4375;7568;-17425;0.961592464;0.02447319;-0.2447319
281690531;341.4375;7568;-17425;0.9605727;0.017335176;-0.23555446
281734932;341.4375;7568;-17425;0.96261216;0.018354892;-0.23351502
281763082;341.4375;7568;-17425;0.9605727;0.0387492184;-0.247791052
281791098;341.4375;7568;-17425;0.961592464;0.039768936;-0.247791052
281816523;341.4375;7568;-17432;0.961592464;0.031611204;-0.242692468
281850911;341.4375;7568;-17432;;5;0
281874072;341.4375;7568;-17432;0.961592464;0.018354892;-0.23555446
281900726;341.4375;7568;-17432;0.961592464;0.022433758;-0.242692468
281935658;341.4375;7568;-17432;0.961592464;0.0377295;-0.248810768
281961117;341.4375;7568;-17432;0.96261216;0.0387492184;-0.24575162
281983996;341.4375;7568;-17432;0.96363184;0.025492906;-0.23963332
282015327;341.4375;7568;-17438;0.961592464;0.017335176;-0.23555446
282041101;341.4375;7568;-17438;0.96261216;0.01631546;-0.237593884
282064599;341.4375;7568;-17438;0.96261216;0.026512622;-0.24677134
282091605;341.4375;7568;-17438;0.961592464;0.03569007;-0.24677134
282113817;341.4375;7568;-17438;0.9605727;0.0377295;-0.24575162
282141263;341.4375;7568;-17438;0.96261216;0.03263092;-0.24167276
282191293;341.4375;7568;-17438;0.96363184;0.017335176;-0.23963332
282213561;341.4375;7568;-17438;0.9605727;0.02447319;-0.2447319
282234719;341.4375;7568;-17438;0.9605727;0.033650636;-0.2508502
282261149;341.375;7568;-17438;0.96261216;0.039768936;-0.24575162
282283485;341.375;7568;-17438;0.96261216;0.0377295;-0.24167276
282311027;341.4375;7568;-17444;0.96261216;0.029571772;-0.24065304
282340872;341.4375;7568;-17450;0.961592464;0.017335176;-0.237593884
282363038;341.4375;7568;-17450;0.96363184;0.0193746092;-0.24167276
282385976;341.4375;7568;-17450;0.961592464;0.02753234;-0.24575162
282411611;341.4375;7568;-17450;0.96261216;0.034670352;-0.247791052
282440800;341.4375;7568;-17450;0.9646516;0.036709784;-0.24371218
282462814;341.375;7568;-17457;0.96261216;0.02753234;-0.2386136
282484963;341.375;7568;-17463;0.96261216;0.0193746092;-0.2386136
282511387;341.375;7568;-17463;0.96261216;0.01631546;-0.24167276
282534339;341.375;7568;-17463;0.961592464;0.020394326;-0.24575162
282561112;341.375;7568;-17463;0.96261216;0.02753234;-0.24167276
282634827;341.375;7568;-17463;0.9605727;0.023453474;-0.24065304
282661091;341.375;7568;-17457;0.96363184;0.021414042;-0.24167276
282683328;341.375;7568;-17457;0.96363184;0.0193746092;-0.24575162
282716786;341.375;7568;-17457;0.96363184;0.029571772;-0.24575162
282741653;341.375;7568;-17457;0.961592464;0.033650636;-0.24167276
282763854;341.375;7568;-17457;0.96363184;0.0387492184;-0.24167276
282790986;341.375;7568;-17457;0.96363184;0.03263092;-0.24065304
282816782;341.375;7568;-17463;0.961592464;0.022433758;-0.24371218
282873198;341.375;7568;-17469;0.96261216;0.025492906;-0.23963332
282911242;341.375;7568;-17469;0.961592464;0.033650636;-0.237593884
282932848;341.375;7568;-17469;0.96363184;0.03263092;-0.23963332
282961523;341.375;7568;-17469;0.96261216;0.025492906;-0.2386136
282984414;341.375;7568;-17469;0.9605727;0.022433758;-0.2447319
283011045;341.375;7568;-17469;0.961592464;0.018354892;-0.24371218
283035600;341.375;7568;-17469;0.96261216;0.026512622;-0.2386136
283071947;341.375;7568;-17469;0.96261216;0.028552056;-0.23453474
283111335;341.375;7568;-17469;0.96363184;0.031611204;-0.24371218
283141085;341.375;7568;-17469;0.961592464;0.030591488;-0.247791052
283163125;341.375;7568;-17469;0.96363184;0.026512622;-0.24371218
283185059;341.375;7568;-17469;0.96261216;0.026512622;-0.23963332
283211306;341.375;7568;-17469;0.96261216;0.028552056;-0.23555446
283234198;341.375;7568;-17469;0.9605727;0.030591488;-0.24167276
283261283;341.375;7568;-17469;0.96363184;0.031611204;-0.242692468
283283328;341.375;7568;-17469;0.959553;0.030591488;-0.247791052
283304933;341.375;7568;-17469;0.961592464;0.028552056;-0.24575162
283341099;341.375;7568;-17469;0.9646516;0.025492906;-0.24065304
283364662;341.375;7568;-17469;0.96363184;0.023453474;-0.23351502
283391336;341.375;7568;-17469;0.96363184;0.02447319;-0.2386136
283416412;341.375;7568;-17469;0.9605727;0.028552056;-0.247791052
283441280;341.375;7568;-17469;0.9605727;0.030591488;-0.2447319
283464335;341.375;7568;-17469;0.96261216;0.02753234;-0.2447319
283518879;341.375;7568;-17469;0.96363184;0.022433758;-0.23555446
283542016;341.375;7568;-17469;0.961592464;0.025492906;-0.23657418
283564008;341.375;7568;-17469;0.961592464;0.031611204;-0.2447319
283591272;341.375;7568;-17469;0.96261216;0.030591488;-0.24983048
283618126;305_192721_laser_agl.csv@283620496;0.021;1
283651051;341.375;7568;-17469;0.96363184;0.02753234;-0.2386136
283681089;341.375;7568;-17469;0.96363184;0.022433758;-0.23555446
283711370;341.375;7568;-17469;0.96363184;0.028552056;-0.242692468
283732858;341.375;7568;-17469;0.9605727;0.03263092;-0.24575162
283760768;341.375;7568;-17469;0.9605727;0.03263092;-0.248810768
283791544;341.375;7568;-17469;0.961592464;0.029571772;-0.24065304
283815346;341.375;7568;-17469;0.96363184;0.02447319;-0.23657418
283841263;341.375;7568;-17469;0.96363184;0.023453474;-0.24065304
283862991;341.375;7568;-17469;0.9605727;0.026512622;-0.247791052
283911786;341.375;7568;-17469;0.96363184;0.031611204;-0.24371218
283991343;341.375;7568;-17469;0.961592464;0.021414042;-0.24065304
284013361;341.375;7568;-17469;0.9605727;0.023453474;-0.242692468
284035119;341.375;7568;-17463;0.96261216;0.028552056;-0.24371218
284061297;341.375;7568;-17463;0.96363184;0.03263092;-0.2447319
284083808;341.375;7568;-17463;0.96363184;0.03263092;-0.24167276
284111646;341.375;7568;-17463;0.96363184;0.031611204;-0.2386136
284141481;341.375;7568;-17463;0.961592464;0.025492906;-0.23963332
284163917;341.375;7568;-17463;0.961592464;0.02447319;-0.242692468
284191377;341.375;7568;-17463;0.961592464;0.028552056;-0.24575162
284214617;341.375;7568;-17463;0.961592464;0.03263092;-0.24575162
284241506;341.375;7568;-17463;0.96261216;0.034670352;-0.242692468
284263515;341.375;7568;-17463;0.96363184;0.02753234;-0.2386136
284286952;341.375;7568;-17463;0.96261216;0.026512622;-0.24065304
284311596;341.375;7568;-17463;0.9605727;0.020394326;-0.24371218
284351769;341.375;7568;-17463;0.9605727;0.021414042;-0.24983048
284375300;341.375;7568;-17463;0.9605727;0.031611204;-0.24167276
284423147;341.375;7568;-128
284451309;341.375;7568;-17463;0.96363184;0.023453474;-0.23963332
284473618;341.375;7568;-17463;0.9605727;0.017335176;-0.242692468
284501193;341.375;7568;-17463;0.96261216;0.021414042;-0.24677134
284531107;341.375;7568;-17463;0.959553;0.029571772;-0.2447319
284561441;341.375;7568;-17463;0.96363184;0.039768936;-0.24065304
284583015;341.375;7568;-17463;0.96261216;0.03263092;-0.24167276
284613751;341.375;7568;-17469;0.959553;0.023453474;-0.242692468
284641372;341.375;7568;-17469;0.9605727;0.020394326;-0.2447319
284662830;341.375;7568;-17469;0.9646516;0.02447319;-0.2447319
284688250;341.375;7568;-17469;0.96261216;0.029571772;-0.23963332
284712445;341.375;7568;-17469;0.961592464;0.036709784;-0.23657418
284751255;341.375;7568;-17469;0.9656713;0.033650636;-0.242692468
284781504;341.375;7568;-17469;0.96261216;0.020394326;-0.24575162
284831681;341.375;7568;-17469;0.961592464;0.0193746092;-0.24371218
284855449;341.375;7568;-1@20000101_000005_192721_airspeed_sdp810.csv@284859430;273;215;4275
284881617;341.375;7568;-17469;0.96363184;0.036709784;-0.23963332
284903541;341.375;7568;-17469;0.96261216;0.030591488;-0.242692468
284937910;341.375;7568;-17469;0.9605727;0.0193746092;-0.24167276
284962151;341.375;7568;-17469;0.96261216;0.01631546;-0.242692468
284985843;341.375;7568;-12000005_192721_airspeed_sdp810.csv@284989196;388;256;4270
285011758;341.375;7568;-17469;0.96363184;0.028552056;-0.24065304
285041272;341.375;7568;-17469;0.96363184;0.036709784;-0.23963332
285064412;341.375;7568;-17469;0.96261216;0.033650636;-0.242692468
285091647;341.375;7568;-17469;0.961592464;0.02753234;-0.2447319
285114382;341.375;7568;-17469;0.96363184;0.021414042;-0.24677134
285141316;341.375;7568;-17469;0.961592464;0.022433758;-0.242692468
285162864;341.375;7568;-17469;0.96363184;0.029571772;-0.24167276
285191566;341.375;7568;-17469;0.96363184;0.033650636;-0.242692468
285213606;341.375;7568;-17469;0.96363184;0.034670352;-0.242692468
285261708;341.375;7568;-17475;0.961592464;0.021414042;-0.247791052
285291423;341.375;7568;-17475;0.96363184;0.01631546;-0.24167276
285313015;341.375;7568;-17475;0.96363184;0.025492906;-0.24167276
285341642;341.375;7568;-17475;0.96261216;0.030591488;-0.24371218
285363141;341.375;7568;-17475;0.961592464;0.031611204;-0.24167276
285390200;341.375;7568;-1@20000101_000005_192721_baro_bmp280.csv@285392651;-31.273954;37.93;101701.2;4.5632076
285412394;341.375;7568;-17475;0.959553;0.022433758;-0.24371218
285474030;341.375;7568;-17475;0.96261216;0.026512622;-0.23963332
285501515;341.375;7568;-17475;0.96363184;0.026512622;-0.2386136
285522835;341.375;7568;-1@20000101_000005_192721_airspeed_sdp810.csv@285526153;345;241;4275
285561553;341.375;7568;-17475;0.96363184;0.028552056;-0.24371218
285583678;341.375;7568;-17475;0.96261216;0.026512622;-0.24065304
285604913;341.375;7568;-17475;0.96261216;0.022433758;-0.24167276
285631419;341.375;7568;-17475;0.9646516;0.025492906;-0.23657418
285661603;341.375;7568;-17475;0.96261216;0.030591488;-0.23963332
285711776;341.375;7568;-17475;0.959553;0.029571772;-0.2508502
285745610;341.375;7568;-17475;0.961592464;0.022433758;-0.24167276
285768925;341.375;7568;-17475;0.96261216;0.020394326;-0.24065304
285792000;341.375;7568;-17475;0.96261216;0.025492906;-0.2386136
285814287;341.375;7568;-17475;0.96261216;0.031611204;-0.242692468
285843784;341.375;7568;-17475;0.961592464;0.031611204;-0.2508502
285866054;341.375;7568;-17475;0.96363184;0.028552056;-0.242692468
285891933;341.375;7568;-17475;0.961592464;0.023453474;-0.23963332
285916868;341.375;7568;-17475;0.961592464;0.020394326;-0.2386136
285941879;341.375;7568;-17475;0.96363184;0.025492906;-0.23963332
285966503;341.375;7568;-17475;0.96261216;0.029571772;-0.24167276
285991734;341.375;7568;-17475;0.96261216;0.036709784;-0.248810768
286016360;341.375;7568;-17475;0.96363184;0.031611204;-0.24371218
286043809;341.375;7568;-17475;0.96261216;0.026512622;-0.24065304
286065852;341.375;7568;-17475;0.9646516;0.022433758;-0.237593884
286091811;341.375;7568;-17475;0.9605727;0.0193746092;-0.23657418
286133185;341.375;7568;-17475;0.96261216;0.03263092;-0.24167276
286161890;341.375;7568;-17475;0.96363184;0.034670352;-0.2447319
286192207;341.375;7568;-17475;0.9605727;0.026512622;-0.24167276
286214948;341.375;7568;-17475;0.96363184;0.021414042;-0.23657418
286241450;341.375;7568;-17475;0.96363184;0.018354892;-0.24065304
286284756;341.375;7568;-17475;0.96261216;0.028552056;-0.24575162
286311706;341.375;7568;-17475;0.96261216;0.033650636;-0.247791052
286333646;341.375;7568;-17475;0.961592464;0.030591488;-0.24167276
286383815;341.375;7568;-17475;0.96363184;0.021414042;-0.23555446
286411736;341.375;7568;-17475;0.96363184;0.021414042;-0.23963332
286441485;341.375;7568;-17475;0.961592464;0.028552056;-0.2447319
286465268;341.375;7568;-17475;0.96261216;0.033650636;-0.248810768
286491803;341.375;7568;-17475;0.9605727;0.0377295;-0.24677134
286531897;341.375;7568;-17469;0.96363184;0.030591488;-0.23453474
286555409;341.375;7568;-17469;0.961592464;0.017335176;-0.2314756
286581504;341.375;7568;-17469;0.96363184;0.018354892;-0.23453474
286602997;341.375;7568;-17469;0.961592464;0.026512622;-0.24677134
286631668;341.375;7568;-17469;0.961592464;0.031611204;-0.24575162
286654091;341.375;7568;-1@20000101_000005_192721_imu_lsm6dso32.csv@286659211;1.013088;0.017568;0.006832;-77;77;-63;1
286681584;341.375;7568;-17469;0.96363184;0.034670352;-0.2386136
286702789;341.375;7568;-17475;0.96363184;0.0193746092;-0.23351502
286739764;341.375;7568;-17475;0.9605727;0.014276028;-0.237593884
286763639;341.375;7568;-17469;0.9605727;0.025492906;-0.25186992
286791017;341.375;7568;-17463;0.961592464;0.033650636;-0.25288964
286813829;341.375;7568;-17463;0.961592464;0.041808368;-0.2447319
286847948;341.375;7568;-17463;0.9646516;0.02753a2853986;3917;474;1850;0
286872208;341.375;7568;-17463;0.96261216;0.017335176;-0.23045588
286893787;341.375;7568;-17463;0.959553;0.015295744;-0.2447319
286914913;341.375;7568;-17463;0.9585333;0.026512622;-0.25390936
286965325;341.4375;7568;-17457;0.9605727;0.0377295;-0.24983048
286993014;341.4375;7568;-17457;0.96363184;0.033650636;-0.23453474
287015878;341.375;7568;-17457;0.9605727;0.02753234;-0.232495316
287044973;341.4375;7568;-17457;0.959553;0.014276028;-0.23963332
287066813;341.4375;7568;-17457;0.9605727;0.020394326;-0.24575162
287092213;341.4375;7568;-17457;0.9605727;0.026512622;-0.247791052
287116516;341.4375;7568;-17457;0.96261216;0.036709784;-0.242692468
287151403;341.4375;7568;-17457;0.966691;0.034670352;-0.23657@20000101_000005_192721_laser_agl.csv@287156954;0.021;1
287174869;341.4375;7568;-17457;0.961592464;0.0193746092;-0.23453474
287201895;341.4375;7568;-17457;0.96261216;0.017335176;-0.2386136
287223997;341.4375;7568;-17457;0.961592464;0.01631546;-0.24371218
287257542;341.4375;7568;-17457;0.9605727;0.029571772;-0.24983048
287281901;341.4375;7568;-17457;0.96261216;0.034670352;-0.24167276
287305173;341.4375;7568;-17457;0.96363184;0.0377295;-0.23351502
287331672;341.4375;7568;-17457;0.96261216;0.02753234;-0.23657418
287352763;341.4375;7568;-17457;0.959553;0.018354892;-0.24575162
287377393;341.4375;7568;-17457;0.96261216;0.020394326;-0.2508502
287418905;341.4375;7568;-17450;0.96261216;0.034670352;-0.24575162
287442375;341.4375;7568;-17450;0.96363184;0.0377295;-0.24065304
287464608;341.4375;7568;-17450;0.96363184;0.03569007;-0.23351502
287491733;341.4375;7568;-17450;0.961592464;0.023453474;-0.24065304
287531588;341.4375;7568;-17450;0.961592464;0.018354892;-0.24677134
287552937;341.4375;7568;-;920000101_000005_192721_accel_adxl375.csv@287554202;1.7639999;0.098;0.244999984;1
287574951;341.4375;7568;-17450;0.961592464;0.031611204;-0.242692468
287601680;341.4375;7568;-17450;0.96363184;0.036709784;-0.23657418
287631757;341.4375;7568;-17450;0.961592464;0.028552056;-0.23657418
287654303;341.4375;7568;-c72
287681705;341.4375;7568;-17450;0.9605727;0.013256311;-0.242692468
287704017;341.4375;7568;-17450;0.9605727;0.020394326;-0.24677134
287731601;341.4375;7568;-17444;0.96261216;0.026512622;-0.24065304
287754306;341.4375;7568;-17438;0.961592464;0.04078865;-0.24165@20000101_000005_192721_accel_adxl375.csv@287760754;1.813;0.098;0.196;1
287781818;341.4375;7568;-17438;0.961592464;0.03569007;-0.237593884
287805418;341.4375;7568;-17438;0.9605727;0.0193746092;-0.24065304
287833775;341.4375;7568;-17438;0.961592464;0.015295744;-0.24677134
287882655;341.4375;7568;-17432;0.961592464;0.02753234;-0.242692468
287905305;341.4375;7568;-17432;0.9656713;0.039768936;-0.24167276
287935444;341.4375;7568;-17432;0.96363184;0.0377295;-0.2386136
287961956;341.4375;7568;-17432;0.961592464;0.02753234;-0.242692468
287984384;341.5;7568;-17432;0.959553;0.017335176;-0.2447319
288011979;341.5;7568;-17432;0.961592464;0.017335176;-0.24371218
288033915;341.5;7568;-17432;0.961592464;0.02753234;-0.242692468
288066016;341.5;7568;-17432;0.9646516;0.03263092;-0.23963332
288092018;341.5;7568;-17432;0.961592464;0.0377295;-0.23657418
288116557;341.5;7568;-17432;0.96261216;0.025492906;-0.24167276
288142258;341.5;7568;-17432;0.961592464;0.020394326;-0.24167276
288164879;341.5;7568;-17432;0.9605727;0.017335176;-0.24167276
288191889;341.5;7568;-17432;0.9605727;0.022433758;-0.242692468
288282068;341.5;7568;-17425;0.96261216;0.026512622;-0.24167276
288313785;341.5;7568;-17425;0.9605727;0.021414042;-0.24575162
288341724;341.5;7568;-17425;0.96261216;0.020394326;-0.2447319
288364002;341.5;7568;-17425;0.96363184;0.026512622;-0.24065304
288391268;341.5;7568;-17425;0.96363184;0.033650636;-0.237593884
288423773;341.5;7568;-17425;0.96363184;0.034670352;-0.242692468
288445756;341.5;7568;-17425;0.961592464;0.026512622;-0.2508502
288467857;341.5;7568;-17425;0.9605727;0.021414042;-0.247791052
288492187;341.5;7568;-17425;0.961592464;0.018354892;-0.2447319
288515078;341.5;7568;-17425;0.9646516;0.022433758;-0.24065304
288542059;341.5;7568;-17425;0.961592464;0.03263092;-0.23453474
288563735;341.5;7568;-17425;0.9656713;0.03569007;-0.24371218
288587339;341.5;7568;-174@20000101_000005_192721_airspeed_sdp810.csv@288591361;103;132;4272
288613446;341.5;7568;-17425;0.961592464;0.022433758;-0.247791052
288642129;341.5;7568;-17425;0.959553;0.017335176;-0.24371218
288675159;341.5;7568;-17425;0.9646516;0.023453474;-0.23555446
288702184;341.5;7568;-17425;0.9646516;0.030591488;-0.23657418
288723829;341.5;7568;-17425;0.96363184;0.03263092;-0.242692468
288762031;341.5;7568;-17425;0.959553;0.030591488;-0.248810768
288786121;341.5;7568;-17472
288812290;341.5;7568;-17425;0.961592464;0.023453474;-0.242692468
288841577;341.5;7568;-17425;0.96261216;0.026512622;-0.23453474
288863165;341.5;7568;-17425;0.96363184;0.028552056;-0.23963332
288892082;341.5;7568;-17425;0.96363184;0.034670352;-0.24371218
288917780;341.5;7568;-17425;0.961592464;0.031611204;-0.2508502
288942297;341.5;7568;-17425;0.9605727;0.02753234;-0.24983048
288964182;341.5;7568;-17425;0.96363184;0.02447319;-0.2386136
288986059;341.5;7568;-17425;0.96261216;0.02447319;-0.237593884
289012252;341.5;7568;-17425;0.96363184;0.026512622;-0.23555446
289035170;341.5;7568;-17425;0.961592464;0.025492906;-0.24167276
289062036;341.5;7568;-17425;0.961592464;0.028552056;-0.24677134
289104177;341.5;7568;-17425;0.9605727;0.026512622;-0.24575162
289132220;341.5;7568;-17425;0.961592464;0.02447319;-0.237593884
289153855;341.5;7568;-17425;0.961592464;0.021414042;-0.23657418
289175963;341.5;7568;-17425;0.961592464;0.026512622;-0.24065304
289202160;341.5;7568;-17425;0.96363184;0.025492906;-0.24371218
289224908;341.5;7568;-17425;0.959553;0.028552056;-0.24575162
289252242;341.5;7568;-17425;0.961592464;0.026512622;-0.2447319
289275820;341.5;7568;-17425;0.96261216;0.02753234;-0.23351502
289301961;341.5;7568;-17425;0.961592464;0.028552056;-0.23555446
289325466;341.5;7568;-17425;0.961592464;0.028552056;-0.23963332
289351822;341.5;7568;-17425;0.96261216;0.02753234;-0.24575162
289374463;341.5;7568;-17425;0.959553;0.028552056;-0.247791052
289402078;341.5;7568;-17425;0.961592464;0.02753234;-0.2447319
289424914;341.5;7568;-17425;0.96363184;0.028552056;-0.23963332
289451906;341.5;7568;-174@20000101_000005_192721_imu_lsm6dso32.csv@289458337;1.012112;0.00976;0.003904;-105;21;-84;1
289473844;341.5;7568;-17425;0.961592464;0.02447319;-0.242692468
289532668;341.5;7568;-17425;0.96261216;0.02753234;-0.24677134
289581941;341.5;7568;-17425;0.96261216;0.025492906;-0.23657418
289603846;341.5;7568;-17425;0.96261216;0.02447319;-0.2386136
289639293;341.5;7568;-17425;0.96363184;0.025492906;-0.24371218
289662589;341.5;7568;-17425;0.96261216;0.02447319;-0.242692468
289683890;341.5;7568;-17425;0.9605727;0.028552056;-0.24575162
289705872;341.5;7568;-17425;0.96261216;0.026512622;-0.24371218
289732369;341.5;7568;-17425;0.96363184;0.02753234;-0.23657418
289753950;341.5;7568;-17425;0.96261216;0.029571772;-0.24065304
289782119;341.5;7568;-17425;0.961592464;0.026512622;-0.23963332
289803885;341.5;7568;-17425;0.96363184;0.02753234;-0.242692468
289842584;341.5;7568;-17425;0.959553;0.030591488;-0.24371218
289864258;341.5;7568;-17425;0.96261216;0.029571772;-0.242692468
289892140;341.5;7568;-17425;0.96363184;0.02753234;-0.24065304
289916491;341.5;7568;-17425;0.96363184;0.026512622;-0.2386136
289943744;341.5;7568;-17425;0.96363184;0.02447319;-0.24167276
290012521;341.5;7568;-17425;0.961592464;0.030591488;-0.24371218
290033627;341.5;7568;-17425;0.96363184;0.025492906;-0.24167276
290062081;341.5;7568;-17425;0.96261216;0.023453474;-0.242692468
290085102;341.5;7568;-17425;0.9605727;0.023453474;-0.24167276
290112295;341.5;7568;-17425;0.96363184;0.029571772;-0.24167276
290142291;341.5;7568;-17425;0.961592464;0.026512622;-0.2447319
290165403;341.5;7568;-17425;0.96261216;0.029571772;-0.24167276
290192247;341.5;7568;-17425;0.96261216;0.026512622;-0.24167276
290214221;341.5;7568;-17425;0.96261216;0.021414042;-0.23963332
290240803;341.5;7568;-17425;0.961592464;0.022433758;-0.237593884
290263265;341.5;7568;-17425;0.96363184;0.030591488;-0.24167276
290285333;341.5;7568;-17425;0.961592464;0.03569007;-0.2447319
290312365;341.5;7568;-17425;0.961592464;0.03569007;-0.2447319
290336498;341.5;7568;-17425;0.9646516;0.028552056;-0.24167276
290362489;341.5;7568;-17425;0.961592464;0.023453474;-0.237593884
290405687;341.5;7568;-17425;0.96363184;0.02447319;-0.24167276
290430987;341.5;7568;-17425;0.9605727;0.030591488;-0.24371218
290459679;341.5;7568;-17425;0.961592464;0.03263092;-0.24371218
290485966;341.5;7568;-1749605727;0.031611204;-0.24167276
290512572;341.5;7568;-17425;0.96363184;0.021414042;-0.23963332
290546115;341.5;7568;-17425;0.9605727;0.021414042;-0.24167276
290568401;341.5;7568;-17425;0.9605727;0.020394326;-0.242692468
290595119;341.5;7568;-17425;0.961592464;0.030591488;-0.247791052
290616776;341.5;7568;-17425;0.96261216;0.030591488;-0.2447319
290646285;341.5;7568;-17425;0.96363184;0.029571772;-0.24371218
290675920;341.5;7568;-17425;0.96363184;0.02447319;-0.2386136
290702812;341.5;7568;-17425;0.961592464;0.020394326;-0.242692468
290732806;341.5;7568;-17425;0.96261216;0.023453474;-0.24167276
290755423;341.5;7568;-1741592464;0.031611204;-0.24575162
290782208;341.5;7568;-17425;0.961592464;0.03569007;-0.24167276
290807428;341.5;7568;-17425;0.96363184;0.029571772;-0.23963332
290853608;341.5;7568;-174@20000101_000005_192721_baro_bmp280.csv@290859649;-31.115418;37.95;101699.31;4.7217444
290883027;341.5;7568;-17425;0.96261216;0.025492906;-0.24575162
290915116;341.5;7568;-17425;0.961592464;0.028552056;-0.24371218
290942279;341.5;7568;-17425;0.96363184;0.031611204;-0.23963332
290966637;341.5;7568;-17425;0.96261216;0.029571772;-0.24065304
290992495;341.5;7568;-17425;0.9605727;0.025492906;-0.2386136
291014235;341.5;7568;-17425;0.961592464;0.0193746092;-0.24167276
291042387;341.5;7568;-17425;0.961592464;0.021414042;-0.24371218
291064296;341.5;7568;-17425;0.96261216;0.026512622;-0.24575162
291092453;341.5;7568;-17425;0.96363184;0.031611204;-0.237593884
291132257;341.5;7568;-17425;0.96261216;0.029571772;-0.24065304
291154141;341.5;7568;-1749@20000101_000005_192721_imu_lsm6dso32.csv@291158901;1.016016;0.005856;0.001952;-84;35;-105;1
291176334;341.5;7568;-17425;0.96363184;0.025492906;-0.2447319
291202460;341.5;7568;-17425;0.961592464;0.025492906;-0.24983048
291224787;341.5;7568;-17425;0.96363184;0.029571772;-0.24065304
291252334;341.5;7568;-17425;0.9605727;0.034670352;-0.24065304
291302725;341.5;7568;-17425;0.96261216;0.02753234;-0.2447319
291325167;341.5;7568;-17425;0.96363184;0.023453474;-0.24167276
291352728;341.5;7568;-17425;0.96363184;0.021414042;-0.242692468
291382434;341.5;7568;-17425;0.961592464;0.028552056;-0.24167276
291406508;341.5;7568;-17425;0.961592464;0.031611204;-0.23963332
291435869;341.5;7568;-17425;0.96261216;0.030591488;-0.2386136
291462688;341.5;7568;-17425;0.9605727;0.023453474;-0.24371218
291484848;341.5;7568;-17425;0.961592464;0.0193746092;-0.24167276
291515904;341.5;7568;-17425;0.96261216;0.021414042;-0.24065304
291546064;341.5;7568;-17425;0.96261216;0.029571772;-0.24371218
291569317;341.5;7568;-17425;0.961592464;0.031611204;-0.24167276
291592630;341.5;7568;-17425;0.961592464;0.031611204;-0.24371218
291617823;341.5;7568;-17425;0.96261216;0.02447319;-0.24167276
291646325;341.5;7568;-17425;0.9605727;0.023453474;-0.242692468
291667915;341.5;7568;-17425;0.96261216;0.023453474;-0.24065304
291692622;341.5;7568;-17425;0.96363184;0.029571772;-0.24167276
291716396;341.5;7568;-17425;0.96363184;0.03263092;-0.24065304
291742420;341.5;7568;-17425;0.961592464;0.03569007;-0.24167276
291782961;341.5;7568;-17425;0.96261216;0.02753234;-0.242692468
291804930;341.5;7568;-17425;0.961592464;0.023453474;-0.23963332
291832352;341.5;7568;-17425;0.96261216;0.025492906;-0.23963332
291854354;341.5;7568;-17425;0.961592464;0.029571772;-0.23963332
291882416;341.5;7568;-17425;0.9605727;0.030591488;-0.24167276
291903997;341.5;7568;-17425;0.96261216;0.028552056;-0.24575162
291934874;341.5;7568;-17425;0.961592464;0.022433758;-0.24371218
291962363;341.5;7568;-17425;0.961592464;0.021414042;-0.242692468
291984274;341.5;7568;-17425;0.961592464;0.022433758;-0.23657418
292006013;341.5;7568;-17425;0.96261216;0.026512622;-0.24065304
292032797;341.5;7568;-17425;0.96261216;0.02753234;-0.24065304
292062468;341.5;7568;-17425;0.961592464;0.031611204;-0.24677134
292084577;341.5;7568;-17425;0.9605727;0.028552056;-0.24371218
292106263;341.5;7568;-17425;0.9605727;0.02447319;-0.2447319
292132335;341.5;7568;-17425;0.96363184;0.02447319;-0.2386136
292153763;341.5;7568;-1740.24065304
292176092;341.5;7568;-17425;0.9605727;0.02753234;-0.24167276
292218020;341.5;7568;-17425;0.9605727;0.03263092;-0.24677134
292242662;341.5;7568;-17425;0.961592464;0.031611204;-0.242692468
292264675;341.5;7568;-17425;0.96363184;0.029571772;-0.24167276
292292302;341.5;7568;-17425;0.96363184;0.02447319;-0.2386136
292315680;341.5;7568;-17425;0.961592464;0.025492906;-0.24167276
292343799;341.5;7568;-17425;0.961592464;0.02753234;-0.24167276
292365920;341.5;7568;-17425;0.96261216;0.029571772;-0.2447319
292392408;341.5;7568;-17425;0.9646516;0.02753234;-0.242692468
292416266;341.5;7568;-17425;0.961592464;0.026512622;-0.242692468
292445006;341.5;7568;-17425;0.96261216;0.02447319;-0.2386136
292467428;341.5;7568;-17425;0.96261216;0.022433758;-0.24065304
292492536;341.5;7568;-17425;0.961592464;0.026512622;-0.24167276
292524944;341.5;7568;-17425;0.961592464;0.030591488;-0.242692468
292551315;341.5;7568;-17425;0.961592464;0.030591488;-0.2447319
292573741;341.5;7568;-17425;0.9646516;0.028552056;-0.2386136
292615865;341.5;7568;-17425;0.9605727;0.026512622;-0.24167276
292642843;341.5;7568;-17425;0.96261216;0.026512622;-0.24065304
292665613;341.5;7568;-17425;0.961592464;0.029571772;-0.24677134
292692672;341.5;7568;-17425;0.961592464;0.031611204;-0.242692468
292717456;341.5;7568;-17425;0.959553;0.03263092;-0.24065304
292774266;341.5;7568;-17425;0.96363184;0.025492906;-0.242692468
292796002;341.5;7568;-17425;0.96363184;0.02753234;-0.24371218
292829650;341.5;7568;-17425;0.961592464;0.028552056;-0.24575162
292856017;341.5;7568;-17425;0.961592464;0.029571772;-0.24167276
292882822;341.5;7568;-17425;0.96261216;0.029571772;-0.24167276
292906437;341.5;7568;-17425;0.9605727;0.02447319;-0.23963332
292932300;341.5;7568;-17425;0.961592464;0.02447319;-0.23963332
292959482;341.5;7568;-17425;0.961592464;0.022433758;-0.242692468
292982746;341.5;7568;-17425;0.96261216;0.025492906;-0.24167276
293005251;341.5;7568;-17425;0.961592464;0.029571772;-0.242692468
293053388;341.5;7568;-17425;0.96261216;0.030591488;-0.24065304
293075426;341.5;7568;-17425;0.96363184;0.025492906;-0.23963332
293098419;341.5;7568;-17425;0.961592464;0.02447319;-0.24371218
293120243;341.5;7568;-17425;0.961592464;0.026512622;-0.24167276
293146346;341.5;7568;-17425;0.96261216;0.028552056;-0.24371218
293169562;341.5;7568;-17425;0.96363184;0.03263092;-0.24167276
293215328;341.5;7568;-17425;0.96261216;0.029571772;-0.2386136
293241329;341.5;7568;-17425;0.96261216;0.02753234;-0.242692468
293264851;341.5;7568;-17425;0.96261216;0.025492906;-0.242692468
293292471;341.5;7568;-17425;0.961592464;0.026512622;-0.24167276
293317764;341.5;7568;-17425;0.9626121020.24065304
293347831;341.5;7568;-17425;0.961592464;0.030591488;-0.24167276
293373128;341.5;7568;-17425;0.9646516;0.026512622;-0.24167276
293405493;341.5;7568;-17425;0.96261216;0.025492906;-0.24167276
293432422;341.5;7568;-17425;0.96261216;0.022433758;-0.23963332
293454378;341.5;7568;-17425;0.959553;0.025492906;-0.24167276
293502966;341.5;7568;-17425;0.96261216;0.029571772;-0.24167276
293525000;341.5;7568;-17425;0.96363184;0.026512622;-0.24167276
293552590;341.5;7568;-17425;0.96261216;0.02753234;-0.24371218
293574604;341.5;7568;-17425;0.959553;0.026512622;-0.242692468
293602494;341.5;7568;-17425;0.96261216;0.026512622;-0.242692468
293623823;341.5;7568;-1746@20000101_000005_192721_airspeed_sdp810.csv@293627117;57;98;4275
293652321;341.5;7568;-17425;0.961592464;0.03263092;-0.242692468
293673948;341.5;7568;-17425;0.961592464;0.029571772;-0.23963332
293702398;341.5;7568;-17425;0.96363184;0.028552056;-0.24371218
293725942;341.5;7568;-17425;0.9605727;0.02753234;-0.242692468
293752442;341.5;7568;-17425;0.96363184;0.026512622;-0.24575162
293773754;341.5;7568;-17425;0.96363184;0.02753234;-0.24065304
293812715;341.5;7568;-17425;0.9646516;0.030591488;-0.23963332
293835595;341.5;7568;-17425;0.961592464;0.029571772;-0.24167276
293862695;341.5;7568;-17425;0.961592464;0.026512622;-0.24065304
293892489;341.5;7568;-17425;0.96261216;0.026512622;-0.24167276
293943350;341.5;7568;-17425;0.96363184;0.025492906;-0.24065304
293965380;341.5;7568;-17425;0.96363184;0.028552056;-0.2386136
293992481;341.5;7568;-17425;0.961592464;0.029571772;-0.24167276
294013725;341.5;7568;-17425;0.96363184;0.02753234;-0.24065304
294035302;341.5;7568;-17425;0.96261216;0.026512622;-0.24167276
294062548;341.5;7568;-17425;0.96261216;0.02753234;-0.242692468
294084279;341.5;7568;-17425;0.96261216;0.025492906;-0.24167276
294106049;341.5;7568;-17425;0.9605727;0.026512622;-0.2447319
294133749;341.5;7568;-17425;0.96261216;0.029571772;-0.2386136
294155180;341.5;7568;-1746.-0.242692468
294182425;341.5;7568;-17425;0.96363184;0.031611204;-0.2447319
294205229;341.5;7568;-17425;0.96261216;0.029571772;-0.242692468
294232358;341.5;7568;-17425;0.961592464;0.025492906;-0.2447319
294255297;341.5;7568;-174@20000101_000005_192721_airspeed_sdp810.csv@294258928;17;53;4273
294282347;341.5;7568;-17425;0.961592464;0.029571772;-0.237593884
294303775;341.5;7568;-17425;0.96363184;0.029571772;-0.24167276
294343473;341.5;7568;-17425;0.96363184;0.025492906;-0.2447319
294367162;341.5;7568;-17425;0.96261216;0.02753234;-0.24167276
294392534;341.5;7568;-17425;0.96363184;0.025492906;-0.242692468
294414487;341.5;7568;-17425;0.96363184;0.02447319;-0.23963332
294442430;341.5;7568;-17425;0.96261216;0.026512622;-0.24167276
294465473;341.5;7568;-17425;0.961592464;0.030591488;-0.2447319
294492396;341.5;7568;-17425;0.961592464;0.029571772;-0.24371218
294516909;341.5;7568;-17425;0.9605727;0.028552056;-0.24167276
294542942;341.5;7568;-17425;0.96261216;0.025492906;-0.24167276
294582151;341.5;7568;-17425;0.9605727;6622;-0.24065304
294604055;341.5;7568;-17425;0.96363184;0.028552056;-0.24065304
294662512;341.5;7568;-17425;0.96363184;0.030591488;-0.2447319
294686082;341.5;7568;-17425;0.96363184;0.02753234;-0.24065304
294716336;341.5;7568;-17425;0.96363184;0.02447319;-0.24065304
294792607;341.5;7568;-17425;0.9605727;0.02753234;-0.242692468
294813961;341.5;7568;-17425;0.96261216;0.029571772;-0.24065304
294842378;341.5;7568;-17425;0.96363184;0.026512622;-0.24167276
294863944;341.5;7568;-17425;0.96261216;0.02753234;-0.23963332
294893254;341.5;7568;-17425;0.961592464;0.026512622;-0.24371218
294916827;341.5;7568;-17425;0.9605727;0.026512622;-0.24371218
294975273;341.5;7568;-17425;0.961592464;0.028552056;-0.24167276
295006329;341.5;7568;-17425;0.9646516;0.030591488;-0.24065304
295032569;341.5;7568;-17425;0.96363184;0.02753234;-0.24371218
295053754;341.5;7568;-17425;0.961592464;0.026512622;-0.24167276
295076710;341.5;7568;-17425;0.96363184;0.029571772;-0.2447319
295102622;341.5;7568;-17425;0.96363184;0.030591488;-0.242692468
295132654;341.5;7568;-17425;0.96261216;0.028552056;-0.23963332
295155226;341.5;7568;-174@20000101_000005_192721_airspeed_sdp810.csv@295158233;-55;0;4275
295182341;341.5;7568;-17425;0.96363184;0.028552056;-0.23963332
295223540;341.5;7568;-17425;0.961592464;0.02753234;-0.24065304
295245780;341.5;7568;-17425;0.96261216;0.026512622;-0.24371218
295268830;341.5;7568;-17425;0.961592464;0.02753234;-0.24065304
295292798;341.5;7568;-17425;0.96261216;0.028552056;-0.2447319
295314803;341.5;7568;-17425;0.961592464;0.028552056;-0.24167276
295340312;341.5;7568;-17425;0.96261216;0.02753234;-0.24065304
295363105;341.5;7568;-17425;0.96261216;0.026512622;-0.24167276
295385035;341.5;7568;-17425;0.96261216;0.02447319;-0.2447319
295415560;341.5;7568;-17425;0.9605727;0.025492906;-0.242692468
295440900;341.5;7568;-17425;0.96363184;0.02753234;-0.24065304
295466535;341.5;7568;-17425;0.96363184;0.029571772;-0.24065304
295496396;341.5;7568;-17425;0.96363184;0.028552056;-0.24065304
295525954;341.5;7568;-17425;0.961592464;0.028552056;-0.23963332
295553809;341.5;7568;-17425;0.96261216;0.02753234;-0.24167276
295582389;341.5;7568;-17425;0.96261216;0.028552056;-0.24065304
295605335;341.5;7568;-17425;0.9605727;0.028552056;-0.242692468
295652192;341.5;7568;-17425;0.961592464;0.028552056;-0.23963@20000101_000005_192721_airspeed_sdp810.csv@295657780;-32;0;4274
295675197;341.5;7568;-17425;0.96261216;0.026512622;-0.24167276
295698616;341.5;7568;-17425;0.96363184;0.02753234;-0.24371218
295750478;341.5;7568;-17425;0.9605727;0.028552056;-0.24167276
295773503;341.5;7568;-17425;0.96363184;0.026512622;-0.23963332
295796042;341.5;7568;-17425;0.961592464;0.02753234;-0.24065304
295818707;341.5;7568;-17425;0.96363184;0.026512622;-0.24167276
295846394;341.5;7568;-17425;0.96363184;0.025492906;-0.242692468
295872944;341.5;7568;-17425;0.961592464;0.028552056;-0.24371218
295902083;341.5;7568;-17425;0.96261216;0.02753234;-0.24167276
295926197;341.5;7568;-17425;0.96261216;0.029571772;-0.24065304
295960244;341.5;7568;-17425;0.96363184;0.028552056;-0.24371218
295983031;341.5;7568;-17425;0.96261216;0.02753234;-0.24167276
296016001;341.5;7568;-17425;0.961592464;0.02753234;-0.24167276
296042758;341.5;7568;-17425;0.96261216;0.026512622;-0.2447319
296065042;341.5;7568;-17425;0.96261216;0.028552056;-0.24167276
296112779;341.5;7568;-17425;0.96261216;0.028552056;-0.23963332
296135526;341.5;7568;-17425;0.96261216;0.029571772;-0.24065304
296160222;341.5;7568;-17425;0.961592464;0.029571772;-0.2386136
296183001;341.5;7568;-17425;0.96363184;0.025492906;-0.24065304
296205116;341.5;7568;-17425;0.96363184;0.02753234;-0.24065304
296228729;341.5;7568;-17425;0.9605727;0.026512622;-0.24371218
296252485;341.5;7568;-17425;0.96261216;0.028552056;-0.23963332
296276085;341.5;7568;-17425;0.96363184;0.025492906;-0.24065304
296302506;341.5;7568;-17425;0.96363184;0.025492906;-0.24167276
296323706;341.5;7568;-17425;0.96363184;0.025492906;-0.24065304
296345558;341.5;7568;-17425;0.9585333;0.025492906;-0.24371218
296368250;341.5;7568;-17425;0.96261216;0.028552056;-0.24065304
296392697;341.5;7568;-17425;0.9605727;0.02753234;-0.242692468
296414149;341.5;7568;-17425;0.96261216;0.028552056;-0.24371218
296436193;341.5;7568;-17425;0.96261216;0.026512622;-0.24167276
296462508;341.5;7568;-17425;0.96261216;0.025492906;-0.24167276
296518379;341.5;7568;-17425;0.96261216;0.028552056;-0.24371218
296542822;341.5;7568;-17425;0.96261216;0.026512622;-0.24167276
296564716;341.5;7568;-17425;0.9605727;0.028552056;-0.24167276
296592503;341.5;7568;-17425;0.96363184;0.02753234;-0.23963332
296622795;341.5;7568;-17425;0.96261216;0.026512622;-0.24167276
296656288;341.5;7568;-17425;0.9605727;0.026512622;-0.24065304
296686013;341.5;7568;-17425;0.96261216;0.026512622;-0.24371218
296712579;341.5;7568;-17425;0.96261216;0.028552056;-0.24167276
296742373;341.5;7568;-17425;0.961592464;0.026512622;-0.23963332
296764348;341.5;7568;-17425;0.96363184;0.02447319;-0.24065304
296792495;341.5;7568;-17425;0.96261216;0.025492906;-0.24167276
296826279;341.5;7568;-17425;0.961592464;0.029571772;-0.24371218
296852361;341.5;7568;-17425;0.961592464;0.031611204;-0.2447319
296873997;341.5;7568;-17425;0.96363184;0.028552056;-0.24065304
296902287;341.5;7568;-17425;0.96261216;0.026512622;-0.24167276
296952907;341.5;7568;-17425;0.961592464;0.02753234;-0.24371218
296975370;341.5;7568;-17425;0.961592464;0.030591488;-0.2447319
297001605;341.5;7568;-17425;0.96363184;0.031611204;-0.24575162
297055364;341.5;7568;-17425;0.96261216;0.028552056;-0.24167276
297082001;341.5;7568;-17425;0.961592464;0.022433758;-0.23963332
297113758;341.5;7568;-17425;0.96261216;0.025492906;-0.237593884
297142399;341.5;7568;-17425;0.961592464;0.026512622;-0.24167276
297166424;341.5;7568;-17425;0.96261216;0.028552056;-0.24065304
297192383;341.5;7568;-17425;0.96261216;0.02753234;-0.242692468
297213767;341.5;7568;-17425;0.961592464;0.02447319;-0.237593884
297235963;341.5;7568;-17425;0.961592464;0.021414042;-0.2386136
297262481;341.5;7568;-17425;0.96261216;0.023453474;-0.24371218
297284103;341.5;7568;-17425;0.9605727;0.02447319;-0.24167276
297306006;341.5;7568;-17425;0.96261216;0.028552056;-0.24065304
297342349;341.5;7568;-17425;0.96261216;0.030591488;-0.24065304
297364218;341.5;7568;-17425;0.961592464;0.029571772;-0.24167276
297412439;341.5;7568;-17425;0.961592464;0.023453474;-0.2447319
297442176;341.5;7568;-17425;0.961592464;0.02447319;-0.24167276
297465007;341.5;7568;-17425;0.96261216;0.028552056;-0.24167276
297492505;341.5;7568;-17425;0.961592464;0.031611204;-0.23963332
297513792;341.5;7568;-17425;0.96261216;0.029571772;-0.24167276
297544880;341.5;7568;-17425;0.961592464;0.02447319;-0.24575162
297566867;341.5;7568;-17425;0.9605727;0.02447319;-0.24371218
297592667;341.5;7568;-17425;0.961592464;0.023453474;-0.2447319
297613777;341.5;7568;-17425;0.96363184;0.026512622;-0.24065304
297651678;341.5;7568;-17425;0.9605727;0.0305@20000101_000005_192721_power_ina226.csv@297656609;3917;473;1850;0
297673588;341.5;7568;-17419;0.96261216;0.030591488;-0.242692468
297694883;341.5;7568;-17419;0.96363184;0.028552056;-0.24677134
297726367;341.5625;7568;-17419;0.96261216;0.020394326;-0.23963332
297756338;341.5625;7568;-17419;0.96363184;0.022433758;-0.24065304
297782430;341.5625;7568;-17419;0.961592464;0.025492906;-0.23963332
297803974;341.5625;7568;-17419;0.96363184;0.031611204;-0.242692468
297843075;341.5625;7568;-17419;0.961592464;0.034670352;-0.242692468
297868533;341.5625;7568;-17419;0.961592464;0.02447319;-0.24065304
297892502;341.5625;7568;-17419;0.961592464;0.022433758;-0.237593884
297913872;341.5625;7568;-17419;0.96363184;0.020394326;-0.23963332
297943798;341.5625;7568;-17419;0.96363184;0.030591488;-0.24167276
297965705;341.5625;7568;-17419;0.9605727;0.031611204;-0.24575162
297992367;341.5625;7568;-17419;0.96261216;0.03569007;-0.24677134
298017441;341.5625;7568;-17419;0.96261216;0.030591488;-0.242692468
298043804;341.5625;7568;-17419;0.96261216;0.022433758;-0.24371218
298076137;341.5625;7568;-17419;0.96261216;0.020394326;-0.24167276
298102347;341.5625;7568;-17419;0.96261216;0.025492906;-0.24371218
298132386;341.5625;7568;-17419;0.961592464;0.029571772;-0.24371218
298154091;341.5625;7568;-17419;0.96261216;0.028552056;-0.24167276
298182218;341.5625;7568;-17419;0.961592464;0.025492906;-0.24167276
298204004;341.5625;7568;-17419;0.961592464;0.020394326;-0.23963332
298225744;341.5625;7568;-17419;0.96261216;0.022433758;-0.242692468
298252205;341.5625;7568;-17419;0.96363184;0.031611204;-0.247791052
298292480;341.5625;7568;-17419;0.96363184;0.03263092;-0.24167276
298314000;341.5625;7568;-17419;0.96363184;0.02753234;-0.23657418
298340542;341.5625;7568;-17419;0.96261216;0.023453474;-0.23657418
298362990;341.5625;7568;-17419;0.96261216;0.02447319;-0.2386136
298384812;341.5625;7568;-70;-0.24575162
298417988;341.5625;7568;-17419;0.96363184;0.029571772;-0.24371218
298442864;341.5625;7568;-17419;0.961592464;0.03263092;-0.2447319
298465344;341.5625;7568;-17419;0.96261216;0.031611204;-0.24065304
298492282;341.5625;7568;-17419;0.96363184;0.02753234;-0.2386136
298516475;341.5625;7568;-17419;0.96261216;0.021414042;-0.24065304
298546561;341.5625;7568;-17419;05;4273
298568753;341.5625;7568;-17419;0.96261216;0.026512622;-0.24371218
298592643;341.5625;7568;-17419;0.961592464;0.029571772;-0.2447319
298613969;341.5625;7568;-17419;0.96363184;0.030591488;-0.24167276
298641997;341.5625;7568;-17419;0.961592464;0.02753234;-0.2386136
298702668;341.5625;7568;-17419;0.96363184;0.021414042;-0.242692468
298732455;341.5625;7568;-17419;0.961592464;0.031611204;-0.24575162
298754263;341.5625;7568;-17419;0.961592464;0.033650636;-0.24371218
298782181;341.5625;7568;-17419;0.96363184;0.031611204;-0.237593884
298812238;341.5625;7568;-17419;0.96363184;0.026512622;-0.23657418
298834531;341.5625;7568;-17419;0.96363184;0.022433758;-0.24167276
298856188;341.5625;7568;-@20000101_000005_192721_baro_bmp280.csv@298859628;-31.184116;37.95;101700.132;4.6530456
298882229;341.5625;7568;-17419;0.961592464;0.029571772;-0.24167276
298912268;341.5625;7568;-17419;0.96363184;0.031611204;-0.24371218
298942298;341.5625;7568;-17419;0.9646516;0.031611204;-0.2386136
298965927;341.5625;7568;-17419;0.96363184;0.02447319;-0.237593884
298992347;341.5625;7568;-17419;0.961592464;0.0193746092;-0.23963332
299016432;341.5625;7568;-17419;0.959553;0.022433758;-0.242692468
299042234;341.5625;7568;-17419;0.9605727;0.026512622;-0.242692468
299066597;341.5625;7568;-17419;0.9605727;0.03263092;-0.242692468
299106378;341.5625;7568;-17419;0.96261216;0.028552056;-0.2386136
299135871;341.5625;7568;-17419;0.961592464;0.021414042;-0.2447319
299162946;341.5625;7568;-17419;0.9605727;0.021414042;-0.242692468
299184854;341.5625;7568;-17419;0.959553;0.02447319;-0.247791052
299212356;341.5625;7568;-17419;0.961592464;0.030591488;-0.24575162
299233665;341.5625;7568;-17419;0.96363184;0.033650636;-0.24371218
299282240;341.5625;7568;-17419;0.96363184;0.026512622;-0.2386136
299303875;341.5625;7568;-17419;0.96261216;0.022433758;-0.24575162
299332272;341.5625;7568;-17419;0.961592464;0.02447319;-0.2447319
299353702;341.5625;7568;-05_192721_accel_adxl375.csv@299358757;1.7639999;0.196;0.196;1
299381685;341.5625;7568;-17419;0.96261216;0.033650636;-0.237593884
299411590;341.5625;7568;-17419;0.961592464;0.029571772;-0.23555446
299432934;341.5625;7568;-17419;0.9605727;0.026512622;-0.24371218
299462540;341.5625;7568;-17419;0.96261216;0.022433758;-0.24371218
299484050;341.5625;7568;-17419;0.96261216;0.021414042;-0.24371218
299516614;341.5625;7568;-17419;0.961592464;0.02753234;-0.24065304
299573865;341.5625;7568;-17419;0.96261216;0.026512622;-0.237593884
299602540;341.5625;7568;-17419;0.96363184;0.023453474;-0.24575162
299628604;341.5625;7568;-17419;0.961592464;0.02447319;-0.24575162
299652818;341.5625;7568;-17419;0.9605727;0.02753234;-0.24167276
299675753;341.5625;7568;-17419;0.96261216;0.028552056;-0.2386136
299712314;341.5625;7568;-17419;0.96363184;0.030591488;-0.24065304
299738636;341.5625;7568;-17419;0.96363184;0.030591488;-0.2447319
299762729;341.5625;7568;-17419;0.9605727;0.02753234;-0.24677134
299784592;341.5625;7568;-17419;0.959553;0.02447319;-0.24677134
299842178;341.5625;7568;-17419;0.96261216;0.02753234;-0.2386136
299863768;341.5625;7568;-17419;0.959553;0.030591488;-0.23555446
299885704;341.5625;7568;-17419;0.9605727;0.029571772;-0.2447319
299922623;341.5625;7568;-17419;0.961592464;0.02447319;-0.24167276
299946784;341.5625;7568;-17419;0.961592464;0.025492906;-0.24677134
299972169;341.5625;7568;-17419;0.96261216;0.023453474;-0.24065304
300016899;341.5625;7568;-6261216;0.028552056;-0.2386136
300042958;341.5625;7568;-17419;0.96261216;0.02447319;-0.23963332
300065542;341.5625;7568;-17419;0.96363184;0.025492906;-0.24371218
300094417;341.5625;7568;-17419;0.9605727;0.026512622;-0.24575162
300123775;341.5625;7568;-17419;0.9646516;0.029571772;-0.23963332
300175168;341.5625;7568;-17419;0.96261216;0.026512622;-0.24065304
300202129;341.5625;7568;-17419;0.961592464;0.029571772;-0.24575162
300223623;341.5625;7568;-17419;0.96261216;0.033650636;-0.24575162
300252030;341.5625@20000101_000005_192721_accel_adxl375.csv@300257108;1.7639999;0.147;0.196;1
300279450;341.5625;7568;-17419;0.96261216;0.029571772;-0.24065304
300308203;341.5625;7568;-17419;0.96363184;0.02447319;-0.23657418
300332360;341.5625;7568;-17419;0.96363184;0.02447319;-0.2386136
300362255;341.5625;7568;-17419;0.96261216;0.028552056;-0.24575162
300383834;341.5625;7568;-17419;0.96261216;0.030591488;-0.24983048
300412474;341.5625;7568;-17419;0.96261216;0.029571772;-0.24677134
300433602;341.5625;7568;-17419;0.96363184;0.021414042;-0.237593884
300480970;341.5625;7568;-17419;0.96261216;0.022433758;-0.2386136
300504961;341.5625;7568;-17419;0.961592464;0.028552056;-0.2447319
300532278;341.5625;7568;-17419;0.961592464;0.031611204;-0.24677134
300562276;341.5625;7568;-17419;0.961592464;0.028552056;-0.2447319
300584302;341.5625;7568;-17419;0.9605727;0.025492906;-0.2386136
300616370;341.5625;7568;-17419;0.96261216;0.023453474;-0.2386136
300642481;341.5625;7568;-17419;0.9605727;0.02753234;-0.24371218
300664245;341.5625;7568;-17419;0.9605727;0.030591488;-0.247791052
300692291;341.5625;7568;-17419;0.96261216;0.031611204;-0.25186992
300715732;341.5625;7568;-17419;0.96363184;0.030591488;-0.24065304
300742066;341.5625;7568;-17419;0.96363184;0.02753234;-0.24065304
300763999;341.5625;7568;-17419;0.96363184;0.02447319;-0.23453474
300792062;341.5625;7568;-17419;0.96261216;0.025492906;-0.24065304
300816469;341.5625;7568;-17419;0.9605727;0.029571772;-0.247791052
300842348;341.5625;7568;-17419;0.961592464;0.030591488;-0.2447319
300863830;341.5625;7568;-17419;0.96363184;0.030591488;-0.2447319
300885938;341.5625;7568;-17419;0.961592464;0.02753234;-0.237593884
300931719;341.5625;7568;-17419;0.961592464;0.0193746092;-0.23453474
300965694;341.5625;7568;-17419;0.9605727;0.023453474;-0.24575162
300992173;341.5625;7568;-17419;0.961592464;0.030591488;-0.24677134
301016280;341.5625;7568;-17419;0.96261216;0.03263092;-0.242692468
301042142;341.5625;7568;-17419;0.96363184;0.031611204;-0.23555446
301065078;341.5625;7568;-17419;0.96261216;0.021414042;-0.2386136
301092158;341.5625;7568;-17419;0.961592464;0.022433758;-0.242692468
301116667;341.5625;7568;-17419;0.9605727;0.023453474;-0.24677134
301142255;341.5625;7568;-17419;0.961592464;0.030591488;-0.247791052
301165489;341.5625;7568;-17419;0.96363184;0.036709784;-0.24065304
301192188;341.5625;7568;-17419;0.96363184;0.034670352;-0.23963332
301213954;341.5625;7568;-17419;0.96261216;0.02753234;-0.237593884
301242137;341.5625;7568;-17419;0.96261216;0.0193746092;-0.24167276
301264192;341.5625;7568;-17419;0.96261216;0.021414042;-0.24371218
301291902;341.5625;7568;-17419;0.9605727;0.026512622;-0.24983048
301332325;341.5625;7568;-17419;0.96363184;0.03569007;-0.242692468
301354803;341.5625;7568;-17419;0.96261216;0.028552056;-0.23555446
301382116;341.5625;7568;-17419;0.96261216;0.025492906;-0.23351502
301404018;341.5625;7568;-17419;0.9605727;0.01631546;-0.24167276
301431981;341.5625;7568;-17419;0.9605727;0.020394326;-0.24677134
301453901;341.5625;7568;-17419;0.961592464;0.029571772;-0.247791052
301475760;341.5625;7568;-17419;0.9646516;0.033650636;-0.24065304
301502110;341.5625;7568;-17419;0.96261216;0.03569007;-0.24167276
301528539;341.5625;7568;-17419;0.961592464;0.02753234;-0.23657418
301552683;341.5625;7568;-17419;0.9605727;0.021414042;-0.2447319
301575911;341.5625;7568;-17419;0.961592464;0.021414042;-0.24575162
301602364;341.5625;7568;-17419;0.9646516;0.025492906;-0.248810768
301625028;341.5625;7568;-17413;0.96363184;0.034670352;-0.24167276
301674274;341.5625;7568;-17413;0.9646516;0.031611204;-0.23555446
301752247;341.5625;7568;-17413;0.959553;0.021414042;-0.24677134
301782257;341.5625;7568;-17413;0.9646516;0.031611204;-0.24167276
301812343;341.5625;7568;-17413;0.96363184;0.03569007;-0.23351502
301833698;341.5625;7568;-17413;0.96363184;0.023453474;-0.23657418
301885151;341.5625;7568;-17413;0.961592464;0.0193746092;-0.24677134
301915280;341.5625;7568;-17413;0.961592464;0.026512622;-0.2447319
301942039;341.5625;7568;-17413;0.9605727;0.029571772;-0.242692468
301965964;341.5625;7568;-17413;0.96363184;0.033650636;-0.23555446
301992350;341.5625;7568;-17413;0.96261216;0.030591488;-0.237593884
302017752;341.5625;7568;-17413;0.9605727;0.023453474;-0.242692468
302050638;341.5625;7568;-17413;0.9605727;0.021414042;-0.248810768
302072528;341.5625;7568;-17413;0.961592464;0.026512622;-0.24677134
302094245;341.5625;7568;-17413;0.96363184;0.034670352;-0.24065304
302115929;341.5625;7568;-17413;0.96363184;0.036709784;-0.23657418
302142296;341.5625;7568;-17413;0.96261216;0.03263092;-0.23657418
302163852;341.5625;7568;-17413;0.96261216;0.025492906;-0.24167276
302222303;341.5625;7568;-17413;0.96261216;0.021414042;-0.24575162
302244119;341.5625;7568;-17413;0.96363184;0.02753234;-0.24065304
302265859;341.5625;7568;-17413;0.96363184;0.031611204;-0.23045588
302292194;341.5625;7568;-17413;0.961592464;0.030591488;-0.2386136
302316530;341.5625;7568;-17413;0.9605727;0.025492906;-0.24167276
302342145;341.5625;7568;-17413;0.9585333;0.0193746092;-0.247791052
302364083;341.5625;7568;-17413;0.9605727;0.0193746092;-0.2447319
302392085;341.5625;7568;-17413;0.96261216;0.023453474;-0.237593884
302451913;341.5625;7568;-17413;0.961592464;0.034670352;-0.2386136
302473885;341.5625;7568;-17413;0.96363184;0.02447319;-0.2447319
302495744;341.5625;7568;-17413;0.959553;0.022433758;-0.248810768
302518748;341.5625;7568;-17413;0.96261216;0.022433758;-0.248810768
302542289;341.5625;7568;-17413;0.96261216;0.021414042;-0.2447319
302564233;341.5625;7568;-17413;0.96363184;0.031611204;-0.2386136
302591812;341.5625;7568;-17413;0.96363184;0.0377295;-0.2386136
302613817;341.5625;7568;-17413;0.96261216;0.031611204;-0.242692468
302662570;341.5625;7568;-17413;0.9605727;0.022433758;-0.24983048
302685093;341.5625;7568;-17413;0.96261216;0.022433758;-0.24167276
302711131;341.5625;7568;-17413;0.96261216;0.026512622;-0.23657418
302741960;341.5625;7568;-17413;0.96363184;0.031611204;-0.23657418
302763968;341.5625;7568;-17413;0.96363184;0.031611204;-0.23963332
302791867;341.5625;7568;-17413;0.96261216;0.026512622;-0.24677134
302818552;341.5625;7568;-17413;0.96261216;0.020394326;-0.24371218
302842320;341.5625;7568;-17413;0.96261216;0.021414042;-0.242692468
302863741;341.5625;7568;-17413;0.96363184;0.025492906;-0.23555446
302891983;341.5625;7568;-17413;0.96363184;0.028552056;-0.23555446
302916188;341.5625;7568;-17413;0.96261216;0.029571772;-0.24167276
302951800;341.5625;7568;-1741@20000101_000005_192721_baro_bmp280.csv@302956886;-31.252816;37.96;101700.94;4.584347
302981859;341.5625;7568;-17413;0.9605727;0.02447319;-0.248810768
303003655;341.5625;7568;-17413;0.961592464;0.02753234;-0.23351502
303025348;341.5625;7568;-17413;0.96261216;0.028552056;-0.23453474
303051996;341.5625;7568;-17413;0.96363184;0.028552056;-0.237593884
303112194;341.5625;7562;-17413;0.961592464;0.029571772;-0.24983048
303145742;341.5625;7562;-17413;0.961592464;0.02447319;-0.24371218
303175789;341.5625;7568;-17413;0.96261216;0.02447319;-0.23453474
303201998;341.5625;7568;-17413;0.9646516;0.025492906;-0.23555446
303224082;341.5625;7568;-17413;0.96261216;0.026512622;-0.24677134
303249716;341.5625;7568;-17413;0.96261216;0.02753234;-0.2508502
303272470;341.5625;7568;-17413;0.96261216;0.029571772;-0.247791052
303301823;341.5625;7568;-17413;0.961592464;0.02753234;-0.24371218
303330084;341.5625;7568;-17413;0.96261216;0.02753234;-0.23453474
303362231;341.5625;7568;-17413;0.96261216;0.02447319;-0.23351502
303383796;341.5625;7562;-17413;0.961592464;0.028552056;-0.248810768
303444968;341.5625;7562;-17413;0.96261216;0.030591488;-0.24677134
303466954;341.5625;7562;-17413;0.961592464;0.028552056;-0.237593884
303492163;341.5625;7562;-17413;0.96261216;0.026512622;-0.23351502
303517987;341.5625;7562;-17413;0.96261216;0.02753234;-0.237593884
303575243;341.5625;7562;-17413;0.961592464;0.028552056;-0.247791052
303601646;341.5625;7562;-17413;0.96261216;0.031611204;-0.24371218
303622795;341.5625;7562;-@20000101_000005_192721_accel_adxl375.csv@303625804;1.813;0.196;0.147;1
303651908;341.5625;7562;-17413;0.961592464;0.025492906;-0.23963332
303674159;341.5625;7562;-17413;0.9605727;0.022433758;-0.2447319
303703752;341.5625;7562;-17413;0.96261216;0.022433758;-0.24677134
303731851;341.5625;7562;-17413;0.96261216;0.02753234;-0.24677134
303758244;341.5625;7562;-17413;0.96363184;0.031611204;-0.2386136
303782316;341.5625;7562;-17413;0.96363184;0.02753234;-0.23351502
303815309;341.5625;7562;-17413;0.96363184;0.021414042;-0.23963332
303843779;341.5625;7562;-17413;0.96261216;0.021414042;-0.24575162
303866444;341.5625;7562;-17413;0.961592464;0.02753234;-0.24677134
303892110;341.5625;7562;-17413;0.96363184;0.029571772;-0.24575162
303916359;341.5625;7562;-17413;0.96363184;0.031611204;-0.237593884
303982311;341.5625;7562;-17413;0.96261216;0.02447319;-0.24575162
304032134;341.5625;7562;-17413;0.961592464;0.023453474;-0.247791052
304054627;341.5625;7562;-17413;0.96363184;0.031611204;-0.24167276
304082240;341.5625;7562;-17413;0.9646516;0.033650636;-0.23555446
304103769;341.5625;7562;-17413;0.96261216;0.030591488;-0.2386136
304135223;341.5625;7562;-17413;0.959553;0.02447319;-0.247791052
304162171;341.5625;7562;-17413;0.96261216;0.02447319;-0.24983048
304183807;341.5625;7562;-17413;0.96261216;0.023453474;-0.2508502
304209601;341.5625;7562;-17413;0.96363184;0.02753234;-0.23963332
304232360;341.5625;7562;-17413;0.96261216;0.029571772;-0.23453474
304253841;341.5625;7562;-17413;0.96363184;0.028552056;-0.23453474
304281981;341.5625;7562;-17413;0.96363184;0.031611204;-0.24371218
304303855;341.5625;7562;-17413;0.959553;0.025492906;-0.24983048
304331916;341.5625;7562;-17413;0.959553;0.02447319;-0.24677134
304353708;341.5625;7562;-000005_192721_laser_agl.csv@304356578;0.022;0
304381944;341.5625;7562;-17413;0.96261216;0.02753234;-0.232495316
304426075;341.5625;7562;-17413;0.959553;0.029571772;-0.24371218
304475440;341.5625;7562;-17413;0.961592464;0.025492906;-0.24677134
304502208;341.5625;7562;-17413;0.9605727;0.021414042;-0.24167276
304531808;341.5625;7562;-17413;0.9656713;0.02447319;-0.22841644
304562073;341.5625;7562;-17413;0.96261216;0.028552056;-0.23657418
304591942;341.5625;7562;-17413;0.959553;0.031611204;-0.2579882
304616652;341.5625;7562;-17413;0.959553;0.028552056;-0.25594878
304642029;341.5625;7562;-17413;0.96363184;0.025492906;-0.2447319
304663706;341.5625;7562;-17413;0.9656713;0.010197163;-0.22025872
304692306;341.5625;7562;-17413;0.9656713;0.01631546;-0.22025872
304731219;341.625;7556;-17413;0.959553;0.0438478;-0.26104736
304753093;341.625;7556;-17413;0.959553;0.049966096;-0.2692051
304775499;341.5625;7556;-17419;0.961592464;0.030591488;-0.25288964
304802249;341.5625;7562;-17425;0.9646516;0.014276028;-0.23351502
304831166;341.625;7562;-17432;0.9646516;0.0030591488;-0.2131207
304858601;341.625;7556;-17425;0.961592464;0.02753234;-0.24167276
304935114;341.625;7556;-17432;0.96363184;0.022433758;-0.232495316
304961991;341.5625;7562;-17438;0.9656713;0.00815773;-0.21719956
304991868;341.5625;7562;-17438;0.96363184;0.009177446;-0.2253573
305016795;341.5625;7556;-17438;0.96363184;0.025492906;-0.25186992
305041998;341.5625;7556;-17438;0.961592464;0.0387492184;-0.2692051
305064032;341.5625;7556;-17438;0.959553;0.0387492184;-0.24677134
305091988;341.5625;7556;-17438;0.96261216;0.030591488;-0.23045588
305116296;341.5625;7556;-17444;0.9656713;0.017335176;-0.221278432
305141958;341.5625;7556;-17444;0.9646516;0.011216879;-0.22331786
305163929;341.5625;7556;-17438;0.959553;0.021414042;-0.25492908
305191924;341.5625;7550;-17438;0.95649384;0.033650636;-0.26512624
305222335;341.5625;7550;-17432;0.9605727;0.041808368;-0.25288964
305244020;341.5625;7556;-17425;0.9656713;0.034670352;-0.2314756
305265986;341.5625;7556;-17432;0.96771068;0.0193746092;-0.219239
305322876;341.5625;7556;-17438;0.959553;0.025492906;-0.25900792
305345246;341.5625;7556;-17438;0.959553;0.0377295;-0.26512624
305367185;341.625;7550;-17432;0.96363184;0.04078865;-0.24983048
305392117;341.625;7556;-17425;0.96261216;0.036709784;-0.232495316
305416244;341.625;7556;-17432;0.9646516;0.025492906;-0.22433758
305442370;341.625;7556;-17432;0.96363184;0.017335176;-0.22943616
305464404;341.625;7556;-17432;0.9585333;0.011216879;-0.24575162
305491928;341.625;7556;-17432;0.959553;0.026512622;-0.2579882
305574212;341.625;7556;-17432;0.96363184;0.02447319;-0.226377008
305595714;341.625;7556;-17432;0.9605727;0.011216879;-0.23657418
305617608;341.625;7556;-17432;0.96261216;0.013256311;-0.24677134
305642123;341.625;7556;-17432;0.9575136;0.021414042;-0.26104736
305664844;341.625;7556;-17432;0.961592464;0.034670352;-0.24677134
305692124;341.625;7556;-17425;0.961592464;0.0377295;-0.23963332
305713621;341.625;7556;-17425;0.966691;0.03263092;-0.23045588
305772675;341.625;7550;-17425;0.959553;0.023453474;-0.25288964
305801947;341.625;7550;-17425;0.961592464;0.018354892;-0.25594878
305830228;341.625;7550;-17425;0.961592464;0.034670352;-0.24575162
305852789;341.625;7550;-17419;0.96363184;0.0438478;-0.23453474
305875939;341.625;7556;-17419;0.9656713;0.0377295;-0.23351502
305901996;341.625;7556;-17419;0.96363184;0.023453474;-0.23963332
305923815;341.625;7556;-17425;0.9605727;0.011216879;-0.247791052
305955379;341.625;7556;-17425;0.961592464;0.018354892;-0.24677134
305982037;341.625;7556;-17425;0.961592464;0.028552056;-0.2447319
306004414;341.625;7556;-17425;0.9646516;0.03569007;-0.23453474
306052012;341.625;7556;-17419;0.96261216;0.028552056;-0.24167276
306074187;341.625;7556;-17419;0.96261216;0.01631546;-0.2447319
306112202;341.625;7556;-17419;0.961592464;0.020394326;-0.24677134
306151001;341.625;7556876
306173362;341.6875;7556;-17413;0.96363184;0.0377295;-0.23657418
306225462;341.6875;7556;-17413;0.9605727;0.023453474;-0.24677134
306252445;341.6875;7556;-17413;0.96261216;0.021414042;-0.25390936
306274074;341.6875;7556;-17413;0.96261216;0.02447319;-0.24167276
306295770;341.625;7556;-17413;0.9646516;0.029571772;-0.2386136
306332064;341.625;7556;-17413;0.9646516;0.034670352;-0.23657418
306353877;341.625;7556;-1@20000101_000005_192721_laser_agl.csv@306358673;0.021;1
306381792;341.625;7556;-17419;0.961592464;0.02447319;-0.24575162
306412188;341.625;7556;-17419;0.961592464;0.014276028;-0.248810768
306441451;341.625;7556;-17419;0.959553;0.023453474;-0.24167276
306463325;341.625;7556;-17419;0.9646516;0.03263092;-0.23453474
306485072;341.625;7556;-17419;0.9646516;0.0387492184;-0.23963332
306512267;341.625;7556;-17419;0.9605727;0.03569007;-0.24575162
306533860;341.625;7556;-17419;0.961592464;0.020394326;-0.248810768
306561858;341.625;7556;-17419;0.9575136;0.01631546;-0.24575162
306583793;341.625;7556;-17419;0.96363184;0.020394326;-0.23963332
306612132;341.625;7556;-17419;0.9656713;0.03263092;-0.23453474
306641715;341.625;7556;-17419;0.96261216;0.039768936;-0.2386136
306695569;341.625;7556;-17419;0.959553;0.017335176;-0.25594878
306725724;341.625;7556;-17419;0.9605727;0.018354892;-0.24371218
306751879;341.625;7556;-17419;0.961592464;0.020394326;-0.2386136
306774846;341.625;7556;-17419;0.96261216;0.03569007;-0.23963332
306801797;341.625;7556;-17419;0.96363184;0.034670352;-0.23963332
306829947;341.625;7556;-17419;0.9605727;0.028552056;-0.24677134
306852491;341.625;7556;-17419;0.9605727;0.0193746092;-0.248810768
306875060;341.625;7556;-17419;0.9605727;0.018354892;-0.2447319
306901826;341.625;7556;-17419;0.96261216;0.020394326;-0.24065304
306932200;341.625;7556;-17419;0.961592464;0.030591488;-0.2386136
306954244;341.625;7556;-17419;0.96363184;0.031611204;-0.24065304
306977013;341.625;7556;-17419;0.96363184;0.030591488;-0.242692468
307004952;341.625;7556;-17419;0.959553;0.023453474;-0.24677134
307031762;341.625;7556;-17419;0.961592464;0.023453474;-0.24167276
307054419;341.625;7556;-1@20000101_000005_192721_accel_adxl375.csv@307059544;1.7639999;0.147;0.196;1
307075731;341.625;7556;-17419;0.96363184;0.031611204;-0.23555446
307122209;341.625;7556;-17425;0.961592464;0.033650636;-0.24065304
307145893;341.625;7556;-17425;0.9605727;0.02753234;-0.24677134
307168713;341.625;7556;-17425;0.96261216;0.026512622;-0.242692468
307192390;341.625;7556;-17425;0.96261216;0.028552056;-0.2447319
307214103;341.625;7556;-17425;0.96261216;0.023453474;-0.2386136
307236482;341.625;7556;-17425;0.96363184;0.02447319;-0.23657418
307272318;341.625;7556;-17425;0.96363184;0.025492906;-0.24167276
307295126;341.625;7556;-17425;0.961592464;0.029571772;-0.24983048
307318611;341.625;7556;-17425;0.9605727;0.026512622;-0.24983048
307345381;341.625;7556;-17425;0.959553;0.02447319;-0.24575162
307367943;341.625;7556;-17425;0.96261216;0.023453474;-0.24065304
307392281;341.625;7556;-17425;0.96363184;0.023453474;-0.23453474
307413780;341.625;7556;-17425;0.961592464;0.025492906;-0.24167276
307441623;341.625;7556;-17425;0.961592464;0.029571772;-0.247791052
307462665;341.625;7556;-17425;0.961592464;0.028552056;-0.247791052
307508038;341.625;7556;-17425;0.96363184;0.026512622;-0.2386136
307535258;341.625;7556;-17425;0.961592464;0.022433758;-0.23453474
307562035;341.625;7556;-17425;0.96261216;0.02447319;-0.2386136
307584139;341.625;7556;-17425;0.96261216;0.028552056;-0.24371218
307611876;341.625;7556;-17425;0.9605727;0.03263092;-0.2508502
307641842;341.625;7556;-17425;0.961592464;0.033650636;-0.248810768
307664481;341.625;7556;-17425;0.96261216;0.026512622;-0.23963332
307691655;341.625;7556;-17425;0.96363184;0.023453474;-0.23351502
307712705;341.625;7556;-17425;0.96261216;0.023453474;-0.23453474
307741883;341.625;7550;-17425;0.961592464;0.026512622;-0.242692468
307764570;341.625;7550;-17425;0.9605727;0.031611204;-0.24983048
307791750;341.625;7550;-17425;0.96261216;0.031611204;-0.248810768
307817288;341.625;7550;-17425;0.96261216;0.026512622;-0.237593884
307851757;341.625;7550;-17425;0.96363184;0.0193746092;-0.2314756
307874549;341.625;7550;-17425;0.96261216;0.017335176;-0.23657418
307903851;341.625;7550;-17425;0.96261216;0.02447319;-0.2447319
307981961;341.625;7550;-17425;0.96261216;0.028552056;-0.23657418
308004629;341.625;7550;-17425;0.9646516;0.023453474;-0.232495316
308032055;341.625;7550;-17425;0.96261216;0.0193746092;-0.23555446
308054025;341.625;7550;-17425;0.96261216;0.02447319;-0.24983048
308076417;341.625;7550;-17425;0.96261216;0.03263092;-0.2508502
308124326;341.625;7550;-17425;0.96363184;0.033650636;-0.23555446
308151818;341.625;7550;-17425;0.96363184;0.028552056;-0.23453474
308181603;341.625;7550;-17425;0.96261216;0.022433758;-0.232495316
308204290;341.625;7550;-17425;0.961592464;0.020394326;-0.24575162
308231663;341.625;7550;-17425;0.9605727;0.02447319;-0.24983048
308253044;341.625;7550;-17425;0.96261216;0.030591488;-0.24167276
308278921;341.625;7550;-17425;0.96363184;0.03263092;-0.2386136
308302185;341.625;7550;-17425;0.96363184;0.030591488;-0.23555446
308325031;341.625;7550;-17425;0.96363184;0.021414042;-0.2386136
308351770;341.625;7550;-17425;0.9605727;0.0193746092;-0.24575162
308392196;341.625;7550;-17425;0.959553;0.026512622;-0.24677134
308424109;341.625;7550;-17425;0.96363184;0.03263092;-0.237593884
308451876;341.625;7550;-17425;0.96363184;0.031611204;-0.237593884
308473825;341.625;7550;-17425;0.9646516;0.026512622;-0.2386136
308495860;341.625;7550;-17425;0.96261216;0.025492906;-0.24575162
308525230;341.625;7550;-17425;0.961592464;0.023453474;-0.248810768
308551941;341.625;7550;-17425;0.9605727;0.026512622;-0.247791052
308573935;341.625;7550;-17425;0.96363184;0.029571772;-0.23657418
308597469;341.625;7550;-17425;0.96363184;0.03263092;-0.23657418
308619867;341.625;7550;-17425;0.96363184;0.029571772;-0.23657418
308674042;341.625;7550;-17425;0.959553;0.025492906;-0.24983048
308701410;341.625;7550;-17425;0.961592464;0.026512622;-0.2447319
308723021;341.625;7550;-1@20000101_000005_192721_airspeed_sdp810.csv@308725515;300;225;4278
308751721;341.625;7550;-17425;0.9646516;0.028552056;-0.23555446
308773110;341.625;7550;-17425;0.96363184;0.026512622;-0.2386136
308822594;341.625;7550;-17425;0.959553;0.02447319;-0.25288964
308845435;341.625;7550;-17425;0.96261216;0.026512622;-0.247791052
308868632;341.625;7550;-17425;0.961592464;0.028552056;-0.23963332
308892473;341.625;7550;-17425;0.9646516;0.026512622;-0.23453474
308914145;341.625;7550;-17425;0.96363184;0.02753234;-0.23657418
308942113;341.625;7550;-17425;0.961592464;0.026512622;-0.2447319
308966417;341.625;7550;-17425;0.9605727;0.025492906;-0.24983048
308991855;341.625;7550;-17425;0.9605727;0.02753234;-0.247791052
309014049;341.625;7556;-17425;0.96261216;0.031611204;-0.23963332
309074771;341.625;7556;-17425;0.9646516;0.028552056;-0.2386136
309098500;341.625;7556;-17425;0.96261216;0.025492906;-0.248810768
309120322;341.625;7556;-17425;0.9605727;0.02447319;-0.24677134
309151157;341.625;7556;-17425;0.96261216;0.029571772;-0.24677134
309173453;341.625;7556;-17425;0.961592464;0.029571772;-0.23453474
309201652;341.625;7556;-17425;0.96363184;0.026512622;-0.23351502
309242267;341.625;7556;-17425;0.96363184;0.021414042;-0.23351502
309267099;341.625;7556;-17425;0.96261216;0.025492906;-0.2447319
309292087;341.625;7556;-17425;0.96261216;0.026512622;-0.248810768
309324853;341.625;7556;-17425;0.96363184;0.030591488;-0.23963332
309351703;341.625;7556;-17425;0.9646516;0.02753234;-0.237593884
309372761;341.625;7556;-17425;0.96261216;0.029571772;-0.23963332
309394843;341.625;7556;-17425;0.959553;0.02753234;-0.24677134
309416783;341.625;7556;-17425;0.959553;0.026512622;-0.247791052
309442160;341.625;7556;-17425;0.959553;0.02447319;-0.24983048
309466348;341.625;7556;-17425;0.96261216;0.02753234;-0.237593884
309491942;341.625;7556;-17425;0.96261216;0.02753234;-0.237593884
309515188;341.625;7556;-17425;0.96261216;0.033650636;-0.24167276
309541748;341.625;7556;-17425;0.9605727;0.031611204;-0.2447319
309565952;341.625;7556;-17425;0.9605727;0.022433758;-0.24677134
309591768;341.625;7556;-17425;0.96363184;0.021414042;-0.24371218
309618353;341.625;7556;-17425;0.96363184;0.023453474;-0.24065304
309652515;341.625;752663184;0.03263092;-0.24167276
309682064;341.625;7556;-17425;0.96363184;0.033650636;-0.24167276
309703707;341.625;7556;-17425;0.9605727;0.02753234;-0.242692468
309732039;341.625;7556;-17425;0.959553;0.02447319;-0.242692468
309759104;341.625;7556;-17425;0.961592464;0.022433758;-0.24167276
309782162;341.625;7556;-17425;0.96363184;0.02447319;-0.23657418
309811933;341.625;7556;-17425;0.96363184;0.02753234;-0.23555446
309834593;341.625;7556;-17425;0.961592464;0.029571772;-0.24167276
309862010;341.625;7556;-17425;0.961592464;0.029571772;-0.24575162
309883945;341.625;7556;-17425;0.9605727;0.026512622;-0.247791052
309911744;341.625;7556;-17425;0.96261216;0.021414042;-0.2386136
309941715;341.625;7556;-17425;0.96261216;0.026512622;-0.237593884
309964877;341.625;7556;-17425;0.961592464;0.028552056;-0.23963332
309992023;341.625;7556;-17425;0.961592464;0.03263092;-0.248810768
310013769;341.625;7556;-17425;0.9585333;0.026512622;-0.24983048
310101884;341.625;7556;-17425;0.96363184;0.025492906;-0.23351502
310125241;341.625;7556;-17425;0.96261216;0.023453474;-0.237593884
310151706;341.625;7556;-17425;0.959553;0.023453474;-0.2508502
310173335;341.625;7556;-17425;0.959553;0.041808368;-0.25492908
310195069;341.6875;7556;-17425;0.961592464;0.044867516;-0.25288964
310217123;341.6875;7556;-17425;0.96261216;0.033650636;-0.2386136
310241843;341.6875;7562;-17432;0.96363184;0.020394326;-0.23045588
310264043;341.6875;7562;-17432;0.9646516;0.0050985812;-0.22331786
310291722;341.6875;7562;-17438;0.96261216;0.01631546;-0.24065304
310318435;341.6875;7562;-17432;0.959553;0.036709784;-0.25900792
310343940;341.75;7562;-17425;0.96261216;0.05200553;-0.25594878
310365909;341.75;7562;-17419;0.96363184;0.042828084;-0.24065304
310392061;341.75;7562;-17425;0.96363184;0.02753234;-0.226377008
310431691;341.75;7562;-17432;0.9585333;0.0020394326;-0.22841644
310453129;341.75;7562;-17432;0.9585333;0.017335176;-0.25390936
310481408;341.75;7562;-17425;0.961592464;0.04078865;-0.26002764
310525229;341.75;7562;-17419;0.961592464;0.0387492184;-0.24065304
310551845;341.75;7562;-17425;0.96261216;0.025492906;-0.22943616
310574477;341.75;7562;-17432;0.961592464;0.010197163;-0.2314756
310596027;341.75;7562;-17438;0.9605727;0.009177446;-0.24677134
310617860;341.75;7562;-17432;0.9585333;0.021414042;-0.25390936
310642403;341.75;7562;-17425;0.9575136;0.0377295;-0.25492908
310663828;341.75;7562;-17419;0.96363184;0.047926664;-0.24167276
310691705;341.8125;7568;-17419;0.96363184;0.042828084;-0.23045588
310716540;341.8125;7568;-17419;0.96363184;0.017335176;-0.2314756
310743793;341.8125;7568;-17425;0.961592464;0.012236595;-0.24575162
310765936;341.875;7568;-17425;0.961592464;0.018354892;-0.25288964
310792250;341.875;7568;-17425;0.9585333;0.030591488;-0.25390936
310816404;341.875;7568;-17425;0.96363184;0.0377295;-0.23453474
310841710;341.875;7568;-17419;0.9646516;0.03263092;-0.22739672
310863038;341.875;7568;-17419;0.9646516;0.02447319;-0.22943616
310891944;341.875;7568;-17419;0.961592464;0.020394326;-0.24167276
310916547;341.875;7568;-17419;0.9605727;0.020394326;-0.248810768
310941777;341.875;7568;-17419;0.961592464;0.025492906;-0.25390936
310992700;341.875;7568;-17419;0.96363184;0.03263092;-0.23555446
311015476;341.875;7568;-17419;0.96363184;0.026512622;-0.23555446
311041927;341.875;7568;-17419;0.959553;0.022433758;-0.24983048
311063840;341.875;7568;-17419;0.961592464;0.021414042;-0.25186992
311092170;341.875;7568;-17419;0.9605727;0.02447319;-0.25594878
311116386;341.875;7568;-17419;0.961592464;0.031611204;-0.24371218
311141883;341.875;7568;-17413;0.961592464;0.03263092;-0.23963332
311165297;341.875;7568;-17413;0.96363184;0.028552056;-0.23555446
311192161;341.875;7568;-17413;0.9605727;0.025492906;-0.2447319
311214557;341.875;7568;-17413;0.9605727;0.02753234;-0.25288964
311235973;341.875;7568;-17413;0.9605727;0.028552056;-0.2508502
311284109;341.9375;7575;-17407;0.96363184;0.026512622;-0.2314756
311344844;342.0;7575;-17400;0.9585333;0.023453474;-0.24677134
311396001;342.0;7575;-17400;0.961592464;0.030591488;-0.247791052
311419131;342.0;7575;-17400;0.96363184;0.031611204;-0.2386136
311449365;342.0;7575;-17400;0.96363184;0.025492906;-0.232495316
311472322;342.0;7575;-17400;0.96363184;0.023453474;-0.23351502
311493747;342.0;7575;-17400;0.9605727;0.021414042;-0.24677134
311522080;342.0;7575;-17400;0.9605727;0.022433758;-0.25186992
311551729;342.0;7575;-17400;0.96261216;0.034670352;-0.25288964
311573387;342.0;7575;-17400;0.961592464;0.0387492184;-0.2447319
311611435;342.0;7575;-17400;0.96363184;0.026512622;-0.23351502
311632871;342.0;7575;-17400;0.961592464;0.0193746092;-0.23963332
311655998;342.0;7575;-174@20000101_000005_192721_airspeed_sdp810.csv@311659066;205;186;4277
311681971;342.0;7575;-17400;0.9605727;0.026512622;-0.25390936
311706266;342.0;7575;-17400;0.96261216;0.03263092;-0.2508502
311732409;342.0;7575;-17400;0.96261216;0.0377295;-0.242692468
311754592;342.0;7581;-17400;0.9646516;0.031611204;-0.232495316
311778019;342.0;7581;-17400;0.961592464;0.023453474;-0.23045588
311812866;342.0625;7581;-17407;0.96261216;0.017335176;-0.24167276
311842135;342.0625;7581;-17407;0.9585333;0.02447319;-0.24983048
311864713;342.0625;7581;-17407;0.961592464;0.034670352;-0.24371218
311892141;342.0625;7581;-17407;0.96363184;0.036709784;-0.23657418
311916309;342.0625;7581;-17400;0.9646516;0.034670352;-0.23045588
311942383;342.0625;7581;-17407;0.96261216;0.023453474;-0.23657418
311963853;342.0625;7581;-17407;0.9605727;0.017335176;-0.2447319
311991987;342.0625;7581;-17407;0.9605727;0.018354892;-0.2508502
312032366;342.0625;7581;-17407;0.961592464;0.03263092;-0.23963332
312054668;342.0;7581;-174e6930;190;179;4278
312081904;342.0;7581;-17413;0.9646516;0.036709784;-0.237593884
312112174;342.0;7581;-17413;0.961592464;0.025492906;-0.248810768
312137153;342.0;7581;-17413;0.959553;0.015295744;-0.25492908
312162323;342.0;7581;-17413;0.96363184;0.018354892;-0.24983048
312183774;342.0;7581;-17413;0.96261216;0.030591488;-0.237593884
312212153;342.0;7581;-17413;0.961592464;0.03569007;-0.23351502
312275112;342.0;7581;-17419;0.9605727;0.01631546;-0.24983048
312301841;342.0;7581;-17425;0.9605727;0.013256311;-0.248810768
312331940;342.0;7581;-17425;0.961592464;0.022433758;-0.2386136
312354785;342.0;7581;-17425;0.96363184;0.041808368;-0.23351502
312381825;342.0;7581;-17425;0.9646516;0.041808368;-0.23657418
312414905;342.0625;7581;-17425;0.9605727;0.02753234;-0.24167276
312444900;342.0625;7581;-17432;0.96261216;0.010197163;-0.247791052
312468313;342.0625;7581;-17432;0.96363184;0.017335176;-0.237593884
312492381;342.0625;7581;-17432;0.96261216;0.02447319;-0.23555446
312517998;342.0625;7581;-17432;0.96261216;0.039768936;-0.24065304
312546001;342.0625;7581;-17432;0.9646516;0.04078865;-0.24167276
312572179;342.0;7581;-17432;0.96363184;0.031611204;-0.24371218
312617454;342.0;7581;-17438;0.9605727;0.012236595;-0.2447319
312646634;342.0;7581;-17438;0.96261216;0.028552056;-0.23963332
312668513;342.0;7581;-17432;0.961592464;0.036709784;-0.24371218
312714288;342.0625;7581;-17432;0.959553;0.036709784;-0.2447319
312742584;342.0625;7581;-17444;0.961592464;0.020394326;-0.24983048
312764490;342.0625;7581;-17444;0.9605727;0.011216879;-0.242692468
312791408;342.0625;7581;-17444;0.961592464;0.017335176;-0.24167276
312822330;342.0625;7581;-17444;0.9605727;0.030591488;-0.23963332
312843977;342.0625;7581;-17444;0.96261216;0.041808368;-0.24167276
312866439;342.0625;7581;-17444;0.96363184;0.036709784;-0.24371218
312893812;342.0625;7581;-17450;0.961592464;0.025492906;-0.24575162
312916700;342.0625;7581;-17450;0.961592464;0.021414042;-0.2447319
312941892;342.0625;7581;-17450;0.961592464;0.017335176;-0.24167276
312964134;342.0625;7581;-17450;0.96363184;0.028552056;-0.242692468
312992099;342.0625;7581;-17450;0.96363184;0.029571772;-0.24167276
313016690;342.0625;7581;-17450;0.96363184;0.03263092;-0.2386136
313042233;342.0625;7581;-17450;0.96363184;0.034670352;-0.237593884
313064130;342.0625;7581;-17450;0.961592464;0.02753234;-0.24167276
313092037;342.0625;7581;-17450;0.9605727;0.020394326;-0.24167276
313115131;342.0625;7581;-17450;0.959553;0.018354892;-0.2447319
313162334;342.0625;7581;-17450;0.96261216;0.028552056;-0.24065304
313191863;342.0625;7581;-17450;0.96363184;0.0387492184;-0.23963332
313213707;342.0625;7581;-17450;0.961592464;0.0377295;-0.247791052
313235663;342.0625;7581;-17457;0.96261216;0.026512622;-0.24983048
313285724;342.0625;7581;-17463;0.961592464;0.01631546;-0.24065304
313317127;342.0;7581;-17463;0.96363184;0.03263092;-0.24167276
313342478;342.0;7581;-17463;0.9605727;0.039768936;-0.24167276
313364494;342.0;7581;-17463;0.96261216;0.03569007;-0.24677134
313392160;342.0;7581;-17463;0.961592464;0.030591488;-0.24677134
313413675;342.0;7581;-17475;0.961592464;0.0193746092;-0.24575162
313440014;342.0;7581;-17475;0.9605727;0.023453474;-0.24371218
313462863;342.0;7581;-17469;0.9605727;0.025492906;-0.237593884
313492076;342.0;7581;-17469;0.9646516;0.030591488;-0.237593884
313516749;342.0;7581;-17469;0.9646516;0.031611204;-0.242692468
313563639;342.0;7581;-17469;0.959553;0.023453474;-0.2508502
313592532;342.0;7581;-17469;0.9605727;0.018354892;-0.242692468
313644048;342.0;7581;-17469;0.96363184;0.030591488;-0.23351502
313665748;342.0;7581;-17469;0.96363184;0.042828084;-0.2447319
313692678;342.0;7581;-17469;0.9605727;0.03569007;-0.24983048
313717759;342.0625;7581;-17469;0.959553;0.026512622;-0.247791052
313742368;342.0625;7581;-17469;0.96261216;0.017335176;-0.24065304
313765145;342.0625;7581;-17469;0.96363184;0.0193746092;-0.23351502
313792318;342.0625;7581;-17469;0.961592464;0.029571772;-0.2386136
313814613;342.0625;7581;-17469;0.961592464;0.0387492184;-0.242692468
313841999;342.0625;7581;-17469;0.96261216;0.0387492184;-0.248810768
313863788;342.0625;7581;-17469;0.9585333;0.02447319;-0.24983048
313892203;342.0625;7581;-17475;0.96261216;0.020394326;-0.242692468
313925259;342.0625;7587;-17469;0.96363184;0.0193746092;-0.23555446
314042521;342.0625;7587;-17469;0.96261216;0.020394326;-0.24065304
314067351;342.0625;7587;-17469;0.96261216;0.023453474;-0.23657418
314092327;342.0625;7587;-17469;0.961592464;0.02753234;-0.237593884
314122441;342.0625;7587;-17469;0.9605727;0.031611204;-0.2447319
314148015;342.0625;7587;-17469;0.96261216;0.031611204;-0.24983048
314172332;342.0625;7587;-17469;0.961592464;0.029571772;-0.24371218
314194218;342.0625;7587;-17469;0.96363184;0.023453474;-0.2386136
314216341;342.0625;7587;-17469;0.96261216;0.022433758;-0.23555446
314242015;342.0625;7587;-17469;0.96261216;0.020394326;-0.23453474
314264001;342.0625;7581;-17469;0.9605727;0.029571772;-0.2447319
314285901;342.0625;7581;-17469;0.9605727;0.034670352;-0.25186992
314312472;342.0625;7581;-17469;0.9605727;0.0377295;-0.25390936
314342201;342.0625;7587;-17469;0.961592464;0.029571772;-0.2447319
314364804;342.0625;7587;-17469;0.961592464;0.021414042;-0.23963332
314442210;342.0625;7587;-17469;0.961592464;0.03569007;-0.2508502
314464878;342.0625;7587;-17469;0.9605727;0.031611204;-0.247791052
314492229;342.0625;7587;-17469;0.9646516;0.021414042;-0.24167276
314515289;342.0625;7587;-17469;0.96261216;0.021414042;-0.23963332
314542445;342.125;7587;-17469;0.96261216;0.02753234;-0.242692468
314563923;342.125;7587;-17469;0.96363184;0.026512622;-0.2386136
314586248;342.125;7587;-16.4065304
314612452;342.125;7587;-17469;0.961592464;0.026512622;-0.24065304
314642321;342.125;7587;-17463;0.9646516;0.026512622;-0.237593884
314664835;342.125;7587;-17463;0.9585333;0.021414042;-0.24167276
314692241;342.125;7587;-17463;0.96363184;0.022433758;-0.237593884
314714907;342.125;7587;-17469;0.96261216;0.031611204;-0.242692468
314786044;342.125;7587;-17469;0.961592464;0.020394326;-0.24167276
314812965;342.125;7587;-17469;0.961592464;0.022433758;-0.242692468
314834831;342.125;7587;-17469;0.96363184;0.029571772;-0.24575162
314885251;342.125;7587;-17469;0.961592464;0.031611204;-0.247791052
314912053;342.125;7587;-17469;0.96363184;0.02753234;-0.24065304
314934134;342.125;7587;-17469;0.959553;0.025492906;-0.2447319
314955813;342.125;7587;-1@20000101_000005_192721_airspeed_sdp810.csv@314959609;478;284;4279
314982129;342.125;7587;-17469;0.961592464;0.0193746092;-0.24065304
315005924;342.125;7587;-17469;0.96261216;0.031611204;-0.25288964
315032309;342.125;7587;-17469;0.96363184;0.0377295;-0.2508502
315054255;342.125;7587;-17463;0.9646516;0.025492906;-0.23351502
315082086;342.125;7587;-17463;0.961592464;0.025492906;-0.23453474
315104086;342.1875;7587;-17463;0.959553;0.01631546;-0.237593884
315142192;342.1875;7587;-17463;0.96363184;0.02447319;-0.24575162
315163938;342.1875;7587;-17463;0.961592464;0.031611204;-0.24167276
315192067;342.1875;7587;-17463;0.96363184;0.030591488;-0.23963332
315214235;342.1875;7587;-17457;0.96363184;0.029571772;-0.23657418
315235894;342.1875;7587;-17457;0.96261216;0.012236595;-0.23657418
315335092;342.1875;7587;-17450;0.96363184;0.036709784;-0.2386136
315356665;342.1875;7587;-7593884
315382349;342.1875;7587;-17450;0.96261216;0.022433758;-0.23555446
315403761;342.1875;7587;-17450;0.9605727;0.022433758;-0.2447319
315432023;342.1875;7587;-17450;0.959553;0.028552056;-0.25900792
315454503;342.25;7587;-17@20000101_000005_192721_imu_lsm6dso32.csv@315460260;1.01016;0.010736;0.01464;-154;119;-84;1
315475923;342.25;7593;-17438;0.961592464;0.030591488;-0.232495316
315502222;342.3125;7593;-17438;0.96363184;0.02447319;-0.22841644
315542185;342.3125;7593;-17432;0.9585333;0.02753234;-0.24371218
315565976;342.375;7593;-17432;0.96261216;0.025492906;-0.25390936
315592075;342.375;7593;-17432;0.96261216;0.026512622;-0.25186992
315618010;342.375;7593;-17432;0.96363184;0.023453474;-0.23555446
315642359;342.375;7593;-17432;0.9646516;0.02447319;-0.22433758
315696064;342.375;7593;-17425;0.9605727;0.029571772;-0.248810768
315718212;342.375;7593;-17425;0.96261216;0.025492906;-0.24983048
315774692;342.375;7593;-17425;0.961592464;0.028552056;-0.23351502
315802185;342.375;7593;-17425;0.966691;0.029571772;-0.23045588
315832090;342.375;7593;-17425;0.9646516;0.02753234;-0.2314756
315854499;342.375;7593;-17425;0.96261216;0.026512622;-0.25594878
315876400;342.375;7593;-17425;0.9605727;0.026512622;-0.25594878
315902127;342.375;7587;-17425;0.9605727;0.029571772;-0.2579882
315931699;342.375;7593;-17419;0.96261216;0.03263092;-0.242692468
315955680;342.4375;7593;-17419;0.9646516@20000101_000005_192721_airspeed_sdp810.csv@315958751;-182;0;4282
315981936;342.4375;7593;-17419;0.96363184;0.030591488;-0.232495316
316012201;342.4375;7593;-17425;0.9575136;0.022433758;-0.25186992
316033828;342.5;7593;-17425;0.961592464;0.020394326;-0.25288964
316062652;342.5;7593;-17425;0.96261216;0.0193746092;-0.24575162
316107013;342.5;7600;-17425;0.966691;0.029571772;-0.226377008
316142122;342.5;7600;-17419;0.96261216;0.023453474;-0.23555446
316166512;342.5;7593;-17425;0.961592464;0.025492906;-0.248810768
316192534;342.5;7593;-17425;0.961592464;0.02753234;-0.2447319
316214614;342.5;7593;-17425;0.9605727;0.023453474;-0.248810768
316236120;342.5;7593;-17425;0.96261216;0.022433758;-0.2386136
316262246;342.5;7593;-17425;0.9656713;0.029571772;-0.23351502
316285303;342.5;7593;-17425;0.9646516;0.030591488;-0.237593884
316306657;342.5;7593;-17425;0.96261216;0.030591488;-0.24167276
316341991;342.5;7593;-17419;0.961592464;0.031611204;-0.25390936
316363816;342.5;7593;-17419;0.9605727;0.02753234;-0.25288964
316392039;342.5;7593;-17419;0.961592464;0.023453474;-0.24167276
316416750;342.5;7600;-17419;0.9646516;0.026512622;-0.23045588
316442063;342.5;7600;-17419;0.96261216;0.029571772;-0.2386136
316464144;342.5;7600;-17419;0.961592464;0.03263092;-0.25186992
316491968;342.5;7600;-17419;0.96363184;0.031611204;-0.2508502
316525989;342.5;7600;-17419;0.96261216;0.02447319;-0.24167276
316570764;342.5;7600;-17419;0.96363184;0.023453474;-0.23045588
316594395;342.5;7600;-17419;0.96363184;0.021414042;-0.23963332
316616318;342.5625;7600;-17419;0.96261216;0.02447319;-0.242692468
316642081;342.5625;7600;-17419;0.9605727;0.026512622;-0.248810768
316664364;342.5625;7600;-17419;0.96261216;0.023453474;-0.24575162
316692297;342.5625;7600;-17419;0.96363184;0.023453474;-0.2386136
316716321;342.5625;7600;-17419;0.96363184;0.023453474;-0.2314756
316742059;342.5625;7600;-17419;0.9605727;0.026512622;-0.237593884
316764356;342.5625;7600;-17419;0.96261216;0.029571772;-0.24575162
316792303;342.5625;7600;-17419;0.961592464;0.031611204;-0.25186992
316813713;342.5625;7600;-17419;0.96363184;0.031611204;-0.248810768
316845875;342.5625;7600;-17419;0.961592464;0.02753234;-0.23657418
316868637;342.5625;7600;-17419;0.961592464;0.026512622;-0.23453474
316892455;342.5625;7600;-17419;0.96363184;0.026512622;-0.237593884
316913802;342.5625;7600;-17419;0.96261216;0.02753234;-0.24371218
316935786;342.5625;7600;-17419;0.96363184;0.031611204;-0.248810768
317011502;342.5;7600;-17419;0.96363184;0.029571772;-0.23657418
317034435;342.5;7600;-17419;0.961592464;0.021414042;-0.237593884
317084467;342.5;7600;-17419;0.9605727;0.026512622;-0.2447319
317114844;342.5;7600;-17419;0.96363184;0.02753234;-0.242692468
317143782;342.5;7600;-17419;0.96261216;0.028552056;-0.24065304
317166919;342.5;7600;-17419;0.959553;0.02753234;-0.23657418
317192252;342.5;7600;-17419;0.96261216;0.02447319;-0.23555446
317214181;342.5;7600;-17419;0.9605727;0.023453474;-0.24167276
317235763;342.5;7600;-17419;0.961592464;0.02753234;-0.247791052
317287868;@20000101_000005_192721_airspeed_sdp810.csv@317290936;-347;0;4279
317316379;342.5;7600;-17419;0.96261216;0.029571772;-0.23555446
317342381;342.5;7600;-17419;0.9646516;0.026512622;-0.23555446
317371825;342.5;7600;-17419;0.96363184;0.02447319;-0.24371218
317401882;342.5;7600;-17419;0.96261216;0.023453474;-0.2447319
317441329;342.5;7600;-17419;0.96261216;0.030591488;-0.2447319
317464167;342.5;7600;-17419;0.961592464;0.030591488;-0.237593884
317487096;342.5;7600;-17419;0.96363184;0.025492906;-0.23861301_imu_lsm6dso32.csv@317488473;1.016016;0.00488;0.005856;-105;28;-77;1
317512825;342.5;7600;-17419;0.961592464;0.021414042;-0.24575162
317542239;342.5;7600;-17419;0.961592464;0.021414042;-0.242692468
317564434;342.5;7600;-17419;0.9605727;0.025492906;-0.2447319
317591929;342.5;7600;-17419;0.96261216;0.028552056;-0.24371218
317616790;342.5;7600;-17419;0.961592464;0.031611204;-0.24065304
317651928;342.5;7600;-1741csv@317653714;0.021;0
317674108;342.5;7600;-17419;0.96261216;0.021414042;-0.24065304
317705312;342.5;7600;-17419;0.96363184;0.021414042;-0.23963332
317731875;342.5;7600;-17419;0.96261216;0.026512622;-0.237593884
317753654;342.5;7600;-17419;0.9656713;0.033650636;-0.2386136
317775086;342.5;7600;-17419;0.96261216;0.031611204;-0.23963332
317804887;342.5;7600;-17419;0.961592464;0.030591488;-0.247791052
317831802;342.5;7600;-17419;0.9605727;0.025492906;-0.2447319
317854437;342.5;7600;-174@20000101_000005_192721_accel_adxl375.csv@317860332;1.7639999;0.098;0.196;1
317902630;342.5;7600;-17419;0.96363184;0.02447319;-0.237593884
317932724;342.5;7600;-17419;0.961592464;0.031611204;-0.24371218
317955666;342.5;7600;-17419;0.961592464;0.028552056;-0.247791052
317982218;342.5;7600;-17419;0.9605727;0.02447319;-0.24677134
318010551;342.5;7600;-17419;0.96363184;0.023453474;-0.23963332
318041892;342.5;7600;-17419;0.96363184;0.02447319;-0.23453474
318065727;342.5;7600;-17419;0.96363184;0.02753234;-0.242692468
318091983;342.5;7600;-17419;0.961592464;0.029571772;-0.25186992
318113618;342.5;7600;-17419;0.961592464;0.02753234;-0.2508502
318149934;342.5;7600;-17419;0.96261216;0.026512622;-0.2447319
318174402;342.5;7600;-17419;0.96363184;0.026512622;-0.232495316
318195831;342.5;7600;-17419;0.961592464;0.02447319;-0.23453474
318217690;342.5;7600;-17419;0.96261216;0.028552056;-0.24371218
318242350;342.5625;7600;-17419;0.961592464;0.03263092;-0.2508502
318264175;342.5625;7600;-17419;0.961592464;0.03263092;-0.2508502
318313112;342.5625;7600;-17419;0.9605727;0.022433758;-0.23453474
318335107;342.5625;7600;-17419;0.96363184;0.02447319;-0.23045588
318361978;342.5625;7600;-17419;0.961592464;0.022433758;-0.2386136
318384360;342.5625;7600;-17419;0.961592464;0.028552056;-0.25186992
318442206;342.5625;7600;-17419;0.96261216;0.031611204;-0.2447319
318463799;342.5625;7600;-17419;0.96363184;0.020394326;-0.22841644
318491765;342.5625;7600;-17419;0.96261216;0.0193746092;-0.23045588
318516296;342.5625;7600;-17419;0.961592464;0.021414042;-0.242692468
318545487;342.5625;7600;-17419;0.96261216;0.028552056;-0.25390936
318566856;342.5625;7600;-17419;0.959553;0.033650636;-0.25390936
318592310;342.5625;7600;-17419;0.961592464;0.03569007;-0.2447319
318617984;342.5625;7600;-17419;0.9656713;0.02753234;-0.232495316
318649700;342.5625;7600;-17419;0.961592464;0.022433758;-0.23555446
318672610;342.5625;7600;-17419;0.9605727;0.021414042;-0.248810768
318715686;342.5625;7600;-17419;0.9605727;0.031611204;-0.25186992
318755355;342.5625;7600;-17419;0.96363184;0.034670352;-0.23555446
318782225;342.5625;7600;-17419;0.9656713;0.029571772;-0.22841644
318804599;342.5625;7600;-17419;0.96363184;0.02447319;-0.24167276
318853809;342.5625;7600;-@20000101_000005_192721_airspeed_sdp810.csv@318859132;-302;0;4282
318878073;342.5625;7600;-17419;0.9605727;0.02753234;-0.24167276
318912213;342.5;7600;-17419;0.96363184;0.031611204;-0.23657418
318935097;342.5;7600;-17419;0.96261216;0.028552056;-0.23657418
318962226;342.5;7600;-17419;0.9646516;0.020394326;-0.2386136
318983709;342.5;7600;-17419;0.96261216;0.018354892;-0.24575162
319042143;342.5;7600;-17419;0.96261216;0.031611204;-0.24065304
319065934;342.5;7600;-17419;0.96363184;0.030591488;-0.24065304
319092051;342.5;7600;-17419;0.96363184;0.02753234;-0.23453474
319116274;342.5;7600;-17419;0.96363184;0.025492906;-0.237593884
319142128;342.5;7600;-17419;0.959553;0.021414042;-0.24983048
319192636;342.5;7600;-17419;0.96363184;0.031611204;-0.24575162
319215602;342.5;7600;-17419;0.96261216;0.030591488;-0.23045588
319242030;342.5;7600;-17419;0.96363184;0.02753234;-0.23453474
319265162;342.5;7600;-17419;0.9605727;0.022433758;-0.24065304
319291933;342.5;7600;-17419;0.96261216;0.020394326;-0.24167276
319313865;342.5;7600;-17419;0.961592464;0.023453474;-0.24065304
319342260;342.5;7600;-17419;0.9646516;0.028552056;-0.24167276
319364523;342.5;7600;-17419;0.9646516;0.03263092;-0.23555446
319391888;342.5;7600;-17419;0.961592464;0.033650636;-0.24065304
319416858;342.5;7600;-17419;0.961592464;0.021414042;-0.24065304
319442533;342.5;7600;-17419;0.961592464;0.01631546;-0.24677134
319464667;342.5;7600;-17419;0.9605727;0.01631546;-0.24167276
319491929;342.5;7600;-174516;0.026512622;-0.242692468
319513634;342.5;7600;-17413;0.96363184;0.03569007;-0.24167276
319541787;342.5;7600;-17413;0.961592464;0.036709784;-0.23963332
319565842;342.5;7600;-17413;0.96261216;0.026512622;-0.2447319
319612939;342.5;7600;-17413;0.961592464;0.01631546;-0.24983048
319646332;342.5;7600;-17413;0.96363184;0.029571772;-0.24575162
319668089;342.5625;7600;-17413;0.9656713;0.036709784;-0.2253573
319692289;342.5625;7600;-17413;0.96261216;0.0377295;-0.23555446
319716303;342.5;7600;-17413;0.9585333;0.026512622;-0.248810768
319748063;342.5625;7600;-17413;0.961592464;0.014276028;-0.2508502
319772722;342.5625;7600;-17413;0.9605727;0.0193746092;-0.23963332
319798237;342.5625;7600;-17407;0.96363184;0.023453474;-0.237593884
319822186;342.5625;7600;-17407;0.96261216;0.03569007;-0.2386136
319843785;342.5625;7600;-17407;0.96261216;0.041808368;-0.24575162
319904703;342.5625;7600;-17400;0.961592464;0.013256311;-0.24677134
319966336;342.5625;7600;-17394;0.961592464;0.033650636;-0.23963332
319992186;342.5625;7600;-17394;0.96363184;0.0387492184;-0.23963332
320016386;342.5625;7600;-17394;0.961592464;0.033650636;-0.237593884
320082180;342.5625;7600;-17394;0.9605727;0.01631546;-0.24371218
320103925;342.5625;7600;-17394;0.961592464;0.021414042;-0.2447319
320125797;342.625;7600;-17388;0.96363184;0.031611204;-0.23555446
320161604;342.625;7600;-17388;0.9646516;0.03263092;-0.242692468
320185870;342.625;7600;-10@20000101_000005_192721_baro_bmp280.csv@320192284;-31.379644;38.0;101702.488;4.4575176
320212202;342.625;7600;-17388;0.961592464;0.028552056;-0.23657418
320233843;342.625;7600;-17394;0.959553;0.015295744;-0.2386136
320255682;342.625;7600;-16028;-0.25288964
320281967;342.625;7600;-17394;0.9605727;0.013256311;-0.24983048
320303993;342.625;7600;-17388;0.9605727;0.031611204;-0.2386136
320352583;342.625;7600;-17382;0.96363184;0.0387492184;-0.232495316
320374997;342.625;7600;-17382;0.9605727;0.023453474;-0.247791052
320402050;342.625;7600;-17382;0.959553;0.013256311;-0.25390936
320425932;342.625;7600;-17382;0.9605727;0.010197163;-0.24371218
320464095;342.625;7600;-17369;0.9646516;0.033650636;-0.226377008
320492480;342.6875;7600;-17369;0.96363184;0.039768936;-0.226377008
320514716;342.6875;7600;-17369;0.961592464;0.034670352;-0.24167276
320541701;342.6875;7593;-17369;0.9605727;0.026512622;-0.25390936
320564039;342.6875;7593;-17369;0.961592464;0.021414042;-0.25492908
320592032;342.6875;7593;-17369;0.9605727;0.022433758;-0.24575162
320613721;342.6875;7593;-17369;0.9656713;0.03263092;-0.22433758
320642057;342.6875;7593;-17369;0.966691;0.0377295;-0.22025872
320663892;342.6875;7593;-17369;0.96363184;0.034670352;-0.247791052
320691942;342.6875;7593;-17369;0.95649384;0.026512622;-0.25900792
320715443;342.625;7593;-17375;0.9605727;0.015295744;-0.25186992
320741941;342.625;7593;-17375;0.9605727;0.01631546;-0.24167276
320763763;342.625;7593;-17375;0.9646516;0.02447319;-0.2253573
320787138;342.625;7593;-1_@320791901;1.012112;0.013664;0.01464;-105;-21;-105;1
320815596;342.625;7593;-17375;0.9605727;0.029571772;-0.24167276
320848049;342.625;7587;-17375;0.9585333;0.022433758;-0.25390936
320902586;342.625;7593;-17375;0.966691;0.014276028;-0.23453474
320952199;342.6875;7587;-17369;0.96363184;0.036709784;-0.24167276
320973683;342.6875;7587;-17369;0.961592464;0.0377295;-0.24575162
321011086;342.6875;7587;-17369;0.9605727;0.031611204;-0.24677134
321032838;342.6875;7587;-17369;0.96363184;0.020394326;-0.24065304
321062158;342.6875;7587;-17363;0.96261216;0.020394326;-0.2386136
321092159;342.6875;7587;-17363;0.9605727;0.025492906;-0.23657418
321116369;342.6875;7587;-17363;0.9605727;0.031611204;-0.242692468
321144945;342.6875;7587;-17363;0.96363184;0.034670352;-0.2447319
321167225;342.6875;7587;-17363;0.961592464;0.028552056;-0.24065304
321192124;342.6875;7587;-17363;0.9605727;0.021414042;-0.2447319
321213902;342.6875;7587;-17363;0.9646516;0.017335176;-0.23351502
321235992;342.6875;7587;-17369;0.96261216;0.017335176;-0.237593884
321262313;342.6875;7587;-17369;0.96363184;0.022433758;-0.23963332
321284627;342.6875;7587;-17369;0.96261216;0.026512622;-0.24167276
321306007;342.6875;7587;-17369;0.96363184;0.028552056;-0.242692468
321345185;342.6875;7587;-17369;0.96363184;0.028552056;-0.24065304
321367671;342.6875;7587;-17369;0.96261216;0.0193746092;-0.237593884
321392419;342.6875;7587;-17369;0.961592464;0.020394326;-0.24167276
321414460;342.6875;7587;-17363;0.961592464;0.023453474;-0.2447319
321441897;342.6875;7587;-17357;0.9605727;0.026512622;-0.24167276
321465536;342.6875;7587;-17350;0.96261216;0.0387492184;-0.23963332
321492203;342.6875;7587;-17350;0.9646516;0.0377295;-0.24167276
321513908;342.6875;7587;-17350;0.96363184;0.028552056;-0.24065304
321542074;342.6875;7587;-17350;0.961592464;0.022433758;-0.242692468
321565240;342.6875;7587;-17350;0.96261216;0.020394326;-0.24167276
321592102;342.6875;7587;-17350;0.961592464;0.02447319;-0.24167276
321617001;342.6875;7587;-17350;0.9646516;0.03263092;-0.24065304
321651784;342.6875;7587;-17350;0.96363184;0.0377295;-0.24065304
321674318;342.6875;7587;-17357;0.96363184;0.025492906;-0.2386136
321701050;342.625;7587;-17357;0.96261216;0.015295744;-0.23555446
321722762;342.625;7587;-114;-0.24167276
321752054;342.625;7587;-17357;0.959553;0.0193746092;-0.248810768
321804767;342.625;7587;-17363;0.96363184;0.026512622;-0.23351502
321842257;342.625;7587;-17363;0.9646516;0.020394326;-0.2314756
321864310;342.625;7587;-17363;0.9605727;0.017335176;-0.248810768
321891932;342.625;7587;-17363;0.9605727;0.022433758;-0.25594878
321913762;342.625;7587;-17357;0.961592464;0.03263092;-0.24983048
321935845;342.625;7587;-17357;0.9646516;0.036709784;-0.23657418
321962371;342.625;7587;-17357;0.966691;0.03263092;-0.226377008
321985761;342.625;7587;-17357;0.96363184;0.026512622;-0.232495316
322045509;342.625;7587;-17357;0.9605727;0.026512622;-0.25186992
322067543;342.625;7587;-17357;0.96363184;0.031611204;-0.25288964
322092608;342.625;7587;-17357;0.96261216;0.039768936;-0.24575162
322113864;342.625;7587;-17357;0.9656713;0.03263092;-0.226377008
322141828;342.625;7587;-17363;0.9656713;0.020394326;-0.22025872
322164113;342.625;7587;-17363;0.96261216;0.01631546;-0.23555446
322204751;342.625;7587;-17363;0.959553;0.021414042;-0.25492908
322254210;342.625;7587;-17363;0.9605727;0.028552056;-0.24575162
322275844;342.625;7587;-17363;0.96363184;0.02753234;-0.23555446
322301976;342.625;7587;-17363;0.961592464;0.015295744;-0.22025872
322325527;342.625;7587;-17363;0.961592464;0.017335176;-0.22943616
322351958;342.625;7587;-17363;0.96363184;0.021414042;-0.2386136
322375271;342.625;7587;-17363;0.9585333;0.033650636;-0.26104736
322401894;342.625;7587;-17363;0.9575136;0.033650636;-0.26716566
322424996;342.625;7587;-17363;0.959553;0.033650636;-0.24575162
322458728;342.625;7587;-17363;0.96771068;0.022433758;-0.2253573
322482543;342.625;7587;-17363;0.96261216;0.020394326;-0.215160132
322516173;342.6875;7587;-17363;0.961592464;0.026512622;-0.24575162
322551907;342.687550.147;1
322574068;342.625;7587;-17363;0.96261216;0.030591488;-0.25594878
322611376;342.625;7587;-17363;0.9646516;0.02447319;-0.219239
322674219;342.625;7581;-17369;0.961592464;0.020394326;-0.25288964
322695738;342.5625;7581;-17369;0.959553;0.031611204;-0.26614594
322722704;342.5625;7581;-17369;0.9585333;0.026512622;-0.25594878
322752061;342.5625;7581;-17369;0.9646516;0.025492906;-0.2386136
322774583;342.5625;7581;-17369;0.9646516;0.029571772;-0.232495316
322795922;342.5;7581;-17369;0.96363184;0.026512622;-0.23555446
322825881;342.5;7575;-17369;0.96363184;0.020394326;-0.24371218
322852517;342.5;7575;-17369;0.9575136;0.022433758;-0.25594878@20000101_000005_192721_imu_lsm6dso32.csv@322859177;1.014064;0.006832;-0.020496;-63;42;-133;1
322874452;342.5;7575;-17369;0.9585333;0.030591488;-0.26512624
322899388;342.5;7575;-17369;0.96363184;0.03263092;-0.247791052
322932024;342.5;7581;-17369;0.9656713;0.030591488;-0.22025872
322954279;342.5;7581;-17369;0.966691;0.029571772;-0.219239
322982024;342.5625;7575;-17369;0.96363184;0.026512622;-0.24167276
323011400;342.5625;7575;-17369;0.959553;0.02753234;-0.26818538
323042057;342.5625;7575;-17369;0.959553;0.03263092;-0.25594878
323063998;342.5625;7581;-17363;0.96363184;0.02447319;-0.2253573
323112111;342.5625;7581;-17363;0.96363184;0.02753234;-0.2131207
323144653;342.5625;7568;-17369;0.95547416;0.020394326;-0.2753234
323166951;342.5625;7568;-17369;0.9575136;0.029571772;-0.2763431
323192324;342.5;7575;-17369;0.959553;0.028552056;-0.25594878
323214440;342.4375;7575;-17375;0.96363184;0.029571772;-0.21617985
323241521;342.4375;7575;-17375;0.96771068;0.028552056;-0.2070024
323264292;342.4375;7568;-17375;0.961592464;0.026512622;-0.24983048
323292053;342.4375;7568;-17382;0.9544544;0.020394326;-0.26614594
323313711;342.4375;7568;-17382;0.95547416;0.025492906;-0.27838254
323335315;342.4375;7568;-17382;0.959553;0.029571772;-0.26206708
323384081;342.4375;7575;-17375;0.9646516;0.036709784;-0.20904184
323412313;342.5;7568;-17375;0.96975016;0.026512622;-0.21617985
323438530;342.5;7568;-17369;0.9575136;0.017335176;-0.26512624
323462657;342.5625;7568;-17369;0.9575136;0.021414042;-0.28348112
323483777;342.5625;7568;-17369;0.9605727;0.031611204;-0.25594878
323523053;342.5625;7575;-17363;0.96771068;0.03569007;-0.21719956
323552225;342.5625;7581;-17363;0.966691;0.03263092;-0.20802212
323576088;342.5625;7575;-17369;0.96363184;0.0193746092;-0.247791052
323602175;342.5625;7575;-17369;0.9585333;0.013256311;-0.2641065
323632067;342.5625;7575;-17369;0.959553;0.018354892;-0.25594878
323654951;342.5625;7575;-77589
323682292;342.5625;7575;-17363;0.966691;0.03569007;-0.21414042
323706405;342.5625;7575;-17363;0.9646516;0.02753234;-0.22433758
323745392;342.625;7568;-17363;0.959553;0.01631546;-0.25594878
323767051;342.625;7568;-17363;0.9585333;0.020394326;-0.26206708
323792082;342.5625;7568;-17357;0.959553;0.025492906;-0.25390936
323816987;342.5625;7568;-17350;0.966691;0.0387492184;-0.22841644
323842621;342.5;7568;-17357;0.96363184;0.03569007;-0.22433758
323866490;342.5;7562;-17357;0.959553;0.020394326;-0.24677134
323892446;342.4375;7562;-17363;0.9605727;0.020394326;-0.25900792
323916263;342.4375;7556;-17363;0.9575136;0.025492906;-0.2641065
323941915;342.4375;7556;-17369;0.9605727;0.031611204;-0.25900792
323987379;342.4375;7562;-17369;0.96363184;0.031611204;-0.22841644
324012776;342.4375;7562;-17363;0.96261216;0.028552056;-0.2314756
324035454;342.4375;7556;-17363;0.9585333;0.023453474;-0.25492908
324067737;342.5;7556;-17363;0.9585333;0.021414042;-0.2641065
324105081;342.4375;7562;-17363;0.96363184;0.022433758;-0.22433758
324131913;342.4375;7562;-17363;0.9656713;0.026512622;-0.2253573
324153673;342.5;7562;-17363;0.961592464;0.03263092;-0.2335150@20000101_000005_192721_imu_lsm6dso32.csv@324158874;1.013088;0.01464;0.002928;-133;-14;-84;1
324175811;342.5;7562;-17363;0.961592464;0.031611204;-0.25186992
324202240;342.5;7562;-17363;0.959553;0.02447319;-0.25492908
324223934;342.5;7562;-17363;0.96363184;0.010197163;-0.237593884
324252037;342.5;7562;-17363;0.9646516;0.017335176;-0.23045588
324274852;342.5;7562;-17357;0.9646516;0.036709784;-0.23351502
324301951;342.5625;7562;-17350;0.96363184;0.039768936;-0.24371218
324325022;342.5;7562;-17350;0.961592464;0.033650636;-0.2447319
324352143;342.5;7562;-17350;0.9605727;0.031611204;-0.24983048
324402103;342.5;7562;-17350;0.96261216;0.018354892;-0.23045588
324424986;342.5;7556;-17350;0.96363184;0.033650636;-0.242692468
324452089;342.5;7556;-17350;0.9605727;0.036709784;-0.24983048
324474194;342.5;7556;-17357;0.96261216;0.039768936;-0.25492908
324512309;342.4375;7556;-17357;0.9585333;0.028552056;-0.247791052
324542061;342.4375;7556;-17363;0.96363184;0.013256311;-0.23351502
324564028;342.4375;7556;-17363;0.96363184;0.013256311;-0.2253573
324591954;342.4375;7556;-17363;0.96363184;0.02447319;-0.24167276
324618024;342.4375;7556;-17369;0.959553;0.0377295;-0.2569685
324650278;342.4375;7556;-17369;0.959553;0.033650636;-0.26206708
324672658;342.4375;7556;-17369;0.96363184;0.021414042;-0.2314756
324693959;342.4375;7562;-17369;0.9646516;0.012236595;-0.21617985
324719390;342.4375;7562;-.178432
324751723;342.5;7556;-17363;0.9605727;0.026512622;-0.25390936
324773212;342.5;7556;-17357;0.959553;0.041808368;-0.26002764
324795477;342.5;7556;-17357;0.96261216;0.04078865;-0.25492908
324817162;342.5;7556;-17357;0.9646516;0.031611204;-0.22739672
324862554;342.5;7556;-17357;0.9656713;0.0193746092;-0.22841644
324891912;342.5;7556;-17357;0.9585333;0.0193746092;-0.24677134
324916400;342.5;7556;-17357;0.959553;0.0377295;-0.26104736
324942278;342.5;7556;-17357;0.961592464;0.03569007;-0.25288964
324964443;342.4375;7556;-17357;0.9656713;0.031611204;-0.232495316
324992089;342.4375;7556;-17357;0.96363184;0.026512622;-0.2253573
325017837;342.4375;7556;-17363;0.96261216;0.017335176;-0.23045588
325043986;342.4375;7556;-17363;0.961592464;0.01631546;-0.25186992
325066238;342.4375;7556;-17363;0.9605727;0.028552056;-0.25594878
325092222;342.4375;7556;-17363;0.96363184;0.0377295;-0.2508502
325116072;342.4375;7556;-0@20000101_000005_192721_airspeed_sdp810.csv@325117983;-170;0;4282
325142386;342.4375;7556;-17363;0.9605727;0.028552056;-0.23555446
325163867;342.5;7556;-17363;0.96363184;0.01631546;-0.232495316
325212826;342.5;7550;-17357;0.959553;0.012236595;-0.24575162
325235528;342.5;7550;-17350;0.9605727;0.029571772;-0.2508502
325283178;342.5;7550;-17350;0.961592464;0.042828084;-0.24167276
325305291;342.5;7550;-17350;0.9605727;0.026512622;-0.232495316
325332233;342.5;7550;-17350;0.96363184;0.017335176;-0.23453474
325353985;342.5;7550;-173sm6dso32.csv@325357624;1.0111359;-0.001952;-0.000976;-77;0;-112;1
325375980;342.5;7550;-17350;0.9605727;0.018354892;-0.248810768
325412422;342.5;7550;-17350;0.961592464;0.034670352;-0.24677134
325441780;342.5;7550;-17350;0.9646516;0.0377295;-0.242692468
325464537;342.5;7550;-17350;0.9646516;0.033650636;-0.23657418
325492179;342.5;7550;-17357;0.96363184;0.015295744;-0.23045588
325513892;342.5;7550;-17357;0.959553;0.00815773;-0.24167276
325535934;342.5;7550;-17357;0.9605727;0.015295744;-0.24983048
325585150;342.4375;7550;-17357;0.9646516;0.034670352;-0.237593884
325612193;342.4375;7550;-17350;0.96363184;0.036709784;-0.237593884
325642111;342.4375;7550;-17357;0.9605727;0.02447319;-0.24983048
325664178;342.4375;7550;-17357;0.961592464;0.012236595;-0.247791052
325705545;342.4375;7550;-17357;0.96363184;0.017335176;-0.24167276
325732510;342.4375;7550;-17344;0.9585333;0.030591488;-0.24575162
325783044;342.5;7550;-17338;0.96261216;0.033650636;-0.237593884
325814884;342.5;7550;-17338;0.9605727;0.022433758;-0.24575162
325843774;342.5;7550;-17338;0.9656713;0.02447319;-0.242692468
325866126;342.5;7550;-17338;0.9605727;0.0193746092;-0.23963332
325892180;342.5;7550;-17338;0.961592464;0.022433758;-0.24065304
325918732;342.5;7550;-17338;0.96261216;0.0377295;-0.012721_airspeed_sdp810.csv@325920522;445;274;4283
325942432;342.5;7550;-17338;0.96363184;0.033650636;-0.24575162
325964644;342.5;7550;-17344;0.96261216;0.018354892;-0.2386136
325992102;342.5;7550;-17338;0.96363184;0.01631546;-0.2314756
326018791;342.5;7550;-17338;0.9605727;0.026512622;-0.24371218
326044415;342.5;7550;-17338;0.959553;0.023453474;-0.2447319
326065825;342.5;7550;-17338;0.96363184;0.033650636;-0.24371218
326092693;342.5;7550;-17338;0.96261216;0.026512622;-0.24065304
326167536;342.5;7543;-17338;0.961592464;0.026512622;-0.2447319
326192546;342.5;7543;-17332;0.959553;0.02447319;-0.2508502
326215498;342.5;7543;-17332;0.959553;0.028552056;-0.2447319
326241796;342.4375;7543;-17332;0.96261216;0.03569007;-0.2447319
326263841;342.4375;7543;-17332;0.9605727;0.028552056;-0.24167276
326313828;342.4375;7543;-17332;0.961592464;0.026512622;-0.25492908
326335730;342.4375;7543;-17332;0.9605727;0.02447319;-0.247791052
326362701;342.4375;7543;-17332;0.961592464;0.026512622;-0.247791052
326385887;342.4375;7543;-17332;0.96363184;0.029571772;-0.242692468
326412447;342.4375;7543;-17332;0.961592464;0.028552056;-0.24677134
326441852;342.4375;7543;-17332;0.961592464;0.02447319;-0.248810768
326464527;342.5;7543;-17325;0.9605727;0.026512622;-0.24167276
326485947;342.5;7543;-17325;0.9605727;0.023453474;-0.242692468
326520178;342.5625;7550;-17325;0.96261216;0.020394326;-0.23963332
326543243;342.5625;7550;-17319;0.9646516;0.023453474;-0.232495316
326567863;342.5625;7550;-17319;0.96363184;0.02447319;-0.23351502
326592513;342.625;7550;-17319;0.9605727;0.022433758;-0.24065304
326616778;342.625;7550;-17319;0.96261216;0.023453474;-0.23963332
326645032;342.625;7550;-17313;0.96261216;0.023453474;-0.23555446
326667850;342.625;7543;-17307;0.96363184;0.025492906;-0.23453474
326692452;342.5625;7543;-17307;0.96363184;0.029571772;-0.23657418
326717704;342.5625;7543;-17307;0.96261216;0.026512622;-0.2386136
326742404;342.5625;7543;-17307;0.961592464;0.026512622;-0.2447319
326763912;342.5;7543;-17300;0.9605727;0.031611204;-0.242692468
326792292;342.5;7537;-17300;0.96363184;0.034670352;-0.2447319
326816159;342.4375;7537;-17307;0.96261216;0.033650636;-0.242692468
326842292;342.4375;7537;-17307;0.9585333;0.031611204;-0.247791052
326864406;342.4375;7537;-17307;0.961592464;0.028552056;-0.25186992
326889585;342.4375;7537;-17307;0.9585333;0.028552056;-0.24575162
326916953;342.4375;7537;-17307;0.961592464;0.02753234;-0.24371218
326982090;342.5;7537;-17307;0.96363184;0.023453474;-0.24065304
327004461;342.5;7537;-17300;0.9605727;0.023453474;-0.24371218
327028621;342.5;7537;-17300;0.96261216;0.026512622;-0.24065304
327052580;342.5;7537;-17300;0.961592464;0.020394326;-0.242692468
327082131;342.5;7537;-17300;0.9605727;0.020394326;-0.23453474
327105957;342.5;7537;-17300;0.96363184;0.02447319;-0.23555446
327132277;342.5;7537;-17300;0.961592464;0.023453474;-0.23555446
327162913;342.5;7537;-17300;0.96363184;0.034670352;-0.242692468
327192370;342.5;7537;-17300;0.96363184;0.031611204;-0.23963332
327214034;342.5;7537;-17300;0.9605727;0.021414042;-0.23555446
327235927;342.4375;7537;-17307;0.96261216;0.020394326;-0.23453474
327262357;342.4375;7537;-17300;0.96363184;0.033650636;-0.237593884
327286652;342.375;7531;-17300;0.961592464;0.04894638;-0.25390936
327312573;342.375;7531;-17307;0.9575136;0.042828084;-0.25492908
327342042;342.375;7531;-17313;0.961592464;0.02753234;-0.2630868
327392625;342.375;7531;-17325;0.961592464;0.015295744;-0.232495316
327424076;342.375;7531;-17332;0.961592464;0.013256311;-0.23351502
327452292;342.375;7531;-17332;0.959553;0.02447319;-0.247791052
327476434;342.375;7531;-17332;0.959553;0.030591488;-0.26206708
327502508;342.3125;7531;-17332;0.9585333;0.023453474;-0.25900792
327533759;342.3125;7531;-17332;0.961592464;0.018354892;-0.22943616
327556134;342.3125;7537;-354892;-0.2253573
327582160;342.3125;7537;-17332;0.9656713;0.021414042;-0.23045588
327606214;342.3125;7537;-17332;0.96261216;0.021414042;-0.242692468
327657523;342.375;7537;-17325;0.9605727;0.033650636;-0.24677134
327682628;342.375;7537;-17319;0.96261216;0.028552056;-0.2314756
327743834;342.375;7537;-17319;0.96261216;0.033650636;-0.2508502
327765968;342.375;7537;-17319;0.9605727;0.041808368;-0.25390936
327792497;342.375;7537;-17325;0.9605727;0.030591488;-0.24983048
327818111;342.375;7537;-17325;0.96363184;0.021414042;-0.2386136
327860982;342.3125;7537;-17332;0.96261216;0.025492906;-0.24575162
327883748;342.3125;7537;-17338;0.959553;0.020394326;-0.24167276
327906678;342.3125;7537;-17338;0.9605727;0.017335176;-0.24167276
327932335;342.3125;7537;-17344;0.961592464;0.025492906;-0.242692468
327954465;342.3125;7537;-17344;0.96363184;0.014276028;-0.242692468
327975944;342.25;7537;-17344;0.9605727;0.017335176;-0.25186992
328002188;342.25;7537;-17344;0.9605727;0.023453474;-0.24167276
328026493;342.25;7537;-17344;0.96261216;0.020394326;-0.24167276
328052355;342.25;7537;-17344;0.96261216;0.018354892;-0.247791052
328074401;342.3125;7537;-17338;0.9656713;0.031611204;-0.24065304
328102313;342.3125;7537;-17338;0.9605727;0.025492906;-0.23657418
328132281;342.3125;7537;-17338;0.9585333;0.02447319;-0.232495316
328154210;342.375;7543;-17332;0.9585333;0.033650636;-0.24575162
328176467;342.375;7543;-17332;0.9646516;0.036709784;-0.25186992
328202370;342.375;7543;-17332;0.9575136;0.034670352;-0.25390936
328224917;342.375;7543;-12753234;-0.22739672
328272747;342.375;7543;-17325;0.9646516;0.026512622;-0.23045588
328295867;342.375;7543;-17332;0.9605727;0.030591488;-0.25288964
328352783;342.3125;7543;-17332;0.961592464;0.022433758;-0.245751@20000101_000005_192721_airspeed_sdp810.csv@328369177;-432;0;4282
328382400;342.3125;7543;-17332;0.959553;0.023453474;-0.23555446
328417758;342.3125;7543;-17338;0.96363184;0.021414042;-0.2386136
328449223;342.3125;7543;-2101_000005_192721_airspeed_sdp810.csv@328452357;-585;0;4281
328472603;342.3125;7537;-17338;0.959553;0.025492906;-0.25492908
328526351;342.3125;7543;-17338;0.96261216;0.0193746092;-0.23045588
328552411;342.3125;7543;-17344;0.9656713;0.020394326;-0.22331786
328574705;342.3125;7543;-17338;0.9646516;0.02753234;-0.23963332
328595701;342.3125;7537;-17338;0.959553;0.030591488;-0.2579882
328617798;342.3125;7537;-17338;0.959553;0.03569007;-0.2579882
328643754;342.3125;7537;-17332;0.96261216;0.036709784;-0.25288964
328713749;342.3125;7543;-17332;0.96363184;0.02753234;-0.2386136
328768758;342.3125;7537;-17332;0.96363184;0.029571772;-0.25186992
328794099;342.3125;7537;-17332;0.959553;0.031611204;-0.242692468
328824894;342.3125;7537;-17338;0.96261216;0.020394326;-0.2253573
328852047;342.3125;7543;-17338;0.96261216;0.013256311;-0.2314756
328873873;342.25;7537;-17344;0.9605727;0.020394326;-0.247791052
328902307;342.25;7537;-17344;0.9605727;0.0193746092;-0.2579882
328932236;342.25;7537;-17350;0.959553;0.022433758;-0.25900792
328953952;342.25;7537;-17412622;-0.23045588
328976430;342.25;7537;-17344;0.96363184;0.021414042;-0.23045588
329002472;342.25;7543;-17350;0.961592464;0.020394326;-0.23453474
329025734;342.25;7543;-17344;0.9585333;0.022433758;-0.248810768
329052413;342.25;7543;-17338;0.961592464;0.021414042;-0.25390936
329074581;342.3125;7537;-17338;0.96261216;0.030591488;-0.25186992
329102464;342.3125;7543;-17332;0.96261216;0.034670352;-0.24167276
329126363;342.3125;7543;-17325;0.9646516;0.03569007;-0.226377008
329152440;342.3125;7543;-17325;0.96261216;0.03569007;-0.23963332
329179480;342.3125;7543;-17325;0.961592464;0.025492906;-0.24575162
329235438;342.3125;7543;-17325;0.959553;0.030591488;-0.25186992
329262419;342.3125;7543;-17325;0.96261216;0.03263092;-0.24167276
329286166;342.3125;7543;-17325;0.9656713;0.026512622;-0.23045588
329312405;342.3125;7543;-17325;0.961592464;0.01631546;-0.23453474
329333652;342.3125;7543;-17332;0.96261216;0.015295744;-0.24167276
329354873;342.3125;7543;-17332;0.959553;0.020394326;-0.25594878
329381929;342.3125;7543;-17332;0.9605727;0.026512622;-0.25390936
329418012;342.3125;7543;-17332;0.96261216;0.025492906;-0.23963332
329444841;342.3125;7543;-17332;0.96363184;0.025492906;-0.22943616
329467090;342.3125;7543;-17332;0.96261216;0.015295744;-0.2314756
329492368;342.3125;7543;-17332;0.96363184;0.01631546;-0.2386136
329517899;342.3125;7537;-;04;-0.2569685
329542557;342.375;7537;-17313;0.961592464;0.031611204;-0.2569685
329565381;342.375;7543;-17307;0.96363184;0.034670352;-0.23351502
329592230;342.375;7543;-17307;0.96363184;0.036709784;-0.232495316
329615987;342.375;7543;-17307;0.961592464;0.030591488;-0.23045588
329642687;342.375;7543;-17307;0.961592464;0.025492906;-0.23351502
329692657;342.375;7543;-17307;0.9605727;0.031611204;-0.25288964
329732162;342.375;7543;-17307;0.96363184;0.031611204;-0.23351502
329754238;342.375;7543;-1@20000101_000005_192721_airspeed_sdp810.csv@329759365;-345;0;4280
329776557;342.375;7543;-17313;0.96261216;0.021414042;-0.23045588
329802178;342.375;7543;-17313;0.961592464;0.01631546;-0.24677134
329826159;342.375;7537;-17313;0.961592464;0.017335176;-0.24677134
329852808;342.375;7537;-17313;0.961592464;0.0193746092;-0.24983048
329875202;342.375;7537;-17313;0.961592464;0.028552056;-0.242692468
329902225;342.375;7537;-17313;0.961592464;0.02753234;-0.2386136
329932187;342.375;7537;-17313;0.9656713;0.025492906;-0.23555446
329955458;342.375;7537;-1@20000101_000005_192721_accel_adxl375.csv@329960569;1.7149999;0.147;0.147;1
329980592;342.375;7537;-17313;0.9605727;0.0193746092;-0.25492908
330005991;342.375;7537;-17307;0.96261216;0.028552056;-0.25186992
330040083;342.375;7537;-17300;0.96363184;0.0377295;-0.24167276
330063090;342.4375;7543;-17294;0.9646516;0.039768936;-0.22331786
330086672;342.4375;7543;-17294;0.96363184;0.034670352;-0.23045588
330123893;342.5;7543;-17300;0.959553;0.022433758;-0.24983048
330162653;342.5;7543;-17294;0.96261216;0.026512622;-0.248810768
330192612;342.5;7543;-17300;0.96363184;0.034670352;-0.23453474
330214027;342.5;7543;-17300;0.9656713;0.0377295;-0.23351502
330236377;342.4375;7543;-17300;0.96363184;0.031611204;-0.2314756
330262468;342.4375;7543;-17307;0.96363184;0.021414042;-0.23453474
330285427;342.4375;7543;-17319;0.96261216;0.009177446;-0.24065304
330317896;342.4375;7543;-17319;0.961592464;0.018354892;-0.24575162
330373895;342.375;7543;-17325;0.96363184;0.031611204;-0.237593884
330406060;342.375;7543;-17325;0.96363184;0.022433755_000005_192721_airspeed_sdp810.csv@330407605;-687;0;4285
330432378;342.375;7543;-17325;0.961592464;0.018354892;-0.23657418
330455816;342.375;7543;-1@20000101_000005_192721_airspeed_sdp810.csv@330459507;-610;0;4286
330482188;342.375;7537;-17325;0.9605727;0.020394326;-0.25390936
330514925;342.375;7537;-17319;0.96261216;0.0377295;-0.24065304
330541982;342.375;7537;-17313;0.96363184;0.042828084;-0.24065304
330592490;342.4375;7537;-17313;0.961592464;0.028552056;-0.24677134
330623912;342.4375;7537;-17319;0.959553;0.026512622;-0.247791052
330652453;342.5;7543;-17319;0.9646516;0.026512622;-0.24575162
330674001;342.5;7543;-17313;0.96363184;0.030591488;-0.232495316
330696161;342.4375;7543;-17319;0.966691;0.031611204;-0.22331786
330724918;342.4375;7543;-17332;0.96363184;0.02447319;-0.23045588
330752205;342.4375;7543;-17338;0.959553;0.018354892;-0.23657418
330774509;342.4375;7543;-17344;0.9585333;0.01631546;-0.247791052
330806176;342.4375;7543;-17344;0.9585333;0.017335176;-0.248810768
330832270;342.375;7543;-17344;0.9605727;0.021414042;-0.2447319
330854462;342.375;7543;-17344;0.96363184;0.020394326;-0.22943616
330878503;342.375;7543;-17344;0.96261216;0.02447319;-0.23351502
330911591;342.375;7537;-17344;0.96363184;0.021414042;-0.2386136
330935039;342.375;7537;-17338;0.9575136;0.028552056;-0.2569685
330962459;342.3125;7537;-17338;0.9605727;0.028552056;-0.248810768
330984450;342.3125;7537;-17325;0.961592464;0.029571772;-0.2508502
331016402;342.3125;7537;-17325;0.9585333;0.0377295;-0.24065304
331061391;342.3125;7537;-17325;0.96363184;0.025492906;-0.23657418
331092336;342.3125;7537;-17319;0.9575136;0.025492906;-0.25288964
331114004;342.375;7537;-17319;0.959553;0.028552056;-0.25492908
331141860;342.375;7537;-17319;0.96261216;0.03569007;-0.24575162
331163886;342.375;7537;-17319;0.96363184;0.03569007;-0.23657418
331192743;342.375;7537;-17332;0.96363184;0.022433758;-0.2253573
331215363;342.375;7543;-17332;0.9646516;0.017335176;-0.23045588
331236934;342.4375;7543;-17338;0.959553;0.009177446;-0.23657418
331262631;342.4375;7543;-17332;0.9605727;0.023453474;-0.25390936
331284508;342.4375;7543;-17332;0.96261216;0.017335176;-0.24677134
331306342;342.4375;7543;-17332;0.96363184;0.023453474;-0.2253573
331335715;342.4375;7543;-17332;0.9656713;0.02447319;-0.2253573
331362265;342.4375;7543;-17332;0.9646516;0.021414042;-0.23453474
331383967;342.4375;7537;-17338;0.96363184;0.011216879;-0.24065304
331411487;342.375;7537;-17338;0.96261216;0.014276028;-0.24983048
331432897;342.375;7537;-17338;0.96261216;0.013256311;-0.23963332
331473146;342.375;7531;-17325;0.961592464;0.042828084;-0.2386136
331495391;342.3125;7531;-17325;0.96261216;0.0377295;-0.232495316
331526627;342.25;7531;-17325;0.96261216;0.020394326;-0.25492908
331552561;342.25;7531;-17332;0.95547416;0.0193746092;-0.2630868
331575712;342.25;7531;-17332;0.9605727;0.014276028;-0.26104736
331604917;342.25;7531;-17332;0.95649384;0.02447319;-0.242692468
331632060;342.3125;7531;-17325;0.961592464;0.041808368;-0.24167276
331653977;342.3125;7531;-17319;0.96261216;0.02753234;-0.2304
331676808;342.375;7531;-17325;0.9575136;0.021414042;-0.24371218
331707442;342.4375;7531;-17319;0.9605727;0.015295744;-0.25492908
331736140;342.4375;7537;-17319;0.9585333;0.011216879;-0.23657418
331762305;342.4375;7537;-17319;0.961592464;0.014276028;-0.2386136
331783695;342.375;7543;-17313;0.968730432;0.030591488;-0.20904184
331806732;342.4375;7543;-17307;0.961592464;0.0438478;-0.21414042
331834518;342.4375;7537;-17307;0.9513953;0.025492906;-0.2641065
331862357;342.4375;7537;-17307;0.959553;0.017335176;-0.25186992
331883908;342.4375;7537;-17307;0.966691;0.02447319;-0.25900792
331922717;342.4375;7543;-17300;0.966691;0.015295744;-0.21210098
331946193;342.4375;7543;-17294;0.9717896;0.0438478;-0.21414042
331968016;342.4375;7537;-17300;0.96363184;0.04588723;-0.23045588
331992432;342.4375;7531;-17300;0.959553;0.02447319;-0.25390936
332013646;342.4375;7531;-17300;0.959553;0.022433758;-0.25900792
332043750;342.375;7531;-17307;0.96261216;0.029571772;-0.248810768
332065858;342.3125;7531;-17307;0.9646516;0.02447319;-0.23657418
332092196;342.3125;7537;-17313;0.959553;0.023453474;-0.22841644
332116907;342.3125;7531;-17313;0.96363184;0.036709784;-0.23555446
332142485;342.3125;7531;-17319;0.96363184;0.022433758;-0.24575162
332163897;342.3125;7531;-17325;0.9585333;0.0193746092;-0.27328396
332192129;342.3125;7531;-17319;0.9575136;0.025492906;-0.26716566
332214039;342.375;7537;-17319;0.9646516;0.022433758;-0.2253573
332237546;342.375;7537;-17313;0.9656713;0.018354892;-0.226377008
332262762;342.4375;7537;-17313;0.96261216;0.023453474;-0.22943616
332288100;342.4375;7537;-@20000101_000005_192721_airspeed_sdp810.csv@332292356;-728;0;4281
332323770;342.4375;7537;-17313;0.9585333;0.02447319;-0.2579882
332346539;342.4375;7537;-17313;0.961592464;0.023453474;-0.247791052
332369140;342.375;7537;-17313;0.966691;0.02753234;-0.23453474
332393267;342.375;7543;-17313;0.9646516;0.02753234;-0.22229814
332414799;342.375;7543;-17313;0.96771068;0.030591488;-0.21719956
332482186;342.375;7543;-17313;0.9585333;0.03263092;-0.26206708
332504974;342.4375;7543;-17313;0.9605727;0.029571772;-0.24677134
332532059;342.4375;7543;-17313;0.9646516;0.02753234;-0.23453474
332553973;342.375;7543;-1@0000101_000005_192721_accel_adxl375.csv@332558602;1.7149999;0.147;0.196;1
332576388;342.375;7543;-17313;0.9656713;0.023453474;-0.2253573
332602057;342.3125;7543;-17319;0.96363184;0.020394326;-0.247791052
332624662;342.25;7537;-17325;0.95547416;0.030591488;-0.27328396
332652153;342.25;7537;-17332;0.9585333;0.03263092;-0.2763431
332673727;342.1875;7543;-17332;0.96363184;0.03263092;-0.232495316
332702165;342.1875;7543;-17332;0.9656713;0.029571772;-0.22433758
332742658;342.1875;7543;-17338;0.96363184;0.009177446;-0.23351502
332767077;342.25;7543;-17338;0.95649384;0.020394326;-0.27430368
332792523;342.3125;7543;-17325;0.9585333;0.030591488;-0.26716566
332813808;342.375;7550;-17325;0.9656713;0.031611204;-0.23453474
332841500;342.4375;7550;-17319;0.9646516;0.022433758;-0.21617985
332862988;342.4375;7550;-17313;0.96363184;0.020394326;-0.22331786
332887246;342.5;7550;-173@20000101_000005_192721_airspeed_sdp810.csv@332892804;523;297;4285
332912531;342.5;7550;-17313;0.959553;0.020394326;-0.25288964
332935885;342.5;7550;-17307;0.9605727;0.033650636;-0.247791052
332962306;342.5;7550;-17300;0.9605727;0.034670352;-0.24065304
332984034;342.5;7550;-17300;0.9646516;0.0387492184;-0.22229814
333005869;342.5;7556;-17300;0.96363184;0.031611204;-0.219239
333032133;342.5;7556;-17300;0.96261216;0.015295744;-0.22433758
333058302;342.4375;7556;-17307;0.9656713;0.021414042;-0.23351502
333080738;342.4375;7550;-17307;0.9605727;0.0377295;-0.25390936
333105577;342.375;7550;-17313;0.95649384;0.036709784;-0.26002764
333162916;342.25;7550;-17319;0.9656713;0.022433758;-0.22331786
333185877;342.25;7550;-17325;0.9605727;0.012236595;-0.23045588
333212984;342.1875;7543;-17338;0.9605727;0.014276028;-0.24065304
333235067;342.125;7543;-17338;0.959553;0.03263092;-0.25900792
333262211;342.125;7537;-17338;0.9575136;0.029571772;-0.2641065
333283971;342.0625;7537;-17344;0.961592464;0.025492906;-0.25900792
333312289;342.0625;7537;-17338;0.959553;0.022433758;-0.247791052
333335461;342.125;7543;-17338;0.96363184;0.01631546;-0.23045588
333356765;342.125;7543;-17623453474;-0.23351502
333378844;342.1875;7543;-17338;0.96363184;0.020394326;-0.24167276
333406366;342.1875;7543;-17338;0.9605727;0.033650636;-0.25288964
333435507;342.1875;7543;-17332;0.961592464;0.033650636;-0.2447319
333464856;342.25;7543;-17332;0.9656713;0.02447319;-0.23351502
333492084;342.25;7550;-17325;0.9646516;0.025492906;-0.22331786
333518115;342.25;7550;-17325;0.96363184;0.022433758;-0.23351502
333542416;342.25;7550;-17332;0.959553;0.028552056;-0.24371218
333564070;342.25;7550;-17332;0.959553;0.0377295;-0.2508502
333602944;342.25;7550;-17332;0.966691;0.029571772;-0.2386136
333632105;342.1875;7550;-17332;0.96261216;0.0193746092;-0.22739672
333653774;342.125;7550;-17344;0.96363184;0.0050985812;-0.23045588
333675858;342.125;7550;-17344;0.96363184;0.018354892;-0.24065304
333702153;342.125;7543;-17344;0.96261216;0.03263092;-0.25390936
333724149;342.0625;7543;-0.034670352;-0.25390936
333752087;342.0625;7543;-17344;0.96261216;0.04078865;-0.2447319
333773831;342.0625;7543;-17344;0.9585333;0.02447319;-0.23657418
333802799;342.0;7543;-17350;0.96261216;0.0050985812;-0.23351502
333842251;342.0;7543;-17357;0.9575136;0.015295744;-0.26104736
333865587;342.0;7543;-17350;0.96261216;0.0377295;-0.2447319
333892279;342.0;7543;-17344;0.961592464;0.0387492184;-0.247791052
333913824;342.0;7543;-17344;0.9605727;0.0387492184;-0.2447319
333942288;342.0;7543;-17344;0.96363184;0.031611204;-0.24371218
333963857;342.0;7543;-17350;0.9605727;0.010197163;-0.2447319
334006844;342.0;7543;-17350;0.96363184;0.029571772;-0.24677134
334032714;342.0625;7543;-17350;0.96363184;0.030591488;-0.23555446
334056217;342.0625;7543;-.7149999;0.196;0.147;1
334082515;342.0625;7543;-17344;0.96771068;0.031611204;-0.2386136
334103803;342.0625;7543;-17350;0.9605727;0.010197163;-0.232495316
334132071;342.0625;7550;-17357;0.9605727;0.014276028;-0.247791052
334154335;342.0625;7550;-17357;0.96363184;0.023453474;-0.2314756
334179331;342.0625;7550;-17350;0.9646516;0.031611204;-0.2314756
334202678;342.0625;7550;-17350;0.96261216;0.030591488;-0.2447319
334223960;342.0;7550;-173@20000101_000005_192721_imu_lsm6dso32.csv@334228929;1.014064;0.01464;0.005856;0;-7;-91;1
334262565;342.0;7550;-17357;0.961592464;0.022433758;-0.24575162
334284909;342.0;7550;-17357;0.959553;0.014276028;-0.24167276
334316341;342.0;7550;-17350;0.96363184;0.031611204;-0.242692468
334342355;342.0;7550;-17350;0.96261216;0.028552056;-0.247791052
334365537;342.0;7550;-17350;0.961592464;0.034670352;-0.2508502
334392368;342.0;7550;-17350;0.959553;0.03263092;-0.24983048
334414391;342.0;7550;-17350;0.96363184;0.018354892;-0.23555446
334456326;342.0;7550;-17350;0.96261216;0.021414042;-0.24371218
334482907;342.0;7550;-17350;0.961592464;0.0387492184;-0.2569685
334513557;342.0625;7550;-17344;0.96261216;0.031611204;-0.248810768
334552175;342.0625;7550;-17344;0.9646516;0.030591488;-0.22943616
334575977;342.0625;7550;-17344;0.9605727;0.017335176;-0.23351502
334602210;342.0625;7550;-17344;0.961592464;0.01631546;-0.2508502
334623942;342.0625;7550;-277134
334652380;342.0625;7550;-17344;0.96363184;0.02753234;-0.24167276
334675232;342.0625;7550;-17344;0.9646516;0.028552056;-0.22433758
334701145;342.125;7550;-17344;0.9656713;0.025492906;-0.226377008
334722835;342.125;7550;-1@20000101_000005_192721_accel_adxl375.csv@334725738;1.7639999;0.098;0.196;1
334745521;342.125;7550;-17344;0.959553;0.022433758;-0.247791052
334769509;342.0625;7550;-17344;0.9605727;0.020394326;-0.2447319
334793259;342.0625;7543;-17344;0.9646516;0.028552056;-0.24065304
334816029;342.0;7543;-17344;0.96261216;0.025492906;-0.232495316
334845395;342.0;7543;-17344;0.9605727;0.031611204;-0.247791052
334893018;341.9375;7543;-17344;0.959553;0.028552056;-0.2508502
334915210;341.9375;7543;-17344;0.96261216;0.02753234;-0.2447319
334945958;341.9375;7543;-17344;0.96363184;0.029571772;-0.24167276
334967700;341.9375;7543;-17344;0.96363184;0.031611204;-0.242692468
334992882;342.0;7543;-17338;0.959553;0.025492906;-0.247791052
335016394;342.0;7543;-17338;0.9605727;0.02753234;-0.25288964
335045228;342.0;7543;-17338;0.96363184;0.026512622;-0.242692468
335068548;342.0;7543;-17338;0.9167249;0.0387492184;-0.23351502
335092607;342.0;7550;-17338;0.96771068;0.030591488;-0.2508502
335115913;341.9375;7550;-17344;0.9656713;0.0030591488;-0.22331786
335142176;341.9375;7550;-17344;0.97586848;0.020394326;-0.2253573
335164158;341.875;7550;-17344;0.96771068;0.03263092;-0.24371218
335190855;341.875;7550;-104078865;-0.25288964
335218856;341.875;7550;-17338;0.9513953;0.030591488;-0.250800005_192721_accel_adxl375.csv@335220832;1.813;0.098;0.196;1
335245324;341.875;7550;-17338;0.9575136;0.04078865;-0.23351502
335267972;341.875;7550;-17332;0.9717896;0.02447319;-0.2253573
335312937;341.9375;7550;-17332;1.0554063;0.02753234;-0.26512624
335344130;342.5625;7556;-17319;1.1614568;0.0020394326;-0.301836
335365777;342.625;7568;-17344;1.7049656;-0.08667588;-0.44969488
335392490;343.125;7568;-17325;2.576823;-0.06322241;-0.5832777
335416183;344.375;7562;-17263;4.030938;-0.14887858;-1.1023133
335444911;347.5;7537;-17157;4.030938;-0.10197163;-1.84976532
335467519;349.6875;7531;-17050;4.030938;-0.06322241;-1.624408
335492430;353.25;7556;-16957;4.030938;0.020394326;-1.73249784
335516325;355.9375;7575;-16838;4.030938;-0.058123828;-1.239975
335562809;3.5625;7575;-16719;4.030938;-0.01631546;-1.1634962
335591881;9.25;7593;-16650;3.5251592;0.32834864;-1.1451414
335615043;16.0;7643;-16669;4.030938;0.13358283;-1.0472486
335643762;24.8125;7700;-16757;4.030938;0.24677134;-1.0503078
335665873;31.625;7725;-16882;4.030938;0.10197163;-0.7647872
335692157;39.25;7743;-16950;4.030938;-0.011216879;-0.754590036
335724849;54.5;7743;-17019;4.030938;-0.21617985;-0.6454804
335752150;61.0625;7718;-16963;4.030938;-0.27226424;-0.59959316
335774522;68.25;7650;-16813;4.027879;-0.32834864;-0.5333116
335804877;71.625;7531;-16638;4.006465;-0.28756;-0.51087784
335828645;71.5625;7431;-16563;3.9921892;-0.354861236;-0.40482736
335852547;67.3125;7237;-10o2.sv@335853941;3.929376;-0.212767984;0.854;27587;-5019;-1799;1
335873932;61.625;7075;-16725;3.9044936;-0.23555446;-0.12848425
335901895;53.9375;6906;-16963;3.8555472;-0.18966722;-0.12338567
335927312;40.125;6643;-17457;3.838212;0.04894638;-0.01631546
335954430;26.5625;6406;-173304;0.22229814;0.07443929
335975904;19.375;6268;17737;3.7607136;0.2314756;0.1193068
336009624;13.5625;6062;17518;3.654663;0.301836;0.18354892
336041196;14.1875;5856;17575;3.66588;0.23963332;0.3762753
336064178;20.9375;5662;17881;3.65772232;0.06016326;0.58123828
336092251;27.5625;5537;-17819;3.6454856;-0.080557584;0.6536381
336116478;35.0;5337;-17482;3.66791936;-0.18660808;0.6883085
336142230;36.1875;5193;-17413;3.62917032;-0.2641065;0.84330536
336164071;30.5;4943;-17594;3.61591384;-0.15805602;0.8473842
336192342;22.3125;4768;-17869;3.644466;-0.004078865;0.9146855
336214090;6.9375;4506;1762;None;None;0;0;0
336235838;11.25;4337;17381;3.6169336;0.28654028;0.9289615
336262587;9.125;4106;17293;3.623052;0.2641065;1.0044205
336283749;8.75;3962;17387;3.5710464;0.108089916;1.0900767
336305791;8.5625;3818;17512;3.54555336;0.0438478;1.1777723
336327929;8.0625;3681;17606;3.62917032;-0.05200553;1.1889892
336352600;5.8125;3462;17556;3.6414068;-0.062202692;1.2155018
336374482;3.3125;3325;17375;3.7076884;-0.04894638;1.3133946
336405971;358.625;3118;16918;3.6842348;0.085656168;1.268527
336429098;355.5625;2993;16612;3.6250912;0.18966722;1.2736256
336452690;351.6875;2812;16237;3.6179532;0.18048978;1.4541154
336473836;349.375;2706;16025;3.623052;0.23963332;1.4061887
336495696;347.5625;2606;15900;3.64650532;0.3201909;1.4214845
336519863;346.25;250808;1.4969435
336562572;344.625;2312;16000;3.6169336;-0.08259702;1.6111517
336583901;342.4375;2193;15887;3.59449968;-0.14581942;1.6570389
336612400;339.9375;2125;15643;3.6312096;-0.09279418;1.6356249
336642265;335.0;2068;15025;3.6057168;0.10299134;1.6264474
336663871;330.0625;2043;14387;3.6628208;0.40482736;1.6845713
336691409;327.3125;2037;14100;3.5741056;0.4711089;1.5601659
336716282;325.0625;1975;14056;3.6352884;0.15397716;1.9435792
336742485;323.25;1931;14156;3.6974912;-0.06526184;2.1342662
336764210;321.0;1931;14018;3.60061832;-0.21414042;2.1250888
336792445;192.5625;1968;13656;3.60163768;-0.13970113;2.1067338
336816380;182.6875;2106;12781;3.5710464;0.25492908;2.0802212
336845458;174.875;2293;11893;3.644466;0.39666964;2.0904184
336902710;170.1875;2506;11487;3.654663;0.26104736;2.2688688
336942479;169.25;2587;11506;3.640387;-0.12644482;2.2025872
336963835;166.9375;2725;11237;3.6383476;-0.105030776;2.1964688
336992108;164.625;2850;10912;3.6454856;-0.25492908;2.2658096
337013989;160.25;3093;10168;3.6760772;-0.0438478;2.1903506
337042332;157.5;3262;9675;3.6128548;0.09585333;2.2953812
337065034;154.1875;3493;9025;3.60775632;0.21617985;2.282125
337092324;152.9375;3625;8743;3.5812436;0.1815095;2.310677
337113944;151.6875;3787;8493;3.5812436;0.20904184;2.1230492
337142646;150.875;3918;8337;3.5608492;-0.021414042;2.124069
337163632;150.5625;4012;8225;3.59348;-0.25492908;1.92726368
337186434;149.8125;4131;7987;3.503745;-0.232495316;1.9384806
337213233;148.5625;4312;7562;3.5608492;-0.24371218;1.86404132
337236181;147.5625;4437;7256;3.496607;-0.1815095;1.8487456
337285214;145.5;4737;6443;3.479272;-0.12032652;1.90381032
337317669;e@37319376;3908;496;1925;0
337342637;144.6875;4987;5787;3.41197068;-0.21108126;1.6488812
337364550;144.0;5075;5481;3.4170692;-0.3324275;1.4255633
337390625;143.0;5168;5000@20000101_000005_192721_accel_adxl375.csv@337392997;3.82199968;0.098;2.401;1
337413342;141.0;5312;4143;3.3752608;-0.036709784;1.1482005
337443743;139.625;5393;3406;3.2936836;-0.049966096;0.950375536
337467181;139.0625;5418;3031;3.295723;-0.18456864;0.801497
337492503;138.5;5425;2518;3.27023;-0.221278432;0.66893384
337519747;138.1875;5418;2193;3.1315486;-0.108089916;0.42930056
337543228;138.0;5375;1800;3.0856614;-0.237593884;0.33446692
337565636;137.8125;5343;1556;3.0469122;-0.34772324;0.1815095
337592406;137.5625;5312;1243;3.0377348;-0.32732892;0.0
337616161;136.4375;5268;468;2.9734926;-0.40584708;-0.23555446
337642248;135.0625;5237;-338;2.8796788;-0.4445963;-0.3885119
337686102;128.8125;4968;-3725;2.7613916;-0.842285632;-0.464990632
337718128;122.25;4500;-6607;2.8195154;-0.808635;-0.39361048
337742900;110.9375;3750;-9950;3.1029966;-0.8667588;-0.18660808
337765821;97.6875;3181;-12263;2.9367828;-0.5006807;0.11828709
337792338;337.5625;2712;-14494;3.0560896;-0.29061914;0.2569685
337816170;323.125;2362;-17238;2.871521;0.39157104;0.8647194
337842794;312.5;2350;16750;1.9150272;-0.061182976;0.98810504
337866043;306.375;2481;15656;0.46703004;0.02447319;0.5088384
337892483;197.5;2756;14143;0.36097956;-0.48130608;1.0992541
337915860;183.625;3050;12862;-0.44357656;-0.84840392;0.19272638
337942863;165.75;3756;10093;-0.6842296;-1.1441216;0.16825318
337965085;155.8125;4368;7562;-0.774984368;-1.0594852;0.486404668
337992423;146.9375;4950;4381;-0.730116836;-1.0554063;0.8412659
338015925;134.625;5250;-1400;-0.7341957;-0.17641092;0.929981264
338042301;126.9375;4937;-4869;-0.722978836;0.41808368;1.0248148
338064122;117.4375;4225;-8363;-0.7138014;0.387492184;0.9575136
338092289;112.0625;3775;-9869;-0.7290971;0.32223034;0.87491656
338118670;103.6875;3218;-001_000005_192721_baro_icp10111.csv@338121410;35.176592;37.21283;100903.2;59.857416
338143071;90.875;2750;-13300;-0.77396468;-0.64242124;0.57512
338165786;333.1875;2456;-14744;-0.8076153;-0.61692832;0.421142816
338192503;319.625;2168;-17400;-0.774984368;-0.70564368;0.445616
338214096;309.75;2162;16543;-0.7668266;-0.7036042;0.5404496
338275133;156.25;3300;9568;-0.6515987;-0.10707021;0.9075475
338306129;146.4375;4062;6175;-0.6087706;0.2314756;0.9534347
338329273;142.75;4418;4162;-0.65465784;0.13460254;0.8351476
338362079;139.0;4687;1362;-0.6322241;-0.13664198;0.7321563
338384878;135.375;4656;-1594;-0.664855;-0.54248908;0.6893282
338412536;132.1875;4443;-3819;-0.6281452;-0.419103384;0.73113656
338436969;125.9375;3843;-7182;-0.6597564;-0.3946302;0.6026523
338484835;106.9375;2581;-12357;-0.582258;-0.11522794;0.74235348
338516002;333.25;2043;-15057;-0.596534;0.050985812;0.6148889
338542426;325.9375;1850;-16594;-0.5710411;0.0;0.61081004
338564308;316.0625;1781;17262;-0.5720608;-0.387492184;0.5904157
338592035;309.0625;1862;15731;-0.5955143;-0.42318224;0.55574536
338617737;174.0;2218;13175;-0.6006129;-0.48742436;0.44765544
338642792;157.875;2825;10318;-0.57919884;-0.44051744;0.4823258
338664971;151.1875;3306;8250;-0.53535104;-0.35995984;0.6342635
338692307;146.125;3781;6037;-0.52311444;-0.29163884;0.6770916
338713873;140.25;4287;2512;-0.521075;-0.09483361;0.69340708
338742533;137.1875;4412;181;-0.4955821;0.08973503;0.69340708
338763852;133.625;4268;-2813;-0.50577924;0.12848425;0.6128495
338792643;130.9375;3906;-5144;-0.496601832;0.07851815;0.62406636
338827578;128.25;3437;-7125;-0.4772272;-0.13256312;0.60571148
338852755;124.625;2887;-9@20000101_000005_192721_accel_adxl375.csv@338859098;0.147;-0.049;0.539;1
338875362;120.875;2487;-10594;-0.51087784;-0.32834864;0.4639709
338921894;335.6875;1731;-13788;-0.486404668;-0.32121062;0.44051744
338945921;325.0625;1356;-16357;-0.47212864;-0.30897404;0.49150324
338968438;318.3125;1262;17862;-0.46091176;-0.21821928;0.506799
338993032;308.25;1368;15212;-0.453773736;-0.193746092;0.50373984
339016627;165.3125;1593;13500;-0.42828084;-0.10095191;0.5404496
339042562;156.625;1912;11843;-0.43643856;-0.15295744;0.5659425
339066452;149.1875;2493;9362;-0.39666964;-0.16417432;0.61794808
339092880;144.625;3100;6800;-0.39666964;-0.14174056;0.6526184
339116246;142.3125;3456;5037;-0.3946302;-0.09279418;0.61692832
339142508;140.4375;3725;3237;-0.409925936;-0.08463645;0.54860732
339163747;138.0;3925;481;-0.38137388;-0.13664198;0.58123828
339201487;135.875;3843;-2175;-0.363019;0.044867516;0.62508608
339222944;134.125;3556;-4469;-0.3885119;-0.02447319;0.56798196
339255960;132.375;3125;-6525;-0.38035416;-0.11522794;0.5088384
339277878;131.0;2800;-7800;-0.37933444;-0.14276028;0.4945624
339304101;128.4375;2287;-9669;-0.3762753;-0.13970113;0.4068668
339325606;126.1875;1937;-10919;-0.3946302;-0.2070024;0.3456838
339352599;122.9375;1606;-12219;-0.4140048;-0.20394326;0.26206708
339374182;332.0;1168;-14263;-0.408906216;-0.25594878;0.22229814
339405711;324.25;881;-16382;-0.40482736;-0.31815148;0.17335176
339428219;319.3125;793;-17838;-0.3895316;-0.33446692;0.20190382
339462666;311.875;850;15887;-0.37321616;-0.31611204;0.248810768
339484204;155.5625;1131;13537;-0.37219644;-0.30489516;0.29877686
339512943;148.125;1593;11125;-0.37423588;-0.34058524;0.30387544
339535707;145.375;1968;9475;-0.353841536;-0.1753912;0.46906948
339562599;143.3125;2350;7806;-0.32325006;-0.02753234;0.5220947
339583721;141.5;2843;5387;-0.3314078;-0.04078865;0.48742436
339613110;140.5;3181;3056;-0.32223034;-0.053025244;0.46091176
339646511;139.875;3318;793;-0.3507824;-0.172332052;0.40380764
339674981;139.4375;3262;-1450;-0.3252895;-0.1631546;0.399728768
339705237;139.0625;3012;-3650;-0.342624668;-0.182529216;0.343644384
339731073;138.875;2756;-5069;-0.34670352;-0.193746092;0.29673744
339762302;138.5;2281;-7100;-0.34772324;-0.14581942;0.2702248
339785253;138.0625;1756;-9044;-0.33752608;-0.20598268;0.26716566
339812656;137.75;1400;-10325;-0.34058524;-0.18354892;0.24983048
339835034;137.0625;906;-12238;-0.33446692;-0.2070024;0.25288964
339862112;136.3125;625;-13525;-0.3314078;-0.22025872;0.2630868
339883656;327.9375;300;-15500;-0.33650636;-0.25594878;0.2131207
339906401;324.1875;168;-16863;-0.3263092;-0.31203318;0.26716566
339952768;314.8125;218;15518;-0.3079543;-0.28959942;0.26716566
339975051;310.8125;393;14050;-0.3201909;-0.22433758;0.24371218
340000969;142.1875;637;12587;-0.30489516;-0.242692468;0.27226424
340025425;141.5625;1106;10400;-0.29673744;-0.17029262;0.2824614
340048753;141.375;1443;8962;-0.3008163;-0.17947006;0.30999374
340071196;141.3125;1781;7531;-0.2814417;-0.15499687;0.33038808
340096440;141.375;2225;5362;-0.26614594;-0.17947006;0.40584708
340118438;141.4375;2462;3881;-0.27940226;-0.12950396;0.41808368
340143775;141.6875;2681;1650;-0.26614594;-0.0876956;0.4333794
340166113;141.9375;2712;187;-0.26512624;-0.11114907;0.438478
340192599;142.25;2668;-1225;-0.2569685;-0.06016326;0.4323597
340213660;142.875;2450;-3207;-0.27328396;0.0;0.409925936
340234865;143.4375;2243;-4394;-0.27124452;-0.0010197163;0.365058432
340267732;144.4375;1868;-6019;-0.2814417;-0.06016326;0.33446692
340292815;145.6875;1443;-7513;-0.27328396;-0.06730127;0.2763431
340319560;146.75;1143;-841_airspeed_sdp810.csv@340322870;38690;2560;4269
340345548;148.6875;693;-9925;-0.29571772;-0.15397716;0.16519404
340367435;150.4375;400;-10913;-0.30999374;-0.16417432;0.09789276
340392897;152.75;118;-11938;-0.31101346;-0.25900792;0.06832099
340414736;331.0;-257;-13594;-0.31815148;-0.26512624;0.0774984368
340445552;326.9375;-557;-15419;-0.29367828;-0.28654028;0.1254251
340466857;324.375;-688;-16732;-0.28450084;-0.3140726;0.15907574
340492728;321.875;-750;17875;-0.27736282;-0.3140726;0.1692729
340518869;318.0625;-682;15668;-0.2692051;-0.31815148;0.19272638
340546493;122.5625;-407;13368;-0.25594878;-0.242692468;0.26002764
340567714;127.625;-138;11831;-0.23555446;-0.16621375;0.31611204
340592951;132.25;337;9581;-0.23555446;-0.14276028;0.3314078
340617626;134.375;668;8137;-0.221278432;-0.116247656;0.3895316
340642668;136.125;987;6737;-0.22841644;-0.064242124;0.3956499
340664441;138.3125;1381;4706;-0.21210098;-0.069340708;0.431339968
340716196;141.75;1737;1500;-0.2070024;-0.018354892;0.4507146
340745406;143.6875;1750;-294;-0.21617985;0.00815773;0.43541884
340769644;145.0625;1681;-1413;-0.20802212;-0.01631546;0.44969488
340793308;147.1875;1487;-2982;-0.21210098;0.0438478;0.4078865
340818064;148.75;1306;-3944;-0.21617985;-0.03263092;0.397689336
340847576;151.1875;975;-5307;-0.22025872;-0.036709784;0.34058524
340872195;153.0;731;-6169;-0.22331786;-0.054044963;0.3252895
340915664;158.375;68;-8269;-0.22943616;-0.08973503;0.26512624
340942652;161.0625;-194;-9119;-0.24167276;-0.12644482;0.23351502
340966040;166.1875;-607;-10438;-0.24677134;-0.14174056;0.20190382
340992856;170.75;-869;-11363;-0.24371218;-0.13562226;0.177430632
341026289;185.0625;-1350;-13350;-0.25186992;-0.18558836;0.12338567
341052833;327.0625;-1544;-14419;-0.26002764;-0.150918;0.09585333
341075827;325.1875;-1763;-16119;-0.25900792;-0.2569685;0.07443929
341109462;323.5;-1863;-17969;-0.24371218;-0.221278432;0.096873048
341142857;321.9375;-1819;16093;-0.23963332;-0.2386136;0.12746454
341166921;320.4375;-1632;14081;-0.22433758;-0.26818538;0.17641092
341192956;104.0625;-1425;12706;-0.215160132;-0.26104736;0.23963332
341214912;116.5625;-1013;10587;-0.20190382;-0.232495316;0.29673744
341236791;122.1875;-700;9150;-0.19782496;-0.193746092;0.3130529
341333438;138.8125;500;2418;-0.171312332;0.030591488;0.4201231
341355374;141.25;568;1287;-0.17437148;0.16621375;0.38647246
341376846;143.4375;581;312;-0.16213488;0.193746092;0.3946302
341402868;145.4375;543;-469;-0.16723346;0.11522794;0.4333794
341426947;148.1875;431;-1394;-0.187627792;0.05710411;0.3569007
341456654;150.75;275;-2138;-0.20394326;0.069340708;0.27226424
341479418;152.4375;143;-2588;-0.1947658;0.010197163;0.23963332
341504232;155.0625;-57;-3294;-0.21108126;-0.12746454;0.23657418
341526877;157.0625;-225;-3838;-0.2314756;-0.13562226;0.19578552
341553074;159.3125;-400;-4463;-0.2131207;-0.15193772;0.182529216
341574728;163.125;-713;-5494;-0.22739672;-0.15499687;0.12338567
341597109;166.1875;-944;-6244;-0.24371218;-0.17845034;0.09483361
341626510;171.6875;-1332;-7494;-0.2386136;-0.221278432;0.11420822
341653775;179.0625;-1757;-8900;-0.2447319;-0.22331786;0.099932192
341678571;185.5625;-2050;-9932;-0.242692468;-0.22025872;0.10910964
341706282;199.1875;-2488;-11638;-0.248810768;-0.23351502;0.12950396
341728703;212.6875;-2757;-12894;-0.23555446;-0.23045588;0.12644482
341753201;325.5625;-3094;d_sdp810.csv@341757294;31858;2323;4265
