@20260609_103407_446_accel_adxl375.csv@uptime;ax;ay;az
@20260609_103407_446_accel_adxl375.csv@926861889;0.0;0.0;3.013
@20260609_103407_446_accel_adxl375.csv@926921444;0.0;0.0;3.239
@20260609_103407_446_accel_adxl375.csv@926981478;0.0;0.0;2.925
@20260609_103407_446_accel_adxl375.csv@927023272;0.0;0.0;2.951
@20260609_103407_446_accel_adxl375.csv@927081502;0.0;0.0;3.097
@20260609_103407_446_accel_adxl375.csv@927132031;0.0;0.0;3.243
@20260609_103407_446_accel_adxl375.csv@927182071;0.0;0.0;3.305
@20260609_103407_446_accel_adxl375.csv@927231971;0.0;0.0;3.306
@20260609_103407_446_accel_adxl375.csv@927282003;0.0;0.0;3.174
@20260609_103407_446_accel_adxl375.csv@927341425;0.0;0.0;3.05
@20260609_103407_446_accel_adxl375.csv@927391982;0.0;0.0;3.175
@20260609_103407_446_accel_adxl375.csv@927451343;0.0;0.0;2.923
@20260609_103407_446_accel_adxl375.csv@927501973;0.0;0.0;3.194
@20260609_103407_446_accel_adxl375.csv@927561427;0.0;0.0;3.051
@20260609_103407_446_accel_adxl375.csv@927621551;0.0;0.0;3.211
@20260609_103407_446_accel_adxl375.csv@927681410;0.0;0.0;2.962
@20260609_103407_446_accel_adxl375.csv@927731936;0.0;0.0;3.053
@20260609_103407_446_accel_adxl375.csv@927791291;0.0;0.0;3.007
@20260609_103407_446_accel_adxl375.csv@927841406;0.0;0.0;3.006
@20260609_103407_446_accel_adxl375.csv@927901405;0.0;0.0;3.14
@20260609_103407_446_accel_adxl375.csv@927951931;0.0;0.0;3.164
@20260609_103407_446_accel_adxl375.csv@928011293;0.0;0.0;3.016
@20260609_103407_446_accel_adxl375.csv@928062031;0.0;0.0;2.983
@20260609_103407_446_accel_adxl375.csv@928121403;0.0;0.0;3.159
@20260609_103407_446_accel_adxl375.csv@928171936;0.0;0.0;3.179
@20260609_103407_446_accel_adxl375.csv@928231287;0.0;0.0;3.101
@20260609_103407_446_accel_adxl375.csv@928281926;0.0;0.0;3.166
@20260609_103407_446_accel_adxl375.csv@928341416;0.0;0.0;2.865
@20260609_103407_446_accel_adxl375.csv@928391975;0.0;0.0;3.005
@20260609_103407_446_accel_adxl375.csv@928451294;0.0;0.0;2.897
@20260609_103407_446_accel_adxl375.csv@928501935;0.0;0.0;2.97
@20260609_103407_446_accel_adxl375.csv@928561387;0.0;0.0;3.149
@20260609_103407_446_accel_adxl375.csv@928611915;0.0;0.0;2.933
@20260609_103407_446_accel_adxl375.csv@928671271;0.0;0.0;2.846
@20260609_103407_446_accel_adxl375.csv@928721937;0.0;0.0;3.095
@20260609_103407_446_accel_adxl375.csv@928781404;0.0;0.0;2.842
@20260609_103407_446_accel_adxl375.csv@928831956;0.0;0.0;3.029
@20260609_103407_446_accel_adxl375.csv@928881520;0.0;0.0;2.815
@20260609_103407_446_accel_adxl375.csv@928931932;0.0;0.0;2.946
@20260609_103407_446_accel_adxl375.csv@928991293;0.0;0.0;2.887
@20260609_103407_446_accel_adxl375.csv@929041943;0.0;0.0;2.982
@20260609_103407_446_accel_adxl375.csv@929101395;0.0;0.0;3.014
@20260609_103407_446_accel_adxl375.csv@929151963;0.0;0.0;2.744
@20260609_103407_446_accel_adxl375.csv@929211294;0.0;0.0;2.79
@20260609_103407_446_accel_adxl375.csv@929261941;0.0;0.0;2.693
@20260609_103407_446_accel_adxl375.csv@929321413;0.0;0.0;2.899
@20260609_103407_446_accel_adxl375.csv@929372853;0.0;0.0;2.953
@20260609_103407_446_accel_adxl375.csv@929431288;0.0;0.0;2.603
@20260609_103407_446_accel_adxl375.csv@929482065;0.0;0.0;2.946
@20260609_103407_446_accel_adxl375.csv@929541413;0.0;0.0;2.869
@20260609_103407_446_accel_adxl375.csv@929591938;0.0;0.0;2.733
@20260609_103407_446_accel_adxl375.csv@929651286;0.0;0.0;2.757
@20260609_103407_446_accel_adxl375.csv@929701937;0.0;0.0;2.551
@20260609_103407_446_accel_adxl375.csv@929761403;0.0;0.0;2.536
@20260609_103407_446_accel_adxl375.csv@929811928;0.0;0.0;2.769
@20260609_103407_446_accel_adxl375.csv@929875073;0.0;0.0;2.69
@20260609_103407_446_accel_adxl375.csv@929921925;0.0;0.0;2.486
@20260609_103407_446_accel_adxl375.csv@929981431;0.0;0.0;2.56
@20260609_103407_446_accel_adxl375.csv@930031949;0.0;0.0;2.762
@20260609_103407_446_accel_adxl375.csv@930091277;0.0;0.0;2.684
@20260609_103407_446_accel_adxl375.csv@930141933;0.0;0.0;2.682
@20260609_103407_446_accel_adxl375.csv@930201389;0.0;0.0;2.44
@20260609_103407_446_accel_adxl375.csv@930251930;0.0;0.0;2.67
@20260609_103407_446_accel_adxl375.csv@930311290;0.0;0.0;2.448
@20260609_103407_446_accel_adxl375.csv@930361931;0.0;0.0;0.028
@20260609_103407_446_accel_adxl375.csv@930421427;0.0;0.0;0.05
@20260609_103407_446_accel_adxl375.csv@930471990;0.0;0.0;-0.031
@20260609_103407_446_accel_adxl375.csv@930531313;0.0;0.0;-0.049
@20260609_103407_446_accel_adxl375.csv@930581967;0.0;0.0;0.048
@20260609_103407_446_accel_adxl375.csv@930641441;0.0;0.0;-0.033
@20260609_103407_446_accel_adxl375.csv@930691960;0.0;0.0;0.015
@20260609_103407_446_accel_adxl375.csv@930751321;0.0;0.0;-0.027
@20260609_103407_446_accel_adxl375.csv@930801984;0.0;0.0;0.019
@20260609_103407_446_accel_adxl375.csv@930861431;0.0;0.0;-0.049
@20260609_103407_446_accel_adxl375.csv@930921622;0.0;0.0;0.049
@20260609_103407_446_accel_adxl375.csv@930973708;0.0;0.0;0.006
@20260609_103407_446_accel_adxl375.csv@931021979;0.0;0.0;-0.022
@20260609_103407_446_accel_adxl375.csv@931071953;0.0;0.0;0.02
@20260609_103407_446_accel_adxl375.csv@931122005;0.0;0.0;0.038
@20260609_103407_446_accel_adxl375.csv@931171973;0.0;0.0;0.018
@20260609_103407_446_accel_adxl375.csv@931222998;0.0;0.0;-0.012
@20260609_103407_446_accel_adxl375.csv@931271956;0.0;0.0;0.049
@20260609_103407_446_accel_adxl375.csv@931331288;0.0;0.0;0.0
@20260609_103407_446_accel_adxl375.csv@931383510;0.0;0.0;0.003
@20260609_103407_446_accel_adxl375.csv@931441395;0.0;0.0;0.038
@20260609_103407_446_accel_adxl375.csv@931493508;0.0;0.0;-0.013
@20260609_103407_446_accel_adxl375.csv@931551283;0.0;0.0;0.043
@20260609_103407_446_accel_adxl375.csv@931602049;0.0;0.0;-0.05
@20260609_103407_446_accel_adxl375.csv@931661442;0.0;0.0;-0.009
@20260609_103407_446_accel_adxl375.csv@931712104;0.0;0.0;-0.015
@20260609_103407_446_accel_adxl375.csv@931771301;0.0;0.0;0.011
@20260609_103407_446_accel_adxl375.csv@931821955;0.0;0.0;-0.006
@20260609_103407_446_accel_adxl375.csv@931881452;0.0;0.0;-0.031
@20260609_103407_446_accel_adxl375.csv@931941625;0.0;0.0;-0.005
@20260609_103407_446_accel_adxl375.csv@931993045;0.0;0.0;0.007
@20260609_103407_446_accel_adxl375.csv@932042185;0.0;0.0;-0.015
@20260609_103407_446_accel_adxl375.csv@932092135;0.0;0.0;-0.008
@20260609_103407_446_accel_adxl375.csv@932142210;0.0;0.0;0.041
@20260609_103407_446_accel_adxl375.csv@932192140;0.0;0.0;0.046
@20260609_103407_446_accel_adxl375.csv@932242179;0.0;0.0;0.036
@20260609_103407_446_accel_adxl375.csv@932292143;0.0;0.0;-0.032
@20260609_103407_446_accel_adxl375.csv@932342148;0.0;0.0;-0.008
@20260609_103407_446_accel_adxl375.csv@932392147;0.0;0.0;0.043
@20260609_103407_446_accel_adxl375.csv@932443714;0.0;0.0;0.032
@20260609_103407_446_accel_adxl375.csv@932491953;0.0;0.0;-0.046
@20260609_103407_446_accel_adxl375.csv@932544509;0.0;0.0;-0.041
@20260609_103407_446_accel_adxl375.csv@932591950;0.0;0.0;-0.045
@20260609_103407_446_accel_adxl375.csv@932651264;0.0;0.0;-0.017
@20260609_103407_446_accel_adxl375.csv@932701936;0.0;0.0;0.016
@20260609_103407_446_accel_adxl375.csv@932761401;0.0;0.0;0.021
@20260609_103407_446_accel_adxl375.csv@932811949;0.0;0.0;-0.048
@20260609_103407_446_accel_adxl375.csv@932872308;0.0;0.0;-0.044
@20260609_103407_446_accel_adxl375.csv@932947147;0.0;0.0;0.047
@20260609_103407_446_accel_adxl375.csv@932991917;0.0;0.0;0.023
@20260609_103407_446_accel_adxl375.csv@933041962;0.0;0.0;-0.034
@20260609_103407_446_accel_adxl375.csv@933094084;0.0;0.0;0.025
@20260609_103407_446_accel_adxl375.csv@933151274;0.0;0.0;0.024
@20260609_103407_446_accel_adxl375.csv@933204404;0.0;0.0;0.041
@20260609_103407_446_accel_adxl375.csv@933251951;0.0;0.0;-0.01
@20260609_103407_446_accel_adxl375.csv@933303529;0.0;0.0;-0.024
@20260609_103407_446_accel_adxl375.csv@933351949;0.0;0.0;0.01
@20260609_103407_446_accel_adxl375.csv@933401953;0.0;0.0;-0.01
@20260609_103407_446_accel_adxl375.csv@933461416;0.0;0.0;0.036
@20260609_103407_446_accel_adxl375.csv@933513545;0.0;0.0;-0.023
@20260609_103407_446_accel_adxl375.csv@933571287;0.0;0.0;-0.036
@20260609_103407_446_accel_adxl375.csv@933623524;0.0;0.0;-0.015
@20260609_103407_446_accel_adxl375.csv@933681415;0.0;0.0;0.037
@20260609_103407_446_accel_adxl375.csv@933731914;0.0;0.0;0.02
@20260609_103407_446_accel_adxl375.csv@933791290;0.0;0.0;-0.006
@20260609_103407_446_accel_adxl375.csv@933842029;0.0;0.0;0.003
@20260609_103407_446_accel_adxl375.csv@933901435;0.0;0.0;0.041
@20260609_103407_446_accel_adxl375.csv@933978168;0.0;0.0;-0.007
@20260609_103407_446_accel_adxl375.csv@934031306;0.0;0.0;0.039
@20260609_103407_446_accel_adxl375.csv@934082490;0.0;0.0;-0.007
@20260609_103407_446_accel_adxl375.csv@934131956;0.0;0.0;-0.038
@20260609_103407_446_accel_adxl375.csv@934191425;0.0;0.0;0.034
@20260609_103407_446_accel_adxl375.csv@934243533;0.0;0.0;0.019
@20260609_103407_446_accel_adxl375.csv@934291988;0.0;0.0;-0.006
@20260609_103407_446_accel_adxl375.csv@934341962;0.0;0.0;0.04
@20260609_103407_446_accel_adxl375.csv@934392075;0.0;0.0;0.024
@20260609_103407_446_accel_adxl375.csv@934441919;0.0;0.0;0.002
@20260609_103407_446_accel_adxl375.csv@934491931;0.0;0.0;-0.009
@20260609_103407_446_accel_adxl375.csv@934551319;0.0;0.0;0.029
@20260609_103407_446_accel_adxl375.csv@934601933;0.0;0.0;0.008
@20260609_103407_446_accel_adxl375.csv@934661423;0.0;0.0;0.043
@20260609_103407_446_accel_adxl375.csv@934711961;0.0;0.0;0.046
@20260609_103407_446_accel_adxl375.csv@934771313;0.0;0.0;0.031
@20260609_103407_446_accel_adxl375.csv@934821954;0.0;0.0;0.044
@20260609_103407_446_accel_adxl375.csv@934881401;0.0;0.0;-0.022
@20260609_103407_446_accel_adxl375.csv@934931981;0.0;0.0;0.025
@20260609_103407_446_accel_adxl375.csv@935007772;0.0;0.0;-0.042
@20260609_103407_446_accel_adxl375.csv@935051974;0.0;0.0;-0.039
@20260609_103407_446_accel_adxl375.csv@935111306;0.0;0.0;0.047
@20260609_103407_446_accel_adxl375.csv@935161962;0.0;0.0;0.002
@20260609_103407_446_accel_adxl375.csv@935221431;0.0;0.0;-0.012
@20260609_103407_446_accel_adxl375.csv@935271962;0.0;0.0;0.049
@20260609_103407_446_accel_adxl375.csv@935331307;0.0;0.0;-0.008
@20260609_103407_446_accel_adxl375.csv@935381927;0.0;0.0;0.014
@20260609_103407_446_accel_adxl375.csv@935441444;0.0;0.0;-0.004
@20260609_103407_446_accel_adxl375.csv@935491946;0.0;0.0;0.04
@20260609_103407_446_accel_adxl375.csv@935551309;0.0;0.0;-0.012
@20260609_103407_446_accel_adxl375.csv@935601941;0.0;0.0;-0.002
@20260609_103407_446_accel_adxl375.csv@935661411;0.0;0.0;-0.018
@20260609_103407_446_accel_adxl375.csv@935711944;0.0;0.0;-0.012
@20260609_103407_446_accel_adxl375.csv@935771287;0.0;0.0;0.035
@20260609_103407_446_accel_adxl375.csv@935821940;0.0;0.0;0.024
@20260609_103407_446_accel_adxl375.csv@935881417;0.0;0.0;0.05
@20260609_103407_446_accel_adxl375.csv@935931983;0.0;0.0;0.044
@20260609_103407_446_accel_adxl375.csv@935991259;0.0;0.0;0.034
@20260609_103407_446_accel_adxl375.csv@936038108;0.0;0.0;-0.043
@20260609_103407_446_accel_adxl375.csv@936091303;0.0;0.0;-0.036
@20260609_103407_446_accel_adxl375.csv@936151294;0.0;0.0;-0.032
@20260609_103407_446_accel_adxl375.csv@936203570;0.0;0.0;0.018
@20260609_103407_446_accel_adxl375.csv@936252059;0.0;0.0;-0.043
@20260609_103407_446_accel_adxl375.csv@936301932;0.0;0.0;0.013
@20260609_103407_446_accel_adxl375.csv@936351948;0.0;0.0;-0.009
@20260609_103407_446_accel_adxl375.csv@936401956;0.0;0.0;0.002
@20260609_103407_446_accel_adxl375.csv@936452065;0.0;0.0;-0.042
@20260609_103407_446_accel_adxl375.csv@936502498;0.0;0.0;-0.021
@20260609_103407_446_accel_adxl375.csv@936551936;0.0;0.0;0.029
@20260609_103407_446_accel_adxl375.csv@936601953;0.0;0.0;-0.034
@20260609_103407_446_accel_adxl375.csv@936661448;0.0;0.0;0.025
@20260609_103407_446_accel_adxl375.csv@936713540;0.0;0.0;-0.015
@20260609_103407_446_accel_adxl375.csv@936771316;0.0;0.0;0.034
@20260609_103407_446_accel_adxl375.csv@936824029;0.0;0.0;-0.025
@20260609_103407_446_accel_adxl375.csv@936881441;0.0;0.0;0.056
@20260609_103407_446_accel_adxl375.csv@936932485;0.0;0.0;-0.033
@20260609_103407_446_accel_adxl375.csv@936991343;0.0;0.0;0.05
@20260609_103407_446_accel_adxl375.csv@937137622;0.0;0.0;0.057
@20260609_103407_446_accel_adxl375.csv@937191577;0.0;0.0;1.011
@20260609_103407_446_accel_adxl375.csv@937243066;0.0;0.0;1.067
@20260609_103407_446_accel_adxl375.csv@937301674;0.0;0.0;1.001
@20260609_103407_446_accel_adxl375.csv@937354811;0.0;0.0;1.058
@20260609_103407_446_accel_adxl375.csv@937411489;0.0;0.0;0.911
@20260609_103407_446_accel_adxl375.csv@937464940;0.0;0.0;0.983
@20260609_103407_446_accel_adxl375.csv@937521713;0.0;0.0;0.909
@20260609_103407_446_accel_adxl375.csv@937573253;0.0;0.0;1.027
@20260609_103407_446_accel_adxl375.csv@937631550;0.0;0.0;1.048
@20260609_103407_446_accel_adxl375.csv@937683609;0.0;0.0;0.992
@20260609_103407_446_accel_adxl375.csv@937741717;0.0;0.0;1.064
@20260609_103407_446_accel_adxl375.csv@937793717;0.0;0.0;0.934
@20260609_103407_446_accel_adxl375.csv@937851461;0.0;0.0;1.025
@20260609_103407_446_accel_adxl375.csv@937903595;0.0;0.0;1.041
@20260609_103407_446_accel_adxl375.csv@937961700;0.0;0.0;0.956
@20260609_103407_446_accel_adxl375.csv@938013571;0.0;0.0;0.995
@20260609_103407_446_accel_adxl375.csv@938071491;0.0;0.0;0.954
@20260609_103407_446_accel_adxl375.csv@938131507;0.0;0.0;1.102
@20260609_103407_446_accel_adxl375.csv@938181694;0.0;0.0;0.934
@20260609_103407_446_accel_adxl375.csv@938231446;0.0;0.0;1.033
@20260609_103407_446_accel_adxl375.csv@938291501;0.0;0.0;0.998
@20260609_103407_446_accel_adxl375.csv@938343567;0.0;0.0;1.021
@20260609_103407_446_accel_adxl375.csv@938401708;0.0;0.0;1.014
@20260609_103407_446_accel_adxl375.csv@938453589;0.0;0.0;1.008
@20260609_103407_446_accel_adxl375.csv@938511554;0.0;0.0;1.104
@20260609_103407_446_accel_adxl375.csv@938563838;0.0;0.0;0.973
@20260609_103407_446_accel_adxl375.csv@938621704;0.0;0.0;1.041
@20260609_103407_446_accel_adxl375.csv@938673742;0.0;0.0;0.921
@20260609_103407_446_accel_adxl375.csv@938731486;0.0;0.0;0.952
@20260609_103407_446_accel_adxl375.csv@938783690;0.0;0.0;0.974
@20260609_103407_446_accel_adxl375.csv@938841672;0.0;0.0;0.983
@20260609_103407_446_accel_adxl375.csv@938893537;0.0;0.0;0.988
@20260609_103407_446_accel_adxl375.csv@938951489;0.0;0.0;1.041
@20260609_103407_446_accel_adxl375.csv@939003614;0.0;0.0;0.964
@20260609_103407_446_accel_adxl375.csv@939061691;0.0;0.0;1.096
@20260609_103407_446_accel_adxl375.csv@939113480;0.0;0.0;1.036
@20260609_103407_446_accel_adxl375.csv@939168274;0.0;0.0;1.062
@20260609_103407_446_accel_adxl375.csv@939221688;0.0;0.0;0.961
@20260609_103407_446_accel_adxl375.csv@939281686;0.0;0.0;0.972
@20260609_103407_446_accel_adxl375.csv@939333327;0.0;0.0;1.024
@20260609_103407_446_accel_adxl375.csv@939391560;0.0;0.0;1.093
@20260609_103407_446_accel_adxl375.csv@939443133;0.0;0.0;1.094
@20260609_103407_446_accel_adxl375.csv@939501678;0.0;0.0;0.966
@20260609_103407_446_accel_adxl375.csv@939553368;0.0;0.0;1.057
@20260609_103407_446_accel_adxl375.csv@939611493;0.0;0.0;1.008
@20260609_103407_446_accel_adxl375.csv@939663257;0.0;0.0;1.01
@20260609_103407_446_accel_adxl375.csv@939721681;0.0;0.0;1.044
@20260609_103407_446_accel_adxl375.csv@939773450;0.0;0.0;0.974
@20260609_103407_446_accel_adxl375.csv@939831522;0.0;0.0;1.046
@20260609_103407_446_accel_adxl375.csv@939883096;0.0;0.0;0.957
@20260609_103407_446_accel_adxl375.csv@939941712;0.0;0.0;0.983
@20260609_103407_446_accel_adxl375.csv@939993432;0.0;0.0;0.96
@20260609_103407_446_accel_adxl375.csv@940051526;0.0;0.0;0.915
@20260609_103407_446_accel_adxl375.csv@940103058;0.0;0.0;1.035
@20260609_103407_446_accel_adxl375.csv@940161719;0.0;0.0;0.938
@20260609_103407_446_accel_adxl375.csv@940244262;0.0;0.0;1.093
@20260609_103407_446_accel_adxl375.csv@940301707;0.0;0.0;0.937
@20260609_103407_446_accel_adxl375.csv@940361719;0.0;0.0;1.067
@20260609_103407_446_accel_adxl375.csv@940421673;0.0;0.0;1.033
@20260609_103407_446_accel_adxl375.csv@940481662;0.0;0.0;0.935
@20260609_103407_446_accel_adxl375.csv@940541688;0.0;0.0;1.054
@20260609_103407_446_accel_adxl375.csv@940593993;0.0;0.0;1.035
@20260609_103407_446_accel_adxl375.csv@940651488;0.0;0.0;0.957
@20260609_103407_446_accel_adxl375.csv@940704261;0.0;0.0;0.965
@20260609_103407_446_accel_adxl375.csv@940761716;0.0;0.0;1.0
@20260609_103407_446_accel_adxl375.csv@940812344;0.0;0.0;1.026
@20260609_103407_446_accel_adxl375.csv@940871517;0.0;0.0;1.029
@20260609_103407_446_accel_adxl375.csv@940931551;0.0;0.0;0.94
@20260609_103407_446_accel_adxl375.csv@940991551;0.0;0.0;0.948
@20260609_103407_446_accel_adxl375.csv@941041703;0.0;0.0;1.1
@20260609_103407_446_accel_adxl375.csv@941101726;0.0;0.0;1.084
@20260609_103407_446_accel_adxl375.csv@941151448;0.0;0.0;0.996
@20260609_103407_446_accel_adxl375.csv@941211512;0.0;0.0;0.922
@20260609_103407_446_accel_adxl375.csv@941263512;0.0;0.0;1.108
@20260609_103407_446_accel_adxl375.csv@941321669;0.0;0.0;1.03
@20260609_103407_446_accel_adxl375.csv@941381728;0.0;0.0;1.09
@20260609_103407_446_accel_adxl375.csv@941434685;0.0;0.0;0.958
@20260609_103407_446_accel_adxl375.csv@941491539;0.0;0.0;0.966
@20260609_103407_446_accel_adxl375.csv@941544644;0.0;0.0;1.111
@20260609_103407_446_accel_adxl375.csv@941601694;0.0;0.0;0.968
@20260609_103407_446_accel_adxl375.csv@941653141;0.0;0.0;1.051
@20260609_103407_446_accel_adxl375.csv@941711493;0.0;0.0;1.054
@20260609_103407_446_accel_adxl375.csv@941763138;0.0;0.0;1.022
@20260609_103407_446_accel_adxl375.csv@941821659;0.0;0.0;0.953
@20260609_103407_446_accel_adxl375.csv@941873589;0.0;0.0;1.082
@20260609_103407_446_accel_adxl375.csv@941931517;0.0;0.0;0.982
@20260609_103407_446_accel_adxl375.csv@941983154;0.0;0.0;0.915
@20260609_103407_446_accel_adxl375.csv@942032357;0.0;0.0;0.953
@20260609_103407_446_accel_adxl375.csv@942091561;0.0;0.0;0.984
@20260609_103407_446_accel_adxl375.csv@942151489;0.0;0.0;0.956
@20260609_103407_446_accel_adxl375.csv@942201729;0.0;0.0;1.101
@20260609_103407_446_accel_adxl375.csv@942261699;0.0;0.0;0.99
@20260609_103407_446_accel_adxl375.csv@942321692;0.0;0.0;1.003
@20260609_103407_446_accel_adxl375.csv@942381683;0.0;0.0;0.977
@20260609_103407_446_accel_adxl375.csv@942441686;0.0;0.0;0.932
@20260609_103407_446_accel_adxl375.csv@942495110;0.0;0.0;0.923
@20260609_103407_446_accel_adxl375.csv@942551449;0.0;0.0;1.042
@20260609_103407_446_accel_adxl375.csv@942604839;0.0;0.0;0.919
@20260609_103407_446_accel_adxl375.csv@942661637;0.0;0.0;1.036
@20260609_103407_446_accel_adxl375.csv@942721759;0.0;0.0;1.045
@20260609_103407_446_accel_adxl375.csv@942772329;0.0;0.0;1.04
@20260609_103407_446_accel_adxl375.csv@942831542;0.0;0.0;1.048
@20260609_103407_446_accel_adxl375.csv@942891517;0.0;0.0;1.051
@20260609_103407_446_accel_adxl375.csv@942941658;0.0;0.0;0.939
@20260609_103407_446_accel_adxl375.csv@942992303;0.0;0.0;1.065
@20260609_103407_446_accel_adxl375.csv@943051562;0.0;0.0;1.063
@20260609_103407_446_accel_adxl375.csv@943111506;0.0;0.0;0.938
@20260609_103407_446_accel_adxl375.csv@943171492;0.0;0.0;1.099
@20260609_103407_446_accel_adxl375.csv@943233078;0.0;0.0;1.069
@20260609_103407_446_accel_adxl375.csv@943299478;0.0;0.0;1.045
@20260609_103407_446_accel_adxl375.csv@943351560;0.0;0.0;1.055
@20260609_103407_446_accel_adxl375.csv@943403281;0.0;0.0;1.033
@20260609_103407_446_accel_adxl375.csv@943461745;0.0;0.0;1.108
@20260609_103407_446_accel_adxl375.csv@943513491;0.0;0.0;1.04
@20260609_103407_446_accel_adxl375.csv@943571537;0.0;0.0;1.062
@20260609_103407_446_accel_adxl375.csv@943623342;0.0;0.0;0.961
@20260609_103407_446_accel_adxl375.csv@943681707;0.0;0.0;1.062
@20260609_103407_446_accel_adxl375.csv@943733083;0.0;0.0;0.954
@20260609_103407_446_accel_adxl375.csv@943791542;0.0;0.0;1.075
@20260609_103407_446_accel_adxl375.csv@943843289;0.0;0.0;1.005
@20260609_103407_446_accel_adxl375.csv@943901687;0.0;0.0;1.042
@20260609_103407_446_accel_adxl375.csv@943953063;0.0;0.0;0.934
@20260609_103407_446_accel_adxl375.csv@944011483;0.0;0.0;1.033
@20260609_103407_446_accel_adxl375.csv@944064694;0.0;0.0;1.016
@20260609_103407_446_accel_adxl375.csv@944121725;0.0;0.0;0.965
@20260609_103407_446_accel_adxl375.csv@944174977;0.0;0.0;1.006
@20260609_103407_446_accel_adxl375.csv@944231497;0.0;0.0;0.925
@20260609_103407_446_accel_adxl375.csv@944283306;0.0;0.0;1.019
@20260609_103407_446_accel_adxl375.csv@944371330;0.0;0.0;0.957
@20260609_103407_446_accel_adxl375.csv@944431474;0.0;0.0;0.957
@20260609_103407_446_accel_adxl375.csv@944484224;0.0;0.0;0.916
@20260609_103407_446_accel_adxl375.csv@944541736;0.0;0.0;0.957
@20260609_103407_446_accel_adxl375.csv@944594831;0.0;0.0;0.97
@20260609_103407_446_accel_adxl375.csv@944651507;0.0;0.0;0.951
@20260609_103407_446_accel_adxl375.csv@944704775;0.0;0.0;0.929
@20260609_103407_446_accel_adxl375.csv@944761677;0.0;0.0;1.03
@20260609_103407_446_accel_adxl375.csv@944814668;0.0;0.0;0.958
@20260609_103407_446_accel_adxl375.csv@944871521;0.0;0.0;0.982
@20260609_103407_446_accel_adxl375.csv@944923314;0.0;0.0;1.003
@20260609_103407_446_accel_adxl375.csv@944981681;0.0;0.0;1.087
@20260609_103407_446_accel_adxl375.csv@945033111;0.0;0.0;1.049
@20260609_103407_446_accel_adxl375.csv@945091520;0.0;0.0;1.096
@20260609_103407_446_accel_adxl375.csv@945143168;0.0;0.0;0.961
@20260609_103407_446_accel_adxl375.csv@945201722;0.0;0.0;0.984
@20260609_103407_446_accel_adxl375.csv@945253141;0.0;0.0;0.93
@20260609_103407_446_accel_adxl375.csv@945311475;0.0;0.0;0.949
@20260609_103407_446_accel_adxl375.csv@945363110;0.0;0.0;1.026
@20260609_103407_446_accel_adxl375.csv@945412794;0.0;0.0;1.041
@20260609_103407_446_accel_adxl375.csv@945471570;0.0;0.0;0.99
@20260609_103407_446_accel_adxl375.csv@945531499;0.0;0.0;1.021
@20260609_103407_446_accel_adxl375.csv@945591477;0.0;0.0;0.978
@20260609_103407_446_accel_adxl375.csv@945651480;0.0;0.0;1.083
@20260609_103407_446_accel_adxl375.csv@945711474;0.0;0.0;1.108
@20260609_103407_446_accel_adxl375.csv@945773197;0.0;0.0;1.057
@20260609_103407_446_accel_adxl375.csv@945831496;0.0;0.0;0.987
@20260609_103407_446_accel_adxl375.csv@945891518;0.0;0.0;1.111
@20260609_103407_446_accel_adxl375.csv@945951498;0.0;0.0;0.973
@20260609_103407_446_accel_adxl375.csv@946011707;0.0;0.0;0.935
@20260609_103407_446_accel_adxl375.csv@946071526;0.0;0.0;0.996
@20260609_103407_446_accel_adxl375.csv@946131459;0.0;0.0;0.981
@20260609_103407_446_accel_adxl375.csv@946193183;0.0;0.0;0.932
@20260609_103407_446_accel_adxl375.csv@946251498;0.0;0.0;1.094
@20260609_103407_446_accel_adxl375.csv@946311522;0.0;0.0;0.966
@20260609_103407_446_accel_adxl375.csv@946371488;0.0;0.0;0.979
@20260609_103407_446_accel_adxl375.csv@946432527;0.0;0.0;1.09
@20260609_103407_446_accel_adxl375.csv@946491513;0.0;0.0;1.094
@20260609_103407_446_accel_adxl375.csv@946541702;0.0;0.0;0.993
@20260609_103407_446_accel_adxl375.csv@946601719;0.0;0.0;1.05
@20260609_103407_446_accel_adxl375.csv@946651474;0.0;0.0;1.001
@20260609_103407_446_accel_adxl375.csv@946711476;0.0;0.0;1.098
@20260609_103407_446_accel_adxl375.csv@946761656;0.0;0.0;1.012
@20260609_103407_446_accel_adxl375.csv@946821664;0.0;0.0;1.059
@20260609_103407_446_accel_adxl375.csv@946881699;0.0;0.0;1.082
@20260609_103407_446_accel_adxl375.csv@946943340;0.0;0.0;0.972
@20260609_103407_446_accel_adxl375.csv@946992313;0.0;0.0;0.917
@20260609_103407_446_accel_adxl375.csv@947044013;0.0;0.0;1.073
@20260609_103407_446_accel_adxl375.csv@947092236;0.0;0.0;0.922
@20260609_103407_446_accel_adxl375.csv@947153172;0.0;0.0;1.007
@20260609_103407_446_accel_adxl375.csv@947211496;0.0;0.0;0.97
@20260609_103407_446_accel_adxl375.csv@947271525;0.0;0.0;1.025
@20260609_103407_446_accel_adxl375.csv@947331481;0.0;0.0;0.977
@20260609_103407_446_accel_adxl375.csv@947391709;0.0;0.0;1.094
@20260609_103407_446_accel_adxl375.csv@947451519;0.0;0.0;1.067
@20260609_103407_446_accel_adxl375.csv@947511503;0.0;0.0;1.106
@20260609_103407_446_accel_adxl375.csv@947573190;0.0;0.0;1.027
@20260609_103407_446_accel_adxl375.csv@947631507;0.0;0.0;1.013
@20260609_103407_446_accel_adxl375.csv@947691524;0.0;0.0;0.917
@20260609_103407_446_accel_adxl375.csv@947751494;0.0;0.0;1.015
@20260609_103407_446_accel_adxl375.csv@947811487;0.0;0.0;0.918
@20260609_103407_446_accel_adxl375.csv@947871470;0.0;0.0;0.964
@20260609_103407_446_accel_adxl375.csv@947931480;0.0;0.0;1.02
@20260609_103407_446_accel_adxl375.csv@947993112;0.0;0.0;1.074
@20260609_103407_446_accel_adxl375.csv@948051484;0.0;0.0;0.964
@20260609_103407_446_accel_adxl375.csv@948111511;0.0;0.0;0.915
@20260609_103407_446_accel_adxl375.csv@948171531;0.0;0.0;0.964
@20260609_103407_446_accel_adxl375.csv@948231658;0.0;0.0;1.057
@20260609_103407_446_accel_adxl375.csv@948291506;0.0;0.0;1.029
@20260609_103407_446_accel_adxl375.csv@948351468;0.0;0.0;0.958
@20260609_103407_446_accel_adxl375.csv@948413148;0.0;0.0;1.079
@20260609_103407_446_accel_adxl375.csv@948472333;0.0;0.0;1.024
@20260609_103407_446_accel_adxl375.csv@948531558;0.0;0.0;0.953
@20260609_103407_446_accel_adxl375.csv@948591525;0.0;0.0;0.979
@20260609_103407_446_accel_adxl375.csv@948651530;0.0;0.0;0.951
@20260609_103407_446_accel_adxl375.csv@948711484;0.0;0.0;0.999
@20260609_103407_446_accel_adxl375.csv@948763322;0.0;0.0;0.92
@20260609_103407_446_accel_adxl375.csv@948821659;0.0;0.0;1.062
@20260609_103407_446_accel_adxl375.csv@948873357;0.0;0.0;1.064
@20260609_103407_446_accel_adxl375.csv@948931498;0.0;0.0;1.066
@20260609_103407_446_accel_adxl375.csv@948983283;0.0;0.0;0.942
@20260609_103407_446_accel_adxl375.csv@949041739;0.0;0.0;0.964
@20260609_103407_446_accel_adxl375.csv@949093360;0.0;0.0;1.078
@20260609_103407_446_accel_adxl375.csv@949151493;0.0;0.0;1.048
@20260609_103407_446_accel_adxl375.csv@949203349;0.0;0.0;1.063
@20260609_103407_446_accel_adxl375.csv@949261646;0.0;0.0;0.953
@20260609_103407_446_accel_adxl375.csv@949313332;0.0;0.0;0.961
@20260609_103407_446_accel_adxl375.csv@949371509;0.0;0.0;0.927
@20260609_103407_446_accel_adxl375.csv@949423357;0.0;0.0;1.104
@20260609_103407_446_accel_adxl375.csv@949474777;0.0;0.0;0.996
@20260609_103407_446_accel_adxl375.csv@949531469;0.0;0.0;0.979
@20260609_103407_446_accel_adxl375.csv@949584392;0.0;0.0;0.989
@20260609_103407_446_accel_adxl375.csv@949641673;0.0;0.0;1.046
@20260609_103407_446_accel_adxl375.csv@949694406;0.0;0.0;0.915
@20260609_103407_446_accel_adxl375.csv@949751554;0.0;0.0;1.05
@20260609_103407_446_accel_adxl375.csv@949811495;0.0;0.0;1.087
@20260609_103407_446_accel_adxl375.csv@949863311;0.0;0.0;1.087
@20260609_103407_446_accel_adxl375.csv@949921689;0.0;0.0;1.018
@20260609_103407_446_accel_adxl375.csv@949973278;0.0;0.0;1.095
@20260609_103407_446_accel_adxl375.csv@950031521;0.0;0.0;1.058
@20260609_103407_446_accel_adxl375.csv@950083130;0.0;0.0;0.966
@20260609_103407_446_accel_adxl375.csv@950141679;0.0;0.0;1.071
@20260609_103407_446_accel_adxl375.csv@950193346;0.0;0.0;0.966
@20260609_103407_446_accel_adxl375.csv@950251471;0.0;0.0;0.948
@20260609_103407_446_accel_adxl375.csv@950303345;0.0;0.0;0.98
@20260609_103407_446_accel_adxl375.csv@950361658;0.0;0.0;1.105
@20260609_103407_446_accel_adxl375.csv@950413365;0.0;0.0;1.09
@20260609_103407_446_accel_adxl375.csv@950471477;0.0;0.0;1.097
@20260609_103407_446_accel_adxl375.csv@950521797;0.0;0.0;0.915
@20260609_103407_446_accel_adxl375.csv@950581714;0.0;0.0;0.99
@20260609_103407_446_accel_adxl375.csv@950634578;0.0;0.0;1.006
@20260609_103407_446_accel_adxl375.csv@950691464;0.0;0.0;0.947
@20260609_103407_446_accel_adxl375.csv@950745652;0.0;0.0;1.071
@20260609_103407_446_accel_adxl375.csv@950801692;0.0;0.0;1.038
@20260609_103407_446_accel_adxl375.csv@950854637;0.0;0.0;0.911
@20260609_103407_446_accel_adxl375.csv@950911556;0.0;0.0;1.084
@20260609_103407_446_accel_adxl375.csv@950963306;0.0;0.0;1.11
@20260609_103407_446_accel_adxl375.csv@951021729;0.0;0.0;1.028
@20260609_103407_446_accel_adxl375.csv@951073361;0.0;0.0;1.091
@20260609_103407_446_accel_adxl375.csv@951131496;0.0;0.0;0.987
@20260609_103407_446_accel_adxl375.csv@951183151;0.0;0.0;0.958
@20260609_103407_446_accel_adxl375.csv@951241684;0.0;0.0;0.983
@20260609_103407_446_accel_adxl375.csv@951293117;0.0;0.0;0.919
@20260609_103407_446_accel_adxl375.csv@951351525;0.0;0.0;0.97
@20260609_103407_446_accel_adxl375.csv@951403118;0.0;0.0;0.936
@20260609_103407_446_accel_adxl375.csv@951461667;0.0;0.0;1.073
@20260609_103407_446_accel_adxl375.csv@951530680;0.0;0.0;0.964
@20260609_103407_446_accel_adxl375.csv@951591484;0.0;0.0;0.916
@20260609_103407_446_accel_adxl375.csv@951643394;0.0;0.0;0.961
@20260609_103407_446_accel_adxl375.csv@951701704;0.0;0.0;0.928
@20260609_103407_446_accel_adxl375.csv@951753499;0.0;0.0;0.948
@20260609_103407_446_accel_adxl375.csv@951811493;0.0;0.0;1.106
@20260609_103407_446_accel_adxl375.csv@951863422;0.0;0.0;0.986
@20260609_103407_446_accel_adxl375.csv@951921681;0.0;0.0;1.052
@20260609_103407_446_accel_adxl375.csv@951973370;0.0;0.0;0.928
@20260609_103407_446_accel_adxl375.csv@952031456;0.0;0.0;0.943
@20260609_103407_446_accel_adxl375.csv@952083535;0.0;0.0;0.922
@20260609_103407_446_accel_adxl375.csv@952141662;0.0;0.0;1.055
@20260609_103407_446_accel_adxl375.csv@952193464;0.0;0.0;1.097
@20260609_103407_446_accel_adxl375.csv@952251517;0.0;0.0;0.929
@20260609_103407_446_accel_adxl375.csv@952303417;0.0;0.0;1.104
@20260609_103407_446_accel_adxl375.csv@952361754;0.0;0.0;0.915
@20260609_103407_446_accel_adxl375.csv@952413304;0.0;0.0;0.995
@20260609_103407_446_accel_adxl375.csv@952471490;0.0;0.0;0.984
@20260609_103407_446_accel_adxl375.csv@952523422;0.0;0.0;0.919
@20260609_103407_446_accel_adxl375.csv@952564554;0.0;0.0;1.068
@20260609_103407_446_accel_adxl375.csv@952621686;0.0;0.0;0.938
@20260609_103407_446_accel_adxl375.csv@952681727;0.0;0.0;0.998
@20260609_103407_446_accel_adxl375.csv@952733495;0.0;0.0;1.031
@20260609_103407_446_accel_adxl375.csv@952791541;0.0;0.0;0.934
@20260609_103407_446_accel_adxl375.csv@952843465;0.0;0.0;0.925
@20260609_103407_446_accel_adxl375.csv@952901706;0.0;0.0;0.967
@20260609_103407_446_accel_adxl375.csv@952953347;0.0;0.0;0.987
@20260609_103407_446_accel_adxl375.csv@953011538;0.0;0.0;0.918
@20260609_103407_446_accel_adxl375.csv@953063764;0.0;0.0;0.984
@20260609_103407_446_accel_adxl375.csv@953121704;0.0;0.0;1.031
@20260609_103407_446_accel_adxl375.csv@953173557;0.0;0.0;1.107
@20260609_103407_446_accel_adxl375.csv@953231540;0.0;0.0;0.978
@20260609_103407_446_accel_adxl375.csv@953283486;0.0;0.0;1.01
@20260609_103407_446_accel_adxl375.csv@953341693;0.0;0.0;1.111
@20260609_103407_446_accel_adxl375.csv@953393420;0.0;0.0;0.945
@20260609_103407_446_accel_adxl375.csv@953451522;0.0;0.0;0.913
@20260609_103407_446_accel_adxl375.csv@953503445;0.0;0.0;1.107
@20260609_103407_446_accel_adxl375.csv@953561714;0.0;0.0;1.011
@20260609_103407_446_accel_adxl375.csv@953605559;0.0;0.0;1.043
@20260609_103407_446_accel_adxl375.csv@953661719;0.0;0.0;0.972
@20260609_103407_446_accel_adxl375.csv@953713456;0.0;0.0;1.051
@20260609_103407_446_accel_adxl375.csv@953771559;0.0;0.0;0.982
@20260609_103407_446_accel_adxl375.csv@953823404;0.0;0.0;0.922
@20260609_103407_446_accel_adxl375.csv@953881718;0.0;0.0;0.993
@20260609_103407_446_accel_adxl375.csv@953933395;0.0;0.0;1.104
@20260609_103407_446_accel_adxl375.csv@953991508;0.0;0.0;1.106
@20260609_103407_446_accel_adxl375.csv@954043463;0.0;0.0;1.044
@20260609_103407_446_accel_adxl375.csv@954101713;0.0;0.0;1.083
@20260609_103407_446_accel_adxl375.csv@954153426;0.0;0.0;1.041
@20260609_103407_446_accel_adxl375.csv@954211567;0.0;0.0;1.109
@20260609_103407_446_accel_adxl375.csv@954263424;0.0;0.0;1.002
@20260609_103407_446_accel_adxl375.csv@954321754;0.0;0.0;1.016
@20260609_103407_446_accel_adxl375.csv@954373350;0.0;0.0;1.06
@20260609_103407_446_accel_adxl375.csv@954431510;0.0;0.0;1.106
@20260609_103407_446_accel_adxl375.csv@954483434;0.0;0.0;1.038
@20260609_103407_446_accel_adxl375.csv@954541705;0.0;0.0;0.925
@20260609_103407_446_accel_adxl375.csv@954593495;0.0;0.0;1.081
@20260609_103407_446_accel_adxl375.csv@954634197;0.0;0.0;1.049
@20260609_103407_446_accel_adxl375.csv@954691559;0.0;0.0;0.953
@20260609_103407_446_accel_adxl375.csv@954751498;0.0;0.0;0.981
@20260609_103407_446_accel_adxl375.csv@954803430;0.0;0.0;1.103
@20260609_103407_446_accel_adxl375.csv@954861724;0.0;0.0;1.058
@20260609_103407_446_accel_adxl375.csv@954913500;0.0;0.0;1.068
@20260609_103407_446_accel_adxl375.csv@954971497;0.0;0.0;1.019
@20260609_103407_446_accel_adxl375.csv@955023437;0.0;0.0;0.982
@20260609_103407_446_accel_adxl375.csv@955081718;0.0;0.0;0.913
@20260609_103407_446_accel_adxl375.csv@955133706;0.0;0.0;1.092
@20260609_103407_446_accel_adxl375.csv@955191502;0.0;0.0;0.937
@20260609_103407_446_accel_adxl375.csv@955243658;0.0;0.0;0.953
@20260609_103407_446_accel_adxl375.csv@955301702;0.0;0.0;0.982
@20260609_103407_446_accel_adxl375.csv@955353385;0.0;0.0;0.938
@20260609_103407_446_accel_adxl375.csv@955411465;0.0;0.0;0.993
@20260609_103407_446_accel_adxl375.csv@955463485;0.0;0.0;1.024
@20260609_103407_446_accel_adxl375.csv@955521668;0.0;0.0;0.983
@20260609_103407_446_accel_adxl375.csv@955573457;0.0;0.0;0.969
@20260609_103407_446_accel_adxl375.csv@955631485;0.0;0.0;1.059
@20260609_103407_446_accel_adxl375.csv@955677637;0.0;0.0;1.089
@20260609_103407_446_accel_adxl375.csv@955731564;0.0;0.0;1.017
@20260609_103407_446_accel_adxl375.csv@955791496;0.0;0.0;1.083
@20260609_103407_446_accel_adxl375.csv@955843981;0.0;0.0;1.088
@20260609_103407_446_accel_adxl375.csv@955901667;0.0;0.0;1.013
@20260609_103407_446_accel_adxl375.csv@955954531;0.0;0.0;0.95
@20260609_103407_446_accel_adxl375.csv@956011528;0.0;0.0;0.983
@20260609_103407_446_accel_adxl375.csv@956071540;0.0;0.0;0.959
@20260609_103407_446_accel_adxl375.csv@956123489;0.0;0.0;0.97
@20260609_103407_446_accel_adxl375.csv@956181745;0.0;0.0;1.004
@20260609_103407_446_accel_adxl375.csv@956233427;0.0;0.0;1.025
@20260609_103407_446_accel_adxl375.csv@956291560;0.0;0.0;1.04
@20260609_103407_446_accel_adxl375.csv@956343409;0.0;0.0;0.991
@20260609_103407_446_accel_adxl375.csv@956401687;0.0;0.0;0.919
@20260609_103407_446_accel_adxl375.csv@956453403;0.0;0.0;0.944
@20260609_103407_446_accel_adxl375.csv@956511497;0.0;0.0;1.044
@20260609_103407_446_accel_adxl375.csv@956563820;0.0;0.0;1.041
@20260609_103407_446_accel_adxl375.csv@956621665;0.0;0.0;1.038
@20260609_103407_446_accel_adxl375.csv@956707395;0.0;0.0;1.058
@20260609_103407_446_accel_adxl375.csv@956761751;0.0;0.0;0.946
@20260609_103407_446_accel_adxl375.csv@956815122;0.0;0.0;0.991
@20260609_103407_446_accel_adxl375.csv@956871538;0.0;0.0;1.107
@20260609_103407_446_accel_adxl375.csv@956925062;0.0;0.0;1.094
@20260609_103407_446_accel_adxl375.csv@956981791;0.0;0.0;1.014
@20260609_103407_446_accel_adxl375.csv@957035014;0.0;0.0;1.037
@20260609_103407_446_accel_adxl375.csv@957091539;0.0;0.0;1.021
@20260609_103407_446_accel_adxl375.csv@957143378;0.0;0.0;0.959
@20260609_103407_446_accel_adxl375.csv@957201692;0.0;0.0;1.093
@20260609_103407_446_accel_adxl375.csv@957253210;0.0;0.0;1.083
@20260609_103407_446_accel_adxl375.csv@957311472;0.0;0.0;1.045
@20260609_103407_446_accel_adxl375.csv@957363122;0.0;0.0;1.054
@20260609_103407_446_accel_adxl375.csv@957421702;0.0;0.0;0.955
@20260609_103407_446_accel_adxl375.csv@957473183;0.0;0.0;1.01
@20260609_103407_446_accel_adxl375.csv@957531486;0.0;0.0;1.048
@20260609_103407_446_accel_adxl375.csv@957583442;0.0;0.0;0.983
@20260609_103407_446_accel_adxl375.csv@957641683;0.0;0.0;1.039
@20260609_103407_446_accel_adxl375.csv@957693143;0.0;0.0;0.966
@20260609_103407_446_accel_adxl375.csv@957746766;0.0;0.0;0.92
@20260609_103407_446_accel_adxl375.csv@957801763;0.0;0.0;0.939
@20260609_103407_446_accel_adxl375.csv@957861699;0.0;0.0;0.986
@20260609_103407_446_accel_adxl375.csv@957911488;0.0;0.0;0.962
@20260609_103407_446_accel_adxl375.csv@957971506;0.0;0.0;0.961
@20260609_103407_446_accel_adxl375.csv@958021678;0.0;0.0;1.104
@20260609_103407_446_accel_adxl375.csv@958061913;0.0;0.0;0.981
@20260609_103407_446_accel_adxl375.csv@958121832;0.0;0.0;0.964
@20260609_103407_446_accel_adxl375.csv@958181712;0.0;0.0;1.026
@20260609_103407_446_accel_adxl375.csv@958231556;0.0;0.0;1.013
@20260609_103407_446_accel_adxl375.csv@958291544;0.0;0.0;1.024
@20260609_103407_446_accel_adxl375.csv@958341813;0.0;0.0;0.918
@20260609_103407_446_accel_adxl375.csv@958401738;0.0;0.0;1.078
@20260609_103407_446_accel_adxl375.csv@958461734;0.0;0.0;0.982
@20260609_103407_446_accel_adxl375.csv@958511553;0.0;0.0;1.086
@20260609_103407_446_accel_adxl375.csv@958571534;0.0;0.0;0.979
@20260609_103407_446_accel_adxl375.csv@958621681;0.0;0.0;0.929
@20260609_103407_446_accel_adxl375.csv@958681733;0.0;0.0;0.961
@20260609_103407_446_accel_adxl375.csv@958734062;0.0;0.0;1.059
@20260609_103407_446_accel_adxl375.csv@958815537;0.0;0.0;0.972
@20260609_103407_446_accel_adxl375.csv@958871488;0.0;0.0;1.079
@20260609_103407_446_accel_adxl375.csv@958923123;0.0;0.0;0.967
@20260609_103407_446_accel_adxl375.csv@958981731;0.0;0.0;0.944
@20260609_103407_446_accel_adxl375.csv@959033389;0.0;0.0;0.987
@20260609_103407_446_accel_adxl375.csv@959091494;0.0;0.0;1.088
@20260609_103407_446_accel_adxl375.csv@959143104;0.0;0.0;0.917
@20260609_103407_446_accel_adxl375.csv@959201739;0.0;0.0;0.993
@20260609_103407_446_accel_adxl375.csv@959254789;0.0;0.0;1.003
@20260609_103407_446_accel_adxl375.csv@959311580;0.0;0.0;1.105
@20260609_103407_446_accel_adxl375.csv@959364680;0.0;0.0;1.059
@20260609_103407_446_accel_adxl375.csv@959421726;0.0;0.0;0.986
@20260609_103407_446_accel_adxl375.csv@959473319;0.0;0.0;0.954
@20260609_103407_446_accel_adxl375.csv@959531534;0.0;0.0;0.932
@20260609_103407_446_accel_adxl375.csv@959583371;0.0;0.0;0.96
@20260609_103407_446_accel_adxl375.csv@959641752;0.0;0.0;0.915
@20260609_103407_446_accel_adxl375.csv@959693158;0.0;0.0;1.086
@20260609_103407_446_accel_adxl375.csv@959751515;0.0;0.0;1.024
@20260609_103407_446_accel_adxl375.csv@959803150;0.0;0.0;1.046
@20260609_103407_446_accel_adxl375.csv@959874803;0.0;0.0;1.083
@20260609_103407_446_accel_adxl375.csv@959931514;0.0;0.0;0.96
@20260609_103407_446_accel_adxl375.csv@959991492;0.0;0.0;1.059
@20260609_103407_446_accel_adxl375.csv@960051478;0.0;0.0;0.917
@20260609_103407_446_accel_adxl375.csv@960104548;0.0;0.0;1.041
@20260609_103407_446_accel_adxl375.csv@960161709;0.0;0.0;1.026
@20260609_103407_446_accel_adxl375.csv@960215028;0.0;0.0;1.103
@20260609_103407_446_accel_adxl375.csv@960271530;0.0;0.0;1.065
@20260609_103407_446_accel_adxl375.csv@960323463;0.0;0.0;1.005
@20260609_103407_446_accel_adxl375.csv@960381714;0.0;0.0;0.978
@20260609_103407_446_accel_adxl375.csv@960433127;0.0;0.0;0.941
@20260609_103407_446_accel_adxl375.csv@960491494;0.0;0.0;0.968
@20260609_103407_446_accel_adxl375.csv@960543170;0.0;0.0;1.106
@20260609_103407_446_accel_adxl375.csv@960601673;0.0;0.0;1.038
@20260609_103407_446_accel_adxl375.csv@960653207;0.0;0.0;1.042
@20260609_103407_446_accel_adxl375.csv@960711522;0.0;0.0;0.936
@20260609_103407_446_accel_adxl375.csv@960771486;0.0;0.0;1.076
@20260609_103407_446_accel_adxl375.csv@960831515;0.0;0.0;1.038
@20260609_103407_446_accel_adxl375.csv@960934333;0.0;0.0;1.055
@20260609_103407_446_accel_adxl375.csv@960991502;0.0;0.0;1.081
@20260609_103407_446_accel_adxl375.csv@961051473;0.0;0.0;1.041
@20260609_103407_446_accel_adxl375.csv@961111513;0.0;0.0;0.947
@20260609_103407_446_accel_adxl375.csv@961164170;0.0;0.0;1.003
@20260609_103407_446_accel_adxl375.csv@961221670;0.0;0.0;0.961
@20260609_103407_446_accel_adxl375.csv@961274430;0.0;0.0;0.922
@20260609_103407_446_accel_adxl375.csv@961331570;0.0;0.0;0.924
@20260609_103407_446_accel_adxl375.csv@961391553;0.0;0.0;0.946
@20260609_103407_446_accel_adxl375.csv@961451512;0.0;0.0;1.01
@20260609_103407_446_accel_adxl375.csv@961511486;0.0;0.0;0.942
@20260609_103407_446_accel_adxl375.csv@961571521;0.0;0.0;0.918
@20260609_103407_446_accel_adxl375.csv@961623107;0.0;0.0;1.026
@20260609_103407_446_accel_adxl375.csv@961681671;0.0;0.0;0.928
@20260609_103407_446_accel_adxl375.csv@961733136;0.0;0.0;0.956
@20260609_103407_446_accel_adxl375.csv@961791488;0.0;0.0;1.037
@20260609_103407_446_accel_adxl375.csv@961843100;0.0;0.0;1.055
@20260609_103407_446_accel_adxl375.csv@961901671;0.0;0.0;0.975
@20260609_103407_446_accel_adxl375.csv@962000106;0.0;0.0;0.943
@20260609_103407_446_accel_adxl375.csv@962061716;0.0;0.0;0.935
@20260609_103407_446_accel_adxl375.csv@962114432;0.0;0.0;1.054
@20260609_103407_446_accel_adxl375.csv@962171526;0.0;0.0;1.044
@20260609_103407_446_accel_adxl375.csv@962224552;0.0;0.0;0.956
@20260609_103407_446_accel_adxl375.csv@962281714;0.0;0.0;0.982
@20260609_103407_446_accel_adxl375.csv@962334425;0.0;0.0;0.922
@20260609_103407_446_accel_adxl375.csv@962391495;0.0;0.0;1.093
@20260609_103407_446_accel_adxl375.csv@962451523;0.0;0.0;0.916
@20260609_103407_446_accel_adxl375.csv@962511536;0.0;0.0;1.103
@20260609_103407_446_accel_adxl375.csv@962561668;0.0;0.0;0.912
@20260609_103407_446_accel_adxl375.csv@962621723;0.0;0.0;1.081
@20260609_103407_446_accel_adxl375.csv@962671490;0.0;0.0;0.993
@20260609_103407_446_accel_adxl375.csv@962731494;0.0;0.0;1.037
@20260609_103407_446_accel_adxl375.csv@962781702;0.0;0.0;0.96
@20260609_103407_446_accel_adxl375.csv@962841734;0.0;0.0;1.06
@20260609_103407_446_accel_adxl375.csv@962901695;0.0;0.0;1.057
@20260609_103407_446_accel_adxl375.csv@962963317;0.0;0.0;1.063
@20260609_103407_446_accel_adxl375.csv@963058834;0.0;0.0;1.095
@20260609_103407_446_accel_adxl375.csv@963111557;0.0;0.0;1.072
@20260609_103407_446_accel_adxl375.csv@963171493;0.0;0.0;0.955
@20260609_103407_446_accel_adxl375.csv@963231552;0.0;0.0;0.944
@20260609_103407_446_accel_adxl375.csv@963285135;0.0;0.0;0.917
@20260609_103407_446_accel_adxl375.csv@963341793;0.0;0.0;0.917
@20260609_103407_446_accel_adxl375.csv@963395003;0.0;0.0;1.005
@20260609_103407_446_accel_adxl375.csv@963451536;0.0;0.0;1.108
@20260609_103407_446_accel_adxl375.csv@963503299;0.0;0.0;1.004
@20260609_103407_446_accel_adxl375.csv@963561687;0.0;0.0;0.911
@20260609_103407_446_accel_adxl375.csv@963613183;0.0;0.0;0.972
@20260609_103407_446_accel_adxl375.csv@963671521;0.0;0.0;0.935
@20260609_103407_446_accel_adxl375.csv@963723116;0.0;0.0;0.95
@20260609_103407_446_accel_adxl375.csv@963781693;0.0;0.0;1.012
@20260609_103407_446_accel_adxl375.csv@963833123;0.0;0.0;1.089
@20260609_103407_446_accel_adxl375.csv@963891526;0.0;0.0;0.985
@20260609_103407_446_accel_adxl375.csv@963943198;0.0;0.0;1.023
@20260609_103407_446_accel_adxl375.csv@964001675;0.0;0.0;0.937
@20260609_103407_446_accel_adxl375.csv@964053153;0.0;0.0;1.034
@20260609_103407_446_accel_adxl375.csv@964124953;0.0;0.0;1.032
@20260609_103407_446_accel_adxl375.csv@964181727;0.0;0.0;1.098
@20260609_103407_446_accel_adxl375.csv@964241758;0.0;0.0;1.01
@20260609_103407_446_accel_adxl375.csv@964301688;0.0;0.0;0.961
@20260609_103407_446_accel_adxl375.csv@964354546;0.0;0.0;1.06
@20260609_103407_446_accel_adxl375.csv@964411494;0.0;0.0;1.007
@20260609_103407_446_accel_adxl375.csv@964465030;0.0;0.0;0.954
@20260609_103407_446_accel_adxl375.csv@964521710;0.0;0.0;1.108
@20260609_103407_446_accel_adxl375.csv@964573344;0.0;0.0;1.036
@20260609_103407_446_accel_adxl375.csv@964631531;0.0;0.0;1.066
@20260609_103407_446_accel_adxl375.csv@964683166;0.0;0.0;1.004
@20260609_103407_446_accel_adxl375.csv@964741698;0.0;0.0;0.978
@20260609_103407_446_accel_adxl375.csv@964793129;0.0;0.0;1.099
@20260609_103407_446_accel_adxl375.csv@964851504;0.0;0.0;0.968
@20260609_103407_446_accel_adxl375.csv@964903140;0.0;0.0;1.01
@20260609_103407_446_accel_adxl375.csv@964961739;0.0;0.0;0.979
@20260609_103407_446_accel_adxl375.csv@965021691;0.0;0.0;0.92
@20260609_103407_446_accel_adxl375.csv@965081680;0.0;0.0;0.967
@20260609_103407_446_accel_adxl375.csv@965186635;0.0;0.0;0.993
@20260609_103407_446_accel_adxl375.csv@965241710;0.0;0.0;1.093
@20260609_103407_446_accel_adxl375.csv@965293137;0.0;0.0;0.986
@20260609_103407_446_accel_adxl375.csv@965351498;0.0;0.0;0.998
@20260609_103407_446_accel_adxl375.csv@965403236;0.0;0.0;1.095
@20260609_103407_446_accel_adxl375.csv@965461661;0.0;0.0;0.992
@20260609_103407_446_accel_adxl375.csv@965513092;0.0;0.0;1.025
@20260609_103407_446_accel_adxl375.csv@965571541;0.0;0.0;1.073
@20260609_103407_446_accel_adxl375.csv@965624614;0.0;0.0;1.076
@20260609_103407_446_accel_adxl375.csv@965681792;0.0;0.0;0.969
@20260609_103407_446_accel_adxl375.csv@965734537;0.0;0.0;1.103
@20260609_103407_446_accel_adxl375.csv@965791531;0.0;0.0;0.976
@20260609_103407_446_accel_adxl375.csv@965843312;0.0;0.0;1.023
@20260609_103407_446_accel_adxl375.csv@965901675;0.0;0.0;0.92
@20260609_103407_446_accel_adxl375.csv@965953157;0.0;0.0;1.055
@20260609_103407_446_accel_adxl375.csv@966011536;0.0;0.0;1.036
@20260609_103407_446_accel_adxl375.csv@966063161;0.0;0.0;1.015
@20260609_103407_446_accel_adxl375.csv@966121700;0.0;0.0;0.943
@20260609_103407_446_accel_adxl375.csv@966173099;0.0;0.0;1.085
@20260609_103407_446_accel_adxl375.csv@966246447;0.0;0.0;1.066
@20260609_103407_446_accel_adxl375.csv@966301718;0.0;0.0;1.098
@20260609_103407_446_accel_adxl375.csv@966361741;0.0;0.0;0.946
@20260609_103407_446_accel_adxl375.csv@966421715;0.0;0.0;0.988
@20260609_103407_446_accel_adxl375.csv@966474486;0.0;0.0;1.069
@20260609_103407_446_accel_adxl375.csv@966531480;0.0;0.0;0.959
@20260609_103407_446_accel_adxl375.csv@966585036;0.0;0.0;1.109
@20260609_103407_446_accel_adxl375.csv@966641746;0.0;0.0;0.987
@20260609_103407_446_accel_adxl375.csv@966693248;0.0;0.0;1.092
@20260609_103407_446_accel_adxl375.csv@966751515;0.0;0.0;0.985
@20260609_103407_446_accel_adxl375.csv@966803127;0.0;0.0;0.926
@20260609_103407_446_accel_adxl375.csv@966861681;0.0;0.0;1.039
@20260609_103407_446_accel_adxl375.csv@966913194;0.0;0.0;0.987
@20260609_103407_446_accel_adxl375.csv@966971467;0.0;0.0;1.107
@20260609_103407_446_accel_adxl375.csv@967023137;0.0;0.0;0.994
@20260609_103407_446_accel_adxl375.csv@967081745;0.0;0.0;1.087
@20260609_103407_446_accel_adxl375.csv@967141694;0.0;0.0;0.977
@20260609_103407_446_accel_adxl375.csv@967201725;0.0;0.0;1.048
@20260609_103407_446_accel_adxl375.csv@967316677;0.0;0.0;0.971
@20260609_103407_446_accel_adxl375.csv@967371472;0.0;0.0;1.089
@20260609_103407_446_accel_adxl375.csv@967433222;0.0;0.0;1.068
@20260609_103407_446_accel_adxl375.csv@967491495;0.0;0.0;0.93
@20260609_103407_446_accel_adxl375.csv@967551548;0.0;0.0;1.051
@20260609_103407_446_accel_adxl375.csv@967611479;0.0;0.0;0.912
@20260609_103407_446_accel_adxl375.csv@967671493;0.0;0.0;1.078
@20260609_103407_446_accel_adxl375.csv@967731520;0.0;0.0;1.059
@20260609_103407_446_accel_adxl375.csv@967791477;0.0;0.0;0.963
@20260609_103407_446_accel_adxl375.csv@967853182;0.0;0.0;1.065
@20260609_103407_446_accel_adxl375.csv@967911523;0.0;0.0;0.949
@20260609_103407_446_accel_adxl375.csv@967971540;0.0;0.0;1.085
@20260609_103407_446_accel_adxl375.csv@968031497;0.0;0.0;1.013
@20260609_103407_446_accel_adxl375.csv@968091485;0.0;0.0;0.962
@20260609_103407_446_accel_adxl375.csv@968151505;0.0;0.0;0.982
@20260609_103407_446_accel_adxl375.csv@968211499;0.0;0.0;0.953
@20260609_103407_446_accel_adxl375.csv@968273147;0.0;0.0;0.983
@20260609_103407_446_accel_adxl375.csv@968387354;0.0;0.0;0.992
@20260609_103407_446_accel_adxl375.csv@968441757;0.0;0.0;0.974
@20260609_103407_446_accel_adxl375.csv@968501692;0.0;0.0;0.962
@20260609_103407_446_accel_adxl375.csv@968561714;0.0;0.0;0.94
@20260609_103407_446_accel_adxl375.csv@968614805;0.0;0.0;1.023
@20260609_103407_446_accel_adxl375.csv@968671568;0.0;0.0;1.102
@20260609_103407_446_accel_adxl375.csv@968724676;0.0;0.0;0.934
@20260609_103407_446_accel_adxl375.csv@968781725;0.0;0.0;0.978
@20260609_103407_446_accel_adxl375.csv@968833306;0.0;0.0;1.106
@20260609_103407_446_accel_adxl375.csv@968891457;0.0;0.0;0.975
@20260609_103407_446_accel_adxl375.csv@968943138;0.0;0.0;1.109
@20260609_103407_446_accel_adxl375.csv@969001669;0.0;0.0;0.985
@20260609_103407_446_accel_adxl375.csv@969053126;0.0;0.0;1.063
@20260609_103407_446_accel_adxl375.csv@969111499;0.0;0.0;1.077
@20260609_103407_446_accel_adxl375.csv@969163123;0.0;0.0;1.091
@20260609_103407_446_accel_adxl375.csv@969221711;0.0;0.0;1.07
@20260609_103407_446_accel_adxl375.csv@969273187;0.0;0.0;1.081
@20260609_103407_446_accel_adxl375.csv@969331487;0.0;0.0;0.99
@20260609_103407_446_accel_adxl375.csv@969449241;0.0;0.0;1.069
@20260609_103407_446_accel_adxl375.csv@969501724;0.0;0.0;1.013
@20260609_103407_446_accel_adxl375.csv@969561698;0.0;0.0;1.016
@20260609_103407_446_accel_adxl375.csv@969621724;0.0;0.0;0.951
@20260609_103407_446_accel_adxl375.csv@969674122;0.0;0.0;1.056
@20260609_103407_446_accel_adxl375.csv@969731471;0.0;0.0;1.054
@20260609_103407_446_accel_adxl375.csv@969784532;0.0;0.0;1.021
@20260609_103407_446_accel_adxl375.csv@969841703;0.0;0.0;1.1
@20260609_103407_446_accel_adxl375.csv@969894399;0.0;0.0;1.103
@20260609_103407_446_accel_adxl375.csv@969951490;0.0;0.0;1.018
@20260609_103407_446_accel_adxl375.csv@970011552;0.0;0.0;1.048
@20260609_103407_446_accel_adxl375.csv@970071578;0.0;0.0;1.067
@20260609_103407_446_accel_adxl375.csv@970131483;0.0;0.0;0.967
@20260609_103407_446_accel_adxl375.csv@970191502;0.0;0.0;1.068
@20260609_103407_446_accel_adxl375.csv@970243070;0.0;0.0;1.0
@20260609_103407_446_accel_adxl375.csv@970301660;0.0;0.0;0.921
@20260609_103407_446_accel_adxl375.csv@970353137;0.0;0.0;0.927
@20260609_103407_446_accel_adxl375.csv@970411480;0.0;0.0;0.954
@20260609_103407_446_accel_adxl375.csv@970513218;0.0;0.0;1.061
@20260609_103407_446_accel_adxl375.csv@970571593;0.0;0.0;0.934
@20260609_103407_446_accel_adxl375.csv@970623087;0.0;0.0;1.008
@20260609_103407_446_accel_adxl375.csv@970681732;0.0;0.0;0.953
@20260609_103407_446_accel_adxl375.csv@970734718;0.0;0.0;0.93
@20260609_103407_446_accel_adxl375.csv@970791494;0.0;0.0;0.97
@20260609_103407_446_accel_adxl375.csv@970844718;0.0;0.0;1.076
@20260609_103407_446_accel_adxl375.csv@970901705;0.0;0.0;1.048
@20260609_103407_446_accel_adxl375.csv@970953308;0.0;0.0;0.936
@20260609_103407_446_accel_adxl375.csv@971011495;0.0;0.0;0.918
@20260609_103407_446_accel_adxl375.csv@971063480;0.0;0.0;0.988
@20260609_103407_446_accel_adxl375.csv@971121694;0.0;0.0;1.111
@20260609_103407_446_accel_adxl375.csv@971173453;0.0;0.0;1.099
@20260609_103407_446_accel_adxl375.csv@971231468;0.0;0.0;1.082
@20260609_103407_446_accel_adxl375.csv@971283462;0.0;0.0;1.075
@20260609_103407_446_accel_adxl375.csv@971341745;0.0;0.0;1.02
@20260609_103407_446_accel_adxl375.csv@971393493;0.0;0.0;1.043
@20260609_103407_446_accel_adxl375.csv@971451462;0.0;0.0;1.101
@20260609_103407_446_accel_adxl375.csv@971511482;0.0;0.0;1.057
@20260609_103407_446_accel_adxl375.csv@971588481;0.0;0.0;1.051
@20260609_103407_446_accel_adxl375.csv@971641806;0.0;0.0;1.019
@20260609_103407_446_accel_adxl375.csv@971701684;0.0;0.0;0.941
@20260609_103407_446_accel_adxl375.csv@971761746;0.0;0.0;0.989
@20260609_103407_446_accel_adxl375.csv@971814465;0.0;0.0;1.035
@20260609_103407_446_accel_adxl375.csv@971871483;0.0;0.0;1.021
@20260609_103407_446_accel_adxl375.csv@971924940;0.0;0.0;1.072
@20260609_103407_446_accel_adxl375.csv@971981710;0.0;0.0;0.912
@20260609_103407_446_accel_adxl375.csv@972033399;0.0;0.0;0.972
@20260609_103407_446_accel_adxl375.csv@972091508;0.0;0.0;0.922
@20260609_103407_446_accel_adxl375.csv@972143152;0.0;0.0;1.058
@20260609_103407_446_accel_adxl375.csv@972201721;0.0;0.0;0.967
@20260609_103407_446_accel_adxl375.csv@972253128;0.0;0.0;0.944
@20260609_103407_446_accel_adxl375.csv@972311458;0.0;0.0;1.006
@20260609_103407_446_accel_adxl375.csv@972363128;0.0;0.0;0.92
@20260609_103407_446_accel_adxl375.csv@972421702;0.0;0.0;1.083
@20260609_103407_446_accel_adxl375.csv@972473148;0.0;0.0;1.03
@20260609_103407_446_accel_adxl375.csv@972531473;0.0;0.0;0.998
@20260609_103407_446_accel_adxl375.csv@972649249;0.0;0.0;0.918
@20260609_103407_446_accel_adxl375.csv@972701689;0.0;0.0;0.94
@20260609_103407_446_accel_adxl375.csv@972753145;0.0;0.0;1.036
@20260609_103407_446_accel_adxl375.csv@972811505;0.0;0.0;0.928
@20260609_103407_446_accel_adxl375.csv@972863337;0.0;0.0;1.045
@20260609_103407_446_accel_adxl375.csv@972921741;0.0;0.0;0.953
@20260609_103407_446_accel_adxl375.csv@972974612;0.0;0.0;1.056
@20260609_103407_446_accel_adxl375.csv@973031543;0.0;0.0;1.042
@20260609_103407_446_accel_adxl375.csv@973084725;0.0;0.0;1.083
@20260609_103407_446_accel_adxl375.csv@973128279;0.0;0.0;1.056
@20260609_103407_446_accel_adxl375.csv@973181731;0.0;0.0;0.993
@20260609_103407_446_accel_adxl375.csv@973241734;0.0;0.0;1.031
@20260609_103407_446_accel_adxl375.csv@973294803;0.0;0.0;1.007
@20260609_103407_446_accel_adxl375.csv@973351500;0.0;0.0;1.071
@20260609_103407_446_accel_adxl375.csv@973404657;0.0;0.0;0.961
@20260609_103407_446_accel_adxl375.csv@973461677;0.0;0.0;0.968
@20260609_103407_446_accel_adxl375.csv@973513152;0.0;0.0;0.974
@20260609_103407_446_accel_adxl375.csv@973571517;0.0;0.0;0.953
@20260609_103407_446_accel_adxl375.csv@973623151;0.0;0.0;0.937
@20260609_103407_446_accel_adxl375.csv@973768985;0.0;0.0;0.962
@20260609_103407_446_accel_adxl375.csv@973821705;0.0;0.0;1.105
@20260609_103407_446_accel_adxl375.csv@973881712;0.0;0.0;0.917
@20260609_103407_446_accel_adxl375.csv@973941727;0.0;0.0;0.978
@20260609_103407_446_accel_adxl375.csv@973995066;0.0;0.0;1.078
@20260609_103407_446_accel_adxl375.csv@974051588;0.0;0.0;0.999
@20260609_103407_446_accel_adxl375.csv@974104984;0.0;0.0;1.066
@20260609_103407_446_accel_adxl375.csv@974161738;0.0;0.0;1.106
@20260609_103407_446_accel_adxl375.csv@974213463;0.0;0.0;1.022
@20260609_103407_446_accel_adxl375.csv@974271475;0.0;0.0;1.083
@20260609_103407_446_accel_adxl375.csv@974323225;0.0;0.0;0.994
@20260609_103407_446_accel_adxl375.csv@974381698;0.0;0.0;0.962
@20260609_103407_446_accel_adxl375.csv@974433185;0.0;0.0;0.934
@20260609_103407_446_accel_adxl375.csv@974491548;0.0;0.0;1.099
@20260609_103407_446_accel_adxl375.csv@974543095;0.0;0.0;1.051
@20260609_103407_446_accel_adxl375.csv@974601768;0.0;0.0;1.079
@20260609_103407_446_accel_adxl375.csv@974653141;0.0;0.0;0.996
@20260609_103407_446_accel_adxl375.csv@974711501;0.0;0.0;0.921
@20260609_103407_446_accel_adxl375.csv@974771552;0.0;0.0;1.041
@20260609_103407_446_accel_adxl375.csv@974902650;0.0;0.0;0.981
@20260609_103407_446_accel_adxl375.csv@974961788;0.0;0.0;1.055
@20260609_103407_446_accel_adxl375.csv@975014185;0.0;0.0;1.104
@20260609_103407_446_accel_adxl375.csv@975071523;0.0;0.0;0.953
@20260609_103407_446_accel_adxl375.csv@975124209;0.0;0.0;0.957
@20260609_103407_446_accel_adxl375.csv@975181720;0.0;0.0;0.937
@20260609_103407_446_accel_adxl375.csv@975234062;0.0;0.0;1.077
@20260609_103407_446_accel_adxl375.csv@975291522;0.0;0.0;1.015
@20260609_103407_446_accel_adxl375.csv@975344081;0.0;0.0;1.056
@20260609_103407_446_accel_adxl375.csv@975401701;0.0;0.0;1.018
@20260609_103407_446_accel_adxl375.csv@975461783;0.0;0.0;1.006
@20260609_103407_446_accel_adxl375.csv@975521755;0.0;0.0;1.073
@20260609_103407_446_accel_adxl375.csv@975571524;0.0;0.0;0.984
@20260609_103407_446_accel_adxl375.csv@975631521;0.0;0.0;0.95
@20260609_103407_446_accel_adxl375.csv@975681826;0.0;0.0;0.99
@20260609_103407_446_accel_adxl375.csv@975741764;0.0;0.0;0.98
@20260609_103407_446_accel_adxl375.csv@975801668;0.0;0.0;0.951
@20260609_103407_446_accel_adxl375.csv@975863340;0.0;0.0;1.04
@20260609_103407_446_accel_adxl375.csv@976023782;0.0;0.0;0.924
@20260609_103407_446_accel_adxl375.csv@976081707;0.0;0.0;1.012
@20260609_103407_446_accel_adxl375.csv@976134274;0.0;0.0;1.098
@20260609_103407_446_accel_adxl375.csv@976191509;0.0;0.0;1.039
@20260609_103407_446_accel_adxl375.csv@976244272;0.0;0.0;0.942
@20260609_103407_446_accel_adxl375.csv@976301703;0.0;0.0;0.99
@20260609_103407_446_accel_adxl375.csv@976354105;0.0;0.0;1.095
@20260609_103407_446_accel_adxl375.csv@976411551;0.0;0.0;1.031
@20260609_103407_446_accel_adxl375.csv@976471690;0.0;0.0;0.998
@20260609_103407_446_accel_adxl375.csv@976531493;0.0;0.0;0.95
@20260609_103407_446_accel_adxl375.csv@976581745;0.0;0.0;1.076
@20260609_103407_446_accel_adxl375.csv@976641721;0.0;0.0;1.053
@20260609_103407_446_accel_adxl375.csv@976691540;0.0;0.0;0.987
@20260609_103407_446_accel_adxl375.csv@976751531;0.0;0.0;0.936
@20260609_103407_446_accel_adxl375.csv@976801794;0.0;0.0;0.931
@20260609_103407_446_accel_adxl375.csv@976861754;0.0;0.0;1.021
@20260609_103407_446_accel_adxl375.csv@976911656;0.0;0.0;1.058
@20260609_103407_446_accel_adxl375.csv@976971525;0.0;0.0;0.934
@20260609_103407_446_accel_adxl375.csv@977142922;0.0;0.0;1.041
@20260609_103407_446_accel_adxl375.csv@977201739;0.0;0.0;1.014
@20260609_103407_446_accel_adxl375.csv@977254080;0.0;0.0;0.987
@20260609_103407_446_accel_adxl375.csv@977311546;0.0;0.0;1.024
@20260609_103407_446_accel_adxl375.csv@977371662;0.0;0.0;1.069
@20260609_103407_446_accel_adxl375.csv@977431551;0.0;0.0;1.001
@20260609_103407_446_accel_adxl375.csv@977481717;0.0;0.0;1.091
@20260609_103407_446_accel_adxl375.csv@977541711;0.0;0.0;0.942
@20260609_103407_446_accel_adxl375.csv@977591652;0.0;0.0;0.969
@20260609_103407_446_accel_adxl375.csv@977651500;0.0;0.0;1.073
@20260609_103407_446_accel_adxl375.csv@977711512;0.0;0.0;0.951
@20260609_103407_446_accel_adxl375.csv@977763756;0.0;0.0;1.099
@20260609_103407_446_accel_adxl375.csv@977821730;0.0;0.0;1.098
@20260609_103407_446_accel_adxl375.csv@977875611;0.0;0.0;1.047
@20260609_103407_446_accel_adxl375.csv@977931539;0.0;0.0;0.916
@20260609_103407_446_accel_adxl375.csv@977985350;0.0;0.0;1.032
@20260609_103407_446_accel_adxl375.csv@978041757;0.0;0.0;0.931
@20260609_103407_446_accel_adxl375.csv@978093620;0.0;0.0;0.946
@20260609_103407_446_accel_adxl375.csv@978264620;0.0;0.0;0.97
@20260609_103407_446_accel_adxl375.csv@978313307;0.0;0.0;1.038
@20260609_103407_446_accel_adxl375.csv@978363787;0.0;0.0;1.077
@20260609_103407_446_accel_adxl375.csv@978421753;0.0;0.0;0.941
@20260609_103407_446_accel_adxl375.csv@978475759;0.0;0.0;0.975
@20260609_103407_446_accel_adxl375.csv@978531582;0.0;0.0;0.9
@20260609_103407_446_accel_adxl375.csv@978585231;0.0;0.0;1.055
@20260609_103407_446_accel_adxl375.csv@978641763;0.0;0.0;1.031
@20260609_103407_446_accel_adxl375.csv@978693716;0.0;0.0;0.912
@20260609_103407_446_accel_adxl375.csv@978751550;0.0;0.0;0.973
@20260609_103407_446_accel_adxl375.csv@978803218;0.0;0.0;1.042
@20260609_103407_446_accel_adxl375.csv@978861759;0.0;0.0;0.947
@20260609_103407_446_accel_adxl375.csv@978913155;0.0;0.0;1.091
@20260609_103407_446_accel_adxl375.csv@978971503;0.0;0.0;1.009
@20260609_103407_446_accel_adxl375.csv@979023258;0.0;0.0;0.982
@20260609_103407_446_accel_adxl375.csv@979081765;0.0;0.0;1.027
@20260609_103407_446_accel_adxl375.csv@979133303;0.0;0.0;1.093
@20260609_103407_446_accel_adxl375.csv@979191509;0.0;0.0;0.95
@20260609_103407_446_accel_adxl375.csv@979243189;0.0;0.0;1.082
@20260609_103407_446_accel_adxl375.csv@979385031;0.0;0.0;1.039
@20260609_103407_446_accel_adxl375.csv@979441752;0.0;0.0;1.089
@20260609_103407_446_accel_adxl375.csv@979494383;0.0;0.0;1.093
@20260609_103407_446_accel_adxl375.csv@979551581;0.0;0.0;1.048
@20260609_103407_446_accel_adxl375.csv@979611670;0.0;0.0;1.044
@20260609_103407_446_accel_adxl375.csv@979671528;0.0;0.0;1.019
@20260609_103407_446_accel_adxl375.csv@979721778;0.0;0.0;0.958
@20260609_103407_446_accel_adxl375.csv@979781693;0.0;0.0;1.09
@20260609_103407_446_accel_adxl375.csv@979831622;0.0;0.0;0.999
@20260609_103407_446_accel_adxl375.csv@979891527;0.0;0.0;1.097
@20260609_103407_446_accel_adxl375.csv@979951480;0.0;0.0;0.984
@20260609_103407_446_accel_adxl375.csv@980011525;0.0;0.0;0.994
@20260609_103407_446_accel_adxl375.csv@980071516;0.0;0.0;0.946
@20260609_103407_446_accel_adxl375.csv@980125389;0.0;0.0;0.998
@20260609_103407_446_accel_adxl375.csv@980181748;0.0;0.0;1.016
@20260609_103407_446_accel_adxl375.csv@980235280;0.0;0.0;1.028
@20260609_103407_446_accel_adxl375.csv@980283278;0.0;0.0;0.93
@20260609_103407_446_accel_adxl375.csv@980334175;0.0;0.0;1.006
@20260609_103407_446_accel_adxl375.csv@980505402;0.0;0.0;0.997
@20260609_103407_446_accel_adxl375.csv@980561796;0.0;0.0;1.051
@20260609_103407_446_accel_adxl375.csv@980614107;0.0;0.0;0.947
@20260609_103407_446_accel_adxl375.csv@980663320;0.0;0.0;1.094
@20260609_103407_446_accel_adxl375.csv@980715789;0.0;0.0;1.096
@20260609_103407_446_accel_adxl375.csv@980771547;0.0;0.0;0.993
@20260609_103407_446_accel_adxl375.csv@980825316;0.0;0.0;1.013
@20260609_103407_446_accel_adxl375.csv@980881824;0.0;0.0;1.1
@20260609_103407_446_accel_adxl375.csv@980935282;0.0;0.0;0.993
@20260609_103407_446_accel_adxl375.csv@980991571;0.0;0.0;0.926
@20260609_103407_446_accel_adxl375.csv@981043600;0.0;0.0;0.906
@20260609_103407_446_accel_adxl375.csv@981093212;0.0;0.0;0.981
@20260609_103407_446_accel_adxl375.csv@981145263;0.0;0.0;1.019
@20260609_103407_446_accel_adxl375.csv@981201730;0.0;0.0;0.942
@20260609_103407_446_accel_adxl375.csv@981253628;0.0;0.0;0.973
@20260609_103407_446_accel_adxl375.csv@981311527;0.0;0.0;1.044
@20260609_103407_446_accel_adxl375.csv@981363318;0.0;0.0;0.98
@20260609_103407_446_accel_adxl375.csv@981421728;0.0;0.0;0.905
@20260609_103407_446_accel_adxl375.csv@981473190;0.0;0.0;1.028
@20260609_103407_446_accel_adxl375.csv@981628774;0.0;0.0;1.051
@20260609_103407_446_accel_adxl375.csv@981681753;0.0;0.0;1.068
@20260609_103407_446_accel_adxl375.csv@981733817;0.0;0.0;1.099
@20260609_103407_446_accel_adxl375.csv@981791609;0.0;0.0;0.97
@20260609_103407_446_accel_adxl375.csv@981845403;0.0;0.0;0.958
@20260609_103407_446_accel_adxl375.csv@981893330;0.0;0.0;1.08
@20260609_103407_446_accel_adxl375.csv@981943413;0.0;0.0;0.96
@20260609_103407_446_accel_adxl375.csv@982001769;0.0;0.0;0.988
@20260609_103407_446_accel_adxl375.csv@982055051;0.0;0.0;1.007
@20260609_103407_446_accel_adxl375.csv@982111555;0.0;0.0;1.056
@20260609_103407_446_accel_adxl375.csv@982165093;0.0;0.0;0.994
@20260609_103407_446_accel_adxl375.csv@982221785;0.0;0.0;1.022
@20260609_103407_446_accel_adxl375.csv@982273477;0.0;0.0;1.076
@20260609_103407_446_accel_adxl375.csv@982331586;0.0;0.0;0.923
@20260609_103407_446_accel_adxl375.csv@982383250;0.0;0.0;0.995
@20260609_103407_446_accel_adxl375.csv@982441729;0.0;0.0;1.091
@20260609_103407_446_accel_adxl375.csv@982493197;0.0;0.0;1.014
@20260609_103407_446_accel_adxl375.csv@982551580;0.0;0.0;0.95
@20260609_103407_446_accel_adxl375.csv@982603221;0.0;0.0;1.067
@20260609_103407_446_accel_adxl375.csv@982746002;0.0;0.0;1.096
@20260609_103407_446_accel_adxl375.csv@982801839;0.0;0.0;1.065
@20260609_103407_446_accel_adxl375.csv@982854183;0.0;0.0;0.91
@20260609_103407_446_accel_adxl375.csv@982911619;0.0;0.0;0.952
@20260609_103407_446_accel_adxl375.csv@982964244;0.0;0.0;1.087
@20260609_103407_446_accel_adxl375.csv@983013272;0.0;0.0;1.097
@20260609_103407_446_accel_adxl375.csv@983073261;0.0;0.0;0.992
@20260609_103407_446_accel_adxl375.csv@983131585;0.0;0.0;0.993
@20260609_103407_446_accel_adxl375.csv@983183364;0.0;0.0;1.065
@20260609_103407_446_accel_adxl375.csv@983241801;0.0;0.0;0.991
@20260609_103407_446_accel_adxl375.csv@983301871;0.0;0.0;1.07
@20260609_103407_446_accel_adxl375.csv@983361762;0.0;0.0;1.04
@20260609_103407_446_accel_adxl375.csv@983411623;0.0;0.0;1.014
@20260609_103407_446_accel_adxl375.csv@983471552;0.0;0.0;0.962
@20260609_103407_446_accel_adxl375.csv@983521753;0.0;0.0;1.037
@20260609_103407_446_accel_adxl375.csv@983581871;0.0;0.0;0.991
@20260609_103407_446_accel_adxl375.csv@983641765;0.0;0.0;0.906
@20260609_103407_446_accel_adxl375.csv@983701786;0.0;0.0;0.923
@20260609_103407_446_accel_adxl375.csv@983865834;0.0;0.0;0.997
@20260609_103407_446_accel_adxl375.csv@983921832;0.0;0.0;0.956
@20260609_103407_446_accel_adxl375.csv@983974858;0.0;0.0;0.956
@20260609_103407_446_accel_adxl375.csv@984031579;0.0;0.0;0.96
@20260609_103407_446_accel_adxl375.csv@984085025;0.0;0.0;1.045
@20260609_103407_446_accel_adxl375.csv@984141768;0.0;0.0;0.96
@20260609_103407_446_accel_adxl375.csv@984194762;0.0;0.0;0.932
@20260609_103407_446_accel_adxl375.csv@984251580;0.0;0.0;1.016
@20260609_103407_446_accel_adxl375.csv@984303275;0.0;0.0;0.909
@20260609_103407_446_accel_adxl375.csv@984361799;0.0;0.0;1.059
@20260609_103407_446_accel_adxl375.csv@984413162;0.0;0.0;0.923
@20260609_103407_446_accel_adxl375.csv@984471603;0.0;0.0;0.946
@20260609_103407_446_accel_adxl375.csv@984523332;0.0;0.0;1.049
@20260609_103407_446_accel_adxl375.csv@984581772;0.0;0.0;0.993
@20260609_103407_446_accel_adxl375.csv@984633528;0.0;0.0;0.974
@20260609_103407_446_accel_adxl375.csv@984691677;0.0;0.0;1.026
@20260609_103407_446_accel_adxl375.csv@984743240;0.0;0.0;1.015
@20260609_103407_446_accel_adxl375.csv@984801847;0.0;0.0;0.998
@20260609_103407_446_accel_adxl375.csv@984861841;0.0;0.0;1.029
@20260609_103407_446_accel_adxl375.csv@984997730;0.0;0.0;0.977
@20260609_103407_446_accel_adxl375.csv@985051592;0.0;0.0;0.929
@20260609_103407_446_accel_adxl375.csv@985111545;0.0;0.0;1.064
@20260609_103407_446_accel_adxl375.csv@985171581;0.0;0.0;1.004
@20260609_103407_446_accel_adxl375.csv@985224196;0.0;0.0;1.043
@20260609_103407_446_accel_adxl375.csv@985281780;0.0;0.0;1.069
@20260609_103407_446_accel_adxl375.csv@985334138;0.0;0.0;1.082
@20260609_103407_446_accel_adxl375.csv@985391649;0.0;0.0;1.053
@20260609_103407_446_accel_adxl375.csv@985547534;0.0;0.0;0.902
@20260609_103407_446_accel_adxl375.csv@985601750;0.0;0.0;0.92
@20260609_103407_446_accel_adxl375.csv@985661775;0.0;0.0;0.933
@20260609_103407_446_accel_adxl375.csv@985721750;0.0;0.0;1.026
@20260609_103407_446_accel_adxl375.csv@985773916;0.0;0.0;0.946
@20260609_103407_446_accel_adxl375.csv@985831530;0.0;0.0;0.978
@20260609_103407_446_accel_adxl375.csv@985884301;0.0;0.0;0.931
@20260609_103407_446_accel_adxl375.csv@985941700;0.0;0.0;0.921
@20260609_103407_446_accel_adxl375.csv@986076757;0.0;0.0;0.966
@20260609_103407_446_accel_adxl375.csv@986131529;0.0;0.0;1.018
@20260609_103407_446_accel_adxl375.csv@986191535;0.0;0.0;1.031
@20260609_103407_446_accel_adxl375.csv@986251522;0.0;0.0;0.93
@20260609_103407_446_accel_adxl375.csv@986311519;0.0;0.0;1.049
@20260609_103407_446_accel_adxl375.csv@986371525;0.0;0.0;0.953
@20260609_103407_446_accel_adxl375.csv@986423352;0.0;0.0;1.001
@20260609_103407_446_accel_adxl375.csv@986481708;0.0;0.0;1.027
@20260609_103407_446_accel_adxl375.csv@986533578;0.0;0.0;0.934
@20260609_103407_446_accel_adxl375.csv@986591486;0.0;0.0;0.967
@20260609_103407_446_accel_adxl375.csv@986643607;0.0;0.0;1.039
@20260609_103407_446_accel_adxl375.csv@986701740;0.0;0.0;1.07
@20260609_103407_446_airspeed_sdp810.csv@uptime;dynamic_pressure;airspeed;temperature
@20260609_103407_446_airspeed_sdp810.csv@926830339;-2;0.0;2599
@20260609_103407_446_airspeed_sdp810.csv@926851090;0;0.0;2599
@20260609_103407_446_airspeed_sdp810.csv@926874456;-2;0.0;2597
@20260609_103407_446_airspeed_sdp810.csv@926901046;-2;0.0;2601
@20260609_103407_446_airspeed_sdp810.csv@926925017;-2;0.0;2601
@20260609_103407_446_airspeed_sdp810.csv@926954197;-2;0.0;2601
@20260609_103407_446_airspeed_sdp810.csv@926984835;-2;0.0;2599
@20260609_103407_446_airspeed_sdp810.csv@927027304;-2;0.0;2602
@20260609_103407_446_airspeed_sdp810.csv@927053031;-2;0.0;2599
@20260609_103407_446_airspeed_sdp810.csv@927084903;-4;0.0;2599
@20260609_103407_446_airspeed_sdp810.csv@927112757;-2;0.0;2601
@20260609_103407_446_airspeed_sdp810.csv@927135154;-4;0.0;2601
@20260609_103407_446_airspeed_sdp810.csv@927164406;-2;0.0;2600
@20260609_103407_446_airspeed_sdp810.csv@927187089;-4;0.0;2600
@20260609_103407_446_airspeed_sdp810.csv@927212698;-2;0.0;2600
@20260609_103407_446_airspeed_sdp810.csv@927235189;-2;0.0;2600
@20260609_103407_446_airspeed_sdp810.csv@927262815;-2;0.0;2601
@20260609_103407_446_airspeed_sdp810.csv@927285034;-2;0.0;2601
@20260609_103407_446_airspeed_sdp810.csv@927313030;-2;0.0;2601
@20260609_103407_446_airspeed_sdp810.csv@927344511;-2;0.0;2596
@20260609_103407_446_airspeed_sdp810.csv@927372646;-2;0.0;2600
@20260609_103407_446_airspeed_sdp810.csv@927395053;-2;0.0;2600
@20260609_103407_446_airspeed_sdp810.csv@927423191;-2;0.0;2601
@20260609_103407_446_airspeed_sdp810.csv@927454444;0;0.0;2597
@20260609_103407_446_airspeed_sdp810.csv@927484462;-2;0.0;2600
@20260609_103407_446_airspeed_sdp810.csv@927506935;-2;0.0;2600
@20260609_103407_446_airspeed_sdp810.csv@927532927;-4;0.0;2599
@20260609_103407_446_airspeed_sdp810.csv@927564266;-2;0.0;2600
@20260609_103407_446_airspeed_sdp810.csv@927594299;-2;0.0;2599
@20260609_103407_446_airspeed_sdp810.csv@927624741;-2;0.0;2599
@20260609_103407_446_airspeed_sdp810.csv@927653356;-4;0.0;2597
@20260609_103407_446_airspeed_sdp810.csv@927684085;-4;0.0;2599
@20260609_103407_446_airspeed_sdp810.csv@927712690;-2;0.0;2597
@20260609_103407_446_airspeed_sdp810.csv@927734677;-2;0.0;2597
@20260609_103407_446_airspeed_sdp810.csv@927763331;-2;0.0;2599
@20260609_103407_446_airspeed_sdp810.csv@927793996;-2;0.0;2600
@20260609_103407_446_airspeed_sdp810.csv@927815454;-2;0.0;2600
@20260609_103407_446_airspeed_sdp810.csv@927844165;-2;0.0;2600
@20260609_103407_446_airspeed_sdp810.csv@927873451;-2;0.0;2599
@20260609_103407_446_airspeed_sdp810.csv@927904118;-2;0.0;2600
@20260609_103407_446_airspeed_sdp810.csv@927932641;-2;0.0;2601
@20260609_103407_446_airspeed_sdp810.csv@927954680;-4;0.0;2601
@20260609_103407_446_airspeed_sdp810.csv@927983229;-2;0.0;2599
@20260609_103407_446_airspeed_sdp810.csv@928014011;-2;0.0;2601
@20260609_103407_446_airspeed_sdp810.csv@928042775;-4;0.0;2599
@20260609_103407_446_airspeed_sdp810.csv@928064810;-2;0.0;2599
@20260609_103407_446_airspeed_sdp810.csv@928093106;-2;0.0;2599
@20260609_103407_446_airspeed_sdp810.csv@928124124;-2;0.0;2601
@20260609_103407_446_airspeed_sdp810.csv@928152648;-2;0.0;2601
@20260609_103407_446_airspeed_sdp810.csv@928174665;-2;0.0;2601
@20260609_103407_446_airspeed_sdp810.csv@928203207;-2;0.0;2601
@20260609_103407_446_airspeed_sdp810.csv@928233970;-2;0.0;2598
@20260609_103407_446_airspeed_sdp810.csv@928262794;-2;0.0;2604
@20260609_103407_446_airspeed_sdp810.csv@928284664;-2;0.0;2604
@20260609_103407_446_airspeed_sdp810.csv@928313077;-2;0.0;2602
@20260609_103407_446_airspeed_sdp810.csv@928344136;-2;0.0;2603
@20260609_103407_446_airspeed_sdp810.csv@928372674;-2;0.0;2599
@20260609_103407_446_airspeed_sdp810.csv@928394755;-2;0.0;2599
@20260609_103407_446_airspeed_sdp810.csv@928423176;-2;0.0;2601
@20260609_103407_446_airspeed_sdp810.csv@928454041;-2;0.0;2603
@20260609_103407_446_airspeed_sdp810.csv@928482746;-2;0.0;2601
@20260609_103407_446_airspeed_sdp810.csv@928504751;-2;0.0;2601
@20260609_103407_446_airspeed_sdp810.csv@928533002;-2;0.0;2600
@20260609_103407_446_airspeed_sdp810.csv@928564156;-2;0.0;2598
@20260609_103407_446_airspeed_sdp810.csv@928592641;-2;0.0;2604
@20260609_103407_446_airspeed_sdp810.csv@928614709;-2;0.0;2604
@20260609_103407_446_airspeed_sdp810.csv@928643106;-2;0.0;2597
@20260609_103407_446_airspeed_sdp810.csv@928674062;-2;0.0;2601
@20260609_103407_446_airspeed_sdp810.csv@928702773;-2;0.0;2601
@20260609_103407_446_airspeed_sdp810.csv@928724775;-2;0.0;2601
@20260609_103407_446_airspeed_sdp810.csv@928753012;-2;0.0;2601
@20260609_103407_446_airspeed_sdp810.csv@928784230;-2;0.0;2603
@20260609_103407_446_airspeed_sdp810.csv@928812617;-2;0.0;2600
@20260609_103407_446_airspeed_sdp810.csv@928834887;-2;0.0;2600
@20260609_103407_446_airspeed_sdp810.csv@928861334;-4;0.0;2604
@20260609_103407_446_airspeed_sdp810.csv@928885122;-2;0.0;2604
@20260609_103407_446_airspeed_sdp810.csv@928912675;-2;0.0;2602
@20260609_103407_446_airspeed_sdp810.csv@928934760;-2;0.0;2602
@20260609_103407_446_airspeed_sdp810.csv@928963127;-4;0.0;2601
@20260609_103407_446_airspeed_sdp810.csv@928994128;0;0.0;2600
@20260609_103407_446_airspeed_sdp810.csv@929022777;-2;0.0;2598
@20260609_103407_446_airspeed_sdp810.csv@929044717;-2;0.0;2598
@20260609_103407_446_airspeed_sdp810.csv@929073033;-2;0.0;2603
@20260609_103407_446_airspeed_sdp810.csv@929104202;-2;0.0;2604
@20260609_103407_446_airspeed_sdp810.csv@929132672;-2;0.0;2600
@20260609_103407_446_airspeed_sdp810.csv@929154724;-2;0.0;2600
@20260609_103407_446_airspeed_sdp810.csv@929183132;-2;0.0;2599
@20260609_103407_446_airspeed_sdp810.csv@929214050;-2;0.0;2597
@20260609_103407_446_airspeed_sdp810.csv@929242759;-2;0.0;2600
@20260609_103407_446_airspeed_sdp810.csv@929264659;-2;0.0;2600
@20260609_103407_446_airspeed_sdp810.csv@929293056;-2;0.0;2602
@20260609_103407_446_airspeed_sdp810.csv@929324161;-2;0.0;2601
@20260609_103407_446_airspeed_sdp810.csv@929352657;-2;0.0;2601
@20260609_103407_446_airspeed_sdp810.csv@929378130;-2;0.0;2605
@20260609_103407_446_airspeed_sdp810.csv@929403513;-2;0.0;2599
@20260609_103407_446_airspeed_sdp810.csv@929434106;-2;0.0;2600
@20260609_103407_446_airspeed_sdp810.csv@929462815;-2;0.0;2601
@20260609_103407_446_airspeed_sdp810.csv@929484955;-2;0.0;2601
@20260609_103407_446_airspeed_sdp810.csv@929513019;-2;0.0;2599
@20260609_103407_446_airspeed_sdp810.csv@929544198;-2;0.0;2602
@20260609_103407_446_airspeed_sdp810.csv@929572687;-2;0.0;2598
@20260609_103407_446_airspeed_sdp810.csv@929594738;-2;0.0;2598
@20260609_103407_446_airspeed_sdp810.csv@929623071;-2;0.0;2599
@20260609_103407_446_airspeed_sdp810.csv@929654044;-2;0.0;2599
@20260609_103407_446_airspeed_sdp810.csv@929682781;-2;0.0;2599
@20260609_103407_446_airspeed_sdp810.csv@929704763;-2;0.0;2599
@20260609_103407_446_airspeed_sdp810.csv@929732976;-2;0.0;2601
@20260609_103407_446_airspeed_sdp810.csv@929764162;-2;0.0;2603
@20260609_103407_446_airspeed_sdp810.csv@929792626;-4;0.0;2603
@20260609_103407_446_airspeed_sdp810.csv@929814707;0;0.0;2603
@20260609_103407_446_airspeed_sdp810.csv@929843194;-2;0.0;2604
@20260609_103407_446_airspeed_sdp810.csv@929878021;-2;0.0;2605
@20260609_103407_446_airspeed_sdp810.csv@929902828;-2;0.0;2605
@20260609_103407_446_airspeed_sdp810.csv@929924733;-2;0.0;2599
@20260609_103407_446_airspeed_sdp810.csv@929953044;-2;0.0;2605
@20260609_103407_446_airspeed_sdp810.csv@929984175;-2;0.0;2603
@20260609_103407_446_airspeed_sdp810.csv@930012699;-2;0.0;2603
@20260609_103407_446_airspeed_sdp810.csv@930034706;-2;0.0;2603
@20260609_103407_446_airspeed_sdp810.csv@930063113;-4;0.0;2597
@20260609_103407_446_airspeed_sdp810.csv@930094078;-2;0.0;2600
@20260609_103407_446_airspeed_sdp810.csv@930122831;-2;0.0;2605
@20260609_103407_446_airspeed_sdp810.csv@930144677;-2;0.0;2605
@20260609_103407_446_airspeed_sdp810.csv@930173032;-2;0.0;2599
@20260609_103407_446_airspeed_sdp810.csv@930204118;-2;0.0;2601
@20260609_103407_446_airspeed_sdp810.csv@930232721;-2;0.0;2603
@20260609_103407_446_airspeed_sdp810.csv@930254725;-2;0.0;2603
@20260609_103407_446_airspeed_sdp810.csv@930283163;-2;0.0;2601
@20260609_103407_446_airspeed_sdp810.csv@930314059;-2;0.0;2603
@20260609_103407_446_airspeed_sdp810.csv@930342832;-2;0.0;2603
@20260609_103407_446_airspeed_sdp810.csv@930364638;0;0.0;2603
@20260609_103407_446_airspeed_sdp810.csv@930393069;-2;0.0;2602
@20260609_103407_446_airspeed_sdp810.csv@930424198;-2;0.0;2599
@20260609_103407_446_airspeed_sdp810.csv@930452703;-2;0.0;2601
@20260609_103407_446_airspeed_sdp810.csv@930474776;-2;0.0;2601
@20260609_103407_446_airspeed_sdp810.csv@930503213;-2;0.0;2600
@20260609_103407_446_airspeed_sdp810.csv@930534036;-2;0.0;2603
@20260609_103407_446_airspeed_sdp810.csv@930562789;-2;0.0;2601
@20260609_103407_446_airspeed_sdp810.csv@930584762;-2;0.0;2601
@20260609_103407_446_airspeed_sdp810.csv@930613090;-2;0.0;2601
@20260609_103407_446_airspeed_sdp810.csv@930644220;-2;0.0;2601
@20260609_103407_446_airspeed_sdp810.csv@930672710;-2;0.0;2598
@20260609_103407_446_airspeed_sdp810.csv@930694787;-2;0.0;2598
@20260609_103407_446_airspeed_sdp810.csv@930723273;-2;0.0;2601
@20260609_103407_446_airspeed_sdp810.csv@930754239;-2;0.0;2603
@20260609_103407_446_airspeed_sdp810.csv@930782807;-2;0.0;2603
@20260609_103407_446_airspeed_sdp810.csv@930804839;-2;0.0;2603
@20260609_103407_446_airspeed_sdp810.csv@930832986;0;0.0;2602
@20260609_103407_446_airspeed_sdp810.csv@930864273;0;0.0;2599
@20260609_103407_446_airspeed_sdp810.csv@930897456;0;0.0;2604
@20260609_103407_446_airspeed_sdp810.csv@930924472;-2;0.0;2600
@20260609_103407_446_airspeed_sdp810.csv@930953077;-2;0.0;2604
@20260609_103407_446_airspeed_sdp810.csv@930978636;-2;0.0;2604
@20260609_103407_446_airspeed_sdp810.csv@931002700;-2;0.0;2604
@20260609_103407_446_airspeed_sdp810.csv@931024932;-2;0.0;2600
@20260609_103407_446_airspeed_sdp810.csv@931052608;-2;0.0;2606
@20260609_103407_446_airspeed_sdp810.csv@931076530;-2;0.0;2606
@20260609_103407_446_airspeed_sdp810.csv@931102813;-2;0.0;2603
@20260609_103407_446_airspeed_sdp810.csv@931124855;-2;0.0;2603
@20260609_103407_446_airspeed_sdp810.csv@931152644;-2;0.0;2603
@20260609_103407_446_airspeed_sdp810.csv@931174801;-2;0.0;2603
@20260609_103407_446_airspeed_sdp810.csv@931203208;0;0.0;2603
@20260609_103407_446_airspeed_sdp810.csv@931225737;-2;0.0;2603
@20260609_103407_446_airspeed_sdp810.csv@931252609;0;0.0;2599
@20260609_103407_446_airspeed_sdp810.csv@931274761;0;0.0;2599
@20260609_103407_446_airspeed_sdp810.csv@931303275;-2;0.0;2603
@20260609_103407_446_airspeed_sdp810.csv@931334007;-2;0.0;2602
@20260609_103407_446_airspeed_sdp810.csv@931362774;-2;0.0;2603
@20260609_103407_446_airspeed_sdp810.csv@931388419;-2;0.0;2599
@20260609_103407_446_airspeed_sdp810.csv@931412980;-2;0.0;2599
@20260609_103407_446_airspeed_sdp810.csv@931444148;-2;0.0;2600
@20260609_103407_446_airspeed_sdp810.csv@931472663;-2;0.0;2600
@20260609_103407_446_airspeed_sdp810.csv@931498490;-2;0.0;2602
@20260609_103407_446_airspeed_sdp810.csv@931523137;-2;0.0;2602
@20260609_103407_446_airspeed_sdp810.csv@931553982;-2;0.0;2601
@20260609_103407_446_airspeed_sdp810.csv@931582798;-2;0.0;2602
@20260609_103407_446_airspeed_sdp810.csv@931604878;-2;0.0;2602
@20260609_103407_446_airspeed_sdp810.csv@931633016;-2;0.0;2603
@20260609_103407_446_airspeed_sdp810.csv@931664165;-2;0.0;2601
@20260609_103407_446_airspeed_sdp810.csv@931692666;-4;0.0;2604
@20260609_103407_446_airspeed_sdp810.csv@931714905;-2;0.0;2604
@20260609_103407_446_airspeed_sdp810.csv@931743221;-2;0.0;2603
@20260609_103407_446_airspeed_sdp810.csv@931774011;-2;0.0;2601
@20260609_103407_446_airspeed_sdp810.csv@931802752;0;0.0;2598
@20260609_103407_446_airspeed_sdp810.csv@931824806;-2;0.0;2598
@20260609_103407_446_airspeed_sdp810.csv@931853052;-2;0.0;2604
@20260609_103407_446_airspeed_sdp810.csv@931884212;-2;0.0;2599
@20260609_103407_446_airspeed_sdp810.csv@931918867;0;0.0;2600
@20260609_103407_446_airspeed_sdp810.csv@931944516;-2;0.0;2602
@20260609_103407_446_airspeed_sdp810.csv@931973065;-2;0.0;2601
@20260609_103407_446_airspeed_sdp810.csv@931997900;-2;0.0;2601
@20260609_103407_446_airspeed_sdp810.csv@932024317;0;0.0;2599
@20260609_103407_446_airspeed_sdp810.csv@932045034;-2;0.0;2599
@20260609_103407_446_airspeed_sdp810.csv@932072615;0;0.0;2599
@20260609_103407_446_airspeed_sdp810.csv@932095130;-2;0.0;2599
@20260609_103407_446_airspeed_sdp810.csv@932122755;0;0.0;2600
@20260609_103407_446_airspeed_sdp810.csv@932145042;-2;0.0;2600
@20260609_103407_446_airspeed_sdp810.csv@932172645;-2;0.0;2600
@20260609_103407_446_airspeed_sdp810.csv@932195173;-2;0.0;2600
@20260609_103407_446_airspeed_sdp810.csv@932222710;-2;0.0;2601
@20260609_103407_446_airspeed_sdp810.csv@932244983;-4;0.0;2601
@20260609_103407_446_airspeed_sdp810.csv@932272634;-2;0.0;2603
@20260609_103407_446_airspeed_sdp810.csv@932295201;-2;0.0;2603
@20260609_103407_446_airspeed_sdp810.csv@932322680;0;0.0;2600
@20260609_103407_446_airspeed_sdp810.csv@932345011;-2;0.0;2600
@20260609_103407_446_airspeed_sdp810.csv@932372671;-2;0.0;2600
@20260609_103407_446_airspeed_sdp810.csv@932395237;-2;0.0;2600
@20260609_103407_446_airspeed_sdp810.csv@932422719;-2;0.0;2604
@20260609_103407_446_airspeed_sdp810.csv@932448725;0;0.0;2603
@20260609_103407_446_airspeed_sdp810.csv@932472614;-2;0.0;2603
@20260609_103407_446_airspeed_sdp810.csv@932494965;-2;0.0;2602
@20260609_103407_446_airspeed_sdp810.csv@932523106;-2;0.0;2603
@20260609_103407_446_airspeed_sdp810.csv@932547208;-2;0.0;2603
@20260609_103407_446_airspeed_sdp810.csv@932572657;-2;0.0;2599
@20260609_103407_446_airspeed_sdp810.csv@932594769;-2;0.0;2599
@20260609_103407_446_airspeed_sdp810.csv@932623106;-2;0.0;2601
@20260609_103407_446_airspeed_sdp810.csv@932655510;-2;0.0;2605
@20260609_103407_446_airspeed_sdp810.csv@932682835;-2;0.0;2603
@20260609_103407_446_airspeed_sdp810.csv@932704766;-2;0.0;2603
@20260609_103407_446_airspeed_sdp810.csv@932733087;-2;0.0;2603
@20260609_103407_446_airspeed_sdp810.csv@932764228;0;0.0;2602
@20260609_103407_446_airspeed_sdp810.csv@932792668;-2;0.0;2597
@20260609_103407_446_airspeed_sdp810.csv@932814727;-2;0.0;2597
@20260609_103407_446_airspeed_sdp810.csv@932843094;-2;0.0;2602
@20260609_103407_446_airspeed_sdp810.csv@932876539;-2;0.0;2604
@20260609_103407_446_airspeed_sdp810.csv@932903075;-2;0.0;2603
@20260609_103407_446_airspeed_sdp810.csv@932950671;0;0.0;2604
@20260609_103407_446_airspeed_sdp810.csv@932972821;-2;0.0;2604
@20260609_103407_446_airspeed_sdp810.csv@932994950;-2;0.0;2603
@20260609_103407_446_airspeed_sdp810.csv@933022745;-2;0.0;2604
@20260609_103407_446_airspeed_sdp810.csv@933044813;-2;0.0;2604
@20260609_103407_446_airspeed_sdp810.csv@933073108;0;0.0;2603
@20260609_103407_446_airspeed_sdp810.csv@933100315;-2;0.0;2601
@20260609_103407_446_airspeed_sdp810.csv@933122864;-2;0.0;2601
@20260609_103407_446_airspeed_sdp810.csv@933154053;-2;0.0;2603
@20260609_103407_446_airspeed_sdp810.csv@933207176;-2;0.0;2603
@20260609_103407_446_airspeed_sdp810.csv@933232655;-2;0.0;2601
@20260609_103407_446_airspeed_sdp810.csv@933254748;-2;0.0;2601
@20260609_103407_446_airspeed_sdp810.csv@933282781;-2;0.0;2601
@20260609_103407_446_airspeed_sdp810.csv@933308765;-2;0.0;2603
@20260609_103407_446_airspeed_sdp810.csv@933332636;-2;0.0;2603
@20260609_103407_446_airspeed_sdp810.csv@933354692;-2;0.0;2605
@20260609_103407_446_airspeed_sdp810.csv@933382761;-2;0.0;2600
@20260609_103407_446_airspeed_sdp810.csv@933406195;-2;0.0;2600
@20260609_103407_446_airspeed_sdp810.csv@933432988;-2;0.0;2601
@20260609_103407_446_airspeed_sdp810.csv@933464170;-2;0.0;2602
@20260609_103407_446_airspeed_sdp810.csv@933492710;-2;0.0;2603
@20260609_103407_446_airspeed_sdp810.csv@933518470;-2;0.0;2602
@20260609_103407_446_airspeed_sdp810.csv@933543151;-2;0.0;2602
@20260609_103407_446_airspeed_sdp810.csv@933574079;-2;0.0;2605
@20260609_103407_446_airspeed_sdp810.csv@933602813;-2;0.0;2602
@20260609_103407_446_airspeed_sdp810.csv@933628439;-2;0.0;2602
@20260609_103407_446_airspeed_sdp810.csv@933652999;-2;0.0;2602
@20260609_103407_446_airspeed_sdp810.csv@933684168;0;0.0;2599
@20260609_103407_446_airspeed_sdp810.csv@933712627;-2;0.0;2601
@20260609_103407_446_airspeed_sdp810.csv@933734733;0;0.0;2601
@20260609_103407_446_airspeed_sdp810.csv@933763195;-2;0.0;2603
@20260609_103407_446_airspeed_sdp810.csv@933794061;0;0.0;2603
@20260609_103407_446_airspeed_sdp810.csv@933822763;-2;0.0;2601
@20260609_103407_446_airspeed_sdp810.csv@933844800;-2;0.0;2601
@20260609_103407_446_airspeed_sdp810.csv@933873062;0;0.0;2603
@20260609_103407_446_airspeed_sdp810.csv@933904187;-2;0.0;2602
@20260609_103407_446_airspeed_sdp810.csv@933932652;-2;0.0;2603
@20260609_103407_446_airspeed_sdp810.csv@933981492;-2;0.0;2603
@20260609_103407_446_airspeed_sdp810.csv@934003685;-2;0.0;2603
@20260609_103407_446_airspeed_sdp810.csv@934034068;-2;0.0;2603
@20260609_103407_446_airspeed_sdp810.csv@934062846;-2;0.0;2602
@20260609_103407_446_airspeed_sdp810.csv@934088610;-2;0.0;2603
@20260609_103407_446_airspeed_sdp810.csv@934112695;-2;0.0;2603
@20260609_103407_446_airspeed_sdp810.csv@934134713;-2;0.0;2601
@20260609_103407_446_airspeed_sdp810.csv@934162960;-4;0.0;2601
@20260609_103407_446_airspeed_sdp810.csv@934194455;-2;0.0;2601
@20260609_103407_446_airspeed_sdp810.csv@934222877;-2;0.0;2606
@20260609_103407_446_airspeed_sdp810.csv@934248406;-2;0.0;2603
@20260609_103407_446_airspeed_sdp810.csv@934272628;-2;0.0;2603
@20260609_103407_446_airspeed_sdp810.csv@934295090;0;0.0;2603
@20260609_103407_446_airspeed_sdp810.csv@934322839;-2;0.0;2599
@20260609_103407_446_airspeed_sdp810.csv@934346230;-2;0.0;2599
@20260609_103407_446_airspeed_sdp810.csv@934372702;-4;0.0;2604
@20260609_103407_446_airspeed_sdp810.csv@934395189;-2;0.0;2604
@20260609_103407_446_airspeed_sdp810.csv@934422823;0;0.0;2602
@20260609_103407_446_airspeed_sdp810.csv@934444700;-2;0.0;2602
@20260609_103407_446_airspeed_sdp810.csv@934472652;-2;0.0;2601
@20260609_103407_446_airspeed_sdp810.csv@934494733;-2;0.0;2601
@20260609_103407_446_airspeed_sdp810.csv@934523125;0;0.0;2601
@20260609_103407_446_airspeed_sdp810.csv@934554168;-2;0.0;2600
@20260609_103407_446_airspeed_sdp810.csv@934582789;-2;0.0;2603
@20260609_103407_446_airspeed_sdp810.csv@934604769;-2;0.0;2603
@20260609_103407_446_airspeed_sdp810.csv@934632971;-2;0.0;2603
@20260609_103407_446_airspeed_sdp810.csv@934664280;0;0.0;2599
@20260609_103407_446_airspeed_sdp810.csv@934692683;-2;0.0;2602
@20260609_103407_446_airspeed_sdp810.csv@934714754;-2;0.0;2602
@20260609_103407_446_airspeed_sdp810.csv@934743200;-2;0.0;2603
@20260609_103407_446_airspeed_sdp810.csv@934774169;-2;0.0;2601
@20260609_103407_446_airspeed_sdp810.csv@934802854;-2;0.0;2605
@20260609_103407_446_airspeed_sdp810.csv@934824777;0;0.0;2605
@20260609_103407_446_airspeed_sdp810.csv@934853032;-2;0.0;2602
@20260609_103407_446_airspeed_sdp810.csv@934884245;-2;0.0;2602
@20260609_103407_446_airspeed_sdp810.csv@934912661;-2;0.0;2603
@20260609_103407_446_airspeed_sdp810.csv@934934757;-2;0.0;2603
@20260609_103407_446_airspeed_sdp810.csv@934963171;0;0.0;2602
@20260609_103407_446_airspeed_sdp810.csv@935011004;0;0.0;2601
@20260609_103407_446_airspeed_sdp810.csv@935033471;-2;0.0;2601
@20260609_103407_446_airspeed_sdp810.csv@935054768;-2;0.0;2603
@20260609_103407_446_airspeed_sdp810.csv@935083138;-2;0.0;2602
@20260609_103407_446_airspeed_sdp810.csv@935114156;-2;0.0;2602
@20260609_103407_446_airspeed_sdp810.csv@935142826;-2;0.0;2602
@20260609_103407_446_airspeed_sdp810.csv@935164778;-2;0.0;2602
@20260609_103407_446_airspeed_sdp810.csv@935192965;-2;0.0;2602
@20260609_103407_446_airspeed_sdp810.csv@935224356;-2;0.0;2603
@20260609_103407_446_airspeed_sdp810.csv@935252681;-2;0.0;2601
@20260609_103407_446_airspeed_sdp810.csv@935274709;-2;0.0;2601
@20260609_103407_446_airspeed_sdp810.csv@935303129;-2;0.0;2600
@20260609_103407_446_airspeed_sdp810.csv@935334088;-2;0.0;2604
@20260609_103407_446_airspeed_sdp810.csv@935362842;-2;0.0;2600
@20260609_103407_446_airspeed_sdp810.csv@935384691;-2;0.0;2600
@20260609_103407_446_airspeed_sdp810.csv@935412991;-2;0.0;2602
@20260609_103407_446_airspeed_sdp810.csv@935444282;-4;0.0;2603
@20260609_103407_446_airspeed_sdp810.csv@935472712;-2;0.0;2600
@20260609_103407_446_airspeed_sdp810.csv@935494723;-2;0.0;2600
@20260609_103407_446_airspeed_sdp810.csv@935523074;-2;0.0;2606
@20260609_103407_446_airspeed_sdp810.csv@935554126;-2;0.0;2602
@20260609_103407_446_airspeed_sdp810.csv@935582824;-2;0.0;2605
@20260609_103407_446_airspeed_sdp810.csv@935604652;-2;0.0;2605
@20260609_103407_446_airspeed_sdp810.csv@935633017;-2;0.0;2602
@20260609_103407_446_airspeed_sdp810.csv@935664194;-2;0.0;2599
@20260609_103407_446_airspeed_sdp810.csv@935692703;-2;0.0;2606
@20260609_103407_446_airspeed_sdp810.csv@935714714;0;0.0;2606
@20260609_103407_446_airspeed_sdp810.csv@935743174;-2;0.0;2604
@20260609_103407_446_airspeed_sdp810.csv@935774027;-2;0.0;2604
@20260609_103407_446_airspeed_sdp810.csv@935802790;-2;0.0;2603
@20260609_103407_446_airspeed_sdp810.csv@935824671;-2;0.0;2603
@20260609_103407_446_airspeed_sdp810.csv@935852983;0;0.0;2601
@20260609_103407_446_airspeed_sdp810.csv@935884156;0;0.0;2600
@20260609_103407_446_airspeed_sdp810.csv@935912764;-2;0.0;2602
@20260609_103407_446_airspeed_sdp810.csv@935934748;-2;0.0;2602
@20260609_103407_446_airspeed_sdp810.csv@935963116;-2;0.0;2603
@20260609_103407_446_airspeed_sdp810.csv@935993985;-2;0.0;2602
@20260609_103407_446_airspeed_sdp810.csv@936041409;0;0.0;2601
@20260609_103407_446_airspeed_sdp810.csv@936064461;-2;0.0;2601
@20260609_103407_446_airspeed_sdp810.csv@936094104;-2;0.0;2600
@20260609_103407_446_airspeed_sdp810.csv@936122879;-2;0.0;2602
@20260609_103407_446_airspeed_sdp810.csv@936154113;-2;0.0;2605
@20260609_103407_446_airspeed_sdp810.csv@936183169;-2;0.0;2605
@20260609_103407_446_airspeed_sdp810.csv@936208542;-2;0.0;2605
@20260609_103407_446_airspeed_sdp810.csv@936232661;-2;0.0;2605
@20260609_103407_446_airspeed_sdp810.csv@936254914;-4;0.0;2601
@20260609_103407_446_airspeed_sdp810.csv@936282712;-2;0.0;2601
@20260609_103407_446_airspeed_sdp810.csv@936306490;-2;0.0;2601
@20260609_103407_446_airspeed_sdp810.csv@936332794;-2;0.0;2604
@20260609_103407_446_airspeed_sdp810.csv@936354813;-2;0.0;2604
@20260609_103407_446_airspeed_sdp810.csv@936382702;-2;0.0;2605
@20260609_103407_446_airspeed_sdp810.csv@936405051;-2;0.0;2605
@20260609_103407_446_airspeed_sdp810.csv@936432755;-2;0.0;2604
@20260609_103407_446_airspeed_sdp810.csv@936454912;0;0.0;2604
@20260609_103407_446_airspeed_sdp810.csv@936482727;-2;0.0;2603
@20260609_103407_446_airspeed_sdp810.csv@936508594;-2;0.0;2606
@20260609_103407_446_airspeed_sdp810.csv@936532793;-2;0.0;2606
@20260609_103407_446_airspeed_sdp810.csv@936554824;-2;0.0;2603
@20260609_103407_446_airspeed_sdp810.csv@936582777;-2;0.0;2600
@20260609_103407_446_airspeed_sdp810.csv@936604804;-2;0.0;2600
@20260609_103407_446_airspeed_sdp810.csv@936633163;-2;0.0;2604
@20260609_103407_446_airspeed_sdp810.csv@936664314;-2;0.0;2603
@20260609_103407_446_airspeed_sdp810.csv@936692692;-2;0.0;2606
@20260609_103407_446_airspeed_sdp810.csv@936718480;0;0.0;2604
@20260609_103407_446_airspeed_sdp810.csv@936743218;-2;0.0;2604
@20260609_103407_446_airspeed_sdp810.csv@936774130;-2;0.0;2604
@20260609_103407_446_airspeed_sdp810.csv@936802780;-2;0.0;2601
@20260609_103407_446_airspeed_sdp810.csv@936830115;-2;0.0;2606
@20260609_103407_446_airspeed_sdp810.csv@936853139;-2;0.0;2606
@20260609_103407_446_airspeed_sdp810.csv@936884214;-2;0.0;2601
@20260609_103407_446_airspeed_sdp810.csv@936912648;-2;0.0;2607
@20260609_103407_446_airspeed_sdp810.csv@936937545;-2;0.0;2607
@20260609_103407_446_airspeed_sdp810.csv@936963170;-2;0.0;2602
@20260609_103407_446_airspeed_sdp810.csv@936994101;-2;0.0;2603
@20260609_103407_446_airspeed_sdp810.csv@937022815;-2;0.0;2603
@20260609_103407_446_airspeed_sdp810.csv@937141161;0;0.0;2600
@20260609_103407_446_airspeed_sdp810.csv@937165209;-2;0.0;2600
@20260609_103407_446_airspeed_sdp810.csv@937194550;-2;0.0;2600
@20260609_103407_446_airspeed_sdp810.csv@937223149;-2;0.0;2603
@20260609_103407_446_airspeed_sdp810.csv@937249631;-2;0.0;2605
@20260609_103407_446_airspeed_sdp810.csv@937273337;-2;0.0;2605
@20260609_103407_446_airspeed_sdp810.csv@937304632;-2;0.0;2602
@20260609_103407_446_airspeed_sdp810.csv@937332849;-2;0.0;2605
@20260609_103407_446_airspeed_sdp810.csv@937361775;-2;0.0;2600
@20260609_103407_446_airspeed_sdp810.csv@937384356;-2;0.0;2600
@20260609_103407_446_airspeed_sdp810.csv@937414306;0;0.0;2597
@20260609_103407_446_airspeed_sdp810.csv@937443099;-2;0.0;2604
@20260609_103407_446_airspeed_sdp810.csv@937468015;-2;0.0;2604
@20260609_103407_446_airspeed_sdp810.csv@937493146;-2;0.0;2601
@20260609_103407_446_airspeed_sdp810.csv@937524647;-2;0.0;2602
@20260609_103407_446_airspeed_sdp810.csv@937553000;0;0.0;2606
@20260609_103407_446_airspeed_sdp810.csv@937578602;-2;0.0;2603
@20260609_103407_446_airspeed_sdp810.csv@937603194;-2;0.0;2603
@20260609_103407_446_airspeed_sdp810.csv@937634575;-2;0.0;2601
@20260609_103407_446_airspeed_sdp810.csv@937663136;-2;0.0;2606
@20260609_103407_446_airspeed_sdp810.csv@937690196;0;0.0;2607
@20260609_103407_446_airspeed_sdp810.csv@937712965;-2;0.0;2607
@20260609_103407_446_airspeed_sdp810.csv@937744670;-2;0.0;2604
@20260609_103407_446_airspeed_sdp810.csv@937773034;0;0.0;2601
@20260609_103407_446_airspeed_sdp810.csv@937800094;-2;0.0;2605
@20260609_103407_446_airspeed_sdp810.csv@937823171;-2;0.0;2605
@20260609_103407_446_airspeed_sdp810.csv@937854371;-4;0.0;2600
@20260609_103407_446_airspeed_sdp810.csv@937884797;-2;0.0;2604
@20260609_103407_446_airspeed_sdp810.csv@937910579;-2;0.0;2603
@20260609_103407_446_airspeed_sdp810.csv@937932941;-2;0.0;2603
@20260609_103407_446_airspeed_sdp810.csv@937964720;-2;0.0;2602
@20260609_103407_446_airspeed_sdp810.csv@937994630;-4;0.0;2601
@20260609_103407_446_airspeed_sdp810.csv@938020036;0;0.0;2603
@20260609_103407_446_airspeed_sdp810.csv@938043169;0;0.0;2603
@20260609_103407_446_airspeed_sdp810.csv@938074359;-2;0.0;2601
@20260609_103407_446_airspeed_sdp810.csv@938104728;-4;0.0;2604
@20260609_103407_446_airspeed_sdp810.csv@938134965;-2;0.0;2601
@20260609_103407_446_airspeed_sdp810.csv@938161210;-2;0.0;2603
@20260609_103407_446_airspeed_sdp810.csv@938185832;-2;0.0;2603
@20260609_103407_446_airspeed_sdp810.csv@938211069;-4;0.0;2602
@20260609_103407_446_airspeed_sdp810.csv@938236960;-2;0.0;2601
@20260609_103407_446_airspeed_sdp810.csv@938263744;-2;0.0;2601
@20260609_103407_446_airspeed_sdp810.csv@938294380;-2;0.0;2603
@20260609_103407_446_airspeed_sdp810.csv@938323230;-2;0.0;2605
@20260609_103407_446_airspeed_sdp810.csv@938348905;-2;0.0;2603
@20260609_103407_446_airspeed_sdp810.csv@938373365;-2;0.0;2603
@20260609_103407_446_airspeed_sdp810.csv@938404689;-2;0.0;2607
@20260609_103407_446_airspeed_sdp810.csv@938433018;-2;0.0;2604
@20260609_103407_446_airspeed_sdp810.csv@938458984;-2;0.0;2605
@20260609_103407_446_airspeed_sdp810.csv@938483575;-2;0.0;2605
@20260609_103407_446_airspeed_sdp810.csv@938514445;-2;0.0;2605
@20260609_103407_446_airspeed_sdp810.csv@938543296;-2;0.0;2601
@20260609_103407_446_airspeed_sdp810.csv@938569232;-2;0.0;2606
@20260609_103407_446_airspeed_sdp810.csv@938593438;-2;0.0;2606
@20260609_103407_446_airspeed_sdp810.csv@938624673;-2;0.0;2603
@20260609_103407_446_airspeed_sdp810.csv@938653007;-2;0.0;2601
@20260609_103407_446_airspeed_sdp810.csv@938679128;-2;0.0;2602
@20260609_103407_446_airspeed_sdp810.csv@938703683;-2;0.0;2602
@20260609_103407_446_airspeed_sdp810.csv@938734389;-2;0.0;2606
@20260609_103407_446_airspeed_sdp810.csv@938763278;-2;0.0;2604
@20260609_103407_446_airspeed_sdp810.csv@938789050;-2;0.0;2603
@20260609_103407_446_airspeed_sdp810.csv@938813333;-2;0.0;2603
@20260609_103407_446_airspeed_sdp810.csv@938844612;-2;0.0;2602
@20260609_103407_446_airspeed_sdp810.csv@938873059;-2;0.0;2602
@20260609_103407_446_airspeed_sdp810.csv@938898806;-2;0.0;2606
@20260609_103407_446_airspeed_sdp810.csv@938923586;-2;0.0;2606
@20260609_103407_446_airspeed_sdp810.csv@938954366;-2;0.0;2602
@20260609_103407_446_airspeed_sdp810.csv@938983296;-4;0.0;2607
@20260609_103407_446_airspeed_sdp810.csv@939008903;-2;0.0;2605
@20260609_103407_446_airspeed_sdp810.csv@939033346;-2;0.0;2605
@20260609_103407_446_airspeed_sdp810.csv@939064548;-2;0.0;2607
@20260609_103407_446_airspeed_sdp810.csv@939092986;-2;0.0;2601
@20260609_103407_446_airspeed_sdp810.csv@939118775;-2;0.0;2601
@20260609_103407_446_airspeed_sdp810.csv@939143526;-2;0.0;2601
@20260609_103407_446_airspeed_sdp810.csv@939171464;0;0.0;2600
@20260609_103407_446_airspeed_sdp810.csv@939194379;-2;0.0;2600
@20260609_103407_446_airspeed_sdp810.csv@939224742;-2;0.0;2602
@20260609_103407_446_airspeed_sdp810.csv@939253398;-2;0.0;2603
@20260609_103407_446_airspeed_sdp810.csv@939286070;-2;0.0;2603
@20260609_103407_446_airspeed_sdp810.csv@939313077;-2;0.0;2604
@20260609_103407_446_airspeed_sdp810.csv@939338324;-2;0.0;2604
@20260609_103407_446_airspeed_sdp810.csv@939363513;-2;0.0;2601
@20260609_103407_446_airspeed_sdp810.csv@939394568;-2;0.0;2603
@20260609_103407_446_airspeed_sdp810.csv@939423241;-2;0.0;2602
@20260609_103407_446_airspeed_sdp810.csv@939448396;-2;0.0;2602
@20260609_103407_446_airspeed_sdp810.csv@939473394;-2;0.0;2606
@20260609_103407_446_airspeed_sdp810.csv@939504533;-2;0.0;2603
@20260609_103407_446_airspeed_sdp810.csv@939533018;-2;0.0;2604
@20260609_103407_446_airspeed_sdp810.csv@939558377;-2;0.0;2604
@20260609_103407_446_airspeed_sdp810.csv@939583502;-2;0.0;2602
@20260609_103407_446_airspeed_sdp810.csv@939614523;-2;0.0;2604
@20260609_103407_446_airspeed_sdp810.csv@939643241;-2;0.0;2604
@20260609_103407_446_airspeed_sdp810.csv@939668416;-2;0.0;2604
@20260609_103407_446_airspeed_sdp810.csv@939693375;-2;0.0;2603
@20260609_103407_446_airspeed_sdp810.csv@939724583;-2;0.0;2602
@20260609_103407_446_airspeed_sdp810.csv@939753045;-2;0.0;2605
@20260609_103407_446_airspeed_sdp810.csv@939779341;-2;0.0;2603
@20260609_103407_446_airspeed_sdp810.csv@939803704;-2;0.0;2603
@20260609_103407_446_airspeed_sdp810.csv@939834382;-2;0.0;2605
@20260609_103407_446_airspeed_sdp810.csv@939863217;-2;0.0;2607
@20260609_103407_446_airspeed_sdp810.csv@939888333;-2;0.0;2607
@20260609_103407_446_airspeed_sdp810.csv@939913301;-2;0.0;2603
@20260609_103407_446_airspeed_sdp810.csv@939944643;-2;0.0;2605
@20260609_103407_446_airspeed_sdp810.csv@939973033;-2;0.0;2604
@20260609_103407_446_airspeed_sdp810.csv@939998761;-2;0.0;2607
@20260609_103407_446_airspeed_sdp810.csv@940023633;-2;0.0;2607
@20260609_103407_446_airspeed_sdp810.csv@940054400;-2;0.0;2606
@20260609_103407_446_airspeed_sdp810.csv@940083272;-2;0.0;2603
@20260609_103407_446_airspeed_sdp810.csv@940108267;-4;0.0;2603
@20260609_103407_446_airspeed_sdp810.csv@940133396;-2;0.0;2603
@20260609_103407_446_airspeed_sdp810.csv@940164619;-2;0.0;2603
@20260609_103407_446_airspeed_sdp810.csv@940247925;-2;0.0;2602
@20260609_103407_446_airspeed_sdp810.csv@940274889;-2;0.0;2605
@20260609_103407_446_airspeed_sdp810.csv@940304750;-2;0.0;2599
@20260609_103407_446_airspeed_sdp810.csv@940333050;-2;0.0;2602
@20260609_103407_446_airspeed_sdp810.csv@940365102;-2;0.0;2609
@20260609_103407_446_airspeed_sdp810.csv@940393068;-2;0.0;2607
@20260609_103407_446_airspeed_sdp810.csv@940424618;-2;0.0;2602
@20260609_103407_446_airspeed_sdp810.csv@940453034;-2;0.0;2603
@20260609_103407_446_airspeed_sdp810.csv@940484915;-2;0.0;2604
@20260609_103407_446_airspeed_sdp810.csv@940513053;-2;0.0;2605
@20260609_103407_446_airspeed_sdp810.csv@940544524;-2;0.0;2605
@20260609_103407_446_airspeed_sdp810.csv@940572875;-2;0.0;2604
@20260609_103407_446_airspeed_sdp810.csv@940600573;-2;0.0;2605
@20260609_103407_446_airspeed_sdp810.csv@940623224;-2;0.0;2605
@20260609_103407_446_airspeed_sdp810.csv@940654451;-2;0.0;2606
@20260609_103407_446_airspeed_sdp810.csv@940683095;0;0.0;2603
@20260609_103407_446_airspeed_sdp810.csv@940707416;-2;0.0;2603
@20260609_103407_446_airspeed_sdp810.csv@940732971;0;0.0;2603
@20260609_103407_446_airspeed_sdp810.csv@940764681;-2;0.0;2605
@20260609_103407_446_airspeed_sdp810.csv@940792960;-2;0.0;2604
@20260609_103407_446_airspeed_sdp810.csv@940815526;-2;0.0;2604
@20260609_103407_446_airspeed_sdp810.csv@940843244;-2;0.0;2605
@20260609_103407_446_airspeed_sdp810.csv@940874487;0;0.0;2604
@20260609_103407_446_airspeed_sdp810.csv@940903145;-2;0.0;2605
@20260609_103407_446_airspeed_sdp810.csv@940934782;-4;0.0;2601
@20260609_103407_446_airspeed_sdp810.csv@940963219;-2;0.0;2605
@20260609_103407_446_airspeed_sdp810.csv@940994506;-2;0.0;2603
@20260609_103407_446_airspeed_sdp810.csv@941016021;0;0.0;2605
@20260609_103407_446_airspeed_sdp810.csv@941044881;-2;0.0;2605
@20260609_103407_446_airspeed_sdp810.csv@941073079;-2;0.0;2605
@20260609_103407_446_airspeed_sdp810.csv@941104777;-2;0.0;2604
@20260609_103407_446_airspeed_sdp810.csv@941125895;0;0.0;2602
@20260609_103407_446_airspeed_sdp810.csv@941154517;-2;0.0;2603
@20260609_103407_446_airspeed_sdp810.csv@941183157;-2;0.0;2603
@20260609_103407_446_airspeed_sdp810.csv@941214543;-2;0.0;2602
@20260609_103407_446_airspeed_sdp810.csv@941243133;-2;0.0;2603
@20260609_103407_446_airspeed_sdp810.csv@941267043;-2;0.0;2603
@20260609_103407_446_airspeed_sdp810.csv@941293009;-2;0.0;2604
@20260609_103407_446_airspeed_sdp810.csv@941324701;-2;0.0;2606
@20260609_103407_446_airspeed_sdp810.csv@941352996;-2;0.0;2602
@20260609_103407_446_airspeed_sdp810.csv@941384956;-2;0.0;2607
@20260609_103407_446_airspeed_sdp810.csv@941412985;-2;0.0;2601
@20260609_103407_446_airspeed_sdp810.csv@941440691;-2;0.0;2604
@20260609_103407_446_airspeed_sdp810.csv@941464361;-2;0.0;2604
@20260609_103407_446_airspeed_sdp810.csv@941494609;-2;0.0;2604
@20260609_103407_446_airspeed_sdp810.csv@941523148;-2;0.0;2605
@20260609_103407_446_airspeed_sdp810.csv@941550664;-2;0.0;2606
@20260609_103407_446_airspeed_sdp810.csv@941573008;-2;0.0;2606
@20260609_103407_446_airspeed_sdp810.csv@941604968;0;0.0;2604
@20260609_103407_446_airspeed_sdp810.csv@941632940;-2;0.0;2603
@20260609_103407_446_airspeed_sdp810.csv@941658413;-2;0.0;2605
@20260609_103407_446_airspeed_sdp810.csv@941683275;-2;0.0;2605
@20260609_103407_446_airspeed_sdp810.csv@941714619;0;0.0;2601
@20260609_103407_446_airspeed_sdp810.csv@941743168;-2;0.0;2605
@20260609_103407_446_airspeed_sdp810.csv@941768426;-2;0.0;2605
@20260609_103407_446_airspeed_sdp810.csv@941792940;-2;0.0;2604
@20260609_103407_446_airspeed_sdp810.csv@941824853;-2;0.0;2604
@20260609_103407_446_airspeed_sdp810.csv@941852933;-2;0.0;2603
@20260609_103407_446_airspeed_sdp810.csv@941878959;0;0.0;2603
@20260609_103407_446_airspeed_sdp810.csv@941903140;-2;0.0;2603
@20260609_103407_446_airspeed_sdp810.csv@941934675;-2;0.0;2605
@20260609_103407_446_airspeed_sdp810.csv@941964843;-2;0.0;2603
@20260609_103407_446_airspeed_sdp810.csv@941988629;0;0.0;2603
@20260609_103407_446_airspeed_sdp810.csv@942012849;-2;0.0;2606
@20260609_103407_446_airspeed_sdp810.csv@942035540;0;0.0;2603
@20260609_103407_446_airspeed_sdp810.csv@942063158;-2;0.0;2603
@20260609_103407_446_airspeed_sdp810.csv@942094732;-2;0.0;2607
@20260609_103407_446_airspeed_sdp810.csv@942123193;-2;0.0;2605
@20260609_103407_446_airspeed_sdp810.csv@942154683;-2;0.0;2603
@20260609_103407_446_airspeed_sdp810.csv@942176540;-2;0.0;2603
@20260609_103407_446_airspeed_sdp810.csv@942204657;-2;0.0;2607
@20260609_103407_446_airspeed_sdp810.csv@942233009;-2;0.0;2602
@20260609_103407_446_airspeed_sdp810.csv@942264864;-2;0.0;2604
@20260609_103407_446_airspeed_sdp810.csv@942293903;0;0.0;2604
@20260609_103407_446_airspeed_sdp810.csv@942324566;-2;0.0;2603
@20260609_103407_446_airspeed_sdp810.csv@942352939;-2;0.0;2604
@20260609_103407_446_airspeed_sdp810.csv@942384901;-2;0.0;2605
@20260609_103407_446_airspeed_sdp810.csv@942413131;-2;0.0;2605
@20260609_103407_446_airspeed_sdp810.csv@942444589;-2;0.0;2604
@20260609_103407_446_airspeed_sdp810.csv@942472948;-2;0.0;2605
@20260609_103407_446_airspeed_sdp810.csv@942498164;-2;0.0;2605
@20260609_103407_446_airspeed_sdp810.csv@942523380;-2;0.0;2607
@20260609_103407_446_airspeed_sdp810.csv@942554356;-2;0.0;2604
@20260609_103407_446_airspeed_sdp810.csv@942583170;-2;0.0;2605
@20260609_103407_446_airspeed_sdp810.csv@942608157;0;0.0;2605
@20260609_103407_446_airspeed_sdp810.csv@942632984;-2;0.0;2599
@20260609_103407_446_airspeed_sdp810.csv@942664624;-2;0.0;2606
@20260609_103407_446_airspeed_sdp810.csv@942692944;-2;0.0;2605
@20260609_103407_446_airspeed_sdp810.csv@942725089;-2;0.0;2603
@20260609_103407_446_airspeed_sdp810.csv@942752913;-2;0.0;2603
@20260609_103407_446_airspeed_sdp810.csv@942775264;-4;0.0;2603
@20260609_103407_446_airspeed_sdp810.csv@942803177;-2;0.0;2604
@20260609_103407_446_airspeed_sdp810.csv@942834806;-2;0.0;2609
@20260609_103407_446_airspeed_sdp810.csv@942863154;-2;0.0;2606
@20260609_103407_446_airspeed_sdp810.csv@942894435;-2;0.0;2604
@20260609_103407_446_airspeed_sdp810.csv@942916521;-2;0.0;2603
@20260609_103407_446_airspeed_sdp810.csv@942944949;-2;0.0;2610
@20260609_103407_446_airspeed_sdp810.csv@942972910;-2;0.0;2605
@20260609_103407_446_airspeed_sdp810.csv@942995295;-2;0.0;2605
@20260609_103407_446_airspeed_sdp810.csv@943024719;-2;0.0;2605
@20260609_103407_446_airspeed_sdp810.csv@943054745;0;0.0;2605
@20260609_103407_446_airspeed_sdp810.csv@943083130;-2;0.0;2608
@20260609_103407_446_airspeed_sdp810.csv@943114520;0;0.0;2604
@20260609_103407_446_airspeed_sdp810.csv@943143291;-2;0.0;2603
@20260609_103407_446_airspeed_sdp810.csv@943174705;-2;0.0;2606
@20260609_103407_446_airspeed_sdp810.csv@943203028;-2;0.0;2603
@20260609_103407_446_airspeed_sdp810.csv@943235827;-2;0.0;2603
@20260609_103407_446_airspeed_sdp810.csv@943263142;0;0.0;2604
@20260609_103407_446_airspeed_sdp810.csv@943302774;-2;0.0;2605
@20260609_103407_446_airspeed_sdp810.csv@943324125;-2;0.0;2605
@20260609_103407_446_airspeed_sdp810.csv@943354529;-2;0.0;2604
@20260609_103407_446_airspeed_sdp810.csv@943383227;-2;0.0;2601
@20260609_103407_446_airspeed_sdp810.csv@943408535;-2;0.0;2605
@20260609_103407_446_airspeed_sdp810.csv@943432969;-2;0.0;2605
@20260609_103407_446_airspeed_sdp810.csv@943464875;0;0.0;2604
@20260609_103407_446_airspeed_sdp810.csv@943492970;-2;0.0;2605
@20260609_103407_446_airspeed_sdp810.csv@943519849;-2;0.0;2603
@20260609_103407_446_airspeed_sdp810.csv@943544888;-2;0.0;2603
@20260609_103407_446_airspeed_sdp810.csv@943574498;-4;0.0;2604
@20260609_103407_446_airspeed_sdp810.csv@943603174;-2;0.0;2605
@20260609_103407_446_airspeed_sdp810.csv@943628568;-2;0.0;2607
@20260609_103407_446_airspeed_sdp810.csv@943654568;-2;0.0;2605
@20260609_103407_446_airspeed_sdp810.csv@943684741;-2;0.0;2604
@20260609_103407_446_airspeed_sdp810.csv@943712936;-2;0.0;2608
@20260609_103407_446_airspeed_sdp810.csv@943739545;-2;0.0;2608
@20260609_103407_446_airspeed_sdp810.csv@943763187;-2;0.0;2608
@20260609_103407_446_airspeed_sdp810.csv@943794593;-2;0.0;2606
@20260609_103407_446_airspeed_sdp810.csv@943823161;-2;0.0;2606
@20260609_103407_446_airspeed_sdp810.csv@943848563;-2;0.0;2606
@20260609_103407_446_airspeed_sdp810.csv@943873028;-2;0.0;2605
@20260609_103407_446_airspeed_sdp810.csv@943904705;-2;0.0;2603
@20260609_103407_446_airspeed_sdp810.csv@943933008;-2;0.0;2607
@20260609_103407_446_airspeed_sdp810.csv@943960943;-2;0.0;2604
@20260609_103407_446_airspeed_sdp810.csv@943984295;-2;0.0;2604
@20260609_103407_446_airspeed_sdp810.csv@944014467;0;0.0;2609
@20260609_103407_446_airspeed_sdp810.csv@944043222;-2;0.0;2601
@20260609_103407_446_airspeed_sdp810.csv@944072262;-2;0.0;2604
@20260609_103407_446_airspeed_sdp810.csv@944095313;-2;0.0;2604
@20260609_103407_446_airspeed_sdp810.csv@944124594;-2;0.0;2606
@20260609_103407_446_airspeed_sdp810.csv@944152986;-2;0.0;2602
@20260609_103407_446_airspeed_sdp810.csv@944178067;-2;0.0;2602
@20260609_103407_446_airspeed_sdp810.csv@944203247;-2;0.0;2605
@20260609_103407_446_airspeed_sdp810.csv@944234540;-2;0.0;2603
@20260609_103407_446_airspeed_sdp810.csv@944263165;-2;0.0;2606
@20260609_103407_446_airspeed_sdp810.csv@944288666;-2;0.0;2606
@20260609_103407_446_airspeed_sdp810.csv@944375024;0;0.0;2601
@20260609_103407_446_airspeed_sdp810.csv@944403917;-2;0.0;2604
@20260609_103407_446_airspeed_sdp810.csv@944434479;-2;0.0;2601
@20260609_103407_446_airspeed_sdp810.csv@944463286;-2;0.0;2606
@20260609_103407_446_airspeed_sdp810.csv@944487168;-2;0.0;2606
@20260609_103407_446_airspeed_sdp810.csv@944513528;-2;0.0;2607
@20260609_103407_446_airspeed_sdp810.csv@944544689;-2;0.0;2606
@20260609_103407_446_airspeed_sdp810.csv@944572948;-2;0.0;2604
@20260609_103407_446_airspeed_sdp810.csv@944601245;-2;0.0;2605
@20260609_103407_446_airspeed_sdp810.csv@944625114;-2;0.0;2605
@20260609_103407_446_airspeed_sdp810.csv@944654387;-2;0.0;2601
@20260609_103407_446_airspeed_sdp810.csv@944683179;-2;0.0;2604
@20260609_103407_446_airspeed_sdp810.csv@944711135;-2;0.0;2603
@20260609_103407_446_airspeed_sdp810.csv@944734581;-2;0.0;2603
@20260609_103407_446_airspeed_sdp810.csv@944764512;-2;0.0;2604
@20260609_103407_446_airspeed_sdp810.csv@944792992;-2;0.0;2605
@20260609_103407_446_airspeed_sdp810.csv@944820944;-2;0.0;2602
@20260609_103407_446_airspeed_sdp810.csv@944844594;-2;0.0;2602
@20260609_103407_446_airspeed_sdp810.csv@944874481;-2;0.0;2602
@20260609_103407_446_airspeed_sdp810.csv@944903104;0;0.0;2605
@20260609_103407_446_airspeed_sdp810.csv@944928313;-2;0.0;2605
@20260609_103407_446_airspeed_sdp810.csv@944953402;-2;0.0;2603
@20260609_103407_446_airspeed_sdp810.csv@944984572;-2;0.0;2606
@20260609_103407_446_airspeed_sdp810.csv@945012955;-2;0.0;2604
@20260609_103407_446_airspeed_sdp810.csv@945038440;-2;0.0;2606
@20260609_103407_446_airspeed_sdp810.csv@945063581;-2;0.0;2606
@20260609_103407_446_airspeed_sdp810.csv@945094510;0;0.0;2605
@20260609_103407_446_airspeed_sdp810.csv@945123117;-2;0.0;2606
@20260609_103407_446_airspeed_sdp810.csv@945148495;-2;0.0;2604
@20260609_103407_446_airspeed_sdp810.csv@945173350;-2;0.0;2604
@20260609_103407_446_airspeed_sdp810.csv@945204748;-4;0.0;2607
@20260609_103407_446_airspeed_sdp810.csv@945234692;-2;0.0;2607
@20260609_103407_446_airspeed_sdp810.csv@945258429;-2;0.0;2607
@20260609_103407_446_airspeed_sdp810.csv@945283560;-2;0.0;2603
@20260609_103407_446_airspeed_sdp810.csv@945314315;-2;0.0;2604
@20260609_103407_446_airspeed_sdp810.csv@945344803;-2;0.0;2607
@20260609_103407_446_airspeed_sdp810.csv@945383947;-2;0.0;2606
@20260609_103407_446_airspeed_sdp810.csv@945411134;0;0.0;2607
@20260609_103407_446_airspeed_sdp810.csv@945431909;-2;0.0;2607
@20260609_103407_446_airspeed_sdp810.csv@945454121;-2;0.0;2603
@20260609_103407_446_airspeed_sdp810.csv@945480242;-2;0.0;2605
@20260609_103407_446_airspeed_sdp810.csv@945503609;-2;0.0;2605
@20260609_103407_446_airspeed_sdp810.csv@945534279;-2;0.0;2606
@20260609_103407_446_airspeed_sdp810.csv@945564689;0;0.0;2606
@20260609_103407_446_airspeed_sdp810.csv@945594564;-2;0.0;2605
@20260609_103407_446_airspeed_sdp810.csv@945623629;-2;0.0;2606
@20260609_103407_446_airspeed_sdp810.csv@945654581;-2;0.0;2606
@20260609_103407_446_airspeed_sdp810.csv@945683224;-2;0.0;2604
@20260609_103407_446_airspeed_sdp810.csv@945714656;-2;0.0;2606
@20260609_103407_446_airspeed_sdp810.csv@945743613;-2;0.0;2606
@20260609_103407_446_airspeed_sdp810.csv@945776183;-2;0.0;2604
@20260609_103407_446_airspeed_sdp810.csv@945803300;-2;0.0;2606
@20260609_103407_446_airspeed_sdp810.csv@945834397;-2;0.0;2606
@20260609_103407_446_airspeed_sdp810.csv@945863578;-2;0.0;2602
@20260609_103407_446_airspeed_sdp810.csv@945894498;-2;0.0;2603
@20260609_103407_446_airspeed_sdp810.csv@945923111;-2;0.0;2605
@20260609_103407_446_airspeed_sdp810.csv@945954416;-2;0.0;2605
@20260609_103407_446_airspeed_sdp810.csv@945985070;-2;0.0;2604
@20260609_103407_446_airspeed_sdp810.csv@946014579;-2;0.0;2604
@20260609_103407_446_airspeed_sdp810.csv@946043203;-2;0.0;2603
@20260609_103407_446_airspeed_sdp810.csv@946074468;-2;0.0;2607
@20260609_103407_446_airspeed_sdp810.csv@946103691;-2;0.0;2606
@20260609_103407_446_airspeed_sdp810.csv@946134396;-2;0.0;2607
@20260609_103407_446_airspeed_sdp810.csv@946163116;-2;0.0;2604
@20260609_103407_446_airspeed_sdp810.csv@946195964;0;0.0;2605
@20260609_103407_446_airspeed_sdp810.csv@946223688;-2;0.0;2601
@20260609_103407_446_airspeed_sdp810.csv@946254530;-2;0.0;2608
@20260609_103407_446_airspeed_sdp810.csv@946283117;-2;0.0;2605
@20260609_103407_446_airspeed_sdp810.csv@946314426;0;0.0;2609
@20260609_103407_446_airspeed_sdp810.csv@946343564;-2;0.0;2602
@20260609_103407_446_airspeed_sdp810.csv@946374223;-2;0.0;2609
@20260609_103407_446_airspeed_sdp810.csv@946412446;-2;0.0;2605
@20260609_103407_446_airspeed_sdp810.csv@946435501;-2;0.0;2605
@20260609_103407_446_airspeed_sdp810.csv@946463670;-2;0.0;2607
@20260609_103407_446_airspeed_sdp810.csv@946494460;-2;0.0;2604
@20260609_103407_446_airspeed_sdp810.csv@946516333;-2;0.0;2604
@20260609_103407_446_airspeed_sdp810.csv@946544558;0;0.0;2605
@20260609_103407_446_airspeed_sdp810.csv@946573435;-2;0.0;2604
@20260609_103407_446_airspeed_sdp810.csv@946604682;-2;0.0;2604
@20260609_103407_446_airspeed_sdp810.csv@946626536;-2;0.0;2604
@20260609_103407_446_airspeed_sdp810.csv@946654300;-2;0.0;2609
@20260609_103407_446_airspeed_sdp810.csv@946683566;-2;0.0;2607
@20260609_103407_446_airspeed_sdp810.csv@946714404;-2;0.0;2606
@20260609_103407_446_airspeed_sdp810.csv@946736590;-2;0.0;2606
@20260609_103407_446_airspeed_sdp810.csv@946764555;-2;0.0;2606
@20260609_103407_446_airspeed_sdp810.csv@946793282;-2;0.0;2602
@20260609_103407_446_airspeed_sdp810.csv@946824666;-2;0.0;2607
@20260609_103407_446_airspeed_sdp810.csv@946853290;-2;0.0;2604
@20260609_103407_446_airspeed_sdp810.csv@946884628;0;0.0;2605
@20260609_103407_446_airspeed_sdp810.csv@946913323;-2;0.0;2609
@20260609_103407_446_airspeed_sdp810.csv@946946084;0;0.0;2604
@20260609_103407_446_airspeed_sdp810.csv@946972835;-2;0.0;2603
@20260609_103407_446_airspeed_sdp810.csv@946995209;-2;0.0;2603
@20260609_103407_446_airspeed_sdp810.csv@947023529;-2;0.0;2606
@20260609_103407_446_airspeed_sdp810.csv@947049038;-2;0.0;2605
@20260609_103407_446_airspeed_sdp810.csv@947072881;-2;0.0;2605
@20260609_103407_446_airspeed_sdp810.csv@947095201;0;0.0;2605
@20260609_103407_446_airspeed_sdp810.csv@947123660;-2;0.0;2606
@20260609_103407_446_airspeed_sdp810.csv@947155906;-2;0.0;2607
@20260609_103407_446_airspeed_sdp810.csv@947183150;-2;0.0;2607
@20260609_103407_446_airspeed_sdp810.csv@947214327;-2;0.0;2609
@20260609_103407_446_airspeed_sdp810.csv@947243615;-2;0.0;2603
@20260609_103407_446_airspeed_sdp810.csv@947274548;-2;0.0;2606
@20260609_103407_446_airspeed_sdp810.csv@947303209;-2;0.0;2606
@20260609_103407_446_airspeed_sdp810.csv@947334464;-2;0.0;2602
@20260609_103407_446_airspeed_sdp810.csv@947365047;-2;0.0;2601
@20260609_103407_446_airspeed_sdp810.csv@947394629;-2;0.0;2610
@20260609_103407_446_airspeed_sdp810.csv@947430679;-2;0.0;2606
@20260609_103407_446_airspeed_sdp810.csv@947455912;-2;0.0;2606
@20260609_103407_446_airspeed_sdp810.csv@947483894;-2;0.0;2605
@20260609_103407_446_airspeed_sdp810.csv@947514506;-2;0.0;2605
@20260609_103407_446_airspeed_sdp810.csv@947543172;-2;0.0;2607
@20260609_103407_446_airspeed_sdp810.csv@947575986;-2;0.0;2608
@20260609_103407_446_airspeed_sdp810.csv@947603790;-2;0.0;2605
@20260609_103407_446_airspeed_sdp810.csv@947634389;-2;0.0;2608
@20260609_103407_446_airspeed_sdp810.csv@947663213;0;0.0;2606
@20260609_103407_446_airspeed_sdp810.csv@947694501;-2;0.0;2604
@20260609_103407_446_airspeed_sdp810.csv@947723715;-4;0.0;2605
@20260609_103407_446_airspeed_sdp810.csv@947754471;-2;0.0;2604
@20260609_103407_446_airspeed_sdp810.csv@947784742;-2;0.0;2604
@20260609_103407_446_airspeed_sdp810.csv@947814627;0;0.0;2607
@20260609_103407_446_airspeed_sdp810.csv@947843522;-2;0.0;2606
@20260609_103407_446_airspeed_sdp810.csv@947874702;-2;0.0;2605
@20260609_103407_446_airspeed_sdp810.csv@947903255;-2;0.0;2608
@20260609_103407_446_airspeed_sdp810.csv@947934278;-2;0.0;2607
@20260609_103407_446_airspeed_sdp810.csv@947963539;-2;0.0;2603
@20260609_103407_446_airspeed_sdp810.csv@947995871;-2;0.0;2606
@20260609_103407_446_airspeed_sdp810.csv@948023066;-2;0.0;2607
@20260609_103407_446_airspeed_sdp810.csv@948054525;-2;0.0;2607
@20260609_103407_446_airspeed_sdp810.csv@948083601;-2;0.0;2606
@20260609_103407_446_airspeed_sdp810.csv@948114580;-2;0.0;2600
@20260609_103407_446_airspeed_sdp810.csv@948143206;-2;0.0;2603
@20260609_103407_446_airspeed_sdp810.csv@948174463;-2;0.0;2603
@20260609_103407_446_airspeed_sdp810.csv@948205149;-2;0.0;2604
@20260609_103407_446_airspeed_sdp810.csv@948234478;-2;0.0;2606
@20260609_103407_446_airspeed_sdp810.csv@948263321;-2;0.0;2609
@20260609_103407_446_airspeed_sdp810.csv@948294463;-2;0.0;2605
@20260609_103407_446_airspeed_sdp810.csv@948323677;-2;0.0;2605
@20260609_103407_446_airspeed_sdp810.csv@948354448;-2;0.0;2609
@20260609_103407_446_airspeed_sdp810.csv@948383088;-2;0.0;2604
@20260609_103407_446_airspeed_sdp810.csv@948415869;-2;0.0;2605
@20260609_103407_446_airspeed_sdp810.csv@948452253;-2;0.0;2607
@20260609_103407_446_airspeed_sdp810.csv@948475326;-2;0.0;2607
@20260609_103407_446_airspeed_sdp810.csv@948503207;-2;0.0;2606
@20260609_103407_446_airspeed_sdp810.csv@948534567;-2;0.0;2606
@20260609_103407_446_airspeed_sdp810.csv@948563717;-2;0.0;2605
@20260609_103407_446_airspeed_sdp810.csv@948594427;-2;0.0;2605
@20260609_103407_446_airspeed_sdp810.csv@948624750;-2;0.0;2608
@20260609_103407_446_airspeed_sdp810.csv@948654417;-2;0.0;2603
@20260609_103407_446_airspeed_sdp810.csv@948683723;-2;0.0;2609
@20260609_103407_446_airspeed_sdp810.csv@948714329;-2;0.0;2604
@20260609_103407_446_airspeed_sdp810.csv@948743247;-2;0.0;2607
@20260609_103407_446_airspeed_sdp810.csv@948768362;-2;0.0;2607
@20260609_103407_446_airspeed_sdp810.csv@948793297;-2;0.0;2609
@20260609_103407_446_airspeed_sdp810.csv@948824614;-2;0.0;2605
@20260609_103407_446_airspeed_sdp810.csv@948853094;-2;0.0;2606
@20260609_103407_446_airspeed_sdp810.csv@948878286;-2;0.0;2606
@20260609_103407_446_airspeed_sdp810.csv@948903596;-2;0.0;2608
@20260609_103407_446_airspeed_sdp810.csv@948934405;-2;0.0;2607
@20260609_103407_446_airspeed_sdp810.csv@948963304;-2;0.0;2605
@20260609_103407_446_airspeed_sdp810.csv@948988229;0;0.0;2605
@20260609_103407_446_airspeed_sdp810.csv@949013322;-2;0.0;2606
@20260609_103407_446_airspeed_sdp810.csv@949044620;-2;0.0;2604
@20260609_103407_446_airspeed_sdp810.csv@949073009;-2;0.0;2605
@20260609_103407_446_airspeed_sdp810.csv@949098304;-2;0.0;2605
@20260609_103407_446_airspeed_sdp810.csv@949123549;-2;0.0;2605
@20260609_103407_446_airspeed_sdp810.csv@949154351;-2;0.0;2605
@20260609_103407_446_airspeed_sdp810.csv@949183288;-4;0.0;2608
@20260609_103407_446_airspeed_sdp810.csv@949208299;-2;0.0;2608
@20260609_103407_446_airspeed_sdp810.csv@949233383;-2;0.0;2605
@20260609_103407_446_airspeed_sdp810.csv@949264529;-2;0.0;2607
@20260609_103407_446_airspeed_sdp810.csv@949293159;-2;0.0;2604
@20260609_103407_446_airspeed_sdp810.csv@949318286;-2;0.0;2604
@20260609_103407_446_airspeed_sdp810.csv@949343546;-2;0.0;2606
@20260609_103407_446_airspeed_sdp810.csv@949374432;-2;0.0;2605
@20260609_103407_446_airspeed_sdp810.csv@949403262;-2;0.0;2605
@20260609_103407_446_airspeed_sdp810.csv@949428334;-2;0.0;2605
@20260609_103407_446_airspeed_sdp810.csv@949469761;-2;0.0;2606
@20260609_103407_446_airspeed_sdp810.csv@949491078;-2;0.0;2606
@20260609_103407_446_airspeed_sdp810.csv@949511804;0;0.0;2607
@20260609_103407_446_airspeed_sdp810.csv@949536493;-2;0.0;2607
@20260609_103407_446_airspeed_sdp810.csv@949563597;-2;0.0;2606
@20260609_103407_446_airspeed_sdp810.csv@949589514;-2;0.0;2607
@20260609_103407_446_airspeed_sdp810.csv@949612916;-2;0.0;2607
@20260609_103407_446_airspeed_sdp810.csv@949644635;-2;0.0;2607
@20260609_103407_446_airspeed_sdp810.csv@949673390;-2;0.0;2607
@20260609_103407_446_airspeed_sdp810.csv@949699613;-2;0.0;2607
@20260609_103407_446_airspeed_sdp810.csv@949723158;-2;0.0;2607
@20260609_103407_446_airspeed_sdp810.csv@949754494;-2;0.0;2610
@20260609_103407_446_airspeed_sdp810.csv@949783642;0;0.0;2608
@20260609_103407_446_airspeed_sdp810.csv@949814548;-2;0.0;2606
@20260609_103407_446_airspeed_sdp810.csv@949843205;-2;0.0;2607
@20260609_103407_446_airspeed_sdp810.csv@949868345;-2;0.0;2607
@20260609_103407_446_airspeed_sdp810.csv@949893397;-2;0.0;2603
@20260609_103407_446_airspeed_sdp810.csv@949924717;-2;0.0;2607
@20260609_103407_446_airspeed_sdp810.csv@949952919;-2;0.0;2607
@20260609_103407_446_airspeed_sdp810.csv@949978194;-2;0.0;2607
@20260609_103407_446_airspeed_sdp810.csv@950005045;-2;0.0;2605
@20260609_103407_446_airspeed_sdp810.csv@950034516;-2;0.0;2604
@20260609_103407_446_airspeed_sdp810.csv@950063218;-2;0.0;2607
@20260609_103407_446_airspeed_sdp810.csv@950088344;-2;0.0;2607
@20260609_103407_446_airspeed_sdp810.csv@950114813;-2;0.0;2605
@20260609_103407_446_airspeed_sdp810.csv@950144707;-2;0.0;2607
@20260609_103407_446_airspeed_sdp810.csv@950172945;-2;0.0;2607
@20260609_103407_446_airspeed_sdp810.csv@950198661;-2;0.0;2609
@20260609_103407_446_airspeed_sdp810.csv@950223662;-2;0.0;2609
@20260609_103407_446_airspeed_sdp810.csv@950254445;-2;0.0;2604
@20260609_103407_446_airspeed_sdp810.csv@950283152;-2;0.0;2605
@20260609_103407_446_airspeed_sdp810.csv@950308293;-2;0.0;2605
@20260609_103407_446_airspeed_sdp810.csv@950333399;-2;0.0;2605
@20260609_103407_446_airspeed_sdp810.csv@950364633;-2;0.0;2609
@20260609_103407_446_airspeed_sdp810.csv@950393006;-2;0.0;2605
@20260609_103407_446_airspeed_sdp810.csv@950418408;-2;0.0;2607
@20260609_103407_446_airspeed_sdp810.csv@950443578;-2;0.0;2607
@20260609_103407_446_airspeed_sdp810.csv@950474508;-2;0.0;2606
@20260609_103407_446_airspeed_sdp810.csv@950498921;-2;0.0;2606
@20260609_103407_446_airspeed_sdp810.csv@950524793;-2;0.0;2605
@20260609_103407_446_airspeed_sdp810.csv@950553650;-2;0.0;2606
@20260609_103407_446_airspeed_sdp810.csv@950584695;-2;0.0;2605
@20260609_103407_446_airspeed_sdp810.csv@950613072;-2;0.0;2610
@20260609_103407_446_airspeed_sdp810.csv@950640740;0;0.0;2608
@20260609_103407_446_airspeed_sdp810.csv@950664584;-2;0.0;2608
@20260609_103407_446_airspeed_sdp810.csv@950694384;-2;0.0;2607
@20260609_103407_446_airspeed_sdp810.csv@950723150;-2;0.0;2608
@20260609_103407_446_airspeed_sdp810.csv@950752165;-2;0.0;2606
@20260609_103407_446_airspeed_sdp810.csv@950774695;-2;0.0;2606
@20260609_103407_446_airspeed_sdp810.csv@950804762;-2;0.0;2608
@20260609_103407_446_airspeed_sdp810.csv@950832961;0;0.0;2607
@20260609_103407_446_airspeed_sdp810.csv@950860854;-2;0.0;2603
@20260609_103407_446_airspeed_sdp810.csv@950885585;-2;0.0;2603
@20260609_103407_446_airspeed_sdp810.csv@950914410;-2;0.0;2605
@20260609_103407_446_airspeed_sdp810.csv@950943187;-2;0.0;2603
@20260609_103407_446_airspeed_sdp810.csv@950968279;-2;0.0;2603
@20260609_103407_446_airspeed_sdp810.csv@950993370;-2;0.0;2609
@20260609_103407_446_airspeed_sdp810.csv@951024762;-2;0.0;2607
@20260609_103407_446_airspeed_sdp810.csv@951053005;-2;0.0;2611
@20260609_103407_446_airspeed_sdp810.csv@951078356;-2;0.0;2611
@20260609_103407_446_airspeed_sdp810.csv@951103565;-2;0.0;2609
@20260609_103407_446_airspeed_sdp810.csv@951134611;-2;0.0;2607
@20260609_103407_446_airspeed_sdp810.csv@951163227;0;0.0;2607
@20260609_103407_446_airspeed_sdp810.csv@951188435;-2;0.0;2607
@20260609_103407_446_airspeed_sdp810.csv@951213389;-2;0.0;2606
@20260609_103407_446_airspeed_sdp810.csv@951244695;0;0.0;2607
@20260609_103407_446_airspeed_sdp810.csv@951272952;-2;0.0;2607
@20260609_103407_446_airspeed_sdp810.csv@951298460;-2;0.0;2607
@20260609_103407_446_airspeed_sdp810.csv@951323659;-2;0.0;2605
@20260609_103407_446_airspeed_sdp810.csv@951354544;-2;0.0;2605
@20260609_103407_446_airspeed_sdp810.csv@951384749;0;0.0;2606
@20260609_103407_446_airspeed_sdp810.csv@951408673;-2;0.0;2606
@20260609_103407_446_airspeed_sdp810.csv@951433494;-2;0.0;2604
@20260609_103407_446_airspeed_sdp810.csv@951464617;-2;0.0;2607
@20260609_103407_446_airspeed_sdp810.csv@951494652;-2;0.0;2606
@20260609_103407_446_airspeed_sdp810.csv@951534162;-2;0.0;2607
@20260609_103407_446_airspeed_sdp810.csv@951563369;0;0.0;2609
@20260609_103407_446_airspeed_sdp810.csv@951594470;-2;0.0;2607
@20260609_103407_446_airspeed_sdp810.csv@951623239;-2;0.0;2607
@20260609_103407_446_airspeed_sdp810.csv@951650073;-2;0.0;2607
@20260609_103407_446_airspeed_sdp810.csv@951672978;-2;0.0;2607
@20260609_103407_446_airspeed_sdp810.csv@951704677;-2;0.0;2605
@20260609_103407_446_airspeed_sdp810.csv@951733135;-2;0.0;2605
@20260609_103407_446_airspeed_sdp810.csv@951759926;-2;0.0;2606
@20260609_103407_446_airspeed_sdp810.csv@951783200;-2;0.0;2606
@20260609_103407_446_airspeed_sdp810.csv@951814369;-2;0.0;2607
@20260609_103407_446_airspeed_sdp810.csv@951843235;-2;0.0;2607
@20260609_103407_446_airspeed_sdp810.csv@951869860;-2;0.0;2605
@20260609_103407_446_airspeed_sdp810.csv@951893018;-2;0.0;2605
@20260609_103407_446_airspeed_sdp810.csv@951924625;-2;0.0;2607
@20260609_103407_446_airspeed_sdp810.csv@951953055;0;0.0;2610
@20260609_103407_446_airspeed_sdp810.csv@951979852;-2;0.0;2607
@20260609_103407_446_airspeed_sdp810.csv@952003146;-2;0.0;2607
@20260609_103407_446_airspeed_sdp810.csv@952034362;0;0.0;2606
@20260609_103407_446_airspeed_sdp810.csv@952063240;-2;0.0;2607
@20260609_103407_446_airspeed_sdp810.csv@952089975;-2;0.0;2608
@20260609_103407_446_airspeed_sdp810.csv@952113015;-2;0.0;2608
@20260609_103407_446_airspeed_sdp810.csv@952144560;-2;0.0;2611
@20260609_103407_446_airspeed_sdp810.csv@952173114;-2;0.0;2606
@20260609_103407_446_airspeed_sdp810.csv@952199982;-2;0.0;2609
@20260609_103407_446_airspeed_sdp810.csv@952223065;-2;0.0;2609
@20260609_103407_446_airspeed_sdp810.csv@952254447;-2;0.0;2605
@20260609_103407_446_airspeed_sdp810.csv@952283203;-2;0.0;2606
@20260609_103407_446_airspeed_sdp810.csv@952309891;-2;0.0;2607
@20260609_103407_446_airspeed_sdp810.csv@952333003;0;0.0;2607
@20260609_103407_446_airspeed_sdp810.csv@952364674;-2;0.0;2606
@20260609_103407_446_airspeed_sdp810.csv@952393028;-2;0.0;2605
@20260609_103407_446_airspeed_sdp810.csv@952419639;-2;0.0;2609
@20260609_103407_446_airspeed_sdp810.csv@952443138;-2;0.0;2609
@20260609_103407_446_airspeed_sdp810.csv@952474384;-2;0.0;2608
@20260609_103407_446_airspeed_sdp810.csv@952503240;-2;0.0;2604
@20260609_103407_446_airspeed_sdp810.csv@952529811;-2;0.0;2603
@20260609_103407_446_airspeed_sdp810.csv@952568295;0;0.0;2607
@20260609_103407_446_airspeed_sdp810.csv@952593103;-2;0.0;2610
@20260609_103407_446_airspeed_sdp810.csv@952624709;-2;0.0;2611
@20260609_103407_446_airspeed_sdp810.csv@952653426;-2;0.0;2609
@20260609_103407_446_airspeed_sdp810.csv@952684747;-2;0.0;2607
@20260609_103407_446_airspeed_sdp810.csv@952712995;-4;0.0;2611
@20260609_103407_446_airspeed_sdp810.csv@952738829;-2;0.0;2606
@20260609_103407_446_airspeed_sdp810.csv@952763724;-2;0.0;2606
@20260609_103407_446_airspeed_sdp810.csv@952794509;-2;0.0;2608
@20260609_103407_446_airspeed_sdp810.csv@952823265;-2;0.0;2607
@20260609_103407_446_airspeed_sdp810.csv@952848814;-2;0.0;2607
@20260609_103407_446_airspeed_sdp810.csv@952873376;-2;0.0;2607
@20260609_103407_446_airspeed_sdp810.csv@952904697;-2;0.0;2609
@20260609_103407_446_airspeed_sdp810.csv@952933014;-2;0.0;2604
@20260609_103407_446_airspeed_sdp810.csv@952958711;-2;0.0;2609
@20260609_103407_446_airspeed_sdp810.csv@952983615;0;0.0;2609
@20260609_103407_446_airspeed_sdp810.csv@953014550;-2;0.0;2609
@20260609_103407_446_airspeed_sdp810.csv@953043279;-2;0.0;2608
@20260609_103407_446_airspeed_sdp810.csv@953069157;-2;0.0;2605
@20260609_103407_446_airspeed_sdp810.csv@953093423;-2;0.0;2605
@20260609_103407_446_airspeed_sdp810.csv@953124642;-2;0.0;2603
@20260609_103407_446_airspeed_sdp810.csv@953152985;-2;0.0;2607
@20260609_103407_446_airspeed_sdp810.csv@953178932;-4;0.0;2607
@20260609_103407_446_airspeed_sdp810.csv@953203675;0;0.0;2607
@20260609_103407_446_airspeed_sdp810.csv@953234530;-2;0.0;2608
@20260609_103407_446_airspeed_sdp810.csv@953263181;-2;0.0;2609
@20260609_103407_446_airspeed_sdp810.csv@953288839;-2;0.0;2602
@20260609_103407_446_airspeed_sdp810.csv@953313471;-2;0.0;2602
@20260609_103407_446_airspeed_sdp810.csv@953344530;-2;0.0;2607
@20260609_103407_446_airspeed_sdp810.csv@953373053;-2;0.0;2608
@20260609_103407_446_airspeed_sdp810.csv@953398790;-2;0.0;2609
@20260609_103407_446_airspeed_sdp810.csv@953423606;-2;0.0;2609
@20260609_103407_446_airspeed_sdp810.csv@953454509;-2;0.0;2604
@20260609_103407_446_airspeed_sdp810.csv@953483230;-2;0.0;2607
@20260609_103407_446_airspeed_sdp810.csv@953508776;-2;0.0;2611
@20260609_103407_446_airspeed_sdp810.csv@953533321;-2;0.0;2611
@20260609_103407_446_airspeed_sdp810.csv@953564731;-2;0.0;2609
@20260609_103407_446_airspeed_sdp810.csv@953609083;0;0.0;2609
@20260609_103407_446_airspeed_sdp810.csv@953633557;-2;0.0;2609
@20260609_103407_446_airspeed_sdp810.csv@953664728;-2;0.0;2610
@20260609_103407_446_airspeed_sdp810.csv@953693094;-2;0.0;2607
@20260609_103407_446_airspeed_sdp810.csv@953718785;-2;0.0;2605
@20260609_103407_446_airspeed_sdp810.csv@953743779;-2;0.0;2605
@20260609_103407_446_airspeed_sdp810.csv@953774498;-2;0.0;2608
@20260609_103407_446_airspeed_sdp810.csv@953803336;-2;0.0;2605
@20260609_103407_446_airspeed_sdp810.csv@953828766;-2;0.0;2607
@20260609_103407_446_airspeed_sdp810.csv@953853447;-2;0.0;2607
@20260609_103407_446_airspeed_sdp810.csv@953884697;-2;0.0;2608
@20260609_103407_446_airspeed_sdp810.csv@953913055;-2;0.0;2607
@20260609_103407_446_airspeed_sdp810.csv@953938858;-2;0.0;2607
@20260609_103407_446_airspeed_sdp810.csv@953963631;-2;0.0;2607
@20260609_103407_446_airspeed_sdp810.csv@953994459;-2;0.0;2608
@20260609_103407_446_airspeed_sdp810.csv@954023235;-2;0.0;2609
@20260609_103407_446_airspeed_sdp810.csv@954048789;-2;0.0;2607
@20260609_103407_446_airspeed_sdp810.csv@954073416;-2;0.0;2607
@20260609_103407_446_airspeed_sdp810.csv@954104642;-2;0.0;2605
@20260609_103407_446_airspeed_sdp810.csv@954133140;-2;0.0;2606
@20260609_103407_446_airspeed_sdp810.csv@954158797;-2;0.0;2605
@20260609_103407_446_airspeed_sdp810.csv@954183613;-2;0.0;2605
@20260609_103407_446_airspeed_sdp810.csv@954214504;-2;0.0;2609
@20260609_103407_446_airspeed_sdp810.csv@954243324;-2;0.0;2608
@20260609_103407_446_airspeed_sdp810.csv@954268796;-2;0.0;2610
@20260609_103407_446_airspeed_sdp810.csv@954293364;-2;0.0;2610
@20260609_103407_446_airspeed_sdp810.csv@954324696;-2;0.0;2605
@20260609_103407_446_airspeed_sdp810.csv@954353164;-2;0.0;2608
@20260609_103407_446_airspeed_sdp810.csv@954378729;-2;0.0;2609
@20260609_103407_446_airspeed_sdp810.csv@954403617;-2;0.0;2609
@20260609_103407_446_airspeed_sdp810.csv@954434429;-2;0.0;2608
@20260609_103407_446_airspeed_sdp810.csv@954463201;-2;0.0;2607
@20260609_103407_446_airspeed_sdp810.csv@954488765;-2;0.0;2609
@20260609_103407_446_airspeed_sdp810.csv@954513486;-2;0.0;2609
@20260609_103407_446_airspeed_sdp810.csv@954544663;-2;0.0;2607
@20260609_103407_446_airspeed_sdp810.csv@954573082;-2;0.0;2610
@20260609_103407_446_airspeed_sdp810.csv@954598835;-2;0.0;2604
@20260609_103407_446_airspeed_sdp810.csv@954637707;-2;0.0;2605
@20260609_103407_446_airspeed_sdp810.csv@954663397;-2;0.0;2607
@20260609_103407_446_airspeed_sdp810.csv@954694604;0;0.0;2607
@20260609_103407_446_airspeed_sdp810.csv@954723348;-2;0.0;2609
@20260609_103407_446_airspeed_sdp810.csv@954754710;0;0.0;2609
@20260609_103407_446_airspeed_sdp810.csv@954783348;-2;0.0;2608
@20260609_103407_446_airspeed_sdp810.csv@954808740;-2;0.0;2608
@20260609_103407_446_airspeed_sdp810.csv@954833030;0;0.0;2608
@20260609_103407_446_airspeed_sdp810.csv@954865019;-2;0.0;2609
@20260609_103407_446_airspeed_sdp810.csv@954893165;-2;0.0;2610
@20260609_103407_446_airspeed_sdp810.csv@954918881;-2;0.0;2611
@20260609_103407_446_airspeed_sdp810.csv@954943225;-2;0.0;2611
@20260609_103407_446_airspeed_sdp810.csv@954974717;-2;0.0;2608
@20260609_103407_446_airspeed_sdp810.csv@955003318;-2;0.0;2607
@20260609_103407_446_airspeed_sdp810.csv@955028722;0;0.0;2607
@20260609_103407_446_airspeed_sdp810.csv@955053009;-2;0.0;2607
@20260609_103407_446_airspeed_sdp810.csv@955084837;-2;0.0;2607
@20260609_103407_446_airspeed_sdp810.csv@955112983;-2;0.0;2605
@20260609_103407_446_airspeed_sdp810.csv@955139058;-2;0.0;2604
@20260609_103407_446_airspeed_sdp810.csv@955163169;-2;0.0;2604
@20260609_103407_446_airspeed_sdp810.csv@955194705;-2;0.0;2609
@20260609_103407_446_airspeed_sdp810.csv@955223315;-2;0.0;2608
@20260609_103407_446_airspeed_sdp810.csv@955249022;-2;0.0;2605
@20260609_103407_446_airspeed_sdp810.csv@955272938;-2;0.0;2605
@20260609_103407_446_airspeed_sdp810.csv@955304891;-2;0.0;2607
@20260609_103407_446_airspeed_sdp810.csv@955333033;-2;0.0;2609
@20260609_103407_446_airspeed_sdp810.csv@955358725;0;0.0;2606
@20260609_103407_446_airspeed_sdp810.csv@955383122;-2;0.0;2606
@20260609_103407_446_airspeed_sdp810.csv@955414655;0;0.0;2606
@20260609_103407_446_airspeed_sdp810.csv@955443263;-2;0.0;2612
@20260609_103407_446_airspeed_sdp810.csv@955468828;-2;0.0;2603
@20260609_103407_446_airspeed_sdp810.csv@955492933;-2;0.0;2603
@20260609_103407_446_airspeed_sdp810.csv@955524922;-2;0.0;2611
@20260609_103407_446_airspeed_sdp810.csv@955553130;-2;0.0;2609
@20260609_103407_446_airspeed_sdp810.csv@955578749;-2;0.0;2608
@20260609_103407_446_airspeed_sdp810.csv@955603135;-2;0.0;2608
@20260609_103407_446_airspeed_sdp810.csv@955634609;0;0.0;2609
@20260609_103407_446_airspeed_sdp810.csv@955680890;-2;0.0;2607
@20260609_103407_446_airspeed_sdp810.csv@955705158;-2;0.0;2609
@20260609_103407_446_airspeed_sdp810.csv@955734683;-4;0.0;2608
@20260609_103407_446_airspeed_sdp810.csv@955763367;-4;0.0;2607
@20260609_103407_446_airspeed_sdp810.csv@955794426;-2;0.0;2607
@20260609_103407_446_airspeed_sdp810.csv@955823210;-2;0.0;2609
@20260609_103407_446_airspeed_sdp810.csv@955849414;-2;0.0;2607
@20260609_103407_446_airspeed_sdp810.csv@955872883;-2;0.0;2607
@20260609_103407_446_airspeed_sdp810.csv@955904743;-2;0.0;2607
@20260609_103407_446_airspeed_sdp810.csv@955932982;-2;0.0;2607
@20260609_103407_446_airspeed_sdp810.csv@955957720;-2;0.0;2607
@20260609_103407_446_airspeed_sdp810.csv@955983268;-2;0.0;2605
@20260609_103407_446_airspeed_sdp810.csv@956014478;-2;0.0;2606
@20260609_103407_446_airspeed_sdp810.csv@956043254;0;0.0;2610
@20260609_103407_446_airspeed_sdp810.csv@956074724;0;0.0;2610
@20260609_103407_446_airspeed_sdp810.csv@956103235;-2;0.0;2611
@20260609_103407_446_airspeed_sdp810.csv@956128877;-2;0.0;2609
@20260609_103407_446_airspeed_sdp810.csv@956152879;-2;0.0;2609
@20260609_103407_446_airspeed_sdp810.csv@956184992;-4;0.0;2608
@20260609_103407_446_airspeed_sdp810.csv@956212973;-2;0.0;2606
@20260609_103407_446_airspeed_sdp810.csv@956238764;-2;0.0;2607
@20260609_103407_446_airspeed_sdp810.csv@956264841;-2;0.0;2607
@20260609_103407_446_airspeed_sdp810.csv@956294768;0;0.0;2608
@20260609_103407_446_airspeed_sdp810.csv@956323141;-2;0.0;2605
@20260609_103407_446_airspeed_sdp810.csv@956348725;-2;0.0;2607
@20260609_103407_446_airspeed_sdp810.csv@956374661;-2;0.0;2608
@20260609_103407_446_airspeed_sdp810.csv@956404992;-2;0.0;2605
@20260609_103407_446_airspeed_sdp810.csv@956432928;-2;0.0;2609
@20260609_103407_446_airspeed_sdp810.csv@956458857;-2;0.0;2609
@20260609_103407_446_airspeed_sdp810.csv@956484728;-2;0.0;2606
@20260609_103407_446_airspeed_sdp810.csv@956514748;-2;0.0;2607
@20260609_103407_446_airspeed_sdp810.csv@956543129;-2;0.0;2607
@20260609_103407_446_airspeed_sdp810.csv@956569191;-2;0.0;2608
@20260609_103407_446_airspeed_sdp810.csv@956593034;0;0.0;2608
@20260609_103407_446_airspeed_sdp810.csv@956624794;0;0.0;2610
@20260609_103407_446_airspeed_sdp810.csv@956653046;-2;0.0;2609
@20260609_103407_446_airspeed_sdp810.csv@956710531;0;0.0;2610
@20260609_103407_446_airspeed_sdp810.csv@956733561;-2;0.0;2610
@20260609_103407_446_airspeed_sdp810.csv@956764841;-2;0.0;2606
@20260609_103407_446_airspeed_sdp810.csv@956792999;-2;0.0;2607
@20260609_103407_446_airspeed_sdp810.csv@956821317;-2;0.0;2607
@20260609_103407_446_airspeed_sdp810.csv@956845263;-2;0.0;2607
@20260609_103407_446_airspeed_sdp810.csv@956874397;-2;0.0;2607
@20260609_103407_446_airspeed_sdp810.csv@956903206;-2;0.0;2609
@20260609_103407_446_airspeed_sdp810.csv@956931496;-4;0.0;2607
@20260609_103407_446_airspeed_sdp810.csv@956954977;-2;0.0;2607
@20260609_103407_446_airspeed_sdp810.csv@956984765;-2;0.0;2611
@20260609_103407_446_airspeed_sdp810.csv@957012957;-2;0.0;2607
@20260609_103407_446_airspeed_sdp810.csv@957041242;-2;0.0;2608
@20260609_103407_446_airspeed_sdp810.csv@957065159;-2;0.0;2608
@20260609_103407_446_airspeed_sdp810.csv@957094379;-2;0.0;2611
@20260609_103407_446_airspeed_sdp810.csv@957123207;-2;0.0;2609
@20260609_103407_446_airspeed_sdp810.csv@957148750;-2;0.0;2605
@20260609_103407_446_airspeed_sdp810.csv@957173331;-2;0.0;2605
@20260609_103407_446_airspeed_sdp810.csv@957204669;-2;0.0;2608
@20260609_103407_446_airspeed_sdp810.csv@957232969;-2;0.0;2610
@20260609_103407_446_airspeed_sdp810.csv@957258661;-2;0.0;2607
@20260609_103407_446_airspeed_sdp810.csv@957283575;-2;0.0;2607
@20260609_103407_446_airspeed_sdp810.csv@957314458;-2;0.0;2609
@20260609_103407_446_airspeed_sdp810.csv@957343190;-2;0.0;2607
@20260609_103407_446_airspeed_sdp810.csv@957368428;-2;0.0;2608
@20260609_103407_446_airspeed_sdp810.csv@957393457;-2;0.0;2608
@20260609_103407_446_airspeed_sdp810.csv@957424592;-2;0.0;2608
@20260609_103407_446_airspeed_sdp810.csv@957452987;-2;0.0;2608
@20260609_103407_446_airspeed_sdp810.csv@957478544;-2;0.0;2608
@20260609_103407_446_airspeed_sdp810.csv@957503571;-2;0.0;2608
@20260609_103407_446_airspeed_sdp810.csv@957534471;-4;0.0;2608
@20260609_103407_446_airspeed_sdp810.csv@957564792;-2;0.0;2609
@20260609_103407_446_airspeed_sdp810.csv@957589039;-2;0.0;2609
@20260609_103407_446_airspeed_sdp810.csv@957613460;-2;0.0;2606
@20260609_103407_446_airspeed_sdp810.csv@957644556;-2;0.0;2610
@20260609_103407_446_airspeed_sdp810.csv@957674577;-2;0.0;2609
@20260609_103407_446_airspeed_sdp810.csv@957698392;-2;0.0;2609
@20260609_103407_446_airspeed_sdp810.csv@957750297;0;0.0;2607
@20260609_103407_446_airspeed_sdp810.csv@957773187;0;0.0;2607
@20260609_103407_446_airspeed_sdp810.csv@957804909;-2;0.0;2612
@20260609_103407_446_airspeed_sdp810.csv@957832955;-2;0.0;2609
@20260609_103407_446_airspeed_sdp810.csv@957864910;-2;0.0;2611
@20260609_103407_446_airspeed_sdp810.csv@957886544;0;0.0;2609
@20260609_103407_446_airspeed_sdp810.csv@957914453;-2;0.0;2608
@20260609_103407_446_airspeed_sdp810.csv@957943184;-2;0.0;2609
@20260609_103407_446_airspeed_sdp810.csv@957974819;-2;0.0;2612
@20260609_103407_446_airspeed_sdp810.csv@957996708;-2;0.0;2606
@20260609_103407_446_airspeed_sdp810.csv@958047389;-2;0.0;2609
@20260609_103407_446_airspeed_sdp810.csv@958071373;-2;0.0;2609
@20260609_103407_446_airspeed_sdp810.csv@958096191;-2;0.0;2607
@20260609_103407_446_airspeed_sdp810.csv@958124023;-2;0.0;2608
@20260609_103407_446_airspeed_sdp810.csv@958153892;-2;0.0;2607
@20260609_103407_446_airspeed_sdp810.csv@958183912;0;0.0;2608
@20260609_103407_446_airspeed_sdp810.csv@958209436;-2;0.0;2608
@20260609_103407_446_airspeed_sdp810.csv@958233681;-4;0.0;2608
@20260609_103407_446_airspeed_sdp810.csv@958264116;-2;0.0;2607
@20260609_103407_446_airspeed_sdp810.csv@958293578;-2;0.0;2609
@20260609_103407_446_airspeed_sdp810.csv@958319352;-2;0.0;2607
@20260609_103407_446_airspeed_sdp810.csv@958374053;-2;0.0;2606
@20260609_103407_446_airspeed_sdp810.csv@958403981;0;0.0;2609
@20260609_103407_446_airspeed_sdp810.csv@958434444;0;0.0;2610
@20260609_103407_446_airspeed_sdp810.csv@958463964;-2;0.0;2609
@20260609_103407_446_airspeed_sdp810.csv@958486387;-2;0.0;2609
@20260609_103407_446_airspeed_sdp810.csv@958513614;-2;0.0;2606
@20260609_103407_446_airspeed_sdp810.csv@958544564;-2;0.0;2607
@20260609_103407_446_airspeed_sdp810.csv@958573639;-2;0.0;2610
@20260609_103407_446_airspeed_sdp810.csv@958596585;-2;0.0;2610
@20260609_103407_446_airspeed_sdp810.csv@958625307;-2;0.0;2607
@20260609_103407_446_airspeed_sdp810.csv@958654385;-2;0.0;2610
@20260609_103407_446_airspeed_sdp810.csv@958683993;0;0.0;2610
@20260609_103407_446_airspeed_sdp810.csv@958713958;-2;0.0;2608
@20260609_103407_446_airspeed_sdp810.csv@958736671;-2;0.0;2608
@20260609_103407_446_airspeed_sdp810.csv@958819046;-2;0.0;2605
@20260609_103407_446_airspeed_sdp810.csv@958843422;-2;0.0;2605
@20260609_103407_446_airspeed_sdp810.csv@958874506;-2;0.0;2606
@20260609_103407_446_airspeed_sdp810.csv@958903168;-2;0.0;2608
@20260609_103407_446_airspeed_sdp810.csv@958929497;-2;0.0;2607
@20260609_103407_446_airspeed_sdp810.csv@958952999;-2;0.0;2607
@20260609_103407_446_airspeed_sdp810.csv@958984631;-2;0.0;2609
@20260609_103407_446_airspeed_sdp810.csv@959012991;-2;0.0;2609
@20260609_103407_446_airspeed_sdp810.csv@959038797;-2;0.0;2606
@20260609_103407_446_airspeed_sdp810.csv@959063227;-2;0.0;2606
@20260609_103407_446_airspeed_sdp810.csv@959094530;-2;0.0;2609
@20260609_103407_446_airspeed_sdp810.csv@959123135;-2;0.0;2607
@20260609_103407_446_airspeed_sdp810.csv@959151207;-2;0.0;2609
@20260609_103407_446_airspeed_sdp810.csv@959174227;-2;0.0;2609
@20260609_103407_446_airspeed_sdp810.csv@959204598;-2;0.0;2611
@20260609_103407_446_airspeed_sdp810.csv@959233033;-2;0.0;2607
@20260609_103407_446_airspeed_sdp810.csv@959261500;-2;0.0;2609
@20260609_103407_446_airspeed_sdp810.csv@959284871;-2;0.0;2609
@20260609_103407_446_airspeed_sdp810.csv@959314493;-2;0.0;2609
@20260609_103407_446_airspeed_sdp810.csv@959343251;-2;0.0;2611
@20260609_103407_446_airspeed_sdp810.csv@959372553;-4;0.0;2609
@20260609_103407_446_airspeed_sdp810.csv@959394159;0;0.0;2609
@20260609_103407_446_airspeed_sdp810.csv@959424730;-2;0.0;2606
@20260609_103407_446_airspeed_sdp810.csv@959453016;-2;0.0;2608
@20260609_103407_446_airspeed_sdp810.csv@959478612;-2;0.0;2609
@20260609_103407_446_airspeed_sdp810.csv@959503194;-2;0.0;2609
@20260609_103407_446_airspeed_sdp810.csv@959534348;-2;0.0;2603
@20260609_103407_446_airspeed_sdp810.csv@959563182;-2;0.0;2611
@20260609_103407_446_airspeed_sdp810.csv@959588767;-2;0.0;2610
@20260609_103407_446_airspeed_sdp810.csv@959612968;-2;0.0;2610
@20260609_103407_446_airspeed_sdp810.csv@959644875;-2;0.0;2609
@20260609_103407_446_airspeed_sdp810.csv@959672997;-2;0.0;2607
@20260609_103407_446_airspeed_sdp810.csv@959699616;-2;0.0;2609
@20260609_103407_446_airspeed_sdp810.csv@959723204;-2;0.0;2609
@20260609_103407_446_airspeed_sdp810.csv@959754463;-2;0.0;2607
@20260609_103407_446_airspeed_sdp810.csv@959784894;-2;0.0;2613
@20260609_103407_446_airspeed_sdp810.csv@959809862;-2;0.0;2613
@20260609_103407_446_airspeed_sdp810.csv@959878310;0;0.0;2610
@20260609_103407_446_airspeed_sdp810.csv@959903352;-2;0.0;2610
@20260609_103407_446_airspeed_sdp810.csv@959934707;-2;0.0;2606
@20260609_103407_446_airspeed_sdp810.csv@959963203;-2;0.0;2607
@20260609_103407_446_airspeed_sdp810.csv@959994479;-2;0.0;2610
@20260609_103407_446_airspeed_sdp810.csv@960023187;-2;0.0;2609
@20260609_103407_446_airspeed_sdp810.csv@960054709;-2;0.0;2612
@20260609_103407_446_airspeed_sdp810.csv@960083274;-2;0.0;2613
@20260609_103407_446_airspeed_sdp810.csv@960109795;-2;0.0;2607
@20260609_103407_446_airspeed_sdp810.csv@960133038;-2;0.0;2607
@20260609_103407_446_airspeed_sdp810.csv@960164870;-2;0.0;2609
@20260609_103407_446_airspeed_sdp810.csv@960193005;0;0.0;2608
@20260609_103407_446_airspeed_sdp810.csv@960221503;-2;0.0;2607
@20260609_103407_446_airspeed_sdp810.csv@960244222;-2;0.0;2607
@20260609_103407_446_airspeed_sdp810.csv@960274683;-2;0.0;2609
@20260609_103407_446_airspeed_sdp810.csv@960303252;0;0.0;2611
@20260609_103407_446_airspeed_sdp810.csv@960328927;-2;0.0;2606
@20260609_103407_446_airspeed_sdp810.csv@960352957;0;0.0;2606
@20260609_103407_446_airspeed_sdp810.csv@960384991;-2;0.0;2610
@20260609_103407_446_airspeed_sdp810.csv@960412978;-2;0.0;2609
@20260609_103407_446_airspeed_sdp810.csv@960438449;-2;0.0;2609
@20260609_103407_446_airspeed_sdp810.csv@960463144;-2;0.0;2609
@20260609_103407_446_airspeed_sdp810.csv@960494620;-2;0.0;2610
@20260609_103407_446_airspeed_sdp810.csv@960523211;0;0.0;2609
@20260609_103407_446_airspeed_sdp810.csv@960548570;-2;0.0;2611
@20260609_103407_446_airspeed_sdp810.csv@960572949;-2;0.0;2611
@20260609_103407_446_airspeed_sdp810.csv@960604945;-2;0.0;2610
@20260609_103407_446_airspeed_sdp810.csv@960634535;-2;0.0;2612
@20260609_103407_446_airspeed_sdp810.csv@960658517;-2;0.0;2612
@20260609_103407_446_airspeed_sdp810.csv@960683192;-2;0.0;2610
@20260609_103407_446_airspeed_sdp810.csv@960714800;-2;0.0;2609
@20260609_103407_446_airspeed_sdp810.csv@960744801;-2;0.0;2611
@20260609_103407_446_airspeed_sdp810.csv@960774590;-2;0.0;2613
@20260609_103407_446_airspeed_sdp810.csv@960803098;0;0.0;2610
@20260609_103407_446_airspeed_sdp810.csv@960834941;-2;0.0;2607
@20260609_103407_446_airspeed_sdp810.csv@960863317;0;0.0;2612
@20260609_103407_446_airspeed_sdp810.csv@960937927;0;0.0;2610
@20260609_103407_446_airspeed_sdp810.csv@960963436;-2;0.0;2609
@20260609_103407_446_airspeed_sdp810.csv@960994414;-2;0.0;2611
@20260609_103407_446_airspeed_sdp810.csv@961023205;0;0.0;2609
@20260609_103407_446_airspeed_sdp810.csv@961056168;-2;0.0;2609
@20260609_103407_446_airspeed_sdp810.csv@961083404;-2;0.0;2611
@20260609_103407_446_airspeed_sdp810.csv@961114558;-2;0.0;2610
@20260609_103407_446_airspeed_sdp810.csv@961143150;-4;0.0;2609
@20260609_103407_446_airspeed_sdp810.csv@961170450;-2;0.0;2609
@20260609_103407_446_airspeed_sdp810.csv@961193094;-2;0.0;2609
@20260609_103407_446_airspeed_sdp810.csv@961224614;0;0.0;2609
@20260609_103407_446_airspeed_sdp810.csv@961253059;-2;0.0;2610
@20260609_103407_446_airspeed_sdp810.csv@961280731;-2;0.0;2607
@20260609_103407_446_airspeed_sdp810.csv@961305442;0;0.0;2607
@20260609_103407_446_airspeed_sdp810.csv@961334595;-2;0.0;2612
@20260609_103407_446_airspeed_sdp810.csv@961363321;0;0.0;2612
@20260609_103407_446_airspeed_sdp810.csv@961394917;-2;0.0;2610
@20260609_103407_446_airspeed_sdp810.csv@961423157;-2;0.0;2607
@20260609_103407_446_airspeed_sdp810.csv@961454396;-2;0.0;2612
@20260609_103407_446_airspeed_sdp810.csv@961484836;-2;0.0;2608
@20260609_103407_446_airspeed_sdp810.csv@961514906;-2;0.0;2608
@20260609_103407_446_airspeed_sdp810.csv@961543209;-4;0.0;2609
@20260609_103407_446_airspeed_sdp810.csv@961574784;-2;0.0;2610
@20260609_103407_446_airspeed_sdp810.csv@961603240;-2;0.0;2607
@20260609_103407_446_airspeed_sdp810.csv@961629468;-2;0.0;2611
@20260609_103407_446_airspeed_sdp810.csv@961652918;-2;0.0;2611
@20260609_103407_446_airspeed_sdp810.csv@961684597;-2;0.0;2611
@20260609_103407_446_airspeed_sdp810.csv@961713073;-2;0.0;2610
@20260609_103407_446_airspeed_sdp810.csv@961739610;-4;0.0;2612
@20260609_103407_446_airspeed_sdp810.csv@961763252;-2;0.0;2612
@20260609_103407_446_airspeed_sdp810.csv@961794384;-2;0.0;2609
@20260609_103407_446_airspeed_sdp810.csv@961823312;-2;0.0;2611
@20260609_103407_446_airspeed_sdp810.csv@961849485;-2;0.0;2605
@20260609_103407_446_airspeed_sdp810.csv@961872930;-2;0.0;2605
@20260609_103407_446_airspeed_sdp810.csv@961904617;-2;0.0;2610
@20260609_103407_446_airspeed_sdp810.csv@961933110;-2;0.0;2608
@20260609_103407_446_airspeed_sdp810.csv@962003623;-2;0.0;2611
@20260609_103407_446_airspeed_sdp810.csv@962033313;-2;0.0;2609
@20260609_103407_446_airspeed_sdp810.csv@962064691;-2;0.0;2608
@20260609_103407_446_airspeed_sdp810.csv@962092969;-2;0.0;2612
@20260609_103407_446_airspeed_sdp810.csv@962120803;-2;0.0;2607
@20260609_103407_446_airspeed_sdp810.csv@962144871;-2;0.0;2607
@20260609_103407_446_airspeed_sdp810.csv@962174436;-2;0.0;2610
@20260609_103407_446_airspeed_sdp810.csv@962203181;-2;0.0;2612
@20260609_103407_446_airspeed_sdp810.csv@962230111;-4;0.0;2613
@20260609_103407_446_airspeed_sdp810.csv@962253156;-2;0.0;2613
@20260609_103407_446_airspeed_sdp810.csv@962284662;-2;0.0;2607
@20260609_103407_446_airspeed_sdp810.csv@962312937;-2;0.0;2607
@20260609_103407_446_airspeed_sdp810.csv@962339885;0;0.0;2613
@20260609_103407_446_airspeed_sdp810.csv@962363248;-2;0.0;2613
@20260609_103407_446_airspeed_sdp810.csv@962394429;-2;0.0;2607
@20260609_103407_446_airspeed_sdp810.csv@962423281;0;0.0;2612
@20260609_103407_446_airspeed_sdp810.csv@962454862;0;0.0;2609
@20260609_103407_446_airspeed_sdp810.csv@962483163;-2;0.0;2610
@20260609_103407_446_airspeed_sdp810.csv@962514493;-2;0.0;2609
@20260609_103407_446_airspeed_sdp810.csv@962536657;0;0.0;2609
@20260609_103407_446_airspeed_sdp810.csv@962565024;-2;0.0;2611
@20260609_103407_446_airspeed_sdp810.csv@962593017;-2;0.0;2608
@20260609_103407_446_airspeed_sdp810.csv@962624667;-2;0.0;2613
@20260609_103407_446_airspeed_sdp810.csv@962646935;-2;0.0;2613
@20260609_103407_446_airspeed_sdp810.csv@962674773;-2;0.0;2609
@20260609_103407_446_airspeed_sdp810.csv@962703200;-2;0.0;2611
@20260609_103407_446_airspeed_sdp810.csv@962734408;0;0.0;2612
@20260609_103407_446_airspeed_sdp810.csv@962756891;-2;0.0;2612
@20260609_103407_446_airspeed_sdp810.csv@962784988;0;0.0;2607
@20260609_103407_446_airspeed_sdp810.csv@962812950;-2;0.0;2614
@20260609_103407_446_airspeed_sdp810.csv@962844736;-2;0.0;2610
@20260609_103407_446_airspeed_sdp810.csv@962873051;-2;0.0;2609
@20260609_103407_446_airspeed_sdp810.csv@962904930;-2;0.0;2610
@20260609_103407_446_airspeed_sdp810.csv@962932925;-2;0.0;2609
@20260609_103407_446_airspeed_sdp810.csv@962966104;-2;0.0;2612
@20260609_103407_446_airspeed_sdp810.csv@962993029;-2;0.0;2609
@20260609_103407_446_airspeed_sdp810.csv@963062516;0;0.0;2607
@20260609_103407_446_airspeed_sdp810.csv@963084174;-2;0.0;2607
@20260609_103407_446_airspeed_sdp810.csv@963114426;-2;0.0;2611
@20260609_103407_446_airspeed_sdp810.csv@963143184;-2;0.0;2609
@20260609_103407_446_airspeed_sdp810.csv@963174642;-4;0.0;2608
@20260609_103407_446_airspeed_sdp810.csv@963203277;-2;0.0;2613
@20260609_103407_446_airspeed_sdp810.csv@963234532;-4;0.0;2612
@20260609_103407_446_airspeed_sdp810.csv@963263120;-2;0.0;2608
@20260609_103407_446_airspeed_sdp810.csv@963292872;-2;0.0;2607
@20260609_103407_446_airspeed_sdp810.csv@963314286;-2;0.0;2607
@20260609_103407_446_airspeed_sdp810.csv@963344725;-2;0.0;2608
@20260609_103407_446_airspeed_sdp810.csv@963373006;-2;0.0;2611
@20260609_103407_446_airspeed_sdp810.csv@963402772;-2;0.0;2612
@20260609_103407_446_airspeed_sdp810.csv@963424929;-2;0.0;2612
@20260609_103407_446_airspeed_sdp810.csv@963454403;-2;0.0;2611
@20260609_103407_446_airspeed_sdp810.csv@963483228;-2;0.0;2610
@20260609_103407_446_airspeed_sdp810.csv@963509793;-2;0.0;2610
@20260609_103407_446_airspeed_sdp810.csv@963532896;-2;0.0;2610
@20260609_103407_446_airspeed_sdp810.csv@963564691;-2;0.0;2614
@20260609_103407_446_airspeed_sdp810.csv@963592980;-2;0.0;2609
@20260609_103407_446_airspeed_sdp810.csv@963619549;-2;0.0;2610
@20260609_103407_446_airspeed_sdp810.csv@963643136;-2;0.0;2610
@20260609_103407_446_airspeed_sdp810.csv@963674419;-2;0.0;2609
@20260609_103407_446_airspeed_sdp810.csv@963703261;-2;0.0;2609
@20260609_103407_446_airspeed_sdp810.csv@963729562;-2;0.0;2610
@20260609_103407_446_airspeed_sdp810.csv@963753014;-2;0.0;2610
@20260609_103407_446_airspeed_sdp810.csv@963784647;-2;0.0;2613
@20260609_103407_446_airspeed_sdp810.csv@963812891;-2;0.0;2611
@20260609_103407_446_airspeed_sdp810.csv@963839546;-2;0.0;2609
@20260609_103407_446_airspeed_sdp810.csv@963863094;-2;0.0;2609
@20260609_103407_446_airspeed_sdp810.csv@963894562;0;0.0;2609
@20260609_103407_446_airspeed_sdp810.csv@963924756;-2;0.0;2610
@20260609_103407_446_airspeed_sdp810.csv@963949845;-2;0.0;2610
@20260609_103407_446_airspeed_sdp810.csv@963973020;-2;0.0;2608
@20260609_103407_446_airspeed_sdp810.csv@964004541;-2;0.0;2609
@20260609_103407_446_airspeed_sdp810.csv@964034619;-2;0.0;2609
@20260609_103407_446_airspeed_sdp810.csv@964059715;-2;0.0;2609
@20260609_103407_446_airspeed_sdp810.csv@964128297;-2;0.0;2610
@20260609_103407_446_airspeed_sdp810.csv@964153342;-2;0.0;2610
@20260609_103407_446_airspeed_sdp810.csv@964185029;-2;0.0;2609
@20260609_103407_446_airspeed_sdp810.csv@964212897;-2;0.0;2608
@20260609_103407_446_airspeed_sdp810.csv@964244753;-2;0.0;2608
@20260609_103407_446_airspeed_sdp810.csv@964273008;-2;0.0;2615
@20260609_103407_446_airspeed_sdp810.csv@964305001;-2;0.0;2612
@20260609_103407_446_airspeed_sdp810.csv@964333186;-2;0.0;2612
@20260609_103407_446_airspeed_sdp810.csv@964359829;-2;0.0;2614
@20260609_103407_446_airspeed_sdp810.csv@964383395;-2;0.0;2614
@20260609_103407_446_airspeed_sdp810.csv@964414718;-2;0.0;2608
@20260609_103407_446_airspeed_sdp810.csv@964443441;-2;0.0;2611
@20260609_103407_446_airspeed_sdp810.csv@964471555;-2;0.0;2612
@20260609_103407_446_airspeed_sdp810.csv@964494216;-2;0.0;2612
@20260609_103407_446_airspeed_sdp810.csv@964524922;-2;0.0;2610
@20260609_103407_446_airspeed_sdp810.csv@964553277;-2;0.0;2613
@20260609_103407_446_airspeed_sdp810.csv@964578671;-2;0.0;2611
@20260609_103407_446_airspeed_sdp810.csv@964603148;-2;0.0;2611
@20260609_103407_446_airspeed_sdp810.csv@964634705;0;0.0;2608
@20260609_103407_446_airspeed_sdp810.csv@964663457;-2;0.0;2607
@20260609_103407_446_airspeed_sdp810.csv@964688491;-2;0.0;2607
@20260609_103407_446_airspeed_sdp810.csv@964712962;-2;0.0;2615
@20260609_103407_446_airspeed_sdp810.csv@964744957;-4;0.0;2612
@20260609_103407_446_airspeed_sdp810.csv@964773262;-2;0.0;2608
@20260609_103407_446_airspeed_sdp810.csv@964798495;-2;0.0;2608
@20260609_103407_446_airspeed_sdp810.csv@964823130;-2;0.0;2611
@20260609_103407_446_airspeed_sdp810.csv@964854794;-2;0.0;2613
@20260609_103407_446_airspeed_sdp810.csv@964884990;0;0.0;2610
@20260609_103407_446_airspeed_sdp810.csv@964908449;-2;0.0;2610
@20260609_103407_446_airspeed_sdp810.csv@964932930;-2;0.0;2613
@20260609_103407_446_airspeed_sdp810.csv@964965012;-2;0.0;2610
@20260609_103407_446_airspeed_sdp810.csv@964994770;-2;0.0;2610
@20260609_103407_446_airspeed_sdp810.csv@965024640;-2;0.0;2612
@20260609_103407_446_airspeed_sdp810.csv@965053002;-2;0.0;2607
@20260609_103407_446_airspeed_sdp810.csv@965084889;-2;0.0;2609
@20260609_103407_446_airspeed_sdp810.csv@965106430;-2;0.0;2609
@20260609_103407_446_airspeed_sdp810.csv@965190067;0;0.0;2610
@20260609_103407_446_airspeed_sdp810.csv@965213249;0;0.0;2610
@20260609_103407_446_airspeed_sdp810.csv@965244766;-2;0.0;2611
@20260609_103407_446_airspeed_sdp810.csv@965273029;-2;0.0;2611
@20260609_103407_446_airspeed_sdp810.csv@965299630;-2;0.0;2613
@20260609_103407_446_airspeed_sdp810.csv@965323262;-2;0.0;2613
@20260609_103407_446_airspeed_sdp810.csv@965354525;-2;0.0;2609
@20260609_103407_446_airspeed_sdp810.csv@965383268;-4;0.0;2610
@20260609_103407_446_airspeed_sdp810.csv@965409630;-2;0.0;2611
@20260609_103407_446_airspeed_sdp810.csv@965433084;-4;0.0;2611
@20260609_103407_446_airspeed_sdp810.csv@965464653;-2;0.0;2613
@20260609_103407_446_airspeed_sdp810.csv@965493005;-2;0.0;2609
@20260609_103407_446_airspeed_sdp810.csv@965521073;-2;0.0;2614
@20260609_103407_446_airspeed_sdp810.csv@965544752;-2;0.0;2614
@20260609_103407_446_airspeed_sdp810.csv@965574459;0;0.0;2611
@20260609_103407_446_airspeed_sdp810.csv@965603258;-2;0.0;2613
@20260609_103407_446_airspeed_sdp810.csv@965632330;-2;0.0;2613
@20260609_103407_446_airspeed_sdp810.csv@965654476;-2;0.0;2613
@20260609_103407_446_airspeed_sdp810.csv@965684659;-2;0.0;2611
@20260609_103407_446_airspeed_sdp810.csv@965713021;-2;0.0;2611
@20260609_103407_446_airspeed_sdp810.csv@965742267;-4;0.0;2610
@20260609_103407_446_airspeed_sdp810.csv@965764744;-2;0.0;2610
@20260609_103407_446_airspeed_sdp810.csv@965794372;-2;0.0;2610
@20260609_103407_446_airspeed_sdp810.csv@965823253;-2;0.0;2612
@20260609_103407_446_airspeed_sdp810.csv@965848755;-2;0.0;2611
@20260609_103407_446_airspeed_sdp810.csv@965872968;-2;0.0;2611
@20260609_103407_446_airspeed_sdp810.csv@965904667;-2;0.0;2612
@20260609_103407_446_airspeed_sdp810.csv@965932935;0;0.0;2609
@20260609_103407_446_airspeed_sdp810.csv@965959622;-2;0.0;2608
@20260609_103407_446_airspeed_sdp810.csv@965983264;-2;0.0;2608
@20260609_103407_446_airspeed_sdp810.csv@966014604;-2;0.0;2609
@20260609_103407_446_airspeed_sdp810.csv@966043204;-2;0.0;2609
@20260609_103407_446_airspeed_sdp810.csv@966069525;-2;0.0;2610
@20260609_103407_446_airspeed_sdp810.csv@966092906;-2;0.0;2610
@20260609_103407_446_airspeed_sdp810.csv@966124681;-2;0.0;2610
@20260609_103407_446_airspeed_sdp810.csv@966152976;0;0.0;2611
@20260609_103407_446_airspeed_sdp810.csv@966179630;0;0.0;2610
@20260609_103407_446_airspeed_sdp810.csv@966249670;-2;0.0;2612
@20260609_103407_446_airspeed_sdp810.csv@966273237;-2;0.0;2612
@20260609_103407_446_airspeed_sdp810.csv@966305015;-2;0.0;2609
@20260609_103407_446_airspeed_sdp810.csv@966332935;-2;0.0;2612
@20260609_103407_446_airspeed_sdp810.csv@966364753;-2;0.0;2615
@20260609_103407_446_airspeed_sdp810.csv@966393070;-2;0.0;2611
@20260609_103407_446_airspeed_sdp810.csv@966424924;-2;0.0;2613
@20260609_103407_446_airspeed_sdp810.csv@966453031;-2;0.0;2612
@20260609_103407_446_airspeed_sdp810.csv@966479742;-2;0.0;2613
@20260609_103407_446_airspeed_sdp810.csv@966503160;-2;0.0;2613
@20260609_103407_446_airspeed_sdp810.csv@966534669;-4;0.0;2614
@20260609_103407_446_airspeed_sdp810.csv@966563214;-2;0.0;2609
@20260609_103407_446_airspeed_sdp810.csv@966591407;-2;0.0;2610
@20260609_103407_446_airspeed_sdp810.csv@966614121;-2;0.0;2610
@20260609_103407_446_airspeed_sdp810.csv@966644839;-4;0.0;2611
@20260609_103407_446_airspeed_sdp810.csv@966673146;-2;0.0;2613
@20260609_103407_446_airspeed_sdp810.csv@966698615;-2;0.0;2613
@20260609_103407_446_airspeed_sdp810.csv@966723143;-2;0.0;2609
@20260609_103407_446_airspeed_sdp810.csv@966754765;-2;0.0;2611
@20260609_103407_446_airspeed_sdp810.csv@966783201;0;0.0;2610
@20260609_103407_446_airspeed_sdp810.csv@966808534;-2;0.0;2612
@20260609_103407_446_airspeed_sdp810.csv@966833008;-2;0.0;2612
@20260609_103407_446_airspeed_sdp810.csv@966864943;-2;0.0;2611
@20260609_103407_446_airspeed_sdp810.csv@966892980;-2;0.0;2607
@20260609_103407_446_airspeed_sdp810.csv@966918466;-2;0.0;2612
@20260609_103407_446_airspeed_sdp810.csv@966943166;-2;0.0;2612
@20260609_103407_446_airspeed_sdp810.csv@966974576;-2;0.0;2609
@20260609_103407_446_airspeed_sdp810.csv@967004808;-2;0.0;2612
@20260609_103407_446_airspeed_sdp810.csv@967028743;-2;0.0;2612
@20260609_103407_446_airspeed_sdp810.csv@967052929;-2;0.0;2613
@20260609_103407_446_airspeed_sdp810.csv@967085055;-2;0.0;2613
@20260609_103407_446_airspeed_sdp810.csv@967114633;-2;0.0;2610
@20260609_103407_446_airspeed_sdp810.csv@967144600;-2;0.0;2607
@20260609_103407_446_airspeed_sdp810.csv@967172950;-4;0.0;2616
@20260609_103407_446_airspeed_sdp810.csv@967204927;-2;0.0;2611
@20260609_103407_446_airspeed_sdp810.csv@967233043;-2;0.0;2616
@20260609_103407_446_airspeed_sdp810.csv@967320247;-2;0.0;2612
@20260609_103407_446_airspeed_sdp810.csv@967343490;-2;0.0;2612
@20260609_103407_446_airspeed_sdp810.csv@967374494;-2;0.0;2615
@20260609_103407_446_airspeed_sdp810.csv@967403300;-2;0.0;2611
@20260609_103407_446_airspeed_sdp810.csv@967436248;-2;0.0;2611
@20260609_103407_446_airspeed_sdp810.csv@967463141;-2;0.0;2610
@20260609_103407_446_airspeed_sdp810.csv@967494434;-2;0.0;2613
@20260609_103407_446_airspeed_sdp810.csv@967523278;-2;0.0;2609
@20260609_103407_446_airspeed_sdp810.csv@967554866;0;0.0;2610
@20260609_103407_446_airspeed_sdp810.csv@967583258;-4;0.0;2611
@20260609_103407_446_airspeed_sdp810.csv@967614502;-2;0.0;2610
@20260609_103407_446_airspeed_sdp810.csv@967644813;-2;0.0;2609
@20260609_103407_446_airspeed_sdp810.csv@967674874;-2;0.0;2611
@20260609_103407_446_airspeed_sdp810.csv@967703137;0;0.0;2610
@20260609_103407_446_airspeed_sdp810.csv@967734435;-2;0.0;2611
@20260609_103407_446_airspeed_sdp810.csv@967763285;0;0.0;2610
@20260609_103407_446_airspeed_sdp810.csv@967794687;-2;0.0;2612
@20260609_103407_446_airspeed_sdp810.csv@967823230;-4;0.0;2609
@20260609_103407_446_airspeed_sdp810.csv@967855985;-2;0.0;2611
@20260609_103407_446_airspeed_sdp810.csv@967883139;-2;0.0;2610
@20260609_103407_446_airspeed_sdp810.csv@967914770;-2;0.0;2612
@20260609_103407_446_airspeed_sdp810.csv@967943799;-4;0.0;2614
@20260609_103407_446_airspeed_sdp810.csv@967974525;-2;0.0;2613
@20260609_103407_446_airspeed_sdp810.csv@968003232;-2;0.0;2613
@20260609_103407_446_airspeed_sdp810.csv@968034665;-2;0.0;2613
@20260609_103407_446_airspeed_sdp810.csv@968064790;-2;0.0;2613
@20260609_103407_446_airspeed_sdp810.csv@968094608;-2;0.0;2613
@20260609_103407_446_airspeed_sdp810.csv@968123202;-2;0.0;2611
@20260609_103407_446_airspeed_sdp810.csv@968155074;0;0.0;2613
@20260609_103407_446_airspeed_sdp810.csv@968183297;-2;0.0;2611
@20260609_103407_446_airspeed_sdp810.csv@968214420;-4;0.0;2614
@20260609_103407_446_airspeed_sdp810.csv@968243205;-2;0.0;2612
@20260609_103407_446_airspeed_sdp810.csv@968276185;0;0.0;2615
@20260609_103407_446_airspeed_sdp810.csv@968303127;-2;0.0;2614
@20260609_103407_446_airspeed_sdp810.csv@968391082;-2;0.0;2611
@20260609_103407_446_airspeed_sdp810.csv@968414885;0;0.0;2611
@20260609_103407_446_airspeed_sdp810.csv@968444603;0;0.0;2612
@20260609_103407_446_airspeed_sdp810.csv@968473097;-4;0.0;2611
@20260609_103407_446_airspeed_sdp810.csv@968506476;-2;0.0;2613
@20260609_103407_446_airspeed_sdp810.csv@968533002;-2;0.0;2611
@20260609_103407_446_airspeed_sdp810.csv@968564813;-2;0.0;2611
@20260609_103407_446_airspeed_sdp810.csv@968592966;-2;0.0;2611
@20260609_103407_446_airspeed_sdp810.csv@968622553;-2;0.0;2613
@20260609_103407_446_airspeed_sdp810.csv@968644494;-2;0.0;2613
@20260609_103407_446_airspeed_sdp810.csv@968674410;-2;0.0;2612
@20260609_103407_446_airspeed_sdp810.csv@968703120;-2;0.0;2614
@20260609_103407_446_airspeed_sdp810.csv@968732268;-2;0.0;2612
@20260609_103407_446_airspeed_sdp810.csv@968754224;-2;0.0;2612
@20260609_103407_446_airspeed_sdp810.csv@968784606;-2;0.0;2614
@20260609_103407_446_airspeed_sdp810.csv@968813059;-2;0.0;2609
@20260609_103407_446_airspeed_sdp810.csv@968838731;-2;0.0;2613
@20260609_103407_446_airspeed_sdp810.csv@968863145;-4;0.0;2613
@20260609_103407_446_airspeed_sdp810.csv@968894364;-2;0.0;2613
@20260609_103407_446_airspeed_sdp810.csv@968923211;-2;0.0;2611
@20260609_103407_446_airspeed_sdp810.csv@968949503;-2;0.0;2610
@20260609_103407_446_airspeed_sdp810.csv@968972968;0;0.0;2610
@20260609_103407_446_airspeed_sdp810.csv@969004592;-2;0.0;2613
@20260609_103407_446_airspeed_sdp810.csv@969033057;-2;0.0;2614
@20260609_103407_446_airspeed_sdp810.csv@969059458;-2;0.0;2611
@20260609_103407_446_airspeed_sdp810.csv@969083261;-2;0.0;2611
@20260609_103407_446_airspeed_sdp810.csv@969114432;-2;0.0;2615
@20260609_103407_446_airspeed_sdp810.csv@969144750;-2;0.0;2614
@20260609_103407_446_airspeed_sdp810.csv@969169798;-4;0.0;2614
@20260609_103407_446_airspeed_sdp810.csv@969192916;-2;0.0;2611
@20260609_103407_446_airspeed_sdp810.csv@969224746;-2;0.0;2609
@20260609_103407_446_airspeed_sdp810.csv@969254635;-2;0.0;2614
@20260609_103407_446_airspeed_sdp810.csv@969279594;-2;0.0;2614
@20260609_103407_446_airspeed_sdp810.csv@969303185;-2;0.0;2611
@20260609_103407_446_airspeed_sdp810.csv@969334325;-2;0.0;2612
@20260609_103407_446_airspeed_sdp810.csv@969364785;-2;0.0;2611
@20260609_103407_446_airspeed_sdp810.csv@969453080;-2;0.0;2612
@20260609_103407_446_airspeed_sdp810.csv@969474421;-2;0.0;2613
@20260609_103407_446_airspeed_sdp810.csv@969504595;-2;0.0;2610
@20260609_103407_446_airspeed_sdp810.csv@969533073;-2;0.0;2615
@20260609_103407_446_airspeed_sdp810.csv@969564908;-2;0.0;2611
@20260609_103407_446_airspeed_sdp810.csv@969593113;-2;0.0;2613
@20260609_103407_446_airspeed_sdp810.csv@969624726;-2;0.0;2615
@20260609_103407_446_airspeed_sdp810.csv@969652963;-2;0.0;2612
@20260609_103407_446_airspeed_sdp810.csv@969680456;-2;0.0;2613
@20260609_103407_446_airspeed_sdp810.csv@969703200;0;0.0;2613
@20260609_103407_446_airspeed_sdp810.csv@969734442;-2;0.0;2613
@20260609_103407_446_airspeed_sdp810.csv@969763194;-2;0.0;2612
@20260609_103407_446_airspeed_sdp810.csv@969790877;-2;0.0;2610
@20260609_103407_446_airspeed_sdp810.csv@969815223;-2;0.0;2610
@20260609_103407_446_airspeed_sdp810.csv@969844590;-2;0.0;2611
@20260609_103407_446_airspeed_sdp810.csv@969873026;-2;0.0;2612
@20260609_103407_446_airspeed_sdp810.csv@969900720;-2;0.0;2609
@20260609_103407_446_airspeed_sdp810.csv@969924862;-2;0.0;2609
@20260609_103407_446_airspeed_sdp810.csv@969954384;0;0.0;2610
@20260609_103407_446_airspeed_sdp810.csv@969983163;-2;0.0;2612
@20260609_103407_446_airspeed_sdp810.csv@970014887;-2;0.0;2610
@20260609_103407_446_airspeed_sdp810.csv@970043137;-2;0.0;2614
@20260609_103407_446_airspeed_sdp810.csv@970074612;-2;0.0;2610
@20260609_103407_446_airspeed_sdp810.csv@970104835;-4;0.0;2610
@20260609_103407_446_airspeed_sdp810.csv@970134930;-2;0.0;2613
@20260609_103407_446_airspeed_sdp810.csv@970163230;-2;0.0;2609
@20260609_103407_446_airspeed_sdp810.csv@970194415;-2;0.0;2614
@20260609_103407_446_airspeed_sdp810.csv@970223259;-2;0.0;2612
@20260609_103407_446_airspeed_sdp810.csv@970249443;-2;0.0;2613
@20260609_103407_446_airspeed_sdp810.csv@970273079;-2;0.0;2613
@20260609_103407_446_airspeed_sdp810.csv@970304657;-2;0.0;2613
@20260609_103407_446_airspeed_sdp810.csv@970333029;0;0.0;2609
@20260609_103407_446_airspeed_sdp810.csv@970359644;-2;0.0;2613
@20260609_103407_446_airspeed_sdp810.csv@970383270;-2;0.0;2613
@20260609_103407_446_airspeed_sdp810.csv@970414384;-2;0.0;2615
@20260609_103407_446_airspeed_sdp810.csv@970443293;-2;0.0;2612
@20260609_103407_446_airspeed_sdp810.csv@970516778;0;0.0;2611
@20260609_103407_446_airspeed_sdp810.csv@970543527;-2;0.0;2613
@20260609_103407_446_airspeed_sdp810.csv@970574616;-2;0.0;2614
@20260609_103407_446_airspeed_sdp810.csv@970603310;-2;0.0;2613
@20260609_103407_446_airspeed_sdp810.csv@970629354;-2;0.0;2609
@20260609_103407_446_airspeed_sdp810.csv@970653055;-2;0.0;2609
@20260609_103407_446_airspeed_sdp810.csv@970684762;-2;0.0;2612
@20260609_103407_446_airspeed_sdp810.csv@970712974;-2;0.0;2613
@20260609_103407_446_airspeed_sdp810.csv@970742386;-2;0.0;2612
@20260609_103407_446_airspeed_sdp810.csv@970764345;-2;0.0;2612
@20260609_103407_446_airspeed_sdp810.csv@970794442;-2;0.0;2615
@20260609_103407_446_airspeed_sdp810.csv@970823131;-2;0.0;2611
@20260609_103407_446_airspeed_sdp810.csv@970852635;-2;0.0;2614
@20260609_103407_446_airspeed_sdp810.csv@970874150;-2;0.0;2614
@20260609_103407_446_airspeed_sdp810.csv@970904542;-2;0.0;2614
@20260609_103407_446_airspeed_sdp810.csv@970933049;-2;0.0;2610
@20260609_103407_446_airspeed_sdp810.csv@970958606;-2;0.0;2612
@20260609_103407_446_airspeed_sdp810.csv@970983193;-2;0.0;2612
@20260609_103407_446_airspeed_sdp810.csv@971014451;0;0.0;2613
@20260609_103407_446_airspeed_sdp810.csv@971043224;0;0.0;2614
@20260609_103407_446_airspeed_sdp810.csv@971070043;-2;0.0;2613
@20260609_103407_446_airspeed_sdp810.csv@971092980;-2;0.0;2613
@20260609_103407_446_airspeed_sdp810.csv@971124685;-2;0.0;2611
@20260609_103407_446_airspeed_sdp810.csv@971153056;-2;0.0;2611
@20260609_103407_446_airspeed_sdp810.csv@971179878;-2;0.0;2611
@20260609_103407_446_airspeed_sdp810.csv@971203118;-2;0.0;2611
@20260609_103407_446_airspeed_sdp810.csv@971234361;-2;0.0;2613
@20260609_103407_446_airspeed_sdp810.csv@971264811;-2;0.0;2609
@20260609_103407_446_airspeed_sdp810.csv@971290191;-2;0.0;2614
@20260609_103407_446_airspeed_sdp810.csv@971312995;-2;0.0;2614
@20260609_103407_446_airspeed_sdp810.csv@971344824;-2;0.0;2612
@20260609_103407_446_airspeed_sdp810.csv@971374517;-2;0.0;2613
@20260609_103407_446_airspeed_sdp810.csv@971399959;-2;0.0;2613
@20260609_103407_446_airspeed_sdp810.csv@971423280;-2;0.0;2613
@20260609_103407_446_airspeed_sdp810.csv@971454363;-2;0.0;2611
@20260609_103407_446_airspeed_sdp810.csv@971484790;-2;0.0;2610
@20260609_103407_446_airspeed_sdp810.csv@971514912;-2;0.0;2611
@20260609_103407_446_airspeed_sdp810.csv@971592012;0;0.0;2612
@20260609_103407_446_airspeed_sdp810.csv@971615486;-2;0.0;2612
@20260609_103407_446_airspeed_sdp810.csv@971645077;-2;0.0;2614
@20260609_103407_446_airspeed_sdp810.csv@971673000;-2;0.0;2611
@20260609_103407_446_airspeed_sdp810.csv@971706163;-2;0.0;2612
@20260609_103407_446_airspeed_sdp810.csv@971733013;-2;0.0;2611
@20260609_103407_446_airspeed_sdp810.csv@971764917;-2;0.0;2616
@20260609_103407_446_airspeed_sdp810.csv@971793024;-2;0.0;2615
@20260609_103407_446_airspeed_sdp810.csv@971819661;-2;0.0;2608
@20260609_103407_446_airspeed_sdp810.csv@971843115;-2;0.0;2608
@20260609_103407_446_airspeed_sdp810.csv@971874693;-4;0.0;2611
@20260609_103407_446_airspeed_sdp810.csv@971903208;0;0.0;2611
@20260609_103407_446_airspeed_sdp810.csv@971931091;-4;0.0;2614
@20260609_103407_446_airspeed_sdp810.csv@971954003;-2;0.0;2614
@20260609_103407_446_airspeed_sdp810.csv@971984967;-2;0.0;2616
@20260609_103407_446_airspeed_sdp810.csv@972013098;-2;0.0;2612
@20260609_103407_446_airspeed_sdp810.csv@972038804;-2;0.0;2611
@20260609_103407_446_airspeed_sdp810.csv@972063185;0;0.0;2611
@20260609_103407_446_airspeed_sdp810.csv@972094659;-2;0.0;2615
@20260609_103407_446_airspeed_sdp810.csv@972123194;-2;0.0;2614
@20260609_103407_446_airspeed_sdp810.csv@972148509;-2;0.0;2611
@20260609_103407_446_airspeed_sdp810.csv@972172952;-2;0.0;2611
@20260609_103407_446_airspeed_sdp810.csv@972205043;-4;0.0;2614
@20260609_103407_446_airspeed_sdp810.csv@972232968;-2;0.0;2613
@20260609_103407_446_airspeed_sdp810.csv@972258474;-2;0.0;2611
@20260609_103407_446_airspeed_sdp810.csv@972283115;-2;0.0;2611
@20260609_103407_446_airspeed_sdp810.csv@972314700;-2;0.0;2615
@20260609_103407_446_airspeed_sdp810.csv@972344870;-2;0.0;2615
@20260609_103407_446_airspeed_sdp810.csv@972368683;-2;0.0;2615
@20260609_103407_446_airspeed_sdp810.csv@972392991;-2;0.0;2611
@20260609_103407_446_airspeed_sdp810.csv@972424981;-2;0.0;2610
@20260609_103407_446_airspeed_sdp810.csv@972454696;-2;0.0;2613
@20260609_103407_446_airspeed_sdp810.csv@972478431;-2;0.0;2613
@20260609_103407_446_airspeed_sdp810.csv@972503094;-2;0.0;2614
@20260609_103407_446_airspeed_sdp810.csv@972534667;-2;0.0;2617
@20260609_103407_446_airspeed_sdp810.csv@972564791;0;0.0;2615
@20260609_103407_446_airspeed_sdp810.csv@972653003;-2;0.0;2613
@20260609_103407_446_airspeed_sdp810.csv@972674395;-2;0.0;2611
@20260609_103407_446_airspeed_sdp810.csv@972704703;-2;0.0;2613
@20260609_103407_446_airspeed_sdp810.csv@972732959;-2;0.0;2608
@20260609_103407_446_airspeed_sdp810.csv@972759690;-2;0.0;2616
@20260609_103407_446_airspeed_sdp810.csv@972783324;-2;0.0;2616
@20260609_103407_446_airspeed_sdp810.csv@972814464;-2;0.0;2614
@20260609_103407_446_airspeed_sdp810.csv@972843087;-2;0.0;2611
@20260609_103407_446_airspeed_sdp810.csv@972871479;-2;0.0;2612
@20260609_103407_446_airspeed_sdp810.csv@972894877;-2;0.0;2612
@20260609_103407_446_airspeed_sdp810.csv@972924639;-2;0.0;2613
@20260609_103407_446_airspeed_sdp810.csv@972952971;-2;0.0;2613
@20260609_103407_446_airspeed_sdp810.csv@972982474;-2;0.0;2612
@20260609_103407_446_airspeed_sdp810.csv@973004937;-2;0.0;2612
@20260609_103407_446_airspeed_sdp810.csv@973034485;-2;0.0;2615
@20260609_103407_446_airspeed_sdp810.csv@973063232;-2;0.0;2613
@20260609_103407_446_airspeed_sdp810.csv@973123314;-2;0.0;2608
@20260609_103407_446_airspeed_sdp810.csv@973151129;0;0.0;2611
@20260609_103407_446_airspeed_sdp810.csv@973171914;-2;0.0;2611
@20260609_103407_446_airspeed_sdp810.csv@973201008;-2;0.0;2613
@20260609_103407_446_airspeed_sdp810.csv@973221875;-2;0.0;2613
@20260609_103407_446_airspeed_sdp810.csv@973245569;-2;0.0;2613
@20260609_103407_446_airspeed_sdp810.csv@973273851;-2;0.0;2610
@20260609_103407_446_airspeed_sdp810.csv@973299486;-2;0.0;2612
@20260609_103407_446_airspeed_sdp810.csv@973324155;0;0.0;2612
@20260609_103407_446_airspeed_sdp810.csv@973353988;-2;0.0;2609
@20260609_103407_446_airspeed_sdp810.csv@973383910;-4;0.0;2613
@20260609_103407_446_airspeed_sdp810.csv@973409385;0;0.0;2611
@20260609_103407_446_airspeed_sdp810.csv@973433963;-2;0.0;2611
@20260609_103407_446_airspeed_sdp810.csv@973464230;-2;0.0;2614
@20260609_103407_446_airspeed_sdp810.csv@973493738;-2;0.0;2615
@20260609_103407_446_airspeed_sdp810.csv@973516751;-2;0.0;2615
@20260609_103407_446_airspeed_sdp810.csv@973544175;-2;0.0;2614
@20260609_103407_446_airspeed_sdp810.csv@973573973;-2;0.0;2614
@20260609_103407_446_airspeed_sdp810.csv@973603951;-2;0.0;2613
@20260609_103407_446_airspeed_sdp810.csv@973626784;-2;0.0;2613
@20260609_103407_446_airspeed_sdp810.csv@973772542;-2;0.0;2610
@20260609_103407_446_airspeed_sdp810.csv@973793994;0;0.0;2610
@20260609_103407_446_airspeed_sdp810.csv@973824759;-2;0.0;2614
@20260609_103407_446_airspeed_sdp810.csv@973853062;-2;0.0;2616
@20260609_103407_446_airspeed_sdp810.csv@973884977;-2;0.0;2615
@20260609_103407_446_airspeed_sdp810.csv@973913041;-2;0.0;2614
@20260609_103407_446_airspeed_sdp810.csv@973944708;-2;0.0;2611
@20260609_103407_446_airspeed_sdp810.csv@973973040;-2;0.0;2611
@20260609_103407_446_airspeed_sdp810.csv@974001937;-2;0.0;2615
@20260609_103407_446_airspeed_sdp810.csv@974024932;0;0.0;2615
@20260609_103407_446_airspeed_sdp810.csv@974054521;-2;0.0;2615
@20260609_103407_446_airspeed_sdp810.csv@974083206;-2;0.0;2612
@20260609_103407_446_airspeed_sdp810.csv@974112844;-2;0.0;2610
@20260609_103407_446_airspeed_sdp810.csv@974134702;-4;0.0;2610
@20260609_103407_446_airspeed_sdp810.csv@974164655;-2;0.0;2613
@20260609_103407_446_airspeed_sdp810.csv@974193070;-2;0.0;2613
@20260609_103407_446_airspeed_sdp810.csv@974219949;-2;0.0;2613
@20260609_103407_446_airspeed_sdp810.csv@974243189;-2;0.0;2613
@20260609_103407_446_airspeed_sdp810.csv@974274387;-2;0.0;2612
@20260609_103407_446_airspeed_sdp810.csv@974303214;-2;0.0;2611
@20260609_103407_446_airspeed_sdp810.csv@974329740;-2;0.0;2612
@20260609_103407_446_airspeed_sdp810.csv@974352950;-2;0.0;2612
@20260609_103407_446_airspeed_sdp810.csv@974384708;-2;0.0;2612
@20260609_103407_446_airspeed_sdp810.csv@974412975;-4;0.0;2613
@20260609_103407_446_airspeed_sdp810.csv@974439763;-4;0.0;2615
@20260609_103407_446_airspeed_sdp810.csv@974463226;-2;0.0;2615
@20260609_103407_446_airspeed_sdp810.csv@974494481;-2;0.0;2613
@20260609_103407_446_airspeed_sdp810.csv@974524856;-2;0.0;2614
@20260609_103407_446_airspeed_sdp810.csv@974549690;0;0.0;2614
@20260609_103407_446_airspeed_sdp810.csv@974572946;-2;0.0;2615
@20260609_103407_446_airspeed_sdp810.csv@974604751;-2;0.0;2615
@20260609_103407_446_airspeed_sdp810.csv@974634626;-2;0.0;2616
@20260609_103407_446_airspeed_sdp810.csv@974659637;-4;0.0;2616
@20260609_103407_446_airspeed_sdp810.csv@974683197;-2;0.0;2614
@20260609_103407_446_airspeed_sdp810.csv@974714473;-2;0.0;2615
@20260609_103407_446_airspeed_sdp810.csv@974744858;-4;0.0;2612
@20260609_103407_446_airspeed_sdp810.csv@974890994;-2;0.0;2617
@20260609_103407_446_airspeed_sdp810.csv@974915161;-2;0.0;2617
@20260609_103407_446_airspeed_sdp810.csv@974941098;-2;0.0;2611
@20260609_103407_446_airspeed_sdp810.csv@974965907;-4;0.0;2611
@20260609_103407_446_airspeed_sdp810.csv@974992932;-2;0.0;2616
@20260609_103407_446_airspeed_sdp810.csv@975020461;0;0.0;2610
@20260609_103407_446_airspeed_sdp810.csv@975043128;-4;0.0;2610
@20260609_103407_446_airspeed_sdp810.csv@975074589;-2;0.0;2613
@20260609_103407_446_airspeed_sdp810.csv@975103151;-2;0.0;2613
@20260609_103407_446_airspeed_sdp810.csv@975129715;-2;0.0;2613
@20260609_103407_446_airspeed_sdp810.csv@975152956;-2;0.0;2613
@20260609_103407_446_airspeed_sdp810.csv@975184704;-2;0.0;2611
@20260609_103407_446_airspeed_sdp810.csv@975213183;0;0.0;2612
@20260609_103407_446_airspeed_sdp810.csv@975240235;-2;0.0;2611
@20260609_103407_446_airspeed_sdp810.csv@975263249;-4;0.0;2611
@20260609_103407_446_airspeed_sdp810.csv@975294496;-4;0.0;2615
@20260609_103407_446_airspeed_sdp810.csv@975323212;-2;0.0;2613
@20260609_103407_446_airspeed_sdp810.csv@975350798;-2;0.0;2616
@20260609_103407_446_airspeed_sdp810.csv@975373970;-2;0.0;2616
@20260609_103407_446_airspeed_sdp810.csv@975404603;-2;0.0;2612
@20260609_103407_446_airspeed_sdp810.csv@975433141;-2;0.0;2613
@20260609_103407_446_airspeed_sdp810.csv@975464954;-2;0.0;2616
@20260609_103407_446_airspeed_sdp810.csv@975493192;-2;0.0;2613
@20260609_103407_446_airspeed_sdp810.csv@975524779;-2;0.0;2613
@20260609_103407_446_airspeed_sdp810.csv@975547367;-2;0.0;2615
@20260609_103407_446_airspeed_sdp810.csv@975574790;-2;0.0;2614
@20260609_103407_446_airspeed_sdp810.csv@975603250;-2;0.0;2612
@20260609_103407_446_airspeed_sdp810.csv@975634485;0;0.0;2611
@20260609_103407_446_airspeed_sdp810.csv@975656910;-2;0.0;2611
@20260609_103407_446_airspeed_sdp810.csv@975685150;-2;0.0;2614
@20260609_103407_446_airspeed_sdp810.csv@975712973;-4;0.0;2617
@20260609_103407_446_airspeed_sdp810.csv@975744779;-2;0.0;2614
@20260609_103407_446_airspeed_sdp810.csv@975773011;-2;0.0;2616
@20260609_103407_446_airspeed_sdp810.csv@975804894;-2;0.0;2612
@20260609_103407_446_airspeed_sdp810.csv@975832979;-2;0.0;2615
@20260609_103407_446_airspeed_sdp810.csv@975866150;-2;0.0;2615
@20260609_103407_446_airspeed_sdp810.csv@975893080;-2;0.0;2612
@20260609_103407_446_airspeed_sdp810.csv@976027416;0;0.0;2617
@20260609_103407_446_airspeed_sdp810.csv@976053227;-4;0.0;2613
@20260609_103407_446_airspeed_sdp810.csv@976084816;-2;0.0;2611
@20260609_103407_446_airspeed_sdp810.csv@976113025;-2;0.0;2613
@20260609_103407_446_airspeed_sdp810.csv@976140691;-2;0.0;2616
@20260609_103407_446_airspeed_sdp810.csv@976163315;-4;0.0;2616
@20260609_103407_446_airspeed_sdp810.csv@976194445;-2;0.0;2614
@20260609_103407_446_airspeed_sdp810.csv@976223278;-2;0.0;2614
@20260609_103407_446_airspeed_sdp810.csv@976249899;-2;0.0;2614
@20260609_103407_446_airspeed_sdp810.csv@976273059;0;0.0;2614
@20260609_103407_446_airspeed_sdp810.csv@976304774;-2;0.0;2613
@20260609_103407_446_airspeed_sdp810.csv@976333132;-2;0.0;2614
@20260609_103407_446_airspeed_sdp810.csv@976359611;-2;0.0;2617
@20260609_103407_446_airspeed_sdp810.csv@976383254;0;0.0;2617
@20260609_103407_446_airspeed_sdp810.csv@976414512;-2;0.0;2613
@20260609_103407_446_airspeed_sdp810.csv@976443246;-2;0.0;2612
@20260609_103407_446_airspeed_sdp810.csv@976475067;-2;0.0;2615
@20260609_103407_446_airspeed_sdp810.csv@976503305;-2;0.0;2616
@20260609_103407_446_airspeed_sdp810.csv@976534478;-2;0.0;2613
@20260609_103407_446_airspeed_sdp810.csv@976557321;-2;0.0;2614
@20260609_103407_446_airspeed_sdp810.csv@976584966;-2;0.0;2614
@20260609_103407_446_airspeed_sdp810.csv@976612977;-2;0.0;2615
@20260609_103407_446_airspeed_sdp810.csv@976644816;-2;0.0;2610
@20260609_103407_446_airspeed_sdp810.csv@976666135;0;0.0;2617
@20260609_103407_446_airspeed_sdp810.csv@976694707;-2;0.0;2610
@20260609_103407_446_airspeed_sdp810.csv@976723288;-2;0.0;2615
@20260609_103407_446_airspeed_sdp810.csv@976754571;-2;0.0;2613
@20260609_103407_446_airspeed_sdp810.csv@976776127;0;0.0;2609
@20260609_103407_446_airspeed_sdp810.csv@976805051;-2;0.0;2613
@20260609_103407_446_airspeed_sdp810.csv@976833207;-2;0.0;2610
@20260609_103407_446_airspeed_sdp810.csv@976864813;-2;0.0;2613
@20260609_103407_446_airspeed_sdp810.csv@976886154;-2;0.0;2615
@20260609_103407_446_airspeed_sdp810.csv@976914826;-2;0.0;2614
@20260609_103407_446_airspeed_sdp810.csv@976943273;-2;0.0;2615
@20260609_103407_446_airspeed_sdp810.csv@976974472;-2;0.0;2613
@20260609_103407_446_airspeed_sdp810.csv@977003399;-2;0.0;2614
@20260609_103407_446_airspeed_sdp810.csv@977146481;0;0.0;2611
@20260609_103407_446_airspeed_sdp810.csv@977173288;0;0.0;2616
@20260609_103407_446_airspeed_sdp810.csv@977204800;-2;0.0;2613
@20260609_103407_446_airspeed_sdp810.csv@977233080;-2;0.0;2615
@20260609_103407_446_airspeed_sdp810.csv@977260794;-2;0.0;2615
@20260609_103407_446_airspeed_sdp810.csv@977285487;-2;0.0;2615
@20260609_103407_446_airspeed_sdp810.csv@977314523;-2;0.0;2616
@20260609_103407_446_airspeed_sdp810.csv@977343292;-2;0.0;2617
@20260609_103407_446_airspeed_sdp810.csv@977374893;-2;0.0;2615
@20260609_103407_446_airspeed_sdp810.csv@977403217;-2;0.0;2615
@20260609_103407_446_airspeed_sdp810.csv@977434583;-2;0.0;2612
@20260609_103407_446_airspeed_sdp810.csv@977457298;-2;0.0;2616
@20260609_103407_446_airspeed_sdp810.csv@977484948;-2;0.0;2612
@20260609_103407_446_airspeed_sdp810.csv@977513103;-2;0.0;2617
@20260609_103407_446_airspeed_sdp810.csv@977544771;-2;0.0;2616
@20260609_103407_446_airspeed_sdp810.csv@977566019;0;0.0;2612
@20260609_103407_446_airspeed_sdp810.csv@977594973;-2;0.0;2613
@20260609_103407_446_airspeed_sdp810.csv@977623444;-2;0.0;2615
@20260609_103407_446_airspeed_sdp810.csv@977654383;-2;0.0;2616
@20260609_103407_446_airspeed_sdp810.csv@977683404;-2;0.0;2616
@20260609_103407_446_airspeed_sdp810.csv@977714727;-2;0.0;2615
@20260609_103407_446_airspeed_sdp810.csv@977743138;-2;0.0;2614
@20260609_103407_446_airspeed_sdp810.csv@977769211;-2;0.0;2614
@20260609_103407_446_airspeed_sdp810.csv@977793064;-2;0.0;2614
@20260609_103407_446_airspeed_sdp810.csv@977824935;-2;0.0;2613
@20260609_103407_446_airspeed_sdp810.csv@977852973;-2;0.0;2613
@20260609_103407_446_airspeed_sdp810.csv@977881984;-2;0.0;2612
@20260609_103407_446_airspeed_sdp810.csv@977905484;-2;0.0;2612
@20260609_103407_446_airspeed_sdp810.csv@977934845;-2;0.0;2613
@20260609_103407_446_airspeed_sdp810.csv@977963402;-2;0.0;2615
@20260609_103407_446_airspeed_sdp810.csv@977991570;-2;0.0;2614
@20260609_103407_446_airspeed_sdp810.csv@978014659;-2;0.0;2614
@20260609_103407_446_airspeed_sdp810.csv@978044884;-2;0.0;2616
@20260609_103407_446_airspeed_sdp810.csv@978072948;-2;0.0;2613
@20260609_103407_446_airspeed_sdp810.csv@978099022;-2;0.0;2615
@20260609_103407_446_airspeed_sdp810.csv@978123234;-2;0.0;2615
@20260609_103407_446_airspeed_sdp810.csv@978268131;-2;0.0;2613
@20260609_103407_446_airspeed_sdp810.csv@978293268;0;0.0;2613
@20260609_103407_446_airspeed_sdp810.csv@978316227;-2;0.0;2613
@20260609_103407_446_airspeed_sdp810.csv@978343227;-4;0.0;2614
@20260609_103407_446_airspeed_sdp810.csv@978369201;-2;0.0;2619
@20260609_103407_446_airspeed_sdp810.csv@978393512;-2;0.0;2619
@20260609_103407_446_airspeed_sdp810.csv@978424804;0;0.0;2615
@20260609_103407_446_airspeed_sdp810.csv@978453080;-2;0.0;2613
@20260609_103407_446_airspeed_sdp810.csv@978482389;-2;0.0;2613
@20260609_103407_446_airspeed_sdp810.csv@978504962;-2;0.0;2613
@20260609_103407_446_airspeed_sdp810.csv@978534503;-2;0.0;2613
@20260609_103407_446_airspeed_sdp810.csv@978563195;-2;0.0;2613
@20260609_103407_446_airspeed_sdp810.csv@978591500;-2;0.0;2613
@20260609_103407_446_airspeed_sdp810.csv@978615376;-2;0.0;2613
@20260609_103407_446_airspeed_sdp810.csv@978644765;-2;0.0;2614
@20260609_103407_446_airspeed_sdp810.csv@978673034;-2;0.0;2613
@20260609_103407_446_airspeed_sdp810.csv@978699102;-2;0.0;2613
@20260609_103407_446_airspeed_sdp810.csv@978723718;0;0.0;2613
@20260609_103407_446_airspeed_sdp810.csv@978754539;-2;0.0;2614
@20260609_103407_446_airspeed_sdp810.csv@978783314;-2;0.0;2615
@20260609_103407_446_airspeed_sdp810.csv@978808588;-2;0.0;2615
@20260609_103407_446_airspeed_sdp810.csv@978833377;-2;0.0;2614
@20260609_103407_446_airspeed_sdp810.csv@978864778;-2;0.0;2614
@20260609_103407_446_airspeed_sdp810.csv@978893121;-2;0.0;2614
@20260609_103407_446_airspeed_sdp810.csv@978918468;-2;0.0;2613
@20260609_103407_446_airspeed_sdp810.csv@978943679;-2;0.0;2613
@20260609_103407_446_airspeed_sdp810.csv@978974431;-2;0.0;2613
@20260609_103407_446_airspeed_sdp810.csv@979003194;-4;0.0;2615
@20260609_103407_446_airspeed_sdp810.csv@979028559;-4;0.0;2615
@20260609_103407_446_airspeed_sdp810.csv@979053469;-2;0.0;2617
@20260609_103407_446_airspeed_sdp810.csv@979084756;-2;0.0;2614
@20260609_103407_446_airspeed_sdp810.csv@979114744;-2;0.0;2613
@20260609_103407_446_airspeed_sdp810.csv@979138939;-2;0.0;2613
@20260609_103407_446_airspeed_sdp810.csv@979163575;-2;0.0;2615
@20260609_103407_446_airspeed_sdp810.csv@979194528;-2;0.0;2619
@20260609_103407_446_airspeed_sdp810.csv@979225022;-2;0.0;2615
@20260609_103407_446_airspeed_sdp810.csv@979248696;-2;0.0;2615
@20260609_103407_446_airspeed_sdp810.csv@979388538;-2;0.0;2613
@20260609_103407_446_airspeed_sdp810.csv@979413422;-2;0.0;2613
@20260609_103407_446_airspeed_sdp810.csv@979444888;-2;0.0;2616
@20260609_103407_446_airspeed_sdp810.csv@979473027;-2;0.0;2611
@20260609_103407_446_airspeed_sdp810.csv@979501153;-2;0.0;2613
@20260609_103407_446_airspeed_sdp810.csv@979525378;0;0.0;2613
@20260609_103407_446_airspeed_sdp810.csv@979554569;-2;0.0;2613
@20260609_103407_446_airspeed_sdp810.csv@979583240;-2;0.0;2615
@20260609_103407_446_airspeed_sdp810.csv@979614999;-2;0.0;2619
@20260609_103407_446_airspeed_sdp810.csv@979643263;-2;0.0;2614
@20260609_103407_446_airspeed_sdp810.csv@979674476;-2;0.0;2616
@20260609_103407_446_airspeed_sdp810.csv@979697258;-2;0.0;2612
@20260609_103407_446_airspeed_sdp810.csv@979725051;-2;0.0;2613
@20260609_103407_446_airspeed_sdp810.csv@979753010;-2;0.0;2614
@20260609_103407_446_airspeed_sdp810.csv@979784660;-2;0.0;2614
@20260609_103407_446_airspeed_sdp810.csv@979807244;-2;0.0;2615
@20260609_103407_446_airspeed_sdp810.csv@979834750;-2;0.0;2615
@20260609_103407_446_airspeed_sdp810.csv@979863263;-2;0.0;2617
@20260609_103407_446_airspeed_sdp810.csv@979894507;-2;0.0;2615
@20260609_103407_446_airspeed_sdp810.csv@979923199;-2;0.0;2611
@20260609_103407_446_airspeed_sdp810.csv@979954725;-2;0.0;2611
@20260609_103407_446_airspeed_sdp810.csv@979983318;-2;0.0;2614
@20260609_103407_446_airspeed_sdp810.csv@980016058;-2;0.0;2613
@20260609_103407_446_airspeed_sdp810.csv@980043351;-2;0.0;2614
@20260609_103407_446_airspeed_sdp810.csv@980074730;-2;0.0;2614
@20260609_103407_446_airspeed_sdp810.csv@980103243;-4;0.0;2615
@20260609_103407_446_airspeed_sdp810.csv@980131957;-2;0.0;2616
@20260609_103407_446_airspeed_sdp810.csv@980154364;-2;0.0;2616
@20260609_103407_446_airspeed_sdp810.csv@980184920;-2;0.0;2613
@20260609_103407_446_airspeed_sdp810.csv@980213119;-4;0.0;2613
@20260609_103407_446_airspeed_sdp810.csv@980241846;-2;0.0;2615
@20260609_103407_446_airspeed_sdp810.csv@980265179;-2;0.0;2615
@20260609_103407_446_airspeed_sdp810.csv@980286452;-2;0.0;2612
@20260609_103407_446_airspeed_sdp810.csv@980313024;-2;0.0;2613
@20260609_103407_446_airspeed_sdp810.csv@980339243;-2;0.0;2617
@20260609_103407_446_airspeed_sdp810.csv@980363256;-2;0.0;2617
@20260609_103407_446_airspeed_sdp810.csv@980508941;-4;0.0;2613
@20260609_103407_446_airspeed_sdp810.csv@980533267;-2;0.0;2613
@20260609_103407_446_airspeed_sdp810.csv@980564830;0;0.0;2621
@20260609_103407_446_airspeed_sdp810.csv@980593142;-2;0.0;2614
@20260609_103407_446_airspeed_sdp810.csv@980620409;-2;0.0;2614
@20260609_103407_446_airspeed_sdp810.csv@980643269;-4;0.0;2614
@20260609_103407_446_airspeed_sdp810.csv@980666245;-2;0.0;2614
@20260609_103407_446_airspeed_sdp810.csv@980693040;-2;0.0;2615
@20260609_103407_446_airspeed_sdp810.csv@980723428;-2;0.0;2614
@20260609_103407_446_airspeed_sdp810.csv@980744549;-2;0.0;2614
@20260609_103407_446_airspeed_sdp810.csv@980774474;-2;0.0;2611
@20260609_103407_446_airspeed_sdp810.csv@980803306;-4;0.0;2613
@20260609_103407_446_airspeed_sdp810.csv@980833233;-2;0.0;2614
@20260609_103407_446_airspeed_sdp810.csv@980854946;-4;0.0;2614
@20260609_103407_446_airspeed_sdp810.csv@980884798;-2;0.0;2616
@20260609_103407_446_airspeed_sdp810.csv@980913161;-2;0.0;2615
@20260609_103407_446_airspeed_sdp810.csv@980943064;-2;0.0;2613
@20260609_103407_446_airspeed_sdp810.csv@980965553;-4;0.0;2613
@20260609_103407_446_airspeed_sdp810.csv@980994522;-2;0.0;2613
@20260609_103407_446_airspeed_sdp810.csv@981023199;-2;0.0;2613
@20260609_103407_446_airspeed_sdp810.csv@981050096;-2;0.0;2615
@20260609_103407_446_airspeed_sdp810.csv@981073031;-2;0.0;2615
@20260609_103407_446_airspeed_sdp810.csv@981096076;-2;0.0;2612
@20260609_103407_446_airspeed_sdp810.csv@981123378;-2;0.0;2614
@20260609_103407_446_airspeed_sdp810.csv@981153328;-2;0.0;2617
@20260609_103407_446_airspeed_sdp810.csv@981174222;-2;0.0;2617
@20260609_103407_446_airspeed_sdp810.csv@981204676;-2;0.0;2614
@20260609_103407_446_airspeed_sdp810.csv@981233032;-2;0.0;2615
@20260609_103407_446_airspeed_sdp810.csv@981260105;-2;0.0;2616
@20260609_103407_446_airspeed_sdp810.csv@981283227;-2;0.0;2616
@20260609_103407_446_airspeed_sdp810.csv@981314484;-2;0.0;2615
@20260609_103407_446_airspeed_sdp810.csv@981343348;-2;0.0;2617
@20260609_103407_446_airspeed_sdp810.csv@981369783;-2;0.0;2617
@20260609_103407_446_airspeed_sdp810.csv@981392988;-2;0.0;2617
@20260609_103407_446_airspeed_sdp810.csv@981424737;-2;0.0;2617
@20260609_103407_446_airspeed_sdp810.csv@981453008;-2;0.0;2613
@20260609_103407_446_airspeed_sdp810.csv@981479664;-2;0.0;2618
@20260609_103407_446_airspeed_sdp810.csv@981621902;-2;0.0;2615
@20260609_103407_446_airspeed_sdp810.csv@981644223;-2;0.0;2615
@20260609_103407_446_airspeed_sdp810.csv@981671084;-2;0.0;2618
@20260609_103407_446_airspeed_sdp810.csv@981692021;0;0.0;2618
@20260609_103407_446_airspeed_sdp810.csv@981715210;0;0.0;2616
@20260609_103407_446_airspeed_sdp810.csv@981741973;-2;0.0;2615
@20260609_103407_446_airspeed_sdp810.csv@981764614;-2;0.0;2615
@20260609_103407_446_airspeed_sdp810.csv@981794559;-2;0.0;2615
@20260609_103407_446_airspeed_sdp810.csv@981823262;-2;0.0;2617
@20260609_103407_446_airspeed_sdp810.csv@981852304;-2;0.0;2613
@20260609_103407_446_airspeed_sdp810.csv@981875021;-2;0.0;2613
@20260609_103407_446_airspeed_sdp810.csv@981896213;-2;0.0;2613
@20260609_103407_446_airspeed_sdp810.csv@981923224;-2;0.0;2617
@20260609_103407_446_airspeed_sdp810.csv@981948566;-2;0.0;2615
@20260609_103407_446_airspeed_sdp810.csv@981973552;-2;0.0;2615
@20260609_103407_446_airspeed_sdp810.csv@982004963;-2;0.0;2615
@20260609_103407_446_airspeed_sdp810.csv@982033066;-2;0.0;2617
@20260609_103407_446_airspeed_sdp810.csv@982063095;-2;0.0;2617
@20260609_103407_446_airspeed_sdp810.csv@982084931;-2;0.0;2617
@20260609_103407_446_airspeed_sdp810.csv@982114839;-2;0.0;2614
@20260609_103407_446_airspeed_sdp810.csv@982143258;-2;0.0;2615
@20260609_103407_446_airspeed_sdp810.csv@982172855;-2;0.0;2615
@20260609_103407_446_airspeed_sdp810.csv@982194982;-2;0.0;2615
@20260609_103407_446_airspeed_sdp810.csv@982224925;-2;0.0;2613
@20260609_103407_446_airspeed_sdp810.csv@982253209;-2;0.0;2614
@20260609_103407_446_airspeed_sdp810.csv@982280009;-4;0.0;2614
@20260609_103407_446_airspeed_sdp810.csv@982303809;-2;0.0;2614
@20260609_103407_446_airspeed_sdp810.csv@982334800;-2;0.0;2617
@20260609_103407_446_airspeed_sdp810.csv@982363337;-4;0.0;2617
@20260609_103407_446_airspeed_sdp810.csv@982389692;-2;0.0;2613
@20260609_103407_446_airspeed_sdp810.csv@982413455;-2;0.0;2613
@20260609_103407_446_airspeed_sdp810.csv@982445398;-2;0.0;2617
@20260609_103407_446_airspeed_sdp810.csv@982473191;-4;0.0;2616
@20260609_103407_446_airspeed_sdp810.csv@982498812;-2;0.0;2615
@20260609_103407_446_airspeed_sdp810.csv@982523774;-2;0.0;2615
@20260609_103407_446_airspeed_sdp810.csv@982554863;-2;0.0;2617
@20260609_103407_446_airspeed_sdp810.csv@982585047;-4;0.0;2615
@20260609_103407_446_airspeed_sdp810.csv@982609054;-2;0.0;2615
@20260609_103407_446_airspeed_sdp810.csv@982749669;-2;0.0;2613
@20260609_103407_446_airspeed_sdp810.csv@982773429;0;0.0;2613
@20260609_103407_446_airspeed_sdp810.csv@982805097;-2;0.0;2619
@20260609_103407_446_airspeed_sdp810.csv@982833110;-2;0.0;2614
@20260609_103407_446_airspeed_sdp810.csv@982857578;-2;0.0;2614
@20260609_103407_446_airspeed_sdp810.csv@982883445;-2;0.0;2613
@20260609_103407_446_airspeed_sdp810.csv@982914822;-2;0.0;2613
@20260609_103407_446_airspeed_sdp810.csv@982943287;-2;0.0;2615
@20260609_103407_446_airspeed_sdp810.csv@982971468;-2;0.0;2616
@20260609_103407_446_airspeed_sdp810.csv@982994848;-2;0.0;2616
@20260609_103407_446_airspeed_sdp810.csv@983016451;-2;0.0;2615
@20260609_103407_446_airspeed_sdp810.csv@983043320;-2;0.0;2615
@20260609_103407_446_airspeed_sdp810.csv@983076650;-4;0.0;2617
@20260609_103407_446_airspeed_sdp810.csv@983103348;-2;0.0;2615
@20260609_103407_446_airspeed_sdp810.csv@983134857;-2;0.0;2613
@20260609_103407_446_airspeed_sdp810.csv@983163479;-4;0.0;2617
@20260609_103407_446_airspeed_sdp810.csv@983186863;-2;0.0;2617
@20260609_103407_446_airspeed_sdp810.csv@983213111;-2;0.0;2614
@20260609_103407_446_airspeed_sdp810.csv@983245079;-2;0.0;2613
@20260609_103407_446_airspeed_sdp810.csv@983273082;0;0.0;2615
@20260609_103407_446_airspeed_sdp810.csv@983305430;-2;0.0;2614
@20260609_103407_446_airspeed_sdp810.csv@983333149;-2;0.0;2615
@20260609_103407_446_airspeed_sdp810.csv@983364907;-2;0.0;2616
@20260609_103407_446_airspeed_sdp810.csv@983386970;-2;0.0;2614
@20260609_103407_446_airspeed_sdp810.csv@983415056;-2;0.0;2614
@20260609_103407_446_airspeed_sdp810.csv@983443316;-4;0.0;2615
@20260609_103407_446_airspeed_sdp810.csv@983474777;-2;0.0;2616
@20260609_103407_446_airspeed_sdp810.csv@983497275;-2;0.0;2617
@20260609_103407_446_airspeed_sdp810.csv@983525214;0;0.0;2616
@20260609_103407_446_airspeed_sdp810.csv@983553052;-2;0.0;2615
@20260609_103407_446_airspeed_sdp810.csv@983585089;-2;0.0;2617
@20260609_103407_446_airspeed_sdp810.csv@983613051;-2;0.0;2615
@20260609_103407_446_airspeed_sdp810.csv@983645260;-2;0.0;2613
@20260609_103407_446_airspeed_sdp810.csv@983673155;-2;0.0;2615
@20260609_103407_446_airspeed_sdp810.csv@983706539;-4;0.0;2611
@20260609_103407_446_airspeed_sdp810.csv@983733197;-2;0.0;2619
@20260609_103407_446_airspeed_sdp810.csv@983869771;-2;0.0;2613
@20260609_103407_446_airspeed_sdp810.csv@983893491;-2;0.0;2617
@20260609_103407_446_airspeed_sdp810.csv@983925190;-2;0.0;2612
@20260609_103407_446_airspeed_sdp810.csv@983953124;-2;0.0;2613
@20260609_103407_446_airspeed_sdp810.csv@983982934;-2;0.0;2617
@20260609_103407_446_airspeed_sdp810.csv@984004875;-2;0.0;2617
@20260609_103407_446_airspeed_sdp810.csv@984034781;-2;0.0;2617
@20260609_103407_446_airspeed_sdp810.csv@984063299;-2;0.0;2620
@20260609_103407_446_airspeed_sdp810.csv@984093042;-2;0.0;2615
@20260609_103407_446_airspeed_sdp810.csv@984114297;-2;0.0;2615
@20260609_103407_446_airspeed_sdp810.csv@984144950;-2;0.0;2613
@20260609_103407_446_airspeed_sdp810.csv@984173127;-2;0.0;2616
@20260609_103407_446_airspeed_sdp810.csv@984202977;-2;0.0;2613
@20260609_103407_446_airspeed_sdp810.csv@984224413;-2;0.0;2613
@20260609_103407_446_airspeed_sdp810.csv@984254816;-4;0.0;2615
@20260609_103407_446_airspeed_sdp810.csv@984283468;-2;0.0;2617
@20260609_103407_446_airspeed_sdp810.csv@984310033;-2;0.0;2613
@20260609_103407_446_airspeed_sdp810.csv@984333112;-4;0.0;2613
@20260609_103407_446_airspeed_sdp810.csv@984364965;-2;0.0;2617
@20260609_103407_446_airspeed_sdp810.csv@984393105;-2;0.0;2615
@20260609_103407_446_airspeed_sdp810.csv@984419800;-2;0.0;2613
@20260609_103407_446_airspeed_sdp810.csv@984443367;-2;0.0;2613
@20260609_103407_446_airspeed_sdp810.csv@984474739;-2;0.0;2615
@20260609_103407_446_airspeed_sdp810.csv@984503403;0;0.0;2614
@20260609_103407_446_airspeed_sdp810.csv@984531426;-2;0.0;2613
@20260609_103407_446_airspeed_sdp810.csv@984554559;-2;0.0;2613
@20260609_103407_446_airspeed_sdp810.csv@984584959;-2;0.0;2618
@20260609_103407_446_airspeed_sdp810.csv@984614690;-2;0.0;2614
@20260609_103407_446_airspeed_sdp810.csv@984640767;-2;0.0;2615
@20260609_103407_446_airspeed_sdp810.csv@984664663;-2;0.0;2615
@20260609_103407_446_airspeed_sdp810.csv@984694920;-2;0.0;2619
@20260609_103407_446_airspeed_sdp810.csv@984725135;-2;0.0;2616
@20260609_103407_446_airspeed_sdp810.csv@984750047;-2;0.0;2616
@20260609_103407_446_airspeed_sdp810.csv@984773110;-2;0.0;2618
@20260609_103407_446_airspeed_sdp810.csv@984805108;0;0.0;2616
@20260609_103407_446_airspeed_sdp810.csv@984834664;-2;0.0;2613
@20260609_103407_446_airspeed_sdp810.csv@984865556;-2;0.0;2614
@20260609_103407_446_airspeed_sdp810.csv@985001499;-2;0.0;2616
@20260609_103407_446_airspeed_sdp810.csv@985024507;-2;0.0;2616
@20260609_103407_446_airspeed_sdp810.csv@985054833;-2;0.0;2615
@20260609_103407_446_airspeed_sdp810.csv@985083272;-2;0.0;2617
@20260609_103407_446_airspeed_sdp810.csv@985116566;-2;0.0;2613
@20260609_103407_446_airspeed_sdp810.csv@985143459;-2;0.0;2615
@20260609_103407_446_airspeed_sdp810.csv@985174747;0;0.0;2614
@20260609_103407_446_airspeed_sdp810.csv@985203447;-2;0.0;2614
@20260609_103407_446_airspeed_sdp810.csv@985231100;-2;0.0;2614
@20260609_103407_446_airspeed_sdp810.csv@985254476;-2;0.0;2614
@20260609_103407_446_airspeed_sdp810.csv@985285072;-2;0.0;2618
@20260609_103407_446_airspeed_sdp810.csv@985313047;-2;0.0;2613
@20260609_103407_446_airspeed_sdp810.csv@985341184;-2;0.0;2614
@20260609_103407_446_airspeed_sdp810.csv@985364865;-4;0.0;2614
@20260609_103407_446_airspeed_sdp810.csv@985394882;-2;0.0;2612
@20260609_103407_446_airspeed_sdp810.csv@985552095;-2;0.0;2617
@20260609_103407_446_airspeed_sdp810.csv@985573536;-2;0.0;2617
@20260609_103407_446_airspeed_sdp810.csv@985604860;-2;0.0;2619
@20260609_103407_446_airspeed_sdp810.csv@985632955;-2;0.0;2613
@20260609_103407_446_airspeed_sdp810.csv@985666680;-2;0.0;2616
@20260609_103407_446_airspeed_sdp810.csv@985693037;-2;0.0;2615
@20260609_103407_446_airspeed_sdp810.csv@985724841;-2;0.0;2615
@20260609_103407_446_airspeed_sdp810.csv@985753074;-2;0.0;2613
@20260609_103407_446_airspeed_sdp810.csv@985781859;-2;0.0;2617
@20260609_103407_446_airspeed_sdp810.csv@985803552;-2;0.0;2617
@20260609_103407_446_airspeed_sdp810.csv@985834682;-2;0.0;2614
@20260609_103407_446_airspeed_sdp810.csv@985863176;-2;0.0;2616
@20260609_103407_446_airspeed_sdp810.csv@985887516;-2;0.0;2616
@20260609_103407_446_airspeed_sdp810.csv@985912889;-2;0.0;2616
@20260609_103407_446_airspeed_sdp810.csv@985944742;-2;0.0;2618
@20260609_103407_446_airspeed_sdp810.csv@985972910;-2;0.0;2616
@20260609_103407_446_airspeed_sdp810.csv@986080321;-2;0.0;2615
@20260609_103407_446_airspeed_sdp810.csv@986104849;-2;0.0;2615
@20260609_103407_446_airspeed_sdp810.csv@986134592;-2;0.0;2613
@20260609_103407_446_airspeed_sdp810.csv@986163071;-2;0.0;2617
@20260609_103407_446_airspeed_sdp810.csv@986194813;-2;0.0;2616
@20260609_103407_446_airspeed_sdp810.csv@986223210;0;0.0;2617
@20260609_103407_446_airspeed_sdp810.csv@986254560;-2;0.0;2616
@20260609_103407_446_airspeed_sdp810.csv@986283057;-2;0.0;2615
@20260609_103407_446_airspeed_sdp810.csv@986314882;-2;0.0;2617
@20260609_103407_446_airspeed_sdp810.csv@986343297;-2;0.0;2617
@20260609_103407_446_airspeed_sdp810.csv@986374573;0;0.0;2617
@20260609_103407_446_airspeed_sdp810.csv@986403065;-2;0.0;2613
@20260609_103407_446_airspeed_sdp810.csv@986430058;-2;0.0;2617
@20260609_103407_446_airspeed_sdp810.csv@986452905;-2;0.0;2617
@20260609_103407_446_airspeed_sdp810.csv@986484668;-2;0.0;2613
@20260609_103407_446_airspeed_sdp810.csv@986512875;-2;0.0;2617
@20260609_103407_446_airspeed_sdp810.csv@986539153;-2;0.0;2617
@20260609_103407_446_airspeed_sdp810.csv@986563109;-2;0.0;2617
@20260609_103407_446_airspeed_sdp810.csv@986594436;-2;0.0;2617
@20260609_103407_446_airspeed_sdp810.csv@986623040;-2;0.0;2621
@20260609_103407_446_airspeed_sdp810.csv@986650432;0;0.0;2615
@20260609_103407_446_airspeed_sdp810.csv@986672873;-2;0.0;2615
@20260609_103407_446_airspeed_sdp810.csv@986704892;-2;0.0;2617
@20260609_103407_446_airspeed_sdp810.csv@986732842;-2;0.0;2616
@20260609_103407_446_baro_icp10111.csv@uptime;altitude;temperature;pressure;elevation
@20260609_103407_446_baro_icp10111.csv@926863384;2.01;21.0;100000;0.01
@20260609_103407_446_baro_icp10111.csv@926922501;2.09;21.0;100000;0.08
@20260609_103407_446_baro_icp10111.csv@926982535;2.23;21.0;100000;0.23
@20260609_103407_446_baro_icp10111.csv@927024808;2.38;21.0;100000;0.38
@20260609_103407_446_baro_icp10111.csv@927082600;2.64;21.0;100000;0.64
@20260609_103407_446_baro_icp10111.csv@927133145;2.87;21.0;100000;0.87
@20260609_103407_446_baro_icp10111.csv@927183134;3.27;21.0;100000;1.27
@20260609_103407_446_baro_icp10111.csv@927233069;3.57;21.0;100000;1.58
@20260609_103407_446_baro_icp10111.csv@927283042;4.09;21.0;100000;2.1
@20260609_103407_446_baro_icp10111.csv@927342514;4.7;21.0;100000;2.7
@20260609_103407_446_baro_icp10111.csv@927393069;5.13;21.0;100000;3.14
@20260609_103407_446_baro_icp10111.csv@927452437;5.85;21.0;100000;3.86
@20260609_103407_446_baro_icp10111.csv@927503068;6.64;21.0;100000;4.66
@20260609_103407_446_baro_icp10111.csv@927562558;7.52;21.0;100000;5.52
@20260609_103407_446_baro_icp10111.csv@927622914;8.47;21.0;100000;6.45
@20260609_103407_446_baro_icp10111.csv@927682434;9.49;21.0;100000;7.49
@20260609_103407_446_baro_icp10111.csv@927732978;10.19;21.0;100000;8.21
@20260609_103407_446_baro_icp10111.csv@927792315;11.3;21.0;100000;9.33
@20260609_103407_446_baro_icp10111.csv@927842453;12.51;21.0;100000;10.53
@20260609_103407_446_baro_icp10111.csv@927902446;13.8;21.0;100000;11.83
@20260609_103407_446_baro_icp10111.csv@927952993;14.73;21.0;100000;12.73
@20260609_103407_446_baro_icp10111.csv@928012346;16.09;21.0;100000;14.1
@20260609_103407_446_baro_icp10111.csv@928063083;17.56;21.0;100000;15.62
@20260609_103407_446_baro_icp10111.csv@928122458;19.14;21.0;100000;17.15
@20260609_103407_446_baro_icp10111.csv@928172991;20.25;21.0;100000;18.19
@20260609_103407_446_baro_icp10111.csv@928232350;21.89;21.0;100000;19.84
@20260609_103407_446_baro_icp10111.csv@928282962;23.68;21.0;100000;21.59
@20260609_103407_446_baro_icp10111.csv@928342490;25.49;21.0;100000;23.46
@20260609_103407_446_baro_icp10111.csv@928393058;26.72;21.0;100000;24.66
@20260609_103407_446_baro_icp10111.csv@928452349;28.59;21.0;100000;26.6
@20260609_103407_446_baro_icp10111.csv@928503032;30.65;21.0;100000;28.59
@20260609_103407_446_baro_icp10111.csv@928562472;32.63;21.0;100000;30.67
@20260609_103407_446_baro_icp10111.csv@928613009;34.08;21.0;100000;32.11
@20260609_103407_446_baro_icp10111.csv@928672363;36.18;21.0;100000;34.28
@20260609_103407_446_baro_icp10111.csv@928723055;38.53;21.0;100000;36.48
@20260609_103407_446_baro_icp10111.csv@928782499;40.81;21.0;100000;38.87
@20260609_103407_446_baro_icp10111.csv@928833106;42.36;21.0;100000;40.39
@20260609_103407_446_baro_icp10111.csv@928882676;44.92;21.0;100000;42.88
@20260609_103407_446_baro_icp10111.csv@928932994;46.5;21.0;100000;44.46
@20260609_103407_446_baro_icp10111.csv@928992393;49.01;21.0;100000;46.94
@20260609_103407_446_baro_icp10111.csv@929043015;51.6;21.0;100000;49.62
@20260609_103407_446_baro_icp10111.csv@929102493;54.24;21.0;100000;52.37
@20260609_103407_446_baro_icp10111.csv@929153032;56.1;21.0;100000;53.99
@20260609_103407_446_baro_icp10111.csv@929212333;58.85;21.0;100000;56.83
@20260609_103407_446_baro_icp10111.csv@929262980;61.62;21.0;100000;59.74
@20260609_103407_446_baro_icp10111.csv@929322454;64.7;21.0;100000;62.54
@20260609_103407_446_baro_icp10111.csv@929374395;66.46;21.0;100000;64.57
@20260609_103407_446_baro_icp10111.csv@929432385;69.76;21.0;100000;67.6
@20260609_103407_446_baro_icp10111.csv@929483194;72.7;21.0;100000;70.6
@20260609_103407_446_baro_icp10111.csv@929542491;75.83;21.0;100000;73.89
@20260609_103407_446_baro_icp10111.csv@929593003;78.09;21.0;100000;75.96
@20260609_103407_446_baro_icp10111.csv@929652347;81.04;21.0;100000;79.01
@20260609_103407_446_baro_icp10111.csv@929703007;84.37;21.0;100000;82.44
@20260609_103407_446_baro_icp10111.csv@929762468;88.07;21.0;100000;86.03
@20260609_103407_446_baro_icp10111.csv@929813004;90.2;21.0;100000;88.32
@20260609_103407_446_baro_icp10111.csv@929876234;93.46;21.0;100000;91.53
@20260609_103407_446_baro_icp10111.csv@929923000;96.88;21.0;100000;94.97
@20260609_103407_446_baro_icp10111.csv@929982458;100.7;21.0;100000;98.64
@20260609_103407_446_baro_icp10111.csv@930032991;102.89;21.0;100000;101.23
@20260609_103407_446_baro_icp10111.csv@930092293;106.58;21.0;100000;104.95
@20260609_103407_446_baro_icp10111.csv@930142956;110.44;21.0;100000;108.25
@20260609_103407_446_baro_icp10111.csv@930202416;114.06;21.0;100000;112.5
@20260609_103407_446_baro_icp10111.csv@930252980;116.62;21.0;100000;114.9
@20260609_103407_446_baro_icp10111.csv@930312362;121.01;21.0;100000;118.55
@20260609_103407_446_baro_icp10111.csv@930362940;124.68;21.0;100000;122.88
@20260609_103407_446_baro_icp10111.csv@930422509;128.23;21.0;100000;126.12
@20260609_103407_446_baro_icp10111.csv@930473049;130.98;21.0;100000;128.88
@20260609_103407_446_baro_icp10111.csv@930532390;134.74;21.0;100000;132.82
@20260609_103407_446_baro_icp10111.csv@930583031;138.41;21.0;100000;136.1
@20260609_103407_446_baro_icp10111.csv@930642544;141.67;21.0;100000;139.81
@20260609_103407_446_baro_icp10111.csv@930693042;144.29;21.0;100000;142.17
@20260609_103407_446_baro_icp10111.csv@930752536;148.03;21.0;100000;145.86
@20260609_103407_446_baro_icp10111.csv@930803083;151.53;21.0;100000;149.01
@20260609_103407_446_baro_icp10111.csv@930862579;154.46;21.0;100000;152.99
@20260609_103407_446_baro_icp10111.csv@930922746;157.72;21.0;100000;156.15
@20260609_103407_446_baro_icp10111.csv@930974790;160.41;21.0;100000;158.37
@20260609_103407_446_baro_icp10111.csv@931023045;163.69;21.0;100000;161.15
@20260609_103407_446_baro_icp10111.csv@931073094;165.63;21.0;100000;163.97
@20260609_103407_446_baro_icp10111.csv@931123106;169.21;21.0;100000;167.23
@20260609_103407_446_baro_icp10111.csv@931173060;170.61;21.0;100000;169.18
@20260609_103407_446_baro_icp10111.csv@931223998;174.38;21.0;100000;171.94
@20260609_103407_446_baro_icp10111.csv@931273057;176.33;21.0;100000;173.97
@20260609_103407_446_baro_icp10111.csv@931332352;178.82;21.0;100000;177.43
@20260609_103407_446_baro_icp10111.csv@931384528;181.72;21.0;100000;180.43
@20260609_103407_446_baro_icp10111.csv@931442445;185.51;21.0;100000;183.57
@20260609_103407_446_baro_icp10111.csv@931494584;186.85;21.0;100000;185.1
@20260609_103407_446_baro_icp10111.csv@931552328;189.56;21.0;100000;188.11
@20260609_103407_446_baro_icp10111.csv@931603125;192.94;21.0;100000;190.32
@20260609_103407_446_baro_icp10111.csv@931662485;195.73;21.0;100000;193.91
@20260609_103407_446_baro_icp10111.csv@931713171;197.49;21.0;100000;195.46
@20260609_103407_446_baro_icp10111.csv@931772334;199.56;21.0;100000;198.05
@20260609_103407_446_baro_icp10111.csv@931823045;202.91;21.0;100000;200.48
@20260609_103407_446_baro_icp10111.csv@931882501;205.44;21.0;100000;203.35
@20260609_103407_446_baro_icp10111.csv@931942752;207.79;21.0;100000;206.22
@20260609_103407_446_baro_icp10111.csv@931994047;209.72;21.0;100000;207.29
@20260609_103407_446_baro_icp10111.csv@932043300;212.58;21.0;100000;209.56
@20260609_103407_446_baro_icp10111.csv@932093191;213.27;21.0;100000;211.73
@20260609_103407_446_baro_icp10111.csv@932143303;216.58;21.0;100000;214.01
@20260609_103407_446_baro_icp10111.csv@932193216;218.02;21.0;100000;216.1
@20260609_103407_446_baro_icp10111.csv@932243279;219.69;21.0;100000;218.0
@20260609_103407_446_baro_icp10111.csv@932293260;221.37;21.0;100000;219.99
@20260609_103407_446_baro_icp10111.csv@932343262;224.2;21.0;100000;221.51
@20260609_103407_446_baro_icp10111.csv@932393261;225.46;21.0;100000;223.34
@20260609_103407_446_baro_icp10111.csv@932444807;227.99;21.0;100000;225.44
@20260609_103407_446_baro_icp10111.csv@932493064;229.45;21.0;100000;226.91
@20260609_103407_446_baro_icp10111.csv@932545567;231.56;21.0;100000;229.01
@20260609_103407_446_baro_icp10111.csv@932593033;231.99;21.0;100000;230.28
@20260609_103407_446_baro_icp10111.csv@932652355;234.69;21.0;100000;232.26
@20260609_103407_446_baro_icp10111.csv@932703037;236.6;21.0;100000;234.44
@20260609_103407_446_baro_icp10111.csv@932762526;238.94;21.0;100000;236.43
@20260609_103407_446_baro_icp10111.csv@932813027;239.8;21.0;100000;237.39
@20260609_103407_446_baro_icp10111.csv@932874039;242.06;21.0;100000;239.72
@20260609_103407_446_baro_icp10111.csv@932948427;244.79;21.0;100000;242.37
@20260609_103407_446_baro_icp10111.csv@932993028;245.87;21.0;100000;243.19
@20260609_103407_446_baro_icp10111.csv@933043069;247.05;21.0;100000;245.88
@20260609_103407_446_baro_icp10111.csv@933095131;248.83;21.0;100000;247.13
@20260609_103407_446_baro_icp10111.csv@933152334;250.6;21.0;100000;247.9
@20260609_103407_446_baro_icp10111.csv@933205484;252.53;21.0;100000;249.89
@20260609_103407_446_baro_icp10111.csv@933253001;252.94;21.0;100000;251.33
@20260609_103407_446_baro_icp10111.csv@933304533;255.3;21.0;100000;252.86
@20260609_103407_446_baro_icp10111.csv@933353009;256.37;21.0;100000;254.07
@20260609_103407_446_baro_icp10111.csv@933403003;257.25;21.0;100000;255.63
@20260609_103407_446_baro_icp10111.csv@933462464;259.34;21.0;100000;256.97
@20260609_103407_446_baro_icp10111.csv@933514600;259.75;21.0;100000;257.82
@20260609_103407_446_baro_icp10111.csv@933572396;262.02;21.0;100000;259.0
@20260609_103407_446_baro_icp10111.csv@933624558;262.89;21.0;100000;261.27
@20260609_103407_446_baro_icp10111.csv@933682496;264.31;21.0;100000;261.73
@20260609_103407_446_baro_icp10111.csv@933732994;265.48;21.0;100000;263.01
@20260609_103407_446_baro_icp10111.csv@933792380;266.26;21.0;100000;264.81
@20260609_103407_446_baro_icp10111.csv@933843089;268.23;21.0;100000;265.32
@20260609_103407_446_baro_icp10111.csv@933902525;269.18;21.0;100000;267.37
@20260609_103407_446_baro_icp10111.csv@933979204;270.27;21.0;100000;267.89
@20260609_103407_446_baro_icp10111.csv@934032361;271.8;21.0;100000;268.7
@20260609_103407_446_baro_icp10111.csv@934083478;271.97;21.0;100000;270.82
@20260609_103407_446_baro_icp10111.csv@934133016;273.26;21.0;100000;271.17
@20260609_103407_446_baro_icp10111.csv@934192502;274.21;21.0;100000;272.73
@20260609_103407_446_baro_icp10111.csv@934244557;275.84;21.0;100000;273.76
@20260609_103407_446_baro_icp10111.csv@934293108;275.64;21.0;100000;274.68
@20260609_103407_446_baro_icp10111.csv@934343067;276.89;21.0;100000;275.35
@20260609_103407_446_baro_icp10111.csv@934393207;278.01;21.0;100000;276.12
@20260609_103407_446_baro_icp10111.csv@934442981;278.38;21.0;100000;276.68
@20260609_103407_446_baro_icp10111.csv@934493014;279.06;21.0;100000;276.51
@20260609_103407_446_baro_icp10111.csv@934552422;279.96;21.0;100000;278.29
@20260609_103407_446_baro_icp10111.csv@934603053;280.42;21.0;100000;278.93
@20260609_103407_446_baro_icp10111.csv@934662531;281.2;21.0;100000;279.85
@20260609_103407_446_baro_icp10111.csv@934713030;282.72;21.0;100000;279.54
@20260609_103407_446_baro_icp10111.csv@934772407;282.82;21.0;100000;280.31
@20260609_103407_446_baro_icp10111.csv@934823057;282.9;21.0;100000;281.97
@20260609_103407_446_baro_icp10111.csv@934882517;284.18;21.0;100000;282.13
@20260609_103407_446_baro_icp10111.csv@934933034;284.5;21.0;100000;282.04
@20260609_103407_446_baro_icp10111.csv@935009019;284.76;21.0;100000;283.89
@20260609_103407_446_baro_icp10111.csv@935053043;286.2;21.0;100000;284.1
@20260609_103407_446_baro_icp10111.csv@935112426;286.02;21.0;100000;284.03
@20260609_103407_446_baro_icp10111.csv@935163068;286.8;21.0;100000;285.09
@20260609_103407_446_baro_icp10111.csv@935222504;286.76;21.0;100000;284.8
@20260609_103407_446_baro_icp10111.csv@935273019;287.54;21.0;100000;285.47
@20260609_103407_446_baro_icp10111.csv@935332381;287.16;21.0;100000;286.42
@20260609_103407_446_baro_icp10111.csv@935382975;288.85;21.0;100000;286.38
@20260609_103407_446_baro_icp10111.csv@935442556;288.33;21.0;100000;286.63
@20260609_103407_446_baro_icp10111.csv@935492991;289.42;21.0;100000;286.84
@20260609_103407_446_baro_icp10111.csv@935552387;289.27;21.0;100000;287.6
@20260609_103407_446_baro_icp10111.csv@935602966;288.73;21.0;100000;286.66
@20260609_103407_446_baro_icp10111.csv@935662490;289.52;21.0;100000;287.9
@20260609_103407_446_baro_icp10111.csv@935713003;289.98;21.0;100000;288.15
@20260609_103407_446_baro_icp10111.csv@935772326;290.28;21.0;100000;287.47
@20260609_103407_446_baro_icp10111.csv@935822974;289.48;21.0;100000;287.37
@20260609_103407_446_baro_icp10111.csv@935882470;290.1;21.0;100000;287.47
@20260609_103407_446_baro_icp10111.csv@935933020;289.69;21.0;100000;287.62
@20260609_103407_446_baro_icp10111.csv@935992312;289.85;21.0;100000;288.25
@20260609_103407_446_baro_icp10111.csv@936039390;290.52;21.0;100000;288.16
@20260609_103407_446_baro_icp10111.csv@936092385;290.3;21.0;100000;287.82
@20260609_103407_446_baro_icp10111.csv@936152410;290.29;21.0;100000;287.38
@20260609_103407_446_baro_icp10111.csv@936204657;289.07;21.0;100000;286.94
@20260609_103407_446_baro_icp10111.csv@936253162;290.0;21.0;100000;286.98
@20260609_103407_446_baro_icp10111.csv@936303019;289.91;21.0;100000;286.95
@20260609_103407_446_baro_icp10111.csv@936353044;289.25;21.0;100000;287.39
@20260609_103407_446_baro_icp10111.csv@936403006;289.3;21.0;100000;287.53
@20260609_103407_446_baro_icp10111.csv@936453180;288.43;21.0;100000;287.12
@20260609_103407_446_baro_icp10111.csv@936503475;288.31;21.0;100000;286.48
@20260609_103407_446_baro_icp10111.csv@936553031;287.67;21.0;100000;286.35
@20260609_103407_446_baro_icp10111.csv@936603053;288.08;21.0;100000;286.26
@20260609_103407_446_baro_icp10111.csv@936662546;287.75;21.0;100000;284.94
@20260609_103407_446_baro_icp10111.csv@936714576;286.58;21.0;100000;284.62
@20260609_103407_446_baro_icp10111.csv@936772405;286.01;21.0;100000;284.65
@20260609_103407_446_baro_icp10111.csv@936825042;286.33;21.0;100000;284.56
@20260609_103407_446_baro_icp10111.csv@936882515;285.65;21.0;100000;283.93
@20260609_103407_446_baro_icp10111.csv@936933512;284.95;21.0;100000;282.83
@20260609_103407_446_baro_icp10111.csv@936992407;285.21;21.0;100000;282.35
@20260609_103407_446_baro_icp10111.csv@937138779;283.35;21.0;100000;280.86
@20260609_103407_446_baro_icp10111.csv@937192716;283.8;21.0;100000;281.53
@20260609_103407_446_baro_icp10111.csv@937244100;283.12;21.0;100000;281.38
@20260609_103407_446_baro_icp10111.csv@937302836;282.86;21.0;100000;281.5
@20260609_103407_446_baro_icp10111.csv@937355855;283.01;21.0;100000;280.5
@20260609_103407_446_baro_icp10111.csv@937412591;283.01;21.0;100000;280.83
@20260609_103407_446_baro_icp10111.csv@937465991;281.95;21.0;100000;281.17
@20260609_103407_446_baro_icp10111.csv@937522867;282.47;21.0;100000;280.26
@20260609_103407_446_baro_icp10111.csv@937574301;282.24;21.0;100000;280.61
@20260609_103407_446_baro_icp10111.csv@937632767;282.51;21.0;100000;280.86
@20260609_103407_446_baro_icp10111.csv@937684738;281.74;21.0;100000;280.22
@20260609_103407_446_baro_icp10111.csv@937742869;281.48;21.0;100000;279.65
@20260609_103407_446_baro_icp10111.csv@937794772;281.73;21.0;100000;279.6
@20260609_103407_446_baro_icp10111.csv@937852574;282.36;21.0;100000;280.0
@20260609_103407_446_baro_icp10111.csv@937904700;282.07;21.0;100000;279.66
@20260609_103407_446_baro_icp10111.csv@937962926;281.86;21.0;100000;280.26
@20260609_103407_446_baro_icp10111.csv@938014652;282.3;21.0;100000;279.02
@20260609_103407_446_baro_icp10111.csv@938072598;282.19;21.0;100000;279.09
@20260609_103407_446_baro_icp10111.csv@938132618;281.51;21.0;100000;279.05
@20260609_103407_446_baro_icp10111.csv@938182892;281.98;21.0;100000;279.52
@20260609_103407_446_baro_icp10111.csv@938232617;280.52;21.0;100000;279.47
@20260609_103407_446_baro_icp10111.csv@938292622;280.79;21.0;100000;279.31
@20260609_103407_446_baro_icp10111.csv@938344615;281.28;21.0;100000;279.47
@20260609_103407_446_baro_icp10111.csv@938402835;281.46;21.0;100000;278.9
@20260609_103407_446_baro_icp10111.csv@938454695;280.41;21.0;100000;279.36
@20260609_103407_446_baro_icp10111.csv@938512646;279.94;21.0;100000;278.59
@20260609_103407_446_baro_icp10111.csv@938564905;280.67;21.0;100000;278.43
@20260609_103407_446_baro_icp10111.csv@938622892;279.67;21.0;100000;277.63
@20260609_103407_446_baro_icp10111.csv@938674803;279.71;21.0;100000;278.04
@20260609_103407_446_baro_icp10111.csv@938732620;280.29;21.0;100000;277.41
@20260609_103407_446_baro_icp10111.csv@938784789;279.96;21.0;100000;278.45
@20260609_103407_446_baro_icp10111.csv@938842818;279.35;21.0;100000;278.2
@20260609_103407_446_baro_icp10111.csv@938894562;280.22;21.0;100000;277.33
@20260609_103407_446_baro_icp10111.csv@938952595;278.98;21.0;100000;277.58
@20260609_103407_446_baro_icp10111.csv@939004677;278.79;21.0;100000;277.06
@20260609_103407_446_baro_icp10111.csv@939062760;278.61;21.0;100000;277.41
@20260609_103407_446_baro_icp10111.csv@939114521;279.26;21.0;100000;276.91
@20260609_103407_446_baro_icp10111.csv@939169419;278.74;21.0;100000;277.13
@20260609_103407_446_baro_icp10111.csv@939222904;279.42;21.0;100000;277.0
@20260609_103407_446_baro_icp10111.csv@939282838;278.38;21.0;100000;276.38
@20260609_103407_446_baro_icp10111.csv@939334340;278.46;21.0;100000;275.9
@20260609_103407_446_baro_icp10111.csv@939392770;277.84;21.0;100000;276.86
@20260609_103407_446_baro_icp10111.csv@939444143;277.63;21.0;100000;275.8
@20260609_103407_446_baro_icp10111.csv@939502805;278.47;21.0;100000;276.08
@20260609_103407_446_baro_icp10111.csv@939554423;278.21;21.0;100000;275.55
@20260609_103407_446_baro_icp10111.csv@939612674;277.91;21.0;100000;276.25
@20260609_103407_446_baro_icp10111.csv@939664247;278.23;21.0;100000;275.35
@20260609_103407_446_baro_icp10111.csv@939722751;276.87;21.0;100000;274.89
@20260609_103407_446_baro_icp10111.csv@939774492;276.95;21.0;100000;275.15
@20260609_103407_446_baro_icp10111.csv@939832641;276.87;21.0;100000;274.68
@20260609_103407_446_baro_icp10111.csv@939884128;276.31;21.0;100000;274.93
@20260609_103407_446_baro_icp10111.csv@939942856;277.22;21.0;100000;274.81
@20260609_103407_446_baro_icp10111.csv@939994477;277.36;21.0;100000;275.25
@20260609_103407_446_baro_icp10111.csv@940052668;276.01;21.0;100000;274.94
@20260609_103407_446_baro_icp10111.csv@940104060;276.98;21.0;100000;274.56
@20260609_103407_446_baro_icp10111.csv@940162856;275.92;21.0;100000;274.59
@20260609_103407_446_baro_icp10111.csv@940245516;275.34;21.0;100000;274.55
@20260609_103407_446_baro_icp10111.csv@940302916;276.33;21.0;100000;273.66
@20260609_103407_446_baro_icp10111.csv@940362951;275.43;21.0;100000;273.76
@20260609_103407_446_baro_icp10111.csv@940422832;275.62;21.0;100000;273.35
@20260609_103407_446_baro_icp10111.csv@940482777;275.32;21.0;100000;272.97
@20260609_103407_446_baro_icp10111.csv@940542810;275.47;21.0;100000;272.62
@20260609_103407_446_baro_icp10111.csv@940595077;275.34;21.0;100000;272.65
@20260609_103407_446_baro_icp10111.csv@940652621;275.09;21.0;100000;272.59
@20260609_103407_446_baro_icp10111.csv@940705383;274.74;21.0;100000;271.97
@20260609_103407_446_baro_icp10111.csv@940762898;273.77;21.0;100000;271.82
@20260609_103407_446_baro_icp10111.csv@940813460;274.23;21.0;100000;272.22
@20260609_103407_446_baro_icp10111.csv@940872690;274.54;21.0;100000;271.84
@20260609_103407_446_baro_icp10111.csv@940932699;273.96;21.0;100000;271.8
@20260609_103407_446_baro_icp10111.csv@940992723;273.55;21.0;100000;271.38
@20260609_103407_446_baro_icp10111.csv@941042805;272.61;21.0;100000;271.19
@20260609_103407_446_baro_icp10111.csv@941102939;273.14;21.0;100000;271.4
@20260609_103407_446_baro_icp10111.csv@941152524;273.17;21.0;100000;270.27
@20260609_103407_446_baro_icp10111.csv@941212700;273.2;21.0;100000;270.7
@20260609_103407_446_baro_icp10111.csv@941264785;272.62;21.0;100000;270.98
@20260609_103407_446_baro_icp10111.csv@941322863;272.86;21.0;100000;269.79
@20260609_103407_446_baro_icp10111.csv@941382877;272.1;21.0;100000;270.18
@20260609_103407_446_baro_icp10111.csv@941435706;271.55;21.0;100000;269.7
@20260609_103407_446_baro_icp10111.csv@941492632;272.24;21.0;100000;269.54
@20260609_103407_446_baro_icp10111.csv@941545687;271.69;21.0;100000;269.82
@20260609_103407_446_baro_icp10111.csv@941602864;271.23;21.0;100000;269.0
@20260609_103407_446_baro_icp10111.csv@941654160;271.22;21.0;100000;269.19
@20260609_103407_446_baro_icp10111.csv@941712590;270.67;21.0;100000;269.14
@20260609_103407_446_baro_icp10111.csv@941764202;270.83;21.0;100000;268.02
@20260609_103407_446_baro_icp10111.csv@941822753;270.1;21.0;100000;267.95
@20260609_103407_446_baro_icp10111.csv@941874677;270.92;21.0;100000;268.51
@20260609_103407_446_baro_icp10111.csv@941932658;270.46;21.0;100000;267.96
@20260609_103407_446_baro_icp10111.csv@941984173;270.21;21.0;100000;268.24
@20260609_103407_446_baro_icp10111.csv@942033444;269.94;21.0;100000;267.8
@20260609_103407_446_baro_icp10111.csv@942092871;269.86;21.0;100000;266.95
@20260609_103407_446_baro_icp10111.csv@942152630;269.0;21.0;100000;267.28
@20260609_103407_446_baro_icp10111.csv@942202874;268.6;21.0;100000;266.85
@20260609_103407_446_baro_icp10111.csv@942262843;268.55;21.0;100000;266.3
@20260609_103407_446_baro_icp10111.csv@942322778;268.58;21.0;100000;266.45
@20260609_103407_446_baro_icp10111.csv@942382795;268.91;21.0;100000;265.67
@20260609_103407_446_baro_icp10111.csv@942442816;268.17;21.0;100000;265.73
@20260609_103407_446_baro_icp10111.csv@942496161;267.27;21.0;100000;265.82
@20260609_103407_446_baro_icp10111.csv@942552544;268.27;21.0;100000;266.1
@20260609_103407_446_baro_icp10111.csv@942606046;267.62;21.0;100000;266.01
@20260609_103407_446_baro_icp10111.csv@942662774;266.91;21.0;100000;264.51
@20260609_103407_446_baro_icp10111.csv@942722990;267.19;21.0;100000;265.37
@20260609_103407_446_baro_icp10111.csv@942773459;266.34;21.0;100000;264.33
@20260609_103407_446_baro_icp10111.csv@942832718;266.83;21.0;100000;264.6
@20260609_103407_446_baro_icp10111.csv@942892633;265.65;21.0;100000;264.23
@20260609_103407_446_baro_icp10111.csv@942942849;266.66;21.0;100000;264.41
@20260609_103407_446_baro_icp10111.csv@942993475;265.79;21.0;100000;263.57
@20260609_103407_446_baro_icp10111.csv@943052683;265.29;21.0;100000;263.8
@20260609_103407_446_baro_icp10111.csv@943112700;265.04;21.0;100000;262.84
@20260609_103407_446_baro_icp10111.csv@943172638;265.58;21.0;100000;263.3
@20260609_103407_446_baro_icp10111.csv@943234140;264.93;21.0;100000;262.79
@20260609_103407_446_baro_icp10111.csv@943300565;264.61;21.0;100000;262.91
@20260609_103407_446_baro_icp10111.csv@943352717;264.46;21.0;100000;262.73
@20260609_103407_446_baro_icp10111.csv@943404312;264.31;21.0;100000;261.95
@20260609_103407_446_baro_icp10111.csv@943462996;264.14;21.0;100000;261.4
@20260609_103407_446_baro_icp10111.csv@943514516;263.53;21.0;100000;262.27
@20260609_103407_446_baro_icp10111.csv@943572745;263.63;21.0;100000;261.43
@20260609_103407_446_baro_icp10111.csv@943624329;263.38;21.0;100000;260.7
@20260609_103407_446_baro_icp10111.csv@943682929;263.21;21.0;100000;260.61
@20260609_103407_446_baro_icp10111.csv@943734134;262.46;21.0;100000;261.15
@20260609_103407_446_baro_icp10111.csv@943792752;262.31;21.0;100000;260.86
@20260609_103407_446_baro_icp10111.csv@943844290;262.38;21.0;100000;260.41
@20260609_103407_446_baro_icp10111.csv@943902873;261.55;21.0;100000;259.95
@20260609_103407_446_baro_icp10111.csv@943954095;261.69;21.0;100000;259.22
@20260609_103407_446_baro_icp10111.csv@944012673;261.53;21.0;100000;259.67
@20260609_103407_446_baro_icp10111.csv@944065727;261.53;21.0;100000;258.72
@20260609_103407_446_baro_icp10111.csv@944122837;260.84;21.0;100000;259.03
@20260609_103407_446_baro_icp10111.csv@944176057;260.59;21.0;100000;258.15
@20260609_103407_446_baro_icp10111.csv@944232693;260.12;21.0;100000;258.19
@20260609_103407_446_baro_icp10111.csv@944284372;260.65;21.0;100000;257.92
@20260609_103407_446_baro_icp10111.csv@944372868;260.25;21.0;100000;257.89
@20260609_103407_446_baro_icp10111.csv@944432653;259.1;21.0;100000;257.52
@20260609_103407_446_baro_icp10111.csv@944485310;259.41;21.0;100000;256.66
@20260609_103407_446_baro_icp10111.csv@944542882;259.0;21.0;100000;257.44
@20260609_103407_446_baro_icp10111.csv@944595841;258.31;21.0;100000;256.17
@20260609_103407_446_baro_icp10111.csv@944652627;258.07;21.0;100000;256.34
@20260609_103407_446_baro_icp10111.csv@944705801;257.62;21.0;100000;256.8
@20260609_103407_446_baro_icp10111.csv@944762749;257.42;21.0;100000;256.27
@20260609_103407_446_baro_icp10111.csv@944815675;257.22;21.0;100000;256.31
@20260609_103407_446_baro_icp10111.csv@944872718;256.85;21.0;100000;255.98
@20260609_103407_446_baro_icp10111.csv@944924358;257.5;21.0;100000;255.55
@20260609_103407_446_baro_icp10111.csv@944982793;257.46;21.0;100000;255.29
@20260609_103407_446_baro_icp10111.csv@945034130;256.29;21.0;100000;254.86
@20260609_103407_446_baro_icp10111.csv@945092667;256.58;21.0;100000;254.01
@20260609_103407_446_baro_icp10111.csv@945144203;255.87;21.0;100000;254.26
@20260609_103407_446_baro_icp10111.csv@945202957;255.35;21.0;100000;254.39
@20260609_103407_446_baro_icp10111.csv@945254143;255.49;21.0;100000;253.8
@20260609_103407_446_baro_icp10111.csv@945312567;255.88;21.0;100000;253.88
@20260609_103407_446_baro_icp10111.csv@945364156;254.68;21.0;100000;253.02
@20260609_103407_446_baro_icp10111.csv@945413770;254.74;21.0;100000;253.02
@20260609_103407_446_baro_icp10111.csv@945472700;255.12;21.0;100000;252.13
@20260609_103407_446_baro_icp10111.csv@945532600;254.76;21.0;100000;252.16
@20260609_103407_446_baro_icp10111.csv@945592513;253.85;21.0;100000;252.1
@20260609_103407_446_baro_icp10111.csv@945652575;253.4;21.0;100000;251.46
@20260609_103407_446_baro_icp10111.csv@945712592;253.09;21.0;100000;251.56
@20260609_103407_446_baro_icp10111.csv@945774280;253.72;21.0;100000;250.67
@20260609_103407_446_baro_icp10111.csv@945832645;253.42;21.0;100000;250.25
@20260609_103407_446_baro_icp10111.csv@945892706;252.93;21.0;100000;249.96
@20260609_103407_446_baro_icp10111.csv@945952613;252.78;21.0;100000;250.76
@20260609_103407_446_baro_icp10111.csv@946012766;252.46;21.0;100000;249.48
@20260609_103407_446_baro_icp10111.csv@946072681;251.9;21.0;100000;249.82
@20260609_103407_446_baro_icp10111.csv@946132586;251.33;21.0;100000;248.85
@20260609_103407_446_baro_icp10111.csv@946194253;250.54;21.0;100000;248.78
@20260609_103407_446_baro_icp10111.csv@946252741;250.5;21.0;100000;248.23
@20260609_103407_446_baro_icp10111.csv@946312672;250.09;21.0;100000;248.5
@20260609_103407_446_baro_icp10111.csv@946372575;250.48;21.0;100000;247.93
@20260609_103407_446_baro_icp10111.csv@946433638;249.54;21.0;100000;247.53
@20260609_103407_446_baro_icp10111.csv@946492631;249.74;21.0;100000;246.88
@20260609_103407_446_baro_icp10111.csv@946542725;249.24;21.0;100000;247.52
@20260609_103407_446_baro_icp10111.csv@946602895;249.1;21.0;100000;246.81
@20260609_103407_446_baro_icp10111.csv@946652492;248.15;21.0;100000;246.84
@20260609_103407_446_baro_icp10111.csv@946712628;248.02;21.0;100000;246.75
@20260609_103407_446_baro_icp10111.csv@946762767;247.67;21.0;100000;245.85
@20260609_103407_446_baro_icp10111.csv@946822851;248.26;21.0;100000;245.26
@20260609_103407_446_baro_icp10111.csv@946882839;247.84;21.0;100000;245.16
@20260609_103407_446_baro_icp10111.csv@946944384;246.68;21.0;100000;244.56
@20260609_103407_446_baro_icp10111.csv@946993448;246.54;21.0;100000;245.42
@20260609_103407_446_baro_icp10111.csv@947045082;246.36;21.0;100000;244.93
@20260609_103407_446_baro_icp10111.csv@947093441;246.0;21.0;100000;244.62
@20260609_103407_446_baro_icp10111.csv@947154230;246.15;21.0;100000;244.5
@20260609_103407_446_baro_icp10111.csv@947212562;245.25;21.0;100000;243.43
@20260609_103407_446_baro_icp10111.csv@947272714;245.0;21.0;100000;243.27
@20260609_103407_446_baro_icp10111.csv@947332656;244.64;21.0;100000;242.56
@20260609_103407_446_baro_icp10111.csv@947392774;244.79;21.0;100000;242.96
@20260609_103407_446_baro_icp10111.csv@947452645;244.52;21.0;100000;242.48
@20260609_103407_446_baro_icp10111.csv@947512667;244.43;21.0;100000;242.49
@20260609_103407_446_baro_icp10111.csv@947574269;243.8;21.0;100000;241.59
@20260609_103407_446_baro_icp10111.csv@947632611;243.14;21.0;100000;242.06
@20260609_103407_446_baro_icp10111.csv@947692690;243.52;21.0;100000;241.34
@20260609_103407_446_baro_icp10111.csv@947752668;242.51;21.0;100000;240.59
@20260609_103407_446_baro_icp10111.csv@947812549;242.02;21.0;100000;240.71
@20260609_103407_446_baro_icp10111.csv@947872678;242.1;21.0;100000;240.48
@20260609_103407_446_baro_icp10111.csv@947932563;241.93;21.0;100000;239.84
@20260609_103407_446_baro_icp10111.csv@947994146;242.08;21.0;100000;239.3
@20260609_103407_446_baro_icp10111.csv@948052615;241.47;21.0;100000;239.12
@20260609_103407_446_baro_icp10111.csv@948112779;240.49;21.0;100000;238.54
@20260609_103407_446_baro_icp10111.csv@948172674;240.98;21.0;100000;239.1
@20260609_103407_446_baro_icp10111.csv@948232691;240.64;21.0;100000;238.04
@20260609_103407_446_baro_icp10111.csv@948292655;239.29;21.0;100000;237.26
@20260609_103407_446_baro_icp10111.csv@948352655;239.22;21.0;100000;237.52
@20260609_103407_446_baro_icp10111.csv@948414204;239.71;21.0;100000;237.42
@20260609_103407_446_baro_icp10111.csv@948473461;238.6;21.0;100000;237.12
@20260609_103407_446_baro_icp10111.csv@948532741;238.68;21.0;100000;236.57
@20260609_103407_446_baro_icp10111.csv@948592651;238.43;21.0;100000;236.15
@20260609_103407_446_baro_icp10111.csv@948652640;237.81;21.0;100000;235.75
@20260609_103407_446_baro_icp10111.csv@948712557;237.73;21.0;100000;235.82
@20260609_103407_446_baro_icp10111.csv@948764382;236.68;21.0;100000;234.86
@20260609_103407_446_baro_icp10111.csv@948822812;236.97;21.0;100000;234.95
@20260609_103407_446_baro_icp10111.csv@948874372;236.92;21.0;100000;234.18
@20260609_103407_446_baro_icp10111.csv@948932628;236.73;21.0;100000;234.43
@20260609_103407_446_baro_icp10111.csv@948984295;235.87;21.0;100000;233.52
@20260609_103407_446_baro_icp10111.csv@949042855;235.8;21.0;100000;233.34
@20260609_103407_446_baro_icp10111.csv@949094404;235.28;21.0;100000;233.71
@20260609_103407_446_baro_icp10111.csv@949152615;234.79;21.0;100000;232.75
@20260609_103407_446_baro_icp10111.csv@949204371;234.42;21.0;100000;233.08
@20260609_103407_446_baro_icp10111.csv@949262767;234.52;21.0;100000;232.67
@20260609_103407_446_baro_icp10111.csv@949314385;234.24;21.0;100000;232.35
@20260609_103407_446_baro_icp10111.csv@949372638;233.78;21.0;100000;232.29
@20260609_103407_446_baro_icp10111.csv@949424418;232.93;21.0;100000;231.71
@20260609_103407_446_baro_icp10111.csv@949475965;233.56;21.0;100000;231.23
@20260609_103407_446_baro_icp10111.csv@949532511;232.64;21.0;100000;230.35
@20260609_103407_446_baro_icp10111.csv@949585528;231.99;21.0;100000;230.91
@20260609_103407_446_baro_icp10111.csv@949642792;231.76;21.0;100000;229.65
@20260609_103407_446_baro_icp10111.csv@949695613;231.49;21.0;100000;229.96
@20260609_103407_446_baro_icp10111.csv@949752722;231.7;21.0;100000;229.92
@20260609_103407_446_baro_icp10111.csv@949812697;231.19;21.0;100000;229.27
@20260609_103407_446_baro_icp10111.csv@949864375;230.77;21.0;100000;228.78
@20260609_103407_446_baro_icp10111.csv@949922918;230.4;21.0;100000;228.07
@20260609_103407_446_baro_icp10111.csv@949974312;230.66;21.0;100000;227.97
@20260609_103407_446_baro_icp10111.csv@950032686;229.84;21.0;100000;227.76
@20260609_103407_446_baro_icp10111.csv@950084129;230.14;21.0;100000;228.09
@20260609_103407_446_baro_icp10111.csv@950142848;229.73;21.0;100000;226.88
@20260609_103407_446_baro_icp10111.csv@950194423;229.3;21.0;100000;227.34
@20260609_103407_446_baro_icp10111.csv@950252670;228.11;21.0;100000;226.5
@20260609_103407_446_baro_icp10111.csv@950304392;228.54;21.0;100000;226.86
@20260609_103407_446_baro_icp10111.csv@950362839;228.44;21.0;100000;226.27
@20260609_103407_446_baro_icp10111.csv@950414444;227.61;21.0;100000;225.52
@20260609_103407_446_baro_icp10111.csv@950472720;227.42;21.0;100000;225.15
@20260609_103407_446_baro_icp10111.csv@950522981;227.3;21.0;100000;225.03
@20260609_103407_446_baro_icp10111.csv@950582886;226.77;21.0;100000;224.25
@20260609_103407_446_baro_icp10111.csv@950635601;226.49;21.0;100000;224.29
@20260609_103407_446_baro_icp10111.csv@950692593;226.49;21.0;100000;223.94
@20260609_103407_446_baro_icp10111.csv@950746747;225.43;21.0;100000;224.12
@20260609_103407_446_baro_icp10111.csv@950802924;225.68;21.0;100000;223.05
@20260609_103407_446_baro_icp10111.csv@950855694;225.45;21.0;100000;222.97
@20260609_103407_446_baro_icp10111.csv@950912666;225.12;21.0;100000;222.97
@20260609_103407_446_baro_icp10111.csv@950964362;224.21;21.0;100000;222.26
@20260609_103407_446_baro_icp10111.csv@951022962;224.46;21.0;100000;222.47
@20260609_103407_446_baro_icp10111.csv@951074426;223.93;21.0;100000;221.81
@20260609_103407_446_baro_icp10111.csv@951132714;223.4;21.0;100000;221.23
@20260609_103407_446_baro_icp10111.csv@951184191;223.16;21.0;100000;221.23
@20260609_103407_446_baro_icp10111.csv@951242861;223.17;21.0;100000;220.59
@20260609_103407_446_baro_icp10111.csv@951294190;222.32;21.0;100000;220.68
@20260609_103407_446_baro_icp10111.csv@951352697;222.49;21.0;100000;219.54
@20260609_103407_446_baro_icp10111.csv@951404160;222.1;21.0;100000;220.24
@20260609_103407_446_baro_icp10111.csv@951462847;221.59;21.0;100000;218.84
@20260609_103407_446_baro_icp10111.csv@951531860;221.26;21.0;100000;219.46
@20260609_103407_446_baro_icp10111.csv@951592655;221.17;21.0;100000;218.29
@20260609_103407_446_baro_icp10111.csv@951644497;220.53;21.0;100000;218.35
@20260609_103407_446_baro_icp10111.csv@951702903;220.12;21.0;100000;217.61
@20260609_103407_446_baro_icp10111.csv@951754536;220.13;21.0;100000;217.4
@20260609_103407_446_baro_icp10111.csv@951812633;218.95;21.0;100000;216.82
@20260609_103407_446_baro_icp10111.csv@951864500;218.74;21.0;100000;216.91
@20260609_103407_446_baro_icp10111.csv@951922826;218.76;21.0;100000;216.43
@20260609_103407_446_baro_icp10111.csv@951974442;218.35;21.0;100000;216.48
@20260609_103407_446_baro_icp10111.csv@952032627;218.15;21.0;100000;216.04
@20260609_103407_446_baro_icp10111.csv@952084558;217.22;21.0;100000;215.57
@20260609_103407_446_baro_icp10111.csv@952142768;217.23;21.0;100000;215.08
@20260609_103407_446_baro_icp10111.csv@952194591;216.94;21.0;100000;215.14
@20260609_103407_446_baro_icp10111.csv@952252649;216.52;21.0;100000;214.49
@20260609_103407_446_baro_icp10111.csv@952304459;215.68;21.0;100000;214.54
@20260609_103407_446_baro_icp10111.csv@952362926;215.91;21.0;100000;213.6
@20260609_103407_446_baro_icp10111.csv@952414348;216.09;21.0;100000;213.99
@20260609_103407_446_baro_icp10111.csv@952472616;215.13;21.0;100000;213.39
@20260609_103407_446_baro_icp10111.csv@952524484;214.95;21.0;100000;212.75
@20260609_103407_446_baro_icp10111.csv@952565752;214.28;21.0;100000;212.37
@20260609_103407_446_baro_icp10111.csv@952622898;213.91;21.0;100000;212.55
@20260609_103407_446_baro_icp10111.csv@952682945;214.31;21.0;100000;211.87
@20260609_103407_446_baro_icp10111.csv@952734571;213.78;21.0;100000;211.2
@20260609_103407_446_baro_icp10111.csv@952792714;213.1;21.0;100000;211.31
@20260609_103407_446_baro_icp10111.csv@952844510;213.28;21.0;100000;211.18
@20260609_103407_446_baro_icp10111.csv@952902872;212.36;21.0;100000;210.15
@20260609_103407_446_baro_icp10111.csv@952954469;212.32;21.0;100000;210.75
@20260609_103407_446_baro_icp10111.csv@953012743;211.99;21.0;100000;210.14
@20260609_103407_446_baro_icp10111.csv@953064827;211.32;21.0;100000;209.03
@20260609_103407_446_baro_icp10111.csv@953122827;211.52;21.0;100000;208.85
@20260609_103407_446_baro_icp10111.csv@953174645;210.79;21.0;100000;209.18
@20260609_103407_446_baro_icp10111.csv@953232757;210.33;21.0;100000;208.56
@20260609_103407_446_baro_icp10111.csv@953284536;210.33;21.0;100000;208.31
@20260609_103407_446_baro_icp10111.csv@953342810;209.24;21.0;100000;208.12
@20260609_103407_446_baro_icp10111.csv@953394462;209.27;21.0;100000;207.44
@20260609_103407_446_baro_icp10111.csv@953452701;209.47;21.0;100000;207.55
@20260609_103407_446_baro_icp10111.csv@953504527;208.24;21.0;100000;206.73
@20260609_103407_446_baro_icp10111.csv@953562900;208.28;21.0;100000;206.06
@20260609_103407_446_baro_icp10111.csv@953606804;208.07;21.0;100000;205.82
@20260609_103407_446_baro_icp10111.csv@953662911;207.62;21.0;100000;205.41
@20260609_103407_446_baro_icp10111.csv@953714516;207.19;21.0;100000;205.49
@20260609_103407_446_baro_icp10111.csv@953772704;206.9;21.0;100000;204.81
@20260609_103407_446_baro_icp10111.csv@953824481;206.91;21.0;100000;204.79
@20260609_103407_446_baro_icp10111.csv@953882872;206.81;21.0;100000;204.77
@20260609_103407_446_baro_icp10111.csv@953934507;206.17;21.0;100000;203.7
@20260609_103407_446_baro_icp10111.csv@953992705;206.04;21.0;100000;203.48
@20260609_103407_446_baro_icp10111.csv@954044482;205.43;21.0;100000;203.53
@20260609_103407_446_baro_icp10111.csv@954102887;204.93;21.0;100000;202.82
@20260609_103407_446_baro_icp10111.csv@954154528;204.63;21.0;100000;202.75
@20260609_103407_446_baro_icp10111.csv@954212672;204.06;21.0;100000;201.96
@20260609_103407_446_baro_icp10111.csv@954264497;203.73;21.0;100000;202.15
@20260609_103407_446_baro_icp10111.csv@954322883;203.19;21.0;100000;201.53
@20260609_103407_446_baro_icp10111.csv@954374387;203.27;21.0;100000;201.6
@20260609_103407_446_baro_icp10111.csv@954432652;203.06;21.0;100000;200.97
@20260609_103407_446_baro_icp10111.csv@954484500;202.27;21.0;100000;200.37
@20260609_103407_446_baro_icp10111.csv@954542862;202.01;21.0;100000;200.14
@20260609_103407_446_baro_icp10111.csv@954594543;201.48;21.0;100000;199.95
@20260609_103407_446_baro_icp10111.csv@954635417;201.85;21.0;100000;199.24
@20260609_103407_446_baro_icp10111.csv@954692773;201.66;21.0;100000;199.23
@20260609_103407_446_baro_icp10111.csv@954752689;200.9;21.0;100000;198.59
@20260609_103407_446_baro_icp10111.csv@954804481;200.29;21.0;100000;198.31
@20260609_103407_446_baro_icp10111.csv@954862915;200.44;21.0;100000;197.61
@20260609_103407_446_baro_icp10111.csv@954914607;200.15;21.0;100000;198.02
@20260609_103407_446_baro_icp10111.csv@954972686;199.34;21.0;100000;196.91
@20260609_103407_446_baro_icp10111.csv@955024450;198.91;21.0;100000;197.37
@20260609_103407_446_baro_icp10111.csv@955082807;198.77;21.0;100000;196.68
@20260609_103407_446_baro_icp10111.csv@955134800;197.85;21.0;100000;196.67
@20260609_103407_446_baro_icp10111.csv@955192637;197.51;21.0;100000;195.73
@20260609_103407_446_baro_icp10111.csv@955244716;197.67;21.0;100000;195.62
@20260609_103407_446_baro_icp10111.csv@955302871;196.95;21.0;100000;194.73
@20260609_103407_446_baro_icp10111.csv@955354414;196.68;21.0;100000;195.22
@20260609_103407_446_baro_icp10111.csv@955412598;196.11;21.0;100000;194.58
@20260609_103407_446_baro_icp10111.csv@955464566;196.19;21.0;100000;193.81
@20260609_103407_446_baro_icp10111.csv@955522868;195.82;21.0;100000;193.6
@20260609_103407_446_baro_icp10111.csv@955574511;195.43;21.0;100000;193.52
@20260609_103407_446_baro_icp10111.csv@955632559;195.51;21.0;100000;192.71
@20260609_103407_446_baro_icp10111.csv@955678879;194.53;21.0;100000;192.98
@20260609_103407_446_baro_icp10111.csv@955732687;194.89;21.0;100000;192.33
@20260609_103407_446_baro_icp10111.csv@955792636;194.14;21.0;100000;192.47
@20260609_103407_446_baro_icp10111.csv@955845127;193.93;21.0;100000;191.45
@20260609_103407_446_baro_icp10111.csv@955902921;193.47;21.0;100000;191.29
@20260609_103407_446_baro_icp10111.csv@955955709;193.1;21.0;100000;190.92
@20260609_103407_446_baro_icp10111.csv@956012673;192.75;21.0;100000;190.75
@20260609_103407_446_baro_icp10111.csv@956072646;192.27;21.0;100000;190.66
@20260609_103407_446_baro_icp10111.csv@956124607;191.49;21.0;100000;189.53
@20260609_103407_446_baro_icp10111.csv@956182951;191.03;21.0;100000;189.58
@20260609_103407_446_baro_icp10111.csv@956234469;191.42;21.0;100000;189.52
@20260609_103407_446_baro_icp10111.csv@956292735;190.77;21.0;100000;188.74
@20260609_103407_446_baro_icp10111.csv@956344458;190.76;21.0;100000;188.61
@20260609_103407_446_baro_icp10111.csv@956402865;189.61;21.0;100000;187.49
@20260609_103407_446_baro_icp10111.csv@956454495;190.12;21.0;100000;187.66
@20260609_103407_446_baro_icp10111.csv@956512680;189.66;21.0;100000;187.2
@20260609_103407_446_baro_icp10111.csv@956564904;188.87;21.0;100000;186.78
@20260609_103407_446_baro_icp10111.csv@956622783;188.4;21.0;100000;186.53
@20260609_103407_446_baro_icp10111.csv@956708519;187.81;21.0;100000;185.59
@20260609_103407_446_baro_icp10111.csv@956763010;187.23;21.0;100000;185.88
@20260609_103407_446_baro_icp10111.csv@956816133;187.28;21.0;100000;185.73
@20260609_103407_446_baro_icp10111.csv@956872651;186.81;21.0;100000;184.92
@20260609_103407_446_baro_icp10111.csv@956926175;186.88;21.0;100000;184.34
@20260609_103407_446_baro_icp10111.csv@956982968;185.66;21.0;100000;184.11
@20260609_103407_446_baro_icp10111.csv@957036129;186.24;21.0;100000;183.99
@20260609_103407_446_baro_icp10111.csv@957092656;185.32;21.0;100000;183.48
@20260609_103407_446_baro_icp10111.csv@957144456;185.31;21.0;100000;182.79
@20260609_103407_446_baro_icp10111.csv@957202872;184.93;21.0;100000;182.35
@20260609_103407_446_baro_icp10111.csv@957254297;184.68;21.0;100000;182.7
@20260609_103407_446_baro_icp10111.csv@957312644;183.9;21.0;100000;182.1
@20260609_103407_446_baro_icp10111.csv@957364122;183.7;21.0;100000;181.16
@20260609_103407_446_baro_icp10111.csv@957422796;183.54;21.0;100000;180.74
@20260609_103407_446_baro_icp10111.csv@957474225;182.86;21.0;100000;180.49
@20260609_103407_446_baro_icp10111.csv@957532682;182.49;21.0;100000;180.9
@20260609_103407_446_baro_icp10111.csv@957584505;182.52;21.0;100000;179.84
@20260609_103407_446_baro_icp10111.csv@957642820;181.9;21.0;100000;179.27
@20260609_103407_446_baro_icp10111.csv@957694152;181.06;21.0;100000;179.78
@20260609_103407_446_baro_icp10111.csv@957748058;181.16;21.0;100000;179.13
@20260609_103407_446_baro_icp10111.csv@957803017;180.77;21.0;100000;178.81
@20260609_103407_446_baro_icp10111.csv@957862853;180.19;21.0;100000;178.61
@20260609_103407_446_baro_icp10111.csv@957912672;180.18;21.0;100000;177.5
@20260609_103407_446_baro_icp10111.csv@957972743;179.67;21.0;100000;177.81
@20260609_103407_446_baro_icp10111.csv@958037123;179.38;21.0;100000;176.89
@20260609_103407_446_baro_icp10111.csv@958092156;178.65;21.0;100000;176.9
@20260609_103407_446_baro_icp10111.csv@958152119;178.02;21.0;100000;175.94
@20260609_103407_446_baro_icp10111.csv@958205149;178.07;21.0;100000;176.06
@20260609_103407_446_baro_icp10111.csv@958262298;177.11;21.0;100000;175.2
@20260609_103407_446_baro_icp10111.csv@958315082;177.52;21.0;100000;175.45
@20260609_103407_446_baro_icp10111.csv@958372271;176.45;21.0;100000;175.2
@20260609_103407_446_baro_icp10111.csv@958432126;176.43;21.0;100000;174.33
@20260609_103407_446_baro_icp10111.csv@958483901;176.39;21.0;100000;174.1
@20260609_103407_446_baro_icp10111.csv@958542438;175.91;21.0;100000;173.65
@20260609_103407_446_baro_icp10111.csv@958593642;175.64;21.0;100000;173.54
@20260609_103407_446_baro_icp10111.csv@958652277;175.22;21.0;100000;172.84
@20260609_103407_446_baro_icp10111.csv@958711950;174.43;21.0;100000;172.24
@20260609_103407_446_baro_icp10111.csv@958816760;174.1;21.0;100000;171.53
@20260609_103407_446_baro_icp10111.csv@958872726;173.19;21.0;100000;171.19
@20260609_103407_446_baro_icp10111.csv@958924129;172.65;21.0;100000;171.23
@20260609_103407_446_baro_icp10111.csv@958982837;172.26;21.0;100000;170.44
@20260609_103407_446_baro_icp10111.csv@959034420;172.59;21.0;100000;170.03
@20260609_103407_446_baro_icp10111.csv@959092669;172.04;21.0;100000;169.86
@20260609_103407_446_baro_icp10111.csv@959144184;171.42;21.0;100000;169.7
@20260609_103407_446_baro_icp10111.csv@959202843;170.99;21.0;100000;169.41
@20260609_103407_446_baro_icp10111.csv@959255810;171.19;21.0;100000;169.04
@20260609_103407_446_baro_icp10111.csv@959312679;170.53;21.0;100000;168.69
@20260609_103407_446_baro_icp10111.csv@959365741;169.68;21.0;100000;168.34
@20260609_103407_446_baro_icp10111.csv@959422911;169.3;21.0;100000;167.34
@20260609_103407_446_baro_icp10111.csv@959474323;169.69;21.0;100000;167.41
@20260609_103407_446_baro_icp10111.csv@959532670;169.11;21.0;100000;167.01
@20260609_103407_446_baro_icp10111.csv@959584440;168.91;21.0;100000;166.27
@20260609_103407_446_baro_icp10111.csv@959642990;168.08;21.0;100000;165.7
@20260609_103407_446_baro_icp10111.csv@959694208;167.65;21.0;100000;165.55
@20260609_103407_446_baro_icp10111.csv@959752663;167.64;21.0;100000;165.12
@20260609_103407_446_baro_icp10111.csv@959804199;166.79;21.0;100000;164.88
@20260609_103407_446_baro_icp10111.csv@959876177;166.54;21.0;100000;164.39
@20260609_103407_446_baro_icp10111.csv@959932647;166.21;21.0;100000;163.79
@20260609_103407_446_baro_icp10111.csv@959992646;165.71;21.0;100000;163.78
@20260609_103407_446_baro_icp10111.csv@960052623;165.12;21.0;100000;163.59
@20260609_103407_446_baro_icp10111.csv@960105716;164.61;21.0;100000;162.88
@20260609_103407_446_baro_icp10111.csv@960162850;164.85;21.0;100000;162.6
@20260609_103407_446_baro_icp10111.csv@960216093;164.46;21.0;100000;161.99
@20260609_103407_446_baro_icp10111.csv@960272641;163.77;21.0;100000;161.74
@20260609_103407_446_baro_icp10111.csv@960324578;163.28;21.0;100000;161.59
@20260609_103407_446_baro_icp10111.csv@960382903;162.99;21.0;100000;160.6
@20260609_103407_446_baro_icp10111.csv@960434155;162.89;21.0;100000;161.01
@20260609_103407_446_baro_icp10111.csv@960492592;162.21;21.0;100000;160.59
@20260609_103407_446_baro_icp10111.csv@960544259;162.14;21.0;100000;160.0
@20260609_103407_446_baro_icp10111.csv@960602851;161.64;21.0;100000;159.6
@20260609_103407_446_baro_icp10111.csv@960654278;161.18;21.0;100000;159.57
@20260609_103407_446_baro_icp10111.csv@960712724;160.92;21.0;100000;158.47
@20260609_103407_446_baro_icp10111.csv@960772528;160.18;21.0;100000;158.11
@20260609_103407_446_baro_icp10111.csv@960832666;159.82;21.0;100000;158.19
@20260609_103407_446_baro_icp10111.csv@960935650;159.26;21.0;100000;157.45
@20260609_103407_446_baro_icp10111.csv@960992563;159.07;21.0;100000;156.47
@20260609_103407_446_baro_icp10111.csv@961052610;158.52;21.0;100000;156.3
@20260609_103407_446_baro_icp10111.csv@961112710;158.37;21.0;100000;156.24
@20260609_103407_446_baro_icp10111.csv@961165346;157.51;21.0;100000;155.27
@20260609_103407_446_baro_icp10111.csv@961222801;157.55;21.0;100000;154.8
@20260609_103407_446_baro_icp10111.csv@961275553;156.5;21.0;100000;155.27
@20260609_103407_446_baro_icp10111.csv@961332729;156.4;21.0;100000;154.56
@20260609_103407_446_baro_icp10111.csv@961392783;156.02;21.0;100000;153.81
@20260609_103407_446_baro_icp10111.csv@961452654;155.87;21.0;100000;153.38
@20260609_103407_446_baro_icp10111.csv@961512613;154.93;21.0;100000;153.05
@20260609_103407_446_baro_icp10111.csv@961572726;154.57;21.0;100000;152.94
@20260609_103407_446_baro_icp10111.csv@961624176;154.41;21.0;100000;152.37
@20260609_103407_446_baro_icp10111.csv@961682823;154.35;21.0;100000;152.23
@20260609_103407_446_baro_icp10111.csv@961734180;153.62;21.0;100000;151.81
@20260609_103407_446_baro_icp10111.csv@961792609;153.53;21.0;100000;151.1
@20260609_103407_446_baro_icp10111.csv@961844137;153.1;21.0;100000;150.97
@20260609_103407_446_baro_icp10111.csv@961902787;152.09;21.0;100000;150.7
@20260609_103407_446_baro_icp10111.csv@962001338;152.14;21.0;100000;150.07
@20260609_103407_446_baro_icp10111.csv@962062858;151.66;21.0;100000;149.37
@20260609_103407_446_baro_icp10111.csv@962115568;150.84;21.0;100000;149.17
@20260609_103407_446_baro_icp10111.csv@962172687;150.72;21.0;100000;148.69
@20260609_103407_446_baro_icp10111.csv@962225704;150.04;21.0;100000;148.19
@20260609_103407_446_baro_icp10111.csv@962282861;149.84;21.0;100000;147.92
@20260609_103407_446_baro_icp10111.csv@962335534;149.65;21.0;100000;147.41
@20260609_103407_446_baro_icp10111.csv@962392621;148.95;21.0;100000;147.42
@20260609_103407_446_baro_icp10111.csv@962452752;148.47;21.0;100000;146.84
@20260609_103407_446_baro_icp10111.csv@962512715;148.28;21.0;100000;146.39
@20260609_103407_446_baro_icp10111.csv@962562915;147.87;21.0;100000;146.04
@20260609_103407_446_baro_icp10111.csv@962622848;147.27;21.0;100000;145.64
@20260609_103407_446_baro_icp10111.csv@962672721;147.22;21.0;100000;145.37
@20260609_103407_446_baro_icp10111.csv@962732633;146.64;21.0;100000;144.55
@20260609_103407_446_baro_icp10111.csv@962782924;146.13;21.0;100000;144.62
@20260609_103407_446_baro_icp10111.csv@962842895;145.7;21.0;100000;143.93
@20260609_103407_446_baro_icp10111.csv@962902831;145.73;21.0;100000;143.76
@20260609_103407_446_baro_icp10111.csv@962964392;145.06;21.0;100000;143.24
@20260609_103407_446_baro_icp10111.csv@963060067;144.08;21.0;100000;142.6
@20260609_103407_446_baro_icp10111.csv@963112653;144.06;21.0;100000;142.13
@20260609_103407_446_baro_icp10111.csv@963172616;143.29;21.0;100000;141.49
@20260609_103407_446_baro_icp10111.csv@963232718;142.8;21.0;100000;141.29
@20260609_103407_446_baro_icp10111.csv@963286192;142.89;21.0;100000;140.75
@20260609_103407_446_baro_icp10111.csv@963342913;142.0;21.0;100000;140.4
@20260609_103407_446_baro_icp10111.csv@963396058;142.33;21.0;100000;139.9
@20260609_103407_446_baro_icp10111.csv@963452623;141.66;21.0;100000;139.28
@20260609_103407_446_baro_icp10111.csv@963504404;141.44;21.0;100000;139.08
@20260609_103407_446_baro_icp10111.csv@963562908;140.42;21.0;100000;138.92
@20260609_103407_446_baro_icp10111.csv@963614205;140.76;21.0;100000;138.39
@20260609_103407_446_baro_icp10111.csv@963672635;140.14;21.0;100000;138.32
@20260609_103407_446_baro_icp10111.csv@963724179;139.4;21.0;100000;137.56
@20260609_103407_446_baro_icp10111.csv@963782850;139.46;21.0;100000;136.99
@20260609_103407_446_baro_icp10111.csv@963834182;138.76;21.0;100000;137.14
@20260609_103407_446_baro_icp10111.csv@963892750;138.66;21.0;100000;136.7
@20260609_103407_446_baro_icp10111.csv@963944220;137.77;21.0;100000;136.21
@20260609_103407_446_baro_icp10111.csv@964002774;137.76;21.0;100000;135.33
@20260609_103407_446_baro_icp10111.csv@964054196;137.19;21.0;100000;135.3
@20260609_103407_446_baro_icp10111.csv@964126167;136.57;21.0;100000;134.55
@20260609_103407_446_baro_icp10111.csv@964182903;136.68;21.0;100000;134.18
@20260609_103407_446_baro_icp10111.csv@964242948;136.06;21.0;100000;134.09
@20260609_103407_446_baro_icp10111.csv@964302935;135.39;21.0;100000;133.77
@20260609_103407_446_baro_icp10111.csv@964355722;135.47;21.0;100000;133.04
@20260609_103407_446_baro_icp10111.csv@964412619;134.65;21.0;100000;132.86
@20260609_103407_446_baro_icp10111.csv@964466113;134.28;21.0;100000;132.71
@20260609_103407_446_baro_icp10111.csv@964522848;133.88;21.0;100000;132.12
@20260609_103407_446_baro_icp10111.csv@964574425;133.54;21.0;100000;131.71
@20260609_103407_446_baro_icp10111.csv@964632704;133.43;21.0;100000;131.27
@20260609_103407_446_baro_icp10111.csv@964684226;132.86;21.0;100000;130.86
@20260609_103407_446_baro_icp10111.csv@964742828;132.29;21.0;100000;130.52
@20260609_103407_446_baro_icp10111.csv@964794193;131.79;21.0;100000;130.01
@20260609_103407_446_baro_icp10111.csv@964852670;131.51;21.0;100000;129.81
@20260609_103407_446_baro_icp10111.csv@964904156;131.16;21.0;100000;129.37
@20260609_103407_446_baro_icp10111.csv@964962920;131.07;21.0;100000;129.08
@20260609_103407_446_baro_icp10111.csv@965022785;130.08;21.0;100000;128.68
@20260609_103407_446_baro_icp10111.csv@965082805;129.98;21.0;100000;127.92
@20260609_103407_446_baro_icp10111.csv@965187782;129.17;21.0;100000;126.99
@20260609_103407_446_baro_icp10111.csv@965242935;129.05;21.0;100000;126.83
@20260609_103407_446_baro_icp10111.csv@965294215;128.41;21.0;100000;126.48
@20260609_103407_446_baro_icp10111.csv@965352676;128.04;21.0;100000;126.02
@20260609_103407_446_baro_icp10111.csv@965404273;127.51;21.0;100000;125.95
@20260609_103407_446_baro_icp10111.csv@965462871;127.01;21.0;100000;125.05
@20260609_103407_446_baro_icp10111.csv@965514098;126.7;21.0;100000;125.2
@20260609_103407_446_baro_icp10111.csv@965572679;126.84;21.0;100000;124.85
@20260609_103407_446_baro_icp10111.csv@965625679;126.16;21.0;100000;123.85
@20260609_103407_446_baro_icp10111.csv@965682930;125.84;21.0;100000;123.42
@20260609_103407_446_baro_icp10111.csv@965735537;125.25;21.0;100000;123.4
@20260609_103407_446_baro_icp10111.csv@965792639;124.85;21.0;100000;122.85
@20260609_103407_446_baro_icp10111.csv@965844393;124.73;21.0;100000;122.72
@20260609_103407_446_baro_icp10111.csv@965902840;123.99;21.0;100000;122.0
@20260609_103407_446_baro_icp10111.csv@965954205;124.13;21.0;100000;122.01
@20260609_103407_446_baro_icp10111.csv@966012743;123.32;21.0;100000;121.48
@20260609_103407_446_baro_icp10111.csv@966064203;122.66;21.0;100000;121.1
@20260609_103407_446_baro_icp10111.csv@966122860;122.71;21.0;100000;120.28
@20260609_103407_446_baro_icp10111.csv@966174152;122.2;21.0;100000;120.2
@20260609_103407_446_baro_icp10111.csv@966247622;121.68;21.0;100000;119.66
@20260609_103407_446_baro_icp10111.csv@966302912;121.2;21.0;100000;119.46
@20260609_103407_446_baro_icp10111.csv@966362885;120.6;21.0;100000;118.95
@20260609_103407_446_baro_icp10111.csv@966422798;120.2;21.0;100000;118.15
@20260609_103407_446_baro_icp10111.csv@966475655;120.17;21.0;100000;118.31
@20260609_103407_446_baro_icp10111.csv@966532614;119.84;21.0;100000;117.45
@20260609_103407_446_baro_icp10111.csv@966586073;119.08;21.0;100000;116.94
@20260609_103407_446_baro_icp10111.csv@966642834;119.0;21.0;100000;116.77
@20260609_103407_446_baro_icp10111.csv@966694303;118.71;21.0;100000;116.44
@20260609_103407_446_baro_icp10111.csv@966752658;118.09;21.0;100000;116.02
@20260609_103407_446_baro_icp10111.csv@966804195;117.76;21.0;100000;115.4
@20260609_103407_446_baro_icp10111.csv@966862877;117.16;21.0;100000;115.34
@20260609_103407_446_baro_icp10111.csv@966914213;116.7;21.0;100000;114.84
@20260609_103407_446_baro_icp10111.csv@966972578;116.78;21.0;100000;114.6
@20260609_103407_446_baro_icp10111.csv@967024192;115.95;21.0;100000;114.03
@20260609_103407_446_baro_icp10111.csv@967082920;115.49;21.0;100000;113.81
@20260609_103407_446_baro_icp10111.csv@967142756;115.16;21.0;100000;113.37
@20260609_103407_446_baro_icp10111.csv@967202887;114.87;21.0;100000;112.87
@20260609_103407_446_baro_icp10111.csv@967317998;113.88;21.0;100000;111.88
@20260609_103407_446_baro_icp10111.csv@967372656;113.41;21.0;100000;111.57
@20260609_103407_446_baro_icp10111.csv@967434281;113.46;21.0;100000;111.09
@20260609_103407_446_baro_icp10111.csv@967492617;112.56;21.0;100000;110.81
@20260609_103407_446_baro_icp10111.csv@967552776;112.39;21.0;100000;110.35
@20260609_103407_446_baro_icp10111.csv@967612672;111.86;21.0;100000;109.65
@20260609_103407_446_baro_icp10111.csv@967672524;111.53;21.0;100000;109.66
@20260609_103407_446_baro_icp10111.csv@967732663;111.13;21.0;100000;109.09
@20260609_103407_446_baro_icp10111.csv@967792611;110.33;21.0;100000;108.31
@20260609_103407_446_baro_icp10111.csv@967854264;110.1;21.0;100000;108.32
@20260609_103407_446_baro_icp10111.csv@967912716;109.83;21.0;100000;107.73
@20260609_103407_446_baro_icp10111.csv@967972703;109.53;21.0;100000;107.45
@20260609_103407_446_baro_icp10111.csv@968032635;108.75;21.0;100000;106.61
@20260609_103407_446_baro_icp10111.csv@968092578;108.53;21.0;100000;106.24
@20260609_103407_446_baro_icp10111.csv@968152660;108.03;21.0;100000;105.81
@20260609_103407_446_baro_icp10111.csv@968212628;107.41;21.0;100000;105.48
@20260609_103407_446_baro_icp10111.csv@968274201;107.05;21.0;100000;104.94
@20260609_103407_446_baro_icp10111.csv@968388746;106.46;21.0;100000;104.41
@20260609_103407_446_baro_icp10111.csv@968442849;105.57;21.0;100000;103.77
@20260609_103407_446_baro_icp10111.csv@968502885;105.56;21.0;100000;103.48
@20260609_103407_446_baro_icp10111.csv@968562922;104.87;21.0;100000;102.79
@20260609_103407_446_baro_icp10111.csv@968615874;104.77;21.0;100000;102.77
@20260609_103407_446_baro_icp10111.csv@968672685;104.04;21.0;100000;102.05
@20260609_103407_446_baro_icp10111.csv@968725693;103.56;21.0;100000;102.03
@20260609_103407_446_baro_icp10111.csv@968782822;103.51;21.0;100000;101.21
@20260609_103407_446_baro_icp10111.csv@968834391;102.89;21.0;100000;101.14
@20260609_103407_446_baro_icp10111.csv@968892611;102.62;21.0;100000;100.43
@20260609_103407_446_baro_icp10111.csv@968944149;101.97;21.0;100000;100.2
@20260609_103407_446_baro_icp10111.csv@969002826;101.93;21.0;100000;99.66
@20260609_103407_446_baro_icp10111.csv@969054141;101.42;21.0;100000;99.22
@20260609_103407_446_baro_icp10111.csv@969112645;100.78;21.0;100000;99.2
@20260609_103407_446_baro_icp10111.csv@969164200;100.76;21.0;100000;98.67
@20260609_103407_446_baro_icp10111.csv@969222958;100.2;21.0;100000;97.94
@20260609_103407_446_baro_icp10111.csv@969274204;99.81;21.0;100000;97.84
@20260609_103407_446_baro_icp10111.csv@969332588;99.46;21.0;100000;97.62
@20260609_103407_446_baro_icp10111.csv@969450506;98.74;21.0;100000;96.45
@20260609_103407_446_baro_icp10111.csv@969502770;98.21;21.0;100000;95.96
@20260609_103407_446_baro_icp10111.csv@969562831;97.54;21.0;100000;95.7
@20260609_103407_446_baro_icp10111.csv@969622885;97.33;21.0;100000;95.37
@20260609_103407_446_baro_icp10111.csv@969675278;96.73;21.0;100000;95.01
@20260609_103407_446_baro_icp10111.csv@969732635;96.56;21.0;100000;94.36
@20260609_103407_446_baro_icp10111.csv@969785696;96.23;21.0;100000;94.14
@20260609_103407_446_baro_icp10111.csv@969842803;95.62;21.0;100000;93.81
@20260609_103407_446_baro_icp10111.csv@969895524;95.56;21.0;100000;93.5
@20260609_103407_446_baro_icp10111.csv@969952590;95.01;21.0;100000;92.73
@20260609_103407_446_baro_icp10111.csv@970012783;94.25;21.0;100000;92.25
@20260609_103407_446_baro_icp10111.csv@970072804;94.07;21.0;100000;92.22
@20260609_103407_446_baro_icp10111.csv@970132637;93.39;21.0;100000;91.61
@20260609_103407_446_baro_icp10111.csv@970192613;93.26;21.0;100000;91.22
@20260609_103407_446_baro_icp10111.csv@970244105;92.78;21.0;100000;90.82
@20260609_103407_446_baro_icp10111.csv@970302866;92.22;21.0;100000;90.14
@20260609_103407_446_baro_icp10111.csv@970354181;92.08;21.0;100000;89.88
@20260609_103407_446_baro_icp10111.csv@970412595;91.68;21.0;100000;89.41
@20260609_103407_446_baro_icp10111.csv@970514438;90.61;21.0;100000;88.93
@20260609_103407_446_baro_icp10111.csv@970572799;90.18;21.0;100000;88.18
@20260609_103407_446_baro_icp10111.csv@970624099;89.92;21.0;100000;88.0
@20260609_103407_446_baro_icp10111.csv@970682906;89.59;21.0;100000;87.46
@20260609_103407_446_baro_icp10111.csv@970735759;89.24;21.0;100000;87.33
@20260609_103407_446_baro_icp10111.csv@970792644;88.83;21.0;100000;86.67
@20260609_103407_446_baro_icp10111.csv@970845820;88.34;21.0;100000;86.46
@20260609_103407_446_baro_icp10111.csv@970902789;88.14;21.0;100000;86.01
@20260609_103407_446_baro_icp10111.csv@970954349;87.72;21.0;100000;85.69
@20260609_103407_446_baro_icp10111.csv@971012649;86.99;21.0;100000;85.18
@20260609_103407_446_baro_icp10111.csv@971064585;86.89;21.0;100000;84.72
@20260609_103407_446_baro_icp10111.csv@971122904;86.51;21.0;100000;84.47
@20260609_103407_446_baro_icp10111.csv@971174502;85.93;21.0;100000;84.17
@20260609_103407_446_baro_icp10111.csv@971232595;85.66;21.0;100000;83.48
@20260609_103407_446_baro_icp10111.csv@971284587;84.96;21.0;100000;83.16
@20260609_103407_446_baro_icp10111.csv@971342988;84.76;21.0;100000;82.76
@20260609_103407_446_baro_icp10111.csv@971394582;84.54;21.0;100000;82.33
@20260609_103407_446_baro_icp10111.csv@971452620;83.89;21.0;100000;81.89
@20260609_103407_446_baro_icp10111.csv@971512532;83.49;21.0;100000;81.63
@20260609_103407_446_baro_icp10111.csv@971589905;82.93;21.0;100000;80.83
@20260609_103407_446_baro_icp10111.csv@971642988;82.58;21.0;100000;80.49
@20260609_103407_446_baro_icp10111.csv@971702852;82.15;21.0;100000;79.95
@20260609_103407_446_baro_icp10111.csv@971762918;81.45;21.0;100000;79.5
@20260609_103407_446_baro_icp10111.csv@971815590;81.38;21.0;100000;79.18
@20260609_103407_446_baro_icp10111.csv@971872602;80.8;21.0;100000;78.78
@20260609_103407_446_baro_icp10111.csv@971926057;80.47;21.0;100000;78.44
@20260609_103407_446_baro_icp10111.csv@971982909;79.86;21.0;100000;78.12
@20260609_103407_446_baro_icp10111.csv@972034469;79.67;21.0;100000;77.77
@20260609_103407_446_baro_icp10111.csv@972092624;79.17;21.0;100000;77.14
@20260609_103407_446_baro_icp10111.csv@972144226;79.0;21.0;100000;76.97
@20260609_103407_446_baro_icp10111.csv@972202947;78.61;21.0;100000;76.24
@20260609_103407_446_baro_icp10111.csv@972254165;77.97;21.0;100000;76.03
@20260609_103407_446_baro_icp10111.csv@972312596;77.64;21.0;100000;75.79
@20260609_103407_446_baro_icp10111.csv@972364185;77.23;21.0;100000;75.21
@20260609_103407_446_baro_icp10111.csv@972422857;76.73;21.0;100000;74.81
@20260609_103407_446_baro_icp10111.csv@972474219;76.46;21.0;100000;74.39
@20260609_103407_446_baro_icp10111.csv@972532570;75.89;21.0;100000;74.05
@20260609_103407_446_baro_icp10111.csv@972650427;75.35;21.0;100000;73.03
@20260609_103407_446_baro_icp10111.csv@972702876;74.88;21.0;100000;72.59
@20260609_103407_446_baro_icp10111.csv@972754201;74.6;21.0;100000;72.29
@20260609_103407_446_baro_icp10111.csv@972812689;73.86;21.0;100000;71.93
@20260609_103407_446_baro_icp10111.csv@972864430;73.43;21.0;100000;71.44
@20260609_103407_446_baro_icp10111.csv@972922895;73.08;21.0;100000;71.22
@20260609_103407_446_baro_icp10111.csv@972975646;72.69;21.0;100000;70.8
@20260609_103407_446_baro_icp10111.csv@973032653;72.23;21.0;100000;70.52
@20260609_103407_446_baro_icp10111.csv@973097601;72.09;21.0;100000;69.84
@20260609_103407_446_baro_icp10111.csv@973152866;71.58;21.0;100000;69.51
@20260609_103407_446_baro_icp10111.csv@973211679;71.04;21.0;100000;69.15
@20260609_103407_446_baro_icp10111.csv@973271660;70.62;21.0;100000;68.58
@20260609_103407_446_baro_icp10111.csv@973321840;70.12;21.0;100000;68.1
@20260609_103407_446_baro_icp10111.csv@973381813;69.84;21.0;100000;67.61
@20260609_103407_446_baro_icp10111.csv@973431752;69.59;21.0;100000;67.5
@20260609_103407_446_baro_icp10111.csv@973491670;69.2;21.0;100000;67.12
@20260609_103407_446_baro_icp10111.csv@973541842;68.65;21.0;100000;66.57
@20260609_103407_446_baro_icp10111.csv@973601843;68.13;21.0;100000;66.28
@20260609_103407_446_baro_icp10111.csv@973770163;66.94;21.0;100000;65.0
@20260609_103407_446_baro_icp10111.csv@973822931;66.68;21.0;100000;64.58
@20260609_103407_446_baro_icp10111.csv@973882896;66.0;21.0;100000;64.12
@20260609_103407_446_baro_icp10111.csv@973942879;65.67;21.0;100000;63.78
@20260609_103407_446_baro_icp10111.csv@973996163;65.27;21.0;100000;63.39
@20260609_103407_446_baro_icp10111.csv@974052711;65.05;21.0;100000;62.8
@20260609_103407_446_baro_icp10111.csv@974106112;64.54;21.0;100000;62.41
@20260609_103407_446_baro_icp10111.csv@974162855;64.2;21.0;100000;62.16
@20260609_103407_446_baro_icp10111.csv@974214543;63.85;21.0;100000;61.69
@20260609_103407_446_baro_icp10111.csv@974272605;63.33;21.0;100000;61.35
@20260609_103407_446_baro_icp10111.csv@974324316;62.72;21.0;100000;60.82
@20260609_103407_446_baro_icp10111.csv@974382881;62.35;21.0;100000;60.55
@20260609_103407_446_baro_icp10111.csv@974434248;62.16;21.0;100000;60.04
@20260609_103407_446_baro_icp10111.csv@974492690;61.54;21.0;100000;59.82
@20260609_103407_446_baro_icp10111.csv@974544117;61.29;21.0;100000;59.22
@20260609_103407_446_baro_icp10111.csv@974602925;60.72;21.0;100000;58.88
@20260609_103407_446_baro_icp10111.csv@974654183;60.58;21.0;100000;58.38
@20260609_103407_446_baro_icp10111.csv@974712663;60.02;21.0;100000;58.21
@20260609_103407_446_baro_icp10111.csv@974772627;59.48;21.0;100000;57.55
@20260609_103407_446_baro_icp10111.csv@974903926;58.53;21.0;100000;56.62
@20260609_103407_446_baro_icp10111.csv@974962986;58.12;21.0;100000;56.01
@20260609_103407_446_baro_icp10111.csv@975015302;57.87;21.0;100000;55.72
@20260609_103407_446_baro_icp10111.csv@975072750;57.45;21.0;100000;55.5
@20260609_103407_446_baro_icp10111.csv@975125349;56.96;21.0;100000;54.98
@20260609_103407_446_baro_icp10111.csv@975182892;56.67;21.0;100000;54.55
@20260609_103407_446_baro_icp10111.csv@975235156;56.25;21.0;100000;54.37
@20260609_103407_446_baro_icp10111.csv@975292707;55.7;21.0;100000;53.77
@20260609_103407_446_baro_icp10111.csv@975345241;55.27;21.0;100000;53.47
@20260609_103407_446_baro_icp10111.csv@975402862;54.96;21.0;100000;52.92
@20260609_103407_446_baro_icp10111.csv@975462889;54.56;21.0;100000;52.45
@20260609_103407_446_baro_icp10111.csv@975523024;54.08;21.0;100000;52.1
@20260609_103407_446_baro_icp10111.csv@975572672;53.85;21.0;100000;51.73
@20260609_103407_446_baro_icp10111.csv@975632687;53.32;21.0;100000;51.37
@20260609_103407_446_baro_icp10111.csv@975683048;52.93;21.0;100000;50.81
@20260609_103407_446_baro_icp10111.csv@975742953;52.53;21.0;100000;50.33
@20260609_103407_446_baro_icp10111.csv@975802798;51.97;21.0;100000;50.08
@20260609_103407_446_baro_icp10111.csv@975864412;51.47;21.0;100000;49.55
@20260609_103407_446_baro_icp10111.csv@976024965;50.23;21.0;100000;48.42
@20260609_103407_446_baro_icp10111.csv@976082949;50.0;21.0;100000;47.79
@20260609_103407_446_baro_icp10111.csv@976135425;49.69;21.0;100000;47.55
@20260609_103407_446_baro_icp10111.csv@976192660;49.22;21.0;100000;47.21
@20260609_103407_446_baro_icp10111.csv@976245464;48.71;21.0;100000;46.61
@20260609_103407_446_baro_icp10111.csv@976302904;48.16;21.0;100000;46.27
@20260609_103407_446_baro_icp10111.csv@976355213;47.98;21.0;100000;45.9
@20260609_103407_446_baro_icp10111.csv@976412700;47.61;21.0;100000;45.59
@20260609_103407_446_baro_icp10111.csv@976472902;47.11;21.0;100000;45.2
@20260609_103407_446_baro_icp10111.csv@976532638;46.62;21.0;100000;44.75
@20260609_103407_446_baro_icp10111.csv@976582891;46.15;21.0;100000;44.11
@20260609_103407_446_baro_icp10111.csv@976642928;45.8;21.0;100000;43.67
@20260609_103407_446_baro_icp10111.csv@976692611;45.48;21.0;100000;43.56
@20260609_103407_446_baro_icp10111.csv@976752735;45.12;21.0;100000;43.1
@20260609_103407_446_baro_icp10111.csv@976802948;44.52;21.0;100000;42.69
@20260609_103407_446_baro_icp10111.csv@976862959;44.12;21.0;100000;42.09
@20260609_103407_446_baro_icp10111.csv@976912753;43.92;21.0;100000;41.87
@20260609_103407_446_baro_icp10111.csv@976972658;43.45;21.0;100000;41.46
@20260609_103407_446_baro_icp10111.csv@977144172;42.15;21.0;100000;40.06
@20260609_103407_446_baro_icp10111.csv@977202923;41.59;21.0;100000;39.72
@20260609_103407_446_baro_icp10111.csv@977255160;41.42;21.0;100000;39.27
@20260609_103407_446_baro_icp10111.csv@977312689;40.92;21.0;100000;38.92
@20260609_103407_446_baro_icp10111.csv@977372834;40.54;21.0;100000;38.45
@20260609_103407_446_baro_icp10111.csv@977432757;40.03;21.0;100000;37.98
@20260609_103407_446_baro_icp10111.csv@977482825;39.53;21.0;100000;37.49
@20260609_103407_446_baro_icp10111.csv@977542899;39.1;21.0;100000;37.05
@20260609_103407_446_baro_icp10111.csv@977592852;38.73;21.0;100000;36.74
@20260609_103407_446_baro_icp10111.csv@977652606;38.29;21.0;100000;36.29
@20260609_103407_446_baro_icp10111.csv@977712662;38.02;21.0;100000;35.84
@20260609_103407_446_baro_icp10111.csv@977764918;37.52;21.0;100000;35.5
@20260609_103407_446_baro_icp10111.csv@977822864;37.01;21.0;100000;35.0
@20260609_103407_446_baro_icp10111.csv@977876631;36.74;21.0;100000;34.73
@20260609_103407_446_baro_icp10111.csv@977932711;36.27;21.0;100000;34.37
@20260609_103407_446_baro_icp10111.csv@977986400;35.84;21.0;100000;33.91
@20260609_103407_446_baro_icp10111.csv@978042829;35.43;21.0;100000;33.48
@20260609_103407_446_baro_icp10111.csv@978094769;35.17;21.0;100000;33.09
@20260609_103407_446_baro_icp10111.csv@978265821;33.84;21.0;100000;31.8
@20260609_103407_446_baro_icp10111.csv@978314399;33.41;21.0;100000;31.46
@20260609_103407_446_baro_icp10111.csv@978364868;32.97;21.0;100000;30.96
@20260609_103407_446_baro_icp10111.csv@978422935;32.54;21.0;100000;30.6
@20260609_103407_446_baro_icp10111.csv@978476793;32.31;21.0;100000;30.23
@20260609_103407_446_baro_icp10111.csv@978532686;31.8;21.0;100000;29.88
@20260609_103407_446_baro_icp10111.csv@978586360;31.34;21.0;100000;29.36
@20260609_103407_446_baro_icp10111.csv@978642962;30.89;21.0;100000;29.01
@20260609_103407_446_baro_icp10111.csv@978694819;30.72;21.0;100000;28.58
@20260609_103407_446_baro_icp10111.csv@978752717;30.25;21.0;100000;28.22
@20260609_103407_446_baro_icp10111.csv@978804296;29.78;21.0;100000;27.74
@20260609_103407_446_baro_icp10111.csv@978862955;29.29;21.0;100000;27.32
@20260609_103407_446_baro_icp10111.csv@978914177;29.06;21.0;100000;27.07
@20260609_103407_446_baro_icp10111.csv@978972655;28.54;21.0;100000;26.5
@20260609_103407_446_baro_icp10111.csv@979024306;28.09;21.0;100000;26.12
@20260609_103407_446_baro_icp10111.csv@979082956;27.66;21.0;100000;25.72
@20260609_103407_446_baro_icp10111.csv@979134373;27.38;21.0;100000;25.36
@20260609_103407_446_baro_icp10111.csv@979192689;26.94;21.0;100000;24.93
@20260609_103407_446_baro_icp10111.csv@979244213;26.53;21.0;100000;24.54
@20260609_103407_446_baro_icp10111.csv@979386238;25.4;21.0;100000;23.44
@20260609_103407_446_baro_icp10111.csv@979443005;24.93;21.0;100000;23.03
@20260609_103407_446_baro_icp10111.csv@979495411;24.66;21.0;100000;22.73
@20260609_103407_446_baro_icp10111.csv@979552758;24.23;21.0;100000;22.24
@20260609_103407_446_baro_icp10111.csv@979612876;23.76;21.0;100000;21.82
@20260609_103407_446_baro_icp10111.csv@979672677;23.36;21.0;100000;21.36
@20260609_103407_446_baro_icp10111.csv@979722949;22.9;21.0;100000;20.95
@20260609_103407_446_baro_icp10111.csv@979782869;22.49;21.0;100000;20.46
@20260609_103407_446_baro_icp10111.csv@979832692;22.13;21.0;100000;20.13
@20260609_103407_446_baro_icp10111.csv@979892622;21.75;21.0;100000;19.69
@20260609_103407_446_baro_icp10111.csv@979952671;21.26;21.0;100000;19.29
@20260609_103407_446_baro_icp10111.csv@980012738;20.83;21.0;100000;18.76
@20260609_103407_446_baro_icp10111.csv@980072646;20.4;21.0;100000;18.4
@20260609_103407_446_baro_icp10111.csv@980126532;19.87;21.0;100000;17.88
@20260609_103407_446_baro_icp10111.csv@980182859;19.49;21.0;100000;17.43
@20260609_103407_446_baro_icp10111.csv@980236410;19.19;21.0;100000;17.12
@20260609_103407_446_baro_icp10111.csv@980284376;18.66;21.0;100000;16.75
@20260609_103407_446_baro_icp10111.csv@980335283;18.44;21.0;100000;16.46
@20260609_103407_446_baro_icp10111.csv@980506613;17.07;21.0;100000;15.08
@20260609_103407_446_baro_icp10111.csv@980562988;16.66;21.0;100000;14.59
@20260609_103407_446_baro_icp10111.csv@980615179;16.34;21.0;100000;14.34
@20260609_103407_446_baro_icp10111.csv@980664433;15.83;21.0;100000;13.89
@20260609_103407_446_baro_icp10111.csv@980716825;15.54;21.0;100000;13.56
@20260609_103407_446_baro_icp10111.csv@980772657;15.09;21.0;100000;13.1
@20260609_103407_446_baro_icp10111.csv@980826457;14.67;21.0;100000;12.67
@20260609_103407_446_baro_icp10111.csv@980882973;14.23;21.0;100000;12.24
@20260609_103407_446_baro_icp10111.csv@980936359;13.9;21.0;100000;11.95
@20260609_103407_446_baro_icp10111.csv@980992732;13.44;21.0;100000;11.45
@20260609_103407_446_baro_icp10111.csv@981044723;13.02;21.0;100000;11.01
@20260609_103407_446_baro_icp10111.csv@981094269;12.73;21.0;100000;10.7
@20260609_103407_446_baro_icp10111.csv@981146403;12.25;21.0;100000;10.27
@20260609_103407_446_baro_icp10111.csv@981202897;11.85;21.0;100000;9.83
@20260609_103407_446_baro_icp10111.csv@981254719;11.52;21.0;100000;9.53
@20260609_103407_446_baro_icp10111.csv@981312613;11.06;21.0;100000;9.06
@20260609_103407_446_baro_icp10111.csv@981364409;10.65;21.0;100000;8.61
@20260609_103407_446_baro_icp10111.csv@981422912;10.17;21.0;100000;8.17
@20260609_103407_446_baro_icp10111.csv@981474259;9.86;21.0;100000;7.87
@20260609_103407_446_baro_icp10111.csv@981629902;8.68;21.0;100000;6.68
@20260609_103407_446_baro_icp10111.csv@981682841;8.24;21.0;100000;6.25
@20260609_103407_446_baro_icp10111.csv@981734974;7.95;21.0;100000;5.93
@20260609_103407_446_baro_icp10111.csv@981792752;7.48;21.0;100000;5.49
@20260609_103407_446_baro_icp10111.csv@981846409;7.04;21.0;100000;5.04
@20260609_103407_446_baro_icp10111.csv@981894376;6.74;21.0;100000;4.73
@20260609_103407_446_baro_icp10111.csv@981944532;6.27;21.0;100000;4.3
@20260609_103407_446_baro_icp10111.csv@982002909;5.83;21.0;100000;3.83
@20260609_103407_446_baro_icp10111.csv@982056189;5.53;21.0;100000;3.53
@20260609_103407_446_baro_icp10111.csv@982112718;5.08;21.0;100000;3.08
@20260609_103407_446_baro_icp10111.csv@982166155;4.62;21.0;100000;2.64
@20260609_103407_446_baro_icp10111.csv@982222865;4.18;21.0;100000;2.19
@20260609_103407_446_baro_icp10111.csv@982274587;3.88;21.0;100000;1.89
@20260609_103407_446_baro_icp10111.csv@982332702;3.43;21.0;100000;1.44
@20260609_103407_446_baro_icp10111.csv@982384319;2.99;21.0;100000;0.99
@20260609_103407_446_baro_icp10111.csv@982442893;2.55;21.0;100000;0.54
@20260609_103407_446_baro_icp10111.csv@982494213;2.23;21.0;100000;0.24
@20260609_103407_446_baro_icp10111.csv@982552717;2.0;21.0;100000;0.0
@20260609_103407_446_baro_icp10111.csv@982604268;2.0;21.0;100000;0.0
@20260609_103407_446_baro_icp10111.csv@982747142;2.0;21.0;100000;-0.0
@20260609_103407_446_baro_icp10111.csv@982802989;1.99;21.0;100000;0.0
@20260609_103407_446_baro_icp10111.csv@982855289;2.0;21.0;100000;0.0
@20260609_103407_446_baro_icp10111.csv@982912725;2.0;21.0;100000;-0.0
@20260609_103407_446_baro_icp10111.csv@982965435;2.0;21.0;100000;-0.0
@20260609_103407_446_baro_icp10111.csv@983014331;2.0;21.0;100000;-0.0
@20260609_103407_446_baro_icp10111.csv@983074374;1.99;21.0;100000;0.0
@20260609_103407_446_baro_icp10111.csv@983132747;2.0;21.0;100000;0.0
@20260609_103407_446_baro_icp10111.csv@983184476;1.99;21.0;100000;0.0
@20260609_103407_446_baro_icp10111.csv@983243006;2.0;21.0;100000;-0.0
@20260609_103407_446_baro_icp10111.csv@983303038;2.0;21.0;100000;-0.0
@20260609_103407_446_baro_icp10111.csv@983362891;2.0;21.0;100000;-0.0
@20260609_103407_446_baro_icp10111.csv@983412733;2.0;21.0;100000;-0.0
@20260609_103407_446_baro_icp10111.csv@983472708;2.0;21.0;100000;-0.0
@20260609_103407_446_baro_icp10111.csv@983522883;2.0;21.0;100000;0.0
@20260609_103407_446_baro_icp10111.csv@983583014;1.99;21.0;100000;-0.0
@20260609_103407_446_baro_icp10111.csv@983642898;2.01;21.0;100000;0.0
@20260609_103407_446_baro_icp10111.csv@983702968;2.0;21.0;100000;-0.0
@20260609_103407_446_baro_icp10111.csv@983867101;2.0;21.0;100000;0.0
@20260609_103407_446_baro_icp10111.csv@983922943;1.99;21.0;100000;0.0
@20260609_103407_446_baro_icp10111.csv@983975889;2.0;21.0;100000;0.0
@20260609_103407_446_baro_icp10111.csv@984032733;1.99;21.0;100000;-0.0
@20260609_103407_446_baro_icp10111.csv@984086036;2.0;21.0;100000;-0.0
@20260609_103407_446_baro_icp10111.csv@984142862;2.0;21.0;100000;-0.0
@20260609_103407_446_baro_icp10111.csv@984195870;2.0;21.0;100000;-0.0
@20260609_103407_446_baro_icp10111.csv@984252755;2.0;21.0;100000;0.0
@20260609_103407_446_baro_icp10111.csv@984304313;2.0;21.0;100000;-0.0
@20260609_103407_446_baro_icp10111.csv@984362903;2.0;21.0;100000;-0.0
@20260609_103407_446_baro_icp10111.csv@984414184;2.0;21.0;100000;-0.0
@20260609_103407_446_baro_icp10111.csv@984472745;2.0;21.0;100000;0.0
@20260609_103407_446_baro_icp10111.csv@984524405;2.0;21.0;100000;-0.0
@20260609_103407_446_baro_icp10111.csv@984582891;2.0;21.0;100000;-0.0
@20260609_103407_446_baro_icp10111.csv@984634574;2.0;21.0;100000;0.0
@20260609_103407_446_baro_icp10111.csv@984692825;1.99;21.0;100000;0.0
@20260609_103407_446_baro_icp10111.csv@984744302;2.0;21.0;100000;0.0
@20260609_103407_446_baro_icp10111.csv@984803038;2.0;21.0;100000;-0.0
@20260609_103407_446_baro_icp10111.csv@984862907;1.99;21.0;100000;0.0
@20260609_103407_446_baro_icp10111.csv@984998916;1.99;21.0;100000;-0.0
@20260609_103407_446_baro_icp10111.csv@985052737;1.99;21.0;100000;-0.0
@20260609_103407_446_baro_icp10111.csv@985112692;2.0;21.0;100000;0.0
@20260609_103407_446_baro_icp10111.csv@985172727;2.0;21.0;100000;-0.0
@20260609_103407_446_baro_icp10111.csv@985225279;2.0;21.0;100000;0.0
@20260609_103407_446_baro_icp10111.csv@985282940;2.0;21.0;100000;0.0
@20260609_103407_446_baro_icp10111.csv@985335301;2.01;21.0;100000;-0.0
@20260609_103407_446_baro_icp10111.csv@985392791;2.01;21.0;100000;0.0
@20260609_103407_446_baro_icp10111.csv@985549261;2.0;21.0;100000;-0.0
@20260609_103407_446_baro_icp10111.csv@985602818;2.01;21.0;100000;0.0
@20260609_103407_446_baro_icp10111.csv@985662857;2.0;21.0;100000;-0.0
@20260609_103407_446_baro_icp10111.csv@985722819;2.0;21.0;100000;0.0
@20260609_103407_446_baro_icp10111.csv@985774909;2.01;21.0;100000;-0.0
@20260609_103407_446_baro_icp10111.csv@985832657;2.0;21.0;100000;-0.0
@20260609_103407_446_baro_icp10111.csv@985885299;2.0;21.0;100000;-0.0
@20260609_103407_446_baro_icp10111.csv@985942791;1.99;21.0;100000;0.0
@20260609_103407_446_baro_icp10111.csv@986077777;2.0;21.0;100000;-0.0
@20260609_103407_446_baro_icp10111.csv@986132615;2.01;21.0;100000;-0.0
@20260609_103407_446_baro_icp10111.csv@986192543;1.99;21.0;100000;-0.0
@20260609_103407_446_baro_icp10111.csv@986252577;2.0;21.0;100000;0.0
@20260609_103407_446_baro_icp10111.csv@986312581;2.0;21.0;100000;-0.0
@20260609_103407_446_baro_icp10111.csv@986372551;2.0;21.0;100000;0.0
@20260609_103407_446_baro_icp10111.csv@986424369;2.0;21.0;100000;-0.0
@20260609_103407_446_baro_icp10111.csv@986482698;2.0;21.0;100000;-0.0
@20260609_103407_446_baro_icp10111.csv@986534593;2.01;21.0;100000;-0.0
@20260609_103407_446_baro_icp10111.csv@986592493;2.0;21.0;100000;0.0
@20260609_103407_446_baro_icp10111.csv@986644651;2.0;21.0;100000;-0.0
@20260609_103407_446_baro_icp10111.csv@986702830;2.01;21.0;100000;-0.0
@20260609_103407_446_fins.csv@uptime;eleron_left;eleron_right;yaw
@20260609_103407_446_fins.csv@926864354;90;90;90
@20260609_103407_446_fins.csv@926923127;90;90;90
@20260609_103407_446_fins.csv@926983146;90;90;90
@20260609_103407_446_fins.csv@927025456;90;90;90
@20260609_103407_446_fins.csv@927083206;90;90;90
@20260609_103407_446_fins.csv@927133760;90;90;90
@20260609_103407_446_fins.csv@927185037;90;90;90
@20260609_103407_446_fins.csv@927233674;90;90;90
@20260609_103407_446_fins.csv@927283653;90;90;90
@20260609_103407_446_fins.csv@927343121;90;90;90
@20260609_103407_446_fins.csv@927393671;90;90;90
@20260609_103407_446_fins.csv@927453043;90;90;90
@20260609_103407_446_fins.csv@927503412;90;90;90
@20260609_103407_446_fins.csv@927562902;90;90;90
@20260609_103407_446_fins.csv@927623271;90;90;90
@20260609_103407_446_fins.csv@927682791;90;90;90
@20260609_103407_446_fins.csv@927733322;90;90;90
@20260609_103407_446_fins.csv@927792668;90;90;90
@20260609_103407_446_fins.csv@927842815;90;90;90
@20260609_103407_446_fins.csv@927902799;90;90;90
@20260609_103407_446_fins.csv@927953348;90;90;90
@20260609_103407_446_fins.csv@928012694;90;90;90
@20260609_103407_446_fins.csv@928063440;90;90;90
@20260609_103407_446_fins.csv@928122807;90;90;90
@20260609_103407_446_fins.csv@928173339;90;90;90
@20260609_103407_446_fins.csv@928232700;90;90;90
@20260609_103407_446_fins.csv@928283313;90;90;90
@20260609_103407_446_fins.csv@928342843;90;90;90
@20260609_103407_446_fins.csv@928393401;90;90;90
@20260609_103407_446_fins.csv@928452700;90;90;90
@20260609_103407_446_fins.csv@928503389;90;90;90
@20260609_103407_446_fins.csv@928562828;90;90;90
@20260609_103407_446_fins.csv@928613354;90;90;90
@20260609_103407_446_fins.csv@928672715;90;90;90
@20260609_103407_446_fins.csv@928723405;90;90;90
@20260609_103407_446_fins.csv@928782864;90;90;90
@20260609_103407_446_fins.csv@928833458;90;90;90
@20260609_103407_446_fins.csv@928883034;90;90;90
@20260609_103407_446_fins.csv@928933340;90;90;90
@20260609_103407_446_fins.csv@928992748;90;90;90
@20260609_103407_446_fins.csv@929043371;90;90;90
@20260609_103407_446_fins.csv@929102843;90;90;90
@20260609_103407_446_fins.csv@929153376;90;90;90
@20260609_103407_446_fins.csv@929212678;90;90;90
@20260609_103407_446_fins.csv@929263327;90;90;90
@20260609_103407_446_fins.csv@929322807;90;90;90
@20260609_103407_446_fins.csv@929374798;90;90;90
@20260609_103407_446_fins.csv@929432745;90;90;90
@20260609_103407_446_fins.csv@929483554;90;90;90
@20260609_103407_446_fins.csv@929542835;90;90;90
@20260609_103407_446_fins.csv@929593353;90;90;90
@20260609_103407_446_fins.csv@929652695;90;90;90
@20260609_103407_446_fins.csv@929703368;90;90;90
@20260609_103407_446_fins.csv@929762816;90;90;90
@20260609_103407_446_fins.csv@929813352;90;90;90
@20260609_103407_446_fins.csv@929876586;90;90;90
@20260609_103407_446_fins.csv@929923355;90;90;90
@20260609_103407_446_fins.csv@929982811;90;90;90
@20260609_103407_446_fins.csv@930033336;90;90;90
@20260609_103407_446_fins.csv@930092640;90;90;90
@20260609_103407_446_fins.csv@930143307;90;90;90
@20260609_103407_446_fins.csv@930202768;90;90;90
@20260609_103407_446_fins.csv@930253340;90;90;90
@20260609_103407_446_fins.csv@930312728;90;90;90
@20260609_103407_446_fins.csv@930363292;90;90;90
@20260609_103407_446_fins.csv@930422864;90;90;90
@20260609_103407_446_fins.csv@930473407;90;90;90
@20260609_103407_446_fins.csv@930532740;90;90;90
@20260609_103407_446_fins.csv@930583386;90;90;90
@20260609_103407_446_fins.csv@930642888;90;90;90
@20260609_103407_446_fins.csv@930693393;90;90;90
@20260609_103407_446_fins.csv@930752900;90;90;90
@20260609_103407_446_fins.csv@930803439;90;90;90
@20260609_103407_446_fins.csv@930862941;90;90;90
@20260609_103407_446_fins.csv@930923099;90;90;90
@20260609_103407_446_fins.csv@930975133;90;90;90
@20260609_103407_446_fins.csv@931023389;90;90;90
@20260609_103407_446_fins.csv@931073448;90;90;90
@20260609_103407_446_fins.csv@931123457;90;90;90
@20260609_103407_446_fins.csv@931173410;90;90;90
@20260609_103407_446_fins.csv@931224344;90;90;90
@20260609_103407_446_fins.csv@931273404;90;90;90
@20260609_103407_446_fins.csv@931332697;90;90;90
@20260609_103407_446_fins.csv@931384885;90;90;90
@20260609_103407_446_fins.csv@931442791;90;90;90
@20260609_103407_446_fins.csv@931494930;90;90;90
@20260609_103407_446_fins.csv@931552670;90;90;90
@20260609_103407_446_fins.csv@931603472;90;90;90
@20260609_103407_446_fins.csv@931662832;90;90;90
@20260609_103407_446_fins.csv@931713521;90;90;90
@20260609_103407_446_fins.csv@931772681;90;90;90
@20260609_103407_446_fins.csv@931823400;90;90;90
@20260609_103407_446_fins.csv@931882849;90;90;90
@20260609_103407_446_fins.csv@931943118;90;90;90
@20260609_103407_446_fins.csv@931994397;90;90;90
@20260609_103407_446_fins.csv@932043646;90;90;90
@20260609_103407_446_fins.csv@932093545;90;90;90
@20260609_103407_446_fins.csv@932143661;90;90;90
@20260609_103407_446_fins.csv@932193565;90;90;90
@20260609_103407_446_fins.csv@932243623;90;90;90
@20260609_103407_446_fins.csv@932293603;90;90;90
@20260609_103407_446_fins.csv@932343614;90;90;90
@20260609_103407_446_fins.csv@932393606;90;90;90
@20260609_103407_446_fins.csv@932445155;90;90;90
@20260609_103407_446_fins.csv@932493414;90;90;90
@20260609_103407_446_fins.csv@932545910;90;90;90
@20260609_103407_446_fins.csv@932593399;90;90;90
@20260609_103407_446_fins.csv@932652713;90;90;90
@20260609_103407_446_fins.csv@932703405;90;90;90
@20260609_103407_446_fins.csv@932762868;90;90;90
@20260609_103407_446_fins.csv@932813379;90;90;90
@20260609_103407_446_fins.csv@932874502;90;90;90
@20260609_103407_446_fins.csv@932948787;90;90;90
@20260609_103407_446_fins.csv@932993385;90;90;90
@20260609_103407_446_fins.csv@933043417;90;90;90
@20260609_103407_446_fins.csv@933095499;90;90;90
@20260609_103407_446_fins.csv@933152683;90;90;90
@20260609_103407_446_fins.csv@933205842;90;90;90
@20260609_103407_446_fins.csv@933253352;90;90;90
@20260609_103407_446_fins.csv@933304892;90;90;90
@20260609_103407_446_fins.csv@933353355;90;90;90
@20260609_103407_446_fins.csv@933403359;90;90;90
@20260609_103407_446_fins.csv@933462811;90;90;90
@20260609_103407_446_fins.csv@933514955;90;90;90
@20260609_103407_446_fins.csv@933572757;90;90;90
@20260609_103407_446_fins.csv@933624909;90;90;90
@20260609_103407_446_fins.csv@933682845;90;90;90
@20260609_103407_446_fins.csv@933733341;90;90;90
@20260609_103407_446_fins.csv@933792735;90;90;90
@20260609_103407_446_fins.csv@933843443;90;90;90
@20260609_103407_446_fins.csv@933902876;90;90;90
@20260609_103407_446_fins.csv@933979550;90;90;90
@20260609_103407_446_fins.csv@934032728;90;90;90
@20260609_103407_446_fins.csv@934083834;90;90;90
@20260609_103407_446_fins.csv@934133366;90;90;90
@20260609_103407_446_fins.csv@934192851;90;90;90
@20260609_103407_446_fins.csv@934244901;90;90;90
@20260609_103407_446_fins.csv@934293453;90;90;90
@20260609_103407_446_fins.csv@934343424;90;90;90
@20260609_103407_446_fins.csv@934393555;90;90;90
@20260609_103407_446_fins.csv@934443331;90;90;90
@20260609_103407_446_fins.csv@934493359;90;90;90
@20260609_103407_446_fins.csv@934552775;90;90;90
@20260609_103407_446_fins.csv@934603400;90;90;90
@20260609_103407_446_fins.csv@934662889;90;90;90
@20260609_103407_446_fins.csv@934713380;90;90;90
@20260609_103407_446_fins.csv@934772770;90;90;90
@20260609_103407_446_fins.csv@934823415;90;90;90
@20260609_103407_446_fins.csv@934882871;90;90;90
@20260609_103407_446_fins.csv@934933385;90;90;90
@20260609_103407_446_fins.csv@935009381;90;90;90
@20260609_103407_446_fins.csv@935053400;90;90;90
@20260609_103407_446_fins.csv@935112777;90;90;90
@20260609_103407_446_fins.csv@935163428;90;90;90
@20260609_103407_446_fins.csv@935222857;90;90;90
@20260609_103407_446_fins.csv@935273369;90;90;90
@20260609_103407_446_fins.csv@935332730;90;90;90
@20260609_103407_446_fins.csv@935383324;90;90;90
@20260609_103407_446_fins.csv@935442910;90;90;90
@20260609_103407_446_fins.csv@935493336;90;90;90
@20260609_103407_446_fins.csv@935552736;90;90;90
@20260609_103407_446_fins.csv@935603319;90;90;90
@20260609_103407_446_fins.csv@935662843;90;90;90
@20260609_103407_446_fins.csv@935713351;90;90;90
@20260609_103407_446_fins.csv@935772681;90;90;90
@20260609_103407_446_fins.csv@935823326;90;90;90
@20260609_103407_446_fins.csv@935882826;90;90;90
@20260609_103407_446_fins.csv@935933373;90;90;90
@20260609_103407_446_fins.csv@935992671;90;90;90
@20260609_103407_446_fins.csv@936039745;90;90;90
@20260609_103407_446_fins.csv@936092740;90;90;90
@20260609_103407_446_fins.csv@936152757;90;90;90
@20260609_103407_446_fins.csv@936205006;90;90;90
@20260609_103407_446_fins.csv@936253525;90;90;90
@20260609_103407_446_fins.csv@936303368;90;90;90
@20260609_103407_446_fins.csv@936353409;90;90;90
@20260609_103407_446_fins.csv@936403382;90;90;90
@20260609_103407_446_fins.csv@936453533;90;90;90
@20260609_103407_446_fins.csv@936503823;90;90;90
@20260609_103407_446_fins.csv@936553391;90;90;90
@20260609_103407_446_fins.csv@936603406;90;90;90
@20260609_103407_446_fins.csv@936662904;90;90;90
@20260609_103407_446_fins.csv@936714931;90;90;90
@20260609_103407_446_fins.csv@936772776;90;90;90
@20260609_103407_446_fins.csv@936825390;90;90;90
@20260609_103407_446_fins.csv@936882867;90;90;90
@20260609_103407_446_fins.csv@936933867;90;90;90
@20260609_103407_446_fins.csv@936992755;90;90;90
@20260609_103407_446_fins.csv@937139173;90;90;90
@20260609_103407_446_fins.csv@937193071;104;76;104
@20260609_103407_446_fins.csv@937244470;104;76;104
@20260609_103407_446_fins.csv@937303180;104;76;104
@20260609_103407_446_fins.csv@937356221;103;76;104
@20260609_103407_446_fins.csv@937412946;104;76;104
@20260609_103407_446_fins.csv@937466341;104;76;104
@20260609_103407_446_fins.csv@937523227;104;76;104
@20260609_103407_446_fins.csv@937574656;104;76;104
@20260609_103407_446_fins.csv@937633117;104;76;104
@20260609_103407_446_fins.csv@937685088;103;76;104
@20260609_103407_446_fins.csv@937743222;103;76;104
@20260609_103407_446_fins.csv@937795123;104;76;104
@20260609_103407_446_fins.csv@937852922;103;76;104
@20260609_103407_446_fins.csv@937905066;104;76;104
@20260609_103407_446_fins.csv@937963285;103;76;104
@20260609_103407_446_fins.csv@938015017;104;76;104
@20260609_103407_446_fins.csv@938072949;103;76;104
@20260609_103407_446_fins.csv@938132960;103;76;104
@20260609_103407_446_fins.csv@938183249;104;76;104
@20260609_103407_446_fins.csv@938232960;104;76;104
@20260609_103407_446_fins.csv@938292980;103;76;104
@20260609_103407_446_fins.csv@938344963;102;78;102
@20260609_103407_446_fins.csv@938403186;103;77;102
@20260609_103407_446_fins.csv@938455051;101;77;102
@20260609_103407_446_fins.csv@938513002;99;81;101
@20260609_103407_446_fins.csv@938565255;102;78;102
@20260609_103407_446_fins.csv@938623247;98;80;101
@20260609_103407_446_fins.csv@938675162;96;82;99
@20260609_103407_446_fins.csv@938732977;97;83;99
@20260609_103407_446_fins.csv@938785144;98;80;99
@20260609_103407_446_fins.csv@938843164;97;81;100
@20260609_103407_446_fins.csv@938894905;96;84;98
@20260609_103407_446_fins.csv@938952942;93;85;97
@20260609_103407_446_fins.csv@939005025;95;85;97
@20260609_103407_446_fins.csv@939063121;98;82;98
@20260609_103407_446_fins.csv@939114877;97;83;98
@20260609_103407_446_fins.csv@939169788;94;86;97
@20260609_103407_446_fins.csv@939223275;96;84;97
@20260609_103407_446_fins.csv@939283189;96;84;97
@20260609_103407_446_fins.csv@939334685;92;86;95
@20260609_103407_446_fins.csv@939393121;95;85;95
@20260609_103407_446_fins.csv@939444489;92;88;94
@20260609_103407_446_fins.csv@939503156;92;88;94
@20260609_103407_446_fins.csv@939554769;92;88;94
@20260609_103407_446_fins.csv@939613025;91;89;92
@20260609_103407_446_fins.csv@939664598;97;83;95
@20260609_103407_446_fins.csv@939723120;96;84;95
@20260609_103407_446_fins.csv@939774839;104;76;100
@20260609_103407_446_fins.csv@939832994;104;76;101
@20260609_103407_446_fins.csv@939884475;103;76;104
@20260609_103407_446_fins.csv@939943216;103;76;104
@20260609_103407_446_fins.csv@939994836;103;76;104
@20260609_103407_446_fins.csv@940053013;104;76;104
@20260609_103407_446_fins.csv@940104410;103;76;104
@20260609_103407_446_fins.csv@940163206;103;76;104
@20260609_103407_446_fins.csv@940245948;104;76;104
@20260609_103407_446_fins.csv@940303277;104;76;104
@20260609_103407_446_fins.csv@940363305;104;76;104
@20260609_103407_446_fins.csv@940423186;104;76;104
@20260609_103407_446_fins.csv@940483143;103;76;104
@20260609_103407_446_fins.csv@940543166;103;76;104
@20260609_103407_446_fins.csv@940595437;103;76;104
@20260609_103407_446_fins.csv@940652969;104;76;104
@20260609_103407_446_fins.csv@940705742;104;76;104
@20260609_103407_446_fins.csv@940763257;103;76;104
@20260609_103407_446_fins.csv@940813810;104;76;104
@20260609_103407_446_fins.csv@940873045;104;76;104
@20260609_103407_446_fins.csv@940933053;103;76;104
@20260609_103407_446_fins.csv@940993079;103;76;104
@20260609_103407_446_fins.csv@941043166;104;76;104
@20260609_103407_446_fins.csv@941103296;104;76;104
@20260609_103407_446_fins.csv@941152876;104;76;104
@20260609_103407_446_fins.csv@941213051;104;76;104
@20260609_103407_446_fins.csv@941265138;103;76;104
@20260609_103407_446_fins.csv@941323231;104;76;104
@20260609_103407_446_fins.csv@941383233;103;76;104
@20260609_103407_446_fins.csv@941436055;104;76;104
@20260609_103407_446_fins.csv@941492983;104;76;104
@20260609_103407_446_fins.csv@941546042;103;76;104
@20260609_103407_446_fins.csv@941603234;104;76;104
@20260609_103407_446_fins.csv@941654503;103;76;104
@20260609_103407_446_fins.csv@941712945;104;76;104
@20260609_103407_446_fins.csv@941764545;104;76;104
@20260609_103407_446_fins.csv@941823108;103;76;104
@20260609_103407_446_fins.csv@941875030;104;76;104
@20260609_103407_446_fins.csv@941933002;103;76;104
@20260609_103407_446_fins.csv@941984524;103;76;104
@20260609_103407_446_fins.csv@942033800;104;76;104
@20260609_103407_446_fins.csv@942093234;104;76;104
@20260609_103407_446_fins.csv@942152990;104;76;104
@20260609_103407_446_fins.csv@942203231;104;76;104
@20260609_103407_446_fins.csv@942263188;103;76;104
@20260609_103407_446_fins.csv@942323129;104;76;104
@20260609_103407_446_fins.csv@942383151;104;76;104
@20260609_103407_446_fins.csv@942443172;104;76;104
@20260609_103407_446_fins.csv@942496513;104;76;104
@20260609_103407_446_fins.csv@942552903;104;76;104
@20260609_103407_446_fins.csv@942606407;103;76;104
@20260609_103407_446_fins.csv@942663135;104;76;104
@20260609_103407_446_fins.csv@942723343;104;76;104
@20260609_103407_446_fins.csv@942773804;104;76;104
@20260609_103407_446_fins.csv@942833081;104;76;104
@20260609_103407_446_fins.csv@942892989;104;76;104
@20260609_103407_446_fins.csv@942943207;104;76;104
@20260609_103407_446_fins.csv@942993835;104;76;104
@20260609_103407_446_fins.csv@943053038;103;76;104
@20260609_103407_446_fins.csv@943113060;104;76;104
@20260609_103407_446_fins.csv@943172994;104;76;104
@20260609_103407_446_fins.csv@943234487;104;76;104
@20260609_103407_446_fins.csv@943300914;103;76;104
@20260609_103407_446_fins.csv@943353077;104;76;104
@20260609_103407_446_fins.csv@943404658;104;76;104
@20260609_103407_446_fins.csv@943463359;103;76;104
@20260609_103407_446_fins.csv@943514868;104;76;104
@20260609_103407_446_fins.csv@943573096;104;76;104
@20260609_103407_446_fins.csv@943624685;104;76;104
@20260609_103407_446_fins.csv@943683275;103;76;104
@20260609_103407_446_fins.csv@943734495;104;76;104
@20260609_103407_446_fins.csv@943793098;104;76;104
@20260609_103407_446_fins.csv@943844638;104;76;104
@20260609_103407_446_fins.csv@943903227;104;76;104
@20260609_103407_446_fins.csv@943954458;104;76;104
@20260609_103407_446_fins.csv@944013024;104;76;104
@20260609_103407_446_fins.csv@944066084;103;76;104
@20260609_103407_446_fins.csv@944123192;104;76;104
@20260609_103407_446_fins.csv@944176411;104;76;104
@20260609_103407_446_fins.csv@944233035;104;76;104
@20260609_103407_446_fins.csv@944284732;103;76;104
@20260609_103407_446_fins.csv@944373260;104;76;104
@20260609_103407_446_fins.csv@944433010;104;76;104
@20260609_103407_446_fins.csv@944485752;104;76;104
@20260609_103407_446_fins.csv@944543235;103;76;104
@20260609_103407_446_fins.csv@944596211;103;76;104
@20260609_103407_446_fins.csv@944652982;103;76;104
@20260609_103407_446_fins.csv@944706149;104;76;104
@20260609_103407_446_fins.csv@944763112;104;76;104
@20260609_103407_446_fins.csv@944816025;104;76;104
@20260609_103407_446_fins.csv@944873080;103;76;104
@20260609_103407_446_fins.csv@944924712;103;76;104
@20260609_103407_446_fins.csv@944983145;103;76;104
@20260609_103407_446_fins.csv@945034479;103;76;104
@20260609_103407_446_fins.csv@945093034;104;76;104
@20260609_103407_446_fins.csv@945144575;104;76;104
@20260609_103407_446_fins.csv@945203305;103;76;104
@20260609_103407_446_fins.csv@945254498;103;76;104
@20260609_103407_446_fins.csv@945312915;103;76;104
@20260609_103407_446_fins.csv@945364520;103;76;104
@20260609_103407_446_fins.csv@945414148;104;76;104
@20260609_103407_446_fins.csv@945473047;103;76;104
@20260609_103407_446_fins.csv@945532955;104;76;104
@20260609_103407_446_fins.csv@945592858;104;76;104
@20260609_103407_446_fins.csv@945652927;104;76;104
@20260609_103407_446_fins.csv@945712948;104;76;104
@20260609_103407_446_fins.csv@945774624;103;76;104
@20260609_103407_446_fins.csv@945832994;104;76;104
@20260609_103407_446_fins.csv@945893070;103;76;104
@20260609_103407_446_fins.csv@945952973;104;76;104
@20260609_103407_446_fins.csv@946013124;103;76;104
@20260609_103407_446_fins.csv@946073050;104;76;104
@20260609_103407_446_fins.csv@946132935;104;76;104
@20260609_103407_446_fins.csv@946194608;104;76;104
@20260609_103407_446_fins.csv@946253095;103;76;104
@20260609_103407_446_fins.csv@946313024;103;76;104
@20260609_103407_446_fins.csv@946372926;104;76;104
@20260609_103407_446_fins.csv@946434005;103;76;104
@20260609_103407_446_fins.csv@946492990;104;76;104
@20260609_103407_446_fins.csv@946543078;104;76;104
@20260609_103407_446_fins.csv@946603260;104;76;104
@20260609_103407_446_fins.csv@946652843;103;76;104
@20260609_103407_446_fins.csv@946712975;103;76;104
@20260609_103407_446_fins.csv@946763123;104;76;104
@20260609_103407_446_fins.csv@946823197;103;76;104
@20260609_103407_446_fins.csv@946883194;104;76;104
@20260609_103407_446_fins.csv@946944732;103;76;104
@20260609_103407_446_fins.csv@946993804;104;76;104
@20260609_103407_446_fins.csv@947045435;104;76;104
@20260609_103407_446_fins.csv@947093800;104;76;104
@20260609_103407_446_fins.csv@947154574;104;76;104
@20260609_103407_446_fins.csv@947212917;104;76;104
@20260609_103407_446_fins.csv@947273074;103;76;104
@20260609_103407_446_fins.csv@947333010;104;76;104
@20260609_103407_446_fins.csv@947393121;103;76;104
@20260609_103407_446_fins.csv@947452997;104;76;104
@20260609_103407_446_fins.csv@947513021;103;76;104
@20260609_103407_446_fins.csv@947574624;103;76;104
@20260609_103407_446_fins.csv@947632959;104;76;104
@20260609_103407_446_fins.csv@947693057;103;76;104
@20260609_103407_446_fins.csv@947753017;104;76;104
@20260609_103407_446_fins.csv@947812904;103;76;104
@20260609_103407_446_fins.csv@947873041;104;76;104
@20260609_103407_446_fins.csv@947932908;103;76;104
@20260609_103407_446_fins.csv@947994497;104;76;104
@20260609_103407_446_fins.csv@948052963;104;76;104
@20260609_103407_446_fins.csv@948113127;103;76;104
@20260609_103407_446_fins.csv@948173022;104;76;104
@20260609_103407_446_fins.csv@948233039;104;76;104
@20260609_103407_446_fins.csv@948293003;103;76;104
@20260609_103407_446_fins.csv@948353010;103;76;104
@20260609_103407_446_fins.csv@948414559;104;76;104
@20260609_103407_446_fins.csv@948473816;104;76;104
@20260609_103407_446_fins.csv@948533102;103;76;104
@20260609_103407_446_fins.csv@948593016;103;76;104
@20260609_103407_446_fins.csv@948653008;103;76;104
@20260609_103407_446_fins.csv@948712906;103;76;104
@20260609_103407_446_fins.csv@948764752;104;76;104
@20260609_103407_446_fins.csv@948823158;103;76;104
@20260609_103407_446_fins.csv@948874718;104;76;104
@20260609_103407_446_fins.csv@948932973;104;76;104
@20260609_103407_446_fins.csv@948984646;104;76;104
@20260609_103407_446_fins.csv@949043216;103;76;104
@20260609_103407_446_fins.csv@949094746;103;76;104
@20260609_103407_446_fins.csv@949152961;104;76;104
@20260609_103407_446_fins.csv@949204719;103;76;104
@20260609_103407_446_fins.csv@949263127;103;76;104
@20260609_103407_446_fins.csv@949314735;104;76;104
@20260609_103407_446_fins.csv@949372994;104;76;104
@20260609_103407_446_fins.csv@949424781;104;76;104
@20260609_103407_446_fins.csv@949476323;103;76;104
@20260609_103407_446_fins.csv@949532854;104;76;104
@20260609_103407_446_fins.csv@949585882;104;76;104
@20260609_103407_446_fins.csv@949643156;104;76;104
@20260609_103407_446_fins.csv@949695967;103;76;104
@20260609_103407_446_fins.csv@949753084;104;76;104
@20260609_103407_446_fins.csv@949813044;103;76;104
@20260609_103407_446_fins.csv@949864720;103;76;104
@20260609_103407_446_fins.csv@949923279;104;76;104
@20260609_103407_446_fins.csv@949974666;103;76;104
@20260609_103407_446_fins.csv@950033034;103;76;104
@20260609_103407_446_fins.csv@950084480;103;76;104
@20260609_103407_446_fins.csv@950143216;104;76;104
@20260609_103407_446_fins.csv@950194773;104;76;104
@20260609_103407_446_fins.csv@950253019;103;76;104
@20260609_103407_446_fins.csv@950304741;104;76;104
@20260609_103407_446_fins.csv@950363191;104;76;104
@20260609_103407_446_fins.csv@950414788;104;76;104
@20260609_103407_446_fins.csv@950473073;104;76;104
@20260609_103407_446_fins.csv@950523355;103;76;104
@20260609_103407_446_fins.csv@950583235;103;76;104
@20260609_103407_446_fins.csv@950635946;104;76;104
@20260609_103407_446_fins.csv@950692941;104;76;104
@20260609_103407_446_fins.csv@950747096;104;76;104
@20260609_103407_446_fins.csv@950803297;104;76;104
@20260609_103407_446_fins.csv@950856048;103;76;104
@20260609_103407_446_fins.csv@950913014;103;76;104
@20260609_103407_446_fins.csv@950964712;104;76;104
@20260609_103407_446_fins.csv@951023314;104;76;104
@20260609_103407_446_fins.csv@951074787;103;76;104
@20260609_103407_446_fins.csv@951133075;103;76;104
@20260609_103407_446_fins.csv@951184541;104;76;104
@20260609_103407_446_fins.csv@951243213;104;76;104
@20260609_103407_446_fins.csv@951294538;104;76;104
@20260609_103407_446_fins.csv@951353054;103;76;104
@20260609_103407_446_fins.csv@951404508;104;76;104
@20260609_103407_446_fins.csv@951463210;103;76;104
@20260609_103407_446_fins.csv@951532225;103;76;104
@20260609_103407_446_fins.csv@951593005;104;76;104
@20260609_103407_446_fins.csv@951644867;103;76;104
@20260609_103407_446_fins.csv@951703267;104;76;104
@20260609_103407_446_fins.csv@951754889;103;76;104
@20260609_103407_446_fins.csv@951812989;104;76;104
@20260609_103407_446_fins.csv@951864851;104;76;104
@20260609_103407_446_fins.csv@951923188;104;76;104
@20260609_103407_446_fins.csv@951974805;104;76;104
@20260609_103407_446_fins.csv@952032993;104;76;104
@20260609_103407_446_fins.csv@952084921;103;76;104
@20260609_103407_446_fins.csv@952143125;104;76;104
@20260609_103407_446_fins.csv@952194934;104;76;104
@20260609_103407_446_fins.csv@952253001;103;76;104
@20260609_103407_446_fins.csv@952304811;104;76;104
@20260609_103407_446_fins.csv@952363281;103;76;104
@20260609_103407_446_fins.csv@952414706;104;76;104
@20260609_103407_446_fins.csv@952472969;104;76;104
@20260609_103407_446_fins.csv@952524840;104;76;104
@20260609_103407_446_fins.csv@952566109;104;76;104
@20260609_103407_446_fins.csv@952623255;104;76;104
@20260609_103407_446_fins.csv@952683313;104;76;104
@20260609_103407_446_fins.csv@952734914;103;76;104
@20260609_103407_446_fins.csv@952793078;103;76;104
@20260609_103407_446_fins.csv@952844868;103;76;104
@20260609_103407_446_fins.csv@952903225;104;76;104
@20260609_103407_446_fins.csv@952954831;104;76;104
@20260609_103407_446_fins.csv@953013094;103;76;104
@20260609_103407_446_fins.csv@953065182;103;76;104
@20260609_103407_446_fins.csv@953123205;103;76;104
@20260609_103407_446_fins.csv@953175009;103;76;104
@20260609_103407_446_fins.csv@953233114;103;76;104
@20260609_103407_446_fins.csv@953284893;104;76;104
@20260609_103407_446_fins.csv@953343171;103;76;104
@20260609_103407_446_fins.csv@953394823;104;76;104
@20260609_103407_446_fins.csv@953453048;103;76;104
@20260609_103407_446_fins.csv@953504889;104;76;104
@20260609_103407_446_fins.csv@953563264;104;76;104
@20260609_103407_446_fins.csv@953607177;103;76;104
@20260609_103407_446_fins.csv@953663261;104;76;104
@20260609_103407_446_fins.csv@953714873;104;76;104
@20260609_103407_446_fins.csv@953773066;103;76;104
@20260609_103407_446_fins.csv@953824838;104;76;104
@20260609_103407_446_fins.csv@953883229;104;76;104
@20260609_103407_446_fins.csv@953934858;104;76;104
@20260609_103407_446_fins.csv@953993059;104;76;104
@20260609_103407_446_fins.csv@954044844;104;76;104
@20260609_103407_446_fins.csv@954103240;103;76;104
@20260609_103407_446_fins.csv@954154880;104;76;104
@20260609_103407_446_fins.csv@954213027;103;76;104
@20260609_103407_446_fins.csv@954264858;104;76;104
@20260609_103407_446_fins.csv@954323245;104;76;104
@20260609_103407_446_fins.csv@954374749;104;76;104
@20260609_103407_446_fins.csv@954433011;104;76;104
@20260609_103407_446_fins.csv@954484855;104;76;104
@20260609_103407_446_fins.csv@954543223;103;76;104
@20260609_103407_446_fins.csv@954594909;103;76;104
@20260609_103407_446_fins.csv@954635774;103;76;104
@20260609_103407_446_fins.csv@954693126;104;76;104
@20260609_103407_446_fins.csv@954753048;104;76;104
@20260609_103407_446_fins.csv@954804829;104;76;104
@20260609_103407_446_fins.csv@954863274;103;76;104
@20260609_103407_446_fins.csv@954914971;104;76;104
@20260609_103407_446_fins.csv@954973032;104;76;104
@20260609_103407_446_fins.csv@955024807;104;76;104
@20260609_103407_446_fins.csv@955083160;104;76;104
@20260609_103407_446_fins.csv@955135150;104;76;104
@20260609_103407_446_fins.csv@955192990;103;76;104
@20260609_103407_446_fins.csv@955245065;104;76;104
@20260609_103407_446_fins.csv@955303225;104;76;104
@20260609_103407_446_fins.csv@955354766;104;76;104
@20260609_103407_446_fins.csv@955412941;104;76;104
@20260609_103407_446_fins.csv@955464919;104;76;104
@20260609_103407_446_fins.csv@955523220;103;76;104
@20260609_103407_446_fins.csv@955574864;103;76;104
@20260609_103407_446_fins.csv@955632903;104;76;104
@20260609_103407_446_fins.csv@955679229;103;76;104
@20260609_103407_446_fins.csv@955733030;104;76;104
@20260609_103407_446_fins.csv@955792988;103;76;104
@20260609_103407_446_fins.csv@955845486;104;76;104
@20260609_103407_446_fins.csv@955903278;104;76;104
@20260609_103407_446_fins.csv@955956073;104;76;104
@20260609_103407_446_fins.csv@956013023;103;76;104
@20260609_103407_446_fins.csv@956072990;103;76;104
@20260609_103407_446_fins.csv@956124963;104;76;104
@20260609_103407_446_fins.csv@956183301;103;76;104
@20260609_103407_446_fins.csv@956234828;103;76;104
@20260609_103407_446_fins.csv@956293087;104;76;104
@20260609_103407_446_fins.csv@956344816;104;76;104
@20260609_103407_446_fins.csv@956403215;104;76;104
@20260609_103407_446_fins.csv@956454841;104;76;104
@20260609_103407_446_fins.csv@956513042;104;76;104
@20260609_103407_446_fins.csv@956565256;104;76;104
@20260609_103407_446_fins.csv@956623143;104;76;104
@20260609_103407_446_fins.csv@956708878;104;76;104
@20260609_103407_446_fins.csv@956763377;104;76;104
@20260609_103407_446_fins.csv@956816485;104;76;104
@20260609_103407_446_fins.csv@956873011;103;76;104
@20260609_103407_446_fins.csv@956926527;104;76;104
@20260609_103407_446_fins.csv@956983334;103;76;104
@20260609_103407_446_fins.csv@957036480;103;76;104
@20260609_103407_446_fins.csv@957093013;103;76;104
@20260609_103407_446_fins.csv@957144812;104;76;104
@20260609_103407_446_fins.csv@957203220;103;76;104
@20260609_103407_446_fins.csv@957254660;104;76;104
@20260609_103407_446_fins.csv@957312995;103;76;104
@20260609_103407_446_fins.csv@957364482;103;76;104
@20260609_103407_446_fins.csv@957423158;103;76;104
@20260609_103407_446_fins.csv@957474582;104;76;104
@20260609_103407_446_fins.csv@957533041;103;76;104
@20260609_103407_446_fins.csv@957584862;104;76;104
@20260609_103407_446_fins.csv@957643179;104;76;104
@20260609_103407_446_fins.csv@957694503;104;76;104
@20260609_103407_446_fins.csv@957748416;104;76;104
@20260609_103407_446_fins.csv@957803368;104;76;104
@20260609_103407_446_fins.csv@957863197;103;76;104
@20260609_103407_446_fins.csv@957913040;104;76;104
@20260609_103407_446_fins.csv@957973109;104;76;104
@20260609_103407_446_fins.csv@958037711;103;76;104
@20260609_103407_446_fins.csv@958092510;104;76;104
@20260609_103407_446_fins.csv@958152467;103;76;104
@20260609_103407_446_fins.csv@958205510;104;76;104
@20260609_103407_446_fins.csv@958262657;104;76;104
@20260609_103407_446_fins.csv@958315448;103;76;104
@20260609_103407_446_fins.csv@958372636;103;76;104
@20260609_103407_446_fins.csv@958432481;104;76;104
@20260609_103407_446_fins.csv@958484273;103;76;104
@20260609_103407_446_fins.csv@958542800;104;76;104
@20260609_103407_446_fins.csv@958594009;104;76;104
@20260609_103407_446_fins.csv@958652642;104;76;104
@20260609_103407_446_fins.csv@958712310;103;76;104
@20260609_103407_446_fins.csv@958817131;104;76;104
@20260609_103407_446_fins.csv@958873080;104;76;104
@20260609_103407_446_fins.csv@958924479;104;76;104
@20260609_103407_446_fins.csv@958983196;103;76;104
@20260609_103407_446_fins.csv@959034775;104;76;104
@20260609_103407_446_fins.csv@959093023;104;76;104
@20260609_103407_446_fins.csv@959144534;103;76;104
@20260609_103407_446_fins.csv@959203203;104;76;104
@20260609_103407_446_fins.csv@959256167;104;76;104
@20260609_103407_446_fins.csv@959313042;103;76;104
@20260609_103407_446_fins.csv@959366112;104;76;104
@20260609_103407_446_fins.csv@959423266;104;76;104
@20260609_103407_446_fins.csv@959474674;103;76;104
@20260609_103407_446_fins.csv@959533017;104;76;104
@20260609_103407_446_fins.csv@959584799;104;76;104
@20260609_103407_446_fins.csv@959643340;104;76;104
@20260609_103407_446_fins.csv@959694556;104;76;104
@20260609_103407_446_fins.csv@959753016;104;76;104
@20260609_103407_446_fins.csv@959804554;104;76;104
@20260609_103407_446_fins.csv@959876543;104;76;104
@20260609_103407_446_fins.csv@959932995;103;76;104
@20260609_103407_446_fins.csv@959993005;104;76;104
@20260609_103407_446_fins.csv@960052984;104;76;104
@20260609_103407_446_fins.csv@960106063;104;76;104
@20260609_103407_446_fins.csv@960163200;104;76;104
@20260609_103407_446_fins.csv@960216442;103;76;104
@20260609_103407_446_fins.csv@960272993;104;76;104
@20260609_103407_446_fins.csv@960324932;103;76;104
@20260609_103407_446_fins.csv@960383254;103;76;104
@20260609_103407_446_fins.csv@960434509;104;76;104
@20260609_103407_446_fins.csv@960492948;104;76;104
@20260609_103407_446_fins.csv@960544617;104;76;104
@20260609_103407_446_fins.csv@960603231;103;76;104
@20260609_103407_446_fins.csv@960654635;103;76;104
@20260609_103407_446_fins.csv@960713082;104;76;104
@20260609_103407_446_fins.csv@960772885;104;76;104
@20260609_103407_446_fins.csv@960833015;103;76;104
@20260609_103407_446_fins.csv@960936014;103;76;104
@20260609_103407_446_fins.csv@960992915;104;76;104
@20260609_103407_446_fins.csv@961052956;104;76;104
@20260609_103407_446_fins.csv@961113071;104;76;104
@20260609_103407_446_fins.csv@961165698;104;76;104
@20260609_103407_446_fins.csv@961223164;104;76;104
@20260609_103407_446_fins.csv@961275912;104;76;104
@20260609_103407_446_fins.csv@961333079;104;76;104
@20260609_103407_446_fins.csv@961393149;103;76;104
@20260609_103407_446_fins.csv@961453013;104;76;104
@20260609_103407_446_fins.csv@961512959;103;76;104
@20260609_103407_446_fins.csv@961573074;103;76;104
@20260609_103407_446_fins.csv@961624526;104;76;104
@20260609_103407_446_fins.csv@961683181;104;76;104
@20260609_103407_446_fins.csv@961734532;104;76;104
@20260609_103407_446_fins.csv@961792962;103;76;104
@20260609_103407_446_fins.csv@961844495;103;76;104
@20260609_103407_446_fins.csv@961903150;103;76;104
@20260609_103407_446_fins.csv@962001701;104;76;104
@20260609_103407_446_fins.csv@962063230;104;76;104
@20260609_103407_446_fins.csv@962115925;103;76;104
@20260609_103407_446_fins.csv@962173045;103;76;104
@20260609_103407_446_fins.csv@962226059;103;76;104
@20260609_103407_446_fins.csv@962283211;104;76;104
@20260609_103407_446_fins.csv@962335880;104;76;104
@20260609_103407_446_fins.csv@962392976;103;76;104
@20260609_103407_446_fins.csv@962453120;103;76;104
@20260609_103407_446_fins.csv@962513062;104;76;104
@20260609_103407_446_fins.csv@962563279;104;76;104
@20260609_103407_446_fins.csv@962623205;104;76;104
@20260609_103407_446_fins.csv@962673070;104;76;104
@20260609_103407_446_fins.csv@962732997;104;76;104
@20260609_103407_446_fins.csv@962783272;104;76;104
@20260609_103407_446_fins.csv@962843252;103;76;104
@20260609_103407_446_fins.csv@962903181;104;76;104
@20260609_103407_446_fins.csv@962964747;103;76;104
@20260609_103407_446_fins.csv@963060484;104;76;104
@20260609_103407_446_fins.csv@963113022;103;76;104
@20260609_103407_446_fins.csv@963172962;104;76;104
@20260609_103407_446_fins.csv@963233102;103;76;104
@20260609_103407_446_fins.csv@963286549;104;76;104
@20260609_103407_446_fins.csv@963343284;104;76;104
@20260609_103407_446_fins.csv@963396416;103;76;104
@20260609_103407_446_fins.csv@963452973;104;76;104
@20260609_103407_446_fins.csv@963504776;104;76;104
@20260609_103407_446_fins.csv@963563266;104;76;104
@20260609_103407_446_fins.csv@963614559;104;76;104
@20260609_103407_446_fins.csv@963672996;103;76;104
@20260609_103407_446_fins.csv@963724535;104;76;104
@20260609_103407_446_fins.csv@963783214;104;76;104
@20260609_103407_446_fins.csv@963834550;104;76;104
@20260609_103407_446_fins.csv@963893121;103;76;104
@20260609_103407_446_fins.csv@963944576;103;76;104
@20260609_103407_446_fins.csv@964003134;103;76;104
@20260609_103407_446_fins.csv@964054556;103;76;104
@20260609_103407_446_fins.csv@964126534;103;76;104
@20260609_103407_446_fins.csv@964183258;103;76;104
@20260609_103407_446_fins.csv@964243308;104;76;104
@20260609_103407_446_fins.csv@964303296;104;76;104
@20260609_103407_446_fins.csv@964356083;103;76;104
@20260609_103407_446_fins.csv@964412972;103;76;104
@20260609_103407_446_fins.csv@964466483;103;76;104
@20260609_103407_446_fins.csv@964523197;103;76;104
@20260609_103407_446_fins.csv@964574785;104;76;104
@20260609_103407_446_fins.csv@964633061;104;76;104
@20260609_103407_446_fins.csv@964684572;103;76;104
@20260609_103407_446_fins.csv@964743190;104;76;104
@20260609_103407_446_fins.csv@964794543;103;76;104
@20260609_103407_446_fins.csv@964853026;104;76;104
@20260609_103407_446_fins.csv@964904510;103;76;104
@20260609_103407_446_fins.csv@964963285;104;76;104
@20260609_103407_446_fins.csv@965023144;103;76;104
@20260609_103407_446_fins.csv@965083160;104;76;104
@20260609_103407_446_fins.csv@965188146;104;76;104
@20260609_103407_446_fins.csv@965243289;103;76;104
@20260609_103407_446_fins.csv@965294569;103;76;104
@20260609_103407_446_fins.csv@965353038;104;76;104
@20260609_103407_446_fins.csv@965404625;103;76;104
@20260609_103407_446_fins.csv@965463219;104;76;104
@20260609_103407_446_fins.csv@965514452;103;76;104
@20260609_103407_446_fins.csv@965573044;104;76;104
@20260609_103407_446_fins.csv@965626033;103;76;104
@20260609_103407_446_fins.csv@965683282;104;76;104
@20260609_103407_446_fins.csv@965735891;104;76;104
@20260609_103407_446_fins.csv@965792993;104;76;104
@20260609_103407_446_fins.csv@965844765;104;76;104
@20260609_103407_446_fins.csv@965903198;103;76;104
@20260609_103407_446_fins.csv@965954552;104;76;104
@20260609_103407_446_fins.csv@966013101;103;76;104
@20260609_103407_446_fins.csv@966064552;104;76;104
@20260609_103407_446_fins.csv@966123216;103;76;104
@20260609_103407_446_fins.csv@966174512;104;76;104
@20260609_103407_446_fins.csv@966247978;104;76;104
@20260609_103407_446_fins.csv@966303282;104;76;104
@20260609_103407_446_fins.csv@966363258;103;76;104
@20260609_103407_446_fins.csv@966423156;104;76;104
@20260609_103407_446_fins.csv@966476012;103;76;104
@20260609_103407_446_fins.csv@966532965;103;76;104
@20260609_103407_446_fins.csv@966586421;103;76;104
@20260609_103407_446_fins.csv@966643195;104;76;104
@20260609_103407_446_fins.csv@966694658;104;76;104
@20260609_103407_446_fins.csv@966753009;103;76;104
@20260609_103407_446_fins.csv@966804545;103;76;104
@20260609_103407_446_fins.csv@966863262;104;76;104
@20260609_103407_446_fins.csv@966914575;104;76;104
@20260609_103407_446_fins.csv@966972930;104;76;104
@20260609_103407_446_fins.csv@967024543;103;76;104
@20260609_103407_446_fins.csv@967083275;103;76;104
@20260609_103407_446_fins.csv@967143107;104;76;104
@20260609_103407_446_fins.csv@967203247;104;76;104
@20260609_103407_446_fins.csv@967318354;104;76;104
@20260609_103407_446_fins.csv@967373020;104;76;104
@20260609_103407_446_fins.csv@967434637;104;76;104
@20260609_103407_446_fins.csv@967492963;103;76;104
@20260609_103407_446_fins.csv@967553133;104;76;104
@20260609_103407_446_fins.csv@967613023;103;76;104
@20260609_103407_446_fins.csv@967672876;103;76;104
@20260609_103407_446_fins.csv@967733022;104;76;104
@20260609_103407_446_fins.csv@967792958;104;76;104
@20260609_103407_446_fins.csv@967854626;103;76;104
@20260609_103407_446_fins.csv@967913080;103;76;104
@20260609_103407_446_fins.csv@967973070;103;76;104
@20260609_103407_446_fins.csv@968032988;104;76;104
@20260609_103407_446_fins.csv@968092935;104;76;104
@20260609_103407_446_fins.csv@968153021;103;76;104
@20260609_103407_446_fins.csv@968212982;104;76;104
@20260609_103407_446_fins.csv@968274557;103;76;104
@20260609_103407_446_fins.csv@968389111;104;76;104
@20260609_103407_446_fins.csv@968443208;103;76;104
@20260609_103407_446_fins.csv@968503247;104;76;104
@20260609_103407_446_fins.csv@968563299;104;76;104
@20260609_103407_446_fins.csv@968616236;103;76;104
@20260609_103407_446_fins.csv@968673045;103;76;104
@20260609_103407_446_fins.csv@968726045;104;76;104
@20260609_103407_446_fins.csv@968783168;104;76;104
@20260609_103407_446_fins.csv@968834747;104;76;104
@20260609_103407_446_fins.csv@968892962;104;76;104
@20260609_103407_446_fins.csv@968944501;104;76;104
@20260609_103407_446_fins.csv@969003181;104;76;104
@20260609_103407_446_fins.csv@969054496;104;76;104
@20260609_103407_446_fins.csv@969112994;104;76;104
@20260609_103407_446_fins.csv@969164548;104;76;104
@20260609_103407_446_fins.csv@969223319;104;76;104
@20260609_103407_446_fins.csv@969274565;103;76;104
@20260609_103407_446_fins.csv@969332950;104;76;104
@20260609_103407_446_fins.csv@969450865;103;76;104
@20260609_103407_446_fins.csv@969503133;103;76;104
@20260609_103407_446_fins.csv@969563195;103;76;104
@20260609_103407_446_fins.csv@969623251;104;76;104
@20260609_103407_446_fins.csv@969675645;104;76;104
@20260609_103407_446_fins.csv@969733001;104;76;104
@20260609_103407_446_fins.csv@969786045;103;76;104
@20260609_103407_446_fins.csv@969843168;104;76;104
@20260609_103407_446_fins.csv@969895892;104;76;104
@20260609_103407_446_fins.csv@969952945;103;76;104
@20260609_103407_446_fins.csv@970013141;104;76;104
@20260609_103407_446_fins.csv@970073162;104;76;104
@20260609_103407_446_fins.csv@970133002;103;76;104
@20260609_103407_446_fins.csv@970192970;104;76;104
@20260609_103407_446_fins.csv@970244460;103;76;104
@20260609_103407_446_fins.csv@970303224;104;76;104
@20260609_103407_446_fins.csv@970354540;103;76;104
@20260609_103407_446_fins.csv@970412956;104;76;104
@20260609_103407_446_fins.csv@970514804;104;76;104
@20260609_103407_446_fins.csv@970573158;103;76;104
@20260609_103407_446_fins.csv@970624456;104;76;104
@20260609_103407_446_fins.csv@970683274;103;76;104
@20260609_103407_446_fins.csv@970736116;104;76;104
@20260609_103407_446_fins.csv@970793008;104;76;104
@20260609_103407_446_fins.csv@970846177;104;76;104
@20260609_103407_446_fins.csv@970903142;104;76;104
@20260609_103407_446_fins.csv@970954710;103;76;104
@20260609_103407_446_fins.csv@971013001;103;76;104
@20260609_103407_446_fins.csv@971064952;103;76;104
@20260609_103407_446_fins.csv@971123258;103;76;104
@20260609_103407_446_fins.csv@971174852;104;76;104
@20260609_103407_446_fins.csv@971232953;104;76;104
@20260609_103407_446_fins.csv@971284942;103;76;104
@20260609_103407_446_fins.csv@971343360;103;76;104
@20260609_103407_446_fins.csv@971394931;103;76;104
@20260609_103407_446_fins.csv@971452974;104;76;104
@20260609_103407_446_fins.csv@971512896;104;76;104
@20260609_103407_446_fins.csv@971590272;104;76;104
@20260609_103407_446_fins.csv@971643360;103;76;104
@20260609_103407_446_fins.csv@971703214;103;76;104
@20260609_103407_446_fins.csv@971763289;104;76;104
@20260609_103407_446_fins.csv@971815952;104;76;104
@20260609_103407_446_fins.csv@971872962;103;76;104
@20260609_103407_446_fins.csv@971926420;104;76;104
@20260609_103407_446_fins.csv@971983266;103;76;104
@20260609_103407_446_fins.csv@972034830;104;76;104
@20260609_103407_446_fins.csv@972092985;104;76;104
@20260609_103407_446_fins.csv@972144575;104;76;104
@20260609_103407_446_fins.csv@972203311;104;76;104
@20260609_103407_446_fins.csv@972254514;103;76;104
@20260609_103407_446_fins.csv@972312950;103;76;104
@20260609_103407_446_fins.csv@972364549;103;76;104
@20260609_103407_446_fins.csv@972423218;104;76;104
@20260609_103407_446_fins.csv@972474571;104;76;104
@20260609_103407_446_fins.csv@972532930;103;76;104
@20260609_103407_446_fins.csv@972650790;104;76;104
@20260609_103407_446_fins.csv@972703240;103;76;104
@20260609_103407_446_fins.csv@972754563;104;76;104
@20260609_103407_446_fins.csv@972813051;104;76;104
@20260609_103407_446_fins.csv@972864789;104;76;104
@20260609_103407_446_fins.csv@972923250;103;76;104
@20260609_103407_446_fins.csv@972976007;103;76;104
@20260609_103407_446_fins.csv@973033014;104;76;104
@20260609_103407_446_fins.csv@973098794;104;76;104
@20260609_103407_446_fins.csv@973153288;104;76;104
@20260609_103407_446_fins.csv@973212211;104;76;104
@20260609_103407_446_fins.csv@973272286;104;76;104
@20260609_103407_446_fins.csv@973322460;104;76;104
@20260609_103407_446_fins.csv@973382473;104;76;104
@20260609_103407_446_fins.csv@973432307;103;76;104
@20260609_103407_446_fins.csv@973492281;104;76;104
@20260609_103407_446_fins.csv@973542443;104;76;104
@20260609_103407_446_fins.csv@973602486;103;76;104
@20260609_103407_446_fins.csv@973770581;104;76;104
@20260609_103407_446_fins.csv@973823289;104;76;104
@20260609_103407_446_fins.csv@973883259;104;76;104
@20260609_103407_446_fins.csv@973943231;103;76;104
@20260609_103407_446_fins.csv@973996525;104;76;104
@20260609_103407_446_fins.csv@974053074;103;76;104
@20260609_103407_446_fins.csv@974106468;104;76;104
@20260609_103407_446_fins.csv@974163223;103;76;104
@20260609_103407_446_fins.csv@974214902;104;76;104
@20260609_103407_446_fins.csv@974272979;104;76;104
@20260609_103407_446_fins.csv@974324672;104;76;104
@20260609_103407_446_fins.csv@974383247;103;76;104
@20260609_103407_446_fins.csv@974434622;104;76;104
@20260609_103407_446_fins.csv@974493044;103;76;104
@20260609_103407_446_fins.csv@974544475;104;76;104
@20260609_103407_446_fins.csv@974603283;104;76;104
@20260609_103407_446_fins.csv@974654540;103;76;104
@20260609_103407_446_fins.csv@974713027;104;76;104
@20260609_103407_446_fins.csv@974772989;104;76;104
@20260609_103407_446_fins.csv@974904297;104;76;104
@20260609_103407_446_fins.csv@974963340;104;76;104
@20260609_103407_446_fins.csv@975015657;104;76;104
@20260609_103407_446_fins.csv@975073119;104;76;104
@20260609_103407_446_fins.csv@975125708;103;76;104
@20260609_103407_446_fins.csv@975183250;103;76;104
@20260609_103407_446_fins.csv@975235510;104;76;104
@20260609_103407_446_fins.csv@975293068;103;76;104
@20260609_103407_446_fins.csv@975345611;104;76;104
@20260609_103407_446_fins.csv@975403216;104;76;104
@20260609_103407_446_fins.csv@975463247;103;76;104
@20260609_103407_446_fins.csv@975523389;104;76;104
@20260609_103407_446_fins.csv@975573026;103;76;104
@20260609_103407_446_fins.csv@975633059;104;76;104
@20260609_103407_446_fins.csv@975683411;103;76;104
@20260609_103407_446_fins.csv@975743312;104;76;104
@20260609_103407_446_fins.csv@975803153;104;76;104
@20260609_103407_446_fins.csv@975864766;76;104;104
@20260609_103407_446_fins.csv@976025323;135;45;135
@20260609_103407_446_fins.csv@976083317;135;45;135
@20260609_103407_446_fins.csv@976135779;78;100;135
@20260609_103407_446_fins.csv@976193012;79;101;135
@20260609_103407_446_fins.csv@976245836;80;98;135
@20260609_103407_446_fins.csv@976303279;80;98;131
@20260609_103407_446_fins.csv@976355572;83;97;135
@20260609_103407_446_fins.csv@976413052;84;96;135
@20260609_103407_446_fins.csv@976473266;85;93;135
@20260609_103407_446_fins.csv@976532991;86;94;135
@20260609_103407_446_fins.csv@976583240;86;94;135
@20260609_103407_446_fins.csv@976643292;87;93;135
@20260609_103407_446_fins.csv@976692974;87;91;134
@20260609_103407_446_fins.csv@976753098;88;92;135
@20260609_103407_446_fins.csv@976803305;88;90;135
@20260609_103407_446_fins.csv@976863339;89;91;135
@20260609_103407_446_fins.csv@976913112;88;90;135
@20260609_103407_446_fins.csv@976973009;89;91;135
@20260609_103407_446_fins.csv@977144547;88;90;128
@20260609_103407_446_fins.csv@977203292;89;91;122
@20260609_103407_446_fins.csv@977255531;89;89;127
@20260609_103407_446_fins.csv@977313042;90;90;135
@20260609_103407_446_fins.csv@977373191;88;90;133
@20260609_103407_446_fins.csv@977433116;90;90;124
@20260609_103407_446_fins.csv@977483187;89;91;128
@20260609_103407_446_fins.csv@977543276;90;90;135
@20260609_103407_446_fins.csv@977593218;89;89;128
@20260609_103407_446_fins.csv@977652964;89;89;135
@20260609_103407_446_fins.csv@977713023;90;90;135
@20260609_103407_446_fins.csv@977765279;90;90;135
@20260609_103407_446_fins.csv@977823218;90;90;135
@20260609_103407_446_fins.csv@977876984;89;89;134
@20260609_103407_446_fins.csv@977933068;89;91;130
@20260609_103407_446_fins.csv@977986762;89;89;135
@20260609_103407_446_fins.csv@978043183;90;90;134
@20260609_103407_446_fins.csv@978095126;90;90;135
@20260609_103407_446_fins.csv@978266191;89;89;133
@20260609_103407_446_fins.csv@978314757;90;90;135
@20260609_103407_446_fins.csv@978365239;90;90;131
@20260609_103407_446_fins.csv@978423298;90;90;128
@20260609_103407_446_fins.csv@978477159;89;89;128
@20260609_103407_446_fins.csv@978533048;89;89;135
@20260609_103407_446_fins.csv@978586721;90;90;135
@20260609_103407_446_fins.csv@978643320;89;89;135
@20260609_103407_446_fins.csv@978695187;90;90;134
@20260609_103407_446_fins.csv@978753079;89;89;135
@20260609_103407_446_fins.csv@978804649;89;89;127
@20260609_103407_446_fins.csv@978863316;90;90;122
@20260609_103407_446_fins.csv@978914537;90;90;130
@20260609_103407_446_fins.csv@978973009;89;89;131
@20260609_103407_446_fins.csv@979024659;90;90;131
@20260609_103407_446_fins.csv@979083320;90;90;125
@20260609_103407_446_fins.csv@979134739;90;90;125
@20260609_103407_446_fins.csv@979193051;89;89;131
@20260609_103407_446_fins.csv@979244575;89;89;135
@20260609_103407_446_fins.csv@979386602;89;91;130
@20260609_103407_446_fins.csv@979443372;90;90;121
@20260609_103407_446_fins.csv@979495763;90;90;125
@20260609_103407_446_fins.csv@979553120;90;90;135
@20260609_103407_446_fins.csv@979613233;90;90;135
@20260609_103407_446_fins.csv@979673047;89;89;135
@20260609_103407_446_fins.csv@979723303;89;89;135
@20260609_103407_446_fins.csv@979783222;89;89;135
@20260609_103407_446_fins.csv@979833042;90;90;130
@20260609_103407_446_fins.csv@979892980;90;90;135
@20260609_103407_446_fins.csv@979953030;89;89;128
@20260609_103407_446_fins.csv@980013107;90;90;127
@20260609_103407_446_fins.csv@980072993;90;90;121
@20260609_103407_446_fins.csv@980126894;89;89;124
@20260609_103407_446_fins.csv@980183217;89;91;124
@20260609_103407_446_fins.csv@980236763;90;90;125
@20260609_103407_446_fins.csv@980284728;89;89;127
@20260609_103407_446_fins.csv@980335637;90;90;122
@20260609_103407_446_fins.csv@980506976;90;90;118
@20260609_103407_446_fins.csv@980563356;89;91;119
@20260609_103407_446_fins.csv@980615539;89;89;130
@20260609_103407_446_fins.csv@980664797;89;89;124
@20260609_103407_446_fins.csv@980717188;90;90;121
@20260609_103407_446_fins.csv@980773022;90;90;128
@20260609_103407_446_fins.csv@980826827;90;90;124
@20260609_103407_446_fins.csv@980883338;89;89;124
@20260609_103407_446_fins.csv@980936718;90;90;125
@20260609_103407_446_fins.csv@980993094;89;91;119
@20260609_103407_446_fins.csv@981045078;90;90;124
@20260609_103407_446_fins.csv@981094620;88;90;121
@20260609_103407_446_fins.csv@981146760;89;91;122
@20260609_103407_446_fins.csv@981203264;90;90;121
@20260609_103407_446_fins.csv@981255094;90;90;121
@20260609_103407_446_fins.csv@981312974;89;89;127
@20260609_103407_446_fins.csv@981364770;90;90;121
@20260609_103407_446_fins.csv@981423279;90;90;113
@20260609_103407_446_fins.csv@981474629;89;89;112
@20260609_103407_446_fins.csv@981630257;89;89;116
@20260609_103407_446_fins.csv@981683203;90;90;119
@20260609_103407_446_fins.csv@981735351;90;90;121
@20260609_103407_446_fins.csv@981793110;90;90;121
@20260609_103407_446_fins.csv@981846768;90;90;122
@20260609_103407_446_fins.csv@981894743;89;91;128
@20260609_103407_446_fins.csv@981944886;88;90;122
@20260609_103407_446_fins.csv@982003534;90;90;121
@20260609_103407_446_fins.csv@982056827;89;89;127
@20260609_103407_446_fins.csv@982113357;90;90;122
@20260609_103407_446_fins.csv@982166784;89;89;115
@20260609_103407_446_fins.csv@982223481;90;90;118
@20260609_103407_446_fins.csv@982275216;90;90;116
@20260609_103407_446_fins.csv@982333328;90;90;118
@20260609_103407_446_fins.csv@982384939;90;90;125
@20260609_103407_446_fins.csv@982443524;89;89;121
@20260609_103407_446_fins.csv@982494841;90;90;115
@20260609_103407_446_fins.csv@982553320;90;90;115
@20260609_103407_446_fins.csv@982604876;90;90;121
@20260609_103407_446_fins.csv@982747759;90;90;127
@20260609_103407_446_fins.csv@982803608;89;91;127
@20260609_103407_446_fins.csv@982855893;90;90;122
@20260609_103407_446_fins.csv@982913349;89;89;122
@20260609_103407_446_fins.csv@982966057;90;90;128
@20260609_103407_446_fins.csv@983014952;89;89;127
@20260609_103407_446_fins.csv@983075003;89;89;122
@20260609_103407_446_fins.csv@983133370;90;90;119
@20260609_103407_446_fins.csv@983185088;90;90;124
@20260609_103407_446_fins.csv@983243624;89;89;127
@20260609_103407_446_fins.csv@983303662;90;90;125
@20260609_103407_446_fins.csv@983363503;90;90;119
@20260609_103407_446_fins.csv@983413336;88;90;119
@20260609_103407_446_fins.csv@983473318;90;90;110
@20260609_103407_446_fins.csv@983523486;90;90;115
@20260609_103407_446_fins.csv@983583623;88;90;112
@20260609_103407_446_fins.csv@983643511;90;90;110
@20260609_103407_446_fins.csv@983703581;90;90;110
@20260609_103407_446_fins.csv@983867728;89;91;107
@20260609_103407_446_fins.csv@983923549;90;90;110
@20260609_103407_446_fins.csv@983976500;89;89;119
@20260609_103407_446_fins.csv@984033357;89;89;115
@20260609_103407_446_fins.csv@984086644;89;89;122
@20260609_103407_446_fins.csv@984143464;90;90;125
@20260609_103407_446_fins.csv@984196481;90;90;112
@20260609_103407_446_fins.csv@984253368;89;89;116
@20260609_103407_446_fins.csv@984304917;89;89;115
@20260609_103407_446_fins.csv@984363508;90;90;116
@20260609_103407_446_fins.csv@984414790;89;89;121
@20260609_103407_446_fins.csv@984473359;90;90;113
@20260609_103407_446_fins.csv@984525018;89;91;124
@20260609_103407_446_fins.csv@984583493;90;90;113
@20260609_103407_446_fins.csv@984635195;89;89;107
@20260609_103407_446_fins.csv@984693442;89;89;110
@20260609_103407_446_fins.csv@984744908;89;89;112
@20260609_103407_446_fins.csv@984803665;90;90;106
@20260609_103407_446_fins.csv@984863523;90;90;103
@20260609_103407_446_fins.csv@984999533;90;90;107
@20260609_103407_446_fins.csv@985053354;90;90;110
@20260609_103407_446_fins.csv@985113302;90;90;115
@20260609_103407_446_fins.csv@985173336;90;90;116
@20260609_103407_446_fins.csv@985225886;88;90;112
@20260609_103407_446_fins.csv@985283555;89;89;107
@20260609_103407_446_fins.csv@985335910;90;90;116
@20260609_103407_446_fins.csv@985393396;88;90;121
@20260609_103407_446_fins.csv@985549910;90;90;118
@20260609_103407_446_fins.csv@985603420;90;90;90
@20260609_103407_446_fins.csv@985663452;90;90;90
@20260609_103407_446_fins.csv@985723422;90;90;90
@20260609_103407_446_fins.csv@985775501;90;90;90
@20260609_103407_446_fins.csv@985833274;90;90;90
@20260609_103407_446_fins.csv@985885901;90;90;90
@20260609_103407_446_fins.csv@985943393;90;90;90
@20260609_103407_446_fins.csv@986078397;90;90;90
@20260609_103407_446_fins.csv@986133215;90;90;90
@20260609_103407_446_fins.csv@986193139;90;90;90
@20260609_103407_446_fins.csv@986253190;90;90;90
@20260609_103407_446_fins.csv@986313175;90;90;90
@20260609_103407_446_fins.csv@986373151;90;90;90
@20260609_103407_446_fins.csv@986424977;90;90;90
@20260609_103407_446_fins.csv@986483298;90;90;90
@20260609_103407_446_fins.csv@986535199;90;90;90
@20260609_103407_446_fins.csv@986593084;90;90;90
@20260609_103407_446_fins.csv@986645250;90;90;90
@20260609_103407_446_fins.csv@986703444;90;90;90
@20260609_103407_446_flight.csv@uptime;stage;active;airspeed;fin_cap;roll_sp;pitch_sp;heading_err;roll_cmd;pitch_cmd;yaw_cmd;wind_speed;wind_from
@20260609_103407_446_flight.csv@926852322;1;0;0.0;14;0;0;0;0;0;0;0.0;0
@20260609_103407_446_flight.csv@926955194;1;0;0.0;14;0;0;0;0;0;0;0.0;0
@20260609_103407_446_flight.csv@927061041;2;1;0.0;14;0;0;0;0;0;0;0.0;0
@20260609_103407_446_flight.csv@927165258;2;1;0.0;14;0;0;0;0;0;0;0.0;0
@20260609_103407_446_flight.csv@927271035;2;1;0.0;14;0;0;0;0;0;0;0.0;0
@20260609_103407_446_flight.csv@927375252;2;1;0.0;14;0;0;0;0;0;0;0.0;0
@20260609_103407_446_flight.csv@927485370;2;1;0.0;14;0;0;0;0;0;0;0.0;0
@20260609_103407_446_flight.csv@927595214;2;1;0.0;14;0;0;0;0;0;0;0.0;0
@20260609_103407_446_flight.csv@927701137;2;1;0.0;14;0;0;0;0;0;0;0.0;0
@20260609_103407_446_flight.csv@927810952;2;1;0.0;14;0;0;0;0;0;0;0.0;0
@20260609_103407_446_flight.csv@927920942;2;1;0.0;14;0;0;0;0;0;0;0.0;0
@20260609_103407_446_flight.csv@928030977;2;1;0.0;14;0;0;0;0;0;0;0.0;0
@20260609_103407_446_flight.csv@928140970;2;1;0.0;14;0;0;0;0;0;0;0.0;0
@20260609_103407_446_flight.csv@928250953;2;1;0.0;14;0;0;0;0;0;0;0.0;0
@20260609_103407_446_flight.csv@928360952;2;1;0.0;14;0;0;0;0;0;0;0.0;0
@20260609_103407_446_flight.csv@928471070;2;1;0.0;14;0;0;0;0;0;0;0.0;0
@20260609_103407_446_flight.csv@928580946;2;1;0.0;14;0;0;0;0;0;0;0.0;0
@20260609_103407_446_flight.csv@928690944;2;1;0.0;14;0;0;0;0;0;0;0.0;0
@20260609_103407_446_flight.csv@928800959;2;1;0.0;14;0;0;0;0;0;0;0.0;0
@20260609_103407_446_flight.csv@928913655;2;1;0.0;14;0;0;0;0;0;0;0.0;0
@20260609_103407_446_flight.csv@929023778;2;1;0.0;14;0;0;0;0;0;0;0.0;0
@20260609_103407_446_flight.csv@929133682;2;1;0.0;14;0;0;0;0;0;0;0.0;0
@20260609_103407_446_flight.csv@929243741;2;1;0.0;14;0;0;0;0;0;0;0.0;0
@20260609_103407_446_flight.csv@929353636;2;1;0.0;14;0;0;0;0;0;0;0.0;0
@20260609_103407_446_flight.csv@929463850;2;1;0.0;14;0;0;0;0;0;0;0.0;0
@20260609_103407_446_flight.csv@929573689;2;1;0.0;14;0;0;0;0;0;0;0.0;0
@20260609_103407_446_flight.csv@929683910;2;1;0.0;14;0;0;0;0;0;0;0.0;0
@20260609_103407_446_flight.csv@929793627;2;1;0.0;14;0;0;0;0;0;0;0.0;0
@20260609_103407_446_flight.csv@929903880;2;1;0.0;14;0;0;0;0;0;0;0.0;0
@20260609_103407_446_flight.csv@930013701;2;1;0.0;14;0;0;0;0;0;0;0.0;0
@20260609_103407_446_flight.csv@930123848;2;1;0.0;14;0;0;0;0;0;0;0.0;0
@20260609_103407_446_flight.csv@930233732;2;1;0.0;14;0;0;0;0;0;0;0.0;0
@20260609_103407_446_flight.csv@930343848;2;1;0.0;14;0;0;0;0;0;0;0.0;0
@20260609_103407_446_flight.csv@930453724;2;1;0.0;14;0;0;0;0;0;0;0.0;0
@20260609_103407_446_flight.csv@930563794;2;1;0.0;14;0;0;0;0;0;0;0.0;0
@20260609_103407_446_flight.csv@930673722;2;1;0.0;14;0;0;0;0;0;0;0.0;0
@20260609_103407_446_flight.csv@930783856;2;1;0.0;14;0;0;0;0;0;0;0.0;0
@20260609_103407_446_flight.csv@930894120;2;1;0.0;14;0;0;0;0;0;0;0.0;0
@20260609_103407_446_flight.csv@931003712;2;1;0.0;14;0;0;0;0;0;0;0.0;0
@20260609_103407_446_flight.csv@931110964;2;1;0.0;14;0;0;0;0;0;0;0.0;0
@20260609_103407_446_flight.csv@931220954;2;1;0.0;14;0;0;0;0;0;0;0.0;0
@20260609_103407_446_flight.csv@931334865;2;1;0.0;14;0;0;0;0;0;0;0.0;0
@20260609_103407_446_flight.csv@931445168;2;1;0.0;14;0;0;0;0;0;0;0.0;0
@20260609_103407_446_flight.csv@931555004;2;1;0.0;14;0;0;0;0;0;0;0.0;0
@20260609_103407_446_flight.csv@931665211;2;1;0.0;14;0;0;0;0;0;0;0.0;0
@20260609_103407_446_flight.csv@931775042;2;1;0.0;14;0;0;0;0;0;0;0.0;0
@20260609_103407_446_flight.csv@931885249;2;1;0.0;14;0;0;0;0;0;0;0.0;0
@20260609_103407_446_flight.csv@931991136;2;1;0.0;14;0;0;0;0;0;0;0.0;0
@20260609_103407_446_flight.csv@932100989;2;1;0.0;14;0;0;0;0;0;0;0.0;0
@20260609_103407_446_flight.csv@932210943;2;1;0.0;14;0;0;0;0;0;0;0.0;0
@20260609_103407_446_flight.csv@932323708;2;1;0.0;14;0;0;0;0;0;0;0.0;0
@20260609_103407_446_flight.csv@932430866;2;1;0.0;14;0;0;0;0;0;0;0.0;0
@20260609_103407_446_flight.csv@932540958;2;1;0.0;14;0;0;0;0;0;0;0.0;0
@20260609_103407_446_flight.csv@932656557;2;1;0.0;14;0;0;0;0;0;0;0.0;0
@20260609_103407_446_flight.csv@932766685;2;1;0.0;14;0;0;0;0;0;0;0.0;0
@20260609_103407_446_flight.csv@932879321;2;1;0.0;14;0;0;0;0;0;0;0.0;0
@20260609_103407_446_flight.csv@932982567;2;1;0.0;14;0;0;0;0;0;0;0.0;0
@20260609_103407_446_flight.csv@933092531;2;1;0.0;14;0;0;0;0;0;0;0.0;0
@20260609_103407_446_flight.csv@933202498;2;1;0.0;14;0;0;0;0;0;0;0.0;0
@20260609_103407_446_flight.csv@933311267;2;1;0.0;14;0;0;0;0;0;0;0.0;0
@20260609_103407_446_flight.csv@933420975;2;1;0.0;14;0;0;0;0;0;0;0.0;0
@20260609_103407_446_flight.csv@933530954;2;1;0.0;14;0;0;0;0;0;0;0.0;0
@20260609_103407_446_flight.csv@933640971;2;1;0.0;14;0;0;0;0;0;0;0.0;0
@20260609_103407_446_flight.csv@933750993;2;1;0.0;14;0;0;0;0;0;0;0.0;0
@20260609_103407_446_flight.csv@933860951;2;1;0.0;14;0;0;0;0;0;0;0.0;0
@20260609_103407_446_flight.csv@933976009;2;1;0.0;14;0;0;0;0;0;0;0.0;0
@20260609_103407_446_flight.csv@934080940;2;1;0.0;14;0;0;0;0;0;0;0.0;0
@20260609_103407_446_flight.csv@934195306;2;1;0.0;14;0;0;0;0;0;0;0.0;0
@20260609_103407_446_flight.csv@934300988;2;1;0.0;14;0;0;0;0;0;0;0.0;0
@20260609_103407_446_flight.csv@934410949;2;1;0.0;14;0;0;0;0;0;0;0.0;0
@20260609_103407_446_flight.csv@934524012;2;1;0.0;14;0;0;0;0;0;0;0.0;0
@20260609_103407_446_flight.csv@934633813;2;1;0.0;14;0;0;0;0;0;0;0.0;0
@20260609_103407_446_flight.csv@934744066;2;1;0.0;14;0;0;0;0;0;0;0.0;0
@20260609_103407_446_flight.csv@934853878;2;1;0.0;14;0;0;0;0;0;0;0.0;0
@20260609_103407_446_flight.csv@934964026;2;1;0.0;14;0;0;0;0;0;0;0.0;0
@20260609_103407_446_flight.csv@935071162;2;1;0.0;14;0;0;0;0;0;0;0.0;0
@20260609_103407_446_flight.csv@935180973;2;1;0.0;14;0;0;0;0;0;0;0.0;0
@20260609_103407_446_flight.csv@935290957;2;1;0.0;14;0;0;0;0;0;0;0.0;0
@20260609_103407_446_flight.csv@935400936;2;1;0.0;14;0;0;0;0;0;0;0.0;0
@20260609_103407_446_flight.csv@935510965;2;1;0.0;14;0;0;0;0;0;0;0.0;0
@20260609_103407_446_flight.csv@935620951;2;1;0.0;14;0;0;0;0;0;0;0.0;0
@20260609_103407_446_flight.csv@935730944;2;1;0.0;14;0;0;0;0;0;0;0.0;0
@20260609_103407_446_flight.csv@935841097;2;1;0.0;14;0;0;0;0;0;0;0.0;0
@20260609_103407_446_flight.csv@935950963;2;1;0.0;14;0;0;0;0;0;0;0.0;0
@20260609_103407_446_flight.csv@936063150;2;1;0.0;14;0;0;0;0;0;0;0.0;0
@20260609_103407_446_flight.csv@936170972;2;1;0.0;14;0;0;0;0;0;0;0.0;0
@20260609_103407_446_flight.csv@936283696;2;1;0.0;14;0;0;0;0;0;0;0.0;0
@20260609_103407_446_flight.csv@936390857;2;1;0.0;14;0;0;0;0;0;0;0.0;0
@20260609_103407_446_flight.csv@936500952;2;1;0.0;14;0;0;0;0;0;0;0.0;0
@20260609_103407_446_flight.csv@936612476;2;1;0.0;14;0;0;0;0;0;0;0.0;0
@20260609_103407_446_flight.csv@936721218;2;1;0.0;14;0;0;0;0;0;0;0.0;0
@20260609_103407_446_flight.csv@936822509;2;1;0.0;14;0;0;0;0;0;0;0.0;0
@20260609_103407_446_flight.csv@936930867;2;1;0.0;14;0;0;0;0;0;0;0.0;0
@20260609_103407_446_flight.csv@937134644;2;1;0.0;14;0;0;0;0;0;0;0.0;0
@20260609_103407_446_flight.csv@937240821;3;1;0.0;14;2100;-600;14;14;0;14;13.5;210
@20260609_103407_446_flight.csv@937350951;3;1;0.0;14;2100;-600;14;14;-1;14;13.6;210
@20260609_103407_446_flight.csv@937462376;3;1;0.0;14;2100;-600;14;14;0;14;13.7;210
@20260609_103407_446_flight.csv@937570744;3;1;0.0;14;1950;-600;13;14;0;14;13.7;210
@20260609_103407_446_flight.csv@937680825;3;1;0.0;14;1800;-600;12;14;-1;14;13.8;211
@20260609_103407_446_flight.csv@937790849;3;1;0.0;14;1650;-600;11;14;0;14;13.8;211
@20260609_103407_446_flight.csv@937900830;3;1;0.0;14;1650;-600;11;14;0;14;13.8;211
@20260609_103407_446_flight.csv@938010821;3;1;0.0;14;1650;-600;11;14;0;14;13.8;211
@20260609_103407_446_flight.csv@938120827;3;1;0.0;14;1500;-600;10;14;-1;14;13.8;212
@20260609_103407_446_flight.csv@938234039;3;1;0.0;14;1500;-600;10;14;0;14;13.8;212
@20260609_103407_446_flight.csv@938340816;3;1;0.0;14;1350;-600;9;12;0;12;13.8;212
@20260609_103407_446_flight.csv@938450813;3;1;0.0;14;1350;-600;9;12;-1;12;13.9;213
@20260609_103407_446_flight.csv@938561016;3;1;0.0;14;1350;-600;9;12;0;12;13.9;214
@20260609_103407_446_flight.csv@938670828;3;1;0.0;14;1050;-600;7;7;-1;9;13.9;214
@20260609_103407_446_flight.csv@938780947;3;1;0.0;14;1050;-600;7;9;-1;9;13.9;215
@20260609_103407_446_flight.csv@938890800;3;1;0.0;14;900;-600;6;6;0;8;13.9;215
@20260609_103407_446_flight.csv@939000832;3;1;0.0;14;750;-600;5;5;0;7;13.9;216
@20260609_103407_446_flight.csv@939110802;3;1;0.0;14;900;-600;6;7;0;8;13.9;216
@20260609_103407_446_flight.csv@939225443;3;1;0.0;14;750;-600;5;6;0;7;13.9;217
@20260609_103407_446_flight.csv@939330807;3;1;0.0;14;600;-600;4;3;-1;5;13.9;218
@20260609_103407_446_flight.csv@939440832;3;1;0.0;14;450;-600;3;2;0;4;14.0;218
@20260609_103407_446_flight.csv@939550828;3;1;0.0;14;450;-600;3;2;0;4;13.9;219
@20260609_103407_446_flight.csv@939660844;3;1;0.0;14;450;-600;3;4;0;4;13.9;219
@20260609_103407_446_flight.csv@939770820;3;1;0.0;14;900;-600;6;11;0;8;13.9;219
@20260609_103407_446_flight.csv@939880804;3;1;0.0;14;1500;-600;10;14;-1;14;13.9;220
@20260609_103407_446_flight.csv@939991068;3;1;0.0;14;1800;-600;12;14;-1;14;14.0;220
@20260609_103407_446_flight.csv@940100802;3;1;0.0;14;2250;-600;15;14;-1;14;14.0;220
@20260609_103407_446_flight.csv@940239085;3;1;0.0;14;2550;-600;17;14;0;14;14.0;221
@20260609_103407_446_flight.csv@940340731;3;1;0.0;14;2700;-600;18;14;0;14;14.0;221
@20260609_103407_446_flight.csv@940454123;3;1;0.0;14;3000;-600;23;14;0;14;14.0;221
@20260609_103407_446_flight.csv@940560831;3;1;0.0;14;3000;-600;27;14;-1;14;13.9;222
@20260609_103407_446_flight.csv@940670846;3;1;0.0;14;3000;-600;30;14;-1;14;13.9;222
@20260609_103407_446_flight.csv@940780803;3;1;0.0;14;3000;-600;32;14;0;14;13.9;223
@20260609_103407_446_flight.csv@940890843;3;1;0.0;14;3000;-600;34;14;0;14;13.9;224
@20260609_103407_446_flight.csv@940995434;3;1;0.0;14;3000;-600;36;14;-1;14;13.9;224
@20260609_103407_446_flight.csv@941105735;3;1;0.0;14;3000;-600;39;14;0;14;14.0;225
@20260609_103407_446_flight.csv@941215481;3;1;0.0;14;3000;-600;40;14;0;14;14.0;225
@20260609_103407_446_flight.csv@941325597;3;1;0.0;14;3000;-600;42;14;0;14;14.0;226
@20260609_103407_446_flight.csv@941432478;3;1;0.0;14;3000;-600;46;14;0;14;14.0;227
@20260609_103407_446_flight.csv@941542444;3;1;0.0;14;3000;-600;47;14;-1;14;14.0;228
@20260609_103407_446_flight.csv@941650760;3;1;0.0;14;3000;-600;52;14;-1;14;14.0;228
@20260609_103407_446_flight.csv@941760861;3;1;0.0;14;3000;-600;54;14;0;14;14.0;229
@20260609_103407_446_flight.csv@941871186;3;1;0.0;14;3000;-600;56;14;0;14;13.9;230
@20260609_103407_446_flight.csv@941980821;3;1;0.0;14;3000;-600;59;14;-1;14;13.9;231
@20260609_103407_446_flight.csv@942095662;3;1;0.0;14;3000;-600;60;14;0;14;13.9;232
@20260609_103407_446_flight.csv@942205360;3;1;0.0;14;3000;-600;60;14;0;14;13.9;232
@20260609_103407_446_flight.csv@942310836;3;1;0.0;14;3000;-600;62;14;0;14;13.9;233
@20260609_103407_446_flight.csv@942414016;3;1;0.0;14;3000;-600;64;14;-1;14;14.0;233
@20260609_103407_446_flight.csv@942524198;3;1;0.0;14;3000;-600;67;14;0;14;14.0;234
@20260609_103407_446_flight.csv@942633707;3;1;0.0;14;3000;-600;69;14;0;14;13.9;235
@20260609_103407_446_flight.csv@942740846;3;1;0.0;14;3000;-600;69;14;-1;14;13.9;235
@20260609_103407_446_flight.csv@942850839;3;1;0.0;14;3000;-600;71;14;-1;14;13.9;236
@20260609_103407_446_flight.csv@942960835;3;1;0.0;14;3000;-600;73;14;0;14;14.0;237
@20260609_103407_446_flight.csv@943070862;3;1;0.0;14;3000;-600;73;14;0;14;14.0;237
@20260609_103407_446_flight.csv@943175636;3;1;0.0;14;3000;-600;73;14;0;14;14.0;238
@20260609_103407_446_flight.csv@943296834;3;1;0.0;14;3000;-600;71;14;-1;14;13.9;238
@20260609_103407_446_flight.csv@943400800;3;1;0.0;14;3000;-600;71;14;0;14;13.9;239
@20260609_103407_446_flight.csv@943511148;3;1;0.0;14;3000;-600;71;14;0;14;13.9;240
@20260609_103407_446_flight.csv@943620803;3;1;0.0;14;3000;-600;70;14;0;14;13.9;240
@20260609_103407_446_flight.csv@943730828;3;1;0.0;14;3000;-600;70;14;0;14;13.8;241
@20260609_103407_446_flight.csv@943840791;3;1;0.0;14;3000;-600;68;14;0;14;13.8;242
@20260609_103407_446_flight.csv@943950811;3;1;0.0;14;3000;-600;67;14;0;14;13.8;243
@20260609_103407_446_flight.csv@944062409;3;1;0.0;14;3000;-600;67;14;-1;14;13.9;244
@20260609_103407_446_flight.csv@944172399;3;1;0.0;14;3000;-600;125;14;0;14;13.9;245
@20260609_103407_446_flight.csv@944280754;3;1;0.0;14;3000;-600;147;14;-1;14;14.0;245
@20260609_103407_446_flight.csv@944382294;3;1;0.0;14;3000;-600;149;14;0;14;14.0;245
@20260609_103407_446_flight.csv@944491860;3;1;0.0;14;3000;-600;151;14;0;14;13.9;246
@20260609_103407_446_flight.csv@944592582;3;1;0.0;14;3000;-600;153;14;-1;14;13.9;247
@20260609_103407_446_flight.csv@944702500;3;1;0.0;14;3000;-600;153;14;0;14;13.9;248
@20260609_103407_446_flight.csv@944812473;3;1;0.0;14;3000;-600;153;14;0;14;14.0;248
@20260609_103407_446_flight.csv@944920725;3;1;0.0;14;3000;-600;151;14;-1;14;14.0;249
@20260609_103407_446_flight.csv@945030838;3;1;0.0;14;3000;-600;150;14;-1;14;13.9;250
@20260609_103407_446_flight.csv@945140829;3;1;0.0;14;3000;-600;149;14;0;14;14.0;251
@20260609_103407_446_flight.csv@945250846;3;1;0.0;14;3000;-600;149;14;-1;14;13.9;251
@20260609_103407_446_flight.csv@945360837;3;1;0.0;14;3000;-600;148;14;-1;14;14.0;252
@20260609_103407_446_flight.csv@945474434;3;1;0.0;14;3000;-600;147;14;-1;14;13.9;253
@20260609_103407_446_flight.csv@945580800;3;1;0.0;14;3000;-600;146;14;0;14;14.0;254
@20260609_103407_446_flight.csv@945684104;3;1;0.0;14;3000;-600;145;14;0;14;14.0;254
@20260609_103407_446_flight.csv@945790825;3;1;0.0;14;3000;-600;138;14;0;14;13.9;255
@20260609_103407_446_flight.csv@945895456;3;1;0.0;14;3000;-600;138;14;-1;14;13.9;256
@20260609_103407_446_flight.csv@946000954;3;1;0.0;14;3000;-600;139;14;-1;14;14.0;257
@20260609_103407_446_flight.csv@946104412;3;1;0.0;14;3000;-600;141;14;0;14;14.0;257
@20260609_103407_446_flight.csv@946210816;3;1;0.0;14;3000;-600;142;14;0;14;13.9;258
@20260609_103407_446_flight.csv@946315134;3;1;0.0;14;3000;-600;143;14;-1;14;13.9;259
@20260609_103407_446_flight.csv@946420877;3;1;0.0;14;3000;-600;141;14;-1;14;13.9;259
@20260609_103407_446_flight.csv@946531026;3;1;0.0;14;3000;-600;141;14;0;14;13.9;260
@20260609_103407_446_flight.csv@946640730;3;1;0.0;14;3000;-600;144;14;-1;14;14.0;261
@20260609_103407_446_flight.csv@946750845;3;1;0.0;14;3000;-600;143;14;0;14;14.0;261
@20260609_103407_446_flight.csv@946854172;3;1;0.0;14;3000;-600;142;14;-1;14;14.0;262
@20260609_103407_446_flight.csv@946960808;3;1;0.0;14;3000;-600;145;14;0;14;14.0;263
@20260609_103407_446_flight.csv@947061244;3;1;0.0;14;3000;-600;144;14;0;14;14.0;264
@20260609_103407_446_flight.csv@947162411;3;1;0.0;14;3000;-600;145;14;-1;14;14.0;264
@20260609_103407_446_flight.csv@947275700;3;1;0.0;14;3000;-600;145;14;-1;14;14.0;265
@20260609_103407_446_flight.csv@947380819;3;1;0.0;14;3000;-600;145;14;-1;14;13.9;266
@20260609_103407_446_flight.csv@947484715;3;1;0.0;14;3000;-600;146;14;-1;14;13.9;266
@20260609_103407_446_flight.csv@947590810;3;1;0.0;14;3000;-600;145;14;-1;14;13.9;267
@20260609_103407_446_flight.csv@947695426;3;1;0.0;14;3000;-600;147;14;-1;14;13.9;268
@20260609_103407_446_flight.csv@947800830;3;1;0.0;14;3000;-600;145;14;-1;14;13.8;269
@20260609_103407_446_flight.csv@947904360;3;1;0.0;14;3000;-600;145;14;0;14;13.9;269
@20260609_103407_446_flight.csv@948010782;3;1;0.0;14;3000;-600;146;14;0;14;13.9;270
@20260609_103407_446_flight.csv@948115756;3;1;0.0;14;3000;-600;144;14;-1;14;13.9;270
@20260609_103407_446_flight.csv@948220790;3;1;0.0;14;3000;-600;146;14;0;14;13.9;271
@20260609_103407_446_flight.csv@948324622;3;1;0.0;14;3000;-600;147;14;0;14;14.0;272
@20260609_103407_446_flight.csv@948447109;3;1;0.0;14;3000;-600;146;14;-1;14;13.9;272
@20260609_103407_446_flight.csv@948550827;3;1;0.0;14;3000;-600;145;14;0;14;14.0;273
@20260609_103407_446_flight.csv@948655116;3;1;0.0;14;3000;-600;146;14;-1;14;14.0;274
@20260609_103407_446_flight.csv@948760813;3;1;0.0;14;3000;-600;144;14;0;14;14.0;275
@20260609_103407_446_flight.csv@948870794;3;1;0.0;14;3000;-600;146;14;0;14;14.0;275
@20260609_103407_446_flight.csv@948980793;3;1;0.0;14;3000;-600;146;14;0;14;13.9;275
@20260609_103407_446_flight.csv@949090809;3;1;0.0;14;3000;-600;145;14;-1;14;14.0;277
@20260609_103407_446_flight.csv@949200801;3;1;0.0;14;3000;-600;145;14;-1;14;14.0;278
@20260609_103407_446_flight.csv@949310811;3;1;0.0;14;3000;-600;145;14;0;14;13.9;278
@20260609_103407_446_flight.csv@949420802;3;1;0.0;14;3000;-600;142;14;0;14;14.0;279
@20260609_103407_446_flight.csv@949534001;3;1;0.0;14;3000;-600;144;14;0;14;14.0;280
@20260609_103407_446_flight.csv@949645567;3;1;0.0;14;3000;-600;144;14;0;14;14.1;281
@20260609_103407_446_flight.csv@949755426;3;1;0.0;14;3000;-600;145;14;0;14;13.9;282
@20260609_103407_446_flight.csv@949860796;3;1;0.0;14;3000;-600;144;14;-1;14;13.9;282
@20260609_103407_446_flight.csv@949970791;3;1;0.0;14;3000;-600;145;14;-1;14;14.0;282
@20260609_103407_446_flight.csv@950080926;3;1;0.0;14;3000;-600;143;14;-1;14;14.0;283
@20260609_103407_446_flight.csv@950191031;3;1;0.0;14;3000;-600;144;14;0;14;14.1;284
@20260609_103407_446_flight.csv@950300827;3;1;0.0;14;3000;-600;143;14;0;14;14.0;284
@20260609_103407_446_flight.csv@950410819;3;1;0.0;14;3000;-600;143;14;0;14;13.9;286
@20260609_103407_446_flight.csv@950525379;3;1;0.0;14;3000;-600;145;14;-1;14;13.9;286
@20260609_103407_446_flight.csv@950632410;3;1;0.0;14;3000;-600;143;14;0;14;13.9;286
@20260609_103407_446_flight.csv@950743077;3;1;0.0;14;3000;-600;143;14;0;14;13.9;287
@20260609_103407_446_flight.csv@950852419;3;1;0.0;14;3000;-600;144;14;-1;14;14.0;288
@20260609_103407_446_flight.csv@950960750;3;1;0.0;14;3000;-600;144;14;0;14;14.0;289
@20260609_103407_446_flight.csv@951070817;3;1;0.0;14;3000;-600;143;14;-1;14;14.0;290
@20260609_103407_446_flight.csv@951180852;3;1;0.0;14;3000;-600;143;14;0;14;14.0;291
@20260609_103407_446_flight.csv@951290827;3;1;0.0;14;3000;-600;143;14;0;14;14.0;291
@20260609_103407_446_flight.csv@951400822;3;1;0.0;14;3000;-600;143;14;0;14;13.9;292
@20260609_103407_446_flight.csv@951535070;3;1;0.0;14;3000;-600;142;14;-1;14;13.9;292
@20260609_103407_446_flight.csv@951640831;3;1;0.0;14;3000;-600;140;14;-1;14;13.9;293
@20260609_103407_446_flight.csv@951750822;3;1;0.0;14;3000;-600;142;14;-1;14;13.9;294
@20260609_103407_446_flight.csv@951860833;3;1;0.0;14;3000;-600;145;14;0;14;13.9;295
@20260609_103407_446_flight.csv@951970779;3;1;0.0;14;3000;-600;142;14;0;14;13.9;295
@20260609_103407_446_flight.csv@952080806;3;1;0.0;14;3000;-600;140;14;-1;14;13.9;297
@20260609_103407_446_flight.csv@952190831;3;1;0.0;14;3000;-600;141;14;0;14;13.9;297
@20260609_103407_446_flight.csv@952300807;3;1;0.0;14;3000;-600;139;14;0;14;13.9;298
@20260609_103407_446_flight.csv@952410802;3;1;0.0;14;3000;-600;142;14;0;14;14.0;298
@20260609_103407_446_flight.csv@952520811;3;1;0.0;14;3000;-600;142;14;0;14;14.0;299
@20260609_103407_446_flight.csv@952625393;3;1;0.0;14;3000;-600;138;14;0;14;14.0;300
@20260609_103407_446_flight.csv@952730815;3;1;0.0;14;3000;-600;139;14;-1;14;14.0;301
@20260609_103407_446_flight.csv@952840843;3;1;0.0;14;3000;-600;139;14;-1;14;14.0;302
@20260609_103407_446_flight.csv@952950807;3;1;0.0;14;3000;-600;138;14;0;14;13.9;302
@20260609_103407_446_flight.csv@953061053;3;1;0.0;14;3000;-600;139;14;-1;14;13.9;303
@20260609_103407_446_flight.csv@953170911;3;1;0.0;14;3000;-600;140;14;-1;14;13.9;303
@20260609_103407_446_flight.csv@953280820;3;1;0.0;14;3000;-600;136;14;0;14;14.0;303
@20260609_103407_446_flight.csv@953390806;3;1;0.0;14;3000;-600;139;14;0;14;13.9;305
@20260609_103407_446_flight.csv@953500831;3;1;0.0;14;3000;-600;135;14;0;14;13.9;306
@20260609_103407_446_flight.csv@953609777;3;1;0.0;14;3000;-600;137;14;-1;14;13.9;307
@20260609_103407_446_flight.csv@953710788;3;1;0.0;14;3000;-600;135;14;0;14;13.9;307
@20260609_103407_446_flight.csv@953820838;3;1;0.0;14;3000;-600;137;14;0;14;13.9;308
@20260609_103407_446_flight.csv@953930819;3;1;0.0;14;3000;-600;138;14;0;14;13.9;308
@20260609_103407_446_flight.csv@954040783;3;1;0.0;14;3000;-600;135;14;0;14;13.9;309
@20260609_103407_446_flight.csv@954150825;3;1;0.0;14;3000;-600;137;14;0;14;13.9;310
@20260609_103407_446_flight.csv@954260800;3;1;0.0;14;3000;-600;135;14;0;14;14.0;310
@20260609_103407_446_flight.csv@954370819;3;1;0.0;14;3000;-600;136;14;0;14;14.0;311
@20260609_103407_446_flight.csv@954480822;3;1;0.0;14;3000;-600;136;14;0;14;13.9;312
@20260609_103407_446_flight.csv@954590819;3;1;0.0;14;3000;-600;134;14;-1;14;13.9;313
@20260609_103407_446_flight.csv@954695290;3;1;0.0;14;3000;-600;135;14;0;14;13.9;314
@20260609_103407_446_flight.csv@954800828;3;1;0.0;14;3000;-600;135;14;0;14;13.9;315
@20260609_103407_446_flight.csv@954910822;3;1;0.0;14;3000;-600;134;14;0;14;13.9;316
@20260609_103407_446_flight.csv@955020808;3;1;0.0;14;3000;-600;135;14;0;14;13.9;316
@20260609_103407_446_flight.csv@955131043;3;1;0.0;14;3000;-600;136;14;0;14;13.9;317
@20260609_103407_446_flight.csv@955240915;3;1;0.0;14;3000;-600;132;14;0;14;13.9;316
@20260609_103407_446_flight.csv@955350813;3;1;0.0;14;3000;-600;134;14;0;14;13.9;317
@20260609_103407_446_flight.csv@955460846;3;1;0.0;14;3000;-600;133;14;0;14;13.9;319
@20260609_103407_446_flight.csv@955570797;3;1;0.0;14;3000;-600;133;14;-1;14;13.9;319
@20260609_103407_446_flight.csv@955681525;3;1;0.0;14;3000;-600;132;14;-1;14;14.0;320
@20260609_103407_446_flight.csv@955795354;3;1;0.0;14;3000;-600;133;14;-1;14;13.9;321
@20260609_103407_446_flight.csv@955905680;3;1;0.0;14;3000;-600;134;14;0;14;13.9;322
@20260609_103407_446_flight.csv@956015198;3;1;0.0;14;3000;-600;131;14;-1;14;13.9;323
@20260609_103407_446_flight.csv@956120822;3;1;0.0;14;3000;-600;127;14;0;14;14.0;324
@20260609_103407_446_flight.csv@956230805;3;1;0.0;14;3000;-600;130;14;-1;14;14.0;325
@20260609_103407_446_flight.csv@956340805;3;1;0.0;14;3000;-600;133;14;0;14;13.9;325
@20260609_103407_446_flight.csv@956450794;3;1;0.0;14;3000;-600;130;14;0;14;14.0;326
@20260609_103407_446_flight.csv@956561013;3;1;0.0;14;3000;-600;129;14;0;14;14.0;325
@20260609_103407_446_flight.csv@956703778;3;1;0.0;14;3000;-600;127;14;0;14;13.9;327
@20260609_103407_446_flight.csv@956810811;3;1;0.0;14;3000;-600;128;14;0;14;13.9;328
@20260609_103407_446_flight.csv@956922553;3;1;0.0;14;3000;-600;128;14;0;14;13.9;328
@20260609_103407_446_flight.csv@957032416;3;1;0.0;14;3000;-600;131;14;-1;14;13.9;329
@20260609_103407_446_flight.csv@957140742;3;1;0.0;14;3000;-600;131;14;0;14;14.0;330
@20260609_103407_446_flight.csv@957250802;3;1;0.0;14;3000;-600;127;14;0;14;13.9;330
@20260609_103407_446_flight.csv@957360790;3;1;0.0;14;3000;-600;127;14;-1;14;14.0;331
@20260609_103407_446_flight.csv@957470788;3;1;0.0;14;3000;-600;130;14;0;14;13.9;332
@20260609_103407_446_flight.csv@957581006;3;1;0.0;14;3000;-600;131;14;0;14;13.9;333
@20260609_103407_446_flight.csv@957690806;3;1;0.0;14;3000;-600;127;14;0;14;14.0;333
@20260609_103407_446_flight.csv@957805643;3;1;0.0;14;3000;-600;126;14;0;14;14.0;334
@20260609_103407_446_flight.csv@957915117;3;1;0.0;14;3000;-600;129;14;0;14;14.0;334
@20260609_103407_446_flight.csv@958048666;3;1;0.0;14;3000;-600;126;14;-1;14;13.9;335
@20260609_103407_446_flight.csv@958154623;3;1;0.0;14;3000;-600;124;14;-1;14;14.0;336
@20260609_103407_446_flight.csv@958265025;3;1;0.0;14;3000;-600;123;14;0;14;14.0;336
@20260609_103407_446_flight.csv@958374957;3;1;0.0;14;3000;-600;124;14;-1;14;14.0;337
@20260609_103407_446_flight.csv@958480810;3;1;0.0;14;3000;-600;124;14;-1;14;14.0;338
@20260609_103407_446_flight.csv@958590835;3;1;0.0;14;3000;-600;127;14;0;14;14.0;339
@20260609_103407_446_flight.csv@958700836;3;1;0.0;14;3000;-600;123;14;-1;14;14.0;340
@20260609_103407_446_flight.csv@958810894;3;1;0.0;14;3000;-600;121;14;0;14;13.9;340
@20260609_103407_446_flight.csv@958920785;3;1;0.0;14;3000;-600;120;14;0;14;13.9;340
@20260609_103407_446_flight.csv@959030800;3;1;0.0;14;3000;-600;125;14;0;14;13.9;342
@20260609_103407_446_flight.csv@959140785;3;1;0.0;14;3000;-600;123;14;-1;14;13.9;343
@20260609_103407_446_flight.csv@959252534;3;1;0.0;14;3000;-600;124;14;0;14;13.9;344
@20260609_103407_446_flight.csv@959362417;3;1;0.0;14;3000;-600;121;14;0;14;13.9;344
@20260609_103407_446_flight.csv@959470704;3;1;0.0;14;3000;-600;121;14;-1;14;13.9;345
@20260609_103407_446_flight.csv@959580805;3;1;0.0;14;3000;-600;124;14;0;14;13.9;346
@20260609_103407_446_flight.csv@959690818;3;1;0.0;14;3000;-600;123;14;0;14;13.9;346
@20260609_103407_446_flight.csv@959800823;3;1;0.0;14;3000;-600;123;14;0;14;13.9;347
@20260609_103407_446_flight.csv@959904154;3;1;0.0;14;3000;-600;121;14;0;14;13.9;347
@20260609_103407_446_flight.csv@960010855;3;1;0.0;14;3000;-600;117;14;-1;14;13.9;348
@20260609_103407_446_flight.csv@960111185;3;1;0.0;14;3000;-600;116;14;0;14;13.9;349
@20260609_103407_446_flight.csv@960212447;3;1;0.0;14;3000;-600;118;14;-1;14;13.9;350
@20260609_103407_446_flight.csv@960320723;3;1;0.0;14;3000;-600;119;14;-1;14;13.9;351
@20260609_103407_446_flight.csv@960430810;3;1;0.0;14;3000;-600;120;14;0;14;13.9;351
@20260609_103407_446_flight.csv@960540809;3;1;0.0;14;3000;-600;114;14;0;14;13.9;353
@20260609_103407_446_flight.csv@960650787;3;1;0.0;14;3000;-600;119;14;-1;14;13.9;352
@20260609_103407_446_flight.csv@960760780;3;1;0.0;14;3000;-600;120;14;0;14;13.8;353
@20260609_103407_446_flight.csv@960864205;3;1;0.0;14;3000;-600;117;14;0;14;13.9;354
@20260609_103407_446_flight.csv@960970826;3;1;0.0;14;3000;-600;120;14;0;14;13.8;355
@20260609_103407_446_flight.csv@961084308;3;1;0.0;14;3000;-600;121;14;-1;14;13.8;355
@20260609_103407_446_flight.csv@961193925;3;1;0.0;14;3000;-600;120;14;0;14;13.8;356
@20260609_103407_446_flight.csv@961302951;3;1;0.0;14;3000;-600;119;14;-1;14;13.8;358
@20260609_103407_446_flight.csv@961410821;3;1;0.0;14;3000;-600;118;14;0;14;13.8;358
@20260609_103407_446_flight.csv@961515619;3;1;0.0;14;3000;-600;115;14;-1;14;13.8;359
@20260609_103407_446_flight.csv@961620815;3;1;0.0;14;3000;-600;117;14;0;14;13.9;0
@20260609_103407_446_flight.csv@961730799;3;1;0.0;14;3000;-600;114;14;0;14;13.9;0
@20260609_103407_446_flight.csv@961840832;3;1;0.0;14;3000;-600;112;14;-1;14;14.0;0
@20260609_103407_446_flight.csv@961995728;3;1;0.0;14;3000;-600;114;14;0;14;14.0;0
@20260609_103407_446_flight.csv@962100717;3;1;0.0;14;3000;-600;114;14;-1;14;14.0;1
@20260609_103407_446_flight.csv@962204421;3;1;0.0;14;3000;-600;109;14;0;14;14.0;1
@20260609_103407_446_flight.csv@962313832;3;1;0.0;14;3000;-600;108;14;0;14;13.9;3
@20260609_103407_446_flight.csv@962424188;3;1;0.0;14;3000;-600;112;14;-1;14;13.9;3
@20260609_103407_446_flight.csv@962530853;3;1;0.0;14;3000;-600;109;14;0;14;13.9;4
@20260609_103407_446_flight.csv@962642518;3;1;0.0;14;3000;-600;111;14;0;14;13.9;5
@20260609_103407_446_flight.csv@962752463;3;1;0.0;14;3000;-600;108;14;0;14;13.9;6
@20260609_103407_446_flight.csv@962860860;3;1;0.0;14;3000;-600;114;14;0;14;14.0;7
@20260609_103407_446_flight.csv@962967025;3;1;0.0;14;3000;-600;111;14;-1;14;14.0;8
@20260609_103407_446_flight.csv@963070810;3;1;0.0;14;3000;-600;115;14;0;14;14.0;7
@20260609_103407_446_flight.csv@963177010;3;1;0.0;14;3000;-600;111;14;0;14;14.0;7
@20260609_103407_446_flight.csv@963282477;3;1;0.0;14;3000;-600;110;14;0;14;13.9;9
@20260609_103407_446_flight.csv@963392422;3;1;0.0;14;3000;-600;111;14;-1;14;13.8;11
@20260609_103407_446_flight.csv@963500729;3;1;0.0;14;3000;-600;112;14;0;14;13.7;12
@20260609_103407_446_flight.csv@963610805;3;1;0.0;14;3000;-600;108;14;0;14;13.8;12
@20260609_103407_446_flight.csv@963720790;3;1;0.0;14;3000;-600;108;14;0;14;13.8;11
@20260609_103407_446_flight.csv@963830799;3;1;0.0;14;3000;-600;109;14;0;14;13.9;12
@20260609_103407_446_flight.csv@963940800;3;1;0.0;14;3000;-600;108;14;-1;14;13.9;13
@20260609_103407_446_flight.csv@964050809;3;1;0.0;14;3000;-600;104;14;-1;14;13.9;13
@20260609_103407_446_flight.csv@964154121;3;1;0.0;14;3000;-600;107;14;-1;14;13.9;14
@20260609_103407_446_flight.csv@964260799;3;1;0.0;14;3000;-600;104;14;0;14;14.0;15
@20260609_103407_446_flight.csv@964361119;3;1;0.0;14;3000;-600;107;14;-1;14;14.0;15
@20260609_103407_446_flight.csv@964462420;3;1;0.0;14;3000;-600;104;14;-1;14;14.0;16
@20260609_103407_446_flight.csv@964570722;3;1;0.0;14;3000;-600;109;14;0;14;14.0;17
@20260609_103407_446_flight.csv@964680823;3;1;0.0;14;3000;-600;107;14;-1;14;13.9;18
@20260609_103407_446_flight.csv@964790803;3;1;0.0;14;3000;-600;107;14;-1;14;13.9;18
@20260609_103407_446_flight.csv@964900809;3;1;0.0;14;3000;-600;106;14;-1;14;13.9;20
@20260609_103407_446_flight.csv@965010800;3;1;0.0;14;3000;-600;103;14;-1;14;13.9;19
@20260609_103407_446_flight.csv@965182818;3;1;0.0;14;3000;-600;104;14;0;14;14.0;20
@20260609_103407_446_flight.csv@965290836;3;1;0.0;14;3000;-600;108;14;-1;14;14.1;21
@20260609_103407_446_flight.csv@965400810;3;1;0.0;14;3000;-600;104;14;-1;14;14.0;23
@20260609_103407_446_flight.csv@965510819;3;1;0.0;14;3000;-600;103;14;-1;14;14.0;25
@20260609_103407_446_flight.csv@965622418;3;1;0.0;14;3000;-600;107;14;-1;14;13.9;25
@20260609_103407_446_flight.csv@965732412;3;1;0.0;14;3000;-600;105;14;0;14;13.9;25
@20260609_103407_446_flight.csv@965840747;3;1;0.0;14;3000;-600;103;14;0;14;13.9;27
@20260609_103407_446_flight.csv@965950818;3;1;0.0;14;3000;-600;100;14;0;14;13.9;28
@20260609_103407_446_flight.csv@966060828;3;1;0.0;14;3000;-600;104;14;0;14;14.0;28
@20260609_103407_446_flight.csv@966170839;3;1;0.0;14;3000;-600;105;14;0;14;13.9;29
@20260609_103407_446_flight.csv@966273992;3;1;0.0;14;3000;-600;107;14;-1;14;13.9;30
@20260609_103407_446_flight.csv@966380834;3;1;0.0;14;3000;-600;105;14;0;14;14.0;30
@20260609_103407_446_flight.csv@966481139;3;1;0.0;14;3000;-600;105;14;-1;14;14.0;31
@20260609_103407_446_flight.csv@966582452;3;1;0.0;14;3000;-600;102;14;-1;14;14.0;31
@20260609_103407_446_flight.csv@966690722;3;1;0.0;14;3000;-600;103;14;0;14;14.0;33
@20260609_103407_446_flight.csv@966800798;3;1;0.0;14;3000;-600;105;14;-1;14;13.9;33
@20260609_103407_446_flight.csv@966910790;3;1;0.0;14;3000;-600;104;14;0;14;13.9;34
@20260609_103407_446_flight.csv@967020784;3;1;0.0;14;3000;-600;101;14;-1;14;13.8;34
@20260609_103407_446_flight.csv@967130774;3;1;0.0;14;3000;-600;100;14;0;14;13.8;35
@20260609_103407_446_flight.csv@967233955;3;1;0.0;14;3000;-600;100;14;0;14;13.9;35
@20260609_103407_446_flight.csv@967344263;3;1;0.0;14;3000;-600;99;14;-1;14;13.9;35
@20260609_103407_446_flight.csv@967450818;3;1;0.0;14;3000;-600;96;14;0;14;13.9;36
@20260609_103407_446_flight.csv@967555826;3;1;0.0;14;3000;-600;97;14;0;14;13.9;38
@20260609_103407_446_flight.csv@967660817;3;1;0.0;14;3000;-600;97;14;-1;14;13.9;39
@20260609_103407_446_flight.csv@967764166;3;1;0.0;14;3000;-600;96;14;0;14;13.9;40
@20260609_103407_446_flight.csv@967870789;3;1;0.0;14;3000;-600;95;14;-1;14;13.9;41
@20260609_103407_446_flight.csv@967975492;3;1;0.0;14;3000;-600;97;14;-1;14;13.9;41
@20260609_103407_446_flight.csv@968080793;3;1;0.0;14;3000;-600;96;14;0;14;13.9;41
@20260609_103407_446_flight.csv@968184179;3;1;0.0;14;3000;-600;93;14;-1;14;13.9;41
@20260609_103407_446_flight.csv@968290832;3;1;0.0;14;3000;-600;97;14;0;14;13.9;41
@20260609_103407_446_flight.csv@968398568;3;1;0.0;14;3000;-600;97;14;0;14;13.9;42
@20260609_103407_446_flight.csv@968507429;3;1;0.0;14;3000;-600;99;14;0;14;13.9;42
@20260609_103407_446_flight.csv@968612525;3;1;0.0;14;3000;-600;95;14;-1;14;13.8;43
@20260609_103407_446_flight.csv@968722437;3;1;0.0;14;3000;-600;91;14;0;14;13.8;44
@20260609_103407_446_flight.csv@968830723;3;1;0.0;14;3000;-600;93;14;0;14;13.8;45
@20260609_103407_446_flight.csv@968940791;3;1;0.0;14;3000;-600;92;14;0;14;13.8;46
@20260609_103407_446_flight.csv@969050790;3;1;0.0;14;3000;-600;89;14;0;14;13.8;48
@20260609_103407_446_flight.csv@969160790;3;1;0.0;14;3000;-600;97;14;0;14;13.8;50
@20260609_103407_446_flight.csv@969270792;3;1;0.0;14;3000;-600;92;14;-1;14;13.8;49
@20260609_103407_446_flight.csv@969380808;3;1;0.0;14;3000;-600;92;14;-1;14;13.9;50
@20260609_103407_446_flight.csv@969490827;3;1;0.0;14;3000;-600;94;14;-1;14;13.9;50
@20260609_103407_446_flight.csv@969594007;3;1;0.0;14;3000;-600;92;14;-1;14;13.8;50
@20260609_103407_446_flight.csv@969704004;3;1;0.0;14;3000;-600;94;14;0;14;13.7;51
@20260609_103407_446_flight.csv@969812682;3;1;0.0;14;3000;-600;94;14;-1;14;13.8;52
@20260609_103407_446_flight.csv@969922876;3;1;0.0;14;3000;-600;98;14;-1;14;13.7;53
@20260609_103407_446_flight.csv@970030838;3;1;0.0;14;3000;-600;88;14;0;14;13.7;55
@20260609_103407_446_flight.csv@970135645;3;1;0.0;14;3000;-600;93;14;-1;14;13.7;56
@20260609_103407_446_flight.csv@970240815;3;1;0.0;14;3000;-600;95;14;-1;14;13.8;56
@20260609_103407_446_flight.csv@970350801;3;1;0.0;14;3000;-600;94;14;-1;14;13.8;57
@20260609_103407_446_flight.csv@970517949;3;1;0.0;14;3000;-600;91;14;0;14;13.8;57
@20260609_103407_446_flight.csv@970620812;3;1;0.0;14;3000;-600;88;14;0;14;13.8;57
@20260609_103407_446_flight.csv@970730847;3;1;0.0;14;3000;-600;89;14;0;14;13.9;59
@20260609_103407_446_flight.csv@970842452;3;1;0.0;14;3000;-600;90;14;0;14;13.9;60
@20260609_103407_446_flight.csv@970950738;3;1;0.0;14;3000;-600;84;14;-1;14;14.0;61
@20260609_103407_446_flight.csv@971060835;3;1;0.0;14;3000;-600;88;14;-1;14;14.0;62
@20260609_103407_446_flight.csv@971170798;3;1;0.0;14;3000;-600;88;14;0;14;14.0;63
@20260609_103407_446_flight.csv@971280829;3;1;0.0;14;3000;-600;84;14;-1;14;14.0;63
@20260609_103407_446_flight.csv@971390834;3;1;0.0;14;3000;-600;87;14;-1;14;13.9;64
@20260609_103407_446_flight.csv@971500814;3;1;0.0;14;3000;-600;84;14;0;14;14.0;64
@20260609_103407_446_flight.csv@971612638;3;1;0.0;14;3000;-600;84;14;0;14;14.0;65
@20260609_103407_446_flight.csv@971720847;3;1;0.0;14;3000;-600;85;14;0;14;14.0;65
@20260609_103407_446_flight.csv@971821243;3;1;0.0;14;3000;-600;83;14;0;14;14.0;65
@20260609_103407_446_flight.csv@971922419;3;1;0.0;14;3000;-600;87;14;0;14;13.9;67
@20260609_103407_446_flight.csv@972030720;3;1;0.0;14;3000;-600;82;14;0;14;13.9;68
@20260609_103407_446_flight.csv@972140804;3;1;0.0;14;3000;-600;83;14;0;14;14.0;69
@20260609_103407_446_flight.csv@972250802;3;1;0.0;14;3000;-600;83;14;-1;14;14.0;69
@20260609_103407_446_flight.csv@972360823;3;1;0.0;14;3000;-600;88;14;-1;14;14.0;69
@20260609_103407_446_flight.csv@972470800;3;1;0.0;14;3000;-600;87;14;0;14;14.0;70
@20260609_103407_446_flight.csv@972645748;3;1;0.0;14;3000;-600;82;14;0;14;14.0;70
@20260609_103407_446_flight.csv@972750847;3;1;0.0;14;3000;-600;83;14;0;14;13.9;72
@20260609_103407_446_flight.csv@972860925;3;1;0.0;14;3000;-600;78;14;0;14;13.9;73
@20260609_103407_446_flight.csv@972972432;3;1;0.0;14;3000;-600;78;14;-1;14;13.8;74
@20260609_103407_446_flight.csv@973082476;3;1;0.0;14;3000;-600;80;14;0;14;13.9;75
@20260609_103407_446_flight.csv@973183973;3;1;0.0;14;3000;-600;76;14;0;14;13.9;76
@20260609_103407_446_flight.csv@973292489;3;1;0.0;14;3000;-600;82;14;-1;14;13.8;77
@20260609_103407_446_flight.csv@973402443;3;1;0.0;14;3000;-600;79;14;0;14;13.8;77
@20260609_103407_446_flight.csv@973510857;3;1;0.0;14;3000;-600;82;14;-1;14;13.8;77
@20260609_103407_446_flight.csv@973620843;3;1;0.0;14;3000;-600;79;14;0;14;13.8;77
@20260609_103407_446_flight.csv@973773554;3;1;0.0;14;3000;-600;80;14;0;14;13.8;77
@20260609_103407_446_flight.csv@973887314;3;1;0.0;14;3000;-600;82;14;0;14;13.8;78
@20260609_103407_446_flight.csv@973992513;3;1;0.0;14;3000;-600;81;14;0;14;13.8;78
@20260609_103407_446_flight.csv@974102426;3;1;0.0;14;3000;-600;75;14;0;14;13.8;79
@20260609_103407_446_flight.csv@974210724;3;1;0.0;14;3000;-600;78;14;0;14;13.8;79
@20260609_103407_446_flight.csv@974320817;3;1;0.0;14;3000;-600;77;14;0;14;13.7;82
@20260609_103407_446_flight.csv@974430796;3;1;0.0;14;3000;-600;80;14;0;14;13.7;83
@20260609_103407_446_flight.csv@974540807;3;1;0.0;14;3000;-600;78;14;0;14;13.8;85
@20260609_103407_446_flight.csv@974650800;3;1;0.0;14;3000;-600;76;14;-1;14;13.9;85
@20260609_103407_446_flight.csv@974760809;3;1;0.0;14;3000;-600;80;14;0;14;13.9;85
@20260609_103407_446_flight.csv@974892536;3;1;0.0;14;3000;-600;81;14;0;14;13.9;85
@20260609_103407_446_flight.csv@974993755;3;1;0.0;14;3000;-600;78;14;0;14;13.9;86
@20260609_103407_446_flight.csv@975104631;3;1;0.0;14;3000;-600;77;14;0;14;13.9;87
@20260609_103407_446_flight.csv@975214089;3;1;0.0;14;3000;-600;80;14;0;14;13.8;88
@20260609_103407_446_flight.csv@975324365;3;1;0.0;14;3000;-600;76;14;-1;14;13.8;88
@20260609_103407_446_flight.csv@975434011;3;1;0.0;14;3000;-600;73;14;-1;14;13.8;89
@20260609_103407_446_flight.csv@975541035;3;1;0.0;14;3000;-600;77;14;0;14;13.9;89
@20260609_103407_446_flight.csv@975652452;3;1;0.0;14;3000;-600;80;14;0;14;13.9;90
@20260609_103407_446_flight.csv@975760879;3;1;0.0;14;3000;-600;75;14;0;14;13.9;92
@20260609_103407_446_flight.csv@975867077;3;1;0.0;14;0;-600;74;-14;0;14;13.9;92
@20260609_103407_446_flight.csv@976014944;3;1;14.6;45;0;-600;66;-8;0;14;13.9;92
@20260609_103407_446_flight.csv@976120744;3;1;7.3;45;0;-600;45;-11;-1;45;11.3;93
@20260609_103407_446_flight.csv@976224195;3;1;7.3;45;0;-600;35;-13;-1;45;10.6;91
@20260609_103407_446_flight.csv@976334026;3;1;3.6;45;0;-600;30;-8;-1;44;10.4;92
@20260609_103407_446_flight.csv@976444148;3;1;1.9;45;0;-600;30;-5;-1;44;10.4;94
@20260609_103407_446_flight.csv@976550864;3;1;1.9;45;0;-600;35;-3;0;45;10.7;97
@20260609_103407_446_flight.csv@976651338;3;1;1.0;45;0;-600;34;-2;0;45;11.0;95
@20260609_103407_446_flight.csv@976755266;3;1;1.0;45;0;-600;37;-2;0;45;11.3;96
@20260609_103407_446_flight.csv@976865510;3;1;0.5;45;0;-600;39;-1;0;45;11.6;96
@20260609_103407_446_flight.csv@976975202;3;1;0.5;45;0;-600;31;-1;0;45;11.9;97
@20260609_103407_446_flight.csv@977138214;3;1;3.4;45;0;-600;26;-1;-1;38;12.1;98
@20260609_103407_446_flight.csv@977240731;3;1;3.4;45;0;-600;24;0;-1;35;11.8;97
@20260609_103407_446_flight.csv@977344409;3;1;1.8;45;0;-600;32;0;0;45;11.6;99
@20260609_103407_446_flight.csv@977450831;3;1;1.8;45;0;-600;26;0;0;38;11.7;101
@20260609_103407_446_flight.csv@977551292;3;1;0.8;45;0;-600;30;0;0;44;11.8;101
@20260609_103407_446_flight.csv@977655071;3;1;0.8;45;0;-600;33;0;-1;45;12.0;100
@20260609_103407_446_flight.csv@977760848;3;1;0.5;45;0;-600;37;0;0;45;12.3;101
@20260609_103407_446_flight.csv@977872411;3;1;0.5;45;0;-600;31;0;-1;45;12.5;102
@20260609_103407_446_flight.csv@977982494;3;1;0.2;45;0;-600;33;0;-1;45;12.7;103
@20260609_103407_446_flight.csv@978090741;3;1;0.2;45;0;-600;34;0;0;45;12.9;104
@20260609_103407_446_flight.csv@978258602;3;1;2.7;45;0;-600;32;0;-1;45;12.9;104
@20260609_103407_446_flight.csv@978360839;3;1;2.7;45;0;-600;29;0;0;43;12.5;104
@20260609_103407_446_flight.csv@978470980;3;1;1.4;45;0;-600;27;0;-1;40;12.2;102
@20260609_103407_446_flight.csv@978582440;3;1;1.4;45;0;-600;35;0;0;45;12.2;102
@20260609_103407_446_flight.csv@978690739;3;1;0.7;45;0;-600;30;0;0;44;12.3;102
@20260609_103407_446_flight.csv@978800812;3;1;0.7;45;0;-600;25;0;-1;37;12.4;102
@20260609_103407_446_flight.csv@978910806;3;1;0.3;45;0;-600;27;0;0;40;12.7;103
@20260609_103407_446_flight.csv@979020834;3;1;0.3;45;0;-600;28;0;0;41;12.8;104
@20260609_103407_446_flight.csv@979130861;3;1;0.2;45;0;-600;25;0;0;37;12.9;105
@20260609_103407_446_flight.csv@979240862;3;1;0.2;45;0;-600;32;0;-1;45;13.1;105
@20260609_103407_446_flight.csv@979379027;3;1;3.3;45;0;-600;30;-1;0;44;13.1;105
@20260609_103407_446_flight.csv@979480722;3;1;3.3;45;0;-600;25;0;0;37;12.7;105
@20260609_103407_446_flight.csv@979584412;3;1;1.7;45;0;-600;33;0;-1;45;12.4;107
@20260609_103407_446_flight.csv@979690846;3;1;1.7;45;0;-600;33;0;0;45;12.4;108
@20260609_103407_446_flight.csv@979802398;3;1;0.9;45;0;-600;29;0;-1;43;12.4;109
@20260609_103407_446_flight.csv@979904151;3;1;0.9;45;0;-600;29;-1;0;43;12.6;108
@20260609_103407_446_flight.csv@980016996;3;1;0.5;45;0;-600;25;0;0;37;12.7;109
@20260609_103407_446_flight.csv@980122457;3;1;0.5;45;0;-600;22;0;-1;32;12.8;110
@20260609_103407_446_flight.csv@980232383;3;1;0.3;45;0;-600;23;0;0;34;12.9;111
@20260609_103407_446_flight.csv@980340783;3;1;0.3;45;0;-600;22;0;0;32;13.0;110
@20260609_103407_446_flight.csv@980499535;3;1;2.8;45;0;-600;20;0;0;29;13.0;111
@20260609_103407_446_flight.csv@980600744;3;1;2.8;45;0;-600;25;0;-1;37;12.6;109
@20260609_103407_446_flight.csv@980710958;3;1;1.4;45;0;-600;22;0;0;32;12.3;109
@20260609_103407_446_flight.csv@980822431;3;1;1.4;45;0;-600;24;0;0;35;12.4;108
@20260609_103407_446_flight.csv@980932409;3;1;0.8;45;0;-600;25;0;0;37;12.5;107
@20260609_103407_446_flight.csv@981040713;3;1;0.8;45;0;-600;23;0;0;34;12.6;109
@20260609_103407_446_flight.csv@981142435;3;1;0.4;45;0;-600;22;-1;0;32;12.8;109
@20260609_103407_446_flight.csv@981250714;3;1;0.4;45;0;-600;20;0;0;29;13.0;110
@20260609_103407_446_flight.csv@981360838;3;1;0.2;45;0;-600;23;0;0;34;13.1;110
@20260609_103407_446_flight.csv@981470858;3;1;0.2;45;0;-600;15;0;-1;22;13.2;109
@20260609_103407_446_flight.csv@981623352;3;1;0.2;45;0;-600;18;0;0;26;13.2;110
@20260609_103407_446_flight.csv@981730862;3;1;0.2;45;0;-600;22;0;0;32;13.3;110
@20260609_103407_446_flight.csv@981840816;3;1;0.2;45;0;-600;20;0;0;29;13.4;110
@20260609_103407_446_flight.csv@981951285;3;1;0.2;45;0;-600;22;-1;-1;32;13.4;110
@20260609_103407_446_flight.csv@982052447;3;1;0.0;45;0;-600;25;0;-1;37;13.4;111
@20260609_103407_446_flight.csv@982162438;3;1;0.0;45;0;-600;19;0;-1;28;13.4;111
@20260609_103407_446_flight.csv@982270753;3;1;0.0;45;0;-600;19;0;0;28;13.5;113
@20260609_103407_446_flight.csv@982380864;4;1;0.0;45;0;-600;24;0;0;35;13.6;113
@20260609_103407_446_flight.csv@982490834;4;1;0.1;45;0;-600;17;0;0;25;13.6;112
@20260609_103407_446_flight.csv@982600853;4;1;0.1;45;0;-600;21;0;0;31;12.7;112
@20260609_103407_446_flight.csv@982740201;4;1;0.4;45;0;-600;22;0;0;32;12.7;112
@20260609_103407_446_flight.csv@982840747;4;1;0.4;45;0;-600;20;0;0;29;12.7;112
@20260609_103407_446_flight.csv@982944452;4;1;0.3;45;0;-600;22;0;-1;32;12.7;112
@20260609_103407_446_flight.csv@983050737;4;1;0.3;45;0;-600;24;0;-1;35;12.7;112
@20260609_103407_446_flight.csv@983164424;4;1;0.1;45;0;-600;22;0;-1;32;12.7;112
@20260609_103407_446_flight.csv@983273990;4;1;0.1;45;0;-600;20;0;0;29;12.7;112
@20260609_103407_446_flight.csv@983382502;4;1;0.1;45;0;-600;17;0;-1;25;12.7;112
@20260609_103407_446_flight.csv@983492503;4;1;0.1;45;0;-600;14;0;0;20;12.7;112
@20260609_103407_446_flight.csv@983594353;4;1;0.0;45;0;-600;15;0;-1;22;12.7;112
@20260609_103407_446_flight.csv@983707449;4;1;0.0;45;0;-600;14;0;0;20;12.7;112
@20260609_103407_446_flight.csv@983860561;4;1;0.0;45;0;-600;12;-1;0;17;12.7;112
@20260609_103407_446_flight.csv@983970837;4;1;0.0;45;0;-600;18;0;-1;26;12.7;112
@20260609_103407_446_flight.csv@984082548;4;1;0.1;45;0;-600;21;0;-1;31;12.7;112
@20260609_103407_446_flight.csv@984192432;4;1;0.1;45;0;-600;16;0;0;23;12.7;112
@20260609_103407_446_flight.csv@984300840;4;1;0.0;45;0;-600;16;0;-1;23;12.7;112
@20260609_103407_446_flight.csv@984410825;4;1;0.0;45;0;-600;21;0;-1;31;12.7;112
@20260609_103407_446_flight.csv@984520869;4;1;0.0;45;0;-600;22;-1;0;32;12.7;112
@20260609_103407_446_flight.csv@984630838;4;1;0.0;45;0;-600;13;0;-1;19;12.7;112
@20260609_103407_446_flight.csv@984740845;4;1;0.0;45;0;-600;14;0;-1;20;12.7;112
@20260609_103407_446_flight.csv@984850810;4;1;0.0;45;0;-600;10;0;0;14;12.7;112
@20260609_103407_446_flight.csv@984986314;4;1;0.1;45;0;-600;9;0;0;13;12.7;112
@20260609_103407_446_flight.csv@985090741;4;1;0.1;45;0;-600;14;0;0;20;12.7;112
@20260609_103407_446_flight.csv@985204441;4;1;0.1;45;0;-600;18;0;0;26;12.7;112
@20260609_103407_446_flight.csv@985313937;4;1;0.1;45;0;-600;13;0;-1;19;12.7;112
@20260609_103407_446_flight.csv@985554319;5;1;0.1;45;0;-600;19;0;0;28;12.7;112
@20260609_103407_446_flight.csv@985667543;5;0;0.0;45;0;-600;19;0;0;28;12.7;112
@20260609_103407_446_flight.csv@985772320;5;0;0.0;45;0;-600;19;0;0;28;12.7;112
@20260609_103407_446_flight.csv@985882347;5;0;0.0;45;0;-600;19;0;0;28;12.7;112
@20260609_103407_446_flight.csv@986072934;5;0;0.0;45;0;-600;19;0;0;28;12.7;112
@20260609_103407_446_flight.csv@986180807;5;0;0.0;45;0;-600;19;0;0;28;12.7;112
@20260609_103407_446_flight.csv@986284154;5;0;0.0;45;0;-600;19;0;0;28;12.7;112
@20260609_103407_446_flight.csv@986390815;5;0;0.0;45;0;-600;19;0;0;28;12.7;112
@20260609_103407_446_flight.csv@986500822;5;0;0.0;45;0;-600;19;0;0;28;12.7;112
@20260609_103407_446_flight.csv@986610826;5;0;0.0;45;0;-600;19;0;0;28;12.7;112
@20260609_103407_446_flight.csv@986720805;5;0;0.0;45;0;-600;19;0;0;28;12.7;112
@20260609_103407_446_gnss.csv@uptime;lat;lon;speed_kn;course
@20260609_103407_446_gnss.csv@926864971;25.514380;-80.391790;0.0;30.6
@20260609_103407_446_gnss.csv@926983577;25.514380;-80.391790;0.0;29.6
@20260609_103407_446_gnss.csv@927083629;25.514380;-80.391790;0.0;30.6
@20260609_103407_446_gnss.csv@927185456;25.514380;-80.391790;0.1;29.7
@20260609_103407_446_gnss.csv@927311778;25.514380;-80.391790;0.1;30.0
@20260609_103407_446_gnss.csv@927421942;25.514380;-80.391790;0.1;31.4
@20260609_103407_446_gnss.csv@927531732;25.514380;-80.391790;0.0;30.8
@20260609_103407_446_gnss.csv@927652021;25.514380;-80.391790;0.0;29.3
@20260609_103407_446_gnss.csv@927762008;25.514380;-80.391790;0.0;31.0
@20260609_103407_446_gnss.csv@927872009;25.514380;-80.391790;0.0;30.0
@20260609_103407_446_gnss.csv@927981916;25.514380;-80.391790;0.0;30.5
@20260609_103407_446_gnss.csv@928091759;25.514380;-80.391790;0.0;30.4
@20260609_103407_446_gnss.csv@928201903;25.514380;-80.391790;0.0;31.4
@20260609_103407_446_gnss.csv@928311778;25.514380;-80.391790;0.1;30.6
@20260609_103407_446_gnss.csv@928421882;25.514380;-80.391790;0.1;28.6
@20260609_103407_446_gnss.csv@928531769;25.514380;-80.391790;0.1;30.2
@20260609_103407_446_gnss.csv@928641875;25.514380;-80.391790;0.0;31.0
@20260609_103407_446_gnss.csv@928751772;25.514380;-80.391790;0.0;31.2
@20260609_103407_446_gnss.csv@928859918;25.514380;-80.391790;0.1;29.5
@20260609_103407_446_gnss.csv@928961875;25.514380;-80.391790;0.0;30.4
@20260609_103407_446_gnss.csv@929071769;25.514380;-80.391790;0.1;29.8
@20260609_103407_446_gnss.csv@929181881;25.514380;-80.391790;0.0;30.1
@20260609_103407_446_gnss.csv@929291776;25.514380;-80.391790;0.0;30.7
@20260609_103407_446_gnss.csv@929402184;25.514380;-80.391790;0.0;29.2
@20260609_103407_446_gnss.csv@929511759;25.514380;-80.391790;0.0;30.5
@20260609_103407_446_gnss.csv@929621867;25.514380;-80.391790;0.0;28.6
@20260609_103407_446_gnss.csv@929731732;25.514380;-80.391790;0.0;30.5
@20260609_103407_446_gnss.csv@929841926;25.514380;-80.391790;0.0;29.8
@20260609_103407_446_gnss.csv@929951773;25.514380;-80.391790;0.0;29.1
@20260609_103407_446_gnss.csv@930061875;25.514380;-80.391790;0.0;30.1
@20260609_103407_446_gnss.csv@930171786;25.514380;-80.391790;0.0;28.5
@20260609_103407_446_gnss.csv@930281881;25.514380;-80.391790;0.1;29.0
@20260609_103407_446_gnss.csv@930391777;25.514380;-80.391790;0.0;29.6
@20260609_103407_446_gnss.csv@930501940;25.514380;-80.391790;0.0;29.2
@20260609_103407_446_gnss.csv@930611777;25.514380;-80.391790;0.0;30.4
@20260609_103407_446_gnss.csv@930721932;25.514380;-80.391790;0.1;29.1
@20260609_103407_446_gnss.csv@930831727;25.514380;-80.391790;0.0;28.8
@20260609_103407_446_gnss.csv@930951797;25.514380;-80.391790;0.0;31.4
@20260609_103407_446_gnss.csv@931073883;25.514380;-80.391790;0.0;29.4
@20260609_103407_446_gnss.csv@931201917;25.514380;-80.391790;0.1;30.3
@20260609_103407_446_gnss.csv@931302029;25.514380;-80.391790;0.1;30.9
@20260609_103407_446_gnss.csv@931411767;25.514380;-80.391790;0.0;28.9
@20260609_103407_446_gnss.csv@931521904;25.514380;-80.391790;0.0;28.6
@20260609_103407_446_gnss.csv@931631777;25.514380;-80.391790;0.0;29.1
@20260609_103407_446_gnss.csv@931741951;25.514380;-80.391790;0.0;29.7
@20260609_103407_446_gnss.csv@931851780;25.514380;-80.391790;0.0;30.2
@20260609_103407_446_gnss.csv@931971808;25.514380;-80.391790;0.0;28.5
@20260609_103407_446_gnss.csv@932093977;25.514380;-80.391790;0.1;28.7
@20260609_103407_446_gnss.csv@932193992;25.514380;-80.391790;0.0;28.8
@20260609_103407_446_gnss.csv@932294038;25.514380;-80.391790;0.0;30.3
@20260609_103407_446_gnss.csv@932394042;25.514380;-80.391790;0.0;28.6
@20260609_103407_446_gnss.csv@932521866;25.514380;-80.391790;0.0;30.6
@20260609_103407_446_gnss.csv@932621878;25.514380;-80.391790;0.0;30.2
@20260609_103407_446_gnss.csv@932731743;25.514380;-80.391790;0.1;31.0
@20260609_103407_446_gnss.csv@932841871;25.514380;-80.391790;0.0;30.1
@20260609_103407_446_gnss.csv@932949237;25.514380;-80.391790;0.0;30.9
@20260609_103407_446_gnss.csv@933071822;25.514380;-80.391790;0.0;29.9
@20260609_103407_446_gnss.csv@933181974;25.514380;-80.391790;0.0@20260609_103407_446_power_ina226.csv@933201550;4992;8;25;0
@20260609_103407_446_gnss.csv@933305314;25.514380;-80.391790;0.0;28.6
@20260609_103407_446_gnss.csv@933431767;25.514380;-80.391790;0.1;29.3
@20260609_103407_446_gnss.csv@933541912;25.514380;-80.391790;0.0;30.5
@20260609_103407_446_gnss.csv@933651748;25.514380;-80.391790;0.1;29.9
@20260609_103407_446_gnss.csv@933761917;25.514380;-80.391790;0.0;29.4
@20260609_103407_446_gnss.csv@933871790;25.514380;-80.391790;0.0;30.1
@20260609_103407_446_gnss.csv@933979999;25.514380;-80.391790;0.1;29.3
@20260609_103407_446_gnss.csv@934084253;25.514380;-80.391790;0.0;29.8
@20260609_103407_446_gnss.csv@934193280;25.514380;-80.391790;0.0;29.0
@20260609_103407_446_gnss.csv@934293883;25.514380;-80.391790;0.1;29.2
@20260609_103407_446_gnss.csv@934393996;25.514380;-80.391790;0.0;30.7
@20260609_103407_446_gnss.csv@934521876;25.514380;-80.391790;0.1;28.8
@20260609_103407_446_gnss.csv@934631744;25.514380;-80.391790;0.0;29.8
@20260609_103407_446_gnss.csv@934741920;25.514380;-80.391790;0.0;30.6
@20260609_103407_446_gnss.csv@934851776;25.514380;-80.391790;0.0;30.8
@20260609_103407_446_gnss.csv@934961911;25.514380;-80.391790;0.0;28.6
@20260609_103407_446_gnss.csv@935081885;25.514380;-80.391790;0.1;31.4
@20260609_103407_446_gnss.csv@935191763;25.514380;-80.391790;0.0;31.0
@20260609_103407_446_gnss.csv@935301918;25.514380;-80.391790;0.1;30.2
@20260609_103407_446_gnss.csv@935411777;25.514380;-80.391790;0.1;30.7
@20260609_103407_446_gnss.csv@935521869;25.514380;-80.391790;0.0;28.9
@20260609_103407_446_gnss.csv@935631786;25.514380;-80.391790;0.0;28.5
@20260609_103407_446_gnss.csv@935741898;25.514380;-80.391790;0.1;31.0
@20260609_103407_446_gnss.csv@935851735;25.514380;-80.391790;0.0;30.3
@20260609_103407_446_gnss.csv@935961860;25.514380;-80.391790;0.0;31.5
@20260609_103407_446_gnss.csv@936062034;25.514380;-80.391790;0.0;29.9
@20260609_103407_446_gnss.csv@936181882;25.514380;-80.391790;0.0;31.3
@20260609_103407_446_gnss.csv@936303795;25.514380;-80.391790;0.0;28.5
@20260609_103407_446_gnss.csv@936403816;25.514380;-80.391790;0.1;28.7
@20260609_103407_446_gnss.csv@936504260;25.514380;-80.391790;0.0;31.1
@20260609_103407_446_gnss.csv@936631904;25.514380;-80.391790;0.0;31.4
@20260609_103407_446_gnss.csv@936741963;25.514380;-80.391790;0.0;30.1
@20260609_103407_446_gnss.csv@936851780;25.514380;-80.391790;0.0;28.5
@20260609_103407_446_gnss.csv@936961919;25.514380;-80.391790;0.0;30.2
@20260609_103407_446_gnss.csv@937139626;25.514380;-80.391790;0.1;29.7
@20260609_103407_446_gnss.csv@937244927;25.514392;-80.391784;27.1;30.3
@20260609_103407_446_gnss.csv@937356673;25.514404;-80.391780;27.7;31.7
@20260609_103407_446_gnss.csv@937466787;25.514416;-80.391770;25.9;30.9
@20260609_103407_446_gnss.csv@937575105;25.514428;-80.391760;28.5;32.1
@20260609_103407_446_gnss.csv@937685523;25.514440;-80.391752;26.8;30.7
@20260609_103407_446_gnss.csv@937795551;25.514450;-80.391750;27.0;33.4
@20260609_103407_446_gnss.csv@937905524;25.514464;-80.391740;27.2;31.7
@20260609_103407_446_gnss.csv@938015464;25.514474;-80.391730;28.2;32.7
@20260609_103407_446_gnss.csv@938133447;25.514486;-80.391720;26.0;34.7
@20260609_103407_446_gnss.csv@938262371;25.514502;-80.391710;28.0;35.0
@20260609_103407_446_gnss.csv@938372043;25.514512;-80.391700;28.3;36.3
@20260609_103407_446_gnss.csv@938482205;25.514524;-80.391690;27.3;36.7
@20260609_103407_446_gnss.csv@938592111;25.514534;-80.391688;28.4;37.9
@20260609_103407_446_gnss.csv@938702305;25.514546;-80.391670;25.9;38.6
@20260609_103407_446_gnss.csv@938812038;25.514556;-80.391660;28.0;38.0
@20260609_103407_446_gnss.csv@938922272;25.514568;-80.391656;26.0;40.1
@20260609_103407_446_gnss.csv@939032011;25.514578;-80.391650;27.5;37.9
@20260609_103407_446_gnss.csv@939142210;25.514590;-80.391630;26.8;39.5
@20260609_103407_446_gnss.csv@939252039;25.514598;-80.391624;27.0;38.4
@20260609_103407_446_gnss.csv@939362225;25.514610;-80.391620;26.1;38.8
@20260609_103407_446_gnss.csv@939472033;25.514620;-80.391600;26.3;42.2
@20260609_103407_446_gnss.csv@939582228;25.514632;-80.391592;25.9;41.8
@20260609_103407_446_gnss.csv@939692040;25.514640;-80.391590;26.1;43.1
@20260609_103407_446_gnss.csv@939802311;25.514652;-80.391570;27.1;40.2
@20260609_103407_446_gnss.csv@939912055;25.514662;-80.391560;28.4;41.0
@20260609_103407_446_gnss.csv@940022260;25.514674;-80.391552;27.2;42.0
@20260609_103407_446_gnss.csv@940132088;25.514682;-80.391550;28.2;42.6
@20260609_103407_446_gnss.csv@940246443;25.514692;-80.391530;27.7;45.0
@20260609_103407_446_gnss.csv@940363778;25.514704;-80.391528;26.1;46.0
@20260609_103407_446_gnss.csv@940483591;25.514716;-80.391510;27.1;46.0
@20260609_103407_446_gnss.csv@940595868;25.514724;-80.391500;25.8;46.7
@20260609_103407_446_gnss.csv@940706188;25.514734;-80.391490;26.3;46.1
@20260609_103407_446_gnss.csv@940814272;25.514744;-80.391480;26.7;46.1
@20260609_103407_446_gnss.csv@940933520;25.514754;-80.391464;27.2;48.7
@20260609_103407_446_gnss.csv@941043625;25.514762;-80.391460;27.7;47.9
@20260609_103407_446_gnss.csv@941153315;25.514772;-80.391440;27.3;48.8
@20260609_103407_446_gnss.csv@941265617;25.514782;-80.391430;27.5;51.3
@20260609_103407_446_gnss.csv@941383688;25.514792;-80.391420;28.0;51.6
@20260609_103407_446_gnss.csv@941493372;25.514800;-80.391400;26.5;52.7
@20260609_103407_446_gnss.csv@941603707;25.514808;-80.391392;27.7;49.0
@20260609_103407_446_gnss.csv@941713385;25.514816;-80.391380;26.6;50.0
@20260609_103407_446_gnss.csv@941823565;25.514826;-80.391370;27.0;50.2
@20260609_103407_446_gnss.csv@941933441;25.514834;-80.391360;27.2;51.1
@20260609_103407_446_gnss.csv@942034269;25.514842;-80.391350;28.2;55.7
@20260609_103407_446_gnss.csv@942153442;25.514850;-80.391336;27.1;57.5
@20260609_103407_446_gnss.csv@942263637;25.514858;-80.391320;28.2;56.4
@20260609_103407_446_gnss.csv@942383629;25.514866;-80.391304;28.5;58.7
@20260609_103407_446_gnss.csv@942496956;25.514874;-80.391300;27.9;55.4
@20260609_103407_446_gnss.csv@942606876;25.514882;-80.391280;26.1;56.6
@20260609_103407_446_gnss.csv@942723814;25.514888;-80.391268;26.6;58.7
@20260609_103407_446_gnss.csv@942833534;25.514896;-80.391250;27.9;59.8
@20260609_103407_446_gnss.csv@942943665;25.514904;-80.391240;27.3;60.7
@20260609_103407_446_gnss.csv@943053470;25.514910;-80.391230;28.1;60.1
@20260609_103407_446_gnss.csv@943173450;25.514918;-80.391210;28.1;63.7
@20260609_103407_446_gnss.csv@943301361;25.514924;-80.391200;27.6;59.9
@20260609_103407_446_gnss.csv@943405079;25.514930;-80.391180;25.8;62.2
@20260609_103407_446_gnss.csv@943515346;25.514936;-80.391176;27.3;62.3
@20260609_103407_446_gnss.csv@943625127;25.514944;-80.391160;27.0;61.8
@20260609_103407_446_gnss.csv@943734943;25.514948;-80.391140;27.0;67.2
@20260609_103407_446_gnss.csv@943845083;25.514956;-80.391130;27.6;63.5
@20260609_103407_446_gnss.csv@943954897;25.514960;-80.391110;28.4;64.7
@20260609_103407_446_gnss.csv@944066528;25.514966;-80.391100;27.8;66.5
@20260609_103407_446_gnss.csv@944176841;25.514970;-80.391080;28.3;67.5
@20260609_103407_446_gnss.csv@944285187;25.514976;-80.391070;27.6;70.9
@20260609_103407_446_gnss.csv@944402312;25.514980;-80.391050;27.6;67.9
@20260609_103407_446_gnss.csv@944512130;25.514986;-80.391048;27.6;70.9
@20260609_103407_446_gnss.csv@944622322;25.514990;-80.391030;28.6;70.6
@20260609_103407_446_gnss.csv@944732178;25.514994;-80.391016;26.9;71.1
@20260609_103407_446_gnss.csv@944842328;25.515000;-80.391000;28.6;74.3
@20260609_103407_446_gnss.csv@944952051;25.515004;-80.390980;26.3;75.1
@20260609_103407_446_gnss.csv@945062286;25.515008;-80.390970;28.4;75.7
@20260609_103407_446_gnss.csv@945171999;25.515010;-80.390950;26.6;77.5
@20260609_103407_446_gnss.csv@945282230;25.515014;-80.390940;27.3;75.9
@20260609_103407_446_gnss.csv@945388778;25.515016;-80.390920;26.7;73.1
@20260609_103407_446_gnss.csv@945502242;25.515020;-80.390910;28.1;80.7
@20260609_103407_446_gnss.csv@945622260;25.515024;-80.390890;26.6;77.8
@20260609_103407_446_gnss.csv@945742223;25.515026;-80.390880;26.8;80.8
@20260609_103407_446_gnss.csv@945862234;25.515030;-80.390860;27.1;82.4
@20260609_103407_446_gnss.csv@945983857;25.515032;-80.390850;28.2;80.0
@20260609_103407_446_gnss.csv@946102326;25.515036;-80.390820;25.9;81.2
@20260609_103407_446_gnss.csv@946222333;25.515038;-80.390810;28.7;78.4
@20260609_103407_446_gnss.csv@946342195;25.515040;-80.390790;25.9;82.0
@20260609_103407_446_gnss.csv@946462309;25.515042;-80.390780;26.5;84.3
@20260609_103407_446_gnss.csv@946572055;25.515042;-80.390760;27.0;83.5
@20260609_103407_446_gnss.csv@946682249;25.515044;-80.390750;28.6;80.8
@20260609_103407_446_gnss.csv@946792010;25.515046;-80.390730;27.0;86.5
@20260609_103407_446_gnss.csv@946912030;25.515046;-80.390720;26.7;86.4
@20260609_103407_446_gnss.csv@947022220;25.515048;-80.390700;27.7;86.0
@20260609_103407_446_gnss.csv@947122271;25.515048;-80.390684;27.7;90.0
@20260609_103407_446_gnss.csv@947242286;25.515048;-80.390670;26.6;85.1
@20260609_103407_446_gnss.csv@947363837;25.515050;-80.390650;28.6;91.4
@20260609_103407_446_gnss.csv@947482434;25.515050;-80.390630;27.6;87.3
@20260609_103407_446_gnss.csv@947602415;25.515050;-80.390620;26.7;91.6
@20260609_103407_446_gnss.csv@947722279;25.515048;-80.390600;26.8;89.8
@20260609_103407_446_gnss.csv@947842163;25.515048;-80.390590;27.7;95.4
@20260609_103407_446_gnss.csv@947962211;25.515048;-80.390570;27.2;90.9
@20260609_103407_446_gnss.csv@948082250;25.515046;-80.390550;27.5;97.5
@20260609_103407_446_gnss.csv@948203941;25.515046;-80.390530;27.5;93.0
@20260609_103407_446_gnss.csv@948322326;25.515044;-80.390520;28.2;95.7
@20260609_103407_446_gnss.csv@948450717;25.515042;-80.390500;27.6;95.3
@20260609_103407_446_gnss.csv@948562362;25.515040;-80.390490;27.9;100.9
@20260609_103407_446_gnss.csv@948682345;25.515038;-80.390468;26.5;96.5
@20260609_103407_446_gnss.csv@948791984;25.515036;-80.390460;26.5;100.5
@20260609_103407_446_gnss.csv@948902193;25.515034;-80.390432;27.4;99.6
@20260609_103407_446_gnss.csv@949012038;25.515032;-80.390430;28.6;95.7
@20260609_103407_446_gnss.csv@949122255;25.515028;-80.390410;26.6;97.9
@20260609_103407_446_gnss.csv@949232063;25.515026;-80.390400;27.0;96.7
@20260609_103407_446_gnss.csv@949342258;25.515024;-80.390380;28.5;107.3
@20260609_103407_446_gnss.csv@949452003;25.515020;-80.390368;27.0;101.3
@20260609_103407_446_gnss.csv@949562259;25.515016;-80.390350;26.4;104.1
@20260609_103407_446_gnss.csv@949672039;25.515014;-80.390332;26.3;101.4
@20260609_103407_446_gnss.csv@949782256;25.515010;-80.390320;28.5;99.9
@20260609_103407_446_gnss.csv@949892066;25.515008;-80.390308;27.4;110.5
@20260609_103407_446_gnss.csv@950002248;25.515004;-80.390290;28.3;105.6
@20260609_103407_446_gnss.csv@950113676;25.515000;-80.390268;28.4;105.8
@20260609_103407_446_gnss.csv@950222357;25.514994;-80.390260;25.9;110.4
@20260609_103407_446_gnss.csv@950332122;25.514990;-80.390240;27.4;108.3
@20260609_103407_446_gnss.csv@950442300;25.514986;-80.390230;28.5;105.4
@20260609_103407_446_gnss.csv@950552142;25.514982;-80.390220;26.1;106.3
@20260609_103407_446_gnss.csv@950662284;25.514976;-80.390200;27.6;107.3
@20260609_103407_446_gnss.csv@950772232;25.514970;-80.390190;27.6;114.7
@20260609_103407_446_gnss.csv@950882414;25.514966;-80.390176;26.8;111.2
@20260609_103407_446_gnss.csv@950992069;25.514962;-80.390160;27.7;117.8
@20260609_103407_446_gnss.csv@951102253;25.514956;-80.390148;26.4;111.5
@20260609_103407_446_gnss.csv@951211995;25.514950;-80.390130;28.1;117.7
@20260609_103407_446_gnss.csv@951322285;25.514944;-80.390116;26.4;120.6
@20260609_103407_446_gnss.csv@951432100;25.514938;-80.390110;28.6;113.2
@20260609_103407_446_gnss.csv@951532691;25.514932;-80.390090;28.0;114.1
@20260609_103407_446_gnss.csv@951645345;25.514924;-80.390072;26.9;113.4
@20260609_103407_446_gnss.csv@951755317;25.514920;-80.390070;27.0;113.4
@20260609_103407_446_gnss.csv@951865303;25.514914;-80.390050;28.0;123.0
@20260609_103407_446_gnss.csv@951975258;25.514906;-80.390040;28.6;121.6
@20260609_103407_446_gnss.csv@952085329;25.514900;-80.390020;27.2;118.9
@20260609_103407_446_gnss.csv@952195398;25.514892;-80.390016;26.5;117.7
@20260609_103407_446_gnss.csv@952305244;25.514884;-80.390000;27.9;124.1
@20260609_103407_446_gnss.csv@952415132;25.514880;-80.389984;27.8;117.8
@20260609_103407_446_gnss.csv@952525273;25.514870;-80.389970;26.6;122.0
@20260609_103407_446_gnss.csv@952652059;25.514862;-80.389950;28.3;126.6
@20260609_103407_446_gnss.csv@952762362;25.514854;-80.389944;27.0;122.1
@20260609_103407_446_gnss.csv@952872076;25.514846;-80.389930;25.9;128.7
@20260609_103407_446_gnss.csv@952982245;25.514838;-80.389912;26.4;122.2
@20260609_103407_446_gnss.csv@953092067;25.514830;-80.389910;26.7;130.8
@20260609_103407_446_gnss.csv@953202318;25.514820;-80.389890;26.8;126.5
@20260609_103407_446_gnss.csv@953312093;25.514812;-80.389884;27.5;122.0
@20260609_103407_446_gnss.csv@953422316;25.514802;-80.389870;28.1;134.9
@20260609_103407_446_gnss.csv@953531986;25.514796;-80.389860;26.3;125.7
@20260609_103407_446_gnss.csv@953632177;25.514788;-80.389850;26.5;133.0
@20260609_103407_446_gnss.csv@953742302;25.514778;-80.389830;27.9;135.0
@20260609_103407_446_gnss.csv@953852112;25.514770;-80.389824;26.0;131.8
@20260609_103407_446_gnss.csv@953962235;25.514760;-80.389810;26.6;127.9
@20260609_103407_446_gnss.csv@954072059;25.514752;-80.389800;26.8;136.1
@20260609_103407_446_gnss.csv@954182259;25.514740;-80.389790;27.8;128.1
@20260609_103407_446_gnss.csv@954292018;25.514732;-80.389780;26.0;132.9
@20260609_103407_446_gnss.csv@954402281;25.514720;-80.389770;27.1;136.9
@20260609_103407_446_gnss.csv@954512104;25.514712;-80.389752;26.6;131.3
@20260609_103407_446_gnss.csv@954636253;25.514702;-80.389750;26.9;131.2
@20260609_103407_446_gnss.csv@954753479;25.514690;-80.389730;27.7;133.6
@20260609_103407_446_gnss.csv@954863747;25.514680;-80.389732;26.4;133.6
@20260609_103407_446_gnss.csv@954973459;25.514670;-80.389720;28.0;133.3
@20260609_103407_446_gnss.csv@955083600;25.514658;-80.389700;28.4;135.8
@20260609_103407_446_gnss.csv@955193452;25.514648;-80.389692;27.8;141.8
@20260609_103407_446_gnss.csv@955303690;25.514636;-80.389690;26.7;142.6
@20260609_103407_446_gnss.csv@955413386;25.514628;-80.389680;27.8;144.8
@20260609_103407_446_gnss.csv@955523666;25.514614;-80.389660;28.3;144.0
@20260609_103407_446_gnss.csv@955633377;25.514604;-80.389656;28.6;142.0
@20260609_103407_446_gnss.csv@955733489;25.514596;-80.389650;28.0;145.6
@20260609_103407_446_gnss.csv@955845933;25.514582;-80.389640;26.0;137.7
@20260609_103407_446_gnss.csv@955956542;25.514572;-80.389630;26.7;147.2
@20260609_103407_446_gnss.csv@956073460;25.514558;-80.389624;27.5;152.5
@20260609_103407_446_gnss.csv@956183744;25.514548;-80.389610;28.5;148.7
@20260609_103407_446_gnss.csv@956293524;25.514536;-80.389600;27.4;150.6
@20260609_103407_446_gnss.csv@956403690;25.514522;-80.389592;26.5;152.4
@20260609_103407_446_gnss.csv@956513516;25.514512;-80.389590;26.1;154.3
@20260609_103407_446_gnss.csv@956623553;25.514500;-80.389580;28.2;150.1
@20260609_103407_446_gnss.csv@956732153;25.514488;-80.389570;25.8;156.4
@20260609_103407_446_gnss.csv@956842400;25.514474;-80.389568;28.1;151.2
@20260609_103407_446_gnss.csv@956952169;25.514466;-80.389560;27.5;145.8
@20260609_103407_446_gnss.csv@957062404;25.514452;-80.389550;28.1;157.9
@20260609_103407_446_gnss.csv@957172021;25.514440;-80.389550;27.9;152.3
@20260609_103407_446_gnss.csv@957282224;25.514428;-80.389540;27.6;161.4
@20260609_103407_446_gnss.csv@957392087;25.514416;-80.389532;28.1;155.0
@20260609_103407_446_gnss.csv@957502282;25.514400;-80.389530;26.3;148.7
@20260609_103407_446_gnss.csv@957612087;25.514390;-80.389520;27.0;162.9
@20260609_103407_446_gnss.csv@957748888;25.514374;-80.389510;27.8;157.7
@20260609_103407_446_gnss.csv@957863604;25.514360;-80.389500;27.5;150.8
@20260609_103407_446_gnss.csv@957973559;25.514348;-80.389500;28.5;157.5
@20260609_103407_446_gnss.csv@958092984;25.514334;-80.389496;28.1;162.6
@20260609_103407_446_gnss.csv@958205942;25.514320;-80.389490;27.9;162.5
@20260609_103407_446_gnss.csv@958315929;25.514308;-80.389480;28.1;155.8
@20260609_103407_446_gnss.csv@958432947;25.514294;-80.389480;26.2;156.6
@20260609_103407_446_gnss.csv@958543271;25.514278;-80.389470;26.7;161.4
@20260609_103407_446_gnss.csv@958653132;25.514268;-80.389470;28.5;164.5
@20260609_103407_446_gnss.csv@958817622;25.514248;-80.389464;27.3;161.9
@20260609_103407_446_gnss.csv@958924924;25.514232;-80.389460;27.6;163.9
@20260609_103407_446_gnss.csv@959035223;25.514222;-80.389460;26.1;171.9
@20260609_103407_446_gnss.csv@959144993;25.514206;-80.389450;27.9;169.0
@20260609_103407_446_gnss.csv@959256626;25.514194;-80.389450;27.4;162.8
@20260609_103407_446_gnss.csv@959366536;25.514180;-80.389440;28.4;162.7
@20260609_103407_446_gnss.csv@959475123;25.514168;-80.389440;27.2;161.2
@20260609_103407_446_gnss.csv@959585258;25.514152;-80.389432;26.6;172.2
@20260609_103407_446_gnss.csv@959695002;25.514140;-80.389432;27.9;177.0
@20260609_103407_446_gnss.csv@959805034;25.514126;-80.389432;28.1;173.3
@20260609_103407_446_gnss.csv@959933439;25.514110;-80.389430;27.5;171.1
@20260609_103407_446_gnss.csv@960053446;25.514096;-80.389430;27.3;172.9
@20260609_103407_446_gnss.csv@960163626;25.514080;-80.389430;27.1;181.3
@20260609_103407_446_gnss.csv@960273430;25.514068;-80.389430;27.1;179.2
@20260609_103407_446_gnss.csv@960383713;25.514054;-80.389420;27.2;178.2
@20260609_103407_446_gnss.csv@960493374;25.514040;-80.389420;26.5;182.4
@20260609_103407_446_gnss.csv@960603692;25.514024;-80.389420;28.0;170.2
@20260609_103407_446_gnss.csv@960713534;25.514014;-80.389420;27.4;174.5
@20260609_103407_446_gnss.csv@960833461;25.513998;-80.389420;25.9;180.5
@20260609_103407_446_gnss.csv@960936474;25.513984;-80.389420;26.9;177.6
@20260609_103407_446_gnss.csv@961053383;25.513970;-80.389420;27.4;172.4
@20260609_103407_446_gnss.csv@961166159;25.513954;-80.389420;28.0;171.6
@20260609_103407_446_gnss.csv@961276365;25.513942;-80.389420;28.4;180.6
@20260609_103407_446_gnss.csv@961393618;25.513928;-80.389420;26.2;176.2
@20260609_103407_446_gnss.csv@961513408;25.513912;-80.389420;28.5;173.5
@20260609_103407_446_gnss.csv@961624973;25.513896;-80.389420;28.5;179.9
@20260609_103407_446_gnss.csv@961734977;25.513884;-80.389420;26.7;188.4
@20260609_103407_446_gnss.csv@961844934;25.513870;-80.389420;28.0;184.9
@20260609_103407_446_gnss.csv@962002158;25.513852;-80.389420;28.4;178.7
@20260609_103407_446_gnss.csv@962116377;25.513838;-80.389420;27.5;191.2
@20260609_103407_446_gnss.csv@962226517;25.513822;-80.389430;25.8;194.2
@20260609_103407_446_gnss.csv@962336317;25.513810;-80.389430;26.8;183.3
@20260609_103407_446_gnss.csv@962453588;25.513794;-80.389430;27.4;189.6
@20260609_103407_446_gnss.csv@962563748;25.513778;-80.389432;28.6;181.2
@20260609_103407_446_gnss.csv@962673519;25.513768;-80.389432;27.0;193.7
@20260609_103407_446_gnss.csv@962783728;25.513752;-80.389432;26.1;188.4
@20260609_103407_446_gnss.csv@962903634;25.513736;-80.389440;27.0;188.1
@20260609_103407_446_gnss.csv@963060930;25.513720;-80.389440;27.3;191.0
@20260609_103407_446_gnss.csv@963173409;25.513706;-80.389450;26.2;193.5
@20260609_103407_446_gnss.csv@963286984;25.513690;-80.389450;26.5;187.0
@20260609_103407_446_gnss.csv@963396870;25.513678;-80.389460;26.7;190.7
@20260609_103407_446_gnss.csv@963505225;25.513664;-80.389460;27.2;188.9
@20260609_103407_446_gnss.csv@963615016;25.513650;-80.389464;26.3;191.8
@20260609_103407_446_gnss.csv@963725017;25.513638;-80.389464;28.5;198.9
@20260609_103407_446_gnss.csv@963835027;25.513626;-80.389470;26.7;195.6
@20260609_103407_446_gnss.csv@963945011;25.513610;-80.389470;27.0;206.8
@20260609_103407_446_gnss.csv@964054970;25.513600;-80.389480;27.0;205.8
@20260609_103407_446_gnss.csv@964183720;25.513582;-80.389490;28.4;203.7
@20260609_103407_446_gnss.csv@964303772;25.513568;-80.389496;28.3;203.2
@20260609_103407_446_gnss.csv@964413439;25.513556;-80.389496;27.1;204.4
@20260609_103407_446_gnss.csv@964523634;25.513542;-80.389500;27.3;197.2
@20260609_103407_446_gnss.csv@964633487;25.513530;-80.389510;26.4;199.6
@20260609_103407_446_gnss.csv@964743645;25.513518;-80.389520;28.5;209.4
@20260609_103407_446_gnss.csv@964853482;25.513506;-80.389520;26.3;203.4
@20260609_103407_446_gnss.csv@964963721;25.513490;-80.389530;26.9;211.7
@20260609_103407_446_gnss.csv@965083630;25.513478;-80.389532;27.9;205.0
@20260609_103407_446_gnss.csv@965188613;25.513466;-80.389540;28.2;199.3
@20260609_103407_446_gnss.csv@965295022;25.513454;-80.389550;26.4;198.9
@20260609_103407_446_gnss.csv@965405073;25.513442;-80.389560;28.3;209.0
@20260609_103407_446_gnss.csv@965514896;25.513430;-80.389568;27.4;216.2
@20260609_103407_446_gnss.csv@965626484;25.513416;-80.389570;27.7;217.8
@20260609_103407_446_gnss.csv@965736356;25.513406;-80.389570;26.0;202.4
@20260609_103407_446_gnss.csv@965845232;25.513394;-80.389590;28.0;201.9
@20260609_103407_446_gnss.csv@965955013;25.513382;-80.389590;26.3;217.1
@20260609_103407_446_gnss.csv@966064983;25.513368;-80.389600;27.5;204.0
@20260609_103407_446_gnss.csv@966174951;25.513360;-80.389610;26.2;203.3
@20260609_103407_446_gnss.csv@966303743;25.513344;-80.389620;28.3;203.2
@20260609_103407_446_gnss.csv@966423617;25.513332;-80.389624;27.8;218.9
@20260609_103407_446_gnss.csv@966533400;25.513320;-80.389630;27.9;221.3
@20260609_103407_446_gnss.csv@966643629;25.513310;-80.389640;26.1;211.3
@20260609_103407_446_gnss.csv@966753494;25.513298;-80.389656;26.0;213.7
@20260609_103407_446_gnss.csv@966863719;25.513286;-80.389660;27.0;206.9
@20260609_103407_446_gnss.csv@966973377;25.513278;-80.389670;27.1;226.4
@20260609_103407_446_gnss.csv@967083748;25.513264;-80.389680;25.8;210.7
@20260609_103407_446_gnss.csv@967203717;25.513252;-80.389692;28.7;215.4
@20260609_103407_446_gnss.csv@967318809;25.513242;-80.389700;27.5;213.5
@20260609_103407_446_gnss.csv@967435097;25.513232;-80.389710;26.5;223.2
@20260609_103407_446_gnss.csv@967553584;25.513220;-80.389732;28.6;215.6
@20260609_103407_446_gnss.csv@967673324;25.513208;-80.389730;28.6;225.0
@20260609_103407_446_gnss.csv@967793413;25.513196;-80.389750;26.0;229.2
@20260609_103407_446_gnss.csv@967913542;25.513188;-80.389752;28.6;223.2
@20260609_103407_446_gnss.csv@968033440;25.513176;-80.389770;26.5;226.8
@20260609_103407_446_gnss.csv@968153479;25.513164;-80.389780;26.9;231.8
@20260609_103407_446_gnss.csv@968275019;25.513156;-80.389790;26.9;226.3
@20260609_103407_446_gnss.csv@968389565;25.513144;-80.389800;27.0;232.0
@20260609_103407_446_gnss.csv@968503705;25.513134;-80.389820;26.3;219.7
@20260609_103407_446_gnss.csv@968616723;25.513126;-80.389824;27.0;231.2
@20260609_103407_446_gnss.csv@968726496;25.513114;-80.389840;26.8;234.7
@20260609_103407_446_gnss.csv@968835217;25.513108;-80.389850;27.0;238.2
@20260609_103407_446_gnss.csv@968944958;25.513098;-80.389860;26.3;236.1
@20260609_103407_446_gnss.csv@969054927;25.513090;-80.389880;26.7;220.6
@20260609_103407_446_gnss.csv@969164995;25.513080;-80.389884;26.9;242.5
@20260609_103407_446_gnss.csv@969275014;25.513072;-80.389900;27.6;227.2
@20260609_103407_446_gnss.csv@969451335;25.513060;-80.389912;28.2;228.5
@20260609_103407_446_gnss.csv@969563637;25.513050;-80.389930;26.3;242.7
@20260609_103407_446_gnss.csv@969676128;25.513044;-80.389944;25.9;226.9
@20260609_103407_446_gnss.csv@969786507;25.513034;-80.389950;27.9;230.7
@20260609_103407_446_gnss.csv@969896366;25.513028;-80.389970;26.7;229.1
@20260609_103407_446_gnss.csv@970013607;25.513020;-80.389984;27.5;247.4
@20260609_103407_446_gnss.csv@970133434;25.513012;-80.390000;27.9;237.5
@20260609_103407_446_gnss.csv@970244922;25.513004;-80.390010;28.4;242.8
@20260609_103407_446_gnss.csv@970355005;25.512998;-80.390020;26.1;242.7
@20260609_103407_446_gnss.csv@970515301;25.512988;-80.390048;28.6;252.8
@20260609_103407_446_gnss.csv@970624886;25.512980;-80.390060;27.9;237.3
@20260609_103407_446_gnss.csv@970736579;25.512974;-80.390070;28.0;231.5
@20260609_103407_446_gnss.csv@970846641;25.512968;-80.390080;27.4;241.2
@20260609_103407_446_gnss.csv@970955151;25.512962;-80.390100;27.8;235.8
@20260609_103407_446_gnss.csv@971065445;25.512954;-80.390116;27.5;238.7
@20260609_103407_446_gnss.csv@971175288;25.512950;-80.390120;27.9;242.4
@20260609_103407_446_gnss.csv@971285393;25.512944;-80.390140;26.9;242.0
@20260609_103407_446_gnss.csv@971395372;25.512940;-80.390150;28.1;253.6
@20260609_103407_446_gnss.csv@971513356;25.512934;-80.390170;27.0;244.8
@20260609_103407_446_gnss.csv@971643819;25.512926;-80.390180;26.7;248.6
@20260609_103407_446_gnss.csv@971763718;25.512920;-80.390200;27.7;257.2
@20260609_103407_446_gnss.csv@971873415;25.512916;-80.390210;27.6;238.4
@20260609_103407_446_gnss.csv@971983714;25.512910;-80.390230;26.9;255.3
@20260609_103407_446_gnss.csv@972093439;25.512908;-80.390240;28.0;253.5
@20260609_103407_446_gnss.csv@972203767;25.512902;-80.390260;28.6;257.5
@20260609_103407_446_gnss.csv@972313425;25.512898;-80.390268;28.2;252.8
@20260609_103407_446_gnss.csv@972423687;25.512894;-80.390290;27.4;249.8
@20260609_103407_446_gnss.csv@972533381;25.512890;-80.390308;28.0;249.8
@20260609_103407_446_gnss.csv@972651279;25.512886;-80.390320;28.6;256.3
@20260609_103407_446_gnss.csv@972755016;25.512884;-80.390330;26.1;260.0
@20260609_103407_446_gnss.csv@972865224;25.512880;-80.390350;28.0;255.8
@20260609_103407_446_gnss.csv@972976452;25.512876;-80.390360;28.5;249.9
@20260609_103407_446_gnss.csv@973099327;25.512872;-80.390380;27.9;263.7
@20260609_103407_446_gnss.csv@973212689;25.512870;-80.390400;27.5;248.3
@20260609_103407_446_gnss.csv@973322932;25.512868;-80.390410;26.9;260.4
@20260609_103407_446_gnss.csv@973432763;25.512866;-80.390430;26.6;268.6
@20260609_103407_446_gnss.csv@973542900;25.512864;-80.390440;26.1;271.4
@20260609_103407_446_gnss.csv@973771035;25.512860;-80.390470;25.9;267.0
@20260609_103407_446_gnss.csv@973883712;25.512856;-80.390490;27.9;250.1
@20260609_103407_446_gnss.csv@973996971;25.512856;-80.390500;26.3;271.0
@20260609_103407_446_gnss.csv@974106930;25.512854;-80.390520;27.3;255.7
@20260609_103407_446_gnss.csv@974215362;25.512852;-80.390530;27.4;271.8
@20260609_103407_446_gnss.csv@974325139;25.512852;-80.390550;27.0;278.4
@20260609_103407_446_gnss.csv@974435104;25.512850;-80.390560;28.4;279.0
@20260609_103407_446_gnss.csv@974544912;25.512850;-80.390580;26.9;254.1
@20260609_103407_446_gnss.csv@974655015;25.512850;-80.390592;27.4;258.2
@20260609_103407_446_gnss.csv@974773460;25.512848;-80.390610;27.3;273.8
@20260609_103407_446_gnss.csv@974904770;25.512848;-80.390630;27.9;274.0
@20260609_103407_446_gnss.csv@975016110;25.512848;-80.390640;26.6;266.6
@20260609_103407_446_gnss.csv@975126168;25.512848;-80.390660;27.0;272.9
@20260609_103407_446_gnss.csv@975235969;25.512848;-80.390670;27.0;279.2
@20260609_103407_446_gnss.csv@975346055;25.512850;-80.390690;28.4;272.6
@20260609_103407_446_gnss.csv@975463680;25.512850;-80.390710;28.1;260.1
@20260609_103407_446_gnss.csv@975573505;25.512852;-80.390716;27.6;267.2
@20260609_103407_446_gnss.csv@975683879;25.512852;-80.390740;26.9;269.9
@20260609_103407_446_gnss.csv@975803636;25.512854;-80.390752;28.0;278.4
@20260609_103407_446_gnss.csv@976025815;25.512856;-80.390784;27.5;265.9
@20260609_103407_446_gnss.csv@976136228;25.512858;-80.390800;26.2;282.9
@20260609_103407_446_gnss.csv@976246310;25.512862;-80.390816;27.3;291.9
@20260609_103407_446_gnss.csv@976356038;25.512864;-80.390830;27.4;266.6
@20260609_103407_446_gnss.csv@976473731;25.512866;-80.390850;27.4;275.3
@20260609_103407_446_gnss.csv@976583678;25.512868;-80.390860;28.4;271.9
@20260609_103407_446_gnss.csv@976693423;25.512870;-80.390880;27.9;273.0
@20260609_103407_446_gnss.csv@976803768;25.512872;-80.390890;27.7;272.2
@20260609_103407_446_gnss.csv@976913568;25.512876;-80.390910;28.4;284.4
@20260609_103407_446_gnss.csv@977145020;25.512882;-80.390940;27.4;296.1
@20260609_103407_446_gnss.csv@977255994;25.512886;-80.390950;27.2;270.6
@20260609_103407_446_gnss.csv@977373661;25.512888;-80.390970;26.0;291.2
@20260609_103407_446_gnss.csv@977483639;25.512892;-80.390980;25.9;280.2
@20260609_103407_446_gnss.csv@977593663;25.512896;-80.391000;28.6;270.2
@20260609_103407_446_gnss.csv@977713462;25.512900;-80.391016;28.4;272.0
@20260609_103407_446_gnss.csv@977823685;25.512902;-80.391030;28.5;286.3
@20260609_103407_446_gnss.csv@977933545;25.512906;-80.391048;26.3;275.9
@20260609_103407_446_gnss.csv@978043636;25.512908;-80.391060;28.5;281.8
@20260609_103407_446_gnss.csv@978266656;25.512916;-80.391090;27.5;293.1
@20260609_103407_446_gnss.csv@978392183;25.512920;-80.391108;26.2;287.6
@20260609_103407_446_gnss.csv@978502389;25.512924;-80.391120;26.8;273.3
@20260609_103407_446_gnss.csv@978612224;25.512928;-80.391132;27.2;291.0
@20260609_103407_446_gnss.csv@978722337;25.512932;-80.391150;27.3;283.8
@20260609_103407_446_gnss.csv@978832017;25.512934;-80.391170;28.4;294.7
@20260609_103407_446_gnss.csv@978942331;25.512940;-80.391180;25.9;277.4
@20260609_103407_446_gnss.csv@979052089;25.512944;-80.391200;26.9;300.1
@20260609_103407_446_gnss.csv@979162250;25.512948;-80.391210;28.4;279.9
@20260609_103407_446_gnss.csv@979387074;25.512954;-80.391240;26.5;299.4
@20260609_103407_446_gnss.csv@979496234;25.512958;-80.391250;26.2;273.1
@20260609_103407_446_gnss.csv@979613715;25.512962;-80.391268;28.3;287.7
@20260609_103407_446_gnss.csv@979723753;25.512968;-80.391280;27.5;290.9
@20260609_103407_446_gnss.csv@979833480;25.512972;-80.391300;28.6;285.2
@20260609_103407_446_gnss.csv@979953490;25.512976;-80.391310;27.2;275.5
@20260609_103407_446_gnss.csv@980073464;25.512982;-80.391330;28.0;302.8
@20260609_103407_446_gnss.csv@980183681;25.512986;-80.391340;27.9;299.2
@20260609_103407_446_gnss.csv@980285196;25.512990;-80.391360;26.6;301.3
@20260609_103407_446_gnss.csv@980507453;25.512998;-80.391390;26.6;292.2
@20260609_103407_446_gnss.csv@980615984;25.513002;-80.391400;26.7;299.8
@20260609_103407_446_gnss.csv@980717663;25.513006;-80.391410;27.4;286.0
@20260609_103407_446_gnss.csv@980827317;25.513012;-80.391424;27.0;297.5
@20260609_103407_446_gnss.csv@980937172;25.513016;-80.391440;28.6;289.4
@20260609_103407_446_gnss.csv@981045530;25.513022;-80.391460;28.5;287.4
@20260609_103407_446_gnss.csv@981147225;25.513026;-80.391470;28.5;302.8
@20260609_103407_446_gnss.csv@981255547;25.513030;-80.391490;27.0;290.3
@20260609_103407_446_gnss.csv@981365216;25.513034;-80.391500;28.2;304.9
@20260609_103407_446_gnss.csv@981475075;25.513040;-80.391510;26.0;288.8
@20260609_103407_446_gnss.csv@981630785;25.513046;-80.391530;27.0;288.9
@20260609_103407_446_gnss.csv@981735815;25.513052;-80.391550;28.5;282.0
@20260609_103407_446_gnss.csv@981847219;25.513056;-80.391560;27.6;282.1
@20260609_103407_446_gnss.csv@981972110;25.513062;-80.391580;27.1;290.9
@20260609_103407_446_gnss.csv@982082499;25.513068;-80.391592;27.1;301.7
@20260609_103407_446_gnss.csv@982192277;25.513072;-80.391610;27.5;293.4
@20260609_103407_446_gnss.csv@982302399;25.513078;-80.391624;28.1;299.0
@20260609_103407_446_gnss.csv@982412162;25.513082;-80.391630;26.1;295.1
@20260609_103407_446_gnss.csv@982522416;25.513088;-80.391656;13.4;291.5
@20260609_103407_446_gnss.csv@982748233;25.513090;-80.391656;0.3;293.1
@20260609_103407_446_gnss.csv@982856365;25.513090;-80.391656;0.3;287.3
@20260609_103407_446_gnss.csv@982966559;25.513090;-80.391656;0.2;285.3
@20260609_103407_446_gnss.csv@983075469;25.513090;-80.391656;0.2;305.5
@20260609_103407_446_gnss.csv@983185558;25.513090;-80.391656;0.3;296.0
@20260609_103407_446_gnss.csv@983304129;25.513090;-80.391656;0.2;302.7
@20260609_103407_446_gnss.csv@983413791;25.513090;-80.391656;0.4;305.2
@20260609_103407_446_gnss.csv@983523953;25.513090;-80.391656;0.3;294.8
@20260609_103407_446_gnss.csv@983643978;25.513090;-80.391656;0.4;301.1
@20260609_103407_446_gnss.csv@983868198;25.513090;-80.391656;0.2;280.7
@20260609_103407_446_gnss.csv@983976960;25.513090;-80.391656;0.3;294.2
@20260609_103407_446_gnss.csv@984087107;25.513090;-80.391656;0.3;306.6
@20260609_103407_446_gnss.csv@984196949;25.513090;-80.391656;0.2;306.3
@20260609_103407_446_gnss.csv@984305383;25.513090;-80.391656;0.3;297.7
@20260609_103407_446_gnss.csv@984415259;25.513090;-80.391656;0.2;299.6
@20260609_103407_446_gnss.csv@984525489;25.513092;-80.391656;0.2;301.2
@20260609_103407_446_gnss.csv@984635659;25.513092;-80.391660;0.3;288.7
@20260609_103407_446_gnss.csv@984745362;25.513092;-80.391660;0.2;304.0
@20260609_103407_446_gnss.csv@984863986;25.513092;-80.391660;0.2;286.8
@20260609_103407_446_gnss.csv@985000008;25.513092;-80.391660;0.3;285.7
@20260609_103407_446_gnss.csv@985113748;25.513092;-80.391660;0.2;292.7
@20260609_103407_446_gnss.csv@985226340;25.513092;-80.391660;0.2;304.3
@20260609_103407_446_gnss.csv@985336365;25.513092;-80.391660;0.3;286.7
@20260609_103407_446_gnss.csv@985550447;25.513092;-80.391660;0.3;310.2
@20260609_103407_446_gnss.csv@985663899;25.513092;-80.391660;0.3;305.4
@20260609_103407_446_gnss.csv@985775951;25.513092;-80.391660;0.3;285.0
@20260609_103407_446_gnss.csv@985886348;25.513092;-80.391660;0.4;309.3
@20260609_103407_446_gnss.csv@986078867;25.513092;-80.391660;0.3;296.5
@20260609_103407_446_gnss.csv@986193571;25.513092;-80.391660;0.3;285.1
@20260609_103407_446_gnss.csv@986313621;25.513094;-80.391660;0.3;290.6
@20260609_103407_446_gnss.csv@986425424;25.513094;-80.391660;0.3;288.1
@20260609_103407_446_gnss.csv@986535643;25.513094;-80.391660;0.3;295.8
@20260609_103407_446_gnss.csv@986645694;25.513094;-80.391660;0.4;310.0
@20260609_103407_446_health.csv@uptime;temp;mem_free;load;oom_s;land_s
@20260609_103407_446_health.csv@926839064;34;32672432;0;None;None
@20260609_103407_446_health.csv@927850640;33;32421680;0;517;None
@20260609_103407_446_health.csv@928856829;33;32133664;0;269;None
@20260609_103407_446_health.csv@929872403;33;31817824;41;189;None
@20260609_103407_446_health.csv@930892545;33;31522576;36;157;None
@20260609_103407_446_health.csv@931912831;33;31221440;30;138;None
@20260609_103407_446_health.csv@932943456;33;30864480;24;119;None
@20260609_103407_446_health.csv@933973785;33;30561120;29;113;None
@20260609_103407_446_health.csv@935004204;33;30258736;41;108;None
@20260609_103407_446_health.csv@936034345;33;29959888;35;105;None
@20260609_103407_446_health.csv@937131961;33;29654464;42;None;200
@20260609_103407_446_health.csv@938150924;33;30692064;33;None;143
@20260609_103407_446_health.csv@939165631;33;30306576;25;314;151
@20260609_103407_446_health.csv@940235493;33;29920320;38;None;130
@20260609_103407_446_health.csv@941257614;33;30699664;35;None;104
@20260609_103407_446_health.csv@942279846;33;30338640;41;336;89
@20260609_103407_446_health.csv@943295290;33;29990144;40;193;80
@20260609_103407_446_health.csv@944364867;33;29621904;37;None;73
@20260609_103407_446_health.csv@945382143;33;30691504;34;None;65
@20260609_103407_446_health.csv@946404797;33;30351744;30;357;59
@20260609_103407_446_health.csv@947425164;33;29994752;31;196;55
@20260609_103407_446_health.csv@948445489;33;29650144;36;147;50
@20260609_103407_446_health.csv@949468167;33;29289152;0;121;47
@20260609_103407_446_health.csv@950490675;33;28922176;39;106;42
@20260609_103407_446_health.csv@951525798;33;28496544;31;91;40
@20260609_103407_446_health.csv@952560006;33;28134640;40;86;37
@20260609_103407_446_health.csv@953598090;33;27769984;38;83;34
@20260609_103407_446_health.csv@954630001;33;27407024;40;80;33
@20260609_103407_446_health.csv@955668841;33;27043072;38;77;30
@20260609_103407_446_health.csv@956701574;33;26689136;41;76;29
@20260609_103407_446_health.csv@957741867;33;26321072;0;74;28
@20260609_103407_446_health.csv@958808141;33;25835616;2;66;25
@20260609_103407_446_health.csv@959868743;33;25466960;34;66;24
@20260609_103407_446_health.csv@960928941;33;25105760;25;66;22
@20260609_103407_446_health.csv@961992983;33;24746928;28;66;21
@20260609_103407_446_health.csv@963054177;33;24387008;24;66;19
@20260609_103407_446_health.csv@964119714;33;24022736;35;65;18
@20260609_103407_446_health.csv@965180266;33;23664320;2;64;17
@20260609_103407_446_health.csv@966242110;33;23296464;1;63;16
@20260609_103407_446_health.csv@967311126;33;22936688;24;62;15
@20260609_103407_446_health.csv@968381431;33;22586480;24;62;13
@20260609_103407_446_health.csv@969443641;33;22227536;34;61;12
@20260609_103407_446_health.csv@970507541;33;21868624;25;60;11
@20260609_103407_446_health.csv@971577300;33;21501120;34;59;10
@20260609_103407_446_health.csv@972643030;33;21139792;34;58;9
@20260609_103407_446_health.csv@973764195;33;20788560;0;57;8
@20260609_103407_446_health.csv@974888161;33;20419792;34;56;7
@20260609_103407_446_health.csv@976012188;33;20055984;27;55;6
@20260609_103407_446_health.csv@977135266;33;19660432;49;53;5
@20260609_103407_446_health.csv@978255742;33;19264192;40;51;4
@20260609_103407_446_health.csv@979376067;33;18855776;0;49;3
@20260609_103407_446_health.csv@980496663;33;18458464;40;47;1
@20260609_103407_446_health.csv@981619099;33;18045392;0;45;0
@20260609_103407_446_health.csv@982737158;33;17632752;0;44;0
@20260609_103407_446_health.csv@983857638;33;17243936;24;43;None
@20260609_103407_446_health.csv@984983413;33;16846832;35;42;None
@20260609_103407_446_health.csv@986070225;33;25609504;46;None;None
@20260609_103407_446_imu_bno055.csv@uptime;heading;roll;pitch
@20260609_103407_446_imu_bno055.csv@926862431;30.6;-0.0;85.8
@20260609_103407_446_imu_bno055.csv@926921890;31.4;0.0;93.8
@20260609_103407_446_imu_bno055.csv@926981923;29.6;-0.0;87.7
@20260609_103407_446_imu_bno055.csv@927024068;30.2;-0.0;93.4
@20260609_103407_446_imu_bno055.csv@927081969;30.6;-0.0;93.8
@20260609_103407_446_imu_bno055.csv@927132513;29.2;0.0;90.7
@20260609_103407_446_imu_bno055.csv@927182520;29.7;-0.0;90.5
@20260609_103407_446_imu_bno055.csv@927232463;31.2;-0.0;87.3
@20260609_103407_446_imu_bno055.csv@927282427;29.7;-0.0;88.3
@20260609_103407_446_imu_bno055.csv@927341906;29.8;-0.0;85.5
@20260609_103407_446_imu_bno055.csv@927392450;30.3;-0.0;89.0
@20260609_103407_446_imu_bno055.csv@927451817;28.9;-0.0;87.4
@20260609_103407_446_imu_bno055.csv@927502454;29.2;0.0;88.3
@20260609_103407_446_imu_bno055.csv@927561947;31.5;-0.0;88.0
@20260609_103407_446_imu_bno055.csv@927622291;31.2;-0.0;85.5
@20260609_103407_446_imu_bno055.csv@927681823;29.3;-0.0;90.4
@20260609_103407_446_imu_bno055.csv@927732369;28.9;0.0;87.8
@20260609_103407_446_imu_bno055.csv@927791703;29.6;0.0;92.3
@20260609_103407_446_imu_bno055.csv@927841844;30.1;0.0;90.7
@20260609_103407_446_imu_bno055.csv@927901838;29.3;-0.0;87.7
@20260609_103407_446_imu_bno055.csv@927952368;31.4;0.0;91.1
@20260609_103407_446_imu_bno055.csv@928011738;30.7;-0.0;93.8
@20260609_103407_446_imu_bno055.csv@928062474;30.4;0.0;87.4
@20260609_103407_446_imu_bno055.csv@928121848;31.4;-0.0;92.2
@20260609_103407_446_imu_bno055.csv@928172384;29.4;-0.0;92.6
@20260609_103407_446_imu_bno055.csv@928231739;31.5;-0.0;91.8
@20260609_103407_446_imu_bno055.csv@928282349;29.0;-0.0;87.3
@20260609_103407_446_imu_bno055.csv@928341882;29.8;-0.0;88.3
@20260609_103407_446_imu_bno055.csv@928392443;31.2;0.0;85.8
@20260609_103407_446_imu_bno055.csv@928451742;30.3;-0.0;87.2
@20260609_103407_446_imu_bno055.csv@928502408;31.2;0.0;91.3
@20260609_103407_446_imu_bno055.csv@928561863;29.5;-0.0;91.3
@20260609_103407_446_imu_bno055.csv@928612392;29.0;0.0;88.1
@20260609_103407_446_imu_bno055.csv@928671737;29.3;0.0;91.6
@20260609_103407_446_imu_bno055.csv@928722440;30.1;0.0;94.4
@20260609_103407_446_imu_bno055.csv@928781871;31.0;-0.0;89.0
@20260609_103407_446_imu_bno055.csv@928832475;29.6;-0.0;93.9
@20260609_103407_446_imu_bno055.csv@928882056;30.7;-0.0;86.3
@20260609_103407_446_imu_bno055.csv@928932374;30.4;0.0;88.5
@20260609_103407_446_imu_bno055.csv@928991773;29.9;0.0;85.9
@20260609_103407_446_imu_bno055.csv@929042402;30.7;-0.0;86.2
@20260609_103407_446_imu_bno055.csv@929101878;30.3;0.0;89.5
@20260609_103407_446_imu_bno055.csv@929152420;30.3;0.0;90.3
@20260609_103407_446_imu_bno055.csv@929211721;29.4;-0.0;86.4
@20260609_103407_446_imu_bno055.csv@929262368;30.7;-0.0;87.8
@20260609_103407_446_imu_bno055.csv@929321846;31.5;0.0;86.6
@20260609_103407_446_imu_bno055.csv@929373758;30.4;-0.0;90.5
@20260609_103407_446_imu_bno055.csv@929431752;30.6;-0.0;88.5
@20260609_103407_446_imu_bno055.csv@929482559;29.7;-0.0;89.9
@20260609_103407_446_imu_bno055.csv@929541870;30.8;0.0;87.5
@20260609_103407_446_imu_bno055.csv@929592377;29.2;0.0;94.1
@20260609_103407_446_imu_bno055.csv@929651732;28.6;-0.0;85.5
@20260609_103407_446_imu_bno055.csv@929702389;31.2;-0.0;93.4
@20260609_103407_446_imu_bno055.csv@929761853;31.3;-0.0;93.8
@20260609_103407_446_imu_bno055.csv@929812388;29.5;-0.0;90.6
@20260609_103407_446_imu_bno055.csv@929875612;30.0;0.0;89.1
@20260609_103407_446_imu_bno055.csv@929922387;30.6;-0.0;87.9
@20260609_103407_446_imu_bno055.csv@929981846;31.5;0.0;89.0
@20260609_103407_446_imu_bno055.csv@930032371;29.7;-0.0;93.2
@20260609_103407_446_imu_bno055.csv@930091687;28.6;-0.0;85.5
@20260609_103407_446_imu_bno055.csv@930142334;29.9;0.0;92.8
@20260609_103407_446_imu_bno055.csv@930201806;29.3;0.0;92.0
@20260609_103407_446_imu_bno055.csv@930252354;29.2;-0.0;89.3
@20260609_103407_446_imu_bno055.csv@930311716;29.5;-0.0;94.3
@20260609_103407_446_imu_bno055.csv@930362334;28.7;-0.0;92.4
@20260609_103407_446_imu_bno055.csv@930421878;31.2;-0.0;89.9
@20260609_103407_446_imu_bno055.csv@930472425;29.1;0.0;88.7
@20260609_103407_446_imu_bno055.csv@930531772;30.2;0.0;86.5
@20260609_103407_446_imu_bno055.csv@930582406;31.4;-0.0;91.6
@20260609_103407_446_imu_bno055.csv@930641927;30.4;0.0;92.0
@20260609_103407_446_imu_bno055.csv@930692418;30.8;-0.0;90.5
@20260609_103407_446_imu_bno055.csv@930751895;29.1;-0.0;92.7
@20260609_103407_446_imu_bno055.csv@930802460;29.5;-0.0;87.9
@20260609_103407_446_imu_bno055.csv@930861944;28.6;0.0;86.7
@20260609_103407_446_imu_bno055.csv@930922139;30.9;0.0;87.3
@20260609_103407_446_imu_bno055.csv@930974169;31.0;-0.0;94.2
@20260609_103407_446_imu_bno055.csv@931022430;30.5;0.0;90.0
@20260609_103407_446_imu_bno055.csv@931072467;29.4;-0.0;88.9
@20260609_103407_446_imu_bno055.csv@931122495;31.3;0.0;91.6
@20260609_103407_446_imu_bno055.csv@931172446;30.3;0.0;85.6
@20260609_103407_446_imu_bno055.csv@931223375;28.7;-0.0;88.4
@20260609_103407_446_imu_bno055.csv@931272439;30.4;0.0;94.3
@20260609_103407_446_imu_bno055.csv@931331721;28.7;-0.0;91.4
@20260609_103407_446_imu_bno055.csv@931383916;28.6;-0.0;88.6
@20260609_103407_446_imu_bno055.csv@931441840;31.1;0.0;93.2
@20260609_103407_446_imu_bno055.csv@931493962;30.9;-0.0;86.1
@20260609_103407_446_imu_bno055.csv@931551716;30.6;0.0;92.4
@20260609_103407_446_imu_bno055.csv@931602517;30.5;-0.0;89.5
@20260609_103407_446_imu_bno055.csv@931661871;31.4;0.0;88.3
@20260609_103407_446_imu_bno055.csv@931712560;29.5;-0.0;93.9
@20260609_103407_446_imu_bno055.csv@931771720;30.6;0.0;89.7
@20260609_103407_446_imu_bno055.csv@931822421;31.1;-0.0;92.4
@20260609_103407_446_imu_bno055.csv@931881884;31.0;0.0;92.9
@20260609_103407_446_imu_bno055.csv@931942133;28.5;0.0;92.5
@20260609_103407_446_imu_bno055.csv@931993424;29.8;-0.0;88.9
@20260609_103407_446_imu_bno055.csv@932042686;29.1;-0.0;94.0
@20260609_103407_446_imu_bno055.csv@932092571;28.7;-0.0;89.0
@20260609_103407_446_imu_bno055.csv@932142688;30.1;-0.0;91.1
@20260609_103407_446_imu_bno055.csv@932192602;28.8;-0.0;90.2
@20260609_103407_446_imu_bno055.csv@932242667;28.9;0.0;86.1
@20260609_103407_446_imu_bno055.csv@932292644;30.3;0.0;92.8
@20260609_103407_446_imu_bno055.csv@932342644;31.2;0.0;85.5
@20260609_103407_446_imu_bno055.csv@932392646;28.6;-0.0;88.6
@20260609_103407_446_imu_bno055.csv@932444195;30.9;0.0;91.9
@20260609_103407_446_imu_bno055.csv@932492443;31.3;0.0;90.0
@20260609_103407_446_imu_bno055.csv@932544956;29.7;0.0;86.8
@20260609_103407_446_imu_bno055.csv@932592406;28.5;0.0;91.9
@20260609_103407_446_imu_bno055.csv@932651749;29.6;-0.0;92.8
@20260609_103407_446_imu_bno055.csv@932702419;30.5;0.0;89.0
@20260609_103407_446_imu_bno055.csv@932761916;31.5;-0.0;90.6
@20260609_103407_446_imu_bno055.csv@932812417;30.8;-0.0;92.4
@20260609_103407_446_imu_bno055.csv@932873386;30.8;0.0;91.3
@20260609_103407_446_imu_bno055.csv@932947805;30.9;0.0;85.5
@20260609_103407_446_imu_bno055.csv@932992401;29.4;0.0;94.1
@20260609_103407_446_imu_bno055.csv@933042455;29.8;0.0;85.6
@20260609_103407_446_imu_bno055.csv@933094518;28.6;-0.0;90.8
@20260609_103407_446_imu_bno055.csv@933151715;30.4;-0.0;88.3
@20260609_103407_446_imu_bno055.csv@933204866;29.0;0.0;89.5
@20260609_103407_446_imu_bno055.csv@933252379;30.5;0.0;89.6
@20260609_103407_446_imu_bno055.csv@933303901;28.6;-0.0;87.8
@20260609_103407_446_imu_bno055.csv@933352377;29.8;-0.0;92.2
@20260609_103407_446_imu_bno055.csv@933402390;30.6;0.0;92.7
@20260609_103407_446_imu_bno055.csv@933461849;31.5;-0.0;87.6
@20260609_103407_446_imu_bno055.csv@933513988;31.5;-0.0;87.5
@20260609_103407_446_imu_bno055.csv@933571770;28.6;-0.0;92.0
@20260609_103407_446_imu_bno055.csv@933623941;28.8;0.0;87.3
@20260609_103407_446_imu_bno055.csv@933681878;30.4;0.0;87.3
@20260609_103407_446_imu_bno055.csv@933732380;31.4;0.0;93.7
@20260609_103407_446_imu_bno055.csv@933791757;31.3;0.0;93.4
@20260609_103407_446_imu_bno055.csv@933842467;29.4;0.0;85.6
@20260609_103407_446_imu_bno055.csv@933901905;28.5;-0.0;89.4
@20260609_103407_446_imu_bno055.csv@933978576;29.3;-0.0;92.7
@20260609_103407_446_imu_bno055.csv@934031740;29.9;0.0;90.8
@20260609_103407_446_imu_bno055.csv@934082857;29.8;-0.0;88.3
@20260609_103407_446_imu_bno055.csv@934132387;30.4;-0.0;91.0
@20260609_103407_446_imu_bno055.csv@934191884;29.0;0.0;94.3
@20260609_103407_446_imu_bno055.csv@934243940;29.5;0.0;92.0
@20260609_103407_446_imu_bno055.csv@934292483;29.2;-0.0;93.6
@20260609_103407_446_imu_bno055.csv@934342433;28.8;0.0;86.6
@20260609_103407_446_imu_bno055.csv@934392592;30.7;0.0;92.3
@20260609_103407_446_imu_bno055.csv@934442363;31.5;0.0;89.2
@20260609_103407_446_imu_bno055.csv@934492387;29.5;-0.0;92.0
@20260609_103407_446_imu_bno055.csv@934551803;29.3;-0.0;93.5
@20260609_103407_446_imu_bno055.csv@934602433;31.0;-0.0;90.3
@20260609_103407_446_imu_bno055.csv@934661905;31.0;-0.0;87.8
@20260609_103407_446_imu_bno055.csv@934712408;30.9;0.0;85.9
@20260609_103407_446_imu_bno055.csv@934771791;30.4;0.0;87.1
@20260609_103407_446_imu_bno055.csv@934822447;29.0;-0.0;91.7
@20260609_103407_446_imu_bno055.csv@934881896;28.9;0.0;91.6
@20260609_103407_446_imu_bno055.csv@934932419;30.8;-0.0;89.6
@20260609_103407_446_imu_bno055.csv@935008383;29.6;-0.0;87.1
@20260609_103407_446_imu_bno055.csv@935052428;30.1;-0.0;94.5
@20260609_103407_446_imu_bno055.csv@935111816;29.8;0.0;92.4
@20260609_103407_446_imu_bno055.csv@935162449;30.3;0.0;85.9
@20260609_103407_446_imu_bno055.csv@935221888;30.9;0.0;85.9
@20260609_103407_446_imu_bno055.csv@935272390;29.1;0.0;90.3
@20260609_103407_446_imu_bno055.csv@935331765;30.2;-0.0;92.0
@20260609_103407_446_imu_bno055.csv@935382364;30.1;0.0;89.2
@20260609_103407_446_imu_bno055.csv@935441945;29.5;-0.0;85.6
@20260609_103407_446_imu_bno055.csv@935492378;28.7;0.0;86.7
@20260609_103407_446_imu_bno055.csv@935551778;30.7;-0.0;90.3
@20260609_103407_446_imu_bno055.csv@935602346;30.8;0.0;88.5
@20260609_103407_446_imu_bno055.csv@935661877;30.6;-0.0;88.3
@20260609_103407_446_imu_bno055.csv@935712382;30.4;0.0;90.2
@20260609_103407_446_imu_bno055.csv@935771696;29.8;-0.0;86.9
@20260609_103407_446_imu_bno055.csv@935822350;29.2;-0.0;93.6
@20260609_103407_446_imu_bno055.csv@935881852;30.1;-0.0;94.4
@20260609_103407_446_imu_bno055.csv@935932401;30.7;0.0;90.9
@20260609_103407_446_imu_bno055.csv@935991693;30.9;-0.0;94.2
@20260609_103407_446_imu_bno055.csv@936038755;28.6;0.0;94.2
@20260609_103407_446_imu_bno055.csv@936091770;30.4;0.0;89.1
@20260609_103407_446_imu_bno055.csv@936151795;29.6;0.0;90.8
@20260609_103407_446_imu_bno055.csv@936204042;29.8;0.0;89.4
@20260609_103407_446_imu_bno055.csv@936252549;29.5;-0.0;92.4
@20260609_103407_446_imu_bno055.csv@936302404;28.5;0.0;92.8
@20260609_103407_446_imu_bno055.csv@936352414;30.8;0.0;89.8
@20260609_103407_446_imu_bno055.csv@936402389;28.7;-0.0;88.0
@20260609_103407_446_imu_bno055.csv@936452562;29.8;-0.0;92.8
@20260609_103407_446_imu_bno055.csv@936502866;31.1;-0.0;93.6
@20260609_103407_446_imu_bno055.csv@936552403;30.2;-0.0;89.6
@20260609_103407_446_imu_bno055.csv@936602419;30.3;0.0;93.7
@20260609_103407_446_imu_bno055.csv@936661918;30.0;0.0;87.2
@20260609_103407_446_imu_bno055.csv@936713945;30.5;-0.0;88.2
@20260609_103407_446_imu_bno055.csv@936771774;31.0;0.0;91.4
@20260609_103407_446_imu_bno055.csv@936824430;29.3;-0.0;88.0
@20260609_103407_446_imu_bno055.csv@936881900;30.3;-0.0;94.0
@20260609_103407_446_imu_bno055.csv@936932894;30.0;0.0;89.1
@20260609_103407_446_imu_bno055.csv@936991788;31.4;0.0;91.4
@20260609_103407_446_imu_bno055.csv@937138140;29.7;-0.0;87.1
@20260609_103407_446_imu_bno055.csv@937192072;28.7;0.6;-6.6
@20260609_103407_446_imu_bno055.csv@937243462;30.3;1.6;-6.1
@20260609_103407_446_imu_bno055.csv@937302197;29.8;2.2;-6.3
@20260609_103407_446_imu_bno055.csv@937355216;31.7;2.6;-6.0
@20260609_103407_446_imu_bno055.csv@937411970;29.3;3.4;-6.3
@20260609_103407_446_imu_bno055.csv@937465373;30.9;3.8;-6.4
@20260609_103407_446_imu_bno055.csv@937522224;29.7;4.5;-6.3
@20260609_103407_446_imu_bno055.csv@937573647;32.1;4.8;-6.5
@20260609_103407_446_imu_bno055.csv@937632142;32.1;5.2;-6.2
@20260609_103407_446_imu_bno055.csv@937684115;30.7;5.7;-6.4
@20260609_103407_446_imu_bno055.csv@937742232;33.5;6.2;-6.4
@20260609_103407_446_imu_bno055.csv@937794145;33.4;6.1;-6.0
@20260609_103407_446_imu_bno055.csv@937851948;32.0;6.2;-5.9
@20260609_103407_446_imu_bno055.csv@937904068;31.7;6.8;-6.0
@20260609_103407_446_imu_bno055.csv@937962309;33.6;7.1;-6.2
@20260609_103407_446_imu_bno055.csv@938014020;32.7;7.2;-6.1
@20260609_103407_446_imu_bno055.csv@938071978;32.7;6.7;-6.1
@20260609_103407_446_imu_bno055.csv@938131985;34.7;7.0;-6.2
@20260609_103407_446_imu_bno055.csv@938182250;32.8;7.6;-6.2
@20260609_103407_446_imu_bno055.csv@938231982;34.4;7.7;-6.0
@20260609_103407_446_imu_bno055.csv@938291995;35.6;7.8;-6.4
@20260609_103407_446_imu_bno055.csv@938343978;34.5;7.2;-6.1
@20260609_103407_446_imu_bno055.csv@938402205;35.8;7.3;-6.3
@20260609_103407_446_imu_bno055.csv@938454051;34.9;7.3;-5.9
@20260609_103407_446_imu_bno055.csv@938512027;34.7;7.6;-6.4
@20260609_103407_446_imu_bno055.csv@938564279;36.0;7.1;-5.9
@20260609_103407_446_imu_bno055.csv@938622256;36.7;7.5;-6.1
@20260609_103407_446_imu_bno055.csv@938674167;35.2;7.3;-6.4
@20260609_103407_446_imu_bno055.csv@938731997;35.6;6.8;-6.3
@20260609_103407_446_imu_bno055.csv@938784155;36.3;6.1;-6.2
@20260609_103407_446_imu_bno055.csv@938842198;38.3;6.5;-5.8
@20260609_103407_446_imu_bno055.csv@938893936;39.4;5.9;-5.9
@20260609_103407_446_imu_bno055.csv@938951972;38.4;6.1;-6.1
@20260609_103407_446_imu_bno055.csv@939004058;38.9;5.2;-6.2
@20260609_103407_446_imu_bno055.csv@939062129;38.1;5.0;-6.0
@20260609_103407_446_imu_bno055.csv@939113891;38.1;5.0;-6.0
@20260609_103407_446_imu_bno055.csv@939168784;39.4;4.9;-6.2
@20260609_103407_446_imu_bno055.csv@939222285;39.8;4.7;-6.5
@20260609_103407_446_imu_bno055.csv@939282214;39.8;5.0;-6.4
@20260609_103407_446_imu_bno055.csv@939333698;41.3;4.3;-5.9
@20260609_103407_446_imu_bno055.csv@939392134;41.4;4.0;-6.5
@20260609_103407_446_imu_bno055.csv@939443502;39.0;3.6;-6.3
@20260609_103407_446_imu_bno055.csv@939502171;41.8;3.4;-6.5
@20260609_103407_446_imu_bno055.csv@939553773;42.1;3.3;-6.0
@20260609_103407_446_imu_bno055.csv@939612052;41.4;3.0;-6.3
@20260609_103407_446_imu_bno055.csv@939663608;41.3;3.0;-6.3
@20260609_103407_446_imu_bno055.csv@939722125;40.0;2.9;-5.8
@20260609_103407_446_imu_bno055.csv@939773861;40.9;3.1;-6.4
@20260609_103407_446_imu_bno055.csv@939832000;39.7;4.0;-6.4
@20260609_103407_446_imu_bno055.csv@939883489;41.8;4.0;-6.4
@20260609_103407_446_imu_bno055.csv@939942237;42.7;4.6;-5.9
@20260609_103407_446_imu_bno055.csv@939993844;43.7;5.2;-6.0
@20260609_103407_446_imu_bno055.csv@940052049;40.3;5.2;-6.0
@20260609_103407_446_imu_bno055.csv@940103428;42.5;5.6;-6.1
@20260609_103407_446_imu_bno055.csv@940162239;43.2;6.3;-6.2
@20260609_103407_446_imu_bno055.csv@940244864;45.0;6.4;-6.2
@20260609_103407_446_imu_bno055.csv@940302283;45.5;6.9;-5.9
@20260609_103407_446_imu_bno055.csv@940362228;46.0;6.5;-6.4
@20260609_103407_446_imu_bno055.csv@940422206;43.8;6.7;-6.4
@20260609_103407_446_imu_bno055.csv@940482155;46.0;7.3;-6.3
@20260609_103407_446_imu_bno055.csv@940542185;43.8;7.5;-6.0
@20260609_103407_446_imu_bno055.csv@940594441;46.7;7.4;-5.8
@20260609_103407_446_imu_bno055.csv@940651995;43.5;7.6;-5.9
@20260609_103407_446_imu_bno055.csv@940704754;46.1;7.9;-6.3
@20260609_103407_446_imu_bno055.csv@940762265;48.2;8.0;-6.4
@20260609_103407_446_imu_bno055.csv@940812824;46.1;7.5;-6.1
@20260609_103407_446_imu_bno055.csv@940872044;46.0;7.4;-6.4
@20260609_103407_446_imu_bno055.csv@940932083;48.7;7.8;-6.0
@20260609_103407_446_imu_bno055.csv@940992096;46.0;8.1;-5.8
@20260609_103407_446_imu_bno055.csv@941042167;47.9;7.5;-6.4
@20260609_103407_446_imu_bno055.csv@941102308;50.2;7.7;-6.0
@20260609_103407_446_imu_bno055.csv@941151899;48.8;8.2;-5.9
@20260609_103407_446_imu_bno055.csv@941212065;50.7;7.8;-6.2
@20260609_103407_446_imu_bno055.csv@941264139;51.3;7.7;-6.1
@20260609_103407_446_imu_bno055.csv@941322233;51.1;7.8;-6.0
@20260609_103407_446_imu_bno055.csv@941382243;51.6;7.9;-6.2
@20260609_103407_446_imu_bno055.csv@941435091;52.5;7.8;-6.4
@20260609_103407_446_imu_bno055.csv@941492006;52.7;8.1;-6.0
@20260609_103407_446_imu_bno055.csv@941545068;48.9;8.1;-5.8
@20260609_103407_446_imu_bno055.csv@941602237;49.0;8.2;-6.1
@20260609_103407_446_imu_bno055.csv@941653531;49.8;8.6;-6.2
@20260609_103407_446_imu_bno055.csv@941711967;50.0;8.5;-6.2
@20260609_103407_446_imu_bno055.csv@941763568;54.5;8.2;-6.2
@20260609_103407_446_imu_bno055.csv@941822132;50.2;8.2;-5.9
@20260609_103407_446_imu_bno055.csv@941874036;51.2;8.1;-6.0
@20260609_103407_446_imu_bno055.csv@941932031;51.1;7.9;-5.8
@20260609_103407_446_imu_bno055.csv@941983532;56.4;7.9;-6.0
@20260609_103407_446_imu_bno055.csv@942032823;55.7;8.3;-5.8
@20260609_103407_446_imu_bno055.csv@942092243;55.2;8.5;-5.9
@20260609_103407_446_imu_bno055.csv@942152007;57.5;8.3;-6.3
@20260609_103407_446_imu_bno055.csv@942202244;55.1;8.3;-6.0
@20260609_103407_446_imu_bno055.csv@942262213;56.4;7.8;-6.3
@20260609_103407_446_imu_bno055.csv@942322151;53.9;8.3;-6.4
@20260609_103407_446_imu_bno055.csv@942382175;58.7;8.2;-5.8
@20260609_103407_446_imu_bno055.csv@942442192;55.3;8.1;-6.3
@20260609_103407_446_imu_bno055.csv@942495541;55.4;8.4;-6.3
@20260609_103407_446_imu_bno055.csv@942551904;55.0;8.3;-6.0
@20260609_103407_446_imu_bno055.csv@942605400;56.6;8.6;-6.0
@20260609_103407_446_imu_bno055.csv@942662124;61.1;8.2;-6.1
@20260609_103407_446_imu_bno055.csv@942722357;58.7;8.6;-5.9
@20260609_103407_446_imu_bno055.csv@942772828;56.9;7.9;-6.1
@20260609_103407_446_imu_bno055.csv@942832061;59.8;8.4;-6.0
@20260609_103407_446_imu_bno055.csv@942892001;57.9;8.2;-6.4
@20260609_103407_446_imu_bno055.csv@942942214;60.7;7.9;-6.2
@20260609_103407_446_imu_bno055.csv@942992833;63.0;8.7;-6.2
@20260609_103407_446_imu_bno055.csv@943052057;60.1;8.8;-6.3
@20260609_103407_446_imu_bno055.csv@943112064;59.9;8.8;-6.3
@20260609_103407_446_imu_bno055.csv@943172009;63.7;8.5;-6.2
@20260609_103407_446_imu_bno055.csv@943233502;60.3;8.2;-6.2
@20260609_103407_446_imu_bno055.csv@943299891;59.9;8.3;-6.0
@20260609_103407_446_imu_bno055.csv@943352091;63.8;8.2;-5.9
@20260609_103407_446_imu_bno055.csv@943403676;62.2;8.6;-6.4
@20260609_103407_446_imu_bno055.csv@943462360;63.7;8.0;-6.1
@20260609_103407_446_imu_bno055.csv@943513887;62.3;8.3;-6.3
@20260609_103407_446_imu_bno055.csv@943572094;67.1;8.1;-6.3
@20260609_103407_446_imu_bno055.csv@943623695;61.8;8.7;-6.2
@20260609_103407_446_imu_bno055.csv@943682292;65.8;8.6;-6.4
@20260609_103407_446_imu_bno055.csv@943733505;67.2;8.3;-5.7
@20260609_103407_446_imu_bno055.csv@943792101;65.0;8.5;-5.8
@20260609_103407_446_imu_bno055.csv@943843655;63.5;8.0;-5.7
@20260609_103407_446_imu_bno055.csv@943902236;68.8;8.8;-5.9
@20260609_103407_446_imu_bno055.csv@943953461;64.7;8.4;-6.2
@20260609_103407_446_imu_bno055.csv@944012033;64.3;8.5;-5.8
@20260609_103407_446_imu_bno055.csv@944065097;66.5;8.2;-5.9
@20260609_103407_446_imu_bno055.csv@944122197;66.0;8.1;-6.1
@20260609_103407_446_imu_bno055.csv@944175428;67.5;8.4;-6.3
@20260609_103407_446_imu_bno055.csv@944232068;71.7;8.7;-6.1
@20260609_103407_446_imu_bno055.csv@944283723;70.9;8.8;-6.0
@20260609_103407_446_imu_bno055.csv@944372213;67.4;8.2;-6.0
@20260609_103407_446_imu_bno055.csv@944432021;73.3;8.3;-5.9
@20260609_103407_446_imu_bno055.csv@944484669;72.4;8.5;-5.9
@20260609_103407_446_imu_bno055.csv@944542257;68.0;8.3;-6.0
@20260609_103407_446_imu_bno055.csv@944595219;72.6;8.7;-6.2
@20260609_103407_446_imu_bno055.csv@944652010;71.9;8.6;-6.2
@20260609_103407_446_imu_bno055.csv@944705184;70.0;7.9;-6.1
@20260609_103407_446_imu_bno055.csv@944762129;69.0;8.6;-6.0
@20260609_103407_446_imu_bno055.csv@944815058;74.0;8.1;-5.9
@20260609_103407_446_imu_bno055.csv@944872092;75.3;8.0;-6.1
@20260609_103407_446_imu_bno055.csv@944923721;72.0;8.7;-6.2
@20260609_103407_446_imu_bno055.csv@944982167;71.2;8.7;-6.3
@20260609_103407_446_imu_bno055.csv@945033492;74.1;7.8;-6.3
@20260609_103407_446_imu_bno055.csv@945092045;74.0;8.4;-6.4
@20260609_103407_446_imu_bno055.csv@945143575;76.4;8.6;-5.9
@20260609_103407_446_imu_bno055.csv@945202317;75.5;8.6;-6.4
@20260609_103407_446_imu_bno055.csv@945253513;75.1;8.6;-5.8
@20260609_103407_446_imu_bno055.csv@945311943;77.7;7.9;-6.0
@20260609_103407_446_imu_bno055.csv@945363518;75.8;8.3;-6.2
@20260609_103407_446_imu_bno055.csv@945413143;75.5;7.9;-5.9
@20260609_103407_446_imu_bno055.csv@945472066;77.2;7.9;-6.1
@20260609_103407_446_imu_bno055.csv@945531968;76.7;8.5;-6.1
@20260609_103407_446_imu_bno055.csv@945591893;80.3;7.9;-6.2
@20260609_103407_446_imu_bno055.csv@945651954;77.0;7.8;-6.3
@20260609_103407_446_imu_bno055.csv@945711967;79.6;8.3;-6.4
@20260609_103407_446_imu_bno055.csv@945773645;81.1;8.4;-6.0
@20260609_103407_446_imu_bno055.csv@945832024;80.9;8.0;-5.9
@20260609_103407_446_imu_bno055.csv@945892075;76.3;8.3;-5.9
@20260609_103407_446_imu_bno055.csv@945951969;81.4;7.9;-6.1
@20260609_103407_446_imu_bno055.csv@946012142;78.8;7.9;-6.4
@20260609_103407_446_imu_bno055.csv@946072054;80.0;8.5;-6.1
@20260609_103407_446_imu_bno055.csv@946131966;78.1;8.6;-6.3
@20260609_103407_446_imu_bno055.csv@946193616;80.9;8.3;-6.4
@20260609_103407_446_imu_bno055.csv@946252107;79.3;8.3;-6.0
@20260609_103407_446_imu_bno055.csv@946312052;83.7;8.8;-6.1
@20260609_103407_446_imu_bno055.csv@946371953;85.4;8.0;-5.8
@20260609_103407_446_imu_bno055.csv@946433006;83.4;7.9;-5.8
@20260609_103407_446_imu_bno055.csv@946492003;85.2;8.7;-6.2
@20260609_103407_446_imu_bno055.csv@946542111;83.4;8.0;-6.1
@20260609_103407_446_imu_bno055.csv@946602269;81.3;8.6;-6.3
@20260609_103407_446_imu_bno055.csv@946651874;87.3;8.4;-6.3
@20260609_103407_446_imu_bno055.csv@946711993;88.3;8.2;-6.4
@20260609_103407_446_imu_bno055.csv@946762137;87.9;7.9;-6.2
@20260609_103407_446_imu_bno055.csv@946822209;88.1;8.2;-5.8
@20260609_103407_446_imu_bno055.csv@946882212;82.1;8.4;-6.3
@20260609_103407_446_imu_bno055.csv@946943760;82.3;8.5;-6.1
@20260609_103407_446_imu_bno055.csv@946992824;85.7;8.4;-6.3
@20260609_103407_446_imu_bno055.csv@947044451;85.0;8.2;-6.1
@20260609_103407_446_imu_bno055.csv@947092808;91.4;8.8;-6.0
@20260609_103407_446_imu_bno055.csv@947153590;83.9;8.2;-5.7
@20260609_103407_446_imu_bno055.csv@947211937;90.4;8.6;-5.9
@20260609_103407_446_imu_bno055.csv@947272081;86.2;8.6;-6.2
@20260609_103407_446_imu_bno055.csv@947332038;88.8;8.0;-6.0
@20260609_103407_446_imu_bno055.csv@947392147;88.3;8.6;-5.8
@20260609_103407_446_imu_bno055.csv@947452014;88.8;8.0;-5.9
@20260609_103407_446_imu_bno055.csv@947512040;93.0;8.4;-6.2
@20260609_103407_446_imu_bno055.csv@947573625;87.5;7.8;-6.0
@20260609_103407_446_imu_bno055.csv@947631993;88.9;8.0;-6.0
@20260609_103407_446_imu_bno055.csv@947692060;87.9;7.9;-6.4
@20260609_103407_446_imu_bno055.csv@947752040;93.6;8.1;-6.5
@20260609_103407_446_imu_bno055.csv@947811928;89.8;8.3;-6.1
@20260609_103407_446_imu_bno055.csv@947872055;92.0;8.6;-6.4
@20260609_103407_446_imu_bno055.csv@947931934;96.7;8.2;-6.1
@20260609_103407_446_imu_bno055.csv@947993511;91.8;7.9;-6.4
@20260609_103407_446_imu_bno055.csv@948051992;91.2;8.3;-6.4
@20260609_103407_446_imu_bno055.csv@948112156;95.1;8.6;-6.2
@20260609_103407_446_imu_bno055.csv@948172051;93.4;7.9;-6.0
@20260609_103407_446_imu_bno055.csv@948232066;97.8;8.1;-6.3
@20260609_103407_446_imu_bno055.csv@948292026;92.1;8.7;-6.2
@20260609_103407_446_imu_bno055.csv@948352040;97.0;7.9;-5.9
@20260609_103407_446_imu_bno055.csv@948413556;91.7;8.8;-5.9
@20260609_103407_446_imu_bno055.csv@948472837;100.4;8.0;-6.0
@20260609_103407_446_imu_bno055.csv@948532107;92.2;8.6;-6.3
@20260609_103407_446_imu_bno055.csv@948592019;101.2;7.9;-6.1
@20260609_103407_446_imu_bno055.csv@948652013;100.9;8.4;-6.1
@20260609_103407_446_imu_bno055.csv@948711937;99.9;7.9;-5.9
@20260609_103407_446_imu_bno055.csv@948763752;95.7;8.7;-6.0
@20260609_103407_446_imu_bno055.csv@948822186;95.9;8.4;-6.2
@20260609_103407_446_imu_bno055.csv@948873721;97.9;8.5;-6.4
@20260609_103407_446_imu_bno055.csv@948932005;95.3;8.7;-6.3
@20260609_103407_446_imu_bno055.csv@948983665;96.1;8.0;-6.2
@20260609_103407_446_imu_bno055.csv@949042239;104.6;8.1;-6.1
@20260609_103407_446_imu_bno055.csv@949093777;96.9;8.0;-6.2
@20260609_103407_446_imu_bno055.csv@949151984;104.3;8.5;-5.8
@20260609_103407_446_imu_bno055.csv@949203727;104.7;8.5;-5.9
@20260609_103407_446_imu_bno055.csv@949262137;102.0;8.5;-6.5
@20260609_103407_446_imu_bno055.csv@949313761;101.7;8.1;-6.5
@20260609_103407_446_imu_bno055.csv@949372021;106.1;8.2;-6.2
@20260609_103407_446_imu_bno055.csv@949423772;98.6;8.3;-6.3
@20260609_103407_446_imu_bno055.csv@949475334;104.7;8.6;-6.0
@20260609_103407_446_imu_bno055.csv@949531886;106.6;8.0;-6.0
@20260609_103407_446_imu_bno055.csv@949584909;98.6;8.4;-5.8
@20260609_103407_446_imu_bno055.csv@949642167;104.8;8.7;-6.0
@20260609_103407_446_imu_bno055.csv@949694979;101.9;8.2;-5.8
@20260609_103407_446_imu_bno055.csv@949752094;102.4;8.2;-6.2
@20260609_103407_446_imu_bno055.csv@949812055;110.3;7.8;-6.1
@20260609_103407_446_imu_bno055.csv@949863727;103.2;8.6;-5.8
@20260609_103407_446_imu_bno055.csv@949922286;101.7;8.7;-6.0
@20260609_103407_446_imu_bno055.csv@949973670;111.1;8.4;-6.1
@20260609_103407_446_imu_bno055.csv@950032053;109.4;8.7;-6.1
@20260609_103407_446_imu_bno055.csv@950083503;101.9;8.4;-5.9
@20260609_103407_446_imu_bno055.csv@950142221;111.3;7.9;-6.0
@20260609_103407_446_imu_bno055.csv@950193793;109.3;8.3;-6.0
@20260609_103407_446_imu_bno055.csv@950252037;107.7;8.0;-5.9
@20260609_103407_446_imu_bno055.csv@950303764;113.8;8.6;-6.2
@20260609_103407_446_imu_bno055.csv@950362208;105.3;8.0;-6.5
@20260609_103407_446_imu_bno055.csv@950413800;113.6;8.7;-6.4
@20260609_103407_446_imu_bno055.csv@950472092;105.2;8.0;-6.1
@20260609_103407_446_imu_bno055.csv@950522355;115.3;8.7;-6.4
@20260609_103407_446_imu_bno055.csv@950582264;113.8;8.6;-6.3
@20260609_103407_446_imu_bno055.csv@950634976;113.2;8.1;-6.2
@20260609_103407_446_imu_bno055.csv@950691973;113.3;8.6;-6.2
@20260609_103407_446_imu_bno055.csv@950746103;108.7;8.4;-5.9
@20260609_103407_446_imu_bno055.csv@950802275;111.4;8.1;-6.2
@20260609_103407_446_imu_bno055.csv@950855073;112.2;8.5;-6.3
@20260609_103407_446_imu_bno055.csv@950912018;112.9;8.0;-6.1
@20260609_103407_446_imu_bno055.csv@950963727;112.3;8.5;-6.0
@20260609_103407_446_imu_bno055.csv@951022333;109.7;8.3;-6.0
@20260609_103407_446_imu_bno055.csv@951073781;112.2;8.0;-6.2
@20260609_103407_446_imu_bno055.csv@951132088;113.7;8.4;-6.1
@20260609_103407_446_imu_bno055.csv@951183563;109.7;8.4;-6.4
@20260609_103407_446_imu_bno055.csv@951242239;110.1;8.1;-6.3
@20260609_103407_446_imu_bno055.csv@951293551;112.8;8.5;-6.1
@20260609_103407_446_imu_bno055.csv@951352060;112.3;8.2;-5.8
@20260609_103407_446_imu_bno055.csv@951403529;112.6;8.1;-5.9
@20260609_103407_446_imu_bno055.csv@951462208;121.5;8.3;-6.4
@20260609_103407_446_imu_bno055.csv@951531229;114.1;8.1;-6.2
@20260609_103407_446_imu_bno055.csv@951592028;117.9;8.2;-6.4
@20260609_103407_446_imu_bno055.csv@951643851;113.4;8.2;-6.4
@20260609_103407_446_imu_bno055.csv@951702275;116.6;8.2;-6.3
@20260609_103407_446_imu_bno055.csv@951753909;113.4;8.1;-6.2
@20260609_103407_446_imu_bno055.csv@951812009;112.8;8.2;-6.3
@20260609_103407_446_imu_bno055.csv@951863875;123.0;8.2;-6.1
@20260609_103407_446_imu_bno055.csv@951922195;113.5;8.8;-6.1
@20260609_103407_446_imu_bno055.csv@951973812;121.6;8.7;-6.3
@20260609_103407_446_imu_bno055.csv@952032000;118.2;8.3;-5.8
@20260609_103407_446_imu_bno055.csv@952083933;118.9;8.6;-6.1
@20260609_103407_446_imu_bno055.csv@952142121;120.9;8.1;-6.2
@20260609_103407_446_imu_bno055.csv@952193938;117.7;8.7;-6.1
@20260609_103407_446_imu_bno055.csv@952252024;122.2;7.9;-5.9
@20260609_103407_446_imu_bno055.csv@952303813;124.1;8.8;-6.1
@20260609_103407_446_imu_bno055.csv@952362302;117.9;8.6;-6.2
@20260609_103407_446_imu_bno055.csv@952413705;117.8;8.7;-6.3
@20260609_103407_446_imu_bno055.csv@952471994;123.8;8.4;-5.8
@20260609_103407_446_imu_bno055.csv@952523853;122.0;7.9;-6.3
@20260609_103407_446_imu_bno055.csv@952565110;126.6;8.4;-5.8
@20260609_103407_446_imu_bno055.csv@952622267;118.5;8.3;-6.1
@20260609_103407_446_imu_bno055.csv@952682320;126.1;8.4;-6.3
@20260609_103407_446_imu_bno055.csv@952733933;130.0;8.1;-6.0
@20260609_103407_446_imu_bno055.csv@952792082;128.2;8.7;-6.2
@20260609_103407_446_imu_bno055.csv@952843881;119.1;8.0;-6.3
@20260609_103407_446_imu_bno055.csv@952902251;130.3;8.7;-6.0
@20260609_103407_446_imu_bno055.csv@952953822;122.5;8.7;-6.4
@20260609_103407_446_imu_bno055.csv@953012124;125.4;8.6;-6.2
@20260609_103407_446_imu_bno055.csv@953064201;125.5;8.7;-6.2
@20260609_103407_446_imu_bno055.csv@953122202;122.9;8.4;-5.8
@20260609_103407_446_imu_bno055.csv@953173999;129.6;8.1;-6.3
@20260609_103407_446_imu_bno055.csv@953232129;133.7;8.2;-5.8
@20260609_103407_446_imu_bno055.csv@953283901;129.5;7.9;-6.3
@20260609_103407_446_imu_bno055.csv@953342177;124.3;7.9;-6.1
@20260609_103407_446_imu_bno055.csv@953393811;124.2;8.6;-5.8
@20260609_103407_446_imu_bno055.csv@953452078;132.4;8.5;-6.2
@20260609_103407_446_imu_bno055.csv@953503886;132.6;8.0;-6.2
@20260609_103407_446_imu_bno055.csv@953562271;124.4;8.6;-5.8
@20260609_103407_446_imu_bno055.csv@953606148;126.1;8.2;-6.0
@20260609_103407_446_imu_bno055.csv@953662289;133.2;8.4;-6.4
@20260609_103407_446_imu_bno055.csv@953713866;130.3;8.0;-6.4
@20260609_103407_446_imu_bno055.csv@953772080;132.9;8.0;-6.0
@20260609_103407_446_imu_bno055.csv@953823851;127.4;8.3;-6.3
@20260609_103407_446_imu_bno055.csv@953882244;127.2;8.1;-6.0
@20260609_103407_446_imu_bno055.csv@953933878;137.2;8.3;-6.1
@20260609_103407_446_imu_bno055.csv@953992069;136.2;8.6;-6.2
@20260609_103407_446_imu_bno055.csv@954043844;135.7;8.6;-5.9
@20260609_103407_446_imu_bno055.csv@954102241;128.0;7.8;-6.0
@20260609_103407_446_imu_bno055.csv@954153891;132.0;7.9;-6.4
@20260609_103407_446_imu_bno055.csv@954212040;140.1;8.4;-5.9
@20260609_103407_446_imu_bno055.csv@954263857;129.5;8.4;-5.9
@20260609_103407_446_imu_bno055.csv@954322258;138.6;8.2;-5.8
@20260609_103407_446_imu_bno055.csv@954373750;141.0;8.5;-6.4
@20260609_103407_446_imu_bno055.csv@954432019;129.9;8.2;-6.1
@20260609_103407_446_imu_bno055.csv@954483861;142.2;8.7;-6.1
@20260609_103407_446_imu_bno055.csv@954542237;137.4;8.3;-6.2
@20260609_103407_446_imu_bno055.csv@954593909;134.7;8.1;-5.8
@20260609_103407_446_imu_bno055.csv@954634766;131.2;8.1;-5.8
@20260609_103407_446_imu_bno055.csv@954692135;138.7;7.8;-6.2
@20260609_103407_446_imu_bno055.csv@954752059;133.6;8.4;-5.8
@20260609_103407_446_imu_bno055.csv@954803851;139.6;8.7;-5.9
@20260609_103407_446_imu_bno055.csv@954862277;133.6;8.7;-6.2
@20260609_103407_446_imu_bno055.csv@954913971;138.9;7.8;-6.3
@20260609_103407_446_imu_bno055.csv@954972041;133.3;8.4;-6.0
@20260609_103407_446_imu_bno055.csv@955023823;138.7;8.2;-5.9
@20260609_103407_446_imu_bno055.csv@955082184;135.8;8.5;-6.1
@20260609_103407_446_imu_bno055.csv@955134162;138.5;7.9;-6.3
@20260609_103407_446_imu_bno055.csv@955192007;141.8;7.9;-6.0
@20260609_103407_446_imu_bno055.csv@955244091;137.8;8.3;-6.2
@20260609_103407_446_imu_bno055.csv@955302237;142.6;7.9;-5.8
@20260609_103407_446_imu_bno055.csv@955353777;137.5;8.1;-6.4
@20260609_103407_446_imu_bno055.csv@955411972;144.8;8.5;-5.9
@20260609_103407_446_imu_bno055.csv@955463933;141.1;8.2;-5.9
@20260609_103407_446_imu_bno055.csv@955522241;144.0;8.1;-6.0
@20260609_103407_446_imu_bno055.csv@955573884;139.3;8.7;-5.8
@20260609_103407_446_imu_bno055.csv@955631930;142.0;8.5;-5.9
@20260609_103407_446_imu_bno055.csv@955678242;145.6;8.5;-5.9
@20260609_103407_446_imu_bno055.csv@955732067;145.6;7.8;-6.3
@20260609_103407_446_imu_bno055.csv@955791992;147.7;8.5;-6.2
@20260609_103407_446_imu_bno055.csv@955844498;137.7;8.2;-6.4
@20260609_103407_446_imu_bno055.csv@955902265;140.2;8.5;-6.4
@20260609_103407_446_imu_bno055.csv@955955068;147.2;8.4;-6.2
@20260609_103407_446_imu_bno055.csv@956012046;143.0;8.0;-5.8
@20260609_103407_446_imu_bno055.csv@956072019;152.5;8.6;-6.0
@20260609_103407_446_imu_bno055.csv@956123984;146.0;8.0;-6.0
@20260609_103407_446_imu_bno055.csv@956182306;148.7;8.5;-5.9
@20260609_103407_446_imu_bno055.csv@956233833;140.6;8.0;-6.4
@20260609_103407_446_imu_bno055.csv@956292105;150.6;8.0;-6.2
@20260609_103407_446_imu_bno055.csv@956343818;154.4;8.1;-6.2
@20260609_103407_446_imu_bno055.csv@956402245;152.4;8.0;-5.9
@20260609_103407_446_imu_bno055.csv@956453869;150.2;8.4;-6.4
@20260609_103407_446_imu_bno055.csv@956512044;154.3;8.3;-5.8
@20260609_103407_446_imu_bno055.csv@956564274;153.2;7.9;-5.9
@20260609_103407_446_imu_bno055.csv@956622153;150.1;7.9;-5.9
@20260609_103407_446_imu_bno055.csv@956707879;155.7;7.9;-5.8
@20260609_103407_446_imu_bno055.csv@956762367;154.6;8.6;-6.4
@20260609_103407_446_imu_bno055.csv@956815516;146.8;8.7;-6.1
@20260609_103407_446_imu_bno055.csv@956872018;156.6;8.6;-6.4
@20260609_103407_446_imu_bno055.csv@956925531;146.4;8.2;-6.1
@20260609_103407_446_imu_bno055.csv@956982334;155.4;8.4;-6.4
@20260609_103407_446_imu_bno055.csv@957035495;147.4;7.8;-6.2
@20260609_103407_446_imu_bno055.csv@957092016;147.5;8.0;-6.2
@20260609_103407_446_imu_bno055.csv@957143823;156.2;8.3;-6.3
@20260609_103407_446_imu_bno055.csv@957202232;158.3;7.9;-5.9
@20260609_103407_446_imu_bno055.csv@957253649;153.2;7.9;-6.1
@20260609_103407_446_imu_bno055.csv@957312008;152.3;8.5;-6.1
@20260609_103407_446_imu_bno055.csv@957363492;155.2;7.9;-6.1
@20260609_103407_446_imu_bno055.csv@957422176;151.6;8.6;-6.1
@20260609_103407_446_imu_bno055.csv@957473587;154.5;8.3;-5.9
@20260609_103407_446_imu_bno055.csv@957532039;153.9;8.1;-5.9
@20260609_103407_446_imu_bno055.csv@957583872;149.9;8.2;-6.2
@20260609_103407_446_imu_bno055.csv@957642189;155.0;8.1;-5.9
@20260609_103407_446_imu_bno055.csv@957693520;159.0;8.5;-6.4
@20260609_103407_446_imu_bno055.csv@957747425;157.7;8.7;-6.0
@20260609_103407_446_imu_bno055.csv@957802395;156.3;8.1;-6.1
@20260609_103407_446_imu_bno055.csv@957862229;150.8;8.4;-6.4
@20260609_103407_446_imu_bno055.csv@957912038;161.1;8.4;-5.9
@20260609_103407_446_imu_bno055.csv@957972113;157.5;8.6;-5.9
@20260609_103407_446_imu_bno055.csv@958022180;151.9;8.4;-6.4
@20260609_103407_446_imu_bno055.csv@958062424;161.9;8.6;-6.2
@20260609_103407_446_imu_bno055.csv@958122410;162.0;8.3;-5.8
@20260609_103407_446_imu_bno055.csv@958182270;154.4;8.4;-6.4
@20260609_103407_446_imu_bno055.csv@958232112;166.9;7.9;-6.1
@20260609_103407_446_imu_bno055.csv@958292023;157.9;8.5;-5.8
@20260609_103407_446_imu_bno055.csv@958402343;158.8;8.3;-6.3
@20260609_103407_446_imu_bno055.csv@958462362;168.7;8.1;-5.9
@20260609_103407_446_imu_bno055.csv@958512067;156.5;8.4;-6.0
@20260609_103407_446_imu_bno055.csv@958572047;156.1;7.9;-6.3
@20260609_103407_446_imu_bno055.csv@958622245;165.4;8.6;-6.4
@20260609_103407_446_imu_bno055.csv@958682325;166.3;8.4;-6.0
@20260609_103407_446_imu_bno055.csv@958734593;171.2;8.7;-6.0
@20260609_103407_446_imu_bno055.csv@958816112;161.9;8.4;-6.4
@20260609_103407_446_imu_bno055.csv@958872085;172.5;8.3;-6.0
@20260609_103407_446_imu_bno055.csv@958923495;163.9;7.9;-6.3
@20260609_103407_446_imu_bno055.csv@958982210;157.9;7.9;-6.0
@20260609_103407_446_imu_bno055.csv@959033774;171.9;8.4;-6.2
@20260609_103407_446_imu_bno055.csv@959092033;165.7;8.7;-5.8
@20260609_103407_446_imu_bno055.csv@959143539;169.0;8.2;-6.4
@20260609_103407_446_imu_bno055.csv@959202215;160.8;8.2;-6.4
@20260609_103407_446_imu_bno055.csv@959255177;162.8;8.0;-6.4
@20260609_103407_446_imu_bno055.csv@959312044;172.0;8.3;-6.1
@20260609_103407_446_imu_bno055.csv@959365112;162.7;8.6;-5.8
@20260609_103407_446_imu_bno055.csv@959422281;172.2;8.6;-5.8
@20260609_103407_446_imu_bno055.csv@959473685;161.2;8.6;-6.1
@20260609_103407_446_imu_bno055.csv@959532043;162.1;8.7;-6.3
@20260609_103407_446_imu_bno055.csv@959583807;172.2;8.0;-6.3
@20260609_103407_446_imu_bno055.csv@959642360;165.2;8.1;-5.8
@20260609_103407_446_imu_bno055.csv@959693571;177.0;8.7;-5.7
@20260609_103407_446_imu_bno055.csv@959752029;162.1;8.5;-5.8
@20260609_103407_446_imu_bno055.csv@959803560;173.3;7.9;-6.3
@20260609_103407_446_imu_bno055.csv@959875528;177.2;8.7;-6.2
@20260609_103407_446_imu_bno055.csv@959932024;171.1;8.4;-6.1
@20260609_103407_446_imu_bno055.csv@959991996;180.1;8.1;-5.9
@20260609_103407_446_imu_bno055.csv@960051992;172.9;8.7;-5.8
@20260609_103407_446_imu_bno055.csv@960105082;168.1;8.2;-6.2
@20260609_103407_446_imu_bno055.csv@960162210;181.3;7.9;-5.8
@20260609_103407_446_imu_bno055.csv@960215454;174.2;8.3;-6.2
@20260609_103407_446_imu_bno055.csv@960272011;179.2;8.1;-6.2
@20260609_103407_446_imu_bno055.csv@960323938;181.2;8.0;-5.9
@20260609_103407_446_imu_bno055.csv@960382266;178.2;8.7;-5.9
@20260609_103407_446_imu_bno055.csv@960433512;181.9;8.0;-5.8
@20260609_103407_446_imu_bno055.csv@960491962;182.4;8.3;-6.2
@20260609_103407_446_imu_bno055.csv@960543610;168.8;8.5;-5.8
@20260609_103407_446_imu_bno055.csv@960602202;170.2;7.9;-5.9
@20260609_103407_446_imu_bno055.csv@960653635;169.7;8.6;-6.4
@20260609_103407_446_imu_bno055.csv@960712084;174.5;8.5;-6.3
@20260609_103407_446_imu_bno055.csv@960771889;170.5;8.2;-6.0
@20260609_103407_446_imu_bno055.csv@960832029;180.5;8.2;-6.4
@20260609_103407_446_imu_bno055.csv@960935000;177.6;8.4;-6.3
@20260609_103407_446_imu_bno055.csv@960991925;172.6;8.1;-6.4
@20260609_103407_446_imu_bno055.csv@961051974;172.4;8.5;-5.8
@20260609_103407_446_imu_bno055.csv@961112077;183.3;8.2;-6.2
@20260609_103407_446_imu_bno055.csv@961164700;171.6;8.1;-6.1
@20260609_103407_446_imu_bno055.csv@961222163;172.7;8.6;-6.0
@20260609_103407_446_imu_bno055.csv@961274927;180.6;7.9;-5.8
@20260609_103407_446_imu_bno055.csv@961332095;176.1;8.3;-5.8
@20260609_103407_446_imu_bno055.csv@961392145;176.2;8.6;-6.2
@20260609_103407_446_imu_bno055.csv@961452022;188.7;8.6;-6.4
@20260609_103407_446_imu_bno055.csv@961511977;173.5;8.3;-5.8
@20260609_103407_446_imu_bno055.csv@961572093;179.7;8.1;-6.4
@20260609_103407_446_imu_bno055.csv@961623537;179.9;8.2;-6.2
@20260609_103407_446_imu_bno055.csv@961682196;183.9;8.7;-5.8
@20260609_103407_446_imu_bno055.csv@961733544;188.4;8.4;-6.3
@20260609_103407_446_imu_bno055.csv@961791971;191.5;8.3;-6.0
@20260609_103407_446_imu_bno055.csv@961843496;184.9;8.3;-6.4
@20260609_103407_446_imu_bno055.csv@961902160;192.1;7.8;-6.0
@20260609_103407_446_imu_bno055.csv@962000710;178.7;8.0;-6.3
@20260609_103407_446_imu_bno055.csv@962062214;191.1;8.6;-6.3
@20260609_103407_446_imu_bno055.csv@962114935;191.2;8.1;-6.3
@20260609_103407_446_imu_bno055.csv@962172047;194.6;8.5;-6.4
@20260609_103407_446_imu_bno055.csv@962225074;194.2;7.9;-6.0
@20260609_103407_446_imu_bno055.csv@962282233;193.5;8.5;-6.2
@20260609_103407_446_imu_bno055.csv@962334911;183.3;7.9;-6.4
@20260609_103407_446_imu_bno055.csv@962391984;192.6;8.6;-6.0
@20260609_103407_446_imu_bno055.csv@962452118;189.6;7.8;-6.2
@20260609_103407_446_imu_bno055.csv@962512062;193.6;8.7;-6.1
@20260609_103407_446_imu_bno055.csv@962562266;181.2;8.7;-5.8
@20260609_103407_446_imu_bno055.csv@962622214;189.8;8.2;-6.2
@20260609_103407_446_imu_bno055.csv@962672085;193.7;8.2;-5.8
@20260609_103407_446_imu_bno055.csv@962731997;195.3;8.1;-6.2
@20260609_103407_446_imu_bno055.csv@962782284;188.4;8.3;-6.3
@20260609_103407_446_imu_bno055.csv@962842255;189.9;8.4;-6.1
@20260609_103407_446_imu_bno055.csv@962902187;188.1;8.7;-5.8
@20260609_103407_446_imu_bno055.csv@962963743;181.9;7.9;-6.3
@20260609_103407_446_imu_bno055.csv@963059411;191.0;8.5;-6.3
@20260609_103407_446_imu_bno055.csv@963112026;191.0;8.2;-6.3
@20260609_103407_446_imu_bno055.csv@963171982;193.5;8.5;-6.1
@20260609_103407_446_imu_bno055.csv@963232073;201.7;8.6;-6.0
@20260609_103407_446_imu_bno055.csv@963285557;187.0;8.7;-5.8
@20260609_103407_446_imu_bno055.csv@963342283;191.9;8.3;-5.9
@20260609_103407_446_imu_bno055.csv@963395406;190.7;7.9;-6.0
@20260609_103407_446_imu_bno055.csv@963451996;196.7;8.6;-6.3
@20260609_103407_446_imu_bno055.csv@963503764;188.9;8.4;-6.1
@20260609_103407_446_imu_bno055.csv@963562270;203.8;8.0;-6.1
@20260609_103407_446_imu_bno055.csv@963613575;191.8;8.6;-6.0
@20260609_103407_446_imu_bno055.csv@963672008;201.6;8.0;-6.0
@20260609_103407_446_imu_bno055.csv@963723536;198.9;8.3;-6.2
@20260609_103407_446_imu_bno055.csv@963782216;197.4;8.0;-6.2
@20260609_103407_446_imu_bno055.csv@963833527;195.6;8.3;-6.2
@20260609_103407_446_imu_bno055.csv@963892119;204.5;8.3;-5.9
@20260609_103407_446_imu_bno055.csv@963943572;206.8;7.9;-6.3
@20260609_103407_446_imu_bno055.csv@964002145;201.1;8.2;-5.7
@20260609_103407_446_imu_bno055.csv@964053555;205.8;8.0;-6.3
@20260609_103407_446_imu_bno055.csv@964125513;193.0;8.2;-5.9
@20260609_103407_446_imu_bno055.csv@964182264;203.7;8.5;-6.0
@20260609_103407_446_imu_bno055.csv@964242312;205.9;8.5;-6.4
@20260609_103407_446_imu_bno055.csv@964302313;203.2;7.9;-6.3
@20260609_103407_446_imu_bno055.csv@964355077;200.6;8.4;-6.1
@20260609_103407_446_imu_bno055.csv@964411985;204.4;8.5;-6.0
@20260609_103407_446_imu_bno055.csv@964465467;208.8;8.2;-6.0
@20260609_103407_446_imu_bno055.csv@964522208;197.2;7.8;-6.4
@20260609_103407_446_imu_bno055.csv@964573782;203.6;8.2;-6.3
@20260609_103407_446_imu_bno055.csv@964632068;199.6;8.7;-6.4
@20260609_103407_446_imu_bno055.csv@964683595;194.5;8.0;-5.9
@20260609_103407_446_imu_bno055.csv@964742198;209.4;7.9;-5.9
@20260609_103407_446_imu_bno055.csv@964793541;212.4;8.6;-5.8
@20260609_103407_446_imu_bno055.csv@964852036;203.4;8.3;-6.1
@20260609_103407_446_imu_bno055.csv@964903508;207.7;7.9;-6.0
@20260609_103407_446_imu_bno055.csv@964962283;211.7;7.9;-6.5
@20260609_103407_446_imu_bno055.csv@965022157;211.4;8.2;-6.2
@20260609_103407_446_imu_bno055.csv@965082176;205.0;8.7;-6.0
@20260609_103407_446_imu_bno055.csv@965187155;199.3;8.7;-6.0
@20260609_103407_446_imu_bno055.csv@965242283;198.6;7.9;-6.2
@20260609_103407_446_imu_bno055.csv@965293569;198.9;8.4;-5.9
@20260609_103407_446_imu_bno055.csv@965352039;201.0;8.0;-5.9
@20260609_103407_446_imu_bno055.csv@965403636;209.0;8.4;-6.4
@20260609_103407_446_imu_bno055.csv@965462221;203.0;8.5;-6.5
@20260609_103407_446_imu_bno055.csv@965513456;216.2;8.4;-6.3
@20260609_103407_446_imu_bno055.csv@965572039;207.2;8.5;-5.8
@20260609_103407_446_imu_bno055.csv@965625039;217.8;8.5;-6.1
@20260609_103407_446_imu_bno055.csv@965682299;205.7;8.3;-5.8
@20260609_103407_446_imu_bno055.csv@965734902;202.4;8.5;-6.4
@20260609_103407_446_imu_bno055.csv@965792010;209.6;8.5;-6.1
@20260609_103407_446_imu_bno055.csv@965843740;201.9;8.3;-6.2
@20260609_103407_446_imu_bno055.csv@965902207;219.2;8.7;-6.3
@20260609_103407_446_imu_bno055.csv@965953557;217.1;8.3;-6.1
@20260609_103407_446_imu_bno055.csv@966012103;204.4;8.4;-5.8
@20260609_103407_446_imu_bno055.csv@966063555;204.0;7.9;-6.3
@20260609_103407_446_imu_bno055.csv@966122232;212.1;8.2;-5.8
@20260609_103407_446_imu_bno055.csv@966173506;203.3;8.5;-6.0
@20260609_103407_446_imu_bno055.csv@966246981;203.8;8.5;-5.8
@20260609_103407_446_imu_bno055.csv@966302278;203.2;8.0;-6.4
@20260609_103407_446_imu_bno055.csv@966362253;220.2;8.7;-6.3
@20260609_103407_446_imu_bno055.csv@966422174;218.9;7.9;-6.1
@20260609_103407_446_imu_bno055.csv@966475018;204.4;8.0;-6.3
@20260609_103407_446_imu_bno055.csv@966531982;221.3;8.4;-6.2
@20260609_103407_446_imu_bno055.csv@966585442;214.6;7.9;-6.0
@20260609_103407_446_imu_bno055.csv@966642201;211.3;7.8;-6.3
@20260609_103407_446_imu_bno055.csv@966693651;214.2;7.9;-6.2
@20260609_103407_446_imu_bno055.csv@966752027;213.7;8.0;-5.8
@20260609_103407_446_imu_bno055.csv@966803559;217.7;8.6;-6.1
@20260609_103407_446_imu_bno055.csv@966862220;206.9;8.5;-6.3
@20260609_103407_446_imu_bno055.csv@966913579;216.3;8.4;-6.1
@20260609_103407_446_imu_bno055.csv@966971945;226.4;8.7;-6.0
@20260609_103407_446_imu_bno055.csv@967023557;219.4;8.6;-6.1
@20260609_103407_446_imu_bno055.csv@967082281;210.7;8.2;-6.3
@20260609_103407_446_imu_bno055.csv@967142125;221.8;8.3;-6.2
@20260609_103407_446_imu_bno055.csv@967202249;215.4;7.9;-6.2
@20260609_103407_446_imu_bno055.csv@967317362;213.5;8.0;-5.9
@20260609_103407_446_imu_bno055.csv@967372025;225.5;8.5;-5.8
@20260609_103407_446_imu_bno055.csv@967433638;223.2;8.1;-6.1
@20260609_103407_446_imu_bno055.csv@967491991;211.8;7.9;-6.4
@20260609_103407_446_imu_bno055.csv@967552131;215.6;8.1;-6.0
@20260609_103407_446_imu_bno055.csv@967612034;228.8;8.5;-6.4
@20260609_103407_446_imu_bno055.csv@967671891;225.0;7.8;-5.8
@20260609_103407_446_imu_bno055.csv@967732028;223.2;7.9;-6.3
@20260609_103407_446_imu_bno055.csv@967791981;229.2;8.3;-6.1
@20260609_103407_446_imu_bno055.csv@967853618;228.4;8.4;-5.7
@20260609_103407_446_imu_bno055.csv@967912084;223.2;8.3;-6.2
@20260609_103407_446_imu_bno055.csv@967972047;222.1;8.4;-6.1
@20260609_103407_446_imu_bno055.csv@968032002;226.8;8.7;-5.8
@20260609_103407_446_imu_bno055.csv@968091948;222.5;8.6;-6.3
@20260609_103407_446_imu_bno055.csv@968152021;231.8;8.6;-5.8
@20260609_103407_446_imu_bno055.csv@968211995;225.0;8.3;-6.2
@20260609_103407_446_imu_bno055.csv@968273554;226.3;8.4;-6.1
@20260609_103407_446_imu_bno055.csv@968388111;232.0;7.9;-6.1
@20260609_103407_446_imu_bno055.csv@968442213;227.1;8.3;-6.2
@20260609_103407_446_imu_bno055.csv@968502247;219.7;8.7;-5.9
@20260609_103407_446_imu_bno055.csv@968562289;234.2;8.4;-5.7
@20260609_103407_446_imu_bno055.csv@968615231;231.2;8.1;-6.1
@20260609_103407_446_imu_bno055.csv@968672039;239.3;8.6;-5.8
@20260609_103407_446_imu_bno055.csv@968725066;234.7;8.0;-5.8
@20260609_103407_446_imu_bno055.csv@968782196;219.7;8.3;-6.4
@20260609_103407_446_imu_bno055.csv@968833745;238.2;8.4;-6.4
@20260609_103407_446_imu_bno055.csv@968891973;238.4;8.0;-5.7
@20260609_103407_446_imu_bno055.csv@968943506;236.1;8.7;-6.4
@20260609_103407_446_imu_bno055.csv@969002203;242.0;8.1;-6.0
@20260609_103407_446_imu_bno055.csv@969053506;220.6;8.4;-5.9
@20260609_103407_446_imu_bno055.csv@969112009;230.7;8.6;-6.4
@20260609_103407_446_imu_bno055.csv@969163536;242.5;8.3;-6.1
@20260609_103407_446_imu_bno055.csv@969222321;242.2;8.0;-6.2
@20260609_103407_446_imu_bno055.csv@969273564;227.2;8.3;-6.3
@20260609_103407_446_imu_bno055.csv@969331960;238.0;8.3;-6.1
@20260609_103407_446_imu_bno055.csv@969449797;228.5;8.3;-5.8
@20260609_103407_446_imu_bno055.csv@969502131;226.9;8.1;-6.0
@20260609_103407_446_imu_bno055.csv@969562181;242.7;8.3;-6.0
@20260609_103407_446_imu_bno055.csv@969622260;233.0;8.5;-5.9
@20260609_103407_446_imu_bno055.csv@969674632;226.9;7.8;-6.4
@20260609_103407_446_imu_bno055.csv@969732000;224.6;7.9;-6.4
@20260609_103407_446_imu_bno055.csv@969785047;230.7;8.0;-5.9
@20260609_103407_446_imu_bno055.csv@969842164;236.5;8.7;-6.0
@20260609_103407_446_imu_bno055.csv@969894878;229.1;8.4;-5.9
@20260609_103407_446_imu_bno055.csv@969951952;230.1;8.2;-6.3
@20260609_103407_446_imu_bno055.csv@970012157;247.4;8.2;-6.3
@20260609_103407_446_imu_bno055.csv@970072166;228.5;7.9;-6.3
@20260609_103407_446_imu_bno055.csv@970131996;237.5;7.9;-6.4
@20260609_103407_446_imu_bno055.csv@970191969;228.2;8.6;-6.0
@20260609_103407_446_imu_bno055.csv@970243460;242.8;8.3;-6.4
@20260609_103407_446_imu_bno055.csv@970302235;230.7;7.9;-6.4
@20260609_103407_446_imu_bno055.csv@970353549;242.7;8.6;-6.3
@20260609_103407_446_imu_bno055.csv@970411965;238.3;8.6;-5.9
@20260609_103407_446_imu_bno055.csv@970513781;252.8;7.9;-6.3
@20260609_103407_446_imu_bno055.csv@970572169;237.4;8.4;-6.1
@20260609_103407_446_imu_bno055.csv@970623462;237.3;8.0;-6.3
@20260609_103407_446_imu_bno055.csv@970682262;241.2;8.6;-5.9
@20260609_103407_446_imu_bno055.csv@970735122;231.5;8.6;-6.4
@20260609_103407_446_imu_bno055.csv@970792012;232.2;8.1;-6.2
@20260609_103407_446_imu_bno055.csv@970845185;241.2;8.3;-6.3
@20260609_103407_446_imu_bno055.csv@970902164;241.6;8.5;-6.0
@20260609_103407_446_imu_bno055.csv@970953707;235.8;8.7;-6.4
@20260609_103407_446_imu_bno055.csv@971012018;237.5;7.9;-6.3
@20260609_103407_446_imu_bno055.csv@971063953;238.7;8.5;-6.3
@20260609_103407_446_imu_bno055.csv@971122258;236.2;8.2;-5.8
@20260609_103407_446_imu_bno055.csv@971173865;242.4;8.6;-6.3
@20260609_103407_446_imu_bno055.csv@971231954;248.0;8.4;-6.0
@20260609_103407_446_imu_bno055.csv@971283940;242.0;8.1;-6.0
@20260609_103407_446_imu_bno055.csv@971342352;254.2;8.1;-6.2
@20260609_103407_446_imu_bno055.csv@971393929;253.6;7.9;-6.2
@20260609_103407_446_imu_bno055.csv@971451969;253.6;8.2;-5.9
@20260609_103407_446_imu_bno055.csv@971511888;244.8;8.7;-6.1
@20260609_103407_446_imu_bno055.csv@971589255;255.7;8.1;-6.4
@20260609_103407_446_imu_bno055.csv@971642342;248.6;8.1;-6.1
@20260609_103407_446_imu_bno055.csv@971702224;244.1;8.4;-6.2
@20260609_103407_446_imu_bno055.csv@971762288;257.2;8.3;-5.9
@20260609_103407_446_imu_bno055.csv@971814956;245.1;8.0;-6.1
@20260609_103407_446_imu_bno055.csv@971871962;238.4;8.4;-6.3
@20260609_103407_446_imu_bno055.csv@971925411;239.9;8.7;-5.9
@20260609_103407_446_imu_bno055.csv@971982283;255.3;8.5;-6.3
@20260609_103407_446_imu_bno055.csv@972033840;243.7;8.2;-5.9
@20260609_103407_446_imu_bno055.csv@972091979;253.5;7.9;-6.1
@20260609_103407_446_imu_bno055.csv@972143584;240.3;8.1;-6.1
@20260609_103407_446_imu_bno055.csv@972202310;257.5;8.1;-5.9
@20260609_103407_446_imu_bno055.csv@972253535;239.7;7.8;-6.0
@20260609_103407_446_imu_bno055.csv@972311963;252.8;8.4;-6.1
@20260609_103407_446_imu_bno055.csv@972363535;260.4;8.0;-6.1
@20260609_103407_446_imu_bno055.csv@972422224;249.8;8.5;-6.5
@20260609_103407_446_imu_bno055.csv@972473573;263.6;8.0;-5.9
@20260609_103407_446_imu_bno055.csv@972531936;249.8;7.9;-5.9
@20260609_103407_446_imu_bno055.csv@972649732;256.3;8.1;-5.9
@20260609_103407_446_imu_bno055.csv@972702246;244.4;8.0;-5.9
@20260609_103407_446_imu_bno055.csv@972753559;260.0;8.5;-6.2
@20260609_103407_446_imu_bno055.csv@972812064;261.6;8.4;-6.3
@20260609_103407_446_imu_bno055.csv@972863771;255.8;8.0;-6.0
@20260609_103407_446_imu_bno055.csv@972922252;265.7;8.1;-6.1
@20260609_103407_446_imu_bno055.csv@972975008;249.9;8.3;-6.0
@20260609_103407_446_imu_bno055.csv@973032008;268.7;7.8;-6.0
@20260609_103407_446_imu_bno055.csv@973085132;263.7;7.9;-6.4
@20260609_103407_446_imu_bno055.csv@973128970;267.3;8.0;-6.2
@20260609_103407_446_imu_bno055.csv@973182147;267.2;7.9;-6.2
@20260609_103407_446_imu_bno055.csv@973242280;263.4;8.4;-6.3
@20260609_103407_446_imu_bno055.csv@973295223;269.4;8.2;-6.3
@20260609_103407_446_imu_bno055.csv@973352036;271.5;8.0;-6.2
@20260609_103407_446_imu_bno055.csv@973405101;266.5;8.2;-5.8
@20260609_103407_446_imu_bno055.csv@973462279;249.7;8.3;-6.1
@20260609_103407_446_imu_bno055.csv@973513542;255.3;8.3;-6.1
@20260609_103407_446_imu_bno055.csv@973572056;265.5;8.4;-5.9
@20260609_103407_446_imu_bno055.csv@973623552;263.1;8.3;-6.1
@20260609_103407_446_imu_bno055.csv@973769527;267.0;8.4;-6.1
@20260609_103407_446_imu_bno055.csv@973822286;273.3;8.8;-5.8
@20260609_103407_446_imu_bno055.csv@973882264;250.1;8.4;-6.2
@20260609_103407_446_imu_bno055.csv@973942241;260.3;7.9;-6.3
@20260609_103407_446_imu_bno055.csv@973995496;271.0;8.0;-6.3
@20260609_103407_446_imu_bno055.csv@974052078;270.8;8.7;-6.4
@20260609_103407_446_imu_bno055.csv@974105460;255.7;7.9;-6.1
@20260609_103407_446_imu_bno055.csv@974162215;274.8;7.9;-5.8
@20260609_103407_446_imu_bno055.csv@974213898;271.8;8.7;-6.2
@20260609_103407_446_imu_bno055.csv@974271958;265.8;7.9;-5.9
@20260609_103407_446_imu_bno055.csv@974323671;278.4;8.8;-6.1
@20260609_103407_446_imu_bno055.csv@974382247;253.4;7.9;-5.9
@20260609_103407_446_imu_bno055.csv@974433605;279.0;8.1;-6.3
@20260609_103407_446_imu_bno055.csv@974492057;275.7;8.4;-5.8
@20260609_103407_446_imu_bno055.csv@974543469;254.1;8.4;-6.2
@20260609_103407_446_imu_bno055.csv@974602294;269.1;7.9;-6.3
@20260609_103407_446_imu_bno055.csv@974653545;258.2;8.6;-5.9
@20260609_103407_446_imu_bno055.csv@974712024;259.4;7.9;-5.8
@20260609_103407_446_imu_bno055.csv@974771974;273.8;7.9;-6.1
@20260609_103407_446_imu_bno055.csv@974903287;274.0;8.5;-5.9
@20260609_103407_446_imu_bno055.csv@974962322;258.5;8.2;-6.0
@20260609_103407_446_imu_bno055.csv@975014650;266.6;8.1;-6.2
@20260609_103407_446_imu_bno055.csv@975072113;272.2;8.8;-6.3
@20260609_103407_446_imu_bno055.csv@975124719;272.9;8.0;-5.9
@20260609_103407_446_imu_bno055.csv@975182250;266.4;8.2;-6.2
@20260609_103407_446_imu_bno055.csv@975234532;279.2;7.9;-6.3
@20260609_103407_446_imu_bno055.csv@975292044;262.2;8.3;-5.9
@20260609_103407_446_imu_bno055.csv@975344601;272.6;8.1;-6.0
@20260609_103407_446_imu_bno055.csv@975402218;284.4;8.2;-5.8
@20260609_103407_446_imu_bno055.csv@975462247;260.1;8.6;-6.4
@20260609_103407_446_imu_bno055.csv@975522372;282.6;8.1;-6.1
@20260609_103407_446_imu_bno055.csv@975572044;267.2;7.9;-6.1
@20260609_103407_446_imu_bno055.csv@975632054;264.3;8.2;-6.3
@20260609_103407_446_imu_bno055.csv@975682422;269.9;8.1;-5.9
@20260609_103407_446_imu_bno055.csv@975742319;281.1;8.5;-6.1
@20260609_103407_446_imu_bno055.csv@975802160;278.4;7.9;-6.3
@20260609_103407_446_imu_bno055.csv@975863766;264.2;7.0;-6.2
@20260609_103407_446_imu_bno055.csv@976024334;265.9;12.0;-6.1
@20260609_103407_446_imu_bno055.csv@976082298;287.7;13.9;-6.0
@20260609_103407_446_imu_bno055.csv@976134788;282.9;11.4;-6.3
@20260609_103407_446_imu_bno055.csv@976192006;289.9;9.4;-5.8
@20260609_103407_446_imu_bno055.csv@976244830;291.9;7.3;-6.4
@20260609_103407_446_imu_bno055.csv@976302263;279.1;6.0;-6.0
@20260609_103407_446_imu_bno055.csv@976354574;266.6;5.1;-6.1
@20260609_103407_446_imu_bno055.csv@976412058;288.6;3.8;-5.9
@20260609_103407_446_imu_bno055.csv@976472254;275.3;3.1;-6.4
@20260609_103407_446_imu_bno055.csv@976531990;271.2;2.5;-6.4
@20260609_103407_446_imu_bno055.csv@976582242;271.9;1.8;-6.4
@20260609_103407_446_imu_bno055.csv@976642291;281.9;1.5;-6.1
@20260609_103407_446_imu_bno055.csv@976691960;273.0;1.3;-6.2
@20260609_103407_446_imu_bno055.csv@976752097;287.8;1.0;-6.3
@20260609_103407_446_imu_bno055.csv@976802308;272.2;0.8;-5.9
@20260609_103407_446_imu_bno055.csv@976862305;269.3;0.6;-6.1
@20260609_103407_446_imu_bno055.csv@976912113;284.4;0.5;-6.2
@20260609_103407_446_imu_bno055.csv@976972026;294.9;0.4;-6.4
@20260609_103407_446_imu_bno055.csv@977143520;296.1;0.1;-6.4
@20260609_103407_446_imu_bno055.csv@977202286;285.5;-0.0;-6.0
@20260609_103407_446_imu_bno055.csv@977254532;270.6;0.0;-6.5
@20260609_103407_446_imu_bno055.csv@977312049;287.2;-0.0;-6.4
@20260609_103407_446_imu_bno055.csv@977372193;291.2;0.0;-6.3
@20260609_103407_446_imu_bno055.csv@977432105;281.6;-0.0;-6.0
@20260609_103407_446_imu_bno055.csv@977482190;280.2;-0.1;-6.3
@20260609_103407_446_imu_bno055.csv@977542267;291.3;-0.1;-6.2
@20260609_103407_446_imu_bno055.csv@977592219;270.2;-0.1;-6.3
@20260609_103407_446_imu_bno055.csv@977651963;284.8;-0.1;-6.3
@20260609_103407_446_imu_bno055.csv@977712025;272.0;-0.1;-6.2
@20260609_103407_446_imu_bno055.csv@977764285;285.4;-0.0;-6.2
@20260609_103407_446_imu_bno055.csv@977822219;286.3;-0.1;-6.0
@20260609_103407_446_imu_bno055.csv@977876002;278.5;-0.0;-6.2
@20260609_103407_446_imu_bno055.csv@977932083;275.9;-0.1;-6.2
@20260609_103407_446_imu_bno055.csv@977985770;291.6;-0.1;-6.0
@20260609_103407_446_imu_bno055.csv@978042193;281.8;-0.1;-5.8
@20260609_103407_446_imu_bno055.csv@978094143;277.3;-0.0;-5.8
@20260609_103407_446_imu_bno055.csv@978265185;293.1;-0.0;-5.9
@20260609_103407_446_imu_bno055.csv@978313751;275.6;-0.1;-6.4
@20260609_103407_446_imu_bno055.csv@978364244;297.3;0.0;-6.5
@20260609_103407_446_imu_bno055.csv@978422296;274.1;-0.0;-6.4
@20260609_103407_446_imu_bno055.csv@978476161;283.2;-0.0;-5.9
@20260609_103407_446_imu_bno055.csv@978532045;274.5;-0.1;-5.9
@20260609_103407_446_imu_bno055.csv@978585714;283.0;-0.1;-6.4
@20260609_103407_446_imu_bno055.csv@978642318;283.0;0.0;-6.3
@20260609_103407_446_imu_bno055.csv@978694177;277.4;-0.1;-6.1
@20260609_103407_446_imu_bno055.csv@978752070;296.3;-0.1;-6.3
@20260609_103407_446_imu_bno055.csv@978803651;294.3;-0.1;-5.9
@20260609_103407_446_imu_bno055.csv@978862316;276.7;-0.0;-6.2
@20260609_103407_446_imu_bno055.csv@978913536;300.0;-0.1;-5.9
@20260609_103407_446_imu_bno055.csv@978972017;286.3;-0.1;-6.5
@20260609_103407_446_imu_bno055.csv@979023664;279.7;-0.0;-6.3
@20260609_103407_446_imu_bno055.csv@979082324;276.3;-0.0;-5.9
@20260609_103407_446_imu_bno055.csv@979133737;289.6;-0.1;-6.2
@20260609_103407_446_imu_bno055.csv@979192068;278.7;-0.0;-6.5
@20260609_103407_446_imu_bno055.csv@979243578;298.4;-0.0;-6.1
@20260609_103407_446_imu_bno055.csv@979385600;299.4;-0.2;-6.0
@20260609_103407_446_imu_bno055.csv@979442350;279.8;-0.2;-6.2
@20260609_103407_446_imu_bno055.csv@979494774;273.1;-0.1;-5.9
@20260609_103407_446_imu_bno055.csv@979552101;277.4;-0.1;-5.8
@20260609_103407_446_imu_bno055.csv@979612230;287.7;-0.1;-6.0
@20260609_103407_446_imu_bno055.csv@979672018;280.7;-0.1;-6.3
@20260609_103407_446_imu_bno055.csv@979722313;290.9;-0.1;-6.2
@20260609_103407_446_imu_bno055.csv@979782233;298.0;-0.1;-5.9
@20260609_103407_446_imu_bno055.csv@979832054;285.2;-0.1;-6.3
@20260609_103407_446_imu_bno055.csv@979891986;298.6;-0.0;-6.0
@20260609_103407_446_imu_bno055.csv@979952027;275.5;-0.1;-6.3
@20260609_103407_446_imu_bno055.csv@980012104;288.7;-0.0;-5.9
@20260609_103407_446_imu_bno055.csv@980072015;302.8;-0.1;-6.0
@20260609_103407_446_imu_bno055.csv@980125903;278.1;-0.1;-6.2
@20260609_103407_446_imu_bno055.csv@980182213;299.2;-0.1;-6.0
@20260609_103407_446_imu_bno055.csv@980235760;292.0;-0.1;-6.2
@20260609_103407_446_imu_bno055.csv@980283723;301.3;-0.1;-6.0
@20260609_103407_446_imu_bno055.csv@980334634;291.1;-0.0;-6.5
@20260609_103407_446_imu_bno055.csv@980505972;292.2;-0.1;-6.3
@20260609_103407_446_imu_bno055.csv@980562336;283.8;-0.1;-6.4
@20260609_103407_446_imu_bno055.csv@980614549;299.8;-0.1;-6.3
@20260609_103407_446_imu_bno055.csv@980663779;290.0;-0.1;-6.4
@20260609_103407_446_imu_bno055.csv@980716177;286.0;-0.1;-6.2
@20260609_103407_446_imu_bno055.csv@980772018;282.8;-0.1;-6.4
@20260609_103407_446_imu_bno055.csv@980825817;297.5;-0.1;-6.0
@20260609_103407_446_imu_bno055.csv@980882320;275.2;-0.1;-6.0
@20260609_103407_446_imu_bno055.csv@980935736;289.4;-0.0;-6.0
@20260609_103407_446_imu_bno055.csv@980992090;285.4;-0.0;-5.9
@20260609_103407_446_imu_bno055.csv@981044083;287.4;-0.0;-6.1
@20260609_103407_446_imu_bno055.csv@981093624;286.9;-0.1;-6.4
@20260609_103407_446_imu_bno055.csv@981145765;302.8;-0.0;-6.3
@20260609_103407_446_imu_bno055.csv@981202261;303.8;-0.1;-6.1
@20260609_103407_446_imu_bno055.csv@981254071;290.3;-0.1;-6.1
@20260609_103407_446_imu_bno055.csv@981311978;285.2;-0.1;-6.3
@20260609_103407_446_imu_bno055.csv@981363764;304.9;-0.0;-6.3
@20260609_103407_446_imu_bno055.csv@981422259;297.6;-0.0;-5.8
@20260609_103407_446_imu_bno055.csv@981473616;288.8;-0.1;-6.0
@20260609_103407_446_imu_bno055.csv@981629271;288.9;0.0;-6.3
@20260609_103407_446_imu_bno055.csv@981682193;281.6;-0.0;-5.9
@20260609_103407_446_imu_bno055.csv@981734341;282.0;-0.0;-6.4
@20260609_103407_446_imu_bno055.csv@981792122;304.5;-0.0;-6.4
@20260609_103407_446_imu_bno055.csv@981845783;282.1;-0.1;-6.5
@20260609_103407_446_imu_bno055.csv@981893730;281.8;-0.1;-6.3
@20260609_103407_446_imu_bno055.csv@981943892;298.6;-0.1;-6.0
@20260609_103407_446_imu_bno055.csv@982002265;283.2;-0.1;-6.4
@20260609_103407_446_imu_bno055.csv@982055526;280.3;-0.1;-6.4
@20260609_103407_446_imu_bno055.csv@982112074;293.1;-0.1;-6.3
@20260609_103407_446_imu_bno055.csv@982165520;289.3;-0.0;-6.5
@20260609_103407_446_imu_bno055.csv@982222232;292.5;-0.0;-5.9
@20260609_103407_446_imu_bno055.csv@982273947;283.5;-0.0;-6.1
@20260609_103407_446_imu_bno055.csv@982332070;280.2;-0.0;-5.9
@20260609_103407_446_imu_bno055.csv@982383681;294.9;-0.0;-6.4
@20260609_103407_446_imu_bno055.csv@982442242;303.3;-0.0;-6.2
@20260609_103407_446_imu_bno055.csv@982493567;305.6;-0.0;-5.9
@20260609_103407_446_imu_bno055.csv@982552091;281.1;-0.0;-6.0
@20260609_103407_446_imu_bno055.csv@982603630;279.8;-0.0;-6.0
@20260609_103407_446_imu_bno055.csv@982746518;293.1;-0.0;-6.2
@20260609_103407_446_imu_bno055.csv@982802342;306.4;-0.1;-5.9
@20260609_103407_446_imu_bno055.csv@982854662;287.3;-0.1;-6.1
@20260609_103407_446_imu_bno055.csv@982912074;290.3;-0.1;-6.0
@20260609_103407_446_imu_bno055.csv@982964758;285.3;-0.1;-6.0
@20260609_103407_446_imu_bno055.csv@983013664;287.7;-0.1;-5.8
@20260609_103407_446_imu_bno055.csv@983073722;305.5;-0.0;-5.9
@20260609_103407_446_imu_bno055.csv@983132103;289.3;-0.1;-5.8
@20260609_103407_446_imu_bno055.csv@983183811;296.0;-0.1;-5.9
@20260609_103407_446_imu_bno055.csv@983242371;305.6;-0.0;-6.2
@20260609_103407_446_imu_bno055.csv@983302394;302.7;-0.1;-6.4
@20260609_103407_446_imu_bno055.csv@983362236;305.7;-0.1;-5.9
@20260609_103407_446_imu_bno055.csv@983412095;305.2;-0.0;-6.1
@20260609_103407_446_imu_bno055.csv@983472084;302.8;-0.0;-6.1
@20260609_103407_446_imu_bno055.csv@983522245;294.8;-0.1;-6.5
@20260609_103407_446_imu_bno055.csv@983582378;296.5;-0.0;-6.0
@20260609_103407_446_imu_bno055.csv@983642272;301.1;-0.1;-6.0
@20260609_103407_446_imu_bno055.csv@983702332;306.1;-0.0;-5.9
@20260609_103407_446_imu_bno055.csv@983866446;280.7;-0.1;-5.8
@20260609_103407_446_imu_bno055.csv@983922312;304.2;-0.1;-5.8
@20260609_103407_446_imu_bno055.csv@983975257;294.2;-0.1;-6.0
@20260609_103407_446_imu_bno055.csv@984032095;293.9;-0.1;-6.1
@20260609_103407_446_imu_bno055.csv@984085412;306.6;-0.0;-5.9
@20260609_103407_446_imu_bno055.csv@984142229;304.7;-0.1;-6.4
@20260609_103407_446_imu_bno055.csv@984195237;306.3;-0.1;-6.0
@20260609_103407_446_imu_bno055.csv@984252108;307.4;-0.1;-5.9
@20260609_103407_446_imu_bno055.csv@984303682;297.7;-0.0;-6.4
@20260609_103407_446_imu_bno055.csv@984362267;284.4;0.0;-6.1
@20260609_103407_446_imu_bno055.csv@984413545;299.6;-0.1;-6.2
@20260609_103407_446_imu_bno055.csv@984472108;284.2;-0.0;-6.5
@20260609_103407_446_imu_bno055.csv@984523756;301.2;-0.1;-6.2
@20260609_103407_446_imu_bno055.csv@984582264;306.5;-0.0;-6.3
@20260609_103407_446_imu_bno055.csv@984633936;288.7;-0.0;-6.2
@20260609_103407_446_imu_bno055.csv@984692192;305.9;-0.0;-6.2
@20260609_103407_446_imu_bno055.csv@984743647;304.0;-0.0;-6.4
@20260609_103407_446_imu_bno055.csv@984802407;304.9;-0.0;-6.1
@20260609_103407_446_imu_bno055.csv@984862273;286.8;-0.0;-6.4
@20260609_103407_446_imu_bno055.csv@984998282;285.7;0.0;-5.9
@20260609_103407_446_imu_bno055.csv@985052094;308.5;-0.1;-6.4
@20260609_103407_446_imu_bno055.csv@985112055;292.7;-0.1;-6.4
@20260609_103407_446_imu_bno055.csv@985172091;297.8;-0.0;-6.1
@20260609_103407_446_imu_bno055.csv@985224649;304.3;-0.0;-5.8
@20260609_103407_446_imu_bno055.csv@985282293;298.3;-0.0;-5.9
@20260609_103407_446_imu_bno055.csv@985334655;286.7;-0.1;-6.2
@20260609_103407_446_imu_bno055.csv@985392148;306.6;-0.1;-6.4
@20260609_103407_446_imu_bno055.csv@985548590;310.2;0.0;-6.1
@20260609_103407_446_imu_bno055.csv@985602179;309.1;0.0;-5.8
@20260609_103407_446_imu_bno055.csv@985662221;305.4;0.0;-6.0
@20260609_103407_446_imu_bno055.csv@985722186;291.3;-0.1;-6.4
@20260609_103407_446_imu_bno055.csv@985774291;285.0;-0.1;-5.8
@20260609_103407_446_imu_bno055.csv@985832026;293.6;-0.0;-6.3
@20260609_103407_446_imu_bno055.csv@985884686;309.3;-0.0;-6.1
@20260609_103407_446_imu_bno055.csv@985942160;290.0;0.0;-6.1
@20260609_103407_446_imu_bno055.csv@986077157;296.5;-0.1;-5.9
@20260609_103407_446_imu_bno055.csv@986131986;281.2;-0.0;-6.3
@20260609_103407_446_imu_bno055.csv@986191928;285.1;-0.0;-5.7
@20260609_103407_446_imu_bno055.csv@986251953;288.9;-0.0;-6.0
@20260609_103407_446_imu_bno055.csv@986311953;290.6;-0.0;-6.3
@20260609_103407_446_imu_bno055.csv@986371939;283.9;-0.0;-5.8
@20260609_103407_446_imu_bno055.csv@986423731;288.1;-0.0;-6.1
@20260609_103407_446_imu_bno055.csv@986482086;292.9;0.0;-6.1
@20260609_103407_446_imu_bno055.csv@986533980;295.8;-0.0;-6.1
@20260609_103407_446_imu_bno055.csv@986591878;284.3;-0.0;-5.9
@20260609_103407_446_imu_bno055.csv@986644020;310.0;0.0;-6.0
@20260609_103407_446_imu_bno055.csv@986702211;299.9;-0.0;-5.9
@20260609_103407_446_imu_lsm6dso32.csv@uptime;ax;ay;az;gx;gy;gz
@20260609_103407_446_imu_lsm6dso32.csv@926862906;0.0;0.0;3.013;-0.0;0.0;-0.0
@20260609_103407_446_imu_lsm6dso32.csv@926922189;0.0;0.0;3.239;0.0;-0.0;-0.0
@20260609_103407_446_imu_lsm6dso32.csv@926982229;0.0;0.0;2.925;0.0;0.0;-0.0
@20260609_103407_446_imu_lsm6dso32.csv@927024386;0.0;0.0;2.951;-0.0;0.0;0.0
@20260609_103407_446_imu_lsm6dso32.csv@927082287;0.0;0.0;3.097;-0.0;-0.0;-0.0
@20260609_103407_446_imu_lsm6dso32.csv@927132839;0.0;0.0;3.243;-0.0;0.0;-0.0
@20260609_103407_446_imu_lsm6dso32.csv@927182831;0.0;0.0;3.305;-0.0;-0.0;-0.0
@20260609_103407_446_imu_lsm6dso32.csv@927232767;0.0;0.0;3.306;0.0;0.0;-0.0
@20260609_103407_446_imu_lsm6dso32.csv@927282739;0.0;0.0;3.174;0.0;0.0;0.0
@20260609_103407_446_imu_lsm6dso32.csv@927342214;0.0;0.0;3.05;0.0;-0.0;-0.0
@20260609_103407_446_imu_lsm6dso32.csv@927392763;0.0;0.0;3.175;0.0;-0.0;-0.0
@20260609_103407_446_imu_lsm6dso32.csv@927452133;0.0;0.0;2.923;-0.0;-0.0;0.0
@20260609_103407_446_imu_lsm6dso32.csv@927502762;0.0;0.0;3.194;0.0;-0.0;0.0
@20260609_103407_446_imu_lsm6dso32.csv@927562255;0.0;0.0;3.051;-0.0;0.0;-0.0
@20260609_103407_446_imu_lsm6dso32.csv@927622604;0.0;0.0;3.211;0.0;-0.0;0.0
@20260609_103407_446_imu_lsm6dso32.csv@927682131;0.0;0.0;2.962;0.0;0.0;-0.0
@20260609_103407_446_imu_lsm6dso32.csv@927732674;0.0;0.0;3.053;-0.0;0.0;-0.0
@20260609_103407_446_imu_lsm6dso32.csv@927792012;0.0;0.0;3.007;-0.0;-0.0;-0.0
@20260609_103407_446_imu_lsm6dso32.csv@927842150;0.0;0.0;3.006;0.0;0.0;-0.0
@20260609_103407_446_imu_lsm6dso32.csv@927902139;0.0;0.0;3.14;-0.0;0.0;-0.0
@20260609_103407_446_imu_lsm6dso32.csv@927952673;0.0;0.0;3.164;0.0;0.0;-0.0
@20260609_103407_446_imu_lsm6dso32.csv@928012043;0.0;0.0;3.016;0.0;-0.0;-0.0
@20260609_103407_446_imu_lsm6dso32.csv@928062777;0.0;0.0;2.983;-0.0;-0.0;-0.0
@20260609_103407_446_imu_lsm6dso32.csv@928122149;0.0;0.0;3.159;0.0;0.0;0.0
@20260609_103407_446_imu_lsm6dso32.csv@928172685;0.0;0.0;3.179;0.0;-0.0;-0.0
@20260609_103407_446_imu_lsm6dso32.csv@928232040;0.0;0.0;3.101;-0.0;-0.0;0.0
@20260609_103407_446_imu_lsm6dso32.csv@928282652;0.0;0.0;3.166;-0.0;-0.0;0.0
@20260609_103407_446_imu_lsm6dso32.csv@928342184;0.0;0.0;2.865;-0.0;0.0;0.0
@20260609_103407_446_imu_lsm6dso32.csv@928392745;0.0;0.0;3.005;0.0;-0.0;-0.0
@20260609_103407_446_imu_lsm6dso32.csv@928452044;0.0;0.0;2.897;-0.0;0.0;0.0
@20260609_103407_446_imu_lsm6dso32.csv@928502714;0.0;0.0;2.97;-0.0;-0.0;0.0
@20260609_103407_446_imu_lsm6dso32.csv@928562168;0.0;0.0;3.149;-0.0;-0.0;0.0
@20260609_103407_446_imu_lsm6dso32.csv@928612701;0.0;0.0;2.933;0.0;-0.0;-0.0
@20260609_103407_446_imu_lsm6dso32.csv@928672055;0.0;0.0;2.846;-0.0;-0.0;-0.0
@20260609_103407_446_imu_lsm6dso32.csv@928722745;0.0;0.0;3.095;-0.0;-0.0;0.0
@20260609_103407_446_imu_lsm6dso32.csv@928782179;0.0;0.0;2.842;-0.0;0.0;-0.0
@20260609_103407_446_imu_lsm6dso32.csv@928832792;0.0;0.0;3.029;0.0;0.0;0.0
@20260609_103407_446_imu_lsm6dso32.csv@928882365;0.0;0.0;2.815;0.0;0.0;0.0
@20260609_103407_446_imu_lsm6dso32.csv@928932688;0.0;0.0;2.946;0.0;-0.0;-0.0
@20260609_103407_446_imu_lsm6dso32.csv@928992082;0.0;0.0;2.887;0.0;-0.0;0.0
@20260609_103407_446_imu_lsm6dso32.csv@929042712;0.0;0.0;2.982;0.0;0.0;-0.0
@20260609_103407_446_imu_lsm6dso32.csv@929102188;0.0;0.0;3.014;-0.0;0.0;-0.0
@20260609_103407_446_imu_lsm6dso32.csv@929152725;0.0;0.0;2.744;0.0;-0.0;-0.0
@20260609_103407_446_imu_lsm6dso32.csv@929212028;0.0;0.0;2.79;-0.0;0.0;0.0
@20260609_103407_446_imu_lsm6dso32.csv@929262677;0.0;0.0;2.693;-0.0;-0.0;-0.0
@20260609_103407_446_imu_lsm6dso32.csv@929322151;0.0;0.0;2.899;0.0;-0.0;0.0
@20260609_103407_446_imu_lsm6dso32.csv@929374083;0.0;0.0;2.953;-0.0;0.0;0.0
@20260609_103407_446_imu_lsm6dso32.csv@929432070;0.0;0.0;2.603;-0.0;0.0;-0.0
@20260609_103407_446_imu_lsm6dso32.csv@929482880;0.0;0.0;2.946;-0.0;-0.0;0.0
@20260609_103407_446_imu_lsm6dso32.csv@929542177;0.0;0.0;2.869;0.0;0.0;0.0
@20260609_103407_446_imu_lsm6dso32.csv@929592687;0.0;0.0;2.733;0.0;-0.0;0.0
@20260609_103407_446_imu_lsm6dso32.csv@929652045;0.0;0.0;2.757;0.0;0.0;0.0
@20260609_103407_446_imu_lsm6dso32.csv@929702703;0.0;0.0;2.551;-0.0;-0.0;0.0
@20260609_103407_446_imu_lsm6dso32.csv@929762159;0.0;0.0;2.536;0.0;-0.0;0.0
@20260609_103407_446_imu_lsm6dso32.csv@929812701;0.0;0.0;2.769;0.0;-0.0;0.0
@20260609_103407_446_imu_lsm6dso32.csv@929875929;0.0;0.0;2.69;-0.0;-0.0;0.0
@20260609_103407_446_imu_lsm6dso32.csv@929922697;0.0;0.0;2.486;0.0;-0.0;-0.0
@20260609_103407_446_imu_lsm6dso32.csv@929982156;0.0;0.0;2.56;-0.0;-0.0;0.0
@20260609_103407_446_imu_lsm6dso32.csv@930032688;0.0;0.0;2.762;0.0;-0.0;-0.0
@20260609_103407_446_imu_lsm6dso32.csv@930091989;0.0;0.0;2.684;0.0;-0.0;0.0
@20260609_103407_446_imu_lsm6dso32.csv@930142653;0.0;0.0;2.682;-0.0;-0.0;-0.0
@20260609_103407_446_imu_lsm6dso32.csv@930202107;0.0;0.0;2.44;0.0;-0.0;-0.0
@20260609_103407_446_imu_lsm6dso32.csv@930252672;0.0;0.0;2.67;0.0;-0.0;0.0
@20260609_103407_446_imu_lsm6dso32.csv@930312037;0.0;0.0;2.448;0.0;0.0;-0.0
@20260609_103407_446_imu_lsm6dso32.csv@930362636;0.0;0.0;0.028;-0.0;-0.0;-0.0
@20260609_103407_446_imu_lsm6dso32.csv@930422198;0.0;0.0;0.05;-0.0;-0.0;0.0
@20260609_103407_446_imu_lsm6dso32.csv@930472735;0.0;0.0;-0.031;0.0;0.0;-0.0
@20260609_103407_446_imu_lsm6dso32.csv@930532073;0.0;0.0;-0.049;0.0;0.0;-0.0
@20260609_103407_446_imu_lsm6dso32.csv@930582719;0.0;0.0;0.048;0.0;-0.0;0.0
@20260609_103407_446_imu_lsm6dso32.csv@930642231;0.0;0.0;-0.033;0.0;-0.0;0.0
@20260609_103407_446_imu_lsm6dso32.csv@930692731;0.0;0.0;0.015;-0.0;-0.0;0.0
@20260609_103407_446_imu_lsm6dso32.csv@930752216;0.0;0.0;-0.027;-0.0;0.0;0.0
@20260609_103407_446_imu_lsm6dso32.csv@930802770;0.0;0.0;0.019;0.0;0.0;-0.0
@20260609_103407_446_imu_lsm6dso32.csv@930862262;0.0;0.0;-0.049;0.0;0.0;0.0
@20260609_103407_446_imu_lsm6dso32.csv@930922441;0.0;0.0;0.049;-0.0;-0.0;0.0
@20260609_103407_446_imu_lsm6dso32.csv@930974484;0.0;0.0;0.006;0.0;-0.0;-0.0
@20260609_103407_446_imu_lsm6dso32.csv@931022731;0.0;0.0;-0.022;-0.0;-0.0;0.0
@20260609_103407_446_imu_lsm6dso32.csv@931072784;0.0;0.0;0.02;-0.0;0.0;-0.0
@20260609_103407_446_imu_lsm6dso32.csv@931122802;0.0;0.0;0.038;0.0;0.0;0.0
@20260609_103407_446_imu_lsm6dso32.csv@931172753;0.0;0.0;0.018;0.0;-0.0;0.0
@20260609_103407_446_imu_lsm6dso32.csv@931223682;0.0;0.0;-0.012;0.0;-0.0;0.0
@20260609_103407_446_imu_lsm6dso32.csv@931272749;0.0;0.0;0.049;-0.0;0.0;0.0
@20260609_103407_446_imu_lsm6dso32.csv@931332054;0.0;0.0;0.0;-0.0;-0.0;0.0
@20260609_103407_446_imu_lsm6dso32.csv@931384223;0.0;0.0;0.003;-0.0;-0.0;-0.0
@20260609_103407_446_imu_lsm6dso32.csv@931442141;0.0;0.0;0.038;-0.0;0.0;-0.0
@20260609_103407_446_imu_lsm6dso32.csv@931494272;0.0;0.0;-0.013;0.0;-0.0;-0.0
@20260609_103407_446_imu_lsm6dso32.csv@931552019;0.0;0.0;0.043;0.0;0.0;-0.0
@20260609_103407_446_imu_lsm6dso32.csv@931602823;0.0;0.0;-0.05;-0.0;-0.0;-0.0
@20260609_103407_446_imu_lsm6dso32.csv@931662174;0.0;0.0;-0.009;-0.0;0.0;-0.0
@20260609_103407_446_imu_lsm6dso32.csv@931712867;0.0;0.0;-0.015;0.0;0.0;-0.0
@20260609_103407_446_imu_lsm6dso32.csv@931772028;0.0;0.0;0.011;0.0;0.0;-0.0
@20260609_103407_446_imu_lsm6dso32.csv@931822735;0.0;0.0;-0.006;-0.0;-0.0;0.0
@20260609_103407_446_imu_lsm6dso32.csv@931882191;0.0;0.0;-0.031;0.0;-0.0;0.0
@20260609_103407_446_imu_lsm6dso32.csv@931942447;0.0;0.0;-0.005;-0.0;-0.0;-0.0
@20260609_103407_446_imu_lsm6dso32.csv@931993735;0.0;0.0;0.007;-0.0;-0.0;-0.0
@20260609_103407_446_imu_lsm6dso32.csv@932042996;0.0;0.0;-0.015;-0.0;-0.0;0.0
@20260609_103407_446_imu_lsm6dso32.csv@932092881;0.0;0.0;-0.008;0.0;-0.0;-0.0
@20260609_103407_446_imu_lsm6dso32.csv@932142999;0.0;0.0;0.041;0.0;-0.0;-0.0
@20260609_103407_446_imu_lsm6dso32.csv@932192909;0.0;0.0;0.046;-0.0;0.0;0.0
@20260609_103407_446_imu_lsm6dso32.csv@932242970;0.0;0.0;0.036;0.0;0.0;-0.0
@20260609_103407_446_imu_lsm6dso32.csv@932292947;0.0;0.0;-0.032;-0.0;0.0;-0.0
@20260609_103407_446_imu_lsm6dso32.csv@932342950;0.0;0.0;-0.008;-0.0;-0.0;-0.0
@20260609_103407_446_imu_lsm6dso32.csv@932392948;0.0;0.0;0.043;0.0;-0.0;0.0
@20260609_103407_446_imu_lsm6dso32.csv@932444497;0.0;0.0;0.032;-0.0;0.0;-0.0
@20260609_103407_446_imu_lsm6dso32.csv@932492757;0.0;0.0;-0.046;-0.0;0.0;0.0
@20260609_103407_446_imu_lsm6dso32.csv@932545258;0.0;0.0;-0.041;0.0;0.0;0.0
@20260609_103407_446_imu_lsm6dso32.csv@932592716;0.0;0.0;-0.045;-0.0;0.0;-0.0
@20260609_103407_446_imu_lsm6dso32.csv@932652050;0.0;0.0;-0.017;0.0;0.0;-0.0
@20260609_103407_446_imu_lsm6dso32.csv@932702724;0.0;0.0;0.016;0.0;-0.0;0.0
@20260609_103407_446_imu_lsm6dso32.csv@932762218;0.0;0.0;0.021;0.0;-0.0;0.0
@20260609_103407_446_imu_lsm6dso32.csv@932812724;0.0;0.0;-0.048;-0.0;0.0;0.0
@20260609_103407_446_imu_lsm6dso32.csv@932873715;0.0;0.0;-0.044;-0.0;-0.0;0.0
@20260609_103407_446_imu_lsm6dso32.csv@932948118;0.0;0.0;0.047;-0.0;-0.0;-0.0
@20260609_103407_446_imu_lsm6dso32.csv@932992709;0.0;0.0;0.023;0.0;-0.0;0.0
@20260609_103407_446_imu_lsm6dso32.csv@933042758;0.0;0.0;-0.034;0.0;0.0;-0.0
@20260609_103407_446_imu_lsm6dso32.csv@933094825;0.0;0.0;0.025;0.0;0.0;-0.0
@20260609_103407_446_imu_lsm6dso32.csv@933152022;0.0;0.0;0.024;-0.0;-0.0;-0.0
@20260609_103407_446_imu_lsm6dso32.csv@933205178;0.0;0.0;0.041;0.0;0.0;-0.0
@20260609_103407_446_imu_lsm6dso32.csv@933252683;0.0;0.0;-0.01;0.0;-0.0;-0.0
@20260609_103407_446_imu_lsm6dso32.csv@933304209;0.0;0.0;-0.024;-0.0;0.0;0.0
@20260609_103407_446_imu_lsm6dso32.csv@933352689;0.0;0.0;0.01;0.0;0.0;0.0
@20260609_103407_446_imu_lsm6dso32.csv@933402698;0.0;0.0;-0.01;0.0;0.0;0.0
@20260609_103407_446_imu_lsm6dso32.csv@933462153;0.0;0.0;0.036;0.0;0.0;0.0
@20260609_103407_446_imu_lsm6dso32.csv@933514293;0.0;0.0;-0.023;0.0;0.0;0.0
@20260609_103407_446_imu_lsm6dso32.csv@933572079;0.0;0.0;-0.036;-0.0;-0.0;0.0
@20260609_103407_446_imu_lsm6dso32.csv@933624244;0.0;0.0;-0.015;-0.0;0.0;0.0
@20260609_103407_446_imu_lsm6dso32.csv@933682190;0.0;0.0;0.037;0.0;-0.0;-0.0
@20260609_103407_446_imu_lsm6dso32.csv@933732685;0.0;0.0;0.02;-0.0;0.0;0.0
@20260609_103407_446_imu_lsm6dso32.csv@933792068;0.0;0.0;-0.006;0.0;0.0;0.0
@20260609_103407_446_imu_lsm6dso32.csv@933842771;0.0;0.0;0.003;-0.0;0.0;-0.0
@20260609_103407_446_imu_lsm6dso32.csv@933902216;0.0;0.0;0.041;0.0;0.0;0.0
@20260609_103407_446_imu_lsm6dso32.csv@933978895;0.0;0.0;-0.007;0.0;-0.0;-0.0
@20260609_103407_446_imu_lsm6dso32.csv@934032044;0.0;0.0;0.039;-0.0;-0.0;0.0
@20260609_103407_446_imu_lsm6dso32.csv@934083170;0.0;0.0;-0.007;-0.0;0.0;-0.0
@20260609_103407_446_imu_lsm6dso32.csv@934132694;0.0;0.0;-0.038;0.0;0.0;-0.0
@20260609_103407_446_imu_lsm6dso32.csv@934192195;0.0;0.0;0.034;0.0;-0.0;0.0
@20260609_103407_446_imu_lsm6dso32.csv@934244247;0.0;0.0;0.019;0.0;0.0;-0.0
@20260609_103407_446_imu_lsm6dso32.csv@934292797;0.0;0.0;-0.006;0.0;-0.0;0.0
@20260609_103407_446_imu_lsm6dso32.csv@934342754;0.0;0.0;0.04;-0.0;0.0;-0.0
@20260609_103407_446_imu_lsm6dso32.csv@934392901;0.0;0.0;0.024;0.0;-0.0;-0.0
@20260609_103407_446_imu_lsm6dso32.csv@934442671;0.0;0.0;0.002;-0.0;-0.0;-0.0
@20260609_103407_446_imu_lsm6dso32.csv@934492694;0.0;0.0;-0.009;-0.0;-0.0;-0.0
@20260609_103407_446_imu_lsm6dso32.csv@934552115;0.0;0.0;0.029;0.0;0.0;-0.0
@20260609_103407_446_imu_lsm6dso32.csv@934602740;0.0;0.0;0.008;-0.0;0.0;0.0
@20260609_103407_446_imu_lsm6dso32.csv@934662218;0.0;0.0;0.043;-0.0;0.0;-0.0
@20260609_103407_446_imu_lsm6dso32.csv@934712715;0.0;0.0;0.046;0.0;-0.0;0.0
@20260609_103407_446_imu_lsm6dso32.csv@934772095;0.0;0.0;0.031;0.0;-0.0;0.0
@20260609_103407_446_imu_lsm6dso32.csv@934822750;0.0;0.0;0.044;0.0;0.0;0.0
@20260609_103407_446_imu_lsm6dso32.csv@934882208;0.0;0.0;-0.022;-0.0;0.0;-0.0
@20260609_103407_446_imu_lsm6dso32.csv@934932727;0.0;0.0;0.025;-0.0;0.0;0.0
@20260609_103407_446_imu_lsm6dso32.csv@935008711;0.0;0.0;-0.042;-0.0;0.0;-0.0
@20260609_103407_446_imu_lsm6dso32.csv@935052732;0.0;0.0;-0.039;-0.0;0.0;0.0
@20260609_103407_446_imu_lsm6dso32.csv@935112120;0.0;0.0;0.047;-0.0;0.0;0.0
@20260609_103407_446_imu_lsm6dso32.csv@935162756;0.0;0.0;0.002;0.0;-0.0;-0.0
@20260609_103407_446_imu_lsm6dso32.csv@935222198;0.0;0.0;-0.012;0.0;0.0;-0.0
@20260609_103407_446_imu_lsm6dso32.csv@935272700;0.0;0.0;0.049;0.0;-0.0;-0.0
@20260609_103407_446_imu_lsm6dso32.csv@935332074;0.0;0.0;-0.008;0.0;0.0;0.0
@20260609_103407_446_imu_lsm6dso32.csv@935382669;0.0;0.0;0.014;0.0;0.0;0.0
@20260609_103407_446_imu_lsm6dso32.csv@935442250;0.0;0.0;-0.004;0.0;0.0;-0.0
@20260609_103407_446_imu_lsm6dso32.csv@935492682;0.0;0.0;0.04;0.0;0.0;0.0
@20260609_103407_446_imu_lsm6dso32.csv@935552082;0.0;0.0;-0.012;-0.0;-0.0;0.0
@20260609_103407_446_imu_lsm6dso32.csv@935602650;0.0;0.0;-0.002;0.0;0.0;0.0
@20260609_103407_446_imu_lsm6dso32.csv@935662185;0.0;0.0;-0.018;0.0;0.0;-0.0
@20260609_103407_446_imu_lsm6dso32.csv@935712685;0.0;0.0;-0.012;0.0;0.0;0.0
@20260609_103407_446_imu_lsm6dso32.csv@935772003;0.0;0.0;0.035;0.0;0.0;0.0
@20260609_103407_446_imu_lsm6dso32.csv@935822664;0.0;0.0;0.024;0.0;0.0;-0.0
@20260609_103407_446_imu_lsm6dso32.csv@935882160;0.0;0.0;0.05;-0.0;-0.0;-0.0
@20260609_103407_446_imu_lsm6dso32.csv@935932705;0.0;0.0;0.044;0.0;0.0;0.0
@20260609_103407_446_imu_lsm6dso32.csv@935992005;0.0;0.0;0.034;0.0;0.0;-0.0
@20260609_103407_446_imu_lsm6dso32.csv@936039068;0.0;0.0;-0.043;-0.0;0.0;0.0
@20260609_103407_446_imu_lsm6dso32.csv@936092073;0.0;0.0;-0.036;-0.0;-0.0;0.0
@20260609_103407_446_imu_lsm6dso32.csv@936152099;0.0;0.0;-0.032;0.0;0.0;-0.0
@20260609_103407_446_imu_lsm6dso32.csv@936204351;0.0;0.0;0.018;0.0;0.0;0.0
@20260609_103407_446_imu_lsm6dso32.csv@936252853;0.0;0.0;-0.043;-0.0;0.0;0.0
@20260609_103407_446_imu_lsm6dso32.csv@936302708;0.0;0.0;0.013;0.0;0.0;-0.0
@20260609_103407_446_imu_lsm6dso32.csv@936352722;0.0;0.0;-0.009;-0.0;0.0;-0.0
@20260609_103407_446_imu_lsm6dso32.csv@936402698;0.0;0.0;0.002;0.0;-0.0;-0.0
@20260609_103407_446_imu_lsm6dso32.csv@936452874;0.0;0.0;-0.042;0.0;0.0;0.0
@20260609_103407_446_imu_lsm6dso32.csv@936503169;0.0;0.0;-0.021;0.0;0.0;0.0
@20260609_103407_446_imu_lsm6dso32.csv@936552718;0.0;0.0;0.029;0.0;0.0;-0.0
@20260609_103407_446_imu_lsm6dso32.csv@936602738;0.0;0.0;-0.034;-0.0;0.0;-0.0
@20260609_103407_446_imu_lsm6dso32.csv@936662229;0.0;0.0;0.025;0.0;0.0;-0.0
@20260609_103407_446_imu_lsm6dso32.csv@936714257;0.0;0.0;-0.015;0.0;0.0;0.0
@20260609_103407_446_imu_lsm6dso32.csv@936772085;0.0;0.0;0.034;-0.0;0.0;0.0
@20260609_103407_446_imu_lsm6dso32.csv@936824732;0.0;0.0;-0.025;0.0;0.0;0.0
@20260609_103407_446_imu_lsm6dso32.csv@936882206;0.0;0.0;0.056;0.0;0.0;-0.0
@20260609_103407_446_imu_lsm6dso32.csv@936933205;0.0;0.0;-0.033;0.0;-0.0;0.0
@20260609_103407_446_imu_lsm6dso32.csv@936992095;0.0;0.0;0.05;0.0;0.0;-0.0
@20260609_103407_446_imu_lsm6dso32.csv@937138466;0.0;0.0;0.057;-0.0;0.0;0.0
@20260609_103407_446_imu_lsm6dso32.csv@937192394;0.0;0.0;1.011;15.5;0.3;1.2
@20260609_103407_446_imu_lsm6dso32.csv@937243764;0.0;0.0;1.067;14.8;0.3;1.8
@20260609_103407_446_imu_lsm6dso32.csv@937302515;0.0;0.0;1.001;12.6;0.2;2.2
@20260609_103407_446_imu_lsm6dso32.csv@937355531;0.0;0.0;1.058;10.7;-0.1;2.8
@20260609_103407_446_imu_lsm6dso32.csv@937412277;0.0;0.0;0.911;10.6;0.3;3.0
@20260609_103407_446_imu_lsm6dso32.csv@937465676;0.0;0.0;0.983;9.0;0.2;3.3
@20260609_103407_446_imu_lsm6dso32.csv@937522540;0.0;0.0;0.909;7.8;0.2;3.9
@20260609_103407_446_imu_lsm6dso32.csv@937573976;0.0;0.0;1.027;7.8;0.2;4.3
@20260609_103407_446_imu_lsm6dso32.csv@937632445;0.0;0.0;1.048;6.5;0.1;4.2
@20260609_103407_446_imu_lsm6dso32.csv@937684427;0.0;0.0;0.992;5.3;-0.3;4.6
@20260609_103407_446_imu_lsm6dso32.csv@937742544;0.0;0.0;1.064;4.8;-0.2;4.7
@20260609_103407_446_imu_lsm6dso32.csv@937794457;0.0;0.0;0.934;5.0;0.1;5.2
@20260609_103407_446_imu_lsm6dso32.csv@937852259;0.0;0.0;1.025;3.5;-0.2;4.9
@20260609_103407_446_imu_lsm6dso32.csv@937904377;0.0;0.0;1.041;3.6;0.2;5.4
@20260609_103407_446_imu_lsm6dso32.csv@937962615;0.0;0.0;0.956;3.0;-0.2;5.4
@20260609_103407_446_imu_lsm6dso32.csv@938014333;0.0;0.0;0.995;3.3;0.2;5.7
@20260609_103407_446_imu_lsm6dso32.csv@938072283;0.0;0.0;0.954;2.2;-0.2;5.5
@20260609_103407_446_imu_lsm6dso32.csv@938132301;0.0;0.0;1.102;1.8;-0.2;5.5
@20260609_103407_446_imu_lsm6dso32.csv@938182562;0.0;0.0;0.934;2.3;0.1;5.8
@20260609_103407_446_imu_lsm6dso32.csv@938232303;0.0;0.0;1.033;2.2;0.2;6.2
@20260609_103407_446_imu_lsm6dso32.csv@938292303;0.0;0.0;0.998;1.3;-0.3;5.7
@20260609_103407_446_imu_lsm6dso32.csv@938344294;0.0;0.0;1.021;-0.4;0.2;6.0
@20260609_103407_446_imu_lsm6dso32.csv@938402517;0.0;0.0;1.014;0.7;0.2;5.7
@20260609_103407_446_imu_lsm6dso32.csv@938454375;0.0;0.0;1.008;-0.5;-0.7;5.9
@20260609_103407_446_imu_lsm6dso32.csv@938512335;0.0;0.0;1.104;-4.0;0.2;5.4
@20260609_103407_446_imu_lsm6dso32.csv@938564594;0.0;0.0;0.973;-0.3;0.1;5.6
@20260609_103407_446_imu_lsm6dso32.csv@938622570;0.0;0.0;1.041;-3.5;-0.6;5.8
@20260609_103407_446_imu_lsm6dso32.csv@938674479;0.0;0.0;0.921;-6.0;-0.5;5.7
@20260609_103407_446_imu_lsm6dso32.csv@938732310;0.0;0.0;0.952;-4.9;0.2;5.3
@20260609_103407_446_imu_lsm6dso32.csv@938784465;0.0;0.0;0.974;-2.3;-0.6;5.0
@20260609_103407_446_imu_lsm6dso32.csv@938842506;0.0;0.0;0.983;-3.2;-0.6;5.2
@20260609_103407_446_imu_lsm6dso32.csv@938894243;0.0;0.0;0.988;-5.3;0.3;4.4
@20260609_103407_446_imu_lsm6dso32.csv@938952280;0.0;0.0;1.041;-6.8;-0.5;4.6
@20260609_103407_446_imu_lsm6dso32.csv@939004362;0.0;0.0;0.964;-4.9;0.3;4.0
@20260609_103407_446_imu_lsm6dso32.csv@939062433;0.0;0.0;1.096;-0.9;0.3;3.9
@20260609_103407_446_imu_lsm6dso32.csv@939114203;0.0;0.0;1.036;-2.2;0.3;4.1
@20260609_103407_446_imu_lsm6dso32.csv@939169104;0.0;0.0;1.062;-5.7;0.3;4.0
@20260609_103407_446_imu_lsm6dso32.csv@939222590;0.0;0.0;0.961;-2.6;0.3;3.8
@20260609_103407_446_imu_lsm6dso32.csv@939282522;0.0;0.0;0.972;-2.4;0.2;3.7
@20260609_103407_446_imu_lsm6dso32.csv@939334018;0.0;0.0;1.024;-5.5;-0.6;3.6
@20260609_103407_446_imu_lsm6dso32.csv@939392446;0.0;0.0;1.093;-2.6;0.3;3.3
@20260609_103407_446_imu_lsm6dso32.csv@939443814;0.0;0.0;1.094;-5.3;0.2;2.9
@20260609_103407_446_imu_lsm6dso32.csv@939502482;0.0;0.0;0.966;-4.8;0.2;2.6
@20260609_103407_446_imu_lsm6dso32.csv@939554098;0.0;0.0;1.057;-4.7;0.2;2.6
@20260609_103407_446_imu_lsm6dso32.csv@939612359;0.0;0.0;1.008;-5.2;0.2;2.3
@20260609_103407_446_imu_lsm6dso32.csv@939663920;0.0;0.0;1.01;2.7;0.2;2.3
@20260609_103407_446_imu_lsm6dso32.csv@939722434;0.0;0.0;1.044;1.5;0.1;2.3
@20260609_103407_446_imu_lsm6dso32.csv@939774179;0.0;0.0;0.974;10.3;0.2;2.8
@20260609_103407_446_imu_lsm6dso32.csv@939832317;0.0;0.0;1.046;9.7;0.1;3.3
@20260609_103407_446_imu_lsm6dso32.csv@939883803;0.0;0.0;0.957;8.2;-0.3;3.6
@20260609_103407_446_imu_lsm6dso32.csv@939942546;0.0;0.0;0.983;7.0;-0.2;3.8
@20260609_103407_446_imu_lsm6dso32.csv@939994151;0.0;0.0;0.96;6.6;-0.2;4.4
@20260609_103407_446_imu_lsm6dso32.csv@940052357;0.0;0.0;0.915;6.2;0.2;4.5
@20260609_103407_446_imu_lsm6dso32.csv@940103737;0.0;0.0;1.035;5.1;-0.2;4.8
@20260609_103407_446_imu_lsm6dso32.csv@940162546;0.0;0.0;0.938;4.4;-0.2;4.8
@20260609_103407_446_imu_lsm6dso32.csv@940245185;0.0;0.0;1.093;4.4;0.1;5.2
@20260609_103407_446_imu_lsm6dso32.csv@940302600;0.0;0.0;0.937;3.6;0.1;5.1
@20260609_103407_446_imu_lsm6dso32.csv@940362548;0.0;0.0;1.067;3.2;0.2;5.3
@20260609_103407_446_imu_lsm6dso32.csv@940422515;0.0;0.0;1.033;3.1;0.2;5.7
@20260609_103407_446_imu_lsm6dso32.csv@940482467;0.0;0.0;0.935;2.1;-0.2;5.9
@20260609_103407_446_imu_lsm6dso32.csv@940542493;0.0;0.0;1.054;1.8;-0.3;6.1
@20260609_103407_446_imu_lsm6dso32.csv@940594756;0.0;0.0;1.035;1.8;-0.3;5.6
@20260609_103407_446_imu_lsm6dso32.csv@940652306;0.0;0.0;0.957;2.0;0.2;5.8
@20260609_103407_446_imu_lsm6dso32.csv@940705067;0.0;0.0;0.965;2.0;0.2;6.0
@20260609_103407_446_imu_lsm6dso32.csv@940762581;0.0;0.0;1.0;1.2;-0.2;5.9
@20260609_103407_446_imu_lsm6dso32.csv@940813139;0.0;0.0;1.026;1.7;0.2;6.1
@20260609_103407_446_imu_lsm6dso32.csv@940872367;0.0;0.0;1.029;1.5;0.2;5.8
@20260609_103407_446_imu_lsm6dso32.csv@940932390;0.0;0.0;0.94;0.6;-0.2;6.1
@20260609_103407_446_imu_lsm6dso32.csv@940992403;0.0;0.0;0.948;0.6;-0.3;6.2
@20260609_103407_446_imu_lsm6dso32.csv@941042489;0.0;0.0;1.1;1.1;0.2;6.3
@20260609_103407_446_imu_lsm6dso32.csv@941102624;0.0;0.0;1.084;0.9;0.2;6.5
@20260609_103407_446_imu_lsm6dso32.csv@941152206;0.0;0.0;0.996;0.8;0.2;6.2
@20260609_103407_446_imu_lsm6dso32.csv@941212374;0.0;0.0;0.922;0.8;0.1;6.3
@20260609_103407_446_imu_lsm6dso32.csv@941264466;0.0;0.0;1.108;0.1;-0.3;6.3
@20260609_103407_446_imu_lsm6dso32.csv@941322547;0.0;0.0;1.03;0.6;0.2;6.7
@20260609_103407_446_imu_lsm6dso32.csv@941382555;0.0;0.0;1.09;-0.0;-0.2;6.4
@20260609_103407_446_imu_lsm6dso32.csv@941435395;0.0;0.0;0.958;0.6;0.1;6.4
@20260609_103407_446_imu_lsm6dso32.csv@941492322;0.0;0.0;0.966;0.5;0.1;6.2
@20260609_103407_446_imu_lsm6dso32.csv@941545373;0.0;0.0;1.111;-0.2;-0.3;6.1
@20260609_103407_446_imu_lsm6dso32.csv@941602549;0.0;0.0;0.968;0.5;0.1;6.1
@20260609_103407_446_imu_lsm6dso32.csv@941653841;0.0;0.0;1.051;-0.1;-0.3;6.3
@20260609_103407_446_imu_lsm6dso32.csv@941712275;0.0;0.0;1.054;0.4;0.1;6.6
@20260609_103407_446_imu_lsm6dso32.csv@941763887;0.0;0.0;1.022;0.3;0.1;6.3
@20260609_103407_446_imu_lsm6dso32.csv@941822441;0.0;0.0;0.953;-0.2;-0.2;6.8
@20260609_103407_446_imu_lsm6dso32.csv@941874354;0.0;0.0;1.082;0.4;0.2;6.2
@20260609_103407_446_imu_lsm6dso32.csv@941932338;0.0;0.0;0.982;-0.2;-0.3;6.5
@20260609_103407_446_imu_lsm6dso32.csv@941983848;0.0;0.0;0.915;-0.2;-0.2;6.2
@20260609_103407_446_imu_lsm6dso32.csv@942033134;0.0;0.0;0.953;0.4;0.2;6.4
@20260609_103407_446_imu_lsm6dso32.csv@942092555;0.0;0.0;0.984;0.4;0.2;6.2
@20260609_103407_446_imu_lsm6dso32.csv@942152315;0.0;0.0;0.956;0.5;0.2;6.8
@20260609_103407_446_imu_lsm6dso32.csv@942202551;0.0;0.0;1.101;0.4;0.2;6.5
@20260609_103407_446_imu_lsm6dso32.csv@942262520;0.0;0.0;0.99;-0.2;-0.2;6.6
@20260609_103407_446_imu_lsm6dso32.csv@942322459;0.0;0.0;1.003;0.3;0.2;6.4
@20260609_103407_446_imu_lsm6dso32.csv@942382484;0.0;0.0;0.977;0.3;0.2;6.4
@20260609_103407_446_imu_lsm6dso32.csv@942442501;0.0;0.0;0.932;0.3;0.2;6.9
@20260609_103407_446_imu_lsm6dso32.csv@942495849;0.0;0.0;0.923;0.3;0.2;6.8
@20260609_103407_446_imu_lsm6dso32.csv@942552214;0.0;0.0;1.042;0.2;0.1;6.9
@20260609_103407_446_imu_lsm6dso32.csv@942605726;0.0;0.0;0.919;-0.4;-0.2;6.6
@20260609_103407_446_imu_lsm6dso32.csv@942662448;0.0;0.0;1.036;0.2;0.1;6.4
@20260609_103407_446_imu_lsm6dso32.csv@942722666;0.0;0.0;1.045;0.1;0.1;6.9
@20260609_103407_446_imu_lsm6dso32.csv@942773140;0.0;0.0;1.04;0.2;0.2;6.7
@20260609_103407_446_imu_lsm6dso32.csv@942832381;0.0;0.0;1.048;0.1;0.1;6.8
@20260609_103407_446_imu_lsm6dso32.csv@942892313;0.0;0.0;1.051;0.2;0.2;6.4
@20260609_103407_446_imu_lsm6dso32.csv@942942530;0.0;0.0;0.939;0.2;0.2;6.2
@20260609_103407_446_imu_lsm6dso32.csv@942993151;0.0;0.0;1.065;0.2;0.1;6.5
@20260609_103407_446_imu_lsm6dso32.csv@943052364;0.0;0.0;1.063;-0.4;-0.3;6.9
@20260609_103407_446_imu_lsm6dso32.csv@943112373;0.0;0.0;0.938;0.1;0.1;6.7
@20260609_103407_446_imu_lsm6dso32.csv@943172319;0.0;0.0;1.099;0.2;0.1;6.5
@20260609_103407_446_imu_lsm6dso32.csv@943233815;0.0;0.0;1.069;0.2;0.1;6.9
@20260609_103407_446_imu_lsm6dso32.csv@943300207;0.0;0.0;1.045;-0.4;-0.4;6.3
@20260609_103407_446_imu_lsm6dso32.csv@943352403;0.0;0.0;1.055;0.1;0.1;6.6
@20260609_103407_446_imu_lsm6dso32.csv@943403993;0.0;0.0;1.033;0.2;0.1;6.6
@20260609_103407_446_imu_lsm6dso32.csv@943462670;0.0;0.0;1.108;-0.4;-0.3;6.3
@20260609_103407_446_imu_lsm6dso32.csv@943514199;0.0;0.0;1.04;0.1;0.1;6.6
@20260609_103407_446_imu_lsm6dso32.csv@943572412;0.0;0.0;1.062;0.1;0.1;6.8
@20260609_103407_446_imu_lsm6dso32.csv@943624015;0.0;0.0;0.961;0.1;0.1;6.9
@20260609_103407_446_imu_lsm6dso32.csv@943682606;0.0;0.0;1.062;-0.5;-0.3;6.9
@20260609_103407_446_imu_lsm6dso32.csv@943733816;0.0;0.0;0.954;0.1;0.1;6.7
@20260609_103407_446_imu_lsm6dso32.csv@943792423;0.0;0.0;1.075;0.2;0.2;6.5
@20260609_103407_446_imu_lsm6dso32.csv@943843979;0.0;0.0;1.005;0.2;0.1;6.8
@20260609_103407_446_imu_lsm6dso32.csv@943902552;0.0;0.0;1.042;0.3;0.1;6.9
@20260609_103407_446_imu_lsm6dso32.csv@943953773;0.0;0.0;0.934;0.2;0.2;6.5
@20260609_103407_446_imu_lsm6dso32.csv@944012356;0.0;0.0;1.033;0.2;0.1;6.9
@20260609_103407_446_imu_lsm6dso32.csv@944065403;0.0;0.0;1.016;-0.4;-0.3;6.7
@20260609_103407_446_imu_lsm6dso32.csv@944122523;0.0;0.0;0.965;0.3;0.2;6.4
@20260609_103407_446_imu_lsm6dso32.csv@944175739;0.0;0.0;1.006;0.2;0.2;6.9
@20260609_103407_446_imu_lsm6dso32.csv@944232382;0.0;0.0;0.925;0.2;0.1;6.8
@20260609_103407_446_imu_lsm6dso32.csv@944284055;0.0;0.0;1.019;-0.4;-0.3;6.3
@20260609_103407_446_imu_lsm6dso32.csv@944372546;0.0;0.0;0.957;0.2;0.1;6.4
@20260609_103407_446_imu_lsm6dso32.csv@944432333;0.0;0.0;0.957;0.1;0.1;6.7
@20260609_103407_446_imu_lsm6dso32.csv@944484981;0.0;0.0;0.916;0.1;0.1;6.8
@20260609_103407_446_imu_lsm6dso32.csv@944542567;0.0;0.0;0.957;-0.4;-0.3;6.8
@20260609_103407_446_imu_lsm6dso32.csv@944595526;0.0;0.0;0.97;-0.3;-0.2;6.7
@20260609_103407_446_imu_lsm6dso32.csv@944652318;0.0;0.0;0.951;-0.4;-0.3;6.5
@20260609_103407_446_imu_lsm6dso32.csv@944705486;0.0;0.0;0.929;0.3;0.2;6.2
@20260609_103407_446_imu_lsm6dso32.csv@944762440;0.0;0.0;1.03;0.2;0.1;6.9
@20260609_103407_446_imu_lsm6dso32.csv@944815365;0.0;0.0;0.958;0.2;0.1;6.4
@20260609_103407_446_imu_lsm6dso32.csv@944872399;0.0;0.0;0.982;-0.4;-0.3;6.2
@20260609_103407_446_imu_lsm6dso32.csv@944924038;0.0;0.0;1.003;-0.4;-0.2;6.8
@20260609_103407_446_imu_lsm6dso32.csv@944982482;0.0;0.0;1.087;-0.3;-0.2;6.8
@20260609_103407_446_imu_lsm6dso32.csv@945033795;0.0;0.0;1.049;-0.4;-0.3;6.5
@20260609_103407_446_imu_lsm6dso32.csv@945092352;0.0;0.0;1.096;0.2;0.2;6.3
@20260609_103407_446_imu_lsm6dso32.csv@945143893;0.0;0.0;0.961;0.2;0.2;6.8
@20260609_103407_446_imu_lsm6dso32.csv@945202636;0.0;0.0;0.984;-0.4;-0.3;6.3
@20260609_103407_446_imu_lsm6dso32.csv@945253820;0.0;0.0;0.93;-0.4;-0.3;6.8
@20260609_103407_446_imu_lsm6dso32.csv@945312247;0.0;0.0;0.949;-0.4;-0.2;6.2
@20260609_103407_446_imu_lsm6dso32.csv@945363822;0.0;0.0;1.026;-0.3;-0.2;6.8
@20260609_103407_446_imu_lsm6dso32.csv@945413452;0.0;0.0;1.041;0.3;0.1;6.6
@20260609_103407_446_imu_lsm6dso32.csv@945472378;0.0;0.0;0.99;-0.3;-0.3;6.3
@20260609_103407_446_imu_lsm6dso32.csv@945532277;0.0;0.0;1.021;0.3;0.1;6.2
@20260609_103407_446_imu_lsm6dso32.csv@945592201;0.0;0.0;0.978;0.3;0.1;6.5
@20260609_103407_446_imu_lsm6dso32.csv@945652262;0.0;0.0;1.083;0.2;0.1;6.8
@20260609_103407_446_imu_lsm6dso32.csv@945712275;0.0;0.0;1.108;0.2;0.2;6.8
@20260609_103407_446_imu_lsm6dso32.csv@945773961;0.0;0.0;1.057;-0.4;-0.3;6.4
@20260609_103407_446_imu_lsm6dso32.csv@945832335;0.0;0.0;0.987;0.2;0.1;6.6
@20260609_103407_446_imu_lsm6dso32.csv@945892384;0.0;0.0;1.111;-0.4;-0.2;6.9
@20260609_103407_446_imu_lsm6dso32.csv@945952289;0.0;0.0;0.973;0.3;0.2;6.8
@20260609_103407_446_imu_lsm6dso32.csv@946012447;0.0;0.0;0.935;-0.4;-0.3;6.2
@20260609_103407_446_imu_lsm6dso32.csv@946072366;0.0;0.0;0.996;0.2;0.1;6.8
@20260609_103407_446_imu_lsm6dso32.csv@946132275;0.0;0.0;0.981;0.1;0.2;6.5
@20260609_103407_446_imu_lsm6dso32.csv@946193934;0.0;0.0;0.932;0.1;0.2;6.5
@20260609_103407_446_imu_lsm6dso32.csv@946252422;0.0;0.0;1.094;-0.4;-0.2;6.8
@20260609_103407_446_imu_lsm6dso32.csv@946312361;0.0;0.0;0.966;-0.3;-0.2;6.5
@20260609_103407_446_imu_lsm6dso32.csv@946372257;0.0;0.0;0.979;0.2;0.1;6.4
@20260609_103407_446_imu_lsm6dso32.csv@946433316;0.0;0.0;1.09;-0.4;-0.2;6.8
@20260609_103407_446_imu_lsm6dso32.csv@946492311;0.0;0.0;1.094;0.2;0.1;6.6
@20260609_103407_446_imu_lsm6dso32.csv@946542415;0.0;0.0;0.993;0.2;0.2;6.3
@20260609_103407_446_imu_lsm6dso32.csv@946602578;0.0;0.0;1.05;0.2;0.1;6.9
@20260609_103407_446_imu_lsm6dso32.csv@946652178;0.0;0.0;1.001;-0.4;-0.3;6.7
@20260609_103407_446_imu_lsm6dso32.csv@946712309;0.0;0.0;1.098;-0.4;-0.2;6.3
@20260609_103407_446_imu_lsm6dso32.csv@946762450;0.0;0.0;1.012;0.1;0.2;6.6
@20260609_103407_446_imu_lsm6dso32.csv@946822525;0.0;0.0;1.059;-0.4;-0.3;6.4
@20260609_103407_446_imu_lsm6dso32.csv@946882520;0.0;0.0;1.082;0.3;0.2;6.9
@20260609_103407_446_imu_lsm6dso32.csv@946944073;0.0;0.0;0.972;-0.4;-0.3;6.3
@20260609_103407_446_imu_lsm6dso32.csv@946993133;0.0;0.0;0.917;0.2;0.2;6.9
@20260609_103407_446_imu_lsm6dso32.csv@947044759;0.0;0.0;1.073;0.2;0.2;6.9
@20260609_103407_446_imu_lsm6dso32.csv@947093116;0.0;0.0;0.922;0.2;0.1;6.2
@20260609_103407_446_imu_lsm6dso32.csv@947153914;0.0;0.0;1.007;0.2;0.1;6.9
@20260609_103407_446_imu_lsm6dso32.csv@947212249;0.0;0.0;0.97;0.2;0.2;6.4
@20260609_103407_446_imu_lsm6dso32.csv@947272392;0.0;0.0;1.025;-0.4;-0.3;6.7
@20260609_103407_446_imu_lsm6dso32.csv@947332346;0.0;0.0;0.977;0.2;0.2;6.2
@20260609_103407_446_imu_lsm6dso32.csv@947392459;0.0;0.0;1.094;-0.5;-0.3;6.8
@20260609_103407_446_imu_lsm6dso32.csv@947452322;0.0;0.0;1.067;0.2;0.1;6.3
@20260609_103407_446_imu_lsm6dso32.csv@947512344;0.0;0.0;1.106;-0.4;-0.2;6.4
@20260609_103407_446_imu_lsm6dso32.csv@947573954;0.0;0.0;1.027;-0.3;-0.2;6.4
@20260609_103407_446_imu_lsm6dso32.csv@947632297;0.0;0.0;1.013;0.3;0.2;6.5
@20260609_103407_446_imu_lsm6dso32.csv@947692373;0.0;0.0;0.917;-0.3;-0.2;6.2
@20260609_103407_446_imu_lsm6dso32.csv@947752357;0.0;0.0;1.015;0.3;0.2;6.2
@20260609_103407_446_imu_lsm6dso32.csv@947812236;0.0;0.0;0.918;-0.4;-0.3;6.6
@20260609_103407_446_imu_lsm6dso32.csv@947872367;0.0;0.0;0.964;0.2;0.1;6.9
@20260609_103407_446_imu_lsm6dso32.csv@947932238;0.0;0.0;1.02;-0.4;-0.3;6.3
@20260609_103407_446_imu_lsm6dso32.csv@947993824;0.0;0.0;1.074;0.2;0.1;6.3
@20260609_103407_446_imu_lsm6dso32.csv@948052296;0.0;0.0;0.964;0.2;0.1;6.3
@20260609_103407_446_imu_lsm6dso32.csv@948112468;0.0;0.0;0.915;-0.5;-0.2;6.9
@20260609_103407_446_imu_lsm6dso32.csv@948172363;0.0;0.0;0.964;0.2;0.1;6.9
@20260609_103407_446_imu_lsm6dso32.csv@948232371;0.0;0.0;1.057;0.1;0.1;6.7
@20260609_103407_446_imu_lsm6dso32.csv@948292339;0.0;0.0;1.029;-0.4;-0.3;6.6
@20260609_103407_446_imu_lsm6dso32.csv@948352344;0.0;0.0;0.958;-0.4;-0.3;6.3
@20260609_103407_446_imu_lsm6dso32.csv@948413880;0.0;0.0;1.079;0.2;0.2;6.8
@20260609_103407_446_imu_lsm6dso32.csv@948473147;0.0;0.0;1.024;0.3;0.1;6.3
@20260609_103407_446_imu_lsm6dso32.csv@948532420;0.0;0.0;0.953;-0.3;-0.2;6.8
@20260609_103407_446_imu_lsm6dso32.csv@948592336;0.0;0.0;0.979;-0.3;-0.2;6.4
@20260609_103407_446_imu_lsm6dso32.csv@948652318;0.0;0.0;0.951;-0.4;-0.2;6.3
@20260609_103407_446_imu_lsm6dso32.csv@948712245;0.0;0.0;0.999;-0.4;-0.3;6.8
@20260609_103407_446_imu_lsm6dso32.csv@948764073;0.0;0.0;0.92;0.2;0.2;6.7
@20260609_103407_446_imu_lsm6dso32.csv@948822489;0.0;0.0;1.062;-0.3;-0.3;6.2
@20260609_103407_446_imu_lsm6dso32.csv@948874043;0.0;0.0;1.064;0.2;0.1;6.6
@20260609_103407_446_imu_lsm6dso32.csv@948932308;0.0;0.0;1.066;0.3;0.1;6.5
@20260609_103407_446_imu_lsm6dso32.csv@948983984;0.0;0.0;0.942;0.3;0.1;6.3
@20260609_103407_446_imu_lsm6dso32.csv@949042545;0.0;0.0;0.964;-0.4;-0.2;6.8
@20260609_103407_446_imu_lsm6dso32.csv@949094093;0.0;0.0;1.078;-0.4;-0.2;6.2
@20260609_103407_446_imu_lsm6dso32.csv@949152302;0.0;0.0;1.048;0.2;0.1;6.4
@20260609_103407_446_imu_lsm6dso32.csv@949204054;0.0;0.0;1.063;-0.4;-0.2;6.2
@20260609_103407_446_imu_lsm6dso32.csv@949262443;0.0;0.0;0.953;-0.4;-0.2;6.8
@20260609_103407_446_imu_lsm6dso32.csv@949314075;0.0;0.0;0.961;0.3;0.2;6.4
@20260609_103407_446_imu_lsm6dso32.csv@949372327;0.0;0.0;0.927;0.2;0.2;6.4
@20260609_103407_446_imu_lsm6dso32.csv@949424106;0.0;0.0;1.104;0.2;0.1;6.8
@20260609_103407_446_imu_lsm6dso32.csv@949475648;0.0;0.0;0.996;-0.5;-0.3;6.3
@20260609_103407_446_imu_lsm6dso32.csv@949532196;0.0;0.0;0.979;0.2;0.2;6.4
@20260609_103407_446_imu_lsm6dso32.csv@949585217;0.0;0.0;0.989;0.2;0.2;6.7
@20260609_103407_446_imu_lsm6dso32.csv@949642478;0.0;0.0;1.046;0.3;0.1;6.4
@20260609_103407_446_imu_lsm6dso32.csv@949695300;0.0;0.0;0.915;-0.3;-0.2;6.4
@20260609_103407_446_imu_lsm6dso32.csv@949752405;0.0;0.0;1.05;0.3;0.1;6.7
@20260609_103407_446_imu_lsm6dso32.csv@949812370;0.0;0.0;1.087;-0.4;-0.2;6.2
@20260609_103407_446_imu_lsm6dso32.csv@949864054;0.0;0.0;1.087;-0.3;-0.3;6.7
@20260609_103407_446_imu_lsm6dso32.csv@949922603;0.0;0.0;1.018;0.3;0.2;6.8
@20260609_103407_446_imu_lsm6dso32.csv@949973995;0.0;0.0;1.095;-0.3;-0.2;6.3
@20260609_103407_446_imu_lsm6dso32.csv@950032364;0.0;0.0;1.058;-0.4;-0.2;6.9
@20260609_103407_446_imu_lsm6dso32.csv@950083810;0.0;0.0;0.966;-0.4;-0.3;6.6
@20260609_103407_446_imu_lsm6dso32.csv@950142531;0.0;0.0;1.071;0.2;0.1;6.4
@20260609_103407_446_imu_lsm6dso32.csv@950194113;0.0;0.0;0.966;0.2;0.2;6.2
@20260609_103407_446_imu_lsm6dso32.csv@950252350;0.0;0.0;0.948;-0.3;-0.2;6.6
@20260609_103407_446_imu_lsm6dso32.csv@950304080;0.0;0.0;0.98;0.3;0.2;6.7
@20260609_103407_446_imu_lsm6dso32.csv@950362521;0.0;0.0;1.105;0.3;0.2;6.8
@20260609_103407_446_imu_lsm6dso32.csv@950414126;0.0;0.0;1.09;0.2;0.2;6.2
@20260609_103407_446_imu_lsm6dso32.csv@950472407;0.0;0.0;1.097;0.2;0.2;6.9
@20260609_103407_446_imu_lsm6dso32.csv@950522669;0.0;0.0;0.915;-0.4;-0.3;6.3
@20260609_103407_446_imu_lsm6dso32.csv@950582576;0.0;0.0;0.99;-0.4;-0.3;6.9
@20260609_103407_446_imu_lsm6dso32.csv@950635286;0.0;0.0;1.006;0.3;0.2;6.5
@20260609_103407_446_imu_lsm6dso32.csv@950692283;0.0;0.0;0.947;0.2;0.2;6.7
@20260609_103407_446_imu_lsm6dso32.csv@950746423;0.0;0.0;1.071;0.2;0.1;6.7
@20260609_103407_446_imu_lsm6dso32.csv@950802595;0.0;0.0;1.038;0.2;0.2;6.6
@20260609_103407_446_imu_lsm6dso32.csv@950855381;0.0;0.0;0.911;-0.5;-0.3;6.3
@20260609_103407_446_imu_lsm6dso32.csv@950912338;0.0;0.0;1.084;-0.5;-0.3;6.3
@20260609_103407_446_imu_lsm6dso32.csv@950964047;0.0;0.0;1.11;0.2;0.2;6.3
@20260609_103407_446_imu_lsm6dso32.csv@951022639;0.0;0.0;1.028;0.1;0.1;6.5
@20260609_103407_446_imu_lsm6dso32.csv@951074108;0.0;0.0;1.091;-0.5;-0.3;6.8
@20260609_103407_446_imu_lsm6dso32.csv@951132403;0.0;0.0;0.987;-0.5;-0.3;6.5
@20260609_103407_446_imu_lsm6dso32.csv@951183879;0.0;0.0;0.958;0.1;0.2;6.8
@20260609_103407_446_imu_lsm6dso32.csv@951242550;0.0;0.0;0.983;0.1;0.1;6.2
@20260609_103407_446_imu_lsm6dso32.csv@951293878;0.0;0.0;0.919;0.2;0.2;6.5
@20260609_103407_446_imu_lsm6dso32.csv@951352380;0.0;0.0;0.97;-0.5;-0.3;6.7
@20260609_103407_446_imu_lsm6dso32.csv@951403848;0.0;0.0;0.936;0.2;0.2;6.6
@20260609_103407_446_imu_lsm6dso32.csv@951462523;0.0;0.0;1.073;-0.4;-0.2;6.8
@20260609_103407_446_imu_lsm6dso32.csv@951531544;0.0;0.0;0.964;-0.3;-0.3;6.7
@20260609_103407_446_imu_lsm6dso32.csv@951592345;0.0;0.0;0.916;0.2;0.1;6.6
@20260609_103407_446_imu_lsm6dso32.csv@951644182;0.0;0.0;0.961;-0.5;-0.2;6.3
@20260609_103407_446_imu_lsm6dso32.csv@951702588;0.0;0.0;0.928;0.2;0.1;6.6
@20260609_103407_446_imu_lsm6dso32.csv@951754223;0.0;0.0;0.948;-0.4;-0.2;6.8
@20260609_103407_446_imu_lsm6dso32.csv@951812322;0.0;0.0;1.106;0.2;0.1;6.5
@20260609_103407_446_imu_lsm6dso32.csv@951864188;0.0;0.0;0.986;0.1;0.1;6.6
@20260609_103407_446_imu_lsm6dso32.csv@951922505;0.0;0.0;1.052;0.1;0.1;6.3
@20260609_103407_446_imu_lsm6dso32.csv@951974130;0.0;0.0;0.928;0.2;0.1;6.5
@20260609_103407_446_imu_lsm6dso32.csv@952032316;0.0;0.0;0.943;0.1;0.1;6.8
@20260609_103407_446_imu_lsm6dso32.csv@952084244;0.0;0.0;0.922;-0.5;-0.3;6.7
@20260609_103407_446_imu_lsm6dso32.csv@952142440;0.0;0.0;1.055;0.1;0.1;6.4
@20260609_103407_446_imu_lsm6dso32.csv@952194262;0.0;0.0;1.097;0.2;0.1;6.6
@20260609_103407_446_imu_lsm6dso32.csv@952252336;0.0;0.0;0.929;-0.5;-0.3;6.9
@20260609_103407_446_imu_lsm6dso32.csv@952304128;0.0;0.0;1.104;0.2;0.1;6.5
@20260609_103407_446_imu_lsm6dso32.csv@952362613;0.0;0.0;0.915;-0.5;-0.3;6.3
@20260609_103407_446_imu_lsm6dso32.csv@952414024;0.0;0.0;0.995;0.1;0.1;6.6
@20260609_103407_446_imu_lsm6dso32.csv@952472301;0.0;0.0;0.984;0.2;0.1;6.6
@20260609_103407_446_imu_lsm6dso32.csv@952524169;0.0;0.0;0.919;0.2;0.1;6.4
@20260609_103407_446_imu_lsm6dso32.csv@952565431;0.0;0.0;1.068;0.1;0.1;6.7
@20260609_103407_446_imu_lsm6dso32.csv@952622587;0.0;0.0;0.938;0.2;0.1;6.2
@20260609_103407_446_imu_lsm6dso32.csv@952682635;0.0;0.0;0.998;0.1;0.1;6.7
@20260609_103407_446_imu_lsm6dso32.csv@952734251;0.0;0.0;1.031;-0.4;-0.2;6.4
@20260609_103407_446_imu_lsm6dso32.csv@952792401;0.0;0.0;0.934;-0.4;-0.3;6.3
@20260609_103407_446_imu_lsm6dso32.csv@952844197;0.0;0.0;0.925;-0.4;-0.2;6.5
@20260609_103407_446_imu_lsm6dso32.csv@952902561;0.0;0.0;0.967;0.1;0.1;6.2
@20260609_103407_446_imu_lsm6dso32.csv@952954153;0.0;0.0;0.987;0.2;0.1;6.3
@20260609_103407_446_imu_lsm6dso32.csv@953012431;0.0;0.0;0.918;-0.5;-0.3;6.8
@20260609_103407_446_imu_lsm6dso32.csv@953064515;0.0;0.0;0.984;-0.5;-0.3;6.9
@20260609_103407_446_imu_lsm6dso32.csv@953122509;0.0;0.0;1.031;-0.4;-0.3;6.6
@20260609_103407_446_imu_lsm6dso32.csv@953174322;0.0;0.0;1.107;-0.3;-0.3;6.5
@20260609_103407_446_imu_lsm6dso32.csv@953232445;0.0;0.0;0.978;-0.4;-0.3;6.3
@20260609_103407_446_imu_lsm6dso32.csv@953284212;0.0;0.0;1.01;0.3;0.2;6.7
@20260609_103407_446_imu_lsm6dso32.csv@953342489;0.0;0.0;1.111;-0.3;-0.2;6.9
@20260609_103407_446_imu_lsm6dso32.csv@953394138;0.0;0.0;0.945;0.2;0.1;6.6
@20260609_103407_446_imu_lsm6dso32.csv@953452389;0.0;0.0;0.913;-0.3;-0.3;6.5
@20260609_103407_446_imu_lsm6dso32.csv@953504204;0.0;0.0;1.107;0.2;0.2;6.9
@20260609_103407_446_imu_lsm6dso32.csv@953562580;0.0;0.0;1.011;0.3;0.1;6.6
@20260609_103407_446_imu_lsm6dso32.csv@953606475;0.0;0.0;1.043;-0.4;-0.3;6.4
@20260609_103407_446_imu_lsm6dso32.csv@953662599;0.0;0.0;0.972;0.2;0.1;6.4
@20260609_103407_446_imu_lsm6dso32.csv@953714184;0.0;0.0;1.051;0.2;0.2;6.2
@20260609_103407_446_imu_lsm6dso32.csv@953772387;0.0;0.0;0.982;-0.4;-0.2;6.5
@20260609_103407_446_imu_lsm6dso32.csv@953824165;0.0;0.0;0.922;0.2;0.2;6.3
@20260609_103407_446_imu_lsm6dso32.csv@953882558;0.0;0.0;0.993;0.2;0.1;6.3
@20260609_103407_446_imu_lsm6dso32.csv@953934193;0.0;0.0;1.104;0.2;0.1;6.9
@20260609_103407_446_imu_lsm6dso32.csv@953992386;0.0;0.0;1.106;0.2;0.1;6.2
@20260609_103407_446_imu_lsm6dso32.csv@954044160;0.0;0.0;1.044;0.1;0.1;6.4
@20260609_103407_446_imu_lsm6dso32.csv@954102563;0.0;0.0;1.083;-0.4;-0.3;6.3
@20260609_103407_446_imu_lsm6dso32.csv@954154208;0.0;0.0;1.041;0.1;0.1;6.7
@20260609_103407_446_imu_lsm6dso32.csv@954212346;0.0;0.0;1.109;-0.4;-0.3;6.5
@20260609_103407_446_imu_lsm6dso32.csv@954264169;0.0;0.0;1.002;0.2;0.2;6.5
@20260609_103407_446_imu_lsm6dso32.csv@954322568;0.0;0.0;1.016;0.2;0.2;6.3
@20260609_103407_446_imu_lsm6dso32.csv@954374069;0.0;0.0;1.06;0.2;0.2;6.3
@20260609_103407_446_imu_lsm6dso32.csv@954432332;0.0;0.0;1.106;0.1;0.1;6.6
@20260609_103407_446_imu_lsm6dso32.csv@954484177;0.0;0.0;1.038;0.2;0.1;6.7
@20260609_103407_446_imu_lsm6dso32.csv@954542551;0.0;0.0;0.925;-0.4;-0.3;6.4
@20260609_103407_446_imu_lsm6dso32.csv@954594223;0.0;0.0;1.081;-0.4;-0.3;6.6
@20260609_103407_446_imu_lsm6dso32.csv@954635087;0.0;0.0;1.049;-0.3;-0.3;6.4
@20260609_103407_446_imu_lsm6dso32.csv@954692450;0.0;0.0;0.953;0.3;0.1;6.6
@20260609_103407_446_imu_lsm6dso32.csv@954752376;0.0;0.0;0.981;0.2;0.1;6.4
@20260609_103407_446_imu_lsm6dso32.csv@954804166;0.0;0.0;1.103;0.2;0.1;6.7
@20260609_103407_446_imu_lsm6dso32.csv@954862595;0.0;0.0;1.058;-0.3;-0.2;6.5
@20260609_103407_446_imu_lsm6dso32.csv@954914285;0.0;0.0;1.068;0.2;0.2;6.5
@20260609_103407_446_imu_lsm6dso32.csv@954972361;0.0;0.0;1.019;0.3;0.2;6.5
@20260609_103407_446_imu_lsm6dso32.csv@955024138;0.0;0.0;0.982;0.2;0.2;6.8
@20260609_103407_446_imu_lsm6dso32.csv@955082496;0.0;0.0;0.913;0.2;0.2;6.9
@20260609_103407_446_imu_lsm6dso32.csv@955134475;0.0;0.0;1.092;0.2;0.2;6.9
@20260609_103407_446_imu_lsm6dso32.csv@955192322;0.0;0.0;0.937;-0.4;-0.3;6.5
@20260609_103407_446_imu_lsm6dso32.csv@955244399;0.0;0.0;0.953;0.2;0.2;6.3
@20260609_103407_446_imu_lsm6dso32.csv@955302551;0.0;0.0;0.982;0.2;0.2;6.8
@20260609_103407_446_imu_lsm6dso32.csv@955354104;0.0;0.0;0.938;0.2;0.1;6.6
@20260609_103407_446_imu_lsm6dso32.csv@955412287;0.0;0.0;0.993;0.1;0.1;6.9
@20260609_103407_446_imu_lsm6dso32.csv@955464247;0.0;0.0;1.024;0.2;0.1;6.7
@20260609_103407_446_imu_lsm6dso32.csv@955522556;0.0;0.0;0.983;-0.4;-0.3;6.6
@20260609_103407_446_imu_lsm6dso32.csv@955574195;0.0;0.0;0.969;-0.4;-0.3;6.7
@20260609_103407_446_imu_lsm6dso32.csv@955632240;0.0;0.0;1.059;0.3;0.1;6.6
@20260609_103407_446_imu_lsm6dso32.csv@955678559;0.0;0.0;1.089;-0.3;-0.2;6.4
@20260609_103407_446_imu_lsm6dso32.csv@955732373;0.0;0.0;1.017;0.3;0.2;6.3
@20260609_103407_446_imu_lsm6dso32.csv@955792302;0.0;0.0;1.083;-0.3;-0.2;6.6
@20260609_103407_446_imu_lsm6dso32.csv@955844809;0.0;0.0;1.088;0.3;0.2;6.9
@20260609_103407_446_imu_lsm6dso32.csv@955902591;0.0;0.0;1.013;0.3;0.2;6.4
@20260609_103407_446_imu_lsm6dso32.csv@955955389;0.0;0.0;0.95;0.2;0.2;6.5
@20260609_103407_446_imu_lsm6dso32.csv@956012356;0.0;0.0;0.983;-0.4;-0.3;6.8
@20260609_103407_446_imu_lsm6dso32.csv@956072333;0.0;0.0;0.959;-0.4;-0.2;6.9
@20260609_103407_446_imu_lsm6dso32.csv@956124296;0.0;0.0;0.97;0.3;0.2;6.8
@20260609_103407_446_imu_lsm6dso32.csv@956182626;0.0;0.0;1.004;-0.4;-0.3;6.3
@20260609_103407_446_imu_lsm6dso32.csv@956234148;0.0;0.0;1.025;-0.3;-0.2;6.4
@20260609_103407_446_imu_lsm6dso32.csv@956292425;0.0;0.0;1.04;0.2;0.1;6.5
@20260609_103407_446_imu_lsm6dso32.csv@956344138;0.0;0.0;0.991;0.3;0.2;6.8
@20260609_103407_446_imu_lsm6dso32.csv@956402554;0.0;0.0;0.919;0.2;0.2;6.6
@20260609_103407_446_imu_lsm6dso32.csv@956454182;0.0;0.0;0.944;0.3;0.1;6.4
@20260609_103407_446_imu_lsm6dso32.csv@956512359;0.0;0.0;1.044;0.2;0.1;6.6
@20260609_103407_446_imu_lsm6dso32.csv@956564584;0.0;0.0;1.041;0.2;0.2;6.5
@20260609_103407_446_imu_lsm6dso32.csv@956622464;0.0;0.0;1.038;0.2;0.1;6.4
@20260609_103407_446_imu_lsm6dso32.csv@956708193;0.0;0.0;1.058;0.2;0.2;6.3
@20260609_103407_446_imu_lsm6dso32.csv@956762678;0.0;0.0;0.946;0.2;0.1;6.7
@20260609_103407_446_imu_lsm6dso32.csv@956815822;0.0;0.0;0.991;0.2;0.1;6.9
@20260609_103407_446_imu_lsm6dso32.csv@956872333;0.0;0.0;1.107;-0.4;-0.3;6.7
@20260609_103407_446_imu_lsm6dso32.csv@956925848;0.0;0.0;1.094;0.2;0.2;6.9
@20260609_103407_446_imu_lsm6dso32.csv@956982655;0.0;0.0;1.014;-0.4;-0.2;6.3
@20260609_103407_446_imu_lsm6dso32.csv@957035808;0.0;0.0;1.037;-0.4;-0.3;6.4
@20260609_103407_446_imu_lsm6dso32.csv@957092334;0.0;0.0;1.021;-0.4;-0.3;6.5
@20260609_103407_446_imu_lsm6dso32.csv@957144145;0.0;0.0;0.959;0.2;0.1;6.4
@20260609_103407_446_imu_lsm6dso32.csv@957202549;0.0;0.0;1.093;-0.4;-0.3;6.4
@20260609_103407_446_imu_lsm6dso32.csv@957253980;0.0;0.0;1.083;0.3;0.1;6.9
@20260609_103407_446_imu_lsm6dso32.csv@957312324;0.0;0.0;1.045;-0.5;-0.3;6.5
@20260609_103407_446_imu_lsm6dso32.csv@957363799;0.0;0.0;1.054;-0.5;-0.2;6.5
@20260609_103407_446_imu_lsm6dso32.csv@957422484;0.0;0.0;0.955;-0.4;-0.3;6.5
@20260609_103407_446_imu_lsm6dso32.csv@957473907;0.0;0.0;1.01;0.3;0.1;6.5
@20260609_103407_446_imu_lsm6dso32.csv@957532363;0.0;0.0;1.048;-0.4;-0.2;6.7
@20260609_103407_446_imu_lsm6dso32.csv@957584190;0.0;0.0;0.983;0.3;0.2;6.6
@20260609_103407_446_imu_lsm6dso32.csv@957642501;0.0;0.0;1.039;0.2;0.2;6.3
@20260609_103407_446_imu_lsm6dso32.csv@957693839;0.0;0.0;0.966;0.3;0.1;6.4
@20260609_103407_446_imu_lsm6dso32.csv@957747743;0.0;0.0;0.92;0.2;0.1;6.3
@20260609_103407_446_imu_lsm6dso32.csv@957802706;0.0;0.0;0.939;0.3;0.2;6.6
@20260609_103407_446_imu_lsm6dso32.csv@957862539;0.0;0.0;0.986;-0.3;-0.3;6.4
@20260609_103407_446_imu_lsm6dso32.csv@957912353;0.0;0.0;0.962;0.3;0.1;6.3
@20260609_103407_446_imu_lsm6dso32.csv@957972423;0.0;0.0;0.961;0.3;0.1;6.6
@20260609_103407_446_imu_lsm6dso32.csv@958036663;0.0;0.0;1.104;-0.4;-0.2;6.6
@20260609_103407_446_imu_lsm6dso32.csv@958091602;0.0;0.0;0.995;0.3;0.2;6.6
@20260609_103407_446_imu_lsm6dso32.csv@958151572;0.0;0.0;0.968;-0.3;-0.2;6.5
@20260609_103407_446_imu_lsm6dso32.csv@958204618;0.0;0.0;1.054;0.3;0.2;6.4
@20260609_103407_446_imu_lsm6dso32.csv@958261754;0.0;0.0;0.961;0.2;0.2;6.8
@20260609_103407_446_imu_lsm6dso32.csv@958314502;0.0;0.0;1.096;-0.4;-0.3;6.4
@20260609_103407_446_imu_lsm6dso32.csv@958431602;0.0;0.0;1.092;0.2;0.1;6.6
@20260609_103407_446_imu_lsm6dso32.csv@958483470;0.0;0.0;0.943;-0.4;-0.3;6.8
@20260609_103407_446_imu_lsm6dso32.csv@958541794;0.0;0.0;1.104;0.2;0.1;6.2
@20260609_103407_446_imu_lsm6dso32.csv@958593205;0.0;0.0;1.013;0.2;0.2;6.6
@20260609_103407_446_imu_lsm6dso32.csv@958651615;0.0;0.0;0.933;0.2;0.1;6.3
@20260609_103407_446_imu_lsm6dso32.csv@958711543;0.0;0.0;1.021;-0.5;-0.3;6.8
@20260609_103407_446_imu_lsm6dso32.csv@958816436;0.0;0.0;0.972;0.2;0.1;6.6
@20260609_103407_446_imu_lsm6dso32.csv@958872404;0.0;0.0;1.079;0.1;0.1;6.2
@20260609_103407_446_imu_lsm6dso32.csv@958923807;0.0;0.0;0.967;0.1;0.1;6.3
@20260609_103407_446_imu_lsm6dso32.csv@958982522;0.0;0.0;0.944;-0.5;-0.2;6.8
@20260609_103407_446_imu_lsm6dso32.csv@959034103;0.0;0.0;0.987;0.2;0.2;6.5
@20260609_103407_446_imu_lsm6dso32.csv@959092352;0.0;0.0;1.088;0.2;0.2;6.7
@20260609_103407_446_imu_lsm6dso32.csv@959143870;0.0;0.0;0.917;-0.4;-0.3;6.5
@20260609_103407_446_imu_lsm6dso32.csv@959202528;0.0;0.0;0.993;0.2;0.1;6.4
@20260609_103407_446_imu_lsm6dso32.csv@959255486;0.0;0.0;1.003;0.2;0.1;6.8
@20260609_103407_446_imu_lsm6dso32.csv@959312355;0.0;0.0;1.105;-0.4;-0.3;6.3
@20260609_103407_446_imu_lsm6dso32.csv@959365420;0.0;0.0;1.059;0.1;0.1;6.8
@20260609_103407_446_imu_lsm6dso32.csv@959422594;0.0;0.0;0.986;0.2;0.1;6.6
@20260609_103407_446_imu_lsm6dso32.csv@959474008;0.0;0.0;0.954;-0.5;-0.3;6.3
@20260609_103407_446_imu_lsm6dso32.csv@959532351;0.0;0.0;0.932;0.2;0.1;6.3
@20260609_103407_446_imu_lsm6dso32.csv@959584127;0.0;0.0;0.96;0.1;0.1;6.9
@20260609_103407_446_imu_lsm6dso32.csv@959642676;0.0;0.0;0.915;0.1;0.1;6.5
@20260609_103407_446_imu_lsm6dso32.csv@959693886;0.0;0.0;1.086;0.1;0.1;6.4
@20260609_103407_446_imu_lsm6dso32.csv@959752350;0.0;0.0;1.024;0.2;0.1;6.4
@20260609_103407_446_imu_lsm6dso32.csv@959803878;0.0;0.0;1.046;0.2;0.1;6.9
@20260609_103407_446_imu_lsm6dso32.csv@959875847;0.0;0.0;1.083;0.2;0.1;6.8
@20260609_103407_446_imu_lsm6dso32.csv@959932333;0.0;0.0;0.96;-0.4;-0.3;6.6
@20260609_103407_446_imu_lsm6dso32.csv@959992311;0.0;0.0;1.059;0.2;0.1;6.2
@20260609_103407_446_imu_lsm6dso32.csv@960052305;0.0;0.0;0.917;0.2;0.1;6.9
@20260609_103407_446_imu_lsm6dso32.csv@960105398;0.0;0.0;1.041;0.2;0.1;6.9
@20260609_103407_446_imu_lsm6dso32.csv@960162524;0.0;0.0;1.026;0.2;0.1;6.2
@20260609_103407_446_imu_lsm6dso32.csv@960215770;0.0;0.0;1.103;-0.4;-0.3;6.8
@20260609_103407_446_imu_lsm6dso32.csv@960272320;0.0;0.0;1.065;0.2;0.2;6.8
@20260609_103407_446_imu_lsm6dso32.csv@960324259;0.0;0.0;1.005;-0.5;-0.3;6.3
@20260609_103407_446_imu_lsm6dso32.csv@960382578;0.0;0.0;0.978;-0.4;-0.3;6.9
@20260609_103407_446_imu_lsm6dso32.csv@960433833;0.0;0.0;0.941;0.2;0.2;6.5
@20260609_103407_446_imu_lsm6dso32.csv@960492278;0.0;0.0;0.968;0.2;0.1;6.4
@20260609_103407_446_imu_lsm6dso32.csv@960543937;0.0;0.0;1.106;0.3;0.2;6.4
@20260609_103407_446_imu_lsm6dso32.csv@960602523;0.0;0.0;1.038;-0.4;-0.2;6.8
@20260609_103407_446_imu_lsm6dso32.csv@960653951;0.0;0.0;1.042;-0.3;-0.2;6.2
@20260609_103407_446_imu_lsm6dso32.csv@960712406;0.0;0.0;0.936;0.3;0.2;6.5
@20260609_103407_446_imu_lsm6dso32.csv@960772207;0.0;0.0;1.076;0.2;0.2;6.9
@20260609_103407_446_imu_lsm6dso32.csv@960832345;0.0;0.0;1.038;-0.4;-0.3;6.5
@20260609_103407_446_imu_lsm6dso32.csv@960935321;0.0;0.0;1.055;-0.4;-0.3;6.8
@20260609_103407_446_imu_lsm6dso32.csv@960992237;0.0;0.0;1.081;0.3;0.2;6.4
@20260609_103407_446_imu_lsm6dso32.csv@961052286;0.0;0.0;1.041;0.2;0.1;6.3
@20260609_103407_446_imu_lsm6dso32.csv@961112385;0.0;0.0;0.947;0.2;0.2;6.8
@20260609_103407_446_imu_lsm6dso32.csv@961165024;0.0;0.0;1.003;0.3;0.1;6.7
@20260609_103407_446_imu_lsm6dso32.csv@961222474;0.0;0.0;0.961;0.1;0.2;6.6
@20260609_103407_446_imu_lsm6dso32.csv@961275240;0.0;0.0;0.922;0.2;0.1;6.6
@20260609_103407_446_imu_lsm6dso32.csv@961332409;0.0;0.0;0.924;0.2;0.2;6.8
@20260609_103407_446_imu_lsm6dso32.csv@961392464;0.0;0.0;0.946;-0.4;-0.2;6.2
@20260609_103407_446_imu_lsm6dso32.csv@961452338;0.0;0.0;1.01;0.3;0.2;6.7
@20260609_103407_446_imu_lsm6dso32.csv@961512296;0.0;0.0;0.942;-0.4;-0.3;6.6
@20260609_103407_446_imu_lsm6dso32.csv@961572408;0.0;0.0;0.918;-0.3;-0.2;6.3
@20260609_103407_446_imu_lsm6dso32.csv@961623861;0.0;0.0;1.026;0.2;0.2;6.4
@20260609_103407_446_imu_lsm6dso32.csv@961682506;0.0;0.0;0.928;0.3;0.2;6.6
@20260609_103407_446_imu_lsm6dso32.csv@961733865;0.0;0.0;0.956;0.2;0.2;6.5
@20260609_103407_446_imu_lsm6dso32.csv@961792285;0.0;0.0;1.037;-0.4;-0.2;6.4
@20260609_103407_446_imu_lsm6dso32.csv@961843807;0.0;0.0;1.055;-0.3;-0.3;6.3
@20260609_103407_446_imu_lsm6dso32.csv@961902472;0.0;0.0;0.975;-0.4;-0.3;6.9
@20260609_103407_446_imu_lsm6dso32.csv@962001023;0.0;0.0;0.943;0.3;0.2;6.5
@20260609_103407_446_imu_lsm6dso32.csv@962062532;0.0;0.0;0.935;0.1;0.1;6.6
@20260609_103407_446_imu_lsm6dso32.csv@962115243;0.0;0.0;1.054;-0.4;-0.2;6.8
@20260609_103407_446_imu_lsm6dso32.csv@962172356;0.0;0.0;1.044;-0.4;-0.2;6.5
@20260609_103407_446_imu_lsm6dso32.csv@962225383;0.0;0.0;0.956;-0.5;-0.3;6.8
@20260609_103407_446_imu_lsm6dso32.csv@962282545;0.0;0.0;0.982;0.2;0.1;6.6
@20260609_103407_446_imu_lsm6dso32.csv@962335219;0.0;0.0;0.922;0.2;0.2;6.8
@20260609_103407_446_imu_lsm6dso32.csv@962392296;0.0;0.0;1.093;-0.4;-0.3;6.9
@20260609_103407_446_imu_lsm6dso32.csv@962452434;0.0;0.0;0.916;-0.4;-0.3;6.6
@20260609_103407_446_imu_lsm6dso32.csv@962512388;0.0;0.0;1.103;0.2;0.2;6.4
@20260609_103407_446_imu_lsm6dso32.csv@962562589;0.0;0.0;0.912;0.2;0.1;6.8
@20260609_103407_446_imu_lsm6dso32.csv@962622526;0.0;0.0;1.081;0.2;0.1;6.5
@20260609_103407_446_imu_lsm6dso32.csv@962672399;0.0;0.0;0.993;0.2;0.1;6.8
@20260609_103407_446_imu_lsm6dso32.csv@962732310;0.0;0.0;1.037;0.2;0.2;6.4
@20260609_103407_446_imu_lsm6dso32.csv@962782605;0.0;0.0;0.96;0.2;0.1;6.4
@20260609_103407_446_imu_lsm6dso32.csv@962842575;0.0;0.0;1.06;-0.5;-0.2;6.8
@20260609_103407_446_imu_lsm6dso32.csv@962902510;0.0;0.0;1.057;0.2;0.2;6.8
@20260609_103407_446_imu_lsm6dso32.csv@962964069;0.0;0.0;1.063;-0.4;-0.3;6.7
@20260609_103407_446_imu_lsm6dso32.csv@963059739;0.0;0.0;1.095;0.1;0.2;6.8
@20260609_103407_446_imu_lsm6dso32.csv@963112334;0.0;0.0;1.072;-0.4;-0.3;6.9
@20260609_103407_446_imu_lsm6dso32.csv@963172297;0.0;0.0;0.955;0.2;0.2;6.3
@20260609_103407_446_imu_lsm6dso32.csv@963232390;0.0;0.0;0.944;-0.4;-0.3;6.3
@20260609_103407_446_imu_lsm6dso32.csv@963285873;0.0;0.0;0.917;0.2;0.1;6.6
@20260609_103407_446_imu_lsm6dso32.csv@963342594;0.0;0.0;0.917;0.2;0.2;6.5
@20260609_103407_446_imu_lsm6dso32.csv@963395729;0.0;0.0;1.005;-0.4;-0.3;6.2
@20260609_103407_446_imu_lsm6dso32.csv@963452308;0.0;0.0;1.108;0.2;0.1;6.2
@20260609_103407_446_imu_lsm6dso32.csv@963504088;0.0;0.0;1.004;0.3;0.2;6.5
@20260609_103407_446_imu_lsm6dso32.csv@963562590;0.0;0.0;0.911;0.2;0.1;6.5
@20260609_103407_446_imu_lsm6dso32.csv@963613891;0.0;0.0;0.972;0.2;0.2;6.5
@20260609_103407_446_imu_lsm6dso32.csv@963672319;0.0;0.0;0.935;-0.5;-0.3;6.9
@20260609_103407_446_imu_lsm6dso32.csv@963723861;0.0;0.0;0.95;0.2;0.1;6.5
@20260609_103407_446_imu_lsm6dso32.csv@963782526;0.0;0.0;1.012;0.1;0.1;6.7
@20260609_103407_446_imu_lsm6dso32.csv@963833855;0.0;0.0;1.089;0.1;0.1;6.4
@20260609_103407_446_imu_lsm6dso32.csv@963892432;0.0;0.0;0.985;-0.5;-0.2;6.5
@20260609_103407_446_imu_lsm6dso32.csv@963943891;0.0;0.0;1.023;-0.4;-0.2;6.8
@20260609_103407_446_imu_lsm6dso32.csv@964002461;0.0;0.0;0.937;-0.4;-0.2;6.8
@20260609_103407_446_imu_lsm6dso32.csv@964053879;0.0;0.0;1.034;-0.4;-0.2;6.4
@20260609_103407_446_imu_lsm6dso32.csv@964125833;0.0;0.0;1.032;-0.3;-0.2;6.2
@20260609_103407_446_imu_lsm6dso32.csv@964182576;0.0;0.0;1.098;-0.3;-0.2;6.9
@20260609_103407_446_imu_lsm6dso32.csv@964242620;0.0;0.0;1.01;0.4;0.2;6.8
@20260609_103407_446_imu_lsm6dso32.csv@964302621;0.0;0.0;0.961;0.3;0.2;6.6
@20260609_103407_446_imu_lsm6dso32.csv@964355393;0.0;0.0;1.06;-0.3;-0.2;6.5
@20260609_103407_446_imu_lsm6dso32.csv@964412293;0.0;0.0;1.007;-0.3;-0.2;6.9
@20260609_103407_446_imu_lsm6dso32.csv@964465796;0.0;0.0;0.954;-0.2;-0.2;6.7
@20260609_103407_446_imu_lsm6dso32.csv@964522529;0.0;0.0;1.108;-0.3;-0.1;6.7
@20260609_103407_446_imu_lsm6dso32.csv@964574103;0.0;0.0;1.036;0.4;0.2;6.8
@20260609_103407_446_imu_lsm6dso32.csv@964632380;0.0;0.0;1.066;0.3;0.1;6.6
@20260609_103407_446_imu_lsm6dso32.csv@964683911;0.0;0.0;1.004;-0.4;-0.3;6.7
@20260609_103407_446_imu_lsm6dso32.csv@964742514;0.0;0.0;0.978;0.3;0.2;6.9
@20260609_103407_446_imu_lsm6dso32.csv@964793870;0.0;0.0;1.099;-0.3;-0.2;6.7
@20260609_103407_446_imu_lsm6dso32.csv@964852357;0.0;0.0;0.968;0.3;0.2;6.4
@20260609_103407_446_imu_lsm6dso32.csv@964903821;0.0;0.0;1.01;-0.3;-0.3;6.4
@20260609_103407_446_imu_lsm6dso32.csv@964962595;0.0;0.0;0.979;0.3;0.2;6.5
@20260609_103407_446_imu_lsm6dso32.csv@965022471;0.0;0.0;0.92;-0.3;-0.2;6.2
@20260609_103407_446_imu_lsm6dso32.csv@965082488;0.0;0.0;0.967;0.2;0.2;6.6
@20260609_103407_446_imu_lsm6dso32.csv@965187467;0.0;0.0;0.993;0.3;0.2;6.2
@20260609_103407_446_imu_lsm6dso32.csv@965242607;0.0;0.0;1.093;-0.3;-0.2;6.6
@20260609_103407_446_imu_lsm6dso32.csv@965293892;0.0;0.0;0.986;-0.3;-0.2;6.5
@20260609_103407_446_imu_lsm6dso32.csv@965352359;0.0;0.0;0.998;0.3;0.2;6.5
@20260609_103407_446_imu_lsm6dso32.csv@965403951;0.0;0.0;1.095;-0.2;-0.2;6.5
@20260609_103407_446_imu_lsm6dso32.csv@965462541;0.0;0.0;0.992;0.3;0.2;6.9
@20260609_103407_446_imu_lsm6dso32.csv@965513770;0.0;0.0;1.025;-0.3;-0.2;6.5
@20260609_103407_446_imu_lsm6dso32.csv@965572350;0.0;0.0;1.073;0.3;0.2;6.6
@20260609_103407_446_imu_lsm6dso32.csv@965625353;0.0;0.0;1.076;-0.3;-0.2;6.6
@20260609_103407_446_imu_lsm6dso32.csv@965682614;0.0;0.0;0.969;0.2;0.2;6.3
@20260609_103407_446_imu_lsm6dso32.csv@965735215;0.0;0.0;1.103;0.2;0.2;6.8
@20260609_103407_446_imu_lsm6dso32.csv@965792321;0.0;0.0;0.976;0.2;0.1;6.3
@20260609_103407_446_imu_lsm6dso32.csv@965844072;0.0;0.0;1.023;0.2;0.1;6.8
@20260609_103407_446_imu_lsm6dso32.csv@965902524;0.0;0.0;0.92;-0.3;-0.2;6.7
@20260609_103407_446_imu_lsm6dso32.csv@965953876;0.0;0.0;1.055;0.3;0.2;6.6
@20260609_103407_446_imu_lsm6dso32.csv@966012419;0.0;0.0;1.036;-0.4;-0.3;6.6
@20260609_103407_446_imu_lsm6dso32.csv@966063878;0.0;0.0;1.015;0.2;0.2;6.6
@20260609_103407_446_imu_lsm6dso32.csv@966122540;0.0;0.0;0.943;-0.3;-0.2;6.9
@20260609_103407_446_imu_lsm6dso32.csv@966173821;0.0;0.0;1.085;0.3;0.2;6.6
@20260609_103407_446_imu_lsm6dso32.csv@966247296;0.0;0.0;1.066;0.2;0.1;6.6
@20260609_103407_446_imu_lsm6dso32.csv@966302586;0.0;0.0;1.098;0.2;0.1;6.5
@20260609_103407_446_imu_lsm6dso32.csv@966362569;0.0;0.0;0.946;-0.4;-0.3;6.4
@20260609_103407_446_imu_lsm6dso32.csv@966422483;0.0;0.0;0.988;0.2;0.2;6.8
@20260609_103407_446_imu_lsm6dso32.csv@966475334;0.0;0.0;1.069;-0.4;-0.3;6.5
@20260609_103407_446_imu_lsm6dso32.csv@966532299;0.0;0.0;0.959;-0.4;-0.2;6.3
@20260609_103407_446_imu_lsm6dso32.csv@966585751;0.0;0.0;1.109;-0.4;-0.3;6.4
@20260609_103407_446_imu_lsm6dso32.csv@966642514;0.0;0.0;0.987;0.2;0.1;6.6
@20260609_103407_446_imu_lsm6dso32.csv@966693976;0.0;0.0;1.092;0.2;0.1;6.5
@20260609_103407_446_imu_lsm6dso32.csv@966752343;0.0;0.0;0.985;-0.4;-0.2;6.5
@20260609_103407_446_imu_lsm6dso32.csv@966803878;0.0;0.0;0.926;-0.4;-0.3;6.5
@20260609_103407_446_imu_lsm6dso32.csv@966862545;0.0;0.0;1.039;0.2;0.1;6.8
@20260609_103407_446_imu_lsm6dso32.csv@966913895;0.0;0.0;0.987;0.2;0.1;6.5
@20260609_103407_446_imu_lsm6dso32.csv@966972261;0.0;0.0;1.107;0.1;0.1;6.8
@20260609_103407_446_imu_lsm6dso32.csv@967023873;0.0;0.0;0.994;-0.3;-0.3;6.6
@20260609_103407_446_imu_lsm6dso32.csv@967082597;0.0;0.0;1.087;-0.4;-0.2;6.2
@20260609_103407_446_imu_lsm6dso32.csv@967142441;0.0;0.0;0.977;0.2;0.1;6.7
@20260609_103407_446_imu_lsm6dso32.csv@967202562;0.0;0.0;1.048;0.1;0.1;6.2
@20260609_103407_446_imu_lsm6dso32.csv@967317679;0.0;0.0;0.971;0.1;0.1;6.9
@20260609_103407_446_imu_lsm6dso32.csv@967372337;0.0;0.0;1.089;0.2;0.1;6.4
@20260609_103407_446_imu_lsm6dso32.csv@967433957;0.0;0.0;1.068;0.2;0.1;6.5
@20260609_103407_446_imu_lsm6dso32.csv@967492303;0.0;0.0;0.93;-0.3;-0.3;6.8
@20260609_103407_446_imu_lsm6dso32.csv@967552455;0.0;0.0;1.051;0.2;0.1;6.8
@20260609_103407_446_imu_lsm6dso32.csv@967612349;0.0;0.0;0.912;-0.4;-0.2;6.6
@20260609_103407_446_imu_lsm6dso32.csv@967672205;0.0;0.0;1.078;-0.4;-0.3;6.5
@20260609_103407_446_imu_lsm6dso32.csv@967732348;0.0;0.0;1.059;0.2;0.2;6.3
@20260609_103407_446_imu_lsm6dso32.csv@967792296;0.0;0.0;0.963;0.2;0.2;6.9
@20260609_103407_446_imu_lsm6dso32.csv@967853942;0.0;0.0;1.065;-0.3;-0.2;6.4
@20260609_103407_446_imu_lsm6dso32.csv@967912392;0.0;0.0;0.949;-0.4;-0.3;6.5
@20260609_103407_446_imu_lsm6dso32.csv@967972365;0.0;0.0;1.085;-0.3;-0.2;6.5
@20260609_103407_446_imu_lsm6dso32.csv@968032314;0.0;0.0;1.013;0.2;0.1;6.8
@20260609_103407_446_imu_lsm6dso32.csv@968092259;0.0;0.0;0.962;0.2;0.2;6.9
@20260609_103407_446_imu_lsm6dso32.csv@968152345;0.0;0.0;0.982;-0.4;-0.2;6.6
@20260609_103407_446_imu_lsm6dso32.csv@968212307;0.0;0.0;0.953;0.3;0.1;6.8
@20260609_103407_446_imu_lsm6dso32.csv@968273881;0.0;0.0;0.983;-0.4;-0.3;6.3
@20260609_103407_446_imu_lsm6dso32.csv@968388431;0.0;0.0;0.992;0.3;0.1;6.6
@20260609_103407_446_imu_lsm6dso32.csv@968442526;0.0;0.0;0.974;-0.4;-0.3;6.5
@20260609_103407_446_imu_lsm6dso32.csv@968502567;0.0;0.0;0.962;0.2;0.1;6.9
@20260609_103407_446_imu_lsm6dso32.csv@968562605;0.0;0.0;0.94;0.2;0.1;6.6
@20260609_103407_446_imu_lsm6dso32.csv@968615543;0.0;0.0;1.023;-0.3;-0.3;6.7
@20260609_103407_446_imu_lsm6dso32.csv@968672355;0.0;0.0;1.102;-0.5;-0.2;6.3
@20260609_103407_446_imu_lsm6dso32.csv@968725375;0.0;0.0;0.934;0.2;0.1;6.5
@20260609_103407_446_imu_lsm6dso32.csv@968782507;0.0;0.0;0.978;0.2;0.1;6.7
@20260609_103407_446_imu_lsm6dso32.csv@968834065;0.0;0.0;1.106;0.2;0.2;6.6
@20260609_103407_446_imu_lsm6dso32.csv@968892297;0.0;0.0;0.975;0.2;0.1;6.4
@20260609_103407_446_imu_lsm6dso32.csv@968943819;0.0;0.0;1.109;0.2;0.2;6.7
@20260609_103407_446_imu_lsm6dso32.csv@969002511;0.0;0.0;0.985;0.1;0.1;6.5
@20260609_103407_446_imu_lsm6dso32.csv@969053815;0.0;0.0;1.063;0.2;0.1;6.5
@20260609_103407_446_imu_lsm6dso32.csv@969112320;0.0;0.0;1.077;0.2;0.1;6.2
@20260609_103407_446_imu_lsm6dso32.csv@969163870;0.0;0.0;1.091;0.1;0.1;6.6
@20260609_103407_446_imu_lsm6dso32.csv@969222641;0.0;0.0;1.07;0.2;0.1;6.6
@20260609_103407_446_imu_lsm6dso32.csv@969273883;0.0;0.0;1.081;-0.5;-0.3;6.5
@20260609_103407_446_imu_lsm6dso32.csv@969332271;0.0;0.0;0.99;0.2;0.1;6.7
@20260609_103407_446_imu_lsm6dso32.csv@969450113;0.0;0.0;1.069;-0.4;-0.2;6.2
@20260609_103407_446_imu_lsm6dso32.csv@969502447;0.0;0.0;1.013;-0.4;-0.3;6.3
@20260609_103407_446_imu_lsm6dso32.csv@969562499;0.0;0.0;1.016;-0.4;-0.3;6.8
@20260609_103407_446_imu_lsm6dso32.csv@969622568;0.0;0.0;0.951;0.3;0.1;6.9
@20260609_103407_446_imu_lsm6dso32.csv@969674948;0.0;0.0;1.056;0.3;0.1;6.2
@20260609_103407_446_imu_lsm6dso32.csv@969732313;0.0;0.0;1.054;0.2;0.2;6.8
@20260609_103407_446_imu_lsm6dso32.csv@969785366;0.0;0.0;1.021;-0.4;-0.2;6.2
@20260609_103407_446_imu_lsm6dso32.csv@969842483;0.0;0.0;1.1;0.3;0.1;6.5
@20260609_103407_446_imu_lsm6dso32.csv@969895201;0.0;0.0;1.103;0.2;0.1;6.8
@20260609_103407_446_imu_lsm6dso32.csv@969952267;0.0;0.0;1.018;-0.4;-0.3;6.9
@20260609_103407_446_imu_lsm6dso32.csv@970012469;0.0;0.0;1.048;0.3;0.2;6.5
@20260609_103407_446_imu_lsm6dso32.csv@970072482;0.0;0.0;1.067;0.3;0.1;6.2
@20260609_103407_446_imu_lsm6dso32.csv@970132313;0.0;0.0;0.967;-0.4;-0.3;6.4
@20260609_103407_446_imu_lsm6dso32.csv@970192285;0.0;0.0;1.068;0.2;0.1;6.5
@20260609_103407_446_imu_lsm6dso32.csv@970243777;0.0;0.0;1.0;-0.4;-0.2;6.2
@20260609_103407_446_imu_lsm6dso32.csv@970302552;0.0;0.0;0.921;0.2;0.2;6.7
@20260609_103407_446_imu_lsm6dso32.csv@970353865;0.0;0.0;0.927;-0.5;-0.3;6.3
@20260609_103407_446_imu_lsm6dso32.csv@970412281;0.0;0.0;0.954;0.2;0.1;6.6
@20260609_103407_446_imu_lsm6dso32.csv@970514111;0.0;0.0;1.061;0.3;0.2;6.9
@20260609_103407_446_imu_lsm6dso32.csv@970572485;0.0;0.0;0.934;-0.4;-0.2;6.2
@20260609_103407_446_imu_lsm6dso32.csv@970623769;0.0;0.0;1.008;0.1;0.2;6.9
@20260609_103407_446_imu_lsm6dso32.csv@970682583;0.0;0.0;0.953;-0.3;-0.3;6.9
@20260609_103407_446_imu_lsm6dso32.csv@970735438;0.0;0.0;0.93;0.2;0.1;6.8
@20260609_103407_446_imu_lsm6dso32.csv@970792330;0.0;0.0;0.97;0.2;0.2;6.8
@20260609_103407_446_imu_lsm6dso32.csv@970845498;0.0;0.0;1.076;0.2;0.1;6.7
@20260609_103407_446_imu_lsm6dso32.csv@970902471;0.0;0.0;1.048;0.1;0.1;6.3
@20260609_103407_446_imu_lsm6dso32.csv@970954026;0.0;0.0;0.936;-0.4;-0.3;6.7
@20260609_103407_446_imu_lsm6dso32.csv@971012333;0.0;0.0;0.918;-0.4;-0.3;6.4
@20260609_103407_446_imu_lsm6dso32.csv@971064270;0.0;0.0;0.988;-0.4;-0.3;6.5
@20260609_103407_446_imu_lsm6dso32.csv@971122570;0.0;0.0;1.111;-0.4;-0.3;6.6
@20260609_103407_446_imu_lsm6dso32.csv@971174180;0.0;0.0;1.099;0.2;0.2;6.6
@20260609_103407_446_imu_lsm6dso32.csv@971232269;0.0;0.0;1.082;0.2;0.1;6.8
@20260609_103407_446_imu_lsm6dso32.csv@971284259;0.0;0.0;1.075;-0.3;-0.2;6.5
@20260609_103407_446_imu_lsm6dso32.csv@971342672;0.0;0.0;1.02;-0.4;-0.2;6.3
@20260609_103407_446_imu_lsm6dso32.csv@971394258;0.0;0.0;1.043;-0.4;-0.3;6.8
@20260609_103407_446_imu_lsm6dso32.csv@971452297;0.0;0.0;1.101;0.2;0.2;6.8
@20260609_103407_446_imu_lsm6dso32.csv@971512209;0.0;0.0;1.057;0.2;0.2;6.6
@20260609_103407_446_imu_lsm6dso32.csv@971589571;0.0;0.0;1.051;0.3;0.1;6.3
@20260609_103407_446_imu_lsm6dso32.csv@971642662;0.0;0.0;1.019;-0.3;-0.3;6.6
@20260609_103407_446_imu_lsm6dso32.csv@971702537;0.0;0.0;0.941;-0.3;-0.3;6.5
@20260609_103407_446_imu_lsm6dso32.csv@971762600;0.0;0.0;0.989;0.3;0.2;6.2
@20260609_103407_446_imu_lsm6dso32.csv@971815273;0.0;0.0;1.035;0.2;0.1;6.3
@20260609_103407_446_imu_lsm6dso32.csv@971872277;0.0;0.0;1.021;-0.4;-0.3;6.3
@20260609_103407_446_imu_lsm6dso32.csv@971925731;0.0;0.0;1.072;0.2;0.2;6.4
@20260609_103407_446_imu_lsm6dso32.csv@971982594;0.0;0.0;0.912;-0.4;-0.2;6.6
@20260609_103407_446_imu_lsm6dso32.csv@972034154;0.0;0.0;0.972;0.2;0.2;6.3
@20260609_103407_446_imu_lsm6dso32.csv@972092301;0.0;0.0;0.922;0.3;0.1;6.6
@20260609_103407_446_imu_lsm6dso32.csv@972143904;0.0;0.0;1.058;0.2;0.2;6.9
@20260609_103407_446_imu_lsm6dso32.csv@972202625;0.0;0.0;0.967;0.2;0.1;6.7
@20260609_103407_446_imu_lsm6dso32.csv@972253851;0.0;0.0;0.944;-0.4;-0.3;6.3
@20260609_103407_446_imu_lsm6dso32.csv@972312274;0.0;0.0;1.006;-0.3;-0.3;6.5
@20260609_103407_446_imu_lsm6dso32.csv@972363851;0.0;0.0;0.92;-0.3;-0.3;6.4
@20260609_103407_446_imu_lsm6dso32.csv@972422535;0.0;0.0;1.083;0.2;0.1;6.2
@20260609_103407_446_imu_lsm6dso32.csv@972473895;0.0;0.0;1.03;0.2;0.1;6.4
@20260609_103407_446_imu_lsm6dso32.csv@972532251;0.0;0.0;0.998;-0.3;-0.3;6.2
@20260609_103407_446_imu_lsm6dso32.csv@972650048;0.0;0.0;0.918;0.3;0.2;6.5
@20260609_103407_446_imu_lsm6dso32.csv@972702558;0.0;0.0;0.94;-0.3;-0.2;6.6
@20260609_103407_446_imu_lsm6dso32.csv@972753879;0.0;0.0;1.036;0.3;0.2;6.2
@20260609_103407_446_imu_lsm6dso32.csv@972812372;0.0;0.0;0.928;0.3;0.1;6.2
@20260609_103407_446_imu_lsm6dso32.csv@972864094;0.0;0.0;1.045;0.2;0.1;6.7
@20260609_103407_446_imu_lsm6dso32.csv@972922567;0.0;0.0;0.953;-0.4;-0.2;6.9
@20260609_103407_446_imu_lsm6dso32.csv@972975320;0.0;0.0;1.056;-0.4;-0.3;6.8
@20260609_103407_446_imu_lsm6dso32.csv@973032327;0.0;0.0;1.042;0.3;0.1;6.7
@20260609_103407_446_imu_lsm6dso32.csv@973085441;0.0;0.0;1.083;0.3;0.2;6.6
@20260609_103407_446_imu_lsm6dso32.csv@973129286;0.0;0.0;1.056;0.3;0.2;6.3
@20260609_103407_446_imu_lsm6dso32.csv@973182459;0.0;0.0;0.993;0.2;0.1;6.7
@20260609_103407_446_imu_lsm6dso32.csv@973242598;0.0;0.0;1.031;0.3;0.2;6.6
@20260609_103407_446_imu_lsm6dso32.csv@973295532;0.0;0.0;1.007;-0.4;-0.3;6.4
@20260609_103407_446_imu_lsm6dso32.csv@973352352;0.0;0.0;1.071;0.2;0.1;6.5
@20260609_103407_446_imu_lsm6dso32.csv@973405420;0.0;0.0;0.961;0.1;0.1;6.4
@20260609_103407_446_imu_lsm6dso32.csv@973462598;0.0;0.0;0.968;-0.3;-0.3;6.7
@20260609_103407_446_imu_lsm6dso32.csv@973513873;0.0;0.0;0.974;-0.4;-0.3;6.8
@20260609_103407_446_imu_lsm6dso32.csv@973572365;0.0;0.0;0.953;-0.4;-0.3;6.3
@20260609_103407_446_imu_lsm6dso32.csv@973623878;0.0;0.0;0.937;0.2;0.2;6.9
@20260609_103407_446_imu_lsm6dso32.csv@973769847;0.0;0.0;0.962;0.1;0.2;6.2
@20260609_103407_446_imu_lsm6dso32.csv@973822609;0.0;0.0;1.105;0.1;0.1;6.8
@20260609_103407_446_imu_lsm6dso32.csv@973882578;0.0;0.0;0.917;0.2;0.1;6.3
@20260609_103407_446_imu_lsm6dso32.csv@973942563;0.0;0.0;0.978;-0.4;-0.3;6.8
@20260609_103407_446_imu_lsm6dso32.csv@973995834;0.0;0.0;1.078;0.2;0.1;6.9
@20260609_103407_446_imu_lsm6dso32.csv@974052395;0.0;0.0;0.999;-0.5;-0.2;6.6
@20260609_103407_446_imu_lsm6dso32.csv@974105786;0.0;0.0;1.066;0.2;0.1;6.9
@20260609_103407_446_imu_lsm6dso32.csv@974162532;0.0;0.0;1.106;-0.4;-0.2;6.5
@20260609_103407_446_imu_lsm6dso32.csv@974214218;0.0;0.0;1.022;0.2;0.1;6.8
@20260609_103407_446_imu_lsm6dso32.csv@974272278;0.0;0.0;1.083;0.2;0.1;6.4
@20260609_103407_446_imu_lsm6dso32.csv@974323998;0.0;0.0;0.994;0.3;0.1;6.4
@20260609_103407_446_imu_lsm6dso32.csv@974382565;0.0;0.0;0.962;-0.4;-0.3;6.5
@20260609_103407_446_imu_lsm6dso32.csv@974433925;0.0;0.0;0.934;0.3;0.2;6.7
@20260609_103407_446_imu_lsm6dso32.csv@974492370;0.0;0.0;1.099;-0.4;-0.2;6.4
@20260609_103407_446_imu_lsm6dso32.csv@974543786;0.0;0.0;1.051;0.2;0.2;6.4
@20260609_103407_446_imu_lsm6dso32.csv@974602607;0.0;0.0;1.079;0.2;0.2;6.8
@20260609_103407_446_imu_lsm6dso32.csv@974653866;0.0;0.0;0.996;-0.4;-0.3;6.9
@20260609_103407_446_imu_lsm6dso32.csv@974712343;0.0;0.0;0.921;0.2;0.2;6.4
@20260609_103407_446_imu_lsm6dso32.csv@974772294;0.0;0.0;1.041;0.2;0.1;6.9
@20260609_103407_446_imu_lsm6dso32.csv@974903599;0.0;0.0;0.981;0.2;0.1;6.4
@20260609_103407_446_imu_lsm6dso32.csv@974962655;0.0;0.0;1.055;0.2;0.1;6.6
@20260609_103407_446_imu_lsm6dso32.csv@975014971;0.0;0.0;1.104;0.1;0.1;6.3
@20260609_103407_446_imu_lsm6dso32.csv@975072435;0.0;0.0;0.953;0.2;0.1;6.4
@20260609_103407_446_imu_lsm6dso32.csv@975125027;0.0;0.0;0.957;-0.5;-0.2;6.8
@20260609_103407_446_imu_lsm6dso32.csv@975182573;0.0;0.0;0.937;-0.4;-0.2;6.9
@20260609_103407_446_imu_lsm6dso32.csv@975234841;0.0;0.0;1.077;0.2;0.1;6.4
@20260609_103407_446_imu_lsm6dso32.csv@975292368;0.0;0.0;1.015;-0.4;-0.3;6.4
@20260609_103407_446_imu_lsm6dso32.csv@975344914;0.0;0.0;1.056;0.3;0.2;6.6
@20260609_103407_446_imu_lsm6dso32.csv@975402541;0.0;0.0;1.018;0.2;0.1;6.6
@20260609_103407_446_imu_lsm6dso32.csv@975462565;0.0;0.0;1.006;-0.4;-0.2;6.7
@20260609_103407_446_imu_lsm6dso32.csv@975522693;0.0;0.0;1.073;0.2;0.1;6.8
@20260609_103407_446_imu_lsm6dso32.csv@975572357;0.0;0.0;0.984;-0.3;-0.3;6.8
@20260609_103407_446_imu_lsm6dso32.csv@975632370;0.0;0.0;0.95;0.2;0.2;6.9
@20260609_103407_446_imu_lsm6dso32.csv@975682732;0.0;0.0;0.99;-0.4;-0.2;6.5
@20260609_103407_446_imu_lsm6dso32.csv@975742631;0.0;0.0;0.98;0.2;0.1;6.8
@20260609_103407_446_imu_lsm6dso32.csv@975802470;0.0;0.0;0.951;0.2;0.2;6.6
@20260609_103407_446_imu_lsm6dso32.csv@975864086;0.0;0.0;1.04;-30.5;0.2;5.5
@20260609_103407_446_imu_lsm6dso32.csv@976024647;0.0;0.0;0.924;32.9;0.1;10.1
@20260609_103407_446_imu_lsm6dso32.csv@976082625;0.0;0.0;1.012;29.6;0.1;11.8
@20260609_103407_446_imu_lsm6dso32.csv@976135102;0.0;0.0;1.098;-38.8;-0.8;10.1
@20260609_103407_446_imu_lsm6dso32.csv@976192331;0.0;0.0;1.039;-33.7;0.1;8.5
@20260609_103407_446_imu_lsm6dso32.csv@976245147;0.0;0.0;0.942;-26.0;-0.7;7.5
@20260609_103407_446_imu_lsm6dso32.csv@976302584;0.0;0.0;0.99;-22.6;-0.7;6.2
@20260609_103407_446_imu_lsm6dso32.csv@976354889;0.0;0.0;1.095;-19.5;0.2;5.4
@20260609_103407_446_imu_lsm6dso32.csv@976412378;0.0;0.0;1.031;-15.7;0.2;4.7
@20260609_103407_446_imu_lsm6dso32.csv@976472575;0.0;0.0;0.998;-11.1;-0.6;4.5
@20260609_103407_446_imu_lsm6dso32.csv@976532312;0.0;0.0;0.95;-10.1;0.2;4.2
@20260609_103407_446_imu_lsm6dso32.csv@976582559;0.0;0.0;1.076;-8.8;0.2;3.4
@20260609_103407_446_imu_lsm6dso32.csv@976642607;0.0;0.0;1.053;-7.0;0.2;3.4
@20260609_103407_446_imu_lsm6dso32.csv@976692288;0.0;0.0;0.987;-5.5;-0.6;2.9
@20260609_103407_446_imu_lsm6dso32.csv@976752420;0.0;0.0;0.936;-4.5;0.2;3.0
@20260609_103407_446_imu_lsm6dso32.csv@976802628;0.0;0.0;0.931;-3.1;-0.6;2.9
@20260609_103407_446_imu_lsm6dso32.csv@976862636;0.0;0.0;1.021;-2.6;0.3;2.8
@20260609_103407_446_imu_lsm6dso32.csv@976912437;0.0;0.0;1.058;-2.3;-0.6;2.5
@20260609_103407_446_imu_lsm6dso32.csv@976972342;0.0;0.0;0.934;-1.9;0.2;2.6
@20260609_103407_446_imu_lsm6dso32.csv@977143855;0.0;0.0;1.041;-1.3;-0.6;2.0
@20260609_103407_446_imu_lsm6dso32.csv@977202601;0.0;0.0;1.014;-1.3;0.3;1.6
@20260609_103407_446_imu_lsm6dso32.csv@977254844;0.0;0.0;0.987;-0.1;-0.6;1.7
@20260609_103407_446_imu_lsm6dso32.csv@977312360;0.0;0.0;1.024;0.1;0.2;2.3
@20260609_103407_446_imu_lsm6dso32.csv@977372512;0.0;0.0;1.069;-1.2;-0.5;2.1
@20260609_103407_446_imu_lsm6dso32.csv@977432433;0.0;0.0;1.001;0.0;0.3;1.6
@20260609_103407_446_imu_lsm6dso32.csv@977482510;0.0;0.0;1.091;-1.1;0.2;1.9
@20260609_103407_446_imu_lsm6dso32.csv@977542585;0.0;0.0;0.942;0.2;0.2;2.2
@20260609_103407_446_imu_lsm6dso32.csv@977592533;0.0;0.0;0.969;0.1;-0.6;1.9
@20260609_103407_446_imu_lsm6dso32.csv@977652284;0.0;0.0;1.073;0.1;-0.6;2.1
@20260609_103407_446_imu_lsm6dso32.csv@977712347;0.0;0.0;0.951;0.1;0.2;2.3
@20260609_103407_446_imu_lsm6dso32.csv@977764595;0.0;0.0;1.099;0.1;0.2;2.3
@20260609_103407_446_imu_lsm6dso32.csv@977822549;0.0;0.0;1.098;0.1;0.1;2.3
@20260609_103407_446_imu_lsm6dso32.csv@977876312;0.0;0.0;1.047;0.1;-0.6;2.2
@20260609_103407_446_imu_lsm6dso32.csv@977932396;0.0;0.0;0.916;-1.1;0.2;2.0
@20260609_103407_446_imu_lsm6dso32.csv@977986078;0.0;0.0;1.032;0.1;-0.7;2.2
@20260609_103407_446_imu_lsm6dso32.csv@978042507;0.0;0.0;0.931;0.1;0.2;2.0
@20260609_103407_446_imu_lsm6dso32.csv@978094454;0.0;0.0;0.946;0.1;0.2;2.1
@20260609_103407_446_imu_lsm6dso32.csv@978265506;0.0;0.0;0.97;0.1;-0.6;2.0
@20260609_103407_446_imu_lsm6dso32.csv@978314081;0.0;0.0;1.038;0.1;0.3;2.2
@20260609_103407_446_imu_lsm6dso32.csv@978364557;0.0;0.0;1.077;0.0;0.3;1.9
@20260609_103407_446_imu_lsm6dso32.csv@978422611;0.0;0.0;0.941;0.1;0.3;1.7
@20260609_103407_446_imu_lsm6dso32.csv@978476476;0.0;0.0;0.975;0.1;-0.6;1.8
@20260609_103407_446_imu_lsm6dso32.csv@978532355;0.0;0.0;0.9;0.1;-0.5;2.3
@20260609_103407_446_imu_lsm6dso32.csv@978586044;0.0;0.0;1.055;0.1;0.3;2.2
@20260609_103407_446_imu_lsm6dso32.csv@978642637;0.0;0.0;1.031;0.1;-0.5;2.3
@20260609_103407_446_imu_lsm6dso32.csv@978694496;0.0;0.0;0.912;0.2;0.3;2.1
@20260609_103407_446_imu_lsm6dso32.csv@978752393;0.0;0.0;0.973;0.1;-0.4;2.1
@20260609_103407_446_imu_lsm6dso32.csv@978803980;0.0;0.0;1.042;0.1;-0.5;1.8
@20260609_103407_446_imu_lsm6dso32.csv@978862631;0.0;0.0;0.947;0.1;0.3;1.6
@20260609_103407_446_imu_lsm6dso32.csv@978913861;0.0;0.0;1.091;0.1;0.3;1.8
@20260609_103407_446_imu_lsm6dso32.csv@978972337;0.0;0.0;1.009;0.1;-0.5;2.1
@20260609_103407_446_imu_lsm6dso32.csv@979023991;0.0;0.0;0.982;0.1;0.4;2.0
@20260609_103407_446_imu_lsm6dso32.csv@979082630;0.0;0.0;1.027;0.1;0.3;1.6
@20260609_103407_446_imu_lsm6dso32.csv@979134058;0.0;0.0;1.093;0.1;0.3;1.7
@20260609_103407_446_imu_lsm6dso32.csv@979192375;0.0;0.0;0.95;0.1;-0.5;2.0
@20260609_103407_446_imu_lsm6dso32.csv@979243895;0.0;0.0;1.082;0.0;-0.5;2.1
@20260609_103407_446_imu_lsm6dso32.csv@979385921;0.0;0.0;1.039;-0.9;0.2;1.9
@20260609_103407_446_imu_lsm6dso32.csv@979442676;0.0;0.0;1.089;0.3;0.2;1.4
@20260609_103407_446_imu_lsm6dso32.csv@979495095;0.0;0.0;1.093;0.3;0.3;1.5
@20260609_103407_446_imu_lsm6dso32.csv@979552436;0.0;0.0;1.048;0.3;0.3;2.2
@20260609_103407_446_imu_lsm6dso32.csv@979612556;0.0;0.0;1.044;0.2;0.3;2.1
@20260609_103407_446_imu_lsm6dso32.csv@979672351;0.0;0.0;1.019;0.2;-0.5;2.1
@20260609_103407_446_imu_lsm6dso32.csv@979722627;0.0;0.0;0.958;0.2;-0.6;2.3
@20260609_103407_446_imu_lsm6dso32.csv@979782555;0.0;0.0;1.09;0.1;-0.5;2.2
@20260609_103407_446_imu_lsm6dso32.csv@979832372;0.0;0.0;0.999;0.1;0.3;1.8
@20260609_103407_446_imu_lsm6dso32.csv@979892300;0.0;0.0;1.097;0.2;0.4;2.3
@20260609_103407_446_imu_lsm6dso32.csv@979952350;0.0;0.0;0.984;0.2;-0.6;1.9
@20260609_103407_446_imu_lsm6dso32.csv@980012420;0.0;0.0;0.994;0.2;0.3;1.7
@20260609_103407_446_imu_lsm6dso32.csv@980072328;0.0;0.0;0.946;0.2;0.3;1.5
@20260609_103407_446_imu_lsm6dso32.csv@980126216;0.0;0.0;0.998;0.1;-0.5;1.8
@20260609_103407_446_imu_lsm6dso32.csv@980182534;0.0;0.0;1.016;-1.0;0.3;1.6
@20260609_103407_446_imu_lsm6dso32.csv@980236090;0.0;0.0;1.028;0.2;0.3;1.6
@20260609_103407_446_imu_lsm6dso32.csv@980284060;0.0;0.0;0.93;0.2;-0.5;1.7
@20260609_103407_446_imu_lsm6dso32.csv@980334956;0.0;0.0;1.006;0.2;0.3;1.6
@20260609_103407_446_imu_lsm6dso32.csv@980506297;0.0;0.0;0.997;0.1;0.2;1.3
@20260609_103407_446_imu_lsm6dso32.csv@980562665;0.0;0.0;1.051;-1.0;0.2;1.4
@20260609_103407_446_imu_lsm6dso32.csv@980614862;0.0;0.0;0.947;0.2;-0.7;1.9
@20260609_103407_446_imu_lsm6dso32.csv@980664114;0.0;0.0;1.094;0.2;-0.7;1.7
@20260609_103407_446_imu_lsm6dso32.csv@980716499;0.0;0.0;1.096;0.1;0.1;1.5
@20260609_103407_446_imu_lsm6dso32.csv@980772334;0.0;0.0;0.993;0.2;0.1;1.9
@20260609_103407_446_imu_lsm6dso32.csv@980826138;0.0;0.0;1.013;0.1;0.2;1.6
@20260609_103407_446_imu_lsm6dso32.csv@980882647;0.0;0.0;1.1;0.2;-0.7;1.7
@20260609_103407_446_imu_lsm6dso32.csv@980936043;0.0;0.0;0.993;0.1;0.2;1.7
@20260609_103407_446_imu_lsm6dso32.csv@980992405;0.0;0.0;0.926;-1.1;0.2;1.5
@20260609_103407_446_imu_lsm6dso32.csv@981044402;0.0;0.0;0.906;0.2;0.2;1.6
@20260609_103407_446_imu_lsm6dso32.csv@981093945;0.0;0.0;0.981;-1.1;-0.6;1.4
@20260609_103407_446_imu_lsm6dso32.csv@981146087;0.0;0.0;1.019;-1.1;0.2;1.4
@20260609_103407_446_imu_lsm6dso32.csv@981202578;0.0;0.0;0.942;0.2;0.2;1.4
@20260609_103407_446_imu_lsm6dso32.csv@981254392;0.0;0.0;0.973;0.2;0.2;1.4
@20260609_103407_446_imu_lsm6dso32.csv@981312290;0.0;0.0;1.044;0.2;-0.7;1.9
@20260609_103407_446_imu_lsm6dso32.csv@981364087;0.0;0.0;0.98;0.2;0.2;1.5
@20260609_103407_446_imu_lsm6dso32.csv@981422582;0.0;0.0;0.905;0.1;0.2;1.2
@20260609_103407_446_imu_lsm6dso32.csv@981473944;0.0;0.0;1.028;0.1;-0.6;1.0
@20260609_103407_446_imu_lsm6dso32.csv@981629581;0.0;0.0;1.051;0.0;-0.6;1.2
@20260609_103407_446_imu_lsm6dso32.csv@981682503;0.0;0.0;1.068;0.1;0.2;1.3
@20260609_103407_446_imu_lsm6dso32.csv@981734660;0.0;0.0;1.099;0.1;0.3;1.6
@20260609_103407_446_imu_lsm6dso32.csv@981792437;0.0;0.0;0.97;0.1;0.3;1.5
@20260609_103407_446_imu_lsm6dso32.csv@981846096;0.0;0.0;0.958;0.0;0.2;1.6
@20260609_103407_446_imu_lsm6dso32.csv@981894058;0.0;0.0;1.08;-1.1;0.2;1.9
@20260609_103407_446_imu_lsm6dso32.csv@981944217;0.0;0.0;0.96;-1.1;-0.6;1.5
@20260609_103407_446_imu_lsm6dso32.csv@982002581;0.0;0.0;0.988;0.1;0.2;1.4
@20260609_103407_446_imu_lsm6dso32.csv@982055863;0.0;0.0;1.007;0.2;-0.6;1.8
@20260609_103407_446_imu_lsm6dso32.csv@982112399;0.0;0.0;1.056;0.1;0.2;1.4
@20260609_103407_446_imu_lsm6dso32.csv@982165834;0.0;0.0;0.994;0.1;-0.7;1.2
@20260609_103407_446_imu_lsm6dso32.csv@982222544;0.0;0.0;1.022;0.0;0.2;1.4
@20260609_103407_446_imu_lsm6dso32.csv@982274264;0.0;0.0;1.076;0.1;0.2;1.3
@20260609_103407_446_imu_lsm6dso32.csv@982332385;0.0;0.0;0.923;0.1;0.2;1.3
@20260609_103407_446_imu_lsm6dso32.csv@982384008;0.0;0.0;0.995;0.0;0.2;1.8
@20260609_103407_446_imu_lsm6dso32.csv@982442560;0.0;0.0;1.091;0.2;-0.7;1.6
@20260609_103407_446_imu_lsm6dso32.csv@982493890;0.0;0.0;1.014;0.1;0.2;1.1
@20260609_103407_446_imu_lsm6dso32.csv@982552398;0.0;0.0;0.95;0.1;0.2;1.3
@20260609_103407_446_imu_lsm6dso32.csv@982603948;0.0;0.0;1.067;0.1;0.2;1.5
@20260609_103407_446_imu_lsm6dso32.csv@982746825;0.0;0.0;1.096;0.0;0.2;1.7
@20260609_103407_446_imu_lsm6dso32.csv@982802671;0.0;0.0;1.065;-0.5;0.2;1.7
@20260609_103407_446_imu_lsm6dso32.csv@982854975;0.0;0.0;0.91;0.1;0.1;1.5
@20260609_103407_446_imu_lsm6dso32.csv@982912400;0.0;0.0;0.952;0.1;-0.2;1.4
@20260609_103407_446_imu_lsm6dso32.csv@982965112;0.0;0.0;1.087;0.1;0.2;1.8
@20260609_103407_446_imu_lsm6dso32.csv@983014004;0.0;0.0;1.097;0.1;-0.3;1.9
@20260609_103407_446_imu_lsm6dso32.csv@983074045;0.0;0.0;0.992;0.1;-0.2;1.6
@20260609_103407_446_imu_lsm6dso32.csv@983132424;0.0;0.0;0.993;0.1;0.2;1.3
@20260609_103407_446_imu_lsm6dso32.csv@983184155;0.0;0.0;1.065;0.0;0.2;1.7
@20260609_103407_446_imu_lsm6dso32.csv@983242691;0.0;0.0;0.991;0.0;-0.1;1.8
@20260609_103407_446_imu_lsm6dso32.csv@983302714;0.0;0.0;1.07;0.0;0.2;1.8
@20260609_103407_446_imu_lsm6dso32.csv@983362564;0.0;0.0;1.04;-0.0;0.2;1.3
@20260609_103407_446_imu_lsm6dso32.csv@983412407;0.0;0.0;1.014;-0.5;-0.2;1.5
@20260609_103407_446_imu_lsm6dso32.csv@983472395;0.0;0.0;0.962;0.0;0.2;1.0
@20260609_103407_446_imu_lsm6dso32.csv@983522567;0.0;0.0;1.037;0.1;0.2;1.3
@20260609_103407_446_imu_lsm6dso32.csv@983582699;0.0;0.0;0.991;-0.6;-0.2;1.0
@20260609_103407_446_imu_lsm6dso32.csv@983642585;0.0;0.0;0.906;0.0;0.1;1.0
@20260609_103407_446_imu_lsm6dso32.csv@983702648;0.0;0.0;0.923;0.1;0.1;0.9
@20260609_103407_446_imu_lsm6dso32.csv@983866776;0.0;0.0;0.997;-0.4;0.1;0.7
@20260609_103407_446_imu_lsm6dso32.csv@983922627;0.0;0.0;0.956;0.2;0.2;0.9
@20260609_103407_446_imu_lsm6dso32.csv@983975572;0.0;0.0;0.956;0.1;-0.3;1.4
@20260609_103407_446_imu_lsm6dso32.csv@984032418;0.0;0.0;0.96;0.2;-0.2;1.1
@20260609_103407_446_imu_lsm6dso32.csv@984085720;0.0;0.0;1.045;0.1;-0.2;1.4
@20260609_103407_446_imu_lsm6dso32.csv@984142548;0.0;0.0;0.96;0.1;0.2;1.7
@20260609_103407_446_imu_lsm6dso32.csv@984195555;0.0;0.0;0.932;0.1;0.2;1.0
@20260609_103407_446_imu_lsm6dso32.csv@984252440;0.0;0.0;1.016;0.1;-0.2;1.1
@20260609_103407_446_imu_lsm6dso32.csv@984303998;0.0;0.0;0.909;0.1;-0.2;1.1
@20260609_103407_446_imu_lsm6dso32.csv@984362577;0.0;0.0;1.059;0.1;0.2;1.2
@20260609_103407_446_imu_lsm6dso32.csv@984413867;0.0;0.0;0.923;0.1;-0.3;1.3
@20260609_103407_446_imu_lsm6dso32.csv@984472429;0.0;0.0;0.946;0.1;0.2;1.1
@20260609_103407_446_imu_lsm6dso32.csv@984524085;0.0;0.0;1.049;-0.5;0.1;1.6
@20260609_103407_446_imu_lsm6dso32.csv@984582574;0.0;0.0;0.993;0.1;0.1;1.1
@20260609_103407_446_imu_lsm6dso32.csv@984634255;0.0;0.0;0.974;0.1;-0.3;0.8
@20260609_103407_446_imu_lsm6dso32.csv@984692503;0.0;0.0;1.026;0.2;-0.3;0.8
@20260609_103407_446_imu_lsm6dso32.csv@984743972;0.0;0.0;1.015;0.1;-0.3;1.0
@20260609_103407_446_imu_lsm6dso32.csv@984802723;0.0;0.0;0.998;0.1;0.1;0.7
@20260609_103407_446_imu_lsm6dso32.csv@984862584;0.0;0.0;1.029;0.1;0.1;0.6
@20260609_103407_446_imu_lsm6dso32.csv@984998600;0.0;0.0;0.977;0.1;0.1;0.8
@20260609_103407_446_imu_lsm6dso32.csv@985052422;0.0;0.0;0.929;0.1;0.1;0.9
@20260609_103407_446_imu_lsm6dso32.csv@985112376;0.0;0.0;1.064;0.1;0.1;1.1
@20260609_103407_446_imu_lsm6dso32.csv@985172401;0.0;0.0;1.004;0.1;0.2;1.3
@20260609_103407_446_imu_lsm6dso32.csv@985224961;0.0;0.0;1.043;-0.5;-0.4;1.0
@20260609_103407_446_imu_lsm6dso32.csv@985282607;0.0;0.0;1.069;0.1;-0.3;0.7
@20260609_103407_446_imu_lsm6dso32.csv@985334977;0.0;0.0;1.082;0.1;0.1;1.2
@20260609_103407_446_imu_lsm6dso32.csv@985392474;0.0;0.0;1.053;-0.5;-0.3;1.5
@20260609_103407_446_imu_lsm6dso32.csv@985548928;0.0;0.0;0.902;0.0;0.1;1.3
@20260609_103407_446_imu_lsm6dso32.csv@985602502;0.0;0.0;0.92;0.0;0.1;-0.0
@20260609_103407_446_imu_lsm6dso32.csv@985662548;0.0;0.0;0.933;0.0;0.1;-0.1
@20260609_103407_446_imu_lsm6dso32.csv@985722507;0.0;0.0;1.026;0.0;0.1;-0.0
@20260609_103407_446_imu_lsm6dso32.csv@985774599;0.0;0.0;0.946;0.0;0.1;-0.1
@20260609_103407_446_imu_lsm6dso32.csv@985832337;0.0;0.0;0.978;0.0;0.1;-0.1
@20260609_103407_446_imu_lsm6dso32.csv@985884995;0.0;0.0;0.931;0.1;0.0;-0.0
@20260609_103407_446_imu_lsm6dso32.csv@985942482;0.0;0.0;0.921;0.0;0.1;-0.0
@20260609_103407_446_imu_lsm6dso32.csv@986077471;0.0;0.0;0.966;0.0;0.1;-0.0
@20260609_103407_446_imu_lsm6dso32.csv@986132310;0.0;0.0;1.018;0.0;0.1;-0.0
@20260609_103407_446_imu_lsm6dso32.csv@986192237;0.0;0.0;1.031;0.0;0.0;-0.0
@20260609_103407_446_imu_lsm6dso32.csv@986252268;0.0;0.0;0.93;0.0;0.0;0.0
@20260609_103407_446_imu_lsm6dso32.csv@986312263;0.0;0.0;1.049;0.1;0.1;-0.1
@20260609_103407_446_imu_lsm6dso32.csv@986372248;0.0;0.0;0.953;-0.0;0.0;0.0
@20260609_103407_446_imu_lsm6dso32.csv@986424053;0.0;0.0;1.001;0.0;0.1;-0.1
@20260609_103407_446_imu_lsm6dso32.csv@986482397;0.0;0.0;1.027;0.0;0.0;0.0
@20260609_103407_446_imu_lsm6dso32.csv@986534283;0.0;0.0;0.934;-0.0;0.1;0.0
@20260609_103407_446_imu_lsm6dso32.csv@986592185;0.0;0.0;0.967;0.0;-0.0;-0.0
@20260609_103407_446_imu_lsm6dso32.csv@986644330;0.0;0.0;1.039;0.0;0.1;0.0
@20260609_103407_446_imu_lsm6dso32.csv@986702518;0.0;0.0;1.07;0.1;0.0;-0.0
@20260609_103407_446_laser_agl.csv@uptime;agl
@20260609_103407_446_laser_agl.csv@926863858;0.008
@20260609_103407_446_laser_agl.csv@926922805;0.083
@20260609_103407_446_laser_agl.csv@926982830;0.233
@20260609_103407_446_laser_agl.csv@927025122;0.374
@20260609_103407_446_laser_agl.csv@927082892;0.648
@20260609_103407_446_laser_agl.csv@927133443;0.872
@20260609_103407_446_laser_agl.csv@927184718;1.27
@20260609_103407_446_laser_agl.csv@927233360;1.577
@20260609_103407_446_laser_agl.csv@927283331;2.099
@20260609_103407_446_laser_agl.csv@927342808;2.696
@20260609_103407_446_laser_agl.csv@927393359;3.135
@20260609_103407_446_laser_agl.csv@927452732;3.856
@20260609_103407_446_laser_agl.csv@982003210;3.835
@20260609_103407_446_laser_agl.csv@982056505;3.536
@20260609_103407_446_laser_agl.csv@982113029;3.086
@20260609_103407_446_laser_agl.csv@982166460;2.637
@20260609_103407_446_laser_agl.csv@982223164;2.187
@20260609_103407_446_laser_agl.csv@982274891;1.888
@20260609_103407_446_laser_agl.csv@982333002;1.438
@20260609_103407_446_laser_agl.csv@982384619;0.989
@20260609_103407_446_laser_agl.csv@982443196;0.539
@20260609_103407_446_laser_agl.csv@982494521;0.239
@20260609_103407_446_laser_agl.csv@982553012;0.0
@20260609_103407_446_laser_agl.csv@982604563;0.0
@20260609_103407_446_laser_agl.csv@982747446;0.0
@20260609_103407_446_laser_agl.csv@982803282;0.0
@20260609_103407_446_laser_agl.csv@982855580;0.0
@20260609_103407_446_laser_agl.csv@982913030;0.0
@20260609_103407_446_laser_agl.csv@982965738;0.0
@20260609_103407_446_laser_agl.csv@983014634;0.0
@20260609_103407_446_laser_agl.csv@983074679;0.0
@20260609_103407_446_laser_agl.csv@983133050;0.0
@20260609_103407_446_laser_agl.csv@983184772;0.0
@20260609_103407_446_laser_agl.csv@983243305;0.0
@20260609_103407_446_laser_agl.csv@983303341;0.0
@20260609_103407_446_laser_agl.csv@983363190;0.0
@20260609_103407_446_laser_agl.csv@983413024;0.0
@20260609_103407_446_laser_agl.csv@983473006;0.0
@20260609_103407_446_laser_agl.csv@983523174;0.0
@20260609_103407_446_laser_agl.csv@983583310;0.0
@20260609_103407_446_laser_agl.csv@983643194;0.0
@20260609_103407_446_laser_agl.csv@983703265;0.0
@20260609_103407_446_laser_agl.csv@983867401;0.0
@20260609_103407_446_laser_agl.csv@983923236;0.0
@20260609_103407_446_laser_agl.csv@983976184;0.0
@20260609_103407_446_laser_agl.csv@984033031;0.0
@20260609_103407_446_laser_agl.csv@984086327;0.0
@20260609_103407_446_laser_agl.csv@984143157;0.0
@20260609_103407_446_laser_agl.csv@984196161;0.0
@20260609_103407_446_laser_agl.csv@984253055;0.0
@20260609_103407_446_laser_agl.csv@984304608;0.0
@20260609_103407_446_laser_agl.csv@984363195;0.0
@20260609_103407_446_laser_agl.csv@984414480;0.0
@20260609_103407_446_laser_agl.csv@984473041;0.0
@20260609_103407_446_laser_agl.csv@984524698;0.0
@20260609_103407_446_laser_agl.csv@984583182;0.0
@20260609_103407_446_laser_agl.csv@984634866;0.0
@20260609_103407_446_laser_agl.csv@984693127;0.0
@20260609_103407_446_laser_agl.csv@984744597;0.0
@20260609_103407_446_laser_agl.csv@984803334;0.0
@20260609_103407_446_laser_agl.csv@984863204;0.0
@20260609_103407_446_laser_agl.csv@984999213;0.0
@20260609_103407_446_laser_agl.csv@985053033;0.0
@20260609_103407_446_laser_agl.csv@985112992;0.0
@20260609_103407_446_laser_agl.csv@985173022;0.0
@20260609_103407_446_laser_agl.csv@985225570;0.0
@20260609_103407_446_laser_agl.csv@985283243;0.0
@20260609_103407_446_laser_agl.csv@985335599;0.0
@20260609_103407_446_laser_agl.csv@985393088;0.0
@20260609_103407_446_laser_agl.csv@985549561;0.0
@20260609_103407_446_laser_agl.csv@985603110;0.0
@20260609_103407_446_laser_agl.csv@985663149;0.0
@20260609_103407_446_laser_agl.csv@985723110;0.0
@20260609_103407_446_laser_agl.csv@985775196;0.0
@20260609_103407_446_laser_agl.csv@985832953;0.0
@20260609_103407_446_laser_agl.csv@985885589;0.0
@20260609_103407_446_laser_agl.csv@985943080;0.0
@20260609_103407_446_laser_agl.csv@986078069;0.0
@20260609_103407_446_laser_agl.csv@986132906;0.0
@20260609_103407_446_laser_agl.csv@986192831;0.0
@20260609_103407_446_laser_agl.csv@986252864;0.0
@20260609_103407_446_laser_agl.csv@986312869;0.0
@20260609_103407_446_laser_agl.csv@986372839;0.0
@20260609_103407_446_laser_agl.csv@986424657;0.0
@20260609_103407_446_laser_agl.csv@986482985;0.0
@20260609_103407_446_laser_agl.csv@986534882;0.0
@20260609_103407_446_laser_agl.csv@986592780;0.0
@20260609_103407_446_laser_agl.csv@986644938;0.0
@20260609_103407_446_laser_agl.csv@986703126;0.0
@20260609_103407_446_power_ina226.csv@uptime;voltage_mv;current_ma;power_mw;alerts
@20260609_103407_446_power_ina226.csv@926841953;4991;8;25;0
@20260609_103407_446_power_ina226.csv@926951554;4998;8;25;0
@20260609_103407_446_power_ina226.csv@927055393;4992;8;25;0
@20260609_103407_446_power_ina226.csv@927163378;4995;8;25;0
@20260609_103407_446_power_ina226.csv@927265149;4996;8;25;0
@20260609_103407_446_power_ina226.csv@927374235;4998;8;25;0
@20260609_103407_446_power_ina226.csv@927483292;4995;8;25;0
@20260609_103407_446_power_ina226.csv@927591547;4996;9;25;0
@20260609_103407_446_power_ina226.csv@927692149;4993;8;25;0
@20260609_103407_446_power_ina226.csv@927796159;4996;9;25;0
@20260609_103407_446_power_ina226.csv@927905524;4998;8;25;0
@20260609_103407_446_power_ina226.csv@928015431;4998;9;25;0
@20260609_103407_446_power_ina226.csv@928125575;4995;9;25;0
@20260609_103407_446_power_ina226.csv@928235398;4993;8;25;0
@20260609_103407_446_power_ina226.csv@928345544;4992;8;25;0
@20260609_103407_446_power_ina226.csv@928455440;4996;8;25;0
@20260609_103407_446_power_ina226.csv@928565610;4998;8;25;0
@20260609_103407_446_power_ina226.csv@928675470;4998;8;25;0
@20260609_103407_446_power_ina226.csv@928785652;4998;9;25;0
@20260609_103407_446_power_ina226.csv@928888903;4996;8;25;0
@20260609_103407_446_power_ina226.csv@928995550;4997;9;25;0
@20260609_103407_446_power_ina226.csv@929105610;4998;8;25;0
@20260609_103407_446_power_ina226.csv@929215453;4997;8;25;0
@20260609_103407_446_power_ina226.csv@929325561;4995;9;25;0
@20260609_103407_446_power_ina226.csv@929435521;4993;8;25;0
@20260609_103407_446_power_ina226.csv@929545613;4991;8;25;0
@20260609_103407_446_power_ina226.csv@929655469;4996;8;25;0
@20260609_103407_446_power_ina226.csv@929765579;4998;8;25;0
@20260609_103407_446_power_ina226.csv@929879477;4993;8;25;0
@20260609_103407_446_power_ina226.csv@929985603;4997;8;25;0
@20260609_103407_446_power_ina226.csv@930095507;4998;9;25;0
@20260609_103407_446_power_ina226.csv@930205538;4997;9;25;0
@20260609_103407_446_power_ina226.csv@930315478;4997;9;25;0
@20260609_103407_446_power_ina226.csv@930425588;4993;9;25;0
@20260609_103407_446_power_ina226.csv@930535452;4996;8;25;0
@20260609_103407_446_power_ina226.csv@930645636;4993;8;25;0
@20260609_103407_446_power_ina226.csv@930755636;4997;8;25;0
@20260609_103407_446_power_ina226.csv@930865687;4998;8;25;0
@20260609_103407_446_power_ina226.csv@930971678;4997;9;25;0
@20260609_103407_446_power_ina226.csv@931075626;4998;8;25;0
@20260609_103407_446_power_ina226.csv@931178444;4997;9;25;0
@20260609_103407_446_power_ina226.csv@931281521;4992;8;25;0
@20260609_103407_446_power_ina226.csv@931382186;4997;9;25;0
@20260609_103407_446_power_ina226.csv@931491538;4998;8;25;0
@20260609_103407_446_power_ina226.csv@931592116;4992;8;25;0
@20260609_103407_446_power_ina226.csv@931694925;4995;9;25;0
@20260609_103407_446_power_ina226.csv@931804289;4993;9;25;0
@20260609_103407_446_power_ina226.csv@931917853;4993;8;25;0
@20260609_103407_446_power_ina226.csv@932023295;4998;9;25;0
@20260609_103407_446_power_ina226.csv@932125178;4998;8;25;0
@20260609_103407_446_power_ina226.csv@932231541;4996;8;25;0
@20260609_103407_446_power_ina226.csv@932332141;4996;9;25;0
@20260609_103407_446_power_ina226.csv@932441530;4996;9;25;0
@20260609_103407_446_power_ina226.csv@932542869;4998;8;25;0
@20260609_103407_446_power_ina226.csv@932654628;4995;8;25;0
@20260609_103407_446_power_ina226.csv@932765637;4991;9;25;0
@20260609_103407_446_power_ina226.csv@932878113;4993;9;25;0
@20260609_103407_446_power_ina226.csv@932981579;4993;9;25;0
@20260609_103407_446_power_ina226.csv@933091566;4998;9;25;0
@20260609_103407_446_power_ina226.csv@933302198;4997;9;25;0
@20260609_103407_446_power_ina226.csv@933405080;4997;8;25;0
@20260609_103407_446_power_ina226.csv@933511675;4996;9;25;0
@20260609_103407_446_power_ina226.csv@933621521;4998;9;25;0
@20260609_103407_446_power_ina226.csv@933722155;4996;9;25;0
@20260609_103407_446_power_ina226.csv@933825138;4997;8;25;0
@20260609_103407_446_power_ina226.csv@933934255;4995;9;25;0
@20260609_103407_446_power_ina226.csv@934038786;4991;8;25;0
@20260609_103407_446_power_ina226.csv@934141560;4993;9;25;0
@20260609_103407_446_power_ina226.csv@934242185;4997;8;25;0
@20260609_103407_446_power_ina226.csv@934345135;4998;9;25;0
@20260609_103407_446_power_ina226.csv@934448390;4993;9;25;0
@20260609_103407_446_power_ina226.csv@934555586;4997;9;25;0
@20260609_103407_446_power_ina226.csv@934665693;4995;8;25;0
@20260609_103407_446_power_ina226.csv@934775577;4997;9;25;0
@20260609_103407_446_power_ina226.csv@934885640;4997;8;25;0
@20260609_103407_446_power_ina226.csv@935012539;4993;9;25;0
@20260609_103407_446_power_ina226.csv@935116350;4997;9;25;0
@20260609_103407_446_power_ina226.csv@935225779;4996;8;25;0
@20260609_103407_446_power_ina226.csv@935335516;4997;9;25;0
@20260609_103407_446_power_ina226.csv@935445693;4997;9;25;0
@20260609_103407_446_power_ina226.csv@935555526;4996;8;25;0
@20260609_103407_446_power_ina226.csv@935665615;4996;8;25;0
@20260609_103407_446_power_ina226.csv@935775434;4996;8;25;0
@20260609_103407_446_power_ina226.csv@935885573;4998;9;25;0
@20260609_103407_446_power_ina226.csv@935995407;4997;8;25;0
@20260609_103407_446_power_ina226.csv@936098598;4997;8;25;0
@20260609_103407_446_power_ina226.csv@936201654;4998;9;25;0
@20260609_103407_446_power_ina226.csv@936305389;4997;9;25;0
@20260609_103407_446_power_ina226.csv@936408826;4996;9;25;0
@20260609_103407_446_power_ina226.csv@936510295;4997;8;25;0
@20260609_103407_446_power_ina226.csv@936611538;4995;8;25;0
@20260609_103407_446_power_ina226.csv@936712200;4997;9;25;0
@20260609_103407_446_power_ina226.csv@936821560;4996;8;25;0
@20260609_103407_446_power_ina226.csv@936922159;4997;8;25;0
@20260609_103407_446_power_ina226.csv@937025101;4996;9;25;0
@20260609_103407_446_power_ina226.csv@937144656;4996;8;25;0
@20260609_103407_446_power_ina226.csv@937251123;4928;145;700;0
@20260609_103407_446_power_ina226.csv@937353364;4998;9;25;0
@20260609_103407_446_power_ina226.csv@937461552;4986;27;125;0
@20260609_103407_446_power_ina226.csv@937562283;4996;9;25;0
@20260609_103407_446_power_ina226.csv@937666233;4998;8;25;0
@20260609_103407_446_power_ina226.csv@937774642;4997;9;25;0
@20260609_103407_446_power_ina226.csv@937883738;4995;9;25;0
@20260609_103407_446_power_ina226.csv@937993371;4993;8;25;0
@20260609_103407_446_power_ina226.csv@938101612;4995;8;25;0
@20260609_103407_446_power_ina226.csv@938202429;4995;8;25;0
@20260609_103407_446_power_ina226.csv@938303490;4996;8;25;0
@20260609_103407_446_power_ina226.csv@938408221;4998;9;25;0
@20260609_103407_446_power_ina226.csv@938515874;4951;9;25;0
@20260609_103407_446_power_ina226.csv@938626088;4810;180;875;0
@20260609_103407_446_power_ina226.csv@938735805;4981;24;100;0
@20260609_103407_446_power_ina226.csv@938846028;4997;9;25;0
@20260609_103407_446_power_ina226.csv@938955811;4933;116;575;0
@20260609_103407_446_power_ina226.csv@939065968;4907;138;675;0
@20260609_103407_446_power_ina226.csv@939172965;4920;124;600;0
@20260609_103407_446_power_ina226.csv@939285177;4991;9;25;0
@20260609_103407_446_power_ina226.csv@939395983;4981;43;200;0
@20260609_103407_446_power_ina226.csv@939505937;4993;8;25;0
@20260609_103407_446_power_ina226.csv@939615932;4928;118;575;0
@20260609_103407_446_power_ina226.csv@939726017;4885;148;700;0
@20260609_103407_446_power_ina226.csv@939835815;4958;97;450;0
@20260609_103407_446_power_ina226.csv@939946085;4983;32;150;0
@20260609_103407_446_power_ina226.csv@940055846;4997;8;25;0
@20260609_103407_446_power_ina226.csv@940166056;4998;8;25;0
@20260609_103407_446_power_ina226.csv@940271744;4996;9;25;0
@20260609_103407_446_power_ina226.csv@940381975;4998;9;25;0
@20260609_103407_446_power_ina226.csv@940488163;4992;8;25;0
@20260609_103407_446_power_ina226.csv@940591672;4991;9;25;0
@20260609_103407_446_power_ina226.csv@940701576;4991;8;25;0
@20260609_103407_446_power_ina226.csv@940802335;4997;9;25;0
@20260609_103407_446_power_ina226.csv@940906263;4997;8;25;0
@20260609_103407_446_power_ina226.csv@941011756;4996;9;25;0
@20260609_103407_446_power_ina226.csv@941121605;4993;9;25;0
@20260609_103407_446_power_ina226.csv@941222363;4995;8;25;0
@20260609_103407_446_power_ina226.csv@941328025;4998;8;25;0
@20260609_103407_446_power_ina226.csv@941431690;4997;9;25;0
@20260609_103407_446_power_ina226.csv@941541562;4996;8;25;0
@20260609_103407_446_power_ina226.csv@941642366;4988;8;25;0
@20260609_103407_446_power_ina226.csv@941746506;4991;8;25;0
@20260609_103407_446_power_ina226.csv@941854543;4993;8;25;0
@20260609_103407_446_power_ina226.csv@941963511;4997;9;25;0
@20260609_103407_446_power_ina226.csv@942066222;4997;8;25;0
@20260609_103407_446_power_ina226.csv@942171688;4993;9;25;0
@20260609_103407_446_power_ina226.csv@942290831;4995;8;25;0
@20260609_103407_446_power_ina226.csv@942392483;4993;8;25;0
@20260609_103407_446_power_ina226.csv@942493364;4997;9;25;0
@20260609_103407_446_power_ina226.csv@942601568;4997;8;25;0
@20260609_103407_446_power_ina226.csv@942702348;4993;9;25;0
@20260609_103407_446_power_ina226.csv@942805930;4993;9;25;0
@20260609_103407_446_power_ina226.csv@942911689;4992;9;25;0
@20260609_103407_446_power_ina226.csv@943021588;4998;9;25;0
@20260609_103407_446_power_ina226.csv@943122364;4995;8;25;0
@20260609_103407_446_power_ina226.csv@943231579;4997;8;25;0
@20260609_103407_446_power_ina226.csv@943332723;4995;9;25;0
@20260609_103407_446_power_ina226.csv@943436137;4998;8;25;0
@20260609_103407_446_power_ina226.csv@943543821;4998;9;25;0
@20260609_103407_446_power_ina226.csv@943651571;4997;8;25;0
@20260609_103407_446_power_ina226.csv@943752438;4992;9;25;0
@20260609_103407_446_power_ina226.csv@943853198;4990;8;25;0
@20260609_103407_446_power_ina226.csv@943959958;4991;8;25;0
@20260609_103407_446_power_ina226.csv@944061694;4995;9;25;0
@20260609_103407_446_power_ina226.csv@944171549;4998;9;25;0
@20260609_103407_446_power_ina226.csv@944272332;4996;9;25;0
@20260609_103407_446_power_ina226.csv@944381555;4995;8;25;0
@20260609_103407_446_power_ina226.csv@944482481;4997;9;25;0
@20260609_103407_446_power_ina226.csv@944591638;4997;9;25;0
@20260609_103407_446_power_ina226.csv@944701577;4996;8;25;0
@20260609_103407_446_power_ina226.csv@944811583;4996;8;25;0
@20260609_103407_446_power_ina226.csv@944912355;4995;8;25;0
@20260609_103407_446_power_ina226.csv@945016731;4992;8;25;0
@20260609_103407_446_power_ina226.csv@945124726;4995;9;25;0
@20260609_103407_446_power_ina226.csv@945233625;4993;8;25;0
@20260609_103407_446_power_ina226.csv@945343762;4997;9;25;0
@20260609_103407_446_power_ina226.csv@945451710;4996;8;25;0
@20260609_103407_446_power_ina226.csv@945561601;4995;8;25;0
@20260609_103407_446_power_ina226.csv@945662337;4995;8;25;0
@20260609_103407_446_power_ina226.csv@945771570;4997;9;25;0
@20260609_103407_446_power_ina226.csv@945872301;4997;9;25;0
@20260609_103407_446_power_ina226.csv@945981551;4997;8;25;0
@20260609_103407_446_power_ina226.csv@946082514;4993;8;25;0
@20260609_103407_446_power_ina226.csv@946191556;4993;8;25;0
@20260609_103407_446_power_ina226.csv@946292336;4993;9;25;0
@20260609_103407_446_power_ina226.csv@946408839;4988;8;25;0
@20260609_103407_446_power_ina226.csv@946511691;4995;9;25;0
@20260609_103407_446_power_ina226.csv@946621697;4993;9;25;0
@20260609_103407_446_power_ina226.csv@946731603;4997;9;25;0
@20260609_103407_446_power_ina226.csv@946832409;4996;8;25;0
@20260609_103407_446_power_ina226.csv@946941586;4997;8;25;0
@20260609_103407_446_power_ina226.csv@947042392;5000;9;25;0
@20260609_103407_446_power_ina226.csv@947151569;4998;9;25;0
@20260609_103407_446_power_ina226.csv@947252320;4996;8;25;0
@20260609_103407_446_power_ina226.csv@947361576;4991;9;25;0
@20260609_103407_446_power_ina226.csv@947462400;4991;8;25;0
@20260609_103407_446_power_ina226.csv@947571594;4991;9;25;0
@20260609_103407_446_power_ina226.csv@947672334;4995;8;25;0
@20260609_103407_446_power_ina226.csv@947781587;4998;9;25;0
@20260609_103407_446_power_ina226.csv@947882344;4996;8;25;0
@20260609_103407_446_power_ina226.csv@947991558;4998;8;25;0
@20260609_103407_446_power_ina226.csv@948092367;4996;8;25;0
@20260609_103407_446_power_ina226.csv@948201573;4997;8;25;0
@20260609_103407_446_power_ina226.csv@948302416;4992;8;25;0
@20260609_103407_446_power_ina226.csv@948411567;4998;9;25;0
@20260609_103407_446_power_ina226.csv@948512317;4992;8;25;0
@20260609_103407_446_power_ina226.csv@948621582;4992;8;25;0
@20260609_103407_446_power_ina226.csv@948722350;4988;8;25;0
@20260609_103407_446_power_ina226.csv@948827847;4997;9;25;0
@20260609_103407_446_power_ina226.csv@948935812;4996;9;25;0
@20260609_103407_446_power_ina226.csv@949046059;4996;8;25;0
@20260609_103407_446_power_ina226.csv@949155753;4996;8;25;0
@20260609_103407_446_power_ina226.csv@949265945;4996;8;25;0
@20260609_103407_446_power_ina226.csv@949375853;4996;9;25;0
@20260609_103407_446_power_ina226.csv@949480518;4995;9;25;0
@20260609_103407_446_power_ina226.csv@949581698;4995;9;25;0
@20260609_103407_446_power_ina226.csv@949691598;4993;9;25;0
@20260609_103407_446_power_ina226.csv@949792297;4993;9;25;0
@20260609_103407_446_power_ina226.csv@949896399;5000;9;25;0
@20260609_103407_446_power_ina226.csv@950004169;5000;8;25;0
@20260609_103407_446_power_ina226.csv@950111577;5000;9;25;0
@20260609_103407_446_power_ina226.csv@950212442;4998;9;25;0
@20260609_103407_446_power_ina226.csv@950321590;4996;9;25;0
@20260609_103407_446_power_ina226.csv@950422720;4993;8;25;0
@20260609_103407_446_power_ina226.csv@950528150;4995;9;25;0
@20260609_103407_446_power_ina226.csv@950631670;5000;9;25;0
@20260609_103407_446_power_ina226.csv@950741783;4993;9;25;0
@20260609_103407_446_power_ina226.csv@950851582;4996;9;25;0
@20260609_103407_446_power_ina226.csv@950952324;4993;8;25;0
@20260609_103407_446_power_ina226.csv@951055747;4998;9;25;0
@20260609_103407_446_power_ina226.csv@951164863;4998;9;25;0
@20260609_103407_446_power_ina226.csv@951274576;4997;8;25;0
@20260609_103407_446_power_ina226.csv@951383695;4996;8;25;0
@20260609_103407_446_power_ina226.csv@951493588;4998;9;25;0
@20260609_103407_446_power_ina226.csv@951599586;4996;9;25;0
@20260609_103407_446_power_ina226.csv@951706135;4996;9;25;0
@20260609_103407_446_power_ina226.csv@951815803;4996;8;25;0
@20260609_103407_446_power_ina226.csv@951926064;4993;8;25;0
@20260609_103407_446_power_ina226.csv@952035804;4992;9;25;0
@20260609_103407_446_power_ina226.csv@952146008;4993;8;25;0
@20260609_103407_446_power_ina226.csv@952255893;4997;8;25;0
@20260609_103407_446_power_ina226.csv@952366110;4996;9;25;0
@20260609_103407_446_power_ina226.csv@952475831;4996;9;25;0
@20260609_103407_446_power_ina226.csv@952581604;4993;9;25;0
@20260609_103407_446_power_ina226.csv@952687317;4996;8;25;0
@20260609_103407_446_power_ina226.csv@952795989;4996;9;25;0
@20260609_103407_446_power_ina226.csv@952906121;4997;9;25;0
@20260609_103407_446_power_ina226.csv@953015979;5000;9;25;0
@20260609_103407_446_power_ina226.csv@953126087;4993;9;25;0
@20260609_103407_446_power_ina226.csv@953235952;4996;8;25;0
@20260609_103407_446_power_ina226.csv@953345989;4997;8;25;0
@20260609_103407_446_power_ina226.csv@953455946;5000;9;25;0
@20260609_103407_446_power_ina226.csv@953566202;5000;8;25;0
@20260609_103407_446_power_ina226.csv@953669856;4995;8;25;0
@20260609_103407_446_power_ina226.csv@953776131;5000;9;25;0
@20260609_103407_446_power_ina226.csv@953886134;4996;8;25;0
@20260609_103407_446_power_ina226.csv@953995869;4998;9;25;0
@20260609_103407_446_power_ina226.csv@954106081;4998;8;25;0
@20260609_103407_446_power_ina226.csv@954215940;4996;8;25;0
@20260609_103407_446_power_ina226.csv@954326132;4995;8;25;0
@20260609_103407_446_power_ina226.csv@954435881;4996;8;25;0
@20260609_103407_446_power_ina226.csv@954546078;4996;8;25;0
@20260609_103407_446_power_ina226.csv@954651626;4995;9;25;0
@20260609_103407_446_power_ina226.csv@954757708;4998;8;25;0
@20260609_103407_446_power_ina226.csv@954866452;4997;8;25;0
@20260609_103407_446_power_ina226.csv@954976175;5000;9;25;0
@20260609_103407_446_power_ina226.csv@955086270;4998;8;25;0
@20260609_103407_446_power_ina226.csv@955196150;4998;8;25;0
@20260609_103407_446_power_ina226.csv@955306314;4998;9;25;0
@20260609_103407_446_power_ina226.csv@955416090;4996;8;25;0
@20260609_103407_446_power_ina226.csv@955526353;4995;9;25;0
@20260609_103407_446_power_ina226.csv@955636039;4996;8;25;0
@20260609_103407_446_power_ina226.csv@955739716;4998;9;25;0
@20260609_103407_446_power_ina226.csv@955841694;4997;9;25;0
@20260609_103407_446_power_ina226.csv@955951550;4996;9;25;0
@20260609_103407_446_power_ina226.csv@956052330;4992;9;25;0
@20260609_103407_446_power_ina226.csv@956156319;4997;9;25;0
@20260609_103407_446_power_ina226.csv@956263767;4997;9;25;0
@20260609_103407_446_power_ina226.csv@956371582;5000;8;25;0
@20260609_103407_446_power_ina226.csv@956481552;4995;8;25;0
@20260609_103407_446_power_ina226.csv@956582464;4993;9;25;0
@20260609_103407_446_power_ina226.csv@956712427;4991;9;25;0
@20260609_103407_446_power_ina226.csv@956813615;4997;8;25;0
@20260609_103407_446_power_ina226.csv@956921695;4998;8;25;0
@20260609_103407_446_power_ina226.csv@957031587;4998;9;25;0
@20260609_103407_446_power_ina226.csv@957132338;4997;9;25;0
@20260609_103407_446_power_ina226.csv@957236102;5000;8;25;0
@20260609_103407_446_power_ina226.csv@957344823;4987;8;25;0
@20260609_103407_446_power_ina226.csv@957454547;4997;9;25;0
@20260609_103407_446_power_ina226.csv@957563750;4997;9;25;0
@20260609_103407_446_power_ina226.csv@957673519;4998;8;25;0
@20260609_103407_446_power_ina226.csv@957776002;4998;9;25;0
@20260609_103407_446_power_ina226.csv@957881715;4995;8;25;0
@20260609_103407_446_power_ina226.csv@957991633;4997;9;25;0
@20260609_103407_446_power_ina226.csv@958097701;4996;8;25;0
@20260609_103407_446_power_ina226.csv@958201705;4997;9;25;0
@20260609_103407_446_power_ina226.csv@958311566;4995;9;25;0
@20260609_103407_446_power_ina226.csv@958412335;4993;9;25;0
@20260609_103407_446_power_ina226.csv@958516148;4997;9;25;0
@20260609_103407_446_power_ina226.csv@958624412;4997;9;25;0
@20260609_103407_446_power_ina226.csv@958731579;4997;8;25;0
@20260609_103407_446_power_ina226.csv@958832345;4993;9;25;0
@20260609_103407_446_power_ina226.csv@958941563;4987;9;25;0
@20260609_103407_446_power_ina226.csv@959042764;4995;9;25;0
@20260609_103407_446_power_ina226.csv@959150210;4998;9;25;0
@20260609_103407_446_power_ina226.csv@959251700;4997;9;25;0
@20260609_103407_446_power_ina226.csv@959361581;4996;8;25;0
@20260609_103407_446_power_ina226.csv@959462385;4993;8;25;0
@20260609_103407_446_power_ina226.csv@959566382;4995;8;25;0
@20260609_103407_446_power_ina226.csv@959674585;4997;9;25;0
@20260609_103407_446_power_ina226.csv@959783833;4998;9;25;0
@20260609_103407_446_power_ina226.csv@959891616;4996;9;25;0
@20260609_103407_446_power_ina226.csv@959998132;4998;9;25;0
@20260609_103407_446_power_ina226.csv@960101743;4998;9;25;0
@20260609_103407_446_power_ina226.csv@960211576;4996;9;25;0
@20260609_103407_446_power_ina226.csv@960312432;4993;8;25;0
@20260609_103407_446_power_ina226.csv@960416236;4996;9;25;0
@20260609_103407_446_power_ina226.csv@960524834;4995;9;25;0
@20260609_103407_446_power_ina226.csv@960633468;4993;9;25;0
@20260609_103407_446_power_ina226.csv@960741588;4993;9;25;0
@20260609_103407_446_power_ina226.csv@960842476;4991;8;25;0
@20260609_103407_446_power_ina226.csv@960943574;4995;9;25;0
@20260609_103407_446_power_ina226.csv@961055235;4998;9;25;0
@20260609_103407_446_power_ina226.csv@961161721;5000;9;25;0
@20260609_103407_446_power_ina226.csv@961271583;4997;9;25;0
@20260609_103407_446_power_ina226.csv@961372349;4993;8;25;0
@20260609_103407_446_power_ina226.csv@961481587;4998;9;25;0
@20260609_103407_446_power_ina226.csv@961582395;4995;8;25;0
@20260609_103407_446_power_ina226.csv@961687810;4998;9;25;0
@20260609_103407_446_power_ina226.csv@961795822;4997;9;25;0
@20260609_103407_446_power_ina226.csv@961906045;4995;8;25;0
@20260609_103407_446_power_ina226.csv@962010420;4990;8;25;0
@20260609_103407_446_power_ina226.csv@962111736;4993;9;25;0
@20260609_103407_446_power_ina226.csv@962221599;4995;9;25;0
@20260609_103407_446_power_ina226.csv@962331591;4998;9;25;0
@20260609_103407_446_power_ina226.csv@962432367;4992;8;25;0
@20260609_103407_446_power_ina226.csv@962533238;4997;9;25;0
@20260609_103407_446_power_ina226.csv@962641590;4996;9;25;0
@20260609_103407_446_power_ina226.csv@962751586;4998;8;25;0
@20260609_103407_446_power_ina226.csv@962852401;4997;9;25;0
@20260609_103407_446_power_ina226.csv@962961548;5000;9;25;0
@20260609_103407_446_power_ina226.csv@963068277;4991;9;25;0
@20260609_103407_446_power_ina226.csv@963176280;4996;8;25;0
@20260609_103407_446_power_ina226.csv@963281715;4996;9;25;0
@20260609_103407_446_power_ina226.csv@963391546;4992;9;25;0
@20260609_103407_446_power_ina226.csv@963492367;4996;9;25;0
@20260609_103407_446_power_ina226.csv@963595732;4997;8;25;0
@20260609_103407_446_power_ina226.csv@963704905;4998;9;25;0
@20260609_103407_446_power_ina226.csv@963814503;4997;9;25;0
@20260609_103407_446_power_ina226.csv@963923690;4998;8;25;0
@20260609_103407_446_power_ina226.csv@964033537;4997;8;25;0
@20260609_103407_446_power_ina226.csv@964134802;4992;8;25;0
@20260609_103407_446_power_ina226.csv@964246176;4993;8;25;0
@20260609_103407_446_power_ina226.csv@964351725;4993;9;25;0
@20260609_103407_446_power_ina226.csv@964461581;4993;9;25;0
@20260609_103407_446_power_ina226.csv@964562378;4995;9;25;0
@20260609_103407_446_power_ina226.csv@964666747;4997;9;25;0
@20260609_103407_446_power_ina226.csv@964774885;4998;9;25;0
@20260609_103407_446_power_ina226.csv@964883926;4996;8;25;0
@20260609_103407_446_power_ina226.csv@964991771;4997;8;25;0
@20260609_103407_446_power_ina226.csv@965101608;4997;9;25;0
@20260609_103407_446_power_ina226.csv@965202416;4993;8;25;0
@20260609_103407_446_power_ina226.csv@965311597;5000;9;25;0
@20260609_103407_446_power_ina226.csv@965413512;4991;8;25;0
@20260609_103407_446_power_ina226.csv@965520036;4993;9;25;0
@20260609_103407_446_power_ina226.csv@965621712;4996;9;25;0
@20260609_103407_446_power_ina226.csv@965731585;4995;9;25;0
@20260609_103407_446_power_ina226.csv@965832321;4996;8;25;0
@20260609_103407_446_power_ina226.csv@965935650;4995;8;25;0
@20260609_103407_446_power_ina226.csv@966044828;4996;8;25;0
@20260609_103407_446_power_ina226.csv@966154584;4998;9;25;0
@20260609_103407_446_power_ina226.csv@966257004;4992;9;25;0
@20260609_103407_446_power_ina226.csv@966366399;4998;9;25;0
@20260609_103407_446_power_ina226.csv@966471731;4997;9;25;0
@20260609_103407_446_power_ina226.csv@966581594;4995;8;25;0
@20260609_103407_446_power_ina226.csv@966682341;4992;8;25;0
@20260609_103407_446_power_ina226.csv@966785962;4998;9;25;0
@20260609_103407_446_power_ina226.csv@966894617;4996;8;25;0
@20260609_103407_446_power_ina226.csv@967003759;4997;8;25;0
@20260609_103407_446_power_ina226.csv@967111622;4998;8;25;0
@20260609_103407_446_power_ina226.csv@967212401;4993;8;25;0
@20260609_103407_446_power_ina226.csv@967322201;4993;9;25;0
@20260609_103407_446_power_ina226.csv@967431583;4997;9;25;0
@20260609_103407_446_power_ina226.csv@967532362;4997;9;25;0
@20260609_103407_446_power_ina226.csv@967641624;4993;9;25;0
@20260609_103407_446_power_ina226.csv@967742448;4992;9;25;0
@20260609_103407_446_power_ina226.csv@967851564;4993;9;25;0
@20260609_103407_446_power_ina226.csv@967952395;4995;8;25;0
@20260609_103407_446_power_ina226.csv@968061552;4997;9;25;0
@20260609_103407_446_power_ina226.csv@968162352;4996;8;25;0
@20260609_103407_446_power_ina226.csv@968271598;4998;9;25;0
@20260609_103407_446_power_ina226.csv@968392993;4992;8;25;0
@20260609_103407_446_power_ina226.csv@968505572;4997;9;25;0
@20260609_103407_446_power_ina226.csv@968611745;4998;9;25;0
@20260609_103407_446_power_ina226.csv@968721593;4996;9;25;0
@20260609_103407_446_power_ina226.csv@968822376;4991;8;25;0
@20260609_103407_446_power_ina226.csv@968926799;4993;8;25;0
@20260609_103407_446_power_ina226.csv@969034664;4995;8;25;0
@20260609_103407_446_power_ina226.csv@969143708;4996;8;25;0
@20260609_103407_446_power_ina226.csv@969253345;4997;9;25;0
@20260609_103407_446_power_ina226.csv@969361571;4996;9;25;0
@20260609_103407_446_power_ina226.csv@969462459;4993;9;25;0
@20260609_103407_446_power_ina226.csv@969567741;4998;8;25;0
@20260609_103407_446_power_ina226.csv@969671745;4997;9;25;0
@20260609_103407_446_power_ina226.csv@969781615;4996;9;25;0
@20260609_103407_446_power_ina226.csv@969891578;4997;9;25;0
@20260609_103407_446_power_ina226.csv@969992316;4992;9;25;0
@20260609_103407_446_power_ina226.csv@970101573;4993;9;25;0
@20260609_103407_446_power_ina226.csv@970202420;4990;9;25;0
@20260609_103407_446_power_ina226.csv@970307460;4995;9;25;0
@20260609_103407_446_power_ina226.csv@970415803;4997;9;25;0
@20260609_103407_446_power_ina226.csv@970524352;4993;8;25;0
@20260609_103407_446_power_ina226.csv@970630841;4993;8;25;0
@20260609_103407_446_power_ina226.csv@970733256;4996;9;25;0
@20260609_103407_446_power_ina226.csv@970841574;4998;8;25;0
@20260609_103407_446_power_ina226.csv@970942340;4997;9;25;0
@20260609_103407_446_power_ina226.csv@971046385;4997;8;25;0
@20260609_103407_446_power_ina226.csv@971154684;4995;9;25;0
@20260609_103407_446_power_ina226.csv@971263754;4993;9;25;0
@20260609_103407_446_power_ina226.csv@971373283;4998;8;25;0
@20260609_103407_446_power_ina226.csv@971481588;4998;9;25;0
@20260609_103407_446_power_ina226.csv@971593693;4995;9;25;0
@20260609_103407_446_power_ina226.csv@971705269;4997;8;25;0
@20260609_103407_446_power_ina226.csv@971811690;4996;9;25;0
@20260609_103407_446_power_ina226.csv@971921580;4996;9;25;0
@20260609_103407_446_power_ina226.csv@972022355;4996;9;25;0
@20260609_103407_446_power_ina226.csv@972125980;4998;8;25;0
@20260609_103407_446_power_ina226.csv@972234555;4995;9;25;0
@20260609_103407_446_power_ina226.csv@972343600;4993;9;25;0
@20260609_103407_446_power_ina226.csv@972453375;4995;9;25;0
@20260609_103407_446_power_ina226.csv@972561602;4995;8;25;0
@20260609_103407_446_power_ina226.csv@972662580;4988;9;25;0
@20260609_103407_446_power_ina226.csv@972763222;4993;8;25;0
@20260609_103407_446_power_ina226.csv@972870484;4992;8;25;0
@20260609_103407_446_power_ina226.csv@972971702;4995;9;25;0
@20260609_103407_446_power_ina226.csv@973081623;4996;8;25;0
@20260609_103407_446_power_ina226.csv@973186562;4996;8;25;0
@20260609_103407_446_power_ina226.csv@973291693;4997;8;25;0
@20260609_103407_446_power_ina226.csv@973401582;4991;9;25;0
@20260609_103407_446_power_ina226.csv@973502431;4991;8;25;0
@20260609_103407_446_power_ina226.csv@973606941;4992;8;25;0
@20260609_103407_446_power_ina226.csv@973777038;4995;8;25;0
@20260609_103407_446_power_ina226.csv@973886382;4997;8;25;0
@20260609_103407_446_power_ina226.csv@973991701;5000;9;25;0
@20260609_103407_446_power_ina226.csv@974101561;4998;9;25;0
@20260609_103407_446_power_ina226.csv@974202375;4997;8;25;0
@20260609_103407_446_power_ina226.csv@974306441;4998;8;25;0
@20260609_103407_446_power_ina226.csv@974414614;4998;8;25;0
@20260609_103407_446_power_ina226.csv@974523748;4992;8;25;0
@20260609_103407_446_power_ina226.csv@974633325;4995;9;25;0
@20260609_103407_446_power_ina226.csv@974741611;4996;8;25;0
@20260609_103407_446_power_ina226.csv@974906749;4996;8;25;0
@20260609_103407_446_power_ina226.csv@975011761;4998;9;25;0
@20260609_103407_446_power_ina226.csv@975121625;4998;9;25;0
@20260609_103407_446_power_ina226.csv@975231604;4996;8;25;0
@20260609_103407_446_power_ina226.csv@975341640;4998;9;25;0
@20260609_103407_446_power_ina226.csv@975442413;4996;9;25;0
@20260609_103407_446_power_ina226.csv@975543929;4997;9;25;0
@20260609_103407_446_power_ina226.csv@975651556;4992;8;25;0
@20260609_103407_446_power_ina226.csv@975752405;4992;8;25;0
@20260609_103407_446_power_ina226.csv@975861565;4993;953;4025;0
@20260609_103407_446_power_ina226.csv@976029152;4993;9;25;0
@20260609_103407_446_power_ina226.csv@976131720;4085;1409;5750;0
@20260609_103407_446_power_ina226.csv@976241628;4791;203;950;0
@20260609_103407_446_power_ina226.csv@976351599;4906;34;175;0
@20260609_103407_446_power_ina226.csv@976452472;4980;37;175;0
@20260609_103407_446_power_ina226.csv@976553863;4986;28;125;0
@20260609_103407_446_power_ina226.csv@976661649;4997;9;25;0
@20260609_103407_446_power_ina226.csv@976771611;4993;9;25;0
@20260609_103407_446_power_ina226.csv@976881595;4976;30;150;0
@20260609_103407_446_power_ina226.csv@976983255;4988;9;25;0
@20260609_103407_446_power_ina226.csv@977148335;4995;9;25;0
@20260609_103407_446_power_ina226.csv@977251615;4973;107;525;0
@20260609_103407_446_power_ina226.csv@977352524;4976;52;250;0
@20260609_103407_446_power_ina226.csv@977453855;4898;100;475;0
@20260609_103407_446_power_ina226.csv@977561618;4915;224;1075;0
@20260609_103407_446_power_ina226.csv@977663693;4977;51;200;0
@20260609_103407_446_power_ina226.csv@977770717;4996;8;25;0
@20260609_103407_446_power_ina226.csv@977871680;4996;8;25;0
@20260609_103407_446_power_ina226.csv@977981610;4941;95;450;0
@20260609_103407_446_power_ina226.csv@978082379;4991;8;25;0
@20260609_103407_446_power_ina226.csv@978270612;4993;8;25;0
@20260609_103407_446_power_ina226.csv@978371245;4971;111;550;0
@20260609_103407_446_power_ina226.csv@978474171;4935;107;525;0
@20260609_103407_446_power_ina226.csv@978581703;4967;54;250;0
@20260609_103407_446_power_ina226.csv@978683225;4993;9;25;0
@20260609_103407_446_power_ina226.csv@978787098;4936;176;850;0
@20260609_103407_446_power_ina226.csv@978894760;4985;27;125;0
@20260609_103407_446_power_ina226.csv@979004836;4972;50;250;0
@20260609_103407_446_power_ina226.csv@979113661;4973;45;225;0
@20260609_103407_446_power_ina226.csv@979223902;4880;262;1250;0
@20260609_103407_446_power_ina226.csv@979390456;4992;8;25;0
@20260609_103407_446_power_ina226.csv@979491582;4960;130;625;0
@20260609_103407_446_power_ina226.csv@979592440;4960;65;300;0
@20260609_103407_446_power_ina226.csv@979693813;4997;9;25;0
@20260609_103407_446_power_ina226.csv@979801585;4997;9;25;0
@20260609_103407_446_power_ina226.csv@979903173;4996;8;1075;0
@20260609_103407_446_power_ina226.csv@980015152;4997;10;25;0
@20260609_103407_446_power_ina226.csv@980121683;4931;92;450;0
@20260609_103407_446_power_ina226.csv@980231578;4940;112;550;0
@20260609_103407_446_power_ina226.csv@980332488;4963;73;350;0
@20260609_103407_446_power_ina226.csv@980510970;4995;8;25;0
@20260609_103407_446_power_ina226.csv@980612452;4943;82;400;0
@20260609_103407_446_power_ina226.csv@980714219;4998;8;25;0
@20260609_103407_446_power_ina226.csv@980821700;4967;69;525;0
@20260609_103407_446_power_ina226.csv@980931569;4927;116;550;0
@20260609_103407_446_power_ina226.csv@981032420;4986;22;100;0
@20260609_103407_446_power_ina226.csv@981141586;4948;137;675;0
@20260609_103407_446_power_ina226.csv@981242467;4912;182;875;0
@20260609_103407_446_power_ina226.csv@981346530;4900;95;350;0
@20260609_103407_446_power_ina226.csv@981454627;4968;69;325;0
@20260609_103407_446_power_ina226.csv@981633083;4995;8;25;0
@20260609_103407_446_power_ina226.csv@981740980;4900;103;500;0
@20260609_103407_446_power_ina226.csv@981843880;4940;152;750;0
@20260609_103407_446_power_ina226.csv@981950040;4967;112;550;0
@20260609_103407_446_power_ina226.csv@982051707;4958;79;375;0
@20260609_103407_446_power_ina226.csv@982161569;4891;116;550;0
@20260609_103407_446_power_ina226.csv@982262377;4997;8;25;0
@20260609_103407_446_power_ina226.csv@982366823;4895;200;975;0
@20260609_103407_446_power_ina226.csv@982474821;4921;146;700;0
@20260609_103407_446_power_ina226.csv@982583979;4838;195;925;0
@20260609_103407_446_power_ina226.csv@982751614;4993;9;25;0
@20260609_103407_446_power_ina226.csv@982852547;4892;174;850;0
@20260609_103407_446_power_ina226.csv@982961627;4967;93;450;0
@20260609_103407_446_power_ina226.csv@983071617;4983;36;175;0
@20260609_103407_446_power_ina226.csv@983172363;4981;35;175;0
@20260609_103407_446_power_ina226.csv@983276701;4992;20;75;0
@20260609_103407_446_power_ina226.csv@983381737;4918;69;325;0
@20260609_103407_446_power_ina226.csv@983491588;4951;107;525;0
@20260609_103407_446_power_ina226.csv@983593386;4995;11;50;0
@20260609_103407_446_power_ina226.csv@983705615;4932;57;275;0
@20260609_103407_446_power_ina226.csv@983871613;4996;9;25;0
@20260609_103407_446_power_ina226.csv@983973356;4985;31;150;0
@20260609_103407_446_power_ina226.csv@984081629;4960;94;450;0
@20260609_103407_446_power_ina226.csv@984191599;4965;55;275;0
@20260609_103407_446_power_ina226.csv@984292440;4970;61;300;0
@20260609_103407_446_power_ina226.csv@984396706;4958;68;325;0
@20260609_103407_446_power_ina226.csv@984505056;4903;72;350;0
@20260609_103407_446_power_ina226.csv@984613633;4923;139;675;0
@20260609_103407_446_power_ina226.csv@984723776;4980;146;700;0
@20260609_103407_446_power_ina226.csv@984831573;4971;47;225;0
@20260609_103407_446_power_ina226.csv@985003198;4968;9;25;0
@20260609_103407_446_power_ina226.csv@985115647;4970;44;200;0
@20260609_103407_446_power_ina226.csv@985221697;4996;9;25;0
@20260609_103407_446_power_ina226.csv@985331603;4986;30;150;0
@20260609_103407_446_power_ina226.csv@985553595;4992;8;25;0
@20260609_103407_446_power_ina226.csv@985665799;4958;50;225;0
@20260609_103407_446_power_ina226.csv@985771624;4995;9;25;0
@20260609_103407_446_power_ina226.csv@985881541;4995;9;25;0
@20260609_103407_446_power_ina226.csv@985991547;5000;9;25;0
@20260609_103407_446_power_ina226.csv@986101573;5000;9;25;0
@20260609_103407_446_power_ina226.csv@986211529;4997;9;25;0
@20260609_103407_446_power_ina226.csv@986316743;4993;8;25;0
@20260609_103407_446_power_ina226.csv@986421623;4998;9;25;0
@20260609_103407_446_power_ina226.csv@986531525;4998;9;25;0
@20260609_103407_446_power_ina226.csv@986641528;5000;8;25;0
@20260609_103407_446_sequencer.csv@uptime;stage;reason
@20260609_103407_446_sequencer.csv@926880933;setting;external
@20260609_103407_446_sequencer.csv@926991431;boosting;launch |a|=2.9g
@20260609_103407_446_sequencer.csv@937142372;gliding;apogee 288m
@20260609_103407_446_sequencer.csv@982335877;landing;agl 1.3m
@20260609_103407_446_sequencer.csv@985398337;done;stationary 1.1g
926880933 controller :: stage -> setting
926991431 controller :: stage -> boosting
937142372 controller :: stage -> gliding
982335877 controller :: stage -> landing
985398337 controller :: stage -> done
@20260609_103407_446_servo_eleron_left.csv@uptime;angle;pulse_us;done
@20260609_103407_446_servo_eleron_left.csv@926813742;90;1500;0
@20260609_103407_446_servo_eleron_left.csv@937163638;104;1655;0
@20260609_103407_446_servo_eleron_left.csv@937334274;103;1644;0
@20260609_103407_446_servo_eleron_left.csv@937364199;104;1655;0
@20260609_103407_446_servo_eleron_left.csv@937664519;103;1644;0
@20260609_103407_446_servo_eleron_left.csv@937692054;104;1655;0
@20260609_103407_446_servo_eleron_left.csv@937714213;103;1644;0
@20260609_103407_446_servo_eleron_left.csv@937746261;104;1655;0
@20260609_103407_446_servo_eleron_left.csv@937824453;103;1644;0
@20260609_103407_446_servo_eleron_left.csv@937886014;104;1655;0
@20260609_103407_446_servo_eleron_left.csv@937912187;103;1644;0
@20260609_103407_446_servo_eleron_left.csv@937966268;104;1655;0
@20260609_103407_446_servo_eleron_left.csv@938044533;103;1644;0
@20260609_103407_446_servo_eleron_left.csv@938075732;104;1655;0
@20260609_103407_446_servo_eleron_left.csv@938105976;103;1644;0
@20260609_103407_446_servo_eleron_left.csv@938136236;104;1655;0
@20260609_103407_446_servo_eleron_left.csv@938235626;103;1644;0
@20260609_103407_446_servo_eleron_left.csv@938295604;104;1655;0
@20260609_103407_446_servo_eleron_left.csv@938324932;102;1633;0
@20260609_103407_446_servo_eleron_left.csv@938375081;103;1644;0
@20260609_103407_446_servo_eleron_left.csv@938406440;102;1633;0
@20260609_103407_446_servo_eleron_left.csv@938434756;101;1622;0
@20260609_103407_446_servo_eleron_left.csv@938485119;102;1633;0
@20260609_103407_446_servo_eleron_left.csv@938522429;102;1633;0
@20260609_103407_446_servo_eleron_left.csv@938571680;101;1622;0
@20260609_103407_446_servo_eleron_left.csv@938595247;98;1588;0
@20260609_103407_446_servo_eleron_left.csv@938627832;99;1600;0
@20260609_103407_446_servo_eleron_left.csv@938654992;96;1566;0
@20260609_103407_446_servo_eleron_left.csv@938681633;97;1577;0
@20260609_103407_446_servo_eleron_left.csv@938737594;98;1588;0
@20260609_103407_446_servo_eleron_left.csv@938791631;99;1600;0
@20260609_103407_446_servo_eleron_left.csv@938814846;97;1577;0
@20260609_103407_446_servo_eleron_left.csv@938861631;94;1544;0
@20260609_103407_446_servo_eleron_left.csv@938925431;93;1533;0
@20260609_103407_446_servo_eleron_left.csv@938957581;94;1544;0
@20260609_103407_446_servo_eleron_left.csv@938985178;95;1555;0
@20260609_103407_446_servo_eleron_left.csv@939035188;98;1588;0
@20260609_103407_446_servo_eleron_left.csv@939067699;97;1577;0
@20260609_103407_446_servo_eleron_left.csv@939145337;94;1544;0
@20260609_103407_446_servo_eleron_left.csv@939174810;96;1566;0
@20260609_103407_446_servo_eleron_left.csv@939287853;95;1555;0
@20260609_103407_446_servo_eleron_left.csv@939315587;92;1522;0
@20260609_103407_446_servo_eleron_left.csv@939341688;93;1533;0
@20260609_103407_446_servo_eleron_left.csv@939365057;95;1555;0
@20260609_103407_446_servo_eleron_left.csv@939397837;94;1544;0
@20260609_103407_446_servo_eleron_left.csv@939425468;92;1522;0
@20260609_103407_446_servo_eleron_left.csv@939507707;93;1533;0
@20260609_103407_446_servo_eleron_left.csv@939535276;92;1522;0
@20260609_103407_446_servo_eleron_left.csv@939561686;93;1533;0
@20260609_103407_446_servo_eleron_left.csv@939585208;91;1511;0
@20260609_103407_446_servo_eleron_left.csv@939645852;94;1544;0
@20260609_103407_446_servo_eleron_left.csv@939671659;95;1555;0
@20260609_103407_446_servo_eleron_left.csv@939694902;96;1566;0
@20260609_103407_446_servo_eleron_left.csv@939727774;95;1555;0
@20260609_103407_446_servo_eleron_left.csv@939761245;101;1622;0
@20260609_103407_446_servo_eleron_left.csv@939781663;102;1633;0
@20260609_103407_446_servo_eleron_left.csv@939811859;104;1655;0
@20260609_103407_446_servo_eleron_left.csv@939865085;103;1644;0
@20260609_103407_446_servo_eleron_left.csv@939891363;104;1655;0
@20260609_103407_446_servo_eleron_left.csv@939914503;103;1644;0
@20260609_103407_446_servo_eleron_left.csv@940001396;104;1655;0
@20260609_103407_446_servo_eleron_left.csv@940057262;103;1644;0
@20260609_103407_446_servo_eleron_left.csv@940111388;104;1655;0
@20260609_103407_446_servo_eleron_left.csv@940134559;103;1644;0
@20260609_103407_446_servo_eleron_left.csv@940167432;104;1655;0
@20260609_103407_446_servo_eleron_left.csv@940306211;103;1644;0
@20260609_103407_446_servo_eleron_left.csv@940334397;104;1655;0
@20260609_103407_446_servo_eleron_left.csv@940455192;103;1644;0
@20260609_103407_446_servo_eleron_left.csv@940486344;104;1655;0
@20260609_103407_446_servo_eleron_left.csv@940514461;103;1644;0
@20260609_103407_446_servo_eleron_left.csv@940624508;104;1655;0
@20260609_103407_446_servo_eleron_left.csv@940656161;103;1644;0
@20260609_103407_446_servo_eleron_left.csv@940684472;104;1655;0
@20260609_103407_446_servo_eleron_left.csv@940734235;103;1644;0
@20260609_103407_446_servo_eleron_left.csv@940766372;104;1655;0
@20260609_103407_446_servo_eleron_left.csv@940904532;103;1644;0
@20260609_103407_446_servo_eleron_left.csv@940936174;104;1655;0
@20260609_103407_446_servo_eleron_left.csv@940964599;103;1644;0
@20260609_103407_446_servo_eleron_left.csv@941021373;104;1655;0
@20260609_103407_446_servo_eleron_left.csv@941155736;103;1644;0
@20260609_103407_446_servo_eleron_left.csv@941184519;104;1655;0
@20260609_103407_446_servo_eleron_left.csv@941259774;103;1644;0
@20260609_103407_446_servo_eleron_left.csv@941354377;103;1644;0
@20260609_103407_446_servo_eleron_left.csv@941386332;104;1655;0
@20260609_103407_446_servo_eleron_left.csv@941495857;103;1644;0
@20260609_103407_446_servo_eleron_left.csv@941574295;104;1655;0
@20260609_103407_446_servo_eleron_left.csv@941634844;103;1644;0
@20260609_103407_446_servo_eleron_left.csv@941661248;104;1655;0
@20260609_103407_446_servo_eleron_left.csv@941794301;103;1644;0
@20260609_103407_446_servo_eleron_left.csv@941856327;104;1655;0
@20260609_103407_446_servo_eleron_left.csv@941881358;103;1644;0
@20260609_103407_446_servo_eleron_left.csv@942014248;104;1655;0
@20260609_103407_446_servo_eleron_left.csv@942041365;103;1644;0
@20260609_103407_446_servo_eleron_left.csv@942064487;104;1655;0
@20260609_103407_446_servo_eleron_left.csv@942096671;103;1644;0
@20260609_103407_446_servo_eleron_left.csv@942124554;104;1655;0
@20260609_103407_446_servo_eleron_left.csv@942206375;103;1644;0
@20260609_103407_446_servo_eleron_left.csv@942282887;104;1655;0
@20260609_103407_446_servo_eleron_left.csv@942386891;103;1644;0
@20260609_103407_446_servo_eleron_left.csv@942415061;104;1655;0
@20260609_103407_446_servo_eleron_left.csv@942584593;103;1644;0
@20260609_103407_446_servo_eleron_left.csv@942612942;104;1655;0
@20260609_103407_446_servo_eleron_left.csv@942726526;103;1644;0
@20260609_103407_446_servo_eleron_left.csv@942754268;104;1655;0
@20260609_103407_446_servo_eleron_left.csv@942836233;103;1644;0
@20260609_103407_446_servo_eleron_left.csv@942864486;104;1655;0
@20260609_103407_446_servo_eleron_left.csv@943026523;103;1644;0
@20260609_103407_446_servo_eleron_left.csv@943056122;104;1655;0
@20260609_103407_446_servo_eleron_left.csv@943264645;103;1644;0
@20260609_103407_446_servo_eleron_left.csv@943309472;104;1655;0
@20260609_103407_446_servo_eleron_left.csv@943355732;103;1644;0
@20260609_103407_446_servo_eleron_left.csv@943384603;104;1655;0
@20260609_103407_446_servo_eleron_left.csv@943434355;103;1644;0
@20260609_103407_446_servo_eleron_left.csv@943466316;104;1655;0
@20260609_103407_446_servo_eleron_left.csv@943655829;103;1644;0
@20260609_103407_446_servo_eleron_left.csv@943686132;104;1655;0
@20260609_103407_446_servo_eleron_left.csv@943741575;103;1644;0
@20260609_103407_446_servo_eleron_left.csv@943764535;104;1655;0
@20260609_103407_446_servo_eleron_left.csv@943795969;103;1644;0
@20260609_103407_446_servo_eleron_left.csv@943824537;104;1655;0
@20260609_103407_446_servo_eleron_left.csv@943851349;103;1644;0
@20260609_103407_446_servo_eleron_left.csv@943874391;104;1655;0
@20260609_103407_446_servo_eleron_left.csv@943906128;103;1644;0
@20260609_103407_446_servo_eleron_left.csv@943934423;104;1655;0
@20260609_103407_446_servo_eleron_left.csv@944015672;103;1644;0
@20260609_103407_446_servo_eleron_left.csv@944093804;104;1655;0
@20260609_103407_446_servo_eleron_left.csv@944264573;103;1644;0
@20260609_103407_446_servo_eleron_left.csv@944291236;104;1655;0
@20260609_103407_446_servo_eleron_left.csv@944435930;103;1644;0
@20260609_103407_446_servo_eleron_left.csv@944464652;104;1655;0
@20260609_103407_446_servo_eleron_left.csv@944492988;103;1644;0
@20260609_103407_446_servo_eleron_left.csv@944602982;104;1655;0
@20260609_103407_446_servo_eleron_left.csv@944623791;103;1644;0
@20260609_103407_446_servo_eleron_left.csv@944655561;104;1655;0
@20260609_103407_446_servo_eleron_left.csv@944822656;103;1644;0
@20260609_103407_446_servo_eleron_left.csv@944875704;104;1655;0
@20260609_103407_446_servo_eleron_left.csv@944904983;103;1644;0
@20260609_103407_446_servo_eleron_left.csv@944931207;104;1655;0
@20260609_103407_446_servo_eleron_left.csv@944954600;103;1644;0
@20260609_103407_446_servo_eleron_left.csv@944986262;104;1655;0
@20260609_103407_446_servo_eleron_left.csv@945014869;103;1644;0
@20260609_103407_446_servo_eleron_left.csv@945041381;104;1655;0
@20260609_103407_446_servo_eleron_left.csv@945151383;103;1644;0
@20260609_103407_446_servo_eleron_left.csv@945206153;104;1655;0
@20260609_103407_446_servo_eleron_left.csv@945236447;103;1644;0
@20260609_103407_446_servo_eleron_left.csv@945315731;104;1655;0
@20260609_103407_446_servo_eleron_left.csv@945346546;103;1644;0
@20260609_103407_446_servo_eleron_left.csv@945386137;104;1655;0
@20260609_103407_446_servo_eleron_left.csv@945415793;103;1644;0
@20260609_103407_446_servo_eleron_left.csv@945475477;104;1655;0
@20260609_103407_446_servo_eleron_left.csv@945744906;103;1644;0
@20260609_103407_446_servo_eleron_left.csv@945777771;104;1655;0
@20260609_103407_446_servo_eleron_left.csv@945835806;103;1644;0
@20260609_103407_446_servo_eleron_left.csv@945924466;104;1655;0
@20260609_103407_446_servo_eleron_left.csv@945986640;103;1644;0
@20260609_103407_446_servo_eleron_left.csv@946015775;104;1655;0
@20260609_103407_446_servo_eleron_left.csv@946224927;103;1644;0
@20260609_103407_446_servo_eleron_left.csv@946316160;104;1655;0
@20260609_103407_446_servo_eleron_left.csv@946375599;103;1644;0
@20260609_103407_446_servo_eleron_left.csv@946464888;104;1655;0
@20260609_103407_446_servo_eleron_left.csv@946631478;103;1644;0
@20260609_103407_446_servo_eleron_left.csv@946655570;104;1655;0
@20260609_103407_446_servo_eleron_left.csv@946684951;103;1644;0
@20260609_103407_446_servo_eleron_left.csv@946715603;104;1655;0
@20260609_103407_446_servo_eleron_left.csv@946794723;103;1644;0
@20260609_103407_446_servo_eleron_left.csv@946855260;104;1655;0
@20260609_103407_446_servo_eleron_left.csv@946914564;103;1644;0
@20260609_103407_446_servo_eleron_left.csv@946947715;104;1655;0
@20260609_103407_446_servo_eleron_left.csv@947157477;103;1644;0
@20260609_103407_446_servo_eleron_left.csv@947184527;104;1655;0
@20260609_103407_446_servo_eleron_left.csv@947215489;103;1644;0
@20260609_103407_446_servo_eleron_left.csv@947276764;104;1655;0
@20260609_103407_446_servo_eleron_left.csv@947366650;103;1644;0
@20260609_103407_446_servo_eleron_left.csv@947433302;104;1655;0
@20260609_103407_446_servo_eleron_left.csv@947454640;103;1644;0
@20260609_103407_446_servo_eleron_left.csv@947515738;104;1655;0
@20260609_103407_446_servo_eleron_left.csv@947544691;103;1644;0
@20260609_103407_446_servo_eleron_left.csv@947605030;104;1655;0
@20260609_103407_446_servo_eleron_left.csv@947635558;103;1644;0
@20260609_103407_446_servo_eleron_left.csv@947696461;104;1655;0
@20260609_103407_446_servo_eleron_left.csv@947786413;103;1644;0
@20260609_103407_446_servo_eleron_left.csv@947815832;104;1655;0
@20260609_103407_446_servo_eleron_left.csv@947905459;103;1644;0
@20260609_103407_446_servo_eleron_left.csv@947935655;104;1655;0
@20260609_103407_446_servo_eleron_left.csv@948084829;103;1644;0
@20260609_103407_446_servo_eleron_left.csv@948116817;104;1655;0
@20260609_103407_446_servo_eleron_left.csv@948264753;103;1644;0
@20260609_103407_446_servo_eleron_left.csv@948295664;104;1655;0
@20260609_103407_446_servo_eleron_left.csv@948325661;103;1644;0
@20260609_103407_446_servo_eleron_left.csv@948384691;104;1655;0
@20260609_103407_446_servo_eleron_left.csv@948417436;103;1644;0
@20260609_103407_446_servo_eleron_left.csv@948454606;104;1655;0
@20260609_103407_446_servo_eleron_left.csv@948481379;103;1644;0
@20260609_103407_446_servo_eleron_left.csv@948536028;104;1655;0
@20260609_103407_446_servo_eleron_left.csv@948564923;103;1644;0
@20260609_103407_446_servo_eleron_left.csv@948595602;104;1655;0
@20260609_103407_446_servo_eleron_left.csv@948626356;103;1644;0
@20260609_103407_446_servo_eleron_left.csv@948656093;104;1655;0
@20260609_103407_446_servo_eleron_left.csv@948684899;103;1644;0
@20260609_103407_446_servo_eleron_left.csv@948744888;104;1655;0
@20260609_103407_446_servo_eleron_left.csv@948794523;103;1644;0
@20260609_103407_446_servo_eleron_left.csv@948826030;104;1655;0
@20260609_103407_446_servo_eleron_left.csv@949014602;103;1644;0
@20260609_103407_446_servo_eleron_left.csv@949047890;104;1655;0
@20260609_103407_446_servo_eleron_left.csv@949074357;103;1644;0
@20260609_103407_446_servo_eleron_left.csv@949101361;104;1655;0
@20260609_103407_446_servo_eleron_left.csv@949157802;103;1644;0
@20260609_103407_446_servo_eleron_left.csv@949267892;104;1655;0
@20260609_103407_446_servo_eleron_left.csv@949471250;103;1644;0
@20260609_103407_446_servo_eleron_left.csv@949503369;104;1655;0
@20260609_103407_446_servo_eleron_left.csv@949534986;103;1644;0
@20260609_103407_446_servo_eleron_left.csv@949565019;104;1655;0
@20260609_103407_446_servo_eleron_left.csv@949591529;103;1644;0
@20260609_103407_446_servo_eleron_left.csv@949614209;104;1655;0
@20260609_103407_446_servo_eleron_left.csv@949674627;103;1644;0
@20260609_103407_446_servo_eleron_left.csv@949724553;104;1655;0
@20260609_103407_446_servo_eleron_left.csv@949784863;103;1644;0
@20260609_103407_446_servo_eleron_left.csv@949815958;104;1655;0
@20260609_103407_446_servo_eleron_left.csv@949844554;103;1644;0
@20260609_103407_446_servo_eleron_left.csv@949894600;104;1655;0
@20260609_103407_446_servo_eleron_left.csv@949954268;103;1644;0
@20260609_103407_446_servo_eleron_left.csv@949981552;104;1655;0
@20260609_103407_446_servo_eleron_left.csv@950006250;103;1644;0
@20260609_103407_446_servo_eleron_left.csv@950035897;104;1655;0
@20260609_103407_446_servo_eleron_left.csv@950064573;103;1644;0
@20260609_103407_446_servo_eleron_left.csv@950116037;104;1655;0
@20260609_103407_446_servo_eleron_left.csv@950201421;103;1644;0
@20260609_103407_446_servo_eleron_left.csv@950284702;104;1655;0
@20260609_103407_446_servo_eleron_left.csv@950501306;103;1644;0
@20260609_103407_446_servo_eleron_left.csv@950526361;104;1655;0
@20260609_103407_446_servo_eleron_left.csv@950554762;103;1644;0
@20260609_103407_446_servo_eleron_left.csv@950585882;104;1655;0
@20260609_103407_446_servo_eleron_left.csv@950753924;103;1644;0
@20260609_103407_446_servo_eleron_left.csv@950834402;103;1644;0
@20260609_103407_446_servo_eleron_left.csv@950862571;104;1655;0
@20260609_103407_446_servo_eleron_left.csv@950884259;103;1644;0
@20260609_103407_446_servo_eleron_left.csv@950915609;104;1655;0
@20260609_103407_446_servo_eleron_left.csv@951026204;103;1644;0
@20260609_103407_446_servo_eleron_left.csv@951081341;104;1655;0
@20260609_103407_446_servo_eleron_left.csv@951105304;103;1644;0
@20260609_103407_446_servo_eleron_left.csv@951135991;104;1655;0
@20260609_103407_446_servo_eleron_left.csv@951325359;103;1644;0
@20260609_103407_446_servo_eleron_left.csv@951385991;104;1655;0
@20260609_103407_446_servo_eleron_left.csv@951411348;103;1644;0
@20260609_103407_446_servo_eleron_left.csv@951466028;104;1655;0
@20260609_103407_446_servo_eleron_left.csv@951495849;103;1644;0
@20260609_103407_446_servo_eleron_left.csv@951536612;104;1655;0
@20260609_103407_446_servo_eleron_left.csv@951624838;103;1644;0
@20260609_103407_446_servo_eleron_left.csv@951651888;104;1655;0
@20260609_103407_446_servo_eleron_left.csv@951734665;103;1644;0
@20260609_103407_446_servo_eleron_left.csv@951761765;104;1655;0
@20260609_103407_446_servo_eleron_left.csv@952037444;103;1644;0
@20260609_103407_446_servo_eleron_left.csv@952091855;104;1655;0
@20260609_103407_446_servo_eleron_left.csv@952224375;103;1644;0
@20260609_103407_446_servo_eleron_left.csv@952284604;104;1655;0
@20260609_103407_446_servo_eleron_left.csv@952334411;103;1644;0
@20260609_103407_446_servo_eleron_left.csv@952367521;104;1655;0
@20260609_103407_446_servo_eleron_left.csv@952477285;103;1644;0
@20260609_103407_446_servo_eleron_left.csv@952504598;104;1655;0
@20260609_103407_446_servo_eleron_left.csv@952569555;103;1644;0
@20260609_103407_446_servo_eleron_left.csv@952594354;104;1655;0
@20260609_103407_446_servo_eleron_left.csv@952714429;103;1644;0
@20260609_103407_446_servo_eleron_left.csv@952741397;104;1655;0
@20260609_103407_446_servo_eleron_left.csv@952764912;103;1644;0
@20260609_103407_446_servo_eleron_left.csv@952797190;104;1655;0
@20260609_103407_446_servo_eleron_left.csv@952824809;103;1644;0
@20260609_103407_446_servo_eleron_left.csv@952851385;104;1655;0
@20260609_103407_446_servo_eleron_left.csv@952984868;103;1644;0
@20260609_103407_446_servo_eleron_left.csv@953017179;104;1655;0
@20260609_103407_446_servo_eleron_left.csv@953044893;103;1644;0
@20260609_103407_446_servo_eleron_left.csv@953071397;104;1655;0
@20260609_103407_446_servo_eleron_left.csv@953094634;103;1644;0
@20260609_103407_446_servo_eleron_left.csv@953181611;104;1655;0
@20260609_103407_446_servo_eleron_left.csv@953204889;103;1644;0
@20260609_103407_446_servo_eleron_left.csv@953265005;104;1655;0
@20260609_103407_446_servo_eleron_left.csv@953314698;103;1644;0
@20260609_103407_446_servo_eleron_left.csv@953347194;104;1655;0
@20260609_103407_446_servo_eleron_left.csv@953401428;103;1644;0
@20260609_103407_446_servo_eleron_left.csv@953457168;104;1655;0
@20260609_103407_446_servo_eleron_left.csv@953567436;103;1644;0
@20260609_103407_446_servo_eleron_left.csv@953634741;104;1655;0
@20260609_103407_446_servo_eleron_left.csv@953745047;103;1644;0
@20260609_103407_446_servo_eleron_left.csv@953777353;104;1655;0
@20260609_103407_446_servo_eleron_left.csv@953887812;103;1644;0
@20260609_103407_446_servo_eleron_left.csv@953914438;104;1655;0
@20260609_103407_446_servo_eleron_left.csv@954051409;103;1644;0
@20260609_103407_446_servo_eleron_left.csv@954107521;104;1655;0
@20260609_103407_446_servo_eleron_left.csv@954184854;103;1644;0
@20260609_103407_446_servo_eleron_left.csv@954244750;104;1655;0
@20260609_103407_446_servo_eleron_left.csv@954271366;103;1644;0
@20260609_103407_446_servo_eleron_left.csv@954294789;104;1655;0
@20260609_103407_446_servo_eleron_left.csv@954327546;103;1644;0
@20260609_103407_446_servo_eleron_left.csv@954354510;104;1655;0
@20260609_103407_446_servo_eleron_left.csv@954514716;103;1644;0
@20260609_103407_446_servo_eleron_left.csv@954547498;104;1655;0
@20260609_103407_446_servo_eleron_left.csv@954574463;103;1644;0
@20260609_103407_446_servo_eleron_left.csv@954664733;104;1655;0
@20260609_103407_446_servo_eleron_left.csv@954755952;103;1644;0
@20260609_103407_446_servo_eleron_left.csv@954784713;104;1655;0
@20260609_103407_446_servo_eleron_left.csv@954811362;103;1644;0
@20260609_103407_446_servo_eleron_left.csv@954867734;104;1655;0
@20260609_103407_446_servo_eleron_left.csv@954977429;103;1644;0
@20260609_103407_446_servo_eleron_left.csv@955004756;104;1655;0
@20260609_103407_446_servo_eleron_left.csv@955031381;103;1644;0
@20260609_103407_446_servo_eleron_left.csv@955054371;104;1655;0
@20260609_103407_446_servo_eleron_left.csv@955164599;103;1644;0
@20260609_103407_446_servo_eleron_left.csv@955197554;104;1655;0
@20260609_103407_446_servo_eleron_left.csv@955307753;103;1644;0
@20260609_103407_446_servo_eleron_left.csv@955334658;104;1655;0
@20260609_103407_446_servo_eleron_left.csv@955417518;103;1644;0
@20260609_103407_446_servo_eleron_left.csv@955444751;104;1655;0
@20260609_103407_446_servo_eleron_left.csv@955471342;103;1644;0
@20260609_103407_446_servo_eleron_left.csv@955527789;104;1655;0
@20260609_103407_446_servo_eleron_left.csv@955554562;103;1644;0
@20260609_103407_446_servo_eleron_left.csv@955604533;104;1655;0
@20260609_103407_446_servo_eleron_left.csv@955637465;103;1644;0
@20260609_103407_446_servo_eleron_left.csv@955703597;104;1655;0
@20260609_103407_446_servo_eleron_left.csv@955764811;103;1644;0
@20260609_103407_446_servo_eleron_left.csv@955796731;104;1655;0
@20260609_103407_446_servo_eleron_left.csv@955984639;103;1644;0
@20260609_103407_446_servo_eleron_left.csv@956104670;104;1655;0
@20260609_103407_446_servo_eleron_left.csv@956154506;103;1644;0
@20260609_103407_446_servo_eleron_left.csv@956241416;104;1655;0
@20260609_103407_446_servo_eleron_left.csv@956406461;103;1644;0
@20260609_103407_446_servo_eleron_left.csv@956434276;104;1655;0
@20260609_103407_446_servo_eleron_left.csv@956516156;103;1644;0
@20260609_103407_446_servo_eleron_left.csv@956544490;104;1655;0
@20260609_103407_446_servo_eleron_left.csv@956571267;103;1644;0
@20260609_103407_446_servo_eleron_left.csv@956594382;104;1655;0
@20260609_103407_446_servo_eleron_left.csv@956626206;103;1644;0
@20260609_103407_446_servo_eleron_left.csv@956654382;104;1655;0
@20260609_103407_446_servo_eleron_left.csv@956718638;103;1644;0
@20260609_103407_446_servo_eleron_left.csv@956843966;103;1644;0
@20260609_103407_446_servo_eleron_left.csv@956875587;104;1655;0
@20260609_103407_446_servo_eleron_left.csv@956953697;103;1644;0
@20260609_103407_446_servo_eleron_left.csv@956986012;104;1655;0
@20260609_103407_446_servo_eleron_left.csv@957014289;103;1644;0
@20260609_103407_446_servo_eleron_left.csv@957042951;104;1655;0
@20260609_103407_446_servo_eleron_left.csv@957063890;103;1644;0
@20260609_103407_446_servo_eleron_left.csv@957095575;104;1655;0
@20260609_103407_446_servo_eleron_left.csv@957174775;103;1644;0
@20260609_103407_446_servo_eleron_left.csv@957234337;104;1655;0
@20260609_103407_446_servo_eleron_left.csv@957284826;103;1644;0
@20260609_103407_446_servo_eleron_left.csv@957315809;104;1655;0
@20260609_103407_446_servo_eleron_left.csv@957346464;103;1644;0
@20260609_103407_446_servo_eleron_left.csv@957371348;104;1655;0
@20260609_103407_446_servo_eleron_left.csv@957394659;103;1644;0
@20260609_103407_446_servo_eleron_left.csv@957426005;104;1655;0
@20260609_103407_446_servo_eleron_left.csv@957481395;103;1644;0
@20260609_103407_446_servo_eleron_left.csv@957566392;104;1655;0
@20260609_103407_446_servo_eleron_left.csv@957645957;103;1644;0
@20260609_103407_446_servo_eleron_left.csv@957676210;104;1655;0
@20260609_103407_446_servo_eleron_left.csv@957756913;103;1644;0
@20260609_103407_446_servo_eleron_left.csv@957834375;103;1644;0
@20260609_103407_446_servo_eleron_left.csv@957866293;104;1655;0
@20260609_103407_446_servo_eleron_left.csv@957916166;103;1644;0
@20260609_103407_446_servo_eleron_left.csv@957944575;104;1655;0
@20260609_103407_446_servo_eleron_left.csv@957976226;103;1644;0
@20260609_103407_446_servo_eleron_left.csv@958049953;104;1655;0
@20260609_103407_446_servo_eleron_left.csv@958094894;103;1644;0
@20260609_103407_446_servo_eleron_left.csv@958155650;104;1655;0
@20260609_103407_446_servo_eleron_left.csv@958294847;103;1644;0
@20260609_103407_446_servo_eleron_left.csv@958321311;104;1655;0
@20260609_103407_446_servo_eleron_left.csv@958375953;104;1655;0
@20260609_103407_446_servo_eleron_left.csv@958435642;103;1644;0
@20260609_103407_446_servo_eleron_left.csv@958491369;104;1655;0
@20260609_103407_446_servo_eleron_left.csv@958546038;103;1644;0
@20260609_103407_446_servo_eleron_left.csv@958574863;104;1655;0
@20260609_103407_446_servo_eleron_left.csv@958685258;103;1644;0
@20260609_103407_446_servo_eleron_left.csv@958741285;104;1655;0
@20260609_103407_446_servo_eleron_left.csv@958954374;103;1644;0
@20260609_103407_446_servo_eleron_left.csv@959015020;104;1655;0
@20260609_103407_446_servo_eleron_left.csv@959095960;103;1644;0
@20260609_103407_446_servo_eleron_left.csv@959153076;104;1655;0
@20260609_103407_446_servo_eleron_left.csv@959283434;103;1644;0
@20260609_103407_446_servo_eleron_left.csv@959315695;104;1655;0
@20260609_103407_446_servo_eleron_left.csv@959374226;103;1644;0
@20260609_103407_446_servo_eleron_left.csv@959426297;103;1644;0
@20260609_103407_446_servo_eleron_left.csv@959481259;104;1655;0
@20260609_103407_446_servo_eleron_left.csv@959646335;103;1644;0
@20260609_103407_446_servo_eleron_left.csv@959676191;104;1655;0
@20260609_103407_446_servo_eleron_left.csv@959701609;103;1644;0
@20260609_103407_446_servo_eleron_left.csv@959724558;104;1655;0
@20260609_103407_446_servo_eleron_left.csv@959755839;103;1644;0
@20260609_103407_446_servo_eleron_left.csv@959786552;104;1655;0
@20260609_103407_446_servo_eleron_left.csv@959905227;103;1644;0
@20260609_103407_446_servo_eleron_left.csv@959936090;104;1655;0
@20260609_103407_446_servo_eleron_left.csv@959996246;103;1644;0
@20260609_103407_446_servo_eleron_left.csv@960024576;104;1655;0
@20260609_103407_446_servo_eleron_left.csv@960056095;103;1644;0
@20260609_103407_446_servo_eleron_left.csv@960085000;104;1655;0
@20260609_103407_446_servo_eleron_left.csv@960166288;103;1644;0
@20260609_103407_446_servo_eleron_left.csv@960223149;104;1655;0
@20260609_103407_446_servo_eleron_left.csv@960304734;103;1644;0
@20260609_103407_446_servo_eleron_left.csv@960414417;104;1655;0
@20260609_103407_446_servo_eleron_left.csv@960441344;103;1644;0
@20260609_103407_446_servo_eleron_left.csv@960464492;104;1655;0
@20260609_103407_446_servo_eleron_left.csv@960551424;103;1644;0
@20260609_103407_446_servo_eleron_left.csv@960661391;104;1655;0
@20260609_103407_446_servo_eleron_left.csv@960775864;103;1644;0
@20260609_103407_446_servo_eleron_left.csv@960836134;104;1655;0
@20260609_103407_446_servo_eleron_left.csv@960865223;103;1644;0
@20260609_103407_446_servo_eleron_left.csv@960945200;104;1655;0
@20260609_103407_446_servo_eleron_left.csv@961057599;103;1644;0
@20260609_103407_446_servo_eleron_left.csv@961085331;104;1655;0
@20260609_103407_446_servo_eleron_left.csv@961225886;103;1644;0
@20260609_103407_446_servo_eleron_left.csv@961254456;104;1655;0
@20260609_103407_446_servo_eleron_left.csv@961282445;103;1644;0
@20260609_103407_446_servo_eleron_left.csv@961304098;104;1655;0
@20260609_103407_446_servo_eleron_left.csv@961335822;103;1644;0
@20260609_103407_446_servo_eleron_left.csv@961396349;104;1655;0
@20260609_103407_446_servo_eleron_left.csv@961486543;103;1644;0
@20260609_103407_446_servo_eleron_left.csv@961576043;104;1655;0
@20260609_103407_446_servo_eleron_left.csv@961686020;103;1644;0
@20260609_103407_446_servo_eleron_left.csv@961714461;104;1655;0
@20260609_103407_446_servo_eleron_left.csv@961764901;103;1644;0
@20260609_103407_446_servo_eleron_left.csv@961797634;104;1655;0
@20260609_103407_446_servo_eleron_left.csv@961824724;103;1644;0
@20260609_103407_446_servo_eleron_left.csv@961851435;104;1655;0
@20260609_103407_446_servo_eleron_left.csv@961874260;103;1644;0
@20260609_103407_446_servo_eleron_left.csv@961907884;104;1655;0
@20260609_103407_446_servo_eleron_left.csv@962094402;103;1644;0
@20260609_103407_446_servo_eleron_left.csv@962122648;104;1655;0
@20260609_103407_446_servo_eleron_left.csv@962143408;103;1644;0
@20260609_103407_446_servo_eleron_left.csv@962175621;104;1655;0
@20260609_103407_446_servo_eleron_left.csv@962205505;103;1644;0
@20260609_103407_446_servo_eleron_left.csv@962254502;104;1655;0
@20260609_103407_446_servo_eleron_left.csv@962364571;103;1644;0
@20260609_103407_446_servo_eleron_left.csv@962456312;104;1655;0
@20260609_103407_446_servo_eleron_left.csv@962566268;103;1644;0
@20260609_103407_446_servo_eleron_left.csv@962594409;104;1655;0
@20260609_103407_446_servo_eleron_left.csv@962676015;103;1644;0
@20260609_103407_446_servo_eleron_left.csv@962704544;104;1655;0
@20260609_103407_446_servo_eleron_left.csv@962814951;103;1644;0
@20260609_103407_446_servo_eleron_left.csv@962846144;104;1655;0
@20260609_103407_446_servo_eleron_left.csv@962906392;103;1644;0
@20260609_103407_446_servo_eleron_left.csv@962968438;104;1655;0
@20260609_103407_446_servo_eleron_left.csv@963091393;103;1644;0
@20260609_103407_446_servo_eleron_left.csv@963115600;104;1655;0
@20260609_103407_446_servo_eleron_left.csv@963204713;103;1644;0
@20260609_103407_446_servo_eleron_left.csv@963264731;104;1655;0
@20260609_103407_446_servo_eleron_left.csv@963294700;103;1644;0
@20260609_103407_446_servo_eleron_left.csv@963345958;103;1644;0
@20260609_103407_446_servo_eleron_left.csv@963423480;104;1655;0
@20260609_103407_446_servo_eleron_left.csv@963644589;103;1644;0
@20260609_103407_446_servo_eleron_left.csv@963676143;104;1655;0
@20260609_103407_446_servo_eleron_left.csv@963864504;103;1644;0
@20260609_103407_446_servo_eleron_left.csv@963951690;104;1655;0
@20260609_103407_446_servo_eleron_left.csv@963974394;103;1644;0
@20260609_103407_446_servo_eleron_left.csv@964214339;104;1655;0
@20260609_103407_446_servo_eleron_left.csv@964334976;103;1644;0
@20260609_103407_446_servo_eleron_left.csv@964362243;104;1655;0
@20260609_103407_446_servo_eleron_left.csv@964384772;103;1644;0
@20260609_103407_446_servo_eleron_left.csv@964526196;104;1655;0
@20260609_103407_446_servo_eleron_left.csv@964664936;103;1644;0
@20260609_103407_446_servo_eleron_left.csv@964714591;104;1655;0
@20260609_103407_446_servo_eleron_left.csv@964746523;103;1644;0
@20260609_103407_446_servo_eleron_left.csv@964824713;104;1655;0
@20260609_103407_446_servo_eleron_left.csv@964886586;103;1644;0
@20260609_103407_446_servo_eleron_left.csv@964934500;104;1655;0
@20260609_103407_446_servo_eleron_left.csv@964996420;103;1644;0
@20260609_103407_446_servo_eleron_left.csv@965025855;104;1655;0
@20260609_103407_446_servo_eleron_left.csv@965086144;103;1644;0
@20260609_103407_446_servo_eleron_left.csv@965111260;104;1655;0
@20260609_103407_446_servo_eleron_left.csv@965196567;103;1644;0
@20260609_103407_446_servo_eleron_left.csv@965246191;104;1655;0
@20260609_103407_446_servo_eleron_left.csv@965274436;103;1644;0
@20260609_103407_446_servo_eleron_left.csv@965324930;104;1655;0
@20260609_103407_446_servo_eleron_left.csv@965355920;103;1644;0
@20260609_103407_446_servo_eleron_left.csv@965411627;104;1655;0
@20260609_103407_446_servo_eleron_left.csv@965494426;103;1644;0
@20260609_103407_446_servo_eleron_left.csv@965522906;104;1655;0
@20260609_103407_446_servo_eleron_left.csv@965575695;103;1644;0
@20260609_103407_446_servo_eleron_left.csv@965634107;104;1655;0
@20260609_103407_446_servo_eleron_left.csv@965685877;103;1644;0
@20260609_103407_446_servo_eleron_left.csv@965714400;104;1655;0
@20260609_103407_446_servo_eleron_left.csv@965874732;103;1644;0
@20260609_103407_446_servo_eleron_left.csv@965906050;104;1655;0
@20260609_103407_446_servo_eleron_left.csv@965985077;103;1644;0
@20260609_103407_446_servo_eleron_left.csv@966046107;104;1655;0
@20260609_103407_446_servo_eleron_left.csv@966094651;103;1644;0
@20260609_103407_446_servo_eleron_left.csv@966155798;104;1655;0
@20260609_103407_446_servo_eleron_left.csv@966254551;103;1644;0
@20260609_103407_446_servo_eleron_left.csv@966274993;104;1655;0
@20260609_103407_446_servo_eleron_left.csv@966334365;103;1644;0
@20260609_103407_446_servo_eleron_left.csv@966368006;104;1655;0
@20260609_103407_446_servo_eleron_left.csv@966454750;103;1644;0
@20260609_103407_446_servo_eleron_left.csv@966482233;104;1655;0
@20260609_103407_446_servo_eleron_left.csv@966504484;103;1644;0
@20260609_103407_446_servo_eleron_left.csv@966536096;104;1655;0
@20260609_103407_446_servo_eleron_left.csv@966564564;103;1644;0
@20260609_103407_446_servo_eleron_left.csv@966593060;104;1655;0
@20260609_103407_446_servo_eleron_left.csv@966724589;103;1644;0
@20260609_103407_446_servo_eleron_left.csv@966811374;104;1655;0
@20260609_103407_446_servo_eleron_left.csv@966976008;103;1644;0
@20260609_103407_446_servo_eleron_left.csv@967031377;104;1655;0
@20260609_103407_446_servo_eleron_left.csv@967054231;103;1644;0
@20260609_103407_446_servo_eleron_left.csv@967086471;104;1655;0
@20260609_103407_446_servo_eleron_left.csv@967328809;103;1644;0
@20260609_103407_446_servo_eleron_left.csv@967375870;103;1644;0
@20260609_103407_446_servo_eleron_left.csv@967404707;104;1655;0
@20260609_103407_446_servo_eleron_left.csv@967464542;103;1644;0
@20260609_103407_446_servo_eleron_left.csv@967495829;104;1655;0
@20260609_103407_446_servo_eleron_left.csv@967556865;103;1644;0
@20260609_103407_446_servo_eleron_left.csv@967615922;104;1655;0
@20260609_103407_446_servo_eleron_left.csv@967646476;103;1644;0
@20260609_103407_446_servo_eleron_left.csv@967704562;104;1655;0
@20260609_103407_446_servo_eleron_left.csv@967824625;103;1644;0
@20260609_103407_446_servo_eleron_left.csv@967916196;104;1655;0
@20260609_103407_446_servo_eleron_left.csv@967945427;103;1644;0
@20260609_103407_446_servo_eleron_left.csv@967976525;104;1655;0
@20260609_103407_446_servo_eleron_left.csv@968036089;103;1644;0
@20260609_103407_446_servo_eleron_left.csv@968066408;104;1655;0
@20260609_103407_446_servo_eleron_left.csv@968124598;103;1644;0
@20260609_103407_446_servo_eleron_left.csv@968185258;104;1655;0
@20260609_103407_446_servo_eleron_left.csv@968244611;103;1644;0
@20260609_103407_446_servo_eleron_left.csv@968277965;104;1655;0
@20260609_103407_446_servo_eleron_left.csv@968413367;103;1644;0
@20260609_103407_446_servo_eleron_left.csv@968445819;104;1655;0
@20260609_103407_446_servo_eleron_left.csv@968508511;103;1644;0
@20260609_103407_446_servo_eleron_left.csv@968534375;104;1655;0
@20260609_103407_446_servo_eleron_left.csv@968566204;103;1644;0
@20260609_103407_446_servo_eleron_left.csv@968624347;104;1655;0
@20260609_103407_446_servo_eleron_left.csv@968704865;104;1655;0
@20260609_103407_446_servo_eleron_left.csv@968733929;103;1644;0
@20260609_103407_446_servo_eleron_left.csv@968895810;103;1644;0
@20260609_103407_446_servo_eleron_left.csv@968924933;104;1655;0
@20260609_103407_446_servo_eleron_left.csv@969061511;103;1644;0
@20260609_103407_446_servo_eleron_left.csv@969084603;104;1655;0
@20260609_103407_446_servo_eleron_left.csv@969256273;103;1644;0
@20260609_103407_446_servo_eleron_left.csv@969281629;104;1655;0
@20260609_103407_446_servo_eleron_left.csv@969366472;103;1644;0
@20260609_103407_446_servo_eleron_left.csv@969595063;104;1655;0
@20260609_103407_446_servo_eleron_left.csv@969626135;103;1644;0
@20260609_103407_446_servo_eleron_left.csv@969654321;104;1655;0
@20260609_103407_446_servo_eleron_left.csv@969764720;103;1644;0
@20260609_103407_446_servo_eleron_left.csv@969813892;104;1655;0
@20260609_103407_446_servo_eleron_left.csv@969902492;103;1644;0
@20260609_103407_446_servo_eleron_left.csv@969955646;104;1655;0
@20260609_103407_446_servo_eleron_left.csv@970106536;103;1644;0
@20260609_103407_446_servo_eleron_left.csv@970136682;104;1655;0
@20260609_103407_446_servo_eleron_left.csv@970195847;103;1644;0
@20260609_103407_446_servo_eleron_left.csv@970251479;104;1655;0
@20260609_103407_446_servo_eleron_left.csv@970334462;103;1644;0
@20260609_103407_446_servo_eleron_left.csv@970361713;104;1655;0
@20260609_103407_446_servo_eleron_left.csv@970417243;103;1644;0
@20260609_103407_446_servo_eleron_left.csv@970444712;104;1655;0
@20260609_103407_446_servo_eleron_left.csv@970544925;103;1644;0
@20260609_103407_446_servo_eleron_left.csv@970576016;104;1655;0
@20260609_103407_446_servo_eleron_left.csv@970654454;103;1644;0
@20260609_103407_446_servo_eleron_left.csv@970714354;104;1655;0
@20260609_103407_446_servo_eleron_left.csv@970905769;103;1644;0
@20260609_103407_446_servo_eleron_left.csv@970961670;104;1655;0
@20260609_103407_446_servo_eleron_left.csv@970984523;103;1644;0
@20260609_103407_446_servo_eleron_left.csv@971015845;104;1655;0
@20260609_103407_446_servo_eleron_left.csv@971044607;103;1644;0
@20260609_103407_446_servo_eleron_left.csv@971071892;104;1655;0
@20260609_103407_446_servo_eleron_left.csv@971094215;103;1644;0
@20260609_103407_446_servo_eleron_left.csv@971155924;104;1655;0
@20260609_103407_446_servo_eleron_left.csv@971235756;103;1644;0
@20260609_103407_446_servo_eleron_left.csv@971291872;104;1655;0
@20260609_103407_446_servo_eleron_left.csv@971314206;103;1644;0
@20260609_103407_446_servo_eleron_left.csv@971346241;104;1655;0
@20260609_103407_446_servo_eleron_left.csv@971375699;103;1644;0
@20260609_103407_446_servo_eleron_left.csv@971401789;104;1655;0
@20260609_103407_446_servo_eleron_left.csv@971455719;103;1644;0
@20260609_103407_446_servo_eleron_left.csv@971486052;104;1655;0
@20260609_103407_446_servo_eleron_left.csv@971613854;103;1644;0
@20260609_103407_446_servo_eleron_left.csv@971646277;104;1655;0
@20260609_103407_446_servo_eleron_left.csv@971674389;103;1644;0
@20260609_103407_446_servo_eleron_left.csv@971708009;104;1655;0
@20260609_103407_446_servo_eleron_left.csv@971766354;103;1644;0
@20260609_103407_446_servo_eleron_left.csv@971794551;104;1655;0
@20260609_103407_446_servo_eleron_left.csv@971844519;103;1644;0
@20260609_103407_446_servo_eleron_left.csv@971876085;104;1655;0
@20260609_103407_446_servo_eleron_left.csv@971932804;103;1644;0
@20260609_103407_446_servo_eleron_left.csv@971986420;104;1655;0
@20260609_103407_446_servo_eleron_left.csv@972041272;103;1644;0
@20260609_103407_446_servo_eleron_left.csv@972064592;104;1655;0
@20260609_103407_446_servo_eleron_left.csv@972206610;103;1644;0
@20260609_103407_446_servo_eleron_left.csv@972316107;104;1655;0
@20260609_103407_446_servo_eleron_left.csv@972346490;103;1644;0
@20260609_103407_446_servo_eleron_left.csv@972371371;104;1655;0
@20260609_103407_446_servo_eleron_left.csv@972481379;103;1644;0
@20260609_103407_446_servo_eleron_left.csv@972566478;104;1655;0
@20260609_103407_446_servo_eleron_left.csv@972659373;103;1644;0
@20260609_103407_446_servo_eleron_left.csv@972734366;104;1655;0
@20260609_103407_446_servo_eleron_left.csv@972893326;103;1644;0
@20260609_103407_446_servo_eleron_left.csv@972925821;104;1655;0
@20260609_103407_446_servo_eleron_left.csv@972954362;103;1644;0
@20260609_103407_446_servo_eleron_left.csv@973003471;104;1655;0
@20260609_103407_446_servo_eleron_left.csv@973035706;103;1644;0
@20260609_103407_446_servo_eleron_left.csv@973065150;104;1655;0
@20260609_103407_446_servo_eleron_left.csv@973275141;103;1644;0
@20260609_103407_446_servo_eleron_left.csv@973301353;104;1655;0
@20260609_103407_446_servo_eleron_left.csv@973411311;103;1644;0
@20260609_103407_446_servo_eleron_left.csv@973465911;104;1655;0
@20260609_103407_446_servo_eleron_left.csv@973494918;103;1644;0
@20260609_103407_446_servo_eleron_left.csv@973521364;104;1655;0
@20260609_103407_446_servo_eleron_left.csv@973545716;103;1644;0
@20260609_103407_446_servo_eleron_left.csv@973605174;104;1655;0
@20260609_103407_446_servo_eleron_left.csv@973826065;103;1644;0
@20260609_103407_446_servo_eleron_left.csv@973854431;104;1655;0
@20260609_103407_446_servo_eleron_left.csv@973914537;103;1644;0
@20260609_103407_446_servo_eleron_left.csv@973946106;104;1655;0
@20260609_103407_446_servo_eleron_left.csv@974023433;103;1644;0
@20260609_103407_446_servo_eleron_left.csv@974055708;104;1655;0
@20260609_103407_446_servo_eleron_left.csv@974133267;103;1644;0
@20260609_103407_446_servo_eleron_left.csv@974194520;104;1655;0
@20260609_103407_446_servo_eleron_left.csv@974275812;103;1644;0
@20260609_103407_446_servo_eleron_left.csv@974304669;104;1655;0
@20260609_103407_446_servo_eleron_left.csv@974354340;103;1644;0
@20260609_103407_446_servo_eleron_left.csv@974416210;104;1655;0
@20260609_103407_446_servo_eleron_left.csv@974464638;103;1644;0
@20260609_103407_446_servo_eleron_left.csv@974526455;104;1655;0
@20260609_103407_446_servo_eleron_left.csv@974636281;103;1644;0
@20260609_103407_446_servo_eleron_left.csv@974684563;104;1655;0
@20260609_103407_446_servo_eleron_left.csv@974715881;103;1644;0
@20260609_103407_446_servo_eleron_left.csv@974746543;104;1655;0
@20260609_103407_446_servo_eleron_left.csv@974913675;103;1644;0
@20260609_103407_446_servo_eleron_left.csv@975106119;103;1644;0
@20260609_103407_446_servo_eleron_left.csv@975185972;104;1655;0
@20260609_103407_446_servo_eleron_left.csv@975264573;103;1644;0
@20260609_103407_446_servo_eleron_left.csv@975325769;104;1655;0
@20260609_103407_446_servo_eleron_left.csv@975405883;103;1644;0
@20260609_103407_446_servo_eleron_left.csv@975466192;104;1655;0
@20260609_103407_446_servo_eleron_left.csv@975551378;103;1644;0
@20260609_103407_446_servo_eleron_left.csv@975575964;104;1655;0
@20260609_103407_446_servo_eleron_left.csv@975661306;103;1644;0
@20260609_103407_446_servo_eleron_left.csv@975714714;104;1655;0
@20260609_103407_446_servo_eleron_left.csv@975834718;76;1344;0
@20260609_103407_446_servo_eleron_left.csv@975869071;82;1411;0
@20260609_103407_446_servo_eleron_left.csv@976017800;135;2000;0
@20260609_103407_446_servo_eleron_left.csv@976086862;56;1122;0
@20260609_103407_446_servo_eleron_left.csv@976114729;78;1366;0
@20260609_103407_446_servo_eleron_left.csv@976142964;74;1322;0
@20260609_103407_446_servo_eleron_left.csv@976164992;79;1377;0
@20260609_103407_446_servo_eleron_left.csv@976195983;76;1344;0
@20260609_103407_446_servo_eleron_left.csv@976226120;80;1388;0
@20260609_103407_446_servo_eleron_left.csv@976306808;81;1400;0
@20260609_103407_446_servo_eleron_left.csv@976336006;83;1422;0
@20260609_103407_446_servo_eleron_left.csv@976385066;84;1433;0
@20260609_103407_446_servo_eleron_left.csv@976446349;85;1444;0
@20260609_103407_446_servo_eleron_left.csv@976476854;86;1455;0
@20260609_103407_446_servo_eleron_left.csv@976536263;87;1466;0
@20260609_103407_446_servo_eleron_left.csv@976561768;86;1455;0
@20260609_103407_446_servo_eleron_left.csv@976586541;88;1477;0
@20260609_103407_446_servo_eleron_left.csv@976614712;87;1466;0
@20260609_103407_446_servo_eleron_left.csv@976646621;88;1477;0
@20260609_103407_446_servo_eleron_left.csv@976671619;87;1466;0
@20260609_103407_446_servo_eleron_left.csv@976696217;88;1477;0
@20260609_103407_446_servo_eleron_left.csv@976806551;87;1466;0
@20260609_103407_446_servo_eleron_left.csv@976834862;89;1488;0
@20260609_103407_446_servo_eleron_left.csv@976891634;88;1477;0
@20260609_103407_446_servo_eleron_left.csv@976916281;89;1488;0
@20260609_103407_446_servo_eleron_left.csv@977005130;88;1477;0
@20260609_103407_446_servo_eleron_left.csv@977155572;90;1500;0
@20260609_103407_446_servo_eleron_left.csv@977284158;90;1500;0
@20260609_103407_446_servo_eleron_left.csv@977346377;88;1477;0
@20260609_103407_446_servo_eleron_left.csv@977376637;90;1500;0
@20260609_103407_446_servo_eleron_left.csv@977461745;89;1488;0
@20260609_103407_446_servo_eleron_left.csv@977486831;90;1500;0
@20260609_103407_446_servo_eleron_left.csv@977571931;89;1488;0
@20260609_103407_446_servo_eleron_left.csv@977596731;90;1500;0
@20260609_103407_446_servo_eleron_left.csv@977625086;89;1488;0
@20260609_103407_446_servo_eleron_left.csv@977657019;90;1500;0
@20260609_103407_446_servo_eleron_left.csv@977773062;89;1488;0
@20260609_103407_446_servo_eleron_left.csv@977794659;90;1500;0
@20260609_103407_446_servo_eleron_left.csv@977854761;89;1488;0
@20260609_103407_446_servo_eleron_left.csv@977884194;90;1500;0
@20260609_103407_446_servo_eleron_left.csv@977904205;89;1488;0
@20260609_103407_446_servo_eleron_left.csv@977936710;90;1500;0
@20260609_103407_446_servo_eleron_left.csv@977965221;89;1488;0
@20260609_103407_446_servo_eleron_left.csv@977993631;90;1500;0
@20260609_103407_446_servo_eleron_left.csv@978046488;89;1488;0
@20260609_103407_446_servo_eleron_left.csv@978074610;90;1500;0
@20260609_103407_446_servo_eleron_left.csv@978101671;89;1488;0
@20260609_103407_446_servo_eleron_left.csv@978295060;90;1500;0
@20260609_103407_446_servo_eleron_left.csv@978373570;89;1488;0
@20260609_103407_446_servo_eleron_left.csv@978395253;90;1500;0
@20260609_103407_446_servo_eleron_left.csv@978426918;89;1488;0
@20260609_103407_446_servo_eleron_left.csv@978564986;90;1500;0
@20260609_103407_446_servo_eleron_left.csv@978614147;89;1488;0
@20260609_103407_446_servo_eleron_left.csv@978674919;90;1500;0
@20260609_103407_446_servo_eleron_left.csv@978725310;89;1488;0
@20260609_103407_446_servo_eleron_left.csv@978756587;90;1500;0
@20260609_103407_446_servo_eleron_left.csv@978785320;89;1488;0
@20260609_103407_446_servo_eleron_left.csv@978835201;90;1500;0
@20260609_103407_446_servo_eleron_left.csv@978922126;89;1488;0
@20260609_103407_446_servo_eleron_left.csv@978976223;90;1500;0
@20260609_103407_446_servo_eleron_left.csv@979032086;89;1488;0
@20260609_103407_446_servo_eleron_left.csv@979055309;90;1500;0
@20260609_103407_446_servo_eleron_left.csv@979086895;89;1488;0
@20260609_103407_446_servo_eleron_left.csv@979117237;90;1500;0
@20260609_103407_446_servo_eleron_left.csv@979165429;89;1488;0
@20260609_103407_446_servo_eleron_left.csv@979196647;90;1500;0
@20260609_103407_446_servo_eleron_left.csv@979227534;89;1488;0
@20260609_103407_446_servo_eleron_left.csv@979415139;90;1500;0
@20260609_103407_446_servo_eleron_left.csv@979503387;89;1488;0
@20260609_103407_446_servo_eleron_left.csv@979524071;90;1500;0
@20260609_103407_446_servo_eleron_left.csv@979556141;89;1488;0
@20260609_103407_446_servo_eleron_left.csv@979586368;90;1500;0
@20260609_103407_446_servo_eleron_left.csv@979645096;89;1488;0
@20260609_103407_446_servo_eleron_left.csv@979676234;90;1500;0
@20260609_103407_446_servo_eleron_left.csv@979701739;89;1488;0
@20260609_103407_446_servo_eleron_left.csv@979726643;90;1500;0
@20260609_103407_446_servo_eleron_left.csv@979755007;89;1488;0
@20260609_103407_446_servo_eleron_left.csv@979811646;90;1500;0
@20260609_103407_446_servo_eleron_left.csv@979896561;89;1488;0
@20260609_103407_446_servo_eleron_left.csv@979956853;90;1500;0
@20260609_103407_446_servo_eleron_left.csv@980018912;89;1488;0
@20260609_103407_446_servo_eleron_left.csv@980045410;90;1500;0
@20260609_103407_446_servo_eleron_left.csv@980105247;89;1488;0
@20260609_103407_446_servo_eleron_left.csv@980134436;90;1500;0
@20260609_103407_446_servo_eleron_left.csv@980186771;90;1500;0
@20260609_103407_446_servo_eleron_left.csv@980263911;89;1488;0
@20260609_103407_446_servo_eleron_left.csv@980314703;90;1500;0
@20260609_103407_446_servo_eleron_left.csv@980535337;89;1488;0
@20260609_103407_446_servo_eleron_left.csv@980566939;90;1500;0
@20260609_103407_446_servo_eleron_left.csv@980595168;89;1488;0
@20260609_103407_446_servo_eleron_left.csv@980622977;90;1500;0
@20260609_103407_446_servo_eleron_left.csv@980645004;89;1488;0
@20260609_103407_446_servo_eleron_left.csv@980671708;90;1500;0
@20260609_103407_446_servo_eleron_left.csv@980853659;89;1488;0
@20260609_103407_446_servo_eleron_left.csv@980886679;90;1500;0
@20260609_103407_446_servo_eleron_left.csv@980964267;89;1488;0
@20260609_103407_446_servo_eleron_left.csv@981024952;90;1500;0
@20260609_103407_446_servo_eleron_left.csv@981074412;88;1477;0
@20260609_103407_446_servo_eleron_left.csv@981101831;90;1500;0
@20260609_103407_446_servo_eleron_left.csv@981125136;89;1488;0
@20260609_103407_446_servo_eleron_left.csv@981155820;90;1500;0
@20260609_103407_446_servo_eleron_left.csv@981285329;89;1488;0
@20260609_103407_446_servo_eleron_left.csv@981316798;90;1500;0
@20260609_103407_446_servo_eleron_left.csv@981426507;89;1488;0
@20260609_103407_446_servo_eleron_left.csv@981482390;90;1500;0
@20260609_103407_446_servo_eleron_left.csv@981625691;89;1488;0
@20260609_103407_446_servo_eleron_left.csv@981661895;90;1500;0
@20260609_103407_446_servo_eleron_left.csv@981685643;89;1488;0
@20260609_103407_446_servo_eleron_left.csv@981713962;90;1500;0
@20260609_103407_446_servo_eleron_left.csv@981873728;89;1488;0
@20260609_103407_446_servo_eleron_left.csv@981901812;90;1500;0
@20260609_103407_446_servo_eleron_left.csv@981924601;88;1477;0
@20260609_103407_446_servo_eleron_left.csv@981952472;90;1500;0
@20260609_103407_446_servo_eleron_left.csv@982035493;89;1488;0
@20260609_103407_446_servo_eleron_left.csv@982065511;90;1500;0
@20260609_103407_446_servo_eleron_left.csv@982145310;89;1488;0
@20260609_103407_446_servo_eleron_left.csv@982175255;90;1500;0
@20260609_103407_446_servo_eleron_left.csv@982226769;89;1488;0
@20260609_103407_446_servo_eleron_left.csv@982255245;90;1500;0
@20260609_103407_446_servo_eleron_left.csv@982337745;89;1488;0
@20260609_103407_446_servo_eleron_left.csv@982365047;90;1500;0
@20260609_103407_446_servo_eleron_left.csv@982392317;89;1488;0
@20260609_103407_446_servo_eleron_left.csv@982477018;90;1500;0
@20260609_103407_446_servo_eleron_left.csv@982502082;89;1488;0
@20260609_103407_446_servo_eleron_left.csv@982525615;90;1500;0
@20260609_103407_446_servo_eleron_left.csv@982556931;89;1488;0
@20260609_103407_446_servo_eleron_left.csv@982586952;90;1500;0
@20260609_103407_446_servo_eleron_left.csv@982775137;89;1488;0
@20260609_103407_446_servo_eleron_left.csv@982835081;90;1500;0
@20260609_103407_446_servo_eleron_left.csv@982885003;89;1488;0
@20260609_103407_446_servo_eleron_left.csv@982946477;90;1500;0
@20260609_103407_446_servo_eleron_left.csv@982993702;89;1488;0
@20260609_103407_446_servo_eleron_left.csv@983105413;90;1500;0
@20260609_103407_446_servo_eleron_left.csv@983136664;89;1488;0
@20260609_103407_446_servo_eleron_left.csv@983165831;90;1500;0
@20260609_103407_446_servo_eleron_left.csv@983192503;89;1488;0
@20260609_103407_446_servo_eleron_left.csv@983247113;90;1500;0
@20260609_103407_446_servo_eleron_left.csv@983367550;89;1488;0
@20260609_103407_446_servo_eleron_left.csv@983391971;88;1477;0
@20260609_103407_446_servo_eleron_left.csv@983416539;90;1500;0
@20260609_103407_446_servo_eleron_left.csv@983554578;88;1477;0
@20260609_103407_446_servo_eleron_left.csv@983587124;89;1488;0
@20260609_103407_446_servo_eleron_left.csv@983614741;90;1500;0
@20260609_103407_446_servo_eleron_left.csv@983647351;89;1488;0
@20260609_103407_446_servo_eleron_left.csv@983675153;90;1500;0
@20260609_103407_446_servo_eleron_left.csv@983709145;89;1488;0
@20260609_103407_446_servo_eleron_left.csv@983894911;90;1500;0
@20260609_103407_446_servo_eleron_left.csv@983927132;89;1488;0
@20260609_103407_446_servo_eleron_left.csv@984036584;90;1500;0
@20260609_103407_446_servo_eleron_left.csv@984065936;89;1488;0
@20260609_103407_446_servo_eleron_left.csv@984095524;88;1477;0
@20260609_103407_446_servo_eleron_left.csv@984205405;89;1488;0
@20260609_103407_446_servo_eleron_left.csv@984312275;90;1500;0
@20260609_103407_446_servo_eleron_left.csv@984367008;89;1488;0
@20260609_103407_446_servo_eleron_left.csv@984422353;90;1500;0
@20260609_103407_446_servo_eleron_left.csv@984507302;89;1488;0
@20260609_103407_446_servo_eleron_left.csv@984533923;90;1500;0
@20260609_103407_446_servo_eleron_left.csv@984616530;89;1488;0
@20260609_103407_446_servo_eleron_left.csv@984696739;90;1500;0
@20260609_103407_446_servo_eleron_left.csv@984727269;89;1488;0
@20260609_103407_446_servo_eleron_left.csv@984774949;90;1500;0
@20260609_103407_446_servo_eleron_left.csv@985011772;88;1477;0
@20260609_103407_446_servo_eleron_left.csv@985205849;88;1477;0
@20260609_103407_446_servo_eleron_left.csv@985233608;89;1488;0
@20260609_103407_446_servo_eleron_left.csv@985315561;90;1500;0
@20260609_103407_446_servo_eleron_left.csv@985363533;88;1477;0
@20260609_103407_446_servo_eleron_left.csv@985396958;90;1500;0
@20260609_103407_446_servo_eleron_right.csv@uptime;angle;pulse_us;done
@20260609_103407_446_servo_eleron_right.csv@926815110;90;1500;0
@20260609_103407_446_servo_eleron_right.csv@937154582;76;1344;0
@20260609_103407_446_servo_eleron_right.csv@938301506;79;1377;0
@20260609_103407_446_servo_eleron_right.csv@938324565;78;1366;0
@20260609_103407_446_servo_eleron_right.csv@938374727;77;1355;0
@20260609_103407_446_servo_eleron_right.csv@938406057;78;1366;0
@20260609_103407_446_servo_eleron_right.csv@938434406;77;1355;0
@20260609_103407_446_servo_eleron_right.csv@938484762;78;1366;0
@20260609_103407_446_servo_eleron_right.csv@938522113;78;1366;0
@20260609_103407_446_servo_eleron_right.csv@938571288;77;1355;0
@20260609_103407_446_servo_eleron_right.csv@938594930;80;1388;0
@20260609_103407_446_servo_eleron_right.csv@938627451;81;1400;0
@20260609_103407_446_servo_eleron_right.csv@938654672;82;1411;0
@20260609_103407_446_servo_eleron_right.csv@938681239;83;1422;0
@20260609_103407_446_servo_eleron_right.csv@938737237;82;1411;0
@20260609_103407_446_servo_eleron_right.csv@938764902;80;1388;0
@20260609_103407_446_servo_eleron_right.csv@938791262;81;1400;0
@20260609_103407_446_servo_eleron_right.csv@938861258;84;1433;0
@20260609_103407_446_servo_eleron_right.csv@938901351;82;1411;0
@20260609_103407_446_servo_eleron_right.csv@938925112;85;1444;0
@20260609_103407_446_servo_eleron_right.csv@938957196;86;1455;0
@20260609_103407_446_servo_eleron_right.csv@938984815;85;1444;0
@20260609_103407_446_servo_eleron_right.csv@939034872;82;1411;0
@20260609_103407_446_servo_eleron_right.csv@939067354;81;1400;0
@20260609_103407_446_servo_eleron_right.csv@939094318;83;1422;0
@20260609_103407_446_servo_eleron_right.csv@939121342;81;1400;0
@20260609_103407_446_servo_eleron_right.csv@939145015;86;1455;0
@20260609_103407_446_servo_eleron_right.csv@939174417;84;1433;0
@20260609_103407_446_servo_eleron_right.csv@939287473;85;1444;0
@20260609_103407_446_servo_eleron_right.csv@939315270;86;1455;0
@20260609_103407_446_servo_eleron_right.csv@939341305;85;1444;0
@20260609_103407_446_servo_eleron_right.csv@939364724;85;1444;0
@20260609_103407_446_servo_eleron_right.csv@939397476;86;1455;0
@20260609_103407_446_servo_eleron_right.csv@939425071;88;1477;0
@20260609_103407_446_servo_eleron_right.csv@939507351;87;1466;0
@20260609_103407_446_servo_eleron_right.csv@939534903;88;1477;0
@20260609_103407_446_servo_eleron_right.csv@939561294;87;1466;0
@20260609_103407_446_servo_eleron_right.csv@939584859;89;1488;0
@20260609_103407_446_servo_eleron_right.csv@939645534;86;1455;0
@20260609_103407_446_servo_eleron_right.csv@939671295;85;1444;0
@20260609_103407_446_servo_eleron_right.csv@939694546;84;1433;0
@20260609_103407_446_servo_eleron_right.csv@939727411;83;1422;0
@20260609_103407_446_servo_eleron_right.csv@939754877;82;1411;0
@20260609_103407_446_servo_eleron_right.csv@939781274;78;1366;0
@20260609_103407_446_servo_eleron_right.csv@939811539;76;1344;0
@20260609_103407_446_servo_eleron_right.csv@975834371;104;1655;0
@20260609_103407_446_servo_eleron_right.csv@975868672;98;1588;0
@20260609_103407_446_servo_eleron_right.csv@976017476;45;1000;0
@20260609_103407_446_servo_eleron_right.csv@976086476;124;1877;0
@20260609_103407_446_servo_eleron_right.csv@976114378;100;1611;0
@20260609_103407_446_servo_eleron_right.csv@976142557;106;1677;0
@20260609_103407_446_servo_eleron_right.csv@976164633;101;1622;0
@20260609_103407_446_servo_eleron_right.csv@976195639;102;1633;0
@20260609_103407_446_servo_eleron_right.csv@976225734;98;1588;0
@20260609_103407_446_servo_eleron_right.csv@976251670;100;1611;0
@20260609_103407_446_servo_eleron_right.csv@976274658;98;1588;0
@20260609_103407_446_servo_eleron_right.csv@976306487;97;1577;0
@20260609_103407_446_servo_eleron_right.csv@976384714;96;1566;0
@20260609_103407_446_servo_eleron_right.csv@976415936;94;1544;0
@20260609_103407_446_servo_eleron_right.csv@976446023;93;1533;0
@20260609_103407_446_servo_eleron_right.csv@976476493;94;1544;0
@20260609_103407_446_servo_eleron_right.csv@976535903;93;1533;0
@20260609_103407_446_servo_eleron_right.csv@976561407;94;1544;0
@20260609_103407_446_servo_eleron_right.csv@976586194;92;1522;0
@20260609_103407_446_servo_eleron_right.csv@976614350;93;1533;0
@20260609_103407_446_servo_eleron_right.csv@976646264;92;1522;0
@20260609_103407_446_servo_eleron_right.csv@976671245;91;1511;0
@20260609_103407_446_servo_eleron_right.csv@976695863;92;1522;0
@20260609_103407_446_servo_eleron_right.csv@976781276;90;1500;0
@20260609_103407_446_servo_eleron_right.csv@976806193;91;1511;0
@20260609_103407_446_servo_eleron_right.csv@976891263;90;1500;0
@20260609_103407_446_servo_eleron_right.csv@976915938;91;1511;0
@20260609_103407_446_servo_eleron_right.csv@977004779;90;1500;0
@20260609_103407_446_servo_eleron_right.csv@977174799;91;1511;0
@20260609_103407_446_servo_eleron_right.csv@977206553;89;1488;0
@20260609_103407_446_servo_eleron_right.csv@977262955;91;1511;0
@20260609_103407_446_servo_eleron_right.csv@977283823;90;1500;0
@20260609_103407_446_servo_eleron_right.csv@977461380;91;1511;0
@20260609_103407_446_servo_eleron_right.csv@977486510;90;1500;0
@20260609_103407_446_servo_eleron_right.csv@977571604;89;1488;0
@20260609_103407_446_servo_eleron_right.csv@977596409;90;1500;0
@20260609_103407_446_servo_eleron_right.csv@977624735;89;1488;0
@20260609_103407_446_servo_eleron_right.csv@977656631;90;1500;0
@20260609_103407_446_servo_eleron_right.csv@977772681;91;1511;0
@20260609_103407_446_servo_eleron_right.csv@977794305;90;1500;0
@20260609_103407_446_servo_eleron_right.csv@977854410;89;1488;0
@20260609_103407_446_servo_eleron_right.csv@977883822;90;1500;0
@20260609_103407_446_servo_eleron_right.csv@977903874;91;1511;0
@20260609_103407_446_servo_eleron_right.csv@977936385;90;1500;0
@20260609_103407_446_servo_eleron_right.csv@977964874;89;1488;0
@20260609_103407_446_servo_eleron_right.csv@977993269;90;1500;0
@20260609_103407_446_servo_eleron_right.csv@978046133;89;1488;0
@20260609_103407_446_servo_eleron_right.csv@978074276;90;1500;0
@20260609_103407_446_servo_eleron_right.csv@978101273;89;1488;0
@20260609_103407_446_servo_eleron_right.csv@978294700;90;1500;0
@20260609_103407_446_servo_eleron_right.csv@978373248;91;1511;0
@20260609_103407_446_servo_eleron_right.csv@978394929;90;1500;0
@20260609_103407_446_servo_eleron_right.csv@978426593;91;1511;0
@20260609_103407_446_servo_eleron_right.csv@978454788;89;1488;0
@20260609_103407_446_servo_eleron_right.csv@978564643;90;1500;0
@20260609_103407_446_servo_eleron_right.csv@978613783;89;1488;0
@20260609_103407_446_servo_eleron_right.csv@978646001;91;1511;0
@20260609_103407_446_servo_eleron_right.csv@978674569;90;1500;0
@20260609_103407_446_servo_eleron_right.csv@978724963;89;1488;0
@20260609_103407_446_servo_eleron_right.csv@978756261;90;1500;0
@20260609_103407_446_servo_eleron_right.csv@978784992;89;1488;0
@20260609_103407_446_servo_eleron_right.csv@978834881;90;1500;0
@20260609_103407_446_servo_eleron_right.csv@978921804;89;1488;0
@20260609_103407_446_servo_eleron_right.csv@978975850;90;1500;0
@20260609_103407_446_servo_eleron_right.csv@979031760;91;1511;0
@20260609_103407_446_servo_eleron_right.csv@979054982;90;1500;0
@20260609_103407_446_servo_eleron_right.csv@979086566;89;1488;0
@20260609_103407_446_servo_eleron_right.csv@979116907;90;1500;0
@20260609_103407_446_servo_eleron_right.csv@979165108;89;1488;0
@20260609_103407_446_servo_eleron_right.csv@979196320;90;1500;0
@20260609_103407_446_servo_eleron_right.csv@979227213;89;1488;0
@20260609_103407_446_servo_eleron_right.csv@979251757;91;1511;0
@20260609_103407_446_servo_eleron_right.csv@979397722;89;1488;0
@20260609_103407_446_servo_eleron_right.csv@979503001;89;1488;0
@20260609_103407_446_servo_eleron_right.csv@979523737;90;1500;0
@20260609_103407_446_servo_eleron_right.csv@979555795;89;1488;0
@20260609_103407_446_servo_eleron_right.csv@979585997;90;1500;0
@20260609_103407_446_servo_eleron_right.csv@979644720;89;1488;0
@20260609_103407_446_servo_eleron_right.csv@979675886;90;1500;0
@20260609_103407_446_servo_eleron_right.csv@979701381;89;1488;0
@20260609_103407_446_servo_eleron_right.csv@979726287;90;1500;0
@20260609_103407_446_servo_eleron_right.csv@979754686;89;1488;0
@20260609_103407_446_servo_eleron_right.csv@979811273;90;1500;0
@20260609_103407_446_servo_eleron_right.csv@979896241;91;1511;0
@20260609_103407_446_servo_eleron_right.csv@979924621;89;1488;0
@20260609_103407_446_servo_eleron_right.csv@979956527;90;1500;0
@20260609_103407_446_servo_eleron_right.csv@980018536;89;1488;0
@20260609_103407_446_servo_eleron_right.csv@980045085;90;1500;0
@20260609_103407_446_servo_eleron_right.csv@980104920;89;1488;0
@20260609_103407_446_servo_eleron_right.csv@980134114;90;1500;0
@20260609_103407_446_servo_eleron_right.csv@980186450;90;1500;0
@20260609_103407_446_servo_eleron_right.csv@980263454;89;1488;0
@20260609_103407_446_servo_eleron_right.csv@980314355;90;1500;0
@20260609_103407_446_servo_eleron_right.csv@980535007;91;1511;0
@20260609_103407_446_servo_eleron_right.csv@980566615;90;1500;0
@20260609_103407_446_servo_eleron_right.csv@980594848;89;1488;0
@20260609_103407_446_servo_eleron_right.csv@980622648;90;1500;0
@20260609_103407_446_servo_eleron_right.csv@980644648;89;1488;0
@20260609_103407_446_servo_eleron_right.csv@980671337;90;1500;0
@20260609_103407_446_servo_eleron_right.csv@980853227;89;1488;0
@20260609_103407_446_servo_eleron_right.csv@980886355;90;1500;0
@20260609_103407_446_servo_eleron_right.csv@980963940;91;1511;0
@20260609_103407_446_servo_eleron_right.csv@980996033;89;1488;0
@20260609_103407_446_servo_eleron_right.csv@981024597;90;1500;0
@20260609_103407_446_servo_eleron_right.csv@981124774;91;1511;0
@20260609_103407_446_servo_eleron_right.csv@981155498;90;1500;0
@20260609_103407_446_servo_eleron_right.csv@981284997;89;1488;0
@20260609_103407_446_servo_eleron_right.csv@981316478;90;1500;0
@20260609_103407_446_servo_eleron_right.csv@981426143;89;1488;0
@20260609_103407_446_servo_eleron_right.csv@981482060;90;1500;0
@20260609_103407_446_servo_eleron_right.csv@981625309;89;1488;0
@20260609_103407_446_servo_eleron_right.csv@981661574;90;1500;0
@20260609_103407_446_servo_eleron_right.csv@981685318;89;1488;0
@20260609_103407_446_servo_eleron_right.csv@981713634;90;1500;0
@20260609_103407_446_servo_eleron_right.csv@981873298;91;1511;0
@20260609_103407_446_servo_eleron_right.csv@981901437;90;1500;0
@20260609_103407_446_servo_eleron_right.csv@982035170;89;1488;0
@20260609_103407_446_servo_eleron_right.csv@982065180;90;1500;0
@20260609_103407_446_servo_eleron_right.csv@982144980;89;1488;0
@20260609_103407_446_servo_eleron_right.csv@982174929;90;1500;0
@20260609_103407_446_servo_eleron_right.csv@982226450;89;1488;0
@20260609_103407_446_servo_eleron_right.csv@982254920;90;1500;0
@20260609_103407_446_servo_eleron_right.csv@982337418;89;1488;0
@20260609_103407_446_servo_eleron_right.csv@982364688;90;1500;0
@20260609_103407_446_servo_eleron_right.csv@982391995;91;1511;0
@20260609_103407_446_servo_eleron_right.csv@982414943;89;1488;0
@20260609_103407_446_servo_eleron_right.csv@982447403;91;1511;0
@20260609_103407_446_servo_eleron_right.csv@982476687;90;1500;0
@20260609_103407_446_servo_eleron_right.csv@982501760;89;1488;0
@20260609_103407_446_servo_eleron_right.csv@982525294;90;1500;0
@20260609_103407_446_servo_eleron_right.csv@982556607;89;1488;0
@20260609_103407_446_servo_eleron_right.csv@982586553;90;1500;0
@20260609_103407_446_servo_eleron_right.csv@982774773;91;1511;0
@20260609_103407_446_servo_eleron_right.csv@982806843;89;1488;0
@20260609_103407_446_servo_eleron_right.csv@982834754;90;1500;0
@20260609_103407_446_servo_eleron_right.csv@982884645;89;1488;0
@20260609_103407_446_servo_eleron_right.csv@982946139;90;1500;0
@20260609_103407_446_servo_eleron_right.csv@982993250;89;1488;0
@20260609_103407_446_servo_eleron_right.csv@983105087;90;1500;0
@20260609_103407_446_servo_eleron_right.csv@983136344;89;1488;0
@20260609_103407_446_servo_eleron_right.csv@983165471;90;1500;0
@20260609_103407_446_servo_eleron_right.csv@983192074;89;1488;0
@20260609_103407_446_servo_eleron_right.csv@983246792;90;1500;0
@20260609_103407_446_servo_eleron_right.csv@983367220;89;1488;0
@20260609_103407_446_servo_eleron_right.csv@983391644;90;1500;0
@20260609_103407_446_servo_eleron_right.csv@983586752;89;1488;0
@20260609_103407_446_servo_eleron_right.csv@983614398;90;1500;0
@20260609_103407_446_servo_eleron_right.csv@983647030;89;1488;0
@20260609_103407_446_servo_eleron_right.csv@983674832;90;1500;0
@20260609_103407_446_servo_eleron_right.csv@983708814;89;1488;0
@20260609_103407_446_servo_eleron_right.csv@983734564;91;1511;0
@20260609_103407_446_servo_eleron_right.csv@983878823;89;1488;0
@20260609_103407_446_servo_eleron_right.csv@983926811;89;1488;0
@20260609_103407_446_servo_eleron_right.csv@984036261;90;1500;0
@20260609_103407_446_servo_eleron_right.csv@984065615;89;1488;0
@20260609_103407_446_servo_eleron_right.csv@984095195;90;1500;0
@20260609_103407_446_servo_eleron_right.csv@984205081;89;1488;0
@20260609_103407_446_servo_eleron_right.csv@984311888;90;1500;0
@20260609_103407_446_servo_eleron_right.csv@984366687;91;1511;0
@20260609_103407_446_servo_eleron_right.csv@984395059;89;1488;0
@20260609_103407_446_servo_eleron_right.csv@984422025;90;1500;0
@20260609_103407_446_servo_eleron_right.csv@984506975;91;1511;0
@20260609_103407_446_servo_eleron_right.csv@984533591;90;1500;0
@20260609_103407_446_servo_eleron_right.csv@984616150;89;1488;0
@20260609_103407_446_servo_eleron_right.csv@984642622;91;1511;0
@20260609_103407_446_servo_eleron_right.csv@984663369;89;1488;0
@20260609_103407_446_servo_eleron_right.csv@984696417;90;1500;0
@20260609_103407_446_servo_eleron_right.csv@984726948;89;1488;0
@20260609_103407_446_servo_eleron_right.csv@984752324;91;1511;0
@20260609_103407_446_servo_eleron_right.csv@984774625;90;1500;0
@20260609_103407_446_servo_eleron_right.csv@985233283;89;1488;0
@20260609_103407_446_servo_eleron_right.csv@985315233;90;1500;0
@20260609_103407_446_servo_yaw.csv@uptime;angle;pulse_us;done
@20260609_103407_446_servo_yaw.csv@926812222;90;1500;0
@20260609_103407_446_servo_yaw.csv@937154051;104;1655;0
@20260609_103407_446_servo_yaw.csv@938301119;102;1633;0
@20260609_103407_446_servo_yaw.csv@938491127;101;1622;0
@20260609_103407_446_servo_yaw.csv@938521663;102;1633;0
@20260609_103407_446_servo_yaw.csv@938594591;101;1622;0
@20260609_103407_446_servo_yaw.csv@938654339;99;1600;0
@20260609_103407_446_servo_yaw.csv@938814488;100;1611;0
@20260609_103407_446_servo_yaw.csv@938847379;99;1600;0
@20260609_103407_446_servo_yaw.csv@938924761;97;1577;0
@20260609_103407_446_servo_yaw.csv@939034530;98;1588;0
@20260609_103407_446_servo_yaw.csv@939144672;97;1577;0
@20260609_103407_446_servo_yaw.csv@939314880;95;1555;0
@20260609_103407_446_servo_yaw.csv@939351174;94;1544;0
@20260609_103407_446_servo_yaw.csv@939411180;94;1544;0
@20260609_103407_446_servo_yaw.csv@939571171;92;1522;0
@20260609_103407_446_servo_yaw.csv@939645112;94;1544;0
@20260609_103407_446_servo_yaw.csv@939741192;97;1577;0
@20260609_103407_446_servo_yaw.csv@939771834;100;1611;0
@20260609_103407_446_servo_yaw.csv@939811139;101;1622;0
@20260609_103407_446_servo_yaw.csv@939851202;103;1644;0
@20260609_103407_446_servo_yaw.csv@976017084;135;2000;0
@20260609_103407_446_servo_yaw.csv@976274314;134;1988;0
@20260609_103407_446_servo_yaw.csv@976306126;132;1966;0
@20260609_103407_446_servo_yaw.csv@976335581;135;2000;0
@20260609_103407_446_servo_yaw.csv@976421176;134;1988;0
@20260609_103407_446_servo_yaw.csv@976445652;135;2000;0
@20260609_103407_446_servo_yaw.csv@976681136;134;1988;0
@20260609_103407_446_servo_yaw.csv@976976721;134;1988;0
@20260609_103407_446_servo_yaw.csv@977011145;128;1922;0
@20260609_103407_446_servo_yaw.csv@977155118;127;1911;0
@20260609_103407_446_servo_yaw.csv@977181159;122;1855;0
@20260609_103407_446_servo_yaw.csv@977206183;124;1877;0
@20260609_103407_446_servo_yaw.csv@977242373;127;1911;0
@20260609_103407_446_servo_yaw.csv@977262585;130;1944;0
@20260609_103407_446_servo_yaw.csv@977283400;135;2000;0
@20260609_103407_446_servo_yaw.csv@977345984;134;1988;0
@20260609_103407_446_servo_yaw.csv@977376247;131;1955;0
@20260609_103407_446_servo_yaw.csv@977404565;127;1911;0
@20260609_103407_446_servo_yaw.csv@977435955;127;1911;0
@20260609_103407_446_servo_yaw.csv@977486167;130;1944;0
@20260609_103407_446_servo_yaw.csv@977514465;133;1977;0
@20260609_103407_446_servo_yaw.csv@977546185;134;1988;0
@20260609_103407_446_servo_yaw.csv@977571236;130;1944;0
@20260609_103407_446_servo_yaw.csv@977596050;131;1955;0
@20260609_103407_446_servo_yaw.csv@977873979;134;1988;0
@20260609_103407_446_servo_yaw.csv@977903421;134;1988;0
@20260609_103407_446_servo_yaw.csv@977936037;133;1977;0
@20260609_103407_446_servo_yaw.csv@978013236;134;1988;0
@20260609_103407_446_servo_yaw.csv@978052995;135;2000;0
@20260609_103407_446_servo_yaw.csv@978260718;134;1988;0
@20260609_103407_446_servo_yaw.csv@978281465;130;1944;0
@20260609_103407_446_servo_yaw.csv@978311204;135;2000;0
@20260609_103407_446_servo_yaw.csv@978351178;133;1977;0
@20260609_103407_446_servo_yaw.csv@978372877;130;1944;0
@20260609_103407_446_servo_yaw.csv@978394594;128;1922;0
@20260609_103407_446_servo_yaw.csv@978426244;130;1944;0
@20260609_103407_446_servo_yaw.csv@978454451;133;1977;0
@20260609_103407_446_servo_yaw.csv@978484228;130;1944;0
@20260609_103407_446_servo_yaw.csv@978511274;134;1988;0
@20260609_103407_446_servo_yaw.csv@978681141;134;1988;0
@20260609_103407_446_servo_yaw.csv@978701290;135;2000;0
@20260609_103407_446_servo_yaw.csv@978755919;134;1988;0
@20260609_103407_446_servo_yaw.csv@978784646;128;1922;0
@20260609_103407_446_servo_yaw.csv@978811353;125;1888;0
@20260609_103407_446_servo_yaw.csv@978834549;124;1877;0
@20260609_103407_446_servo_yaw.csv@978866398;125;1888;0
@20260609_103407_446_servo_yaw.csv@978921408;127;1911;0
@20260609_103407_446_servo_yaw.csv@978944856;127;1911;0
@20260609_103407_446_servo_yaw.csv@979031374;133;1977;0
@20260609_103407_446_servo_yaw.csv@979054640;131;1955;0
@20260609_103407_446_servo_yaw.csv@979086224;128;1922;0
@20260609_103407_446_servo_yaw.csv@979116507;130;1944;0
@20260609_103407_446_servo_yaw.csv@979164770;127;1911;0
@20260609_103407_446_servo_yaw.csv@979195943;133;1977;0
@20260609_103407_446_servo_yaw.csv@979226810;135;2000;0
@20260609_103407_446_servo_yaw.csv@979251375;134;1988;0
@20260609_103407_446_servo_yaw.csv@979381159;131;1955;0
@20260609_103407_446_servo_yaw.csv@979414719;124;1877;0
@20260609_103407_446_servo_yaw.csv@979446288;124;1877;0
@20260609_103407_446_servo_yaw.csv@979492799;125;1888;0
@20260609_103407_446_servo_yaw.csv@979523309;133;1977;0
@20260609_103407_446_servo_yaw.csv@979733016;134;1988;0
@20260609_103407_446_servo_yaw.csv@979754352;134;1988;0
@20260609_103407_446_servo_yaw.csv@979791171;133;1977;0
@20260609_103407_446_servo_yaw.csv@979864700;131;1955;0
@20260609_103407_446_servo_yaw.csv@979895878;133;1977;0
@20260609_103407_446_servo_yaw.csv@979956160;131;1955;0
@20260609_103407_446_servo_yaw.csv@979984749;131;1955;0
@20260609_103407_446_servo_yaw.csv@980044744;125;1888;0
@20260609_103407_446_servo_yaw.csv@980076126;119;1822;0
@20260609_103407_446_servo_yaw.csv@980104585;119;1822;0
@20260609_103407_446_servo_yaw.csv@980133734;127;1911;0
@20260609_103407_446_servo_yaw.csv@980161281;125;1888;0
@20260609_103407_446_servo_yaw.csv@980186102;122;1855;0
@20260609_103407_446_servo_yaw.csv@980214530;121;1844;0
@20260609_103407_446_servo_yaw.csv@980281232;127;1911;0
@20260609_103407_446_servo_yaw.csv@980301423;122;1855;0
@20260609_103407_446_servo_yaw.csv@980364759;121;1844;0
@20260609_103407_446_servo_yaw.csv@980501641;118;1811;0
@20260609_103407_446_servo_yaw.csv@980534636;119;1822;0
@20260609_103407_446_servo_yaw.csv@980566241;121;1844;0
@20260609_103407_446_servo_yaw.csv@980594509;127;1911;0
@20260609_103407_446_servo_yaw.csv@980622252;128;1922;0
@20260609_103407_446_servo_yaw.csv@980661239;124;1877;0
@20260609_103407_446_servo_yaw.csv@980694402;124;1877;0
@20260609_103407_446_servo_yaw.csv@980725211;122;1855;0
@20260609_103407_446_servo_yaw.csv@980751248;127;1911;0
@20260609_103407_446_servo_yaw.csv@980781160;130;1944;0
@20260609_103407_446_servo_yaw.csv@980804605;128;1922;0
@20260609_103407_446_servo_yaw.csv@980835001;122;1855;0
@20260609_103407_446_servo_yaw.csv@980861298;124;1877;0
@20260609_103407_446_servo_yaw.csv@980885994;127;1911;0
@20260609_103407_446_servo_yaw.csv@980914679;130;1944;0
@20260609_103407_446_servo_yaw.csv@980963458;124;1877;0
@20260609_103407_446_servo_yaw.csv@980995704;121;1844;0
@20260609_103407_446_servo_yaw.csv@981061261;125;1888;0
@20260609_103407_446_servo_yaw.csv@981091203;121;1844;0
@20260609_103407_446_servo_yaw.csv@981111225;122;1855;0
@20260609_103407_446_servo_yaw.csv@981155142;121;1844;0
@20260609_103407_446_servo_yaw.csv@981181291;121;1844;0
@20260609_103407_446_servo_yaw.csv@981205856;119;1822;0
@20260609_103407_446_servo_yaw.csv@981234404;118;1811;0
@20260609_103407_446_servo_yaw.csv@981261926;122;1855;0
@20260609_103407_446_servo_yaw.csv@981284637;124;1877;0
@20260609_103407_446_servo_yaw.csv@981316096;128;1922;0
@20260609_103407_446_servo_yaw.csv@981344699;125;1888;0
@20260609_103407_446_servo_yaw.csv@981371632;119;1822;0
@20260609_103407_446_servo_yaw.csv@981394338;115;1777;0
@20260609_103407_446_servo_yaw.csv@981461210;112;1744;0
@20260609_103407_446_servo_yaw.csv@981481682;115;1777;0
@20260609_103407_446_servo_yaw.csv@981640571;118;1811;0
@20260609_103407_446_servo_yaw.csv@981661179;119;1822;0
@20260609_103407_446_servo_yaw.csv@981684944;121;1844;0
@20260609_103407_446_servo_yaw.csv@981713190;124;1877;0
@20260609_103407_446_servo_yaw.csv@981743799;124;1877;0
@20260609_103407_446_servo_yaw.csv@981771284;122;1855;0
@20260609_103407_446_servo_yaw.csv@981795772;118;1811;0
@20260609_103407_446_servo_yaw.csv@981824872;118;1811;0
@20260609_103407_446_servo_yaw.csv@981854090;124;1877;0
@20260609_103407_446_servo_yaw.csv@981891200;128;1922;0
@20260609_103407_446_servo_yaw.csv@981911208;131;1955;0
@20260609_103407_446_servo_yaw.csv@981941710;122;1855;0
@20260609_103407_446_servo_yaw.csv@981981153;121;1844;0
@20260609_103407_446_servo_yaw.csv@982006089;122;1855;0
@20260609_103407_446_servo_yaw.csv@982034787;127;1911;0
@20260609_103407_446_servo_yaw.csv@982064816;128;1922;0
@20260609_103407_446_servo_yaw.csv@982091241;125;1888;0
@20260609_103407_446_servo_yaw.csv@982144627;119;1822;0
@20260609_103407_446_servo_yaw.csv@982174560;116;1788;0
@20260609_103407_446_servo_yaw.csv@982226108;119;1822;0
@20260609_103407_446_servo_yaw.csv@982254583;118;1811;0
@20260609_103407_446_servo_yaw.csv@982281796;119;1822;0
@20260609_103407_446_servo_yaw.csv@982311131;119;1822;0
@20260609_103407_446_servo_yaw.csv@982337078;121;1844;0
@20260609_103407_446_servo_yaw.csv@982391592;124;1877;0
@20260609_103407_446_servo_yaw.csv@982414598;122;1855;0
@20260609_103407_446_servo_yaw.csv@982447024;119;1822;0
@20260609_103407_446_servo_yaw.csv@982476307;115;1777;0
@20260609_103407_446_servo_yaw.csv@982501347;113;1755;0
@20260609_103407_446_servo_yaw.csv@982524944;113;1755;0
@20260609_103407_446_servo_yaw.csv@982556236;118;1811;0
@20260609_103407_446_servo_yaw.csv@982591119;121;1844;0
@20260609_103407_446_servo_yaw.csv@982611347;122;1855;0
@20260609_103407_446_servo_yaw.csv@982742071;125;1888;0
@20260609_103407_446_servo_yaw.csv@982781114;127;1911;0
@20260609_103407_446_servo_yaw.csv@982806468;124;1877;0
@20260609_103407_446_servo_yaw.csv@982834405;119;1822;0
@20260609_103407_446_servo_yaw.csv@982871119;124;1877;0
@20260609_103407_446_servo_yaw.csv@982891195;122;1855;0
@20260609_103407_446_servo_yaw.csv@982945773;125;1888;0
@20260609_103407_446_servo_yaw.csv@983011173;127;1911;0
@20260609_103407_446_servo_yaw.csv@983031444;128;1922;0
@20260609_103407_446_servo_yaw.csv@983052071;124;1877;0
@20260609_103407_446_servo_yaw.csv@983077815;119;1822;0
@20260609_103407_446_servo_yaw.csv@983104722;116;1788;0
@20260609_103407_446_servo_yaw.csv@983135990;121;1844;0
@20260609_103407_446_servo_yaw.csv@983181232;124;1877;0
@20260609_103407_446_servo_yaw.csv@983214263;124;1877;0
@20260609_103407_446_servo_yaw.csv@983246434;124;1877;0
@20260609_103407_446_servo_yaw.csv@983274971;121;1844;0
@20260609_103407_446_servo_yaw.csv@983306761;124;1877;0
@20260609_103407_446_servo_yaw.csv@983366827;118;1811;0
@20260609_103407_446_servo_yaw.csv@983391287;116;1788;0
@20260609_103407_446_servo_yaw.csv@983416167;118;1811;0
@20260609_103407_446_servo_yaw.csv@983451109;112;1744;0
@20260609_103407_446_servo_yaw.csv@983493558;109;1711;0
@20260609_103407_446_servo_yaw.csv@983561092;113;1755;0
@20260609_103407_446_servo_yaw.csv@983595454;113;1755;0
@20260609_103407_446_servo_yaw.csv@983621094;110;1722;0
@20260609_103407_446_servo_yaw.csv@983646660;109;1711;0
@20260609_103407_446_servo_yaw.csv@983674479;110;1722;0
@20260609_103407_446_servo_yaw.csv@983708460;109;1711;0
@20260609_103407_446_servo_yaw.csv@983878407;112;1744;0
@20260609_103407_446_servo_yaw.csv@983901095;112;1744;0
@20260609_103407_446_servo_yaw.csv@983926442;109;1711;0
@20260609_103407_446_servo_yaw.csv@983954422;112;1744;0
@20260609_103407_446_servo_yaw.csv@984003520;118;1811;0
@20260609_103407_446_servo_yaw.csv@984035915;116;1788;0
@20260609_103407_446_servo_yaw.csv@984065220;119;1822;0
@20260609_103407_446_servo_yaw.csv@984094799;119;1822;0
@20260609_103407_446_servo_yaw.csv@984121205;122;1855;0
@20260609_103407_446_servo_yaw.csv@984146121;122;1855;0
@20260609_103407_446_servo_yaw.csv@984174730;116;1788;0
@20260609_103407_446_servo_yaw.csv@984204697;110;1722;0
@20260609_103407_446_servo_yaw.csv@984231231;113;1755;0
@20260609_103407_446_servo_yaw.csv@984255966;113;1755;0
@20260609_103407_446_servo_yaw.csv@984285162;112;1744;0
@20260609_103407_446_servo_yaw.csv@984341106;116;1788;0
@20260609_103407_446_servo_yaw.csv@984366317;118;1811;0
@20260609_103407_446_servo_yaw.csv@984394688;121;1844;0
@20260609_103407_446_servo_yaw.csv@984421630;119;1822;0
@20260609_103407_446_servo_yaw.csv@984444710;116;1788;0
@20260609_103407_446_servo_yaw.csv@984476384;115;1777;0
@20260609_103407_446_servo_yaw.csv@984506568;121;1844;0
@20260609_103407_446_servo_yaw.csv@984533197;122;1855;0
@20260609_103407_446_servo_yaw.csv@984553279;118;1811;0
@20260609_103407_446_servo_yaw.csv@984586117;112;1744;0
@20260609_103407_446_servo_yaw.csv@984631898;107;1688;0
@20260609_103407_446_servo_yaw.csv@984671113;110;1722;0
@20260609_103407_446_servo_yaw.csv@984696074;109;1711;0
@20260609_103407_446_servo_yaw.csv@984726591;109;1711;0
@20260609_103407_446_servo_yaw.csv@984751915;110;1722;0
@20260609_103407_446_servo_yaw.csv@984774280;107;1688;0
@20260609_103407_446_servo_yaw.csv@984811154;104;1655;0
@20260609_103407_446_servo_yaw.csv@984851930;103;1644;0
@20260609_103407_446_servo_yaw.csv@984988112;107;1688;0
@20260609_103407_446_servo_yaw.csv@985011328;110;1722;0
@20260609_103407_446_servo_yaw.csv@985055963;109;1711;0
@20260609_103407_446_servo_yaw.csv@985084585;110;1722;0
@20260609_103407_446_servo_yaw.csv@985117981;116;1788;0
@20260609_103407_446_servo_yaw.csv@985151133;116;1788;0
@20260609_103407_446_servo_yaw.csv@985205479;115;1777;0
@20260609_103407_446_servo_yaw.csv@985232897;110;1722;0
@20260609_103407_446_servo_yaw.csv@985253196;109;1711;0
@20260609_103407_446_servo_yaw.csv@985286226;109;1711;0
@20260609_103407_446_servo_yaw.csv@985314895;112;1744;0
@20260609_103407_446_servo_yaw.csv@985342809;118;1811;0
@20260609_103407_446_servo_yaw.csv@985371266;121;1844;0
@20260609_103407_446_servo_yaw.csv@985396546;118;1811;0
@20260609_103407_446_servo_yaw.csv@985554996;90;1500;0
